{
  "tissue": "plasma",
  "timepoint": "C",
  "outcomes": [
    "HDP",
    "FGR",
    "sPTB"
  ],
  "n_train": 88,
  "n_val": 19,
  "n_test": 19,
  "n_features_pretlasso": 1887,
  "n_features_postlasso": 1,
  "best_model_val": "RandomForest",
  "best_val_macro_pr_auc": 0.4977420402858999,
  "test_metrics": {
    "LogisticRegression": {
      "HDP": {
        "pr_auc": 0.2515873015873016,
        "roc_auc": 0.41428571428571426,
        "accuracy": 0.6842105263157895,
        "precision": 0.0,
        "recall": 0.0,
        "f1": 0.0
      },
      "FGR": {
        "pr_auc": 0.2582875457875458,
        "roc_auc": 0.5166666666666667,
        "accuracy": 0.2631578947368421,
        "precision": 0.2222222222222222,
        "recall": 1.0,
        "f1": 0.36363636363636365
      },
      "sPTB": {
        "pr_auc": 0.5833333333333333,
        "roc_auc": 0.9411764705882353,
        "accuracy": 0.2631578947368421,
        "precision": 0.125,
        "recall": 1.0,
        "f1": 0.2222222222222222
      }
    },
    "RandomForest": {
      "HDP": {
        "pr_auc": 0.34930402930402926,
        "roc_auc": 0.6285714285714287,
        "accuracy": 0.5789473684210527,
        "precision": 0.0,
        "recall": 0.0,
        "f1": 0.0
      },
      "FGR": {
        "pr_auc": 0.6435897435897435,
        "roc_auc": 0.8,
        "accuracy": 0.7894736842105263,
        "precision": 0.5,
        "recall": 0.25,
        "f1": 0.3333333333333333
      },
      "sPTB": {
        "pr_auc": 0.3333333333333333,
        "roc_auc": 0.8235294117647058,
        "accuracy": 0.7894736842105263,
        "precision": 0.0,
        "recall": 0.0,
        "f1": 0.0
      }
    },
    "XGBoost": {
      "HDP": {
        "pr_auc": 0.3841558441558442,
        "roc_auc": 0.6285714285714286,
        "accuracy": 0.6842105263157895,
        "precision": 0.3333333333333333,
        "recall": 0.2,
        "f1": 0.25
      },
      "FGR": {
        "pr_auc": 0.46825396825396826,
        "roc_auc": 0.8166666666666667,
        "accuracy": 0.7368421052631579,
        "precision": 0.3333333333333333,
        "recall": 0.25,
        "f1": 0.2857142857142857
      },
      "sPTB": {
        "pr_auc": 0.41666666666666663,
        "roc_auc": 0.8676470588235293,
        "accuracy": 0.8947368421052632,
        "precision": 0.5,
        "recall": 0.5,
        "f1": 0.5
      }
    },
    "SVM": {
      "HDP": {
        "pr_auc": 0.24374416433239962,
        "roc_auc": 0.38571428571428573,
        "accuracy": 0.47368421052631576,
        "precision": 0.3076923076923077,
        "recall": 0.8,
        "f1": 0.4444444444444444
      },
      "FGR": {
        "pr_auc": 0.25892857142857145,
        "roc_auc": 0.55,
        "accuracy": 0.47368421052631576,
        "precision": 0.25,
        "recall": 0.75,
        "f1": 0.375
      },
      "sPTB": {
        "pr_auc": 0.1388888888888889,
        "roc_auc": 0.47058823529411764,
        "accuracy": 0.5263157894736842,
        "precision": 0.1111111111111111,
        "recall": 0.5,
        "f1": 0.18181818181818182
      }
    }
  }
}