{
  "model_params": {
    "LogisticRegression": {
      "C": 0.0745934328572655
    },
    "RandomForest": {
      "n_estimators": 268,
      "max_depth": 5,
      "min_samples_split": 3,
      "min_samples_leaf": 1,
      "max_features": "sqrt"
    },
    "XGBoost": {
      "n_estimators": 340,
      "max_depth": 8,
      "learning_rate": 0.06387825544789746,
      "subsample": 0.7733134912607588,
      "colsample_bytree": 0.707257409893864,
      "min_child_weight": 1,
      "gamma": 0.22210387362137957,
      "reg_alpha": 1.1035673481828967e-05,
      "reg_lambda": 0.5420266151699564
    },
    "SVM": {
      "C": 96.15566258401088,
      "gamma": "auto"
    }
  },
  "val_macro_pr_auc": {
    "LogisticRegression": 0.26518973038580884,
    "RandomForest": 0.4977420402858999,
    "XGBoost": 0.487232887129688,
    "SVM": 0.32794950338809986
  }
}