{
  "tissue": "pss",
  "timepoint": "D",
  "data_path": "/Users/kaysonyao/miniconda3/envs/PiekosLab/kaysonyao/data/cleaned/survey/model_ready/pss/normalized_sliced_by_suffix/pss_plasma_formatted_suffix_D.csv",
  "outcome": "Complication",
  "complications_pooled": [
    "HDP",
    "FGR",
    "sPTB"
  ],
  "n_train": 179,
  "n_val": 38,
  "n_test": 39,
  "class_dist_train": {
    "control": 140,
    "complication": 39
  },
  "class_dist_val": {
    "control": 30,
    "complication": 8
  },
  "class_dist_test": {
    "control": 30,
    "complication": 9
  },
  "n_features_pretlasso": 11,
  "n_features_postlasso": 11,
  "best_model_val": "LogisticRegression",
  "best_val_pr_auc": 0.49752073906485667,
  "test_metrics": {
    "LogisticRegression": {
      "pr_auc": 0.38628719806993417,
      "roc_auc": 0.5481481481481482,
      "accuracy": 0.5897435897435898,
      "precision": 0.23076923076923078,
      "recall": 0.3333333333333333,
      "f1": 0.2727272727272727
    },
    "RandomForest": {
      "pr_auc": 0.2368421896492072,
      "roc_auc": 0.4888888888888889,
      "accuracy": 0.6410256410256411,
      "precision": 0.2222222222222222,
      "recall": 0.2222222222222222,
      "f1": 0.2222222222222222
    },
    "XGBoost": {
      "pr_auc": 0.2554133255887642,
      "roc_auc": 0.5111111111111111,
      "accuracy": 0.5641025641025641,
      "precision": 0.1,
      "recall": 0.1111111111111111,
      "f1": 0.10526315789473684
    },
    "SVM": {
      "pr_auc": 0.2937724326247718,
      "roc_auc": 0.43333333333333335,
      "accuracy": 0.5641025641025641,
      "precision": 0.21428571428571427,
      "recall": 0.3333333333333333,
      "f1": 0.2608695652173913
    }
  }
}