{
  "model_params": {
    "LogisticRegression": {
      "C": 56.69849511478853
    },
    "RandomForest": {
      "n_estimators": 345,
      "max_depth": 30,
      "min_samples_split": 5,
      "min_samples_leaf": 6,
      "max_features": "sqrt"
    },
    "XGBoost": {
      "n_estimators": 52,
      "max_depth": 7,
      "learning_rate": 0.0808698743602125,
      "subsample": 0.8645035840204937,
      "colsample_bytree": 0.8856351733429728,
      "min_child_weight": 1,
      "gamma": 1.7923286427213632,
      "reg_alpha": 3.79616689580081e-05,
      "reg_lambda": 0.20678409397839484
    },
    "SVM": {
      "C": 0.3148911647956863,
      "gamma": "scale"
    }
  },
  "val_pr_auc": {
    "LogisticRegression": 0.49752073906485667,
    "RandomForest": 0.44891552104427523,
    "XGBoost": 0.4038794012228547,
    "SVM": 0.4479967948717949
  }
}