{
  "tissue": "plasma",
  "timepoint": "D",
  "data_path": "/Users/kaysonyao/miniconda3/envs/PiekosLab/kaysonyao/data/cleaned/sop_omics_pipeline_v2/MTBL_plasma/MTBL_plasma_suffix_D.csv",
  "outcome": "Complication",
  "complications_pooled": [
    "HDP",
    "FGR",
    "sPTB"
  ],
  "n_train": 76,
  "n_val": 16,
  "n_test": 17,
  "class_dist_train": {
    "control": 39,
    "complication": 37
  },
  "class_dist_val": {
    "control": 8,
    "complication": 8
  },
  "class_dist_test": {
    "control": 9,
    "complication": 8
  },
  "n_features_pretlasso": 98,
  "n_features_postlasso": 20,
  "best_model_val": "LogisticRegression",
  "best_val_pr_auc": 0.975,
  "test_metrics": {
    "LogisticRegression": {
      "pr_auc": 0.8943452380952381,
      "pr_auc_ci_low": 0.6785119047619048,
      "pr_auc_ci_high": 1.0,
      "roc_auc": 0.8472222222222222,
      "roc_auc_ci_low": 0.5997727272727275,
      "roc_auc_ci_high": 1.0,
      "accuracy": 0.7647058823529411,
      "precision": 0.75,
      "recall": 0.75,
      "f1": 0.75,
      "n_test": 17
    },
    "RandomForest": {
      "pr_auc": 0.9583333333333333,
      "pr_auc_ci_low": 0.8331250000000001,
      "pr_auc_ci_high": 1.0,
      "roc_auc": 0.9444444444444444,
      "roc_auc_ci_low": 0.7878246753246754,
      "roc_auc_ci_high": 1.0,
      "accuracy": 0.8823529411764706,
      "precision": 0.875,
      "recall": 0.875,
      "f1": 0.875,
      "n_test": 17
    },
    "XGBoost": {
      "pr_auc": 0.9583333333333333,
      "pr_auc_ci_low": 0.8331250000000001,
      "pr_auc_ci_high": 1.0,
      "roc_auc": 0.9444444444444444,
      "roc_auc_ci_low": 0.7878246753246754,
      "roc_auc_ci_high": 1.0,
      "accuracy": 0.8823529411764706,
      "precision": 0.875,
      "recall": 0.875,
      "f1": 0.875,
      "n_test": 17
    },
    "SVM": {
      "pr_auc": 0.975,
      "pr_auc_ci_low": 0.8888095238095238,
      "pr_auc_ci_high": 1.0,
      "roc_auc": 0.9722222222222222,
      "roc_auc_ci_low": 0.871309523809524,
      "roc_auc_ci_high": 1.0,
      "accuracy": 0.9411764705882353,
      "precision": 1.0,
      "recall": 0.875,
      "f1": 0.9333333333333333,
      "n_test": 17
    }
  }
}