{
  "tissue": "plasma",
  "timepoint": "D",
  "data_path": "/Users/kaysonyao/miniconda3/envs/PiekosLab/kaysonyao/data/cleaned/sop_omics_pipeline_v2/MTBL_plasma/MTBL_plasma_suffix_D.csv",
  "outcome": "Complication",
  "complications_pooled": [
    "HDP",
    "FGR",
    "sPTB"
  ],
  "n_train": 76,
  "n_val": 16,
  "n_test": 17,
  "class_dist_train": {
    "control": 39,
    "complication": 37
  },
  "class_dist_val": {
    "control": 8,
    "complication": 8
  },
  "class_dist_test": {
    "control": 9,
    "complication": 8
  },
  "n_features_pretlasso": 49,
  "n_features_postlasso": 48,
  "best_model_val": "LogisticRegression",
  "best_val_pr_auc": 1.0,
  "test_metrics": {
    "LogisticRegression": {
      "pr_auc": 0.975,
      "pr_auc_ci_low": 0.8855952380952382,
      "pr_auc_ci_high": 1.0,
      "roc_auc": 0.9722222222222222,
      "roc_auc_ci_low": 0.8749107142857143,
      "roc_auc_ci_high": 1.0,
      "accuracy": 0.9411764705882353,
      "precision": 1.0,
      "recall": 0.875,
      "f1": 0.9333333333333333,
      "n_test": 17
    },
    "RandomForest": {
      "pr_auc": 0.9659090909090909,
      "pr_auc_ci_low": 0.8484848484848484,
      "pr_auc_ci_high": 1.0,
      "roc_auc": 0.9583333333333334,
      "roc_auc_ci_low": 0.8332142857142858,
      "roc_auc_ci_high": 1.0,
      "accuracy": 0.8235294117647058,
      "precision": 0.7777777777777778,
      "recall": 0.875,
      "f1": 0.8235294117647058,
      "n_test": 17
    },
    "XGBoost": {
      "pr_auc": 1.0,
      "pr_auc_ci_low": 0.9999999999999998,
      "pr_auc_ci_high": 1.0,
      "roc_auc": 1.0,
      "roc_auc_ci_low": 1.0,
      "roc_auc_ci_high": 1.0,
      "accuracy": 0.8235294117647058,
      "precision": 0.7272727272727273,
      "recall": 1.0,
      "f1": 0.8421052631578947,
      "n_test": 17
    },
    "SVM": {
      "pr_auc": 0.9861111111111112,
      "pr_auc_ci_low": 0.9166666666666666,
      "pr_auc_ci_high": 1.0,
      "roc_auc": 0.986111111111111,
      "roc_auc_ci_low": 0.9166666666666667,
      "roc_auc_ci_high": 1.0,
      "accuracy": 0.8823529411764706,
      "precision": 1.0,
      "recall": 0.75,
      "f1": 0.8571428571428571,
      "n_test": 17
    }
  }
}