{
  "model_params": {
    "LogisticRegression": {
      "C": 4.5705630998014515
    },
    "RandomForest": {
      "n_estimators": 339,
      "max_depth": 14,
      "min_samples_split": 3,
      "min_samples_leaf": 2,
      "max_features": "log2"
    },
    "XGBoost": {
      "n_estimators": 271,
      "max_depth": 2,
      "learning_rate": 0.02120969647043397,
      "subsample": 0.8152507047961105,
      "colsample_bytree": 0.7704286336868944,
      "min_child_weight": 1,
      "gamma": 3.865243379334844,
      "reg_alpha": 0.0003018433671362635,
      "reg_lambda": 0.03330852471525023
    },
    "SVM": {
      "C": 81.65528450509143,
      "gamma": "scale"
    }
  },
  "val_pr_auc": {
    "LogisticRegression": 1.0,
    "RandomForest": 0.9293650793650794,
    "XGBoost": 0.9543650793650793,
    "SVM": 0.9293650793650794
  }
}