{
  "model_params": {
    "LogisticRegression": {
      "C": 78.9721975234191
    },
    "RandomForest": {
      "n_estimators": 447,
      "max_depth": 11,
      "min_samples_split": 5,
      "min_samples_leaf": 1,
      "max_features": "log2"
    },
    "XGBoost": {
      "n_estimators": 85,
      "max_depth": 5,
      "learning_rate": 0.0032259886363397066,
      "subsample": 0.9604810921573339,
      "colsample_bytree": 0.6245261830062784,
      "min_child_weight": 1,
      "gamma": 3.100911829005211,
      "reg_alpha": 6.280096916579788e-05,
      "reg_lambda": 1.663524394636815e-05
    },
    "SVM": {
      "C": 65.21702977644382,
      "gamma": "scale"
    }
  },
  "val_pr_auc": {
    "LogisticRegression": 0.975,
    "RandomForest": 0.9415178571428571,
    "XGBoost": 0.9704861111111112,
    "SVM": 0.8659090909090909
  }
}