{
  "model_params": {
    "LogisticRegression": {
      "C": 0.006026889128682512
    },
    "RandomForest": {
      "n_estimators": 409,
      "max_depth": 10,
      "min_samples_split": 16,
      "min_samples_leaf": 1,
      "max_features": "sqrt"
    },
    "XGBoost": {
      "n_estimators": 52,
      "max_depth": 7,
      "learning_rate": 0.0808698743602125,
      "subsample": 0.8645035840204937,
      "colsample_bytree": 0.8856351733429728,
      "min_child_weight": 1,
      "gamma": 1.7923286427213632,
      "reg_alpha": 3.79616689580081e-05,
      "reg_lambda": 0.20678409397839484
    },
    "SVM": {
      "C": 21.368329072358762,
      "gamma": "scale"
    }
  },
  "val_pr_auc": {
    "LogisticRegression": 0.42542876917876915,
    "RandomForest": 0.5617681096470496,
    "XGBoost": 0.5088723459265162,
    "SVM": 0.46178145452363334
  }
}