analyte_id,delta_comparison,W_statistic,p_value,q_value,significant,median_delta,log2fc,n_pairs,excluded
INSL4,2_minus_1,0.0,1.7763568394002505e-15,2.6327478209216345e-13,False,1.2309745964273557,0.0,50,False
SERPINA6,2_minus_1,0.0,1.7763568394002505e-15,2.6327478209216345e-13,False,0.49557986720772873,0.0,50,False
DDR1,2_minus_1,0.0,1.7763568394002505e-15,2.6327478209216345e-13,False,0.7771543081895033,0.0,50,False
CSH1,2_minus_1,0.0,1.7763568394002505e-15,2.6327478209216345e-13,False,2.8508712694952005,0.0,50,False
PZP,2_minus_1,0.0,1.7763568394002505e-15,2.6327478209216345e-13,True,1.6105159457338327,36.63803850153404,50,False
CSF1R,2_minus_1,0.0,1.7763568394002505e-15,2.6327478209216345e-13,False,0.535818420221595,0.0,50,False
CRLF1,2_minus_1,0.0,1.7763568394002505e-15,2.6327478209216345e-13,True,-1.0788827011276516,-2.9895022296810017,50,False
IGSF3,2_minus_1,0.0,1.7763568394002505e-15,2.6327478209216345e-13,False,1.5526790370958294,0.0,50,False
ERVV-1,2_minus_1,0.0,1.7763568394002505e-15,2.6327478209216345e-13,False,1.652033443277742,0.0,50,False
FBN2,2_minus_1,0.0,1.7763568394002505e-15,2.6327478209216345e-13,False,1.8803470735188053,0.0,50,False
SPINT1,2_minus_1,0.0,1.7763568394002505e-15,2.6327478209216345e-13,False,1.339930593155425,0.0,50,False
SUSD4,2_minus_1,0.0,1.7763568394002505e-15,2.6327478209216345e-13,False,1.0169336208173312,0.0,50,False
PGF,2_minus_1,0.0,1.7763568394002505e-15,2.6327478209216345e-13,False,2.0154866372558278,0.0,50,False
STC2,2_minus_1,0.0,1.7763568394002505e-15,2.6327478209216345e-13,True,-1.041111892115646,-1.821087429058836,50,False
AFP,2_minus_1,0.0,1.7763568394002505e-15,2.6327478209216345e-13,True,1.8835322464387065,33.9877354195382,50,False
ALPP,2_minus_1,0.0,1.7763568394002505e-15,2.6327478209216345e-13,False,2.7622542742234044,0.0,50,False
TFPI2,2_minus_1,0.0,1.7763568394002505e-15,2.6327478209216345e-13,False,0.9076653580010763,0.0,50,False
NECTIN4,2_minus_1,0.0,1.7763568394002505e-15,2.6327478209216345e-13,False,0.7504988250111537,0.0,50,False
DPEP2,2_minus_1,0.0,1.7763568394002505e-15,2.6327478209216345e-13,False,0.5792534572667882,0.0,50,False
ADM,2_minus_1,1.0,3.552713678800501e-15,3.8478621998085425e-13,False,0.5043370885538242,0.0,50,False
RET,2_minus_1,1.0,3.552713678800501e-15,3.8478621998085425e-13,False,0.5337172361107229,0.0,50,False
TREML2,2_minus_1,1.0,3.552713678800501e-15,3.8478621998085425e-13,False,0.828265303334462,0.0,50,False
SEMA7A,2_minus_1,1.0,3.552713678800501e-15,3.8478621998085425e-13,False,0.7883086563077569,0.0,50,False
CGB3_CGB5_CGB8,2_minus_1,1.0,3.552713678800501e-15,3.8478621998085425e-13,True,-2.170769555025558,-40.91665003246957,50,False
KIAA0319,2_minus_1,1.0,3.552713678800501e-15,3.8478621998085425e-13,False,1.0319419582982898,0.0,50,False
ENPP5,2_minus_1,1.0,3.552713678800501e-15,3.8478621998085425e-13,True,-0.31452178758950716,-2.4677326429905517,50,False
DBH,2_minus_1,2.0,5.329070518200751e-15,5.558023177501228e-13,True,-0.4285440780633976,-2.3357577496671005,50,False
CRIM1,2_minus_1,3.0,8.881784197001252e-15,8.337034766251843e-13,False,0.5556548096716045,0.0,50,False
LYPD3,2_minus_1,3.0,8.881784197001252e-15,8.337034766251843e-13,False,0.5607055796127894,0.0,50,False
LIFR,2_minus_1,3.0,8.881784197001252e-15,8.337034766251843e-13,False,0.7540820767046039,0.0,50,False
IGFBP4,2_minus_1,4.0,1.2434497875801753e-14,1.0942358130705543e-12,False,0.6622249100847024,0.0,50,False
SHBG,2_minus_1,4.0,1.2434497875801753e-14,1.0942358130705543e-12,True,0.4149859156422986,35.158097683815754,50,False
PCDH7,2_minus_1,5.0,1.7763568394002505e-14,1.5158245029548805e-12,False,0.582906431706437,0.0,50,False
OBP2B,2_minus_1,7.0,3.375077994860476e-14,2.7154913238648858e-12,False,0.7954136228908599,0.0,50,False
CD274,2_minus_1,7.0,3.375077994860476e-14,2.7154913238648858e-12,False,0.9618899204223755,0.0,50,False
PRTG,2_minus_1,9.0,5.861977570020827e-14,4.3440339045206966e-12,False,0.4640063115814258,0.0,50,False
PRSS8,2_minus_1,9.0,5.861977570020827e-14,4.3440339045206966e-12,False,0.6140173227300836,0.0,50,False
DLK1,2_minus_1,9.0,5.861977570020827e-14,4.3440339045206966e-12,False,0.8099679323331394,0.0,50,False
LAIR2,2_minus_1,10.0,7.638334409421077e-14,5.377387424232439e-12,True,-1.3659641247679226,-3.452254959788144,50,False
IGFBP1,2_minus_1,10.0,7.638334409421077e-14,5.377387424232439e-12,True,0.9190405664846117,37.49793250217661,50,False
GGT1,2_minus_1,11.0,9.769962616701378e-14,6.710296275275874e-12,True,-0.3760598255228845,-4.041248168191482,50,False
PRG2,2_minus_1,12.0,1.2434497875801753e-13,8.337034766251842e-12,True,1.0445764625286482,37.54937959781889,50,False
CD8A,2_minus_1,13.0,1.5631940186722204e-13,1.000444171950221e-11,True,-0.5008210183652195,-1.6622280423082598,50,False
MEPE,2_minus_1,13.0,1.5631940186722204e-13,1.000444171950221e-11,True,-0.2811010196081864,-36.99884698022406,50,False
NPTX2,2_minus_1,14.0,1.9539925233402755e-13,1.2227650990502702e-11,True,-0.568974935265173,-37.76531381236853,50,False
MMP12,2_minus_1,15.0,2.433608869978343e-13,1.458094165501918e-11,True,-0.7088441108714788,-2.347517159927271,50,False
GUSB,2_minus_1,15.0,2.433608869978343e-13,1.458094165501918e-11,False,0.5996764976601042,0.0,50,False
CR2,2_minus_1,16.0,3.0020430585864233e-13,1.761198594370702e-11,True,-0.386951039398898,-4.143520879945022,50,False
MDGA1,2_minus_1,17.0,3.6770586575585185e-13,2.0709194359369576e-11,True,-0.40968260060102435,-37.63786479881253,50,False
POMC,2_minus_1,17.0,3.6770586575585185e-13,2.0709194359369576e-11,True,1.1171768459834226,34.54236668536883,50,False
CBLN4,2_minus_1,18.0,4.4941828036826337e-13,2.4814938774843716e-11,True,-0.3513632790741915,-2.52095483540081,50,False
ENPP7,2_minus_1,20.0,6.590283874174929e-13,3.4367109980882595e-11,False,0.7493091149661179,0.0,50,False
LHB,2_minus_1,20.0,6.590283874174929e-13,3.4367109980882595e-11,True,-1.4978477250416016,-8.674717810330781,50,False
FLT4,2_minus_1,20.0,6.590283874174929e-13,3.4367109980882595e-11,False,0.5774059363347505,0.0,50,False
SOD2,2_minus_1,21.0,7.94031507211912e-13,3.992844150551329e-11,True,-0.3787581913447941,-4.204960179426848,50,False
DRAXIN,2_minus_1,21.0,7.94031507211912e-13,3.992844150551329e-11,True,-0.4335087246011937,-1.9536746913285299,50,False
MEGF10,2_minus_1,22.0,9.521272659185342e-13,4.544390475977276e-11,True,-0.23975294339490377,-2.132752813138048,50,False
FGFR4,2_minus_1,22.0,9.521272659185342e-13,4.544390475977276e-11,True,-0.30501519960409545,-1.5244782020420506,50,False
NOMO1,2_minus_1,22.0,9.521272659185342e-13,4.544390475977276e-11,False,0.3490165432823257,0.0,50,False
Timepoint,2_minus_1,0.0,1.5374597944280353e-12,7.215811301848913e-11,True,1.0,1.584962500721156,50,False
SPINK2,2_minus_1,25.0,1.6058265828178264e-12,7.413127306909834e-11,True,-0.3927725995675084,-3.487275328284054,50,False
TREH,2_minus_1,26.0,1.8989254613188677e-12,8.487895395355447e-11,False,0.5178529333064943,0.0,50,False
VWA1,2_minus_1,26.0,1.8989254613188677e-12,8.487895395355447e-11,False,0.6428534367322065,0.0,50,False
HYOU1,2_minus_1,27.0,2.239985974483716e-12,9.704308467917145e-11,False,0.21403318145714742,0.0,50,False
MAN1A2,2_minus_1,27.0,2.239985974483716e-12,9.704308467917145e-11,False,0.5317453176584738,0.0,50,False
HS6ST1,2_minus_1,29.0,3.0890845437170356e-12,1.2792444228098783e-10,False,0.33704844760471725,0.0,50,False
SIL1,2_minus_1,29.0,3.0890845437170356e-12,1.2792444228098783e-10,False,0.37664448747408596,0.0,50,False
SPINK1,2_minus_1,29.0,3.0890845437170356e-12,1.2792444228098783e-10,False,0.38413714134115884,0.0,50,False
HAVCR1,2_minus_1,34.0,6.616929226765933e-12,2.7004743047207057e-10,False,0.4481658142766093,0.0,50,False
PRL,2_minus_1,35.0,7.65609797781508e-12,2.9943849868787864e-10,False,1.077966456041453,0.0,50,False
ANGPTL4,2_minus_1,35.0,7.65609797781508e-12,2.9943849868787864e-10,False,0.483131317239647,0.0,50,False
ENPP2,2_minus_1,35.0,7.65609797781508e-12,2.9943849868787864e-10,False,0.6483228257860434,0.0,50,False
CCL15,2_minus_1,36.0,8.842704346534447e-12,3.3650074918704054e-10,False,0.3551795958198506,0.0,50,False
PGLYRP2,2_minus_1,36.0,8.842704346534447e-12,3.3650074918704054e-10,True,-0.31695275079399177,-2.486924035477148,50,False
CCN4,2_minus_1,39.0,1.34718902700115e-11,5.058245733380317e-10,False,0.3244142329338547,0.0,50,False
LRIG1,2_minus_1,40.0,1.5448975432263978e-11,5.724251949638864e-10,True,0.3467668047962025,34.10702057492093,50,False
VSNL1,2_minus_1,41.0,1.7687185049908294e-11,6.385527320582276e-10,True,-0.4098934179269462,-2.9482811546301217,50,False
CCL28,2_minus_1,41.0,1.7687185049908294e-11,6.385527320582276e-10,True,1.574202228438549,36.84544108239467,50,False
CA14,2_minus_1,42.0,2.022026990289305e-11,7.029664203277387e-10,True,-0.46284059662799415,-38.19358398516797,50,False
MAMDC4,2_minus_1,42.0,2.022026990289305e-11,7.029664203277387e-10,False,0.639341924081908,0.0,50,False
CCL16,2_minus_1,42.0,2.022026990289305e-11,7.029664203277387e-10,False,0.40184017958305007,0.0,50,False
CSF2RA,2_minus_1,43.0,2.3080204414327454e-11,7.830585015752543e-10,False,0.5316452381805705,0.0,50,False
MEGF9,2_minus_1,43.0,2.3080204414327454e-11,7.830585015752543e-10,True,0.25371074784812675,33.827900795794584,50,False
CCN5,2_minus_1,44.0,2.630606843467831e-11,8.818796275244537e-10,True,0.7056688949952798,36.217332713660184,50,False
FUCA1,2_minus_1,46.0,3.40367733997482e-11,1.1276182811022462e-09,False,0.322783767711971,0.0,50,False
ASGR1,2_minus_1,47.0,3.863753761379485e-11,1.2651547200051894e-09,False,0.18921682383962127,0.0,50,False
SDC1,2_minus_1,49.0,4.9604764740251994e-11,1.5695170506578607e-09,False,1.7349240389544374,0.0,50,False
TFF3,2_minus_1,49.0,4.9604764740251994e-11,1.5695170506578607e-09,False,1.7077756818848149,0.0,50,False
FST,2_minus_1,49.0,4.9604764740251994e-11,1.5695170506578607e-09,True,0.9706601373204035,36.3155652867167,50,False
CSF3R,2_minus_1,50.0,5.610267805877811e-11,1.736100455093617e-09,False,1.268810987843378,0.0,50,False
ORM1,2_minus_1,50.0,5.610267805877811e-11,1.736100455093617e-09,True,-0.33447534640426024,-37.74436384557678,50,False
SELL,2_minus_1,51.0,6.337863567296154e-11,1.919077828549029e-09,True,-0.2393859894913194,-2.035610765582546,50,False
NRCAM,2_minus_1,51.0,6.337863567296154e-11,1.919077828549029e-09,False,0.7081770370768113,0.0,50,False
ADAM12,2_minus_1,52.0,7.151434999741468e-11,2.1423873360927634e-09,True,0.47185771836257895,37.03974512829766,50,False
IL1RL2,2_minus_1,54.0,9.07522945681194e-11,2.6900890684613075e-09,True,-0.6561393659343722,-4.221309742866072,50,False
SERPINA7,2_minus_1,55.0,1.0206946399193839e-10,2.963171243312356e-09,True,0.46524078450988343,36.45785370737227,50,False
HGFAC,2_minus_1,55.0,1.0206946399193839e-10,2.963171243312356e-09,True,-0.37692004699846926,-2.224557904591096,50,False
F7,2_minus_1,56.0,1.1467804483800137e-10,3.229333742638118e-09,False,0.4490365278873439,0.0,50,False
GRN,2_minus_1,56.0,1.1467804483800137e-10,3.229333742638118e-09,False,0.4095621154472707,0.0,50,False
ACVRL1,2_minus_1,56.0,1.1467804483800137e-10,3.229333742638118e-09,False,0.21696212415090207,0.0,50,False
ROBO2,2_minus_1,57.0,1.2871659293978155e-10,3.5887715417665828e-09,True,-0.2554324784702739,-37.369247856409174,50,False
CTBS,2_minus_1,58.0,1.4432899320127035e-10,3.9846122044586005e-09,False,0.28330942135935694,0.0,50,False
MRC1,2_minus_1,60.0,1.8094681308866711e-10,4.947050734540647e-09,False,0.38977597558991217,0.0,50,False
IL10RB,2_minus_1,61.0,2.0232171493717033e-10,5.426075707267349e-09,False,0.2921073548127628,0.0,50,False
PRSS22,2_minus_1,61.0,2.0232171493717033e-10,5.426075707267349e-09,False,0.6159204781481424,0.0,50,False
IGSF9,2_minus_1,62.0,2.2601653881793027e-10,6.004363899163129e-09,False,0.7182947779373723,0.0,50,False
HSPB6,2_minus_1,63.0,2.5226754019058717e-10,6.577642529413828e-09,False,0.6758133084158423,0.0,50,False
KIT,2_minus_1,63.0,2.5226754019058717e-10,6.577642529413828e-09,True,-0.32220916555424917,-2.269905220022703,50,False
MAN2B2,2_minus_1,65.0,3.134559278805682e-10,7.881177615282858e-09,False,0.3052730743869443,0.0,50,False
GNLY,2_minus_1,65.0,3.134559278805682e-10,7.881177615282858e-09,True,-0.36795588201354257,-3.994147827593911,50,False
ITGBL1,2_minus_1,65.0,3.134559278805682e-10,7.881177615282858e-09,True,-0.20476149811564054,-36.07650851526539,50,False
CD34,2_minus_1,65.0,3.134559278805682e-10,7.881177615282858e-09,True,-0.3074211756822975,-2.4273879768860205,50,False
CYTL1,2_minus_1,68.0,4.3148595807451784e-10,1.0474693602912433e-08,True,-0.2033605456154758,-35.34987965194635,50,False
EPO,2_minus_1,68.0,4.3148595807451784e-10,1.0474693602912433e-08,False,0.8611663741218745,0.0,50,False
BTN1A1,2_minus_1,68.0,4.3148595807451784e-10,1.0474693602912433e-08,False,1.5333983820181611,0.0,50,False
TINAGL1,2_minus_1,68.0,4.3148595807451784e-10,1.0474693602912433e-08,False,0.6790018995690037,0.0,50,False
HYAL1,2_minus_1,70.0,5.318447904301138e-10,1.2800640426078635e-08,True,0.4826449671359108,36.804625939931974,50,False
PROS1,2_minus_1,71.0,5.897913268881894e-10,1.4075020139975775e-08,True,-0.32797635921596346,-37.88151950649298,50,False
LTBP3,2_minus_1,72.0,6.535714192068554e-10,1.5210389392450452e-08,False,0.5287971753444204,0.0,50,False
SOD3,2_minus_1,72.0,6.535714192068554e-10,1.5210389392450452e-08,True,-0.27039958208245896,-37.34453446577902,50,False
ESM1,2_minus_1,72.0,6.535714192068554e-10,1.5210389392450452e-08,True,-0.29601062321945076,-3.948689029076621,50,False
CHL1,2_minus_1,73.0,7.237197507947712e-10,1.670487555932849e-08,True,-0.30038414626921506,-37.34847978932509,50,False
CSF2RB,2_minus_1,74.0,8.008242957657785e-10,1.833431883639376e-08,False,0.6958460001562354,0.0,50,False
BPIFB2,2_minus_1,75.0,8.855280952957401e-10,1.994917693082243e-08,True,0.5674981893350064,37.00835083211987,50,False
CSF1,2_minus_1,75.0,8.855280952957401e-10,1.994917693082243e-08,False,0.39444890743466526,0.0,50,False
ITGA11,2_minus_1,76.0,9.785132704109856e-10,2.186899499585187e-08,True,-0.3568705160951369,-3.375991469667682,50,False
VNN1,2_minus_1,77.0,1.080529443697742e-09,2.3771647761350323e-08,False,0.3151934800927936,0.0,50,False
NTRK3,2_minus_1,77.0,1.080529443697742e-09,2.3771647761350323e-08,True,-0.26932282504425603,-6.651395539320172,50,False
CHAD,2_minus_1,8.0,1.2262414944463358e-09,2.6768186421402185e-08,True,-0.47530262010435953,-37.734484776097574,50,False
PLA2G10,2_minus_1,81.0,1.5961560961841315e-09,3.457519666811165e-08,True,-0.5726546146384244,-3.5357550270261684,50,False
B4GALT1,2_minus_1,7.0,1.711215087843109e-09,3.6784593033329735e-08,False,0.5145165175614899,0.0,50,False
FETUB,2_minus_1,82.0,1.7568968502246207e-09,3.7480466138125244e-08,True,0.24165930993935647,34.45986510382535,50,False
IFNGR2,2_minus_1,83.0,1.9326371614170057e-09,4.091959583872397e-08,False,0.3001792951199047,0.0,50,False
VASN,2_minus_1,85.0,2.3344064459251967e-09,4.905737725168175e-08,True,-0.2432629711687626,-2.4114962170799474,50,False
CREG1,2_minus_1,86.0,2.5633326572460646e-09,5.30760644323891e-08,False,0.2996746505308242,0.0,50,False
REN,2_minus_1,86.0,2.5633326572460646e-09,5.30760644323891e-08,True,-0.3954476619159173,-2.5647708524733526,50,False
GC,2_minus_1,87.0,2.81308842886574e-09,5.740331170786901e-08,True,0.23045850531702888,36.40222327685954,50,False
TNFRSF17,2_minus_1,87.0,2.81308842886574e-09,5.740331170786901e-08,True,-0.3051084729906628,-3.762527523906164,50,False
EPHA1,2_minus_1,88.0,3.0854181432005134e-09,6.250746396584637e-08,False,0.4073725762496896,0.0,50,False
ACP6,2_minus_1,89.0,3.3822118439275073e-09,6.803077537499901e-08,True,0.23096450243952021,34.8497854995968,50,False
RGMA,2_minus_1,90.0,3.7055123414120317e-09,7.400512591075376e-08,True,-0.24607993679387008,-3.0836970874721485,50,False
SLAMF7,2_minus_1,91.0,4.057499225496031e-09,7.990152320976799e-08,True,-0.4149862452624317,-4.913416738459932,50,False
UMOD,2_minus_1,91.0,4.057499225496031e-09,7.990152320976799e-08,True,-0.19250098824546596,-0.9342627445805114,50,False
SUSD2,2_minus_1,92.0,4.440531498062228e-09,8.683706040655022e-08,True,-0.17287279290796653,-1.5877701630191057,50,False
MPO,2_minus_1,93.0,4.8571529021046445e-09,9.432925911949434e-08,True,-0.3749458090870549,-2.9811586411479105,50,False
GPC5,2_minus_1,94.0,5.310079487230723e-09,1.0241906737014874e-07,True,-0.2836830221852965,-37.558793523166976,50,False
FCRL1,2_minus_1,95.0,5.802245794939154e-09,1.1115050447992283e-07,True,-0.23412965499289506,-1.2878326152125998,50,False
BCHE,2_minus_1,99.0,8.22989321136447e-09,1.5659040056217801e-07,True,-0.26102343207092904,-3.0124396527080313,50,False
TNFRSF11B,2_minus_1,100.0,8.970399534291573e-09,1.684043005904338e-07,False,0.24125631935691602,0.0,50,False
TGFB1,2_minus_1,100.0,8.970399534291573e-09,1.684043005904338e-07,False,0.3717547022836898,0.0,50,False
EPHB4,2_minus_1,102.0,1.0642100534141719e-08,1.9715891515883605e-07,False,0.21311904579993857,0.0,50,False
CNTN3,2_minus_1,102.0,1.0642100534141719e-08,1.9715891515883605e-07,True,-0.1903957603058556,-36.612135850529945,50,False
SGSH,2_minus_1,39.0,1.164979182244941e-08,2.1441708347723884e-07,False,0.46118217393899985,0.0,50,False
WIF1,2_minus_1,104.0,1.260182003193222e-08,2.289466142575557e-07,True,-0.28977562682618146,-37.02902089938616,50,False
PRELP,2_minus_1,104.0,1.260182003193222e-08,2.289466142575557e-07,True,-0.14696784799966345,-36.60986486624717,50,False
ADAMTSL5,2_minus_1,105.0,1.370373858833318e-08,2.4737005041504e-07,False,0.3708700302676027,0.0,50,False
SERPINA9,2_minus_1,107.0,1.6183291151605772e-08,2.884313157146953e-07,True,-0.49782967219165447,-38.47364375629119,50,False
LAMP2,2_minus_1,107.0,1.6183291151605772e-08,2.884313157146953e-07,True,-0.1221496322840594,-3.4585676019377436,50,False
FGFBP2,2_minus_1,109.0,1.9077969426462005e-08,3.336867199063168e-07,True,0.25933994889845147,36.871944261804565,50,False
LRRN1,2_minus_1,109.0,1.9077969426462005e-08,3.336867199063168e-07,True,-0.2978405431351051,-2.7530883607949486,50,False
A1BG,2_minus_1,109.0,1.9077969426462005e-08,3.336867199063168e-07,False,0.2128999427434107,0.0,50,False
CPE,2_minus_1,110.0,2.070065541204258e-08,3.5762604687307917e-07,True,-0.26535575096149017,-37.29184734424819,50,False
IGF2R,2_minus_1,110.0,2.070065541204258e-08,3.5762604687307917e-07,False,0.24663934608610424,0.0,50,False
CRH,2_minus_1,57.0,2.0974999290923068e-08,3.601560853856059e-07,False,0.9833321837880158,0.0,50,False
TF,2_minus_1,111.0,2.2451841275028528e-08,3.831780910938202e-07,False,0.23551481388408307,0.0,50,False
ENDOU,2_minus_1,0.0,2.4249905341003525e-08,4.0800063602762834e-07,False,1.714055447979446,0.0,50,False
SPON1,2_minus_1,112.0,2.434094703573919e-08,4.0800063602762834e-07,True,-0.27116459234873147,-37.19344255526336,50,False
IGFBP7,2_minus_1,112.0,2.434094703573919e-08,4.0800063602762834e-07,True,-0.22452607334643063,-37.11118045466501,50,False
AFM,2_minus_1,113.0,2.6378053519238165e-08,4.395301698826904e-07,False,0.27604790314666994,0.0,50,False
HJV,2_minus_1,115.0,3.094002387626915e-08,5.12512395503376e-07,False,0.3977116314602663,0.0,50,False
PROK1,2_minus_1,117.0,3.623269506647375e-08,5.932050541115702e-07,True,-0.549981925991512,-38.33261903494178,50,False
NAAA,2_minus_1,117.0,3.623269506647375e-08,5.932050541115702e-07,True,0.5104360714244367,37.54135593879451,50,False
NELL1,2_minus_1,1.0,3.852338441924462e-08,6.270627197953344e-07,True,-0.2817646126523981,-2.423158393684187,50,False
DAG1,2_minus_1,118.0,3.918623114884667e-08,6.305624395151557e-07,False,0.3467170729591238,0.0,50,False
BST1,2_minus_1,118.0,3.918623114884667e-08,6.305624395151557e-07,True,-0.18508887273829217,-36.69002492970321,50,False
SIGLEC6,2_minus_1,122.0,5.3406212785489515e-08,8.544994045678322e-07,False,-0.7381267538371598,0.0,50,False
NCAN,2_minus_1,123.0,5.7649630846867694e-08,9.171828274846296e-07,True,-0.2117826317910016,-5.412391658000691,50,False
DMP1,2_minus_1,124.0,6.220717985172541e-08,9.841315643958356e-07,True,-0.33969037743310615,-4.625303234520554,50,False
CNTN4,2_minus_1,126.0,7.235236054725647e-08,1.1194738862696385e-06,True,-0.17647467102940576,-1.7042951690212484,50,False
TLR3,2_minus_1,126.0,7.235236054725647e-08,1.1194738862696385e-06,False,0.1973367703572648,0.0,50,False
TFF2,2_minus_1,126.0,7.235236054725647e-08,1.1194738862696385e-06,False,0.39458602422926853,0.0,50,False
IL1R2,2_minus_1,126.0,7.235236054725647e-08,1.1194738862696385e-06,True,-0.14169418211538826,-35.611971912894255,50,False
TNR,2_minus_1,127.0,7.798730550234723e-08,1.2000669524295617e-06,True,0.28301908654483077,35.390650990072906,50,False
IFI30,2_minus_1,128.0,8.403119267086367e-08,1.2860426008758268e-06,False,0.2635404206507057,0.0,50,False
CXCL12,2_minus_1,129.0,9.051156624195755e-08,1.370325648050282e-06,True,-0.4242803288317011,-37.51195857732379,50,False
TCL1A,2_minus_1,129.0,9.051156624195755e-08,1.370325648050282e-06,True,-0.38987589279618096,-5.863458828823017,50,False
CD58,2_minus_1,131.0,1.0490046520317264e-07,1.5465953403776657e-06,True,-0.14300810399075325,-36.52513712622716,50,False
ICAM4,2_minus_1,131.0,1.0490046520317264e-07,1.5465953403776657e-06,True,-0.23548714457268694,-36.28588236490679,50,False
APOL1,2_minus_1,131.0,1.0490046520317264e-07,1.5465953403776657e-06,False,0.3948279760740917,0.0,50,False
PLB1,2_minus_1,131.0,1.0490046520317264e-07,1.5465953403776657e-06,True,-0.2732972018818599,-37.223879885153615,50,False
SOST,2_minus_1,131.0,1.0490046520317264e-07,1.5465953403776657e-06,True,-0.39747040317064164,-38.03626857124276,50,False
CD1C,2_minus_1,132.0,1.1287300338835848e-07,1.6554707163625912e-06,True,-0.14831646549393954,-1.4406652330079872,50,False
ERBB4,2_minus_1,133.0,1.2141019567479816e-07,1.7623253145372764e-06,True,-0.15318744864575468,-36.680156987578556,50,False
PIGR,2_minus_1,133.0,1.2141019567479816e-07,1.7623253145372764e-06,False,0.4449225468327649,0.0,50,False
NCAM1,2_minus_1,134.0,1.3054913772236887e-07,1.8852634452625167e-06,True,-0.2361291159455145,-37.13774571764805,50,False
PAEP,2_minus_1,135.0,1.4032918471684752e-07,2.0161580824624627e-06,True,-0.14988614191511368,-2.393981769164387,50,False
KLK6,2_minus_1,136.0,1.507920117660433e-07,2.155483782401918e-06,True,-0.18647372207352192,-36.52982968689812,50,False
VSIG4,2_minus_1,137.0,1.6198182883897516e-07,2.2921649749274075e-06,False,0.3127522004821069,0.0,50,False
DNER,2_minus_1,137.0,1.6198182883897516e-07,2.2921649749274075e-06,True,-0.16274589880171764,-2.4013753447906523,50,False
IL4R,2_minus_1,138.0,1.7394549622906652e-07,2.4369677481644345e-06,False,0.3640407258739018,0.0,50,False
CFD,2_minus_1,138.0,1.7394549622906652e-07,2.4369677481644345e-06,True,-0.2199657696289288,-35.77926324735446,50,False
SPRR3,2_minus_1,139.0,1.8673260271384606e-07,2.5903399470058646e-06,False,0.5155498391020492,0.0,50,False
TNFRSF11A,2_minus_1,139.0,1.8673260271384606e-07,2.5903399470058646e-06,False,0.33819821385044807,0.0,50,False
TIE1,2_minus_1,141.0,2.1499046276574063e-07,2.9532348446259787e-06,True,0.20969924972951207,34.48359902912877,50,False
TNFRSF10B,2_minus_1,141.0,2.1499046276574063e-07,2.9532348446259787e-06,False,0.14798879617167138,0.0,50,False
CES2,2_minus_1,142.0,2.305757291765076e-07,3.151947831849735e-06,False,0.41943636836095466,0.0,50,False
DSCAM,2_minus_1,145.0,2.8391607465039215e-07,3.825395532131599e-06,False,0.31626806171167965,0.0,50,False
NHLRC3,2_minus_1,145.0,2.8391607465039215e-07,3.825395532131599e-06,False,0.3116493679104959,0.0,50,False
SERPINA11,2_minus_1,145.0,2.8391607465039215e-07,3.825395532131599e-06,True,0.23732900613466162,35.6620657354363,50,False
PRAP1,2_minus_1,148.0,3.486415511844143e-07,4.6310123025250505e-06,False,0.2874006623610669,0.0,50,False
ST3GAL1,2_minus_1,148.0,3.486415511844143e-07,4.6310123025250505e-06,False,0.19501341318682522,0.0,50,False
CHCHD10,2_minus_1,148.0,3.486415511844143e-07,4.6310123025250505e-06,False,0.34695450362070535,0.0,50,False
S100P,2_minus_1,149.0,3.7312124412380854e-07,4.8870205741983474e-06,False,0.5387368933135009,0.0,50,False
MFAP5,2_minus_1,149.0,3.7312124412380854e-07,4.8870205741983474e-06,False,0.33352645610970344,0.0,50,False
PDGFC,2_minus_1,149.0,3.7312124412380854e-07,4.8870205741983474e-06,True,-0.23700995197790165,-37.17405707349872,50,False
ISM1,2_minus_1,150.0,3.9920236538648624e-07,5.180432538840301e-06,False,0.34592315419149516,0.0,50,False
CA6,2_minus_1,150.0,3.9920236538648624e-07,5.180432538840301e-06,False,0.5103763629625857,0.0,50,False
HSD17B14,2_minus_1,153.0,4.880519277605799e-07,6.27559008481184e-06,False,0.47391560917295916,0.0,50,False
SIGLEC1,2_minus_1,153.0,4.880519277605799e-07,6.27559008481184e-06,False,0.3297917981728432,0.0,50,False
PCOLCE,2_minus_1,44.0,5.488275961503208e-07,7.024993230724106e-06,True,-0.3350782098055105,-37.522189878359804,50,False
VMO1,2_minus_1,155.0,5.572207957271758e-07,7.068170093548319e-06,False,0.40984539919520546,0.0,50,False
FAS,2_minus_1,155.0,5.572207957271758e-07,7.068170093548319e-06,False,0.18536522426824797,0.0,50,False
F12,2_minus_1,156.0,5.951474850718341e-07,7.481854098045915e-06,False,0.32186607133496303,0.0,50,False
ENPP6,2_minus_1,156.0,5.951474850718341e-07,7.481854098045915e-06,True,-0.28526353235586066,-3.1098923827763425,50,False
S100A12,2_minus_1,157.0,6.354784893858323e-07,7.953366338268905e-06,True,-0.6545413698875095,-38.98326466218901,50,False
F10,2_minus_1,47.0,6.711517779633504e-07,8.362669941348649e-06,False,0.16179204887954216,0.0,50,False
DPEP1,2_minus_1,158.0,6.78354924232849e-07,8.378278362454838e-06,True,-0.19943121327588836,-36.45898893862927,50,False
CRTAM,2_minus_1,158.0,6.78354924232849e-07,8.378278362454838e-06,True,-0.31060054706546725,-1.877329886974061,50,False
CANT1,2_minus_1,159.0,7.239255257474042e-07,8.82499688530169e-06,False,0.14663443822612854,0.0,50,False
RTN4R,2_minus_1,159.0,7.239255257474042e-07,8.82499688530169e-06,True,0.2725257613705451,31.731258654855086,50,False
FAM171B,2_minus_1,159.0,7.239255257474042e-07,8.82499688530169e-06,False,0.27853281993805273,0.0,50,False
TNFSF12,2_minus_1,160.0,7.723469384046666e-07,9.294568284391202e-06,True,-0.33196434083592197,-2.6872553975145332,50,False
GZMA,2_minus_1,160.0,7.723469384046666e-07,9.294568284391202e-06,True,-0.3478825792342092,-37.38894799250459,50,False
PEPD,2_minus_1,160.0,7.723469384046666e-07,9.294568284391202e-06,True,-0.18024236227034124,-1.7534588383662963,50,False
FGL1,2_minus_1,161.0,8.237842195057965e-07,9.871388775014141e-06,False,0.45267526016736154,0.0,50,False
PON3,2_minus_1,127.5,8.514001098904428e-07,1.015907927733681e-05,True,-0.1344352299039474,-1.6881287801634821,50,False
CLEC4C,2_minus_1,162.0,8.784112139892386e-07,1.0349815810015464e-05,True,-0.21676414642251918,-36.68998995284592,50,False
LDLR,2_minus_1,162.0,8.784112139892386e-07,1.0349815810015464e-05,False,0.4133718306201676,0.0,50,False
PLXNB2,2_minus_1,162.0,8.784112139892386e-07,1.0349815810015464e-05,False,0.21889612162572808,0.0,50,False
SSC4D,2_minus_1,163.0,9.364108866094512e-07,1.0987221069550895e-05,True,-0.8760227235063808,-38.68689249608596,50,False
ICAM3,2_minus_1,164.0,9.979758868183808e-07,1.1660996254276184e-05,True,-0.14207029637970328,-2.139574560242991,50,False
CKAP4,2_minus_1,165.0,1.0633089786438177e-06,1.2221543199432614e-05,False,0.18953609353366113,0.0,50,False
MATN2,2_minus_1,165.0,1.0633089786438177e-06,1.2221543199432614e-05,True,-0.14235900441261984,-34.61011684996021,50,False
OPTC,2_minus_1,165.0,1.0633089786438177e-06,1.2221543199432614e-05,True,-0.19220066062169971,-35.1519279961612,50,False
IL1R1,2_minus_1,165.0,1.0633089786438177e-06,1.2221543199432614e-05,False,0.15270890558601793,0.0,50,False
PLAUR,2_minus_1,166.0,1.1326234101716182e-06,1.2965315134322263e-05,True,-0.1321004078443413,-3.0724711270552123,50,False
IL12A_IL12B,2_minus_1,167.0,1.206143563692308e-06,1.375101326055684e-05,True,-0.39753185757567594,-37.63065823668508,50,False
CNTN1,2_minus_1,49.0,1.2203270365437304e-06,1.385661667301268e-05,True,-0.15403404189488812,-36.25404352752136,50,False
C1QA,2_minus_1,168.0,1.2841054282120012e-06,1.4464163543379982e-05,False,0.1567539752674877,0.0,50,False
ASAH2,2_minus_1,168.0,1.2841054282120012e-06,1.4464163543379982e-05,True,0.21633123546634558,33.75703260691833,50,False
TNXB,2_minus_1,169.0,1.3667570399888973e-06,1.533381603429775e-05,True,-0.17788240694073756,-1.8886190947615658,50,False
PDCD1LG2,2_minus_1,170.0,1.4543591948523726e-06,1.6187650168791627e-05,False,0.20359128274458096,0.0,50,False
SEZ6L,2_minus_1,170.0,1.4543591948523726e-06,1.6187650168791627e-05,True,-0.1725553726127375,-36.44468071787881,50,False
SCG3,2_minus_1,171.0,1.5471859846627467e-06,1.7153054066182263e-05,True,-0.2369924032631798,-37.128588602881436,50,False
DPP4,2_minus_1,53.0,1.5982388722830604e-06,1.764957123274156e-05,True,-0.16703446741399897,-34.176161970692526,50,False
COL15A1,2_minus_1,172.0,1.6455253124547653e-06,1.8100778437002418e-05,True,-0.18737689501100993,-36.550793035014586,50,False
ASGR2,2_minus_1,173.0,1.7496796758109667e-06,1.887776998882637e-05,False,0.27400557405569287,0.0,50,False
CD22,2_minus_1,173.0,1.7496796758109667e-06,1.887776998882637e-05,True,-0.28743320059172467,-37.66613587272095,50,False
FGFBP1,2_minus_1,173.0,1.7496796758109667e-06,1.887776998882637e-05,True,0.5349526924875199,37.99042465244319,50,False
ADGRB3,2_minus_1,173.0,1.7496796758109667e-06,1.887776998882637e-05,True,-0.17781058503311553,-35.74585494798197,50,False
CD200,2_minus_1,173.0,1.7496796758109667e-06,1.887776998882637e-05,False,0.22029186720635813,0.0,50,False
TNFRSF10A,2_minus_1,175.0,1.9767201369091936e-06,2.124596910510034e-05,False,0.17566361217070614,0.0,50,False
AHSG,2_minus_1,176.0,2.1002898957789284e-06,2.2488275081800236e-05,False,0.14233216185205905,0.0,50,False
CXCL16,2_minus_1,178.0,2.36936675790389e-06,2.5177874680216433e-05,True,0.16195679076360753,34.67791334537465,50,False
SPINK4,2_minus_1,178.0,2.36936675790389e-06,2.5177874680216433e-05,True,-0.2382364249643421,-35.85937761716384,50,False
CRHBP,2_minus_1,179.0,2.5156639491541455e-06,2.663199128127095e-05,False,0.16741787657519203,0.0,50,False
VIT,2_minus_1,180.0,2.670359481982132e-06,2.805870261664807e-05,True,-0.23934688541526092,-35.75099978139863,50,False
VEGFA,2_minus_1,180.0,2.670359481982132e-06,2.805870261664807e-05,False,0.2256251274031489,0.0,50,False
LILRA5,2_minus_1,181.0,2.8338981969966426e-06,2.9447443995359946e-05,True,0.2063048215234724,35.696027241725595,50,False
DSC2,2_minus_1,181.0,2.8338981969966426e-06,2.9447443995359946e-05,False,0.22263513611623745,0.0,50,False
SEMA4D,2_minus_1,181.0,2.8338981969966426e-06,2.9447443995359946e-05,True,-0.20917982812327504,-36.63594239046336,50,False
PLG,2_minus_1,71.0,3.184754126262638e-06,3.28986519582944e-05,False,0.1268991581716864,0.0,50,False
CHGB,2_minus_1,183.0,3.1893934604454444e-06,3.28986519582944e-05,True,-0.29201445818709226,-36.68452789947746,50,False
ANPEP,2_minus_1,184.0,3.38235121510877e-06,3.4761682561117864e-05,True,-0.19314701133256912,-35.68171429185683,50,False
LGALS3BP,2_minus_1,185.0,3.586156610779767e-06,3.645710114063474e-05,False,0.22490464243497515,0.0,50,False
MXRA8,2_minus_1,185.0,3.586156610779767e-06,3.645710114063474e-05,True,-0.14396436261140988,-9.759253497840243,50,False
SIGLEC9,2_minus_1,185.0,3.586156610779767e-06,3.645710114063474e-05,True,-0.17202580310069193,-36.438234281467864,50,False
HRG,2_minus_1,186.0,3.801371960321376e-06,3.8367969319946216e-05,True,-0.3476166126209074,-1.7334355367575898,50,False
MILR1,2_minus_1,186.0,3.801371960321376e-06,3.8367969319946216e-05,True,-0.3134299571018123,-37.52889766112498,50,False
ZP3,2_minus_1,187.0,4.028586058524297e-06,4.051606550287293e-05,False,0.3066479878298358,0.0,50,False
F11,2_minus_1,188.0,4.268415494834699e-06,4.277529549272068e-05,True,-0.2137719898218126,-37.20996552549359,50,False
CD48,2_minus_1,189.0,4.521505763577238e-06,4.483295855716022e-05,True,-0.07733964692485085,-1.2121381481279319,50,False
VCAN,2_minus_1,189.0,4.521505763577238e-06,4.483295855716022e-05,False,-0.18085299170998054,0.0,50,False
GDF15,2_minus_1,189.0,4.521505763577238e-06,4.483295855716022e-05,False,0.3369385972858673,0.0,50,False
DCN,2_minus_1,190.0,4.788532343980023e-06,4.731405993209735e-05,True,-0.18033228488892372,-36.85741513218715,50,False
CRTAC1,2_minus_1,191.0,5.070202146129077e-06,4.9748046144597494e-05,True,-0.1290112862400138,-1.117154226937835,50,False
TCOF1,2_minus_1,191.0,5.070202146129077e-06,4.9748046144597494e-05,True,-0.3349189054200728,-36.41473744920884,50,False
P4HB,2_minus_1,192.0,5.367254770405339e-06,5.247982442174108e-05,False,0.28038531832395447,0.0,50,False
KLK7,2_minus_1,193.0,5.6804637029728156e-06,5.4969710610211165e-05,True,-0.21274692926609634,-37.15304101364572,50,False
TNFRSF10C,2_minus_1,193.0,5.6804637029728156e-06,5.4969710610211165e-05,True,0.14531136353592336,33.48916576728575,50,False
SORCS2,2_minus_1,193.0,5.6804637029728156e-06,5.4969710610211165e-05,False,0.3443137187852102,0.0,50,False
TOP1,2_minus_1,194.0,6.010637926934237e-06,5.7965604117283594e-05,True,-0.24253011598421992,-36.59334319180561,50,False
ADAM8,2_minus_1,91.0,6.557406198568928e-06,6.30227162292495e-05,True,-0.15668917660662432,-36.3176305389347,50,False
ECM1,2_minus_1,197.0,7.111603951059919e-06,6.765634029116464e-05,True,-0.18584665628353197,-36.18741297380376,50,False
CTSF,2_minus_1,197.0,7.111603951059919e-06,6.765634029116464e-05,False,0.26997425159881383,0.0,50,False
NECTIN2,2_minus_1,197.0,7.111603951059919e-06,6.765634029116464e-05,False,0.28187059688580995,0.0,50,False
KLK1,2_minus_1,198.0,7.518488965629899e-06,7.057354975737931e-05,True,-0.22139849515664112,-1.2593583290837402,50,False
NTRK2,2_minus_1,198.0,7.518488965629899e-06,7.057354975737931e-05,True,-0.20876624521122966,-2.8596118848613172,50,False
GSTA3,2_minus_1,198.0,7.518488965629899e-06,7.057354975737931e-05,False,0.5406280335085931,0.0,50,False
TSPAN8,2_minus_1,198.0,7.518488965629899e-06,7.057354975737931e-05,True,-0.3621693770590956,-1.1357773193517078,50,False
CRELD1,2_minus_1,199.0,7.946967700789287e-06,7.41015266404723e-05,True,0.2650213650686596,33.843696840874095,50,False
MSTN,2_minus_1,199.0,7.946967700789287e-06,7.41015266404723e-05,True,-0.3025543004387978,-36.90002028016782,50,False
PTPRC,2_minus_1,202.0,9.372738659862989e-06,8.682115811241506e-05,True,-0.24015405601651968,-37.35652490698882,50,False
LEPR,2_minus_1,202.0,9.372738659862989e-06,8.682115811241506e-05,True,0.29179915452397476,36.61280492916622,50,False
APOD,2_minus_1,203.0,9.898605478397826e-06,9.109304910839307e-05,True,-0.19941502342742787,-1.1827467182185376,50,False
ESAM,2_minus_1,203.0,9.898605478397826e-06,9.109304910839307e-05,False,0.2013497750616235,0.0,50,False
IL18,2_minus_1,204.0,1.0451820186219152e-05,9.587076757131312e-05,False,0.22310359637985855,0.0,50,False
NPTX1,2_minus_1,205.0,1.1033688904760197e-05,0.00010087944141495038,True,-0.17585718949332668,-34.452497547317186,50,False
ERBB3,2_minus_1,206.0,1.1645574410579229e-05,0.00010578689529093906,False,0.12807343696492549,0.0,50,False
FOLR1,2_minus_1,206.0,1.1645574410579229e-05,0.00010578689529093906,False,0.2171461928717099,0.0,50,False
CDHR5,2_minus_1,207.0,1.2288898243895119e-05,0.00011127182461353265,False,0.26055613403343103,0.0,50,False
PLA2G15,2_minus_1,208.0,1.2965142769161275e-05,0.00011664486274108036,False,0.1975025636209691,0.0,50,False
DCBLD2,2_minus_1,208.0,1.2965142769161275e-05,0.00011664486274108036,True,0.2753025250327582,34.752466998982314,50,False
DPP7,2_minus_1,209.0,1.367585375788849e-05,0.0001222577910546476,False,0.2879687786840719,0.0,50,False
CNTN5,2_minus_1,209.0,1.367585375788849e-05,0.0001222577910546476,True,-0.1676613770405976,-35.12775168960995,50,False
OXT,2_minus_1,210.0,1.4422642710343325e-05,0.00012731712185682384,False,0.33701125578928426,0.0,50,False
IL12B,2_minus_1,210.0,1.4422642710343325e-05,0.00012731712185682384,True,-0.3001860604880639,-37.50579314840167,50,False
S100A13,2_minus_1,210.0,1.4422642710343325e-05,0.00012731712185682384,True,-0.2539333350195758,-37.033445717790926,50,False
XPNPEP2,2_minus_1,210.0,1.4422642710343325e-05,0.00012731712185682384,False,0.31727651785551414,0.0,50,False
GZMB,2_minus_1,211.0,1.5207189122179443e-05,0.00013382326427517912,True,-0.3847792280292909,-36.94611203047484,50,False
SEL1L,2_minus_1,212.0,1.603124333549033e-05,0.0001397646477793832,False,0.2244788157447139,0.0,50,False
ERN1,2_minus_1,212.0,1.603124333549033e-05,0.0001397646477793832,True,-0.1407692658128492,-36.36073476538377,50,False
SLC39A5,2_minus_1,212.0,1.603124333549033e-05,0.0001397646477793832,False,0.23743446287788497,0.0,50,False
RLN1,2_minus_1,213.0,1.6896629077223224e-05,0.000146402792250648,True,-0.27062051751009625,-37.27215444546522,50,False
CNTNAP2,2_minus_1,213.0,1.6896629077223224e-05,0.000146402792250648,True,-0.27547667516216434,-35.273633159941156,50,False
PSPN,2_minus_1,214.0,1.7805245978053108e-05,0.00015380237016625017,True,-0.3376434267735089,-2.607986987825365,50,False
CXCL14,2_minus_1,216.0,1.9760169596594324e-05,0.00017016708741287345,True,-0.26576547506903564,-36.89698769781319,50,False
LGALS3,2_minus_1,217.0,2.0810681753857807e-05,0.0001781242547685823,False,0.1497563826383796,0.0,50,False
AMIGO2,2_minus_1,217.0,2.0810681753857807e-05,0.0001781242547685823,True,-0.1402311135862846,-36.29788742559189,50,False
CD46,2_minus_1,218.0,2.191284211150446e-05,0.00018530499515314282,False,0.14920230748141822,0.0,50,False
CCNE1,2_minus_1,218.0,2.191284211150446e-05,0.00018530499515314282,True,-0.25592121637612963,-37.15791381795903,50,False
OMG,2_minus_1,218.0,2.191284211150446e-05,0.00018530499515314282,True,-0.5081090734645648,-36.99598041878969,50,False
SERPIND1,2_minus_1,218.0,2.191284211150446e-05,0.00018530499515314282,True,0.1600055850233851,33.137631453205124,50,False
DPP6,2_minus_1,221.0,2.5552926345540072e-05,0.00021544024128455344,True,-0.19366768570222798,-35.03921063217394,50,False
ACHE,2_minus_1,222.0,2.6885878247284722e-05,0.00022600188998314562,True,-0.1572238459763352,-33.838427743222454,50,False
FLT3,2_minus_1,223.0,2.82830745792495e-05,0.00023703910123561487,True,-0.31428488057034526,-2.3940749407169157,50,False
CEMIP2,2_minus_1,224.0,2.9747345218211763e-05,0.00024857128823289117,False,0.36254085314510165,0.0,50,False
TREM2,2_minus_1,225.0,3.128163219123792e-05,0.00025984978244992916,False,0.26677233755558877,0.0,50,False
KIR2DS4,2_minus_1,225.0,3.128163219123792e-05,0.00025984978244992916,False,-0.10794572786777545,-0.5175828442233581,50,False
FGFBP3,2_minus_1,226.0,3.288899332076767e-05,0.0002715994287134362,True,-0.20322399349545284,-36.57303268906537,50,False
PLTP,2_minus_1,226.0,3.288899332076767e-05,0.0002715994287134362,True,-0.1110195688504319,-2.1824212643161647,50,False
KRT19,2_minus_1,227.0,3.457260659445183e-05,0.0002846680121929133,False,-0.34957175924809547,0.0,50,False
TMPRSS5,2_minus_1,228.0,3.633577416550793e-05,0.00029744633735485557,True,-0.1625154284645679,-2.1294341659920093,50,False
ADAM15,2_minus_1,228.0,3.633577416550793e-05,0.00029744633735485557,True,0.20941394426775814,34.27614841562137,50,False
SUMF2,2_minus_1,229.0,3.818192634774675e-05,0.00031165305679784015,False,0.3846489222884737,0.0,50,False
TGFBI,2_minus_1,230.0,4.011462634423424e-05,0.00032648204562243824,False,0.10750059120898915,0.0,50,False
CD4,2_minus_1,231.0,4.213757459226031e-05,0.00034097531624081905,True,-0.17500914943352236,-36.31866293245905,50,False
CST6,2_minus_1,231.0,4.213757459226031e-05,0.00034097531624081905,True,-0.19535589208744586,-35.077039471821614,50,False
ASAH1,2_minus_1,232.0,4.4254613142058474e-05,0.0003560599731658191,False,0.22396644648174607,0.0,50,False
CACNA1H,2_minus_1,232.0,4.4254613142058474e-05,0.0003560599731658191,True,-0.5105263147610035,-37.488121483232845,50,False
PTPRR,2_minus_1,233.0,4.6469730756726335e-05,0.0003717578460538107,True,-0.3252898683546317,-37.13766704139234,50,False
REG4,2_minus_1,233.0,4.6469730756726335e-05,0.0003717578460538107,True,-0.16653711562179419,-36.08743819329404,50,False
SMPD1,2_minus_1,234.0,4.878706765687468e-05,0.0003891908853307623,False,0.22571202081008218,0.0,50,False
CD6,2_minus_1,235.0,5.121092026350027e-05,0.0004062252153859627,True,-0.21382947542640357,-36.445331792064955,50,False
CCL11,2_minus_1,235.0,5.121092026350027e-05,0.0004062252153859627,True,-0.42192339023386766,-36.91933862891179,50,False
FABP1,2_minus_1,236.0,5.374574670646837e-05,0.0004227598400151255,False,0.6235209174010701,0.0,50,False
AMOT,2_minus_1,236.0,5.374574670646837e-05,0.0004227598400151255,False,0.33428655938679763,0.0,50,False
PTH1R,2_minus_1,236.0,5.374574670646837e-05,0.0004227598400151255,True,-0.1490133113243339,-36.62960231633198,50,False
IL6R,2_minus_1,237.0,5.639617199193481e-05,0.000442372201474341,True,-0.16535088960854044,-34.86673444241288,50,False
ZCCHC8,2_minus_1,240.0,6.508990648690371e-05,0.0005035526831514309,True,-0.7051620772382825,-34.650729271337795,50,False
LBP,2_minus_1,240.0,6.508990648690371e-05,0.0005035526831514309,True,0.4072663829553808,36.29597710226149,50,False
PLXDC2,2_minus_1,240.0,6.508990648690371e-05,0.0005035526831514309,True,-0.28348630646612205,-37.2415409470129,50,False
CDCP1,2_minus_1,240.0,6.508990648690371e-05,0.0005035526831514309,False,0.27023123637315855,0.0,50,False
SERPINE1,2_minus_1,240.0,6.508990648690371e-05,0.0005035526831514309,False,0.5019430224100798,0.0,50,False
ALCAM,2_minus_1,224.5,6.696272701031126e-05,0.0005166220253727027,True,0.1146298468828105,34.22100839473033,50,False
GZMH,2_minus_1,241.0,6.825250486741652e-05,0.0005237031436148362,True,-0.31105645929441306,-36.66743973932248,50,False
EPHB6,2_minus_1,241.0,6.825250486741652e-05,0.0005237031436148362,False,0.1595017667595569,0.0,50,False
OSMR,2_minus_1,116.0,7.758455223740028e-05,0.0005936904866861934,False,0.15671705337762104,0.0,50,False
ARTN,2_minus_1,244.0,7.861200783665367e-05,0.0005999225313496389,False,0.3823225864389853,0.0,50,False
SERPINA1,2_minus_1,245.0,8.237559280566131e-05,0.0006252551734251814,False,0.13355987724229723,0.0,50,False
IGFBPL1,2_minus_1,245.0,8.237559280566131e-05,0.0006252551734251814,False,0.15141840203694273,0.0,50,False
WFIKKN2,2_minus_1,246.0,8.630484972549368e-05,0.0006515669083833518,True,-0.09499213774675086,-1.668637904031747,50,False
INHBB,2_minus_1,246.0,8.630484972549368e-05,0.0006515669083833518,True,0.3370491058834668,35.876983994128324,50,False
BTD,2_minus_1,247.0,9.040639391599825e-05,0.0006807069659557516,True,0.09369253102656752,33.596672231918234,50,False
TSPAN1,2_minus_1,248.0,9.468707561843814e-05,0.0007053936638664598,True,-0.13564538835711556,-34.92074980481122,50,False
CLEC4G,2_minus_1,248.0,9.468707561843814e-05,0.0007053936638664598,True,-0.23537903859871862,-2.6670257773682886,50,False
C1QL2,2_minus_1,248.0,9.468707561843814e-05,0.0007053936638664598,True,-0.20365012336560684,-2.919270546906737,50,False
LY9,2_minus_1,248.0,9.468707561843814e-05,0.0007053936638664598,True,-0.163644411044525,-2.3453722019667125,50,False
CCL24,2_minus_1,251.0,0.00010867611974241242,0.0008074721720175024,True,-0.24255028945129165,-36.29653874176387,50,False
PTPRZ1,2_minus_1,252.0,0.00011374680137699045,0.0008385104520356154,False,-0.1538248314946279,0.0,50,False
F3,2_minus_1,252.0,0.00011374680137699045,0.0008385104520356154,True,-0.13443550534423193,-35.698023004178864,50,False
ARID3A,2_minus_1,252.0,0.00011374680137699045,0.0008385104520356154,True,-0.15240305018970646,-33.57350521998585,50,False
POSTN,2_minus_1,253.0,0.00011903464815610221,0.0008729207531447496,True,-0.20107340782397773,-1.6685159104400225,50,False
CRISP3,2_minus_1,253.0,0.00011903464815610221,0.0008729207531447496,True,-0.09896234472354755,-1.2926577938758976,50,False
PSAP,2_minus_1,254.0,0.00012454807471407037,0.0009062722955938558,False,0.11446949182180419,0.0,50,False
TNFRSF12A,2_minus_1,254.0,0.00012454807471407037,0.0009062722955938558,False,0.3320021013109312,0.0,50,False
KIR2DL2,2_minus_1,254.0,0.00012454807471407037,0.0009062722955938558,True,-0.20477072452088685,-36.100089829536266,50,False
OLR1,2_minus_1,258.0,0.00014903614355255002,0.0010816643820721155,False,0.3527815410373212,0.0,50,False
EPPK1,2_minus_1,259.0,0.00015581408102782746,0.0011221801845891614,False,0.29017743116527367,0.0,50,False
CTRL,2_minus_1,259.0,0.00015581408102782746,0.0011221801845891614,True,-0.224312666642111,-35.57187532023582,50,False
NPTXR,2_minus_1,259.0,0.00015581408102782746,0.0011221801845891614,True,-0.23350643730293852,-36.39891996226418,50,False
CA4,2_minus_1,261.0,0.00017022784864551,0.0012228612800657046,True,-0.11393869575856841,-1.393454753989491,50,False
CLSTN2,2_minus_1,262.0,0.0001778852638985029,0.001264961876611576,True,-0.2135997221069907,-35.79682497217795,50,False
SPON2,2_minus_1,262.0,0.0001778852638985029,0.001264961876611576,False,0.30630884127367314,0.0,50,False
SULT2A1,2_minus_1,262.0,0.0001778852638985029,0.001264961876611576,False,0.2963643033462686,0.0,50,False
MOG,2_minus_1,262.0,0.0001778852638985029,0.001264961876611576,True,-0.24518099481692354,-36.956215311764836,50,False
XCL1,2_minus_1,264.0,0.0001941578147395262,0.0013737397143379544,True,-0.23751156846298666,-36.32461430600643,50,False
BCAN,2_minus_1,264.0,0.0001941578147395262,0.0013737397143379544,True,-0.16453875655098016,-34.141228505125824,50,False
RSPO3,2_minus_1,239.0,0.00020295107417856302,0.0014287755622170836,True,-0.13930606338554563,-36.39985249673452,50,False
LTBR,2_minus_1,265.0,0.000202796732962085,0.0014287755622170836,False,0.09990061157933511,0.0,50,False
PBXIP1,2_minus_1,266.0,0.00021178724761483636,0.0014835644012024358,True,-0.17134005392827775,-35.61790742046636,50,False
DKKL1,2_minus_1,266.0,0.00021178724761483636,0.0014835644012024358,False,0.11556934449653614,0.0,50,False
DSG4,2_minus_1,269.0,0.0002409992117797799,0.0016552531228581956,True,-0.11561255455263841,-34.88089728009095,50,False
GLB1,2_minus_1,269.0,0.0002409992117797799,0.0016552531228581956,False,0.18982959744276826,0.0,50,False
TNFSF11,2_minus_1,269.0,0.0002409992117797799,0.0016552531228581956,True,-0.43027939989403874,-38.228212146607426,50,False
BCAM,2_minus_1,243.0,0.00023736045589534146,0.0016552531228581956,False,0.100268038559769,0.0,50,False
SPARCL1,2_minus_1,269.0,0.0002409992117797799,0.0016552531228581956,True,-0.14003677296082623,-36.3998350216899,50,False
TMPRSS15,2_minus_1,269.0,0.0002409992117797799,0.0016552531228581956,False,0.5168258337347029,0.0,50,False
SLITRK1,2_minus_1,269.0,0.0002409992117797799,0.0016552531228581956,True,-0.24430426816307785,-37.15637868848033,50,False
GPHA2,2_minus_1,269.0,0.0002409992117797799,0.0016552531228581956,True,-0.16447258763633424,-34.430613902570435,50,False
CLGN,2_minus_1,270.0,0.000251529064962952,0.0017191889488729925,False,0.2987918564406993,0.0,50,False
MASP1,2_minus_1,270.0,0.000251529064962952,0.0017191889488729925,True,-0.21486990705164172,-34.5944653286172,50,False
GP2,2_minus_1,271.0,0.0002624791416003802,0.001789688287522205,True,-0.26861288053560034,-34.189681055498085,50,False
CA5A,2_minus_1,272.0,0.0002738644978439453,0.0018494062971907673,False,0.5331759938644776,0.0,50,False
IFNLR1,2_minus_1,272.0,0.0002738644978439453,0.0018494062971907673,True,-0.14654795692959344,-36.11767324850523,50,False
CFHR2,2_minus_1,272.0,0.0002738644978439453,0.0018494062971907673,True,0.2333637188736442,35.510789909039076,50,False
BRK1,2_minus_1,272.0,0.0002738644978439453,0.0018494062971907673,True,-0.3259309487668217,-37.20902252271632,50,False
NXPH3,2_minus_1,273.0,0.0002857006608838475,0.0019155549072593205,True,-0.25929794200904305,-3.831692504897971,50,False
CD33,2_minus_1,273.0,0.0002857006608838475,0.0019155549072593205,True,-0.13613221897361685,-1.1953267121538949,50,False
KLK15,2_minus_1,273.0,0.0002857006608838475,0.0019155549072593205,True,-0.1901685279294198,-36.530881325890626,50,False
THY1,2_minus_1,274.0,0.00029800364072762875,0.001983872936853434,False,-0.10149507739756378,0.0,50,False
CTSV,2_minus_1,274.0,0.00029800364072762875,0.001983872936853434,True,0.23476085333088856,36.72577927883718,50,False
GPC1,2_minus_1,274.0,0.00029800364072762875,0.001983872936853434,True,-0.0828997243077991,-34.9654433825904,50,False
RECK,2_minus_1,275.0,0.0003107899432901462,0.0020400570636481393,True,-0.13690876173200647,-36.49303537407108,50,False
SNED1,2_minus_1,275.0,0.0003107899432901462,0.0020400570636481393,True,-0.2208825245391675,-37.10942849385377,50,False
CCL21,2_minus_1,275.0,0.0003107899432901462,0.0020400570636481393,True,-0.14702458737458182,-1.9079616876779883,50,False
RTBDN,2_minus_1,275.0,0.0003107899432901462,0.0020400570636481393,True,-0.24891166099014206,-37.09600031798939,50,False
TNFRSF1B,2_minus_1,275.0,0.0003107899432901462,0.0020400570636481393,False,0.1310745092008261,0.0,50,False
CCL19,2_minus_1,275.0,0.0003107899432901462,0.0020400570636481393,True,-0.18856537797424594,-36.78857568663516,50,False
BMP4,2_minus_1,276.0,0.00032407658280853013,0.002122324784160048,True,-0.2455576991331464,-34.96833857230539,50,False
GPR37,2_minus_1,277.0,0.0003378810943459598,0.002197397602028228,False,0.4314088557115571,0.0,50,False
TIMP4,2_minus_1,277.0,0.0003378810943459598,0.002197397602028228,True,-0.20115864350981352,-36.87001774809398,50,False
NME3,2_minus_1,277.0,0.0003378810943459598,0.002197397602028228,True,-0.08991486931691228,-32.65791389575436,50,False
FABP3,2_minus_1,144.0,0.0003497127630787483,0.0022691040111284685,False,0.2977059607438439,0.0,50,False
RGMB,2_minus_1,278.0,0.00035222154756553437,0.0022748988026251027,True,-0.11645144132318505,-34.26633951130139,50,False
PENK,2_minus_1,278.0,0.00035222154756553437,0.0022748988026251027,True,-0.18999530807322948,-36.139921645542856,50,False
PTPRS,2_minus_1,268.0,0.0003612192659803199,0.0023276738054933198,True,-0.1438267567488857,-36.50572741349619,50,False
SCARF2,2_minus_1,279.0,0.000367116559868208,0.0023548980241204416,True,-0.14522086219747532,-36.3359107731872,50,False
LGALS9,2_minus_1,279.0,0.000367116559868208,0.0023548980241204416,False,0.1613079507300788,0.0,50,False
BAG3,2_minus_1,280.0,0.0003825853095680287,0.0024429937227745326,False,0.25709655017393235,0.0,50,False
FLRT2,2_minus_1,280.0,0.0003825853095680287,0.0024429937227745326,False,-0.13374964415833163,0.0,50,False
CSF3,2_minus_1,281.0,0.00039864755038721,0.002534066595689353,True,0.24715997443281726,35.667066450498204,50,False
ANGPT2,2_minus_1,281.0,0.00039864755038721,0.002534066595689353,True,-0.16320736214275455,-0.9261115806845067,50,False
ISLR2,2_minus_1,282.0,0.0004153236253312542,0.00263412461471354,True,-0.4409240845494521,-11.74118764387497,50,False
NT5E,2_minus_1,283.0,0.00043263448054275955,0.00273161142871841,False,0.20092037208127733,0.0,50,False
ITGA5,2_minus_1,283.0,0.00043263448054275955,0.00273161142871841,False,-0.12010414266850764,0.0,50,False
TG,2_minus_1,284.0,0.0004506016805585489,0.002819765183228608,True,-0.2807819270298352,-2.9437813590264046,50,False
B4GAT1,2_minus_1,284.0,0.0004506016805585489,0.002819765183228608,False,0.14706917259781455,0.0,50,False
TCTN3,2_minus_1,284.0,0.0004506016805585489,0.002819765183228608,False,0.10582394731545916,0.0,50,False
CLSTN3,2_minus_1,284.0,0.0004506016805585489,0.002819765183228608,True,-0.2552771274387585,-33.16310538532691,50,False
NCAM2,2_minus_1,285.0,0.00046924742287757226,0.0029169994322808908,True,-0.15930399285161811,-2.0802626628743215,50,False
NCS1,2_minus_1,285.0,0.00046924742287757226,0.0029169994322808908,False,0.14770676521331116,0.0,50,False
APOA2,2_minus_1,285.0,0.00046924742287757226,0.0029169994322808908,False,0.44443265396727516,0.0,50,False
EFNA4,2_minus_1,286.0,0.0004885945525092694,0.00303057766490331,False,0.1382546539057613,0.0,50,False
CDH15,2_minus_1,287.0,0.0005086665780176247,0.003148143041093695,True,-0.17826898339294506,-34.50737282286039,50,False
RANBP2,2_minus_1,278.0,0.0005197343287284572,0.0032095874335511744,True,-0.29193843920546714,-36.305872486405846,50,False
CTSZ,2_minus_1,152.0,0.0005246308602663869,0.003232736329343863,False,0.1486236746493341,0.0,50,False
PCSK9,2_minus_1,288.0,0.0005294876867694143,0.003248447333208433,True,0.40851237452397193,30.709808359195705,50,False
FBLN2,2_minus_1,288.0,0.0005294876867694143,0.003248447333208433,False,0.10718585479426584,0.0,50,False
RARRES2,2_minus_1,289.0,0.0005510827602233093,0.003351725815958615,False,0.21925176064701335,0.0,50,False
ATRN,2_minus_1,289.0,0.0005510827602233093,0.003351725815958615,True,0.12891290521808052,34.24906270126713,50,False
ITGB5,2_minus_1,289.0,0.0005510827602233093,0.003351725815958615,True,-0.20398370017323555,-35.63088990672854,50,False
PRRT3,2_minus_1,289.0,0.0005510827602233093,0.003351725815958615,True,-0.14973166191330683,-2.398461417651593,50,False
GFRAL,2_minus_1,290.0,0.0005734773907004609,0.003465477107752141,True,-0.24955092950478844,-1.476660946244962,50,False
PTPRN2,2_minus_1,290.0,0.0005734773907004609,0.003465477107752141,True,-0.24135082803953278,-36.74110333398512,50,False
CHRDL1,2_minus_1,290.0,0.0005734773907004609,0.003465477107752141,True,-0.1446538383971807,-36.2036153957304,50,False
MMP1,2_minus_1,291.0,0.0005966978973450665,0.0035903873481275797,False,0.3989749340968304,0.0,50,False
CCL27,2_minus_1,291.0,0.0005966978973450665,0.0035903873481275797,True,-0.22642999486782228,-36.55172453877453,50,False
CEND1,2_minus_1,292.0,0.0006207713421488847,0.0037193448925345947,True,-0.2888134375497686,-36.34538025918758,50,False
KIR2DL3,2_minus_1,292.0,0.0006207713421488847,0.0037193448925345947,True,-0.2620809848169106,-36.98286064299042,50,False
NELL2,2_minus_1,293.0,0.0006457255474483503,0.0038443195382971552,True,-0.0844648301702649,-33.85141070752336,50,False
IGSF21,2_minus_1,293.0,0.0006457255474483503,0.0038443195382971552,True,-0.12143392350599826,-36.30465689160112,50,False
AOC3,2_minus_1,293.0,0.0006457255474483503,0.0038443195382971552,True,-0.14841262020532958,-3.7110020465631037,50,False
FAM3D,2_minus_1,294.0,0.0006715891126169993,0.003981463033956779,True,-0.2394804159882161,-34.357243748228136,50,False
SPAG1,2_minus_1,294.0,0.0006715891126169993,0.003981463033956779,False,-0.27676404883814326,0.0,50,False
APLP1,2_minus_1,295.0,0.0006983914307809869,0.004122998467671403,True,-0.2909197984164795,-36.918861307173124,50,False
SEPTIN3,2_minus_1,295.0,0.0006983914307809869,0.004122998467671403,True,-0.2392830328783395,-36.16885253470459,50,False
IGF1R,2_minus_1,297.0,0.0007549339759211904,0.004428945992070984,True,-0.08862452233684678,-34.624593247795694,50,False
OLFM4,2_minus_1,297.0,0.0007549339759211904,0.004428945992070984,False,0.29375983790841914,0.0,50,False
CAPS,2_minus_1,297.0,0.0007549339759211904,0.004428945992070984,False,0.2535542652152267,0.0,50,False
DLL1,2_minus_1,298.0,0.0007847371187263974,0.004584688228907749,False,0.11968328879002905,0.0,50,False
GAL,2_minus_1,298.0,0.0007847371187263974,0.004584688228907749,True,-0.1785930046904237,-3.839658792750091,50,False
SERPING1,2_minus_1,300.0,0.0008475708983652908,0.004921153917106512,True,-0.09357663592866136,-2.9207927999377272,50,False
IL22RA1,2_minus_1,300.0,0.0008475708983652908,0.004921153917106512,False,0.38906269330488874,0.0,50,False
CTSO,2_minus_1,300.0,0.0008475708983652908,0.004921153917106512,False,0.2217009403718977,0.0,50,False
SIAE,2_minus_1,301.0,0.0008806696990912855,0.0050923323873533054,False,0.19418640185904137,0.0,50,False
SEMA3F,2_minus_1,301.0,0.0008806696990912855,0.0050923323873533054,False,0.2150217267340133,0.0,50,False
SERPINA12,2_minus_1,163.0,0.0009001730774326843,0.005194441364857456,False,0.2589544753344998,0.0,50,False
SPOCK1,2_minus_1,302.0,0.0009149367393188612,0.005268838155259537,False,-0.15901613366085915,0.0,50,False
PVR,2_minus_1,304.0,0.0009871220775430345,0.005672930143594255,False,0.16014620405791985,0.0,50,False
LY75,2_minus_1,305.0,0.0010251160635235124,0.005831771383600426,True,-0.12552894313632867,-13.716276457306332,50,False
KYNU,2_minus_1,305.0,0.0010251160635235124,0.005831771383600426,True,-0.28104722564543216,-34.8244314039241,50,False
ITGAV,2_minus_1,305.0,0.0010251160635235124,0.005831771383600426,True,-0.089161234887465,-35.294833807524086,50,False
OMP,2_minus_1,305.0,0.0010251160635235124,0.005831771383600426,True,-0.2073517132508402,-34.81776014959876,50,False
CCL8,2_minus_1,305.0,0.0010251160635235124,0.005831771383600426,True,-0.2512355856357146,-36.373939938885485,50,False
KLRD1,2_minus_1,306.0,0.0010644297047850415,0.006018943872840717,False,0.166059708306943,0.0,50,False
NOTCH3,2_minus_1,306.0,0.0010644297047850415,0.006018943872840717,True,-0.19425586965518576,-32.701187554582276,50,False
VWC2L,2_minus_1,306.0,0.0010644297047850415,0.006018943872840717,True,-0.14127404196831544,-34.281336057469005,50,False
CELSR2,2_minus_1,307.0,0.0011051033525024678,0.006211519043207484,True,-0.11866397667427689,-35.739896923801275,50,False
CHRDL2,2_minus_1,307.0,0.0011051033525024678,0.006211519043207484,True,-0.12192789221825615,-34.84249419182359,50,False
MCAM,2_minus_1,307.0,0.0011051033525024678,0.006211519043207484,True,-0.1368309103271627,-36.51866675662778,50,False
GPR158,2_minus_1,308.0,0.0011471783973160399,0.006371704865566012,True,-0.26275325810110334,-36.83839478298153,50,False
NEO1,2_minus_1,308.0,0.0011471783973160399,0.006371704865566012,True,-0.12202298694458144,-36.149699130498036,50,False
CA12,2_minus_1,308.0,0.0011471783973160399,0.006371704865566012,False,0.10063547027425651,0.0,50,False
CCL22,2_minus_1,308.0,0.0011471783973160399,0.006371704865566012,True,-0.13915228855301404,-0.9869494927880333,50,False
TNFSF10,2_minus_1,308.0,0.0011471783973160399,0.006371704865566012,True,-0.10344665541075304,-2.406435344268819,50,False
ADAMTS13,2_minus_1,168.0,0.001142763308129007,0.006371704865566012,True,-0.0935857758455434,-35.63284129193293,50,False
IFNGR1,2_minus_1,309.0,0.001190697289374043,0.00656165081580686,False,0.07438231028639483,0.0,50,False
SYT1,2_minus_1,309.0,0.001190697289374043,0.00656165081580686,True,-0.2188461079176796,-36.63900411779224,50,False
TEK,2_minus_1,309.0,0.001190697289374043,0.00656165081580686,True,-0.08525681038991206,-35.432361529464,50,False
FCRL5,2_minus_1,309.0,0.001190697289374043,0.00656165081580686,True,-0.13946078930283967,-1.9623799590706885,50,False
INHBC,2_minus_1,310.0,0.001235703558341683,0.006796369570879257,False,0.2335194803346859,0.0,50,False
IGLC2,2_minus_1,311.0,0.001282241835095732,0.007011248558504042,True,-0.07310962131398016,-32.255484132898886,50,False
SOWAHA,2_minus_1,311.0,0.001282241835095732,0.007011248558504042,True,-0.3194355134038313,-37.26787314656846,50,False
EDIL3,2_minus_1,311.0,0.001282241835095732,0.007011248558504042,True,-0.26351905056484526,-35.992412353079146,50,False
TNFRSF13C,2_minus_1,312.0,0.0013303578723942167,0.007260247613686268,True,-0.24678265474324046,-37.25281671440589,50,False
KDR,2_minus_1,313.0,0.0013800985654270903,0.007473764538928243,True,0.10433721334771183,3.847312005877545,50,False
ADGRF5,2_minus_1,313.0,0.0013800985654270903,0.007473764538928243,False,0.18728453298992412,0.0,50,False
CDHR2,2_minus_1,313.0,0.0013800985654270903,0.007473764538928243,True,-0.15838705814268206,-0.9497097754868251,50,False
COMP,2_minus_1,172.0,0.0013789141248666404,0.007473764538928243,False,-0.09073409201944764,0.0,50,False
CKB,2_minus_1,314.0,0.0014315119741414861,0.007693010914470277,True,-0.18670553484121374,-33.61298555085046,50,False
BMPER,2_minus_1,314.0,0.0014315119741414861,0.007693010914470277,True,-0.0887666910028584,-34.861098700015646,50,False
VAT1,2_minus_1,314.0,0.0014315119741414861,0.007693010914470277,True,-0.06283041596518846,-33.71759001956593,50,False
TAFA5,2_minus_1,314.0,0.0014315119741414861,0.007693010914470277,True,-0.19298759867393794,-36.0154580791077,50,False
COL9A1,2_minus_1,315.0,0.0014846473444478647,0.007963365565647975,False,0.1627797967490445,0.0,50,False
CD99,2_minus_1,316.0,0.001539555129280501,0.008242181072345799,True,-0.13683803771857514,-35.05725865556818,50,False
ENTPD5,2_minus_1,317.0,0.0015962870115284744,0.008497437097285792,True,-0.09739932316040406,-32.75667866156149,50,False
CD99L2,2_minus_1,317.0,0.0015962870115284744,0.008497437097285792,True,0.10742148100400145,34.29085511627251,50,False
LILRA2,2_minus_1,317.0,0.0015962870115284744,0.008497437097285792,True,-0.14203143858016298,-34.54809149850919,50,False
SNAP25,2_minus_1,318.0,0.001654895925714328,0.00875974986242772,True,-0.21295002858429615,-36.331284273689455,50,False
SERPINI2,2_minus_1,318.0,0.001654895925714328,0.00875974986242772,True,-0.16476661129655168,-0.8398689708709413,50,False
LMOD1,2_minus_1,318.0,0.001654895925714328,0.00875974986242772,False,0.181139224495023,0.0,50,False
PAM,2_minus_1,319.0,0.001715436079566146,0.009046194756663422,False,0.09952959455257956,0.0,50,False
IL3RA,2_minus_1,319.0,0.001715436079566146,0.009046194756663422,True,-0.15831174760665295,-36.27627267204656,50,False
PCDH17,2_minus_1,320.0,0.0017779629774352657,0.009340939821749456,True,0.17106477198716233,30.961899918593023,50,False
NPPC,2_minus_1,320.0,0.0017779629774352657,0.009340939821749456,True,-0.25903307391471875,-35.57896588776932,50,False
DPP10,2_minus_1,321.0,0.0018425334424101436,0.009608470692272155,True,-0.12065031841276119,-36.10425012136474,50,False
GPA33,2_minus_1,321.0,0.0018425334424101436,0.009608470692272155,True,-0.4280387042401428,-1.7076110822342583,50,False
C1QTNF9,2_minus_1,321.0,0.0018425334424101436,0.009608470692272155,True,-0.08195653330030274,-0.7526934897908474,50,False
FTCD,2_minus_1,321.0,0.0018425334424101436,0.009608470692272155,False,0.47161487342385855,0.0,50,False
TSHB,2_minus_1,324.0,0.002049094724295486,0.010607078572823692,True,0.5527105470017685,37.88489851418324,50,False
OCLN,2_minus_1,324.0,0.002049094724295486,0.010607078572823692,False,0.2481131579894244,0.0,50,False
NLGN2,2_minus_1,324.0,0.002049094724295486,0.010607078572823692,True,-0.24754456847225306,-36.86155942929113,50,False
PDE4D,2_minus_1,324.0,0.002049094724295486,0.010607078572823692,True,-0.222651280984637,-34.25167656353299,50,False
FCRL3,2_minus_1,325.0,0.0021224348550905603,0.010926465360027456,True,-0.24265587639106842,-36.60685148281929,50,False
KLK10,2_minus_1,325.0,0.0021224348550905603,0.010926465360027456,True,-0.17032847189676262,-36.41523148081504,50,False
CEACAM16,2_minus_1,325.0,0.0021224348550905603,0.010926465360027456,True,0.16617963750368647,33.45030598105327,50,False
CCDC80,2_minus_1,326.0,0.0021981232450851707,0.011233965622794629,True,-0.15082143400493786,-1.299089776883944,50,False
LRP11,2_minus_1,326.0,0.0021981232450851707,0.011233965622794629,False,0.12614651402089244,0.0,50,False
NID1,2_minus_1,326.0,0.0021981232450851707,0.011233965622794629,False,0.2276778007078673,0.0,50,False
FCER1A,2_minus_1,326.0,0.0021981232450851707,0.011233965622794629,True,-0.18258192596934703,-36.605024074217994,50,False
CPB2,2_minus_1,328.0,0.002356807144249018,0.011979727289179122,False,0.11523353134676115,0.0,50,False
PDCD1,2_minus_1,328.0,0.002356807144249018,0.011979727289179122,True,-0.17076842280594734,-2.8622494192089003,50,False
CD177,2_minus_1,328.0,0.002356807144249018,0.011979727289179122,True,0.11298599340656232,34.31313679154315,50,False
CXCL17,2_minus_1,329.0,0.0024399375469918994,0.012291349073934147,True,-0.22399256614722823,-37.25817474539396,50,False
TGFBR3,2_minus_1,329.0,0.0024399375469918994,0.012291349073934147,False,0.17386687435857645,0.0,50,False
GALNT7,2_minus_1,329.0,0.0024399375469918994,0.012291349073934147,True,-0.0962948783779928,-1.6052216419025667,50,False
PILRB,2_minus_1,329.0,0.0024399375469918994,0.012291349073934147,False,0.14892965988999773,0.0,50,False
NPY,2_minus_1,329.0,0.0024399375469918994,0.012291349073934147,True,-0.22971643295444977,-37.05937598502382,50,False
AGT,2_minus_1,330.0,0.002525686043762576,0.01263291633967214,True,-0.17181217342656707,-36.248376096555795,50,False
LUZP2,2_minus_1,330.0,0.002525686043762576,0.01263291633967214,True,-0.13239333441742052,-2.3707018858631224,50,False
HS6ST2,2_minus_1,330.0,0.002525686043762576,0.01263291633967214,False,0.122608691724996,0.0,50,False
CBLIF,2_minus_1,330.0,0.002525686043762576,0.01263291633967214,False,-0.20415565126321322,0.0,50,False
SPINT3,2_minus_1,332.0,0.0027053239960554976,0.013412310515655425,False,-0.3279532537110895,0.0,50,False
SEMA3G,2_minus_1,332.0,0.0027053239960554976,0.013412310515655425,False,0.2008492331655456,0.0,50,False
VEGFB,2_minus_1,332.0,0.0027053239960554976,0.013412310515655425,True,-0.25221746838754,-36.26595745999862,50,False
POLR2F,2_minus_1,332.0,0.0027053239960554976,0.013412310515655425,False,0.1709973743603307,0.0,50,False
APOA1,2_minus_1,332.0,0.0027053239960554976,0.013412310515655425,True,0.13722429571759903,34.58384192881845,50,False
STAB2,2_minus_1,333.0,0.002799360749817126,0.013854129826862963,False,0.0623897075905185,0.0,50,False
FCGR3B,2_minus_1,334.0,0.002896310240339872,0.014209076022294565,True,-0.11356782290323802,-1.091713244595256,50,False
DSG3,2_minus_1,334.0,0.002896310240339872,0.014209076022294565,True,-0.08478563533351505,-0.9671043346026458,50,False
EFHD1,2_minus_1,334.0,0.002896310240339872,0.014209076022294565,False,-0.14110881806516565,0.0,50,False
DDC,2_minus_1,334.0,0.002896310240339872,0.014209076022294565,True,-0.23232923624415835,-37.19831619447375,50,False
CTSC,2_minus_1,334.0,0.002896310240339872,0.014209076022294565,False,0.14827253475774582,0.0,50,False
TPP1,2_minus_1,335.0,0.002996250182501825,0.014673809589435025,False,0.10803389581111922,0.0,50,False
IL1RAP,2_minus_1,336.0,0.003099259960384515,0.015047441462832404,False,0.1612667469232018,0.0,50,False
LILRA6,2_minus_1,336.0,0.003099259960384515,0.015047441462832404,False,0.1100216836311192,0.0,50,False
UPB1,2_minus_1,336.0,0.003099259960384515,0.015047441462832404,False,0.5511106751910508,0.0,50,False
CD5,2_minus_1,336.0,0.003099259960384515,0.015047441462832404,True,-0.15684828376729065,-36.484845685697685,50,False
L1CAM,2_minus_1,336.0,0.003099259960384515,0.015047441462832404,True,-0.08445820887770546,-32.77266825011654,50,False
GFRA3,2_minus_1,337.0,0.0032054206503495664,0.015509389263547044,True,-0.15362463488304784,-7.16154978834995,50,False
GGT5,2_minus_1,337.0,0.0032054206503495664,0.015509389263547044,True,-0.09682852433240616,-34.420608011417,50,False
LRTM2,2_minus_1,338.0,0.0033148150460355907,0.015956443025019185,True,-0.2139936699171646,-36.76295116883286,50,False
CCN3,2_minus_1,338.0,0.0033148150460355907,0.015956443025019185,False,0.1861092688424989,0.0,50,False
ADAMTS8,2_minus_1,338.0,0.0033148150460355907,0.015956443025019185,True,-0.10827956584137687,-36.006056036608875,50,False
FAM20A,2_minus_1,339.0,0.0034275276816781997,0.016442790377522675,True,-0.1457331287373424,-26.885474894147524,50,False
NPM1,2_minus_1,339.0,0.0034275276816781997,0.016442790377522675,True,-0.36949100123744916,-34.714584892044314,50,False
ICAM5,2_minus_1,341.0,0.0036632546526647047,0.017454695603898153,True,-0.1899546679831299,-36.15041986102242,50,False
PLAU,2_minus_1,341.0,0.0036632546526647047,0.017454695603898153,False,0.14117559989546097,0.0,50,False
EGFL7,2_minus_1,341.0,0.0036632546526647047,0.017454695603898153,False,0.22196986678570646,0.0,50,False
PLXDC1,2_minus_1,341.0,0.0036632546526647047,0.017454695603898153,True,-0.16110470496520418,-0.8741700565842146,50,False
SFTPA2,2_minus_1,342.0,0.0037864469724659955,0.01789032663500712,True,0.2961469295202791,36.14807197962946,50,False
PARP1,2_minus_1,342.0,0.0037864469724659955,0.01789032663500712,True,-0.1120435983779005,-35.84400019313778,50,False
HRC,2_minus_1,342.0,0.0037864469724659955,0.01789032663500712,True,-0.08674405296458604,-1.856154200336543,50,False
ZNF830,2_minus_1,342.0,0.0037864469724659955,0.01789032663500712,True,-0.14429106355962867,-35.94133800265758,50,False
AMBP,2_minus_1,342.0,0.0037864469724659955,0.01789032663500712,True,-0.07024936961214825,-34.995662268912305,50,False
SERPINA5,2_minus_1,343.0,0.003913313547160513,0.018427911285625424,False,0.15307090285912364,0.0,50,False
CTSH,2_minus_1,343.0,0.003913313547160513,0.018427911285625424,False,-0.21288741627636293,0.0,50,False
LY96,2_minus_1,344.0,0.004043947968749961,0.0188539031125826,True,-0.06945637746723557,-34.03682285586905,50,False
SRP14,2_minus_1,344.0,0.004043947968749961,0.0188539031125826,True,-0.1887162296028403,-34.703191585949746,50,False
IL19,2_minus_1,344.0,0.004043947968749961,0.0188539031125826,False,0.21028999814276228,0.0,50,False
LAYN,2_minus_1,344.0,0.004043947968749961,0.0188539031125826,False,0.10549965239198848,0.0,50,False
CPOX,2_minus_1,344.0,0.004043947968749961,0.0188539031125826,True,-0.15316121818908812,-35.99217685122387,50,False
RNF31,2_minus_1,344.0,0.004043947968749961,0.0188539031125826,True,-0.4524555781981006,-36.737134031038494,50,False
PEAR1,2_minus_1,345.0,0.004178445711550793,0.01938468389411373,True,-0.12038678798835704,-1.999618524946186,50,False
XG,2_minus_1,345.0,0.004178445711550793,0.01938468389411373,True,-0.1149026624357049,-4.212922076478141,50,False
SCARA5,2_minus_1,345.0,0.004178445711550793,0.01938468389411373,True,-0.12385020622428344,-35.63237036338762,50,False
FCRL2,2_minus_1,346.0,0.004316904154682888,0.019961251395052563,True,-0.1491264140604108,-33.931009159582715,50,False
TNFSF14,2_minus_1,346.0,0.004316904154682888,0.019961251395052563,True,-0.194690270966247,-36.709263304436696,50,False
COL1A1,2_minus_1,348.0,0.004606102327862516,0.021125055627460657,True,-0.21471955737491816,-34.47607219078439,50,False
NGFR,2_minus_1,348.0,0.004606102327862516,0.021125055627460657,True,-0.17814704566624676,-36.90816422813193,50,False
C2,2_minus_1,348.0,0.004606102327862516,0.021125055627460657,False,0.0756179483851552,0.0,50,False
ENOPH1,2_minus_1,348.0,0.004606102327862516,0.021125055627460657,True,-0.3553555286391785,-36.55975022503869,50,False
SBSN,2_minus_1,348.0,0.004606102327862516,0.021125055627460657,True,-0.15496856111319313,-3.284468362596169,50,False
MORF4L2,2_minus_1,267.0,0.004690837130472341,0.021478694893349776,True,-0.06533495132599054,-30.67254871897613,50,False
GALNT5,2_minus_1,349.0,0.004757046552823496,0.02167612150930577,True,-0.2532665055468702,-3.015019734944412,50,False
MARCO,2_minus_1,349.0,0.004757046552823496,0.02167612150930577,False,0.07190101158436389,0.0,50,False
TMEM132A,2_minus_1,349.0,0.004757046552823496,0.02167612150930577,True,0.5819724229451579,36.7305346408211,50,False
RNF149,2_minus_1,351.0,0.0050721514649119115,0.02300028748018026,False,0.1191018007377333,0.0,50,False
LRIG3,2_minus_1,351.0,0.0050721514649119115,0.02300028748018026,False,0.15851989763649826,0.0,50,False
C7,2_minus_1,351.0,0.0050721514649119115,0.02300028748018026,False,-0.06578139284856051,0.0,50,False
IL17RB,2_minus_1,352.0,0.005236528699732901,0.023593703709516557,False,-0.10616384206391927,-0.5602889709954416,50,False
SCARB2,2_minus_1,352.0,0.005236528699732901,0.023593703709516557,False,0.05744122362243731,0.0,50,False
VSIR,2_minus_1,352.0,0.005236528699732901,0.023593703709516557,False,0.2688699560266987,0.0,50,False
RBFOX3,2_minus_1,352.0,0.005236528699732901,0.023593703709516557,False,-0.1603217065445654,0.0,50,False
CD83,2_minus_1,353.0,0.0054056035788701,0.024200603621777745,True,-0.12357085768386267,-35.97020627013586,50,False
GALNT10,2_minus_1,353.0,0.0054056035788701,0.024200603621777745,False,0.09294795292702784,0.0,50,False
PTPRF,2_minus_1,353.0,0.0054056035788701,0.024200603621777745,False,0.1300715232136554,0.0,50,False
CD300E,2_minus_1,353.0,0.0054056035788701,0.024200603621777745,False,0.20010045196320383,0.0,50,False
CD86,2_minus_1,354.0,0.005579489549422334,0.024899908987596343,True,-0.13075349904666309,-36.45512811989951,50,False
CD72,2_minus_1,354.0,0.005579489549422334,0.024899908987596343,True,-0.18438925910648513,-35.56449102363701,50,False
FKBP7,2_minus_1,355.0,0.005758302166270823,0.02553602976412384,True,-0.2911211081785787,-36.07696917458034,50,False
PRR4,2_minus_1,355.0,0.005758302166270823,0.02553602976412384,True,-0.28188207848304975,-1.9869742757230238,50,False
VSTM2L,2_minus_1,355.0,0.005758302166270823,0.02553602976412384,True,-0.25411347689580477,-34.64537216813078,50,False
CFP,2_minus_1,355.0,0.005758302166270823,0.02553602976412384,True,0.05369254581223451,34.815400562312306,50,False
C1QTNF6,2_minus_1,356.0,0.00594215911497642,0.02622746092127523,False,0.2181902948482328,0.0,50,False
DTNB,2_minus_1,356.0,0.00594215911497642,0.02622746092127523,False,0.1445228377189107,0.0,50,False
APCS,2_minus_1,356.0,0.00594215911497642,0.02622746092127523,False,0.13563384857897148,0.0,50,False
DEFA1_DEFA1B,2_minus_1,357.0,0.006131180232502587,0.02701941085246836,False,0.18574101793397088,0.0,50,False
RASGRF1,2_minus_1,275.0,0.006195871565159537,0.02721930472307216,False,-0.14840267732584583,0.0,50,False
DCUN1D2,2_minus_1,275.0,0.006195871565159537,0.02721930472307216,True,-0.3262894718213083,-35.52438033079079,50,False
STC1,2_minus_1,358.0,0.006325487527247375,0.027403958271890166,True,-0.22080810865952727,-37.087350116040525,50,False
IDO1,2_minus_1,358.0,0.006325487527247375,0.027403958271890166,True,-0.17784402504362462,-35.5323292378522,50,False
HEXIM1,2_minus_1,358.0,0.006325487527247375,0.027403958271890166,False,0.25461149758873136,0.0,50,False
COCH,2_minus_1,358.0,0.006325487527247375,0.027403958271890166,False,-0.12843560530206893,0.0,50,False
INPP5J,2_minus_1,358.0,0.006325487527247375,0.027403958271890166,False,-0.2806815292923146,0.0,50,False
USP47,2_minus_1,358.0,0.006325487527247375,0.027403958271890166,True,-0.22766440703197793,-35.68142139734615,50,False
CEACAM21,2_minus_1,358.0,0.006325487527247375,0.027403958271890166,False,0.13292089691251427,0.48449639798696836,50,False
DDI2,2_minus_1,358.0,0.006325487527247375,0.027403958271890166,True,-0.41283347016329563,-36.03715041083374,50,False
AZU1,2_minus_1,358.0,0.006325487527247375,0.027403958271890166,True,-0.33298843516129506,-36.28791139884001,50,False
SLITRK2,2_minus_1,359.0,0.006525205201144857,0.028182481359545885,True,-0.11410413353148816,-35.425094162993396,50,False
ITGB1,2_minus_1,359.0,0.006525205201144857,0.028182481359545885,True,-0.09253791913526299,-34.3753474762618,50,False
EPHA2,2_minus_1,208.0,0.006624734705793103,0.02856853435147531,False,0.029236231416254088,0.0,50,False
LXN,2_minus_1,360.0,0.006730459669450184,0.02893583882316293,True,-0.14391346992111043,-1.6441600748850416,50,False
NFASC,2_minus_1,360.0,0.006730459669450184,0.02893583882316293,True,-0.14735078301693466,-34.65616374550247,50,False
DNLZ,2_minus_1,361.0,0.0069413795797625966,0.029751788274903306,False,-0.3241335783525185,0.0,50,False
SKAP1,2_minus_1,361.0,0.0069413795797625966,0.029751788274903306,True,-0.12442768194962515,-34.872580140366885,50,False
TNFRSF1A,2_minus_1,362.0,0.007158095833210254,0.03054120888836375,False,0.08013971670776576,0.0,50,False
CD276,2_minus_1,362.0,0.007158095833210254,0.03054120888836375,True,-0.07353656785261478,-1.726115294540934,50,False
CFH,2_minus_1,362.0,0.007158095833210254,0.03054120888836375,False,0.07189830047061581,0.0,50,False
CFHR4,2_minus_1,363.0,0.007380741603101981,0.03130145836496262,True,-0.0760157694381548,-35.18154299542526,50,False
EPCAM,2_minus_1,363.0,0.007380741603101981,0.03130145836496262,True,-0.19712885048483247,-0.8329617512819211,50,False
REXO2,2_minus_1,363.0,0.007380741603101981,0.03130145836496262,False,-0.1777687289579451,0.0,50,False
CNDP1,2_minus_1,363.0,0.007380741603101981,0.03130145836496262,False,0.13411003488557505,0.0,50,False
ACP5,2_minus_1,211.0,0.007476979171432938,0.03166191480715061,True,-0.08317411271229685,-34.972003809379025,50,False
GDNF,2_minus_1,364.0,0.007609452352863144,0.032126263606690575,True,-0.20908628708943083,-36.575816236162396,50,False
GNGT1,2_minus_1,364.0,0.007609452352863144,0.032126263606690575,True,-0.3511132112513111,-34.20018637796263,50,False
AHNAK2,2_minus_1,365.0,0.00784436585604098,0.033068464447023056,True,0.1349162702824335,27.684657370130687,50,False
GSN,2_minus_1,366.0,0.008085622213709343,0.03393310306081298,True,-0.056377196942517444,-0.7533041714639899,50,False
CD38,2_minus_1,366.0,0.008085622213709343,0.03393310306081298,True,-0.08424633519415431,-34.557507609123505,50,False
CALB1,2_minus_1,366.0,0.008085622213709343,0.03393310306081298,False,0.15347878510811,0.0,50,False
CD80,2_minus_1,367.0,0.008333363871146915,0.034868874682243256,True,-0.1582289646902926,-34.52515027704165,50,False
DHPS,2_minus_1,367.0,0.008333363871146915,0.034868874682243256,False,0.18232638567057913,0.0,50,False
CLUL1,2_minus_1,368.0,0.008587735636506721,0.035615704789989586,True,-0.0728133436199088,-34.90521838634849,50,False
CTSD,2_minus_1,368.0,0.008587735636506721,0.035615704789989586,False,0.12525220553981825,0.0,50,False
MAEA,2_minus_1,368.0,0.008587735636506721,0.035615704789989586,True,-0.44869333959457375,-35.20756399176624,50,False
RPL14,2_minus_1,368.0,0.008587735636506721,0.035615704789989586,True,-0.22176269131659157,-31.519845527701335,50,False
CPM,2_minus_1,368.0,0.008587735636506721,0.035615704789989586,False,0.1409372765802248,0.0,50,False
PHLDB1,2_minus_1,368.0,0.008587735636506721,0.035615704789989586,True,0.25636698455195917,33.972529065210914,50,False
DDX1,2_minus_1,369.0,0.008848884696840642,0.03637731285591715,True,-0.38251574122525867,-33.5412939096537,50,False
MFGE8,2_minus_1,369.0,0.008848884696840642,0.03637731285591715,False,0.19529946953456792,0.0,50,False
CPXM2,2_minus_1,369.0,0.008848884696840642,0.03637731285591715,False,0.14634114973900997,0.0,50,False
PCDHB15,2_minus_1,369.0,0.008848884696840642,0.03637731285591715,False,-0.1167414114463178,0.0,50,False
BGN,2_minus_1,369.0,0.008848884696840642,0.03637731285591715,False,0.2693514255626008,0.0,50,False
RRM2,2_minus_1,369.0,0.008848884696840642,0.03637731285591715,True,0.2780748379240476,34.17373850013555,50,False
AIF1L,2_minus_1,370.0,0.009116960633276605,0.03737024911689508,True,-0.14625001515562813,-35.976181469193754,50,False
KCNIP4,2_minus_1,370.0,0.009116960633276605,0.03737024911689508,True,-0.45291409531871596,-37.22199594815425,50,False
CD79B,2_minus_1,371.0,0.00939211543820484,0.038330720397079465,True,-0.1346475912509466,-0.9941386961027502,50,False
NCR1,2_minus_1,371.0,0.00939211543820484,0.038330720397079465,True,0.12049151135331759,34.11346815731736,50,False
TMEM25,2_minus_1,371.0,0.00939211543820484,0.038330720397079465,True,-0.16558303575816202,-35.902381322601926,50,False
ATF4,2_minus_1,288.0,0.009583853950691513,0.03905663201902648,True,-0.14124181305282113,-33.859969494598374,50,False
CPTP,2_minus_1,372.0,0.009674503529771172,0.03925562239169398,True,-0.2494851380651321,-36.23162616318243,50,False
PDGFRB,2_minus_1,372.0,0.009674503529771172,0.03925562239169398,True,-0.059907239779565157,-1.8324545457281636,50,False
NID2,2_minus_1,372.0,0.009674503529771172,0.03925562239169398,False,0.19296627907867864,0.0,50,False
DUSP13,2_minus_1,373.0,0.009964281765361349,0.04031525495870339,True,-0.1695174187261993,-1.4986114245725948,50,False
GALNT2,2_minus_1,373.0,0.009964281765361349,0.04031525495870339,False,0.10019317654968075,0.0,50,False
APOC1,2_minus_1,374.0,0.010261609457190346,0.04128098890206859,True,0.16326664248109354,34.53687475030712,50,False
SIGLEC15,2_minus_1,374.0,0.010261609457190346,0.04128098890206859,True,-0.14463640177024648,-36.48912409321044,50,False
ITIH4,2_minus_1,374.0,0.010261609457190346,0.04128098890206859,True,0.11248478094679419,34.24379451430983,50,False
DSG2,2_minus_1,374.0,0.010261609457190346,0.04128098890206859,True,-0.15217605847806084,-35.97845511754462,50,False
GCNT1,2_minus_1,375.0,0.010566648384996213,0.04244747767781646,False,0.11774398540132736,0.0,50,False
THBS2,2_minus_1,220.0,0.010654021698908611,0.042737500148328555,False,0.045538934092708566,0.0,50,False
KEL,2_minus_1,376.0,0.010879562807692977,0.04345652321484173,True,-0.16054815802855876,-35.04638833343373,50,False
TGOLN2,2_minus_1,376.0,0.010879562807692977,0.04345652321484173,True,0.049926417927498856,27.3644773455066,50,False
SFRP4,2_minus_1,376.0,0.010879562807692977,0.04345652321484173,True,0.18999822310315356,36.23323518971125,50,False
TXNDC15,2_minus_1,377.0,0.011200519477185367,0.04442346879965351,False,0.06795670813541015,0.0,50,False
TCN2,2_minus_1,377.0,0.011200519477185367,0.04442346879965351,True,0.10385975237786615,32.91786794140494,50,False
GM2A,2_minus_1,377.0,0.011200519477185367,0.04442346879965351,False,0.057418853668350645,0.0,50,False
CEP164,2_minus_1,377.0,0.011200519477185367,0.04442346879965351,True,-0.1872424824974404,-35.82800698129791,50,False
KLK14,2_minus_1,377.0,0.011200519477185367,0.04442346879965351,True,-0.16725691356452893,-1.4278318877361431,50,False
HNMT,2_minus_1,378.0,0.011529687649083797,0.04540923135639157,True,0.13105524242322675,33.95103040938151,50,False
ART3,2_minus_1,378.0,0.011529687649083797,0.04540923135639157,True,-0.1364836223881059,-34.238188605353,50,False
USP28,2_minus_1,378.0,0.011529687649083797,0.04540923135639157,False,-0.08758550535621093,0.0,50,False
ADAMTS15,2_minus_1,378.0,0.011529687649083797,0.04540923135639157,True,-0.12234185806036885,-1.0198957800710695,50,False
PRR5,2_minus_1,378.0,0.011529687649083797,0.04540923135639157,False,-0.2611264394205325,0.0,50,False
SIGLEC5,2_minus_1,379.0,0.01186723909238907,0.04654337783310254,False,0.15521003870839784,0.0,50,False
CFB,2_minus_1,379.0,0.01186723909238907,0.04654337783310254,True,0.07192042668353374,34.54313127286293,50,False
LYVE1,2_minus_1,379.0,0.01186723909238907,0.04654337783310254,True,0.1474245513905659,35.8646102227694,50,False
MICB_MICA,2_minus_1,380.0,0.012213348101271393,0.0477015093664081,False,-0.09661545346690467,0.0,50,False
TNFRSF8,2_minus_1,380.0,0.012213348101271393,0.0477015093664081,True,-0.16367905924821885,-1.6000643704881583,50,False
CD300LF,2_minus_1,380.0,0.012213348101271393,0.0477015093664081,False,0.12121626062690202,0.0,50,False
CD300LG,2_minus_1,378.5,0.012411839716375014,0.04840961307660947,True,0.09817864310701263,35.35334856771326,50,False
CWC15,2_minus_1,381.0,0.012568191503659065,0.048884015572243,False,-0.08085308397398809,0.0,50,False
ZHX2,2_minus_1,381.0,0.012568191503659065,0.048884015572243,True,-0.12024650864449093,-32.97606672115489,50,False
PCDH12,2_minus_1,382.0,0.012931948668784443,0.04995386481659396,True,-0.1803651814687346,-36.48846659352219,50,False
PADI2,2_minus_1,382.0,0.012931948668784443,0.04995386481659396,True,-0.3434706687918637,-36.33106513506018,50,False
SIT1,2_minus_1,382.0,0.012931948668784443,0.04995386481659396,True,-0.210847134191877,-35.57151467827471,50,False
LCAT,2_minus_1,382.0,0.012931948668784443,0.04995386481659396,False,0.07685673081267966,0.0,50,False
APOM,2_minus_1,382.0,0.012931948668784443,0.04995386481659396,True,0.15401126596378104,35.83877747690771,50,False
CLEC12A,2_minus_1,383.0,0.01330480151673541,0.05125351719716404,False,-0.18499895532999117,-34.55640330581019,50,False
NFIC,2_minus_1,383.0,0.01330480151673541,0.05125351719716404,False,-0.23516584411556435,-34.86319933524269,50,False
FCGR2A,2_minus_1,364.0,0.01343960842408138,0.05170210016695788,False,-0.11526339111278475,-33.35126930566417,50,False
GFRA1,2_minus_1,384.0,0.013686934524772099,0.05258172936119813,False,-0.09910422458067156,-32.75749025865819,50,False
PRSS53,2_minus_1,385.0,0.01407853473248366,0.05393898477098502,False,-0.04758872064065087,0.0,50,False
COL6A3,2_minus_1,385.0,0.01407853473248366,0.05393898477098502,False,0.1281725389691774,0.0,50,False
OXCT1,2_minus_1,386.0,0.014479791748943427,0.05532577145864951,False,-0.209069524874363,-36.65926104161304,50,False
RETN,2_minus_1,386.0,0.014479791748943427,0.05532577145864951,False,0.09008883017080228,34.19349950943912,50,False
GIMAP7,2_minus_1,387.0,0.014890897756602683,0.05681946894660319,False,-0.11627968664764914,-36.01335542230918,50,False
IL24,2_minus_1,388.0,0.01531204751384152,0.05803327832971429,False,0.17553701263152272,0.0,50,False
APOF,2_minus_1,388.0,0.01531204751384152,0.05803327832971429,False,0.07063337687662101,34.88394466994673,50,False
CDKL5,2_minus_1,388.0,0.01531204751384152,0.05803327832971429,False,-0.17578004917642376,0.0,50,False
CFHR5,2_minus_1,388.0,0.01531204751384152,0.05803327832971429,False,0.09033203312646182,35.749167731399886,50,False
F9,2_minus_1,388.0,0.01531204751384152,0.05803327832971429,False,0.1055378526520385,34.99074752177555,50,False
SPRING1,2_minus_1,303.0,0.015470221820568565,0.05855395785849607,False,-0.06693582089991085,0.0,50,False
FCN2,2_minus_1,389.0,0.01574343835962111,0.05926941500092653,False,0.12832601793949255,35.12039512282239,50,False
CCL26,2_minus_1,389.0,0.01574343835962111,0.05926941500092653,False,-0.1720004131097389,-35.4283460464442,50,False
PTPRH,2_minus_1,389.0,0.01574343835962111,0.05926941500092653,False,-0.08849650843338985,0.0,50,False
IGFBP2,2_minus_1,389.0,0.01574343835962111,0.05926941500092653,False,-0.16713795418277363,0.0,50,False
RAB39B,2_minus_1,390.0,0.016185270214664982,0.06068937539879706,False,-0.24093578397185328,-36.24483062218812,50,False
ADA2,2_minus_1,390.0,0.016185270214664982,0.06068937539879706,False,-0.10172018955817413,0.0,50,False
IL31,2_minus_1,390.0,0.016185270214664982,0.06068937539879706,False,-0.26975517858254605,-35.62371934507491,50,False
TGFBR2,2_minus_1,391.0,0.016637745581261854,0.06197340153020288,False,0.05595425331764087,0.0,50,False
ITGB7,2_minus_1,391.0,0.016637745581261854,0.06197340153020288,False,-0.093109504175274,-1.776578595740294,50,False
ADRA2A,2_minus_1,391.0,0.016637745581261854,0.06197340153020288,False,-0.34097594735427256,0.0,50,False
ATOX1,2_minus_1,391.0,0.016637745581261854,0.06197340153020288,False,0.11408430351003182,0.0,50,False
CCL3,2_minus_1,391.0,0.016637745581261854,0.06197340153020288,False,0.20164705381818293,35.11699298797871,50,False
MYBPC1,2_minus_1,392.0,0.017101069545240932,0.06328069886911755,False,0.1563898512480805,0.0,50,False
AGR3,2_minus_1,392.0,0.017101069545240932,0.06328069886911755,False,0.48455323939397005,0.0,50,False
IL18BP,2_minus_1,392.0,0.017101069545240932,0.06328069886911755,False,0.14262801570514494,0.0,50,False
IL17D,2_minus_1,392.0,0.017101069545240932,0.06328069886911755,False,-0.1536821307650458,-35.894986970110715,50,False
KRT8,2_minus_1,392.0,0.017101069545240932,0.06328069886911755,False,0.35140417575557414,0.0,50,False
KIRREL2,2_minus_1,393.0,0.017575449774248852,0.06486561803969171,False,-0.11414470957402456,-2.3746842997487305,50,False
ACTN2,2_minus_1,393.0,0.017575449774248852,0.06486561803969171,False,-0.21998206491010477,0.0,50,False
ITGB2,2_minus_1,394.0,0.01806109651468013,0.06613790349198861,False,-0.07950695077633577,-34.76106474680884,50,False
HIF1A,2_minus_1,394.0,0.01806109651468013,0.06613790349198861,False,-0.19354540137926549,-34.73596834206461,50,False
TRIM40,2_minus_1,394.0,0.01806109651468013,0.06613790349198861,False,-0.41633879725676326,-38.24566214111896,50,False
HADH,2_minus_1,394.0,0.01806109651468013,0.06613790349198861,False,-0.29915414705849414,-31.782615685592887,50,False
SCRG1,2_minus_1,394.0,0.01806109651468013,0.06613790349198861,False,0.17865779682697316,0.0,50,False
DDAH1,2_minus_1,394.0,0.01806109651468013,0.06613790349198861,False,0.143162338008007,0.0,50,False
PROC,2_minus_1,395.0,0.01855822259070905,0.06787007118887882,False,0.10724189244535914,35.96260415338241,50,False
MORN4,2_minus_1,309.0,0.018599882713975564,0.06793420197477976,False,-0.2774501756082391,0.0,50,False
ADD1,2_minus_1,396.0,0.019067043399514816,0.06928102479101125,False,-0.21155298475113823,-33.69291847443739,50,False
BATF,2_minus_1,396.0,0.019067043399514816,0.06928102479101125,False,-0.2834509422405429,-2.9518020253362,50,False
CSPG4,2_minus_1,396.0,0.019067043399514816,0.06928102479101125,False,0.08807753514400465,0.0,50,False
CLEC10A,2_minus_1,396.0,0.019067043399514816,0.06928102479101125,False,-0.0737297307127895,-0.9286219654495862,50,False
STAU1,2_minus_1,310.0,0.019172135437053563,0.06957311003961705,False,-0.21648781703585163,0.0,50,False
FCAR,2_minus_1,397.0,0.01958777690517799,0.07080767620665111,False,-0.10329123384539537,-35.08001130227658,50,False
CA3,2_minus_1,397.0,0.01958777690517799,0.07080767620665111,False,-0.19029719965669967,-33.009995382798735,50,False
ART5,2_minus_1,397.0,0.01958777690517799,0.07080767620665111,False,-0.3155037138441719,-36.829477191685264,50,False
IL17C,2_minus_1,398.0,0.020120643634562896,0.07264068266016553,False,0.24026058946806128,0.0,50,False
SERPINI1,2_minus_1,399.0,0.020665866669398625,0.07394546447398542,False,0.11080233098373131,0.0,50,False
PILRA,2_minus_1,399.0,0.020665866669398625,0.07394546447398542,False,0.11809148212916751,0.0,50,False
NRXN3,2_minus_1,399.0,0.020665866669398625,0.07394546447398542,False,-0.1827325547592035,-35.8360306159774,50,False
FGF5,2_minus_1,399.0,0.020665866669398625,0.07394546447398542,False,-0.09246328888966135,-32.75698191445105,50,False
FLT3LG,2_minus_1,399.0,0.020665866669398625,0.07394546447398542,False,0.10238097956586915,33.97121792319843,50,False
ENTPD2,2_minus_1,399.0,0.020665866669398625,0.07394546447398542,False,-0.14821470171662585,-35.73386669901642,50,False
ADA,2_minus_1,399.0,0.020665866669398625,0.07394546447398542,False,-0.08937307296145,-35.49033321597381,50,False
CELA2A,2_minus_1,400.0,0.02122367163684835,0.0758449991489403,False,-0.07798926014651691,0.0,50,False
EFEMP1,2_minus_1,239.0,0.02153551737775828,0.07686187190845033,False,0.0,0.0,50,False
FURIN,2_minus_1,401.0,0.021794286702137455,0.07758876277271691,False,0.11086128773193442,0.0,50,False
SCN2A,2_minus_1,401.0,0.021794286702137455,0.07758876277271691,False,-0.404713088468331,0.0,50,False
ABL1,2_minus_1,402.0,0.02237794255729675,0.07896777724479655,False,0.15349491101738189,0.0,50,False
FSTL3,2_minus_1,402.0,0.02237794255729675,0.07896777724479655,False,-0.10693331491809817,0.0,50,False
KRT18,2_minus_1,402.0,0.02237794255729675,0.07896777724479655,False,0.11506393961824729,0.0,50,False
IL10RA,2_minus_1,402.0,0.02237794255729675,0.07896777724479655,False,-0.20132076488798045,-35.773954825165475,50,False
CD59,2_minus_1,402.0,0.02237794255729675,0.07896777724479655,False,-0.06718891309012881,0.0,50,False
ANXA11,2_minus_1,402.0,0.02237794255729675,0.07896777724479655,False,0.0805934064847068,0.0,50,False
DKK3,2_minus_1,402.0,0.02237794255729675,0.07896777724479655,False,-0.10466833531106705,-2.9234372035406317,50,False
SIGLEC10,2_minus_1,403.0,0.022974872408266123,0.08087155087709674,False,0.1174663385555634,0.0,50,False
CCN2,2_minus_1,403.0,0.022974872408266123,0.08087155087709674,False,0.1566608528832168,0.0,50,False
TFAP2A,2_minus_1,404.0,0.023585311964122724,0.08230017161210607,False,-0.2970364328473901,-37.58198754335533,50,False
LPL,2_minus_1,404.0,0.023585311964122724,0.08230017161210607,False,-0.23174317944294767,-1.0483901855488738,50,False
MBL2,2_minus_1,404.0,0.023585311964122724,0.08230017161210607,False,0.14772233087039466,0.0,50,False
CALCOCO1,2_minus_1,404.0,0.023585311964122724,0.08230017161210607,False,0.43969189761476224,0.0,50,False
FLT1,2_minus_1,404.0,0.023585311964122724,0.08230017161210607,False,-0.10286741253838905,0.0,50,False
ADGRE1,2_minus_1,404.0,0.023585311964122724,0.08230017161210607,False,0.1309820590266213,35.101132810250434,50,False
ACTN4,2_minus_1,404.0,0.023585311964122724,0.08230017161210607,False,-0.12707376190361142,-29.740861057451564,50,False
CKMT1A_CKMT1B,2_minus_1,405.0,0.02420949942225903,0.08416537083096472,False,-0.30647019061003544,-37.272714006436395,50,False
RPS10,2_minus_1,405.0,0.02420949942225903,0.08416537083096472,False,-0.16026869485361694,-36.686339668366834,50,False
LGALS4,2_minus_1,405.0,0.02420949942225903,0.08416537083096472,False,0.13173284588632947,0.0,50,False
PCNA,2_minus_1,318.0,0.024330705828063497,0.08448245081606265,False,-0.16082441176178353,0.0,50,False
EDNRB,2_minus_1,406.0,0.024847675451864504,0.0858540540766263,False,-0.12241492870304235,0.0,50,False
CD200R1,2_minus_1,406.0,0.024847675451864504,0.0858540540766263,False,-0.06295274855033242,-0.5894015759240082,50,False
BST2,2_minus_1,406.0,0.024847675451864504,0.0858540540766263,False,0.10569723421133609,0.0,50,False
LAMP1,2_minus_1,406.0,0.024847675451864504,0.0858540540766263,False,-0.09899178997270393,-35.57558923879842,50,False
SPESP1,2_minus_1,407.0,0.025500083179634814,0.08757101735835565,False,-0.1401701683034563,-1.1964042333192855,50,False
NFATC3,2_minus_1,407.0,0.025500083179634814,0.08757101735835565,False,-0.15592705345036892,0.0,50,False
SELENOP,2_minus_1,407.0,0.025500083179634814,0.08757101735835565,False,-0.09045145385302544,-1.834407397529206,50,False
VTCN1,2_minus_1,407.0,0.025500083179634814,0.08757101735835565,False,0.22881712786566025,0.0,50,False
CD160,2_minus_1,407.0,0.025500083179634814,0.08757101735835565,False,0.13955164688092186,0.0,50,False
MRPL52,2_minus_1,320.0,0.025794518631106753,0.08847425635224922,False,-0.14137157190825128,0.0,50,False
CEBPB,2_minus_1,408.0,0.02616696817119646,0.08920845323255354,False,-0.24331005657810495,0.0,50,False
MERTK,2_minus_1,408.0,0.02616696817119646,0.08920845323255354,False,0.060309079601421,33.89075768595882,50,False
SCN4B,2_minus_1,408.0,0.02616696817119646,0.08920845323255354,False,-0.11991549294893936,-2.452386418580564,50,False
AOC1,2_minus_1,408.0,0.02616696817119646,0.08920845323255354,False,0.20336141198330437,0.0,50,False
LGALS7_LGALS7B,2_minus_1,408.0,0.02616696817119646,0.08920845323255354,False,-0.19145345194536229,-36.015522240587,50,False
IKBKG,2_minus_1,409.0,0.026848578410895385,0.09120096116415127,False,0.23177768980267913,0.0,50,False
GSR,2_minus_1,409.0,0.026848578410895385,0.09120096116415127,False,-0.10573257697909984,-34.28709732703093,50,False
CRYBB2,2_minus_1,409.0,0.026848578410895385,0.09120096116415127,False,-0.0579731584114051,-1.6034932082613247,50,False
ACY1,2_minus_1,410.0,0.027545164283727885,0.09334197668228367,False,0.1946134475797946,0.0,50,False
SIRPB1,2_minus_1,410.0,0.027545164283727885,0.09334197668228367,False,0.09321554651607478,0.0,50,False
RBM19,2_minus_1,411.0,0.028256978552906986,0.0954096542026212,False,-0.25067212899510005,-33.38816368752309,50,False
BHMT2,2_minus_1,411.0,0.028256978552906986,0.0954096542026212,False,-0.16722518860884722,-36.06755800853086,50,False
PADI4,2_minus_1,411.0,0.028256978552906986,0.0954096542026212,False,-0.2037791466605396,-31.655264559662545,50,False
FUT8,2_minus_1,412.0,0.02898427633581413,0.0976312466048476,False,0.13031627043318533,0.0,50,False
IL13RA2,2_minus_1,412.0,0.02898427633581413,0.0976312466048476,False,-0.5342559277272589,0.0,50,False
VSIG10L,2_minus_1,413.0,0.029727315082014982,0.09977606587718021,False,-0.23705853153097756,-36.67311463147998,50,False
NT5C1A,2_minus_1,413.0,0.029727315082014982,0.09977606587718021,False,0.19105685563870278,0.0,50,False
SPP1,2_minus_1,413.0,0.029727315082014982,0.09977606587718021,False,-0.10096273825965194,0.0,50,False
GAD1,2_minus_1,325.0,0.02979133016623615,0.09987188779538216,False,-0.22271530343455354,0.0,50,False
IFNL1,2_minus_1,414.0,0.03048635454688231,0.10183816655281208,False,-0.22718125779485226,-33.14897581374546,50,False
AKR7L,2_minus_1,414.0,0.03048635454688231,0.10183816655281208,False,0.39727526366212873,34.7752779289626,50,False
SORT1,2_minus_1,414.0,0.03048635454688231,0.10183816655281208,False,0.11691877572458673,0.0,50,False
MTPN,2_minus_1,415.0,0.031261656763490464,0.1041808585159635,False,-0.20268205882946103,-32.38998470419363,50,False
SPRR1B,2_minus_1,415.0,0.031261656763490464,0.1041808585159635,False,-0.2726273012604572,0.0,50,False
ITGAM,2_minus_1,416.0,0.03205348601661129,0.10619131367385576,False,-0.09505878118748984,-33.816787063356735,50,False
CAMLG,2_minus_1,416.0,0.03205348601661129,0.10619131367385576,False,-0.3719316199798095,-36.783124145071405,50,False
CES1,2_minus_1,416.0,0.03205348601661129,0.10619131367385576,False,0.2071456545518512,0.0,50,False
PSIP1,2_minus_1,416.0,0.03205348601661129,0.10619131367385576,False,-0.11483841974979644,-1.5841561994035205,50,False
RNASE3,2_minus_1,416.0,0.03205348601661129,0.10619131367385576,False,-0.22787294138846947,-36.48376479722757,50,False
CRELD2,2_minus_1,417.0,0.03286210881230289,0.10810712431710859,False,0.1443593798525697,34.91897966079906,50,False
MYL6B,2_minus_1,417.0,0.03286210881230289,0.10810712431710859,False,-0.506452894011988,-37.564765246850214,50,False
ENO3,2_minus_1,417.0,0.03286210881230289,0.10810712431710859,False,-0.17748647160469183,-1.6916690909887764,50,False
BOC,2_minus_1,417.0,0.03286210881230289,0.10810712431710859,False,-0.08909142487907509,-34.739608147876524,50,False
KLRC1,2_minus_1,417.0,0.03286210881230289,0.10810712431710859,False,-0.3061498514731569,-35.78984975805631,50,False
COQ7,2_minus_1,417.0,0.03286210881230289,0.10810712431710859,False,-0.1071291963007639,0.0,50,False
CDKN1A,2_minus_1,418.0,0.033687793845592395,0.11030793891766068,False,0.23888813877818496,34.81707515725384,50,False
LYPLA2,2_minus_1,418.0,0.033687793845592395,0.11030793891766068,False,-0.12567740796110255,0.0,50,False
CDA,2_minus_1,418.0,0.033687793845592395,0.11030793891766068,False,-0.0897692554122161,0.0,50,False
FASLG,2_minus_1,418.0,0.033687793845592395,0.11030793891766068,False,-0.10846645724978637,-3.916415226024502,50,False
CCL13,2_minus_1,420.0,0.03539143616493412,0.11534986601904454,False,-0.22217589078120098,-36.44095629925822,50,False
EPS8L2,2_minus_1,420.0,0.03539143616493412,0.11534986601904454,False,0.126179877733074,0.0,50,False
DCTPP1,2_minus_1,420.0,0.03539143616493412,0.11534986601904454,False,0.1719834390794227,0.0,50,False
CLEC1A,2_minus_1,420.0,0.03539143616493412,0.11534986601904454,False,0.07600810267279656,0.0,50,False
PPP3R1,2_minus_1,422.0,0.037166605079788084,0.12030018379848649,False,-0.11799481749770194,-34.8691702379721,50,False
AGRN,2_minus_1,422.0,0.037166605079788084,0.12030018379848649,False,-0.07113217279824204,0.0,50,False
LACRT,2_minus_1,422.0,0.037166605079788084,0.12030018379848649,False,-0.12073784742160415,-34.07992164911238,50,False
CXADR,2_minus_1,422.0,0.037166605079788084,0.12030018379848649,False,0.23191677491295704,33.710056632729085,50,False
FCER2,2_minus_1,422.0,0.037166605079788084,0.12030018379848649,False,-0.08778496098501475,-35.236682079641795,50,False
NMNAT1,2_minus_1,422.0,0.037166605079788084,0.12030018379848649,False,-0.16213640994379053,0.0,50,False
RAD51,2_minus_1,423.0,0.038081706053025854,0.12269803689395974,False,0.2465519937240906,0.0,50,False
CLEC14A,2_minus_1,423.0,0.038081706053025854,0.12269803689395974,False,-0.10828836278500804,-5.679568326092129,50,False
S100A16,2_minus_1,423.0,0.038081706053025854,0.12269803689395974,False,-0.11133147865079321,-1.0071214302269391,50,False
HAGH,2_minus_1,423.0,0.038081706053025854,0.12269803689395974,False,-0.28060742874588895,-35.890599068045816,50,False
INPPL1,2_minus_1,424.0,0.039015525521861605,0.12470796806987773,False,0.2001108733766652,36.49089690223407,50,False
SFTPA1,2_minus_1,424.0,0.039015525521861605,0.12470796806987773,False,-0.20252418799420713,0.0,50,False
SIGLEC7,2_minus_1,424.0,0.039015525521861605,0.12470796806987773,False,-0.05467336623983629,-33.768205909685854,50,False
PRG3,2_minus_1,424.0,0.039015525521861605,0.12470796806987773,False,-0.08893112240109566,-1.2523592355605733,50,False
KAZN,2_minus_1,424.0,0.039015525521861605,0.12470796806987773,False,0.14770269576401607,0.0,50,False
FAM171A2,2_minus_1,424.0,0.039015525521861605,0.12470796806987773,False,-0.11335748958468281,-31.118874742730465,50,False
MZT1,2_minus_1,424.0,0.039015525521861605,0.12470796806987773,False,0.15106198122996434,35.48880891687989,50,False
BLNK,2_minus_1,425.0,0.03996834652842374,0.12746417194115658,False,-0.1263583950866056,-35.780647244586,50,False
IL20,2_minus_1,425.0,0.03996834652842374,0.12746417194115658,False,0.19958656823669588,35.391393859732645,50,False
LSP1,2_minus_1,426.0,0.040940454006349825,0.12968314789862892,False,-0.14563509122746823,0.0,50,False
FGF6,2_minus_1,426.0,0.040940454006349825,0.12968314789862892,False,-0.27648301466060343,-35.612758491580934,50,False
FGF23,2_minus_1,426.0,0.040940454006349825,0.12968314789862892,False,0.1788980469427333,0.0,50,False
HS3ST3B1,2_minus_1,426.0,0.040940454006349825,0.12968314789862892,False,0.09011689593173197,0.0,50,False
SMS,2_minus_1,426.0,0.040940454006349825,0.12968314789862892,False,0.18048034867030793,36.53438632153741,50,False
CCL7,2_minus_1,426.0,0.040940454006349825,0.12968314789862892,False,-0.17771326495429945,-35.24869684682137,50,False
EXOSC10,2_minus_1,427.0,0.04193213473556767,0.13222944167453365,False,-0.07933350336325055,-35.50188230445577,50,False
GDF2,2_minus_1,427.0,0.04193213473556767,0.13222944167453365,False,0.09143757941631458,32.93822116044981,50,False
DNPEP,2_minus_1,427.0,0.04193213473556767,0.13222944167453365,False,-0.14972189976102337,0.0,50,False
DNAJA4,2_minus_1,427.0,0.04193213473556767,0.13222944167453365,False,-0.1872812545081963,0.0,50,False
GABRA4,2_minus_1,428.0,0.04294367729928261,0.1349658429406025,False,0.21655956175517332,0.0,50,False
DKK1,2_minus_1,428.0,0.04294367729928261,0.1349658429406025,False,0.1751194777387587,0.0,50,False
TNFRSF21,2_minus_1,428.0,0.04294367729928261,0.1349658429406025,False,0.062191642291031496,0.0,50,False
CCN1,2_minus_1,429.0,0.043975372036140215,0.13744134034824734,False,0.2599921241839319,0.0,50,False
AGXT,2_minus_1,429.0,0.043975372036140215,0.13744134034824734,False,0.3395821252529678,35.94855382928888,50,False
CD7,2_minus_1,429.0,0.043975372036140215,0.13744134034824734,False,-0.12212385759927741,-30.132332610978562,50,False
SMAD5,2_minus_1,429.0,0.043975372036140215,0.13744134034824734,False,-0.1155123253458677,-35.873103377391686,50,False
TNFRSF19,2_minus_1,429.0,0.043975372036140215,0.13744134034824734,False,-0.08369047667927385,0.0,50,False
CDH2,2_minus_1,430.0,0.045027510990479414,0.13949697045934106,False,0.17249268607302465,33.40897881378346,50,False
LTA4H,2_minus_1,430.0,0.045027510990479414,0.13949697045934106,False,-0.22448671197119735,-35.82159614871113,50,False
IL7,2_minus_1,430.0,0.045027510990479414,0.13949697045934106,False,0.10195522591090639,35.34310765195983,50,False
SCGB1A1,2_minus_1,430.0,0.045027510990479414,0.13949697045934106,False,-0.08119453921187145,0.0,50,False
SUSD5,2_minus_1,430.0,0.045027510990479414,0.13949697045934106,False,-0.10168089949578618,-34.17131942787755,50,False
SSC5D,2_minus_1,430.0,0.045027510990479414,0.13949697045934106,False,-0.09916740725581412,0.0,50,False
C1RL,2_minus_1,430.0,0.045027510990479414,0.13949697045934106,False,0.04352347382472241,0.0,50,False
RNASE4,2_minus_1,411.0,0.045029384285348376,0.13949697045934106,False,0.10152459592028804,0.0,50,False
CYB5A,2_minus_1,340.0,0.04511931315930641,0.13962196247978773,False,-0.08444844132092366,0.0,50,False
FGA,2_minus_1,431.0,0.04610038786489312,0.14172346313050113,False,0.09361963912483624,0.0,50,False
C5,2_minus_1,431.0,0.04610038786489312,0.14172346313050113,False,0.07977798152803936,33.28180079410675,50,False
ANXA2,2_minus_1,431.0,0.04610038786489312,0.14172346313050113,False,-0.24832499366235458,0.0,50,False
TXLNA,2_minus_1,431.0,0.04610038786489312,0.14172346313050113,False,0.21609103247803152,35.51201338938632,50,False
CDH3,2_minus_1,431.0,0.04610038786489312,0.14172346313050113,False,0.08378044718240713,34.4391440592804,50,False
CSPG5,2_minus_1,431.0,0.04610038786489312,0.14172346313050113,False,-0.12574548925452092,-36.13958691627247,50,False
IL2RG,2_minus_1,432.0,0.04719429796794117,0.1441422376114125,False,-0.08898479484637654,-1.2410862209835019,50,False
HAO1,2_minus_1,432.0,0.04719429796794117,0.1441422376114125,False,0.44764699874890024,0.0,50,False
CTRB1,2_minus_1,432.0,0.04719429796794117,0.1441422376114125,False,-0.08797848680765441,0.0,50,False
TNFRSF13B,2_minus_1,432.0,0.04719429796794117,0.1441422376114125,False,-0.1143316085637815,-35.085700222267,50,False
CALCOCO2,2_minus_1,432.0,0.04719429796794117,0.1441422376114125,False,0.15651594889878806,0.0,50,False
AMIGO1,2_minus_1,432.0,0.04719429796794117,0.1441422376114125,False,0.31652508215552966,2.359232458217299,50,False
SHD,2_minus_1,433.0,0.04830953815983641,0.14659446062295187,False,-0.3632739685698253,-35.487970358544025,50,False
DEFB118,2_minus_1,433.0,0.04830953815983641,0.14659446062295187,False,-0.24337614527985987,-2.7942862403175135,50,False
LRP2BP,2_minus_1,433.0,0.04830953815983641,0.14659446062295187,False,-0.26387860303761423,-37.01229301802917,50,False
ARG1,2_minus_1,433.0,0.04830953815983641,0.14659446062295187,False,-0.2674053548635717,-34.88904039212653,50,False
HMGCS1,2_minus_1,433.0,0.04830953815983641,0.14659446062295187,False,-0.317101823155225,-32.55039258078577,50,False
KIR3DL1,2_minus_1,433.0,0.04830953815983641,0.14659446062295187,False,-0.2354178236863388,0.0,50,False
PINLYP,2_minus_1,434.0,0.04944640680060175,0.14956077502738402,False,-0.07608829894183801,-1.0877449247434787,50,False
MRPL28,2_minus_1,434.0,0.04944640680060175,0.14956077502738402,False,-0.14624224358990862,-35.66103353248675,50,False
IL18RAP,2_minus_1,434.0,0.04944640680060175,0.14956077502738402,False,-0.06778242762075612,-0.557528039720971,50,False
SLIRP,2_minus_1,344.0,0.05018424177664749,0.15162964038952717,False,-0.09481165714904899,0.0,50,False
MCFD2,2_minus_1,435.0,0.05060520369320898,0.15208564951982548,False,0.09556393406489824,0.0,50,False
LCP1,2_minus_1,435.0,0.05060520369320898,0.15208564951982548,False,-0.1356790333194381,-1.6357965146595124,50,False
NUCB2,2_minus_1,435.0,0.05060520369320898,0.15208564951982548,False,0.07699555951361337,0.0,50,False
BRAP,2_minus_1,435.0,0.05060520369320898,0.15208564951982548,False,0.1633820931300789,0.0,50,False
AHCY,2_minus_1,435.0,0.05060520369320898,0.15208564951982548,False,0.17465517821111684,0.0,50,False
GPRC5C,2_minus_1,436.0,0.05178623002471738,0.15448095736186881,False,0.3061940907800592,0.0,50,False
BACH1,2_minus_1,436.0,0.05178623002471738,0.15448095736186881,False,0.21736737245058596,0.0,50,False
RPE,2_minus_1,436.0,0.05178623002471738,0.15448095736186881,False,-0.16669463387193914,-32.47989203659964,50,False
SEZ6,2_minus_1,436.0,0.05178623002471738,0.15448095736186881,False,-0.1859453195637501,-4.833060627159234,50,False
SCN2B,2_minus_1,436.0,0.05178623002471738,0.15448095736186881,False,-0.367995774255603,-36.7772367890668,50,False
CD207,2_minus_1,436.0,0.05178623002471738,0.15448095736186881,False,0.0462228209718164,8.906449699749993,50,False
CD63,2_minus_1,436.0,0.05178623002471738,0.15448095736186881,False,0.16088636203938425,0.0,50,False
CDH22,2_minus_1,437.0,0.052989788310034314,0.15690772227240446,False,-0.2706833174618565,-37.01238945528416,50,False
ACE2,2_minus_1,437.0,0.052989788310034314,0.15690772227240446,False,0.05353880881276395,0.0,50,False
FGFR2,2_minus_1,437.0,0.052989788310034314,0.15690772227240446,False,-0.10062393208102371,-35.117666591441555,50,False
VAMP5,2_minus_1,437.0,0.052989788310034314,0.15690772227240446,False,-0.2203962053641818,0.0,50,False
IL34,2_minus_1,437.0,0.052989788310034314,0.15690772227240446,False,-0.2418496969308334,-36.16609556861106,50,False
AMPD3,2_minus_1,437.0,0.052989788310034314,0.15690772227240446,False,-0.12210312633717252,0.0,50,False
SUOX,2_minus_1,437.0,0.052989788310034314,0.15690772227240446,False,0.29689166351022256,0.0,50,False
CILP,2_minus_1,438.0,0.054216182330456775,0.15936614764359736,False,-0.13638748780191925,0.0,50,False
SCGB3A1,2_minus_1,438.0,0.054216182330456775,0.15936614764359736,False,0.09600559317828983,34.06487511984701,50,False
DDHD2,2_minus_1,438.0,0.054216182330456775,0.15936614764359736,False,0.19823060221486802,0.0,50,False
EIF4G1,2_minus_1,438.0,0.054216182330456775,0.15936614764359736,False,0.30698885120604297,0.0,50,False
DBN1,2_minus_1,438.0,0.054216182330456775,0.15936614764359736,False,0.09799667188535674,35.16119336978287,50,False
SHISA5,2_minus_1,438.0,0.054216182330456775,0.15936614764359736,False,0.072774318160272,0.0,50,False
THBD,2_minus_1,438.0,0.054216182330456775,0.15936614764359736,False,0.04570143285313516,0.0,50,False
SERPINA3,2_minus_1,282.0,0.05431495078950619,0.15948999105656875,False,0.0,0.0,50,False
C9orf40,2_minus_1,439.0,0.055465717070337206,0.16253013451620144,False,-0.18604903502436354,-36.16447204089062,50,False
MSR1,2_minus_1,439.0,0.055465717070337206,0.16253013451620144,False,0.10827887707761444,0.0,50,False
LETM1,2_minus_1,440.0,0.056738698656332076,0.16539976751162644,False,-0.2010935924335887,0.0,50,False
MLN,2_minus_1,440.0,0.056738698656332076,0.16539976751162644,False,-0.16200871046343254,0.0,50,False
ACAN,2_minus_1,440.0,0.056738698656332076,0.16539976751162644,False,-0.07320924417407546,-35.473811083635255,50,False
TMEM106A,2_minus_1,440.0,0.056738698656332076,0.16539976751162644,False,0.1008043570089325,0.0,50,False
ULBP2,2_minus_1,440.0,0.056738698656332076,0.16539976751162644,False,0.07444857180061135,0.0,50,False
SMTN,2_minus_1,441.0,0.05803543429142444,0.16813557918173994,False,0.2474222342692971,0.0,50,False
BGLAP,2_minus_1,441.0,0.05803543429142444,0.16813557918173994,False,-0.1772562715805378,0.0,50,False
IL16,2_minus_1,441.0,0.05803543429142444,0.16813557918173994,False,-0.11719503975371878,-33.928789905715405,50,False
BCAT2,2_minus_1,441.0,0.05803543429142444,0.16813557918173994,False,-0.24581891196415415,0.0,50,False
CABP2,2_minus_1,441.0,0.05803543429142444,0.16813557918173994,False,-0.20221406402981773,0.0,50,False
TNFSF13B,2_minus_1,441.0,0.05803543429142444,0.16813557918173994,False,-0.047492339934816406,-1.3084081206936289,50,False
GRIK2,2_minus_1,442.0,0.05935623218713815,0.17108203668268274,False,-0.12763192720218003,0.0,50,False
MZB1,2_minus_1,442.0,0.05935623218713815,0.17108203668268274,False,-0.08809333815607906,-29.68115440847017,50,False
COMMD1,2_minus_1,442.0,0.05935623218713815,0.17108203668268274,False,0.04657128119900078,0.0,50,False
CLEC1B,2_minus_1,442.0,0.05935623218713815,0.17108203668268274,False,0.2663465933566459,36.192461856440886,50,False
GSTT2B,2_minus_1,442.0,0.05935623218713815,0.17108203668268274,False,0.18856897107844617,34.52194862327763,50,False
EZR,2_minus_1,443.0,0.06043951495622924,0.17402625165310998,False,-0.0753836454281338,0.0,50,False
SLC51B,2_minus_1,443.0,0.060701401498306495,0.1742458171449858,False,-0.18613446394157543,-35.85461703396513,50,False
ATG16L1,2_minus_1,443.0,0.060701401498306495,0.1742458171449858,False,0.13534909071995171,0.0,50,False
PRSS27,2_minus_1,443.0,0.060701401498306495,0.1742458171449858,False,0.12257982023741935,0.0,50,False
ADGRE5,2_minus_1,444.0,0.06207125225267518,0.17638006694604774,False,0.0877238608747094,0.0,50,False
TRAF2,2_minus_1,444.0,0.06207125225267518,0.17638006694604774,False,0.27739998257839416,0.0,50,False
TP53I3,2_minus_1,444.0,0.06207125225267518,0.17638006694604774,False,-0.10195842018530374,0.0,50,False
PFDN4,2_minus_1,352.0,0.06174955449593455,0.17638006694604774,False,-0.13219413669471028,0.0,50,False
VCAM1,2_minus_1,271.0,0.06171464909941054,0.17638006694604774,False,-0.0008226515598556,0.0,50,False
CD109,2_minus_1,444.0,0.06207125225267518,0.17638006694604774,False,-0.07350483051260895,-2.570787445813048,50,False
PALM2,2_minus_1,444.0,0.06207125225267518,0.17638006694604774,False,0.1689037156306141,0.0,50,False
PTPN1,2_minus_1,444.0,0.06207125225267518,0.17638006694604774,False,0.20560480544754975,0.0,50,False
PTGDS,2_minus_1,444.0,0.06207125225267518,0.17638006694604774,False,-0.07062386327027528,0.0,50,False
CDH17,2_minus_1,444.0,0.06207125225267518,0.17638006694604774,False,-0.12667262685406844,-1.403750362437712,50,False
ARNT,2_minus_1,445.0,0.06346609527860991,0.1790786816679013,False,-0.15878590361528744,-33.59364643230716,50,False
COMMD9,2_minus_1,445.0,0.06346609527860991,0.1790786816679013,False,-0.10117787723312976,-34.7647038821286,50,False
GUCA2A,2_minus_1,445.0,0.06346609527860991,0.1790786816679013,False,-0.09963567211860576,-34.32520691930757,50,False
FCN1,2_minus_1,445.0,0.06346609527860991,0.1790786816679013,False,-0.17488710292017373,-35.59973309050775,50,False
NTF3,2_minus_1,445.0,0.06346609527860991,0.1790786816679013,False,-0.12604097345875806,-35.08606530967246,50,False
AIDA,2_minus_1,445.0,0.06346609527860991,0.1790786816679013,False,-0.30200048667088797,-2.416151998238304,50,False
SMPDL3A,2_minus_1,445.0,0.06346609527860991,0.1790786816679013,False,-0.0965602383585991,0.0,50,False
GRPEL1,2_minus_1,446.0,0.064886242135481,0.1827196578535145,False,-0.16945107391967967,0.0,50,False
BIN2,2_minus_1,446.0,0.064886242135481,0.1827196578535145,False,0.18915204203958622,0.0,50,False
LCN15,2_minus_1,447.0,0.06633200503891068,0.18641809000955337,False,0.12521780425001738,0.0,50,False
ROR1,2_minus_1,447.0,0.06633200503891068,0.18641809000955337,False,0.07516831521603011,35.5421233097027,50,False
GPD1,2_minus_1,448.0,0.06780369678404519,0.1894198513332056,False,-0.08413602776795776,-0.9908479590263919,50,False
NFKBIE,2_minus_1,448.0,0.06780369678404519,0.1894198513332056,False,0.17724932124673293,0.0,50,False
RBPMS,2_minus_1,448.0,0.06780369678404519,0.1894198513332056,False,-0.22359996966310386,-31.889753118870193,50,False
C7orf50,2_minus_1,448.0,0.06780369678404519,0.1894198513332056,False,-0.03900088396674295,-34.419779788701724,50,False
LRG1,2_minus_1,448.0,0.06780369678404519,0.1894198513332056,False,0.1466007364087756,35.787261936174474,50,False
NME1,2_minus_1,448.0,0.06780369678404519,0.1894198513332056,False,-0.058739645656201565,-1.2712197554877356,50,False
HDDC2,2_minus_1,449.0,0.06930163067169381,0.19264895554934824,False,-0.10788821027179885,-29.01627919570737,50,False
LEFTY2,2_minus_1,449.0,0.06930163067169381,0.19264895554934824,False,0.13644216789139027,0.0,50,False
IL20RB,2_minus_1,449.0,0.06930163067169381,0.19264895554934824,False,-0.20003646629749294,-34.853557558237384,50,False
OMD,2_minus_1,449.0,0.06930163067169381,0.19264895554934824,False,-0.08195402830073514,0.0,50,False
FRZB,2_minus_1,449.0,0.06930163067169381,0.19264895554934824,False,-0.133696122401371,0.0,50,False
BTLA,2_minus_1,357.0,0.0700399776726171,0.19450944489752442,False,-0.2960967148314054,0.0,50,False
HTR1A,2_minus_1,450.0,0.07082612042920822,0.19591979875113,False,-0.33306720621443525,0.0,50,False
COL3A1,2_minus_1,450.0,0.07082612042920822,0.19591979875113,False,0.15281882721399467,0.0,50,False
FYB1,2_minus_1,450.0,0.07082612042920822,0.19591979875113,False,0.24824809427529437,0.0,50,False
PSMG3,2_minus_1,450.0,0.07082612042920822,0.19591979875113,False,-0.22193845711958216,0.0,50,False
CXCL9,2_minus_1,451.0,0.07237748012944856,0.19962290307985028,False,-0.1262754973684107,-35.694349771880034,50,False
CASP3,2_minus_1,451.0,0.07237748012944856,0.19962290307985028,False,0.08746419009552642,0.0,50,False
CPVL,2_minus_1,451.0,0.07237748012944856,0.19962290307985028,False,0.028736989409236996,0.0,50,False
TNFRSF6B,2_minus_1,452.0,0.07395602411280144,0.20239082983639345,False,0.0497179802224276,0.0,50,False
LMOD2,2_minus_1,452.0,0.07395602411280144,0.20239082983639345,False,-0.3148805790793468,-36.945772931978944,50,False
F11R,2_minus_1,452.0,0.07395602411280144,0.20239082983639345,False,0.15375593662464604,0.0,50,False
ANGPTL1,2_minus_1,452.0,0.07395602411280144,0.20239082983639345,False,0.18149945519016142,0.0,50,False
HMOX1,2_minus_1,452.0,0.07395602411280144,0.20239082983639345,False,-0.0741756989278814,-0.5391660923381804,50,False
MAD1L1,2_minus_1,452.0,0.07395602411280144,0.20239082983639345,False,0.14968554010199536,0.0,50,False
PPIB,2_minus_1,452.0,0.07395602411280144,0.20239082983639345,False,0.21449725256340302,0.0,50,False
TDO2,2_minus_1,452.0,0.07395602411280144,0.20239082983639345,False,-0.2551911067123064,-36.261875311805845,50,False
QSOX1,2_minus_1,293.0,0.07478603895619527,0.20446357835014164,False,0.010119138747083638,0.0,50,False
PAG1,2_minus_1,453.0,0.07556206690378708,0.20519072362687024,False,-0.14731576783663602,-34.964456895291534,50,False
C4BPB,2_minus_1,453.0,0.07556206690378708,0.20519072362687024,False,-0.07401238226637519,0.0,50,False
CBLN1,2_minus_1,453.0,0.07556206690378708,0.20519072362687024,False,-0.3558579541321886,-37.095059506446994,50,False
PPM1B,2_minus_1,453.0,0.07556206690378708,0.20519072362687024,False,0.3480841602948756,2.4970503590662307,50,False
GSTA1,2_minus_1,453.0,0.07556206690378708,0.20519072362687024,False,0.3265077683028859,37.40864279868888,50,False
NAMPT,2_minus_1,453.0,0.07556206690378708,0.20519072362687024,False,-0.2627675299396786,-35.09270084225934,50,False
CD248,2_minus_1,453.0,0.07556206690378708,0.20519072362687024,False,0.0781463138639823,0.0,50,False
SCARF1,2_minus_1,454.0,0.07649637660735793,0.20752774231822732,False,0.07024663980874657,0.0,50,False
RNF43,2_minus_1,454.0,0.07719592312590784,0.20882201683242696,False,-0.1931448964685537,-30.727198823351618,50,False
IGFBP6,2_minus_1,454.0,0.07719592312590784,0.20882201683242696,False,-0.03826535673624075,0.0,50,False
NFYA,2_minus_1,454.0,0.07719592312590784,0.20882201683242696,False,-0.16091846500851253,0.0,50,False
KHDC3L,2_minus_1,361.0,0.07731169334545375,0.20893448028867345,False,-0.07766080046949425,0.0,50,False
GNPDA2,2_minus_1,455.0,0.07885790741956278,0.21189300314264198,False,0.058755362188071425,0.0,50,False
FN1,2_minus_1,455.0,0.07885790741956278,0.21189300314264198,False,-0.0813062626484376,0.0,50,False
CELA3A,2_minus_1,455.0,0.07885790741956278,0.21189300314264198,False,-0.12498569809275939,0.0,50,False
MYL3,2_minus_1,455.0,0.07885790741956278,0.21189300314264198,False,0.12043768426639925,0.0,50,False
MAG,2_minus_1,455.0,0.07885790741956278,0.21189300314264198,False,-0.12185088265761056,-35.93579225106086,50,False
SATB1,2_minus_1,455.0,0.07885790741956278,0.21189300314264198,False,-0.0777252630033606,0.0,50,False
SERPINA4,2_minus_1,456.0,0.08054833435456032,0.21581742106797513,False,0.0792360828221848,34.98645654429862,50,False
MUC2,2_minus_1,456.0,0.08054833435456032,0.21581742106797513,False,0.03245039575973904,0.0,50,False
SFTPD,2_minus_1,456.0,0.08054833435456032,0.21581742106797513,False,0.16203488260458432,4.8123672430719076,50,False
NMRK2,2_minus_1,363.0,0.08117186600095765,0.21728134473260144,False,-0.012557876704936272,-32.02262673063031,50,False
EDN1,2_minus_1,457.0,0.08226751834101265,0.21875857568299492,False,-0.056671323685602265,0.0,50,False
TACSTD2,2_minus_1,457.0,0.08226751834101265,0.21875857568299492,False,0.047351747288108564,0.0,50,False
IL15RA,2_minus_1,457.0,0.08226751834101265,0.21875857568299492,False,0.1901956794720413,33.01216235690263,50,False
IL6ST,2_minus_1,457.0,0.08226751834101265,0.21875857568299492,False,-0.0802774793770801,-34.776889760858204,50,False
CRX,2_minus_1,457.0,0.08226751834101265,0.21875857568299492,False,-0.24661985901406885,-36.42226882488445,50,False
HAVCR2,2_minus_1,457.0,0.08226751834101265,0.21875857568299492,False,0.06604896284292505,0.0,50,False
THPO,2_minus_1,457.0,0.08226751834101265,0.21875857568299492,False,0.09550920479110543,0.0,50,False
CD101,2_minus_1,458.0,0.08401577354329604,0.22277628841612207,False,-0.05718709948906589,0.0,50,False
MAMDC2,2_minus_1,458.0,0.08401577354329604,0.22277628841612207,False,0.06996407955558265,0.0,50,False
SERPINF1,2_minus_1,458.0,0.08401577354329604,0.22277628841612207,False,0.06880242824574116,0.0,50,False
ARMCX2,2_minus_1,459.0,0.0857934137886982,0.22557820096076017,False,-0.2172134556772948,-35.20632450632783,50,False
FAM13A,2_minus_1,459.0,0.0857934137886982,0.22557820096076017,False,0.14134123204078483,0.0,50,False
LEP,2_minus_1,459.0,0.0857934137886982,0.22557820096076017,False,0.11434878040426835,0.0,50,False
HNF1A,2_minus_1,459.0,0.0857934137886982,0.22557820096076017,False,-0.3334509948968484,-35.68713898337397,50,False
LMNB2,2_minus_1,459.0,0.0857934137886982,0.22557820096076017,False,-0.0659467729247688,0.0,50,False
TNFRSF9,2_minus_1,459.0,0.0857934137886982,0.22557820096076017,False,-0.06663215819829602,-5.311272194444233,50,False
BAP18,2_minus_1,459.0,0.0857934137886982,0.22557820096076017,False,-0.12109943920479666,0.0,50,False
DDX39A,2_minus_1,459.0,0.0857934137886982,0.22557820096076017,False,-0.08212597178695352,-35.418317690553764,50,False
AP1G2,2_minus_1,459.0,0.0857934137886982,0.22557820096076017,False,0.1595546615780715,0.0,50,False
SAT2,2_minus_1,460.0,0.08760075247442067,0.22925996186614184,False,0.1301667855425246,0.0,50,False
LGMN,2_minus_1,460.5,0.08751760318092272,0.22925996186614184,False,0.0966410371059449,0.0,50,False
NINJ1,2_minus_1,460.0,0.08760075247442067,0.22925996186614184,False,-0.14459885772312248,0.0,50,False
MYDGF,2_minus_1,460.0,0.08760075247442067,0.22925996186614184,False,0.10430380474593681,0.0,50,False
RBPMS2,2_minus_1,460.0,0.08760075247442067,0.22925996186614184,False,0.23426243335870484,0.0,50,False
HSPB1,2_minus_1,283.0,0.08781373356373427,0.2296039681666441,False,0.0,0.0,50,False
APOH,2_minus_1,461.0,0.0894381024777875,0.23148685347192058,False,-0.20489860805243168,-35.55199494836218,50,False
PCDH9,2_minus_1,461.0,0.0894381024777875,0.23148685347192058,False,-0.038535096172843064,-1.0942305472116902,50,False
TJAP1,2_minus_1,461.0,0.0894381024777875,0.23148685347192058,False,0.11392062735785023,0.0,50,False
MTHFD2,2_minus_1,461.0,0.0894381024777875,0.23148685347192058,False,-0.1401548588690996,0.0,50,False
MRPS16,2_minus_1,461.0,0.0894381024777875,0.23148685347192058,False,-0.18550503853802938,-34.2083606938656,50,False
MFAP4,2_minus_1,461.0,0.0894381024777875,0.23148685347192058,False,0.0696664222337286,0.0,50,False
MAPRE3,2_minus_1,367.0,0.08936129764197401,0.23148685347192058,False,-0.09076272162542784,0.0,50,False
NEDD9,2_minus_1,461.0,0.0894381024777875,0.23148685347192058,False,-0.2138608496249807,-33.818878586416034,50,False
LYPD8,2_minus_1,461.0,0.0894381024777875,0.23148685347192058,False,-0.13331046052699053,-0.7707020685224288,50,False
COX5B,2_minus_1,461.0,0.0894381024777875,0.23148685347192058,False,-0.245577434614002,0.0,50,False
DAB2,2_minus_1,461.0,0.0894381024777875,0.23148685347192058,False,0.11292975984107773,0.0,50,False
IL15,2_minus_1,462.0,0.09130577606126522,0.23438201038151582,False,0.043097573883728695,0.0,50,False
CXCL13,2_minus_1,462.0,0.09130577606126522,0.23438201038151582,False,-0.1804875782482077,-1.5838427609365004,50,False
EDDM3B,2_minus_1,462.0,0.09130577606126522,0.23438201038151582,False,-0.0820685455263441,-35.46061478350476,50,False
PSMG4,2_minus_1,462.0,0.09130577606126522,0.23438201038151582,False,-0.0989300481390731,0.0,50,False
PLA2G4A,2_minus_1,462.0,0.09130577606126522,0.23438201038151582,False,0.16307938562423474,0.0,50,False
SIRT5,2_minus_1,462.0,0.09130577606126522,0.23438201038151582,False,0.10130154104218556,33.69157214567897,50,False
RAB44,2_minus_1,462.0,0.09130577606126522,0.23438201038151582,False,0.09378112274026001,0.0,50,False
FKBP1B,2_minus_1,462.0,0.09130577606126522,0.23438201038151582,False,0.123812474840027,0.0,50,False
SH2D1A,2_minus_1,462.0,0.09130577606126522,0.23438201038151582,False,-0.11532668636495633,-32.657627821544665,50,False
LPA,2_minus_1,463.0,0.0932040847757225,0.23903706988017723,False,0.16001753400273155,0.8459693784408605,50,False
OGA,2_minus_1,464.0,0.09513333936720869,0.24222014797292918,False,0.15760761955418734,0.0,50,False
FKBP14,2_minus_1,464.0,0.09513333936720869,0.24222014797292918,False,0.1260795886231105,0.0,50,False
CST3,2_minus_1,464.0,0.09513333936720869,0.24222014797292918,False,0.059396609119065275,0.0,50,False
ATP1B3,2_minus_1,464.0,0.09513333936720869,0.24222014797292918,False,-0.17989939987613926,-34.79539093875952,50,False
PBLD,2_minus_1,464.0,0.09513333936720869,0.24222014797292918,False,0.15001567565375473,34.34722495858377,50,False
POLR2A,2_minus_1,464.0,0.09513333936720869,0.24222014797292918,False,-0.253985156380283,-31.44727549723088,50,False
COL4A4,2_minus_1,464.0,0.09513333936720869,0.24222014797292918,False,-0.21444335871400758,-36.498486280431145,50,False
IL1RL1,2_minus_1,464.0,0.09513333936720869,0.24222014797292918,False,-0.08644490835606386,0.0,50,False
FSHB,2_minus_1,286.0,0.0955699217783158,0.24311192387329475,False,0.0,0.0,50,False
GADD45B,2_minus_1,465.0,0.09709384967839618,0.24521639524158176,False,0.17627685013353894,36.54594975805142,50,False
NDRG1,2_minus_1,465.0,0.09709384967839618,0.24521639524158176,False,-0.15572699680513952,0.0,50,False
MYO6,2_minus_1,465.0,0.09709384967839618,0.24521639524158176,False,-0.07355836126327046,0.0,50,False
MTDH,2_minus_1,465.0,0.09709384967839618,0.24521639524158176,False,-0.2255773369700117,0.0,50,False
MMP8,2_minus_1,465.0,0.09709384967839618,0.24521639524158176,False,-0.17712754678813442,0.0,50,False
ROBO1,2_minus_1,465.0,0.09709384967839618,0.24521639524158176,False,-0.046476438067072204,-33.9784906172775,50,False
NUDC,2_minus_1,465.0,0.09709384967839618,0.24521639524158176,False,0.13568978175780017,0.0,50,False
FUT3_FUT5,2_minus_1,465.0,0.09709384967839618,0.24521639524158176,False,0.045663296190216945,0.0,50,False
SHMT1,2_minus_1,466.0,0.09908592454842413,0.24913032457889497,False,0.20441855019905358,0.0,50,False
ECHS1,2_minus_1,466.0,0.09908592454842413,0.24913032457889497,False,0.06327277937425374,0.0,50,False
SRPX,2_minus_1,466.0,0.09908592454842413,0.24913032457889497,False,-0.15986015105450607,0.0,50,False
GRAP2,2_minus_1,466.0,0.09908592454842413,0.24913032457889497,False,0.3137081126281739,36.1674515783617,50,False
ZNRD2,2_minus_1,466.0,0.09908592454842413,0.24913032457889497,False,0.13653161880319137,1.441467316509252,50,False
DCDC2C,2_minus_1,372.0,0.1005198165443346,0.25174659483067763,False,-0.03871154263063578,0.0,50,False
COL2A1,2_minus_1,467.0,0.10110987171644048,0.25174659483067763,False,-0.1218334837223169,-2.0037610234224585,50,False
ADAMTSL2,2_minus_1,467.0,0.10110987171644048,0.25174659483067763,False,-0.10681052162619763,0.0,50,False
HPSE,2_minus_1,467.0,0.10110987171644048,0.25174659483067763,False,0.1512221596318441,30.79707701735581,50,False
SEC31A,2_minus_1,467.0,0.10110987171644048,0.25174659483067763,False,0.08173021641231903,0.0,50,False
KLKB1,2_minus_1,467.0,0.10110987171644048,0.25174659483067763,False,0.08886689407032095,34.06697871851239,50,False
ADGRE2,2_minus_1,467.0,0.10110987171644048,0.25174659483067763,False,0.044978964738449895,0.0,50,False
PI16,2_minus_1,467.0,0.10110987171644048,0.25174659483067763,False,0.06967190031761628,2.240881062151232,50,False
PQBP1,2_minus_1,467.0,0.10110987171644048,0.25174659483067763,False,-0.11668465844481454,-35.20717680516622,50,False
NCR3LG1,2_minus_1,467.0,0.10110987171644048,0.25174659483067763,False,0.05773493508524085,0.0,50,False
MELTF,2_minus_1,467.0,0.10110987171644048,0.25174659483067763,False,-0.03937673598511039,0.0,50,False
CDH6,2_minus_1,468.0,0.10316599771973678,0.2548381136655954,False,0.09012521366760785,34.372198293063995,50,False
BANK1,2_minus_1,468.0,0.10316599771973678,0.2548381136655954,False,0.13781336539306088,31.732836585483394,50,False
HMCN2,2_minus_1,468.0,0.10316599771973678,0.2548381136655954,False,-0.09535293080883632,0.0,50,False
RARRES1,2_minus_1,468.0,0.10316599771973678,0.2548381136655954,False,-0.09227518057247765,-34.6012131846076,50,False
PPY,2_minus_1,468.0,0.10316599771973678,0.2548381136655954,False,-0.28012832703601515,-37.16466318085368,50,False
FGF7,2_minus_1,373.0,0.1028795125620666,0.2548381136655954,False,-0.0708797687846654,-34.90693441187118,50,False
ZNRF4,2_minus_1,468.0,0.10316599771973678,0.2548381136655954,False,-0.18303265015855913,-31.61008314134708,50,False
MME,2_minus_1,468.0,0.10316599771973678,0.2548381136655954,False,-0.09268630446977474,-32.97930810494622,50,False
EIF5A,2_minus_1,468.0,0.10316599771973678,0.2548381136655954,False,-0.12129869364082935,-35.09084167517026,50,False
CCL17,2_minus_1,469.0,0.10525460779046192,0.25818551876127244,False,-0.1878428424055757,-1.0479203995120099,50,False
MAP3K5,2_minus_1,469.0,0.10525460779046192,0.25818551876127244,False,0.21891087974149814,37.04527744320792,50,False
VPS28,2_minus_1,469.0,0.10525460779046192,0.25818551876127244,False,-0.18305770825017645,-35.51154297822816,50,False
PROCR,2_minus_1,469.0,0.10525460779046192,0.25818551876127244,False,-0.14651241632514464,-34.911468248504896,50,False
MYOM3,2_minus_1,469.0,0.10525460779046192,0.25818551876127244,False,0.22105305053180435,0.0,50,False
KHK,2_minus_1,469.0,0.10525460779046192,0.25818551876127244,False,0.16815348979505218,0.0,50,False
DEFB116,2_minus_1,469.0,0.10525460779046192,0.25818551876127244,False,-0.2446918917793502,-35.739778925546844,50,False
SPINK5,2_minus_1,469.0,0.10525460779046192,0.25818551876127244,False,-0.08610095582318189,-35.28096771118789,50,False
CTHRC1,2_minus_1,470.0,0.10737600575610173,0.2617929283196385,False,0.05077469470744195,0.0,50,False
NRP2,2_minus_1,470.0,0.10737600575610173,0.2617929283196385,False,0.14156924694917064,0.0,50,False
IDUA,2_minus_1,470.0,0.10737600575610173,0.2617929283196385,False,0.06913855111670786,0.0,50,False
APPL2,2_minus_1,470.0,0.10737600575610173,0.2617929283196385,False,0.42048744864778986,35.11411805072776,50,False
LILRB5,2_minus_1,470.0,0.10737600575610173,0.2617929283196385,False,0.02948775638559066,0.42282706755872806,50,False
HEPACAM2,2_minus_1,470.0,0.10737600575610173,0.2617929283196385,False,-0.06858626184355374,-0.9638511363100953,50,False
EEF1D,2_minus_1,470.0,0.10737600575610173,0.2617929283196385,False,0.18109183140504814,0.0,50,False
NACC1,2_minus_1,471.0,0.10953049393459402,0.26566569416004887,False,0.13511167211677555,0.0,50,False
CRACR2A,2_minus_1,471.0,0.10953049393459402,0.26566569416004887,False,0.3312813099820344,0.0,50,False
CNPY2,2_minus_1,471.0,0.10953049393459402,0.26566569416004887,False,-0.1095075711445802,-1.1441539163752392,50,False
AMN,2_minus_1,471.0,0.10953049393459402,0.26566569416004887,False,-0.14733931868566638,-35.846530184009175,50,False
PRUNE2,2_minus_1,471.0,0.10953049393459402,0.26566569416004887,False,-0.25776995142696624,-35.96125268986775,50,False
LILRA4,2_minus_1,471.0,0.10953049393459402,0.26566569416004887,False,-0.1566556530337514,-2.3247718166423574,50,False
PNLIP,2_minus_1,472.0,0.11171837302823029,0.2698104103323298,False,-0.14626780433639525,0.0,50,False
IFNW1,2_minus_1,472.0,0.11171837302823029,0.2698104103323298,False,-0.12044747473152485,0.0,50,False
EPHA4,2_minus_1,472.0,0.11171837302823029,0.2698104103323298,False,-0.04926969783906884,-32.19619033182247,50,False
EIF4G3,2_minus_1,472.0,0.11171837302823029,0.2698104103323298,False,0.298219641736984,35.402650919989746,50,False
GLRX5,2_minus_1,472.0,0.11171837302823029,0.2698104103323298,False,0.14066733442483914,0.0,50,False
AMY2A,2_minus_1,473.0,0.11393994202132163,0.2742349373778134,False,0.08839280521635172,35.48945363619072,50,False
WDR46,2_minus_1,473.0,0.11393994202132163,0.2742349373778134,False,-0.25894460975569467,-34.62372023629375,50,False
TRIM25,2_minus_1,473.0,0.11393994202132163,0.2742349373778134,False,0.26886645586152724,0.0,50,False
DXO,2_minus_1,473.0,0.11393994202132163,0.2742349373778134,False,0.11404133110465017,0.0,50,False
ATP1B4,2_minus_1,378.0,0.11534569401798588,0.27738127613548097,False,-0.09955282258401885,-35.073225956603785,50,False
NT-proBNP,2_minus_1,293.0,0.11580410335886267,0.2782460367393833,False,0.0,0.0,50,False
TNIP1,2_minus_1,474.0,0.11619549807268115,0.2784736362320597,False,0.1899922625106055,34.71069168815719,50,False
ELN,2_minus_1,474.0,0.11619549807268115,0.2784736362320597,False,0.243943875306686,0.0,50,False
HHEX,2_minus_1,474.0,0.11619549807268115,0.2784736362320597,False,0.15241508782379082,0.0,50,False
GAST,2_minus_1,475.0,0.11848533640686121,0.28275822654383154,False,0.11501789329664944,0.0,50,False
SCP2,2_minus_1,475.0,0.11848533640686121,0.28275822654383154,False,-0.05895474208813603,0.0,50,False
PRKAR2A,2_minus_1,475.0,0.11848533640686121,0.28275822654383154,False,0.08496168023361333,0.0,50,False
PNLIPRP2,2_minus_1,475.0,0.11848533640686121,0.28275822654383154,False,0.14104476335483332,0.0,50,False
SPINK8,2_minus_1,475.0,0.11848533640686121,0.28275822654383154,False,0.18058097821391145,0.0,50,False
DHRS4L2,2_minus_1,476.0,0.12080975020940343,0.28757418139448865,False,-0.10601968763500005,-1.8826810998044217,50,False
XIAP,2_minus_1,476.0,0.12080975020940343,0.28757418139448865,False,0.20244311404679682,0.0,50,False
RAB11FIP3,2_minus_1,476.0,0.12080975020940343,0.28757418139448865,False,0.1967185831874999,35.70570995751257,50,False
ASS1,2_minus_1,477.0,0.12316903051698347,0.29122081438776276,False,-0.14142516097887764,-1.6319554640274279,50,False
MSLNL,2_minus_1,477.0,0.12316903051698347,0.29122081438776276,False,0.2079949214054504,36.404763271844864,50,False
PTTG1,2_minus_1,477.0,0.12316903051698347,0.29122081438776276,False,0.5057961673376775,36.50057194601872,50,False
ENO2,2_minus_1,477.0,0.12316903051698347,0.29122081438776276,False,-0.21431750789733067,0.0,50,False
LILRB4,2_minus_1,477.0,0.12316903051698347,0.29122081438776276,False,-0.0955192284134699,0.0,50,False
CGREF1,2_minus_1,477.0,0.12316903051698347,0.29122081438776276,False,0.08317445280738589,0.0,50,False
PPP1R12B,2_minus_1,477.0,0.12316903051698347,0.29122081438776276,False,-0.12986184416137053,-33.837180084007464,50,False
MAP1LC3B2,2_minus_1,477.0,0.12316903051698347,0.29122081438776276,False,-0.13441725513259184,-36.18773528117528,50,False
CRYM,2_minus_1,478.0,0.1255634661063354,0.2949013515891914,False,-0.2541568881884414,0.0,50,False
LTO1,2_minus_1,478.0,0.1255634661063354,0.2949013515891914,False,0.26641444811449877,36.69993108487985,50,False
PSAPL1,2_minus_1,478.0,0.1255634661063354,0.2949013515891914,False,0.07989490790547436,0.0,50,False
TXK,2_minus_1,478.0,0.1255634661063354,0.2949013515891914,False,-0.10078724706710421,-1.8153105052893788,50,False
FCAMR,2_minus_1,478.0,0.1255634661063354,0.2949013515891914,False,0.13099906712110446,1.2213251316158222,50,False
CTRC,2_minus_1,478.0,0.1255634661063354,0.2949013515891914,False,-0.037360716747434325,-32.52038075457231,50,False
SNX5,2_minus_1,478.0,0.1255634661063354,0.2949013515891914,False,-0.08552641300825439,-34.89059261092305,50,False
PFDN6,2_minus_1,478.0,0.1255634661063354,0.2949013515891914,False,-0.3738198121429375,-37.547713218306846,50,False
MUCL3,2_minus_1,382.0,0.12614964199417728,0.29578467265245895,False,-0.07241516501091207,0.0,50,False
EVI2B,2_minus_1,382.0,0.12614964199417728,0.29578467265245895,False,-0.132368849837814,0.0,50,False
BTN2A1,2_minus_1,479.0,0.12799334338745183,0.29935984632812657,False,0.018498857554188758,0.0,50,False
TCN1,2_minus_1,479.0,0.12799334338745183,0.29935984632812657,False,-0.10807676928607096,-2.7777956838432423,50,False
CRYBB1,2_minus_1,479.0,0.12799334338745183,0.29935984632812657,False,0.07277019581436753,0.0,50,False
TNFSF9,2_minus_1,480.0,0.13045894629165566,0.30336283464682273,False,-0.22452016639039318,-35.94477372689455,50,False
MVK,2_minus_1,480.0,0.13045894629165566,0.30336283464682273,False,0.16957301020478396,0.0,50,False
SH3BP1,2_minus_1,480.0,0.13045894629165566,0.30336283464682273,False,-0.05460646635161276,-34.70103274851799,50,False
RNASE10,2_minus_1,480.0,0.13045894629165566,0.30336283464682273,False,-0.08844006527844295,0.0,50,False
NFATC1,2_minus_1,480.0,0.13045894629165566,0.30336283464682273,False,0.07012311077242564,0.0,50,False
SFRP1,2_minus_1,480.0,0.13045894629165566,0.30336283464682273,False,0.09286176157516567,32.493774028973434,50,False
PPM1A,2_minus_1,480.0,0.13045894629165566,0.30336283464682273,False,-0.0953635853243827,-34.79027847608882,50,False
DIABLO,2_minus_1,481.0,0.1329605561585705,0.3074030592303239,False,0.23773317077569567,33.05189626239285,50,False
GGH,2_minus_1,481.0,0.1329605561585705,0.3074030592303239,False,-0.07050481849859146,-35.50624926573167,50,False
OPLAH,2_minus_1,481.0,0.1329605561585705,0.3074030592303239,False,0.04495768534997854,0.0,50,False
PSCA,2_minus_1,481.0,0.1329605561585705,0.3074030592303239,False,0.07532656386384247,0.0,50,False
SEPTIN8,2_minus_1,481.0,0.1329605561585705,0.3074030592303239,False,-0.06653242279299719,0.0,50,False
MYCBP2,2_minus_1,481.0,0.1329605561585705,0.3074030592303239,False,-0.12048341134268528,0.0,50,False
ADH4,2_minus_1,481.0,0.1329605561585705,0.3074030592303239,False,0.33030106400221787,0.0,50,False
SYTL4,2_minus_1,482.0,0.13549845162767582,0.3119898935270115,False,-0.19122065328712878,0.0,50,False
EREG,2_minus_1,482.0,0.13549845162767582,0.3119898935270115,False,0.13058145490273637,35.38360256677151,50,False
SERPINB8,2_minus_1,482.0,0.13549845162767582,0.3119898935270115,False,0.08935224905785871,0.0,50,False
KITLG,2_minus_1,482.0,0.13549845162767582,0.3119898935270115,False,-0.021831501046684965,-0.4533757858724704,50,False
SUMF1,2_minus_1,482.0,0.13549845162767582,0.3119898935270115,False,0.12037301538440354,35.5508926948087,50,False
CASP4,2_minus_1,483.0,0.13807290852462017,0.3155952194848461,False,-0.11204240037427748,-0.7287915080518382,50,False
SAA4,2_minus_1,483.0,0.13807290852462017,0.3155952194848461,False,-0.03785652194396601,-0.682057412704213,50,False
ECHDC3,2_minus_1,483.0,0.13807290852462017,0.3155952194848461,False,0.26012572453711613,0.0,50,False
ALPI,2_minus_1,483.0,0.13807290852462017,0.3155952194848461,False,0.19490338436863602,0.0,50,False
SIGLEC8,2_minus_1,483.0,0.13807290852462017,0.3155952194848461,False,-0.08846008133145565,0.0,50,False
NOTCH2,2_minus_1,483.0,0.13807290852462017,0.3155952194848461,False,-0.11642995535551709,-34.83917696158964,50,False
PRKAR1A,2_minus_1,483.0,0.13807290852462017,0.3155952194848461,False,0.21528134834512297,34.98286868988333,50,False
HTRA2,2_minus_1,483.0,0.13807290852462017,0.3155952194848461,False,-0.17981036926235194,-30.56746090376239,50,False
RNF41,2_minus_1,483.0,0.13807290852462017,0.3155952194848461,False,0.23152239122762044,0.0,50,False
WASHC3,2_minus_1,484.0,0.1406841997467243,0.318974803934602,False,0.135065097111293,0.0,50,False
NPPB,2_minus_1,484.0,0.1406841997467243,0.318974803934602,False,-0.3817447844212848,-1.0862556048246543,50,False
TERF1,2_minus_1,484.0,0.1406841997467243,0.318974803934602,False,-0.10192387251237375,-35.447259352624656,50,False
FGF20,2_minus_1,484.0,0.1406841997467243,0.318974803934602,False,-0.048083523490946446,0.0,50,False
YES1,2_minus_1,484.0,0.1406841997467243,0.318974803934602,False,0.04760753130881701,0.0,50,False
CNTN2,2_minus_1,484.0,0.1406841997467243,0.318974803934602,False,-0.1179419334257085,0.0,50,False
CMIP,2_minus_1,484.0,0.1406841997467243,0.318974803934602,False,0.1157473133820428,0.0,50,False
BAX,2_minus_1,484.0,0.1406841997467243,0.318974803934602,False,0.24911824791617995,36.62303751335576,50,False
NFKB1,2_minus_1,484.0,0.1406841997467243,0.318974803934602,False,0.2124646214783345,0.0,50,False
THBS4,2_minus_1,484.0,0.1406841997467243,0.318974803934602,False,-0.16418366341526916,-35.081298297222716,50,False
GP6,2_minus_1,485.0,0.14333259515310637,0.322899670360918,False,0.054949408636144004,0.0,50,False
PRTFDC1,2_minus_1,485.0,0.14333259515310637,0.322899670360918,False,0.13452337951882687,0.0,50,False
KRT14,2_minus_1,485.0,0.14333259515310637,0.322899670360918,False,0.09689069704417111,1.8115356602473471,50,False
TFRC,2_minus_1,485.0,0.14333259515310637,0.322899670360918,False,-0.05131962998726509,0.0,50,False
PSRC1,2_minus_1,485.0,0.14333259515310637,0.322899670360918,False,-0.09416196610435251,0.0,50,False
NBL1,2_minus_1,485.0,0.14333259515310637,0.322899670360918,False,-0.04306247769530981,0.0,50,False
MYOM1,2_minus_1,485.0,0.14333259515310637,0.322899670360918,False,-0.22779219520572117,-36.152378890807775,50,False
NXPH1,2_minus_1,485.0,0.14333259515310637,0.322899670360918,False,-0.08267326379297532,-2.4680736911010794,50,False
CES3,2_minus_1,486.0,0.14601836144972324,0.32737874668982536,False,0.09827763530973196,0.0,50,False
CLEC11A,2_minus_1,486.0,0.14601836144972324,0.32737874668982536,False,0.06979097229575804,0.0,50,False
PTGR1,2_minus_1,486.0,0.14601836144972324,0.32737874668982536,False,0.07756676788335937,0.0,50,False
IGDCC4,2_minus_1,486.0,0.14601836144972324,0.32737874668982536,False,0.04610968742615862,0.0,50,False
BCL2L15,2_minus_1,486.0,0.14601836144972324,0.32737874668982536,False,-0.10177563405766574,0.0,50,False
TMED8,2_minus_1,486.0,0.14601836144972324,0.32737874668982536,False,0.14304934925585994,0.0,50,False
EHBP1,2_minus_1,487.0,0.14874176207376877,0.3318992091915474,False,0.03358546797531116,33.08938132878328,50,False
CA1,2_minus_1,487.0,0.14874176207376877,0.3318992091915474,False,-0.14052681310092238,0.0,50,False
ENTR1,2_minus_1,487.0,0.14874176207376877,0.3318992091915474,False,0.0956779948800551,0.0,50,False
SERPINE2,2_minus_1,487.0,0.14874176207376877,0.3318992091915474,False,0.21633815917479793,36.67357043178369,50,False
CTNNA1,2_minus_1,487.0,0.14874176207376877,0.3318992091915474,False,-0.14269053110175325,-32.80438556286224,50,False
CCL5,2_minus_1,487.0,0.14874176207376877,0.3318992091915474,False,0.43553267382454175,3.5284943009007463,50,False
KIR3DL2,2_minus_1,390.0,0.15010439112435234,0.3344097827580508,False,-0.05384356387458995,-2.0914620667580635,50,False
H2AP,2_minus_1,390.0,0.15010439112435234,0.3344097827580508,False,-0.09510658949965431,0.0,50,False
DNAJB2,2_minus_1,303.0,0.15037197919132064,0.33474110150415726,False,0.0,0.0,50,False
DUSP29,2_minus_1,488.0,0.1515030570827971,0.33487645898363944,False,0.15395197579045056,0.0,50,False
CDNF,2_minus_1,488.0,0.1515030570827971,0.33487645898363944,False,-0.10582267736629804,-33.38959716127915,50,False
EPN1,2_minus_1,488.0,0.1515030570827971,0.33487645898363944,False,-0.34797189294920394,-32.625406641847064,50,False
NARS1,2_minus_1,488.0,0.1515030570827971,0.33487645898363944,False,0.13834112820471836,35.77932920282865,50,False
RNF4,2_minus_1,488.0,0.1515030570827971,0.33487645898363944,False,-0.21157512305052728,-37.10053710906762,50,False
SPTBN2,2_minus_1,488.0,0.1515030570827971,0.33487645898363944,False,-0.15179974169590904,-34.365133900346166,50,False
TBC1D17,2_minus_1,488.0,0.1515030570827971,0.33487645898363944,False,-0.09450849434852401,-34.80678276892386,50,False
WWP2,2_minus_1,488.0,0.1515030570827971,0.33487645898363944,False,0.15476372206525796,32.93366416962005,50,False
TBC1D23,2_minus_1,488.0,0.1515030570827971,0.33487645898363944,False,0.2052065079494767,36.18453407003407,50,False
TPK1,2_minus_1,489.5,0.15309232825021632,0.33812391870792874,False,0.08254795677246626,0.0,50,False
SMPDL3B,2_minus_1,489.0,0.15430250303892734,0.33893591931171557,False,-0.08379157792679061,0.0,50,False
STX7,2_minus_1,489.0,0.15430250303892734,0.33893591931171557,False,-0.028011579346071742,-28.47647535952525,50,False
RBP2,2_minus_1,489.0,0.15430250303892734,0.33893591931171557,False,0.2535467518543729,34.8884112872193,50,False
NENF,2_minus_1,489.0,0.15430250303892734,0.33893591931171557,False,-0.18245647138493493,0.0,50,False
GID8,2_minus_1,489.0,0.15430250303892734,0.33893591931171557,False,-0.24411483767375244,-32.43888835964361,50,False
MITD1,2_minus_1,489.0,0.15430250303892734,0.33893591931171557,False,0.040514146675759755,0.0,50,False
FIS1,2_minus_1,489.0,0.15430250303892734,0.33893591931171557,False,0.17265847501437726,0.0,50,False
PSME2,2_minus_1,490.0,0.15714035289247086,0.3430288633683705,False,-0.20275284427212265,0.0,50,False
DOK1,2_minus_1,490.0,0.15714035289247086,0.3430288633683705,False,0.04078797553881752,0.0,50,False
MAPK9,2_minus_1,490.0,0.15714035289247086,0.3430288633683705,False,0.11874171970948323,0.0,50,False
PPP2R5A,2_minus_1,490.0,0.15714035289247086,0.3430288633683705,False,0.12652812232134336,0.0,50,False
CCDC134,2_minus_1,490.0,0.15714035289247086,0.3430288633683705,False,0.023849075849746867,0.0,50,False
RPGR,2_minus_1,490.0,0.15714035289247086,0.3430288633683705,False,-0.20677482767190256,0.0,50,False
SERPINC1,2_minus_1,490.0,0.15714035289247086,0.3430288633683705,False,-0.04019409161856566,-32.43912476207277,50,False
ITIH1,2_minus_1,490.0,0.15714035289247086,0.3430288633683705,False,0.035754959449581694,0.0,50,False
SPTLC1,2_minus_1,491.0,0.16001685587048975,0.3463547011001531,False,-0.0725861828176893,0.0,50,False
TP53INP1,2_minus_1,491.0,0.16001685587048975,0.3463547011001531,False,0.04553910787330805,0.0,50,False
VAV3,2_minus_1,491.0,0.16001685587048975,0.3463547011001531,False,0.2973839609275447,37.01971073831777,50,False
HBQ1,2_minus_1,491.0,0.16001685587048975,0.3463547011001531,False,-0.12975932792568473,-4.896110275146074,50,False
CA8,2_minus_1,491.0,0.16001685587048975,0.3463547011001531,False,-0.06793622406337896,-32.25787275225949,50,False
SDCCAG8,2_minus_1,491.0,0.16001685587048975,0.3463547011001531,False,0.2142541726823597,35.251093298611686,50,False
PKLR,2_minus_1,491.0,0.16001685587048975,0.3463547011001531,False,-0.09977132636792323,0.0,50,False
NUDT2,2_minus_1,491.0,0.16001685587048975,0.3463547011001531,False,-0.03105418242291147,0.0,50,False
AXIN1,2_minus_1,491.0,0.16001685587048975,0.3463547011001531,False,0.09150561817961869,0.0,50,False
TNFAIP8L2,2_minus_1,491.0,0.16001685587048975,0.3463547011001531,False,0.1162817534856397,32.104142003802345,50,False
CAPN3,2_minus_1,491.0,0.16001685587048975,0.3463547011001531,False,0.0910811692258548,33.299154463288026,50,False
NUP50,2_minus_1,492.0,0.16015209046760637,0.34638117262425466,False,-0.13348117372985585,-34.00851708924791,50,False
ATP2B4,2_minus_1,492.0,0.16293225736063377,0.34997500894549555,False,-0.0736737753341659,-34.76118338747481,50,False
HDAC8,2_minus_1,492.0,0.16293225736063377,0.34997500894549555,False,-0.22203957897660348,-34.56926532085734,50,False
VTI1A,2_minus_1,306.0,0.16214462435234045,0.34997500894549555,False,0.0,0.0,50,False
IL1RN,2_minus_1,492.0,0.16293225736063377,0.34997500894549555,False,0.14062123550722208,0.0,50,False
BCR,2_minus_1,492.0,0.16293225736063377,0.34997500894549555,False,0.12597755712671216,0.0,50,False
SERPINB5,2_minus_1,492.0,0.16293225736063377,0.34997500894549555,False,-0.6910032073844576,-36.133884249526794,50,False
DGKA,2_minus_1,492.0,0.16293225736063377,0.34997500894549555,False,0.21883776109900158,0.0,50,False
CHGA,2_minus_1,492.0,0.16293225736063377,0.34997500894549555,False,-0.0207287474458609,0.0,50,False
COL4A1,2_minus_1,492.0,0.16293225736063377,0.34997500894549555,False,-0.06282653779157826,0.0,50,False
AMY2B,2_minus_1,493.0,0.16588679879439283,0.3557785418164587,False,0.06563880845453633,0.0,50,False
M6PR,2_minus_1,493.0,0.16588679879439283,0.3557785418164587,False,-0.049592751142815604,-34.233774904659164,50,False
SUGT1,2_minus_1,494.0,0.16888071753563239,0.35891932119271003,False,0.10316109003828094,0.0,50,False
SCRIB,2_minus_1,494.0,0.16888071753563239,0.35891932119271003,False,0.06143982311297874,0.0,50,False
ZBP1,2_minus_1,494.0,0.16888071753563239,0.35891932119271003,False,-0.1059381473772312,0.0,50,False
MORF4L1,2_minus_1,494.0,0.16888071753563239,0.35891932119271003,False,-0.1821904725567489,0.0,50,False
MTSS1,2_minus_1,494.0,0.16888071753563239,0.35891932119271003,False,0.0706078844868378,0.0,50,False
PLCB2,2_minus_1,494.0,0.16888071753563239,0.35891932119271003,False,0.1866630461114167,30.574104350675565,50,False
OPHN1,2_minus_1,494.0,0.16888071753563239,0.35891932119271003,False,0.18254289606873741,36.06346502693794,50,False
NCLN,2_minus_1,494.0,0.16888071753563239,0.35891932119271003,False,0.15681240195604765,30.046614443554766,50,False
LMNB1,2_minus_1,494.0,0.16888071753563239,0.35891932119271003,False,-0.17785818784033833,-34.13828008711276,50,False
CEACAM1,2_minus_1,494.0,0.16888071753563239,0.35891932119271003,False,0.052423123374582214,32.248141973884735,50,False
GOT1,2_minus_1,494.0,0.16888071753563239,0.35891932119271003,False,-0.11036516433862831,0.0,50,False
CHMP6,2_minus_1,494.0,0.16888071753563239,0.35891932119271003,False,0.0594412650462921,32.305570494284176,50,False
SWAP70,2_minus_1,495.0,0.17191424676435396,0.36235817282067423,False,-0.07949519626944011,0.0,50,False
USO1,2_minus_1,495.0,0.17191424676435396,0.36235817282067423,False,0.2520880291868587,29.76000670680606,50,False
JUN,2_minus_1,495.0,0.17191424676435396,0.36235817282067423,False,-0.0922098088325084,0.0,50,False
TPBGL,2_minus_1,495.0,0.17191424676435396,0.36235817282067423,False,-0.1657685140288679,-36.40632442866941,50,False
STAT5B,2_minus_1,495.0,0.17191424676435396,0.36235817282067423,False,0.3104269059108064,0.0,50,False
TAB2,2_minus_1,495.0,0.17191424676435396,0.36235817282067423,False,0.3143807850953988,37.78766524818293,50,False
RNF5,2_minus_1,495.0,0.17191424676435396,0.36235817282067423,False,0.0734340804091848,0.0,50,False
ISM2,2_minus_1,495.0,0.17191424676435396,0.36235817282067423,False,0.08595876435082658,0.9097792350079326,50,False
MTR,2_minus_1,495.0,0.17191424676435396,0.36235817282067423,False,0.10502776007431258,34.52459972061041,50,False
CA11,2_minus_1,495.0,0.17191424676435396,0.36235817282067423,False,-0.0799380350520301,-4.943303105268371,50,False
CHI3L1,2_minus_1,495.0,0.17191424676435396,0.36235817282067423,False,-0.1019256966100752,-31.716109219333006,50,False
MYO9B,2_minus_1,496.0,0.174987615360088,0.36609593228380966,False,0.17188223713779816,0.0,50,False
CARHSP1,2_minus_1,496.0,0.174987615360088,0.36609593228380966,False,-0.23359763846210974,0.0,50,False
CHEK2,2_minus_1,496.0,0.174987615360088,0.36609593228380966,False,-0.16579147193267763,0.0,50,False
THSD1,2_minus_1,496.0,0.174987615360088,0.36609593228380966,False,-0.16119829831996574,-5.307543212299378,50,False
MAPT,2_minus_1,496.0,0.174987615360088,0.36609593228380966,False,0.26267613397834977,0.0,50,False
C1GALT1C1,2_minus_1,496.0,0.174987615360088,0.36609593228380966,False,0.02926795044910674,0.0,50,False
PLA2G1B,2_minus_1,496.0,0.174987615360088,0.36609593228380966,False,0.11129750661262545,35.92070144077111,50,False
NAGPA,2_minus_1,496.0,0.174987615360088,0.36609593228380966,False,0.052241910833795244,32.967474537594896,50,False
NMT1,2_minus_1,496.0,0.174987615360088,0.36609593228380966,False,0.21376478656251663,36.63844081380245,50,False
C2CD2L,2_minus_1,496.0,0.174987615360088,0.36609593228380966,False,0.04286517460011917,0.0,50,False
NAGA,2_minus_1,497.0,0.1781010477908609,0.3698617629639117,False,0.08702371938097556,0.0,50,False
CORO1A,2_minus_1,497.0,0.1781010477908609,0.3698617629639117,False,0.2280849431505591,27.8933611457575,50,False
NUDT10,2_minus_1,497.0,0.1781010477908609,0.3698617629639117,False,-0.08060114986831228,0.0,50,False
ACADSB,2_minus_1,497.0,0.1781010477908609,0.3698617629639117,False,0.12427622967787827,35.01283907779806,50,False
RIPK4,2_minus_1,497.0,0.1781010477908609,0.3698617629639117,False,-0.1547070708386087,-35.871808180832495,50,False
KCNC4,2_minus_1,497.0,0.1781010477908609,0.3698617629639117,False,-0.19488986302307756,-36.11535229553316,50,False
PRCP,2_minus_1,497.0,0.1781010477908609,0.3698617629639117,False,0.048668596079653556,0.0,50,False
PBK,2_minus_1,398.0,0.17738115878779548,0.3698617629639117,False,0.0,0.0,50,False
DCLRE1C,2_minus_1,398.0,0.17738115878779548,0.3698617629639117,False,-0.10958739458886743,0.0,50,False
NGRN,2_minus_1,497.0,0.1781010477908609,0.3698617629639117,False,-0.030412397053669903,0.0,50,False
NRGN,2_minus_1,310.0,0.17890643952847174,0.37126052594854564,False,0.001457401719280993,0.0,50,False
YOD1,2_minus_1,498.0,0.18125476399734453,0.3739292420633862,False,-0.2262920136760671,0.0,50,False
SCPEP1,2_minus_1,498.0,0.18125476399734453,0.3739292420633862,False,-0.05342467425495923,-1.3111047090027292,50,False
MMP13,2_minus_1,498.0,0.18125476399734453,0.3739292420633862,False,0.11134782544177022,0.0,50,False
KLK13,2_minus_1,498.0,0.18125476399734453,0.3739292420633862,False,-0.10089149419981629,-0.9541512819456617,50,False
CXCL3,2_minus_1,498.0,0.18125476399734453,0.3739292420633862,False,0.12870990051122988,2.6441530212599025,50,False
SELP,2_minus_1,498.0,0.18125476399734453,0.3739292420633862,False,0.1378038523419096,33.347850274150346,50,False
PPIE,2_minus_1,498.0,0.18125476399734453,0.3739292420633862,False,-0.170577592687151,-36.58072614007954,50,False
MDM1,2_minus_1,498.0,0.18125476399734453,0.3739292420633862,False,0.22006420701316598,36.42837169864044,50,False
PHYKPL,2_minus_1,499.0,0.18444897927691706,0.3791301647035025,False,-0.086648959945412,-34.836657204125274,50,False
SCG2,2_minus_1,499.0,0.18444897927691706,0.3791301647035025,False,-0.0744693729366247,0.0,50,False
HCLS1,2_minus_1,499.0,0.18444897927691706,0.3791301647035025,False,0.09664750746731954,0.0,50,False
SMNDC1,2_minus_1,499.0,0.18444897927691706,0.3791301647035025,False,-0.06295010778371905,-32.024128673623956,50,False
GHRL,2_minus_1,499.0,0.18444897927691706,0.3791301647035025,False,-0.11967547186235744,-0.9508785067202031,50,False
TARBP2,2_minus_1,500.0,0.18768390417341507,0.3838183545042388,False,0.1516607881986466,0.0,50,False
AXL,2_minus_1,500.0,0.18768390417341507,0.3838183545042388,False,0.027236690292054833,32.79749919014351,50,False
CD164L2,2_minus_1,500.0,0.18768390417341507,0.3838183545042388,False,0.13190601198486823,36.14015429847082,50,False
QPCT,2_minus_1,500.0,0.18768390417341507,0.3838183545042388,False,0.008143732158950596,0.0,50,False
MYOM2,2_minus_1,500.0,0.18768390417341507,0.3838183545042388,False,0.31564007371165387,0.0,50,False
MANSC1,2_minus_1,500.0,0.18768390417341507,0.3838183545042388,False,0.0458981110643365,34.22940988331448,50,False
ACTA2,2_minus_1,500.0,0.18768390417341507,0.3838183545042388,False,0.10471331430301659,0.0,50,False
PDIA2,2_minus_1,401.0,0.1885099793032875,0.3852279402888662,False,-0.05531626449888648,0.0,50,False
FGF12,2_minus_1,501.0,0.19095974436218555,0.3877019755760018,False,-0.025809581214707705,-34.02864342768564,50,False
LYSMD3,2_minus_1,501.0,0.19095974436218555,0.3877019755760018,False,-0.1616187916711821,0.0,50,False
HSPG2,2_minus_1,501.0,0.19095974436218555,0.3877019755760018,False,0.08008632111694193,0.0,50,False
LTB,2_minus_1,501.0,0.19095974436218555,0.3877019755760018,False,-0.06918048101277244,-4.990193200360246,50,False
GCHFR,2_minus_1,501.0,0.19095974436218555,0.3877019755760018,False,0.06611949824124524,0.0,50,False
CASP10,2_minus_1,501.0,0.19095974436218555,0.3877019755760018,False,0.2686209233374931,0.0,50,False
SLC39A14,2_minus_1,501.0,0.19095974436218555,0.3877019755760018,False,-0.023666990596721282,-0.42515463565386724,50,False
CCL4,2_minus_1,501.0,0.19095974436218555,0.3877019755760018,False,0.020278529339314143,0.0,50,False
FGR,2_minus_1,501.0,0.19095974436218555,0.3877019755760018,False,0.21219600925572907,36.068003700593515,50,False
TNFAIP2,2_minus_1,502.0,0.19427670053532076,0.39161287666962297,False,-0.045357182179102735,0.0,50,False
FZD8,2_minus_1,502.0,0.19427670053532076,0.39161287666962297,False,0.06833168370223382,35.222750017675615,50,False
HS1BP3,2_minus_1,502.0,0.19427670053532076,0.39161287666962297,False,0.11057229705694,0.0,50,False
PMS1,2_minus_1,502.0,0.19427670053532076,0.39161287666962297,False,0.1243330055369426,0.0,50,False
RICTOR,2_minus_1,502.0,0.19427670053532076,0.39161287666962297,False,-0.06519842002686052,-34.96088724547844,50,False
ARHGAP25,2_minus_1,502.0,0.19427670053532076,0.39161287666962297,False,-0.060124495598000906,-0.9094974244806555,50,False
PGD,2_minus_1,502.0,0.19427670053532076,0.39161287666962297,False,0.2218167178795873,0.0,50,False
GBA,2_minus_1,502.0,0.19427670053532076,0.39161287666962297,False,0.4728663211322167,0.0,50,False
STK11,2_minus_1,502.0,0.19427670053532076,0.39161287666962297,False,-0.28364657382293396,0.0,50,False
IFT20,2_minus_1,502.0,0.19427670053532076,0.39161287666962297,False,0.19238562736247125,33.88290982651669,50,False
STOML2,2_minus_1,403.0,0.19621011850107473,0.394944741743407,False,-0.051005713587157206,-2.430362179091189,50,False
CLINT1,2_minus_1,403.0,0.19621011850107473,0.394944741743407,False,-0.11743191049331858,-34.180699562466735,50,False
LTBP2,2_minus_1,503.0,0.1976349682926415,0.39565134799418944,False,0.05721859826390689,33.944334100529545,50,False
IL31RA,2_minus_1,503.0,0.1976349682926415,0.39565134799418944,False,-0.07471898060125387,0.0,50,False
WASF3,2_minus_1,503.0,0.1976349682926415,0.39565134799418944,False,-0.29843935789076415,0.0,50,False
ANGPTL2,2_minus_1,483.0,0.19768517280817632,0.39565134799418944,False,0.046636439134452895,0.0,50,False
TSLP,2_minus_1,503.0,0.1976349682926415,0.39565134799418944,False,-0.15914769445815585,-36.37219632871761,50,False
NFE2,2_minus_1,483.0,0.19768517280817632,0.39565134799418944,False,0.22309023050222654,0.0,50,False
UGDH,2_minus_1,503.0,0.1976349682926415,0.39565134799418944,False,-0.18282311109848406,-36.07585937890295,50,False
ALDH5A1,2_minus_1,503.0,0.1976349682926415,0.39565134799418944,False,-0.05426767721273552,0.0,50,False
CPB1,2_minus_1,504.0,0.20103473802823935,0.4000804397791675,False,-0.11431625819116892,0.0,50,False
TPRKB,2_minus_1,404.0,0.20014550892137328,0.4000804397791675,False,-0.048754311588660955,0.0,50,False
CTF1,2_minus_1,504.0,0.20103473802823935,0.4000804397791675,False,-0.17215190716036505,-35.015699671059075,50,False
MEP1A,2_minus_1,504.0,0.20103473802823935,0.4000804397791675,False,-0.12809521265756998,0.0,50,False
CPPED1,2_minus_1,504.0,0.20103473802823935,0.4000804397791675,False,-0.12524134577778645,0.0,50,False
CTSE,2_minus_1,504.0,0.20103473802823935,0.4000804397791675,False,-0.057027578151870734,0.0,50,False
RILPL2,2_minus_1,504.0,0.20103473802823935,0.4000804397791675,False,0.04645580161058374,0.0,50,False
PDGFB,2_minus_1,504.0,0.20103473802823935,0.4000804397791675,False,0.3372077954323869,36.94639740982922,50,False
NDUFB7,2_minus_1,505.0,0.20447619481721802,0.4054964539473844,False,0.08758686084541081,0.0,50,False
MAVS,2_minus_1,505.0,0.20447619481721802,0.4054964539473844,False,0.14666173682593092,0.0,50,False
ENPEP,2_minus_1,505.0,0.20447619481721802,0.4054964539473844,False,-0.08899403115504506,0.0,50,False
ERI1,2_minus_1,505.0,0.20447619481721802,0.4054964539473844,False,-0.0540855112113887,0.0,50,False
NDST1,2_minus_1,505.0,0.20447619481721802,0.4054964539473844,False,0.023868510366416767,0.0,50,False
CAT,2_minus_1,506.0,0.20795951830847592,0.41124578901451414,False,-0.17533679256835794,0.0,50,False
ARHGEF1,2_minus_1,506.0,0.20795951830847592,0.41124578901451414,False,-0.12360944309896654,-33.548699581681404,50,False
RSPO1,2_minus_1,506.0,0.20795951830847592,0.41124578901451414,False,-0.10016516440570192,-31.363478475914416,50,False
B3GNT7,2_minus_1,506.0,0.20795951830847592,0.41124578901451414,False,0.049078596428992,0.0,50,False
PODXL2,2_minus_1,507.0,0.21148488261323095,0.4155906695316527,False,-0.046241472970140335,-34.05853467214156,50,False
HRAS,2_minus_1,507.0,0.21148488261323095,0.4155906695316527,False,0.004956863649948073,0.0,50,False
AP2B1,2_minus_1,507.0,0.21148488261323095,0.4155906695316527,False,-0.055951327565074524,0.0,50,False
LAT,2_minus_1,507.0,0.21148488261323095,0.4155906695316527,False,0.04774150985046148,34.73307661547364,50,False
GLI2,2_minus_1,507.0,0.21148488261323095,0.4155906695316527,False,-0.0883711182660401,-35.554484576591356,50,False
SEMA4C,2_minus_1,507.0,0.21148488261323095,0.4155906695316527,False,-0.050012960877104676,0.0,50,False
BNIP3L,2_minus_1,507.0,0.21148488261323095,0.4155906695316527,False,-0.07884590640678046,0.0,50,False
STK4,2_minus_1,507.0,0.21148488261323095,0.4155906695316527,False,0.181590309124828,36.62092167773239,50,False
PCYT2,2_minus_1,507.0,0.21148488261323095,0.4155906695316527,False,0.08828670730850618,0.0,50,False
PHLDB2,2_minus_1,407.0,0.21229687835647482,0.4168954040807762,False,-0.06262374450063624,0.0,50,False
CEP85,2_minus_1,508.0,0.215052456193769,0.42054702544559275,False,0.1222677879619958,0.0,50,False
CDH1,2_minus_1,508.0,0.215052456193769,0.42054702544559275,False,0.06675544315916776,0.0,50,False
FKBPL,2_minus_1,508.0,0.215052456193769,0.42054702544559275,False,0.13873603281375138,0.0,50,False
CA2,2_minus_1,508.0,0.215052456193769,0.42054702544559275,False,-0.08754737019740985,0.0,50,False
RASSF2,2_minus_1,508.0,0.215052456193769,0.42054702544559275,False,-0.09405536034518606,0.0,50,False
RUVBL1,2_minus_1,508.0,0.215052456193769,0.42054702544559275,False,-0.07756228273000182,0.0,50,False
VIM,2_minus_1,509.5,0.21659729326911092,0.4229805671607603,False,-0.15562091896283936,0.0,50,False
FGF9,2_minus_1,408.0,0.21646342954710784,0.4229805671607603,False,-0.13215504692241656,-35.861707633099485,50,False
ATF2,2_minus_1,509.0,0.21866240175859453,0.4231981603795204,False,-0.11944888077819102,-35.05606625566893,50,False
ARHGAP30,2_minus_1,509.0,0.21866240175859453,0.4231981603795204,False,-0.06163806549030234,-33.49818380829352,50,False
PDGFRA,2_minus_1,509.0,0.21866240175859453,0.4231981603795204,False,0.040775376186340445,0.0,50,False
CLEC2L,2_minus_1,509.0,0.21866240175859453,0.4231981603795204,False,-0.08320181448123978,0.0,50,False
NBN,2_minus_1,509.0,0.21866240175859453,0.4231981603795204,False,-0.052964336461095524,0.0,50,False
TPT1,2_minus_1,509.0,0.21866240175859453,0.4231981603795204,False,-0.10113085453813234,0.0,50,False
NEK7,2_minus_1,509.0,0.21866240175859453,0.4231981603795204,False,-0.2655993638944383,0.0,50,False
ITGB6,2_minus_1,509.0,0.21866240175859453,0.4231981603795204,False,0.0626190021286969,0.0,50,False
GFOD2,2_minus_1,509.0,0.21866240175859453,0.4231981603795204,False,-0.1306923981487343,0.0,50,False
YARS1,2_minus_1,509.0,0.21866240175859453,0.4231981603795204,False,0.1942058193460009,0.0,50,False
TCP11,2_minus_1,509.0,0.21866240175859453,0.4231981603795204,False,-0.1840282689471447,-36.14920061730858,50,False
NOS2,2_minus_1,509.0,0.21866240175859453,0.4231981603795204,False,-0.0756887828254205,-0.47126901451772746,50,False
TBCC,2_minus_1,509.0,0.21866240175859453,0.4231981603795204,False,0.027907751991696775,0.0,50,False
SCRN1,2_minus_1,510.0,0.22231487615329293,0.4276220568631645,False,-0.1357507963469874,-30.91909567289391,50,False
FNDC1,2_minus_1,510.0,0.22231487615329293,0.4276220568631645,False,-0.08346778529475041,-3.7886849349089786,50,False
EXTL1,2_minus_1,510.0,0.22231487615329293,0.4276220568631645,False,-0.1850495383368756,-36.82562764311875,50,False
AHSP,2_minus_1,510.0,0.22231487615329293,0.4276220568631645,False,-0.03900811599694201,-0.34486721584248564,50,False
BLVRB,2_minus_1,510.0,0.22231487615329293,0.4276220568631645,False,-0.08397337048023859,0.0,50,False
CRHR1,2_minus_1,510.0,0.22231487615329293,0.4276220568631645,False,-0.11908587862257296,-34.710204490633316,50,False
PAGR1,2_minus_1,510.0,0.22231487615329293,0.4276220568631645,False,-0.08713022566787572,-33.2854994236214,50,False
LPP,2_minus_1,510.0,0.22231487615329293,0.4276220568631645,False,0.2406978869304282,36.90805026813449,50,False
GIT1,2_minus_1,510.0,0.22231487615329293,0.4276220568631645,False,0.14244274311374894,0.0,50,False
TIGAR,2_minus_1,511.0,0.2260100302518655,0.43236701439487313,False,-0.17801111623479104,-36.21532824332857,50,False
SOX2,2_minus_1,511.0,0.2260100302518655,0.43236701439487313,False,-0.2631882183494235,-34.87762917960594,50,False
GET3,2_minus_1,511.0,0.2260100302518655,0.43236701439487313,False,-0.05533540601284673,0.0,50,False
PDE5A,2_minus_1,511.0,0.2260100302518655,0.43236701439487313,False,0.21575570918051817,0.0,50,False
TDP1,2_minus_1,511.0,0.2260100302518655,0.43236701439487313,False,-0.19043946757109387,0.0,50,False
RRM2B,2_minus_1,511.0,0.2260100302518655,0.43236701439487313,False,0.10433252188378361,0.0,50,False
CEP170,2_minus_1,511.0,0.2260100302518655,0.43236701439487313,False,0.11728043487440931,0.0,50,False
PALLD,2_minus_1,511.0,0.2260100302518655,0.43236701439487313,False,0.19968561370193322,0.0,50,False
REEP4,2_minus_1,512.0,0.22974800885474522,0.4377336894011925,False,-0.0486390204092681,-32.406650764927264,50,False
SNX18,2_minus_1,512.0,0.22974800885474522,0.4377336894011925,False,-0.03348870378633223,0.0,50,False
PDZD2,2_minus_1,512.0,0.22974800885474522,0.4377336894011925,False,0.06704919857003988,0.0,50,False
CDC42BPB,2_minus_1,512.0,0.22974800885474522,0.4377336894011925,False,0.1785123649857526,0.0,50,False
CASP2,2_minus_1,512.0,0.22974800885474522,0.4377336894011925,False,0.06545462067065433,0.0,50,False
CLEC6A,2_minus_1,512.0,0.22974800885474522,0.4377336894011925,False,-0.07818964265800607,0.0,50,False
CERT1,2_minus_1,321.0,0.23158908171385673,0.44094310622462507,False,0.013041712111103151,0.0,50,False
TST,2_minus_1,513.0,0.23352895058251377,0.4417107619986735,False,0.06665672095083663,0.0,50,False
GRSF1,2_minus_1,412.0,0.2337176972223095,0.4417107619986735,False,-0.08099384340761773,0.0,50,False
C19orf12,2_minus_1,513.0,0.23352895058251377,0.4417107619986735,False,-0.08591911099821875,0.0,50,False
TP53BP1,2_minus_1,513.0,0.23352895058251377,0.4417107619986735,False,0.132994530182168,0.0,50,False
KIF1C,2_minus_1,513.0,0.23352895058251377,0.4417107619986735,False,0.03841641058492046,0.0,50,False
FOXO3,2_minus_1,513.0,0.23352895058251377,0.4417107619986735,False,0.27355119790357907,36.50517989424001,50,False
PDLIM5,2_minus_1,513.0,0.23352895058251377,0.4417107619986735,False,0.07064808656343097,0.0,50,False
SHC1,2_minus_1,412.0,0.2337176972223095,0.4417107619986735,False,-0.012585412496396137,0.0,50,False
CYB5R2,2_minus_1,513.0,0.23352895058251377,0.4417107619986735,False,0.11734104720616138,0.0,50,False
CCL18,2_minus_1,513.0,0.23352895058251377,0.4417107619986735,False,-0.08257340438481803,-35.69216172274567,50,False
ODAM,2_minus_1,513.0,0.23352895058251377,0.4417107619986735,False,0.0632476146518528,2.20384101345417,50,False
FOLR2,2_minus_1,514.0,0.2373529877703877,0.44648364299359505,False,-0.07602830335460134,-32.88503779297991,50,False
CD2,2_minus_1,514.0,0.2373529877703877,0.44648364299359505,False,-0.1844717838454209,-36.5960992699448,50,False
MMP3,2_minus_1,514.0,0.2373529877703877,0.44648364299359505,False,0.08936866962995074,0.0,50,False
IL2RB,2_minus_1,514.0,0.2373529877703877,0.44648364299359505,False,-0.07157296187142398,-6.349221761696481,50,False
AGER,2_minus_1,514.0,0.2373529877703877,0.44648364299359505,False,0.017089223552449434,1.8348506450611102,50,False
SDK2,2_minus_1,514.0,0.2373529877703877,0.44648364299359505,False,0.0527982995882903,0.0,50,False
ATXN2,2_minus_1,514.0,0.2373529877703877,0.44648364299359505,False,-0.07230194444853008,-35.36273797876871,50,False
AMY1A_AMY1B_AMY1C,2_minus_1,515.0,0.24122024636948858,0.4516464187343616,False,0.06482493381358108,35.39817430307457,50,False
TMPRSS11D,2_minus_1,515.0,0.24122024636948858,0.4516464187343616,False,0.07368443791237111,0.0,50,False
BDNF,2_minus_1,515.0,0.24122024636948858,0.4516464187343616,False,0.17259398410575946,36.81528929077463,50,False
CRYZL1,2_minus_1,515.0,0.24122024636948858,0.4516464187343616,False,0.056523024244716544,0.0,50,False
GCC1,2_minus_1,515.0,0.24122024636948858,0.4516464187343616,False,0.04104378599838332,0.0,50,False
TEX33,2_minus_1,515.0,0.24122024636948858,0.4516464187343616,False,-0.1797762379238002,-2.8633988328160793,50,False
BOLA2_BOLA2B,2_minus_1,515.0,0.24122024636948858,0.4516464187343616,False,-0.08745625362257997,0.0,50,False
CLASP1,2_minus_1,414.0,0.24270125987101443,0.45411744039652935,False,0.0,0.0,50,False
MTUS1,2_minus_1,516.0,0.24513084584396871,0.45533539702943004,False,0.005926974563099208,0.0,50,False
UNC5D,2_minus_1,516.0,0.24513084584396871,0.45533539702943004,False,-0.14553106097274332,-34.52250804593154,50,False
VSIG10,2_minus_1,516.0,0.24513084584396871,0.45533539702943004,False,0.002775179524783372,0.4145878103715393,50,False
UHRF2,2_minus_1,516.0,0.24513084584396871,0.45533539702943004,False,-0.08028818986096162,-1.1003894373380996,50,False
CLPS,2_minus_1,516.0,0.24513084584396871,0.45533539702943004,False,0.08916166974972226,0.0,50,False
GAS6,2_minus_1,516.0,0.24513084584396871,0.45533539702943004,False,-0.04813902027330226,-33.69883869802361,50,False
IL6,2_minus_1,516.0,0.24513084584396871,0.45533539702943004,False,-0.05216405676027526,0.0,50,False
STX3,2_minus_1,516.0,0.24513084584396871,0.45533539702943004,False,-0.05555947996330443,0.0,50,False
STIP1,2_minus_1,516.0,0.24513084584396871,0.45533539702943004,False,-0.14512655042474104,0.0,50,False
FSTL1,2_minus_1,516.0,0.24513084584396871,0.45533539702943004,False,0.035712653054288,0.0,50,False
FHIP2A,2_minus_1,516.0,0.24513084584396871,0.45533539702943004,False,-0.09860727905323122,-1.285796225928354,50,False
RBP1,2_minus_1,517.0,0.24908489906916564,0.460553562559928,False,0.07591519709277361,0.0,50,False
BRME1,2_minus_1,517.0,0.24908489906916564,0.460553562559928,False,0.02909916816448945,0.0,50,False
NOS3,2_minus_1,517.0,0.24908489906916564,0.460553562559928,False,-0.14333002045912668,-1.3677464943729283,50,False
ITGA2,2_minus_1,517.0,0.24908489906916564,0.460553562559928,False,0.0863491791640852,0.0,50,False
PON1,2_minus_1,517.0,0.24908489906916564,0.460553562559928,False,0.0341821798400149,1.4396743872453204,50,False
BMP10,2_minus_1,517.0,0.24908489906916564,0.460553562559928,False,0.042532213292000555,0.0,50,False
DENR,2_minus_1,517.0,0.24908489906916564,0.460553562559928,False,-0.14056324935565911,0.0,50,False
BAG6,2_minus_1,518.0,0.25308251223662737,0.4645794222196946,False,0.09830951580251973,0.0,50,False
WASF1,2_minus_1,518.0,0.25308251223662737,0.4645794222196946,False,0.15419719736080623,0.0,50,False
PRTN3,2_minus_1,518.0,0.25308251223662737,0.4645794222196946,False,-0.04824717586950192,-33.500239841175635,50,False
AKT2,2_minus_1,518.0,0.25308251223662737,0.4645794222196946,False,-0.25678483616762,0.0,50,False
RNASET2,2_minus_1,518.0,0.25308251223662737,0.4645794222196946,False,0.02107065167019726,0.0,50,False
HSD17B3,2_minus_1,518.0,0.25308251223662737,0.4645794222196946,False,-0.2123726427930122,0.0,50,False
MCEE,2_minus_1,518.0,0.25308251223662737,0.4645794222196946,False,-0.15847271319277012,-33.216297036029985,50,False
NIT1,2_minus_1,518.0,0.25308251223662737,0.4645794222196946,False,0.017073673241059295,0.0,50,False
MENT,2_minus_1,518.0,0.25308251223662737,0.4645794222196946,False,0.048345763643136946,2.3502101037538528,50,False
MAP2,2_minus_1,325.0,0.2532419790863747,0.4645794222196946,False,0.0,0.0,50,False
GPR15L,2_minus_1,518.0,0.25308251223662737,0.4645794222196946,False,-0.10285518740479145,-1.4679038357127583,50,False
CAMSAP1,2_minus_1,518.0,0.25308251223662737,0.4645794222196946,False,0.08856985482070093,0.0,50,False
PLIN1,2_minus_1,519.0,0.2571237847552261,0.46804174393711495,False,0.0380145736815857,31.26964473201623,50,False
TRIM24,2_minus_1,519.0,0.2571237847552261,0.46804174393711495,False,0.1087907014428619,0.0,50,False
RGCC,2_minus_1,519.0,0.2571237847552261,0.46804174393711495,False,-3.6340088936631654e-05,0.0,50,False
WAS,2_minus_1,519.0,0.2571237847552261,0.46804174393711495,False,0.3640680822037614,37.21260704794064,50,False
FAP,2_minus_1,519.0,0.2571237847552261,0.46804174393711495,False,0.014068233499123256,0.0,50,False
CSNK1D,2_minus_1,519.0,0.2571237847552261,0.46804174393711495,False,-0.14671916643406124,0.0,50,False
CCDC50,2_minus_1,519.0,0.2571237847552261,0.46804174393711495,False,-0.12384043487934111,-33.42420188353145,50,False
SEPTIN7,2_minus_1,519.0,0.2571237847552261,0.46804174393711495,False,0.16489359173776558,36.617695407553924,50,False
ELOA,2_minus_1,519.0,0.2571237847552261,0.46804174393711495,False,-0.07646482740663951,0.0,50,False
TBC1D5,2_minus_1,519.0,0.2571237847552261,0.46804174393711495,False,0.19451005740729677,0.0,50,False
UPK3BL1,2_minus_1,519.0,0.2571237847552261,0.46804174393711495,False,-0.2465933826972936,-35.88631760495229,50,False
SMOC1,2_minus_1,519.0,0.2571237847552261,0.46804174393711495,False,-0.04619257752530098,0.0,50,False
PRKD2,2_minus_1,520.0,0.26120880915335754,0.4745574235973257,False,-0.07941498815378809,0.0,50,False
IFNL2,2_minus_1,520.0,0.26120880915335754,0.4745574235973257,False,-0.09587626140424182,-3.9260237354495007,50,False
TRDMT1,2_minus_1,520.0,0.26120880915335754,0.4745574235973257,False,-0.1432002158188489,0.0,50,False
NIT2,2_minus_1,521.0,0.2653376709882824,0.4801997953104134,False,0.1858382149269086,0.0,50,False
CPA2,2_minus_1,521.0,0.2653376709882824,0.4801997953104134,False,-0.16951923861281398,-2.4301852700951234,50,False
TGFA,2_minus_1,521.0,0.2653376709882824,0.4801997953104134,False,0.03476625720646265,0.0,50,False
ANKRD54,2_minus_1,521.0,0.2653376709882824,0.4801997953104134,False,-0.16669941838883862,-35.35448007740641,50,False
FOXJ3,2_minus_1,521.0,0.2653376709882824,0.4801997953104134,False,0.12913003107257076,0.0,50,False
REG3A,2_minus_1,521.0,0.2653376709882824,0.4801997953104134,False,0.058279880146574925,0.0,50,False
MRPL58,2_minus_1,522.0,0.2695104487517437,0.48525666476017276,False,-0.07656175772054646,-34.87797113067921,50,False
PRKAG3,2_minus_1,522.0,0.2695104487517437,0.48525666476017276,False,-0.3591499384338302,-34.94730115381197,50,False
NT5C3A,2_minus_1,522.0,0.2695104487517437,0.48525666476017276,False,0.21638201000577856,0.0,50,False
MMP9,2_minus_1,522.0,0.2695104487517437,0.48525666476017276,False,-0.28009145340211616,-33.599823022418605,50,False
DIPK1C,2_minus_1,522.0,0.2695104487517437,0.48525666476017276,False,0.4685752602947977,37.642504582945435,50,False
TIGIT,2_minus_1,522.0,0.2695104487517437,0.48525666476017276,False,-0.023111876433017514,-32.318680342938194,50,False
SRC,2_minus_1,522.0,0.2695104487517437,0.48525666476017276,False,0.03312477884898435,0.0,50,False
MNDA,2_minus_1,522.0,0.2695104487517437,0.48525666476017276,False,-0.11286730095664407,-36.00418400954695,50,False
VNN2,2_minus_1,523.0,0.27372721377670217,0.48940687872710686,False,-0.08875811494290234,0.0,50,False
CA13,2_minus_1,523.0,0.27372721377670217,0.48940687872710686,False,0.07883140524245932,0.0,50,False
SUGP1,2_minus_1,523.0,0.27372721377670217,0.48940687872710686,False,-0.08909319472708682,0.0,50,False
PIK3AP1,2_minus_1,523.0,0.27372721377670217,0.48940687872710686,False,-0.10256709542045625,0.0,50,False
ENG,2_minus_1,523.0,0.27372721377670217,0.48940687872710686,False,-0.027402971451263955,0.0,50,False
LRRC25,2_minus_1,523.0,0.27372721377670217,0.48940687872710686,False,-0.08401584705832595,-34.09959652828389,50,False
SERPINB1,2_minus_1,523.0,0.27372721377670217,0.48940687872710686,False,0.0842944438433183,0.0,50,False
BOLA1,2_minus_1,523.0,0.27372721377670217,0.48940687872710686,False,-0.05996234267772807,0.0,50,False
NAA10,2_minus_1,523.0,0.27372721377670217,0.48940687872710686,False,-0.22222811351902705,0.0,50,False
HARS1,2_minus_1,523.0,0.27372721377670217,0.48940687872710686,False,0.03916576794130466,0.0,50,False
GHR,2_minus_1,523.0,0.27372721377670217,0.48940687872710686,False,-0.030683991277306255,-0.20181186421934624,50,False
WARS1,2_minus_1,329.0,0.27626631545054237,0.49363321339386246,False,0.0,0.0,50,False
PMVK,2_minus_1,524.0,0.27798803015155293,0.49420094249164964,False,0.07394977603543584,0.0,50,False
LIF,2_minus_1,524.0,0.27798803015155293,0.49420094249164964,False,-0.3101972148811243,0.0,50,False
DDX58,2_minus_1,524.0,0.27798803015155293,0.49420094249164964,False,-0.1989007561901942,0.0,50,False
GLYR1,2_minus_1,524.0,0.27798803015155293,0.49420094249164964,False,-0.040691682138794066,0.0,50,False
SMAD2,2_minus_1,524.0,0.27798803015155293,0.49420094249164964,False,0.020220947712100153,0.0,50,False
IL33,2_minus_1,524.0,0.27798803015155293,0.49420094249164964,False,0.037630786796121585,0.0,50,False
TXN,2_minus_1,524.0,0.27798803015155293,0.49420094249164964,False,-0.09408039781310093,0.0,50,False
SAT1,2_minus_1,524.0,0.27798803015155293,0.49420094249164964,False,-0.17723221060948843,0.0,50,False
HBZ,2_minus_1,525.0,0.28229295463063053,0.498080802155298,False,-0.09701554374664928,0.0,50,False
IMPG1,2_minus_1,525.0,0.28229295463063053,0.498080802155298,False,-0.14438469351493843,-36.13923452647344,50,False
PPBP,2_minus_1,525.0,0.28229295463063053,0.498080802155298,False,0.2929904484068939,3.286325026728974,50,False
LAMP3,2_minus_1,525.0,0.28229295463063053,0.498080802155298,False,-0.05153133099017676,-0.8307931207291013,50,False
FADD,2_minus_1,525.0,0.28229295463063053,0.498080802155298,False,0.05505466352748423,0.0,50,False
AFAP1,2_minus_1,525.0,0.28229295463063053,0.498080802155298,False,0.08851134898684596,0.0,50,False
PDCD5,2_minus_1,525.0,0.28229295463063053,0.498080802155298,False,-0.1397516527231104,0.0,50,False
SLC12A2,2_minus_1,525.0,0.28229295463063053,0.498080802155298,False,-0.11841714181108864,0.0,50,False
TLR1,2_minus_1,525.0,0.28229295463063053,0.498080802155298,False,0.08487714210660863,0.0,50,False
GAS2,2_minus_1,525.0,0.28229295463063053,0.498080802155298,False,-0.15452412981894864,-34.926798927408015,50,False
PCBD1,2_minus_1,525.0,0.28229295463063053,0.498080802155298,False,-0.09371735259754685,0.0,50,False
TRIM5,2_minus_1,525.0,0.28229295463063053,0.498080802155298,False,0.024689610216461474,0.0,50,False
PSTPIP2,2_minus_1,526.0,0.2866420365460076,0.5041748750240834,False,0.11654079705603794,35.270113518743536,50,False
FHIT,2_minus_1,526.0,0.2866420365460076,0.5041748750240834,False,-0.21740252105113156,0.0,50,False
CLIP2,2_minus_1,526.0,0.2866420365460076,0.5041748750240834,False,-0.07136189884146538,0.0,50,False
GAPDH,2_minus_1,526.0,0.2866420365460076,0.5041748750240834,False,0.053536584078279215,0.0,50,False
SUSD1,2_minus_1,526.0,0.2866420365460076,0.5041748750240834,False,0.00524004365629821,0.0,50,False
WNT9A,2_minus_1,527.0,0.2910353177271219,0.509673790248492,False,-0.07409593829713214,-35.278609943839676,50,False
CCL23,2_minus_1,527.0,0.2910353177271219,0.509673790248492,False,-0.06299267295547017,-1.4844965876769267,50,False
RBKS,2_minus_1,527.0,0.2910353177271219,0.509673790248492,False,0.10100979895214066,0.0,50,False
SNAP23,2_minus_1,527.0,0.2910353177271219,0.509673790248492,False,0.14980368624335016,1.1925560260167645,50,False
MPIG6B,2_minus_1,527.0,0.2910353177271219,0.509673790248492,False,-0.014390352737219392,0.0,50,False
DPY30,2_minus_1,527.0,0.2910353177271219,0.509673790248492,False,0.12002893215346183,0.0,50,False
LDLRAP1,2_minus_1,527.0,0.2910353177271219,0.509673790248492,False,0.10086033103494157,35.85331362057527,50,False
CD300C,2_minus_1,528.0,0.2954728324166016,0.5129787275494143,False,-0.046208958077568696,0.0,50,False
GRK5,2_minus_1,528.0,0.2954728324166016,0.5129787275494143,False,-0.032314708816629734,-0.22943369272955258,50,False
DPT,2_minus_1,528.0,0.2954728324166016,0.5129787275494143,False,0.026245894248276155,0.0,50,False
DOK2,2_minus_1,528.0,0.2954728324166016,0.5129787275494143,False,0.2211594754691668,0.0,50,False
SLMAP,2_minus_1,528.0,0.2954728324166016,0.5129787275494143,False,0.10171725732908121,0.0,50,False
WFIKKN1,2_minus_1,528.0,0.2954728324166016,0.5129787275494143,False,-0.036653382848408717,0.0,50,False
ANGPT1,2_minus_1,528.0,0.2954728324166016,0.5129787275494143,False,0.21208143989938213,3.494110643516072,50,False
APOBR,2_minus_1,528.0,0.2954728324166016,0.5129787275494143,False,0.04212371150966206,0.0,50,False
CCS,2_minus_1,528.0,0.2954728324166016,0.5129787275494143,False,-0.06936847706777582,0.0,50,False
OTUD7B,2_minus_1,528.0,0.2954728324166016,0.5129787275494143,False,0.07770276949358007,0.0,50,False
GABARAP,2_minus_1,528.0,0.2954728324166016,0.5129787275494143,False,-0.1491496053571325,-36.51891753424002,50,False
PREB,2_minus_1,528.0,0.2954728324166016,0.5129787275494143,False,-0.04962087073284154,0.0,50,False
TNFRSF14,2_minus_1,528.0,0.2954728324166016,0.5129787275494143,False,0.08455245656566912,0.0,50,False
SOD1,2_minus_1,528.0,0.2954728324166016,0.5129787275494143,False,-0.07806405950862275,0.0,50,False
IMMT,2_minus_1,529.0,0.2999546071877397,0.5188404016220363,False,0.0760638137221692,0.0,50,False
EGLN1,2_minus_1,529.0,0.2999546071877397,0.5188404016220363,False,-0.07987369568695954,0.0,50,False
ACRV1,2_minus_1,529.0,0.2999546071877397,0.5188404016220363,False,-0.13467309576598085,0.0,50,False
UFD1,2_minus_1,529.0,0.2999546071877397,0.5188404016220363,False,0.18543090601281498,0.0,50,False
CLTA,2_minus_1,529.0,0.2999546071877397,0.5188404016220363,False,-0.10874481042588112,0.0,50,False
IL17A,2_minus_1,529.0,0.2999546071877397,0.5188404016220363,False,-0.14677201872032347,-1.212975786456428,50,False
IL17F,2_minus_1,530.0,0.3044806608698192,0.5234539322401776,False,-0.14499199936842855,-0.919188494469348,50,False
RNASEH2A,2_minus_1,530.0,0.3044806608698192,0.5234539322401776,False,0.08188281845589335,0.0,50,False
NOS1,2_minus_1,530.0,0.3044806608698192,0.5234539322401776,False,0.033078809676088415,0.0,50,False
ZPR1,2_minus_1,530.0,0.3044806608698192,0.5234539322401776,False,-0.02195699014021535,-0.8682005144808526,50,False
EPB41L5,2_minus_1,530.0,0.3044806608698192,0.5234539322401776,False,-0.0934690584806827,-4.123918186634584,50,False
MEGF11,2_minus_1,530.0,0.3044806608698192,0.5234539322401776,False,-0.07784653114100021,0.0,50,False
CRADD,2_minus_1,530.0,0.3044806608698192,0.5234539322401776,False,0.1831407609286456,0.0,50,False
HLA-E,2_minus_1,530.0,0.3044806608698192,0.5234539322401776,False,0.022459424281983942,31.087130769888617,50,False
KLK4,2_minus_1,530.0,0.3044806608698192,0.5234539322401776,False,-0.04985501590360225,-33.87253648826931,50,False
RNF168,2_minus_1,530.0,0.3044806608698192,0.5234539322401776,False,-0.20905892683681293,-35.46128181772899,50,False
PLA2G2A,2_minus_1,531.5,0.3061880037719803,0.5260679796350802,False,0.0005004044094866211,0.004993055756621,50,False
KIAA2013,2_minus_1,531.0,0.30905100446984335,0.5264897934586079,False,0.13754652001725126,2.8643994114029994,50,False
TAX1BP1,2_minus_1,531.0,0.30905100446984335,0.5264897934586079,False,0.02581783574327355,0.0,50,False
PODXL,2_minus_1,531.0,0.30905100446984335,0.5264897934586079,False,-0.0184144001503422,-29.45413324239605,50,False
MPHOSPH8,2_minus_1,531.0,0.30905100446984335,0.5264897934586079,False,0.15354251498510274,0.0,50,False
ENTPD6,2_minus_1,531.0,0.30905100446984335,0.5264897934586079,False,0.07713048050510829,32.01240659087852,50,False
ALDH1A1,2_minus_1,531.0,0.30905100446984335,0.5264897934586079,False,-0.043730921284190066,0.0,50,False
TTR,2_minus_1,352.0,0.30904347292604695,0.5264897934586079,False,0.0,0.0,50,False
MAP1LC3A,2_minus_1,531.0,0.30905100446984335,0.5264897934586079,False,-0.07858476745315585,-1.9999162420497485,50,False
GBP1,2_minus_1,531.0,0.30905100446984335,0.5264897934586079,False,-0.09118798271631554,0.0,50,False
SH3GLB2,2_minus_1,531.0,0.30905100446984335,0.5264897934586079,False,-0.1676229836951076,0.0,50,False
APEX1,2_minus_1,531.0,0.30905100446984335,0.5264897934586079,False,0.08410552721323844,0.0,50,False
SF3B4,2_minus_1,531.0,0.30905100446984335,0.5264897934586079,False,-0.05544632555582496,-32.68827748713279,50,False
ACYP1,2_minus_1,531.0,0.30905100446984335,0.5264897934586079,False,-0.0453581945641184,0.0,50,False
ABO,2_minus_1,531.0,0.30905100446984335,0.5264897934586079,False,-0.019312595196132265,-0.14052523540161913,50,False
PPP1R9B,2_minus_1,532.0,0.31366564109611517,0.5298634944970968,False,0.15424790175535985,0.0,50,False
PDRG1,2_minus_1,532.0,0.31366564109611517,0.5298634944970968,False,-0.09492572456474116,-0.7668917916678238,50,False
YJU2,2_minus_1,532.0,0.31366564109611517,0.5298634944970968,False,-0.23493657305376525,-33.02048796724068,50,False
RBM17,2_minus_1,532.0,0.31366564109611517,0.5298634944970968,False,-0.08088360759493796,-35.71837633579967,50,False
FOLH1,2_minus_1,532.0,0.31366564109611517,0.5298634944970968,False,0.054622186224820346,0.0,50,False
IGDCC3,2_minus_1,532.0,0.31366564109611517,0.5298634944970968,False,-0.08129985716547761,0.0,50,False
HSP90B1,2_minus_1,532.0,0.31366564109611517,0.5298634944970968,False,0.20635195262848668,2.5679159646323613,50,False
PDXDC1,2_minus_1,428.0,0.3123822948496031,0.5298634944970968,False,-0.00920917460505035,0.0,50,False
TBR1,2_minus_1,532.0,0.31366564109611517,0.5298634944970968,False,-0.17757579001963925,-35.38637514021876,50,False
IL13,2_minus_1,532.0,0.31366564109611517,0.5298634944970968,False,-0.14479162835186418,-35.99687688102471,50,False
CD93,2_minus_1,532.0,0.31366564109611517,0.5298634944970968,False,-0.032242576791825205,-0.2597379173702114,50,False
PRKG1,2_minus_1,532.0,0.31366564109611517,0.5298634944970968,False,0.15131472123826695,35.16685265945868,50,False
BCL2L1,2_minus_1,532.0,0.31366564109611517,0.5298634944970968,False,0.022791867382910946,0.0,50,False
EGF,2_minus_1,532.0,0.31366564109611517,0.5298634944970968,False,0.005720897721047891,0.0,50,False
ATP5F1D,2_minus_1,533.0,0.31832456588976044,0.5351653597286957,False,-0.07187363031341987,-34.6053783937716,50,False
VWC2,2_minus_1,533.0,0.31832456588976044,0.5351653597286957,False,-0.04329523578461499,-1.237675298047781,50,False
PI3,2_minus_1,533.0,0.31832456588976044,0.5351653597286957,False,-0.04951189130903469,-0.47593294323657986,50,False
RGL2,2_minus_1,533.0,0.31832456588976044,0.5351653597286957,False,-0.21408515760872074,-31.12758168811876,50,False
TOM1L2,2_minus_1,533.0,0.31832456588976044,0.5351653597286957,False,0.10545083456136112,0.0,50,False
IL3,2_minus_1,429.0,0.31781972499898203,0.5351653597286957,False,-0.09761081656821813,0.0,50,False
BCAT1,2_minus_1,533.0,0.31832456588976044,0.5351653597286957,False,-0.03264655769731527,0.0,50,False
TOMM20,2_minus_1,533.0,0.31832456588976044,0.5351653597286957,False,-0.18167348451233872,0.0,50,False
UBE2Z,2_minus_1,534.5,0.3200800020108475,0.5377955165050994,False,0.2259910756870706,3.3475241757431617,50,False
VPS53,2_minus_1,534.0,0.3230277659528582,0.5392093591720502,False,0.047664396363753705,1.5285472934031907,50,False
JPT2,2_minus_1,534.0,0.3230277659528582,0.5392093591720502,False,0.1369800848322884,0.0,50,False
PRKRA,2_minus_1,534.0,0.3230277659528582,0.5392093591720502,False,-0.14156638606163932,0.0,50,False
STX5,2_minus_1,534.0,0.3230277659528582,0.5392093591720502,False,-0.05411953727693107,0.0,50,False
AIF1,2_minus_1,534.0,0.3230277659528582,0.5392093591720502,False,0.2096142665748208,36.78910290265172,50,False
CASC3,2_minus_1,534.0,0.3230277659528582,0.5392093591720502,False,0.09458818618082959,0.0,50,False
OFD1,2_minus_1,534.0,0.3230277659528582,0.5392093591720502,False,0.09000678627346068,1.4338601988152353,50,False
CDKN2D,2_minus_1,534.0,0.3230277659528582,0.5392093591720502,False,0.15652300458572138,0.0,50,False
COL28A1,2_minus_1,534.0,0.3230277659528582,0.5392093591720502,False,-0.043959322010676746,-0.4285798729637321,50,False
SLC13A1,2_minus_1,534.0,0.3230277659528582,0.5392093591720502,False,-0.10944283322197565,-33.027762737391214,50,False
COX6B1,2_minus_1,534.0,0.3230277659528582,0.5392093591720502,False,-0.13532533355171825,0.0,50,False
BTC,2_minus_1,535.0,0.32777522027848605,0.5435895290366412,False,0.09702874111725308,35.71087768497903,50,False
LRTM1,2_minus_1,535.0,0.32777522027848605,0.5435895290366412,False,-0.09391555092649939,0.0,50,False
VASP,2_minus_1,535.0,0.32777522027848605,0.5435895290366412,False,0.03679334273336138,0.0,50,False
PDGFA,2_minus_1,337.0,0.3264868748108414,0.5435895290366412,False,0.0,0.0,50,False
IL17RA,2_minus_1,535.0,0.32777522027848605,0.5435895290366412,False,-0.032466847587399345,-0.5627786562797245,50,False
IFNAR1,2_minus_1,535.0,0.32777522027848605,0.5435895290366412,False,0.048474586461334894,34.91332504062304,50,False
ADAM22,2_minus_1,535.0,0.32777522027848605,0.5435895290366412,False,-0.06702963671348043,-34.56073360086195,50,False
NUDT16,2_minus_1,535.0,0.32777522027848605,0.5435895290366412,False,0.03048319981573422,0.0,50,False
OGFR,2_minus_1,535.0,0.32777522027848605,0.5435895290366412,False,0.10427396343290027,0.0,50,False
ARF6,2_minus_1,535.0,0.32777522027848605,0.5435895290366412,False,0.09717519190511995,0.0,50,False
FABP2,2_minus_1,535.0,0.32777522027848605,0.5435895290366412,False,0.16238317603888375,35.93093649946775,50,False
CEP152,2_minus_1,431.0,0.3288795470200436,0.5450999437365761,False,-0.2011776794400924,0.0,50,False
IL13RA1,2_minus_1,536.0,0.3325668996889135,0.5495941253075003,False,0.033060569998375144,0.9328630617739754,50,False
RAB27B,2_minus_1,536.0,0.3325668996889135,0.5495941253075003,False,0.05051924258247398,0.0,50,False
KLK3,2_minus_1,536.0,0.3325668996889135,0.5495941253075003,False,-0.14663794363496263,0.0,50,False
SIRPA,2_minus_1,515.0,0.3321156693998423,0.5495941253075003,False,0.03731043250308814,0.0,50,False
GMFG,2_minus_1,536.0,0.3325668996889135,0.5495941253075003,False,0.18525037688618862,36.46480572068481,50,False
PDE1C,2_minus_1,432.0,0.33450190424605064,0.5524676612063805,False,-0.07870944563305524,0.0,50,False
CHRM1,2_minus_1,537.0,0.3374027667706141,0.5556293515941808,False,-0.023714573218292956,0.0,50,False
TPM3,2_minus_1,537.0,0.3374027667706141,0.5556293515941808,False,0.080429827993127,0.0,50,False
EIF2S2,2_minus_1,537.0,0.3374027667706141,0.5556293515941808,False,0.1646311890294327,0.0,50,False
CEACAM3,2_minus_1,537.0,0.3374027667706141,0.5556293515941808,False,-0.17539355167788767,-32.73008371783014,50,False
CLEC4M,2_minus_1,537.0,0.3374027667706141,0.5556293515941808,False,-0.0009516734174536299,-0.02623346954214916,50,False
SLC28A1,2_minus_1,433.0,0.3401858425163109,0.5598850569993755,False,-0.006636158322438801,0.0,50,False
CXCL8,2_minus_1,538.0,0.3422827758111566,0.5607145414102485,False,-0.027359650611245658,0.0,50,False
EIF1AX,2_minus_1,538.0,0.3422827758111566,0.5607145414102485,False,-0.04936470097508365,-34.407292248223165,50,False
SYNGAP1,2_minus_1,538.0,0.3422827758111566,0.5607145414102485,False,0.13298865464736237,35.69849608229259,50,False
CEACAM6,2_minus_1,538.0,0.3422827758111566,0.5607145414102485,False,-0.09079776889831365,-0.8063717081349522,50,False
LSM1,2_minus_1,538.0,0.3422827758111566,0.5607145414102485,False,0.09218569063775306,34.60920706600797,50,False
DENND2B,2_minus_1,538.0,0.3422827758111566,0.5607145414102485,False,-0.11818409057307348,0.0,50,False
IL12RB2,2_minus_1,538.0,0.3422827758111566,0.5607145414102485,False,-0.04479712645049033,0.0,50,False
DKK4,2_minus_1,538.0,0.3422827758111566,0.5607145414102485,False,-0.10281231712203873,0.0,50,False
HMMR,2_minus_1,434.0,0.34593130425967256,0.5663619492995569,False,-0.011443350855371015,0.0,50,False
ADAM23,2_minus_1,539.0,0.34720687274462314,0.5668026397964399,False,-0.036049811225052325,-0.9889537271905533,50,False
SCAMP3,2_minus_1,539.0,0.34720687274462314,0.5668026397964399,False,0.09834877776428938,0.0,50,False
IL2RA,2_minus_1,539.0,0.34720687274462314,0.5668026397964399,False,0.062261024735476844,2.7055522972388295,50,False
REPS1,2_minus_1,539.0,0.34720687274462314,0.5668026397964399,False,-0.020038372059443393,0.0,50,False
TPSAB1,2_minus_1,539.0,0.34720687274462314,0.5668026397964399,False,-0.05637507553404664,-33.58303182919895,50,False
SNAP29,2_minus_1,540.0,0.35217499509373695,0.5702845233950334,False,0.03952270936384342,0.0,50,False
OTUD6B,2_minus_1,540.0,0.35217499509373695,0.5702845233950334,False,0.06959372652932141,0.0,50,False
S100A4,2_minus_1,540.0,0.35217499509373695,0.5702845233950334,False,-0.1065421324199155,-31.365734636720767,50,False
PPCDC,2_minus_1,540.0,0.35217499509373695,0.5702845233950334,False,-0.050957672684956545,0.0,50,False
PPP1R14D,2_minus_1,540.0,0.35217499509373695,0.5702845233950334,False,0.06743721195018858,34.024358861155974,50,False
IL11,2_minus_1,540.0,0.35217499509373695,0.5702845233950334,False,-0.19358750113612933,0.0,50,False
SLC4A1,2_minus_1,540.0,0.35217499509373695,0.5702845233950334,False,-0.10087073283865387,0.0,50,False
PMM2,2_minus_1,540.0,0.35217499509373695,0.5702845233950334,False,0.06959257067919243,0.0,50,False
TMED10,2_minus_1,540.0,0.35217499509373695,0.5702845233950334,False,-0.17219383377759695,0.0,50,False
LRCH4,2_minus_1,540.0,0.35217499509373695,0.5702845233950334,False,-0.03543087843874,0.0,50,False
MTSS2,2_minus_1,540.0,0.35217499509373695,0.5702845233950334,False,0.16255522159899766,0.0,50,False
SYAP1,2_minus_1,540.0,0.35217499509373695,0.5702845233950334,False,0.11851172964229484,0.0,50,False
FABP9,2_minus_1,540.0,0.35217499509373695,0.5702845233950334,False,-0.05026460054580455,0.0,50,False
CCL20,2_minus_1,540.0,0.35217499509373695,0.5702845233950334,False,-0.07504205798050997,0.0,50,False
TNFRSF4,2_minus_1,541.0,0.35718707191412413,0.5747650254343849,False,-0.09381764619759328,-35.89943229006493,50,False
RANBP1,2_minus_1,541.0,0.35718707191412413,0.5747650254343849,False,-0.07873445275357788,0.0,50,False
PXDNL,2_minus_1,541.0,0.35718707191412413,0.5747650254343849,False,-0.022334905663317,-0.4092454482586636,50,False
LZTFL1,2_minus_1,541.0,0.35718707191412413,0.5747650254343849,False,-0.0873178893861769,0.0,50,False
NUDT5,2_minus_1,541.0,0.35718707191412413,0.5747650254343849,False,0.11051389212458029,0.0,50,False
TREML1,2_minus_1,541.0,0.35718707191412413,0.5747650254343849,False,0.024439449502745098,0.0,50,False
AKT1S1,2_minus_1,541.0,0.35718707191412413,0.5747650254343849,False,0.11218979649859875,0.0,50,False
CD244,2_minus_1,541.0,0.35718707191412413,0.5747650254343849,False,-0.067772916686925,-2.4937571926402375,50,False
TRAF3,2_minus_1,541.0,0.35718707191412413,0.5747650254343849,False,-0.05232379001944594,0.0,50,False
GADD45GIP1,2_minus_1,541.0,0.35718707191412413,0.5747650254343849,False,-0.13487984134552639,0.0,50,False
PIKFYVE,2_minus_1,541.0,0.35718707191412413,0.5747650254343849,False,0.0876534308383845,34.38087393296717,50,False
ARHGAP5,2_minus_1,436.0,0.3576064858127437,0.5751112872922252,False,-0.008233266788914173,-31.56086554275621,50,False
FRMD4B,2_minus_1,542.0,0.3622430237473182,0.5792597131586872,False,0.2849660935904875,4.140479941817584,50,False
CDK5RAP3,2_minus_1,542.0,0.3622430237473182,0.5792597131586872,False,0.2570375901106374,36.75290034175575,50,False
OTOA,2_minus_1,542.0,0.3622430237473182,0.5792597131586872,False,-0.08656159029455106,0.0,50,False
GUK1,2_minus_1,542.0,0.3622430237473182,0.5792597131586872,False,-0.09063899322267657,-33.81272742777434,50,False
AZI2,2_minus_1,542.0,0.3622430237473182,0.5792597131586872,False,0.0860884615734473,0.0,50,False
PTEN,2_minus_1,542.0,0.3622430237473182,0.5792597131586872,False,0.21015851757132667,36.15507640038008,50,False
DFFA,2_minus_1,542.0,0.3622430237473182,0.5792597131586872,False,0.02333768139982907,0.0,50,False
SERPINB6,2_minus_1,542.0,0.3622430237473182,0.5792597131586872,False,-0.0525965562881478,0.0,50,False
SLIT2,2_minus_1,542.0,0.3622430237473182,0.5792597131586872,False,-0.1188839091149729,0.0,50,False
INSR,2_minus_1,360.0,0.36094583444302797,0.5792597131586872,False,0.0,0.0,50,False
KLRB1,2_minus_1,543.0,0.3673427625704484,0.5844278075697077,False,0.02329625986463546,0.0,50,False
GP1BA,2_minus_1,543.0,0.3673427625704484,0.5844278075697077,False,0.009470460313452361,0.0,50,False
APBB1IP,2_minus_1,543.0,0.3673427625704484,0.5844278075697077,False,0.05594225905112954,0.0,50,False
ANXA10,2_minus_1,543.0,0.3673427625704484,0.5844278075697077,False,-0.04173208745989962,-33.09856670416879,50,False
ITPA,2_minus_1,543.0,0.3673427625704484,0.5844278075697077,False,0.15173684855236466,34.81208509663855,50,False
HBEGF,2_minus_1,543.0,0.3673427625704484,0.5844278075697077,False,0.09660292947669374,32.67273521600528,50,False
RTKN2,2_minus_1,543.0,0.3673427625704484,0.5844278075697077,False,-0.12128402697649776,-34.70134242463235,50,False
DNAJC9,2_minus_1,543.0,0.3673427625704484,0.5844278075697077,False,-0.12725640380240633,0.0,50,False
HSPA1A,2_minus_1,543.0,0.3673427625704484,0.5844278075697077,False,-0.09792801365591985,0.0,50,False
ANXA4,2_minus_1,544.0,0.3724861917482851,0.5886201548614876,False,0.032747226949407855,0.0,50,False
IRAK4,2_minus_1,544.0,0.3724861917482851,0.5886201548614876,False,0.17517288591489036,34.42315900450989,50,False
SULT1A1,2_minus_1,544.0,0.3724861917482851,0.5886201548614876,False,0.047520615399787594,0.0,50,False
ERP44,2_minus_1,544.0,0.3724861917482851,0.5886201548614876,False,-0.018832613530851833,0.0,50,False
MSRA,2_minus_1,544.0,0.3724861917482851,0.5886201548614876,False,0.11918639450300815,35.477271892416965,50,False
AKR1C4,2_minus_1,544.0,0.3724861917482851,0.5886201548614876,False,0.04424011567590866,0.0,50,False
GSAP,2_minus_1,544.0,0.3724861917482851,0.5886201548614876,False,-0.010782516792737298,-0.22459420153445445,50,False
PPL,2_minus_1,544.0,0.3724861917482851,0.5886201548614876,False,-0.026551991795408625,0.0,50,False
RAB10,2_minus_1,544.0,0.3724861917482851,0.5886201548614876,False,-0.12200373433375225,0.0,50,False
NPR1,2_minus_1,544.0,0.3724861917482851,0.5886201548614876,False,-0.06476582887350815,-1.063180066155669,50,False
CLMP,2_minus_1,544.0,0.3724861917482851,0.5886201548614876,False,0.03554265201025471,31.896533450164775,50,False
PKD2,2_minus_1,544.0,0.3724861917482851,0.5886201548614876,False,-0.0026954966768743234,0.0,50,False
FAM172A,2_minus_1,545.0,0.3776732059941086,0.5921646704228339,False,0.029503948471324953,0.0,50,False
TSC22D1,2_minus_1,545.0,0.3776732059941086,0.5921646704228339,False,-0.028373278083749953,0.0,50,False
SMAD3,2_minus_1,545.0,0.3776732059941086,0.5921646704228339,False,0.10276734776081675,0.0,50,False
KLHL41,2_minus_1,545.0,0.3776732059941086,0.5921646704228339,False,0.08833740836585224,33.96991797876879,50,False
CTSB,2_minus_1,545.0,0.3776732059941086,0.5921646704228339,False,0.03008938928222484,0.0,50,False
LSM8,2_minus_1,545.0,0.3776732059941086,0.5921646704228339,False,-0.04826171462669576,-0.5228501389890493,50,False
MAPK13,2_minus_1,439.0,0.3755782951096238,0.5921646704228339,False,-0.14496343164911105,0.0,50,False
BRD1,2_minus_1,545.0,0.3776732059941086,0.5921646704228339,False,0.16818670490463764,32.754378754403156,50,False
AP3S2,2_minus_1,545.0,0.3776732059941086,0.5921646704228339,False,0.08795154060782495,35.20848967445812,50,False
LIPF,2_minus_1,545.0,0.3776732059941086,0.5921646704228339,False,-0.0466557128462137,-2.0311863097089127,50,False
GATA3,2_minus_1,439.0,0.3755782951096238,0.5921646704228339,False,-0.026125449965237912,0.0,50,False
ITGAX,2_minus_1,439.0,0.3755782951096238,0.5921646704228339,False,0.0,0.0,50,False
SCT,2_minus_1,545.0,0.3776732059941086,0.5921646704228339,False,-0.09995108198661501,-34.378729262058094,50,False
ITGB1BP1,2_minus_1,545.0,0.3776732059941086,0.5921646704228339,False,-0.21935049423483025,-35.332427736232944,50,False
SV2A,2_minus_1,546.0,0.3829036913273498,0.5970414146056573,False,-0.131418608954153,-3.894180029920786,50,False
VEGFD,2_minus_1,546.0,0.3829036913273498,0.5970414146056573,False,-0.08032394642565194,-1.2241412624838195,50,False
CCL2,2_minus_1,345.0,0.3822901895883811,0.5970414146056573,False,0.0,0.0,50,False
DLL4,2_minus_1,546.0,0.3829036913273498,0.5970414146056573,False,0.09058414548236354,35.85121041247918,50,False
SNU13,2_minus_1,546.0,0.3829036913273498,0.5970414146056573,False,-0.05634004681208574,0.0,50,False
THAP12,2_minus_1,440.0,0.3816907612276885,0.5970414146056573,False,-0.009686002854963446,0.0,50,False
ST8SIA1,2_minus_1,546.0,0.3829036913273498,0.5970414146056573,False,-0.10482565453539869,-2.0562684600563044,50,False
SAP18,2_minus_1,546.0,0.3829036913273498,0.5970414146056573,False,0.11072883820844327,35.22710549376988,50,False
GPR101,2_minus_1,546.0,0.3829036913273498,0.5970414146056573,False,-0.12992876818851384,-1.0802902231277445,50,False
SORBS1,2_minus_1,546.0,0.3829036913273498,0.5970414146056573,False,0.08454386203879241,0.0,50,False
JAM2,2_minus_1,525.0,0.3840882494738521,0.5985570063743041,False,-0.013987273481138197,0.0,50,False
DEFB103A_DEFB103B,2_minus_1,547.0,0.38817752503383396,0.6006087420303716,False,-0.06874618767283237,0.0,50,False
CCAR2,2_minus_1,547.0,0.38817752503383396,0.6006087420303716,False,0.030653523358387974,0.0,50,False
STX1B,2_minus_1,547.0,0.38817752503383396,0.6006087420303716,False,-0.04817412120689264,-0.8051248191150396,50,False
PTS,2_minus_1,547.0,0.38817752503383396,0.6006087420303716,False,-0.10699104227061089,0.0,50,False
HEPH,2_minus_1,547.0,0.38817752503383396,0.6006087420303716,False,-0.04855879473754274,-30.70394183781166,50,False
DDX4,2_minus_1,547.0,0.38817752503383396,0.6006087420303716,False,-0.17590010186778046,-33.97481587765235,50,False
PITHD1,2_minus_1,441.0,0.3878638812768328,0.6006087420303716,False,0.0,0.0,50,False
PALM3,2_minus_1,547.0,0.38817752503383396,0.6006087420303716,False,-0.06771485439658417,0.0,50,False
RNASE6,2_minus_1,547.0,0.38817752503383396,0.6006087420303716,False,0.06986581752714455,34.38338467929801,50,False
OSCAR,2_minus_1,547.0,0.38817752503383396,0.6006087420303716,False,0.006125313134417165,0.0,50,False
ATXN3,2_minus_1,547.0,0.38817752503383396,0.6006087420303716,False,-0.0921724660381443,0.0,50,False
PFKFB2,2_minus_1,547.0,0.38817752503383396,0.6006087420303716,False,-0.112388277739374,0.0,50,False
TBCB,2_minus_1,547.0,0.38817752503383396,0.6006087420303716,False,0.06507498241026355,0.0,50,False
FCRL6,2_minus_1,548.0,0.39349457563481494,0.6061710749385333,False,0.031588746225596265,0.42068364698845995,50,False
PAMR1,2_minus_1,548.0,0.39349457563481494,0.6061710749385333,False,-0.02558263256484236,0.0,50,False
ATP5IF1,2_minus_1,548.0,0.39349457563481494,0.6061710749385333,False,0.33995638755672924,36.797460649813694,50,False
MTIF3,2_minus_1,548.0,0.39349457563481494,0.6061710749385333,False,-0.18359480623103025,0.0,50,False
ATXN2L,2_minus_1,548.0,0.39349457563481494,0.6061710749385333,False,-0.020308417580899088,-0.6789668382430973,50,False
COPB2,2_minus_1,548.0,0.39349457563481494,0.6061710749385333,False,-0.47813359100330943,0.0,50,False
MUC13,2_minus_1,548.0,0.39349457563481494,0.6061710749385333,False,-0.0544303295445273,0.0,50,False
SLAMF1,2_minus_1,548.0,0.39349457563481494,0.6061710749385333,False,-0.15627531222669025,-35.63557442889877,50,False
TRIAP1,2_minus_1,347.0,0.3971056435444211,0.6113993943253635,False,0.0,0.0,50,False
SKAP2,2_minus_1,549.0,0.3988547028530327,0.6114179876070441,False,0.040167570372156125,0.0,50,False
LGALS1,2_minus_1,549.0,0.3988547028530327,0.6114179876070441,False,0.049492807052083795,0.0,50,False
MMP7,2_minus_1,549.0,0.3988547028530327,0.6114179876070441,False,-0.024795252409987284,0.0,50,False
ITGB1BP2,2_minus_1,549.0,0.3988547028530327,0.6114179876070441,False,0.0824736134166153,0.0,50,False
CRISP2,2_minus_1,549.0,0.3988547028530327,0.6114179876070441,False,0.0021466995924139254,0.0,50,False
DNAJC6,2_minus_1,549.0,0.3988547028530327,0.6114179876070441,False,0.16537390408285532,0.0,50,False
MESD,2_minus_1,549.0,0.3988547028530327,0.6114179876070441,False,0.07502633968260691,32.314103381094164,50,False
CAMKK1,2_minus_1,549.0,0.3988547028530327,0.6114179876070441,False,0.0650937186379161,31.338136190789662,50,False
LAG3,2_minus_1,550.0,0.4042577575813002,0.6160118210762671,False,0.021801263832725504,0.0,50,False
LRFN2,2_minus_1,550.0,0.4042577575813002,0.6160118210762671,False,0.050031525532545,34.42753669376946,50,False
PHOSPHO1,2_minus_1,550.0,0.4042577575813002,0.6160118210762671,False,0.05685666545187244,0.0,50,False
TPD52L2,2_minus_1,550.0,0.4042577575813002,0.6160118210762671,False,0.05367621047769287,0.0,50,False
COMT,2_minus_1,550.0,0.4042577575813002,0.6160118210762671,False,0.04155479470874668,0.0,50,False
VSTM2B,2_minus_1,550.0,0.4042577575813002,0.6160118210762671,False,-0.12797344934174487,-35.93939484050556,50,False
ALDH2,2_minus_1,550.0,0.4042577575813002,0.6160118210762671,False,-0.02948207040117809,0.0,50,False
DGKZ,2_minus_1,550.0,0.4042577575813002,0.6160118210762671,False,-0.10245312661349595,-35.21128659748061,50,False
PTN,2_minus_1,550.0,0.4042577575813002,0.6160118210762671,False,-0.04715277063058382,0.0,50,False
ATP6V1D,2_minus_1,550.0,0.4042577575813002,0.6160118210762671,False,0.0064317324726997915,0.34191990953538826,50,False
CHCHD6,2_minus_1,550.0,0.4042577575813002,0.6160118210762671,False,-0.05016022061554819,-32.9392497448414,50,False
DNAJA1,2_minus_1,444.0,0.4067451542240288,0.6191320834026297,False,0.06381530051964686,0.0,50,False
GIMAP8,2_minus_1,444.0,0.4067451542240288,0.6191320834026297,False,0.0,0.0,50,False
CD27,2_minus_1,551.0,0.40970358186013023,0.6216192276498528,False,0.02692663100301876,0.0,50,False
EIF4B,2_minus_1,551.0,0.40970358186013023,0.6216192276498528,False,0.1826504489639984,0.0,50,False
CCL14,2_minus_1,551.0,0.40970358186013023,0.6216192276498528,False,-0.042865619186305555,0.0,50,False
CD69,2_minus_1,551.0,0.40970358186013023,0.6216192276498528,False,0.06968671054920073,0.0,50,False
CD70,2_minus_1,551.0,0.40970358186013023,0.6216192276498528,False,-0.01800832397534304,-0.3833338093076328,50,False
PLPBP,2_minus_1,551.0,0.40970358186013023,0.6216192276498528,False,0.08671448945319193,0.0,50,False
TACC3,2_minus_1,552.0,0.4151920088524754,0.6272428631591045,False,0.028451446208186376,0.0,50,False
BABAM1,2_minus_1,552.0,0.4151920088524754,0.6272428631591045,False,0.10282619323406199,0.0,50,False
SLC9A3R1,2_minus_1,552.0,0.4151920088524754,0.6272428631591045,False,0.22056669703970497,35.81579720663008,50,False
DNMBP,2_minus_1,552.0,0.4151920088524754,0.6272428631591045,False,0.015261506727156982,0.0,50,False
CYP24A1,2_minus_1,552.0,0.4151920088524754,0.6272428631591045,False,-0.0342309469533075,-1.0666341914325275,50,False
PECAM1,2_minus_1,552.0,0.4151920088524754,0.6272428631591045,False,-0.05002301259132468,-27.590587781914632,50,False
ENO1,2_minus_1,552.0,0.4151920088524754,0.6272428631591045,False,-0.22496022199949584,0.0,50,False
STX6,2_minus_1,552.0,0.4151920088524754,0.6272428631591045,False,0.2982081578194252,35.389185724852005,50,False
REG1A,2_minus_1,553.0,0.42072286282100535,0.6305245245896494,False,-0.032863360233811784,0.0,50,False
GPKOW,2_minus_1,553.0,0.42072286282100535,0.6305245245896494,False,0.07119457179944287,32.86436260471014,50,False
ST13,2_minus_1,553.0,0.42072286282100535,0.6305245245896494,False,-0.08726937126379639,0.0,50,False
IGFL4,2_minus_1,553.0,0.42072286282100535,0.6305245245896494,False,-0.06139980944108284,-0.509218079408179,50,False
MANF,2_minus_1,553.0,0.42072286282100535,0.6305245245896494,False,0.009971432168669137,0.0,50,False
NSFL1C,2_minus_1,553.0,0.42072286282100535,0.6305245245896494,False,-0.1045495412716535,0.0,50,False
GSTM4,2_minus_1,553.0,0.42072286282100535,0.6305245245896494,False,-0.10193293990771536,-33.19874979086208,50,False
UROD,2_minus_1,553.0,0.42072286282100535,0.6305245245896494,False,-0.13997617120834654,0.0,50,False
TIMP2,2_minus_1,553.0,0.42072286282100535,0.6305245245896494,False,-0.021848430217305384,0.0,50,False
CDAN1,2_minus_1,553.0,0.42072286282100535,0.6305245245896494,False,-0.06895561824797161,-34.877400961182914,50,False
ZBTB17,2_minus_1,553.0,0.42072286282100535,0.6305245245896494,False,-0.08861815604677163,0.0,50,False
CASP1,2_minus_1,553.0,0.42072286282100535,0.6305245245896494,False,-0.16543480098993038,0.0,50,False
CIT,2_minus_1,553.0,0.42072286282100535,0.6305245245896494,False,0.1103626120936699,0.0,50,False
RELB,2_minus_1,553.0,0.42072286282100535,0.6305245245896494,False,-0.1432584170114527,0.0,50,False
S100A14,2_minus_1,553.0,0.42072286282100535,0.6305245245896494,False,-0.047932776311520015,-29.912898321569273,50,False
LACTB2,2_minus_1,554.0,0.4262959591146398,0.6358312610523441,False,0.025573167047374473,0.0,50,False
NMI,2_minus_1,554.0,0.4262959591146398,0.6358312610523441,False,-0.06680427500832514,0.0,50,False
AKR1B10,2_minus_1,554.0,0.4262959591146398,0.6358312610523441,False,-0.07522776558442645,-27.41318421750439,50,False
NEB,2_minus_1,554.0,0.4262959591146398,0.6358312610523441,False,0.0609522457178631,0.0,50,False
MRPL46,2_minus_1,554.0,0.4262959591146398,0.6358312610523441,False,0.0041535507040860176,0.0,50,False
CHM,2_minus_1,554.0,0.4262959591146398,0.6358312610523441,False,0.1455066995460384,36.47929605658482,50,False
MORC3,2_minus_1,554.0,0.4262959591146398,0.6358312610523441,False,0.06557266773349389,0.0,50,False
CLEC5A,2_minus_1,554.0,0.4262959591146398,0.6358312610523441,False,-0.01684463302908288,0.0,50,False
MGMT,2_minus_1,554.0,0.4262959591146398,0.6358312610523441,False,-0.0251370793409708,0.0,50,False
AP3B1,2_minus_1,555.0,0.43191110415215306,0.6411500628847986,False,0.1390467857082084,0.0,50,False
NAGK,2_minus_1,555.0,0.43191110415215306,0.6411500628847986,False,0.06079569892195143,0.0,50,False
STEAP4,2_minus_1,555.0,0.43191110415215306,0.6411500628847986,False,-0.054255462874959415,-0.47270222380679744,50,False
TJP3,2_minus_1,555.0,0.43191110415215306,0.6411500628847986,False,-0.05692739370885064,0.0,50,False
TBL1X,2_minus_1,555.0,0.43191110415215306,0.6411500628847986,False,0.06984548929399428,35.11775779555343,50,False
DMD,2_minus_1,555.0,0.43191110415215306,0.6411500628847986,False,-0.014230777096766428,0.0,50,False
GLO1,2_minus_1,555.0,0.43191110415215306,0.6411500628847986,False,-0.03656330660988822,0.0,50,False
BTN3A2,2_minus_1,555.0,0.43191110415215306,0.6411500628847986,False,0.0410774654965661,0.0,50,False
TLR2,2_minus_1,555.0,0.43191110415215306,0.6411500628847986,False,-0.14958202436150853,-36.24515853930752,50,False
UBXN1,2_minus_1,370.0,0.4330514304412125,0.6425041244059297,False,0.00246131422650564,0.0,50,False
ECSCR,2_minus_1,556.0,0.4375680954084249,0.6451265741728401,False,-0.06200868237493451,-6.231530825232641,50,False
HSPA2,2_minus_1,556.0,0.4375680954084249,0.6451265741728401,False,-0.019490406637282888,0.0,50,False
ARHGAP45,2_minus_1,556.0,0.4375680954084249,0.6451265741728401,False,0.08478538674374186,0.0,50,False
PSMA1,2_minus_1,556.0,0.4375680954084249,0.6451265741728401,False,-0.12922220524619496,-1.9489528615647802,50,False
NUDT15,2_minus_1,556.0,0.4375680954084249,0.6451265741728401,False,-0.13113987014241246,-36.2820969389846,50,False
THTPA,2_minus_1,556.0,0.4375680954084249,0.6451265741728401,False,0.03512578335272923,0.0,50,False
KLRK1,2_minus_1,556.0,0.4375680954084249,0.6451265741728401,False,0.014877900490111506,0.2084987223801559,50,False
CPA4,2_minus_1,556.0,0.4375680954084249,0.6451265741728401,False,0.07152961386299031,0.0,50,False
LYN,2_minus_1,556.0,0.4375680954084249,0.6451265741728401,False,-0.1354286985636899,0.0,50,False
IL36A,2_minus_1,556.0,0.4375680954084249,0.6451265741728401,False,0.072849052448646,33.32162670984137,50,False
GLRX,2_minus_1,556.0,0.4375680954084249,0.6451265741728401,False,-0.12665741718791662,0.0,50,False
PTPN6,2_minus_1,556.0,0.4375680954084249,0.6451265741728401,False,0.05721683271136002,0.0,50,False
CREB3,2_minus_1,449.0,0.4394056294537051,0.6474967307910171,False,0.0,0.0,50,False
WFDC12,2_minus_1,557.0,0.44326672141018975,0.650124524734945,False,0.00997415830463444,0.0,50,False
MANSC4,2_minus_1,557.0,0.44326672141018975,0.650124524734945,False,0.17669542722382933,5.051870581892775,50,False
EFCAB2,2_minus_1,557.0,0.44326672141018975,0.650124524734945,False,0.11740591348933743,35.779047874665615,50,False
VEGFC,2_minus_1,557.0,0.44326672141018975,0.650124524734945,False,-0.05201168050115289,-1.3208885119665559,50,False
HK2,2_minus_1,557.0,0.44326672141018975,0.650124524734945,False,-0.20708372313738738,-37.05612772061054,50,False
PTPN9,2_minus_1,557.0,0.44326672141018975,0.650124524734945,False,-0.0674455456275333,0.0,50,False
IL18R1,2_minus_1,557.0,0.44326672141018975,0.650124524734945,False,-0.04732814355264481,0.0,50,False
S100G,2_minus_1,557.0,0.44326672141018975,0.650124524734945,False,-0.019482481969408924,0.0,50,False
TRPV3,2_minus_1,557.0,0.44326672141018975,0.650124524734945,False,-0.16459171868344696,-5.795821949244257,50,False
ERC2,2_minus_1,558.0,0.4490067617286915,0.6547918389580504,False,-0.0544500949961292,-1.7749661366647151,50,False
MRPL24,2_minus_1,558.0,0.4490067617286915,0.6547918389580504,False,-0.09577555589061304,0.0,50,False
ROBO4,2_minus_1,558.0,0.4490067617286915,0.6547918389580504,False,0.01492944113287345,32.57956995180167,50,False
SLC44A4,2_minus_1,558.0,0.4490067617286915,0.6547918389580504,False,-0.06749749013395422,0.0,50,False
DOC2B,2_minus_1,558.0,0.4490067617286915,0.6547918389580504,False,-0.05290617116558559,-34.057160748499776,50,False
PMCH,2_minus_1,558.0,0.4490067617286915,0.6547918389580504,False,-0.051528538232292004,0.0,50,False
PDLIM7,2_minus_1,558.0,0.4490067617286915,0.6547918389580504,False,0.0027643415118503434,0.0,50,False
ARSB,2_minus_1,558.0,0.4490067617286915,0.6547918389580504,False,0.082479931302894,0.0,50,False
TPSG1,2_minus_1,558.0,0.4490067617286915,0.6547918389580504,False,0.13520070512268018,35.77130824080623,50,False
FMNL1,2_minus_1,558.0,0.4490067617286915,0.6547918389580504,False,-0.09713260093409755,-35.17181082428727,50,False
ATP1B1,2_minus_1,558.0,0.4490067617286915,0.6547918389580504,False,0.005080974851410416,0.0,50,False
NRTN,2_minus_1,559.0,0.4547879869752496,0.6604863183714815,False,0.22875479885802633,35.88069576657453,50,False
VSIG2,2_minus_1,559.0,0.4547879869752496,0.6604863183714815,False,-0.06397974026500321,-0.9876101703768839,50,False
PALM,2_minus_1,559.0,0.4547879869752496,0.6604863183714815,False,-0.034263630431814115,-31.831564314585655,50,False
DDT,2_minus_1,559.0,0.4547879869752496,0.6604863183714815,False,0.0893405866966721,0.0,50,False
CLEC4A,2_minus_1,559.0,0.4547879869752496,0.6604863183714815,False,0.06575385170463577,0.6047221047044452,50,False
PRDX1,2_minus_1,559.0,0.4547879869752496,0.6604863183714815,False,-0.12995420256747192,0.0,50,False
IL5RA,2_minus_1,559.0,0.4547879869752496,0.6604863183714815,False,-0.04871562563471772,0.0,50,False
COLEC12,2_minus_1,559.0,0.4547879869752496,0.6604863183714815,False,-0.046754698584303894,0.0,50,False
APRT,2_minus_1,538.0,0.4586489068506038,0.6657501658202578,False,0.04117437997165896,0.0,50,False
ERMAP,2_minus_1,560.0,0.46061015880625966,0.6661932240361722,False,0.07159105105574987,0.0,50,False
UBE2B,2_minus_1,560.0,0.46061015880625966,0.6661932240361722,False,-0.04777972427221189,0.0,50,False
NPDC1,2_minus_1,560.0,0.46061015880625966,0.6661932240361722,False,-0.07492595806314863,0.0,50,False
CD14,2_minus_1,560.0,0.46061015880625966,0.6661932240361722,False,-0.03423954596252521,0.0,50,False
RNASE1,2_minus_1,560.0,0.46061015880625966,0.6661932240361722,False,-0.028792626500328683,0.0,50,False
UBQLN3,2_minus_1,560.0,0.46061015880625966,0.6661932240361722,False,0.09924682547478833,5.866706354163122,50,False
SLK,2_minus_1,560.0,0.46061015880625966,0.6661932240361722,False,0.02769208655163169,0.0,50,False
CNST,2_minus_1,561.0,0.46647302992520423,0.6715685338800487,False,0.08446271824237828,0.0,50,False
NRP1,2_minus_1,561.0,0.46647302992520423,0.6715685338800487,False,-0.06682490027585669,0.0,50,False
KLB,2_minus_1,561.0,0.46647302992520423,0.6715685338800487,False,0.009928493396704749,0.0,50,False
CPQ,2_minus_1,561.0,0.46647302992520423,0.6715685338800487,False,0.017559543250130122,0.0,50,False
CTSS,2_minus_1,561.0,0.46647302992520423,0.6715685338800487,False,-0.007829074323082446,0.0,50,False
RRAS,2_minus_1,561.0,0.46647302992520423,0.6715685338800487,False,0.16035879143821624,0.0,50,False
DIPK2B,2_minus_1,561.0,0.46647302992520423,0.6715685338800487,False,0.009296298174960194,0.1746967478480855,50,False
GUCY2C,2_minus_1,561.0,0.46647302992520423,0.6715685338800487,False,0.14413957708698222,36.446781091379705,50,False
FABP5,2_minus_1,561.0,0.46647302992520423,0.6715685338800487,False,-0.17066160982601047,0.0,50,False
ICAM2,2_minus_1,562.0,0.4723763440876976,0.6769525623160084,False,-0.03644442912524971,-0.41861893062798405,50,False
F13B,2_minus_1,562.0,0.4723763440876976,0.6769525623160084,False,-0.016533267119576853,0.0,50,False
GFAP,2_minus_1,562.0,0.4723763440876976,0.6769525623160084,False,-0.08669317427803652,-34.67258518754328,50,False
MARS1,2_minus_1,562.0,0.4723763440876976,0.6769525623160084,False,-0.012765823997577919,0.0,50,False
NPTN,2_minus_1,562.0,0.4723763440876976,0.6769525623160084,False,-0.026491968658211962,-0.720649140403128,50,False
KLF4,2_minus_1,562.0,0.4723763440876976,0.6769525623160084,False,0.13996984869736465,0.0,50,False
SAFB2,2_minus_1,562.0,0.4723763440876976,0.6769525623160084,False,-0.055871598889053437,0.0,50,False
TALDO1,2_minus_1,562.0,0.4723763440876976,0.6769525623160084,False,-0.043184293200735066,0.0,50,False
TXNDC9,2_minus_1,562.0,0.4723763440876976,0.6769525623160084,False,-0.09404593462274499,0.0,50,False
ILKAP,2_minus_1,563.0,0.47831983611594175,0.6813093872040931,False,-0.05276031872478143,-34.32896858402162,50,False
TFF1,2_minus_1,563.0,0.47831983611594175,0.6813093872040931,False,0.0034192468210726794,0.0,50,False
SMOC2,2_minus_1,563.0,0.47831983611594175,0.6813093872040931,False,0.04018240201899861,33.69944207436356,50,False
CA9,2_minus_1,563.0,0.47831983611594175,0.6813093872040931,False,-0.09959080635444031,0.0,50,False
PVALB,2_minus_1,563.0,0.47831983611594175,0.6813093872040931,False,0.07631515643600917,0.0,50,False
AREG,2_minus_1,563.0,0.47831983611594175,0.6813093872040931,False,-0.035969757684838496,0.0,50,False
MINK1,2_minus_1,563.0,0.47831983611594175,0.6813093872040931,False,0.0977776965743643,0.0,50,False
DNAJA2,2_minus_1,357.0,0.4762240754591077,0.6813093872040931,False,0.0,0.0,50,False
CAPG,2_minus_1,563.0,0.47831983611594175,0.6813093872040931,False,0.050243545655639404,0.0,50,False
CXCL1,2_minus_1,563.0,0.47831983611594175,0.6813093872040931,False,0.11730855785901906,0.0,50,False
RAP1A,2_minus_1,563.0,0.47831983611594175,0.6813093872040931,False,-0.2229170141606236,0.0,50,False
MSMB,2_minus_1,563.0,0.47831983611594175,0.6813093872040931,False,-0.03809735034949621,-0.43549254144307953,50,False
MYH7B,2_minus_1,455.0,0.4805165630966617,0.6837466607782715,False,0.0,0.0,50,False
BCL7A,2_minus_1,455.0,0.4805165630966617,0.6837466607782715,False,-0.15382169417508532,0.0,50,False
ANXA3,2_minus_1,564.0,0.4843032319103049,0.6853255784218184,False,-0.04656563013024781,0.0,50,False
PSMD9,2_minus_1,564.0,0.4843032319103049,0.6853255784218184,False,0.01946629102734771,0.0,50,False
PRDX3,2_minus_1,564.0,0.4843032319103049,0.6853255784218184,False,0.047310677792685885,0.0,50,False
DYNLT3,2_minus_1,564.0,0.4843032319103049,0.6853255784218184,False,0.12263390916567751,35.98205629000919,50,False
MYBPC2,2_minus_1,564.0,0.4843032319103049,0.6853255784218184,False,-0.14483985681917405,-34.122252901009865,50,False
PDZK1,2_minus_1,564.0,0.4843032319103049,0.6853255784218184,False,0.06820050358301841,0.0,50,False
PPP1R12A,2_minus_1,564.0,0.4843032319103049,0.6853255784218184,False,-0.03623678062313811,0.0,50,False
CRKL,2_minus_1,564.0,0.4843032319103049,0.6853255784218184,False,0.04220788615754806,0.0,50,False
SIRT2,2_minus_1,564.0,0.4843032319103049,0.6853255784218184,False,0.0880685715333161,0.0,50,False
TARS1,2_minus_1,564.0,0.4843032319103049,0.6853255784218184,False,0.02421559141744875,0.0,50,False
RABEP1,2_minus_1,564.0,0.4843032319103049,0.6853255784218184,False,0.0701298453913671,0.0,50,False
GART,2_minus_1,565.0,0.49032624846387485,0.6903793578371358,False,0.023688112570843398,0.0,50,False
RAB33A,2_minus_1,565.0,0.49032624846387485,0.6903793578371358,False,0.0997810228165315,36.04637539469327,50,False
PNMA1,2_minus_1,565.0,0.49032624846387485,0.6903793578371358,False,-0.16556721532542967,0.0,50,False
IL36G,2_minus_1,565.0,0.49032624846387485,0.6903793578371358,False,0.0002925625861489589,0.0036691639101007487,50,False
HSBP1,2_minus_1,565.0,0.49032624846387485,0.6903793578371358,False,-0.005130326810771753,0.0,50,False
HLA-DRA,2_minus_1,565.0,0.49032624846387485,0.6903793578371358,False,-0.023780315064502955,0.0,50,False
ACOT13,2_minus_1,565.0,0.49032624846387485,0.6903793578371358,False,0.03259357522495827,0.0,50,False
IL22,2_minus_1,565.0,0.49032624846387485,0.6903793578371358,False,-0.04356773472411729,-0.27762477108832295,50,False
GHRHR,2_minus_1,565.0,0.49032624846387485,0.6903793578371358,False,-0.08615866646426801,0.0,50,False
NADK,2_minus_1,565.0,0.49032624846387485,0.6903793578371358,False,-0.021623384039886805,0.0,50,False
FUS,2_minus_1,566.0,0.4963885938865378,0.6964774690505682,False,0.05327631618194528,0.0,50,False
CSTB,2_minus_1,566.0,0.4963885938865378,0.6964774690505682,False,0.005153416436492378,0.0,50,False
PLEKHO1,2_minus_1,566.0,0.4963885938865378,0.6964774690505682,False,0.04529977435774969,0.0,50,False
CD2AP,2_minus_1,566.0,0.4963885938865378,0.6964774690505682,False,-0.0012433383322014158,0.0,50,False
TIMP1,2_minus_1,566.0,0.4963885938865378,0.6964774690505682,False,0.011033923950787481,0.0,50,False
AIFM1,2_minus_1,566.0,0.4963885938865378,0.6964774690505682,False,-0.014000212751905272,0.0,50,False
DBNL,2_minus_1,566.0,0.4963885938865378,0.6964774690505682,False,0.026664413081810515,0.0,50,False
C2orf69,2_minus_1,567.0,0.5024899674262855,0.701195118073548,False,-0.04720869301478514,0.0,50,False
TPSD1,2_minus_1,567.0,0.5024899674262855,0.701195118073548,False,-0.05840958551542538,-34.79852175201048,50,False
BCL2,2_minus_1,567.0,0.5024899674262855,0.701195118073548,False,0.006120869467371545,0.0,50,False
INSL3,2_minus_1,567.0,0.5024899674262855,0.701195118073548,False,-0.026179178596229147,0.0,50,False
DOCK9,2_minus_1,567.0,0.5024899674262855,0.701195118073548,False,-0.10553272774525929,-1.963076849287099,50,False
GBP2,2_minus_1,567.0,0.5024899674262855,0.701195118073548,False,-0.048835993092,0.0,50,False
BRD2,2_minus_1,567.0,0.5024899674262855,0.701195118073548,False,0.08680573159810744,0.0,50,False
RTN4IP1,2_minus_1,567.0,0.5024899674262855,0.701195118073548,False,-0.18508256421978486,0.0,50,False
DNAJB1,2_minus_1,567.0,0.5024899674262855,0.701195118073548,False,0.01330312248102794,0.0,50,False
IGBP1,2_minus_1,567.0,0.5024899674262855,0.701195118073548,False,-0.06890874643542089,0.0,50,False
MINDY1,2_minus_1,567.0,0.5024899674262855,0.701195118073548,False,-0.180817222247746,0.0,50,False
DHODH,2_minus_1,568.0,0.5086300594933544,0.7055676096223084,False,-0.07998931918672586,-0.5297993207295965,50,False
NECAP2,2_minus_1,568.0,0.5086300594933544,0.7055676096223084,False,-0.005743125941302163,-1.4571132859515312,50,False
BCL7B,2_minus_1,568.0,0.5086300594933544,0.7055676096223084,False,-0.05876412623466731,0.0,50,False
HMGCL,2_minus_1,568.0,0.5086300594933544,0.7055676096223084,False,0.06213963276455285,0.0,50,False
GLT8D2,2_minus_1,568.0,0.5086300594933544,0.7055676096223084,False,-0.1204313467849705,-35.934796953042316,50,False
CST5,2_minus_1,568.0,0.5086300594933544,0.7055676096223084,False,0.040217736194367304,3.2275142097820333,50,False
PSME1,2_minus_1,568.0,0.5086300594933544,0.7055676096223084,False,-0.08484602552946761,0.0,50,False
ATRAID,2_minus_1,568.0,0.5086300594933544,0.7055676096223084,False,-0.015210547487630843,0.0,50,False
VGF,2_minus_1,568.0,0.5086300594933544,0.7055676096223084,False,0.028784341296843742,0.0,50,False
ABCA2,2_minus_1,568.0,0.5086300594933544,0.7055676096223084,False,-0.025429958483106543,0.0,50,False
DEFB104A_DEFB104B,2_minus_1,568.0,0.5086300594933544,0.7055676096223084,False,-0.13557711221470464,0.0,50,False
C1QBP,2_minus_1,568.0,0.5086300594933544,0.7055676096223084,False,-0.1084764032538593,0.0,50,False
BTNL10,2_minus_1,459.0,0.5090473602537965,0.7057988018093013,False,0.0,0.0,50,False
CD40,2_minus_1,569.0,0.5148085516941183,0.7109862096962418,False,0.026109516393188453,0.0,50,False
AK1,2_minus_1,569.0,0.5148085516941183,0.7109862096962418,False,0.12263699191839741,0.0,50,False
CACNB3,2_minus_1,569.0,0.5148085516941183,0.7109862096962418,False,0.017704175902971964,0.0,50,False
VPS37A,2_minus_1,569.0,0.5148085516941183,0.7109862096962418,False,0.1354079005716681,0.0,50,False
MAP4K5,2_minus_1,569.0,0.5148085516941183,0.7109862096962418,False,0.023113791435596137,0.0,50,False
CD28,2_minus_1,569.0,0.5148085516941183,0.7109862096962418,False,-0.012333755156047187,-0.21905832470760453,50,False
DTX2,2_minus_1,569.0,0.5148085516941183,0.7109862096962418,False,0.043261542834112286,0.0,50,False
PDCD6,2_minus_1,569.0,0.5148085516941183,0.7109862096962418,False,-0.029852713714939014,-2.4490001333798377,50,False
CREBZF,2_minus_1,460.0,0.5163162566048354,0.7123697102396945,False,-0.010527833509723153,0.0,50,False
CEP350,2_minus_1,460.0,0.5163162566048354,0.7123697102396945,False,-0.08553230568434965,0.0,50,False
CNTF,2_minus_1,570.0,0.5210251168620434,0.7164095356853097,False,-0.03908574306800172,0.0,50,False
NAPRT,2_minus_1,570.0,0.5210251168620434,0.7164095356853097,False,-0.028921425166000637,0.0,50,False
CSNK2A1,2_minus_1,570.0,0.5210251168620434,0.7164095356853097,False,-0.07224808315533918,0.0,50,False
GRIN2B,2_minus_1,570.0,0.5210251168620434,0.7164095356853097,False,0.10446152230230671,1.048507451930531,50,False
SDC4,2_minus_1,570.0,0.5210251168620434,0.7164095356853097,False,0.0924612826446003,0.0,50,False
BLOC1S2,2_minus_1,570.0,0.5210251168620434,0.7164095356853097,False,-0.21144723513116015,0.0,50,False
CD164,2_minus_1,570.0,0.5210251168620434,0.7164095356853097,False,-0.010382012245436905,0.0,50,False
SLURP1,2_minus_1,571.0,0.5272794190915597,0.7197376850033118,False,-0.07155416991194076,0.0,50,False
FARSA,2_minus_1,571.0,0.5272794190915597,0.7197376850033118,False,0.2196156137127194,0.0,50,False
IL7R,2_minus_1,571.0,0.5272794190915597,0.7197376850033118,False,0.005628883260569623,0.15472674803813377,50,False
HDGFL2,2_minus_1,571.0,0.5272794190915597,0.7197376850033118,False,0.04006126012134429,0.0,50,False
DDX25,2_minus_1,571.0,0.5272794190915597,0.7197376850033118,False,-0.17707151693080703,-34.96933692483149,50,False
TDRKH,2_minus_1,571.0,0.5272794190915597,0.7197376850033118,False,0.005789611522502319,0.0,50,False
TMSB10,2_minus_1,571.0,0.5272794190915597,0.7197376850033118,False,0.06478256284183331,0.0,50,False
USP8,2_minus_1,571.0,0.5272794190915597,0.7197376850033118,False,0.07696223369563265,34.58928363678502,50,False
REG3G,2_minus_1,571.0,0.5272794190915597,0.7197376850033118,False,0.017597452722038956,0.0,50,False
CD226,2_minus_1,571.0,0.5272794190915597,0.7197376850033118,False,-0.015836234691226997,0.0,50,False
APP,2_minus_1,571.0,0.5272794190915597,0.7197376850033118,False,0.0201511799361473,0.0,50,False
SLC27A4,2_minus_1,571.0,0.5272794190915597,0.7197376850033118,False,0.13336540384090081,0.0,50,False
LHPP,2_minus_1,571.0,0.5272794190915597,0.7197376850033118,False,-0.08845337464667449,0.0,50,False
QDPR,2_minus_1,571.0,0.5272794190915597,0.7197376850033118,False,0.057177757455308675,0.0,50,False
RGS8,2_minus_1,571.0,0.5272794190915597,0.7197376850033118,False,0.06526448053065717,2.0487660005565473,50,False
GNPDA1,2_minus_1,572.0,0.5335711137818162,0.7237650560739858,False,-0.05926380261934135,0.0,50,False
ICOSLG,2_minus_1,572.0,0.5335711137818162,0.7237650560739858,False,0.03257165878274345,0.8018623906542443,50,False
EHD3,2_minus_1,572.0,0.5335711137818162,0.7237650560739858,False,-0.015750544479807282,0.0,50,False
SOX9,2_minus_1,572.0,0.5335711137818162,0.7237650560739858,False,0.24021042354747535,0.0,50,False
NDUFS6,2_minus_1,572.0,0.5335711137818162,0.7237650560739858,False,0.06565033979045204,32.026582822564556,50,False
ITPR1,2_minus_1,572.0,0.5335711137818162,0.7237650560739858,False,-0.10794719946498854,-33.71980283611493,50,False
GALNT3,2_minus_1,572.0,0.5335711137818162,0.7237650560739858,False,0.027606359956316946,0.0,50,False
GORASP2,2_minus_1,572.0,0.5335711137818162,0.7237650560739858,False,0.030374895482115916,0.0,50,False
BRDT,2_minus_1,572.0,0.5335711137818162,0.7237650560739858,False,0.0297656032562022,0.0,50,False
PLIN3,2_minus_1,572.0,0.5335711137818162,0.7237650560739858,False,0.0669906209367384,0.0,50,False
LILRB2,2_minus_1,572.0,0.5335711137818162,0.7237650560739858,False,0.07608723618232419,35.25000227023253,50,False
BEX3,2_minus_1,462.0,0.5310138434457455,0.7237650560739858,False,-0.10555069619912799,0.0,50,False
IGLON5,2_minus_1,462.0,0.5310138434457455,0.7237650560739858,False,0.0,0.0,50,False
IL32,2_minus_1,573.0,0.5398998476772991,0.7281407907372004,False,-0.0203987658695792,-0.2538926459417187,50,False
GAMT,2_minus_1,573.0,0.5398998476772991,0.7281407907372004,False,0.0645762212167884,35.29049335156213,50,False
ACY3,2_minus_1,573.0,0.5398998476772991,0.7281407907372004,False,0.0043532815924388,0.0,50,False
DCC,2_minus_1,573.0,0.5398998476772991,0.7281407907372004,False,-0.048244807129282696,-34.85510530779637,50,False
TRIM21,2_minus_1,573.0,0.5398998476772991,0.7281407907372004,False,-0.031685851046121066,0.0,50,False
SLC34A3,2_minus_1,463.0,0.5384414229889405,0.7281407907372004,False,0.0,0.0,50,False
UBAC1,2_minus_1,573.0,0.5398998476772991,0.7281407907372004,False,-0.04775600924171659,0.0,50,False
PPP1R2,2_minus_1,573.0,0.5398998476772991,0.7281407907372004,False,0.0502239252061584,0.0,50,False
TIMD4,2_minus_1,573.0,0.5398998476772991,0.7281407907372004,False,-0.025864266318404355,-0.19438818322843082,50,False
HMBS,2_minus_1,573.0,0.5398998476772991,0.7281407907372004,False,-0.028830751470155458,0.0,50,False
GRP,2_minus_1,573.0,0.5398998476772991,0.7281407907372004,False,0.055562106071948725,0.0,50,False
PM20D1,2_minus_1,573.0,0.5398998476772991,0.7281407907372004,False,0.07772746548740786,0.0,50,False
CLIC5,2_minus_1,574.0,0.5462652589115535,0.7342639470620214,False,0.005569076526847017,1.7571725790764599,50,False
ARHGEF5,2_minus_1,574.0,0.5462652589115535,0.7342639470620214,False,-0.023523648832796562,0.0,50,False
EIF2AK3,2_minus_1,574.0,0.5462652589115535,0.7342639470620214,False,0.03451439593908284,34.11027977326498,50,False
HIP1R,2_minus_1,574.0,0.5462652589115535,0.7342639470620214,False,-0.03930529386337484,0.0,50,False
TMED4,2_minus_1,574.0,0.5462652589115535,0.7342639470620214,False,-0.06740605563059875,-3.2361965493937412,50,False
SCGN,2_minus_1,574.0,0.5462652589115535,0.7342639470620214,False,0.03848001240841416,0.0,50,False
DAND5,2_minus_1,574.0,0.5462652589115535,0.7342639470620214,False,0.10108676509656225,0.3131254787136738,50,False
ARAF,2_minus_1,575.0,0.5526669770606443,0.7386379721892616,False,0.11251146912353416,31.12242533401455,50,False
DTYMK,2_minus_1,575.0,0.5526669770606443,0.7386379721892616,False,0.012242232121304597,0.0,50,False
ATP1B2,2_minus_1,575.0,0.5526669770606443,0.7386379721892616,False,0.004839042624190146,0.04930935233401064,50,False
DCTN1,2_minus_1,575.0,0.5526669770606443,0.7386379721892616,False,0.0705733741919497,0.0,50,False
TWF2,2_minus_1,575.0,0.5526669770606443,0.7386379721892616,False,0.006144206198943111,0.0,50,False
AKR1B1,2_minus_1,575.0,0.5526669770606443,0.7386379721892616,False,-0.026065759795294297,0.0,50,False
CIAPIN1,2_minus_1,575.0,0.5526669770606443,0.7386379721892616,False,0.06954499804547343,0.0,50,False
RAB37,2_minus_1,575.0,0.5526669770606443,0.7386379721892616,False,0.04632528278266308,0.0,50,False
IL12RB1,2_minus_1,575.0,0.5526669770606443,0.7386379721892616,False,-0.09651322963771591,0.0,50,False
PGA4,2_minus_1,575.0,0.5526669770606443,0.7386379721892616,False,0.002968872998570349,0.0,50,False
RBP7,2_minus_1,575.0,0.5526669770606443,0.7386379721892616,False,0.014020873083832486,0.0,50,False
NAA80,2_minus_1,575.0,0.5526669770606443,0.7386379721892616,False,-0.07128694759305418,0.0,50,False
COL18A1,2_minus_1,576.0,0.559104623193516,0.7423095798740882,False,0.006690037584987402,0.0,50,False
FDX1,2_minus_1,576.0,0.559104623193516,0.7423095798740882,False,-0.0539870045634486,-33.56092804003726,50,False
SERPINB9,2_minus_1,576.0,0.559104623193516,0.7423095798740882,False,-0.007600251863604999,0.0,50,False
CINP,2_minus_1,576.0,0.559104623193516,0.7423095798740882,False,0.0953963430618617,35.672772130483736,50,False
IRAK1,2_minus_1,576.0,0.559104623193516,0.7423095798740882,False,-0.0018145092725895262,0.0,50,False
BAIAP2,2_minus_1,576.0,0.559104623193516,0.7423095798740882,False,0.0852688787833578,0.0,50,False
TIMM10,2_minus_1,576.5,0.5559596010650714,0.7423095798740882,False,0.022462918050141417,0.0,50,False
FXYD5,2_minus_1,576.0,0.559104623193516,0.7423095798740882,False,-0.03186759711967768,0.0,50,False
PDIA3,2_minus_1,576.0,0.559104623193516,0.7423095798740882,False,-0.10252271520225763,0.0,50,False
BAG4,2_minus_1,576.0,0.559104623193516,0.7423095798740882,False,0.16481566942096415,0.0,50,False
PPP1CC,2_minus_1,576.0,0.559104623193516,0.7423095798740882,False,-0.06772933484445624,-34.69751596077789,50,False
ALDH3A1,2_minus_1,576.0,0.559104623193516,0.7423095798740882,False,-0.06246700516880449,-34.61494265592497,50,False
CDH5,2_minus_1,576.0,0.559104623193516,0.7423095798740882,False,-0.001573989028524729,-0.07486239066551849,50,False
HSD11B1,2_minus_1,576.0,0.559104623193516,0.7423095798740882,False,0.023449687068775645,0.0,50,False
ZP4,2_minus_1,466.0,0.5610322753858044,0.7445178546118875,False,0.0077505698889270835,0.0,50,False
GIPC3,2_minus_1,577.0,0.5655778099255286,0.7473801561474841,False,0.0034406934358629515,0.0,50,False
DNPH1,2_minus_1,577.0,0.5655778099255286,0.7473801561474841,False,-0.05435915261896526,0.0,50,False
DAPK2,2_minus_1,577.0,0.5655778099255286,0.7473801561474841,False,-0.024925799587943054,0.0,50,False
BPIFB1,2_minus_1,577.0,0.5655778099255286,0.7473801561474841,False,-0.044325519775942804,-0.2207643805661832,50,False
CD3D,2_minus_1,577.0,0.5655778099255286,0.7473801561474841,False,-0.05715590602959479,-33.19787003825789,50,False
DNM1,2_minus_1,577.0,0.5655778099255286,0.7473801561474841,False,-0.2132046682153183,0.0,50,False
LBR,2_minus_1,577.0,0.5655778099255286,0.7473801561474841,False,0.06688687839399704,0.0,50,False
CASQ2,2_minus_1,577.0,0.5655778099255286,0.7473801561474841,False,-0.02843993551949278,-0.5126255355883499,50,False
AAMDC,2_minus_1,577.0,0.5655778099255286,0.7473801561474841,False,-0.03248183689321095,0.0,50,False
VCPKMT,2_minus_1,467.0,0.5686632106979344,0.7507527432374042,False,-0.02250821193606696,0.0,50,False
GJA8,2_minus_1,467.0,0.5686632106979344,0.7507527432374042,False,0.0,0.0,50,False
CCND2,2_minus_1,578.0,0.5720861414815896,0.7535054136633098,False,0.00037716877775698446,0.002936156906296095,50,False
MOCS2,2_minus_1,578.0,0.5720861414815896,0.7535054136633098,False,-0.009247090414601311,0.0,50,False
ADGRG2,2_minus_1,578.0,0.5720861414815896,0.7535054136633098,False,-0.008872903621534964,0.0,50,False
ANKMY2,2_minus_1,578.0,0.5720861414815896,0.7535054136633098,False,-0.04685864156243581,0.0,50,False
PDP1,2_minus_1,578.0,0.5720861414815896,0.7535054136633098,False,0.013584998913235696,0.5740278594958258,50,False
LCN2,2_minus_1,387.0,0.5729660715580169,0.7543115743372489,False,0.0,0.0,50,False
C9,2_minus_1,579.0,0.5786292137562761,0.7596363011364445,False,-0.010705860432631109,0.0,50,False
EIF4EBP1,2_minus_1,579.0,0.5786292137562761,0.7596363011364445,False,0.031373023733195324,0.0,50,False
MST1,2_minus_1,579.0,0.5786292137562761,0.7596363011364445,False,-0.002724691006721555,0.0,50,False
FGF2,2_minus_1,579.0,0.5786292137562761,0.7596363011364445,False,0.03963656977630081,0.0,50,False
LPO,2_minus_1,579.0,0.5786292137562761,0.7596363011364445,False,-0.05287050346124106,-0.7346586459909031,50,False
KLRF1,2_minus_1,579.0,0.5786292137562761,0.7596363011364445,False,0.05041296544069243,1.5783118497729138,50,False
GNE,2_minus_1,580.0,0.5852066143769612,0.7643514963290922,False,-0.09523168019067779,0.0,50,False
NPL,2_minus_1,580.0,0.5852066143769612,0.7643514963290922,False,-0.017066030041130904,0.0,50,False
LAMA1,2_minus_1,580.0,0.5852066143769612,0.7643514963290922,False,0.05185468813324648,33.80018337262334,50,False
CPXM1,2_minus_1,580.0,0.5852066143769612,0.7643514963290922,False,0.009610560301225896,0.0,50,False
THOP1,2_minus_1,580.0,0.5852066143769612,0.7643514963290922,False,0.04920049141529369,0.0,50,False
MFAP3,2_minus_1,580.0,0.5852066143769612,0.7643514963290922,False,0.025101962551953627,0.2329157407713286,50,False
PXN,2_minus_1,580.0,0.5852066143769612,0.7643514963290922,False,-0.002554538588439695,0.0,50,False
ZBTB16,2_minus_1,580.0,0.5852066143769612,0.7643514963290922,False,0.048703436439824666,0.0,50,False
APOB,2_minus_1,580.0,0.5852066143769612,0.7643514963290922,False,0.10791277133739421,35.000229395422764,50,False
SHH,2_minus_1,580.0,0.5852066143769612,0.7643514963290922,False,0.11061508256453378,0.0,50,False
ASPSCR1,2_minus_1,580.0,0.5852066143769612,0.7643514963290922,False,-0.1241243124208786,0.0,50,False
MDH1,2_minus_1,581.0,0.5918179227766114,0.7680398246931233,False,0.010482180456468999,30.410704250376345,50,False
ARHGAP1,2_minus_1,581.0,0.5918179227766114,0.7680398246931233,False,0.11871848777385988,35.442418926237195,50,False
SH3BGRL2,2_minus_1,581.0,0.5918179227766114,0.7680398246931233,False,0.005604826278200747,0.2556681850627654,50,False
FOXO1,2_minus_1,581.0,0.5918179227766114,0.7680398246931233,False,-0.06954201309864808,0.0,50,False
PRAME,2_minus_1,470.0,0.5918488705909366,0.7680398246931233,False,0.0,0.0,50,False
TARM1,2_minus_1,581.0,0.5918179227766114,0.7680398246931233,False,-0.16265669635145935,-35.76463772232565,50,False
COL9A2,2_minus_1,581.0,0.5918179227766114,0.7680398246931233,False,0.04549441847189346,0.0,50,False
SEMA6C,2_minus_1,581.0,0.5918179227766114,0.7680398246931233,False,-0.010251293124578894,-0.5598157436483998,50,False
DNAJB8,2_minus_1,581.0,0.5918179227766114,0.7680398246931233,False,-0.007271150323368086,-0.5642505672562986,50,False
ATP6V1F,2_minus_1,581.0,0.5918179227766114,0.7680398246931233,False,-0.10238185618267807,0.0,50,False
PDIA4,2_minus_1,581.0,0.5918179227766114,0.7680398246931233,False,-0.03260575274406402,0.0,50,False
FNTA,2_minus_1,581.0,0.5918179227766114,0.7680398246931233,False,0.056329493586229656,0.0,50,False
GP5,2_minus_1,581.0,0.5918179227766114,0.7680398246931233,False,0.02129734356178352,0.0,50,False
CHIT1,2_minus_1,581.0,0.5918179227766114,0.7680398246931233,False,0.03284222003464654,0.3696064603297524,50,False
ARG2,2_minus_1,582.0,0.5984627102635613,0.77306008812027,False,-0.19407456503791276,-35.553009917755325,50,False
CALCA,2_minus_1,582.0,0.5984627102635613,0.77306008812027,False,0.037314135396138925,0.0,50,False
CXCL5,2_minus_1,582.0,0.5984627102635613,0.77306008812027,False,0.2075181889449173,0.7947770859300747,50,False
NUMB,2_minus_1,582.0,0.5984627102635613,0.77306008812027,False,0.046497221604067454,0.0,50,False
GATD3,2_minus_1,582.0,0.5984627102635613,0.77306008812027,False,-0.061363170671566714,0.0,50,False
BSG,2_minus_1,582.0,0.5984627102635613,0.77306008812027,False,-0.01969754710950844,0.0,50,False
CNGB3,2_minus_1,582.0,0.5984627102635613,0.77306008812027,False,0.05176090734691047,2.9222991558445983,50,False
ID4,2_minus_1,582.0,0.5984627102635613,0.77306008812027,False,0.0454163142273491,0.0,50,False
ARL2BP,2_minus_1,582.0,0.5984627102635613,0.77306008812027,False,0.03819880396411188,0.0,50,False
BLOC1S3,2_minus_1,582.0,0.5984627102635613,0.77306008812027,False,0.014394900523125753,0.0,50,False
HGS,2_minus_1,583.5,0.6021716725401587,0.7770523305540582,False,0.06914373723323841,0.0,50,False
GGACT,2_minus_1,583.0,0.6051405400941228,0.7770523305540582,False,-0.24264344536399643,0.0,50,False
CXCL10,2_minus_1,583.0,0.6051405400941228,0.7770523305540582,False,-0.04617363828574875,0.0,50,False
IL1A,2_minus_1,583.0,0.6051405400941228,0.7770523305540582,False,-0.05809179730673214,-33.361096546358205,50,False
GAD2,2_minus_1,583.0,0.6051405400941228,0.7770523305540582,False,-0.10863707908866323,0.0,50,False
TNF,2_minus_1,583.0,0.6051405400941228,0.7770523305540582,False,0.07266230958860379,2.633156011694446,50,False
TNFAIP8,2_minus_1,583.0,0.6051405400941228,0.7770523305540582,False,-0.12165698206981124,0.0,50,False
TOR1AIP1,2_minus_1,583.0,0.6051405400941228,0.7770523305540582,False,-0.038229508542015095,0.0,50,False
METAP2,2_minus_1,583.0,0.6051405400941228,0.7770523305540582,False,0.05594475029816093,31.44560166653831,50,False
RCOR1,2_minus_1,583.0,0.6051405400941228,0.7770523305540582,False,-0.0708667354377159,0.0,50,False
FGF19,2_minus_1,583.0,0.6051405400941228,0.7770523305540582,False,0.15673688777950862,2.1289056090568113,50,False
CLPP,2_minus_1,583.0,0.6051405400941228,0.7770523305540582,False,-0.07902886027309455,-32.26625108253045,50,False
ATG4A,2_minus_1,583.0,0.6051405400941228,0.7770523305540582,False,-0.0709235472078538,0.0,50,False
ITGAL,2_minus_1,584.0,0.6118509675549912,0.7831692384703888,False,-0.1265345703807739,-35.711366977998374,50,False
MAPKAPK2,2_minus_1,584.0,0.6118509675549912,0.7831692384703888,False,0.11326526258665648,1.1065744150680303,50,False
SPRY2,2_minus_1,584.0,0.6118509675549912,0.7831692384703888,False,-0.12786392565863774,-32.130001585197704,50,False
AMOTL2,2_minus_1,584.0,0.6118509675549912,0.7831692384703888,False,0.04108586116397301,0.0,50,False
INPP5D,2_minus_1,584.0,0.6118509675549912,0.7831692384703888,False,-0.038378927422948766,0.0,50,False
MYOC,2_minus_1,584.0,0.6118509675549912,0.7831692384703888,False,-0.04209598878812357,0.0,50,False
DUOX2,2_minus_1,584.0,0.6118509675549912,0.7831692384703888,False,-0.01244268456441934,-0.4047166432322411,50,False
CYTH3,2_minus_1,473.0,0.6154592873315687,0.7870723674503621,False,-0.0035472649530019496,0.0,50,False
DBI,2_minus_1,562.0,0.6154295170629465,0.7870723674503621,False,0.03181233334429945,0.0,50,False
KIRREL1,2_minus_1,585.0,0.6185935400423848,0.787504253507846,False,-0.08539099065209134,0.0,50,False
PRSS2,2_minus_1,585.0,0.6185935400423848,0.787504253507846,False,-0.08269616742816974,0.0,50,False
DDX53,2_minus_1,585.0,0.6185935400423848,0.787504253507846,False,-0.09694964285486345,-1.4886739615879885,50,False
SARG,2_minus_1,585.0,0.6185935400423848,0.787504253507846,False,-0.06756412760901026,0.0,50,False
PECR,2_minus_1,585.0,0.6185935400423848,0.787504253507846,False,0.034736065296551294,1.2600174400783686,50,False
RBP5,2_minus_1,585.0,0.6185935400423848,0.787504253507846,False,0.009375938457447199,0.0,50,False
TPR,2_minus_1,585.0,0.6185935400423848,0.787504253507846,False,0.07455604571850505,0.0,50,False
CSDE1,2_minus_1,585.0,0.6185935400423848,0.787504253507846,False,-0.01577280410911025,0.0,50,False
PAFAH2,2_minus_1,585.0,0.6185935400423848,0.787504253507846,False,0.11095535652286359,34.516686903932964,50,False
TNFSF13,2_minus_1,585.0,0.6185935400423848,0.787504253507846,False,0.031035024186098804,0.0,50,False
IL5,2_minus_1,586.0,0.6253677971440439,0.7925453270736398,False,0.15501209731496146,1.2071568647306705,50,False
EDF1,2_minus_1,586.0,0.6253677971440439,0.7925453270736398,False,-0.0668449498785493,0.0,50,False
CCER2,2_minus_1,586.0,0.6253677971440439,0.7925453270736398,False,-0.009071142878125188,0.0,50,False
DNAJB14,2_minus_1,586.0,0.6253677971440439,0.7925453270736398,False,0.02552536088362585,0.0,50,False
GGCT,2_minus_1,586.0,0.6253677971440439,0.7925453270736398,False,-0.11423167229177833,0.0,50,False
DLG4,2_minus_1,586.0,0.6253677971440439,0.7925453270736398,False,0.0565624477501601,35.157836930167484,50,False
MDK,2_minus_1,586.0,0.6253677971440439,0.7925453270736398,False,-0.06662718350008964,0.0,50,False
PTPRB,2_minus_1,586.0,0.6253677971440439,0.7925453270736398,False,-0.028569075903943017,0.0,50,False
PAIP2B,2_minus_1,474.0,0.6234204368808427,0.7925453270736398,False,0.0,0.0,50,False
NRN1,2_minus_1,586.0,0.6253677971440439,0.7925453270736398,False,0.01936255102651044,0.24540537288473643,50,False
LAIR1,2_minus_1,587.0,0.6321732707310517,0.7993713203316756,False,-0.021692879360305655,0.0,50,False
XRCC4,2_minus_1,587.0,0.6321732707310517,0.7993713203316756,False,0.007076686894874645,0.0,50,False
CEP112,2_minus_1,587.0,0.6321732707310517,0.7993713203316756,False,-0.03638943647465823,0.0,50,False
IL2,2_minus_1,587.0,0.6321732707310517,0.7993713203316756,False,-0.02927514462142841,-0.16987148087103804,50,False
PKD1,2_minus_1,587.0,0.6321732707310517,0.7993713203316756,False,0.006526841017702081,0.0,50,False
SRPK2,2_minus_1,588.0,0.6390094850461736,0.80011147616275,False,0.06132391538301872,0.0,50,False
SSB,2_minus_1,588.0,0.6390094850461736,0.80011147616275,False,-0.08821478489673928,0.0,50,False
PYDC1,2_minus_1,588.0,0.6390094850461736,0.80011147616275,False,0.019299215806476942,33.53218612741035,50,False
L3HYPDH,2_minus_1,588.0,0.6390094850461736,0.80011147616275,False,-0.005011408472943624,0.0,50,False
IL21R,2_minus_1,588.0,0.6390094850461736,0.80011147616275,False,-0.020257053920934767,-31.392397353591544,50,False
KRT6C,2_minus_1,588.0,0.6390094850461736,0.80011147616275,False,0.07608372885841597,0.0,50,False
MB,2_minus_1,588.0,0.6390094850461736,0.80011147616275,False,0.029601991582939753,0.0,50,False
METAP1,2_minus_1,588.0,0.6390094850461736,0.80011147616275,False,-0.04740271152616071,-33.735073092500514,50,False
IDI2,2_minus_1,588.0,0.6390094850461736,0.80011147616275,False,0.11786916212447546,31.92507796408217,50,False
HIP1,2_minus_1,588.0,0.6390094850461736,0.80011147616275,False,-0.07952608643800355,-33.14319584461492,50,False
PLCB1,2_minus_1,588.0,0.6390094850461736,0.80011147616275,False,0.058596406082932165,0.0,50,False
HDGF,2_minus_1,565.0,0.6365724431273011,0.80011147616275,False,0.009125682710516364,0.0,50,False
CR1,2_minus_1,588.0,0.6390094850461736,0.80011147616275,False,-0.030807251062902483,-3.5301687070834085,50,False
ADGRD1,2_minus_1,588.0,0.6390094850461736,0.80011147616275,False,0.011515248427630798,0.0,50,False
DRG2,2_minus_1,588.0,0.6390094850461736,0.80011147616275,False,0.044842510594734465,33.27864997553586,50,False
EDA2R,2_minus_1,588.0,0.6390094850461736,0.80011147616275,False,0.018041352234359865,0.0,50,False
TMCO5A,2_minus_1,588.0,0.6390094850461736,0.80011147616275,False,-0.16526738618497536,0.0,50,False
FGF21,2_minus_1,588.0,0.6390094850461736,0.80011147616275,False,-0.17461020347175277,0.0,50,False
CC2D1A,2_minus_1,588.0,0.6390094850461736,0.80011147616275,False,0.04369205222340333,0.0,50,False
CDC37,2_minus_1,588.0,0.6390094850461736,0.80011147616275,False,-0.012446241266514058,0.0,50,False
GOPC,2_minus_1,588.0,0.6390094850461736,0.80011147616275,False,-0.003607926039386089,0.0,50,False
GOLM2,2_minus_1,588.0,0.6390094850461736,0.80011147616275,False,-0.0013888315933381452,0.0,50,False
VAMP8,2_minus_1,589.0,0.645875956795086,0.8040613149137764,False,-0.1562333455857065,0.0,50,False
TOP2B,2_minus_1,589.0,0.645875956795086,0.8040613149137764,False,-0.06515257178895098,0.0,50,False
CDSN,2_minus_1,589.0,0.645875956795086,0.8040613149137764,False,-0.0027807292953615226,0.0,50,False
TPPP3,2_minus_1,589.0,0.645875956795086,0.8040613149137764,False,0.08859008342112258,0.0,50,False
PLSCR3,2_minus_1,589.0,0.645875956795086,0.8040613149137764,False,-0.08761235310386273,0.0,50,False
NGF,2_minus_1,589.0,0.645875956795086,0.8040613149137764,False,-0.0037807719928436463,0.0,50,False
PARD3,2_minus_1,589.0,0.645875956795086,0.8040613149137764,False,0.056159300963568026,1.6279139073092184,50,False
KDM3A,2_minus_1,589.0,0.645875956795086,0.8040613149137764,False,-0.0680817080874567,-35.475935245013254,50,False
CA7,2_minus_1,589.0,0.645875956795086,0.8040613149137764,False,-0.07198150946366505,-34.3383940413362,50,False
RHOC,2_minus_1,589.0,0.645875956795086,0.8040613149137764,False,-0.11516734667321099,0.0,50,False
HCG22,2_minus_1,589.0,0.645875956795086,0.8040613149137764,False,-0.0005340425452352582,-0.0034844570797573846,50,False
SPRED2,2_minus_1,589.0,0.645875956795086,0.8040613149137764,False,-0.05588242773214304,-3.7859708268085193,50,False
ADCYAP1R1,2_minus_1,589.0,0.645875956795086,0.8040613149137764,False,0.03239076942981162,0.4497637469276001,50,False
ESPL1,2_minus_1,477.0,0.6475662214330158,0.8058093148720161,False,0.0,0.0,50,False
CEACAM8,2_minus_1,590.0,0.652772195247282,0.8072931496777981,False,-0.0010904058080010715,-0.06375026617072214,50,False
IL20RA,2_minus_1,590.0,0.652772195247282,0.8072931496777981,False,0.07204597561860401,0.0,50,False
MAP2K6,2_minus_1,590.0,0.652772195247282,0.8072931496777981,False,0.0729287528317838,0.0,50,False
MAX,2_minus_1,590.0,0.652772195247282,0.8072931496777981,False,-0.20448397483728886,-36.24866266368589,50,False
ANXA1,2_minus_1,590.0,0.652772195247282,0.8072931496777981,False,0.030162545779717886,0.0,50,False
GBP4,2_minus_1,590.0,0.652772195247282,0.8072931496777981,False,0.0843794392251272,35.326916919023745,50,False
LECT2,2_minus_1,590.0,0.652772195247282,0.8072931496777981,False,-0.03572663665024206,-33.093587282783325,50,False
BPIFA2,2_minus_1,590.0,0.652772195247282,0.8072931496777981,False,-0.057244293454562584,-0.41164663817085634,50,False
FGD3,2_minus_1,590.0,0.652772195247282,0.8072931496777981,False,-0.09300497527344909,0.0,50,False
CD36,2_minus_1,590.0,0.652772195247282,0.8072931496777981,False,0.0028542173283668537,0.0,50,False
DARS1,2_minus_1,590.0,0.652772195247282,0.8072931496777981,False,0.057117978099137434,0.0,50,False
OGN,2_minus_1,590.0,0.652772195247282,0.8072931496777981,False,0.02078642280562565,0.0,50,False
AMFR,2_minus_1,590.0,0.652772195247282,0.8072931496777981,False,-0.037748438555901945,0.0,50,False
PGLYRP4,2_minus_1,590.0,0.652772195247282,0.8072931496777981,False,-0.23214929578364554,0.0,50,False
SNCG,2_minus_1,591.0,0.6596977023333945,0.8133575874653411,False,0.019667472395265506,0.0,50,False
TMED1,2_minus_1,591.0,0.6596977023333945,0.8133575874653411,False,-0.2510282403212863,-35.2465402830786,50,False
IL9,2_minus_1,591.0,0.6596977023333945,0.8133575874653411,False,0.19562343103954233,2.6491879050891844,50,False
SEPTIN9,2_minus_1,591.0,0.6596977023333945,0.8133575874653411,False,0.005484722081196471,0.0,50,False
KIF20B,2_minus_1,591.0,0.6596977023333945,0.8133575874653411,False,-0.24713773870221606,0.0,50,False
SDHB,2_minus_1,591.0,0.6596977023333945,0.8133575874653411,False,-0.024796345610948997,0.0,50,False
CASP7,2_minus_1,591.0,0.6596977023333945,0.8133575874653411,False,-0.045057734389650377,0.0,50,False
PDAP1,2_minus_1,592.0,0.6666519727454681,0.8183487163257359,False,0.017510725959485773,0.0,50,False
FXN,2_minus_1,592.0,0.6666519727454681,0.8183487163257359,False,0.025063680983709695,0.0,50,False
ABRAXAS2,2_minus_1,592.0,0.6666519727454681,0.8183487163257359,False,-0.10992203067202466,0.0,50,False
SPACA5_SPACA5B,2_minus_1,592.0,0.6666519727454681,0.8183487163257359,False,-0.06293623067435035,0.0,50,False
SCARB1,2_minus_1,592.0,0.6666519727454681,0.8183487163257359,False,0.07533622735556686,0.0,50,False
HNRNPK,2_minus_1,592.0,0.6666519727454681,0.8183487163257359,False,0.09312437846566424,0.0,50,False
CHMP1A,2_minus_1,592.0,0.6666519727454681,0.8183487163257359,False,0.05150732314295778,0.0,50,False
EPHA10,2_minus_1,592.0,0.6666519727454681,0.8183487163257359,False,0.06493562916304844,35.113630463055046,50,False
DYNC1H1,2_minus_1,592.0,0.6666519727454681,0.8183487163257359,False,-0.0532263185171471,-34.02856403394415,50,False
FABP4,2_minus_1,592.0,0.6666519727454681,0.8183487163257359,False,0.08521754741497241,0.0,50,False
STAM,2_minus_1,593.0,0.6736344940466168,0.8240463663055051,False,-0.13030632054635682,0.0,50,False
NOP56,2_minus_1,593.0,0.6736344940466168,0.8240463663055051,False,-0.12370161238554275,-34.21248198761931,50,False
ERBIN,2_minus_1,593.0,0.6736344940466168,0.8240463663055051,False,-0.09473343553555658,-34.652800271240764,50,False
SCGB3A2,2_minus_1,593.0,0.6736344940466168,0.8240463663055051,False,0.13085114653909988,36.35893239861863,50,False
FRMD7,2_minus_1,593.0,0.6736344940466168,0.8240463663055051,False,0.04911593362964071,3.2010235845767387,50,False
F2R,2_minus_1,593.0,0.6736344940466168,0.8240463663055051,False,-0.05489739886041023,0.0,50,False
AMDHD2,2_minus_1,593.0,0.6736344940466168,0.8240463663055051,False,0.1094440736625645,36.15743873452866,50,False
DUSP3,2_minus_1,593.0,0.6736344940466168,0.8240463663055051,False,0.09565435498982738,31.30392044016668,50,False
GSTP1,2_minus_1,594.0,0.6806447467771797,0.8279462664900812,False,0.0422800085047384,0.8173798560804858,50,False
YWHAQ,2_minus_1,594.0,0.6806447467771797,0.8279462664900812,False,-0.019289322819033998,0.0,50,False
SIRT1,2_minus_1,594.0,0.6806447467771797,0.8279462664900812,False,-0.0009296978215052737,-0.049378443471184835,50,False
ADAM9,2_minus_1,594.0,0.6806447467771797,0.8279462664900812,False,0.04049862186121965,0.0,50,False
DCUN1D1,2_minus_1,594.0,0.6806447467771797,0.8279462664900812,False,0.04823276879267002,0.5864010504140087,50,False
CCT5,2_minus_1,594.0,0.6806447467771797,0.8279462664900812,False,0.0586643600016608,9.492635378271899,50,False
CCL25,2_minus_1,594.0,0.6806447467771797,0.8279462664900812,False,0.013901486711822175,0.0,50,False
FDX2,2_minus_1,594.0,0.6806447467771797,0.8279462664900812,False,0.13849777786235912,0.0,50,False
BNIP2,2_minus_1,594.0,0.6806447467771797,0.8279462664900812,False,-0.027359185133411984,0.0,50,False
KYAT1,2_minus_1,594.0,0.6806447467771797,0.8279462664900812,False,-0.12547630865894221,0.0,50,False
DTD1,2_minus_1,594.0,0.6806447467771797,0.8279462664900812,False,-0.047643615748812485,0.0,50,False
SMAD1,2_minus_1,594.0,0.6806447467771797,0.8279462664900812,False,-0.015756226418874253,0.0,50,False
EIF4E,2_minus_1,594.0,0.6806447467771797,0.8279462664900812,False,0.09128916025855846,0.0,50,False
FOSB,2_minus_1,595.0,0.6876822045635382,0.8332672495916195,False,0.08429437342013421,34.880961234972716,50,False
DCXR,2_minus_1,595.0,0.6876822045635382,0.8332672495916195,False,0.07723714601938078,0.0,50,False
SETMAR,2_minus_1,595.0,0.6876822045635382,0.8332672495916195,False,0.024208056250243,32.17276902869864,50,False
TIMM8A,2_minus_1,595.0,0.6876822045635382,0.8332672495916195,False,-0.04971375908481545,0.0,50,False
MYL4,2_minus_1,595.0,0.6876822045635382,0.8332672495916195,False,0.005562599505715901,0.0,50,False
GMPR,2_minus_1,595.0,0.6876822045635382,0.8332672495916195,False,-0.05334080385779544,0.0,50,False
IL10,2_minus_1,595.0,0.6876822045635382,0.8332672495916195,False,0.04868615204081994,0.0,50,False
NAP1L4,2_minus_1,595.0,0.6876822045635382,0.8332672495916195,False,-0.023262445347292576,0.0,50,False
RAC3,2_minus_1,595.0,0.6876822045635382,0.8332672495916195,False,0.09066431005832953,1.227203265132019,50,False
IL25,2_minus_1,482.0,0.6886350576611731,0.8337043518374304,False,0.0751881801189811,30.99702848733839,50,False
RBM25,2_minus_1,482.0,0.6886350576611731,0.8337043518374304,False,0.0,0.0,50,False
AGR2,2_minus_1,596.0,0.6947463342363385,0.8360708022262945,False,-0.20804610721691968,-3.4701261176193205,50,False
PSMD1,2_minus_1,596.0,0.6947463342363385,0.8360708022262945,False,0.13208751301591837,36.23044161429846,50,False
GLP1R,2_minus_1,596.0,0.6947463342363385,0.8360708022262945,False,-0.047194272164193654,0.0,50,False
PRDX6,2_minus_1,596.0,0.6947463342363385,0.8360708022262945,False,-0.05863310161576111,-34.89023804373453,50,False
STAMBP,2_minus_1,596.0,0.6947463342363385,0.8360708022262945,False,-0.002105096046750188,0.0,50,False
ARID4B,2_minus_1,596.0,0.6947463342363385,0.8360708022262945,False,0.04111599321514024,32.57685099385935,50,False
LRRC38,2_minus_1,596.0,0.6947463342363385,0.8360708022262945,False,0.05150228110720753,33.636427239604984,50,False
JCHAIN,2_minus_1,596.0,0.6947463342363385,0.8360708022262945,False,0.03529414859361929,0.0,50,False
CRYGD,2_minus_1,596.0,0.6947463342363385,0.8360708022262945,False,0.08971959731408549,0.0,50,False
TYRO3,2_minus_1,596.0,0.6947463342363385,0.8360708022262945,False,0.004954477541029928,0.11069849669783062,50,False
METAP1D,2_minus_1,596.0,0.6947463342363385,0.8360708022262945,False,-0.09995166932749716,0.0,50,False
PHACTR2,2_minus_1,596.0,0.6947463342363385,0.8360708022262945,False,-0.13153918268677373,0.0,50,False
SART1,2_minus_1,596.0,0.6947463342363385,0.8360708022262945,False,0.01954753602981095,0.0,50,False
HEG1,2_minus_1,596.0,0.6947463342363385,0.8360708022262945,False,0.01691343914693634,0.0,50,False
TRIM26,2_minus_1,483.0,0.6969650851892535,0.838382605678316,False,0.0,0.0,50,False
S100A11,2_minus_1,597.0,0.7018365959451138,0.8417256619171382,False,-0.010650771667912812,0.0,50,False
TBCA,2_minus_1,597.0,0.7018365959451138,0.8417256619171382,False,-0.13275060749703652,0.0,50,False
CLSPN,2_minus_1,597.0,0.7018365959451138,0.8417256619171382,False,0.05208463974969389,34.36384711246225,50,False
ZFYVE19,2_minus_1,597.0,0.7018365959451138,0.8417256619171382,False,0.07621556697798615,0.0,50,False
NEFL,2_minus_1,597.0,0.7018365959451138,0.8417256619171382,False,-0.05835887518990451,0.0,50,False
GGA1,2_minus_1,597.0,0.7018365959451138,0.8417256619171382,False,-0.016439216613112224,-33.38905883633769,50,False
GIPC2,2_minus_1,597.0,0.7018365959451138,0.8417256619171382,False,-0.06284027555653897,0.0,50,False
SSH3,2_minus_1,484.0,0.7053318084241582,0.8451976053286935,False,0.0,0.0,50,False
CDK1,2_minus_1,484.0,0.7053318084241582,0.8451976053286935,False,0.0,0.0,50,False
CD5L,2_minus_1,598.0,0.7089524432753507,0.8470131863654592,False,0.003006374962548894,0.0,50,False
FES,2_minus_1,598.0,0.7089524432753507,0.8470131863654592,False,0.043066060880912624,32.63468202865156,50,False
CFI,2_minus_1,598.0,0.7089524432753507,0.8470131863654592,False,0.00612530685697775,0.0,50,False
SMARCA2,2_minus_1,598.0,0.7089524432753507,0.8470131863654592,False,0.07141813417966675,33.329376238667514,50,False
STX4,2_minus_1,598.0,0.7089524432753507,0.8470131863654592,False,0.06188439404459328,33.4633365033177,50,False
KIF22,2_minus_1,598.0,0.7089524432753507,0.8470131863654592,False,0.1364156377546002,0.0,50,False
CIRBP,2_minus_1,598.0,0.7089524432753507,0.8470131863654592,False,-0.0006532093431024233,0.0,50,False
RAB3GAP1,2_minus_1,599.0,0.7160933233749613,0.8519302064317241,False,-0.04478169348059906,-0.6962670478335332,50,False
TGM2,2_minus_1,599.0,0.7160933233749613,0.8519302064317241,False,-0.08465584112541119,0.0,50,False
TEX101,2_minus_1,599.0,0.7160933233749613,0.8519302064317241,False,0.040068468620563694,0.0,50,False
TDGF1,2_minus_1,599.0,0.7160933233749613,0.8519302064317241,False,-0.050706415788844716,0.0,50,False
FEN1,2_minus_1,599.0,0.7160933233749613,0.8519302064317241,False,0.061552509347870404,0.0,50,False
COPE,2_minus_1,599.0,0.7160933233749613,0.8519302064317241,False,0.12180604145828566,2.217863802439064,50,False
ANGPTL3,2_minus_1,599.0,0.7160933233749613,0.8519302064317241,False,-0.0160305085591686,0.0,50,False
MSLN,2_minus_1,599.0,0.7160933233749613,0.8519302064317241,False,-0.03951359112970833,0.0,50,False
GRHPR,2_minus_1,599.0,0.7160933233749613,0.8519302064317241,False,0.015840350013273996,0.0,50,False
CXCL6,2_minus_1,599.0,0.7160933233749613,0.8519302064317241,False,0.04829247351424604,0.0,50,False
SPINT2,2_minus_1,600.0,0.7232586770768918,0.8557548044741712,False,0.01651937312840171,0.0,50,False
HSDL2,2_minus_1,600.0,0.7232586770768918,0.8557548044741712,False,0.010374143369290524,1.3135633664920467,50,False
SLC16A1,2_minus_1,600.0,0.7232586770768918,0.8557548044741712,False,0.11127780566836248,0.0,50,False
PGM2,2_minus_1,600.0,0.7232586770768918,0.8557548044741712,False,-0.04150633529970929,-2.293614873449723,50,False
LAMA4,2_minus_1,600.0,0.7232586770768918,0.8557548044741712,False,-0.003993851009003048,0.0,50,False
ADH1B,2_minus_1,600.0,0.7232586770768918,0.8557548044741712,False,0.03813999992937883,0.0,50,False
RAD23B,2_minus_1,600.0,0.7232586770768918,0.8557548044741712,False,0.024811850469844094,0.0,50,False
CEACAM18,2_minus_1,600.0,0.7232586770768918,0.8557548044741712,False,-0.18929967764504485,-36.64782670263832,50,False
MYL1,2_minus_1,600.0,0.7232586770768918,0.8557548044741712,False,0.005851223471779937,1.3324419500183122,50,False
SERPINF2,2_minus_1,600.0,0.7232586770768918,0.8557548044741712,False,-0.03533461117635561,-33.2437947807845,50,False
LYZL2,2_minus_1,486.0,0.7221716931581559,0.8557548044741712,False,0.0,0.0,50,False
ANKRA2,2_minus_1,486.0,0.7221716931581559,0.8557548044741712,False,0.0,0.0,50,False
DTX3,2_minus_1,600.0,0.7232586770768918,0.8557548044741712,False,-0.006576349846173148,0.0,50,False
EPGN,2_minus_1,601.0,0.7304479390240814,0.8592069324527207,False,-0.015717795568475912,0.0,50,False
SCN3B,2_minus_1,601.0,0.7304479390240814,0.8592069324527207,False,0.10195483036643718,0.8573414443457092,50,False
TEF,2_minus_1,601.0,0.7304479390240814,0.8592069324527207,False,0.08844106353089384,0.0,50,False
CTSL,2_minus_1,601.0,0.7304479390240814,0.8592069324527207,False,-0.038878325181590276,-1.5000243295695632,50,False
PTX3,2_minus_1,601.0,0.7304479390240814,0.8592069324527207,False,0.01045039635326785,0.0,50,False
TANK,2_minus_1,601.0,0.7304479390240814,0.8592069324527207,False,0.0022689396059930866,0.0,50,False
GFER,2_minus_1,601.0,0.7304479390240814,0.8592069324527207,False,0.04603858322803367,0.0,50,False
UNG,2_minus_1,601.0,0.7304479390240814,0.8592069324527207,False,-0.025342696463370062,0.0,50,False
MYH9,2_minus_1,601.0,0.7304479390240814,0.8592069324527207,False,0.04213736052826614,0.0,50,False
NT5C,2_minus_1,601.0,0.7304479390240814,0.8592069324527207,False,0.03783086702015298,0.0,50,False
CLU,2_minus_1,601.0,0.7304479390240814,0.8592069324527207,False,0.00990740892047385,0.0,50,False
PTGES2,2_minus_1,601.0,0.7304479390240814,0.8592069324527207,False,0.07753907459035231,0.0,50,False
IFIT3,2_minus_1,601.0,0.7304479390240814,0.8592069324527207,False,-0.08273191038205234,0.0,50,False
SLC1A4,2_minus_1,601.0,0.7304479390240814,0.8592069324527207,False,0.07038414845741137,2.029924787434029,50,False
CORO6,2_minus_1,602.0,0.7376605378038441,0.8640815617535879,False,-0.10179516149748322,0.0,50,False
RYR1,2_minus_1,602.0,0.7376605378038441,0.8640815617535879,False,-0.03912065541853489,-29.250719566409167,50,False
IFNG,2_minus_1,602.0,0.7376605378038441,0.8640815617535879,False,-0.0441018433576528,-0.5362698822555031,50,False
CALCB,2_minus_1,602.0,0.7376605378038441,0.8640815617535879,False,0.02433839515034835,0.0,50,False
VSTM1,2_minus_1,602.0,0.7376605378038441,0.8640815617535879,False,-0.0335901113875766,-1.9721097122757312,50,False
PPM1F,2_minus_1,602.0,0.7376605378038441,0.8640815617535879,False,-0.0354531016664554,0.0,50,False
IKZF2,2_minus_1,602.0,0.7376605378038441,0.8640815617535879,False,-0.09957849214576842,0.0,50,False
PPT1,2_minus_1,602.0,0.7376605378038441,0.8640815617535879,False,-0.09829187149963248,0.0,50,False
LAMB1,2_minus_1,602.0,0.7376605378038441,0.8640815617535879,False,-0.017151343148752343,0.0,50,False
SCIN,2_minus_1,602.0,0.7376605378038441,0.8640815617535879,False,-0.047400836921234535,0.0,50,False
RCC1,2_minus_1,579.0,0.7389573758206106,0.8651033900677563,False,-0.035235567514224,0.0,50,False
MANEAL,2_minus_1,488.0,0.7391472856899934,0.8651033900677563,False,0.0,0.0,50,False
CENPF,2_minus_1,603.0,0.7448958960780061,0.8689423543312614,False,-0.0021194704557540023,0.0,50,False
ADAMTS4,2_minus_1,603.0,0.7448958960780061,0.8689423543312614,False,0.009811460057316194,0.0,50,False
LONP1,2_minus_1,603.0,0.7448958960780061,0.8689423543312614,False,0.00023588301885746343,0.0,50,False
ACADM,2_minus_1,603.0,0.7448958960780061,0.8689423543312614,False,-0.012460394272533454,-31.849271102903604,50,False
IRAG2,2_minus_1,603.0,0.7448958960780061,0.8689423543312614,False,-0.03131568963162959,0.0,50,False
AKT3,2_minus_1,603.0,0.7448958960780061,0.8689423543312614,False,0.07885206468595493,0.0,50,False
BHLHE40,2_minus_1,603.0,0.7448958960780061,0.8689423543312614,False,-0.006561354267907882,0.0,50,False
REG1B,2_minus_1,603.0,0.7448958960780061,0.8689423543312614,False,-0.05704966665748917,0.0,50,False
GTPBP2,2_minus_1,604.0,0.7521534307154649,0.874149426700268,False,-0.044764263132553994,0.0,50,False
TCL1B,2_minus_1,604.0,0.7521534307154649,0.874149426700268,False,0.03719250716018786,0.0,50,False
PTH,2_minus_1,604.0,0.7521534307154649,0.874149426700268,False,-0.26386095152715483,0.0,50,False
TMPRSS11B,2_minus_1,604.0,0.7521534307154649,0.874149426700268,False,-0.1986526658342557,0.0,50,False
TIMP3,2_minus_1,604.0,0.7521534307154649,0.874149426700268,False,0.07712474287701895,0.0,50,False
PNMA2,2_minus_1,604.0,0.7521534307154649,0.874149426700268,False,0.0709909010457607,0.0,50,False
TFPI,2_minus_1,604.0,0.7521534307154649,0.874149426700268,False,-0.004336597762783498,0.0,50,False
PF4,2_minus_1,604.0,0.7521534307154649,0.874149426700268,False,0.15543827701296956,1.8528512306322322,50,False
SMPD3,2_minus_1,604.0,0.7521534307154649,0.874149426700268,False,-0.14427237914177626,0.0,50,False
VWA5A,2_minus_1,490.0,0.7562509611620596,0.8781866831473648,False,0.010931036875889394,0.0,50,False
PDCL2,2_minus_1,490.0,0.7562509611620596,0.8781866831473648,False,-0.021227989444335127,0.0,50,False
ACE,2_minus_1,605.0,0.7594325529338448,0.8786204063523858,False,0.0013202241373968032,0.4692765786935448,50,False
C1R,2_minus_1,605.0,0.7594325529338448,0.8786204063523858,False,-0.012679632966964956,-0.7932035997452337,50,False
POF1B,2_minus_1,605.0,0.7594325529338448,0.8786204063523858,False,0.003955717385973841,0.2677611835140316,50,False
DAPP1,2_minus_1,605.0,0.7594325529338448,0.8786204063523858,False,-0.17126752839877127,0.0,50,False
ITM2A,2_minus_1,605.0,0.7594325529338448,0.8786204063523858,False,0.006071169659554954,0.0,50,False
TIA1,2_minus_1,605.0,0.7594325529338448,0.8786204063523858,False,0.06099324162220435,0.0,50,False
LYPD1,2_minus_1,605.0,0.7594325529338448,0.8786204063523858,False,-0.06587002918460069,-0.6753725803544127,50,False
GH2,2_minus_1,605.0,0.7594325529338448,0.8786204063523858,False,-0.057130636541611185,0.0,50,False
CD3E,2_minus_1,605.0,0.7594325529338448,0.8786204063523858,False,-0.09697773309554486,0.0,50,False
NTF4,2_minus_1,606.0,0.766732668436843,0.8812731405380203,False,-0.038934185381399256,0.0,50,False
PARK7,2_minus_1,606.0,0.766732668436843,0.8812731405380203,False,-0.0739172892923074,0.0,50,False
TGFBR1,2_minus_1,606.0,0.766732668436843,0.8812731405380203,False,-0.0841194991462752,0.0,50,False
FMR1,2_minus_1,606.0,0.766732668436843,0.8812731405380203,False,-0.10063541705732151,-34.9515697816598,50,False
JMJD1C,2_minus_1,491.0,0.7648483953929754,0.8812731405380203,False,0.0,0.0,50,False
SHPK,2_minus_1,606.0,0.766732668436843,0.8812731405380203,False,0.03421878275747879,33.45396784553251,50,False
PTK7,2_minus_1,606.0,0.766732668436843,0.8812731405380203,False,0.030609679365063203,34.30836758366325,50,False
SLAMF6,2_minus_1,606.0,0.766732668436843,0.8812731405380203,False,0.07035277598724635,1.031792751979031,50,False
TOP1MT,2_minus_1,491.0,0.7648465780309048,0.8812731405380203,False,0.0,0.0,50,False
CEACAM20,2_minus_1,606.0,0.766732668436843,0.8812731405380203,False,-0.010528908095893796,0.0,50,False
IMPACT,2_minus_1,606.0,0.766732668436843,0.8812731405380203,False,0.02026316975205522,0.0,50,False
FABP6,2_minus_1,606.0,0.766732668436843,0.8812731405380203,False,-0.03567342427791795,0.0,50,False
TSPAN7,2_minus_1,606.0,0.766732668436843,0.8812731405380203,False,-0.16373557126842264,0.0,50,False
AHNAK,2_minus_1,606.0,0.766732668436843,0.8812731405380203,False,-0.04222962869549425,0.0,50,False
PKN3,2_minus_1,606.0,0.766732668436843,0.8812731405380203,False,0.005262605230516221,0.0,50,False
RABEPK,2_minus_1,606.0,0.766732668436843,0.8812731405380203,False,-0.03845780983303913,0.0,50,False
TET2,2_minus_1,607.0,0.7740531775538848,0.8846322029187255,False,-0.054121468380672666,-34.816265956533556,50,False
CLEC4D,2_minus_1,607.0,0.7740531775538848,0.8846322029187255,False,0.007419075004892264,0.0,50,False
EIF5,2_minus_1,607.0,0.7740531775538848,0.8846322029187255,False,-0.12850738011041973,0.0,50,False
PON2,2_minus_1,607.0,0.7740531775538848,0.8846322029187255,False,0.021152463867992743,0.0,50,False
STXBP3,2_minus_1,607.0,0.7740531775538848,0.8846322029187255,False,0.03922723989641802,0.0,50,False
DYNLT1,2_minus_1,607.0,0.7740531775538848,0.8846322029187255,False,-0.0720407346044602,0.0,50,False
BRD3,2_minus_1,607.0,0.7740531775538848,0.8846322029187255,False,-0.015775409932118706,0.0,50,False
TXNL1,2_minus_1,607.0,0.7740531775538848,0.8846322029187255,False,0.06015038776178292,0.0,50,False
FH,2_minus_1,607.0,0.7740531775538848,0.8846322029187255,False,0.08422759484292763,0.0,50,False
SPART,2_minus_1,607.0,0.7740531775538848,0.8846322029187255,False,0.0753747759471917,0.0,50,False
AKAP12,2_minus_1,607.0,0.7740531775538848,0.8846322029187255,False,-0.027057526318326794,-1.9209983875091643,50,False
LAT2,2_minus_1,607.0,0.7740531775538848,0.8846322029187255,False,0.06828026071720605,0.7322862156886958,50,False
IL4,2_minus_1,607.0,0.7740531775538848,0.8846322029187255,False,0.1647955885925615,0.0,50,False
LPCAT2,2_minus_1,607.0,0.7740531775538848,0.8846322029187255,False,0.045798649630358554,0.0,50,False
EVI5,2_minus_1,608.0,0.7813934753886187,0.889411490175566,False,0.03978063269269039,0.0,50,False
GTF2IRD1,2_minus_1,608.0,0.7813934753886187,0.889411490175566,False,0.037265683408657754,1.0886260868130588,50,False
EGFLAM,2_minus_1,608.0,0.7813934753886187,0.889411490175566,False,0.033578346216802404,0.0,50,False
DCTD,2_minus_1,608.0,0.7813934753886187,0.889411490175566,False,-0.07473542183342001,0.0,50,False
CUZD1,2_minus_1,608.0,0.7813934753886187,0.889411490175566,False,-0.020227074263516647,-0.39433295184497374,50,False
TTN,2_minus_1,608.0,0.7813934753886187,0.889411490175566,False,-0.1484727150926095,0.0,50,False
TYRP1,2_minus_1,608.0,0.7813934753886187,0.889411490175566,False,-0.030307549881876523,-3.7120427617613347,50,False
S100A3,2_minus_1,608.0,0.7813934753886187,0.889411490175566,False,0.0844299978199598,35.48167937025667,50,False
RFC4,2_minus_1,608.0,0.7813934753886187,0.889411490175566,False,-0.07064513514929979,0.0,50,False
NEXN,2_minus_1,608.0,0.7813934753886187,0.889411490175566,False,-0.04355055341817156,0.0,50,False
CEBPA,2_minus_1,609.0,0.7887529519630228,0.8934546712501497,False,0.08191325512291041,0.0,50,False
OSBPL2,2_minus_1,609.0,0.7887529519630228,0.8934546712501497,False,0.022147379364298364,0.580646111378077,50,False
GPI,2_minus_1,609.0,0.7887529519630228,0.8934546712501497,False,-0.041176931175156584,0.0,50,False
LAMTOR5,2_minus_1,609.0,0.7887529519630228,0.8934546712501497,False,0.10669768296188825,35.287324877803286,50,False
ATP6AP2,2_minus_1,609.0,0.7887529519630228,0.8934546712501497,False,-0.08452401146760714,0.0,50,False
LARP1,2_minus_1,609.0,0.7887529519630228,0.8934546712501497,False,-0.011954195976221965,0.0,50,False
DLGAP5,2_minus_1,609.0,0.7887529519630228,0.8934546712501497,False,0.07042174034318817,32.44309845234196,50,False
FUT1,2_minus_1,609.0,0.7887529519630228,0.8934546712501497,False,-0.0725079793536697,0.0,50,False
PAPPA,2_minus_1,609.0,0.7887529519630228,0.8934546712501497,False,-0.02883929322125464,-0.17094578408760855,50,False
IGHMBP2,2_minus_1,609.0,0.7887529519630228,0.8934546712501497,False,-0.08747223875237248,0.0,50,False
CDC27,2_minus_1,609.0,0.7887529519630228,0.8934546712501497,False,0.06528856975144488,0.0,50,False
CMC1,2_minus_1,609.0,0.7887529519630228,0.8934546712501497,False,-0.0030038314953407114,0.0,50,False
PDIA5,2_minus_1,494.0,0.7908111294316883,0.8950659728615893,False,0.0,0.0,50,False
TMOD4,2_minus_1,494.0,0.7908111294316883,0.8950659728615893,False,0.0,0.0,50,False
KCTD5,2_minus_1,610.0,0.7961309923635564,0.8978393570267421,False,-0.004153608113765972,0.0,50,False
LRPAP1,2_minus_1,610.0,0.7961309923635564,0.8978393570267421,False,0.014930533554320249,0.0,50,False
CD84,2_minus_1,610.0,0.7961309923635564,0.8978393570267421,False,0.03816005796321448,34.596910477573665,50,False
CTLA4,2_minus_1,610.0,0.7961309923635564,0.8978393570267421,False,-0.2994981526980865,0.0,50,False
ANXA5,2_minus_1,610.0,0.7961309923635564,0.8978393570267421,False,-0.013428980363578535,0.0,50,False
WFDC2,2_minus_1,610.0,0.7961309923635564,0.8978393570267421,False,0.01881924723811315,0.0,50,False
FAM3C,2_minus_1,610.0,0.7961309923635564,0.8978393570267421,False,-0.0303370926368604,0.0,50,False
FAM3B,2_minus_1,610.0,0.7961309923635564,0.8978393570267421,False,-0.010426645574834852,0.0,50,False
INPP1,2_minus_1,610.0,0.7961309923635564,0.8978393570267421,False,0.005584910821193247,0.0,50,False
EFCAB14,2_minus_1,611.0,0.7980949458960659,0.8996939021790719,False,-0.0024460395574150452,0.0,50,False
IZUMO1,2_minus_1,495.0,0.7995188021664903,0.9009383541019754,False,0.0,0.0,50,False
ATXN10,2_minus_1,611.0,0.8035269768960163,0.9014868394180007,False,0.058073554723532775,0.0,50,False
TK1,2_minus_1,611.0,0.8035269768960163,0.9014868394180007,False,-0.23170976560167406,0.0,50,False
BECN1,2_minus_1,611.0,0.8035269768960163,0.9014868394180007,False,-0.06996440829639715,0.0,50,False
MYH4,2_minus_1,611.0,0.8035269768960163,0.9014868394180007,False,0.0950873728582773,1.8428044297501076,50,False
PRDX2,2_minus_1,611.0,0.8035269768960163,0.9014868394180007,False,-0.04336820150071493,0.0,50,False
UPK3A,2_minus_1,611.0,0.8035269768960163,0.9014868394180007,False,0.08067631641543252,1.3077776698942456,50,False
CLC,2_minus_1,611.0,0.8035269768960163,0.9014868394180007,False,0.013444989943212984,0.0,50,False
ITPRIP,2_minus_1,611.0,0.8035269768960163,0.9014868394180007,False,-0.09544641780286055,0.0,50,False
DCTN6,2_minus_1,611.0,0.8035269768960163,0.9014868394180007,False,-0.03264821016628079,-1.5328446139175285,50,False
GPIHBP1,2_minus_1,611.0,0.8035269768960163,0.9014868394180007,False,-0.017124060274920954,-0.4533698636937728,50,False
HNRNPUL1,2_minus_1,611.0,0.8035269768960163,0.9014868394180007,False,0.007841508799631441,0.0,50,False
RGS10,2_minus_1,612.0,0.8109402812359416,0.9047574611570569,False,-0.0014056885766833283,0.0,50,False
SMC3,2_minus_1,496.0,0.8082514727218991,0.9047574611570569,False,0.002281011097179403,0.0,50,False
KAZALD1,2_minus_1,612.0,0.8109402812359416,0.9047574611570569,False,-0.0032307264516774088,0.0,50,False
MNAT1,2_minus_1,612.0,0.8109402812359416,0.9047574611570569,False,0.0185803360045083,0.0,50,False
GP1BB,2_minus_1,612.0,0.8109402812359416,0.9047574611570569,False,-0.045738175896856026,-1.728407448267565,50,False
GMPR2,2_minus_1,612.0,0.8109402812359416,0.9047574611570569,False,-0.003707824518094094,0.0,50,False
PEBP1,2_minus_1,612.0,0.8109402812359416,0.9047574611570569,False,0.05789174944073888,0.0,50,False
ESYT2,2_minus_1,612.0,0.8109402812359416,0.9047574611570569,False,-0.19491191444856693,0.0,50,False
NOTCH1,2_minus_1,612.0,0.8109402812359416,0.9047574611570569,False,0.002670474741676601,0.9293021458905913,50,False
TUBB3,2_minus_1,612.0,0.8109402812359416,0.9047574611570569,False,0.003738601331174929,0.0,50,False
ELOB,2_minus_1,612.0,0.8109402812359416,0.9047574611570569,False,0.1265961806617569,7.825378552372532,50,False
C1QTNF1,2_minus_1,612.0,0.8109402812359416,0.9047574611570569,False,0.05687307204201495,0.0,50,False
STX16,2_minus_1,612.0,0.8109402812359416,0.9047574611570569,False,0.043308814531320364,1.5416513279330113,50,False
BRSK2,2_minus_1,612.0,0.8109402812359416,0.9047574611570569,False,0.006235076842792953,0.47571783987072813,50,False
SELE,2_minus_1,613.0,0.81837027658068,0.9094438432719789,False,0.018891867998897666,0.3966601646631444,50,False
PFDN2,2_minus_1,613.0,0.81837027658068,0.9094438432719789,False,0.06178246473081003,0.0,50,False
MMP10,2_minus_1,613.0,0.81837027658068,0.9094438432719789,False,0.1068220204080216,2.281012518337653,50,False
YTHDF3,2_minus_1,613.0,0.81837027658068,0.9094438432719789,False,-0.0497945915639997,0.0,50,False
CNPY4,2_minus_1,613.0,0.81837027658068,0.9094438432719789,False,0.004602907091956404,0.0,50,False
ALMS1,2_minus_1,613.0,0.81837027658068,0.9094438432719789,False,0.003854951050766234,0.0,50,False
SCGB2A2,2_minus_1,613.0,0.81837027658068,0.9094438432719789,False,-0.04263670488291743,-0.6288938482574439,50,False
APOE,2_minus_1,613.0,0.81837027658068,0.9094438432719789,False,-0.015964822992676247,0.0,50,False
PRKAB1,2_minus_1,613.0,0.81837027658068,0.9094438432719789,False,-0.06075398222977374,-32.56989524716144,50,False
DNM3,2_minus_1,613.0,0.81837027658068,0.9094438432719789,False,-0.010222062210585603,0.0,50,False
CETN3,2_minus_1,393.0,0.8192559592995198,0.9100689472928787,False,0.0,0.0,50,False
NDUFA5,2_minus_1,614.0,0.8258163298101913,0.9151903914779609,False,0.04881334805095994,0.0,50,False
JAM3,2_minus_1,614.0,0.8258163298101913,0.9151903914779609,False,0.016492994785739047,1.0742940227420157,50,False
PSMD5,2_minus_1,614.0,0.8258163298101913,0.9151903914779609,False,0.028264748197777096,0.0,50,False
TYMP,2_minus_1,614.0,0.8258163298101913,0.9151903914779609,False,0.0391631238210704,0.0,50,False
PCBP2,2_minus_1,614.0,0.8258163298101913,0.9151903914779609,False,0.1390255556786144,35.719979967284004,50,False
MICALL2,2_minus_1,614.0,0.8258163298101913,0.9151903914779609,False,0.003164798121463974,0.0,50,False
F2,2_minus_1,615.0,0.8332778036429911,0.9212839792142375,False,-0.02040732679058435,0.0,50,False
RIDA,2_minus_1,615.0,0.8332778036429911,0.9212839792142375,False,-0.02506236760665241,0.0,50,False
ARFIP1,2_minus_1,615.0,0.8332778036429911,0.9212839792142375,False,0.03818701978963575,0.0,50,False
EFNB2,2_minus_1,615.0,0.8332778036429911,0.9212839792142375,False,-0.10812101072852603,0.0,50,False
SH2B3,2_minus_1,615.0,0.8332778036429911,0.9212839792142375,False,-0.0013019685911420664,-0.011284950075437346,50,False
WFDC1,2_minus_1,615.0,0.8332778036429911,0.9212839792142375,False,-0.012578599042177369,0.0,50,False
CDC123,2_minus_1,499.0,0.8345889871419551,0.922009646054039,False,0.0,0.0,50,False
KIAA1549,2_minus_1,499.0,0.8345889871419551,0.922009646054039,False,0.0,0.0,50,False
THRAP3,2_minus_1,616.0,0.8407540567937097,0.9262767699260902,False,-0.0601801203118255,0.0,50,False
DDA1,2_minus_1,616.0,0.8407540567937097,0.9262767699260902,False,0.1459069782001485,33.11547828172819,50,False
ELAVL4,2_minus_1,616.0,0.8407540567937097,0.9262767699260902,False,0.0465782479983784,0.6919920004209087,50,False
IQGAP2,2_minus_1,616.0,0.8407540567937097,0.9262767699260902,False,-0.008926115258682477,0.0,50,False
PNLIPRP1,2_minus_1,616.0,0.8407540567937097,0.9262767699260902,False,0.04806867086488962,0.0,50,False
NECTIN1,2_minus_1,616.0,0.8407540567937097,0.9262767699260902,False,-0.028180151209878712,0.0,50,False
SNCA,2_minus_1,616.0,0.8407540567937097,0.9262767699260902,False,0.06832882247519755,0.0,50,False
PSMC3,2_minus_1,500.0,0.8434111214540423,0.92884071881681,False,0.0,0.0,50,False
ACAA1,2_minus_1,618.0,0.8557483168795788,0.9300606948409471,False,-0.04887853084163242,0.0,50,False
ASPN,2_minus_1,618.0,0.8557483168795788,0.9300606948409471,False,0.03894797682681203,0.0,50,False
ATP5PO,2_minus_1,618.0,0.8557483168795788,0.9300606948409471,False,0.001989673595082772,1.1889887687187781,50,False
RP2,2_minus_1,617.0,0.8482444441392172,0.9300606948409471,False,0.014792174723544396,1.2980293816623942,50,False
LILRA3,2_minus_1,618.0,0.8557483168795788,0.9300606948409471,False,-0.011512930023604179,0.0,50,False
CACNA1C,2_minus_1,618.0,0.8557483168795788,0.9300606948409471,False,0.06827841315348399,34.63856765076818,50,False
ECI2,2_minus_1,618.0,0.8557483168795788,0.9300606948409471,False,-0.017563771832295183,0.0,50,False
CCDC28A,2_minus_1,618.0,0.8557483168795788,0.9300606948409471,False,0.15692278839237778,2.0664770572337208,50,False
HDAC9,2_minus_1,618.0,0.8557483168795788,0.9300606948409471,False,-0.1189581240591735,0.0,50,False
ABHD14B,2_minus_1,618.0,0.8557483168795788,0.9300606948409471,False,-0.03068728144893662,0.0,50,False
PRDX5,2_minus_1,618.0,0.8557483168795788,0.9300606948409471,False,-0.0470201959937665,0.0,50,False
VIPR1,2_minus_1,618.0,0.8557483168795788,0.9300606948409471,False,0.0013284212305703924,0.0,50,False
CD74,2_minus_1,618.0,0.8557483168795788,0.9300606948409471,False,-0.0007096551458951467,0.0,50,False
TRIM58,2_minus_1,618.0,0.8557483168795788,0.9300606948409471,False,-0.0749017101662757,0.0,50,False
PRKCQ,2_minus_1,618.0,0.8557483168795788,0.9300606948409471,False,0.047123108999213535,33.73717501609866,50,False
CD82,2_minus_1,618.0,0.8557483168795788,0.9300606948409471,False,0.06232813326917015,1.4473044257757957,50,False
CDH4,2_minus_1,617.0,0.8482444441392172,0.9300606948409471,False,0.09426526210224735,1.8187655671472958,50,False
HMOX2,2_minus_1,617.0,0.8482444441392172,0.9300606948409471,False,-0.002860205007145046,0.0,50,False
PAXX,2_minus_1,618.0,0.8557483168795788,0.9300606948409471,False,0.010318303419670556,0.0,50,False
APOA4,2_minus_1,617.0,0.8482444441392172,0.9300606948409471,False,-0.055458628604405785,0.0,50,False
PTP4A3,2_minus_1,617.0,0.8482444441392172,0.9300606948409471,False,-0.0667220730443448,0.0,50,False
CXCL11,2_minus_1,617.0,0.8482444441392172,0.9300606948409471,False,-0.05652988112293948,0.0,50,False
AGRP,2_minus_1,618.0,0.8557483168795788,0.9300606948409471,False,-0.023926079877944637,0.0,50,False
ACRBP,2_minus_1,618.0,0.8557483168795788,0.9300606948409471,False,0.012085571319877114,0.0,50,False
ENSA,2_minus_1,618.0,0.8557483168795788,0.9300606948409471,False,-0.048796169410877194,0.0,50,False
REST,2_minus_1,501.0,0.852252947812739,0.9300606948409471,False,0.0,0.0,50,False
SLA2,2_minus_1,618.0,0.8557483168795788,0.9300606948409471,False,-0.12223558275702615,-33.278321253877365,50,False
OSTN,2_minus_1,618.0,0.8557483168795788,0.9300606948409471,False,0.044186297092001406,0.0,50,False
SLAMF8,2_minus_1,617.0,0.8482444441392172,0.9300606948409471,False,-0.037289274677404755,0.0,50,False
SNRPB2,2_minus_1,617.0,0.8482444441392172,0.9300606948409471,False,0.040338629233965105,0.0,50,False
TAP1,2_minus_1,618.0,0.8557483168795788,0.9300606948409471,False,-0.006204698319167035,-0.14512061137367843,50,False
FGF16,2_minus_1,618.0,0.8557483168795788,0.9300606948409471,False,-0.0600927690934994,-34.29830071297052,50,False
TADA3,2_minus_1,617.0,0.8482444441392172,0.9300606948409471,False,-0.0008121438191356634,0.0,50,False
PLXNA4,2_minus_1,618.0,0.8557483168795788,0.9300606948409471,False,0.0029923778355301356,0.0,50,False
TLR4,2_minus_1,619.0,0.8632650227005474,0.9353421715755065,False,-0.0013550686576678447,0.0,50,False
DECR1,2_minus_1,619.0,0.8632650227005474,0.9353421715755065,False,-0.1011751764808228,0.0,50,False
KLK11,2_minus_1,619.0,0.8632650227005474,0.9353421715755065,False,0.030003450206582433,0.0,50,False
SPINK6,2_minus_1,619.0,0.8632650227005474,0.9353421715755065,False,-0.07614754153808614,0.0,50,False
RPA2,2_minus_1,619.0,0.8632650227005474,0.9353421715755065,False,0.02222403813774468,0.0,50,False
MECR,2_minus_1,619.0,0.8632650227005474,0.9353421715755065,False,-0.061665835776345684,0.0,50,False
CACNB1,2_minus_1,619.0,0.8632650227005474,0.9353421715755065,False,0.013937070037543768,0.0,50,False
IST1,2_minus_1,619.0,0.8632650227005474,0.9353421715755065,False,-0.07999423318816376,0.0,50,False
LRP1,2_minus_1,620.0,0.8707939059443142,0.9391634006661006,False,-0.009471660648184,-2.5777349109255656,50,False
LAP3,2_minus_1,620.0,0.8707939059443142,0.9391634006661006,False,0.06217223078910705,0.0,50,False
ACOX1,2_minus_1,620.0,0.8707939059443142,0.9391634006661006,False,0.0005832069675075352,0.0,50,False
STX8,2_minus_1,620.0,0.8707939059443142,0.9391634006661006,False,0.013167904705618835,0.0,50,False
SAG,2_minus_1,620.0,0.8707939059443142,0.9391634006661006,False,-0.13503506144995714,0.0,50,False
ITIH3,2_minus_1,620.0,0.8707939059443142,0.9391634006661006,False,-0.001185463210091501,0.0,50,False
SORD,2_minus_1,620.0,0.8707939059443142,0.9391634006661006,False,0.06250080838945032,0.0,50,False
SERPINH1,2_minus_1,620.0,0.8707939059443142,0.9391634006661006,False,-0.12343085878075288,-35.771735264395446,50,False
PGR,2_minus_1,620.0,0.8707939059443142,0.9391634006661006,False,-0.10660995922313829,0.0,50,False
ASRGL1,2_minus_1,620.0,0.8707939059443142,0.9391634006661006,False,-0.0824916081096356,0.0,50,False
ARHGEF12,2_minus_1,620.0,0.8707939059443142,0.9391634006661006,False,-0.05685152199317245,0.0,50,False
C1S,2_minus_1,620.0,0.8707939059443142,0.9391634006661006,False,0.00744285841032645,0.3346611232821215,50,False
DGCR6,2_minus_1,621.0,0.878334307774896,0.9436815759992777,False,-0.02674785821958224,0.0,50,False
TNN,2_minus_1,621.0,0.878334307774896,0.9436815759992777,False,-0.002083466101336905,0.0,50,False
RAB2B,2_minus_1,621.0,0.878334307774896,0.9436815759992777,False,-0.03394206458778837,0.0,50,False
USP25,2_minus_1,621.0,0.878334307774896,0.9436815759992777,False,-0.10300745531603445,0.0,50,False
TXNRD1,2_minus_1,621.0,0.878334307774896,0.9436815759992777,False,0.014500560090088599,0.0,50,False
SKIV2L,2_minus_1,621.0,0.878334307774896,0.9436815759992777,False,0.08537327151766222,1.0234659825663739,50,False
BAMBI,2_minus_1,621.0,0.878334307774896,0.9436815759992777,False,-0.04776348367900134,0.0,50,False
GYS1,2_minus_1,621.0,0.878334307774896,0.9436815759992777,False,0.03312596533453968,0.44435918417196624,50,False
EIF2AK2,2_minus_1,621.0,0.878334307774896,0.9436815759992777,False,-0.05689047283809922,0.0,50,False
PIBF1,2_minus_1,621.0,0.878334307774896,0.9436815759992777,False,0.021369893944841914,0.0,50,False
CD55,2_minus_1,419.0,0.8815369627226693,0.9467612841445602,False,0.0,0.0,50,False
MMP15,2_minus_1,622.0,0.8858855663449852,0.9481770257801133,False,-0.0598729776188473,0.0,50,False
CD300A,2_minus_1,622.0,0.8858855663449852,0.9481770257801133,False,0.02612697391683195,0.0,50,False
ADGRV1,2_minus_1,622.0,0.8858855663449852,0.9481770257801133,False,-0.15678266717618605,-36.2411784267597,50,False
GKN1,2_minus_1,622.0,0.8858855663449852,0.9481770257801133,False,0.003456801764737172,0.0,50,False
PRC1,2_minus_1,622.0,0.8858855663449852,0.9481770257801133,False,0.010239981938954205,0.0,50,False
MYLPF,2_minus_1,622.0,0.8858855663449852,0.9481770257801133,False,0.026020156295177593,0.0,50,False
PPP1R14A,2_minus_1,622.0,0.8858855663449852,0.9481770257801133,False,-0.2539923706894635,0.0,50,False
MN1,2_minus_1,622.0,0.8858855663449852,0.9481770257801133,False,0.018892889715709987,0.6857760428289633,50,False
PYY,2_minus_1,622.0,0.8858855663449852,0.9481770257801133,False,0.039898365830092763,0.0,50,False
ACP1,2_minus_1,623.0,0.893447016970665,0.9519284146006025,False,-0.13521177771951903,-34.1936985650397,50,False
KRT5,2_minus_1,623.0,0.893447016970665,0.9519284146006025,False,0.12865844913260818,34.39641247979995,50,False
ERBB2,2_minus_1,623.0,0.893447016970665,0.9519284146006025,False,0.0063850662412334915,0.0,50,False
PACS2,2_minus_1,623.0,0.893447016970665,0.9519284146006025,False,-0.05472596679945485,0.0,50,False
PIK3IP1,2_minus_1,623.0,0.893447016970665,0.9519284146006025,False,0.009099500069966338,0.0,50,False
NPHS2,2_minus_1,623.0,0.893447016970665,0.9519284146006025,False,-0.0012521490830436632,0.0,50,False
KIAA1549L,2_minus_1,623.0,0.893447016970665,0.9519284146006025,False,0.05814629515015425,1.5903987673489273,50,False
NFX1,2_minus_1,623.0,0.893447016970665,0.9519284146006025,False,-0.08040868863685346,0.0,50,False
CSF2,2_minus_1,623.0,0.893447016970665,0.9519284146006025,False,-0.0730230451095393,-1.8257861574791783,50,False
LY6D,2_minus_1,623.0,0.893447016970665,0.9519284146006025,False,-0.03752531414747484,0.0,50,False
DUT,2_minus_1,623.0,0.893447016970665,0.9519284146006025,False,0.09127203230494128,0.0,50,False
ADAMTS1,2_minus_1,623.0,0.893447016970665,0.9519284146006025,False,0.09698000986808696,34.58829318561346,50,False
CRNN,2_minus_1,624.0,0.9010179923007229,0.9542183777054666,False,0.030089940883673838,0.0,50,False
GASK1A,2_minus_1,624.0,0.9010179923007229,0.9542183777054666,False,0.017473509135605275,0.0,50,False
CLNS1A,2_minus_1,624.0,0.9010179923007229,0.9542183777054666,False,-0.053854573100254655,0.0,50,False
NUB1,2_minus_1,624.0,0.9010179923007229,0.9542183777054666,False,-0.04400214258094193,0.0,50,False
FKBP4,2_minus_1,624.0,0.9010179923007229,0.9542183777054666,False,0.025031396531811637,0.0,50,False
NFU1,2_minus_1,624.0,0.9010179923007229,0.9542183777054666,False,-0.024715987019578334,0.0,50,False
GCG,2_minus_1,624.0,0.9010179923007229,0.9542183777054666,False,0.0849022310847149,0.0,50,False
CNP,2_minus_1,624.0,0.9010179923007229,0.9542183777054666,False,-0.1203912427604443,0.0,50,False
TSPYL1,2_minus_1,624.0,0.9010179923007229,0.9542183777054666,False,0.08681630766136564,0.0,50,False
TPPP2,2_minus_1,624.0,0.9010179923007229,0.9542183777054666,False,-0.16577092136445948,0.0,50,False
EVPL,2_minus_1,624.0,0.9010179923007229,0.9542183777054666,False,-0.11761084343071021,0.0,50,False
PCDH1,2_minus_1,624.0,0.9010179923007229,0.9542183777054666,False,0.0214479823827025,33.03349920426192,50,False
RWDD1,2_minus_1,624.0,0.9010179923007229,0.9542183777054666,False,-0.10408304398241408,0.0,50,False
ELAC1,2_minus_1,624.0,0.9010179923007229,0.9542183777054666,False,-0.07669169889715227,0.0,50,False
ERP29,2_minus_1,624.0,0.9010179923007229,0.9542183777054666,False,0.028646240648668442,0.0,50,False
MAP2K1,2_minus_1,624.0,0.9010179923007229,0.9542183777054666,False,0.03451921849000873,0.0,50,False
PLXNB3,2_minus_1,625.0,0.9085978224870299,0.9586404901174509,False,0.014721980548027093,0.0,50,False
NFAT5,2_minus_1,625.0,0.9085978224870299,0.9586404901174509,False,0.10703958267180957,35.08054544857379,50,False
SLITRK6,2_minus_1,625.0,0.9085978224870299,0.9586404901174509,False,0.03163687418869624,1.4646893080203447,50,False
GCLM,2_minus_1,625.0,0.9085978224870299,0.9586404901174509,False,-0.010362566647504817,0.0,50,False
VASH1,2_minus_1,625.0,0.9085978224870299,0.9586404901174509,False,-0.005991226527186288,0.0,50,False
DAAM1,2_minus_1,625.0,0.9085978224870299,0.9586404901174509,False,-0.04164506840505333,0.0,50,False
RASA1,2_minus_1,625.0,0.9085978224870299,0.9586404901174509,False,-0.013619581740480557,0.0,50,False
FOLR3,2_minus_1,625.0,0.9085978224870299,0.9586404901174509,False,-0.0170913486937061,0.0,50,False
LEG1,2_minus_1,625.0,0.9085978224870299,0.9586404901174509,False,-0.008730388986273374,-1.7381286229821942,50,False
CDON,2_minus_1,625.0,0.9085978224870299,0.9586404901174509,False,0.019206927704584598,0.0,50,False
HPCAL1,2_minus_1,626.0,0.916185835362695,0.9605284111620809,False,-0.09059121205138083,0.0,50,False
CEACAM5,2_minus_1,626.0,0.916185835362695,0.9605284111620809,False,0.0253171431818886,0.3920077836779867,50,False
CETN2,2_minus_1,626.0,0.916185835362695,0.9605284111620809,False,-0.03703501412999079,-0.7336786318321847,50,False
RALB,2_minus_1,626.0,0.916185835362695,0.9605284111620809,False,-0.038578483767833856,-1.6783363325040166,50,False
PCARE,2_minus_1,626.0,0.916185835362695,0.9605284111620809,False,0.00843768399041711,0.0,50,False
NEDD4L,2_minus_1,626.0,0.916185835362695,0.9605284111620809,False,0.016037529838430695,0.0,50,False
GPNMB,2_minus_1,626.0,0.916185835362695,0.9605284111620809,False,0.030536602884848905,0.0,50,False
SELPLG,2_minus_1,626.0,0.916185835362695,0.9605284111620809,False,-0.00925290882216185,0.0,50,False
AHSA1,2_minus_1,626.0,0.916185835362695,0.9605284111620809,False,0.041065366529993874,31.431373333346112,50,False
LRP2,2_minus_1,626.0,0.916185835362695,0.9605284111620809,False,0.06843205745243974,0.0,50,False
PRND,2_minus_1,626.0,0.916185835362695,0.9605284111620809,False,0.09861705859596641,0.4336068411778744,50,False
RABGAP1L,2_minus_1,626.0,0.916185835362695,0.9605284111620809,False,-0.09979849091390341,0.0,50,False
GIGYF2,2_minus_1,626.0,0.916185835362695,0.9605284111620809,False,-0.10096357345715101,0.0,50,False
CALB2,2_minus_1,626.0,0.916185835362695,0.9605284111620809,False,-0.026311494427768648,0.0,50,False
B2M,2_minus_1,626.0,0.916185835362695,0.9605284111620809,False,0.03209190187904051,0.0,50,False
RELT,2_minus_1,626.0,0.916185835362695,0.9605284111620809,False,-0.017517852092208762,0.0,50,False
AMBN,2_minus_1,626.0,0.916185835362695,0.9605284111620809,False,0.032648279128438665,0.0,50,False
ANK2,2_minus_1,627.0,0.9237813566146151,0.9645414535508922,False,0.019995464818842457,0.37960652484234425,50,False
TSPAN15,2_minus_1,627.0,0.9237813566146151,0.9645414535508922,False,0.06534243652192931,0.0,50,False
FZD10,2_minus_1,627.0,0.9237813566146151,0.9645414535508922,False,-0.010138208360029266,0.0,50,False
PNPT1,2_minus_1,627.0,0.9237813566146151,0.9645414535508922,False,0.005845028212533604,0.0,50,False
MATN3,2_minus_1,627.0,0.9237813566146151,0.9645414535508922,False,-0.0016164181085147264,0.0,50,False
COL5A1,2_minus_1,627.0,0.9237813566146151,0.9645414535508922,False,0.007563452289485434,0.0,50,False
IGF2BP3,2_minus_1,627.0,0.9237813566146151,0.9645414535508922,False,0.018163490361565338,1.1492427258105902,50,False
CEP43,2_minus_1,627.0,0.9237813566146151,0.9645414535508922,False,-0.03734763461556264,0.0,50,False
C8B,2_minus_1,627.0,0.9237813566146151,0.9645414535508922,False,0.010635855785052772,1.2095034240604443,50,False
GH1,2_minus_1,627.0,0.9237813566146151,0.9645414535508922,False,0.0159357686602391,0.25846675601092606,50,False
ANP32C,2_minus_1,627.0,0.9237813566146151,0.9645414535508922,False,0.04628847119941479,32.23337610269172,50,False
ICAM1,2_minus_1,628.0,0.9313837099567692,0.9692448363777761,False,0.0035561795003694052,0.0,50,False
LGALS8,2_minus_1,628.0,0.9313837099567692,0.9692448363777761,False,-0.023898536555395894,0.0,50,False
DCTN2,2_minus_1,628.0,0.9313837099567692,0.9692448363777761,False,-0.00898223775839034,0.0,50,False
TGFB2,2_minus_1,628.0,0.9313837099567692,0.9692448363777761,False,-0.03691562521290424,0.0,50,False
NXPE4,2_minus_1,628.0,0.9313837099567692,0.9692448363777761,False,0.08172517329516549,0.0,50,False
IMPA1,2_minus_1,628.0,0.9313837099567692,0.9692448363777761,False,-0.05736983726948758,0.0,50,False
ARHGEF10,2_minus_1,628.0,0.9313837099567692,0.9692448363777761,False,-0.08265234669415072,0.0,50,False
NPHS1,2_minus_1,628.0,0.9313837099567692,0.9692448363777761,False,0.021987400370998667,1.8427371675564663,50,False
NCK2,2_minus_1,628.0,0.9313837099567692,0.9692448363777761,False,-0.06818689005024658,0.0,50,False
LYAR,2_minus_1,629.0,0.9389922173111831,0.9717758485660756,False,0.12086829357796697,35.75139983292703,50,False
IVD,2_minus_1,629.0,0.9389922173111831,0.9717758485660756,False,-0.018211518129436777,-0.13315258850725423,50,False
YY1,2_minus_1,629.0,0.9389922173111831,0.9717758485660756,False,0.005631890883602386,0.0,50,False
CD3G,2_minus_1,629.0,0.9389922173111831,0.9717758485660756,False,-0.034778136904291296,0.0,50,False
GFRA2,2_minus_1,629.0,0.9389922173111831,0.9717758485660756,False,0.008350095146074155,0.3497155517329599,50,False
EGFR,2_minus_1,629.0,0.9389922173111831,0.9717758485660756,False,-0.02099121634815255,0.0,50,False
CEP20,2_minus_1,629.0,0.9389922173111831,0.9717758485660756,False,-0.023361106769376555,0.0,50,False
LILRB1,2_minus_1,629.0,0.9389922173111831,0.9717758485660756,False,0.020636912857183252,0.0,50,False
CPA1,2_minus_1,629.0,0.9389922173111831,0.9717758485660756,False,-0.0758100217675069,0.0,50,False
GOLGA3,2_minus_1,629.0,0.9389922173111831,0.9717758485660756,False,0.05229395958577093,0.0,50,False
FCGR2B,2_minus_1,629.0,0.9389922173111831,0.9717758485660756,False,0.04507162231742753,0.4630973655949697,50,False
CGN,2_minus_1,629.0,0.9389922173111831,0.9717758485660756,False,0.051641092073540784,0.0,50,False
SNX9,2_minus_1,629.0,0.9346042919650384,0.9717758485660756,False,0.006136293555472695,0.0,50,False
LEO1,2_minus_1,629.0,0.9389922173111831,0.9717758485660756,False,-0.028864015906972483,0.0,50,False
ADAMTSL4,2_minus_1,629.0,0.9389922173111831,0.9717758485660756,False,-0.09916411158440454,0.0,50,False
ERCC1,2_minus_1,511.0,0.9415124171067176,0.9740260714814536,False,0.011595329815766251,0.0,50,False
SESTD1,2_minus_1,630.0,0.9466061989829431,0.9764260279618929,False,0.03542786388332797,0.0,50,False
CD302,2_minus_1,630.0,0.9466061989829431,0.9764260279618929,False,0.023607521949057964,0.0,50,False
ICA1,2_minus_1,630.0,0.9466061989829431,0.9764260279618929,False,0.023649838896283443,0.0,50,False
SNX2,2_minus_1,630.0,0.9466061989829431,0.9764260279618929,False,0.026568209465896032,33.983158461939475,50,False
RANGAP1,2_minus_1,630.0,0.9466061989829431,0.9764260279618929,False,0.0009819756323907539,0.03137520010651268,50,False
AARSD1,2_minus_1,630.0,0.9466061989829431,0.9764260279618929,False,0.022051834190678854,0.0,50,False
TP73,2_minus_1,630.0,0.9466061989829431,0.9764260279618929,False,0.2014641326041227,2.3344777387141726,50,False
CASP8,2_minus_1,630.0,0.9466061989829431,0.9764260279618929,False,-0.07056502868241797,0.0,50,False
BSND,2_minus_1,512.0,0.9504979021456743,0.9800813227543825,False,0.0,0.0,50,False
CADPS,2_minus_1,631.0,0.9542249738357711,0.9821262888602089,False,-0.13077406402474828,0.0,50,False
KLK12,2_minus_1,631.0,0.9542249738357711,0.9821262888602089,False,0.030920980438274293,0.2602276194919447,50,False
PCSK7,2_minus_1,631.0,0.9542249738357711,0.9821262888602089,False,0.03014978681936674,0.294034333040841,50,False
ITIH5,2_minus_1,631.0,0.9542249738357711,0.9821262888602089,False,0.1784417046356812,0.0,50,False
IL1B,2_minus_1,631.0,0.9542249738357711,0.9821262888602089,False,-0.0353425319720506,0.0,50,False
SCN3A,2_minus_1,632.0,0.9618478594751583,0.9845741811276065,False,-0.38090682172386,-36.15894763283988,50,False
DNAJC21,2_minus_1,632.0,0.9618478594751583,0.9845741811276065,False,-0.05563223324770325,0.0,50,False
RALY,2_minus_1,632.0,0.9618478594751583,0.9845741811276065,False,-0.009395952800739835,0.0,50,False
CSRP3,2_minus_1,632.0,0.9618478594751583,0.9845741811276065,False,0.14889386567252266,0.0,50,False
MED21,2_minus_1,632.0,0.9618478594751583,0.9845741811276065,False,0.038055849582614626,0.0,50,False
MPRIP,2_minus_1,632.0,0.9618478594751583,0.9845741811276065,False,-0.08852523826791499,-4.573409475357993,50,False
MAGED1,2_minus_1,632.0,0.9618478594751583,0.9845741811276065,False,-0.06497146824276338,0.0,50,False
MET,2_minus_1,632.0,0.9618478594751583,0.9845741811276065,False,-0.002526056789623088,0.0,50,False
CRTAP,2_minus_1,632.0,0.9618478594751583,0.9845741811276065,False,0.013048366945213455,0.8399736029922336,50,False
CRIP2,2_minus_1,632.0,0.9618478594751583,0.9845741811276065,False,-0.021827473395324398,0.0,50,False
SPARC,2_minus_1,632.0,0.9618478594751583,0.9845741811276065,False,-0.03423496563588185,0.0,50,False
HLA-A,2_minus_1,632.0,0.9618478594751583,0.9845741811276065,False,-0.004014828318745611,0.0,50,False
CACYBP,2_minus_1,632.0,0.9618478594751583,0.9845741811276065,False,-0.09116382246168608,0.0,50,False
ZNF75D,2_minus_1,632.0,0.9618478594751583,0.9845741811276065,False,-0.12436373817094798,0.0,50,False
TXNDC5,2_minus_1,632.0,0.9618478594751583,0.9845741811276065,False,0.01984292257261968,0.0,50,False
ATP6V1G1,2_minus_1,633.0,0.969474172425139,0.9873559745205032,False,-0.045731856915590896,0.0,50,False
FKBP5,2_minus_1,633.0,0.969474172425139,0.9873559745205032,False,-0.04299805023193459,0.0,50,False
SAMD9L,2_minus_1,633.0,0.969474172425139,0.9873559745205032,False,-0.04567472731378812,0.0,50,False
CST1,2_minus_1,633.0,0.969474172425139,0.9873559745205032,False,0.0031927976077927855,0.036469993867427934,50,False
MFAP3L,2_minus_1,633.0,0.969474172425139,0.9873559745205032,False,-0.007040881584846295,0.0,50,False
GAGE2A,2_minus_1,514.0,0.9684866264039615,0.9873559745205032,False,0.027185908485316324,0.0,50,False
FOS,2_minus_1,514.0,0.9684866264039615,0.9873559745205032,False,0.0,0.0,50,False
GNAS,2_minus_1,633.0,0.969474172425139,0.9873559745205032,False,0.012864446739560595,0.0,50,False
NCF2,2_minus_1,633.0,0.969474172425139,0.9873559745205032,False,0.02986256331101214,0.0,50,False
SEZ6L2,2_minus_1,633.0,0.969474172425139,0.9873559745205032,False,-0.03149443463147185,-1.8230885772480947,50,False
VTA1,2_minus_1,633.0,0.969474172425139,0.9873559745205032,False,-0.01982195162184719,0.0,50,False
CD209,2_minus_1,633.0,0.969474172425139,0.9873559745205032,False,-0.0025544119366978472,-0.24196862816186493,50,False
BLMH,2_minus_1,633.0,0.969474172425139,0.9873559745205032,False,-0.00951142707310798,0.0,50,False
FCRLB,2_minus_1,633.0,0.969474172425139,0.9873559745205032,False,0.01857528674783534,0.0,50,False
VWF,2_minus_1,634.0,0.9771032283055696,0.9890448205997426,False,0.043486778229181206,0.0,50,False
C3,2_minus_1,634.0,0.9771032283055696,0.9890448205997426,False,0.014106378887605044,4.019809893208941,50,False
ENAH,2_minus_1,634.0,0.9771032283055696,0.9890448205997426,False,-0.10103429562266027,0.0,50,False
CEP290,2_minus_1,634.0,0.9771032283055696,0.9890448205997426,False,0.036042192803042494,30.361185669854986,50,False
ITGA6,2_minus_1,634.0,0.9771032283055696,0.9890448205997426,False,-0.037316001896196944,0.0,50,False
MEP1B,2_minus_1,634.0,0.9771032283055696,0.9890448205997426,False,-0.014777039541208153,0.0,50,False
SSNA1,2_minus_1,634.0,0.9771032283055696,0.9890448205997426,False,0.006451724370672998,0.0,50,False
TRAF3IP2,2_minus_1,634.0,0.9771032283055696,0.9890448205997426,False,0.03113097773899598,33.43915258000903,50,False
CHP1,2_minus_1,634.0,0.9771032283055696,0.9890448205997426,False,-0.1756039024187876,-2.5220177572934785,50,False
SCLY,2_minus_1,634.0,0.9771032283055696,0.9890448205997426,False,0.004754226500258751,0.0,50,False
LRRC37A2,2_minus_1,634.0,0.9771032283055696,0.9890448205997426,False,0.008409142138599071,0.18494280395791132,50,False
GLOD4,2_minus_1,634.0,0.9771032283055696,0.9890448205997426,False,-0.06973326882398258,0.0,50,False
LRRFIP1,2_minus_1,634.0,0.9771032283055696,0.9890448205997426,False,-0.04227478652377589,0.0,50,False
HPGDS,2_minus_1,634.0,0.9771032283055696,0.9890448205997426,False,0.023945101012905215,0.2697157880212109,50,False
PLA2G7,2_minus_1,634.0,0.9771032283055696,0.9890448205997426,False,-0.010036852914143718,-2.0341595179527014,50,False
AK2,2_minus_1,634.0,0.9771032283055696,0.9890448205997426,False,-0.21865206811423488,0.0,50,False
CFC1,2_minus_1,634.0,0.9771032283055696,0.9890448205997426,False,-0.055988986701249355,0.0,50,False
ING1,2_minus_1,635.0,0.9847343420165711,0.992488155733237,False,-0.0157629330339345,0.0,50,False
EBAG9,2_minus_1,635.0,0.9847343420165711,0.992488155733237,False,-0.0599507992850542,0.0,50,False
ESR1,2_minus_1,635.0,0.9847343420165711,0.992488155733237,False,0.010306352114043127,0.0,50,False
INSL5,2_minus_1,635.0,0.9847343420165711,0.992488155733237,False,-0.004063265236270125,0.0,50,False
CDC26,2_minus_1,635.0,0.9847343420165711,0.992488155733237,False,-0.034359128138291256,0.0,50,False
UBE2L6,2_minus_1,635.0,0.9847343420165711,0.992488155733237,False,-0.05539534102012264,0.0,50,False
CHAC2,2_minus_1,635.0,0.9847343420165711,0.992488155733237,False,-0.004420949268793037,0.0,50,False
KLK8,2_minus_1,635.0,0.9847343420165711,0.992488155733237,False,0.04541597235576442,3.3813245926133755,50,False
PTRHD1,2_minus_1,635.0,0.9847343420165711,0.992488155733237,False,-0.019404861570902376,0.0,50,False
IPCEF1,2_minus_1,635.0,0.9847343420165711,0.992488155733237,False,-0.010133175757090607,0.0,50,False
CST7,2_minus_1,635.0,0.9847343420165711,0.992488155733237,False,0.05659335373954055,0.0,50,False
C1QTNF5,2_minus_1,635.0,0.9847343420165711,0.992488155733237,False,0.052475797514965894,0.0,50,False
UNC79,2_minus_1,516.0,0.9864914005919954,0.9939033216697886,False,0.0,0.0,50,False
RILP,2_minus_1,636.0,0.9923668279164506,0.9973251204185314,False,0.032511735285875254,0.0,50,False
TP53,2_minus_1,636.0,0.9923668279164506,0.9973251204185314,False,0.014691269731236578,0.0,50,False
EDAR,2_minus_1,636.0,0.9923668279164506,0.9973251204185314,False,0.019312266711355927,0.0,50,False
VPS4B,2_minus_1,636.0,0.9923668279164506,0.9973251204185314,False,-0.1061201191552513,-33.274605338399496,50,False
FBP1,2_minus_1,636.0,0.9923668279164506,0.9973251204185314,False,0.28938140451603833,2.957750314910401,50,False
PPME1,2_minus_1,636.0,0.9923668279164506,0.9973251204185314,False,0.10851862212180566,0.0,50,False
TTF2,2_minus_1,636.0,0.9923668279164506,0.9973251204185314,False,0.037178833172686776,0.0,50,False
NLGN1,2_minus_1,637.0,1.0,1.0,False,-0.08599239195014202,-34.25106744932416,50,False
TPMT,2_minus_1,637.0,1.0,1.0,False,0.13184927840213215,0.0,50,False
ANG,2_minus_1,637.0,1.0,1.0,False,0.04461309188722984,0.0,50,False
STAT2,2_minus_1,637.0,1.0,1.0,False,0.03769934802803321,0.0,50,False
MIA,2_minus_1,637.0,1.0,1.0,False,-0.03809375401790292,0.0,50,False
MIF,2_minus_1,637.0,1.0,1.0,False,-0.08170458483375354,0.0,50,False
ADGRG1,2_minus_1,637.0,1.0,1.0,False,0.003286344552659401,0.0,50,False
LATS1,2_minus_1,637.0,1.0,1.0,False,0.0832755363178958,0.0,50,False
DEFB4A_DEFB4B,2_minus_1,637.0,1.0,1.0,False,0.06700108262155102,0.254559453057786,50,False
CENPJ,2_minus_1,637.0,1.0,1.0,False,0.0910883933378949,1.9175162849160605,50,False
IGFBP3,2_minus_1,637.0,1.0,1.0,False,0.0270616365947468,0.0,50,False
CBS,2_minus_1,637.0,0.9961488915158516,1.0,False,-0.005143678818021635,0.0,50,False
NPC2,2_minus_1,637.0,1.0,1.0,False,-0.01294965186852695,0.0,50,False
MKI67,2_minus_1,637.0,1.0,1.0,False,0.008177868216975678,0.0,50,False
