analyte_id,delta_comparison,W_statistic,p_value,q_value,significant,median_delta,log2fc,n_pairs,excluded
CCL15,4_minus_3,0.0,0.0001220703125,0.002817622950819672,True,0.47556546712883696,3.2565458985829863,14,False
PCDH7,4_minus_3,0.0,0.0001220703125,0.002817622950819672,True,0.7740915474104737,2.3156566408346695,14,False
COL9A1,4_minus_3,0.0,0.0001220703125,0.002817622950819672,True,0.5182771526035523,3.3813717096100935,14,False
DLK1,4_minus_3,0.0,0.0001220703125,0.002817622950819672,True,0.7643635944499396,1.8002319824574566,14,False
COL5A1,4_minus_3,0.0,0.0001220703125,0.002817622950819672,True,0.5131231363322685,37.86606849568105,14,False
FURIN,4_minus_3,0.0,0.0001220703125,0.002817622950819672,True,0.6793216827266089,3.44993857644036,14,False
LTBR,4_minus_3,0.0,0.0001220703125,0.002817622950819672,True,0.3727119450079294,2.8816386605913302,14,False
LTBP3,4_minus_3,0.0,0.0001220703125,0.002817622950819672,True,1.0185751201196045,3.953500894960466,14,False
DMD,4_minus_3,0.0,0.0001220703125,0.002817622950819672,True,0.48196552968988016,37.669073565631564,14,False
AMBN,4_minus_3,0.0,0.0001220703125,0.002817622950819672,True,0.41669935883048076,3.050820566552159,14,False
PTPRF,4_minus_3,0.0,0.0001220703125,0.002817622950819672,True,0.6505744478129794,2.7861196452686623,14,False
FUCA1,4_minus_3,0.0,0.0001220703125,0.002817622950819672,True,0.47552777026749593,2.9831480912913473,14,False
FSTL3,4_minus_3,0.0,0.0001220703125,0.002817622950819672,True,0.34264280580291656,37.51794316381736,14,False
NRCAM,4_minus_3,0.0,0.0001220703125,0.002817622950819672,True,0.529324787040454,1.5744447617955557,14,False
LRP11,4_minus_3,0.0,0.0001220703125,0.002817622950819672,True,0.3971200723144551,38.075822493514764,14,False
B4GALT1,4_minus_3,0.0,0.0001220703125,0.002817622950819672,True,0.3479381003434303,1.9306579523233895,14,False
SEMA7A,4_minus_3,0.0,0.0001220703125,0.002817622950819672,True,0.8070456172969114,1.809574714563169,14,False
FRZB,4_minus_3,0.0,0.0001220703125,0.002817622950819672,True,0.2959767412777279,6.626536784726807,14,False
CLEC1A,4_minus_3,0.0,0.0001220703125,0.002817622950819672,True,0.6844196485189081,3.128235141260204,14,False
PDZD2,4_minus_3,0.0,0.0001220703125,0.002817622950819672,True,0.4437615090006498,37.70070128463191,14,False
PRSS8,4_minus_3,0.0,0.0001220703125,0.002817622950819672,True,0.5408092021428803,2.369053738605344,14,False
GRN,4_minus_3,0.0,0.0001220703125,0.002817622950819672,True,0.7083186992772021,1.9506835688828645,14,False
DTNB,4_minus_3,0.0,0.0001220703125,0.002817622950819672,True,0.5785749942792111,38.52892721643542,14,False
CSH1,4_minus_3,0.0,0.0001220703125,0.002817622950819672,True,0.5257963352409868,1.6454356889141915,14,False
COLEC12,4_minus_3,0.0,0.0001220703125,0.002817622950819672,True,0.2515731393800339,36.59528391455208,14,False
SERPINB9,4_minus_3,0.0,0.0001220703125,0.002817622950819672,True,0.43739330779200314,36.34751412099614,14,False
GPNMB,4_minus_3,0.0,0.0001220703125,0.002817622950819672,True,0.34100858496647934,37.8508785658499,14,False
PSCA,4_minus_3,0.0,0.0001220703125,0.002817622950819672,True,0.5201392630754013,1.6127825325167175,14,False
DPEP2,4_minus_3,0.0,0.0001220703125,0.002817622950819672,True,0.5718479376079525,1.6195977207360983,14,False
FLT4,4_minus_3,0.0,0.0001220703125,0.002817622950819672,True,0.8757310576459625,2.0462379316152255,14,False
IL4R,4_minus_3,0.0,0.0001220703125,0.002817622950819672,True,0.5318355765924008,2.3291523941082954,14,False
FOLR1,4_minus_3,0.0,0.0001220703125,0.002817622950819672,True,0.3844797129135722,2.3424715355038366,14,False
GPRC5C,4_minus_3,0.0,0.0001220703125,0.002817622950819672,True,0.3872064310400698,37.944339379810444,14,False
SDC1,4_minus_3,0.0,0.0001220703125,0.002817622950819672,True,1.0430145448738348,2.0492557403811578,14,False
GOLM2,4_minus_3,0.0,0.0001220703125,0.002817622950819672,True,0.3462092982278484,4.618291985951626,14,False
INHBC,4_minus_3,0.0,0.0001220703125,0.002817622950819672,True,0.5041847965129314,38.43018091045121,14,False
GDF15,4_minus_3,0.0,0.0001220703125,0.002817622950819672,True,1.0586571460534886,3.108429853560625,14,False
ARSB,4_minus_3,0.0,0.0001220703125,0.002817622950819672,True,0.694716532564245,38.8297688204413,14,False
CREG1,4_minus_3,0.0,0.0001220703125,0.002817622950819672,True,0.5220566712477256,3.339409718372585,14,False
TXNDC5,4_minus_3,0.0,0.0001220703125,0.002817622950819672,True,0.6293763973969655,38.662062690695535,14,False
CRH,4_minus_3,0.0,0.0001220703125,0.002817622950819672,True,3.2758329518459024,4.249176097816729,14,False
CRHBP,4_minus_3,0.0,0.0001220703125,0.002817622950819672,True,0.45713694970729135,2.802211063221403,14,False
ARTN,4_minus_3,0.0,0.0001220703125,0.002817622950819672,True,0.7374226628750118,2.9780096562231653,14,False
CRIM1,4_minus_3,0.0,0.0001220703125,0.002817622950819672,True,0.9766461861594108,2.681406377391449,14,False
CSF1R,4_minus_3,0.0,0.0001220703125,0.002817622950819672,True,0.6678941357854369,2.0765296262138846,14,False
CTSC,4_minus_3,0.0,0.0001220703125,0.002817622950819672,True,0.3038693657154997,4.419336643237807,14,False
CSF2RA,4_minus_3,0.0,0.0001220703125,0.002817622950819672,True,0.6666623643470992,2.3217126671226347,14,False
CSF2RB,4_minus_3,0.0,0.0001220703125,0.002817622950819672,True,0.6940261833919873,2.006763563469996,14,False
CST3,4_minus_3,0.0,0.0001220703125,0.002817622950819672,True,0.427429427685283,38.292867661457436,14,False
CSF3R,4_minus_3,0.0,0.0001220703125,0.002817622950819672,True,0.891851238896969,2.4008241016947633,14,False
OLR1,4_minus_3,0.0,0.0001220703125,0.002817622950819672,True,0.8705399280058133,3.1920468554480466,14,False
KRT19,4_minus_3,0.0,0.0001220703125,0.002817622950819672,True,0.9212304096574994,38.99958246846163,14,False
ASAH1,4_minus_3,0.0,0.0001220703125,0.002817622950819672,True,0.7245716992220386,2.633003309774202,14,False
DAG1,4_minus_3,0.0,0.0001220703125,0.002817622950819672,True,0.7131296689394944,2.747760320918714,14,False
SCPEP1,4_minus_3,0.0,0.0001220703125,0.002817622950819672,False,0.26699744996687413,0.0,14,False
ANGPT2,4_minus_3,0.0,0.0001220703125,0.002817622950819672,False,-0.5701959106601578,0.0,14,False
ANGPTL2,4_minus_3,0.0,0.0001220703125,0.002817622950819672,True,0.3221402332989949,3.6710563654200485,14,False
ANGPTL4,4_minus_3,0.0,0.0001220703125,0.002817622950819672,True,0.3532351499791495,37.97177440535419,14,False
TPP1,4_minus_3,0.0,0.0001220703125,0.002817622950819672,True,0.890146473264048,3.7888092562670366,14,False
PCDH17,4_minus_3,0.0,0.0001220703125,0.002817622950819672,True,0.38265249667498885,4.433530586329061,14,False
CPVL,4_minus_3,0.0,0.0001220703125,0.002817622950819672,True,0.3357578283681275,6.284371600142096,14,False
PAM,4_minus_3,0.0,0.0001220703125,0.002817622950819672,True,0.2980764595916936,4.823772882516632,14,False
DDR1,4_minus_3,0.0,0.0001220703125,0.002817622950819672,True,0.7000803812957648,2.2916988338202997,14,False
P4HB,4_minus_3,0.0,0.0001220703125,0.002817622950819672,True,0.27383699612918244,37.30583423574054,14,False
OXT,4_minus_3,0.0,0.0001220703125,0.002817622950819672,True,0.8560655760039368,3.6083298765276983,14,False
CPM,4_minus_3,0.0,0.0001220703125,0.002817622950819672,True,0.21461117987571326,1.9008161432710948,14,False
ITGA5,4_minus_3,0.0,0.0001220703125,0.002817622950819672,True,0.33132485832017294,36.30126232899061,14,False
GBP1,4_minus_3,0.0,0.0001220703125,0.002817622950819672,True,0.41958051132562757,36.63477985542976,14,False
MAD1L1,4_minus_3,0.0,0.0001220703125,0.002817622950819672,True,0.5451326733164381,38.588102869776954,14,False
TNFRSF11A,4_minus_3,0.0,0.0001220703125,0.002817622950819672,True,0.44837544350725117,38.37900813707469,14,False
TNFRSF12A,4_minus_3,0.0,0.0001220703125,0.002817622950819672,True,0.4213646164444542,3.423090984274848,14,False
BGN,4_minus_3,0.0,0.0001220703125,0.002817622950819672,True,0.6303791101897321,38.92859634434485,14,False
TGFB1,4_minus_3,0.0,0.0001220703125,0.002817622950819672,True,0.9505118173432278,2.310420835169643,14,False
TFPI2,4_minus_3,0.0,0.0001220703125,0.002817622950819672,True,0.3582617133198624,1.8744953781327403,14,False
TFF3,4_minus_3,0.0,0.0001220703125,0.002817622950819672,True,0.5554545783149083,2.9232671007466915,14,False
PLAU,4_minus_3,0.0,0.0001220703125,0.002817622950819672,True,0.7033771581352597,2.749273555157383,14,False
LGALS9,4_minus_3,0.0,0.0001220703125,0.002817622950819672,True,0.22997804747954137,3.9616417037601748,14,False
TFF2,4_minus_3,0.0,0.0001220703125,0.002817622950819672,True,1.1790720308346097,2.158837919961104,14,False
BGLAP,4_minus_3,0.0,0.0001220703125,0.002817622950819672,True,0.687077481849826,37.64958300831862,14,False
NECTIN4,4_minus_3,0.0,0.0001220703125,0.002817622950819672,True,0.9712308470061359,3.02235238228849,14,False
SPINT1,4_minus_3,0.0,0.0001220703125,0.002817622950819672,True,0.497827968216008,1.1483510214113675,14,False
ERBB2,4_minus_3,0.0,0.0001220703125,0.002817622950819672,True,0.4577645681646316,38.41994963272779,14,False
CD46,4_minus_3,0.0,0.0001220703125,0.002817622950819672,True,0.5506970550586516,3.0328522826680064,14,False
ERBB3,4_minus_3,0.0,0.0001220703125,0.002817622950819672,True,0.3776724682879018,4.3725735988651,14,False
SPRR3,4_minus_3,0.0,0.0001220703125,0.002817622950819672,True,0.7400772028543745,4.058678322327082,14,False
LGMN,4_minus_3,0.0,0.0001220703125,0.002817622950819672,True,0.7806280008098414,3.9491105828981885,14,False
IGSF3,4_minus_3,0.0,0.0001220703125,0.002817622950819672,True,1.2352568191378632,2.2884336297545014,14,False
CD200,4_minus_3,0.0,0.0001220703125,0.002817622950819672,True,0.5925197359308919,1.9499635159225595,14,False
LBR,4_minus_3,0.0,0.0001220703125,0.002817622950819672,True,0.42860461867472244,36.711081213937746,14,False
POMC,4_minus_3,0.0,0.0001220703125,0.002817622950819672,True,0.6266885933935761,2.271209201857985,14,False
MYDGF,4_minus_3,0.0,0.0001220703125,0.002817622950819672,True,0.8248696352627155,38.52949500205994,14,False
FABP5,4_minus_3,0.0,0.0001220703125,0.002817622950819672,True,0.8002608782028484,36.90458775100261,14,False
F11R,4_minus_3,0.0,0.0001220703125,0.002817622950819672,True,0.4295409665152543,37.58462491885676,14,False
FABP4,4_minus_3,0.0,0.0001220703125,0.002817622950819672,True,0.5850691543312078,37.93990737721337,14,False
IGFBP4,4_minus_3,0.0,0.0001220703125,0.002817622950819672,True,0.5644912183302977,3.1385190763374924,14,False
PLXNB3,4_minus_3,0.0,0.0001220703125,0.002817622950819672,True,0.3386833444117937,37.07730028166178,14,False
SUMF2,4_minus_3,0.0,0.0001220703125,0.002817622950819672,True,0.5357367933449805,38.23568548254146,14,False
STX4,4_minus_3,0.0,0.0001220703125,0.002817622950819672,True,0.3554874055253953,35.90336851882275,14,False
PLXNB2,4_minus_3,0.0,0.0001220703125,0.002817622950819672,True,0.6450574654284511,3.5109121891133834,14,False
F2R,4_minus_3,0.0,0.0001220703125,0.002817622950819672,True,0.295421291193253,36.67842298909991,14,False
LGALS8,4_minus_3,0.0,0.0001220703125,0.002817622950819672,True,0.24469160500585974,35.83572175428862,14,False
CDH15,4_minus_3,0.0,0.0001220703125,0.002817622950819672,True,0.2760936279998857,37.14177695459794,14,False
SORT1,4_minus_3,0.0,0.0001220703125,0.002817622950819672,True,0.44460984353967403,38.226621135942,14,False
GHR,4_minus_3,0.0,0.0001220703125,0.002817622950819672,False,-0.2152368569158776,0.0,14,False
IL1R1,4_minus_3,0.0,0.0001220703125,0.002817622950819672,True,0.3404949548221037,2.2829590867660357,14,False
VWA1,4_minus_3,0.0,0.0001220703125,0.002817622950819672,True,0.3826583251997955,2.8239739377943995,14,False
EGLN1,4_minus_3,0.0,0.0001220703125,0.002817622950819672,False,0.3193333639821929,0.0,14,False
GUSB,4_minus_3,0.0,0.0001220703125,0.002817622950819672,True,0.5210204873885343,3.9699933065472526,14,False
TINAGL1,4_minus_3,0.0,0.0001220703125,0.002817622950819672,True,0.46173500939722306,1.8286350283075674,14,False
SIGLEC6,4_minus_3,0.0,0.0001220703125,0.002817622950819672,True,1.5508258311835936,40.14805774257424,14,False
SH2D1A,4_minus_3,0.0,0.0001220703125,0.002817622950819672,True,0.3588877097092077,30.981773548140282,14,False
TNFAIP2,4_minus_3,0.0,0.0001220703125,0.002817622950819672,False,0.2552157809495046,0.0,14,False
NID1,4_minus_3,0.0,0.0001220703125,0.002817622950819672,True,0.625780571952045,38.923057215978204,14,False
SIL1,4_minus_3,0.0,0.0001220703125,0.002817622950819672,True,0.4451511923303846,1.9793052576562025,14,False
SIAE,4_minus_3,0.0,0.0001220703125,0.002817622950819672,True,0.36398726863782255,37.25713290509552,14,False
CES1,4_minus_3,0.0,0.0001220703125,0.002817622950819672,True,0.3280297573631864,37.637170945449604,14,False
NOMO1,4_minus_3,0.0,0.0001220703125,0.002817622950819672,True,0.35750606790310285,3.79319757312956,14,False
IL1RL1,4_minus_3,0.0,0.0001220703125,0.002817622950819672,True,0.9286277954281127,39.44052237206079,14,False
PRSS2,4_minus_3,0.0,0.0001220703125,0.002817622950819672,True,0.4380895590984117,38.19920450737085,14,False
C1QTNF5,4_minus_3,0.0,0.0001220703125,0.002817622950819672,True,0.2608257592357998,6.741527138789152,14,False
SMPD1,4_minus_3,0.0,0.0001220703125,0.002817622950819672,True,0.38278898030362596,38.02243296407198,14,False
SGSH,4_minus_3,0.0,0.0001220703125,0.002817622950819672,True,0.9868309171545108,2.268251038282148,14,False
NME3,4_minus_3,1.0,0.000244140625,0.003997093023255814,True,0.18154596922417454,36.491808909965684,14,False
MASP1,4_minus_3,1.0,0.000244140625,0.003997093023255814,True,0.3210048739529247,37.480470871618415,14,False
NT5C1A,4_minus_3,1.0,0.000244140625,0.003997093023255814,True,0.49461096750554256,38.06431488338756,14,False
TNFRSF1A,4_minus_3,1.0,0.000244140625,0.003997093023255814,True,0.29100511282287356,37.693011893609786,14,False
CCL25,4_minus_3,1.0,0.000244140625,0.003997093023255814,True,0.36731000282647813,37.87890263344412,14,False
CRELD2,4_minus_3,1.0,0.000244140625,0.003997093023255814,True,0.3393436274495383,37.47465185190799,14,False
CKAP4,4_minus_3,1.0,0.000244140625,0.003997093023255814,True,0.4466616912050433,2.9945690190502363,14,False
SERPINE1,4_minus_3,1.0,0.000244140625,0.003997093023255814,True,0.8580448963880449,39.47932052339205,14,False
S100P,4_minus_3,1.0,0.000244140625,0.003997093023255814,True,0.8560183945901667,3.264427565559404,14,False
GPR37,4_minus_3,1.0,0.000244140625,0.003997093023255814,True,0.6683451520872998,3.454139324417851,14,False
STC2,4_minus_3,1.0,0.000244140625,0.003997093023255814,False,-0.6927107700794761,0.0,14,False
COL4A1,4_minus_3,1.0,0.000244140625,0.003997093023255814,True,0.42800654819960915,38.16964756418975,14,False
BAIAP2,4_minus_3,1.0,0.000244140625,0.003997093023255814,True,0.5461087233809531,38.21115450855032,14,False
HDGFL2,4_minus_3,1.0,0.000244140625,0.003997093023255814,True,0.3487833833240509,35.542844502595706,14,False
IL1RAP,4_minus_3,1.0,0.000244140625,0.003997093023255814,True,0.17129392704308274,1.1511431593204655,14,False
BST2,4_minus_3,1.0,0.000244140625,0.003997093023255814,True,0.4997993290938134,38.26144438671644,14,False
CES2,4_minus_3,1.0,0.000244140625,0.003997093023255814,True,0.39994982032704773,5.839677976822549,14,False
BSG,4_minus_3,1.0,0.000244140625,0.003997093023255814,True,0.22006311949556207,37.075642405769685,14,False
MCFD2,4_minus_3,1.0,0.000244140625,0.003997093023255814,True,0.3990964934468412,37.83397490228333,14,False
CD63,4_minus_3,1.0,0.000244140625,0.003997093023255814,True,0.6149735029352335,38.18268880576472,14,False
INSL4,4_minus_3,1.0,0.000244140625,0.003997093023255814,True,0.5937666055904134,1.7579118316091598,14,False
HSPG2,4_minus_3,1.0,0.000244140625,0.003997093023255814,True,0.28208857907072377,36.95886802968722,14,False
HS3ST3B1,4_minus_3,1.0,0.000244140625,0.003997093023255814,True,0.4732079111617238,4.54814960109614,14,False
MMP1,4_minus_3,1.0,0.000244140625,0.003997093023255814,True,0.5691208654755677,38.15871953553942,14,False
ATG16L1,4_minus_3,1.0,0.000244140625,0.003997093023255814,True,0.641018790059467,37.683906208365315,14,False
CD40,4_minus_3,1.0,0.000244140625,0.003997093023255814,True,0.4533920341279362,37.32610131041869,14,False
SPON2,4_minus_3,1.0,0.000244140625,0.003997093023255814,True,0.2805823562826403,37.511590370892286,14,False
CD38,4_minus_3,1.0,0.000244140625,0.003997093023255814,True,0.23266985926159783,3.788996664069319,14,False
TLR3,4_minus_3,1.0,0.000244140625,0.003997093023255814,True,0.3268800621317468,3.108399039546367,14,False
CD274,4_minus_3,1.0,0.000244140625,0.003997093023255814,True,0.4265247153156285,1.244214448951628,14,False
CAPS,4_minus_3,1.0,0.000244140625,0.003997093023255814,True,0.8250491318130362,4.330761134227549,14,False
IQGAP2,4_minus_3,1.0,0.000244140625,0.003997093023255814,True,0.7283206346076002,38.03915636291447,14,False
SCARF1,4_minus_3,1.0,0.000244140625,0.003997093023255814,True,0.38078660129479586,37.58543207353083,14,False
Timepoint,4_minus_3,0.0,0.00018281063298183483,0.003997093023255814,True,1.0,1.0995356735509143,14,False
MAP2K1,4_minus_3,1.0,0.000244140625,0.003997093023255814,False,0.29986961951910956,0.0,14,False
PLA2G15,4_minus_3,1.0,0.000244140625,0.003997093023255814,True,0.305123922549809,4.405149991746109,14,False
FUT8,4_minus_3,1.0,0.000244140625,0.003997093023255814,True,0.48883004207503644,38.49555687562091,14,False
LAMA4,4_minus_3,1.0,0.000244140625,0.003997093023255814,True,0.25832951524625813,35.83911648013995,14,False
WASHC3,4_minus_3,1.0,0.000244140625,0.003997093023255814,True,0.4373496357823151,36.09051110148193,14,False
PDIA4,4_minus_3,1.0,0.000244140625,0.003997093023255814,True,0.3369181168096242,35.725388998657294,14,False
LAT2,4_minus_3,1.0,0.000244140625,0.003997093023255814,True,0.6925370578812411,37.18860197601043,14,False
CXCL10,4_minus_3,1.0,0.000244140625,0.003997093023255814,True,0.4749903821865015,37.063333645626436,14,False
DPP7,4_minus_3,1.0,0.000244140625,0.003997093023255814,True,0.580178996666038,38.28602595316363,14,False
DPY30,4_minus_3,1.0,0.000244140625,0.003997093023255814,True,0.30687810180841857,35.08301189052475,14,False
KRT18,4_minus_3,1.0,0.000244140625,0.003997093023255814,True,1.0001080642510374,3.222856688573928,14,False
ESAM,4_minus_3,1.0,0.000244140625,0.003997093023255814,True,0.38850882975093687,3.571990354481068,14,False
FADD,4_minus_3,1.0,0.000244140625,0.003997093023255814,True,0.6680380341775269,37.15994521282634,14,False
LIFR,4_minus_3,1.0,0.000244140625,0.003997093023255814,True,0.5038261311334834,1.98760297865315,14,False
PSAP,4_minus_3,1.0,0.000244140625,0.003997093023255814,True,0.47389725728400894,3.1670439861993764,14,False
LMOD1,4_minus_3,1.0,0.000244140625,0.003997093023255814,True,0.5558889426918605,38.591548566732016,14,False
MARCO,4_minus_3,2.0,0.0003662109375,0.005156249999999999,True,0.15025518148485872,36.48022427838095,14,False
ABL1,4_minus_3,2.0,0.0003662109375,0.005156249999999999,True,0.4888578015203382,37.070733516874256,14,False
CPB1,4_minus_3,2.0,0.0003662109375,0.005156249999999999,True,0.2806778454413015,37.382919228377865,14,False
ADGRG1,4_minus_3,2.0,0.0003662109375,0.005156249999999999,True,0.3206329207029468,2.9574204149185035,14,False
SERPINB6,4_minus_3,2.0,0.0003662109375,0.005156249999999999,True,0.35624088537016807,36.34748037613383,14,False
ABHD14B,4_minus_3,2.0,0.0003662109375,0.005156249999999999,True,0.44801558116059315,34.50674961256835,14,False
IL18R1,4_minus_3,2.0,0.0003662109375,0.005156249999999999,True,0.2251467206624515,35.70388128211034,14,False
NRP2,4_minus_3,2.0,0.0003662109375,0.005156249999999999,True,0.44971444571425856,38.32752827281344,14,False
TIMP2,4_minus_3,2.0,0.0003662109375,0.005156249999999999,True,0.4694702380772012,2.7061941316020484,14,False
COL1A1,4_minus_3,2.0,0.0003662109375,0.005156249999999999,True,0.44495089053103265,36.94708730347043,14,False
BTN3A2,4_minus_3,2.0,0.0003662109375,0.005156249999999999,True,0.3073672978968532,37.2108827222383,14,False
NID2,4_minus_3,2.0,0.0003662109375,0.005156249999999999,True,0.41208126121710414,38.26133336422832,14,False
LEFTY2,4_minus_3,2.0,0.0003662109375,0.005156249999999999,True,0.427082730268737,3.190720354857427,14,False
IGFBP2,4_minus_3,2.0,0.0003662109375,0.005156249999999999,True,0.37668324397344477,37.77040213516281,14,False
PRTG,4_minus_3,2.0,0.0003662109375,0.005156249999999999,True,0.6715740289366242,2.3278855187022742,14,False
IGDCC4,4_minus_3,2.0,0.0003662109375,0.005156249999999999,True,0.4131420205252181,38.13433440601478,14,False
CXCL11,4_minus_3,2.0,0.0003662109375,0.005156249999999999,True,0.8055949085992427,38.91532190764185,14,False
MSRA,4_minus_3,2.0,0.0003662109375,0.005156249999999999,True,0.5559414025574434,37.324757417285205,14,False
TNFRSF14,4_minus_3,2.0,0.0003662109375,0.005156249999999999,True,0.22382516361531382,36.788638069571604,14,False
MTDH,4_minus_3,2.0,0.0003662109375,0.005156249999999999,True,0.8834453154249761,38.16355882864014,14,False
CTSD,4_minus_3,2.0,0.0003662109375,0.005156249999999999,True,0.2981935250232036,4.965403505433814,14,False
PVR,4_minus_3,2.0,0.0003662109375,0.005156249999999999,True,0.44427548559894503,3.9601380506899697,14,False
MYL3,4_minus_3,2.0,0.0003662109375,0.005156249999999999,True,0.5573447699751375,2.9033294235592924,14,False
CXCL17,4_minus_3,2.0,0.0003662109375,0.005156249999999999,True,0.2553785144619808,36.06641818433018,14,False
CHRDL1,4_minus_3,2.0,0.0003662109375,0.005156249999999999,True,0.17320762301815162,35.42200169961569,14,False
ITGB6,4_minus_3,2.0,0.0003662109375,0.005156249999999999,True,0.33524468211552283,37.850378057815206,14,False
SAG,4_minus_3,2.0,0.0003662109375,0.005156249999999999,True,1.117835332411086,39.63237481134369,14,False
ECI2,4_minus_3,2.0,0.0003662109375,0.005156249999999999,True,0.5726888674397936,37.74340438559546,14,False
EIF4G3,4_minus_3,3.0,0.0006103515625,0.0064614661654135335,True,0.6078483819373403,34.548679616142984,14,False
AHCY,4_minus_3,3.0,0.0006103515625,0.0064614661654135335,True,0.5979782879895701,37.91535576561012,14,False
PILRA,4_minus_3,3.0,0.0006103515625,0.0064614661654135335,True,0.1452092526751378,36.568369727851156,14,False
MMP12,4_minus_3,3.0,0.0006103515625,0.0064614661654135335,False,-0.5595841373529331,0.0,14,False
TNFAIP8L2,4_minus_3,3.0,0.0006103515625,0.0064614661654135335,True,0.4411072202997765,36.93401281495216,14,False
VSIR,4_minus_3,3.0,0.0006103515625,0.0064614661654135335,True,0.6189827469868723,38.819977182734064,14,False
ADGRG2,4_minus_3,3.0,0.0006103515625,0.0064614661654135335,True,0.33113757593472953,37.5576400047648,14,False
TJAP1,4_minus_3,3.0,0.0006103515625,0.0064614661654135335,True,0.28882038107810953,35.36336018199412,14,False
TIMP3,4_minus_3,3.0,0.0006103515625,0.0064614661654135335,True,0.7890017671813819,37.03243580279344,14,False
PILRB,4_minus_3,3.0,0.0006103515625,0.0064614661654135335,True,0.20625262018381663,36.63358696672036,14,False
HIP1R,4_minus_3,3.0,0.0006103515625,0.0064614661654135335,True,0.28485672717282173,36.75603047002421,14,False
IL1RN,4_minus_3,3.0,0.0006103515625,0.0064614661654135335,True,0.4562407204565289,37.196274716441,14,False
LDLR,4_minus_3,3.0,0.0006103515625,0.0064614661654135335,True,0.21467238091496274,1.995298005696011,14,False
IGFBPL1,4_minus_3,3.0,0.0006103515625,0.0064614661654135335,True,0.5458659818734591,38.49581294011673,14,False
CCN4,4_minus_3,3.0,0.0006103515625,0.0064614661654135335,True,0.297845263183505,37.703823696647916,14,False
PODXL,4_minus_3,3.0,0.0006103515625,0.0064614661654135335,True,0.12429836431058901,35.53932509719343,14,False
ERP44,4_minus_3,3.0,0.0006103515625,0.0064614661654135335,True,0.2469910561080718,36.326630059672866,14,False
HSPB6,4_minus_3,3.0,0.0006103515625,0.0064614661654135335,True,0.6381729623241821,3.7205612734576907,14,False
CANT1,4_minus_3,3.0,0.0006103515625,0.0064614661654135335,True,0.21495167385204977,37.18004597715825,14,False
FAM13A,4_minus_3,3.0,0.0006103515625,0.0064614661654135335,True,0.8922711402638926,38.88864959805432,14,False
NECTIN2,4_minus_3,3.0,0.0006103515625,0.0064614661654135335,True,0.24195319955961297,2.668469291343035,14,False
ACTA2,4_minus_3,3.0,0.0006103515625,0.0064614661654135335,True,0.43453861091025,38.07212796802406,14,False
IL10RB,4_minus_3,3.0,0.0006103515625,0.0064614661654135335,True,0.2586944322549318,1.637529454145683,14,False
ADGRD1,4_minus_3,3.0,0.0006103515625,0.0064614661654135335,True,0.2908248105984266,2.404260040036417,14,False
EPS8L2,4_minus_3,3.0,0.0006103515625,0.0064614661654135335,True,0.4379022944948337,38.11823510860349,14,False
SPARC,4_minus_3,3.0,0.0006103515625,0.0064614661654135335,True,0.5534677531521712,36.59542888107464,14,False
WIF1,4_minus_3,3.0,0.0006103515625,0.0064614661654135335,False,0.2182379660652192,0.0,14,False
ENO1,4_minus_3,3.0,0.0006103515625,0.0064614661654135335,False,0.42673452232065684,0.0,14,False
ENG,4_minus_3,3.0,0.0006103515625,0.0064614661654135335,True,0.35659423618523334,37.774318749069444,14,False
SNRPB2,4_minus_3,3.0,0.0006103515625,0.0064614661654135335,True,0.30907108103392456,36.59513765532977,14,False
PLA2G4A,4_minus_3,3.0,0.0006103515625,0.0064614661654135335,True,0.7698249301036066,38.47139324995444,14,False
SMOC2,4_minus_3,3.0,0.0006103515625,0.0064614661654135335,True,0.26547299352683107,36.710626077417665,14,False
LAG3,4_minus_3,3.0,0.0006103515625,0.0064614661654135335,True,0.2476866464437968,37.024792340731054,14,False
SLAMF8,4_minus_3,3.0,0.0006103515625,0.0064614661654135335,True,0.18390633555175362,36.445874873521,14,False
LACTB2,4_minus_3,3.0,0.0006103515625,0.0064614661654135335,True,0.40317848338636586,34.744390181225334,14,False
VWF,4_minus_3,3.0,0.0006103515625,0.0064614661654135335,True,0.7147701056153994,39.14600529163013,14,False
IL17RA,4_minus_3,3.0,0.0006103515625,0.0064614661654135335,True,0.09447828751512408,33.99044046786952,14,False
DSCAM,4_minus_3,3.0,0.0006103515625,0.0064614661654135335,True,0.4375455564728987,1.722919626888736,14,False
CPXM1,4_minus_3,3.0,0.0006103515625,0.0064614661654135335,True,0.39992400760272623,38.01792048072044,14,False
BCL2,4_minus_3,3.0,0.0006103515625,0.0064614661654135335,True,0.470183523822165,38.15279183387484,14,False
TREM2,4_minus_3,3.0,0.0006103515625,0.0064614661654135335,True,0.34879873782207516,37.42220745167945,14,False
SEMA4C,4_minus_3,3.0,0.0006103515625,0.0064614661654135335,True,0.4254046867255413,37.490352491826904,14,False
CNTN5,4_minus_3,3.0,0.0006103515625,0.0064614661654135335,True,0.19292331041464483,36.096959242113165,14,False
DNAJB14,4_minus_3,3.0,0.0006103515625,0.0064614661654135335,True,0.4781923848406092,36.61183920408556,14,False
COL18A1,4_minus_3,3.0,0.0006103515625,0.0064614661654135335,True,0.31675728602011,37.41406081418749,14,False
IRAK1,4_minus_3,3.0,0.0006103515625,0.0064614661654135335,False,0.23668607661949048,0.0,14,False
CXCL6,4_minus_3,3.0,0.0006103515625,0.0064614661654135335,True,0.5019119867282905,37.794038090459246,14,False
LY6D,4_minus_3,3.0,0.0006103515625,0.0064614661654135335,True,0.40006065785902617,37.9270289944373,14,False
DKK4,4_minus_3,3.0,0.0006103515625,0.0064614661654135335,True,0.4846897532270401,38.50602901413352,14,False
ATOX1,4_minus_3,3.0,0.0006103515625,0.0064614661654135335,True,0.6281789202124963,37.775614102455194,14,False
AIFM1,4_minus_3,3.0,0.0006103515625,0.0064614661654135335,True,1.0430244363186287,39.26769669786489,14,False
IPCEF1,4_minus_3,3.0,0.0006103515625,0.0064614661654135335,True,0.8780316101540757,38.46185459370555,14,False
ANGPTL1,4_minus_3,3.0,0.0006103515625,0.0064614661654135335,True,0.40201171821710396,6.059436078847633,14,False
NRP1,4_minus_3,3.0,0.0006103515625,0.0064614661654135335,True,0.2716069128813827,37.51187591189668,14,False
KAZALD1,4_minus_3,3.0,0.0006103515625,0.0064614661654135335,True,0.2308011333142978,36.750025794135844,14,False
AP1G2,4_minus_3,3.0,0.0006103515625,0.0064614661654135335,True,0.7074986585781905,36.952720492272256,14,False
FSTL1,4_minus_3,3.0,0.0006103515625,0.0064614661654135335,True,0.20956926517456695,37.06915053410862,14,False
LYPD3,4_minus_3,3.0,0.0006103515625,0.0064614661654135335,True,0.1502747303444738,1.1132258274556963,14,False
AK2,4_minus_3,3.0,0.0006103515625,0.0064614661654135335,True,0.5873735852705586,36.5438137236966,14,False
TRIM21,4_minus_3,3.0,0.0006103515625,0.0064614661654135335,False,0.4268602497103583,0.0,14,False
NPTX2,4_minus_3,3.0,0.0006103515625,0.0064614661654135335,True,0.38042697295015526,35.2507579553837,14,False
OCLN,4_minus_3,3.0,0.0006103515625,0.0064614661654135335,True,0.46899705294653304,37.88175684830411,14,False
TXLNA,4_minus_3,3.0,0.0006103515625,0.0064614661654135335,True,0.8506237744098566,38.35108333820168,14,False
TXN,4_minus_3,3.0,0.0006103515625,0.0064614661654135335,True,0.355955066550433,36.20499131886274,14,False
CXADR,4_minus_3,3.0,0.0006103515625,0.0064614661654135335,True,0.2785757947270051,37.511331789772406,14,False
CRYBB1,4_minus_3,3.0,0.0006103515625,0.0064614661654135335,True,0.3306791313073607,36.50145092374048,14,False
C1QTNF6,4_minus_3,4.0,0.0008544921875,0.008240582191780822,True,0.7085693408564075,3.0237561645434736,14,False
HHEX,4_minus_3,4.0,0.0008544921875,0.008240582191780822,True,0.3791235372787407,37.07575290587234,14,False
NUDT16,4_minus_3,4.0,0.0008544921875,0.008240582191780822,True,0.42803365749268596,35.51072355751945,14,False
CC2D1A,4_minus_3,4.0,0.0008544921875,0.008240582191780822,True,0.5232168437780604,36.62792976379036,14,False
CDCP1,4_minus_3,4.0,0.0008544921875,0.008240582191780822,True,0.4549356394901039,2.685757644995645,14,False
SUSD4,4_minus_3,4.0,0.0008544921875,0.008240582191780822,True,0.45976361316270087,2.7227587402107645,14,False
SORCS2,4_minus_3,4.0,0.0008544921875,0.008240582191780822,True,0.5309271021408632,3.223582740867093,14,False
PPL,4_minus_3,4.0,0.0008544921875,0.008240582191780822,True,0.4884912145091408,38.18676690763368,14,False
LGALS3BP,4_minus_3,4.0,0.0008544921875,0.008240582191780822,True,0.3602754104758841,2.9742311753610586,14,False
CD74,4_minus_3,4.0,0.0008544921875,0.008240582191780822,True,0.2812546833229247,37.395647102145006,14,False
STAT5B,4_minus_3,4.0,0.0008544921875,0.008240582191780822,True,1.0284384210305746,37.42647197705858,14,False
CA6,4_minus_3,4.0,0.0008544921875,0.008240582191780822,True,0.43849416644786726,1.648583752818488,14,False
ST3GAL1,4_minus_3,4.0,0.0008544921875,0.008240582191780822,True,0.36650418628954506,3.4564834734062297,14,False
FAS,4_minus_3,4.0,0.0008544921875,0.008240582191780822,True,0.24159057268946774,2.2553379794369928,14,False
INPPL1,4_minus_3,4.0,0.0008544921875,0.008240582191780822,True,0.775821031846516,37.46724543920662,14,False
HSDL2,4_minus_3,4.0,0.0008544921875,0.008240582191780822,False,0.26736796062817536,0.0,14,False
MATN2,4_minus_3,4.0,0.0008544921875,0.008240582191780822,True,0.1575377384713761,34.415352697788194,14,False
CD84,4_minus_3,4.0,0.0008544921875,0.008240582191780822,True,0.2802573626690435,37.29367354911514,14,False
CRIP2,4_minus_3,4.0,0.0008544921875,0.008240582191780822,True,0.533764121313713,38.49119097283925,14,False
PRL,4_minus_3,4.0,0.0008544921875,0.008240582191780822,True,0.21090905865739834,1.895360988869927,14,False
AGRP,4_minus_3,4.0,0.0008544921875,0.008240582191780822,True,0.33875439158969267,37.49391367824428,14,False
GP6,4_minus_3,4.0,0.0008544921875,0.008240582191780822,True,0.46073777033993635,37.34651257968883,14,False
CLSTN3,4_minus_3,4.0,0.0008544921875,0.008240582191780822,True,0.2505519050433451,37.1096867135611,14,False
DKK1,4_minus_3,4.0,0.0008544921875,0.008240582191780822,True,0.393051014309977,37.44466021516235,14,False
SEMA3F,4_minus_3,4.0,0.0008544921875,0.008240582191780822,True,0.2869653258911984,3.5369966923606175,14,False
SF3B4,4_minus_3,4.0,0.0008544921875,0.008240582191780822,True,0.42817188969035813,36.21334281156297,14,False
OBP2B,4_minus_3,5.0,0.001220703125,0.010200296735905045,True,0.5485184367007864,1.544709823347882,14,False
DNMBP,4_minus_3,5.0,0.001220703125,0.010200296735905045,True,0.5327214224104975,37.61434373116626,14,False
SHISA5,4_minus_3,5.0,0.001220703125,0.010200296735905045,True,0.2976546110595108,37.71483304957966,14,False
LILRA2,4_minus_3,5.0,0.001220703125,0.010200296735905045,True,0.1865640736888421,36.22469117331585,14,False
IGSF9,4_minus_3,5.0,0.001220703125,0.010200296735905045,True,0.5926455102788459,38.411434547298974,14,False
HSD11B1,4_minus_3,5.0,0.001220703125,0.010200296735905045,True,0.22401341126787455,37.2128125476482,14,False
EPHA1,4_minus_3,5.0,0.001220703125,0.010200296735905045,True,0.22681230738985447,2.1136703182600596,14,False
PPIB,4_minus_3,5.0,0.001220703125,0.010200296735905045,True,0.813284345109965,38.64249326812176,14,False
MICB_MICA,4_minus_3,5.0,0.001220703125,0.010200296735905045,True,0.42388481669942024,38.31147469120121,14,False
NT5E,4_minus_3,5.0,0.001220703125,0.010200296735905045,True,0.2101679805835671,3.4826082835713104,14,False
FGA,4_minus_3,5.0,0.001220703125,0.010200296735905045,True,0.2767202547071542,37.44604008385798,14,False
MDK,4_minus_3,5.0,0.001220703125,0.010200296735905045,True,0.4744598076727189,37.97738743024297,14,False
APEX1,4_minus_3,5.0,0.001220703125,0.010200296735905045,False,0.2891097076379252,0.0,14,False
RELT,4_minus_3,5.0,0.001220703125,0.010200296735905045,True,0.27404810241268895,37.05899456356715,14,False
GFER,4_minus_3,5.0,0.001220703125,0.010200296735905045,True,0.4293980071244798,37.708284827183014,14,False
PON2,4_minus_3,5.0,0.001220703125,0.010200296735905045,True,0.23774505906738902,36.79249905627525,14,False
TXNDC15,4_minus_3,5.0,0.001220703125,0.010200296735905045,True,0.2655943975265307,2.5070295164445335,14,False
CCN3,4_minus_3,5.0,0.001220703125,0.010200296735905045,True,0.3320968255644995,36.47049045886324,14,False
CKB,4_minus_3,5.0,0.001220703125,0.010200296735905045,True,0.37241103699054035,37.455036176498325,14,False
IFNGR2,4_minus_3,5.0,0.001220703125,0.010200296735905045,True,0.2216957750841339,36.961433660699015,14,False
FGL1,4_minus_3,5.0,0.001220703125,0.010200296735905045,True,0.2660554658773647,37.39460804004381,14,False
IGFBP3,4_minus_3,5.0,0.001220703125,0.010200296735905045,True,0.1402318805558924,35.67601211923531,14,False
NPDC1,4_minus_3,5.0,0.001220703125,0.010200296735905045,True,0.29555820781632636,36.944398419644706,14,False
NADK,4_minus_3,5.0,0.001220703125,0.010200296735905045,False,0.26947966319530225,0.0,14,False
SCARA5,4_minus_3,5.0,0.001220703125,0.010200296735905045,True,0.2774757491775707,35.272753189515264,14,False
SPINK1,4_minus_3,5.0,0.001220703125,0.010200296735905045,True,0.25128736246858413,3.7698264042508356,14,False
QPCT,4_minus_3,5.0,0.001220703125,0.010200296735905045,True,0.1767857778899015,35.81900688426052,14,False
SNCG,4_minus_3,5.0,0.001220703125,0.010200296735905045,True,0.39869418676565316,37.44281606825284,14,False
ANXA3,4_minus_3,5.0,0.001220703125,0.010200296735905045,True,0.5085460346730382,34.602244125836464,14,False
TFPI,4_minus_3,5.0,0.001220703125,0.010200296735905045,True,0.2662165684668547,37.2199588858869,14,False
IL18BP,4_minus_3,5.0,0.001220703125,0.010200296735905045,True,0.17939907621523338,1.1293426539782045,14,False
PRCP,4_minus_3,5.0,0.001220703125,0.010200296735905045,True,0.14551660026584057,1.1795896387678655,14,False
ANG,4_minus_3,5.0,0.001220703125,0.010200296735905045,True,0.3183123159372301,4.358258468328744,14,False
IL19,4_minus_3,5.0,0.001220703125,0.010200296735905045,True,0.3216028219507176,37.700819160233,14,False
SMTN,4_minus_3,5.0,0.001220703125,0.010200296735905045,True,0.5972120658108803,37.32534444623592,14,False
LAIR1,4_minus_3,5.0,0.001220703125,0.010200296735905045,True,0.18253249093265864,35.180003339301045,14,False
SKAP2,4_minus_3,5.0,0.001220703125,0.010200296735905045,True,1.0814624733811005,38.913225301665854,14,False
ADAMTSL2,4_minus_3,5.0,0.001220703125,0.010200296735905045,True,0.4117942691200506,7.468647757920757,14,False
AMIGO2,4_minus_3,5.0,0.001220703125,0.010200296735905045,True,0.2189083650156614,36.615898845311094,14,False
CPPED1,4_minus_3,5.0,0.001220703125,0.010200296735905045,True,0.38257073498937944,35.506577759632904,14,False
PRAP1,4_minus_3,5.0,0.001220703125,0.010200296735905045,True,0.2704956925000129,2.723875153003422,14,False
VAMP8,4_minus_3,5.0,0.001220703125,0.010200296735905045,True,0.5506134389561268,37.428701656511954,14,False
CDKN1A,4_minus_3,5.0,0.001220703125,0.010200296735905045,True,0.7611803117991449,38.41674675861215,14,False
C4BPB,4_minus_3,5.0,0.001220703125,0.010200296735905045,True,0.31095074108547743,2.4136864140950256,14,False
ELN,4_minus_3,5.0,0.001220703125,0.010200296735905045,True,0.6795056531889234,4.207610527813437,14,False
FAM171B,4_minus_3,2.0,0.0015191855658097234,0.01265688329384669,True,0.5772028285458164,1.9332855679223775,14,False
DHPS,4_minus_3,6.0,0.001708984375,0.01273148148148148,True,0.7587045152102161,3.5658875034574593,14,False
CORO1A,4_minus_3,6.0,0.001708984375,0.01273148148148148,False,0.44981167684779977,0.0,14,False
S100A11,4_minus_3,6.0,0.001708984375,0.01273148148148148,True,0.2745219337543386,36.85493365263302,14,False
NAGA,4_minus_3,6.0,0.001708984375,0.01273148148148148,True,0.4334330673052782,4.3220447751075355,14,False
NHLRC3,4_minus_3,6.0,0.001708984375,0.01273148148148148,True,0.22091023232925205,5.188709093923675,14,False
RSPO1,4_minus_3,6.0,0.001708984375,0.01273148148148148,True,0.4393566291709911,37.270678675061845,14,False
HAVCR1,4_minus_3,6.0,0.001708984375,0.01273148148148148,True,0.23280370785324286,1.9438317727376846,14,False
SLC27A4,4_minus_3,6.0,0.001708984375,0.01273148148148148,True,0.37585503783938357,32.909126929247215,14,False
CLPP,4_minus_3,6.0,0.001708984375,0.01273148148148148,True,0.5055212379286169,37.45737581638648,14,False
CHCHD10,4_minus_3,6.0,0.001708984375,0.01273148148148148,True,0.4391108191347757,3.924287314341511,14,False
FGFBP1,4_minus_3,6.0,0.001708984375,0.01273148148148148,True,-0.4657438355273402,-2.8013917430627457,14,False
CD4,4_minus_3,6.0,0.001708984375,0.01273148148148148,True,0.21670350240569752,36.979702348915076,14,False
CCL7,4_minus_3,6.0,0.001708984375,0.01273148148148148,True,0.6251304434396073,37.3937607379297,14,False
CCN2,4_minus_3,6.0,0.001708984375,0.01273148148148148,True,0.5081193950973232,38.01052862583655,14,False
SKAP1,4_minus_3,6.0,0.001708984375,0.01273148148148148,False,0.3224055863096478,0.0,14,False
PRDX5,4_minus_3,6.0,0.001708984375,0.01273148148148148,False,0.5221875477151299,0.0,14,False
SPP1,4_minus_3,6.0,0.001708984375,0.01273148148148148,True,0.5802968570049506,38.48355310612205,14,False
GPI,4_minus_3,6.0,0.001708984375,0.01273148148148148,True,0.505974300813252,37.5030564662236,14,False
EEF1D,4_minus_3,6.0,0.001708984375,0.01273148148148148,True,0.8013878327572932,38.32510693507942,14,False
CES3,4_minus_3,6.0,0.001708984375,0.01273148148148148,True,0.3819553184722768,37.687097930813515,14,False
GALNT10,4_minus_3,6.0,0.001708984375,0.01273148148148148,True,0.2555269128648102,3.2514713212365143,14,False
GM2A,4_minus_3,6.0,0.001708984375,0.01273148148148148,True,0.33163275429477634,2.887521701798676,14,False
EGFR,4_minus_3,6.0,0.001708984375,0.01273148148148148,True,0.18677312301339136,36.75227361189879,14,False
FYB1,4_minus_3,6.0,0.001708984375,0.01273148148148148,True,0.9293607206585354,38.21453959226192,14,False
GET3,4_minus_3,6.0,0.001708984375,0.01273148148148148,True,0.3771645370905582,37.02129836766243,14,False
SCRG1,4_minus_3,6.0,0.001708984375,0.01273148148148148,True,0.4350627350630717,38.24094675307529,14,False
SDC4,4_minus_3,6.0,0.001708984375,0.01273148148148148,True,0.700514242351172,36.29436437766306,14,False
CD7,4_minus_3,6.0,0.001708984375,0.01273148148148148,True,0.21524871109430244,35.55639977638107,14,False
CDHR5,4_minus_3,6.0,0.001708984375,0.01273148148148148,True,0.27357138343281395,6.796013900351917,14,False
TYMP,4_minus_3,6.0,0.001708984375,0.01273148148148148,True,0.5569753515411988,37.560766908066746,14,False
TNFRSF10A,4_minus_3,6.0,0.001708984375,0.01273148148148148,True,0.29228733590962236,37.32375019733423,14,False
TMSB10,4_minus_3,6.0,0.001708984375,0.01273148148148148,True,0.7846554233997961,38.02016504085888,14,False
KIRREL1,4_minus_3,6.0,0.001708984375,0.01273148148148148,True,0.3468731887048633,37.39586517902431,14,False
ADGRF5,4_minus_3,6.0,0.001708984375,0.01273148148148148,True,0.3366875312868687,37.812630856063564,14,False
MYOM3,4_minus_3,6.0,0.001708984375,0.01273148148148148,True,0.5417978520563675,3.5817382095805352,14,False
ACOX1,4_minus_3,6.0,0.001708984375,0.01273148148148148,True,0.6158091833103542,38.254136500650745,14,False
YES1,4_minus_3,6.0,0.001708984375,0.01273148148148148,True,0.6654225753777088,38.06333589309719,14,False
TIMP1,4_minus_3,6.0,0.001708984375,0.01273148148148148,True,0.31247415575191345,37.08526415789456,14,False
ISM1,4_minus_3,6.0,0.001708984375,0.01273148148148148,True,0.3614827525456514,2.0834853084515053,14,False
JPT2,4_minus_3,6.0,0.001708984375,0.01273148148148148,True,0.7920844068561445,37.88411419799007,14,False
EFNA4,4_minus_3,7.0,0.0023193359375,0.015188953488372093,True,0.5308405848565367,38.58951452820538,14,False
KRT6C,4_minus_3,7.0,0.0023193359375,0.015188953488372093,True,-0.4630653349259886,-36.012725260346286,14,False
EGFLAM,4_minus_3,7.0,0.0023193359375,0.015188953488372093,True,0.32876708630723805,37.792419636215286,14,False
HPCAL1,4_minus_3,7.0,0.0023193359375,0.015188953488372093,True,0.75968553423365,37.69265053928038,14,False
BCR,4_minus_3,7.0,0.0023193359375,0.015188953488372093,True,0.7100396500623616,37.52700897784136,14,False
SMPDL3A,4_minus_3,7.0,0.0023193359375,0.015188953488372093,True,0.3944313088489479,38.13731584954158,14,False
TMEM106A,4_minus_3,7.0,0.0023193359375,0.015188953488372093,True,0.6150197668826065,37.84796571858979,14,False
SPART,4_minus_3,7.0,0.0023193359375,0.015188953488372093,True,0.5006600869169888,36.64740892559934,14,False
KYAT1,4_minus_3,7.0,0.0023193359375,0.015188953488372093,True,0.3621364189572183,34.388046001911235,14,False
MANF,4_minus_3,7.0,0.0023193359375,0.015188953488372093,True,1.3216067970557779,39.40893788913162,14,False
RGMB,4_minus_3,7.0,0.0023193359375,0.015188953488372093,True,0.1508396370130865,36.532254846423264,14,False
HSBP1,4_minus_3,7.0,0.0023193359375,0.015188953488372093,True,0.46291274648461045,37.166110272148885,14,False
FGF23,4_minus_3,7.0,0.0023193359375,0.015188953488372093,True,0.7154847186166992,2.5538884163339017,14,False
CTBS,4_minus_3,7.0,0.0023193359375,0.015188953488372093,True,0.25198780115740993,2.1707358890260675,14,False
TMPRSS11D,4_minus_3,7.0,0.0023193359375,0.015188953488372093,True,0.3362219235334522,37.496205372030765,14,False
DCTN2,4_minus_3,7.0,0.0023193359375,0.015188953488372093,True,0.4062537820437727,35.11530701637247,14,False
MAMDC4,4_minus_3,7.0,0.0023193359375,0.015188953488372093,True,0.2575576164322001,1.7593884500414192,14,False
CLEC1B,4_minus_3,7.0,0.0023193359375,0.015188953488372093,True,0.8585149553346682,38.929552529154805,14,False
UMOD,4_minus_3,7.0,0.0023193359375,0.015188953488372093,False,-0.14344475318497968,0.0,14,False
CMC1,4_minus_3,7.0,0.0023193359375,0.015188953488372093,True,0.2822725910364632,36.18145008096472,14,False
DLL1,4_minus_3,7.0,0.0023193359375,0.015188953488372093,True,0.17363940581100618,4.506693079550084,14,False
CD8A,4_minus_3,7.0,0.0023193359375,0.015188953488372093,False,-0.2724745439606469,0.0,14,False
PCSK9,4_minus_3,7.0,0.0023193359375,0.015188953488372093,True,0.42270026479190104,6.461785813183103,14,False
MFAP5,4_minus_3,7.0,0.0023193359375,0.015188953488372093,True,0.3612310066443245,38.0207368922515,14,False
MPIG6B,4_minus_3,7.0,0.0023193359375,0.015188953488372093,True,1.1212182073457855,39.00255135193732,14,False
ADGRE2,4_minus_3,7.0,0.0023193359375,0.015188953488372093,True,0.4122085576786474,3.3232131681258643,14,False
ENDOU,4_minus_3,0.0,0.00221772146423705,0.015188953488372093,True,0.7932470948395582,1.7982572357138207,14,False
MZB1,4_minus_3,7.0,0.0023193359375,0.015188953488372093,True,0.2672543514070843,37.13555924675298,14,False
ZP3,4_minus_3,7.0,0.0023193359375,0.015188953488372093,True,0.3030237645025054,2.45076920762811,14,False
IMPA1,4_minus_3,7.0,0.0023193359375,0.015188953488372093,True,0.5719073284056921,37.76888498046342,14,False
TOP2B,4_minus_3,7.0,0.0023193359375,0.015188953488372093,True,0.38026801840394836,35.31599781341673,14,False
EVI5,4_minus_3,7.0,0.0023193359375,0.015188953488372093,True,0.5018254296639441,36.806151802401345,14,False
ERVV-1,4_minus_3,7.0,0.0023193359375,0.015188953488372093,True,0.29893587961699813,1.2623669349553033,14,False
IFNGR1,4_minus_3,7.0,0.0023193359375,0.015188953488372093,True,0.22546474496293767,3.0087055940288123,14,False
ATP5IF1,4_minus_3,7.0,0.0023193359375,0.015188953488372093,True,0.7625609459438224,36.60404265773665,14,False
CPA1,4_minus_3,7.0,0.0023193359375,0.015188953488372093,True,0.24209331951281476,37.224959461284335,14,False
HDGF,4_minus_3,7.0,0.0023193359375,0.015188953488372093,False,0.47438828876632155,0.0,14,False
MARS1,4_minus_3,7.0,0.0023193359375,0.015188953488372093,True,0.4391990045444961,36.971776764415665,14,False
SCAMP3,4_minus_3,7.0,0.0023193359375,0.015188953488372093,True,0.7114566671920561,37.96358287644334,14,False
IFI30,4_minus_3,7.0,0.0023193359375,0.015188953488372093,True,0.22617402045687124,2.6923720750029023,14,False
PPP1CC,4_minus_3,7.0,0.0023193359375,0.015188953488372093,True,0.30173195036591716,35.10512896025366,14,False
SAMD9L,4_minus_3,7.0,0.0023193359375,0.015188953488372093,True,0.7096839091055555,37.4575678112498,14,False
NUMB,4_minus_3,7.0,0.0023193359375,0.015188953488372093,True,0.5402339213495884,36.93763634215574,14,False
PPP3R1,4_minus_3,7.0,0.0023193359375,0.015188953488372093,False,0.20902681314763277,0.0,14,False
ENPP2,4_minus_3,7.0,0.0023193359375,0.015188953488372093,True,0.3608496460015054,1.8177226176255392,14,False
ENPP6,4_minus_3,7.0,0.0023193359375,0.015188953488372093,False,-0.13258362910560437,0.0,14,False
ARF6,4_minus_3,7.0,0.0023193359375,0.015188953488372093,True,0.7734169715230033,36.313804271621535,14,False
NUCB2,4_minus_3,7.0,0.0023193359375,0.015188953488372093,True,0.3914875912665436,37.756255499488894,14,False
SELP,4_minus_3,7.0,0.0023193359375,0.015188953488372093,True,0.5211836885147053,38.04842164593978,14,False
PPP1R2,4_minus_3,7.0,0.0023193359375,0.015188953488372093,True,0.46689553867724376,36.49583945297922,14,False
IDO1,4_minus_3,7.0,0.0023193359375,0.015188953488372093,True,0.20433406154337314,35.31321319832954,14,False
FAM3C,4_minus_3,7.0,0.0023193359375,0.015188953488372093,True,0.2933082581237537,36.56983624695115,14,False
SNAP29,4_minus_3,8.0,0.0030517578125,0.01840203426124197,True,0.7117838283866297,37.858684229178145,14,False
TNFSF14,4_minus_3,8.0,0.0030517578125,0.01840203426124197,True,0.344207987753062,33.91693390811648,14,False
PTPN1,4_minus_3,8.0,0.0030517578125,0.01840203426124197,True,0.7993200242502871,38.507126340769744,14,False
NFU1,4_minus_3,8.0,0.0030517578125,0.01840203426124197,True,0.7862425080858625,38.187691309627226,14,False
CD99L2,4_minus_3,8.0,0.0030517578125,0.01840203426124197,True,0.22527181580241612,36.81102550016081,14,False
SEMA4D,4_minus_3,8.0,0.0030517578125,0.01840203426124197,True,0.1679919936784558,35.04541752187063,14,False
SCARB2,4_minus_3,8.0,0.0030517578125,0.01840203426124197,True,0.3458041764641695,37.75980376340888,14,False
GIGYF2,4_minus_3,8.0,0.0030517578125,0.01840203426124197,True,0.6029887944384187,38.317504647821046,14,False
DECR1,4_minus_3,8.0,0.0030517578125,0.01840203426124197,True,0.9615041664122332,38.71066314078376,14,False
DAB2,4_minus_3,8.0,0.0030517578125,0.01840203426124197,True,0.7094723715622355,38.1591028636198,14,False
MIA,4_minus_3,8.0,0.0030517578125,0.01840203426124197,True,0.28279304439070607,2.4658958596463725,14,False
SNX2,4_minus_3,8.0,0.0030517578125,0.01840203426124197,True,0.5788579235896851,35.786913599936696,14,False
SH3BP1,4_minus_3,8.0,0.0030517578125,0.01840203426124197,True,0.4023847722951608,36.82066584828952,14,False
HLA-DRA,4_minus_3,8.0,0.0030517578125,0.01840203426124197,True,0.2463916854868371,35.99552066131264,14,False
CHAD,4_minus_3,8.0,0.0030517578125,0.01840203426124197,True,0.31073921254435166,31.78776181469424,14,False
TNFRSF6B,4_minus_3,8.0,0.0030517578125,0.01840203426124197,True,0.27410646321566134,37.33197961874061,14,False
NUDC,4_minus_3,8.0,0.0030517578125,0.01840203426124197,True,0.6251689528471216,37.560059321302205,14,False
KLK12,4_minus_3,8.0,0.0030517578125,0.01840203426124197,True,0.46901143079908064,36.060012704063666,14,False
CALCOCO2,4_minus_3,8.0,0.0030517578125,0.01840203426124197,True,0.5699225811345301,37.46576830963308,14,False
EIF4G1,4_minus_3,8.0,0.0030517578125,0.01840203426124197,True,1.110645885201659,38.8580465550681,14,False
PRKAR1A,4_minus_3,8.0,0.0030517578125,0.01840203426124197,True,0.6248407067359355,36.61023473942716,14,False
ADGRE5,4_minus_3,8.0,0.0030517578125,0.01840203426124197,True,0.2914036991846374,3.242284349396857,14,False
BIN2,4_minus_3,8.0,0.0030517578125,0.01840203426124197,True,1.1006854750673807,39.680652505541495,14,False
L3HYPDH,4_minus_3,8.0,0.0030517578125,0.01840203426124197,True,0.4425093995184623,35.01241121727542,14,False
PLEKHO1,4_minus_3,8.0,0.0030517578125,0.01840203426124197,True,0.625509222173305,38.31210172508287,14,False
PPP1R9B,4_minus_3,8.0,0.0030517578125,0.01840203426124197,True,0.7455184849801514,38.04404951412232,14,False
EPHB6,4_minus_3,8.0,0.0030517578125,0.01840203426124197,True,0.3274203859093754,2.1158823165450675,14,False
PPP1R12A,4_minus_3,8.0,0.0030517578125,0.01840203426124197,True,0.30068858322650505,35.495534310525,14,False
TNFRSF11B,4_minus_3,8.0,0.0030517578125,0.01840203426124197,True,0.43693088949358155,2.5145422327402986,14,False
FAM172A,4_minus_3,8.0,0.0030517578125,0.01840203426124197,True,0.37707132219393524,35.76014312605776,14,False
CCL28,4_minus_3,8.0,0.0030517578125,0.01840203426124197,True,0.8456487035595754,2.838222139957888,14,False
LGALS1,4_minus_3,8.0,0.0030517578125,0.01840203426124197,True,0.30926667220118276,36.110896491585336,14,False
AAMDC,4_minus_3,8.0,0.0030517578125,0.01840203426124197,True,0.189937275861049,32.2368046362991,14,False
EDA2R,4_minus_3,8.0,0.0030517578125,0.01840203426124197,True,0.3163440089383191,36.92407479230836,14,False
CIAPIN1,4_minus_3,8.0,0.0030517578125,0.01840203426124197,True,0.4639118505338165,35.38700745978997,14,False
COL3A1,4_minus_3,8.0,0.0030517578125,0.01840203426124197,True,0.21509533045190166,37.21697219007391,14,False
VMO1,4_minus_3,8.0,0.0030517578125,0.01840203426124197,True,0.2818084321857483,1.6608713400696384,14,False
TBCC,4_minus_3,9.0,0.0040283203125,0.02173132183908046,True,0.7008757992366885,38.06778274697401,14,False
THOP1,4_minus_3,9.0,0.0040283203125,0.02173132183908046,True,0.253962104462591,35.784319818874636,14,False
SLC16A1,4_minus_3,9.0,0.0040283203125,0.02173132183908046,True,0.29116264808985687,36.249192950095534,14,False
CCL16,4_minus_3,9.0,0.0040283203125,0.02173132183908046,True,0.18962030789750167,1.692695115456389,14,False
SERPINA1,4_minus_3,9.0,0.0040283203125,0.02173132183908046,True,0.19119524678447786,36.9834984658993,14,False
TNFRSF10B,4_minus_3,9.0,0.0040283203125,0.02173132183908046,True,0.37787029897745117,38.05954642945842,14,False
CRKL,4_minus_3,9.0,0.0040283203125,0.02173132183908046,True,0.8460227227718751,38.469235259942664,14,False
GLB1,4_minus_3,9.0,0.0040283203125,0.02173132183908046,True,0.3598953245097555,37.753357731141136,14,False
EPHB4,4_minus_3,9.0,0.0040283203125,0.02173132183908046,True,0.20342061957433927,1.7535739194214035,14,False
BTN1A1,4_minus_3,9.0,0.0040283203125,0.02173132183908046,True,0.32583016595039727,0.7883915428049871,14,False
MGMT,4_minus_3,9.0,0.0040283203125,0.02173132183908046,True,1.2565142767871815,39.043490469535186,14,False
PDGFRA,4_minus_3,9.0,0.0040283203125,0.02173132183908046,True,0.27541336534451066,37.342784031905964,14,False
FBLN2,4_minus_3,9.0,0.0040283203125,0.02173132183908046,True,0.19637856349010308,35.589565464200845,14,False
ASGR1,4_minus_3,9.0,0.0040283203125,0.02173132183908046,True,0.3455761534195921,37.919597856267586,14,False
BRSK2,4_minus_3,9.0,0.0040283203125,0.02173132183908046,True,0.4154509471731728,37.98072467647664,14,False
IGFBP6,4_minus_3,9.0,0.0040283203125,0.02173132183908046,True,0.17777999924012,36.84707875504694,14,False
SOST,4_minus_3,9.0,0.0040283203125,0.02173132183908046,False,0.10875742765762689,0.0,14,False
MMP7,4_minus_3,9.0,0.0040283203125,0.02173132183908046,True,0.14120327471283972,36.54126524023806,14,False
BRDT,4_minus_3,9.0,0.0040283203125,0.02173132183908046,True,0.5373963453052429,38.119826789139324,14,False
PDCD6,4_minus_3,9.0,0.0040283203125,0.02173132183908046,False,0.19034881882514615,0.0,14,False
PPCDC,4_minus_3,9.0,0.0040283203125,0.02173132183908046,False,0.19667180047150312,0.0,14,False
PTPN6,4_minus_3,9.0,0.0040283203125,0.02173132183908046,True,1.0610321176672612,38.15345870002104,14,False
ACADSB,4_minus_3,9.0,0.0040283203125,0.02173132183908046,True,1.0374576417021966,38.75978316854825,14,False
VASP,4_minus_3,9.0,0.0040283203125,0.02173132183908046,True,0.32324438504750896,35.99052213418866,14,False
PDCD1LG2,4_minus_3,9.0,0.0040283203125,0.02173132183908046,True,0.2700465424312265,1.485682803783135,14,False
TNFSF13,4_minus_3,9.0,0.0040283203125,0.02173132183908046,True,0.26508687838431866,36.845122294302826,14,False
MAVS,4_minus_3,9.0,0.0040283203125,0.02173132183908046,True,0.8445446101117533,38.66955960772133,14,False
PPP2R5A,4_minus_3,9.0,0.0040283203125,0.02173132183908046,False,0.5472756725248049,0.0,14,False
LAMP2,4_minus_3,9.0,0.0040283203125,0.02173132183908046,True,0.10593992518436199,31.34302239070851,14,False
RWDD1,4_minus_3,9.0,0.0040283203125,0.02173132183908046,True,0.49898289755127245,36.07608333626277,14,False
NPTX1,4_minus_3,9.0,0.0040283203125,0.02173132183908046,True,0.2524020335010663,35.56248787204886,14,False
GAPDH,4_minus_3,9.0,0.0040283203125,0.02173132183908046,True,0.4860196363382237,35.70911313882078,14,False
UBE2L6,4_minus_3,9.0,0.0040283203125,0.02173132183908046,True,0.41497305815772934,36.68926521363315,14,False
PFKFB2,4_minus_3,9.0,0.0040283203125,0.02173132183908046,True,0.519033637240246,33.28820497280233,14,False
EBAG9,4_minus_3,9.0,0.0040283203125,0.02173132183908046,True,0.6951272643514904,37.48186082827591,14,False
CNP,4_minus_3,9.0,0.0040283203125,0.02173132183908046,True,0.6880202149585847,35.56845752149206,14,False
AGRN,4_minus_3,9.0,0.0040283203125,0.02173132183908046,True,0.09124089572647265,35.4585422467733,14,False
ECHS1,4_minus_3,9.0,0.0040283203125,0.02173132183908046,False,0.5582463683709155,0.0,14,False
SPOCK1,4_minus_3,9.0,0.0040283203125,0.02173132183908046,True,0.45793665516751214,37.74932320570935,14,False
SERPINA11,4_minus_3,9.0,0.0040283203125,0.02173132183908046,True,0.0912066808839489,1.5851858746185277,14,False
VPS4B,4_minus_3,9.0,0.0040283203125,0.02173132183908046,True,0.6421615651341228,34.79791678285965,14,False
TXNRD1,4_minus_3,9.0,0.0040283203125,0.02173132183908046,True,0.40866386976873076,36.813148631983005,14,False
FGD3,4_minus_3,9.0,0.0040283203125,0.02173132183908046,False,0.5492703901888598,0.0,14,False
AFM,4_minus_3,9.0,0.0040283203125,0.02173132183908046,True,0.2294100845106251,2.2205924654056357,14,False
LZTFL1,4_minus_3,9.0,0.0040283203125,0.02173132183908046,False,0.2277885877103431,0.0,14,False
CWC15,4_minus_3,9.0,0.0040283203125,0.02173132183908046,True,0.1867154353972268,36.21238217369221,14,False
MSR1,4_minus_3,9.0,0.0040283203125,0.02173132183908046,True,0.4591816781622947,38.36351034733866,14,False
DTX3,4_minus_3,9.0,0.0040283203125,0.02173132183908046,True,0.28078885790431335,35.74245594582837,14,False
RTN4IP1,4_minus_3,9.0,0.0040283203125,0.02173132183908046,True,0.607095030552724,37.584766929079116,14,False
HEG1,4_minus_3,9.0,0.0040283203125,0.02173132183908046,True,0.20686201574527446,36.97604500985726,14,False
NCR1,4_minus_3,9.0,0.0040283203125,0.02173132183908046,True,0.1581201447834668,2.34880003960726,14,False
HS1BP3,4_minus_3,9.0,0.0040283203125,0.02173132183908046,False,0.21010680537821608,0.0,14,False
PTX3,4_minus_3,9.0,0.0040283203125,0.02173132183908046,True,0.34140752746005687,37.656374844529076,14,False
CEACAM1,4_minus_3,9.0,0.0040283203125,0.02173132183908046,True,0.16399212455786621,1.9901899026383902,14,False
HEXIM1,4_minus_3,9.0,0.0040283203125,0.02173132183908046,True,0.8255643195985078,38.341839020823336,14,False
VPS28,4_minus_3,5.0,0.004649433819808541,0.02503404519422725,True,0.4856007825548611,37.18413793834577,14,False
CLEC6A,4_minus_3,10.0,0.0052490234375,0.026207890070921985,True,0.32826485896531676,37.081344825632556,14,False
METAP1D,4_minus_3,10.0,0.0052490234375,0.026207890070921985,True,0.5493833199548992,37.00697394603981,14,False
BAP18,4_minus_3,10.0,0.0052490234375,0.026207890070921985,True,0.3642400599614512,36.362149098542105,14,False
ULBP2,4_minus_3,10.0,0.0052490234375,0.026207890070921985,True,0.25399738313711334,1.982914852688366,14,False
AZI2,4_minus_3,10.0,0.0052490234375,0.026207890070921985,True,0.5296834381631372,38.057637960378095,14,False
LAT,4_minus_3,10.0,0.0052490234375,0.026207890070921985,True,0.8374697769870227,37.7559387435577,14,False
FAM3B,4_minus_3,10.0,0.0052490234375,0.026207890070921985,True,0.39225058762979287,37.992944256097424,14,False
WFDC1,4_minus_3,10.0,0.0052490234375,0.026207890070921985,True,0.3628962780755009,5.030531750345574,14,False
ELOA,4_minus_3,10.0,0.0052490234375,0.026207890070921985,True,0.22537122074869875,34.75381072368897,14,False
PKD2,4_minus_3,10.0,0.0052490234375,0.026207890070921985,True,0.4757561117445773,36.92286669616499,14,False
PHOSPHO1,4_minus_3,10.0,0.0052490234375,0.026207890070921985,True,0.06381063038002774,2.4601054803866464,14,False
PROK1,4_minus_3,10.0,0.0052490234375,0.026207890070921985,False,0.4085964995326492,0.0,14,False
PF4,4_minus_3,10.0,0.0052490234375,0.026207890070921985,True,0.7338253132025847,35.72897327168489,14,False
PDLIM7,4_minus_3,10.0,0.0052490234375,0.026207890070921985,True,0.9105167485376702,37.78994805902248,14,False
VCAN,4_minus_3,10.0,0.0052490234375,0.026207890070921985,True,0.35097109356289213,37.431814593958734,14,False
FLRT2,4_minus_3,10.0,0.0052490234375,0.026207890070921985,True,0.24599851107829954,37.160729210674674,14,False
SEL1L,4_minus_3,10.0,0.0052490234375,0.026207890070921985,True,0.32922553913096797,6.1090534184002685,14,False
LPO,4_minus_3,10.0,0.0052490234375,0.026207890070921985,True,0.39715076609673033,37.30451243215235,14,False
LYN,4_minus_3,10.0,0.0052490234375,0.026207890070921985,True,0.5838375397721028,37.08615824313686,14,False
DDHD2,4_minus_3,10.0,0.0052490234375,0.026207890070921985,True,0.4214816689034,36.070376494945734,14,False
REEP4,4_minus_3,10.0,0.0052490234375,0.026207890070921985,True,0.45799576704448963,37.094516715888226,14,False
PAEP,4_minus_3,10.0,0.0052490234375,0.026207890070921985,False,-0.3391500725552662,0.0,14,False
OTUD6B,4_minus_3,10.0,0.0052490234375,0.026207890070921985,True,0.41569554032223477,36.54829569926944,14,False
OSMR,4_minus_3,0.0,0.005062032126267864,0.026207890070921985,True,0.3840863982503956,9.671088730132091,14,False
DBNL,4_minus_3,10.0,0.0052490234375,0.026207890070921985,True,0.940297303941759,38.528548289220275,14,False
CTSO,4_minus_3,10.0,0.0052490234375,0.026207890070921985,True,0.2584824972138535,3.8712428267709322,14,False
APOC1,4_minus_3,10.0,0.0052490234375,0.026207890070921985,True,0.14835892497375072,3.93091791857055,14,False
CRNN,4_minus_3,10.0,0.0052490234375,0.026207890070921985,True,0.1788009007244955,1.710236820138156,14,False
GLRX5,4_minus_3,10.0,0.0052490234375,0.026207890070921985,True,0.5667440363889207,37.869318369418224,14,False
ALPI,4_minus_3,10.0,0.0052490234375,0.026207890070921985,True,0.43403421689079796,4.433974118114125,14,False
CLEC11A,4_minus_3,10.0,0.0052490234375,0.026207890070921985,True,0.36551170360537094,36.98387759223064,14,False
IGF1R,4_minus_3,10.0,0.0052490234375,0.026207890070921985,True,0.17322451993400625,35.8748980552371,14,False
CALCA,4_minus_3,10.0,0.0052490234375,0.026207890070921985,True,0.21348114198146914,36.24070241636984,14,False
CCN1,4_minus_3,10.0,0.0052490234375,0.026207890070921985,True,0.6363574707560768,38.74160152624224,14,False
HNRNPK,4_minus_3,10.0,0.0052490234375,0.026207890070921985,True,0.5238382404899099,30.811178741221354,14,False
CEP85,4_minus_3,10.0,0.0052490234375,0.026207890070921985,True,0.5923784019367181,37.71128323567014,14,False
CD300E,4_minus_3,10.0,0.0052490234375,0.026207890070921985,True,0.265802054544511,36.922600848944214,14,False
CD27,4_minus_3,10.0,0.0052490234375,0.026207890070921985,True,0.19667538957737124,3.930844924770003,14,False
CHMP6,4_minus_3,10.0,0.0052490234375,0.026207890070921985,True,0.3305202763046985,36.95264104930815,14,False
CETN3,4_minus_3,0.0,0.005062032126267864,0.026207890070921985,False,0.15777671201733173,0.0,14,False
SNX9,4_minus_3,10.0,0.0052490234375,0.026207890070921985,True,0.46387597569515127,36.3549664941706,14,False
CCND2,4_minus_3,6.0,0.0057715890441035304,0.02871518506748329,True,1.258810163108219,39.539051317449655,14,False
MRPL52,4_minus_3,6.0,0.0057715890441035304,0.02871518506748329,True,-0.2571493583055924,-33.800512180717085,14,False
DOK2,4_minus_3,11.0,0.0067138671875,0.03084216965742251,True,0.6942603263754105,37.6360674215841,14,False
TNIP1,4_minus_3,11.0,0.0067138671875,0.03084216965742251,True,0.5761551523987828,36.9734239392009,14,False
ADAM12,4_minus_3,11.0,0.0067138671875,0.03084216965742251,True,-0.1661711718725409,-36.08240574027916,14,False
CD14,4_minus_3,11.0,0.0067138671875,0.03084216965742251,True,0.2509145559421321,37.06300207027056,14,False
FLT1,4_minus_3,11.0,0.0067138671875,0.03084216965742251,False,0.1266650252666768,0.0,14,False
MESD,4_minus_3,11.0,0.0067138671875,0.03084216965742251,True,0.6728679505411097,37.85631266514865,14,False
SDCCAG8,4_minus_3,11.0,0.0067138671875,0.03084216965742251,True,0.98342999277933,39.038667747258046,14,False
ENPP7,4_minus_3,11.0,0.0067138671875,0.03084216965742251,True,0.22119543153721904,1.0711244935854032,14,False
THY1,4_minus_3,11.0,0.0067138671875,0.03084216965742251,True,0.226175661495646,36.59611275282629,14,False
WWP2,4_minus_3,11.0,0.0067138671875,0.03084216965742251,True,0.36836369804587826,36.586464975850596,14,False
SIGLEC1,4_minus_3,11.0,0.0067138671875,0.03084216965742251,True,0.13584202979219984,35.93461600663174,14,False
COMT,4_minus_3,11.0,0.0067138671875,0.03084216965742251,True,0.4520597513730363,34.731367424184654,14,False
COX5B,4_minus_3,11.0,0.0067138671875,0.03084216965742251,True,0.4505695124082152,37.20232185066161,14,False
LONP1,4_minus_3,11.0,0.0067138671875,0.03084216965742251,True,0.5494588876465377,36.64930267979403,14,False
MECR,4_minus_3,11.0,0.0067138671875,0.03084216965742251,True,0.5363575817831666,36.763974467831346,14,False
CGREF1,4_minus_3,11.0,0.0067138671875,0.03084216965742251,True,0.24082722076091512,36.25409912855152,14,False
FIS1,4_minus_3,11.0,0.0067138671875,0.03084216965742251,True,0.6358763377127825,37.783800339753704,14,False
GLYR1,4_minus_3,11.0,0.0067138671875,0.03084216965742251,True,0.19685594767053638,35.508161981759706,14,False
IRAG2,4_minus_3,11.0,0.0067138671875,0.03084216965742251,False,0.48408176509961465,0.0,14,False
SCARF2,4_minus_3,11.0,0.0067138671875,0.03084216965742251,True,0.1319819796764946,32.493861964902564,14,False
MOCS2,4_minus_3,11.0,0.0067138671875,0.03084216965742251,False,0.1996746935812641,0.0,14,False
EDF1,4_minus_3,11.0,0.0067138671875,0.03084216965742251,False,0.42933074677833083,0.0,14,False
EIF2AK2,4_minus_3,11.0,0.0067138671875,0.03084216965742251,True,0.8974966033741725,38.54497150019694,14,False
EFHD1,4_minus_3,11.0,0.0067138671875,0.03084216965742251,True,0.40941364705814376,37.75112915293018,14,False
ADM,4_minus_3,11.0,0.0067138671875,0.03084216965742251,True,0.15067767080631156,0.9749664590766692,14,False
ITGB1,4_minus_3,11.0,0.0067138671875,0.03084216965742251,False,0.10847052064353234,0.0,14,False
EGF,4_minus_3,11.0,0.0067138671875,0.03084216965742251,True,1.091428839225352,38.27657297982261,14,False
DPT,4_minus_3,11.0,0.0067138671875,0.03084216965742251,True,0.2627523167252807,36.865888790790066,14,False
CASP7,4_minus_3,11.0,0.0067138671875,0.03084216965742251,True,0.619223211563436,37.45678272168622,14,False
TRIM5,4_minus_3,11.0,0.0067138671875,0.03084216965742251,True,0.6700630787953148,38.45912974861001,14,False
HGFAC,4_minus_3,11.0,0.0067138671875,0.03084216965742251,False,-0.19322569472765627,0.0,14,False
RAB27B,4_minus_3,11.0,0.0067138671875,0.03084216965742251,True,1.0491817258596012,38.754442113359744,14,False
NELL2,4_minus_3,11.0,0.0067138671875,0.03084216965742251,True,0.24357244700497427,37.0796799198483,14,False
CTSB,4_minus_3,11.0,0.0067138671875,0.03084216965742251,True,0.21573314898657903,4.319524184531661,14,False
PAXX,4_minus_3,11.0,0.0067138671875,0.03084216965742251,False,0.14361427808123695,0.0,14,False
THBD,4_minus_3,11.0,0.0067138671875,0.03084216965742251,True,0.13942843520179393,36.1277929294804,14,False
SH2B3,4_minus_3,11.0,0.0067138671875,0.03084216965742251,True,0.9013141326724499,38.619964266299355,14,False
ERP29,4_minus_3,11.0,0.0067138671875,0.03084216965742251,True,0.5954657216667998,36.13085834742692,14,False
PLXNA4,4_minus_3,11.0,0.0067138671875,0.03084216965742251,True,0.6432182651344445,37.20739552622955,14,False
APCS,4_minus_3,11.0,0.0067138671875,0.03084216965742251,True,0.25821026260796076,37.059770121756635,14,False
RP2,4_minus_3,11.0,0.0067138671875,0.03084216965742251,True,0.31057759984142697,36.75792048386138,14,False
RHOC,4_minus_3,11.0,0.0067138671875,0.03084216965742251,True,0.9773214960481796,38.512185027795084,14,False
NMI,4_minus_3,11.0,0.0067138671875,0.03084216965742251,True,0.2964678599953113,35.89177487870857,14,False
SELPLG,4_minus_3,11.0,0.0067138671875,0.03084216965742251,True,0.19334928795768525,36.4443805359538,14,False
CHGA,4_minus_3,11.0,0.0067138671875,0.03084216965742251,True,0.3838483709250607,2.3737343400199338,14,False
GP1BA,4_minus_3,11.0,0.0067138671875,0.03084216965742251,True,0.2054699000655668,2.121231460768389,14,False
IL5RA,4_minus_3,11.0,0.0067138671875,0.03084216965742251,True,0.18355333295202275,5.133581478217789,14,False
TRIAP1,4_minus_3,1.0,0.0069104298078148,0.03159053626429623,False,0.15662983102635925,0.0,14,False
HSPB1,4_minus_3,1.0,0.0069104298078148,0.03159053626429623,False,0.4825454108187298,0.0,14,False
THBS2,4_minus_3,1.0,0.0069104298078148,0.03159053626429623,True,0.21586715989991384,29.32520076543036,14,False
MTUS1,4_minus_3,7.0,0.007132413699395203,0.03249980093446099,True,0.19611148032209064,36.11484774732774,14,False
SAT2,4_minus_3,7.0,0.007132413699395203,0.03249980093446099,True,0.6797924072652761,38.49789860468664,14,False
JAM2,4_minus_3,5.0,0.00764908205529392,0.03479776262957622,True,0.10823175833592912,35.38978209638721,14,False
SARG,4_minus_3,12.0,0.008544921875,0.03570103857566766,True,0.8106868505018331,38.148792203291606,14,False
IL18,4_minus_3,12.0,0.008544921875,0.03570103857566766,True,0.2641947783545826,37.28695692559309,14,False
NDUFS6,4_minus_3,12.0,0.008544921875,0.03570103857566766,False,0.3382843534264842,0.0,14,False
TAX1BP1,4_minus_3,12.0,0.008544921875,0.03570103857566766,True,0.32772219870635,36.19201585809162,14,False
PAPPA,4_minus_3,12.0,0.008544921875,0.03570103857566766,False,-0.33065502538716485,0.0,14,False
DFFA,4_minus_3,12.0,0.008544921875,0.03570103857566766,False,0.2965082341952642,0.0,14,False
RBP5,4_minus_3,12.0,0.008544921875,0.03570103857566766,True,0.445401091010048,37.281081679088906,14,False
VSIG4,4_minus_3,12.0,0.008544921875,0.03570103857566766,True,0.2877193001978422,2.3833100873639013,14,False
RBP7,4_minus_3,12.0,0.008544921875,0.03570103857566766,True,0.3226057768103931,36.18894263385794,14,False
IKBKG,4_minus_3,12.0,0.008544921875,0.03570103857566766,True,0.7903301508833807,37.41728127558034,14,False
MAN1A2,4_minus_3,12.0,0.008544921875,0.03570103857566766,True,0.422498708747582,1.4500208743178933,14,False
CD69,4_minus_3,12.0,0.008544921875,0.03570103857566766,True,0.7918201764873051,37.113799662702945,14,False
FUT3_FUT5,4_minus_3,12.0,0.008544921875,0.03570103857566766,True,0.2692268694415543,4.530953270005803,14,False
APOE,4_minus_3,12.0,0.008544921875,0.03570103857566766,True,0.13610802312870418,4.151813685165802,14,False
TF,4_minus_3,12.0,0.008544921875,0.03570103857566766,True,0.25097711117276866,1.752096530973855,14,False
SMOC1,4_minus_3,12.0,0.008544921875,0.03570103857566766,True,0.34169467036135026,37.80454855240888,14,False
LPL,4_minus_3,12.0,0.008544921875,0.03570103857566766,False,-0.169485897767491,0.0,14,False
PSME1,4_minus_3,12.0,0.008544921875,0.03570103857566766,True,0.36449852567459273,36.906895677224426,14,False
OGFR,4_minus_3,12.0,0.008544921875,0.03570103857566766,True,0.2778435223990542,36.42678873366222,14,False
RNF41,4_minus_3,12.0,0.008544921875,0.03570103857566766,True,0.5014553352960415,35.6772236800045,14,False
C1QTNF1,4_minus_3,12.0,0.008544921875,0.03570103857566766,True,0.4710963107469724,2.8415552408558873,14,False
OGA,4_minus_3,12.0,0.008544921875,0.03570103857566766,False,0.4519722723975046,0.0,14,False
PSAPL1,4_minus_3,12.0,0.008544921875,0.03570103857566766,True,0.22553931038547045,37.17401127280413,14,False
AMOT,4_minus_3,12.0,0.008544921875,0.03570103857566766,True,0.3067248637424451,37.749725118774876,14,False
KLK8,4_minus_3,12.0,0.008544921875,0.03570103857566766,True,0.18648203724140727,35.73567119849861,14,False
PTS,4_minus_3,12.0,0.008544921875,0.03570103857566766,True,0.4977874852180022,36.91353618188178,14,False
TSPAN8,4_minus_3,12.0,0.008544921875,0.03570103857566766,False,-0.46277519658261235,0.0,14,False
CXCL8,4_minus_3,12.0,0.008544921875,0.03570103857566766,True,0.22572831432396634,35.97083123793822,14,False
CYB5R2,4_minus_3,12.0,0.008544921875,0.03570103857566766,True,0.3322755845194203,36.573932826212584,14,False
GCNT1,4_minus_3,12.0,0.008544921875,0.03570103857566766,True,0.1594365782308926,2.6892219728304907,14,False
GALNT2,4_minus_3,12.0,0.008544921875,0.03570103857566766,True,0.2192731903772831,5.537995043542438,14,False
PALM2,4_minus_3,12.0,0.008544921875,0.03570103857566766,True,0.21279919831720562,34.13423715954554,14,False
LATS1,4_minus_3,12.0,0.008544921875,0.03570103857566766,True,0.6068841307230648,37.32191110051931,14,False
PRKAR2A,4_minus_3,12.0,0.008544921875,0.03570103857566766,True,0.5505990734927155,35.19210329494159,14,False
FCRL1,4_minus_3,12.0,0.008544921875,0.03570103857566766,False,-0.12855356031641646,0.0,14,False
FABP9,4_minus_3,12.0,0.008544921875,0.03570103857566766,True,0.22550643182978425,36.41942177149612,14,False
ESYT2,4_minus_3,12.0,0.008544921875,0.03570103857566766,True,0.558622869230247,36.844833462428326,14,False
TARS1,4_minus_3,12.0,0.008544921875,0.03570103857566766,True,0.6933477324936519,38.035656902546734,14,False
BCL2L1,4_minus_3,12.0,0.008544921875,0.03570103857566766,True,0.8225021375907271,37.73992356556135,14,False
GRHPR,4_minus_3,12.0,0.008544921875,0.03570103857566766,False,0.5036335670915197,0.0,14,False
FBN2,4_minus_3,12.0,0.008544921875,0.03570103857566766,True,0.3744788183861895,1.767914646954751,14,False
MYCBP2,4_minus_3,12.0,0.008544921875,0.03570103857566766,False,0.303864585209451,0.0,14,False
ADA,4_minus_3,12.0,0.008544921875,0.03570103857566766,True,0.2413255750867723,35.68476622527552,14,False
LCN15,4_minus_3,12.0,0.008544921875,0.03570103857566766,True,0.3388528190383322,37.640373808065725,14,False
BLMH,4_minus_3,12.0,0.008544921875,0.03570103857566766,True,0.20545925608929236,34.595081366993014,14,False
CRACR2A,4_minus_3,12.0,0.008544921875,0.03570103857566766,True,0.7958171646154659,37.961546559091026,14,False
CCL3,4_minus_3,12.0,0.008544921875,0.03570103857566766,True,0.39351387788310443,37.79795026806839,14,False
SERPINF1,4_minus_3,12.0,0.008544921875,0.03570103857566766,True,0.115338017629327,3.728267100678491,14,False
VTCN1,4_minus_3,12.0,0.008544921875,0.03570103857566766,True,0.5378288394305232,4.782799847824885,14,False
TNFRSF13B,4_minus_3,12.0,0.008544921875,0.03570103857566766,True,0.11650169628958065,35.65768592063512,14,False
GLOD4,4_minus_3,12.0,0.008544921875,0.03570103857566766,False,0.21219993422946964,0.0,14,False
MLN,4_minus_3,12.0,0.008544921875,0.03570103857566766,True,0.45742355384118183,3.975456858722302,14,False
HYOU1,4_minus_3,12.0,0.008544921875,0.03570103857566766,True,0.10783121045068181,2.17072152991424,14,False
IGF2R,4_minus_3,12.0,0.008544921875,0.03570103857566766,True,0.21825942315340935,2.306202493833621,14,False
GMFG,4_minus_3,12.0,0.008544921875,0.03570103857566766,True,0.5881960811586808,37.62501340510451,14,False
CTSZ,4_minus_3,2.0,0.009344113002204883,0.03886709337401618,True,0.11010939188927915,33.40293366258011,14,False
EPHA2,4_minus_3,2.0,0.009344113002204883,0.03886709337401618,True,0.09696534011372117,31.297033087413737,14,False
NELL1,4_minus_3,2.0,0.009344113002204883,0.03886709337401618,False,-0.14727967416282758,0.0,14,False
DBI,4_minus_3,6.0,0.009632975772588676,0.04000952769263969,False,0.33789893484810074,0.0,14,False
ACP6,4_minus_3,13.0,0.0107421875,0.041438356164383565,True,0.20203943574957445,36.88192358191282,14,False
GPHA2,4_minus_3,13.0,0.0107421875,0.041438356164383565,True,0.3205469165213819,37.850129268850075,14,False
LAYN,4_minus_3,13.0,0.0107421875,0.041438356164383565,True,0.35742415712353803,37.930214029023155,14,False
APBB1IP,4_minus_3,13.0,0.0107421875,0.041438356164383565,True,0.28128792468534647,36.342060899690395,14,False
CA13,4_minus_3,13.0,0.0107421875,0.041438356164383565,True,0.6911820872107858,36.86120023402198,14,False
GP5,4_minus_3,13.0,0.0107421875,0.041438356164383565,True,0.36021016985807447,37.15969631167406,14,False
BCAM,4_minus_3,13.0,0.0107421875,0.041438356164383565,True,0.18205380837150734,4.320672107462196,14,False
BTN2A1,4_minus_3,13.0,0.0107421875,0.041438356164383565,True,0.12430302651962635,36.29437951018994,14,False
PCDH9,4_minus_3,13.0,0.0107421875,0.041438356164383565,True,0.09997341576084615,1.5014013913805555,14,False
RNASE10,4_minus_3,13.0,0.0107421875,0.041438356164383565,True,0.2432487795711118,37.13026106064532,14,False
CDC26,4_minus_3,13.0,0.0107421875,0.041438356164383565,False,0.27144933135580945,0.0,14,False
DIABLO,4_minus_3,13.0,0.0107421875,0.041438356164383565,True,0.7860167866974775,36.38515241710787,14,False
SERPINA9,4_minus_3,13.0,0.0107421875,0.041438356164383565,False,0.1889402840934637,0.0,14,False
FXN,4_minus_3,13.0,0.0107421875,0.041438356164383565,True,0.40101419529238413,34.60463156424532,14,False
GBP2,4_minus_3,13.0,0.0107421875,0.041438356164383565,True,0.5799127656634749,38.1670870783001,14,False
PCDH1,4_minus_3,13.0,0.0107421875,0.041438356164383565,True,0.08418663223955225,35.80391452414814,14,False
PMM2,4_minus_3,13.0,0.0107421875,0.041438356164383565,True,0.5602534065574752,37.66070066036525,14,False
ZNRD2,4_minus_3,13.0,0.0107421875,0.041438356164383565,False,0.2191696784399202,0.0,14,False
BDNF,4_minus_3,13.0,0.0107421875,0.041438356164383565,True,1.0134075957826907,38.272790684572676,14,False
KCTD5,4_minus_3,13.0,0.0107421875,0.041438356164383565,True,0.372856115744137,36.15207908394672,14,False
TNFRSF19,4_minus_3,13.0,0.0107421875,0.041438356164383565,True,0.28334343330953005,37.52540132419507,14,False
GCC1,4_minus_3,13.0,0.0107421875,0.041438356164383565,True,0.8895811804376026,38.11597104256238,14,False
CTSS,4_minus_3,13.0,0.0107421875,0.041438356164383565,True,0.0746484713494884,32.02363914773506,14,False
ACVRL1,4_minus_3,13.0,0.0107421875,0.041438356164383565,True,0.27442693558426656,2.409244827091971,14,False
FKBP5,4_minus_3,13.0,0.0107421875,0.041438356164383565,True,0.7569500843401209,36.451133082224196,14,False
LMNB2,4_minus_3,13.0,0.0107421875,0.041438356164383565,True,0.3402584973672478,37.10349725836144,14,False
PDLIM5,4_minus_3,13.0,0.0107421875,0.041438356164383565,True,0.7893420853806616,37.59237058367389,14,False
CEMIP2,4_minus_3,13.0,0.0107421875,0.041438356164383565,True,0.30193024516362654,1.4811843505774758,14,False
ARFIP1,4_minus_3,13.0,0.0107421875,0.041438356164383565,True,0.4579049349649991,35.14210760542757,14,False
CPQ,4_minus_3,13.0,0.0107421875,0.041438356164383565,True,0.12418033603496462,34.87959141950024,14,False
FGF21,4_minus_3,13.0,0.0107421875,0.041438356164383565,True,1.0028029085600931,38.58465225486184,14,False
TNN,4_minus_3,13.0,0.0107421875,0.041438356164383565,True,0.25196431016346554,2.420404596350959,14,False
SLC9A3R1,4_minus_3,13.0,0.0107421875,0.041438356164383565,True,0.3724722717969102,35.94481576660445,14,False
EIF2AK3,4_minus_3,13.0,0.0107421875,0.041438356164383565,True,0.7013276708338356,37.53441228593357,14,False
TREML2,4_minus_3,13.0,0.0107421875,0.041438356164383565,False,0.14235099351775826,0.4406256105296675,14,False
CRADD,4_minus_3,13.0,0.0107421875,0.041438356164383565,True,0.7361289613156828,38.06895175113735,14,False
L1CAM,4_minus_3,13.0,0.0107421875,0.041438356164383565,True,0.2014823896510664,35.47314642726194,14,False
THTPA,4_minus_3,13.0,0.0107421875,0.041438356164383565,True,0.5709543994523048,36.87458250023647,14,False
SRC,4_minus_3,13.0,0.0107421875,0.041438356164383565,True,0.7459216418904224,38.391203454465305,14,False
GRP,4_minus_3,13.0,0.0107421875,0.041438356164383565,True,0.40685926390397353,38.052394052892346,14,False
ITGA6,4_minus_3,13.0,0.0107421875,0.041438356164383565,True,0.3770816631840469,37.6807108412223,14,False
TWF2,4_minus_3,13.0,0.0107421875,0.041438356164383565,True,0.4110043953443427,36.999100272652846,14,False
HCLS1,4_minus_3,13.0,0.0107421875,0.041438356164383565,True,0.6246549745390024,36.62465493804384,14,False
TALDO1,4_minus_3,13.0,0.0107421875,0.041438356164383565,False,0.09398236600732113,0.0,14,False
CTSL,4_minus_3,13.0,0.0107421875,0.041438356164383565,True,0.2339917545994935,36.320922773114496,14,False
APOA2,4_minus_3,13.0,0.0107421875,0.041438356164383565,True,0.6686718581816411,2.3387771256480296,14,False
IL15,4_minus_3,13.0,0.0107421875,0.041438356164383565,True,0.22643617034606184,2.18837137432142,14,False
VEGFA,4_minus_3,13.0,0.0107421875,0.041438356164383565,True,0.17907252679376995,7.299592716513706,14,False
PLIN3,4_minus_3,13.0,0.0107421875,0.041438356164383565,True,0.29793543830798785,36.119032215278956,14,False
OGN,4_minus_3,13.0,0.0107421875,0.041438356164383565,True,0.20446929761287597,36.18704894346038,14,False
TCTN3,4_minus_3,13.0,0.0107421875,0.041438356164383565,True,0.20087557216258667,37.02811238176018,14,False
COL6A3,4_minus_3,13.0,0.0107421875,0.041438356164383565,True,0.22415272398030295,35.194699383946805,14,False
TBCB,4_minus_3,14.0,0.013427734375,0.04860218508997429,True,1.002140051937197,38.10762898131753,14,False
C7,4_minus_3,14.0,0.013427734375,0.04860218508997429,True,0.16373356610899653,36.472508914751295,14,False
STX7,4_minus_3,14.0,0.013427734375,0.04860218508997429,True,0.37448278928205253,36.05403676325421,14,False
NACC1,4_minus_3,14.0,0.013427734375,0.04860218508997429,True,0.383387609220335,35.56987193743092,14,False
SULT1A1,4_minus_3,14.0,0.013427734375,0.04860218508997429,True,0.806717895011952,38.617724127494576,14,False
MSMB,4_minus_3,14.0,0.013427734375,0.04860218508997429,False,0.16269710384053973,0.0,14,False
ACTN2,4_minus_3,14.0,0.013427734375,0.04860218508997429,True,0.5487115644488972,38.62034650948765,14,False
HMGCL,4_minus_3,14.0,0.013427734375,0.04860218508997429,True,0.46802700545475295,36.833983819548116,14,False
XIAP,4_minus_3,14.0,0.013427734375,0.04860218508997429,True,0.5103341045125869,37.194268452621436,14,False
RARRES2,4_minus_3,14.0,0.013427734375,0.04860218508997429,True,0.2717035688497162,37.074764623843535,14,False
EZR,4_minus_3,14.0,0.013427734375,0.04860218508997429,True,0.20948752606571225,35.9315232962805,14,False
LARP1,4_minus_3,14.0,0.013427734375,0.04860218508997429,True,0.48702504939300406,35.382034913997835,14,False
HSPA1A,4_minus_3,14.0,0.013427734375,0.04860218508997429,True,0.31767668030959634,36.62401421224478,14,False
EDAR,4_minus_3,14.0,0.013427734375,0.04860218508997429,True,0.23296257965427614,36.6037643378009,14,False
CASP8,4_minus_3,14.0,0.013427734375,0.04860218508997429,True,0.4125542576795801,36.51613785221701,14,False
HS6ST1,4_minus_3,14.0,0.013427734375,0.04860218508997429,True,0.2022706933358856,2.475464968286078,14,False
TGFA,4_minus_3,14.0,0.013427734375,0.04860218508997429,True,0.2706497871525114,36.96031278157539,14,False
CASP3,4_minus_3,14.0,0.013427734375,0.04860218508997429,True,0.5096110094757941,36.73329973022407,14,False
NEK7,4_minus_3,10.0,0.01310361411003846,0.04860218508997429,True,0.32710520061399523,37.399438311320786,14,False
NAGK,4_minus_3,14.0,0.013427734375,0.04860218508997429,True,0.42208604945182193,37.376207784839046,14,False
SESTD1,4_minus_3,14.0,0.013427734375,0.04860218508997429,True,0.56640298679892,38.17550876984595,14,False
RILPL2,4_minus_3,14.0,0.013427734375,0.04860218508997429,True,0.8099776752250507,38.634652827150504,14,False
CELA3A,4_minus_3,14.0,0.013427734375,0.04860218508997429,True,0.23035097847699515,3.277546779559339,14,False
CHMP1A,4_minus_3,14.0,0.013427734375,0.04860218508997429,True,0.49596683602319447,36.708035056000995,14,False
CXCL1,4_minus_3,14.0,0.013427734375,0.04860218508997429,True,0.40213594693779375,37.2057792576608,14,False
GCG,4_minus_3,14.0,0.013427734375,0.04860218508997429,True,0.8943947408676304,4.423213139534111,14,False
TNFRSF1B,4_minus_3,14.0,0.013427734375,0.04860218508997429,True,0.16331912114897795,1.6590418293639833,14,False
TSPAN7,4_minus_3,14.0,0.013427734375,0.04860218508997429,True,0.6330054395769804,38.85790482281315,14,False
SIGLEC10,4_minus_3,14.0,0.013427734375,0.04860218508997429,True,0.22570228062444592,37.245345423755026,14,False
NUDT5,4_minus_3,14.0,0.013427734375,0.04860218508997429,False,0.231383524390576,0.0,14,False
TSHB,4_minus_3,14.0,0.013427734375,0.04860218508997429,True,0.8865850270780927,39.08385820893194,14,False
SIGLEC8,4_minus_3,14.0,0.013427734375,0.04860218508997429,True,0.2533589660529625,35.45394405981265,14,False
MAN2B2,4_minus_3,14.0,0.013427734375,0.04860218508997429,True,0.215842978636945,5.090102167555233,14,False
NPC2,4_minus_3,14.0,0.013427734375,0.04860218508997429,True,0.1621587278310726,36.14240946579934,14,False
CRISP3,4_minus_3,14.0,0.013427734375,0.04860218508997429,False,-0.07993120597411599,0.0,14,False
C1RL,4_minus_3,14.0,0.013427734375,0.04860218508997429,True,0.1815543155294367,36.509386190686065,14,False
IMMT,4_minus_3,14.0,0.013427734375,0.04860218508997429,True,0.5564012216969713,38.1524140721613,14,False
CEP170,4_minus_3,14.0,0.013427734375,0.04860218508997429,True,0.5196640933586364,36.61024308853976,14,False
CRYZL1,4_minus_3,14.0,0.013427734375,0.04860218508997429,True,0.6965626043825333,37.5189876969241,14,False
CDH2,4_minus_3,14.0,0.013427734375,0.04860218508997429,True,0.1714608494801023,1.8459827950302192,14,False
CLEC12A,4_minus_3,14.0,0.013427734375,0.04860218508997429,True,0.22454237988320846,35.99407187456461,14,False
ARHGAP1,4_minus_3,14.0,0.013427734375,0.04860218508997429,False,0.2920168549480779,0.0,14,False
DCTPP1,4_minus_3,14.0,0.013427734375,0.04860218508997429,True,0.3076296367945581,37.18538346804549,14,False
TGFBR1,4_minus_3,14.0,0.013427734375,0.04860218508997429,True,0.7530939120454887,39.15405613428048,14,False
APOBR,4_minus_3,14.0,0.013427734375,0.04860218508997429,True,0.24926582010580584,3.614015712459551,14,False
SERPINH1,4_minus_3,10.0,0.01310361411003846,0.04860218508997429,False,0.5634593828886334,0.0,14,False
CTRB1,4_minus_3,14.0,0.013427734375,0.04860218508997429,True,0.2802106771752535,37.07340259036087,14,False
NOS2,4_minus_3,14.0,0.013427734375,0.04860218508997429,True,-0.4903684445476855,-34.611260466444314,14,False
ITPR1,4_minus_3,15.0,0.0166015625,0.05620112588952309,False,0.612319225852084,38.274111144874276,14,False
STAMBP,4_minus_3,15.0,0.0166015625,0.05620112588952309,False,0.4276107404182131,36.18862517015736,14,False
CD164,4_minus_3,15.0,0.0166015625,0.05620112588952309,False,0.17989500211241516,3.8840631003384263,14,False
CD5L,4_minus_3,15.0,0.0166015625,0.05620112588952309,False,0.23183581487560104,37.22334924967714,14,False
COMMD1,4_minus_3,15.0,0.0166015625,0.05620112588952309,False,0.38657333301299035,29.426743191399154,14,False
STC1,4_minus_3,15.0,0.0166015625,0.05620112588952309,False,0.5621662395800513,33.296633795830395,14,False
CTHRC1,4_minus_3,15.0,0.0166015625,0.05620112588952309,False,0.23909724342149122,35.96060646218721,14,False
GGH,4_minus_3,15.0,0.0166015625,0.05620112588952309,False,0.09130299360967917,0.0,14,False
LPCAT2,4_minus_3,15.0,0.0166015625,0.05620112588952309,False,0.19572401435773204,36.9355474406598,14,False
F7,4_minus_3,15.0,0.0166015625,0.05620112588952309,False,0.1915211761220299,1.5541722260625193,14,False
SIGLEC7,4_minus_3,15.0,0.0166015625,0.05620112588952309,False,0.09512852540755012,30.542794423620673,14,False
SLC39A5,4_minus_3,15.0,0.0166015625,0.05620112588952309,False,0.30113462996281615,3.04231781592404,14,False
NGRN,4_minus_3,15.0,0.0166015625,0.05620112588952309,False,0.13121390520378712,35.230482032501634,14,False
HS6ST2,4_minus_3,15.0,0.0166015625,0.05620112588952309,False,0.18327163385951964,0.7467984500868717,14,False
AGR3,4_minus_3,15.0,0.0166015625,0.05620112588952309,False,0.615762187808994,4.27772583060962,14,False
ARHGEF1,4_minus_3,15.0,0.0166015625,0.05620112588952309,False,0.6996722974972382,37.011685374755444,14,False
ARHGEF10,4_minus_3,15.0,0.0166015625,0.05620112588952309,False,0.5502305583646121,37.364537239712554,14,False
SSC4D,4_minus_3,15.0,0.0166015625,0.05620112588952309,False,0.20823264950799644,34.095660667336325,14,False
PEBP1,4_minus_3,15.0,0.0166015625,0.05620112588952309,False,0.4432847056198993,0.0,14,False
MTSS2,4_minus_3,15.0,0.0166015625,0.05620112588952309,False,0.7347509609018938,36.92431407895668,14,False
MITD1,4_minus_3,15.0,0.0166015625,0.05620112588952309,False,0.7955579531722012,38.310289225997636,14,False
APRT,4_minus_3,15.0,0.0166015625,0.05620112588952309,False,0.6310221267657445,37.05401546489718,14,False
MTSS1,4_minus_3,15.0,0.0166015625,0.05620112588952309,False,0.5331632342727641,0.0,14,False
PKN3,4_minus_3,11.0,0.015906444101703374,0.05620112588952309,False,0.8255348310394237,38.54657783974752,14,False
TP53BP1,4_minus_3,15.0,0.0166015625,0.05620112588952309,False,0.1559215090508409,36.01227278593564,14,False
CACYBP,4_minus_3,15.0,0.0166015625,0.05620112588952309,False,0.6363188341301854,36.91334632390945,14,False
RRM2B,4_minus_3,15.0,0.0166015625,0.05620112588952309,False,0.7675262598079902,38.46120190893233,14,False
MAPRE3,4_minus_3,11.0,0.015906444101703374,0.05620112588952309,False,-0.34556891115358745,0.0,14,False
DCLRE1C,4_minus_3,11.0,0.015906444101703374,0.05620112588952309,False,-0.2876510485169402,0.0,14,False
CBLN4,4_minus_3,15.0,0.0166015625,0.05620112588952309,False,-0.31402274741959846,0.0,14,False
CDON,4_minus_3,15.0,0.0166015625,0.05620112588952309,False,0.27598841656868145,0.0,14,False
DAAM1,4_minus_3,15.0,0.0166015625,0.05620112588952309,False,0.7697389378155314,38.491432001538044,14,False
MFGE8,4_minus_3,15.0,0.0166015625,0.05620112588952309,False,0.3247884069659772,2.336536172622332,14,False
DHRS4L2,4_minus_3,15.0,0.0166015625,0.05620112588952309,False,0.1977781411098376,0.0,14,False
PLSCR3,4_minus_3,15.0,0.0166015625,0.05620112588952309,False,0.2880900799485688,34.608052622726724,14,False
TNFRSF21,4_minus_3,15.0,0.0166015625,0.05620112588952309,False,0.21924712380476255,1.6510114121908575,14,False
VCAM1,4_minus_3,4.0,0.016604878103722732,0.05620112588952309,False,0.07006408552692014,0.0,14,False
ZFYVE19,4_minus_3,15.0,0.0166015625,0.05620112588952309,False,0.45840104110998425,0.0,14,False
CDSN,4_minus_3,15.0,0.0166015625,0.05620112588952309,False,0.2550916988879789,3.5026717802600396,14,False
CCL4,4_minus_3,15.0,0.0166015625,0.05620112588952309,False,0.20839467691705899,32.045456773461474,14,False
PPM1F,4_minus_3,15.0,0.0166015625,0.05620112588952309,False,0.3017562259558506,35.3098361705102,14,False
PARK7,4_minus_3,15.0,0.0166015625,0.05620112588952309,False,0.3995714631114107,0.0,14,False
NAPRT,4_minus_3,15.0,0.0166015625,0.05620112588952309,False,0.2804484855809617,36.71141311517865,14,False
GTF2IRD1,4_minus_3,11.0,0.015906444101703374,0.05620112588952309,False,0.1473118309188172,0.0,14,False
SERPINB1,4_minus_3,15.0,0.0166015625,0.05620112588952309,False,0.2970318417880865,0.0,14,False
VAMP5,4_minus_3,15.0,0.0166015625,0.05620112588952309,False,0.4080198971798854,38.176629015749334,14,False
TACSTD2,4_minus_3,15.0,0.0166015625,0.05620112588952309,False,0.207832063668005,36.908143571157346,14,False
TNFRSF9,4_minus_3,15.0,0.0166015625,0.05620112588952309,False,0.20497362479268108,34.41318221213475,14,False
KLK10,4_minus_3,15.0,0.0166015625,0.05620112588952309,False,0.12116305090120937,0.0,14,False
IL6R,4_minus_3,15.0,0.0166015625,0.05620112588952309,False,0.13292784751191206,36.464839346229695,14,False
PAMR1,4_minus_3,15.0,0.0166015625,0.05620112588952309,False,0.12284808513285417,1.7526608861324298,14,False
IFIT3,4_minus_3,11.0,0.015906444101703374,0.05620112588952309,False,0.41191174775894196,36.5770530196821,14,False
RNF149,4_minus_3,15.0,0.0166015625,0.05620112588952309,False,0.1668152842927268,2.119406846191979,14,False
DNAJB1,4_minus_3,15.0,0.0166015625,0.05620112588952309,False,0.7834894768478169,36.52026466343507,14,False
CD55,4_minus_3,9.0,0.018602929901135743,0.06288817599231482,False,0.10197752607887012,34.474869942871315,14,False
ID4,4_minus_3,12.0,0.01922343909754908,0.06483018502838109,False,0.2942306091811837,36.55413445851676,14,False
EFCAB2,4_minus_3,12.0,0.01922343909754908,0.06483018502838109,False,0.1568212470840647,0.0,14,False
PMVK,4_minus_3,16.0,0.020263671875,0.06499145785876993,False,1.4025955303751034,39.241798470425316,14,False
GSTT2B,4_minus_3,16.0,0.020263671875,0.06499145785876993,False,0.42706313133696133,0.0,14,False
CCL13,4_minus_3,16.0,0.020263671875,0.06499145785876993,False,0.3438017950906963,34.72179486328506,14,False
CCL20,4_minus_3,16.0,0.020263671875,0.06499145785876993,False,0.45098325770607406,36.894558501466435,14,False
CD109,4_minus_3,16.0,0.020263671875,0.06499145785876993,False,0.20115599405487117,34.6468082677488,14,False
YARS1,4_minus_3,16.0,0.020263671875,0.06499145785876993,False,1.1923737492910018,37.8197453527758,14,False
TRIM25,4_minus_3,16.0,0.020263671875,0.06499145785876993,False,0.7443815342967696,38.35581741101366,14,False
BRAP,4_minus_3,16.0,0.020263671875,0.06499145785876993,False,0.7816792826839838,37.54859001245198,14,False
TPD52L2,4_minus_3,16.0,0.020263671875,0.06499145785876993,False,0.7580083578523303,37.21665303113891,14,False
PPM1A,4_minus_3,16.0,0.020263671875,0.06499145785876993,False,0.20435765361062858,36.460928110929245,14,False
CNST,4_minus_3,16.0,0.020263671875,0.06499145785876993,False,0.45747257548660747,35.71691647717758,14,False
TAFA5,4_minus_3,16.0,0.020263671875,0.06499145785876993,False,0.25888513704727684,33.733800009267334,14,False
EPPK1,4_minus_3,16.0,0.020263671875,0.06499145785876993,False,0.12007755591007695,3.8047345599183173,14,False
NCK2,4_minus_3,16.0,0.020263671875,0.06499145785876993,False,0.44773679230930685,37.00253679253736,14,False
STAT2,4_minus_3,16.0,0.020263671875,0.06499145785876993,False,0.6042537162070609,36.76890097666136,14,False
WFDC2,4_minus_3,16.0,0.020263671875,0.06499145785876993,False,0.32114291140473306,37.612498187902716,14,False
IL7,4_minus_3,16.0,0.020263671875,0.06499145785876993,False,0.4532889219051822,37.339779031112556,14,False
GRAP2,4_minus_3,16.0,0.020263671875,0.06499145785876993,False,0.848028129321168,37.62685080415228,14,False
SEC31A,4_minus_3,16.0,0.020263671875,0.06499145785876993,False,0.4260718141339065,36.88710596577621,14,False
NFATC1,4_minus_3,16.0,0.020263671875,0.06499145785876993,False,0.5009303178460522,0.0,14,False
MAPK9,4_minus_3,16.0,0.020263671875,0.06499145785876993,False,0.37119940147241415,37.79323539840137,14,False
PDGFB,4_minus_3,16.0,0.020263671875,0.06499145785876993,False,0.7650638377231629,36.17467320475235,14,False
SLMAP,4_minus_3,16.0,0.020263671875,0.06499145785876993,False,0.5975324958521099,36.93707771921752,14,False
HNRNPUL1,4_minus_3,16.0,0.020263671875,0.06499145785876993,False,0.35945294545185075,36.251668996402834,14,False
FKBPL,4_minus_3,16.0,0.020263671875,0.06499145785876993,False,0.39696284527784254,35.84170586888421,14,False
AKR1B1,4_minus_3,16.0,0.020263671875,0.06499145785876993,False,0.5708118445654671,35.64029617600976,14,False
CXCL9,4_minus_3,16.0,0.020263671875,0.06499145785876993,False,0.14564936269497752,0.0,14,False
PXN,4_minus_3,16.0,0.020263671875,0.06499145785876993,False,0.4194834828191526,36.787388984454026,14,False
OPLAH,4_minus_3,16.0,0.020263671875,0.06499145785876993,False,0.4357209594693954,37.3934046923144,14,False
DTD1,4_minus_3,16.0,0.020263671875,0.06499145785876993,False,0.5944021778145306,35.78281618835946,14,False
VIM,4_minus_3,16.0,0.020263671875,0.06499145785876993,False,0.560258864141681,38.438752735590825,14,False
CSNK1D,4_minus_3,16.0,0.020263671875,0.06499145785876993,False,0.26115283496117764,31.85686668496125,14,False
DARS1,4_minus_3,16.0,0.020263671875,0.06499145785876993,False,0.6360262179980235,36.13850988404555,14,False
USO1,4_minus_3,16.0,0.020263671875,0.06499145785876993,False,1.229013473708179,38.856759027597974,14,False
PDAP1,4_minus_3,16.0,0.020263671875,0.06499145785876993,False,0.5798202508440957,35.50658979017088,14,False
S100A4,4_minus_3,16.0,0.020263671875,0.06499145785876993,False,0.28845774735520446,0.0,14,False
GAST,4_minus_3,16.0,0.020263671875,0.06499145785876993,False,0.451484775651681,0.8952056057269349,14,False
TGFB2,4_minus_3,16.0,0.020263671875,0.06499145785876993,False,0.41980872372413325,4.2192701334177904,14,False
SNAP23,4_minus_3,16.0,0.020263671875,0.06499145785876993,False,0.6999985351284267,36.2112365300906,14,False
UFD1,4_minus_3,16.0,0.020263671875,0.06499145785876993,False,0.6066748219313475,35.715285383739705,14,False
PHLDB1,4_minus_3,16.0,0.020263671875,0.06499145785876993,False,0.5264094187315825,37.70557356203555,14,False
VPS53,4_minus_3,16.0,0.020263671875,0.06499145785876993,False,0.3793520977412501,37.042569201061475,14,False
ANXA4,4_minus_3,16.0,0.020263671875,0.06499145785876993,False,0.5174883235367109,37.52812536410307,14,False
ZNF75D,4_minus_3,13.0,0.023129802497359468,0.07393135508804116,False,0.5673655265763403,38.09856459769134,14,False
REST,4_minus_3,13.0,0.023129802497359468,0.07393135508804116,False,-0.65155776178139,-34.147509542516175,14,False
MAPKAPK2,4_minus_3,13.0,0.023129802497359468,0.07393135508804116,False,0.5982697650201384,36.9153844414049,14,False
B2M,4_minus_3,17.0,0.0245361328125,0.07453478964401294,False,0.2554223736210469,37.05837859946366,14,False
IL17D,4_minus_3,17.0,0.0245361328125,0.07453478964401294,False,0.27260343968082124,36.56928334019847,14,False
NBL1,4_minus_3,17.0,0.0245361328125,0.07453478964401294,False,0.1513017587166552,33.152317859449944,14,False
SHMT1,4_minus_3,17.0,0.0245361328125,0.07453478964401294,False,0.6385978835939841,35.16340358554794,14,False
MIF,4_minus_3,17.0,0.0245361328125,0.07453478964401294,False,0.48876416153648294,0.0,14,False
IGFBP7,4_minus_3,17.0,0.0245361328125,0.07453478964401294,False,0.14352472058168975,34.37894973277419,14,False
BACH1,4_minus_3,17.0,0.0245361328125,0.07453478964401294,False,0.1999111135399153,0.0,14,False
GFAP,4_minus_3,17.0,0.0245361328125,0.07453478964401294,False,0.36988546197858685,37.81434788688052,14,False
ANKMY2,4_minus_3,17.0,0.0245361328125,0.07453478964401294,False,0.5031912018771711,36.06036716099997,14,False
KIR3DL1,4_minus_3,17.0,0.0245361328125,0.07453478964401294,False,0.5169454113726908,38.57733583916811,14,False
NIT2,4_minus_3,17.0,0.0245361328125,0.07453478964401294,False,0.5676107732302886,35.47889617304327,14,False
AP3B1,4_minus_3,17.0,0.0245361328125,0.07453478964401294,False,0.23095313929112435,0.0,14,False
OPHN1,4_minus_3,17.0,0.0245361328125,0.07453478964401294,False,0.9928981557437887,38.57958203764614,14,False
RNASE4,4_minus_3,17.0,0.0245361328125,0.07453478964401294,False,0.24725667383187094,37.16575953731922,14,False
GZMH,4_minus_3,17.0,0.0245361328125,0.07453478964401294,False,0.15492465170728012,0.0,14,False
ANK2,4_minus_3,17.0,0.0245361328125,0.07453478964401294,False,-0.32328223842986303,0.0,14,False
GADD45GIP1,4_minus_3,17.0,0.0245361328125,0.07453478964401294,False,0.19463379268893888,33.79698689974607,14,False
C8B,4_minus_3,17.0,0.0245361328125,0.07453478964401294,False,0.21587494868872004,37.14897513550346,14,False
ACOT13,4_minus_3,17.0,0.0245361328125,0.07453478964401294,False,0.6243743789168349,36.63899150388527,14,False
LEP,4_minus_3,17.0,0.0245361328125,0.07453478964401294,False,0.24780284682284553,37.24171289747954,14,False
KIR2DL2,4_minus_3,17.0,0.0245361328125,0.07453478964401294,False,0.16038577446693328,3.1365482273028475,14,False
EDNRB,4_minus_3,17.0,0.0245361328125,0.07453478964401294,False,0.16868454105393002,3.3243616113888383,14,False
PDCD5,4_minus_3,17.0,0.0245361328125,0.07453478964401294,False,0.4383722011081618,0.0,14,False
EDN1,4_minus_3,17.0,0.0245361328125,0.07453478964401294,False,0.15597154717353806,35.75312746358926,14,False
TBC1D23,4_minus_3,17.0,0.0245361328125,0.07453478964401294,False,0.5416547620361585,37.83291993493253,14,False
SPRY2,4_minus_3,17.0,0.0245361328125,0.07453478964401294,False,0.8126095417889054,38.268699818966454,14,False
CD36,4_minus_3,17.0,0.0245361328125,0.07453478964401294,False,0.2172204166642594,36.303659097442555,14,False
PIGR,4_minus_3,17.0,0.0245361328125,0.07453478964401294,False,0.2684989395151254,2.236490637460286,14,False
MYBPC1,4_minus_3,17.0,0.0245361328125,0.07453478964401294,False,0.5640768442790669,2.719999214395772,14,False
HDDC2,4_minus_3,17.0,0.0245361328125,0.07453478964401294,False,0.15666479216538284,35.383962586982285,14,False
CAMSAP1,4_minus_3,17.0,0.0245361328125,0.07453478964401294,False,0.7989750106061526,38.470050598074344,14,False
SCARB1,4_minus_3,17.0,0.0245361328125,0.07453478964401294,False,0.5873415421354293,38.598407705085876,14,False
SIRT2,4_minus_3,17.0,0.0245361328125,0.07453478964401294,False,0.5634849576775387,35.64853271331629,14,False
LMNB1,4_minus_3,17.0,0.0245361328125,0.07453478964401294,False,0.600787177477308,37.65161905365349,14,False
SCRIB,4_minus_3,17.0,0.0245361328125,0.07453478964401294,False,0.29603149583336485,36.83147666294676,14,False
FKBP1B,4_minus_3,17.0,0.0245361328125,0.07453478964401294,False,0.42282198361863743,36.12329932479639,14,False
CD70,4_minus_3,17.0,0.0245361328125,0.07453478964401294,False,0.20478729877238844,0.0,14,False
MANSC4,4_minus_3,17.0,0.0245361328125,0.07453478964401294,False,0.2935369307163318,37.55309400668649,14,False
DSC2,4_minus_3,17.0,0.0245361328125,0.07453478964401294,False,0.10134445021709305,0.770371687449127,14,False
SMNDC1,4_minus_3,17.0,0.0245361328125,0.07453478964401294,False,0.2049221288785486,0.0,14,False
GORASP2,4_minus_3,17.0,0.0245361328125,0.07453478964401294,False,0.17535619593423973,33.441053682995616,14,False
IL12RB1,4_minus_3,17.0,0.0245361328125,0.07453478964401294,False,0.1741278867384638,36.56712877973942,14,False
CGB3_CGB5_CGB8,4_minus_3,17.0,0.0245361328125,0.07453478964401294,False,0.6222701680200262,0.0,14,False
GFRAL,4_minus_3,17.0,0.0245361328125,0.07453478964401294,False,-0.23108056729811027,0.0,14,False
S100A12,4_minus_3,17.0,0.0245361328125,0.07453478964401294,False,0.4879220131923112,36.4210089743029,14,False
ADAMTSL4,4_minus_3,17.0,0.0245361328125,0.07453478964401294,False,0.45495834113033895,2.0869069457633675,14,False
TRIM24,4_minus_3,14.0,0.027707849358079868,0.08398848632115491,False,0.5072544620667091,38.138583418504986,14,False
SEPTIN7,4_minus_3,14.0,0.027707849358079868,0.08398848632115491,False,0.46538152245307235,0.0,14,False
NIT1,4_minus_3,18.0,0.029541015625,0.0847123217922607,False,0.38844127245424104,0.0,14,False
FCGR2A,4_minus_3,18.0,0.029541015625,0.0847123217922607,False,0.15243963760305465,2.599386074025941,14,False
LY75,4_minus_3,18.0,0.029541015625,0.0847123217922607,False,0.16352381979381655,0.0,14,False
FCGR3B,4_minus_3,18.0,0.029541015625,0.0847123217922607,False,-0.19011743875916665,0.0,14,False
JAM3,4_minus_3,18.0,0.029541015625,0.0847123217922607,False,0.29318314833367454,34.74012264089862,14,False
LY96,4_minus_3,18.0,0.029541015625,0.0847123217922607,False,0.23820932382150778,9.841272828388849,14,False
HEPACAM2,4_minus_3,18.0,0.029541015625,0.0847123217922607,False,-0.24506628351977683,-34.47383954113757,14,False
MERTK,4_minus_3,18.0,0.029541015625,0.0847123217922607,False,0.152511981007346,36.04878381307247,14,False
IL33,4_minus_3,18.0,0.029541015625,0.0847123217922607,False,0.5336874636091231,38.67936903313571,14,False
HRG,4_minus_3,18.0,0.029541015625,0.0847123217922607,False,-0.46056838093856134,0.0,14,False
PLCB2,4_minus_3,18.0,0.029541015625,0.0847123217922607,False,0.8697764216932097,37.5516668152855,14,False
PBXIP1,4_minus_3,18.0,0.029541015625,0.0847123217922607,False,0.1813257570789051,36.295151219279006,14,False
MAP4K5,4_minus_3,18.0,0.029541015625,0.0847123217922607,False,0.846041121370062,37.5669393601896,14,False
FKBP14,4_minus_3,18.0,0.029541015625,0.0847123217922607,False,0.5097847066610242,37.35786332099296,14,False
MPHOSPH8,4_minus_3,18.0,0.029541015625,0.0847123217922607,False,0.32056319603292016,0.0,14,False
GTPBP2,4_minus_3,18.0,0.029541015625,0.0847123217922607,False,0.8624381151809268,37.981524760065575,14,False
GBP4,4_minus_3,18.0,0.029541015625,0.0847123217922607,False,0.19862094156329124,5.657088896039825,14,False
METAP2,4_minus_3,18.0,0.029541015625,0.0847123217922607,False,0.5907067778153892,36.2859713521485,14,False
RBP1,4_minus_3,18.0,0.029541015625,0.0847123217922607,False,0.3608276182906244,37.87989660967577,14,False
PRND,4_minus_3,18.0,0.029541015625,0.0847123217922607,False,-0.12752958246311627,-31.23612434516048,14,False
PRDX1,4_minus_3,18.0,0.029541015625,0.0847123217922607,False,0.5089023488965727,36.60091339407215,14,False
TGOLN2,4_minus_3,18.0,0.029541015625,0.0847123217922607,False,0.13499472184604983,1.5765138849933171,14,False
SMARCA2,4_minus_3,18.0,0.029541015625,0.0847123217922607,False,0.30470629346081535,36.699021310393164,14,False
TCL1A,4_minus_3,18.0,0.029541015625,0.0847123217922607,False,0.18832315694216478,0.0,14,False
CALCOCO1,4_minus_3,18.0,0.029541015625,0.0847123217922607,False,0.7424212582045586,38.26892492933446,14,False
STX8,4_minus_3,18.0,0.029541015625,0.0847123217922607,False,0.3394722376536559,36.979428445168764,14,False
CCL11,4_minus_3,18.0,0.029541015625,0.0847123217922607,False,0.20101983244448493,34.63217542687116,14,False
CCL17,4_minus_3,18.0,0.029541015625,0.0847123217922607,False,0.3214506028765901,0.0,14,False
ENO2,4_minus_3,18.0,0.029541015625,0.0847123217922607,False,0.13646974540471662,0.0,14,False
CCL19,4_minus_3,18.0,0.029541015625,0.0847123217922607,False,0.15754121090100137,0.0,14,False
CCL26,4_minus_3,18.0,0.029541015625,0.0847123217922607,False,0.30921366843481074,35.1933820311858,14,False
EFCAB14,4_minus_3,18.0,0.029541015625,0.0847123217922607,False,0.1858732748396647,36.581320605769555,14,False
SHBG,4_minus_3,18.0,0.029541015625,0.0847123217922607,False,0.1610981618032028,1.7813721571549528,14,False
DUT,4_minus_3,18.0,0.029541015625,0.0847123217922607,False,0.7536772653293198,37.91208114841992,14,False
CD226,4_minus_3,18.0,0.029541015625,0.0847123217922607,False,0.4407027556878929,38.10548456402026,14,False
PROS1,4_minus_3,18.0,0.029541015625,0.0847123217922607,False,0.1184963628597977,0.0,14,False
CD59,4_minus_3,18.0,0.029541015625,0.0847123217922607,False,0.17310294889278383,35.12473159462982,14,False
CFC1,4_minus_3,18.0,0.029541015625,0.0847123217922607,False,0.25812954351004996,36.75550935226099,14,False
DNAJC6,4_minus_3,18.0,0.029541015625,0.0847123217922607,False,0.5844546050955262,36.599372593409036,14,False
ROBO1,4_minus_3,18.0,0.029541015625,0.0847123217922607,False,0.12801496573408339,35.98892085319594,14,False
TGM2,4_minus_3,18.0,0.029541015625,0.0847123217922607,False,0.26566723876863807,29.30856424713183,14,False
ATXN10,4_minus_3,18.0,0.029541015625,0.0847123217922607,False,0.6082229245171006,37.36574001946602,14,False
WARS1,4_minus_3,6.0,0.02841686417486375,0.0847123217922607,False,0.10556721291983764,0.0,14,False
VTA1,4_minus_3,18.0,0.029541015625,0.0847123217922607,False,0.43289141008729115,0.0,14,False
RAB37,4_minus_3,18.0,0.029541015625,0.0847123217922607,False,0.60355468012292,37.64400471228124,14,False
ANXA1,4_minus_3,18.0,0.029541015625,0.0847123217922607,False,0.06441258632603294,32.12214113458396,14,False
APOF,4_minus_3,18.0,0.029541015625,0.0847123217922607,False,-0.09711445930488455,-2.4508810964325414,14,False
BAG6,4_minus_3,18.0,0.029541015625,0.0847123217922607,False,0.3157281573109148,34.413542238796,14,False
ARHGAP45,4_minus_3,18.0,0.029541015625,0.0847123217922607,False,0.46529674982711905,34.60828830010733,14,False
ARHGEF12,4_minus_3,18.0,0.029541015625,0.0847123217922607,False,0.6372980999600788,35.623862959644384,14,False
RBPMS2,4_minus_3,18.0,0.029541015625,0.0847123217922607,False,0.5235189223047687,37.63079727240981,14,False
CEP20,4_minus_3,18.0,0.029541015625,0.0847123217922607,False,0.5127859231860503,37.60198547783004,14,False
ASPSCR1,4_minus_3,18.0,0.029541015625,0.0847123217922607,False,0.33574769813208355,37.064206778206625,14,False
ZBTB16,4_minus_3,15.0,0.03304694365260127,0.09466957611976111,False,0.3502666548446501,35.962561511605365,14,False
HBEGF,4_minus_3,19.0,0.0352783203125,0.09543107588856868,False,0.354513994561019,0.0,14,False
PTRHD1,4_minus_3,19.0,0.0352783203125,0.09543107588856868,False,0.43966748060829935,0.0,14,False
CFD,4_minus_3,19.0,0.0352783203125,0.09543107588856868,False,0.09999470466306931,0.0,14,False
RRM2,4_minus_3,19.0,0.0352783203125,0.09543107588856868,False,0.332851053726265,37.47681823448248,14,False
OMD,4_minus_3,19.0,0.0352783203125,0.09543107588856868,False,0.2556328760927108,33.99310820025349,14,False
PVALB,4_minus_3,19.0,0.0352783203125,0.09543107588856868,False,0.699306308579071,35.92378919172937,14,False
DGKA,4_minus_3,19.0,0.0352783203125,0.09543107588856868,False,0.33198769603049644,0.0,14,False
CIRBP,4_minus_3,19.0,0.0352783203125,0.09543107588856868,False,0.614312541937456,37.9192249735541,14,False
RGS10,4_minus_3,19.0,0.0352783203125,0.09543107588856868,False,0.45654235034696977,32.023236538546335,14,False
COCH,4_minus_3,19.0,0.0352783203125,0.09543107588856868,False,0.4992665246176952,37.9025677298405,14,False
PARP1,4_minus_3,19.0,0.0352783203125,0.09543107588856868,False,0.09796361433462675,0.0,14,False
SFRP1,4_minus_3,19.0,0.0352783203125,0.09543107588856868,False,0.4287741216597296,36.94905920980485,14,False
GSN,4_minus_3,19.0,0.0352783203125,0.09543107588856868,False,-0.0661429301182459,0.0,14,False
RET,4_minus_3,19.0,0.0352783203125,0.09543107588856868,False,0.17422661214062415,1.8005502992392073,14,False
DCTN1,4_minus_3,19.0,0.0352783203125,0.09543107588856868,False,0.40401529011290677,0.0,14,False
GHRL,4_minus_3,19.0,0.0352783203125,0.09543107588856868,False,0.6263392354892203,38.851972358156345,14,False
CLIP2,4_minus_3,19.0,0.0352783203125,0.09543107588856868,False,0.7188599179405708,35.83449965422432,14,False
NPR1,4_minus_3,19.0,0.0352783203125,0.09543107588856868,False,-0.1549960392605317,-34.163777262698204,14,False
GMPR2,4_minus_3,19.0,0.0352783203125,0.09543107588856868,False,0.3574314657751414,0.0,14,False
DCTD,4_minus_3,19.0,0.0352783203125,0.09543107588856868,False,0.7318213172195279,36.74439082231022,14,False
GOLGA3,4_minus_3,19.0,0.0352783203125,0.09543107588856868,False,0.38228363985646807,0.0,14,False
GGCT,4_minus_3,19.0,0.0352783203125,0.09543107588856868,False,0.31243422522768044,0.0,14,False
CDC37,4_minus_3,19.0,0.0352783203125,0.09543107588856868,False,0.4731272545546609,36.78748889262299,14,False
CDC42BPB,4_minus_3,19.0,0.0352783203125,0.09543107588856868,False,0.5289855485539718,35.39925210032951,14,False
XPNPEP2,4_minus_3,19.0,0.0352783203125,0.09543107588856868,False,0.09709037402310026,0.3634832640805213,14,False
AKT1S1,4_minus_3,19.0,0.0352783203125,0.09543107588856868,False,0.5589622379737889,35.014409729239176,14,False
LRRC25,4_minus_3,19.0,0.0352783203125,0.09543107588856868,False,0.11159951452244843,5.177092197173867,14,False
KIRREL2,4_minus_3,19.0,0.0352783203125,0.09543107588856868,False,-0.3005351811056155,-36.58767162727988,14,False
ANXA2,4_minus_3,19.0,0.0352783203125,0.09543107588856868,False,0.623846865611388,38.1999843048522,14,False
MAP1LC3A,4_minus_3,19.0,0.0352783203125,0.09543107588856868,False,-0.4959282111643873,0.0,14,False
ARHGAP25,4_minus_3,19.0,0.0352783203125,0.09543107588856868,False,0.19523843746446357,0.0,14,False
TREML1,4_minus_3,19.0,0.0352783203125,0.09543107588856868,False,0.6456623199887077,38.37998039299182,14,False
TREH,4_minus_3,19.0,0.0352783203125,0.09543107588856868,False,0.13948494899141523,0.4683413910075445,14,False
TOR1AIP1,4_minus_3,19.0,0.0352783203125,0.09543107588856868,False,0.1695845428019483,35.68979894868698,14,False
ATRN,4_minus_3,19.0,0.0352783203125,0.09543107588856868,False,0.04341206108733033,0.8093184575015833,14,False
BCAT1,4_minus_3,19.0,0.0352783203125,0.09543107588856868,False,0.15047150835774376,0.0,14,False
BTD,4_minus_3,19.0,0.0352783203125,0.09543107588856868,False,0.09039630604819344,2.171206223968254,14,False
C1QA,4_minus_3,19.0,0.0352783203125,0.09543107588856868,False,0.13943224860443193,1.4164191807098196,14,False
TGFBI,4_minus_3,19.0,0.0352783203125,0.09543107588856868,False,0.14552803081668236,1.149123366439964,14,False
IL16,4_minus_3,19.0,0.0352783203125,0.09543107588856868,False,0.17442702475982896,33.56793212155168,14,False
MSTN,4_minus_3,19.0,0.0352783203125,0.09543107588856868,False,-0.25985202429804544,0.0,14,False
TCN2,4_minus_3,19.0,0.0352783203125,0.09543107588856868,False,0.15471222941712454,2.6793538787308764,14,False
TARBP2,4_minus_3,19.0,0.0352783203125,0.09543107588856868,False,0.34894200535762077,36.02803979793803,14,False
TACC3,4_minus_3,19.0,0.0352783203125,0.09543107588856868,False,0.485321676180813,37.28746842986067,14,False
MZT1,4_minus_3,19.0,0.0352783203125,0.09543107588856868,False,0.2633554868481905,36.05675179822227,14,False
IGBP1,4_minus_3,19.0,0.0352783203125,0.09543107588856868,False,0.4939108043130106,0.0,14,False
CCL5,4_minus_3,19.0,0.0352783203125,0.09543107588856868,False,0.7570705365373916,38.638642850504496,14,False
SSC5D,4_minus_3,19.0,0.0352783203125,0.09543107588856868,False,0.17996728191829844,36.7215646113826,14,False
HTRA2,4_minus_3,19.0,0.0352783203125,0.09543107588856868,False,0.1764509156427893,0.0,14,False
SPTLC1,4_minus_3,19.0,0.0352783203125,0.09543107588856868,False,0.1492553258966201,0.0,14,False
HPSE,4_minus_3,19.0,0.0352783203125,0.09543107588856868,False,0.6487511078826672,37.267713675603616,14,False
CELSR2,4_minus_3,19.0,0.0352783203125,0.09543107588856868,False,0.21684603107131567,36.08643673388535,14,False
FOXO1,4_minus_3,19.0,0.0352783203125,0.09543107588856868,False,0.5167573671495009,34.98938985094802,14,False
LEO1,4_minus_3,19.0,0.0352783203125,0.09543107588856868,False,0.08889155909519465,34.21453099909836,14,False
PHACTR2,4_minus_3,19.0,0.0352783203125,0.09543107588856868,False,0.49848222324702834,37.078087923853545,14,False
ERBIN,4_minus_3,19.0,0.0352783203125,0.09543107588856868,False,0.7873162371170526,37.972802810812745,14,False
FOLH1,4_minus_3,19.0,0.0352783203125,0.09543107588856868,False,0.5899444271403975,38.82867303269297,14,False
DUSP3,4_minus_3,19.0,0.0352783203125,0.09543107588856868,False,0.4075097404985157,38.104246985634326,14,False
FSHB,4_minus_3,7.0,0.036657928672214506,0.09906787633489063,False,0.12095659712683356,34.27532481810388,14,False
TRDMT1,4_minus_3,16.0,0.03924327615032666,0.10585159543996157,False,0.6871704402697096,36.483477623416725,14,False
OFD1,4_minus_3,16.0,0.03924327615032666,0.10585159543996157,False,0.4048116975086047,37.632392299124554,14,False
IRAK4,4_minus_3,20.0,0.0418701171875,0.10709014532243415,False,0.7738974955219609,36.60816670862426,14,False
IST1,4_minus_3,20.0,0.0418701171875,0.10709014532243415,False,0.4361475081966981,0.0,14,False
STK11,4_minus_3,20.0,0.0418701171875,0.10709014532243415,False,0.36110388074987027,0.0,14,False
RNASE1,4_minus_3,20.0,0.0418701171875,0.10709014532243415,False,0.29247997242934826,36.90005624399351,14,False
ASGR2,4_minus_3,20.0,0.0418701171875,0.10709014532243415,False,0.24836901464176392,1.8413721834852619,14,False
TRAF2,4_minus_3,20.0,0.0418701171875,0.10709014532243415,False,0.6294033305339521,37.475733005446195,14,False
ASAH2,4_minus_3,20.0,0.0418701171875,0.10709014532243415,False,0.09752457008013342,1.9595462458287207,14,False
NCF2,4_minus_3,20.0,0.0418701171875,0.10709014532243415,False,0.34670481207839837,36.055492640524825,14,False
GATD3,4_minus_3,20.0,0.0418701171875,0.10709014532243415,False,0.1659168167158011,0.0,14,False
ELAC1,4_minus_3,20.0,0.0418701171875,0.10709014532243415,False,0.578359394184174,35.227495351701336,14,False
PGD,4_minus_3,20.0,0.0418701171875,0.10709014532243415,False,0.3144701364623836,35.85696469749948,14,False
RILP,4_minus_3,20.0,0.0418701171875,0.10709014532243415,False,0.3881420396789647,0.0,14,False
PTEN,4_minus_3,20.0,0.0418701171875,0.10709014532243415,False,0.2028228666303321,0.0,14,False
SWAP70,4_minus_3,20.0,0.0418701171875,0.10709014532243415,False,0.22223833485373368,35.936584994752906,14,False
OXCT1,4_minus_3,20.0,0.0418701171875,0.10709014532243415,False,0.24252804785652704,0.0,14,False
ATRAID,4_minus_3,20.0,0.0418701171875,0.10709014532243415,False,0.11606519569636038,36.22084624382623,14,False
DSG2,4_minus_3,20.0,0.0418701171875,0.10709014532243415,False,0.059938845630928134,1.4109599883801096,14,False
GOPC,4_minus_3,20.0,0.0418701171875,0.10709014532243415,False,0.7882387491940368,37.04978711663604,14,False
CAPG,4_minus_3,20.0,0.0418701171875,0.10709014532243415,False,0.20929580067909326,0.0,14,False
MVK,4_minus_3,20.0,0.0418701171875,0.10709014532243415,False,0.5100695030724525,0.0,14,False
TBL1X,4_minus_3,20.0,0.0418701171875,0.10709014532243415,False,0.3276240808004095,0.0,14,False
CST6,4_minus_3,20.0,0.0418701171875,0.10709014532243415,False,0.12110989723896295,0.0,14,False
BANK1,4_minus_3,20.0,0.0418701171875,0.10709014532243415,False,0.7044595724282572,35.560721174953706,14,False
SCN2B,4_minus_3,20.0,0.0418701171875,0.10709014532243415,False,-0.4185328962928859,0.0,14,False
PLA2G10,4_minus_3,20.0,0.0418701171875,0.10709014532243415,False,-0.13196137021930193,0.0,14,False
TERF1,4_minus_3,20.0,0.0418701171875,0.10709014532243415,False,-0.36763419528432406,0.0,14,False
PRDX3,4_minus_3,20.0,0.0418701171875,0.10709014532243415,False,0.3706086711077111,35.89462571977347,14,False
NUB1,4_minus_3,20.0,0.0418701171875,0.10709014532243415,False,0.4408306056281174,34.929536869296115,14,False
CMIP,4_minus_3,20.0,0.0418701171875,0.10709014532243415,False,0.49015634531515423,37.27498531064686,14,False
GPR15L,4_minus_3,20.0,0.0418701171875,0.10709014532243415,False,0.37442221278078136,0.0,14,False
FABP1,4_minus_3,20.0,0.0418701171875,0.10709014532243415,False,0.4279604729364818,38.282764066166784,14,False
SPINT2,4_minus_3,20.0,0.0418701171875,0.10709014532243415,False,0.5801616270479841,5.221378481297067,14,False
DXO,4_minus_3,20.0,0.0418701171875,0.10709014532243415,False,0.4673850258790178,37.156581492908686,14,False
WFIKKN1,4_minus_3,20.0,0.0418701171875,0.10709014532243415,False,0.2564967691202995,1.84889584178119,14,False
LHB,4_minus_3,20.0,0.0418701171875,0.10709014532243415,False,0.17834835309535402,0.0,14,False
NOS1,4_minus_3,20.0,0.0418701171875,0.10709014532243415,False,0.3335869297101276,37.871824479997684,14,False
ADGRE1,4_minus_3,20.0,0.0418701171875,0.10709014532243415,False,0.16952039273412964,36.01684883207514,14,False
CELA2A,4_minus_3,20.0,0.0418701171875,0.10709014532243415,False,0.2610966454794527,5.331292265479011,14,False
LILRA6,4_minus_3,20.0,0.0418701171875,0.10709014532243415,False,0.1608016753798039,1.84041581960563,14,False
CEACAM21,4_minus_3,20.0,0.0418701171875,0.10709014532243415,False,0.17844099573007433,0.0,14,False
SPON1,4_minus_3,20.0,0.0418701171875,0.10709014532243415,False,0.08856152860597699,0.0,14,False
ALCAM,4_minus_3,20.0,0.0418701171875,0.10709014532243415,False,0.09624611056328192,35.80202488569485,14,False
DEFB4A_DEFB4B,4_minus_3,20.0,0.0418701171875,0.10709014532243415,False,0.6368279457617397,38.488152957788984,14,False
VAV3,4_minus_3,20.0,0.0418701171875,0.10709014532243415,False,0.6373950303863181,37.842583526519995,14,False
FNTA,4_minus_3,20.0,0.0418701171875,0.10709014532243415,False,0.24033677138762066,33.88705394864554,14,False
KLK1,4_minus_3,20.0,0.0418701171875,0.10709014532243415,False,-0.24334745919327422,0.0,14,False
VGF,4_minus_3,20.0,0.0418701171875,0.10709014532243415,False,0.26442595456174234,37.204634822407456,14,False
USP8,4_minus_3,20.0,0.0418701171875,0.10709014532243415,False,0.5004375936904083,36.340253423298485,14,False
LTBP2,4_minus_3,20.0,0.0418701171875,0.10709014532243415,False,0.1686225431143097,35.51489885493445,14,False
PLPBP,4_minus_3,20.0,0.0418701171875,0.10709014532243415,False,0.3878745524178907,0.0,14,False
PDE5A,4_minus_3,20.0,0.0418701171875,0.10709014532243415,False,0.7109737925703907,37.94766646925651,14,False
NOTCH1,4_minus_3,20.0,0.0418701171875,0.10709014532243415,False,0.11586925549357965,36.16594665589032,14,False
NTF3,4_minus_3,20.0,0.0418701171875,0.10709014532243415,False,0.32113434062680174,37.526955653649054,14,False
UNC5D,4_minus_3,20.0,0.0418701171875,0.10709014532243415,False,-0.06101951762576051,-33.98272936679137,14,False
SNU13,4_minus_3,20.0,0.0418701171875,0.10709014532243415,False,0.28669606101272077,3.4866149173888994,14,False
USP25,4_minus_3,20.0,0.0418701171875,0.10709014532243415,False,0.494046494261063,33.88586115958983,14,False
M6PR,4_minus_3,20.0,0.0418701171875,0.10709014532243415,False,0.1600055168540675,33.667490545344094,14,False
TAB2,4_minus_3,17.0,0.04639946187090464,0.11856704594234797,False,0.6580138693034736,38.16442710469889,14,False
NMT1,4_minus_3,21.0,0.0494384765625,0.12053571428571429,False,0.554685773607009,37.28564372323583,14,False
CILP,4_minus_3,21.0,0.0494384765625,0.12053571428571429,False,0.5249644472304984,37.73695769187392,14,False
MRPL58,4_minus_3,21.0,0.0494384765625,0.12053571428571429,False,0.44928615535835414,37.39127780687981,14,False
TGFBR3,4_minus_3,21.0,0.0494384765625,0.12053571428571429,False,0.25927994768593543,2.103082956628121,14,False
TGFBR2,4_minus_3,21.0,0.0494384765625,0.12053571428571429,False,0.08716177242865876,2.0945795141589447,14,False
TFAP2A,4_minus_3,21.0,0.0494384765625,0.12053571428571429,False,0.9481222253144257,39.202521314469955,14,False
FGF5,4_minus_3,21.0,0.0494384765625,0.12053571428571429,False,0.179922316862066,36.547116749754984,14,False
NSFL1C,4_minus_3,21.0,0.0494384765625,0.12053571428571429,False,0.5662016805925201,0.0,14,False
PECAM1,4_minus_3,21.0,0.0494384765625,0.12053571428571429,False,0.11675050430935527,35.167015626525,14,False
DRG2,4_minus_3,21.0,0.0494384765625,0.12053571428571429,False,0.21263436376273678,35.31316791231971,14,False
GMPR,4_minus_3,21.0,0.0494384765625,0.12053571428571429,False,0.34113536977872944,0.0,14,False
CDA,4_minus_3,21.0,0.0494384765625,0.12053571428571429,False,0.29955623001553766,35.59277597632655,14,False
TDRKH,4_minus_3,21.0,0.0494384765625,0.12053571428571429,False,0.24404116642117624,32.24596901372844,14,False
NGF,4_minus_3,21.0,0.0494384765625,0.12053571428571429,False,0.05605190232163795,6.19983126190822,14,False
CD1C,4_minus_3,21.0,0.0494384765625,0.12053571428571429,False,-0.07625345580810067,0.0,14,False
NOTCH2,4_minus_3,21.0,0.0494384765625,0.12053571428571429,False,0.2057211511516906,36.83152378722279,14,False
STIP1,4_minus_3,21.0,0.0494384765625,0.12053571428571429,False,0.32380617946460155,35.32252152118707,14,False
NFKB1,4_minus_3,21.0,0.0494384765625,0.12053571428571429,False,0.3555137587359772,0.0,14,False
SUOX,4_minus_3,21.0,0.0494384765625,0.12053571428571429,False,0.37265939251073704,36.62567768044474,14,False
NDRG1,4_minus_3,21.0,0.0494384765625,0.12053571428571429,False,0.44366061372016713,37.57973587016549,14,False
EIF4B,4_minus_3,21.0,0.0494384765625,0.12053571428571429,False,0.8573368026809497,36.76073630797598,14,False
BRK1,4_minus_3,21.0,0.0494384765625,0.12053571428571429,False,0.3373893638615586,36.71407350090306,14,False
GIPC3,4_minus_3,21.0,0.0494384765625,0.12053571428571429,False,0.8335312327664188,37.788336753780044,14,False
MATN3,4_minus_3,21.0,0.0494384765625,0.12053571428571429,False,0.17619547090934795,36.746749775954314,14,False
ITGB5,4_minus_3,21.0,0.0494384765625,0.12053571428571429,False,0.14577632457355574,0.0,14,False
ITIH3,4_minus_3,21.0,0.0494384765625,0.12053571428571429,False,0.20428677589557315,36.58618114839093,14,False
FMR1,4_minus_3,21.0,0.0494384765625,0.12053571428571429,False,0.7789870385528731,39.334154272450164,14,False
MAP2K6,4_minus_3,21.0,0.0494384765625,0.12053571428571429,False,0.5877582995913059,36.90491392475125,14,False
DCTN6,4_minus_3,21.0,0.0494384765625,0.12053571428571429,False,0.4521830895792627,37.29918085450806,14,False
REG3A,4_minus_3,21.0,0.0494384765625,0.12053571428571429,False,0.13000907262500033,1.3616709547092518,14,False
REG1B,4_minus_3,21.0,0.0494384765625,0.12053571428571429,False,0.2095901068018648,2.578748928230387,14,False
TST,4_minus_3,21.0,0.0494384765625,0.12053571428571429,False,0.08423031095159936,33.61495054929391,14,False
PPBP,4_minus_3,21.0,0.0494384765625,0.12053571428571429,False,0.3253609284549389,0.0,14,False
GAL,4_minus_3,21.0,0.0494384765625,0.12053571428571429,False,0.10279224012854196,0.0,14,False
LIPF,4_minus_3,21.0,0.0494384765625,0.12053571428571429,False,0.2253164427400053,37.115802958020566,14,False
LILRB4,4_minus_3,21.0,0.0494384765625,0.12053571428571429,False,0.2267711153143892,36.95563847386249,14,False
VPS37A,4_minus_3,21.0,0.0494384765625,0.12053571428571429,False,0.4114454863416278,37.64861582248809,14,False
VWC2L,4_minus_3,21.0,0.0494384765625,0.12053571428571429,False,0.19495323614333637,36.23024439543979,14,False
ADAMTS8,4_minus_3,21.0,0.0494384765625,0.12053571428571429,False,0.19622383476266908,36.190277839118274,14,False
ACRBP,4_minus_3,21.0,0.0494384765625,0.12053571428571429,False,0.35842465582240535,37.83343909881273,14,False
LDLRAP1,4_minus_3,21.0,0.0494384765625,0.12053571428571429,False,0.6287086024564728,37.64675550030538,14,False
ZNRF4,4_minus_3,21.0,0.0494384765625,0.12053571428571429,False,0.4079507214148035,37.22742911834297,14,False
DOK1,4_minus_3,21.0,0.0494384765625,0.12053571428571429,False,1.0320400322681398,38.13111809286027,14,False
ENTPD5,4_minus_3,21.0,0.0494384765625,0.12053571428571429,False,0.14148781648236342,35.89736096110766,14,False
GZMB,4_minus_3,21.0,0.0494384765625,0.12053571428571429,False,0.19546648894931523,0.0,14,False
BCL2L15,4_minus_3,21.0,0.0494384765625,0.12053571428571429,False,0.2176295875435223,36.09185143973099,14,False
CSPG4,4_minus_3,21.0,0.0494384765625,0.12053571428571429,False,0.11879867565264214,35.60779924562492,14,False
AXIN1,4_minus_3,21.0,0.0494384765625,0.12053571428571429,False,0.5381743352772381,35.72712380985606,14,False
CRYGD,4_minus_3,21.0,0.0494384765625,0.12053571428571429,False,0.374296719377727,0.0,14,False
PSIP1,4_minus_3,21.0,0.0494384765625,0.12053571428571429,False,0.19785865207426756,0.0,14,False
TIMM10,4_minus_3,21.0,0.0494384765625,0.12053571428571429,False,0.047639694924085804,0.0,14,False
S100A3,4_minus_3,21.0,0.0494384765625,0.12053571428571429,False,0.08824899654313118,0.0,14,False
CHIT1,4_minus_3,21.0,0.0494384765625,0.12053571428571429,False,0.03891829607619263,0.0,14,False
GUCY2C,4_minus_3,18.0,0.05462393825457164,0.13283334207674763,False,0.10487878006960014,32.89186283734132,14,False
BRD1,4_minus_3,18.0,0.05462393825457164,0.13283334207674763,False,0.36082435001689506,37.008779366205225,14,False
ARHGAP30,4_minus_3,18.0,0.05462393825457164,0.13283334207674763,False,0.14943107681462325,34.092380660606395,14,False
NEXN,4_minus_3,22.0,0.0579833984375,0.13629486644407346,False,0.051558243797673486,34.86215694593793,14,False
UROD,4_minus_3,22.0,0.0579833984375,0.13629486644407346,False,0.349906882480679,0.0,14,False
CDH3,4_minus_3,22.0,0.0579833984375,0.13629486644407346,False,0.08656269699095259,1.9182953514397478,14,False
ATP6V1F,4_minus_3,22.0,0.0579833984375,0.13629486644407346,False,0.4105428354430235,38.07942142522348,14,False
CFH,4_minus_3,22.0,0.0579833984375,0.13629486644407346,False,0.09242414239170604,35.883801172687285,14,False
LGALS4,4_minus_3,22.0,0.0579833984375,0.13629486644407346,False,0.2474969233488284,4.319227456766611,14,False
FGR,4_minus_3,22.0,0.0579833984375,0.13629486644407346,False,0.2748419260536805,34.97700400561014,14,False
IL20RB,4_minus_3,22.0,0.0579833984375,0.13629486644407346,False,-0.23225456266593666,0.0,14,False
IL1RL2,4_minus_3,22.0,0.0579833984375,0.13629486644407346,False,-0.2403088859954653,0.0,14,False
PRKG1,4_minus_3,22.0,0.0579833984375,0.13629486644407346,False,0.41187141143247374,36.441383320254594,14,False
WFIKKN2,4_minus_3,22.0,0.0579833984375,0.13629486644407346,False,0.06546301137372118,2.4233664386658047,14,False
HMOX2,4_minus_3,22.0,0.0579833984375,0.13629486644407346,False,0.0812307538077346,0.0,14,False
TXNL1,4_minus_3,22.0,0.0579833984375,0.13629486644407346,False,0.40136147297902447,38.04848403540366,14,False
IMPACT,4_minus_3,22.0,0.0579833984375,0.13629486644407346,False,0.27732007809768355,0.0,14,False
CASP2,4_minus_3,22.0,0.0579833984375,0.13629486644407346,False,0.41557244314005004,37.57607550831442,14,False
PIKFYVE,4_minus_3,22.0,0.0579833984375,0.13629486644407346,False,0.16492956710353482,0.0,14,False
MCEE,4_minus_3,22.0,0.0579833984375,0.13629486644407346,False,-0.22393860000130264,-34.43244640975649,14,False
EDDM3B,4_minus_3,22.0,0.0579833984375,0.13629486644407346,False,0.2583806496187333,7.56674446031363,14,False
CCL8,4_minus_3,22.0,0.0579833984375,0.13629486644407346,False,0.1926001446849448,0.0,14,False
MRC1,4_minus_3,22.0,0.0579833984375,0.13629486644407346,False,0.20948302479451358,1.5180696301395722,14,False
B3GNT7,4_minus_3,22.0,0.0579833984375,0.13629486644407346,False,0.11169824634481637,4.851162434238617,14,False
TBCA,4_minus_3,22.0,0.0579833984375,0.13629486644407346,False,0.4903273206359381,0.0,14,False
B4GAT1,4_minus_3,22.0,0.0579833984375,0.13629486644407346,False,0.20683761069233236,2.1396526697788882,14,False
ENPP5,4_minus_3,22.0,0.0579833984375,0.13629486644407346,False,-0.08266820396337254,0.0,14,False
CD2AP,4_minus_3,22.0,0.0579833984375,0.13629486644407346,False,0.22294818544360648,0.0,14,False
CACNB1,4_minus_3,22.0,0.0579833984375,0.13629486644407346,False,0.2307300935886421,36.58513011482631,14,False
IL3RA,4_minus_3,22.0,0.0579833984375,0.13629486644407346,False,0.2394267285643394,36.71683206496555,14,False
MTIF3,4_minus_3,22.0,0.0579833984375,0.13629486644407346,False,0.5201838202964498,36.910574254169234,14,False
FBP1,4_minus_3,22.0,0.0579833984375,0.13629486644407346,False,-0.9062263033929978,0.0,14,False
PPP1R14D,4_minus_3,22.0,0.0579833984375,0.13629486644407346,False,0.34878697539213477,37.07216026605997,14,False
PTGDS,4_minus_3,22.0,0.0579833984375,0.13629486644407346,False,0.12281954356676114,32.51180456264914,14,False
CTSF,4_minus_3,22.0,0.0579833984375,0.13629486644407346,False,0.2175106420290214,2.2120950304369966,14,False
DNAJC9,4_minus_3,22.0,0.0579833984375,0.13629486644407346,False,0.3117829297929092,0.0,14,False
RNASET2,4_minus_3,22.0,0.0579833984375,0.13629486644407346,False,0.06643082028665159,6.348224955674187,14,False
CLU,4_minus_3,22.0,0.0579833984375,0.13629486644407346,False,0.15681249106878997,36.22184327816701,14,False
RABEPK,4_minus_3,22.0,0.0579833984375,0.13629486644407346,False,0.12814737659739223,0.0,14,False
PTN,4_minus_3,22.0,0.0579833984375,0.13629486644407346,False,0.666899909247934,38.643992797384115,14,False
DSG4,4_minus_3,22.0,0.0579833984375,0.13629486644407346,False,-0.07328248476453715,-35.53691931729011,14,False
CPA4,4_minus_3,22.0,0.0579833984375,0.13629486644407346,False,0.12353098591641232,35.08140148675871,14,False
SEPTIN8,4_minus_3,22.0,0.0579833984375,0.13629486644407346,False,0.22236382587577033,34.927088616495936,14,False
NRGN,4_minus_3,9.0,0.0593361198809086,0.13924209465386553,False,0.08987310602232125,0.0,14,False
DNAJA2,4_minus_3,9.0,0.0593361198809086,0.13924209465386553,False,0.06301709328094551,0.0,14,False
CDK1,4_minus_3,19.0,0.06403014843302322,0.1501323047355482,False,-0.5287669991442037,0.0,14,False
GPA33,4_minus_3,23.0,0.067626953125,0.1532079646017699,False,-0.24841064632735832,0.0,14,False
EIF2S2,4_minus_3,23.0,0.067626953125,0.1532079646017699,False,1.0702721412728775,38.813084111311895,14,False
TMCO5A,4_minus_3,23.0,0.067626953125,0.1532079646017699,False,0.4270342725465771,36.1045944736032,14,False
GNAS,4_minus_3,23.0,0.067626953125,0.1532079646017699,False,0.3022183351167877,35.587703121275645,14,False
GLO1,4_minus_3,23.0,0.067626953125,0.1532079646017699,False,0.300077510424112,0.0,14,False
NPPC,4_minus_3,23.0,0.067626953125,0.1532079646017699,False,0.22422629745394368,34.51636165507951,14,False
C1S,4_minus_3,23.0,0.067626953125,0.1532079646017699,False,0.23327587711582898,36.8826106676,14,False
FCGR2B,4_minus_3,23.0,0.067626953125,0.1532079646017699,False,0.38089723217350746,36.31008960354549,14,False
GIT1,4_minus_3,23.0,0.067626953125,0.1532079646017699,False,0.28135482817650065,0.0,14,False
ICA1,4_minus_3,23.0,0.067626953125,0.1532079646017699,False,0.4384307191069649,36.80009776447874,14,False
MORC3,4_minus_3,23.0,0.067626953125,0.1532079646017699,False,0.135983881937298,0.0,14,False
EGFL7,4_minus_3,23.0,0.067626953125,0.1532079646017699,False,0.17639473074136214,36.2213215215268,14,False
TNF,4_minus_3,23.0,0.067626953125,0.1532079646017699,False,0.21386195624259216,37.05738676312435,14,False
TMPRSS15,4_minus_3,23.0,0.067626953125,0.1532079646017699,False,0.3895011194453507,2.054565537061585,14,False
TNFRSF4,4_minus_3,23.0,0.067626953125,0.1532079646017699,False,0.12038329328016299,34.759042633674134,14,False
ACAA1,4_minus_3,23.0,0.067626953125,0.1532079646017699,False,0.5070518664974883,34.04956608160181,14,False
YWHAQ,4_minus_3,23.0,0.067626953125,0.1532079646017699,False,0.12768440640637896,34.431858057871366,14,False
ACYP1,4_minus_3,23.0,0.067626953125,0.1532079646017699,False,0.22081044361464025,0.0,14,False
LAP3,4_minus_3,23.0,0.067626953125,0.1532079646017699,False,0.4959225048156715,37.06660533398568,14,False
F12,4_minus_3,23.0,0.067626953125,0.1532079646017699,False,0.1934706187511112,1.332306427878479,14,False
AFP,4_minus_3,23.0,0.067626953125,0.1532079646017699,False,0.09099816456148509,0.7168222192851991,14,False
LILRA3,4_minus_3,23.0,0.067626953125,0.1532079646017699,False,0.15670231758223663,2.3170818067502172,14,False
QDPR,4_minus_3,23.0,0.067626953125,0.1532079646017699,False,0.18866157481813545,0.0,14,False
BAG4,4_minus_3,23.0,0.067626953125,0.1532079646017699,False,0.15009376078987105,0.0,14,False
AIF1L,4_minus_3,23.0,0.067626953125,0.1532079646017699,False,0.22682739333563687,35.65081653292823,14,False
RABEP1,4_minus_3,23.0,0.067626953125,0.1532079646017699,False,0.3155860144830764,35.47475250469578,14,False
LSP1,4_minus_3,23.0,0.067626953125,0.1532079646017699,False,0.18772322299267277,0.0,14,False
RBFOX3,4_minus_3,23.0,0.067626953125,0.1532079646017699,False,0.17105851769760666,35.97577789426466,14,False
ERC2,4_minus_3,23.0,0.067626953125,0.1532079646017699,False,-0.2708348736251302,0.0,14,False
PDGFC,4_minus_3,23.0,0.067626953125,0.1532079646017699,False,0.22504890674703038,33.76196805861094,14,False
MBL2,4_minus_3,23.0,0.067626953125,0.1532079646017699,False,0.2711348800865854,0.9400617184316145,14,False
TP53,4_minus_3,23.0,0.067626953125,0.1532079646017699,False,0.3716815566550865,35.50249675046905,14,False
PGA4,4_minus_3,23.0,0.067626953125,0.1532079646017699,False,0.19963589808836296,3.0607783510137705,14,False
AKT2,4_minus_3,23.0,0.067626953125,0.1532079646017699,False,1.087185863748756,37.09762742377876,14,False
CD300C,4_minus_3,23.0,0.067626953125,0.1532079646017699,False,0.1597042496967372,4.624718487164667,14,False
NAP1L4,4_minus_3,23.0,0.067626953125,0.1532079646017699,False,0.4127555986602783,0.0,14,False
SMAD1,4_minus_3,23.0,0.067626953125,0.1532079646017699,False,0.18198620800487686,0.0,14,False
NFASC,4_minus_3,23.0,0.067626953125,0.1532079646017699,False,0.11251746983599094,35.47315634965726,14,False
CDKN2D,4_minus_3,23.0,0.067626953125,0.1532079646017699,False,0.6886393299903506,36.78826412007029,14,False
GUK1,4_minus_3,23.0,0.067626953125,0.1532079646017699,False,-0.441623850506184,-35.29256775801003,14,False
NEFL,4_minus_3,23.0,0.067626953125,0.1532079646017699,False,0.2894699560207681,37.326888407193884,14,False
NFAT5,4_minus_3,23.0,0.067626953125,0.1532079646017699,False,0.7225089663567265,38.24201578125102,14,False
DPP4,4_minus_3,10.0,0.07446183141740548,0.16855668590949663,False,0.06926588132003833,0.0,14,False
BCL7A,4_minus_3,20.0,0.07473549830588254,0.1689046253847233,False,-0.9695385366061529,0.0,14,False
TAP1,4_minus_3,20.0,0.07473549830588254,0.1689046253847233,False,0.6542033386530034,37.42043628339285,14,False
FKBP4,4_minus_3,24.0,0.0784912109375,0.17028601694915255,False,0.21524030994331966,0.0,14,False
SCRN1,4_minus_3,24.0,0.0784912109375,0.17028601694915255,False,0.37230969686582516,36.407289734707376,14,False
ENTPD2,4_minus_3,24.0,0.0784912109375,0.17028601694915255,False,0.22217981197828152,35.98742108833079,14,False
SDK2,4_minus_3,24.0,0.0784912109375,0.17028601694915255,False,0.17115584561056021,36.34106030474345,14,False
PKD1,4_minus_3,24.0,0.0784912109375,0.17028601694915255,False,0.15940314141627296,35.242214312813424,14,False
DDX58,4_minus_3,24.0,0.0784912109375,0.17028601694915255,False,0.362950889970118,34.92668729218037,14,False
CBLIF,4_minus_3,24.0,0.0784912109375,0.17028601694915255,False,0.15436954428375382,1.8760219512286829,14,False
GSR,4_minus_3,24.0,0.0784912109375,0.17028601694915255,False,0.11439769169353266,35.125752493854286,14,False
FNDC1,4_minus_3,24.0,0.0784912109375,0.17028601694915255,False,0.18354340285053822,0.0,14,False
EHBP1,4_minus_3,24.0,0.0784912109375,0.17028601694915255,False,0.1646611991739866,31.646415853477592,14,False
FDX1,4_minus_3,24.0,0.0784912109375,0.17028601694915255,False,0.36594251863021365,36.954809428653896,14,False
SEPTIN9,4_minus_3,24.0,0.0784912109375,0.17028601694915255,False,0.19600545391336938,36.54541818668285,14,False
ANGPT1,4_minus_3,24.0,0.0784912109375,0.17028601694915255,False,0.4781023864766498,33.67778223661446,14,False
KCNC4,4_minus_3,24.0,0.0784912109375,0.17028601694915255,False,0.3811437269613134,5.772978466227184,14,False
CPB2,4_minus_3,24.0,0.0784912109375,0.17028601694915255,False,0.21797597151347745,37.113136411586346,14,False
AP3S2,4_minus_3,24.0,0.0784912109375,0.17028601694915255,False,0.1504885426313456,0.0,14,False
MEGF9,4_minus_3,24.0,0.0784912109375,0.17028601694915255,False,0.12671445482394786,2.4580852244853872,14,False
DPP10,4_minus_3,24.0,0.0784912109375,0.17028601694915255,False,0.16570093009853434,36.732873168992086,14,False
RUVBL1,4_minus_3,24.0,0.0784912109375,0.17028601694915255,False,0.18478411548829615,36.23796381307431,14,False
HPGDS,4_minus_3,24.0,0.0784912109375,0.17028601694915255,False,-0.20227271476670075,0.0,14,False
GYS1,4_minus_3,24.0,0.0784912109375,0.17028601694915255,False,0.2086531752266702,0.0,14,False
TMED8,4_minus_3,24.0,0.0784912109375,0.17028601694915255,False,0.5340614317987202,35.285794766589994,14,False
NFKBIE,4_minus_3,24.0,0.0784912109375,0.17028601694915255,False,0.26434046709059383,0.0,14,False
ITGB1BP2,4_minus_3,24.0,0.0784912109375,0.17028601694915255,False,0.8760011719012091,38.516536792199,14,False
TRIM58,4_minus_3,24.0,0.0784912109375,0.17028601694915255,False,0.5474499459697099,36.33006745251429,14,False
APPL2,4_minus_3,24.0,0.0784912109375,0.17028601694915255,False,0.7300608300435667,37.98173696180668,14,False
CRISP2,4_minus_3,24.0,0.0784912109375,0.17028601694915255,False,0.11916161923049803,36.20309651818715,14,False
GRPEL1,4_minus_3,24.0,0.0784912109375,0.17028601694915255,False,0.20880555433215622,0.0,14,False
CRELD1,4_minus_3,24.0,0.0784912109375,0.17028601694915255,False,0.10974247512870548,36.19576038489468,14,False
TEK,4_minus_3,24.0,0.0784912109375,0.17028601694915255,False,0.03114118851849154,0.9668470968136622,14,False
RAB11FIP3,4_minus_3,24.0,0.0784912109375,0.17028601694915255,False,0.6006553917188084,35.42535992233933,14,False
PAG1,4_minus_3,24.0,0.0784912109375,0.17028601694915255,False,0.22146540217199995,32.77048391079747,14,False
IFNLR1,4_minus_3,24.0,0.0784912109375,0.17028601694915255,False,0.14059873190494596,35.23488483540418,14,False
IL6ST,4_minus_3,24.0,0.0784912109375,0.17028601694915255,False,0.11524110262984835,34.8214552903586,14,False
NOP56,4_minus_3,24.0,0.0784912109375,0.17028601694915255,False,-0.3561235331386879,-34.286407703607175,14,False
LIF,4_minus_3,24.0,0.0784912109375,0.17028601694915255,False,0.17245138472901866,34.755429663642204,14,False
HSPA2,4_minus_3,24.0,0.0784912109375,0.17028601694915255,False,0.2807646826622519,35.12010156127876,14,False
ADAMTS15,4_minus_3,24.0,0.0784912109375,0.17028601694915255,False,0.1716928129613571,0.0,14,False
SRPX,4_minus_3,24.0,0.0784912109375,0.17028601694915255,False,0.177738337536738,32.55767137248356,14,False
WASF1,4_minus_3,24.0,0.0784912109375,0.17028601694915255,False,0.29466114602523374,36.18741663838703,14,False
KRT8,4_minus_3,24.0,0.0784912109375,0.17028601694915255,False,0.47600212096387834,38.341692592599244,14,False
NBN,4_minus_3,24.0,0.0784912109375,0.17028601694915255,False,0.2608273012475262,35.32334091730742,14,False
SH3BGRL2,4_minus_3,24.0,0.0784912109375,0.17028601694915255,False,0.30276605115446015,36.90468475982306,14,False
STK4,4_minus_3,24.0,0.0784912109375,0.17028601694915255,False,0.6067604383122425,35.853488092923335,14,False
SERPINA6,4_minus_3,24.0,0.0784912109375,0.17028601694915255,False,0.12582456112946058,0.9974639190517874,14,False
FGFBP3,4_minus_3,24.0,0.0784912109375,0.17028601694915255,False,0.1942360204963322,33.98311144876155,14,False
STX3,4_minus_3,24.0,0.0784912109375,0.17028601694915255,False,0.10924844058298545,0.0,14,False
GPC1,4_minus_3,24.0,0.0784912109375,0.17028601694915255,False,0.1584615468062963,35.77911988260067,14,False
CCL24,4_minus_3,24.0,0.0784912109375,0.17028601694915255,False,0.20372392940665826,35.98482694841747,14,False
CCL27,4_minus_3,24.0,0.0784912109375,0.17028601694915255,False,0.1328051440381165,0.0,14,False
DNM1,4_minus_3,24.0,0.0784912109375,0.17028601694915255,False,0.5087716617525868,36.38165961076903,14,False
DTYMK,4_minus_3,24.0,0.0784912109375,0.17028601694915255,False,0.5504328434131862,34.32753674864632,14,False
NFE2,4_minus_3,17.0,0.08437944259396048,0.18291956146619914,False,0.3648257058414466,0.0,14,False
ALMS1,4_minus_3,21.0,0.08686008151624075,0.18771910172658016,False,0.2435662643802799,0.0,14,False
ESPL1,4_minus_3,21.0,0.08686008151624075,0.18771910172658016,False,-0.35160689216428587,0.0,14,False
HRAS,4_minus_3,21.0,0.08686008151624075,0.18771910172658016,False,0.2601038805428581,35.310125046693344,14,False
MANEAL,4_minus_3,21.0,0.08686008151624075,0.18771910172658016,False,-0.2597004999125119,0.0,14,False
IL6,4_minus_3,25.0,0.090576171875,0.19077225130890052,False,0.41232652996249786,33.63992407903948,14,False
HLA-A,4_minus_3,25.0,0.090576171875,0.19077225130890052,False,0.11301156977959848,35.60434311580919,14,False
PDZK1,4_minus_3,25.0,0.090576171875,0.19077225130890052,False,0.21410244771601972,36.523311415063475,14,False
FCAMR,4_minus_3,25.0,0.090576171875,0.19077225130890052,False,-0.37367502034835354,0.0,14,False
HJV,4_minus_3,25.0,0.090576171875,0.19077225130890052,False,0.18334380632274233,36.94286461277065,14,False
SPESP1,4_minus_3,25.0,0.090576171875,0.19077225130890052,False,0.17250739724244685,36.75601467521785,14,False
ADAMTS4,4_minus_3,25.0,0.090576171875,0.19077225130890052,False,0.2245928225641908,36.02566937876915,14,False
CRTAM,4_minus_3,25.0,0.090576171875,0.19077225130890052,False,-0.15105378167832303,0.0,14,False
CSNK2A1,4_minus_3,25.0,0.090576171875,0.19077225130890052,False,-0.16142683055201007,0.0,14,False
CHGB,4_minus_3,25.0,0.090576171875,0.19077225130890052,False,0.20023671685251915,36.067226147304204,14,False
TP53I3,4_minus_3,25.0,0.090576171875,0.19077225130890052,False,0.14438086591420612,0.0,14,False
GDNF,4_minus_3,25.0,0.090576171875,0.19077225130890052,False,0.34407405343203645,37.70423161592874,14,False
BOLA1,4_minus_3,25.0,0.090576171875,0.19077225130890052,False,0.4877717831864288,35.56088166356495,14,False
CPXM2,4_minus_3,25.0,0.090576171875,0.19077225130890052,False,0.5223186453784091,2.7225752259157274,14,False
CD300LF,4_minus_3,25.0,0.090576171875,0.19077225130890052,False,0.1762808861088302,1.500485159722841,14,False
ACAN,4_minus_3,25.0,0.090576171875,0.19077225130890052,False,0.1202442638112245,34.47959701134166,14,False
LETM1,4_minus_3,25.0,0.090576171875,0.19077225130890052,False,0.48460341110011185,37.23562152331058,14,False
NFX1,4_minus_3,25.0,0.090576171875,0.19077225130890052,False,0.4170859678849665,0.0,14,False
RFC4,4_minus_3,25.0,0.090576171875,0.19077225130890052,False,0.39375578854819415,37.85674096640122,14,False
OTUD7B,4_minus_3,25.0,0.090576171875,0.19077225130890052,False,0.12956577433090172,0.0,14,False
INHBB,4_minus_3,25.0,0.090576171875,0.19077225130890052,False,0.29664907189224266,4.489040541728947,14,False
GPKOW,4_minus_3,25.0,0.090576171875,0.19077225130890052,False,0.0997371933908085,35.98400911484569,14,False
KLK6,4_minus_3,25.0,0.090576171875,0.19077225130890052,False,0.18436327378056655,34.44967474328816,14,False
SCGB3A2,4_minus_3,25.0,0.090576171875,0.19077225130890052,False,0.18311557311008764,1.7071190936793246,14,False
PNLIPRP2,4_minus_3,25.0,0.090576171875,0.19077225130890052,False,0.39634030591895253,0.0,14,False
TUBB3,4_minus_3,25.0,0.090576171875,0.19077225130890052,False,0.2843627948681158,36.46321450588406,14,False
ITPA,4_minus_3,25.0,0.090576171875,0.19077225130890052,False,0.19681163355386022,0.0,14,False
APOM,4_minus_3,25.0,0.090576171875,0.19077225130890052,False,0.14262972806541138,1.8258980244378151,14,False
GAMT,4_minus_3,25.0,0.090576171875,0.19077225130890052,False,0.1898962557641006,36.78639551130617,14,False
GNPDA2,4_minus_3,25.0,0.090576171875,0.19077225130890052,False,0.1097400353670059,0.0,14,False
CA5A,4_minus_3,25.0,0.090576171875,0.19077225130890052,False,0.2004897268339887,3.1590958309180666,14,False
POLR2F,4_minus_3,25.0,0.090576171875,0.19077225130890052,False,0.15244020857393664,35.935905590723436,14,False
GSTA3,4_minus_3,25.0,0.090576171875,0.19077225130890052,False,0.12708650558012546,2.120675325472254,14,False
NCR3LG1,4_minus_3,25.0,0.090576171875,0.19077225130890052,False,0.09427901294918274,1.1930435108197666,14,False
VTI1A,4_minus_3,11.0,0.09260069782067576,0.19489055684829815,False,0.004873173399859751,0.0,14,False
AMOTL2,4_minus_3,26.0,0.10400390625,0.21054996405463697,False,0.14855335679786497,35.753348638696274,14,False
VNN1,4_minus_3,26.0,0.10400390625,0.21054996405463697,False,0.16503181879190393,2.7032179330659765,14,False
TOMM20,4_minus_3,26.0,0.10400390625,0.21054996405463697,False,0.10674337993557176,0.0,14,False
VASH1,4_minus_3,26.0,0.10400390625,0.21054996405463697,False,0.2637592574149589,35.254451342863916,14,False
GSAP,4_minus_3,26.0,0.10400390625,0.21054996405463697,False,0.18240189141574661,0.0,14,False
KIT,4_minus_3,26.0,0.10400390625,0.21054996405463697,False,-0.0931929772576833,0.0,14,False
KIAA0319,4_minus_3,26.0,0.10400390625,0.21054996405463697,False,-0.13537048163758145,-0.35669196705599304,14,False
AKAP12,4_minus_3,26.0,0.10400390625,0.21054996405463697,False,-0.11174992807331247,0.0,14,False
PLCB1,4_minus_3,26.0,0.10400390625,0.21054996405463697,False,0.40235367808053324,37.89345216490142,14,False
VEGFD,4_minus_3,26.0,0.10400390625,0.21054996405463697,False,-0.20597762204309222,0.0,14,False
PYY,4_minus_3,26.0,0.10400390625,0.21054996405463697,False,-0.19380647185074984,-1.2745620366932844,14,False
MAP3K5,4_minus_3,26.0,0.10400390625,0.21054996405463697,False,0.8503846628249738,38.604858236670836,14,False
ANKRA2,4_minus_3,22.0,0.1005251728089838,0.21054996405463697,False,-0.4899874937055911,-36.95891487947156,14,False
ANXA11,4_minus_3,26.0,0.10400390625,0.21054996405463697,False,0.05055272409801429,1.4855020011718507,14,False
CXCL16,4_minus_3,26.0,0.10400390625,0.21054996405463697,False,0.07334730426078025,0.6667315572991666,14,False
FST,4_minus_3,26.0,0.10400390625,0.21054996405463697,False,0.3851473034627787,1.2508491853125216,14,False
RNASE6,4_minus_3,26.0,0.10400390625,0.21054996405463697,False,0.1854079527621157,36.43744296268028,14,False
RGS8,4_minus_3,26.0,0.10400390625,0.21054996405463697,False,0.08352769384232031,1.821407732556579,14,False
ENTR1,4_minus_3,26.0,0.10400390625,0.21054996405463697,False,0.21345184723475982,35.55914755897607,14,False
DDAH1,4_minus_3,26.0,0.10400390625,0.21054996405463697,False,0.22945390734531876,35.131384051115354,14,False
ANXA5,4_minus_3,26.0,0.10400390625,0.21054996405463697,False,0.3744138235091244,37.80153929989152,14,False
PSRC1,4_minus_3,26.0,0.10400390625,0.21054996405463697,False,0.1959868292480598,33.51530962426447,14,False
PTPRB,4_minus_3,26.0,0.10400390625,0.21054996405463697,False,0.1524026734697949,4.105079166299964,14,False
PCSK7,4_minus_3,26.0,0.10400390625,0.21054996405463697,False,0.2109429313121921,29.994178795185867,14,False
PSTPIP2,4_minus_3,26.0,0.10400390625,0.21054996405463697,False,0.6669561737105023,33.59505050943371,14,False
LILRA5,4_minus_3,26.0,0.10400390625,0.21054996405463697,False,0.08676815525152509,0.0,14,False
VEGFC,4_minus_3,26.0,0.10400390625,0.21054996405463697,False,0.27969611171883735,32.745822980387324,14,False
NMNAT1,4_minus_3,26.0,0.10400390625,0.21054996405463697,False,0.20431449427393633,0.0,14,False
CR1,4_minus_3,26.0,0.10400390625,0.21054996405463697,False,-0.09615699869361691,-30.792799297980686,14,False
S100A13,4_minus_3,26.0,0.10400390625,0.21054996405463697,False,0.0769377944039969,0.0,14,False
NDUFB7,4_minus_3,26.0,0.10400390625,0.21054996405463697,False,0.32136566482125195,36.14477668843079,14,False
CACNB3,4_minus_3,26.0,0.10400390625,0.21054996405463697,False,0.6459737975866076,36.30833454640558,14,False
MTPN,4_minus_3,26.0,0.10400390625,0.21054996405463697,False,-0.24269793840221507,-34.81537318395677,14,False
TIE1,4_minus_3,26.0,0.10400390625,0.21054996405463697,False,0.11593117671038078,0.7865333984240331,14,False
F9,4_minus_3,26.0,0.10400390625,0.21054996405463697,False,0.044101250587321464,1.882393788424568,14,False
MME,4_minus_3,26.0,0.10400390625,0.21054996405463697,False,0.12464760802510208,0.0,14,False
BTC,4_minus_3,26.0,0.10400390625,0.21054996405463697,False,0.352595980735665,36.41379188031565,14,False
SART1,4_minus_3,26.0,0.10400390625,0.21054996405463697,False,0.29635320434586854,36.81555092053912,14,False
CCAR2,4_minus_3,26.0,0.10400390625,0.21054996405463697,False,0.12918034640936443,0.0,14,False
NCS1,4_minus_3,26.0,0.10400390625,0.21054996405463697,False,0.23551266787713152,36.94756017756536,14,False
COX6B1,4_minus_3,26.0,0.10400390625,0.21054996405463697,False,0.4631834670228076,37.31056444161377,14,False
GH2,4_minus_3,26.0,0.10400390625,0.21054996405463697,False,0.1362680410689966,0.0,14,False
CD302,4_minus_3,26.0,0.10400390625,0.21054996405463697,False,0.10986801260493817,34.209238806865585,14,False
SERPINE2,4_minus_3,26.0,0.10400390625,0.21054996405463697,False,0.25964020572744184,0.0,14,False
STX5,4_minus_3,26.0,0.10400390625,0.21054996405463697,False,0.2046960126368741,36.87748166138704,14,False
CD34,4_minus_3,26.0,0.10400390625,0.21054996405463697,False,-0.10024617498943078,0.0,14,False
MTHFD2,4_minus_3,26.0,0.10400390625,0.21054996405463697,False,0.1707529188936862,35.407537426272775,14,False
CEACAM18,4_minus_3,22.0,0.1005251728089838,0.21054996405463697,False,0.4692169951246349,36.641954145699735,14,False
RTN4R,4_minus_3,26.0,0.10400390625,0.21054996405463697,False,0.16275992726329436,1.1082697830475707,14,False
SERPINB8,4_minus_3,26.0,0.10400390625,0.21054996405463697,False,0.15748540958668383,31.22075032780635,14,False
PRKAB1,4_minus_3,26.0,0.10400390625,0.21054996405463697,False,0.4810517390896878,37.17207502169926,14,False
BTLA,4_minus_3,22.0,0.1005251728089838,0.21054996405463697,False,-0.1620681963717919,0.0,14,False
MUC13,4_minus_3,26.0,0.10400390625,0.21054996405463697,False,0.17042581538386933,33.62250245104296,14,False
FABP3,4_minus_3,12.0,0.11412832776223866,0.23054904661295844,False,0.22077864633895805,0.0,14,False
CCL2,4_minus_3,12.0,0.11412832776223866,0.23054904661295844,False,0.03834694621375215,0.0,14,False
EFEMP1,4_minus_3,12.0,0.11412832776223866,0.23054904661295844,False,0.10864544628291245,0.0,14,False
ANPEP,4_minus_3,27.0,0.118896484375,0.23218619972260748,False,0.17084287688568367,35.536477827795125,14,False
KLK13,4_minus_3,27.0,0.118896484375,0.23218619972260748,False,0.21375726344010365,33.83388076804242,14,False
LRPAP1,4_minus_3,27.0,0.118896484375,0.23218619972260748,False,0.18228448981630235,36.71232568913208,14,False
PRTFDC1,4_minus_3,27.0,0.118896484375,0.23218619972260748,False,0.5549157496686454,36.83318433171913,14,False
PON3,4_minus_3,27.0,0.118896484375,0.23218619972260748,False,-0.15880781340243694,-35.0097260693944,14,False
TXNDC9,4_minus_3,27.0,0.118896484375,0.23218619972260748,False,0.10428566132414005,0.0,14,False
SUSD1,4_minus_3,27.0,0.118896484375,0.23218619972260748,False,0.3996742794569327,36.52749729973827,14,False
CNPY2,4_minus_3,27.0,0.118896484375,0.23218619972260748,False,0.392599009051796,35.378300744271286,14,False
AMIGO1,4_minus_3,27.0,0.118896484375,0.23218619972260748,False,-0.36969464848670663,0.0,14,False
KLRF1,4_minus_3,27.0,0.118896484375,0.23218619972260748,False,0.2723976839498671,36.93823788018233,14,False
VSTM2L,4_minus_3,27.0,0.118896484375,0.23218619972260748,False,0.2411527387486156,3.5974838363545705,14,False
FCRL2,4_minus_3,27.0,0.118896484375,0.23218619972260748,False,0.08660340193704372,0.0,14,False
GNLY,4_minus_3,27.0,0.118896484375,0.23218619972260748,False,0.21711681815950662,0.0,14,False
KAZN,4_minus_3,27.0,0.118896484375,0.23218619972260748,False,0.3628489358022669,33.16684996477557,14,False
DKKL1,4_minus_3,27.0,0.118896484375,0.23218619972260748,False,0.20631027646902517,1.828405770971194,14,False
RAP1A,4_minus_3,27.0,0.118896484375,0.23218619972260748,False,0.4714337780833568,37.98476789336152,14,False
DDX4,4_minus_3,27.0,0.118896484375,0.23218619972260748,False,-0.20164433027292616,0.0,14,False
HAVCR2,4_minus_3,27.0,0.118896484375,0.23218619972260748,False,0.08696825100026717,1.6330764673034552,14,False
UBQLN3,4_minus_3,27.0,0.118896484375,0.23218619972260748,False,0.43945961941006095,38.10222262508672,14,False
TCP11,4_minus_3,23.0,0.11585149752593009,0.23218619972260748,False,0.6650658104933366,4.965214877777765,14,False
PRSS27,4_minus_3,27.0,0.118896484375,0.23218619972260748,False,0.09450228366423889,35.34208767785694,14,False
ASRGL1,4_minus_3,27.0,0.118896484375,0.23218619972260748,False,0.1807054792930435,0.0,14,False
PCYT2,4_minus_3,27.0,0.118896484375,0.23218619972260748,False,0.4500087522410272,35.9026135911114,14,False
SMS,4_minus_3,27.0,0.118896484375,0.23218619972260748,False,0.2555774915715396,0.0,14,False
INPP5D,4_minus_3,27.0,0.118896484375,0.23218619972260748,False,0.22052282778474303,0.0,14,False
PSME2,4_minus_3,27.0,0.118896484375,0.23218619972260748,False,0.31984652233277666,34.58325589887253,14,False
MMP10,4_minus_3,27.0,0.118896484375,0.23218619972260748,False,0.22498210245723918,37.27735990856524,14,False
SPRING1,4_minus_3,23.0,0.11585149752593009,0.23218619972260748,False,-0.11420606713511863,0.0,14,False
ZNF830,4_minus_3,27.0,0.118896484375,0.23218619972260748,False,-0.10945898203125345,-35.03299695925565,14,False
ENTPD6,4_minus_3,27.0,0.118896484375,0.23218619972260748,False,0.10673886209123754,35.443650270680735,14,False
CD80,4_minus_3,27.0,0.118896484375,0.23218619972260748,False,0.07597151707463723,0.0,14,False
CD6,4_minus_3,27.0,0.118896484375,0.23218619972260748,False,0.08234708057810805,0.0,14,False
DUSP13,4_minus_3,27.0,0.118896484375,0.23218619972260748,False,-0.159686690576754,0.0,14,False
FABP2,4_minus_3,27.0,0.118896484375,0.23218619972260748,False,0.35158115614012836,37.34289236944129,14,False
ATP2B4,4_minus_3,27.0,0.118896484375,0.23218619972260748,False,-0.24935594061540245,-36.836504222297734,14,False
SETMAR,4_minus_3,27.0,0.118896484375,0.23218619972260748,False,0.1149561533020925,0.0,14,False
ECM1,4_minus_3,27.0,0.118896484375,0.23218619972260748,False,0.08461545435958223,0.0,14,False
CD248,4_minus_3,27.0,0.118896484375,0.23218619972260748,False,0.1206956646044903,0.0,14,False
ARL2BP,4_minus_3,27.0,0.118896484375,0.23218619972260748,False,0.15244400650511952,0.0,14,False
LAIR2,4_minus_3,27.0,0.118896484375,0.23218619972260748,False,-0.3314545663144073,0.0,14,False
EPCAM,4_minus_3,27.0,0.118896484375,0.23218619972260748,False,-0.15279132384569197,0.0,14,False
REG4,4_minus_3,27.0,0.118896484375,0.23218619972260748,False,0.14255866813575413,35.41200857239014,14,False
PPP1R12B,4_minus_3,23.0,0.11585149752593009,0.23218619972260748,False,0.04531996399485794,0.0,14,False
NTF4,4_minus_3,27.0,0.118896484375,0.23218619972260748,False,0.1054205791531718,0.8599642909769087,14,False
NINJ1,4_minus_3,27.0,0.118896484375,0.23218619972260748,False,0.13058314811785302,35.551227207451184,14,False
PFDN6,4_minus_3,27.0,0.118896484375,0.23218619972260748,False,-1.6116179760058191,0.0,14,False
WAS,4_minus_3,27.0,0.118896484375,0.23218619972260748,False,0.7092182778249423,38.38873361237511,14,False
CTF1,4_minus_3,27.0,0.118896484375,0.23218619972260748,False,0.34305933394310806,0.0,14,False
CLIC5,4_minus_3,28.0,0.13525390625,0.2561365164761264,False,0.08672731486241579,34.964775655834885,14,False
ACE2,4_minus_3,28.0,0.13525390625,0.2561365164761264,False,0.06299712133324645,1.0328230664725844,14,False
NPL,4_minus_3,28.0,0.13525390625,0.2561365164761264,False,0.1012328088894276,0.0,14,False
FOLR2,4_minus_3,28.0,0.13525390625,0.2561365164761264,False,0.12351649320335334,35.45824018321863,14,False
SOD1,4_minus_3,28.0,0.13525390625,0.2561365164761264,False,0.13365024551873878,0.0,14,False
DNM3,4_minus_3,28.0,0.13525390625,0.2561365164761264,False,0.13398719392361547,0.0,14,False
PDE1C,4_minus_3,24.0,0.13295729296233563,0.2561365164761264,False,-0.3375351418291135,0.0,14,False
NCAN,4_minus_3,28.0,0.13525390625,0.2561365164761264,False,0.14910974216568773,35.57958146375401,14,False
CLPS,4_minus_3,28.0,0.13525390625,0.2561365164761264,False,0.15116033015949226,36.45214598047988,14,False
AHNAK,4_minus_3,28.0,0.13525390625,0.2561365164761264,False,0.12531133611375364,33.02543992906169,14,False
CLSTN2,4_minus_3,28.0,0.13525390625,0.2561365164761264,False,0.19248242125830725,36.89122235859379,14,False
LAMP3,4_minus_3,28.0,0.13525390625,0.2561365164761264,False,0.10924709489614132,2.3287453527468034,14,False
SFTPD,4_minus_3,28.0,0.13525390625,0.2561365164761264,False,-0.14125541700933164,-35.68786966340493,14,False
LRIG1,4_minus_3,28.0,0.13525390625,0.2561365164761264,False,0.13273641348220844,1.878287367660564,14,False
TNFSF10,4_minus_3,28.0,0.13525390625,0.2561365164761264,False,0.07205230658210189,0.0,14,False
TEX33,4_minus_3,24.0,0.13295729296233563,0.2561365164761264,False,0.6383881585766217,38.884354283446534,14,False
CSDE1,4_minus_3,28.0,0.13525390625,0.2561365164761264,False,0.13482612998441607,0.0,14,False
IL20,4_minus_3,28.0,0.13525390625,0.2561365164761264,False,0.3940008571885279,6.585030939204822,14,False
MAX,4_minus_3,28.0,0.13525390625,0.2561365164761264,False,0.6769042889323034,38.04343128015242,14,False
MB,4_minus_3,28.0,0.13525390625,0.2561365164761264,False,0.18571822180295572,35.796626120768934,14,False
ITIH1,4_minus_3,28.0,0.13525390625,0.2561365164761264,False,0.13781428302590007,2.77068768056588,14,False
MST1,4_minus_3,28.0,0.13525390625,0.2561365164761264,False,0.10980873904532315,35.694475736997774,14,False
SERPINI1,4_minus_3,28.0,0.13525390625,0.2561365164761264,False,0.29805500867104917,37.58464060428638,14,False
REG1A,4_minus_3,28.0,0.13525390625,0.2561365164761264,False,0.12715962468565883,1.6399027541120414,14,False
IVD,4_minus_3,28.0,0.13525390625,0.2561365164761264,False,0.7218750132444403,38.73699407857993,14,False
COQ7,4_minus_3,28.0,0.13525390625,0.2561365164761264,False,0.1569121172312237,36.181930487262,14,False
BPIFB1,4_minus_3,28.0,0.13525390625,0.2561365164761264,False,0.12744257345172494,35.37763617082167,14,False
DYNLT1,4_minus_3,28.0,0.13525390625,0.2561365164761264,False,0.2716623752425641,35.68108978152931,14,False
MAMDC2,4_minus_3,28.0,0.13525390625,0.2561365164761264,False,0.3392952966548868,37.83834662457005,14,False
FAP,4_minus_3,28.0,0.13525390625,0.2561365164761264,False,0.10578023491433156,34.576291493554024,14,False
CDH1,4_minus_3,28.0,0.13525390625,0.2561365164761264,False,0.05105533873104298,1.891174552479561,14,False
AMFR,4_minus_3,28.0,0.13525390625,0.2561365164761264,False,0.14811613446003002,36.57189904228768,14,False
FDX2,4_minus_3,28.0,0.13525390625,0.2561365164761264,False,0.492951450004725,38.46582701147524,14,False
ILKAP,4_minus_3,28.0,0.13525390625,0.2561365164761264,False,0.2718729578432326,0.0,14,False
CCL14,4_minus_3,28.0,0.13525390625,0.2561365164761264,False,0.20626801046474788,37.096034423281175,14,False
SLC12A2,4_minus_3,28.0,0.13525390625,0.2561365164761264,False,-0.19719389902195825,0.0,14,False
EIF1AX,4_minus_3,28.0,0.13525390625,0.2561365164761264,False,0.2621949405911609,37.493248593252446,14,False
MEPE,4_minus_3,28.0,0.13525390625,0.2561365164761264,False,0.13763860893794555,32.60920466871541,14,False
GCHFR,4_minus_3,28.0,0.13525390625,0.2561365164761264,False,0.120194224865257,33.145086915077535,14,False
NXPH3,4_minus_3,28.0,0.13525390625,0.2561365164761264,False,-0.21505501138908195,0.0,14,False
DEFA1_DEFA1B,4_minus_3,28.0,0.13525390625,0.2561365164761264,False,0.1477802020093284,36.085289157617574,14,False
CTSH,4_minus_3,28.0,0.13525390625,0.2561365164761264,False,-0.11383377737738612,0.0,14,False
KIF1C,4_minus_3,28.0,0.13525390625,0.2561365164761264,False,0.131501556568379,0.0,14,False
CSTB,4_minus_3,28.0,0.13525390625,0.2561365164761264,False,0.30058721911608655,36.070847066714165,14,False
MET,4_minus_3,28.0,0.13525390625,0.2561365164761264,False,0.14058089352894101,36.46185709706646,14,False
OLFM4,4_minus_3,29.0,0.153076171875,0.2799107142857143,False,0.1848286950395418,0.0,14,False
TPPP2,4_minus_3,25.0,0.15195618574341047,0.2799107142857143,False,0.7665818962529927,39.028105820258524,14,False
XRCC4,4_minus_3,29.0,0.153076171875,0.2799107142857143,False,0.07869693011489029,32.3020036728453,14,False
RSPO3,4_minus_3,29.0,0.153076171875,0.2799107142857143,False,0.17163663421995173,34.60884022522963,14,False
SHC1,4_minus_3,25.0,0.15195618574341047,0.2799107142857143,False,-0.45808288598474267,0.0,14,False
TMPRSS5,4_minus_3,29.0,0.153076171875,0.2799107142857143,False,0.09539817948264875,0.0,14,False
PIK3IP1,4_minus_3,29.0,0.153076171875,0.2799107142857143,False,0.10206092910286532,35.97001612303864,14,False
SLIT2,4_minus_3,29.0,0.153076171875,0.2799107142857143,False,0.11881002784829771,36.235814403453126,14,False
SLA2,4_minus_3,29.0,0.153076171875,0.2799107142857143,False,0.44723857450632076,36.04267390483404,14,False
USP47,4_minus_3,29.0,0.153076171875,0.2799107142857143,False,-0.2606132310554383,0.0,14,False
SERPINC1,4_minus_3,29.0,0.153076171875,0.2799107142857143,False,0.1351192838730222,36.326445378217066,14,False
SIRPA,4_minus_3,29.0,0.153076171875,0.2799107142857143,False,0.07168884877275068,1.8234912702962447,14,False
STX16,4_minus_3,29.0,0.153076171875,0.2799107142857143,False,0.516130746696634,0.0,14,False
NARS1,4_minus_3,29.0,0.153076171875,0.2799107142857143,False,0.22427444253310275,33.55006807629711,14,False
SEMA3G,4_minus_3,29.0,0.153076171875,0.2799107142857143,False,0.10985749605674794,0.9559240771894902,14,False
MYH9,4_minus_3,29.0,0.153076171875,0.2799107142857143,False,0.2844970440022353,33.529441301878606,14,False
PRSS53,4_minus_3,29.0,0.153076171875,0.2799107142857143,False,0.11529527115400723,36.042332144127016,14,False
NPM1,4_minus_3,29.0,0.153076171875,0.2799107142857143,False,0.30903981512184375,31.110172113477827,14,False
SPAG1,4_minus_3,29.0,0.153076171875,0.2799107142857143,False,0.17697351342763246,0.0,14,False
RAB2B,4_minus_3,29.0,0.153076171875,0.2799107142857143,False,0.19569496907863793,0.0,14,False
TRIM26,4_minus_3,25.0,0.15195618574341047,0.2799107142857143,False,-0.18059353253307195,0.0,14,False
SRPK2,4_minus_3,29.0,0.153076171875,0.2799107142857143,False,0.10591574969895032,0.0,14,False
PTP4A3,4_minus_3,29.0,0.153076171875,0.2799107142857143,False,0.0972729095506871,33.41822886764135,14,False
SERPINA4,4_minus_3,29.0,0.153076171875,0.2799107142857143,False,0.15311301236807523,2.0610386977249235,14,False
MYO9B,4_minus_3,29.0,0.153076171875,0.2799107142857143,False,0.42149072618287736,34.155104132756776,14,False
A1BG,4_minus_3,29.0,0.153076171875,0.2799107142857143,False,0.0787757705018994,1.1209794049548711,14,False
KIF22,4_minus_3,29.0,0.153076171875,0.2799107142857143,False,0.4060860675192483,0.0,14,False
CTNNA1,4_minus_3,29.0,0.153076171875,0.2799107142857143,False,0.07965997250131801,3.4861990397316185,14,False
ISM2,4_minus_3,29.0,0.153076171875,0.2799107142857143,False,-0.20229207566869986,0.0,14,False
FUT1,4_minus_3,25.0,0.15195618574341047,0.2799107142857143,False,0.2948504410288191,7.997180942467609,14,False
KIR3DL2,4_minus_3,25.0,0.15195618574341047,0.2799107142857143,False,0.21898490666774895,0.0,14,False
CEBPA,4_minus_3,29.0,0.153076171875,0.2799107142857143,False,0.1926818275131567,35.9353377358463,14,False
CEACAM3,4_minus_3,29.0,0.153076171875,0.2799107142857143,False,0.11740465412792903,34.05872945771991,14,False
CNPY4,4_minus_3,29.0,0.153076171875,0.2799107142857143,False,0.41091559154639073,37.37071127028359,14,False
FGF7,4_minus_3,25.0,0.15195618574341047,0.2799107142857143,False,-0.48697473004229697,0.0,14,False
ICAM5,4_minus_3,29.0,0.153076171875,0.2799107142857143,False,0.0499629464911932,0.0,14,False
GLRX,4_minus_3,29.0,0.153076171875,0.2799107142857143,False,0.22932873020404135,0.0,14,False
ATP6V1G1,4_minus_3,29.0,0.153076171875,0.2799107142857143,False,0.18334594362806156,0.0,14,False
CCDC134,4_minus_3,29.0,0.153076171875,0.2799107142857143,False,0.254860365063831,1.2453630109816676,14,False
FXYD5,4_minus_3,29.0,0.153076171875,0.2799107142857143,False,0.42477525767072877,37.1916044391967,14,False
KYNU,4_minus_3,29.0,0.153076171875,0.2799107142857143,False,0.13812775126120413,0.0,14,False
HYAL1,4_minus_3,29.0,0.153076171875,0.2799107142857143,False,0.11862047690164144,1.0333594719912123,14,False
IL7R,4_minus_3,29.0,0.153076171875,0.2799107142857143,False,0.10780443006161881,0.0,14,False
HSP90B1,4_minus_3,29.0,0.153076171875,0.2799107142857143,False,0.2647937292490903,37.41729019803181,14,False
IL9,4_minus_3,25.0,0.15195618574341047,0.2799107142857143,False,0.1448701886457664,36.578227538008626,14,False
CR2,4_minus_3,29.0,0.153076171875,0.2799107142857143,False,0.136638989901177,34.0529373831744,14,False
H2AP,4_minus_3,25.0,0.15195618574341047,0.2799107142857143,False,-0.16571943938816247,0.0,14,False
C2orf69,4_minus_3,29.0,0.153076171875,0.2799107142857143,False,0.19559173295959084,0.0,14,False
DLGAP5,4_minus_3,29.0,0.153076171875,0.2799107142857143,False,0.11499015171131174,3.774767699241924,14,False
CCT5,4_minus_3,29.0,0.153076171875,0.2799107142857143,False,0.11153582732582928,34.64359157709517,14,False
HLA-E,4_minus_3,29.0,0.153076171875,0.2799107142857143,False,0.062085608839747855,3.7238675372356527,14,False
GPR101,4_minus_3,29.0,0.153076171875,0.2799107142857143,False,0.12776107678870524,36.32830196908781,14,False
CLEC4C,4_minus_3,29.0,0.153076171875,0.2799107142857143,False,0.13039140450868286,0.0,14,False
CNTF,4_minus_3,30.0,0.172607421875,0.3076696456445942,False,0.31232457403657854,37.61353444103655,14,False
FN1,4_minus_3,30.0,0.172607421875,0.3076696456445942,False,0.12919786747053555,34.13339151589016,14,False
CNTNAP2,4_minus_3,30.0,0.172607421875,0.3076696456445942,False,0.10182432348182145,35.92187784928385,14,False
ASPN,4_minus_3,30.0,0.172607421875,0.3076696456445942,False,0.22179819295979514,37.16125023139583,14,False
APOA1,4_minus_3,30.0,0.172607421875,0.3076696456445942,False,0.12222089205575759,2.3259309139829534,14,False
IZUMO1,4_minus_3,26.0,0.17295491798842066,0.3076696456445942,False,-0.23706520536293257,0.0,14,False
USP28,4_minus_3,30.0,0.172607421875,0.3076696456445942,False,0.09438752327021134,0.0,14,False
GP2,4_minus_3,30.0,0.172607421875,0.3076696456445942,False,0.1332434561897543,35.31818860601943,14,False
STX6,4_minus_3,30.0,0.172607421875,0.3076696456445942,False,0.20997345227988368,0.0,14,False
SPINK4,4_minus_3,30.0,0.172607421875,0.3076696456445942,False,0.23454699374540103,35.81652903673951,14,False
CD276,4_minus_3,30.0,0.172607421875,0.3076696456445942,False,0.08010344242026317,0.0,14,False
CD244,4_minus_3,30.0,0.172607421875,0.3076696456445942,False,0.047451792745255704,0.0,14,False
ST13,4_minus_3,30.0,0.172607421875,0.3076696456445942,False,0.27789509050081457,0.0,14,False
PBK,4_minus_3,26.0,0.17295491798842066,0.3076696456445942,False,-0.3595833105954225,0.0,14,False
PDIA3,4_minus_3,30.0,0.172607421875,0.3076696456445942,False,0.31394079416052606,37.30581539833473,14,False
TBC1D5,4_minus_3,30.0,0.172607421875,0.3076696456445942,False,0.6702283682698904,38.46498115051311,14,False
PFDN4,4_minus_3,26.0,0.17295491798842066,0.3076696456445942,False,-0.39879541505596205,0.0,14,False
PTH,4_minus_3,30.0,0.172607421875,0.3076696456445942,False,0.5954747390941589,2.171709924330685,14,False
TPR,4_minus_3,30.0,0.172607421875,0.3076696456445942,False,0.22366693048638728,36.43723041142448,14,False
RAB33A,4_minus_3,30.0,0.172607421875,0.3076696456445942,False,0.9167313153296409,38.42166914935476,14,False
EDIL3,4_minus_3,30.0,0.172607421875,0.3076696456445942,False,-0.10884670833034937,0.0,14,False
EIF5A,4_minus_3,30.0,0.172607421875,0.3076696456445942,False,-0.2146977104707894,-35.35428623176522,14,False
PQBP1,4_minus_3,30.0,0.172607421875,0.3076696456445942,False,0.2746494956103554,37.42162707831422,14,False
ATP6AP2,4_minus_3,30.0,0.172607421875,0.3076696456445942,False,0.3244010383475838,36.85395790547627,14,False
ENSA,4_minus_3,30.0,0.172607421875,0.3076696456445942,False,0.17797646813044737,0.0,14,False
ADA2,4_minus_3,30.0,0.172607421875,0.3076696456445942,False,0.08280000550042564,0.0,14,False
TXK,4_minus_3,26.0,0.17295491798842066,0.3076696456445942,False,0.14305180730992406,0.0,14,False
ADAM22,4_minus_3,30.0,0.172607421875,0.3076696456445942,False,0.16698139372908277,34.13103532162235,14,False
C2,4_minus_3,30.0,0.172607421875,0.3076696456445942,False,0.023267061041586202,1.5038006703317737,14,False
CXCL12,4_minus_3,30.0,0.172607421875,0.3076696456445942,False,0.12608974873365378,0.0,14,False
CCS,4_minus_3,30.0,0.172607421875,0.3076696456445942,False,0.16270801052426337,0.0,14,False
COMP,4_minus_3,14.0,0.1688069535565081,0.3076696456445942,False,0.0,0.0,14,False
RPE,4_minus_3,26.0,0.17295491798842066,0.3076696456445942,False,0.06704575471817692,0.0,14,False
RPL14,4_minus_3,30.0,0.172607421875,0.3076696456445942,False,0.21273663456779554,31.583856124466998,14,False
FCRLB,4_minus_3,30.0,0.172607421875,0.3076696456445942,False,0.1097826717430983,35.05689767931233,14,False
CST5,4_minus_3,30.0,0.172607421875,0.3076696456445942,False,0.18942594621477044,0.0,14,False
ADAM9,4_minus_3,30.0,0.172607421875,0.3076696456445942,False,0.15445426512108157,36.55339610032036,14,False
CSRP3,4_minus_3,30.0,0.172607421875,0.3076696456445942,False,0.35699717493220984,37.13357164888668,14,False
C2CD2L,4_minus_3,30.0,0.172607421875,0.3076696456445942,False,0.18487605215803665,36.66257116552197,14,False
KLRB1,4_minus_3,30.0,0.172607421875,0.3076696456445942,False,0.0828784674526152,35.62652587872106,14,False
S100G,4_minus_3,30.0,0.172607421875,0.3076696456445942,False,0.3021668919736843,2.757784986108291,14,False
CRX,4_minus_3,30.0,0.172607421875,0.3076696456445942,False,0.235130972819042,37.25285026500402,14,False
LRCH4,4_minus_3,30.0,0.172607421875,0.3076696456445942,False,0.31863827196248773,33.925599629145765,14,False
MDGA1,4_minus_3,31.0,0.1937255859375,0.33468174846625764,False,-0.11271236819091629,0.0,14,False
HSD17B14,4_minus_3,31.0,0.1937255859375,0.33468174846625764,False,0.0958616602651123,0.0,14,False
CASC3,4_minus_3,31.0,0.1937255859375,0.33468174846625764,False,-0.29984261090040487,0.0,14,False
TPMT,4_minus_3,31.0,0.1937255859375,0.33468174846625764,False,0.2996370901220521,32.30823245524489,14,False
BCAT2,4_minus_3,31.0,0.1937255859375,0.33468174846625764,False,0.27629640820093165,37.42571443525954,14,False
IL1A,4_minus_3,31.0,0.1937255859375,0.33468174846625764,False,-0.25215292650850474,-34.337011644555915,14,False
NAA80,4_minus_3,31.0,0.1937255859375,0.33468174846625764,False,0.6142625034613121,31.508522555743244,14,False
SV2A,4_minus_3,31.0,0.1937255859375,0.33468174846625764,False,0.3944543828685664,0.0,14,False
ATG4A,4_minus_3,31.0,0.1937255859375,0.33468174846625764,False,0.3017073614758988,0.0,14,False
ATP1B2,4_minus_3,31.0,0.1937255859375,0.33468174846625764,False,-0.23389867583439342,0.0,14,False
LEPR,4_minus_3,31.0,0.1937255859375,0.33468174846625764,False,0.2147131299847966,2.0188338491711675,14,False
NOS3,4_minus_3,31.0,0.1937255859375,0.33468174846625764,False,0.16815996449701306,35.78153489656761,14,False
PTPRZ1,4_minus_3,31.0,0.1937255859375,0.33468174846625764,False,0.09849484195725744,34.97813933630035,14,False
DPP6,4_minus_3,31.0,0.1937255859375,0.33468174846625764,False,0.1425191429886256,36.12431785654317,14,False
DEFB116,4_minus_3,31.0,0.1937255859375,0.33468174846625764,False,0.2448208818046858,37.41781266376998,14,False
DEFB104A_DEFB104B,4_minus_3,31.0,0.1937255859375,0.33468174846625764,False,0.474423154708093,38.296729679341865,14,False
EHD3,4_minus_3,31.0,0.1937255859375,0.33468174846625764,False,0.4526054734552648,0.0,14,False
PRG2,4_minus_3,31.0,0.1937255859375,0.33468174846625764,False,-0.12714828217656993,-36.24665261869366,14,False
ENO3,4_minus_3,31.0,0.1937255859375,0.33468174846625764,False,0.08654996122171657,0.0,14,False
REPS1,4_minus_3,31.0,0.1937255859375,0.33468174846625764,False,0.2157290776056246,0.0,14,False
PPP1R14A,4_minus_3,31.0,0.1937255859375,0.33468174846625764,False,0.5016284341968126,0.0,14,False
DAPP1,4_minus_3,31.0,0.1937255859375,0.33468174846625764,False,0.514130654816236,0.0,14,False
ERN1,4_minus_3,31.0,0.1937255859375,0.33468174846625764,False,0.11502603547258945,0.0,14,False
ROR1,4_minus_3,31.0,0.1937255859375,0.33468174846625764,False,0.05874081348237166,2.411592604191377,14,False
S100A14,4_minus_3,31.0,0.1937255859375,0.33468174846625764,False,-0.15743543857276024,-32.851571437975394,14,False
PIK3AP1,4_minus_3,31.0,0.1937255859375,0.33468174846625764,False,0.40645181210720327,0.0,14,False
FGF20,4_minus_3,31.0,0.1937255859375,0.33468174846625764,False,0.03307173347232655,0.4031016181626209,14,False
FGFR4,4_minus_3,31.0,0.1937255859375,0.33468174846625764,False,-0.1315726289118139,0.0,14,False
CLEC10A,4_minus_3,31.0,0.1937255859375,0.33468174846625764,False,0.18746318223624076,30.12024241692636,14,False
SFTPA2,4_minus_3,31.0,0.1937255859375,0.33468174846625764,False,-0.2227593753319863,-36.41746108224329,14,False
SIGLEC5,4_minus_3,31.0,0.1937255859375,0.33468174846625764,False,0.101836084350164,0.5543795854607817,14,False
OSCAR,4_minus_3,31.0,0.1937255859375,0.33468174846625764,False,0.04498032836939159,0.0,14,False
NXPH1,4_minus_3,31.0,0.1937255859375,0.33468174846625764,False,0.055675244603888306,34.581224218206394,14,False
NT5C3A,4_minus_3,31.0,0.1937255859375,0.33468174846625764,False,0.23002682218470616,0.0,14,False
GLT8D2,4_minus_3,31.0,0.1937255859375,0.33468174846625764,False,0.1134959003281178,36.05888541972628,14,False
CD99,4_minus_3,31.0,0.1937255859375,0.33468174846625764,False,0.05970143341214845,0.0,14,False
CD93,4_minus_3,31.0,0.1937255859375,0.33468174846625764,False,-0.08697219112508171,-15.129483399120883,14,False
SSNA1,4_minus_3,31.0,0.1937255859375,0.33468174846625764,False,0.12026322708959314,0.0,14,False
CHAC2,4_minus_3,31.0,0.1937255859375,0.33468174846625764,False,0.15283056524651062,0.0,14,False
PTPN9,4_minus_3,31.0,0.1937255859375,0.33468174846625764,False,0.2713175375108739,0.0,14,False
ACY1,4_minus_3,31.0,0.1937255859375,0.33468174846625764,False,0.18265595062707699,36.40573089435527,14,False
AKT3,4_minus_3,31.0,0.1937255859375,0.33468174846625764,False,0.6663810037054811,38.35683432758991,14,False
MAGED1,4_minus_3,31.0,0.1937255859375,0.33468174846625764,False,0.2354564013213261,34.17316370875826,14,False
APP,4_minus_3,31.0,0.1937255859375,0.33468174846625764,False,0.08082787077050124,32.39015153552079,14,False
XCL1,4_minus_3,31.0,0.1937255859375,0.33468174846625764,False,0.09291920034395325,0.0,14,False
ANGPTL3,4_minus_3,31.0,0.1937255859375,0.33468174846625764,False,0.14634498843826035,0.0,14,False
UPK3A,4_minus_3,31.0,0.1937255859375,0.33468174846625764,False,0.43906157572274085,37.898909434980006,14,False
RAD51,4_minus_3,27.0,0.1960509634811064,0.3376633108029331,False,0.24027618811759405,37.188557375641054,14,False
CASP4,4_minus_3,27.0,0.1960509634811064,0.3376633108029331,False,0.22881655147189284,0.0,14,False
LYZL2,4_minus_3,27.0,0.1960509634811064,0.3376633108029331,False,-0.05024791973152615,0.0,14,False
MYH7B,4_minus_3,27.0,0.1960509634811064,0.3376633108029331,False,-0.27621973933344135,0.0,14,False
COL9A2,4_minus_3,27.0,0.1960509634811064,0.3376633108029331,False,0.2047675110995249,36.643274969548244,14,False
UBXN1,4_minus_3,23.0,0.20942675696103719,0.36004013895133136,False,0.11655132291184694,0.0,14,False
TTR,4_minus_3,23.0,0.20942675696103719,0.36004013895133136,False,0.0400976542742757,32.01012129792305,14,False
F10,4_minus_3,23.0,0.20942675696103719,0.36004013895133136,False,0.049574173533314995,1.6461534330193504,14,False
RASSF2,4_minus_3,32.0,0.216552734375,0.36212143705463185,False,0.1887090231434113,0.0,14,False
GIMAP7,4_minus_3,32.0,0.216552734375,0.36212143705463185,False,0.1160071466747101,34.81909126711183,14,False
SERPINA5,4_minus_3,32.0,0.216552734375,0.36212143705463185,False,0.14539531060924665,3.2426568099306783,14,False
COMMD9,4_minus_3,32.0,0.216552734375,0.36212143705463185,False,0.13497459996815753,0.0,14,False
RAC3,4_minus_3,32.0,0.216552734375,0.36212143705463185,False,0.25958190609304266,5.484400777683009,14,False
TIMD4,4_minus_3,32.0,0.216552734375,0.36212143705463185,False,-0.09926610624113519,0.0,14,False
MPO,4_minus_3,32.0,0.216552734375,0.36212143705463185,False,-0.0683552806488809,0.0,14,False
BNIP3L,4_minus_3,32.0,0.216552734375,0.36212143705463185,False,0.15744928610747222,28.918818029896023,14,False
BNIP2,4_minus_3,32.0,0.216552734375,0.36212143705463185,False,0.1512507280292507,0.0,14,False
IL17C,4_minus_3,32.0,0.216552734375,0.36212143705463185,False,0.28273305176316677,36.63539698799964,14,False
CEACAM16,4_minus_3,32.0,0.216552734375,0.36212143705463185,False,0.12249073506295445,35.76376266205306,14,False
RCC1,4_minus_3,32.0,0.216552734375,0.36212143705463185,False,0.09992819718292997,34.646016462482116,14,False
CDNF,4_minus_3,32.0,0.216552734375,0.36212143705463185,False,0.04919404897600784,0.0,14,False
NENF,4_minus_3,32.0,0.216552734375,0.36212143705463185,False,0.14407011597870228,2.089827755404157,14,False
CTRC,4_minus_3,32.0,0.216552734375,0.36212143705463185,False,0.10868342454904129,34.808973540606836,14,False
HARS1,4_minus_3,32.0,0.216552734375,0.36212143705463185,False,0.038360321648046834,0.0,14,False
WASF3,4_minus_3,32.0,0.216552734375,0.36212143705463185,False,-0.9921477657747758,0.0,14,False
RGCC,4_minus_3,32.0,0.216552734375,0.36212143705463185,False,0.21414320083808697,0.0,14,False
CSF1,4_minus_3,32.0,0.216552734375,0.36212143705463185,False,0.07386967822255605,0.9137550707281882,14,False
PRG3,4_minus_3,32.0,0.216552734375,0.36212143705463185,False,-0.09107929626538536,-33.000333650570916,14,False
DBN1,4_minus_3,32.0,0.216552734375,0.36212143705463185,False,0.352244238267183,36.45986374756241,14,False
DCBLD2,4_minus_3,32.0,0.216552734375,0.36212143705463185,False,0.03168990425801638,0.5779186990023996,14,False
NOTCH3,4_minus_3,32.0,0.216552734375,0.36212143705463185,False,0.13504093524812893,0.0,14,False
ENPEP,4_minus_3,32.0,0.216552734375,0.36212143705463185,False,0.27684066457491247,37.074678223536644,14,False
IGFBP1,4_minus_3,32.0,0.216552734375,0.36212143705463185,False,0.19927220894293576,36.94760063368168,14,False
SNX18,4_minus_3,32.0,0.216552734375,0.36212143705463185,False,0.07595376116487718,0.0,14,False
LEG1,4_minus_3,32.0,0.216552734375,0.36212143705463185,False,0.10864700306023994,35.69751093636652,14,False
MANSC1,4_minus_3,32.0,0.216552734375,0.36212143705463185,False,0.10547381919833261,1.2642276926307112,14,False
BLOC1S3,4_minus_3,32.0,0.216552734375,0.36212143705463185,False,0.042553138474828264,0.0,14,False
RNF5,4_minus_3,32.0,0.216552734375,0.36212143705463185,False,0.2581771466924522,0.0,14,False
DNPH1,4_minus_3,32.0,0.216552734375,0.36212143705463185,False,0.18367151503620543,0.0,14,False
AHSA1,4_minus_3,32.0,0.216552734375,0.36212143705463185,False,0.28625428895647853,0.0,14,False
GART,4_minus_3,32.0,0.216552734375,0.36212143705463185,False,-0.14407287014968914,-33.702822728433596,14,False
ATXN3,4_minus_3,32.0,0.216552734375,0.36212143705463185,False,0.2637849671646749,0.0,14,False
PALM3,4_minus_3,32.0,0.216552734375,0.36212143705463185,False,0.3991963148648635,37.6140898496952,14,False
PTGES2,4_minus_3,32.0,0.216552734375,0.36212143705463185,False,0.11745372193381147,0.0,14,False
ART3,4_minus_3,32.0,0.216552734375,0.36212143705463185,False,0.0366373321171416,1.8050567457557736,14,False
TPPP3,4_minus_3,32.0,0.216552734375,0.36212143705463185,False,0.28826226160784385,37.10511541755633,14,False
FLT3,4_minus_3,32.0,0.216552734375,0.36212143705463185,False,-0.30020801392385854,0.0,14,False
RAB10,4_minus_3,32.0,0.216552734375,0.36212143705463185,False,0.2441929207011414,33.66141580425616,14,False
AHSG,4_minus_3,32.0,0.216552734375,0.36212143705463185,False,0.06739626782605004,1.8158471233808897,14,False
PSPN,4_minus_3,32.0,0.216552734375,0.36212143705463185,False,0.0781184235021031,0.0,14,False
DSG3,4_minus_3,32.0,0.216552734375,0.36212143705463185,False,-0.10423245082142926,0.0,14,False
DEFB118,4_minus_3,32.0,0.216552734375,0.36212143705463185,False,-0.4514528310364846,0.0,14,False
TNFRSF10C,4_minus_3,32.0,0.216552734375,0.36212143705463185,False,-0.11386613735481045,-34.69323375610971,14,False
FOSB,4_minus_3,32.0,0.216552734375,0.36212143705463185,False,0.32783739546899193,37.3019579611002,14,False
PAFAH2,4_minus_3,28.0,0.221330082993901,0.36923312423627086,False,0.28894933332112327,1.6986443086870198,14,False
TOP1MT,4_minus_3,28.0,0.221330082993901,0.36923312423627086,False,-0.5249095851535949,0.0,14,False
NMRK2,4_minus_3,28.0,0.221330082993901,0.36923312423627086,False,-0.0751974770378152,0.0,14,False
KIAA1549L,4_minus_3,28.0,0.221330082993901,0.36923312423627086,False,-0.2598605386179547,-31.209962018835725,14,False
HDAC8,4_minus_3,33.0,0.2412109375,0.3897016637980493,False,0.13292377795965396,1.8755863498353658,14,False
FCRL5,4_minus_3,33.0,0.2412109375,0.3897016637980493,False,0.005890497439468206,0.6937824155727355,14,False
SATB1,4_minus_3,33.0,0.2412109375,0.3897016637980493,False,0.11282331638921124,34.31336747277297,14,False
SOD3,4_minus_3,33.0,0.2412109375,0.3897016637980493,False,0.09824175283233613,0.0,14,False
FHIT,4_minus_3,33.0,0.2412109375,0.3897016637980493,False,0.3546244271455957,0.0,14,False
GP1BB,4_minus_3,33.0,0.2412109375,0.3897016637980493,False,0.31047571180610567,0.0,14,False
DDT,4_minus_3,33.0,0.2412109375,0.3897016637980493,False,0.10155867123782505,0.0,14,False
NPY,4_minus_3,33.0,0.2412109375,0.3897016637980493,False,0.1649357446155399,36.32751929524995,14,False
LCAT,4_minus_3,33.0,0.2412109375,0.3897016637980493,False,0.07916286176754395,34.6440757769105,14,False
INSL5,4_minus_3,33.0,0.2412109375,0.3897016637980493,False,0.20029017473595156,0.0,14,False
CNDP1,4_minus_3,33.0,0.2412109375,0.3897016637980493,False,0.12221803689623122,2.0358784180141183,14,False
HK2,4_minus_3,33.0,0.2412109375,0.3897016637980493,False,0.43182388106498365,38.194393527134174,14,False
CRTAC1,4_minus_3,33.0,0.2412109375,0.3897016637980493,False,-0.024376698088313137,0.0,14,False
CAMLG,4_minus_3,33.0,0.2412109375,0.3897016637980493,False,0.36222743500486954,35.834023152130264,14,False
KDR,4_minus_3,33.0,0.2412109375,0.3897016637980493,False,0.05794377739661595,0.6007484323732707,14,False
LRFN2,4_minus_3,33.0,0.2412109375,0.3897016637980493,False,0.3833203640365306,37.46090134585048,14,False
CYP24A1,4_minus_3,33.0,0.2412109375,0.3897016637980493,False,-0.09160870925014938,0.0,14,False
LECT2,4_minus_3,33.0,0.2412109375,0.3897016637980493,False,0.1257141290296477,0.0,14,False
CNTN2,4_minus_3,33.0,0.2412109375,0.3897016637980493,False,0.1295801564568916,1.2677158737812397,14,False
MDH1,4_minus_3,33.0,0.2412109375,0.3897016637980493,False,0.03362415728740435,33.15099540618506,14,False
PDE4D,4_minus_3,33.0,0.2412109375,0.3897016637980493,False,-0.09827358147515458,-35.809450512565576,14,False
PPME1,4_minus_3,33.0,0.2412109375,0.3897016637980493,False,0.4561840779269024,0.0,14,False
LSM1,4_minus_3,33.0,0.2412109375,0.3897016637980493,False,0.43229579234366344,36.97192338242364,14,False
SUGT1,4_minus_3,33.0,0.2412109375,0.3897016637980493,False,0.19894337637357584,0.0,14,False
ICAM1,4_minus_3,33.0,0.2412109375,0.3897016637980493,False,0.08164390809653486,35.10129964313733,14,False
CNTN3,4_minus_3,33.0,0.2412109375,0.3897016637980493,False,-0.08172671964343597,0.0,14,False
TADA3,4_minus_3,33.0,0.2412109375,0.3897016637980493,False,0.44530868115127115,36.003928496044296,14,False
SCN2A,4_minus_3,33.0,0.2412109375,0.3897016637980493,False,0.13736946349152718,0.0,14,False
RAD23B,4_minus_3,33.0,0.2412109375,0.3897016637980493,False,0.1802603882399144,0.0,14,False
KIR2DS4,4_minus_3,33.0,0.2412109375,0.3897016637980493,False,-0.10685936144797506,-0.2363877201446304,14,False
QSOX1,4_minus_3,24.0,0.23931654122149526,0.3897016637980493,False,0.09706056200009378,2.553994491118874,14,False
LAMTOR5,4_minus_3,33.0,0.2412109375,0.3897016637980493,False,0.32431794014459414,5.006072995680324,14,False
PGLYRP4,4_minus_3,33.0,0.2412109375,0.3897016637980493,False,0.046189410138199105,2.7493795761099094,14,False
TIMM8A,4_minus_3,33.0,0.2412109375,0.3897016637980493,False,0.11084449106948654,0.0,14,False
MINK1,4_minus_3,33.0,0.2412109375,0.3897016637980493,False,0.5313211110696336,0.0,14,False
GGT5,4_minus_3,33.0,0.2412109375,0.3897016637980493,False,0.2435429748644642,36.86059622279953,14,False
YJU2,4_minus_3,33.0,0.2412109375,0.3897016637980493,False,0.16400098073212355,0.0,14,False
GGT1,4_minus_3,33.0,0.2412109375,0.3897016637980493,False,0.0977026657617266,0.0,14,False
SIGLEC15,4_minus_3,33.0,0.2412109375,0.3897016637980493,False,0.08018946372549512,1.8945304565314383,14,False
PGR,4_minus_3,33.0,0.2412109375,0.3897016637980493,False,-0.2699897914753811,0.0,14,False
PFDN2,4_minus_3,33.0,0.2412109375,0.3897016637980493,False,0.15307763599401747,0.0,14,False
GAS6,4_minus_3,33.0,0.2412109375,0.3897016637980493,False,0.06752815875022827,0.0,14,False
PRR4,4_minus_3,33.0,0.2412109375,0.3897016637980493,False,0.25362519949897916,0.0,14,False
CETN2,4_minus_3,33.0,0.2412109375,0.3897016637980493,False,0.361267188382691,0.0,14,False
IL13,4_minus_3,33.0,0.2412109375,0.3897016637980493,False,0.6306635314117921,3.7638248917769253,14,False
ADGRV1,4_minus_3,33.0,0.2412109375,0.3897016637980493,False,0.31837372427231664,0.0,14,False
DEFB103A_DEFB103B,4_minus_3,33.0,0.2412109375,0.3897016637980493,False,-0.29262133567619353,0.0,14,False
PRSS22,4_minus_3,33.0,0.2412109375,0.3897016637980493,False,0.04854129893316721,0.3016307369982611,14,False
BMP4,4_minus_3,33.0,0.2412109375,0.3897016637980493,False,0.06094981898972096,0.0,14,False
GFRA1,4_minus_3,33.0,0.2412109375,0.3897016637980493,False,0.08765383437859131,32.210557781542306,14,False
PI16,4_minus_3,33.0,0.2412109375,0.3897016637980493,False,-0.08018964410873826,0.0,14,False
EIF5,4_minus_3,33.0,0.2412109375,0.3897016637980493,False,0.21505672857832175,0.0,14,False
ATXN2,4_minus_3,33.0,0.2412109375,0.3897016637980493,False,0.14513375577945947,0.0,14,False
ACP5,4_minus_3,16.0,0.24112136827741837,0.3897016637980493,False,0.0,0.0,14,False
CA12,4_minus_3,33.0,0.2412109375,0.3897016637980493,False,0.11408952934524094,36.16050970951074,14,False
SLC34A3,4_minus_3,29.0,0.24886387493792206,0.4016049695273287,False,-0.9927236221809278,0.0,14,False
MNAT1,4_minus_3,29.0,0.24886387493792206,0.4016049695273287,False,0.1605926411643569,36.36484161731025,14,False
FASLG,4_minus_3,34.0,0.267578125,0.421420581655481,False,0.0626603178920812,0.0,14,False
GFOD2,4_minus_3,34.0,0.267578125,0.421420581655481,False,0.06604900655623559,0.0,14,False
WDR46,4_minus_3,34.0,0.267578125,0.421420581655481,False,-0.17877249631381137,0.0,14,False
LRTM1,4_minus_3,34.0,0.267578125,0.421420581655481,False,-0.15790497514578328,-36.573040099436206,14,False
CTSE,4_minus_3,34.0,0.267578125,0.421420581655481,False,0.11477189411817638,2.604759030331687,14,False
GNE,4_minus_3,34.0,0.267578125,0.421420581655481,False,0.31489272771587695,35.07354450146919,14,False
ADAMTSL5,4_minus_3,34.0,0.267578125,0.421420581655481,False,0.16614972399183953,0.9134887459287112,14,False
KLK11,4_minus_3,34.0,0.267578125,0.421420581655481,False,0.017164744612061245,0.48424512387228635,14,False
SLC51B,4_minus_3,34.0,0.267578125,0.421420581655481,False,0.15028789681512156,2.9447349350352052,14,False
UHRF2,4_minus_3,34.0,0.267578125,0.421420581655481,False,0.1289225757455619,35.178369019989546,14,False
NUDT10,4_minus_3,34.0,0.267578125,0.421420581655481,False,-0.04715470931477678,-33.641676522488595,14,False
FGF16,4_minus_3,34.0,0.267578125,0.421420581655481,False,0.699935190825356,38.64130705961717,14,False
NPHS2,4_minus_3,34.0,0.267578125,0.421420581655481,False,-0.03918702866010104,-33.58876945955423,14,False
SFRP4,4_minus_3,34.0,0.267578125,0.421420581655481,False,0.0389508891867362,0.0,14,False
SMAD3,4_minus_3,34.0,0.267578125,0.421420581655481,False,0.020660413537701896,0.0,14,False
SORBS1,4_minus_3,34.0,0.267578125,0.421420581655481,False,0.38656416473323224,37.74595634650591,14,False
PDP1,4_minus_3,34.0,0.267578125,0.421420581655481,False,0.06977928050120308,0.0,14,False
CGN,4_minus_3,34.0,0.267578125,0.421420581655481,False,0.2876583442604748,37.5046117220033,14,False
SDHB,4_minus_3,34.0,0.267578125,0.421420581655481,False,0.12163560477736979,32.69234680516685,14,False
NRTN,4_minus_3,34.0,0.267578125,0.421420581655481,False,0.2606805877123086,33.71141661182788,14,False
SERPINF2,4_minus_3,34.0,0.267578125,0.421420581655481,False,0.031246847863154903,1.3424769659339033,14,False
SIRPB1,4_minus_3,34.0,0.267578125,0.421420581655481,False,0.0766372828811913,1.1409566868306489,14,False
PNMA1,4_minus_3,34.0,0.267578125,0.421420581655481,False,0.1667900608103205,0.0,14,False
PRRT3,4_minus_3,34.0,0.267578125,0.421420581655481,False,-0.04046939009708229,0.0,14,False
RBP2,4_minus_3,34.0,0.267578125,0.421420581655481,False,0.29365970429476485,2.382082521011696,14,False
TNFRSF13C,4_minus_3,34.0,0.267578125,0.421420581655481,False,-0.11080578018778653,0.0,14,False
CLMP,4_minus_3,34.0,0.267578125,0.421420581655481,False,0.04624637005413852,34.791442978262175,14,False
POSTN,4_minus_3,34.0,0.267578125,0.421420581655481,False,-0.1276573363637654,0.0,14,False
PSMD9,4_minus_3,34.0,0.267578125,0.421420581655481,False,0.13123899529041191,0.0,14,False
ELAVL4,4_minus_3,34.0,0.267578125,0.421420581655481,False,0.6305413072921722,38.63343592316557,14,False
CXCL5,4_minus_3,34.0,0.267578125,0.421420581655481,False,0.25460982362152446,0.0,14,False
TNFSF12,4_minus_3,34.0,0.267578125,0.421420581655481,False,0.1296609870805033,0.0,14,False
APOL1,4_minus_3,34.0,0.267578125,0.421420581655481,False,0.07204245895610997,0.6375620644414909,14,False
EIF4EBP1,4_minus_3,34.0,0.267578125,0.421420581655481,False,0.27461775775348235,0.0,14,False
DCC,4_minus_3,34.0,0.267578125,0.421420581655481,False,0.21720053948779136,36.946541239127484,14,False
ITGA11,4_minus_3,34.0,0.267578125,0.421420581655481,False,-0.1251020253738005,0.0,14,False
DYNLT3,4_minus_3,34.0,0.267578125,0.421420581655481,False,0.5086837498639576,35.37222230017898,14,False
TBC1D17,4_minus_3,34.0,0.267578125,0.421420581655481,False,0.1611791135020231,0.0,14,False
BST1,4_minus_3,34.0,0.267578125,0.421420581655481,False,0.02630502762753839,0.0,14,False
IL36A,4_minus_3,34.0,0.267578125,0.421420581655481,False,0.3684573619425714,35.85544790527207,14,False
MEGF11,4_minus_3,34.0,0.267578125,0.421420581655481,False,0.1536452341730884,1.1299413280774486,14,False
TYRP1,4_minus_3,34.0,0.267578125,0.421420581655481,False,0.24165480223275765,35.641236291613836,14,False
ZBP1,4_minus_3,34.0,0.267578125,0.421420581655481,False,0.1634297704926555,34.48813256557715,14,False
INSR,4_minus_3,25.0,0.272095182736126,0.42829515628000603,False,0.003007049192582399,0.0,14,False
TET2,4_minus_3,30.0,0.2787073832496024,0.4377244792140995,False,0.2715008567115353,37.45607171395714,14,False
RBM25,4_minus_3,30.0,0.2787073832496024,0.4377244792140995,False,-0.16493902783055972,0.0,14,False
EVPL,4_minus_3,30.0,0.2787073832496024,0.4377244792140995,False,0.21442258880161413,32.053694694503896,14,False
TMED1,4_minus_3,30.0,0.2787073832496024,0.4377244792140995,False,0.38492414374629313,3.218246347606239,14,False
DOCK9,4_minus_3,35.0,0.2957763671875,0.4526664402173913,False,0.21190939995651203,36.5999343497517,14,False
IGLC2,4_minus_3,35.0,0.2957763671875,0.4526664402173913,False,0.08217978611622395,2.7659639702333583,14,False
SOD2,4_minus_3,35.0,0.2957763671875,0.4526664402173913,False,-0.07230408065758473,0.0,14,False
RCOR1,4_minus_3,35.0,0.2957763671875,0.4526664402173913,False,0.08052080217742816,0.0,14,False
CABP2,4_minus_3,35.0,0.2957763671875,0.4526664402173913,False,0.31017641213178443,37.17032104282572,14,False
FEN1,4_minus_3,35.0,0.2957763671875,0.4526664402173913,False,0.11531025692785064,35.31656990633112,14,False
ADAM15,4_minus_3,35.0,0.2957763671875,0.4526664402173913,False,-0.1318206566542493,-36.37535260414824,14,False
PRDX6,4_minus_3,35.0,0.2957763671875,0.4526664402173913,False,0.11599168314691596,0.0,14,False
LHPP,4_minus_3,35.0,0.2957763671875,0.4526664402173913,False,0.09019780369217274,0.0,14,False
MILR1,4_minus_3,35.0,0.2957763671875,0.4526664402173913,False,0.22288363857386476,0.0,14,False
DLG4,4_minus_3,35.0,0.2957763671875,0.4526664402173913,False,0.2526319533482896,0.0,14,False
VAT1,4_minus_3,35.0,0.2957763671875,0.4526664402173913,False,0.0947559216551081,34.60006472356118,14,False
BLNK,4_minus_3,35.0,0.2957763671875,0.4526664402173913,False,0.13770945324822081,35.519685277082054,14,False
SIRT5,4_minus_3,35.0,0.2957763671875,0.4526664402173913,False,0.22597460285517568,1.778878403855958,14,False
THPO,4_minus_3,35.0,0.2957763671875,0.4526664402173913,False,0.1883921306324244,36.506808063230444,14,False
ADGRB3,4_minus_3,35.0,0.2957763671875,0.4526664402173913,False,0.1319765622007725,2.953161935536633,14,False
GH1,4_minus_3,35.0,0.2957763671875,0.4526664402173913,False,-0.050237116251684345,0.0,14,False
GGACT,4_minus_3,35.0,0.2957763671875,0.4526664402173913,False,0.4252126415790872,0.0,14,False
CFI,4_minus_3,35.0,0.2957763671875,0.4526664402173913,False,0.1066646100857056,35.61155224656187,14,False
GBA,4_minus_3,35.0,0.2957763671875,0.4526664402173913,False,0.4025485174837724,3.1910912258847897,14,False
BOC,4_minus_3,35.0,0.2957763671875,0.4526664402173913,False,0.07620909308726731,0.0,14,False
SERPIND1,4_minus_3,35.0,0.2957763671875,0.4526664402173913,False,0.14325757002061054,2.6092991566611468,14,False
KLKB1,4_minus_3,35.0,0.2957763671875,0.4526664402173913,False,0.05055062693085262,1.2084787578494636,14,False
F13B,4_minus_3,35.0,0.2957763671875,0.4526664402173913,False,0.016498274875624462,1.771625590100573,14,False
CLGN,4_minus_3,35.0,0.2957763671875,0.4526664402173913,False,0.2754818563512702,37.59344618686587,14,False
MDM1,4_minus_3,35.0,0.2957763671875,0.4526664402173913,False,0.67699503587709,36.96179803387663,14,False
ROBO4,4_minus_3,35.0,0.2957763671875,0.4526664402173913,False,-0.04278512655883267,-34.540086851788,14,False
TPT1,4_minus_3,35.0,0.2957763671875,0.4526664402173913,False,-0.17568340381694061,-34.93669420992777,14,False
FOLR3,4_minus_3,35.0,0.2957763671875,0.4526664402173913,False,0.10265595755044465,0.0,14,False
LRRC37A2,4_minus_3,35.0,0.2957763671875,0.4526664402173913,False,0.13825866205011733,35.88392795371598,14,False
DAPK2,4_minus_3,35.0,0.2957763671875,0.4526664402173913,False,0.15366361479821555,0.0,14,False
ST8SIA1,4_minus_3,35.0,0.2957763671875,0.4526664402173913,False,0.3244319447443197,37.7026506636054,14,False
SYNGAP1,4_minus_3,35.0,0.2957763671875,0.4526664402173913,False,0.23163530390278875,36.11546647531225,14,False
SYT1,4_minus_3,35.0,0.2957763671875,0.4526664402173913,False,0.19841095923440455,36.702750622716245,14,False
PTGR1,4_minus_3,35.0,0.2957763671875,0.4526664402173913,False,0.3264689821912365,37.80553618767568,14,False
IDUA,4_minus_3,35.0,0.2957763671875,0.4526664402173913,False,0.06000859248965293,1.4560846192421695,14,False
SAA4,4_minus_3,35.0,0.2957763671875,0.4526664402173913,False,0.05442713604764009,34.93077914214303,14,False
IMPG1,4_minus_3,35.0,0.2957763671875,0.4526664402173913,False,-0.41874076936987487,0.0,14,False
LCP1,4_minus_3,35.0,0.2957763671875,0.4526664402173913,False,-0.0808415655904823,0.0,14,False
INSL3,4_minus_3,35.0,0.2957763671875,0.4526664402173913,False,0.1602741931017388,33.29607029095951,14,False
CD2,4_minus_3,35.0,0.2957763671875,0.4526664402173913,False,-0.2277384591359968,-34.49381034216612,14,False
CD160,4_minus_3,35.0,0.2957763671875,0.4526664402173913,False,0.13112485611246516,3.80159918849695,14,False
CLNS1A,4_minus_3,35.0,0.2957763671875,0.4526664402173913,False,0.5722524348045526,38.109445592378165,14,False
CCNE1,4_minus_3,35.0,0.2957763671875,0.4526664402173913,False,-0.14175951508538473,0.0,14,False
TP73,4_minus_3,35.0,0.2957763671875,0.4526664402173913,False,-0.7233947059895383,-36.848384304867764,14,False
RRAS,4_minus_3,35.0,0.2957763671875,0.4526664402173913,False,0.45444719387840155,0.0,14,False
PCBP2,4_minus_3,35.0,0.2957763671875,0.4526664402173913,False,0.29517278630102795,0.0,14,False
PITHD1,4_minus_3,31.0,0.31089682851661204,0.4745178694324008,False,-0.2093651739834962,0.0,14,False
SMC3,4_minus_3,31.0,0.31089682851661204,0.4745178694324008,False,-0.05104606805527573,-1.9911519409996228,14,False
ERI1,4_minus_3,31.0,0.31089682851661204,0.4745178694324008,False,0.05952569775156655,0.0,14,False
PAIP2B,4_minus_3,31.0,0.31089682851661204,0.4745178694324008,False,-0.020464414712918877,0.0,14,False
CDC123,4_minus_3,31.0,0.31089682851661204,0.4745178694324008,False,-0.039950394847183844,0.0,14,False
PTK7,4_minus_3,36.0,0.3258056640625,0.4859474311440678,False,0.19468984585025012,36.42138445265607,14,False
GC,4_minus_3,36.0,0.3258056640625,0.4859474311440678,False,0.027538970742352564,0.8959016717263398,14,False
ADRA2A,4_minus_3,36.0,0.3258056640625,0.4859474311440678,False,0.31401765260420783,36.71822734770596,14,False
COL2A1,4_minus_3,36.0,0.3258056640625,0.4859474311440678,False,0.143082358682665,0.0,14,False
DGCR6,4_minus_3,36.0,0.3258056640625,0.4859474311440678,False,0.29251094481878337,33.9840707704619,14,False
AIF1,4_minus_3,36.0,0.3258056640625,0.4859474311440678,False,-0.40015547301363175,0.0,14,False
GFRA2,4_minus_3,36.0,0.3258056640625,0.4859474311440678,False,-0.06784505105076906,-35.18992703721533,14,False
DNPEP,4_minus_3,36.0,0.3258056640625,0.4859474311440678,False,0.1628760871612644,0.0,14,False
TRIM40,4_minus_3,36.0,0.3258056640625,0.4859474311440678,False,0.5124062833557319,37.66545059310451,14,False
IL4,4_minus_3,36.0,0.3258056640625,0.4859474311440678,False,0.7879095455862003,2.9372398698584745,14,False
FRMD4B,4_minus_3,36.0,0.3258056640625,0.4859474311440678,False,0.2372412119497888,0.0,14,False
FGFR2,4_minus_3,36.0,0.3258056640625,0.4859474311440678,False,0.0625549280918374,35.30003973065052,14,False
PRKCQ,4_minus_3,36.0,0.3258056640625,0.4859474311440678,False,0.15913347022297078,35.182931631396336,14,False
ATF2,4_minus_3,36.0,0.3258056640625,0.4859474311440678,False,0.07647171732779227,0.0,14,False
CAPN3,4_minus_3,36.0,0.3258056640625,0.4859474311440678,False,0.15302929823753098,0.0,14,False
FCER2,4_minus_3,36.0,0.3258056640625,0.4859474311440678,False,0.02329661175682879,0.0,14,False
GZMA,4_minus_3,36.0,0.3258056640625,0.4859474311440678,False,0.0484234266556899,0.0,14,False
RABGAP1L,4_minus_3,36.0,0.3258056640625,0.4859474311440678,False,0.2161187148706552,0.0,14,False
CALB2,4_minus_3,36.0,0.3258056640625,0.4859474311440678,False,0.12266260987549518,2.120920439992064,14,False
REG3G,4_minus_3,36.0,0.3258056640625,0.4859474311440678,False,0.23841275108394575,2.9774333075311645,14,False
MYOC,4_minus_3,36.0,0.3258056640625,0.4859474311440678,False,0.09905812562451222,3.3316195665167196,14,False
CD58,4_minus_3,36.0,0.3258056640625,0.4859474311440678,False,0.05401183920137584,0.0,14,False
LILRB1,4_minus_3,36.0,0.3258056640625,0.4859474311440678,False,0.08726747258443353,34.59999796325533,14,False
EREG,4_minus_3,36.0,0.3258056640625,0.4859474311440678,False,0.1241787353886274,0.0,14,False
TCL1B,4_minus_3,36.0,0.3258056640625,0.4859474311440678,False,-0.4345102348858797,0.0,14,False
FARSA,4_minus_3,36.0,0.3258056640625,0.4859474311440678,False,0.49118594403041393,36.84123034971916,14,False
IL10RA,4_minus_3,36.0,0.3258056640625,0.4859474311440678,False,0.40133192862707606,37.89463061617108,14,False
SAFB2,4_minus_3,36.0,0.3258056640625,0.4859474311440678,False,0.09288582731915034,0.0,14,False
CD72,4_minus_3,36.0,0.3258056640625,0.4859474311440678,False,0.05056057042584378,31.717957228324718,14,False
RTBDN,4_minus_3,36.0,0.3258056640625,0.4859474311440678,False,0.09669223292336365,35.39948502508584,14,False
SCGB3A1,4_minus_3,36.0,0.3258056640625,0.4859474311440678,False,0.0772922773375107,0.9957367480240392,14,False
LILRB2,4_minus_3,36.0,0.3258056640625,0.4859474311440678,False,0.09324506114282774,32.57916715711996,14,False
SCIN,4_minus_3,36.0,0.3258056640625,0.4859474311440678,False,-0.1950424504202068,0.0,14,False
NFYA,4_minus_3,36.0,0.3258056640625,0.4859474311440678,False,-0.12872304447130556,-34.67895511112548,14,False
WFDC12,4_minus_3,36.0,0.3258056640625,0.4859474311440678,False,0.21992024348986464,31.39541969401896,14,False
RARRES1,4_minus_3,36.0,0.3258056640625,0.4859474311440678,False,0.08195462530789395,33.878375277762196,14,False
SLITRK2,4_minus_3,36.0,0.3258056640625,0.4859474311440678,False,0.1209453534427358,35.540104564302254,14,False
ROBO2,4_minus_3,36.0,0.3258056640625,0.4859474311440678,False,0.045313791384856056,0.0,14,False
PODXL2,4_minus_3,36.0,0.3258056640625,0.4859474311440678,False,0.10362545829398276,35.73343928012683,14,False
THRAP3,4_minus_3,36.0,0.3258056640625,0.4859474311440678,False,-0.1001112468587689,-29.24460707620729,14,False
TIA1,4_minus_3,36.0,0.3258056640625,0.4859474311440678,False,0.2575513135723011,35.00868817431166,14,False
AREG,4_minus_3,36.0,0.3258056640625,0.4859474311440678,False,0.2213652244429128,36.51745350866485,14,False
AMY1A_AMY1B_AMY1C,4_minus_3,36.0,0.3258056640625,0.4859474311440678,False,0.0971898408132463,1.8544050833607608,14,False
TPRKB,4_minus_3,32.0,0.3454475304692258,0.5133404991036095,False,-0.1278498316279525,0.0,14,False
PDCL2,4_minus_3,32.0,0.3454475304692258,0.5133404991036095,False,0.36389289509443423,36.27748309006041,14,False
CENPJ,4_minus_3,32.0,0.3454475304692258,0.5133404991036095,False,0.2504334544643205,0.0,14,False
THAP12,4_minus_3,32.0,0.3454475304692258,0.5133404991036095,False,0.29753434616675767,32.26915545268686,14,False
VSTM2B,4_minus_3,32.0,0.3454475304692258,0.5133404991036095,False,0.1622134262861576,35.79921552863061,14,False
SLK,4_minus_3,32.0,0.3454475304692258,0.5133404991036095,False,0.0950395622220567,0.0,14,False
UPK3BL1,4_minus_3,32.0,0.3454475304692258,0.5133404991036095,False,0.30855425282267995,1.7665381212698523,14,False
PLA2G1B,4_minus_3,37.0,0.3575439453125,0.517391443987667,False,0.021952430356270446,27.283917291949198,14,False
RAB44,4_minus_3,37.0,0.3575439453125,0.517391443987667,False,0.040949141249520746,0.0,14,False
CXCL3,4_minus_3,37.0,0.3575439453125,0.517391443987667,False,0.2856486922902023,0.0,14,False
LMOD2,4_minus_3,37.0,0.3575439453125,0.517391443987667,False,-0.45473904108930524,0.0,14,False
CPE,4_minus_3,37.0,0.3575439453125,0.517391443987667,False,0.05156078379820909,0.0,14,False
ABCA2,4_minus_3,37.0,0.3575439453125,0.517391443987667,False,0.10578780611972158,0.0,14,False
RTKN2,4_minus_3,37.0,0.3575439453125,0.517391443987667,False,-0.455500950236157,-37.68977029706106,14,False
SCG2,4_minus_3,37.0,0.3575439453125,0.517391443987667,False,0.182375630351172,4.825719399379158,14,False
RICTOR,4_minus_3,37.0,0.3575439453125,0.517391443987667,False,-0.13311655136673384,0.0,14,False
PTPRC,4_minus_3,37.0,0.3575439453125,0.517391443987667,False,-0.0909991107443129,0.0,14,False
ADD1,4_minus_3,37.0,0.3575439453125,0.517391443987667,False,0.28180988100446136,0.0,14,False
PEPD,4_minus_3,37.0,0.3575439453125,0.517391443987667,False,-0.05744211548742811,0.0,14,False
CRHR1,4_minus_3,37.0,0.3575439453125,0.517391443987667,False,-0.16516369386686305,0.0,14,False
PRC1,4_minus_3,37.0,0.3575439453125,0.517391443987667,False,-0.2996861099891057,-37.32274229684322,14,False
XG,4_minus_3,37.0,0.3575439453125,0.517391443987667,False,0.04946832024076969,0.0,14,False
AARSD1,4_minus_3,37.0,0.3575439453125,0.517391443987667,False,0.32231642799371507,0.0,14,False
ACY3,4_minus_3,37.0,0.3575439453125,0.517391443987667,False,0.21284903601067445,36.412718199034344,14,False
OMP,4_minus_3,37.0,0.3575439453125,0.517391443987667,False,0.17873950754196904,34.71559550593675,14,False
HNF1A,4_minus_3,37.0,0.3575439453125,0.517391443987667,False,0.1869451109153921,3.2198374534168255,14,False
SULT2A1,4_minus_3,37.0,0.3575439453125,0.517391443987667,False,0.2913859199497382,4.108398933391476,14,False
UPB1,4_minus_3,37.0,0.3575439453125,0.517391443987667,False,-0.4738937629611094,-35.02839813111717,14,False
TFRC,4_minus_3,37.0,0.3575439453125,0.517391443987667,False,0.12328368551885519,1.1211165224009616,14,False
C9orf40,4_minus_3,37.0,0.3575439453125,0.517391443987667,False,-0.07550938489829756,0.0,14,False
CDHR2,4_minus_3,37.0,0.3575439453125,0.517391443987667,False,-0.18149093955915024,0.0,14,False
TEF,4_minus_3,37.0,0.3575439453125,0.517391443987667,False,0.07506503385316904,0.0,14,False
GNGT1,4_minus_3,37.0,0.3575439453125,0.517391443987667,False,0.657663398919442,39.070409669869704,14,False
SIT1,4_minus_3,37.0,0.3575439453125,0.517391443987667,False,0.1223724890073625,0.0,14,False
CEP43,4_minus_3,37.0,0.3575439453125,0.517391443987667,False,0.1794289396254135,0.0,14,False
CACNA1H,4_minus_3,37.0,0.3575439453125,0.517391443987667,False,-0.4660610901080379,-35.88150563333086,14,False
IGFL4,4_minus_3,37.0,0.3575439453125,0.517391443987667,False,-0.11531198570767243,-29.602775054043097,14,False
SLC44A4,4_minus_3,37.0,0.3575439453125,0.517391443987667,False,-0.17288325188538797,0.0,14,False
ITM2A,4_minus_3,37.0,0.3575439453125,0.517391443987667,False,0.07890262761736225,3.7857315327042054,14,False
SLC4A1,4_minus_3,37.0,0.3575439453125,0.517391443987667,False,0.19226508929845726,0.0,14,False
CEND1,4_minus_3,37.0,0.3575439453125,0.517391443987667,False,0.16297011947326176,36.34006143209211,14,False
IFNL1,4_minus_3,37.0,0.3575439453125,0.517391443987667,False,0.3974772192914973,37.45608317772914,14,False
NT5C,4_minus_3,37.0,0.3575439453125,0.517391443987667,False,0.035382183779870256,0.0,14,False
UNG,4_minus_3,37.0,0.3575439453125,0.517391443987667,False,0.15817720045618056,35.840126193038934,14,False
BRD2,4_minus_3,37.0,0.3575439453125,0.517391443987667,False,0.2634796611651411,35.14305664446166,14,False
SLURP1,4_minus_3,37.0,0.3575439453125,0.517391443987667,False,0.0563666072209524,32.40954398500466,14,False
LYSMD3,4_minus_3,37.0,0.3575439453125,0.517391443987667,False,0.10657127048766407,0.0,14,False
IL31,4_minus_3,37.0,0.3575439453125,0.517391443987667,False,-0.17625574675341438,-33.49964988820664,14,False
TMED10,4_minus_3,37.0,0.3575439453125,0.517391443987667,False,0.15678867417219577,36.36281928467383,14,False
TMPRSS11B,4_minus_3,37.0,0.3575439453125,0.517391443987667,False,0.1723757315466413,36.67447461690829,14,False
CD5,4_minus_3,37.0,0.3575439453125,0.517391443987667,False,0.11646471623950319,35.36809438378083,14,False
ITGA2,4_minus_3,37.0,0.3575439453125,0.517391443987667,False,0.08913061284737689,0.0,14,False
MMP8,4_minus_3,37.0,0.3575439453125,0.517391443987667,False,0.2347595416262695,0.0,14,False
GABRA4,4_minus_3,37.0,0.3575439453125,0.517391443987667,False,-0.3043598677055974,-36.06018101695568,14,False
ARNT,4_minus_3,37.0,0.3575439453125,0.517391443987667,False,0.04866322855184384,5.380949924397103,14,False
BAX,4_minus_3,37.0,0.3575439453125,0.517391443987667,False,0.1539028113477347,0.0,14,False
GSTP1,4_minus_3,37.0,0.3575439453125,0.517391443987667,False,0.522637569015117,5.202436130331308,14,False
ARID4B,4_minus_3,37.0,0.3575439453125,0.517391443987667,False,0.05296130242487361,0.0,14,False
ITGAX,4_minus_3,23.0,0.3739447986092539,0.5408467143727061,False,0.0,0.0,14,False
STAM,4_minus_3,38.0,0.3909912109375,0.5458756817055032,False,-0.04259091612586065,0.0,14,False
STXBP3,4_minus_3,38.0,0.3909912109375,0.5458756817055032,False,0.3308043097780282,0.0,14,False
HIF1A,4_minus_3,38.0,0.3909912109375,0.5458756817055032,False,0.006378378649790822,0.0,14,False
PLXDC1,4_minus_3,38.0,0.3909912109375,0.5458756817055032,False,-0.26626011253358506,0.0,14,False
TYRO3,4_minus_3,38.0,0.3909912109375,0.5458756817055032,False,0.06399642166444629,2.6313870388761833,14,False
KLK7,4_minus_3,38.0,0.3909912109375,0.5458756817055032,False,0.07743370044169974,0.0,14,False
UBAC1,4_minus_3,38.0,0.3909912109375,0.5458756817055032,False,0.14347641554933288,0.0,14,False
NEB,4_minus_3,38.0,0.3909912109375,0.5458756817055032,False,0.025263357672704503,0.0,14,False
NECTIN1,4_minus_3,38.0,0.3909912109375,0.5458756817055032,False,-0.0242868698293346,-0.19673060198753456,14,False
KHK,4_minus_3,38.0,0.3909912109375,0.5458756817055032,False,0.07847762718297419,0.0,14,False
RNF168,4_minus_3,38.0,0.3909912109375,0.5458756817055032,False,-0.5461594587118277,-35.47237079301603,14,False
FUS,4_minus_3,33.0,0.38235208985751545,0.5458756817055032,False,0.15706890869756185,35.9616323776798,14,False
CD101,4_minus_3,38.0,0.3909912109375,0.5458756817055032,False,0.07849544935932184,0.0,14,False
PMCH,4_minus_3,38.0,0.3909912109375,0.5458756817055032,False,-0.11323626047288696,0.0,14,False
NDST1,4_minus_3,38.0,0.3909912109375,0.5458756817055032,False,0.27800800664455916,37.62399539233264,14,False
MAEA,4_minus_3,38.0,0.3909912109375,0.5458756817055032,False,0.2879121465908676,33.522700773938986,14,False
IGHMBP2,4_minus_3,38.0,0.3909912109375,0.5458756817055032,False,0.27766558934718444,33.41594567102,14,False
AP2B1,4_minus_3,38.0,0.3909912109375,0.5458756817055032,False,0.12895946994807428,36.31722601682898,14,False
DNAJC21,4_minus_3,38.0,0.3909912109375,0.5458756817055032,False,0.022937079925837656,0.0,14,False
MED21,4_minus_3,38.0,0.3909912109375,0.5458756817055032,False,-0.24282353740632354,-36.0102134065822,14,False
MELTF,4_minus_3,38.0,0.3909912109375,0.5458756817055032,False,0.09233311448778769,2.279324666261986,14,False
ATP5PO,4_minus_3,38.0,0.3909912109375,0.5458756817055032,False,0.17521955437202896,33.892437256170055,14,False
ITGB2,4_minus_3,38.0,0.3909912109375,0.5458756817055032,False,0.1454468638666344,35.614879755663225,14,False
PSMC3,4_minus_3,33.0,0.38235208985751545,0.5458756817055032,False,-0.46784295729765946,0.0,14,False
ABRAXAS2,4_minus_3,38.0,0.3909912109375,0.5458756817055032,False,0.22467520757952358,0.0,14,False
IL20RA,4_minus_3,38.0,0.3909912109375,0.5458756817055032,False,-0.08411769468315869,-1.969572582466611,14,False
BOLA2_BOLA2B,4_minus_3,38.0,0.3909912109375,0.5458756817055032,False,0.24576034455309484,0.0,14,False
BSND,4_minus_3,33.0,0.38235208985751545,0.5458756817055032,False,0.35957169443905623,36.37248447553542,14,False
TIGIT,4_minus_3,33.0,0.38235208985751545,0.5458756817055032,False,0.13949137287507535,33.91800462972137,14,False
MRPL46,4_minus_3,38.0,0.3909912109375,0.5458756817055032,False,0.08849095632783816,2.3050879387922123,14,False
EFNB2,4_minus_3,38.0,0.3909912109375,0.5458756817055032,False,0.3134498990075306,2.4304788373102664,14,False
EIF4E,4_minus_3,38.0,0.3909912109375,0.5458756817055032,False,0.41718938960365753,0.0,14,False
C1R,4_minus_3,38.0,0.3909912109375,0.5458756817055032,False,0.03132145034973055,30.603150881912665,14,False
C7orf50,4_minus_3,38.0,0.3909912109375,0.5458756817055032,False,0.0475081789551665,0.0,14,False
MUC2,4_minus_3,38.0,0.3909912109375,0.5458756817055032,False,0.08685650220389629,0.0,14,False
TFF1,4_minus_3,38.0,0.3909912109375,0.5458756817055032,False,0.10602315724256395,4.808555582172814,14,False
IGSF21,4_minus_3,38.0,0.3909912109375,0.5458756817055032,False,0.03180953960495845,0.0,14,False
TDO2,4_minus_3,38.0,0.3909912109375,0.5458756817055032,False,-0.1606346868032841,0.0,14,False
TDGF1,4_minus_3,38.0,0.3909912109375,0.5458756817055032,False,0.47087873109901557,0.0,14,False
HDAC9,4_minus_3,38.0,0.3909912109375,0.5458756817055032,False,0.3868914846231791,37.82145047210108,14,False
EPHA4,4_minus_3,38.0,0.3909912109375,0.5458756817055032,False,-0.08095390821115278,-34.48559368900816,14,False
NCLN,4_minus_3,38.0,0.3909912109375,0.5458756817055032,False,-0.3377378442325846,0.0,14,False
SPRED2,4_minus_3,38.0,0.3909912109375,0.5458756817055032,False,0.04747073738193788,29.09326594993929,14,False
GRIK2,4_minus_3,38.0,0.3909912109375,0.5458756817055032,False,0.06392701811277374,0.0,14,False
CLC,4_minus_3,38.0,0.3909912109375,0.5458756817055032,False,0.13323027187790734,7.426058283013178,14,False
KIF20B,4_minus_3,38.0,0.3909912109375,0.5458756817055032,False,0.341230092961463,37.61184361138937,14,False
CKMT1A_CKMT1B,4_minus_3,38.0,0.3909912109375,0.5458756817055032,False,0.2197902241700086,37.01047700970938,14,False
PIBF1,4_minus_3,38.0,0.3909912109375,0.5458756817055032,False,0.35394535643498026,33.849664386182496,14,False
FHIP2A,4_minus_3,38.0,0.3909912109375,0.5458756817055032,False,-0.20557301837250866,0.0,14,False
SEZ6L2,4_minus_3,38.0,0.3909912109375,0.5458756817055032,False,-0.07417350108464615,-33.33829873307572,14,False
SLC13A1,4_minus_3,38.0,0.3909912109375,0.5458756817055032,False,0.03815941592913474,0.0,14,False
FLT3LG,4_minus_3,38.0,0.3909912109375,0.5458756817055032,False,0.025112408876697093,0.4092408920116333,14,False
SERPINI2,4_minus_3,38.0,0.3909912109375,0.5458756817055032,False,0.012648571627948746,0.0,14,False
CDH17,4_minus_3,38.0,0.3909912109375,0.5458756817055032,False,-0.10954585634084049,0.0,14,False
PDGFA,4_minus_3,19.0,0.3862707203664827,0.5458756817055032,False,0.0,0.0,14,False
SFTPA1,4_minus_3,38.0,0.3909912109375,0.5458756817055032,False,0.20838426712318553,4.316169841459398,14,False
COL15A1,4_minus_3,38.0,0.3909912109375,0.5458756817055032,False,0.16979092713481764,0.0,14,False
DNAJB8,4_minus_3,38.0,0.3909912109375,0.5458756817055032,False,0.032423406909080646,0.0,14,False
FKBP7,4_minus_3,38.0,0.3909912109375,0.5458756817055032,False,0.11413340086697557,33.90052333046384,14,False
SEPTIN3,4_minus_3,38.0,0.3909912109375,0.5458756817055032,False,-0.1328217681345099,0.0,14,False
KLK4,4_minus_3,38.0,0.3909912109375,0.5458756817055032,False,0.027267836511720073,1.2956433332134254,14,False
SOX2,4_minus_3,38.0,0.3909912109375,0.5458756817055032,False,-0.4788378644484978,-36.301822323450686,14,False
CLEC5A,4_minus_3,38.0,0.3909912109375,0.5458756817055032,False,-0.0250264229384358,0.0,14,False
GATA3,4_minus_3,33.0,0.38235208985751545,0.5458756817055032,False,-0.18426500455887782,0.0,14,False
GRSF1,4_minus_3,33.0,0.38235208985751545,0.5458756817055032,False,0.05686435845636384,0.0,14,False
PCBD1,4_minus_3,38.0,0.3909912109375,0.5458756817055032,False,-0.05863694041946478,0.0,14,False
NLGN1,4_minus_3,38.0,0.3909912109375,0.5458756817055032,False,-0.16276080404159265,0.0,14,False
GAS2,4_minus_3,33.0,0.38235208985751545,0.5458756817055032,False,0.03734790825116191,5.0884402363083,14,False
PBLD,4_minus_3,38.0,0.3909912109375,0.5458756817055032,False,0.25100139345747186,35.023212354647015,14,False
AKR7L,4_minus_3,38.0,0.3909912109375,0.5458756817055032,False,0.04602658122636072,1.8830841439530939,14,False
VCPKMT,4_minus_3,34.0,0.421578895217645,0.5762722035525684,False,-0.06360836353446109,0.0,14,False
CHCHD6,4_minus_3,39.0,0.42626953125,0.5762722035525684,False,0.11829119477672116,30.65140845156309,14,False
SELE,4_minus_3,39.0,0.42626953125,0.5762722035525684,False,-0.056220927356925965,0.0,14,False
IL15RA,4_minus_3,39.0,0.42626953125,0.5762722035525684,False,0.08639160835021695,1.6711941777300057,14,False
CA3,4_minus_3,39.0,0.42626953125,0.5762722035525684,False,0.057291739720251755,0.0,14,False
PDXDC1,4_minus_3,34.0,0.421578895217645,0.5762722035525684,False,-0.03270460045427215,0.0,14,False
PECR,4_minus_3,39.0,0.42626953125,0.5762722035525684,False,-0.06614457344503176,0.0,14,False
VSTM1,4_minus_3,39.0,0.42626953125,0.5762722035525684,False,-0.0023510491152647084,0.0,14,False
CHI3L1,4_minus_3,39.0,0.42626953125,0.5762722035525684,False,0.0229285404055597,0.0,14,False
IL18RAP,4_minus_3,39.0,0.42626953125,0.5762722035525684,False,0.08225983484091859,2.6048761176308637,14,False
MRPS16,4_minus_3,39.0,0.42626953125,0.5762722035525684,False,0.04757097242232644,34.828363106301744,14,False
CD3G,4_minus_3,39.0,0.42626953125,0.5762722035525684,False,-0.191956408644616,0.0,14,False
DYNC1H1,4_minus_3,39.0,0.42626953125,0.5762722035525684,False,0.058997101339971825,0.0,14,False
ATF4,4_minus_3,34.0,0.421578895217645,0.5762722035525684,False,-0.08577482350191512,0.0,14,False
VNN2,4_minus_3,39.0,0.42626953125,0.5762722035525684,False,0.06920565508284998,0.0,14,False
PDCD1,4_minus_3,39.0,0.42626953125,0.5762722035525684,False,-0.15181361904776597,0.0,14,False
LRRC38,4_minus_3,39.0,0.42626953125,0.5762722035525684,False,-0.23487162516118937,-32.64695989720762,14,False
FOS,4_minus_3,34.0,0.421578895217645,0.5762722035525684,False,0.03121147738224439,0.0,14,False
TPM3,4_minus_3,39.0,0.42626953125,0.5762722035525684,False,0.218589695186448,1.0311905486352997,14,False
TRPV3,4_minus_3,39.0,0.42626953125,0.5762722035525684,False,0.3278990708435093,37.6543188245978,14,False
VSIG10,4_minus_3,39.0,0.42626953125,0.5762722035525684,False,0.05889662900050577,34.868313421385544,14,False
PSMG3,4_minus_3,39.0,0.42626953125,0.5762722035525684,False,0.28635126826774693,0.0,14,False
SERPING1,4_minus_3,39.0,0.42626953125,0.5762722035525684,False,0.0537671689923461,0.0,14,False
MINDY1,4_minus_3,39.0,0.42626953125,0.5762722035525684,False,0.3843716771278652,0.0,14,False
ZPR1,4_minus_3,39.0,0.42626953125,0.5762722035525684,False,0.1612418608924909,36.528570620098186,14,False
BHLHE40,4_minus_3,39.0,0.42626953125,0.5762722035525684,False,-0.08647575694539177,0.0,14,False
BHMT2,4_minus_3,39.0,0.42626953125,0.5762722035525684,False,-0.08932917116267089,-35.53571900736752,14,False
BLOC1S2,4_minus_3,39.0,0.42626953125,0.5762722035525684,False,0.36559800054890645,1.957766499834118,14,False
DUSP29,4_minus_3,39.0,0.42626953125,0.5762722035525684,False,0.07462671568414003,0.0,14,False
CLEC2L,4_minus_3,39.0,0.42626953125,0.5762722035525684,False,-0.054140303125671044,-2.268919446370409,14,False
CACNA1C,4_minus_3,39.0,0.42626953125,0.5762722035525684,False,0.43334888861763016,38.02966187488954,14,False
CEP290,4_minus_3,34.0,0.421578895217645,0.5762722035525684,False,0.1294342101545558,0.0,14,False
KIR2DL3,4_minus_3,39.0,0.42626953125,0.5762722035525684,False,0.0486649862662006,0.0,14,False
AOC3,4_minus_3,39.0,0.42626953125,0.5762722035525684,False,-0.0717493492940091,0.0,14,False
ERMAP,4_minus_3,39.0,0.42626953125,0.5762722035525684,False,0.039647514804689754,1.6500877558408051,14,False
CCER2,4_minus_3,39.0,0.42626953125,0.5762722035525684,False,0.05872597711620392,34.74508337422588,14,False
CYTH3,4_minus_3,34.0,0.421578895217645,0.5762722035525684,False,-0.10188641364677062,0.0,14,False
SMPDL3B,4_minus_3,39.0,0.42626953125,0.5762722035525684,False,0.12395815377593271,1.4854535085102565,14,False
NECAP2,4_minus_3,39.0,0.42626953125,0.5762722035525684,False,-0.2503058841679539,0.0,14,False
SNCA,4_minus_3,39.0,0.42626953125,0.5762722035525684,False,0.559443364365211,0.0,14,False
STOML2,4_minus_3,34.0,0.421578895217645,0.5762722035525684,False,0.27652756093727954,0.0,14,False
SORD,4_minus_3,39.0,0.42626953125,0.5762722035525684,False,-0.12686282370399843,0.0,14,False
PNLIP,4_minus_3,39.0,0.42626953125,0.5762722035525684,False,0.10593471998493417,34.55313118459662,14,False
HMMR,4_minus_3,34.0,0.421578895217645,0.5762722035525684,False,-0.238290367251132,0.0,14,False
CRTAP,4_minus_3,39.0,0.42626953125,0.5762722035525684,False,0.04313072364385169,0.0,14,False
LPP,4_minus_3,39.0,0.42626953125,0.5762722035525684,False,-0.048580077002577465,0.0,14,False
ANXA10,4_minus_3,39.0,0.42626953125,0.5762722035525684,False,0.399385005089583,7.0150328178135295,14,False
HIP1,4_minus_3,39.0,0.42626953125,0.5762722035525684,False,0.15197580620523932,36.20131808743656,14,False
RPGR,4_minus_3,39.0,0.42626953125,0.5762722035525684,False,-0.22709500802792815,-35.36515565200223,14,False
GUCA2A,4_minus_3,39.0,0.42626953125,0.5762722035525684,False,0.012687588864101193,0.0,14,False
SPINK6,4_minus_3,39.0,0.42626953125,0.5762722035525684,False,-0.03719463022624716,0.0,14,False
NGFR,4_minus_3,39.0,0.42626953125,0.5762722035525684,False,-0.07382377817033026,0.0,14,False
SMAD5,4_minus_3,39.0,0.42626953125,0.5762722035525684,False,0.066239471140227,0.0,14,False
GJA8,4_minus_3,34.0,0.421578895217645,0.5762722035525684,False,0.037158816260299155,0.4549598234596117,14,False
CYTL1,4_minus_3,39.0,0.42626953125,0.5762722035525684,False,0.13099223164889265,35.06877309232356,14,False
LRRN1,4_minus_3,39.0,0.42626953125,0.5762722035525684,False,-0.03699615448475754,0.0,14,False
JUN,4_minus_3,39.0,0.42626953125,0.5762722035525684,False,0.23582712317287957,34.679178047159304,14,False
COPB2,4_minus_3,39.0,0.42626953125,0.5762722035525684,False,0.4711886379261938,38.03611762210783,14,False
SLIRP,4_minus_3,34.0,0.421578895217645,0.5762722035525684,False,-0.006986567620205247,0.0,14,False
CASQ2,4_minus_3,39.0,0.42626953125,0.5762722035525684,False,0.2498012175356448,37.15090219511386,14,False
APLP1,4_minus_3,39.0,0.42626953125,0.5762722035525684,False,-0.061387035419573244,-34.33781322849597,14,False
SCLY,4_minus_3,39.0,0.42626953125,0.5762722035525684,False,0.11052854607738886,0.0,14,False
JCHAIN,4_minus_3,39.0,0.42626953125,0.5762722035525684,False,0.07919828392361059,0.8714697445469101,14,False
DCUN1D1,4_minus_3,39.0,0.42626953125,0.5762722035525684,False,-0.29507199023595077,0.0,14,False
LTO1,4_minus_3,39.0,0.42626953125,0.5762722035525684,False,-0.06069699952835242,0.0,14,False
ERBB4,4_minus_3,39.0,0.42626953125,0.5762722035525684,False,0.015386163933647399,0.0,14,False
CD22,4_minus_3,40.0,0.463134765625,0.6111469072164949,False,-0.020077659964560568,0.0,14,False
COL4A4,4_minus_3,35.0,0.46307101501458814,0.6111469072164949,False,0.15333371365805049,36.44320790325756,14,False
CA8,4_minus_3,40.0,0.463134765625,0.6111469072164949,False,-0.07580825203361444,0.0,14,False
TBR1,4_minus_3,40.0,0.463134765625,0.6111469072164949,False,-0.2746603945711294,0.0,14,False
SPRR1B,4_minus_3,35.0,0.46307101501458814,0.6111469072164949,False,0.09253615053779145,1.2245911095201323,14,False
CADPS,4_minus_3,40.0,0.463134765625,0.6111469072164949,False,0.0964308007287449,1.9538974701127971,14,False
ATP5F1D,4_minus_3,40.0,0.463134765625,0.6111469072164949,False,0.14297976852483416,32.754266472885845,14,False
CAMKK1,4_minus_3,40.0,0.463134765625,0.6111469072164949,False,0.018060210607407246,0.0,14,False
CD48,4_minus_3,40.0,0.463134765625,0.6111469072164949,False,0.021043594203956205,0.0,14,False
RBKS,4_minus_3,40.0,0.463134765625,0.6111469072164949,False,0.03720334927885255,0.0,14,False
SELENOP,4_minus_3,40.0,0.463134765625,0.6111469072164949,False,0.023816161749477698,33.21307879526168,14,False
TARM1,4_minus_3,40.0,0.463134765625,0.6111469072164949,False,0.38691687716136625,36.59986900122848,14,False
CRLF1,4_minus_3,40.0,0.463134765625,0.6111469072164949,False,-0.034302854251848425,0.0,14,False
BAG3,4_minus_3,40.0,0.463134765625,0.6111469072164949,False,0.12363761007037335,2.5528988108721213,14,False
RNF31,4_minus_3,40.0,0.463134765625,0.6111469072164949,False,-0.5528933078863415,0.0,14,False
RNASEH2A,4_minus_3,40.0,0.463134765625,0.6111469072164949,False,-0.08203416908305569,0.0,14,False
DENR,4_minus_3,40.0,0.463134765625,0.6111469072164949,False,0.12258820135387631,0.0,14,False
SYAP1,4_minus_3,40.0,0.463134765625,0.6111469072164949,False,0.3060996026839601,0.0,14,False
CPTP,4_minus_3,40.0,0.463134765625,0.6111469072164949,False,-0.11593471367494354,0.0,14,False
RLN1,4_minus_3,40.0,0.463134765625,0.6111469072164949,False,0.1552404038930612,0.0,14,False
BTNL10,4_minus_3,35.0,0.46307101501458814,0.6111469072164949,False,-0.06924981022016675,0.0,14,False
ACRV1,4_minus_3,40.0,0.463134765625,0.6111469072164949,False,0.11257959613065588,35.16203468335834,14,False
TMEM132A,4_minus_3,40.0,0.463134765625,0.6111469072164949,False,-0.04767502458498071,0.0,14,False
DBH,4_minus_3,40.0,0.463134765625,0.6111469072164949,False,-0.052956427011707025,0.0,14,False
DIPK2B,4_minus_3,40.0,0.463134765625,0.6111469072164949,False,0.0700691655702405,0.0,14,False
COL28A1,4_minus_3,40.0,0.463134765625,0.6111469072164949,False,-0.04693913365701169,0.0,14,False
DDX1,4_minus_3,40.0,0.463134765625,0.6111469072164949,False,0.48967397200908036,37.968102309330675,14,False
JMJD1C,4_minus_3,35.0,0.46307101501458814,0.6111469072164949,False,-0.10831040535097156,0.0,14,False
MFAP4,4_minus_3,40.0,0.463134765625,0.6111469072164949,False,0.09279592275580238,0.0,14,False
FES,4_minus_3,40.0,0.463134765625,0.6111469072164949,False,-0.175329104210472,-34.77184026786324,14,False
MICALL2,4_minus_3,40.0,0.463134765625,0.6111469072164949,False,0.09371528233184948,0.0,14,False
IL34,4_minus_3,40.0,0.463134765625,0.6111469072164949,False,0.0971023212813916,35.307998000101286,14,False
PSMA1,4_minus_3,40.0,0.463134765625,0.6111469072164949,False,0.2851392231417175,36.8448030505016,14,False
GFRA3,4_minus_3,40.0,0.463134765625,0.6111469072164949,False,0.0971798589407232,35.74635730207178,14,False
IFNG,4_minus_3,40.0,0.463134765625,0.6111469072164949,False,0.08143985375446475,0.0,14,False
IL25,4_minus_3,35.0,0.46307101501458814,0.6111469072164949,False,-0.27549427987194636,0.0,14,False
ITIH4,4_minus_3,40.0,0.463134765625,0.6111469072164949,False,0.15535990629029056,36.41190575582327,14,False
IL2RG,4_minus_3,40.0,0.463134765625,0.6111469072164949,False,-0.067097405791421,0.0,14,False
PLB1,4_minus_3,40.0,0.463134765625,0.6111469072164949,False,-0.019607303642858148,0.0,14,False
IL12B,4_minus_3,40.0,0.463134765625,0.6111469072164949,False,-0.041047499744984894,0.0,14,False
PENK,4_minus_3,40.0,0.463134765625,0.6111469072164949,False,0.17764280837783414,35.24741068501018,14,False
HAGH,4_minus_3,40.0,0.463134765625,0.6111469072164949,False,-0.13005096303715186,0.0,14,False
ITGAL,4_minus_3,40.0,0.463134765625,0.6111469072164949,False,0.11288342453430834,0.0,14,False
EXTL1,4_minus_3,40.0,0.463134765625,0.6111469072164949,False,0.2752306314950681,37.0374436976077,14,False
PCNA,4_minus_3,35.0,0.46307101501458814,0.6111469072164949,False,-0.06188283432446029,0.0,14,False
IL11,4_minus_3,40.0,0.463134765625,0.6111469072164949,False,0.42353972792912936,37.583227265734266,14,False
FZD10,4_minus_3,40.0,0.463134765625,0.6111469072164949,False,-0.1529554287972389,0.0,14,False
HTR1A,4_minus_3,40.0,0.463134765625,0.6111469072164949,False,0.1609512707232278,4.202888457038424,14,False
NDUFA5,4_minus_3,40.0,0.463134765625,0.6111469072164949,False,-0.12572527180219423,0.0,14,False
MMP13,4_minus_3,40.0,0.463134765625,0.6111469072164949,False,0.1868770886050339,1.4594399536747844,14,False
EPB41L5,4_minus_3,40.0,0.463134765625,0.6111469072164949,False,-0.014647312666710655,-0.321623726950657,14,False
CLEC4M,4_minus_3,41.0,0.5015869140625,0.643787032816773,False,-0.06992715817880274,-31.518181693544104,14,False
CCDC28A,4_minus_3,41.0,0.5015869140625,0.643787032816773,False,0.1959608410806247,1.3273100363665764,14,False
ATP6V1D,4_minus_3,41.0,0.5015869140625,0.643787032816773,False,0.005281931790751152,0.2647633444523103,14,False
AMY2A,4_minus_3,41.0,0.5015869140625,0.643787032816773,False,0.06516562505582145,1.3177844030781287,14,False
DDI2,4_minus_3,41.0,0.5015869140625,0.643787032816773,False,-0.15550403773240123,0.0,14,False
ANKRD54,4_minus_3,41.0,0.5015869140625,0.643787032816773,False,0.14310342462563075,0.0,14,False
AMDHD2,4_minus_3,41.0,0.5015869140625,0.643787032816773,False,0.053965877669834454,0.0,14,False
SKIV2L,4_minus_3,41.0,0.5015869140625,0.643787032816773,False,-0.09160601006111357,-0.7048120070415431,14,False
LY9,4_minus_3,41.0,0.5015869140625,0.643787032816773,False,0.02684685012492069,33.58585916201725,14,False
CD79B,4_minus_3,41.0,0.5015869140625,0.643787032816773,False,0.028088370817740398,1.6006592127274184,14,False
CLEC4D,4_minus_3,41.0,0.5015869140625,0.643787032816773,False,0.021378576249563158,0.0,14,False
PNMA2,4_minus_3,41.0,0.5015869140625,0.643787032816773,False,0.22036486761356477,2.1935732007254938,14,False
PNPT1,4_minus_3,41.0,0.5015869140625,0.643787032816773,False,0.053572720576916755,0.0,14,False
CHRDL2,4_minus_3,41.0,0.5015869140625,0.643787032816773,False,0.019710801578237375,0.0,14,False
ARG2,4_minus_3,41.0,0.5015869140625,0.643787032816773,False,0.03133474658032952,1.2288647344980002,14,False
CA14,4_minus_3,41.0,0.5015869140625,0.643787032816773,False,-0.05468777764924029,0.0,14,False
MYOM1,4_minus_3,41.0,0.5015869140625,0.643787032816773,False,0.2744014209357767,37.154886933202235,14,False
CALB1,4_minus_3,41.0,0.5015869140625,0.643787032816773,False,0.11422400888411549,1.4184989167250042,14,False
SEZ6L,4_minus_3,41.0,0.5015869140625,0.643787032816773,False,0.03508650203382005,0.0,14,False
TSPYL1,4_minus_3,41.0,0.5015869140625,0.643787032816773,False,-0.1514062598504125,0.0,14,False
MN1,4_minus_3,41.0,0.5015869140625,0.643787032816773,False,0.10244792813650244,32.40204117205686,14,False
TP53INP1,4_minus_3,41.0,0.5015869140625,0.643787032816773,False,0.1919168921483559,3.408481374338925,14,False
IFNAR1,4_minus_3,41.0,0.5015869140625,0.643787032816773,False,0.026205066878366844,0.0,14,False
RGMA,4_minus_3,41.0,0.5015869140625,0.643787032816773,False,0.07080448386848673,31.939224566260695,14,False
MFAP3L,4_minus_3,41.0,0.5015869140625,0.643787032816773,False,0.09292493699426058,1.0196581950786834,14,False
LTB,4_minus_3,41.0,0.5015869140625,0.643787032816773,False,-0.21778288926466052,0.0,14,False
KCNIP4,4_minus_3,41.0,0.5015869140625,0.643787032816773,False,-0.06333989918718388,0.0,14,False
CBLN1,4_minus_3,41.0,0.5015869140625,0.643787032816773,False,-0.20291660230653696,-36.617203123143774,14,False
KDM3A,4_minus_3,41.0,0.5015869140625,0.643787032816773,False,0.05612924869954406,2.339810217144106,14,False
IL17F,4_minus_3,41.0,0.5015869140625,0.643787032816773,False,0.14070684609241035,34.70212889195095,14,False
PMS1,4_minus_3,41.0,0.5015869140625,0.643787032816773,False,0.2780329591096822,36.967331779102075,14,False
PRELP,4_minus_3,41.0,0.5015869140625,0.643787032816773,False,0.0334651275228441,0.0,14,False
SPINK2,4_minus_3,41.0,0.5015869140625,0.643787032816773,False,-0.027746911773055737,0.0,14,False
SCP2,4_minus_3,41.0,0.5015869140625,0.643787032816773,False,0.1638686699234776,3.7693062382788547,14,False
SCN3A,4_minus_3,41.0,0.5015869140625,0.643787032816773,False,0.4034523295623827,37.279711520496036,14,False
HAO1,4_minus_3,41.0,0.5015869140625,0.643787032816773,False,0.11311877410422183,36.05660346154928,14,False
TMED4,4_minus_3,41.0,0.5015869140625,0.643787032816773,False,-0.3094540315103215,0.0,14,False
PYDC1,4_minus_3,41.0,0.5015869140625,0.643787032816773,False,0.04331724971994,34.08294892745846,14,False
BCL7B,4_minus_3,41.0,0.5015869140625,0.643787032816773,False,0.18733299492234282,2.485978947188185,14,False
SCGB1A1,4_minus_3,41.0,0.5015869140625,0.643787032816773,False,0.006622654526827948,0.10124023960226486,14,False
VEGFB,4_minus_3,41.0,0.5015869140625,0.643787032816773,False,0.0158865281662193,0.0,14,False
GLP1R,4_minus_3,41.0,0.5015869140625,0.643787032816773,False,0.21089940373374078,1.5788891631738975,14,False
DRAXIN,4_minus_3,41.0,0.5015869140625,0.643787032816773,False,0.05189895844718295,0.0,14,False
IL2,4_minus_3,41.0,0.5015869140625,0.643787032816773,False,-0.34377151675625733,0.0,14,False
BRME1,4_minus_3,41.0,0.5015869140625,0.643787032816773,False,0.3833754212515969,2.3762141453027557,14,False
AXL,4_minus_3,41.0,0.5015869140625,0.643787032816773,False,-0.03242958368756774,0.0,14,False
KLK14,4_minus_3,41.0,0.5015869140625,0.643787032816773,False,0.03793244196815715,0.0,14,False
TLR1,4_minus_3,41.0,0.5015869140625,0.643787032816773,False,-0.0657527002089162,-34.29181588465312,14,False
NUP50,4_minus_3,41.0,0.5015869140625,0.643787032816773,False,0.04102091849570884,0.0,14,False
TNFSF11,4_minus_3,41.0,0.5015869140625,0.643787032816773,False,0.03975470970903644,0.0,14,False
CCN5,4_minus_3,41.0,0.5015869140625,0.643787032816773,False,0.08484056229542039,0.8784930693957226,14,False
CCL21,4_minus_3,41.0,0.5015869140625,0.643787032816773,False,-0.015009796721892163,0.0,14,False
VSIG10L,4_minus_3,41.0,0.5015869140625,0.643787032816773,False,-0.17987872973316163,0.0,14,False
VSIG2,4_minus_3,41.0,0.5015869140625,0.643787032816773,False,0.016670799835494327,0.0,14,False
LRP2BP,4_minus_3,41.0,0.5015869140625,0.643787032816773,False,-0.0716410414846754,-33.78833187681729,14,False
FCER1A,4_minus_3,41.0,0.5015869140625,0.643787032816773,False,0.013108540876187954,0.0,14,False
CCL18,4_minus_3,41.0,0.5015869140625,0.643787032816773,False,0.11295360062678475,33.54067352639635,14,False
HMOX1,4_minus_3,41.0,0.5015869140625,0.643787032816773,False,0.0951851609687032,0.0,14,False
AFAP1,4_minus_3,41.0,0.5015869140625,0.643787032816773,False,0.1005944759913054,0.0,14,False
PRKRA,4_minus_3,41.0,0.5015869140625,0.643787032816773,False,0.14167925343413335,0.0,14,False
ACADM,4_minus_3,36.0,0.5067455281526702,0.6492244801082435,False,-0.002292118698940193,0.0,14,False
KHDC3L,4_minus_3,36.0,0.5067455281526702,0.6492244801082435,False,-0.01575801459322923,-0.8974405736473985,14,False
TLR2,4_minus_3,36.0,0.5067455281526702,0.6492244801082435,False,-0.009880383146843467,0.0,14,False
DNAJA1,4_minus_3,36.0,0.5067455281526702,0.6492244801082435,False,-0.20410378622657893,0.0,14,False
IL21R,4_minus_3,42.0,0.5416259765625,0.6781764117385505,False,-0.012019671016175307,0.0,14,False
IL22,4_minus_3,42.0,0.5416259765625,0.6781764117385505,False,-0.1359681802925387,0.0,14,False
TMEM25,4_minus_3,42.0,0.5416259765625,0.6781764117385505,False,-0.04954391700678289,0.0,14,False
PM20D1,4_minus_3,42.0,0.5416259765625,0.6781764117385505,False,0.10801797318632612,0.0,14,False
TRAF3IP2,4_minus_3,42.0,0.5416259765625,0.6781764117385505,False,0.09311217101598532,1.0635619538042507,14,False
INPP1,4_minus_3,42.0,0.5416259765625,0.6781764117385505,False,0.036164613564996645,0.0,14,False
BMP10,4_minus_3,42.0,0.5416259765625,0.6781764117385505,False,0.04187578218880639,0.0,14,False
SOWAHA,4_minus_3,42.0,0.5416259765625,0.6781764117385505,False,-0.1543880789429046,0.0,14,False
MMP15,4_minus_3,42.0,0.5416259765625,0.6781764117385505,False,0.1858441600942846,36.83103795718551,14,False
IL13RA1,4_minus_3,42.0,0.5416259765625,0.6781764117385505,False,0.005308487118221447,0.35206616337324986,14,False
FZD8,4_minus_3,42.0,0.5416259765625,0.6781764117385505,False,0.22420348875346732,34.92593876386708,14,False
IL2RB,4_minus_3,42.0,0.5416259765625,0.6781764117385505,False,-0.5551958677978326,-36.88381500640485,14,False
IL1B,4_minus_3,42.0,0.5416259765625,0.6781764117385505,False,0.20867273096622221,0.0,14,False
CNGB3,4_minus_3,42.0,0.5416259765625,0.6781764117385505,False,0.15046013825684362,36.25194871437658,14,False
TJP3,4_minus_3,42.0,0.5416259765625,0.6781764117385505,False,-0.17811810314997265,-33.157671296201656,14,False
TIMP4,4_minus_3,42.0,0.5416259765625,0.6781764117385505,False,0.0656976122593741,0.0,14,False
CIT,4_minus_3,42.0,0.5416259765625,0.6781764117385505,False,-0.16899900717090022,0.0,14,False
TNXB,4_minus_3,42.0,0.5416259765625,0.6781764117385505,False,-0.0493612125452856,0.0,14,False
GASK1A,4_minus_3,42.0,0.5416259765625,0.6781764117385505,False,-0.15227255247654325,-31.152454502712686,14,False
PNLIPRP1,4_minus_3,42.0,0.5416259765625,0.6781764117385505,False,0.016830545233172706,0.1339291629079028,14,False
RANBP2,4_minus_3,42.0,0.5416259765625,0.6781764117385505,False,-0.04234947649031294,0.0,14,False
CUZD1,4_minus_3,42.0,0.5416259765625,0.6781764117385505,False,0.17217404193161284,36.28430221590265,14,False
RANBP1,4_minus_3,42.0,0.5416259765625,0.6781764117385505,False,0.14291306210800214,0.0,14,False
PROCR,4_minus_3,42.0,0.5416259765625,0.6781764117385505,False,0.07773193859429081,34.591992926211475,14,False
ECHDC3,4_minus_3,42.0,0.5416259765625,0.6781764117385505,False,0.07684091032684172,3.758244557486539,14,False
SMAD2,4_minus_3,42.0,0.5416259765625,0.6781764117385505,False,0.05136841402742,0.0,14,False
GKN1,4_minus_3,42.0,0.5416259765625,0.6781764117385505,False,0.06117737477756051,35.25785480262578,14,False
HMCN2,4_minus_3,42.0,0.5416259765625,0.6781764117385505,False,0.1655674873524024,0.0,14,False
KLRK1,4_minus_3,42.0,0.5416259765625,0.6781764117385505,False,-0.0007503970250582991,0.0,14,False
CD209,4_minus_3,42.0,0.5416259765625,0.6781764117385505,False,-0.005449287687748772,0.0,14,False
AK1,4_minus_3,42.0,0.5416259765625,0.6781764117385505,False,0.3136111351389785,0.0,14,False
LAMB1,4_minus_3,42.0,0.5416259765625,0.6781764117385505,False,-0.019984824591823692,0.0,14,False
ACP1,4_minus_3,42.0,0.5416259765625,0.6781764117385505,False,-0.43868949051172945,-34.67146909099244,14,False
NPTXR,4_minus_3,42.0,0.5416259765625,0.6781764117385505,False,0.17977696479363275,35.29683141538299,14,False
NPTN,4_minus_3,42.0,0.5416259765625,0.6781764117385505,False,0.1402470013487399,36.56806877820114,14,False
LBP,4_minus_3,42.0,0.5416259765625,0.6781764117385505,False,0.01479236306534032,0.0,14,False
GPC5,4_minus_3,42.0,0.5416259765625,0.6781764117385505,False,0.047557724162848175,0.0,14,False
DNER,4_minus_3,42.0,0.5416259765625,0.6781764117385505,False,0.05777046025633245,0.0,14,False
NPHS1,4_minus_3,42.0,0.5416259765625,0.6781764117385505,False,-0.15621574206201505,0.0,14,False
PTPRN2,4_minus_3,42.0,0.5416259765625,0.6781764117385505,False,-0.047368784387641506,0.0,14,False
GSTM4,4_minus_3,42.0,0.5416259765625,0.6781764117385505,False,-0.2758529970963036,-36.46357626083741,14,False
DMP1,4_minus_3,42.0,0.5416259765625,0.6781764117385505,False,-0.16798255810522458,0.0,14,False
SRP14,4_minus_3,42.0,0.5416259765625,0.6781764117385505,False,0.22515824646247568,34.960889025404335,14,False
AKR1C4,4_minus_3,42.0,0.5416259765625,0.6781764117385505,False,0.033100974091323815,31.96225305755637,14,False
FGF2,4_minus_3,42.0,0.5416259765625,0.6781764117385505,False,0.1030984137570505,0.0,14,False
ICAM4,4_minus_3,42.0,0.5416259765625,0.6781764117385505,False,-0.01616178423473711,0.0,14,False
NCAM1,4_minus_3,42.0,0.5416259765625,0.6781764117385505,False,0.05476202094365418,0.0,14,False
AMBP,4_minus_3,42.0,0.5416259765625,0.6781764117385505,False,0.0005828354508687072,0.12586157318540883,14,False
ENOPH1,4_minus_3,42.0,0.5416259765625,0.6781764117385505,False,0.0741712619511248,3.826347868980573,14,False
DDA1,4_minus_3,42.0,0.5416259765625,0.6781764117385505,False,-0.13205713325168492,-36.2764823983829,14,False
ARG1,4_minus_3,42.0,0.5416259765625,0.6781764117385505,False,-0.0231316255370691,0.0,14,False
ARAF,4_minus_3,37.0,0.5524933360016062,0.6890262330294611,False,0.11793383590757585,0.0,14,False
PDIA2,4_minus_3,37.0,0.5524933360016062,0.6890262330294611,False,0.0477709939790043,0.0,14,False
SHPK,4_minus_3,37.0,0.5524933360016062,0.6890262330294611,False,0.004462417289905929,0.0,14,False
CEP350,4_minus_3,37.0,0.5524933360016062,0.6890262330294611,False,0.11721792278461596,34.84611927992101,14,False
TK1,4_minus_3,37.0,0.5524933360016062,0.6890262330294611,False,0.1233688335850664,0.0,14,False
CA7,4_minus_3,37.0,0.5524933360016062,0.6890262330294611,False,-0.2473995634600156,-33.7040864695876,14,False
LSM8,4_minus_3,37.0,0.5524933360016062,0.6890262330294611,False,-0.23697400856782114,0.0,14,False
IL3,4_minus_3,37.0,0.5524933360016062,0.6890262330294611,False,-0.027386020648434872,0.0,14,False
GAD1,4_minus_3,37.0,0.5524933360016062,0.6890262330294611,False,-0.004571825313928468,0.0,14,False
PAGR1,4_minus_3,43.0,0.5830078125,0.7100994809688581,False,0.03607736373845,0.0,14,False
NAAA,4_minus_3,43.0,0.5830078125,0.7100994809688581,False,0.026832646047319185,0.31941389863710606,14,False
GPD1,4_minus_3,43.0,0.5830078125,0.7100994809688581,False,-0.019184751116493773,0.0,14,False
SHH,4_minus_3,43.0,0.5830078125,0.7100994809688581,False,-0.004775695883260496,0.0,14,False
NPPB,4_minus_3,43.0,0.5830078125,0.7100994809688581,False,-0.48492703357678363,0.0,14,False
MYL1,4_minus_3,43.0,0.5830078125,0.7100994809688581,False,-0.11310962207677971,-32.39385143351968,14,False
MYH4,4_minus_3,43.0,0.5830078125,0.7100994809688581,False,0.048811148621006106,0.0,14,False
PACS2,4_minus_3,43.0,0.5830078125,0.7100994809688581,False,0.21688876832136617,0.0,14,False
SH3GLB2,4_minus_3,43.0,0.5830078125,0.7100994809688581,False,0.10383341481308125,0.0,14,False
TLR4,4_minus_3,43.0,0.5830078125,0.7100994809688581,False,-0.12619499820710658,-35.29754158995086,14,False
THBS4,4_minus_3,43.0,0.5830078125,0.7100994809688581,False,0.0010493238375960529,0.0,14,False
IFNW1,4_minus_3,43.0,0.5830078125,0.7100994809688581,False,-0.06066583752448812,0.0,14,False
CASP10,4_minus_3,43.0,0.5830078125,0.7100994809688581,False,0.05371366986506221,0.0,14,False
C1GALT1C1,4_minus_3,43.0,0.5830078125,0.7100994809688581,False,0.09390151566278965,34.077521101147276,14,False
CD164L2,4_minus_3,43.0,0.5830078125,0.7100994809688581,False,0.1560179342480447,36.1650382607264,14,False
NTRK2,4_minus_3,43.0,0.5830078125,0.7100994809688581,False,-0.03374307938480874,0.0,14,False
SUSD5,4_minus_3,43.0,0.5830078125,0.7100994809688581,False,0.006280415950379849,0.0,14,False
CEACAM8,4_minus_3,43.0,0.5830078125,0.7100994809688581,False,-0.09071163406073586,0.0,14,False
CEP112,4_minus_3,43.0,0.5830078125,0.7100994809688581,False,-0.013094099465360987,0.0,14,False
NEDD9,4_minus_3,43.0,0.5830078125,0.7100994809688581,False,-0.18892531842781762,0.0,14,False
CLTA,4_minus_3,43.0,0.5830078125,0.7100994809688581,False,-0.09996373727446974,0.0,14,False
SERPINA12,4_minus_3,22.0,0.5750621301739497,0.7100994809688581,False,0.0,0.0,14,False
HSD17B3,4_minus_3,43.0,0.5830078125,0.7100994809688581,False,0.21968113608991963,1.9296552380739516,14,False
MSLN,4_minus_3,43.0,0.5830078125,0.7100994809688581,False,-0.040394656668135645,-0.9659586066478301,14,False
HGS,4_minus_3,43.0,0.5830078125,0.7100994809688581,False,-0.001859940693344872,0.0,14,False
FTCD,4_minus_3,43.0,0.5830078125,0.7100994809688581,False,0.022965305956639037,0.8901827102233137,14,False
ITGB7,4_minus_3,43.0,0.5830078125,0.7100994809688581,False,0.039093273691119944,3.6662896394194435,14,False
CPA2,4_minus_3,43.0,0.5830078125,0.7100994809688581,False,0.07175063525490828,1.0746023132569091,14,False
IL32,4_minus_3,43.0,0.5830078125,0.7100994809688581,False,0.04370268565685963,0.0,14,False
KLRD1,4_minus_3,43.0,0.5830078125,0.7100994809688581,False,0.031675606945079496,33.2908987785835,14,False
LPA,4_minus_3,43.0,0.5830078125,0.7100994809688581,False,0.05328576345856456,0.0,14,False
CRYM,4_minus_3,43.0,0.5830078125,0.7100994809688581,False,0.22097663409477014,0.0,14,False
PROC,4_minus_3,43.0,0.5830078125,0.7100994809688581,False,-0.055276290056491,-33.53405408924181,14,False
S100A16,4_minus_3,43.0,0.5830078125,0.7100994809688581,False,0.06591321453965154,2.7236873462868827,14,False
TOM1L2,4_minus_3,43.0,0.5830078125,0.7100994809688581,False,0.1534022595025838,0.0,14,False
LRG1,4_minus_3,43.0,0.5830078125,0.7100994809688581,False,-0.0852581931187753,0.0,14,False
KLB,4_minus_3,43.0,0.5830078125,0.7100994809688581,False,-0.10848048655899864,-2.1857712209730358,14,False
UGDH,4_minus_3,43.0,0.5830078125,0.7100994809688581,False,0.21978271844513234,35.75482741262091,14,False
RETN,4_minus_3,43.0,0.5830078125,0.7100994809688581,False,0.05248575480235887,0.0,14,False
FABP6,4_minus_3,43.0,0.5830078125,0.7100994809688581,False,0.08933576156885205,0.9432494481251503,14,False
CORO6,4_minus_3,43.0,0.5830078125,0.7100994809688581,False,-0.026734291683968237,0.0,14,False
TSPAN15,4_minus_3,43.0,0.5830078125,0.7100994809688581,False,-0.008443085070260703,0.0,14,False
CXCL14,4_minus_3,43.0,0.5830078125,0.7100994809688581,False,0.017557909988999337,31.79056947607008,14,False
WNT9A,4_minus_3,43.0,0.5830078125,0.7100994809688581,False,0.08032891178868475,0.0,14,False
TNFSF9,4_minus_3,43.0,0.5830078125,0.7100994809688581,False,0.11606238887438734,2.3154814800139993,14,False
ADCYAP1R1,4_minus_3,43.0,0.5830078125,0.7100994809688581,False,0.2098629690453034,36.99567146588995,14,False
RPA2,4_minus_3,43.0,0.5830078125,0.7100994809688581,False,0.005361379103139954,0.06949387098963064,14,False
FCN2,4_minus_3,43.0,0.5830078125,0.7100994809688581,False,-0.09858717103646716,-1.597275314026229,14,False
IL24,4_minus_3,43.0,0.5830078125,0.7100994809688581,False,-0.13560166730391846,-33.59564861574516,14,False
PSMD1,4_minus_3,43.0,0.5830078125,0.7100994809688581,False,0.5243867557283525,33.51450699553847,14,False
PTH1R,4_minus_3,43.0,0.5830078125,0.7100994809688581,False,0.10029333466509888,32.814429378223046,14,False
LGALS7_LGALS7B,4_minus_3,43.0,0.5830078125,0.7100994809688581,False,-0.12394576855917006,0.0,14,False
BCAN,4_minus_3,43.0,0.5830078125,0.7100994809688581,False,0.11779723048198866,32.84601412690633,14,False
PXDNL,4_minus_3,43.0,0.5830078125,0.7100994809688581,False,0.05580478443883802,0.0,14,False
CYB5A,4_minus_3,38.0,0.6001794871405539,0.7288078636428632,False,0.26268997689272755,0.0,14,False
RGL2,4_minus_3,38.0,0.6001794871405539,0.7288078636428632,False,0.062290408587580795,2.7690333013202886,14,False
DCDC2C,4_minus_3,38.0,0.6001794871405539,0.7288078636428632,False,-0.19151443455718384,0.0,14,False
CEACAM20,4_minus_3,38.0,0.6001794871405539,0.7288078636428632,False,0.19989700231730562,0.0,14,False
SSH3,4_minus_3,38.0,0.6001794871405539,0.7288078636428632,False,0.13004472639223857,0.0,14,False
CINP,4_minus_3,38.0,0.6001794871405539,0.7288078636428632,False,-0.006261044546608252,0.0,14,False
CREB3,4_minus_3,38.0,0.6001794871405539,0.7288078636428632,False,-0.009050238188784348,0.0,14,False
ZBTB17,4_minus_3,44.0,0.625732421875,0.7475869749681798,False,0.045336274021941604,0.0,14,False
CDH6,4_minus_3,44.0,0.625732421875,0.7475869749681798,False,0.08145911100570674,6.48070069530487,14,False
HEPH,4_minus_3,44.0,0.625732421875,0.7475869749681798,False,-0.019975500471174898,0.0,14,False
OTOA,4_minus_3,44.0,0.625732421875,0.7475869749681798,False,0.26683168573073346,2.3872420809894614,14,False
MAP1LC3B2,4_minus_3,44.0,0.625732421875,0.7475869749681798,False,-0.11992727329105869,-35.403120304188036,14,False
IFT20,4_minus_3,44.0,0.625732421875,0.7475869749681798,False,0.20376827713865417,35.27455608459712,14,False
HADH,4_minus_3,44.0,0.625732421875,0.7475869749681798,False,-0.10284133380655214,-35.48577313537672,14,False
ITPRIP,4_minus_3,44.0,0.625732421875,0.7475869749681798,False,-0.2189165809597239,0.0,14,False
NAMPT,4_minus_3,44.0,0.625732421875,0.7475869749681798,False,-0.0030866090422570353,0.0,14,False
PPM1B,4_minus_3,44.0,0.625732421875,0.7475869749681798,False,0.11325136176271083,0.0,14,False
NLGN2,4_minus_3,44.0,0.625732421875,0.7475869749681798,False,0.09999925984570145,2.053331334575533,14,False
IDI2,4_minus_3,44.0,0.625732421875,0.7475869749681798,False,-0.17548008989671937,0.0,14,False
NTRK3,4_minus_3,44.0,0.625732421875,0.7475869749681798,False,0.06436199494367897,0.0,14,False
GDF2,4_minus_3,44.0,0.625732421875,0.7475869749681798,False,0.047307919054639214,34.07718863886891,14,False
SMPD3,4_minus_3,44.0,0.625732421875,0.7475869749681798,False,0.10798129768068801,35.24881961331609,14,False
KIAA2013,4_minus_3,44.0,0.625732421875,0.7475869749681798,False,-0.007442791333379467,0.0,14,False
ODAM,4_minus_3,44.0,0.625732421875,0.7475869749681798,False,-0.08013477569279764,0.0,14,False
CD300LG,4_minus_3,44.0,0.625732421875,0.7475869749681798,False,0.044841299793152295,0.0,14,False
ADH1B,4_minus_3,44.0,0.625732421875,0.7475869749681798,False,-0.27604863738028496,0.0,14,False
SLITRK1,4_minus_3,44.0,0.625732421875,0.7475869749681798,False,-0.10406815122616213,0.0,14,False
HBQ1,4_minus_3,44.0,0.625732421875,0.7475869749681798,False,-0.0076425743593744044,0.0,14,False
PSMG4,4_minus_3,44.0,0.625732421875,0.7475869749681798,False,0.17158084262153708,0.0,14,False
IL22RA1,4_minus_3,44.0,0.625732421875,0.7475869749681798,False,-0.10907931164862081,-33.64574628701026,14,False
CLEC4G,4_minus_3,44.0,0.625732421875,0.7475869749681798,False,-0.026413862016376053,0.0,14,False
BPIFB2,4_minus_3,44.0,0.625732421875,0.7475869749681798,False,-0.12707361428754715,-33.876508642778134,14,False
PLA2G2A,4_minus_3,44.0,0.625732421875,0.7475869749681798,False,-0.03996605304960338,0.0,14,False
PLXDC2,4_minus_3,44.0,0.625732421875,0.7475869749681798,False,0.007538845872103806,0.0,14,False
TEX101,4_minus_3,44.0,0.625732421875,0.7475869749681798,False,0.1694612121658606,1.448022328104634,14,False
CSF3,4_minus_3,44.0,0.625732421875,0.7475869749681798,False,-0.04917860359887434,0.0,14,False
TNR,4_minus_3,44.0,0.625732421875,0.7475869749681798,False,-0.0946449129600549,-34.813127503913464,14,False
CNTN4,4_minus_3,44.0,0.625732421875,0.7475869749681798,False,-0.02090527045704995,0.0,14,False
GALNT5,4_minus_3,44.0,0.625732421875,0.7475869749681798,False,0.1617888275541903,0.0,14,False
METAP1,4_minus_3,44.0,0.625732421875,0.7475869749681798,False,-0.07808884337710756,-32.28286151989943,14,False
MPRIP,4_minus_3,44.0,0.625732421875,0.7475869749681798,False,-0.04505355690048641,0.0,14,False
CHRM1,4_minus_3,44.0,0.625732421875,0.7475869749681798,False,0.10723750792988077,0.0,14,False
IL13RA2,4_minus_3,44.0,0.625732421875,0.7475869749681798,False,0.22607776743260935,36.73305295690222,14,False
TNFRSF17,4_minus_3,44.0,0.625732421875,0.7475869749681798,False,0.0717637304610215,34.17232666664323,14,False
TPK1,4_minus_3,44.0,0.625732421875,0.7475869749681798,False,0.040717651253520955,1.097147788400624,14,False
CERT1,4_minus_3,23.0,0.6464622026641696,0.7716988396364144,False,0.0,0.0,14,False
MAP2,4_minus_3,23.0,0.6464622026641696,0.7716988396364144,False,0.0,0.0,14,False
ERCC1,4_minus_3,39.0,0.6496440323317323,0.7725496600701681,False,-0.024065097782330236,0.0,14,False
CLASP1,4_minus_3,39.0,0.6496440323317323,0.7725496600701681,False,0.022863353665908637,0.0,14,False
CDH22,4_minus_3,39.0,0.6496440323317323,0.7725496600701681,False,-0.031671521883255005,-32.33302825680937,14,False
PTTG1,4_minus_3,39.0,0.6496440323317323,0.7725496600701681,False,-0.13400237392493117,0.0,14,False
ARHGAP5,4_minus_3,39.0,0.6496440323317323,0.7725496600701681,False,0.1304443833148633,0.0,14,False
IGLON5,4_minus_3,39.0,0.6496440323317323,0.7725496600701681,False,0.10088287332720766,0.0,14,False
VWA5A,4_minus_3,39.0,0.6496440323317323,0.7725496600701681,False,0.1409577237748082,35.81339354416049,14,False
CREBZF,4_minus_3,39.0,0.6496440323317323,0.7725496600701681,False,-0.10552650925254178,0.0,14,False
SAP18,4_minus_3,39.0,0.6496440323317323,0.7725496600701681,False,-0.013492570063254439,-3.898503439484747,14,False
ADAM8,4_minus_3,28.0,0.6566419342620566,0.7805418686711487,False,0.0,0.0,14,False
KLK3,4_minus_3,45.0,0.6697998046875,0.7829623287671232,False,0.16143855032924653,6.2319229252284725,14,False
TOP1,4_minus_3,45.0,0.6697998046875,0.7829623287671232,False,0.10604983235859054,0.0,14,False
LRIG3,4_minus_3,45.0,0.6697998046875,0.7829623287671232,False,-0.01862799467909726,0.0,14,False
THSD1,4_minus_3,45.0,0.6697998046875,0.7829623287671232,False,-0.13168319666514644,0.0,14,False
CSF2,4_minus_3,45.0,0.6697998046875,0.7829623287671232,False,0.0003597726629798875,0.0,14,False
FOXO3,4_minus_3,45.0,0.6697998046875,0.7829623287671232,False,0.26575045298408534,0.0,14,False
CLSPN,4_minus_3,45.0,0.6697998046875,0.7829623287671232,False,0.09997247066427034,34.73975368328811,14,False
HMBS,4_minus_3,45.0,0.6697998046875,0.7829623287671232,False,-0.01794260464587963,0.0,14,False
CD200R1,4_minus_3,45.0,0.6697998046875,0.7829623287671232,False,0.023803935367025762,0.0,14,False
LAMA1,4_minus_3,45.0,0.6697998046875,0.7829623287671232,False,-0.28152998596479817,0.0,14,False
SEMA6C,4_minus_3,45.0,0.6697998046875,0.7829623287671232,False,0.23954462202812835,36.69706846376314,14,False
FETUB,4_minus_3,45.0,0.6697998046875,0.7829623287671232,False,0.043815362581442203,0.8833777655912998,14,False
DIPK1C,4_minus_3,45.0,0.6697998046875,0.7829623287671232,False,0.08032433239643111,1.443613106422317,14,False
IL2RA,4_minus_3,45.0,0.6697998046875,0.7829623287671232,False,0.018721194680284686,1.663455140898796,14,False
PTPRH,4_minus_3,45.0,0.6697998046875,0.7829623287671232,False,0.09640335465073079,2.2290069570539175,14,False
FGFBP2,4_minus_3,45.0,0.6697998046875,0.7829623287671232,False,0.04049906404414727,33.967076281105236,14,False
KLRC1,4_minus_3,45.0,0.6697998046875,0.7829623287671232,False,0.0031108851196458565,0.07975787515586633,14,False
CST7,4_minus_3,45.0,0.6697998046875,0.7829623287671232,False,-0.00136881360336508,0.0,14,False
CA4,4_minus_3,45.0,0.6697998046875,0.7829623287671232,False,-0.04851909616680526,0.0,14,False
SUGP1,4_minus_3,45.0,0.6697998046875,0.7829623287671232,False,0.2011943446571141,33.41874804426632,14,False
ARHGEF5,4_minus_3,45.0,0.6697998046875,0.7829623287671232,False,-0.11462527991516731,0.0,14,False
CHEK2,4_minus_3,45.0,0.6697998046875,0.7829623287671232,False,-0.1569081905621238,0.0,14,False
TSC22D1,4_minus_3,45.0,0.6697998046875,0.7829623287671232,False,0.021882826338598987,1.0012607555852144,14,False
MEGF10,4_minus_3,45.0,0.6697998046875,0.7829623287671232,False,0.005625283457624156,0.0,14,False
NAA10,4_minus_3,45.0,0.6697998046875,0.7829623287671232,False,0.3515999612158609,34.76187598584462,14,False
PALM,4_minus_3,45.0,0.6697998046875,0.7829623287671232,False,0.01713986117940619,0.0,14,False
PLTP,4_minus_3,45.0,0.6697998046875,0.7829623287671232,False,-0.016081610229882637,0.0,14,False
IL10,4_minus_3,45.0,0.6697998046875,0.7829623287671232,False,-0.18963201832628906,0.0,14,False
ALDH2,4_minus_3,45.0,0.6697998046875,0.7829623287671232,False,0.06488680815656267,1.5401078035220697,14,False
EPO,4_minus_3,45.0,0.6697998046875,0.7829623287671232,False,0.1749581543555317,0.48288534864707167,14,False
TG,4_minus_3,45.0,0.6697998046875,0.7829623287671232,False,0.038140210519192835,0.49918247185896386,14,False
AOC1,4_minus_3,45.0,0.6697998046875,0.7829623287671232,False,0.015122473341377951,0.0,14,False
SLAMF1,4_minus_3,45.0,0.6697998046875,0.7829623287671232,False,0.03115435848505646,0.9873991019588018,14,False
CFHR4,4_minus_3,45.0,0.6697998046875,0.7829623287671232,False,-0.0025965158298269925,0.0,14,False
ATP1B3,4_minus_3,45.0,0.6697998046875,0.7829623287671232,False,-0.1572850686085731,0.0,14,False
ICAM3,4_minus_3,45.0,0.6697998046875,0.7829623287671232,False,-0.0063749624806563945,0.0,14,False
NCAM2,4_minus_3,45.0,0.6697998046875,0.7829623287671232,False,0.021656097094822108,0.0,14,False
GABARAP,4_minus_3,45.0,0.6697998046875,0.7829623287671232,False,-0.08005235194589758,0.0,14,False
SUMF1,4_minus_3,45.0,0.6697998046875,0.7829623287671232,False,0.08651467725292276,34.74751431283476,14,False
CCDC80,4_minus_3,45.0,0.6697998046875,0.7829623287671232,False,0.025130005770849978,0.0,14,False
SERPINA3,4_minus_3,34.0,0.6948866023724733,0.8119504864236037,False,0.0007784959086480497,0.0,14,False
BEX3,4_minus_3,40.0,0.700703412251682,0.8180683287316486,False,-0.0876362443399008,0.0,14,False
PDIA5,4_minus_3,40.0,0.700703412251682,0.8180683287316486,False,-0.31152258497250873,0.0,14,False
VWC2,4_minus_3,46.0,0.71484375,0.819959266802444,False,0.10164177260661254,0.0,14,False
C1QL2,4_minus_3,46.0,0.71484375,0.819959266802444,False,0.008229188031902951,0.7821745042526751,14,False
ZHX2,4_minus_3,46.0,0.71484375,0.819959266802444,False,0.049476347629709,32.183686112608285,14,False
TSLP,4_minus_3,46.0,0.71484375,0.819959266802444,False,0.013697062525962908,0.0,14,False
BAMBI,4_minus_3,46.0,0.71484375,0.819959266802444,False,0.07545788361824605,1.14983008429684,14,False
TRAF3,4_minus_3,46.0,0.71484375,0.819959266802444,False,0.052641082531982,32.3535989665619,14,False
TSPAN1,4_minus_3,46.0,0.71484375,0.819959266802444,False,-0.01701207111002411,0.0,14,False
ABO,4_minus_3,46.0,0.71484375,0.819959266802444,False,0.012279650260407546,0.5210611217756232,14,False
ATP1B1,4_minus_3,46.0,0.71484375,0.819959266802444,False,-0.06613028552683672,-32.431736158268436,14,False
LAMP1,4_minus_3,46.0,0.71484375,0.819959266802444,False,0.1753836116088878,35.83178085204742,14,False
HNMT,4_minus_3,46.0,0.71484375,0.819959266802444,False,-0.04822685996565952,0.0,14,False
LXN,4_minus_3,46.0,0.71484375,0.819959266802444,False,-0.0675120920663424,0.0,14,False
IFNL2,4_minus_3,46.0,0.71484375,0.819959266802444,False,0.07165092107613252,35.127789892488195,14,False
SSB,4_minus_3,46.0,0.71484375,0.819959266802444,False,0.220652178270051,1.922881513545439,14,False
CA11,4_minus_3,46.0,0.71484375,0.819959266802444,False,0.003448981726153705,0.0,14,False
TNFRSF8,4_minus_3,46.0,0.71484375,0.819959266802444,False,0.06921187026848233,31.76789823172022,14,False
KLK15,4_minus_3,46.0,0.71484375,0.819959266802444,False,-0.15913076707230034,0.0,14,False
SUSD2,4_minus_3,46.0,0.71484375,0.819959266802444,False,0.024773213539462158,0.0,14,False
UBE2Z,4_minus_3,46.0,0.71484375,0.819959266802444,False,-0.04339690009547926,0.0,14,False
IL36G,4_minus_3,46.0,0.71484375,0.819959266802444,False,-0.010167625826194779,-0.28100507950845804,14,False
STAB2,4_minus_3,46.0,0.71484375,0.819959266802444,False,-0.0030852053204101955,-0.03721021723972055,14,False
ALPP,4_minus_3,46.0,0.71484375,0.819959266802444,False,-0.07822453820555934,-0.28766251589675307,14,False
CD207,4_minus_3,46.0,0.71484375,0.819959266802444,False,0.03588441184471773,0.5309438214242316,14,False
HCG22,4_minus_3,46.0,0.71484375,0.819959266802444,False,-0.025711393852458703,-32.97332988269242,14,False
CHP1,4_minus_3,46.0,0.71484375,0.819959266802444,False,0.033587549539650874,1.234882267109859,14,False
DDX53,4_minus_3,46.0,0.71484375,0.819959266802444,False,-0.2362912401938159,0.0,14,False
GHRHR,4_minus_3,46.0,0.71484375,0.819959266802444,False,-0.11408569003307355,-36.14207161266081,14,False
DUOX2,4_minus_3,46.0,0.71484375,0.819959266802444,False,0.038967676875425294,34.231186663312556,14,False
RAB39B,4_minus_3,46.0,0.71484375,0.819959266802444,False,0.04711517020806937,0.0,14,False
PADI4,4_minus_3,46.0,0.71484375,0.819959266802444,False,-0.13920548572094887,0.0,14,False
CHM,4_minus_3,46.0,0.71484375,0.819959266802444,False,0.09330425411672134,0.0,14,False
DCXR,4_minus_3,46.0,0.71484375,0.819959266802444,False,0.09475455050983878,0.0,14,False
PPT1,4_minus_3,46.0,0.71484375,0.819959266802444,False,0.09482462115037005,35.33098513532615,14,False
FGF6,4_minus_3,46.0,0.71484375,0.819959266802444,False,-0.17528914352943825,0.0,14,False
SCT,4_minus_3,46.0,0.71484375,0.819959266802444,False,-0.11497706092985338,0.0,14,False
PGLYRP2,4_minus_3,46.0,0.71484375,0.819959266802444,False,0.04303999267105264,32.95612019063558,14,False
SBSN,4_minus_3,46.0,0.71484375,0.819959266802444,False,-0.025286771273223006,0.0,14,False
FRMD7,4_minus_3,46.0,0.71484375,0.819959266802444,False,-0.08892757382124386,-35.3649784588241,14,False
FAM20A,4_minus_3,46.0,0.71484375,0.819959266802444,False,0.06412325116447751,0.0,14,False
F3,4_minus_3,46.0,0.71484375,0.819959266802444,False,0.10483907465988306,33.60284690529973,14,False
FCRL3,4_minus_3,46.0,0.71484375,0.819959266802444,False,-0.17310530312471978,0.0,14,False
SAT1,4_minus_3,46.0,0.71484375,0.819959266802444,False,0.12962114483093107,36.25839360395427,14,False
DLL4,4_minus_3,46.0,0.71484375,0.819959266802444,False,0.09879364224048631,3.1852476658838333,14,False
FCRL6,4_minus_3,47.0,0.7608642578125,0.8505731441048034,False,-0.05602151234018335,-34.74351461139303,14,False
CA2,4_minus_3,47.0,0.7608642578125,0.8505731441048034,False,0.055259590359102106,0.0,14,False
PLA2G7,4_minus_3,47.0,0.7608642578125,0.8505731441048034,False,0.04937732618049598,0.0,14,False
FAM171A2,4_minus_3,47.0,0.7608642578125,0.8505731441048034,False,-0.13666400660144373,0.0,14,False
CSPG5,4_minus_3,47.0,0.7608642578125,0.8505731441048034,False,0.08192089337998229,35.09613326965983,14,False
MYBPC2,4_minus_3,47.0,0.7608642578125,0.8505731441048034,False,0.14293612899006242,36.480983569293116,14,False
TDP1,4_minus_3,47.0,0.7608642578125,0.8505731441048034,False,0.17384014992082264,34.36290996284923,14,False
VASN,4_minus_3,47.0,0.7608642578125,0.8505731441048034,False,0.030029851399351687,0.0,14,False
LTA4H,4_minus_3,47.0,0.7608642578125,0.8505731441048034,False,-0.06933360620935641,0.0,14,False
CST1,4_minus_3,47.0,0.7608642578125,0.8505731441048034,False,-0.012272368051899907,0.0,14,False
IGF2BP3,4_minus_3,47.0,0.7608642578125,0.8505731441048034,False,-0.018695477371257846,0.0,14,False
LRRFIP1,4_minus_3,47.0,0.7608642578125,0.8505731441048034,False,-0.0857508990136631,0.0,14,False
PRKD2,4_minus_3,47.0,0.7608642578125,0.8505731441048034,False,-0.04125576051332874,0.0,14,False
AGR2,4_minus_3,47.0,0.7608642578125,0.8505731441048034,False,0.044045753468389126,0.0,14,False
LRP2,4_minus_3,47.0,0.7608642578125,0.8505731441048034,False,0.4016354687899822,38.13526477803159,14,False
F11,4_minus_3,47.0,0.7608642578125,0.8505731441048034,False,-0.02349059303565912,0.0,14,False
KLHL41,4_minus_3,47.0,0.7608642578125,0.8505731441048034,False,0.060136715517523656,0.8398101509874472,14,False
LRP1,4_minus_3,47.0,0.7608642578125,0.8505731441048034,False,0.04055592877540605,33.16490336051854,14,False
RYR1,4_minus_3,47.0,0.7608642578125,0.8505731441048034,False,-0.10313434849267067,-3.604508461026231,14,False
MUCL3,4_minus_3,41.0,0.7531523647659145,0.8505731441048034,False,0.01331142097713689,0.0,14,False
IL12A_IL12B,4_minus_3,47.0,0.7608642578125,0.8505731441048034,False,-0.02753441930056875,0.0,14,False
CLEC14A,4_minus_3,47.0,0.7608642578125,0.8505731441048034,False,-0.03822084069294979,0.0,14,False
SCGB2A2,4_minus_3,47.0,0.7608642578125,0.8505731441048034,False,-0.3208175805208894,0.0,14,False
PGM2,4_minus_3,47.0,0.7608642578125,0.8505731441048034,False,-0.09963935971559645,0.0,14,False
SCN3B,4_minus_3,47.0,0.7608642578125,0.8505731441048034,False,0.02604061052664896,1.5739271548091762,14,False
CXCL13,4_minus_3,47.0,0.7608642578125,0.8505731441048034,False,-0.1416316872213026,0.0,14,False
MMP9,4_minus_3,47.0,0.7608642578125,0.8505731441048034,False,-0.135617726819436,0.0,14,False
TMOD4,4_minus_3,41.0,0.7531523647659145,0.8505731441048034,False,-0.060535445222970954,0.0,14,False
ITGBL1,4_minus_3,47.0,0.7608642578125,0.8505731441048034,False,0.002448939794765055,0.0,14,False
MORN4,4_minus_3,41.0,0.7531523647659145,0.8505731441048034,False,0.047692375095174794,0.0,14,False
APOH,4_minus_3,47.0,0.7608642578125,0.8505731441048034,False,-0.1695923763030032,-34.343865465959915,14,False
RIDA,4_minus_3,47.0,0.7608642578125,0.8505731441048034,False,-0.09462039484431511,0.0,14,False
PDGFRB,4_minus_3,47.0,0.7608642578125,0.8505731441048034,False,0.037193802906862805,0.0,14,False
APOA4,4_minus_3,47.0,0.7608642578125,0.8505731441048034,False,-0.046254444844130604,-2.212495851754629,14,False
PPIE,4_minus_3,41.0,0.7531523647659145,0.8505731441048034,False,-0.0026204911022509325,0.0,14,False
SLC1A4,4_minus_3,47.0,0.7608642578125,0.8505731441048034,False,-0.031181147869820958,0.0,14,False
FCN1,4_minus_3,47.0,0.7608642578125,0.8505731441048034,False,-0.11037243863155899,0.0,14,False
SERPINA7,4_minus_3,47.0,0.7608642578125,0.8505731441048034,False,0.04006648742356769,0.7512919878846196,14,False
IL17RB,4_minus_3,47.0,0.7608642578125,0.8505731441048034,False,0.058855350669015316,0.0,14,False
ANP32C,4_minus_3,47.0,0.7608642578125,0.8505731441048034,False,0.019582491244659127,0.0,14,False
RELB,4_minus_3,47.0,0.7608642578125,0.8505731441048034,False,0.34560388934549835,1.2230027107045267,14,False
LYAR,4_minus_3,47.0,0.7608642578125,0.8505731441048034,False,0.015543913674816553,0.0,14,False
SLC28A1,4_minus_3,41.0,0.7531523647659145,0.8505731441048034,False,0.022022736425348396,0.0,14,False
SPACA5_SPACA5B,4_minus_3,47.0,0.7608642578125,0.8505731441048034,False,0.016577000446021794,0.5207520882806385,14,False
MEP1B,4_minus_3,47.0,0.7608642578125,0.8505731441048034,False,-0.004846308105322272,-0.03928238634219961,14,False
HBZ,4_minus_3,47.0,0.7608642578125,0.8505731441048034,False,-0.0486721236112619,-1.1543673259586533,14,False
YTHDF3,4_minus_3,47.0,0.7608642578125,0.8505731441048034,False,0.24145224681737848,36.05073252964851,14,False
ADAM23,4_minus_3,47.0,0.7608642578125,0.8505731441048034,False,0.02716695059268326,0.0,14,False
CD3E,4_minus_3,41.0,0.7531523647659145,0.8505731441048034,False,0.004588463283795585,0.0,14,False
GNPDA1,4_minus_3,47.0,0.7608642578125,0.8505731441048034,False,0.06705956428886548,0.0,14,False
NEO1,4_minus_3,47.0,0.7608642578125,0.8505731441048034,False,-0.015337602917834004,0.0,14,False
ACHE,4_minus_3,47.0,0.7608642578125,0.8505731441048034,False,0.04202595772091558,0.0,14,False
SNED1,4_minus_3,47.0,0.7608642578125,0.8505731441048034,False,0.0177586340328087,0.0,14,False
CDAN1,4_minus_3,47.0,0.7608642578125,0.8505731441048034,False,-0.026013213736240437,-29.31125677670737,14,False
ADAMTS1,4_minus_3,47.0,0.7608642578125,0.8505731441048034,False,0.21151887555987575,35.865470706970164,14,False
NRN1,4_minus_3,47.0,0.7608642578125,0.8505731441048034,False,-0.03195236424761039,-34.246303615353604,14,False
GIMAP8,4_minus_3,41.0,0.7531523647659145,0.8505731441048034,False,0.011967260025668613,0.0,14,False
CD86,4_minus_3,47.0,0.7608642578125,0.8505731441048034,False,0.06260660782511544,33.03899839905404,14,False
PRR5,4_minus_3,47.0,0.7608642578125,0.8505731441048034,False,-0.02865096053417198,0.0,14,False
NFATC3,4_minus_3,47.0,0.7608642578125,0.8505731441048034,False,-0.10048720665069374,-36.02018940912701,14,False
GRK5,4_minus_3,47.0,0.7608642578125,0.8505731441048034,False,-0.10262493900965178,0.0,14,False
RALB,4_minus_3,47.0,0.7608642578125,0.8505731441048034,False,0.05599672402845879,0.0,14,False
NUDT2,4_minus_3,47.0,0.7608642578125,0.8505731441048034,False,0.009890104544088493,0.0,14,False
SPARCL1,4_minus_3,47.0,0.7608642578125,0.8505731441048034,False,-0.018590828801919347,0.0,14,False
FH,4_minus_3,48.0,0.8077392578125,0.8819673322993408,False,-0.16112865387823558,-0.753194023628829,14,False
YY1,4_minus_3,48.0,0.8077392578125,0.8819673322993408,False,-0.33346533048872706,0.0,14,False
KIAA1549,4_minus_3,30.0,0.789675102094056,0.8819673322993408,False,0.0,0.0,14,False
FMNL1,4_minus_3,48.0,0.8077392578125,0.8819673322993408,False,0.061410928084989866,0.0,14,False
C1QBP,4_minus_3,48.0,0.8077392578125,0.8819673322993408,False,-0.11549696568268145,0.0,14,False
LYPD8,4_minus_3,48.0,0.8077392578125,0.8819673322993408,False,-0.13147152857877092,0.0,14,False
EPN1,4_minus_3,42.0,0.8067663226228976,0.8819673322993408,False,0.10974234780164366,2.9020993769341037,14,False
EPHA10,4_minus_3,48.0,0.8077392578125,0.8819673322993408,False,0.17619389312468475,36.559245228152854,14,False
C19orf12,4_minus_3,48.0,0.8077392578125,0.8819673322993408,False,0.13920724225612505,35.24596088759953,14,False
CLINT1,4_minus_3,42.0,0.8067663226228976,0.8819673322993408,False,0.02240049177606318,0.0,14,False
NFIC,4_minus_3,48.0,0.8077392578125,0.8819673322993408,False,-0.015637292812590728,0.0,14,False
REN,4_minus_3,48.0,0.8077392578125,0.8819673322993408,False,-0.01327947149556815,0.0,14,False
SNAP25,4_minus_3,48.0,0.8077392578125,0.8819673322993408,False,-0.003773289211253396,0.0,14,False
IL1R2,4_minus_3,48.0,0.8077392578125,0.8819673322993408,False,0.00038407638550190006,0.0,14,False
COPE,4_minus_3,48.0,0.8077392578125,0.8819673322993408,False,-0.01959457995553293,-4.4499724855046265,14,False
TTF2,4_minus_3,48.0,0.8077392578125,0.8819673322993408,False,0.1100932533351025,0.0,14,False
TPSAB1,4_minus_3,48.0,0.8077392578125,0.8819673322993408,False,0.03273188318748091,0.5110617151737237,14,False
MCAM,4_minus_3,48.0,0.8077392578125,0.8819673322993408,False,-0.022030992271795252,0.0,14,False
GRIN2B,4_minus_3,48.0,0.8077392578125,0.8819673322993408,False,-0.05612264670945001,0.0,14,False
ITGAV,4_minus_3,48.0,0.8077392578125,0.8819673322993408,False,-0.0101051445823056,0.0,14,False
ARID3A,4_minus_3,48.0,0.8077392578125,0.8819673322993408,False,-0.0230974508273859,0.0,14,False
SPINK5,4_minus_3,48.0,0.8077392578125,0.8819673322993408,False,0.0191169933414575,29.810048625814048,14,False
MAPT,4_minus_3,48.0,0.8077392578125,0.8819673322993408,False,-0.4441361576513382,-36.72208193706254,14,False
ACE,4_minus_3,48.0,0.8077392578125,0.8819673322993408,False,0.09363792359664468,1.1938577895708975,14,False
BABAM1,4_minus_3,48.0,0.8077392578125,0.8819673322993408,False,0.037514525857737124,34.47957832092378,14,False
MORF4L1,4_minus_3,42.0,0.8067663226228976,0.8819673322993408,False,0.06021907958274435,1.0892349466076916,14,False
POF1B,4_minus_3,48.0,0.8077392578125,0.8819673322993408,False,0.06487927541681884,0.0,14,False
BCHE,4_minus_3,48.0,0.8077392578125,0.8819673322993408,False,0.02465210197553286,0.0,14,False
FGF12,4_minus_3,48.0,0.8077392578125,0.8819673322993408,False,0.23598927450744556,1.7473597670273588,14,False
EVI2B,4_minus_3,42.0,0.8067663226228976,0.8819673322993408,False,0.15700350446793196,0.0,14,False
FGF19,4_minus_3,48.0,0.8077392578125,0.8819673322993408,False,-0.09486096000053784,-0.6555870248778108,14,False
SCN4B,4_minus_3,48.0,0.8077392578125,0.8819673322993408,False,-0.09676709836744538,0.0,14,False
MAPK13,4_minus_3,42.0,0.8067663226228976,0.8819673322993408,False,0.08185308148666864,0.0,14,False
C5,4_minus_3,48.0,0.8077392578125,0.8819673322993408,False,-0.05956122208502331,-32.71189084235158,14,False
CD3D,4_minus_3,48.0,0.8077392578125,0.8819673322993408,False,-0.06973156130640966,0.0,14,False
CD33,4_minus_3,48.0,0.8077392578125,0.8819673322993408,False,0.04249007285446693,0.0,14,False
PHYKPL,4_minus_3,48.0,0.8077392578125,0.8819673322993408,False,0.05250708069602404,0.0,14,False
LILRA4,4_minus_3,48.0,0.8077392578125,0.8819673322993408,False,-0.07302710601098394,-31.591338958432683,14,False
PCDHB15,4_minus_3,48.0,0.8077392578125,0.8819673322993408,False,0.07004409055650737,2.195213012119174,14,False
CD177,4_minus_3,48.0,0.8077392578125,0.8819673322993408,False,-0.0181487714056406,-0.27215493031803917,14,False
SHD,4_minus_3,48.0,0.8077392578125,0.8819673322993408,False,-0.07896610604057192,-0.4974762287022615,14,False
LUZP2,4_minus_3,48.0,0.8077392578125,0.8819673322993408,False,0.008574457868352231,0.0,14,False
CCDC50,4_minus_3,48.0,0.8077392578125,0.8819673322993408,False,0.0028065820935828066,0.0,14,False
CBS,4_minus_3,48.0,0.8077392578125,0.8819673322993408,False,0.1346950651476203,0.0,14,False
CEACAM6,4_minus_3,48.0,0.8077392578125,0.8819673322993408,False,-0.10626731875805667,0.0,14,False
TCOF1,4_minus_3,48.0,0.8077392578125,0.8819673322993408,False,0.014535264414715601,0.0,14,False
DDX25,4_minus_3,48.0,0.8077392578125,0.8819673322993408,False,0.12137232309894709,35.79400735746811,14,False
RAB3GAP1,4_minus_3,48.0,0.8077392578125,0.8819673322993408,False,-0.3313677877031362,-35.12083249591402,14,False
GALNT7,4_minus_3,48.0,0.8077392578125,0.8819673322993408,False,0.044909576466242954,0.0,14,False
HMGCS1,4_minus_3,48.0,0.8077392578125,0.8819673322993408,False,0.2831172053141161,37.531049087163076,14,False
GIPC2,4_minus_3,48.0,0.8077392578125,0.8819673322993408,False,-0.12278900354787228,0.0,14,False
CEP152,4_minus_3,42.0,0.8067663226228976,0.8819673322993408,False,0.03813938319575366,0.0,14,False
SEZ6,4_minus_3,48.0,0.8077392578125,0.8819673322993408,False,-0.12830529392443235,0.0,14,False
AKR1B10,4_minus_3,48.0,0.8077392578125,0.8819673322993408,False,-0.13237727959789414,0.0,14,False
SLAMF7,4_minus_3,48.0,0.8077392578125,0.8819673322993408,False,0.009655698072387031,0.0,14,False
ECSCR,4_minus_3,48.0,0.8077392578125,0.8819673322993408,False,0.01181653656872618,0.0,14,False
KRT14,4_minus_3,48.0,0.8077392578125,0.8819673322993408,False,0.11452295501728738,1.3766504592479691,14,False
NEDD4L,4_minus_3,48.0,0.8077392578125,0.8819673322993408,False,-0.015486704378978502,0.0,14,False
DPEP1,4_minus_3,48.0,0.8077392578125,0.8819673322993408,False,-0.0001397912740792595,0.0,14,False
OPTC,4_minus_3,48.0,0.8077392578125,0.8819673322993408,False,-0.037648510159195105,-34.337119887167006,14,False
MMP3,4_minus_3,49.0,0.855224609375,0.917452380952381,False,-0.03527264887681808,0.0,14,False
CDH4,4_minus_3,49.0,0.855224609375,0.917452380952381,False,-0.07474690995940791,0.0,14,False
TNFAIP8,4_minus_3,49.0,0.855224609375,0.917452380952381,False,0.18696228852606178,35.835756249755974,14,False
CFHR5,4_minus_3,49.0,0.855224609375,0.917452380952381,False,0.08366970821566785,31.608696978748483,14,False
VIT,4_minus_3,49.0,0.855224609375,0.917452380952381,False,-0.020313441572260355,0.0,14,False
KITLG,4_minus_3,49.0,0.855224609375,0.917452380952381,False,-0.013179358502301106,0.0,14,False
AHNAK2,4_minus_3,49.0,0.855224609375,0.917452380952381,False,-0.00756220649210939,-1.1185483723595928,14,False
NUDT15,4_minus_3,49.0,0.855224609375,0.917452380952381,False,0.02001552941604744,0.0,14,False
PON1,4_minus_3,49.0,0.855224609375,0.917452380952381,False,-0.0369584259123198,0.0,14,False
SCGN,4_minus_3,49.0,0.855224609375,0.917452380952381,False,-0.08427836240902616,-2.2411449848032095,14,False
PADI2,4_minus_3,49.0,0.855224609375,0.917452380952381,False,0.06993437836649918,0.0,14,False
AGXT,4_minus_3,49.0,0.855224609375,0.917452380952381,False,-0.0953169567130398,0.0,14,False
AGT,4_minus_3,49.0,0.855224609375,0.917452380952381,False,0.005580665117866401,0.5106577278873126,14,False
SOX9,4_minus_3,49.0,0.855224609375,0.917452380952381,False,0.038914240181030624,0.8259568141863997,14,False
FCAR,4_minus_3,49.0,0.855224609375,0.917452380952381,False,0.0049726301692046004,0.0,14,False
BATF,4_minus_3,49.0,0.855224609375,0.917452380952381,False,-0.18584099526083805,0.0,14,False
ITGB1BP1,4_minus_3,49.0,0.855224609375,0.917452380952381,False,0.06511154915580927,1.3485814977193413,14,False
ORM1,4_minus_3,49.0,0.855224609375,0.917452380952381,False,-0.022668693746416634,0.0,14,False
SPINK8,4_minus_3,49.0,0.855224609375,0.917452380952381,False,0.1069749312486972,1.6091723245914322,14,False
CAT,4_minus_3,49.0,0.855224609375,0.917452380952381,False,-0.0044396976720232975,0.0,14,False
SYTL4,4_minus_3,49.0,0.855224609375,0.917452380952381,False,-0.071287505298086,0.0,14,False
PTPRR,4_minus_3,49.0,0.855224609375,0.917452380952381,False,-0.0022193341723303894,0.0,14,False
ELOB,4_minus_3,49.0,0.855224609375,0.917452380952381,False,-0.00936207234130973,0.0,14,False
ATXN2L,4_minus_3,49.0,0.855224609375,0.917452380952381,False,-0.03868942705596169,0.0,14,False
CD300A,4_minus_3,49.0,0.855224609375,0.917452380952381,False,-0.008312855210808212,0.0,14,False
PCDH12,4_minus_3,49.0,0.855224609375,0.917452380952381,False,-0.09448603369088998,0.0,14,False
AMY2B,4_minus_3,49.0,0.855224609375,0.917452380952381,False,0.030810052948047707,0.6959733316049602,14,False
ENAH,4_minus_3,49.0,0.855224609375,0.917452380952381,False,-0.16982621246372154,0.0,14,False
MTR,4_minus_3,49.0,0.855224609375,0.917452380952381,False,0.06555447732788366,35.34479844603427,14,False
KRT5,4_minus_3,49.0,0.855224609375,0.917452380952381,False,-0.017826384125298852,-32.24497164336516,14,False
MNDA,4_minus_3,49.0,0.855224609375,0.917452380952381,False,-0.10467117154060755,0.0,14,False
UBE2B,4_minus_3,49.0,0.855224609375,0.917452380952381,False,-0.008034980072427294,0.0,14,False
KEL,4_minus_3,49.0,0.855224609375,0.917452380952381,False,0.029822677372814452,0.0,14,False
MAG,4_minus_3,49.0,0.855224609375,0.917452380952381,False,0.020402964727477248,0.34267874548793714,14,False
DCN,4_minus_3,49.0,0.855224609375,0.917452380952381,False,-0.018913540164226354,0.0,14,False
CHL1,4_minus_3,49.0,0.855224609375,0.917452380952381,False,-0.0206810180405802,0.0,14,False
PZP,4_minus_3,49.0,0.855224609375,0.917452380952381,False,-0.05291468003781741,-0.33258254286676786,14,False
APOD,4_minus_3,49.0,0.855224609375,0.917452380952381,False,-0.07332460329067268,0.0,14,False
DNAJA4,4_minus_3,49.0,0.855224609375,0.917452380952381,False,0.07410790818703988,0.0,14,False
ALDH1A1,4_minus_3,49.0,0.855224609375,0.917452380952381,False,-0.00909836935289482,0.0,14,False
SPTBN2,4_minus_3,49.0,0.855224609375,0.917452380952381,False,0.15439060996455736,0.0,14,False
C9,4_minus_3,49.0,0.855224609375,0.917452380952381,False,-0.15217745845714636,-34.51259353550443,14,False
ESM1,4_minus_3,49.0,0.855224609375,0.917452380952381,False,-0.05409117935942233,0.0,14,False
SLITRK6,4_minus_3,49.0,0.855224609375,0.917452380952381,False,-0.036099734460881154,-33.810466350117274,14,False
FOXJ3,4_minus_3,49.0,0.855224609375,0.917452380952381,False,-0.08245326231898839,0.0,14,False
GGA1,4_minus_3,49.0,0.855224609375,0.917452380952381,False,-0.014968153483809803,-0.19051802964483222,14,False
RASGRF1,4_minus_3,43.0,0.8613042569883052,0.9211670291223195,False,-0.001860918472673001,0.0,14,False
GAGE2A,4_minus_3,43.0,0.8613042569883052,0.9211670291223195,False,0.1913597415812444,35.71316424977027,14,False
PRAME,4_minus_3,43.0,0.8613042569883052,0.9211670291223195,False,0.05262299645974555,0.0,14,False
ATP1B4,4_minus_3,43.0,0.8613042569883052,0.9211670291223195,False,0.2536044608528978,33.13405607303462,14,False
RNF43,4_minus_3,43.0,0.8613042569883052,0.9211670291223195,False,-0.017565015795451805,0.0,14,False
STAU1,4_minus_3,43.0,0.8613042569883052,0.9211670291223195,False,0.11843413175182255,33.94011319233261,14,False
MORF4L2,4_minus_3,43.0,0.8613042569883052,0.9211670291223195,False,0.1198307757979466,33.1148748443813,14,False
ZP4,4_minus_3,43.0,0.8613042569883052,0.9211670291223195,False,0.03119625575931584,4.888326893554629,14,False
PLG,4_minus_3,37.0,0.875329249147922,0.9358113764618634,False,0.0,0.0,14,False
RPS10,4_minus_3,50.0,0.9031982421875,0.9451528242289112,False,0.1181478947316412,4.276809921635518,14,False
ITGAM,4_minus_3,50.0,0.9031982421875,0.9451528242289112,False,0.05317518645002309,0.0,14,False
LGALS3,4_minus_3,50.0,0.9031982421875,0.9451528242289112,False,0.0180384062070465,0.4167962311178973,14,False
ARMCX2,4_minus_3,50.0,0.9031982421875,0.9451528242289112,False,0.09794246552894556,0.735126596436675,14,False
LYPD1,4_minus_3,50.0,0.9031982421875,0.9451528242289112,False,-0.07890158895795635,0.0,14,False
RIPK4,4_minus_3,50.0,0.9031982421875,0.9451528242289112,False,0.1324996149595704,1.3092256866876224,14,False
ADH4,4_minus_3,50.0,0.9031982421875,0.9451528242289112,False,-0.16418473881008272,0.0,14,False
DENND2B,4_minus_3,50.0,0.9031982421875,0.9451528242289112,False,0.2547463725581455,37.21953480198301,14,False
LYVE1,4_minus_3,50.0,0.9031982421875,0.9451528242289112,False,0.013345058898761489,0.14474342499616544,14,False
AMN,4_minus_3,50.0,0.9031982421875,0.9451528242289112,False,-0.06388863133581969,0.0,14,False
DDC,4_minus_3,50.0,0.9031982421875,0.9451528242289112,False,0.02921977183429239,34.21364835982135,14,False
DGKZ,4_minus_3,50.0,0.9031982421875,0.9451528242289112,False,0.3203345728090373,36.5139330733815,14,False
RANGAP1,4_minus_3,50.0,0.9031982421875,0.9451528242289112,False,0.1655280233842702,35.34320178197885,14,False
PRDX2,4_minus_3,50.0,0.9031982421875,0.9451528242289112,False,0.03219990425348587,0.0,14,False
ITIH5,4_minus_3,50.0,0.9031982421875,0.9451528242289112,False,0.08003406298668425,0.5738853118840214,14,False
RBM17,4_minus_3,50.0,0.9031982421875,0.9451528242289112,False,0.26850030498621374,0.0,14,False
LRTM2,4_minus_3,50.0,0.9031982421875,0.9451528242289112,False,0.0016242849862564447,0.0,14,False
DOC2B,4_minus_3,50.0,0.9031982421875,0.9451528242289112,False,0.06448674956439711,0.0,14,False
POLR2A,4_minus_3,50.0,0.9031982421875,0.9451528242289112,False,-0.02631066032247381,0.0,14,False
DTX2,4_minus_3,50.0,0.9031982421875,0.9451528242289112,False,0.012839771856617,0.0,14,False
ZCCHC8,4_minus_3,50.0,0.9031982421875,0.9451528242289112,False,0.23430473455341663,1.7174124195610363,14,False
AGER,4_minus_3,50.0,0.9031982421875,0.9451528242289112,False,-0.014514096398168502,-29.601181127747623,14,False
PTPRS,4_minus_3,50.0,0.9031982421875,0.9451528242289112,False,0.03529404584155468,0.0,14,False
RALY,4_minus_3,50.0,0.9031982421875,0.9451528242289112,False,-0.08064707290189396,0.0,14,False
PI3,4_minus_3,50.0,0.9031982421875,0.9451528242289112,False,0.001429280149862766,0.0,14,False
CA9,4_minus_3,50.0,0.9031982421875,0.9451528242289112,False,0.06389380586682217,1.332572189269356,14,False
PDRG1,4_minus_3,50.0,0.9031982421875,0.9451528242289112,False,-0.024997424791778827,0.0,14,False
STEAP4,4_minus_3,50.0,0.9031982421875,0.9451528242289112,False,0.26169504499466023,36.30310962112455,14,False
BRD3,4_minus_3,50.0,0.9031982421875,0.9451528242289112,False,-0.23088480909475712,0.0,14,False
CLUL1,4_minus_3,50.0,0.9031982421875,0.9451528242289112,False,0.004854636176362953,0.0,14,False
HRC,4_minus_3,50.0,0.9031982421875,0.9451528242289112,False,0.1614063913949062,31.44857355362737,14,False
MRPL28,4_minus_3,50.0,0.9031982421875,0.9451528242289112,False,0.07824551806529839,35.56969932493122,14,False
CEBPB,4_minus_3,50.0,0.9031982421875,0.9451528242289112,False,-0.037220059240232445,0.0,14,False
IL17A,4_minus_3,50.0,0.9031982421875,0.9451528242289112,False,0.009979511781767147,0.0,14,False
GAD2,4_minus_3,50.0,0.9031982421875,0.9451528242289112,False,0.04437919616299221,33.95001188799955,14,False
SLAMF6,4_minus_3,50.0,0.9031982421875,0.9451528242289112,False,0.1506249703619768,31.956012316634567,14,False
MXRA8,4_minus_3,50.0,0.9031982421875,0.9451528242289112,False,0.022077512248191905,3.7079189148635257,14,False
OMG,4_minus_3,50.0,0.9031982421875,0.9451528242289112,False,0.20249682301947247,0.0,14,False
MYL4,4_minus_3,50.0,0.9031982421875,0.9451528242289112,False,-0.13170583148849307,0.0,14,False
MYLPF,4_minus_3,50.0,0.9031982421875,0.9451528242289112,False,0.12269133084384509,1.3481152108455106,14,False
MYO6,4_minus_3,50.0,0.9031982421875,0.9451528242289112,False,-0.04528120822826262,0.0,14,False
MYOM2,4_minus_3,50.0,0.9031982421875,0.9451528242289112,False,0.2010600581451804,36.77362984011458,14,False
CALCB,4_minus_3,50.0,0.9031982421875,0.9451528242289112,False,-0.004351560608579719,-0.09289219176162584,14,False
IGDCC3,4_minus_3,50.0,0.9031982421875,0.9451528242289112,False,-0.07486646099341453,-34.94178920654269,14,False
CASP1,4_minus_3,50.0,0.9031982421875,0.9451528242289112,False,-0.3186864372444796,0.0,14,False
TANK,4_minus_3,50.0,0.9031982421875,0.9451528242289112,False,0.15498706938910703,0.0,14,False
CFHR2,4_minus_3,50.0,0.9031982421875,0.9451528242289112,False,0.023932324340840944,0.43234198684362746,14,False
BMPER,4_minus_3,50.0,0.9031982421875,0.9451528242289112,False,-0.009660348892593942,0.0,14,False
CDKL5,4_minus_3,50.0,0.9031982421875,0.9451528242289112,False,0.0725207035784553,0.0,14,False
CARHSP1,4_minus_3,50.0,0.9031982421875,0.9451528242289112,False,-0.1177962567028134,0.0,14,False
FAM3D,4_minus_3,50.0,0.9031982421875,0.9451528242289112,False,-0.012300121414240917,-2.0208254400801082,14,False
SNX5,4_minus_3,50.0,0.9031982421875,0.9451528242289112,False,0.0645285363030258,32.623069517050034,14,False
CD28,4_minus_3,50.0,0.9031982421875,0.9451528242289112,False,-0.1117470758647035,0.0,14,False
CDH5,4_minus_3,50.0,0.9031982421875,0.9451528242289112,False,0.02632428385851885,1.971155566393468,14,False
TNFSF13B,4_minus_3,50.0,0.9031982421875,0.9451528242289112,False,-0.020226240536530493,0.0,14,False
NME1,4_minus_3,50.0,0.9031982421875,0.9451528242289112,False,0.011818239548257597,0.0,14,False
GPR158,4_minus_3,50.0,0.9031982421875,0.9451528242289112,False,0.0021948226858155527,0.1892433600061446,14,False
PARD3,4_minus_3,44.0,0.916511907863894,0.9576614220945179,False,-0.08044336367305706,0.0,14,False
GADD45B,4_minus_3,44.0,0.916511907863894,0.9576614220945179,False,-0.027129898068025515,0.0,14,False
PRUNE2,4_minus_3,44.0,0.916511907863894,0.9576614220945179,False,0.02176150598865495,0.0,14,False
UNC79,4_minus_3,44.0,0.916511907863894,0.9576614220945179,False,0.024087358746519016,0.0,14,False
RASA1,4_minus_3,51.0,0.9515380859375,0.9722537191582004,False,-0.048685970791956246,0.0,14,False
KLF4,4_minus_3,51.0,0.9515380859375,0.9722537191582004,False,-0.0735013896217995,0.0,14,False
TPBGL,4_minus_3,51.0,0.9515380859375,0.9722537191582004,False,-0.03566801392092078,0.0,14,False
GID8,4_minus_3,51.0,0.9515380859375,0.9722537191582004,False,-0.01741347139127422,0.0,14,False
SLC39A14,4_minus_3,51.0,0.9515380859375,0.9722537191582004,False,0.0244631373554176,0.0,14,False
CTLA4,4_minus_3,51.0,0.9515380859375,0.9722537191582004,False,-0.10016452578777858,-32.680006096467324,14,False
GALNT3,4_minus_3,51.0,0.9515380859375,0.9722537191582004,False,0.007531192440861249,0.0745328419855045,14,False
CDC27,4_minus_3,51.0,0.9515380859375,0.9722537191582004,False,0.09646425194705142,0.0,14,False
OSTN,4_minus_3,51.0,0.9515380859375,0.9722537191582004,False,0.11672702860843631,0.7097457624172885,14,False
LCN2,4_minus_3,38.0,0.9374729223624751,0.9722537191582004,False,-0.0008803888863983811,0.0,14,False
DDX39A,4_minus_3,51.0,0.9515380859375,0.9722537191582004,False,-0.09888136542559361,0.0,14,False
INPP5J,4_minus_3,51.0,0.9515380859375,0.9722537191582004,False,0.09916055263326923,4.71007322412715,14,False
IKZF2,4_minus_3,51.0,0.9515380859375,0.9722537191582004,False,-0.02568208965537827,-0.9383001877942648,14,False
ALDH5A1,4_minus_3,51.0,0.9515380859375,0.9722537191582004,False,-0.05600666652934572,0.0,14,False
GCLM,4_minus_3,51.0,0.9515380859375,0.9722537191582004,False,0.017752201816685652,0.0,14,False
IL5,4_minus_3,51.0,0.9515380859375,0.9722537191582004,False,-0.05425279627689572,0.0,14,False
RBPMS,4_minus_3,51.0,0.9515380859375,0.9722537191582004,False,0.021854343744260804,0.0,14,False
GSTA1,4_minus_3,51.0,0.9515380859375,0.9722537191582004,False,0.018932969254453084,0.0,14,False
C3,4_minus_3,51.0,0.9515380859375,0.9722537191582004,False,-0.030085632891145554,-32.09189104076199,14,False
OSBPL2,4_minus_3,51.0,0.9515380859375,0.9722537191582004,False,-0.05454260914150315,0.0,14,False
MYL6B,4_minus_3,51.0,0.9515380859375,0.9722537191582004,False,-0.08327829947985417,-0.47736125231554766,14,False
VSNL1,4_minus_3,51.0,0.9515380859375,0.9722537191582004,False,-0.01802181495722753,0.0,14,False
TCN1,4_minus_3,51.0,0.9515380859375,0.9722537191582004,False,0.06636760689610832,0.0,14,False
TPSG1,4_minus_3,51.0,0.9515380859375,0.9722537191582004,False,0.023703944950986836,31.59294113483293,14,False
ING1,4_minus_3,51.0,0.9515380859375,0.9722537191582004,False,-0.07058760522090037,0.0,14,False
SIRT1,4_minus_3,51.0,0.9515380859375,0.9722537191582004,False,0.023177111355718857,1.7491608401254404,14,False
PLIN1,4_minus_3,51.0,0.9515380859375,0.9722537191582004,False,-0.004632993810883945,0.0,14,False
F2,4_minus_3,51.0,0.9515380859375,0.9722537191582004,False,-0.006625605519561505,-0.9737421619922777,14,False
PSMD5,4_minus_3,51.0,0.9515380859375,0.9722537191582004,False,0.255139273448521,36.87712122023472,14,False
BPIFA2,4_minus_3,51.0,0.9515380859375,0.9722537191582004,False,0.048423992480361,0.0,14,False
CPOX,4_minus_3,51.0,0.9515380859375,0.9722537191582004,False,-0.01880884188599665,0.0,14,False
MKI67,4_minus_3,51.0,0.9515380859375,0.9722537191582004,False,-0.03972863556854486,-32.7743729251395,14,False
SCG3,4_minus_3,51.0,0.9515380859375,0.9722537191582004,False,-0.0313647853564444,0.0,14,False
ACTN4,4_minus_3,51.0,0.9515380859375,0.9722537191582004,False,0.025802007643787872,0.0,14,False
BECN1,4_minus_3,51.0,0.9515380859375,0.9722537191582004,False,-0.09868957662423747,0.0,14,False
LACRT,4_minus_3,51.0,0.9515380859375,0.9722537191582004,False,0.04115897897664435,0.0,14,False
CDK5RAP3,4_minus_3,51.0,0.9515380859375,0.9722537191582004,False,-0.1491735313580811,0.0,14,False
GOT1,4_minus_3,51.0,0.9515380859375,0.9722537191582004,False,-0.014413518002952791,0.0,14,False
PGF,4_minus_3,51.0,0.9515380859375,0.9722537191582004,False,-0.09757374838311159,-0.19988324816205075,14,False
CEACAM5,4_minus_3,51.0,0.9515380859375,0.9722537191582004,False,-0.03893511113500983,0.0,14,False
TTN,4_minus_3,51.0,0.9515380859375,0.9722537191582004,False,-0.07968413984080513,0.0,14,False
MOG,4_minus_3,51.0,0.9515380859375,0.9722537191582004,False,-0.05245707576287427,0.0,14,False
PEAR1,4_minus_3,51.0,0.9515380859375,0.9722537191582004,False,0.0008048599871939496,0.0,14,False
PKLR,4_minus_3,51.0,0.9515380859375,0.9722537191582004,False,0.0026749866082514113,0.0,14,False
PPY,4_minus_3,51.0,0.9515380859375,0.9722537191582004,False,0.16477566038330105,1.201511059010839,14,False
REXO2,4_minus_3,51.0,0.9515380859375,0.9722537191582004,False,0.02686641075893708,0.7289518238355621,14,False
DAND5,4_minus_3,51.0,0.9515380859375,0.9722537191582004,False,0.09242350294982998,0.0,14,False
AZU1,4_minus_3,51.0,0.9515380859375,0.9722537191582004,False,0.043296042542443375,0.0,14,False
LYPLA2,4_minus_3,51.0,0.9515380859375,0.9722537191582004,False,0.029331240066922865,0.0,14,False
CLEC4A,4_minus_3,51.0,0.9515380859375,0.9722537191582004,False,0.022360543724178533,0.0,14,False
C1QTNF9,4_minus_3,51.0,0.9515380859375,0.9722537191582004,False,0.018713373451427984,0.0,14,False
ASS1,4_minus_3,51.0,0.9515380859375,0.9722537191582004,False,-0.14399873595117785,0.0,14,False
PCARE,4_minus_3,51.0,0.9515380859375,0.9722537191582004,False,-0.062320515824130646,-35.06024565426438,14,False
PRTN3,4_minus_3,51.0,0.9515380859375,0.9722537191582004,False,0.03404751690588029,0.0,14,False
SERPINB5,4_minus_3,51.0,0.9515380859375,0.9722537191582004,False,0.04398388917198817,0.0,14,False
CCL23,4_minus_3,51.0,0.9515380859375,0.9722537191582004,False,-0.04102682700398533,0.0,14,False
EPGN,4_minus_3,51.0,0.9515380859375,0.9722537191582004,False,-0.0007691684465838053,-0.04016913531367932,14,False
NAGPA,4_minus_3,51.0,0.9515380859375,0.9722537191582004,False,0.0427390431173241,34.572930267094414,14,False
PLAUR,4_minus_3,51.0,0.9515380859375,0.9722537191582004,False,-0.0090423659454014,0.0,14,False
DHODH,4_minus_3,51.0,0.9515380859375,0.9722537191582004,False,0.05781694541759236,0.0,14,False
TIGAR,4_minus_3,51.0,0.9515380859375,0.9722537191582004,False,-0.0765677208189031,0.0,14,False
NT-proBNP,4_minus_3,27.0,0.9593536340401635,0.9788187802380799,False,0.0,0.0,14,False
ADAMTS13,4_minus_3,27.0,0.9593536340401635,0.9788187802380799,False,0.0,0.0,14,False
DNAJB2,4_minus_3,27.0,0.9593536340401635,0.9788187802380799,False,0.03170897996267695,0.0,14,False
CNTN1,4_minus_3,27.0,0.9593536340401635,0.9788187802380799,False,0.0,0.0,14,False
DCUN1D2,4_minus_3,45.0,0.972125329731665,0.9893404150792804,False,0.07754523484660795,0.0,14,False
PHLDB2,4_minus_3,45.0,0.972125329731665,0.9893404150792804,False,0.2368164877369765,0.0,14,False
RNF4,4_minus_3,45.0,0.972125329731665,0.9893404150792804,False,-0.024591772666771455,0.0,14,False
CENPF,4_minus_3,45.0,0.972125329731665,0.9893404150792804,False,0.023733229970669845,0.0,14,False
FGF9,4_minus_3,45.0,0.972125329731665,0.9893404150792804,False,0.3008418354947996,0.0,14,False
GLI2,4_minus_3,45.0,0.972125329731665,0.9893404150792804,False,0.008555541751101198,0.0,14,False
CD82,4_minus_3,45.0,0.972125329731665,0.9893404150792804,False,-0.24263760344433175,-36.21553436131161,14,False
DNLZ,4_minus_3,52.0,1.0,1.0,False,0.013539175434778283,0.14043492327860785,14,False
ESR1,4_minus_3,52.0,1.0,1.0,False,0.3640896607069688,34.96282184893158,14,False
NRXN3,4_minus_3,52.0,1.0,1.0,False,0.043496800997973775,2.259405110075901,14,False
CD83,4_minus_3,52.0,1.0,1.0,False,0.008988527922968892,0.0,14,False
BLVRB,4_minus_3,52.0,1.0,1.0,False,0.01261133615392801,0.0,14,False
RNASE3,4_minus_3,52.0,1.0,1.0,False,0.0012749846585932353,0.0,14,False
EXOSC10,4_minus_3,52.0,1.0,1.0,False,0.07486124382508764,33.149657291564964,14,False
PINLYP,4_minus_3,52.0,1.0,1.0,False,-0.04538849892472535,0.0,14,False
MEP1A,4_minus_3,52.0,1.0,1.0,False,0.10690625716567524,36.152139971357485,14,False
TPSD1,4_minus_3,52.0,1.0,1.0,False,0.08597569794463358,34.29201970763268,14,False
YOD1,4_minus_3,52.0,1.0,1.0,False,0.01142085266967205,0.0,14,False
MENT,4_minus_3,52.0,1.0,1.0,False,0.0123962941713819,0.0,14,False
CRYBB2,4_minus_3,52.0,1.0,1.0,False,-0.03872769333784047,0.0,14,False
MFAP3,4_minus_3,52.0,1.0,1.0,False,0.0664579315680481,0.0,14,False
ART5,4_minus_3,52.0,1.0,1.0,False,-0.01759949813410753,0.0,14,False
ISLR2,4_minus_3,52.0,1.0,1.0,False,-0.010748711212098833,0.0,14,False
CTSV,4_minus_3,52.0,1.0,1.0,False,-0.01707507571251421,0.0,14,False
DKK3,4_minus_3,52.0,1.0,1.0,False,0.008059661948853228,0.0,14,False
SPINT3,4_minus_3,52.0,1.0,1.0,False,-0.2189634588626196,0.0,14,False
GPIHBP1,4_minus_3,52.0,1.0,1.0,False,-0.027953170074666467,-32.724113825217216,14,False
IL31RA,4_minus_3,52.0,1.0,1.0,False,0.1202542261849551,34.00594944686834,14,False
PRKAG3,4_minus_3,52.0,1.0,1.0,False,-0.026174489204559892,-32.849279355547594,14,False
SELL,4_minus_3,52.0,1.0,1.0,False,0.029286041193200905,0.0,14,False
LILRB5,4_minus_3,52.0,1.0,1.0,False,0.008276038910726001,0.0,14,False
AHSP,4_minus_3,52.0,1.0,1.0,False,0.1510078038168985,0.0,14,False
CFP,4_minus_3,52.0,1.0,1.0,False,-0.009878388886933608,-0.3621639752547202,14,False
CFB,4_minus_3,52.0,1.0,1.0,False,-0.05706176606304705,0.0,14,False
VIPR1,4_minus_3,52.0,1.0,1.0,False,0.009530492767198931,0.10776260086885446,14,False
AIDA,4_minus_3,52.0,1.0,1.0,False,0.10324003421263941,0.0,14,False
RBM19,4_minus_3,52.0,1.0,1.0,False,0.0408489044536411,0.0,14,False
ICOSLG,4_minus_3,52.0,1.0,1.0,False,0.030929709631694644,33.57463021025213,14,False
PREB,4_minus_3,52.0,1.0,1.0,False,-0.018146989526167834,0.0,14,False
ALDH3A1,4_minus_3,52.0,1.0,1.0,False,-0.03655044931968747,-0.5775964624341798,14,False
PALLD,4_minus_3,52.0,1.0,1.0,False,0.24742492038691638,36.28752621194078,14,False
RECK,4_minus_3,52.0,1.0,1.0,False,0.02247065469921236,0.0,14,False
AMPD3,4_minus_3,52.0,1.0,1.0,False,0.1183891274386758,0.0,14,False
CEP164,4_minus_3,52.0,1.0,1.0,False,0.029565967669092308,0.0,14,False
ICAM2,4_minus_3,52.0,1.0,1.0,False,0.0017964826189509064,0.03694539648949682,14,False
NXPE4,4_minus_3,52.0,1.0,1.0,False,-0.08362579442428669,-33.381888998529924,14,False
CA1,4_minus_3,52.0,1.0,1.0,False,0.10816850022863644,0.0,14,False
IL12RB2,4_minus_3,52.0,1.0,1.0,False,-0.02124685174016827,0.0,14,False
MSLNL,4_minus_3,52.0,1.0,1.0,False,0.24312775724450797,2.254562016311444,14,False
CCL22,4_minus_3,52.0,1.0,1.0,False,-0.017015379469183793,0.0,14,False
MRPL24,4_minus_3,52.0,1.0,1.0,False,0.012491059527607123,0.6373867193276526,14,False
STX1B,4_minus_3,52.0,1.0,1.0,False,0.14688964542029448,0.0,14,False
PCOLCE,4_minus_3,39.0,1.0,1.0,False,0.0,0.0,14,False
APOB,4_minus_3,52.0,1.0,1.0,False,-0.019558994113624047,0.0,14,False
SIGLEC9,4_minus_3,52.0,1.0,1.0,False,0.04662244941243554,0.0,14,False
CTRL,4_minus_3,52.0,1.0,1.0,False,0.09038519762227254,34.510170997606295,14,False
