analyte_id,delta_comparison,W_statistic,p_value,q_value,significant,median_delta,log2fc,n_pairs,excluded
A1BG,5_minus_4,,,,False,0.09873883595350935,,4,True
AAMDC,5_minus_4,,,,False,-0.061228773395345555,,4,True
AARSD1,5_minus_4,,,,False,0.11393888070181657,,4,True
ABCA2,5_minus_4,,,,False,0.6365156944942395,,4,True
ABHD14B,5_minus_4,,,,False,0.2705091439379067,,4,True
ABL1,5_minus_4,,,,False,-0.40808894792038036,,4,True
ABO,5_minus_4,,,,False,-0.008701508797600871,,4,True
ABRAXAS2,5_minus_4,,,,False,0.9297173492781685,,4,True
ACAA1,5_minus_4,,,,False,0.17392209017080867,,4,True
ACADM,5_minus_4,,,,False,-0.2115497201695719,,4,True
ACADSB,5_minus_4,,,,False,0.022351880815147038,,4,True
ACAN,5_minus_4,,,,False,-0.2071610627933769,,4,True
ACE,5_minus_4,,,,False,0.2324830250373202,,4,True
ACE2,5_minus_4,,,,False,-0.014834760856435807,,4,True
ACHE,5_minus_4,,,,False,0.04970609311029682,,4,True
ACOT13,5_minus_4,,,,False,-0.4712391160547377,,4,True
ACOX1,5_minus_4,,,,False,-0.2940335127850423,,4,True
ACP1,5_minus_4,,,,False,0.989009721880877,,4,True
ACP5,5_minus_4,,,,False,0.09639844862471228,,4,True
ACP6,5_minus_4,,,,False,-0.2400820863093483,,4,True
ACRBP,5_minus_4,,,,False,0.27040973744702224,,4,True
ACRV1,5_minus_4,,,,False,0.1494315839741095,,4,True
ACTA2,5_minus_4,,,,False,0.7594505147432644,,4,True
ACTN2,5_minus_4,,,,False,1.180250810144629,,4,True
ACTN4,5_minus_4,,,,False,0.5188172441119802,,4,True
ACVRL1,5_minus_4,,,,False,-0.05507220334503611,,4,True
ACY1,5_minus_4,,,,False,-0.05785421070553749,,4,True
ACY3,5_minus_4,,,,False,-0.3004123315724571,,4,True
ACYP1,5_minus_4,,,,False,0.42523703984582023,,4,True
ADA,5_minus_4,,,,False,0.18844683551949631,,4,True
ADA2,5_minus_4,,,,False,-0.0198445004769099,,4,True
ADAM12,5_minus_4,,,,False,-0.04501060641931815,,4,True
ADAM15,5_minus_4,,,,False,-0.10053787585350729,,4,True
ADAM22,5_minus_4,,,,False,0.4575704971634703,,4,True
ADAM23,5_minus_4,,,,False,-0.13504911655166485,,4,True
ADAM8,5_minus_4,,,,False,0.01071694839998135,,4,True
ADAM9,5_minus_4,,,,False,0.0548232049154711,,4,True
ADAMTS1,5_minus_4,,,,False,0.48254334958435885,,4,True
ADAMTS13,5_minus_4,,,,False,0.1776205714093213,,4,True
ADAMTS15,5_minus_4,,,,False,0.11528667673751569,,4,True
ADAMTS4,5_minus_4,,,,False,0.1810436247762064,,4,True
ADAMTS8,5_minus_4,,,,False,0.18790142336832416,,4,True
ADAMTSL2,5_minus_4,,,,False,-0.19847840668911054,,4,True
ADAMTSL4,5_minus_4,,,,False,-0.2734195893763764,,4,True
ADAMTSL5,5_minus_4,,,,False,-0.3305831610570068,,4,True
ADCYAP1R1,5_minus_4,,,,False,-0.2467478528305981,,4,True
ADD1,5_minus_4,,,,False,0.03406087390675827,,4,True
ADGRB3,5_minus_4,,,,False,0.0017642314402137593,,4,True
ADGRD1,5_minus_4,,,,False,0.11109416318795162,,4,True
ADGRE1,5_minus_4,,,,False,-0.069821385680949,,4,True
ADGRE2,5_minus_4,,,,False,-0.22396569324573784,,4,True
ADGRE5,5_minus_4,,,,False,-0.15865900137094593,,4,True
ADGRF5,5_minus_4,,,,False,0.179600817860264,,4,True
ADGRG1,5_minus_4,,,,False,0.029148447336631522,,4,True
ADGRG2,5_minus_4,,,,False,0.014905707798213784,,4,True
ADGRV1,5_minus_4,,,,False,0.9707592455306512,,4,True
ADH1B,5_minus_4,,,,False,0.39044372754301326,,4,True
ADH4,5_minus_4,,,,False,0.25067034237067554,,4,True
ADM,5_minus_4,,,,False,-0.054731691482922395,,4,True
ADRA2A,5_minus_4,,,,False,-0.06967781888494749,,4,True
AFAP1,5_minus_4,,,,False,-0.39965913434383527,,4,True
AFM,5_minus_4,,,,False,-0.053424028131526094,,4,True
AFP,5_minus_4,,,,False,-0.09989737919265657,,4,True
AGER,5_minus_4,,,,False,0.09209793579057425,,4,True
AGR2,5_minus_4,,,,False,-0.16896485276763906,,4,True
AGR3,5_minus_4,,,,False,-0.054135426654567054,,4,True
AGRN,5_minus_4,,,,False,0.059281933792550104,,4,True
AGRP,5_minus_4,,,,False,0.19716463591183775,,4,True
AGT,5_minus_4,,,,False,-0.016054549980127245,,4,True
AGXT,5_minus_4,,,,False,-0.07777972426486757,,4,True
AHCY,5_minus_4,,,,False,0.46003975337502023,,4,True
AHNAK,5_minus_4,,,,False,-0.014013277828109044,,4,True
AHNAK2,5_minus_4,,,,False,0.1446757177918002,,4,True
AHSA1,5_minus_4,,,,False,-0.08057843398153433,,4,True
AHSG,5_minus_4,,,,False,-0.0535900144400685,,4,True
AHSP,5_minus_4,,,,False,0.11196699698928664,,4,True
AIDA,5_minus_4,,,,False,1.3029270371592985,,4,True
AIF1,5_minus_4,,,,False,-0.16591094883097895,,4,True
AIF1L,5_minus_4,,,,False,0.41502128379749637,,4,True
AIFM1,5_minus_4,,,,False,-0.1270313421753755,,4,True
AK1,5_minus_4,,,,False,0.2987154343299557,,4,True
AK2,5_minus_4,,,,False,-0.6411966079620082,,4,True
AKAP12,5_minus_4,,,,False,0.2576542813973117,,4,True
AKR1B1,5_minus_4,,,,False,-0.18771345020818397,,4,True
AKR1B10,5_minus_4,,,,False,-0.7671420691914967,,4,True
AKR1C4,5_minus_4,,,,False,0.25500722078804067,,4,True
AKR7L,5_minus_4,,,,False,-0.15190070074431272,,4,True
AKT1S1,5_minus_4,,,,False,0.14053883109770682,,4,True
AKT2,5_minus_4,,,,False,-0.018860191987629643,,4,True
AKT3,5_minus_4,,,,False,-0.6833214526422141,,4,True
ALCAM,5_minus_4,,,,False,-0.1498038196089379,,4,True
ALDH1A1,5_minus_4,,,,False,0.10388181345304381,,4,True
ALDH2,5_minus_4,,,,False,0.21379256213499465,,4,True
ALDH3A1,5_minus_4,,,,False,-0.44442928578596064,,4,True
ALDH5A1,5_minus_4,,,,False,-0.2350217059305984,,4,True
ALMS1,5_minus_4,,,,False,0.9253421947673224,,4,True
ALPI,5_minus_4,,,,False,0.074517277879093,,4,True
ALPP,5_minus_4,,,,False,-0.22636294165743653,,4,True
AMBN,5_minus_4,,,,False,0.4239791632970588,,4,True
AMBP,5_minus_4,,,,False,-0.10676841808727255,,4,True
AMDHD2,5_minus_4,,,,False,0.6143873514963768,,4,True
AMFR,5_minus_4,,,,False,0.5166585448617077,,4,True
AMIGO1,5_minus_4,,,,False,-0.09746875241267056,,4,True
AMIGO2,5_minus_4,,,,False,-0.08122317501425215,,4,True
AMN,5_minus_4,,,,False,0.35139240926834536,,4,True
AMOT,5_minus_4,,,,False,-0.056066055146248156,,4,True
AMOTL2,5_minus_4,,,,False,0.12787371729685795,,4,True
AMPD3,5_minus_4,,,,False,0.2620361861366536,,4,True
AMY1A_AMY1B_AMY1C,5_minus_4,,,,False,-0.10816908200045999,,4,True
AMY2A,5_minus_4,,,,False,-0.06528265220185295,,4,True
AMY2B,5_minus_4,,,,False,-0.24423186381953937,,4,True
ANG,5_minus_4,,,,False,0.17469311905204,,4,True
ANGPT1,5_minus_4,,,,False,0.08129837881803355,,4,True
ANGPT2,5_minus_4,,,,False,-0.5415915958866642,,4,True
ANGPTL1,5_minus_4,,,,False,0.10241909599001056,,4,True
ANGPTL2,5_minus_4,,,,False,0.0010169663731372514,,4,True
ANGPTL3,5_minus_4,,,,False,0.10826758857653808,,4,True
ANGPTL4,5_minus_4,,,,False,0.15066539596880846,,4,True
ANK2,5_minus_4,,,,False,-0.7879513656660896,,4,True
ANKMY2,5_minus_4,,,,False,-0.9085478043136788,,4,True
ANKRA2,5_minus_4,,,,False,0.8421971555535461,,4,True
ANKRD54,5_minus_4,,,,False,0.47513421964329705,,4,True
ANP32C,5_minus_4,,,,False,0.2620137031540777,,4,True
ANPEP,5_minus_4,,,,False,-0.018574118945938634,,4,True
ANXA1,5_minus_4,,,,False,-0.017901609703237398,,4,True
ANXA10,5_minus_4,,,,False,0.5432406735371638,,4,True
ANXA11,5_minus_4,,,,False,-0.09569620421379135,,4,True
ANXA2,5_minus_4,,,,False,-0.058408132502361584,,4,True
ANXA3,5_minus_4,,,,False,-0.1815099458994508,,4,True
ANXA4,5_minus_4,,,,False,-0.2554184317450023,,4,True
ANXA5,5_minus_4,,,,False,0.14422567901759903,,4,True
AOC1,5_minus_4,,,,False,0.10889176034327339,,4,True
AOC3,5_minus_4,,,,False,-0.05019838624592035,,4,True
AP1G2,5_minus_4,,,,False,-0.0621951576997288,,4,True
AP2B1,5_minus_4,,,,False,0.742626711318263,,4,True
AP3B1,5_minus_4,,,,False,-0.2593283379490682,,4,True
AP3S2,5_minus_4,,,,False,-0.03108565911213229,,4,True
APBB1IP,5_minus_4,,,,False,-0.36278415868515224,,4,True
APCS,5_minus_4,,,,False,0.04595285385995271,,4,True
APEX1,5_minus_4,,,,False,-0.15577582693900588,,4,True
APLP1,5_minus_4,,,,False,0.36430497279180785,,4,True
APOA1,5_minus_4,,,,False,-0.05769439591299891,,4,True
APOA2,5_minus_4,,,,False,-0.1060467831889268,,4,True
APOA4,5_minus_4,,,,False,-0.25096629164565676,,4,True
APOB,5_minus_4,,,,False,0.23028523602716777,,4,True
APOBR,5_minus_4,,,,False,0.13369765101122735,,4,True
APOC1,5_minus_4,,,,False,-0.030413133024420287,,4,True
APOD,5_minus_4,,,,False,-0.08769403596569356,,4,True
APOE,5_minus_4,,,,False,-0.07158604633806623,,4,True
APOF,5_minus_4,,,,False,0.0,,4,True
APOH,5_minus_4,,,,False,0.21780048722955914,,4,True
APOL1,5_minus_4,,,,False,0.02978670995356053,,4,True
APOM,5_minus_4,,,,False,-0.003465415630728594,,4,True
APP,5_minus_4,,,,False,0.0005606557510092966,,4,True
APPL2,5_minus_4,,,,False,-1.4575236033239172,,4,True
APRT,5_minus_4,,,,False,0.2603737522174743,,4,True
ARAF,5_minus_4,,,,False,0.11555887410259874,,4,True
AREG,5_minus_4,,,,False,0.22187273121008083,,4,True
ARF6,5_minus_4,,,,False,-0.3124915184447108,,4,True
ARFIP1,5_minus_4,,,,False,-0.3747310560793029,,4,True
ARG1,5_minus_4,,,,False,0.15032825187463128,,4,True
ARG2,5_minus_4,,,,False,-0.21215230344964128,,4,True
ARHGAP1,5_minus_4,,,,False,0.060330459503449715,,4,True
ARHGAP25,5_minus_4,,,,False,0.04864343613707628,,4,True
ARHGAP30,5_minus_4,,,,False,0.32856079403584715,,4,True
ARHGAP45,5_minus_4,,,,False,-0.27074927615743954,,4,True
ARHGAP5,5_minus_4,,,,False,0.0,,4,True
ARHGEF1,5_minus_4,,,,False,-0.39580277249372575,,4,True
ARHGEF10,5_minus_4,,,,False,-0.7669265138962957,,4,True
ARHGEF12,5_minus_4,,,,False,-1.3111547525727754,,4,True
ARHGEF5,5_minus_4,,,,False,0.11557042652005639,,4,True
ARID3A,5_minus_4,,,,False,0.1248202790083143,,4,True
ARID4B,5_minus_4,,,,False,-0.10329202614317731,,4,True
ARL2BP,5_minus_4,,,,False,-0.48338125805838045,,4,True
ARMCX2,5_minus_4,,,,False,-0.5437688859653845,,4,True
ARNT,5_minus_4,,,,False,-0.1790848088404994,,4,True
ARSB,5_minus_4,,,,False,-0.33316248222555933,,4,True
ART3,5_minus_4,,,,False,-0.09265518149216129,,4,True
ART5,5_minus_4,,,,False,-0.3336343964040432,,4,True
ARTN,5_minus_4,,,,False,0.368690629333959,,4,True
ASAH1,5_minus_4,,,,False,-0.09416721301178707,,4,True
ASAH2,5_minus_4,,,,False,0.12035717811043706,,4,True
ASGR1,5_minus_4,,,,False,0.20227771867227465,,4,True
ASGR2,5_minus_4,,,,False,0.08691514183014565,,4,True
ASPN,5_minus_4,,,,False,0.019653327191766823,,4,True
ASPSCR1,5_minus_4,,,,False,-0.3045431202823178,,4,True
ASRGL1,5_minus_4,,,,False,-0.11961093919636823,,4,True
ASS1,5_minus_4,,,,False,0.4933858822748748,,4,True
ATF2,5_minus_4,,,,False,-0.16104435362328595,,4,True
ATF4,5_minus_4,,,,False,0.5530783363777062,,4,True
ATG16L1,5_minus_4,,,,False,-0.07518303371391076,,4,True
ATG4A,5_minus_4,,,,False,0.7452034711828546,,4,True
ATOX1,5_minus_4,,,,False,-0.03773477417173521,,4,True
ATP1B1,5_minus_4,,,,False,-0.02322731360644774,,4,True
ATP1B2,5_minus_4,,,,False,-0.2656229095497714,,4,True
ATP1B3,5_minus_4,,,,False,0.02631430338183125,,4,True
ATP1B4,5_minus_4,,,,False,0.6301552057836217,,4,True
ATP2B4,5_minus_4,,,,False,0.06114395187822751,,4,True
ATP5F1D,5_minus_4,,,,False,0.16344884166601228,,4,True
ATP5IF1,5_minus_4,,,,False,-0.3859137787721523,,4,True
ATP5PO,5_minus_4,,,,False,0.020286944459479442,,4,True
ATP6AP2,5_minus_4,,,,False,-0.19696639236862143,,4,True
ATP6V1D,5_minus_4,,,,False,-0.33798494647706573,,4,True
ATP6V1F,5_minus_4,,,,False,0.11991481546668631,,4,True
ATP6V1G1,5_minus_4,,,,False,0.2241219201842414,,4,True
ATRAID,5_minus_4,,,,False,0.03323081480733754,,4,True
ATRN,5_minus_4,,,,False,0.018163764102271038,,4,True
ATXN10,5_minus_4,,,,False,0.47645723230355175,,4,True
ATXN2,5_minus_4,,,,False,-0.5178611914182856,,4,True
ATXN2L,5_minus_4,,,,False,0.1734044872429171,,4,True
ATXN3,5_minus_4,,,,False,0.27660326059211204,,4,True
AXIN1,5_minus_4,,,,False,-0.6861342902832523,,4,True
AXL,5_minus_4,,,,False,0.06143522942923835,,4,True
AZI2,5_minus_4,,,,False,-0.3687888178527188,,4,True
AZU1,5_minus_4,,,,False,0.528971799594737,,4,True
B2M,5_minus_4,,,,False,-0.008034752261932787,,4,True
B3GNT7,5_minus_4,,,,False,-0.31840654234589266,,4,True
B4GALT1,5_minus_4,,,,False,-0.09596072702516056,,4,True
B4GAT1,5_minus_4,,,,False,-0.1118243352920633,,4,True
BABAM1,5_minus_4,,,,False,-0.2758647317096651,,4,True
BACH1,5_minus_4,,,,False,-0.20884637098168884,,4,True
BAG3,5_minus_4,,,,False,0.19970428998358986,,4,True
BAG4,5_minus_4,,,,False,-0.1493352693766511,,4,True
BAG6,5_minus_4,,,,False,0.010891152240867397,,4,True
BAIAP2,5_minus_4,,,,False,0.0864577705833591,,4,True
BAMBI,5_minus_4,,,,False,-0.014969945913105215,,4,True
BANK1,5_minus_4,,,,False,-0.7890379977627289,,4,True
BAP18,5_minus_4,,,,False,-0.23288119810404073,,4,True
BATF,5_minus_4,,,,False,-0.07300489579699979,,4,True
BAX,5_minus_4,,,,False,0.35754673685621635,,4,True
BCAM,5_minus_4,,,,False,-0.10844121529250257,,4,True
BCAN,5_minus_4,,,,False,0.39441887237176293,,4,True
BCAT1,5_minus_4,,,,False,0.09890278312930068,,4,True
BCAT2,5_minus_4,,,,False,-0.055645700454341196,,4,True
BCHE,5_minus_4,,,,False,0.016219135695938053,,4,True
BCL2,5_minus_4,,,,False,0.06678917043994323,,4,True
BCL2L1,5_minus_4,,,,False,0.22005381940091173,,4,True
BCL2L15,5_minus_4,,,,False,0.21360431408202135,,4,True
BCL7A,5_minus_4,,,,False,0.7558706320732482,,4,True
BCL7B,5_minus_4,,,,False,-0.18444233091901366,,4,True
BCR,5_minus_4,,,,False,-0.6794162082059509,,4,True
BDNF,5_minus_4,,,,False,0.2751752786445007,,4,True
BECN1,5_minus_4,,,,False,0.43178513516360306,,4,True
BEX3,5_minus_4,,,,False,0.6191341089440063,,4,True
BGLAP,5_minus_4,,,,False,0.08565413368895294,,4,True
BGN,5_minus_4,,,,False,0.4976632687241813,,4,True
BHLHE40,5_minus_4,,,,False,0.4322197851652744,,4,True
BHMT2,5_minus_4,,,,False,0.43365857650172623,,4,True
BIN2,5_minus_4,,,,False,-1.1617143725364125,,4,True
BLMH,5_minus_4,,,,False,0.15197205797614166,,4,True
BLNK,5_minus_4,,,,False,-0.03572175448791795,,4,True
BLOC1S2,5_minus_4,,,,False,-0.1825373315935337,,4,True
BLOC1S3,5_minus_4,,,,False,-0.2855238625337968,,4,True
BLVRB,5_minus_4,,,,False,0.4515376596693734,,4,True
BMP10,5_minus_4,,,,False,-0.006928324337158495,,4,True
BMP4,5_minus_4,,,,False,0.18171606186446748,,4,True
BMPER,5_minus_4,,,,False,-0.03238185229809985,,4,True
BNIP2,5_minus_4,,,,False,-0.5938447158824882,,4,True
BNIP3L,5_minus_4,,,,False,0.2516603531107313,,4,True
BOC,5_minus_4,,,,False,-0.1084273470989862,,4,True
BOLA1,5_minus_4,,,,False,0.1756942104744213,,4,True
BOLA2_BOLA2B,5_minus_4,,,,False,0.37672396811086656,,4,True
BPIFA2,5_minus_4,,,,False,-0.15067882836127258,,4,True
BPIFB1,5_minus_4,,,,False,0.10077455654951017,,4,True
BPIFB2,5_minus_4,,,,False,-0.23051432447542253,,4,True
BRAP,5_minus_4,,,,False,-0.6275008461425131,,4,True
BRD1,5_minus_4,,,,False,0.25737237703323523,,4,True
BRD2,5_minus_4,,,,False,-0.23489199219695878,,4,True
BRD3,5_minus_4,,,,False,-0.38112555123942427,,4,True
BRDT,5_minus_4,,,,False,-0.4674796916973454,,4,True
BRK1,5_minus_4,,,,False,0.09619271940929555,,4,True
BRME1,5_minus_4,,,,False,0.027917888844995353,,4,True
BRSK2,5_minus_4,,,,False,-0.17062785389632126,,4,True
BSG,5_minus_4,,,,False,-0.034777261071764994,,4,True
BSND,5_minus_4,,,,False,0.0,,4,True
BST1,5_minus_4,,,,False,0.08308183656558688,,4,True
BST2,5_minus_4,,,,False,0.019513912286581364,,4,True
BTC,5_minus_4,,,,False,-0.6224722326058014,,4,True
BTD,5_minus_4,,,,False,-0.019763186537288355,,4,True
BTLA,5_minus_4,,,,False,0.2530659606771826,,4,True
BTN1A1,5_minus_4,,,,False,-0.03055488101464729,,4,True
BTN2A1,5_minus_4,,,,False,-0.10892664142983166,,4,True
BTN3A2,5_minus_4,,,,False,-0.073061107638061,,4,True
BTNL10,5_minus_4,,,,False,0.0,,4,True
C19orf12,5_minus_4,,,,False,0.013313832559379402,,4,True
C1GALT1C1,5_minus_4,,,,False,0.34239713842867264,,4,True
C1QA,5_minus_4,,,,False,-0.08605954217542994,,4,True
C1QBP,5_minus_4,,,,False,0.27129748281393157,,4,True
C1QL2,5_minus_4,,,,False,0.16055121948045334,,4,True
C1QTNF1,5_minus_4,,,,False,-0.2575611456553115,,4,True
C1QTNF5,5_minus_4,,,,False,0.05706013389721547,,4,True
C1QTNF6,5_minus_4,,,,False,-0.40601941920919127,,4,True
C1QTNF9,5_minus_4,,,,False,-0.15413099072668024,,4,True
C1R,5_minus_4,,,,False,-0.0872409298158948,,4,True
C1RL,5_minus_4,,,,False,-0.05305299759183538,,4,True
C1S,5_minus_4,,,,False,0.005985889555601004,,4,True
C2,5_minus_4,,,,False,-0.025872791965707742,,4,True
C2CD2L,5_minus_4,,,,False,0.7430318588447984,,4,True
C2orf69,5_minus_4,,,,False,0.32417904921039953,,4,True
C3,5_minus_4,,,,False,-0.05573739950712241,,4,True
C4BPB,5_minus_4,,,,False,0.03343201783636776,,4,True
C5,5_minus_4,,,,False,-0.033387260991910805,,4,True
C7,5_minus_4,,,,False,0.003211982326991339,,4,True
C7orf50,5_minus_4,,,,False,0.12964731539501895,,4,True
C8B,5_minus_4,,,,False,0.10866361122767745,,4,True
C9,5_minus_4,,,,False,0.12778413002531278,,4,True
C9orf40,5_minus_4,,,,False,0.5517607917287459,,4,True
CA1,5_minus_4,,,,False,0.42278472859334637,,4,True
CA11,5_minus_4,,,,False,0.07812151379721724,,4,True
CA12,5_minus_4,,,,False,-0.1614731615625555,,4,True
CA13,5_minus_4,,,,False,-1.1854799108980525,,4,True
CA14,5_minus_4,,,,False,0.09731468225365625,,4,True
CA2,5_minus_4,,,,False,0.48452086639592773,,4,True
CA3,5_minus_4,,,,False,0.8511632078377516,,4,True
CA4,5_minus_4,,,,False,-0.16704277849081473,,4,True
CA5A,5_minus_4,,,,False,0.0028653269396057834,,4,True
CA6,5_minus_4,,,,False,0.07112719669980064,,4,True
CA7,5_minus_4,,,,False,0.8946870015735237,,4,True
CA8,5_minus_4,,,,False,0.0948722247491933,,4,True
CA9,5_minus_4,,,,False,-0.05707216404630021,,4,True
CABP2,5_minus_4,,,,False,-0.23703795248685655,,4,True
CACNA1C,5_minus_4,,,,False,-1.1779831094402475,,4,True
CACNA1H,5_minus_4,,,,False,0.4499462276482275,,4,True
CACNB1,5_minus_4,,,,False,-1.7344647269071654,,4,True
CACNB3,5_minus_4,,,,False,-0.17938925220028623,,4,True
CACYBP,5_minus_4,,,,False,-0.47678791569008555,,4,True
CADPS,5_minus_4,,,,False,-0.44968612426380483,,4,True
CALB1,5_minus_4,,,,False,0.4650402342587379,,4,True
CALB2,5_minus_4,,,,False,0.40617888905523136,,4,True
CALCA,5_minus_4,,,,False,0.05493598654818461,,4,True
CALCB,5_minus_4,,,,False,0.47600458140947505,,4,True
CALCOCO1,5_minus_4,,,,False,-0.47006926049514985,,4,True
CALCOCO2,5_minus_4,,,,False,-0.23968157904898124,,4,True
CAMKK1,5_minus_4,,,,False,0.16586441467158713,,4,True
CAMLG,5_minus_4,,,,False,-0.2969296078243627,,4,True
CAMSAP1,5_minus_4,,,,False,-0.727384124095372,,4,True
CANT1,5_minus_4,,,,False,-0.15801114463772648,,4,True
CAPG,5_minus_4,,,,False,0.25761216048850816,,4,True
CAPN3,5_minus_4,,,,False,0.17951122550371035,,4,True
CAPS,5_minus_4,,,,False,0.4456073506324246,,4,True
CARHSP1,5_minus_4,,,,False,0.3206080969641274,,4,True
CASC3,5_minus_4,,,,False,-1.692764828814954,,4,True
CASP1,5_minus_4,,,,False,-0.16125289652753683,,4,True
CASP10,5_minus_4,,,,False,-0.9436501952899152,,4,True
CASP2,5_minus_4,,,,False,-0.6550759348392653,,4,True
CASP3,5_minus_4,,,,False,-0.3382259056520874,,4,True
CASP4,5_minus_4,,,,False,0.17421486515968831,,4,True
CASP7,5_minus_4,,,,False,-0.2399728532976907,,4,True
CASP8,5_minus_4,,,,False,-0.014900193091242561,,4,True
CASQ2,5_minus_4,,,,False,0.34837730059305394,,4,True
CAT,5_minus_4,,,,False,0.3787236085847884,,4,True
CBLIF,5_minus_4,,,,False,-0.2638511677915274,,4,True
CBLN1,5_minus_4,,,,False,0.28207995538846975,,4,True
CBLN4,5_minus_4,,,,False,0.06614767544177486,,4,True
CBS,5_minus_4,,,,False,-0.2568665907962704,,4,True
CC2D1A,5_minus_4,,,,False,0.07719112883352836,,4,True
CCAR2,5_minus_4,,,,False,0.3014864179719087,,4,True
CCDC134,5_minus_4,,,,False,-0.45880415119132834,,4,True
CCDC28A,5_minus_4,,,,False,1.0513524848663929,,4,True
CCDC50,5_minus_4,,,,False,-0.15997517933421956,,4,True
CCDC80,5_minus_4,,,,False,-0.12341327493195933,,4,True
CCER2,5_minus_4,,,,False,-0.005532510727097373,,4,True
CCL11,5_minus_4,,,,False,0.45745386483077144,,4,True
CCL13,5_minus_4,,,,False,0.4422270840705017,,4,True
CCL14,5_minus_4,,,,False,0.34091235170627543,,4,True
CCL15,5_minus_4,,,,False,0.2218570400587794,,4,True
CCL16,5_minus_4,,,,False,-0.022517700547691588,,4,True
CCL17,5_minus_4,,,,False,0.33416987485523614,,4,True
CCL18,5_minus_4,,,,False,0.2397881445922642,,4,True
CCL19,5_minus_4,,,,False,0.13372238908770265,,4,True
CCL2,5_minus_4,,,,False,0.19871830796919335,,4,True
CCL20,5_minus_4,,,,False,0.25286869831577463,,4,True
CCL21,5_minus_4,,,,False,-0.06556140386243932,,4,True
CCL22,5_minus_4,,,,False,0.194457890253665,,4,True
CCL23,5_minus_4,,,,False,0.09169887400417237,,4,True
CCL24,5_minus_4,,,,False,0.2551775299538777,,4,True
CCL25,5_minus_4,,,,False,-0.0020250097546432727,,4,True
CCL26,5_minus_4,,,,False,0.38391382071266716,,4,True
CCL27,5_minus_4,,,,False,-0.017425474921038,,4,True
CCL28,5_minus_4,,,,False,0.2976775071397012,,4,True
CCL3,5_minus_4,,,,False,0.09178363187245273,,4,True
CCL4,5_minus_4,,,,False,0.2118460691768487,,4,True
CCL5,5_minus_4,,,,False,0.16345574442282612,,4,True
CCL7,5_minus_4,,,,False,0.21633397955141237,,4,True
CCL8,5_minus_4,,,,False,0.2885052186687067,,4,True
CCN1,5_minus_4,,,,False,-0.0922326124041008,,4,True
CCN2,5_minus_4,,,,False,0.250679851085393,,4,True
CCN3,5_minus_4,,,,False,0.14356396361186555,,4,True
CCN4,5_minus_4,,,,False,-0.06987918973786214,,4,True
CCN5,5_minus_4,,,,False,0.0035317016689558334,,4,True
CCND2,5_minus_4,,,,False,0.34873025191393686,,4,True
CCNE1,5_minus_4,,,,False,-0.02194886522896755,,4,True
CCS,5_minus_4,,,,False,0.47400092455208875,,4,True
CCT5,5_minus_4,,,,False,0.1254998272892672,,4,True
CD101,5_minus_4,,,,False,-0.025730857337363154,,4,True
CD109,5_minus_4,,,,False,-0.17668145150658618,,4,True
CD14,5_minus_4,,,,False,0.12322482252531547,,4,True
CD160,5_minus_4,,,,False,0.03769939178559695,,4,True
CD164,5_minus_4,,,,False,0.02494165982108966,,4,True
CD164L2,5_minus_4,,,,False,0.019180953402129775,,4,True
CD177,5_minus_4,,,,False,0.0351268782154171,,4,True
CD1C,5_minus_4,,,,False,0.1097815285731856,,4,True
CD2,5_minus_4,,,,False,-0.7946766023526408,,4,True
CD200,5_minus_4,,,,False,0.19851126708911163,,4,True
CD200R1,5_minus_4,,,,False,-0.12654271938029904,,4,True
CD207,5_minus_4,,,,False,-0.3386705214329523,,4,True
CD209,5_minus_4,,,,False,0.05838352390490417,,4,True
CD22,5_minus_4,,,,False,-0.029987182528458826,,4,True
CD226,5_minus_4,,,,False,-0.19761910423507434,,4,True
CD244,5_minus_4,,,,False,-0.02419548502713604,,4,True
CD248,5_minus_4,,,,False,0.21969566677550578,,4,True
CD27,5_minus_4,,,,False,-0.1490272243078493,,4,True
CD274,5_minus_4,,,,False,-0.1635035980936853,,4,True
CD276,5_minus_4,,,,False,0.11345576908483494,,4,True
CD28,5_minus_4,,,,False,0.0955321619486359,,4,True
CD2AP,5_minus_4,,,,False,0.06721819315747857,,4,True
CD300A,5_minus_4,,,,False,-0.06685915784722665,,4,True
CD300C,5_minus_4,,,,False,0.05628586351449074,,4,True
CD300E,5_minus_4,,,,False,0.18380305555634718,,4,True
CD300LF,5_minus_4,,,,False,0.20439287754401397,,4,True
CD300LG,5_minus_4,,,,False,0.07265043202626939,,4,True
CD302,5_minus_4,,,,False,-0.22947092962655488,,4,True
CD33,5_minus_4,,,,False,-0.0457639766274347,,4,True
CD34,5_minus_4,,,,False,-0.14559802670058108,,4,True
CD36,5_minus_4,,,,False,0.10941166425406429,,4,True
CD38,5_minus_4,,,,False,0.03607805287333035,,4,True
CD3D,5_minus_4,,,,False,0.5003826964642436,,4,True
CD3E,5_minus_4,,,,False,-0.1829146866013461,,4,True
CD3G,5_minus_4,,,,False,0.15242703202777963,,4,True
CD4,5_minus_4,,,,False,0.10731985139009675,,4,True
CD40,5_minus_4,,,,False,0.0034399146867915426,,4,True
CD46,5_minus_4,,,,False,-0.05995118608712488,,4,True
CD48,5_minus_4,,,,False,-0.07411716163631535,,4,True
CD5,5_minus_4,,,,False,-0.103324404803122,,4,True
CD55,5_minus_4,,,,False,-0.055059442055328464,,4,True
CD58,5_minus_4,,,,False,0.1207362739881448,,4,True
CD59,5_minus_4,,,,False,0.10618530304405877,,4,True
CD5L,5_minus_4,,,,False,-0.05858069457412332,,4,True
CD6,5_minus_4,,,,False,0.04222724090356015,,4,True
CD63,5_minus_4,,,,False,0.210219070157149,,4,True
CD69,5_minus_4,,,,False,-0.9821920541213471,,4,True
CD7,5_minus_4,,,,False,-0.03788744082276378,,4,True
CD70,5_minus_4,,,,False,-0.03734695089393736,,4,True
CD72,5_minus_4,,,,False,0.1668759609654526,,4,True
CD74,5_minus_4,,,,False,-0.07203462960760001,,4,True
CD79B,5_minus_4,,,,False,-0.2711782531213983,,4,True
CD80,5_minus_4,,,,False,-0.1072068147509557,,4,True
CD82,5_minus_4,,,,False,0.9296411002089429,,4,True
CD83,5_minus_4,,,,False,0.048238433186599705,,4,True
CD84,5_minus_4,,,,False,-0.13801479984573983,,4,True
CD86,5_minus_4,,,,False,0.0482351431228899,,4,True
CD8A,5_minus_4,,,,False,0.0919418401450465,,4,True
CD93,5_minus_4,,,,False,0.1258539242803584,,4,True
CD99,5_minus_4,,,,False,0.10066671129311928,,4,True
CD99L2,5_minus_4,,,,False,0.014794435237936832,,4,True
CDA,5_minus_4,,,,False,0.09116722870781116,,4,True
CDAN1,5_minus_4,,,,False,0.29508890218681566,,4,True
CDC123,5_minus_4,,,,False,0.3818366760527914,,4,True
CDC26,5_minus_4,,,,False,-0.030409837469572994,,4,True
CDC27,5_minus_4,,,,False,-0.19757457097223247,,4,True
CDC37,5_minus_4,,,,False,-0.049439599485534585,,4,True
CDC42BPB,5_minus_4,,,,False,-0.8215048313549488,,4,True
CDCP1,5_minus_4,,,,False,0.057075889069376565,,4,True
CDH1,5_minus_4,,,,False,-0.05868614752833667,,4,True
CDH15,5_minus_4,,,,False,-0.15391419399035192,,4,True
CDH17,5_minus_4,,,,False,-0.046219017381641955,,4,True
CDH2,5_minus_4,,,,False,-0.030796802361249487,,4,True
CDH22,5_minus_4,,,,False,0.013722491308777174,,4,True
CDH3,5_minus_4,,,,False,-0.30187791011900467,,4,True
CDH4,5_minus_4,,,,False,-0.14409385303961897,,4,True
CDH5,5_minus_4,,,,False,-0.040029745418229554,,4,True
CDH6,5_minus_4,,,,False,-0.24397781564312557,,4,True
CDHR2,5_minus_4,,,,False,-0.3107505945569523,,4,True
CDHR5,5_minus_4,,,,False,0.079576269743208,,4,True
CDK1,5_minus_4,,,,False,0.18583840168941812,,4,True
CDK5RAP3,5_minus_4,,,,False,0.3590654281022817,,4,True
CDKL5,5_minus_4,,,,False,-0.14179070075976535,,4,True
CDKN1A,5_minus_4,,,,False,-0.5625360103759087,,4,True
CDKN2D,5_minus_4,,,,False,-0.6568741597635885,,4,True
CDNF,5_minus_4,,,,False,-0.2628769683781846,,4,True
CDON,5_minus_4,,,,False,0.237297225958468,,4,True
CDSN,5_minus_4,,,,False,0.48458263302220916,,4,True
CEACAM1,5_minus_4,,,,False,0.0912739243946292,,4,True
CEACAM16,5_minus_4,,,,False,-0.005839481514907846,,4,True
CEACAM18,5_minus_4,,,,False,0.045547467920324075,,4,True
CEACAM20,5_minus_4,,,,False,0.6843646930041674,,4,True
CEACAM21,5_minus_4,,,,False,-0.020196700195823564,,4,True
CEACAM3,5_minus_4,,,,False,0.46718395778556127,,4,True
CEACAM5,5_minus_4,,,,False,-0.08733966358124226,,4,True
CEACAM6,5_minus_4,,,,False,0.24011416694126422,,4,True
CEACAM8,5_minus_4,,,,False,0.22227359916500883,,4,True
CEBPA,5_minus_4,,,,False,0.2927789647363265,,4,True
CEBPB,5_minus_4,,,,False,-0.04654102810734878,,4,True
CELA2A,5_minus_4,,,,False,-0.16639279581484806,,4,True
CELA3A,5_minus_4,,,,False,-0.1362389387939491,,4,True
CELSR2,5_minus_4,,,,False,0.0924031227059262,,4,True
CEMIP2,5_minus_4,,,,False,-0.1018531320929413,,4,True
CEND1,5_minus_4,,,,False,0.10826388751662067,,4,True
CENPF,5_minus_4,,,,False,1.2775211587141238,,4,True
CENPJ,5_minus_4,,,,False,-0.9341003034417359,,4,True
CEP112,5_minus_4,,,,False,-0.07356536371052866,,4,True
CEP152,5_minus_4,,,,False,0.6087307680511892,,4,True
CEP164,5_minus_4,,,,False,0.012969457936627848,,4,True
CEP170,5_minus_4,,,,False,-0.6673984181518797,,4,True
CEP20,5_minus_4,,,,False,0.17427844683613974,,4,True
CEP290,5_minus_4,,,,False,0.9502975167198393,,4,True
CEP350,5_minus_4,,,,False,0.0,,4,True
CEP43,5_minus_4,,,,False,-0.4358492747938469,,4,True
CEP85,5_minus_4,,,,False,-0.30698168913411694,,4,True
CERT1,5_minus_4,,,,False,0.16804926683229587,,4,True
CES1,5_minus_4,,,,False,-0.03465067501049923,,4,True
CES2,5_minus_4,,,,False,-0.029580872282265858,,4,True
CES3,5_minus_4,,,,False,0.19108461113217257,,4,True
CETN2,5_minus_4,,,,False,-0.5095089920359769,,4,True
CETN3,5_minus_4,,,,False,-0.016077401139947503,,4,True
CFB,5_minus_4,,,,False,0.010629911658344815,,4,True
CFC1,5_minus_4,,,,False,-0.03934085529817449,,4,True
CFD,5_minus_4,,,,False,0.14488447651280809,,4,True
CFH,5_minus_4,,,,False,0.031131081444422032,,4,True
CFHR2,5_minus_4,,,,False,-0.036599869129561494,,4,True
CFHR4,5_minus_4,,,,False,-0.14612805489236794,,4,True
CFHR5,5_minus_4,,,,False,0.02738537725166985,,4,True
CFI,5_minus_4,,,,False,0.0012185151865630878,,4,True
CFP,5_minus_4,,,,False,-0.08364897047985556,,4,True
CGB3_CGB5_CGB8,5_minus_4,,,,False,-0.4983004146775344,,4,True
CGN,5_minus_4,,,,False,0.5206196821947707,,4,True
CGREF1,5_minus_4,,,,False,0.0919633575014547,,4,True
CHAC2,5_minus_4,,,,False,0.05784463095905065,,4,True
CHAD,5_minus_4,,,,False,0.11684325668608475,,4,True
CHCHD10,5_minus_4,,,,False,0.18877731421656302,,4,True
CHCHD6,5_minus_4,,,,False,0.3655322112004783,,4,True
CHEK2,5_minus_4,,,,False,0.4777695427804646,,4,True
CHGA,5_minus_4,,,,False,0.13468654590429446,,4,True
CHGB,5_minus_4,,,,False,0.29352357293294745,,4,True
CHI3L1,5_minus_4,,,,False,0.15632212505315876,,4,True
CHIT1,5_minus_4,,,,False,-0.06630452685581852,,4,True
CHL1,5_minus_4,,,,False,0.10127282891710895,,4,True
CHM,5_minus_4,,,,False,-0.2567847244781507,,4,True
CHMP1A,5_minus_4,,,,False,-0.01423025143889542,,4,True
CHMP6,5_minus_4,,,,False,-0.14517890159875907,,4,True
CHP1,5_minus_4,,,,False,-0.13996230773414176,,4,True
CHRDL1,5_minus_4,,,,False,-0.048733194165956714,,4,True
CHRDL2,5_minus_4,,,,False,-0.04523131485515945,,4,True
CHRM1,5_minus_4,,,,False,0.7479423425590472,,4,True
CIAPIN1,5_minus_4,,,,False,0.043636225733899914,,4,True
CILP,5_minus_4,,,,False,-0.04253141557338409,,4,True
CINP,5_minus_4,,,,False,0.0838028331400932,,4,True
CIRBP,5_minus_4,,,,False,-0.03589303313530681,,4,True
CIT,5_minus_4,,,,False,0.23520719283654976,,4,True
CKAP4,5_minus_4,,,,False,0.123729161858774,,4,True
CKB,5_minus_4,,,,False,-0.07151719753493944,,4,True
CKMT1A_CKMT1B,5_minus_4,,,,False,-0.3221754963436784,,4,True
CLASP1,5_minus_4,,,,False,0.0,,4,True
CLC,5_minus_4,,,,False,0.03389042762190367,,4,True
CLEC10A,5_minus_4,,,,False,0.2616408276490364,,4,True
CLEC11A,5_minus_4,,,,False,0.23787651342614158,,4,True
CLEC12A,5_minus_4,,,,False,0.28970975112277536,,4,True
CLEC14A,5_minus_4,,,,False,-0.10278249487973579,,4,True
CLEC1A,5_minus_4,,,,False,-0.03869186988510315,,4,True
CLEC1B,5_minus_4,,,,False,-0.37217713501587724,,4,True
CLEC2L,5_minus_4,,,,False,0.4094255020391471,,4,True
CLEC4A,5_minus_4,,,,False,-0.0339937477086127,,4,True
CLEC4C,5_minus_4,,,,False,0.1228665133981586,,4,True
CLEC4D,5_minus_4,,,,False,0.372444199117216,,4,True
CLEC4G,5_minus_4,,,,False,0.002344239779478202,,4,True
CLEC4M,5_minus_4,,,,False,0.1419796607733148,,4,True
CLEC5A,5_minus_4,,,,False,0.08664425918934984,,4,True
CLEC6A,5_minus_4,,,,False,0.5003343138929899,,4,True
CLGN,5_minus_4,,,,False,0.14144725595509344,,4,True
CLIC5,5_minus_4,,,,False,0.5413719243578823,,4,True
CLINT1,5_minus_4,,,,False,0.0,,4,True
CLIP2,5_minus_4,,,,False,-1.0487761449292945,,4,True
CLMP,5_minus_4,,,,False,-0.08075399583469645,,4,True
CLNS1A,5_minus_4,,,,False,0.39597639834290627,,4,True
CLPP,5_minus_4,,,,False,-0.051643394767288686,,4,True
CLPS,5_minus_4,,,,False,-0.523621083243319,,4,True
CLSPN,5_minus_4,,,,False,-0.14435951574181546,,4,True
CLSTN2,5_minus_4,,,,False,0.018916254840227242,,4,True
CLSTN3,5_minus_4,,,,False,-0.05535133306864368,,4,True
CLTA,5_minus_4,,,,False,0.07676603232092215,,4,True
CLU,5_minus_4,,,,False,-0.24943102194056382,,4,True
CLUL1,5_minus_4,,,,False,-0.12810765108968405,,4,True
CMC1,5_minus_4,,,,False,-0.2992688249470927,,4,True
CMIP,5_minus_4,,,,False,-0.4535547931864053,,4,True
CNDP1,5_minus_4,,,,False,0.08755618638253002,,4,True
CNGB3,5_minus_4,,,,False,0.11845591264591203,,4,True
CNP,5_minus_4,,,,False,-0.2993060063072157,,4,True
CNPY2,5_minus_4,,,,False,0.2934270984174841,,4,True
CNPY4,5_minus_4,,,,False,-0.7248677114395062,,4,True
CNST,5_minus_4,,,,False,-0.8313455341746511,,4,True
CNTF,5_minus_4,,,,False,3.714563536045038,,4,True
CNTN1,5_minus_4,,,,False,-0.020245564559089803,,4,True
CNTN2,5_minus_4,,,,False,-0.03010757875862291,,4,True
CNTN3,5_minus_4,,,,False,-0.11102497762881874,,4,True
CNTN4,5_minus_4,,,,False,0.013556380705090687,,4,True
CNTN5,5_minus_4,,,,False,0.17386682247388704,,4,True
CNTNAP2,5_minus_4,,,,False,0.27302766766519193,,4,True
COCH,5_minus_4,,,,False,0.09723123762071109,,4,True
COL15A1,5_minus_4,,,,False,0.010538897113882714,,4,True
COL18A1,5_minus_4,,,,False,0.08158817354914052,,4,True
COL1A1,5_minus_4,,,,False,0.09723765946815024,,4,True
COL28A1,5_minus_4,,,,False,-0.3374941496303571,,4,True
COL2A1,5_minus_4,,,,False,-0.22615095899000204,,4,True
COL3A1,5_minus_4,,,,False,-0.048194360678265685,,4,True
COL4A1,5_minus_4,,,,False,-0.15595956735634026,,4,True
COL4A4,5_minus_4,,,,False,-0.33041480166999215,,4,True
COL5A1,5_minus_4,,,,False,0.2194674777155166,,4,True
COL6A3,5_minus_4,,,,False,0.1291723087623434,,4,True
COL9A1,5_minus_4,,,,False,-0.07607338110531615,,4,True
COL9A2,5_minus_4,,,,False,-0.11550894623907437,,4,True
COLEC12,5_minus_4,,,,False,0.040357736350424896,,4,True
COMMD1,5_minus_4,,,,False,0.007864686560096118,,4,True
COMMD9,5_minus_4,,,,False,-0.0410570739758441,,4,True
COMP,5_minus_4,,,,False,0.08802303158918617,,4,True
COMT,5_minus_4,,,,False,0.00020344723284143607,,4,True
COPB2,5_minus_4,,,,False,-2.2155120235115864,,4,True
COPE,5_minus_4,,,,False,0.22868735487377265,,4,True
COQ7,5_minus_4,,,,False,-0.003631563479890798,,4,True
CORO1A,5_minus_4,,,,False,-0.5893383857238477,,4,True
CORO6,5_minus_4,,,,False,0.4563868935445987,,4,True
COX5B,5_minus_4,,,,False,-0.5383273070056694,,4,True
COX6B1,5_minus_4,,,,False,-0.037019226793357174,,4,True
CPA1,5_minus_4,,,,False,-0.04892738904863436,,4,True
CPA2,5_minus_4,,,,False,-0.39711273507429856,,4,True
CPA4,5_minus_4,,,,False,-0.19390276290101885,,4,True
CPB1,5_minus_4,,,,False,-0.08585940649690454,,4,True
CPB2,5_minus_4,,,,False,0.06455865449863503,,4,True
CPE,5_minus_4,,,,False,-0.06786232453441045,,4,True
CPM,5_minus_4,,,,False,0.11186087272856851,,4,True
CPOX,5_minus_4,,,,False,0.13993269445247533,,4,True
CPPED1,5_minus_4,,,,False,0.16312805894487148,,4,True
CPQ,5_minus_4,,,,False,-0.029022350199340297,,4,True
CPTP,5_minus_4,,,,False,0.7753457516869783,,4,True
CPVL,5_minus_4,,,,False,-0.06110339097569614,,4,True
CPXM1,5_minus_4,,,,False,0.0769249238597807,,4,True
CPXM2,5_minus_4,,,,False,-0.044471502985948375,,4,True
CR1,5_minus_4,,,,False,-0.1501547991977289,,4,True
CR2,5_minus_4,,,,False,0.009600158592428826,,4,True
CRACR2A,5_minus_4,,,,False,-1.1843595604126183,,4,True
CRADD,5_minus_4,,,,False,0.08411615997712722,,4,True
CREB3,5_minus_4,,,,False,0.11599681221699634,,4,True
CREBZF,5_minus_4,,,,False,0.0,,4,True
CREG1,5_minus_4,,,,False,0.00022348380567432935,,4,True
CRELD1,5_minus_4,,,,False,0.01595577611842912,,4,True
CRELD2,5_minus_4,,,,False,0.07623366843001522,,4,True
CRH,5_minus_4,,,,False,0.969504074953497,,4,True
CRHBP,5_minus_4,,,,False,-0.17155885989845776,,4,True
CRHR1,5_minus_4,,,,False,-0.12161413517869163,,4,True
CRIM1,5_minus_4,,,,False,0.19424754236350378,,4,True
CRIP2,5_minus_4,,,,False,0.5072399587984464,,4,True
CRISP2,5_minus_4,,,,False,0.04622893566721396,,4,True
CRISP3,5_minus_4,,,,False,-0.04877109584321686,,4,True
CRKL,5_minus_4,,,,False,0.023508811011006492,,4,True
CRLF1,5_minus_4,,,,False,0.12339971748070024,,4,True
CRNN,5_minus_4,,,,False,0.12789432337073592,,4,True
CRTAC1,5_minus_4,,,,False,0.060673991059588525,,4,True
CRTAM,5_minus_4,,,,False,0.22203085981633028,,4,True
CRTAP,5_minus_4,,,,False,-0.06307675496375359,,4,True
CRX,5_minus_4,,,,False,0.24639318634953372,,4,True
CRYBB1,5_minus_4,,,,False,-0.11249474791303245,,4,True
CRYBB2,5_minus_4,,,,False,-0.011643064365244399,,4,True
CRYGD,5_minus_4,,,,False,0.6435021903237382,,4,True
CRYM,5_minus_4,,,,False,-0.9285648434877137,,4,True
CRYZL1,5_minus_4,,,,False,0.08183550901517653,,4,True
CSDE1,5_minus_4,,,,False,0.050232940569219175,,4,True
CSF1,5_minus_4,,,,False,0.012156315020357439,,4,True
CSF1R,5_minus_4,,,,False,-0.13688188755911473,,4,True
CSF2,5_minus_4,,,,False,-0.3452018198390624,,4,True
CSF2RA,5_minus_4,,,,False,-0.19686936785979126,,4,True
CSF2RB,5_minus_4,,,,False,0.1557185650958496,,4,True
CSF3,5_minus_4,,,,False,0.31328483872853385,,4,True
CSF3R,5_minus_4,,,,False,0.28321044814716145,,4,True
CSH1,5_minus_4,,,,False,-0.20702520931842733,,4,True
CSNK1D,5_minus_4,,,,False,0.08199523642163095,,4,True
CSNK2A1,5_minus_4,,,,False,0.37168830614878545,,4,True
CSPG4,5_minus_4,,,,False,0.3761352141485711,,4,True
CSPG5,5_minus_4,,,,False,0.30184990024139247,,4,True
CSRP3,5_minus_4,,,,False,-0.007932270527427426,,4,True
CST1,5_minus_4,,,,False,0.0036108854306173277,,4,True
CST3,5_minus_4,,,,False,0.16344692249069634,,4,True
CST5,5_minus_4,,,,False,0.1621411250127155,,4,True
CST6,5_minus_4,,,,False,0.19407809156789346,,4,True
CST7,5_minus_4,,,,False,0.2537765410948446,,4,True
CSTB,5_minus_4,,,,False,0.2267291066089313,,4,True
CTBS,5_minus_4,,,,False,-0.05610570596922013,,4,True
CTF1,5_minus_4,,,,False,0.38892025963940113,,4,True
CTHRC1,5_minus_4,,,,False,0.14597630109360774,,4,True
CTLA4,5_minus_4,,,,False,-1.747468772320064,,4,True
CTNNA1,5_minus_4,,,,False,0.15339869507433132,,4,True
CTRB1,5_minus_4,,,,False,-0.19936940147879242,,4,True
CTRC,5_minus_4,,,,False,-0.13986800993386211,,4,True
CTRL,5_minus_4,,,,False,-0.15559486998485442,,4,True
CTSB,5_minus_4,,,,False,0.015988457773580753,,4,True
CTSC,5_minus_4,,,,False,0.2552173739095085,,4,True
CTSD,5_minus_4,,,,False,0.11858006380459649,,4,True
CTSE,5_minus_4,,,,False,-0.03071872179885482,,4,True
CTSF,5_minus_4,,,,False,0.09032819020039112,,4,True
CTSH,5_minus_4,,,,False,0.1857756562361486,,4,True
CTSL,5_minus_4,,,,False,0.1332768952988961,,4,True
CTSO,5_minus_4,,,,False,-0.05011927951905514,,4,True
CTSS,5_minus_4,,,,False,0.0813512658976129,,4,True
CTSV,5_minus_4,,,,False,-0.09902667901502167,,4,True
CTSZ,5_minus_4,,,,False,0.03633251232341094,,4,True
CUZD1,5_minus_4,,,,False,0.3122126589598503,,4,True
CWC15,5_minus_4,,,,False,0.017052006648089094,,4,True
CXADR,5_minus_4,,,,False,0.11057022035112224,,4,True
CXCL1,5_minus_4,,,,False,-0.17256297671365495,,4,True
CXCL10,5_minus_4,,,,False,0.19246456875792944,,4,True
CXCL11,5_minus_4,,,,False,0.09393096408811658,,4,True
CXCL12,5_minus_4,,,,False,0.39548912617227516,,4,True
CXCL13,5_minus_4,,,,False,0.15308111971804236,,4,True
CXCL14,5_minus_4,,,,False,-0.0011643640227057134,,4,True
CXCL16,5_minus_4,,,,False,0.004493926738078447,,4,True
CXCL17,5_minus_4,,,,False,-0.01884368674861904,,4,True
CXCL3,5_minus_4,,,,False,-0.4226248549947363,,4,True
CXCL5,5_minus_4,,,,False,-0.4613710669969152,,4,True
CXCL6,5_minus_4,,,,False,0.18046745719452878,,4,True
CXCL8,5_minus_4,,,,False,0.5481841821684169,,4,True
CXCL9,5_minus_4,,,,False,0.07539392848558255,,4,True
CYB5A,5_minus_4,,,,False,0.8425251056959718,,4,True
CYB5R2,5_minus_4,,,,False,0.3132734861962022,,4,True
CYP24A1,5_minus_4,,,,False,0.535719309753222,,4,True
CYTH3,5_minus_4,,,,False,0.10157565040024714,,4,True
CYTL1,5_minus_4,,,,False,0.2613046770158931,,4,True
DAAM1,5_minus_4,,,,False,-0.9190831706111025,,4,True
DAB2,5_minus_4,,,,False,-0.31208634244650235,,4,True
DAG1,5_minus_4,,,,False,-0.13469521645802773,,4,True
DAND5,5_minus_4,,,,False,-1.5251752275636665,,4,True
DAPK2,5_minus_4,,,,False,-0.07865217732731547,,4,True
DAPP1,5_minus_4,,,,False,-0.3977532324963151,,4,True
DARS1,5_minus_4,,,,False,-0.08498758788694227,,4,True
DBH,5_minus_4,,,,False,0.001611446592012844,,4,True
DBI,5_minus_4,,,,False,0.19367331990862957,,4,True
DBN1,5_minus_4,,,,False,-0.2548891972609374,,4,True
DBNL,5_minus_4,,,,False,-0.3022146297338177,,4,True
DCBLD2,5_minus_4,,,,False,-0.23635101460944244,,4,True
DCC,5_minus_4,,,,False,0.38856878097015823,,4,True
DCDC2C,5_minus_4,,,,False,0.6697591222233054,,4,True
DCLRE1C,5_minus_4,,,,False,0.7364910901861234,,4,True
DCN,5_minus_4,,,,False,0.10136863258622104,,4,True
DCTD,5_minus_4,,,,False,-0.2711363968503146,,4,True
DCTN1,5_minus_4,,,,False,0.27266833661984546,,4,True
DCTN2,5_minus_4,,,,False,-0.5106530483327221,,4,True
DCTN6,5_minus_4,,,,False,0.5964097778292491,,4,True
DCTPP1,5_minus_4,,,,False,0.04799299312231463,,4,True
DCUN1D1,5_minus_4,,,,False,-0.2802412681020611,,4,True
DCUN1D2,5_minus_4,,,,False,0.7075873997758417,,4,True
DCXR,5_minus_4,,,,False,0.22687659437294871,,4,True
DDA1,5_minus_4,,,,False,-0.21774192470199857,,4,True
DDAH1,5_minus_4,,,,False,0.03707726682818244,,4,True
DDC,5_minus_4,,,,False,-0.4523096624506783,,4,True
DDHD2,5_minus_4,,,,False,-0.027411617177752992,,4,True
DDI2,5_minus_4,,,,False,0.5527088811537632,,4,True
DDR1,5_minus_4,,,,False,-0.06820822896008402,,4,True
DDT,5_minus_4,,,,False,0.10013547912748066,,4,True
DDX1,5_minus_4,,,,False,0.024415898376080297,,4,True
DDX25,5_minus_4,,,,False,1.2916397648967566,,4,True
DDX39A,5_minus_4,,,,False,-0.25898196032678017,,4,True
DDX4,5_minus_4,,,,False,0.8444827793068767,,4,True
DDX53,5_minus_4,,,,False,0.29621770502382744,,4,True
DDX58,5_minus_4,,,,False,0.04786228571147322,,4,True
DECR1,5_minus_4,,,,False,-0.02884894200914151,,4,True
DEFA1_DEFA1B,5_minus_4,,,,False,0.4157021418109179,,4,True
DEFB103A_DEFB103B,5_minus_4,,,,False,-0.44222756341629144,,4,True
DEFB104A_DEFB104B,5_minus_4,,,,False,0.06540734073362489,,4,True
DEFB116,5_minus_4,,,,False,0.5824208064870635,,4,True
DEFB118,5_minus_4,,,,False,-0.004071633743634104,,4,True
DEFB4A_DEFB4B,5_minus_4,,,,False,0.10705245343612119,,4,True
DENND2B,5_minus_4,,,,False,-0.23354399937317383,,4,True
DENR,5_minus_4,,,,False,-0.28407906508938163,,4,True
DFFA,5_minus_4,,,,False,0.3958429806663314,,4,True
DGCR6,5_minus_4,,,,False,0.0792586072520855,,4,True
DGKA,5_minus_4,,,,False,0.14629794188989165,,4,True
DGKZ,5_minus_4,,,,False,-1.1014644199535644,,4,True
DHODH,5_minus_4,,,,False,0.2584880705907349,,4,True
DHPS,5_minus_4,,,,False,0.27309861976456684,,4,True
DHRS4L2,5_minus_4,,,,False,0.037304852744597494,,4,True
DIABLO,5_minus_4,,,,False,-1.1337928419992518,,4,True
DIPK1C,5_minus_4,,,,False,0.5466355904121831,,4,True
DIPK2B,5_minus_4,,,,False,-0.25425770199281883,,4,True
DKK1,5_minus_4,,,,False,0.147170102443553,,4,True
DKK3,5_minus_4,,,,False,0.29218142520175217,,4,True
DKK4,5_minus_4,,,,False,0.23584437781844464,,4,True
DKKL1,5_minus_4,,,,False,-0.21403447026202743,,4,True
DLG4,5_minus_4,,,,False,-0.1312716532394606,,4,True
DLGAP5,5_minus_4,,,,False,-0.21003058100079264,,4,True
DLK1,5_minus_4,,,,False,0.03360057173870051,,4,True
DLL1,5_minus_4,,,,False,-0.18715430656386128,,4,True
DLL4,5_minus_4,,,,False,-0.3132864084998529,,4,True
DMD,5_minus_4,,,,False,-0.1776991805379649,,4,True
DMP1,5_minus_4,,,,False,0.39655994658353494,,4,True
DNAJA1,5_minus_4,,,,False,0.0,,4,True
DNAJA2,5_minus_4,,,,False,-0.05666394534068411,,4,True
DNAJA4,5_minus_4,,,,False,0.2064547195898962,,4,True
DNAJB1,5_minus_4,,,,False,0.338826816793945,,4,True
DNAJB14,5_minus_4,,,,False,-0.15650662751233452,,4,True
DNAJB2,5_minus_4,,,,False,0.2717591152192955,,4,True
DNAJB8,5_minus_4,,,,False,-0.04046812352104047,,4,True
DNAJC21,5_minus_4,,,,False,-0.1781776926496445,,4,True
DNAJC6,5_minus_4,,,,False,0.16828981674930338,,4,True
DNAJC9,5_minus_4,,,,False,0.3243071510436432,,4,True
DNER,5_minus_4,,,,False,-0.014720352575560001,,4,True
DNLZ,5_minus_4,,,,False,-0.07181807403607315,,4,True
DNM1,5_minus_4,,,,False,-0.661331490507976,,4,True
DNM3,5_minus_4,,,,False,0.02882383821008158,,4,True
DNMBP,5_minus_4,,,,False,-0.055472099015731635,,4,True
DNPEP,5_minus_4,,,,False,0.2125018260659706,,4,True
DNPH1,5_minus_4,,,,False,0.3300995762988989,,4,True
DOC2B,5_minus_4,,,,False,0.6713190220882886,,4,True
DOCK9,5_minus_4,,,,False,0.4122944688298987,,4,True
DOK1,5_minus_4,,,,False,-0.5911480487864292,,4,True
DOK2,5_minus_4,,,,False,-0.9934186199831587,,4,True
DPEP1,5_minus_4,,,,False,0.0420636607801152,,4,True
DPEP2,5_minus_4,,,,False,-0.11779078819854805,,4,True
DPP10,5_minus_4,,,,False,0.3050853854888585,,4,True
DPP4,5_minus_4,,,,False,0.06126266028305524,,4,True
DPP6,5_minus_4,,,,False,0.24697255857249545,,4,True
DPP7,5_minus_4,,,,False,-0.10194424100702802,,4,True
DPT,5_minus_4,,,,False,0.19063985666428812,,4,True
DPY30,5_minus_4,,,,False,0.12646926628524388,,4,True
DRAXIN,5_minus_4,,,,False,0.06020192005129685,,4,True
DRG2,5_minus_4,,,,False,-0.4478279082346656,,4,True
DSC2,5_minus_4,,,,False,-0.16298912365324808,,4,True
DSCAM,5_minus_4,,,,False,-0.06026784723125965,,4,True
DSG2,5_minus_4,,,,False,-0.12691862368402665,,4,True
DSG3,5_minus_4,,,,False,-0.04674836155319173,,4,True
DSG4,5_minus_4,,,,False,-0.17416891328150513,,4,True
DTD1,5_minus_4,,,,False,-0.6598447272599227,,4,True
DTNB,5_minus_4,,,,False,-0.06185612775098227,,4,True
DTX2,5_minus_4,,,,False,0.6109291968620365,,4,True
DTX3,5_minus_4,,,,False,0.3727511628087846,,4,True
DTYMK,5_minus_4,,,,False,0.22362843947237,,4,True
DUOX2,5_minus_4,,,,False,0.1762907457912123,,4,True
DUSP13,5_minus_4,,,,False,0.41667381522899816,,4,True
DUSP29,5_minus_4,,,,False,1.9372047192022868,,4,True
DUSP3,5_minus_4,,,,False,-0.09497434772686619,,4,True
DUT,5_minus_4,,,,False,-0.7194904979469485,,4,True
DXO,5_minus_4,,,,False,-0.1690118153184329,,4,True
DYNC1H1,5_minus_4,,,,False,0.005281794590290004,,4,True
DYNLT1,5_minus_4,,,,False,-0.048852968528312835,,4,True
DYNLT3,5_minus_4,,,,False,0.028685033273012812,,4,True
EBAG9,5_minus_4,,,,False,-0.029709285031617266,,4,True
ECHDC3,5_minus_4,,,,False,0.2042082260181604,,4,True
ECHS1,5_minus_4,,,,False,-0.4388671619963228,,4,True
ECI2,5_minus_4,,,,False,-0.4986990876571934,,4,True
ECM1,5_minus_4,,,,False,-0.15615608337241663,,4,True
ECSCR,5_minus_4,,,,False,0.3899457067679641,,4,True
EDA2R,5_minus_4,,,,False,0.19156479047149302,,4,True
EDAR,5_minus_4,,,,False,-0.13847881568501696,,4,True
EDDM3B,5_minus_4,,,,False,0.004455149614287196,,4,True
EDF1,5_minus_4,,,,False,-0.7510897962094691,,4,True
EDIL3,5_minus_4,,,,False,0.31766323627982207,,4,True
EDN1,5_minus_4,,,,False,0.22085571079773003,,4,True
EDNRB,5_minus_4,,,,False,0.19708416132174922,,4,True
EEF1D,5_minus_4,,,,False,-0.03896821277312115,,4,True
EFCAB14,5_minus_4,,,,False,-0.22588652313848234,,4,True
EFCAB2,5_minus_4,,,,False,-0.4112879589869762,,4,True
EFEMP1,5_minus_4,,,,False,0.11977816588377226,,4,True
EFHD1,5_minus_4,,,,False,0.4508626809093617,,4,True
EFNA4,5_minus_4,,,,False,0.1572290069966601,,4,True
EFNB2,5_minus_4,,,,False,-0.5664198474413986,,4,True
EGF,5_minus_4,,,,False,-1.036238969852977,,4,True
EGFL7,5_minus_4,,,,False,0.09499550210240815,,4,True
EGFLAM,5_minus_4,,,,False,0.36675378149420135,,4,True
EGFR,5_minus_4,,,,False,0.045128224700157274,,4,True
EGLN1,5_minus_4,,,,False,-0.18296185619444713,,4,True
EHBP1,5_minus_4,,,,False,-0.12622781582577058,,4,True
EHD3,5_minus_4,,,,False,-1.059392415271117,,4,True
EIF1AX,5_minus_4,,,,False,-0.05864376920004219,,4,True
EIF2AK2,5_minus_4,,,,False,-0.39091195688789393,,4,True
EIF2AK3,5_minus_4,,,,False,-0.49167493408138196,,4,True
EIF2S2,5_minus_4,,,,False,-0.775886907572978,,4,True
EIF4B,5_minus_4,,,,False,0.5611635838165376,,4,True
EIF4E,5_minus_4,,,,False,-0.011961773899484218,,4,True
EIF4EBP1,5_minus_4,,,,False,0.6185250042189897,,4,True
EIF4G1,5_minus_4,,,,False,-0.19865428219233386,,4,True
EIF4G3,5_minus_4,,,,False,-1.1763115884856419,,4,True
EIF5,5_minus_4,,,,False,-0.4311147189458338,,4,True
EIF5A,5_minus_4,,,,False,0.10850854592248545,,4,True
ELAC1,5_minus_4,,,,False,-0.39507350369072314,,4,True
ELAVL4,5_minus_4,,,,False,0.6439590467918431,,4,True
ELN,5_minus_4,,,,False,-0.2116464590320482,,4,True
ELOA,5_minus_4,,,,False,0.19126883987543614,,4,True
ELOB,5_minus_4,,,,False,-0.5386413600717553,,4,True
ENAH,5_minus_4,,,,False,0.14825995117017907,,4,True
ENDOU,5_minus_4,,,,False,0.06281629074732809,,4,True
ENG,5_minus_4,,,,False,0.0779842643041124,,4,True
ENO1,5_minus_4,,,,False,-0.099078534736559,,4,True
ENO2,5_minus_4,,,,False,0.17369820235386788,,4,True
ENO3,5_minus_4,,,,False,0.535988085906882,,4,True
ENOPH1,5_minus_4,,,,False,-0.00533514330469842,,4,True
ENPEP,5_minus_4,,,,False,-0.42326205101802594,,4,True
ENPP2,5_minus_4,,,,False,0.08241233833831393,,4,True
ENPP5,5_minus_4,,,,False,0.03851202525842749,,4,True
ENPP6,5_minus_4,,,,False,-0.1034592297470407,,4,True
ENPP7,5_minus_4,,,,False,0.18394781363653684,,4,True
ENSA,5_minus_4,,,,False,-0.17780747638495176,,4,True
ENTPD2,5_minus_4,,,,False,-0.3648412523775987,,4,True
ENTPD5,5_minus_4,,,,False,0.11389945762703957,,4,True
ENTPD6,5_minus_4,,,,False,0.12335535821869215,,4,True
ENTR1,5_minus_4,,,,False,0.12133995085925865,,4,True
EPB41L5,5_minus_4,,,,False,0.33902789434103797,,4,True
EPCAM,5_minus_4,,,,False,0.051409180515288866,,4,True
EPGN,5_minus_4,,,,False,-0.2163361201069599,,4,True
EPHA1,5_minus_4,,,,False,-0.04274950809404314,,4,True
EPHA10,5_minus_4,,,,False,0.0477127771919682,,4,True
EPHA2,5_minus_4,,,,False,-0.0607210889901735,,4,True
EPHA4,5_minus_4,,,,False,-0.18244919976499166,,4,True
EPHB4,5_minus_4,,,,False,-0.1553959488375372,,4,True
EPHB6,5_minus_4,,,,False,-0.0013774015622391722,,4,True
EPN1,5_minus_4,,,,False,0.05331827391963628,,4,True
EPO,5_minus_4,,,,False,-0.0713012696589374,,4,True
EPPK1,5_minus_4,,,,False,0.08072917957790879,,4,True
EPS8L2,5_minus_4,,,,False,0.2261393652700661,,4,True
ERBB2,5_minus_4,,,,False,0.0004874096367354086,,4,True
ERBB3,5_minus_4,,,,False,-0.0897278159696533,,4,True
ERBB4,5_minus_4,,,,False,-0.0032928419911618934,,4,True
ERBIN,5_minus_4,,,,False,-0.6089007361673833,,4,True
ERC2,5_minus_4,,,,False,-0.6027178825043442,,4,True
ERCC1,5_minus_4,,,,False,0.0,,4,True
EREG,5_minus_4,,,,False,0.2510584131981532,,4,True
ERI1,5_minus_4,,,,False,0.8449306094283004,,4,True
ERMAP,5_minus_4,,,,False,-0.11054223475516109,,4,True
ERN1,5_minus_4,,,,False,-0.09884212956970914,,4,True
ERP29,5_minus_4,,,,False,-0.0524866975043036,,4,True
ERP44,5_minus_4,,,,False,0.011427485433213855,,4,True
ERVV-1,5_minus_4,,,,False,-0.07369318211574755,,4,True
ESAM,5_minus_4,,,,False,-0.16897388360872806,,4,True
ESM1,5_minus_4,,,,False,0.44855797088106386,,4,True
ESPL1,5_minus_4,,,,False,0.09412212862003855,,4,True
ESR1,5_minus_4,,,,False,-0.556118843668392,,4,True
ESYT2,5_minus_4,,,,False,-0.12560825912274434,,4,True
EVI2B,5_minus_4,,,,False,0.3926963719842985,,4,True
EVI5,5_minus_4,,,,False,-0.001096709171979099,,4,True
EVPL,5_minus_4,,,,False,1.2765759840058193,,4,True
EXOSC10,5_minus_4,,,,False,0.07416996905068315,,4,True
EXTL1,5_minus_4,,,,False,-0.048755816616405656,,4,True
EZR,5_minus_4,,,,False,-0.051829270149260254,,4,True
F10,5_minus_4,,,,False,0.13110305158228516,,4,True
F11,5_minus_4,,,,False,-0.044387699815378344,,4,True
F11R,5_minus_4,,,,False,-0.0687915734223186,,4,True
F12,5_minus_4,,,,False,0.04876330012489663,,4,True
F13B,5_minus_4,,,,False,0.2081172326731479,,4,True
F2,5_minus_4,,,,False,0.0825890576797163,,4,True
F2R,5_minus_4,,,,False,0.006206189729855153,,4,True
F3,5_minus_4,,,,False,-0.09450204363802975,,4,True
F7,5_minus_4,,,,False,0.18155229196688638,,4,True
F9,5_minus_4,,,,False,0.18207732829221834,,4,True
FABP1,5_minus_4,,,,False,0.6139137499442714,,4,True
FABP2,5_minus_4,,,,False,0.13071150906877405,,4,True
FABP3,5_minus_4,,,,False,0.5601027972260769,,4,True
FABP4,5_minus_4,,,,False,0.10564089024300799,,4,True
FABP5,5_minus_4,,,,False,0.24970121330374395,,4,True
FABP6,5_minus_4,,,,False,-0.3751934244393692,,4,True
FABP9,5_minus_4,,,,False,0.267541591723364,,4,True
FADD,5_minus_4,,,,False,0.04274038255474123,,4,True
FAM13A,5_minus_4,,,,False,-0.22980624276932504,,4,True
FAM171A2,5_minus_4,,,,False,0.08527917362487347,,4,True
FAM171B,5_minus_4,,,,False,0.0012227844086336592,,4,True
FAM172A,5_minus_4,,,,False,-0.18133889417579688,,4,True
FAM20A,5_minus_4,,,,False,0.10644104404506625,,4,True
FAM3B,5_minus_4,,,,False,-0.045084982692522785,,4,True
FAM3C,5_minus_4,,,,False,0.12685784166784944,,4,True
FAM3D,5_minus_4,,,,False,0.33690407202145956,,4,True
FAP,5_minus_4,,,,False,0.17967825105878718,,4,True
FARSA,5_minus_4,,,,False,-0.17683463000584781,,4,True
FAS,5_minus_4,,,,False,-0.1364410112722182,,4,True
FASLG,5_minus_4,,,,False,0.08213205781728228,,4,True
FBLN2,5_minus_4,,,,False,0.1826889263494083,,4,True
FBN2,5_minus_4,,,,False,-0.25431399690567874,,4,True
FBP1,5_minus_4,,,,False,0.8996908222212163,,4,True
FCAMR,5_minus_4,,,,False,-0.24166408886660612,,4,True
FCAR,5_minus_4,,,,False,0.0916277261001737,,4,True
FCER1A,5_minus_4,,,,False,0.04245429088244901,,4,True
FCER2,5_minus_4,,,,False,0.1415838859427876,,4,True
FCGR2A,5_minus_4,,,,False,0.022761747054498432,,4,True
FCGR2B,5_minus_4,,,,False,0.790763666336088,,4,True
FCGR3B,5_minus_4,,,,False,0.007813001110863152,,4,True
FCN1,5_minus_4,,,,False,0.09874188757015592,,4,True
FCN2,5_minus_4,,,,False,-0.1037277065419022,,4,True
FCRL1,5_minus_4,,,,False,-0.13410487016912623,,4,True
FCRL2,5_minus_4,,,,False,0.14461134097034659,,4,True
FCRL3,5_minus_4,,,,False,-0.021450585637886238,,4,True
FCRL5,5_minus_4,,,,False,-0.11580870094124115,,4,True
FCRL6,5_minus_4,,,,False,-0.2477526064292787,,4,True
FCRLB,5_minus_4,,,,False,0.09465643284653097,,4,True
FDX1,5_minus_4,,,,False,-0.31139821582431293,,4,True
FDX2,5_minus_4,,,,False,0.5603833842851714,,4,True
FEN1,5_minus_4,,,,False,-0.18892185782596788,,4,True
FES,5_minus_4,,,,False,-0.10847611601720622,,4,True
FETUB,5_minus_4,,,,False,0.05669404904159352,,4,True
FGA,5_minus_4,,,,False,-0.04378179593170525,,4,True
FGD3,5_minus_4,,,,False,-0.8518600818914234,,4,True
FGF12,5_minus_4,,,,False,-0.1689468027546081,,4,True
FGF16,5_minus_4,,,,False,0.5790257533305865,,4,True
FGF19,5_minus_4,,,,False,-1.2141183858347593,,4,True
FGF2,5_minus_4,,,,False,-0.12950152251436056,,4,True
FGF20,5_minus_4,,,,False,0.05981866557155597,,4,True
FGF21,5_minus_4,,,,False,0.6751804253256032,,4,True
FGF23,5_minus_4,,,,False,-0.3401685175987639,,4,True
FGF5,5_minus_4,,,,False,0.14038635901233798,,4,True
FGF6,5_minus_4,,,,False,-0.05189548252491512,,4,True
FGF7,5_minus_4,,,,False,0.3535749650499954,,4,True
FGF9,5_minus_4,,,,False,0.29241421774108484,,4,True
FGFBP1,5_minus_4,,,,False,0.07046497986323932,,4,True
FGFBP2,5_minus_4,,,,False,0.1955625986663811,,4,True
FGFBP3,5_minus_4,,,,False,0.30736787080435485,,4,True
FGFR2,5_minus_4,,,,False,0.07895451760185161,,4,True
FGFR4,5_minus_4,,,,False,-0.12306775590490208,,4,True
FGL1,5_minus_4,,,,False,0.2442194591932732,,4,True
FGR,5_minus_4,,,,False,0.1299686197586201,,4,True
FH,5_minus_4,,,,False,-0.6954170368032913,,4,True
FHIP2A,5_minus_4,,,,False,0.6244285339375467,,4,True
FHIT,5_minus_4,,,,False,0.48052749050654164,,4,True
FIS1,5_minus_4,,,,False,0.1913006797267721,,4,True
FKBP14,5_minus_4,,,,False,-0.4698457485034102,,4,True
FKBP1B,5_minus_4,,,,False,-0.6435962597195891,,4,True
FKBP4,5_minus_4,,,,False,0.33633455816156455,,4,True
FKBP5,5_minus_4,,,,False,-0.6190213957751907,,4,True
FKBP7,5_minus_4,,,,False,0.632715108110944,,4,True
FKBPL,5_minus_4,,,,False,0.008519801863467735,,4,True
FLRT2,5_minus_4,,,,False,0.027348520338203057,,4,True
FLT1,5_minus_4,,,,False,0.18142102809915875,,4,True
FLT3,5_minus_4,,,,False,0.4882886071436974,,4,True
FLT3LG,5_minus_4,,,,False,-0.0314518606289579,,4,True
FLT4,5_minus_4,,,,False,-0.020267188094066996,,4,True
FMNL1,5_minus_4,,,,False,-0.18623447049166597,,4,True
FMR1,5_minus_4,,,,False,1.7319341508750128,,4,True
FN1,5_minus_4,,,,False,-0.17027881931821415,,4,True
FNDC1,5_minus_4,,,,False,0.21590353603721327,,4,True
FNTA,5_minus_4,,,,False,0.028626463953657783,,4,True
FOLH1,5_minus_4,,,,False,0.4795893158039182,,4,True
FOLR1,5_minus_4,,,,False,-0.19482151963979816,,4,True
FOLR2,5_minus_4,,,,False,0.04068753112630458,,4,True
FOLR3,5_minus_4,,,,False,-0.06213945680742872,,4,True
FOS,5_minus_4,,,,False,0.009925609360594702,,4,True
FOSB,5_minus_4,,,,False,0.6032516796536609,,4,True
FOXJ3,5_minus_4,,,,False,-0.4435264308178821,,4,True
FOXO1,5_minus_4,,,,False,-0.3869584345297374,,4,True
FOXO3,5_minus_4,,,,False,-0.11722316004461988,,4,True
FRMD4B,5_minus_4,,,,False,0.780678815881336,,4,True
FRMD7,5_minus_4,,,,False,0.47514521585978464,,4,True
FRZB,5_minus_4,,,,False,0.5170290542400034,,4,True
FSHB,5_minus_4,,,,False,0.13619809332867067,,4,True
FST,5_minus_4,,,,False,-0.06831051321296744,,4,True
FSTL1,5_minus_4,,,,False,0.054629834195137186,,4,True
FSTL3,5_minus_4,,,,False,0.5481685160403909,,4,True
FTCD,5_minus_4,,,,False,0.018728191561596108,,4,True
FUCA1,5_minus_4,,,,False,0.0006987823441786389,,4,True
FURIN,5_minus_4,,,,False,-0.10021590162448686,,4,True
FUS,5_minus_4,,,,False,0.021986745805069596,,4,True
FUT1,5_minus_4,,,,False,0.2750605849515429,,4,True
FUT3_FUT5,5_minus_4,,,,False,-0.12530118455554773,,4,True
FUT8,5_minus_4,,,,False,0.04008172172807892,,4,True
FXN,5_minus_4,,,,False,-0.04200368030162338,,4,True
FXYD5,5_minus_4,,,,False,-0.2836407722504173,,4,True
FYB1,5_minus_4,,,,False,-0.5344607836864508,,4,True
FZD10,5_minus_4,,,,False,-1.9078217068802852,,4,True
FZD8,5_minus_4,,,,False,-0.4006416254559544,,4,True
GABARAP,5_minus_4,,,,False,-0.3321982841388581,,4,True
GABRA4,5_minus_4,,,,False,0.0029637530652303345,,4,True
GAD1,5_minus_4,,,,False,0.0,,4,True
GAD2,5_minus_4,,,,False,0.2391618293723231,,4,True
GADD45B,5_minus_4,,,,False,0.31008168737119723,,4,True
GADD45GIP1,5_minus_4,,,,False,-0.04216897974346595,,4,True
GAGE2A,5_minus_4,,,,False,0.0,,4,True
GAL,5_minus_4,,,,False,-0.0847126881776823,,4,True
GALNT10,5_minus_4,,,,False,-0.21761497973647426,,4,True
GALNT2,5_minus_4,,,,False,-0.06546799271439994,,4,True
GALNT3,5_minus_4,,,,False,0.3296966581979518,,4,True
GALNT5,5_minus_4,,,,False,-0.016455296494274803,,4,True
GALNT7,5_minus_4,,,,False,-0.33392036209591325,,4,True
GAMT,5_minus_4,,,,False,0.3745597080208689,,4,True
GAPDH,5_minus_4,,,,False,0.1890432550734609,,4,True
GART,5_minus_4,,,,False,0.0539839618061853,,4,True
GAS2,5_minus_4,,,,False,0.2171446265001773,,4,True
GAS6,5_minus_4,,,,False,0.17015005116247361,,4,True
GASK1A,5_minus_4,,,,False,0.3007849156568208,,4,True
GAST,5_minus_4,,,,False,-0.32123661514836344,,4,True
GATA3,5_minus_4,,,,False,0.2478486448019569,,4,True
GATD3,5_minus_4,,,,False,0.06349644099746948,,4,True
GBA,5_minus_4,,,,False,0.27553591601214045,,4,True
GBP1,5_minus_4,,,,False,0.023557812197973066,,4,True
GBP2,5_minus_4,,,,False,1.324369966886601,,4,True
GBP4,5_minus_4,,,,False,-0.17748609529050574,,4,True
GC,5_minus_4,,,,False,0.06427906259436864,,4,True
GCC1,5_minus_4,,,,False,-0.45848992089439033,,4,True
GCG,5_minus_4,,,,False,-0.45580303463094873,,4,True
GCHFR,5_minus_4,,,,False,0.2954324006636905,,4,True
GCLM,5_minus_4,,,,False,0.7048125394210022,,4,True
GCNT1,5_minus_4,,,,False,-0.14232963412260363,,4,True
GDF15,5_minus_4,,,,False,0.11173002562480647,,4,True
GDF2,5_minus_4,,,,False,0.13720922411855763,,4,True
GDNF,5_minus_4,,,,False,0.5012670513335552,,4,True
GET3,5_minus_4,,,,False,0.48261365075428775,,4,True
GFAP,5_minus_4,,,,False,0.11836573738075112,,4,True
GFER,5_minus_4,,,,False,0.05577582589245508,,4,True
GFOD2,5_minus_4,,,,False,0.2509613737348063,,4,True
GFRA1,5_minus_4,,,,False,-0.06733678890787775,,4,True
GFRA2,5_minus_4,,,,False,-0.3753533691466438,,4,True
GFRA3,5_minus_4,,,,False,0.011760943724922049,,4,True
GFRAL,5_minus_4,,,,False,0.2153517115409591,,4,True
GGA1,5_minus_4,,,,False,-0.552267041153736,,4,True
GGACT,5_minus_4,,,,False,0.1680983956045077,,4,True
GGCT,5_minus_4,,,,False,0.19422787740807174,,4,True
GGH,5_minus_4,,,,False,0.14887114816357494,,4,True
GGT1,5_minus_4,,,,False,0.044932191701937296,,4,True
GGT5,5_minus_4,,,,False,0.23723843837096148,,4,True
GH1,5_minus_4,,,,False,0.49946299037961445,,4,True
GH2,5_minus_4,,,,False,0.14816930171395087,,4,True
GHR,5_minus_4,,,,False,0.027494638622964723,,4,True
GHRHR,5_minus_4,,,,False,0.3903608022647953,,4,True
GHRL,5_minus_4,,,,False,0.4988723875596174,,4,True
GID8,5_minus_4,,,,False,0.1630733412754175,,4,True
GIGYF2,5_minus_4,,,,False,-0.25283512012733517,,4,True
GIMAP7,5_minus_4,,,,False,0.13037293851835613,,4,True
GIMAP8,5_minus_4,,,,False,0.0,,4,True
GIPC2,5_minus_4,,,,False,0.2610054615783525,,4,True
GIPC3,5_minus_4,,,,False,-1.2394865623410045,,4,True
GIT1,5_minus_4,,,,False,-0.202286738637259,,4,True
GJA8,5_minus_4,,,,False,0.26551170861185136,,4,True
GKN1,5_minus_4,,,,False,0.3825557667718449,,4,True
GLB1,5_minus_4,,,,False,0.11268581980411477,,4,True
GLI2,5_minus_4,,,,False,0.19740347552540813,,4,True
GLO1,5_minus_4,,,,False,0.5606409921904818,,4,True
GLOD4,5_minus_4,,,,False,0.28960215061235445,,4,True
GLP1R,5_minus_4,,,,False,0.25366921288254135,,4,True
GLRX,5_minus_4,,,,False,0.3584623403033509,,4,True
GLRX5,5_minus_4,,,,False,0.12326013487074139,,4,True
GLT8D2,5_minus_4,,,,False,0.4363839650772582,,4,True
GLYR1,5_minus_4,,,,False,0.324491085745762,,4,True
GM2A,5_minus_4,,,,False,-0.14515629475804506,,4,True
GMFG,5_minus_4,,,,False,-0.1773614643242195,,4,True
GMPR,5_minus_4,,,,False,1.0224220077931754,,4,True
GMPR2,5_minus_4,,,,False,0.3710648808867701,,4,True
GNAS,5_minus_4,,,,False,0.08169069118371663,,4,True
GNE,5_minus_4,,,,False,-0.2347743567805796,,4,True
GNGT1,5_minus_4,,,,False,0.15828906289708655,,4,True
GNLY,5_minus_4,,,,False,0.14334197128579027,,4,True
GNPDA1,5_minus_4,,,,False,0.3212985255416881,,4,True
GNPDA2,5_minus_4,,,,False,0.20134165255325004,,4,True
GOLGA3,5_minus_4,,,,False,-0.26884389954030824,,4,True
GOLM2,5_minus_4,,,,False,0.0804151389330525,,4,True
GOPC,5_minus_4,,,,False,-0.2088583610617954,,4,True
GORASP2,5_minus_4,,,,False,-0.14950815937583004,,4,True
GOT1,5_minus_4,,,,False,-0.046985455567232964,,4,True
GP1BA,5_minus_4,,,,False,-0.154448357380606,,4,True
GP1BB,5_minus_4,,,,False,-0.6490635310699762,,4,True
GP2,5_minus_4,,,,False,-0.00010233093343769983,,4,True
GP5,5_minus_4,,,,False,-0.03221103015573058,,4,True
GP6,5_minus_4,,,,False,-0.27653325150251096,,4,True
GPA33,5_minus_4,,,,False,0.11128222595589765,,4,True
GPC1,5_minus_4,,,,False,-0.08107101407364409,,4,True
GPC5,5_minus_4,,,,False,0.007628143702878745,,4,True
GPD1,5_minus_4,,,,False,-0.6560260315521969,,4,True
GPHA2,5_minus_4,,,,False,0.190011498066313,,4,True
GPI,5_minus_4,,,,False,-0.001869210959910772,,4,True
GPIHBP1,5_minus_4,,,,False,-0.46098650519828405,,4,True
GPKOW,5_minus_4,,,,False,0.0706851220403726,,4,True
GPNMB,5_minus_4,,,,False,-0.10029738159091939,,4,True
GPR101,5_minus_4,,,,False,-0.09670557959145096,,4,True
GPR158,5_minus_4,,,,False,-0.03738299670382815,,4,True
GPR15L,5_minus_4,,,,False,0.5172759451348071,,4,True
GPR37,5_minus_4,,,,False,0.01684834020659165,,4,True
GPRC5C,5_minus_4,,,,False,-0.127280987202458,,4,True
GRAP2,5_minus_4,,,,False,-0.7789783309870479,,4,True
GRHPR,5_minus_4,,,,False,0.24870505328286804,,4,True
GRIK2,5_minus_4,,,,False,0.1706109819582386,,4,True
GRIN2B,5_minus_4,,,,False,-0.5432258818037166,,4,True
GRK5,5_minus_4,,,,False,0.1975467933697465,,4,True
GRN,5_minus_4,,,,False,-0.07047986709749668,,4,True
GRP,5_minus_4,,,,False,0.16479335718555477,,4,True
GRPEL1,5_minus_4,,,,False,0.007609342977697914,,4,True
GRSF1,5_minus_4,,,,False,0.34578578849899905,,4,True
GSAP,5_minus_4,,,,False,-0.544041298533582,,4,True
GSN,5_minus_4,,,,False,-0.0768220791733282,,4,True
GSR,5_minus_4,,,,False,0.0404681411266177,,4,True
GSTA1,5_minus_4,,,,False,-0.07568129118352934,,4,True
GSTA3,5_minus_4,,,,False,-0.0601708374464586,,4,True
GSTM4,5_minus_4,,,,False,0.8805252685966222,,4,True
GSTP1,5_minus_4,,,,False,-0.13354044714551244,,4,True
GSTT2B,5_minus_4,,,,False,-0.11239668899387434,,4,True
GTF2IRD1,5_minus_4,,,,False,0.18088169574542778,,4,True
GTPBP2,5_minus_4,,,,False,-1.133778789820764,,4,True
GUCA2A,5_minus_4,,,,False,0.1729497262024079,,4,True
GUCY2C,5_minus_4,,,,False,0.3259059832160025,,4,True
GUK1,5_minus_4,,,,False,0.06486380195167801,,4,True
GUSB,5_minus_4,,,,False,-0.054170348075676944,,4,True
GYS1,5_minus_4,,,,False,-0.5653011335145335,,4,True
GZMA,5_minus_4,,,,False,-0.11779931484948447,,4,True
GZMB,5_minus_4,,,,False,0.051758628277742746,,4,True
GZMH,5_minus_4,,,,False,0.16225796489505478,,4,True
H2AP,5_minus_4,,,,False,0.0,,4,True
HADH,5_minus_4,,,,False,0.34517500025564557,,4,True
HAGH,5_minus_4,,,,False,0.6228732196382486,,4,True
HAO1,5_minus_4,,,,False,-0.36619712191704373,,4,True
HARS1,5_minus_4,,,,False,-0.18590733329059672,,4,True
HAVCR1,5_minus_4,,,,False,-0.006920851361828156,,4,True
HAVCR2,5_minus_4,,,,False,0.037555011826804735,,4,True
HBEGF,5_minus_4,,,,False,0.21356438176760795,,4,True
HBQ1,5_minus_4,,,,False,0.49410902027537723,,4,True
HBZ,5_minus_4,,,,False,0.41793972352699604,,4,True
HCG22,5_minus_4,,,,False,2.203459541640623,,4,True
HCLS1,5_minus_4,,,,False,0.05186612958416026,,4,True
HDAC8,5_minus_4,,,,False,0.16555655957657783,,4,True
HDAC9,5_minus_4,,,,False,0.2926784923543843,,4,True
HDDC2,5_minus_4,,,,False,0.23357390779386406,,4,True
HDGF,5_minus_4,,,,False,-0.2537193925474522,,4,True
HDGFL2,5_minus_4,,,,False,-0.08558877616237912,,4,True
HEG1,5_minus_4,,,,False,-0.12298233258987089,,4,True
HEPACAM2,5_minus_4,,,,False,0.02775460530315718,,4,True
HEPH,5_minus_4,,,,False,0.11862928852979972,,4,True
HEXIM1,5_minus_4,,,,False,-0.08821980703839166,,4,True
HGFAC,5_minus_4,,,,False,0.022765447094650774,,4,True
HGS,5_minus_4,,,,False,-0.25354763539920094,,4,True
HHEX,5_minus_4,,,,False,-0.35046755575310395,,4,True
HIF1A,5_minus_4,,,,False,-0.5449765485871394,,4,True
HIP1,5_minus_4,,,,False,-0.1915921890847439,,4,True
HIP1R,5_minus_4,,,,False,0.21556936825306777,,4,True
HJV,5_minus_4,,,,False,0.003786918962241162,,4,True
HK2,5_minus_4,,,,False,0.22547556566687738,,4,True
HLA-A,5_minus_4,,,,False,0.5399267989493046,,4,True
HLA-DRA,5_minus_4,,,,False,-0.12339005584285612,,4,True
HLA-E,5_minus_4,,,,False,-0.19802358957099303,,4,True
HMBS,5_minus_4,,,,False,0.22871224184556235,,4,True
HMCN2,5_minus_4,,,,False,0.19385417424282836,,4,True
HMGCL,5_minus_4,,,,False,0.03779220196689015,,4,True
HMGCS1,5_minus_4,,,,False,0.7019444461157998,,4,True
HMMR,5_minus_4,,,,False,0.0,,4,True
HMOX1,5_minus_4,,,,False,-0.026779913649242093,,4,True
HMOX2,5_minus_4,,,,False,0.028005072818357193,,4,True
HNF1A,5_minus_4,,,,False,-0.2008692386858788,,4,True
HNMT,5_minus_4,,,,False,0.21510055277915982,,4,True
HNRNPK,5_minus_4,,,,False,0.431595115988736,,4,True
HNRNPUL1,5_minus_4,,,,False,0.019712568427058846,,4,True
HPCAL1,5_minus_4,,,,False,-0.41669531400159465,,4,True
HPGDS,5_minus_4,,,,False,0.20128952486718044,,4,True
HPSE,5_minus_4,,,,False,-0.12294256604730519,,4,True
HRAS,5_minus_4,,,,False,-0.26417125829710203,,4,True
HRC,5_minus_4,,,,False,0.06959180516786305,,4,True
HRG,5_minus_4,,,,False,0.16670693867488443,,4,True
HS1BP3,5_minus_4,,,,False,-0.3551589509250771,,4,True
HS3ST3B1,5_minus_4,,,,False,0.17404900211988916,,4,True
HS6ST1,5_minus_4,,,,False,-0.13510727056206268,,4,True
HS6ST2,5_minus_4,,,,False,-0.20346610848154073,,4,True
HSBP1,5_minus_4,,,,False,-0.18796775700670826,,4,True
HSD11B1,5_minus_4,,,,False,0.2466960035022161,,4,True
HSD17B14,5_minus_4,,,,False,0.40309175390657875,,4,True
HSD17B3,5_minus_4,,,,False,1.154340493676487,,4,True
HSDL2,5_minus_4,,,,False,-0.25151334439062295,,4,True
HSP90B1,5_minus_4,,,,False,0.4240183854915935,,4,True
HSPA1A,5_minus_4,,,,False,-0.08464963892291369,,4,True
HSPA2,5_minus_4,,,,False,0.17195493050015392,,4,True
HSPB1,5_minus_4,,,,False,-0.31242499994222944,,4,True
HSPB6,5_minus_4,,,,False,0.38414707040062446,,4,True
HSPG2,5_minus_4,,,,False,0.11371224413213064,,4,True
HTR1A,5_minus_4,,,,False,0.5178191190587726,,4,True
HTRA2,5_minus_4,,,,False,-0.008447927256098942,,4,True
HYAL1,5_minus_4,,,,False,-0.235825382109973,,4,True
HYOU1,5_minus_4,,,,False,0.039509916507725645,,4,True
ICA1,5_minus_4,,,,False,-0.18547426104038664,,4,True
ICAM1,5_minus_4,,,,False,0.02402655968373131,,4,True
ICAM2,5_minus_4,,,,False,-0.12610346025409241,,4,True
ICAM3,5_minus_4,,,,False,0.0825454716858986,,4,True
ICAM4,5_minus_4,,,,False,0.03306632737118925,,4,True
ICAM5,5_minus_4,,,,False,-0.11755834712684382,,4,True
ICOSLG,5_minus_4,,,,False,-0.16149380550525105,,4,True
ID4,5_minus_4,,,,False,-0.28329487546913523,,4,True
IDI2,5_minus_4,,,,False,0.15420476849367443,,4,True
IDO1,5_minus_4,,,,False,-0.11831682824793435,,4,True
IDUA,5_minus_4,,,,False,-0.15311520486994867,,4,True
IFI30,5_minus_4,,,,False,0.09411603846223388,,4,True
IFIT3,5_minus_4,,,,False,-0.018700060311833744,,4,True
IFNAR1,5_minus_4,,,,False,0.159793999228072,,4,True
IFNG,5_minus_4,,,,False,0.21806614583017886,,4,True
IFNGR1,5_minus_4,,,,False,0.11260154614747521,,4,True
IFNGR2,5_minus_4,,,,False,0.03998201295648199,,4,True
IFNL1,5_minus_4,,,,False,-0.029817132034509725,,4,True
IFNL2,5_minus_4,,,,False,-0.16460763987255467,,4,True
IFNLR1,5_minus_4,,,,False,0.2504552375351716,,4,True
IFNW1,5_minus_4,,,,False,0.06078883945900691,,4,True
IFT20,5_minus_4,,,,False,0.08989980268207384,,4,True
IGBP1,5_minus_4,,,,False,0.33874319489211946,,4,True
IGDCC3,5_minus_4,,,,False,0.4885163440012565,,4,True
IGDCC4,5_minus_4,,,,False,0.047484517555837685,,4,True
IGF1R,5_minus_4,,,,False,-0.11463250509379451,,4,True
IGF2BP3,5_minus_4,,,,False,-0.3216681071300891,,4,True
IGF2R,5_minus_4,,,,False,-0.01206649119191533,,4,True
IGFBP1,5_minus_4,,,,False,0.19168228289477374,,4,True
IGFBP2,5_minus_4,,,,False,0.10383327772455025,,4,True
IGFBP3,5_minus_4,,,,False,-0.04973504852476826,,4,True
IGFBP4,5_minus_4,,,,False,-0.09613832029704605,,4,True
IGFBP6,5_minus_4,,,,False,0.022402004389153518,,4,True
IGFBP7,5_minus_4,,,,False,0.005089698397792539,,4,True
IGFBPL1,5_minus_4,,,,False,0.11993850149054278,,4,True
IGFL4,5_minus_4,,,,False,-0.14851022722791912,,4,True
IGHMBP2,5_minus_4,,,,False,-0.7311978228998912,,4,True
IGLC2,5_minus_4,,,,False,0.07358028012616954,,4,True
IGLON5,5_minus_4,,,,False,0.0,,4,True
IGSF21,5_minus_4,,,,False,-0.10435397087368928,,4,True
IGSF3,5_minus_4,,,,False,-0.06144714983395483,,4,True
IGSF9,5_minus_4,,,,False,0.2418961826938904,,4,True
IKBKG,5_minus_4,,,,False,-0.2131161949607121,,4,True
IKZF2,5_minus_4,,,,False,0.2373196450092985,,4,True
IL10,5_minus_4,,,,False,0.2843454137970891,,4,True
IL10RA,5_minus_4,,,,False,0.15912779021085888,,4,True
IL10RB,5_minus_4,,,,False,-0.03909649585475747,,4,True
IL11,5_minus_4,,,,False,0.4228887442696706,,4,True
IL12A_IL12B,5_minus_4,,,,False,0.056549748549006254,,4,True
IL12B,5_minus_4,,,,False,0.06709789294479435,,4,True
IL12RB1,5_minus_4,,,,False,0.02082916549374174,,4,True
IL12RB2,5_minus_4,,,,False,-0.4875427351095486,,4,True
IL13,5_minus_4,,,,False,0.1969805365088968,,4,True
IL13RA1,5_minus_4,,,,False,0.06691756357681194,,4,True
IL13RA2,5_minus_4,,,,False,0.6401961290081858,,4,True
IL15,5_minus_4,,,,False,0.0866103459744298,,4,True
IL15RA,5_minus_4,,,,False,0.2479865933413275,,4,True
IL16,5_minus_4,,,,False,0.009714720605734802,,4,True
IL17A,5_minus_4,,,,False,0.7124680296883363,,4,True
IL17C,5_minus_4,,,,False,0.26551875916989276,,4,True
IL17D,5_minus_4,,,,False,0.41925750927327055,,4,True
IL17F,5_minus_4,,,,False,0.6442364693801943,,4,True
IL17RA,5_minus_4,,,,False,0.06348651731370558,,4,True
IL17RB,5_minus_4,,,,False,-0.09285577874292587,,4,True
IL18,5_minus_4,,,,False,-0.04323982405927472,,4,True
IL18BP,5_minus_4,,,,False,-0.02826003856135475,,4,True
IL18R1,5_minus_4,,,,False,-0.07317838701977145,,4,True
IL18RAP,5_minus_4,,,,False,0.4444091057077209,,4,True
IL19,5_minus_4,,,,False,0.13019093939276338,,4,True
IL1A,5_minus_4,,,,False,0.37150739806429767,,4,True
IL1B,5_minus_4,,,,False,0.7074308069443092,,4,True
IL1R1,5_minus_4,,,,False,0.07084768442865567,,4,True
IL1R2,5_minus_4,,,,False,0.11887164131285016,,4,True
IL1RAP,5_minus_4,,,,False,-0.0003260671200059073,,4,True
IL1RL1,5_minus_4,,,,False,1.0592896186128826,,4,True
IL1RL2,5_minus_4,,,,False,0.11037839340543394,,4,True
IL1RN,5_minus_4,,,,False,0.1762446197731886,,4,True
IL2,5_minus_4,,,,False,0.2209053621225287,,4,True
IL20,5_minus_4,,,,False,0.14751417929520158,,4,True
IL20RA,5_minus_4,,,,False,0.004005267797102009,,4,True
IL20RB,5_minus_4,,,,False,0.17887328810828151,,4,True
IL21R,5_minus_4,,,,False,-0.1678283816680016,,4,True
IL22,5_minus_4,,,,False,0.6632739275493645,,4,True
IL22RA1,5_minus_4,,,,False,0.15386930664121068,,4,True
IL24,5_minus_4,,,,False,-0.2770365591301735,,4,True
IL25,5_minus_4,,,,False,0.0,,4,True
IL2RA,5_minus_4,,,,False,0.004392009168458097,,4,True
IL2RB,5_minus_4,,,,False,-0.09390946221210614,,4,True
IL2RG,5_minus_4,,,,False,-0.07925208291005414,,4,True
IL3,5_minus_4,,,,False,2.9615946626937437,,4,True
IL31,5_minus_4,,,,False,-0.32446261942973986,,4,True
IL31RA,5_minus_4,,,,False,0.22547322638570516,,4,True
IL32,5_minus_4,,,,False,-0.004767565708020949,,4,True
IL33,5_minus_4,,,,False,0.2579912500166536,,4,True
IL34,5_minus_4,,,,False,0.33916872868024717,,4,True
IL36A,5_minus_4,,,,False,0.6222846091912273,,4,True
IL36G,5_minus_4,,,,False,-0.06568419516564561,,4,True
IL3RA,5_minus_4,,,,False,0.0429797890984273,,4,True
IL4,5_minus_4,,,,False,-0.3168437525999498,,4,True
IL4R,5_minus_4,,,,False,-0.19578437928241776,,4,True
IL5,5_minus_4,,,,False,-1.853337290965492,,4,True
IL5RA,5_minus_4,,,,False,0.1342658639186092,,4,True
IL6,5_minus_4,,,,False,0.34373130349548947,,4,True
IL6R,5_minus_4,,,,False,-0.029841874924831396,,4,True
IL6ST,5_minus_4,,,,False,0.03456153739982115,,4,True
IL7,5_minus_4,,,,False,-0.42893724939734745,,4,True
IL7R,5_minus_4,,,,False,-0.25465954078901226,,4,True
IL9,5_minus_4,,,,False,0.9891005102909747,,4,True
ILKAP,5_minus_4,,,,False,-0.5783479432347947,,4,True
IMMT,5_minus_4,,,,False,-0.13845169220505482,,4,True
IMPA1,5_minus_4,,,,False,-0.08044290684720076,,4,True
IMPACT,5_minus_4,,,,False,0.10015137522177231,,4,True
IMPG1,5_minus_4,,,,False,0.5084989464614507,,4,True
ING1,5_minus_4,,,,False,0.32922207503907364,,4,True
INHBB,5_minus_4,,,,False,0.17430017449220392,,4,True
INHBC,5_minus_4,,,,False,0.0683601627339108,,4,True
INPP1,5_minus_4,,,,False,0.31542390142349847,,4,True
INPP5D,5_minus_4,,,,False,-0.04800788064449649,,4,True
INPP5J,5_minus_4,,,,False,0.9017004537330984,,4,True
INPPL1,5_minus_4,,,,False,-0.6566464197265107,,4,True
INSL3,5_minus_4,,,,False,0.1132754591397393,,4,True
INSL4,5_minus_4,,,,False,0.02910396277968272,,4,True
INSL5,5_minus_4,,,,False,0.5873449899028458,,4,True
INSR,5_minus_4,,,,False,0.10595891760178454,,4,True
IPCEF1,5_minus_4,,,,False,-0.1788920497956488,,4,True
IQGAP2,5_minus_4,,,,False,-0.3183367702698944,,4,True
IRAG2,5_minus_4,,,,False,-0.527647203046858,,4,True
IRAK1,5_minus_4,,,,False,0.22214051748832098,,4,True
IRAK4,5_minus_4,,,,False,-0.04235776392353585,,4,True
ISLR2,5_minus_4,,,,False,0.1848892071456783,,4,True
ISM1,5_minus_4,,,,False,0.11686615242820944,,4,True
ISM2,5_minus_4,,,,False,0.23212278881138462,,4,True
IST1,5_minus_4,,,,False,0.12440417719990321,,4,True
ITGA11,5_minus_4,,,,False,-0.03836618157728327,,4,True
ITGA2,5_minus_4,,,,False,0.21210331269199173,,4,True
ITGA5,5_minus_4,,,,False,-0.025513249364866097,,4,True
ITGA6,5_minus_4,,,,False,-0.12930774210124205,,4,True
ITGAL,5_minus_4,,,,False,0.20204028171944222,,4,True
ITGAM,5_minus_4,,,,False,-0.066105972407207,,4,True
ITGAV,5_minus_4,,,,False,0.015573487457437085,,4,True
ITGAX,5_minus_4,,,,False,3.3897537458879894,,4,True
ITGB1,5_minus_4,,,,False,0.08925455450920662,,4,True
ITGB1BP1,5_minus_4,,,,False,-0.5445292159354089,,4,True
ITGB1BP2,5_minus_4,,,,False,-1.0349531465040744,,4,True
ITGB2,5_minus_4,,,,False,0.00907499557065336,,4,True
ITGB5,5_minus_4,,,,False,0.010547934521398197,,4,True
ITGB6,5_minus_4,,,,False,0.14841231192721374,,4,True
ITGB7,5_minus_4,,,,False,-0.11592886673612102,,4,True
ITGBL1,5_minus_4,,,,False,0.2567969659208235,,4,True
ITIH1,5_minus_4,,,,False,-0.03611083455963843,,4,True
ITIH3,5_minus_4,,,,False,0.4144052845083707,,4,True
ITIH4,5_minus_4,,,,False,0.0386284533530087,,4,True
ITIH5,5_minus_4,,,,False,0.209316434881795,,4,True
ITM2A,5_minus_4,,,,False,-0.11761681852387106,,4,True
ITPA,5_minus_4,,,,False,0.2057282399489505,,4,True
ITPR1,5_minus_4,,,,False,-0.14956975751519394,,4,True
ITPRIP,5_minus_4,,,,False,-0.09620598555936209,,4,True
IVD,5_minus_4,,,,False,-0.30541143849967034,,4,True
IZUMO1,5_minus_4,,,,False,0.020614892429295706,,4,True
JAM2,5_minus_4,,,,False,-0.017304413437139357,,4,True
JAM3,5_minus_4,,,,False,-0.10459654471110251,,4,True
JCHAIN,5_minus_4,,,,False,0.12738725259836545,,4,True
JMJD1C,5_minus_4,,,,False,0.0,,4,True
JPT2,5_minus_4,,,,False,-0.335951979388445,,4,True
JUN,5_minus_4,,,,False,0.2832375651620614,,4,True
KAZALD1,5_minus_4,,,,False,0.01602440320031981,,4,True
KAZN,5_minus_4,,,,False,-0.8662486044581719,,4,True
KCNC4,5_minus_4,,,,False,0.06705866860217563,,4,True
KCNIP4,5_minus_4,,,,False,0.713893909591365,,4,True
KCTD5,5_minus_4,,,,False,0.0551807376173051,,4,True
KDM3A,5_minus_4,,,,False,-0.0006469627325038918,,4,True
KDR,5_minus_4,,,,False,-0.13611304494358772,,4,True
KEL,5_minus_4,,,,False,-0.044982322463893276,,4,True
KHDC3L,5_minus_4,,,,False,0.0,,4,True
KHK,5_minus_4,,,,False,-0.5902039808307382,,4,True
KIAA0319,5_minus_4,,,,False,-0.04995116496454521,,4,True
KIAA1549,5_minus_4,,,,False,1.9265275608372987,,4,True
KIAA1549L,5_minus_4,,,,False,0.14067043083372677,,4,True
KIAA2013,5_minus_4,,,,False,0.9209697831073126,,4,True
KIF1C,5_minus_4,,,,False,0.15715272746463577,,4,True
KIF20B,5_minus_4,,,,False,0.3986043650602,,4,True
KIF22,5_minus_4,,,,False,-0.2118314159466539,,4,True
KIR2DL2,5_minus_4,,,,False,-0.22081037039020202,,4,True
KIR2DL3,5_minus_4,,,,False,-0.0018637908736651235,,4,True
KIR2DS4,5_minus_4,,,,False,-0.2667611561716534,,4,True
KIR3DL1,5_minus_4,,,,False,-0.08411821345292603,,4,True
KIR3DL2,5_minus_4,,,,False,0.0,,4,True
KIRREL1,5_minus_4,,,,False,0.20720945653020623,,4,True
KIRREL2,5_minus_4,,,,False,0.012000736785538008,,4,True
KIT,5_minus_4,,,,False,0.026703132830110707,,4,True
KITLG,5_minus_4,,,,False,-0.1487757161590003,,4,True
KLB,5_minus_4,,,,False,-0.5189233166023891,,4,True
KLF4,5_minus_4,,,,False,-0.0729730042580907,,4,True
KLHL41,5_minus_4,,,,False,0.03698234851411661,,4,True
KLK1,5_minus_4,,,,False,-0.07941384338546342,,4,True
KLK10,5_minus_4,,,,False,0.18295343406152464,,4,True
KLK11,5_minus_4,,,,False,-0.07301937425582392,,4,True
KLK12,5_minus_4,,,,False,0.2963452835471444,,4,True
KLK13,5_minus_4,,,,False,-0.17921325861671314,,4,True
KLK14,5_minus_4,,,,False,0.029019338315612292,,4,True
KLK15,5_minus_4,,,,False,-0.08244743102311375,,4,True
KLK3,5_minus_4,,,,False,0.30362908114654374,,4,True
KLK4,5_minus_4,,,,False,0.012056685722285881,,4,True
KLK6,5_minus_4,,,,False,0.371932966230289,,4,True
KLK7,5_minus_4,,,,False,0.3221509136241306,,4,True
KLK8,5_minus_4,,,,False,-0.18507764667483037,,4,True
KLKB1,5_minus_4,,,,False,0.024965457391703194,,4,True
KLRB1,5_minus_4,,,,False,-0.1687381747416553,,4,True
KLRC1,5_minus_4,,,,False,0.26212908479989355,,4,True
KLRD1,5_minus_4,,,,False,-0.09132154299002235,,4,True
KLRF1,5_minus_4,,,,False,-0.24139113748665175,,4,True
KLRK1,5_minus_4,,,,False,-0.02191066723187829,,4,True
KRT14,5_minus_4,,,,False,-0.001907958790450602,,4,True
KRT18,5_minus_4,,,,False,0.4057615887399204,,4,True
KRT19,5_minus_4,,,,False,0.5980739006661164,,4,True
KRT5,5_minus_4,,,,False,0.9801873345788903,,4,True
KRT6C,5_minus_4,,,,False,-0.16579553793331936,,4,True
KRT8,5_minus_4,,,,False,0.6144461136615493,,4,True
KYAT1,5_minus_4,,,,False,0.31610781946909383,,4,True
KYNU,5_minus_4,,,,False,0.09011279895757755,,4,True
L1CAM,5_minus_4,,,,False,0.06633427012253357,,4,True
L3HYPDH,5_minus_4,,,,False,-0.3091111025785748,,4,True
LACRT,5_minus_4,,,,False,0.3374835638689957,,4,True
LACTB2,5_minus_4,,,,False,-0.022044239662961318,,4,True
LAG3,5_minus_4,,,,False,-0.26775603600175885,,4,True
LAIR1,5_minus_4,,,,False,0.03267897277024589,,4,True
LAIR2,5_minus_4,,,,False,0.3553085873673786,,4,True
LAMA1,5_minus_4,,,,False,0.054239865751931265,,4,True
LAMA4,5_minus_4,,,,False,0.07870235811858911,,4,True
LAMB1,5_minus_4,,,,False,-0.026378661499296952,,4,True
LAMP1,5_minus_4,,,,False,0.19063744413738623,,4,True
LAMP2,5_minus_4,,,,False,-0.06579819042293719,,4,True
LAMP3,5_minus_4,,,,False,-0.11789256978052143,,4,True
LAMTOR5,5_minus_4,,,,False,-0.6587885947652531,,4,True
LAP3,5_minus_4,,,,False,0.19006465542058765,,4,True
LARP1,5_minus_4,,,,False,-0.19413958491305228,,4,True
LAT,5_minus_4,,,,False,-0.060377522241366666,,4,True
LAT2,5_minus_4,,,,False,-0.38425113737984584,,4,True
LATS1,5_minus_4,,,,False,-1.113448982780803,,4,True
LAYN,5_minus_4,,,,False,0.31125733036335546,,4,True
LBP,5_minus_4,,,,False,0.24566570622122058,,4,True
LBR,5_minus_4,,,,False,-0.09267736329096979,,4,True
LCAT,5_minus_4,,,,False,0.026014284391068163,,4,True
LCN15,5_minus_4,,,,False,0.7128502781471978,,4,True
LCN2,5_minus_4,,,,False,0.09545268978845516,,4,True
LCP1,5_minus_4,,,,False,0.08772815507625475,,4,True
LDLR,5_minus_4,,,,False,-0.1686837133642806,,4,True
LDLRAP1,5_minus_4,,,,False,-0.8853194443532484,,4,True
LECT2,5_minus_4,,,,False,-0.06890965367669268,,4,True
LEFTY2,5_minus_4,,,,False,-0.07683387935143474,,4,True
LEG1,5_minus_4,,,,False,0.05516339161517797,,4,True
LEO1,5_minus_4,,,,False,-0.05729457286882697,,4,True
LEP,5_minus_4,,,,False,0.45840506129632963,,4,True
LEPR,5_minus_4,,,,False,-0.23578828406466198,,4,True
LETM1,5_minus_4,,,,False,0.32470661739150336,,4,True
LGALS1,5_minus_4,,,,False,0.2022377289131222,,4,True
LGALS3,5_minus_4,,,,False,0.18989530406174088,,4,True
LGALS3BP,5_minus_4,,,,False,0.1478237173093658,,4,True
LGALS4,5_minus_4,,,,False,0.10689784205372976,,4,True
LGALS7_LGALS7B,5_minus_4,,,,False,0.16291605061765735,,4,True
LGALS8,5_minus_4,,,,False,-0.14467362974704748,,4,True
LGALS9,5_minus_4,,,,False,0.1402654403047099,,4,True
LGMN,5_minus_4,,,,False,-0.14922250902428003,,4,True
LHB,5_minus_4,,,,False,0.010189764222872495,,4,True
LHPP,5_minus_4,,,,False,0.16044135657003034,,4,True
LIF,5_minus_4,,,,False,0.6601023166296657,,4,True
LIFR,5_minus_4,,,,False,0.04943621083479818,,4,True
LILRA2,5_minus_4,,,,False,0.032211805727100945,,4,True
LILRA3,5_minus_4,,,,False,0.2898800900739407,,4,True
LILRA4,5_minus_4,,,,False,0.4299710353826115,,4,True
LILRA5,5_minus_4,,,,False,-0.0742025078239217,,4,True
LILRA6,5_minus_4,,,,False,0.049403540022954384,,4,True
LILRB1,5_minus_4,,,,False,-0.09778213665921394,,4,True
LILRB2,5_minus_4,,,,False,0.0744876889768768,,4,True
LILRB4,5_minus_4,,,,False,0.2140856435443312,,4,True
LILRB5,5_minus_4,,,,False,-0.029732471804515243,,4,True
LIPF,5_minus_4,,,,False,0.38378413030576564,,4,True
LMNB1,5_minus_4,,,,False,-0.4118143981028287,,4,True
LMNB2,5_minus_4,,,,False,0.2768840265675389,,4,True
LMOD1,5_minus_4,,,,False,0.642093782060206,,4,True
LMOD2,5_minus_4,,,,False,-0.1808606107396335,,4,True
LONP1,5_minus_4,,,,False,-0.6722763611640312,,4,True
LPA,5_minus_4,,,,False,-0.21022525170591788,,4,True
LPCAT2,5_minus_4,,,,False,-0.041453066269673544,,4,True
LPL,5_minus_4,,,,False,0.33854553078718724,,4,True
LPO,5_minus_4,,,,False,0.20579455107764444,,4,True
LPP,5_minus_4,,,,False,-0.11497432236915733,,4,True
LRCH4,5_minus_4,,,,False,0.15833249586667342,,4,True
LRFN2,5_minus_4,,,,False,-0.19695954988128492,,4,True
LRG1,5_minus_4,,,,False,0.02658588817682231,,4,True
LRIG1,5_minus_4,,,,False,-0.11185875172690021,,4,True
LRIG3,5_minus_4,,,,False,0.20931918622058932,,4,True
LRP1,5_minus_4,,,,False,8.610600589264994e-05,,4,True
LRP11,5_minus_4,,,,False,-0.3100159055096336,,4,True
LRP2,5_minus_4,,,,False,0.44696907497430227,,4,True
LRP2BP,5_minus_4,,,,False,-0.293594361598414,,4,True
LRPAP1,5_minus_4,,,,False,-0.04520127993731708,,4,True
LRRC25,5_minus_4,,,,False,-0.3051100104434507,,4,True
LRRC37A2,5_minus_4,,,,False,0.09252674395719597,,4,True
LRRC38,5_minus_4,,,,False,-0.5266840197732852,,4,True
LRRFIP1,5_minus_4,,,,False,0.0156491776034436,,4,True
LRRN1,5_minus_4,,,,False,0.19612257237736114,,4,True
LRTM1,5_minus_4,,,,False,-0.632047992506777,,4,True
LRTM2,5_minus_4,,,,False,0.17698945896666257,,4,True
LSM1,5_minus_4,,,,False,0.4881100594607172,,4,True
LSM8,5_minus_4,,,,False,-0.31815729841542956,,4,True
LSP1,5_minus_4,,,,False,-0.17950913109611513,,4,True
LTA4H,5_minus_4,,,,False,-0.21128361340412377,,4,True
LTB,5_minus_4,,,,False,-0.9267475141479559,,4,True
LTBP2,5_minus_4,,,,False,-0.029069226742352614,,4,True
LTBP3,5_minus_4,,,,False,-0.14783092228539446,,4,True
LTBR,5_minus_4,,,,False,-0.0896225384829874,,4,True
LTO1,5_minus_4,,,,False,0.758676493097076,,4,True
LUZP2,5_minus_4,,,,False,0.3069522750029485,,4,True
LXN,5_minus_4,,,,False,0.44626538654180414,,4,True
LY6D,5_minus_4,,,,False,0.31354274131061355,,4,True
LY75,5_minus_4,,,,False,-0.011331752514910226,,4,True
LY9,5_minus_4,,,,False,0.0022507689408034492,,4,True
LY96,5_minus_4,,,,False,0.10639069078843019,,4,True
LYAR,5_minus_4,,,,False,0.37272436257267233,,4,True
LYN,5_minus_4,,,,False,-0.6442879753060285,,4,True
LYPD1,5_minus_4,,,,False,0.10635352428664632,,4,True
LYPD3,5_minus_4,,,,False,0.018341816875059563,,4,True
LYPD8,5_minus_4,,,,False,0.055927980330818694,,4,True
LYPLA2,5_minus_4,,,,False,0.046985543776135966,,4,True
LYSMD3,5_minus_4,,,,False,0.02076060320102477,,4,True
LYVE1,5_minus_4,,,,False,-0.003294985682468457,,4,True
LYZL2,5_minus_4,,,,False,0.0,,4,True
LZTFL1,5_minus_4,,,,False,0.11896632442834351,,4,True
M6PR,5_minus_4,,,,False,0.18117148344383965,,4,True
MAD1L1,5_minus_4,,,,False,0.24949242722531992,,4,True
MAEA,5_minus_4,,,,False,-0.33330731851438256,,4,True
MAG,5_minus_4,,,,False,-0.0795079779386118,,4,True
MAGED1,5_minus_4,,,,False,-0.5400727054976431,,4,True
MAMDC2,5_minus_4,,,,False,0.12193739579687249,,4,True
MAMDC4,5_minus_4,,,,False,0.032517125070792074,,4,True
MAN1A2,5_minus_4,,,,False,-0.21090581111347312,,4,True
MAN2B2,5_minus_4,,,,False,0.09401461014752077,,4,True
MANEAL,5_minus_4,,,,False,0.36618482135691705,,4,True
MANF,5_minus_4,,,,False,-0.7357517288589596,,4,True
MANSC1,5_minus_4,,,,False,-0.1516846727159131,,4,True
MANSC4,5_minus_4,,,,False,0.8398402997244319,,4,True
MAP1LC3A,5_minus_4,,,,False,0.09076546450277839,,4,True
MAP1LC3B2,5_minus_4,,,,False,0.034480753276909,,4,True
MAP2,5_minus_4,,,,False,0.13925578085347917,,4,True
MAP2K1,5_minus_4,,,,False,0.11994520625278496,,4,True
MAP2K6,5_minus_4,,,,False,-0.290670355173393,,4,True
MAP3K5,5_minus_4,,,,False,-1.055480581715976,,4,True
MAP4K5,5_minus_4,,,,False,-0.38158499941606894,,4,True
MAPK13,5_minus_4,,,,False,2.5003186589122843,,4,True
MAPK9,5_minus_4,,,,False,-0.12554392675448067,,4,True
MAPKAPK2,5_minus_4,,,,False,-0.8858141784488278,,4,True
MAPRE3,5_minus_4,,,,False,0.2428569853471081,,4,True
MAPT,5_minus_4,,,,False,1.3846309774808123,,4,True
MARCO,5_minus_4,,,,False,-0.23554207577381533,,4,True
MARS1,5_minus_4,,,,False,0.03025175268311117,,4,True
MASP1,5_minus_4,,,,False,0.1602485891608424,,4,True
MATN2,5_minus_4,,,,False,-0.028828695126037557,,4,True
MATN3,5_minus_4,,,,False,0.29057840450409483,,4,True
MAVS,5_minus_4,,,,False,-0.4400729329257832,,4,True
MAX,5_minus_4,,,,False,-0.6809658751802763,,4,True
MB,5_minus_4,,,,False,0.07248432870480132,,4,True
MBL2,5_minus_4,,,,False,0.06609255781303269,,4,True
MCAM,5_minus_4,,,,False,-0.12098348775254075,,4,True
MCEE,5_minus_4,,,,False,-0.4942174975844962,,4,True
MCFD2,5_minus_4,,,,False,0.04809190411590287,,4,True
MDGA1,5_minus_4,,,,False,0.2767930483567081,,4,True
MDH1,5_minus_4,,,,False,-0.005791216502087103,,4,True
MDK,5_minus_4,,,,False,0.32938444103969783,,4,True
MDM1,5_minus_4,,,,False,-0.023601088868078685,,4,True
MECR,5_minus_4,,,,False,-0.4182493350231824,,4,True
MED21,5_minus_4,,,,False,-0.36055424076103504,,4,True
MEGF10,5_minus_4,,,,False,0.14147082246381984,,4,True
MEGF11,5_minus_4,,,,False,0.17203473618209555,,4,True
MEGF9,5_minus_4,,,,False,-0.014430115851837538,,4,True
MELTF,5_minus_4,,,,False,0.13666256228659915,,4,True
MENT,5_minus_4,,,,False,-0.017851219701737656,,4,True
MEP1A,5_minus_4,,,,False,-0.007226322639325357,,4,True
MEP1B,5_minus_4,,,,False,-0.13663579282907706,,4,True
MEPE,5_minus_4,,,,False,-0.030554458653063707,,4,True
MERTK,5_minus_4,,,,False,0.08725747305778911,,4,True
MESD,5_minus_4,,,,False,-0.2488644592444122,,4,True
MET,5_minus_4,,,,False,0.12234808472441663,,4,True
METAP1,5_minus_4,,,,False,-0.1590025084225814,,4,True
METAP1D,5_minus_4,,,,False,-0.2117748153158673,,4,True
METAP2,5_minus_4,,,,False,-0.1795965476643887,,4,True
MFAP3,5_minus_4,,,,False,-0.10840737673536022,,4,True
MFAP3L,5_minus_4,,,,False,-0.014423373761113412,,4,True
MFAP4,5_minus_4,,,,False,0.06536123986811124,,4,True
MFAP5,5_minus_4,,,,False,0.20760521846830052,,4,True
MFGE8,5_minus_4,,,,False,-0.09354866541271964,,4,True
MGMT,5_minus_4,,,,False,-0.48910544918464455,,4,True
MIA,5_minus_4,,,,False,0.057734900073265344,,4,True
MICALL2,5_minus_4,,,,False,-0.007960286956395612,,4,True
MICB_MICA,5_minus_4,,,,False,0.06754064590663683,,4,True
MIF,5_minus_4,,,,False,0.13152716459096325,,4,True
MILR1,5_minus_4,,,,False,-0.05187248105914116,,4,True
MINDY1,5_minus_4,,,,False,-1.124795862135859,,4,True
MINK1,5_minus_4,,,,False,-0.27615363755419087,,4,True
MITD1,5_minus_4,,,,False,-0.6785223563861721,,4,True
MKI67,5_minus_4,,,,False,-0.23336157018334314,,4,True
MLN,5_minus_4,,,,False,-0.28480082390306805,,4,True
MME,5_minus_4,,,,False,-0.20083339600842012,,4,True
MMP1,5_minus_4,,,,False,0.10826958024910445,,4,True
MMP10,5_minus_4,,,,False,0.04088920504101891,,4,True
MMP12,5_minus_4,,,,False,0.30249968392062593,,4,True
MMP13,5_minus_4,,,,False,0.4368458095430522,,4,True
MMP15,5_minus_4,,,,False,0.2591928795311086,,4,True
MMP3,5_minus_4,,,,False,-0.12708281785159223,,4,True
MMP7,5_minus_4,,,,False,0.18013480349110447,,4,True
MMP8,5_minus_4,,,,False,0.6114762130992581,,4,True
MMP9,5_minus_4,,,,False,0.5491577456097675,,4,True
MN1,5_minus_4,,,,False,0.8624740907543331,,4,True
MNAT1,5_minus_4,,,,False,-0.0019693443691414497,,4,True
MNDA,5_minus_4,,,,False,-0.05587290316936103,,4,True
MOCS2,5_minus_4,,,,False,0.06550054092615505,,4,True
MOG,5_minus_4,,,,False,0.4498344046207854,,4,True
MORC3,5_minus_4,,,,False,-0.0468010791399001,,4,True
MORF4L1,5_minus_4,,,,False,0.28327816365614056,,4,True
MORF4L2,5_minus_4,,,,False,0.0,,4,True
MORN4,5_minus_4,,,,False,1.2766294919207881,,4,True
MPHOSPH8,5_minus_4,,,,False,-0.6869235860714096,,4,True
MPIG6B,5_minus_4,,,,False,-0.45130599609817323,,4,True
MPO,5_minus_4,,,,False,-0.04011370815901372,,4,True
MPRIP,5_minus_4,,,,False,-0.24051980233397033,,4,True
MRC1,5_minus_4,,,,False,-0.11600663857793453,,4,True
MRPL24,5_minus_4,,,,False,0.6142295161312143,,4,True
MRPL28,5_minus_4,,,,False,-0.02414311750748155,,4,True
MRPL46,5_minus_4,,,,False,0.24093787365038621,,4,True
MRPL52,5_minus_4,,,,False,0.0,,4,True
MRPL58,5_minus_4,,,,False,0.12477222329847609,,4,True
MRPS16,5_minus_4,,,,False,0.12290703110387835,,4,True
MSLN,5_minus_4,,,,False,-0.15409813469696187,,4,True
MSLNL,5_minus_4,,,,False,0.3912548145801025,,4,True
MSMB,5_minus_4,,,,False,0.035789388172044856,,4,True
MSR1,5_minus_4,,,,False,0.036826701219172524,,4,True
MSRA,5_minus_4,,,,False,-0.23339258672049512,,4,True
MST1,5_minus_4,,,,False,-0.07902604694470339,,4,True
MSTN,5_minus_4,,,,False,0.43801001441834153,,4,True
MTDH,5_minus_4,,,,False,-0.2886255781184641,,4,True
MTHFD2,5_minus_4,,,,False,-0.02932226992815036,,4,True
MTIF3,5_minus_4,,,,False,-0.9488263707976196,,4,True
MTPN,5_minus_4,,,,False,-0.02192964987994702,,4,True
MTR,5_minus_4,,,,False,-0.45696933570645537,,4,True
MTSS1,5_minus_4,,,,False,-0.9451246781648519,,4,True
MTSS2,5_minus_4,,,,False,-0.593407256369954,,4,True
MTUS1,5_minus_4,,,,False,0.1459807784696689,,4,True
MUC13,5_minus_4,,,,False,0.2683931244807762,,4,True
MUC2,5_minus_4,,,,False,-0.4370825966453976,,4,True
MUCL3,5_minus_4,,,,False,0.0,,4,True
MVK,5_minus_4,,,,False,-0.13243434623302194,,4,True
MXRA8,5_minus_4,,,,False,0.13423494102758643,,4,True
MYBPC1,5_minus_4,,,,False,0.5697194514926974,,4,True
MYBPC2,5_minus_4,,,,False,0.3843096036730847,,4,True
MYCBP2,5_minus_4,,,,False,-0.030454448247958954,,4,True
MYDGF,5_minus_4,,,,False,0.13148380100666315,,4,True
MYH4,5_minus_4,,,,False,0.1358140046972128,,4,True
MYH7B,5_minus_4,,,,False,0.0,,4,True
MYH9,5_minus_4,,,,False,0.22266851328138715,,4,True
MYL1,5_minus_4,,,,False,0.32000720023359863,,4,True
MYL3,5_minus_4,,,,False,0.925730421053698,,4,True
MYL4,5_minus_4,,,,False,0.6049076838568495,,4,True
MYL6B,5_minus_4,,,,False,1.321693327151788,,4,True
MYLPF,5_minus_4,,,,False,-0.37585855976772153,,4,True
MYO6,5_minus_4,,,,False,-0.5403868439173231,,4,True
MYO9B,5_minus_4,,,,False,-0.2866737157864869,,4,True
MYOC,5_minus_4,,,,False,-0.12169298167270942,,4,True
MYOM1,5_minus_4,,,,False,-0.1455980281399752,,4,True
MYOM2,5_minus_4,,,,False,2.3308873482695898,,4,True
MYOM3,5_minus_4,,,,False,0.4563542013169106,,4,True
MZB1,5_minus_4,,,,False,0.06067168539871427,,4,True
MZT1,5_minus_4,,,,False,0.24457772710049597,,4,True
NAA10,5_minus_4,,,,False,0.9624392654099312,,4,True
NAA80,5_minus_4,,,,False,-0.09647677683048361,,4,True
NAAA,5_minus_4,,,,False,-0.03832429197430345,,4,True
NACC1,5_minus_4,,,,False,-0.047988788974014734,,4,True
NADK,5_minus_4,,,,False,-0.08762521227871345,,4,True
NAGA,5_minus_4,,,,False,0.10063355073695787,,4,True
NAGK,5_minus_4,,,,False,0.0661354152005753,,4,True
NAGPA,5_minus_4,,,,False,-0.06009285512892813,,4,True
NAMPT,5_minus_4,,,,False,0.13004214865341776,,4,True
NAP1L4,5_minus_4,,,,False,0.18458179423249443,,4,True
NAPRT,5_minus_4,,,,False,0.5504069345335252,,4,True
NARS1,5_minus_4,,,,False,-0.4096181146476705,,4,True
NBL1,5_minus_4,,,,False,0.05192166818319571,,4,True
NBN,5_minus_4,,,,False,-0.08003934219029363,,4,True
NCAM1,5_minus_4,,,,False,0.20205647446687922,,4,True
NCAM2,5_minus_4,,,,False,-0.15768861600703965,,4,True
NCAN,5_minus_4,,,,False,0.013157046028080502,,4,True
NCF2,5_minus_4,,,,False,-0.358380303331841,,4,True
NCK2,5_minus_4,,,,False,-0.32830041850588565,,4,True
NCLN,5_minus_4,,,,False,1.5684064925601144,,4,True
NCR1,5_minus_4,,,,False,-0.1520787208898709,,4,True
NCR3LG1,5_minus_4,,,,False,-0.2005979159942128,,4,True
NCS1,5_minus_4,,,,False,-0.031326361868168756,,4,True
NDRG1,5_minus_4,,,,False,0.6138609989331539,,4,True
NDST1,5_minus_4,,,,False,-0.041216678909193394,,4,True
NDUFA5,5_minus_4,,,,False,-0.03508747048484091,,4,True
NDUFB7,5_minus_4,,,,False,-0.03774540142110705,,4,True
NDUFS6,5_minus_4,,,,False,0.0678117217979608,,4,True
NEB,5_minus_4,,,,False,0.16143672286716704,,4,True
NECAP2,5_minus_4,,,,False,0.1284845394647978,,4,True
NECTIN1,5_minus_4,,,,False,-0.08900162629896664,,4,True
NECTIN2,5_minus_4,,,,False,-0.12315195148439706,,4,True
NECTIN4,5_minus_4,,,,False,0.3172796456395112,,4,True
NEDD4L,5_minus_4,,,,False,0.22433893483293066,,4,True
NEDD9,5_minus_4,,,,False,0.5049194180500759,,4,True
NEFL,5_minus_4,,,,False,0.26540738963372645,,4,True
NEK7,5_minus_4,,,,False,-1.0684711694604747,,4,True
NELL1,5_minus_4,,,,False,-0.18105144128138173,,4,True
NELL2,5_minus_4,,,,False,0.22414987701924943,,4,True
NENF,5_minus_4,,,,False,-0.1701919417107757,,4,True
NEO1,5_minus_4,,,,False,0.07987924853560666,,4,True
NEXN,5_minus_4,,,,False,-0.0733952529673095,,4,True
NFASC,5_minus_4,,,,False,-0.0600790651353563,,4,True
NFAT5,5_minus_4,,,,False,0.5589496902046672,,4,True
NFATC1,5_minus_4,,,,False,-0.2775006779590165,,4,True
NFATC3,5_minus_4,,,,False,0.04347823180250188,,4,True
NFE2,5_minus_4,,,,False,0.13942066650220208,,4,True
NFIC,5_minus_4,,,,False,0.0016723852611026935,,4,True
NFKB1,5_minus_4,,,,False,-0.27063021330318526,,4,True
NFKBIE,5_minus_4,,,,False,-0.16577170126436266,,4,True
NFU1,5_minus_4,,,,False,-0.30448542365480985,,4,True
NFX1,5_minus_4,,,,False,-0.15729774929071705,,4,True
NFYA,5_minus_4,,,,False,0.5199839850242208,,4,True
NGF,5_minus_4,,,,False,0.04509005089019225,,4,True
NGFR,5_minus_4,,,,False,0.4218680561621625,,4,True
NGRN,5_minus_4,,,,False,0.056324152908177355,,4,True
NHLRC3,5_minus_4,,,,False,0.04124083367150161,,4,True
NID1,5_minus_4,,,,False,0.2983007718749134,,4,True
NID2,5_minus_4,,,,False,-0.08469954716221832,,4,True
NINJ1,5_minus_4,,,,False,-0.20416554378748952,,4,True
NIT1,5_minus_4,,,,False,0.15816304496682365,,4,True
NIT2,5_minus_4,,,,False,0.11217308063271936,,4,True
NLGN1,5_minus_4,,,,False,1.3293047467790513,,4,True
NLGN2,5_minus_4,,,,False,-0.5115929997040369,,4,True
NME1,5_minus_4,,,,False,0.3487628975199869,,4,True
NME3,5_minus_4,,,,False,-0.02867715002377031,,4,True
NMI,5_minus_4,,,,False,-0.09748279200360835,,4,True
NMNAT1,5_minus_4,,,,False,0.12647100917790338,,4,True
NMRK2,5_minus_4,,,,False,0.157705359601255,,4,True
NMT1,5_minus_4,,,,False,-0.04829269599862818,,4,True
NOMO1,5_minus_4,,,,False,-0.08145151097033565,,4,True
NOP56,5_minus_4,,,,False,0.2973108588927093,,4,True
NOS1,5_minus_4,,,,False,0.9161501515567052,,4,True
NOS2,5_minus_4,,,,False,0.5399308851951151,,4,True
NOS3,5_minus_4,,,,False,0.21716822916532685,,4,True
NOTCH1,5_minus_4,,,,False,0.022343031071096003,,4,True
NOTCH2,5_minus_4,,,,False,-0.05528520881041783,,4,True
NOTCH3,5_minus_4,,,,False,0.13822309718189404,,4,True
NPC2,5_minus_4,,,,False,-0.10441472844404401,,4,True
NPDC1,5_minus_4,,,,False,0.03164982679643771,,4,True
NPHS1,5_minus_4,,,,False,-0.16858219667542956,,4,True
NPHS2,5_minus_4,,,,False,0.07895110861238569,,4,True
NPL,5_minus_4,,,,False,0.45247369444327623,,4,True
NPM1,5_minus_4,,,,False,0.2281368866153231,,4,True
NPPB,5_minus_4,,,,False,0.6028473182475341,,4,True
NPPC,5_minus_4,,,,False,0.19388316880703255,,4,True
NPR1,5_minus_4,,,,False,0.9133777079622004,,4,True
NPTN,5_minus_4,,,,False,-0.008748261677860802,,4,True
NPTX1,5_minus_4,,,,False,-0.06539803486615135,,4,True
NPTX2,5_minus_4,,,,False,0.2762325259559371,,4,True
NPTXR,5_minus_4,,,,False,0.47566525953275296,,4,True
NPY,5_minus_4,,,,False,-0.22707236719760765,,4,True
NRCAM,5_minus_4,,,,False,0.05070323872243965,,4,True
NRGN,5_minus_4,,,,False,-0.1003178183438343,,4,True
NRN1,5_minus_4,,,,False,0.07433391370477899,,4,True
NRP1,5_minus_4,,,,False,0.04312409435819403,,4,True
NRP2,5_minus_4,,,,False,0.05173963861765435,,4,True
NRTN,5_minus_4,,,,False,1.0740814935056409,,4,True
NRXN3,5_minus_4,,,,False,0.7440553060531803,,4,True
NSFL1C,5_minus_4,,,,False,-0.9437687090592142,,4,True
NT-proBNP,5_minus_4,,,,False,0.5853949501277063,,4,True
NT5C,5_minus_4,,,,False,-0.06726131180765334,,4,True
NT5C1A,5_minus_4,,,,False,0.4910738211348234,,4,True
NT5C3A,5_minus_4,,,,False,-0.06435060177725291,,4,True
NT5E,5_minus_4,,,,False,-0.06761188220738723,,4,True
NTF3,5_minus_4,,,,False,0.09272372791842914,,4,True
NTF4,5_minus_4,,,,False,0.006895052276986505,,4,True
NTRK2,5_minus_4,,,,False,-0.03413451164653111,,4,True
NTRK3,5_minus_4,,,,False,0.15560906564108867,,4,True
NUB1,5_minus_4,,,,False,-0.4428381247336166,,4,True
NUCB2,5_minus_4,,,,False,0.29168383967490047,,4,True
NUDC,5_minus_4,,,,False,-0.2788335975992319,,4,True
NUDT10,5_minus_4,,,,False,-0.040517477920884615,,4,True
NUDT15,5_minus_4,,,,False,0.284054093282349,,4,True
NUDT16,5_minus_4,,,,False,-0.13588699501685006,,4,True
NUDT2,5_minus_4,,,,False,0.2571098929610535,,4,True
NUDT5,5_minus_4,,,,False,0.005963642953678537,,4,True
NUMB,5_minus_4,,,,False,-0.29064318335998185,,4,True
NUP50,5_minus_4,,,,False,0.2626683543848697,,4,True
NXPE4,5_minus_4,,,,False,0.815425720905278,,4,True
NXPH1,5_minus_4,,,,False,0.5380962212635657,,4,True
NXPH3,5_minus_4,,,,False,-0.14684900091105105,,4,True
OBP2B,5_minus_4,,,,False,0.2856781169893686,,4,True
OCLN,5_minus_4,,,,False,0.2700741004930016,,4,True
ODAM,5_minus_4,,,,False,-0.020902252423198014,,4,True
OFD1,5_minus_4,,,,False,0.26337486811690203,,4,True
OGA,5_minus_4,,,,False,-0.11040139166239069,,4,True
OGFR,5_minus_4,,,,False,-0.25455815785389563,,4,True
OGN,5_minus_4,,,,False,0.12299011499608009,,4,True
OLFM4,5_minus_4,,,,False,-0.0735798532714397,,4,True
OLR1,5_minus_4,,,,False,0.1406491592997573,,4,True
OMD,5_minus_4,,,,False,0.32648661098975973,,4,True
OMG,5_minus_4,,,,False,0.6976118237286769,,4,True
OMP,5_minus_4,,,,False,0.5290445201882703,,4,True
OPHN1,5_minus_4,,,,False,-0.825328222309766,,4,True
OPLAH,5_minus_4,,,,False,0.14803220902309722,,4,True
OPTC,5_minus_4,,,,False,-0.20744106877254068,,4,True
ORM1,5_minus_4,,,,False,-0.0317841473164043,,4,True
OSBPL2,5_minus_4,,,,False,0.29398183032743364,,4,True
OSCAR,5_minus_4,,,,False,0.11172300553719994,,4,True
OSMR,5_minus_4,,,,False,0.051632420570926915,,4,True
OSTN,5_minus_4,,,,False,0.5009541894396163,,4,True
OTOA,5_minus_4,,,,False,-0.17691380389310385,,4,True
OTUD6B,5_minus_4,,,,False,0.22834047273726782,,4,True
OTUD7B,5_minus_4,,,,False,-0.012779574617682643,,4,True
OXCT1,5_minus_4,,,,False,-0.013465048239171995,,4,True
OXT,5_minus_4,,,,False,0.6426503875805051,,4,True
P4HB,5_minus_4,,,,False,0.12083336800158467,,4,True
PACS2,5_minus_4,,,,False,-0.17669668258763818,,4,True
PADI2,5_minus_4,,,,False,-0.4664499827506952,,4,True
PADI4,5_minus_4,,,,False,-0.7047417277215244,,4,True
PAEP,5_minus_4,,,,False,-0.13047852336873317,,4,True
PAFAH2,5_minus_4,,,,False,-0.7845530389705999,,4,True
PAG1,5_minus_4,,,,False,0.03907779115613922,,4,True
PAGR1,5_minus_4,,,,False,0.2368257687313262,,4,True
PAIP2B,5_minus_4,,,,False,1.544868384759392,,4,True
PALLD,5_minus_4,,,,False,0.5351119323305938,,4,True
PALM,5_minus_4,,,,False,0.13222656633570695,,4,True
PALM2,5_minus_4,,,,False,0.301277609191954,,4,True
PALM3,5_minus_4,,,,False,0.42720052093521854,,4,True
PAM,5_minus_4,,,,False,-0.06156712613229669,,4,True
PAMR1,5_minus_4,,,,False,-0.17298196806003607,,4,True
PAPPA,5_minus_4,,,,False,-0.07236694036360561,,4,True
PARD3,5_minus_4,,,,False,0.04832583844193217,,4,True
PARK7,5_minus_4,,,,False,0.3370323906221787,,4,True
PARP1,5_minus_4,,,,False,-0.17172280484149524,,4,True
PAXX,5_minus_4,,,,False,0.148771787466247,,4,True
PBK,5_minus_4,,,,False,0.0,,4,True
PBLD,5_minus_4,,,,False,-0.0352302286378548,,4,True
PBXIP1,5_minus_4,,,,False,-0.13223520464130403,,4,True
PCARE,5_minus_4,,,,False,-0.27552228048562954,,4,True
PCBD1,5_minus_4,,,,False,0.313793688468313,,4,True
PCBP2,5_minus_4,,,,False,0.29385338740254563,,4,True
PCDH1,5_minus_4,,,,False,0.0636892601525949,,4,True
PCDH12,5_minus_4,,,,False,0.010356014127904004,,4,True
PCDH17,5_minus_4,,,,False,-0.22538547593082903,,4,True
PCDH7,5_minus_4,,,,False,0.04850068923289308,,4,True
PCDH9,5_minus_4,,,,False,-0.18413633925280443,,4,True
PCDHB15,5_minus_4,,,,False,-0.07095984610095471,,4,True
PCNA,5_minus_4,,,,False,0.0,,4,True
PCOLCE,5_minus_4,,,,False,0.09596997369427075,,4,True
PCSK7,5_minus_4,,,,False,0.0782005396638222,,4,True
PCSK9,5_minus_4,,,,False,0.23768257788937697,,4,True
PCYT2,5_minus_4,,,,False,-0.15035666050985466,,4,True
PDAP1,5_minus_4,,,,False,-0.20087312019639192,,4,True
PDCD1,5_minus_4,,,,False,0.04015193204943236,,4,True
PDCD1LG2,5_minus_4,,,,False,-0.4577430029669908,,4,True
PDCD5,5_minus_4,,,,False,0.37271493751713936,,4,True
PDCD6,5_minus_4,,,,False,0.11281602354853429,,4,True
PDCL2,5_minus_4,,,,False,0.03716846940535032,,4,True
PDE1C,5_minus_4,,,,False,0.088000766097736,,4,True
PDE4D,5_minus_4,,,,False,0.12448144357097561,,4,True
PDE5A,5_minus_4,,,,False,-0.3593856698846505,,4,True
PDGFA,5_minus_4,,,,False,-0.0084165521311516,,4,True
PDGFB,5_minus_4,,,,False,0.01179014306331936,,4,True
PDGFC,5_minus_4,,,,False,0.23789847551252793,,4,True
PDGFRA,5_minus_4,,,,False,0.03046566007375784,,4,True
PDGFRB,5_minus_4,,,,False,0.06576613853551286,,4,True
PDIA2,5_minus_4,,,,False,0.0,,4,True
PDIA3,5_minus_4,,,,False,0.26608405434218274,,4,True
PDIA4,5_minus_4,,,,False,-0.1522289442319529,,4,True
PDIA5,5_minus_4,,,,False,2.564115811491971,,4,True
PDLIM5,5_minus_4,,,,False,-0.880197083875528,,4,True
PDLIM7,5_minus_4,,,,False,-0.6196262726743582,,4,True
PDP1,5_minus_4,,,,False,-0.4270303970329119,,4,True
PDRG1,5_minus_4,,,,False,-2.0770697792011026,,4,True
PDXDC1,5_minus_4,,,,False,0.05190625686482945,,4,True
PDZD2,5_minus_4,,,,False,0.12038883098474452,,4,True
PDZK1,5_minus_4,,,,False,-0.01946703817967879,,4,True
PEAR1,5_minus_4,,,,False,-0.105237493588518,,4,True
PEBP1,5_minus_4,,,,False,0.45005254371366765,,4,True
PECAM1,5_minus_4,,,,False,0.08383033828679379,,4,True
PECR,5_minus_4,,,,False,-0.14756866183763728,,4,True
PENK,5_minus_4,,,,False,0.3965775666634521,,4,True
PEPD,5_minus_4,,,,False,0.09687351151756446,,4,True
PF4,5_minus_4,,,,False,-0.3536341225067349,,4,True
PFDN2,5_minus_4,,,,False,0.6132288056585979,,4,True
PFDN4,5_minus_4,,,,False,0.042772538585724953,,4,True
PFDN6,5_minus_4,,,,False,1.1013372189169135,,4,True
PFKFB2,5_minus_4,,,,False,-0.3347384887073408,,4,True
PGA4,5_minus_4,,,,False,0.02789798119291559,,4,True
PGD,5_minus_4,,,,False,0.018740088071481448,,4,True
PGF,5_minus_4,,,,False,-0.6821332539357635,,4,True
PGLYRP2,5_minus_4,,,,False,0.06681079932145864,,4,True
PGLYRP4,5_minus_4,,,,False,0.17074178032654583,,4,True
PGM2,5_minus_4,,,,False,-0.09382015152048961,,4,True
PGR,5_minus_4,,,,False,0.10064000632317506,,4,True
PHACTR2,5_minus_4,,,,False,-0.21822144042856623,,4,True
PHLDB1,5_minus_4,,,,False,-0.31182859307757604,,4,True
PHLDB2,5_minus_4,,,,False,0.023030889695402457,,4,True
PHOSPHO1,5_minus_4,,,,False,0.3389791798060532,,4,True
PHYKPL,5_minus_4,,,,False,0.15047679463771133,,4,True
PI16,5_minus_4,,,,False,-0.08588517395060621,,4,True
PI3,5_minus_4,,,,False,0.07115687827415115,,4,True
PIBF1,5_minus_4,,,,False,-0.6081881047757722,,4,True
PIGR,5_minus_4,,,,False,-0.03577979457743788,,4,True
PIK3AP1,5_minus_4,,,,False,0.1732237897933783,,4,True
PIK3IP1,5_minus_4,,,,False,0.0015399153964558987,,4,True
PIKFYVE,5_minus_4,,,,False,-0.032843134281467234,,4,True
PILRA,5_minus_4,,,,False,0.013115674435173752,,4,True
PILRB,5_minus_4,,,,False,-0.0671834634400173,,4,True
PINLYP,5_minus_4,,,,False,0.2472310710261316,,4,True
PITHD1,5_minus_4,,,,False,0.0,,4,True
PKD1,5_minus_4,,,,False,0.15462178298274407,,4,True
PKD2,5_minus_4,,,,False,0.14836308761929917,,4,True
PKLR,5_minus_4,,,,False,0.307772357966185,,4,True
PKN3,5_minus_4,,,,False,0.16121949356978305,,4,True
PLA2G10,5_minus_4,,,,False,0.0448998448958543,,4,True
PLA2G15,5_minus_4,,,,False,0.03394906772118189,,4,True
PLA2G1B,5_minus_4,,,,False,-0.0021466282306943814,,4,True
PLA2G2A,5_minus_4,,,,False,-0.009154377398732552,,4,True
PLA2G4A,5_minus_4,,,,False,-0.0464092129157403,,4,True
PLA2G7,5_minus_4,,,,False,0.11276699450596805,,4,True
PLAU,5_minus_4,,,,False,0.21105752184371412,,4,True
PLAUR,5_minus_4,,,,False,0.13120845834265316,,4,True
PLB1,5_minus_4,,,,False,-0.15444676492687295,,4,True
PLCB1,5_minus_4,,,,False,0.18356839629773747,,4,True
PLCB2,5_minus_4,,,,False,-1.0979372001571202,,4,True
PLEKHO1,5_minus_4,,,,False,-0.16907897375526315,,4,True
PLG,5_minus_4,,,,False,0.03505450506346153,,4,True
PLIN1,5_minus_4,,,,False,0.2311142305197534,,4,True
PLIN3,5_minus_4,,,,False,-0.1812406230223274,,4,True
PLPBP,5_minus_4,,,,False,0.1972975029528121,,4,True
PLSCR3,5_minus_4,,,,False,0.10209895855602069,,4,True
PLTP,5_minus_4,,,,False,0.20547681657558087,,4,True
PLXDC1,5_minus_4,,,,False,-0.028847012606520422,,4,True
PLXDC2,5_minus_4,,,,False,0.41686059366506817,,4,True
PLXNA4,5_minus_4,,,,False,-0.7258294743689812,,4,True
PLXNB2,5_minus_4,,,,False,0.05123826811328283,,4,True
PLXNB3,5_minus_4,,,,False,-0.206312742055426,,4,True
PM20D1,5_minus_4,,,,False,0.04959677231190329,,4,True
PMCH,5_minus_4,,,,False,0.3722266395179875,,4,True
PMM2,5_minus_4,,,,False,-0.29082418108898345,,4,True
PMS1,5_minus_4,,,,False,0.9803811675303126,,4,True
PMVK,5_minus_4,,,,False,-1.2760104458183619,,4,True
PNLIP,5_minus_4,,,,False,-0.2279865225580287,,4,True
PNLIPRP1,5_minus_4,,,,False,-0.22158421227773845,,4,True
PNLIPRP2,5_minus_4,,,,False,0.052624848620133946,,4,True
PNMA1,5_minus_4,,,,False,-0.37683736770664866,,4,True
PNMA2,5_minus_4,,,,False,-0.15386826935668946,,4,True
PNPT1,5_minus_4,,,,False,-0.0328974902810052,,4,True
PODXL,5_minus_4,,,,False,-0.14577832289868645,,4,True
PODXL2,5_minus_4,,,,False,-0.08583232517670575,,4,True
POF1B,5_minus_4,,,,False,-0.18289559119262386,,4,True
POLR2A,5_minus_4,,,,False,0.47925797730066216,,4,True
POLR2F,5_minus_4,,,,False,0.06893112008124894,,4,True
POMC,5_minus_4,,,,False,1.4851883722611596,,4,True
PON1,5_minus_4,,,,False,0.03301140955275164,,4,True
PON2,5_minus_4,,,,False,0.06614760521312445,,4,True
PON3,5_minus_4,,,,False,0.1915374195980059,,4,True
POSTN,5_minus_4,,,,False,0.09040418613346174,,4,True
PPBP,5_minus_4,,,,False,0.04672265748530602,,4,True
PPCDC,5_minus_4,,,,False,0.29069304471083507,,4,True
PPIB,5_minus_4,,,,False,-0.26120363824851905,,4,True
PPIE,5_minus_4,,,,False,0.8744536497244841,,4,True
PPL,5_minus_4,,,,False,0.09933173389408517,,4,True
PPM1A,5_minus_4,,,,False,-0.24809360341435616,,4,True
PPM1B,5_minus_4,,,,False,0.12323008630251134,,4,True
PPM1F,5_minus_4,,,,False,0.0323415262542399,,4,True
PPME1,5_minus_4,,,,False,0.0014561178485930915,,4,True
PPP1CC,5_minus_4,,,,False,0.060244299172532795,,4,True
PPP1R12A,5_minus_4,,,,False,-0.1062685441473607,,4,True
PPP1R12B,5_minus_4,,,,False,-1.1605160613982113,,4,True
PPP1R14A,5_minus_4,,,,False,-0.8112025867191847,,4,True
PPP1R14D,5_minus_4,,,,False,0.01575188219843761,,4,True
PPP1R2,5_minus_4,,,,False,-0.42192570989674305,,4,True
PPP1R9B,5_minus_4,,,,False,-0.29132537260461544,,4,True
PPP2R5A,5_minus_4,,,,False,-0.5832793514754856,,4,True
PPP3R1,5_minus_4,,,,False,0.1270242664956645,,4,True
PPT1,5_minus_4,,,,False,0.5905363989325568,,4,True
PPY,5_minus_4,,,,False,-0.2716313897592274,,4,True
PQBP1,5_minus_4,,,,False,0.19097075579096923,,4,True
PRAME,5_minus_4,,,,False,0.0,,4,True
PRAP1,5_minus_4,,,,False,-0.16422106945276319,,4,True
PRC1,5_minus_4,,,,False,-0.431271817185526,,4,True
PRCP,5_minus_4,,,,False,-0.2771030442694786,,4,True
PRDX1,5_minus_4,,,,False,0.059121976571992474,,4,True
PRDX2,5_minus_4,,,,False,0.256337919619963,,4,True
PRDX3,5_minus_4,,,,False,-0.10287406308574112,,4,True
PRDX5,5_minus_4,,,,False,0.1932166892137432,,4,True
PRDX6,5_minus_4,,,,False,0.08621416299461625,,4,True
PREB,5_minus_4,,,,False,0.1475273283506789,,4,True
PRELP,5_minus_4,,,,False,-0.014468076781544548,,4,True
PRG2,5_minus_4,,,,False,0.28745115799739684,,4,True
PRG3,5_minus_4,,,,False,-0.0006332346777959963,,4,True
PRKAB1,5_minus_4,,,,False,-0.15054884064065988,,4,True
PRKAG3,5_minus_4,,,,False,0.5818241336450931,,4,True
PRKAR1A,5_minus_4,,,,False,-0.5350221066057337,,4,True
PRKAR2A,5_minus_4,,,,False,-0.03830137363977747,,4,True
PRKCQ,5_minus_4,,,,False,0.40564377300994225,,4,True
PRKD2,5_minus_4,,,,False,-0.1768611060978248,,4,True
PRKG1,5_minus_4,,,,False,-0.3400908540452311,,4,True
PRKRA,5_minus_4,,,,False,-0.3137345400577141,,4,True
PRL,5_minus_4,,,,False,0.15539186962458093,,4,True
PRND,5_minus_4,,,,False,-0.29706584780285866,,4,True
PROC,5_minus_4,,,,False,0.10466079923407393,,4,True
PROCR,5_minus_4,,,,False,-0.09461516714570255,,4,True
PROK1,5_minus_4,,,,False,0.22896316586696583,,4,True
PROS1,5_minus_4,,,,False,-0.13114076241374695,,4,True
PRR4,5_minus_4,,,,False,0.18476598925443682,,4,True
PRR5,5_minus_4,,,,False,0.039407999868301735,,4,True
PRRT3,5_minus_4,,,,False,-0.13396758318075544,,4,True
PRSS2,5_minus_4,,,,False,-0.059180206087013715,,4,True
PRSS22,5_minus_4,,,,False,-0.10804114336453213,,4,True
PRSS27,5_minus_4,,,,False,-0.18049280830734948,,4,True
PRSS53,5_minus_4,,,,False,0.048176995995440244,,4,True
PRSS8,5_minus_4,,,,False,-0.08456497304241373,,4,True
PRTFDC1,5_minus_4,,,,False,-0.7445994947230252,,4,True
PRTG,5_minus_4,,,,False,-0.28393848682670453,,4,True
PRTN3,5_minus_4,,,,False,0.04555949327660365,,4,True
PRUNE2,5_minus_4,,,,False,0.37805205142894455,,4,True
PSAP,5_minus_4,,,,False,-0.06987202248788131,,4,True
PSAPL1,5_minus_4,,,,False,0.1669037459669157,,4,True
PSCA,5_minus_4,,,,False,-0.039780922008463046,,4,True
PSIP1,5_minus_4,,,,False,-0.08236873889382565,,4,True
PSMA1,5_minus_4,,,,False,-0.294131809978045,,4,True
PSMC3,5_minus_4,,,,False,0.0,,4,True
PSMD1,5_minus_4,,,,False,0.03307788110893148,,4,True
PSMD5,5_minus_4,,,,False,-0.02733313430696299,,4,True
PSMD9,5_minus_4,,,,False,0.22589022177164186,,4,True
PSME1,5_minus_4,,,,False,0.3448142477517564,,4,True
PSME2,5_minus_4,,,,False,0.4745608343076018,,4,True
PSMG3,5_minus_4,,,,False,0.32315469288382886,,4,True
PSMG4,5_minus_4,,,,False,0.40557468881786524,,4,True
PSPN,5_minus_4,,,,False,-0.031018410842750282,,4,True
PSRC1,5_minus_4,,,,False,-0.05729760799230264,,4,True
PSTPIP2,5_minus_4,,,,False,-1.0885343110052708,,4,True
PTEN,5_minus_4,,,,False,-0.6949149935837615,,4,True
PTGDS,5_minus_4,,,,False,-0.035460232631693955,,4,True
PTGES2,5_minus_4,,,,False,-0.2571603644787804,,4,True
PTGR1,5_minus_4,,,,False,0.0667828511353521,,4,True
PTH,5_minus_4,,,,False,1.055141982309765,,4,True
PTH1R,5_minus_4,,,,False,-0.25587622815979777,,4,True
PTK7,5_minus_4,,,,False,-0.013450542077744349,,4,True
PTN,5_minus_4,,,,False,0.9562479990145283,,4,True
PTP4A3,5_minus_4,,,,False,0.400284879659795,,4,True
PTPN1,5_minus_4,,,,False,-0.6360504487541527,,4,True
PTPN6,5_minus_4,,,,False,-0.6376834344409523,,4,True
PTPN9,5_minus_4,,,,False,0.6839542424734968,,4,True
PTPRB,5_minus_4,,,,False,-0.12007569514131428,,4,True
PTPRC,5_minus_4,,,,False,-0.14456654024430285,,4,True
PTPRF,5_minus_4,,,,False,-0.3615444342331835,,4,True
PTPRH,5_minus_4,,,,False,0.09397569933740485,,4,True
PTPRN2,5_minus_4,,,,False,0.3153763321869047,,4,True
PTPRR,5_minus_4,,,,False,0.29404989263566195,,4,True
PTPRS,5_minus_4,,,,False,-0.03576603159575075,,4,True
PTPRZ1,5_minus_4,,,,False,0.07024883969392862,,4,True
PTRHD1,5_minus_4,,,,False,0.4495954559768741,,4,True
PTS,5_minus_4,,,,False,0.2477069247634202,,4,True
PTTG1,5_minus_4,,,,False,0.2958879454513689,,4,True
PTX3,5_minus_4,,,,False,0.22690307480303204,,4,True
PVALB,5_minus_4,,,,False,-0.3372671118957361,,4,True
PVR,5_minus_4,,,,False,0.09632597557278805,,4,True
PXDNL,5_minus_4,,,,False,-0.585316337303752,,4,True
PXN,5_minus_4,,,,False,0.018874319697236158,,4,True
PYDC1,5_minus_4,,,,False,0.021864114659400413,,4,True
PYY,5_minus_4,,,,False,-0.8640769407014934,,4,True
PZP,5_minus_4,,,,False,-0.11482332503116446,,4,True
QDPR,5_minus_4,,,,False,0.14738688745822193,,4,True
QPCT,5_minus_4,,,,False,-0.0055559979692627465,,4,True
QSOX1,5_minus_4,,,,False,-0.049287184414674896,,4,True
RAB10,5_minus_4,,,,False,-0.3988053696106825,,4,True
RAB11FIP3,5_minus_4,,,,False,-0.6659793212086706,,4,True
RAB27B,5_minus_4,,,,False,-1.2785854638151202,,4,True
RAB2B,5_minus_4,,,,False,-0.14591436784282302,,4,True
RAB33A,5_minus_4,,,,False,-0.2216154179203682,,4,True
RAB37,5_minus_4,,,,False,-0.4768632329852872,,4,True
RAB39B,5_minus_4,,,,False,0.39106056378030385,,4,True
RAB3GAP1,5_minus_4,,,,False,-0.09808877396957041,,4,True
RAB44,5_minus_4,,,,False,0.2506957110614958,,4,True
RABEP1,5_minus_4,,,,False,-0.0023808618030851103,,4,True
RABEPK,5_minus_4,,,,False,0.22555098423365988,,4,True
RABGAP1L,5_minus_4,,,,False,0.3429209034890174,,4,True
RAC3,5_minus_4,,,,False,0.19851957014292987,,4,True
RAD23B,5_minus_4,,,,False,0.06596207040001945,,4,True
RAD51,5_minus_4,,,,False,-0.6886868423021952,,4,True
RALB,5_minus_4,,,,False,0.31196978501679407,,4,True
RALY,5_minus_4,,,,False,-0.015613189092137755,,4,True
RANBP1,5_minus_4,,,,False,0.5510327066644511,,4,True
RANBP2,5_minus_4,,,,False,0.09889173955464148,,4,True
RANGAP1,5_minus_4,,,,False,0.6271233167875974,,4,True
RAP1A,5_minus_4,,,,False,-0.24942039636896662,,4,True
RARRES1,5_minus_4,,,,False,0.4116265785887844,,4,True
RARRES2,5_minus_4,,,,False,-0.09183144757522185,,4,True
RASA1,5_minus_4,,,,False,0.4776478600287798,,4,True
RASGRF1,5_minus_4,,,,False,0.0,,4,True
RASSF2,5_minus_4,,,,False,-0.40878354549517054,,4,True
RBFOX3,5_minus_4,,,,False,0.40976005711333724,,4,True
RBKS,5_minus_4,,,,False,0.4418390167661823,,4,True
RBM17,5_minus_4,,,,False,-0.5949730875384311,,4,True
RBM19,5_minus_4,,,,False,-0.5148325118835024,,4,True
RBM25,5_minus_4,,,,False,0.36828553992167257,,4,True
RBP1,5_minus_4,,,,False,0.7578487916377303,,4,True
RBP2,5_minus_4,,,,False,0.007399828469679459,,4,True
RBP5,5_minus_4,,,,False,0.07561787182679469,,4,True
RBP7,5_minus_4,,,,False,0.17006882493574693,,4,True
RBPMS,5_minus_4,,,,False,0.38724786237763426,,4,True
RBPMS2,5_minus_4,,,,False,-1.0737845131664285,,4,True
RCC1,5_minus_4,,,,False,0.2139546169793153,,4,True
RCOR1,5_minus_4,,,,False,-0.1317433158555203,,4,True
RECK,5_minus_4,,,,False,-0.1417134293716621,,4,True
REEP4,5_minus_4,,,,False,-0.48834239855694517,,4,True
REG1A,5_minus_4,,,,False,-0.08606377228183205,,4,True
REG1B,5_minus_4,,,,False,-0.24450197178617372,,4,True
REG3A,5_minus_4,,,,False,0.0708814443189877,,4,True
REG3G,5_minus_4,,,,False,-0.12121262446737842,,4,True
REG4,5_minus_4,,,,False,0.08553529782346017,,4,True
RELB,5_minus_4,,,,False,0.8847037240816225,,4,True
RELT,5_minus_4,,,,False,0.07104718963873963,,4,True
REN,5_minus_4,,,,False,-0.46076728207396134,,4,True
REPS1,5_minus_4,,,,False,0.3873714001062543,,4,True
REST,5_minus_4,,,,False,0.0,,4,True
RET,5_minus_4,,,,False,-0.0051664438639572735,,4,True
RETN,5_minus_4,,,,False,0.10067835439944914,,4,True
REXO2,5_minus_4,,,,False,0.05339585116291547,,4,True
RFC4,5_minus_4,,,,False,-0.09312767698886784,,4,True
RGCC,5_minus_4,,,,False,0.09330270822869258,,4,True
RGL2,5_minus_4,,,,False,-0.1403240112078601,,4,True
RGMA,5_minus_4,,,,False,-0.05530765343689355,,4,True
RGMB,5_minus_4,,,,False,-0.159913754522124,,4,True
RGS10,5_minus_4,,,,False,-0.1200357638160805,,4,True
RGS8,5_minus_4,,,,False,0.0274925472823723,,4,True
RHOC,5_minus_4,,,,False,-0.7530837013515095,,4,True
RICTOR,5_minus_4,,,,False,-0.04217036394547158,,4,True
RIDA,5_minus_4,,,,False,0.20492171160733508,,4,True
RILP,5_minus_4,,,,False,0.3573578174606871,,4,True
RILPL2,5_minus_4,,,,False,-0.8053738216967379,,4,True
RIPK4,5_minus_4,,,,False,0.18260870052020567,,4,True
RLN1,5_minus_4,,,,False,-0.10335288199852005,,4,True
RNASE1,5_minus_4,,,,False,0.14626918042611728,,4,True
RNASE10,5_minus_4,,,,False,0.07733190804094611,,4,True
RNASE3,5_minus_4,,,,False,0.12364123529203846,,4,True
RNASE4,5_minus_4,,,,False,0.18486931940741846,,4,True
RNASE6,5_minus_4,,,,False,0.11116911424221737,,4,True
RNASEH2A,5_minus_4,,,,False,0.2891893445419386,,4,True
RNASET2,5_minus_4,,,,False,-0.1732943265915965,,4,True
RNF149,5_minus_4,,,,False,-0.1306784172839052,,4,True
RNF168,5_minus_4,,,,False,0.7139893857223347,,4,True
RNF31,5_minus_4,,,,False,0.7724705169501351,,4,True
RNF4,5_minus_4,,,,False,-0.5637723272115088,,4,True
RNF41,5_minus_4,,,,False,0.0959505348400945,,4,True
RNF43,5_minus_4,,,,False,0.6104592349661648,,4,True
RNF5,5_minus_4,,,,False,-0.3112749466665059,,4,True
ROBO1,5_minus_4,,,,False,0.024647282204204646,,4,True
ROBO2,5_minus_4,,,,False,-0.10068372100384844,,4,True
ROBO4,5_minus_4,,,,False,-0.1178258858141607,,4,True
ROR1,5_minus_4,,,,False,-0.10331629064000214,,4,True
RP2,5_minus_4,,,,False,-0.3650554913900939,,4,True
RPA2,5_minus_4,,,,False,-0.11817861948453254,,4,True
RPE,5_minus_4,,,,False,0.17494938114565395,,4,True
RPGR,5_minus_4,,,,False,2.056983632869707,,4,True
RPL14,5_minus_4,,,,False,0.49598934320821036,,4,True
RPS10,5_minus_4,,,,False,0.3317362105677249,,4,True
RRAS,5_minus_4,,,,False,-0.8819837073594714,,4,True
RRM2,5_minus_4,,,,False,-0.3708221484004486,,4,True
RRM2B,5_minus_4,,,,False,-0.1973748313437021,,4,True
RSPO1,5_minus_4,,,,False,0.5071550517402441,,4,True
RSPO3,5_minus_4,,,,False,0.27963957469659995,,4,True
RTBDN,5_minus_4,,,,False,0.29791737307686633,,4,True
RTKN2,5_minus_4,,,,False,1.0719464414113409,,4,True
RTN4IP1,5_minus_4,,,,False,-0.3715106703738657,,4,True
RTN4R,5_minus_4,,,,False,-0.022901695120235984,,4,True
RUVBL1,5_minus_4,,,,False,0.34721911729620547,,4,True
RWDD1,5_minus_4,,,,False,0.19693293547621318,,4,True
RYR1,5_minus_4,,,,False,0.3790730603072894,,4,True
S100A11,5_minus_4,,,,False,-0.05326339547439132,,4,True
S100A12,5_minus_4,,,,False,-0.19285297968639628,,4,True
S100A13,5_minus_4,,,,False,0.3062512435507718,,4,True
S100A14,5_minus_4,,,,False,0.5120913870545474,,4,True
S100A16,5_minus_4,,,,False,-0.023868332658649016,,4,True
S100A3,5_minus_4,,,,False,0.23630383893111936,,4,True
S100A4,5_minus_4,,,,False,0.301073879933915,,4,True
S100G,5_minus_4,,,,False,-0.15621640787058816,,4,True
S100P,5_minus_4,,,,False,0.3951338359209948,,4,True
SAA4,5_minus_4,,,,False,0.007846741412239597,,4,True
SAFB2,5_minus_4,,,,False,0.17557953067346888,,4,True
SAG,5_minus_4,,,,False,0.508879906482255,,4,True
SAMD9L,5_minus_4,,,,False,-0.07417922978733493,,4,True
SAP18,5_minus_4,,,,False,0.2569101200601972,,4,True
SARG,5_minus_4,,,,False,-0.391466371017007,,4,True
SART1,5_minus_4,,,,False,-0.07819776190721524,,4,True
SAT1,5_minus_4,,,,False,0.8991898394924305,,4,True
SAT2,5_minus_4,,,,False,0.21329489007394664,,4,True
SATB1,5_minus_4,,,,False,0.12094931340028126,,4,True
SBSN,5_minus_4,,,,False,-0.0586421345940705,,4,True
SCAMP3,5_minus_4,,,,False,-0.21216757988036225,,4,True
SCARA5,5_minus_4,,,,False,-0.0817244133154717,,4,True
SCARB1,5_minus_4,,,,False,0.24568310364643522,,4,True
SCARB2,5_minus_4,,,,False,0.19055053150301926,,4,True
SCARF1,5_minus_4,,,,False,-0.1352428864359117,,4,True
SCARF2,5_minus_4,,,,False,-0.0670241863485125,,4,True
SCG2,5_minus_4,,,,False,0.09163898279513721,,4,True
SCG3,5_minus_4,,,,False,0.18997603914385314,,4,True
SCGB1A1,5_minus_4,,,,False,-0.01719995986034399,,4,True
SCGB2A2,5_minus_4,,,,False,-0.3907549376149717,,4,True
SCGB3A1,5_minus_4,,,,False,-0.1151197158033658,,4,True
SCGB3A2,5_minus_4,,,,False,0.06890608383922456,,4,True
SCGN,5_minus_4,,,,False,0.10244892192496574,,4,True
SCIN,5_minus_4,,,,False,-0.011148362712705029,,4,True
SCLY,5_minus_4,,,,False,-0.052577885726412366,,4,True
SCN2A,5_minus_4,,,,False,0.29900921811088693,,4,True
SCN2B,5_minus_4,,,,False,0.850100376563353,,4,True
SCN3A,5_minus_4,,,,False,-0.9019652110773049,,4,True
SCN3B,5_minus_4,,,,False,0.8326235320844979,,4,True
SCN4B,5_minus_4,,,,False,-0.3285193957843866,,4,True
SCP2,5_minus_4,,,,False,0.24565260279194853,,4,True
SCPEP1,5_minus_4,,,,False,-0.04317884631565201,,4,True
SCRG1,5_minus_4,,,,False,0.07148157634161753,,4,True
SCRIB,5_minus_4,,,,False,-0.10148004261199786,,4,True
SCRN1,5_minus_4,,,,False,-0.318385405516747,,4,True
SCT,5_minus_4,,,,False,0.7504025987588285,,4,True
SDC1,5_minus_4,,,,False,0.1464975289722536,,4,True
SDC4,5_minus_4,,,,False,0.06989534727330327,,4,True
SDCCAG8,5_minus_4,,,,False,-0.6293423883350959,,4,True
SDHB,5_minus_4,,,,False,-0.14926715346078168,,4,True
SDK2,5_minus_4,,,,False,-0.076333165498803,,4,True
SEC31A,5_minus_4,,,,False,-0.18255425164918437,,4,True
SEL1L,5_minus_4,,,,False,0.011817321169356604,,4,True
SELE,5_minus_4,,,,False,-0.1132591708970841,,4,True
SELENOP,5_minus_4,,,,False,-0.03485341826898386,,4,True
SELL,5_minus_4,,,,False,0.07487774843350321,,4,True
SELP,5_minus_4,,,,False,-0.21285699900386035,,4,True
SELPLG,5_minus_4,,,,False,-0.03535539087233255,,4,True
SEMA3F,5_minus_4,,,,False,-0.1046661268053999,,4,True
SEMA3G,5_minus_4,,,,False,-0.2601502497733617,,4,True
SEMA4C,5_minus_4,,,,False,-0.029700911543989558,,4,True
SEMA4D,5_minus_4,,,,False,0.0790365723972501,,4,True
SEMA6C,5_minus_4,,,,False,0.22170751221248408,,4,True
SEMA7A,5_minus_4,,,,False,-0.00658054125892521,,4,True
SEPTIN3,5_minus_4,,,,False,-0.008239895199915255,,4,True
SEPTIN7,5_minus_4,,,,False,1.1264188909756523,,4,True
SEPTIN8,5_minus_4,,,,False,0.269397795426321,,4,True
SEPTIN9,5_minus_4,,,,False,-0.013324236267322973,,4,True
SERPINA1,5_minus_4,,,,False,-0.04418556539699074,,4,True
SERPINA11,5_minus_4,,,,False,-0.22595062834874552,,4,True
SERPINA12,5_minus_4,,,,False,0.07124692185745324,,4,True
SERPINA3,5_minus_4,,,,False,0.0180351552170121,,4,True
SERPINA4,5_minus_4,,,,False,-0.028653039010759107,,4,True
SERPINA5,5_minus_4,,,,False,0.04902220543986782,,4,True
SERPINA6,5_minus_4,,,,False,0.004130771426838681,,4,True
SERPINA7,5_minus_4,,,,False,-0.11773337434755918,,4,True
SERPINA9,5_minus_4,,,,False,0.04888694205200342,,4,True
SERPINB1,5_minus_4,,,,False,-0.1619380409518381,,4,True
SERPINB5,5_minus_4,,,,False,1.707789924435889,,4,True
SERPINB6,5_minus_4,,,,False,-0.35389924971996034,,4,True
SERPINB8,5_minus_4,,,,False,0.03707688360503021,,4,True
SERPINB9,5_minus_4,,,,False,-0.11424742064023255,,4,True
SERPINC1,5_minus_4,,,,False,-0.011504052500814758,,4,True
SERPIND1,5_minus_4,,,,False,-0.00495472101522669,,4,True
SERPINE1,5_minus_4,,,,False,-0.13661897306119247,,4,True
SERPINE2,5_minus_4,,,,False,0.13598273421934445,,4,True
SERPINF1,5_minus_4,,,,False,0.00863420748681773,,4,True
SERPINF2,5_minus_4,,,,False,0.0010981320335293615,,4,True
SERPING1,5_minus_4,,,,False,-0.037885063783653465,,4,True
SERPINH1,5_minus_4,,,,False,-0.40550073019768773,,4,True
SERPINI1,5_minus_4,,,,False,0.06019467630708594,,4,True
SERPINI2,5_minus_4,,,,False,0.0033087623006566036,,4,True
SESTD1,5_minus_4,,,,False,-0.6407281593486571,,4,True
SETMAR,5_minus_4,,,,False,0.17532404672646174,,4,True
SEZ6,5_minus_4,,,,False,0.6746107680850625,,4,True
SEZ6L,5_minus_4,,,,False,0.17327045428167864,,4,True
SEZ6L2,5_minus_4,,,,False,-0.045832406344970496,,4,True
SF3B4,5_minus_4,,,,False,-0.8641900959119422,,4,True
SFRP1,5_minus_4,,,,False,1.496898363569009,,4,True
SFRP4,5_minus_4,,,,False,-0.053330605983789664,,4,True
SFTPA1,5_minus_4,,,,False,0.25949856579074415,,4,True
SFTPA2,5_minus_4,,,,False,0.31670734023271996,,4,True
SFTPD,5_minus_4,,,,False,-0.33436435742366866,,4,True
SGSH,5_minus_4,,,,False,-0.0030961878488596217,,4,True
SH2B3,5_minus_4,,,,False,-0.25853376309824794,,4,True
SH2D1A,5_minus_4,,,,False,-0.1509401165227437,,4,True
SH3BGRL2,5_minus_4,,,,False,0.10326521919382556,,4,True
SH3BP1,5_minus_4,,,,False,-0.19742643770532084,,4,True
SH3GLB2,5_minus_4,,,,False,0.4530250038690703,,4,True
SHBG,5_minus_4,,,,False,0.0030448049471541033,,4,True
SHC1,5_minus_4,,,,False,1.4096968440167421,,4,True
SHD,5_minus_4,,,,False,0.3873593879026208,,4,True
SHH,5_minus_4,,,,False,-0.2277187434911112,,4,True
SHISA5,5_minus_4,,,,False,0.2213721577556879,,4,True
SHMT1,5_minus_4,,,,False,-0.14233808670322814,,4,True
SHPK,5_minus_4,,,,False,0.010496552308954327,,4,True
SIAE,5_minus_4,,,,False,-0.006284251183720058,,4,True
SIGLEC1,5_minus_4,,,,False,-0.03913226497077342,,4,True
SIGLEC10,5_minus_4,,,,False,-0.06025049693305619,,4,True
SIGLEC15,5_minus_4,,,,False,0.06924028941586546,,4,True
SIGLEC5,5_minus_4,,,,False,-0.16479331083305565,,4,True
SIGLEC6,5_minus_4,,,,False,0.1276709678768269,,4,True
SIGLEC7,5_minus_4,,,,False,-0.17023300553300555,,4,True
SIGLEC8,5_minus_4,,,,False,0.025574196444502123,,4,True
SIGLEC9,5_minus_4,,,,False,-0.13801380555430826,,4,True
SIL1,5_minus_4,,,,False,-0.12854813930227438,,4,True
SIRPA,5_minus_4,,,,False,-0.0373485929304505,,4,True
SIRPB1,5_minus_4,,,,False,-0.13793820760607448,,4,True
SIRT1,5_minus_4,,,,False,0.05701279032943443,,4,True
SIRT2,5_minus_4,,,,False,0.2724420772795234,,4,True
SIRT5,5_minus_4,,,,False,-0.3925106836238395,,4,True
SIT1,5_minus_4,,,,False,0.0177446681159978,,4,True
SKAP1,5_minus_4,,,,False,-0.14831510534328907,,4,True
SKAP2,5_minus_4,,,,False,-1.0285032676189476,,4,True
SKIV2L,5_minus_4,,,,False,0.27686677849679453,,4,True
SLA2,5_minus_4,,,,False,-0.3224562178862951,,4,True
SLAMF1,5_minus_4,,,,False,0.5746507075359589,,4,True
SLAMF6,5_minus_4,,,,False,-0.3747780283517647,,4,True
SLAMF7,5_minus_4,,,,False,-0.004227629966829002,,4,True
SLAMF8,5_minus_4,,,,False,0.0827639628399937,,4,True
SLC12A2,5_minus_4,,,,False,0.15485599274136908,,4,True
SLC13A1,5_minus_4,,,,False,-0.6435878342790422,,4,True
SLC16A1,5_minus_4,,,,False,0.28044865961693943,,4,True
SLC1A4,5_minus_4,,,,False,-0.6756844914642508,,4,True
SLC27A4,5_minus_4,,,,False,0.18839944306769313,,4,True
SLC28A1,5_minus_4,,,,False,0.0,,4,True
SLC34A3,5_minus_4,,,,False,0.0,,4,True
SLC39A14,5_minus_4,,,,False,-0.397769724822987,,4,True
SLC39A5,5_minus_4,,,,False,-0.005169155025445942,,4,True
SLC44A4,5_minus_4,,,,False,0.1539308527801312,,4,True
SLC4A1,5_minus_4,,,,False,-0.39572747738913716,,4,True
SLC51B,5_minus_4,,,,False,0.2936332101738571,,4,True
SLC9A3R1,5_minus_4,,,,False,-0.4738744599301568,,4,True
SLIRP,5_minus_4,,,,False,0.0,,4,True
SLIT2,5_minus_4,,,,False,0.5271342704019938,,4,True
SLITRK1,5_minus_4,,,,False,-0.06607151537209574,,4,True
SLITRK2,5_minus_4,,,,False,-0.1308896723028536,,4,True
SLITRK6,5_minus_4,,,,False,-0.30393575732102435,,4,True
SLK,5_minus_4,,,,False,0.22074205175514564,,4,True
SLMAP,5_minus_4,,,,False,0.11153559054769263,,4,True
SLURP1,5_minus_4,,,,False,0.19243094996890697,,4,True
SMAD1,5_minus_4,,,,False,-0.3881883516078996,,4,True
SMAD2,5_minus_4,,,,False,-0.18835423777637195,,4,True
SMAD3,5_minus_4,,,,False,0.16756268104314906,,4,True
SMAD5,5_minus_4,,,,False,-0.05854968653342791,,4,True
SMARCA2,5_minus_4,,,,False,0.14731423734043203,,4,True
SMC3,5_minus_4,,,,False,0.0,,4,True
SMNDC1,5_minus_4,,,,False,0.011815250999405807,,4,True
SMOC1,5_minus_4,,,,False,0.1855595717675544,,4,True
SMOC2,5_minus_4,,,,False,-0.08958699466530828,,4,True
SMPD1,5_minus_4,,,,False,0.07015914529035194,,4,True
SMPD3,5_minus_4,,,,False,0.41023973651635676,,4,True
SMPDL3A,5_minus_4,,,,False,0.14017425355428847,,4,True
SMPDL3B,5_minus_4,,,,False,0.019902302502404656,,4,True
SMS,5_minus_4,,,,False,-0.4304438593659475,,4,True
SMTN,5_minus_4,,,,False,-0.3711315404047983,,4,True
SNAP23,5_minus_4,,,,False,-0.715904421714961,,4,True
SNAP25,5_minus_4,,,,False,0.09849062803176808,,4,True
SNAP29,5_minus_4,,,,False,-0.3403538237650545,,4,True
SNCA,5_minus_4,,,,False,0.827749161288119,,4,True
SNCG,5_minus_4,,,,False,0.25983402511320486,,4,True
SNED1,5_minus_4,,,,False,-0.03452288371958048,,4,True
SNRPB2,5_minus_4,,,,False,0.6248220968274452,,4,True
SNU13,5_minus_4,,,,False,0.47658525260410434,,4,True
SNX18,5_minus_4,,,,False,0.10335753294879585,,4,True
SNX2,5_minus_4,,,,False,-0.39748872399693896,,4,True
SNX5,5_minus_4,,,,False,0.27545135575616186,,4,True
SNX9,5_minus_4,,,,False,-0.0585268334912728,,4,True
SOD1,5_minus_4,,,,False,0.32529896583480195,,4,True
SOD2,5_minus_4,,,,False,0.17132882091110507,,4,True
SOD3,5_minus_4,,,,False,0.07723801213383767,,4,True
SORBS1,5_minus_4,,,,False,0.5120565946136014,,4,True
SORCS2,5_minus_4,,,,False,0.5150145142707749,,4,True
SORD,5_minus_4,,,,False,-0.1808646941246141,,4,True
SORT1,5_minus_4,,,,False,-0.1688541369976787,,4,True
SOST,5_minus_4,,,,False,-0.08203972505182126,,4,True
SOWAHA,5_minus_4,,,,False,0.699316288978851,,4,True
SOX2,5_minus_4,,,,False,-0.0332353263868156,,4,True
SOX9,5_minus_4,,,,False,0.7400555027011944,,4,True
SPACA5_SPACA5B,5_minus_4,,,,False,0.11388534794248306,,4,True
SPAG1,5_minus_4,,,,False,0.3310925653088135,,4,True
SPARC,5_minus_4,,,,False,-0.034477337074011946,,4,True
SPARCL1,5_minus_4,,,,False,-0.06164678485112379,,4,True
SPART,5_minus_4,,,,False,-0.014940079471983003,,4,True
SPESP1,5_minus_4,,,,False,-0.23821119580130484,,4,True
SPINK1,5_minus_4,,,,False,0.09728814813109044,,4,True
SPINK2,5_minus_4,,,,False,0.06721356450564457,,4,True
SPINK4,5_minus_4,,,,False,0.08579156793059381,,4,True
SPINK5,5_minus_4,,,,False,-0.2011128348924193,,4,True
SPINK6,5_minus_4,,,,False,0.1778342791064359,,4,True
SPINK8,5_minus_4,,,,False,-0.18842247394854875,,4,True
SPINT1,5_minus_4,,,,False,-0.21425352208411,,4,True
SPINT2,5_minus_4,,,,False,0.037908619259974095,,4,True
SPINT3,5_minus_4,,,,False,0.7594804874338887,,4,True
SPOCK1,5_minus_4,,,,False,0.2968732350100759,,4,True
SPON1,5_minus_4,,,,False,0.20785763558336284,,4,True
SPON2,5_minus_4,,,,False,0.22788807466655575,,4,True
SPP1,5_minus_4,,,,False,0.37580574796648236,,4,True
SPRED2,5_minus_4,,,,False,-0.4973142222128478,,4,True
SPRING1,5_minus_4,,,,False,0.0,,4,True
SPRR1B,5_minus_4,,,,False,2.0820178538071334,,4,True
SPRR3,5_minus_4,,,,False,0.5868230589504542,,4,True
SPRY2,5_minus_4,,,,False,-0.5391690316901946,,4,True
SPTBN2,5_minus_4,,,,False,0.11600543995586049,,4,True
SPTLC1,5_minus_4,,,,False,0.22375192591077642,,4,True
SRC,5_minus_4,,,,False,-0.9239116839518765,,4,True
SRP14,5_minus_4,,,,False,-0.3149125177854848,,4,True
SRPK2,5_minus_4,,,,False,-0.18752287564152062,,4,True
SRPX,5_minus_4,,,,False,0.07365740852127246,,4,True
SSB,5_minus_4,,,,False,0.4424217546729986,,4,True
SSC4D,5_minus_4,,,,False,0.0005079072213768077,,4,True
SSC5D,5_minus_4,,,,False,0.030130765090571096,,4,True
SSH3,5_minus_4,,,,False,0.0344294996759854,,4,True
SSNA1,5_minus_4,,,,False,-0.30012371412375966,,4,True
ST13,5_minus_4,,,,False,0.40135255978527773,,4,True
ST3GAL1,5_minus_4,,,,False,-0.12895881999762598,,4,True
ST8SIA1,5_minus_4,,,,False,0.4152956806007012,,4,True
STAB2,5_minus_4,,,,False,-0.14710749922550487,,4,True
STAM,5_minus_4,,,,False,-0.37720556789057774,,4,True
STAMBP,5_minus_4,,,,False,0.21554129766481878,,4,True
STAT2,5_minus_4,,,,False,-0.20251322198265098,,4,True
STAT5B,5_minus_4,,,,False,-0.1847666751112799,,4,True
STAU1,5_minus_4,,,,False,0.040266436799393096,,4,True
STC1,5_minus_4,,,,False,0.8636303340670377,,4,True
STC2,5_minus_4,,,,False,0.17399892698509828,,4,True
STEAP4,5_minus_4,,,,False,0.010157638414033915,,4,True
STIP1,5_minus_4,,,,False,0.20965275401548827,,4,True
STK11,5_minus_4,,,,False,0.1102928171840751,,4,True
STK4,5_minus_4,,,,False,-0.550367888957099,,4,True
STOML2,5_minus_4,,,,False,0.33611076923322125,,4,True
STX16,5_minus_4,,,,False,-0.8017798566341546,,4,True
STX1B,5_minus_4,,,,False,-0.05140166279379084,,4,True
STX3,5_minus_4,,,,False,0.24261141432565825,,4,True
STX4,5_minus_4,,,,False,-0.527444098578449,,4,True
STX5,5_minus_4,,,,False,0.3945054724414302,,4,True
STX6,5_minus_4,,,,False,-0.109719313481974,,4,True
STX7,5_minus_4,,,,False,0.0120124563113303,,4,True
STX8,5_minus_4,,,,False,-0.522249058292789,,4,True
STXBP3,5_minus_4,,,,False,0.4416461992980689,,4,True
SUGP1,5_minus_4,,,,False,0.054987918547014764,,4,True
SUGT1,5_minus_4,,,,False,0.5159650599232846,,4,True
SULT1A1,5_minus_4,,,,False,-0.7502746195368322,,4,True
SULT2A1,5_minus_4,,,,False,0.12671242957379558,,4,True
SUMF1,5_minus_4,,,,False,0.3222726574791169,,4,True
SUMF2,5_minus_4,,,,False,0.2411834876502843,,4,True
SUOX,5_minus_4,,,,False,0.3741647969156758,,4,True
SUSD1,5_minus_4,,,,False,-0.5835057959326386,,4,True
SUSD2,5_minus_4,,,,False,-0.13653167426916513,,4,True
SUSD4,5_minus_4,,,,False,-0.005334025403856912,,4,True
SUSD5,5_minus_4,,,,False,-0.05983884938959831,,4,True
SV2A,5_minus_4,,,,False,0.17717189038949174,,4,True
SWAP70,5_minus_4,,,,False,0.08178704121363775,,4,True
SYAP1,5_minus_4,,,,False,-0.7389053473445406,,4,True
SYNGAP1,5_minus_4,,,,False,1.6692283668265635,,4,True
SYT1,5_minus_4,,,,False,0.7139678427997111,,4,True
SYTL4,5_minus_4,,,,False,-0.3689614853913069,,4,True
TAB2,5_minus_4,,,,False,-1.0969708660253907,,4,True
TACC3,5_minus_4,,,,False,-0.8594768502411523,,4,True
TACSTD2,5_minus_4,,,,False,0.11393969239390553,,4,True
TADA3,5_minus_4,,,,False,-2.0231508133742473,,4,True
TAFA5,5_minus_4,,,,False,0.12492070731645749,,4,True
TALDO1,5_minus_4,,,,False,0.33044678054058063,,4,True
TANK,5_minus_4,,,,False,0.2698050192178942,,4,True
TAP1,5_minus_4,,,,False,0.4304185320069926,,4,True
TARBP2,5_minus_4,,,,False,-0.16956071036439674,,4,True
TARM1,5_minus_4,,,,False,0.30249259062612377,,4,True
TARS1,5_minus_4,,,,False,0.18688628579423716,,4,True
TAX1BP1,5_minus_4,,,,False,-0.3979778383472363,,4,True
TBC1D17,5_minus_4,,,,False,-0.10250178102880131,,4,True
TBC1D23,5_minus_4,,,,False,-0.8180364762799407,,4,True
TBC1D5,5_minus_4,,,,False,-0.8611159725766748,,4,True
TBCA,5_minus_4,,,,False,0.35946243319858384,,4,True
TBCB,5_minus_4,,,,False,-0.12199116447329483,,4,True
TBCC,5_minus_4,,,,False,-0.04796035001370255,,4,True
TBL1X,5_minus_4,,,,False,-0.3330057424558364,,4,True
TBR1,5_minus_4,,,,False,0.48039483193894095,,4,True
TCL1A,5_minus_4,,,,False,-0.14760744065740655,,4,True
TCL1B,5_minus_4,,,,False,0.15600546897119882,,4,True
TCN1,5_minus_4,,,,False,-0.08444207637489266,,4,True
TCN2,5_minus_4,,,,False,0.0893431723707786,,4,True
TCOF1,5_minus_4,,,,False,-0.008845405495356479,,4,True
TCP11,5_minus_4,,,,False,0.1260982181721263,,4,True
TCTN3,5_minus_4,,,,False,0.022962585901930704,,4,True
TDGF1,5_minus_4,,,,False,0.0519574123879426,,4,True
TDO2,5_minus_4,,,,False,0.8447396797900915,,4,True
TDP1,5_minus_4,,,,False,0.11973598260670738,,4,True
TDRKH,5_minus_4,,,,False,0.2256550575894651,,4,True
TEF,5_minus_4,,,,False,-0.30562983391077425,,4,True
TEK,5_minus_4,,,,False,-0.12004010872381585,,4,True
TERF1,5_minus_4,,,,False,-0.10126783822469898,,4,True
TET2,5_minus_4,,,,False,0.1804041050571171,,4,True
TEX101,5_minus_4,,,,False,0.3727967609405207,,4,True
TEX33,5_minus_4,,,,False,0.09294522757634034,,4,True
TF,5_minus_4,,,,False,0.0876885811143362,,4,True
TFAP2A,5_minus_4,,,,False,0.16359146813545844,,4,True
TFF1,5_minus_4,,,,False,0.09364987065522501,,4,True
TFF2,5_minus_4,,,,False,0.3617304807812982,,4,True
TFF3,5_minus_4,,,,False,0.15792033428209393,,4,True
TFPI,5_minus_4,,,,False,0.09118469431136209,,4,True
TFPI2,5_minus_4,,,,False,-0.033914392876036405,,4,True
TFRC,5_minus_4,,,,False,0.008071814349362591,,4,True
TG,5_minus_4,,,,False,0.06253872754250003,,4,True
TGFA,5_minus_4,,,,False,0.1556831297643922,,4,True
TGFB1,5_minus_4,,,,False,-0.008193982584741355,,4,True
TGFB2,5_minus_4,,,,False,0.30345212941248795,,4,True
TGFBI,5_minus_4,,,,False,-0.030453556292963695,,4,True
TGFBR1,5_minus_4,,,,False,1.1434663136786247,,4,True
TGFBR2,5_minus_4,,,,False,-0.10323134542972145,,4,True
TGFBR3,5_minus_4,,,,False,0.05103339525109141,,4,True
TGM2,5_minus_4,,,,False,-0.08197005936381818,,4,True
TGOLN2,5_minus_4,,,,False,-0.0052793659795714876,,4,True
THAP12,5_minus_4,,,,False,0.6902627856169943,,4,True
THBD,5_minus_4,,,,False,-0.1449437985631551,,4,True
THBS2,5_minus_4,,,,False,0.08842926226257661,,4,True
THBS4,5_minus_4,,,,False,0.1779139242539336,,4,True
THOP1,5_minus_4,,,,False,0.09195086223021484,,4,True
THPO,5_minus_4,,,,False,-0.32821190527844085,,4,True
THRAP3,5_minus_4,,,,False,0.08874362726807279,,4,True
THSD1,5_minus_4,,,,False,0.13210184712517825,,4,True
THTPA,5_minus_4,,,,False,0.04581198809061328,,4,True
THY1,5_minus_4,,,,False,0.08853488925618015,,4,True
TIA1,5_minus_4,,,,False,0.2595038953427239,,4,True
TIE1,5_minus_4,,,,False,-0.3256867704083083,,4,True
TIGAR,5_minus_4,,,,False,-0.31548979289134194,,4,True
TIGIT,5_minus_4,,,,False,0.16284965365027956,,4,True
TIMD4,5_minus_4,,,,False,0.17894359691275286,,4,True
TIMM10,5_minus_4,,,,False,0.0542796191263387,,4,True
TIMM8A,5_minus_4,,,,False,-0.234729510500089,,4,True
TIMP1,5_minus_4,,,,False,0.130190448789186,,4,True
TIMP2,5_minus_4,,,,False,-0.02336029141314211,,4,True
TIMP3,5_minus_4,,,,False,0.2945282769799582,,4,True
TIMP4,5_minus_4,,,,False,0.4258389747601006,,4,True
TINAGL1,5_minus_4,,,,False,-0.18833369260261318,,4,True
TJAP1,5_minus_4,,,,False,-0.20181212388000555,,4,True
TJP3,5_minus_4,,,,False,0.2275185855984717,,4,True
TK1,5_minus_4,,,,False,-0.660021163709436,,4,True
TLR1,5_minus_4,,,,False,-0.1909815857363582,,4,True
TLR2,5_minus_4,,,,False,0.5813631140524074,,4,True
TLR3,5_minus_4,,,,False,0.002314447933238206,,4,True
TLR4,5_minus_4,,,,False,0.35643803326742324,,4,True
TMCO5A,5_minus_4,,,,False,0.3743159844778171,,4,True
TMED1,5_minus_4,,,,False,-0.22855143655435417,,4,True
TMED10,5_minus_4,,,,False,-0.021329545318516607,,4,True
TMED4,5_minus_4,,,,False,0.23711371112591195,,4,True
TMED8,5_minus_4,,,,False,-0.23547655260374106,,4,True
TMEM106A,5_minus_4,,,,False,0.08195795752509055,,4,True
TMEM132A,5_minus_4,,,,False,0.16909396630856344,,4,True
TMEM25,5_minus_4,,,,False,0.3907108583380621,,4,True
TMOD4,5_minus_4,,,,False,0.5358025866268419,,4,True
TMPRSS11B,5_minus_4,,,,False,0.09906856202375408,,4,True
TMPRSS11D,5_minus_4,,,,False,0.27690544643544035,,4,True
TMPRSS15,5_minus_4,,,,False,-0.2357294941816772,,4,True
TMPRSS5,5_minus_4,,,,False,0.015703268994313194,,4,True
TMSB10,5_minus_4,,,,False,0.23228578710426517,,4,True
TNF,5_minus_4,,,,False,-0.024635765077700655,,4,True
TNFAIP2,5_minus_4,,,,False,-0.20690195534916783,,4,True
TNFAIP8,5_minus_4,,,,False,-0.920979575207081,,4,True
TNFAIP8L2,5_minus_4,,,,False,-0.6504912786185081,,4,True
TNFRSF10A,5_minus_4,,,,False,0.3500293932297501,,4,True
TNFRSF10B,5_minus_4,,,,False,0.2337315471250101,,4,True
TNFRSF10C,5_minus_4,,,,False,0.08328021191016077,,4,True
TNFRSF11A,5_minus_4,,,,False,0.22033249278858058,,4,True
TNFRSF11B,5_minus_4,,,,False,-0.10559405919768411,,4,True
TNFRSF12A,5_minus_4,,,,False,0.3839978756932755,,4,True
TNFRSF13B,5_minus_4,,,,False,-0.048772676321324177,,4,True
TNFRSF13C,5_minus_4,,,,False,0.3518555469492436,,4,True
TNFRSF14,5_minus_4,,,,False,-0.17570767792662823,,4,True
TNFRSF17,5_minus_4,,,,False,0.016784727175433854,,4,True
TNFRSF19,5_minus_4,,,,False,0.0017030038859154328,,4,True
TNFRSF1A,5_minus_4,,,,False,0.14344448946451985,,4,True
TNFRSF1B,5_minus_4,,,,False,-0.13323590161415846,,4,True
TNFRSF21,5_minus_4,,,,False,-0.19210872792038872,,4,True
TNFRSF4,5_minus_4,,,,False,-0.166231644322975,,4,True
TNFRSF6B,5_minus_4,,,,False,-0.06858105194414131,,4,True
TNFRSF8,5_minus_4,,,,False,-0.0082641039126546,,4,True
TNFRSF9,5_minus_4,,,,False,0.20332701047109863,,4,True
TNFSF10,5_minus_4,,,,False,-0.10707215905182815,,4,True
TNFSF11,5_minus_4,,,,False,0.08868749489749533,,4,True
TNFSF12,5_minus_4,,,,False,0.15555291710931185,,4,True
TNFSF13,5_minus_4,,,,False,-0.021954036401741844,,4,True
TNFSF13B,5_minus_4,,,,False,0.00014520634232784851,,4,True
TNFSF14,5_minus_4,,,,False,0.11162331249718044,,4,True
TNFSF9,5_minus_4,,,,False,0.3794151681104535,,4,True
TNIP1,5_minus_4,,,,False,-0.5816079980053545,,4,True
TNN,5_minus_4,,,,False,-0.08011693825976235,,4,True
TNR,5_minus_4,,,,False,0.16699969878695803,,4,True
TNXB,5_minus_4,,,,False,0.028838115927387553,,4,True
TOM1L2,5_minus_4,,,,False,-0.3411228339501742,,4,True
TOMM20,5_minus_4,,,,False,0.16242493562144125,,4,True
TOP1,5_minus_4,,,,False,0.241524382257497,,4,True
TOP1MT,5_minus_4,,,,False,1.0162103609175006,,4,True
TOP2B,5_minus_4,,,,False,-0.40099161099437935,,4,True
TOR1AIP1,5_minus_4,,,,False,0.42194535803709843,,4,True
TP53,5_minus_4,,,,False,0.05606577204347786,,4,True
TP53BP1,5_minus_4,,,,False,-0.19970433360211445,,4,True
TP53I3,5_minus_4,,,,False,0.3117722904107472,,4,True
TP53INP1,5_minus_4,,,,False,0.006038686079974258,,4,True
TP73,5_minus_4,,,,False,1.920103341057464,,4,True
TPBGL,5_minus_4,,,,False,-0.45821237806946324,,4,True
TPD52L2,5_minus_4,,,,False,-0.40691910875261045,,4,True
TPK1,5_minus_4,,,,False,0.06882181931944334,,4,True
TPM3,5_minus_4,,,,False,1.2117101561518273,,4,True
TPMT,5_minus_4,,,,False,-0.31604411042750324,,4,True
TPP1,5_minus_4,,,,False,0.07119947726331355,,4,True
TPPP2,5_minus_4,,,,False,-0.1510645650358391,,4,True
TPPP3,5_minus_4,,,,False,-0.22475496987913834,,4,True
TPR,5_minus_4,,,,False,0.7146279826916583,,4,True
TPRKB,5_minus_4,,,,False,0.0,,4,True
TPSAB1,5_minus_4,,,,False,-0.07817037865502327,,4,True
TPSD1,5_minus_4,,,,False,0.27104703596382285,,4,True
TPSG1,5_minus_4,,,,False,-0.06964338543874954,,4,True
TPT1,5_minus_4,,,,False,0.3356293267310881,,4,True
TRAF2,5_minus_4,,,,False,0.25155099000811654,,4,True
TRAF3,5_minus_4,,,,False,-0.18903594883698477,,4,True
TRAF3IP2,5_minus_4,,,,False,1.1488520749080204,,4,True
TRDMT1,5_minus_4,,,,False,-0.7914963461876637,,4,True
TREH,5_minus_4,,,,False,-0.07691945938386216,,4,True
TREM2,5_minus_4,,,,False,-0.004924568603021318,,4,True
TREML1,5_minus_4,,,,False,-0.08836108787570188,,4,True
TREML2,5_minus_4,,,,False,-0.4489356335597468,,4,True
TRIAP1,5_minus_4,,,,False,0.0406760605490955,,4,True
TRIM21,5_minus_4,,,,False,0.1530543417631813,,4,True
TRIM24,5_minus_4,,,,False,-0.5045495591604678,,4,True
TRIM25,5_minus_4,,,,False,-0.43280704934532427,,4,True
TRIM26,5_minus_4,,,,False,1.5539358504930896,,4,True
TRIM40,5_minus_4,,,,False,-1.2287928652444764,,4,True
TRIM5,5_minus_4,,,,False,-0.5037413952867119,,4,True
TRIM58,5_minus_4,,,,False,0.27184672314452885,,4,True
TRPV3,5_minus_4,,,,False,-0.593306200304125,,4,True
TSC22D1,5_minus_4,,,,False,-0.4623121955060656,,4,True
TSHB,5_minus_4,,,,False,0.8312381278473283,,4,True
TSLP,5_minus_4,,,,False,0.03928210879687699,,4,True
TSPAN1,5_minus_4,,,,False,-0.006527074231568598,,4,True
TSPAN15,5_minus_4,,,,False,0.12422624610560004,,4,True
TSPAN7,5_minus_4,,,,False,0.18152465588199007,,4,True
TSPAN8,5_minus_4,,,,False,0.10246811421375868,,4,True
TSPYL1,5_minus_4,,,,False,-0.5078679809888778,,4,True
TST,5_minus_4,,,,False,-0.021428754842151745,,4,True
TTF2,5_minus_4,,,,False,-0.39054547359699954,,4,True
TTN,5_minus_4,,,,False,0.46397274475729217,,4,True
TTR,5_minus_4,,,,False,-0.0081493477080367,,4,True
TUBB3,5_minus_4,,,,False,-0.1857718946493472,,4,True
TWF2,5_minus_4,,,,False,-0.5417891092173673,,4,True
TXK,5_minus_4,,,,False,0.09745552643933192,,4,True
TXLNA,5_minus_4,,,,False,-0.2896181110614661,,4,True
TXN,5_minus_4,,,,False,0.5236045376806197,,4,True
TXNDC15,5_minus_4,,,,False,0.037567616821335886,,4,True
TXNDC5,5_minus_4,,,,False,-0.21356195960733687,,4,True
TXNDC9,5_minus_4,,,,False,-0.014966449810931544,,4,True
TXNL1,5_minus_4,,,,False,0.8773214616182692,,4,True
TXNRD1,5_minus_4,,,,False,0.17242043813794922,,4,True
TYMP,5_minus_4,,,,False,-0.0397421485012206,,4,True
TYRO3,5_minus_4,,,,False,-0.17755181789750235,,4,True
TYRP1,5_minus_4,,,,False,0.19281533209107504,,4,True
UBAC1,5_minus_4,,,,False,0.35532731671131246,,4,True
UBE2B,5_minus_4,,,,False,0.05183280238713865,,4,True
UBE2L6,5_minus_4,,,,False,0.1994718081604784,,4,True
UBE2Z,5_minus_4,,,,False,0.6338645625138152,,4,True
UBQLN3,5_minus_4,,,,False,0.4942370376725497,,4,True
UBXN1,5_minus_4,,,,False,-0.10406742783848073,,4,True
UFD1,5_minus_4,,,,False,-0.741284263516008,,4,True
UGDH,5_minus_4,,,,False,-0.2923393474617403,,4,True
UHRF2,5_minus_4,,,,False,0.4529493320542666,,4,True
ULBP2,5_minus_4,,,,False,0.20533139288905247,,4,True
UMOD,5_minus_4,,,,False,-0.1517458348010026,,4,True
UNC5D,5_minus_4,,,,False,-0.058578211615958886,,4,True
UNC79,5_minus_4,,,,False,0.0,,4,True
UNG,5_minus_4,,,,False,-0.1611219508869664,,4,True
UPB1,5_minus_4,,,,False,0.19496894856814978,,4,True
UPK3A,5_minus_4,,,,False,0.6978683713173789,,4,True
UPK3BL1,5_minus_4,,,,False,-0.012872829889387094,,4,True
UROD,5_minus_4,,,,False,0.4826077627838287,,4,True
USO1,5_minus_4,,,,False,-0.38178179227897324,,4,True
USP25,5_minus_4,,,,False,-0.18784793707717684,,4,True
USP28,5_minus_4,,,,False,0.22298508942701814,,4,True
USP47,5_minus_4,,,,False,0.5735868096702801,,4,True
USP8,5_minus_4,,,,False,-0.40283404000211176,,4,True
VAMP5,5_minus_4,,,,False,-0.01805894463138938,,4,True
VAMP8,5_minus_4,,,,False,-0.11298276301118185,,4,True
VASH1,5_minus_4,,,,False,-0.1742931727589574,,4,True
VASN,5_minus_4,,,,False,-0.07819096166207927,,4,True
VASP,5_minus_4,,,,False,0.14063016203738005,,4,True
VAT1,5_minus_4,,,,False,-0.15927829349211609,,4,True
VAV3,5_minus_4,,,,False,-0.27322914193975667,,4,True
VCAM1,5_minus_4,,,,False,0.1454445250503706,,4,True
VCAN,5_minus_4,,,,False,0.16143443774841215,,4,True
VCPKMT,5_minus_4,,,,False,0.1949082093771092,,4,True
VEGFA,5_minus_4,,,,False,0.0970626006644492,,4,True
VEGFB,5_minus_4,,,,False,0.37712031687600733,,4,True
VEGFC,5_minus_4,,,,False,0.07567219362128995,,4,True
VEGFD,5_minus_4,,,,False,-0.0663675540339471,,4,True
VGF,5_minus_4,,,,False,0.42830941411837326,,4,True
VIM,5_minus_4,,,,False,-0.15604527364861862,,4,True
VIPR1,5_minus_4,,,,False,-0.29303308431765557,,4,True
VIT,5_minus_4,,,,False,-0.08894646775977448,,4,True
VMO1,5_minus_4,,,,False,-0.18253411625583627,,4,True
VNN1,5_minus_4,,,,False,0.04362279225524526,,4,True
VNN2,5_minus_4,,,,False,0.10346591743800779,,4,True
VPS28,5_minus_4,,,,False,0.6379733467181227,,4,True
VPS37A,5_minus_4,,,,False,-0.01767306522427678,,4,True
VPS4B,5_minus_4,,,,False,-0.5505718756857132,,4,True
VPS53,5_minus_4,,,,False,-0.23216572670064084,,4,True
VSIG10,5_minus_4,,,,False,0.04237065689447339,,4,True
VSIG10L,5_minus_4,,,,False,0.8684880720430318,,4,True
VSIG2,5_minus_4,,,,False,-0.19264550721185159,,4,True
VSIG4,5_minus_4,,,,False,-0.03702721601547804,,4,True
VSIR,5_minus_4,,,,False,-0.3270913542129106,,4,True
VSNL1,5_minus_4,,,,False,0.15711582302483315,,4,True
VSTM1,5_minus_4,,,,False,-0.13253314349082257,,4,True
VSTM2B,5_minus_4,,,,False,0.11305835449700921,,4,True
VSTM2L,5_minus_4,,,,False,-0.42230204021924006,,4,True
VTA1,5_minus_4,,,,False,0.25538445023183676,,4,True
VTCN1,5_minus_4,,,,False,0.5073549376276919,,4,True
VTI1A,5_minus_4,,,,False,-0.02454635490299735,,4,True
VWA1,5_minus_4,,,,False,0.10133804785968903,,4,True
VWA5A,5_minus_4,,,,False,0.008208450957499558,,4,True
VWC2,5_minus_4,,,,False,0.028469346219715308,,4,True
VWC2L,5_minus_4,,,,False,0.1673461087565299,,4,True
VWF,5_minus_4,,,,False,-0.2977361800351038,,4,True
WARS1,5_minus_4,,,,False,-0.009745363150607644,,4,True
WAS,5_minus_4,,,,False,-0.757652217562814,,4,True
WASF1,5_minus_4,,,,False,-0.16349647449395033,,4,True
WASF3,5_minus_4,,,,False,-2.2535756247420298,,4,True
WASHC3,5_minus_4,,,,False,-0.3253110557649421,,4,True
WDR46,5_minus_4,,,,False,0.3169366875008738,,4,True
WFDC1,5_minus_4,,,,False,0.353822757212909,,4,True
WFDC12,5_minus_4,,,,False,0.28802983319157194,,4,True
WFDC2,5_minus_4,,,,False,0.17741129744939965,,4,True
WFIKKN1,5_minus_4,,,,False,-0.039622845277486905,,4,True
WFIKKN2,5_minus_4,,,,False,0.0034081661065989907,,4,True
WIF1,5_minus_4,,,,False,0.1753578806640478,,4,True
WNT9A,5_minus_4,,,,False,0.3484289593861444,,4,True
WWP2,5_minus_4,,,,False,-0.2829178697231433,,4,True
XCL1,5_minus_4,,,,False,-0.00767031488035394,,4,True
XG,5_minus_4,,,,False,0.029418594876694196,,4,True
XIAP,5_minus_4,,,,False,-0.16236177806214808,,4,True
XPNPEP2,5_minus_4,,,,False,0.1006381519685603,,4,True
XRCC4,5_minus_4,,,,False,0.5064686003629773,,4,True
YARS1,5_minus_4,,,,False,0.08818157440050589,,4,True
YES1,5_minus_4,,,,False,-0.5896711060397528,,4,True
YJU2,5_minus_4,,,,False,0.0109712809604912,,4,True
YOD1,5_minus_4,,,,False,0.4106418050596382,,4,True
YTHDF3,5_minus_4,,,,False,-0.5131746246111659,,4,True
YWHAQ,5_minus_4,,,,False,0.10423046073254869,,4,True
YY1,5_minus_4,,,,False,-0.6292915108916406,,4,True
ZBP1,5_minus_4,,,,False,0.40781010808231,,4,True
ZBTB16,5_minus_4,,,,False,0.0324542234182211,,4,True
ZBTB17,5_minus_4,,,,False,-0.11114395544544503,,4,True
ZCCHC8,5_minus_4,,,,False,0.7527947051942692,,4,True
ZFYVE19,5_minus_4,,,,False,-0.08795266354498613,,4,True
ZHX2,5_minus_4,,,,False,-0.03804814176403826,,4,True
ZNF75D,5_minus_4,,,,False,0.6431958090916922,,4,True
ZNF830,5_minus_4,,,,False,-0.05295120912457539,,4,True
ZNRD2,5_minus_4,,,,False,-0.2886673126982008,,4,True
ZNRF4,5_minus_4,,,,False,0.4418539063227961,,4,True
ZP3,5_minus_4,,,,False,0.118164539858373,,4,True
ZP4,5_minus_4,,,,False,0.0,,4,True
ZPR1,5_minus_4,,,,False,0.7005696327282707,,4,True
Timepoint,5_minus_4,,,,False,1.0,,4,True
