analyte_id,delta_comparison,W_statistic,p_value,q_value,significant,median_delta,log2fc,n_pairs,excluded
RSPO3,3_minus_2,0.0,6.103515625e-05,0.004523026315789474,True,-0.1449627845138547,-32.808587830501985,15,False
DLK1,3_minus_2,0.0,6.103515625e-05,0.004523026315789474,True,1.2731651932637624,38.441000913981824,15,False
SPINT1,3_minus_2,0.0,6.103515625e-05,0.004523026315789474,True,0.9802033552261135,37.949269031055856,15,False
TNXB,3_minus_2,0.0,6.103515625e-05,0.004523026315789474,True,-0.182389759373216,-3.21147730632323,15,False
GPC5,3_minus_2,0.0,6.103515625e-05,0.004523026315789474,True,-0.30813933575085944,-3.2738951862445087,15,False
MAN1A2,3_minus_2,0.0,6.103515625e-05,0.004523026315789474,True,0.5627156227550144,37.40139059689248,15,False
BGN,3_minus_2,0.0,6.103515625e-05,0.004523026315789474,True,0.7835107502175408,32.73154262189009,15,False
GDF15,3_minus_2,0.0,6.103515625e-05,0.004523026315789474,False,0.9178833750696117,0.0,15,False
DRAXIN,3_minus_2,0.0,6.103515625e-05,0.004523026315789474,True,-0.3851882056851055,-36.76996041113179,15,False
STC2,3_minus_2,0.0,6.103515625e-05,0.004523026315789474,True,-1.4820212268662283,-39.69429641592311,15,False
TINAGL1,3_minus_2,0.0,6.103515625e-05,0.004523026315789474,True,0.8102237099946705,38.41381708383106,15,False
LAIR2,3_minus_2,0.0,6.103515625e-05,0.004523026315789474,True,-1.174907178779434,-38.18537835702707,15,False
ERVV-1,3_minus_2,0.0,6.103515625e-05,0.004523026315789474,True,1.041298645216399,37.41072275577951,15,False
CD200,3_minus_2,0.0,6.103515625e-05,0.004523026315789474,True,0.5989242174091901,37.46921025162697,15,False
FLT4,3_minus_2,0.0,6.103515625e-05,0.004523026315789474,True,0.9183326713087068,38.21819285688324,15,False
TFRC,3_minus_2,0.0,6.103515625e-05,0.004523026315789474,True,0.27519255432943235,34.902075351719816,15,False
FAM171B,3_minus_2,0.0,6.103515625e-05,0.004523026315789474,True,0.4939281721827744,36.74241632840362,15,False
FBN2,3_minus_2,0.0,6.103515625e-05,0.004523026315789474,True,0.8899991231931816,38.74528512491757,15,False
TFF3,3_minus_2,0.0,6.103515625e-05,0.004523026315789474,True,0.7600800724281571,36.518417643945504,15,False
OBP2B,3_minus_2,0.0,6.103515625e-05,0.004523026315789474,False,0.5190016689703121,0.0,15,False
ISM2,3_minus_2,0.0,6.103515625e-05,0.004523026315789474,True,-0.5530120538237917,-37.932437596594994,15,False
SDC1,3_minus_2,0.0,6.103515625e-05,0.004523026315789474,True,1.5671020477578104,38.99842247652442,15,False
IGSF3,3_minus_2,0.0,6.103515625e-05,0.004523026315789474,True,1.4546032292380362,38.77437985572651,15,False
SGSH,3_minus_2,0.0,6.103515625e-05,0.004523026315789474,True,0.9283359183227862,37.42498266374594,15,False
MMP12,3_minus_2,0.0,6.103515625e-05,0.004523026315789474,True,-0.5548891580026901,-36.30008364032109,15,False
DDR1,3_minus_2,0.0,6.103515625e-05,0.004523026315789474,True,1.015841052061161,38.34876107308898,15,False
CSF1R,3_minus_2,0.0,6.103515625e-05,0.004523026315789474,True,0.6947167472849713,37.26328501598273,15,False
CSF2RA,3_minus_2,0.0,6.103515625e-05,0.004523026315789474,True,0.650060693773848,37.878251434059976,15,False
LTBP3,3_minus_2,0.0,6.103515625e-05,0.004523026315789474,True,1.0905695371392992,36.770766225903,15,False
NECTIN4,3_minus_2,0.0,6.103515625e-05,0.004523026315789474,True,0.8091807526152308,37.69590474085014,15,False
CSF3R,3_minus_2,0.0,6.103515625e-05,0.004523026315789474,True,1.417561891312285,39.343458299785624,15,False
CSH1,3_minus_2,0.0,6.103515625e-05,0.004523026315789474,True,1.1867325493020109,37.618795722374244,15,False
NRCAM,3_minus_2,0.0,6.103515625e-05,0.004523026315789474,True,0.8034060011363244,37.869990817866764,15,False
HGFAC,3_minus_2,0.0,6.103515625e-05,0.004523026315789474,True,-0.40948343073796856,-37.04220307468492,15,False
CRH,3_minus_2,0.0,6.103515625e-05,0.004523026315789474,True,3.439649355381767,40.60010152131268,15,False
SIGLEC6,3_minus_2,0.0,6.103515625e-05,0.004523026315789474,True,1.552230846516448,37.46620922067666,15,False
INSL4,3_minus_2,0.0,6.103515625e-05,0.004523026315789474,True,1.0121711500045194,37.554125145819555,15,False
HSPB6,3_minus_2,0.0,6.103515625e-05,0.004523026315789474,False,0.6305450011957605,0.0,15,False
PGLYRP2,3_minus_2,1.0,0.0001220703125,0.005456349206349206,False,-0.18308960913111258,0.0,15,False
TFPI2,3_minus_2,1.0,0.0001220703125,0.005456349206349206,True,0.7330755407301205,37.63721447892916,15,False
C1QTNF6,3_minus_2,1.0,0.0001220703125,0.005456349206349206,False,0.5773904139430172,0.0,15,False
PCDH7,3_minus_2,1.0,0.0001220703125,0.005456349206349206,True,0.8041849173781448,37.1726183940706,15,False
KIT,3_minus_2,1.0,0.0001220703125,0.005456349206349206,True,-0.3015309962640965,-36.94025737307225,15,False
TREML2,3_minus_2,1.0,0.0001220703125,0.005456349206349206,True,0.7226851063544495,37.88695381414584,15,False
TREH,3_minus_2,1.0,0.0001220703125,0.005456349206349206,False,0.5798998423203332,0.0,15,False
GRN,3_minus_2,1.0,0.0001220703125,0.005456349206349206,True,0.8294447717863855,38.05954005225689,15,False
OLR1,3_minus_2,1.0,0.0001220703125,0.005456349206349206,True,0.8852030899768395,36.7451987591624,15,False
AFP,3_minus_2,1.0,0.0001220703125,0.005456349206349206,True,0.22206627064582027,6.371826751158557,15,False
Timepoint,3_minus_2,0.0,0.00010751117672950054,0.005456349206349206,True,1.0,1.222392421336448,15,False
ALPP,3_minus_2,1.0,0.0001220703125,0.005456349206349206,True,1.3670917987583384,39.41312627561627,15,False
ENPP5,3_minus_2,1.0,0.0001220703125,0.005456349206349206,True,-0.1746014143816689,-36.585010427298556,15,False
CCDC80,3_minus_2,1.0,0.0001220703125,0.005456349206349206,True,-0.27632732443408914,-37.55877441803333,15,False
CRIM1,3_minus_2,1.0,0.0001220703125,0.005456349206349206,True,0.8503589175066211,37.6376553487791,15,False
SEMA7A,3_minus_2,1.0,0.0001220703125,0.005456349206349206,True,1.1253227884156234,37.963164450152405,15,False
PRSS8,3_minus_2,1.0,0.0001220703125,0.005456349206349206,True,0.7037729462340143,37.20576438598987,15,False
SLC39A5,3_minus_2,1.0,0.0001220703125,0.005456349206349206,True,0.443357969085152,34.765666394531955,15,False
DPEP2,3_minus_2,1.0,0.0001220703125,0.005456349206349206,True,0.6807350881423706,36.346641442655034,15,False
PRTG,3_minus_2,1.0,0.0001220703125,0.005456349206349206,True,0.6716073749430499,38.25564141427791,15,False
CD274,3_minus_2,1.0,0.0001220703125,0.005456349206349206,True,0.8933478828214649,38.61603851199216,15,False
LIFR,3_minus_2,1.0,0.0001220703125,0.005456349206349206,True,0.5474983266465079,36.490005596375674,15,False
CSF2RB,3_minus_2,1.0,0.0001220703125,0.005456349206349206,True,0.8174231564438383,38.043339469557104,15,False
CD8A,3_minus_2,1.0,0.0001220703125,0.005456349206349206,True,-0.6904689280115566,-38.32863389302783,15,False
LYPD3,3_minus_2,1.0,0.0001220703125,0.005456349206349206,True,0.5491428809866303,35.51248693190251,15,False
ACTA2,3_minus_2,2.0,0.00018310546875,0.006967905405405405,False,0.3886943900138573,0.0,15,False
DAG1,3_minus_2,2.0,0.00018310546875,0.006967905405405405,True,0.7725573307028315,37.47309750888616,15,False
TNFSF12,3_minus_2,2.0,0.00018310546875,0.006967905405405405,True,-0.374808840914697,-37.268241703562666,15,False
TPP1,3_minus_2,2.0,0.00018310546875,0.006967905405405405,True,0.5389943235807289,36.27430504870347,15,False
B4GALT1,3_minus_2,2.0,0.00018310546875,0.006967905405405405,True,0.315587234992559,36.34080837407087,15,False
LGMN,3_minus_2,2.0,0.00018310546875,0.006967905405405405,True,0.5094606789052172,37.11344812410392,15,False
HS6ST2,3_minus_2,2.0,0.00018310546875,0.006967905405405405,True,0.4219005506666955,37.68696922195718,15,False
ARTN,3_minus_2,2.0,0.00018310546875,0.006967905405405405,True,0.6127335202274896,37.10263817706838,15,False
CRLF1,3_minus_2,2.0,0.00018310546875,0.006967905405405405,True,-0.8265764136745866,-38.60063286032882,15,False
TGFB1,3_minus_2,2.0,0.00018310546875,0.006967905405405405,True,0.9127910372525015,38.55449785790744,15,False
HRG,3_minus_2,2.0,0.00018310546875,0.006967905405405405,True,-0.5062579772804077,-37.30024746595921,15,False
COL2A1,3_minus_2,3.0,0.00030517578125,0.010353915662650601,True,-0.3567894563931433,-8.477312430963364,15,False
MYL3,3_minus_2,3.0,0.00030517578125,0.010353915662650601,False,0.7648973143263367,0.0,15,False
DHPS,3_minus_2,3.0,0.00030517578125,0.010353915662650601,False,0.5915845365512977,0.0,15,False
POSTN,3_minus_2,3.0,0.00030517578125,0.010353915662650601,True,-0.36303167869356606,-37.26871081526621,15,False
CBLN4,3_minus_2,3.0,0.00030517578125,0.010353915662650601,True,-0.2990588834053934,-36.85360918615492,15,False
PRG2,3_minus_2,3.0,0.00030517578125,0.010353915662650601,True,-0.354998959210735,-36.176511667001876,15,False
LXN,3_minus_2,3.0,0.00030517578125,0.010353915662650601,True,-0.1819689090807097,-32.17884316536372,15,False
SPRR3,3_minus_2,3.0,0.00030517578125,0.010353915662650601,True,1.4389185921205927,39.71941474817044,15,False
GH1,3_minus_2,3.0,0.00030517578125,0.010353915662650601,True,-0.2775459012408875,-35.909541051203924,15,False
PGF,3_minus_2,4.0,0.00042724609375,0.013671875,True,1.3417413595095338,40.348384065854454,15,False
RET,3_minus_2,4.0,0.00042724609375,0.013671875,True,0.2522763546336537,37.3016222821863,15,False
PLAU,3_minus_2,4.0,0.00042724609375,0.013671875,True,0.6469334629919868,37.25209258267139,15,False
FOLR1,3_minus_2,4.0,0.00042724609375,0.013671875,True,0.4358271664297172,37.108123917455494,15,False
FURIN,3_minus_2,4.0,0.00042724609375,0.013671875,True,0.4238866073101689,36.24298611521258,15,False
PRND,3_minus_2,5.0,0.0006103515625,0.017187499999999998,True,-0.5355201405634853,-2.1955251308388797,15,False
ANGPTL4,3_minus_2,5.0,0.0006103515625,0.017187499999999998,True,0.3035802922506904,36.82687019281558,15,False
NT5C1A,3_minus_2,5.0,0.0006103515625,0.017187499999999998,False,0.32295218227201183,0.0,15,False
NOS2,3_minus_2,5.0,0.0006103515625,0.017187499999999998,True,-0.6821765269304563,-37.65054177879289,15,False
S100P,3_minus_2,5.0,0.0006103515625,0.017187499999999998,True,0.8939841065655431,37.86810479730871,15,False
GH2,3_minus_2,5.0,0.0006103515625,0.017187499999999998,False,0.8496351075419115,0.0,15,False
HRC,3_minus_2,5.0,0.0006103515625,0.017187499999999998,True,-0.30133261246174115,-34.73628711621146,15,False
CXCL13,3_minus_2,5.0,0.0006103515625,0.017187499999999998,True,-0.4390959085589782,-37.31833142756724,15,False
CRTAM,3_minus_2,5.0,0.0006103515625,0.017187499999999998,True,-0.20849808357699917,-1.3579315534220149,15,False
PLXNB2,3_minus_2,5.0,0.0006103515625,0.017187499999999998,True,0.4747461987508552,36.283729919734924,15,False
PIGR,3_minus_2,5.0,0.0006103515625,0.017187499999999998,True,0.31473664914258476,37.21981483378486,15,False
ACVRL1,3_minus_2,5.0,0.0006103515625,0.017187499999999998,True,0.3974178800456267,38.18752357930914,15,False
PVR,3_minus_2,6.0,0.0008544921875,0.0220756880733945,True,0.4937042368327462,36.962388178724545,15,False
PRL,3_minus_2,6.0,0.0008544921875,0.0220756880733945,False,0.3469421095673766,0.0,15,False
IL1RL2,3_minus_2,6.0,0.0008544921875,0.0220756880733945,True,-0.36695074567277947,-37.860958242335634,15,False
IL4R,3_minus_2,6.0,0.0008544921875,0.0220756880733945,True,0.568687493586377,38.20964873935574,15,False
ERBB2,3_minus_2,6.0,0.0008544921875,0.0220756880733945,True,0.3941461906444631,36.44085365957218,15,False
MEPE,3_minus_2,6.0,0.0008544921875,0.0220756880733945,False,-0.2028597808430196,0.0,15,False
ASAH1,3_minus_2,6.0,0.0008544921875,0.0220756880733945,True,0.5822900128265089,36.923351121314326,15,False
CLEC1A,3_minus_2,6.0,0.0008544921875,0.0220756880733945,True,0.6151294126120939,37.157872489293,15,False
FCRL1,3_minus_2,6.0,0.0008544921875,0.0220756880733945,True,-0.2297163095139104,-37.11130913337087,15,False
CINP,3_minus_2,7.0,0.00115966796875,0.027911324786324784,True,-0.3673993652730537,-36.01438437369849,15,False
GHR,3_minus_2,7.0,0.00115966796875,0.027911324786324784,True,-0.1454004794331235,-1.4432017972390427,15,False
SOD2,3_minus_2,7.0,0.00115966796875,0.027911324786324784,True,-0.16321949776276523,-36.44596965292491,15,False
ANGPT2,3_minus_2,7.0,0.00115966796875,0.027911324786324784,True,-0.33609350302117247,-37.528197248610944,15,False
FGFR4,3_minus_2,7.0,0.00115966796875,0.027911324786324784,False,-0.1879599969146174,0.0,15,False
PRELP,3_minus_2,7.0,0.00115966796875,0.027911324786324784,True,-0.23189677996334734,-34.247715986268844,15,False
EPO,3_minus_2,7.0,0.00115966796875,0.027911324786324784,True,0.6884809399897136,37.846450647225566,15,False
PTPRF,3_minus_2,7.0,0.00115966796875,0.027911324786324784,True,0.6088019142183221,37.74494136094439,15,False
IL12B,3_minus_2,8.0,0.00152587890625,0.034933943089430895,True,-0.33512890435559806,-32.69185409750457,15,False
ENPP6,3_minus_2,8.0,0.00152587890625,0.034933943089430895,True,-0.2381734239337917,-2.682569708857201,15,False
GUSB,3_minus_2,8.0,0.00152587890625,0.034933943089430895,True,0.5678914735596938,38.42635688053216,15,False
CCL8,3_minus_2,8.0,0.00152587890625,0.034933943089430895,False,-0.2854344075818478,0.0,15,False
CLSTN2,3_minus_2,8.0,0.00152587890625,0.034933943089430895,True,-0.2076508336759785,-37.007524785464675,15,False
PAEP,3_minus_2,8.0,0.00152587890625,0.034933943089430895,True,-0.20236852988539072,-36.38546782870758,15,False
PLAUR,3_minus_2,9.0,0.00201416015625,0.04170496323529412,False,-0.1430751470311657,0.0,15,False
HEPACAM2,3_minus_2,9.0,0.00201416015625,0.04170496323529412,True,-0.1974476383880791,-35.9496700961293,15,False
VTCN1,3_minus_2,9.0,0.00201416015625,0.04170496323529412,True,0.7439128756789042,38.160877374063524,15,False
TFF2,3_minus_2,9.0,0.00201416015625,0.04170496323529412,True,0.6968357237603515,35.28675161269631,15,False
ADAMTSL4,3_minus_2,9.0,0.00201416015625,0.04170496323529412,True,0.28633371632330545,34.593012236459984,15,False
CD46,3_minus_2,9.0,0.00201416015625,0.04170496323529412,True,0.41564663108560473,36.9392805945765,15,False
CAPS,3_minus_2,9.0,0.00201416015625,0.04170496323529412,True,0.3636671559913379,36.68986830885037,15,False
ANGPTL1,3_minus_2,9.0,0.00201416015625,0.04170496323529412,True,0.2235588367674145,35.345216246296815,15,False
KRT19,3_minus_2,9.0,0.00201416015625,0.04170496323529412,False,0.25315692502052556,0.0,15,False
KIAA0319,3_minus_2,9.0,0.00201416015625,0.04170496323529412,True,0.29435507925535576,37.62264667993428,15,False
DTNB,3_minus_2,9.0,0.00201416015625,0.04170496323529412,False,0.3597332960052232,0.0,15,False
CCL16,3_minus_2,9.0,0.00201416015625,0.04170496323529412,True,0.21258401216828787,32.6609445694731,15,False
IL17RB,3_minus_2,9.0,0.00201416015625,0.04170496323529412,True,-0.3257574991467006,-34.399477216212446,15,False
NELL1,3_minus_2,0.0,0.00221772146423705,0.04525437422675024,False,-0.12673404841560432,0.0,15,False
ENDOU,3_minus_2,0.0,0.00221772146423705,0.04525437422675024,True,1.2745320539947265,37.02078730129055,15,False
SCGB3A1,3_minus_2,10.0,0.00262451171875,0.0499366554054054,True,0.158403342482915,36.24585275221829,15,False
CCL15,3_minus_2,10.0,0.00262451171875,0.0499366554054054,False,0.34294274978865,0.0,15,False
MAD1L1,3_minus_2,10.0,0.00262451171875,0.0499366554054054,True,0.3547036614407668,34.70416049099864,15,False
IGSF9,3_minus_2,10.0,0.00262451171875,0.0499366554054054,False,0.4798956486901096,0.0,15,False
PPM1B,3_minus_2,10.0,0.00262451171875,0.0499366554054054,True,-1.0511559783169653,-38.36917129847559,15,False
INHBC,3_minus_2,10.0,0.00262451171875,0.0499366554054054,True,0.45773880571363906,36.25260893393897,15,False
CCND2,3_minus_2,10.0,0.00262451171875,0.0499366554054054,True,-1.0427962367419992,-38.751691643708284,15,False
CR1,3_minus_2,10.0,0.00262451171875,0.0499366554054054,False,-0.10370812893793091,0.0,15,False
TLR3,3_minus_2,10.0,0.00262451171875,0.0499366554054054,True,0.32707778192522813,2.5616407111142543,15,False
BTN1A1,3_minus_2,10.0,0.00262451171875,0.0499366554054054,False,0.9422331747056087,0.0,15,False
OSMR,3_minus_2,1.0,0.0028734139278525223,0.05430559477068928,False,0.3336750299006151,0.0,15,False
AMBN,3_minus_2,11.0,0.00335693359375,0.058352623456790126,False,0.20150005976398527,36.74442291307514,15,False
CCL13,3_minus_2,11.0,0.00335693359375,0.058352623456790126,False,-0.6780493748651093,-36.18643416251002,15,False
IGDCC3,3_minus_2,11.0,0.00335693359375,0.058352623456790126,False,0.2611636243412756,0.0,15,False
KLK7,3_minus_2,11.0,0.00335693359375,0.058352623456790126,False,-0.3733057035085151,-37.74082713782234,15,False
CRTAC1,3_minus_2,11.0,0.00335693359375,0.058352623456790126,False,-0.111304676431839,-33.019970628657376,15,False
CRHBP,3_minus_2,11.0,0.00335693359375,0.058352623456790126,False,0.26786698800383574,32.58954179276829,15,False
ZNF75D,3_minus_2,11.0,0.00335693359375,0.058352623456790126,False,0.5593007035579932,38.58913940980926,15,False
APOL1,3_minus_2,11.0,0.00335693359375,0.058352623456790126,False,0.417976197034032,37.05195395018148,15,False
IL12A_IL12B,3_minus_2,11.0,0.00335693359375,0.058352623456790126,False,-0.4014326517994724,0.0,15,False
CLEC4C,3_minus_2,11.0,0.00335693359375,0.058352623456790126,False,-0.16999666014445547,-2.3013239824262812,15,False
IL1R1,3_minus_2,11.0,0.00335693359375,0.058352623456790126,False,0.3011151057094231,37.36655164014124,15,False
FH,3_minus_2,11.0,0.00335693359375,0.058352623456790126,False,0.8186802822655617,38.32187650560012,15,False
KRT18,3_minus_2,11.0,0.00335693359375,0.058352623456790126,False,0.5343237312991955,35.60006252219683,15,False
NOMO1,3_minus_2,12.0,0.0042724609375,0.06954479768786127,False,0.22045494482365835,34.832116853979706,15,False
CREG1,3_minus_2,12.0,0.0042724609375,0.06954479768786127,False,0.2320879321927727,34.404489507425076,15,False
CEACAM18,3_minus_2,12.0,0.0042724609375,0.06954479768786127,False,0.6321538278594452,38.46805660559546,15,False
S100A13,3_minus_2,12.0,0.0042724609375,0.06954479768786127,False,-0.268135272011177,0.0,15,False
DSCAM,3_minus_2,12.0,0.0042724609375,0.06954479768786127,False,0.5166657485592091,33.98196947672986,15,False
CCN4,3_minus_2,12.0,0.0042724609375,0.06954479768786127,False,0.22359339880332407,0.0,15,False
C1QA,3_minus_2,12.0,0.0042724609375,0.06954479768786127,False,0.23192371226416097,34.77851391043631,15,False
SUSD4,3_minus_2,12.0,0.0042724609375,0.06954479768786127,False,0.3011576909532712,35.81630865986989,15,False
PI16,3_minus_2,12.0,0.0042724609375,0.06954479768786127,False,-0.1642409638611243,-35.948210362641845,15,False
SCRG1,3_minus_2,12.0,0.0042724609375,0.06954479768786127,False,0.487692331951868,37.72180317225523,15,False
ERBB3,3_minus_2,12.0,0.0042724609375,0.06954479768786127,False,0.3488137901141109,37.272988194117445,15,False
ACP5,3_minus_2,3.0,0.004741768038406972,0.07674033790893123,False,-0.32669329836263056,0.0,15,False
RELB,3_minus_2,13.0,0.00537109375,0.07756410256410257,False,0.5479817726024501,0.0,15,False
GPNMB,3_minus_2,13.0,0.00537109375,0.07756410256410257,False,0.2690733173298876,35.42466138478687,15,False
BCHE,3_minus_2,13.0,0.00537109375,0.07756410256410257,False,-0.23528417243120475,0.0,15,False
NT5E,3_minus_2,13.0,0.00537109375,0.07756410256410257,False,0.1777801609584812,36.51699016397138,15,False
ENPP7,3_minus_2,13.0,0.00537109375,0.07756410256410257,False,0.3552040118535306,0.0,15,False
CD79B,3_minus_2,13.0,0.00537109375,0.07756410256410257,False,-0.16333566818086864,-0.8924013836112763,15,False
LRFN2,3_minus_2,13.0,0.00537109375,0.07756410256410257,False,0.453331449698096,37.88977813066671,15,False
SEMA3F,3_minus_2,13.0,0.00537109375,0.07756410256410257,False,0.22029530641848022,36.6914861001137,15,False
CST3,3_minus_2,13.0,0.00537109375,0.07756410256410257,False,0.34696722073792574,35.68440884894335,15,False
VEGFC,3_minus_2,13.0,0.00537109375,0.07756410256410257,False,-0.258088250036604,-36.755365793949906,15,False
CANT1,3_minus_2,13.0,0.00537109375,0.07756410256410257,False,0.1440785146594171,35.0213275942541,15,False
CHAD,3_minus_2,13.0,0.00537109375,0.07756410256410257,False,-0.1891071906511118,0.0,15,False
GFRAL,3_minus_2,13.0,0.00537109375,0.07756410256410257,False,-0.46782373062215865,-3.4811705010410443,15,False
FUCA1,3_minus_2,13.0,0.00537109375,0.07756410256410257,False,0.2998156981746335,0.0,15,False
VSIR,3_minus_2,13.0,0.00537109375,0.07756410256410257,False,0.4286443793891487,37.08028897701398,15,False
GALNT10,3_minus_2,13.0,0.00537109375,0.07756410256410257,False,0.2304686117813483,0.0,15,False
SORCS2,3_minus_2,13.0,0.00537109375,0.07756410256410257,False,0.42244058330731665,38.07159647592697,15,False
ALPI,3_minus_2,13.0,0.00537109375,0.07756410256410257,False,0.6522870962805756,0.0,15,False
COL9A1,3_minus_2,13.0,0.00537109375,0.07756410256410257,False,0.21174299243590722,0.0,15,False
CRNN,3_minus_2,13.0,0.00537109375,0.07756410256410257,False,0.45100026480253036,36.93561805543126,15,False
DPP7,3_minus_2,13.0,0.00537109375,0.07756410256410257,False,0.19281084055367428,2.3210591024686065,15,False
VWA1,3_minus_2,14.0,0.0067138671875,0.09046052631578948,False,0.49130916968600447,33.609505619164935,15,False
MYL6B,3_minus_2,14.0,0.0067138671875,0.09046052631578948,False,0.5897016626210523,0.0,15,False
GALNT5,3_minus_2,14.0,0.0067138671875,0.09046052631578948,False,-0.29211473424268997,0.0,15,False
SIL1,3_minus_2,14.0,0.0067138671875,0.09046052631578948,False,0.31172013383214414,34.89907107317248,15,False
SPON1,3_minus_2,14.0,0.0067138671875,0.09046052631578948,False,-0.20645678235726078,-35.97398348034345,15,False
LGALS3BP,3_minus_2,14.0,0.0067138671875,0.09046052631578948,False,0.29514352895965146,0.0,15,False
GPR37,3_minus_2,14.0,0.0067138671875,0.09046052631578948,False,0.3852963068129389,0.0,15,False
SELL,3_minus_2,14.0,0.0067138671875,0.09046052631578948,False,-0.23183831927974957,0.0,15,False
ADAMTSL5,3_minus_2,14.0,0.0067138671875,0.09046052631578948,False,0.195087802597313,0.0,15,False
ST3GAL1,3_minus_2,14.0,0.0067138671875,0.09046052631578948,False,0.40932062040544404,37.239097884115914,15,False
SPESP1,3_minus_2,14.0,0.0067138671875,0.09046052631578948,False,-0.15713328879664368,-1.3276345234578848,15,False
IGFBPL1,3_minus_2,14.0,0.0067138671875,0.09046052631578948,False,0.2629479878125982,31.331672699335233,15,False
FCAMR,3_minus_2,14.0,0.0067138671875,0.09046052631578948,False,-0.34667192331703856,-2.5167526011716923,15,False
CES2,3_minus_2,14.0,0.0067138671875,0.09046052631578948,False,0.38455133966945493,0.0,15,False
CD1C,3_minus_2,15.0,0.00836181640625,0.10193452380952381,False,-0.09732476841220605,-35.75839247766336,15,False
MDGA1,3_minus_2,15.0,0.00836181640625,0.10193452380952381,False,-0.23273727288440726,-36.59235354490368,15,False
TNFRSF11B,3_minus_2,15.0,0.00836181640625,0.10193452380952381,False,0.40587876611550355,36.918783886398465,15,False
PSAP,3_minus_2,15.0,0.00836181640625,0.10193452380952381,False,0.2748874629564384,34.99342262433105,15,False
ADGRV1,3_minus_2,15.0,0.00836181640625,0.10193452380952381,False,-0.786044728110977,-36.866006860530916,15,False
TMPRSS11D,3_minus_2,15.0,0.00836181640625,0.10193452380952381,False,0.2957079929680088,37.605261598218235,15,False
TGFBR1,3_minus_2,15.0,0.00836181640625,0.10193452380952381,False,0.40765059115856295,0.0,15,False
TNFRSF4,3_minus_2,15.0,0.00836181640625,0.10193452380952381,False,-0.14677941885577778,-0.9959853186775665,15,False
ESM1,3_minus_2,15.0,0.00836181640625,0.10193452380952381,False,-0.26798861880919334,-34.51233724112987,15,False
C1QTNF9,3_minus_2,15.0,0.00836181640625,0.10193452380952381,False,-0.10913684570283111,-35.242710207834676,15,False
CHRDL2,3_minus_2,15.0,0.00836181640625,0.10193452380952381,False,-0.1665356576639595,-33.58442838209329,15,False
ADAMTS15,3_minus_2,15.0,0.00836181640625,0.10193452380952381,False,-0.2515494207892287,-36.06383688252683,15,False
ADAM15,3_minus_2,15.0,0.00836181640625,0.10193452380952381,False,0.22088943964042643,36.9517770326386,15,False
IFNGR1,3_minus_2,15.0,0.00836181640625,0.10193452380952381,False,0.1809887976503857,34.605065022333996,15,False
DBH,3_minus_2,15.0,0.00836181640625,0.10193452380952381,False,-0.39446085036877626,-35.513831938275416,15,False
CPVL,3_minus_2,15.0,0.00836181640625,0.10193452380952381,False,0.2405355618717801,37.037908478459926,15,False
ENG,3_minus_2,15.0,0.00836181640625,0.10193452380952381,False,0.1976810420732151,32.352178600686116,15,False
CRISP3,3_minus_2,15.0,0.00836181640625,0.10193452380952381,False,-0.12173722751490462,0.0,15,False
CNTN4,3_minus_2,15.0,0.00836181640625,0.10193452380952381,False,-0.11771745481029317,-35.23132036480112,15,False
CD93,3_minus_2,15.0,0.00836181640625,0.10193452380952381,False,-0.14419322328621176,-0.7464130074714775,15,False
CDCP1,3_minus_2,15.0,0.00836181640625,0.10193452380952381,False,0.3258389257121686,34.74386171218285,15,False
COCH,3_minus_2,15.0,0.00836181640625,0.10193452380952381,False,-0.296545373395142,-33.89215687988599,15,False
CNTN1,3_minus_2,6.0,0.009632975772588676,0.11692439558452462,False,-0.19879838231570718,0.0,15,False
CCL17,3_minus_2,16.0,0.01025390625,0.11834016393442622,False,-0.43658882978849634,-2.506851629636331,15,False
BRDT,3_minus_2,16.0,0.01025390625,0.11834016393442622,False,0.4491364293312092,38.06846055374489,15,False
SAA4,3_minus_2,16.0,0.01025390625,0.11834016393442622,False,-0.1641856146130638,0.0,15,False
KLK3,3_minus_2,16.0,0.01025390625,0.11834016393442622,False,-0.23942157887811988,-36.14481462182284,15,False
SEMA3G,3_minus_2,16.0,0.01025390625,0.11834016393442622,False,0.2943021905119939,36.06959444360195,15,False
FGF23,3_minus_2,16.0,0.01025390625,0.11834016393442622,False,0.7040464656794564,36.59717606449863,15,False
AIF1L,3_minus_2,16.0,0.01025390625,0.11834016393442622,False,-0.15082992404141748,-36.03392835155989,15,False
PSCA,3_minus_2,16.0,0.01025390625,0.11834016393442622,False,0.7077616021358897,0.0,15,False
CKAP4,3_minus_2,16.0,0.01025390625,0.11834016393442622,False,0.20965907574912546,0.0,15,False
C1QTNF1,3_minus_2,16.0,0.01025390625,0.11834016393442622,False,0.42890536103585664,34.06479640662486,15,False
CXADR,3_minus_2,16.0,0.01025390625,0.11834016393442622,False,0.2622746957446663,36.292304822527356,15,False
CSPG5,3_minus_2,16.0,0.01025390625,0.11834016393442622,False,0.2892013996994368,0.0,15,False
IFI30,3_minus_2,17.0,0.012451171875,0.13749999999999998,False,0.3336286379650435,0.0,15,False
SOD3,3_minus_2,17.0,0.012451171875,0.13749999999999998,False,-0.18437150874013775,-35.976169461021165,15,False
CD22,3_minus_2,17.0,0.012451171875,0.13749999999999998,False,-0.22164747769276305,-36.74177565696678,15,False
LRRN1,3_minus_2,17.0,0.012451171875,0.13749999999999998,False,-0.2597441038992397,-36.65882679337918,15,False
DTX3,3_minus_2,17.0,0.012451171875,0.13749999999999998,False,-0.0730833682309606,-35.32500631511181,15,False
PDIA5,3_minus_2,7.0,0.012063323418854825,0.13749999999999998,False,-0.5664533216047698,0.0,15,False
CDH17,3_minus_2,17.0,0.012451171875,0.13749999999999998,False,-0.35607854647212145,-37.79816048004645,15,False
RANBP2,3_minus_2,17.0,0.012451171875,0.13749999999999998,False,0.3097196510886701,0.0,15,False
TIMP2,3_minus_2,17.0,0.012451171875,0.13749999999999998,False,0.2606873099727458,32.74888185283745,15,False
HEG1,3_minus_2,17.0,0.012451171875,0.13749999999999998,False,0.25744161231355706,34.27734657566796,15,False
ASGR1,3_minus_2,17.0,0.012451171875,0.13749999999999998,False,0.2673835937144619,32.835134741161454,15,False
CTSD,3_minus_2,13.0,0.013150364234284666,0.14465400657713132,False,0.2466821082131942,36.317887744845,15,False
PILRB,3_minus_2,18.0,0.01507568359375,0.15270908273381295,False,0.16868950207823813,0.999501048297887,15,False
BST2,3_minus_2,18.0,0.01507568359375,0.15270908273381295,False,0.29085777120920703,34.26893270113674,15,False
CTSO,3_minus_2,18.0,0.01507568359375,0.15270908273381295,False,0.2831697316880618,37.31680390841401,15,False
IL1RL1,3_minus_2,18.0,0.01507568359375,0.15270908273381295,False,0.3278695567018206,0.0,15,False
MYBPC1,3_minus_2,18.0,0.01507568359375,0.15270908273381295,False,0.298113615763714,0.0,15,False
AGER,3_minus_2,18.0,0.01507568359375,0.15270908273381295,False,-0.21069498405171888,0.0,15,False
CLTA,3_minus_2,18.0,0.01507568359375,0.15270908273381295,False,0.2279230152997991,0.0,15,False
CPE,3_minus_2,18.0,0.01507568359375,0.15270908273381295,False,-0.19926420082014928,-35.677814600870455,15,False
SPINK1,3_minus_2,18.0,0.01507568359375,0.15270908273381295,False,0.4578652845860294,2.202476688343038,15,False
BDNF,3_minus_2,18.0,0.01507568359375,0.15270908273381295,False,-0.4369971403179593,-37.61744652531123,15,False
IGFBP4,3_minus_2,18.0,0.01507568359375,0.15270908273381295,False,0.3741408237848235,36.90841866451467,15,False
CD80,3_minus_2,18.0,0.01507568359375,0.15270908273381295,False,-0.17014557594967028,-36.334126026505714,15,False
DMP1,3_minus_2,18.0,0.01507568359375,0.15270908273381295,False,-0.3063548381016522,-32.67411401684883,15,False
SPINK2,3_minus_2,18.0,0.01507568359375,0.15270908273381295,False,-0.12151729837680492,-35.81820031047063,15,False
CCL24,3_minus_2,18.0,0.01507568359375,0.15270908273381295,False,-0.13335068234082562,0.0,15,False
LCP1,3_minus_2,18.0,0.01507568359375,0.15270908273381295,False,-0.10183346628459367,-35.30949208546882,15,False
PEAR1,3_minus_2,18.0,0.01507568359375,0.15270908273381295,False,-0.1783993234204373,-35.77916173454472,15,False
XG,3_minus_2,18.0,0.01507568359375,0.15270908273381295,False,-0.2532159847155009,-35.972736495295244,15,False
PRSS22,3_minus_2,18.0,0.01507568359375,0.15270908273381295,False,0.2828629282265728,37.44344225901454,15,False
SYNGAP1,3_minus_2,18.0,0.01507568359375,0.15270908273381295,False,0.4019928010431577,4.467800695263677,15,False
IGF2R,3_minus_2,18.0,0.01507568359375,0.15270908273381295,False,0.2241508878539335,35.42901479645167,15,False
LPL,3_minus_2,18.0,0.01507568359375,0.15270908273381295,False,-0.4520161873271128,-38.0491010705072,15,False
ENPP2,3_minus_2,19.0,0.01806640625,0.1679042904290429,False,0.3016437445728023,0.0,15,False
DYNC1H1,3_minus_2,19.0,0.01806640625,0.1679042904290429,False,-0.09137504641201849,-1.0592913240136537,15,False
FAM3D,3_minus_2,19.0,0.01806640625,0.1679042904290429,False,-0.14994326210974707,-0.6034155922004293,15,False
TEX101,3_minus_2,19.0,0.01806640625,0.1679042904290429,False,0.3920226899568552,37.503156038572605,15,False
LYVE1,3_minus_2,19.0,0.01806640625,0.1679042904290429,False,-0.166449921895025,-35.00832597064746,15,False
CEACAM5,3_minus_2,19.0,0.01806640625,0.1679042904290429,False,0.435704348454272,33.08991488847919,15,False
PILRA,3_minus_2,19.0,0.01806640625,0.1679042904290429,False,0.22384819141040233,2.231801388638411,15,False
FMR1,3_minus_2,19.0,0.01806640625,0.1679042904290429,False,-0.9719371332759105,-36.39158341335916,15,False
FCRL2,3_minus_2,19.0,0.01806640625,0.1679042904290429,False,-0.0855713852307432,-35.310867326761986,15,False
PLA2G2A,3_minus_2,19.0,0.01806640625,0.1679042904290429,False,-0.4703630376144279,-37.77616753852588,15,False
LCAT,3_minus_2,19.0,0.01806640625,0.1679042904290429,False,0.1112180588590182,0.0,15,False
FGA,3_minus_2,19.0,0.01806640625,0.1679042904290429,False,0.17418338453308368,0.0,15,False
ADM,3_minus_2,19.0,0.01806640625,0.1679042904290429,False,0.1960260655616765,36.02059942408956,15,False
PNMA2,3_minus_2,19.0,0.01806640625,0.1679042904290429,False,1.091280773406012,39.676921812447766,15,False
CCL11,3_minus_2,19.0,0.01806640625,0.1679042904290429,False,-0.1979998426267527,0.0,15,False
GSN,3_minus_2,19.0,0.01806640625,0.1679042904290429,False,-0.1508460666401643,-4.137395086693447,15,False
NID1,3_minus_2,19.0,0.01806640625,0.1679042904290429,False,0.3994553284914707,35.34989324866509,15,False
IFNGR2,3_minus_2,19.0,0.01806640625,0.1679042904290429,False,0.24466060377552157,34.84645602756064,15,False
IGFBP7,3_minus_2,19.0,0.01806640625,0.1679042904290429,False,-0.1741807896133456,0.0,15,False
GNLY,3_minus_2,19.0,0.01806640625,0.1679042904290429,False,-0.17395510970066191,0.0,15,False
KLK10,3_minus_2,19.0,0.01806640625,0.1679042904290429,False,-0.2802397596012375,-36.77719317532498,15,False
PDRG1,3_minus_2,19.0,0.01806640625,0.1679042904290429,False,0.6965649668560709,38.60331851352139,15,False
ANG,3_minus_2,19.0,0.01806640625,0.1679042904290429,False,0.2983246668001559,33.71132053279494,15,False
C1QTNF5,3_minus_2,19.0,0.01806640625,0.1679042904290429,False,0.17257211227450525,30.04988741349127,15,False
NRP1,3_minus_2,19.0,0.01806640625,0.1679042904290429,False,0.1960186107190639,3.75511147093671,15,False
AOC1,3_minus_2,20.0,0.02154541015625,0.18274661144578314,False,0.22204239842441748,0.0,15,False
NCR3LG1,3_minus_2,20.0,0.02154541015625,0.18274661144578314,False,0.2418242463157819,35.786641053848314,15,False
PZP,3_minus_2,20.0,0.02154541015625,0.18274661144578314,False,0.22701635751932558,0.8911388406507263,15,False
KLK13,3_minus_2,20.0,0.02154541015625,0.18274661144578314,False,-0.25719887812194947,-2.343762739878111,15,False
ADGRD1,3_minus_2,20.0,0.02154541015625,0.18274661144578314,False,0.2061756961660524,0.0,15,False
PON3,3_minus_2,20.0,0.02154541015625,0.18274661144578314,False,-0.14080101848191962,-35.76321948354565,15,False
LATS1,3_minus_2,20.0,0.02154541015625,0.18274661144578314,False,0.6133050895785066,37.73989571360609,15,False
DUSP13,3_minus_2,20.0,0.02154541015625,0.18274661144578314,False,-0.3282704813632853,0.0,15,False
CEMIP2,3_minus_2,20.0,0.02154541015625,0.18274661144578314,False,0.3067785297983847,33.85621309236699,15,False
CNPY2,3_minus_2,20.0,0.02154541015625,0.18274661144578314,False,0.418087671544745,37.16238211796308,15,False
SLC16A1,3_minus_2,20.0,0.02154541015625,0.18274661144578314,False,0.27028803125509315,35.51789628938632,15,False
EFCAB14,3_minus_2,20.0,0.02154541015625,0.18274661144578314,False,0.12315127989376912,0.0,15,False
PTPRC,3_minus_2,20.0,0.02154541015625,0.18274661144578314,False,-0.1395252899653345,-30.98239680668348,15,False
NPPB,3_minus_2,20.0,0.02154541015625,0.18274661144578314,False,-1.2937928650479458,-3.491827156119305,15,False
SMPD1,3_minus_2,20.0,0.02154541015625,0.18274661144578314,False,0.45709466567114676,4.349704179089313,15,False
AOC3,3_minus_2,20.0,0.02154541015625,0.18274661144578314,False,-0.1540490339066812,0.0,15,False
PTPRS,3_minus_2,20.0,0.02154541015625,0.18274661144578314,False,-0.22784000982685979,-36.411484276385,15,False
CACNA1C,3_minus_2,20.0,0.02154541015625,0.18274661144578314,False,1.0837529444781886,38.16372485732155,15,False
ADAM23,3_minus_2,20.0,0.02154541015625,0.18274661144578314,False,-0.1408103084748225,-2.4585143306021733,15,False
C1GALT1C1,3_minus_2,20.0,0.02154541015625,0.18274661144578314,False,0.5167862009148072,36.73949855809561,15,False
TIMD4,3_minus_2,20.0,0.02154541015625,0.18274661144578314,False,-0.17758531448654896,-36.601571154179055,15,False
C9,3_minus_2,20.0,0.02154541015625,0.18274661144578314,False,0.3421287112542257,36.96761833210696,15,False
SHISA5,3_minus_2,20.0,0.02154541015625,0.18274661144578314,False,0.1668930592446462,34.483669999299224,15,False
PDIA3,3_minus_2,20.0,0.02154541015625,0.18274661144578314,False,0.38743406984289275,36.34087729069006,15,False
EPHB4,3_minus_2,20.0,0.02154541015625,0.18274661144578314,False,0.1785557006198428,36.00756575028966,15,False
ADAMTSL2,3_minus_2,20.0,0.02154541015625,0.18274661144578314,False,0.1477004172040264,0.0,15,False
CCL21,3_minus_2,20.0,0.02154541015625,0.18274661144578314,False,-0.1511493732934867,-34.91094321601662,15,False
SAG,3_minus_2,20.0,0.02154541015625,0.18274661144578314,False,0.99396198330131,37.65077333871706,15,False
CA6,3_minus_2,20.0,0.02154541015625,0.18274661144578314,False,0.23658654264398787,0.0,15,False
PDGFA,3_minus_2,10.0,0.0229090993543566,0.19372980114675128,False,-0.2635776526700333,-37.40530016532052,15,False
ADAM8,3_minus_2,13.0,0.023129802497359468,0.195010550396899,False,-0.0865042741511829,-35.80184154499751,15,False
SMPDL3A,3_minus_2,21.0,0.02557373046875,0.20229108146067415,False,0.1401742535542886,35.74596906132809,15,False
SERPINE1,3_minus_2,21.0,0.02557373046875,0.20229108146067415,False,0.3808444099923576,36.04549591188503,15,False
CHI3L1,3_minus_2,21.0,0.02557373046875,0.20229108146067415,False,-0.07616938846592702,-0.9163880958307656,15,False
CTSC,3_minus_2,21.0,0.02557373046875,0.20229108146067415,False,0.18293037205074592,0.0,15,False
IL24,3_minus_2,21.0,0.02557373046875,0.20229108146067415,False,0.2476089953421487,36.14112806216524,15,False
MPO,3_minus_2,21.0,0.02557373046875,0.20229108146067415,False,-0.06687503955423724,0.0,15,False
IL10RB,3_minus_2,21.0,0.02557373046875,0.20229108146067415,False,0.12826310912253364,1.9339513505107788,15,False
OMG,3_minus_2,21.0,0.02557373046875,0.20229108146067415,False,0.291675987115307,4.828387499318614,15,False
CD99,3_minus_2,21.0,0.02557373046875,0.20229108146067415,False,-0.17641430560588517,-36.53972018090779,15,False
OSTN,3_minus_2,21.0,0.02557373046875,0.20229108146067415,False,0.2414793955179751,0.0,15,False
UMOD,3_minus_2,21.0,0.02557373046875,0.20229108146067415,False,-0.148245223109791,-36.00099922772636,15,False
TSPAN8,3_minus_2,21.0,0.02557373046875,0.20229108146067415,False,-0.5284850649481316,-36.92231426973697,15,False
KLK14,3_minus_2,21.0,0.02557373046875,0.20229108146067415,False,-0.34497837640044504,-2.756374279045801,15,False
CYTL1,3_minus_2,21.0,0.02557373046875,0.20229108146067415,False,-0.14178936333080178,-35.79158169496087,15,False
FGL1,3_minus_2,21.0,0.02557373046875,0.20229108146067415,False,0.17681805590266364,36.57935091579726,15,False
TNFRSF12A,3_minus_2,21.0,0.02557373046875,0.20229108146067415,False,0.24624890976630792,0.0,15,False
PEPD,3_minus_2,21.0,0.02557373046875,0.20229108146067415,False,-0.21414668390939773,-35.75712622237774,15,False
C4BPB,3_minus_2,21.0,0.02557373046875,0.20229108146067415,False,0.2294161927774211,36.09652847481722,15,False
CHL1,3_minus_2,21.0,0.02557373046875,0.20229108146067415,False,-0.1304209657540278,-35.9470518536914,15,False
LY9,3_minus_2,21.0,0.02557373046875,0.20229108146067415,False,-0.1382489845146657,-2.4753140610193123,15,False
LMOD1,3_minus_2,21.0,0.02557373046875,0.20229108146067415,False,0.19279785103622749,0.0,15,False
SUMF2,3_minus_2,21.0,0.02557373046875,0.20229108146067415,False,0.1722326503205372,36.184427330364066,15,False
PDCL2,3_minus_2,11.0,0.028056124149243602,0.22068727822421783,False,-0.4530021494475282,0.0,15,False
CERT1,3_minus_2,11.0,0.028056124149243602,0.22068727822421783,False,-0.295875610116543,0.0,15,False
SERPINA1,3_minus_2,22.0,0.0301513671875,0.2300982384823848,False,0.18267014961851902,0.0,15,False
F7,3_minus_2,22.0,0.0301513671875,0.2300982384823848,False,0.4182769851435757,0.0,15,False
VASN,3_minus_2,22.0,0.0301513671875,0.2300982384823848,False,-0.1531295210212231,-4.683956994866979,15,False
PECR,3_minus_2,22.0,0.0301513671875,0.2300982384823848,False,0.0777742201932051,5.345376181657145,15,False
DOC2B,3_minus_2,22.0,0.0301513671875,0.2300982384823848,False,0.42988974315485873,36.917726536411195,15,False
FCN1,3_minus_2,22.0,0.0301513671875,0.2300982384823848,False,-0.1398519450919824,0.0,15,False
TF,3_minus_2,22.0,0.0301513671875,0.2300982384823848,False,0.3706478533071646,0.0,15,False
PAM,3_minus_2,22.0,0.0301513671875,0.2300982384823848,False,0.1195997547209239,31.947175234706958,15,False
PDCD1,3_minus_2,22.0,0.0301513671875,0.2300982384823848,False,-0.27793043018272906,-1.1996432927943266,15,False
IL13RA2,3_minus_2,22.0,0.0301513671875,0.2300982384823848,False,1.340821790278019,0.0,15,False
COL28A1,3_minus_2,22.0,0.0301513671875,0.2300982384823848,False,-0.4204562109729326,-3.735039265953181,15,False
SERPINA12,3_minus_2,12.0,0.03417047269222941,0.25193829113924054,False,0.16331542297319346,36.06072951506101,15,False
FHIP2A,3_minus_2,23.0,0.03533935546875,0.25193829113924054,False,-0.2878273814393716,-37.02451632514749,15,False
FAM13A,3_minus_2,23.0,0.03533935546875,0.25193829113924054,False,0.6410037797430717,0.0,15,False
COX5B,3_minus_2,23.0,0.03533935546875,0.25193829113924054,False,0.3444793249393659,37.73883654179865,15,False
ADGRE5,3_minus_2,23.0,0.03533935546875,0.25193829113924054,False,0.28637477877620127,0.0,15,False
LHB,3_minus_2,23.0,0.03533935546875,0.25193829113924054,False,-0.44446366202405363,0.0,15,False
SERPINA6,3_minus_2,23.0,0.03533935546875,0.25193829113924054,False,0.2643533103822953,35.907291948614976,15,False
BAMBI,3_minus_2,23.0,0.03533935546875,0.25193829113924054,False,0.3294706827155216,0.0,15,False
EIF5A,3_minus_2,23.0,0.03533935546875,0.25193829113924054,False,0.36599796661332074,35.633279257951344,15,False
ABO,3_minus_2,23.0,0.03533935546875,0.25193829113924054,False,-0.17704669900185221,-0.4671564219896444,15,False
HMOX1,3_minus_2,23.0,0.03533935546875,0.25193829113924054,False,-0.2593041542129707,-36.93596777361718,15,False
CCN5,3_minus_2,23.0,0.03533935546875,0.25193829113924054,False,0.2996595355477789,1.3142817481683395,15,False
TNFRSF21,3_minus_2,23.0,0.03533935546875,0.25193829113924054,False,0.1695570770750883,3.1319915476696685,15,False
TXNDC15,3_minus_2,23.0,0.03533935546875,0.25193829113924054,False,0.18486328405541191,34.84732916432457,15,False
TCL1A,3_minus_2,23.0,0.03533935546875,0.25193829113924054,False,-0.25625146471669913,0.0,15,False
CCL28,3_minus_2,23.0,0.03533935546875,0.25193829113924054,False,0.3224757000037216,0.0,15,False
ACE2,3_minus_2,23.0,0.03533935546875,0.25193829113924054,False,0.2984501578162553,36.476989971445605,15,False
KLF4,3_minus_2,23.0,0.03533935546875,0.25193829113924054,False,0.4392008490576086,37.55660695918063,15,False
APOD,3_minus_2,23.0,0.03533935546875,0.25193829113924054,False,-0.1764289506965585,0.0,15,False
ARID3A,3_minus_2,23.0,0.03533935546875,0.25193829113924054,False,0.1267666291216642,0.0,15,False
EGFR,3_minus_2,23.0,0.03533935546875,0.25193829113924054,False,0.1437072905686565,33.7785036422647,15,False
IDO1,3_minus_2,23.0,0.03533935546875,0.25193829113924054,False,-0.1555014687167634,-34.079875949726954,15,False
PLA2G10,3_minus_2,23.0,0.03533935546875,0.25193829113924054,False,-0.4300932511076579,-37.98710717831708,15,False
CD200R1,3_minus_2,23.0,0.03533935546875,0.25193829113924054,False,-0.1419368250535041,-2.4258793531809713,15,False
SHBG,3_minus_2,23.0,0.03533935546875,0.25193829113924054,False,0.1150726283476177,32.79476913807914,15,False
LRP11,3_minus_2,23.0,0.03533935546875,0.25193829113924054,False,0.1686927770497202,36.80141953548703,15,False
PTN,3_minus_2,24.0,0.041259765625,0.2766369047619048,False,0.3581868552463243,0.0,15,False
EPHB6,3_minus_2,24.0,0.041259765625,0.2766369047619048,False,0.27098080067785213,6.835817123016201,15,False
IL19,3_minus_2,24.0,0.041259765625,0.2766369047619048,False,0.26342082405445033,36.351611565134775,15,False
CD5,3_minus_2,24.0,0.041259765625,0.2766369047619048,False,-0.1615892886823459,-1.4594311691689463,15,False
ARG1,3_minus_2,24.0,0.041259765625,0.2766369047619048,False,-0.1862130603866399,-34.486163364536665,15,False
GOLM2,3_minus_2,24.0,0.041259765625,0.2766369047619048,False,0.20047299003488944,35.8480809632012,15,False
SIGLEC8,3_minus_2,24.0,0.041259765625,0.2766369047619048,False,0.14185159637807276,0.0,15,False
RLN1,3_minus_2,24.0,0.041259765625,0.2766369047619048,False,-0.2509774310190529,0.0,15,False
GFRA1,3_minus_2,24.0,0.041259765625,0.2766369047619048,False,-0.0822208194787269,-33.04903042741393,15,False
CA14,3_minus_2,24.0,0.041259765625,0.2766369047619048,False,-0.1721937410222727,-36.47528637177194,15,False
SIGLEC1,3_minus_2,24.0,0.041259765625,0.2766369047619048,False,0.3098852334172049,2.6326889455951994,15,False
RUVBL1,3_minus_2,24.0,0.041259765625,0.2766369047619048,False,0.34562841777930564,37.48182710872137,15,False
NLGN2,3_minus_2,24.0,0.041259765625,0.2766369047619048,False,0.25235634118042105,0.0,15,False
LTBR,3_minus_2,24.0,0.041259765625,0.2766369047619048,False,0.14185999790123768,0.0,15,False
BOLA1,3_minus_2,24.0,0.041259765625,0.2766369047619048,False,0.5931009685960646,37.805727230101404,15,False
ADGRE2,3_minus_2,24.0,0.041259765625,0.2766369047619048,False,0.20890073630095707,0.0,15,False
HSD17B14,3_minus_2,24.0,0.041259765625,0.2766369047619048,False,0.40893983220971275,37.86620860605013,15,False
GLB1,3_minus_2,24.0,0.041259765625,0.2766369047619048,False,0.18567539507474898,1.5773282331238427,15,False
CFD,3_minus_2,24.0,0.041259765625,0.2766369047619048,False,-0.0946004650829747,0.0,15,False
TNFSF11,3_minus_2,24.0,0.041259765625,0.2766369047619048,False,-0.31071705280092027,-3.3926988895165704,15,False
TNFSF13B,3_minus_2,24.0,0.041259765625,0.2766369047619048,False,-0.14288304085059111,-35.52920664551977,15,False
FCGR3B,3_minus_2,24.0,0.041259765625,0.2766369047619048,False,-0.16641194722755492,0.0,15,False
SERPINI1,3_minus_2,24.0,0.041259765625,0.2766369047619048,False,0.1929239375642103,34.996338158015796,15,False
CCL22,3_minus_2,24.0,0.041259765625,0.2766369047619048,False,-0.1746106973263986,-35.421901319984066,15,False
PTH,3_minus_2,24.0,0.041259765625,0.2766369047619048,False,1.0075196021657697,38.37323554326843,15,False
NTRK3,3_minus_2,25.0,0.04791259765625,0.30456405191873587,False,-0.11301688236263358,0.0,15,False
CD74,3_minus_2,25.0,0.04791259765625,0.30456405191873587,False,0.1251338697912272,0.0,15,False
ALCAM,3_minus_2,25.0,0.04791259765625,0.30456405191873587,False,0.11614391228883153,35.81815623978175,15,False
DCN,3_minus_2,25.0,0.04791259765625,0.30456405191873587,False,-0.08171046485647399,-33.23254160660603,15,False
DEFB118,3_minus_2,25.0,0.04791259765625,0.30456405191873587,False,-0.646366478912992,0.0,15,False
KITLG,3_minus_2,25.0,0.04791259765625,0.30456405191873587,False,-0.1883420707875526,-36.181794151325306,15,False
ECM1,3_minus_2,25.0,0.04791259765625,0.30456405191873587,False,-0.1156834261706674,-33.59928528864155,15,False
RPGR,3_minus_2,25.0,0.04791259765625,0.30456405191873587,False,0.552262979101373,36.842237820346625,15,False
ESAM,3_minus_2,25.0,0.04791259765625,0.30456405191873587,False,0.2065086820352711,36.65276782425884,15,False
SERPINE2,3_minus_2,25.0,0.04791259765625,0.30456405191873587,False,-0.15357097407371573,-1.2199231592575503,15,False
ENTPD6,3_minus_2,25.0,0.04791259765625,0.30456405191873587,False,0.20751665671998104,36.45674789360425,15,False
TCTN3,3_minus_2,25.0,0.04791259765625,0.30456405191873587,False,0.19777266560926482,0.0,15,False
F11,3_minus_2,25.0,0.04791259765625,0.30456405191873587,False,-0.1094696650852236,0.0,15,False
PDCD1LG2,3_minus_2,25.0,0.04791259765625,0.30456405191873587,False,0.2718231376222461,36.91481624893926,15,False
ALMS1,3_minus_2,25.0,0.04791259765625,0.30456405191873587,False,-0.4510618965770174,-37.6924457252322,15,False
PPM1A,3_minus_2,25.0,0.04791259765625,0.30456405191873587,False,0.2517277511844297,37.406953905623396,15,False
ADGRF5,3_minus_2,25.0,0.04791259765625,0.30456405191873587,False,0.1023174121413304,0.0,15,False
SERPINI2,3_minus_2,25.0,0.04791259765625,0.30456405191873587,False,-0.24429694986514439,-36.98282263178638,15,False
PSMD5,3_minus_2,25.0,0.04791259765625,0.30456405191873587,False,0.227040631261462,0.0,15,False
IL12RB2,3_minus_2,25.0,0.04791259765625,0.30456405191873587,False,-0.38587561327582715,0.0,15,False
GFRA2,3_minus_2,25.0,0.04791259765625,0.30456405191873587,False,-0.1765654806722733,-36.394969467184914,15,False
LAMA4,3_minus_2,25.0,0.04791259765625,0.30456405191873587,False,-0.1508622249651722,-35.26567898962472,15,False
IVD,3_minus_2,25.0,0.04791259765625,0.30456405191873587,False,-0.4261400142976873,-37.77631812096985,15,False
TG,3_minus_2,26.0,0.05535888671875,0.3316821808510638,False,-0.1627694665044404,0.0,15,False
PAPPA,3_minus_2,26.0,0.05535888671875,0.3316821808510638,False,-0.2920036666497333,-37.33959102270035,15,False
CFC1,3_minus_2,26.0,0.05535888671875,0.3316821808510638,False,0.2230644024307738,0.0,15,False
SFTPD,3_minus_2,26.0,0.05535888671875,0.3316821808510638,False,-0.0987257886964969,0.0,15,False
ANGPTL2,3_minus_2,26.0,0.05535888671875,0.3316821808510638,False,0.1347748067136589,0.0,15,False
SLAMF8,3_minus_2,26.0,0.05535888671875,0.3316821808510638,False,0.3236117472694321,3.619947544220587,15,False
CA4,3_minus_2,26.0,0.05535888671875,0.3316821808510638,False,-0.05788305292833551,-1.1024406003922211,15,False
DPP10,3_minus_2,26.0,0.05535888671875,0.3316821808510638,False,0.1310519979720839,35.621342793921166,15,False
SLAMF7,3_minus_2,26.0,0.05535888671875,0.3316821808510638,False,-0.1745332667787162,-0.9677362341338895,15,False
AKT3,3_minus_2,26.0,0.05535888671875,0.3316821808510638,False,0.6564121566798677,2.9615159603010084,15,False
TNFRSF10B,3_minus_2,26.0,0.05535888671875,0.3316821808510638,False,0.0802214208352789,34.654503419862145,15,False
SULT2A1,3_minus_2,26.0,0.05535888671875,0.3316821808510638,False,0.2518458880625595,35.92120320091673,15,False
EFNB2,3_minus_2,26.0,0.05535888671875,0.3316821808510638,False,0.5037670744146114,37.70658687977596,15,False
PRAP1,3_minus_2,26.0,0.05535888671875,0.3316821808510638,False,0.12268312343397561,0.0,15,False
ATP6V1F,3_minus_2,26.0,0.05535888671875,0.3316821808510638,False,-0.28382141968233826,0.0,15,False
HIP1R,3_minus_2,26.0,0.05535888671875,0.3316821808510638,False,0.2748155642916859,36.866681201521715,15,False
SV2A,3_minus_2,26.0,0.05535888671875,0.3316821808510638,False,-0.8134087172579182,-35.982332770226414,15,False
OCLN,3_minus_2,26.0,0.05535888671875,0.3316821808510638,False,0.12886350774613503,0.0,15,False
SNX5,3_minus_2,26.0,0.05535888671875,0.3316821808510638,False,0.15273474384672547,0.0,15,False
IL5,3_minus_2,26.0,0.05535888671875,0.3316821808510638,False,-0.5976641211339841,0.0,15,False
ZCCHC8,3_minus_2,26.0,0.05535888671875,0.3316821808510638,False,0.3804572373076786,0.0,15,False
NECTIN2,3_minus_2,26.0,0.05535888671875,0.3316821808510638,False,0.1261523923790091,35.72470138666839,15,False
CD6,3_minus_2,26.0,0.05535888671875,0.3316821808510638,False,-0.10276439830556369,-35.02452108355653,15,False
F12,3_minus_2,26.0,0.05535888671875,0.3316821808510638,False,0.13066190560849583,0.0,15,False
MAMDC4,3_minus_2,26.0,0.05535888671875,0.3316821808510638,False,0.2538371104632029,35.72054927842706,15,False
IL1RAP,3_minus_2,26.0,0.05535888671875,0.3316821808510638,False,0.21042198144378688,0.0,15,False
GP2,3_minus_2,26.0,0.05535888671875,0.3316821808510638,False,0.43777173324599106,37.37048678377339,15,False
SOST,3_minus_2,27.0,0.063720703125,0.3546195652173913,False,-0.25707463382392226,-33.80725193565935,15,False
CPOX,3_minus_2,27.0,0.063720703125,0.3546195652173913,False,-0.1484590593474291,0.0,15,False
IL17RA,3_minus_2,27.0,0.063720703125,0.3546195652173913,False,-0.136196466199124,-30.749754805591838,15,False
DGCR6,3_minus_2,27.0,0.063720703125,0.3546195652173913,False,0.29997377370532674,37.62532249087248,15,False
MSR1,3_minus_2,27.0,0.063720703125,0.3546195652173913,False,0.16687195230993535,0.0,15,False
SEL1L,3_minus_2,27.0,0.063720703125,0.3546195652173913,False,0.1209919744976376,32.206763855082166,15,False
INHBB,3_minus_2,27.0,0.063720703125,0.3546195652173913,False,0.20700628472231858,0.9816782265595957,15,False
ID4,3_minus_2,27.0,0.063720703125,0.3546195652173913,False,-0.31497555643627173,-36.182687619452736,15,False
CRELD1,3_minus_2,27.0,0.063720703125,0.3546195652173913,False,0.17733831490508228,2.5808756332171834,15,False
ITGA5,3_minus_2,27.0,0.063720703125,0.3546195652173913,False,0.16163686648895131,0.0,15,False
COL4A1,3_minus_2,27.0,0.063720703125,0.3546195652173913,False,0.2164280088413556,36.4179717510782,15,False
SMAD5,3_minus_2,27.0,0.063720703125,0.3546195652173913,False,-0.10995811813331491,-35.06689526473755,15,False
LYPD1,3_minus_2,27.0,0.063720703125,0.3546195652173913,False,-0.2041669680827247,-0.9616108620503209,15,False
ACRV1,3_minus_2,27.0,0.063720703125,0.3546195652173913,False,0.11372165609962381,34.00229534830095,15,False
CIT,3_minus_2,27.0,0.063720703125,0.3546195652173913,False,0.24239665845715208,34.90020888332397,15,False
CXCL17,3_minus_2,27.0,0.063720703125,0.3546195652173913,False,-0.18111629853348968,-35.421082989611286,15,False
SHC1,3_minus_2,15.0,0.059739015455392376,0.3546195652173913,False,-0.4214589001388287,0.0,15,False
VSTM2B,3_minus_2,27.0,0.063720703125,0.3546195652173913,False,-0.3363666407584996,-36.14283832741413,15,False
AMBP,3_minus_2,27.0,0.063720703125,0.3546195652173913,False,-0.0876156206039012,-35.814916908752394,15,False
OMP,3_minus_2,27.0,0.063720703125,0.3546195652173913,False,0.3466925717025271,0.0,15,False
PTPRH,3_minus_2,27.0,0.063720703125,0.3546195652173913,False,0.25018755784414715,0.0,15,False
EFNA4,3_minus_2,27.0,0.063720703125,0.3546195652173913,False,0.1790563057790306,35.922686352930384,15,False
SRP14,3_minus_2,27.0,0.063720703125,0.3546195652173913,False,0.2371400052231497,0.0,15,False
KLK8,3_minus_2,27.0,0.063720703125,0.3546195652173913,False,-0.129746253458104,-36.236852358606235,15,False
EPHA1,3_minus_2,27.0,0.063720703125,0.3546195652173913,False,0.1101821687240433,2.076584168881586,15,False
NOS3,3_minus_2,27.0,0.063720703125,0.3546195652173913,False,-0.2916893849748814,0.0,15,False
KRT14,3_minus_2,27.0,0.063720703125,0.3546195652173913,False,-0.26911304463403807,-35.40331898580327,15,False
GZMA,3_minus_2,27.0,0.063720703125,0.3546195652173913,False,-0.1431249382797926,-36.387461765305645,15,False
OXT,3_minus_2,27.0,0.063720703125,0.3546195652173913,False,0.4466650482486669,36.18604603892637,15,False
HYAL1,3_minus_2,27.0,0.063720703125,0.3546195652173913,False,0.22474228278006447,1.317059068917859,15,False
TSHB,3_minus_2,27.0,0.063720703125,0.3546195652173913,False,-0.38714543363655274,-38.05009547065969,15,False
HJV,3_minus_2,27.0,0.063720703125,0.3546195652173913,False,0.10965491520125381,3.1611381561098777,15,False
FETUB,3_minus_2,27.0,0.063720703125,0.3546195652173913,False,0.1118694098971911,3.8566283412974918,15,False
ORM1,3_minus_2,27.0,0.063720703125,0.3546195652173913,False,-0.1101050839111664,0.0,15,False
RNASEH2A,3_minus_2,27.0,0.063720703125,0.3546195652173913,False,1.077111534913383,39.64991305068747,15,False
GSR,3_minus_2,27.0,0.063720703125,0.3546195652173913,False,-0.0822667416875351,-25.494330799406715,15,False
TGM2,3_minus_2,27.5,0.06485617145262018,0.36022678266386277,False,0.2130206694826687,0.0,15,False
XCL1,3_minus_2,28.0,0.072998046875,0.3751140510948905,False,-0.05275619739710252,-1.5708764087473033,15,False
CLEC4M,3_minus_2,28.0,0.072998046875,0.3751140510948905,False,-0.18820791881694704,-36.96132864327896,15,False
ENO3,3_minus_2,28.0,0.072998046875,0.3751140510948905,False,-0.507939882281779,-34.852724064795126,15,False
TNFRSF10A,3_minus_2,28.0,0.072998046875,0.3751140510948905,False,0.21228090420864099,34.85962479222936,15,False
PDE4D,3_minus_2,28.0,0.072998046875,0.3751140510948905,False,0.15682477171742104,0.0,15,False
SCIN,3_minus_2,28.0,0.072998046875,0.3751140510948905,False,0.3433695715513162,0.0,15,False
CHRDL1,3_minus_2,28.0,0.072998046875,0.3751140510948905,False,-0.1366231906311971,-36.04154012500676,15,False
COL15A1,3_minus_2,28.0,0.072998046875,0.3751140510948905,False,-0.09406391013309817,0.0,15,False
OLFM4,3_minus_2,28.0,0.072998046875,0.3751140510948905,False,0.4020211277877998,0.0,15,False
KDR,3_minus_2,28.0,0.072998046875,0.3751140510948905,False,0.08037495771913461,35.548146582852965,15,False
ACOX1,3_minus_2,28.0,0.072998046875,0.3751140510948905,False,0.22618710223166721,0.0,15,False
TNFRSF8,3_minus_2,28.0,0.072998046875,0.3751140510948905,False,-0.3448665376141792,-3.3262387934784603,15,False
IL1RN,3_minus_2,28.0,0.072998046875,0.3751140510948905,False,0.16642954409574712,0.0,15,False
VWF,3_minus_2,28.0,0.072998046875,0.3751140510948905,False,0.303525060046296,0.0,15,False
ZP4,3_minus_2,16.0,0.07118923429208963,0.3751140510948905,False,0.24941877806438112,0.0,15,False
ERMAP,3_minus_2,28.0,0.072998046875,0.3751140510948905,False,0.1579794053057804,0.0,15,False
HAVCR1,3_minus_2,28.0,0.072998046875,0.3751140510948905,False,0.28055699520569266,0.0,15,False
PROS1,3_minus_2,28.0,0.072998046875,0.3751140510948905,False,-0.09553966586891094,0.0,15,False
CLEC14A,3_minus_2,28.0,0.072998046875,0.3751140510948905,False,-0.12270873011080585,-34.38836441541657,15,False
CGB3_CGB5_CGB8,3_minus_2,28.0,0.072998046875,0.3751140510948905,False,-0.34549672970229717,0.0,15,False
CPM,3_minus_2,28.0,0.072998046875,0.3751140510948905,False,0.33292179818740486,30.332901062411942,15,False
RP2,3_minus_2,28.0,0.072998046875,0.3751140510948905,False,-0.04060371683557917,0.0,15,False
ICAM4,3_minus_2,28.0,0.072998046875,0.3751140510948905,False,0.08839421035284123,0.0,15,False
PON2,3_minus_2,28.0,0.072998046875,0.3751140510948905,False,0.09695318850217122,0.0,15,False
RNASE10,3_minus_2,28.0,0.072998046875,0.3751140510948905,False,-0.2336433455312712,0.0,15,False
ARSB,3_minus_2,28.0,0.072998046875,0.3751140510948905,False,0.3799354013468982,36.569760395263806,15,False
PCDH17,3_minus_2,28.0,0.072998046875,0.3751140510948905,False,0.1153443317998949,0.0,15,False
FUT3_FUT5,3_minus_2,28.0,0.072998046875,0.3751140510948905,False,0.20181790145699696,33.28744257939295,15,False
CGN,3_minus_2,28.0,0.072998046875,0.3751140510948905,False,0.2246194161791237,0.0,15,False
MFAP5,3_minus_2,28.0,0.072998046875,0.3751140510948905,False,0.1896150709092974,0.0,15,False
GM2A,3_minus_2,28.0,0.072998046875,0.3751140510948905,False,0.1374233214172763,35.28974602360129,15,False
S100G,3_minus_2,28.0,0.072998046875,0.3751140510948905,False,0.522345568425672,38.1273675016122,15,False
DSG3,3_minus_2,28.0,0.072998046875,0.3751140510948905,False,-0.09217854171314152,-0.7587069627990752,15,False
ANXA11,3_minus_2,28.0,0.072998046875,0.3751140510948905,False,0.0603138501338194,32.654131964436054,15,False
PALLD,3_minus_2,28.0,0.072998046875,0.3751140510948905,False,-0.7855438615374057,-33.1047650478442,15,False
CCL2,3_minus_2,16.0,0.07118923429208963,0.3751140510948905,False,-0.03640425270013514,0.0,15,False
KIR2DL2,3_minus_2,28.0,0.072998046875,0.3751140510948905,False,-0.22121312528375459,-35.30600225724463,15,False
USP47,3_minus_2,28.0,0.072998046875,0.3751140510948905,False,0.34438782732579915,3.4894491960185143,15,False
HLA-A,3_minus_2,28.0,0.072998046875,0.3751140510948905,False,0.2436182113387554,0.0,15,False
SPARC,3_minus_2,28.0,0.072998046875,0.3751140510948905,False,-0.21861903719338371,-35.89774199608683,15,False
CCL5,3_minus_2,28.0,0.072998046875,0.3751140510948905,False,-0.2200285499638046,-0.7808559887358075,15,False
CLSTN3,3_minus_2,29.0,0.083251953125,0.40914048865619546,False,-0.10876561833854298,0.0,15,False
POMC,3_minus_2,29.0,0.083251953125,0.40914048865619546,False,0.27431710833631984,0.0,15,False
TNFRSF9,3_minus_2,29.0,0.083251953125,0.40914048865619546,False,-0.039982999931920116,-1.0695480897263336,15,False
PAFAH2,3_minus_2,29.0,0.083251953125,0.40914048865619546,False,-0.378927082617481,-35.24675606700499,15,False
TNN,3_minus_2,29.0,0.083251953125,0.40914048865619546,False,0.0969271886981945,0.0,15,False
SEMA6C,3_minus_2,29.0,0.083251953125,0.40914048865619546,False,-0.3327942522533758,-35.05621773554606,15,False
MXRA8,3_minus_2,29.0,0.083251953125,0.40914048865619546,False,-0.106914926721656,0.0,15,False
AHSP,3_minus_2,29.0,0.083251953125,0.40914048865619546,False,-0.2784149050677328,-37.51275749231263,15,False
C1QL2,3_minus_2,29.0,0.083251953125,0.40914048865619546,False,-0.1351112434484686,0.0,15,False
MRC1,3_minus_2,29.0,0.083251953125,0.40914048865619546,False,0.21738274402573593,35.43609503650863,15,False
MET,3_minus_2,29.0,0.083251953125,0.40914048865619546,False,0.10741297399730187,35.96052794765094,15,False
MAEA,3_minus_2,29.0,0.083251953125,0.40914048865619546,False,0.34672274913485934,0.0,15,False
COQ7,3_minus_2,29.0,0.083251953125,0.40914048865619546,False,0.1585298511088325,35.385901294770164,15,False
DPEP1,3_minus_2,29.0,0.083251953125,0.40914048865619546,False,-0.034811305473198884,0.0,15,False
RCOR1,3_minus_2,29.0,0.083251953125,0.40914048865619546,False,0.23703701163649815,0.0,15,False
SORT1,3_minus_2,29.0,0.083251953125,0.40914048865619546,False,0.1988030149622808,0.0,15,False
CR2,3_minus_2,29.0,0.083251953125,0.40914048865619546,False,-0.10774932102896209,0.0,15,False
GFRA3,3_minus_2,29.0,0.083251953125,0.40914048865619546,False,-0.1410451639391751,-2.9286954259288045,15,False
LGALS7_LGALS7B,3_minus_2,29.0,0.083251953125,0.40914048865619546,False,-0.15646546261410732,0.0,15,False
PTS,3_minus_2,29.0,0.083251953125,0.40914048865619546,False,0.2579548427519176,0.0,15,False
ITIH1,3_minus_2,29.0,0.083251953125,0.40914048865619546,False,0.11644498220074449,0.0,15,False
LYAR,3_minus_2,29.0,0.083251953125,0.40914048865619546,False,0.22335809593920578,0.0,15,False
TPSAB1,3_minus_2,29.0,0.083251953125,0.40914048865619546,False,-0.0941324604872204,-1.1589496249150262,15,False
SCN4B,3_minus_2,29.0,0.083251953125,0.40914048865619546,False,-0.1365610037378234,-1.2835260341522436,15,False
TPPP2,3_minus_2,29.0,0.083251953125,0.40914048865619546,False,1.1096940450332873,39.39712918172128,15,False
KHDC3L,3_minus_2,17.0,0.08437944259396048,0.413959077255388,False,-0.051259216214457504,-2.8111946888644144,15,False
GASK1A,3_minus_2,30.0,0.0946044921875,0.43601677577741405,False,0.36828181607201305,36.67316028663099,15,False
ABCA2,3_minus_2,30.0,0.0946044921875,0.43601677577741405,False,0.5701933404604088,38.21468874943507,15,False
MEGF10,3_minus_2,30.0,0.0946044921875,0.43601677577741405,False,-0.07043398192268299,-0.6335457383614387,15,False
AGRP,3_minus_2,30.0,0.0946044921875,0.43601677577741405,False,0.15362946366861496,0.0,15,False
LAMP2,3_minus_2,30.0,0.0946044921875,0.43601677577741405,False,-0.07166369548270489,0.0,15,False
FGF21,3_minus_2,30.0,0.0946044921875,0.43601677577741405,False,0.7274660611253808,0.0,15,False
TNFRSF17,3_minus_2,30.0,0.0946044921875,0.43601677577741405,False,-0.06735976037509628,-34.22831592159904,15,False
PIKFYVE,3_minus_2,30.0,0.0946044921875,0.43601677577741405,False,-0.263997553755749,-37.02998106039532,15,False
PLXDC1,3_minus_2,30.0,0.0946044921875,0.43601677577741405,False,-0.20280636769879248,-1.8389322964114043,15,False
ANGPTL3,3_minus_2,30.0,0.0946044921875,0.43601677577741405,False,0.17234029817149152,35.5610713499954,15,False
VGF,3_minus_2,30.0,0.0946044921875,0.43601677577741405,False,0.1307300893496467,2.4705069533153243,15,False
SEZ6L2,3_minus_2,30.0,0.0946044921875,0.43601677577741405,False,-0.07019610118966962,-1.2019685404880098,15,False
C1R,3_minus_2,30.0,0.0946044921875,0.43601677577741405,False,-0.14019208808657552,-34.607624156989914,15,False
SDHB,3_minus_2,30.0,0.0946044921875,0.43601677577741405,False,0.11100731064603764,35.007293716019404,15,False
SPP1,3_minus_2,30.0,0.0946044921875,0.43601677577741405,False,0.14343119165458496,0.0,15,False
NXPH3,3_minus_2,30.0,0.0946044921875,0.43601677577741405,False,-0.3052505615356036,-35.20171440411715,15,False
CEND1,3_minus_2,30.0,0.0946044921875,0.43601677577741405,False,0.275503845817708,0.0,15,False
VEGFD,3_minus_2,30.0,0.0946044921875,0.43601677577741405,False,-0.25292226701297205,-36.327336251885974,15,False
PSAPL1,3_minus_2,30.0,0.0946044921875,0.43601677577741405,False,0.2520002673477166,32.14886404148758,15,False
SELE,3_minus_2,30.0,0.0946044921875,0.43601677577741405,False,-0.0820831187103892,0.0,15,False
NECTIN1,3_minus_2,30.0,0.0946044921875,0.43601677577741405,False,0.14366807214386257,35.907235210854104,15,False
TSPAN7,3_minus_2,30.0,0.0946044921875,0.43601677577741405,False,0.6687315000686734,38.600240003403904,15,False
EDIL3,3_minus_2,30.0,0.0946044921875,0.43601677577741405,False,-0.12735723085773432,-35.53340947480281,15,False
IGFBP3,3_minus_2,30.0,0.0946044921875,0.43601677577741405,False,0.13375691073895368,35.48909222655092,15,False
RNASE4,3_minus_2,30.0,0.0946044921875,0.43601677577741405,False,0.12662549217518412,0.0,15,False
SEPTIN3,3_minus_2,30.0,0.0946044921875,0.43601677577741405,False,0.10579513111601069,0.0,15,False
BATF,3_minus_2,30.0,0.0946044921875,0.43601677577741405,False,0.4409924846184057,0.0,15,False
SPINT2,3_minus_2,30.0,0.0946044921875,0.43601677577741405,False,0.22449159667556418,36.45420200565029,15,False
FABP9,3_minus_2,30.0,0.0946044921875,0.43601677577741405,False,-0.1320359160951896,-1.5981048348158506,15,False
LIPF,3_minus_2,30.0,0.0946044921875,0.43601677577741405,False,-0.11237281879660449,0.0,15,False
GP1BA,3_minus_2,30.0,0.0946044921875,0.43601677577741405,False,0.0777249839995785,0.0,15,False
VEGFA,3_minus_2,30.0,0.0946044921875,0.43601677577741405,False,0.13484761812281654,34.80741805216336,15,False
TCP11,3_minus_2,30.0,0.0946044921875,0.43601677577741405,False,-0.2957130404540861,0.0,15,False
MYOC,3_minus_2,30.0,0.0946044921875,0.43601677577741405,False,-0.20899769081427538,-1.9556589181622217,15,False
CLUL1,3_minus_2,30.0,0.0946044921875,0.43601677577741405,False,-0.12899182966315575,-36.20378777273662,15,False
F9,3_minus_2,30.0,0.0946044921875,0.43601677577741405,False,0.1335199707241444,35.43557843580072,15,False
STAB2,3_minus_2,30.0,0.0946044921875,0.43601677577741405,False,0.1432897447798143,34.833954367563855,15,False
ADAMTS13,3_minus_2,18.0,0.09948088075636445,0.4577420918462783,False,-0.08553008790581951,0.0,15,False
GBP4,3_minus_2,31.0,0.10699462890625,0.4722521551724138,False,0.1151208153983723,0.0,15,False
RNF149,3_minus_2,31.0,0.10699462890625,0.4722521551724138,False,0.14333420994878793,0.0,15,False
S100A12,3_minus_2,31.0,0.10699462890625,0.4722521551724138,False,-0.27122882572027884,-33.7022439722467,15,False
LRRC25,3_minus_2,31.0,0.10699462890625,0.4722521551724138,False,0.1404879533617433,1.2197145113966374,15,False
NOP56,3_minus_2,31.0,0.10699462890625,0.4722521551724138,False,0.33349440711887324,0.0,15,False
L1CAM,3_minus_2,31.0,0.10699462890625,0.4722521551724138,False,0.13225178014354722,35.85331044682967,15,False
HBEGF,3_minus_2,31.0,0.10699462890625,0.4722521551724138,False,-0.206404525278709,-0.8135095825067624,15,False
ERI1,3_minus_2,31.0,0.10699462890625,0.4722521551724138,False,0.1937126195632435,0.0,15,False
PLIN1,3_minus_2,31.0,0.10699462890625,0.4722521551724138,False,-0.13546765528900606,0.0,15,False
FGFBP3,3_minus_2,31.0,0.10699462890625,0.4722521551724138,False,-0.162420890797805,0.0,15,False
FGFBP1,3_minus_2,31.0,0.10699462890625,0.4722521551724138,False,-0.21124965097144321,-0.7588646917658525,15,False
MILR1,3_minus_2,31.0,0.10699462890625,0.4722521551724138,False,-0.126293501429257,-34.41625432978187,15,False
MAN2B2,3_minus_2,31.0,0.10699462890625,0.4722521551724138,False,0.16411163907065973,1.0378742769043698,15,False
ICAM3,3_minus_2,31.0,0.10699462890625,0.4722521551724138,False,-0.13689519921524773,-35.2991019767086,15,False
LY75,3_minus_2,31.0,0.10699462890625,0.4722521551724138,False,-0.22719259403514258,-35.97024591953444,15,False
CDK5RAP3,3_minus_2,31.0,0.10699462890625,0.4722521551724138,False,-0.39334852442452306,0.0,15,False
CD300A,3_minus_2,31.0,0.10699462890625,0.4722521551724138,False,-0.06419867232735421,0.0,15,False
CASP10,3_minus_2,31.0,0.10699462890625,0.4722521551724138,False,-0.4913129289031262,0.0,15,False
SUSD2,3_minus_2,31.0,0.10699462890625,0.4722521551724138,False,-0.08684433739558683,0.0,15,False
B3GNT7,3_minus_2,31.0,0.10699462890625,0.4722521551724138,False,-0.1931832024820005,-36.27750780177838,15,False
CDH15,3_minus_2,31.0,0.10699462890625,0.4722521551724138,False,0.08519338563951928,0.0,15,False
CAT,3_minus_2,31.0,0.10699462890625,0.4722521551724138,False,-0.10934728338592148,0.0,15,False
CHCHD10,3_minus_2,31.0,0.10699462890625,0.4722521551724138,False,0.2571314192464548,34.37449361194909,15,False
TMPRSS15,3_minus_2,31.0,0.10699462890625,0.4722521551724138,False,0.3366514680144208,36.599942008760365,15,False
CDH1,3_minus_2,31.0,0.10699462890625,0.4722521551724138,False,0.20841462818910073,36.349691606190746,15,False
SLITRK2,3_minus_2,31.0,0.10699462890625,0.4722521551724138,False,-0.10498042631915083,0.0,15,False
SPACA5_SPACA5B,3_minus_2,32.0,0.12054443359375,0.49339117005813954,False,0.060223343330725765,0.0,15,False
FSTL1,3_minus_2,32.0,0.12054443359375,0.49339117005813954,False,0.04476406899008556,0.0,15,False
APP,3_minus_2,32.0,0.12054443359375,0.49339117005813954,False,-0.057137426471795705,-1.6677214906288165,15,False
FOLR3,3_minus_2,32.0,0.12054443359375,0.49339117005813954,False,-0.1004619206035402,0.0,15,False
LAMB1,3_minus_2,32.0,0.12054443359375,0.49339117005813954,False,-0.10415922070275757,0.0,15,False
IGLC2,3_minus_2,32.0,0.12054443359375,0.49339117005813954,False,-0.1093427108536169,0.0,15,False
SPOCK1,3_minus_2,32.0,0.12054443359375,0.49339117005813954,False,0.1663711357554557,0.0,15,False
MAPK9,3_minus_2,32.0,0.12054443359375,0.49339117005813954,False,0.15099181985147309,0.0,15,False
METAP1,3_minus_2,32.0,0.12054443359375,0.49339117005813954,False,0.3374517769491813,0.0,15,False
ANGPT1,3_minus_2,32.0,0.12054443359375,0.49339117005813954,False,-0.1290598785067889,-0.7308218298607505,15,False
PI3,3_minus_2,32.0,0.12054443359375,0.49339117005813954,False,-0.19914462250137882,-34.55713607117465,15,False
MYOM1,3_minus_2,32.0,0.12054443359375,0.49339117005813954,False,-0.3139906447927192,-35.92051760665831,15,False
ADGRG2,3_minus_2,32.0,0.12054443359375,0.49339117005813954,False,0.15758896460064414,36.10861581040874,15,False
PF4,3_minus_2,32.0,0.12054443359375,0.49339117005813954,False,-0.5021091752537605,-2.146938354408894,15,False
TP53INP1,3_minus_2,32.0,0.12054443359375,0.49339117005813954,False,0.0804243191560203,32.793581805514016,15,False
DDX1,3_minus_2,32.0,0.12054443359375,0.49339117005813954,False,0.9740100463409638,32.60808898967312,15,False
NAGK,3_minus_2,32.0,0.12054443359375,0.49339117005813954,False,0.297609368402589,34.08260038346827,15,False
PDP1,3_minus_2,32.0,0.12054443359375,0.49339117005813954,False,0.2139126907408807,37.1771156278546,15,False
NEFL,3_minus_2,32.0,0.12054443359375,0.49339117005813954,False,0.20236042351383737,0.0,15,False
WFIKKN2,3_minus_2,32.0,0.12054443359375,0.49339117005813954,False,-0.0333189561104527,-2.0167004514863307,15,False
P4HB,3_minus_2,32.0,0.12054443359375,0.49339117005813954,False,0.24925455180025802,35.5605969181875,15,False
BSND,3_minus_2,19.0,0.11666446478102341,0.49339117005813954,False,-0.03803775823316959,0.0,15,False
GNPDA2,3_minus_2,32.0,0.12054443359375,0.49339117005813954,False,0.1713740503821053,36.31339178937251,15,False
GNAS,3_minus_2,32.0,0.12054443359375,0.49339117005813954,False,-0.24991965302798594,-35.283971275571865,15,False
SNAP25,3_minus_2,32.0,0.12054443359375,0.49339117005813954,False,0.17654916203076257,33.75526672865432,15,False
VCPKMT,3_minus_2,19.0,0.11666446478102341,0.49339117005813954,False,-0.039919602918089804,0.0,15,False
CTRC,3_minus_2,32.0,0.12054443359375,0.49339117005813954,False,-0.23636754967346607,-35.357033659180175,15,False
MANEAL,3_minus_2,19.0,0.11666446478102341,0.49339117005813954,False,-0.122892528958903,0.0,15,False
TNFRSF1A,3_minus_2,32.0,0.12054443359375,0.49339117005813954,False,0.08524822567658008,33.67249142023583,15,False
ATRAID,3_minus_2,32.0,0.12054443359375,0.49339117005813954,False,0.1324525678014839,32.23857840753905,15,False
EGFL7,3_minus_2,32.0,0.12054443359375,0.49339117005813954,False,0.24750528779062897,37.33860897781521,15,False
ITGBL1,3_minus_2,32.0,0.12054443359375,0.49339117005813954,False,-0.17415948586956714,0.0,15,False
HSBP1,3_minus_2,32.0,0.12054443359375,0.49339117005813954,False,0.2646754145027045,36.31255519309562,15,False
CDHR5,3_minus_2,32.0,0.12054443359375,0.49339117005813954,False,0.049047009024115795,0.0,15,False
ASS1,3_minus_2,32.0,0.12054443359375,0.49339117005813954,False,-0.5563093327204799,0.0,15,False
AHSA1,3_minus_2,32.0,0.12054443359375,0.49339117005813954,False,-0.3687244418627429,-36.73650405206644,15,False
CD58,3_minus_2,32.0,0.12054443359375,0.49339117005813954,False,-0.05443938430428209,0.0,15,False
PRRT3,3_minus_2,32.0,0.12054443359375,0.49339117005813954,False,-0.2458329528808201,-36.31496881613912,15,False
COL1A1,3_minus_2,32.0,0.12054443359375,0.49339117005813954,False,-0.1433232435647785,0.0,15,False
LRTM1,3_minus_2,32.0,0.12054443359375,0.49339117005813954,False,1.33597984998943,39.73619967447137,15,False
EVPL,3_minus_2,32.0,0.12054443359375,0.49339117005813954,False,0.12784124118719947,0.0,15,False
PTPRN2,3_minus_2,32.0,0.12054443359375,0.49339117005813954,False,0.2517294032006648,3.6785177518151677,15,False
MMP7,3_minus_2,32.0,0.12054443359375,0.49339117005813954,False,0.13486532407972762,32.42286722135103,15,False
SLC1A4,3_minus_2,32.0,0.12054443359375,0.49339117005813954,False,1.8356530008918872,0.0,15,False
SIGLEC10,3_minus_2,32.0,0.12054443359375,0.49339117005813954,False,0.1589969906414831,4.1150223611695855,15,False
VSNL1,3_minus_2,32.0,0.12054443359375,0.49339117005813954,False,-0.11784620269098808,0.0,15,False
IGDCC4,3_minus_2,32.0,0.12054443359375,0.49339117005813954,False,0.24852698498044257,35.705160861228514,15,False
NGRN,3_minus_2,32.0,0.12054443359375,0.49339117005813954,False,-0.04376406306105762,0.0,15,False
REN,3_minus_2,32.0,0.12054443359375,0.49339117005813954,False,-0.193237707230496,0.0,15,False
FGF7,3_minus_2,19.0,0.11666446478102341,0.49339117005813954,False,-0.1723575408959765,-36.347190189283275,15,False
ISLR2,3_minus_2,28.0,0.12404279309009482,0.5069731572448578,False,-0.10452979475046309,-35.5572307054911,15,False
GGT5,3_minus_2,33.0,0.1353759765625,0.5242821138414946,False,0.1178707654859149,34.3537984227953,15,False
KEL,3_minus_2,33.0,0.1353759765625,0.5242821138414946,False,0.15642838320080057,0.0,15,False
TMPRSS11B,3_minus_2,33.0,0.1353759765625,0.5242821138414946,False,0.5148030209408264,0.0,15,False
MOG,3_minus_2,33.0,0.1353759765625,0.5242821138414946,False,0.2396151247024429,36.591327394297636,15,False
PCOLCE,3_minus_2,20.0,0.13609738111439365,0.5242821138414946,False,-0.043011494928238414,0.0,15,False
LECT2,3_minus_2,33.0,0.1353759765625,0.5242821138414946,False,0.08952272292962593,0.0,15,False
NCS1,3_minus_2,33.0,0.1353759765625,0.5242821138414946,False,0.13513710565899295,0.0,15,False
IL2RA,3_minus_2,33.0,0.1353759765625,0.5242821138414946,False,-0.0478152940754496,-34.9429176162824,15,False
PXDNL,3_minus_2,33.0,0.1353759765625,0.5242821138414946,False,-0.2417842168632094,-3.4411693434640154,15,False
EDN1,3_minus_2,33.0,0.1353759765625,0.5242821138414946,False,-0.10327715985152447,0.0,15,False
KLK1,3_minus_2,33.0,0.1353759765625,0.5242821138414946,False,-0.15047333145960418,0.0,15,False
DSG2,3_minus_2,33.0,0.1353759765625,0.5242821138414946,False,0.09039447189041994,1.8883345357632,15,False
LAMA1,3_minus_2,33.0,0.1353759765625,0.5242821138414946,False,0.2405713553789739,0.0,15,False
CABP2,3_minus_2,33.0,0.1353759765625,0.5242821138414946,False,0.6288152362757828,0.0,15,False
SPRY2,3_minus_2,33.0,0.1353759765625,0.5242821138414946,False,0.5882270350955482,38.5756415014186,15,False
CEBPB,3_minus_2,33.0,0.1353759765625,0.5242821138414946,False,0.30684435534324306,0.0,15,False
PITHD1,3_minus_2,20.0,0.13609738111439365,0.5242821138414946,False,-0.0186601980570526,-0.15943748554583104,15,False
LAMP3,3_minus_2,33.0,0.1353759765625,0.5242821138414946,False,-0.15459128686581677,-1.0611318312817992,15,False
MDH1,3_minus_2,33.0,0.1353759765625,0.5242821138414946,False,-0.0635380627361987,-34.68479164772785,15,False
CELSR2,3_minus_2,33.0,0.1353759765625,0.5242821138414946,False,-0.11856079060760372,-34.05091152288291,15,False
KLRK1,3_minus_2,33.0,0.1353759765625,0.5242821138414946,False,-0.15892568087023506,-1.0330916990998495,15,False
RECK,3_minus_2,33.0,0.1353759765625,0.5242821138414946,False,-0.039736691310220104,-3.8783521183423915,15,False
FSTL3,3_minus_2,33.0,0.1353759765625,0.5242821138414946,False,0.16643094146838538,0.0,15,False
FEN1,3_minus_2,33.0,0.1353759765625,0.5242821138414946,False,0.258495294767044,6.357320269865945,15,False
INPP1,3_minus_2,33.0,0.1353759765625,0.5242821138414946,False,0.3517011097664705,37.829025625113246,15,False
PPBP,3_minus_2,33.0,0.1353759765625,0.5242821138414946,False,-0.23545356715242782,-0.7564528338407134,15,False
EFEMP1,3_minus_2,20.0,0.13609738111439365,0.5242821138414946,False,0.1040614962784069,2.279952451432753,15,False
PLXNB3,3_minus_2,33.0,0.1353759765625,0.5242821138414946,False,0.1853360977459662,34.531654575879905,15,False
TGFBI,3_minus_2,33.0,0.1353759765625,0.5242821138414946,False,0.0396109193740648,0.0,15,False
DLL1,3_minus_2,33.0,0.1353759765625,0.5242821138414946,False,0.11907777008264889,2.0406363231865767,15,False
UNC79,3_minus_2,20.0,0.13609738111439365,0.5242821138414946,False,-0.08098863354272678,0.0,15,False
B4GAT1,3_minus_2,33.0,0.1353759765625,0.5242821138414946,False,0.29031523602618936,37.41763360818229,15,False
ZP3,3_minus_2,33.0,0.1353759765625,0.5242821138414946,False,0.19920340618422028,5.056123394155171,15,False
HNMT,3_minus_2,33.0,0.1353759765625,0.5242821138414946,False,-0.2044625432450767,0.0,15,False
LRPAP1,3_minus_2,33.0,0.1353759765625,0.5242821138414946,False,0.201521652981004,36.06766894474275,15,False
SERPINC1,3_minus_2,33.0,0.1353759765625,0.5242821138414946,False,0.0951903952028198,0.0,15,False
IGFBP2,3_minus_2,33.0,0.1353759765625,0.5242821138414946,False,0.0646096848366189,0.0,15,False
PAMR1,3_minus_2,33.0,0.1353759765625,0.5242821138414946,False,0.1799903792085528,36.80900934927358,15,False
SKIV2L,3_minus_2,33.0,0.1353759765625,0.5242821138414946,False,0.3988069745597535,37.786835977390744,15,False
IL20,3_minus_2,33.0,0.1353759765625,0.5242821138414946,False,0.270243241559344,34.34684711009682,15,False
UBQLN3,3_minus_2,33.0,0.1353759765625,0.5242821138414946,False,-0.27953757285376957,0.0,15,False
CST1,3_minus_2,33.0,0.1353759765625,0.5242821138414946,False,-0.11203319157657643,0.0,15,False
WFDC1,3_minus_2,34.0,0.15142822265625,0.5516453751617076,False,0.2397009034061779,2.4268660305109933,15,False
CLIC5,3_minus_2,34.0,0.15142822265625,0.5516453751617076,False,0.26787002907334834,35.81988075074305,15,False
NPTXR,3_minus_2,34.0,0.15142822265625,0.5516453751617076,False,0.20042734612450078,35.49848006078532,15,False
AIDA,3_minus_2,34.0,0.15142822265625,0.5516453751617076,False,0.3742845591310906,0.0,15,False
GABARAP,3_minus_2,34.0,0.15142822265625,0.5516453751617076,False,-0.35241085420670026,0.0,15,False
AMN,3_minus_2,34.0,0.15142822265625,0.5516453751617076,False,0.2133058312530125,0.0,15,False
M6PR,3_minus_2,34.0,0.15142822265625,0.5516453751617076,False,0.05226475518078483,0.0,15,False
WASF3,3_minus_2,34.0,0.15142822265625,0.5516453751617076,False,0.7945789480970389,38.8953209648071,15,False
NHLRC3,3_minus_2,34.0,0.15142822265625,0.5516453751617076,False,0.13301771482129376,0.0,15,False
NRP2,3_minus_2,34.0,0.15142822265625,0.5516453751617076,False,0.1571836797320049,35.40654927608354,15,False
HLA-E,3_minus_2,34.0,0.15142822265625,0.5516453751617076,False,0.1587371651508998,35.85612506960936,15,False
FUT8,3_minus_2,34.0,0.15142822265625,0.5516453751617076,False,0.1960783951549217,36.81138818418246,15,False
FGF20,3_minus_2,34.0,0.15142822265625,0.5516453751617076,False,0.23598189170430328,0.0,15,False
LRIG3,3_minus_2,34.0,0.15142822265625,0.5516453751617076,False,0.1230361403828998,0.0,15,False
SLIT2,3_minus_2,34.0,0.15142822265625,0.5516453751617076,False,0.1643037410433737,0.9990167045871203,15,False
DDX25,3_minus_2,34.0,0.15142822265625,0.5516453751617076,False,0.3031439822039037,37.55928911445223,15,False
CRYBB2,3_minus_2,34.0,0.15142822265625,0.5516453751617076,False,-0.13736137925108727,-0.69118657553759,15,False
AGR3,3_minus_2,34.0,0.15142822265625,0.5516453751617076,False,0.16608914852444912,0.0,15,False
REPS1,3_minus_2,34.0,0.15142822265625,0.5516453751617076,False,0.4071956708813316,35.51180453354938,15,False
ACP6,3_minus_2,34.0,0.15142822265625,0.5516453751617076,False,0.06703713863377139,0.0,15,False
NUDT15,3_minus_2,34.0,0.15142822265625,0.5516453751617076,False,-0.29880240004640857,-37.13073307231724,15,False
SPINT3,3_minus_2,34.0,0.15142822265625,0.5516453751617076,False,0.18331957874726346,0.0,15,False
VIT,3_minus_2,34.0,0.15142822265625,0.5516453751617076,False,-0.13341970163966177,0.0,15,False
EREG,3_minus_2,34.0,0.15142822265625,0.5516453751617076,False,-0.2809874283814124,-3.080020785503511,15,False
LAG3,3_minus_2,34.0,0.15142822265625,0.5516453751617076,False,0.22842098364094332,36.50953944549813,15,False
MSTN,3_minus_2,34.0,0.15142822265625,0.5516453751617076,False,-0.2218852484145521,-36.052297570687394,15,False
F11R,3_minus_2,34.0,0.15142822265625,0.5516453751617076,False,0.18111570986391154,33.84055969432085,15,False
IDI2,3_minus_2,34.0,0.15142822265625,0.5516453751617076,False,0.19194792345967202,35.974977313043745,15,False
VSTM1,3_minus_2,34.0,0.15142822265625,0.5516453751617076,False,-0.16488713877933636,0.0,15,False
BOC,3_minus_2,34.0,0.15142822265625,0.5516453751617076,False,0.19225353141080748,36.000728476080155,15,False
F3,3_minus_2,34.0,0.15142822265625,0.5516453751617076,False,-0.11449302998085037,-34.869592938354664,15,False
CD38,3_minus_2,34.0,0.15142822265625,0.5516453751617076,False,0.19315531993410545,36.23253225441641,15,False
ANXA5,3_minus_2,34.0,0.15142822265625,0.5516453751617076,False,0.1363935560510805,36.08654839596048,15,False
PALM3,3_minus_2,34.0,0.15142822265625,0.5516453751617076,False,0.3468413066936361,0.0,15,False
SUSD5,3_minus_2,34.0,0.15142822265625,0.5516453751617076,False,-0.015453528094789504,-0.12331777369979711,15,False
WIF1,3_minus_2,34.0,0.15142822265625,0.5516453751617076,False,-0.12681042024764178,-34.27648926365405,15,False
ENTPD5,3_minus_2,34.0,0.15142822265625,0.5516453751617076,False,0.0668740743971285,34.05579659408925,15,False
GPIHBP1,3_minus_2,34.0,0.15142822265625,0.5516453751617076,False,-0.12506318845900571,-1.4488155550034834,15,False
RAB33A,3_minus_2,34.0,0.15142822265625,0.5516453751617076,False,-0.5436771869602175,0.0,15,False
PPY,3_minus_2,34.0,0.15142822265625,0.5516453751617076,False,-0.24148620464348935,0.0,15,False
PSMA1,3_minus_2,34.0,0.15142822265625,0.5516453751617076,False,0.4624197035900553,0.0,15,False
DDC,3_minus_2,34.0,0.15142822265625,0.5516453751617076,False,-0.17624790027899206,-1.5329568371075928,15,False
KIAA1549,3_minus_2,25.0,0.15195618574341047,0.5528535129889456,False,-0.7160829726159758,0.0,15,False
CDC123,3_minus_2,21.0,0.15793931050013033,0.5709333740287125,False,0.029411284486702105,0.0,15,False
VWA5A,3_minus_2,21.0,0.15793931050013033,0.5709333740287125,False,-0.22325162013516087,-36.96498620547295,15,False
CYTH3,3_minus_2,21.0,0.15793931050013033,0.5709333740287125,False,0.09583245952395827,0.0,15,False
BTNL10,3_minus_2,21.0,0.15793931050013033,0.5709333740287125,False,-0.019171115590998197,-0.36125745852487184,15,False
STAU1,3_minus_2,21.0,0.15793931050013033,0.5709333740287125,False,0.07045411142498648,0.0,15,False
ESR1,3_minus_2,35.0,0.1688232421875,0.5804716117216118,False,-0.4567917707117358,0.0,15,False
RIPK4,3_minus_2,35.0,0.1688232421875,0.5804716117216118,False,0.43395186884258763,36.81108941496735,15,False
NPHS2,3_minus_2,35.0,0.1688232421875,0.5804716117216118,False,0.16912848781816026,0.0,15,False
TACSTD2,3_minus_2,35.0,0.1688232421875,0.5804716117216118,False,0.12574109297113523,34.68360714223161,15,False
CASC3,3_minus_2,35.0,0.1688232421875,0.5804716117216118,False,0.3353158886504911,36.880279655513384,15,False
HEPH,3_minus_2,35.0,0.1688232421875,0.5804716117216118,False,-0.0842043012565189,-31.21469334474373,15,False
TFPI,3_minus_2,35.0,0.1688232421875,0.5804716117216118,False,0.14002389323935083,35.851817654427556,15,False
SPTBN2,3_minus_2,35.0,0.1688232421875,0.5804716117216118,False,0.1659243701764422,0.0,15,False
TFAP2A,3_minus_2,35.0,0.1688232421875,0.5804716117216118,False,0.3513001390097388,0.0,15,False
CEACAM16,3_minus_2,35.0,0.1688232421875,0.5804716117216118,False,0.1589212165552495,2.5447991933672576,15,False
LSM8,3_minus_2,35.0,0.1688232421875,0.5804716117216118,False,0.2747089133385634,1.8669516463855746,15,False
TREM2,3_minus_2,35.0,0.1688232421875,0.5804716117216118,False,0.10336619754624529,0.0,15,False
PTX3,3_minus_2,35.0,0.1688232421875,0.5804716117216118,False,0.13372170055457777,1.744584565538527,15,False
KLHL41,3_minus_2,35.0,0.1688232421875,0.5804716117216118,False,0.22017841512270486,35.81328917416576,15,False
AKAP12,3_minus_2,35.0,0.1688232421875,0.5804716117216118,False,-0.12470773361358606,-34.33061662697919,15,False
HHEX,3_minus_2,35.0,0.1688232421875,0.5804716117216118,False,0.2132902092723571,36.44026951941555,15,False
AHNAK,3_minus_2,35.0,0.1688232421875,0.5804716117216118,False,-0.12289380253783144,0.0,15,False
AHCY,3_minus_2,35.0,0.1688232421875,0.5804716117216118,False,0.3096781861786575,35.43676824394022,15,False
NPTX2,3_minus_2,35.0,0.1688232421875,0.5804716117216118,False,0.10379049057327458,0.0,15,False
MSLN,3_minus_2,35.0,0.1688232421875,0.5804716117216118,False,0.08146497067600111,0.7572277870112835,15,False
TCN1,3_minus_2,35.0,0.1688232421875,0.5804716117216118,False,-0.09943731635190858,-0.8110484480416825,15,False
LYPLA2,3_minus_2,35.0,0.1688232421875,0.5804716117216118,False,0.3495145582214954,34.80718917449181,15,False
CD48,3_minus_2,35.0,0.1688232421875,0.5804716117216118,False,-0.0407107308118312,-1.0152341601883903,15,False
PRDX3,3_minus_2,35.0,0.1688232421875,0.5804716117216118,False,0.16409421631421645,33.43497466566163,15,False
EFCAB2,3_minus_2,35.0,0.1688232421875,0.5804716117216118,False,-0.26801616466309497,-33.53689651471509,15,False
IL20RA,3_minus_2,35.0,0.1688232421875,0.5804716117216118,False,0.3475790932216855,0.0,15,False
KRT8,3_minus_2,35.0,0.1688232421875,0.5804716117216118,False,0.3398983697210894,0.0,15,False
LEFTY2,3_minus_2,35.0,0.1688232421875,0.5804716117216118,False,0.2389094748174686,29.99743199668905,15,False
PFDN6,3_minus_2,35.0,0.1688232421875,0.5804716117216118,False,0.6600726880189187,38.53345907387701,15,False
CPB2,3_minus_2,35.0,0.1688232421875,0.5804716117216118,False,0.08607820599818,0.0,15,False
GGT1,3_minus_2,35.0,0.1688232421875,0.5804716117216118,False,-0.1333822446164048,0.0,15,False
YWHAQ,3_minus_2,35.0,0.1688232421875,0.5804716117216118,False,0.0732458748322763,0.0,15,False
IL31RA,3_minus_2,35.0,0.1688232421875,0.5804716117216118,False,0.15868216522057468,36.61481762070799,15,False
MCAM,3_minus_2,35.0,0.1688232421875,0.5804716117216118,False,-0.1268071359565143,-33.90960090251483,15,False
SMS,3_minus_2,35.0,0.1688232421875,0.5804716117216118,False,-0.2547287571577686,-34.67207229304482,15,False
TPPP3,3_minus_2,35.0,0.1688232421875,0.5804716117216118,False,-0.3154213365441708,-2.8533606670553384,15,False
LPP,3_minus_2,35.0,0.1688232421875,0.5804716117216118,False,-0.19711205539473364,0.0,15,False
CD276,3_minus_2,35.0,0.1688232421875,0.5804716117216118,False,-0.0458239845938749,-6.69296449755882,15,False
RNASE6,3_minus_2,35.0,0.1688232421875,0.5804716117216118,False,-0.07537369974568031,0.0,15,False
IGFL4,3_minus_2,35.0,0.1688232421875,0.5804716117216118,False,-0.15588180025012854,-1.6575992453815795,15,False
MYBPC2,3_minus_2,36.0,0.1876220703125,0.6143531976744185,False,0.10397997590247976,0.0,15,False
POF1B,3_minus_2,36.0,0.1876220703125,0.6143531976744185,False,0.23528772659562636,33.060089657274276,15,False
SCARB1,3_minus_2,36.0,0.1876220703125,0.6143531976744185,False,0.4816772961631519,0.0,15,False
CNDP1,3_minus_2,36.0,0.1876220703125,0.6143531976744185,False,0.24551837830977474,35.76031440041527,15,False
MAP2,3_minus_2,22.0,0.1823383541807685,0.6143531976744185,False,0.0031027960725464,0.0,15,False
MYOM3,3_minus_2,36.0,0.1876220703125,0.6143531976744185,False,0.17485047301138967,0.0,15,False
CCER2,3_minus_2,36.0,0.1876220703125,0.6143531976744185,False,-0.2587203198198993,-3.8062486699216413,15,False
GLYR1,3_minus_2,36.0,0.1876220703125,0.6143531976744185,False,0.14359404694705122,0.0,15,False
WFIKKN1,3_minus_2,36.0,0.1876220703125,0.6143531976744185,False,0.11051093021655362,35.41530828410191,15,False
TSPYL1,3_minus_2,36.0,0.1876220703125,0.6143531976744185,False,0.1005292283375769,34.48913204242946,15,False
MKI67,3_minus_2,36.0,0.1876220703125,0.6143531976744185,False,-0.3630528434284558,0.0,15,False
APOA4,3_minus_2,36.0,0.1876220703125,0.6143531976744185,False,-0.1397746515082704,0.0,15,False
C7,3_minus_2,36.0,0.1876220703125,0.6143531976744185,False,0.09461582226080169,0.0,15,False
LTB,3_minus_2,36.0,0.1876220703125,0.6143531976744185,False,0.1349971024552362,35.49596297998931,15,False
DDX58,3_minus_2,36.0,0.1876220703125,0.6143531976744185,False,0.11635980837639592,0.0,15,False
GALNT3,3_minus_2,36.0,0.1876220703125,0.6143531976744185,False,0.10190712044197014,0.0,15,False
LYZL2,3_minus_2,22.0,0.1823383541807685,0.6143531976744185,False,0.2144264723350174,35.04510210518715,15,False
MTDH,3_minus_2,36.0,0.1876220703125,0.6143531976744185,False,0.3975473157566305,0.0,15,False
PODXL,3_minus_2,36.0,0.1876220703125,0.6143531976744185,False,0.13229738666279423,34.78070093994641,15,False
VSIG2,3_minus_2,36.0,0.1876220703125,0.6143531976744185,False,-0.2189326035161289,0.0,15,False
VCAN,3_minus_2,36.0,0.1876220703125,0.6143531976744185,False,0.18667434358775126,0.0,15,False
CD3E,3_minus_2,36.0,0.1876220703125,0.6143531976744185,False,-0.15904571336632828,-1.8706166869349492,15,False
TRIM5,3_minus_2,36.0,0.1876220703125,0.6143531976744185,False,0.36996382746705886,2.5926971179032097,15,False
MFAP4,3_minus_2,36.0,0.1876220703125,0.6143531976744185,False,-0.0735919145181696,0.0,15,False
DSC2,3_minus_2,36.0,0.1876220703125,0.6143531976744185,False,0.11932003088245263,1.8273263746852089,15,False
HDDC2,3_minus_2,36.0,0.1876220703125,0.6143531976744185,False,0.0882664067975894,33.39425090072931,15,False
CDHR2,3_minus_2,36.0,0.1876220703125,0.6143531976744185,False,-0.040943490499057766,0.0,15,False
ITGA11,3_minus_2,36.0,0.1876220703125,0.6143531976744185,False,-0.014479440278884315,-0.2033739056128368,15,False
RRAS,3_minus_2,36.0,0.1876220703125,0.6143531976744185,False,-0.27413438780592425,-37.562911948728036,15,False
IL32,3_minus_2,36.0,0.1876220703125,0.6143531976744185,False,-0.0757844299004176,-34.379224888231604,15,False
BHMT2,3_minus_2,36.0,0.1876220703125,0.6143531976744185,False,-0.30595032993738613,0.0,15,False
UNC5D,3_minus_2,36.0,0.1876220703125,0.6143531976744185,False,-0.11234893396459544,-34.54336320831026,15,False
TADA3,3_minus_2,36.0,0.1876220703125,0.6143531976744185,False,-0.442306018421579,-37.249918044578024,15,False
CHM,3_minus_2,36.0,0.1876220703125,0.6143531976744185,False,0.7128109877537815,37.79092405694183,15,False
ITGA6,3_minus_2,36.0,0.1876220703125,0.6143531976744185,False,0.04746092009473446,0.0,15,False
CCL26,3_minus_2,36.0,0.1876220703125,0.6143531976744185,False,-0.31420674470686716,0.0,15,False
FLT1,3_minus_2,36.0,0.1876220703125,0.6143531976744185,False,0.1507968758008988,0.0,15,False
DHODH,3_minus_2,36.0,0.1876220703125,0.6143531976744185,False,-0.6995223645939846,-37.424493752702844,15,False
CAPN3,3_minus_2,36.0,0.1876220703125,0.6143531976744185,False,0.1272667701456318,0.0,15,False
PTPRR,3_minus_2,36.0,0.1876220703125,0.6143531976744185,False,0.22806518587411728,7.626469516903793,15,False
TCN2,3_minus_2,36.0,0.1876220703125,0.6143531976744185,False,0.168965632833245,30.721085225924828,15,False
KIRREL2,3_minus_2,37.0,0.207763671875,0.6500694444444445,False,-0.1763963720283892,0.0,15,False
ITPA,3_minus_2,37.0,0.207763671875,0.6500694444444445,False,0.3829465544842756,38.13692812199857,15,False
CXCL1,3_minus_2,37.0,0.207763671875,0.6500694444444445,False,0.26995424405530544,37.111033908052825,15,False
PTPRZ1,3_minus_2,37.0,0.207763671875,0.6500694444444445,False,-0.0270300033701205,0.0,15,False
NMNAT1,3_minus_2,37.0,0.207763671875,0.6500694444444445,False,0.05139505247685194,32.27824862181377,15,False
IL21R,3_minus_2,37.0,0.207763671875,0.6500694444444445,False,0.10013709650794059,35.121894318988666,15,False
PRKRA,3_minus_2,37.0,0.207763671875,0.6500694444444445,False,-0.1584300934921794,0.0,15,False
VSIG4,3_minus_2,37.0,0.207763671875,0.6500694444444445,False,0.12702051586766638,0.0,15,False
PRR5,3_minus_2,37.0,0.207763671875,0.6500694444444445,False,0.23646085916127846,0.0,15,False
IL18RAP,3_minus_2,37.0,0.207763671875,0.6500694444444445,False,0.09858818354179283,1.045984802131641,15,False
CPXM1,3_minus_2,37.0,0.207763671875,0.6500694444444445,False,-0.02714997312698142,0.0,15,False
ARHGEF5,3_minus_2,37.0,0.207763671875,0.6500694444444445,False,0.0466528489126625,0.0,15,False
TRIM40,3_minus_2,37.0,0.207763671875,0.6500694444444445,False,0.9787996946225701,38.75081676101294,15,False
CD300E,3_minus_2,37.0,0.207763671875,0.6500694444444445,False,0.14282913612467463,36.008315594507906,15,False
PRG3,3_minus_2,37.0,0.207763671875,0.6500694444444445,False,-0.1499039182709529,0.0,15,False
TMPRSS5,3_minus_2,37.0,0.207763671875,0.6500694444444445,False,-0.1224764991476226,-35.859413041161154,15,False
FLRT2,3_minus_2,37.0,0.207763671875,0.6500694444444445,False,0.11410876776855072,33.32255569596085,15,False
BCL2,3_minus_2,37.0,0.207763671875,0.6500694444444445,False,0.07256775766319871,0.0,15,False
LAMTOR5,3_minus_2,37.0,0.207763671875,0.6500694444444445,False,0.6420161067819823,36.64767528801336,15,False
FRZB,3_minus_2,37.0,0.207763671875,0.6500694444444445,False,0.07004705414339552,0.0,15,False
CTNNA1,3_minus_2,37.0,0.207763671875,0.6500694444444445,False,0.10102961675591493,1.567867078772137,15,False
PNPT1,3_minus_2,37.0,0.207763671875,0.6500694444444445,False,0.25324148350158104,0.0,15,False
DRG2,3_minus_2,37.0,0.207763671875,0.6500694444444445,False,0.3214413332210696,37.42996365186344,15,False
CDH22,3_minus_2,37.0,0.207763671875,0.6500694444444445,False,0.26488015040871393,36.07608931288548,15,False
TCL1B,3_minus_2,37.0,0.207763671875,0.6500694444444445,False,-0.3499234345261344,-37.697729041337666,15,False
SART1,3_minus_2,37.0,0.207763671875,0.6500694444444445,False,0.1653176473013403,0.0,15,False
GZMB,3_minus_2,37.0,0.207763671875,0.6500694444444445,False,-0.18792072350931832,0.0,15,False
DEFB4A_DEFB4B,3_minus_2,37.0,0.207763671875,0.6500694444444445,False,0.27702608590305877,0.0,15,False
CDKL5,3_minus_2,37.0,0.207763671875,0.6500694444444445,False,0.041705849138278794,4.656685675637619,15,False
IFNL2,3_minus_2,37.0,0.207763671875,0.6500694444444445,False,0.3872392778386178,0.0,15,False
COL3A1,3_minus_2,37.0,0.207763671875,0.6500694444444445,False,0.1823048284728492,34.85853575765112,15,False
C8B,3_minus_2,37.0,0.207763671875,0.6500694444444445,False,-0.12436624289589499,0.0,15,False
CEACAM3,3_minus_2,37.0,0.207763671875,0.6500694444444445,False,0.3476151625677163,35.77447490843101,15,False
CDA,3_minus_2,37.0,0.207763671875,0.6500694444444445,False,-0.13191700482350333,0.0,15,False
ITGB6,3_minus_2,37.0,0.207763671875,0.6500694444444445,False,0.1285172109563475,0.0,15,False
PPT1,3_minus_2,37.0,0.207763671875,0.6500694444444445,False,0.08965006818876053,0.0,15,False
CSNK1D,3_minus_2,37.0,0.207763671875,0.6500694444444445,False,0.41437401958011333,0.0,15,False
SPON2,3_minus_2,37.0,0.207763671875,0.6500694444444445,False,0.14433964969633908,35.93116234707748,15,False
FCER2,3_minus_2,37.0,0.207763671875,0.6500694444444445,False,-0.20840079091725938,-36.72249695951529,15,False
IL18,3_minus_2,37.0,0.207763671875,0.6500694444444445,False,0.10965670445148024,0.8472567409956419,15,False
ANKRA2,3_minus_2,23.0,0.20942675696103719,0.6523736146042928,False,-0.07595740957504843,-0.993173288167091,15,False
INSR,3_minus_2,23.0,0.20942675696103719,0.6523736146042928,False,0.0,0.0,15,False
CTSZ,3_minus_2,23.0,0.20942675696103719,0.6523736146042928,False,0.024251070118781602,0.0,15,False
CLASP1,3_minus_2,23.0,0.20942675696103719,0.6523736146042928,False,0.19121887274062,0.0,15,False
ALDH2,3_minus_2,38.0,0.22930908203125,0.682594476744186,False,0.168979815125204,0.0,15,False
ARMCX2,3_minus_2,38.0,0.22930908203125,0.682594476744186,False,0.38976945447794237,0.0,15,False
CALB2,3_minus_2,38.0,0.22930908203125,0.682594476744186,False,0.05917079680785814,0.0,15,False
FNTA,3_minus_2,38.0,0.22930908203125,0.682594476744186,False,0.12549912154184217,0.0,15,False
NRTN,3_minus_2,38.0,0.22930908203125,0.682594476744186,False,-0.5849198248089619,0.0,15,False
FRMD7,3_minus_2,38.0,0.22930908203125,0.682594476744186,False,0.1379735879204028,36.53483381495001,15,False
BRD2,3_minus_2,38.0,0.22930908203125,0.682594476744186,False,0.27648373321946473,36.55551275017652,15,False
PHOSPHO1,3_minus_2,38.0,0.22930908203125,0.682594476744186,False,0.0735970122184279,35.355717511517504,15,False
PROK1,3_minus_2,38.0,0.22930908203125,0.682594476744186,False,-0.18577114688888452,0.0,15,False
JCHAIN,3_minus_2,38.0,0.22930908203125,0.682594476744186,False,0.041586647117464404,0.0,15,False
TJP3,3_minus_2,38.0,0.22930908203125,0.682594476744186,False,0.43126966635458874,0.0,15,False
NCAN,3_minus_2,38.0,0.22930908203125,0.682594476744186,False,-0.14289285845636346,0.0,15,False
ITM2A,3_minus_2,38.0,0.22930908203125,0.682594476744186,False,-0.1638070926065931,-35.689180688373746,15,False
BCAT2,3_minus_2,38.0,0.22930908203125,0.682594476744186,False,-0.2534970798475539,0.0,15,False
B2M,3_minus_2,38.0,0.22930908203125,0.682594476744186,False,0.052617828837291714,0.0,15,False
IL17D,3_minus_2,38.0,0.22930908203125,0.682594476744186,False,-0.11771428073191947,0.0,15,False
AMDHD2,3_minus_2,38.0,0.22930908203125,0.682594476744186,False,-0.298647115907581,0.0,15,False
ICAM1,3_minus_2,38.0,0.22930908203125,0.682594476744186,False,0.10488517400398091,2.2145294123894796,15,False
CLEC2L,3_minus_2,38.0,0.22930908203125,0.682594476744186,False,0.11228357019711233,0.0,15,False
CLEC10A,3_minus_2,38.0,0.22930908203125,0.682594476744186,False,-0.15239495992224628,0.0,15,False
CXCL14,3_minus_2,38.0,0.22930908203125,0.682594476744186,False,-0.1527259472058983,-35.95079339798889,15,False
CXCL5,3_minus_2,38.0,0.22930908203125,0.682594476744186,False,-0.2852673784780034,-0.8410035050923228,15,False
CHEK2,3_minus_2,38.0,0.22930908203125,0.682594476744186,False,0.2029530619866769,0.0,15,False
REG4,3_minus_2,38.0,0.22930908203125,0.682594476744186,False,-0.1626942748259853,-35.95824969375044,15,False
STX8,3_minus_2,38.0,0.22930908203125,0.682594476744186,False,0.2230374000437891,2.165317093674102,15,False
LEPR,3_minus_2,38.0,0.22930908203125,0.682594476744186,False,0.11262874806050249,0.7016263109518873,15,False
STXBP3,3_minus_2,38.0,0.22930908203125,0.682594476744186,False,0.2216989362082039,1.6169279721226382,15,False
CHIT1,3_minus_2,38.0,0.22930908203125,0.682594476744186,False,-0.11596356579804246,0.0,15,False
ACHE,3_minus_2,38.0,0.22930908203125,0.682594476744186,False,-0.024903663757908312,0.0,15,False
LGALS9,3_minus_2,38.0,0.22930908203125,0.682594476744186,False,0.06293304852916548,0.0,15,False
LYSMD3,3_minus_2,38.0,0.22930908203125,0.682594476744186,False,0.19145889618722833,1.885352241977981,15,False
STIP1,3_minus_2,38.0,0.22930908203125,0.682594476744186,False,0.12767462347493058,0.0,15,False
LRRC37A2,3_minus_2,38.0,0.22930908203125,0.682594476744186,False,-0.15161900982351267,0.0,15,False
AFM,3_minus_2,38.0,0.22930908203125,0.682594476744186,False,0.12318827539364796,0.0,15,False
LACRT,3_minus_2,38.0,0.22930908203125,0.682594476744186,False,-0.22875230016130232,0.0,15,False
CDKN2D,3_minus_2,38.0,0.22930908203125,0.682594476744186,False,0.4283384341923314,0.0,15,False
SUSD1,3_minus_2,38.0,0.22930908203125,0.682594476744186,False,0.22297435118219133,37.13839599901413,15,False
ABHD14B,3_minus_2,38.0,0.22930908203125,0.682594476744186,False,0.27689236585514043,0.0,15,False
CPXM2,3_minus_2,38.0,0.22930908203125,0.682594476744186,False,0.12048786817667989,36.18190138562206,15,False
CPA2,3_minus_2,38.0,0.22930908203125,0.682594476744186,False,-0.13931909439383378,-0.4762143527524615,15,False
RAB44,3_minus_2,38.0,0.22930908203125,0.682594476744186,False,0.2029323623597501,36.599061712427584,15,False
SEPTIN7,3_minus_2,38.0,0.22930908203125,0.682594476744186,False,-0.23872829697274717,0.0,15,False
TIGAR,3_minus_2,39.0,0.25238037109375,0.7092845558882235,False,0.08142600937260513,0.0,15,False
DDX53,3_minus_2,39.0,0.25238037109375,0.7092845558882235,False,-0.1578399905738408,-32.12633292496172,15,False
SCARA5,3_minus_2,39.0,0.25238037109375,0.7092845558882235,False,-0.0858961107684546,0.0,15,False
RYR1,3_minus_2,39.0,0.25238037109375,0.7092845558882235,False,-0.2603046032471914,-37.23992733612494,15,False
SAT2,3_minus_2,39.0,0.25238037109375,0.7092845558882235,False,0.16008521790500374,35.651212993799426,15,False
ANKRD54,3_minus_2,39.0,0.25238037109375,0.7092845558882235,False,0.13935453268849662,35.028020276592045,15,False
DHRS4L2,3_minus_2,39.0,0.25238037109375,0.7092845558882235,False,-0.0615882002858921,0.0,15,False
THOP1,3_minus_2,39.0,0.25238037109375,0.7092845558882235,False,0.1065264555949337,2.652699345690435,15,False
CEP20,3_minus_2,39.0,0.25238037109375,0.7092845558882235,False,-0.12135540504914688,0.0,15,False
SPINK5,3_minus_2,34.0,0.24549352944751968,0.7092845558882235,False,-0.1045693955818946,-34.66050266279397,15,False
WFDC2,3_minus_2,39.0,0.25238037109375,0.7092845558882235,False,0.09126697859359212,0.0,15,False
FMNL1,3_minus_2,39.0,0.25238037109375,0.7092845558882235,False,0.38650242607491037,36.78408762124968,15,False
FLT3,3_minus_2,39.0,0.25238037109375,0.7092845558882235,False,-0.0872574540102347,-1.3208215025388481,15,False
SPRED2,3_minus_2,39.0,0.25238037109375,0.7092845558882235,False,-0.1151356326359954,0.0,15,False
ISM1,3_minus_2,39.0,0.25238037109375,0.7092845558882235,False,0.15339244795234563,36.45400793947475,15,False
VNN2,3_minus_2,39.0,0.25238037109375,0.7092845558882235,False,-0.08456888730918527,0.0,15,False
ITGAL,3_minus_2,39.0,0.25238037109375,0.7092845558882235,False,-0.5701464398050795,0.0,15,False
GADD45GIP1,3_minus_2,39.0,0.25238037109375,0.7092845558882235,False,0.1037147975542056,0.0,15,False
ADGRE1,3_minus_2,39.0,0.25238037109375,0.7092845558882235,False,0.1141144861384189,0.0,15,False
IL25,3_minus_2,24.0,0.23931654122149526,0.7092845558882235,False,-0.09118930597603736,0.0,15,False
PDGFB,3_minus_2,39.0,0.25238037109375,0.7092845558882235,False,-0.15038385874071686,-0.560269539036571,15,False
SIGLEC15,3_minus_2,39.0,0.25238037109375,0.7092845558882235,False,-0.0034594707423063475,0.0,15,False
NME1,3_minus_2,39.0,0.25238037109375,0.7092845558882235,False,-0.032230589765354534,0.0,15,False
CREB3,3_minus_2,24.0,0.23931654122149526,0.7092845558882235,False,0.0,0.0,15,False
TUBB3,3_minus_2,39.0,0.25238037109375,0.7092845558882235,False,0.20390753286516092,36.29949641823521,15,False
TXNDC5,3_minus_2,39.0,0.25238037109375,0.7092845558882235,False,0.03718042562849455,0.0,15,False
ATP1B4,3_minus_2,24.0,0.23931654122149526,0.7092845558882235,False,0.02934814553887971,0.0,15,False
CNTN2,3_minus_2,39.0,0.25238037109375,0.7092845558882235,False,0.1920556699537146,1.1301611735714172,15,False
HBQ1,3_minus_2,39.0,0.25238037109375,0.7092845558882235,False,-0.18335538237932972,-34.98889724308117,15,False
ATXN10,3_minus_2,39.0,0.25238037109375,0.7092845558882235,False,0.6757890179452847,38.60287283472043,15,False
NFIC,3_minus_2,39.0,0.25238037109375,0.7092845558882235,False,0.1747144144324046,0.0,15,False
NUDT2,3_minus_2,39.0,0.25238037109375,0.7092845558882235,False,-0.174283993247731,-34.060535459540425,15,False
ULBP2,3_minus_2,39.0,0.25238037109375,0.7092845558882235,False,0.1299794479830803,36.24170500540273,15,False
GUCA2A,3_minus_2,39.0,0.25238037109375,0.7092845558882235,False,-0.14248931343153448,0.0,15,False
IL12RB1,3_minus_2,39.0,0.25238037109375,0.7092845558882235,False,0.049971725987178695,0.6429987084353217,15,False
GSTP1,3_minus_2,39.0,0.25238037109375,0.7092845558882235,False,-0.14767844731997473,0.0,15,False
GRIK2,3_minus_2,39.0,0.25238037109375,0.7092845558882235,False,0.14063282492164875,36.10264520891782,15,False
LILRA5,3_minus_2,39.0,0.25238037109375,0.7092845558882235,False,0.0819561289148742,0.0,15,False
CLEC5A,3_minus_2,39.0,0.25238037109375,0.7092845558882235,False,-0.0113327806311872,0.0,15,False
SDC4,3_minus_2,39.0,0.25238037109375,0.7092845558882235,False,-0.3065721183516924,-2.480849593371709,15,False
CHGB,3_minus_2,39.0,0.25238037109375,0.7092845558882235,False,0.0904119684229001,0.0,15,False
SNCA,3_minus_2,39.0,0.25238037109375,0.7092845558882235,False,0.25640815813167145,0.0,15,False
MCFD2,3_minus_2,39.0,0.25238037109375,0.7092845558882235,False,0.1692803577139059,36.039116593115736,15,False
PNLIP,3_minus_2,39.0,0.25238037109375,0.7092845558882235,False,-0.23064685489948267,-36.81753766784848,15,False
LDLR,3_minus_2,39.0,0.25238037109375,0.7092845558882235,False,0.127134639236869,0.0,15,False
RAB10,3_minus_2,39.0,0.25238037109375,0.7092845558882235,False,0.1511670461483256,0.0,15,False
EPCAM,3_minus_2,39.0,0.25238037109375,0.7092845558882235,False,-0.14032494501076842,-1.1372466162931911,15,False
KLK4,3_minus_2,39.0,0.25238037109375,0.7092845558882235,False,-0.1764519240901068,-35.54088183387494,15,False
VWC2,3_minus_2,39.0,0.25238037109375,0.7092845558882235,False,-0.07929183993217309,-1.744912524818199,15,False
VSTM2L,3_minus_2,39.0,0.25238037109375,0.7092845558882235,False,0.1570490471147277,4.147847192572236,15,False
ERBB4,3_minus_2,39.0,0.25238037109375,0.7092845558882235,False,-0.03981805853928033,0.0,15,False
RABGAP1L,3_minus_2,39.0,0.25238037109375,0.7092845558882235,False,0.0894883322726561,33.192855122558036,15,False
ECI2,3_minus_2,39.0,0.25238037109375,0.7092845558882235,False,0.24263350825600538,4.092344958376163,15,False
ALDH1A1,3_minus_2,39.0,0.25238037109375,0.7092845558882235,False,-0.11074343861200053,-35.212914923832315,15,False
CCL14,3_minus_2,39.0,0.25238037109375,0.7092845558882235,False,0.1386961891882235,35.49585926147806,15,False
RARRES2,3_minus_2,39.0,0.25238037109375,0.7092845558882235,False,0.2886472844356584,36.331462767323366,15,False
IL10,3_minus_2,40.0,0.27685546875,0.73828125,False,-0.2692595638689479,0.0,15,False
HMBS,3_minus_2,40.0,0.27685546875,0.73828125,False,-0.08989100153499685,-0.6463471841453773,15,False
PDGFRB,3_minus_2,40.0,0.27685546875,0.73828125,False,-0.03997826134983101,0.0,15,False
KIF20B,3_minus_2,40.0,0.27685546875,0.73828125,False,0.26801314664141584,1.4235542487703658,15,False
CD83,3_minus_2,40.0,0.27685546875,0.73828125,False,-0.07156580327239989,-0.5676555179797765,15,False
DCLRE1C,3_minus_2,25.0,0.272095182736126,0.73828125,False,-0.04477183321879749,0.0,15,False
QPCT,3_minus_2,40.0,0.27685546875,0.73828125,False,0.06316819312801479,32.47447482181979,15,False
PDGFRA,3_minus_2,40.0,0.27685546875,0.73828125,False,0.1037690701067639,35.67375768216967,15,False
INPPL1,3_minus_2,40.0,0.27685546875,0.73828125,False,0.13122491127545172,0.0,15,False
TPMT,3_minus_2,40.0,0.27685546875,0.73828125,False,0.28564497547995815,37.3443345121941,15,False
CETN3,3_minus_2,25.0,0.272095182736126,0.73828125,False,-0.029092440158000277,-33.69518535055482,15,False
LAP3,3_minus_2,40.0,0.27685546875,0.73828125,False,-0.4177653574193956,0.0,15,False
SORBS1,3_minus_2,40.0,0.27685546875,0.73828125,False,0.21172898883252178,0.0,15,False
C2CD2L,3_minus_2,40.0,0.27685546875,0.73828125,False,0.1649643613803344,33.753918260914126,15,False
CD3D,3_minus_2,40.0,0.27685546875,0.73828125,False,0.357064886166536,36.57112223718437,15,False
CLSPN,3_minus_2,40.0,0.27685546875,0.73828125,False,-0.1420735028906574,0.0,15,False
NAAA,3_minus_2,40.0,0.27685546875,0.73828125,False,0.30397470064681664,2.1859537448573154,15,False
DEFA1_DEFA1B,3_minus_2,40.0,0.27685546875,0.73828125,False,0.24591779864017038,0.0,15,False
IL6ST,3_minus_2,40.0,0.27685546875,0.73828125,False,0.043482775543178406,0.0,15,False
TNFSF14,3_minus_2,40.0,0.27685546875,0.73828125,False,-0.18313043002682083,-36.34895531592524,15,False
GC,3_minus_2,40.0,0.27685546875,0.73828125,False,0.023467776255430006,0.1472371596017479,15,False
LCN15,3_minus_2,40.0,0.27685546875,0.73828125,False,0.0982276125512192,0.9271823936584674,15,False
CSF1,3_minus_2,40.0,0.27685546875,0.73828125,False,0.05626940577108702,0.46535510307618394,15,False
ITIH3,3_minus_2,40.0,0.27685546875,0.73828125,False,0.10985115864114439,34.890366430206306,15,False
CST6,3_minus_2,40.0,0.27685546875,0.73828125,False,-0.1208728915692194,0.0,15,False
MEGF9,3_minus_2,40.0,0.27685546875,0.73828125,False,0.059075627840515704,0.0,15,False
DCUN1D1,3_minus_2,40.0,0.27685546875,0.73828125,False,0.21194203008374463,0.0,15,False
AKR1B1,3_minus_2,40.0,0.27685546875,0.73828125,False,0.19707132704482108,0.0,15,False
CD2AP,3_minus_2,40.0,0.27685546875,0.73828125,False,0.2311851528104374,36.35381105597981,15,False
CCL4,3_minus_2,40.0,0.27685546875,0.73828125,False,-0.1261358906568771,-35.95472445739691,15,False
GNE,3_minus_2,40.0,0.27685546875,0.73828125,False,0.2313693517668486,36.369345775940765,15,False
CD244,3_minus_2,40.0,0.27685546875,0.73828125,False,-0.0817839937175073,-1.1178169276733547,15,False
AAMDC,3_minus_2,40.0,0.27685546875,0.73828125,False,0.1300526197862055,36.42833490576556,15,False
MMP10,3_minus_2,40.0,0.27685546875,0.73828125,False,-0.1881703119505384,0.0,15,False
CAPG,3_minus_2,40.0,0.27685546875,0.73828125,False,-0.0474913120868721,0.0,15,False
HMMR,3_minus_2,25.0,0.272095182736126,0.73828125,False,-0.18022112521428368,0.0,15,False
TTR,3_minus_2,25.0,0.272095182736126,0.73828125,False,-0.003871497654068079,0.0,15,False
CAMKK1,3_minus_2,40.0,0.27685546875,0.73828125,False,-0.2969983606164242,-36.63817995421261,15,False
ADAMTS1,3_minus_2,40.0,0.27685546875,0.73828125,False,0.2219420338616463,36.434143009126416,15,False
TDP1,3_minus_2,40.0,0.27685546875,0.73828125,False,0.3081447561690659,36.29679548945584,15,False
DOCK9,3_minus_2,40.0,0.27685546875,0.73828125,False,0.07016012763406809,35.440035035309045,15,False
PSMD9,3_minus_2,40.0,0.27685546875,0.73828125,False,0.18263379575661706,36.19882157582779,15,False
TBC1D17,3_minus_2,40.0,0.27685546875,0.73828125,False,0.19431665957439925,1.1344086213451288,15,False
SIGLEC9,3_minus_2,40.0,0.27685546875,0.73828125,False,-0.0752206653128478,0.0,15,False
SLAMF6,3_minus_2,40.0,0.27685546875,0.73828125,False,-0.1797366742935329,-34.6386471376971,15,False
CPTP,3_minus_2,40.0,0.27685546875,0.73828125,False,0.1798839043176214,0.0,15,False
BCAM,3_minus_2,40.0,0.27685546875,0.73828125,False,0.179601270400486,2.267817036245631,15,False
RNASET2,3_minus_2,40.0,0.27685546875,0.73828125,False,-0.1063092057113426,-33.680540567162055,15,False
APLP1,3_minus_2,40.0,0.27685546875,0.73828125,False,0.075741635348352,33.712193633744114,15,False
GOLGA3,3_minus_2,40.0,0.27685546875,0.73828125,False,0.44833504384668493,1.3411871167695104,15,False
SMPD3,3_minus_2,40.0,0.27685546875,0.73828125,False,0.42111836193181107,0.0,15,False
ZNRF4,3_minus_2,40.0,0.27685546875,0.73828125,False,-0.2030036867271861,0.0,15,False
ARHGAP25,3_minus_2,40.0,0.27685546875,0.73828125,False,0.1161399804415657,0.0,15,False
TEF,3_minus_2,40.0,0.27685546875,0.73828125,False,0.1222190340305454,0.0,15,False
IL7,3_minus_2,41.0,0.30279541015625,0.7640428987455197,False,-0.07399902033695671,-5.378572950616341,15,False
HAGH,3_minus_2,41.0,0.30279541015625,0.7640428987455197,False,-0.08828919785336181,-33.7488696403733,15,False
PRKD2,3_minus_2,41.0,0.30279541015625,0.7640428987455197,False,-0.1737778982087595,0.0,15,False
SCG3,3_minus_2,41.0,0.30279541015625,0.7640428987455197,False,-0.08759816464675099,0.0,15,False
TNR,3_minus_2,41.0,0.30279541015625,0.7640428987455197,False,-0.012955465813189987,-0.09807005160016595,15,False
NCAM2,3_minus_2,41.0,0.30279541015625,0.7640428987455197,False,-0.039334798801376206,-1.7656339104694931,15,False
GP1BB,3_minus_2,41.0,0.30279541015625,0.7640428987455197,False,0.2813999981970047,35.28708047692059,15,False
TNFRSF10C,3_minus_2,41.0,0.30279541015625,0.7640428987455197,False,-0.16891789443439365,0.0,15,False
STK11,3_minus_2,41.0,0.30279541015625,0.7640428987455197,False,0.07682625948072441,1.8133016583510602,15,False
TMEM132A,3_minus_2,41.0,0.30279541015625,0.7640428987455197,False,0.12549652803208278,0.0,15,False
PROCR,3_minus_2,41.0,0.30279541015625,0.7640428987455197,False,0.2250100929016765,31.91975199536099,15,False
GPHA2,3_minus_2,41.0,0.30279541015625,0.7640428987455197,False,-0.028064506712450102,-30.945277565144647,15,False
ADAM12,3_minus_2,41.0,0.30279541015625,0.7640428987455197,False,-0.039177565459378186,-0.8982400571066423,15,False
ANXA1,3_minus_2,41.0,0.30279541015625,0.7640428987455197,False,0.0344841534283413,31.864700291506065,15,False
GPR158,3_minus_2,41.0,0.30279541015625,0.7640428987455197,False,0.08376922821590815,0.0,15,False
NCLN,3_minus_2,41.0,0.30279541015625,0.7640428987455197,False,-0.16810947408109855,-4.709937122754746,15,False
TOMM20,3_minus_2,41.0,0.30279541015625,0.7640428987455197,False,0.15320596619178656,36.312314936772204,15,False
SCN2B,3_minus_2,41.0,0.30279541015625,0.7640428987455197,False,0.212317245638011,0.0,15,False
BAX,3_minus_2,41.0,0.30279541015625,0.7640428987455197,False,-0.2149353370133218,-2.458100925617366,15,False
GRIN2B,3_minus_2,41.0,0.30279541015625,0.7640428987455197,False,0.1994767848910282,4.785310931058179,15,False
IL22RA1,3_minus_2,41.0,0.30279541015625,0.7640428987455197,False,0.37334654026368747,3.6748771062957233,15,False
BAIAP2,3_minus_2,41.0,0.30279541015625,0.7640428987455197,False,0.4088968220199869,37.68101367329994,15,False
MINK1,3_minus_2,41.0,0.30279541015625,0.7640428987455197,False,0.2652941982022847,0.0,15,False
CD14,3_minus_2,41.0,0.30279541015625,0.7640428987455197,False,0.10456490155753562,0.0,15,False
TGOLN2,3_minus_2,41.0,0.30279541015625,0.7640428987455197,False,-0.1244291947254165,-36.278837388225824,15,False
LRRC38,3_minus_2,41.0,0.30279541015625,0.7640428987455197,False,0.26636892954051206,0.0,15,False
TRAF3,3_minus_2,41.0,0.30279541015625,0.7640428987455197,False,0.003619863338683804,0.0,15,False
SPINK8,3_minus_2,41.0,0.30279541015625,0.7640428987455197,False,0.04395513401425599,0.0,15,False
ACAA1,3_minus_2,41.0,0.30279541015625,0.7640428987455197,False,-0.413979239848971,0.0,15,False
NID2,3_minus_2,41.0,0.30279541015625,0.7640428987455197,False,0.1077204497242571,0.0,15,False
DNLZ,3_minus_2,41.0,0.30279541015625,0.7640428987455197,False,0.3177027211904073,0.0,15,False
FKBPL,3_minus_2,41.0,0.30279541015625,0.7640428987455197,False,0.15651191571407277,35.00243771381,15,False
LTBP2,3_minus_2,41.0,0.30279541015625,0.7640428987455197,False,-0.0685182914457223,0.0,15,False
CD34,3_minus_2,41.0,0.30279541015625,0.7640428987455197,False,-0.03706496850811619,-0.36787561834564186,15,False
HSD11B1,3_minus_2,41.0,0.30279541015625,0.7640428987455197,False,0.08506438517147752,0.0,15,False
ITGB1BP1,3_minus_2,41.0,0.30279541015625,0.7640428987455197,False,-0.22954373608141923,0.0,15,False
SIRPA,3_minus_2,41.0,0.30279541015625,0.7640428987455197,False,0.07909760918113068,0.0,15,False
TFF1,3_minus_2,41.0,0.30279541015625,0.7640428987455197,False,0.2369527386610763,33.869771419434436,15,False
DSG4,3_minus_2,41.0,0.30279541015625,0.7640428987455197,False,-0.09480081572422108,-34.73889156455661,15,False
CDH5,3_minus_2,41.0,0.30279541015625,0.7640428987455197,False,-0.061463966757281496,-0.4449502213489661,15,False
KLK6,3_minus_2,41.0,0.30279541015625,0.7640428987455197,False,0.1004477968548394,35.66650609064264,15,False
HTRA2,3_minus_2,41.0,0.30279541015625,0.7640428987455197,False,-0.1298477707881879,0.0,15,False
ITGAV,3_minus_2,41.0,0.30279541015625,0.7640428987455197,False,-0.08311792734426462,-34.376545924596606,15,False
THBD,3_minus_2,41.0,0.30279541015625,0.7640428987455197,False,0.07554651219526054,0.6945139679001298,15,False
CRX,3_minus_2,41.0,0.30279541015625,0.7640428987455197,False,-0.10980669944769988,0.0,15,False
PGLYRP4,3_minus_2,41.0,0.30279541015625,0.7640428987455197,False,0.32340135355905403,34.01872736745084,15,False
ATRN,3_minus_2,41.0,0.30279541015625,0.7640428987455197,False,0.18163764102270968,35.99649465549352,15,False
NFX1,3_minus_2,41.0,0.30279541015625,0.7640428987455197,False,0.21920261431799615,4.634231344128548,15,False
S100A14,3_minus_2,41.0,0.30279541015625,0.7640428987455197,False,0.2147003387770235,3.8063486721585993,15,False
ENSA,3_minus_2,41.0,0.30279541015625,0.7640428987455197,False,-0.20457330770737414,-1.147460775134959,15,False
KLK12,3_minus_2,41.0,0.30279541015625,0.7640428987455197,False,0.11381489155262559,0.7387360890825612,15,False
FXYD5,3_minus_2,41.0,0.30279541015625,0.7640428987455197,False,-0.06941353958641339,-0.5032515387264892,15,False
TIMP4,3_minus_2,41.0,0.30279541015625,0.7640428987455197,False,-0.1263773255906804,-34.69088545493082,15,False
NTF4,3_minus_2,41.0,0.30279541015625,0.7640428987455197,False,0.019774489549093444,0.0,15,False
TCOF1,3_minus_2,41.0,0.30279541015625,0.7640428987455197,False,-0.06386382767647408,0.0,15,False
CNST,3_minus_2,41.0,0.30279541015625,0.7640428987455197,False,0.29213982169143815,36.14306067497415,15,False
PRSS2,3_minus_2,41.0,0.30279541015625,0.7640428987455197,False,0.02601730422401216,0.0,15,False
HEXIM1,3_minus_2,41.0,0.30279541015625,0.7640428987455197,False,0.5738549461069828,37.298254006526385,15,False
CES1,3_minus_2,41.0,0.30279541015625,0.7640428987455197,False,0.1466720353184146,34.60473993047887,15,False
ZNF830,3_minus_2,41.0,0.30279541015625,0.7640428987455197,False,-0.07230254055409041,0.0,15,False
MORN4,3_minus_2,26.0,0.3078214719088427,0.7753356573303228,False,-0.07595085092044801,0.0,15,False
MRPL52,3_minus_2,26.0,0.3078214719088427,0.7753356573303228,False,-0.1795888742496679,0.0,15,False
USP28,3_minus_2,42.0,0.33026123046875,0.7874814775613886,False,0.03495309634487176,0.0,15,False
ZBTB17,3_minus_2,42.0,0.33026123046875,0.7874814775613886,False,0.18592944070975115,5.781361259448558,15,False
SETMAR,3_minus_2,42.0,0.33026123046875,0.7874814775613886,False,0.03263700210598136,0.0,15,False
PSIP1,3_minus_2,42.0,0.33026123046875,0.7874814775613886,False,-0.17081875580749872,-1.3233341184897398,15,False
LRIG1,3_minus_2,42.0,0.33026123046875,0.7874814775613886,False,0.0635092410512006,0.31671709669124565,15,False
AKR7L,3_minus_2,42.0,0.33026123046875,0.7874814775613886,False,0.08861630838401033,1.5554203874385821,15,False
ARG2,3_minus_2,42.0,0.33026123046875,0.7874814775613886,False,-0.2994476936022773,-34.19197109525473,15,False
NRXN3,3_minus_2,42.0,0.33026123046875,0.7874814775613886,False,-0.18661558540467882,0.0,15,False
IFNLR1,3_minus_2,42.0,0.33026123046875,0.7874814775613886,False,0.0669868303840318,0.0,15,False
KIR2DL3,3_minus_2,42.0,0.33026123046875,0.7874814775613886,False,0.04709481329553883,0.3351359567472017,15,False
HNF1A,3_minus_2,42.0,0.33026123046875,0.7874814775613886,False,0.17855827627833099,5.576004619771751,15,False
HMGCL,3_minus_2,42.0,0.33026123046875,0.7874814775613886,False,-0.3606752043074513,-36.62329031050272,15,False
LMNB2,3_minus_2,42.0,0.33026123046875,0.7874814775613886,False,0.058009066014508615,0.0,15,False
SLC51B,3_minus_2,42.0,0.33026123046875,0.7874814775613886,False,-0.0888776988715585,0.0,15,False
OPTC,3_minus_2,42.0,0.33026123046875,0.7874814775613886,False,-0.09603404989919219,-2.192745496661309,15,False
TP53,3_minus_2,42.0,0.33026123046875,0.7874814775613886,False,-0.2352387002910281,0.0,15,False
NFASC,3_minus_2,42.0,0.33026123046875,0.7874814775613886,False,-0.04396086050526039,0.0,15,False
GP5,3_minus_2,42.0,0.33026123046875,0.7874814775613886,False,-0.1193472515496522,-35.374675574203934,15,False
ADAM22,3_minus_2,42.0,0.33026123046875,0.7874814775613886,False,-0.021662892581344878,-2.0793780890564673,15,False
CD28,3_minus_2,42.0,0.33026123046875,0.7874814775613886,False,0.39451848449777904,36.794020920482474,15,False
C2,3_minus_2,42.0,0.33026123046875,0.7874814775613886,False,0.1073030764366687,35.95607501845802,15,False
SRPX,3_minus_2,42.0,0.33026123046875,0.7874814775613886,False,-0.10179619379906185,0.0,15,False
NDRG1,3_minus_2,42.0,0.33026123046875,0.7874814775613886,False,-0.1736954964365019,0.0,15,False
CADPS,3_minus_2,42.0,0.33026123046875,0.7874814775613886,False,-0.14528782240010019,0.0,15,False
RGMA,3_minus_2,42.0,0.33026123046875,0.7874814775613886,False,-0.01510070980664352,-0.17829272655772743,15,False
SORD,3_minus_2,42.0,0.33026123046875,0.7874814775613886,False,-0.08754047254920361,-34.20185752077092,15,False
SCN3B,3_minus_2,42.0,0.33026123046875,0.7874814775613886,False,-0.4155269237112743,0.0,15,False
THPO,3_minus_2,42.0,0.33026123046875,0.7874814775613886,False,0.03893320097725783,0.35144107216203585,15,False
SATB1,3_minus_2,42.0,0.33026123046875,0.7874814775613886,False,-0.0665619457565047,-32.86553972247558,15,False
ROR1,3_minus_2,42.0,0.33026123046875,0.7874814775613886,False,-0.06994765816399401,-0.5036807353711031,15,False
STC1,3_minus_2,42.0,0.33026123046875,0.7874814775613886,False,-0.1581884268441157,-31.958670945536685,15,False
BTC,3_minus_2,42.0,0.33026123046875,0.7874814775613886,False,0.14853901902113287,0.0,15,False
FOLR2,3_minus_2,42.0,0.33026123046875,0.7874814775613886,False,0.003590389565607921,0.06482562672456024,15,False
MUC2,3_minus_2,42.0,0.33026123046875,0.7874814775613886,False,0.1772587700653141,0.6086402726171265,15,False
INSL5,3_minus_2,42.0,0.33026123046875,0.7874814775613886,False,0.4738599864921742,37.426010613525285,15,False
PQBP1,3_minus_2,42.0,0.33026123046875,0.7874814775613886,False,0.3288018230140166,35.83681362164225,15,False
SCGB1A1,3_minus_2,42.0,0.33026123046875,0.7874814775613886,False,-0.09060084411064029,-4.821874661714627,15,False
GDF2,3_minus_2,42.0,0.33026123046875,0.7874814775613886,False,-0.1624190525150682,-34.835444803772745,15,False
SPINK4,3_minus_2,42.0,0.33026123046875,0.7874814775613886,False,-0.1322859174061034,-0.9353434585777444,15,False
GET3,3_minus_2,42.0,0.33026123046875,0.7874814775613886,False,0.024465038057838284,0.0,15,False
FCRL5,3_minus_2,42.0,0.33026123046875,0.7874814775613886,False,-0.1393165692518542,-35.67317013782618,15,False
MEGF11,3_minus_2,42.0,0.33026123046875,0.7874814775613886,False,0.1446360092948713,36.408960979770015,15,False
ANKMY2,3_minus_2,42.0,0.33026123046875,0.7874814775613886,False,-0.19189765003536924,-31.872859213297442,15,False
FGR,3_minus_2,42.0,0.33026123046875,0.7874814775613886,False,0.2295165616101453,36.65480245147236,15,False
AHNAK2,3_minus_2,42.0,0.33026123046875,0.7874814775613886,False,-0.0744447868249069,-34.89722461193369,15,False
MED21,3_minus_2,42.0,0.33026123046875,0.7874814775613886,False,0.2901029834282155,37.0299327322842,15,False
ADCYAP1R1,3_minus_2,42.0,0.33026123046875,0.7874814775613886,False,-0.0922804590478,-0.9295743556144984,15,False
PFDN2,3_minus_2,42.0,0.33026123046875,0.7874814775613886,False,-0.6148994829775267,-33.18431550153642,15,False
CHRM1,3_minus_2,42.0,0.33026123046875,0.7874814775613886,False,-0.1857689008369258,-2.9569920541927615,15,False
GIMAP7,3_minus_2,42.0,0.33026123046875,0.7874814775613886,False,-0.02819117772452201,-32.39431729536456,15,False
LETM1,3_minus_2,42.0,0.33026123046875,0.7874814775613886,False,0.04212886492951162,0.0,15,False
CDH4,3_minus_2,42.0,0.33026123046875,0.7874814775613886,False,0.06861612049505669,5.281558871037951,15,False
IL2RB,3_minus_2,42.0,0.33026123046875,0.7874814775613886,False,0.18238878545276416,0.0,15,False
SMPDL3B,3_minus_2,42.0,0.33026123046875,0.7874814775613886,False,0.3597370585553964,3.411686360837653,15,False
CCN1,3_minus_2,42.0,0.33026123046875,0.7874814775613886,False,0.3153430368622006,28.470465906327533,15,False
AGT,3_minus_2,42.0,0.33026123046875,0.7874814775613886,False,-0.047262629278232104,0.0,15,False
DXO,3_minus_2,42.0,0.33026123046875,0.7874814775613886,False,0.11244070962779801,0.0,15,False
CBLN1,3_minus_2,42.0,0.33026123046875,0.7874814775613886,False,-0.015227115781238254,0.0,15,False
KLRF1,3_minus_2,42.0,0.33026123046875,0.7874814775613886,False,0.056869599071318805,35.05912767055764,15,False
PHLDB1,3_minus_2,42.0,0.33026123046875,0.7874814775613886,False,0.06575299406747609,0.0,15,False
GIMAP8,3_minus_2,22.0,0.32806478170083675,0.7874814775613886,False,0.0,0.0,15,False
TNFSF13,3_minus_2,42.0,0.33026123046875,0.7874814775613886,False,-0.08841489205428779,0.0,15,False
ITGAM,3_minus_2,42.0,0.33026123046875,0.7874814775613886,False,-0.08239725699295314,0.0,15,False
NT-proBNP,3_minus_2,27.0,0.34652171170610724,0.8162328490718321,False,-0.1022247549899476,0.0,15,False
MZB1,3_minus_2,43.0,0.359130859375,0.8162328490718321,False,0.084800637342047,1.2525041929139242,15,False
SF3B4,3_minus_2,43.0,0.359130859375,0.8162328490718321,False,0.2854306722855715,1.071885712434322,15,False
TPRKB,3_minus_2,27.0,0.34652171170610724,0.8162328490718321,False,0.05688910054852103,0.0,15,False
CA13,3_minus_2,43.0,0.359130859375,0.8162328490718321,False,0.15349673504638583,36.39409469931703,15,False
FABP6,3_minus_2,43.0,0.359130859375,0.8162328490718321,False,0.04364219464150376,30.919616518287665,15,False
PSMG4,3_minus_2,43.0,0.359130859375,0.8162328490718321,False,0.18033823815197342,6.428921982112243,15,False
KCNIP4,3_minus_2,43.0,0.359130859375,0.8162328490718321,False,0.22684696589977932,0.0,15,False
ICOSLG,3_minus_2,43.0,0.359130859375,0.8162328490718321,False,-0.08010867430350427,-34.86063328383494,15,False
CPQ,3_minus_2,43.0,0.359130859375,0.8162328490718321,False,0.06319859664950941,1.2727786343587875,15,False
SIGLEC5,3_minus_2,43.0,0.359130859375,0.8162328490718321,False,0.1952582194009384,0.0,15,False
MUCL3,3_minus_2,27.0,0.34652171170610724,0.8162328490718321,False,0.0,0.0,15,False
TRIM24,3_minus_2,43.0,0.359130859375,0.8162328490718321,False,0.3388808450909352,34.87505692156386,15,False
IFNG,3_minus_2,43.0,0.359130859375,0.8162328490718321,False,-0.35624667388098513,-6.173358000836674,15,False
RALY,3_minus_2,43.0,0.359130859375,0.8162328490718321,False,-0.21831545437454652,-34.07451881888715,15,False
CCDC134,3_minus_2,43.0,0.359130859375,0.8162328490718321,False,0.2073428426703135,36.56920772639945,15,False
MYL1,3_minus_2,43.0,0.359130859375,0.8162328490718321,False,-0.13470442524960746,0.0,15,False
ROBO2,3_minus_2,43.0,0.359130859375,0.8162328490718321,False,-0.0982450149587726,-35.71797558671109,15,False
VIM,3_minus_2,43.0,0.359130859375,0.8162328490718321,False,0.3409960868712243,0.0,15,False
PINLYP,3_minus_2,43.0,0.359130859375,0.8162328490718321,False,-0.19123387088494903,-36.75658203170844,15,False
HLA-DRA,3_minus_2,43.0,0.359130859375,0.8162328490718321,False,0.24936961967821758,36.60051117231916,15,False
DKK3,3_minus_2,43.0,0.359130859375,0.8162328490718321,False,-0.1709167453710888,0.0,15,False
HPSE,3_minus_2,43.0,0.359130859375,0.8162328490718321,False,-0.1972578873897008,-29.100860326394756,15,False
NAA10,3_minus_2,43.0,0.359130859375,0.8162328490718321,False,0.0779052726722673,0.0,15,False
DDX39A,3_minus_2,43.0,0.359130859375,0.8162328490718321,False,-0.09091156603978112,0.0,15,False
NADK,3_minus_2,43.0,0.359130859375,0.8162328490718321,False,0.14545160088119358,0.0,15,False
ANXA10,3_minus_2,43.0,0.359130859375,0.8162328490718321,False,0.39802702472809265,2.908596032127449,15,False
IL15RA,3_minus_2,43.0,0.359130859375,0.8162328490718321,False,0.07245639103282792,35.34644857629643,15,False
MRPL28,3_minus_2,43.0,0.359130859375,0.8162328490718321,False,0.2546204707501986,36.44611905437293,15,False
BANK1,3_minus_2,43.0,0.359130859375,0.8162328490718321,False,0.3623205842667441,35.97720979398798,15,False
TOM1L2,3_minus_2,43.0,0.359130859375,0.8162328490718321,False,0.5555214908751676,2.035201860928312,15,False
CTSF,3_minus_2,43.0,0.359130859375,0.8162328490718321,False,0.060827448359833905,34.2435086091011,15,False
IL3,3_minus_2,27.0,0.34652171170610724,0.8162328490718321,False,-0.3491200143723505,0.0,15,False
APOA2,3_minus_2,43.0,0.359130859375,0.8162328490718321,False,0.13782310930184968,0.0,15,False
MAP1LC3A,3_minus_2,43.0,0.359130859375,0.8162328490718321,False,0.29202753018750116,37.37580550179637,15,False
GPI,3_minus_2,43.0,0.359130859375,0.8162328490718321,False,0.22708516738608453,0.0,15,False
SCRN1,3_minus_2,43.0,0.359130859375,0.8162328490718321,False,-0.0792248248718638,-34.4569726265744,15,False
NDST1,3_minus_2,43.0,0.359130859375,0.8162328490718321,False,-0.14660561651713072,-36.294721403187786,15,False
GPC1,3_minus_2,43.0,0.359130859375,0.8162328490718321,False,-0.0218287639647257,-0.417111377761176,15,False
NDUFB7,3_minus_2,43.0,0.359130859375,0.8162328490718321,False,0.18344656234714238,36.55060243138359,15,False
CXCL9,3_minus_2,43.0,0.359130859375,0.8162328490718321,False,-0.014725376657340417,-32.34619951228916,15,False
CXCL8,3_minus_2,43.0,0.359130859375,0.8162328490718321,False,0.030744791992975903,0.0,15,False
AMFR,3_minus_2,43.0,0.359130859375,0.8162328490718321,False,-0.05109627479955242,-32.99703516194604,15,False
TOP1MT,3_minus_2,27.0,0.34652171170610724,0.8162328490718321,False,-0.4347387685911155,0.0,15,False
MANF,3_minus_2,43.0,0.359130859375,0.8162328490718321,False,0.3544090872715715,35.6212962152217,15,False
MST1,3_minus_2,43.0,0.359130859375,0.8162328490718321,False,-0.11312790571159989,0.0,15,False
CLMP,3_minus_2,43.0,0.359130859375,0.8162328490718321,False,-0.09804150813948503,-3.642431444962958,15,False
GUK1,3_minus_2,43.0,0.359130859375,0.8162328490718321,False,-0.18867631245803773,0.0,15,False
APOE,3_minus_2,43.0,0.359130859375,0.8162328490718321,False,0.0566107685242692,0.0,15,False
HADH,3_minus_2,43.0,0.359130859375,0.8162328490718321,False,-0.21543188258825996,0.0,15,False
IL6,3_minus_2,43.0,0.359130859375,0.8162328490718321,False,0.1086670457574479,34.14614180758574,15,False
PDZK1,3_minus_2,43.0,0.359130859375,0.8162328490718321,False,0.2519532295658144,0.0,15,False
GZMH,3_minus_2,43.0,0.359130859375,0.8162328490718321,False,-0.013001274134675334,0.0,15,False
NAGPA,3_minus_2,43.0,0.359130859375,0.8162328490718321,False,0.029591178661972098,0.0,15,False
NMRK2,3_minus_2,27.0,0.34652171170610724,0.8162328490718321,False,0.0,0.0,15,False
STX1B,3_minus_2,43.0,0.359130859375,0.8162328490718321,False,0.12733946673990465,35.77566325636709,15,False
NEB,3_minus_2,43.0,0.359130859375,0.8162328490718321,False,0.0608169867712432,0.6781807376422745,15,False
GAST,3_minus_2,43.0,0.359130859375,0.8162328490718321,False,-0.009309896274699359,-0.01849582660801332,15,False
ACTN2,3_minus_2,44.0,0.389404296875,0.8275943396226415,False,0.1223283864362738,0.0,15,False
USO1,3_minus_2,44.0,0.389404296875,0.8275943396226415,False,0.16115088416898526,0.0,15,False
ARID4B,3_minus_2,44.0,0.389404296875,0.8275943396226415,False,0.11854654351760402,33.485650992740034,15,False
MFAP3L,3_minus_2,44.0,0.389404296875,0.8275943396226415,False,0.021316897985174832,0.30398293916858576,15,False
KIR3DL2,3_minus_2,28.0,0.38818640520827785,0.8275943396226415,False,0.02599597225205119,0.0,15,False
WWP2,3_minus_2,44.0,0.389404296875,0.8275943396226415,False,0.19799660542009068,2.675203691234831,15,False
NGF,3_minus_2,44.0,0.389404296875,0.8275943396226415,False,-0.019292700871564095,0.0,15,False
MFAP3,3_minus_2,44.0,0.389404296875,0.8275943396226415,False,-0.22222133002037203,0.0,15,False
MYO6,3_minus_2,44.0,0.389404296875,0.8275943396226415,False,0.1186746653555069,34.804722271843815,15,False
LILRB4,3_minus_2,44.0,0.389404296875,0.8275943396226415,False,-0.03150177530499754,-1.6174513480638337,15,False
VNN1,3_minus_2,44.0,0.389404296875,0.8275943396226415,False,0.07492856081489199,0.0,15,False
MORF4L2,3_minus_2,28.0,0.38818640520827785,0.8275943396226415,False,0.021876426225666434,0.0,15,False
MMP15,3_minus_2,44.0,0.389404296875,0.8275943396226415,False,-0.012834507528155847,0.0,15,False
MAG,3_minus_2,44.0,0.389404296875,0.8275943396226415,False,-0.029722837504226107,0.0,15,False
LYN,3_minus_2,44.0,0.389404296875,0.8275943396226415,False,0.3296203322947301,37.80101599673993,15,False
MYDGF,3_minus_2,44.0,0.389404296875,0.8275943396226415,False,0.2795396600349416,36.76716392142186,15,False
KLK11,3_minus_2,44.0,0.389404296875,0.8275943396226415,False,-0.06415612201354082,-34.59484288990372,15,False
WASHC3,3_minus_2,44.0,0.389404296875,0.8275943396226415,False,0.289954374397129,2.9886832050732264,15,False
LEG1,3_minus_2,44.0,0.389404296875,0.8275943396226415,False,-0.1441009585550147,-34.779787237942145,15,False
LMOD2,3_minus_2,44.0,0.389404296875,0.8275943396226415,False,-0.882144631807897,0.0,15,False
NCK2,3_minus_2,44.0,0.389404296875,0.8275943396226415,False,0.2538378235835752,36.047191291553595,15,False
KAZALD1,3_minus_2,44.0,0.389404296875,0.8275943396226415,False,-0.08201737551991639,0.0,15,False
MAPRE3,3_minus_2,28.0,0.38818640520827785,0.8275943396226415,False,0.14570334912818117,0.0,15,False
BSG,3_minus_2,44.0,0.389404296875,0.8275943396226415,False,0.040055952484443616,0.0,15,False
PECAM1,3_minus_2,44.0,0.389404296875,0.8275943396226415,False,0.08367106595312668,35.648453666417154,15,False
DDAH1,3_minus_2,44.0,0.389404296875,0.8275943396226415,False,0.10621853623735622,0.0,15,False
BEX3,3_minus_2,28.0,0.38818640520827785,0.8275943396226415,False,0.0,0.0,15,False
ATXN2,3_minus_2,44.0,0.389404296875,0.8275943396226415,False,0.20993715426838527,0.0,15,False
NUDT16,3_minus_2,44.0,0.389404296875,0.8275943396226415,False,0.1674504900886373,0.0,15,False
PCDH9,3_minus_2,44.0,0.389404296875,0.8275943396226415,False,0.017066202160267552,0.0,15,False
NUP50,3_minus_2,44.0,0.389404296875,0.8275943396226415,False,0.1325615994091865,34.924698872031065,15,False
RGL2,3_minus_2,44.0,0.389404296875,0.8275943396226415,False,-0.12289231510821885,0.0,15,False
AXIN1,3_minus_2,44.0,0.389404296875,0.8275943396226415,False,0.34320244176781567,36.29326552430806,15,False
DPY30,3_minus_2,44.0,0.389404296875,0.8275943396226415,False,0.1801156593350326,0.0,15,False
DTX2,3_minus_2,44.0,0.389404296875,0.8275943396226415,False,-0.6229936053244871,0.0,15,False
OGFR,3_minus_2,44.0,0.389404296875,0.8275943396226415,False,-0.16120081765781522,-4.261881963700254,15,False
PLTP,3_minus_2,44.0,0.389404296875,0.8275943396226415,False,0.0518969904327439,0.0,15,False
ECHS1,3_minus_2,44.0,0.389404296875,0.8275943396226415,False,-0.39622293493045263,-35.744060827147315,15,False
C1S,3_minus_2,44.0,0.389404296875,0.8275943396226415,False,-0.1228682592991778,0.0,15,False
RBM19,3_minus_2,44.0,0.389404296875,0.8275943396226415,False,-0.03294853016090071,0.0,15,False
RAP1A,3_minus_2,44.0,0.389404296875,0.8275943396226415,False,0.0730859766104408,0.19373543887865183,15,False
SSC5D,3_minus_2,44.0,0.389404296875,0.8275943396226415,False,0.09906407644412189,0.0,15,False
PXN,3_minus_2,44.0,0.389404296875,0.8275943396226415,False,0.17336412166350249,0.0,15,False
CD63,3_minus_2,44.0,0.389404296875,0.8275943396226415,False,0.09487475809256189,0.0,15,False
GPR101,3_minus_2,44.0,0.389404296875,0.8275943396226415,False,0.44990656196022677,0.0,15,False
PTPN1,3_minus_2,44.0,0.389404296875,0.8275943396226415,False,0.5683572838079861,38.61131942154366,15,False
GPD1,3_minus_2,44.0,0.389404296875,0.8275943396226415,False,-0.10794215757492848,0.0,15,False
GLRX5,3_minus_2,44.0,0.389404296875,0.8275943396226415,False,0.19944727939800666,0.0,15,False
BCL7B,3_minus_2,44.0,0.389404296875,0.8275943396226415,False,0.08286352445766759,0.0,15,False
EPHA2,3_minus_2,28.0,0.38818640520827785,0.8275943396226415,False,-0.008678600052402285,0.0,15,False
PSMG3,3_minus_2,44.0,0.389404296875,0.8275943396226415,False,0.12608672860614284,1.588294613329353,15,False
CD2,3_minus_2,44.0,0.389404296875,0.8275943396226415,False,0.21814651829288184,2.0808820214206407,15,False
PRKCQ,3_minus_2,44.0,0.389404296875,0.8275943396226415,False,0.08015741475075111,33.51866153549993,15,False
TAP1,3_minus_2,44.0,0.389404296875,0.8275943396226415,False,-0.6979473865263095,-37.74015719894004,15,False
NUDT10,3_minus_2,44.0,0.389404296875,0.8275943396226415,False,0.0332349034872303,0.0,15,False
DDA1,3_minus_2,44.0,0.389404296875,0.8275943396226415,False,0.3325817381145233,0.0,15,False
TARM1,3_minus_2,44.0,0.389404296875,0.8275943396226415,False,-0.10712336599807237,-0.4509551663093125,15,False
DCTPP1,3_minus_2,44.0,0.389404296875,0.8275943396226415,False,0.0475178149725886,31.33808005825497,15,False
GAPDH,3_minus_2,44.0,0.389404296875,0.8275943396226415,False,0.24358933262430132,36.35624226600363,15,False
GAD2,3_minus_2,44.0,0.389404296875,0.8275943396226415,False,0.3184807320134418,36.68211682365241,15,False
GFAP,3_minus_2,44.0,0.389404296875,0.8275943396226415,False,0.08373772515492167,1.463605825259716,15,False
CRIP2,3_minus_2,44.0,0.389404296875,0.8275943396226415,False,-0.07139878589338328,0.0,15,False
CRISP2,3_minus_2,44.0,0.389404296875,0.8275943396226415,False,0.049010344659639604,1.1604950918529575,15,False
PHYKPL,3_minus_2,44.0,0.389404296875,0.8275943396226415,False,-0.11874116733260148,0.0,15,False
CNTN5,3_minus_2,44.0,0.389404296875,0.8275943396226415,False,-0.07281211929790071,-34.63855817098056,15,False
CNTN3,3_minus_2,44.0,0.389404296875,0.8275943396226415,False,-0.034952307772035604,0.0,15,False
GGA1,3_minus_2,44.0,0.389404296875,0.8275943396226415,False,-0.10204491497620771,0.0,15,False
TNF,3_minus_2,44.0,0.389404296875,0.8275943396226415,False,0.06570310965566178,0.4731874323078569,15,False
FUT1,3_minus_2,44.0,0.389404296875,0.8275943396226415,False,-0.1946150243463025,-0.7304068083779381,15,False
SCGB2A2,3_minus_2,44.0,0.389404296875,0.8275943396226415,False,-0.09802911326926128,0.0,15,False
FOSB,3_minus_2,44.0,0.389404296875,0.8275943396226415,False,-0.039371514490670334,0.0,15,False
FOS,3_minus_2,28.0,0.38818640520827785,0.8275943396226415,False,0.0,0.0,15,False
SERPINB9,3_minus_2,44.0,0.389404296875,0.8275943396226415,False,0.20252951840768502,35.610135283075174,15,False
CLPS,3_minus_2,44.0,0.389404296875,0.8275943396226415,False,0.24967362909615198,0.0,15,False
ATP1B2,3_minus_2,44.0,0.389404296875,0.8275943396226415,False,-0.04384708452748992,0.0,15,False
DCTN6,3_minus_2,44.0,0.389404296875,0.8275943396226415,False,0.06810308248761654,0.0,15,False
GHRL,3_minus_2,44.0,0.389404296875,0.8275943396226415,False,-0.3313764710346425,-35.066395971995874,15,False
SCT,3_minus_2,44.0,0.389404296875,0.8275943396226415,False,0.20683220570765193,35.989947888431345,15,False
HMOX2,3_minus_2,44.0,0.389404296875,0.8275943396226415,False,0.17452098348681527,33.923688825642856,15,False
SMOC1,3_minus_2,44.0,0.389404296875,0.8275943396226415,False,0.0906404713670928,0.0,15,False
SEPTIN9,3_minus_2,44.0,0.389404296875,0.8275943396226415,False,0.0992963834613302,35.36916109830342,15,False
ATP6AP2,3_minus_2,44.0,0.389404296875,0.8275943396226415,False,0.2231008097549932,0.0,15,False
HIF1A,3_minus_2,44.0,0.389404296875,0.8275943396226415,False,0.06759588336292321,0.0,15,False
SERPINA5,3_minus_2,44.0,0.389404296875,0.8275943396226415,False,0.10173460098632198,0.0,15,False
CLEC6A,3_minus_2,44.0,0.389404296875,0.8275943396226415,False,0.18219124700210787,0.0,15,False
CA9,3_minus_2,44.0,0.389404296875,0.8275943396226415,False,-0.12462455203726708,-36.124366252911294,15,False
ITGB1,3_minus_2,45.0,0.42120361328125,0.852702641984184,False,-0.08212706561228389,-31.308901510314307,15,False
INPP5J,3_minus_2,45.0,0.42120361328125,0.852702641984184,False,0.21116768899390237,0.0,15,False
PMS1,3_minus_2,45.0,0.42120361328125,0.852702641984184,False,-0.3543559318247596,0.0,15,False
AMOTL2,3_minus_2,45.0,0.42120361328125,0.852702641984184,False,0.0572545277198053,0.0,15,False
CBS,3_minus_2,45.0,0.42120361328125,0.852702641984184,False,-0.2097414508694161,0.0,15,False
CCL18,3_minus_2,45.0,0.42120361328125,0.852702641984184,False,-0.128510923755778,0.0,15,False
FGFR2,3_minus_2,45.0,0.42120361328125,0.852702641984184,False,0.03871969407640902,0.48025530592271254,15,False
FHIT,3_minus_2,45.0,0.42120361328125,0.852702641984184,False,0.38708871842267123,36.42138397108388,15,False
FZD8,3_minus_2,45.0,0.42120361328125,0.852702641984184,False,-0.1831475059774158,0.0,15,False
FOLH1,3_minus_2,45.0,0.42120361328125,0.852702641984184,False,0.060353063468230106,0.0,15,False
POLR2F,3_minus_2,45.0,0.42120361328125,0.852702641984184,False,0.0930796042466391,35.82207877654134,15,False
FKBP7,3_minus_2,45.0,0.42120361328125,0.852702641984184,False,0.11780421815063713,0.0,15,False
ARL2BP,3_minus_2,45.0,0.42120361328125,0.852702641984184,False,0.35267950522170843,1.704268878802362,15,False
CD177,3_minus_2,45.0,0.42120361328125,0.852702641984184,False,0.0340460180975638,0.0,15,False
SIRT1,3_minus_2,45.0,0.42120361328125,0.852702641984184,False,0.14210565884704496,35.30710821959446,15,False
SIRT2,3_minus_2,45.0,0.42120361328125,0.852702641984184,False,0.24089078713246553,33.085096873050155,15,False
COL4A4,3_minus_2,45.0,0.42120361328125,0.852702641984184,False,-0.3038900945854303,-36.55965910334114,15,False
CRHR1,3_minus_2,45.0,0.42120361328125,0.852702641984184,False,-0.2043538301815147,0.0,15,False
SH2B3,3_minus_2,45.0,0.42120361328125,0.852702641984184,False,-0.2691260112250474,-1.0940505394267617,15,False
CRYM,3_minus_2,45.0,0.42120361328125,0.852702641984184,False,0.1422844536444231,0.0,15,False
CNGB3,3_minus_2,45.0,0.42120361328125,0.852702641984184,False,-0.05059563147858359,-1.1223839179500605,15,False
CSF2,3_minus_2,45.0,0.42120361328125,0.852702641984184,False,-0.3018655999993526,-36.885168813834966,15,False
ZFYVE19,3_minus_2,45.0,0.42120361328125,0.852702641984184,False,-0.1263375029615264,0.0,15,False
CSTB,3_minus_2,45.0,0.42120361328125,0.852702641984184,False,-0.0674345220147301,0.0,15,False
SLITRK1,3_minus_2,45.0,0.42120361328125,0.852702641984184,False,0.0485696853956505,33.38620995703971,15,False
CTRL,3_minus_2,45.0,0.42120361328125,0.852702641984184,False,-0.09753044180920808,0.0,15,False
JUN,3_minus_2,45.0,0.42120361328125,0.852702641984184,False,0.057527583100937696,0.0,15,False
SCLY,3_minus_2,45.0,0.42120361328125,0.852702641984184,False,-0.1057942910403247,-30.04450768181338,15,False
LBR,3_minus_2,45.0,0.42120361328125,0.852702641984184,False,0.20304021945999667,35.42350176287422,15,False
CGREF1,3_minus_2,45.0,0.42120361328125,0.852702641984184,False,0.02755872293951378,0.0,15,False
DEFB103A_DEFB103B,3_minus_2,45.0,0.42120361328125,0.852702641984184,False,0.14533450057179198,0.0,15,False
SOD1,3_minus_2,45.0,0.42120361328125,0.852702641984184,False,0.00020015318617738753,0.004077524423293406,15,False
LAIR1,3_minus_2,45.0,0.42120361328125,0.852702641984184,False,0.06859517726419306,0.0,15,False
REG3G,3_minus_2,45.0,0.42120361328125,0.852702641984184,False,0.1279172702055832,1.6180779400512797,15,False
SPTLC1,3_minus_2,45.0,0.42120361328125,0.852702641984184,False,0.0789348505057616,0.0,15,False
CD69,3_minus_2,45.0,0.42120361328125,0.852702641984184,False,0.5339612801583681,38.4029083499665,15,False
PTPN9,3_minus_2,45.0,0.42120361328125,0.852702641984184,False,0.09065117912146411,0.8101905798748583,15,False
STX6,3_minus_2,45.0,0.42120361328125,0.852702641984184,False,0.0997153346775554,0.0,15,False
EPB41L5,3_minus_2,45.0,0.42120361328125,0.852702641984184,False,-0.1921206632306469,0.0,15,False
EPGN,3_minus_2,45.0,0.42120361328125,0.852702641984184,False,-0.0234684789483411,0.0,15,False
SCGN,3_minus_2,45.0,0.42120361328125,0.852702641984184,False,0.1262933740583848,1.3207754420908813,15,False
RBPMS,3_minus_2,45.0,0.42120361328125,0.852702641984184,False,0.15469888749151778,0.0,15,False
PRKG1,3_minus_2,45.0,0.42120361328125,0.852702641984184,False,0.25011001253218385,0.0,15,False
NECAP2,3_minus_2,45.0,0.42120361328125,0.852702641984184,False,-0.1084895515659573,-1.3723726106580825,15,False
NDUFA5,3_minus_2,45.0,0.42120361328125,0.852702641984184,False,0.03452456988882749,0.0,15,False
NPY,3_minus_2,45.0,0.42120361328125,0.852702641984184,False,-0.021575260085830897,0.0,15,False
IFNL1,3_minus_2,45.0,0.42120361328125,0.852702641984184,False,-0.11390459962389399,0.0,15,False
BRD3,3_minus_2,45.0,0.42120361328125,0.852702641984184,False,0.3651608834855227,36.38962840907861,15,False
PAGR1,3_minus_2,45.0,0.42120361328125,0.852702641984184,False,-0.14257673291106943,0.0,15,False
TNFAIP8,3_minus_2,45.0,0.42120361328125,0.852702641984184,False,-0.23560253559265243,0.0,15,False
IL36A,3_minus_2,45.0,0.42120361328125,0.852702641984184,False,-0.5376356844228748,0.0,15,False
TSC22D1,3_minus_2,45.0,0.42120361328125,0.852702641984184,False,-0.1308761319342423,-32.96219774865476,15,False
HNRNPK,3_minus_2,45.0,0.42120361328125,0.852702641984184,False,0.378878245372543,0.0,15,False
TNFRSF19,3_minus_2,45.0,0.42120361328125,0.852702641984184,False,-0.08174418652394189,-1.0377273657903208,15,False
VASP,3_minus_2,45.0,0.42120361328125,0.852702641984184,False,0.2985735002750278,0.0,15,False
OTUD7B,3_minus_2,45.0,0.42120361328125,0.852702641984184,False,0.4112524764186581,36.10135520932304,15,False
TYRP1,3_minus_2,45.0,0.42120361328125,0.852702641984184,False,-0.22245619835973401,-3.1156634670562324,15,False
GRAP2,3_minus_2,45.0,0.42120361328125,0.852702641984184,False,0.5840379324298707,36.26402892109578,15,False
VEGFB,3_minus_2,45.0,0.42120361328125,0.852702641984184,False,-0.0977206209294186,0.0,15,False
ATP5PO,3_minus_2,45.0,0.42120361328125,0.852702641984184,False,0.13717512517072628,0.0,15,False
OMD,3_minus_2,45.0,0.42120361328125,0.852702641984184,False,-0.009838324215093175,0.0,15,False
AREG,3_minus_2,45.0,0.42120361328125,0.852702641984184,False,0.07483417966786254,0.0,15,False
NTRK2,3_minus_2,45.5,0.410103931438363,0.852702641984184,False,-0.031459393178934696,-0.586535892666163,15,False
IKZF2,3_minus_2,45.0,0.42120361328125,0.852702641984184,False,-0.1544724224195867,-35.669277432305414,15,False
PADI2,3_minus_2,45.0,0.42120361328125,0.852702641984184,False,0.1688323100370882,2.206455614436089,15,False
PCSK7,3_minus_2,45.0,0.42120361328125,0.852702641984184,False,-0.1915349588938149,-1.8129805670542192,15,False
SLIRP,3_minus_2,29.0,0.43276758066778476,0.8742277669730859,False,-0.04110853046592555,0.0,15,False
CEP152,3_minus_2,29.0,0.43276758066778476,0.8742277669730859,False,0.0,0.0,15,False
PDXDC1,3_minus_2,29.0,0.43276758066778476,0.8742277669730859,False,0.0,0.0,15,False
RBP7,3_minus_2,46.0,0.45428466796875,0.8744125939849624,False,0.08723049639347025,0.0,15,False
PGR,3_minus_2,46.0,0.45428466796875,0.8744125939849624,False,-0.058110593182747916,-0.5859222813216349,15,False
ARF6,3_minus_2,46.0,0.45428466796875,0.8744125939849624,False,0.16774124068279272,0.0,15,False
NENF,3_minus_2,46.0,0.45428466796875,0.8744125939849624,False,0.21151995191560058,1.4082238752997727,15,False
SSB,3_minus_2,46.0,0.45428466796875,0.8744125939849624,False,0.12149205435545651,0.0,15,False
CILP,3_minus_2,46.0,0.45428466796875,0.8744125939849624,False,-0.0823777670322868,0.0,15,False
CKB,3_minus_2,46.0,0.45428466796875,0.8744125939849624,False,0.09138464252045361,0.0,15,False
UPB1,3_minus_2,46.0,0.45428466796875,0.8744125939849624,False,0.678693631055381,38.62916884406986,15,False
GIGYF2,3_minus_2,46.0,0.45428466796875,0.8744125939849624,False,0.10962955795515072,33.96306407845723,15,False
ELN,3_minus_2,46.0,0.45428466796875,0.8744125939849624,False,-0.08878573291635292,0.0,15,False
CLEC4A,3_minus_2,46.0,0.45428466796875,0.8744125939849624,False,0.03566244500146171,0.3716090248812949,15,False
THY1,3_minus_2,46.0,0.45428466796875,0.8744125939849624,False,-0.0950316940792956,0.0,15,False
AARSD1,3_minus_2,46.0,0.45428466796875,0.8744125939849624,False,0.15702163262918334,0.5926014560170085,15,False
SHD,3_minus_2,46.0,0.45428466796875,0.8744125939849624,False,-0.11583527211491917,0.0,15,False
IGF1R,3_minus_2,46.0,0.45428466796875,0.8744125939849624,False,0.0421404220567364,0.0,15,False
MNDA,3_minus_2,46.0,0.45428466796875,0.8744125939849624,False,0.18765870784075678,36.48009945905937,15,False
MLN,3_minus_2,46.0,0.45428466796875,0.8744125939849624,False,-0.019731934215809765,0.0,15,False
CD82,3_minus_2,46.0,0.45428466796875,0.8744125939849624,False,0.1015525140587723,0.0,15,False
IL13RA1,3_minus_2,46.0,0.45428466796875,0.8744125939849624,False,0.029412364642650124,32.3074582462618,15,False
CDH2,3_minus_2,46.0,0.45428466796875,0.8744125939849624,False,0.07026157889702281,33.55232859746653,15,False
RPS10,3_minus_2,46.0,0.45428466796875,0.8744125939849624,False,0.2408943241639742,35.15321389957284,15,False
RPA2,3_minus_2,46.0,0.45428466796875,0.8744125939849624,False,0.1524703707389516,0.0,15,False
RNF41,3_minus_2,46.0,0.45428466796875,0.8744125939849624,False,0.24306814097158025,37.34426021233682,15,False
TMED10,3_minus_2,46.0,0.45428466796875,0.8744125939849624,False,0.2770455131453629,0.0,15,False
HAVCR2,3_minus_2,46.0,0.45428466796875,0.8744125939849624,False,0.06419147388926705,1.3611984930099335,15,False
SBSN,3_minus_2,46.0,0.45428466796875,0.8744125939849624,False,-0.0314755551906798,-0.3708769399299351,15,False
CEACAM20,3_minus_2,46.0,0.45428466796875,0.8744125939849624,False,0.3145905562087276,35.674823562940915,15,False
IL11,3_minus_2,46.0,0.45428466796875,0.8744125939849624,False,0.1736891471401817,32.604661747815115,15,False
DOK2,3_minus_2,46.0,0.45428466796875,0.8744125939849624,False,0.2190127910820434,36.508097587702444,15,False
CDKN1A,3_minus_2,46.0,0.45428466796875,0.8744125939849624,False,0.5113797490503793,37.9271304663903,15,False
RGCC,3_minus_2,46.0,0.45428466796875,0.8744125939849624,False,0.36757509886068795,0.0,15,False
NUB1,3_minus_2,46.0,0.45428466796875,0.8744125939849624,False,0.16966110183912603,0.0,15,False
GALNT2,3_minus_2,46.0,0.45428466796875,0.8744125939849624,False,-0.0037056125466777,0.0,15,False
SNCG,3_minus_2,46.0,0.45428466796875,0.8744125939849624,False,-0.11454675826099381,0.0,15,False
GATD3,3_minus_2,46.0,0.45428466796875,0.8744125939849624,False,0.14832553360266193,0.0,15,False
EBAG9,3_minus_2,46.0,0.45428466796875,0.8744125939849624,False,0.3196913884385814,36.11933207805251,15,False
MICALL2,3_minus_2,46.0,0.45428466796875,0.8744125939849624,False,0.04037002670743606,34.601035461305806,15,False
CTSH,3_minus_2,46.0,0.45428466796875,0.8744125939849624,False,0.042816165261256645,0.0,15,False
MORF4L1,3_minus_2,46.0,0.45428466796875,0.8744125939849624,False,-0.2633187486833264,0.0,15,False
BRME1,3_minus_2,46.0,0.45428466796875,0.8744125939849624,False,0.1064775295483544,35.64531557457755,15,False
ERP44,3_minus_2,46.0,0.45428466796875,0.8744125939849624,False,0.052265243454233695,34.109699873616755,15,False
ATOX1,3_minus_2,46.0,0.45428466796875,0.8744125939849624,False,0.1941947975495741,35.98055540938012,15,False
CACNB1,3_minus_2,46.0,0.45428466796875,0.8744125939849624,False,0.186120069677508,7.811446028875635,15,False
CCL7,3_minus_2,46.0,0.45428466796875,0.8744125939849624,False,-0.18234540245777708,0.0,15,False
SLC4A1,3_minus_2,46.0,0.45428466796875,0.8744125939849624,False,-0.0005639293729487946,-0.014117956438905562,15,False
PPP1R2,3_minus_2,46.0,0.45428466796875,0.8744125939849624,False,0.0830828709761979,0.0,15,False
ASGR2,3_minus_2,46.0,0.45428466796875,0.8744125939849624,False,0.1631276592582453,36.43643308157591,15,False
CCL23,3_minus_2,46.0,0.45428466796875,0.8744125939849624,False,-0.12893265832595271,-35.2575749959144,15,False
JAM3,3_minus_2,46.0,0.45428466796875,0.8744125939849624,False,-0.04733211289274297,-0.8458407789137924,15,False
CSF3,3_minus_2,46.0,0.45428466796875,0.8744125939849624,False,-0.0598587750098033,-2.069779122642698,15,False
IFNAR1,3_minus_2,46.0,0.45428466796875,0.8744125939849624,False,0.0313455179722444,0.0,15,False
CNTF,3_minus_2,46.0,0.45428466796875,0.8744125939849624,False,0.9408650148212048,0.0,15,False
ITGB1BP2,3_minus_2,46.0,0.45428466796875,0.8744125939849624,False,0.33266403516002474,0.0,15,False
CRTAP,3_minus_2,46.0,0.45428466796875,0.8744125939849624,False,0.06001367513637712,0.0,15,False
ACADSB,3_minus_2,46.0,0.45428466796875,0.8744125939849624,False,0.14349843938158457,0.0,15,False
TEX33,3_minus_2,46.0,0.45428466796875,0.8744125939849624,False,-0.10448923473236099,0.0,15,False
FIS1,3_minus_2,46.0,0.45428466796875,0.8744125939849624,False,0.2212932151343567,0.0,15,False
FCGR2B,3_minus_2,46.0,0.45428466796875,0.8744125939849624,False,-0.22852183093092837,0.0,15,False
CTBS,3_minus_2,46.0,0.45428466796875,0.8744125939849624,False,0.0233204586550323,0.0,15,False
SIAE,3_minus_2,46.0,0.45428466796875,0.8744125939849624,False,0.0561391317147355,0.0,15,False
CCT5,3_minus_2,46.0,0.45428466796875,0.8744125939849624,False,0.0420427913345236,32.931285046655425,15,False
CD209,3_minus_2,46.0,0.45428466796875,0.8744125939849624,False,-0.05122868028910699,0.0,15,False
TAFA5,3_minus_2,46.0,0.45428466796875,0.8744125939849624,False,0.0018977699554343364,0.034824953589069334,15,False
HTR1A,3_minus_2,46.0,0.45428466796875,0.8744125939849624,False,0.23679458983760207,0.0,15,False
FST,3_minus_2,46.0,0.45428466796875,0.8744125939849624,False,0.1673121779630099,1.4289836042922537,15,False
KAZN,3_minus_2,46.0,0.45428466796875,0.8744125939849624,False,0.4722473642700725,38.14024400690551,15,False
COL5A1,3_minus_2,46.0,0.45428466796875,0.8744125939849624,False,0.0855443897481989,0.0,15,False
ACY1,3_minus_2,46.0,0.45428466796875,0.8744125939849624,False,0.2236249394922019,0.0,15,False
XPNPEP2,3_minus_2,46.0,0.45428466796875,0.8744125939849624,False,0.03605090699062763,0.0,15,False
ADA2,3_minus_2,47.0,0.48870849609375,0.8930584847501623,False,0.05659996657762145,0.0,15,False
CLGN,3_minus_2,47.0,0.48870849609375,0.8930584847501623,False,0.1159332159982569,4.1321326294075025,15,False
ATP5IF1,3_minus_2,47.0,0.48870849609375,0.8930584847501623,False,0.3435140028665531,36.32446341989649,15,False
LYPD8,3_minus_2,47.0,0.48870849609375,0.8930584847501623,False,-0.17745983895857426,-35.3483436858247,15,False
NFKB1,3_minus_2,47.0,0.48870849609375,0.8930584847501623,False,-0.15016557322996238,-33.757380255544255,15,False
SLC12A2,3_minus_2,47.0,0.48870849609375,0.8930584847501623,False,0.20468004652061417,33.28187987918719,15,False
HSD17B3,3_minus_2,47.0,0.48870849609375,0.8930584847501623,False,-0.18594653606744682,0.0,15,False
ACAN,3_minus_2,47.0,0.48870849609375,0.8930584847501623,False,0.018961105347706342,0.9329849914255837,15,False
DENND2B,3_minus_2,47.0,0.48870849609375,0.8930584847501623,False,-0.0447446168891465,-34.07225613579687,15,False
NPHS1,3_minus_2,47.0,0.48870849609375,0.8930584847501623,False,-0.0803311138520503,-5.425158189407863,15,False
UHRF2,3_minus_2,47.0,0.48870849609375,0.8930584847501623,False,0.15440036511723398,36.31507029348301,15,False
CFHR5,3_minus_2,47.0,0.48870849609375,0.8930584847501623,False,0.000553239944478201,0.006240513926636912,15,False
LILRA2,3_minus_2,47.0,0.48870849609375,0.8930584847501623,False,0.051478680180694125,0.0,15,False
TPR,3_minus_2,47.0,0.48870849609375,0.8930584847501623,False,0.11808167893964394,0.0,15,False
UBE2L6,3_minus_2,47.0,0.48870849609375,0.8930584847501623,False,0.24085597598644448,1.314808759949931,15,False
SELENOP,3_minus_2,47.0,0.48870849609375,0.8930584847501623,False,-0.04132637969130609,-33.256896471788636,15,False
CIAPIN1,3_minus_2,47.0,0.48870849609375,0.8930584847501623,False,0.13141775452955828,0.0,15,False
MARCO,3_minus_2,47.0,0.48870849609375,0.8930584847501623,False,0.1013684611490685,1.5261915862898365,15,False
CSRP3,3_minus_2,47.0,0.48870849609375,0.8930584847501623,False,0.581026797542342,0.0,15,False
MCEE,3_minus_2,47.0,0.48870849609375,0.8930584847501623,False,-0.22706099591846396,0.0,15,False
ATP2B4,3_minus_2,47.0,0.48870849609375,0.8930584847501623,False,0.21721237558324819,0.0,15,False
LIF,3_minus_2,47.0,0.48870849609375,0.8930584847501623,False,-0.04592103876867179,0.0,15,False
CSNK2A1,3_minus_2,47.0,0.48870849609375,0.8930584847501623,False,-0.029358321782807395,0.0,15,False
LHPP,3_minus_2,47.0,0.48870849609375,0.8930584847501623,False,-0.12989284850578864,0.0,15,False
TRIM26,3_minus_2,30.0,0.480176889906077,0.8930584847501623,False,0.0,0.0,15,False
SLC27A4,3_minus_2,47.0,0.48870849609375,0.8930584847501623,False,0.1403264969025802,0.0,15,False
NPTX1,3_minus_2,47.0,0.48870849609375,0.8930584847501623,False,0.050453829833844305,0.0,15,False
CRACR2A,3_minus_2,47.0,0.48870849609375,0.8930584847501623,False,0.2408564712906554,0.7904197583885753,15,False
DCTN2,3_minus_2,47.0,0.48870849609375,0.8930584847501623,False,0.3993246272015858,2.033694132822583,15,False
CLEC4D,3_minus_2,47.0,0.48870849609375,0.8930584847501623,False,0.11366896129359551,0.0,15,False
LTA4H,3_minus_2,47.0,0.48870849609375,0.8930584847501623,False,-0.00021308830183430771,0.0,15,False
GBP2,3_minus_2,47.0,0.48870849609375,0.8930584847501623,False,0.1335891990764364,0.0,15,False
DMD,3_minus_2,47.0,0.48870849609375,0.8930584847501623,False,0.0158508348361357,0.0,15,False
GORASP2,3_minus_2,47.0,0.48870849609375,0.8930584847501623,False,0.23316443778677548,35.24510642267708,15,False
APCS,3_minus_2,47.0,0.48870849609375,0.8930584847501623,False,-0.009253381881630218,0.0,15,False
KIAA1549L,3_minus_2,47.0,0.48870849609375,0.8930584847501623,False,0.312018486945661,33.90471346596354,15,False
SUOX,3_minus_2,47.0,0.48870849609375,0.8930584847501623,False,-0.4203730648511874,0.0,15,False
ERN1,3_minus_2,47.0,0.48870849609375,0.8930584847501623,False,-0.030735343621986377,0.0,15,False
DLL4,3_minus_2,47.0,0.48870849609375,0.8930584847501623,False,-0.0177048299098905,-0.5165959936663135,15,False
TARBP2,3_minus_2,47.0,0.48870849609375,0.8930584847501623,False,0.3191971432228838,37.03495355882337,15,False
BCR,3_minus_2,47.0,0.48870849609375,0.8930584847501623,False,0.22636147962271513,0.0,15,False
TBR1,3_minus_2,47.0,0.48870849609375,0.8930584847501623,False,0.070361944302327,0.0,15,False
PREB,3_minus_2,47.0,0.48870849609375,0.8930584847501623,False,0.1552375157301742,34.74727422122768,15,False
PPP1R14D,3_minus_2,47.0,0.48870849609375,0.8930584847501623,False,0.062049222815963034,32.94805107797346,15,False
VPS53,3_minus_2,47.0,0.48870849609375,0.8930584847501623,False,0.2036898303093231,3.4381486232744463,15,False
TNFSF9,3_minus_2,47.0,0.48870849609375,0.8930584847501623,False,0.1210510220250602,0.0,15,False
ZPR1,3_minus_2,47.0,0.48870849609375,0.8930584847501623,False,0.07413625221107567,0.0,15,False
GLP1R,3_minus_2,47.0,0.48870849609375,0.8930584847501623,False,0.0312805312400834,0.0,15,False
TEK,3_minus_2,47.0,0.48870849609375,0.8930584847501623,False,0.022174003683121724,31.932782364071347,15,False
BMPER,3_minus_2,47.0,0.48870849609375,0.8930584847501623,False,0.016573395495093096,0.0,15,False
CASP7,3_minus_2,47.0,0.48870849609375,0.8930584847501623,False,-0.13469601049096935,-30.521498584695422,15,False
PCNA,3_minus_2,30.0,0.480176889906077,0.8930584847501623,False,0.0,0.0,15,False
CAMLG,3_minus_2,47.0,0.48870849609375,0.8930584847501623,False,0.39117391442734417,1.0704745694559046,15,False
TGFB2,3_minus_2,47.0,0.48870849609375,0.8930584847501623,False,0.23102646966526516,34.246031490310685,15,False
IL33,3_minus_2,47.0,0.48870849609375,0.8930584847501623,False,-0.0767871460299237,0.0,15,False
PIBF1,3_minus_2,47.0,0.48870849609375,0.8930584847501623,False,0.16095104185323672,0.0,15,False
IL3RA,3_minus_2,47.0,0.48870849609375,0.8930584847501623,False,0.2283101043907937,4.06458765602959,15,False
THSD1,3_minus_2,47.0,0.48870849609375,0.8930584847501623,False,-0.14820035704998458,0.0,15,False
PDGFC,3_minus_2,47.0,0.48870849609375,0.8930584847501623,False,-0.07613872277349709,0.0,15,False
BIN2,3_minus_2,47.0,0.48870849609375,0.8930584847501623,False,0.3443556877371071,32.403346104181594,15,False
BCAN,3_minus_2,47.0,0.48870849609375,0.8930584847501623,False,0.014127859510862872,0.0,15,False
REG3A,3_minus_2,47.0,0.48870849609375,0.8930584847501623,False,0.22498239972707545,36.92349109912989,15,False
NEK7,3_minus_2,47.0,0.48870849609375,0.8930584847501623,False,-0.23921384966920511,-35.41875040726796,15,False
EDDM3B,3_minus_2,47.0,0.48870849609375,0.8930584847501623,False,0.0663511311490837,0.6834982213079009,15,False
KLKB1,3_minus_2,47.0,0.48870849609375,0.8930584847501623,False,-0.033538501250740996,-0.5632619560273386,15,False
BAG6,3_minus_2,47.0,0.48870849609375,0.8930584847501623,False,0.035950440582686205,0.0,15,False
DPP6,3_minus_2,47.0,0.48870849609375,0.8930584847501623,False,0.06316794504381701,0.0,15,False
RAC3,3_minus_2,47.0,0.48870849609375,0.8930584847501623,False,-0.1208769027791001,-32.69870890630287,15,False
AXL,3_minus_2,47.0,0.48870849609375,0.8930584847501623,False,-0.0235762584274625,-0.4150811294503158,15,False
CDNF,3_minus_2,47.0,0.48870849609375,0.8930584847501623,False,0.1373422236593411,35.43519348097437,15,False
NELL2,3_minus_2,47.0,0.48870849609375,0.8930584847501623,False,0.06340475187072547,0.0,15,False
NFATC3,3_minus_2,47.0,0.48870849609375,0.8930584847501623,False,0.056196354030444595,0.0,15,False
AFAP1,3_minus_2,47.0,0.48870849609375,0.8930584847501623,False,0.13987920824354472,35.14584968745649,15,False
EIF5,3_minus_2,47.0,0.48870849609375,0.8930584847501623,False,0.0843920650889324,1.1314565514839265,15,False
CEACAM8,3_minus_2,47.0,0.48870849609375,0.8930584847501623,False,0.16971371748785624,0.8438848164510054,15,False
AKR1B10,3_minus_2,47.0,0.48870849609375,0.8930584847501623,False,0.0769571895200521,0.0,15,False
STX16,3_minus_2,47.0,0.48870849609375,0.8930584847501623,False,0.4238383208496068,0.0,15,False
CDK1,3_minus_2,30.0,0.480176889906077,0.8930584847501623,False,0.004912028238486799,0.0,15,False
NINJ1,3_minus_2,48.0,0.52447509765625,0.9088750000000001,False,-0.009230409638268211,0.0,15,False
PARP1,3_minus_2,48.0,0.52447509765625,0.9088750000000001,False,-0.005933411051246618,-0.21679228253756394,15,False
NPR1,3_minus_2,48.0,0.52447509765625,0.9088750000000001,False,-0.0005517509436467893,-0.09131405727570367,15,False
ODAM,3_minus_2,48.0,0.52447509765625,0.9088750000000001,False,-0.2306524387636819,0.0,15,False
PLA2G4A,3_minus_2,48.0,0.52447509765625,0.9088750000000001,False,0.24803967779468405,2.2959557353299256,15,False
NFU1,3_minus_2,48.0,0.52447509765625,0.9088750000000001,False,0.20359276165939333,37.05395425629121,15,False
NFKBIE,3_minus_2,48.0,0.52447509765625,0.9088750000000001,False,-0.08959323614930503,0.0,15,False
RELT,3_minus_2,48.0,0.52447509765625,0.9088750000000001,False,0.035680086426503776,0.0,15,False
TNFRSF13C,3_minus_2,48.0,0.52447509765625,0.9088750000000001,False,-0.2003121606963547,0.0,15,False
THBS4,3_minus_2,48.0,0.52447509765625,0.9088750000000001,False,-0.059203955468579594,-0.3560983099069024,15,False
SAT1,3_minus_2,48.0,0.52447509765625,0.9088750000000001,False,-0.19396605819977086,0.0,15,False
TTN,3_minus_2,48.0,0.52447509765625,0.9088750000000001,False,0.16254715249140128,0.0,15,False
TDRKH,3_minus_2,48.0,0.52447509765625,0.9088750000000001,False,-0.2611969806359695,-3.3844051150335135,15,False
PPL,3_minus_2,48.0,0.52447509765625,0.9088750000000001,False,0.006339235719437286,0.0,15,False
NFAT5,3_minus_2,48.0,0.52447509765625,0.9088750000000001,False,-0.41936933482009986,0.0,15,False
PSTPIP2,3_minus_2,48.0,0.52447509765625,0.9088750000000001,False,0.047475126227114695,33.314351174844596,15,False
MAP1LC3B2,3_minus_2,48.0,0.52447509765625,0.9088750000000001,False,-0.1595392412368491,0.0,15,False
UPK3A,3_minus_2,48.0,0.52447509765625,0.9088750000000001,False,0.35133831457465226,36.35564172196773,15,False
RAB2B,3_minus_2,48.0,0.52447509765625,0.9088750000000001,False,-0.36732180449882,-36.07140517565219,15,False
SERPINA7,3_minus_2,48.0,0.52447509765625,0.9088750000000001,False,0.10236277806306349,2.157965818483463,15,False
VAMP5,3_minus_2,48.0,0.52447509765625,0.9088750000000001,False,0.2577547260672121,34.74846563412155,15,False
YJU2,3_minus_2,48.0,0.52447509765625,0.9088750000000001,False,-0.05997050787965719,0.0,15,False
NRN1,3_minus_2,48.0,0.52447509765625,0.9088750000000001,False,0.11866833848007202,0.0,15,False
VWC2L,3_minus_2,48.0,0.52447509765625,0.9088750000000001,False,-0.10869715434161309,0.0,15,False
SDK2,3_minus_2,48.0,0.52447509765625,0.9088750000000001,False,-0.02224593816287812,0.0,15,False
MAGED1,3_minus_2,48.0,0.52447509765625,0.9088750000000001,False,0.05449457783230319,31.798924812523946,15,False
TSLP,3_minus_2,48.0,0.52447509765625,0.9088750000000001,False,-0.06477378673343098,-0.4430588840699545,15,False
PALM,3_minus_2,48.0,0.52447509765625,0.9088750000000001,False,-0.10269290697040201,-35.86038345199711,15,False
TBC1D23,3_minus_2,48.0,0.52447509765625,0.9088750000000001,False,0.31027983375858814,0.8536040285437558,15,False
SNAP29,3_minus_2,48.0,0.52447509765625,0.9088750000000001,False,0.37129369802218015,37.02057044358696,15,False
RBFOX3,3_minus_2,48.0,0.52447509765625,0.9088750000000001,False,0.023614547806247277,0.0,15,False
PRCP,3_minus_2,48.0,0.52447509765625,0.9088750000000001,False,0.005230956623070104,0.0,15,False
TRIM21,3_minus_2,48.0,0.52447509765625,0.9088750000000001,False,0.15374980014938242,1.2408342515289144,15,False
TARS1,3_minus_2,48.0,0.52447509765625,0.9088750000000001,False,0.5415207837748248,37.11229401936947,15,False
VASH1,3_minus_2,48.0,0.52447509765625,0.9088750000000001,False,0.11416755876550022,2.265419335716246,15,False
ITGB7,3_minus_2,48.0,0.52447509765625,0.9088750000000001,False,-0.041396608842640015,-0.25035210423272236,15,False
GART,3_minus_2,48.0,0.52447509765625,0.9088750000000001,False,0.04637883092817757,0.0,15,False
CIRBP,3_minus_2,48.0,0.52447509765625,0.9088750000000001,False,0.3931008713288333,37.16003813179941,15,False
AK1,3_minus_2,48.0,0.52447509765625,0.9088750000000001,False,-0.053540734311030125,-0.5888445944329425,15,False
CLEC11A,3_minus_2,42.0,0.5097974849608639,0.9088750000000001,False,0.011247288924165433,0.0,15,False
ALDH5A1,3_minus_2,48.0,0.52447509765625,0.9088750000000001,False,-0.0217592040296353,0.0,15,False
CA8,3_minus_2,48.0,0.52447509765625,0.9088750000000001,False,0.1221458978252401,36.26064284535847,15,False
EGFLAM,3_minus_2,48.0,0.52447509765625,0.9088750000000001,False,0.06296522064509968,0.0,15,False
IL6R,3_minus_2,48.0,0.52447509765625,0.9088750000000001,False,0.04344259588389493,0.0,15,False
IL4,3_minus_2,48.0,0.52447509765625,0.9088750000000001,False,-1.0329651971475644,0.0,15,False
ANXA3,3_minus_2,48.0,0.52447509765625,0.9088750000000001,False,0.08458622710257413,0.0,15,False
AZU1,3_minus_2,48.0,0.52447509765625,0.9088750000000001,False,0.005629448677780757,0.0,15,False
COL18A1,3_minus_2,48.0,0.52447509765625,0.9088750000000001,False,0.11478611251460008,0.0,15,False
ICAM2,3_minus_2,48.0,0.52447509765625,0.9088750000000001,False,0.000593103800203304,0.09969681002028691,15,False
IL22,3_minus_2,48.0,0.52447509765625,0.9088750000000001,False,-0.22041115961790614,-37.22248730587741,15,False
CD302,3_minus_2,48.0,0.52447509765625,0.9088750000000001,False,-0.0856110379799552,-4.395247784340381,15,False
COMMD1,3_minus_2,48.0,0.52447509765625,0.9088750000000001,False,0.3132368741858673,0.0,15,False
ASRGL1,3_minus_2,48.0,0.52447509765625,0.9088750000000001,False,0.32961043507756815,2.238468681932784,15,False
KHK,3_minus_2,48.0,0.52447509765625,0.9088750000000001,False,-0.1734326012432845,-32.36575578509854,15,False
FYB1,3_minus_2,48.0,0.52447509765625,0.9088750000000001,False,0.1606808080904738,0.0,15,False
FKBP1B,3_minus_2,48.0,0.52447509765625,0.9088750000000001,False,-0.011334497827322293,-0.07651627059126569,15,False
IGBP1,3_minus_2,48.0,0.52447509765625,0.9088750000000001,False,-0.25807474904968875,-2.040097244455939,15,False
APRT,3_minus_2,48.0,0.52447509765625,0.9088750000000001,False,0.10847971494799546,0.0,15,False
CD164L2,3_minus_2,48.0,0.52447509765625,0.9088750000000001,False,0.2933441786246411,37.140042088764126,15,False
COMT,3_minus_2,48.0,0.52447509765625,0.9088750000000001,False,0.2801468396222643,34.23087333672957,15,False
GNGT1,3_minus_2,48.0,0.52447509765625,0.9088750000000001,False,-0.08705388178672813,0.0,15,False
CCN3,3_minus_2,48.0,0.52447509765625,0.9088750000000001,False,0.058808259984891365,0.0,15,False
GIT1,3_minus_2,48.0,0.52447509765625,0.9088750000000001,False,0.0957303445979103,0.8635087783634482,15,False
EIF1AX,3_minus_2,48.0,0.52447509765625,0.9088750000000001,False,0.1483946586763369,0.0,15,False
FOXO3,3_minus_2,48.0,0.52447509765625,0.9088750000000001,False,0.1199216252973055,34.74212298221018,15,False
LPO,3_minus_2,48.0,0.52447509765625,0.9088750000000001,False,0.1265192601032299,34.82385530215652,15,False
CFHR2,3_minus_2,48.0,0.52447509765625,0.9088750000000001,False,0.038597136657919015,0.37172659147500575,15,False
DAND5,3_minus_2,48.0,0.52447509765625,0.9088750000000001,False,-0.26686372540838144,-0.43672924448836875,15,False
C19orf12,3_minus_2,48.0,0.52447509765625,0.9088750000000001,False,-0.1388304713981674,0.0,15,False
IL9,3_minus_2,48.0,0.52447509765625,0.9088750000000001,False,0.43538461355954217,4.782119429908074,15,False
FCGR2A,3_minus_2,48.0,0.52447509765625,0.9088750000000001,False,0.0576175736020782,0.0,15,False
ACY3,3_minus_2,48.0,0.52447509765625,0.9088750000000001,False,0.1516534215298645,35.749959008705794,15,False
CD72,3_minus_2,48.0,0.52447509765625,0.9088750000000001,False,-0.059466304646573494,-3.326467825086991,15,False
CEACAM6,3_minus_2,48.0,0.52447509765625,0.9088750000000001,False,-0.08167790843465131,-35.384808477216296,15,False
CXCL6,3_minus_2,48.0,0.52447509765625,0.9088750000000001,False,-0.08446762483619519,-33.609332737661795,15,False
ABRAXAS2,3_minus_2,48.0,0.52447509765625,0.9088750000000001,False,0.3122422900248818,0.0,15,False
BRK1,3_minus_2,48.0,0.52447509765625,0.9088750000000001,False,-0.01048735664176248,0.0,15,False
LILRA6,3_minus_2,48.0,0.52447509765625,0.9088750000000001,False,0.02648029745230368,0.0,15,False
GFOD2,3_minus_2,48.0,0.52447509765625,0.9088750000000001,False,0.1017433097039675,0.0,15,False
CA5A,3_minus_2,48.0,0.52447509765625,0.9088750000000001,False,0.13884862924190233,0.0,15,False
LILRA4,3_minus_2,48.0,0.52447509765625,0.9088750000000001,False,-0.2560779669672143,-36.07932259658536,15,False
HS6ST1,3_minus_2,48.0,0.52447509765625,0.9088750000000001,False,0.0976112521303696,34.09276536410527,15,False
CDC27,3_minus_2,48.0,0.52447509765625,0.9088750000000001,False,0.032803109524698365,0.8792008978085041,15,False
CA12,3_minus_2,48.0,0.52447509765625,0.9088750000000001,False,-0.07952077116611883,-0.9512192558336916,15,False
ESPL1,3_minus_2,31.0,0.5302845968336095,0.9144405540008844,False,0.25934323368052525,0.0,15,False
PHLDB2,3_minus_2,31.0,0.5302845968336095,0.9144405540008844,False,-0.0699016201500764,0.0,15,False
COMP,3_minus_2,31.0,0.5302845968336095,0.9144405540008844,False,0.0,0.0,15,False
MYH7B,3_minus_2,31.0,0.5302845968336095,0.9144405540008844,False,0.0,0.0,15,False
FSHB,3_minus_2,31.0,0.5302845968336095,0.9144405540008844,False,0.0,0.0,15,False
VTI1A,3_minus_2,31.0,0.5302845968336095,0.9144405540008844,False,0.0,0.0,15,False
MAPK13,3_minus_2,31.0,0.5302845968336095,0.9144405540008844,False,0.15127817958666218,0.0,15,False
LCN2,3_minus_2,31.0,0.5302845968336095,0.9144405540008844,False,0.0,0.0,15,False
CSDE1,3_minus_2,49.0,0.5614013671875,0.9299448529411766,False,0.3150683432231949,37.0668903974638,15,False
NAGA,3_minus_2,49.0,0.5614013671875,0.9299448529411766,False,0.36527042660067166,35.99513885414605,15,False
MNAT1,3_minus_2,49.0,0.5614013671875,0.9299448529411766,False,0.12663740530261627,3.2305684608497667,15,False
CCL19,3_minus_2,49.0,0.5614013671875,0.9299448529411766,False,-0.0974641633112055,-35.48983408587815,15,False
CCDC28A,3_minus_2,49.0,0.5614013671875,0.9299448529411766,False,0.19674573096479278,36.89475246672762,15,False
ASAH2,3_minus_2,49.0,0.5614013671875,0.9299448529411766,False,-0.043914619218339696,0.0,15,False
ART3,3_minus_2,49.0,0.5614013671875,0.9299448529411766,False,-0.02125053439285471,0.0,15,False
TSPAN1,3_minus_2,49.0,0.5614013671875,0.9299448529411766,False,0.0008645131432540032,0.0,15,False
SFTPA1,3_minus_2,49.0,0.5614013671875,0.9299448529411766,False,0.14066277398002958,0.0,15,False
MYLPF,3_minus_2,49.0,0.5614013671875,0.9299448529411766,False,-0.2339444665076448,-33.898091050233155,15,False
PDAP1,3_minus_2,49.0,0.5614013671875,0.9299448529411766,False,0.4333351584881846,36.90396629286272,15,False
RTKN2,3_minus_2,49.0,0.5614013671875,0.9299448529411766,False,-0.22258473077862168,0.0,15,False
DECR1,3_minus_2,49.0,0.5614013671875,0.9299448529411766,False,0.09082829445280938,0.9236652579281063,15,False
SCARB2,3_minus_2,49.0,0.5614013671875,0.9299448529411766,False,0.01891721415270678,0.0,15,False
BNIP2,3_minus_2,49.0,0.5614013671875,0.9299448529411766,False,-0.18738240912874615,-2.13842729989202,15,False
NAPRT,3_minus_2,49.0,0.5614013671875,0.9299448529411766,False,-0.0064884937775793045,0.0,15,False
GIPC2,3_minus_2,49.0,0.5614013671875,0.9299448529411766,False,-0.02050547958528015,0.0,15,False
NCF2,3_minus_2,49.0,0.5614013671875,0.9299448529411766,False,0.020322103959843574,0.0,15,False
GLRX,3_minus_2,49.0,0.5614013671875,0.9299448529411766,False,0.0475914166007092,0.0,15,False
TOP2B,3_minus_2,49.0,0.5614013671875,0.9299448529411766,False,-0.2637327329207453,0.0,15,False
DBN1,3_minus_2,49.0,0.5614013671875,0.9299448529411766,False,-0.05219819006470211,-0.6466676336802005,15,False
BABAM1,3_minus_2,49.0,0.5614013671875,0.9299448529411766,False,-0.3667240660986961,0.0,15,False
TGFA,3_minus_2,49.0,0.5614013671875,0.9299448529411766,False,0.0650273514986405,1.8922522397132242,15,False
TPSG1,3_minus_2,49.0,0.5614013671875,0.9299448529411766,False,0.2051389374357742,36.42752958078787,15,False
SERPINF1,3_minus_2,49.0,0.5614013671875,0.9299448529411766,False,0.0181725204696373,0.0,15,False
IL2RG,3_minus_2,49.0,0.5614013671875,0.9299448529411766,False,-0.13275957295628826,-35.66980910013415,15,False
JAM2,3_minus_2,49.0,0.5614013671875,0.9299448529411766,False,-0.020194601809295443,-0.4655806674202055,15,False
IL20RB,3_minus_2,49.0,0.5614013671875,0.9299448529411766,False,0.1074331226850696,0.0,15,False
CBLIF,3_minus_2,49.0,0.5614013671875,0.9299448529411766,False,-0.07642002116655221,0.0,15,False
MPIG6B,3_minus_2,49.0,0.5614013671875,0.9299448529411766,False,0.2977648115946194,2.4254221709847172,15,False
TPK1,3_minus_2,49.0,0.5614013671875,0.9299448529411766,False,-0.025929717636898608,0.0,15,False
TACC3,3_minus_2,49.0,0.5614013671875,0.9299448529411766,False,0.3597040959927323,37.91489552335332,15,False
C3,3_minus_2,49.0,0.5614013671875,0.9299448529411766,False,-0.12217882635443301,0.0,15,False
CLPP,3_minus_2,49.0,0.5614013671875,0.9299448529411766,False,0.19926457506474826,0.0,15,False
EDA2R,3_minus_2,49.0,0.5614013671875,0.9299448529411766,False,0.019614117244999674,0.6764416493531598,15,False
LRG1,3_minus_2,49.0,0.5614013671875,0.9299448529411766,False,0.04355231077742955,0.0,15,False
HBZ,3_minus_2,49.0,0.5614013671875,0.9299448529411766,False,-0.0606044054687917,0.0,15,False
SIT1,3_minus_2,49.0,0.5614013671875,0.9299448529411766,False,-0.1982294934588042,0.0,15,False
HAO1,3_minus_2,49.0,0.5614013671875,0.9299448529411766,False,0.3263426418193764,36.885344256635406,15,False
STX5,3_minus_2,49.0,0.5614013671875,0.9299448529411766,False,-0.11237253832456923,0.0,15,False
CFP,3_minus_2,49.0,0.5614013671875,0.9299448529411766,False,-0.05106319090228399,-2.0652107149726833,15,False
SLC44A4,3_minus_2,49.0,0.5614013671875,0.9299448529411766,False,-0.1406025603463656,0.0,15,False
AGR2,3_minus_2,49.0,0.5614013671875,0.9299448529411766,False,-0.2676670934932896,-1.6251475484875837,15,False
PTGR1,3_minus_2,49.0,0.5614013671875,0.9299448529411766,False,-0.007093157782635029,-0.0308174559011019,15,False
CHMP6,3_minus_2,49.0,0.5614013671875,0.9299448529411766,False,0.15262375248186355,1.4522161742261877,15,False
STK4,3_minus_2,49.0,0.5614013671875,0.9299448529411766,False,0.3085436123241333,37.571936461570495,15,False
SNAP23,3_minus_2,49.0,0.5614013671875,0.9299448529411766,False,0.32155935631372945,36.98407176168235,15,False
WAS,3_minus_2,49.0,0.5614013671875,0.9299448529411766,False,-0.015392458736032566,-0.1713408579774189,15,False
PMVK,3_minus_2,49.0,0.5614013671875,0.9299448529411766,False,0.5459755917561624,3.4697406916153097,15,False
SLMAP,3_minus_2,49.0,0.5614013671875,0.9299448529411766,False,0.10749078218694197,35.03738389291837,15,False
CLEC12A,3_minus_2,49.0,0.5614013671875,0.9299448529411766,False,0.1096729601401132,0.0,15,False
MENT,3_minus_2,49.0,0.5614013671875,0.9299448529411766,False,-0.008154260851410994,-0.1430279206083258,15,False
NPM1,3_minus_2,49.0,0.5614013671875,0.9299448529411766,False,0.17822179182193726,0.0,15,False
MAP4K5,3_minus_2,49.0,0.5614013671875,0.9299448529411766,False,0.13771342245388501,0.0,15,False
REG1A,3_minus_2,49.0,0.5614013671875,0.9299448529411766,False,0.011565470609301853,31.672974519072373,15,False
PPP3R1,3_minus_2,49.0,0.5614013671875,0.9299448529411766,False,0.01621789358187231,0.0,15,False
MME,3_minus_2,49.0,0.5614013671875,0.9299448529411766,False,-0.11438344478839507,-0.4844883614632809,15,False
CCS,3_minus_2,49.0,0.5614013671875,0.9299448529411766,False,-0.051073627295023405,-0.8046292358772873,15,False
CD109,3_minus_2,49.0,0.5614013671875,0.9299448529411766,False,0.002272369158474799,0.0,15,False
TYRO3,3_minus_2,49.0,0.5614013671875,0.9299448529411766,False,0.01650955099603757,0.5981877726074954,15,False
GNPDA1,3_minus_2,49.0,0.5614013671875,0.9299448529411766,False,0.09691820240288562,35.307246387498886,15,False
TIMP3,3_minus_2,49.0,0.5614013671875,0.9299448529411766,False,-0.0466926522938225,0.0,15,False
PLA2G7,3_minus_2,49.0,0.5614013671875,0.9299448529411766,False,0.0209795027778563,2.968479944856444,15,False
SYT1,3_minus_2,49.0,0.5614013671875,0.9299448529411766,False,0.057063025273664296,0.0,15,False
APOF,3_minus_2,49.0,0.5614013671875,0.9299448529411766,False,-0.03630079867398733,0.0,15,False
L3HYPDH,3_minus_2,49.0,0.5614013671875,0.9299448529411766,False,0.14433043688629876,1.5466240764196137,15,False
MERTK,3_minus_2,49.0,0.5614013671875,0.9299448529411766,False,0.09413078025350341,35.75995831796477,15,False
CXCL10,3_minus_2,50.0,0.5994873046875,0.9404770194986072,False,-0.05333295801790677,0.0,15,False
SPAG1,3_minus_2,50.0,0.5994873046875,0.9404770194986072,False,0.02890760555397881,0.0,15,False
CEP164,3_minus_2,50.0,0.5994873046875,0.9404770194986072,False,0.037699356544604434,0.7228030904679593,15,False
TIMM8A,3_minus_2,50.0,0.5994873046875,0.9404770194986072,False,-0.1045987643281098,-35.92625839796823,15,False
CES3,3_minus_2,50.0,0.5994873046875,0.9404770194986072,False,0.1936269385764206,35.573114942961894,15,False
CEACAM1,3_minus_2,50.0,0.5994873046875,0.9404770194986072,False,0.0522324044923983,0.0,15,False
SNU13,3_minus_2,50.0,0.5994873046875,0.9404770194986072,False,-0.100720629540304,0.0,15,False
CETN2,3_minus_2,50.0,0.5994873046875,0.9404770194986072,False,0.3984139383420118,38.130033330377,15,False
NEXN,3_minus_2,50.0,0.5994873046875,0.9404770194986072,False,0.06776099350991743,3.7029511985394348,15,False
CALB1,3_minus_2,50.0,0.5994873046875,0.9404770194986072,False,0.13520865502103785,0.0,15,False
IL13,3_minus_2,50.0,0.5994873046875,0.9404770194986072,False,-0.17107532504658252,0.0,15,False
IGSF21,3_minus_2,50.0,0.5994873046875,0.9404770194986072,False,-0.009651834203135867,0.0,15,False
IFNW1,3_minus_2,50.0,0.5994873046875,0.9404770194986072,False,0.14100168811515568,0.0,15,False
PCARE,3_minus_2,50.0,0.5994873046875,0.9404770194986072,False,0.21029131803665102,1.5211862050225402,15,False
CD300C,3_minus_2,50.0,0.5994873046875,0.9404770194986072,False,-0.012939412017604623,0.0,15,False
IL18R1,3_minus_2,50.0,0.5994873046875,0.9404770194986072,False,0.052961192896508136,0.0,15,False
CC2D1A,3_minus_2,50.0,0.5994873046875,0.9404770194986072,False,0.2285578648896207,1.206596951201228,15,False
IDUA,3_minus_2,50.0,0.5994873046875,0.9404770194986072,False,0.000773004660285001,0.15206915487232245,15,False
CD4,3_minus_2,50.0,0.5994873046875,0.9404770194986072,False,0.02295823469110425,0.895770858443685,15,False
NME3,3_minus_2,50.0,0.5994873046875,0.9404770194986072,False,0.0619667293908103,33.866127024097054,15,False
GKN1,3_minus_2,50.0,0.5994873046875,0.9404770194986072,False,-0.020666087462361094,-0.497445199223378,15,False
IL36G,3_minus_2,50.0,0.5994873046875,0.9404770194986072,False,0.046712864025040934,0.4123001899731204,15,False
SKAP1,3_minus_2,50.0,0.5994873046875,0.9404770194986072,False,-0.11618483866589613,0.0,15,False
TBC1D5,3_minus_2,50.0,0.5994873046875,0.9404770194986072,False,0.003906885053436726,0.04876264107360368,15,False
STOML2,3_minus_2,32.0,0.5829195472688132,0.9404770194986072,False,0.0,0.0,15,False
HSPA2,3_minus_2,50.0,0.5994873046875,0.9404770194986072,False,0.3128924487209242,35.87085544383597,15,False
CLIP2,3_minus_2,50.0,0.5994873046875,0.9404770194986072,False,0.329517033230451,1.4321753078416124,15,False
GSTA1,3_minus_2,50.0,0.5994873046875,0.9404770194986072,False,-0.006701674570388283,-0.02094573950845276,15,False
LUZP2,3_minus_2,50.0,0.5994873046875,0.9404770194986072,False,0.12557246066684472,0.0,15,False
MUC13,3_minus_2,50.0,0.5994873046875,0.9404770194986072,False,-0.13829487286678777,-31.72851895486174,15,False
GGCT,3_minus_2,50.0,0.5994873046875,0.9404770194986072,False,-0.05070435609634463,0.0,15,False
EDF1,3_minus_2,50.0,0.5994873046875,0.9404770194986072,False,0.29951582924204717,37.49171851662923,15,False
MDM1,3_minus_2,50.0,0.5994873046875,0.9404770194986072,False,-0.012119478067391887,0.0,15,False
LAYN,3_minus_2,50.0,0.5994873046875,0.9404770194986072,False,-0.00324027839324989,-0.038551786812264795,15,False
FGF9,3_minus_2,32.0,0.5829195472688132,0.9404770194986072,False,0.0,0.0,15,False
LARP1,3_minus_2,50.0,0.5994873046875,0.9404770194986072,False,0.2531669084728656,37.302636484197166,15,False
ECHDC3,3_minus_2,50.0,0.5994873046875,0.9404770194986072,False,-0.010089657422184928,0.0,15,False
MESD,3_minus_2,50.0,0.5994873046875,0.9404770194986072,False,0.15869348381163173,0.9354644165181183,15,False
PLG,3_minus_2,32.0,0.5829195472688132,0.9404770194986072,False,0.0,0.0,15,False
FGF5,3_minus_2,50.0,0.5994873046875,0.9404770194986072,False,0.00915667978453305,1.3241546625569307,15,False
DUSP3,3_minus_2,50.0,0.5994873046875,0.9404770194986072,False,-0.12203863679270821,0.0,15,False
FLT3LG,3_minus_2,50.0,0.5994873046875,0.9404770194986072,False,-0.02057722193192331,0.0,15,False
RGS8,3_minus_2,50.0,0.5994873046875,0.9404770194986072,False,0.0335538962895096,0.0,15,False
MICB_MICA,3_minus_2,50.0,0.5994873046875,0.9404770194986072,False,-0.04980083193389501,0.0,15,False
MYOM2,3_minus_2,50.0,0.5994873046875,0.9404770194986072,False,0.7694793664940422,37.56649882069197,15,False
DNM3,3_minus_2,50.0,0.5994873046875,0.9404770194986072,False,0.00808256081767239,0.05821156301428692,15,False
DNER,3_minus_2,50.0,0.5994873046875,0.9404770194986072,False,-0.018475699908301696,-4.941761926721656,15,False
FNDC1,3_minus_2,50.0,0.5994873046875,0.9404770194986072,False,-0.0758438888959038,-34.82155754237434,15,False
RNF5,3_minus_2,50.0,0.5994873046875,0.9404770194986072,False,-0.07443221354096008,-0.5453289432737078,15,False
RGMB,3_minus_2,50.0,0.5994873046875,0.9404770194986072,False,0.0446555164009458,0.9814305641443838,15,False
TTF2,3_minus_2,50.0,0.5994873046875,0.9404770194986072,False,0.0057732238663759095,0.0,15,False
ANXA2,3_minus_2,50.0,0.5994873046875,0.9404770194986072,False,0.02569052152937301,0.0,15,False
RANBP1,3_minus_2,50.0,0.5994873046875,0.9404770194986072,False,-0.0237289128198388,0.0,15,False
FABP2,3_minus_2,50.0,0.5994873046875,0.9404770194986072,False,-0.10282510940674089,0.0,15,False
PPP1R14A,3_minus_2,50.0,0.5994873046875,0.9404770194986072,False,-0.38795474090854387,-37.13176513911543,15,False
F10,3_minus_2,32.0,0.5829195472688132,0.9404770194986072,False,0.0,0.0,15,False
LRP2,3_minus_2,50.0,0.5994873046875,0.9404770194986072,False,0.41618286384137004,36.07974587135067,15,False
PPP1CC,3_minus_2,50.0,0.5994873046875,0.9404770194986072,False,-0.0006646337182155126,-0.025302182700832024,15,False
ADGRB3,3_minus_2,50.0,0.5994873046875,0.9404770194986072,False,-0.0524966428551403,-1.305427461088849,15,False
PTEN,3_minus_2,50.0,0.5994873046875,0.9404770194986072,False,-0.20928552895292318,-37.01444212717074,15,False
ADRA2A,3_minus_2,50.0,0.5994873046875,0.9404770194986072,False,0.021923955011101837,0.0,15,False
PMCH,3_minus_2,50.0,0.5994873046875,0.9404770194986072,False,-0.00938917548141438,0.0,15,False
PTGDS,3_minus_2,50.0,0.5994873046875,0.9404770194986072,False,0.03554604500636291,33.85797473283853,15,False
MANSC4,3_minus_2,50.0,0.5994873046875,0.9404770194986072,False,-0.0784449324682217,-0.4815536737117501,15,False
ELOB,3_minus_2,50.0,0.5994873046875,0.9404770194986072,False,-0.07196639126209714,0.0,15,False
RAB3GAP1,3_minus_2,50.0,0.5994873046875,0.9404770194986072,False,0.10542875025300757,1.012476137816989,15,False
VTA1,3_minus_2,50.0,0.5994873046875,0.9404770194986072,False,-0.2008586294889918,0.0,15,False
MARS1,3_minus_2,50.0,0.5994873046875,0.9404770194986072,False,0.3710687740970074,35.55024722347529,15,False
EHBP1,3_minus_2,50.0,0.5994873046875,0.9404770194986072,False,-0.07812791044999672,-34.181689610834624,15,False
FGF19,3_minus_2,50.0,0.5994873046875,0.9404770194986072,False,-0.1175553193637171,-0.9705860089362812,15,False
VPS28,3_minus_2,50.0,0.5994873046875,0.9404770194986072,False,0.1415059062728875,35.323118368499685,15,False
PTGES2,3_minus_2,50.0,0.5994873046875,0.9404770194986072,False,0.10954632850312801,1.1783069974571143,15,False
DNAJB2,3_minus_2,32.0,0.5829195472688132,0.9404770194986072,False,0.0,0.0,15,False
PLA2G15,3_minus_2,50.0,0.5994873046875,0.9404770194986072,False,0.007992663730374994,0.4232021891764794,15,False
MMP3,3_minus_2,50.0,0.5994873046875,0.9404770194986072,False,0.22407549747132172,0.0,15,False
TMCO5A,3_minus_2,50.0,0.5994873046875,0.9404770194986072,False,-0.2724274841386269,-1.1635047162294767,15,False
TMOD4,3_minus_2,32.0,0.5829195472688132,0.9404770194986072,False,0.05139479858849799,0.0,15,False
BTLA,3_minus_2,32.0,0.5829195472688132,0.9404770194986072,False,0.0,0.0,15,False
PDLIM5,3_minus_2,50.0,0.5994873046875,0.9404770194986072,False,0.40903528285242774,2.6589817339543287,15,False
SCN2A,3_minus_2,50.0,0.5994873046875,0.9404770194986072,False,-0.39153816886548054,0.0,15,False
MVK,3_minus_2,50.0,0.5994873046875,0.9404770194986072,False,0.18188705207059574,1.5073803989668602,15,False
GATA3,3_minus_2,32.0,0.5829195472688132,0.9404770194986072,False,-0.0978625752447558,0.0,15,False
MTUS1,3_minus_2,50.0,0.5994873046875,0.9404770194986072,False,0.2814332086338981,36.53470286491127,15,False
BLOC1S3,3_minus_2,50.0,0.5994873046875,0.9404770194986072,False,0.011957054466789963,0.1706357311161321,15,False
PFDN4,3_minus_2,32.0,0.5829195472688132,0.9404770194986072,False,0.0,0.0,15,False
IZUMO1,3_minus_2,32.0,0.5829195472688132,0.9404770194986072,False,0.0,0.0,15,False
TPT1,3_minus_2,50.0,0.5994873046875,0.9404770194986072,False,-0.2458835127244654,-36.102948809690794,15,False
DGKA,3_minus_2,50.0,0.5994873046875,0.9404770194986072,False,-0.1208332482810085,0.0,15,False
RWDD1,3_minus_2,50.0,0.5994873046875,0.9404770194986072,False,-0.06798755600071199,-1.1190303225634344,15,False
SPART,3_minus_2,50.0,0.5994873046875,0.9404770194986072,False,0.19256102430555783,30.803496295037483,15,False
MOCS2,3_minus_2,50.0,0.5994873046875,0.9404770194986072,False,0.1257337263645777,33.82282501238189,15,False
ASPSCR1,3_minus_2,50.0,0.5994873046875,0.9404770194986072,False,0.024240122682621212,2.4656343378182703,15,False
ATG4A,3_minus_2,50.0,0.5994873046875,0.9404770194986072,False,-0.2052686677471104,-35.97362935693838,15,False
ATF4,3_minus_2,32.0,0.5829195472688132,0.9404770194986072,False,0.0,0.0,15,False
KCNC4,3_minus_2,50.0,0.5994873046875,0.9404770194986072,False,-0.07948628639580559,0.0,15,False
DPP4,3_minus_2,33.0,0.6378701798979456,0.9470774091627173,False,0.0,0.0,15,False
SCARF2,3_minus_2,51.0,0.638671875,0.9470774091627173,False,-0.05987729752924892,0.0,15,False
OFD1,3_minus_2,51.0,0.638671875,0.9470774091627173,False,-0.1640332511948457,0.0,15,False
FCRLB,3_minus_2,51.0,0.638671875,0.9470774091627173,False,-0.007609798449956573,-0.07624489238067207,15,False
GID8,3_minus_2,51.0,0.638671875,0.9470774091627173,False,-0.018153872648187602,-0.1902132294554426,15,False
SNX9,3_minus_2,51.0,0.638671875,0.9470774091627173,False,0.020935589777494712,1.068977466536688,15,False
CST7,3_minus_2,51.0,0.638671875,0.9470774091627173,False,-0.08655184888413547,0.0,15,False
GCLM,3_minus_2,51.0,0.638671875,0.9470774091627173,False,-0.09356345466516658,0.0,15,False
PBK,3_minus_2,33.0,0.6378701798979456,0.9470774091627173,False,0.0,0.0,15,False
SH2D1A,3_minus_2,51.0,0.638671875,0.9470774091627173,False,0.033097589028947216,0.14615174157675073,15,False
PRTN3,3_minus_2,51.0,0.638671875,0.9470774091627173,False,0.044081352853392874,0.0,15,False
CXCL12,3_minus_2,51.0,0.638671875,0.9470774091627173,False,-0.1689778685869885,0.0,15,False
SCP2,3_minus_2,51.0,0.638671875,0.9470774091627173,False,-0.028622699807584803,0.0,15,False
DARS1,3_minus_2,51.0,0.638671875,0.9470774091627173,False,-0.07107009319076885,-0.6872102600308232,15,False
RRM2,3_minus_2,51.0,0.638671875,0.9470774091627173,False,-0.2801814405104476,0.0,15,False
HCG22,3_minus_2,51.0,0.638671875,0.9470774091627173,False,-0.1732968059288369,0.0,15,False
PDE5A,3_minus_2,51.0,0.638671875,0.9470774091627173,False,0.5769376057085562,36.68854175414562,15,False
PPP1R9B,3_minus_2,51.0,0.638671875,0.9470774091627173,False,0.1429272367942832,35.578313359724305,15,False
ELOA,3_minus_2,51.0,0.638671875,0.9470774091627173,False,0.042010834472640424,0.0,15,False
SMTN,3_minus_2,51.0,0.638671875,0.9470774091627173,False,0.3587320421659259,37.73588227482042,15,False
RHOC,3_minus_2,51.0,0.638671875,0.9470774091627173,False,0.4719140337066361,38.48534412993585,15,False
DNMBP,3_minus_2,51.0,0.638671875,0.9470774091627173,False,0.2626539385954174,14.895379146479746,15,False
PCBP2,3_minus_2,51.0,0.638671875,0.9470774091627173,False,0.24173929932370353,33.89121986301812,15,False
PCDH1,3_minus_2,51.0,0.638671875,0.9470774091627173,False,0.0314820321450872,1.7279196618956063,15,False
REEP4,3_minus_2,51.0,0.638671875,0.9470774091627173,False,-0.1446899521324096,-33.324560169342575,15,False
SIRT5,3_minus_2,51.0,0.638671875,0.9470774091627173,False,0.057487463653566884,0.0,15,False
GAD1,3_minus_2,33.0,0.6378701798979456,0.9470774091627173,False,0.0,0.0,15,False
DIPK1C,3_minus_2,51.0,0.638671875,0.9470774091627173,False,0.3385050858248986,0.0,15,False
RBP2,3_minus_2,51.0,0.638671875,0.9470774091627173,False,-0.1001479084716258,0.0,15,False
SERPINH1,3_minus_2,51.0,0.638671875,0.9470774091627173,False,-0.0976823316325437,-0.25157600037533756,15,False
PLXNA4,3_minus_2,51.0,0.638671875,0.9470774091627173,False,0.44841820929601983,2.004580302299548,15,False
DFFA,3_minus_2,51.0,0.638671875,0.9470774091627173,False,-0.04438148813215359,-0.35487902429949103,15,False
GALNT7,3_minus_2,51.0,0.638671875,0.9470774091627173,False,-0.05037609794621639,-2.1717929410439774,15,False
DNAJA2,3_minus_2,33.0,0.6378701798979456,0.9470774091627173,False,0.0,0.0,15,False
RAD23B,3_minus_2,51.0,0.638671875,0.9470774091627173,False,-0.003932444225409226,-0.0739888239148234,15,False
GAS6,3_minus_2,51.0,0.638671875,0.9470774091627173,False,0.0285925161638276,33.83859238168982,15,False
PCDHB15,3_minus_2,51.0,0.638671875,0.9470774091627173,False,-0.1039894982225317,0.0,15,False
SMAD2,3_minus_2,51.0,0.638671875,0.9470774091627173,False,-0.058852714584432975,-0.3040563054434449,15,False
SIGLEC7,3_minus_2,51.0,0.638671875,0.9470774091627173,False,-0.004622625950489789,-1.6237126277897227,15,False
HDAC9,3_minus_2,51.0,0.638671875,0.9470774091627173,False,-0.11564848238288561,0.0,15,False
DPT,3_minus_2,51.0,0.638671875,0.9470774091627173,False,-0.0940280557982776,-34.06645501479047,15,False
EIF4G1,3_minus_2,51.0,0.638671875,0.9470774091627173,False,0.458078023577677,36.579561455983125,15,False
DEFB116,3_minus_2,51.0,0.638671875,0.9470774091627173,False,0.10018289156149796,0.45016995789657327,15,False
NOTCH3,3_minus_2,51.0,0.638671875,0.9470774091627173,False,-0.001044507031601083,0.0,15,False
MFGE8,3_minus_2,51.0,0.638671875,0.9470774091627173,False,0.0012928739543711931,0.0,15,False
TDGF1,3_minus_2,51.0,0.638671875,0.9470774091627173,False,0.038852817881985136,0.0,15,False
IL17C,3_minus_2,51.0,0.638671875,0.9470774091627173,False,0.00020232470692038707,0.0,15,False
CCN2,3_minus_2,51.0,0.638671875,0.9470774091627173,False,-0.01864880323218243,0.0,15,False
IL16,3_minus_2,51.0,0.638671875,0.9470774091627173,False,-0.01062503209479139,-0.5596594649664869,15,False
KLK15,3_minus_2,51.0,0.638671875,0.9470774091627173,False,0.03723150800558239,0.0,15,False
ARHGAP1,3_minus_2,51.0,0.638671875,0.9470774091627173,False,-0.18331550536120428,-35.3212225462119,15,False
NFATC1,3_minus_2,51.0,0.638671875,0.9470774091627173,False,-0.09455238331782378,-35.57507993661895,15,False
TXNDC9,3_minus_2,51.0,0.638671875,0.9470774091627173,False,-0.047730839937565404,-34.61710492895948,15,False
UBE2B,3_minus_2,51.0,0.638671875,0.9470774091627173,False,0.10942480503951499,0.0,15,False
ARAF,3_minus_2,51.0,0.638671875,0.9470774091627173,False,-0.31553725720912174,-36.638320617016234,15,False
HDGF,3_minus_2,51.0,0.638671875,0.9470774091627173,False,0.3099535251710095,35.8521001721973,15,False
IGFBP6,3_minus_2,51.0,0.638671875,0.9470774091627173,False,0.009829978831268293,28.88875830187163,15,False
CD248,3_minus_2,51.0,0.638671875,0.9470774091627173,False,-0.0086704766596718,0.0,15,False
APOC1,3_minus_2,51.0,0.638671875,0.9470774091627173,False,-0.003565882238511814,0.0,15,False
STX3,3_minus_2,51.0,0.638671875,0.9470774091627173,False,0.020626267356713496,0.0,15,False
ARHGEF1,3_minus_2,51.0,0.638671875,0.9470774091627173,False,-0.1867727412931286,0.0,15,False
TST,3_minus_2,51.0,0.638671875,0.9470774091627173,False,0.0463426258564337,0.16491913572289355,15,False
CASP8,3_minus_2,51.0,0.638671875,0.9470774091627173,False,0.08356611789633928,34.98770749127654,15,False
KIR2DS4,3_minus_2,51.0,0.638671875,0.9470774091627173,False,-0.07962119302353488,-0.21498464198171463,15,False
BRD1,3_minus_2,51.0,0.638671875,0.9470774091627173,False,-0.1734191801683373,-36.2909761785851,15,False
MYL4,3_minus_2,51.0,0.638671875,0.9470774091627173,False,0.007299661300587956,0.5757101315989644,15,False
BMP4,3_minus_2,51.0,0.638671875,0.9470774091627173,False,-0.015311988815726006,0.0,15,False
AZI2,3_minus_2,51.0,0.638671875,0.9470774091627173,False,0.2746822877447212,5.6556820400526435,15,False
ATXN2L,3_minus_2,51.0,0.638671875,0.9470774091627173,False,0.1109450338139692,0.0,15,False
MZT1,3_minus_2,51.0,0.638671875,0.9470774091627173,False,0.019400226921651297,0.0,15,False
TIMM10,3_minus_2,51.0,0.638671875,0.9470774091627173,False,0.069041062199579,35.260040803710886,15,False
UNG,3_minus_2,51.0,0.638671875,0.9470774091627173,False,-0.34752560696532936,-35.10838283610758,15,False
C9orf40,3_minus_2,51.0,0.638671875,0.9470774091627173,False,-0.1760578716753519,-2.9679396445362114,15,False
NAMPT,3_minus_2,51.0,0.638671875,0.9470774091627173,False,0.07933045926517551,0.0,15,False
THBS2,3_minus_2,33.0,0.6378701798979456,0.9470774091627173,False,0.0,0.0,15,False
THAP12,3_minus_2,33.0,0.6378701798979456,0.9470774091627173,False,0.05811926989032368,0.0,15,False
MPRIP,3_minus_2,51.0,0.638671875,0.9470774091627173,False,0.016908722946034405,0.21587051734941218,15,False
NBN,3_minus_2,51.0,0.638671875,0.9470774091627173,False,0.02161165495073447,0.0,15,False
MORC3,3_minus_2,51.0,0.638671875,0.9470774091627173,False,0.07029338553169298,1.0527869877121125,15,False
CALCB,3_minus_2,51.0,0.638671875,0.9470774091627173,False,0.051002161971525406,0.0,15,False
MRPL46,3_minus_2,51.0,0.638671875,0.9470774091627173,False,-0.03240840196840908,-33.54601442837668,15,False
LACTB2,3_minus_2,51.0,0.638671875,0.9470774091627173,False,0.18794571973320282,2.2675425494967243,15,False
MYCBP2,3_minus_2,51.0,0.638671875,0.9470774091627173,False,-0.06338084846409628,0.0,15,False
MEP1B,3_minus_2,51.0,0.638671875,0.9470774091627173,False,0.037856699602908495,0.0,15,False
ACRBP,3_minus_2,51.0,0.638671875,0.9470774091627173,False,0.1192023125621755,35.81565323931159,15,False
LPCAT2,3_minus_2,51.0,0.638671875,0.9470774091627173,False,0.011581302624717904,0.0,15,False
LMNB1,3_minus_2,51.0,0.638671875,0.9470774091627173,False,0.10853395959426487,0.0,15,False
WASF1,3_minus_2,51.0,0.638671875,0.9470774091627173,False,0.16954058105683478,0.6769235540585669,15,False
MANSC1,3_minus_2,51.0,0.638671875,0.9470774091627173,False,0.047609566053176094,0.7527610211543917,15,False
HPGDS,3_minus_2,51.0,0.638671875,0.9470774091627173,False,0.0334658389712453,33.55150567826041,15,False
LILRA3,3_minus_2,51.0,0.638671875,0.9470774091627173,False,0.05892244939479846,0.0,15,False
STAT5B,3_minus_2,51.0,0.638671875,0.9470774091627173,False,0.376706872760983,0.0,15,False
HSDL2,3_minus_2,51.0,0.638671875,0.9470774091627173,False,-0.08737031715533194,0.0,15,False
NPL,3_minus_2,51.0,0.638671875,0.9470774091627173,False,0.10577953314123659,0.0,15,False
LGALS4,3_minus_2,51.0,0.638671875,0.9470774091627173,False,0.15089118114846772,0.0,15,False
NPDC1,3_minus_2,51.0,0.638671875,0.9470774091627173,False,0.07727408316104711,1.7041047600757824,15,False
MATN2,3_minus_2,51.0,0.638671875,0.9470774091627173,False,-0.03035546595756959,0.0,15,False
AHSG,3_minus_2,51.0,0.638671875,0.9470774091627173,False,-0.05060134055783383,0.0,15,False
AMY2B,3_minus_2,51.0,0.638671875,0.9470774091627173,False,-0.06208860601154065,-0.43592869287419717,15,False
HYOU1,3_minus_2,51.0,0.638671875,0.9470774091627173,False,-0.00942850280297991,-0.31036812063882335,15,False
LAT2,3_minus_2,51.0,0.638671875,0.9470774091627173,False,0.3584491498491744,2.353035673037356,15,False
VAV3,3_minus_2,51.0,0.638671875,0.9470774091627173,False,0.20951127206249703,2.0051007173765854,15,False
CD5L,3_minus_2,51.0,0.638671875,0.9470774091627173,False,0.010808246231387986,0.0,15,False
LEP,3_minus_2,51.0,0.638671875,0.9470774091627173,False,-0.21696772487626614,-36.74235938942235,15,False
ITGAX,3_minus_2,39.0,0.6496440323317323,0.962840839497978,False,-0.04959849200796618,0.0,15,False
KLB,3_minus_2,52.0,0.67877197265625,0.9648772715800101,False,0.02649834440928589,0.06800780839008536,15,False
LILRB5,3_minus_2,52.0,0.67877197265625,0.9648772715800101,False,-0.01034627314111447,-0.09399564257759083,15,False
DIABLO,3_minus_2,52.0,0.67877197265625,0.9648772715800101,False,0.1681276832519355,35.87650161873683,15,False
UBAC1,3_minus_2,52.0,0.67877197265625,0.9648772715800101,False,0.0292622496115199,1.2691589035441775,15,False
PLCB2,3_minus_2,52.0,0.67877197265625,0.9648772715800101,False,0.14040191534702262,0.0,15,False
FCER1A,3_minus_2,52.0,0.67877197265625,0.9648772715800101,False,0.0541907628651412,0.7532743950464996,15,False
TRAF2,3_minus_2,52.0,0.67877197265625,0.9648772715800101,False,-0.0323500194952607,-34.126503912609564,15,False
PGD,3_minus_2,52.0,0.67877197265625,0.9648772715800101,False,0.12381074951236831,0.0,15,False
FCAR,3_minus_2,52.0,0.67877197265625,0.9648772715800101,False,-0.0847405855436722,0.0,15,False
FABP1,3_minus_2,52.0,0.67877197265625,0.9648772715800101,False,0.24800141566074352,0.0,15,False
BAP18,3_minus_2,52.0,0.67877197265625,0.9648772715800101,False,0.09601267155274318,0.0,15,False
TXN,3_minus_2,52.0,0.67877197265625,0.9648772715800101,False,-0.00011153574133138111,0.0,15,False
ACADM,3_minus_2,52.0,0.67877197265625,0.9648772715800101,False,0.25084447278957495,34.59119745313188,15,False
BRAP,3_minus_2,52.0,0.67877197265625,0.9648772715800101,False,0.1387556887393102,1.3470355483438448,15,False
PPP2R5A,3_minus_2,52.0,0.67877197265625,0.9648772715800101,False,-0.0661761812444891,0.0,15,False
GBA,3_minus_2,52.0,0.67877197265625,0.9648772715800101,False,0.07778128031084391,0.0,15,False
TRAF3IP2,3_minus_2,52.0,0.67877197265625,0.9648772715800101,False,0.2154985314756131,2.0857370879556996,15,False
QDPR,3_minus_2,52.0,0.67877197265625,0.9648772715800101,False,-0.02872209282837951,-0.2440929702656568,15,False
AP3B1,3_minus_2,52.0,0.67877197265625,0.9648772715800101,False,-0.07612656285473318,0.0,15,False
ENTR1,3_minus_2,52.0,0.67877197265625,0.9648772715800101,False,0.09458502679327341,0.0,15,False
RNF43,3_minus_2,52.0,0.67877197265625,0.9648772715800101,False,0.1354296319568441,35.29831009014542,15,False
ANP32C,3_minus_2,52.0,0.67877197265625,0.9648772715800101,False,-0.11298455015014719,0.0,15,False
PODXL2,3_minus_2,52.0,0.67877197265625,0.9648772715800101,False,-0.11473616835400871,-1.8111206473473085,15,False
MAP3K5,3_minus_2,52.0,0.67877197265625,0.9648772715800101,False,0.45288748722079714,4.1274488024640315,15,False
TSPAN15,3_minus_2,52.0,0.67877197265625,0.9648772715800101,False,-0.10131584815125766,0.0,15,False
AIFM1,3_minus_2,52.0,0.67877197265625,0.9648772715800101,False,-0.21736426743749027,-36.63331229586198,15,False
APOB,3_minus_2,52.0,0.67877197265625,0.9648772715800101,False,0.08555824980751858,34.55131329924656,15,False
MMP8,3_minus_2,52.0,0.67877197265625,0.9648772715800101,False,-0.13483105757468788,0.0,15,False
PKD1,3_minus_2,52.0,0.67877197265625,0.9648772715800101,False,-0.0678423756487902,0.0,15,False
UFD1,3_minus_2,52.0,0.67877197265625,0.9648772715800101,False,0.14612017072137284,0.0,15,False
TREML1,3_minus_2,52.0,0.67877197265625,0.9648772715800101,False,0.02952449811231378,33.17545375899569,15,False
ENO1,3_minus_2,52.0,0.67877197265625,0.9648772715800101,False,0.2010667175818369,1.2990802647588762,15,False
APPL2,3_minus_2,52.0,0.67877197265625,0.9648772715800101,False,0.4213503814880233,1.533222275976671,15,False
VPS4B,3_minus_2,52.0,0.67877197265625,0.9648772715800101,False,-0.059550725548199235,0.0,15,False
MRPL24,3_minus_2,52.0,0.67877197265625,0.9648772715800101,False,0.27711831377981244,36.947153586524465,15,False
RETN,3_minus_2,52.0,0.67877197265625,0.9648772715800101,False,-0.0044630610713157215,-0.10264304304976225,15,False
GABRA4,3_minus_2,52.0,0.67877197265625,0.9648772715800101,False,-0.17865445999581075,0.0,15,False
CEP170,3_minus_2,52.0,0.67877197265625,0.9648772715800101,False,0.348849351209061,37.176290890836746,15,False
SLA2,3_minus_2,52.0,0.67877197265625,0.9648772715800101,False,-0.1951276870986041,0.0,15,False
GYS1,3_minus_2,52.0,0.67877197265625,0.9648772715800101,False,0.22836395690310396,37.176682726656715,15,False
TERF1,3_minus_2,52.0,0.67877197265625,0.9648772715800101,False,-0.002027742343721911,0.0,15,False
CHCHD6,3_minus_2,52.0,0.67877197265625,0.9648772715800101,False,-0.013593117318513481,-1.0063836022344355,15,False
IL1B,3_minus_2,52.0,0.67877197265625,0.9648772715800101,False,0.008534243747395698,0.19895494789448187,15,False
CCL20,3_minus_2,52.0,0.67877197265625,0.9648772715800101,False,-0.00352908437269539,0.0,15,False
HS3ST3B1,3_minus_2,52.0,0.67877197265625,0.9648772715800101,False,-0.0681689177188943,0.0,15,False
NPTN,3_minus_2,52.0,0.67877197265625,0.9648772715800101,False,0.1280635583837606,34.977457626510954,15,False
CHP1,3_minus_2,52.0,0.67877197265625,0.9648772715800101,False,0.01931114500744524,0.0,15,False
NEO1,3_minus_2,52.0,0.67877197265625,0.9648772715800101,False,0.07115741314290391,34.430387186834444,15,False
CD70,3_minus_2,52.0,0.67877197265625,0.9648772715800101,False,-0.05713459552031941,-33.499190428542136,15,False
HSPA1A,3_minus_2,52.0,0.67877197265625,0.9648772715800101,False,0.030729952953528372,33.584890308433536,15,False
CFI,3_minus_2,52.0,0.67877197265625,0.9648772715800101,False,0.007540706406681301,0.0,15,False
CRELD2,3_minus_2,52.0,0.67877197265625,0.9648772715800101,False,0.1437322290190911,0.9824480554400221,15,False
TALDO1,3_minus_2,52.0,0.67877197265625,0.9648772715800101,False,-0.035976290318974494,0.0,15,False
STEAP4,3_minus_2,52.0,0.67877197265625,0.9648772715800101,False,-0.057473716852175616,0.0,15,False
COMMD9,3_minus_2,52.0,0.67877197265625,0.9648772715800101,False,-0.0431979427358825,-0.5859188138555624,15,False
CD40,3_minus_2,52.0,0.67877197265625,0.9648772715800101,False,0.010993052647363402,0.0,15,False
GCHFR,3_minus_2,52.0,0.67877197265625,0.9648772715800101,False,0.0858244855845714,0.7841944329550514,15,False
OXCT1,3_minus_2,52.0,0.67877197265625,0.9648772715800101,False,-0.050192670089987734,0.0,15,False
FASLG,3_minus_2,52.0,0.67877197265625,0.9648772715800101,False,-0.006749024006653392,-0.06678832390203691,15,False
SLK,3_minus_2,52.0,0.67877197265625,0.9648772715800101,False,-0.2759146376588095,0.0,15,False
SLC9A3R1,3_minus_2,52.0,0.67877197265625,0.9648772715800101,False,-0.04744460817153551,-0.6979548120076658,15,False
CD59,3_minus_2,52.0,0.67877197265625,0.9648772715800101,False,0.05751661523796647,29.014974436469092,15,False
CNTNAP2,3_minus_2,52.0,0.67877197265625,0.9648772715800101,False,0.21477009953756399,36.49447066679749,15,False
NFE2,3_minus_2,52.0,0.67877197265625,0.9648772715800101,False,0.2656433652754602,6.874164563840039,15,False
CFHR4,3_minus_2,52.0,0.67877197265625,0.9648772715800101,False,-0.03429054669266063,0.0,15,False
CD99L2,3_minus_2,52.0,0.67877197265625,0.9648772715800101,False,-0.02968431844515071,0.0,15,False
TMED4,3_minus_2,52.0,0.67877197265625,0.9648772715800101,False,0.2442331558874535,36.28192994277251,15,False
PDLIM7,3_minus_2,52.0,0.67877197265625,0.9648772715800101,False,0.17270259136712385,2.976252000542139,15,False
IRAK4,3_minus_2,52.0,0.67877197265625,0.9648772715800101,False,0.1610536312737112,0.0,15,False
MYH4,3_minus_2,52.0,0.67877197265625,0.9648772715800101,False,0.07183545292127691,0.5536646368219269,15,False
SOX2,3_minus_2,52.0,0.67877197265625,0.9648772715800101,False,-0.2889504192517582,-35.90777351845605,15,False
CENPJ,3_minus_2,52.0,0.67877197265625,0.9648772715800101,False,0.0784389040243576,0.7395323632262595,15,False
GDNF,3_minus_2,52.0,0.67877197265625,0.9648772715800101,False,0.016201130432368205,0.0,15,False
CELA3A,3_minus_2,52.0,0.67877197265625,0.9648772715800101,False,0.03858230736935253,33.422526864482606,15,False
TIA1,3_minus_2,52.0,0.67877197265625,0.9648772715800101,False,0.12018050222183718,0.7159569858358963,15,False
SLC39A14,3_minus_2,52.0,0.67877197265625,0.9648772715800101,False,-0.2638444203028847,-35.859987164499195,15,False
CFB,3_minus_2,52.0,0.67877197265625,0.9648772715800101,False,-0.027793329994501792,0.0,15,False
SERPINA4,3_minus_2,52.0,0.67877197265625,0.9648772715800101,False,0.00547193453330469,0.0,15,False
SPRR1B,3_minus_2,52.0,0.67877197265625,0.9648772715800101,False,-0.1100908935204643,0.0,15,False
CDAN1,3_minus_2,52.0,0.67877197265625,0.9648772715800101,False,-0.0021363186376307935,-0.22201870762567824,15,False
SERPINA11,3_minus_2,52.0,0.67877197265625,0.9648772715800101,False,0.116896144597848,1.0749412350987346,15,False
EHD3,3_minus_2,53.0,0.7197265625,0.9725287907869481,False,0.37369246436790843,38.01667313495136,15,False
ABL1,3_minus_2,53.0,0.7197265625,0.9725287907869481,False,0.2501249371308365,35.77439828580359,15,False
RASSF2,3_minus_2,53.0,0.7197265625,0.9725287907869481,False,-0.08331893920920669,0.0,15,False
PSME2,3_minus_2,53.0,0.7197265625,0.9725287907869481,False,-0.01581694867684541,0.0,15,False
CD55,3_minus_2,34.0,0.6948866023724733,0.9725287907869481,False,0.0,0.0,15,False
STAM,3_minus_2,53.0,0.7197265625,0.9725287907869481,False,0.17579703222995818,0.0,15,False
EPPK1,3_minus_2,53.0,0.7197265625,0.9725287907869481,False,0.02998365189173119,32.679413516488154,15,False
ADD1,3_minus_2,53.0,0.7197265625,0.9725287907869481,False,0.11924979147898818,1.5428645265785805,15,False
YES1,3_minus_2,53.0,0.7197265625,0.9725287907869481,False,0.4549590693624852,37.84831187624807,15,False
PRKAR1A,3_minus_2,53.0,0.7197265625,0.9725287907869481,False,0.19252900326631456,0.5551151970225096,15,False
AMIGO2,3_minus_2,53.0,0.7197265625,0.9725287907869481,False,0.005830986275037253,0.0,15,False
WNT9A,3_minus_2,53.0,0.7197265625,0.9725287907869481,False,-0.0731372108145444,-34.764311711920605,15,False
YARS1,3_minus_2,53.0,0.7197265625,0.9725287907869481,False,0.06249995093601468,0.0,15,False
CDSN,3_minus_2,53.0,0.7197265625,0.9725287907869481,False,-0.027844838945043304,-3.630634961984284,15,False
AMIGO1,3_minus_2,53.0,0.7197265625,0.9725287907869481,False,-0.003753043694258995,-0.03196020729154498,15,False
SMOC2,3_minus_2,53.0,0.7197265625,0.9725287907869481,False,-0.005573851478045191,0.0,15,False
SSH3,3_minus_2,34.0,0.6948866023724733,0.9725287907869481,False,0.0,0.0,15,False
ZNRD2,3_minus_2,53.0,0.7197265625,0.9725287907869481,False,0.13844729189766877,0.3128162974618711,15,False
ADGRG1,3_minus_2,53.0,0.7197265625,0.9725287907869481,False,0.0774434238061485,0.0,15,False
SCGB3A2,3_minus_2,53.0,0.7197265625,0.9725287907869481,False,0.11278217995907269,0.0,15,False
RBP1,3_minus_2,53.0,0.7197265625,0.9725287907869481,False,-0.23353982671041018,0.0,15,False
TGFBR2,3_minus_2,53.0,0.7197265625,0.9725287907869481,False,-0.05329279730151304,0.0,15,False
SERPINB8,3_minus_2,53.0,0.7197265625,0.9725287907869481,False,0.0172159848645925,0.0,15,False
SERPINB5,3_minus_2,53.0,0.7197265625,0.9725287907869481,False,0.2403804594968526,0.0,15,False
THRAP3,3_minus_2,53.0,0.7197265625,0.9725287907869481,False,0.1719163263031614,0.0,15,False
CXCL11,3_minus_2,53.0,0.7197265625,0.9725287907869481,False,-0.010849169104402367,-0.9268138872242127,15,False
S100A4,3_minus_2,53.0,0.7197265625,0.9725287907869481,False,-0.14412503719547298,-0.5781690279044207,15,False
TK1,3_minus_2,53.0,0.7197265625,0.9725287907869481,False,-0.1326330239426267,-35.5858721647779,15,False
DAPP1,3_minus_2,53.0,0.7197265625,0.9725287907869481,False,0.3503681458224206,36.9788043640835,15,False
SAFB2,3_minus_2,53.0,0.7197265625,0.9725287907869481,False,0.2254767406030873,36.82835594390576,15,False
TLR1,3_minus_2,53.0,0.7197265625,0.9725287907869481,False,0.015943580948207886,0.0,15,False
TP53BP1,3_minus_2,53.0,0.7197265625,0.9725287907869481,False,-0.028063027270885277,0.0,15,False
SARG,3_minus_2,53.0,0.7197265625,0.9725287907869481,False,0.36642505009432547,37.7011858848706,15,False
BHLHE40,3_minus_2,53.0,0.7197265625,0.9725287907869481,False,0.371243919813366,0.0,15,False
DEFB104A_DEFB104B,3_minus_2,53.0,0.7197265625,0.9725287907869481,False,0.05148030240251089,2.6848285321508234,15,False
SCRIB,3_minus_2,53.0,0.7197265625,0.9725287907869481,False,-0.005612058211641013,0.0,15,False
TMSB10,3_minus_2,53.0,0.7197265625,0.9725287907869481,False,-0.1160677849768671,-1.8390670779685798,15,False
TNFAIP2,3_minus_2,53.0,0.7197265625,0.9725287907869481,False,0.03027109650339249,32.77870824964878,15,False
RRM2B,3_minus_2,53.0,0.7197265625,0.9725287907869481,False,-0.3234841902502383,0.0,15,False
TRPV3,3_minus_2,53.0,0.7197265625,0.9725287907869481,False,-0.38869536093044,0.0,15,False
DLGAP5,3_minus_2,53.0,0.7197265625,0.9725287907869481,False,0.1924518438699909,36.90284428329603,15,False
CTLA4,3_minus_2,53.0,0.7197265625,0.9725287907869481,False,-0.35023763653666,0.0,15,False
VAMP8,3_minus_2,53.0,0.7197265625,0.9725287907869481,False,0.05542636520413213,0.3935418234823109,15,False
UROD,3_minus_2,53.0,0.7197265625,0.9725287907869481,False,0.06833026445530799,2.5667371133866426,15,False
UPK3BL1,3_minus_2,53.0,0.7197265625,0.9725287907869481,False,0.16817348405951638,0.0,15,False
COL6A3,3_minus_2,53.0,0.7197265625,0.9725287907869481,False,-0.10857512170809136,-35.95025687951789,15,False
SLAMF1,3_minus_2,53.0,0.7197265625,0.9725287907869481,False,-0.13488742255008768,-1.9493408301812358,15,False
SUMF1,3_minus_2,53.0,0.7197265625,0.9725287907869481,False,-0.014041880075875923,0.0,15,False
CD226,3_minus_2,53.0,0.7197265625,0.9725287907869481,False,-0.029396166359277887,0.0,15,False
UBXN1,3_minus_2,34.0,0.6948866023724733,0.9725287907869481,False,0.0,0.0,15,False
AP2B1,3_minus_2,53.0,0.7197265625,0.9725287907869481,False,0.1459185190475526,0.0,15,False
TANK,3_minus_2,53.0,0.7197265625,0.9725287907869481,False,-0.3092147411261261,0.0,15,False
SH3BGRL2,3_minus_2,53.0,0.7197265625,0.9725287907869481,False,-0.1856579607425602,0.0,15,False
CRKL,3_minus_2,53.0,0.7197265625,0.9725287907869481,False,0.11562997649672449,0.0,15,False
CRYGD,3_minus_2,53.0,0.7197265625,0.9725287907869481,False,0.09944378753043193,0.0,15,False
SFTPA2,3_minus_2,53.0,0.7197265625,0.9725287907869481,False,0.10539987789726296,0.0,15,False
CST5,3_minus_2,53.0,0.7197265625,0.9725287907869481,False,0.12392899146435771,1.7083316629991776,15,False
CASQ2,3_minus_2,53.0,0.7197265625,0.9725287907869481,False,0.042112065325346615,0.5203779106366836,15,False
DNAJA4,3_minus_2,53.0,0.7197265625,0.9725287907869481,False,0.02844282391685682,0.0,15,False
SERPIND1,3_minus_2,53.0,0.7197265625,0.9725287907869481,False,0.010516142562929987,0.0,15,False
CRADD,3_minus_2,53.0,0.7197265625,0.9725287907869481,False,0.04865300390019489,0.0,15,False
PRAME,3_minus_2,34.0,0.6948866023724733,0.9725287907869481,False,0.0,0.0,15,False
A1BG,3_minus_2,53.0,0.7197265625,0.9725287907869481,False,0.012547749198328004,0.0,15,False
MIA,3_minus_2,53.0,0.7197265625,0.9725287907869481,False,0.007756157860388205,0.0,15,False
PCDH12,3_minus_2,53.0,0.7197265625,0.9725287907869481,False,-0.0446340507396989,-33.770929409199155,15,False
NGFR,3_minus_2,53.0,0.7197265625,0.9725287907869481,False,0.0020056281914377916,0.0,15,False
HIP1,3_minus_2,53.0,0.7197265625,0.9725287907869481,False,-0.1403524175853358,0.0,15,False
NDUFS6,3_minus_2,53.0,0.7197265625,0.9725287907869481,False,-0.34152886618457245,0.0,15,False
FDX1,3_minus_2,53.0,0.7197265625,0.9725287907869481,False,0.045244652285765685,3.2684934255707208,15,False
ITIH5,3_minus_2,53.0,0.7197265625,0.9725287907869481,False,0.2313380364262135,0.0,15,False
IFIT3,3_minus_2,53.0,0.7197265625,0.9725287907869481,False,-0.12759029656441945,0.0,15,False
FN1,3_minus_2,53.0,0.7197265625,0.9725287907869481,False,-0.020713084965216066,0.0,15,False
LGALS3,3_minus_2,53.0,0.7197265625,0.9725287907869481,False,-0.12453152522798913,0.0,15,False
LILRB2,3_minus_2,53.0,0.7197265625,0.9725287907869481,False,-0.028672939031744116,-33.50590180870618,15,False
FKBP5,3_minus_2,53.0,0.7197265625,0.9725287907869481,False,0.3119205665538316,0.0,15,False
ITPR1,3_minus_2,53.0,0.7197265625,0.9725287907869481,False,0.06967254282316954,0.0,15,False
KRT5,3_minus_2,53.0,0.7197265625,0.9725287907869481,False,0.14289802315885214,0.0,15,False
MBL2,3_minus_2,53.0,0.7197265625,0.9725287907869481,False,-0.002945894021860601,0.0,15,False
MPHOSPH8,3_minus_2,53.0,0.7197265625,0.9725287907869481,False,0.3767166326056326,38.074568651933404,15,False
NFYA,3_minus_2,53.0,0.7197265625,0.9725287907869481,False,0.05425643940148983,0.0,15,False
MMP9,3_minus_2,53.0,0.7197265625,0.9725287907869481,False,-0.24417432355321866,0.0,15,False
HNRNPUL1,3_minus_2,53.0,0.7197265625,0.9725287907869481,False,0.06515771120800307,35.17617009678169,15,False
PADI4,3_minus_2,53.0,0.7197265625,0.9725287907869481,False,0.0148856769866511,0.0,15,False
KIF22,3_minus_2,53.0,0.7197265625,0.9725287907869481,False,-0.3330713043980933,0.0,15,False
FGF6,3_minus_2,53.0,0.7197265625,0.9725287907869481,False,0.1370708091732531,0.0,15,False
ITGB2,3_minus_2,53.0,0.7197265625,0.9725287907869481,False,0.002060269264688906,0.0,15,False
PON1,3_minus_2,53.0,0.7197265625,0.9725287907869481,False,0.03907147507451279,0.7893130759021997,15,False
PALM2,3_minus_2,53.0,0.7197265625,0.9725287907869481,False,-0.032415632545501394,0.0,15,False
PEBP1,3_minus_2,53.0,0.7197265625,0.9725287907869481,False,-0.06023548525531963,-0.6350021599587046,15,False
LONP1,3_minus_2,53.0,0.7197265625,0.9725287907869481,False,-0.10121170117063383,-0.6835116122411189,15,False
METAP1D,3_minus_2,53.0,0.7197265625,0.9725287907869481,False,0.11818550686729201,0.9432649991973121,15,False
PNLIPRP1,3_minus_2,53.0,0.7197265625,0.9725287907869481,False,-0.030882428579086005,0.0,15,False
KYNU,3_minus_2,53.0,0.7197265625,0.9725287907869481,False,0.037341699776576115,0.0,15,False
H2AP,3_minus_2,34.0,0.6948866023724733,0.9725287907869481,False,0.0,0.0,15,False
NPPC,3_minus_2,53.0,0.7197265625,0.9725287907869481,False,0.0623118244136255,0.0,15,False
NT5C3A,3_minus_2,53.0,0.7197265625,0.9725287907869481,False,0.2944040031309319,1.381667032238962,15,False
KRT6C,3_minus_2,53.0,0.7197265625,0.9725287907869481,False,-0.023669913546178097,0.0,15,False
GCC1,3_minus_2,53.0,0.7197265625,0.9725287907869481,False,0.212049296643674,2.5052790447830873,15,False
ING1,3_minus_2,53.0,0.7197265625,0.9725287907869481,False,-0.0483577151641104,0.0,15,False
GSTM4,3_minus_2,53.0,0.7197265625,0.9725287907869481,False,0.008533725070099307,0.0,15,False
OGA,3_minus_2,53.0,0.7197265625,0.9725287907869481,False,0.2929624396680842,36.47511390614606,15,False
IL5RA,3_minus_2,53.0,0.7197265625,0.9725287907869481,False,0.0042489197442598,29.081538046523743,15,False
GLOD4,3_minus_2,53.0,0.7197265625,0.9725287907869481,False,0.032089978385226786,1.2467746968002693,15,False
SYTL4,3_minus_2,54.0,0.76153564453125,0.9783231637773723,False,0.007893128892979995,0.04742175621014454,15,False
CRYZL1,3_minus_2,54.0,0.76153564453125,0.9783231637773723,False,0.2599076106139664,37.443153484951466,15,False
SEZ6L,3_minus_2,54.0,0.76153564453125,0.9783231637773723,False,-0.027018090101718698,0.0,15,False
ARHGAP45,3_minus_2,54.0,0.76153564453125,0.9783231637773723,False,0.18085000193817335,2.175920687751449,15,False
EDAR,3_minus_2,54.0,0.76153564453125,0.9783231637773723,False,0.055602340836419795,0.7878158119543307,15,False
ARHGAP30,3_minus_2,54.0,0.76153564453125,0.9783231637773723,False,-0.018750302993456397,0.0,15,False
GADD45B,3_minus_2,54.0,0.76153564453125,0.9783231637773723,False,-0.2308405089749499,0.0,15,False
CSPG4,3_minus_2,54.0,0.76153564453125,0.9783231637773723,False,-0.0344084220437286,0.0,15,False
TYMP,3_minus_2,54.0,0.76153564453125,0.9783231637773723,False,0.008843286024112551,0.0,15,False
CD3G,3_minus_2,54.0,0.76153564453125,0.9783231637773723,False,-0.023732619753923823,0.0,15,False
EDNRB,3_minus_2,54.0,0.76153564453125,0.9783231637773723,False,0.09653371993256216,0.0,15,False
NIT1,3_minus_2,54.0,0.76153564453125,0.9783231637773723,False,0.009032567183857476,0.0,15,False
MINDY1,3_minus_2,54.0,0.76153564453125,0.9783231637773723,False,0.0847957130711518,0.0,15,False
CD300LG,3_minus_2,54.0,0.76153564453125,0.9783231637773723,False,-0.056093733320407124,-0.5405551752365084,15,False
RAD51,3_minus_2,54.0,0.76153564453125,0.9783231637773723,False,-0.2770542730780069,0.0,15,False
TXNRD1,3_minus_2,54.0,0.76153564453125,0.9783231637773723,False,0.038668950135637536,1.0251393078727968,15,False
PCBD1,3_minus_2,54.0,0.76153564453125,0.9783231637773723,False,0.0238059053218942,33.088963445200655,15,False
GJA8,3_minus_2,35.0,0.7536837177261574,0.9783231637773723,False,0.0,0.0,15,False
EFHD1,3_minus_2,54.0,0.76153564453125,0.9783231637773723,False,0.07872784080551498,0.0,15,False
SEZ6,3_minus_2,54.0,0.76153564453125,0.9783231637773723,False,0.03613730182613951,0.1949406840669617,15,False
RBPMS2,3_minus_2,54.0,0.76153564453125,0.9783231637773723,False,0.3352766873926737,37.780513178576896,15,False
DGKZ,3_minus_2,54.0,0.76153564453125,0.9783231637773723,False,0.09097613702018088,35.41037444074135,15,False
PGA4,3_minus_2,54.0,0.76153564453125,0.9783231637773723,False,-0.1292166628901602,0.0,15,False
PHACTR2,3_minus_2,54.0,0.76153564453125,0.9783231637773723,False,0.13774590284814647,0.0,15,False
RTN4R,3_minus_2,54.0,0.76153564453125,0.9783231637773723,False,-0.020161763198401877,-1.5788696955759818,15,False
TMEM106A,3_minus_2,54.0,0.76153564453125,0.9783231637773723,False,-0.07592641952540857,-0.3802166386266441,15,False
PENK,3_minus_2,54.0,0.76153564453125,0.9783231637773723,False,-0.12645207431851285,0.0,15,False
FXN,3_minus_2,54.0,0.76153564453125,0.9783231637773723,False,0.1357939493511883,35.702359634045486,15,False
DDX4,3_minus_2,54.0,0.76153564453125,0.9783231637773723,False,-0.2526206730974067,-36.45473200155691,15,False
DDT,3_minus_2,54.0,0.76153564453125,0.9783231637773723,False,0.019263031449563595,0.0,15,False
CA3,3_minus_2,54.0,0.76153564453125,0.9783231637773723,False,0.06599003009418247,0.0,15,False
DCUN1D2,3_minus_2,35.0,0.7536837177261574,0.9783231637773723,False,0.0,0.0,15,False
BRSK2,3_minus_2,54.0,0.76153564453125,0.9783231637773723,False,0.06226038901122721,0.6155164825586967,15,False
ROBO4,3_minus_2,54.0,0.76153564453125,0.9783231637773723,False,0.017947522224424802,0.0,15,False
ROBO1,3_minus_2,54.0,0.76153564453125,0.9783231637773723,False,0.0029174334037629993,0.0,15,False
NCR1,3_minus_2,54.0,0.76153564453125,0.9783231637773723,False,0.11137200245240436,0.7593730504639505,15,False
CALCOCO1,3_minus_2,54.0,0.76153564453125,0.9783231637773723,False,0.4048942525845398,38.18508657034292,15,False
DBNL,3_minus_2,54.0,0.76153564453125,0.9783231637773723,False,0.36588908193335046,36.18305779876771,15,False
DYNLT3,3_minus_2,54.0,0.76153564453125,0.9783231637773723,False,0.17881146081293947,1.044494711822638,15,False
KDM3A,3_minus_2,54.0,0.76153564453125,0.9783231637773723,False,0.10100051233024299,0.0,15,False
CTSV,3_minus_2,54.0,0.76153564453125,0.9783231637773723,False,-0.05503820735903969,0.0,15,False
ATP1B1,3_minus_2,54.0,0.76153564453125,0.9783231637773723,False,0.13668380699178942,0.0,15,False
REST,3_minus_2,35.0,0.7536837177261574,0.9783231637773723,False,0.0,0.0,15,False
SELPLG,3_minus_2,54.0,0.76153564453125,0.9783231637773723,False,0.014344669327676696,0.0,15,False
TAB2,3_minus_2,54.0,0.76153564453125,0.9783231637773723,False,-0.34706850077935864,-37.48990824581868,15,False
TP73,3_minus_2,54.0,0.76153564453125,0.9783231637773723,False,0.11831348442620637,0.5911467769068522,15,False
IL17F,3_minus_2,54.0,0.76153564453125,0.9783231637773723,False,-0.18684181687893275,-34.61030407176978,15,False
CYB5R2,3_minus_2,54.0,0.76153564453125,0.9783231637773723,False,0.10049653354200361,35.810008401089135,15,False
TET2,3_minus_2,54.0,0.76153564453125,0.9783231637773723,False,0.08965782875137895,0.45787214664985165,15,False
PDIA2,3_minus_2,35.0,0.7536837177261574,0.9783231637773723,False,0.0,0.0,15,False
CASP3,3_minus_2,54.0,0.76153564453125,0.9783231637773723,False,0.11898651959189155,3.661258807848107,15,False
SCPEP1,3_minus_2,54.0,0.76153564453125,0.9783231637773723,False,0.03688498058150613,34.32922013178262,15,False
RICTOR,3_minus_2,54.0,0.76153564453125,0.9783231637773723,False,0.03885223802701532,0.0,15,False
IKBKG,3_minus_2,54.0,0.76153564453125,0.9783231637773723,False,0.39468099658036604,4.050650952255472,15,False
S100A16,3_minus_2,54.0,0.76153564453125,0.9783231637773723,False,-0.06338145479103457,-1.1662802724794044,15,False
SFRP1,3_minus_2,54.0,0.76153564453125,0.9783231637773723,False,-0.08088140380944331,-33.985078827200226,15,False
MAVS,3_minus_2,54.0,0.76153564453125,0.9783231637773723,False,0.24866144698828746,1.485163319003945,15,False
CMIP,3_minus_2,54.0,0.76153564453125,0.9783231637773723,False,-0.20106133453869446,-33.07825110882349,15,False
PACS2,3_minus_2,54.0,0.76153564453125,0.9783231637773723,False,-0.343211426198067,-36.91868833173038,15,False
CEP350,3_minus_2,35.0,0.7536837177261574,0.9783231637773723,False,0.0,0.0,15,False
PSME1,3_minus_2,54.0,0.76153564453125,0.9783231637773723,False,0.10150195300263704,0.0,15,False
PPIE,3_minus_2,54.0,0.76153564453125,0.9783231637773723,False,-0.057911707392776304,0.0,15,False
PRKAR2A,3_minus_2,54.0,0.76153564453125,0.9783231637773723,False,0.2224928362321596,36.857910911630874,15,False
AKT2,3_minus_2,54.0,0.76153564453125,0.9783231637773723,False,0.3155632122808294,37.38184200271435,15,False
ADAMTS8,3_minus_2,54.0,0.76153564453125,0.9783231637773723,False,0.07900043053520321,1.1516935411734193,15,False
GRK5,3_minus_2,54.0,0.76153564453125,0.9783231637773723,False,0.024524293836864997,0.8129131563861443,15,False
FBP1,3_minus_2,54.0,0.76153564453125,0.9783231637773723,False,-0.09499588628474864,-0.7995333493508157,15,False
PPP1R12B,3_minus_2,54.0,0.76153564453125,0.9783231637773723,False,0.047409246488552936,0.0,15,False
RAB37,3_minus_2,54.0,0.76153564453125,0.9783231637773723,False,-0.022952958961145242,-0.22033490873468528,15,False
ERBIN,3_minus_2,54.0,0.76153564453125,0.9783231637773723,False,0.2612676687688543,1.8698173518620274,15,False
MAMDC2,3_minus_2,54.0,0.76153564453125,0.9783231637773723,False,-0.019803785973872598,0.0,15,False
AK2,3_minus_2,54.0,0.76153564453125,0.9783231637773723,False,0.32126887619092104,37.72329682639884,15,False
PPP1R12A,3_minus_2,54.0,0.76153564453125,0.9783231637773723,False,-0.04779479865451136,0.0,15,False
PPM1F,3_minus_2,54.0,0.76153564453125,0.9783231637773723,False,0.14878987880230476,35.63752520797301,15,False
PRUNE2,3_minus_2,54.0,0.76153564453125,0.9783231637773723,False,0.029402447004004906,0.0,15,False
PRR4,3_minus_2,54.0,0.76153564453125,0.9783231637773723,False,-0.09546326254241169,-0.7686624325361666,15,False
GPRC5C,3_minus_2,54.0,0.76153564453125,0.9783231637773723,False,0.114969312764667,0.8945679284216309,15,False
SLC13A1,3_minus_2,54.0,0.76153564453125,0.9783231637773723,False,-0.1591147996989224,0.0,15,False
CEP112,3_minus_2,54.0,0.76153564453125,0.9783231637773723,False,-0.024569593925495098,0.0,15,False
PRSS27,3_minus_2,54.0,0.76153564453125,0.9783231637773723,False,-0.0019298612030612117,-0.03470553872015795,15,False
WARS1,3_minus_2,35.0,0.7536837177261574,0.9783231637773723,False,0.0,0.0,15,False
VPS37A,3_minus_2,54.0,0.76153564453125,0.9783231637773723,False,0.1206680586310137,0.0,15,False
HMGCS1,3_minus_2,54.0,0.76153564453125,0.9783231637773723,False,-0.0940987647078454,0.0,15,False
PSPN,3_minus_2,54.0,0.76153564453125,0.9783231637773723,False,0.10681197284572508,0.3950962618576343,15,False
AMOT,3_minus_2,54.0,0.76153564453125,0.9783231637773723,False,0.10144858657367573,35.16838450555488,15,False
QSOX1,3_minus_2,35.0,0.7536837177261574,0.9783231637773723,False,0.0,0.0,15,False
GSTA3,3_minus_2,54.0,0.76153564453125,0.9783231637773723,False,-0.06775652342590788,0.0,15,False
PARD3,3_minus_2,54.0,0.76153564453125,0.9783231637773723,False,-0.19875949681762473,-34.45996425228682,15,False
ACTN4,3_minus_2,54.0,0.76153564453125,0.9783231637773723,False,-0.06823996541748018,0.0,15,False
EIF4E,3_minus_2,54.0,0.76153564453125,0.9783231637773723,False,0.15744564284770624,0.0,15,False
STAMBP,3_minus_2,54.0,0.76153564453125,0.9783231637773723,False,0.1357530231123823,1.6587861690685244,15,False
SHH,3_minus_2,54.0,0.76153564453125,0.9783231637773723,False,-0.1408313474748203,0.0,15,False
NUMB,3_minus_2,54.0,0.76153564453125,0.9783231637773723,False,-0.19537364674002672,0.0,15,False
ELAC1,3_minus_2,54.0,0.76153564453125,0.9783231637773723,False,0.24304883821745316,0.0,15,False
CPB1,3_minus_2,54.0,0.76153564453125,0.9783231637773723,False,-0.007895117838795929,0.0,15,False
FARSA,3_minus_2,54.0,0.76153564453125,0.9783231637773723,False,-0.09498135446081668,0.0,15,False
AP1G2,3_minus_2,54.0,0.76153564453125,0.9783231637773723,False,0.45403844621030887,38.24867390137925,15,False
ST8SIA1,3_minus_2,54.0,0.76153564453125,0.9783231637773723,False,-0.1246573300912398,0.0,15,False
HPCAL1,3_minus_2,54.0,0.76153564453125,0.9783231637773723,False,0.2913015512465784,36.982992667978195,15,False
CPA4,3_minus_2,54.0,0.76153564453125,0.9783231637773723,False,-0.022511100590606792,-0.21353401226158114,15,False
AGRN,3_minus_2,54.0,0.76153564453125,0.9783231637773723,False,-0.0674777477049937,0.0,15,False
SSC4D,3_minus_2,54.0,0.76153564453125,0.9783231637773723,False,-0.02180165395082656,0.0,15,False
CORO1A,3_minus_2,54.0,0.76153564453125,0.9783231637773723,False,0.1382697114987863,36.28838213228914,15,False
PTPN6,3_minus_2,54.0,0.76153564453125,0.9783231637773723,False,0.18677994909141127,35.500283057578855,15,False
NRGN,3_minus_2,35.0,0.7536837177261574,0.9783231637773723,False,0.0,0.0,15,False
ZBP1,3_minus_2,54.0,0.76153564453125,0.9783231637773723,False,0.0431756634061945,0.0,15,False
ENTPD2,3_minus_2,54.0,0.76153564453125,0.9783231637773723,False,0.10785715054010589,0.0,15,False
LRRFIP1,3_minus_2,54.0,0.76153564453125,0.9783231637773723,False,-0.015697034415686595,-0.16615132803012275,15,False
GTPBP2,3_minus_2,55.0,0.803955078125,0.9856062255115368,False,-0.21017709349710662,-3.1953360580079937,15,False
GCNT1,3_minus_2,55.0,0.803955078125,0.9856062255115368,False,0.0375406350403914,0.0,15,False
CALCOCO2,3_minus_2,55.0,0.803955078125,0.9856062255115368,False,0.3118394159550592,37.14539738087555,15,False
NUCB2,3_minus_2,55.0,0.803955078125,0.9856062255115368,False,0.0333352959628459,0.0,15,False
NXPH1,3_minus_2,55.0,0.803955078125,0.9856062255115368,False,-0.020917958083317534,0.0,15,False
CACNA1H,3_minus_2,55.0,0.803955078125,0.9856062255115368,False,0.15554345504686162,0.0,15,False
NAA80,3_minus_2,55.0,0.803955078125,0.9856062255115368,False,0.4984183064454375,36.24311067227072,15,False
C5,3_minus_2,55.0,0.803955078125,0.9856062255115368,False,0.0005435523845648826,0.0,15,False
SOX9,3_minus_2,55.0,0.803955078125,0.9856062255115368,False,-0.14889331665764918,0.0,15,False
SCARF1,3_minus_2,55.0,0.803955078125,0.9856062255115368,False,-0.06400048240307189,0.0,15,False
OSBPL2,3_minus_2,55.0,0.803955078125,0.9856062255115368,False,0.011250618489824893,0.0,15,False
IL7R,3_minus_2,55.0,0.803955078125,0.9856062255115368,False,-0.0172468582232512,0.0,15,False
IMMT,3_minus_2,55.0,0.803955078125,0.9856062255115368,False,-0.2577845184234186,-32.189331829524285,15,False
GCG,3_minus_2,55.0,0.803955078125,0.9856062255115368,False,0.270918261245793,0.0,15,False
HCLS1,3_minus_2,55.0,0.803955078125,0.9856062255115368,False,0.12471513780350771,32.59839419092337,15,False
GPKOW,3_minus_2,55.0,0.803955078125,0.9856062255115368,False,-0.020479492728519094,0.0,15,False
CNPY4,3_minus_2,55.0,0.803955078125,0.9856062255115368,False,-0.0249656384917566,-1.8483563683638824,15,False
SFRP4,3_minus_2,55.0,0.803955078125,0.9856062255115368,False,-0.04071776698988838,-0.3028713899759722,15,False
NMI,3_minus_2,55.0,0.803955078125,0.9856062255115368,False,-0.09096620699927441,0.0,15,False
NPC2,3_minus_2,55.0,0.803955078125,0.9856062255115368,False,-0.0432975524266197,-33.62652086519249,15,False
GMPR,3_minus_2,55.0,0.803955078125,0.9856062255115368,False,0.030080260796954583,0.0,15,False
CD84,3_minus_2,55.0,0.803955078125,0.9856062255115368,False,-0.03737989930746091,-0.872418978725609,15,False
SHPK,3_minus_2,55.0,0.803955078125,0.9856062255115368,False,0.08078146656971263,2.0660195252178535,15,False
SWAP70,3_minus_2,55.0,0.803955078125,0.9856062255115368,False,-0.02759200060290809,0.0,15,False
CORO6,3_minus_2,55.0,0.803955078125,0.9856062255115368,False,-0.1371632693791901,0.0,15,False
COPE,3_minus_2,55.0,0.803955078125,0.9856062255115368,False,-0.08530240714981879,-34.187961764270895,15,False
IGF2BP3,3_minus_2,55.0,0.803955078125,0.9856062255115368,False,0.03350402125122991,0.0,15,False
CTSB,3_minus_2,55.0,0.803955078125,0.9856062255115368,False,0.016350377800362415,0.0,15,False
CD207,3_minus_2,55.0,0.803955078125,0.9856062255115368,False,-0.0438992043379543,-34.25592058672503,15,False
CTSL,3_minus_2,55.0,0.803955078125,0.9856062255115368,False,-0.03222125044926749,0.0,15,False
CD164,3_minus_2,55.0,0.803955078125,0.9856062255115368,False,-0.008472548565179427,0.0,15,False
GFER,3_minus_2,55.0,0.803955078125,0.9856062255115368,False,0.1488843770859802,2.100478218568829,15,False
GPA33,3_minus_2,55.0,0.803955078125,0.9856062255115368,False,0.07608866487552746,0.0,15,False
CUZD1,3_minus_2,55.0,0.803955078125,0.9856062255115368,False,0.0606729053849101,0.6105850213067346,15,False
CD101,3_minus_2,55.0,0.803955078125,0.9856062255115368,False,0.0309173119474382,0.0,15,False
COLEC12,3_minus_2,55.0,0.803955078125,0.9856062255115368,False,-0.03448557894493981,0.0,15,False
IL10RA,3_minus_2,55.0,0.803955078125,0.9856062255115368,False,0.0043053862048951785,0.0,15,False
GHRHR,3_minus_2,55.0,0.803955078125,0.9856062255115368,False,0.05381736039751528,0.9105382676144331,15,False
IL15,3_minus_2,55.0,0.803955078125,0.9856062255115368,False,-0.011791629078014398,0.0,15,False
SEMA4C,3_minus_2,55.0,0.803955078125,0.9856062255115368,False,0.0237786648080811,32.826605360667266,15,False
TBCB,3_minus_2,55.0,0.803955078125,0.9856062255115368,False,0.19698373053917695,0.0,15,False
COL9A2,3_minus_2,55.0,0.803955078125,0.9856062255115368,False,-0.1049188534170411,0.0,15,False
SELP,3_minus_2,55.0,0.803955078125,0.9856062255115368,False,0.04442089428397081,0.0,15,False
OTOA,3_minus_2,55.0,0.803955078125,0.9856062255115368,False,-0.19108680320087207,0.0,15,False
CCL27,3_minus_2,55.0,0.803955078125,0.9856062255115368,False,0.1267773211830254,36.32061506514804,15,False
CYP24A1,3_minus_2,55.0,0.803955078125,0.9856062255115368,False,0.2860230144844883,0.0,15,False
SDCCAG8,3_minus_2,55.0,0.803955078125,0.9856062255115368,False,-0.03245919572527223,0.0,15,False
CDC42BPB,3_minus_2,55.0,0.803955078125,0.9856062255115368,False,0.10887981800661639,0.5272386335277908,15,False
CFH,3_minus_2,55.0,0.803955078125,0.9856062255115368,False,0.0028221112180673007,0.0,15,False
CHMP1A,3_minus_2,55.0,0.803955078125,0.9856062255115368,False,0.016090160250647134,0.0,15,False
FGF2,3_minus_2,55.0,0.803955078125,0.9856062255115368,False,0.1171933576021968,0.9429178145425591,15,False
ARHGEF10,3_minus_2,55.0,0.803955078125,0.9856062255115368,False,0.044920831496641,0.3742693366514598,15,False
ARHGEF12,3_minus_2,55.0,0.803955078125,0.9856062255115368,False,0.028646115732993895,0.0,15,False
KCTD5,3_minus_2,55.0,0.803955078125,0.9856062255115368,False,0.1446785126976508,0.0,15,False
FCN2,3_minus_2,55.0,0.803955078125,0.9856062255115368,False,0.020613759923750904,0.27872224805746676,15,False
MAX,3_minus_2,55.0,0.803955078125,0.9856062255115368,False,0.5128137296290773,38.06594615425148,15,False
EPHA4,3_minus_2,55.0,0.803955078125,0.9856062255115368,False,0.0769786833268931,35.613740103405604,15,False
EPN1,3_minus_2,55.0,0.803955078125,0.9856062255115368,False,-0.02089741978933099,0.0,15,False
MSMB,3_minus_2,55.0,0.803955078125,0.9856062255115368,False,-0.0636145175019103,-33.86011829349275,15,False
REXO2,3_minus_2,55.0,0.803955078125,0.9856062255115368,False,-0.10548005003350591,0.0,15,False
MASP1,3_minus_2,55.0,0.803955078125,0.9856062255115368,False,0.0439706494648653,6.551472047781453,15,False
DNPH1,3_minus_2,55.0,0.803955078125,0.9856062255115368,False,-0.19833589720259504,-4.887555598290753,15,False
EIF4B,3_minus_2,55.0,0.803955078125,0.9856062255115368,False,-0.07719266197875507,-1.0007396577447165,15,False
ITIH4,3_minus_2,55.0,0.803955078125,0.9856062255115368,False,0.03041823934241039,0.0,15,False
ERC2,3_minus_2,55.0,0.803955078125,0.9856062255115368,False,0.03873258127247531,0.18525824193223472,15,False
PRTFDC1,3_minus_2,55.0,0.803955078125,0.9856062255115368,False,0.7822318706111462,3.4172870122719825,15,False
ENOPH1,3_minus_2,55.0,0.803955078125,0.9856062255115368,False,-0.016684523236302096,0.0,15,False
PRSS53,3_minus_2,55.0,0.803955078125,0.9856062255115368,False,0.035791296511997084,0.0,15,False
MMP1,3_minus_2,55.0,0.803955078125,0.9856062255115368,False,-0.052900993266858015,-31.866256959228483,15,False
RARRES1,3_minus_2,55.0,0.803955078125,0.9856062255115368,False,-0.019185990190690727,0.0,15,False
PYDC1,3_minus_2,55.0,0.803955078125,0.9856062255115368,False,-0.07611342170904067,0.0,15,False
APOBR,3_minus_2,55.0,0.803955078125,0.9856062255115368,False,0.0411022935683424,0.0,15,False
METAP2,3_minus_2,55.0,0.803955078125,0.9856062255115368,False,0.1740470781850133,0.0,15,False
EIF2AK3,3_minus_2,55.0,0.803955078125,0.9856062255115368,False,0.19285268340434292,0.9083194063610441,15,False
UGDH,3_minus_2,55.0,0.803955078125,0.9856062255115368,False,-0.019034323289996102,0.0,15,False
UBE2Z,3_minus_2,55.0,0.803955078125,0.9856062255115368,False,-0.060855596465018605,0.0,15,False
KLRD1,3_minus_2,55.0,0.803955078125,0.9856062255115368,False,-0.007378636576785308,-1.1540815947849536,15,False
PTTG1,3_minus_2,55.0,0.803955078125,0.9856062255115368,False,0.25539317220141466,36.90211348940496,15,False
ARFIP1,3_minus_2,55.0,0.803955078125,0.9856062255115368,False,-0.05113908783811616,0.0,15,False
USP8,3_minus_2,55.0,0.803955078125,0.9856062255115368,False,-0.11783909028332018,0.0,15,False
RABEPK,3_minus_2,55.0,0.803955078125,0.9856062255115368,False,-0.0441049900561748,0.0,15,False
TJAP1,3_minus_2,55.0,0.803955078125,0.9856062255115368,False,0.143707333278059,35.81376469786995,15,False
RALB,3_minus_2,55.0,0.803955078125,0.9856062255115368,False,0.2657193069737,0.0,15,False
MECR,3_minus_2,55.0,0.803955078125,0.9856062255115368,False,-0.20759429056356704,0.0,15,False
RANGAP1,3_minus_2,55.0,0.803955078125,0.9856062255115368,False,0.027488178281245612,33.34773376997414,15,False
RASA1,3_minus_2,55.0,0.803955078125,0.9856062255115368,False,-0.03843205279567469,0.0,15,False
BLOC1S2,3_minus_2,55.0,0.803955078125,0.9856062255115368,False,0.11108591129022471,32.62179177861621,15,False
PLA2G1B,3_minus_2,55.0,0.803955078125,0.9856062255115368,False,0.08958595149431539,0.8261337621971289,15,False
TNFRSF6B,3_minus_2,55.0,0.803955078125,0.9856062255115368,False,0.0033262029022044226,0.36562644486684454,15,False
DIPK2B,3_minus_2,55.0,0.803955078125,0.9856062255115368,False,0.0590916352432578,0.5347846255540404,15,False
INPP5D,3_minus_2,55.0,0.803955078125,0.9856062255115368,False,-0.0299134071118211,-33.25562921139553,15,False
DKKL1,3_minus_2,55.0,0.803955078125,0.9856062255115368,False,0.01753355398452977,0.0,15,False
ACP1,3_minus_2,55.0,0.803955078125,0.9856062255115368,False,0.04032116558437429,0.0,15,False
PRDX2,3_minus_2,55.0,0.803955078125,0.9856062255115368,False,-0.06396491930815301,0.0,15,False
GSTT2B,3_minus_2,55.0,0.803955078125,0.9856062255115368,False,0.2496454676480174,0.37993420471973843,15,False
FAM172A,3_minus_2,55.0,0.803955078125,0.9856062255115368,False,-0.046463701164025595,-0.6192211040170785,15,False
FTCD,3_minus_2,55.0,0.803955078125,0.9856062255115368,False,0.3298403823567026,2.8824485894733805,15,False
YTHDF3,3_minus_2,55.0,0.803955078125,0.9856062255115368,False,-0.0723089778487126,0.0,15,False
PIK3AP1,3_minus_2,55.0,0.803955078125,0.9856062255115368,False,0.06890333205040178,0.0,15,False
PIK3IP1,3_minus_2,55.0,0.803955078125,0.9856062255115368,False,-0.05478365683148978,-34.05236736447337,15,False
FBLN2,3_minus_2,55.0,0.803955078125,0.9856062255115368,False,0.07718116580005299,0.0,15,False
TNFRSF11A,3_minus_2,55.0,0.803955078125,0.9856062255115368,False,-0.006675411382073698,0.0,15,False
LAMP1,3_minus_2,55.0,0.803955078125,0.9856062255115368,False,0.038873641665125414,0.0,15,False
LILRB1,3_minus_2,55.0,0.803955078125,0.9856062255115368,False,0.026552063160969003,1.2019121620994515,15,False
LZTFL1,3_minus_2,55.0,0.803955078125,0.9856062255115368,False,0.19759010814707584,4.212550808009689,15,False
CDON,3_minus_2,57.0,0.890380859375,0.9929950495049505,False,0.020412883009519905,33.60457698184258,15,False
ZBTB16,3_minus_2,56.0,0.846923828125,0.9929950495049505,False,-0.0613930377267774,0.0,15,False
LAT,3_minus_2,56.0,0.846923828125,0.9929950495049505,False,0.005015071065650967,0.038913892899038564,15,False
AP3S2,3_minus_2,57.0,0.890380859375,0.9929950495049505,False,-0.04043105931226698,0.0,15,False
NXPE4,3_minus_2,57.0,0.890380859375,0.9929950495049505,False,-0.028414528916792747,0.0,15,False
CD86,3_minus_2,56.0,0.846923828125,0.9929950495049505,False,-0.008987971509358317,0.0,15,False
MAP2K1,3_minus_2,57.0,0.890380859375,0.9929950495049505,False,0.11654288838068905,1.4425042278713054,15,False
HRAS,3_minus_2,57.0,0.890380859375,0.9929950495049505,False,-0.09800693656302317,0.0,15,False
NT5C,3_minus_2,57.0,0.890380859375,0.9929950495049505,False,-0.28765484373124495,0.0,15,False
SNX2,3_minus_2,57.0,0.890380859375,0.9929950495049505,False,-0.14111639126148012,-35.60325851580387,15,False
AGXT,3_minus_2,57.0,0.890380859375,0.9929950495049505,False,-0.011850181729206044,-0.23021907170765032,15,False
SNX18,3_minus_2,57.0,0.890380859375,0.9929950495049505,False,0.0012946663834923003,0.02667425318829997,15,False
LSM1,3_minus_2,56.0,0.846923828125,0.9929950495049505,False,-0.0684936915055252,-34.8565161994318,15,False
NSFL1C,3_minus_2,56.0,0.846923828125,0.9929950495049505,False,-0.08060769632044451,0.0,15,False
CHGA,3_minus_2,57.0,0.890380859375,0.9929950495049505,False,0.0201249975202532,33.5617265198106,15,False
LSP1,3_minus_2,56.0,0.846923828125,0.9929950495049505,False,0.0038573291588230862,0.0,15,False
CEBPA,3_minus_2,56.0,0.846923828125,0.9929950495049505,False,0.06428461384848777,0.0,15,False
LY96,3_minus_2,57.0,0.890380859375,0.9929950495049505,False,0.0027473474399895004,0.09074238090506383,15,False
HS1BP3,3_minus_2,57.0,0.890380859375,0.9929950495049505,False,0.08967412428753307,0.0,15,False
CELA2A,3_minus_2,57.0,0.890380859375,0.9929950495049505,False,0.0707355216124193,0.0,15,False
APOA1,3_minus_2,56.0,0.846923828125,0.9929950495049505,False,-0.030351990746683044,0.0,15,False
MAP2K6,3_minus_2,57.0,0.890380859375,0.9929950495049505,False,0.41489876423090116,1.1634106585103718,15,False
MAPKAPK2,3_minus_2,56.0,0.846923828125,0.9929950495049505,False,0.18112522512963136,35.817814942185876,15,False
LBP,3_minus_2,57.0,0.890380859375,0.9929950495049505,False,-0.16140375139866792,-34.033449698897165,15,False
VCAM1,3_minus_2,37.0,0.875329249147922,0.9929950495049505,False,0.0,0.0,15,False
AKT1S1,3_minus_2,57.0,0.890380859375,0.9929950495049505,False,-0.029211315121412063,-0.20306376901156806,15,False
HDGFL2,3_minus_2,57.0,0.890380859375,0.9929950495049505,False,0.16298363190741202,4.322977257230914,15,False
CEP290,3_minus_2,56.0,0.846923828125,0.9929950495049505,False,-0.017284517661694115,0.0,15,False
VSIG10L,3_minus_2,57.0,0.890380859375,0.9929950495049505,False,0.05550362622668922,0.0,15,False
NTF3,3_minus_2,57.0,0.890380859375,0.9929950495049505,False,-0.048715989693931205,0.0,15,False
LPA,3_minus_2,56.0,0.846923828125,0.9929950495049505,False,0.04572817761794212,0.0,15,False
SRPK2,3_minus_2,57.0,0.890380859375,0.9929950495049505,False,-0.039920514016937206,-34.6009697067993,15,False
CEP43,3_minus_2,57.0,0.890380859375,0.9929950495049505,False,-0.045708358336299604,0.0,15,False
SPRING1,3_minus_2,37.0,0.875329249147922,0.9929950495049505,False,0.0,0.0,15,False
CDC26,3_minus_2,56.0,0.846923828125,0.9929950495049505,False,0.006145542067021559,0.0,15,False
AMPD3,3_minus_2,56.0,0.846923828125,0.9929950495049505,False,-0.0410089971635713,0.0,15,False
HDAC8,3_minus_2,57.0,0.890380859375,0.9929950495049505,False,-0.04104708088675513,0.0,15,False
MB,3_minus_2,57.0,0.890380859375,0.9929950495049505,False,-0.09529408249302529,0.0,15,False
ANK2,3_minus_2,57.0,0.890380859375,0.9929950495049505,False,-0.25866152981536755,0.0,15,False
LEO1,3_minus_2,56.0,0.846923828125,0.9929950495049505,False,-0.11772784345891549,-29.579052474136972,15,False
CENPF,3_minus_2,57.0,0.890380859375,0.9929950495049505,False,-0.0025156561754128837,0.0,15,False
ADAM9,3_minus_2,56.0,0.846923828125,0.9929950495049505,False,-0.00022376818332836557,0.0,15,False
XIAP,3_minus_2,56.0,0.846923828125,0.9929950495049505,False,-0.17841009926564633,0.0,15,False
ACYP1,3_minus_2,57.0,0.890380859375,0.9929950495049505,False,-0.1761310141292498,0.0,15,False
HARS1,3_minus_2,57.0,0.890380859375,0.9929950495049505,False,-0.11817070584516061,0.0,15,False
ANXA4,3_minus_2,57.0,0.890380859375,0.9929950495049505,False,0.0909369124695241,4.234020411920907,15,False
ADAMTS4,3_minus_2,56.0,0.846923828125,0.9929950495049505,False,0.04869284223642728,0.0,15,False
ST13,3_minus_2,57.0,0.890380859375,0.9929950495049505,False,-0.022103033480659492,-31.382955655673047,15,False
C2orf69,3_minus_2,57.0,0.890380859375,0.9929950495049505,False,-0.007233590058717043,0.0,15,False
HSP90B1,3_minus_2,56.0,0.846923828125,0.9929950495049505,False,0.06404215511440348,0.5997297947555911,15,False
BCL7A,3_minus_2,36.0,0.8139453463016609,0.9929950495049505,False,0.0,0.0,15,False
BECN1,3_minus_2,57.0,0.890380859375,0.9929950495049505,False,-0.08977930756875749,0.0,15,False
BGLAP,3_minus_2,57.0,0.890380859375,0.9929950495049505,False,-0.05016953755137099,0.0,15,False
MTR,3_minus_2,56.0,0.846923828125,0.9929950495049505,False,-0.07893851644899322,-1.0343898502926714,15,False
BMP10,3_minus_2,57.0,0.890380859375,0.9929950495049505,False,0.011932114136217309,0.0,15,False
CASP1,3_minus_2,57.0,0.890380859375,0.9929950495049505,False,0.028674505872040235,0.466211136795136,15,False
MTSS2,3_minus_2,56.0,0.846923828125,0.9929950495049505,False,0.2621463287947865,35.513916993308364,15,False
CAMSAP1,3_minus_2,57.0,0.890380859375,0.9929950495049505,False,0.2426689478213473,0.9429356351499998,15,False
BPIFA2,3_minus_2,57.0,0.890380859375,0.9929950495049505,False,0.11288251975002761,0.8052784810050807,15,False
BPIFB1,3_minus_2,57.0,0.890380859375,0.9929950495049505,False,-0.022779248720045442,0.0,15,False
ITGB5,3_minus_2,56.0,0.846923828125,0.9929950495049505,False,-0.05868540520832169,0.0,15,False
TNFAIP8L2,3_minus_2,57.0,0.890380859375,0.9929950495049505,False,-0.03747204485291128,-33.11769372232302,15,False
IST1,3_minus_2,57.0,0.890380859375,0.9929950495049505,False,0.230218145278612,0.0,15,False
MYH9,3_minus_2,56.0,0.846923828125,0.9929950495049505,False,0.18566617159885945,0.0,15,False
TGFBR3,3_minus_2,57.0,0.890380859375,0.9929950495049505,False,-0.012548401744638598,0.0,15,False
NCAM1,3_minus_2,57.0,0.890380859375,0.9929950495049505,False,-0.008565747857757655,0.0,15,False
NBL1,3_minus_2,56.0,0.846923828125,0.9929950495049505,False,0.0360827477446396,6.715951012271128,15,False
C1RL,3_minus_2,56.0,0.846923828125,0.9929950495049505,False,-0.1057798497066717,0.0,15,False
IMPG1,3_minus_2,56.0,0.846923828125,0.9929950495049505,False,0.0145103333801783,0.0,15,False
TLR2,3_minus_2,57.0,0.890380859375,0.9929950495049505,False,-0.1895819674809558,-36.3360916509954,15,False
C1QBP,3_minus_2,56.0,0.846923828125,0.9929950495049505,False,0.16976322864934548,33.688843844080736,15,False
IMPA1,3_minus_2,56.0,0.846923828125,0.9929950495049505,False,0.1690143637393436,2.6962339988044524,15,False
CA1,3_minus_2,56.0,0.846923828125,0.9929950495049505,False,-0.0380821882566029,-1.0263589261319455,15,False
IL1R2,3_minus_2,57.0,0.890380859375,0.9929950495049505,False,-0.0010242036946717936,0.0,15,False
CA11,3_minus_2,56.0,0.846923828125,0.9929950495049505,False,0.039393188872213825,0.3271864088070722,15,False
TMEM25,3_minus_2,57.0,0.890380859375,0.9929950495049505,False,0.12097013426077946,1.0184867673256714,15,False
IRAG2,3_minus_2,57.0,0.890380859375,0.9929950495049505,False,0.031844913908663175,0.0,15,False
ILKAP,3_minus_2,57.0,0.890380859375,0.9929950495049505,False,0.2739979698268986,0.0,15,False
IRAK1,3_minus_2,56.0,0.846923828125,0.9929950495049505,False,-0.2566678367824779,0.0,15,False
NAP1L4,3_minus_2,57.0,0.890380859375,0.9929950495049505,False,-0.15500847134183826,-0.8834561506856059,15,False
BST1,3_minus_2,57.0,0.890380859375,0.9929950495049505,False,-0.0037573350320061483,0.0,15,False
TLR4,3_minus_2,56.0,0.846923828125,0.9929950495049505,False,0.02202888925042701,0.29743638449764986,15,False
MEP1A,3_minus_2,57.0,0.890380859375,0.9929950495049505,False,-0.014136163995176587,-31.544248139460557,15,False
BCAT1,3_minus_2,57.0,0.890380859375,0.9929950495049505,False,-0.11511185036438049,0.0,15,False
TDO2,3_minus_2,56.0,0.846923828125,0.9929950495049505,False,-0.015196766055315586,0.0,15,False
NOTCH1,3_minus_2,57.0,0.890380859375,0.9929950495049505,False,0.03260585874011619,1.1656268578090065,15,False
STX7,3_minus_2,56.0,0.846923828125,0.9929950495049505,False,-0.05266596566190268,0.0,15,False
KLRC1,3_minus_2,57.0,0.890380859375,0.9929950495049505,False,-0.22452726561201508,0.0,15,False
ICAM5,3_minus_2,56.0,0.846923828125,0.9929950495049505,False,0.06222927554461338,33.74457998528568,15,False
SUGP1,3_minus_2,57.0,0.890380859375,0.9929950495049505,False,0.05789209239534099,0.0,15,False
SUGT1,3_minus_2,57.0,0.890380859375,0.9929950495049505,False,0.028410532274596195,0.12200133896602149,15,False
CD33,3_minus_2,56.0,0.846923828125,0.9929950495049505,False,-0.007225891046437116,-0.04627014886265761,15,False
TXNL1,3_minus_2,57.0,0.890380859375,0.9929950495049505,False,-0.013553017010808688,0.0,15,False
KLRB1,3_minus_2,57.0,0.890380859375,0.9929950495049505,False,-0.0240202752534814,-1.5019826655921737,15,False
SYAP1,3_minus_2,56.0,0.846923828125,0.9929950495049505,False,-0.20053391619606153,0.0,15,False
TWF2,3_minus_2,57.0,0.890380859375,0.9929950495049505,False,0.06693688054133079,0.0,15,False
KIRREL1,3_minus_2,57.0,0.890380859375,0.9929950495049505,False,-0.06032046967267929,0.0,15,False
MMP13,3_minus_2,57.0,0.890380859375,0.9929950495049505,False,0.250536364071033,36.05274449362624,15,False
ART5,3_minus_2,57.0,0.890380859375,0.9929950495049505,False,0.09284220529850762,0.0,15,False
MN1,3_minus_2,56.0,0.846923828125,0.9929950495049505,False,-0.16726523595613096,-36.635539029942144,15,False
TRIM58,3_minus_2,57.0,0.890380859375,0.9929950495049505,False,0.04838311136236806,0.3344577044596104,15,False
IGHMBP2,3_minus_2,57.0,0.890380859375,0.9929950495049505,False,-0.021228033731624407,0.0,15,False
IL18BP,3_minus_2,56.0,0.846923828125,0.9929950495049505,False,0.01792316417392048,0.6895017834097298,15,False
TOP1,3_minus_2,57.0,0.890380859375,0.9929950495049505,False,-0.024499752728024404,-0.5496480596765603,15,False
MTHFD2,3_minus_2,56.0,0.846923828125,0.9929950495049505,False,-0.006849173228648475,0.0,15,False
TOR1AIP1,3_minus_2,57.0,0.890380859375,0.9929950495049505,False,-0.03463773632812395,0.0,15,False
TBCC,3_minus_2,57.0,0.890380859375,0.9929950495049505,False,0.15271199953498382,36.1208437096564,15,False
TPM3,3_minus_2,56.0,0.846923828125,0.9929950495049505,False,-0.06572218554457442,0.0,15,False
IL1A,3_minus_2,57.0,0.890380859375,0.9929950495049505,False,0.03454757517815951,0.0,15,False
ATXN3,3_minus_2,57.0,0.890380859375,0.9929950495049505,False,0.16799950995888202,3.476679588699701,15,False
CCNE1,3_minus_2,57.0,0.890380859375,0.9929950495049505,False,0.05324583465944352,0.0,15,False
ATP1B3,3_minus_2,56.0,0.846923828125,0.9929950495049505,False,-0.014871505835885784,0.0,15,False
JMJD1C,3_minus_2,36.0,0.8139453463016609,0.9929950495049505,False,0.0,0.0,15,False
TRDMT1,3_minus_2,56.0,0.846923828125,0.9929950495049505,False,0.05703457326382111,0.7795724429604494,15,False
JPT2,3_minus_2,56.0,0.846923828125,0.9929950495049505,False,0.010420721521230192,0.0,15,False
IGLON5,3_minus_2,36.0,0.8139453463016609,0.9929950495049505,False,0.0,0.0,15,False
ATP5F1D,3_minus_2,57.0,0.890380859375,0.9929950495049505,False,0.010839086545421428,0.0,15,False
BTN3A2,3_minus_2,56.0,0.846923828125,0.9929950495049505,False,0.0484860566671024,2.8008821492572835,15,False
FAS,3_minus_2,57.0,0.890380859375,0.9929950495049505,False,0.028788445171849905,0.9687529869711452,15,False
FOXO1,3_minus_2,57.0,0.890380859375,0.9929950495049505,False,0.2483507234906512,1.5103052230919938,15,False
GAGE2A,3_minus_2,37.0,0.875329249147922,0.9929950495049505,False,0.2191863215421569,2.233004691388331,15,False
PGM2,3_minus_2,56.0,0.846923828125,0.9929950495049505,False,0.020048646924593072,0.0,15,False
DKK4,3_minus_2,56.0,0.846923828125,0.9929950495049505,False,-0.07271895188146094,0.0,15,False
RTN4IP1,3_minus_2,57.0,0.890380859375,0.9929950495049505,False,-0.05576972147474568,-1.0083174092389806,15,False
FZD10,3_minus_2,56.0,0.846923828125,0.9929950495049505,False,0.21537126567937342,2.686039785576568,15,False
RTBDN,3_minus_2,56.0,0.846923828125,0.9929950495049505,False,0.0124849055867884,0.0,15,False
RSPO1,3_minus_2,57.0,0.890380859375,0.9929950495049505,False,0.0203352025577005,0.0,15,False
DNAJA1,3_minus_2,37.0,0.875329249147922,0.9929950495049505,False,0.0,0.0,15,False
GAL,3_minus_2,56.0,0.846923828125,0.9929950495049505,False,-0.10040668385453178,-32.865339743011745,15,False
RPL14,3_minus_2,57.0,0.890380859375,0.9929950495049505,False,0.04106918128475612,0.0,15,False
RNF168,3_minus_2,56.0,0.846923828125,0.9929950495049505,False,0.315950638016087,37.32896105066046,15,False
DNAJC21,3_minus_2,57.0,0.890380859375,0.9929950495049505,False,0.0471619091184871,33.832207346453394,15,False
DNAJC6,3_minus_2,57.0,0.890380859375,0.9929950495049505,False,0.13140421419806203,36.30784892637109,15,False
PKD2,3_minus_2,56.0,0.846923828125,0.9929950495049505,False,-0.001910254347029794,0.0,15,False
DNM1,3_minus_2,57.0,0.890380859375,0.9929950495049505,False,0.007820538420337364,0.17656488099388903,15,False
RNASE1,3_minus_2,57.0,0.890380859375,0.9929950495049505,False,0.0782526282744427,2.4670916863268797,15,False
PKN3,3_minus_2,57.0,0.890380859375,0.9929950495049505,False,-0.2642997293548168,-3.1463723914742214,15,False
RILP,3_minus_2,57.0,0.890380859375,0.9929950495049505,False,-0.1745461992767166,0.0,15,False
RPE,3_minus_2,57.0,0.890380859375,0.9929950495049505,False,-0.035376832643188305,-0.373302796722923,15,False
LY6D,3_minus_2,57.0,0.890380859375,0.9929950495049505,False,0.002911123396366788,0.0,15,False
PFKFB2,3_minus_2,57.0,0.890380859375,0.9929950495049505,False,0.027410601844293114,0.0,15,False
GAS2,3_minus_2,56.0,0.846923828125,0.9929950495049505,False,-0.07824301127567651,0.0,15,False
SERPINB6,3_minus_2,57.0,0.890380859375,0.9929950495049505,False,0.0554362292140651,0.23530625544317205,15,False
PCSK9,3_minus_2,56.0,0.846923828125,0.9929950495049505,False,-0.06135892044772781,0.0,15,False
SERPINA3,3_minus_2,37.0,0.875329249147922,0.9929950495049505,False,0.0,0.0,15,False
CTSS,3_minus_2,56.0,0.846923828125,0.9929950495049505,False,0.02475649349920042,0.9573079598097545,15,False
PCYT2,3_minus_2,56.0,0.846923828125,0.9929950495049505,False,-0.3912978460609897,-37.33069686196141,15,False
SEPTIN8,3_minus_2,56.0,0.846923828125,0.9929950495049505,False,0.0654786308327863,34.88203370502189,15,False
PDCD5,3_minus_2,57.0,0.890380859375,0.9929950495049505,False,-0.11762527841945802,-35.332418025751544,15,False
PDCD6,3_minus_2,57.0,0.890380859375,0.9929950495049505,False,-0.1257042390712933,0.0,15,False
SAP18,3_minus_2,57.0,0.890380859375,0.9929950495049505,False,0.03305051656720548,0.0,15,False
CXCL3,3_minus_2,57.0,0.890380859375,0.9929950495049505,False,0.02336698461419795,0.09186933817061842,15,False
CYB5A,3_minus_2,37.0,0.875329249147922,0.9929950495049505,False,0.0,0.0,15,False
DAAM1,3_minus_2,57.0,0.890380859375,0.9929950495049505,False,0.07357431312297646,0.5169859571653904,15,False
DAPK2,3_minus_2,57.0,0.890380859375,0.9929950495049505,False,0.04690736351795122,0.0,15,False
PDIA4,3_minus_2,56.0,0.846923828125,0.9929950495049505,False,-0.1546520681897404,-35.16522897724471,15,False
DCC,3_minus_2,56.0,0.846923828125,0.9929950495049505,False,0.021760340730749783,0.4990345123505643,15,False
GBP1,3_minus_2,57.0,0.890380859375,0.9929950495049505,False,0.0816184378363401,33.0923492262005,15,False
DDI2,3_minus_2,56.0,0.846923828125,0.9929950495049505,False,-0.031013928571777705,-0.5005914848203679,15,False
SCAMP3,3_minus_2,57.0,0.890380859375,0.9929950495049505,False,0.15196128838669976,1.0922530882950847,15,False
PDE1C,3_minus_2,36.0,0.8139453463016609,0.9929950495049505,False,0.0,0.0,15,False
FKBP4,3_minus_2,56.0,0.846923828125,0.9929950495049505,False,-0.0176809070740574,-0.12882551297577793,15,False
RFC4,3_minus_2,56.0,0.846923828125,0.9929950495049505,False,0.11686606536298672,0.0,15,False
PLB1,3_minus_2,56.0,0.846923828125,0.9929950495049505,False,0.049555802380745195,0.0,15,False
PTK7,3_minus_2,57.0,0.890380859375,0.9929950495049505,False,-0.11083793269573859,0.0,15,False
FCRL3,3_minus_2,56.0,0.846923828125,0.9929950495049505,False,0.08239707661556683,35.3744732212289,15,False
PPCDC,3_minus_2,57.0,0.890380859375,0.9929950495049505,False,-0.021631690736483994,0.0,15,False
EPS8L2,3_minus_2,56.0,0.846923828125,0.9929950495049505,False,-0.034592514785006,0.0,15,False
PSMC3,3_minus_2,37.0,0.875329249147922,0.9929950495049505,False,0.0,0.0,15,False
ERP29,3_minus_2,56.0,0.846923828125,0.9929950495049505,False,0.22568337616302925,34.80405100538421,15,False
ESYT2,3_minus_2,56.0,0.846923828125,0.9929950495049505,False,-0.14096538200234698,0.0,15,False
EVI2B,3_minus_2,36.0,0.8139453463016609,0.9929950495049505,False,0.0,0.0,15,False
PTPRB,3_minus_2,57.0,0.890380859375,0.9929950495049505,False,-0.0022180229161284006,0.0,15,False
EVI5,3_minus_2,56.0,0.846923828125,0.9929950495049505,False,0.06150053427289215,34.70934605260087,15,False
F13B,3_minus_2,56.0,0.846923828125,0.9929950495049505,False,-0.013654164445469102,0.0,15,False
F2,3_minus_2,56.0,0.846923828125,0.9929950495049505,False,-0.05354684094312301,0.0,15,False
PRKAG3,3_minus_2,57.0,0.890380859375,0.9929950495049505,False,0.1349635715632037,0.0,15,False
PRKAB1,3_minus_2,57.0,0.890380859375,0.9929950495049505,False,0.11497880256923987,2.3573830395347946,15,False
FAM171A2,3_minus_2,56.0,0.846923828125,0.9929950495049505,False,-0.09242697995400095,-0.5793934573089687,15,False
PRDX6,3_minus_2,57.0,0.890380859375,0.9929950495049505,False,0.08692197893394416,1.0436933206591832,15,False
PRDX5,3_minus_2,57.0,0.890380859375,0.9929950495049505,False,0.06488013037808837,0.0,15,False
PRC1,3_minus_2,57.0,0.890380859375,0.9929950495049505,False,0.006360653965873264,0.0,15,False
EXOSC10,3_minus_2,56.0,0.846923828125,0.9929950495049505,False,-0.08558073352001905,0.0,15,False
ENO2,3_minus_2,56.0,0.846923828125,0.9929950495049505,False,0.0577121342722348,0.3538508985936624,15,False
FDX2,3_minus_2,57.0,0.890380859375,0.9929950495049505,False,-0.06575472666731591,0.0,15,False
POLR2A,3_minus_2,56.0,0.846923828125,0.9929950495049505,False,0.20570607429065246,35.974502694783894,15,False
PLPBP,3_minus_2,56.0,0.846923828125,0.9929950495049505,False,-0.03065775735106349,0.0,15,False
RCC1,3_minus_2,56.0,0.846923828125,0.9929950495049505,False,-0.05123918318377629,0.0,15,False
PLXDC2,3_minus_2,56.0,0.846923828125,0.9929950495049505,False,-0.045442309726904495,0.0,15,False
RBKS,3_minus_2,57.0,0.890380859375,0.9929950495049505,False,0.028966314710697327,1.1547113465143704,15,False
EEF1D,3_minus_2,56.0,0.846923828125,0.9929950495049505,False,0.2451145604471041,36.83329423447952,15,False
EGLN1,3_minus_2,57.0,0.890380859375,0.9929950495049505,False,0.017381628978428654,0.23546941879580524,15,False
RABEP1,3_minus_2,56.0,0.846923828125,0.9929950495049505,False,0.031416363642386314,0.0,15,False
PNLIPRP2,3_minus_2,56.0,0.846923828125,0.9929950495049505,False,-0.1515481661138054,0.0,15,False
PNMA1,3_minus_2,56.0,0.846923828125,0.9929950495049505,False,-0.014455338773857296,-0.12185038871349406,15,False
RAB39B,3_minus_2,56.0,0.846923828125,0.9929950495049505,False,-0.05674285059609549,0.0,15,False
FGF16,3_minus_2,56.0,0.846923828125,0.9929950495049505,False,0.00023865663250277613,0.0,15,False
RAB11FIP3,3_minus_2,57.0,0.890380859375,0.9929950495049505,False,0.4322744969708592,1.1475184612113192,15,False
EIF2AK2,3_minus_2,56.0,0.846923828125,0.9929950495049505,False,0.3224963067777744,35.58089568863042,15,False
FGD3,3_minus_2,57.0,0.890380859375,0.9929950495049505,False,-0.07674662731843801,-3.10089408464391,15,False
PYY,3_minus_2,56.0,0.846923828125,0.9929950495049505,False,-0.20468040587276304,-33.593145315839955,15,False
PVALB,3_minus_2,57.0,0.890380859375,0.9929950495049505,False,0.23013542241440188,0.954755036915642,15,False
EIF4G3,3_minus_2,57.0,0.890380859375,0.9929950495049505,False,-0.154439158225686,0.0,15,False
PTRHD1,3_minus_2,57.0,0.890380859375,0.9929950495049505,False,0.09846930671688181,0.4638360563899113,15,False
ELAVL4,3_minus_2,57.0,0.890380859375,0.9929950495049505,False,0.10521446783654415,0.0,15,False
CTRB1,3_minus_2,56.0,0.846923828125,0.9929950495049505,False,-0.0076638116818911195,-0.17657385284603577,15,False
GLI2,3_minus_2,57.0,0.890380859375,0.9929950495049505,False,0.1574047408176655,0.0,15,False
RIDA,3_minus_2,56.0,0.846923828125,0.9929950495049505,False,0.060568304706124704,0.0,15,False
COPB2,3_minus_2,56.0,0.846923828125,0.9929950495049505,False,0.39099687135841743,36.98602292396516,15,False
OSCAR,3_minus_2,57.0,0.890380859375,0.9929950495049505,False,-0.03071944637353219,0.0,15,False
PARK7,3_minus_2,56.0,0.846923828125,0.9929950495049505,False,-0.030155267786363626,0.0,15,False
SKAP2,3_minus_2,56.0,0.846923828125,0.9929950495049505,False,0.47223508428017835,2.445443776903811,15,False
PAG1,3_minus_2,57.0,0.890380859375,0.9929950495049505,False,0.0798279556855798,33.63671362049086,15,False
PAIP2B,3_minus_2,36.0,0.8139453463016609,0.9929950495049505,False,0.0,0.0,15,False
PBXIP1,3_minus_2,56.0,0.846923828125,0.9929950495049505,False,-0.0280027492181585,0.0,15,False
GMPR2,3_minus_2,57.0,0.890380859375,0.9929950495049505,False,0.1564313724916197,0.0,15,False
SLC28A1,3_minus_2,37.0,0.875329249147922,0.9929950495049505,False,0.0,0.0,15,False
CPA1,3_minus_2,57.0,0.890380859375,0.9929950495049505,False,0.06593476893200267,0.0,15,False
CRYBB1,3_minus_2,57.0,0.890380859375,0.9929950495049505,False,-0.1263011480778133,-34.63249516499499,15,False
SMNDC1,3_minus_2,57.0,0.890380859375,0.9929950495049505,False,0.15327544192671705,0.0,15,False
SMC3,3_minus_2,37.0,0.875329249147922,0.9929950495049505,False,0.0,0.0,15,False
CNP,3_minus_2,57.0,0.890380859375,0.9929950495049505,False,-0.07227437346072929,0.0,15,False
CKMT1A_CKMT1B,3_minus_2,57.0,0.890380859375,0.9929950495049505,False,0.0623392119697527,0.0,15,False
CLINT1,3_minus_2,36.0,0.8139453463016609,0.9929950495049505,False,0.0,0.0,15,False
SMAD3,3_minus_2,57.0,0.890380859375,0.9929950495049505,False,0.1172168167338124,0.0,15,False
SIRPB1,3_minus_2,57.0,0.890380859375,0.9929950495049505,False,0.09048538406581308,0.37742451597508614,15,False
GOT1,3_minus_2,56.0,0.846923828125,0.9929950495049505,False,0.2947764619353884,3.665964375112661,15,False
SMAD1,3_minus_2,56.0,0.846923828125,0.9929950495049505,False,-0.013257866475202995,0.0,15,False
FRMD4B,3_minus_2,58.0,0.93408203125,0.9974876753886993,False,0.24169151251008328,1.5898399695960999,15,False
APBB1IP,3_minus_2,58.0,0.93408203125,0.9974876753886993,False,-0.08350368540309111,0.0,15,False
APEX1,3_minus_2,58.0,0.93408203125,0.9974876753886993,False,0.3079693136250128,0.0,15,False
ITGA2,3_minus_2,58.0,0.93408203125,0.9974876753886993,False,0.024598341196845397,0.4338360040418705,15,False
CEP85,3_minus_2,58.0,0.93408203125,0.9974876753886993,False,-0.1921286202195212,-33.637318466839815,15,False
TNFRSF14,3_minus_2,58.0,0.93408203125,0.9974876753886993,False,0.021949809361872186,0.5704696160607368,15,False
BNIP3L,3_minus_2,58.0,0.93408203125,0.9974876753886993,False,-0.00810923846296241,0.0,15,False
LDLRAP1,3_minus_2,58.0,0.93408203125,0.9974876753886993,False,0.12660422835391527,1.4929008281679559,15,False
OGN,3_minus_2,58.0,0.93408203125,0.9974876753886993,False,0.011233742787043505,0.09473988071667588,15,False
VMO1,3_minus_2,58.0,0.93408203125,0.9974876753886993,False,-0.08433255126035577,0.0,15,False
IQGAP2,3_minus_2,58.0,0.93408203125,0.9974876753886993,False,0.357764692396062,37.581898196182415,15,False
GRPEL1,3_minus_2,58.0,0.93408203125,0.9974876753886993,False,0.0647627292846405,0.0,15,False
EPHA10,3_minus_2,58.0,0.93408203125,0.9974876753886993,False,-0.3509080016439901,0.0,15,False
ASPN,3_minus_2,58.0,0.93408203125,0.9974876753886993,False,-0.06125837973091838,0.0,15,False
INSL3,3_minus_2,58.0,0.93408203125,0.9974876753886993,False,0.026704629705709,33.61879842709123,15,False
S100A11,3_minus_2,58.0,0.93408203125,0.9974876753886993,False,-0.0484169259599556,0.0,15,False
PPIB,3_minus_2,58.0,0.93408203125,0.9974876753886993,False,-0.10533341675848362,-5.369704540499243,15,False
S100A3,3_minus_2,58.0,0.93408203125,0.9974876753886993,False,0.050289345809176184,33.62370631876085,15,False
SH3GLB2,3_minus_2,58.0,0.93408203125,0.9974876753886993,False,0.0018692540136240332,0.014012980664163203,15,False
SH3BP1,3_minus_2,58.0,0.93408203125,0.9974876753886993,False,0.022590293436064002,0.0,15,False
GMFG,3_minus_2,58.0,0.93408203125,0.9974876753886993,False,-0.08242357650657994,0.0,15,False
ALDH3A1,3_minus_2,58.0,0.93408203125,0.9974876753886993,False,0.2371277144826872,35.78932598602089,15,False
DLG4,3_minus_2,58.0,0.93408203125,0.9974876753886993,False,-0.047380794669736104,-0.5915664632120198,15,False
FCRL6,3_minus_2,58.0,0.93408203125,0.9974876753886993,False,0.013432370228093626,0.08511990577308476,15,False
TNFSF10,3_minus_2,58.0,0.93408203125,0.9974876753886993,False,-0.05065229190471661,-32.83373729798732,15,False
TNFRSF1B,3_minus_2,58.0,0.93408203125,0.9974876753886993,False,-0.0038806573285677937,-0.05757006334030508,15,False
KIAA2013,3_minus_2,58.0,0.93408203125,0.9974876753886993,False,0.16920852633269767,1.4830621512519648,15,False
TRIM25,3_minus_2,58.0,0.93408203125,0.9974876753886993,False,0.27814660129607205,37.593227870835186,15,False
ATF2,3_minus_2,58.0,0.93408203125,0.9974876753886993,False,-0.0329443250765184,0.0,15,False
ATG16L1,3_minus_2,58.0,0.93408203125,0.9974876753886993,False,0.24949774373467531,36.5309032526888,15,False
ARNT,3_minus_2,58.0,0.93408203125,0.9974876753886993,False,0.021172132795288734,0.0,15,False
FGFBP2,3_minus_2,58.0,0.93408203125,0.9974876753886993,False,-0.0508801273144201,-32.486109586941296,15,False
RBM17,3_minus_2,58.0,0.93408203125,0.9974876753886993,False,0.15219769213329415,2.4519185828973415,15,False
MITD1,3_minus_2,58.0,0.93408203125,0.9974876753886993,False,0.33573397579326714,37.895086815064616,15,False
ATP6V1D,3_minus_2,58.0,0.93408203125,0.9974876753886993,False,-0.09566165354360431,0.0,15,False
ATP6V1G1,3_minus_2,58.0,0.93408203125,0.9974876753886993,False,-0.05576182031222188,-3.8643253259230974,15,False
GPR15L,3_minus_2,58.0,0.93408203125,0.9974876753886993,False,0.055921723798357525,0.24444107129346798,15,False
CDH6,3_minus_2,58.0,0.93408203125,0.9974876753886993,False,-0.030478400651097637,-0.5783248583861984,15,False
GRHPR,3_minus_2,58.0,0.93408203125,0.9974876753886993,False,-0.097772564953617,-1.833067275994867,15,False
MIF,3_minus_2,58.0,0.93408203125,0.9974876753886993,False,-0.1201963614174722,0.0,15,False
MTSS1,3_minus_2,58.0,0.93408203125,0.9974876753886993,False,0.19021555322147266,36.83189901547373,15,False
TPD52L2,3_minus_2,58.0,0.93408203125,0.9974876753886993,False,0.29126023350610636,32.41080484956448,15,False
RGS10,3_minus_2,58.0,0.93408203125,0.9974876753886993,False,-0.0161654186318603,-0.5891818535930653,15,False
SRC,3_minus_2,58.0,0.93408203125,0.9974876753886993,False,0.0677453840816653,1.1956919732417428,15,False
FGF12,3_minus_2,58.0,0.93408203125,0.9974876753886993,False,0.033520741773441,0.0,15,False
DNPEP,3_minus_2,58.0,0.93408203125,0.9974876753886993,False,0.10950056760254046,31.546301894254363,15,False
RAB27B,3_minus_2,58.0,0.93408203125,0.9974876753886993,False,0.014133864849987798,0.2947585030918069,15,False
SPINK6,3_minus_2,58.0,0.93408203125,0.9974876753886993,False,-0.029336295643005994,-0.3153624353817053,15,False
MTIF3,3_minus_2,58.0,0.93408203125,0.9974876753886993,False,0.17094289973184207,35.90172993167268,15,False
CLNS1A,3_minus_2,58.0,0.93408203125,0.9974876753886993,False,0.2883842196851798,37.19299570829389,15,False
GRP,3_minus_2,58.0,0.93408203125,0.9974876753886993,False,0.047644493187958686,0.0,15,False
RNASE3,3_minus_2,58.0,0.93408203125,0.9974876753886993,False,9.864762731814913e-05,0.0,15,False
EIF4EBP1,3_minus_2,58.0,0.93408203125,0.9974876753886993,False,0.04719297478418938,0.5823762081495784,15,False
BLMH,3_minus_2,58.0,0.93408203125,0.9974876753886993,False,-0.028206933211972398,0.0,15,False
DNAJC9,3_minus_2,58.0,0.93408203125,0.9974876753886993,False,0.16446587859843154,33.28453417409263,15,False
MELTF,3_minus_2,58.0,0.93408203125,0.9974876753886993,False,-0.029030714376743705,0.0,15,False
TPBGL,3_minus_2,58.0,0.93408203125,0.9974876753886993,False,0.05931198540823712,35.15851021381215,15,False
SAMD9L,3_minus_2,58.0,0.93408203125,0.9974876753886993,False,0.2069108555186387,4.227732452327669,15,False
VSIG10,3_minus_2,58.0,0.93408203125,0.9974876753886993,False,0.060096640887274705,9.118434206374792,15,False
CCAR2,3_minus_2,58.0,0.93408203125,0.9974876753886993,False,0.06623565243322227,0.42618095541155565,15,False
TBL1X,3_minus_2,58.0,0.93408203125,0.9974876753886993,False,-0.09648679734384835,-34.95539836963143,15,False
IL17A,3_minus_2,58.0,0.93408203125,0.9974876753886993,False,0.1032370014411015,36.09823558981166,15,False
CCL3,3_minus_2,58.0,0.93408203125,0.9974876753886993,False,0.10434696223634499,0.8905310178421082,15,False
CCL25,3_minus_2,58.0,0.93408203125,0.9974876753886993,False,0.1486541251704067,35.73302289465653,15,False
SEC31A,3_minus_2,58.0,0.93408203125,0.9974876753886993,False,0.02186514370980247,0.26404989054877587,15,False
CCDC50,3_minus_2,58.0,0.93408203125,0.9974876753886993,False,0.0065954679199194954,0.0,15,False
PAXX,3_minus_2,58.0,0.93408203125,0.9974876753886993,False,-0.013609517997649999,-1.159442433819176,15,False
NEDD9,3_minus_2,58.0,0.93408203125,0.9974876753886993,False,0.04549689225306863,0.0,15,False
C7orf50,3_minus_2,58.0,0.93408203125,0.9974876753886993,False,-0.10589905676886639,-32.82805002694972,15,False
DAB2,3_minus_2,58.0,0.93408203125,0.9974876753886993,False,0.25437426263012897,6.41706298397262,15,False
GSAP,3_minus_2,58.0,0.93408203125,0.9974876753886993,False,0.007540881071112393,0.0,15,False
FABP5,3_minus_2,58.0,0.93408203125,0.9974876753886993,False,0.03571770909816607,33.86488177925886,15,False
IL31,3_minus_2,58.0,0.93408203125,0.9974876753886993,False,0.1375167454364512,0.8519891310407091,15,False
CASP4,3_minus_2,58.0,0.93408203125,0.9974876753886993,False,0.12952154787210524,2.8714510495158474,15,False
STX4,3_minus_2,58.0,0.93408203125,0.9974876753886993,False,0.12954456852062862,2.0038364690903574,15,False
YOD1,3_minus_2,58.0,0.93408203125,0.9974876753886993,False,-0.1566651976718009,0.0,15,False
FAM20A,3_minus_2,58.0,0.93408203125,0.9974876753886993,False,0.0457569657718937,0.0,15,False
PBLD,3_minus_2,58.0,0.93408203125,0.9974876753886993,False,-0.4257260339135161,-33.84866359283342,15,False
CD27,3_minus_2,58.0,0.93408203125,0.9974876753886993,False,0.03911913141447032,0.0,15,False
FAP,3_minus_2,58.0,0.93408203125,0.9974876753886993,False,-0.08506110310338391,0.0,15,False
CTF1,3_minus_2,58.0,0.93408203125,0.9974876753886993,False,-0.2139875068727247,0.0,15,False
NIT2,3_minus_2,58.0,0.93408203125,0.9974876753886993,False,0.1310271247570638,1.9248250393587392,15,False
IFT20,3_minus_2,58.0,0.93408203125,0.9974876753886993,False,0.023600403435506505,0.0,15,False
SERPINF2,3_minus_2,58.0,0.93408203125,0.9974876753886993,False,-0.0364380174762029,0.0,15,False
GIPC3,3_minus_2,58.0,0.93408203125,0.9974876753886993,False,0.32863271898215274,1.5057694581020593,15,False
ACE,3_minus_2,58.0,0.93408203125,0.9974876753886993,False,0.0007677457999167858,0.07816736730344179,15,False
IGFBP1,3_minus_2,58.0,0.93408203125,0.9974876753886993,False,0.045178317003158,0.25559119216387766,15,False
PRDX1,3_minus_2,58.0,0.93408203125,0.9974876753886993,False,0.0454081160269425,0.97449101971845,15,False
LRTM2,3_minus_2,58.0,0.93408203125,0.9974876753886993,False,0.12715992490263434,36.099284400060554,15,False
SULT1A1,3_minus_2,58.0,0.93408203125,0.9974876753886993,False,0.03654688224032476,0.0,15,False
FAM3B,3_minus_2,58.0,0.93408203125,0.9974876753886993,False,-0.016298074222399983,0.0,15,False
SERPING1,3_minus_2,58.0,0.93408203125,0.9974876753886993,False,-0.0423763196017992,0.0,15,False
YY1,3_minus_2,58.0,0.93408203125,0.9974876753886993,False,-0.1961974705783474,0.0,15,False
DBI,3_minus_2,58.0,0.93408203125,0.9974876753886993,False,-0.020219327292586964,0.0,15,False
CASP2,3_minus_2,58.0,0.93408203125,0.9974876753886993,False,-0.007200219112324213,0.0,15,False
KIF1C,3_minus_2,58.0,0.93408203125,0.9974876753886993,False,-0.04508279054177278,0.0,15,False
PROC,3_minus_2,58.0,0.93408203125,0.9974876753886993,False,-0.008401205354379201,-0.24827994919148702,15,False
CA2,3_minus_2,58.0,0.93408203125,0.9974876753886993,False,-0.2657128635700041,0.0,15,False
ADH1B,3_minus_2,58.0,0.93408203125,0.9974876753886993,False,0.1664890967124884,2.5530891137809073,15,False
SCG2,3_minus_2,58.0,0.93408203125,0.9974876753886993,False,0.03738707945522218,0.0,15,False
WFDC12,3_minus_2,58.0,0.93408203125,0.9974876753886993,False,-0.04622638587130762,0.0,15,False
SMARCA2,3_minus_2,58.0,0.93408203125,0.9974876753886993,False,0.2895346213841684,37.272246562783096,15,False
IL34,3_minus_2,58.0,0.93408203125,0.9974876753886993,False,0.004923149046937969,0.38688790514425425,15,False
F2R,3_minus_2,58.0,0.93408203125,0.9974876753886993,False,0.002920559872873013,0.022842846492062363,15,False
PDZD2,3_minus_2,58.0,0.93408203125,0.9974876753886993,False,0.0521911289845225,0.34987558941429553,15,False
WDR46,3_minus_2,58.0,0.93408203125,0.9974876753886993,False,0.0572027540288714,0.0,15,False
CLEC1B,3_minus_2,58.0,0.93408203125,0.9974876753886993,False,0.1302077440288783,1.6392039288086093,15,False
CHAC2,3_minus_2,58.0,0.93408203125,0.9974876753886993,False,-0.09121116386141531,-1.2835430790635645,15,False
MAPT,3_minus_2,58.0,0.93408203125,0.9974876753886993,False,0.0502357493796346,0.0,15,False
TIE1,3_minus_2,58.0,0.93408203125,0.9974876753886993,False,0.03429599350187418,0.4014941713563548,15,False
DCXR,3_minus_2,58.0,0.93408203125,0.9974876753886993,False,0.02615754411863236,0.0,15,False
DCBLD2,3_minus_2,58.0,0.93408203125,0.9974876753886993,False,-0.03959807574608451,-0.43681470483309354,15,False
EGF,3_minus_2,59.0,0.97796630859375,0.9996200090744101,False,0.030448414316983086,0.09655150589187449,15,False
PSRC1,3_minus_2,59.0,0.97796630859375,0.9996200090744101,False,0.0045482139217357664,0.0,15,False
EXTL1,3_minus_2,59.0,0.97796630859375,0.9996200090744101,False,-0.046189721005015894,-1.4412852341373845,15,False
LGALS8,3_minus_2,59.0,0.97796630859375,0.9996200090744101,False,0.03341851911091491,0.8330932217251846,15,False
SLC34A3,3_minus_2,38.0,0.9374729223624751,0.9996200090744101,False,0.0,0.0,15,False
PMM2,3_minus_2,59.0,0.97796630859375,0.9996200090744101,False,0.0585846305449499,34.34686117393553,15,False
FABP3,3_minus_2,38.0,0.9374729223624751,0.9996200090744101,False,0.0,0.0,15,False
ZHX2,3_minus_2,59.0,0.97796630859375,0.9996200090744101,False,0.0806031665870854,34.92164320549508,15,False
TXK,3_minus_2,59.0,0.97796630859375,0.9996200090744101,False,0.0091829577729176,0.0,15,False
NUDT5,3_minus_2,59.0,0.97796630859375,0.9996200090744101,False,-0.016820531407811257,-0.9111757820953649,15,False
HK2,3_minus_2,59.0,0.97796630859375,0.9996200090744101,False,-0.10202090766994448,-1.343402985841001,15,False
KIR3DL1,3_minus_2,59.0,0.97796630859375,0.9996200090744101,False,-0.01990963632021936,0.0,15,False
LGALS1,3_minus_2,59.0,0.97796630859375,0.9996200090744101,False,-0.0990163097478719,0.0,15,False
PPME1,3_minus_2,59.0,0.97796630859375,0.9996200090744101,False,0.1845754900492493,2.492504316283326,15,False
PLSCR3,3_minus_2,59.0,0.97796630859375,0.9996200090744101,False,-0.0256365268199059,0.0,15,False
HMCN2,3_minus_2,59.0,0.97796630859375,0.9996200090744101,False,-0.033169169856025,0.0,15,False
PLIN3,3_minus_2,59.0,0.97796630859375,0.9996200090744101,False,-0.04613201704047343,0.0,15,False
AKR1C4,3_minus_2,59.0,0.97796630859375,0.9996200090744101,False,0.13344795362857198,0.5426142662277863,15,False
PM20D1,3_minus_2,59.0,0.97796630859375,0.9996200090744101,False,0.02014549308339142,0.0,15,False
SNED1,3_minus_2,59.0,0.97796630859375,0.9996200090744101,False,0.17056315172754077,3.9065357083795282,15,False
CMC1,3_minus_2,59.0,0.97796630859375,0.9996200090744101,False,-0.015212953057048395,-32.84176024909575,15,False
EZR,3_minus_2,59.0,0.97796630859375,0.9996200090744101,False,-0.05069893023896771,0.0,15,False
USP25,3_minus_2,59.0,0.97796630859375,0.9996200090744101,False,-0.0349437560369375,0.0,15,False
FABP4,3_minus_2,59.0,0.97796630859375,0.9996200090744101,False,-0.008799049313720664,0.0,15,False
CLEC4G,3_minus_2,59.0,0.97796630859375,0.9996200090744101,False,0.005383069123246265,0.04608258406962468,15,False
SPARCL1,3_minus_2,59.0,0.97796630859375,0.9996200090744101,False,0.0193951033716186,32.28601470385877,15,False
MDK,3_minus_2,59.0,0.97796630859375,0.9996200090744101,False,0.017383050649197485,0.0,15,False
OPHN1,3_minus_2,59.0,0.97796630859375,0.9996200090744101,False,0.01549151025670098,0.0,15,False
VAT1,3_minus_2,59.0,0.97796630859375,0.9996200090744101,False,0.0603367687749989,2.0869728632413365,15,False
FES,3_minus_2,59.0,0.97796630859375,0.9996200090744101,False,-0.11674714979511552,-3.809818111424006,15,False
ADA,3_minus_2,59.0,0.97796630859375,0.9996200090744101,False,-0.0021629478969238947,-0.09564716652874962,15,False
XRCC4,3_minus_2,59.0,0.97796630859375,0.9996200090744101,False,0.019656100920367292,0.0,15,False
ENAH,3_minus_2,59.0,0.97796630859375,0.9996200090744101,False,0.146119639740879,1.2719446292057792,15,False
SOWAHA,3_minus_2,59.0,0.97796630859375,0.9996200090744101,False,-0.13180781876603254,0.0,15,False
LRP1,3_minus_2,59.0,0.97796630859375,0.9996200090744101,False,-0.027553921885626192,0.0,15,False
EIF2S2,3_minus_2,59.0,0.97796630859375,0.9996200090744101,False,0.03542916697683571,0.18219756176836505,15,False
LRP2BP,3_minus_2,59.0,0.97796630859375,0.9996200090744101,False,0.03738278644449555,0.0,15,False
CLU,3_minus_2,59.0,0.97796630859375,0.9996200090744101,False,-0.008119459890772507,0.0,15,False
APOM,3_minus_2,59.0,0.97796630859375,0.9996200090744101,False,0.18376604030377913,0.0,15,False
ENPEP,3_minus_2,59.0,0.97796630859375,0.9996200090744101,False,0.21229790584583386,0.0,15,False
KYAT1,3_minus_2,59.0,0.97796630859375,0.9996200090744101,False,-0.081864358831923,0.0,15,False
VIPR1,3_minus_2,59.0,0.97796630859375,0.9996200090744101,False,0.03684233254894975,0.0,15,False
ADH4,3_minus_2,59.0,0.97796630859375,0.9996200090744101,False,0.18713793546071822,0.6700834878869876,15,False
FADD,3_minus_2,59.0,0.97796630859375,0.9996200090744101,False,0.38846909349411846,35.85918781411005,15,False
LRCH4,3_minus_2,59.0,0.97796630859375,0.9996200090744101,False,-0.1719010636382321,-31.14583023849183,15,False
GUCY2C,3_minus_2,59.0,0.97796630859375,0.9996200090744101,False,-0.08765283386715128,0.0,15,False
SLURP1,3_minus_2,59.0,0.97796630859375,0.9996200090744101,False,0.084658942205461,0.0,15,False
PSMD1,3_minus_2,59.0,0.97796630859375,0.9996200090744101,False,-0.025633001884983908,0.0,15,False
ITPRIP,3_minus_2,59.0,0.97796630859375,0.9996200090744101,False,-0.03111754877073941,0.0,15,False
REG1B,3_minus_2,59.0,0.97796630859375,0.9996200090744101,False,0.043055039572870935,1.9262732976736667,15,False
NOTCH2,3_minus_2,59.0,0.97796630859375,0.9996200090744101,False,0.040617704432143686,34.57591930069753,15,False
CD7,3_minus_2,59.0,0.97796630859375,0.9996200090744101,False,0.025140741164641295,0.0,15,False
DENR,3_minus_2,59.0,0.97796630859375,0.9996200090744101,False,0.01729360307151398,0.0,15,False
THTPA,3_minus_2,59.0,0.97796630859375,0.9996200090744101,False,0.17529345925347117,1.1506471924028274,15,False
GAMT,3_minus_2,59.0,0.97796630859375,0.9996200090744101,False,-0.1040406343655848,0.0,15,False
GLT8D2,3_minus_2,59.0,0.97796630859375,0.9996200090744101,False,-0.2739649805705111,-35.82202201380545,15,False
TIMP1,3_minus_2,59.0,0.97796630859375,0.9996200090744101,False,0.003095018337779809,0.0,15,False
STAT2,3_minus_2,59.0,0.97796630859375,0.9996200090744101,False,0.11815324087212176,0.560442211655028,15,False
CA7,3_minus_2,59.0,0.97796630859375,0.9996200090744101,False,-0.040581417818843724,0.0,15,False
TMED1,3_minus_2,59.0,0.97796630859375,0.9996200090744101,False,0.42405793310849865,36.16083360311799,15,False
SHMT1,3_minus_2,59.0,0.97796630859375,0.9996200090744101,False,0.010458519317126713,0.46356565331214633,15,False
FKBP14,3_minus_2,59.0,0.97796630859375,0.9996200090744101,False,0.19262788217795612,1.4190429697835703,15,False
COX6B1,3_minus_2,59.0,0.97796630859375,0.9996200090744101,False,-0.04592681696517309,-2.5607432865989965,15,False
BTD,3_minus_2,59.0,0.97796630859375,0.9996200090744101,False,-0.014639397435028297,0.0,15,False
SSNA1,3_minus_2,59.0,0.97796630859375,0.9996200090744101,False,0.037891155610045746,0.3573424483721628,15,False
FOXJ3,3_minus_2,59.0,0.97796630859375,0.9996200090744101,False,-0.040874195023932705,0.0,15,False
BPIFB2,3_minus_2,59.0,0.97796630859375,0.9996200090744101,False,-0.016610748625611516,-0.13841294641238017,15,False
RNF4,3_minus_2,59.0,0.97796630859375,0.9996200090744101,False,0.24805031284143642,2.0804755338496967,15,False
IPCEF1,3_minus_2,59.0,0.97796630859375,0.9996200090744101,False,-0.021788134269982995,0.0,15,False
DDHD2,3_minus_2,59.0,0.97796630859375,0.9996200090744101,False,0.07881635558331285,0.0,15,False
CACNB3,3_minus_2,59.0,0.97796630859375,0.9996200090744101,False,0.4363030263183246,1.3069735570636536,15,False
CACYBP,3_minus_2,59.0,0.97796630859375,0.9996200090744101,False,0.21929997771139953,35.64493878419305,15,False
GLO1,3_minus_2,59.0,0.97796630859375,0.9996200090744101,False,-0.018258225504639403,-0.19833297055047414,15,False
SERPINA9,3_minus_2,59.0,0.97796630859375,0.9996200090744101,False,0.071124987120772,35.3668103467125,15,False
CTSE,3_minus_2,59.0,0.97796630859375,0.9996200090744101,False,-0.09237934861144886,0.0,15,False
NLGN1,3_minus_2,59.0,0.97796630859375,0.9996200090744101,False,0.16073043513882299,0.0,15,False
CD36,3_minus_2,59.0,0.97796630859375,0.9996200090744101,False,-0.004538060708106195,0.0,15,False
CD160,3_minus_2,59.0,0.97796630859375,0.9996200090744101,False,-0.014536248545033548,-0.25202817060089067,15,False
CWC15,3_minus_2,59.0,0.97796630859375,0.9996200090744101,False,-0.07424507242428868,0.0,15,False
TAX1BP1,3_minus_2,59.0,0.97796630859375,0.9996200090744101,False,0.052721872212585286,0.672417800032797,15,False
SESTD1,3_minus_2,59.0,0.97796630859375,0.9996200090744101,False,0.18302488045394288,0.0,15,False
SEMA4D,3_minus_2,59.0,0.97796630859375,0.9996200090744101,False,0.0686200505528235,4.22934066730848,15,False
TBCA,3_minus_2,59.0,0.97796630859375,0.9996200090744101,False,0.05453766995897413,0.0,15,False
CXCL16,3_minus_2,59.0,0.97796630859375,0.9996200090744101,False,-0.028033542985156035,0.0,15,False
ICA1,3_minus_2,59.0,0.97796630859375,0.9996200090744101,False,0.08618491727624222,35.764261055048024,15,False
NEDD4L,3_minus_2,59.0,0.97796630859375,0.9996200090744101,False,-0.0010256559780390528,0.0,15,False
GGH,3_minus_2,59.0,0.97796630859375,0.9996200090744101,False,-0.016237805512384906,-0.18457942530978094,15,False
IL2,3_minus_2,59.0,0.97796630859375,0.9996200090744101,False,0.002927514462142903,0.02547255737089341,15,False
NOS1,3_minus_2,59.0,0.97796630859375,0.9996200090744101,False,0.11296239812596368,0.0,15,False
CALCA,3_minus_2,59.0,0.97796630859375,0.9996200090744101,False,0.07533028255771157,0.9554470748025545,15,False
DCTD,3_minus_2,59.0,0.97796630859375,0.9996200090744101,False,0.3758124069337687,36.58204381319385,15,False
RNF31,3_minus_2,59.0,0.97796630859375,0.9996200090744101,False,-0.03180788068840429,0.0,15,False
TNFRSF13B,3_minus_2,59.0,0.97796630859375,0.9996200090744101,False,-0.006775366679979633,-0.9450054657863267,15,False
FUS,3_minus_2,59.0,0.97796630859375,0.9996200090744101,False,-0.011115990420157193,0.0,15,False
BLVRB,3_minus_2,59.0,0.97796630859375,0.9996200090744101,False,-0.10880739551106297,0.0,15,False
PLCB1,3_minus_2,59.0,0.97796630859375,0.9996200090744101,False,-0.08779508980254808,0.0,15,False
CDH3,3_minus_2,59.0,0.97796630859375,0.9996200090744101,False,0.07371615916082191,0.6351854640114035,15,False
BOLA2_BOLA2B,3_minus_2,59.0,0.97796630859375,0.9996200090744101,False,-0.07340296990312939,-0.5013017996708187,15,False
BACH1,3_minus_2,59.0,0.97796630859375,0.9996200090744101,False,0.00750034996531912,0.691392355856102,15,False
MSLNL,3_minus_2,59.0,0.97796630859375,0.9996200090744101,False,-0.1949715250080799,0.0,15,False
RILPL2,3_minus_2,59.0,0.97796630859375,0.9996200090744101,False,-0.037034042649401244,0.0,15,False
MRPS16,3_minus_2,59.0,0.97796630859375,0.9996200090744101,False,0.07603570568290782,35.01415183659604,15,False
MRPL58,3_minus_2,59.0,0.97796630859375,0.9996200090744101,False,-0.016453479995403503,0.0,15,False
DTD1,3_minus_2,59.0,0.97796630859375,0.9996200090744101,False,0.43867897274650186,36.482210054491375,15,False
CDC37,3_minus_2,59.0,0.97796630859375,0.9996200090744101,False,-0.03340513478752333,0.0,15,False
DTYMK,3_minus_2,59.0,0.97796630859375,0.9996200090744101,False,0.018818243570916132,0.0,15,False
GP6,3_minus_2,59.0,0.97796630859375,0.9996200090744101,False,0.1136592558444793,36.15136451886431,15,False
DUOX2,3_minus_2,59.0,0.97796630859375,0.9996200090744101,False,0.02418764849905819,0.21173111450521345,15,False
DUSP29,3_minus_2,59.0,0.97796630859375,0.9996200090744101,False,-0.24776133508100162,0.0,15,False
BAG4,3_minus_2,59.0,0.97796630859375,0.9996200090744101,False,-0.08744129503481535,0.0,15,False
CD300LF,3_minus_2,59.0,0.97796630859375,0.9996200090744101,False,0.05943375205126969,0.4764950648191913,15,False
MTPN,3_minus_2,59.0,0.97796630859375,0.9996200090744101,False,-0.0060486027245890694,0.0,15,False
TNIP1,3_minus_2,59.0,0.97796630859375,0.9996200090744101,False,0.30357683441747585,1.362260830443152,15,False
DUT,3_minus_2,59.0,0.97796630859375,0.9996200090744101,False,-0.0881966183095151,-1.5576912752674223,15,False
TRIAP1,3_minus_2,38.0,0.9374729223624751,0.9996200090744101,False,0.0,0.0,15,False
GOPC,3_minus_2,59.0,0.97796630859375,0.9996200090744101,False,0.3754243883507452,1.3357081390599452,15,False
BCL2L1,3_minus_2,59.0,0.97796630859375,0.9996200090744101,False,-0.0572959775324135,-34.88496388559997,15,False
DYNLT1,3_minus_2,59.0,0.97796630859375,0.9996200090744101,False,0.016560500625915076,0.0,15,False
LTO1,3_minus_2,60.0,1.0,1.0,False,0.22862078016960388,37.19152258861385,15,False
DCTN1,3_minus_2,60.0,1.0,1.0,False,-0.09763180205901345,0.0,15,False
TPSD1,3_minus_2,60.0,1.0,1.0,False,-0.18865717429264056,-1.26037681935176,15,False
CEACAM21,3_minus_2,60.0,1.0,1.0,False,0.03606624674378267,0.17955594502170036,15,False
DCDC2C,3_minus_2,39.0,1.0,1.0,False,0.0,0.0,15,False
SERPINB1,3_minus_2,60.0,1.0,1.0,False,0.07608165582989301,0.8602051143808777,15,False
RASGRF1,3_minus_2,39.0,1.0,1.0,False,0.0,0.0,15,False
FAM3C,3_minus_2,60.0,1.0,1.0,False,-0.019069076836695897,-0.399572158369814,15,False
SCN3A,3_minus_2,60.0,1.0,1.0,False,-0.47979324899299586,0.0,15,False
CARHSP1,3_minus_2,60.0,1.0,1.0,False,-0.011243876229158303,0.0,15,False
SNRPB2,3_minus_2,60.0,1.0,1.0,False,-0.04409470836422111,0.0,15,False
PLEKHO1,3_minus_2,60.0,1.0,1.0,False,0.09213075019052064,1.239257906823354,15,False
NMT1,3_minus_2,60.0,1.0,1.0,False,-0.06472473577955801,0.0,15,False
CLC,3_minus_2,60.0,1.0,1.0,False,-0.01889782195766876,0.0,15,False
OTUD6B,3_minus_2,60.0,1.0,1.0,False,0.144185040605313,0.0,15,False
TXLNA,3_minus_2,60.0,1.0,1.0,False,0.16575651709477524,35.76823354353118,15,False
ACOT13,3_minus_2,60.0,1.0,1.0,False,0.16069606220441934,1.0955828726936148,15,False
ECSCR,3_minus_2,60.0,1.0,1.0,False,-0.013166997890866339,0.0,15,False
GRSF1,3_minus_2,39.0,1.0,1.0,False,0.0,0.0,15,False
ARHGAP5,3_minus_2,39.0,1.0,1.0,False,0.006747017930099686,0.03158247207315594,15,False
RBM25,3_minus_2,39.0,1.0,1.0,False,0.0,0.0,15,False
RBP5,3_minus_2,60.0,1.0,1.0,False,0.028742507403551776,0.0,15,False
HSPG2,3_minus_2,60.0,1.0,1.0,False,0.033516751691604174,5.168050795994055,15,False
GGACT,3_minus_2,60.0,1.0,1.0,False,-0.08848799357542458,-0.9212849873934068,15,False
DOK1,3_minus_2,60.0,1.0,1.0,False,-0.08574217476926815,0.0,15,False
NARS1,3_minus_2,60.0,1.0,1.0,False,0.0442556478505935,31.760320558863466,15,False
AMY2A,3_minus_2,60.0,1.0,1.0,False,-0.03601258226769066,-0.7121397977509399,15,False
PTH1R,3_minus_2,60.0,1.0,1.0,False,0.0494965175878946,0.0,15,False
BTN2A1,3_minus_2,60.0,1.0,1.0,False,-0.0637885523127338,-34.1127182051186,15,False
PTP4A3,3_minus_2,60.0,1.0,1.0,False,0.07277906902905362,1.7172585568153726,15,False
ANPEP,3_minus_2,60.0,1.0,1.0,False,0.03519306747651539,0.0,15,False
BCL2L15,3_minus_2,60.0,1.0,1.0,False,-0.02134806779972198,0.0,15,False
APOH,3_minus_2,60.0,1.0,1.0,False,-0.05992473280635069,0.0,15,False
DNAJB1,3_minus_2,60.0,1.0,1.0,False,-0.0319313230486441,0.0,15,False
GTF2IRD1,3_minus_2,60.0,1.0,1.0,False,-0.01243818342459646,0.0,15,False
PKLR,3_minus_2,60.0,1.0,1.0,False,-0.042769866088270936,-31.578545005003225,15,False
OPLAH,3_minus_2,60.0,1.0,1.0,False,0.10112653757863499,0.0,15,False
DNAJB8,3_minus_2,60.0,1.0,1.0,False,-0.005244764167675331,0.0,15,False
SLITRK6,3_minus_2,60.0,1.0,1.0,False,-0.004051126388817328,0.0,15,False
BLNK,3_minus_2,60.0,1.0,1.0,False,-0.01151362334734539,0.0,15,False
DNAJB14,3_minus_2,60.0,1.0,1.0,False,0.10786692545893639,0.0,15,False
AMY1A_AMY1B_AMY1C,3_minus_2,60.0,1.0,1.0,False,-0.0023625932955507745,-0.017017378420167945,15,False
TMED8,3_minus_2,60.0,1.0,1.0,False,0.0822064226446989,0.0,15,False
MYO9B,3_minus_2,60.0,1.0,1.0,False,-0.12707535971068218,-36.34720636503246,15,False
HSPB1,3_minus_2,39.0,1.0,1.0,False,0.0,0.0,15,False
AIF1,3_minus_2,60.0,1.0,1.0,False,0.1690746609372905,0.9222376448533467,15,False
HGS,3_minus_2,60.0,1.0,1.0,False,0.05635498198937677,0.0,15,False
TP53I3,3_minus_2,60.0,1.0,1.0,False,-0.07622238079737292,0.0,15,False
NACC1,3_minus_2,60.0,1.0,1.0,False,-0.2730184849856192,0.0,15,False
ERCC1,3_minus_2,39.0,1.0,1.0,False,0.0,0.0,15,False
MGMT,3_minus_2,60.0,1.0,1.0,False,0.20410531989985292,1.3636517479461039,15,False
TIGIT,3_minus_2,60.0,1.0,1.0,False,-0.05295209623436481,0.0,15,False
IMPACT,3_minus_2,60.0,1.0,1.0,False,0.06610200945907141,0.0,15,False
CREBZF,3_minus_2,39.0,1.0,1.0,False,0.0,0.0,15,False
NUDC,3_minus_2,60.0,1.0,1.0,False,0.1718621076610598,2.108923452490612,15,False
DKK1,3_minus_2,60.0,1.0,1.0,False,-0.05394590581987979,0.0,15,False
BAG3,3_minus_2,60.0,1.0,1.0,False,0.07176196636168,1.7537676510383637,15,False
MATN3,3_minus_2,60.0,1.0,1.0,False,-0.064942194994854,0.0,15,False
CPPED1,3_minus_2,60.0,1.0,1.0,False,-0.0283475239286759,0.0,15,False
MSRA,3_minus_2,60.0,1.0,1.0,False,0.007156018818030407,0.0,15,False
CTHRC1,3_minus_2,60.0,1.0,1.0,False,-0.02631685428166447,0.0,15,False
