analyte_id,delta_comparison,W_statistic,p_value,q_value,significant,median_delta,log2fc,n_pairs,excluded
TFF3,4_minus_3,0.0,1.9073486328125e-06,0.00020658052884615384,True,0.7069775327367611,2.3229051869254147,20,False
SIL1,4_minus_3,0.0,1.9073486328125e-06,0.00020658052884615384,True,0.48375926643943723,2.4095602006098193,20,False
CRIM1,4_minus_3,0.0,1.9073486328125e-06,0.00020658052884615384,True,1.275959154322663,2.504803781803183,20,False
OXT,4_minus_3,0.0,1.9073486328125e-06,0.00020658052884615384,True,1.11754880806699,3.516574499454109,20,False
NPTX2,4_minus_3,0.0,1.9073486328125e-06,0.00020658052884615384,True,0.6363344675155715,38.875835561383994,20,False
TPP1,4_minus_3,0.0,1.9073486328125e-06,0.00020658052884615384,True,0.7072515409816394,2.1289196138896784,20,False
FURIN,4_minus_3,0.0,1.9073486328125e-06,0.00020658052884615384,True,0.6372742304207678,2.2423511882889415,20,False
NECTIN4,4_minus_3,0.0,1.9073486328125e-06,0.00020658052884615384,True,1.2568627248000293,3.046973163568079,20,False
SIGLEC6,4_minus_3,0.0,1.9073486328125e-06,0.00020658052884615384,True,1.339556012057276,2.3553937622195265,20,False
MSR1,4_minus_3,0.0,1.9073486328125e-06,0.00020658052884615384,True,0.39864904069754376,2.273521632239504,20,False
DHPS,4_minus_3,0.0,1.9073486328125e-06,0.00020658052884615384,True,0.8488406695089351,2.0891474028165398,20,False
DPY30,4_minus_3,0.0,1.9073486328125e-06,0.00020658052884615384,True,0.8305469260203424,2.4275044356715236,20,False
EDA2R,4_minus_3,0.0,1.9073486328125e-06,0.00020658052884615384,True,0.6576903938886343,38.83380371553377,20,False
SPP1,4_minus_3,0.0,1.9073486328125e-06,0.00020658052884615384,True,0.6063180298390778,38.90300606114844,20,False
TNFRSF11A,4_minus_3,0.0,1.9073486328125e-06,0.00020658052884615384,True,0.6412190274542382,2.5250526471618056,20,False
LMOD1,4_minus_3,0.0,1.9073486328125e-06,0.00020658052884615384,True,0.9839508256714082,39.73202331307395,20,False
INSL4,4_minus_3,0.0,1.9073486328125e-06,0.00020658052884615384,True,0.8406383420505402,2.3608959006571073,20,False
FLT4,4_minus_3,0.0,1.9073486328125e-06,0.00020658052884615384,True,0.6851566455676431,2.042921045675595,20,False
COL1A1,4_minus_3,0.0,1.9073486328125e-06,0.00020658052884615384,True,0.6637880426262069,7.037227695378321,20,False
CSH1,4_minus_3,0.0,1.9073486328125e-06,0.00020658052884615384,True,0.45031788714286736,1.4269830606247795,20,False
SGSH,4_minus_3,0.0,1.9073486328125e-06,0.00020658052884615384,True,0.7580497373917634,2.083221444137363,20,False
TCOF1,4_minus_3,0.0,1.9073486328125e-06,0.00020658052884615384,True,0.5981705466234846,38.692528889402745,20,False
ASAH1,4_minus_3,0.0,1.9073486328125e-06,0.00020658052884615384,True,0.5044075512566633,2.46028534190058,20,False
SDC1,4_minus_3,0.0,1.9073486328125e-06,0.00020658052884615384,True,1.0003554632839031,2.4688425818890227,20,False
CA3,4_minus_3,0.0,1.9073486328125e-06,0.00020658052884615384,True,0.744659626480829,39.01922205978079,20,False
CCN4,4_minus_3,0.0,1.9073486328125e-06,0.00020658052884615384,True,0.4926050332554048,2.3974068997384346,20,False
CKB,4_minus_3,1.0,3.814697265625e-06,0.0002620045731707317,True,1.005847644194885,39.44748038023383,20,False
CCL15,4_minus_3,1.0,3.814697265625e-06,0.0002620045731707317,True,0.7553049038852584,3.710283888426744,20,False
TACSTD2,4_minus_3,1.0,3.814697265625e-06,0.0002620045731707317,True,0.3407102751818293,7.144547192597344,20,False
CNTN2,4_minus_3,1.0,3.814697265625e-06,0.0002620045731707317,True,0.33352401262059206,37.453013797033734,20,False
BCAT1,4_minus_3,1.0,3.814697265625e-06,0.0002620045731707317,True,0.6197455186110679,5.3440982096961145,20,False
RNASE4,4_minus_3,1.0,3.814697265625e-06,0.0002620045731707317,True,0.40257113621621576,3.678323384043062,20,False
IGDCC4,4_minus_3,1.0,3.814697265625e-06,0.0002620045731707317,True,0.3217817504270363,1.9532180286840395,20,False
GDF15,4_minus_3,1.0,3.814697265625e-06,0.0002620045731707317,True,1.0995709438636574,2.6084257847811636,20,False
ERBB2,4_minus_3,1.0,3.814697265625e-06,0.0002620045731707317,True,0.408869536544457,2.8610329016402556,20,False
ITGA5,4_minus_3,1.0,3.814697265625e-06,0.0002620045731707317,True,0.3769492196303087,2.916230824758983,20,False
CFP,4_minus_3,1.0,3.814697265625e-06,0.0002620045731707317,True,-0.2912050536587175,-36.42667781745387,20,False
CKAP4,4_minus_3,1.0,3.814697265625e-06,0.0002620045731707317,True,0.6725390436609271,2.819208142143473,20,False
KRT19,4_minus_3,1.0,3.814697265625e-06,0.0002620045731707317,True,1.3404107791307536,40.043097242598535,20,False
IGFBPL1,4_minus_3,1.0,3.814697265625e-06,0.0002620045731707317,True,0.6871247590374905,2.2930791673552084,20,False
HSPB6,4_minus_3,1.0,3.814697265625e-06,0.0002620045731707317,True,0.8660776809098603,2.8927340322114463,20,False
BCAM,4_minus_3,2.0,5.7220458984375e-06,0.00031594669117647055,True,0.3263931022681066,1.9580878109975772,20,False
WFDC2,4_minus_3,2.0,5.7220458984375e-06,0.00031594669117647055,True,0.6152533404055919,38.834066535191475,20,False
FOLR1,4_minus_3,2.0,5.7220458984375e-06,0.00031594669117647055,True,0.43983868960715083,2.4790136796340474,20,False
IL1R1,4_minus_3,2.0,5.7220458984375e-06,0.00031594669117647055,True,0.40779601564199014,38.02223647005878,20,False
PRTG,4_minus_3,2.0,5.7220458984375e-06,0.00031594669117647055,True,0.6316153459629283,1.8123055938948902,20,False
NRP2,4_minus_3,2.0,5.7220458984375e-06,0.00031594669117647055,True,0.4885088052208274,5.16575555691657,20,False
KDR,4_minus_3,2.0,5.7220458984375e-06,0.00031594669117647055,True,-0.34066636185319943,-35.633418371593415,20,False
CSF1R,4_minus_3,2.0,5.7220458984375e-06,0.00031594669117647055,True,0.5269572745088995,1.9192755347293076,20,False
DDR1,4_minus_3,2.0,5.7220458984375e-06,0.00031594669117647055,True,0.5750004985717758,1.6286464552097857,20,False
ADGRF5,4_minus_3,2.0,5.7220458984375e-06,0.00031594669117647055,True,0.5125978536491211,2.1672040155804884,20,False
FSTL3,4_minus_3,3.0,9.5367431640625e-06,0.0004069010416666667,True,0.8810207085807016,39.557772468844334,20,False
TIMP1,4_minus_3,3.0,9.5367431640625e-06,0.0004069010416666667,True,0.3651622442073986,3.3778799503978196,20,False
Timepoint,4_minus_3,0.0,7.74421643104407e-06,0.0004069010416666667,True,1.0,1.0995356735509143,20,False
CSTB,4_minus_3,3.0,9.5367431640625e-06,0.0004069010416666667,True,0.6710792674475785,38.95024209225644,20,False
LGALS3BP,4_minus_3,3.0,9.5367431640625e-06,0.0004069010416666667,True,0.48992466105712185,1.4660682236188178,20,False
DTNB,4_minus_3,3.0,9.5367431640625e-06,0.0004069010416666667,True,0.6000444755131688,2.2399128757268105,20,False
MAN1A2,4_minus_3,3.0,9.5367431640625e-06,0.0004069010416666667,True,0.5166328888918318,2.642006548616844,20,False
RELT,4_minus_3,3.0,9.5367431640625e-06,0.0004069010416666667,True,0.5657335101001166,38.62887670968707,20,False
SMOC1,4_minus_3,3.0,9.5367431640625e-06,0.0004069010416666667,True,0.6512018643425673,39.047033149064795,20,False
NCS1,4_minus_3,3.0,9.5367431640625e-06,0.0004069010416666667,True,0.5153084117735172,6.436461360328483,20,False
NID2,4_minus_3,3.0,9.5367431640625e-06,0.0004069010416666667,True,0.9351698720013135,6.421183487913079,20,False
PSAP,4_minus_3,3.0,9.5367431640625e-06,0.0004069010416666667,True,0.4600787952239652,2.5385782826845786,20,False
CREG1,4_minus_3,3.0,9.5367431640625e-06,0.0004069010416666667,True,0.46482475020177366,2.264679797092539,20,False
CD164,4_minus_3,3.0,9.5367431640625e-06,0.0004069010416666667,True,0.3700215469299507,37.76839868588376,20,False
SERPINE1,4_minus_3,3.0,9.5367431640625e-06,0.0004069010416666667,True,0.7191764122696622,2.436357912584668,20,False
TGFB1,4_minus_3,4.0,1.33514404296875e-05,0.0005295444542253522,True,0.6865506774026335,1.8160826067091562,20,False
MYBPC1,4_minus_3,4.0,1.33514404296875e-05,0.0005295444542253522,True,0.7978545061572648,2.1941393547242436,20,False
DBI,4_minus_3,4.0,1.33514404296875e-05,0.0005295444542253522,True,0.7257999026614435,2.560717171405706,20,False
FABP5,4_minus_3,4.0,1.33514404296875e-05,0.0005295444542253522,True,0.9823445836607005,5.583929070013261,20,False
GHR,4_minus_3,4.0,1.33514404296875e-05,0.0005295444542253522,False,-0.4638465950169867,0.0,20,False
FCN2,4_minus_3,5.0,1.9073486328125e-05,0.0006550114329268293,True,-0.6278296415807845,-34.975680267342035,20,False
TLR3,4_minus_3,5.0,1.9073486328125e-05,0.0006550114329268293,True,0.45167704527729413,2.0823633284344507,20,False
GRN,4_minus_3,5.0,1.9073486328125e-05,0.0006550114329268293,True,0.5802017444249005,1.679151828616108,20,False
HSPA2,4_minus_3,5.0,1.9073486328125e-05,0.0006550114329268293,True,0.9402731177651851,39.5780970957887,20,False
PIK3IP1,4_minus_3,5.0,1.9073486328125e-05,0.0006550114329268293,True,0.4463421444575807,38.34148053347123,20,False
IGFBP2,4_minus_3,5.0,1.9073486328125e-05,0.0006550114329268293,True,1.1064332709765272,39.49262095732726,20,False
PRSS8,4_minus_3,5.0,1.9073486328125e-05,0.0006550114329268293,True,0.6906321090931675,2.418803578467187,20,False
IGSF9,4_minus_3,5.0,1.9073486328125e-05,0.0006550114329268293,True,0.7683026422241515,2.857698814601048,20,False
SCRG1,4_minus_3,5.0,1.9073486328125e-05,0.0006550114329268293,True,0.5483019430923433,2.3843856778125248,20,False
SPINK1,4_minus_3,5.0,1.9073486328125e-05,0.0006550114329268293,True,0.5452246890424501,1.6769279915374833,20,False
IL1RL1,4_minus_3,5.0,1.9073486328125e-05,0.0006550114329268293,True,1.3876464962967212,5.5018527326062525,20,False
CPPED1,4_minus_3,6.0,2.6702880859375e-05,0.0008263221153846153,True,0.8637687831527132,3.275275000632223,20,False
TNFRSF1A,4_minus_3,6.0,2.6702880859375e-05,0.0008263221153846153,True,0.4946535924677797,4.562413980541965,20,False
CD302,4_minus_3,6.0,2.6702880859375e-05,0.0008263221153846153,True,0.2202324183340153,36.23901195198796,20,False
FAM171B,4_minus_3,6.0,2.6702880859375e-05,0.0008263221153846153,True,0.4378004891625867,3.964820917517907,20,False
CDSN,4_minus_3,6.0,2.6702880859375e-05,0.0008263221153846153,True,0.37058005567328545,37.65139262813887,20,False
WFDC12,4_minus_3,6.0,2.6702880859375e-05,0.0008263221153846153,True,0.40714428327457364,2.001576988430416,20,False
NPL,4_minus_3,6.0,2.6702880859375e-05,0.0008263221153846153,True,0.6005625886241914,5.605273726296755,20,False
ATP6V1D,4_minus_3,6.0,2.6702880859375e-05,0.0008263221153846153,True,-0.24180595169138447,-35.14031808814119,20,False
TNFRSF11B,4_minus_3,6.0,2.6702880859375e-05,0.0008263221153846153,True,0.49113277606453165,1.8015699350673384,20,False
HAVCR1,4_minus_3,7.0,3.62396240234375e-05,0.0009449146412037037,True,0.4154822485642284,1.0449477292200198,20,False
UMOD,4_minus_3,7.0,3.62396240234375e-05,0.0009449146412037037,False,-0.5231163743673422,0.0,20,False
DKK1,4_minus_3,7.0,3.62396240234375e-05,0.0009449146412037037,True,0.45386481429087816,37.54714133654261,20,False
PLAU,4_minus_3,7.0,3.62396240234375e-05,0.0009449146412037037,True,0.6645337166507772,2.2357242914976765,20,False
NUCB2,4_minus_3,7.0,3.62396240234375e-05,0.0009449146412037037,True,0.5345275945670269,4.523439702248271,20,False
SIGLEC8,4_minus_3,7.0,3.62396240234375e-05,0.0009449146412037037,True,0.36254892827815954,37.82476816097031,20,False
CD300LF,4_minus_3,7.0,3.62396240234375e-05,0.0009449146412037037,True,0.30800700653391566,36.82702729502904,20,False
C1QL2,4_minus_3,7.0,3.62396240234375e-05,0.0009449146412037037,False,-0.2869030421728145,0.0,20,False
CD200,4_minus_3,7.0,3.62396240234375e-05,0.0009449146412037037,True,0.6161988702466283,3.2667523173590833,20,False
GM2A,4_minus_3,7.0,3.62396240234375e-05,0.0009449146412037037,True,0.5086526259509291,3.33189571284676,20,False
SRPX,4_minus_3,7.0,3.62396240234375e-05,0.0009449146412037037,True,0.8011277690853003,39.253820341968044,20,False
FBLN2,4_minus_3,7.0,3.62396240234375e-05,0.0009449146412037037,True,0.921380944381505,5.0121328240690435,20,False
GALNT2,4_minus_3,7.0,3.62396240234375e-05,0.0009449146412037037,True,0.3060329263090052,3.133032460312618,20,False
RNASE6,4_minus_3,7.0,3.62396240234375e-05,0.0009449146412037037,True,0.43914400849318247,4.971654348758181,20,False
IGFBP4,4_minus_3,7.0,3.62396240234375e-05,0.0009449146412037037,True,0.7613491649182256,3.210126008087874,20,False
CD248,4_minus_3,7.0,3.62396240234375e-05,0.0009449146412037037,True,0.5056066116099311,38.37408422999758,20,False
FUT3_FUT5,4_minus_3,7.0,3.62396240234375e-05,0.0009449146412037037,True,0.3926519415245436,5.31369476634812,20,False
GPI,4_minus_3,8.0,4.76837158203125e-05,0.001137943591101695,True,0.6605983246269317,2.8283862521434484,20,False
OGN,4_minus_3,8.0,4.76837158203125e-05,0.001137943591101695,True,0.6636146033754595,38.96002928802166,20,False
IGF2R,4_minus_3,8.0,4.76837158203125e-05,0.001137943591101695,True,0.29649782156774146,3.2936769634309244,20,False
EDN1,4_minus_3,8.0,4.76837158203125e-05,0.001137943591101695,True,0.4322991543421814,38.20294615372419,20,False
SUMF2,4_minus_3,8.0,4.76837158203125e-05,0.001137943591101695,True,0.7157454839258139,4.436412639090068,20,False
FCGR3B,4_minus_3,8.0,4.76837158203125e-05,0.001137943591101695,True,-0.3464267923608154,-34.64520110965073,20,False
DPEP2,4_minus_3,8.0,4.76837158203125e-05,0.001137943591101695,True,0.4443808630504541,1.488319357107592,20,False
LYPD3,4_minus_3,8.0,4.76837158203125e-05,0.001137943591101695,True,0.13758655034164055,0.9393188229562172,20,False
EPS8L2,4_minus_3,8.0,4.76837158203125e-05,0.001137943591101695,True,0.7080425366633152,4.689951791464511,20,False
VWA1,4_minus_3,8.0,4.76837158203125e-05,0.001137943591101695,True,0.5902284071991817,2.153950978978888,20,False
SIAE,4_minus_3,9.0,6.29425048828125e-05,0.001395638533464567,True,0.4263281557925992,1.9432265596089529,20,False
CASP8,4_minus_3,9.0,6.29425048828125e-05,0.001395638533464567,True,1.0724492125287683,3.265321935703317,20,False
DDT,4_minus_3,9.0,6.29425048828125e-05,0.001395638533464567,True,0.7950036024226363,4.569312742036604,20,False
CPXM2,4_minus_3,9.0,6.29425048828125e-05,0.001395638533464567,True,0.4024622786494063,1.601046620404392,20,False
PDCD5,4_minus_3,9.0,6.29425048828125e-05,0.001395638533464567,True,0.8217727932322543,39.44065691667125,20,False
RNASE1,4_minus_3,9.0,6.29425048828125e-05,0.001395638533464567,True,0.6464743256362111,5.189801213837522,20,False
MAMDC2,4_minus_3,9.0,6.29425048828125e-05,0.001395638533464567,True,0.5478117697561367,2.6994312818087107,20,False
LEFTY2,4_minus_3,9.0,6.29425048828125e-05,0.001395638533464567,True,0.48828115895276475,38.46562709631758,20,False
PDGFRA,4_minus_3,9.0,6.29425048828125e-05,0.001395638533464567,True,0.49424531705621155,3.3400351771620476,20,False
IL19,4_minus_3,10.0,8.20159912109375e-05,0.0016736016757246377,True,0.5062797972528121,37.998777829309674,20,False
SERPINB8,4_minus_3,10.0,8.20159912109375e-05,0.0016736016757246377,True,0.8495963562195337,5.290338482197384,20,False
STC1,4_minus_3,10.0,8.20159912109375e-05,0.0016736016757246377,True,1.0519042009724653,39.4910353449125,20,False
PRAP1,4_minus_3,10.0,8.20159912109375e-05,0.0016736016757246377,True,0.37236248327885113,2.0554424953699733,20,False
TNFRSF12A,4_minus_3,10.0,8.20159912109375e-05,0.0016736016757246377,True,0.9026032766636919,3.3313330260141427,20,False
SPINT1,4_minus_3,10.0,8.20159912109375e-05,0.0016736016757246377,True,0.288187908805723,1.085589793788228,20,False
ADAMTSL2,4_minus_3,10.0,8.20159912109375e-05,0.0016736016757246377,True,0.6590315074335442,5.34231884913999,20,False
MYL3,4_minus_3,10.0,8.20159912109375e-05,0.0016736016757246377,True,0.791618138856326,2.778913206646908,20,False
ATOX1,4_minus_3,10.0,8.20159912109375e-05,0.0016736016757246377,True,0.9599321343660743,2.5949991340478586,20,False
CSPG4,4_minus_3,10.0,8.20159912109375e-05,0.0016736016757246377,True,0.7079372607763179,39.09772500843834,20,False
SRP14,4_minus_3,10.0,8.20159912109375e-05,0.0016736016757246377,True,0.6867994612116818,3.116144774644949,20,False
CD1C,4_minus_3,11.0,0.0001049041748046875,0.002095107491134752,True,-0.20097919137775544,-34.60309670738462,20,False
CCL20,4_minus_3,11.0,0.0001049041748046875,0.002095107491134752,True,0.801935408634307,39.06052228820402,20,False
TFF2,4_minus_3,11.0,0.0001049041748046875,0.002095107491134752,True,1.3286180223232522,3.616869606086462,20,False
CTHRC1,4_minus_3,12.0,0.000133514404296875,0.002457363153594771,True,0.40654057187196296,3.2950163872057527,20,False
CCL25,4_minus_3,12.0,0.000133514404296875,0.002457363153594771,True,0.36730915572291534,2.9752123186330866,20,False
PPM1F,4_minus_3,12.0,0.000133514404296875,0.002457363153594771,True,0.38274386583659986,1.5128815772683566,20,False
CGB3_CGB5_CGB8,4_minus_3,12.0,0.000133514404296875,0.002457363153594771,True,0.7990007602140936,38.9010467585407,20,False
NPTX1,4_minus_3,12.0,0.000133514404296875,0.002457363153594771,True,0.37193895665691273,37.86356121661421,20,False
FGL1,4_minus_3,12.0,0.000133514404296875,0.002457363153594771,True,0.44238626362408123,1.9209156243284033,20,False
IL1RAP,4_minus_3,12.0,0.000133514404296875,0.002457363153594771,True,0.23389881408420948,2.061654341466238,20,False
PTX3,4_minus_3,12.0,0.000133514404296875,0.002457363153594771,True,0.6636653606196896,38.68685533111182,20,False
APP,4_minus_3,12.0,0.000133514404296875,0.002457363153594771,True,0.40278443578756695,37.83246376284537,20,False
SCLY,4_minus_3,12.0,0.000133514404296875,0.002457363153594771,True,0.5672200828774059,2.72612807528413,20,False
WIF1,4_minus_3,12.0,0.000133514404296875,0.002457363153594771,True,0.41714278271741523,37.89224691844262,20,False
APEX1,4_minus_3,12.0,0.000133514404296875,0.002457363153594771,True,1.239769513606178,3.543562726823913,20,False
FABP3,4_minus_3,1.0,0.0001550957727957702,0.002836036988265512,True,1.2833696394012284,4.479389543289242,20,False
EZR,4_minus_3,13.0,0.0001678466796875,0.002917631172839506,True,0.40113816578331996,3.3243210637737817,20,False
SHISA5,4_minus_3,13.0,0.0001678466796875,0.002917631172839506,True,0.5767059793874073,6.184581150174254,20,False
OLR1,4_minus_3,13.0,0.0001678466796875,0.002917631172839506,True,0.6562451999276284,2.0592756055924744,20,False
LGALS7_LGALS7B,4_minus_3,13.0,0.0001678466796875,0.002917631172839506,True,0.5767648878724675,38.37015192109719,20,False
ANXA3,4_minus_3,13.0,0.0001678466796875,0.002917631172839506,True,0.5906634155902787,1.9395842459828874,20,False
VSIG2,4_minus_3,13.0,0.0001678466796875,0.002917631172839506,True,0.4637257023091319,38.45125010052649,20,False
HDGF,4_minus_3,13.0,0.0001678466796875,0.002917631172839506,True,0.9619212012164412,5.131000866886263,20,False
CLEC11A,4_minus_3,13.0,0.0001678466796875,0.002917631172839506,True,0.7079924178937226,4.433677448411421,20,False
CLUL1,4_minus_3,14.0,0.000209808349609375,0.0033192152387640445,True,0.3495452627124968,37.33153779772985,20,False
ICAM2,4_minus_3,14.0,0.000209808349609375,0.0033192152387640445,False,-0.3376485565469434,0.0,20,False
DCTPP1,4_minus_3,14.0,0.000209808349609375,0.0033192152387640445,True,0.5927715384064024,11.257258811895785,20,False
PPCDC,4_minus_3,14.0,0.000209808349609375,0.0033192152387640445,True,0.7091425722976424,3.051023888418005,20,False
SEMA7A,4_minus_3,14.0,0.000209808349609375,0.0033192152387640445,True,0.716910353968994,1.7234195788408007,20,False
HRG,4_minus_3,14.0,0.000209808349609375,0.0033192152387640445,False,-0.4614910738289616,0.0,20,False
MAN2B2,4_minus_3,14.0,0.000209808349609375,0.0033192152387640445,True,0.4450196957981848,3.5991943524830057,20,False
GUCA2A,4_minus_3,14.0,0.000209808349609375,0.0033192152387640445,True,0.4786699644290343,37.18951219820182,20,False
FABP1,4_minus_3,14.0,0.000209808349609375,0.0033192152387640445,True,1.4119386270524357,40.43269055395114,20,False
COL6A3,4_minus_3,14.0,0.000209808349609375,0.0033192152387640445,True,0.5192250696364547,2.954800263345883,20,False
CXCL8,4_minus_3,14.0,0.000209808349609375,0.0033192152387640445,True,0.8585732073616972,38.64403420160444,20,False
LY9,4_minus_3,14.0,0.000209808349609375,0.0033192152387640445,True,-0.2175624274869807,-32.11482815887271,20,False
COL5A1,4_minus_3,14.0,0.000209808349609375,0.0033192152387640445,True,0.7160551692597006,3.550469905982014,20,False
FGF21,4_minus_3,14.0,0.000209808349609375,0.0033192152387640445,True,2.842687973515197,5.664024396435036,20,False
PARK7,4_minus_3,14.0,0.000209808349609375,0.0033192152387640445,True,0.7104401950262582,4.528154341029883,20,False
IGSF3,4_minus_3,14.0,0.000209808349609375,0.0033192152387640445,True,1.0513570833036885,1.983731003499288,20,False
TXNRD1,4_minus_3,15.0,0.0002613067626953125,0.003872841282894737,True,0.5957787715194991,2.724721752662373,20,False
SERPINB1,4_minus_3,15.0,0.0002613067626953125,0.003872841282894737,True,0.8614335033640659,2.702270163126555,20,False
TARS1,4_minus_3,15.0,0.0002613067626953125,0.003872841282894737,True,0.5409397781046732,2.15180479592999,20,False
BTN1A1,4_minus_3,15.0,0.0002613067626953125,0.003872841282894737,True,0.6858020902519437,1.6738532534322088,20,False
FIS1,4_minus_3,15.0,0.0002613067626953125,0.003872841282894737,True,0.7584289708902578,2.8094483583734653,20,False
MDK,4_minus_3,15.0,0.0002613067626953125,0.003872841282894737,True,0.7656557066285803,39.25055282202616,20,False
MIF,4_minus_3,15.0,0.0002613067626953125,0.003872841282894737,True,0.9391588621552078,4.020755697846544,20,False
ANXA2,4_minus_3,15.0,0.0002613067626953125,0.003872841282894737,True,0.8261314976584033,4.146537015276703,20,False
CAPG,4_minus_3,15.0,0.0002613067626953125,0.003872841282894737,True,0.6535440495928846,38.994260516430735,20,False
COL18A1,4_minus_3,15.0,0.0002613067626953125,0.003872841282894737,True,0.3242199716789006,37.430676623689116,20,False
DLK1,4_minus_3,15.0,0.0002613067626953125,0.003872841282894737,True,0.8213803747184723,2.6017288777414564,20,False
CDA,4_minus_3,15.0,0.0002613067626953125,0.003872841282894737,True,0.5475231397993634,3.654339720591283,20,False
SCARA5,4_minus_3,16.0,0.0003223419189453125,0.00453857421875,True,0.40188753808588334,37.95442013245908,20,False
PAEP,4_minus_3,16.0,0.0003223419189453125,0.00453857421875,False,-0.3165455300661574,0.0,20,False
NUDT5,4_minus_3,16.0,0.0003223419189453125,0.00453857421875,True,0.6318780345154922,2.4904824913634456,20,False
PEBP1,4_minus_3,16.0,0.0003223419189453125,0.00453857421875,True,0.7522465413082995,2.809288925478197,20,False
HARS1,4_minus_3,16.0,0.0003223419189453125,0.00453857421875,True,0.5293729740133757,2.811019490497053,20,False
CCL16,4_minus_3,16.0,0.0003223419189453125,0.00453857421875,True,0.24977086161304562,1.0185703969426763,20,False
FAM3B,4_minus_3,16.0,0.0003223419189453125,0.00453857421875,True,0.28627040408932747,37.409452807156136,20,False
CCN3,4_minus_3,16.0,0.0003223419189453125,0.00453857421875,True,0.4338170273509256,1.9972232826428349,20,False
NID1,4_minus_3,16.0,0.0003223419189453125,0.00453857421875,True,0.8747283499056298,3.3316650472174927,20,False
LRPAP1,4_minus_3,16.0,0.0003223419189453125,0.00453857421875,True,0.322431747520629,5.108362713427327,20,False
B4GALT1,4_minus_3,17.0,0.0003948211669921875,0.005244417010613208,True,0.3550492469569615,2.0970076255394887,20,False
TIMP2,4_minus_3,17.0,0.0003948211669921875,0.005244417010613208,True,0.31964261423418755,1.9003253824038417,20,False
CIAPIN1,4_minus_3,17.0,0.0003948211669921875,0.005244417010613208,True,0.6955213129333244,2.823246673564343,20,False
CPXM1,4_minus_3,17.0,0.0003948211669921875,0.005244417010613208,True,0.4974509982481198,38.130552071727095,20,False
INHBC,4_minus_3,17.0,0.0003948211669921875,0.005244417010613208,True,0.5154343850021108,1.5426102432092657,20,False
F11R,4_minus_3,17.0,0.0003948211669921875,0.005244417010613208,True,0.5769845734703472,2.335512990803915,20,False
MMP1,4_minus_3,17.0,0.0003948211669921875,0.005244417010613208,True,1.248288903184148,39.918297402473854,20,False
LGMN,4_minus_3,17.0,0.0003948211669921875,0.005244417010613208,True,0.6631824457502196,2.258112601641502,20,False
LAIR1,4_minus_3,17.0,0.0003948211669921875,0.005244417010613208,True,0.3561070674869234,37.94753011229133,20,False
ENPP6,4_minus_3,17.0,0.0003948211669921875,0.005244417010613208,False,-0.24734455156864463,0.0,20,False
MFAP5,4_minus_3,17.0,0.0003948211669921875,0.005244417010613208,True,0.34311602023378296,1.3598828923955908,20,False
ENG,4_minus_3,17.0,0.0003948211669921875,0.005244417010613208,True,0.3452188734783598,2.5769734285043633,20,False
WARS1,4_minus_3,7.0,0.00039814247498266234,0.005263705209160456,True,0.5068383790462802,7.131498712295194,20,False
TNFRSF19,4_minus_3,18.0,0.0004825592041015625,0.006066458565848214,True,0.3796408868456993,38.010788065941625,20,False
TMSB10,4_minus_3,18.0,0.0004825592041015625,0.006066458565848214,True,0.9078123130416746,2.502449455019025,20,False
DAG1,4_minus_3,18.0,0.0004825592041015625,0.006066458565848214,True,0.5039950371036325,1.8324805034766953,20,False
PM20D1,4_minus_3,18.0,0.0004825592041015625,0.006066458565848214,True,0.18762428128247055,1.6440140366714209,20,False
GGACT,4_minus_3,18.0,0.0004825592041015625,0.006066458565848214,True,0.8845440268849245,2.7355380284795214,20,False
STIP1,4_minus_3,18.0,0.0004825592041015625,0.006066458565848214,True,0.5443157126135909,38.70281272548977,20,False
LBR,4_minus_3,18.0,0.0004825592041015625,0.006066458565848214,True,0.6761738697483987,2.26876836144929,20,False
SMPD1,4_minus_3,18.0,0.0004825592041015625,0.006066458565848214,True,0.23274834876749967,2.751334357246731,20,False
NCAN,4_minus_3,18.0,0.0004825592041015625,0.006066458565848214,True,0.310736927707015,31.695293011398824,20,False
ADAM12,4_minus_3,18.0,0.0004825592041015625,0.006066458565848214,True,-0.1732980088809457,-36.37386754209249,20,False
CPVL,4_minus_3,18.0,0.0004825592041015625,0.006066458565848214,True,0.19897133497537495,1.9861616645318136,20,False
DFFA,4_minus_3,19.0,0.0005855560302734375,0.007169242527173912,True,0.6646254039472792,2.511483291373296,20,False
CA9,4_minus_3,19.0,0.0005855560302734375,0.007169242527173912,True,0.3744683235917728,36.43877804555514,20,False
IFNGR1,4_minus_3,19.0,0.0005855560302734375,0.007169242527173912,True,0.19300455651303663,2.464563445702203,20,False
TRIM21,4_minus_3,19.0,0.0005855560302734375,0.007169242527173912,True,0.9309088115694547,4.716596209139114,20,False
PILRA,4_minus_3,19.0,0.0005855560302734375,0.007169242527173912,True,0.35902781069393674,2.1560832737681603,20,False
ANGPT2,4_minus_3,19.0,0.0005855560302734375,0.007169242527173912,False,-0.30308355975484486,0.0,20,False
TFPI2,4_minus_3,20.0,0.0007076263427734375,0.008133370535714286,True,0.23965435379144878,1.1646379980472565,20,False
LTBR,4_minus_3,20.0,0.0007076263427734375,0.008133370535714286,True,0.3377645889519517,3.2749058636643844,20,False
CD99,4_minus_3,20.0,0.0007076263427734375,0.008133370535714286,True,0.2032608455666255,35.965549921518615,20,False
KRT18,4_minus_3,20.0,0.0007076263427734375,0.008133370535714286,True,1.170797587699708,3.228982041593651,20,False
PLXNB3,4_minus_3,20.0,0.0007076263427734375,0.008133370535714286,True,0.2675917082657278,1.8485267566198973,20,False
PLXNB2,4_minus_3,20.0,0.0007076263427734375,0.008133370535714286,True,0.6725259920574806,2.0098961308512453,20,False
COCH,4_minus_3,20.0,0.0007076263427734375,0.008133370535714286,True,0.5462392282398472,38.54199606012247,20,False
SPOCK1,4_minus_3,20.0,0.0007076263427734375,0.008133370535714286,True,0.5277746400179126,38.45722664113188,20,False
SPINT2,4_minus_3,20.0,0.0007076263427734375,0.008133370535714286,True,0.7526340982546985,39.06062114994544,20,False
RSPO3,4_minus_3,20.0,0.0007076263427734375,0.008133370535714286,True,0.40520439699490995,37.43162579807241,20,False
BLVRB,4_minus_3,20.0,0.0007076263427734375,0.008133370535714286,True,0.4796646176996511,37.661853925000294,20,False
SERPINC1,4_minus_3,20.0,0.0007076263427734375,0.008133370535714286,True,-0.2030578051222237,-34.31943581160612,20,False
OMD,4_minus_3,20.0,0.0007076263427734375,0.008133370535714286,True,0.5687553447864302,38.44853116500022,20,False
NELL2,4_minus_3,20.0,0.0007076263427734375,0.008133370535714286,True,0.38228003470878613,38.047071181233825,20,False
CLEC1A,4_minus_3,20.0,0.0007076263427734375,0.008133370535714286,True,0.5126505764504341,2.1082500695203796,20,False
CST3,4_minus_3,21.0,0.000850677490234375,0.009213491586538461,True,0.6805521909714961,4.571629026821223,20,False
RSPO1,4_minus_3,21.0,0.000850677490234375,0.009213491586538461,True,0.42072551287483095,37.5771582713268,20,False
CD46,4_minus_3,21.0,0.000850677490234375,0.009213491586538461,True,0.26828927015661863,2.9073226794281313,20,False
CELSR2,4_minus_3,21.0,0.000850677490234375,0.009213491586538461,True,0.2874555011199766,37.17053836330753,20,False
DCTN1,4_minus_3,21.0,0.000850677490234375,0.009213491586538461,True,0.5936439083474616,2.657746436003357,20,False
SLC39A5,4_minus_3,21.0,0.000850677490234375,0.009213491586538461,True,0.44395265063675193,2.072340823714017,20,False
TIMP3,4_minus_3,21.0,0.000850677490234375,0.009213491586538461,True,1.2379193443000813,6.985385372361992,20,False
IMMT,4_minus_3,21.0,0.000850677490234375,0.009213491586538461,True,0.6594179208854556,38.991072617993325,20,False
SHMT1,4_minus_3,21.0,0.000850677490234375,0.009213491586538461,True,1.041171115488868,4.157489619913124,20,False
PTPRZ1,4_minus_3,21.0,0.000850677490234375,0.009213491586538461,True,0.39499780104717597,37.908221788575375,20,False
NOMO1,4_minus_3,21.0,0.000850677490234375,0.009213491586538461,True,0.12847635287807904,1.6547219347700652,20,False
NRCAM,4_minus_3,21.0,0.000850677490234375,0.009213491586538461,True,0.48918917260926464,2.4393865695803703,20,False
GUSB,4_minus_3,21.0,0.000850677490234375,0.009213491586538461,True,0.4792887645764691,2.5889078058864987,20,False
FCRL1,4_minus_3,21.0,0.000850677490234375,0.009213491586538461,False,-0.1680577651297802,0.0,20,False
BST2,4_minus_3,21.0,0.000850677490234375,0.009213491586538461,True,0.25743556913571275,2.6049938530089833,20,False
PGD,4_minus_3,22.0,0.0010166168212890625,0.010602936921296297,True,0.5942580559509243,3.1065381853979264,20,False
FAM3C,4_minus_3,22.0,0.0010166168212890625,0.010602936921296297,True,0.4828395967165041,38.01852173967493,20,False
GRPEL1,4_minus_3,22.0,0.0010166168212890625,0.010602936921296297,True,0.5831422768091263,4.227436927476136,20,False
SOD1,4_minus_3,22.0,0.0010166168212890625,0.010602936921296297,True,0.49592955705102615,7.184529354632179,20,False
MMP8,4_minus_3,22.0,0.0010166168212890625,0.010602936921296297,True,0.934421355842119,39.074190339964396,20,False
CTSS,4_minus_3,22.0,0.0010166168212890625,0.010602936921296297,True,0.16388335886679362,2.059938006863166,20,False
EPPK1,4_minus_3,22.0,0.0010166168212890625,0.010602936921296297,True,0.3584128285408495,3.9739278837078693,20,False
NSFL1C,4_minus_3,22.0,0.0010166168212890625,0.010602936921296297,True,0.7979220989852576,39.094869320255405,20,False
BLMH,4_minus_3,22.0,0.0010166168212890625,0.010602936921296297,True,0.2647270789730335,4.091273673662775,20,False
MAD1L1,4_minus_3,22.0,0.0010166168212890625,0.010602936921296297,True,0.7682105857371037,5.4642551928403025,20,False
SPON2,4_minus_3,23.0,0.001209259033203125,0.011742322198275862,True,0.43644306486648504,2.1596003318981167,20,False
CBS,4_minus_3,23.0,0.001209259033203125,0.011742322198275862,True,0.7627997654148678,2.983613270058511,20,False
MFGE8,4_minus_3,23.0,0.001209259033203125,0.011742322198275862,True,0.3805205092133377,1.1948990379406157,20,False
SORT1,4_minus_3,23.0,0.001209259033203125,0.011742322198275862,True,0.473292274536923,2.7785475215837665,20,False
MDGA1,4_minus_3,23.0,0.001209259033203125,0.011742322198275862,False,-0.2314740098480322,0.0,20,False
HCLS1,4_minus_3,23.0,0.001209259033203125,0.011742322198275862,True,0.7745711819050719,2.4621955793291446,20,False
S100P,4_minus_3,23.0,0.001209259033203125,0.011742322198275862,True,0.9936847519905269,2.9208612306358197,20,False
MCFD2,4_minus_3,23.0,0.001209259033203125,0.011742322198275862,True,0.4405151796869452,3.655505839897522,20,False
CFD,4_minus_3,23.0,0.001209259033203125,0.011742322198275862,True,0.2650067365813756,37.06623491953697,20,False
RNASE10,4_minus_3,23.0,0.001209259033203125,0.011742322198275862,True,0.39560469525710795,2.7492281573060753,20,False
PTPRF,4_minus_3,23.0,0.001209259033203125,0.011742322198275862,True,0.5511128193480349,2.515769660658659,20,False
CHCHD6,4_minus_3,23.0,0.001209259033203125,0.011742322198275862,True,0.38451568778350853,2.7929168382379785,20,False
FUT8,4_minus_3,23.0,0.001209259033203125,0.011742322198275862,True,0.4359259681757428,4.0228323958177095,20,False
FUCA1,4_minus_3,23.0,0.001209259033203125,0.011742322198275862,True,0.6144792456557244,4.30471389790509,20,False
PAM,4_minus_3,23.0,0.001209259033203125,0.011742322198275862,True,0.18701373787232362,1.3051578233472854,20,False
ERBB3,4_minus_3,23.0,0.001209259033203125,0.011742322198275862,True,0.31821189488819857,3.3493133938772264,20,False
EIF4G1,4_minus_3,23.0,0.001209259033203125,0.011742322198275862,True,1.0359278407183132,2.5244832214518094,20,False
TOR1AIP1,4_minus_3,23.0,0.001209259033203125,0.011742322198275862,True,0.5972417034213944,2.851642889984943,20,False
COL3A1,4_minus_3,23.0,0.001209259033203125,0.011742322198275862,True,0.29943542657698896,1.8724744980071484,20,False
CXCL6,4_minus_3,23.0,0.001209259033203125,0.011742322198275862,True,0.8985402550127346,39.20561440806545,20,False
CGREF1,4_minus_3,24.0,0.0014324188232421875,0.01353587720218121,True,0.2784642389327803,37.550217895795484,20,False
NACC1,4_minus_3,24.0,0.0014324188232421875,0.01353587720218121,True,0.7271573627259988,2.486107079000605,20,False
LPL,4_minus_3,24.0,0.0014324188232421875,0.01353587720218121,False,-0.25595605967105006,0.0,20,False
THTPA,4_minus_3,24.0,0.0014324188232421875,0.01353587720218121,True,0.844185562320845,2.897690218342375,20,False
PPP1R2,4_minus_3,24.0,0.0014324188232421875,0.01353587720218121,True,0.7252258991312562,3.7171954670464418,20,False
HEPACAM2,4_minus_3,24.0,0.0014324188232421875,0.01353587720218121,False,-0.28720869550603584,0.0,20,False
ASGR1,4_minus_3,24.0,0.0014324188232421875,0.01353587720218121,True,0.4263540636578576,2.3393079272533384,20,False
VSIG4,4_minus_3,24.0,0.0014324188232421875,0.01353587720218121,True,0.4404038547771526,38.33093959523092,20,False
CCN2,4_minus_3,25.0,0.001689910888671875,0.015107266865079365,True,0.7382361396270913,5.129092902407424,20,False
HMBS,4_minus_3,25.0,0.001689910888671875,0.015107266865079365,True,0.6057387763150341,38.75753946473147,20,False
CTSC,4_minus_3,25.0,0.001689910888671875,0.015107266865079365,True,0.2698002458323186,37.50481103728156,20,False
TFF1,4_minus_3,25.0,0.001689910888671875,0.015107266865079365,True,0.4765392450077078,38.15786217085651,20,False
CCL11,4_minus_3,25.0,0.001689910888671875,0.015107266865079365,False,0.40640028727465805,0.0,20,False
PRDX5,4_minus_3,25.0,0.001689910888671875,0.015107266865079365,True,1.1733640680106034,2.7086010113251886,20,False
LHPP,4_minus_3,25.0,0.001689910888671875,0.015107266865079365,True,0.6261857374768824,4.947764580602953,20,False
METAP2,4_minus_3,25.0,0.001689910888671875,0.015107266865079365,True,0.6469231890776002,2.082760369738008,20,False
CD109,4_minus_3,25.0,0.001689910888671875,0.015107266865079365,True,0.21179248275110454,37.0834381825323,20,False
COLEC12,4_minus_3,25.0,0.001689910888671875,0.015107266865079365,True,0.46996768114843424,38.39878669468225,20,False
THOP1,4_minus_3,25.0,0.001689910888671875,0.015107266865079365,True,0.35480975174121054,4.162767833095601,20,False
SOD3,4_minus_3,25.0,0.001689910888671875,0.015107266865079365,True,0.27345374897081065,35.47416133592653,20,False
SMPDL3A,4_minus_3,25.0,0.001689910888671875,0.015107266865079365,True,0.27342013146029887,37.41437892280005,20,False
CHGB,4_minus_3,25.0,0.001689910888671875,0.015107266865079365,True,0.26583560268656337,37.130659684937726,20,False
CD59,4_minus_3,25.0,0.001689910888671875,0.015107266865079365,True,0.28870922935763016,37.60958524561931,20,False
FXN,4_minus_3,25.0,0.001689910888671875,0.015107266865079365,True,0.7190883615846838,2.8170060113560265,20,False
CHGA,4_minus_3,25.0,0.001689910888671875,0.015107266865079365,True,0.39183370171933174,37.00190533457816,20,False
VSTM2L,4_minus_3,26.0,0.0019855499267578125,0.017098803038990827,True,-0.2724744648473185,-35.25749579535973,20,False
FABP9,4_minus_3,26.0,0.0019855499267578125,0.017098803038990827,True,0.20762140974368365,37.00523269541471,20,False
ECHDC3,4_minus_3,26.0,0.0019855499267578125,0.017098803038990827,True,0.5505106950374693,1.1960986767846713,20,False
TRIAP1,4_minus_3,18.0,0.0019440584341867799,0.017098803038990827,True,0.33569790767482766,2.4373271960107963,20,False
BOLA2_BOLA2B,4_minus_3,26.0,0.0019855499267578125,0.017098803038990827,True,0.5809155680141159,38.53809101981698,20,False
RAB44,4_minus_3,26.0,0.0019855499267578125,0.017098803038990827,True,1.091290724110467,6.555502983600662,20,False
YJU2,4_minus_3,26.0,0.0019855499267578125,0.017098803038990827,True,0.5217116545144976,38.47164509836961,20,False
MB,4_minus_3,26.0,0.0019855499267578125,0.017098803038990827,True,0.2591893342516375,2.821447652719807,20,False
NPC2,4_minus_3,26.0,0.0019855499267578125,0.017098803038990827,True,0.344524052157823,3.6528198296647156,20,False
EPCAM,4_minus_3,26.0,0.0019855499267578125,0.017098803038990827,False,-0.5219777261638217,0.0,20,False
AP1G2,4_minus_3,26.0,0.0019855499267578125,0.017098803038990827,True,0.7332354478114997,1.4659112385479267,20,False
PLAUR,4_minus_3,26.0,0.0019855499267578125,0.017098803038990827,True,0.32550285211851304,37.63629054430447,20,False
EGLN1,4_minus_3,27.0,0.0023250579833984375,0.018923015263728325,True,1.089695954711456,4.193406850504747,20,False
GAD2,4_minus_3,27.0,0.0023250579833984375,0.018923015263728325,True,-0.48879095895961044,-36.873482400288346,20,False
ANGPTL4,4_minus_3,27.0,0.0023250579833984375,0.018923015263728325,True,0.49223620082283037,2.5812352932395726,20,False
ZP3,4_minus_3,27.0,0.0023250579833984375,0.018923015263728325,True,0.1966517238150407,36.42255389770833,20,False
ENTR1,4_minus_3,27.0,0.0023250579833984375,0.018923015263728325,True,0.5228676588895395,2.226289159722826,20,False
CDH17,4_minus_3,27.0,0.0023250579833984375,0.018923015263728325,False,-0.2706713322919144,0.0,20,False
NBL1,4_minus_3,27.0,0.0023250579833984375,0.018923015263728325,True,0.2538812543000901,37.44529006541286,20,False
GLOD4,4_minus_3,27.0,0.0023250579833984375,0.018923015263728325,True,0.4677104008450493,38.375293121096675,20,False
OSMR,4_minus_3,19.0,0.0022251801164110546,0.018923015263728325,True,0.35265684668045894,1.957305004115283,20,False
PILRB,4_minus_3,27.0,0.0023250579833984375,0.018923015263728325,True,0.24112421125047265,1.4704151852558578,20,False
FABP4,4_minus_3,27.0,0.0023250579833984375,0.018923015263728325,True,0.5192156689769156,2.503562667894507,20,False
MPO,4_minus_3,27.0,0.0023250579833984375,0.018923015263728325,True,0.5524262996679978,38.33698097206891,20,False
NOTCH3,4_minus_3,27.0,0.0023250579833984375,0.018923015263728325,True,0.6992384320974214,38.89121282552186,20,False
NUDC,4_minus_3,27.0,0.0023250579833984375,0.018923015263728325,True,0.619688662543036,1.613217502345782,20,False
RNASE3,4_minus_3,27.0,0.0023250579833984375,0.018923015263728325,True,1.3363223238611481,4.558847190123888,20,False
SLURP1,4_minus_3,27.0,0.0023250579833984375,0.018923015263728325,True,0.16830515805370555,36.56235263911909,20,False
CD300E,4_minus_3,27.0,0.0023250579833984375,0.018923015263728325,True,0.43457525193094715,1.721734215474396,20,False
CD79B,4_minus_3,27.0,0.0023250579833984375,0.018923015263728325,False,-0.20689718296991966,0.0,20,False
TNFRSF8,4_minus_3,27.0,0.0023250579833984375,0.018923015263728325,False,-0.40244011290440435,0.0,20,False
SAMD9L,4_minus_3,28.0,0.002712249755859375,0.020754606827445652,True,1.1556140089106253,2.8059671641673662,20,False
DPEP1,4_minus_3,28.0,0.002712249755859375,0.020754606827445652,True,-0.19018833938690421,-33.35627417246519,20,False
PVR,4_minus_3,28.0,0.002712249755859375,0.020754606827445652,True,0.20518823707868253,2.0815169134260265,20,False
LRP1,4_minus_3,28.0,0.002712249755859375,0.020754606827445652,True,0.42125429529705527,37.848941184004374,20,False
ACHE,4_minus_3,28.0,0.002712249755859375,0.020754606827445652,True,0.35886881246667773,36.72664262941495,20,False
DIPK2B,4_minus_3,28.0,0.002712249755859375,0.020754606827445652,True,-0.2513767685324375,-32.59871656964949,20,False
HAGH,4_minus_3,28.0,0.002712249755859375,0.020754606827445652,True,0.6981581203083724,38.95398697109316,20,False
UPB1,4_minus_3,28.0,0.002712249755859375,0.020754606827445652,True,0.9648871867341011,2.2309051676975993,20,False
HSPG2,4_minus_3,28.0,0.002712249755859375,0.020754606827445652,True,0.4201524046753282,38.10708560376283,20,False
MFAP4,4_minus_3,28.0,0.002712249755859375,0.020754606827445652,True,0.41278972940648984,37.95593659609021,20,False
PPP1R9B,4_minus_3,28.0,0.002712249755859375,0.020754606827445652,True,0.9450810650638852,2.0544437290659467,20,False
THY1,4_minus_3,28.0,0.002712249755859375,0.020754606827445652,True,0.3066386799637103,37.46586641489135,20,False
PAGR1,4_minus_3,28.0,0.002712249755859375,0.020754606827445652,True,0.5274436733324056,38.380945258892005,20,False
ACVRL1,4_minus_3,28.0,0.002712249755859375,0.020754606827445652,True,0.2338506870824163,1.4913122773208476,20,False
FGF23,4_minus_3,28.0,0.002712249755859375,0.020754606827445652,True,1.1072218586546674,2.794878033801546,20,False
MDH1,4_minus_3,28.0,0.002712249755859375,0.020754606827445652,True,0.1125284604860031,5.6326532663476545,20,False
UBE2B,4_minus_3,28.0,0.002712249755859375,0.020754606827445652,True,0.3043780319284545,37.74999071231334,20,False
RWDD1,4_minus_3,28.0,0.002712249755859375,0.020754606827445652,True,0.5880157299823496,3.0249944720775037,20,False
IL18R1,4_minus_3,28.0,0.002712249755859375,0.020754606827445652,True,0.15798978856093956,1.2993391626320208,20,False
LGALS8,4_minus_3,28.0,0.002712249755859375,0.020754606827445652,True,0.16400293122795168,1.0773460452839823,20,False
PRL,4_minus_3,28.0,0.002712249755859375,0.020754606827445652,True,0.28746352662768626,1.7878076229236342,20,False
CRH,4_minus_3,28.0,0.002712249755859375,0.020754606827445652,True,2.8905449391832807,3.6187660030509297,20,False
VCAN,4_minus_3,29.0,0.0031528472900390625,0.023120880126953125,True,0.376226036441187,37.60488224073546,20,False
RILP,4_minus_3,29.0,0.0031528472900390625,0.023120880126953125,True,0.7827351705169525,6.4330673078884635,20,False
ELOA,4_minus_3,29.0,0.0031528472900390625,0.023120880126953125,True,0.705256708888949,3.2752129550149904,20,False
PPP1R12A,4_minus_3,29.0,0.0031528472900390625,0.023120880126953125,True,0.3585261054383383,2.327457534982194,20,False
GPR37,4_minus_3,29.0,0.0031528472900390625,0.023120880126953125,True,0.7607901550211242,1.9587917724278177,20,False
P4HB,4_minus_3,29.0,0.0031528472900390625,0.023120880126953125,True,0.19567209915095313,1.0822099920882624,20,False
CCN1,4_minus_3,29.0,0.0031528472900390625,0.023120880126953125,True,0.8414554681752466,4.692074015745606,20,False
DPT,4_minus_3,29.0,0.0031528472900390625,0.023120880126953125,True,0.2597657553523742,2.459555589086415,20,False
HTRA2,4_minus_3,29.0,0.0031528472900390625,0.023120880126953125,True,0.3408895090933269,1.466288912320072,20,False
NIT2,4_minus_3,29.0,0.0031528472900390625,0.023120880126953125,True,0.642222261372895,1.4846457510827498,20,False
FRZB,4_minus_3,29.0,0.0031528472900390625,0.023120880126953125,True,0.31700878065392213,37.37041581996967,20,False
FAP,4_minus_3,29.0,0.0031528472900390625,0.023120880126953125,True,0.256491811509722,1.461973645582667,20,False
ACP6,4_minus_3,29.0,0.0031528472900390625,0.023120880126953125,True,0.141575375159596,1.6250364530784933,20,False
PIGR,4_minus_3,29.0,0.0031528472900390625,0.023120880126953125,True,0.2448091207929957,1.483075057451313,20,False
CCL13,4_minus_3,29.0,0.0031528472900390625,0.023120880126953125,True,0.4792889311205137,37.60703342830937,20,False
RBP2,4_minus_3,29.0,0.0031528472900390625,0.023120880126953125,True,0.270606826250804,36.85333460336094,20,False
DNAJA2,4_minus_3,22.0,0.003306789231116912,0.024186801233312273,True,0.7014329553312211,2.6330896186166566,20,False
SDC4,4_minus_3,30.0,0.00365447998046875,0.026185790394402036,True,0.9989493964915391,39.48177991176871,20,False
MOCS2,4_minus_3,30.0,0.00365447998046875,0.026185790394402036,True,0.54973098935907,1.9248914217488609,20,False
BSG,4_minus_3,30.0,0.00365447998046875,0.026185790394402036,True,0.10945521899818884,2.8614039513559852,20,False
DNPH1,4_minus_3,30.0,0.00365447998046875,0.026185790394402036,True,0.5478458546060272,38.54989439412887,20,False
FCER2,4_minus_3,30.0,0.00365447998046875,0.026185790394402036,True,0.5223488248653931,38.54826821482823,20,False
FCAMR,4_minus_3,30.0,0.00365447998046875,0.026185790394402036,True,-0.3429362068129838,-36.320519707614196,20,False
SERPINI2,4_minus_3,30.0,0.00365447998046875,0.026185790394402036,True,-0.28562646182906914,-35.02955989044798,20,False
PSMG3,4_minus_3,30.0,0.00365447998046875,0.026185790394402036,True,0.892152198736933,7.551434016091394,20,False
CHRDL1,4_minus_3,31.0,0.0042209625244140625,0.029061688187652812,True,0.17640544895216506,36.26150269674322,20,False
CD99L2,4_minus_3,31.0,0.0042209625244140625,0.029061688187652812,True,0.20570173558009358,36.968801784826255,20,False
S100A14,4_minus_3,31.0,0.0042209625244140625,0.029061688187652812,False,-0.32627975073940985,0.0,20,False
DSG4,4_minus_3,31.0,0.0042209625244140625,0.029061688187652812,True,-0.21092290445632728,-35.634489284192554,20,False
BGLAP,4_minus_3,31.0,0.0042209625244140625,0.029061688187652812,True,0.6419277283810016,2.018568957765629,20,False
DDAH1,4_minus_3,31.0,0.0042209625244140625,0.029061688187652812,True,0.8403484194353672,3.0499337156020347,20,False
MATN2,4_minus_3,31.0,0.0042209625244140625,0.029061688187652812,True,0.26150619622525856,37.40075576097669,20,False
ENO2,4_minus_3,31.0,0.0042209625244140625,0.029061688187652812,True,0.406292749663405,1.6911268631857783,20,False
C7,4_minus_3,31.0,0.0042209625244140625,0.029061688187652812,True,0.13857775944103334,36.00746488306965,20,False
LY6D,4_minus_3,31.0,0.0042209625244140625,0.029061688187652812,True,0.36261950756575356,37.92516661204607,20,False
GMPR,4_minus_3,31.0,0.0042209625244140625,0.029061688187652812,True,0.8793302856645376,39.397333395224074,20,False
MAP2K6,4_minus_3,31.0,0.0042209625244140625,0.029061688187652812,True,0.7540008431255365,1.9942584783630097,20,False
VWF,4_minus_3,31.0,0.0042209625244140625,0.029061688187652812,True,0.8075484346015624,39.41912532264558,20,False
FGFBP1,4_minus_3,31.0,0.0042209625244140625,0.029061688187652812,True,-0.33630954295595483,-35.32797394263894,20,False
LRRN1,4_minus_3,31.0,0.0042209625244140625,0.029061688187652812,True,-0.27575167240026766,-36.27005888917178,20,False
S100A11,4_minus_3,31.0,0.0042209625244140625,0.029061688187652812,True,0.5925063503425767,38.880169633808165,20,False
ESAM,4_minus_3,24.0,0.0042740329557000925,0.029355309276223075,True,0.28584166777819425,2.753901541016913,20,False
TSLP,4_minus_3,32.0,0.00485992431640625,0.03212569688967136,True,-0.3572004875867919,-35.51914939186221,20,False
MENT,4_minus_3,32.0,0.00485992431640625,0.03212569688967136,False,-0.10505314667162458,0.0,20,False
PDIA3,4_minus_3,32.0,0.00485992431640625,0.03212569688967136,True,0.5144525009236249,4.024903763999371,20,False
GLRX,4_minus_3,32.0,0.00485992431640625,0.03212569688967136,True,0.6392923407376253,4.009464710692994,20,False
CILP,4_minus_3,32.0,0.00485992431640625,0.03212569688967136,True,0.591972485864446,38.79503788851773,20,False
FN1,4_minus_3,32.0,0.00485992431640625,0.03212569688967136,True,0.15508426259430494,7.88301915137048,20,False
TINAGL1,4_minus_3,32.0,0.00485992431640625,0.03212569688967136,True,0.370495018790027,1.240407036778841,20,False
TREM2,4_minus_3,32.0,0.00485992431640625,0.03212569688967136,True,0.36489184569608046,2.0516420361435856,20,False
GOLM2,4_minus_3,32.0,0.00485992431640625,0.03212569688967136,True,0.1964478470861516,1.5364457495518493,20,False
VNN1,4_minus_3,32.0,0.00485992431640625,0.03212569688967136,True,0.14154313063525475,1.1573647243825538,20,False
IL1RN,4_minus_3,32.0,0.00485992431640625,0.03212569688967136,True,0.3907896519019179,2.1940455787043955,20,False
GOT1,4_minus_3,32.0,0.00485992431640625,0.03212569688967136,True,0.4790459299398753,4.273102344424637,20,False
IL1RL2,4_minus_3,32.0,0.00485992431640625,0.03212569688967136,False,-0.2737423542088201,0.0,20,False
NMNAT1,4_minus_3,32.0,0.00485992431640625,0.03212569688967136,True,1.01357613588364,5.9303394970069405,20,False
CRTAM,4_minus_3,25.0,0.004848166082515941,0.03212569688967136,True,-0.2973916338321193,-32.82936236531981,20,False
LIFR,4_minus_3,32.0,0.00485992431640625,0.03212569688967136,True,0.3699695498032802,1.5564568466429303,20,False
CRKL,4_minus_3,33.0,0.005580902099609375,0.03588086829337899,True,0.7756926054884258,3.136049846961666,20,False
IKZF2,4_minus_3,33.0,0.005580902099609375,0.03588086829337899,True,-0.5851991878971003,-36.695134975705045,20,False
IL16,4_minus_3,33.0,0.005580902099609375,0.03588086829337899,True,0.5061904190850575,4.128494349357067,20,False
CSF2RA,4_minus_3,33.0,0.005580902099609375,0.03588086829337899,True,0.5349753667911343,3.6020490221669323,20,False
IL18,4_minus_3,33.0,0.005580902099609375,0.03588086829337899,True,0.16611729752629215,2.325072753472357,20,False
YWHAQ,4_minus_3,33.0,0.005580902099609375,0.03588086829337899,True,0.3686006434904843,2.1893003561037436,20,False
SMAD3,4_minus_3,33.0,0.005580902099609375,0.03588086829337899,True,0.7487234871649547,39.06509212945447,20,False
VCAM1,4_minus_3,26.0,0.005491205694554838,0.03588086829337899,True,0.21052157380484365,36.87574291634776,20,False
LSP1,4_minus_3,33.0,0.005580902099609375,0.03588086829337899,True,0.8335976156361897,39.330366609952456,20,False
AFM,4_minus_3,33.0,0.005580902099609375,0.03588086829337899,True,0.24796813057274364,1.265017724198487,20,False
NECTIN2,4_minus_3,33.0,0.005580902099609375,0.03588086829337899,True,0.29296226831898364,1.8835936580238368,20,False
PLPBP,4_minus_3,33.0,0.005580902099609375,0.03588086829337899,True,0.6908873963049346,2.6656099701601614,20,False
HS3ST3B1,4_minus_3,34.0,0.006389617919921875,0.03903072464750543,True,0.30637016776939485,37.75534563531964,20,False
OLFM4,4_minus_3,34.0,0.006389617919921875,0.03903072464750543,True,0.7452251561158556,2.1059777250011407,20,False
ITIH1,4_minus_3,34.0,0.006389617919921875,0.03903072464750543,True,0.15860621561150878,1.5284385341616418,20,False
HNMT,4_minus_3,34.0,0.006389617919921875,0.03903072464750543,True,0.4086591362518015,5.279363874657444,20,False
PPP3R1,4_minus_3,34.0,0.006389617919921875,0.03903072464750543,True,0.46764773140198845,38.213149982186756,20,False
ADGRG1,4_minus_3,34.0,0.006389617919921875,0.03903072464750543,True,0.15842042707214796,1.0606044112413353,20,False
LAT,4_minus_3,34.0,0.006389617919921875,0.03903072464750543,True,0.6025633065684258,2.060457681903246,20,False
ADGRB3,4_minus_3,34.0,0.006389617919921875,0.03903072464750543,False,-0.11639624501897919,0.0,20,False
B2M,4_minus_3,34.0,0.006389617919921875,0.03903072464750543,True,0.3533694557163074,3.8126485822316405,20,False
CTSO,4_minus_3,34.0,0.006389617919921875,0.03903072464750543,True,0.26395804296641123,1.7392277943137824,20,False
FLT1,4_minus_3,34.0,0.006389617919921875,0.03903072464750543,True,0.13860530904137594,35.902665029464686,20,False
PTS,4_minus_3,34.0,0.006389617919921875,0.03903072464750543,True,1.4074393456279264,4.912159317930887,20,False
VEGFA,4_minus_3,34.0,0.006389617919921875,0.03903072464750543,True,0.22792482254152865,2.9279827048215137,20,False
TNFSF13,4_minus_3,34.0,0.006389617919921875,0.03903072464750543,True,0.4912714600262511,38.40351224790588,20,False
CDON,4_minus_3,34.0,0.006389617919921875,0.03903072464750543,True,0.3142147289588052,2.3065546019506056,20,False
CLSTN2,4_minus_3,34.0,0.006389617919921875,0.03903072464750543,True,0.23504632769935196,35.08242684383873,20,False
CRELD2,4_minus_3,34.0,0.006389617919921875,0.03903072464750543,True,0.23292824653830693,9.93744422635241,20,False
SERPIND1,4_minus_3,34.0,0.006389617919921875,0.03903072464750543,True,-0.24763493400591788,-36.8249061817908,20,False
SEL1L,4_minus_3,34.0,0.006389617919921875,0.03903072464750543,True,0.5915265372199274,3.252214328512177,20,False
NAGK,4_minus_3,34.0,0.006389617919921875,0.03903072464750543,True,0.5691364567982642,2.347926695331203,20,False
LTBP2,4_minus_3,34.0,0.006389617919921875,0.03903072464750543,True,0.419269465264899,38.1301489440522,20,False
BCAN,4_minus_3,34.0,0.006389617919921875,0.03903072464750543,True,0.1835089890532131,35.60355821570946,20,False
NCF2,4_minus_3,34.0,0.006389617919921875,0.03903072464750543,True,1.2169383903753312,6.72298438627465,20,False
CRTAC1,4_minus_3,35.0,0.0072956085205078125,0.04253505920031056,False,-0.20407560852744783,0.0,20,False
ADGRE2,4_minus_3,35.0,0.0072956085205078125,0.04253505920031056,True,0.25208694620932826,1.6320177308154244,20,False
TYMP,4_minus_3,35.0,0.0072956085205078125,0.04253505920031056,True,0.6085549388378955,2.5792084259866983,20,False
KLRK1,4_minus_3,35.0,0.0072956085205078125,0.04253505920031056,False,-0.17967516531654218,0.0,20,False
PFKFB2,4_minus_3,35.0,0.0072956085205078125,0.04253505920031056,True,0.8134140736032712,39.450392873022096,20,False
ENO1,4_minus_3,35.0,0.0072956085205078125,0.04253505920031056,True,0.6600544729733067,1.7680022084315081,20,False
SCGN,4_minus_3,35.0,0.0072956085205078125,0.04253505920031056,True,-0.30381120907925263,-36.87847173749629,20,False
IFNGR2,4_minus_3,35.0,0.0072956085205078125,0.04253505920031056,True,0.2399216646671951,37.297737978158125,20,False
CLMP,4_minus_3,35.0,0.0072956085205078125,0.04253505920031056,True,0.0977099668076123,34.94087635917499,20,False
CPA2,4_minus_3,35.0,0.0072956085205078125,0.04253505920031056,False,-0.4397101491679962,0.0,20,False
RPL14,4_minus_3,35.0,0.0072956085205078125,0.04253505920031056,True,0.7577451186075005,39.15449120747122,20,False
CHRDL2,4_minus_3,35.0,0.0072956085205078125,0.04253505920031056,True,0.24145751747706592,35.18300139194141,20,False
GFRAL,4_minus_3,35.0,0.0072956085205078125,0.04253505920031056,False,-0.24478333188146345,0.0,20,False
MYDGF,4_minus_3,35.0,0.0072956085205078125,0.04253505920031056,True,0.5818643100599045,1.710146425070838,20,False
ACTA2,4_minus_3,35.0,0.0072956085205078125,0.04253505920031056,True,0.9049235152185611,4.598460097718342,20,False
AZU1,4_minus_3,35.0,0.0072956085205078125,0.04253505920031056,True,0.797839226537131,39.419097784243824,20,False
ADA,4_minus_3,35.0,0.0072956085205078125,0.04253505920031056,True,0.333950143002149,3.973690558518182,20,False
FADD,4_minus_3,35.0,0.0072956085205078125,0.04253505920031056,True,0.7330931126675158,2.0118213934661697,20,False
CADPS,4_minus_3,35.0,0.0072956085205078125,0.04253505920031056,True,-0.7127023331833369,-36.01156513312928,20,False
CCL26,4_minus_3,35.0,0.0072956085205078125,0.04253505920031056,True,0.539636275071985,38.71427057028942,20,False
RCC1,4_minus_3,35.0,0.0072956085205078125,0.04253505920031056,True,0.36510001928785824,3.950283215466978,20,False
CANT1,4_minus_3,35.0,0.0072956085205078125,0.04253505920031056,True,0.17897665756809183,1.8988610403632145,20,False
SEPTIN8,4_minus_3,36.0,0.00830841064453125,0.045965588163064834,True,0.8955430671612133,4.856863098486718,20,False
PKLR,4_minus_3,36.0,0.00830841064453125,0.045965588163064834,True,0.6413886489915419,38.75441712143112,20,False
ADAMTS15,4_minus_3,36.0,0.00830841064453125,0.045965588163064834,True,0.30201455515641085,36.35219391342545,20,False
MAPK9,4_minus_3,36.0,0.00830841064453125,0.045965588163064834,True,0.549128041081749,38.690797395319336,20,False
CCL3,4_minus_3,36.0,0.00830841064453125,0.045965588163064834,True,0.5815722385084843,2.7004198840027334,20,False
PAPPA,4_minus_3,36.0,0.00830841064453125,0.045965588163064834,False,-0.22641337806518816,0.0,20,False
IGFBP7,4_minus_3,36.0,0.00830841064453125,0.045965588163064834,True,0.17967443232842328,36.24051015463812,20,False
F2R,4_minus_3,36.0,0.00830841064453125,0.045965588163064834,True,0.20516797684357388,1.3905390854957216,20,False
ENPP5,4_minus_3,36.0,0.00830841064453125,0.045965588163064834,False,-0.17259566924991615,0.0,20,False
TXN,4_minus_3,36.0,0.00830841064453125,0.045965588163064834,True,0.6755719852447573,4.710567900688287,20,False
PSMD9,4_minus_3,36.0,0.00830841064453125,0.045965588163064834,True,0.6469483776953668,39.01987552434476,20,False
HS1BP3,4_minus_3,36.0,0.00830841064453125,0.045965588163064834,True,0.762137487326976,3.2795146251487752,20,False
VTA1,4_minus_3,36.0,0.00830841064453125,0.045965588163064834,True,0.6902771133225145,4.363492098397973,20,False
LILRA2,4_minus_3,36.0,0.00830841064453125,0.045965588163064834,True,0.13338394552398958,2.7697521961102396,20,False
TREML2,4_minus_3,36.0,0.00830841064453125,0.045965588163064834,True,0.21186611478521394,0.8203484723261446,20,False
STAM,4_minus_3,36.0,0.00830841064453125,0.045965588163064834,True,0.41404675247477185,1.983961338821036,20,False
ARHGEF12,4_minus_3,36.0,0.00830841064453125,0.045965588163064834,True,0.8177742559336487,1.7988348201403617,20,False
MMP12,4_minus_3,36.0,0.00830841064453125,0.045965588163064834,False,-0.3735380399747227,0.0,20,False
CIT,4_minus_3,36.0,0.00830841064453125,0.045965588163064834,True,0.8137640811094287,3.7184077304041767,20,False
XCL1,4_minus_3,36.0,0.00830841064453125,0.045965588163064834,True,0.36345492048446193,3.8983224038486872,20,False
NPDC1,4_minus_3,36.0,0.00830841064453125,0.045965588163064834,True,0.21920964242779278,36.6576560508341,20,False
TEK,4_minus_3,36.0,0.00830841064453125,0.045965588163064834,True,-0.09696957502957222,-33.86033670076882,20,False
STAB2,4_minus_3,36.0,0.00830841064453125,0.045965588163064834,True,-0.33244212413448254,-36.94685165232573,20,False
UNG,4_minus_3,36.0,0.00830841064453125,0.045965588163064834,True,0.3529958322309327,2.6085088779414893,20,False
GET3,4_minus_3,36.0,0.00830841064453125,0.045965588163064834,True,0.4400783874762929,2.548195262707657,20,False
DBNL,4_minus_3,36.0,0.00830841064453125,0.045965588163064834,True,0.620966240996373,2.597556364341936,20,False
TIE1,4_minus_3,37.0,0.009435653686523438,0.050323486328125,False,-0.36836901049640713,-36.38092796522697,20,False
LGALS4,4_minus_3,37.0,0.009435653686523438,0.050323486328125,False,0.4224745503476255,37.92721275969767,20,False
MOG,4_minus_3,37.0,0.009435653686523438,0.050323486328125,False,0.19487407315332195,34.97990003356799,20,False
DCXR,4_minus_3,37.0,0.009435653686523438,0.050323486328125,False,0.6397620929437826,1.671056971248851,20,False
HMCN2,4_minus_3,37.0,0.009435653686523438,0.050323486328125,False,0.32485830022029094,2.9396037957207506,20,False
KAZALD1,4_minus_3,37.0,0.009435653686523438,0.050323486328125,False,0.22696007813035,1.6917865778896344,20,False
MASP1,4_minus_3,37.0,0.009435653686523438,0.050323486328125,False,0.17359389090168154,36.289182733954625,20,False
C7orf50,4_minus_3,37.0,0.009435653686523438,0.050323486328125,False,0.34096518072464665,37.809271822666176,20,False
HEXIM1,4_minus_3,37.0,0.009435653686523438,0.050323486328125,False,0.8172730696856236,1.7618666420479543,20,False
NADK,4_minus_3,37.0,0.009435653686523438,0.050323486328125,False,0.8272775661154493,39.40925591670155,20,False
PIK3AP1,4_minus_3,37.0,0.009435653686523438,0.050323486328125,False,0.8716570170568674,3.824549907123574,20,False
NFASC,4_minus_3,37.0,0.009435653686523438,0.050323486328125,False,0.17785365031159422,4.845896626628243,20,False
MRC1,4_minus_3,37.0,0.009435653686523438,0.050323486328125,False,0.18516444234554924,1.025708853673279,20,False
PRDX2,4_minus_3,37.0,0.009435653686523438,0.050323486328125,False,0.31380023881110974,37.69207388044815,20,False
ISM1,4_minus_3,37.0,0.009435653686523438,0.050323486328125,False,0.484925765645879,38.31081856084465,20,False
ST3GAL1,4_minus_3,37.0,0.009435653686523438,0.050323486328125,False,0.4411323647190177,3.624583862890953,20,False
SERPINB9,4_minus_3,37.0,0.009435653686523438,0.050323486328125,False,0.39282710129099585,2.145119428843893,20,False
L1CAM,4_minus_3,37.0,0.009435653686523438,0.050323486328125,False,0.1527236163823205,1.977568433075548,20,False
HRC,4_minus_3,37.0,0.009435653686523438,0.050323486328125,False,0.3437249613177755,36.189503470627976,20,False
MNDA,4_minus_3,38.0,0.01068878173828125,0.055026708180987205,False,1.3686121132173537,40.408616182425256,20,False
ALDH1A1,4_minus_3,38.0,0.01068878173828125,0.055026708180987205,False,0.6605492565067018,39.0301166602319,20,False
PZP,4_minus_3,38.0,0.01068878173828125,0.055026708180987205,False,-0.27247413758032385,-3.010142268554606,20,False
ORM1,4_minus_3,38.0,0.01068878173828125,0.055026708180987205,False,-0.18452914112249982,0.0,20,False
LECT2,4_minus_3,38.0,0.01068878173828125,0.055026708180987205,False,0.3211817861321202,3.1835448100344523,20,False
NPPC,4_minus_3,38.0,0.01068878173828125,0.055026708180987205,False,0.49894506535440947,38.446548045413415,20,False
KYAT1,4_minus_3,38.0,0.01068878173828125,0.055026708180987205,False,0.9375934087934241,2.6618625298158505,20,False
KLK1,4_minus_3,38.0,0.01068878173828125,0.055026708180987205,False,-0.2699474147194325,0.0,20,False
GGCT,4_minus_3,38.0,0.01068878173828125,0.055026708180987205,False,0.43004998533049577,2.705305222090985,20,False
SMNDC1,4_minus_3,38.0,0.01068878173828125,0.055026708180987205,False,1.2955649035612964,5.292476641552245,20,False
ADM,4_minus_3,38.0,0.01068878173828125,0.055026708180987205,False,0.068083575897103,0.6330548809872945,20,False
DAB2,4_minus_3,38.0,0.01068878173828125,0.055026708180987205,False,0.5882623705283019,1.896559321334636,20,False
ANXA1,4_minus_3,38.0,0.01068878173828125,0.055026708180987205,False,0.3667885271519748,2.9673502777910694,20,False
SNRPB2,4_minus_3,38.0,0.01068878173828125,0.055026708180987205,False,0.7471598526128362,4.785745164944753,20,False
VEGFC,4_minus_3,38.0,0.01068878173828125,0.055026708180987205,False,0.338489142188392,36.840425549249794,20,False
TRAF2,4_minus_3,38.0,0.01068878173828125,0.055026708180987205,False,0.6911347088676061,3.6335555328316578,20,False
SYAP1,4_minus_3,38.0,0.01068878173828125,0.055026708180987205,False,0.6582024536505529,2.340319131957809,20,False
VIT,4_minus_3,38.0,0.01068878173828125,0.055026708180987205,False,0.33212104840723455,4.234326745723955,20,False
STAT5B,4_minus_3,38.0,0.01068878173828125,0.055026708180987205,False,1.5612257742923212,3.4141949009693757,20,False
SWAP70,4_minus_3,39.0,0.012079238891601562,0.05895171008448873,False,0.6458070735257346,38.68241028980483,20,False
TGFA,4_minus_3,39.0,0.012079238891601562,0.05895171008448873,False,0.25827349351772766,5.014187440326441,20,False
CXCL11,4_minus_3,39.0,0.012079238891601562,0.05895171008448873,False,0.49330410572517963,38.48496118001707,20,False
COL9A1,4_minus_3,39.0,0.012079238891601562,0.05895171008448873,False,0.45336812364330825,3.2381152726824043,20,False
SUSD4,4_minus_3,39.0,0.012079238891601562,0.05895171008448873,False,0.20520294156800145,0.7692589636835356,20,False
EFHD1,4_minus_3,39.0,0.012079238891601562,0.05895171008448873,False,0.6903265300261365,39.03873887029437,20,False
GAPDH,4_minus_3,39.0,0.012079238891601562,0.05895171008448873,False,0.4536941757244357,6.053249227393971,20,False
ARTN,4_minus_3,39.0,0.012079238891601562,0.05895171008448873,False,0.8486790137161895,2.9661373945686247,20,False
SIGLEC1,4_minus_3,39.0,0.012079238891601562,0.05895171008448873,False,0.24830353976786904,2.1816598515247154,20,False
MORC3,4_minus_3,39.0,0.012079238891601562,0.05895171008448873,False,0.5350982478366568,2.3586862483905504,20,False
SNX2,4_minus_3,39.0,0.012079238891601562,0.05895171008448873,False,0.45269660177142446,2.3886138445774674,20,False
VIM,4_minus_3,39.0,0.012079238891601562,0.05895171008448873,False,0.7424634096317997,4.390495977127368,20,False
PPL,4_minus_3,39.0,0.012079238891601562,0.05895171008448873,False,0.5449697803967819,3.724208269696792,20,False
ASGR2,4_minus_3,39.0,0.012079238891601562,0.05895171008448873,False,0.10437200418349071,2.2776337418691113,20,False
JAM2,4_minus_3,39.0,0.012079238891601562,0.05895171008448873,False,0.16658724451516468,3.451258754727056,20,False
GPA33,4_minus_3,39.0,0.012079238891601562,0.05895171008448873,False,-0.5608927756774685,-35.218475335700106,20,False
RIDA,4_minus_3,39.0,0.012079238891601562,0.05895171008448873,False,0.6075562400182463,4.50055928538803,20,False
HPCAL1,4_minus_3,39.0,0.012079238891601562,0.05895171008448873,False,0.4615659484511462,2.188510897572629,20,False
NT5C1A,4_minus_3,39.0,0.012079238891601562,0.05895171008448873,False,1.395133833699226,9.20691265318301,20,False
TPR,4_minus_3,39.0,0.012079238891601562,0.05895171008448873,False,1.3458973148051325,40.398823915980984,20,False
ICAM1,4_minus_3,39.0,0.012079238891601562,0.05895171008448873,False,-0.18698241991161185,-34.573837597851565,20,False
ADGRD1,4_minus_3,39.0,0.012079238891601562,0.05895171008448873,False,0.3146430020349717,2.3520115057949447,20,False
SLC16A1,4_minus_3,39.0,0.012079238891601562,0.05895171008448873,False,0.5081922269469934,3.14230773484011,20,False
ENPP2,4_minus_3,39.0,0.012079238891601562,0.05895171008448873,False,0.35357081085322684,1.452244236144104,20,False
TREML1,4_minus_3,39.0,0.012079238891601562,0.05895171008448873,False,0.5930907439442332,2.358100649724545,20,False
HMOX2,4_minus_3,39.0,0.012079238891601562,0.05895171008448873,False,0.6049034041583234,5.483174106555726,20,False
CD300C,4_minus_3,39.0,0.012079238891601562,0.05895171008448873,False,0.06697930745833745,0.8389828147940667,20,False
CLC,4_minus_3,39.0,0.012079238891601562,0.05895171008448873,False,0.408158673877002,4.90949102006641,20,False
SPARC,4_minus_3,39.0,0.012079238891601562,0.05895171008448873,False,0.7179303263074706,38.97200526322999,20,False
PCDH7,4_minus_3,39.0,0.012079238891601562,0.05895171008448873,False,0.8067518839003682,1.8755643095806924,20,False
THBS2,4_minus_3,33.0,0.012595170865161681,0.06136332379981885,False,0.3295055827388734,4.04952734926774,20,False
CD300LG,4_minus_3,40.0,0.013616561889648438,0.06255177533646003,False,0.18187064338674125,2.419380360062569,20,False
TBC1D17,4_minus_3,40.0,0.013616561889648438,0.06255177533646003,False,0.384191153775751,37.924509748635444,20,False
CCL21,4_minus_3,40.0,0.013616561889648438,0.06255177533646003,False,-0.35028223856888685,0.0,20,False
RBFOX3,4_minus_3,40.0,0.013616561889648438,0.06255177533646003,False,0.5981737370023998,2.8436336992238678,20,False
OCLN,4_minus_3,40.0,0.013616561889648438,0.06255177533646003,False,0.6184490587862659,3.876541370809117,20,False
USP28,4_minus_3,40.0,0.013616561889648438,0.06255177533646003,False,0.43938107268466486,3.100643692901655,20,False
CTSL,4_minus_3,40.0,0.013616561889648438,0.06255177533646003,False,0.178192160494883,35.78275307897087,20,False
PSIP1,4_minus_3,40.0,0.013616561889648438,0.06255177533646003,False,0.4303590141545564,2.3301021744395647,20,False
HMOX1,4_minus_3,40.0,0.013616561889648438,0.06255177533646003,False,-0.14141037574938292,0.0,20,False
PLA2G15,4_minus_3,40.0,0.013616561889648438,0.06255177533646003,False,0.1630745624317841,1.1797875495714032,20,False
SORD,4_minus_3,40.0,0.013616561889648438,0.06255177533646003,False,0.6949345688869109,3.690169273982068,20,False
COMMD1,4_minus_3,40.0,0.013616561889648438,0.06255177533646003,False,0.4215574802571769,1.364022095628137,20,False
COL15A1,4_minus_3,40.0,0.013616561889648438,0.06255177533646003,False,0.14357918075107184,35.658348707282464,20,False
PCDH12,4_minus_3,40.0,0.013616561889648438,0.06255177533646003,False,-0.2146773739487136,-34.32485353651101,20,False
AMBN,4_minus_3,40.0,0.013616561889648438,0.06255177533646003,False,0.2754837187162181,1.2720811408781398,20,False
KIT,4_minus_3,40.0,0.013616561889648438,0.06255177533646003,False,-0.25825184993346606,0.0,20,False
UBE2L6,4_minus_3,40.0,0.013616561889648438,0.06255177533646003,False,0.6666301737676372,2.3564968669405904,20,False
SEMA3F,4_minus_3,40.0,0.013616561889648438,0.06255177533646003,False,0.1994832366326128,1.8060923908533233,20,False
ATF2,4_minus_3,40.0,0.013616561889648438,0.06255177533646003,False,-0.5672101958612312,-35.69679407924929,20,False
CALCOCO1,4_minus_3,40.0,0.013616561889648438,0.06255177533646003,False,0.36997601093325416,1.3010125781934783,20,False
USP25,4_minus_3,40.0,0.013616561889648438,0.06255177533646003,False,0.3643846005238999,6.883539654390457,20,False
WDR46,4_minus_3,40.0,0.013616561889648438,0.06255177533646003,False,0.30335750920400856,37.50127668071094,20,False
CD200R1,4_minus_3,40.0,0.013616561889648438,0.06255177533646003,False,-0.4068861369122247,-36.777487356671614,20,False
LTBP3,4_minus_3,40.0,0.013616561889648438,0.06255177533646003,False,0.7435113405379319,1.568691225125996,20,False
GCHFR,4_minus_3,40.0,0.013616561889648438,0.06255177533646003,False,0.7493838195863374,39.295495250377414,20,False
ARG1,4_minus_3,40.0,0.013616561889648438,0.06255177533646003,False,0.5905358626567104,38.25170786585227,20,False
GLYR1,4_minus_3,40.0,0.013616561889648438,0.06255177533646003,False,0.464152588371102,2.683211841342636,20,False
CA1,4_minus_3,40.0,0.013616561889648438,0.06255177533646003,False,0.41959178169924316,37.633810489136394,20,False
VASP,4_minus_3,40.0,0.013616561889648438,0.06255177533646003,False,0.33883868674778217,1.3537175018477718,20,False
CAPS,4_minus_3,40.0,0.013616561889648438,0.06255177533646003,False,1.0017960759648512,2.858740116832084,20,False
TMPRSS11B,4_minus_3,40.0,0.013616561889648438,0.06255177533646003,False,-0.487473554364732,-36.727286700244996,20,False
TRIM5,4_minus_3,40.0,0.013616561889648438,0.06255177533646003,False,0.45951011515523543,2.3183371848696557,20,False
UBAC1,4_minus_3,40.0,0.013616561889648438,0.06255177533646003,False,0.40430358188903476,5.606719841824408,20,False
LDLR,4_minus_3,40.0,0.013616561889648438,0.06255177533646003,False,0.2734390908864675,1.0668613420965845,20,False
RAB10,4_minus_3,40.0,0.013616561889648438,0.06255177533646003,False,0.4112075437893036,5.707286137809247,20,False
HNRNPUL1,4_minus_3,41.0,0.01531219482421875,0.06779739091981132,False,0.6555418335830153,3.4702641324705663,20,False
HSPA1A,4_minus_3,41.0,0.01531219482421875,0.06779739091981132,False,0.5552257549072684,2.6307829480882,20,False
CTSD,4_minus_3,41.0,0.01531219482421875,0.06779739091981132,False,0.32072295099652215,1.3620211662931965,20,False
PROC,4_minus_3,41.0,0.01531219482421875,0.06779739091981132,False,-0.34454438172442603,-33.64751388068485,20,False
SH2D1A,4_minus_3,41.0,0.01531219482421875,0.06779739091981132,False,0.36991608226916567,1.9852123138543638,20,False
MSRA,4_minus_3,41.0,0.01531219482421875,0.06779739091981132,False,0.42519264924280104,1.4637497534312582,20,False
FAM13A,4_minus_3,41.0,0.01531219482421875,0.06779739091981132,False,0.8163115202011181,2.581461248197172,20,False
CRYBB1,4_minus_3,41.0,0.01531219482421875,0.06779739091981132,False,0.260228213936173,1.3763884199131264,20,False
DNER,4_minus_3,41.0,0.01531219482421875,0.06779739091981132,False,-0.24820413842726372,0.0,20,False
POLR2F,4_minus_3,41.0,0.01531219482421875,0.06779739091981132,False,0.5302811231794569,4.1457856515812255,20,False
TGM2,4_minus_3,41.0,0.01531219482421875,0.06779739091981132,False,0.4651610466416418,3.029667781585441,20,False
PAXX,4_minus_3,41.0,0.01531219482421875,0.06779739091981132,False,0.4211288564456416,2.0200892412244444,20,False
IFI30,4_minus_3,41.0,0.01531219482421875,0.06779739091981132,False,0.44036131293464714,1.473144524140067,20,False
HDGFL2,4_minus_3,41.0,0.01531219482421875,0.06779739091981132,False,1.0020777578292428,3.221162089967319,20,False
CXADR,4_minus_3,41.0,0.01531219482421875,0.06779739091981132,False,0.3320668418380895,2.2872803504345613,20,False
PRSS27,4_minus_3,41.0,0.01531219482421875,0.06779739091981132,False,0.17949013858102,36.94279409472919,20,False
TNFRSF1B,4_minus_3,41.0,0.01531219482421875,0.06779739091981132,False,0.2064765943247355,1.3905416019551933,20,False
KCTD5,4_minus_3,41.0,0.01531219482421875,0.06779739091981132,False,0.9359552929669064,3.871654966773608,20,False
BCL2,4_minus_3,41.0,0.01531219482421875,0.06779739091981132,False,0.770490145452176,39.21592346525192,20,False
CCAR2,4_minus_3,41.0,0.01531219482421875,0.06779739091981132,False,0.7067033636287412,38.85934141641177,20,False
INPP5D,4_minus_3,41.0,0.01531219482421875,0.06779739091981132,False,0.680021242062449,3.2418065960377915,20,False
APBB1IP,4_minus_3,41.0,0.01531219482421875,0.06779739091981132,False,0.5225087053581287,2.712780134476855,20,False
BGN,4_minus_3,41.0,0.01531219482421875,0.06779739091981132,False,0.8743111943025182,2.8406117449620805,20,False
HIP1R,4_minus_3,42.0,0.017181396484375,0.07275610902255639,False,0.7657965786483546,3.42766132691506,20,False
CST6,4_minus_3,42.0,0.017181396484375,0.07275610902255639,False,0.32014759535216325,37.39145552296833,20,False
AHNAK2,4_minus_3,42.0,0.017181396484375,0.07275610902255639,False,0.25353065255389085,37.419442604927944,20,False
EGFR,4_minus_3,42.0,0.017181396484375,0.07275610902255639,False,0.10147388898786794,2.2065013425793367,20,False
CHCHD10,4_minus_3,42.0,0.017181396484375,0.07275610902255639,False,0.542952779605323,2.21597624500742,20,False
SNX9,4_minus_3,42.0,0.017181396484375,0.07275610902255639,False,0.6052310963507266,38.857761246113185,20,False
CD244,4_minus_3,42.0,0.017181396484375,0.07275610902255639,False,-0.15018179804107257,-35.22483627548808,20,False
PALM2,4_minus_3,42.0,0.017181396484375,0.07275610902255639,False,0.5942536539515236,2.4769135983688573,20,False
POMC,4_minus_3,42.0,0.017181396484375,0.07275610902255639,False,0.35277474002057585,1.559212472126625,20,False
GIPC2,4_minus_3,42.0,0.017181396484375,0.07275610902255639,False,0.8089168027663224,39.268236418622266,20,False
CNP,4_minus_3,42.0,0.017181396484375,0.07275610902255639,False,0.4921104695815214,38.21316640061357,20,False
CSF2RB,4_minus_3,42.0,0.017181396484375,0.07275610902255639,False,0.4639777653876339,1.202505231947663,20,False
AHCY,4_minus_3,42.0,0.017181396484375,0.07275610902255639,False,1.0203878111422695,6.071050181429124,20,False
PXN,4_minus_3,42.0,0.017181396484375,0.07275610902255639,False,0.73710821547403,7.1318504283770405,20,False
ITGB2,4_minus_3,42.0,0.017181396484375,0.07275610902255639,False,0.1761530221308989,36.510626707171426,20,False
VASN,4_minus_3,42.0,0.017181396484375,0.07275610902255639,False,-0.22749488412625612,0.0,20,False
RBP5,4_minus_3,42.0,0.017181396484375,0.07275610902255639,False,0.565964377470563,3.4968597493922613,20,False
RBP1,4_minus_3,42.0,0.017181396484375,0.07275610902255639,False,0.7678441163465537,3.307258790298554,20,False
PARP1,4_minus_3,42.0,0.017181396484375,0.07275610902255639,False,0.5623884774739898,38.608890643347614,20,False
GPNMB,4_minus_3,42.0,0.017181396484375,0.07275610902255639,False,0.293575113403878,2.7960175851030313,20,False
RANBP1,4_minus_3,42.0,0.017181396484375,0.07275610902255639,False,0.7294613613765416,39.18353583116162,20,False
GPKOW,4_minus_3,42.0,0.017181396484375,0.07275610902255639,False,0.23480116975066356,3.3597436846413338,20,False
SCARB1,4_minus_3,42.0,0.017181396484375,0.07275610902255639,False,0.6750050078220431,2.8996514219455563,20,False
SMOC2,4_minus_3,42.0,0.017181396484375,0.07275610902255639,False,0.30658704852371843,3.9681692923921137,20,False
PTPRN2,4_minus_3,42.0,0.017181396484375,0.07275610902255639,False,0.23400219185357524,36.002662733371515,20,False
PPP1CC,4_minus_3,42.0,0.017181396484375,0.07275610902255639,False,0.3581570874308757,1.6342848348781491,20,False
TPT1,4_minus_3,42.0,0.017181396484375,0.07275610902255639,False,-0.5272059828145645,-37.16894124880918,20,False
GNLY,4_minus_3,42.0,0.017181396484375,0.07275610902255639,False,0.3786594663609619,37.732973826709326,20,False
SLC4A1,4_minus_3,42.0,0.017181396484375,0.07275610902255639,False,0.9680787568953109,39.28775353227959,20,False
NOS1,4_minus_3,43.0,0.01923370361328125,0.07826894418352602,False,1.0197241192606443,5.817228718963099,20,False
TDP1,4_minus_3,43.0,0.01923370361328125,0.07826894418352602,False,0.3792094854495707,4.484426060050652,20,False
OGFR,4_minus_3,43.0,0.01923370361328125,0.07826894418352602,False,0.4519553631723742,5.910119438445864,20,False
SART1,4_minus_3,43.0,0.01923370361328125,0.07826894418352602,False,0.7034962722979828,4.791575168365772,20,False
CWC15,4_minus_3,43.0,0.01923370361328125,0.07826894418352602,False,0.5409473327681229,6.943186406194054,20,False
SORBS1,4_minus_3,43.0,0.01923370361328125,0.07826894418352602,False,0.8582681266393798,39.53409410072886,20,False
APOF,4_minus_3,43.0,0.01923370361328125,0.07826894418352602,False,-0.30754940331729874,-35.94885348548512,20,False
IGFBP1,4_minus_3,43.0,0.01923370361328125,0.07826894418352602,False,0.8251303706319574,38.905017694743094,20,False
CD36,4_minus_3,43.0,0.01923370361328125,0.07826894418352602,False,0.1973756607689321,1.2157049275666392,20,False
MYOM3,4_minus_3,43.0,0.01923370361328125,0.07826894418352602,False,0.39943291441074585,1.7815951484241144,20,False
GRHPR,4_minus_3,43.0,0.01923370361328125,0.07826894418352602,False,0.5081463263847363,1.3780327520571622,20,False
CRIP2,4_minus_3,43.0,0.01923370361328125,0.07826894418352602,False,0.5626043659376301,38.396591886713786,20,False
CCL4,4_minus_3,43.0,0.01923370361328125,0.07826894418352602,False,0.5243845689179152,5.286971613961346,20,False
EEF1D,4_minus_3,43.0,0.01923370361328125,0.07826894418352602,False,0.48434893136424584,1.3757868373829554,20,False
NRP1,4_minus_3,43.0,0.01923370361328125,0.07826894418352602,False,0.22422385711997536,36.991723370258754,20,False
IL6,4_minus_3,43.0,0.01923370361328125,0.07826894418352602,False,0.5482888265865733,3.9798609856454696,20,False
GNPDA1,4_minus_3,43.0,0.01923370361328125,0.07826894418352602,False,0.45384832368723427,7.520243536583824,20,False
PEAR1,4_minus_3,43.0,0.01923370361328125,0.07826894418352602,False,-0.15179894097712904,0.0,20,False
MAP2K1,4_minus_3,43.0,0.01923370361328125,0.07826894418352602,False,0.9239723249792424,2.971628434217522,20,False
ERVV-1,4_minus_3,43.0,0.01923370361328125,0.07826894418352602,False,0.2038460027921743,1.0238163218137708,20,False
SCN2B,4_minus_3,43.0,0.01923370361328125,0.07826894418352602,False,-0.27843916422300924,-33.8923751203499,20,False
PDIA4,4_minus_3,43.0,0.01923370361328125,0.07826894418352602,False,0.17049641753978734,0.8961693932451307,20,False
GFRA1,4_minus_3,43.0,0.01923370361328125,0.07826894418352602,False,0.06011144824568305,1.0917409812791257,20,False
ADAMTSL4,4_minus_3,43.0,0.01923370361328125,0.07826894418352602,False,0.4752292862970353,2.821344556836821,20,False
PDCD1,4_minus_3,43.0,0.01923370361328125,0.07826894418352602,False,-0.2908771162593303,0.0,20,False
DNAJB1,4_minus_3,43.0,0.01923370361328125,0.07826894418352602,False,0.9185815308383423,39.055825306477374,20,False
PRSS2,4_minus_3,43.0,0.01923370361328125,0.07826894418352602,False,0.3780955134431877,37.523087535319966,20,False
ENDOU,4_minus_3,37.0,0.019593284793989852,0.0796171572581175,False,0.8725649855857995,3.155522929710354,20,False
SUOX,4_minus_3,44.0,0.021484375,0.08449720670391062,False,1.1887950878262505,3.459625928253241,20,False
EIF4EBP1,4_minus_3,44.0,0.021484375,0.08449720670391062,False,0.8608637402290631,39.38470462569724,20,False
TP53I3,4_minus_3,44.0,0.021484375,0.08449720670391062,False,0.5937382169872977,2.2025546591321734,20,False
FCRL6,4_minus_3,44.0,0.021484375,0.08449720670391062,False,-0.39116851547404946,-36.630082901199195,20,False
CCDC50,4_minus_3,44.0,0.021484375,0.08449720670391062,False,0.3534890146867537,3.8292173991854543,20,False
TNFRSF10B,4_minus_3,44.0,0.021484375,0.08449720670391062,False,0.2736898901716425,4.39598240987078,20,False
SEZ6L,4_minus_3,44.0,0.021484375,0.08449720670391062,False,0.23340917607179767,35.61063987694199,20,False
SELL,4_minus_3,44.0,0.021484375,0.08449720670391062,False,-0.22995863535081779,0.0,20,False
ATP5PO,4_minus_3,44.0,0.021484375,0.08449720670391062,False,-0.43284268326583075,-36.61513774594564,20,False
PSME2,4_minus_3,44.0,0.021484375,0.08449720670391062,False,0.4928173873518782,38.48662201665992,20,False
BPIFB2,4_minus_3,44.0,0.021484375,0.08449720670391062,False,-0.18629684274829242,-1.0628073176127184,20,False
ACYP1,4_minus_3,44.0,0.021484375,0.08449720670391062,False,0.5575355851005221,5.241247947015207,20,False
DMD,4_minus_3,44.0,0.021484375,0.08449720670391062,False,0.607313414721659,2.6518882646871593,20,False
RNF41,4_minus_3,44.0,0.021484375,0.08449720670391062,False,1.0263280957271341,2.9755877925024103,20,False
RBP7,4_minus_3,44.0,0.021484375,0.08449720670391062,False,0.869319829906997,5.02838946613502,20,False
HYAL1,4_minus_3,44.0,0.021484375,0.08449720670391062,False,-0.22882805337631543,-36.76780300501576,20,False
NFKB1,4_minus_3,44.0,0.021484375,0.08449720670391062,False,0.8753921002996556,2.8675513359180553,20,False
DNPEP,4_minus_3,44.0,0.021484375,0.08449720670391062,False,0.74527513369194,6.438959539111315,20,False
HS6ST1,4_minus_3,44.0,0.021484375,0.08449720670391062,False,0.1586667408731799,1.2142116266341745,20,False
AGT,4_minus_3,44.0,0.021484375,0.08449720670391062,False,0.13363774639070292,3.9379323065293357,20,False
LPA,4_minus_3,44.0,0.021484375,0.08449720670391062,False,-0.5159023449762519,-2.6747626366991537,20,False
CSF3R,4_minus_3,44.0,0.021484375,0.08449720670391062,False,0.6733673743399324,1.6042609760301838,20,False
PKD1,4_minus_3,44.0,0.021484375,0.08449720670391062,False,0.17861481827317,1.9765035613915851,20,False
CTSZ,4_minus_3,38.0,0.02180173863525491,0.08562579636942513,False,0.20488077944577227,36.526776861876705,20,False
ELN,4_minus_3,45.0,0.023950576782226562,0.09016687729779412,False,0.4426575618205138,2.6971139352739177,20,False
HPGDS,4_minus_3,45.0,0.023950576782226562,0.09016687729779412,False,-0.29806856183529323,0.0,20,False
ICAM3,4_minus_3,45.0,0.023950576782226562,0.09016687729779412,False,-0.14520140997533632,0.0,20,False
ENTPD5,4_minus_3,45.0,0.023950576782226562,0.09016687729779412,False,0.06628664634262715,35.28734988358118,20,False
BACH1,4_minus_3,45.0,0.023950576782226562,0.09016687729779412,False,0.6388184609355905,2.722997683870231,20,False
ADD1,4_minus_3,45.0,0.023950576782226562,0.09016687729779412,False,0.63058509729649,38.90279596486886,20,False
DTYMK,4_minus_3,45.0,0.023950576782226562,0.09016687729779412,False,0.5597937420216348,2.7884024408629258,20,False
TNFRSF14,4_minus_3,45.0,0.023950576782226562,0.09016687729779412,False,0.2074857601371,2.0872291848471454,20,False
MKI67,4_minus_3,45.0,0.023950576782226562,0.09016687729779412,False,0.9288113347661074,3.638019470065248,20,False
CCL28,4_minus_3,45.0,0.023950576782226562,0.09016687729779412,False,0.4499880077105149,1.8343475788008272,20,False
DEFB116,4_minus_3,45.0,0.023950576782226562,0.09016687729779412,False,-0.3921390326073117,-33.360215183531466,20,False
C1S,4_minus_3,45.0,0.023950576782226562,0.09016687729779412,False,0.07303835413895572,3.232486676841911,20,False
PRKAR2A,4_minus_3,45.0,0.023950576782226562,0.09016687729779412,False,0.9656857929559755,2.31426019337526,20,False
ADAM15,4_minus_3,45.0,0.023950576782226562,0.09016687729779412,False,-0.10712663810887621,-1.447842470416908,20,False
TALDO1,4_minus_3,45.0,0.023950576782226562,0.09016687729779412,False,0.39132742625628,1.763473933674694,20,False
CPM,4_minus_3,45.0,0.023950576782226562,0.09016687729779412,False,0.1172889455251023,1.1392457348032057,20,False
IRAK4,4_minus_3,45.0,0.023950576782226562,0.09016687729779412,False,1.5911789815483284,4.815437770249045,20,False
TRIM58,4_minus_3,45.0,0.023950576782226562,0.09016687729779412,False,0.6993980854317123,2.7922010581386116,20,False
PSMG4,4_minus_3,45.0,0.023950576782226562,0.09016687729779412,False,0.9613487247638804,39.74758508790201,20,False
TSPAN1,4_minus_3,45.0,0.023950576782226562,0.09016687729779412,False,0.25057913457220665,3.3167800426453318,20,False
SERPINB6,4_minus_3,45.0,0.023950576782226562,0.09016687729779412,False,0.23977878220870885,1.2983151375174127,20,False
TSPAN8,4_minus_3,45.0,0.023950576782226562,0.09016687729779412,False,-0.1985662920669623,0.0,20,False
ADGRG2,4_minus_3,45.0,0.023950576782226562,0.09016687729779412,False,0.273449696181374,5.683333816786229,20,False
MZB1,4_minus_3,45.0,0.023950576782226562,0.09016687729779412,False,0.11086420458595886,35.98858015913682,20,False
PTN,4_minus_3,45.0,0.023950576782226562,0.09016687729779412,False,0.7187997462804805,2.6940169993789276,20,False
CST5,4_minus_3,45.0,0.023950576782226562,0.09016687729779412,False,0.26808395110135974,37.43029430364071,20,False
LAG3,4_minus_3,45.0,0.023950576782226562,0.09016687729779412,False,0.25970952436234307,2.599267844773796,20,False
KRT14,4_minus_3,45.0,0.023950576782226562,0.09016687729779412,False,-0.2267920399024421,-34.88705635527923,20,False
ABL1,4_minus_3,45.0,0.023950576782226562,0.09016687729779412,False,0.670191536567059,2.2942314533914687,20,False
PTPRC,4_minus_3,45.0,0.023950576782226562,0.09016687729779412,False,-0.17648456461980971,-35.31191635991259,20,False
CEP43,4_minus_3,45.0,0.023950576782226562,0.09016687729779412,False,0.5959243054710791,2.84838907751215,20,False
NT5C,4_minus_3,46.0,0.026641845703125,0.09593789961636828,False,0.416371273007411,7.514476080122776,20,False
AKT1S1,4_minus_3,46.0,0.026641845703125,0.09593789961636828,False,0.8465464604576141,39.3669356434365,20,False
HSBP1,4_minus_3,46.0,0.026641845703125,0.09593789961636828,False,0.6682405198946146,1.9805375839782828,20,False
DNAJC9,4_minus_3,46.0,0.026641845703125,0.09593789961636828,False,1.15041064790797,4.078833260185404,20,False
LGALS9,4_minus_3,46.0,0.026641845703125,0.09593789961636828,False,0.46037318962732465,3.0236278324181356,20,False
OPLAH,4_minus_3,46.0,0.026641845703125,0.09593789961636828,False,0.7590117391235864,2.0625047817206403,20,False
LPCAT2,4_minus_3,46.0,0.026641845703125,0.09593789961636828,False,0.24861265000000665,4.757765868205995,20,False
DPP7,4_minus_3,46.0,0.026641845703125,0.09593789961636828,False,0.3942679840492078,1.3177052267014533,20,False
DRAXIN,4_minus_3,46.0,0.026641845703125,0.09593789961636828,False,0.2849627764877326,33.00174401945262,20,False
TRIM24,4_minus_3,46.0,0.026641845703125,0.09593789961636828,False,0.7038095075237304,39.15848597142847,20,False
MIA,4_minus_3,46.0,0.026641845703125,0.09593789961636828,False,0.23443336878488436,35.778278557642594,20,False
TNFAIP2,4_minus_3,46.0,0.026641845703125,0.09593789961636828,False,0.3291734431864003,4.890679982731326,20,False
MGMT,4_minus_3,46.0,0.026641845703125,0.09593789961636828,False,1.0693353645080554,1.6647365390873294,20,False
NUB1,4_minus_3,46.0,0.026641845703125,0.09593789961636828,False,0.8669628577882372,2.30707193958745,20,False
SNCG,4_minus_3,46.0,0.026641845703125,0.09593789961636828,False,0.5035004954363576,5.663658291722634,20,False
CES1,4_minus_3,46.0,0.026641845703125,0.09593789961636828,False,0.3003406038654092,1.1285124351568674,20,False
GPC1,4_minus_3,46.0,0.026641845703125,0.09593789961636828,False,0.11392332098802083,34.39915234906998,20,False
TBCA,4_minus_3,46.0,0.026641845703125,0.09593789961636828,False,0.7296604111882402,39.186722714893925,20,False
EIF4B,4_minus_3,46.0,0.026641845703125,0.09593789961636828,False,0.7748201778544711,39.1825676013333,20,False
ITGAV,4_minus_3,46.0,0.026641845703125,0.09593789961636828,False,0.16343299800796135,36.768228996391535,20,False
AIF1L,4_minus_3,46.0,0.026641845703125,0.09593789961636828,False,0.4952980935672421,38.192745571216484,20,False
EPHA4,4_minus_3,46.0,0.026641845703125,0.09593789961636828,False,-0.18474185493534268,-34.54027912538055,20,False
CLEC12A,4_minus_3,46.0,0.026641845703125,0.09593789961636828,False,0.3291856974262483,3.3929056072499164,20,False
STX4,4_minus_3,46.0,0.026641845703125,0.09593789961636828,False,0.44565917097659014,2.9561260314976527,20,False
EPHA10,4_minus_3,46.0,0.026641845703125,0.09593789961636828,False,-0.633898325550434,-34.27140552989224,20,False
LRRFIP1,4_minus_3,46.0,0.026641845703125,0.09593789961636828,False,0.42185782721097037,2.1895903982291554,20,False
SCAMP3,4_minus_3,46.0,0.026641845703125,0.09593789961636828,False,0.831526489256194,3.7025125211297922,20,False
CXCL1,4_minus_3,46.0,0.026641845703125,0.09593789961636828,False,0.676726984886401,4.147711444575219,20,False
DDX25,4_minus_3,46.0,0.026641845703125,0.09593789961636828,False,-0.7615294299591513,-33.35202317648605,20,False
CTSB,4_minus_3,46.0,0.026641845703125,0.09593789961636828,False,0.23122196745473533,36.50611048662003,20,False
SIRT2,4_minus_3,46.0,0.026641845703125,0.09593789961636828,False,0.767985926729762,2.926527125900344,20,False
PNLIPRP1,4_minus_3,46.0,0.026641845703125,0.09593789961636828,False,-0.36881177002166987,0.0,20,False
FGF2,4_minus_3,46.0,0.026641845703125,0.09593789961636828,False,0.41156704266088995,2.3125602494406863,20,False
CYB5R2,4_minus_3,46.0,0.026641845703125,0.09593789961636828,False,0.6033588319971286,3.1994087427969875,20,False
DNAJB14,4_minus_3,47.0,0.029575347900390625,0.10410522460937499,False,0.551494552808032,1.83602935801085,20,False
SORCS2,4_minus_3,47.0,0.029575347900390625,0.10410522460937499,False,0.3727445155961241,3.23315081012413,20,False
CES3,4_minus_3,47.0,0.029575347900390625,0.10410522460937499,False,0.3682043866668926,1.818551614576208,20,False
CD274,4_minus_3,47.0,0.029575347900390625,0.10410522460937499,False,0.2166770411886655,0.7318121912708571,20,False
DXO,4_minus_3,47.0,0.029575347900390625,0.10410522460937499,False,0.6835132442213876,2.4206895536295656,20,False
SRPK2,4_minus_3,47.0,0.029575347900390625,0.10410522460937499,False,0.3511164518146754,2.010830716097995,20,False
VGF,4_minus_3,47.0,0.029575347900390625,0.10410522460937499,False,0.5058986908601183,3.0462593359281875,20,False
BMP10,4_minus_3,47.0,0.029575347900390625,0.10410522460937499,False,0.2606808539944828,37.04906556055881,20,False
IL4R,4_minus_3,47.0,0.029575347900390625,0.10410522460937499,False,0.6531583891886874,2.689712359307502,20,False
NAPRT,4_minus_3,47.0,0.029575347900390625,0.10410522460937499,False,0.6802135203442856,5.495363175203987,20,False
SLA2,4_minus_3,47.0,0.029575347900390625,0.10410522460937499,False,-0.4791767471649765,-2.225094914710104,20,False
FOSB,4_minus_3,47.0,0.029575347900390625,0.10410522460937499,False,0.2482688859496028,7.281136782659664,20,False
CASC3,4_minus_3,47.0,0.029575347900390625,0.10410522460937499,False,0.4890386399070331,38.53890980171538,20,False
NIT1,4_minus_3,47.0,0.029575347900390625,0.10410522460937499,False,0.5097639105372469,5.697020814322475,20,False
PDAP1,4_minus_3,47.0,0.029575347900390625,0.10410522460937499,False,0.7049458559580373,3.6937112331379733,20,False
SAFB2,4_minus_3,47.0,0.029575347900390625,0.10410522460937499,False,0.3212276591245004,4.098606381956795,20,False
EGFLAM,4_minus_3,47.0,0.029575347900390625,0.10410522460937499,False,0.5620297949297806,38.61224385828691,20,False
GLP1R,4_minus_3,47.0,0.029575347900390625,0.10410522460937499,False,-0.7860604464579272,-36.68013358561828,20,False
AHSP,4_minus_3,48.0,0.03276824951171875,0.1103772615131579,False,0.43303599614817645,37.95009285608444,20,False
SPRR3,4_minus_3,48.0,0.03276824951171875,0.1103772615131579,False,0.8119372363111614,1.8314544508027089,20,False
TMEM106A,4_minus_3,48.0,0.03276824951171875,0.1103772615131579,False,0.25533510865320436,1.7149962139975667,20,False
TFPI,4_minus_3,48.0,0.03276824951171875,0.1103772615131579,False,0.1698512943771826,5.110649611679547,20,False
PTP4A3,4_minus_3,48.0,0.03276824951171875,0.1103772615131579,False,0.7648149259884561,38.930850321657466,20,False
KIAA0319,4_minus_3,48.0,0.03276824951171875,0.1103772615131579,False,-0.2379122450345056,-1.0101855749381505,20,False
ACTN2,4_minus_3,48.0,0.03276824951171875,0.1103772615131579,False,0.49579426853236946,2.1506991845232997,20,False
DCTN2,4_minus_3,48.0,0.03276824951171875,0.1103772615131579,False,0.6370203018250489,1.9546324346026551,20,False
EDNRB,4_minus_3,48.0,0.03276824951171875,0.1103772615131579,False,0.3480557478644746,37.55907000736443,20,False
MMP9,4_minus_3,48.0,0.03276824951171875,0.1103772615131579,False,0.4261172843740895,37.41133667011678,20,False
SFRP1,4_minus_3,48.0,0.03276824951171875,0.1103772615131579,False,0.38635877610731645,37.47480212563176,20,False
LCN15,4_minus_3,48.0,0.03276824951171875,0.1103772615131579,False,0.5900635370351608,4.246652295168121,20,False
IL15,4_minus_3,48.0,0.03276824951171875,0.1103772615131579,False,0.25281418822545676,36.93506490319908,20,False
IMPACT,4_minus_3,48.0,0.03276824951171875,0.1103772615131579,False,0.6569104269946958,2.987244833314952,20,False
OGA,4_minus_3,48.0,0.03276824951171875,0.1103772615131579,False,1.0505397640157297,2.7078787159502125,20,False
NAMPT,4_minus_3,48.0,0.03276824951171875,0.1103772615131579,False,1.021856751860199,39.64583088824528,20,False
MYCBP2,4_minus_3,48.0,0.03276824951171875,0.1103772615131579,False,0.2751776930976283,1.1985187788500082,20,False
PTGDS,4_minus_3,48.0,0.03276824951171875,0.1103772615131579,False,0.24966233352105846,37.1093011334249,20,False
FGD3,4_minus_3,48.0,0.03276824951171875,0.1103772615131579,False,0.40898576055378616,1.1947265960754014,20,False
ERI1,4_minus_3,48.0,0.03276824951171875,0.1103772615131579,False,0.7722439475921843,6.275375890689336,20,False
CRYZL1,4_minus_3,48.0,0.03276824951171875,0.1103772615131579,False,0.7371740303000718,2.8736118053656545,20,False
CD33,4_minus_3,48.0,0.03276824951171875,0.1103772615131579,False,-0.12458921444557994,-36.295805329766196,20,False
CHAD,4_minus_3,48.0,0.03276824951171875,0.1103772615131579,False,0.2898602459304453,36.59267112595863,20,False
CEP112,4_minus_3,48.0,0.03276824951171875,0.1103772615131579,False,0.4233238569896625,38.19577087095305,20,False
AMY2A,4_minus_3,48.0,0.03276824951171875,0.1103772615131579,False,-0.12129648498518966,0.0,20,False
MANSC1,4_minus_3,48.0,0.03276824951171875,0.1103772615131579,False,-0.2245766723311646,-34.716110780817694,20,False
PADI4,4_minus_3,48.0,0.03276824951171875,0.1103772615131579,False,0.9889213135885921,39.414161901217234,20,False
ARSB,4_minus_3,48.0,0.03276824951171875,0.1103772615131579,False,0.3162130395686151,37.82123328963639,20,False
CA6,4_minus_3,48.0,0.03276824951171875,0.1103772615131579,False,0.18938089645184752,0.5058676702120001,20,False
ULBP2,4_minus_3,48.0,0.03276824951171875,0.1103772615131579,False,0.28132488752435314,3.7034424396453445,20,False
RRM2,4_minus_3,48.0,0.03276824951171875,0.1103772615131579,False,0.2831793374211511,3.5746061334162706,20,False
NUDT16,4_minus_3,48.0,0.03276824951171875,0.1103772615131579,False,0.7084648848155791,2.564038185069515,20,False
SLMAP,4_minus_3,48.0,0.03276824951171875,0.1103772615131579,False,0.6150658683087767,5.91187635322741,20,False
DEFA1_DEFA1B,4_minus_3,48.0,0.03276824951171875,0.1103772615131579,False,0.2508926341221239,2.8829144819053703,20,False
CHAC2,4_minus_3,48.0,0.03276824951171875,0.1103772615131579,False,0.49460401634224804,5.9922305703353835,20,False
AAMDC,4_minus_3,48.0,0.03276824951171875,0.1103772615131579,False,0.24437356893374407,3.4844131444880198,20,False
PDGFA,4_minus_3,42.0,0.03293821172843571,0.11081720935158298,False,0.3681712879481124,28.5247982687728,20,False
ARAF,4_minus_3,49.0,0.03623390197753906,0.11674447136012586,False,0.6612254938279403,38.70924825566586,20,False
HBZ,4_minus_3,49.0,0.03623390197753906,0.11674447136012586,False,0.3367469117842502,33.57807979946254,20,False
AGRN,4_minus_3,49.0,0.03623390197753906,0.11674447136012586,False,0.2867835141539078,37.00452403434806,20,False
AXIN1,4_minus_3,49.0,0.03623390197753906,0.11674447136012586,False,0.7800669410279812,2.6449513544341685,20,False
STAT2,4_minus_3,49.0,0.03623390197753906,0.11674447136012586,False,0.8408363161165504,2.5316458481429223,20,False
THBD,4_minus_3,49.0,0.03623390197753906,0.11674447136012586,False,0.17708024837948227,2.296064981877007,20,False
CAT,4_minus_3,49.0,0.03623390197753906,0.11674447136012586,False,0.23347887922260058,37.146258747652425,20,False
KLK6,4_minus_3,49.0,0.03623390197753906,0.11674447136012586,False,0.19709945219250266,36.220532681053605,20,False
MMP7,4_minus_3,49.0,0.03623390197753906,0.11674447136012586,False,0.2352598258160002,2.065741557885791,20,False
SUSD1,4_minus_3,49.0,0.03623390197753906,0.11674447136012586,False,-0.4687145592002755,-38.47405044488776,20,False
GMPR2,4_minus_3,49.0,0.03623390197753906,0.11674447136012586,False,0.7308352547178032,4.679338730996817,20,False
PDRG1,4_minus_3,49.0,0.03623390197753906,0.11674447136012586,False,-0.46115089244001284,-36.35577031871119,20,False
TPK1,4_minus_3,49.0,0.03623390197753906,0.11674447136012586,False,0.15579503822886678,3.528609779511457,20,False
GOLGA3,4_minus_3,49.0,0.03623390197753906,0.11674447136012586,False,1.0115297548844657,3.127850039141757,20,False
PALLD,4_minus_3,49.0,0.03623390197753906,0.11674447136012586,False,0.5063822357723384,3.3572791694982578,20,False
BAP18,4_minus_3,49.0,0.03623390197753906,0.11674447136012586,False,0.811907153817884,3.766728904867419,20,False
RETN,4_minus_3,49.0,0.03623390197753906,0.11674447136012586,False,0.27001519481460506,2.2065255651261064,20,False
TNFRSF10A,4_minus_3,49.0,0.03623390197753906,0.11674447136012586,False,0.1929356146513042,1.8441001825806187,20,False
TIMD4,4_minus_3,49.0,0.03623390197753906,0.11674447136012586,False,-0.206117258986118,0.0,20,False
MEPE,4_minus_3,49.0,0.03623390197753906,0.11674447136012586,False,0.13351207200722684,0.0,20,False
KIR3DL1,4_minus_3,49.0,0.03623390197753906,0.11674447136012586,False,-0.20569143023326458,0.0,20,False
C1QTNF9,4_minus_3,49.0,0.03623390197753906,0.11674447136012586,False,-0.09906649130388809,0.0,20,False
RGMB,4_minus_3,49.0,0.03623390197753906,0.11674447136012586,False,0.17288537705222418,36.88393840554137,20,False
GFER,4_minus_3,49.0,0.03623390197753906,0.11674447136012586,False,0.41986525108309564,1.560557541874382,20,False
COX5B,4_minus_3,49.0,0.03623390197753906,0.11674447136012586,False,0.5162834841072439,38.6293989137499,20,False
MN1,4_minus_3,49.0,0.03623390197753906,0.11674447136012586,False,-0.7788414727762675,0.0,20,False
CD48,4_minus_3,49.0,0.03623390197753906,0.11674447136012586,False,-0.09962850350388774,-32.82668565269185,20,False
C1QA,4_minus_3,49.0,0.03623390197753906,0.11674447136012586,False,0.11038191614810489,1.5226570837764761,20,False
COMMD9,4_minus_3,49.0,0.03623390197753906,0.11674447136012586,False,0.20130198772024177,3.8261830702115165,20,False
DNAJC6,4_minus_3,49.0,0.03623390197753906,0.11674447136012586,False,0.44717603534746914,4.5737937216318,20,False
RBKS,4_minus_3,49.0,0.03623390197753906,0.11674447136012586,False,0.64669231914756,4.347063766770213,20,False
NFU1,4_minus_3,49.0,0.03623390197753906,0.11674447136012586,False,0.6364626580476976,2.094549198119079,20,False
ZHX2,4_minus_3,49.0,0.03623390197753906,0.11674447136012586,False,0.39616499473228217,38.13896254964549,20,False
SCRN1,4_minus_3,49.0,0.03623390197753906,0.11674447136012586,False,0.7524257111544383,3.466719359509425,20,False
NPTXR,4_minus_3,49.0,0.03623390197753906,0.11674447136012586,False,0.1637443266347106,36.296413561035735,20,False
FGFBP3,4_minus_3,49.0,0.03623390197753906,0.11674447136012586,False,0.4030253120935112,3.6590407219499674,20,False
CRYGD,4_minus_3,49.0,0.03623390197753906,0.11674447136012586,False,0.7018198980214498,2.3734153465705248,20,False
SSH3,4_minus_3,43.0,0.03638546131456512,0.11709881035636042,False,0.1929777114249161,36.7814214705878,20,False
PCBD1,4_minus_3,50.0,0.039989471435546875,0.1240202109719163,False,0.5106589034324617,3.4277858267933374,20,False
FLRT2,4_minus_3,50.0,0.039989471435546875,0.1240202109719163,False,0.2599445679051353,37.08897781585474,20,False
CD276,4_minus_3,50.0,0.039989471435546875,0.1240202109719163,False,0.1135674324290867,2.36618532473351,20,False
FKBPL,4_minus_3,50.0,0.039989471435546875,0.1240202109719163,False,0.5044357096121151,4.571630854687813,20,False
ARHGEF1,4_minus_3,50.0,0.039989471435546875,0.1240202109719163,False,0.7419886908241256,2.5913364566718653,20,False
IKBKG,4_minus_3,50.0,0.039989471435546875,0.1240202109719163,False,0.9299619649171051,2.5519909228336126,20,False
KYNU,4_minus_3,50.0,0.039989471435546875,0.1240202109719163,False,0.244070163973478,2.6410824118999283,20,False
GPR158,4_minus_3,50.0,0.039989471435546875,0.1240202109719163,False,0.21440661459871607,35.78867773478176,20,False
ESYT2,4_minus_3,50.0,0.039989471435546875,0.1240202109719163,False,0.7012669068780311,2.520321236499387,20,False
BTN2A1,4_minus_3,50.0,0.039989471435546875,0.1240202109719163,False,0.18033678327211905,3.0304024547162496,20,False
DNAJA4,4_minus_3,50.0,0.039989471435546875,0.1240202109719163,False,0.363110558158205,37.968543198239466,20,False
CALCOCO2,4_minus_3,50.0,0.039989471435546875,0.1240202109719163,False,0.7039808510548486,2.801461299297283,20,False
TRAF3,4_minus_3,50.0,0.039989471435546875,0.1240202109719163,False,0.38592670404140067,3.5628743165631054,20,False
CCL7,4_minus_3,50.0,0.039989471435546875,0.1240202109719163,False,0.44821153412901776,38.16699871745061,20,False
CRHBP,4_minus_3,50.0,0.039989471435546875,0.1240202109719163,False,0.19946995386387487,1.5843779538174532,20,False
CES2,4_minus_3,50.0,0.039989471435546875,0.1240202109719163,False,0.44122081963817594,2.604491941978346,20,False
GBP1,4_minus_3,50.0,0.039989471435546875,0.1240202109719163,False,0.6065615450442701,2.0361652235625254,20,False
MTUS1,4_minus_3,50.0,0.039989471435546875,0.1240202109719163,False,0.8146904018209649,3.577085566056266,20,False
MSMB,4_minus_3,50.0,0.039989471435546875,0.1240202109719163,False,0.19094310574125795,3.3244642777017708,20,False
CCL14,4_minus_3,50.0,0.039989471435546875,0.1240202109719163,False,0.1818866860999881,36.28803884423085,20,False
ASS1,4_minus_3,50.0,0.039989471435546875,0.1240202109719163,False,0.7222890613004533,3.9971039197215266,20,False
SCRIB,4_minus_3,50.0,0.039989471435546875,0.1240202109719163,False,0.5183506233372348,2.6366715217447974,20,False
PAMR1,4_minus_3,50.0,0.039989471435546875,0.1240202109719163,False,-0.07300797843642409,-4.138537329593915,20,False
PIKFYVE,4_minus_3,50.0,0.039989471435546875,0.1240202109719163,False,0.4487399344867693,2.0914605113005087,20,False
DUT,4_minus_3,50.0,0.039989471435546875,0.1240202109719163,False,0.7158697092242223,2.5843903976631504,20,False
REN,4_minus_3,50.0,0.039989471435546875,0.1240202109719163,False,-0.24273771565518273,0.0,20,False
SEMA6C,4_minus_3,50.0,0.039989471435546875,0.1240202109719163,False,-0.2528416132679801,-37.071100185196286,20,False
IPCEF1,4_minus_3,50.0,0.039989471435546875,0.1240202109719163,False,0.6954952596259418,2.7622227931858645,20,False
LAYN,4_minus_3,50.0,0.039989471435546875,0.1240202109719163,False,0.3084866648651624,5.759873643774218,20,False
HHEX,4_minus_3,50.0,0.039989471435546875,0.1240202109719163,False,0.4590965303031135,1.6403808128985469,20,False
IFIT3,4_minus_3,50.0,0.039989471435546875,0.1240202109719163,False,0.6032296601593701,2.449706996353438,20,False
PSMD5,4_minus_3,50.0,0.039989471435546875,0.1240202109719163,False,0.2512127441994738,3.6539523620421486,20,False
PPM1A,4_minus_3,50.0,0.039989471435546875,0.1240202109719163,False,-0.15143979728218793,0.0,20,False
NT-proBNP,4_minus_3,44.0,0.04013553637354551,0.12419963783286171,False,0.5028767496878845,0.0,20,False
MAPK13,4_minus_3,44.0,0.04013553637354551,0.12419963783286171,False,0.8111593281443519,37.824778734233355,20,False
PPME1,4_minus_3,51.0,0.04405403137207031,0.1308609201938291,False,0.6237676390894475,3.86554329002607,20,False
GIGYF2,4_minus_3,51.0,0.04405403137207031,0.1308609201938291,False,0.49750144490644954,2.3257403486633796,20,False
PRKRA,4_minus_3,51.0,0.04405403137207031,0.1308609201938291,False,0.4921538553061163,1.805416689414071,20,False
PDCD6,4_minus_3,51.0,0.04405403137207031,0.1308609201938291,False,0.22600229057741683,2.6041342006917403,20,False
ZBTB17,4_minus_3,51.0,0.04405403137207031,0.1308609201938291,False,0.30211685407214395,2.627251002766785,20,False
DTX3,4_minus_3,51.0,0.04405403137207031,0.1308609201938291,False,0.17260288861937975,36.10958882306833,20,False
AFP,4_minus_3,51.0,0.04405403137207031,0.1308609201938291,False,0.10749652533520368,0.853223380968094,20,False
PSAPL1,4_minus_3,51.0,0.04405403137207031,0.1308609201938291,False,0.41751077480326176,38.14655685286304,20,False
IGLC2,4_minus_3,51.0,0.04405403137207031,0.1308609201938291,False,0.13892111749304595,36.54227068118815,20,False
ATG16L1,4_minus_3,51.0,0.04405403137207031,0.1308609201938291,False,0.6325084867024187,1.5531535051744239,20,False
SH3GLB2,4_minus_3,51.0,0.04405403137207031,0.1308609201938291,False,0.7176316525377893,3.1208270502959157,20,False
ATP6V1G1,4_minus_3,51.0,0.04405403137207031,0.1308609201938291,False,0.6942276764862632,3.717904758344257,20,False
QDPR,4_minus_3,51.0,0.04405403137207031,0.1308609201938291,False,0.41665958103679734,1.476414074441817,20,False
PCYT2,4_minus_3,51.0,0.04405403137207031,0.1308609201938291,False,0.733486530102262,2.1010016399362432,20,False
ARF6,4_minus_3,51.0,0.04405403137207031,0.1308609201938291,False,0.7423606659720039,1.84326905194328,20,False
CTRL,4_minus_3,51.0,0.04405403137207031,0.1308609201938291,False,-0.2495658066185441,0.0,20,False
TNFRSF17,4_minus_3,51.0,0.04405403137207031,0.1308609201938291,False,-0.12009004508233634,0.0,20,False
FSTL1,4_minus_3,51.0,0.04405403137207031,0.1308609201938291,False,0.2735418382475291,37.45113495460566,20,False
CDC37,4_minus_3,51.0,0.04405403137207031,0.1308609201938291,False,0.5748322934282026,4.297486753855543,20,False
IL6ST,4_minus_3,51.0,0.04405403137207031,0.1308609201938291,False,0.07396637305912926,3.5187446749983264,20,False
LRCH4,4_minus_3,51.0,0.04405403137207031,0.1308609201938291,False,0.741239525516415,2.981306839415869,20,False
LSM1,4_minus_3,51.0,0.04405403137207031,0.1308609201938291,False,-0.30173105426182195,-37.136560965584835,20,False
COL4A1,4_minus_3,51.0,0.04405403137207031,0.1308609201938291,False,0.19436079563436734,36.889304298273,20,False
TJAP1,4_minus_3,51.0,0.04405403137207031,0.1308609201938291,False,0.27462330998018414,1.3185651617850442,20,False
SHBG,4_minus_3,51.0,0.04405403137207031,0.1308609201938291,False,0.04624953721453069,1.173413322929414,20,False
PCDHB15,4_minus_3,51.0,0.04405403137207031,0.1308609201938291,False,-0.28854390458730755,-32.14917866214933,20,False
APOE,4_minus_3,51.0,0.04405403137207031,0.1308609201938291,False,0.09742381261371506,0.8462015865501702,20,False
SFTPD,4_minus_3,51.0,0.04405403137207031,0.1308609201938291,False,-0.17239466935622155,-36.68737159163091,20,False
PKD2,4_minus_3,51.0,0.04405403137207031,0.1308609201938291,False,0.6088405104949346,2.234168757776714,20,False
ZNRF4,4_minus_3,51.0,0.04405403137207031,0.1308609201938291,False,0.3763095717896145,37.92387003205642,20,False
GSN,4_minus_3,51.0,0.04405403137207031,0.1308609201938291,False,-0.17509566971486507,0.0,20,False
HPSE,4_minus_3,51.0,0.04405403137207031,0.1308609201938291,False,0.313242467017058,1.6940133052584827,20,False
CD27,4_minus_3,51.0,0.04405403137207031,0.1308609201938291,False,0.13390211416459585,2.432353995585249,20,False
CD40,4_minus_3,51.0,0.04405403137207031,0.1308609201938291,False,0.23058706810312574,1.7072295174478103,20,False
TIMM8A,4_minus_3,51.0,0.04405403137207031,0.1308609201938291,False,0.14545056143695678,3.097870062979662,20,False
IDO1,4_minus_3,51.0,0.04405403137207031,0.1308609201938291,False,0.49303406419610113,4.646664083993194,20,False
IL36A,4_minus_3,51.0,0.04405403137207031,0.1308609201938291,False,-0.5085690518523007,0.0,20,False
ZBP1,4_minus_3,51.0,0.04405403137207031,0.1308609201938291,False,0.5374254145551798,3.4932694586643875,20,False
UBXN1,4_minus_3,45.0,0.04420843852469711,0.13104311882689165,False,0.20474297421558724,1.955414292831976,20,False
EPHA2,4_minus_3,45.0,0.04420843852469711,0.13104311882689165,False,0.1995751571099154,3.962314234251526,20,False
FUS,4_minus_3,52.0,0.04844093322753906,0.14005099380775154,False,0.6674662467393011,4.148459167374987,20,False
FH,4_minus_3,52.0,0.04844093322753906,0.14005099380775154,False,-0.6803905694105801,0.0,20,False
GHRHR,4_minus_3,52.0,0.04844093322753906,0.14005099380775154,False,-0.14975466522985573,-35.76178218683628,20,False
GAS6,4_minus_3,52.0,0.04844093322753906,0.14005099380775154,False,0.0986985262993132,32.4168968440146,20,False
S100A16,4_minus_3,52.0,0.04844093322753906,0.14005099380775154,False,-0.4622164169593071,0.0,20,False
C2orf69,4_minus_3,52.0,0.04844093322753906,0.14005099380775154,False,0.4687460147634709,5.5585850257575355,20,False
NEXN,4_minus_3,52.0,0.04844093322753906,0.14005099380775154,False,0.1240478830635706,1.3878457038352388,20,False
CR2,4_minus_3,52.0,0.04844093322753906,0.14005099380775154,False,-0.15970724735541372,0.0,20,False
TBCC,4_minus_3,52.0,0.04844093322753906,0.14005099380775154,False,0.29817778706880466,37.6394311273516,20,False
DYNLT3,4_minus_3,52.0,0.04844093322753906,0.14005099380775154,False,0.2727958217831811,1.3518064786731299,20,False
DDX58,4_minus_3,52.0,0.04844093322753906,0.14005099380775154,False,0.6113188947459423,4.3012627723823105,20,False
VSTM1,4_minus_3,52.0,0.04844093322753906,0.14005099380775154,False,-0.14939134147537994,-1.1238118053449044,20,False
CYTL1,4_minus_3,52.0,0.04844093322753906,0.14005099380775154,False,0.20682687270444072,31.69781682627371,20,False
LGALS1,4_minus_3,52.0,0.04844093322753906,0.14005099380775154,False,0.19674305260774774,2.713077233292736,20,False
AARSD1,4_minus_3,52.0,0.04844093322753906,0.14005099380775154,False,0.534598207136317,2.6141498627576,20,False
AGRP,4_minus_3,52.0,0.04844093322753906,0.14005099380775154,False,0.3901904986797542,3.5731965322336143,20,False
ADGRE5,4_minus_3,52.0,0.04844093322753906,0.14005099380775154,False,0.23656057104408068,1.336212386036735,20,False
XG,4_minus_3,52.0,0.04844093322753906,0.14005099380775154,False,0.2693439480548471,36.8700047336443,20,False
KCNC4,4_minus_3,52.0,0.04844093322753906,0.14005099380775154,False,-0.7057460819989259,-36.583325122574756,20,False
TXNDC15,4_minus_3,52.0,0.04844093322753906,0.14005099380775154,False,0.12895607008098575,1.8813458576898174,20,False
SCN3A,4_minus_3,52.0,0.04844093322753906,0.14005099380775154,False,-1.5369731391267725,0.0,20,False
GPD1,4_minus_3,52.0,0.04844093322753906,0.14005099380775154,False,0.20620593768644602,3.7139803101217996,20,False
MTSS2,4_minus_3,52.0,0.04844093322753906,0.14005099380775154,False,0.34210452571772937,1.4150761850785545,20,False
PLA2G4A,4_minus_3,52.0,0.04844093322753906,0.14005099380775154,False,0.4740049812512468,2.1022133982457687,20,False
CD55,4_minus_3,46.0,0.04862480166721014,0.14029450972834398,False,0.06686716215046185,34.20542040859757,20,False
SLC28A1,4_minus_3,46.0,0.04862480166721014,0.14029450972834398,False,0.5499595387008099,37.05886981192794,20,False
VSTM2B,4_minus_3,53.0,0.05316925048828125,0.14765740569526625,False,-0.31237637692129366,-34.256236778286485,20,False
TMPRSS11D,4_minus_3,53.0,0.05316925048828125,0.14765740569526625,False,0.33256802674858177,37.40388736744576,20,False
SARG,4_minus_3,53.0,0.05316925048828125,0.14765740569526625,False,0.27264709038675095,1.5237103009794501,20,False
TP53BP1,4_minus_3,53.0,0.05316925048828125,0.14765740569526625,False,0.3631798051607905,37.87044436832322,20,False
PRCP,4_minus_3,53.0,0.05316925048828125,0.14765740569526625,False,-0.09957739273923527,-35.0797025695737,20,False
PCARE,4_minus_3,53.0,0.05316925048828125,0.14765740569526625,False,-0.3438022822558777,0.0,20,False
ANGPTL1,4_minus_3,53.0,0.05316925048828125,0.14765740569526625,False,0.29977241154057344,2.0518823430091233,20,False
PRDX6,4_minus_3,53.0,0.05316925048828125,0.14765740569526625,False,0.17983072434307007,2.0749083267579778,20,False
C19orf12,4_minus_3,53.0,0.05316925048828125,0.14765740569526625,False,0.41166756181791553,3.8424096267523424,20,False
LETM1,4_minus_3,53.0,0.05316925048828125,0.14765740569526625,False,0.47658600203998924,1.9336177375284185,20,False
MYL6B,4_minus_3,53.0,0.05316925048828125,0.14765740569526625,False,0.9599966811603236,39.51315775286808,20,False
FNTA,4_minus_3,53.0,0.05316925048828125,0.14765740569526625,False,0.4324750737084855,3.739768617583855,20,False
MVK,4_minus_3,53.0,0.05316925048828125,0.14765740569526625,False,0.7250642462961869,1.7945454676402552,20,False
KIRREL2,4_minus_3,53.0,0.05316925048828125,0.14765740569526625,False,-0.27220948339244344,0.0,20,False
BST1,4_minus_3,53.0,0.05316925048828125,0.14765740569526625,False,-0.12390453484460644,0.0,20,False
ATXN3,4_minus_3,53.0,0.05316925048828125,0.14765740569526625,False,0.5859508324069664,38.5289307730308,20,False
DDHD2,4_minus_3,53.0,0.05316925048828125,0.14765740569526625,False,0.6126736892010021,1.7322579872987909,20,False
KLK11,4_minus_3,53.0,0.05316925048828125,0.14765740569526625,False,0.18656501616985208,7.7879398282665315,20,False
APRT,4_minus_3,53.0,0.05316925048828125,0.14765740569526625,False,0.4980359648050274,2.824856989558825,20,False
GPRC5C,4_minus_3,53.0,0.05316925048828125,0.14765740569526625,False,0.5285419941547307,38.6216339252445,20,False
HAO1,4_minus_3,53.0,0.05316925048828125,0.14765740569526625,False,0.5063669346110398,2.17108933532329,20,False
NPM1,4_minus_3,53.0,0.05316925048828125,0.14765740569526625,False,0.6187506473893519,38.7275940192917,20,False
SHPK,4_minus_3,53.0,0.05316925048828125,0.14765740569526625,False,0.5282441012506489,38.01258677589997,20,False
TMEM132A,4_minus_3,53.0,0.05316925048828125,0.14765740569526625,False,0.3033435632236895,0.8756888955275098,20,False
PLCB1,4_minus_3,53.0,0.05316925048828125,0.14765740569526625,False,-0.3112696444738646,-36.63436990400464,20,False
FCRL2,4_minus_3,53.0,0.05316925048828125,0.14765740569526625,False,-0.12444401450139247,-35.31570156047448,20,False
CCL8,4_minus_3,53.0,0.05316925048828125,0.14765740569526625,False,0.2899185395370657,35.00561717890508,20,False
PFDN2,4_minus_3,53.0,0.05316925048828125,0.14765740569526625,False,-0.5466495084619349,-37.12018406764792,20,False
EIF2AK2,4_minus_3,53.0,0.05316925048828125,0.14765740569526625,False,0.5982961909756357,1.6953969165989327,20,False
SH3BGRL2,4_minus_3,53.0,0.05316925048828125,0.14765740569526625,False,-0.22143946275922755,-1.3375609170063478,20,False
NTRK3,4_minus_3,53.0,0.05316925048828125,0.14765740569526625,False,-0.12719167054120575,0.0,20,False
FDX2,4_minus_3,53.0,0.05316925048828125,0.14765740569526625,False,0.517700491536212,3.0811227851977394,20,False
PCSK9,4_minus_3,53.0,0.05316925048828125,0.14765740569526625,False,0.16509830455353755,1.41280272321065,20,False
TFRC,4_minus_3,53.0,0.05316925048828125,0.14765740569526625,False,0.22117890139745217,1.4805578363037581,20,False
BCR,4_minus_3,53.0,0.05316925048828125,0.14765740569526625,False,0.5426752910252128,1.594655829500226,20,False
ESM1,4_minus_3,53.0,0.05316925048828125,0.14765740569526625,False,0.39378232675200453,34.683212592261455,20,False
LONP1,4_minus_3,53.0,0.05316925048828125,0.14765740569526625,False,0.8308036515058169,2.3486984367557877,20,False
APOBR,4_minus_3,53.0,0.05316925048828125,0.14765740569526625,False,0.09922215609638259,3.525580196700859,20,False
TXNDC9,4_minus_3,54.0,0.058258056640625,0.15714050526819923,False,0.38015954366066096,1.662757853971419,20,False
ST13,4_minus_3,54.0,0.058258056640625,0.15714050526819923,False,0.37579563128536086,37.993059033576735,20,False
SNAP29,4_minus_3,54.0,0.058258056640625,0.15714050526819923,False,0.3905582499727308,1.2023278955920174,20,False
VTCN1,4_minus_3,54.0,0.058258056640625,0.15714050526819923,False,0.3659952143284696,3.6356830800522313,20,False
SERPINA11,4_minus_3,54.0,0.058258056640625,0.15714050526819923,False,-0.147243581599739,-36.12853874112134,20,False
OTUD7B,4_minus_3,54.0,0.058258056640625,0.15714050526819923,False,0.5945075071557295,2.82484918384124,20,False
CDH4,4_minus_3,54.0,0.058258056640625,0.15714050526819923,False,-0.5775497864327814,-37.41376520641943,20,False
CFHR5,4_minus_3,54.0,0.058258056640625,0.15714050526819923,False,-0.113817360017614,-34.802843495097,20,False
RNF149,4_minus_3,54.0,0.058258056640625,0.15714050526819923,False,0.1009540727355879,1.024611325242688,20,False
NT5C3A,4_minus_3,54.0,0.058258056640625,0.15714050526819923,False,0.6506951865648313,1.4579576961653102,20,False
WASHC3,4_minus_3,54.0,0.058258056640625,0.15714050526819923,False,0.4144670946952158,1.472561005215386,20,False
PNPT1,4_minus_3,54.0,0.058258056640625,0.15714050526819923,False,0.3105889571678775,1.5264361454098163,20,False
HGFAC,4_minus_3,54.0,0.058258056640625,0.15714050526819923,False,-0.2682433780932323,0.0,20,False
LACTB2,4_minus_3,54.0,0.058258056640625,0.15714050526819923,False,0.462311097046892,2.019146081580775,20,False
LMNB2,4_minus_3,54.0,0.058258056640625,0.15714050526819923,False,0.4881423492513508,3.24886741039601,20,False
NMI,4_minus_3,54.0,0.058258056640625,0.15714050526819923,False,0.41272473341091037,2.186308437437644,20,False
TOP2B,4_minus_3,54.0,0.058258056640625,0.15714050526819923,False,0.6859245477751756,3.519256903971156,20,False
HSD17B14,4_minus_3,54.0,0.058258056640625,0.15714050526819923,False,0.3632718765893857,1.0591754622992522,20,False
TNFRSF21,4_minus_3,54.0,0.058258056640625,0.15714050526819923,False,-0.12670337986423666,0.0,20,False
CD2AP,4_minus_3,54.0,0.058258056640625,0.15714050526819923,False,0.47987928868935437,2.9151953508329314,20,False
FTCD,4_minus_3,54.0,0.058258056640625,0.15714050526819923,False,0.3491121589422185,1.0409474113461907,20,False
DARS1,4_minus_3,54.0,0.058258056640625,0.15714050526819923,False,0.45502077161303833,8.766349595414534,20,False
SSC4D,4_minus_3,54.0,0.058258056640625,0.15714050526819923,False,0.2102160481159675,0.0,20,False
AKR1B1,4_minus_3,54.0,0.058258056640625,0.15714050526819923,False,0.7843847436653834,2.394188167318538,20,False
EFNA4,4_minus_3,54.0,0.058258056640625,0.15714050526819923,False,0.29861265733311315,37.65585650172717,20,False
CA2,4_minus_3,54.0,0.058258056640625,0.15714050526819923,False,0.5589859162125742,38.51188025413299,20,False
AMPD3,4_minus_3,54.0,0.058258056640625,0.15714050526819923,False,0.5500958784849083,3.601020834215223,20,False
IMPG1,4_minus_3,54.0,0.058258056640625,0.15714050526819923,False,-0.4192779154082898,0.0,20,False
INPPL1,4_minus_3,54.0,0.058258056640625,0.15714050526819923,False,0.38944186746121323,1.1467233833800914,20,False
ASPN,4_minus_3,54.0,0.058258056640625,0.15714050526819923,False,0.24138068764096426,37.21148300518789,20,False
SERPINA3,4_minus_3,48.0,0.058573296793890506,0.15753811248480962,False,-0.13256055333367445,-31.960729416863778,20,False
QSOX1,4_minus_3,48.0,0.058573296793890506,0.15753811248480962,False,0.12889144255340718,1.8256331010606939,20,False
LCN2,4_minus_3,48.0,0.058573296793890506,0.15753811248480962,False,0.2525844991145743,37.20961568344596,20,False
SSNA1,4_minus_3,55.0,0.06372261047363281,0.16739073796058768,False,0.6450620386361715,3.767844772693982,20,False
MCAM,4_minus_3,55.0,0.06372261047363281,0.16739073796058768,False,-0.19599582677052235,-33.12308227885924,20,False
IL2,4_minus_3,55.0,0.06372261047363281,0.16739073796058768,False,-0.46567809909613844,0.0,20,False
GGH,4_minus_3,55.0,0.06372261047363281,0.16739073796058768,False,0.08928468819597644,0.7355192726833905,20,False
KLK10,4_minus_3,55.0,0.06372261047363281,0.16739073796058768,False,0.20195774664165075,35.34458603894664,20,False
GLB1,4_minus_3,55.0,0.06372261047363281,0.16739073796058768,False,0.4272325501334989,3.3823496581970245,20,False
MARS1,4_minus_3,55.0,0.06372261047363281,0.16739073796058768,False,0.4401048250917993,1.397383105496894,20,False
RNF43,4_minus_3,55.0,0.06372261047363281,0.16739073796058768,False,0.5840217879839318,4.471315768537183,20,False
EIF2S2,4_minus_3,55.0,0.06372261047363281,0.16739073796058768,False,0.5057839439485731,5.765672012446778,20,False
FKBP4,4_minus_3,55.0,0.06372261047363281,0.16739073796058768,False,0.637837850847166,3.4263899344689435,20,False
PON3,4_minus_3,55.0,0.06372261047363281,0.16739073796058768,False,-0.14937561167334806,0.0,20,False
CAMLG,4_minus_3,55.0,0.06372261047363281,0.16739073796058768,False,0.3674538879108277,37.89752910855667,20,False
B4GAT1,4_minus_3,55.0,0.06372261047363281,0.16739073796058768,False,0.06607801630894655,1.5860334655813093,20,False
DECR1,4_minus_3,55.0,0.06372261047363281,0.16739073796058768,False,0.5932491587965314,2.044898901897616,20,False
PTPN6,4_minus_3,55.0,0.06372261047363281,0.16739073796058768,False,0.40958777474056196,1.5170826062459724,20,False
BAG6,4_minus_3,55.0,0.06372261047363281,0.16739073796058768,False,0.4893789867522489,2.7464152820836896,20,False
ANXA4,4_minus_3,55.0,0.06372261047363281,0.16739073796058768,False,0.3397959603642656,2.6071358553358843,20,False
SFTPA2,4_minus_3,55.0,0.06372261047363281,0.16739073796058768,False,-0.2120224946811433,-1.648532877529375,20,False
CXCL10,4_minus_3,55.0,0.06372261047363281,0.16739073796058768,False,0.6810603130544595,3.133555951756281,20,False
CASP10,4_minus_3,55.0,0.06372261047363281,0.16739073796058768,False,0.5764006428472432,1.6647472004195565,20,False
PRND,4_minus_3,55.0,0.06372261047363281,0.16739073796058768,False,-0.24381413990506556,-35.0270092524548,20,False
RALY,4_minus_3,55.0,0.06372261047363281,0.16739073796058768,False,0.4527804495663955,38.32808995989574,20,False
RAB2B,4_minus_3,55.0,0.06372261047363281,0.16739073796058768,False,0.45653591501781843,1.53411838082743,20,False
TNIP1,4_minus_3,55.0,0.06372261047363281,0.16739073796058768,False,0.44683981391990263,1.375390450180352,20,False
ERMAP,4_minus_3,55.0,0.06372261047363281,0.16739073796058768,False,0.33132744650181056,1.9547146704444402,20,False
CETN3,4_minus_3,49.0,0.06414936248047727,0.16835471085277165,False,0.24940559157013695,1.9175172953860247,20,False
JPT2,4_minus_3,56.0,0.069580078125,0.17715867992766726,False,0.5562595111424524,1.929072408580131,20,False
NPHS1,4_minus_3,56.0,0.069580078125,0.17715867992766726,False,0.3564421200228298,37.57595058486669,20,False
TNFSF14,4_minus_3,56.0,0.069580078125,0.17715867992766726,False,0.39484364896801394,37.93004204071274,20,False
HMGCL,4_minus_3,56.0,0.069580078125,0.17715867992766726,False,0.28438396367852986,1.3220765010821691,20,False
TFAP2A,4_minus_3,56.0,0.069580078125,0.17715867992766726,False,-0.3564223767595771,0.0,20,False
FAM172A,4_minus_3,56.0,0.069580078125,0.17715867992766726,False,0.48363522823224936,2.394519749790923,20,False
KIF1C,4_minus_3,56.0,0.069580078125,0.17715867992766726,False,0.37688293611683443,2.510289296604808,20,False
S100G,4_minus_3,56.0,0.069580078125,0.17715867992766726,False,0.5303892551370313,3.0279023130706793,20,False
MMP15,4_minus_3,56.0,0.069580078125,0.17715867992766726,False,0.2629403337936694,37.20558465449978,20,False
KLK14,4_minus_3,56.0,0.069580078125,0.17715867992766726,False,0.15760634746590893,34.11152682233017,20,False
ALPI,4_minus_3,56.0,0.069580078125,0.17715867992766726,False,0.27280570345099686,1.9799303585619434,20,False
APOD,4_minus_3,56.0,0.069580078125,0.17715867992766726,False,-0.3115514123986174,0.0,20,False
PYY,4_minus_3,56.0,0.069580078125,0.17715867992766726,False,-0.9361914745286614,-39.008318293501134,20,False
CEACAM16,4_minus_3,56.0,0.069580078125,0.17715867992766726,False,-0.10103420530803102,-35.061218027963875,20,False
LAMP3,4_minus_3,56.0,0.069580078125,0.17715867992766726,False,-0.0995537255924403,-28.86781999048164,20,False
ADAM9,4_minus_3,56.0,0.069580078125,0.17715867992766726,False,0.25235456874866374,3.175149181411569,20,False
CC2D1A,4_minus_3,56.0,0.069580078125,0.17715867992766726,False,0.5076751986017618,5.229776056495331,20,False
PRDX1,4_minus_3,56.0,0.069580078125,0.17715867992766726,False,0.4574171243664511,4.719654678794952,20,False
LTA4H,4_minus_3,56.0,0.069580078125,0.17715867992766726,False,0.2608868162772342,4.732414251799566,20,False
GALNT10,4_minus_3,56.0,0.069580078125,0.17715867992766726,False,0.26858112540277757,2.2762633011449553,20,False
FOLR3,4_minus_3,56.0,0.069580078125,0.17715867992766726,False,0.14065488204566257,0.0,20,False
CXCL17,4_minus_3,56.0,0.069580078125,0.17715867992766726,False,0.0591971933829519,34.9835277119603,20,False
PPBP,4_minus_3,56.0,0.069580078125,0.17715867992766726,False,0.313767693265654,36.52558250345507,20,False
SPARCL1,4_minus_3,56.0,0.069580078125,0.17715867992766726,False,-0.26583105679234986,-34.43118113022323,20,False
GAS2,4_minus_3,56.0,0.069580078125,0.17715867992766726,False,0.2069197240712266,2.330808961712758,20,False
DDI2,4_minus_3,56.0,0.069580078125,0.17715867992766726,False,0.4169348270674456,38.20014245648324,20,False
CACNA1C,4_minus_3,56.0,0.069580078125,0.17715867992766726,False,-0.4031177901117986,-37.618572277484475,20,False
FOXO1,4_minus_3,56.0,0.069580078125,0.17715867992766726,False,0.5434718281474485,1.7456889197327754,20,False
AK1,4_minus_3,56.0,0.069580078125,0.17715867992766726,False,0.43994840014629477,2.336530161244962,20,False
FGR,4_minus_3,56.0,0.069580078125,0.17715867992766726,False,0.6832846003898048,3.069053100021341,20,False
COL2A1,4_minus_3,56.0,0.069580078125,0.17715867992766726,False,0.3955313115974134,37.39761371554607,20,False
ANG,4_minus_3,56.0,0.069580078125,0.17715867992766726,False,0.20920696092655336,2.6625961002564504,20,False
CNTN5,4_minus_3,56.0,0.069580078125,0.17715867992766726,False,0.1186141180123623,33.69592697318638,20,False
STAU1,4_minus_3,50.0,0.07015661401800449,0.17846524396991928,False,0.5390705583421034,38.707643524699996,20,False
NGFR,4_minus_3,57.0,0.0758514404296875,0.18509328964471405,False,0.14615918069926884,5.053534410669078,20,False
EPHB4,4_minus_3,57.0,0.0758514404296875,0.18509328964471405,False,0.09636081198653887,0.9122053386554783,20,False
EIF5,4_minus_3,57.0,0.0758514404296875,0.18509328964471405,False,0.8716928889074358,39.440339593302625,20,False
CRYM,4_minus_3,57.0,0.0758514404296875,0.18509328964471405,False,0.7395861797209211,2.6230411414603823,20,False
TXNDC5,4_minus_3,57.0,0.0758514404296875,0.18509328964471405,False,0.2394088455561103,1.7108944635976926,20,False
TGFBR3,4_minus_3,57.0,0.0758514404296875,0.18509328964471405,False,0.13731133305395926,2.5776911523898267,20,False
TBC1D5,4_minus_3,57.0,0.0758514404296875,0.18509328964471405,False,0.7569123246326658,1.5325062654477262,20,False
LARP1,4_minus_3,57.0,0.0758514404296875,0.18509328964471405,False,0.8714738300850515,39.432414308914076,20,False
NFATC1,4_minus_3,57.0,0.0758514404296875,0.18509328964471405,False,0.798237478270201,3.597989977256918,20,False
TPSG1,4_minus_3,57.0,0.0758514404296875,0.18509328964471405,False,-0.4384443041180633,-36.58564229297529,20,False
CEACAM8,4_minus_3,57.0,0.0758514404296875,0.18509328964471405,False,0.38561823271019485,2.38780582576518,20,False
CGN,4_minus_3,57.0,0.0758514404296875,0.18509328964471405,False,0.5912521844120399,38.700845626083,20,False
S100A4,4_minus_3,57.0,0.0758514404296875,0.18509328964471405,False,0.31732428938715085,4.858119722805107,20,False
TRIM25,4_minus_3,57.0,0.07311306386722159,0.18509328964471405,False,0.7262282754979016,1.5298158951175376,20,False
BRAP,4_minus_3,57.0,0.0758514404296875,0.18509328964471405,False,0.4372185862798967,1.2180889951707512,20,False
PSCA,4_minus_3,57.0,0.0758514404296875,0.18509328964471405,False,0.6803266704481303,4.6416632425825535,20,False
GNPDA2,4_minus_3,57.0,0.0758514404296875,0.18509328964471405,False,0.22471787112252337,1.6016339681395093,20,False
BCL2L15,4_minus_3,57.0,0.0758514404296875,0.18509328964471405,False,0.8446188932967995,39.49540585081995,20,False
JAM3,4_minus_3,57.0,0.0758514404296875,0.18509328964471405,False,0.2773791790670307,37.42758055124868,20,False
EDDM3B,4_minus_3,57.0,0.0758514404296875,0.18509328964471405,False,0.1420567442801241,36.47758245587736,20,False
ROBO1,4_minus_3,57.0,0.0758514404296875,0.18509328964471405,False,0.1277734189180173,2.8976134987353164,20,False
CHL1,4_minus_3,57.0,0.0758514404296875,0.18509328964471405,False,-0.14883542708916747,0.0,20,False
AHNAK,4_minus_3,57.0,0.0758514404296875,0.18509328964471405,False,0.2801443731619718,2.366164712176739,20,False
ATP1B1,4_minus_3,57.0,0.0758514404296875,0.18509328964471405,False,-0.18542512948610979,-35.498698897404694,20,False
IL5,4_minus_3,57.0,0.0758514404296875,0.18509328964471405,False,-0.6872150180525455,-36.95395569483468,20,False
EHBP1,4_minus_3,57.0,0.0758514404296875,0.18509328964471405,False,0.17096678852351205,1.1020603749158704,20,False
GZMB,4_minus_3,57.0,0.0758514404296875,0.18509328964471405,False,0.7311449970147975,38.6090547934961,20,False
NCLN,4_minus_3,57.0,0.0758514404296875,0.18509328964471405,False,-0.3505234705437141,-37.460843527995586,20,False
PSME1,4_minus_3,57.0,0.0758514404296875,0.18509328964471405,False,0.34802268793184254,2.1301880107572813,20,False
TPM3,4_minus_3,57.0,0.0758514404296875,0.18509328964471405,False,0.6992876977540319,39.11279559675037,20,False
PTPRR,4_minus_3,57.0,0.0758514404296875,0.18509328964471405,False,0.3146912021826501,36.577082896691586,20,False
ITIH5,4_minus_3,57.0,0.0758514404296875,0.18509328964471405,False,0.3190330224342272,37.49227061320966,20,False
GTPBP2,4_minus_3,57.0,0.0758514404296875,0.18509328964471405,False,0.5188673459156181,3.259249534931963,20,False
CD8A,4_minus_3,57.0,0.0758514404296875,0.18509328964471405,False,-0.5814429544664155,-32.50175674522699,20,False
LAT2,4_minus_3,57.0,0.0758514404296875,0.18509328964471405,False,0.34551370545983723,1.35092497344363,20,False
SCGB1A1,4_minus_3,57.0,0.0758514404296875,0.18509328964471405,False,0.6022951461441126,37.97224639101821,20,False
LMNB1,4_minus_3,57.0,0.0758514404296875,0.18509328964471405,False,0.9567082526232156,39.5966210232351,20,False
WWP2,4_minus_3,57.0,0.0758514404296875,0.18509328964471405,False,0.39421384246133717,2.2239000910707993,20,False
UROD,4_minus_3,57.0,0.0758514404296875,0.18509328964471405,False,0.4724683113406929,2.9695036917293764,20,False
CARHSP1,4_minus_3,57.0,0.0758514404296875,0.18509328964471405,False,0.36979548507892335,37.62518795231448,20,False
SCARB2,4_minus_3,57.0,0.0758514404296875,0.18509328964471405,False,0.3971664358291914,4.64401142408089,20,False
LYVE1,4_minus_3,57.0,0.0758514404296875,0.18509328964471405,False,-0.14984799488805214,-34.571361381146254,20,False
CALCA,4_minus_3,57.0,0.0758514404296875,0.18509328964471405,False,0.461476599085744,1.7845609360796384,20,False
SEMA4C,4_minus_3,57.0,0.0758514404296875,0.18509328964471405,False,0.5905933620628092,6.624171752576499,20,False
C9orf40,4_minus_3,57.0,0.0758514404296875,0.18509328964471405,False,0.5131952602000861,37.94526939560884,20,False
PACS2,4_minus_3,57.0,0.0758514404296875,0.18509328964471405,False,0.7261812024976564,5.216054768730871,20,False
CD82,4_minus_3,57.0,0.0758514404296875,0.18509328964471405,False,-0.4575137891271335,0.0,20,False
NELL1,4_minus_3,51.0,0.07661792341167123,0.18647888705900273,False,-0.23331245297563777,0.0,20,False
LYZL2,4_minus_3,51.0,0.07661792341167123,0.18647888705900273,False,0.2491976701070757,37.08236721072276,20,False
NRGN,4_minus_3,51.0,0.07661792341167123,0.18647888705900273,False,0.09184700449147895,2.8952547316518835,20,False
SMAD2,4_minus_3,58.0,0.082550048828125,0.19436533235785952,False,0.4045591812967517,1.9315122488503027,20,False
CLEC4G,4_minus_3,58.0,0.082550048828125,0.19436533235785952,False,-0.30642059285691636,0.0,20,False
BDNF,4_minus_3,58.0,0.082550048828125,0.19436533235785952,False,0.39693945688212773,36.32130397163427,20,False
RBM19,4_minus_3,58.0,0.082550048828125,0.19436533235785952,False,0.595823583540285,6.175614930035713,20,False
CRNN,4_minus_3,58.0,0.082550048828125,0.19436533235785952,False,0.18976465125514375,1.5123727240885947,20,False
TDRKH,4_minus_3,58.0,0.082550048828125,0.19436533235785952,False,0.5789698847292271,2.3380251495781295,20,False
ZFYVE19,4_minus_3,58.0,0.082550048828125,0.19436533235785952,False,0.8645138956614767,7.080216163389812,20,False
PRUNE2,4_minus_3,58.0,0.082550048828125,0.19436533235785952,False,0.24068330477916244,1.4920158679155417,20,False
TOMM20,4_minus_3,58.0,0.082550048828125,0.19436533235785952,False,0.26058631760592654,1.8761580959198563,20,False
GZMH,4_minus_3,58.0,0.082550048828125,0.19436533235785952,False,0.558900010718006,2.6942338649043487,20,False
TNN,4_minus_3,58.0,0.082550048828125,0.19436533235785952,False,0.08053421397986524,1.391707865565452,20,False
PLB1,4_minus_3,58.0,0.082550048828125,0.19436533235785952,False,-0.12637498671734354,0.0,20,False
CHI3L1,4_minus_3,58.0,0.082550048828125,0.19436533235785952,False,0.2417697999967593,2.157130251852808,20,False
AOC3,4_minus_3,58.0,0.082550048828125,0.19436533235785952,False,-0.13802359770990924,-29.278867342777193,20,False
HAVCR2,4_minus_3,58.0,0.082550048828125,0.19436533235785952,False,0.06721359888074746,3.2635120417815386,20,False
HBEGF,4_minus_3,58.0,0.082550048828125,0.19436533235785952,False,0.263016483385697,37.24446339268191,20,False
HBQ1,4_minus_3,58.0,0.082550048828125,0.19436533235785952,False,0.25174160544721325,37.19079319233711,20,False
CLEC14A,4_minus_3,58.0,0.082550048828125,0.19436533235785952,False,0.20930755893393005,37.03984610210932,20,False
DNAJC21,4_minus_3,58.0,0.082550048828125,0.19436533235785952,False,0.25640629888093347,2.5747493498578398,20,False
TAX1BP1,4_minus_3,58.0,0.082550048828125,0.19436533235785952,False,0.4390590891130371,1.7233881640235655,20,False
PTRHD1,4_minus_3,58.0,0.082550048828125,0.19436533235785952,False,0.48686535344684634,2.153501673214741,20,False
CA5A,4_minus_3,58.0,0.082550048828125,0.19436533235785952,False,0.34586585716615886,0.9879722683894845,20,False
SETMAR,4_minus_3,58.0,0.082550048828125,0.19436533235785952,False,0.20035642418086627,2.89697396389685,20,False
SIGLEC10,4_minus_3,58.0,0.082550048828125,0.19436533235785952,False,0.1351569938401716,10.031870624866986,20,False
IGFBP6,4_minus_3,58.0,0.082550048828125,0.19436533235785952,False,0.1117696822472957,33.57850421738682,20,False
CEACAM18,4_minus_3,58.0,0.082550048828125,0.19436533235785952,False,-0.1870309168431144,-1.5689487013090215,20,False
BNIP3L,4_minus_3,58.0,0.082550048828125,0.19436533235785952,False,0.6300117263871995,1.9784597869878846,20,False
SCN2A,4_minus_3,58.0,0.082550048828125,0.19436533235785952,False,-0.46746508074439613,0.0,20,False
STX7,4_minus_3,58.0,0.082550048828125,0.19436533235785952,False,0.5082492153198128,3.9805985743129364,20,False
IGF1R,4_minus_3,58.0,0.082550048828125,0.19436533235785952,False,0.141046664117413,34.96512144341225,20,False
ELAC1,4_minus_3,58.0,0.082550048828125,0.19436533235785952,False,0.4482106516539506,1.6217301932546146,20,False
EPHA1,4_minus_3,58.0,0.082550048828125,0.19436533235785952,False,0.07382129202200935,0.47226934479631727,20,False
SDHB,4_minus_3,58.0,0.082550048828125,0.19436533235785952,False,0.2668925494510709,37.27460154819185,20,False
ANGPT1,4_minus_3,58.0,0.082550048828125,0.19436533235785952,False,0.4366311234832859,36.751140561476404,20,False
RARRES2,4_minus_3,58.0,0.082550048828125,0.19436533235785952,False,0.20339230771543296,3.662780451244867,20,False
GLO1,4_minus_3,58.0,0.082550048828125,0.19436533235785952,False,0.46276176126498325,1.775128804220122,20,False
GRP,4_minus_3,58.0,0.082550048828125,0.19436533235785952,False,0.5289324643653064,38.34684507817671,20,False
PRSS53,4_minus_3,58.0,0.082550048828125,0.19436533235785952,False,0.09616279224620405,35.88140083660654,20,False
SEC31A,4_minus_3,58.0,0.082550048828125,0.19436533235785952,False,0.553276778332502,1.8140701759705533,20,False
DNAJA1,4_minus_3,52.0,0.08355636667535958,0.19640628427196377,False,-0.4893497555767774,-36.38202504668614,20,False
DNAJB2,4_minus_3,52.0,0.08355636667535958,0.19640628427196377,False,0.1627958985481036,1.6119505814745387,20,False
CLGN,4_minus_3,59.0,0.08969497680664062,0.20568489795399023,False,0.31740857311715354,1.221179109470386,20,False
TNFRSF4,4_minus_3,59.0,0.08969497680664062,0.20568489795399023,False,-0.13196791732847865,-34.605640175988356,20,False
SMS,4_minus_3,59.0,0.08969497680664062,0.20568489795399023,False,0.3296996034903176,2.2611100217632836,20,False
MYOC,4_minus_3,59.0,0.08969497680664062,0.20568489795399023,False,0.28455097665173057,34.98372253239176,20,False
TMCO5A,4_minus_3,59.0,0.08969497680664062,0.20568489795399023,False,0.8697693329186065,39.24064263962418,20,False
TPPP3,4_minus_3,59.0,0.08969497680664062,0.20568489795399023,False,-0.278862917130494,-35.25191575528719,20,False
PSMD1,4_minus_3,59.0,0.08969497680664062,0.20568489795399023,False,1.27593112927657,40.27158375387697,20,False
NOS3,4_minus_3,59.0,0.08969497680664062,0.20568489795399023,False,0.3024789042481922,35.940393572757614,20,False
DENR,4_minus_3,59.0,0.08969497680664062,0.20568489795399023,False,0.3479004944043167,2.26284371114924,20,False
NBN,4_minus_3,59.0,0.08969497680664062,0.20568489795399023,False,0.706804176480982,2.9313936093979533,20,False
PMM2,4_minus_3,59.0,0.08969497680664062,0.20568489795399023,False,0.4672409086828172,1.4794140600713703,20,False
AKT2,4_minus_3,59.0,0.08969497680664062,0.20568489795399023,False,0.7194856559174283,1.43352951826571,20,False
LZTFL1,4_minus_3,59.0,0.08969497680664062,0.20568489795399023,False,0.5583172057330187,2.2019919608241327,20,False
CALCB,4_minus_3,59.0,0.08969497680664062,0.20568489795399023,False,0.23348696168615754,37.233321781758725,20,False
TARBP2,4_minus_3,59.0,0.08969497680664062,0.20568489795399023,False,0.46289400242206735,1.7894075224584967,20,False
VAMP8,4_minus_3,59.0,0.08969497680664062,0.20568489795399023,False,0.5229708485358884,1.6613954245282907,20,False
ASAH2,4_minus_3,59.0,0.08969497680664062,0.20568489795399023,False,-0.06065158314661985,-1.5283482280916505,20,False
C2,4_minus_3,59.0,0.08969497680664062,0.20568489795399023,False,-0.13122515628330705,-35.85347286211919,20,False
GLRX5,4_minus_3,59.0,0.08969497680664062,0.20568489795399023,False,0.4659320763345858,2.95229956146788,20,False
UFD1,4_minus_3,59.0,0.08969497680664062,0.20568489795399023,False,1.2430144537753047,2.587894808423714,20,False
FARSA,4_minus_3,59.0,0.08969497680664062,0.20568489795399023,False,0.5417156394691757,1.5648617069811501,20,False
CDHR5,4_minus_3,59.0,0.08969497680664062,0.20568489795399023,False,0.1733956213479007,2.0460141193593318,20,False
CSRP3,4_minus_3,59.0,0.08969497680664062,0.20568489795399023,False,0.6099737680565409,38.554194756147545,20,False
GP5,4_minus_3,59.0,0.08969497680664062,0.20568489795399023,False,0.1942969096592051,1.506773215307459,20,False
ACRBP,4_minus_3,59.0,0.08969497680664062,0.20568489795399023,False,0.24675036167097625,37.37473756919595,20,False
LEO1,4_minus_3,59.0,0.08969497680664062,0.20568489795399023,False,0.42179435317655256,2.6033094559834224,20,False
PDGFB,4_minus_3,59.0,0.08969497680664062,0.20568489795399023,False,0.3938782268440112,37.43750615789297,20,False
CCND2,4_minus_3,59.0,0.08969497680664062,0.20568489795399023,False,0.7986467609596583,38.78018645564852,20,False
ENPP7,4_minus_3,59.0,0.08969497680664062,0.20568489795399023,False,0.1911064616881656,0.5399947735972465,20,False
TGOLN2,4_minus_3,59.0,0.08969497680664062,0.20568489795399023,False,0.14671763055385845,36.41564622774585,20,False
SERPINA12,4_minus_3,53.0,0.090995122946724,0.20832704570567057,False,-0.10155967484187992,0.0,20,False
TTR,4_minus_3,53.0,0.090995122946724,0.20832704570567057,False,-0.10115670298986251,0.0,20,False
CNTN4,4_minus_3,60.0,0.09730720520019531,0.21712923125495245,False,0.10254928680877451,33.539274460235674,20,False
SPON1,4_minus_3,60.0,0.09730720520019531,0.21712923125495245,False,0.06980113488681369,0.0,20,False
STEAP4,4_minus_3,60.0,0.09730720520019531,0.21712923125495245,False,-0.270689892444934,-36.08392059844762,20,False
YARS1,4_minus_3,60.0,0.09730720520019531,0.21712923125495245,False,1.1100527742141433,1.8206637861881818,20,False
APOA2,4_minus_3,60.0,0.09730720520019531,0.21712923125495245,False,0.41370774051630976,1.8291824313072111,20,False
PGA4,4_minus_3,60.0,0.09730720520019531,0.21712923125495245,False,0.3526455097696946,3.086240780437632,20,False
TLR4,4_minus_3,60.0,0.09730720520019531,0.21712923125495245,False,-0.1059297178646638,-36.03493374411264,20,False
ILKAP,4_minus_3,60.0,0.09730720520019531,0.21712923125495245,False,0.34251436718033335,2.1131378076987715,20,False
F11,4_minus_3,60.0,0.09730720520019531,0.21712923125495245,False,-0.19362875397758256,-35.673744615625246,20,False
CEBPA,4_minus_3,60.0,0.09730720520019531,0.21712923125495245,False,0.3646361579370049,1.971176993698998,20,False
BAG4,4_minus_3,60.0,0.09730720520019531,0.21712923125495245,False,0.627883684368602,2.830393337200146,20,False
STC2,4_minus_3,60.0,0.09730720520019531,0.21712923125495245,False,-0.3092058921981226,0.0,20,False
VSIR,4_minus_3,60.0,0.09730720520019531,0.21712923125495245,False,0.1445462373252091,1.2633783833198338,20,False
NME3,4_minus_3,60.0,0.09730720520019531,0.21712923125495245,False,0.0803434203145299,34.739192834475006,20,False
DYNLT1,4_minus_3,60.0,0.09730720520019531,0.21712923125495245,False,0.5008367074932102,2.1638784658440495,20,False
DBH,4_minus_3,60.0,0.09730720520019531,0.21712923125495245,False,-0.1927919265031398,0.0,20,False
FAM3D,4_minus_3,60.0,0.09730720520019531,0.21712923125495245,False,0.2824580488741476,36.65896588772898,20,False
PPIB,4_minus_3,60.0,0.09730720520019531,0.21712923125495245,False,0.49723424768100133,1.9934026159002618,20,False
CTSE,4_minus_3,60.0,0.09730720520019531,0.21712923125495245,False,0.29158441483865366,1.8054737388004347,20,False
ITGB6,4_minus_3,60.0,0.09730720520019531,0.21712923125495245,False,0.27540333879309137,37.5291953819611,20,False
IRAK1,4_minus_3,60.0,0.09730720520019531,0.21712923125495245,False,0.5639713317560948,1.7558095111273948,20,False
PRG3,4_minus_3,60.0,0.09730720520019531,0.21712923125495245,False,-0.20387768599070658,-34.88289943591043,20,False
CDH5,4_minus_3,60.0,0.09730720520019531,0.21712923125495245,False,-0.1661255005126524,-35.33692835609687,20,False
ITGAM,4_minus_3,60.0,0.09730720520019531,0.21712923125495245,False,0.09126090422957484,35.48466600278954,20,False
ATRAID,4_minus_3,60.0,0.09730720520019531,0.21712923125495245,False,0.22823827337220895,37.26917009007311,20,False
TIMP4,4_minus_3,60.0,0.09730720520019531,0.21712923125495245,False,0.30020084628272375,36.66988642648025,20,False
RBPMS,4_minus_3,60.0,0.09730720520019531,0.21712923125495245,False,0.5497067264261697,2.335435414450499,20,False
C4BPB,4_minus_3,60.0,0.09730720520019531,0.21712923125495245,False,0.09294297040726288,0.9752327404626128,20,False
ITPA,4_minus_3,60.0,0.09730720520019531,0.21712923125495245,False,0.4978120208152143,1.934523024491269,20,False
EPO,4_minus_3,60.0,0.09730720520019531,0.21712923125495245,False,0.5909625258731235,1.364451311220778,20,False
SPART,4_minus_3,60.0,0.09730720520019531,0.21712923125495245,False,0.48368292092344345,1.770139438046194,20,False
ABHD14B,4_minus_3,60.0,0.09730720520019531,0.21712923125495245,False,0.6128676529083994,3.454504388835412,20,False
GOPC,4_minus_3,61.0,0.10539817810058594,0.22848442612105466,False,0.8874948695692051,2.7148902014115395,20,False
NFE2,4_minus_3,61.0,0.10539817810058594,0.22848442612105466,False,0.348047406315418,1.7331898176768012,20,False
CD86,4_minus_3,61.0,0.10539817810058594,0.22848442612105466,False,-0.11212601452473958,-34.07914667485766,20,False
SLAMF8,4_minus_3,61.0,0.10539817810058594,0.22848442612105466,False,0.20528150933017802,1.9175474513122586,20,False
PPIE,4_minus_3,61.0,0.10539817810058594,0.22848442612105466,False,-0.24268204317252617,-35.540832768301584,20,False
KRT8,4_minus_3,61.0,0.10539817810058594,0.22848442612105466,False,0.821608828148126,39.44124164603519,20,False
GMFG,4_minus_3,61.0,0.10539817810058594,0.22848442612105466,False,0.2505016194618606,0.9924562572655286,20,False
ANXA11,4_minus_3,61.0,0.10539817810058594,0.22848442612105466,False,0.10867808119668891,4.3508016365613384,20,False
IL2RB,4_minus_3,61.0,0.10539817810058594,0.22848442612105466,False,-0.34392101339386094,0.0,20,False
GPR101,4_minus_3,61.0,0.10539817810058594,0.22848442612105466,False,-0.4119498431635825,-37.444441472203785,20,False
NDRG1,4_minus_3,61.0,0.10539817810058594,0.22848442612105466,False,0.454442189753562,37.27607877146446,20,False
SF3B4,4_minus_3,61.0,0.10539817810058594,0.22848442612105466,False,0.39424931444993905,2.225815249418617,20,False
BANK1,4_minus_3,61.0,0.10539817810058594,0.22848442612105466,False,0.6328321876745501,1.1729751109439122,20,False
GORASP2,4_minus_3,61.0,0.10539817810058594,0.22848442612105466,False,0.3964299042345507,1.1376243667768147,20,False
SDCCAG8,4_minus_3,61.0,0.10539817810058594,0.22848442612105466,False,0.35826548885353127,38.03135504018766,20,False
GSTA1,4_minus_3,61.0,0.10539817810058594,0.22848442612105466,False,0.46827490120795323,1.392188904615936,20,False
PYDC1,4_minus_3,61.0,0.10539817810058594,0.22848442612105466,False,0.16865943000891215,2.561829027627571,20,False
AMIGO1,4_minus_3,61.0,0.10539817810058594,0.22848442612105466,False,-0.17165814444890604,-35.736703133962976,20,False
VAMP5,4_minus_3,61.0,0.10539817810058594,0.22848442612105466,False,0.31196082279903553,37.69932723599688,20,False
HEPH,4_minus_3,61.0,0.10539817810058594,0.22848442612105466,False,0.14356784465106842,2.0330716165012843,20,False
MYBPC2,4_minus_3,61.0,0.10539817810058594,0.22848442612105466,False,0.3756747765186731,38.09738138421588,20,False
HMGCS1,4_minus_3,61.0,0.10539817810058594,0.22848442612105466,False,0.2838511103302601,1.7731374362381151,20,False
EDIL3,4_minus_3,61.0,0.10539817810058594,0.22848442612105466,False,-0.16247547777581547,0.0,20,False
CLEC2L,4_minus_3,61.0,0.10539817810058594,0.22848442612105466,False,-0.4514894517308511,-35.53965839241878,20,False
CLEC4D,4_minus_3,61.0,0.10539817810058594,0.22848442612105466,False,0.5794692960124933,37.48702058837279,20,False
PTK7,4_minus_3,61.0,0.10539817810058594,0.22848442612105466,False,0.47781126689269793,38.274726390513834,20,False
CCS,4_minus_3,61.0,0.10539817810058594,0.22848442612105466,False,0.23078278069685404,37.15764313125948,20,False
STX16,4_minus_3,61.0,0.10539817810058594,0.22848442612105466,False,0.18295781255755914,1.783722866855596,20,False
PHLDB1,4_minus_3,61.0,0.10539817810058594,0.22848442612105466,False,0.35331297481336277,1.9213902020500215,20,False
IST1,4_minus_3,61.0,0.10539817810058594,0.22848442612105466,False,0.8803056666494299,2.366609932625313,20,False
LILRA6,4_minus_3,61.0,0.10539817810058594,0.22848442612105466,False,0.08916951553408589,0.48530064358937136,20,False
MTHFD2,4_minus_3,61.0,0.10539817810058594,0.22848442612105466,False,0.26862686722909557,37.14228158129113,20,False
RNF5,4_minus_3,61.0,0.10539817810058594,0.22848442612105466,False,0.3173419168115505,37.811425917544106,20,False
FABP2,4_minus_3,61.0,0.10539817810058594,0.22848442612105466,False,0.24513199428000287,36.94906081413719,20,False
KIRREL1,4_minus_3,61.0,0.10539817810058594,0.22848442612105466,False,-0.13923813384447464,0.0,20,False
METAP1D,4_minus_3,61.0,0.10539817810058594,0.22848442612105466,False,0.5782201814792037,1.8469407150287156,20,False
CNTNAP2,4_minus_3,61.0,0.10539817810058594,0.22848442612105466,False,0.14674961110771456,36.63482124460719,20,False
IL3,4_minus_3,55.0,0.10746614473256638,0.23278820274377454,False,-0.6681974471841418,-36.923134108536644,20,False
TANK,4_minus_3,62.0,0.11398696899414062,0.2409814599756006,False,0.30921474112612596,2.0622149678168418,20,False
ADH1B,4_minus_3,62.0,0.11398696899414062,0.2409814599756006,False,0.3384163219401285,1.0291594950029237,20,False
METAP1,4_minus_3,62.0,0.11398696899414062,0.2409814599756006,False,-0.2825014806750825,-35.56859248451347,20,False
CRADD,4_minus_3,62.0,0.11398696899414062,0.2409814599756006,False,0.3572892432727799,1.9320020799082853,20,False
TAFA5,4_minus_3,62.0,0.11398696899414062,0.2409814599756006,False,0.23122765751195168,36.81376647323243,20,False
SERPINA1,4_minus_3,62.0,0.11398696899414062,0.2409814599756006,False,0.041218923443807856,0.45478910070406353,20,False
CD160,4_minus_3,62.0,0.11398696899414062,0.2409814599756006,False,0.09069999467735619,35.73275423398208,20,False
COPB2,4_minus_3,62.0,0.11398696899414062,0.2409814599756006,False,-0.5761356003866334,0.0,20,False
RET,4_minus_3,62.0,0.11398696899414062,0.2409814599756006,False,0.11454854031536224,1.015499374107176,20,False
LRRC25,4_minus_3,62.0,0.11398696899414062,0.2409814599756006,False,-0.1671878198098027,0.0,20,False
MYL4,4_minus_3,62.0,0.11398696899414062,0.2409814599756006,False,0.19830057137658458,37.07169011083381,20,False
PTGR1,4_minus_3,62.0,0.11398696899414062,0.2409814599756006,False,0.20822492284319516,36.60317630015984,20,False
CLEC6A,4_minus_3,62.0,0.11398696899414062,0.2409814599756006,False,0.5118447695739801,38.60061671673199,20,False
ABO,4_minus_3,62.0,0.11398696899414062,0.2409814599756006,False,-0.08923888021793591,-35.704301446027394,20,False
YOD1,4_minus_3,62.0,0.11398696899414062,0.2409814599756006,False,0.4737332156891275,4.530063076993399,20,False
AMIGO2,4_minus_3,62.0,0.11398696899414062,0.2409814599756006,False,0.11353997922871954,4.216566379472326,20,False
ZNRD2,4_minus_3,62.0,0.11398696899414062,0.2409814599756006,False,0.3177590338981641,37.65270437170805,20,False
FBN2,4_minus_3,62.0,0.11398696899414062,0.2409814599756006,False,0.1368917686631127,0.6435079208353797,20,False
PDLIM7,4_minus_3,62.0,0.11398696899414062,0.2409814599756006,False,0.3442422023210012,0.9359322418514653,20,False
IGF2BP3,4_minus_3,62.0,0.11398696899414062,0.2409814599756006,False,0.1444608247527392,0.8717537103148634,20,False
FETUB,4_minus_3,62.0,0.11398696899414062,0.2409814599756006,False,-0.26407038952569567,-35.698606079625115,20,False
BECN1,4_minus_3,62.0,0.11398696899414062,0.2409814599756006,False,0.27544913794919496,2.445076740757103,20,False
GPC5,4_minus_3,62.0,0.11398696899414062,0.2409814599756006,False,0.10049385218930725,0.0,20,False
SKAP1,4_minus_3,62.0,0.11398696899414062,0.2409814599756006,False,0.2894527689157121,2.292668090042958,20,False
EPB41L5,4_minus_3,62.0,0.11398696899414062,0.2409814599756006,False,0.3238430321706247,36.12591851715451,20,False
AGXT,4_minus_3,62.0,0.11398696899414062,0.2409814599756006,False,0.173721780672213,0.5436061302249956,20,False
TBCB,4_minus_3,62.0,0.11398696899414062,0.2409814599756006,False,0.26909384618298315,1.1144271181228744,20,False
CTNNA1,4_minus_3,62.0,0.11398696899414062,0.2409814599756006,False,-0.19869096752676713,-34.479030991765875,20,False
THBS4,4_minus_3,62.0,0.11398696899414062,0.2409814599756006,False,0.13849167377603394,2.750826557746656,20,False
HSDL2,4_minus_3,62.0,0.11398696899414062,0.2409814599756006,False,0.24134731407397625,2.7140834385385557,20,False
ATG4A,4_minus_3,62.0,0.11398696899414062,0.2409814599756006,False,0.5898792793968628,2.4813673904216613,20,False
NFYA,4_minus_3,62.0,0.11398696899414062,0.2409814599756006,False,0.5844811902058996,38.37248244397372,20,False
ACP5,4_minus_3,56.0,0.11654426427752808,0.24601847691568146,False,0.16270431300950122,0.0,20,False
CCL2,4_minus_3,56.0,0.11654426427752808,0.24601847691568146,False,0.6483859880723777,38.489079576122286,20,False
GSTM4,4_minus_3,63.0,0.1230926513671875,0.2524609659504734,False,0.4128799102333615,36.81234936910607,20,False
TSPYL1,4_minus_3,63.0,0.1230926513671875,0.2524609659504734,False,0.2175269454483316,1.6011103803990643,20,False
CIRBP,4_minus_3,63.0,0.1230926513671875,0.2524609659504734,False,0.6811909504613858,1.8793454384308308,20,False
CORO1A,4_minus_3,63.0,0.1230926513671875,0.2524609659504734,False,0.3109618127133543,1.1176570676574409,20,False
DNM1,4_minus_3,63.0,0.1230926513671875,0.2524609659504734,False,-0.40822875069102815,-3.24729940337032,20,False
CD93,4_minus_3,63.0,0.1230926513671875,0.2524609659504734,False,-0.11141029622619669,0.0,20,False
BTN3A2,4_minus_3,63.0,0.1230926513671875,0.2524609659504734,False,0.20180935107131592,5.687421564254297,20,False
EFCAB14,4_minus_3,63.0,0.1230926513671875,0.2524609659504734,False,0.29401276307971635,2.4625932209811077,20,False
CDC27,4_minus_3,63.0,0.1230926513671875,0.2524609659504734,False,0.6002997064877222,1.890736659363665,20,False
ERBB4,4_minus_3,63.0,0.1230926513671875,0.2524609659504734,False,-0.10476303442650436,-33.33591758409975,20,False
KEL,4_minus_3,63.0,0.1230926513671875,0.2524609659504734,False,0.2215435853988797,2.339123378632233,20,False
RPE,4_minus_3,63.0,0.1230926513671875,0.2524609659504734,False,0.5069703862840226,3.5823186884969997,20,False
VPS37A,4_minus_3,63.0,0.1230926513671875,0.2524609659504734,False,0.1975509425320714,1.4844028498679755,20,False
PF4,4_minus_3,63.0,0.1230926513671875,0.2524609659504734,False,0.5192464731611404,37.96985601900112,20,False
TNFRSF10C,4_minus_3,63.0,0.1230926513671875,0.2524609659504734,False,-0.10080749343217613,-35.67538806808175,20,False
PRSS22,4_minus_3,63.0,0.1230926513671875,0.2524609659504734,False,0.5434167909522314,1.369030449103403,20,False
GUK1,4_minus_3,63.0,0.1230926513671875,0.2524609659504734,False,0.3137533798257193,37.498207183464245,20,False
PGF,4_minus_3,63.0,0.1230926513671875,0.2524609659504734,False,-0.4544897191623441,-1.551612053879885,20,False
GSTT2B,4_minus_3,63.0,0.1230926513671875,0.2524609659504734,False,0.18339081907155913,0.4835819109702606,20,False
PECAM1,4_minus_3,63.0,0.1230926513671875,0.2524609659504734,False,0.04479727077646742,1.2625725256565141,20,False
CEBPB,4_minus_3,63.0,0.1230926513671875,0.2524609659504734,False,0.20673910466388706,5.017318300176185,20,False
CEP170,4_minus_3,63.0,0.1230926513671875,0.2524609659504734,False,0.3174718796412074,1.3660860332114755,20,False
AREG,4_minus_3,63.0,0.1230926513671875,0.2524609659504734,False,0.23604608283957357,37.106986110001664,20,False
CSF2,4_minus_3,63.0,0.1230926513671875,0.2524609659504734,False,-0.29400456565582844,0.0,20,False
SMAD1,4_minus_3,63.0,0.1230926513671875,0.2524609659504734,False,-0.15452988089128677,-1.2738654277809909,20,False
SPINK4,4_minus_3,63.0,0.1230926513671875,0.2524609659504734,False,0.20865325881102373,36.21499839238755,20,False
LYPLA2,4_minus_3,63.0,0.1230926513671875,0.2524609659504734,False,-0.24599394407970274,0.0,20,False
USO1,4_minus_3,63.0,0.1230926513671875,0.2524609659504734,False,0.8039263290144583,1.9681113749925285,20,False
MET,4_minus_3,63.0,0.1230926513671875,0.2524609659504734,False,0.09999120188952007,4.8930808065371405,20,False
RFC4,4_minus_3,63.0,0.1230926513671875,0.2524609659504734,False,0.3898729628371399,1.641759055071039,20,False
GCC1,4_minus_3,63.0,0.1230926513671875,0.2524609659504734,False,0.5804322865619993,1.3500330104466436,20,False
CASP3,4_minus_3,63.0,0.1230926513671875,0.2524609659504734,False,0.3440310067454295,0.9956893443399772,20,False
C1QTNF5,4_minus_3,63.0,0.1230926513671875,0.2524609659504734,False,0.185907846751738,1.9306194581317895,20,False
IL21R,4_minus_3,63.0,0.1230926513671875,0.2524609659504734,False,-0.1242897377213628,0.0,20,False
YTHDF3,4_minus_3,63.0,0.1230926513671875,0.2524609659504734,False,0.3455035597045739,1.2300934695116377,20,False
AP3S2,4_minus_3,63.0,0.1230926513671875,0.2524609659504734,False,0.2946216582119855,1.3921621429739568,20,False
AP3B1,4_minus_3,63.0,0.1230926513671875,0.2524609659504734,False,0.6935876912430672,1.7446135239058156,20,False
DAPK2,4_minus_3,63.0,0.1230926513671875,0.2524609659504734,False,0.19200217439975029,1.6998144853253432,20,False
SLC13A1,4_minus_3,63.0,0.1230926513671875,0.2524609659504734,False,0.29852048994837554,37.11448297598861,20,False
PIBF1,4_minus_3,64.0,0.13272666931152344,0.2637673258865561,False,0.3678556961486208,1.622021129920341,20,False
FAS,4_minus_3,64.0,0.13272666931152344,0.2637673258865561,False,0.07333981276805936,1.0508906569703445,20,False
KHK,4_minus_3,64.0,0.13272666931152344,0.2637673258865561,False,0.25531106619221644,1.0200586167079633,20,False
APOM,4_minus_3,64.0,0.13272666931152344,0.2637673258865561,False,-0.15207825183430954,-35.20124099547145,20,False
PAFAH2,4_minus_3,64.0,0.13272666931152344,0.2637673258865561,False,-0.3410108629375088,-37.271313548190086,20,False
LAMTOR5,4_minus_3,64.0,0.13272666931152344,0.2637673258865561,False,0.5212473782297261,38.575732275723865,20,False
RNASET2,4_minus_3,64.0,0.13272666931152344,0.2637673258865561,False,0.04871645154927551,1.6086936289659683,20,False
FYB1,4_minus_3,64.0,0.13272666931152344,0.2637673258865561,False,0.20391872296079838,0.5403796657230826,20,False
SERPINB5,4_minus_3,64.0,0.13272666931152344,0.2637673258865561,False,1.3064430108643137,40.356225879592394,20,False
C3,4_minus_3,64.0,0.13272666931152344,0.2637673258865561,False,-0.14797189626127313,-35.734720357038405,20,False
VPS53,4_minus_3,64.0,0.13272666931152344,0.2637673258865561,False,0.20239114845277728,0.82257201516441,20,False
MYH4,4_minus_3,64.0,0.13272666931152344,0.2637673258865561,False,-0.37053169081540893,0.0,20,False
CD4,4_minus_3,64.0,0.13272666931152344,0.2637673258865561,False,0.18907200022814308,36.84863122960673,20,False
MAP1LC3A,4_minus_3,64.0,0.13272666931152344,0.2637673258865561,False,-0.5608946436373567,-36.642229482106345,20,False
AHSA1,4_minus_3,64.0,0.13272666931152344,0.2637673258865561,False,0.4522835042220975,2.080290397882338,20,False
RCOR1,4_minus_3,64.0,0.13272666931152344,0.2637673258865561,False,0.4381321334078536,38.33577844432034,20,False
CACYBP,4_minus_3,64.0,0.13272666931152344,0.2637673258865561,False,0.21245110726068694,0.7891405366489783,20,False
AKR7L,4_minus_3,64.0,0.13272666931152344,0.2637673258865561,False,0.4486654588930199,1.0424965958746952,20,False
MEGF10,4_minus_3,64.0,0.13272666931152344,0.2637673258865561,False,0.13526615237630396,35.91365948058885,20,False
ATXN10,4_minus_3,64.0,0.13272666931152344,0.2637673258865561,False,0.31607252754726767,1.7398980419938532,20,False
EVI5,4_minus_3,64.0,0.13272666931152344,0.2637673258865561,False,0.5138082470721304,1.4604952121411219,20,False
ERP44,4_minus_3,64.0,0.13272666931152344,0.2637673258865561,False,0.20334723110032793,5.761455212921623,20,False
RABGAP1L,4_minus_3,64.0,0.13272666931152344,0.2637673258865561,False,0.5188462901128745,1.7928820224844098,20,False
RELB,4_minus_3,64.0,0.13272666931152344,0.2637673258865561,False,0.416634027236329,1.7278974640380074,20,False
CDKN2D,4_minus_3,64.0,0.13272666931152344,0.2637673258865561,False,0.3157021571280485,0.7446188433814491,20,False
SIT1,4_minus_3,64.0,0.13272666931152344,0.2637673258865561,False,0.26520611384230786,2.2184148729352673,20,False
CDCP1,4_minus_3,64.0,0.13272666931152344,0.2637673258865561,False,0.2218050985163613,1.2388905866586661,20,False
OTUD6B,4_minus_3,64.0,0.13272666931152344,0.2637673258865561,False,0.4775209838924472,2.5644820501549264,20,False
MMP3,4_minus_3,64.0,0.13272666931152344,0.2637673258865561,False,0.2264987880013131,1.3177783994693013,20,False
NFAT5,4_minus_3,64.0,0.13272666931152344,0.2637673258865561,False,0.31000651356070263,1.6893210493744988,20,False
CRISP3,4_minus_3,64.0,0.13272666931152344,0.2637673258865561,False,-0.19283189754205843,0.0,20,False
PRR5,4_minus_3,64.0,0.13272666931152344,0.2637673258865561,False,0.2167007234212272,2.2697132429051665,20,False
CRLF1,4_minus_3,64.0,0.13272666931152344,0.2637673258865561,False,-0.08560893005351279,0.0,20,False
DNAJB8,4_minus_3,64.0,0.13272666931152344,0.2637673258865561,False,-0.1956058636171648,-35.72728153803781,20,False
PRR4,4_minus_3,64.0,0.13272666931152344,0.2637673258865561,False,0.3008144568886278,37.38985204130978,20,False
PRKD2,4_minus_3,64.0,0.13272666931152344,0.2637673258865561,False,0.48969854311761335,3.0760478335716694,20,False
TCP11,4_minus_3,64.0,0.13272666931152344,0.2637673258865561,False,-0.46346546109877745,-33.722566974225096,20,False
NARS1,4_minus_3,64.0,0.13272666931152344,0.2637673258865561,False,0.2013558073244753,1.6810569834381766,20,False
PLIN3,4_minus_3,64.0,0.13272666931152344,0.2637673258865561,False,0.2126060832063877,1.9766379848777798,20,False
NOTCH1,4_minus_3,64.0,0.13272666931152344,0.2637673258865561,False,-0.11938531639101212,-34.757694490021294,20,False
IGFL4,4_minus_3,64.0,0.13272666931152344,0.2637673258865561,False,-0.29585179044012194,-36.823717014957055,20,False
PLXDC1,4_minus_3,64.0,0.13272666931152344,0.2637673258865561,False,-0.09467339620122535,-27.14760714923917,20,False
BLOC1S2,4_minus_3,64.0,0.13272666931152344,0.2637673258865561,False,-1.056916384486959,-38.37066474136394,20,False
SLC9A3R1,4_minus_3,64.0,0.13272666931152344,0.2637673258865561,False,0.3369710423749429,1.6912539975744323,20,False
CERT1,4_minus_3,58.0,0.13649771056887278,0.2710702066022184,False,0.3765664636663133,2.3023634570757685,20,False
NUMB,4_minus_3,65.0,0.14290618896484375,0.27772520919599725,False,0.43805027733414037,1.9718813504443287,20,False
REG1A,4_minus_3,65.0,0.14290618896484375,0.27772520919599725,False,0.15136330225250375,0.0,20,False
MUC2,4_minus_3,65.0,0.14290618896484375,0.27772520919599725,False,0.04490906561565375,3.1296625264714972,20,False
IGBP1,4_minus_3,65.0,0.14290618896484375,0.27772520919599725,False,0.712587433573679,2.6844194565985164,20,False
VNN2,4_minus_3,65.0,0.14290618896484375,0.27772520919599725,False,0.13657149509184568,36.124825837419635,20,False
F13B,4_minus_3,65.0,0.14290618896484375,0.27772520919599725,False,-0.10015550851826366,-30.349890038939726,20,False
ZNF75D,4_minus_3,65.0,0.14290618896484375,0.27772520919599725,False,-0.15752740168320076,0.0,20,False
RAD51,4_minus_3,65.0,0.14290618896484375,0.27772520919599725,False,0.4735246617436782,38.34528214707262,20,False
RABEP1,4_minus_3,65.0,0.14290618896484375,0.27772520919599725,False,0.4144446535324979,1.7502841219357443,20,False
PENK,4_minus_3,65.0,0.14290618896484375,0.27772520919599725,False,0.19814680740293095,36.784565969554116,20,False
CENPF,4_minus_3,65.0,0.14290618896484375,0.27772520919599725,False,0.33933882771628565,1.5909069298109242,20,False
BCL7B,4_minus_3,65.0,0.14290618896484375,0.27772520919599725,False,0.19745546072156273,37.076788478243394,20,False
KLF4,4_minus_3,65.0,0.14290618896484375,0.27772520919599725,False,0.33153410039572384,2.046419038084424,20,False
SCG2,4_minus_3,65.0,0.14290618896484375,0.27772520919599725,False,0.21904365941058107,1.74853777415868,20,False
FCRL3,4_minus_3,65.0,0.14290618896484375,0.27772520919599725,False,-0.21335440607852368,-35.9709036049638,20,False
GDNF,4_minus_3,65.0,0.14290618896484375,0.27772520919599725,False,0.3462973058019774,37.73446494927736,20,False
IL13,4_minus_3,65.0,0.14290618896484375,0.27772520919599725,False,-0.354724770591919,-36.64962633349084,20,False
CTBS,4_minus_3,65.0,0.14290618896484375,0.27772520919599725,False,0.1369680966689495,1.498689909094459,20,False
NFKBIE,4_minus_3,65.0,0.14290618896484375,0.27772520919599725,False,0.5672992949397204,2.3755364688229355,20,False
ITIH3,4_minus_3,65.0,0.14290618896484375,0.27772520919599725,False,0.4933323550921038,2.7977207951314815,20,False
FMNL1,4_minus_3,65.0,0.14290618896484375,0.27772520919599725,False,0.9711299741986115,39.78353687415094,20,False
THSD1,4_minus_3,65.0,0.14290618896484375,0.27772520919599725,False,-0.22738646726290693,-31.184331158594826,20,False
PRKG1,4_minus_3,65.0,0.14290618896484375,0.27772520919599725,False,-0.28455650228333645,-2.9683741389399607,20,False
HGS,4_minus_3,65.0,0.14290618896484375,0.27772520919599725,False,0.3262316227706585,1.6382520570161592,20,False
ECHS1,4_minus_3,65.0,0.14290618896484375,0.27772520919599725,False,0.7506851830104304,2.8495307881657577,20,False
SELENOP,4_minus_3,65.0,0.14290618896484375,0.27772520919599725,False,-0.07764162764617104,0.0,20,False
CASP7,4_minus_3,65.0,0.14290618896484375,0.27772520919599725,False,0.38280690871483614,1.1987579751777617,20,False
TXLNA,4_minus_3,65.0,0.14290618896484375,0.27772520919599725,False,0.4877912247705798,1.2192571537987482,20,False
EDF1,4_minus_3,65.0,0.14290618896484375,0.27772520919599725,False,0.5708546707956983,3.051397489487945,20,False
ASRGL1,4_minus_3,65.0,0.14290618896484375,0.27772520919599725,False,0.4473863392630063,2.5559699037388377,20,False
DGKA,4_minus_3,65.0,0.14290618896484375,0.27772520919599725,False,0.5208247341395862,2.2601470538194497,20,False
VTI1A,4_minus_3,59.0,0.1474161990774467,0.2858980830592906,False,0.11262445190787015,1.8168040387443631,20,False
PDIA5,4_minus_3,59.0,0.1474161990774467,0.2858980830592906,False,0.4220007545008718,0.0,20,False
GRSF1,4_minus_3,59.0,0.1474161990774467,0.2858980830592906,False,0.24504802472630816,9.306755635261576,20,False
CD34,4_minus_3,66.0,0.15364646911621094,0.2899922634257708,False,-0.2951637126317059,0.0,20,False
CST1,4_minus_3,66.0,0.15364646911621094,0.2899922634257708,False,0.14054242180186988,1.5141703554460901,20,False
CDKN1A,4_minus_3,66.0,0.15364646911621094,0.2899922634257708,False,0.4321263023413394,2.1356832447108127,20,False
IL20RB,4_minus_3,66.0,0.15364646911621094,0.2899922634257708,False,-0.2699179325124057,-36.44623564019118,20,False
REG3G,4_minus_3,66.0,0.15364646911621094,0.2899922634257708,False,-0.1874479617121003,0.0,20,False
IMPA1,4_minus_3,66.0,0.15364646911621094,0.2899922634257708,False,0.2571117674110874,2.8651388557510535,20,False
FOXJ3,4_minus_3,66.0,0.15364646911621094,0.2899922634257708,False,0.280698257142055,1.449099907513711,20,False
CD2,4_minus_3,66.0,0.15364646911621094,0.2899922634257708,False,-0.21654961609597298,0.0,20,False
SLAMF1,4_minus_3,66.0,0.15364646911621094,0.2899922634257708,False,-0.12410442083501225,-31.581383871199364,20,False
GP1BA,4_minus_3,66.0,0.15364646911621094,0.2899922634257708,False,-0.07932756098926061,-30.882465940466613,20,False
SIGLEC15,4_minus_3,66.0,0.15364646911621094,0.2899922634257708,False,-0.15928827785530825,-34.987599025612106,20,False
FAM20A,4_minus_3,66.0,0.15364646911621094,0.2899922634257708,False,0.07227759111665515,1.098774701300349,20,False
IL10RB,4_minus_3,66.0,0.15364646911621094,0.2899922634257708,False,0.11106635152906794,2.434323811222548,20,False
NXPH3,4_minus_3,66.0,0.15364646911621094,0.2899922634257708,False,-0.1955616997035045,0.0,20,False
CDC26,4_minus_3,66.0,0.15364646911621094,0.2899922634257708,False,0.3328495582998342,1.4707328166935965,20,False
MECR,4_minus_3,66.0,0.15364646911621094,0.2899922634257708,False,0.4577169510511757,1.919993654722968,20,False
B3GNT7,4_minus_3,66.0,0.15364646911621094,0.2899922634257708,False,0.11236606855776327,34.76644962188617,20,False
FHIT,4_minus_3,66.0,0.15364646911621094,0.2899922634257708,False,0.7904568689285388,2.640335777962395,20,False
NEB,4_minus_3,66.0,0.15364646911621094,0.2899922634257708,False,0.28667321487629105,3.3289793721462875,20,False
NAP1L4,4_minus_3,66.0,0.15364646911621094,0.2899922634257708,False,0.3967744993228812,38.16076570228687,20,False
LPP,4_minus_3,66.0,0.15364646911621094,0.2899922634257708,False,0.5898454874222375,2.5968021162440036,20,False
C1GALT1C1,4_minus_3,66.0,0.15364646911621094,0.2899922634257708,False,0.618249583931505,4.272537594496399,20,False
PCBP2,4_minus_3,66.0,0.15364646911621094,0.2899922634257708,False,0.46124130802926444,2.160504200843462,20,False
ACY1,4_minus_3,66.0,0.15364646911621094,0.2899922634257708,False,0.28671279442261877,1.058026957580923,20,False
GCLM,4_minus_3,66.0,0.15364646911621094,0.2899922634257708,False,0.30448559021504196,2.0641672881949797,20,False
PDP1,4_minus_3,66.0,0.15364646911621094,0.2899922634257708,False,0.14282162186033193,1.2619017378083883,20,False
PHOSPHO1,4_minus_3,66.0,0.15364646911621094,0.2899922634257708,False,0.30265144921592624,37.38468445974595,20,False
HDDC2,4_minus_3,66.0,0.15364646911621094,0.2899922634257708,False,0.22210277054227587,4.148011230533246,20,False
CEP290,4_minus_3,66.0,0.15364646911621094,0.2899922634257708,False,-0.32930719416428944,-4.718002347986457,20,False
PHYKPL,4_minus_3,66.0,0.15364646911621094,0.2899922634257708,False,0.3334644385060346,37.86345894254673,20,False
CLTA,4_minus_3,66.0,0.15364646911621094,0.2899922634257708,False,0.33515334845916545,4.983256100622348,20,False
PTTG1,4_minus_3,66.0,0.15364646911621094,0.2899922634257708,False,0.2408211894031358,36.96566029977342,20,False
EGFL7,4_minus_3,66.0,0.15364646911621094,0.2899922634257708,False,0.31188236852746754,36.96626371178975,20,False
CHEK2,4_minus_3,66.0,0.15364646911621094,0.2899922634257708,False,0.28570253251355715,4.02981579376611,20,False
CNGB3,4_minus_3,66.0,0.15364646911621094,0.2899922634257708,False,-0.1896496622700728,-34.927176053024354,20,False
MYH9,4_minus_3,66.0,0.15364646911621094,0.2899922634257708,False,0.289248177891956,1.5889264067204887,20,False
ITM2A,4_minus_3,66.0,0.15364646911621094,0.2899922634257708,False,0.1198203149472591,32.75764532135968,20,False
CLEC1B,4_minus_3,66.0,0.15364646911621094,0.2899922634257708,False,0.24362282265720686,1.177180115709777,20,False
PTPN1,4_minus_3,66.0,0.15364646911621094,0.2899922634257708,False,0.4698441430184993,1.6096372246412995,20,False
STX3,4_minus_3,66.0,0.15364646911621094,0.2899922634257708,False,0.10687237547081514,1.3391048489271922,20,False
GH1,4_minus_3,67.0,0.16495704650878906,0.3054037100386259,False,0.10355034555245109,32.408378514526305,20,False
ALCAM,4_minus_3,67.0,0.16495704650878906,0.3054037100386259,False,-0.07222133145155189,-1.752840029890409,20,False
CD207,4_minus_3,67.0,0.16495704650878906,0.3054037100386259,False,-0.08179529038313664,0.0,20,False
TMEM25,4_minus_3,67.0,0.16495704650878906,0.3054037100386259,False,-0.15409788183387554,0.0,20,False
WASF1,4_minus_3,67.0,0.16495704650878906,0.3054037100386259,False,-0.39067203232488196,-1.9329981986638836,20,False
NXPH1,4_minus_3,67.0,0.16495704650878906,0.3054037100386259,False,-0.12741787759249015,-32.04926481302479,20,False
SCG3,4_minus_3,67.0,0.16495704650878906,0.3054037100386259,False,0.06619768732091424,0.0,20,False
GC,4_minus_3,67.0,0.16495704650878906,0.3054037100386259,False,-0.04448601827834849,-32.78546316066961,20,False
BCL2L1,4_minus_3,67.0,0.16495704650878906,0.3054037100386259,False,0.785132023451971,1.9222676875707352,20,False
AKAP12,4_minus_3,67.0,0.16495704650878906,0.3054037100386259,False,-0.11453302321767622,0.0,20,False
BMP4,4_minus_3,67.0,0.16495704650878906,0.3054037100386259,False,0.2348114176768365,36.384648200072235,20,False
PPY,4_minus_3,67.0,0.16495704650878906,0.3054037100386259,False,-0.5048371396043182,-36.342978960752355,20,False
TEX101,4_minus_3,67.0,0.16495704650878906,0.3054037100386259,False,-0.27492781046225984,-36.229333646632995,20,False
HNRNPK,4_minus_3,67.0,0.16495704650878906,0.3054037100386259,False,0.29925629900119666,1.2681547828540263,20,False
SPINK2,4_minus_3,67.0,0.16495704650878906,0.3054037100386259,False,-0.046609183955201305,0.0,20,False
DPP6,4_minus_3,67.0,0.16495704650878906,0.3054037100386259,False,0.17217332872039687,36.80155728123521,20,False
BCAT2,4_minus_3,67.0,0.16495704650878906,0.3054037100386259,False,0.39010946742974634,36.05158533049101,20,False
UHRF2,4_minus_3,67.0,0.16495704650878906,0.3054037100386259,False,0.8048856031040756,5.426826437229461,20,False
EPHB6,4_minus_3,67.0,0.16495704650878906,0.3054037100386259,False,0.08962292831636182,2.620925703269275,20,False
S100A3,4_minus_3,67.0,0.16495704650878906,0.3054037100386259,False,0.33043667517973974,37.352335397754814,20,False
ARNT,4_minus_3,67.0,0.16495704650878906,0.3054037100386259,False,-0.16945069580026706,0.0,20,False
MSLN,4_minus_3,67.0,0.16495704650878906,0.3054037100386259,False,0.10489635273473644,1.2756954792237807,20,False
STAMBP,4_minus_3,67.0,0.16495704650878906,0.3054037100386259,False,0.384667383148954,37.97687887835469,20,False
ARL2BP,4_minus_3,67.0,0.16495704650878906,0.3054037100386259,False,0.3648105062334954,1.9667073081325406,20,False
GSTA3,4_minus_3,67.0,0.16495704650878906,0.3054037100386259,False,0.2858491181345436,0.6588440114772536,20,False
SERPINA4,4_minus_3,67.0,0.16495704650878906,0.3054037100386259,False,-0.14652774461995272,0.0,20,False
BOLA1,4_minus_3,67.0,0.16495704650878906,0.3054037100386259,False,0.48489518246638835,2.0066249748749616,20,False
ABRAXAS2,4_minus_3,67.0,0.16495704650878906,0.3054037100386259,False,0.642423099222639,3.4557555869294183,20,False
SIGLEC5,4_minus_3,67.0,0.16495704650878906,0.3054037100386259,False,0.07810084988915847,35.15008945368455,20,False
CLASP1,4_minus_3,61.0,0.17123878524909952,0.3166174781756167,False,0.4378115365943339,37.93172840084302,20,False
PFDN4,4_minus_3,61.0,0.17123878524909952,0.3166174781756167,False,0.3955588434516869,37.512878311877714,20,False
SUGT1,4_minus_3,68.0,0.17685317993164062,0.3200633384881105,False,0.5472840629359563,3.7748608425263814,20,False
NLGN1,4_minus_3,68.0,0.17685317993164062,0.3200633384881105,False,-0.6373810645811833,-36.14574900593996,20,False
CCL24,4_minus_3,68.0,0.17685317993164062,0.3200633384881105,False,0.31795236751673245,37.23550378222806,20,False
ADCYAP1R1,4_minus_3,68.0,0.17685317993164062,0.3200633384881105,False,-0.07104348473215925,0.0,20,False
PDZD2,4_minus_3,68.0,0.17685317993164062,0.3200633384881105,False,0.2023924105566175,1.2480168908764546,20,False
SH3BP1,4_minus_3,68.0,0.17685317993164062,0.3200633384881105,False,0.2069255177277834,1.9351780317831435,20,False
GP6,4_minus_3,68.0,0.17685317993164062,0.3200633384881105,False,0.23089092833254038,0.9803018455998066,20,False
REG4,4_minus_3,68.0,0.17685317993164062,0.3200633384881105,False,0.12797522528759064,32.95984826143438,20,False
ACY3,4_minus_3,68.0,0.17685317993164062,0.3200633384881105,False,0.2082624740596297,1.8882911409535812,20,False
PMCH,4_minus_3,68.0,0.17685317993164062,0.3200633384881105,False,0.12788536829281416,2.8948574837247034,20,False
SUGP1,4_minus_3,68.0,0.17685317993164062,0.3200633384881105,False,0.4164217745355602,1.7589318139519983,20,False
CD74,4_minus_3,68.0,0.17685317993164062,0.3200633384881105,False,0.18609780875676898,2.1663647020635532,20,False
CRACR2A,4_minus_3,68.0,0.17685317993164062,0.3200633384881105,False,0.4235535242436157,1.5046096257680723,20,False
CASP4,4_minus_3,68.0,0.17685317993164062,0.3200633384881105,False,-0.2715132124082722,0.0,20,False
DUOX2,4_minus_3,68.0,0.17685317993164062,0.3200633384881105,False,-0.3043567943893836,-30.613943674653378,20,False
DNMBP,4_minus_3,68.0,0.17685317993164062,0.3200633384881105,False,0.30878608419547693,1.3643336530835295,20,False
STX6,4_minus_3,68.0,0.17685317993164062,0.3200633384881105,False,0.9101739742790883,39.673892788503096,20,False
S100A13,4_minus_3,68.0,0.17685317993164062,0.3200633384881105,False,0.3630722751977605,37.41971892874159,20,False
S100A12,4_minus_3,68.0,0.17685317993164062,0.3200633384881105,False,0.35363719828627155,34.554854121513664,20,False
OXCT1,4_minus_3,68.0,0.17685317993164062,0.3200633384881105,False,0.1056813670523665,1.6542220186384304,20,False
CPB1,4_minus_3,68.0,0.17685317993164062,0.3200633384881105,False,0.18151603862956678,35.81475103345509,20,False
MZT1,4_minus_3,68.0,0.17685317993164062,0.3200633384881105,False,0.30472865962399365,1.713912495385706,20,False
SERPINF2,4_minus_3,68.0,0.17685317993164062,0.3200633384881105,False,-0.13247429586047335,0.0,20,False
TERF1,4_minus_3,68.0,0.17685317993164062,0.3200633384881105,False,0.4372766724755556,3.9619537420755804,20,False
CD63,4_minus_3,68.0,0.17685317993164062,0.3200633384881105,False,0.35789228095533165,1.7825647418341013,20,False
CSNK2A1,4_minus_3,68.0,0.17685317993164062,0.3200633384881105,False,0.3802732986143167,4.095552679569578,20,False
IQGAP2,4_minus_3,68.0,0.17685317993164062,0.3200633384881105,False,0.4626987170567517,2.406960452540897,20,False
NPHS2,4_minus_3,68.0,0.17685317993164062,0.3200633384881105,False,0.17477352295462178,1.2400766049692908,20,False
PRRT3,4_minus_3,68.0,0.17685317993164062,0.3200633384881105,False,-0.134110853341674,0.0,20,False
RGS10,4_minus_3,68.0,0.17685317993164062,0.3200633384881105,False,0.16319038909036343,0.7848055993949111,20,False
TCTN3,4_minus_3,68.0,0.17685317993164062,0.3200633384881105,False,0.028100149960136434,0.24621863778021677,20,False
CD101,4_minus_3,68.0,0.17685317993164062,0.3200633384881105,False,0.17115300213247997,2.621957680302606,20,False
GTF2IRD1,4_minus_3,68.0,0.17685317993164062,0.3200633384881105,False,0.13819901837492327,5.1857252686384845,20,False
PHLDB2,4_minus_3,62.0,0.18418074965866182,0.3331104630949208,False,-0.5239863102030796,0.0,20,False
REXO2,4_minus_3,69.0,0.1893482208251953,0.33598272831994325,False,0.15699333739239357,5.084709158175481,20,False
AIDA,4_minus_3,69.0,0.1893482208251953,0.33598272831994325,False,-0.41264979333539953,0.0,20,False
CTRC,4_minus_3,69.0,0.1893482208251953,0.33598272831994325,False,-0.08514113087920325,0.0,20,False
TNFSF11,4_minus_3,69.0,0.1893482208251953,0.33598272831994325,False,-0.3550443396184556,0.0,20,False
ARFIP1,4_minus_3,69.0,0.1893482208251953,0.33598272831994325,False,0.7607782003337069,2.075758343936463,20,False
RNF31,4_minus_3,69.0,0.1893482208251953,0.33598272831994325,False,-0.8142229027354249,-36.79398069600992,20,False
DRG2,4_minus_3,69.0,0.1893482208251953,0.33598272831994325,False,0.20405585789640074,2.129348559853288,20,False
PALM,4_minus_3,69.0,0.1893482208251953,0.33598272831994325,False,0.19940186990200445,36.44358770967957,20,False
ICA1,4_minus_3,69.0,0.1893482208251953,0.33598272831994325,False,0.5828526267550056,3.148581208235586,20,False
IL17D,4_minus_3,69.0,0.1893482208251953,0.33598272831994325,False,0.23623416046835893,37.02248459261276,20,False
IL20,4_minus_3,69.0,0.1893482208251953,0.33598272831994325,False,-0.13733811947896069,-34.310426644781,20,False
TWF2,4_minus_3,69.0,0.1893482208251953,0.33598272831994325,False,0.20125558648349212,1.0983598729715491,20,False
FGF20,4_minus_3,69.0,0.1893482208251953,0.33598272831994325,False,0.18932419082121754,36.97069516594212,20,False
PINLYP,4_minus_3,69.0,0.1893482208251953,0.33598272831994325,False,-0.09413158445267625,-2.607589335241127,20,False
GGT5,4_minus_3,69.0,0.1893482208251953,0.33598272831994325,False,-0.02865508449766436,-33.30694792864502,20,False
RAD23B,4_minus_3,69.0,0.1893482208251953,0.33598272831994325,False,0.36446481393760466,1.7708212105242855,20,False
GNE,4_minus_3,69.0,0.1893482208251953,0.33598272831994325,False,0.19503064148017116,37.03411285469078,20,False
MXRA8,4_minus_3,69.0,0.1893482208251953,0.33598272831994325,False,-0.06241044807556036,0.0,20,False
WFIKKN1,4_minus_3,69.0,0.1893482208251953,0.33598272831994325,False,-0.0744822883904672,-1.9014549315568,20,False
F2,4_minus_3,69.0,0.1893482208251953,0.33598272831994325,False,-0.08430650597397346,-34.810573790489684,20,False
RASSF2,4_minus_3,69.0,0.1893482208251953,0.33598272831994325,False,0.6904690626944923,3.535644465524815,20,False
DLGAP5,4_minus_3,69.0,0.1893482208251953,0.33598272831994325,False,0.29485510839267143,37.37038381491162,20,False
IL5RA,4_minus_3,69.0,0.1893482208251953,0.33598272831994325,False,0.18036604047827348,35.6579580406925,20,False
ISM2,4_minus_3,69.0,0.1893482208251953,0.33598272831994325,False,0.10577747338240306,0.0,20,False
FGA,4_minus_3,69.0,0.1893482208251953,0.33598272831994325,False,0.11341320311410591,1.5652609323729338,20,False
BAIAP2,4_minus_3,69.0,0.1893482208251953,0.33598272831994325,False,0.3253244120758816,1.3251671501094489,20,False
CXCL13,4_minus_3,69.0,0.1893482208251953,0.33598272831994325,False,0.06754234733493714,0.0,20,False
DHRS4L2,4_minus_3,69.0,0.1893482208251953,0.33598272831994325,False,0.17266691865866202,1.2074867422415005,20,False
PLA2G1B,4_minus_3,69.0,0.1893482208251953,0.33598272831994325,False,0.0134066562510523,0.0,20,False
SPRR1B,4_minus_3,69.0,0.1893482208251953,0.33598272831994325,False,-0.4861953976294294,-38.164390222921874,20,False
ADAMTS13,4_minus_3,63.0,0.19783306556714142,0.35059654665643186,False,-0.07953775007424366,0.0,20,False
UNC79,4_minus_3,63.0,0.19783306556714142,0.35059654665643186,False,0.3732964471223555,38.00164150226361,20,False
STK11,4_minus_3,70.0,0.20244979858398438,0.3545389507540423,False,0.2646516997523432,0.8708953736620122,20,False
BPIFB1,4_minus_3,70.0,0.20244979858398438,0.3545389507540423,False,-0.12885496683804554,-35.92329345370228,20,False
PRG2,4_minus_3,70.0,0.20244979858398438,0.3545389507540423,False,0.15670482875693167,36.718462468149795,20,False
SERPINA5,4_minus_3,70.0,0.20244979858398438,0.3545389507540423,False,-0.09994408730151719,-1.3371704916633367,20,False
IL36G,4_minus_3,70.0,0.20244979858398438,0.3545389507540423,False,0.3988418966754711,37.13110393244201,20,False
ANKRD54,4_minus_3,70.0,0.20244979858398438,0.3545389507540423,False,0.23217166051680174,1.537591030581634,20,False
SFTPA1,4_minus_3,70.0,0.20244979858398438,0.3545389507540423,False,-0.1278110509086374,-35.50539615827057,20,False
DCN,4_minus_3,70.0,0.20244979858398438,0.3545389507540423,False,0.11860038373333928,33.90816510139319,20,False
NAAA,4_minus_3,70.0,0.20244979858398438,0.3545389507540423,False,-0.06053728148519051,0.0,20,False
AIFM1,4_minus_3,70.0,0.20244979858398438,0.3545389507540423,False,0.6063650524896977,1.3499028500396066,20,False
APOB,4_minus_3,70.0,0.20244979858398438,0.3545389507540423,False,0.40407156699853153,2.925559055651788,20,False
PPP1R14D,4_minus_3,70.0,0.20244979858398438,0.3545389507540423,False,0.38629379246263074,37.65483609947673,20,False
LRP11,4_minus_3,70.0,0.20244979858398438,0.3545389507540423,False,0.12305935154922512,3.4551956428291217,20,False
TIA1,4_minus_3,70.0,0.20244979858398438,0.3545389507540423,False,0.4584568817721456,1.5103371737155429,20,False
C1QTNF6,4_minus_3,70.0,0.20244979858398438,0.3545389507540423,False,0.21806644609047565,0.6957431535496782,20,False
MEGF9,4_minus_3,70.0,0.20244979858398438,0.3545389507540423,False,-0.07190640827758399,-34.95409158544163,20,False
ICOSLG,4_minus_3,70.0,0.20244979858398438,0.3545389507540423,False,-0.030609358012750446,0.0,20,False
COMT,4_minus_3,70.0,0.20244979858398438,0.3545389507540423,False,0.580608775545223,1.717780536293883,20,False
IL31,4_minus_3,70.0,0.20244979858398438,0.3545389507540423,False,-0.19011275464824698,0.0,20,False
NAGA,4_minus_3,71.0,0.21616744995117188,0.37322350647608826,False,0.17452046544250138,1.208720943666021,20,False
SERPINA6,4_minus_3,71.0,0.21616744995117188,0.37322350647608826,False,0.054757909036264193,0.5979460393305124,20,False
ACOX1,4_minus_3,71.0,0.21616744995117188,0.37322350647608826,False,-0.257874680799576,0.0,20,False
MBL2,4_minus_3,71.0,0.21616744995117188,0.37322350647608826,False,0.10743010295849545,0.4898879285022181,20,False
OMG,4_minus_3,71.0,0.21616744995117188,0.37322350647608826,False,0.34052340287806876,37.02106690064532,20,False
SLC27A4,4_minus_3,71.0,0.21616744995117188,0.37322350647608826,False,0.4164805504252008,1.3934366396318931,20,False
RP2,4_minus_3,71.0,0.21616744995117188,0.37322350647608826,False,0.12559075180792176,1.364541987558363,20,False
SNCA,4_minus_3,71.0,0.21616744995117188,0.37322350647608826,False,0.6034815014710266,3.609057635551843,20,False
GNAS,4_minus_3,71.0,0.21616744995117188,0.37322350647608826,False,0.19157402327259118,1.4064105261529272,20,False
VAV3,4_minus_3,71.0,0.21616744995117188,0.37322350647608826,False,0.22346752435186065,0.6943363645906727,20,False
CFB,4_minus_3,71.0,0.21616744995117188,0.37322350647608826,False,-0.031178005050359975,-0.3726420217891378,20,False
TOM1L2,4_minus_3,71.0,0.21616744995117188,0.37322350647608826,False,-0.3189615265222966,-1.8420444989450715,20,False
DMP1,4_minus_3,71.0,0.21616744995117188,0.37322350647608826,False,0.21224255341338227,0.0,20,False
TIMM10,4_minus_3,71.0,0.21616744995117188,0.37322350647608826,False,0.14168468403182294,2.541017594810132,20,False
CACNA1H,4_minus_3,71.0,0.21616744995117188,0.37322350647608826,False,-0.3388062251400814,0.0,20,False
DEFB4A_DEFB4B,4_minus_3,71.0,0.21616744995117188,0.37322350647608826,False,0.36448811527060443,37.67048402729431,20,False
ARHGAP25,4_minus_3,71.0,0.21616744995117188,0.37322350647608826,False,0.25439011599201433,1.5186898485656202,20,False
FKBP7,4_minus_3,71.0,0.21616744995117188,0.37322350647608826,False,0.098737811544824,1.9292087041886765,20,False
USP8,4_minus_3,71.0,0.21616744995117188,0.37322350647608826,False,0.46388008319751367,1.6758015632353374,20,False
KCNIP4,4_minus_3,71.0,0.21616744995117188,0.37322350647608826,False,-0.25130971504009875,0.0,20,False
ENOPH1,4_minus_3,71.0,0.21616744995117188,0.37322350647608826,False,0.14543294691442796,0.0,20,False
HRAS,4_minus_3,71.0,0.21616744995117188,0.37322350647608826,False,-0.3025309150770369,0.0,20,False
FGFR4,4_minus_3,71.0,0.21616744995117188,0.37322350647608826,False,-0.15330266986318386,-2.057948467996773,20,False
PODXL,4_minus_3,72.0,0.2305126190185547,0.3915099729531062,False,-0.07201669227782402,0.0,20,False
CD226,4_minus_3,72.0,0.2305126190185547,0.3915099729531062,False,-0.2515133409139607,-36.73044558375504,20,False
TPD52L2,4_minus_3,72.0,0.2305126190185547,0.3915099729531062,False,0.3547044459747294,1.2189872981734788,20,False
CFC1,4_minus_3,72.0,0.2305126190185547,0.3915099729531062,False,0.1474911939409303,1.7865384526355765,20,False
DCLRE1C,4_minus_3,65.0,0.22732992995598733,0.3915099729531062,False,-0.39595505101947204,0.0,20,False
ROBO4,4_minus_3,72.0,0.2305126190185547,0.3915099729531062,False,-0.05085693673946526,-1.6630076448650128,20,False
KITLG,4_minus_3,72.0,0.2305126190185547,0.3915099729531062,False,-0.04198584510601251,0.0,20,False
GSAP,4_minus_3,72.0,0.2305126190185547,0.3915099729531062,False,-0.2137935458291766,-35.39221621515226,20,False
TSC22D1,4_minus_3,72.0,0.2305126190185547,0.3915099729531062,False,0.3595350715075238,5.166779876861883,20,False
VPS4B,4_minus_3,72.0,0.2305126190185547,0.3915099729531062,False,0.28689404118883205,1.6913552211734226,20,False
TF,4_minus_3,72.0,0.2305126190185547,0.3915099729531062,False,0.0979674851014507,0.7387845175892749,20,False
CDH15,4_minus_3,72.0,0.2305126190185547,0.3915099729531062,False,0.06607307024234968,35.36917656658554,20,False
SULT2A1,4_minus_3,72.0,0.2305126190185547,0.3915099729531062,False,0.10720707793730871,0.2986529198463098,20,False
IL17A,4_minus_3,72.0,0.2305126190185547,0.3915099729531062,False,-0.41870786286147005,-30.910074811080545,20,False
LY96,4_minus_3,72.0,0.2305126190185547,0.3915099729531062,False,0.12681546140934408,35.670577884687575,20,False
TMPRSS5,4_minus_3,72.0,0.2305126190185547,0.3915099729531062,False,-0.07622220098334215,0.0,20,False
SEPTIN7,4_minus_3,72.0,0.2305126190185547,0.3915099729531062,False,0.1938927367783238,2.1363989215779244,20,False
CCL17,4_minus_3,72.0,0.2305126190185547,0.3915099729531062,False,0.24739765309722422,0.0,20,False
SERPINE2,4_minus_3,72.0,0.2305126190185547,0.3915099729531062,False,0.2490787526803952,36.87960020998838,20,False
SAG,4_minus_3,72.0,0.2305126190185547,0.3915099729531062,False,-0.7540067859533415,0.0,20,False
CNPY4,4_minus_3,72.0,0.2305126190185547,0.3915099729531062,False,0.20390205129709776,1.0456661379616705,20,False
ATP6V1F,4_minus_3,72.0,0.2305126190185547,0.3915099729531062,False,0.37308012149183434,1.155590488713789,20,False
DTX2,4_minus_3,72.0,0.2305126190185547,0.3915099729531062,False,0.36185039662891216,3.3905956606210825,20,False
CD70,4_minus_3,72.0,0.2305126190185547,0.3915099729531062,False,0.1550477830071694,34.40406877736619,20,False
CA13,4_minus_3,72.0,0.2305126190185547,0.3915099729531062,False,-0.25149208730609607,-0.899058693852649,20,False
RRM2B,4_minus_3,72.0,0.2305126190185547,0.3915099729531062,False,0.419287974466994,1.9473021238774615,20,False
DUSP29,4_minus_3,72.0,0.2305126190185547,0.3915099729531062,False,0.27149243444926524,1.9843083641820207,20,False
BCHE,4_minus_3,73.0,0.24548721313476562,0.4071213145980565,False,-0.06937187502155603,0.0,20,False
INSR,4_minus_3,66.0,0.24320097107575667,0.4071213145980565,False,0.13591497082194526,9.386847029710674,20,False
PRKAB1,4_minus_3,73.0,0.24548721313476562,0.4071213145980565,False,0.34234418191781946,1.836242853938146,20,False
ASPSCR1,4_minus_3,73.0,0.24548721313476562,0.4071213145980565,False,0.6037172660230901,3.5442319164076546,20,False
RTN4IP1,4_minus_3,73.0,0.24548721313476562,0.4071213145980565,False,0.2459956778931715,0.8456757505843082,20,False
CTSV,4_minus_3,73.0,0.24548721313476562,0.4071213145980565,False,-0.04559146762834289,0.0,20,False
NDUFS6,4_minus_3,73.0,0.24548721313476562,0.4071213145980565,False,0.22664665064572184,37.24061264482909,20,False
ZPR1,4_minus_3,73.0,0.24548721313476562,0.4071213145980565,False,0.24076331302204693,2.6086533817878537,20,False
NFIC,4_minus_3,73.0,0.24548721313476562,0.4071213145980565,False,-0.04569411143974497,-0.4531676414349256,20,False
NRTN,4_minus_3,73.0,0.24548721313476562,0.4071213145980565,False,-0.17043916711015952,-36.775400526479864,20,False
VSIG10L,4_minus_3,73.0,0.24548721313476562,0.4071213145980565,False,0.39635615261071394,37.35230052345686,20,False
CBLN1,4_minus_3,73.0,0.24548721313476562,0.4071213145980565,False,-0.34606221517733793,-34.90115340196938,20,False
PGLYRP4,4_minus_3,73.0,0.24548721313476562,0.4071213145980565,False,0.6269951300687465,3.4261026270049517,20,False
EIF2AK3,4_minus_3,73.0,0.24548721313476562,0.4071213145980565,False,-0.12847577328470056,-0.40399009659015644,20,False
EHD3,4_minus_3,73.0,0.24548721313476562,0.4071213145980565,False,-0.36202913489120625,-1.4581633445004305,20,False
CCL19,4_minus_3,73.0,0.24548721313476562,0.4071213145980565,False,0.30493703679812567,3.3518915811282084,20,False
FKBP5,4_minus_3,73.0,0.24548721313476562,0.4071213145980565,False,0.44869348663986963,1.9314287010126907,20,False
RGS8,4_minus_3,73.0,0.24548721313476562,0.4071213145980565,False,-0.07414730480907519,0.0,20,False
NEDD4L,4_minus_3,73.0,0.24548721313476562,0.4071213145980565,False,0.14794323837926437,4.052659314945297,20,False
AK2,4_minus_3,73.0,0.24548721313476562,0.4071213145980565,False,0.5061413428118988,1.5542274333614354,20,False
GIMAP8,4_minus_3,66.0,0.24320097107575667,0.4071213145980565,False,0.2362732617584146,35.30056599482179,20,False
THAP12,4_minus_3,66.0,0.24320097107575667,0.4071213145980565,False,0.4776124266032077,36.78628493081858,20,False
DIPK1C,4_minus_3,73.0,0.24548721313476562,0.4071213145980565,False,-0.23552478649264824,-36.2746937980322,20,False
SLC34A3,4_minus_3,66.0,0.24320097107575667,0.4071213145980565,False,1.0540736854960095,39.280952792675876,20,False
PMS1,4_minus_3,73.0,0.24548721313476562,0.4071213145980565,False,0.4823654279258375,2.076102710660241,20,False
ROR1,4_minus_3,73.0,0.24548721313476562,0.4071213145980565,False,-0.10972175667391446,0.0,20,False
AMY1A_AMY1B_AMY1C,4_minus_3,73.0,0.24548721313476562,0.4071213145980565,False,-0.09558490749908924,-33.350984141360584,20,False
FZD10,4_minus_3,73.0,0.24548721313476562,0.4071213145980565,False,0.43043823413551796,0.0,20,False
KLK4,4_minus_3,73.0,0.24548721313476562,0.4071213145980565,False,0.14475592405067064,0.0,20,False
VASH1,4_minus_3,73.0,0.24548721313476562,0.4071213145980565,False,-0.3381423473469619,-37.11524247070445,20,False
SCGB2A2,4_minus_3,73.0,0.24548721313476562,0.4071213145980565,False,-0.2609318229717615,-35.98127556402791,20,False
LAMA4,4_minus_3,73.0,0.24548721313476562,0.4071213145980565,False,0.20659021875021194,37.0294277178387,20,False
MAP4K5,4_minus_3,73.0,0.24548721313476562,0.4071213145980565,False,0.1288242751053311,0.7115758767767112,20,False
LILRB4,4_minus_3,73.0,0.24548721313476562,0.4071213145980565,False,0.29802487959397406,37.69034186196731,20,False
ADAMTS8,4_minus_3,73.0,0.24548721313476562,0.4071213145980565,False,0.11825305213773395,4.8460539430856215,20,False
CEP350,4_minus_3,66.0,0.24320097107575667,0.4071213145980565,False,0.77203043391549,37.503591692054826,20,False
CEP20,4_minus_3,73.0,0.24548721313476562,0.4071213145980565,False,0.3840203173022977,1.856961236807591,20,False
CKMT1A_CKMT1B,4_minus_3,73.0,0.24548721313476562,0.4071213145980565,False,-0.15122594220372085,0.0,20,False
MESD,4_minus_3,73.0,0.24548721313476562,0.4071213145980565,False,0.153008897470685,0.5731917965720891,20,False
LILRA3,4_minus_3,73.0,0.24548721313476562,0.4071213145980565,False,0.15348092719833967,1.0849297036660202,20,False
LYAR,4_minus_3,74.0,0.26109886169433594,0.4245117751335161,False,0.4564516296746033,2.844106349524743,20,False
CD58,4_minus_3,74.0,0.26109886169433594,0.4245117751335161,False,-0.08932641947951125,0.0,20,False
SLITRK2,4_minus_3,74.0,0.26109886169433594,0.4245117751335161,False,0.014010184865261538,0.20140608662564988,20,False
LAP3,4_minus_3,74.0,0.26109886169433594,0.4245117751335161,False,0.32529908537124214,1.4700542644489063,20,False
LYSMD3,4_minus_3,74.0,0.26109886169433594,0.4245117751335161,False,0.4097814570921294,37.83427542050447,20,False
GALNT3,4_minus_3,74.0,0.26109886169433594,0.4245117751335161,False,-0.13426166248343252,-0.9033438060586071,20,False
RLN1,4_minus_3,74.0,0.26109886169433594,0.4245117751335161,False,-0.008942154290997095,0.0,20,False
IGHMBP2,4_minus_3,74.0,0.26109886169433594,0.4245117751335161,False,0.43171164362258935,1.6604405589347424,20,False
SPAG1,4_minus_3,74.0,0.26109886169433594,0.4245117751335161,False,-0.1745805495335793,-34.18832034760643,20,False
REEP4,4_minus_3,74.0,0.26109886169433594,0.4245117751335161,False,0.21258206888664438,1.341157147459915,20,False
GART,4_minus_3,74.0,0.26109886169433594,0.4245117751335161,False,-0.12763621565742392,-32.098749024176925,20,False
GCG,4_minus_3,74.0,0.26109886169433594,0.4245117751335161,False,-0.2818055410763417,-1.1925786352761378,20,False
ARMCX2,4_minus_3,74.0,0.26109886169433594,0.4245117751335161,False,-0.2664478636290287,-37.09598351883937,20,False
MCEE,4_minus_3,74.0,0.26109886169433594,0.4245117751335161,False,-0.27856340378957756,-37.12586584847096,20,False
AMN,4_minus_3,74.0,0.26109886169433594,0.4245117751335161,False,0.2605759560013729,36.77674442687922,20,False
VCPKMT,4_minus_3,67.0,0.2598350470503199,0.4245117751335161,False,0.19285366406038898,36.80669512908437,20,False
CXCL3,4_minus_3,74.0,0.26109886169433594,0.4245117751335161,False,-0.43011365135467805,-32.96105327379107,20,False
CDH6,4_minus_3,74.0,0.26109886169433594,0.4245117751335161,False,-0.07512568989919398,-30.851476458004484,20,False
IL12B,4_minus_3,74.0,0.26109886169433594,0.4245117751335161,False,0.10464600432924122,36.04749971829863,20,False
AMY2B,4_minus_3,74.0,0.26109886169433594,0.4245117751335161,False,-0.15538490609730365,0.0,20,False
POSTN,4_minus_3,74.0,0.26109886169433594,0.4245117751335161,False,0.13681296615741262,34.01372686599662,20,False
MEGF11,4_minus_3,74.0,0.26109886169433594,0.4245117751335161,False,0.16658751154873042,1.9066206672684727,20,False
ITGB5,4_minus_3,74.0,0.26109886169433594,0.4245117751335161,False,0.07846371700101325,1.6182280514894938,20,False
HSD11B1,4_minus_3,74.0,0.26109886169433594,0.4245117751335161,False,0.14496234197890426,35.10674958594274,20,False
TNF,4_minus_3,74.0,0.26109886169433594,0.4245117751335161,False,0.12021803617784649,1.5018090465458038,20,False
LUZP2,4_minus_3,74.0,0.26109886169433594,0.4245117751335161,False,0.1367286991504722,35.14502511032683,20,False
ANKMY2,4_minus_3,74.0,0.26109886169433594,0.4245117751335161,False,-0.5905701967722449,-5.094806237160178,20,False
SAT2,4_minus_3,74.0,0.26109886169433594,0.4245117751335161,False,0.3617493616413616,1.5275812038625567,20,False
COL4A4,4_minus_3,74.0,0.26109886169433594,0.4245117751335161,False,-0.05319158007826713,-0.6844823727989985,20,False
FNDC1,4_minus_3,74.0,0.26109886169433594,0.4245117751335161,False,0.11612541438787148,0.8766346867592035,20,False
SPRED2,4_minus_3,74.0,0.26109886169433594,0.4245117751335161,False,0.08786219810723722,0.0,20,False
MATN3,4_minus_3,74.0,0.26109886169433594,0.4245117751335161,False,0.15231231437476483,3.1573710838087647,20,False
COQ7,4_minus_3,74.0,0.26109886169433594,0.4245117751335161,False,0.1988426052176284,1.4879260920262614,20,False
SNX18,4_minus_3,74.0,0.26109886169433594,0.4245117751335161,False,0.10272195380461402,2.5583664930019494,20,False
GDF2,4_minus_3,75.0,0.2773551940917969,0.44251117652266286,False,-0.09667960319416505,0.0,20,False
THRAP3,4_minus_3,75.0,0.2773551940917969,0.44251117652266286,False,0.12931125994665055,3.0726975868289963,20,False
CLNS1A,4_minus_3,75.0,0.2773551940917969,0.44251117652266286,False,0.28157273310060243,1.7912254703021024,20,False
CCL18,4_minus_3,75.0,0.2773551940917969,0.44251117652266286,False,-0.13791150098867042,-1.6578121563210177,20,False
DEFB104A_DEFB104B,4_minus_3,75.0,0.2773551940917969,0.44251117652266286,False,-0.40375232716443854,0.0,20,False
APOH,4_minus_3,75.0,0.2773551940917969,0.44251117652266286,False,0.23021219459990977,2.579868429360424,20,False
ADAMTS1,4_minus_3,75.0,0.2773551940917969,0.44251117652266286,False,0.1997022571625737,2.3020042791688002,20,False
MAP2,4_minus_3,68.0,0.2772406362261135,0.44251117652266286,False,0.07974561537779776,1.1383405581243875,20,False
LRRC38,4_minus_3,75.0,0.2773551940917969,0.44251117652266286,False,0.4169370911838616,38.252740508759324,20,False
RAP1A,4_minus_3,75.0,0.2773551940917969,0.44251117652266286,False,0.1337403927757084,0.0,20,False
RTBDN,4_minus_3,75.0,0.2773551940917969,0.44251117652266286,False,0.2621705809173819,36.10694396793853,20,False
IL13RA1,4_minus_3,75.0,0.2773551940917969,0.44251117652266286,False,-0.0792522549262689,-33.330253238644275,20,False
ESR1,4_minus_3,75.0,0.2773551940917969,0.44251117652266286,False,-0.3447295192468203,0.0,20,False
FGF7,4_minus_3,68.0,0.2772406362261135,0.44251117652266286,False,-0.1535166374305544,0.0,20,False
CHMP1A,4_minus_3,75.0,0.2773551940917969,0.44251117652266286,False,0.1737267643261063,36.648320144228606,20,False
EBAG9,4_minus_3,75.0,0.2773551940917969,0.44251117652266286,False,0.34103115573211196,1.2562204057515554,20,False
CR1,4_minus_3,75.0,0.2773551940917969,0.44251117652266286,False,-0.06479529666275007,-0.42449253056858405,20,False
TEF,4_minus_3,75.0,0.2773551940917969,0.44251117652266286,False,-0.13789631028691923,-3.4754645723048676,20,False
MORF4L2,4_minus_3,68.0,0.2772406362261135,0.44251117652266286,False,0.13047912175955073,0.0,20,False
CD177,4_minus_3,75.0,0.2773551940917969,0.44251117652266286,False,-0.11731360499509363,0.0,20,False
IZUMO1,4_minus_3,68.0,0.2772406362261135,0.44251117652266286,False,-0.2922464162035441,0.0,20,False
CLEC10A,4_minus_3,75.0,0.2773551940917969,0.44251117652266286,False,0.055560300183658255,0.0,20,False
MAVS,4_minus_3,75.0,0.2773551940917969,0.44251117652266286,False,0.24928217405783834,0.549905043127462,20,False
ARID4B,4_minus_3,75.0,0.2773551940917969,0.44251117652266286,False,0.13006193635428426,2.4060722779416754,20,False
ALDH5A1,4_minus_3,75.0,0.2773551940917969,0.44251117652266286,False,0.2758644937933329,36.910049202596056,20,False
MERTK,4_minus_3,75.0,0.2773551940917969,0.44251117652266286,False,0.09255214327970454,3.222031871334732,20,False
IL1A,4_minus_3,75.0,0.2773551940917969,0.44251117652266286,False,0.37492718534504155,37.630516486927476,20,False
STX1B,4_minus_3,75.0,0.2773551940917969,0.44251117652266286,False,0.2237009056978199,1.5626641701579884,20,False
GIMAP7,4_minus_3,75.0,0.2773551940917969,0.44251117652266286,False,0.2214005280918376,37.18102276274505,20,False
CD22,4_minus_3,75.0,0.2773551940917969,0.44251117652266286,False,-0.07825057689378898,0.0,20,False
CA11,4_minus_3,75.0,0.2773551940917969,0.44251117652266286,False,-0.06799365601460886,0.0,20,False
GALNT5,4_minus_3,75.0,0.2773551940917969,0.44251117652266286,False,0.24989454474466322,37.308928314769865,20,False
TPSD1,4_minus_3,75.0,0.2773551940917969,0.44251117652266286,False,-0.25244287365097523,0.0,20,False
FEN1,4_minus_3,76.0,0.2942523956298828,0.46188112937221293,False,0.18947653631026418,1.8102981019608784,20,False
HNF1A,4_minus_3,76.0,0.2942523956298828,0.46188112937221293,False,0.3134227667990783,37.76649639223005,20,False
TCL1A,4_minus_3,76.0,0.2942523956298828,0.46188112937221293,False,0.26666232470720036,37.181593843976934,20,False
IFNLR1,4_minus_3,76.0,0.2942523956298828,0.46188112937221293,False,0.10912719992734321,36.11232429346286,20,False
TOP1,4_minus_3,76.0,0.2942523956298828,0.46188112937221293,False,0.05885572781789754,0.42794557148143236,20,False
PNLIPRP2,4_minus_3,76.0,0.2942523956298828,0.46188112937221293,False,-0.07687803972332669,0.0,20,False
NMT1,4_minus_3,76.0,0.2942523956298828,0.46188112937221293,False,0.3833467298841776,2.5264667889402506,20,False
MAEA,4_minus_3,76.0,0.2942523956298828,0.46188112937221293,False,0.25374440850925833,1.7294614121576322,20,False
CRISP2,4_minus_3,76.0,0.2942523956298828,0.46188112937221293,False,-0.07319312841575379,0.0,20,False
KLRB1,4_minus_3,76.0,0.2942523956298828,0.46188112937221293,False,0.014080103281267436,0.10771859483395267,20,False
KLK8,4_minus_3,76.0,0.2942523956298828,0.46188112937221293,False,0.07500122375330831,1.892910067721051,20,False
FMR1,4_minus_3,76.0,0.2942523956298828,0.46188112937221293,False,0.7834444697336089,38.716384617336615,20,False
KLK7,4_minus_3,76.0,0.2942523956298828,0.46188112937221293,False,-0.06873285374361765,0.0,20,False
SAT1,4_minus_3,76.0,0.2942523956298828,0.46188112937221293,False,-0.10728182254238672,0.0,20,False
AKR1C4,4_minus_3,76.0,0.2942523956298828,0.46188112937221293,False,0.2082642824068916,1.0814518547781706,20,False
ACE,4_minus_3,76.0,0.2942523956298828,0.46188112937221293,False,0.163357966933013,36.63636307772981,20,False
PAG1,4_minus_3,76.0,0.2942523956298828,0.46188112937221293,False,0.3397705236757043,2.632756932693016,20,False
ST8SIA1,4_minus_3,76.0,0.2942523956298828,0.46188112937221293,False,-0.22798295951164965,-36.05910201303611,20,False
F3,4_minus_3,76.0,0.2942523956298828,0.46188112937221293,False,-0.07362059805202956,0.0,20,False
BLNK,4_minus_3,76.0,0.2942523956298828,0.46188112937221293,False,0.1410251321319292,1.8623136536095022,20,False
ACTN4,4_minus_3,76.0,0.2942523956298828,0.46188112937221293,False,0.14211394032544683,35.770812529303036,20,False
ANGPTL2,4_minus_3,76.0,0.2942523956298828,0.46188112937221293,False,0.185574125750452,1.50640468638637,20,False
ING1,4_minus_3,76.0,0.2942523956298828,0.46188112937221293,False,0.3844281329826901,2.783657471287902,20,False
CST7,4_minus_3,76.0,0.2942523956298828,0.46188112937221293,False,0.24194002420829244,0.0,20,False
SEMA4D,4_minus_3,76.0,0.2942523956298828,0.46188112937221293,False,-0.2651421654342842,-35.86242861921164,20,False
CTRB1,4_minus_3,76.0,0.2942523956298828,0.46188112937221293,False,0.12436328812121197,0.0,20,False
NDUFA5,4_minus_3,76.0,0.2942523956298828,0.46188112937221293,False,-0.05586788415433891,-5.234527388293532,20,False
CXCL9,4_minus_3,76.0,0.2942523956298828,0.46188112937221293,False,0.43831259729888683,6.122313313051614,20,False
CDHR2,4_minus_3,76.0,0.2942523956298828,0.46188112937221293,False,-0.06800585458960323,-0.7016632105163889,20,False
CLINT1,4_minus_3,69.0,0.29542405582364173,0.46346191710271595,False,0.10808522517414462,0.0,20,False
RAB3GAP1,4_minus_3,77.0,0.3117942810058594,0.48242455786401095,False,-0.1540505325426859,-0.5618334094993223,20,False
TRIM40,4_minus_3,77.0,0.3117942810058594,0.48242455786401095,False,-0.164559193427946,-2.081911966670937,20,False
PROCR,4_minus_3,77.0,0.3117942810058594,0.48242455786401095,False,0.29487021804675106,37.22526770913427,20,False
XPNPEP2,4_minus_3,77.0,0.3117942810058594,0.48242455786401095,False,0.07101215127866836,0.6073327972153185,20,False
TPPP2,4_minus_3,77.0,0.3117942810058594,0.48242455786401095,False,-0.2304532753804168,-35.137554653420935,20,False
IL1R2,4_minus_3,77.0,0.3117942810058594,0.48242455786401095,False,0.03283780810030694,0.0,20,False
DEFB103A_DEFB103B,4_minus_3,77.0,0.3117942810058594,0.48242455786401095,False,-0.16557114165969106,-36.5567696877682,20,False
TREH,4_minus_3,77.0,0.3117942810058594,0.48242455786401095,False,-0.13325127441270368,-0.4526524188552633,20,False
GATD3,4_minus_3,77.0,0.3117942810058594,0.48242455786401095,False,0.1893548695952124,1.0795224983800638,20,False
CCL5,4_minus_3,77.0,0.3117942810058594,0.48242455786401095,False,0.22358224904401053,1.4101920575447289,20,False
CD38,4_minus_3,77.0,0.3117942810058594,0.48242455786401095,False,0.20531295486954154,7.266149613839596,20,False
PALM3,4_minus_3,77.0,0.3117942810058594,0.48242455786401095,False,-0.23583449807162887,-36.85531563668962,20,False
IL34,4_minus_3,77.0,0.3117942810058594,0.48242455786401095,False,0.3479491030296648,3.419552007059747,20,False
CAPN3,4_minus_3,77.0,0.3117942810058594,0.48242455786401095,False,0.27215926484978464,1.8291535215312749,20,False
ANK2,4_minus_3,77.0,0.3117942810058594,0.48242455786401095,False,0.39851331555025193,35.396889809708924,20,False
IL1B,4_minus_3,77.0,0.3117942810058594,0.48242455786401095,False,0.5879099661130647,37.95254744100437,20,False
TNFRSF13B,4_minus_3,77.0,0.3117942810058594,0.48242455786401095,False,0.07324583631318907,0.0,20,False
SERPINI1,4_minus_3,77.0,0.3117942810058594,0.48242455786401095,False,0.046807217237162274,0.27066503746807175,20,False
PRDX3,4_minus_3,77.0,0.3117942810058594,0.48242455786401095,False,0.5603528618450676,2.0293016468393885,20,False
CTSH,4_minus_3,77.0,0.3117942810058594,0.48242455786401095,False,0.0701611392830506,32.67453895175968,20,False
PQBP1,4_minus_3,77.0,0.3117942810058594,0.48242455786401095,False,0.19186838566542752,36.612348213620315,20,False
LDLRAP1,4_minus_3,77.0,0.3117942810058594,0.48242455786401095,False,-0.1652518119971158,-0.5977929783759801,20,False
TLR1,4_minus_3,77.0,0.3117942810058594,0.48242455786401095,False,0.14643061467831617,1.3410510734723824,20,False
CEND1,4_minus_3,77.0,0.3117942810058594,0.48242455786401095,False,-0.16162914708522014,-32.76716705473396,20,False
FBP1,4_minus_3,77.0,0.3117942810058594,0.48242455786401095,False,0.322244916659023,2.0032203614127635,20,False
SPRING1,4_minus_3,70.0,0.3143893322216611,0.4853730041316873,False,-0.045113428654797866,-0.5656257564337308,20,False
ZP4,4_minus_3,70.0,0.3143893322216611,0.4853730041316873,False,0.1400995244375685,0.0,20,False
CEP152,4_minus_3,70.0,0.3143893322216611,0.4853730041316873,False,0.3178318689581106,1.960271405391747,20,False
ATP1B4,4_minus_3,70.0,0.3143893322216611,0.4853730041316873,False,-0.21628682088851442,0.0,20,False
LSM8,4_minus_3,78.0,0.3299827575683594,0.5003938854671514,False,-0.019263974152670005,0.0,20,False
GBA,4_minus_3,78.0,0.3299827575683594,0.5003938854671514,False,0.5349219996264403,4.3469287041108595,20,False
AMOT,4_minus_3,78.0,0.3299827575683594,0.5003938854671514,False,0.10732901349453915,0.7006348852655473,20,False
PLCB2,4_minus_3,78.0,0.3299827575683594,0.5003938854671514,False,0.41398773645529396,1.352603241931536,20,False
FOLR2,4_minus_3,78.0,0.3299827575683594,0.5003938854671514,False,0.03644158338571778,0.0,20,False
SLC12A2,4_minus_3,78.0,0.3299827575683594,0.5003938854671514,False,0.0750015584198861,2.195921640362214,20,False
DLL4,4_minus_3,78.0,0.3299827575683594,0.5003938854671514,False,-0.09751804375184889,-1.4141890176932517,20,False
ACP1,4_minus_3,78.0,0.3299827575683594,0.5003938854671514,False,0.319008328452438,37.13329258342147,20,False
SLC1A4,4_minus_3,78.0,0.3299827575683594,0.5003938854671514,False,-0.22266637573304704,-35.832542326342995,20,False
PLIN1,4_minus_3,78.0,0.3299827575683594,0.5003938854671514,False,-0.0711239839538941,-34.639830293065245,20,False
TPBGL,4_minus_3,78.0,0.3299827575683594,0.5003938854671514,False,-0.1313990445045463,0.0,20,False
CXCL16,4_minus_3,78.0,0.3299827575683594,0.5003938854671514,False,0.06364963614927566,0.7832229566593572,20,False
ENTPD6,4_minus_3,78.0,0.3299827575683594,0.5003938854671514,False,0.09247679495484605,0.8747524724614844,20,False
PPP1R12B,4_minus_3,78.0,0.3299827575683594,0.5003938854671514,False,0.2490045280858629,37.383703297682686,20,False
YES1,4_minus_3,78.0,0.3299827575683594,0.5003938854671514,False,0.31190919756229096,0.9184262156729306,20,False
FCRL5,4_minus_3,78.0,0.3299827575683594,0.5003938854671514,False,-0.01655200759584091,0.0,20,False
SEPTIN3,4_minus_3,78.0,0.3299827575683594,0.5003938854671514,False,-0.2066377863605698,-33.513083317896346,20,False
SUSD2,4_minus_3,78.0,0.3299827575683594,0.5003938854671514,False,0.05403812289496759,0.0,20,False
BMPER,4_minus_3,78.0,0.3299827575683594,0.5003938854671514,False,-0.04494480134262556,0.0,20,False
ALMS1,4_minus_3,78.0,0.3299827575683594,0.5003938854671514,False,-0.07081677294400174,-0.3786377824398794,20,False
SIRT1,4_minus_3,78.0,0.3299827575683594,0.5003938854671514,False,0.13236137670426623,1.4724078824586704,20,False
FES,4_minus_3,78.0,0.3299827575683594,0.5003938854671514,False,-0.0890755166420723,0.0,20,False
XIAP,4_minus_3,78.0,0.3299827575683594,0.5003938854671514,False,0.31200298045463326,1.4642019649337026,20,False
SLITRK6,4_minus_3,78.0,0.3299827575683594,0.5003938854671514,False,-0.06719805897450834,0.0,20,False
PON2,4_minus_3,78.0,0.3299827575683594,0.5003938854671514,False,0.10892727652719442,1.2419085677495356,20,False
HLA-A,4_minus_3,78.0,0.3299827575683594,0.5003938854671514,False,0.08557225459605722,1.5751802247568192,20,False
NPY,4_minus_3,78.0,0.3299827575683594,0.5003938854671514,False,0.1519540309008686,3.544677361052218,20,False
FGF16,4_minus_3,78.0,0.3299827575683594,0.5003938854671514,False,-0.10581748884373685,-34.284909646732046,20,False
MPIG6B,4_minus_3,78.0,0.3299827575683594,0.5003938854671514,False,0.26371179624614116,1.0466938608038292,20,False
SELPLG,4_minus_3,78.0,0.3299827575683594,0.5003938854671514,False,0.06509677596472055,2.051178863379905,20,False
MTIF3,4_minus_3,78.0,0.3299827575683594,0.5003938854671514,False,0.2513697001981356,1.0552407863310507,20,False
CPA4,4_minus_3,78.0,0.3299827575683594,0.5003938854671514,False,-0.05664204361544229,-1.5744527963353354,20,False
VMO1,4_minus_3,78.0,0.3299827575683594,0.5003938854671514,False,0.10665513683259312,0.35449270066810523,20,False
PLG,4_minus_3,71.0,0.33413808059574546,0.5058778682567845,False,-0.020245291225025774,-0.6073495423091272,20,False
PBK,4_minus_3,71.0,0.33413808059574546,0.5058778682567845,False,0.15752670886999862,36.27978245973807,20,False
FSHB,4_minus_3,71.0,0.33413808059574546,0.5058778682567845,False,0.09758148760889371,33.205109790879405,20,False
UBQLN3,4_minus_3,79.0,0.34881019592285156,0.5210872741213528,False,0.4128176300980309,3.722089742144698,20,False
LACRT,4_minus_3,79.0,0.34881019592285156,0.5210872741213528,False,0.19022371063158855,1.2875831405239313,20,False
IVD,4_minus_3,79.0,0.34881019592285156,0.5210872741213528,False,-0.13242579109786423,-36.31743600800294,20,False
GABARAP,4_minus_3,79.0,0.34881019592285156,0.5210872741213528,False,0.052702622415667595,0.0,20,False
TMED8,4_minus_3,79.0,0.34881019592285156,0.5210872741213528,False,0.4438856927073433,1.274178004298801,20,False
ATP5IF1,4_minus_3,79.0,0.34881019592285156,0.5210872741213528,False,0.26942248275932734,2.0314260291995505,20,False
ARHGAP1,4_minus_3,79.0,0.34881019592285156,0.5210872741213528,False,0.2025095403087761,1.5310774755178662,20,False
GAMT,4_minus_3,79.0,0.34881019592285156,0.5210872741213528,False,0.2052175797253477,2.4284871788212374,20,False
NRN1,4_minus_3,79.0,0.34881019592285156,0.5210872741213528,False,-0.11210335336807918,-30.85430343138864,20,False
HLA-DRA,4_minus_3,79.0,0.34881019592285156,0.5210872741213528,False,0.2222005913890675,2.2586317190817984,20,False
FGF19,4_minus_3,79.0,0.34881019592285156,0.5210872741213528,False,-0.16845354256865697,-2.5676441646503365,20,False
ARHGEF5,4_minus_3,79.0,0.34881019592285156,0.5210872741213528,False,0.294692321983389,5.029883219526334,20,False
GID8,4_minus_3,79.0,0.34881019592285156,0.5210872741213528,False,0.16675473438514793,2.146852577986798,20,False
IFNL2,4_minus_3,79.0,0.34881019592285156,0.5210872741213528,False,-0.3230535830848464,-37.069027499326225,20,False
CLPS,4_minus_3,79.0,0.34881019592285156,0.5210872741213528,False,0.11612592709832067,0.0,20,False
EGF,4_minus_3,79.0,0.34881019592285156,0.5210872741213528,False,0.24004280542657794,1.2446989683545793,20,False
LILRB5,4_minus_3,79.0,0.34881019592285156,0.5210872741213528,False,-0.05727044162733588,-34.06583636205827,20,False
SPTLC1,4_minus_3,79.0,0.34881019592285156,0.5210872741213528,False,0.16381834690090274,36.59974947088763,20,False
NGRN,4_minus_3,79.0,0.34881019592285156,0.5210872741213528,False,0.1215368940392534,1.7782415463304215,20,False
NFX1,4_minus_3,79.0,0.34881019592285156,0.5210872741213528,False,0.26753100950970243,2.0742961553118797,20,False
NFATC3,4_minus_3,79.0,0.34881019592285156,0.5210872741213528,False,0.18155365955625186,1.221073008849347,20,False
C5,4_minus_3,79.0,0.34881019592285156,0.5210872741213528,False,-0.023854319366588897,-0.663542358816741,20,False
OMP,4_minus_3,79.0,0.34881019592285156,0.5210872741213528,False,0.13612508296509795,3.0233346041773568,20,False
NDST1,4_minus_3,79.0,0.34881019592285156,0.5210872741213528,False,0.1297669322879885,2.278804167759445,20,False
TPMT,4_minus_3,79.0,0.34881019592285156,0.5210872741213528,False,0.2877951809240345,2.4714231438206578,20,False
VWA5A,4_minus_3,72.0,0.35466939531524566,0.5289984201312139,False,0.0934065108956859,0.0,20,False
HSPB1,4_minus_3,72.0,0.35466939531524566,0.5289984201312139,False,0.21390970633848386,0.8754520537557173,20,False
ANKRA2,4_minus_3,72.0,0.35466939531524566,0.5289984201312139,False,-0.6389335773795011,0.0,20,False
PBXIP1,4_minus_3,80.0,0.36827659606933594,0.5376189188860808,False,0.06625903034700631,0.0,20,False
EIF5A,4_minus_3,80.0,0.36827659606933594,0.5376189188860808,False,0.16960526296918005,2.793817162300489,20,False
F9,4_minus_3,80.0,0.36827659606933594,0.5376189188860808,False,-0.14183286392706856,0.0,20,False
CEACAM1,4_minus_3,80.0,0.36827659606933594,0.5376189188860808,False,0.0870972553696063,1.4393284788008878,20,False
CAMSAP1,4_minus_3,80.0,0.36827659606933594,0.5376189188860808,False,0.28142408731137897,0.7104832799346317,20,False
ECSCR,4_minus_3,80.0,0.36827659606933594,0.5376189188860808,False,-0.06956277266109981,-0.7440410285104648,20,False
MRPL46,4_minus_3,80.0,0.36827659606933594,0.5376189188860808,False,-0.0842618451178638,-35.02473315464767,20,False
CDK5RAP3,4_minus_3,80.0,0.36827659606933594,0.5376189188860808,False,0.28735104686979485,2.4518492654276685,20,False
TBL1X,4_minus_3,80.0,0.36827659606933594,0.5376189188860808,False,0.19388792861406612,0.7090484888683025,20,False
LILRB1,4_minus_3,80.0,0.36827659606933594,0.5376189188860808,False,0.018078610212347968,0.4423138071409883,20,False
CTSF,4_minus_3,80.0,0.36827659606933594,0.5376189188860808,False,0.06558926093290188,1.5857387239692016,20,False
CSPG5,4_minus_3,80.0,0.36827659606933594,0.5376189188860808,False,0.24340396967059605,35.295009680350915,20,False
SYT1,4_minus_3,80.0,0.36827659606933594,0.5376189188860808,False,0.12980019694882058,35.02713816141682,20,False
SERPING1,4_minus_3,80.0,0.36827659606933594,0.5376189188860808,False,-0.02233520959171515,0.0,20,False
VWC2,4_minus_3,80.0,0.36827659606933594,0.5376189188860808,False,-0.09478564773501154,0.0,20,False
IL11,4_minus_3,80.0,0.36827659606933594,0.5376189188860808,False,0.3828593176843648,38.003286115266064,20,False
ZCCHC8,4_minus_3,80.0,0.36827659606933594,0.5376189188860808,False,0.23733357588994275,4.636848310306164,20,False
MYOM2,4_minus_3,80.0,0.36827659606933594,0.5376189188860808,False,0.5601711284407531,4.670080708078377,20,False
MYOM1,4_minus_3,80.0,0.36827659606933594,0.5376189188860808,False,-0.3860379183804179,-34.94970416063528,20,False
SMPDL3B,4_minus_3,80.0,0.36827659606933594,0.5376189188860808,False,0.03086299083706226,32.66469997651746,20,False
STX8,4_minus_3,80.0,0.36827659606933594,0.5376189188860808,False,0.51403548541079,2.3395374304057897,20,False
CPTP,4_minus_3,80.0,0.36827659606933594,0.5376189188860808,False,0.0742720539358741,1.7659367114402407,20,False
KLK13,4_minus_3,80.0,0.36827659606933594,0.5376189188860808,False,0.12491695045638344,0.0,20,False
PRTN3,4_minus_3,80.0,0.36827659606933594,0.5376189188860808,False,-0.0039281862081720215,0.0,20,False
TRPV3,4_minus_3,80.0,0.36827659606933594,0.5376189188860808,False,0.3396990016557481,35.48599119164095,20,False
BLOC1S3,4_minus_3,80.0,0.36827659606933594,0.5376189188860808,False,0.1772043638082444,1.3749029369668515,20,False
PDZK1,4_minus_3,80.0,0.36827659606933594,0.5376189188860808,False,0.1035667031199306,1.219739533235492,20,False
MLN,4_minus_3,80.0,0.36827659606933594,0.5376189188860808,False,0.050690658588890714,0.8535532897555071,20,False
DPP10,4_minus_3,80.0,0.36827659606933594,0.5376189188860808,False,0.02133666431880627,0.0,20,False
OPTC,4_minus_3,80.0,0.36827659606933594,0.5376189188860808,False,0.08259862839544521,33.499850297302636,20,False
ODAM,4_minus_3,80.0,0.36827659606933594,0.5376189188860808,False,0.19666731710475005,1.2568165528576365,20,False
OBP2B,4_minus_3,80.0,0.36827659606933594,0.5376189188860808,False,0.20039021115754066,0.6101530834272609,20,False
PTGES2,4_minus_3,80.0,0.36827659606933594,0.5376189188860808,False,0.19997684536817506,2.1673596753976008,20,False
GRIK2,4_minus_3,80.0,0.36827659606933594,0.5376189188860808,False,0.097536748329615,35.50216741606324,20,False
CD84,4_minus_3,80.0,0.36827659606933594,0.5376189188860808,False,0.07266019709082273,1.3070378862164258,20,False
ACOT13,4_minus_3,80.0,0.36827659606933594,0.5376189188860808,False,0.11204686185026555,0.2881837261815498,20,False
GPR15L,4_minus_3,80.0,0.36827659606933594,0.5376189188860808,False,0.42894874514042314,37.0835722072671,20,False
CHRM1,4_minus_3,80.0,0.36827659606933594,0.5376189188860808,False,0.4110807005863964,38.23058744014183,20,False
MINK1,4_minus_3,80.0,0.36827659606933594,0.5376189188860808,False,0.5308840381851584,1.2930286403580626,20,False
DDX4,4_minus_3,80.0,0.36827659606933594,0.5376189188860808,False,-0.23029238501217109,0.0,20,False
RAB11FIP3,4_minus_3,80.0,0.36827659606933594,0.5376189188860808,False,-0.0025490112602622184,-0.007474730572043996,20,False
JMJD1C,4_minus_3,73.0,0.3759797524564171,0.5482956928623878,False,-0.13406926108499218,0.0,20,False
BEX3,4_minus_3,73.0,0.3759797524564171,0.5482956928623878,False,0.43889140266455395,36.11694416869332,20,False
CDH22,4_minus_3,81.0,0.38837623596191406,0.5557253457666412,False,-0.04633297445701154,0.0,20,False
PLXDC2,4_minus_3,81.0,0.38837623596191406,0.5557253457666412,False,0.007549762897820243,0.0,20,False
EIF4G3,4_minus_3,81.0,0.38837623596191406,0.5557253457666412,False,-0.16726212235068016,-0.5813245642395545,20,False
ERBIN,4_minus_3,81.0,0.38837623596191406,0.5557253457666412,False,0.3365330188087712,1.4928943742789367,20,False
CFHR4,4_minus_3,81.0,0.38837623596191406,0.5557253457666412,False,-0.1155198624227595,-34.47312277088171,20,False
TP53INP1,4_minus_3,81.0,0.38837623596191406,0.5557253457666412,False,-0.010425721349251307,-0.3476352840322525,20,False
REG1B,4_minus_3,81.0,0.38837623596191406,0.5557253457666412,False,0.20524288975690086,34.74952138003065,20,False
ERC2,4_minus_3,81.0,0.38837623596191406,0.5557253457666412,False,0.049851982594716626,0.22018892546219354,20,False
MARCO,4_minus_3,81.0,0.38837623596191406,0.5557253457666412,False,0.051429195786038044,2.1825949586858115,20,False
PODXL2,4_minus_3,81.0,0.38837623596191406,0.5557253457666412,False,0.03304926903526814,32.958291084502406,20,False
PLA2G10,4_minus_3,81.0,0.38837623596191406,0.5557253457666412,False,0.06667523366577634,0.0,20,False
GADD45GIP1,4_minus_3,81.0,0.38837623596191406,0.5557253457666412,False,0.2487107833448485,37.25866756007102,20,False
KIF20B,4_minus_3,81.0,0.38837623596191406,0.5557253457666412,False,-0.3404542248031563,-37.17088777310174,20,False
TLR2,4_minus_3,81.0,0.38837623596191406,0.5557253457666412,False,-0.6297557441268666,-36.1801582616435,20,False
FOXO3,4_minus_3,81.0,0.38837623596191406,0.5557253457666412,False,0.5275728252495877,37.132336189123905,20,False
WASF3,4_minus_3,81.0,0.38837623596191406,0.5557253457666412,False,0.29580275615326834,1.1554418818076162,20,False
RILPL2,4_minus_3,81.0,0.38837623596191406,0.5557253457666412,False,0.05718985654978881,0.2841333549080036,20,False
SPESP1,4_minus_3,81.0,0.38837623596191406,0.5557253457666412,False,0.10798429207257945,1.9961200420040122,20,False
ABCA2,4_minus_3,81.0,0.38837623596191406,0.5557253457666412,False,0.30499157631939733,37.69988877569957,20,False
GNGT1,4_minus_3,81.0,0.38837623596191406,0.5557253457666412,False,-0.36428936815676993,-38.01714586193196,20,False
TGFBR2,4_minus_3,81.0,0.38837623596191406,0.5557253457666412,False,0.02712006971877985,0.39356752262840333,20,False
INPP5J,4_minus_3,81.0,0.38837623596191406,0.5557253457666412,False,-0.30497977361581496,0.0,20,False
GSR,4_minus_3,81.0,0.38837623596191406,0.5557253457666412,False,0.04552755387896854,34.5663605874387,20,False
KLKB1,4_minus_3,81.0,0.38837623596191406,0.5557253457666412,False,-0.037189427765137645,0.0,20,False
NPTN,4_minus_3,81.0,0.38837623596191406,0.5557253457666412,False,-0.12089771128686672,0.0,20,False
MRPS16,4_minus_3,81.0,0.38837623596191406,0.5557253457666412,False,-0.11077256574489376,-29.629636056063518,20,False
HS6ST2,4_minus_3,81.0,0.38837623596191406,0.5557253457666412,False,0.12150157771830215,0.6638497278971955,20,False
IFNL1,4_minus_3,81.0,0.38837623596191406,0.5557253457666412,False,0.12155529510710361,35.38224714264108,20,False
IFNW1,4_minus_3,81.0,0.38837623596191406,0.5557253457666412,False,0.26747389263303245,36.821282831621176,20,False
NEK7,4_minus_3,81.0,0.38837623596191406,0.5557253457666412,False,0.11720809234666102,2.0596284402279883,20,False
CALB1,4_minus_3,81.0,0.38837623596191406,0.5557253457666412,False,0.15706496448859636,3.733529901561368,20,False
LCP1,4_minus_3,81.0,0.38837623596191406,0.5557253457666412,False,-0.13839611264424967,0.0,20,False
ZBTB16,4_minus_3,81.0,0.38837623596191406,0.5557253457666412,False,0.14218040735601628,0.8319354615760379,20,False
LGALS3,4_minus_3,81.0,0.38837623596191406,0.5557253457666412,False,-0.020106156739431787,-4.062453225544926,20,False
CASP2,4_minus_3,81.0,0.38837623596191406,0.5557253457666412,False,0.17338127622476923,0.7988150294941926,20,False
IRAG2,4_minus_3,81.0,0.38837623596191406,0.5557253457666412,False,0.4198663686288118,0.9112109283393434,20,False
ACRV1,4_minus_3,81.0,0.38837623596191406,0.5557253457666412,False,-0.04675961339208891,-34.81364718384515,20,False
APOC1,4_minus_3,82.0,0.40909767150878906,0.5771638491827404,False,-0.06889854654238543,-35.33529063315694,20,False
SNAP23,4_minus_3,82.0,0.40909767150878906,0.5771638491827404,False,-0.1121784378954307,-0.34553301787463864,20,False
SMARCA2,4_minus_3,82.0,0.40909767150878906,0.5771638491827404,False,-0.07314773334054647,-0.45657744058873345,20,False
BAMBI,4_minus_3,82.0,0.40909767150878906,0.5771638491827404,False,0.20470501094199117,1.6370223344545805,20,False
TGFBR1,4_minus_3,82.0,0.40909767150878906,0.5771638491827404,False,0.3657641872807571,1.4931408380265307,20,False
SPINK8,4_minus_3,82.0,0.40909767150878906,0.5771638491827404,False,0.16357862182792537,0.8124951431986269,20,False
CRTAP,4_minus_3,82.0,0.40909767150878906,0.5771638491827404,False,0.08579791256553815,32.49461230040762,20,False
MEP1A,4_minus_3,82.0,0.40909767150878906,0.5771638491827404,False,0.1754814596469163,36.302892469567986,20,False
PON1,4_minus_3,82.0,0.40909767150878906,0.5771638491827404,False,-0.02103029583018065,-0.33483903425449835,20,False
CETN2,4_minus_3,82.0,0.40909767150878906,0.5771638491827404,False,0.127237492701591,0.7883174197413763,20,False
BNIP2,4_minus_3,82.0,0.40909767150878906,0.5771638491827404,False,0.22841365169448713,1.1309089902652836,20,False
YY1,4_minus_3,82.0,0.40909767150878906,0.5771638491827404,False,0.6490423928533172,2.1160593148190117,20,False
SCT,4_minus_3,82.0,0.40909767150878906,0.5771638491827404,False,-0.16900297807611783,-3.9851621193931366,20,False
TPSAB1,4_minus_3,82.0,0.40909767150878906,0.5771638491827404,False,-0.09359146494864895,0.0,20,False
GGT1,4_minus_3,82.0,0.40909767150878906,0.5771638491827404,False,0.09546730803498785,0.0,20,False
APPL2,4_minus_3,82.0,0.40909767150878906,0.5771638491827404,False,-0.0541921601864853,-0.17161962314935622,20,False
CHM,4_minus_3,82.0,0.40909767150878906,0.5771638491827404,False,0.35476656425008674,3.303665066209493,20,False
MORF4L1,4_minus_3,82.0,0.40909767150878906,0.5771638491827404,False,0.33057774695508807,1.706492946620379,20,False
CTF1,4_minus_3,82.0,0.40909767150878906,0.5771638491827404,False,-0.09596440158233936,-33.108530918349665,20,False
VAT1,4_minus_3,82.0,0.40909767150878906,0.5771638491827404,False,0.08700898319192495,2.3902126958071435,20,False
REG3A,4_minus_3,82.0,0.40909767150878906,0.5771638491827404,False,0.035384314603194994,0.0,20,False
MPHOSPH8,4_minus_3,82.0,0.40909767150878906,0.5771638491827404,False,0.8413402880409926,39.4675720230975,20,False
CEACAM5,4_minus_3,82.0,0.40909767150878906,0.5771638491827404,False,-0.0669416817849303,-35.461677643961686,20,False
CPOX,4_minus_3,82.0,0.40909767150878906,0.5771638491827404,False,0.18414505392612165,3.905074023626776,20,False
TJP3,4_minus_3,82.0,0.40909767150878906,0.5771638491827404,False,-0.050277905737834666,0.0,20,False
TRDMT1,4_minus_3,82.0,0.40909767150878906,0.5771638491827404,False,0.2553808003178881,1.4072814045965991,20,False
SPINK5,4_minus_3,82.0,0.40909767150878906,0.5771638491827404,False,0.033882493340245595,0.0,20,False
FCN1,4_minus_3,82.0,0.40909767150878906,0.5771638491827404,False,0.024779327195200436,0.3604612902262893,20,False
IGLON5,4_minus_3,75.0,0.4209099170051037,0.5932343975407268,False,-0.09175942311318672,0.0,20,False
CDK1,4_minus_3,75.0,0.4209099170051037,0.5932343975407268,False,0.12603707017184476,36.25091642837661,20,False
DDX53,4_minus_3,83.0,0.4304332733154297,0.5991597121385319,False,-0.22854074222215032,-33.12509805480219,20,False
PRTFDC1,4_minus_3,83.0,0.4304332733154297,0.5991597121385319,False,-0.1432008568741521,-0.6322743186394054,20,False
WFIKKN2,4_minus_3,83.0,0.4304332733154297,0.5991597121385319,False,0.0373553182469365,0.0,20,False
MITD1,4_minus_3,83.0,0.4304332733154297,0.5991597121385319,False,0.18593985079388398,0.598339848392669,20,False
IL3RA,4_minus_3,83.0,0.4304332733154297,0.5991597121385319,False,-0.005649889264999056,-30.8579814604808,20,False
IL20RA,4_minus_3,83.0,0.4304332733154297,0.5991597121385319,False,0.17675961776532395,2.494387262734916,20,False
TDO2,4_minus_3,83.0,0.4304332733154297,0.5991597121385319,False,0.19861328969516545,1.9699427697727387,20,False
FDX1,4_minus_3,83.0,0.4304332733154297,0.5991597121385319,False,-0.0008361928459300616,-0.009473758436602224,20,False
PGR,4_minus_3,83.0,0.4304332733154297,0.5991597121385319,False,-0.015093016688059499,-0.7730686591259194,20,False
AP2B1,4_minus_3,83.0,0.4304332733154297,0.5991597121385319,False,0.8132047322763493,39.29718044663575,20,False
SOX2,4_minus_3,83.0,0.4304332733154297,0.5991597121385319,False,-0.41610467885016766,-33.93964138189472,20,False
CSNK1D,4_minus_3,83.0,0.4304332733154297,0.5991597121385319,False,0.20005274011332325,1.0573611066927753,20,False
CYP24A1,4_minus_3,83.0,0.4304332733154297,0.5991597121385319,False,-0.05289329995700605,0.0,20,False
LAIR2,4_minus_3,83.0,0.4304332733154297,0.5991597121385319,False,0.23172789576442637,0.0,20,False
LILRA4,4_minus_3,83.0,0.4304332733154297,0.5991597121385319,False,0.29441477212369027,36.902112294656675,20,False
LTB,4_minus_3,83.0,0.4304332733154297,0.5991597121385319,False,-0.28321211150489023,0.0,20,False
AZI2,4_minus_3,83.0,0.4304332733154297,0.5991597121385319,False,0.2673223625954665,0.9505608025490166,20,False
TP53,4_minus_3,83.0,0.4304332733154297,0.5991597121385319,False,0.3807157238267398,5.740737217935245,20,False
IL2RG,4_minus_3,83.0,0.4304332733154297,0.5991597121385319,False,-0.29141604483275635,-35.74788756640651,20,False
SPTBN2,4_minus_3,83.0,0.4304332733154297,0.5991597121385319,False,0.27347203921589547,2.6036899350774876,20,False
ANXA5,4_minus_3,83.0,0.4304332733154297,0.5991597121385319,False,0.08783936713951689,34.33901106647926,20,False
IL15RA,4_minus_3,83.0,0.4304332733154297,0.5991597121385319,False,-0.09693097972615966,-35.73457643595556,20,False
NTF4,4_minus_3,83.0,0.4304332733154297,0.5991597121385319,False,0.24419335464733283,36.680131577860124,20,False
CLEC4A,4_minus_3,83.0,0.4304332733154297,0.5991597121385319,False,-0.1424094324538959,0.0,20,False
CSF1,4_minus_3,83.0,0.4304332733154297,0.5991597121385319,False,0.0816437227131432,1.1729900210999997,20,False
RASGRF1,4_minus_3,76.0,0.44450890263539555,0.6175318548698934,False,-0.32423244226692893,0.0,20,False
PDIA2,4_minus_3,76.0,0.44450890263539555,0.6175318548698934,False,-0.17990754395844152,0.0,20,False
MAPRE3,4_minus_3,76.0,0.44450890263539555,0.6175318548698934,False,-0.15520260223479046,0.0,20,False
BTNL10,4_minus_3,76.0,0.44450890263539555,0.6175318548698934,False,-0.2813411697873123,-33.39150493382348,20,False
BHLHE40,4_minus_3,84.0,0.4523754119873047,0.6189937610088678,False,-0.19684062803723046,-1.3674408552688897,20,False
IL33,4_minus_3,84.0,0.4523754119873047,0.6189937610088678,False,0.1653640940290268,4.406599532761118,20,False
MTDH,4_minus_3,84.0,0.4523754119873047,0.6189937610088678,False,0.4776419015731281,1.1917868287021902,20,False
TADA3,4_minus_3,84.0,0.4523754119873047,0.6189937610088678,False,-0.004935335516285971,-0.044988468077191354,20,False
IL7,4_minus_3,84.0,0.4523754119873047,0.6189937610088678,False,0.16478628169222298,1.1177148985657133,20,False
TARM1,4_minus_3,84.0,0.4523754119873047,0.6189937610088678,False,-0.04460090445123135,0.0,20,False
TGFBI,4_minus_3,84.0,0.4523754119873047,0.6189937610088678,False,0.05925665761200805,0.7217099568991584,20,False
DDC,4_minus_3,84.0,0.4523754119873047,0.6189937610088678,False,-0.02515038909489406,0.0,20,False
MME,4_minus_3,84.0,0.4523754119873047,0.6189937610088678,False,-0.02610360536908185,-33.1715419385347,20,False
RAB27B,4_minus_3,84.0,0.4523754119873047,0.6189937610088678,False,-0.13208032633710354,-0.3711127149845563,20,False
ENPEP,4_minus_3,84.0,0.4523754119873047,0.6189937610088678,False,0.20296158113034318,1.151881864807428,20,False
ELOB,4_minus_3,84.0,0.4523754119873047,0.6189937610088678,False,0.4043812628064488,37.51314376182848,20,False
SNAP25,4_minus_3,84.0,0.4523754119873047,0.6189937610088678,False,-0.0019836984497838828,-0.04538255064735369,20,False
TMED10,4_minus_3,84.0,0.4523754119873047,0.6189937610088678,False,-0.038662810137176484,-0.4631100059625525,20,False
ALPP,4_minus_3,84.0,0.4523754119873047,0.6189937610088678,False,-0.16421033052964304,-0.8282025863438262,20,False
FGF5,4_minus_3,84.0,0.4523754119873047,0.6189937610088678,False,-0.1513476695021886,0.0,20,False
FGF6,4_minus_3,84.0,0.4523754119873047,0.6189937610088678,False,-0.1447980553021746,-32.36842445414129,20,False
PCDH1,4_minus_3,84.0,0.4523754119873047,0.6189937610088678,False,0.020073877661805104,33.5639678425908,20,False
RRAS,4_minus_3,84.0,0.4523754119873047,0.6189937610088678,False,-0.353849867262576,-3.54889273558133,20,False
MAPKAPK2,4_minus_3,84.0,0.4523754119873047,0.6189937610088678,False,0.31502281472807653,1.5415406188459824,20,False
LBP,4_minus_3,84.0,0.4523754119873047,0.6189937610088678,False,-0.2621504092043851,-31.93252564023396,20,False
ITGB1,4_minus_3,84.0,0.4523754119873047,0.6189937610088678,False,0.04322477137488624,34.668742621099355,20,False
CD69,4_minus_3,84.0,0.4523754119873047,0.6189937610088678,False,-0.016570801779586128,-0.039659923736615185,20,False
SPINK6,4_minus_3,84.0,0.4523754119873047,0.6189937610088678,False,0.31665469433842053,37.59796017750912,20,False
ARHGEF10,4_minus_3,84.0,0.4523754119873047,0.6189937610088678,False,0.2897367930774347,0.9680912681987539,20,False
AMOTL2,4_minus_3,84.0,0.4523754119873047,0.6189937610088678,False,0.1468810848903943,0.9334967745901238,20,False
SAP18,4_minus_3,84.0,0.4523754119873047,0.6189937610088678,False,-0.18568393018498378,0.0,20,False
APLP1,4_minus_3,84.0,0.4523754119873047,0.6189937610088678,False,-0.19918501929572036,0.0,20,False
VSIG10,4_minus_3,84.0,0.4523754119873047,0.6189937610088678,False,0.05615753333331888,34.08823786182455,20,False
AMDHD2,4_minus_3,84.0,0.4523754119873047,0.6189937610088678,False,0.15045054202044472,2.221566106618945,20,False
CD6,4_minus_3,84.0,0.4523754119873047,0.6189937610088678,False,0.05306018499853786,0.0,20,False
SERPINA7,4_minus_3,85.0,0.47490501403808594,0.6368250093005953,False,-0.08048995140551869,-4.323352621691726,20,False
ERCC1,4_minus_3,77.0,0.4688451964332785,0.6368250093005953,False,-0.22813885108364923,-32.19077172206787,20,False
CFI,4_minus_3,85.0,0.47490501403808594,0.6368250093005953,False,-0.11692379422632498,-2.091475483423389,20,False
ACAN,4_minus_3,85.0,0.47490501403808594,0.6368250093005953,False,0.053202037611250176,0.0,20,False
MRPL24,4_minus_3,85.0,0.47490501403808594,0.6368250093005953,False,0.29994412764290534,37.34157383835405,20,False
CNPY2,4_minus_3,85.0,0.47490501403808594,0.6368250093005953,False,-0.11676714176782482,-1.9014790981584313,20,False
LAMP2,4_minus_3,85.0,0.47490501403808594,0.6368250093005953,False,-0.003377383468228662,0.0,20,False
LATS1,4_minus_3,85.0,0.47490501403808594,0.6368250093005953,False,0.29005622010701587,1.1779669626975369,20,False
PSRC1,4_minus_3,85.0,0.47490501403808594,0.6368250093005953,False,0.1737775011869238,3.312382825566328,20,False
ACAA1,4_minus_3,85.0,0.47490501403808594,0.6368250093005953,False,-0.01768580393340334,-0.08060263897550603,20,False
CPQ,4_minus_3,85.0,0.47490501403808594,0.6368250093005953,False,0.015059995703946338,0.185733462906827,20,False
MRPL28,4_minus_3,85.0,0.47490501403808594,0.6368250093005953,False,-0.11927778043883715,-32.27991934939809,20,False
SOX9,4_minus_3,85.0,0.47490501403808594,0.6368250093005953,False,0.13689827295601945,0.0,20,False
TNFSF12,4_minus_3,85.0,0.47490501403808594,0.6368250093005953,False,-0.08017653136722401,0.0,20,False
FCAR,4_minus_3,85.0,0.47490501403808594,0.6368250093005953,False,0.08292951693424568,0.892396672953016,20,False
ENTPD2,4_minus_3,85.0,0.47490501403808594,0.6368250093005953,False,0.19902733320792965,3.1143748384017957,20,False
APCS,4_minus_3,85.0,0.47490501403808594,0.6368250093005953,False,-0.040831451574299,-0.4731020049029282,20,False
PDCL2,4_minus_3,77.0,0.4688451964332785,0.6368250093005953,False,-0.009243971665579359,0.0,20,False
EIF4E,4_minus_3,85.0,0.47490501403808594,0.6368250093005953,False,0.1052242877836364,0.5028070275225937,20,False
PI16,4_minus_3,85.0,0.47490501403808594,0.6368250093005953,False,-0.049628050054126745,-34.92978483492167,20,False
FGF9,4_minus_3,77.0,0.4688451964332785,0.6368250093005953,False,-0.12983373336178222,0.0,20,False
PITHD1,4_minus_3,77.0,0.4688451964332785,0.6368250093005953,False,-0.24480133241805557,0.0,20,False
RICTOR,4_minus_3,85.0,0.47490501403808594,0.6368250093005953,False,0.07764499999355494,35.06628427201624,20,False
TIGIT,4_minus_3,85.0,0.47490501403808594,0.6368250093005953,False,-0.21596890500353177,-36.616182072279216,20,False
CCL22,4_minus_3,85.0,0.47490501403808594,0.6368250093005953,False,-0.23173790569042646,0.0,20,False
PLA2G7,4_minus_3,85.0,0.47490501403808594,0.6368250093005953,False,-0.08136828351787134,-35.02820924657368,20,False
NAA80,4_minus_3,85.0,0.47490501403808594,0.6368250093005953,False,0.28232008693117194,0.5263321258207105,20,False
GIPC3,4_minus_3,85.0,0.47490501403808594,0.6368250093005953,False,-0.16817851786114013,-0.668969458176025,20,False
LRG1,4_minus_3,85.0,0.47490501403808594,0.6368250093005953,False,-0.10567383719511698,-1.1743767085282746,20,False
NTF3,4_minus_3,85.0,0.47490501403808594,0.6368250093005953,False,0.07183132413091281,0.0,20,False
CD5L,4_minus_3,85.0,0.47490501403808594,0.6368250093005953,False,-0.027081030440441023,-1.54321343026384,20,False
LRP2BP,4_minus_3,85.0,0.47490501403808594,0.6368250093005953,False,0.21056233485249815,35.66776504983662,20,False
ADAMTSL5,4_minus_3,85.0,0.47490501403808594,0.6368250093005953,False,0.06884111857182167,0.6415814719326033,20,False
SMC3,4_minus_3,77.0,0.4688451964332785,0.6368250093005953,False,-0.3771636850676922,0.0,20,False
ZNF830,4_minus_3,85.0,0.47490501403808594,0.6368250093005953,False,-0.08107130883749611,0.0,20,False
RNASEH2A,4_minus_3,85.0,0.47490501403808594,0.6368250093005953,False,0.5073019432477495,2.423001907435838,20,False
CBLN4,4_minus_3,85.0,0.47490501403808594,0.6368250093005953,False,-0.0989426443791808,0.0,20,False
SLK,4_minus_3,85.0,0.47490501403808594,0.6368250093005953,False,0.1748203182636875,0.6762854862242346,20,False
CCT5,4_minus_3,85.0,0.47490501403808594,0.6368250093005953,False,-0.11912503021695922,0.0,20,False
HCG22,4_minus_3,85.0,0.47490501403808594,0.6368250093005953,False,-0.2598491943071997,0.0,20,False
C8B,4_minus_3,85.0,0.47490501403808594,0.6368250093005953,False,-0.07919551326762929,0.0,20,False
CD3G,4_minus_3,85.0,0.47490501403808594,0.6368250093005953,False,-0.12348765382000677,-2.3442586258114386,20,False
CEP85,4_minus_3,86.0,0.49800872802734375,0.6584002714201879,False,0.2852893472293715,1.2341530770576892,20,False
PXDNL,4_minus_3,86.0,0.49800872802734375,0.6584002714201879,False,-0.09790484492611184,-35.22402870279427,20,False
TYRP1,4_minus_3,86.0,0.49800872802734375,0.6584002714201879,False,0.24865393369819538,35.211193171634214,20,False
SEPTIN9,4_minus_3,86.0,0.49800872802734375,0.6584002714201879,False,0.06716230729876896,1.5052218591544846,20,False
ERP29,4_minus_3,86.0,0.49800872802734375,0.6584002714201879,False,0.12160189996135229,0.4090859928831822,20,False
LAMA1,4_minus_3,86.0,0.49800872802734375,0.6584002714201879,False,-0.1821440419084707,-36.646027155467046,20,False
ESPL1,4_minus_3,78.0,0.4939012303138084,0.6584002714201879,False,-0.21731138519626503,0.0,20,False
PDLIM5,4_minus_3,86.0,0.49800872802734375,0.6584002714201879,False,0.06952584199572694,0.18522843592540694,20,False
EXTL1,4_minus_3,86.0,0.49800872802734375,0.6584002714201879,False,0.009698971548134178,0.0,20,False
CCDC80,4_minus_3,86.0,0.49800872802734375,0.6584002714201879,False,-0.114605953927613,0.0,20,False
AMBP,4_minus_3,86.0,0.49800872802734375,0.6584002714201879,False,0.0012180146074026454,0.0,20,False
ECM1,4_minus_3,86.0,0.49800872802734375,0.6584002714201879,False,-0.02663255235482955,-0.7882637037353919,20,False
RIPK4,4_minus_3,86.0,0.49800872802734375,0.6584002714201879,False,0.02462157808976828,32.961273179007044,20,False
GFAP,4_minus_3,86.0,0.49800872802734375,0.6584002714201879,False,0.17811313413995367,35.58323161928817,20,False
GFOD2,4_minus_3,86.0,0.49800872802734375,0.6584002714201879,False,-0.22580622810748682,0.0,20,False
USP47,4_minus_3,86.0,0.49800872802734375,0.6584002714201879,False,0.23235762015940506,0.8825216667817238,20,False
GRIN2B,4_minus_3,86.0,0.49800872802734375,0.6584002714201879,False,-0.06934436775635455,-31.568217084948344,20,False
SBSN,4_minus_3,86.0,0.49800872802734375,0.6584002714201879,False,-0.09140644900820147,0.0,20,False
GZMA,4_minus_3,86.0,0.49800872802734375,0.6584002714201879,False,0.050106959437721796,2.8409215561070016,20,False
RPA2,4_minus_3,86.0,0.49800872802734375,0.6584002714201879,False,0.3113911576445842,1.8246208214431803,20,False
RTKN2,4_minus_3,86.0,0.49800872802734375,0.6584002714201879,False,-0.24221632001351937,0.0,20,False
PRAME,4_minus_3,78.0,0.4939012303138084,0.6584002714201879,False,-0.08999093990164166,0.0,20,False
IL7R,4_minus_3,86.0,0.49800872802734375,0.6584002714201879,False,0.02672453077733844,1.111535694025793,20,False
KIF22,4_minus_3,86.0,0.49800872802734375,0.6584002714201879,False,0.2733343532160043,0.7804097041292819,20,False
STOML2,4_minus_3,78.0,0.4939012303138084,0.6584002714201879,False,-0.1872920390255966,0.0,20,False
MTPN,4_minus_3,86.0,0.49800872802734375,0.6584002714201879,False,-0.1466159264134944,-35.62409282469495,20,False
SNU13,4_minus_3,86.0,0.49800872802734375,0.6584002714201879,False,0.11923004211318419,2.0359781015527076,20,False
COL28A1,4_minus_3,86.0,0.49800872802734375,0.6584002714201879,False,0.05412551973463292,0.0,20,False
HEG1,4_minus_3,86.0,0.49800872802734375,0.6584002714201879,False,0.05729016206505029,0.4060777939542112,20,False
NECAP2,4_minus_3,86.0,0.49800872802734375,0.6584002714201879,False,0.12127470192814727,0.5203776227329809,20,False
GFRA3,4_minus_3,87.0,0.5015540323300163,0.6627762341817578,False,-0.011378127184291847,0.0,20,False
RBM25,4_minus_3,79.0,0.5196565532398361,0.6766613257859281,False,-0.4848595162096242,0.0,20,False
CDH1,4_minus_3,87.0,0.5216732025146484,0.6766613257859281,False,-0.056972478096539735,-5.987768744795801,20,False
CA14,4_minus_3,87.0,0.5216732025146484,0.6766613257859281,False,0.02748543917742674,0.0,20,False
CDAN1,4_minus_3,87.0,0.5216732025146484,0.6766613257859281,False,-0.044783568477741655,-1.7488361294408181,20,False
APOL1,4_minus_3,87.0,0.5216732025146484,0.6766613257859281,False,0.07054979006117489,0.2537952237419016,20,False
TYRO3,4_minus_3,87.0,0.5216732025146484,0.6766613257859281,False,-0.0657098206902179,-4.305610360000613,20,False
STK4,4_minus_3,87.0,0.5216732025146484,0.6766613257859281,False,-0.19740394661221528,-0.612808801786064,20,False
CYB5A,4_minus_3,79.0,0.5196565532398361,0.6766613257859281,False,0.03319589722030081,0.0,20,False
DAAM1,4_minus_3,87.0,0.5216732025146484,0.6766613257859281,False,-0.14936415775478745,-1.5075883268298906,20,False
GAST,4_minus_3,87.0,0.5216732025146484,0.6766613257859281,False,0.3770507991253229,1.5942687262850268,20,False
DDA1,4_minus_3,87.0,0.5216732025146484,0.6766613257859281,False,0.2647748366559462,37.47013574608005,20,False
OSTN,4_minus_3,87.0,0.5216732025146484,0.6766613257859281,False,0.13767106117804676,34.35870613013707,20,False
DDX39A,4_minus_3,87.0,0.5216732025146484,0.6766613257859281,False,0.18144877038235332,1.6620598417697627,20,False
KLK3,4_minus_3,87.0,0.5216732025146484,0.6766613257859281,False,0.01876717296416895,0.2758191070817845,20,False
ITPR1,4_minus_3,87.0,0.5216732025146484,0.6766613257859281,False,0.1729391441545526,1.2699510561156417,20,False
DOK2,4_minus_3,87.0,0.5216732025146484,0.6766613257859281,False,-0.15941874255071256,-0.42653808629490964,20,False
IL2RA,4_minus_3,87.0,0.5216732025146484,0.6766613257859281,False,-0.1019118942281225,0.0,20,False
NCR3LG1,4_minus_3,87.0,0.5216732025146484,0.6766613257859281,False,0.15550376897249352,1.3116736373029012,20,False
ITIH4,4_minus_3,87.0,0.5216732025146484,0.6766613257859281,False,-0.05993637770482907,-1.1668537976170335,20,False
INHBB,4_minus_3,87.0,0.5216732025146484,0.6766613257859281,False,-0.014715120207939192,-0.22332178418169268,20,False
EPGN,4_minus_3,87.0,0.5216732025146484,0.6766613257859281,False,0.08360523153755325,0.7558351264021801,20,False
SMTN,4_minus_3,87.0,0.5216732025146484,0.6766613257859281,False,0.18973477895548385,0.5811167315062692,20,False
IL10RA,4_minus_3,87.0,0.5216732025146484,0.6766613257859281,False,-0.08593962075040094,-33.754372305010655,20,False
PRKAG3,4_minus_3,87.0,0.5216732025146484,0.6766613257859281,False,-0.52426221450043,0.0,20,False
CXCL5,4_minus_3,87.0,0.5216732025146484,0.6766613257859281,False,-0.3023239751113408,-35.156701110186745,20,False
IGDCC3,4_minus_3,87.0,0.5216732025146484,0.6766613257859281,False,0.04259169460488003,0.8267864722996325,20,False
MANF,4_minus_3,87.0,0.5216732025146484,0.6766613257859281,False,0.39884825163882587,1.289567269242205,20,False
HJV,4_minus_3,87.0,0.5216732025146484,0.6766613257859281,False,0.030862161282299447,0.4732861725989997,20,False
CENPJ,4_minus_3,87.0,0.5216732025146484,0.6766613257859281,False,0.18287184075968818,0.9423104494429545,20,False
NPR1,4_minus_3,87.0,0.5216732025146484,0.6766613257859281,False,0.0866248981525691,0.0,20,False
CFH,4_minus_3,87.0,0.5216732025146484,0.6766613257859281,False,0.059555112328459475,0.9149220063728343,20,False
MRPL58,4_minus_3,87.0,0.5216732025146484,0.6766613257859281,False,-0.04666557728549281,-0.8628835006707936,20,False
ANXA10,4_minus_3,87.0,0.5216732025146484,0.6766613257859281,False,0.2649561839472342,37.35723915130155,20,False
SOWAHA,4_minus_3,87.0,0.5216732025146484,0.6766613257859281,False,-0.2707821935872804,0.0,20,False
MICALL2,4_minus_3,87.0,0.5216732025146484,0.6766613257859281,False,0.1188013834434844,0.473517847901202,20,False
LILRA5,4_minus_3,87.0,0.5216732025146484,0.6766613257859281,False,-0.029200305492497483,-0.23786009793742996,20,False
SSC5D,4_minus_3,87.5,0.5135122084474673,0.6766613257859281,False,-0.07392358219738321,-2.1041668455652074,20,False
SSB,4_minus_3,87.0,0.5216732025146484,0.6766613257859281,False,-0.15987424601888364,-2.084140326202347,20,False
GRAP2,4_minus_3,87.0,0.5216732025146484,0.6766613257859281,False,0.29271993148379566,0.5672396746266554,20,False
NUP50,4_minus_3,87.0,0.5216732025146484,0.6766613257859281,False,0.29166842022446726,37.61816994141649,20,False
GAGE2A,4_minus_3,80.0,0.5460878490645904,0.6970912887424691,False,0.323401410083466,36.30152151954443,20,False
QPCT,4_minus_3,88.0,0.5458755493164062,0.6970912887424691,False,-0.0700356076059418,-2.853498605919987,20,False
HSP90B1,4_minus_3,88.0,0.5458755493164062,0.6970912887424691,False,0.02042220379816695,0.0,20,False
CASP1,4_minus_3,88.0,0.5458755493164062,0.6970912887424691,False,0.4168515092145165,3.280261183036995,20,False
BAG3,4_minus_3,88.0,0.5458755493164062,0.6970912887424691,False,0.1117980453029069,35.69253830227777,20,False
NEDD9,4_minus_3,88.0,0.5458755493164062,0.6970912887424691,False,-0.14494193501133706,-1.1805121811254766,20,False
IL17RA,4_minus_3,88.0,0.5458755493164062,0.6970912887424691,False,0.02396368202744087,1.0438665613636253,20,False
IL12RB1,4_minus_3,88.0,0.5458755493164062,0.6970912887424691,False,-0.10556847647703119,0.0,20,False
TCN2,4_minus_3,88.0,0.5458755493164062,0.6970912887424691,False,-0.027400232736833202,-0.20642351885488253,20,False
TCL1B,4_minus_3,88.0,0.5458755493164062,0.6970912887424691,False,0.1904566186268398,2.0823156451101537,20,False
NGF,4_minus_3,88.0,0.5458755493164062,0.6970912887424691,False,-0.035693563159300404,-3.3272397778636416,20,False
C1R,4_minus_3,88.0,0.5458755493164062,0.6970912887424691,False,-0.025738391172144746,-1.1648556823618026,20,False
PDGFRB,4_minus_3,88.0,0.5458755493164062,0.6970912887424691,False,-0.0037419945656673517,0.0,20,False
TNFRSF6B,4_minus_3,88.0,0.5458755493164062,0.6970912887424691,False,0.16110201161862336,1.13959659245789,20,False
ERN1,4_minus_3,88.0,0.5458755493164062,0.6970912887424691,False,0.07125687746207579,0.7408316471688746,20,False
CELA2A,4_minus_3,88.0,0.5458755493164062,0.6970912887424691,False,0.0014658554740562962,0.0,20,False
CDH2,4_minus_3,88.0,0.5458755493164062,0.6970912887424691,False,0.08438527799315876,35.61914469497659,20,False
MAG,4_minus_3,88.0,0.5458755493164062,0.6970912887424691,False,0.19497722967481473,37.00412162968708,20,False
CDC123,4_minus_3,80.0,0.5460878490645904,0.6970912887424691,False,-0.17260960111735985,0.0,20,False
LMOD2,4_minus_3,88.0,0.5458755493164062,0.6970912887424691,False,-0.2129723259259803,-36.963060934293296,20,False
CNTF,4_minus_3,88.0,0.5458755493164062,0.6970912887424691,False,0.2997204210556877,6.1720992252629205,20,False
COPE,4_minus_3,88.0,0.5458755493164062,0.6970912887424691,False,-0.12194466187588876,-33.64609327778108,20,False
ATF4,4_minus_3,80.0,0.5460878490645904,0.6970912887424691,False,-0.05689067914627585,0.0,20,False
EXOSC10,4_minus_3,88.0,0.5458755493164062,0.6970912887424691,False,0.03531870076073509,0.0,20,False
SFRP4,4_minus_3,88.0,0.5458755493164062,0.6970912887424691,False,-0.0376239231149964,-1.1747145170855817,20,False
KIAA1549L,4_minus_3,88.0,0.5458755493164062,0.6970912887424691,False,-0.13353303067950684,0.0,20,False
TET2,4_minus_3,88.0,0.5458755493164062,0.6970912887424691,False,0.23027369848487453,37.217686576706264,20,False
ATP1B3,4_minus_3,88.0,0.5458755493164062,0.6970912887424691,False,0.28109175488288274,1.183186908315664,20,False
DGKZ,4_minus_3,88.0,0.5458755493164062,0.6970912887424691,False,0.010357283291528324,0.33851246028664855,20,False
DKK3,4_minus_3,88.0,0.5458755493164062,0.6970912887424691,False,0.07906669652877464,0.0,20,False
TNFRSF9,4_minus_3,88.0,0.5458755493164062,0.6970912887424691,False,0.2227777352502317,37.148046276480926,20,False
PI3,4_minus_3,88.0,0.5458755493164062,0.6970912887424691,False,0.16619122056423236,36.52280471547587,20,False
CCN5,4_minus_3,88.0,0.5458755493164062,0.6970912887424691,False,-0.020714756839369075,-0.6500467710464501,20,False
BTD,4_minus_3,88.0,0.5458755493164062,0.6970912887424691,False,0.06692819202124321,0.8113367998387256,20,False
SCP2,4_minus_3,88.0,0.5458755493164062,0.6970912887424691,False,0.10532224241646446,1.1033158870042454,20,False
ADAM8,4_minus_3,64.0,0.5540338584644349,0.7069140668037375,False,-0.0513999019549439,0.0,20,False
ATP2B4,4_minus_3,89.0,0.5705966949462891,0.7192481168168084,False,0.09193883598441063,0.4832108019788061,20,False
ARG2,4_minus_3,89.0,0.5705966949462891,0.7192481168168084,False,0.01546864109906465,0.13736763477401537,20,False
ADH4,4_minus_3,89.0,0.5705966949462891,0.7192481168168084,False,0.15117034743171281,0.5573142639996295,20,False
IGSF21,4_minus_3,89.0,0.5705966949462891,0.7192481168168084,False,0.033118342774363096,0.5294734540776892,20,False
IFT20,4_minus_3,89.0,0.5705966949462891,0.7192481168168084,False,-0.06793748956098036,-0.35626522630202545,20,False
IL22,4_minus_3,89.0,0.5705966949462891,0.7192481168168084,False,0.08339054309785676,0.0,20,False
MPRIP,4_minus_3,89.0,0.5705966949462891,0.7192481168168084,False,0.1260920542686922,1.8187929672716245,20,False
IDUA,4_minus_3,89.0,0.5705966949462891,0.7192481168168084,False,0.017256002144585343,0.2407570410886928,20,False
NLGN2,4_minus_3,89.0,0.5705966949462891,0.7192481168168084,False,0.2874807930576047,37.42176386051262,20,False
MAPT,4_minus_3,89.0,0.5705966949462891,0.7192481168168084,False,0.2187395793918483,1.9557753259119453,20,False
TNFAIP8L2,4_minus_3,89.0,0.5705966949462891,0.7192481168168084,False,0.0725022463569423,0.3997289623185363,20,False
BRME1,4_minus_3,89.0,0.5705966949462891,0.7192481168168084,False,0.0030164418943684768,0.03305489279320118,20,False
DBN1,4_minus_3,89.0,0.5705966949462891,0.7192481168168084,False,0.13061147454798183,0.7417241094309429,20,False
PRKAR1A,4_minus_3,89.0,0.5705966949462891,0.7192481168168084,False,0.25192987922990573,0.7537133901881439,20,False
RANGAP1,4_minus_3,89.0,0.5705966949462891,0.7192481168168084,False,-0.2379198188300377,-33.64934938285811,20,False
PDCD1LG2,4_minus_3,89.0,0.5705966949462891,0.7192481168168084,False,0.05164571440927379,0.2860170902587368,20,False
FCRLB,4_minus_3,89.0,0.5705966949462891,0.7192481168168084,False,0.11880204400440526,1.0953051374751568,20,False
PCDH9,4_minus_3,89.0,0.5705966949462891,0.7192481168168084,False,0.09282504196365873,30.999650013776275,20,False
EDAR,4_minus_3,89.0,0.5705966949462891,0.7192481168168084,False,0.08795112345989228,0.8862539546786323,20,False
CLSTN3,4_minus_3,89.0,0.5705966949462891,0.7192481168168084,False,0.09602502146962036,1.455964113137173,20,False
CNTN3,4_minus_3,89.0,0.5705966949462891,0.7192481168168084,False,-0.03848843481727818,-34.136095142530024,20,False
FUT1,4_minus_3,89.0,0.5705966949462891,0.7192481168168084,False,0.0022536422473101725,0.0,20,False
PADI2,4_minus_3,89.0,0.5705966949462891,0.7192481168168084,False,0.3429698971636064,36.94103387962631,20,False
CFHR2,4_minus_3,89.0,0.5705966949462891,0.7192481168168084,False,0.07083455222537391,0.0,20,False
SLAMF7,4_minus_3,89.0,0.5705966949462891,0.7192481168168084,False,-0.07377625679201333,0.0,20,False
GBP4,4_minus_3,89.0,0.5705966949462891,0.7192481168168084,False,-0.06653277107989394,-35.09420631970613,20,False
GIT1,4_minus_3,89.0,0.5705966949462891,0.7192481168168084,False,0.23246892448847534,0.8006086606016034,20,False
EFEMP1,4_minus_3,81.0,0.5731689736636651,0.7221672616719825,False,-0.06678549964990291,-34.128019968018016,20,False
SERPINA9,4_minus_3,90.0,0.5958194732666016,0.7401092354295324,False,-0.03464813045380517,0.0,20,False
DDX1,4_minus_3,90.0,0.5958194732666016,0.7401092354295324,False,-0.049867728078799606,0.0,20,False
CEACAM21,4_minus_3,90.0,0.5958194732666016,0.7401092354295324,False,0.025342407105468756,0.08468365573678095,20,False
TP73,4_minus_3,90.0,0.5958194732666016,0.7401092354295324,False,-0.0002782912881492683,-0.010344852309367809,20,False
CELA3A,4_minus_3,90.0,0.5958194732666016,0.7401092354295324,False,0.058309334713150834,0.0,20,False
PRKCQ,4_minus_3,90.0,0.5958194732666016,0.7401092354295324,False,0.08019142682522407,0.7989315245413389,20,False
SCN4B,4_minus_3,90.0,0.5958194732666016,0.7401092354295324,False,-0.059509638067223314,0.0,20,False
MED21,4_minus_3,90.0,0.5958194732666016,0.7401092354295324,False,0.05727215376709585,34.72204628215743,20,False
MAMDC4,4_minus_3,90.0,0.5958194732666016,0.7401092354295324,False,-0.07147894245653119,-0.582068585374516,20,False
CNDP1,4_minus_3,90.0,0.5958194732666016,0.7401092354295324,False,-0.06711832474727455,-2.206060135229193,20,False
CHIT1,4_minus_3,90.0,0.5958194732666016,0.7401092354295324,False,0.025621611814768106,0.0,20,False
CXCL12,4_minus_3,90.0,0.5958194732666016,0.7401092354295324,False,0.06684457349100584,0.0,20,False
DENND2B,4_minus_3,90.0,0.5958194732666016,0.7401092354295324,False,-0.028429711011376646,-0.3907002080019138,20,False
SLC44A4,4_minus_3,90.0,0.5958194732666016,0.7401092354295324,False,-0.41578597727819533,-33.087317394426755,20,False
ELAVL4,4_minus_3,90.0,0.5958194732666016,0.7401092354295324,False,-0.15055550922466815,-0.828965579124066,20,False
VIPR1,4_minus_3,90.0,0.5958194732666016,0.7401092354295324,False,0.12941570621255424,35.603962153812695,20,False
AHSG,4_minus_3,90.0,0.5958194732666016,0.7401092354295324,False,-0.0681385572825744,-1.1087248343069958,20,False
NUDT2,4_minus_3,90.0,0.5958194732666016,0.7401092354295324,False,0.15391201582996739,1.396048826699491,20,False
CA8,4_minus_3,90.0,0.5958194732666016,0.7401092354295324,False,-0.10083497413794014,-35.87678818908913,20,False
FLT3,4_minus_3,90.0,0.5958194732666016,0.7401092354295324,False,-0.08756156977702004,0.0,20,False
PARD3,4_minus_3,90.0,0.5958194732666016,0.7401092354295324,False,0.3461143316151613,2.8008999656553235,20,False
NEFL,4_minus_3,90.0,0.5958194732666016,0.7401092354295324,False,0.22824018621950143,5.827881112698492,20,False
DGCR6,4_minus_3,90.0,0.5958194732666016,0.7401092354295324,False,0.10584836201424441,1.8818807503855748,20,False
FGFBP2,4_minus_3,90.0,0.5958194732666016,0.7401092354295324,False,0.026833123713979418,0.1308875484866969,20,False
SIRPB1,4_minus_3,90.0,0.5958194732666016,0.7401092354295324,False,-0.11705966136350941,0.0,20,False
APOA4,4_minus_3,90.0,0.5958194732666016,0.7401092354295324,False,-0.006371554697922048,0.0,20,False
INPP1,4_minus_3,90.0,0.5958194732666016,0.7401092354295324,False,0.04087363937280368,0.251400335402649,20,False
INSL3,4_minus_3,90.0,0.5958194732666016,0.7401092354295324,False,0.10424378647262156,35.210369469730715,20,False
INSL5,4_minus_3,90.0,0.5958194732666016,0.7401092354295324,False,0.31244501956128046,1.2126262657721918,20,False
ATXN2,4_minus_3,90.0,0.5958194732666016,0.7401092354295324,False,0.05406174172817432,0.9969177047615783,20,False
CAMKK1,4_minus_3,90.0,0.5958194732666016,0.7401092354295324,False,0.1344385942938619,0.9876980323996751,20,False
GGA1,4_minus_3,90.0,0.5958194732666016,0.7401092354295324,False,-0.15436954949567872,-36.666111169258926,20,False
TPRKB,4_minus_3,82.0,0.6008710115741303,0.746055012607033,False,0.2870704192947602,0.0,20,False
SKAP2,4_minus_3,91.0,0.6215133666992188,0.7606178359952195,False,0.26843210023849584,0.6704628593804713,20,False
SCN3B,4_minus_3,91.0,0.6215133666992188,0.7606178359952195,False,0.11286438845795535,1.58200561136391,20,False
SULT1A1,4_minus_3,91.0,0.6215133666992188,0.7606178359952195,False,-0.0027918276792371355,-0.006697886954709352,20,False
ITGB7,4_minus_3,91.0,0.6215133666992188,0.7606178359952195,False,0.056514189530861264,0.0,20,False
DNLZ,4_minus_3,91.0,0.6215133666992188,0.7606178359952195,False,0.10045175568541098,2.517326949070231,20,False
MTR,4_minus_3,91.0,0.6215133666992188,0.7606178359952195,False,-0.16121247482557755,0.0,20,False
CD83,4_minus_3,91.0,0.6215133666992188,0.7606178359952195,False,-0.07798976955154494,-35.56642513459335,20,False
FCGR2A,4_minus_3,91.0,0.6215133666992188,0.7606178359952195,False,-0.060339356493556096,0.0,20,False
MNAT1,4_minus_3,91.0,0.6215133666992188,0.7606178359952195,False,0.05830971806023098,0.6538539825470022,20,False
EFNB2,4_minus_3,91.0,0.6215133666992188,0.7606178359952195,False,-0.01845976016577544,-0.13045711868877086,20,False
NUDT10,4_minus_3,91.0,0.6215133666992188,0.7606178359952195,False,0.10143110928496986,1.076735381361222,20,False
GSTP1,4_minus_3,91.0,0.6215133666992188,0.7606178359952195,False,0.3449302641482387,37.84840217310101,20,False
BPIFA2,4_minus_3,91.0,0.6215133666992188,0.7606178359952195,False,-0.02248760221871643,0.0,20,False
PTPRB,4_minus_3,91.0,0.6215133666992188,0.7606178359952195,False,-0.013971601456581453,-1.957486374970307,20,False
BATF,4_minus_3,91.0,0.6215133666992188,0.7606178359952195,False,0.22837520660660834,37.0538816427954,20,False
BABAM1,4_minus_3,91.0,0.6215133666992188,0.7606178359952195,False,-0.11769181297298509,0.0,20,False
RGMA,4_minus_3,91.0,0.6215133666992188,0.7606178359952195,False,-0.0369786436505607,0.0,20,False
AXL,4_minus_3,91.0,0.6215133666992188,0.7606178359952195,False,-0.022793644039828892,-2.421290119072232,20,False
FCGR2B,4_minus_3,91.0,0.6215133666992188,0.7606178359952195,False,0.16368374612652603,0.0,20,False
HIP1,4_minus_3,91.0,0.6215133666992188,0.7606178359952195,False,0.21401849783971083,1.5661793808609163,20,False
RPGR,4_minus_3,91.0,0.6215133666992188,0.7606178359952195,False,-0.05085693862298174,0.0,20,False
LRTM2,4_minus_3,91.0,0.6215133666992188,0.7606178359952195,False,-0.029704426390061777,0.0,20,False
IL32,4_minus_3,91.0,0.6215133666992188,0.7606178359952195,False,0.004772346242865919,0.0,20,False
PTH,4_minus_3,91.0,0.6215133666992188,0.7606178359952195,False,-0.08744343973443847,-0.8243129771731673,20,False
CBLIF,4_minus_3,91.0,0.6215133666992188,0.7606178359952195,False,-0.06828454913931278,0.0,20,False
CLIP2,4_minus_3,91.0,0.6215133666992188,0.7606178359952195,False,0.2749799089316484,0.5745456444506245,20,False
CEP164,4_minus_3,91.0,0.6215133666992188,0.7606178359952195,False,0.0491394283498037,34.11373199634693,20,False
SATB1,4_minus_3,91.0,0.6215133666992188,0.7606178359952195,False,0.1146464694444001,1.8531961776093433,20,False
LHB,4_minus_3,91.0,0.6215133666992188,0.7606178359952195,False,-0.011094462915557466,0.0,20,False
KDM3A,4_minus_3,91.0,0.6215133666992188,0.7606178359952195,False,-0.05863615644730005,0.0,20,False
POF1B,4_minus_3,91.0,0.6215133666992188,0.7606178359952195,False,-0.15913698329350712,-35.38260351927164,20,False
IL12RB2,4_minus_3,91.0,0.6215133666992188,0.7606178359952195,False,-0.023953032572425842,-0.9541815448398612,20,False
GABRA4,4_minus_3,91.0,0.6215133666992188,0.7606178359952195,False,0.15229846768345567,0.0,20,False
PCNA,4_minus_3,83.0,0.6291623521725525,0.7683092730780172,False,-0.07792843118186821,-2.8975347910755023,20,False
DCDC2C,4_minus_3,83.0,0.6291623521725525,0.7683092730780172,False,-0.08888956712667195,-35.29429905382089,20,False
GATA3,4_minus_3,83.0,0.6291623521725525,0.7683092730780172,False,0.07342075387155239,0.0,20,False
GAD1,4_minus_3,83.0,0.6291623521725525,0.7683092730780172,False,0.04908271978723236,0.0,20,False
MUCL3,4_minus_3,83.0,0.6291623521725525,0.7683092730780172,False,0.021623849077208074,0.0,20,False
KRT5,4_minus_3,92.0,0.6476554870605469,0.7784028389084507,False,0.18010971590625097,1.2211219377526705,20,False
CEACAM6,4_minus_3,92.0,0.6476554870605469,0.7784028389084507,False,-0.0004567802795331921,0.0,20,False
CEMIP2,4_minus_3,92.0,0.6476554870605469,0.7784028389084507,False,-0.15433857156228412,-1.5573173636683524,20,False
STXBP3,4_minus_3,92.0,0.6476554870605469,0.7784028389084507,False,0.18322864792754645,0.8650744865585938,20,False
CLIC5,4_minus_3,92.0,0.6476554870605469,0.7784028389084507,False,0.15775211215406687,35.85504405089363,20,False
LILRB2,4_minus_3,92.0,0.6476554870605469,0.7784028389084507,False,0.014890500813881304,0.256774056644477,20,False
SIGLEC7,4_minus_3,92.0,0.6476554870605469,0.7784028389084507,False,-0.031086575805798995,0.0,20,False
CORO6,4_minus_3,92.0,0.6476554870605469,0.7784028389084507,False,0.08717696057949251,0.7035769181256719,20,False
ITGAL,4_minus_3,92.0,0.6476554870605469,0.7784028389084507,False,0.22408433988592777,37.049469511301425,20,False
PCSK7,4_minus_3,92.0,0.6476554870605469,0.7784028389084507,False,-0.03728268359255926,0.0,20,False
ISLR2,4_minus_3,92.0,0.6476554870605469,0.7784028389084507,False,0.011886140969992895,0.0,20,False
IL17F,4_minus_3,92.0,0.6476554870605469,0.7784028389084507,False,-0.12538651043906598,-35.76201100978322,20,False
GUCY2C,4_minus_3,92.0,0.6476554870605469,0.7784028389084507,False,0.057142505229552,0.0,20,False
MILR1,4_minus_3,92.0,0.6476554870605469,0.7784028389084507,False,-0.07284401337514547,-33.71336303180166,20,False
GPIHBP1,4_minus_3,92.0,0.6476554870605469,0.7784028389084507,False,0.02497532386233435,0.0,20,False
NOS2,4_minus_3,92.0,0.6476554870605469,0.7784028389084507,False,-0.1522523321146051,0.0,20,False
ENO3,4_minus_3,92.0,0.6476554870605469,0.7784028389084507,False,0.020083196510469137,0.0,20,False
GKN1,4_minus_3,92.0,0.6476554870605469,0.7784028389084507,False,0.002646014165502846,0.06210335049529096,20,False
TIGAR,4_minus_3,92.0,0.6476554870605469,0.7784028389084507,False,0.15789353803274037,1.519727206094653,20,False
FLT3LG,4_minus_3,92.0,0.6476554870605469,0.7784028389084507,False,0.07623701978202534,2.5369513066484437,20,False
TBC1D23,4_minus_3,92.0,0.6476554870605469,0.7784028389084507,False,0.1418893362848415,0.4456177936616529,20,False
CD80,4_minus_3,92.0,0.6476554870605469,0.7784028389084507,False,-0.0139320839377533,-28.15110197443774,20,False
HYOU1,4_minus_3,92.0,0.6476554870605469,0.7784028389084507,False,0.0018728146638894022,0.060719794819093675,20,False
BRD3,4_minus_3,92.0,0.6476554870605469,0.7784028389084507,False,0.32379114073005694,2.528858806026296,20,False
CA4,4_minus_3,92.0,0.6476554870605469,0.7784028389084507,False,0.014524907062693073,0.0,20,False
CA12,4_minus_3,92.0,0.6476554870605469,0.7784028389084507,False,0.03522970428835395,0.7991830545814266,20,False
PPT1,4_minus_3,92.0,0.6476554870605469,0.7784028389084507,False,0.023218065509459707,0.6591523233313943,20,False
RALB,4_minus_3,92.0,0.6476554870605469,0.7784028389084507,False,0.1581576760830976,35.60424513407826,20,False
RASA1,4_minus_3,92.0,0.6476554870605469,0.7784028389084507,False,-0.05906592781136105,-0.5735725555707385,20,False
BRDT,4_minus_3,92.0,0.6476554870605469,0.7784028389084507,False,-0.07803143105806681,-0.36818052691187353,20,False
RECK,4_minus_3,92.0,0.6476554870605469,0.7784028389084507,False,0.027274981954408944,30.91948526060511,20,False
BRD1,4_minus_3,92.0,0.6476554870605469,0.7784028389084507,False,0.01918444036747642,0.347740934999974,20,False
SDK2,4_minus_3,92.0,0.6476554870605469,0.7784028389084507,False,0.011743563922892775,0.32331143344564056,20,False
CA7,4_minus_3,92.0,0.6476554870605469,0.7784028389084507,False,-0.02900608859754389,0.0,20,False
ACADSB,4_minus_3,92.0,0.6476554870605469,0.7784028389084507,False,-0.018716629869386936,-0.050964159668748205,20,False
ROBO2,4_minus_3,92.0,0.6476554870605469,0.7784028389084507,False,0.001941010933835946,0.0,20,False
SCARF1,4_minus_3,92.0,0.6476554870605469,0.7784028389084507,False,-0.005771109984093775,-0.2524270758264677,20,False
BCL7A,4_minus_3,84.0,0.6580087852326646,0.7905088477880475,False,-0.11696853990020092,0.0,20,False
IFNAR1,4_minus_3,93.0,0.6742229461669922,0.7990790473090278,False,0.0593325875903198,1.1953037631847372,20,False
DCTD,4_minus_3,93.0,0.6742229461669922,0.7990790473090278,False,0.0592483643786942,0.16669288049892747,20,False
DSC2,4_minus_3,93.0,0.6742229461669922,0.7990790473090278,False,0.011891124151820642,0.15939156273008942,20,False
ENAH,4_minus_3,93.0,0.6742229461669922,0.7990790473090278,False,-0.0064468229981365505,-0.051459216779158934,20,False
SLC51B,4_minus_3,93.0,0.6742229461669922,0.7990790473090278,False,-0.08599703239221229,0.0,20,False
PVALB,4_minus_3,93.0,0.6742229461669922,0.7990790473090278,False,0.0964748302107098,0.5220878253882921,20,False
RAB33A,4_minus_3,93.0,0.6742229461669922,0.7990790473090278,False,0.0448808528126422,0.12538022078254302,20,False
KIR2DS4,4_minus_3,93.0,0.6742229461669922,0.7990790473090278,False,-0.010866755492114244,0.0,20,False
NCK2,4_minus_3,93.0,0.6742229461669922,0.7990790473090278,False,0.1262189108994512,0.5500724617688744,20,False
FHIP2A,4_minus_3,93.0,0.6742229461669922,0.7990790473090278,False,0.23528161953825882,2.0535968663815485,20,False
MYO6,4_minus_3,93.0,0.6742229461669922,0.7990790473090278,False,0.2723529224982664,1.489667719724801,20,False
MYL1,4_minus_3,93.0,0.6742229461669922,0.7990790473090278,False,-0.14336841576133116,-1.7019732106709788,20,False
ANP32C,4_minus_3,93.0,0.6742229461669922,0.7990790473090278,False,0.003937619418821599,0.0627002246215147,20,False
SRC,4_minus_3,93.0,0.6742229461669922,0.7990790473090278,False,0.019739804197960287,0.05179900635933644,20,False
LRIG1,4_minus_3,93.0,0.6742229461669922,0.7990790473090278,False,0.02359195840235445,0.2408940400498511,20,False
ARHGAP30,4_minus_3,93.0,0.6742229461669922,0.7990790473090278,False,-0.07173662505610685,-1.9448642614162497,20,False
PCDH17,4_minus_3,93.0,0.6742229461669922,0.7990790473090278,False,-0.055694953350548415,-0.3749370556520345,20,False
MFAP3,4_minus_3,93.0,0.6742229461669922,0.7990790473090278,False,0.11088059921723283,35.42173341576131,20,False
IL17C,4_minus_3,93.0,0.6742229461669922,0.7990790473090278,False,0.21809868935101465,1.8997804145937818,20,False
MDM1,4_minus_3,93.0,0.6742229461669922,0.7990790473090278,False,-0.0446872688490791,-0.30401873468500373,20,False
ICAM4,4_minus_3,93.0,0.6742229461669922,0.7990790473090278,False,0.05826193738219411,0.0,20,False
SPINT3,4_minus_3,93.0,0.6742229461669922,0.7990790473090278,False,0.17713199464721574,34.212751781433795,20,False
CD5,4_minus_3,93.0,0.6742229461669922,0.7990790473090278,False,-0.06865176531526485,0.0,20,False
C9,4_minus_3,93.0,0.6742229461669922,0.7990790473090278,False,0.014900226483694365,0.4128805211326583,20,False
CTLA4,4_minus_3,93.0,0.6742229461669922,0.7990790473090278,False,0.03869305405280969,0.0,20,False
PREB,4_minus_3,93.0,0.6742229461669922,0.7990790473090278,False,-0.02519809841902105,-6.366749737627467,20,False
PKN3,4_minus_3,93.0,0.6742229461669922,0.7990790473090278,False,-0.014392814343218208,-0.06333819764875247,20,False
PGLYRP2,4_minus_3,93.0,0.6742229461669922,0.7990790473090278,False,0.008647240114635697,0.0,20,False
CMIP,4_minus_3,93.0,0.6742229461669922,0.7990790473090278,False,-0.03140999956929913,-0.16662751445592486,20,False
COL9A2,4_minus_3,93.0,0.6742229461669922,0.7990790473090278,False,-0.019597384814589974,-0.1977571953433404,20,False
KLRD1,4_minus_3,93.0,0.6742229461669922,0.7990790473090278,False,-0.011067197713731214,-0.09035967857301251,20,False
PTEN,4_minus_3,93.0,0.6742229461669922,0.7990790473090278,False,0.08248777464401603,1.7544623499451777,20,False
H2AP,4_minus_3,85.0,0.6873736155096972,0.8136377054541014,False,-0.1344633401634301,0.0,20,False
IL25,4_minus_3,85.0,0.6873736155096972,0.8136377054541014,False,-0.04277989043977361,0.0,20,False
MANEAL,4_minus_3,85.0,0.6873736155096972,0.8136377054541014,False,0.04251309714548135,0.0,20,False
RBPMS2,4_minus_3,94.0,0.7011814117431641,0.8169329149643153,False,0.1829123018279254,0.4684327788796516,20,False
RANBP2,4_minus_3,94.0,0.7011814117431641,0.8169329149643153,False,0.005181229679437099,2.8131733078890813,20,False
VPS28,4_minus_3,94.0,0.7011814117431641,0.8169329149643153,False,0.18829235330537875,1.586985245125245,20,False
GAL,4_minus_3,94.0,0.7011814117431641,0.8169329149643153,False,-0.0798205991265676,-34.77396926669006,20,False
CLEC5A,4_minus_3,94.0,0.7011814117431641,0.8169329149643153,False,0.009413385247658085,0.6155750387875377,20,False
GLI2,4_minus_3,94.0,0.7011814117431641,0.8169329149643153,False,0.03492763183042625,0.7959825491135007,20,False
PLEKHO1,4_minus_3,94.0,0.7011814117431641,0.8169329149643153,False,0.08143524948759268,0.5047122490034203,20,False
PLSCR3,4_minus_3,94.0,0.7011814117431641,0.8169329149643153,False,0.07115624368407146,0.3420365689701559,20,False
HDAC9,4_minus_3,94.0,0.7011814117431641,0.8169329149643153,False,-0.1490502672696231,0.0,20,False
UPK3A,4_minus_3,94.0,0.7011814117431641,0.8169329149643153,False,0.06082781915582175,34.87329431576816,20,False
HTR1A,4_minus_3,94.0,0.7011814117431641,0.8169329149643153,False,-0.06559796147778851,0.0,20,False
TDGF1,4_minus_3,94.0,0.7011814117431641,0.8169329149643153,False,0.11596578354267029,0.0,20,False
WAS,4_minus_3,94.0,0.7011814117431641,0.8169329149643153,False,-0.05316937543786332,-0.20773142311926643,20,False
CEACAM3,4_minus_3,94.0,0.7011814117431641,0.8169329149643153,False,0.12604418475844978,35.752164637445894,20,False
PNMA2,4_minus_3,94.0,0.7011814117431641,0.8169329149643153,False,0.3424996181185638,2.5344550631373233,20,False
IL17RB,4_minus_3,94.0,0.7011814117431641,0.8169329149643153,False,0.0980864382633401,0.0,20,False
APOA1,4_minus_3,94.0,0.7011814117431641,0.8169329149643153,False,-0.030585001778822354,-33.9159402409087,20,False
CD28,4_minus_3,94.0,0.7011814117431641,0.8169329149643153,False,-0.0639520518554251,0.0,20,False
ALDH3A1,4_minus_3,94.0,0.7011814117431641,0.8169329149643153,False,0.23662533210842923,36.81797316507936,20,False
PPP1R14A,4_minus_3,94.0,0.7011814117431641,0.8169329149643153,False,0.03529310490209661,0.12898466499020472,20,False
ADAM23,4_minus_3,94.0,0.7011814117431641,0.8169329149643153,False,-0.05321329156237656,0.0,20,False
STX5,4_minus_3,94.0,0.7011814117431641,0.8169329149643153,False,-0.03920019418942782,-0.7730753508957562,20,False
CD72,4_minus_3,94.0,0.7011814117431641,0.8169329149643153,False,0.1530967293950308,2.8699535665102163,20,False
KLB,4_minus_3,94.0,0.7011814117431641,0.8169329149643153,False,0.07134690177110298,32.94342785069184,20,False
DEFB118,4_minus_3,94.0,0.7011814117431641,0.8169329149643153,False,0.1368760079445897,2.4605722735842406,20,False
FGFR2,4_minus_3,94.0,0.7011814117431641,0.8169329149643153,False,-0.07106480437194575,0.0,20,False
GASK1A,4_minus_3,94.0,0.7011814117431641,0.8169329149643153,False,0.07746363361761976,0.5675588291216498,20,False
PTPRS,4_minus_3,94.0,0.7011814117431641,0.8169329149643153,False,0.0010093856702590581,0.0,20,False
EPN1,4_minus_3,94.0,0.7011814117431641,0.8169329149643153,False,0.10961226749168834,0.7037915314366048,20,False
EVPL,4_minus_3,94.0,0.7011814117431641,0.8169329149643153,False,-0.03581469418997346,-0.956788255125702,20,False
DKK4,4_minus_3,94.0,0.7011814117431641,0.8169329149643153,False,-0.038662994677257895,0.0,20,False
FAM171A2,4_minus_3,94.0,0.7011814117431641,0.8169329149643153,False,-0.06607095109824052,0.0,20,False
NPPB,4_minus_3,94.0,0.7011814117431641,0.8169329149643153,False,-0.3624550422988147,0.0,20,False
CRHR1,4_minus_3,94.0,0.7011814117431641,0.8169329149643153,False,0.06465848394187518,1.6220347139009483,20,False
TNFAIP8,4_minus_3,94.0,0.7011814117431641,0.8169329149643153,False,0.21870023755563014,1.1887549925747924,20,False
OSBPL2,4_minus_3,94.0,0.7011814117431641,0.8169329149643153,False,-0.04967702671211436,-29.78077685603601,20,False
TNFSF13B,4_minus_3,94.0,0.7011814117431641,0.8169329149643153,False,0.005227428323802144,1.0408132072583978,20,False
DOCK9,4_minus_3,94.0,0.7011814117431641,0.8169329149643153,False,-0.31703395215941443,0.0,20,False
CNTN1,4_minus_3,86.0,0.7172177958043885,0.8345807078451066,False,0.00659774291726449,0.0,20,False
TOP1MT,4_minus_3,86.0,0.7172177958043885,0.8345807078451066,False,0.17142592823516734,0.0,20,False
TMOD4,4_minus_3,86.0,0.7172177958043885,0.8345807078451066,False,-0.24104328368010375,0.0,20,False
CD300A,4_minus_3,95.0,0.7285060882568359,0.8356306087703665,False,-0.026325108121426494,-0.435908109039165,20,False
L3HYPDH,4_minus_3,95.0,0.7285060882568359,0.8356306087703665,False,0.009086105081785617,0.030003939318300248,20,False
IDI2,4_minus_3,95.0,0.7285060882568359,0.8356306087703665,False,0.04066251501861601,0.0,20,False
M6PR,4_minus_3,95.0,0.7285060882568359,0.8356306087703665,False,-0.06987216750718028,-35.48209668429542,20,False
PRELP,4_minus_3,95.0,0.7285060882568359,0.8356306087703665,False,-0.025216606315831898,0.0,20,False
CCER2,4_minus_3,95.0,0.7285060882568359,0.8356306087703665,False,-0.07857652540718599,0.0,20,False
LAMB1,4_minus_3,95.0,0.7285060882568359,0.8356306087703665,False,-0.023991707164927795,0.0,20,False
KIAA2013,4_minus_3,95.0,0.7285060882568359,0.8356306087703665,False,0.08259430339287091,0.9526726629988114,20,False
CCDC134,4_minus_3,95.0,0.7285060882568359,0.8356306087703665,False,0.08371122656756355,0.46735310217833737,20,False
NOP56,4_minus_3,95.0,0.7285060882568359,0.8356306087703665,False,-0.0957386068433439,-1.1893404831095353,20,False
EFCAB2,4_minus_3,95.0,0.7285060882568359,0.8356306087703665,False,0.03309553550213799,0.358533906053846,20,False
AOC1,4_minus_3,95.0,0.7285060882568359,0.8356306087703665,False,-0.033441869509867994,-0.6205150534339879,20,False
SPRY2,4_minus_3,95.0,0.7285060882568359,0.8356306087703665,False,-0.24472819814731817,-37.085694032474755,20,False
LRFN2,4_minus_3,95.0,0.7285060882568359,0.8356306087703665,False,0.2735307919271497,2.620482846108122,20,False
CPE,4_minus_3,95.0,0.7285060882568359,0.8356306087703665,False,-0.03404018218714805,0.0,20,False
LYN,4_minus_3,95.0,0.7285060882568359,0.8356306087703665,False,-0.06527393224058124,-0.5533061617712371,20,False
TSHB,4_minus_3,95.0,0.7285060882568359,0.8356306087703665,False,-0.006350468448915743,-0.4727086865065761,20,False
KLRF1,4_minus_3,95.0,0.7285060882568359,0.8356306087703665,False,-0.038543621955372934,-0.3125888845975918,20,False
THPO,4_minus_3,95.0,0.7285060882568359,0.8356306087703665,False,0.026011998667022737,0.586346746426309,20,False
MUC13,4_minus_3,95.0,0.7285060882568359,0.8356306087703665,False,0.2016798549689429,2.983866815141597,20,False
CCNE1,4_minus_3,95.0,0.7285060882568359,0.8356306087703665,False,-0.012216450886594003,-29.81488188206214,20,False
CD164L2,4_minus_3,95.0,0.7285060882568359,0.8356306087703665,False,0.21210565913285367,1.0046050798535626,20,False
GALNT7,4_minus_3,95.0,0.7285060882568359,0.8356306087703665,False,0.0335918030911667,0.0,20,False
MSLNL,4_minus_3,95.0,0.7285060882568359,0.8356306087703665,False,0.18045536395145767,2.4720181396164196,20,False
CABP2,4_minus_3,95.0,0.7285060882568359,0.8356306087703665,False,0.08190032174771673,1.3029566425595607,20,False
CD14,4_minus_3,95.0,0.7285060882568359,0.8356306087703665,False,-0.022588407959496938,-0.14627731374606315,20,False
TST,4_minus_3,95.0,0.7285060882568359,0.8356306087703665,False,-0.20298446894433841,-4.228583418221058,20,False
C1QBP,4_minus_3,95.0,0.7285060882568359,0.8356306087703665,False,-0.003926876102868765,-0.02831323662091704,20,False
SEMA3G,4_minus_3,95.0,0.7285060882568359,0.8356306087703665,False,-0.018412929699425644,-0.6952381922911502,20,False
TTN,4_minus_3,95.0,0.7285060882568359,0.8356306087703665,False,0.024699579995522403,0.6612783419322591,20,False
PLA2G2A,4_minus_3,95.0,0.7285060882568359,0.8356306087703665,False,0.07892364804699281,0.38233242749316665,20,False
NAA10,4_minus_3,95.0,0.7285060882568359,0.8356306087703665,False,0.1720221486116844,1.0553290580250745,20,False
C1RL,4_minus_3,95.0,0.7285060882568359,0.8356306087703665,False,-0.0949626913862054,-1.9546695515833266,20,False
NINJ1,4_minus_3,95.0,0.7285060882568359,0.8356306087703665,False,-0.015087322663676184,0.0,20,False
PFDN6,4_minus_3,95.0,0.7285060882568359,0.8356306087703665,False,-0.15956741794518173,0.0,20,False
KIR2DL2,4_minus_3,96.0,0.7561664581298828,0.8531108758388422,False,0.06595111381923502,0.3020134720751056,20,False
FOS,4_minus_3,87.0,0.7475000777680043,0.8531108758388422,False,-0.11775011946226978,0.0,20,False
CLU,4_minus_3,96.0,0.7561664581298828,0.8531108758388422,False,0.0035699340668677026,0.18906554816649332,20,False
FXYD5,4_minus_3,96.0,0.7561664581298828,0.8531108758388422,False,0.2606625092406972,3.889707057212747,20,False
DPP4,4_minus_3,87.0,0.7475000777680043,0.8531108758388422,False,-0.006221988934997792,0.0,20,False
ADGRV1,4_minus_3,96.0,0.7561664581298828,0.8531108758388422,False,0.04119486502452016,0.22937771490145523,20,False
UGDH,4_minus_3,96.0,0.7561664581298828,0.8531108758388422,False,-0.0951288473249845,-35.19027382247565,20,False
DNM3,4_minus_3,96.0,0.7561664581298828,0.8531108758388422,False,0.10731863496710015,0.6355903589501641,20,False
TEX33,4_minus_3,96.0,0.7561664581298828,0.8531108758388422,False,-0.1571147146859684,0.0,20,False
CRX,4_minus_3,96.0,0.7561664581298828,0.8531108758388422,False,0.004709594350217665,0.30094125685107265,20,False
UBE2Z,4_minus_3,96.0,0.7561664581298828,0.8531108758388422,False,0.19080453977917633,0.7747848125216554,20,False
TMED4,4_minus_3,96.0,0.7561664581298828,0.8531108758388422,False,-0.021120995358340097,-1.0078648700733213,20,False
DSG2,4_minus_3,96.0,0.7561664581298828,0.8531108758388422,False,-0.17106910809369824,0.0,20,False
FASLG,4_minus_3,96.0,0.7561664581298828,0.8531108758388422,False,-0.03705076444468893,-31.465831812938823,20,False
ARID3A,4_minus_3,96.0,0.7561664581298828,0.8531108758388422,False,0.04219877838491169,1.0178170413138679,20,False
CDNF,4_minus_3,96.0,0.7561664581298828,0.8531108758388422,False,0.0580774101276664,1.3422089028021646,20,False
DLL1,4_minus_3,96.0,0.7561664581298828,0.8531108758388422,False,-0.01404731907748491,-0.1409840445999274,20,False
GP1BB,4_minus_3,96.0,0.7561664581298828,0.8531108758388422,False,0.06698984593978202,0.0,20,False
ENSA,4_minus_3,96.0,0.7561664581298828,0.8531108758388422,False,0.05471568212729053,0.397253362614924,20,False
FGF12,4_minus_3,96.0,0.7561664581298828,0.8531108758388422,False,0.09448014477710942,0.0,20,False
HK2,4_minus_3,96.0,0.7561664581298828,0.8531108758388422,False,-0.13541022591365393,-33.6938215700532,20,False
EVI2B,4_minus_3,87.0,0.7475000777680043,0.8531108758388422,False,0.050618946811425786,0.0,20,False
ITGB1BP2,4_minus_3,96.0,0.7561664581298828,0.8531108758388422,False,0.21025039574751603,0.39707608592558885,20,False
TXNL1,4_minus_3,96.0,0.7561664581298828,0.8531108758388422,False,0.3348996938691776,2.8377406760772774,20,False
SCGB3A2,4_minus_3,96.0,0.7561664581298828,0.8531108758388422,False,0.07823098122487479,0.0,20,False
PAIP2B,4_minus_3,87.0,0.7475000777680043,0.8531108758388422,False,-0.25298605084137293,0.0,20,False
NECTIN1,4_minus_3,96.0,0.7561664581298828,0.8531108758388422,False,0.04926286790536763,1.1840521934109607,20,False
MAP3K5,4_minus_3,96.0,0.7561664581298828,0.8531108758388422,False,0.16598029687259827,0.5119501818690124,20,False
OPHN1,4_minus_3,96.0,0.7561664581298828,0.8531108758388422,False,0.0726389710583103,0.23101990782423784,20,False
RGCC,4_minus_3,96.0,0.7561664581298828,0.8531108758388422,False,0.07699233248366473,0.32502709833089977,20,False
NCAM1,4_minus_3,96.0,0.7561664581298828,0.8531108758388422,False,-0.04085429343140115,0.0,20,False
SIRPA,4_minus_3,96.0,0.7561664581298828,0.8531108758388422,False,-0.007964112012990895,-0.11162003871230425,20,False
RUVBL1,4_minus_3,96.0,0.7561664581298828,0.8531108758388422,False,0.07150328783248439,33.86618727316512,20,False
REST,4_minus_3,87.0,0.7475000777680043,0.8531108758388422,False,-0.09905809344063898,0.0,20,False
MYO9B,4_minus_3,96.0,0.7561664581298828,0.8531108758388422,False,0.254189250081303,0.6893436817662688,20,False
RAC3,4_minus_3,96.0,0.7561664581298828,0.8531108758388422,False,0.0007878645477625013,0.0,20,False
PDXDC1,4_minus_3,87.0,0.7475000777680043,0.8531108758388422,False,-0.12906330240756614,-35.106346543550245,20,False
NOTCH2,4_minus_3,96.0,0.7561664581298828,0.8531108758388422,False,-0.03336454292640369,-34.150026809590244,20,False
KRT6C,4_minus_3,96.0,0.7561664581298828,0.8531108758388422,False,-0.03289075844447481,-32.753761911138994,20,False
PTH1R,4_minus_3,96.0,0.7561664581298828,0.8531108758388422,False,-0.023363740819460757,0.0,20,False
MICB_MICA,4_minus_3,96.0,0.7561664581298828,0.8531108758388422,False,0.052480283002694625,0.31111965047686463,20,False
HMMR,4_minus_3,88.0,0.7781771795228314,0.8696729457955888,False,0.20036627216016167,36.536065531118936,20,False
SMAD5,4_minus_3,97.0,0.7841262817382812,0.8696729457955888,False,-0.0185844706704194,0.0,20,False
HIF1A,4_minus_3,97.0,0.7841262817382812,0.8696729457955888,False,0.04549826544323335,0.6715152366755636,20,False
NCR1,4_minus_3,97.0,0.7841262817382812,0.8696729457955888,False,0.010692016387227242,1.0450268395207143,20,False
MTSS1,4_minus_3,97.0,0.7841262817382812,0.8696729457955888,False,-0.002529159314686197,-0.008363950692358436,20,False
TG,4_minus_3,97.0,0.7841262817382812,0.8696729457955888,False,-0.09614511401713205,0.0,20,False
AGR3,4_minus_3,97.0,0.7841262817382812,0.8696729457955888,False,0.22578538421303956,1.3139687777718307,20,False
TK1,4_minus_3,97.0,0.7841262817382812,0.8696729457955888,False,0.1074349303794101,2.508536905333689,20,False
AIF1,4_minus_3,97.0,0.7841262817382812,0.8696729457955888,False,-0.05621107091213645,0.0,20,False
NENF,4_minus_3,97.0,0.7841262817382812,0.8696729457955888,False,-0.1443241484895743,-36.01251771164808,20,False
FRMD4B,4_minus_3,97.0,0.7841262817382812,0.8696729457955888,False,0.20749536089916676,0.8207650619040562,20,False
GCNT1,4_minus_3,97.0,0.7841262817382812,0.8696729457955888,False,0.14194883708904632,1.173234567714163,20,False
MFAP3L,4_minus_3,97.0,0.7841262817382812,0.8696729457955888,False,-0.058149398500729144,-35.20378307234319,20,False
NXPE4,4_minus_3,97.0,0.7841262817382812,0.8696729457955888,False,0.32632171375132296,37.29168602683053,20,False
TNFRSF13C,4_minus_3,97.0,0.7841262817382812,0.8696729457955888,False,0.14501357048981234,36.04588321568721,20,False
UPK3BL1,4_minus_3,97.0,0.7841262817382812,0.8696729457955888,False,0.10660435272312034,0.0,20,False
CACNB3,4_minus_3,97.0,0.7841262817382812,0.8696729457955888,False,0.017197739876586016,0.05066107574471251,20,False
PNLIP,4_minus_3,97.0,0.7841262817382812,0.8696729457955888,False,0.0271382386658873,0.0,20,False
PMVK,4_minus_3,97.0,0.7841262817382812,0.8696729457955888,False,0.16189659781270782,0.30761888182656344,20,False
C2CD2L,4_minus_3,97.0,0.7841262817382812,0.8696729457955888,False,0.18989075908799277,1.1038417676449357,20,False
CHP1,4_minus_3,97.0,0.7841262817382812,0.8696729457955888,False,0.32980855424839817,2.4703750991662456,20,False
C1QTNF1,4_minus_3,97.0,0.7841262817382812,0.8696729457955888,False,0.07642947198339534,0.7231295417302905,20,False
TUBB3,4_minus_3,97.0,0.7841262817382812,0.8696729457955888,False,-0.11894244646137694,-1.3649778871106268,20,False
SHC1,4_minus_3,88.0,0.7781771795228314,0.8696729457955888,False,-0.2663253633100675,0.0,20,False
BRSK2,4_minus_3,97.0,0.7841262817382812,0.8696729457955888,False,0.0042985006948158475,0.33144643244655225,20,False
TRIM26,4_minus_3,88.0,0.7781771795228314,0.8696729457955888,False,-0.06652724162474954,0.0,20,False
CPA1,4_minus_3,97.0,0.7841262817382812,0.8696729457955888,False,0.0359683326776058,0.0,20,False
TRAF3IP2,4_minus_3,97.0,0.7841262817382812,0.8696729457955888,False,-0.0037406931564642615,-0.7377561056824984,20,False
DAPP1,4_minus_3,97.0,0.7841262817382812,0.8696729457955888,False,-0.07971016065242267,-0.17379571541845523,20,False
KLRC1,4_minus_3,97.0,0.7841262817382812,0.8696729457955888,False,-0.034327698885199986,-34.01223515305387,20,False
ATXN2L,4_minus_3,97.0,0.7841262817382812,0.8696729457955888,False,0.10055079376485115,1.1087657443584713,20,False
DSG3,4_minus_3,97.0,0.7841262817382812,0.8696729457955888,False,-0.04201610454667883,0.0,20,False
ART5,4_minus_3,97.0,0.7841262817382812,0.8696729457955888,False,0.13406200899810394,36.30913743402733,20,False
ID4,4_minus_3,97.0,0.7841262817382812,0.8696729457955888,False,-0.09144726723410761,-1.3183897976955576,20,False
CCDC28A,4_minus_3,97.0,0.7841262817382812,0.8696729457955888,False,-0.044113476326468115,0.0,20,False
KLHL41,4_minus_3,97.0,0.7841262817382812,0.8696729457955888,False,-0.04003243911321904,-0.6585661236172405,20,False
LCAT,4_minus_3,97.0,0.7841262817382812,0.8696729457955888,False,0.03138497536212735,0.42854547564476775,20,False
LIF,4_minus_3,97.0,0.7841262817382812,0.8696729457955888,False,-0.12136274531720395,0.0,20,False
LEG1,4_minus_3,97.0,0.7841262817382812,0.8696729457955888,False,0.0722431396608927,0.4481374454017895,20,False
SAA4,4_minus_3,97.0,0.7841262817382812,0.8696729457955888,False,-0.06205639110664551,-35.05426389940195,20,False
LEP,4_minus_3,97.0,0.7841262817382812,0.8696729457955888,False,-0.04675556744179399,-2.49807177633897,20,False
ITGB1BP1,4_minus_3,97.0,0.7841262817382812,0.8696729457955888,False,-0.2786361805473215,0.0,20,False
KLK12,4_minus_3,97.0,0.7841262817382812,0.8696729457955888,False,0.010521710330918949,0.1020416643336129,20,False
DCUN1D2,4_minus_3,89.0,0.8092039689931078,0.8890757080742324,False,0.03594205363889019,0.0,20,False
BRK1,4_minus_3,98.0,0.8123550415039062,0.8890757080742324,False,0.0495507855976976,0.27694041999727126,20,False
SNX5,4_minus_3,98.0,0.8123550415039062,0.8890757080742324,False,-0.09075164467582289,-35.29431356839896,20,False
DYNC1H1,4_minus_3,98.0,0.8123550415039062,0.8890757080742324,False,-0.012808351881453517,-0.5797049192569441,20,False
GRK5,4_minus_3,98.0,0.8123550415039062,0.8890757080742324,False,0.01406385471996735,0.0,20,False
DUSP3,4_minus_3,98.0,0.8123550415039062,0.8890757080742324,False,0.2456785414656445,1.6883694016632067,20,False
BIN2,4_minus_3,98.0,0.8123550415039062,0.8890757080742324,False,-0.14557231198981802,-0.4935546700267555,20,False
MYLPF,4_minus_3,98.0,0.8123550415039062,0.8890757080742324,False,0.1249129070517319,35.905682492409035,20,False
ADAM22,4_minus_3,98.0,0.8123550415039062,0.8890757080742324,False,0.004489662260985794,0.0,20,False
TAP1,4_minus_3,98.0,0.8123550415039062,0.8890757080742324,False,0.07504334319001471,0.0,20,False
CPB2,4_minus_3,98.0,0.8123550415039062,0.8890757080742324,False,0.011190166779763505,0.09503837155107958,20,False
CRYBB2,4_minus_3,98.0,0.8123550415039062,0.8890757080742324,False,-0.00341187942010766,0.0,20,False
PCOLCE,4_minus_3,89.0,0.8092039689931078,0.8890757080742324,False,-0.0921397744869653,0.0,20,False
SUMF1,4_minus_3,98.0,0.8123550415039062,0.8890757080742324,False,-0.0578249783095348,-35.162297640252646,20,False
FCER1A,4_minus_3,98.0,0.8123550415039062,0.8890757080742324,False,-0.008950883046185104,0.0,20,False
BTLA,4_minus_3,89.0,0.8092039689931078,0.8890757080742324,False,-0.049439291158165005,0.0,20,False
CHMP6,4_minus_3,98.0,0.8123550415039062,0.8890757080742324,False,-0.050332470283831754,-0.9867435374233614,20,False
PSPN,4_minus_3,98.0,0.8123550415039062,0.8890757080742324,False,0.08844905784870671,0.33763647572679856,20,False
ADA2,4_minus_3,98.0,0.8123550415039062,0.8890757080742324,False,-0.01033953577174404,-0.14857184484321106,20,False
CASQ2,4_minus_3,98.0,0.8123550415039062,0.8890757080742324,False,-0.03991525018914305,-32.3690647048396,20,False
LYPD8,4_minus_3,98.0,0.8123550415039062,0.8890757080742324,False,0.2562291788846647,37.4607489564151,20,False
CCL23,4_minus_3,98.0,0.8123550415039062,0.8890757080742324,False,-0.01233412123444911,0.0,20,False
RNF4,4_minus_3,98.0,0.8123550415039062,0.8890757080742324,False,-0.02297261085917062,-1.2504945419311124,20,False
KHDC3L,4_minus_3,89.0,0.8092039689931078,0.8890757080742324,False,-0.03749648050798421,0.0,20,False
ICAM5,4_minus_3,98.0,0.8123550415039062,0.8890757080742324,False,0.09042580377444717,0.0,20,False
NHLRC3,4_minus_3,98.0,0.8123550415039062,0.8890757080742324,False,-0.070301732009969,-1.9688833544177675,20,False
MANSC4,4_minus_3,98.0,0.8123550415039062,0.8890757080742324,False,0.015685551793733696,0.17702122982155075,20,False
SLITRK1,4_minus_3,98.0,0.8123550415039062,0.8890757080742324,False,0.027868563563174548,0.0,20,False
SMPD3,4_minus_3,98.0,0.8123550415039062,0.8890757080742324,False,-0.12016160044621349,-1.093000275329774,20,False
CDKL5,4_minus_3,98.0,0.8123550415039062,0.8890757080742324,False,0.0036745241531523642,0.0,20,False
LAMP1,4_minus_3,98.0,0.8123550415039062,0.8890757080742324,False,-0.00488223461671001,-0.29980844063719436,20,False
MEP1B,4_minus_3,98.0,0.8123550415039062,0.8890757080742324,False,-0.02006517945806585,0.0,20,False
AFAP1,4_minus_3,98.0,0.8123550415039062,0.8890757080742324,False,-0.02967990170013736,-0.15585860354150619,20,False
TNR,4_minus_3,98.0,0.8123550415039062,0.8890757080742324,False,0.04294148791020877,0.7944457001726833,20,False
DUSP13,4_minus_3,99.0,0.8408222198486328,0.9068385182281693,False,-0.0609053342181434,0.0,20,False
SUSD5,4_minus_3,99.0,0.8408222198486328,0.9068385182281693,False,0.03274983890223915,34.17129905411229,20,False
OSCAR,4_minus_3,99.0,0.8408222198486328,0.9068385182281693,False,0.046498793211754035,0.5208124747649356,20,False
FABP6,4_minus_3,99.0,0.8408222198486328,0.9068385182281693,False,-0.05126450535093369,0.0,20,False
SV2A,4_minus_3,99.0,0.8408222198486328,0.9068385182281693,False,0.17562361022259454,3.322309388590553,20,False
BAX,4_minus_3,99.0,0.8408222198486328,0.9068385182281693,False,0.15073860415838608,5.888807450657978,20,False
SLC39A14,4_minus_3,99.0,0.8408222198486328,0.9068385182281693,False,0.0677666542031935,0.7390933732213529,20,False
IL12A_IL12B,4_minus_3,99.0,0.8408222198486328,0.9068385182281693,False,0.22418939702388244,36.75993463307064,20,False
DIABLO,4_minus_3,99.0,0.8408222198486328,0.9068385182281693,False,0.015112054766286687,0.06523113779783142,20,False
PROK1,4_minus_3,99.0,0.8408222198486328,0.9068385182281693,False,0.008357996809641192,0.0,20,False
SERPINF1,4_minus_3,99.0,0.8408222198486328,0.9068385182281693,False,0.0283207089517845,0.4134906661720579,20,False
CALB2,4_minus_3,99.0,0.8408222198486328,0.9068385182281693,False,-0.08374576483692797,-2.8740245820799943,20,False
CD3D,4_minus_3,99.0,0.8408222198486328,0.9068385182281693,False,-0.056669151761065836,-0.6785028018057431,20,False
CACNB1,4_minus_3,99.0,0.8408222198486328,0.9068385182281693,False,-0.16999657364689252,-32.26053048521954,20,False
CD7,4_minus_3,99.0,0.8408222198486328,0.9068385182281693,False,-0.0304190416351094,-1.1015640917880205,20,False
KIR3DL2,4_minus_3,90.0,0.8405336616716674,0.9068385182281693,False,0.02410232363682846,0.0,20,False
DLG4,4_minus_3,99.0,0.8408222198486328,0.9068385182281693,False,-0.030096938266909165,-0.12395803010992565,20,False
SHD,4_minus_3,99.0,0.8408222198486328,0.9068385182281693,False,0.025950101566345668,0.0,20,False
RBM17,4_minus_3,99.0,0.8408222198486328,0.9068385182281693,False,0.11626538321115876,0.9315744196380629,20,False
JUN,4_minus_3,99.0,0.8408222198486328,0.9068385182281693,False,-0.013684622229352059,0.0,20,False
COMP,4_minus_3,90.0,0.8405336616716674,0.9068385182281693,False,-0.00599263711630545,-0.5222945709512762,20,False
SIGLEC9,4_minus_3,99.0,0.8408222198486328,0.9068385182281693,False,-0.0007394977006008191,-0.02877442535125697,20,False
DCC,4_minus_3,99.0,0.8408222198486328,0.9068385182281693,False,0.048585219801238644,34.8920894810661,20,False
BHMT2,4_minus_3,99.0,0.8408222198486328,0.9068385182281693,False,0.07659164722242037,1.704499262297203,20,False
DCUN1D1,4_minus_3,99.0,0.8408222198486328,0.9068385182281693,False,0.22327419065180587,1.0978768770674026,20,False
RARRES1,4_minus_3,99.0,0.8408222198486328,0.9068385182281693,False,0.12893847723794874,36.23504064102181,20,False
COX6B1,4_minus_3,99.0,0.8408222198486328,0.9068385182281693,False,0.13306325296880245,0.8975153611224482,20,False
ITGA2,4_minus_3,99.0,0.8408222198486328,0.9068385182281693,False,-0.003787559155214143,-0.16998553001274497,20,False
MMP10,4_minus_3,99.0,0.8408222198486328,0.9068385182281693,False,-0.02497260173646121,-0.7487127304094359,20,False
GBP2,4_minus_3,99.0,0.8408222198486328,0.9068385182281693,False,0.07380783569148366,0.2728974711675781,20,False
GH2,4_minus_3,99.0,0.8408222198486328,0.9068385182281693,False,0.3233615957185501,1.3926349871650356,20,False
ADGRE1,4_minus_3,99.0,0.8408222198486328,0.9068385182281693,False,-0.059776553785324205,-0.23832419525158818,20,False
ALDH2,4_minus_3,99.0,0.8408222198486328,0.9068385182281693,False,0.0933915907546996,0.4980595327148313,20,False
AGER,4_minus_3,99.0,0.8408222198486328,0.9068385182281693,False,-0.03189022913658629,-34.11135473910395,20,False
TGFB2,4_minus_3,99.0,0.8408222198486328,0.9068385182281693,False,-0.06371313613999297,-0.7884243298148249,20,False
GPHA2,4_minus_3,99.0,0.8408222198486328,0.9068385182281693,False,0.0261361843696285,1.6844609227814151,20,False
RPS10,4_minus_3,99.0,0.8408222198486328,0.9068385182281693,False,-0.014130566093764424,-0.23466012769970596,20,False
IL4,4_minus_3,99.0,0.8408222198486328,0.9068385182281693,False,0.19725458570547505,1.1619971458605525,20,False
LTO1,4_minus_3,100.0,0.8694877624511719,0.9278050545898068,False,0.008612426650224853,0.0,20,False
DSCAM,4_minus_3,100.0,0.8694877624511719,0.9278050545898068,False,0.021386954781984283,0.11788263724320755,20,False
SESTD1,4_minus_3,100.0,0.8694877624511719,0.9278050545898068,False,0.12111559059263341,0.6333280460487227,20,False
LYPD1,4_minus_3,100.0,0.8694877624511719,0.9278050545898068,False,-0.010310882487958035,-0.3050790797693172,20,False
ITGA6,4_minus_3,100.0,0.8694877624511719,0.9278050545898068,False,-0.05527199431789595,-34.09873057614536,20,False
DOC2B,4_minus_3,100.0,0.8694877624511719,0.9278050545898068,False,-0.18021667727449722,0.0,20,False
LXN,4_minus_3,100.0,0.8694877624511719,0.9278050545898068,False,0.058745486789560625,0.0,20,False
CSDE1,4_minus_3,100.0,0.8694877624511719,0.9278050545898068,False,0.19519342887984387,0.8210262618781056,20,False
PNMA1,4_minus_3,100.0,0.8694877624511719,0.9278050545898068,False,0.09884097508318151,0.27568654003480403,20,False
DCBLD2,4_minus_3,100.0,0.8694877624511719,0.9278050545898068,False,0.011225106333979357,0.1862065588191014,20,False
PHACTR2,4_minus_3,100.0,0.8694877624511719,0.9278050545898068,False,-0.1258806142669489,-35.99692241325346,20,False
MSTN,4_minus_3,100.0,0.8694877624511719,0.9278050545898068,False,-0.04946962205787176,0.0,20,False
LIPF,4_minus_3,100.0,0.8694877624511719,0.9278050545898068,False,0.04606562696870661,0.0,20,False
ANGPTL3,4_minus_3,100.0,0.8694877624511719,0.9278050545898068,False,-0.06959706946765165,-35.04173704372031,20,False
BTC,4_minus_3,100.0,0.8694877624511719,0.9278050545898068,False,-0.2308609243763256,-36.3790190241377,20,False
BRD2,4_minus_3,100.0,0.8694877624511719,0.9278050545898068,False,0.0630000551547015,0.4763318313494085,20,False
IL18BP,4_minus_3,100.0,0.8694877624511719,0.9278050545898068,False,-0.023695143667110792,-0.5719093568192241,20,False
RYR1,4_minus_3,100.0,0.8694877624511719,0.9278050545898068,False,0.11308044508859048,34.68768478592041,20,False
LEPR,4_minus_3,100.0,0.8694877624511719,0.9278050545898068,False,0.058405431351070736,34.081186351762604,20,False
IL22RA1,4_minus_3,100.0,0.8694877624511719,0.9278050545898068,False,0.1523770464427507,1.9017380083205628,20,False
CNST,4_minus_3,100.0,0.8694877624511719,0.9278050545898068,False,0.060971241128437915,0.3794626303409349,20,False
EREG,4_minus_3,100.0,0.8694877624511719,0.9278050545898068,False,0.020959325213239996,0.8291796620760293,20,False
CMC1,4_minus_3,100.0,0.8694877624511719,0.9278050545898068,False,0.10633297619638477,0.9616506034800791,20,False
TBR1,4_minus_3,100.0,0.8694877624511719,0.9278050545898068,False,0.029192731162718588,0.20930500643395514,20,False
FKBP1B,4_minus_3,100.0,0.8694877624511719,0.9278050545898068,False,-0.09214570336368244,-0.9914147746576294,20,False
PROS1,4_minus_3,100.0,0.8694877624511719,0.9278050545898068,False,-0.02373568599057252,-2.947360630381349,20,False
CLPP,4_minus_3,100.0,0.8694877624511719,0.9278050545898068,False,0.22499964880518503,36.86615417159137,20,False
NEO1,4_minus_3,100.0,0.8694877624511719,0.9278050545898068,False,0.03741825098595855,0.0,20,False
MORN4,4_minus_3,91.0,0.8721180313900541,0.9292033206183852,False,-0.0120498525963591,0.0,20,False
MRPL52,4_minus_3,91.0,0.8721180313900541,0.9292033206183852,False,0.001184226398468248,0.0,20,False
F10,4_minus_3,91.0,0.8721180313900541,0.9292033206183852,False,-0.014202090895846745,-0.4569748087972806,20,False
CREB3,4_minus_3,91.0,0.8721180313900541,0.9292033206183852,False,-0.12328557575183291,0.0,20,False
ACADM,4_minus_3,101.0,0.8983173370361328,0.9435515184982283,False,-0.13258832993908404,-2.925526300852096,20,False
TSPAN15,4_minus_3,101.0,0.8983173370361328,0.9435515184982283,False,-0.01182057849728771,-0.4538945601077292,20,False
HLA-E,4_minus_3,101.0,0.8983173370361328,0.9435515184982283,False,0.1495531740958222,36.259536079855174,20,False
GHRL,4_minus_3,101.0,0.8983173370361328,0.9435515184982283,False,0.002267110850775647,0.0,20,False
HADH,4_minus_3,101.0,0.8983173370361328,0.9435515184982283,False,0.10555186768598206,0.8215300923218419,20,False
SOST,4_minus_3,101.0,0.8983173370361328,0.9435515184982283,False,-0.029887702911186566,0.0,20,False
JCHAIN,4_minus_3,101.0,0.8983173370361328,0.9435515184982283,False,0.0011341129410334053,0.015722884329093217,20,False
PBLD,4_minus_3,101.0,0.8983173370361328,0.9435515184982283,False,0.06660753465305627,0.2914638956687795,20,False
MAX,4_minus_3,101.0,0.8983173370361328,0.9435515184982283,False,0.013333166288091947,0.06506774501977713,20,False
KIR2DL3,4_minus_3,101.0,0.8983173370361328,0.9435515184982283,False,0.11932896802771606,0.5787278796146207,20,False
F7,4_minus_3,101.0,0.8983173370361328,0.9435515184982283,False,0.0181224795073702,0.18848411523597836,20,False
SKIV2L,4_minus_3,101.0,0.8983173370361328,0.9435515184982283,False,0.06251805347567528,0.6899518608016436,20,False
MAGED1,4_minus_3,101.0,0.8983173370361328,0.9435515184982283,False,0.1068147014586801,0.0,20,False
IL31RA,4_minus_3,101.0,0.8983173370361328,0.9435515184982283,False,0.05895405315504489,0.7441846218374137,20,False
IL13RA2,4_minus_3,101.0,0.8983173370361328,0.9435515184982283,False,0.282632355589323,1.381994689401495,20,False
DTD1,4_minus_3,101.0,0.8983173370361328,0.9435515184982283,False,0.12523434189448565,0.2719009249580663,20,False
ATP5F1D,4_minus_3,101.0,0.8983173370361328,0.9435515184982283,False,0.030793185712875426,0.443462741078601,20,False
CDC42BPB,4_minus_3,101.0,0.8983173370361328,0.9435515184982283,False,0.18245216875426284,0.4294370055228541,20,False
LRIG3,4_minus_3,101.0,0.8983173370361328,0.9435515184982283,False,-0.11654147607377352,-1.1942535832475976,20,False
SLIT2,4_minus_3,101.0,0.8983173370361328,0.9435515184982283,False,0.2277096610640904,3.0111256213185684,20,False
IGFBP3,4_minus_3,101.0,0.8983173370361328,0.9435515184982283,False,-0.009453271935095264,-0.40523640315625176,20,False
SCIN,4_minus_3,101.0,0.8983173370361328,0.9435515184982283,False,0.02493119643584525,0.1914393337486039,20,False
HSD17B3,4_minus_3,101.0,0.8983173370361328,0.9435515184982283,False,-0.23742063164721836,-34.65845403923321,20,False
IFNG,4_minus_3,101.0,0.8983173370361328,0.9435515184982283,False,0.26294643526769046,37.27528679609779,20,False
NME1,4_minus_3,101.0,0.8983173370361328,0.9435515184982283,False,0.11164212175008095,1.3791560964022391,20,False
PTPN9,4_minus_3,101.0,0.8983173370361328,0.9435515184982283,False,0.014897473018615215,0.4447451455659907,20,False
ARHGAP45,4_minus_3,101.0,0.8983173370361328,0.9435515184982283,False,0.05591721587543974,0.20741676265178458,20,False
TNFSF9,4_minus_3,101.0,0.8983173370361328,0.9435515184982283,False,0.08404560458273254,2.17561214579862,20,False
VEGFB,4_minus_3,101.0,0.8983173370361328,0.9435515184982283,False,-0.008729610964852554,-0.4815510571139456,20,False
LRRC37A2,4_minus_3,101.0,0.8983173370361328,0.9435515184982283,False,-0.013014558409108042,-0.14680253627154688,20,False
TNXB,4_minus_3,101.0,0.8983173370361328,0.9435515184982283,False,0.005402740200847855,0.0,20,False
IL6R,4_minus_3,101.0,0.8983173370361328,0.9435515184982283,False,0.013364581901034095,0.4464352668553494,20,False
DKKL1,4_minus_3,101.0,0.8983173370361328,0.9435515184982283,False,0.07475468630475213,0.0,20,False
OTOA,4_minus_3,101.0,0.8983173370361328,0.9435515184982283,False,0.13176784918743206,0.8261124567021911,20,False
CCL27,4_minus_3,101.0,0.8983173370361328,0.9435515184982283,False,-0.006574662639160386,0.0,20,False
DHODH,4_minus_3,101.0,0.8983173370361328,0.9435515184982283,False,0.41737884771197165,1.868600948017653,20,False
IL10,4_minus_3,101.0,0.8983173370361328,0.9435515184982283,False,-0.07706114748873372,-0.6588560571400278,20,False
NRXN3,4_minus_3,101.0,0.8983173370361328,0.9435515184982283,False,-0.07107165071690329,-31.929460166314385,20,False
ITGAX,4_minus_3,92.0,0.9039076325167246,0.9483621062470553,False,-0.1604949722494814,0.0,20,False
CREBZF,4_minus_3,92.0,0.9039076325167246,0.9483621062470553,False,0.09108066797324188,33.32208007703385,20,False
KIAA1549,4_minus_3,92.0,0.9039076325167246,0.9483621062470553,False,-0.01482045168464624,0.0,20,False
MAP1LC3B2,4_minus_3,102.0,0.9272785186767578,0.9600059958065257,False,0.12460432969754304,35.472967255815966,20,False
SPACA5_SPACA5B,4_minus_3,102.0,0.9272785186767578,0.9600059958065257,False,-0.024980100609850897,0.0,20,False
PPP2R5A,4_minus_3,102.0,0.9272785186767578,0.9600059958065257,False,0.3350429500663411,1.2823095347775213,20,False
LRTM1,4_minus_3,102.0,0.9272785186767578,0.9600059958065257,False,0.12366817121889986,0.9621494794900627,20,False
GYS1,4_minus_3,102.0,0.9272785186767578,0.9600059958065257,False,0.06317736451427317,0.3742824635607997,20,False
PLTP,4_minus_3,102.0,0.9272785186767578,0.9600059958065257,False,-0.052426389913331484,0.0,20,False
MELTF,4_minus_3,102.0,0.9272785186767578,0.9600059958065257,False,-0.08043044412079778,0.0,20,False
POLR2A,4_minus_3,102.0,0.9272785186767578,0.9600059958065257,False,-0.3175875191716273,-29.949231561151297,20,False
CDH3,4_minus_3,102.0,0.9272785186767578,0.9600059958065257,False,-0.038126881298249066,-0.550970795209997,20,False
CINP,4_minus_3,102.0,0.9272785186767578,0.9600059958065257,False,0.12125375244579796,35.14907585570579,20,False
SELP,4_minus_3,102.0,0.9272785186767578,0.9600059958065257,False,-0.03978464217282077,-0.5947710475008057,20,False
CLSPN,4_minus_3,102.0,0.9272785186767578,0.9600059958065257,False,0.006663711915118262,0.07026591913933529,20,False
ADRA2A,4_minus_3,102.0,0.9272785186767578,0.9600059958065257,False,-0.11238033749272114,-1.0189725671956122,20,False
SCPEP1,4_minus_3,102.0,0.9272785186767578,0.9600059958065257,False,0.017320328183114686,0.2951163772872321,20,False
LPO,4_minus_3,102.0,0.9272785186767578,0.9600059958065257,False,0.16488252502860945,35.609878759235976,20,False
DOK1,4_minus_3,102.0,0.9272785186767578,0.9600059958065257,False,0.15086438299620514,0.3297472805569711,20,False
SELE,4_minus_3,102.0,0.9272785186767578,0.9600059958065257,False,-0.040229902541101495,-0.2863322899523649,20,False
NTRK2,4_minus_3,102.0,0.9272785186767578,0.9600059958065257,False,0.08849955525823093,33.406462576584396,20,False
MST1,4_minus_3,102.0,0.9272785186767578,0.9600059958065257,False,-0.028401679423199308,-0.6948272305550023,20,False
ATRN,4_minus_3,102.0,0.9272785186767578,0.9600059958065257,False,-0.006445206616934908,-5.978320212521506,20,False
RNF168,4_minus_3,102.0,0.9272785186767578,0.9600059958065257,False,0.140176841636099,35.4043261951261,20,False
LRP2,4_minus_3,102.0,0.9272785186767578,0.9600059958065257,False,0.15860510756768256,0.9272341131148647,20,False
ITGA11,4_minus_3,102.0,0.9272785186767578,0.9600059958065257,False,0.045269320879141484,0.0,20,False
ANPEP,4_minus_3,102.0,0.9272785186767578,0.9600059958065257,False,-0.028660347709109357,-32.88515977476536,20,False
NCAM2,4_minus_3,102.0,0.9272785186767578,0.9600059958065257,False,-0.1195421464563046,0.0,20,False
RTN4R,4_minus_3,102.0,0.9272785186767578,0.9600059958065257,False,0.02936425452724375,0.38680392385789375,20,False
FZD8,4_minus_3,102.0,0.9272785186767578,0.9600059958065257,False,0.035792786701170115,0.3862459119373705,20,False
GFRA2,4_minus_3,102.0,0.9272785186767578,0.9600059958065257,False,0.07041243693808255,34.06692607170565,20,False
SNED1,4_minus_3,102.0,0.9272785186767578,0.9600059958065257,False,-0.06271657209057115,0.0,20,False
VSNL1,4_minus_3,102.0,0.9272785186767578,0.9600059958065257,False,0.043761205090848826,0.0,20,False
CUZD1,4_minus_3,102.0,0.9272785186767578,0.9600059958065257,False,0.02581515445463728,0.7394560349054689,20,False
GP2,4_minus_3,102.0,0.9272785186767578,0.9600059958065257,False,0.055181522232043284,0.0,20,False
CSF3,4_minus_3,102.0,0.9272785186767578,0.9600059958065257,False,0.05843528648525981,0.388135990704619,20,False
CRELD1,4_minus_3,102.0,0.9272785186767578,0.9600059958065257,False,-0.001967179249272283,-0.019851854000328375,20,False
ITGBL1,4_minus_3,102.0,0.9272785186767578,0.9600059958065257,False,0.04579831052728345,34.684807167909845,20,False
AKR1B10,4_minus_3,102.0,0.9272785186767578,0.9600059958065257,False,0.06641558736014055,0.0,20,False
GJA8,4_minus_3,93.0,0.9358520318812181,0.9685260278491401,False,-0.06357569276128117,0.0,20,False
ADAMTS4,4_minus_3,103.0,0.956329345703125,0.9750265885228095,False,0.009690030616776951,0.09788762225544641,20,False
REPS1,4_minus_3,103.0,0.956329345703125,0.9750265885228095,False,0.2935021906959522,2.154780138090195,20,False
AGR2,4_minus_3,103.0,0.956329345703125,0.9750265885228095,False,-0.10795782696122606,-35.679182909427965,20,False
PSTPIP2,4_minus_3,103.0,0.956329345703125,0.9750265885228095,False,0.077140226764153,0.21249793945078604,20,False
WFDC1,4_minus_3,103.0,0.956329345703125,0.9750265885228095,False,-0.02201418334457555,0.0,20,False
AMFR,4_minus_3,103.0,0.956329345703125,0.9750265885228095,False,0.1037962205614284,2.0821561016583248,20,False
SCGB3A1,4_minus_3,103.0,0.956329345703125,0.9750265885228095,False,0.03180960930119678,32.79155927535258,20,False
BOC,4_minus_3,103.0,0.956329345703125,0.9750265885228095,False,0.0002585457267067909,0.0,20,False
AKT3,4_minus_3,103.0,0.956329345703125,0.9750265885228095,False,0.03165807801517892,0.2590556110951231,20,False
RAB39B,4_minus_3,103.0,0.956329345703125,0.9750265885228095,False,0.11215081173305899,36.13267847273691,20,False
RGL2,4_minus_3,103.0,0.956329345703125,0.9750265885228095,False,0.1400587859816089,2.0434320092016613,20,False
RAB37,4_minus_3,103.0,0.956329345703125,0.9750265885228095,False,0.02484365122167817,0.0943728745228402,20,False
RABEPK,4_minus_3,103.0,0.956329345703125,0.9750265885228095,False,-0.005536583482145391,-0.049610997599667535,20,False
SCARF2,4_minus_3,103.0,0.956329345703125,0.9750265885228095,False,-0.023675947832549782,0.0,20,False
KLK15,4_minus_3,103.0,0.956329345703125,0.9750265885228095,False,-0.1467093704234123,0.0,20,False
PSMA1,4_minus_3,103.0,0.956329345703125,0.9750265885228095,False,0.22906036651156528,1.9124484475259,20,False
PDE4D,4_minus_3,103.0,0.956329345703125,0.9750265885228095,False,-0.0061742036109223575,0.0,20,False
DAND5,4_minus_3,103.0,0.956329345703125,0.9750265885228095,False,0.0371040369597217,0.16561864037449853,20,False
DCTN6,4_minus_3,103.0,0.956329345703125,0.9750265885228095,False,-0.027536673078634354,-0.516388724839901,20,False
OFD1,4_minus_3,103.0,0.956329345703125,0.9750265885228095,False,0.012424993778272525,0.0,20,False
ECI2,4_minus_3,103.0,0.956329345703125,0.9750265885228095,False,0.06068513417783633,0.6557548466987374,20,False
EIF1AX,4_minus_3,103.0,0.956329345703125,0.9750265885228095,False,0.03138264680117618,0.0,20,False
PDGFC,4_minus_3,103.0,0.956329345703125,0.9750265885228095,False,0.03965753106423249,0.4630199274913793,20,False
NDUFB7,4_minus_3,103.0,0.956329345703125,0.9750265885228095,False,0.1519594658248718,0.8461806290985251,20,False
GADD45B,4_minus_3,103.0,0.956329345703125,0.9750265885228095,False,-0.11036424537457154,-34.28951733712119,20,False
MINDY1,4_minus_3,103.0,0.956329345703125,0.9750265885228095,False,-0.08184326865535274,-0.961823778250606,20,False
HDAC8,4_minus_3,103.0,0.956329345703125,0.9750265885228095,False,0.031627302067871566,0.1511410149042786,20,False
IL24,4_minus_3,103.0,0.956329345703125,0.9750265885228095,False,-0.03103161091073789,-33.21573679597038,20,False
SYTL4,4_minus_3,103.0,0.956329345703125,0.9750265885228095,False,0.2377892950958599,1.5202635448189463,20,False
ITPRIP,4_minus_3,103.0,0.956329345703125,0.9750265885228095,False,0.06836256493359791,0.5091334289358047,20,False
FRMD7,4_minus_3,103.0,0.956329345703125,0.9750265885228095,False,-0.020965632543367904,0.0,20,False
SHH,4_minus_3,103.0,0.956329345703125,0.9750265885228095,False,-0.061418019669308876,0.0,20,False
A1BG,4_minus_3,103.0,0.956329345703125,0.9750265885228095,False,-0.004730302277147408,-0.07570301600607629,20,False
CLEC4M,4_minus_3,103.0,0.956329345703125,0.9750265885228095,False,0.09708687792022383,0.0,20,False
CD3E,4_minus_3,103.0,0.956329345703125,0.9750265885228095,False,-0.03277319608222549,-1.2171836719946565,20,False
SEZ6L2,4_minus_3,103.0,0.956329345703125,0.9750265885228095,False,0.013101232788858694,0.5613272942217234,20,False
TTF2,4_minus_3,103.0,0.956329345703125,0.9750265885228095,False,0.42279818063763086,1.897803686113546,20,False
CEACAM20,4_minus_3,103.0,0.956329345703125,0.9750265885228095,False,0.02047811411217465,0.12290927284476702,20,False
CLEC4C,4_minus_3,103.0,0.956329345703125,0.9750265885228095,False,0.018405105245877955,0.0,20,False
TXK,4_minus_3,103.0,0.956329345703125,0.9750265885228095,False,-0.12312419236127825,-0.7475773184311104,20,False
SH2B3,4_minus_3,103.0,0.956329345703125,0.9750265885228095,False,-0.02033895951220599,-0.10732508107332771,20,False
SLIRP,4_minus_3,94.0,0.9679000486136345,0.9846844425202294,False,0.06765668791037022,1.5843435506226506,20,False
PSMC3,4_minus_3,94.0,0.9679000486136345,0.9846844425202294,False,0.33803345850675676,37.025565261067484,20,False
CYTH3,4_minus_3,94.0,0.9679000486136345,0.9846844425202294,False,0.028363449231759458,0.0,20,False
ARHGAP5,4_minus_3,94.0,0.9679000486136345,0.9846844425202294,False,0.017925455184087724,0.0,20,False
PDE1C,4_minus_3,94.0,0.9679000486136345,0.9846844425202294,False,-0.01565260451816311,0.0,20,False
BSND,4_minus_3,94.0,0.9679000486136345,0.9846844425202294,False,-0.23396871075355505,0.0,20,False
NT5E,4_minus_3,104.0,0.9854354858398438,0.9924843805883404,False,0.01049908089561867,0.13544616180596938,20,False
LY75,4_minus_3,104.0,0.9854354858398438,0.9924843805883404,False,-0.03399525754473044,-0.5961324066023472,20,False
IL18RAP,4_minus_3,104.0,0.9854354858398438,0.9924843805883404,False,-0.008842445327975179,0.0,20,False
PRC1,4_minus_3,104.0,0.9854354858398438,0.9924843805883404,False,0.140367886106661,2.242280439099097,20,False
SEZ6,4_minus_3,104.0,0.9854354858398438,0.9924843805883404,False,0.043216587195439915,0.0,20,False
XRCC4,4_minus_3,104.0,0.9854354858398438,0.9924843805883404,False,-0.06546405001623559,-0.8831900088641612,20,False
FST,4_minus_3,104.0,0.9854354858398438,0.9924843805883404,False,0.03554210374722573,0.21089462254414718,20,False
CXCL14,4_minus_3,104.0,0.9854354858398438,0.9924843805883404,False,0.051604613486319964,0.0,20,False
SERPINH1,4_minus_3,104.0,0.9854354858398438,0.9924843805883404,False,-0.03399629931340771,-0.31801182323738786,20,False
WNT9A,4_minus_3,104.0,0.9854354858398438,0.9924843805883404,False,0.04007903329724266,0.0,20,False
TMED1,4_minus_3,104.0,0.9854354858398438,0.9924843805883404,False,0.26505503917947737,37.50207426200591,20,False
PTPRH,4_minus_3,104.0,0.9854354858398438,0.9924843805883404,False,0.033946906272569445,0.23811803119839758,20,False
PGM2,4_minus_3,104.0,0.9854354858398438,0.9924843805883404,False,0.08494507030299334,0.6986700607895214,20,False
TSPAN7,4_minus_3,104.0,0.9854354858398438,0.9924843805883404,False,0.08697876548521577,0.0,20,False
F12,4_minus_3,104.0,0.9854354858398438,0.9924843805883404,False,-0.009693313209411546,-0.09211840305936612,20,False
ART3,4_minus_3,104.0,0.9854354858398438,0.9924843805883404,False,-0.027082095738665247,0.0,20,False
SIRT5,4_minus_3,104.0,0.9854354858398438,0.9924843805883404,False,0.007351067457548405,0.06745474625308161,20,False
SLAMF6,4_minus_3,104.0,0.9854354858398438,0.9924843805883404,False,0.054931100266931696,0.5923336028435396,20,False
VEGFD,4_minus_3,104.0,0.9854354858398438,0.9924843805883404,False,-0.05108807857146935,-33.38729445860152,20,False
RHOC,4_minus_3,104.0,0.9854354858398438,0.9924843805883404,False,-0.03686323897741012,-0.25586886826311805,20,False
PDE5A,4_minus_3,104.0,0.9854354858398438,0.9924843805883404,False,-0.061168922233587913,-0.26870884052494537,20,False
VWC2L,4_minus_3,104.0,0.9854354858398438,0.9924843805883404,False,0.028904627957945545,0.0,20,False
PECR,4_minus_3,104.0,0.9854354858398438,0.9924843805883404,False,-0.014864174394634166,-28.09972487994571,20,False
PPM1B,4_minus_3,104.0,0.9854354858398438,0.9924843805883404,False,-0.018731002999761714,-33.57347509435543,20,False
ACE2,4_minus_3,104.0,0.9854354858398438,0.9924843805883404,False,0.0856437350317163,0.37158138908869603,20,False
PEPD,4_minus_3,104.0,0.9854354858398438,0.9924843805883404,False,-0.024131306156147343,0.0,20,False
ATP6AP2,4_minus_3,104.0,0.9854354858398438,0.9924843805883404,False,0.1038991676762526,1.1840272591075789,20,False
TCN1,4_minus_3,104.0,0.9854354858398438,0.9924843805883404,False,-0.06534596423274916,-34.68256944455039,20,False
TAB2,4_minus_3,105.0,1.0,1.0,False,0.18624686295907572,0.5588842786391621,20,False
SYNGAP1,4_minus_3,105.0,1.0,1.0,False,-0.061719164803024196,-34.827933073504006,20,False
CD209,4_minus_3,105.0,1.0,1.0,False,-0.0424089162837295,0.0,20,False
TACC3,4_minus_3,105.0,1.0,1.0,False,0.0818526221681676,0.2594589952517711,20,False
KAZN,4_minus_3,105.0,1.0,1.0,False,0.18043167780288127,0.4752477663325221,20,False
IL9,4_minus_3,105.0,1.0,1.0,False,0.19154572902144854,36.994752018310415,20,False
PLXNA4,4_minus_3,105.0,1.0,1.0,False,-0.0019125497433397642,-0.0064445824554265835,20,False
GLT8D2,4_minus_3,105.0,1.0,1.0,False,-0.11424644579275864,-2.131667019152327,20,False
MMP13,4_minus_3,105.0,1.0,1.0,False,0.17180192268311936,1.9276491849087802,20,False
SOD2,4_minus_3,105.0,1.0,1.0,False,-0.061811715004568696,0.0,20,False
MYH7B,4_minus_3,95.0,1.0,1.0,False,-0.0057600631112482426,0.0,20,False
FOLH1,4_minus_3,105.0,1.0,1.0,False,-0.010831831472306166,-0.07954129393095039,20,False
NAGPA,4_minus_3,105.0,1.0,1.0,False,0.04577597021142771,1.1865566928781885,20,False
TMPRSS15,4_minus_3,105.0,1.0,1.0,False,-0.046015493460934476,-0.1956145815983554,20,False
NMRK2,4_minus_3,95.0,1.0,1.0,False,-0.024602033768334197,0.0,20,False
ATP1B2,4_minus_3,105.0,1.0,1.0,False,-0.04349071684924271,0.0,20,False
NUDT15,4_minus_3,105.0,1.0,1.0,False,0.04079228200348265,3.1002379986583626,20,False
TNFSF10,4_minus_3,105.0,1.0,1.0,False,0.0416648682271512,1.4958177877443755,20,False
UNC5D,4_minus_3,105.0,1.0,1.0,False,0.010607829578982736,32.641270293587056,20,False
FKBP14,4_minus_3,105.0,1.0,1.0,False,-0.05504806643777216,-0.1819155540754755,20,False
