analyte_id,delta_comparison,W_statistic,p_value,q_value,significant,median_delta,log2fc,n_pairs,excluded
IGSF3,3_minus_2,0.0,5.820766091346741e-11,9.106265174018011e-09,True,1.601671798552556,38.91402832391493,35,False
FOLR1,3_minus_2,0.0,5.820766091346741e-11,9.106265174018011e-09,True,0.4770551286185012,36.27302340381685,35,False
TGFB1,3_minus_2,0.0,5.820766091346741e-11,9.106265174018011e-09,True,0.9762944022842476,38.737353279106735,35,False
FLT4,3_minus_2,0.0,5.820766091346741e-11,9.106265174018011e-09,True,0.8456706804728503,38.24793888378516,35,False
GDF15,3_minus_2,0.0,5.820766091346741e-11,9.106265174018011e-09,True,1.0354726606277262,38.50705900772146,35,False
CSF1R,3_minus_2,0.0,5.820766091346741e-11,9.106265174018011e-09,True,0.7500941403741374,38.28384766058138,35,False
GM2A,3_minus_2,0.0,5.820766091346741e-11,9.106265174018011e-09,True,0.397621081993957,36.61510410051753,35,False
NECTIN4,3_minus_2,0.0,5.820766091346741e-11,9.106265174018011e-09,True,1.0826334509120779,38.54572703915734,35,False
GRN,3_minus_2,0.0,5.820766091346741e-11,9.106265174018011e-09,True,0.9808810366317802,38.5297182523233,35,False
TFF2,3_minus_2,0.0,5.820766091346741e-11,9.106265174018011e-09,True,1.1028173497689804,39.18973414470243,35,False
CRIM1,3_minus_2,0.0,5.820766091346741e-11,9.106265174018011e-09,True,1.060490648839335,38.70463463010165,35,False
HAVCR1,3_minus_2,0.0,5.820766091346741e-11,9.106265174018011e-09,True,0.40419427668439556,3.002209365188661,35,False
CRH,3_minus_2,0.0,5.820766091346741e-11,9.106265174018011e-09,True,3.4655042102141236,41.184465983997924,35,False
SEMA3G,3_minus_2,0.0,5.820766091346741e-11,9.106265174018011e-09,True,0.3849797312798809,37.35242604860595,35,False
VWA1,3_minus_2,0.0,5.820766091346741e-11,9.106265174018011e-09,True,0.7063070128465957,37.469922794731765,35,False
SDC1,3_minus_2,0.0,5.820766091346741e-11,9.106265174018011e-09,True,1.746004995513774,38.65436454409474,35,False
INSL4,3_minus_2,0.0,5.820766091346741e-11,9.106265174018011e-09,True,1.1441495367762744,35.21667632298745,35,False
TFF3,3_minus_2,0.0,5.820766091346741e-11,9.106265174018011e-09,True,0.7850003930246117,37.790003258456935,35,False
PCDH7,3_minus_2,1.0,1.1641532182693481e-10,1.1708055223737444e-08,True,0.9404217461980258,38.044852011665846,35,False
SPINT1,3_minus_2,1.0,1.1641532182693481e-10,1.1708055223737444e-08,True,1.1244274758027806,37.79580583993451,35,False
NRCAM,3_minus_2,1.0,1.1641532182693481e-10,1.1708055223737444e-08,True,0.7984829031966163,37.34002725468706,35,False
DDR1,3_minus_2,1.0,1.1641532182693481e-10,1.1708055223737444e-08,True,0.9892757418346018,37.7214993280538,35,False
FAM171B,3_minus_2,1.0,1.1641532182693481e-10,1.1708055223737444e-08,True,0.5132954856275033,36.80916315011308,35,False
STC2,3_minus_2,1.0,1.1641532182693481e-10,1.1708055223737444e-08,True,-1.1750496158767394,-39.65229949204973,35,False
CSF2RA,3_minus_2,1.0,1.1641532182693481e-10,1.1708055223737444e-08,True,0.7271728291921781,37.0054476154141,35,False
LYPD3,3_minus_2,1.0,1.1641532182693481e-10,1.1708055223737444e-08,True,0.5243839546263562,37.471918101526526,35,False
TREML2,3_minus_2,1.0,1.1641532182693481e-10,1.1708055223737444e-08,True,0.7546394221266219,38.35662993596577,35,False
PRSS8,3_minus_2,1.0,1.1641532182693481e-10,1.1708055223737444e-08,True,0.8188267027222935,37.82511476773478,35,False
CD274,3_minus_2,2.0,1.7462298274040222e-10,1.5366822481155396e-08,True,0.8044947101874452,38.95725885919617,35,False
NID1,3_minus_2,2.0,1.7462298274040222e-10,1.5366822481155396e-08,True,0.6000357583910271,37.76532668952076,35,False
HSPB6,3_minus_2,2.0,1.7462298274040222e-10,1.5366822481155396e-08,True,0.6793077471898729,38.29456186177386,35,False
FGL1,3_minus_2,2.0,1.7462298274040222e-10,1.5366822481155396e-08,True,0.43634915157133947,37.724928405330616,35,False
TFPI2,3_minus_2,3.0,2.9103830456733704e-10,2.156747014899003e-08,True,0.6821294878642066,37.46066365411055,35,False
PRTG,3_minus_2,3.0,2.9103830456733704e-10,2.156747014899003e-08,True,0.539970991786592,37.688508768050625,35,False
TINAGL1,3_minus_2,3.0,2.9103830456733704e-10,2.156747014899003e-08,True,0.728495916768435,38.10992504586033,35,False
CKAP4,3_minus_2,3.0,2.9103830456733704e-10,2.156747014899003e-08,True,0.43129401742344353,37.698515050730286,35,False
DPEP2,3_minus_2,3.0,2.9103830456733704e-10,2.156747014899003e-08,True,0.7395308284445224,37.89526364446439,35,False
ST3GAL1,3_minus_2,3.0,2.9103830456733704e-10,2.156747014899003e-08,True,0.4897237359963983,36.683671135116754,35,False
ARTN,3_minus_2,4.0,4.0745362639427185e-10,2.942024133144281e-08,True,0.9156729081731263,37.99461473704893,35,False
SIL1,3_minus_2,5.0,5.820766091346741e-10,3.902685074579148e-08,True,0.5004585593233021,37.298829390646375,35,False
IGFBP4,3_minus_2,5.0,5.820766091346741e-10,3.902685074579148e-08,True,0.48212232009228195,36.304523524749726,35,False
IGFBPL1,3_minus_2,5.0,5.820766091346741e-10,3.902685074579148e-08,True,0.509774483816321,38.024421490521895,35,False
SGSH,3_minus_2,6.0,8.149072527885437e-10,4.9886496170707374e-08,True,1.205116212398044,39.096574731114785,35,False
PLAU,3_minus_2,6.0,8.149072527885437e-10,4.9886496170707374e-08,True,0.6884327289187946,37.924537867824306,35,False
FURIN,3_minus_2,6.0,8.149072527885437e-10,4.9886496170707374e-08,True,0.5487482154825923,37.994182452374964,35,False
CSH1,3_minus_2,6.0,8.149072527885437e-10,4.9886496170707374e-08,True,1.2954813757472474,38.54416587247988,35,False
CSF3R,3_minus_2,7.0,1.1059455573558807e-09,6.62626104151949e-08,True,1.538132650686947,39.380577962303704,35,False
FBN2,3_minus_2,8.0,1.4551915228366852e-09,8.537123600641887e-08,True,0.9729270340098308,38.027112885294315,35,False
CCN4,3_minus_2,9.0,1.9208528101444244e-09,9.834766387939453e-08,True,0.32593614912806695,37.11848067037643,35,False
TNFRSF11B,3_minus_2,9.0,1.9208528101444244e-09,9.834766387939453e-08,True,0.5646655427136422,38.35301601080541,35,False
NOMO1,3_minus_2,9.0,1.9208528101444244e-09,9.834766387939453e-08,True,0.2927967473302065,37.65764692625798,35,False
LGMN,3_minus_2,9.0,1.9208528101444244e-09,9.834766387939453e-08,True,0.6429381841275555,37.69758695299714,35,False
OLR1,3_minus_2,9.0,1.9208528101444244e-09,9.834766387939453e-08,True,0.9890507470992951,38.88454805808214,35,False
TF,3_minus_2,9.0,1.9208528101444244e-09,9.834766387939453e-08,True,0.39671884637877025,37.982582578573926,35,False
SUSD4,3_minus_2,9.0,1.9208528101444244e-09,9.834766387939453e-08,True,0.5981797137586591,38.12915816632359,35,False
SERPINA1,3_minus_2,10.0,2.5029294192790985e-09,1.2365349552087616e-07,True,0.22963726247600158,36.98083937745176,35,False
ADGRF5,3_minus_2,10.0,2.5029294192790985e-09,1.2365349552087616e-07,True,0.3683426837087892,37.3928690007363,35,False
CLEC1A,3_minus_2,11.0,3.2014213502407074e-09,1.5280004275047173e-07,True,0.5534271595979576,37.50122005334563,35,False
AFP,3_minus_2,11.0,3.2014213502407074e-09,1.5280004275047173e-07,True,0.3758225804730584,35.68033011852628,35,False
Timepoint,3_minus_2,0.0,3.297053268997287e-09,1.54741700091606e-07,True,1.0,1.222392421336448,35,False
LAIR2,3_minus_2,12.0,4.0745362639427185e-09,1.8212530348036023e-07,True,-1.2438890073512385,-39.06053118032602,35,False
ANGPTL4,3_minus_2,12.0,4.0745362639427185e-09,1.8212530348036023e-07,True,0.4509864873116226,36.92895309227826,35,False
CD46,3_minus_2,12.0,4.0745362639427185e-09,1.8212530348036023e-07,True,0.3783234423465231,37.23487034800059,35,False
B4GALT1,3_minus_2,13.0,5.122274160385132e-09,2.1855036417643228e-07,True,0.4916219909110252,37.91687983203729,35,False
MAN1A2,3_minus_2,13.0,5.122274160385132e-09,2.1855036417643228e-07,True,0.6731031718621442,37.78296718852381,35,False
CAPS,3_minus_2,13.0,5.122274160385132e-09,2.1855036417643228e-07,True,0.4023355624511765,35.513661513919196,35,False
ANGPTL1,3_minus_2,14.0,6.402842700481415e-09,2.651530153611127e-07,True,0.448358919453778,36.787439060824624,35,False
LTBP3,3_minus_2,14.0,6.402842700481415e-09,2.651530153611127e-07,True,0.9747330913215194,38.1766816651982,35,False
HEG1,3_minus_2,16.0,9.837094694375992e-09,3.901585726670816e-07,True,0.3485463445667544,2.3258067476172837,35,False
TPP1,3_minus_2,16.0,9.837094694375992e-09,3.901585726670816e-07,True,0.712606802523651,38.56938805439175,35,False
INHBC,3_minus_2,16.0,9.837094694375992e-09,3.901585726670816e-07,True,0.5358044236505125,38.37131651886797,35,False
PSAP,3_minus_2,17.0,1.2048985809087753e-08,4.6479375395056317e-07,True,0.4441905363756339,37.46905081992369,35,False
NHLRC3,3_minus_2,17.0,1.2048985809087753e-08,4.6479375395056317e-07,True,0.28751057878241093,37.40162900045253,35,False
KRT18,3_minus_2,18.0,1.4726538211107254e-08,5.529324213663737e-07,True,0.6478801979130666,35.506802089044655,35,False
FGF23,3_minus_2,18.0,1.4726538211107254e-08,5.529324213663737e-07,True,0.7685234774472576,37.43529301207291,35,False
ADM,3_minus_2,19.0,1.7869751900434494e-08,6.136734311173602e-07,True,0.31944298101530766,36.36528612975538,35,False
SPRR3,3_minus_2,19.0,1.7869751900434494e-08,6.136734311173602e-07,True,1.0189207475263142,37.205281492236104,35,False
SIGLEC6,3_minus_2,19.0,1.7869751900434494e-08,6.136734311173602e-07,True,1.462927788953341,39.04907873407081,35,False
ACVRL1,3_minus_2,19.0,1.7869751900434494e-08,6.136734311173602e-07,True,0.3492086241852531,37.15348908949871,35,False
CD8A,3_minus_2,19.0,1.7869751900434494e-08,6.136734311173602e-07,True,-0.5068862322291898,-37.88940410517718,35,False
TLR3,3_minus_2,19.0,1.7869751900434494e-08,6.136734311173602e-07,True,0.3271703598425575,35.187044736157304,35,False
PIGR,3_minus_2,19.0,1.7869751900434494e-08,6.136734311173602e-07,True,0.28074749216150274,37.1663653294501,35,False
GPR37,3_minus_2,20.0,2.1595042198896408e-08,7.071120794429335e-07,True,0.6537230978980073,37.49454356357541,35,False
TNFRSF11A,3_minus_2,20.0,2.1595042198896408e-08,7.071120794429335e-07,True,0.31691793190661766,37.05825782461824,35,False
PVR,3_minus_2,20.0,2.1595042198896408e-08,7.071120794429335e-07,True,0.34961066668698393,36.92399048256069,35,False
ANGPT2,3_minus_2,20.0,2.1595042198896408e-08,7.071120794429335e-07,True,-0.3172602135467234,-37.275478053216524,35,False
DAG1,3_minus_2,21.0,2.601882442831993e-08,8.326023817062378e-07,True,0.7145669987728889,38.5152747888488,35,False
ADAMTSL4,3_minus_2,21.0,2.601882442831993e-08,8.326023817062378e-07,True,0.40743011982565747,36.669546022606724,35,False
TNFRSF12A,3_minus_2,22.0,3.119930624961853e-08,9.761916266547308e-07,True,0.4374353747771782,37.11605466830251,35,False
LGALS3BP,3_minus_2,22.0,3.119930624961853e-08,9.761916266547308e-07,True,0.49932820541522405,38.554669181016614,35,False
C4BPB,3_minus_2,23.0,3.725290298461914e-08,1.1280018796202955e-06,True,0.2964371845160243,36.99992524407982,35,False
TREH,3_minus_2,23.0,3.725290298461914e-08,1.1280018796202955e-06,True,0.45918170666630576,2.582706135905776,35,False
BTN1A1,3_minus_2,23.0,3.725290298461914e-08,1.1280018796202955e-06,True,1.354524752674003,38.249520490064526,35,False
C1QA,3_minus_2,24.0,4.4354237616062164e-08,1.2876446714106294e-06,False,0.2601976382876047,0.0,35,False
AMBN,3_minus_2,24.0,4.4354237616062164e-08,1.2876446714106294e-06,True,0.5489788551771857,37.31112629807166,35,False
ZP3,3_minus_2,24.0,4.4354237616062164e-08,1.2876446714106294e-06,False,0.3210993692910846,0.0,35,False
IFNGR2,3_minus_2,24.0,4.4354237616062164e-08,1.2876446714106294e-06,True,0.2598332313331473,37.184187191887624,35,False
SEMA7A,3_minus_2,25.0,5.2619725465774536e-08,1.5120117031798072e-06,True,1.2619569275322422,38.55271893179112,35,False
OBP2B,3_minus_2,26.0,6.222398951649666e-08,1.7522275447845457e-06,True,0.6337800966626993,34.670205049079726,35,False
ERBB3,3_minus_2,26.0,6.222398951649666e-08,1.7522275447845457e-06,True,0.3570619571867202,36.97801787809535,35,False
CCL16,3_minus_2,28.0,8.632196113467216e-08,2.4067588371805625e-06,True,0.4108421460424828,36.59035448841635,35,False
P4HB,3_minus_2,29.0,1.0122312232851982e-07,2.7945520831089393e-06,True,0.331019739373706,1.8418618270995852,35,False
PRL,3_minus_2,30.0,1.1845258995890617e-07,3.1767856507074267e-06,True,0.3638754308783716,36.800452344474394,35,False
IL1RAP,3_minus_2,30.0,1.1845258995890617e-07,3.1767856507074267e-06,False,0.23806939427367402,0.0,35,False
ERVV-1,3_minus_2,30.0,1.1845258995890617e-07,3.1767856507074267e-06,True,0.74532884344851,37.83307405505199,35,False
SPP1,3_minus_2,32.0,1.6094418242573738e-07,4.1964705343599674e-06,True,0.3869236685486464,35.4875550673275,35,False
CSF2RB,3_minus_2,32.0,1.6094418242573738e-07,4.1964705343599674e-06,True,0.9717569733133047,39.16381323172815,35,False
CTSC,3_minus_2,32.0,1.6094418242573738e-07,4.1964705343599674e-06,True,0.28926279516224096,36.96497988175049,35,False
HRG,3_minus_2,33.0,1.8702121451497078e-07,4.6606348679129e-06,True,-0.33391966296468045,-37.20075740384726,35,False
SPINK1,3_minus_2,33.0,1.8702121451497078e-07,4.6606348679129e-06,True,0.3693189700551237,2.060420379986748,35,False
CBLN4,3_minus_2,33.0,1.8702121451497078e-07,4.6606348679129e-06,True,-0.3304784913311799,-37.604426469767056,35,False
S100P,3_minus_2,33.0,1.8702121451497078e-07,4.6606348679129e-06,True,0.64241175150886,37.01048061918554,35,False
PDCD1LG2,3_minus_2,33.0,1.8702121451497078e-07,4.6606348679129e-06,True,0.31369868820696023,37.44249930416107,35,False
DLK1,3_minus_2,34.0,2.168235369026661e-07,5.130883024520233e-06,True,1.4178453021621673,38.42584803825176,35,False
ERBB2,3_minus_2,34.0,2.168235369026661e-07,5.130883024520233e-06,True,0.3354125834178868,36.972706327232146,35,False
TNFSF12,3_minus_2,34.0,2.168235369026661e-07,5.130883024520233e-06,True,-0.39868198666690424,-37.44068708428679,35,False
KIAA0319,3_minus_2,34.0,2.168235369026661e-07,5.130883024520233e-06,True,0.6407280653316473,38.050204973932935,35,False
DBH,3_minus_2,34.0,2.168235369026661e-07,5.130883024520233e-06,True,-0.3408956869238648,-36.559889547569696,35,False
IL1RL1,3_minus_2,34.0,2.168235369026661e-07,5.130883024520233e-06,True,0.3943401386490983,35.95931792301718,35,False
RET,3_minus_2,35.0,2.508750185370445e-07,5.743610180490385e-06,True,0.2723481767703576,37.01540112446268,35,False
CCL15,3_minus_2,35.0,2.508750185370445e-07,5.743610180490385e-06,True,0.4120916964195101,37.28174855776194,35,False
SEL1L,3_minus_2,35.0,2.508750185370445e-07,5.743610180490385e-06,True,0.2825094056572138,36.66991112915638,35,False
UMOD,3_minus_2,35.0,2.508750185370445e-07,5.743610180490385e-06,True,-0.1893509678842286,-2.0409402039783244,35,False
IL1R1,3_minus_2,36.0,2.896995283663273e-07,6.526350975036621e-06,False,0.2209655125874245,0.0,35,False
IL10RB,3_minus_2,36.0,2.896995283663273e-07,6.526350975036621e-06,True,0.3544640091237126,37.63856355061992,35,False
HS6ST2,3_minus_2,37.0,3.338209353387356e-07,7.344060577452183e-06,True,0.5904749571356738,37.81194270665032,35,False
DHPS,3_minus_2,37.0,3.338209353387356e-07,7.344060577452183e-06,True,0.6327636838831703,38.0684753599503,35,False
ADGRG1,3_minus_2,37.0,3.338209353387356e-07,7.344060577452183e-06,True,0.471804770125281,37.90202026974362,35,False
OSMR,3_minus_2,0.0,3.6528331903033e-07,7.912598664533918e-06,True,0.5543702863275994,36.34806182781305,35,False
ENDOU,3_minus_2,0.0,3.6528331903033e-07,7.912598664533918e-06,True,1.6502859509992298,36.925368938472744,35,False
CST3,3_minus_2,38.0,3.83937731385231e-07,8.008656678376375e-06,True,0.38337229888314317,35.94534416023116,35,False
CPXM2,3_minus_2,38.0,3.83937731385231e-07,8.008656678376375e-06,True,0.3496685184490887,37.50932005587996,35,False
ADGRE5,3_minus_2,38.0,3.83937731385231e-07,8.008656678376375e-06,True,0.2899228818385085,37.67235245461738,35,False
ADGRE2,3_minus_2,38.0,3.83937731385231e-07,8.008656678376375e-06,True,0.3190979432855749,37.72357113201331,35,False
PRAP1,3_minus_2,38.0,3.83937731385231e-07,8.008656678376375e-06,True,0.28742686547480134,4.392376207239369,35,False
PSCA,3_minus_2,39.0,4.408066160976887e-07,8.930298064252454e-06,True,0.686881857360337,36.0606876031594,35,False
IFNGR1,3_minus_2,39.0,4.408066160976887e-07,8.930298064252454e-06,True,0.2379625152419736,36.16027006276627,35,False
PLXNB2,3_minus_2,39.0,4.408066160976887e-07,8.930298064252454e-06,True,0.5778077580196279,37.621263631489114,35,False
CA6,3_minus_2,39.0,4.408066160976887e-07,8.930298064252454e-06,True,0.6682422146733404,38.10585291471332,35,False
CD300E,3_minus_2,40.0,5.051842890679836e-07,1.0089354312166254e-05,True,0.2554885127662766,33.750422639532026,35,False
CRTAC1,3_minus_2,40.0,5.051842890679836e-07,1.0089354312166254e-05,True,-0.2321570351956005,-36.635228688525814,35,False
ALPP,3_minus_2,41.0,5.779438652098179e-07,1.1302013364103104e-05,True,1.6093983207308988,39.65296898509557,35,False
F7,3_minus_2,41.0,5.779438652098179e-07,1.1302013364103104e-05,True,0.29817827605742697,37.63399342289261,35,False
CD200,3_minus_2,41.0,5.779438652098179e-07,1.1302013364103104e-05,True,0.6968710591569625,37.63179634618484,35,False
FUCA1,3_minus_2,42.0,6.601330824196339e-07,1.2820239724784061e-05,True,0.4393344423898698,36.58578754694882,35,False
MRC1,3_minus_2,43.0,7.527414709329605e-07,1.4518630014706964e-05,True,0.23481486860632,3.1241230323468776,35,False
OLFM4,3_minus_2,44.0,8.569913916289806e-07,1.630599837045412e-05,True,0.6671631672542787,37.95117457948587,35,False
TIMP2,3_minus_2,44.0,8.569913916289806e-07,1.630599837045412e-05,True,0.5207942400346062,36.61577351972284,35,False
MYBPC1,3_minus_2,45.0,9.742798283696175e-07,1.841323487710633e-05,True,0.9109954817937231,39.3756013816659,35,False
IGSF9,3_minus_2,46.0,1.1058873496949673e-06,1.9835533609815462e-05,True,0.7675532736284452,38.46871477560658,35,False
PTN,3_minus_2,46.0,1.1058873496949673e-06,1.9835533609815462e-05,True,0.7064814056974249,38.14254642743223,35,False
PAPPA,3_minus_2,46.0,1.1058873496949673e-06,1.9835533609815462e-05,True,-0.3760096695181158,-5.299902639046162,35,False
PTPRF,3_minus_2,46.0,1.1058873496949673e-06,1.9835533609815462e-05,True,0.6566181030944755,37.04636777056946,35,False
SERPINA6,3_minus_2,46.0,1.1058873496949673e-06,1.9835533609815462e-05,True,0.32285773153247543,37.094393198426374,35,False
DTNB,3_minus_2,46.0,1.1058873496949673e-06,1.9835533609815462e-05,True,0.36707863555716214,37.10854872859632,35,False
LIFR,3_minus_2,46.0,1.1058873496949673e-06,1.9835533609815462e-05,True,0.42889253183703313,37.14104732651678,35,False
ASAH1,3_minus_2,46.0,1.1058873496949673e-06,1.9835533609815462e-05,True,0.47209971526038164,38.01490770038706,35,False
CTSO,3_minus_2,47.0,1.2534437701106071e-06,2.2199356331015532e-05,True,0.26532186489289533,36.436124369514516,35,False
TNFRSF10A,3_minus_2,47.0,1.2534437701106071e-06,2.2199356331015532e-05,True,0.24120624003588148,37.08550874775353,35,False
SIGLEC1,3_minus_2,48.0,1.4187535271048546e-06,2.4814968523771867e-05,True,0.2816417424184256,37.21299153994409,35,False
LTBR,3_minus_2,48.0,1.4187535271048546e-06,2.4814968523771867e-05,True,0.24115255865120022,35.90136993432693,35,False
IGDCC4,3_minus_2,49.0,1.603621058166027e-06,2.704069999877564e-05,True,0.2970622530364052,37.23892554564045,35,False
LGALS9,3_minus_2,49.0,1.603621058166027e-06,2.704069999877564e-05,True,0.21269080156484166,2.85781525944841,35,False
APCS,3_minus_2,49.0,1.603621058166027e-06,2.704069999877564e-05,True,0.267957540380733,2.0621992496975308,35,False
SERPINE1,3_minus_2,49.0,1.603621058166027e-06,2.704069999877564e-05,True,0.5959937833111345,38.05679142409846,35,False
MSR1,3_minus_2,49.0,1.603621058166027e-06,2.704069999877564e-05,True,0.24418148836156967,1.9712710829237792,35,False
SERPINI1,3_minus_2,49.0,1.603621058166027e-06,2.704069999877564e-05,True,0.3651810362629881,2.240095002233207,35,False
FBLN2,3_minus_2,50.0,1.8101418390870094e-06,2.9984467169817757e-05,True,0.27612140672144125,37.093784968659456,35,False
ENPP6,3_minus_2,50.0,1.8101418390870094e-06,2.9984467169817757e-05,True,-0.1913439517902259,-35.837198255531334,35,False
IFI30,3_minus_2,50.0,1.8101418390870094e-06,2.9984467169817757e-05,True,0.39131922586567747,37.62907692269895,35,False
PNLIPRP2,3_minus_2,51.0,2.0406441763043404e-06,3.2836880002702986e-05,False,0.27425935599710805,0.0,35,False
CHCHD10,3_minus_2,51.0,2.0406441763043404e-06,3.2836880002702986e-05,True,0.3265799984985781,36.19514129926354,35,False
GPC5,3_minus_2,51.0,2.0406441763043404e-06,3.2836880002702986e-05,True,-0.3586373603468858,-37.00001055689611,35,False
TCTN3,3_minus_2,51.0,2.0406441763043404e-06,3.2836880002702986e-05,True,0.2817622220917237,37.23442716288373,35,False
GC,3_minus_2,51.0,2.0406441763043404e-06,3.2836880002702986e-05,True,0.1258819752648724,35.96036718343424,35,False
CD74,3_minus_2,52.0,2.297514583915472e-06,3.65525484085083e-05,True,0.1959661995736231,35.166606545114256,35,False
MYL3,3_minus_2,52.0,2.297514583915472e-06,3.65525484085083e-05,True,0.8218243328661187,38.68772001357158,35,False
ITIH1,3_minus_2,27.0,2.390277119724076e-06,3.781472117496066e-05,True,0.2711296972458831,36.91299102367963,35,False
CRNN,3_minus_2,53.0,2.5834888219833374e-06,4.0193947639254576e-05,True,0.484339928281284,34.88527676246833,35,False
HS6ST1,3_minus_2,53.0,2.5834888219833374e-06,4.0193947639254576e-05,True,0.3607641797686742,37.964165266975044,35,False
SOD2,3_minus_2,53.0,2.5834888219833374e-06,4.0193947639254576e-05,True,-0.3079304069374199,-36.4795226556074,35,False
CTBS,3_minus_2,54.0,2.9015936888754368e-06,4.4894988065237526e-05,True,0.2392542452809171,36.895258244303534,35,False
CEMIP2,3_minus_2,56.0,3.6471174098551273e-06,5.612176298443737e-05,True,0.4156147110996029,37.671149285129765,35,False
TSPAN8,3_minus_2,57.0,4.081928636878729e-06,6.146904300240909e-05,True,-0.33573379743858156,-35.42835347393377,35,False
ENPP5,3_minus_2,57.0,4.081928636878729e-06,6.146904300240909e-05,True,-0.1873139502473016,-36.028401672522605,35,False
CNTN4,3_minus_2,57.0,4.081928636878729e-06,6.146904300240909e-05,True,-0.1886019096635237,-35.91733546421231,35,False
MYOM3,3_minus_2,57.0,4.081928636878729e-06,6.146904300240909e-05,True,0.6701983917848254,6.095737887322451,35,False
DSCAM,3_minus_2,58.0,4.563422407954931e-06,6.83542420255377e-05,True,0.48733009764155133,38.26923965499804,35,False
MFGE8,3_minus_2,59.0,5.096138920634985e-06,7.397282062117586e-05,True,0.33236095441300884,1.8791490979047616,35,False
RNASE4,3_minus_2,59.0,5.096138920634985e-06,7.397282062117586e-05,True,0.19134584663903992,35.78396907470617,35,False
APOA2,3_minus_2,59.0,5.096138920634985e-06,7.397282062117586e-05,True,0.49855946691207015,36.78459100107014,35,False
HGFAC,3_minus_2,59.0,5.096138920634985e-06,7.397282062117586e-05,True,-0.35407321476857245,-37.11330101625648,35,False
PAM,3_minus_2,59.0,5.096138920634985e-06,7.397282062117586e-05,True,0.2847658696669921,37.13461720597932,35,False
ACTA2,3_minus_2,59.0,5.096138920634985e-06,7.397282062117586e-05,True,0.375456525793247,35.49757191021631,35,False
SLC39A5,3_minus_2,60.0,5.685084033757448e-06,8.126495755868515e-05,True,0.4607409682857666,37.22007283500052,35,False
FCRL1,3_minus_2,60.0,5.685084033757448e-06,8.126495755868515e-05,True,-0.21930393355872468,-36.53831916667552,35,False
ASGR1,3_minus_2,60.0,5.685084033757448e-06,8.126495755868515e-05,True,0.24041323122482539,35.8727967281174,35,False
ESAM,3_minus_2,61.0,6.335380021482706e-06,8.920215070247649e-05,True,0.2885473446334993,34.794737474686194,35,False
LRIG1,3_minus_2,61.0,6.335380021482706e-06,8.920215070247649e-05,True,0.3405730415249808,4.694371666936862,35,False
EFNA4,3_minus_2,61.0,6.335380021482706e-06,8.920215070247649e-05,True,0.20015904692547182,35.66351041997221,35,False
CTSD,3_minus_2,62.0,7.052789442241192e-06,9.735615230074115e-05,True,0.39591108613688314,37.72211413678392,35,False
PRSS22,3_minus_2,62.0,7.052789442241192e-06,9.735615230074115e-05,True,0.6853779452575804,38.88476104787591,35,False
TNFSF11,3_minus_2,62.0,7.052789442241192e-06,9.735615230074115e-05,True,-0.3211539107096717,-36.27135036211509,35,False
AFM,3_minus_2,62.0,7.052789442241192e-06,9.735615230074115e-05,True,0.2645356759742675,2.981851505681776,35,False
CLEC4G,3_minus_2,63.0,7.843656931072474e-06,0.00010418744300896267,True,-0.24657929532289222,-36.86238319886892,35,False
CPB2,3_minus_2,63.0,7.843656931072474e-06,0.00010418744300896267,True,0.2279553431787098,4.7722237451182385,35,False
LAG3,3_minus_2,63.0,7.843656931072474e-06,0.00010418744300896267,True,0.3384118760099195,37.48165501936128,35,False
CRLF1,3_minus_2,63.0,7.843656931072474e-06,0.00010418744300896267,True,-0.5093676302546589,-38.09091174890834,35,False
LDLR,3_minus_2,63.0,7.843656931072474e-06,0.00010418744300896267,True,0.2122595715954682,37.14218613413784,35,False
DPEP1,3_minus_2,63.0,7.843656931072474e-06,0.00010418744300896267,False,-0.18760212357021938,0.0,35,False
GNPDA2,3_minus_2,63.0,7.843656931072474e-06,0.00010418744300896267,True,0.2433025620285275,37.25385602462952,35,False
EPHB4,3_minus_2,63.0,7.843656931072474e-06,0.00010418744300896267,True,0.3373128062766808,36.80856502230409,35,False
MMP12,3_minus_2,64.0,8.71450174599886e-06,0.00011467306970435883,True,-0.2532111856356398,-33.69507222058204,35,False
BNIP3L,3_minus_2,64.0,8.71450174599886e-06,0.00011467306970435883,True,0.5221692064326734,38.46109554631425,35,False
ASGR2,3_minus_2,65.0,9.672658052295446e-06,0.00012552168237448837,True,0.2977348928274524,35.37143693066521,35,False
CD14,3_minus_2,65.0,9.672658052295446e-06,0.00012552168237448837,True,0.2944359644471741,37.67765663942009,35,False
CCL28,3_minus_2,65.0,9.672658052295446e-06,0.00012552168237448837,True,1.1037172663592787,39.02581690626306,35,False
KCTD5,3_minus_2,66.0,1.0726042091846466e-05,0.0001366721019485957,True,0.22098760628513128,3.976313555773975,35,False
NECTIN2,3_minus_2,66.0,1.0726042091846466e-05,0.0001366721019485957,True,0.21940864919633968,36.618191857553164,35,False
CES2,3_minus_2,66.0,1.0726042091846466e-05,0.0001366721019485957,True,0.37812515017365245,38.10346091948925,35,False
QSOX1,3_minus_2,40.0,1.0708331745535154e-05,0.0001366721019485957,True,0.22729778278934037,36.04485024936181,35,False
ENPP2,3_minus_2,67.0,1.188291935250163e-05,0.00014806327830373713,True,0.4626759950604107,38.21896854518065,35,False
TXNDC15,3_minus_2,67.0,1.188291935250163e-05,0.00014806327830373713,True,0.18999164175885797,35.7336981310518,35,False
IL1RN,3_minus_2,67.0,1.188291935250163e-05,0.00014806327830373713,True,0.41887139388656136,2.6013528009396643,35,False
ACP6,3_minus_2,67.0,1.188291935250163e-05,0.00014806327830373713,True,0.1639423093320943,1.6970625326563376,35,False
ADGRD1,3_minus_2,67.0,1.188291935250163e-05,0.00014806327830373713,True,0.2757046785859291,36.563346726915064,35,False
PAEP,3_minus_2,68.0,1.3152486644685268e-05,0.00016244474733084963,True,-0.1369123756058501,-34.7557522006346,35,False
SORT1,3_minus_2,68.0,1.3152486644685268e-05,0.00016244474733084963,True,0.3476741098875233,37.26839004214366,35,False
CRELD1,3_minus_2,70.0,1.606979640200734e-05,0.00019675020290457683,True,0.13443258551588158,35.883711299147,35,False
GPNMB,3_minus_2,70.0,1.606979640200734e-05,0.00019675020290457683,True,0.3089375613496407,36.828670116405604,35,False
VWF,3_minus_2,71.0,1.7739308532327414e-05,0.00021531850356480172,True,0.5308072033437202,38.09788451261625,35,False
EPHA1,3_minus_2,71.0,1.7739308532327414e-05,0.00021531850356480172,True,0.3232761214329041,37.09826067241707,35,False
TACSTD2,3_minus_2,72.0,1.9565573893487453e-05,0.00023445385567685392,True,0.1863640034601076,35.1649839754063,35,False
A1BG,3_minus_2,72.0,1.9565573893487453e-05,0.00023445385567685392,True,0.1760668300209828,36.61545306263046,35,False
APOL1,3_minus_2,72.0,1.9565573893487453e-05,0.00023445385567685392,True,0.5054496540740386,38.243772278232505,35,False
FABP3,3_minus_2,48.0,1.9938308505808032e-05,0.00023790795234048909,True,0.4883966682694096,36.75913349433088,35,False
CRTAM,3_minus_2,73.0,2.156151458621025e-05,0.0002540469668400338,True,-0.32721319651788716,-37.202774278701874,35,False
CDHR2,3_minus_2,73.0,2.156151458621025e-05,0.0002540469668400338,True,-0.4299442211956331,-38.11651440374252,35,False
C1QTNF6,3_minus_2,73.0,2.156151458621025e-05,0.0002540469668400338,True,0.6890470201220533,38.57525880264551,35,False
FOLH1,3_minus_2,74.0,2.374127507209778e-05,0.0002785642941792806,True,0.5485323716696597,36.48563205788657,35,False
SCRG1,3_minus_2,75.0,2.6120163965970278e-05,0.0003039437261494723,True,0.3913743045087148,37.43073718094614,35,False
ANG,3_minus_2,75.0,2.6120163965970278e-05,0.0003039437261494723,True,0.2678813719721971,37.08646764919218,35,False
ERMAP,3_minus_2,76.0,2.871413016691804e-05,0.00032736433421069316,True,0.4128731273386204,37.8857183228097,35,False
CD1C,3_minus_2,76.0,2.871413016691804e-05,0.00032736433421069316,True,-0.1749010146179811,-36.51943291469498,35,False
POMC,3_minus_2,76.0,2.871413016691804e-05,0.00032736433421069316,True,0.5779717996875307,37.37772346107939,35,False
AMOT,3_minus_2,76.0,2.871413016691804e-05,0.00032736433421069316,True,0.38668679610535506,37.17644936887353,35,False
OXT,3_minus_2,76.0,2.871413016691804e-05,0.00032736433421069316,True,0.46245519436281823,37.41153657306495,35,False
BST2,3_minus_2,77.0,3.15406359732151e-05,0.0003552737236022949,True,0.21650394824190794,5.61815805218923,35,False
ENG,3_minus_2,77.0,3.15406359732151e-05,0.0003552737236022949,True,0.26220657777649536,36.82599562879051,35,False
GUSB,3_minus_2,77.0,3.15406359732151e-05,0.0003552737236022949,True,0.5330492832520166,38.319281245773844,35,False
C1QTNF1,3_minus_2,62.0,3.413106772560572e-05,0.0003829206642044052,True,0.5935605152157061,38.24168636631868,35,False
ENPP7,3_minus_2,78.0,3.4618424251675606e-05,0.00038531811340995455,True,0.26386894056800814,4.087064426837319,35,False
PZP,3_minus_2,78.0,3.4618424251675606e-05,0.00038531811340995455,True,0.4328295707350951,2.1730632552892604,35,False
VEGFA,3_minus_2,79.0,3.79671691916883e-05,0.000419276660563899,True,0.17863854785232086,36.41674052677287,35,False
ANGPTL2,3_minus_2,79.0,3.79671691916883e-05,0.000419276660563899,True,0.3853767308730518,37.57302443400999,35,False
KLK1,3_minus_2,80.0,4.1608233004808426e-05,0.0004523891279596159,False,-0.2493873361844656,0.0,35,False
SHISA5,3_minus_2,80.0,4.1608233004808426e-05,0.0004523891279596159,True,0.2512543498494308,36.67403635598803,35,False
CDCP1,3_minus_2,80.0,4.1608233004808426e-05,0.0004523891279596159,True,0.2280085904425223,36.54108498795427,35,False
SUMF2,3_minus_2,80.0,4.1608233004808426e-05,0.0004523891279596159,True,0.35681280653975367,37.25047183599498,35,False
KIT,3_minus_2,81.0,4.556449130177498e-05,0.0004934984904069167,True,-0.2989971223459108,-36.64501496786558,35,False
TFRC,3_minus_2,82.0,4.985998384654522e-05,0.0005338620323645297,True,0.2750048377166563,36.57113916315955,35,False
PILRB,3_minus_2,82.0,4.985998384654522e-05,0.0005338620323645297,True,0.2279951282187725,37.244762168475944,35,False
AOC1,3_minus_2,82.0,4.985998384654522e-05,0.0005338620323645297,True,0.4110789841802959,37.81404390593029,35,False
PON2,3_minus_2,83.0,5.452072946354747e-05,0.00057718185777951,True,0.21321261584645046,35.225468526059444,35,False
CLEC11A,3_minus_2,83.0,5.452072946354747e-05,0.00057718185777951,True,0.23221844724630758,36.51714555823077,35,False
CCL13,3_minus_2,83.0,5.452072946354747e-05,0.00057718185777951,True,-0.38488184240724627,-38.03584148816258,35,False
SHBG,3_minus_2,84.0,5.957455141469836e-05,0.0006213405066066318,True,0.09785373140509102,33.4855362960509,35,False
CANT1,3_minus_2,84.0,5.957455141469836e-05,0.0006213405066066318,True,0.1771280090265697,36.43134798176934,35,False
EPCAM,3_minus_2,84.0,5.957455141469836e-05,0.0006213405066066318,True,-0.3724425504133012,-2.9398394738662375,35,False
PDGFRA,3_minus_2,84.0,5.957455141469836e-05,0.0006213405066066318,True,0.32803153735917645,37.208464900240045,35,False
PGF,3_minus_2,85.0,6.505066994577646e-05,0.0006709988518948957,True,1.3288840845595464,39.15891749803809,35,False
PRSS2,3_minus_2,85.0,6.505066994577646e-05,0.0006709988518948957,True,0.26979211598491526,35.19312227309099,35,False
IL1RL2,3_minus_2,85.0,6.505066994577646e-05,0.0006709988518948957,True,-0.38678856228305225,-33.187132083738035,35,False
HYOU1,3_minus_2,86.0,7.098051719367504e-05,0.0007268404960632325,True,0.1297541576219623,36.1697088406107,35,False
NCS1,3_minus_2,86.0,7.098051719367504e-05,0.0007268404960632325,True,0.21344020654222137,34.53649405568218,35,False
APOE,3_minus_2,87.0,7.739773718640208e-05,0.0007840001004205333,True,0.1611424260526888,36.00849630405308,35,False
DRAXIN,3_minus_2,87.0,7.739773718640208e-05,0.0007840001004205333,False,-0.28997772319994947,0.0,35,False
BCHE,3_minus_2,87.0,7.739773718640208e-05,0.0007840001004205333,True,-0.16891376188598517,-3.2278956459593338,35,False
KRT19,3_minus_2,88.0,8.433760376647115e-05,0.0008451768405921094,False,0.3708143166801933,0.0,35,False
C7,3_minus_2,88.0,8.433760376647115e-05,0.0008451768405921094,True,0.1158149056189445,34.14716491296128,35,False
CD300LF,3_minus_2,88.0,8.433760376647115e-05,0.0008451768405921094,False,0.19247245381452616,0.0,35,False
CNTN3,3_minus_2,75.5,8.750018139562806e-05,0.0008737606766315199,True,-0.18195806086714894,-2.7624953933477645,35,False
TNFRSF1A,3_minus_2,89.0,9.18380101211369e-05,0.000904251176577348,True,0.2255570260420238,35.56780664475728,35,False
HIP1R,3_minus_2,89.0,9.18380101211369e-05,0.000904251176577348,True,0.2772946268738331,36.782324732286476,35,False
VGF,3_minus_2,89.0,9.18380101211369e-05,0.000904251176577348,True,0.27216214790505155,35.995960076194876,35,False
CXCL13,3_minus_2,89.0,9.18380101211369e-05,0.000904251176577348,True,-0.4223063663963542,-36.12397966338511,35,False
MDGA1,3_minus_2,90.0,9.993941057473421e-05,0.0009771853478418456,True,-0.3217516061132769,-36.46168420659812,35,False
IL17RB,3_minus_2,90.0,9.993941057473421e-05,0.0009771853478418456,True,-0.18024199147633863,-35.36531861238206,35,False
EPHA2,3_minus_2,70.0,0.00010046868883269846,0.0009789613417054632,True,0.21289539480356032,34.441065516878545,35,False
FSTL3,3_minus_2,78.0,0.00010363413167781303,0.0010063231544990396,True,0.3074447908628409,33.87159017811457,35,False
CREG1,3_minus_2,91.0,0.00010868412209674716,0.001048131807617945,True,0.4473028370571348,37.36264708551156,35,False
ATRAID,3_minus_2,91.0,0.00010868412209674716,0.001048131807617945,True,0.18327983429239408,35.17311492989944,35,False
ANXA1,3_minus_2,92.0,0.00011811754666268826,0.0011124381652245154,True,0.2372434380671138,36.460447869300474,35,False
MAMDC2,3_minus_2,92.0,0.00011811754666268826,0.0011124381652245154,True,0.24908142076997447,36.752376129921764,35,False
PPL,3_minus_2,92.0,0.00011811754666268826,0.0011124381652245154,True,0.3109292874646554,36.01058222408723,35,False
POSTN,3_minus_2,92.0,0.00011811754666268826,0.0011124381652245154,True,-0.3151900245301567,-35.056418466252246,35,False
B2M,3_minus_2,92.0,0.00011811754666268826,0.0011124381652245154,True,0.3169807752116167,36.56635286308072,35,False
TCN2,3_minus_2,92.0,0.00011811754666268826,0.0011124381652245154,True,0.1755820071574974,3.932443689244737,35,False
FAM13A,3_minus_2,92.0,0.00011811754666268826,0.0011124381652245154,True,0.19496324599644632,36.26427127624242,35,False
CTHRC1,3_minus_2,93.0,0.00012828799663111567,0.001180584962461509,True,0.2153778664648721,36.48970363938153,35,False
PON3,3_minus_2,93.0,0.00012828799663111567,0.001180584962461509,True,-0.1767267936311798,-35.44774697077244,35,False
EPO,3_minus_2,93.0,0.00012828799663111567,0.001180584962461509,True,0.6292114669836633,2.5992121986513514,35,False
CPVL,3_minus_2,93.0,0.00012828799663111567,0.001180584962461509,True,0.17958132482035338,28.7554626391153,35,False
INHBB,3_minus_2,93.0,0.00012828799663111567,0.001180584962461509,True,0.2613840550374349,34.704151344758586,35,False
CALCA,3_minus_2,93.0,0.00012828799663111567,0.001180584962461509,True,0.22587925683741983,37.15300155126718,35,False
GGT1,3_minus_2,93.0,0.00012828799663111567,0.001180584962461509,True,-0.1974622952518552,-36.63887454979409,35,False
PGA4,3_minus_2,94.0,0.00013924611266702414,0.001273107315812792,True,0.2202176019310308,36.79735176019953,35,False
PRND,3_minus_2,94.0,0.00013924611266702414,0.001273107315812792,True,-0.26069728418052884,-36.52630228080997,35,False
MOCS2,3_minus_2,95.0,0.00015104602789506316,0.0013676707863424368,True,0.24766325154357105,37.21331919170124,35,False
ADGRE1,3_minus_2,95.0,0.00015104602789506316,0.0013676707863424368,True,0.244807101724755,1.0070685624532463,35,False
CD22,3_minus_2,95.0,0.00015104602789506316,0.0013676707863424368,True,-0.1360956745522361,-0.9452694461016286,35,False
F10,3_minus_2,76.0,0.00015255189226258184,0.0013768786173443284,True,0.1235180199257523,35.88153330045298,35,False
OCLN,3_minus_2,96.0,0.00016374513506889343,0.0014409571886062622,True,0.2799967938905254,35.71098315826879,35,False
CRHBP,3_minus_2,96.0,0.00016374513506889343,0.0014409571886062622,True,0.1969729276370622,4.176691074669627,35,False
AGRP,3_minus_2,96.0,0.00016374513506889343,0.0014409571886062622,True,0.35846338762063024,6.695387661529177,35,False
C1QTNF5,3_minus_2,96.0,0.00016374513506889343,0.0014409571886062622,True,0.2537712262813081,36.66122469443749,35,False
LMOD1,3_minus_2,96.0,0.00016374513506889343,0.0014409571886062622,True,0.3238754979995312,36.15622165529247,35,False
IGF2R,3_minus_2,96.0,0.00016374513506889343,0.0014409571886062622,True,0.1702484858828795,36.18006207941608,35,False
FGA,3_minus_2,96.0,0.00016374513506889343,0.0014409571886062622,True,0.21553120238755447,2.9282529166016094,35,False
CCN1,3_minus_2,96.0,0.00016374513506889343,0.0014409571886062622,True,0.6413431433320547,38.914747656855255,35,False
COL4A1,3_minus_2,97.0,0.00017740362090989947,0.0015514552685784997,True,0.22002594564794875,33.86628112941911,35,False
ADAM15,3_minus_2,97.0,0.00017740362090989947,0.0015514552685784997,True,0.197645973918474,36.8341711991911,35,False
IL12B,3_minus_2,98.0,0.00019208568846806884,0.001659243247626018,True,-0.2116705482544169,-3.160639659362544,35,False
SORCS2,3_minus_2,98.0,0.00019208568846806884,0.001659243247626018,True,0.33077410025112886,36.53208392123135,35,False
MFAP5,3_minus_2,98.0,0.00019208568846806884,0.001659243247626018,True,0.34112497449901813,37.75266688170472,35,False
TGFBI,3_minus_2,98.0,0.00019208568846806884,0.001659243247626018,True,0.1623834732404533,2.1682783434659694,35,False
MMP7,3_minus_2,99.0,0.00020785926608368754,0.0017737324039141338,True,0.16391324003536117,35.615099178847714,35,False
DLL1,3_minus_2,99.0,0.00020785926608368754,0.0017737324039141338,True,0.14298551296954642,2.069555102385254,35,False
SCGB3A1,3_minus_2,99.0,0.00020785926608368754,0.0017737324039141338,True,0.1723546215527998,35.64419435006823,35,False
COL9A1,3_minus_2,99.0,0.00020785926608368754,0.0017737324039141338,True,0.3518219821710163,34.89626912852325,35,False
IL18BP,3_minus_2,100.0,0.00022479559993371367,0.0018896251027263812,True,0.3190624266325965,37.7081974733619,35,False
MAD1L1,3_minus_2,100.0,0.00022479559993371367,0.0018896251027263812,True,0.32545077351093005,36.72334874149734,35,False
DSG3,3_minus_2,100.0,0.00022479559993371367,0.0018896251027263812,True,-0.15356813231270028,-35.87319247873373,35,False
CPM,3_minus_2,100.0,0.00022479559993371367,0.0018896251027263812,True,0.22477880606296538,36.34810050407975,35,False
VSIR,3_minus_2,100.0,0.00022479559993371367,0.0018896251027263812,True,0.44231900184332895,4.03933969835902,35,False
CTSZ,3_minus_2,82.0,0.00022933290390259753,0.0019220281469931983,False,0.2033725847849466,0.0,35,False
MBL2,3_minus_2,101.0,0.00024297030176967382,0.0020183019757622463,False,0.21039385046449255,0.0,35,False
ADAMTSL5,3_minus_2,101.0,0.00024297030176967382,0.0020183019757622463,True,0.2262508238435909,36.81268989577872,35,False
ADAMTSL2,3_minus_2,101.0,0.00024297030176967382,0.0020183019757622463,True,0.2395116079757402,37.37598790946437,35,False
SERPINF1,3_minus_2,102.0,0.0002624634653329849,0.0021548020943955846,True,0.12295834745625239,7.109805164041014,35,False
DUSP29,3_minus_2,102.0,0.0002624634653329849,0.0021548020943955846,True,0.6476648689831455,37.46873630761645,35,False
TMEM132A,3_minus_2,102.0,0.0002624634653329849,0.0021548020943955846,True,0.5933210112880145,38.83419127751693,35,False
CCL17,3_minus_2,102.0,0.0002624634653329849,0.0021548020943955846,True,-0.4789519011720833,-1.4786012346915902,35,False
DPY30,3_minus_2,103.0,0.00028335885144770145,0.002299534656128897,True,0.2005606975165728,1.9350870450345674,35,False
PILRA,3_minus_2,103.0,0.00028335885144770145,0.002299534656128897,True,0.22948906824723425,4.453910863539581,35,False
IGFBP2,3_minus_2,103.0,0.00028335885144770145,0.002299534656128897,False,0.3031132208499109,0.0,35,False
HSD17B14,3_minus_2,103.0,0.00028335885144770145,0.002299534656128897,True,0.30025419912943674,36.862881036385964,35,False
PTX3,3_minus_2,105.0,0.0003297168295830488,0.002630262300583188,False,0.146434088062884,0.0,35,False
PRRT3,3_minus_2,105.0,0.0003297168295830488,0.002630262300583188,True,-0.1285526510959489,-34.00385581314312,35,False
PNLIPRP1,3_minus_2,105.0,0.0003297168295830488,0.002630262300583188,True,0.2092724813074853,2.803572669127348,35,False
GALNT2,3_minus_2,105.0,0.0003297168295830488,0.002630262300583188,True,0.13608427007257523,34.55363000811622,35,False
VSNL1,3_minus_2,105.0,0.0003297168295830488,0.002630262300583188,True,-0.1688577854189509,-32.87352589663731,35,False
ADAM23,3_minus_2,105.0,0.0003297168295830488,0.002630262300583188,True,-0.17876639643915493,-34.960417014870366,35,False
SIAE,3_minus_2,106.0,0.00035537133226171136,0.0028189455539407863,True,0.18671843289810564,1.9588138037047802,35,False
TNFRSF10B,3_minus_2,106.0,0.00035537133226171136,0.0028189455539407863,True,0.14824741055302168,32.79340360705819,35,False
GALNT3,3_minus_2,107.0,0.00038281275192275643,0.0030111751659622405,True,0.1896749859544138,36.39837362484839,35,False
MAN2B2,3_minus_2,107.0,0.00038281275192275643,0.0030111751659622405,True,0.2435586053154241,36.977863223480725,35,False
CD226,3_minus_2,107.0,0.00038281275192275643,0.0030111751659622405,True,0.39658856240184703,38.010410326401,35,False
CSF1,3_minus_2,108.0,0.0004121505771763623,0.0032061216169299344,True,0.1675388964557738,35.97555312541241,35,False
ENTPD6,3_minus_2,108.0,0.0004121505771763623,0.0032061216169299344,True,0.12202870791720688,36.21764931117811,35,False
GOLM2,3_minus_2,108.0,0.0004121505771763623,0.0032061216169299344,True,0.2253506548961012,37.06609860756797,35,False
PCSK9,3_minus_2,108.0,0.0004121505771763623,0.0032061216169299344,True,0.3276280961581004,37.28441157927393,35,False
F12,3_minus_2,109.0,0.00044349912786856294,0.0033845353498045344,True,0.19178912564335626,1.0336825435248078,35,False
F11,3_minus_2,109.0,0.00044349912786856294,0.0033845353498045344,True,-0.1272236393145263,-1.0536367027239117,35,False
CRISP3,3_minus_2,109.0,0.00044349912786856294,0.0033845353498045344,True,-0.1150693042550898,-35.99275803870623,35,False
LILRA5,3_minus_2,109.0,0.00044349912786856294,0.0033845353498045344,True,0.21144290061331508,1.830473960541915,35,False
EFEMP1,3_minus_2,92.0,0.0004425210650739874,0.0033845353498045344,True,0.13827838547070542,33.74870031844102,35,False
COL2A1,3_minus_2,109.0,0.00044349912786856294,0.0033845353498045344,True,-0.24801039717737822,-37.204847075662705,35,False
TMPRSS15,3_minus_2,109.0,0.00044349912786856294,0.0033845353498045344,True,0.376373772135876,38.039158678900606,35,False
RTN4R,3_minus_2,110.0,0.0004769793013110757,0.0036106820228279275,True,0.107244407214001,1.367813230604912,35,False
MCFD2,3_minus_2,110.0,0.0004769793013110757,0.0036106820228279275,True,0.1693289599268845,36.80140265220877,35,False
TNN,3_minus_2,110.0,0.0004769793013110757,0.0036106820228279275,True,0.12780559198581143,4.764750728901766,35,False
VSIG4,3_minus_2,111.0,0.0005127181066200137,0.0038501711686452227,True,0.25091991443579786,37.09380555365072,35,False
IL19,3_minus_2,111.0,0.0005127181066200137,0.0038501711686452227,True,0.2772108691558658,34.70702251525161,35,False
VMO1,3_minus_2,111.0,0.0005127181066200137,0.0038501711686452227,True,0.4197157061019042,37.48905606629418,35,False
DCTPP1,3_minus_2,112.0,0.0005508482572622597,0.004060703383378333,True,0.22437912230056367,36.35629988363984,35,False
GFRAL,3_minus_2,112.0,0.0005508482572622597,0.004060703383378333,True,-0.2408394019422555,-2.7083468617795825,35,False
SNRPB2,3_minus_2,112.0,0.0005508482572622597,0.004060703383378333,True,0.2038078252739984,3.9612939051615284,35,False
CEACAM16,3_minus_2,112.0,0.0005508482572622597,0.004060703383378333,True,0.20814749997998694,35.860372768590544,35,False
ISM2,3_minus_2,112.0,0.0005508482572622597,0.004060703383378333,True,-0.2564021211520825,-31.752765153021656,35,False
FAS,3_minus_2,112.0,0.0005508482572622597,0.004060703383378333,True,0.16318950681774924,3.7045191345680957,35,False
MAMDC4,3_minus_2,112.0,0.0005508482572622597,0.004060703383378333,True,0.3643699748280853,1.7939800559721517,35,False
GCG,3_minus_2,113.0,0.0005915096262469888,0.004337737259144585,True,0.8122375996560951,39.11624751883158,35,False
EPHB6,3_minus_2,113.0,0.0005915096262469888,0.004337737259144585,True,0.16223151295385274,35.90309374162589,35,False
SERPINA12,3_minus_2,97.0,0.000608378637746229,0.004426858511352405,True,0.42794689538346087,37.34537378438802,35,False
INSR,3_minus_2,97.0,0.000608378637746229,0.004426858511352405,True,0.1679199575436795,34.66720051297637,35,False
CD55,3_minus_2,97.0,0.000608378637746229,0.004426858511352405,True,0.18264944971622576,35.36590588689256,35,False
CA5A,3_minus_2,114.0,0.0006348491297103465,0.0045839362801649635,True,0.4598319121967318,35.711778962932655,35,False
ANGPTL3,3_minus_2,114.0,0.0006348491297103465,0.0045839362801649635,True,0.20597970382488523,36.1747400948663,35,False
EDA2R,3_minus_2,114.0,0.0006348491297103465,0.0045839362801649635,True,0.15073449102782288,36.42533441053493,35,False
CES3,3_minus_2,115.0,0.0006810200284235179,0.004867391878275702,True,0.32467981779925836,37.75889107785559,35,False
LEFTY2,3_minus_2,115.0,0.0006810200284235179,0.004867391878275702,True,0.2740214472120679,35.217798328094915,35,False
SCG2,3_minus_2,115.0,0.0006810200284235179,0.004867391878275702,True,0.3131167904374862,36.5753457832782,35,False
ACTN2,3_minus_2,115.0,0.0006810200284235179,0.004867391878275702,True,0.5693813826324341,38.44437408146114,35,False
ITGA5,3_minus_2,116.0,0.0007301834993995726,0.00517933686223979,True,0.1610739766478197,36.25127491064194,35,False
COL3A1,3_minus_2,116.0,0.0007301834993995726,0.00517933686223979,True,0.23019416155188557,36.235900159292626,35,False
LCAT,3_minus_2,116.0,0.0007301834993995726,0.00517933686223979,True,0.18046201354186162,2.0184748701387285,35,False
PLG,3_minus_2,101.0,0.000780934800024993,0.005495122989216945,True,0.1468246176094028,4.7151038704504185,35,False
GH1,3_minus_2,117.0,0.0007825086358934641,0.005495122989216945,True,-0.1164416712102573,-35.409553231051994,35,False
ITIH3,3_minus_2,117.0,0.0007825086358934641,0.005495122989216945,False,0.24461042883464146,0.0,35,False
LRP11,3_minus_2,117.0,0.0007825086358934641,0.005495122989216945,True,0.2689093990724718,37.11408328595736,35,False
LAYN,3_minus_2,118.0,0.0008381715742871165,0.005827879390598815,True,0.2206964130263841,32.650788738773166,35,False
SMPDL3A,3_minus_2,118.0,0.0008381715742871165,0.005827879390598815,True,0.21258750430816337,34.636738973857305,35,False
FAM3B,3_minus_2,118.0,0.0008381715742871165,0.005827879390598815,True,0.2045082938118915,36.60002022050826,35,False
CCL25,3_minus_2,118.0,0.0008381715742871165,0.005827879390598815,False,0.1848776510294519,0.0,35,False
ATRN,3_minus_2,119.0,0.0008973573567345738,0.006208742792541916,True,0.16128996393453532,35.4425289649812,35,False
CCL22,3_minus_2,119.0,0.0008973573567345738,0.006208742792541916,True,-0.23740903571287247,-2.6814216372894144,35,False
LILRA6,3_minus_2,104.0,0.000939058825595261,0.006465500373780575,True,0.15571995815235162,0.8549389225508911,35,False
NELL1,3_minus_2,104.0,0.000939058825595261,0.006465500373780575,True,-0.3115666194076985,-37.32236267288837,35,False
NT5C1A,3_minus_2,120.0,0.000960259698331356,0.006579297592460094,False,0.1914717166620431,0.0,35,False
LRRN1,3_minus_2,120.0,0.000960259698331356,0.006579297592460094,True,-0.15716573677230405,-3.0574780173187235,35,False
TGFBR1,3_minus_2,121.0,0.0010270801139995456,0.0070200427209289335,True,0.7774746440836247,38.61203626856386,35,False
SMPD1,3_minus_2,122.0,0.0010980300139635801,0.007414994051130556,True,0.3135261660533022,35.91692983401488,35,False
NEO1,3_minus_2,122.0,0.0010980300139635801,0.007414994051130556,True,-0.1551623935188171,-36.37731066733003,35,False
ITGA2,3_minus_2,122.0,0.0010980300139635801,0.007414994051130556,True,0.18229473024965714,4.350418842433092,35,False
TNXB,3_minus_2,122.0,0.0010980300139635801,0.007414994051130556,True,-0.2018011800121147,-36.224086418315636,35,False
LRIG3,3_minus_2,122.0,0.0010980300139635801,0.007414994051130556,True,0.1739414272227704,36.77667457711911,35,False
CXADR,3_minus_2,123.0,0.0011733303545042872,0.007829616773185007,True,0.24102865368245552,36.414618490525086,35,False
LPL,3_minus_2,123.0,0.0011733303545042872,0.007829616773185007,True,-0.3812830536051335,-37.28161635238266,35,False
NUCB2,3_minus_2,123.0,0.0011733303545042872,0.007829616773185007,True,0.1939067651792279,36.854361464787345,35,False
CPA1,3_minus_2,123.0,0.0011733303545042872,0.007829616773185007,True,0.2509710720619044,36.196974493297795,35,False
NEDD9,3_minus_2,123.0,0.0011733303545042872,0.007829616773185007,True,0.5279260744010817,38.336672733304006,35,False
TFPI,3_minus_2,124.0,0.0012532108230516315,0.008226204376954298,True,0.14708389455758208,36.469838886810166,35,False
LMNB2,3_minus_2,124.0,0.0012532108230516315,0.008226204376954298,True,0.21395516308213192,34.33010143730764,35,False
LATS1,3_minus_2,124.0,0.0012532108230516315,0.008226204376954298,True,0.564164429664083,1.3097962084349457,35,False
FUT3_FUT5,3_minus_2,124.0,0.0012532108230516315,0.008226204376954298,True,0.16433111888991797,36.10356398175662,35,False
GLYR1,3_minus_2,124.0,0.0012532108230516315,0.008226204376954298,True,0.19393061426495323,36.35502107875824,35,False
HSPA2,3_minus_2,124.0,0.0012532108230516315,0.008226204376954298,True,0.38748870406958613,37.52775858905746,35,False
DPP7,3_minus_2,124.0,0.0012532108230516315,0.008226204376954298,True,0.3086769823149662,3.6961527030396812,35,False
CCL11,3_minus_2,125.0,0.0013379119336605072,0.008701062367639695,False,-0.2356794706907967,0.0,35,False
CES1,3_minus_2,125.0,0.0013379119336605072,0.008701062367639695,True,0.27771506884549596,35.465412319252195,35,False
SPINK8,3_minus_2,125.0,0.0013379119336605072,0.008701062367639695,True,0.525349771809139,37.29687917384757,35,False
ALPI,3_minus_2,125.0,0.0013379119336605072,0.008701062367639695,True,0.6888356655259082,36.25717269614523,35,False
ADGRB3,3_minus_2,126.0,0.0014276845613494515,0.009199907836979533,True,-0.10585932504297135,-33.29559588348862,35,False
EPS8L2,3_minus_2,126.0,0.0014276845613494515,0.009199907836979533,True,0.2383755473615709,35.9341750801004,35,False
ROBO2,3_minus_2,126.0,0.0014276845613494515,0.009199907836979533,True,-0.12402562172100359,-3.3242539353908835,35,False
NAGA,3_minus_2,126.0,0.0014276845613494515,0.009199907836979533,True,0.4380896113249205,36.28164277788213,35,False
GSN,3_minus_2,127.0,0.001522789301816374,0.009768051649008905,True,-0.10096279162910271,-35.72651024952942,35,False
IGFBP3,3_minus_2,127.0,0.001522789301816374,0.009768051649008905,True,0.11500477322313249,3.2957318979169252,35,False
BSG,3_minus_2,128.0,0.0016234985087066889,0.010273644495546148,True,0.11178405344495879,33.988132604088904,35,False
VEGFC,3_minus_2,128.0,0.0016234985087066889,0.010273644495546148,True,-0.31005378648036835,-37.51537992273622,35,False
ADGRG2,3_minus_2,128.0,0.0016234985087066889,0.010273644495546148,True,0.1857593646477645,36.15512613264537,35,False
NCR3LG1,3_minus_2,113.0,0.0016087972768151467,0.010273644495546148,True,0.16700814081945772,36.45846766254118,35,False
EFHD1,3_minus_2,128.0,0.0016234985087066889,0.010273644495546148,False,0.1634696138947846,0.0,35,False
LPA,3_minus_2,128.0,0.0016234985087066889,0.010273644495546148,True,0.3349287457347525,0.84103981638663,35,False
CTSB,3_minus_2,129.0,0.00173009600257501,0.010850668915927012,False,0.27846563955653114,0.0,35,False
FCGR2B,3_minus_2,129.0,0.00173009600257501,0.010850668915927012,True,-0.41776808712022284,-36.691876911683565,35,False
SMOC1,3_minus_2,129.0,0.00173009600257501,0.010850668915927012,True,0.2249811149973304,35.65796503242346,35,False
THPO,3_minus_2,129.0,0.00173009600257501,0.010850668915927012,True,0.20613793781560036,37.00976097136935,35,False
LAIR1,3_minus_2,124.0,0.0017571968667126191,0.010996147503694969,True,0.1801270039471495,36.143016391974896,35,False
NPTX2,3_minus_2,130.0,0.001842876197770238,0.011330871993277272,False,0.22345018245927206,0.0,35,False
DDX39A,3_minus_2,130.0,0.001842876197770238,0.011330871993277272,True,0.2833158357937258,37.14253923231462,35,False
PLA2G15,3_minus_2,130.0,0.001842876197770238,0.011330871993277272,True,0.21325918714592879,37.12471945264432,35,False
CLEC4C,3_minus_2,130.0,0.001842876197770238,0.011330871993277272,True,-0.14380401641742502,-36.266540647183774,35,False
C2CD2L,3_minus_2,130.0,0.001842876197770238,0.011330871993277272,True,0.2326966621149326,36.36384977236371,35,False
TNFRSF21,3_minus_2,130.0,0.001842876197770238,0.011330871993277272,True,0.1465017913473863,35.559494905782785,35,False
PDGFB,3_minus_2,130.0,0.001842876197770238,0.011330871993277272,True,-0.3204201843216521,-1.0541257060452995,35,False
REG3G,3_minus_2,130.0,0.001842876197770238,0.011330871993277272,True,0.38293858645092305,37.35442517786455,35,False
CDH17,3_minus_2,131.0,0.001962146197911352,0.011908197614910274,True,-0.2501727238699939,-37.01923995033737,35,False
SELL,3_minus_2,131.0,0.001962146197911352,0.011908197614910274,True,-0.1323735626460808,-1.9727808979686494,35,False
PTS,3_minus_2,131.0,0.001962146197911352,0.011908197614910274,True,0.3408588964485167,32.98918927773109,35,False
HSBP1,3_minus_2,131.0,0.001962146197911352,0.011908197614910274,True,0.2418052829366144,1.3866804188540562,35,False
IL18R1,3_minus_2,131.0,0.001962146197911352,0.011908197614910274,True,0.1092201113000828,1.4767016522370155,35,False
CKB,3_minus_2,131.0,0.001962146197911352,0.011908197614910274,False,0.350655386600786,0.0,35,False
VCAM1,3_minus_2,117.0,0.002029227424181267,0.012288826723643974,False,0.0815214708273259,0.0,35,False
GALNT10,3_minus_2,132.0,0.002088225621264428,0.0124322269545045,True,0.2221984454268945,36.99000030072644,35,False
RBFOX3,3_minus_2,132.0,0.002088225621264428,0.0124322269545045,True,0.32784332992528975,37.095582162984826,35,False
THSD1,3_minus_2,132.0,0.002088225621264428,0.0124322269545045,True,0.7696506178626659,39.29711367645487,35,False
GASK1A,3_minus_2,132.0,0.002088225621264428,0.0124322269545045,True,0.5682546957303581,38.345907435535445,35,False
F13B,3_minus_2,132.0,0.002088225621264428,0.0124322269545045,True,0.1759341554556508,36.281824926510964,35,False
CCN5,3_minus_2,132.0,0.002088225621264428,0.0124322269545045,True,0.19402954926718674,6.163871349891903,35,False
PAXX,3_minus_2,132.0,0.002088225621264428,0.0124322269545045,True,0.12033036567522215,0.8278415675550107,35,False
CD36,3_minus_2,132.0,0.002088225621264428,0.0124322269545045,True,0.2361823906766411,36.27949799541266,35,False
FETUB,3_minus_2,133.0,0.0022214456694200635,0.013169665273867155,True,0.14485859931833361,1.5356213196720245,35,False
NBN,3_minus_2,133.0,0.0022214456694200635,0.013169665273867155,True,0.3604672286381582,37.76367606105159,35,False
SERPINA7,3_minus_2,119.0,0.0022752821484866726,0.013460492710374937,True,0.145756423161344,1.4482545173241426,35,False
EGFLAM,3_minus_2,134.0,0.002362151222769171,0.01377187959279086,True,0.19710523492958548,34.88269225604568,35,False
PALM3,3_minus_2,134.0,0.002362151222769171,0.01377187959279086,True,0.30582370557142347,2.704186137792804,35,False
NCLN,3_minus_2,134.0,0.002362151222769171,0.01377187959279086,True,0.4767365342540187,38.02685313243448,35,False
GP1BA,3_minus_2,134.0,0.002362151222769171,0.01377187959279086,True,0.1428352789647234,35.37705986093861,35,False
KLRB1,3_minus_2,134.0,0.002362151222769171,0.01377187959279086,True,0.11564432692275367,1.0631204631803213,35,False
CCN3,3_minus_2,134.0,0.002362151222769171,0.01377187959279086,True,0.2798627883631464,2.315873550614355,35,False
PLXDC1,3_minus_2,134.0,0.002362151222769171,0.01377187959279086,True,-0.21766851372862772,-36.75449393373644,35,False
PGLYRP2,3_minus_2,135.0,0.0025107008405029774,0.01457759498320904,False,-0.13062646519539,0.0,35,False
ULBP2,3_minus_2,135.0,0.0025107008405029774,0.01457759498320904,True,0.0965015034902999,33.67459214125215,35,False
CCDC80,3_minus_2,136.0,0.0026674653054215014,0.015298538289342054,True,-0.14694419906947037,-36.18745390405269,35,False
TNFRSF6B,3_minus_2,136.0,0.0026674653054215014,0.015298538289342054,True,0.1665727400761968,2.620920152120381,35,False
RLN1,3_minus_2,136.0,0.0026674653054215014,0.015298538289342054,False,-0.21115765197024042,0.0,35,False
APOM,3_minus_2,136.0,0.0026674653054215014,0.015298538289342054,True,0.1593103529006035,36.58425816045526,35,False
PEPD,3_minus_2,136.0,0.0026674653054215014,0.015298538289342054,True,-0.2239982274535568,-36.41566497474384,35,False
VWC2,3_minus_2,136.0,0.0026674653054215014,0.015298538289342054,True,-0.1228365285283857,-34.38655553227264,35,False
NAGPA,3_minus_2,137.0,0.0028328304761089385,0.01605080607791302,True,0.09423652281581921,35.470395954178755,35,False
TMPRSS11D,3_minus_2,137.0,0.0028328304761089385,0.01605080607791302,False,0.2513347780490595,0.0,35,False
BTN2A1,3_minus_2,137.0,0.0028328304761089385,0.01605080607791302,True,0.08323265224009913,34.71346658558118,35,False
BABAM1,3_minus_2,137.0,0.0028328304761089385,0.01605080607791302,True,0.47786170872302314,38.07048553811173,35,False
QPCT,3_minus_2,137.0,0.0028328304761089385,0.01605080607791302,True,0.1553835001451175,3.6257862883666294,35,False
CHGA,3_minus_2,137.0,0.0028328304761089385,0.01605080607791302,True,0.16408131085235594,36.56884083742435,35,False
ACP5,3_minus_2,123.0,0.0028511930689508924,0.016122409000332755,True,-0.2269887657598144,-35.7812948419472,35,False
GBA,3_minus_2,138.0,0.0030071966466493905,0.016869055292758336,True,0.6067251903165487,38.03780657456234,35,False
EIF4E,3_minus_2,138.0,0.0030071966466493905,0.016869055292758336,True,0.5331533509484485,4.473057261835735,35,False
SEMA3F,3_minus_2,138.0,0.0030071966466493905,0.016869055292758336,True,0.1609293412146268,35.77837269849191,35,False
BGN,3_minus_2,138.0,0.0030071966466493905,0.016869055292758336,True,0.4909321464649621,36.20974012282149,35,False
AGR3,3_minus_2,139.0,0.0031909775570966303,0.01775848379601603,True,0.5215830672457404,37.83545954194356,35,False
GCHFR,3_minus_2,139.0,0.0031909775570966303,0.01775848379601603,True,0.15897959176743665,35.32111578872741,35,False
THBS2,3_minus_2,125.0,0.0031865045199444574,0.01775848379601603,True,0.16558058962789718,36.60335624976815,35,False
NOTCH2,3_minus_2,139.0,0.0031909775570966303,0.01775848379601603,True,0.0969237285655915,32.95542497567594,35,False
RELB,3_minus_2,140.0,0.003384602954611182,0.018761893543671436,True,0.3999480232496686,36.72574465555211,35,False
ICAM3,3_minus_2,140.0,0.003384602954611182,0.018761893543671436,True,-0.0940182227564946,-34.78677766915728,35,False
GPR158,3_minus_2,141.0,0.0035885178949683905,0.019736848422326148,True,-0.23431590935328067,-34.508688053110276,35,False
YWHAQ,3_minus_2,141.0,0.0035885178949683905,0.019736848422326148,True,0.12507170450621427,1.7342800492832469,35,False
PDCD1,3_minus_2,141.0,0.0035885178949683905,0.019736848422326148,True,-0.13555612653521731,-35.72455017105614,35,False
BAG6,3_minus_2,141.0,0.0035885178949683905,0.019736848422326148,True,0.1782674710011189,3.9206332375325266,35,False
CNTN2,3_minus_2,142.0,0.003803181985858828,0.020755349752283835,True,0.1645867939003375,34.15152590567373,35,False
STAT2,3_minus_2,142.0,0.003803181985858828,0.020755349752283835,True,0.4486491208831045,1.3655386987851206,35,False
CD79B,3_minus_2,142.0,0.003803181985858828,0.020755349752283835,True,-0.12075301851647435,-1.572150611009392,35,False
MUC2,3_minus_2,142.0,0.003803181985858828,0.020755349752283835,True,0.20839098792875332,1.4901782959894712,35,False
C1RL,3_minus_2,143.0,0.004029071831610054,0.021818973611180598,True,0.12132611744362348,2.772897508030547,35,False
SCARB2,3_minus_2,143.0,0.004029071831610054,0.021818973611180598,True,0.1370110989986351,35.41218057194624,35,False
OSCAR,3_minus_2,143.0,0.004029071831610054,0.021818973611180598,True,0.15733495918307192,1.366694465221714,35,False
F11R,3_minus_2,143.0,0.004029071831610054,0.021818973611180598,True,0.21361327435039312,36.98988019336802,35,False
STX5,3_minus_2,144.0,0.004266680451110005,0.022755629072586697,True,0.2311855899662867,1.472463981088511,35,False
TCL1A,3_minus_2,144.0,0.004266680451110005,0.022755629072586697,True,-0.3634523992723575,-35.344714738481,35,False
PKD1,3_minus_2,144.0,0.004266680451110005,0.022755629072586697,True,0.15002541606886943,3.4916527922279452,35,False
HPGDS,3_minus_2,144.0,0.004266680451110005,0.022755629072586697,True,-0.12223029845788808,-1.0736626265434257,35,False
COL5A1,3_minus_2,144.0,0.004266680451110005,0.022755629072586697,True,0.3668806997885671,37.90226767051163,35,False
ZBTB17,3_minus_2,144.0,0.004266680451110005,0.022755629072586697,True,0.23267216366243532,36.434187581570306,35,False
EGFR,3_minus_2,144.0,0.004266680451110005,0.022755629072586697,True,0.09408175137948022,34.96419643957541,35,False
PRELP,3_minus_2,144.0,0.004266680451110005,0.022755629072586697,True,-0.1832558211250943,-36.142557788649256,35,False
ELOA,3_minus_2,145.0,0.004516516288276762,0.023997188429787476,True,0.2632223558285765,3.3231660749663474,35,False
PPT1,3_minus_2,145.0,0.004516516288276762,0.023997188429787476,True,0.3864278034791486,37.87483447170876,35,False
DEFB4A_DEFB4B,3_minus_2,146.0,0.004779105598572642,0.025249458472008553,True,0.30659240065719207,1.222001304547332,35,False
SUSD2,3_minus_2,146.0,0.004779105598572642,0.025249458472008553,True,-0.1449802568526609,-35.693216292521875,35,False
MYH4,3_minus_2,146.0,0.004779105598572642,0.025249458472008553,True,-0.23230901667652892,-36.70336456646925,35,False
CTSV,3_minus_2,147.0,0.00505499227438122,0.02650811591183895,True,-0.1302816457179562,-2.593727889797307,35,False
PROS1,3_minus_2,147.0,0.00505499227438122,0.02650811591183895,True,-0.1438123391500446,-3.9492682786447664,35,False
NTRK3,3_minus_2,147.0,0.00505499227438122,0.02650811591183895,True,-0.1774124911596146,-35.57650319994713,35,False
CXCL10,3_minus_2,147.0,0.00505499227438122,0.02650811591183895,True,0.1789377386727258,35.3361386937084,35,False
VTI1A,3_minus_2,134.0,0.005185474615221669,0.027141815086364724,True,0.0786024820607009,2.5525499379572656,35,False
DPP10,3_minus_2,148.0,0.005344736331608146,0.02776896219521871,False,0.1623028590269654,0.0,35,False
IL4R,3_minus_2,148.0,0.005344736331608146,0.02776896219521871,True,0.4810632975373664,37.403767582686974,35,False
BCL2,3_minus_2,148.0,0.005344736331608146,0.02776896219521871,True,0.1610127562647885,34.72621311991871,35,False
SIRPB1,3_minus_2,148.0,0.005344736331608146,0.02776896219521871,True,0.13537701872121433,35.535597055872884,35,False
HYAL1,3_minus_2,149.0,0.005648916761856526,0.029081077881879303,True,0.1823382194328031,1.6112217237073803,35,False
DMP1,3_minus_2,149.0,0.005648916761856526,0.029081077881879303,False,-0.15909591174297644,0.0,35,False
HLA-A,3_minus_2,149.0,0.005648916761856526,0.029081077881879303,True,0.1636392821157186,35.06219950388743,35,False
KAZALD1,3_minus_2,149.0,0.005648916761856526,0.029081077881879303,True,0.16696394302268672,35.767297898101226,35,False
SPON2,3_minus_2,146.0,0.005638041910415141,0.029081077881879303,True,0.21039874484933513,36.40060254550444,35,False
CXCL3,3_minus_2,150.0,0.005968131008557975,0.03044611760887547,True,-0.3043001145462294,-0.9133452151069151,35,False
CPE,3_minus_2,150.0,0.005968131008557975,0.03044611760887547,True,-0.0868721084600129,-35.808287493269795,35,False
PYY,3_minus_2,150.0,0.005968131008557975,0.03044611760887547,True,0.5385781243420493,37.96777631127381,35,False
SIGLEC10,3_minus_2,150.0,0.005968131008557975,0.03044611760887547,True,0.0904681541372115,32.616901586718384,35,False
S100G,3_minus_2,150.0,0.005968131008557975,0.03044611760887547,True,0.39575473010758466,36.2831529059501,35,False
SSC5D,3_minus_2,151.0,0.006302993337158114,0.03186576164710458,True,0.13394717358962868,1.5267220073469208,35,False
RNF149,3_minus_2,151.0,0.006302993337158114,0.03186576164710458,True,0.180097244631713,36.666497796155426,35,False
NCAN,3_minus_2,151.0,0.006302993337158114,0.03186576164710458,False,-0.11415127904706658,0.0,35,False
SRPX,3_minus_2,151.0,0.006302993337158114,0.03186576164710458,True,0.23161373230417692,36.47004524438618,35,False
CA11,3_minus_2,151.0,0.006302993337158114,0.03186576164710458,True,-0.17710313393815919,-36.5674978119926,35,False
SIGLEC5,3_minus_2,152.0,0.0066541380365379155,0.03310610019592009,True,0.2412786751520022,1.2409663706698868,35,False
NT5E,3_minus_2,152.0,0.0066541380365379155,0.03310610019592009,True,0.1404982562282013,2.1454615637798593,35,False
MTUS1,3_minus_2,152.0,0.0066541380365379155,0.03310610019592009,True,0.3886351592993926,35.124266772761715,35,False
TNFSF13,3_minus_2,152.0,0.0066541380365379155,0.03310610019592009,True,0.1262357093100158,2.2685161290809908,35,False
CDHR5,3_minus_2,152.0,0.0066541380365379155,0.03310610019592009,True,0.11987772619152853,34.896574197643695,35,False
TNFRSF8,3_minus_2,152.0,0.0066541380365379155,0.03310610019592009,True,-0.18452874131282737,-35.56029824261166,35,False
CXCL5,3_minus_2,152.0,0.0066541380365379155,0.03310610019592009,True,-0.5079647380232337,-1.0644913431808212,35,False
CIT,3_minus_2,152.0,0.0066541380365379155,0.03310610019592009,True,0.33883917396472085,37.90452778840891,35,False
DEFB103A_DEFB103B,3_minus_2,152.0,0.0066541380365379155,0.03310610019592009,True,0.23491843137812363,1.285506876922086,35,False
PGD,3_minus_2,153.0,0.007022218604106456,0.03469222384063821,True,0.291063157362851,1.85882448272638,35,False
GZMH,3_minus_2,153.0,0.007022218604106456,0.03469222384063821,False,0.17044652288761547,0.0,35,False
CR2,3_minus_2,153.0,0.007022218604106456,0.03469222384063821,True,-0.1041899564884187,-35.57200476091585,35,False
BCAT1,3_minus_2,153.0,0.007022218604106456,0.03469222384063821,True,0.1819628056277039,3.7146461089466896,35,False
CEBPA,3_minus_2,154.0,0.007407906232401729,0.0364060452887317,True,0.2230346287515518,36.78556250931509,35,False
BGLAP,3_minus_2,154.0,0.007407906232401729,0.0364060452887317,True,0.4481555235395017,2.8619804137873674,35,False
HBEGF,3_minus_2,154.0,0.007407906232401729,0.0364060452887317,True,-0.2933260951375729,-1.1705861425979132,35,False
ALCAM,3_minus_2,155.0,0.0078118928940966725,0.03805932593386891,True,0.1053451706912545,34.89157303473991,35,False
PEAR1,3_minus_2,155.0,0.0078118928940966725,0.03805932593386891,True,-0.06543227822747757,-2.022898662223599,35,False
GHR,3_minus_2,155.0,0.0078118928940966725,0.03805932593386891,True,-0.2374728840518371,-36.7179864386586,35,False
C2,3_minus_2,155.0,0.0078118928940966725,0.03805932593386891,True,0.1395525294570393,1.493424326222061,35,False
PROK1,3_minus_2,155.0,0.0078118928940966725,0.03805932593386891,True,-0.19487034172277595,-33.605027541671404,35,False
CFC1,3_minus_2,156.0,0.008234890352468938,0.039844417925347986,True,0.33523535843055996,37.534058282063285,35,False
UPB1,3_minus_2,156.0,0.008234890352468938,0.039844417925347986,True,0.50474851904594,37.99904437045474,35,False
DDC,3_minus_2,156.0,0.008234890352468938,0.039844417925347986,False,-0.343709664153302,0.0,35,False
BDNF,3_minus_2,156.0,0.008234890352468938,0.039844417925347986,True,-0.4485204449329403,-1.433433308124436,35,False
NRP2,3_minus_2,157.0,0.008677628939040005,0.041700005277025005,True,0.1080865469252156,35.37984233379225,35,False
CELA3A,3_minus_2,157.0,0.008677628939040005,0.041700005277025005,False,0.15468077669717717,0.0,35,False
GBP1,3_minus_2,157.0,0.008677628939040005,0.041700005277025005,True,0.19899054639792269,37.04596412242597,35,False
CD200R1,3_minus_2,157.0,0.008677628939040005,0.041700005277025005,True,-0.16106296794069447,-4.513819847584496,35,False
KLRF1,3_minus_2,158.0,0.009140860347542912,0.04318903144073966,True,0.2204712492568451,37.144641639261664,35,False
ADA2,3_minus_2,158.0,0.009140860347542912,0.04318903144073966,True,0.20419703389284183,37.01332431351848,35,False
ELN,3_minus_2,158.0,0.009140860347542912,0.04318903144073966,True,0.3599984014342746,37.55343669963562,35,False
LILRB1,3_minus_2,158.0,0.009140860347542912,0.04318903144073966,True,0.08367329128954781,1.063680277369759,35,False
PALM2,3_minus_2,158.0,0.009140860347542912,0.04318903144073966,True,0.23827466483903592,36.9225743753895,35,False
TNFRSF4,3_minus_2,158.0,0.009140860347542912,0.04318903144073966,True,-0.1524964025251021,-3.168921392619856,35,False
NOS1,3_minus_2,158.0,0.009140860347542912,0.04318903144073966,True,0.19971751988670394,35.21827835204835,35,False
CD248,3_minus_2,158.0,0.009140860347542912,0.04318903144073966,True,0.24689249897217536,3.6207804265400707,35,False
AMOTL2,3_minus_2,158.0,0.009140860347542912,0.04318903144073966,True,0.1035168187641229,35.82478607315051,35,False
VASN,3_minus_2,158.0,0.009140860347542912,0.04318903144073966,True,-0.145884786270068,-31.664697501093542,35,False
IL12RB1,3_minus_2,159.0,0.009625356877222657,0.04517500827709834,False,0.12561448488550397,0.0,35,False
FGFR4,3_minus_2,159.0,0.009625356877222657,0.04517500827709834,True,-0.2580536174757503,-36.040102049712786,35,False
ANGPT1,3_minus_2,159.0,0.009625356877222657,0.04517500827709834,True,-0.34803597164501776,-37.8607986567094,35,False
TNFSF9,3_minus_2,159.0,0.009625356877222657,0.04517500827709834,True,0.2817409177610974,4.540318610149922,35,False
ADAM8,3_minus_2,116.0,0.009688756083014904,0.04539690038231276,True,-0.1117096690362591,-34.467540839422746,35,False
MPRIP,3_minus_2,160.0,0.0101319098030217,0.047004049432140205,True,-0.19928783621957535,-0.9890059586414275,35,False
NPR1,3_minus_2,160.0,0.0101319098030217,0.047004049432140205,True,-0.2562883133240017,-33.59063494219283,35,False
VAMP8,3_minus_2,160.0,0.0101319098030217,0.047004049432140205,True,0.34709181467408523,0.9952634829852782,35,False
PLA2G10,3_minus_2,160.0,0.0101319098030217,0.047004049432140205,True,-0.1806527785096224,-36.72986421703291,35,False
BCAM,3_minus_2,160.0,0.0101319098030217,0.047004049432140205,True,0.1311070106231937,4.489245700835305,35,False
GPA33,3_minus_2,160.0,0.0101319098030217,0.047004049432140205,True,-0.2389316102034753,-2.1872782033842584,35,False
REN,3_minus_2,161.0,0.010661332285962999,0.0488962731551658,True,-0.19415509393142516,-34.38397044790437,35,False
CSPG4,3_minus_2,161.0,0.010661332285962999,0.0488962731551658,True,0.27988191691545894,37.28205961760824,35,False
EDAR,3_minus_2,161.0,0.010661332285962999,0.0488962731551658,True,-0.2392670245009774,-3.3719723936461543,35,False
CLPS,3_minus_2,161.0,0.010661332285962999,0.0488962731551658,True,0.2537532635585074,36.9560608899703,35,False
TNFRSF14,3_minus_2,161.0,0.010661332285962999,0.0488962731551658,True,0.0838984876237116,34.68654516757281,35,False
FRZB,3_minus_2,161.0,0.010661332285962999,0.0488962731551658,False,0.12064472445739433,0.0,35,False
CPB1,3_minus_2,161.0,0.010661332285962999,0.0488962731551658,False,0.14519713012857044,0.0,35,False
ERP44,3_minus_2,162.0,0.01121445867465809,0.05110018710006017,False,0.1033788798493064,35.744778965094454,35,False
ADAMTS4,3_minus_2,162.0,0.01121445867465809,0.05110018710006017,False,0.269674473151505,36.91440386247358,35,False
VEGFD,3_minus_2,162.0,0.01121445867465809,0.05110018710006017,False,-0.19759307872827303,-36.29157294991956,35,False
LCN15,3_minus_2,162.0,0.01121445867465809,0.05110018710006017,False,0.14891623143826616,34.02499919248322,35,False
THOP1,3_minus_2,163.0,0.011792142642661929,0.05321582320791025,False,0.1407709723477302,36.3757491117003,35,False
CD34,3_minus_2,163.0,0.011792142642661929,0.05321582320791025,False,-0.1379138259123131,-36.417955394080295,35,False
MAGED1,3_minus_2,163.0,0.011792142642661929,0.05321582320791025,False,-0.3601882000185115,-37.23834950291928,35,False
CLEC14A,3_minus_2,163.0,0.011792142642661929,0.05321582320791025,False,-0.18396173514769631,-36.91839508853816,35,False
MET,3_minus_2,163.0,0.011792142642661929,0.05321582320791025,False,0.09611535442149,3.064995558066224,35,False
OSBPL2,3_minus_2,163.0,0.011792142642661929,0.05321582320791025,False,-0.14245501439933309,-35.77475864530095,35,False
ISM1,3_minus_2,164.0,0.012395260331686586,0.0554929301971851,False,0.19648627937121582,33.15513209749451,35,False
ANXA11,3_minus_2,164.0,0.012395260331686586,0.0554929301971851,False,0.11814783565127046,1.3828700874666056,35,False
VSTM1,3_minus_2,164.0,0.012395260331686586,0.0554929301971851,False,0.12499966203654361,1.078421219276955,35,False
CLEC12A,3_minus_2,164.0,0.012395260331686586,0.0554929301971851,False,0.2019340974204474,36.983825526277506,35,False
IL18,3_minus_2,164.0,0.012395260331686586,0.0554929301971851,False,0.2092698130983669,2.6007747128095553,35,False
COLEC12,3_minus_2,152.0,0.012862892067413726,0.05740396840227742,False,0.14372877309949278,35.57317971007988,35,False
CNTN1,3_minus_2,152.0,0.012862892067413726,0.05740396840227742,False,-0.12112507656642521,-35.87764144953683,35,False
FCAMR,3_minus_2,165.0,0.013024709420278668,0.0579424671840517,False,-0.3726398576479031,-2.591138415417242,35,False
GID8,3_minus_2,165.0,0.013024709420278668,0.0579424671840517,False,0.22710373686411384,0.0,35,False
GRP,3_minus_2,166.0,0.013681406911928207,0.06057679538363181,False,0.39348995023114686,2.266655428682568,35,False
CD2AP,3_minus_2,166.0,0.013681406911928207,0.06057679538363181,False,0.21239296977716338,6.572281780736003,35,False
NEDD4L,3_minus_2,166.0,0.013681406911928207,0.06057679538363181,False,0.15328894799058113,1.4704130394569839,35,False
L1CAM,3_minus_2,167.0,0.014366292743943632,0.06281906889277215,False,0.11442193264040001,3.527036738082408,35,False
ZCCHC8,3_minus_2,167.0,0.014366292743943632,0.06281906889277215,False,0.5366581624597422,31.940007735765676,35,False
APOC1,3_minus_2,167.0,0.014366292743943632,0.06281906889277215,False,0.1503718428968998,36.62680264836643,35,False
NELL2,3_minus_2,167.0,0.014366292743943632,0.06281906889277215,False,0.0861255971046454,0.0,35,False
CILP,3_minus_2,167.0,0.014366292743943632,0.06281906889277215,False,0.2668953729794433,36.73492958005568,35,False
GLI2,3_minus_2,167.0,0.014366292743943632,0.06281906889277215,False,0.13869715651785186,36.400184300122525,35,False
CA4,3_minus_2,167.0,0.014366292743943632,0.06281906889277215,False,-0.07522911439220159,0.0,35,False
THBD,3_minus_2,167.0,0.014366292743943632,0.06281906889277215,False,0.08406874354780311,35.5026497349486,35,False
VWA5A,3_minus_2,144.0,0.014721718807410165,0.0642734266072357,False,-0.3323007387622283,0.0,35,False
CPQ,3_minus_2,168.0,0.015080328506883234,0.06473506871247438,False,0.08372969155035281,35.70549601218957,35,False
CLEC6A,3_minus_2,168.0,0.015080328506883234,0.06473506871247438,False,0.1981972025413385,36.72546420007179,35,False
FZD10,3_minus_2,168.0,0.015080328506883234,0.06473506871247438,False,-0.7322623033098692,0.0,35,False
NECTIN1,3_minus_2,168.0,0.015080328506883234,0.06473506871247438,False,0.2002420280139845,34.20066058385914,35,False
CCL8,3_minus_2,168.0,0.015080328506883234,0.06473506871247438,False,-0.20539195466207008,-36.46135007376148,35,False
GAST,3_minus_2,168.0,0.015080328506883234,0.06473506871247438,False,0.57663837037793,37.49099998428984,35,False
SERPINA5,3_minus_2,168.0,0.015080328506883234,0.06473506871247438,False,0.12379558015277681,2.8956785027385354,35,False
NOS3,3_minus_2,168.0,0.015080328506883234,0.06473506871247438,False,-0.3886487508218208,-34.03855136261126,35,False
ITGB6,3_minus_2,168.0,0.015080328506883234,0.06473506871247438,False,0.2261144023495505,30.227530353678493,35,False
NUMB,3_minus_2,168.0,0.015080328506883234,0.06473506871247438,False,0.21167848285806845,1.4953119888258994,35,False
CPA4,3_minus_2,168.0,0.015080328506883234,0.06473506871247438,False,0.16871630078852107,36.40882639788439,35,False
IL22,3_minus_2,169.0,0.01582449523266405,0.0670101933461383,False,-0.4162670247490724,-37.862491388930934,35,False
XIAP,3_minus_2,169.0,0.01582449523266405,0.0670101933461383,False,0.2816746040378344,1.7827340103062377,35,False
DEFA1_DEFA1B,3_minus_2,169.0,0.01582449523266405,0.0670101933461383,False,0.2601101296463715,37.089082904798,35,False
EREG,3_minus_2,169.0,0.01582449523266405,0.0670101933461383,False,-0.2369820820924835,-1.693285623008559,35,False
CRELD2,3_minus_2,169.0,0.01582449523266405,0.0670101933461383,False,0.1377451145410982,1.7787264887264804,35,False
BOC,3_minus_2,169.0,0.01582449523266405,0.0670101933461383,False,0.11228992722029871,0.0,35,False
MASP1,3_minus_2,169.0,0.01582449523266405,0.0670101933461383,False,0.1367975761129142,33.02433273909723,35,False
TGFB2,3_minus_2,169.0,0.01582449523266405,0.0670101933461383,False,0.41399975019160634,36.90866201239735,35,False
DNER,3_minus_2,169.0,0.01582449523266405,0.0670101933461383,False,-0.08281385448960162,-35.66031642513538,35,False
PCDH17,3_minus_2,170.0,0.016599797061644495,0.06925189411198651,False,0.2254587033053838,4.979488779272483,35,False
PTGDS,3_minus_2,170.0,0.016599797061644495,0.06925189411198651,False,0.14878073584033397,36.29475138196434,35,False
ENTPD5,3_minus_2,170.0,0.016599797061644495,0.06925189411198651,False,0.0863830569135622,27.288061382917956,35,False
PRSS27,3_minus_2,170.0,0.016599797061644495,0.06925189411198651,False,0.1188193451001249,0.0,35,False
C3,3_minus_2,170.0,0.016599797061644495,0.06925189411198651,False,0.10297031780899399,35.217047594463345,35,False
RARRES2,3_minus_2,170.0,0.016599797061644495,0.06925189411198651,False,0.140497331902195,1.9549961277434387,35,False
VCAN,3_minus_2,170.0,0.016599797061644495,0.06925189411198651,False,0.17617454275858618,28.724153411752223,35,False
CTRB1,3_minus_2,170.0,0.016599797061644495,0.06925189411198651,False,0.12023899138750649,1.5663208414920833,35,False
SEMA6C,3_minus_2,170.0,0.016599797061644495,0.06925189411198651,False,0.34024973816216053,37.72876170462462,35,False
MZB1,3_minus_2,170.0,0.016599797061644495,0.06925189411198651,False,0.07365832401200412,0.0,35,False
ACE2,3_minus_2,171.0,0.017407259438186884,0.07166497452914367,False,0.22489497458356633,37.17605347238421,35,False
SNCA,3_minus_2,171.0,0.017407259438186884,0.07166497452914367,False,0.45724168143844013,38.104443818220666,35,False
ARHGEF5,3_minus_2,171.0,0.017407259438186884,0.07166497452914367,False,0.22778033177828405,36.34868226401014,35,False
FCRL2,3_minus_2,171.0,0.017407259438186884,0.07166497452914367,False,-0.10474969568949283,-0.7347122076872218,35,False
TP53I3,3_minus_2,171.0,0.017407259438186884,0.07166497452914367,False,0.05760266152966864,32.2297370944088,35,False
CD6,3_minus_2,171.0,0.017407259438186884,0.07166497452914367,False,-0.14479476355637538,-35.92274424873075,35,False
PTPRS,3_minus_2,171.0,0.017407259438186884,0.07166497452914367,False,-0.11986218102664908,0.0,35,False
PRC1,3_minus_2,171.0,0.017407259438186884,0.07166497452914367,False,0.299558689555118,35.705384843404644,35,False
ZNRF4,3_minus_2,171.0,0.017407259438186884,0.07166497452914367,False,-0.2563723764158641,-1.7926191403304694,35,False
BLMH,3_minus_2,172.0,0.018247927422635257,0.07425746188170648,False,0.0897484801707111,34.29972741288168,35,False
BTD,3_minus_2,172.0,0.018247927422635257,0.07425746188170648,False,0.0756635871825212,1.0907021882012327,35,False
ISLR2,3_minus_2,172.0,0.018247927422635257,0.07425746188170648,False,-0.1913156852777797,-36.48644393943849,35,False
TUBB3,3_minus_2,172.0,0.018247927422635257,0.07425746188170648,False,0.18609789195758114,1.7551671215828417,35,False
PLTP,3_minus_2,172.0,0.018247927422635257,0.07425746188170648,False,-0.11413360956054139,-35.11275633601689,35,False
LILRA3,3_minus_2,172.0,0.018247927422635257,0.07425746188170648,False,0.1738770637031024,35.15627238037911,35,False
COL6A3,3_minus_2,172.0,0.018247927422635257,0.07425746188170648,False,0.22046235389726862,36.862970734406765,35,False
MRPS16,3_minus_2,172.0,0.018247927422635257,0.07425746188170648,False,0.23758554063385287,2.2667246308221927,35,False
GTPBP2,3_minus_2,173.0,0.019122868834529072,0.07725968240750913,False,-0.23165169837572908,-0.6100642320260876,35,False
LTO1,3_minus_2,173.0,0.019122868834529072,0.07725968240750913,False,-0.3364718502667372,0.0,35,False
SFTPD,3_minus_2,173.0,0.019122868834529072,0.07725968240750913,False,-0.1388736119504708,-1.5034162109475926,35,False
UBE2L6,3_minus_2,173.0,0.019122868834529072,0.07725968240750913,False,0.2596462303911743,1.0509495247275968,35,False
MYDGF,3_minus_2,173.0,0.019122868834529072,0.07725968240750913,False,0.39276239473053565,1.8569609798482238,35,False
TREM2,3_minus_2,161.0,0.019612782034833787,0.07912549313766755,False,0.07466541162820212,1.0956267071968349,35,False
FGF16,3_minus_2,174.0,0.02003317285561934,0.07956758076364466,False,0.43260087190958973,37.75646846092817,35,False
HMCN2,3_minus_2,174.0,0.02003317285561934,0.07956758076364466,False,0.18447871588912035,1.8794816895494961,35,False
COL1A1,3_minus_2,174.0,0.02003317285561934,0.07956758076364466,False,0.24514023168523635,36.84044974537953,35,False
DIPK1C,3_minus_2,174.0,0.02003317285561934,0.07956758076364466,False,0.5131506947060915,38.478622733955795,35,False
DSC2,3_minus_2,174.0,0.02003317285561934,0.07956758076364466,False,0.14620030814691884,36.48958016885353,35,False
FCGR3B,3_minus_2,174.0,0.02003317285561934,0.07956758076364466,False,-0.1083020100274249,-1.0480302755905146,35,False
FAP,3_minus_2,174.0,0.02003317285561934,0.07956758076364466,False,0.1259921450017334,1.1436294711119432,35,False
DDAH1,3_minus_2,174.0,0.02003317285561934,0.07956758076364466,False,0.15812670979681148,36.355931637291974,35,False
NACC1,3_minus_2,174.0,0.02003317285561934,0.07956758076364466,False,0.141948556782369,1.5217873976353533,35,False
IMPA1,3_minus_2,174.0,0.02003317285561934,0.07956758076364466,False,-0.2229403542813982,-1.7169679437940704,35,False
CCDC134,3_minus_2,174.0,0.02003317285561934,0.07956758076364466,False,0.3494833767776777,1.4854252160958787,35,False
STC1,3_minus_2,175.0,0.020979947759769857,0.0826287173307859,False,0.16864448446806368,2.228535713430083,35,False
KRT8,3_minus_2,175.0,0.020979947759769857,0.0826287173307859,False,0.6545077999638509,37.75689687136623,35,False
SEZ6L2,3_minus_2,175.0,0.020979947759769857,0.0826287173307859,False,-0.1302365623965691,-35.781076033134745,35,False
LRP2,3_minus_2,175.0,0.020979947759769857,0.0826287173307859,False,0.2292866800781418,36.93651889603598,35,False
PRSS53,3_minus_2,175.0,0.020979947759769857,0.0826287173307859,False,0.09277835556934377,35.73766716225521,35,False
AREG,3_minus_2,175.0,0.020979947759769857,0.0826287173307859,False,0.1467029584681182,0.0,35,False
NCAM2,3_minus_2,176.0,0.02196432405617088,0.085904911864135,False,-0.10257133508084959,-32.75308346929481,35,False
SERPINA11,3_minus_2,176.0,0.02196432405617088,0.085904911864135,False,0.1205696077603814,36.078242404261886,35,False
RRM2,3_minus_2,176.0,0.02196432405617088,0.085904911864135,False,0.19504694384740895,37.05521323752263,35,False
SCGB3A2,3_minus_2,176.0,0.02196432405617088,0.085904911864135,False,0.2246809485868737,0.0,35,False
MVK,3_minus_2,176.0,0.02196432405617088,0.085904911864135,False,0.2586508738366555,36.684641635550115,35,False
SPESP1,3_minus_2,177.0,0.022987453325185925,0.08843260732749121,False,0.09091795640092826,0.0,35,False
ICAM1,3_minus_2,177.0,0.022987453325185925,0.08843260732749121,False,0.05891127614761052,0.7642384456090575,35,False
VTCN1,3_minus_2,177.0,0.022987453325185925,0.08843260732749121,False,0.27097324908216025,35.35493483597842,35,False
PGLYRP4,3_minus_2,177.0,0.022987453325185925,0.08843260732749121,False,0.25700992926877086,0.0,35,False
TMPRSS11B,3_minus_2,177.0,0.022987453325185925,0.08843260732749121,False,-0.5336796866107223,-37.97906756922565,35,False
LY9,3_minus_2,177.0,0.022987453325185925,0.08843260732749121,False,-0.1193741156752099,-35.617767145674094,35,False
SLAMF6,3_minus_2,177.0,0.022987453325185925,0.08843260732749121,False,-0.30514114524909597,-3.457253967991185,35,False
CACNA1C,3_minus_2,177.0,0.022987453325185925,0.08843260732749121,False,0.7586308283866374,38.39393149929629,35,False
ACRV1,3_minus_2,177.0,0.022987453325185925,0.08843260732749121,False,0.20439547030416128,33.74558139581913,35,False
IL15,3_minus_2,177.0,0.022987453325185925,0.08843260732749121,False,0.1327143380241411,34.91824683687164,35,False
TGFBR3,3_minus_2,177.0,0.022987453325185925,0.08843260732749121,False,0.15680541774149476,35.88480985148257,35,False
FLT3,3_minus_2,177.0,0.022987453325185925,0.08843260732749121,False,-0.38978334261364567,-35.31325975204057,35,False
H2AP,3_minus_2,154.0,0.023792665925107693,0.09140538505471113,False,-0.3451670090631094,-34.54273009470439,35,False
PIKFYVE,3_minus_2,178.0,0.02405050559900701,0.09201932577011378,False,0.2673588971822217,2.4356421634514613,35,False
CTSE,3_minus_2,178.0,0.02405050559900701,0.09201932577011378,False,0.2442464111706662,36.79012366103391,35,False
WFDC2,3_minus_2,178.0,0.02405050559900701,0.09201932577011378,False,0.0792444098212404,0.0,35,False
DDT,3_minus_2,177.5,0.024311535979227552,0.09289183896540676,False,0.15582608680987858,30.323208760570783,35,False
HSPG2,3_minus_2,179.0,0.02515467262128368,0.09559454534620088,False,0.1091676221302513,0.0,35,False
MPO,3_minus_2,179.0,0.02515467262128368,0.09559454534620088,False,-0.2114880692502024,-2.908544161378998,35,False
NME1,3_minus_2,179.0,0.02515467262128368,0.09559454534620088,False,0.09013004533617139,35.77431069220084,35,False
PSMA1,3_minus_2,179.0,0.02515467262128368,0.09559454534620088,False,-0.4497097036530608,-7.242757009519765,35,False
ZP4,3_minus_2,156.0,0.026099886183534038,0.09905293732187581,False,0.1979996384442848,34.327832746220224,35,False
SERPINA9,3_minus_2,180.0,0.026301166508346796,0.09914870801540104,False,-0.2685106102931466,-37.52199080648976,35,False
CHGB,3_minus_2,180.0,0.026301166508346796,0.09914870801540104,False,0.1188181232172923,0.0,35,False
TMPRSS5,3_minus_2,180.0,0.026301166508346796,0.09914870801540104,False,-0.11743705465661099,-33.21440354677605,35,False
TPSG1,3_minus_2,180.0,0.026301166508346796,0.09914870801540104,False,0.3864937490440352,37.20662996351849,35,False
SYAP1,3_minus_2,180.0,0.026301166508346796,0.09914870801540104,False,0.11971931651397116,1.0296290073467087,35,False
TYMP,3_minus_2,181.0,0.02749121660599485,0.10267276652849006,False,0.11369939173859112,1.1409950232398594,35,False
DNPEP,3_minus_2,181.0,0.02749121660599485,0.10267276652849006,False,0.1733580751779613,34.26666264636744,35,False
RSPO3,3_minus_2,181.0,0.02749121660599485,0.10267276652849006,False,-0.18405237988659723,0.0,35,False
SEMA4C,3_minus_2,181.0,0.02749121660599485,0.10267276652849006,False,0.2077259799277687,36.052913879449314,35,False
BAG4,3_minus_2,181.0,0.02749121660599485,0.10267276652849006,False,0.1631967799894657,2.1459786435413153,35,False
MTPN,3_minus_2,181.0,0.02749121660599485,0.10267276652849006,False,0.1611550714041372,35.71280030191792,35,False
RNASET2,3_minus_2,181.0,0.02749121660599485,0.10267276652849006,False,0.1200119796564729,3.0714693547088237,35,False
HMOX1,3_minus_2,182.0,0.02872607356403023,0.10588039680145174,False,-0.189049405563195,-36.863730965746036,35,False
SERPINC1,3_minus_2,182.0,0.02872607356403023,0.10588039680145174,False,0.0656975340134337,34.71360516846543,35,False
ZBP1,3_minus_2,182.0,0.02872607356403023,0.10588039680145174,False,0.2121841426218859,34.68902779287493,35,False
CD5,3_minus_2,182.0,0.02872607356403023,0.10588039680145174,False,-0.1423356678848861,-35.89803055840206,35,False
FLRT2,3_minus_2,182.0,0.02872607356403023,0.10588039680145174,False,0.1424978803692456,0.0,35,False
SPART,3_minus_2,182.0,0.02872607356403023,0.10588039680145174,False,0.14440379581432872,0.7123203291777632,35,False
NPM1,3_minus_2,182.0,0.02872607356403023,0.10588039680145174,False,0.2960257465620755,37.32076367241441,35,False
SULT2A1,3_minus_2,182.0,0.02872607356403023,0.10588039680145174,False,0.364251459311826,37.15991937940461,35,False
PTPRH,3_minus_2,182.0,0.02872607356403023,0.10588039680145174,False,0.10958124232992539,3.7139421240186126,35,False
IL17C,3_minus_2,182.0,0.02872607356403023,0.10588039680145174,False,0.2954501028348706,36.95535878883637,35,False
CCL2,3_minus_2,170.0,0.02927186886075097,0.10775108851225455,False,-0.25776507792973646,-35.8756143075017,35,False
LRPAP1,3_minus_2,183.0,0.03000700700795278,0.10931401259300781,False,0.1146834916211647,36.012715848926405,35,False
LIPF,3_minus_2,183.0,0.03000700700795278,0.10931401259300781,False,-0.08265989599235221,-33.31867511070159,35,False
CLEC2L,3_minus_2,183.0,0.03000700700795278,0.10931401259300781,False,0.28060011941875573,2.3718558057409735,35,False
CD93,3_minus_2,183.0,0.03000700700795278,0.10931401259300781,False,-0.08628491649294939,-0.987556872677216,35,False
CDON,3_minus_2,183.0,0.03000700700795278,0.10931401259300781,False,0.21784962721696982,1.9904350851500905,35,False
SMAD5,3_minus_2,183.0,0.03000700700795278,0.10931401259300781,False,-0.1532358438148934,-36.155143467967875,35,False
ASPN,3_minus_2,183.0,0.03000700700795278,0.10931401259300781,False,0.178478540717576,36.67836990671703,35,False
LIF,3_minus_2,183.0,0.03000700700795278,0.10931401259300781,False,0.27715768296689014,36.549998938010184,35,False
GFAP,3_minus_2,184.0,0.03133530303603038,0.112264902480231,False,-0.15230414481118693,-36.079289356329824,35,False
C9,3_minus_2,184.0,0.03133530303603038,0.112264902480231,False,0.24987113400240113,37.08758395515646,35,False
USP28,3_minus_2,184.0,0.03133530303603038,0.112264902480231,False,0.10143251488315735,32.985804019039776,35,False
CD59,3_minus_2,184.0,0.03133530303603038,0.112264902480231,False,0.10508953333205619,0.0,35,False
MYL4,3_minus_2,184.0,0.03133530303603038,0.112264902480231,False,0.2500356801215302,37.33416552991657,35,False
CEACAM5,3_minus_2,184.0,0.03133530303603038,0.112264902480231,False,-0.2557359643300685,-37.16365203504461,35,False
CD300C,3_minus_2,184.0,0.03133530303603038,0.112264902480231,False,0.07880020892028711,1.173472049909563,35,False
BST1,3_minus_2,184.0,0.03133530303603038,0.112264902480231,False,-0.07589816764652679,-29.363302669430514,35,False
IL22RA1,3_minus_2,184.0,0.03133530303603038,0.112264902480231,False,0.26601873738308723,36.76179754174699,35,False
RNF31,3_minus_2,184.0,0.03133530303603038,0.112264902480231,False,0.7749068903407099,38.70341219361189,35,False
NID2,3_minus_2,184.0,0.03133530303603038,0.112264902480231,False,0.11282414038659594,33.15740392687547,35,False
IL12A_IL12B,3_minus_2,184.0,0.03133530303603038,0.112264902480231,False,-0.17363034252673942,-36.015600395418254,35,False
GNPDA1,3_minus_2,184.0,0.03133530303603038,0.112264902480231,False,0.1070016113397517,3.528469058600242,35,False
FAM3C,3_minus_2,185.0,0.03271226765355095,0.11587137825459055,False,0.14792001410612068,0.0,35,False
RNF168,3_minus_2,185.0,0.03271226765355095,0.11587137825459055,False,0.29707776733920777,34.44999404716251,35,False
RGMA,3_minus_2,185.0,0.03271226765355095,0.11587137825459055,False,-0.14166850121232688,0.0,35,False
RCC1,3_minus_2,185.0,0.03271226765355095,0.11587137825459055,False,0.14609372644786067,35.177518401819945,35,False
EDNRB,3_minus_2,185.0,0.03271226765355095,0.11587137825459055,False,0.1469447148430512,0.0,35,False
NGFR,3_minus_2,185.0,0.03271226765355095,0.11587137825459055,False,0.1293102386584885,36.1500420264666,35,False
TNFAIP8,3_minus_2,185.0,0.03271226765355095,0.11587137825459055,False,0.4149560226968705,1.7803596841930316,35,False
DCBLD2,3_minus_2,185.0,0.03271226765355095,0.11587137825459055,False,0.1469178605806435,29.461945978089645,35,False
KLK14,3_minus_2,185.0,0.03271226765355095,0.11587137825459055,False,-0.1391169491372685,-3.609064859572354,35,False
MORC3,3_minus_2,186.0,0.034139224560931325,0.11883319698835922,False,0.2229016102565043,1.4890490576385416,35,False
CCL18,3_minus_2,186.0,0.034139224560931325,0.11883319698835922,False,-0.1428913646023393,-0.9182577855678407,35,False
BTN3A2,3_minus_2,186.0,0.034139224560931325,0.11883319698835922,False,0.11116042945568394,2.004161891607303,35,False
SELP,3_minus_2,186.0,0.034139224560931325,0.11883319698835922,False,0.09693332693193668,0.7927936432693907,35,False
XG,3_minus_2,186.0,0.034139224560931325,0.11883319698835922,False,-0.1249837518026975,-3.596823244395701,35,False
FAM20A,3_minus_2,186.0,0.034139224560931325,0.11883319698835922,False,0.22078467706139768,2.3701609019699523,35,False
SART1,3_minus_2,186.0,0.034139224560931325,0.11883319698835922,False,0.17315218708026228,1.8031480526846764,35,False
TNF,3_minus_2,186.0,0.034139224560931325,0.11883319698835922,False,0.2197979973514529,36.877510885103725,35,False
CORO6,3_minus_2,186.0,0.034139224560931325,0.11883319698835922,False,0.2865660990645307,35.97303066767827,35,False
RBP1,3_minus_2,186.0,0.034139224560931325,0.11883319698835922,False,0.33813767738397055,34.84575865023715,35,False
NMNAT1,3_minus_2,186.0,0.034139224560931325,0.11883319698835922,False,0.09506932352780889,0.0,35,False
KLK15,3_minus_2,186.0,0.034139224560931325,0.11883319698835922,False,-0.11168370585268206,-31.770984005927517,35,False
PDGFRB,3_minus_2,186.0,0.034139224560931325,0.11883319698835922,False,-0.04115409256600261,-6.2843334943828255,35,False
OMD,3_minus_2,186.0,0.034139224560931325,0.11883319698835922,False,0.1391681853088318,36.37124596137645,35,False
ANXA10,3_minus_2,187.0,0.03561751253437251,0.12321734065945084,False,0.6445867412937156,39.00123490010428,35,False
FSTL1,3_minus_2,187.0,0.03561751253437251,0.12321734065945084,False,0.056642253963331696,0.0,35,False
SDK2,3_minus_2,187.0,0.03561751253437251,0.12321734065945084,False,0.1392996728739882,2.2796869883032818,35,False
PRTN3,3_minus_2,187.0,0.03561751253437251,0.12321734065945084,False,0.21977831320795482,2.427561181819713,35,False
RALB,3_minus_2,187.0,0.03561751253437251,0.12321734065945084,False,0.38532245401507714,1.8870991221734876,35,False
PDCL2,3_minus_2,163.0,0.035760740182015624,0.12356103601540613,False,-0.14819242076381922,-36.13648118355591,35,False
VEGFB,3_minus_2,188.0,0.03714848880190402,0.12710831648379312,False,0.2261165321164983,35.28715478161427,35,False
DUSP3,3_minus_2,188.0,0.03714848880190402,0.12710831648379312,False,0.3264034862212114,3.0931488311275164,35,False
TSPYL1,3_minus_2,188.0,0.03714848880190402,0.12710831648379312,False,0.24470803516562922,2.605052327768288,35,False
JAM2,3_minus_2,188.0,0.03714848880190402,0.12710831648379312,False,0.1242273990086958,35.31590678545492,35,False
BCAN,3_minus_2,188.0,0.03714848880190402,0.12710831648379312,False,-0.03261311568562186,0.0,35,False
RP2,3_minus_2,188.0,0.03714848880190402,0.12710831648379312,False,-0.13768547597171144,-1.1582923004937504,35,False
PPBP,3_minus_2,188.0,0.03714848880190402,0.12710831648379312,False,-0.3916728683286801,-1.510390774511846,35,False
HTRA2,3_minus_2,188.0,0.03714848880190402,0.12710831648379312,False,-0.20170730016414096,-1.541691462976294,35,False
PDIA3,3_minus_2,189.0,0.03873352683149278,0.13047082722187042,False,0.27400140003278517,36.66115118972708,35,False
APOB,3_minus_2,189.0,0.03873352683149278,0.13047082722187042,False,0.3437125355876236,37.61409620487737,35,False
PTPN9,3_minus_2,189.0,0.03873352683149278,0.13047082722187042,False,0.19122395595781239,33.52119980574769,35,False
IL24,3_minus_2,189.0,0.03873352683149278,0.13047082722187042,False,0.1652550699939604,36.14382860737198,35,False
RBP7,3_minus_2,189.0,0.03873352683149278,0.13047082722187042,False,0.1216528351342192,35.491396071280036,35,False
IL34,3_minus_2,189.0,0.03873352683149278,0.13047082722187042,False,0.22250753534255835,34.90700593159633,35,False
MAP1LC3A,3_minus_2,189.0,0.03873352683149278,0.13047082722187042,False,0.16556969561930968,36.65156207306583,35,False
APP,3_minus_2,189.0,0.03873352683149278,0.13047082722187042,False,-0.10213278930885306,-35.91180865803889,35,False
MARS1,3_minus_2,189.0,0.03873352683149278,0.13047082722187042,False,0.147130669702151,0.6118519618010982,35,False
RETN,3_minus_2,189.0,0.03873352683149278,0.13047082722187042,False,0.0990067301207257,35.76193461332676,35,False
UBE2Z,3_minus_2,189.0,0.03873352683149278,0.13047082722187042,False,0.2153963017169585,1.68040388910761,35,False
SCARB1,3_minus_2,189.0,0.03873352683149278,0.13047082722187042,False,0.5522679343939585,36.530864750396795,35,False
CDH1,3_minus_2,189.0,0.03873352683149278,0.13047082722187042,False,0.15028474746198062,36.26589931243945,35,False
CLEC10A,3_minus_2,190.0,0.04037401336245239,0.1350275791314322,False,-0.12279105200821172,-1.4677976193860327,35,False
ITM2A,3_minus_2,190.0,0.04037401336245239,0.1350275791314322,False,-0.12755334013122518,0.0,35,False
SNAP25,3_minus_2,190.0,0.04037401336245239,0.1350275791314322,False,-0.0882745810153811,-0.5863847579156543,35,False
SIGLEC9,3_minus_2,190.0,0.04037401336245239,0.1350275791314322,False,-0.078294507457794,-35.383945550490424,35,False
ARID3A,3_minus_2,190.0,0.04037401336245239,0.1350275791314322,False,0.0830160635302755,35.50800720169399,35,False
MUC13,3_minus_2,190.0,0.04037401336245239,0.1350275791314322,False,0.2345762454573685,34.90077619630723,35,False
SPARC,3_minus_2,190.0,0.04061615779991606,0.13567627564005172,False,-0.1640854636141028,-1.1530705639163736,35,False
NPTN,3_minus_2,191.0,0.04207135160686448,0.138889714097222,False,0.1900800312205324,1.5499981297547911,35,False
LBP,3_minus_2,191.0,0.04207135160686448,0.138889714097222,False,0.15048755565189764,5.366813888416914,35,False
VNN1,3_minus_2,191.0,0.04207135160686448,0.138889714097222,False,0.1260936031021056,1.5403814516532128,35,False
VWC2L,3_minus_2,191.0,0.04207135160686448,0.138889714097222,False,-0.16875997886867988,0.0,35,False
SPINK2,3_minus_2,191.0,0.04207135160686448,0.138889714097222,False,-0.1532024114376957,-36.334715881557095,35,False
GNGT1,3_minus_2,191.0,0.04207135160686448,0.138889714097222,False,0.5492661099368921,38.00869727406922,35,False
SCGN,3_minus_2,191.0,0.04207135160686448,0.138889714097222,False,0.1349410405497914,35.539496711376465,35,False
IL32,3_minus_2,191.0,0.04207135160686448,0.138889714097222,False,-0.1133290098510834,-3.47102111124579,35,False
GFRA3,3_minus_2,191.0,0.04207135160686448,0.138889714097222,False,-0.062380390160026195,-1.199746245590811,35,False
TALDO1,3_minus_2,191.0,0.04207135160686448,0.138889714097222,False,0.059201490398312406,1.1493858183497914,35,False
MANEAL,3_minus_2,167.0,0.042543870697262606,0.14028517550760128,False,-0.1700523885819254,-1.5049364869577115,35,False
LHB,3_minus_2,192.0,0.043826959445141256,0.143008942986695,False,-0.20484283031213946,0.0,35,False
KLF4,3_minus_2,192.0,0.043826959445141256,0.143008942986695,False,0.15573355917219012,36.28470315693286,35,False
PLXDC2,3_minus_2,192.0,0.043826959445141256,0.143008942986695,False,-0.1437903232836092,-35.445533759787466,35,False
PNPT1,3_minus_2,192.0,0.043826959445141256,0.143008942986695,False,-0.13138480407746533,-0.8180967970611928,35,False
CLEC4A,3_minus_2,192.0,0.043826959445141256,0.143008942986695,False,-0.11478755742363744,-0.8193784539088254,35,False
STX7,3_minus_2,192.0,0.043826959445141256,0.143008942986695,False,0.09955023804341068,35.3744222851909,35,False
IL6R,3_minus_2,192.0,0.043826959445141256,0.143008942986695,False,0.044438985697745625,0.0,35,False
RABEP1,3_minus_2,192.0,0.043826959445141256,0.143008942986695,False,0.1230717990104983,0.5421624515963748,35,False
PGR,3_minus_2,192.0,0.043826959445141256,0.143008942986695,False,0.2549546826853768,36.000896850625985,35,False
NTF3,3_minus_2,193.0,0.04564226575894281,0.14773404641055513,False,-0.2717333705215726,-36.498059214262135,35,False
MTDH,3_minus_2,193.0,0.04564226575894281,0.14773404641055513,False,0.5385277515205459,1.7643745347438786,35,False
TP73,3_minus_2,193.0,0.04564226575894281,0.14773404641055513,False,0.8683920145279067,34.41080476401215,35,False
KEL,3_minus_2,193.0,0.04564226575894281,0.14773404641055513,False,0.09122359677378372,0.0,35,False
AMY1A_AMY1B_AMY1C,3_minus_2,193.0,0.04564226575894281,0.14773404641055513,False,0.1176691492022395,36.06830739945439,35,False
MEGF11,3_minus_2,193.0,0.04564226575894281,0.14773404641055513,False,0.2216288709037771,5.471942658471141,35,False
TPT1,3_minus_2,193.0,0.04564226575894281,0.14773404641055513,False,0.2916957865932037,0.0,35,False
AMY2A,3_minus_2,194.0,0.04751871415646747,0.1517150783045492,False,0.1899081569749353,36.62128422626302,35,False
PDZK1,3_minus_2,194.0,0.04751871415646747,0.1517150783045492,False,0.17341892077214366,36.14750060827959,35,False
GSTA3,3_minus_2,194.0,0.04751871415646747,0.1517150783045492,False,0.18592166479080718,1.4767533766845922,35,False
KRT5,3_minus_2,194.0,0.04751871415646747,0.1517150783045492,False,0.3082029283190266,36.62513990946784,35,False
CDH2,3_minus_2,194.0,0.04751871415646747,0.1517150783045492,False,0.1279800892826757,32.895664565586365,35,False
CD300A,3_minus_2,194.0,0.04751871415646747,0.1517150783045492,False,0.1161359766066013,1.6852793136271906,35,False
SLC27A4,3_minus_2,194.0,0.04751871415646747,0.1517150783045492,False,0.2414782798427636,0.8003779662068365,35,False
LSM1,3_minus_2,194.0,0.04751871415646747,0.1517150783045492,False,0.3332392528484548,37.35065805505006,35,False
CCL23,3_minus_2,194.0,0.04751871415646747,0.1517150783045492,False,-0.2414540275124493,-36.873312471511916,35,False
DKK3,3_minus_2,194.0,0.04751871415646747,0.1517150783045492,False,-0.0976243493868721,-33.9117893098758,35,False
NDUFA5,3_minus_2,194.0,0.04751871415646747,0.1517150783045492,False,0.501456826104427,38.08102741320258,35,False
MAG,3_minus_2,194.0,0.04751871415646747,0.1517150783045492,False,-0.2487271268820844,-34.9494898216383,35,False
AGXT,3_minus_2,195.0,0.04945776046952233,0.1563109466691076,False,0.4243023402485176,38.163590662846666,35,False
TIMP1,3_minus_2,195.0,0.04945776046952233,0.1563109466691076,False,0.12418511104403732,36.04943676382549,35,False
ATP1B1,3_minus_2,195.0,0.04945776046952233,0.1563109466691076,False,0.188615452197487,2.498851185251615,35,False
CD99,3_minus_2,195.0,0.04945776046952233,0.1563109466691076,False,-0.060932654877951575,-2.533957886852829,35,False
TP53BP1,3_minus_2,195.0,0.04945776046952233,0.1563109466691076,False,0.14708319948724724,34.715007409688006,35,False
FIS1,3_minus_2,195.0,0.04945776046952233,0.1563109466691076,False,0.13660760582949,1.24144539545216,35,False
EPHA4,3_minus_2,195.0,0.04945776046952233,0.1563109466691076,False,0.1285761964150854,2.381934475886381,35,False
CLTA,3_minus_2,195.0,0.04945776046952233,0.1563109466691076,False,0.19322985815144858,37.03263465825582,35,False
ACRBP,3_minus_2,195.0,0.04945776046952233,0.1563109466691076,False,0.2280905544865406,1.5792166521504454,35,False
CEBPB,3_minus_2,196.0,0.051460869144648314,0.16119444661994398,False,0.2224671035354459,36.76816538234879,35,False
TGOLN2,3_minus_2,196.0,0.051460869144648314,0.16119444661994398,False,0.0974862235193279,35.077443292086535,35,False
LMOD2,3_minus_2,196.0,0.051460869144648314,0.16119444661994398,False,0.6462320175327949,33.32356965662009,35,False
SLC9A3R1,3_minus_2,196.0,0.051460869144648314,0.16119444661994398,False,0.2046405991013223,0.9361879263063856,35,False
AHCY,3_minus_2,196.0,0.051460869144648314,0.16119444661994398,False,0.2601130158286107,2.251241938141346,35,False
TEX33,3_minus_2,196.0,0.051460869144648314,0.16119444661994398,False,-0.518339609851363,-36.47233536783913,35,False
EHD3,3_minus_2,196.0,0.051460869144648314,0.16119444661994398,False,-0.16397272588414857,-0.29624032559447055,35,False
NPC2,3_minus_2,196.0,0.051460869144648314,0.16119444661994398,False,0.07398096652344599,0.0,35,False
DNAJB2,3_minus_2,184.0,0.052324482751182046,0.16371749269703184,False,0.02703060586982292,0.0,35,False
SLC16A1,3_minus_2,197.0,0.05352951702661812,0.16564738455709518,False,0.12272247110676449,0.0,35,False
RELT,3_minus_2,197.0,0.05352951702661812,0.16564738455709518,False,0.12118710056440521,0.0,35,False
TNFSF14,3_minus_2,197.0,0.05352951702661812,0.16564738455709518,False,-0.162962803018926,-1.293639365713067,35,False
ENPEP,3_minus_2,197.0,0.05352951702661812,0.16564738455709518,False,0.2921395792748561,4.169156191096728,35,False
TPK1,3_minus_2,197.0,0.05352951702661812,0.16564738455709518,False,0.07128813025068631,2.8135406488375523,35,False
MAPK9,3_minus_2,197.0,0.05352951702661812,0.16564738455709518,False,0.1288240457458552,1.973601254340405,35,False
HNRNPUL1,3_minus_2,197.0,0.05352951702661812,0.16564738455709518,False,0.2371410177841986,1.017806990967992,35,False
HHEX,3_minus_2,197.0,0.05352951702661812,0.16564738455709518,False,0.15861281896433455,1.4751057467044681,35,False
CFHR2,3_minus_2,197.0,0.05352951702661812,0.16564738455709518,False,0.14072243551085584,36.213109124763974,35,False
BPIFA2,3_minus_2,197.0,0.05352951702661812,0.16564738455709518,False,-0.20665128222411533,-36.944493494293674,35,False
CEP350,3_minus_2,173.0,0.054738646894247726,0.16920310609681846,False,-0.8976319890038162,-36.58629632652687,35,False
DMD,3_minus_2,198.0,0.055665190739091486,0.17075509490335689,False,0.13982700730448333,35.626094117280786,35,False
FOXJ3,3_minus_2,198.0,0.055665190739091486,0.17075509490335689,False,0.2275905882553252,2.3208257892969497,35,False
S100A3,3_minus_2,198.0,0.055665190739091486,0.17075509490335689,False,0.30031247758312124,4.493525894024425,35,False
FGF6,3_minus_2,198.0,0.055665190739091486,0.17075509490335689,False,0.3212953816559469,0.0,35,False
PDE5A,3_minus_2,198.0,0.055665190739091486,0.17075509490335689,False,0.2258219572822239,0.6991281877719306,35,False
TNFRSF1B,3_minus_2,198.0,0.055665190739091486,0.17075509490335689,False,0.10926487999359309,35.852028794758596,35,False
NEFL,3_minus_2,198.0,0.055665190739091486,0.17075509490335689,False,0.23730319560004903,2.7454752752512093,35,False
CLASP1,3_minus_2,174.0,0.05703066772980522,0.17475338446913113,False,-0.23117431210244654,-0.9633043310958336,35,False
CD177,3_minus_2,199.0,0.057869382842909545,0.17560364448882898,False,0.10147824774041303,0.7004204066950618,35,False
SETMAR,3_minus_2,199.0,0.057869382842909545,0.17560364448882898,False,0.062407240513464385,0.9367467009011449,35,False
ARG1,3_minus_2,199.0,0.057869382842909545,0.17560364448882898,False,-0.2027976610773251,-35.70953298504545,35,False
AKR7L,3_minus_2,199.0,0.057869382842909545,0.17560364448882898,False,0.27293096619091706,36.55600283142165,35,False
GLB1,3_minus_2,199.0,0.057869382842909545,0.17560364448882898,False,0.1058999948889033,5.035694776399824,35,False
DBN1,3_minus_2,199.0,0.057869382842909545,0.17560364448882898,False,0.0730127109547424,0.44069362048293903,35,False
PALM,3_minus_2,199.0,0.057869382842909545,0.17560364448882898,False,-0.0747305772642963,-0.9542092376957265,35,False
SMNDC1,3_minus_2,199.0,0.057869382842909545,0.17560364448882898,False,0.05836604865280226,0.8036617839241287,35,False
CTSS,3_minus_2,199.0,0.057869382842909545,0.17560364448882898,False,0.07345034638220799,4.310363703606692,35,False
NPPB,3_minus_2,200.0,0.06014359573600814,0.1801748570134031,False,-0.7182049711153023,0.0,35,False
HDAC8,3_minus_2,200.0,0.06014359573600814,0.1801748570134031,False,0.26627978113715334,0.0,35,False
KIF1C,3_minus_2,200.0,0.06014359573600814,0.1801748570134031,False,0.17935110150313902,36.85674661405728,35,False
NFIC,3_minus_2,200.0,0.06014359573600814,0.1801748570134031,False,0.12350874854217442,1.4873545010059372,35,False
ASS1,3_minus_2,200.0,0.06014359573600814,0.1801748570134031,False,-0.4522741894588911,-36.668861387830624,35,False
TOP2B,3_minus_2,200.0,0.06014359573600814,0.1801748570134031,False,0.17689661807626733,1.0880340529758672,35,False
CDH15,3_minus_2,200.0,0.06014359573600814,0.1801748570134031,False,0.0937312848539375,0.0,35,False
FGFBP2,3_minus_2,200.0,0.06014359573600814,0.1801748570134031,False,0.06653417664395633,0.4018574548959083,35,False
IFIT3,3_minus_2,200.0,0.06014359573600814,0.1801748570134031,False,0.16818638651349319,1.1302715964773968,35,False
NCR1,3_minus_2,200.0,0.06014359573600814,0.1801748570134031,False,0.1038484076091506,1.780207543808136,35,False
TPR,3_minus_2,200.0,0.06014359573600814,0.1801748570134031,False,0.1269190148105931,33.85595836945534,35,False
COL18A1,3_minus_2,200.0,0.06014359573600814,0.1801748570134031,False,0.1151070693971269,0.0,35,False
AHSG,3_minus_2,200.5,0.060731760617516055,0.18174350467473455,False,0.067605864370548,0.8943071292930431,35,False
SDHB,3_minus_2,201.0,0.062489338393788785,0.18562233851994642,False,-0.08206758961572469,-34.86150362459622,35,False
CCT5,3_minus_2,201.0,0.062489338393788785,0.18562233851994642,False,-0.1331008506238264,-1.906158789008963,35,False
HSPA1A,3_minus_2,201.0,0.062489338393788785,0.18562233851994642,False,0.06394034387675263,0.3078425639919894,35,False
IL20RA,3_minus_2,201.0,0.062489338393788785,0.18562233851994642,False,0.3866681518543653,37.746327224311926,35,False
SERPINI2,3_minus_2,201.0,0.062489338393788785,0.18562233851994642,False,-0.057719520133675914,-0.40439177083805816,35,False
FUT8,3_minus_2,201.0,0.062489338393788785,0.18562233851994642,False,0.1623704509401668,1.956950123393801,35,False
NCAM1,3_minus_2,201.0,0.062489338393788785,0.18562233851994642,False,-0.048928159048130304,0.0,35,False
MAP2,3_minus_2,189.0,0.06360024068372597,0.188723158867621,False,0.05143592191867957,1.861955148190012,35,False
SLC34A3,3_minus_2,177.0,0.06439027338414072,0.19086632615762134,False,-0.6188129305608636,-38.00344445141682,35,False
CFH,3_minus_2,202.0,0.06490812310948968,0.1911938019626809,False,0.0712856647567926,0.6524347560015956,35,False
CD160,3_minus_2,202.0,0.06490812310948968,0.1911938019626809,False,0.06505857946225169,0.0,35,False
ATF2,3_minus_2,202.0,0.06490812310948968,0.1911938019626809,False,-0.13530345130814728,-35.89316313648408,35,False
SF3B4,3_minus_2,202.0,0.06490812310948968,0.1911938019626809,False,-0.2373883443026179,-36.97786227213626,35,False
TLR1,3_minus_2,202.0,0.06490812310948968,0.1911938019626809,False,0.2329097931216078,3.230848992105717,35,False
EZR,3_minus_2,202.0,0.06490812310948968,0.1911938019626809,False,0.1487843683148537,36.379672044157395,35,False
TERF1,3_minus_2,203.0,0.06740146887023002,0.1970950533110776,False,0.15450887477929764,36.616691170901284,35,False
STAB2,3_minus_2,203.0,0.06740146887023002,0.1970950533110776,False,0.10292901916549699,1.1228394677766975,35,False
SPRR1B,3_minus_2,203.0,0.06740146887023002,0.1970950533110776,False,0.2514622254212826,35.50151363474822,35,False
CXCL16,3_minus_2,203.0,0.06740146887023002,0.1970950533110776,False,0.1049652888108322,35.498287626034816,35,False
SUOX,3_minus_2,203.0,0.06740146887023002,0.1970950533110776,False,0.10349132276862838,0.0,35,False
IDUA,3_minus_2,203.0,0.06740146887023002,0.1970950533110776,False,0.061388609399321205,0.633834102193942,35,False
CSPG5,3_minus_2,203.0,0.06740146887023002,0.1970950533110776,False,-0.2688689098366742,-34.92783662531819,35,False
GNLY,3_minus_2,204.0,0.06997089827200398,0.20209030721432122,False,-0.1837359001546941,-34.9736210572085,35,False
NENF,3_minus_2,204.0,0.06997089827200398,0.20209030721432122,False,0.13599385269599018,35.693220193716755,35,False
REPS1,3_minus_2,204.0,0.06997089827200398,0.20209030721432122,False,0.26763056590328377,37.10426812331159,35,False
MEGF9,3_minus_2,204.0,0.06997089827200398,0.20209030721432122,False,0.0854386575840942,1.3021044321631978,35,False
LRCH4,3_minus_2,204.0,0.06997089827200398,0.20209030721432122,False,0.18673443720605348,0.989686854770285,35,False
ARHGAP45,3_minus_2,204.0,0.06997089827200398,0.20209030721432122,False,0.059550502752368895,0.2201156695354073,35,False
APOD,3_minus_2,204.0,0.06997089827200398,0.20209030721432122,False,-0.17493241749239208,-33.91067810649312,35,False
IL2RA,3_minus_2,204.0,0.06997089827200398,0.20209030721432122,False,-0.07198879308996009,-0.45367463229802285,35,False
CDKL5,3_minus_2,204.0,0.06997089827200398,0.20209030721432122,False,0.1836343445537868,36.958478692272294,35,False
MMP1,3_minus_2,204.0,0.06997089827200398,0.20209030721432122,False,0.0722133860803264,0.0,35,False
MMP3,3_minus_2,204.0,0.06997089827200398,0.20209030721432122,False,0.08143367206263319,0.0,35,False
PTPRB,3_minus_2,204.0,0.06997089827200398,0.20209030721432122,False,0.07196253613186943,1.1580689461916387,35,False
GET3,3_minus_2,205.0,0.07261793391080573,0.2071855135692289,False,0.12342043775212885,1.3581480354795832,35,False
HCG22,3_minus_2,205.0,0.07261793391080573,0.2071855135692289,False,-0.5619832069346276,0.0,35,False
CCL5,3_minus_2,205.0,0.07261793391080573,0.2071855135692289,False,-0.25082002161433703,-1.191265234011131,35,False
ANXA2,3_minus_2,205.0,0.07261793391080573,0.2071855135692289,False,0.19780853705619433,1.921631663899866,35,False
GRSF1,3_minus_2,180.0,0.07251675820866361,0.2071855135692289,False,-0.32248385038364025,-1.342979427995747,35,False
SERPIND1,3_minus_2,205.0,0.07261793391080573,0.2071855135692289,False,0.07234588383117072,0.6250749733662458,35,False
ALDH2,3_minus_2,205.0,0.07261793391080573,0.2071855135692289,False,0.091679728602373,1.3252746391022159,35,False
SIGLEC8,3_minus_2,205.0,0.07261793391080573,0.2071855135692289,False,0.11958939789287049,1.2734978855303112,35,False
TSPAN1,3_minus_2,205.0,0.07261793391080573,0.2071855135692289,False,0.0660488041446148,34.94461161963679,35,False
IL31RA,3_minus_2,205.0,0.07261793391080573,0.2071855135692289,False,0.2674717940468247,37.51955740553123,35,False
FST,3_minus_2,205.0,0.07261793391080573,0.2071855135692289,False,0.268590736051999,36.35676281573452,35,False
LUZP2,3_minus_2,205.0,0.07261793391080573,0.2071855135692289,False,-0.06714414349281149,0.0,35,False
PDGFA,3_minus_2,193.0,0.07400445354273213,0.2109276732553985,False,-0.23627733658786843,-2.1514362054383325,35,False
FHIT,3_minus_2,206.0,0.07534410152584314,0.21259417825328084,False,-0.1577296086283031,-1.1121191131345607,35,False
MDK,3_minus_2,206.0,0.07534410152584314,0.21259417825328084,False,0.054529488738845444,34.49124872562211,35,False
CALCB,3_minus_2,206.0,0.07534410152584314,0.21259417825328084,False,0.06298065138869101,0.0,35,False
LTA4H,3_minus_2,206.0,0.07534410152584314,0.21259417825328084,False,0.13931317425003828,2.0351517015732576,35,False
FCGR2A,3_minus_2,206.0,0.07534410152584314,0.21259417825328084,False,0.06901687897169695,2.9212273730231946,35,False
POLR2F,3_minus_2,206.0,0.07534410152584314,0.21259417825328084,False,0.1015140020424512,35.97154224338327,35,False
PRKG1,3_minus_2,206.0,0.07534410152584314,0.21259417825328084,False,0.1683263197722769,0.634843879398305,35,False
HAO1,3_minus_2,206.0,0.07534410152584314,0.21259417825328084,False,0.27372998328159404,36.61631140368748,35,False
TPSAB1,3_minus_2,206.0,0.07534410152584314,0.21259417825328084,False,-0.051637790411213025,-1.9796128410409368,35,False
TDRKH,3_minus_2,206.0,0.07534410152584314,0.21259417825328084,False,0.19300543500996908,0.8488651224310523,35,False
IL6,3_minus_2,207.0,0.07815092743840069,0.2198531585080283,False,0.20348145935557366,31.71890297320884,35,False
FCRLB,3_minus_2,207.0,0.07815092743840069,0.2198531585080283,False,0.08310920296743374,2.3493234688823597,35,False
CAPG,3_minus_2,207.0,0.07815092743840069,0.2198531585080283,False,0.1238056451163167,1.5203690541342316,35,False
JAM3,3_minus_2,208.0,0.08103993412805721,0.2243937605748369,False,0.104147632502042,1.5503551741184711,35,False
RNASE6,3_minus_2,208.0,0.08103993412805721,0.2243937605748369,False,0.06014764496643987,6.573249838830605,35,False
MMP13,3_minus_2,208.0,0.08103993412805721,0.2243937605748369,False,0.20634824407491154,36.9796085899662,35,False
PPP1CC,3_minus_2,208.0,0.08103993412805721,0.2243937605748369,False,-0.1276881723579213,-1.1336981599647484,35,False
SCIN,3_minus_2,208.0,0.08103993412805721,0.2243937605748369,False,0.26957369045281077,1.37235915297782,35,False
DDX4,3_minus_2,208.0,0.08103993412805721,0.2243937605748369,False,0.38306243925023903,36.51371886166422,35,False
CA14,3_minus_2,208.0,0.08103993412805721,0.2243937605748369,False,-0.1307926903373272,-33.850122757904984,35,False
GBP2,3_minus_2,208.0,0.08103993412805721,0.2243937605748369,False,0.23467577586192434,1.8135863646631165,35,False
REG4,3_minus_2,208.0,0.08103993412805721,0.2243937605748369,False,-0.143689864866627,-35.54010686936757,35,False
EFCAB2,3_minus_2,208.0,0.08103993412805721,0.2243937605748369,False,0.19119332147502682,1.183084217081369,35,False
RABEPK,3_minus_2,208.0,0.08103993412805721,0.2243937605748369,False,0.11193126273070689,0.8907130981082295,35,False
SERPINA4,3_minus_2,208.0,0.08103993412805721,0.2243937605748369,False,0.0264642651974372,0.0,35,False
PRDX6,3_minus_2,208.0,0.08103993412805721,0.2243937605748369,False,0.2624428871755115,2.891287615999535,35,False
CEACAM21,3_minus_2,208.0,0.08103993412805721,0.2243937605748369,False,0.11096018420837961,1.6122887956768406,35,False
LGALS4,3_minus_2,208.0,0.08103993412805721,0.2243937605748369,False,0.076938577195096,0.0,35,False
SLIT2,3_minus_2,208.0,0.08103993412805721,0.2243937605748369,False,0.12047355065612178,0.0,35,False
SMOC2,3_minus_2,209.0,0.08401264401618391,0.2314868938841232,False,0.0956220892415513,2.8255022701740886,35,False
LYSMD3,3_minus_2,209.0,0.08401264401618391,0.2314868938841232,False,-0.08660736486892162,-35.31342491441992,35,False
ANP32C,3_minus_2,209.0,0.08401264401618391,0.2314868938841232,False,0.1378031849995571,1.143473514969034,35,False
SPINT2,3_minus_2,209.0,0.08401264401618391,0.2314868938841232,False,0.19718211277543168,36.911896214557835,35,False
RBP2,3_minus_2,209.0,0.08401264401618391,0.2314868938841232,False,0.3502273246598905,37.968898227002875,35,False
PLIN3,3_minus_2,210.0,0.08707057620631531,0.2368992682096463,False,0.11810564144336311,0.9460863592266675,35,False
FLT1,3_minus_2,210.0,0.08707057620631531,0.2368992682096463,False,0.0971572249446868,0.0,35,False
BCL2L15,3_minus_2,210.0,0.08707057620631531,0.2368992682096463,False,0.2731889541371351,36.43435700455528,35,False
CD63,3_minus_2,210.0,0.08707057620631531,0.2368992682096463,False,0.04115571698079162,0.36584614427262546,35,False
PKD2,3_minus_2,210.0,0.08707057620631531,0.2368992682096463,False,0.16976728161259325,1.3908061473781679,35,False
CPOX,3_minus_2,210.0,0.08707057620631531,0.2368992682096463,False,0.1295673096782178,35.030450446694886,35,False
SPON1,3_minus_2,210.0,0.08707057620631531,0.2368992682096463,False,-0.09921905263495878,-35.74895448617924,35,False
IFNL1,3_minus_2,210.0,0.08707057620631531,0.2368992682096463,False,0.2862306442981745,37.42087905980348,35,False
PAGR1,3_minus_2,210.0,0.08707057620631531,0.2368992682096463,False,-0.1499376094884089,-2.79364033328695,35,False
MYBPC2,3_minus_2,210.0,0.08707057620631531,0.2368992682096463,False,0.10146276978193551,5.799109620498508,35,False
AGER,3_minus_2,210.0,0.08707057620631531,0.2368992682096463,False,-0.15985918532975385,-36.20490989794563,35,False
BHLHE40,3_minus_2,210.0,0.08707057620631531,0.2368992682096463,False,0.6161639582621342,37.592179204282516,35,False
CGB3_CGB5_CGB8,3_minus_2,210.0,0.08707057620631531,0.2368992682096463,False,-0.3096124519982708,-36.416279831676995,35,False
LY6D,3_minus_2,211.0,0.0902152419439517,0.24241042110130534,False,0.0468378960736886,0.0,35,False
ESM1,3_minus_2,211.0,0.0902152419439517,0.24241042110130534,False,-0.11733608246520677,0.0,35,False
TGFBR2,3_minus_2,211.0,0.0902152419439517,0.24241042110130534,False,0.05074234655610865,0.6886817714322836,35,False
BRD3,3_minus_2,211.0,0.0902152419439517,0.24241042110130534,False,-0.2406039848117414,-0.8458509040685255,35,False
GLT8D2,3_minus_2,211.0,0.0902152419439517,0.24241042110130534,False,0.1342384849154716,30.832702228877455,35,False
GFER,3_minus_2,211.0,0.0902152419439517,0.24241042110130534,False,-0.1778041533816721,-36.79291998615236,35,False
CCL21,3_minus_2,211.0,0.0902152419439517,0.24241042110130534,False,-0.09642638350082461,-35.57933962438608,35,False
GALNT7,3_minus_2,211.0,0.0902152419439517,0.24241042110130534,False,-0.04107114511258089,0.0,35,False
RNASE1,3_minus_2,211.0,0.0902152419439517,0.24241042110130534,False,0.05050851461350386,0.0,35,False
FCRL5,3_minus_2,211.0,0.0902152419439517,0.24241042110130534,False,-0.0711485584861091,-1.4322217111516307,35,False
AMIGO2,3_minus_2,211.0,0.0902152419439517,0.24241042110130534,False,0.032938977729320806,0.0,35,False
SLC1A4,3_minus_2,211.0,0.0902152419439517,0.24241042110130534,False,-0.11542990641225193,-36.215664712453616,35,False
CNDP1,3_minus_2,211.0,0.0902152419439517,0.24241042110130534,False,0.13034137436739524,35.00159091795246,35,False
DCUN1D2,3_minus_2,186.0,0.09128755083125463,0.2450579057586397,False,-0.2226893540335002,0.0,35,False
IGDCC3,3_minus_2,212.0,0.0934481488657184,0.24825470491119153,False,0.20759173552301058,5.047376772324437,35,False
RALY,3_minus_2,212.0,0.0934481488657184,0.24825470491119153,False,0.13989058502668217,1.1062180148207201,35,False
C1QBP,3_minus_2,212.0,0.0934481488657184,0.24825470491119153,False,0.04727475760179972,34.52887709001632,35,False
ARSB,3_minus_2,212.0,0.0934481488657184,0.24825470491119153,False,0.1487313593146853,0.7717880389579157,35,False
DNM1,3_minus_2,212.0,0.0934481488657184,0.24825470491119153,False,-0.2082977027828785,-0.5726450157643053,35,False
IL10,3_minus_2,212.0,0.0934481488657184,0.24825470491119153,False,0.18051369667309347,2.9236839939543553,35,False
IL18RAP,3_minus_2,212.0,0.0934481488657184,0.24825470491119153,False,-0.12049253529915904,0.0,35,False
PLXNB3,3_minus_2,212.0,0.0934481488657184,0.24825470491119153,False,0.10612731584819568,35.91732862865944,35,False
SNX2,3_minus_2,212.0,0.0934481488657184,0.24825470491119153,False,-0.11868585376158425,-0.2701781674110771,35,False
THRAP3,3_minus_2,212.0,0.0934481488657184,0.24825470491119153,False,-0.14266983142407413,-31.280173221459634,35,False
IGFL4,3_minus_2,212.0,0.0934481488657184,0.24825470491119153,False,0.21359582318010562,1.16453316503322,35,False
LCN2,3_minus_2,200.0,0.09553225749477287,0.2535521556128939,False,0.0648707600504065,0.0,35,False
MYOM2,3_minus_2,213.0,0.09677079727407545,0.2542038853766758,False,0.5620882022248671,37.97448906839916,35,False
ACOX1,3_minus_2,213.0,0.09677079727407545,0.2542038853766758,False,-0.22531229178040602,-35.74055791219156,35,False
REG1A,3_minus_2,213.0,0.09677079727407545,0.2542038853766758,False,0.10520205064617161,35.602761000400136,35,False
LACRT,3_minus_2,213.0,0.09677079727407545,0.2542038853766758,False,0.19407656958455988,1.6176174985632181,35,False
CD101,3_minus_2,213.0,0.09677079727407545,0.2542038853766758,False,0.03343500836009611,0.49776805159080073,35,False
NFU1,3_minus_2,213.0,0.09677079727407545,0.2542038853766758,False,-0.37386377097585743,-1.3428408654274133,35,False
ACAA1,3_minus_2,213.0,0.09677079727407545,0.2542038853766758,False,0.19471712269123143,0.9561111405439572,35,False
NTRK2,3_minus_2,213.0,0.09677079727407545,0.2542038853766758,False,-0.12660808266410412,-35.13760091257566,35,False
GAD2,3_minus_2,213.0,0.09677079727407545,0.2542038853766758,False,0.2947069725201784,8.528482729718247,35,False
TP53INP1,3_minus_2,213.0,0.09677079727407545,0.2542038853766758,False,0.07978385245056849,3.9456062718460214,35,False
KLK7,3_minus_2,213.0,0.09677079727407545,0.2542038853766758,False,-0.2054475771874879,-35.4909052527492,35,False
PTP4A3,3_minus_2,214.0,0.1001846757135354,0.2600184763219499,False,0.11583296596920611,0.0,35,False
RBPMS,3_minus_2,214.0,0.1001846757135354,0.2600184763219499,False,0.1797310699335109,7.623063760512469,35,False
MINK1,3_minus_2,214.0,0.1001846757135354,0.2600184763219499,False,-0.2709144343580956,-0.7252147573688366,35,False
KCNIP4,3_minus_2,214.0,0.1001846757135354,0.2600184763219499,False,0.2440697448679482,0.0,35,False
ITGA11,3_minus_2,214.0,0.1001846757135354,0.2600184763219499,False,-0.15927384306772757,-36.7208918447709,35,False
PTGES2,3_minus_2,214.0,0.1001846757135354,0.2600184763219499,False,0.29098090257557546,2.644736481667957,35,False
CKMT1A_CKMT1B,3_minus_2,214.0,0.1001846757135354,0.2600184763219499,False,-0.1646883105433077,-36.14026280722907,35,False
MRPL28,3_minus_2,214.0,0.1001846757135354,0.2600184763219499,False,-0.20901915864691023,-36.268149036760796,35,False
IL10RA,3_minus_2,214.0,0.1001846757135354,0.2600184763219499,False,0.09078444441516942,1.2804741827716053,35,False
SOD3,3_minus_2,214.0,0.1001846757135354,0.2600184763219499,False,-0.11323755854842661,0.0,35,False
MEGF10,3_minus_2,214.0,0.1001846757135354,0.2600184763219499,False,-0.07111509636762403,-0.77307801696898,35,False
ADAMTS1,3_minus_2,214.0,0.1001846757135354,0.2600184763219499,False,0.14848546082675207,1.7891616907751864,35,False
COMMD1,3_minus_2,214.0,0.1001846757135354,0.2600184763219499,False,0.0815254436883166,0.4123369278285587,35,False
TXNL1,3_minus_2,215.0,0.10369126504519954,0.26544963851571085,False,0.29491753482018657,4.407683152085385,35,False
TNFRSF17,3_minus_2,215.0,0.10369126504519954,0.26544963851571085,False,-0.165017850183728,0.0,35,False
MATN2,3_minus_2,215.0,0.10369126504519954,0.26544963851571085,False,0.1154591830171842,4.9987347281355845,35,False
GPIHBP1,3_minus_2,215.0,0.10369126504519954,0.26544963851571085,False,-0.2400725761405517,0.0,35,False
DPP6,3_minus_2,215.0,0.10369126504519954,0.26544963851571085,False,0.0683259164004556,0.0,35,False
PRKCQ,3_minus_2,215.0,0.10369126504519954,0.26544963851571085,False,0.0030815965131643086,0.0,35,False
GAPDH,3_minus_2,215.0,0.10369126504519954,0.26544963851571085,False,0.038050056205117144,0.23752902819149724,35,False
PM20D1,3_minus_2,215.0,0.10369126504519954,0.26544963851571085,False,0.11627119612089332,34.89258306495503,35,False
LYN,3_minus_2,215.0,0.10369126504519954,0.26544963851571085,False,-0.22846883476430957,-1.5340286439596005,35,False
MTIF3,3_minus_2,215.0,0.10369126504519954,0.26544963851571085,False,-0.2708792838302494,-0.8413849561103155,35,False
CD72,3_minus_2,215.0,0.10369126504519954,0.26544963851571085,False,0.061428024710888374,0.6960413315036607,35,False
PNLIP,3_minus_2,215.0,0.10369126504519954,0.26544963851571085,False,0.09926509183875282,0.0,35,False
PLB1,3_minus_2,215.0,0.10369126504519954,0.26544963851571085,False,-0.07516108515743951,0.0,35,False
ICAM5,3_minus_2,215.0,0.10369126504519954,0.26544963851571085,False,-0.1467558451060599,0.0,35,False
APPL2,3_minus_2,215.0,0.10369126504519954,0.26544963851571085,False,0.09400689005774998,0.1933741600111319,35,False
CD276,3_minus_2,216.0,0.10729203431401402,0.2719481265780949,False,0.09229208142099721,33.78515713643415,35,False
SERPINB1,3_minus_2,216.0,0.10729203431401402,0.2719481265780949,False,-0.23932971204767578,-1.4476786298135478,35,False
PSAPL1,3_minus_2,216.0,0.10729203431401402,0.2719481265780949,False,0.11164931259270572,0.0,35,False
SIRPA,3_minus_2,216.0,0.10729203431401402,0.2719481265780949,False,0.073926413799977,33.99135478109421,35,False
GPRC5C,3_minus_2,216.0,0.10729203431401402,0.2719481265780949,False,0.18458458954894164,0.0,35,False
KLK4,3_minus_2,216.0,0.10729203431401402,0.2719481265780949,False,-0.07492738594793957,0.0,35,False
LXN,3_minus_2,216.0,0.10729203431401402,0.2719481265780949,False,-0.07521476884450831,-35.61909792926706,35,False
AKR1C4,3_minus_2,216.0,0.10729203431401402,0.2719481265780949,False,0.15520415624189632,0.0,35,False
YY1,3_minus_2,216.0,0.10729203431401402,0.2719481265780949,False,0.38289129618788337,2.087472918527388,35,False
FGF19,3_minus_2,216.0,0.10729203431401402,0.2719481265780949,False,0.40484344150860785,37.975273825015115,35,False
CD7,3_minus_2,216.0,0.10729203431401402,0.2719481265780949,False,0.1425709013463471,0.0,35,False
BEX3,3_minus_2,191.0,0.10975432347479411,0.27793900620955053,False,-0.18625977102181,-35.84155403383676,35,False
SSC4D,3_minus_2,217.0,0.11098843696527183,0.27806355737918637,False,-0.12880527134115288,-36.273056622724766,35,False
CD70,3_minus_2,217.0,0.11098843696527183,0.27806355737918637,False,-0.11471485871240394,-3.316021326611731,35,False
DPT,3_minus_2,217.0,0.11098843696527183,0.27806355737918637,False,0.12102060841271733,2.9272292144454792,35,False
IL31,3_minus_2,217.0,0.11098843696527183,0.27806355737918637,False,0.1422501116742999,0.0,35,False
MICB_MICA,3_minus_2,217.0,0.11098843696527183,0.27806355737918637,False,0.10329745844544447,0.7453020600824444,35,False
NAPRT,3_minus_2,217.0,0.11098843696527183,0.27806355737918637,False,0.11918571173767911,1.8825392400379293,35,False
NAGK,3_minus_2,217.0,0.11098843696527183,0.27806355737918637,False,0.13156726215433606,0.950562970973949,35,False
ITGB5,3_minus_2,217.0,0.11098843696527183,0.27806355737918637,False,-0.057475479943129015,-2.1243626348073357,35,False
TIMP4,3_minus_2,217.0,0.11098843696527183,0.27806355737918637,False,-0.16831163463481263,0.0,35,False
NFATC3,3_minus_2,217.0,0.11098843696527183,0.27806355737918637,False,0.19725000325079012,36.188198432409166,35,False
ZPR1,3_minus_2,217.0,0.11098843696527183,0.27806355737918637,False,0.3973380006518549,4.080577306082945,35,False
MAPKAPK2,3_minus_2,217.0,0.11098843696527183,0.27806355737918637,False,-0.18253246306552318,-0.4795390132602994,35,False
GPI,3_minus_2,205.0,0.1137802897380106,0.2848047074686559,False,0.0911599806602642,1.770897922749605,35,False
CEACAM8,3_minus_2,218.0,0.11478191410424188,0.285535220951895,False,0.11040350003949251,3.483483860023167,35,False
OPLAH,3_minus_2,218.0,0.11478191410424188,0.285535220951895,False,0.25691606844301895,0.8966000321301962,35,False
MAP2K6,3_minus_2,218.0,0.11478191410424188,0.285535220951895,False,-0.26549854153499386,-0.5617732456351062,35,False
APBB1IP,3_minus_2,218.0,0.11478191410424188,0.285535220951895,False,0.06839521794662723,0.7493883720307983,35,False
CLSTN2,3_minus_2,218.0,0.11478191410424188,0.285535220951895,False,-0.0871346037436711,0.0,35,False
SELE,3_minus_2,218.0,0.11478191410424188,0.285535220951895,False,0.07020623173201201,0.27872048054815235,35,False
APOBR,3_minus_2,218.0,0.11478191410424188,0.285535220951895,False,0.068491669069176,30.560373587421516,35,False
TNFRSF19,3_minus_2,219.0,0.11867389117833227,0.29161053888148664,False,0.07755966268997833,0.0,35,False
NRTN,3_minus_2,219.0,0.11867389117833227,0.29161053888148664,False,0.2016549272163087,36.21823138048895,35,False
DNAJA1,3_minus_2,193.0,0.1179209699001016,0.29161053888148664,False,0.2369121942069679,33.81899628758687,35,False
SERPINE2,3_minus_2,219.0,0.11867389117833227,0.29161053888148664,False,-0.31218001173743026,-36.760771076582365,35,False
TTN,3_minus_2,219.0,0.11867389117833227,0.29161053888148664,False,0.08164468846600059,35.07720116207547,35,False
PHYKPL,3_minus_2,219.0,0.11867389117833227,0.29161053888148664,False,0.039322367600596125,34.22806181378001,35,False
LILRB2,3_minus_2,219.0,0.11867389117833227,0.29161053888148664,False,0.074044290459932,0.7959482281587977,35,False
GH2,3_minus_2,219.0,0.11867389117833227,0.29161053888148664,False,0.12745180343120022,0.0,35,False
ENAH,3_minus_2,219.0,0.11867389117833227,0.29161053888148664,False,0.1339441642527163,0.837816073441519,35,False
SATB1,3_minus_2,219.0,0.11867389117833227,0.29161053888148664,False,0.1140086660649875,3.2858052979578636,35,False
SEPTIN8,3_minus_2,219.0,0.11867389117833227,0.29161053888148664,False,0.06663484800627179,0.0,35,False
FNTA,3_minus_2,219.0,0.11867389117833227,0.29161053888148664,False,0.12911293044705907,34.41582961987786,35,False
SMS,3_minus_2,219.0,0.11867389117833227,0.29161053888148664,False,-0.19371639999823836,-0.6685133308320849,35,False
ITGAL,3_minus_2,219.0,0.11867389117833227,0.29161053888148664,False,0.35508105326219497,37.95888208924913,35,False
FGF20,3_minus_2,220.0,0.1226657732622698,0.2995896075512158,False,0.07409312636665141,0.0,35,False
ARMCX2,3_minus_2,220.0,0.1226657732622698,0.2995896075512158,False,0.1304779044879193,0.0,35,False
RASA1,3_minus_2,220.0,0.1226657732622698,0.2995896075512158,False,0.18248445398694868,35.888307307429955,35,False
TCOF1,3_minus_2,220.0,0.1226657732622698,0.2995896075512158,False,0.12144741745124507,34.621554472644604,35,False
AOC3,3_minus_2,220.0,0.1226657732622698,0.2995896075512158,False,-0.05507427020135203,-0.4796406815040619,35,False
EFCAB14,3_minus_2,220.0,0.1226657732622698,0.2995896075512158,False,0.0848986201561941,29.02822477695164,35,False
MKI67,3_minus_2,220.0,0.1226657732622698,0.2995896075512158,False,0.1774884712459271,1.1337064507869372,35,False
NPL,3_minus_2,221.0,0.12675894872518256,0.30851616215221617,False,0.08736463888882348,0.9029748262236577,35,False
ENO2,3_minus_2,221.0,0.12675894872518256,0.30851616215221617,False,-0.12911174817717752,-0.781569867480409,35,False
ECSCR,3_minus_2,221.0,0.12675894872518256,0.30851616215221617,False,0.2495762239769479,1.6699474896637818,35,False
REG3A,3_minus_2,221.0,0.12675894872518256,0.30851616215221617,False,0.22258471873531288,37.18875084436347,35,False
SCN4B,3_minus_2,222.0,0.130954785796348,0.31596978895382716,False,-0.09193389836538746,-1.1602667369243373,35,False
TBCA,3_minus_2,222.0,0.130954785796348,0.31596978895382716,False,0.16519840725944937,36.681528548288114,35,False
MORF4L2,3_minus_2,196.0,0.13105565110016695,0.31596978895382716,False,-0.11780281900090994,0.0,35,False
BPIFB1,3_minus_2,222.0,0.130954785796348,0.31596978895382716,False,-0.1513268582188737,-1.348433557868613,35,False
VAMP5,3_minus_2,222.0,0.130954785796348,0.31596978895382716,False,0.20405699485844386,2.9518615239902535,35,False
LECT2,3_minus_2,222.0,0.130954785796348,0.31596978895382716,False,0.056237239070008105,0.32425842507483765,35,False
NME3,3_minus_2,222.0,0.130954785796348,0.31596978895382716,False,0.0616907083244816,34.19476531650344,35,False
TRPV3,3_minus_2,222.0,0.130954785796348,0.31596978895382716,False,-0.3460229892502948,0.0,35,False
PRG3,3_minus_2,222.0,0.130954785796348,0.31596978895382716,False,-0.06384204707092567,-0.4100478269902646,35,False
EXOSC10,3_minus_2,222.0,0.130954785796348,0.31596978895382716,False,0.06618911941564071,0.0,35,False
PKN3,3_minus_2,222.0,0.130954785796348,0.31596978895382716,False,-0.35042268161929635,-0.9845884437551554,35,False
APEX1,3_minus_2,223.0,0.13525462773395702,0.32387502695478143,False,0.0941771494594558,0.7496282882006949,35,False
RECK,3_minus_2,223.0,0.13525462773395702,0.32387502695478143,False,-0.0675980495852021,-34.99608977743883,35,False
CRIP2,3_minus_2,223.0,0.13525462773395702,0.32387502695478143,False,0.1187769127150829,33.63956601216798,35,False
ITIH5,3_minus_2,223.0,0.13525462773395702,0.32387502695478143,False,0.20971682763714808,35.871784596498344,35,False
SDC4,3_minus_2,223.0,0.13525462773395702,0.32387502695478143,False,-0.112251241386076,-1.0783018268874718,35,False
CHMP1A,3_minus_2,223.0,0.13525462773395702,0.32387502695478143,False,-0.10930482989296336,-0.3585697994375085,35,False
KLRD1,3_minus_2,223.0,0.13525462773395702,0.32387502695478143,False,0.019805176421214155,0.12064139220079355,35,False
RPA2,3_minus_2,223.0,0.13525462773395702,0.32387502695478143,False,0.1948994168111849,3.0480447466936034,35,False
CD302,3_minus_2,224.0,0.13965979672502726,0.3307670206708804,False,0.09493770357978751,33.846830910062074,35,False
CLU,3_minus_2,224.0,0.13965979672502726,0.3307670206708804,False,0.07150862861510839,2.2404482105089767,35,False
KIF22,3_minus_2,224.0,0.13965979672502726,0.3307670206708804,False,0.18718096846962773,0.5646923900685018,35,False
CD27,3_minus_2,224.0,0.13965979672502726,0.3307670206708804,False,0.08359205089424411,32.133608445436174,35,False
ADAMTS13,3_minus_2,211.0,0.13918079454858184,0.3307670206708804,False,-0.04734716958938859,0.0,35,False
SPOCK1,3_minus_2,224.0,0.13965979672502726,0.3307670206708804,False,0.06329230189290452,0.0,35,False
CXCL11,3_minus_2,224.0,0.13965979672502726,0.3307670206708804,False,0.10298124661104247,2.2333741839403145,35,False
SSB,3_minus_2,224.0,0.13965979672502726,0.3307670206708804,False,0.2185053278757734,35.35721123563146,35,False
KLK10,3_minus_2,224.0,0.13965979672502726,0.3307670206708804,False,-0.0667727446854855,0.0,35,False
PSMD1,3_minus_2,224.0,0.13965979672502726,0.3307670206708804,False,0.8266643107907297,3.5654514803616224,35,False
PSME1,3_minus_2,224.0,0.13965979672502726,0.3307670206708804,False,0.08176546214101309,5.0836241293285465,35,False
MXRA8,3_minus_2,224.0,0.13965979672502726,0.3307670206708804,False,-0.04245981660180659,0.0,35,False
DOK2,3_minus_2,224.0,0.13965979672502726,0.3307670206708804,False,0.21078610026510614,0.5970784286525592,35,False
ATP1B4,3_minus_2,198.0,0.14042409642686035,0.3322976937294443,False,-0.24958598954513933,0.0,35,False
EPHA10,3_minus_2,225.0,0.14417159016011283,0.3366394675712087,False,-0.2800691334661183,-37.380577049411166,35,False
CCN2,3_minus_2,225.0,0.14417159016011283,0.3366394675712087,False,0.060636424156348706,1.366336764088366,35,False
SCGB1A1,3_minus_2,225.0,0.14417159016011283,0.3366394675712087,False,-0.1250456851915812,0.0,35,False
RGS8,3_minus_2,225.0,0.14417159016011283,0.3366394675712087,False,0.06067519433494109,0.0,35,False
RAB10,3_minus_2,225.0,0.14417159016011283,0.3366394675712087,False,-0.18486739190646384,-2.142764190670545,35,False
TRAF3,3_minus_2,225.0,0.14417159016011283,0.3366394675712087,False,0.08520323541847219,2.163833839911016,35,False
ICOSLG,3_minus_2,225.0,0.14417159016011283,0.3366394675712087,False,-0.0610058365849763,0.0,35,False
DHODH,3_minus_2,225.0,0.14417159016011283,0.3366394675712087,False,0.43221799802577454,37.179590779023435,35,False
ARHGAP1,3_minus_2,225.0,0.14417159016011283,0.3366394675712087,False,-0.17673047928378116,-1.3749708869248938,35,False
CHRDL2,3_minus_2,225.0,0.14417159016011283,0.3366394675712087,False,-0.0879684320724946,0.0,35,False
HAVCR2,3_minus_2,225.0,0.14417159016011283,0.3366394675712087,False,0.0892681431282516,35.344772596737066,35,False
AGRN,3_minus_2,212.0,0.14380917011939132,0.3366394675712087,False,0.13134622003272972,34.03625702094902,35,False
HJV,3_minus_2,225.0,0.14417159016011283,0.3366394675712087,False,0.16138100808320233,2.5471718419264104,35,False
PDAP1,3_minus_2,225.0,0.14417159016011283,0.3366394675712087,False,-0.1882735517252921,-1.3300760440512043,35,False
PF4,3_minus_2,225.0,0.14417159016011283,0.3366394675712087,False,-0.29437595328820565,-1.115639974486106,35,False
DDX25,3_minus_2,225.0,0.14417159016011283,0.3366394675712087,False,0.30315730977343436,36.62912817658567,35,False
STK11,3_minus_2,226.5,0.14717610654520802,0.3433702701170719,False,0.16513445081579814,4.259284416892756,35,False
SNED1,3_minus_2,226.0,0.14879127545282245,0.3445692694696941,False,-0.17319942149986892,0.0,35,False
RRAS,3_minus_2,226.0,0.14879127545282245,0.3445692694696941,False,-0.19895058679522393,-0.8535635582914144,35,False
ACY1,3_minus_2,226.0,0.14879127545282245,0.3445692694696941,False,0.1255536942301324,36.245732905889184,35,False
IL7,3_minus_2,226.0,0.14879127545282245,0.3445692694696941,False,-0.0800584934662858,-0.40125630395435385,35,False
SHD,3_minus_2,226.0,0.14879127545282245,0.3445692694696941,False,0.1452056215890834,0.0,35,False
STX3,3_minus_2,226.0,0.14879127545282245,0.3445692694696941,False,0.04651021070631489,0.9784609276279443,35,False
CFI,3_minus_2,226.0,0.14879127545282245,0.3445692694696941,False,0.015595551886545322,0.13664387701145606,35,False
PAG1,3_minus_2,226.0,0.14879127545282245,0.3445692694696941,False,0.04480076303740843,0.45955072970901495,35,False
GP5,3_minus_2,226.0,0.14879127545282245,0.3445692694696941,False,0.06451996617819591,0.3226651564548856,35,False
HK2,3_minus_2,227.0,0.15352009475464,0.35290823414617656,False,0.5887261552696796,38.65316540107779,35,False
PIK3IP1,3_minus_2,227.0,0.15352009475464,0.35290823414617656,False,0.0828754467910782,33.13669469645014,35,False
PPM1A,3_minus_2,227.0,0.15352009475464,0.35290823414617656,False,-0.0886909146311314,0.0,35,False
PDP1,3_minus_2,227.0,0.15352009475464,0.35290823414617656,False,-0.1830952157032324,-0.968793810539038,35,False
CFP,3_minus_2,227.0,0.15352009475464,0.35290823414617656,False,0.05434614615374678,0.6565981752964717,35,False
EGLN1,3_minus_2,227.0,0.15352009475464,0.35290823414617656,False,0.05760190998665271,0.5102086142595835,35,False
ST13,3_minus_2,227.0,0.15352009475464,0.35290823414617656,False,0.06336878864867979,1.3038298549104277,35,False
GLRX5,3_minus_2,227.0,0.15352009475464,0.35290823414617656,False,0.11545167222407421,0.5955802649661018,35,False
CSRP3,3_minus_2,227.0,0.15352009475464,0.35290823414617656,False,0.413904175055151,2.184608596720765,35,False
CDC123,3_minus_2,201.0,0.15543138935759926,0.35701043428303386,False,-0.0711752930737517,0.0,35,False
NBL1,3_minus_2,228.0,0.1583592604729347,0.3596287721707936,False,0.09531468689947659,34.7665806097523,35,False
SERPINH1,3_minus_2,228.0,0.1583592604729347,0.3596287721707936,False,-0.1283474951755229,-0.32949369936616063,35,False
TMEM25,3_minus_2,228.0,0.1583592604729347,0.3596287721707936,False,-0.0759964030955819,0.0,35,False
ECHDC3,3_minus_2,228.0,0.1583592604729347,0.3596287721707936,False,-0.04411541702678767,-0.3986352307832813,35,False
GCNT1,3_minus_2,228.0,0.1583592604729347,0.3596287721707936,False,0.090747082158707,1.2215781742457414,35,False
SCN2A,3_minus_2,228.0,0.1583592604729347,0.3596287721707936,False,0.2237524319726169,0.0,35,False
SOST,3_minus_2,228.0,0.1583592604729347,0.3596287721707936,False,-0.1956836764928364,-36.480919811788155,35,False
COX6B1,3_minus_2,228.0,0.1583592604729347,0.3596287721707936,False,0.21398522310420862,37.088137211850864,35,False
LILRB5,3_minus_2,228.0,0.1583592604729347,0.3596287721707936,False,-0.059785982858240105,-0.7508021715539632,35,False
NFX1,3_minus_2,228.0,0.1583592604729347,0.3596287721707936,False,0.11302777570294342,35.7182392509592,35,False
KITLG,3_minus_2,228.0,0.1583592604729347,0.3596287721707936,False,-0.06896887504059623,0.0,35,False
CWC15,3_minus_2,228.0,0.1583592604729347,0.3596287721707936,False,0.06868940697935932,35.4759063336541,35,False
HLA-DRA,3_minus_2,228.0,0.1583592604729347,0.3596287721707936,False,0.02929447274607888,0.0,35,False
TGM2,3_minus_2,228.0,0.1583592604729347,0.3596287721707936,False,0.12483513627884231,5.579700717761916,35,False
FGF21,3_minus_2,229.0,0.16330995067255571,0.3673169497555247,False,0.4528636648306117,38.34775034373657,35,False
SUGT1,3_minus_2,229.0,0.16330995067255571,0.3673169497555247,False,-0.120026518373575,-0.49493276352829046,35,False
PTPRZ1,3_minus_2,229.0,0.16330995067255571,0.3673169497555247,False,0.1750144103101334,34.49669665675717,35,False
ZHX2,3_minus_2,229.0,0.16330995067255571,0.3673169497555247,False,0.07437219806469561,35.50995069339694,35,False
PNMA2,3_minus_2,229.0,0.16330995067255571,0.3673169497555247,False,0.7254843813567929,39.00172824651955,35,False
SUMF1,3_minus_2,229.0,0.16330995067255571,0.3673169497555247,False,0.1798972012999499,2.0230538270627845,35,False
INPP1,3_minus_2,229.0,0.16330995067255571,0.3673169497555247,False,0.13917795462371851,1.568288606319556,35,False
IFNL2,3_minus_2,229.0,0.16330995067255571,0.3673169497555247,False,0.2690418939265472,36.681094820360535,35,False
DCTN6,3_minus_2,229.0,0.16330995067255571,0.3673169497555247,False,-0.1609467379101881,-1.5610790069533322,35,False
IL5RA,3_minus_2,229.0,0.16330995067255571,0.3673169497555247,False,0.08361691861196824,34.31214916279025,35,False
PECAM1,3_minus_2,229.0,0.16330995067255571,0.3673169497555247,False,0.0421540776438975,0.9217342666410825,35,False
SIRT1,3_minus_2,229.0,0.16330995067255571,0.3673169497555247,False,0.0669605798366131,0.922025772142741,35,False
BCAT2,3_minus_2,216.0,0.16350914699817343,0.3674714748179221,False,-0.2406367401869951,0.0,35,False
LMNB1,3_minus_2,230.0,0.1683733132085763,0.3763009920598023,False,0.3667671436363569,37.988534194205094,35,False
ERBIN,3_minus_2,230.0,0.1683733132085763,0.3763009920598023,False,-0.1882272173563302,-1.5626405848924854,35,False
WFDC1,3_minus_2,230.0,0.1683733132085763,0.3763009920598023,False,-0.14034051935805447,-2.1249814757355754,35,False
ADA,3_minus_2,230.0,0.1683733132085763,0.3763009920598023,False,-0.0635246215525556,-0.7830642276258636,35,False
ATP1B3,3_minus_2,230.0,0.1683733132085763,0.3763009920598023,False,0.33328696967757354,37.8563802191432,35,False
PTPRC,3_minus_2,230.0,0.1683733132085763,0.3763009920598023,False,-0.036850294572077225,-0.33688278143467953,35,False
ITGB1,3_minus_2,230.0,0.1683733132085763,0.3763009920598023,False,0.0807533971070198,1.7206881543958719,35,False
COMP,3_minus_2,217.0,0.1687382220433694,0.37681747285815087,False,0.0239705484652218,0.412497804688703,35,False
SMC3,3_minus_2,204.0,0.17162591963492535,0.38296243240249583,False,-0.2226909146786023,-1.0735440138707735,35,False
DUOX2,3_minus_2,231.0,0.17355046153534204,0.38421234251849307,False,0.18303537854575738,36.52438553088742,35,False
BECN1,3_minus_2,231.0,0.17355046153534204,0.38421234251849307,False,0.2887826984792081,37.68316235101875,35,False
ARID4B,3_minus_2,231.0,0.17355046153534204,0.38421234251849307,False,-0.09880540338599297,-34.44673930504332,35,False
TXNDC5,3_minus_2,231.0,0.17355046153534204,0.38421234251849307,False,0.08456879219554503,32.635250219649116,35,False
MSLN,3_minus_2,231.0,0.17355046153534204,0.38421234251849307,False,0.07268142525951282,2.633933284215317,35,False
SIT1,3_minus_2,231.0,0.17355046153534204,0.38421234251849307,False,-0.10095446360604979,-35.7910314967654,35,False
PLCB1,3_minus_2,231.0,0.17355046153534204,0.38421234251849307,False,0.11216336362506513,35.93238183365071,35,False
ADAM9,3_minus_2,231.0,0.17355046153534204,0.38421234251849307,False,0.08413683693149857,35.79927564055327,35,False
HTR1A,3_minus_2,231.0,0.17355046153534204,0.38421234251849307,False,0.10085980752424145,35.40238127814397,35,False
WFDC12,3_minus_2,231.0,0.17355046153534204,0.38421234251849307,False,0.03793193589002272,0.5273514928210946,35,False
IGLON5,3_minus_2,205.0,0.17729560387353238,0.391887300241654,False,0.0,0.0,35,False
PSMC3,3_minus_2,205.0,0.17729560387353238,0.391887300241654,False,-0.1976243237136076,-36.27298190951451,35,False
TYRP1,3_minus_2,232.0,0.17884246999165043,0.3922277223492894,False,0.1588830272717347,36.55147326398314,35,False
TG,3_minus_2,232.0,0.17884246999165043,0.3922277223492894,False,-0.09478964084917019,-4.948354553066709,35,False
CCAR2,3_minus_2,232.0,0.17884246999165043,0.3922277223492894,False,0.081862938851224,0.0,35,False
FABP1,3_minus_2,232.0,0.17884246999165043,0.3922277223492894,False,-0.014878980061688862,0.0,35,False
BLOC1S2,3_minus_2,232.0,0.17884246999165043,0.3922277223492894,False,0.2420710704690526,36.84869073699338,35,False
RPGR,3_minus_2,232.0,0.17884246999165043,0.3922277223492894,False,-0.224753217559449,0.0,35,False
PYDC1,3_minus_2,232.0,0.17884246999165043,0.3922277223492894,False,-0.021691750068567994,0.0,35,False
TBR1,3_minus_2,232.0,0.17884246999165043,0.3922277223492894,False,0.239123187812183,3.6564850925938086,35,False
TIMP3,3_minus_2,232.0,0.17884246999165043,0.3922277223492894,False,0.005460547429524065,0.01793048646541407,35,False
IL20RB,3_minus_2,232.0,0.17884246999165043,0.3922277223492894,False,0.14449758802675672,34.99114233118596,35,False
MARCO,3_minus_2,233.0,0.18425037822453305,0.4009652744051662,False,0.06729669606361532,34.8860287634395,35,False
KIR2DS4,3_minus_2,233.0,0.18425037822453305,0.4009652744051662,False,-0.14295623292862025,0.0,35,False
NUDT2,3_minus_2,233.0,0.18425037822453305,0.4009652744051662,False,0.0777507217477666,1.9380384525237622,35,False
LZTFL1,3_minus_2,233.0,0.18425037822453305,0.4009652744051662,False,0.16981166770712397,1.1582094137647285,35,False
CHL1,3_minus_2,233.0,0.18425037822453305,0.4009652744051662,False,-0.09851618341780352,-35.183099235250154,35,False
AARSD1,3_minus_2,233.0,0.18425037822453305,0.4009652744051662,False,0.14478804309957038,2.124887559765434,35,False
FABP9,3_minus_2,233.0,0.18425037822453305,0.4009652744051662,False,-0.06402862924868319,0.0,35,False
CD33,3_minus_2,233.0,0.18425037822453305,0.4009652744051662,False,-0.0575395027771841,-1.459636780289669,35,False
CCDC28A,3_minus_2,233.0,0.18425037822453305,0.4009652744051662,False,-0.3128440263313179,-36.595827051334595,35,False
VPS28,3_minus_2,233.0,0.18425037822453305,0.4009652744051662,False,0.1281830139332693,35.84172596784349,35,False
NADK,3_minus_2,220.0,0.185177810716183,0.40267236677742957,False,0.0657449571318288,1.7095917153118667,35,False
TARS1,3_minus_2,234.0,0.189775186823681,0.4082558640912801,False,-0.10370081121514807,-0.724223618950339,35,False
RPE,3_minus_2,234.0,0.189775186823681,0.4082558640912801,False,-0.0818829232488274,-0.3786561867371079,35,False
TNR,3_minus_2,234.0,0.189775186823681,0.4082558640912801,False,-0.053427912733733596,-0.5681099166506122,35,False
GAD1,3_minus_2,207.0,0.18905147299948644,0.4082558640912801,False,0.5324377246754024,35.48161895934672,35,False
CCNE1,3_minus_2,234.0,0.189775186823681,0.4082558640912801,False,0.1168415012688224,0.0,35,False
EGFL7,3_minus_2,234.0,0.189775186823681,0.4082558640912801,False,0.059560671953097444,0.0,35,False
FGF12,3_minus_2,234.0,0.189775186823681,0.4082558640912801,False,0.08032873191422718,0.0,35,False
ARHGEF1,3_minus_2,234.0,0.189775186823681,0.4082558640912801,False,-0.09999685000204739,-0.35659421334778074,35,False
STX1B,3_minus_2,234.0,0.189775186823681,0.4082558640912801,False,0.36172690795872087,36.62976997393313,35,False
CD58,3_minus_2,234.0,0.189775186823681,0.4082558640912801,False,-0.05738517691695216,-6.075669401619369,35,False
SPINT3,3_minus_2,234.0,0.189775186823681,0.4082558640912801,False,0.1877184836102648,36.128987967840516,35,False
KLK13,3_minus_2,234.0,0.189775186823681,0.4082558640912801,False,-0.05772088340227477,0.0,35,False
TAFA5,3_minus_2,234.0,0.189775186823681,0.4082558640912801,False,-0.0863485329722569,-35.81279583200448,35,False
CA12,3_minus_2,234.0,0.189775186823681,0.4082558640912801,False,0.01844130143734224,0.6085885667765243,35,False
FGFBP1,3_minus_2,235.0,0.1954178527230397,0.4156319284502113,False,0.08668887557058302,1.067984061485301,35,False
DAPK2,3_minus_2,235.0,0.1954178527230397,0.4156319284502113,False,0.034868185472181734,0.12934832005120092,35,False
HDGFL2,3_minus_2,235.0,0.1954178527230397,0.4156319284502113,False,0.07524015804041262,0.5515427235431888,35,False
CD5L,3_minus_2,235.0,0.1954178527230397,0.4156319284502113,False,0.06571413708683943,33.79763025015185,35,False
GZMA,3_minus_2,235.0,0.1954178527230397,0.4156319284502113,False,-0.11830175473445714,0.0,35,False
DNM3,3_minus_2,235.0,0.1954178527230397,0.4156319284502113,False,0.19790387884447647,1.136678097081977,35,False
GFRA2,3_minus_2,235.0,0.1954178527230397,0.4156319284502113,False,-0.10016902464417271,-34.25727241123589,35,False
REST,3_minus_2,208.0,0.19514055527788354,0.4156319284502113,False,0.1997316080501863,0.0,35,False
CD80,3_minus_2,235.0,0.1954178527230397,0.4156319284502113,False,0.0615769869742188,0.7495165228002346,35,False
AGT,3_minus_2,235.0,0.1954178527230397,0.4156319284502113,False,0.07806115372990499,34.81106831038523,35,False
MEPE,3_minus_2,235.0,0.1954178527230397,0.4156319284502113,False,-0.022479351723325575,0.0,35,False
EHBP1,3_minus_2,235.0,0.1954178527230397,0.4156319284502113,False,0.013333536198095408,0.2236841883554419,35,False
ARL2BP,3_minus_2,235.0,0.1954178527230397,0.4156319284502113,False,0.17255446228260607,1.262204546969798,35,False
TNFAIP8L2,3_minus_2,235.0,0.1954178527230397,0.4156319284502113,False,0.10205727600564551,0.3742962886016626,35,False
HSDL2,3_minus_2,235.0,0.1954178527230397,0.4156319284502113,False,-0.19483296446536041,-36.289981684922424,35,False
PADI2,3_minus_2,236.0,0.2011792931589298,0.42277678323548235,False,0.11140273076980009,0.0,35,False
ROBO1,3_minus_2,236.0,0.2011792931589298,0.42277678323548235,False,0.06632082483872792,0.8996311134426248,35,False
RFC4,3_minus_2,236.0,0.2011792931589298,0.42277678323548235,False,0.0377049950072853,0.30756431933859163,35,False
CTLA4,3_minus_2,236.0,0.2011792931589298,0.42277678323548235,False,-0.33416728500153636,-37.513348077913946,35,False
IFNAR1,3_minus_2,236.0,0.2011792931589298,0.42277678323548235,False,0.037999359651579495,2.5208726486824355,35,False
GHRL,3_minus_2,236.0,0.2011792931589298,0.42277678323548235,False,-0.3690148391209713,0.0,35,False
CCL24,3_minus_2,236.0,0.2011792931589298,0.42277678323548235,False,-0.11353894189321562,-35.86776185050688,35,False
ADD1,3_minus_2,236.0,0.2011792931589298,0.42277678323548235,False,0.08502016587578401,1.5007724817860375,35,False
PPP1R9B,3_minus_2,236.0,0.2011792931589298,0.42277678323548235,False,0.10980875882212837,0.37609126793114034,35,False
CELA2A,3_minus_2,236.0,0.2011792931589298,0.42277678323548235,False,0.01265232576487807,0.0,35,False
CD164,3_minus_2,236.0,0.2011792931589298,0.42277678323548235,False,0.0997621501096416,34.02309578561237,35,False
LY75,3_minus_2,236.0,0.2011792931589298,0.42277678323548235,False,-0.03351024090012322,-0.2800804093392005,35,False
NUDT15,3_minus_2,236.0,0.2011792931589298,0.42277678323548235,False,0.23753105211727177,36.31619085988195,35,False
IL1A,3_minus_2,236.0,0.2011792931589298,0.42277678323548235,False,-0.1861891726688482,0.0,35,False
DYNC1H1,3_minus_2,236.0,0.2011792931589298,0.42277678323548235,False,0.126763070166962,1.178345460628045,35,False
HBQ1,3_minus_2,236.0,0.2011792931589298,0.42277678323548235,False,-0.17523853180801785,-34.7808094596095,35,False
CHCHD6,3_minus_2,237.0,0.20706038223579526,0.430001501752212,False,-0.07716393665772711,-1.2211818379575745,35,False
COL28A1,3_minus_2,237.0,0.20706038223579526,0.430001501752212,False,-0.19820257683149428,-33.19666151011929,35,False
HPSE,3_minus_2,237.0,0.20706038223579526,0.430001501752212,False,-0.27195236853486365,-0.6104145870379325,35,False
LCP1,3_minus_2,237.0,0.20706038223579526,0.430001501752212,False,-0.0969023412280201,-0.7019883075446695,35,False
ENO3,3_minus_2,237.0,0.20706038223579526,0.430001501752212,False,-0.1676065068550763,-1.3271921876129864,35,False
GOPC,3_minus_2,237.0,0.20706038223579526,0.430001501752212,False,-0.1569292212132799,-0.5038212072352255,35,False
GLP1R,3_minus_2,237.0,0.20706038223579526,0.430001501752212,False,-0.3629534493627523,-37.721769273428364,35,False
CCND2,3_minus_2,237.0,0.20706038223579526,0.430001501752212,False,-0.1953734268780222,-35.81145714836519,35,False
CARHSP1,3_minus_2,237.0,0.20706038223579526,0.430001501752212,False,-0.1895581150267146,-36.23907222832608,35,False
PLIN1,3_minus_2,237.0,0.20706038223579526,0.430001501752212,False,-0.011679514378398703,-0.44582097488341266,35,False
PXN,3_minus_2,237.0,0.20706038223579526,0.430001501752212,False,0.03565149276144591,31.331340591619067,35,False
CALB1,3_minus_2,237.0,0.20706038223579526,0.430001501752212,False,0.03731565031046569,33.95154121843371,35,False
BRDT,3_minus_2,237.0,0.20706038223579526,0.430001501752212,False,0.1852736889148427,1.2624760290229404,35,False
SLC51B,3_minus_2,237.0,0.20706038223579526,0.430001501752212,False,-0.1186691063145389,-32.35887190375485,35,False
TIE1,3_minus_2,237.0,0.20706038223579526,0.430001501752212,False,0.053947347442729,0.41531077965342345,35,False
AMY2B,3_minus_2,237.0,0.20706038223579526,0.430001501752212,False,0.058276147747674256,33.71189658052266,35,False
MYH7B,3_minus_2,210.0,0.20774783152233234,0.4304767428748255,False,-0.20782078449140345,-36.752306164833875,35,False
CREB3,3_minus_2,210.0,0.20774783152233234,0.4304767428748255,False,-0.11544681948280167,-35.17284919121997,35,False
DCDC2C,3_minus_2,210.0,0.20774783152233234,0.4304767428748255,False,-0.2092303154255999,-29.848459098068904,35,False
MGMT,3_minus_2,238.0,0.21306194551289082,0.43794338581335807,False,-0.1316086748598258,-0.4003456092136104,35,False
SERPINB8,3_minus_2,238.0,0.21306194551289082,0.43794338581335807,False,0.08609625109729813,1.5953209603931555,35,False
CACYBP,3_minus_2,238.0,0.21306194551289082,0.43794338581335807,False,0.017409217180673675,0.04785132580530296,35,False
SIRT5,3_minus_2,238.0,0.21306194551289082,0.43794338581335807,False,0.10708273260898427,35.53700165491369,35,False
SLC44A4,3_minus_2,238.0,0.21306194551289082,0.43794338581335807,False,0.13175344815673412,34.05318839901285,35,False
MTR,3_minus_2,238.0,0.21306194551289082,0.43794338581335807,False,-0.05708702400636528,-0.4572668654994051,35,False
CEP290,3_minus_2,238.0,0.21306194551289082,0.43794338581335807,False,0.1317703768959844,0.6121807438018686,35,False
HIF1A,3_minus_2,238.0,0.21306194551289082,0.43794338581335807,False,0.19424265958444353,0.9242690013246196,35,False
ATP6AP2,3_minus_2,238.0,0.21306194551289082,0.43794338581335807,False,0.1587230282598976,0.0,35,False
DCC,3_minus_2,238.0,0.21306194551289082,0.43794338581335807,False,-0.024327571940557402,0.0,35,False
ICAM4,3_minus_2,238.0,0.21306194551289082,0.43794338581335807,False,-0.08243295696761288,-34.55266990504981,35,False
FGF2,3_minus_2,239.0,0.2191847647773102,0.4479131332459402,False,0.0823073403909551,0.6812138445309249,35,False
TSLP,3_minus_2,239.0,0.2191847647773102,0.4479131332459402,False,0.16329150728295616,36.44357021647243,35,False
ACTN4,3_minus_2,239.0,0.2191847647773102,0.4479131332459402,False,0.048001640747430685,0.0,35,False
CASP8,3_minus_2,239.0,0.2191847647773102,0.4479131332459402,False,0.060928427922426365,0.36478213505017193,35,False
B4GAT1,3_minus_2,239.0,0.2191847647773102,0.4479131332459402,False,0.00033604697334990025,0.0,35,False
EGF,3_minus_2,239.0,0.2191847647773102,0.4479131332459402,False,-0.2219330074595005,-0.5008009664404083,35,False
LRFN2,3_minus_2,239.0,0.2191847647773102,0.4479131332459402,False,-0.15615626233123459,-1.7910771119365299,35,False
CD164L2,3_minus_2,239.0,0.2191847647773102,0.4479131332459402,False,-0.32674531086186176,-36.973073939312286,35,False
CETN3,3_minus_2,226.0,0.22155608503784663,0.4524307001207949,False,-0.10701254303732277,-1.2149822918351156,35,False
ADAMTS8,3_minus_2,240.0,0.2254295740276575,0.45834633968367045,False,0.08048010820685603,31.347352123106766,35,False
GIGYF2,3_minus_2,240.0,0.2254295740276575,0.45834633968367045,False,0.16033192711389566,0.6379049347461255,35,False
CASP1,3_minus_2,240.0,0.2254295740276575,0.45834633968367045,False,-0.4016759063847475,-37.531960034236654,35,False
PARD3,3_minus_2,240.0,0.2254295740276575,0.45834633968367045,False,-0.10474239097392424,-0.4009124578250854,35,False
CLPP,3_minus_2,240.0,0.2254295740276575,0.45834633968367045,False,-0.1716182129881354,-1.0776214361441996,35,False
ADH1B,3_minus_2,240.0,0.2254295740276575,0.45834633968367045,False,0.19063922611598633,34.79404023639553,35,False
KHDC3L,3_minus_2,213.0,0.22775012076844203,0.46239678448733434,False,-0.13915425754098487,0.0,35,False
THAP12,3_minus_2,213.0,0.22775012076844203,0.46239678448733434,False,-0.22416639468061517,-1.2964257796797192,35,False
UBXN1,3_minus_2,227.0,0.22808584397527698,0.46274476702765127,False,0.10543121469523499,0.9727221185303819,35,False
IRAK1,3_minus_2,241.0,0.2317970542353578,0.4649148894065296,False,0.14697586933558182,0.6122399500448733,35,False
FES,3_minus_2,241.0,0.2317970542353578,0.4649148894065296,False,0.0758750892083129,35.09504495653445,35,False
CSDE1,3_minus_2,241.0,0.2317970542353578,0.4649148894065296,False,0.0756017224274643,0.22769258694792902,35,False
TOMM20,3_minus_2,241.0,0.2317970542353578,0.4649148894065296,False,0.2046001120703732,3.343107838468928,35,False
ACY3,3_minus_2,241.0,0.2317970542353578,0.4649148894065296,False,0.08987220912940047,0.0,35,False
C1R,3_minus_2,241.0,0.2317970542353578,0.4649148894065296,False,-0.0530729341224999,-1.4797397579982159,35,False
IL4,3_minus_2,241.0,0.2317970542353578,0.4649148894065296,False,0.07412527402123659,33.28140088083312,35,False
CGREF1,3_minus_2,241.0,0.2317970542353578,0.4649148894065296,False,0.07902953085787168,1.538927594087653,35,False
EFNB2,3_minus_2,241.0,0.2317970542353578,0.4649148894065296,False,0.20504543899675792,34.50671582952601,35,False
EIF5,3_minus_2,241.0,0.2317970542353578,0.4649148894065296,False,-0.19939413344740958,-36.901707037913454,35,False
CADPS,3_minus_2,241.0,0.2317970542353578,0.4649148894065296,False,0.07417503080640131,0.0,35,False
CEACAM6,3_minus_2,241.0,0.2317970542353578,0.4649148894065296,False,-0.0996616173709319,-35.984004747192266,35,False
CDA,3_minus_2,241.0,0.2317970542353578,0.4649148894065296,False,0.06372350193601858,0.0,35,False
MYCBP2,3_minus_2,241.0,0.2317970542353578,0.4649148894065296,False,0.0835518623096087,1.4144930075438278,35,False
PALLD,3_minus_2,241.0,0.2317970542353578,0.4649148894065296,False,0.03526694132310659,34.37987617211463,35,False
ZNRD2,3_minus_2,241.0,0.2317970542353578,0.4649148894065296,False,-0.1297616341293343,-0.8595338127395834,35,False
CLINT1,3_minus_2,214.0,0.2347130770020116,0.47042848742894283,False,0.18886390859071145,35.69027591323081,35,False
CACNA1H,3_minus_2,242.0,0.23828783858334646,0.4748892805737463,False,-0.09266045914390753,0.0,35,False
CALCOCO2,3_minus_2,242.0,0.23828783858334646,0.4748892805737463,False,0.10707121743346826,0.39421476618275697,35,False
HSD11B1,3_minus_2,242.0,0.23828783858334646,0.4748892805737463,False,0.09611532603982442,0.0,35,False
PTH1R,3_minus_2,242.0,0.23828783858334646,0.4748892805737463,False,-0.08584011441816691,-35.74255436857065,35,False
PLXNA4,3_minus_2,242.0,0.23828783858334646,0.4748892805737463,False,-0.12360868698223415,-0.2964251685777741,35,False
MORF4L1,3_minus_2,242.0,0.23828783858334646,0.4748892805737463,False,0.22945636996410052,35.42766474658119,35,False
SBSN,3_minus_2,242.0,0.23828783858334646,0.4748892805737463,False,-0.10502435185500258,-2.378847430298895,35,False
CD84,3_minus_2,242.0,0.23828783858334646,0.4748892805737463,False,-0.044650589104106464,-0.44863108300803817,35,False
LRRC38,3_minus_2,243.0,0.2449025081587024,0.4829450020832675,False,-0.1719840712425826,-1.3988190976283505,35,False
IL17D,3_minus_2,243.0,0.2449025081587024,0.4829450020832675,False,-0.04171386470544161,-2.0458439955240664,35,False
CTSF,3_minus_2,243.0,0.2449025081587024,0.4829450020832675,False,0.062425167453713015,2.863554076750395,35,False
RHOC,3_minus_2,243.0,0.2449025081587024,0.4829450020832675,False,-0.2096039871667097,-0.49007904990022017,35,False
GPR15L,3_minus_2,243.0,0.2449025081587024,0.4829450020832675,False,-0.1819332591359315,-2.076750329201634,35,False
FHIP2A,3_minus_2,243.0,0.2449025081587024,0.4829450020832675,False,-0.10287077268885991,-34.53137483775395,35,False
BIN2,3_minus_2,243.0,0.2449025081587024,0.4829450020832675,False,-0.13809825239441897,-0.250701815940979,35,False
IGFBP6,3_minus_2,243.0,0.2449025081587024,0.4829450020832675,False,0.09417816054914431,31.426212098386596,35,False
PVALB,3_minus_2,243.0,0.2449025081587024,0.4829450020832675,False,-0.1502726921896432,-0.7103542418729014,35,False
HEPACAM2,3_minus_2,243.0,0.2449025081587024,0.4829450020832675,False,0.07030324917599906,1.2613164511696886,35,False
DDHD2,3_minus_2,243.0,0.2449025081587024,0.4829450020832675,False,0.03953043740370665,0.3120759902131112,35,False
GNE,3_minus_2,243.0,0.2449025081587024,0.4829450020832675,False,0.07835958342630199,0.9119703382781263,35,False
DOCK9,3_minus_2,243.0,0.2449025081587024,0.4829450020832675,False,0.15260618780624824,0.0,35,False
EDIL3,3_minus_2,243.0,0.2449025081587024,0.4829450020832675,False,0.09778289440982568,0.0,35,False
REEP4,3_minus_2,243.0,0.2449025081587024,0.4829450020832675,False,0.2301900163754132,0.8589854563541643,35,False
EVI5,3_minus_2,244.0,0.2516415869467892,0.4924410763322852,False,0.06969088283757041,0.20813752284051637,35,False
ATP6V1D,3_minus_2,244.0,0.2516415869467892,0.4924410763322852,False,-0.0191568163480179,-30.53766838322731,35,False
LILRB4,3_minus_2,244.0,0.2516415869467892,0.4924410763322852,False,0.0685281245336237,0.0,35,False
CRYBB2,3_minus_2,244.0,0.2516415869467892,0.4924410763322852,False,-0.03092846539266425,0.0,35,False
SUSD1,3_minus_2,244.0,0.2516415869467892,0.4924410763322852,False,0.16186321492605033,0.41381856712427145,35,False
FABP4,3_minus_2,244.0,0.2516415869467892,0.4924410763322852,False,0.127931254277953,1.5254865122492673,35,False
DHRS4L2,3_minus_2,244.0,0.2516415869467892,0.4924410763322852,False,-0.06523861661552027,-0.49230474785393324,35,False
NAA10,3_minus_2,244.0,0.2516415869467892,0.4924410763322852,False,0.14633000951669262,0.6144416561949626,35,False
MOG,3_minus_2,244.0,0.2516415869467892,0.4924410763322852,False,-0.04384993476560789,0.0,35,False
MDM1,3_minus_2,244.0,0.2516415869467892,0.4924410763322852,False,-0.2355005948674228,-1.3532283070075228,35,False
HCLS1,3_minus_2,244.0,0.2516415869467892,0.4924410763322852,False,0.05733349936938503,0.23481993366552473,35,False
PRCP,3_minus_2,245.0,0.25850554718635976,0.4992809471034219,False,0.0710402447881458,0.8994217937695471,35,False
AHSP,3_minus_2,245.0,0.25850554718635976,0.4992809471034219,False,-0.16459197127485187,-36.35074362786084,35,False
S100A14,3_minus_2,245.0,0.25850554718635976,0.4992809471034219,False,-0.11280174419846445,0.0,35,False
TMOD4,3_minus_2,217.0,0.25650199292443643,0.4992809471034219,False,0.2884889750391417,4.67418127952554,35,False
HSD17B3,3_minus_2,245.0,0.25850554718635976,0.4992809471034219,False,0.5560875861993376,38.58307791431432,35,False
IGLC2,3_minus_2,245.0,0.25850554718635976,0.4992809471034219,False,0.056426371403322,2.6097713624510104,35,False
FUS,3_minus_2,245.0,0.25850554718635976,0.4992809471034219,False,0.10988023329346189,3.5400557355622086,35,False
CXCL1,3_minus_2,245.0,0.25850554718635976,0.4992809471034219,False,-0.026796459961560992,-0.22662540711728876,35,False
GP2,3_minus_2,245.0,0.25850554718635976,0.4992809471034219,False,0.18378635645390368,0.0,35,False
LSM8,3_minus_2,245.0,0.25850554718635976,0.4992809471034219,False,-0.0935811370886368,0.0,35,False
FRMD4B,3_minus_2,245.0,0.25850554718635976,0.4992809471034219,False,-0.381755220318548,-3.506830785677261,35,False
DYNLT1,3_minus_2,245.0,0.25850554718635976,0.4992809471034219,False,-0.0012499693440079507,-0.009108080512682588,35,False
TNFRSF10C,3_minus_2,245.0,0.25850554718635976,0.4992809471034219,False,-0.03977708280040154,-0.388506271612657,35,False
CMC1,3_minus_2,245.0,0.25850554718635976,0.4992809471034219,False,-0.1955397405676642,-0.6791046413113034,35,False
DXO,3_minus_2,245.0,0.25850554718635976,0.4992809471034219,False,0.03780022879764933,0.27922684732165687,35,False
DPP4,3_minus_2,231.0,0.25557245970558995,0.4992809471034219,False,-0.0288909136562136,-1.3230293659009893,35,False
CSF3,3_minus_2,245.0,0.25850554718635976,0.4992809471034219,False,0.041716646282517145,1.7759493643933304,35,False
TAP1,3_minus_2,245.0,0.25850554718635976,0.4992809471034219,False,-0.3668487752941595,0.0,35,False
LAMA1,3_minus_2,245.0,0.25850554718635976,0.4992809471034219,False,0.17185088966302897,1.6262039365132546,35,False
THY1,3_minus_2,246.0,0.26549480465473607,0.5099818348620305,False,0.1042344290597287,0.0,35,False
RAB11FIP3,3_minus_2,246.0,0.26549480465473607,0.5099818348620305,False,-0.1075546792074058,-0.2156234912893855,35,False
RANGAP1,3_minus_2,246.0,0.26549480465473607,0.5099818348620305,False,-0.05969087653271343,-1.888257330233023,35,False
IL17RA,3_minus_2,246.0,0.26549480465473607,0.5099818348620305,False,-0.05370278382408522,-0.7361519646441311,35,False
AZI2,3_minus_2,246.0,0.26549480465473607,0.5099818348620305,False,0.1920834057682621,0.5137791889028664,35,False
BMP4,3_minus_2,246.0,0.26549480465473607,0.5099818348620305,False,0.1139445959732059,35.394157018249125,35,False
CD109,3_minus_2,246.0,0.26549480465473607,0.5099818348620305,False,-0.104010921008866,-1.9371122516073505,35,False
SH2B3,3_minus_2,246.0,0.26549480465473607,0.5099818348620305,False,-0.18692549058542363,-0.7647816529706599,35,False
RPL14,3_minus_2,247.0,0.2726097146514803,0.5179952472729883,False,0.072987669657259,0.0,35,False
S100A13,3_minus_2,247.0,0.2726097146514803,0.5179952472729883,False,-0.11223036064436254,0.0,35,False
ILKAP,3_minus_2,247.0,0.2726097146514803,0.5179952472729883,False,0.2710339069771915,1.0966658548442016,35,False
IFNG,3_minus_2,247.0,0.2726097146514803,0.5179952472729883,False,-0.2283388600549428,-37.04326532852478,35,False
GNAS,3_minus_2,247.0,0.2726097146514803,0.5179952472729883,False,-0.03427552610209883,-0.16954584304533715,35,False
CTSH,3_minus_2,247.0,0.2726097146514803,0.5179952472729883,False,0.06909269553762332,32.681632745522286,35,False
TMCO5A,3_minus_2,247.0,0.2726097146514803,0.5179952472729883,False,-0.19191489082941743,-1.2957934536677447,35,False
HEXIM1,3_minus_2,247.0,0.2726097146514803,0.5179952472729883,False,0.09192167360076553,0.6716898472896009,35,False
EPPK1,3_minus_2,247.0,0.2726097146514803,0.5179952472729883,False,0.06754643808685101,1.313433312636112,35,False
VIT,3_minus_2,247.0,0.2726097146514803,0.5179952472729883,False,0.0697806217305853,34.86749998140322,35,False
C8B,3_minus_2,247.0,0.2726097146514803,0.5179952472729883,False,0.09953854680254891,0.9470970400593204,35,False
PSRC1,3_minus_2,247.0,0.2726097146514803,0.5179952472729883,False,-0.06604797608085944,-1.0444376298740836,35,False
AZU1,3_minus_2,247.0,0.2726097146514803,0.5179952472729883,False,0.19977996935566605,34.40747494238429,35,False
FTCD,3_minus_2,247.0,0.2726097146514803,0.5179952472729883,False,0.2750036004433336,37.445191967662076,35,False
FARSA,3_minus_2,247.0,0.2726097146514803,0.5179952472729883,False,0.1912859932231317,0.5552677944709052,35,False
METAP1,3_minus_2,247.0,0.2726097146514803,0.5179952472729883,False,0.07919375159161013,35.11864611131526,35,False
CBLIF,3_minus_2,248.5,0.2760519120389566,0.524182187661296,False,0.10358531774359231,0.0,35,False
PRDX5,3_minus_2,248.0,0.27985057671321556,0.5267775561660528,False,-0.19413192616265018,-0.9365085667832694,35,False
C1QTNF9,3_minus_2,248.0,0.27985057671321556,0.5267775561660528,False,-0.0971132041003882,-3.7788453762715073,35,False
PDXDC1,3_minus_2,220.0,0.2796571017932611,0.5267775561660528,False,-0.05748757480728428,-1.4700900503115906,35,False
LEO1,3_minus_2,248.0,0.27985057671321556,0.5267775561660528,False,0.08686661624321919,34.097618630285496,35,False
PMCH,3_minus_2,248.0,0.27985057671321556,0.5267775561660528,False,0.14295214975222958,1.9292651159457508,35,False
LRRC37A2,3_minus_2,248.0,0.27985057671321556,0.5267775561660528,False,-0.0661283190088593,-0.3917203179378017,35,False
CLEC1B,3_minus_2,248.0,0.27985057671321556,0.5267775561660528,False,-0.17840196347473514,-0.4771689247132262,35,False
CDKN2D,3_minus_2,248.0,0.27985057671321556,0.5267775561660528,False,0.1024351734422735,0.3550820566262231,35,False
LARP1,3_minus_2,248.0,0.27985057671321556,0.5267775561660528,False,0.0864776380120921,33.29506770134159,35,False
VAT1,3_minus_2,248.0,0.27985057671321556,0.5267775561660528,False,0.033351287327465104,2.934048628932306,35,False
KDR,3_minus_2,248.0,0.27985057671321556,0.5267775561660528,False,-0.07857530492493037,-34.367026705231524,35,False
FCN2,3_minus_2,248.0,0.27985057671321556,0.5267775561660528,False,-0.030105677283989718,-0.4147523569348225,35,False
WASHC3,3_minus_2,248.0,0.27985057671321556,0.5267775561660528,False,0.03284242155198369,0.13677289431072456,35,False
RBM19,3_minus_2,249.0,0.28721763065550476,0.5349238412208343,False,0.2201944760668778,36.47563210137352,35,False
HSPB1,3_minus_2,235.0,0.2852805156605517,0.5349238412208343,False,0.04523681201534435,0.20318494651309135,35,False
TBC1D5,3_minus_2,249.0,0.28721763065550476,0.5349238412208343,False,-0.068716972561502,-0.18176746915505615,35,False
MINDY1,3_minus_2,249.0,0.28721763065550476,0.5349238412208343,False,-0.36741597038670726,-0.7241288857386687,35,False
MATN3,3_minus_2,249.0,0.28721763065550476,0.5349238412208343,False,-0.0073205077500638,0.0,35,False
SEC31A,3_minus_2,249.0,0.28721763065550476,0.5349238412208343,False,0.14842689896699301,0.9936858032448863,35,False
GGACT,3_minus_2,249.0,0.28721763065550476,0.5349238412208343,False,-0.16622690333257628,-0.7206202407167687,35,False
CHRDL1,3_minus_2,249.0,0.28721763065550476,0.5349238412208343,False,0.09791144602072899,1.9968861039976384,35,False
MANSC4,3_minus_2,249.0,0.28721763065550476,0.5349238412208343,False,0.09612885462968279,1.7653788470176366,35,False
IGFBP7,3_minus_2,249.0,0.28721763065550476,0.5349238412208343,False,-0.038536287869000804,-1.2537100713879936,35,False
TSPAN7,3_minus_2,249.0,0.28721763065550476,0.5349238412208343,False,-0.34135277148130116,-37.43833135467746,35,False
INSL5,3_minus_2,249.0,0.28721763065550476,0.5349238412208343,False,0.3124650966691723,2.9672017977804463,35,False
ART3,3_minus_2,249.0,0.28721763065550476,0.5349238412208343,False,-0.025458428211539097,0.0,35,False
UPK3A,3_minus_2,249.0,0.28721763065550476,0.5349238412208343,False,-0.3456564961553056,-36.64943089533123,35,False
UGDH,3_minus_2,249.0,0.28721763065550476,0.5349238412208343,False,0.10031330921975579,0.7653602743125525,35,False
TDO2,3_minus_2,249.0,0.28721763065550476,0.5349238412208343,False,0.11437321622080049,35.17630373169125,35,False
JMJD1C,3_minus_2,221.0,0.2876818779670215,0.5354343478883891,False,0.0,0.0,35,False
WAS,3_minus_2,250.0,0.29471105203265324,0.5452735364809143,False,0.21482123871267408,0.4292189247273841,35,False
PARK7,3_minus_2,250.0,0.29471105203265324,0.5452735364809143,False,-0.134745809285851,-1.835781293852979,35,False
TRIM21,3_minus_2,250.0,0.29471105203265324,0.5452735364809143,False,0.024180553120222992,0.0,35,False
BRD2,3_minus_2,250.0,0.29471105203265324,0.5452735364809143,False,0.10161916576922359,2.743547524933175,35,False
NDST1,3_minus_2,250.0,0.29471105203265324,0.5452735364809143,False,-0.1101157320747875,-2.432590831605975,35,False
SPINK5,3_minus_2,250.0,0.29471105203265324,0.5452735364809143,False,-0.10677443624985256,0.0,35,False
KIR2DL3,3_minus_2,250.0,0.29471105203265324,0.5452735364809143,False,-0.07509713471450774,-35.41142181706985,35,False
LAT,3_minus_2,250.0,0.29471105203265324,0.5452735364809143,False,-0.14435537890932526,-0.31215268677761876,35,False
PSTPIP2,3_minus_2,250.0,0.29471105203265324,0.5452735364809143,False,0.222120085576214,0.46356082322346404,35,False
PBLD,3_minus_2,251.0,0.30233095708535984,0.5549960724591743,False,0.227734343998594,1.7181966160950923,35,False
ERI1,3_minus_2,251.0,0.30233095708535984,0.5549960724591743,False,-0.135750550979747,-35.81209124011097,35,False
SPRED2,3_minus_2,251.0,0.30233095708535984,0.5549960724591743,False,0.015517472094664198,0.6671684111707714,35,False
CAMLG,3_minus_2,251.0,0.30233095708535984,0.5549960724591743,False,0.16645937585895199,36.601861257255685,35,False
CLUL1,3_minus_2,251.0,0.30233095708535984,0.5549960724591743,False,-0.05727512314822519,0.0,35,False
FOLR2,3_minus_2,251.0,0.30233095708535984,0.5549960724591743,False,-0.020236741187972085,-33.67789660067271,35,False
CHP1,3_minus_2,251.0,0.30233095708535984,0.5549960724591743,False,-0.5375805231802337,-36.184215384593045,35,False
WNT9A,3_minus_2,251.0,0.30233095708535984,0.5549960724591743,False,-0.0534378795561821,-33.895399726011995,35,False
PKLR,3_minus_2,251.0,0.30233095708535984,0.5549960724591743,False,0.19396996781519782,35.98348692332993,35,False
SELENOP,3_minus_2,251.0,0.30233095708535984,0.5549960724591743,False,-0.058096504783430286,-2.1175117551538305,35,False
CHIT1,3_minus_2,251.0,0.30233095708535984,0.5549960724591743,False,-0.02927353785765341,-0.2063124929429126,35,False
ADAM12,3_minus_2,251.0,0.30233095708535984,0.5549960724591743,False,0.03095244121928789,0.5681035116572652,35,False
PRAME,3_minus_2,223.0,0.30419346874107733,0.5580513407002435,False,0.0,0.0,35,False
TNFSF13B,3_minus_2,252.0,0.3100773994810879,0.5629774061500603,False,-0.0752140289542661,-1.0116342372442397,35,False
LYPD8,3_minus_2,252.0,0.3100773994810879,0.5629774061500603,False,0.09127914488168498,35.88218655319135,35,False
TNFRSF9,3_minus_2,252.0,0.3100773994810879,0.5629774061500603,False,-0.03710225847062801,0.0,35,False
SORD,3_minus_2,252.0,0.3100773994810879,0.5629774061500603,False,-0.07038528475960593,-0.8296491647737083,35,False
BOLA1,3_minus_2,252.0,0.3100773994810879,0.5629774061500603,False,0.1181909077019343,1.6393126198213104,35,False
CTRC,3_minus_2,252.0,0.3100773994810879,0.5629774061500603,False,-0.001126453771279401,-0.02314645611918097,35,False
TEF,3_minus_2,252.0,0.3100773994810879,0.5629774061500603,False,-0.20037044469467968,-4.47723558671741,35,False
FXYD5,3_minus_2,252.0,0.3100773994810879,0.5629774061500603,False,-0.13142113270776612,-0.9741454844868527,35,False
TK1,3_minus_2,252.0,0.3100773994810879,0.5629774061500603,False,0.06354983068805997,0.0,35,False
CTF1,3_minus_2,252.0,0.3100773994810879,0.5629774061500603,False,-0.06128479062997072,-0.2237630658594519,35,False
PFDN2,3_minus_2,252.0,0.3100773994810879,0.5629774061500603,False,0.21695889314492478,36.38046870230421,35,False
MITD1,3_minus_2,252.0,0.3100773994810879,0.5629774061500603,False,-0.23158868388283094,-0.5393173355146269,35,False
IMPG1,3_minus_2,252.0,0.3100773994810879,0.5629774061500603,False,0.017059446001020495,0.0,35,False
NAMPT,3_minus_2,252.0,0.3100773994810879,0.5629774061500603,False,0.08200244918235278,2.446695805673259,35,False
SLITRK1,3_minus_2,252.0,0.3100773994810879,0.5629774061500603,False,-0.1575137089967827,-36.576482307881065,35,False
PRR5,3_minus_2,252.0,0.3100773994810879,0.5629774061500603,False,0.10446740122568171,0.832322035340585,35,False
ARHGAP5,3_minus_2,224.0,0.31268077140348605,0.5673383068764283,False,-0.03460247320931381,-0.16595228712566837,35,False
NRP1,3_minus_2,253.0,0.3179503650753759,0.571377299331371,False,0.09120498117135295,0.0,35,False
TPPP3,3_minus_2,253.0,0.3179503650753759,0.571377299331371,False,0.0813188438448182,35.19094906530543,35,False
GORASP2,3_minus_2,253.0,0.3179503650753759,0.571377299331371,False,0.04964047166565433,0.18030488453431695,35,False
NARS1,3_minus_2,253.0,0.3179503650753759,0.571377299331371,False,0.007003567254299237,0.040288630976406496,35,False
TLR2,3_minus_2,253.0,0.3179503650753759,0.571377299331371,False,0.2943835636108471,36.52798568509598,35,False
ELOB,3_minus_2,253.0,0.3179503650753759,0.571377299331371,False,-0.10053713405188047,-35.51722273438273,35,False
MENT,3_minus_2,253.0,0.3179503650753759,0.571377299331371,False,0.0030853959978311973,0.11461722505720234,35,False
TIMM8A,3_minus_2,253.0,0.3179503650753759,0.571377299331371,False,-0.04948152796274538,-32.46499090910622,35,False
ROR1,3_minus_2,253.0,0.3179503650753759,0.571377299331371,False,-0.06765316817440829,0.0,35,False
MAP1LC3B2,3_minus_2,253.0,0.3179503650753759,0.571377299331371,False,-0.1541830077181061,0.0,35,False
IVD,3_minus_2,253.0,0.3179503650753759,0.571377299331371,False,0.1298105600348902,1.6341333133413933,35,False
GKN1,3_minus_2,253.0,0.3179503650753759,0.571377299331371,False,0.1657312858182856,36.38048240576808,35,False
PEBP1,3_minus_2,253.0,0.3179503650753759,0.571377299331371,False,-0.1272214990306318,-36.34914329023675,35,False
AP3S2,3_minus_2,253.0,0.3179503650753759,0.571377299331371,False,0.08225743641979655,0.572115883277786,35,False
STEAP4,3_minus_2,253.0,0.3179503650753759,0.571377299331371,False,0.07618228810525385,0.7562241681810675,35,False
PDE1C,3_minus_2,225.0,0.3213225791733949,0.577069121780791,False,-0.17132241966420292,0.0,35,False
C9orf40,3_minus_2,254.0,0.3259497779654339,0.5791006780761273,False,-0.125101892519992,-1.2259000155587156,35,False
SYNGAP1,3_minus_2,254.0,0.3259497779654339,0.5791006780761273,False,0.16321683858367836,0.0,35,False
ATP1B2,3_minus_2,254.0,0.3259497779654339,0.5791006780761273,False,0.41155480977262815,38.14551462632036,35,False
CRHR1,3_minus_2,254.0,0.3259497779654339,0.5791006780761273,False,0.039906445753317865,0.0,35,False
MANSC1,3_minus_2,254.0,0.3259497779654339,0.5791006780761273,False,0.0601602359713336,0.0,35,False
RNASE3,3_minus_2,254.0,0.3259497779654339,0.5791006780761273,False,-0.1006205798647455,-0.5144867613920627,35,False
GADD45B,3_minus_2,254.0,0.3259497779654339,0.5791006780761273,False,-0.16070130160097051,-33.089809951761495,35,False
RAB27B,3_minus_2,254.0,0.3259497779654339,0.5791006780761273,False,-0.12044645673620699,-0.2162913791404257,35,False
PI3,3_minus_2,254.0,0.3259497779654339,0.5791006780761273,False,-0.1094863468181872,0.0,35,False
FBP1,3_minus_2,254.0,0.3259497779654339,0.5791006780761273,False,0.2174854009934027,33.75988012446837,35,False
MILR1,3_minus_2,254.0,0.3259497779654339,0.5791006780761273,False,-0.18455289804258113,0.0,35,False
PBXIP1,3_minus_2,254.0,0.3259497779654339,0.5791006780761273,False,-0.00636426118594513,0.0,35,False
OTUD7B,3_minus_2,254.0,0.3259497779654339,0.5791006780761273,False,0.17065056030830317,1.8926289378217072,35,False
TMED1,3_minus_2,254.0,0.3259497779654339,0.5791006780761273,False,-0.4428924210949665,-34.80525760157917,35,False
F2,3_minus_2,254.0,0.3259497779654339,0.5791006780761273,False,0.09839968462390661,1.8194401879857796,35,False
IL11,3_minus_2,254.0,0.3259497779654339,0.5791006780761273,False,0.06498230852982445,0.0,35,False
KLK11,3_minus_2,254.0,0.3259497779654339,0.5791006780761273,False,0.015242408166236787,0.0,35,False
TRIM26,3_minus_2,226.0,0.3301188955746801,0.5861379633911091,False,0.1654073660735298,36.614621936227564,35,False
FASLG,3_minus_2,255.0,0.33407549653202295,0.5868724879813954,False,0.03043947562184479,0.9290182501471688,35,False
PPM1B,3_minus_2,255.0,0.33407549653202295,0.5868724879813954,False,0.12432822345282421,0.0,35,False
RICTOR,3_minus_2,255.0,0.33407549653202295,0.5868724879813954,False,0.14044722069393156,35.77995404583116,35,False
USP25,3_minus_2,255.0,0.33407549653202295,0.5868724879813954,False,-0.15030998885615213,-2.292668623393776,35,False
KLKB1,3_minus_2,255.0,0.33407549653202295,0.5868724879813954,False,0.030523804509101415,0.5421481229520034,35,False
NPHS2,3_minus_2,255.0,0.33407549653202295,0.5868724879813954,False,0.16379797947471575,1.2319811496514617,35,False
NPDC1,3_minus_2,255.0,0.33407549653202295,0.5868724879813954,False,0.042187472428463435,0.0,35,False
ITGAX,3_minus_2,241.0,0.3340676475673736,0.5868724879813954,False,0.1940083034655311,6.579474841774125,35,False
COQ7,3_minus_2,255.0,0.33407549653202295,0.5868724879813954,False,0.01607572100431659,0.0,35,False
KLHL41,3_minus_2,255.0,0.33407549653202295,0.5868724879813954,False,0.20340291682764158,36.99639395672671,35,False
RAB44,3_minus_2,255.0,0.33407549653202295,0.5868724879813954,False,0.09206199853393549,2.9176486479057795,35,False
TBCC,3_minus_2,255.0,0.33407549653202295,0.5868724879813954,False,-0.047513684729943884,-0.21369537347365458,35,False
REG1B,3_minus_2,255.0,0.33407549653202295,0.5868724879813954,False,0.08199272442150152,32.673334346658194,35,False
CSTB,3_minus_2,255.0,0.33407549653202295,0.5868724879813954,False,0.0665442973016642,0.0,35,False
SEPTIN7,3_minus_2,255.0,0.33407549653202295,0.5868724879813954,False,-0.09602017344490554,-0.48931929227858867,35,False
PI16,3_minus_2,255.0,0.33407549653202295,0.5868724879813954,False,-0.026038183227224898,-0.49037398811499194,35,False
LAMB1,3_minus_2,255.0,0.33407549653202295,0.5868724879813954,False,-0.08161739692880511,-33.34625513188581,35,False
TNFAIP2,3_minus_2,256.0,0.342327308608219,0.5935921804438085,False,-0.10861981686511402,-36.00998613182238,35,False
RAD23B,3_minus_2,256.0,0.342327308608219,0.5935921804438085,False,-0.05521560284299787,-0.294579485007704,35,False
SMPDL3B,3_minus_2,256.0,0.342327308608219,0.5935921804438085,False,0.001874854583559793,0.0,35,False
JUN,3_minus_2,256.0,0.342327308608219,0.5935921804438085,False,0.09334079391115807,0.9459956574944287,35,False
PTPN6,3_minus_2,256.0,0.342327308608219,0.5935921804438085,False,-0.13697521460004736,-0.2756772346969017,35,False
XCL1,3_minus_2,256.0,0.342327308608219,0.5935921804438085,False,0.011156821644151105,0.17391763322231904,35,False
ELAVL4,3_minus_2,256.0,0.342327308608219,0.5935921804438085,False,0.015462457704154942,0.05538743150739223,35,False
BAIAP2,3_minus_2,256.0,0.342327308608219,0.5935921804438085,False,-0.012881074282383699,-1.0780418940856007,35,False
ESYT2,3_minus_2,256.0,0.342327308608219,0.5935921804438085,False,-0.22045644120059738,-1.0006348816171133,35,False
RTKN2,3_minus_2,256.0,0.342327308608219,0.5935921804438085,False,0.1735864469174445,1.6182743636561332,35,False
TIMD4,3_minus_2,256.0,0.342327308608219,0.5935921804438085,False,-0.0512398361498473,-0.2460166319587444,35,False
GOLGA3,3_minus_2,256.0,0.342327308608219,0.5935921804438085,False,0.17996252460948758,0.9120293507296338,35,False
EPB41L5,3_minus_2,256.0,0.342327308608219,0.5935921804438085,False,-0.3069268431793959,-35.54768799175956,35,False
SERPINF2,3_minus_2,256.0,0.342327308608219,0.5935921804438085,False,0.05034527793675539,0.7197176327073544,35,False
FOLR3,3_minus_2,256.0,0.342327308608219,0.5935921804438085,False,-0.017363788746290965,0.0,35,False
GAS2,3_minus_2,256.0,0.342327308608219,0.5935921804438085,False,-0.2024993996487069,-35.09865258248827,35,False
CNP,3_minus_2,256.0,0.342327308608219,0.5935921804438085,False,-0.09537756725156465,-0.4311457229173827,35,False
GGT5,3_minus_2,256.0,0.342327308608219,0.5935921804438085,False,0.002222189015621101,30.232430910087437,35,False
RANBP1,3_minus_2,256.0,0.342327308608219,0.5935921804438085,False,-0.09863099979169426,-1.001326373567399,35,False
ASPSCR1,3_minus_2,256.0,0.342327308608219,0.5935921804438085,False,0.10204678817179735,35.19572554311624,35,False
PPCDC,3_minus_2,256.0,0.342327308608219,0.5935921804438085,False,0.060136048175842616,0.6106695074681248,35,False
HSP90B1,3_minus_2,257.0,0.35070493788225576,0.6007208668348127,False,-0.201573507092506,-36.78695096538136,35,False
GIT1,3_minus_2,257.0,0.35070493788225576,0.6007208668348127,False,-0.06144785470001968,-0.16796969814630422,35,False
IL2RB,3_minus_2,257.0,0.35070493788225576,0.6007208668348127,False,0.025074465250511296,0.0,35,False
LRG1,3_minus_2,257.0,0.35070493788225576,0.6007208668348127,False,0.058966311503883206,1.028487232085556,35,False
F9,3_minus_2,257.0,0.35070493788225576,0.6007208668348127,False,0.0470851349084536,34.74730848380324,35,False
BRSK2,3_minus_2,257.0,0.35070493788225576,0.6007208668348127,False,-0.13628509571352942,-36.22223921239462,35,False
NT5C,3_minus_2,257.0,0.35070493788225576,0.6007208668348127,False,0.2809796401956228,2.2468613699731566,35,False
CYP24A1,3_minus_2,257.0,0.35070493788225576,0.6007208668348127,False,-0.11636525990541302,0.0,35,False
RAB39B,3_minus_2,257.0,0.35070493788225576,0.6007208668348127,False,-0.07865147576989591,-3.414966872213245,35,False
MELTF,3_minus_2,257.0,0.35070493788225576,0.6007208668348127,False,0.052179388585650494,1.4492857898172342,35,False
NDRG1,3_minus_2,257.0,0.35070493788225576,0.6007208668348127,False,0.12148163278704582,35.86763624438266,35,False
CCL14,3_minus_2,257.0,0.35070493788225576,0.6007208668348127,False,0.046574129753619714,0.0,35,False
AIDA,3_minus_2,257.0,0.35070493788225576,0.6007208668348127,False,-0.29806530887125393,-37.48711797285613,35,False
PCDH9,3_minus_2,257.0,0.35070493788225576,0.6007208668348127,False,0.0006736658747473895,0.010810226848142774,35,False
CTNNA1,3_minus_2,257.0,0.35070493788225576,0.6007208668348127,False,0.01192740079772281,0.17922971165702342,35,False
CHAD,3_minus_2,257.0,0.35070493788225576,0.6007208668348127,False,-0.1343058576245884,0.0,35,False
GMPR2,3_minus_2,257.0,0.35070493788225576,0.6007208668348127,False,0.10474283302494558,0.9887192433066406,35,False
LETM1,3_minus_2,257.0,0.35070493788225576,0.6007208668348127,False,0.2603267830531213,3.8551797337606923,35,False
HGS,3_minus_2,257.0,0.35070493788225576,0.6007208668348127,False,-0.05331082168130141,-3.74720803216692,35,False
DYNLT3,3_minus_2,257.0,0.35070493788225576,0.6007208668348127,False,0.19535030512351514,0.719558021844087,35,False
TMEM106A,3_minus_2,258.0,0.35920803993940353,0.604981962003206,False,-0.18630750710128852,-0.5442460342843565,35,False
MPIG6B,3_minus_2,258.0,0.35920803993940353,0.604981962003206,False,-0.1931010195704983,-0.4275325741395134,35,False
TPD52L2,3_minus_2,258.0,0.35920803993940353,0.604981962003206,False,0.01826448428924321,0.045938714120268086,35,False
ERP29,3_minus_2,258.0,0.35920803993940353,0.604981962003206,False,-0.05071500484564462,-0.13656561234602543,35,False
MMP15,3_minus_2,258.0,0.35920803993940353,0.604981962003206,False,-0.0016497476273781841,0.0,35,False
PDIA2,3_minus_2,229.0,0.35743342979552006,0.604981962003206,False,0.3189763112280206,33.12398863266999,35,False
B3GNT7,3_minus_2,258.0,0.35920803993940353,0.604981962003206,False,0.147912642168825,36.556915496498995,35,False
SARG,3_minus_2,258.0,0.35920803993940353,0.604981962003206,False,-0.01963008758403409,-0.035648295906946494,35,False
SRP14,3_minus_2,258.0,0.35920803993940353,0.604981962003206,False,0.027933416610290418,33.191456475773805,35,False
PDIA5,3_minus_2,229.0,0.35743342979552006,0.604981962003206,False,-0.0662426996720128,-0.9440832871557115,35,False
PODXL,3_minus_2,258.0,0.35920803993940353,0.604981962003206,False,0.0416150640325372,33.88493881862406,35,False
BAMBI,3_minus_2,258.0,0.35920803993940353,0.604981962003206,False,0.029659205340339834,0.0,35,False
GFRA1,3_minus_2,258.0,0.35920803993940353,0.604981962003206,False,0.013439125102479799,0.2107244044116448,35,False
FDX1,3_minus_2,258.0,0.35920803993940353,0.604981962003206,False,0.08882239632942496,1.0280962124573056,35,False
ATP5F1D,3_minus_2,258.0,0.35920803993940353,0.604981962003206,False,-0.19140151831350005,-36.10672315161311,35,False
DEFB104A_DEFB104B,3_minus_2,258.0,0.35920803993940353,0.604981962003206,False,0.18863676025267917,36.49606295524052,35,False
SFRP4,3_minus_2,258.0,0.35920803993940353,0.604981962003206,False,0.0375881473600551,0.2710544415313141,35,False
SYTL4,3_minus_2,258.0,0.35920803993940353,0.604981962003206,False,-0.05156485343174477,-0.2658330766771345,35,False
TPBGL,3_minus_2,258.0,0.35920803993940353,0.604981962003206,False,-0.0549454588751153,-1.2820248804611645,35,False
ANKMY2,3_minus_2,258.0,0.35920803993940353,0.604981962003206,False,0.1402039258599923,0.31254560430314215,35,False
TMED4,3_minus_2,258.0,0.35920803993940353,0.604981962003206,False,-0.2587133825210968,-35.90615900057754,35,False
TPMT,3_minus_2,258.0,0.35920803993940353,0.604981962003206,False,-0.08672907697524312,-4.5286151798093845,35,False
IL3,3_minus_2,229.0,0.35743342979552006,0.604981962003206,False,0.31554414955968213,37.132742549546734,35,False
CMIP,3_minus_2,258.0,0.35920803993940353,0.604981962003206,False,-0.1810858816179514,-0.4133476229984545,35,False
ITPR1,3_minus_2,258.0,0.35920803993940353,0.604981962003206,False,-0.12056712151509219,-0.8219752260243208,35,False
ALDH1A1,3_minus_2,258.0,0.35920803993940353,0.604981962003206,False,-0.14159535418681157,-34.691198632018114,35,False
NFAT5,3_minus_2,258.0,0.35920803993940353,0.604981962003206,False,0.031727567653055955,0.08067558796722145,35,False
ECI2,3_minus_2,258.0,0.35920803993940353,0.604981962003206,False,0.16814170333929623,1.3548271846936784,35,False
CALB2,3_minus_2,259.0,0.36783619777997956,0.6140051766143583,False,0.10125841195667307,0.0,35,False
SEPTIN3,3_minus_2,259.0,0.36783619777997956,0.6140051766143583,False,0.08197201442402813,0.0,35,False
HS1BP3,3_minus_2,259.0,0.36783619777997956,0.6140051766143583,False,0.028818307062290383,0.17090930784858546,35,False
CD82,3_minus_2,259.0,0.36783619777997956,0.6140051766143583,False,0.12092680931454192,2.090838700945742,35,False
ABL1,3_minus_2,259.0,0.36783619777997956,0.6140051766143583,False,0.03433793170805882,0.288148709608631,35,False
DTX2,3_minus_2,259.0,0.36783619777997956,0.6140051766143583,False,0.03658690843424073,0.0,35,False
CYTH3,3_minus_2,230.0,0.3668458020701234,0.6140051766143583,False,0.0861346573135319,35.51345620174543,35,False
FABP6,3_minus_2,259.0,0.36783619777997956,0.6140051766143583,False,0.05411876870095261,0.0,35,False
HAGH,3_minus_2,259.0,0.36783619777997956,0.6140051766143583,False,-0.17523021379925208,-36.12289980424949,35,False
AMPD3,3_minus_2,259.0,0.36783619777997956,0.6140051766143583,False,0.24327369562220388,36.78839540223558,35,False
MNDA,3_minus_2,259.0,0.36783619777997956,0.6140051766143583,False,0.036775607580514735,1.816373853194072,35,False
EDF1,3_minus_2,259.0,0.36783619777997956,0.6140051766143583,False,-0.139483825129581,-0.48048717494817095,35,False
BAP18,3_minus_2,259.0,0.36783619777997956,0.6140051766143583,False,0.0875192429153851,0.560367200488835,35,False
PPIE,3_minus_2,259.0,0.36783619777997956,0.6140051766143583,False,0.1216890555607808,0.0,35,False
TSPAN15,3_minus_2,259.0,0.36783619777997956,0.6140051766143583,False,-0.1157392848672352,-6.6086842935798655,35,False
PLAUR,3_minus_2,260.0,0.3765889282221906,0.6212503935991146,False,-0.03959312244887586,-0.9606911297169409,35,False
NCF2,3_minus_2,260.0,0.3765889282221906,0.6212503935991146,False,0.1639993789559373,0.8458802273880386,35,False
DLL4,3_minus_2,260.0,0.3765889282221906,0.6212503935991146,False,0.09876845364825737,34.99663062053291,35,False
ENSA,3_minus_2,260.0,0.3765889282221906,0.6212503935991146,False,-0.023636287967800262,-0.11332320265494028,35,False
CD209,3_minus_2,260.0,0.3765889282221906,0.6212503935991146,False,-0.051324078203984436,-33.43303583213849,35,False
LGALS8,3_minus_2,260.0,0.3765889282221906,0.6212503935991146,False,-0.00732252089527291,-0.040424772666734,35,False
PRDX3,3_minus_2,260.0,0.3765889282221906,0.6212503935991146,False,0.07786154578646298,0.3575652080080584,35,False
PENK,3_minus_2,260.0,0.3765889282221906,0.6212503935991146,False,0.08686983068792659,0.0,35,False
SEZ6L,3_minus_2,260.0,0.3765889282221906,0.6212503935991146,False,-0.05748150079197245,0.0,35,False
RAP1A,3_minus_2,260.0,0.3765889282221906,0.6212503935991146,False,0.12645034048473192,0.7669922880597377,35,False
APLP1,3_minus_2,260.0,0.3765889282221906,0.6212503935991146,False,-0.2180364983339919,0.0,35,False
BATF,3_minus_2,260.0,0.3765889282221906,0.6212503935991146,False,0.1096184302470753,0.0,35,False
MMP10,3_minus_2,260.0,0.3765889282221906,0.6212503935991146,False,-0.1807540697115285,-35.930114270042026,35,False
KIRREL2,3_minus_2,260.0,0.3765889282221906,0.6212503935991146,False,-0.03267670498230821,0.0,35,False
FXN,3_minus_2,260.0,0.3765889282221906,0.6212503935991146,False,-0.09361076614229336,-0.519162808963203,35,False
DDX1,3_minus_2,260.0,0.3765889282221906,0.6212503935991146,False,-0.12358485904250938,0.0,35,False
VIM,3_minus_2,260.0,0.3765889282221906,0.6212503935991146,False,0.1564863286900223,34.998896630547314,35,False
CEACAM18,3_minus_2,260.0,0.3765889282221906,0.6212503935991146,False,0.15388819520577798,34.74870251736471,35,False
OMP,3_minus_2,260.0,0.3765889282221906,0.6212503935991146,False,0.13948268789330742,35.730457190621856,35,False
CLGN,3_minus_2,260.0,0.3765889282221906,0.6212503935991146,False,0.10252913050255369,1.025239633841849,35,False
GIPC3,3_minus_2,261.0,0.38546567782759666,0.6310879934665768,False,-0.2244314413099844,-0.5296551905592559,35,False
TFF1,3_minus_2,261.0,0.38546567782759666,0.6310879934665768,False,0.08704386318161977,0.0,35,False
FKBP14,3_minus_2,261.0,0.38546567782759666,0.6310879934665768,False,0.07492122284516078,0.22827795676900803,35,False
MERTK,3_minus_2,261.0,0.38546567782759666,0.6310879934665768,False,0.027868232778159807,34.026153942643866,35,False
SULT1A1,3_minus_2,261.0,0.38546567782759666,0.6310879934665768,False,-0.0783147476578395,-0.1495895037273467,35,False
NFKBIE,3_minus_2,261.0,0.38546567782759666,0.6310879934665768,False,-0.024601818358836236,-0.12273506002307316,35,False
LAP3,3_minus_2,261.0,0.38546567782759666,0.6310879934665768,False,0.18035136246738548,0.8795931994457653,35,False
PTRHD1,3_minus_2,261.0,0.38546567782759666,0.6310879934665768,False,0.004806349789592934,0.03987411620676183,35,False
HS3ST3B1,3_minus_2,261.0,0.38546567782759666,0.6310879934665768,False,0.002379218746118461,0.0,35,False
COMT,3_minus_2,261.0,0.38546567782759666,0.6310879934665768,False,-0.026346416652928806,0.0,35,False
STX4,3_minus_2,261.0,0.38546567782759666,0.6310879934665768,False,-0.1110079781016045,-0.5806168178436666,35,False
KIR3DL1,3_minus_2,261.0,0.38546567782759666,0.6310879934665768,False,-0.18416413596202652,0.0,35,False
VPS4B,3_minus_2,261.0,0.38546567782759666,0.6310879934665768,False,-0.09753340700452684,-0.2490635708552132,35,False
KIR3DL2,3_minus_2,232.0,0.3861289372676001,0.6318065585970726,False,0.0,0.0,35,False
TAX1BP1,3_minus_2,262.0,0.3944658192922361,0.6398708220777286,False,0.02556624890820225,0.08252381448568868,35,False
TSC22D1,3_minus_2,262.0,0.3944658192922361,0.6398708220777286,False,0.10382479069313244,0.5676060873694682,35,False
MRPL46,3_minus_2,262.0,0.3944658192922361,0.6398708220777286,False,0.08224857422156528,0.9643931793277685,35,False
COPE,3_minus_2,262.0,0.3944658192922361,0.6398708220777286,False,-0.1487479697630291,0.0,35,False
SAG,3_minus_2,262.0,0.3944658192922361,0.6398708220777286,False,-0.4227427014107057,0.0,35,False
NGRN,3_minus_2,262.0,0.3944658192922361,0.6398708220777286,False,-0.0278388838633013,-5.261240317259471,35,False
CD38,3_minus_2,262.0,0.3944658192922361,0.6398708220777286,False,0.039964788607466,34.08305434621801,35,False
LYPLA2,3_minus_2,262.0,0.3944658192922361,0.6398708220777286,False,-0.1889695513897366,-36.49651420846118,35,False
BHMT2,3_minus_2,262.0,0.3944658192922361,0.6398708220777286,False,0.06510290013905734,0.0,35,False
CRACR2A,3_minus_2,262.0,0.3944658192922361,0.6398708220777286,False,-0.2959093790142341,-0.6982550030170754,35,False
SLITRK6,3_minus_2,262.0,0.3944658192922361,0.6398708220777286,False,0.05185441777686206,1.2068101921157945,35,False
PLA2G1B,3_minus_2,262.0,0.3944658192922361,0.6398708220777286,False,0.07587200297174679,0.0,35,False
CDC26,3_minus_2,262.0,0.3944658192922361,0.6398708220777286,False,0.04925910513877729,0.3001402848912026,35,False
LGALS7_LGALS7B,3_minus_2,262.0,0.3944658192922361,0.6398708220777286,False,-0.13715498522620778,0.0,35,False
AP1G2,3_minus_2,262.0,0.3944658192922361,0.6398708220777286,False,0.09973863451224263,0.3093114234789895,35,False
CRISP2,3_minus_2,263.0,0.40358865744201466,0.6498031214160739,False,0.019891231816258903,0.3810216646590934,35,False
ATP5PO,3_minus_2,263.0,0.40358865744201466,0.6498031214160739,False,0.0546805603567454,0.0,35,False
NDUFB7,3_minus_2,263.0,0.40358865744201466,0.6498031214160739,False,-0.15704433855517674,-0.5716856892860258,35,False
NINJ1,3_minus_2,263.0,0.40358865744201466,0.6498031214160739,False,0.03661138185188817,0.0,35,False
INPPL1,3_minus_2,263.0,0.40358865744201466,0.6498031214160739,False,0.08340325163494011,0.2506554991177784,35,False
SFRP1,3_minus_2,263.0,0.40358865744201466,0.6498031214160739,False,-0.008846403541657721,0.0,35,False
XRCC4,3_minus_2,263.0,0.40358865744201466,0.6498031214160739,False,0.14469030533553973,3.687185078562465,35,False
SMAD1,3_minus_2,263.0,0.40358865744201466,0.6498031214160739,False,-0.06549781795958448,-0.25204521249945483,35,False
ALDH5A1,3_minus_2,263.0,0.40358865744201466,0.6498031214160739,False,-0.2580167062803971,-34.9686773794305,35,False
MME,3_minus_2,263.0,0.40358865744201466,0.6498031214160739,False,-0.02580959779840697,0.0,35,False
KLRK1,3_minus_2,263.0,0.40358865744201466,0.6498031214160739,False,-0.06455395161073374,-3.5771755164442203,35,False
SOD1,3_minus_2,263.0,0.40358865744201466,0.6498031214160739,False,-0.0820628063327295,-33.83846063156186,35,False
PGM2,3_minus_2,263.0,0.40358865744201466,0.6498031214160739,False,0.15034859830785252,1.7948509331562932,35,False
FCN1,3_minus_2,264.0,0.4128334259730764,0.6601583915617166,False,-0.1602611935070738,-33.835060180025174,35,False
PPME1,3_minus_2,264.0,0.4128334259730764,0.6601583915617166,False,0.08840475752111354,0.7464600054788418,35,False
YOD1,3_minus_2,264.0,0.4128334259730764,0.6601583915617166,False,-0.09412255802343905,-1.6152831655037045,35,False
CEP164,3_minus_2,264.0,0.4128334259730764,0.6601583915617166,False,-0.06020031007676474,-34.41742878387777,35,False
ING1,3_minus_2,264.0,0.4128334259730764,0.6601583915617166,False,-0.09130087760285865,-0.8471246663837542,35,False
AFAP1,3_minus_2,264.0,0.4128334259730764,0.6601583915617166,False,0.07259114889102321,0.0,35,False
ITIH4,3_minus_2,264.0,0.4128334259730764,0.6601583915617166,False,0.020318507176768405,0.5209859655864743,35,False
MSTN,3_minus_2,264.0,0.4128334259730764,0.6601583915617166,False,-0.0725394081355267,-2.233472868915535,35,False
UBAC1,3_minus_2,264.0,0.4128334259730764,0.6601583915617166,False,-0.014134740000231627,-0.48362458906464273,35,False
VSTM2L,3_minus_2,264.0,0.4128334259730764,0.6601583915617166,False,0.09604742979052727,33.736131916621865,35,False
TSHB,3_minus_2,264.0,0.4128334259730764,0.6601583915617166,False,-0.2822110585169657,-37.57825523793033,35,False
LDLRAP1,3_minus_2,264.0,0.4128334259730764,0.6601583915617166,False,-0.03744600211594218,-0.08442383950746257,35,False
CDK1,3_minus_2,235.0,0.4161887483248625,0.6651461494227088,False,-0.041479349569444185,-0.6876775007449533,35,False
TRIAP1,3_minus_2,250.0,0.4167431646669484,0.6656544252422726,False,0.07049349567711927,0.9625880443207627,35,False
EIF4G1,3_minus_2,265.0,0.4221992832608521,0.667928753743011,False,0.08523702250596621,0.20041762673845948,35,False
ART5,3_minus_2,265.0,0.4221992832608521,0.667928753743011,False,0.1989553053298596,0.0,35,False
GLO1,3_minus_2,265.0,0.4221992832608521,0.667928753743011,False,0.05601252231084297,0.6102811194068019,35,False
PTPRN2,3_minus_2,265.0,0.4221992832608521,0.667928753743011,False,-0.1019254409692307,0.0,35,False
PAFAH2,3_minus_2,265.0,0.4221992832608521,0.667928753743011,False,0.3178708824721563,4.131616107420972,35,False
DCTN1,3_minus_2,265.0,0.4221992832608521,0.667928753743011,False,0.1059674948708822,0.31760662424522473,35,False
APOF,3_minus_2,265.0,0.4221992832608521,0.667928753743011,False,-0.0377283581724025,-0.8803329609588012,35,False
GAS6,3_minus_2,265.0,0.4221992832608521,0.667928753743011,False,-0.03655926774977471,0.0,35,False
NAAA,3_minus_2,265.0,0.4221992832608521,0.667928753743011,False,-0.08188785424382805,-2.424669333038543,35,False
L3HYPDH,3_minus_2,265.0,0.4221992832608521,0.667928753743011,False,0.2970664816026231,1.0164178508303636,35,False
GATD3,3_minus_2,265.0,0.4221992832608521,0.667928753743011,False,0.05880689587210253,2.6994336995798704,35,False
IQGAP2,3_minus_2,265.0,0.4221992832608521,0.667928753743011,False,0.03894235658274181,0.0,35,False
LRP2BP,3_minus_2,265.0,0.4221992832608521,0.667928753743011,False,0.10633954491180031,0.0,35,False
LAMP2,3_minus_2,265.0,0.4221992832608521,0.667928753743011,False,-0.0139491058820983,0.0,35,False
GIMAP7,3_minus_2,265.0,0.4221992832608521,0.667928753743011,False,0.0087365630647879,0.09669065936165153,35,False
ODAM,3_minus_2,265.0,0.4221992832608521,0.667928753743011,False,0.06015122591502475,1.9383516628115298,35,False
OFD1,3_minus_2,265.0,0.4221992832608521,0.667928753743011,False,0.015809971739777606,0.11872335648830483,35,False
NT-proBNP,3_minus_2,251.0,0.42662050975418064,0.6741657438090756,False,-0.24165322885948815,0.0,35,False
CDH6,3_minus_2,251.0,0.42662050975418064,0.6741657438090756,False,0.018450135511199617,0.0,35,False
HNMT,3_minus_2,266.0,0.4316853189957328,0.6757231007737542,False,-0.09364526846183,-35.241462592036996,35,False
COL15A1,3_minus_2,266.0,0.4316853189957328,0.6757231007737542,False,-0.03618557737367821,0.0,35,False
CSF2,3_minus_2,266.0,0.4316853189957328,0.6757231007737542,False,-0.09792497744895821,-1.068968560053431,35,False
ZBTB16,3_minus_2,266.0,0.4316853189957328,0.6757231007737542,False,0.031325969595228265,0.13578744690513184,35,False
CSNK1D,3_minus_2,266.0,0.4316853189957328,0.6757231007737542,False,-0.1782123872239275,-1.924735256473004,35,False
RANBP2,3_minus_2,266.0,0.4316853189957328,0.6757231007737542,False,0.07859303082467539,35.21294241255252,35,False
SLC39A14,3_minus_2,266.0,0.4316853189957328,0.6757231007737542,False,0.07977983381194065,35.01311336321044,35,False
TCN1,3_minus_2,266.0,0.4316853189957328,0.6757231007737542,False,-0.0879352676204067,-1.9496762834041277,35,False
GDF2,3_minus_2,266.0,0.4316853189957328,0.6757231007737542,False,-0.05480118963558667,-35.13748153299502,35,False
WFIKKN1,3_minus_2,266.0,0.4316853189957328,0.6757231007737542,False,0.0017321462416387823,0.0,35,False
CRTAP,3_minus_2,266.0,0.4316853189957328,0.6757231007737542,False,-0.0760690778695857,-1.1176335366022274,35,False
DNAJB8,3_minus_2,266.0,0.4316853189957328,0.6757231007737542,False,0.1314767017487708,1.7149666826349879,35,False
ATP6V1F,3_minus_2,266.0,0.4316853189957328,0.6757231007737542,False,0.2389795480589964,1.1921758294969755,35,False
ITGAM,3_minus_2,266.0,0.4316853189957328,0.6757231007737542,False,0.0534625619579234,2.010068644578162,35,False
NFE2,3_minus_2,266.0,0.4316853189957328,0.6757231007737542,False,0.003908843910571447,0.008061669722418908,35,False
CD2,3_minus_2,266.0,0.4316853189957328,0.6757231007737542,False,0.07568348593834678,34.84811253000142,35,False
CLSPN,3_minus_2,266.0,0.4316853189957328,0.6757231007737542,False,0.06086000591215973,34.8498233918256,35,False
RAB33A,3_minus_2,267.0,0.4412905510398559,0.6827880174330957,False,-0.07519902502728715,-0.16710504451203242,35,False
RIDA,3_minus_2,267.0,0.4412905510398559,0.6827880174330957,False,0.00036123745225910553,0.0,35,False
EPGN,3_minus_2,267.0,0.4412905510398559,0.6827880174330957,False,0.06288567173823223,0.0,35,False
GOT1,3_minus_2,267.0,0.4412905510398559,0.6827880174330957,False,0.022135346216315993,0.0,35,False
CDH4,3_minus_2,267.0,0.4412905510398559,0.6827880174330957,False,-0.23824816276035088,-35.88864724443821,35,False
ADRA2A,3_minus_2,267.0,0.4412905510398559,0.6827880174330957,False,0.03941647230719414,0.0,35,False
DARS1,3_minus_2,267.0,0.4412905510398559,0.6827880174330957,False,-0.19063619882799776,-37.03719440481202,35,False
AMFR,3_minus_2,267.0,0.4412905510398559,0.6827880174330957,False,0.03230940536581228,0.0,35,False
VTA1,3_minus_2,267.0,0.4412905510398559,0.6827880174330957,False,-0.10119179327292493,-1.0513563588986523,35,False
CBS,3_minus_2,267.0,0.4412905510398559,0.6827880174330957,False,0.015905969660845565,0.0,35,False
CST5,3_minus_2,267.0,0.4412905510398559,0.6827880174330957,False,-0.13114167533445087,-1.5775860180699988,35,False
S100A4,3_minus_2,267.0,0.4412905510398559,0.6827880174330957,False,-0.03739212117574381,-0.25317171477216815,35,False
MIF,3_minus_2,267.0,0.4412905510398559,0.6827880174330957,False,-0.07055068479540472,-0.37869964787742033,35,False
CINP,3_minus_2,267.0,0.4412905510398559,0.6827880174330957,False,-0.0958365322231863,0.0,35,False
UROD,3_minus_2,267.0,0.4412905510398559,0.6827880174330957,False,0.010815589196328385,0.07281418040648215,35,False
FKBP1B,3_minus_2,267.0,0.4412905510398559,0.6827880174330957,False,-0.05053462297394651,-0.14286456020892846,35,False
DKK1,3_minus_2,267.0,0.4412905510398559,0.6827880174330957,False,0.021665901323197123,0.1939209657853337,35,False
NIT2,3_minus_2,267.0,0.4412905510398559,0.6827880174330957,False,-0.174858037456886,-1.9443042754254858,35,False
LEP,3_minus_2,267.0,0.4412905510398559,0.6827880174330957,False,0.06686742825853487,0.3281067671149999,35,False
TST,3_minus_2,267.0,0.4412905510398559,0.6827880174330957,False,0.034120897990657095,0.4116205645580095,35,False
NEB,3_minus_2,267.0,0.4412905510398559,0.6827880174330957,False,0.03149383317257448,1.0775162180402604,35,False
ATOX1,3_minus_2,268.5,0.44627315176800586,0.6901181742881409,False,0.00780020835227857,0.02484002145362448,35,False
PITHD1,3_minus_2,238.0,0.44758738633847284,0.6917706256471677,False,0.0,0.0,35,False
CEND1,3_minus_2,268.0,0.45101392158539966,0.6925055633503192,False,-0.013544743529446901,0.0,35,False
BMP10,3_minus_2,268.0,0.45101392158539966,0.6925055633503192,False,0.0025018948995294,0.47283826904984266,35,False
PARP1,3_minus_2,268.0,0.45101392158539966,0.6925055633503192,False,-0.04786284914672259,0.0,35,False
CPTP,3_minus_2,268.0,0.45101392158539966,0.6925055633503192,False,-0.002482601790877781,0.0,35,False
ACE,3_minus_2,268.0,0.45101392158539966,0.6925055633503192,False,0.063062539079256,0.9860965413196442,35,False
TNFRSF13B,3_minus_2,268.0,0.45101392158539966,0.6925055633503192,False,0.04722829126927014,0.0,35,False
CEACAM1,3_minus_2,268.0,0.45101392158539966,0.6925055633503192,False,0.027151262343824978,0.7321775628635202,35,False
ARHGEF12,3_minus_2,268.0,0.45101392158539966,0.6925055633503192,False,-0.07255981537408651,-0.28069921226692107,35,False
AAMDC,3_minus_2,268.0,0.45101392158539966,0.6925055633503192,False,-0.0185017518804991,-0.9353034580757212,35,False
HMOX2,3_minus_2,268.0,0.45101392158539966,0.6925055633503192,False,0.0005817366116226963,0.010020664620171111,35,False
RNASEH2A,3_minus_2,268.0,0.45101392158539966,0.6925055633503192,False,0.16794380527158398,36.4257783354313,35,False
IL2,3_minus_2,268.0,0.45101392158539966,0.6925055633503192,False,-0.21541627250601086,-36.103520054831705,35,False
NFATC1,3_minus_2,269.0,0.4608543039066717,0.7007374296982654,False,-0.1751378450959884,-0.8485040503054763,35,False
NFYA,3_minus_2,269.0,0.4608543039066717,0.7007374296982654,False,-0.052184203848201605,-35.05600745929545,35,False
VSIG2,3_minus_2,269.0,0.4608543039066717,0.7007374296982654,False,0.06196921980755615,0.5363398477530649,35,False
PRG2,3_minus_2,269.0,0.4608543039066717,0.7007374296982654,False,-0.10026583362532189,-1.837186040978502,35,False
FKBPL,3_minus_2,269.0,0.4608543039066717,0.7007374296982654,False,0.026285145258737902,0.5102255606738694,35,False
SERPINB5,3_minus_2,269.0,0.4608543039066717,0.7007374296982654,False,-0.1756439507928883,-36.61526704040082,35,False
GRIN2B,3_minus_2,269.0,0.4608543039066717,0.7007374296982654,False,-0.0639089272710256,-2.001538687317031,35,False
TOP1MT,3_minus_2,239.0,0.4583454203329337,0.7007374296982654,False,-0.1910784108737239,0.0,35,False
IL17A,3_minus_2,269.0,0.4608543039066717,0.7007374296982654,False,-0.08380303881903921,0.0,35,False
IRAK4,3_minus_2,269.0,0.4608543039066717,0.7007374296982654,False,-0.16077124618088812,-0.3471733123274276,35,False
TMED8,3_minus_2,269.0,0.4608543039066717,0.7007374296982654,False,-0.1753243839531473,-0.4081857590532943,35,False
PPP1R12A,3_minus_2,269.0,0.4608543039066717,0.7007374296982654,False,-0.07135791803911129,-0.22749402465571766,35,False
FDX2,3_minus_2,269.0,0.4608543039066717,0.7007374296982654,False,0.032903362518239554,0.3914501708950812,35,False
CCL4,3_minus_2,269.0,0.4608543039066717,0.7007374296982654,False,-0.051322069604517906,-0.34479601922153014,35,False
IL20,3_minus_2,269.0,0.4608543039066717,0.7007374296982654,False,0.10852858280526981,1.6507024082856272,35,False
GIPC2,3_minus_2,269.0,0.4608543039066717,0.7007374296982654,False,0.0434520876926175,33.097312180227064,35,False
TCL1B,3_minus_2,269.0,0.4608543039066717,0.7007374296982654,False,0.11040988312754668,4.139435443548003,35,False
AKT3,3_minus_2,269.0,0.4608543039066717,0.7007374296982654,False,-0.2861789750737206,-1.8261878883760583,35,False
CDH3,3_minus_2,270.0,0.4708104995661415,0.7089852228760719,False,-0.0348713829362943,-1.4253793622670075,35,False
SAP18,3_minus_2,270.0,0.4708104995661415,0.7089852228760719,False,-0.11567680798521962,-35.18830551719578,35,False
XPNPEP2,3_minus_2,270.0,0.4708104995661415,0.7089852228760719,False,0.06125800554608041,0.0,35,False
BACH1,3_minus_2,270.0,0.4708104995661415,0.7089852228760719,False,0.09092564821554627,0.7240739262738638,35,False
NSFL1C,3_minus_2,270.0,0.4708104995661415,0.7089852228760719,False,-0.042877529499499856,-1.8296473550427674,35,False
TARBP2,3_minus_2,270.0,0.4708104995661415,0.7089852228760719,False,0.025748297084560168,0.10750757879743725,35,False
ORM1,3_minus_2,270.0,0.4708104995661415,0.7089852228760719,False,-0.054692477341763523,-1.9497264928226983,35,False
GPR101,3_minus_2,270.0,0.4708104995661415,0.7089852228760719,False,0.05927972399475945,0.0,35,False
BLNK,3_minus_2,270.0,0.4708104995661415,0.7089852228760719,False,0.13895073646539952,4.643835003114252,35,False
FRMD7,3_minus_2,270.0,0.4708104995661415,0.7089852228760719,False,-0.1101501848314817,0.0,35,False
BRK1,3_minus_2,270.0,0.4708104995661415,0.7089852228760719,False,0.05897947759402067,0.6611958881203728,35,False
DRG2,3_minus_2,270.0,0.4708104995661415,0.7089852228760719,False,-0.08258740951696059,-35.74464188047302,35,False
DDI2,3_minus_2,270.0,0.4708104995661415,0.7089852228760719,False,0.05183195919657102,0.8237718895219706,35,False
STAMBP,3_minus_2,270.0,0.4708104995661415,0.7089852228760719,False,-0.06582275931545922,-0.4895602225381722,35,False
GYS1,3_minus_2,270.0,0.4708104995661415,0.7089852228760719,False,0.1022955264360908,0.4895392599992869,35,False
SCP2,3_minus_2,270.0,0.4708104995661415,0.7089852228760719,False,0.0763696452369611,0.0,35,False
OGA,3_minus_2,270.0,0.4708104995661415,0.7089852228760719,False,0.0400673457991444,0.511749015289185,35,False
TBL1X,3_minus_2,270.0,0.4708104995661415,0.7089852228760719,False,-0.07294603945786216,-0.22295164087783342,35,False
SMPD3,3_minus_2,271.0,0.4808812339906581,0.7164875951945466,False,0.12888629852232825,5.457067510744917,35,False
WARS1,3_minus_2,256.0,0.478010915535396,0.7164875951945466,False,0.00534861791521711,0.0,35,False
LILRA4,3_minus_2,271.0,0.4808812339906581,0.7164875951945466,False,-0.09142129756866457,0.0,35,False
ANK2,3_minus_2,271.0,0.4808812339906581,0.7164875951945466,False,-0.021783677119714406,-2.956069680012858,35,False
RPS10,3_minus_2,271.0,0.4808812339906581,0.7164875951945466,False,-0.0065330077613986,-0.4633519312110215,35,False
CNTF,3_minus_2,271.0,0.4808812339906581,0.7164875951945466,False,0.2961713179654709,0.0,35,False
ITGAV,3_minus_2,271.0,0.4808812339906581,0.7164875951945466,False,-0.0115903273473376,-0.3187057234286134,35,False
EDDM3B,3_minus_2,271.0,0.4808812339906581,0.7164875951945466,False,0.05213306653911569,0.0,35,False
FCER2,3_minus_2,271.0,0.4808812339906581,0.7164875951945466,False,-0.0024764262174811202,-0.2563511019408814,35,False
KYAT1,3_minus_2,271.0,0.4808812339906581,0.7164875951945466,False,0.0002778776787698972,0.002934227203179916,35,False
SAT2,3_minus_2,271.0,0.4808812339906581,0.7164875951945466,False,0.025049604045239038,0.0,35,False
BTNL10,3_minus_2,241.0,0.4802903867672388,0.7164875951945466,False,0.0351626315230015,0.0,35,False
GPD1,3_minus_2,271.0,0.4808812339906581,0.7164875951945466,False,-0.1846358938777729,-36.852034125487705,35,False
GRHPR,3_minus_2,271.0,0.4808812339906581,0.7164875951945466,False,0.13748615476953185,0.6587653224967526,35,False
IL9,3_minus_2,271.0,0.4808812339906581,0.7164875951945466,False,-0.01264683970934044,-0.18508248041431355,35,False
TIMM10,3_minus_2,271.0,0.4808812339906581,0.7164875951945466,False,0.05303010457327498,34.02941424826946,35,False
DNLZ,3_minus_2,271.0,0.4808812339906581,0.7164875951945466,False,-0.14483590950498626,-0.9264169174298158,35,False
CCL26,3_minus_2,271.0,0.4808812339906581,0.7164875951945466,False,-0.07779057728960503,-0.7924349644074596,35,False
RBP5,3_minus_2,271.0,0.4808812339906581,0.7164875951945466,False,-0.03559782682967416,0.0,35,False
DGCR6,3_minus_2,271.0,0.4808812339906581,0.7164875951945466,False,0.05039107460360671,31.75053832332564,35,False
GRAP2,3_minus_2,272.0,0.49106516473693773,0.726662902732116,False,0.1013154092387747,0.19096343163086676,35,False
ZNF75D,3_minus_2,272.0,0.49106516473693773,0.726662902732116,False,0.05374179639694876,0.35800321687198083,35,False
DNAJB1,3_minus_2,272.0,0.49106516473693773,0.726662902732116,False,-0.1649426600325992,-36.01890640707018,35,False
ENTR1,3_minus_2,272.0,0.49106516473693773,0.726662902732116,False,0.12200810586162569,1.0836637518152106,35,False
CABP2,3_minus_2,272.0,0.49106516473693773,0.726662902732116,False,-0.12227299950549508,-0.3314297483147107,35,False
ASAH2,3_minus_2,272.0,0.49106516473693773,0.726662902732116,False,0.0005219054915591992,0.005418694530094804,35,False
ENOPH1,3_minus_2,272.0,0.49106516473693773,0.726662902732116,False,-0.08816105657600101,0.0,35,False
SSNA1,3_minus_2,272.0,0.49106516473693773,0.726662902732116,False,-0.07621167275674878,-0.6803226106602234,35,False
DUSP13,3_minus_2,272.0,0.49106516473693773,0.726662902732116,False,-0.010849114798476701,-0.09190796984076048,35,False
GGCT,3_minus_2,272.0,0.49106516473693773,0.726662902732116,False,-0.11692195461231014,-2.2095672275620575,35,False
SDCCAG8,3_minus_2,272.0,0.49106516473693773,0.726662902732116,False,-0.23283047618164115,-0.5652501561556968,35,False
CD300LG,3_minus_2,272.0,0.49106516473693773,0.726662902732116,False,-0.01149016795434149,0.0,35,False
VPS53,3_minus_2,272.0,0.49106516473693773,0.726662902732116,False,-0.055014656973702114,-0.2083458788597122,35,False
TRIM58,3_minus_2,273.0,0.5013608777662739,0.7330385419469508,False,0.0767078976624489,0.27848658437367624,35,False
CNTN5,3_minus_2,273.0,0.5013608777662739,0.7330385419469508,False,0.0424906378632596,33.99111875782457,35,False
MAEA,3_minus_2,273.0,0.5013608777662739,0.7330385419469508,False,0.1301863619367402,0.0,35,False
SCPEP1,3_minus_2,273.0,0.5013608777662739,0.7330385419469508,False,0.10109216900116502,0.5437162882295513,35,False
RIPK4,3_minus_2,273.0,0.5013608777662739,0.7330385419469508,False,-0.15996731896262328,-33.116278361251794,35,False
LONP1,3_minus_2,273.0,0.5013608777662739,0.7330385419469508,False,0.0958075995766722,0.5818651320028084,35,False
SUSD5,3_minus_2,273.0,0.5013608777662739,0.7330385419469508,False,0.0533414851633353,0.0,35,False
SYT1,3_minus_2,273.0,0.5013608777662739,0.7330385419469508,False,0.04955276119700769,0.0,35,False
TBCB,3_minus_2,273.0,0.5013608777662739,0.7330385419469508,False,-0.07497111193099704,-0.15846835645025883,35,False
CETN2,3_minus_2,273.0,0.5013608777662739,0.7330385419469508,False,0.2742846322464208,0.6754857471439253,35,False
ENTPD2,3_minus_2,273.0,0.5013608777662739,0.7330385419469508,False,0.04840247533624542,1.8052825648486395,35,False
PIBF1,3_minus_2,273.0,0.5013608777662739,0.7330385419469508,False,-0.0024300894661830885,-0.012817240535090048,35,False
COL9A2,3_minus_2,273.0,0.5013608777662739,0.7330385419469508,False,0.09928240332307539,6.099725921522741,35,False
C2orf69,3_minus_2,273.0,0.5013608777662739,0.7330385419469508,False,0.1571253785979796,0.8529687797361195,35,False
DOK1,3_minus_2,273.0,0.5013608777662739,0.7330385419469508,False,-0.11366311250565997,-0.1883708463364679,35,False
MRPL24,3_minus_2,273.0,0.5013608777662739,0.7330385419469508,False,0.2690455594130515,37.214412701522186,35,False
FZD8,3_minus_2,273.0,0.5013608777662739,0.7330385419469508,False,-0.014358433914755095,-0.13158370647861778,35,False
PAMR1,3_minus_2,273.0,0.5013608777662739,0.7330385419469508,False,0.0428641085023935,0.7039924313694961,35,False
NPPC,3_minus_2,273.0,0.5013608777662739,0.7330385419469508,False,0.0995217786652068,35.042345876985436,35,False
SAMD9L,3_minus_2,273.0,0.5013608777662739,0.7330385419469508,False,0.12134911712934593,0.41313641650276073,35,False
DNAJC21,3_minus_2,273.0,0.5013608777662739,0.7330385419469508,False,0.052821338212705515,0.4513415955553848,35,False
SMARCA2,3_minus_2,273.0,0.5013608777662739,0.7330385419469508,False,0.06560883046143717,0.6395802890743741,35,False
PRKRA,3_minus_2,273.0,0.5013608777662739,0.7330385419469508,False,0.212672774968511,1.0509466617043792,35,False
SLC28A1,3_minus_2,243.0,0.5027959069756486,0.7343741047943083,False,0.025710439626178305,0.0,35,False
ERCC1,3_minus_2,243.0,0.5027959069756486,0.7343741047943083,False,0.17660130228124493,3.0617259527706535,35,False
CIRBP,3_minus_2,274.0,0.5117668841849081,0.7401826121544434,False,0.02085613339120229,0.06215815688726388,35,False
FOXO3,3_minus_2,274.0,0.5117668841849081,0.7401826121544434,False,0.3447875980799666,1.5067107292472381,35,False
BTC,3_minus_2,274.0,0.5117668841849081,0.7401826121544434,False,-0.02483703831387818,-0.16843424561951367,35,False
VIPR1,3_minus_2,274.0,0.5117668841849081,0.7401826121544434,False,-0.046193178373556305,-34.75616117951212,35,False
IL1R2,3_minus_2,274.0,0.5117668841849081,0.7401826121544434,False,-0.037255409393688106,-33.88203287565211,35,False
BAX,3_minus_2,274.0,0.5117668841849081,0.7401826121544434,False,-0.15205072102311434,-0.7385120324927243,35,False
SEPTIN9,3_minus_2,274.0,0.5117668841849081,0.7401826121544434,False,-0.0660853896708739,-35.34783764701142,35,False
EVPL,3_minus_2,274.0,0.5117668841849081,0.7401826121544434,False,-0.12399639182818617,-35.49519201019311,35,False
IL5,3_minus_2,274.0,0.5117668841849081,0.7401826121544434,False,-0.309558216766026,-37.20247473814103,35,False
ADAMTS15,3_minus_2,274.0,0.5117668841849081,0.7401826121544434,False,-0.11241212231217698,-34.267483669079375,35,False
ROBO4,3_minus_2,274.0,0.5117668841849081,0.7401826121544434,False,-0.005231340558688902,-0.18351946469588593,35,False
SCT,3_minus_2,274.0,0.5117668841849081,0.7401826121544434,False,0.07060724052474998,0.0,35,False
MN1,3_minus_2,274.0,0.5117668841849081,0.7401826121544434,False,-0.19605846088045292,-0.7571455981138896,35,False
SNAP29,3_minus_2,274.0,0.5117668841849081,0.7401826121544434,False,-0.14705039594440983,-0.44104298276084536,35,False
ATP5IF1,3_minus_2,274.0,0.5117668841849081,0.7401826121544434,False,-0.19816726664442585,-0.47631801629420845,35,False
ARF6,3_minus_2,274.0,0.5117668841849081,0.7401826121544434,False,-0.03177076272727253,-0.07853663404013676,35,False
CEP43,3_minus_2,274.0,0.5117668841849081,0.7401826121544434,False,0.02868867658902774,0.7255501467014787,35,False
LAT2,3_minus_2,274.0,0.5117668841849081,0.7401826121544434,False,-0.036916689851576145,-0.18868816506930303,35,False
WFIKKN2,3_minus_2,274.0,0.5117668841849081,0.7401826121544434,False,-0.034797271569278254,0.0,35,False
BTLA,3_minus_2,244.0,0.5142542135037065,0.7430168626097677,False,0.0248325206730508,33.885018346176686,35,False
MRPL52,3_minus_2,244.0,0.5142542135037065,0.7430168626097677,False,0.0,0.0,35,False
IDO1,3_minus_2,275.0,0.5222816279274411,0.7507631772555764,False,0.026461575091031198,1.1749192982693786,35,False
WASF1,3_minus_2,275.0,0.5222816279274411,0.7507631772555764,False,0.1917733028652968,1.095268577396033,35,False
MPHOSPH8,3_minus_2,275.0,0.5222816279274411,0.7507631772555764,False,0.08122711380948866,0.5018152143590261,35,False
CEACAM3,3_minus_2,275.0,0.5222816279274411,0.7507631772555764,False,-0.08668307204863296,0.0,35,False
CACNB1,3_minus_2,275.0,0.5222816279274411,0.7507631772555764,False,-0.2516230648714845,-36.51385901783784,35,False
DNAJC6,3_minus_2,275.0,0.5222816279274411,0.7507631772555764,False,0.11215849792017352,0.5475955729923524,35,False
FKBP5,3_minus_2,275.0,0.5222816279274411,0.7507631772555764,False,-0.20724603469840197,-0.8113347566342957,35,False
POF1B,3_minus_2,275.0,0.5222816279274411,0.7507631772555764,False,0.1339619968465583,0.8875785587687626,35,False
SNCG,3_minus_2,275.0,0.5222816279274411,0.7507631772555764,False,-0.04029432205032371,0.0,35,False
JPT2,3_minus_2,275.0,0.5222816279274411,0.7507631772555764,False,-0.05412937590956446,-0.2616483840365902,35,False
VCPKMT,3_minus_2,245.0,0.5258468422520968,0.7555024019295431,False,0.07943269256817481,0.5147461387803199,35,False
SERPINA3,3_minus_2,261.0,0.532612610363174,0.7586735120707986,False,0.009225167604329898,0.37939880823029315,35,False
SFTPA2,3_minus_2,276.0,0.5329034825554118,0.7586735120707986,False,0.0521475236366733,0.39057980607211223,35,False
ACYP1,3_minus_2,276.0,0.5329034825554118,0.7586735120707986,False,0.0006049345368501768,0.00972254069449549,35,False
SPTBN2,3_minus_2,276.0,0.5329034825554118,0.7586735120707986,False,-0.1372364332647004,-1.2180429041032783,35,False
RNF43,3_minus_2,276.0,0.5329034825554118,0.7586735120707986,False,0.003021429745303894,0.0,35,False
SCRN1,3_minus_2,276.0,0.5329034825554118,0.7586735120707986,False,0.016910861712623015,0.09802899265005745,35,False
CD69,3_minus_2,276.0,0.5329034825554118,0.7586735120707986,False,0.051203390159711315,0.11546364714087778,35,False
CA3,3_minus_2,276.0,0.5329034825554118,0.7586735120707986,False,0.10958672210722459,36.06835246134395,35,False
RGS10,3_minus_2,276.0,0.5329034825554118,0.7586735120707986,False,-0.1359577049817945,-0.7896773385976709,35,False
LAMTOR5,3_minus_2,276.0,0.5329034825554118,0.7586735120707986,False,0.042319683576318004,0.0,35,False
ITGB2,3_minus_2,276.0,0.5329034825554118,0.7586735120707986,False,-0.00147162090334918,-0.02616671703110327,35,False
LBR,3_minus_2,276.0,0.5329034825554118,0.7586735120707986,False,0.10226078893541313,0.614288526975161,35,False
KRT14,3_minus_2,276.0,0.5329034825554118,0.7586735120707986,False,0.012083739006187394,32.361482271006444,35,False
PCARE,3_minus_2,276.0,0.5329034825554118,0.7586735120707986,False,-0.01404405990402946,-0.43681800635799617,35,False
JCHAIN,3_minus_2,276.0,0.5329034825554118,0.7586735120707986,False,0.040683608440141905,0.0,35,False
BLVRB,3_minus_2,276.0,0.5329034825554118,0.7586735120707986,False,-0.03745550530832541,0.0,35,False
IL16,3_minus_2,276.0,0.5329034825554118,0.7586735120707986,False,-0.06274461749025095,-34.45075453104804,35,False
PECR,3_minus_2,276.0,0.5329034825554118,0.7586735120707986,False,0.07781832477190787,0.8601234659910043,35,False
DAND5,3_minus_2,277.0,0.5436307483469136,0.7704399533693552,False,0.22673093111340714,3.3965898938425765,35,False
TRIM24,3_minus_2,277.0,0.5436307483469136,0.7704399533693552,False,0.07361992999862244,0.717123393977765,35,False
NOS2,3_minus_2,277.0,0.5436307483469136,0.7704399533693552,False,-0.16441099891951694,-36.667263492523126,35,False
IMPACT,3_minus_2,277.0,0.5436307483469136,0.7704399533693552,False,-0.0540165864260137,-0.5368689862309489,35,False
ZFYVE19,3_minus_2,277.0,0.5436307483469136,0.7704399533693552,False,0.019444288733313275,0.06523992674955084,35,False
DDX53,3_minus_2,277.0,0.5436307483469136,0.7704399533693552,False,0.1361474105946526,1.0775754939703783,35,False
CLNS1A,3_minus_2,277.0,0.5436307483469136,0.7704399533693552,False,0.058327509380322384,0.0,35,False
SHH,3_minus_2,277.0,0.5436307483469136,0.7704399533693552,False,0.03734968882150591,0.0,35,False
FMNL1,3_minus_2,277.0,0.5436307483469136,0.7704399533693552,False,-0.227837726472845,-34.15629930381605,35,False
STAU1,3_minus_2,247.0,0.5494262779225123,0.7778704869933608,False,0.14155163145469318,2.8099112909551627,35,False
ESPL1,3_minus_2,247.0,0.5494262779225123,0.7778704869933608,False,0.05924157507261185,0.3423232336107276,35,False
INPP5D,3_minus_2,278.0,0.5544616600964218,0.7787351794670941,False,0.2409807342155108,0.9698420464213909,35,False
KLK6,3_minus_2,278.0,0.5544616600964218,0.7787351794670941,False,-0.0045651506253973,0.0,35,False
CENPJ,3_minus_2,278.0,0.5544616600964218,0.7787351794670941,False,-0.027298645929449528,-0.16205283000628318,35,False
LRRC25,3_minus_2,278.0,0.5544616600964218,0.7787351794670941,False,0.03747653504482251,2.4325786550392494,35,False
SKIV2L,3_minus_2,278.0,0.5544616600964218,0.7787351794670941,False,-0.14090124112482594,0.0,35,False
GFOD2,3_minus_2,278.0,0.5544616600964218,0.7787351794670941,False,-0.09495291097576342,0.0,35,False
PCDHB15,3_minus_2,278.0,0.5544616600964218,0.7787351794670941,False,0.033177674201356644,0.0,35,False
CA2,3_minus_2,278.0,0.5544616600964218,0.7787351794670941,False,-0.07404526995234118,-35.145930146794036,35,False
AIF1L,3_minus_2,278.0,0.5544616600964218,0.7787351794670941,False,0.0666164171789711,0.0,35,False
ALMS1,3_minus_2,278.0,0.5544616600964218,0.7787351794670941,False,-0.04524278758962419,-0.1536563971017237,35,False
CA7,3_minus_2,278.0,0.5544616600964218,0.7787351794670941,False,-0.09179846919350709,-34.13982643916593,35,False
DCTD,3_minus_2,278.0,0.5544616600964218,0.7787351794670941,False,-0.06712262110007794,-0.22153470888792554,35,False
SCARF2,3_minus_2,278.0,0.5544616600964218,0.7787351794670941,False,0.0289389399306563,1.1489648619727568,35,False
OGN,3_minus_2,278.0,0.5544616600964218,0.7787351794670941,False,-0.0030021209172271246,0.0,35,False
CDK5RAP3,3_minus_2,278.0,0.5544616600964218,0.7787351794670941,False,-0.009065786622038108,-0.07689459076659119,35,False
CRADD,3_minus_2,278.0,0.5544616600964218,0.7787351794670941,False,-0.07962064073844477,-0.3004061892614985,35,False
HARS1,3_minus_2,279.0,0.56539438420441,0.7866356649800487,False,-0.04394448428131281,-0.18047994193658487,35,False
MLN,3_minus_2,279.0,0.56539438420441,0.7866356649800487,False,0.08893950644071918,0.8733111917904743,35,False
FOXO1,3_minus_2,279.0,0.56539438420441,0.7866356649800487,False,-0.163090310171075,-0.45381714285383024,35,False
PROCR,3_minus_2,279.0,0.56539438420441,0.7866356649800487,False,-0.010080951762765383,0.0,35,False
SFTPA1,3_minus_2,279.0,0.56539438420441,0.7866356649800487,False,0.12881650587958948,34.789363155930666,35,False
MDH1,3_minus_2,279.0,0.56539438420441,0.7866356649800487,False,0.026126356696879603,3.6573520564114763,35,False
SERPINB9,3_minus_2,279.0,0.56539438420441,0.7866356649800487,False,-0.07250693934285757,-0.6480413561306939,35,False
SEMA4D,3_minus_2,279.0,0.56539438420441,0.7866356649800487,False,-0.03769270382479073,-0.6569572989454331,35,False
GMFG,3_minus_2,279.0,0.56539438420441,0.7866356649800487,False,-0.1013206891690639,-0.2676038409941937,35,False
ANKRA2,3_minus_2,248.0,0.5614084175776795,0.7866356649800487,False,-0.1077355094993031,-1.339777664291219,35,False
MYLPF,3_minus_2,279.0,0.56539438420441,0.7866356649800487,False,0.06576506760832829,0.0,35,False
OPTC,3_minus_2,279.0,0.56539438420441,0.7866356649800487,False,0.026239450967852296,0.0,35,False
ACOT13,3_minus_2,279.0,0.56539438420441,0.7866356649800487,False,-0.017896330066619726,-0.05065659317005154,35,False
KRT6C,3_minus_2,279.0,0.56539438420441,0.7866356649800487,False,0.10465710653153201,4.262181330206779,35,False
COMMD9,3_minus_2,279.0,0.56539438420441,0.7866356649800487,False,-0.056809064094807904,-34.52785324542856,35,False
CCL7,3_minus_2,279.0,0.56539438420441,0.7866356649800487,False,0.09217376800694688,0.5492845955404462,35,False
C1S,3_minus_2,279.0,0.56539438420441,0.7866356649800487,False,-0.012048684799302586,-0.19897054160276625,35,False
NLGN1,3_minus_2,279.0,0.56539438420441,0.7866356649800487,False,-0.04392530506306086,-0.4112117223102256,35,False
LPO,3_minus_2,279.0,0.56539438420441,0.7866356649800487,False,0.07534815110713972,1.5340527779077024,35,False
NOTCH1,3_minus_2,280.0,0.5764270159997977,0.7960855699143846,False,0.004276178195425098,0.12119619882393932,35,False
PPY,3_minus_2,280.0,0.5764270159997977,0.7960855699143846,False,0.06095990245311056,0.320093394885165,35,False
GSTM4,3_minus_2,280.0,0.5764270159997977,0.7960855699143846,False,-0.1406918702128944,-2.154037768287401,35,False
PCYT2,3_minus_2,280.0,0.5764270159997977,0.7960855699143846,False,-0.08190635202871399,-1.103788899383281,35,False
CUZD1,3_minus_2,280.0,0.5764270159997977,0.7960855699143846,False,0.040923856490312896,0.0,35,False
QDPR,3_minus_2,280.0,0.5764270159997977,0.7960855699143846,False,-0.03914714874386538,-33.20705253390407,35,False
DDX58,3_minus_2,280.0,0.5764270159997977,0.7960855699143846,False,-0.1131984426318145,-1.6135376665274683,35,False
ST8SIA1,3_minus_2,280.0,0.5764270159997977,0.7960855699143846,False,0.011862420241419924,0.0,35,False
YJU2,3_minus_2,280.0,0.5764270159997977,0.7960855699143846,False,-0.1376873905400292,-33.36455375801521,35,False
BAG3,3_minus_2,280.0,0.5764270159997977,0.7960855699143846,False,0.027354380422546398,0.0,35,False
GZMB,3_minus_2,280.0,0.5764270159997977,0.7960855699143846,False,-0.09973031467098992,-34.62056338020782,35,False
YES1,3_minus_2,280.0,0.5764270159997977,0.7960855699143846,False,-0.16000122397562344,-0.7088483414449784,35,False
FCAR,3_minus_2,280.0,0.5764270159997977,0.7960855699143846,False,-0.08856358423490351,-1.8180904339368007,35,False
ARAF,3_minus_2,280.0,0.5764270159997977,0.7960855699143846,False,-0.15399904622715568,-2.023933275998758,35,False
CASP10,3_minus_2,280.0,0.5764270159997977,0.7960855699143846,False,-0.09124397127908121,-0.480431595832979,35,False
FADD,3_minus_2,281.0,0.5875575871323235,0.8016289560875112,False,-0.0534268816026251,-0.41314433377500726,35,False
PINLYP,3_minus_2,281.0,0.5875575871323235,0.8016289560875112,False,-0.006080256407623996,-0.0479525886608287,35,False
AMBP,3_minus_2,281.0,0.5875575871323235,0.8016289560875112,False,0.023903377183717697,0.0,35,False
PSMG4,3_minus_2,281.0,0.5875575871323235,0.8016289560875112,False,0.0324887234257262,0.0,35,False
RCOR1,3_minus_2,281.0,0.5875575871323235,0.8016289560875112,False,0.017926099046323796,32.23486274030147,35,False
AP3B1,3_minus_2,281.0,0.5875575871323235,0.8016289560875112,False,0.11707960800778505,0.3080743464582405,35,False
SNX18,3_minus_2,281.0,0.5875575871323235,0.8016289560875112,False,-0.040566213349422675,0.0,35,False
AMIGO1,3_minus_2,281.0,0.5875575871323235,0.8016289560875112,False,-0.008941074683382011,-0.05105372236495498,35,False
TDP1,3_minus_2,281.0,0.5875575871323235,0.8016289560875112,False,-0.03772821803517512,-1.2501692130089248,35,False
SCAMP3,3_minus_2,281.0,0.5875575871323235,0.8016289560875112,False,-0.15307715899568097,-0.7659488919236667,35,False
SPRY2,3_minus_2,281.0,0.5875575871323235,0.8016289560875112,False,-0.022793680358510482,-0.0753934572843122,35,False
SRC,3_minus_2,281.0,0.5875575871323235,0.8016289560875112,False,-0.03926038144999422,-0.07134865540609427,35,False
ICA1,3_minus_2,281.0,0.5875575871323235,0.8016289560875112,False,0.1350541361847183,0.6532699770549355,35,False
RBM25,3_minus_2,250.0,0.5857450644605282,0.8016289560875112,False,0.0851549216775628,4.198804510616007,35,False
C7orf50,3_minus_2,281.0,0.5875575871323235,0.8016289560875112,False,-0.01430427557848124,-32.067438865442256,35,False
HNF1A,3_minus_2,281.0,0.5875575871323235,0.8016289560875112,False,0.03168689759700494,0.2590826031364446,35,False
DECR1,3_minus_2,281.0,0.5875575871323235,0.8016289560875112,False,-0.07184424847432624,-0.17586785818209688,35,False
ANXA4,3_minus_2,281.0,0.5875575871323235,0.8016289560875112,False,-0.09252706613019379,-0.5581681594929017,35,False
LYVE1,3_minus_2,281.0,0.5875575871323235,0.8016289560875112,False,-0.09034638161607372,-1.8971808188136257,35,False
F3,3_minus_2,281.0,0.5875575871323235,0.8016289560875112,False,0.003909175446306146,0.3165413314148805,35,False
PFDN4,3_minus_2,250.0,0.5857450644605282,0.8016289560875112,False,0.0985909504071425,35.56094918193869,35,False
TACC3,3_minus_2,281.0,0.5875575871323235,0.8016289560875112,False,-0.1534919046718581,-0.5024973005277902,35,False
BCL7B,3_minus_2,281.0,0.5875575871323235,0.8016289560875112,False,0.09774260609353957,1.5365779519808658,35,False
IL33,3_minus_2,281.0,0.5875575871323235,0.8016289560875112,False,0.034071117774866905,0.8770536334823054,35,False
FAM171A2,3_minus_2,281.0,0.5875575871323235,0.8016289560875112,False,0.050978694196419205,0.0,35,False
FYB1,3_minus_2,282.0,0.5987840640591457,0.8087174697316808,False,0.020178956623511598,0.04954113222186156,35,False
GJA8,3_minus_2,251.0,0.5980942634086923,0.8087174697316808,False,0.0,0.0,35,False
RGCC,3_minus_2,282.0,0.5987840640591457,0.8087174697316808,False,0.027910301982120897,0.07829625258272795,35,False
CEP85,3_minus_2,282.0,0.5987840640591457,0.8087174697316808,False,0.1236803335499381,0.3670774693322105,35,False
DLG4,3_minus_2,282.0,0.5987840640591457,0.8087174697316808,False,0.1184086769899983,0.2954167930118258,35,False
CCL3,3_minus_2,282.0,0.5987840640591457,0.8087174697316808,False,-0.0262238948207007,-0.41472793356193643,35,False
CASP3,3_minus_2,282.0,0.5987840640591457,0.8087174697316808,False,-0.018177207981302512,-0.04287140791466941,35,False
NECAP2,3_minus_2,282.0,0.5987840640591457,0.8087174697316808,False,-0.12276163405808249,-0.46337722976559387,35,False
RGMB,3_minus_2,282.0,0.5987840640591457,0.8087174697316808,False,-0.0015041858156106813,0.0,35,False
WASF3,3_minus_2,282.0,0.5987840640591457,0.8087174697316808,False,0.1187014274396132,0.6390241732387134,35,False
MST1,3_minus_2,282.0,0.5987840640591457,0.8087174697316808,False,-0.001944096579332033,-0.03163251697693013,35,False
CD40,3_minus_2,282.0,0.5987840640591457,0.8087174697316808,False,0.01849659044701024,0.15587427677151172,35,False
IL12RB2,3_minus_2,282.0,0.5987840640591457,0.8087174697316808,False,0.061730986539403204,0.48320152218619783,35,False
NXPE4,3_minus_2,282.0,0.5987840640591457,0.8087174697316808,False,-0.02271380838176268,-0.536420429641055,35,False
ITGBL1,3_minus_2,282.0,0.5987840640591457,0.8087174697316808,False,0.0282482357721731,0.0,35,False
CFD,3_minus_2,282.0,0.5987840640591457,0.8087174697316808,False,-0.0690671441040126,0.0,35,False
FGFBP3,3_minus_2,282.0,0.5987840640591457,0.8087174697316808,False,-0.05565638483491475,-0.9969185952156154,35,False
METAP1D,3_minus_2,282.0,0.5987840640591457,0.8087174697316808,False,-0.09817853624577833,-0.3838039849319602,35,False
MFAP3,3_minus_2,282.0,0.5987840640591457,0.8087174697316808,False,-0.043031935803349,-0.8123577090543403,35,False
DCUN1D1,3_minus_2,282.0,0.5987840640591457,0.8087174697316808,False,0.23191113465232827,1.6960936087686072,35,False
TXN,3_minus_2,282.0,0.5987840640591457,0.8087174697316808,False,-0.0306723288661562,-0.3483619881183648,35,False
PDZD2,3_minus_2,283.0,0.6101043444359675,0.8161775933167147,False,0.019766952189874343,0.1842225128544814,35,False
MTSS1,3_minus_2,283.0,0.6101043444359675,0.8161775933167147,False,-0.08042254679811617,-0.3288975724297236,35,False
MCAM,3_minus_2,283.0,0.6101043444359675,0.8161775933167147,False,0.03886468805353732,1.467894836644323,35,False
PMVK,3_minus_2,283.0,0.6101043444359675,0.8161775933167147,False,-0.0964988600197163,-0.1666632295753155,35,False
COX5B,3_minus_2,283.0,0.6101043444359675,0.8161775933167147,False,-0.12920860071050422,-1.4015389992186298,35,False
RAB37,3_minus_2,283.0,0.6101043444359675,0.8161775933167147,False,0.010702551035366801,0.027386196658341095,35,False
ADCYAP1R1,3_minus_2,283.0,0.6101043444359675,0.8161775933167147,False,-0.032950504469080294,0.0,35,False
CCL20,3_minus_2,283.0,0.6101043444359675,0.8161775933167147,False,0.07489501279831423,0.0,35,False
CCL19,3_minus_2,283.0,0.6101043444359675,0.8161775933167147,False,0.015154524302841144,0.09411440848496723,35,False
PREB,3_minus_2,283.0,0.6101043444359675,0.8161775933167147,False,0.0341643332555574,1.416282890122158,35,False
FKBP4,3_minus_2,283.0,0.6101043444359675,0.8161775933167147,False,-0.03317653349851221,-0.9837836358524708,35,False
CHM,3_minus_2,283.0,0.6101043444359675,0.8161775933167147,False,-0.1719305487221529,-0.6123739687105819,35,False
WWP2,3_minus_2,283.0,0.6101043444359675,0.8161775933167147,False,-0.06018443956612751,-0.9018450516657143,35,False
EIF4B,3_minus_2,283.0,0.6101043444359675,0.8161775933167147,False,-0.07719266197875507,-0.4449366691286572,35,False
CR1,3_minus_2,283.0,0.6101043444359675,0.8161775933167147,False,0.0011947585491287604,0.008567208457842236,35,False
KYNU,3_minus_2,283.0,0.6101043444359675,0.8161775933167147,False,-0.006843977129468992,-0.10788641361479914,35,False
SHMT1,3_minus_2,283.0,0.6101043444359675,0.8161775933167147,False,0.027017417713383174,0.44959451276507784,35,False
FOSB,3_minus_2,283.0,0.6101043444359675,0.8161775933167147,False,0.041555883916741,0.0,35,False
APOA4,3_minus_2,283.0,0.6101043444359675,0.8161775933167147,False,-0.0293898863704478,-2.425638276597276,35,False
AMDHD2,3_minus_2,283.0,0.6101043444359675,0.8161775933167147,False,0.04930342382622602,33.63903645834716,35,False
NMRK2,3_minus_2,252.0,0.6105603340037111,0.8163997628463677,False,0.01571660642826367,0.3571187604079552,35,False
SCARA5,3_minus_2,284.0,0.6215162658481859,0.8236187315898783,False,-0.0439261137642179,-34.55268627411481,35,False
MYO6,3_minus_2,284.0,0.6215162658481859,0.8236187315898783,False,-0.009657103294339997,-0.2633644329831183,35,False
TRIM25,3_minus_2,284.0,0.6215162658481859,0.8236187315898783,False,-0.17439607984802286,-0.36406988168551524,35,False
CXCL6,3_minus_2,284.0,0.6215162658481859,0.8236187315898783,False,-0.1402731723189213,-1.7637920748395173,35,False
CD86,3_minus_2,284.0,0.6215162658481859,0.8236187315898783,False,-0.0202805510980395,-0.19582575045533515,35,False
NAA80,3_minus_2,284.0,0.6215162658481859,0.8236187315898783,False,-0.11602435906411035,-0.24727348407326685,35,False
SPINK4,3_minus_2,284.0,0.6215162658481859,0.8236187315898783,False,0.049805912828466095,3.14254089739899,35,False
MYOC,3_minus_2,284.0,0.6215162658481859,0.8236187315898783,False,-0.0705765879692728,0.0,35,False
LTB,3_minus_2,284.0,0.6215162658481859,0.8236187315898783,False,-0.1183064243861614,-2.1999251518727276,35,False
KLRC1,3_minus_2,284.0,0.6215162658481859,0.8236187315898783,False,-0.09994005025364538,0.0,35,False
CHMP6,3_minus_2,284.0,0.6215162658481859,0.8236187315898783,False,0.0624425383220468,0.3730398126545462,35,False
LACTB2,3_minus_2,284.0,0.6215162658481859,0.8236187315898783,False,0.13553492071429707,0.9605116846060808,35,False
CBLN1,3_minus_2,284.0,0.6215162658481859,0.8236187315898783,False,-0.1644717661091532,-35.848507954185436,35,False
TCP11,3_minus_2,284.0,0.6215162658481859,0.8236187315898783,False,0.19260524304993332,0.0,35,False
SH3BP1,3_minus_2,284.0,0.6215162658481859,0.8236187315898783,False,0.026885630920386205,0.1362808952629146,35,False
PTGR1,3_minus_2,284.0,0.6215162658481859,0.8236187315898783,False,-0.023028569357017997,0.0,35,False
SLURP1,3_minus_2,284.0,0.6215162658481859,0.8236187315898783,False,0.027329998996971003,0.0,35,False
RGL2,3_minus_2,284.0,0.6215162658481859,0.8236187315898783,False,0.1284800602792355,1.1230125915033615,35,False
DNAJB14,3_minus_2,284.0,0.6215162658481859,0.8236187315898783,False,-0.09665285483981156,-0.37812520159164487,35,False
CREBZF,3_minus_2,253.0,0.6231403648399948,0.824240050798,False,0.0,0.0,35,False
NRXN3,3_minus_2,285.0,0.6231559190869822,0.824240050798,False,0.0216270090538336,0.0,35,False
RASGRF1,3_minus_2,253.0,0.6231403648399948,0.824240050798,False,0.07718766186652393,0.0,35,False
LYZL2,3_minus_2,253.0,0.6231403648399948,0.824240050798,False,0.05187003355562092,34.767415209252405,35,False
KIAA1549,3_minus_2,269.0,0.6260806935438181,0.8277198277086347,False,0.0,0.0,35,False
IGF1R,3_minus_2,285.0,0.6330176034243777,0.831814078974824,False,-0.050864858167152194,0.0,35,False
DOC2B,3_minus_2,285.0,0.6330176034243777,0.831814078974824,False,-0.15959915398990993,-35.50655777716294,35,False
TEK,3_minus_2,285.0,0.6330176034243777,0.831814078974824,False,-0.03554158612007771,0.0,35,False
CD207,3_minus_2,285.0,0.6330176034243777,0.831814078974824,False,-0.05200507401861387,0.0,35,False
CD244,3_minus_2,285.0,0.6330176034243777,0.831814078974824,False,-0.0337373664462883,-0.3504293587804351,35,False
CPXM1,3_minus_2,285.0,0.6330176034243777,0.831814078974824,False,-0.0517446135447831,-1.293721496806536,35,False
EIF1AX,3_minus_2,285.0,0.6330176034243777,0.831814078974824,False,-0.04265001396366719,-0.6836551007558896,35,False
IL3RA,3_minus_2,285.0,0.6330176034243777,0.831814078974824,False,-0.017210224388720552,-0.2522332933389134,35,False
GRIK2,3_minus_2,285.0,0.6330176034243777,0.831814078974824,False,0.005731118256995016,0.08027119175714843,35,False
PTPRR,3_minus_2,285.0,0.6330176034243777,0.831814078974824,False,-0.0016008022169341982,0.0,35,False
TWF2,3_minus_2,285.0,0.6330176034243777,0.831814078974824,False,-0.11439213167137896,-0.40377895337552144,35,False
PDGFC,3_minus_2,285.0,0.6330176034243777,0.831814078974824,False,0.07427028785880979,0.736983806025901,35,False
FEN1,3_minus_2,285.0,0.6330176034243777,0.831814078974824,False,0.12311291546887815,1.226923132961546,35,False
CEP152,3_minus_2,254.0,0.6358313448005608,0.8351217663052142,False,0.0,0.0,35,False
GCC1,3_minus_2,286.0,0.6446060668677092,0.8372743008761389,False,-0.12760703778175853,-0.28221278156723373,35,False
LAMP3,3_minus_2,286.0,0.6446060668677092,0.8372743008761389,False,-0.005536937208661108,-0.08201728004808552,35,False
PDCD5,3_minus_2,286.0,0.6446060668677092,0.8372743008761389,False,-0.0802468889584651,-0.8013233731898789,35,False
DFFA,3_minus_2,286.0,0.6446060668677092,0.8372743008761389,False,0.013663514323831505,0.11076755848165858,35,False
SCN3B,3_minus_2,286.0,0.6446060668677092,0.8372743008761389,False,-0.0715776205848977,-5.8277678866747,35,False
PSIP1,3_minus_2,286.0,0.6446060668677092,0.8372743008761389,False,0.06506786660910818,0.2454002582009697,35,False
CXCL12,3_minus_2,286.0,0.6446060668677092,0.8372743008761389,False,-0.025403131691807912,0.0,35,False
VASH1,3_minus_2,286.0,0.6446060668677092,0.8372743008761389,False,-0.0632859616409451,-0.2647356798040951,35,False
PSME2,3_minus_2,286.0,0.6446060668677092,0.8372743008761389,False,0.00618013226446279,0.24886543944708486,35,False
SCLY,3_minus_2,286.0,0.6446060668677092,0.8372743008761389,False,-0.0751397501242501,-1.8292561018724154,35,False
PSMG3,3_minus_2,286.0,0.6446060668677092,0.8372743008761389,False,-0.017432417171469372,0.0,35,False
RNF4,3_minus_2,286.0,0.6446060668677092,0.8372743008761389,False,0.21656846715488898,36.81118975765509,35,False
TANK,3_minus_2,286.0,0.6446060668677092,0.8372743008761389,False,0.020853599294851644,0.11628351297651575,35,False
SLAMF7,3_minus_2,286.0,0.6446060668677092,0.8372743008761389,False,0.014640799232159107,0.1518880115036343,35,False
USP8,3_minus_2,286.0,0.6446060668677092,0.8372743008761389,False,-0.1336080389904677,-1.0788876743656084,35,False
MYOM1,3_minus_2,286.0,0.6446060668677092,0.8372743008761389,False,-0.08164292128028983,-2.460337781545354,35,False
VASP,3_minus_2,286.0,0.6446060668677092,0.8372743008761389,False,0.0727980093078564,0.18262460365360325,35,False
C5,3_minus_2,286.0,0.6446060668677092,0.8372743008761389,False,0.08522537674250899,1.957000824572799,35,False
SNX5,3_minus_2,286.0,0.6446060668677092,0.8372743008761389,False,-0.03017366629965862,-1.2269135941218392,35,False
CD4,3_minus_2,286.0,0.6446060668677092,0.8372743008761389,False,0.02513458464739829,33.360122738399184,35,False
CASQ2,3_minus_2,286.0,0.6446060668677092,0.8372743008761389,False,-0.08366480423118938,0.0,35,False
CLEC4D,3_minus_2,286.0,0.6446060668677092,0.8372743008761389,False,-0.01569487750078946,-33.267327519168234,35,False
PPP1R2,3_minus_2,286.0,0.6446060668677092,0.8372743008761389,False,-0.08208879484047027,-0.40989730786288703,35,False
EIF2AK2,3_minus_2,286.0,0.6446060668677092,0.8372743008761389,False,0.0355754992885126,0.07124953279026836,35,False
HMMR,3_minus_2,255.0,0.6486301650584014,0.8421127454146881,False,0.0,0.0,35,False
MSLNL,3_minus_2,287.0,0.6562793096527457,0.8442588104075522,False,0.017956561172905283,0.18775765027720048,35,False
INSL3,3_minus_2,287.0,0.6562793096527457,0.8442588104075522,False,0.015544485948099318,0.0,35,False
TIGIT,3_minus_2,287.0,0.6562793096527457,0.8442588104075522,False,0.0724153107093668,0.7177571643651756,35,False
ADAM22,3_minus_2,287.0,0.6562793096527457,0.8442588104075522,False,-0.04258199485946762,-0.3867360409102124,35,False
ITPRIP,3_minus_2,287.0,0.6562793096527457,0.8442588104075522,False,-0.0992746711647811,-35.115992425257566,35,False
LEG1,3_minus_2,287.0,0.6562793096527457,0.8442588104075522,False,-0.05982122766215489,-0.9116810048589296,35,False
GAMT,3_minus_2,287.0,0.6562793096527457,0.8442588104075522,False,0.003490496859615805,0.24470237644176066,35,False
LRTM2,3_minus_2,287.0,0.6562793096527457,0.8442588104075522,False,-0.06253454786472945,0.0,35,False
LAMA4,3_minus_2,287.0,0.6562793096527457,0.8442588104075522,False,0.01858045785416651,33.26439017902383,35,False
DIPK2B,3_minus_2,287.0,0.6562793096527457,0.8442588104075522,False,-0.0205643010889658,-0.6026633539373302,35,False
FN1,3_minus_2,287.0,0.6562793096527457,0.8442588104075522,False,0.014544965678382704,0.3622382697767514,35,False
VPS37A,3_minus_2,287.0,0.6562793096527457,0.8442588104075522,False,0.05401263103753218,0.8013746286651614,35,False
BOLA2_BOLA2B,3_minus_2,287.0,0.6562793096527457,0.8442588104075522,False,-0.06526967683907059,-1.160999300888195,35,False
RARRES1,3_minus_2,287.0,0.6562793096527457,0.8442588104075522,False,-0.0383719803813813,-2.320084883507863,35,False
PHOSPHO1,3_minus_2,287.0,0.6562793096527457,0.8442588104075522,False,0.002276117614284978,0.0,35,False
CXCL8,3_minus_2,287.0,0.6562793096527457,0.8442588104075522,False,0.021983461173083474,0.0,35,False
TXK,3_minus_2,287.0,0.6562793096527457,0.8442588104075522,False,-0.09555765834898455,-34.68231132267513,35,False
POLR2A,3_minus_2,287.0,0.6562793096527457,0.8442588104075522,False,0.013224314906259194,0.23756648236091665,35,False
CFB,3_minus_2,287.0,0.6562793096527457,0.8442588104075522,False,-0.0002074129104067124,-0.0015067612313759337,35,False
CDH22,3_minus_2,287.0,0.6562793096527457,0.8442588104075522,False,-0.1796031023565953,-34.52428508159592,35,False
AXL,3_minus_2,288.0,0.6680349264643155,0.8523726112023166,False,-0.021184970819003793,-0.47754614025144543,35,False
PCSK7,3_minus_2,288.0,0.6680349264643155,0.8523726112023166,False,-0.1155275546280729,-36.038455268741345,35,False
KIAA2013,3_minus_2,288.0,0.6680349264643155,0.8523726112023166,False,-0.054045489534161106,0.0,35,False
BRME1,3_minus_2,288.0,0.6680349264643155,0.8523726112023166,False,-0.05038205056678241,-0.851449091564611,35,False
ACADM,3_minus_2,288.0,0.6680349264643155,0.8523726112023166,False,0.0026261344572775513,0.037571263995497185,35,False
PMS1,3_minus_2,288.0,0.6680349264643155,0.8523726112023166,False,-0.08467196553898715,-0.7755394618309857,35,False
DAPP1,3_minus_2,288.0,0.6680349264643155,0.8523726112023166,False,-0.024865441521945364,-0.054756466099863746,35,False
F2R,3_minus_2,288.0,0.6680349264643155,0.8523726112023166,False,0.027773426140578705,0.19715847683281346,35,False
LRRFIP1,3_minus_2,288.0,0.6680349264643155,0.8523726112023166,False,-0.14165616423912297,-1.1137608269704227,35,False
IMMT,3_minus_2,288.0,0.6680349264643155,0.8523726112023166,False,0.02790073744469221,0.5325188281917735,35,False
LTBP2,3_minus_2,288.0,0.6680349264643155,0.8523726112023166,False,0.03759190019296321,0.0,35,False
STXBP3,3_minus_2,288.0,0.6680349264643155,0.8523726112023166,False,0.0013914459054258366,0.004968996047014441,35,False
HLA-E,3_minus_2,288.0,0.6680349264643155,0.8523726112023166,False,-0.0531547384356399,-34.750882379196,35,False
TIA1,3_minus_2,288.0,0.6680349264643155,0.8523726112023166,False,0.08426245287972389,1.4890331119832332,35,False
CAMKK1,3_minus_2,288.0,0.6680349264643155,0.8523726112023166,False,0.08460569737360779,0.4000681642074925,35,False
SIRT2,3_minus_2,288.0,0.6680349264643155,0.8523726112023166,False,0.026839159977162907,0.18100964032016587,35,False
CENPF,3_minus_2,288.0,0.6680349264643155,0.8523726112023166,False,0.06211758226139463,3.459226393251988,35,False
CCER2,3_minus_2,288.0,0.6680349264643155,0.8523726112023166,False,0.0793974741800969,0.0,35,False
AIFM1,3_minus_2,289.0,0.679870450810995,0.8589121532004316,False,-0.16917864885953282,-0.901539894223191,35,False
PNMA1,3_minus_2,289.0,0.679870450810995,0.8589121532004316,False,-0.14474358956454747,-0.7338712287327587,35,False
SIGLEC15,3_minus_2,289.0,0.679870450810995,0.8589121532004316,False,0.07102089935675829,0.40516660713786223,35,False
SESTD1,3_minus_2,289.0,0.679870450810995,0.8589121532004316,False,-0.03160141820787499,-0.07516937784653373,35,False
TJP3,3_minus_2,289.0,0.679870450810995,0.8589121532004316,False,-0.05264778688916982,-1.3893365240381912,35,False
HDGF,3_minus_2,289.0,0.679870450810995,0.8589121532004316,False,0.108575920912515,0.9826123426950587,35,False
GGA1,3_minus_2,289.0,0.679870450810995,0.8589121532004316,False,-0.016575768367591337,-0.1434260914058317,35,False
NXPH3,3_minus_2,289.0,0.679870450810995,0.8589121532004316,False,-0.22470986586861313,-35.7484438634909,35,False
CLIP2,3_minus_2,289.0,0.679870450810995,0.8589121532004316,False,-0.10104424256588018,-0.18262268872472373,35,False
TOP1,3_minus_2,289.0,0.679870450810995,0.8589121532004316,False,-0.011827466834218425,-0.8756280615279788,35,False
SCG3,3_minus_2,289.0,0.679870450810995,0.8589121532004316,False,-0.04683466228638167,-33.44348181930303,35,False
MEP1B,3_minus_2,289.0,0.679870450810995,0.8589121532004316,False,-0.01788990775237409,-0.7231043622999286,35,False
RAB2B,3_minus_2,289.0,0.679870450810995,0.8589121532004316,False,0.0049545050659491885,0.02186972415787517,35,False
GSR,3_minus_2,289.0,0.679870450810995,0.8589121532004316,False,0.016129903765945003,0.2545361518565819,35,False
RRM2B,3_minus_2,289.0,0.679870450810995,0.8589121532004316,False,0.0478544462938697,0.1992043256865423,35,False
ATP2B4,3_minus_2,289.0,0.679870450810995,0.8589121532004316,False,0.05116187937358396,0.372275112776965,35,False
AKR1B10,3_minus_2,289.0,0.679870450810995,0.8589121532004316,False,-0.19462289207433586,-34.13335064289026,35,False
GABARAP,3_minus_2,289.0,0.679870450810995,0.8589121532004316,False,-0.1480938137796844,-36.62052397282695,35,False
GP1BB,3_minus_2,289.0,0.679870450810995,0.8589121532004316,False,0.0774806546333533,0.24148979183114444,35,False
DBI,3_minus_2,289.0,0.679870450810995,0.8589121532004316,False,0.004231369756765302,0.03349197825555809,35,False
NMI,3_minus_2,289.0,0.679870450810995,0.8589121532004316,False,-0.10864836818922091,-0.8188965092710796,35,False
RNASE10,3_minus_2,289.0,0.679870450810995,0.8589121532004316,False,0.04368854186230771,1.190491523106611,35,False
GALNT5,3_minus_2,290.0,0.691783364105504,0.8642688346588728,False,0.0019039186026432939,0.020288970981770054,35,False
GRK5,3_minus_2,290.0,0.691783364105504,0.8642688346588728,False,-0.03233347796147479,-0.22373585219868458,35,False
GLOD4,3_minus_2,290.0,0.691783364105504,0.8642688346588728,False,0.02257668848853478,0.37618481195902276,35,False
FGFR2,3_minus_2,290.0,0.691783364105504,0.8642688346588728,False,0.002715100499260492,0.048499849707923134,35,False
MESD,3_minus_2,290.0,0.691783364105504,0.8642688346588728,False,-0.034005746531064585,-0.07425098462804929,35,False
CEP20,3_minus_2,290.0,0.691783364105504,0.8642688346588728,False,0.00793569545174333,0.03193510486984618,35,False
CPA2,3_minus_2,290.0,0.691783364105504,0.8642688346588728,False,-0.04453959610212088,0.0,35,False
AKT1S1,3_minus_2,290.0,0.691783364105504,0.8642688346588728,False,0.03126436085220785,0.45364967610922785,35,False
TNFRSF13C,3_minus_2,290.0,0.691783364105504,0.8642688346588728,False,0.07019683602298582,0.9818724517412044,35,False
PTTG1,3_minus_2,290.0,0.691783364105504,0.8642688346588728,False,0.09609839182233415,1.127886682520728,35,False
AKAP12,3_minus_2,290.0,0.691783364105504,0.8642688346588728,False,0.03853784114557021,1.793294562667071,35,False
CD28,3_minus_2,290.0,0.691783364105504,0.8642688346588728,False,-0.0308638944814007,-0.6752011010569536,35,False
NRN1,3_minus_2,290.0,0.691783364105504,0.8642688346588728,False,-0.013877879920288577,0.0,35,False
SAFB2,3_minus_2,290.0,0.691783364105504,0.8642688346588728,False,0.0439891128736824,0.7614825428565781,35,False
PRR4,3_minus_2,290.0,0.691783364105504,0.8642688346588728,False,-0.06290758538996277,0.0,35,False
SLAMF1,3_minus_2,290.0,0.691783364105504,0.8642688346588728,False,-0.08193187452526657,-34.078246390451454,35,False
SH3BGRL2,3_minus_2,290.0,0.691783364105504,0.8642688346588728,False,0.0841617020992671,0.3073112552196964,35,False
TBC1D17,3_minus_2,290.0,0.691783364105504,0.8642688346588728,False,-0.008426211573294928,0.0,35,False
PRKAB1,3_minus_2,290.0,0.691783364105504,0.8642688346588728,False,-0.020353694412256873,-0.19621358351946472,35,False
SLK,3_minus_2,290.0,0.691783364105504,0.8642688346588728,False,-0.008340382168480001,-0.10050827160587349,35,False
THBS4,3_minus_2,290.0,0.691783364105504,0.8642688346588728,False,0.04247000163744208,0.46923037857722943,35,False
TPSD1,3_minus_2,290.0,0.691783364105504,0.8642688346588728,False,-0.030542887787985612,0.0,35,False
APOH,3_minus_2,290.0,0.691783364105504,0.8642688346588728,False,0.0780054673740305,1.0565854614787882,35,False
SH3GLB2,3_minus_2,290.0,0.691783364105504,0.8642688346588728,False,0.07088214425177952,0.5048206712526688,35,False
IL13,3_minus_2,290.0,0.691783364105504,0.8642688346588728,False,0.0826779963229059,4.346742620651102,35,False
GAGE2A,3_minus_2,259.0,0.7008383766752315,0.8692190343612118,False,0.0,0.0,35,False
PTH,3_minus_2,291.0,0.7037710931617767,0.8692190343612118,False,0.21934588711746206,1.8732511146212039,35,False
GUK1,3_minus_2,291.0,0.7037710931617767,0.8692190343612118,False,0.003640057475074676,0.0,35,False
PDLIM7,3_minus_2,291.0,0.7037710931617767,0.8692190343612118,False,-0.0367315830753947,-0.08080535202923632,35,False
SCN2B,3_minus_2,291.0,0.7037710931617767,0.8692190343612118,False,-0.13446226239222125,-34.834597159841564,35,False
ATXN10,3_minus_2,291.0,0.7037710931617767,0.8692190343612118,False,0.05894126387827858,0.2878293141468172,35,False
SORBS1,3_minus_2,291.0,0.7037710931617767,0.8692190343612118,False,-0.0504281118700437,-32.61171654078127,35,False
MAP4K5,3_minus_2,291.0,0.7037710931617767,0.8692190343612118,False,-0.11150947304463418,-0.40260050605194614,35,False
ABO,3_minus_2,291.0,0.7037710931617767,0.8692190343612118,False,-0.04930854985307187,-0.5164404729319079,35,False
CNTNAP2,3_minus_2,291.0,0.7037710931617767,0.8692190343612118,False,-0.020730820968797192,0.0,35,False
CASP4,3_minus_2,291.0,0.7037710931617767,0.8692190343612118,False,-0.005553917505842498,-0.06267129763602687,35,False
OXCT1,3_minus_2,291.0,0.7037710931617767,0.8692190343612118,False,0.0370943741374857,0.23235732830882283,35,False
SH2D1A,3_minus_2,291.0,0.7037710931617767,0.8692190343612118,False,0.021780114311374055,0.2966911867707157,35,False
C1GALT1C1,3_minus_2,291.0,0.7037710931617767,0.8692190343612118,False,0.1441101676428493,1.594377648402264,35,False
MFAP3L,3_minus_2,291.0,0.7037710931617767,0.8692190343612118,False,0.16094626963948222,1.5354518605902523,35,False
SEZ6,3_minus_2,291.0,0.7037710931617767,0.8692190343612118,False,-0.010420544706479407,0.0,35,False
DCTN2,3_minus_2,291.0,0.7037710931617767,0.8692190343612118,False,0.07543902781858436,1.0368760977070015,35,False
CLEC5A,3_minus_2,291.0,0.7037710931617767,0.8692190343612118,False,-0.012984599572510303,-0.1316633845707899,35,False
ABRAXAS2,3_minus_2,291.0,0.7037710931617767,0.8692190343612118,False,0.13204450089427833,0.5149568508013777,35,False
MYO9B,3_minus_2,291.0,0.7037710931617767,0.8692190343612118,False,0.08190352128531009,0.25478348707781506,35,False
MAPRE3,3_minus_2,259.0,0.7008383766752315,0.8692190343612118,False,0.0,0.0,35,False
TFAP2A,3_minus_2,291.0,0.7037710931617767,0.8692190343612118,False,-0.2298099141154232,-32.57257776509584,35,False
TADA3,3_minus_2,291.0,0.7037710931617767,0.8692190343612118,False,0.0637220535014138,0.2974842043423639,35,False
ATF4,3_minus_2,259.0,0.7008383766752315,0.8692190343612118,False,-0.12605414593096187,0.0,35,False
USP47,3_minus_2,291.0,0.7037710931617767,0.8692190343612118,False,0.03554646210160191,0.30451896886030055,35,False
IGHMBP2,3_minus_2,291.0,0.7037710931617767,0.8692190343612118,False,-0.036969160439396465,-0.1880471218980706,35,False
GBP4,3_minus_2,292.0,0.7158310085069388,0.8775707966719808,False,0.0520691251929605,0.46293910903397617,35,False
GUCA2A,3_minus_2,292.0,0.7158310085069388,0.8775707966719808,False,0.00964563144423701,0.0,35,False
EBAG9,3_minus_2,292.0,0.7158310085069388,0.8775707966719808,False,0.014026678834599515,0.04753547482681149,35,False
NUB1,3_minus_2,292.0,0.7158310085069388,0.8775707966719808,False,-0.0677409010983889,-0.3021007334621447,35,False
CXCL9,3_minus_2,292.0,0.7158310085069388,0.8775707966719808,False,-0.0014322368222225018,0.0,35,False
GIMAP8,3_minus_2,260.0,0.7141265040774867,0.8775707966719808,False,0.0,0.0,35,False
CORO1A,3_minus_2,292.0,0.7158310085069388,0.8775707966719808,False,-0.04225961124430144,-0.08864551788071139,35,False
NPTXR,3_minus_2,292.0,0.7158310085069388,0.8775707966719808,False,0.07535201891668541,0.0,35,False
PODXL2,3_minus_2,292.0,0.7158310085069388,0.8775707966719808,False,0.009231645729632799,0.0,35,False
IL13RA1,3_minus_2,292.0,0.7158310085069388,0.8775707966719808,False,-0.04528570429106439,-0.8334436922774247,35,False
GGH,3_minus_2,292.0,0.7158310085069388,0.8775707966719808,False,0.015937105410303697,0.2086343088568188,35,False
GART,3_minus_2,292.5,0.712472938743702,0.8775707966719808,False,0.10081993174888779,35.62175472288514,35,False
IRAG2,3_minus_2,292.0,0.7158310085069388,0.8775707966719808,False,-0.1290400691946889,-0.4539364547674993,35,False
COL4A4,3_minus_2,292.0,0.7158310085069388,0.8775707966719808,False,0.13998811504998665,34.56027902400745,35,False
TIGAR,3_minus_2,292.0,0.7158310085069388,0.8775707966719808,False,-0.009046054159747324,-0.2659231418718979,35,False
NXPH1,3_minus_2,292.0,0.7158310085069388,0.8775707966719808,False,-0.0252768503483627,-2.291329951839294,35,False
PHLDB2,3_minus_2,260.0,0.7141265040774867,0.8775707966719808,False,0.1858060632908114,36.045809381516506,35,False
BRAP,3_minus_2,293.0,0.7185875155785727,0.8805667727890604,False,-0.06090161807185632,-0.1456397616520095,35,False
MRPL58,3_minus_2,293.0,0.7279604331706651,0.8839743768040503,False,0.026980168809666916,0.15093510881907524,35,False
DENR,3_minus_2,293.0,0.7279604331706651,0.8839743768040503,False,-0.0688580658884057,-0.9001785160984493,35,False
PFDN6,3_minus_2,293.0,0.7279604331706651,0.8839743768040503,False,-0.11370216193473481,0.0,35,False
SHC1,3_minus_2,261.0,0.7275018966931701,0.8839743768040503,False,0.0,0.0,35,False
PLA2G4A,3_minus_2,293.0,0.7279604331706651,0.8839743768040503,False,-0.03651720936597069,-0.1124009233722207,35,False
MFAP4,3_minus_2,293.0,0.7279604331706651,0.8839743768040503,False,-0.00203346079589678,0.0,35,False
TXNRD1,3_minus_2,293.0,0.7279604331706651,0.8839743768040503,False,0.010713771693948215,0.19831000017267092,35,False
DUT,3_minus_2,293.0,0.7279604331706651,0.8839743768040503,False,-0.020537510410135074,-1.1450722732717868,35,False
GRPEL1,3_minus_2,293.0,0.7279604331706651,0.8839743768040503,False,-0.034936907721095145,-34.421584899138225,35,False
PDIA4,3_minus_2,293.0,0.7279604331706651,0.8839743768040503,False,-0.06424780638450919,-0.4381195691511201,35,False
GSAP,3_minus_2,293.0,0.7279604331706651,0.8839743768040503,False,-0.05874237066265042,0.0,35,False
IL36A,3_minus_2,293.0,0.7279604331706651,0.8839743768040503,False,-0.2113443003729591,-36.882488497076714,35,False
IL25,3_minus_2,261.0,0.7275018966931701,0.8839743768040503,False,0.0,0.0,35,False
PDLIM5,3_minus_2,293.0,0.7279604331706651,0.8839743768040503,False,-0.009902157685440116,-0.021064727260016743,35,False
IGFBP1,3_minus_2,293.0,0.7279604331706651,0.8839743768040503,False,-0.02213837706806676,-31.271279487516626,35,False
RILP,3_minus_2,293.0,0.7279604331706651,0.8839743768040503,False,0.003891915756849551,0.06160032380803557,35,False
DNAJA4,3_minus_2,293.0,0.7279604331706651,0.8839743768040503,False,0.0539121673911597,3.7649753673197366,35,False
GHRHR,3_minus_2,293.0,0.7279604331706651,0.8839743768040503,False,0.045217679096881014,0.3795672230370991,35,False
PCDH12,3_minus_2,293.0,0.7279604331706651,0.8839743768040503,False,-0.03815864665146623,-0.8647624736530444,35,False
BCL2L1,3_minus_2,293.0,0.7279604331706651,0.8839743768040503,False,0.10080365478060399,0.2871017188911008,35,False
EIF2S2,3_minus_2,293.0,0.7279604331706651,0.8839743768040503,False,0.1027995864505066,0.36930787355490724,35,False
CAPN3,3_minus_2,294.0,0.7401566408807412,0.889198421808945,False,0.0647988401244425,0.693239282168512,35,False
RUVBL1,3_minus_2,294.0,0.7401566408807412,0.889198421808945,False,-0.03268431369246372,0.0,35,False
ITGB1BP1,3_minus_2,294.0,0.7401566408807412,0.889198421808945,False,0.2849450819212375,37.66113610785773,35,False
TP53,3_minus_2,294.0,0.7401566408807412,0.889198421808945,False,-0.0396990755404083,-0.25132363462721247,35,False
EIF5A,3_minus_2,294.0,0.7401566408807412,0.889198421808945,False,0.003943930387523192,0.0,35,False
CHEK2,3_minus_2,294.0,0.7401566408807412,0.889198421808945,False,-0.027862277351441922,-31.56125498573452,35,False
FABP2,3_minus_2,294.0,0.7401566408807412,0.889198421808945,False,0.10081268881257349,33.94390259426149,35,False
NOP56,3_minus_2,294.0,0.7401566408807412,0.889198421808945,False,-0.18859685541841542,-32.33637642869836,35,False
NFKB1,3_minus_2,294.0,0.7401566408807412,0.889198421808945,False,-0.11810710038759997,-0.4748981522352886,35,False
RNF41,3_minus_2,294.0,0.7401566408807412,0.889198421808945,False,0.04230080514044121,0.20870519636458282,35,False
STX8,3_minus_2,294.0,0.7401566408807412,0.889198421808945,False,0.0733798221025739,0.3854098420240993,35,False
PCBD1,3_minus_2,294.0,0.7401566408807412,0.889198421808945,False,-0.0068955662820034125,-0.32390444921370437,35,False
EDN1,3_minus_2,294.0,0.7401566408807412,0.889198421808945,False,-0.02968111765547641,0.0,35,False
SLC4A1,3_minus_2,294.0,0.7401566408807412,0.889198421808945,False,0.10778529365931999,0.0,35,False
ARNT,3_minus_2,294.0,0.7401566408807412,0.889198421808945,False,-0.02556722176856363,-0.3856969145686334,35,False
ADGRV1,3_minus_2,294.0,0.7401566408807412,0.889198421808945,False,0.04642186665591491,0.44606876066872136,35,False
SHPK,3_minus_2,294.0,0.7401566408807412,0.889198421808945,False,0.2306722335415789,37.24957154402555,35,False
CIAPIN1,3_minus_2,294.0,0.7401566408807412,0.889198421808945,False,-0.010031316260666667,-0.04228868834931324,35,False
SPAG1,3_minus_2,294.0,0.7401566408807412,0.889198421808945,False,-0.020240035547896884,-0.1072895496186811,35,False
SCN3A,3_minus_2,294.0,0.7401566408807412,0.889198421808945,False,-0.13787953956243248,0.0,35,False
CD99L2,3_minus_2,294.0,0.7401566408807412,0.889198421808945,False,-0.01943045311503311,-0.32936342255569284,35,False
LILRA2,3_minus_2,294.0,0.7401566408807412,0.889198421808945,False,-0.026560459263546277,-0.31197082425539624,35,False
INPP5J,3_minus_2,294.0,0.7401566408807412,0.889198421808945,False,-0.0856680208377888,0.0,35,False
SLC13A1,3_minus_2,294.0,0.7401566408807412,0.889198421808945,False,0.06018273564030299,0.4464817842672732,35,False
MIA,3_minus_2,294.0,0.7401566408807412,0.889198421808945,False,-0.0229776176614003,0.0,35,False
NUDT10,3_minus_2,295.0,0.7432229299046025,0.8925013947169981,False,0.05986522433706731,34.94169564773948,35,False
CRYGD,3_minus_2,295.0,0.7524168539675884,0.8974188313311008,False,0.06783931101821516,0.7813532179998193,35,False
CDAN1,3_minus_2,295.0,0.7524168539675884,0.8974188313311008,False,0.06757096727913671,35.400287622932645,35,False
CNPY4,3_minus_2,295.0,0.7524168539675884,0.8974188313311008,False,0.0040329108332838315,0.028371527602734065,35,False
SRPK2,3_minus_2,295.0,0.7524168539675884,0.8974188313311008,False,0.028600694785755096,0.18441104691914728,35,False
PDRG1,3_minus_2,295.0,0.7524168539675884,0.8974188313311008,False,-0.2767084871062207,-37.320918763208844,35,False
TEX101,3_minus_2,295.0,0.7524168539675884,0.8974188313311008,False,-0.10632148857515461,-35.8200445876043,35,False
THTPA,3_minus_2,295.0,0.7524168539675884,0.8974188313311008,False,-0.1546706993412983,-1.065185816759607,35,False
S100A16,3_minus_2,295.0,0.7524168539675884,0.8974188313311008,False,0.0837397385292945,0.0,35,False
ELAC1,3_minus_2,295.0,0.7524168539675884,0.8974188313311008,False,0.02409437275818016,0.08111695810623815,35,False
SAT1,3_minus_2,295.0,0.7524168539675884,0.8974188313311008,False,-0.1626532181351816,0.0,35,False
UFD1,3_minus_2,295.0,0.7524168539675884,0.8974188313311008,False,0.025189987583472906,0.07635291077963728,35,False
CHI3L1,3_minus_2,295.0,0.7524168539675884,0.8974188313311008,False,0.01991674060652393,0.35924409235914617,35,False
PSMD9,3_minus_2,295.0,0.7524168539675884,0.8974188313311008,False,0.020790632468627918,0.5044317840627041,35,False
DEFB116,3_minus_2,295.0,0.7524168539675884,0.8974188313311008,False,0.11683654493584172,0.0,35,False
GSTT2B,3_minus_2,295.0,0.7524168539675884,0.8974188313311008,False,0.01416178335149132,0.09567220990119639,35,False
CXCL14,3_minus_2,295.0,0.7524168539675884,0.8974188313311008,False,-0.09063409552741758,0.0,35,False
MORN4,3_minus_2,263.0,0.7544995005388346,0.8991411737271936,False,0.0,0.0,35,False
TPRKB,3_minus_2,263.0,0.7544995005388346,0.8991411737271936,False,0.014205276842209402,0.0,35,False
DGKZ,3_minus_2,296.0,0.7647382524446584,0.9014244114207443,False,0.03527074850628542,1.1633953853668857,35,False
CD3D,3_minus_2,296.0,0.7647382524446584,0.9014244114207443,False,-0.05118473550337829,0.0,35,False
SNU13,3_minus_2,296.0,0.7647382524446584,0.9014244114207443,False,0.0774221607495192,1.6516567927342434,35,False
PXDNL,3_minus_2,296.0,0.7647382524446584,0.9014244114207443,False,-0.007720708130529386,-0.2997121062630137,35,False
ATXN3,3_minus_2,296.0,0.7647382524446584,0.9014244114207443,False,0.05557915983860218,0.5177718487564941,35,False
IL17F,3_minus_2,296.0,0.7647382524446584,0.9014244114207443,False,-0.05982649672447393,0.0,35,False
SCGB2A2,3_minus_2,296.0,0.7647382524446584,0.9014244114207443,False,-0.07665744631914445,-0.7570243925178937,35,False
M6PR,3_minus_2,296.0,0.7647382524446584,0.9014244114207443,False,0.0501483564327978,0.5581885085979064,35,False
CA9,3_minus_2,296.0,0.7647382524446584,0.9014244114207443,False,-0.0205598880264527,0.0,35,False
RAB3GAP1,3_minus_2,296.0,0.7647382524446584,0.9014244114207443,False,0.211621828724196,1.3148801612716068,35,False
CRYM,3_minus_2,296.0,0.7647382524446584,0.9014244114207443,False,0.12559617822703828,0.9781412789091544,35,False
APOA1,3_minus_2,296.0,0.7647382524446584,0.9014244114207443,False,-0.011526072435449286,-32.88785903836641,35,False
LEPR,3_minus_2,296.0,0.7647382524446584,0.9014244114207443,False,0.062178469361601985,1.6043668634402029,35,False
TJAP1,3_minus_2,296.0,0.7647382524446584,0.9014244114207443,False,-0.0001895517926087109,-0.0007837198126862143,35,False
STIP1,3_minus_2,296.0,0.7647382524446584,0.9014244114207443,False,0.115504200733615,0.6034586700619677,35,False
NUDC,3_minus_2,296.0,0.7647382524446584,0.9014244114207443,False,-0.015169943970533728,-0.06290269470643213,35,False
DTYMK,3_minus_2,296.0,0.7647382524446584,0.9014244114207443,False,-0.09068482457607158,-0.2824709389363265,35,False
TGFA,3_minus_2,296.0,0.7647382524446584,0.9014244114207443,False,-0.011823487919379205,0.0,35,False
RBM17,3_minus_2,296.0,0.7647382524446584,0.9014244114207443,False,-0.0030846671303488005,-0.07968119121236368,35,False
DCN,3_minus_2,296.0,0.7647382524446584,0.9014244114207443,False,-0.012826510417371983,0.0,35,False
DENND2B,3_minus_2,296.0,0.7647382524446584,0.9014244114207443,False,-0.0394598196187749,-0.38419519174509253,35,False
HADH,3_minus_2,296.0,0.7647382524446584,0.9014244114207443,False,-0.041169392842927977,0.0,35,False
TNFSF10,3_minus_2,296.0,0.7647382524446584,0.9014244114207443,False,-0.010869096059256799,-1.2418650737089514,35,False
HDDC2,3_minus_2,296.0,0.7647382524446584,0.9014244114207443,False,-0.003534941048932594,-0.1121782163179047,35,False
CAMSAP1,3_minus_2,296.0,0.7647382524446584,0.9014244114207443,False,-0.05463942566663271,-0.12389818212268391,35,False
CST7,3_minus_2,296.0,0.7647382524446584,0.9014244114207443,False,-0.006322388812246338,-0.02970258224071142,35,False
DCLRE1C,3_minus_2,264.0,0.7681140345080325,0.9050247368931462,False,-0.04948911386624791,0.0,35,False
CFHR4,3_minus_2,297.0,0.7771179727860726,0.9080349424753447,False,-0.016489463475226902,-0.42086475831600645,35,False
REXO2,3_minus_2,297.0,0.7771179727860726,0.9080349424753447,False,0.1409269071764091,36.434298702835164,35,False
CEP170,3_minus_2,297.0,0.7771179727860726,0.9080349424753447,False,-0.0368206620052999,-0.0866083949805796,35,False
CEACAM20,3_minus_2,297.0,0.7771179727860726,0.9080349424753447,False,-0.14659683214315622,-0.7806689510216489,35,False
ARHGAP30,3_minus_2,297.0,0.7771179727860726,0.9080349424753447,False,-0.0257692366766491,-0.4829156152789158,35,False
OSTN,3_minus_2,297.0,0.7771179727860726,0.9080349424753447,False,-0.003587511653452502,0.0,35,False
ABHD14B,3_minus_2,297.0,0.7771179727860726,0.9080349424753447,False,-0.02789307056270307,-0.3647436371148623,35,False
DAAM1,3_minus_2,297.0,0.7771179727860726,0.9080349424753447,False,-0.17514856727250905,-0.49360345084998924,35,False
DIABLO,3_minus_2,297.0,0.7771179727860726,0.9080349424753447,False,-0.01107893404087923,-0.02946573275306792,35,False
NLGN2,3_minus_2,297.0,0.7771179727860726,0.9080349424753447,False,0.09616653222284754,32.55359546497263,35,False
KIAA1549L,3_minus_2,297.0,0.7771179727860726,0.9080349424753447,False,-0.03294511948893972,-32.84398604371937,35,False
IL21R,3_minus_2,297.0,0.7771179727860726,0.9080349424753447,False,-0.04758200344419811,-34.616764350149786,35,False
PRDX1,3_minus_2,297.0,0.7771179727860726,0.9080349424753447,False,-0.10839029038198589,-1.0660884165312572,35,False
MSRA,3_minus_2,297.0,0.7771179727860726,0.9080349424753447,False,-0.03943071746604421,-0.12994774877234866,35,False
TLR4,3_minus_2,297.0,0.7771179727860726,0.9080349424753447,False,-0.035378229486095994,-0.20545800693828678,35,False
CDNF,3_minus_2,297.0,0.7771179727860726,0.9080349424753447,False,0.0026677985890664058,0.23111436208485084,35,False
CASP2,3_minus_2,297.0,0.7771179727860726,0.9080349424753447,False,-0.08448257091793854,-1.15046220108378,35,False
STX16,3_minus_2,297.0,0.7771179727860726,0.9080349424753447,False,0.03290046961170057,0.4807449242554942,35,False
PLA2G2A,3_minus_2,297.0,0.7771179727860726,0.9080349424753447,False,0.008699187362331218,0.0520560030378566,35,False
MMP9,3_minus_2,297.0,0.7771179727860726,0.9080349424753447,False,-0.0009609139347708032,-0.02396126354597356,35,False
ANKRD54,3_minus_2,298.0,0.7895531054819003,0.9130930369761935,False,-0.17297225206567263,-36.61765003847275,35,False
DDA1,3_minus_2,298.0,0.7895531054819003,0.9130930369761935,False,-0.0139199773833363,0.0,35,False
SAA4,3_minus_2,298.0,0.7895531054819003,0.9130930369761935,False,0.022050336626799893,0.3513918427189656,35,False
PPP1R12B,3_minus_2,298.0,0.7895531054819003,0.9130930369761935,False,0.004274150747935801,0.10831852132438156,35,False
IFT20,3_minus_2,298.0,0.7895531054819003,0.9130930369761935,False,-0.01759798868890361,-0.14021602630538077,35,False
PPM1F,3_minus_2,298.0,0.7895531054819003,0.9130930369761935,False,-0.06939756070880619,-0.3463790695127793,35,False
FGF7,3_minus_2,265.0,0.7818004856522974,0.9130930369761935,False,0.1198646396866705,1.2957880944462674,35,False
AP2B1,3_minus_2,298.0,0.7895531054819003,0.9130930369761935,False,0.041857527250387494,0.418281740848337,35,False
HBZ,3_minus_2,298.0,0.7895531054819003,0.9130930369761935,False,-0.10181011436906418,0.0,35,False
CA13,3_minus_2,298.0,0.7895531054819003,0.9130930369761935,False,-0.01703461957088903,-0.03283130684172339,35,False
GUCY2C,3_minus_2,298.0,0.7895531054819003,0.9130930369761935,False,-0.10408244717171894,0.0,35,False
FCRL3,3_minus_2,298.0,0.7895531054819003,0.9130930369761935,False,0.013047944298085867,0.06886079771060356,35,False
CA1,3_minus_2,298.0,0.7895531054819003,0.9130930369761935,False,0.04708531428465859,34.68467129158192,35,False
DTD1,3_minus_2,298.0,0.7895531054819003,0.9130930369761935,False,-0.12147024501541681,-0.3023694456744514,35,False
MSMB,3_minus_2,298.0,0.7895531054819003,0.9130930369761935,False,0.09431543718699759,35.09123132597981,35,False
DKKL1,3_minus_2,298.0,0.7895531054819003,0.9130930369761935,False,0.0030255109772908684,0.0,35,False
ITGB1BP2,3_minus_2,298.0,0.7895531054819003,0.9130930369761935,False,0.16609442268373786,0.29412719452117675,35,False
NGF,3_minus_2,298.0,0.7895531054819003,0.9130930369761935,False,0.002123967068429003,0.19841561604776461,35,False
CALCOCO1,3_minus_2,298.0,0.7895531054819003,0.9130930369761935,False,0.04728478509595521,0.12293085199490773,35,False
LGALS3,3_minus_2,298.0,0.7895531054819003,0.9130930369761935,False,-0.005585156001815916,0.0,35,False
CLMP,3_minus_2,298.0,0.7895531054819003,0.9130930369761935,False,-0.014399825438578512,-31.964193350035696,35,False
MYL1,3_minus_2,298.0,0.7895531054819003,0.9130930369761935,False,0.047189374724906696,0.4080028420469963,35,False
PCDH1,3_minus_2,298.0,0.7895531054819003,0.9130930369761935,False,0.0021329290071196993,0.0,35,False
PCBP2,3_minus_2,298.0,0.7895531054819003,0.9130930369761935,False,0.07180373016619379,0.24479032301921214,35,False
HMGCS1,3_minus_2,298.0,0.7895531054819003,0.9130930369761935,False,-0.11812251064626497,-34.93712155622282,35,False
HRC,3_minus_2,299.0,0.8020407048752531,0.918108384117363,False,-0.05702833383921607,0.0,35,False
SLA2,3_minus_2,299.0,0.8020407048752531,0.918108384117363,False,0.05799155422728397,0.1283705123967799,35,False
TOR1AIP1,3_minus_2,299.0,0.8020407048752531,0.918108384117363,False,0.031982176542967644,0.0,35,False
KIRREL1,3_minus_2,299.0,0.8020407048752531,0.918108384117363,False,-0.1354141822250672,-2.6287448174885375,35,False
PROC,3_minus_2,299.0,0.8020407048752531,0.918108384117363,False,-0.0244950806718046,-0.3297155586558489,35,False
LYPD1,3_minus_2,299.0,0.8020407048752531,0.918108384117363,False,0.011603517967883892,0.07792830685273591,35,False
GTF2IRD1,3_minus_2,299.0,0.8020407048752531,0.918108384117363,False,0.01394550045833276,0.25239657307629454,35,False
EXTL1,3_minus_2,299.0,0.8020407048752531,0.918108384117363,False,0.026356846449189786,0.3076667533537806,35,False
CAT,3_minus_2,299.0,0.8020407048752531,0.918108384117363,False,-0.041030496353682055,-1.4142715740256944,35,False
MECR,3_minus_2,299.0,0.8020407048752531,0.918108384117363,False,0.12984040211658243,0.6862570981482831,35,False
TARM1,3_minus_2,299.0,0.8020407048752531,0.918108384117363,False,-0.016842687637543374,-33.224628738704766,35,False
SPRING1,3_minus_2,266.0,0.795554841373976,0.918108384117363,False,-0.007722118418388768,0.0,35,False
AHNAK,3_minus_2,299.0,0.8020407048752531,0.918108384117363,False,0.018458973303955517,0.3077633766491383,35,False
S100A12,3_minus_2,299.0,0.8020407048752531,0.918108384117363,False,-0.10835324902226717,-4.319021274621351,35,False
EVI2B,3_minus_2,266.0,0.795554841373976,0.918108384117363,False,0.0,0.0,35,False
UBQLN3,3_minus_2,299.0,0.8020407048752531,0.918108384117363,False,0.12439979859785255,1.0202651834092213,35,False
PCNA,3_minus_2,266.0,0.795554841373976,0.918108384117363,False,0.0034379352402478993,0.0,35,False
CYB5R2,3_minus_2,299.0,0.8020407048752531,0.918108384117363,False,0.04865884890319627,0.36737880776458515,35,False
TXNDC9,3_minus_2,299.0,0.8020407048752531,0.918108384117363,False,0.008478041981629408,0.0559658875666301,35,False
OTUD6B,3_minus_2,299.0,0.8020407048752531,0.918108384117363,False,-0.05561019500819109,-0.4031670244135355,35,False
RASSF2,3_minus_2,299.0,0.8020407048752531,0.918108384117363,False,0.13163048183946968,0.8212844316828533,35,False
C1QL2,3_minus_2,299.0,0.8020407048752531,0.918108384117363,False,-0.05613532404331259,0.0,35,False
SERPINB6,3_minus_2,299.0,0.8020407048752531,0.918108384117363,False,-0.03655032739707012,-0.14296909683661896,35,False
TMED10,3_minus_2,299.0,0.8020407048752531,0.918108384117363,False,-0.26268968767345224,-35.68392270091044,35,False
LRTM1,3_minus_2,299.0,0.8020407048752531,0.918108384117363,False,-0.09289471740911029,-1.4814367053999957,35,False
TTR,3_minus_2,283.0,0.8042121905358108,0.9202200441076162,False,-0.0504483429545128,-1.0410422038426272,35,False
CDC27,3_minus_2,300.0,0.8145777874160558,0.922336569908972,False,-0.07247584109436767,-0.3002706675863446,35,False
FNDC1,3_minus_2,300.0,0.8145777874160558,0.922336569908972,False,-0.082488534981903,-0.8440262752978208,35,False
DGKA,3_minus_2,300.0,0.8145777874160558,0.922336569908972,False,-0.014215676268353905,-0.10362266117961856,35,False
ESR1,3_minus_2,300.0,0.8145777874160558,0.922336569908972,False,-0.09619105676595507,-1.3371089838093324,35,False
KLK3,3_minus_2,300.0,0.8145777874160558,0.922336569908972,False,-0.026664671089362324,0.0,35,False
CTSL,3_minus_2,300.0,0.8145777874160558,0.922336569908972,False,-0.050801064115448685,-4.010269017285314,35,False
LPCAT2,3_minus_2,300.0,0.8145777874160558,0.922336569908972,False,0.0119494808379416,0.3833261224937923,35,False
GADD45GIP1,3_minus_2,300.0,0.8145777874160558,0.922336569908972,False,-0.023739164773517896,-0.14624581388545413,35,False
EIF4EBP1,3_minus_2,300.0,0.8145777874160558,0.922336569908972,False,-0.020681505418951085,-0.3787450066520222,35,False
KHK,3_minus_2,300.0,0.8145777874160558,0.922336569908972,False,-0.20106866191818673,-1.652779652476035,35,False
ERBB4,3_minus_2,300.0,0.8145777874160558,0.922336569908972,False,-0.020361581075234503,-0.9228544225219971,35,False
COCH,3_minus_2,300.0,0.8145777874160558,0.922336569908972,False,-0.019505655612301553,0.0,35,False
ERN1,3_minus_2,300.0,0.8145777874160558,0.922336569908972,False,-0.057444182582483405,-1.6029079732697884,35,False
PLPBP,3_minus_2,300.0,0.8145777874160558,0.922336569908972,False,-0.152695410806587,-36.40469733043123,35,False
SPARCL1,3_minus_2,300.0,0.8145777874160558,0.922336569908972,False,-0.03907045394410688,0.0,35,False
DSG2,3_minus_2,300.0,0.8145777874160558,0.922336569908972,False,-0.0005233757677691993,0.0,35,False
SCARF1,3_minus_2,300.0,0.8145777874160558,0.922336569908972,False,-0.0010862882444652167,-0.006684418410719478,35,False
MCEE,3_minus_2,300.0,0.8145777874160558,0.922336569908972,False,0.055712680757915495,1.1674224541157334,35,False
PIK3AP1,3_minus_2,300.0,0.8145777874160558,0.922336569908972,False,0.05650479737466596,1.1769648182659311,35,False
PRKAR1A,3_minus_2,300.0,0.8145777874160558,0.922336569908972,False,0.02304528260607963,0.06972088470769643,35,False
FAM3D,3_minus_2,300.0,0.8145777874160558,0.922336569908972,False,0.04272298164268551,0.0,35,False
IDI2,3_minus_2,300.0,0.8145777874160558,0.922336569908972,False,-0.05515505242268681,0.0,35,False
IGSF21,3_minus_2,300.0,0.8145777874160558,0.922336569908972,False,0.023464237625758014,0.5312946918687462,35,False
AGR2,3_minus_2,300.0,0.8145777874160558,0.922336569908972,False,0.0964716816132064,35.84714447271101,35,False
NCK2,3_minus_2,300.0,0.8145777874160558,0.922336569908972,False,0.00655786283946469,0.018665990957977382,35,False
TXLNA,3_minus_2,300.0,0.8145777874160558,0.922336569908972,False,0.03284576145195994,0.10294069425961774,35,False
GLRX,3_minus_2,301.0,0.8271613295655698,0.928742545477131,False,-0.006843898404969212,-0.07752642870766403,35,False
PSMD5,3_minus_2,301.0,0.8271613295655698,0.928742545477131,False,-0.04271031519196289,0.0,35,False
ERC2,3_minus_2,301.0,0.8271613295655698,0.928742545477131,False,0.0542997431236138,0.956041757409793,35,False
NOTCH3,3_minus_2,301.0,0.8271613295655698,0.928742545477131,False,-0.0005759194816558066,0.0,35,False
DTX3,3_minus_2,301.0,0.8271613295655698,0.928742545477131,False,-0.03297308742317359,0.0,35,False
CGN,3_minus_2,301.0,0.8271613295655698,0.928742545477131,False,0.0880365367612359,2.425258724462282,35,False
SWAP70,3_minus_2,301.0,0.8271613295655698,0.928742545477131,False,-0.015032201045311902,-0.48734107463193505,35,False
TRDMT1,3_minus_2,301.0,0.8271613295655698,0.928742545477131,False,-0.04041522741211212,-0.3169341934332115,35,False
ACAN,3_minus_2,301.0,0.8271613295655698,0.928742545477131,False,0.0167422525942513,0.5806544633906419,35,False
RILPL2,3_minus_2,301.0,0.8271613295655698,0.928742545477131,False,-0.054478289438917304,-0.12332586804119212,35,False
RTN4IP1,3_minus_2,301.0,0.8271613295655698,0.928742545477131,False,0.12246340901155506,0.3655982522777249,35,False
AK1,3_minus_2,301.0,0.8271613295655698,0.928742545477131,False,0.1101661199815438,0.7626428009688937,35,False
SNX9,3_minus_2,301.0,0.8271613295655698,0.928742545477131,False,0.025576484063146943,0.20954478864445789,35,False
TRAF2,3_minus_2,301.0,0.8271613295655698,0.928742545477131,False,0.026728217326877,0.3458341244136334,35,False
CC2D1A,3_minus_2,301.0,0.8271613295655698,0.928742545477131,False,0.0593947443843994,0.2819241739660251,35,False
CSNK2A1,3_minus_2,301.0,0.8271613295655698,0.928742545477131,False,-0.0037900633786407956,-0.37122766231482607,35,False
FGF5,3_minus_2,301.0,0.8271613295655698,0.928742545477131,False,-0.006705337760027005,0.0,35,False
CRKL,3_minus_2,301.0,0.8271613295655698,0.928742545477131,False,-0.010461826853449097,-0.02269182192617355,35,False
TDGF1,3_minus_2,301.0,0.8271613295655698,0.928742545477131,False,0.01158999313089737,0.0,35,False
DNMBP,3_minus_2,301.0,0.8271613295655698,0.928742545477131,False,-0.16226276434438924,-0.7943986080988513,35,False
FKBP7,3_minus_2,301.0,0.8271613295655698,0.928742545477131,False,0.0817706721751224,0.41396799973831255,35,False
IPCEF1,3_minus_2,302.0,0.8397882779827341,0.9358305464184327,False,-0.0051453374241765965,-0.01664462274637177,35,False
PLEKHO1,3_minus_2,302.0,0.8397882779827341,0.9358305464184327,False,-0.012416949560156265,-0.06954569817555332,35,False
KCNC4,3_minus_2,302.0,0.8397882779827341,0.9358305464184327,False,-0.14652980795232984,0.0,35,False
GATA3,3_minus_2,269.0,0.8371842811776209,0.9358305464184327,False,0.0,0.0,35,False
NPY,3_minus_2,302.0,0.8397882779827341,0.9358305464184327,False,0.07445689171267644,34.87171109884663,35,False
PTPN1,3_minus_2,302.0,0.8397882779827341,0.9358305464184327,False,-0.07296523469204569,-0.18187837717783178,35,False
CD3E,3_minus_2,302.0,0.8397882779827341,0.9358305464184327,False,-0.042729904708373595,-0.4783009965440754,35,False
PRKD2,3_minus_2,302.0,0.8397882779827341,0.9358305464184327,False,0.09660324155083211,0.9837013133842816,35,False
PLSCR3,3_minus_2,302.0,0.8397882779827341,0.9358305464184327,False,-0.029014983842684194,-0.2038985723417317,35,False
UPK3BL1,3_minus_2,302.0,0.8397882779827341,0.9358305464184327,False,0.3109812359136471,37.0056428088444,35,False
VSIG10,3_minus_2,302.0,0.8397882779827341,0.9358305464184327,False,0.015958435731410425,0.11363807010279992,35,False
ARHGEF10,3_minus_2,302.0,0.8397882779827341,0.9358305464184327,False,-0.04904477387867534,-0.19135232095875043,35,False
BSND,3_minus_2,269.0,0.8371842811776209,0.9358305464184327,False,0.030383157137556127,0.0,35,False
NUP50,3_minus_2,302.0,0.8397882779827341,0.9358305464184327,False,0.03503732509636753,33.76309765670802,35,False
CCS,3_minus_2,302.0,0.8397882779827341,0.9358305464184327,False,-0.014862071684002193,0.0,35,False
RAD51,3_minus_2,302.0,0.8397882779827341,0.9358305464184327,False,-0.1120199780400592,-2.7506740459620254,35,False
PAIP2B,3_minus_2,269.0,0.8371842811776209,0.9358305464184327,False,0.17527717627944428,36.115481825885595,35,False
MICALL2,3_minus_2,302.0,0.8397882779827341,0.9358305464184327,False,-0.044400958001959534,-0.6270524662984058,35,False
LYAR,3_minus_2,302.0,0.8397882779827341,0.9358305464184327,False,-0.06217276073068162,-0.7570879092505296,35,False
CLSTN3,3_minus_2,303.0,0.8524555477779359,0.9406406044446188,False,0.008508626833119398,0.29034469741986757,35,False
RBPMS2,3_minus_2,303.0,0.8524555477779359,0.9406406044446188,False,-0.15305291846841618,-0.28566534237833585,35,False
ATP6V1G1,3_minus_2,303.0,0.8524555477779359,0.9406406044446188,False,0.09504584361569357,0.43987336369816893,35,False
NPTX1,3_minus_2,303.0,0.8524555477779359,0.9406406044446188,False,0.0019194391784614073,0.1312047755342006,35,False
ARHGAP25,3_minus_2,303.0,0.8524555477779359,0.9406406044446188,False,0.07359963380740225,1.324059956485949,35,False
BRD1,3_minus_2,303.0,0.8524555477779359,0.9406406044446188,False,-0.11520789285967653,-0.5022143408870683,35,False
TBC1D23,3_minus_2,303.0,0.8524555477779359,0.9406406044446188,False,-0.1776037684792715,-0.5460851074159732,35,False
UNG,3_minus_2,303.0,0.8524555477779359,0.9406406044446188,False,-0.06731574923975603,-0.4108597010581357,35,False
BANK1,3_minus_2,303.0,0.8524555477779359,0.9406406044446188,False,-0.135930669144521,-0.2687766708542552,35,False
FMR1,3_minus_2,303.0,0.8524555477779359,0.9406406044446188,False,0.08103036837173916,0.7613127247464853,35,False
UNC79,3_minus_2,270.0,0.8511689164578209,0.9406406044446188,False,0.2114755658866767,0.9293778289858399,35,False
MAVS,3_minus_2,303.0,0.8524555477779359,0.9406406044446188,False,-0.09387451525836932,-0.20717969225321778,35,False
ANPEP,3_minus_2,303.0,0.8524555477779359,0.9406406044446188,False,-0.003094884440758096,0.0,35,False
MAP2K1,3_minus_2,303.0,0.8524555477779359,0.9406406044446188,False,0.01189185747914101,0.08378333617178674,35,False
DNPH1,3_minus_2,303.0,0.8524555477779359,0.9406406044446188,False,-0.06745984768104174,-0.9017931291453352,35,False
NPHS1,3_minus_2,303.0,0.8524555477779359,0.9406406044446188,False,0.06291819228159409,0.6256591325415398,35,False
PDCD6,3_minus_2,303.0,0.8524555477779359,0.9406406044446188,False,-0.012038203054635307,-0.14581331165177103,35,False
NEK7,3_minus_2,303.0,0.8524555477779359,0.9406406044446188,False,-0.037498629140925,-0.7047573894132148,35,False
ADH4,3_minus_2,303.0,0.8524555477779359,0.9406406044446188,False,-0.07916983642595787,-32.77310478846258,35,False
LSP1,3_minus_2,303.0,0.8524555477779359,0.9406406044446188,False,-0.0053799900141194845,-0.05087141842613205,35,False
RWDD1,3_minus_2,303.0,0.8524555477779359,0.9406406044446188,False,-0.0720834813882748,-0.6753591676516627,35,False
TTF2,3_minus_2,303.0,0.8524555477779359,0.9406406044446188,False,-0.09739317178923151,-0.41392192316706505,35,False
TAB2,3_minus_2,303.0,0.8524555477779359,0.9406406044446188,False,-0.032514042556671896,-0.131096767960697,35,False
DBNL,3_minus_2,303.0,0.8524555477779359,0.9406406044446188,False,0.027236601172575092,0.0626507167227414,35,False
ANXA5,3_minus_2,303.0,0.8524555477779359,0.9406406044446188,False,0.0016555707083698024,0.10017774584095694,35,False
TMSB10,3_minus_2,304.0,0.8651600206503645,0.9454422405219334,False,0.009466110857664911,0.027693076464610705,35,False
BPIFB2,3_minus_2,304.0,0.8651600206503645,0.9454422405219334,False,0.11484081947508351,0.8772007327012329,35,False
EPN1,3_minus_2,304.0,0.8651600206503645,0.9454422405219334,False,0.01827031558724379,0.33348957014783503,35,False
WDR46,3_minus_2,304.0,0.8651600206503645,0.9454422405219334,False,0.004923145994378,29.563605110337615,35,False
SKAP1,3_minus_2,304.0,0.8651600206503645,0.9454422405219334,False,-0.03943488482039989,-0.5502696458699777,35,False
PPP2R5A,3_minus_2,304.0,0.8651600206503645,0.9454422405219334,False,0.16357296319187697,0.40159749623864877,35,False
PPP1R14D,3_minus_2,304.0,0.8651600206503645,0.9454422405219334,False,0.015223582585980801,31.557343563240703,35,False
ZNF830,3_minus_2,304.0,0.8651600206503645,0.9454422405219334,False,-0.0135027545877347,-0.8926559049589997,35,False
HNRNPK,3_minus_2,304.0,0.8651600206503645,0.9454422405219334,False,0.16798434568569998,0.7287872803185412,35,False
GPC1,3_minus_2,304.0,0.8651600206503645,0.9454422405219334,False,-0.003350461445748576,0.0,35,False
C19orf12,3_minus_2,304.0,0.8651600206503645,0.9454422405219334,False,0.0021176053046911836,0.0,35,False
OGFR,3_minus_2,304.0,0.8651600206503645,0.9454422405219334,False,0.021109630883761443,0.2113045385631462,35,False
CERT1,3_minus_2,287.0,0.8575345896444672,0.9454422405219334,False,0.1260259722520744,0.49168271708141154,35,False
IL6ST,3_minus_2,304.0,0.8651600206503645,0.9454422405219334,False,-0.0027193229144736007,-2.351457472332474,35,False
PQBP1,3_minus_2,304.0,0.8651600206503645,0.9454422405219334,False,-0.015452623208641901,-32.23633732389523,35,False
SLC12A2,3_minus_2,304.0,0.8651600206503645,0.9454422405219334,False,0.021251966066976498,0.24367845082504397,35,False
SLIRP,3_minus_2,271.0,0.8652005162730904,0.9454422405219334,False,0.017671906333460385,32.63606912064744,35,False
UNC5D,3_minus_2,304.0,0.8651600206503645,0.9454422405219334,False,-0.06782740292374179,0.0,35,False
PRDX2,3_minus_2,304.0,0.8651600206503645,0.9454422405219334,False,0.0195887234508981,0.0,35,False
COPB2,3_minus_2,304.0,0.8651600206503645,0.9454422405219334,False,0.12343719515570512,1.332753838048971,35,False
CST1,3_minus_2,304.0,0.8651600206503645,0.9454422405219334,False,-0.011850192699867423,0.0,35,False
MB,3_minus_2,304.0,0.8651600206503645,0.9454422405219334,False,0.07836417634798776,34.698779774474076,35,False
MAPK13,3_minus_2,271.0,0.8652005162730904,0.9454422405219334,False,0.1675109148173321,0.0,35,False
CA8,3_minus_2,304.0,0.8651600206503645,0.9454422405219334,False,-0.0564839525908173,-1.0907123997672157,35,False
SPINK6,3_minus_2,304.0,0.8651600206503645,0.9454422405219334,False,-0.014558652872226019,0.0,35,False
CHRM1,3_minus_2,305.0,0.8778985550743528,0.9501008190197454,False,-0.03340609451571863,-0.4711427237527398,35,False
KLK8,3_minus_2,305.0,0.8778985550743528,0.9501008190197454,False,0.0926454348850389,3.4212586692742484,35,False
CNST,3_minus_2,305.0,0.8778985550743528,0.9501008190197454,False,0.007351551665517708,0.03203068440253466,35,False
PMM2,3_minus_2,305.0,0.8778985550743528,0.9501008190197454,False,0.020544184869894178,0.08043592515915356,35,False
KDM3A,3_minus_2,305.0,0.8778985550743528,0.9501008190197454,False,-0.08415630327107004,-35.67597440466977,35,False
CDC42BPB,3_minus_2,305.0,0.8778985550743528,0.9501008190197454,False,-0.06509066590244769,-0.15660035064073793,35,False
IFNW1,3_minus_2,305.0,0.8778985550743528,0.9501008190197454,False,0.033018108019566894,0.0,35,False
AK2,3_minus_2,305.0,0.8778985550743528,0.9501008190197454,False,0.0005728805967941675,0.0012529196903770612,35,False
YTHDF3,3_minus_2,305.0,0.8778985550743528,0.9501008190197454,False,0.022626209290075083,0.06791533398059289,35,False
NUDT5,3_minus_2,305.0,0.8778985550743528,0.9501008190197454,False,0.007849581323645216,0.0712941791680853,35,False
MAX,3_minus_2,305.0,0.8778985550743528,0.9501008190197454,False,0.012105668439347017,31.940939550104275,35,False
NT5C3A,3_minus_2,305.0,0.8778985550743528,0.9501008190197454,False,0.015685459183205408,0.06032041133142861,35,False
ATG16L1,3_minus_2,305.0,0.8778985550743528,0.9501008190197454,False,0.02157521869274831,0.09934126032557125,35,False
MNAT1,3_minus_2,305.0,0.8778985550743528,0.9501008190197454,False,-0.01875158334095542,-0.5280505542097736,35,False
NDUFS6,3_minus_2,305.0,0.8778985550743528,0.9501008190197454,False,-0.01707148241067541,-0.3096805389009504,35,False
ITGA6,3_minus_2,305.0,0.8778985550743528,0.9501008190197454,False,-0.0698633991133139,-0.7675997909869612,35,False
PDE4D,3_minus_2,305.0,0.8778985550743528,0.9501008190197454,False,-0.07660778453085304,0.0,35,False
PHACTR2,3_minus_2,305.0,0.8778985550743528,0.9501008190197454,False,0.0179098877213381,0.03913949390927961,35,False
VSIG10L,3_minus_2,305.0,0.8778985550743528,0.9501008190197454,False,-0.0802746890426745,0.0,35,False
RABGAP1L,3_minus_2,305.0,0.8778985550743528,0.9501008190197454,False,0.08020656612938182,0.2613422098639569,35,False
PSPN,3_minus_2,305.0,0.8778985550743528,0.9501008190197454,False,-0.0013486265583803059,-0.006120092808532638,35,False
RTBDN,3_minus_2,305.0,0.8778985550743528,0.9501008190197454,False,-0.0487599462287166,0.0,35,False
CCL27,3_minus_2,305.0,0.8778985550743528,0.9501008190197454,False,-0.0454622838238424,0.0,35,False
TREML1,3_minus_2,305.0,0.8778985550743528,0.9501008190197454,False,-0.012796376565486156,-0.03129932925854599,35,False
DNAJC9,3_minus_2,305.0,0.8778985550743528,0.9501008190197454,False,0.047076712857600955,0.14591346506772235,35,False
CYB5A,3_minus_2,272.0,0.8792747437006148,0.9512246170806498,False,0.0,0.0,35,False
TPPP2,3_minus_2,306.0,0.8906679842039011,0.9551108314996899,False,0.3460487936293638,37.102953990885844,35,False
APRT,3_minus_2,306.0,0.8906679842039011,0.9551108314996899,False,0.016674959734249706,0.08813151342861571,35,False
CDKN1A,3_minus_2,306.0,0.8906679842039011,0.9551108314996899,False,0.1165759306345846,0.5272814272499746,35,False
MEP1A,3_minus_2,306.0,0.8906679842039011,0.9551108314996899,False,0.04747219252111501,0.0,35,False
NIT1,3_minus_2,306.0,0.8906679842039011,0.9551108314996899,False,0.045717346395475006,0.5650792242510538,35,False
CST6,3_minus_2,306.0,0.8906679842039011,0.9551108314996899,False,-0.013050226156917893,0.0,35,False
CNGB3,3_minus_2,306.0,0.8906679842039011,0.9551108314996899,False,-0.0592057652565179,0.0,35,False
UBE2B,3_minus_2,306.5,0.889272314444451,0.9551108314996899,False,-0.004641743497355799,-0.1139368016751576,35,False
FUT1,3_minus_2,306.0,0.8906679842039011,0.9551108314996899,False,-0.009836138414614615,0.0,35,False
IGBP1,3_minus_2,306.0,0.8906679842039011,0.9551108314996899,False,-0.03212732849138478,-0.2433737139944184,35,False
BMPER,3_minus_2,306.0,0.8906679842039011,0.9551108314996899,False,-0.031547870504335995,-28.962333685347634,35,False
PHLDB1,3_minus_2,306.0,0.8906679842039011,0.9551108314996899,False,0.08989020770153622,0.5402545579682043,35,False
ITPA,3_minus_2,306.0,0.8906679842039011,0.9551108314996899,False,0.00026005636656520337,0.002485886274015876,35,False
RSPO1,3_minus_2,306.0,0.8906679842039011,0.9551108314996899,False,-0.0009800097618168913,0.0,35,False
GAL,3_minus_2,306.0,0.8906679842039011,0.9551108314996899,False,-0.04373919933720721,0.0,35,False
PON1,3_minus_2,306.0,0.8906679842039011,0.9551108314996899,False,-0.05229212704942887,-1.2747971920671297,35,False
MYL6B,3_minus_2,306.0,0.8906679842039011,0.9551108314996899,False,-0.015376209577407707,-32.664717434496254,35,False
CLEC4M,3_minus_2,306.0,0.8906679842039011,0.9551108314996899,False,0.008286451426269603,0.0,35,False
PTEN,3_minus_2,306.0,0.8906679842039011,0.9551108314996899,False,0.09623573708468602,1.4233128269174982,35,False
CACNB3,3_minus_2,306.0,0.8906679842039011,0.9551108314996899,False,0.00531626811817279,0.012854031046091357,35,False
AHSA1,3_minus_2,306.0,0.8906679842039011,0.9551108314996899,False,-0.09459652784330008,-0.4960630584879659,35,False
NTF4,3_minus_2,306.0,0.8906679842039011,0.9551108314996899,False,0.002688636736938199,0.0,35,False
SERPING1,3_minus_2,306.0,0.8906679842039011,0.9551108314996899,False,-0.021784478396302993,-0.212854810234448,35,False
FOS,3_minus_2,273.0,0.8933872213829842,0.9576621299636405,False,-0.10490733147136888,-35.850919434805334,35,False
PADI4,3_minus_2,307.0,0.9034651150577702,0.9626022565276885,False,0.021232389333533774,1.3741641327592509,35,False
FLT3LG,3_minus_2,307.0,0.9034651150577702,0.9626022565276885,False,-0.017092410087832022,-0.4983377665112413,35,False
TOM1L2,3_minus_2,307.0,0.9034651150577702,0.9626022565276885,False,0.19100214329550846,0.47085899345948035,35,False
FGR,3_minus_2,307.0,0.9034651150577702,0.9626022565276885,False,-0.061860653136760924,-0.30079495595958067,35,False
SOWAHA,3_minus_2,307.0,0.9034651150577702,0.9626022565276885,False,0.0032556624254136968,0.0,35,False
ECHS1,3_minus_2,307.0,0.9034651150577702,0.9626022565276885,False,0.0441386239791659,0.19475335247223255,35,False
IL15RA,3_minus_2,307.0,0.9034651150577702,0.9626022565276885,False,0.05590554070539552,1.1580214367295656,35,False
ARG2,3_minus_2,307.0,0.9034651150577702,0.9626022565276885,False,0.06422705424559783,0.3255750034335481,35,False
SIGLEC7,3_minus_2,307.0,0.9034651150577702,0.9626022565276885,False,0.015020559311735699,1.0908609403944136,35,False
BNIP2,3_minus_2,307.0,0.9034651150577702,0.9626022565276885,False,-0.09779248098612836,-0.7192724391013726,35,False
RYR1,3_minus_2,307.0,0.9034651150577702,0.9626022565276885,False,-0.05269449024321138,0.0,35,False
MANF,3_minus_2,307.0,0.9034651150577702,0.9626022565276885,False,0.0025968834783514083,0.004591329364902942,35,False
STAT5B,3_minus_2,307.0,0.9034651150577702,0.9626022565276885,False,-0.05198406660648036,-0.23585022293236724,35,False
FGD3,3_minus_2,307.0,0.9034651150577702,0.9626022565276885,False,-0.07978487025429559,-0.48347226658978804,35,False
CYTL1,3_minus_2,307.0,0.9034651150577702,0.9626022565276885,False,-0.010759310511572584,0.0,35,False
IGF2BP3,3_minus_2,307.0,0.9034651150577702,0.9626022565276885,False,0.014598179211993356,0.2664320718487298,35,False
BCL7A,3_minus_2,274.0,0.9075335356101799,0.9665712693942007,False,0.0,0.0,35,False
FH,3_minus_2,308.0,0.9162867379491217,0.9671152376554449,False,0.18827907128775845,36.11757311922714,35,False
KIF20B,3_minus_2,308.0,0.9162867379491217,0.9671152376554449,False,0.001967594596866018,0.32879836902954646,35,False
MAPT,3_minus_2,308.0,0.9162867379491217,0.9671152376554449,False,-0.5849350118869185,-37.9066761552573,35,False
SV2A,3_minus_2,308.0,0.9162867379491217,0.9671152376554449,False,0.2571928291055343,0.5439743967785026,35,False
CRX,3_minus_2,308.0,0.9162867379491217,0.9671152376554449,False,-0.06446570579375138,0.0,35,False
HMGCL,3_minus_2,308.0,0.9162867379491217,0.9671152376554449,False,-0.012444161028314693,-0.16292594269677438,35,False
NRGN,3_minus_2,291.0,0.911515362240707,0.9671152376554449,False,-0.006606887794073313,-0.022455253392929118,35,False
MZT1,3_minus_2,308.0,0.9162867379491217,0.9671152376554449,False,-0.005453750125094636,-0.06025722061392252,35,False
ASRGL1,3_minus_2,308.0,0.9162867379491217,0.9671152376554449,False,-0.01281375081955094,-0.048435496507244526,35,False
PPP1R14A,3_minus_2,308.0,0.9162867379491217,0.9671152376554449,False,-0.1352453332889505,-0.3861658580378972,35,False
ACP1,3_minus_2,308.0,0.9162867379491217,0.9671152376554449,False,0.03573545099788383,0.513807106517181,35,False
CDC37,3_minus_2,308.0,0.9162867379491217,0.9671152376554449,False,-0.02477119225782487,-0.10944962538364975,35,False
ID4,3_minus_2,308.0,0.9162867379491217,0.9671152376554449,False,0.03226297553070101,0.0,35,False
CDSN,3_minus_2,308.0,0.9162867379491217,0.9671152376554449,False,-0.04387394031143338,0.0,35,False
IKZF2,3_minus_2,308.0,0.9162867379491217,0.9671152376554449,False,-0.033500846516688804,0.0,35,False
DAB2,3_minus_2,308.0,0.9162867379491217,0.9671152376554449,False,-0.0007351857301449716,-0.0018242180893190472,35,False
SELPLG,3_minus_2,308.0,0.9087178515480236,0.9671152376554449,False,-0.03298153565935891,-0.7557761923286717,35,False
BLOC1S3,3_minus_2,308.0,0.9162867379491217,0.9671152376554449,False,0.12131186327956789,0.5176211522494055,35,False
CD48,3_minus_2,308.0,0.9162867379491217,0.9671152376554449,False,-0.033584855287570325,0.0,35,False
AKT2,3_minus_2,308.0,0.9162867379491217,0.9671152376554449,False,-0.03472204674854096,-0.08942334744968414,35,False
CFHR5,3_minus_2,308.0,0.9162867379491217,0.9671152376554449,False,-0.0772327100162507,-1.160291640972347,35,False
SMAD3,3_minus_2,308.0,0.9162867379491217,0.9671152376554449,False,-0.017461336083907097,-0.25338163015036747,35,False
SMTN,3_minus_2,308.0,0.9162867379491217,0.9671152376554449,False,-0.1497215047090691,-0.5488790431897685,35,False
TET2,3_minus_2,308.0,0.9162867379491217,0.9671152376554449,False,0.03565776280860922,0.7158892929382132,35,False
UHRF2,3_minus_2,309.0,0.9291296252049506,0.9730119094745782,False,0.033495582866390095,0.744953623904081,35,False
LHPP,3_minus_2,309.0,0.9291296252049506,0.9730119094745782,False,-0.045118354406469,0.0,35,False
TNIP1,3_minus_2,309.0,0.9291296252049506,0.9730119094745782,False,-0.08982142945279001,-0.19371951616444866,35,False
OMG,3_minus_2,309.0,0.9291296252049506,0.9730119094745782,False,-0.1400044738153474,0.0,35,False
PLCB2,3_minus_2,309.0,0.9291296252049506,0.9730119094745782,False,0.00722232074830359,0.015406155166913574,35,False
PPIB,3_minus_2,309.0,0.9291296252049506,0.9730119094745782,False,-0.03163252966005947,-0.09055158619201878,35,False
NUDT16,3_minus_2,309.0,0.9291296252049506,0.9730119094745782,False,-0.02572219890590466,-0.1510366919720076,35,False
MTHFD2,3_minus_2,309.0,0.9291296252049506,0.9730119094745782,False,-0.07186021080983324,-0.7146309688078705,35,False
METAP2,3_minus_2,309.0,0.9291296252049506,0.9730119094745782,False,0.004321710745001095,0.01521825096513093,35,False
MED21,3_minus_2,309.0,0.9291296252049506,0.9730119094745782,False,0.050055345846087,0.3919123004621722,35,False
LY96,3_minus_2,309.0,0.9291296252049506,0.9730119094745782,False,-0.0452769542859159,-1.0583186353860083,35,False
TPM3,3_minus_2,309.0,0.9291296252049506,0.9730119094745782,False,-0.18545481768719846,-29.767959557991997,35,False
IKBKG,3_minus_2,309.0,0.9291296252049506,0.9730119094745782,False,-0.06548664416574157,-0.2327306340875129,35,False
PACS2,3_minus_2,309.0,0.9291296252049506,0.9730119094745782,False,0.0704651843253088,0.6878278841167418,35,False
GMPR,3_minus_2,309.0,0.9291296252049506,0.9730119094745782,False,-0.025302690817686324,-0.27153974570186223,35,False
PCOLCE,3_minus_2,292.0,0.9250846639031725,0.9730119094745782,False,-0.10590232841520514,0.0,35,False
CXCL17,3_minus_2,309.0,0.9291296252049506,0.9730119094745782,False,0.03187491112947831,0.4519378242865676,35,False
CLC,3_minus_2,309.0,0.9291296252049506,0.9730119094745782,False,-0.0059004078153598,-0.327858780375492,35,False
SPACA5_SPACA5B,3_minus_2,309.0,0.9291296252049506,0.9730119094745782,False,-0.019965214737966308,-1.4004630277080803,35,False
CRYBB1,3_minus_2,309.0,0.9291296252049506,0.9730119094745782,False,-0.03538824590972656,-0.17385723700803046,35,False
CTRL,3_minus_2,309.0,0.9291296252049506,0.9730119094745782,False,0.07110111588098289,0.0,35,False
BCR,3_minus_2,310.0,0.9419905297108926,0.9773932688525695,False,-0.032080548086631744,-0.10305812973911528,35,False
CD3G,3_minus_2,310.0,0.9419905297108926,0.9773932688525695,False,-0.03498444261628958,-33.716074528829814,35,False
AXIN1,3_minus_2,310.0,0.9419905297108926,0.9773932688525695,False,0.041581163115628206,0.09424299194693389,35,False
MYH9,3_minus_2,310.0,0.9419905297108926,0.9773932688525695,False,-0.02563305700077212,0.0,35,False
CNPY2,3_minus_2,310.0,0.9419905297108926,0.9773932688525695,False,-0.023278141419341203,-0.2135511570779064,35,False
MMP8,3_minus_2,310.0,0.9419905297108926,0.9773932688525695,False,-0.10459235477212947,-1.5752994582883975,35,False
AMN,3_minus_2,310.0,0.9419905297108926,0.9773932688525695,False,-0.0994255574856119,-2.744713371190004,35,False
ARFIP1,3_minus_2,310.0,0.9419905297108926,0.9773932688525695,False,0.017913126813351443,0.061235002492356055,35,False
LAMP1,3_minus_2,310.0,0.9419905297108926,0.9773932688525695,False,0.03600406240435644,0.40424241382871356,35,False
KLB,3_minus_2,310.0,0.9419905297108926,0.9773932688525695,False,0.026376437837311084,0.20885956415725665,35,False
DCXR,3_minus_2,310.0,0.9419905297108926,0.9773932688525695,False,-0.058830866375119195,-0.48682108263606183,35,False
IST1,3_minus_2,310.0,0.9419905297108926,0.9773932688525695,False,0.0433771546161168,0.1696539053233928,35,False
IL2RG,3_minus_2,310.0,0.9419905297108926,0.9773932688525695,False,0.028546266901704698,0.4197187156696911,35,False
ENO1,3_minus_2,310.0,0.9419905297108926,0.9773932688525695,False,-0.037789465325626104,-0.1435597535680479,35,False
VSTM2B,3_minus_2,310.0,0.9419905297108926,0.9773932688525695,False,0.020212065008036684,0.7732085881547885,35,False
FABP5,3_minus_2,310.0,0.9419905297108926,0.9773932688525695,False,0.022767658000922897,0.0,35,False
GDNF,3_minus_2,310.0,0.9419905297108926,0.9773932688525695,False,0.029243549899935023,0.0,35,False
GCLM,3_minus_2,310.0,0.9419905297108926,0.9773932688525695,False,-0.04397140601256891,-0.2690657559248718,35,False
FCRL6,3_minus_2,310.0,0.9419905297108926,0.9773932688525695,False,0.05436911758990201,0.0,35,False
HEPH,3_minus_2,310.0,0.9419905297108926,0.9773932688525695,False,0.048119023522819326,0.3810811857344836,35,False
ITGB7,3_minus_2,310.0,0.9419905297108926,0.9773932688525695,False,0.01812804796499151,0.0,35,False
AHNAK2,3_minus_2,310.0,0.9419905297108926,0.9773932688525695,False,0.015359866055569826,0.44901677376327587,35,False
ACHE,3_minus_2,310.0,0.9419905297108926,0.9773932688525695,False,-0.0647900195327697,0.0,35,False
STAM,3_minus_2,310.0,0.9419905297108926,0.9773932688525695,False,-0.049501317193851424,-0.180994238482308,35,False
SSH3,3_minus_2,276.0,0.9359085856606453,0.9773932688525695,False,0.0,0.0,35,False
ATXN2L,3_minus_2,311.0,0.954866194690112,0.983505195408689,False,-0.0011115672259160991,0.0,35,False
SLAMF8,3_minus_2,311.0,0.954866194690112,0.983505195408689,False,0.01757635688044845,0.30009188525491587,35,False
LPP,3_minus_2,311.0,0.954866194690112,0.983505195408689,False,-0.03254959754574241,-0.37230768219286736,35,False
CHAC2,3_minus_2,311.0,0.954866194690112,0.983505195408689,False,-0.07501652864520492,-1.2558649826152246,35,False
TRIM5,3_minus_2,311.0,0.954866194690112,0.983505195408689,False,-0.03049596026736709,-0.18468352634185706,35,False
CELSR2,3_minus_2,311.0,0.954866194690112,0.983505195408689,False,-0.030955820001985296,0.0,35,False
PRUNE2,3_minus_2,311.0,0.954866194690112,0.983505195408689,False,0.17574207702720532,36.78969490196689,35,False
PRTFDC1,3_minus_2,311.0,0.954866194690112,0.983505195408689,False,-0.16689531576667305,-0.42506608736115264,35,False
MUCL3,3_minus_2,277.0,0.950130902453363,0.983505195408689,False,0.0,0.0,35,False
IL1B,3_minus_2,311.0,0.954866194690112,0.983505195408689,False,-0.08426655470793998,-0.8666310859832399,35,False
GPKOW,3_minus_2,311.0,0.954866194690112,0.983505195408689,False,-0.0857696186290728,-34.59124342473519,35,False
HPCAL1,3_minus_2,311.0,0.954866194690112,0.983505195408689,False,-0.03775602867936412,-0.09883077766493553,35,False
CCDC50,3_minus_2,311.0,0.954866194690112,0.983505195408689,False,-0.030019501528021908,-1.3923017136611309,35,False
CPPED1,3_minus_2,311.0,0.954866194690112,0.983505195408689,False,0.0354556551148714,0.4747974318693396,35,False
CRYZL1,3_minus_2,311.0,0.954866194690112,0.983505195408689,False,0.0737256837974562,0.26123061641767376,35,False
PPP3R1,3_minus_2,311.0,0.954866194690112,0.983505195408689,False,0.0192706735502247,0.24055356074147746,35,False
PLA2G7,3_minus_2,311.0,0.954866194690112,0.983505195408689,False,-0.0011747924507335972,-0.03603927512687446,35,False
SPTLC1,3_minus_2,311.0,0.954866194690112,0.983505195408689,False,0.025977971907683306,0.35652275547917234,35,False
AIF1,3_minus_2,311.0,0.954866194690112,0.983505195408689,False,-0.09564711019080852,-2.7872669593107093,35,False
TYRO3,3_minus_2,311.0,0.954866194690112,0.983505195408689,False,-0.033047193999886496,0.0,35,False
HRAS,3_minus_2,312.0,0.9677533526555635,0.9873889279268359,False,0.08796613682605431,2.3969046056143584,35,False
GABRA4,3_minus_2,312.0,0.9677533526555635,0.9873889279268359,False,-0.04873727262823324,-0.6629069524053202,35,False
STK4,3_minus_2,312.0,0.9677533526555635,0.9873889279268359,False,0.0201049947915366,0.057314599968283274,35,False
ATXN2,3_minus_2,312.0,0.9677533526555635,0.9873889279268359,False,0.029689091255081013,0.09485000764851463,35,False
HDAC9,3_minus_2,312.0,0.9677533526555635,0.9873889279268359,False,0.201308222389516,2.551868209378385,35,False
STOML2,3_minus_2,278.0,0.9643678446192173,0.9873889279268359,False,0.030315986553480556,0.0,35,False
ABCA2,3_minus_2,312.0,0.9677533526555635,0.9873889279268359,False,0.05401203912324809,0.0,35,False
CLIC5,3_minus_2,312.0,0.9677533526555635,0.9873889279268359,False,0.025748291490029496,0.41932919595831597,35,False
STX6,3_minus_2,312.0,0.9677533526555635,0.9873889279268359,False,-0.0071379740658554,-0.054934779822222904,35,False
IFNLR1,3_minus_2,312.0,0.9677533526555635,0.9873889279268359,False,-0.024383942378802814,-0.5021548800771153,35,False
IL7R,3_minus_2,312.0,0.9677533526555635,0.9873889279268359,False,-0.007896419869426699,-0.04583274691576114,35,False
RBKS,3_minus_2,312.0,0.9677533526555635,0.9873889279268359,False,-0.0554674111481432,0.0,35,False
IZUMO1,3_minus_2,278.0,0.9643678446192173,0.9873889279268359,False,0.0,0.0,35,False
PBK,3_minus_2,278.0,0.9643678446192173,0.9873889279268359,False,0.0,0.0,35,False
AKR1B1,3_minus_2,312.0,0.9677533526555635,0.9873889279268359,False,-0.0626060470706622,-0.15916772301159185,35,False
ECM1,3_minus_2,312.0,0.9677533526555635,0.9873889279268359,False,0.0035289510366647014,0.10096057745344815,35,False
CASC3,3_minus_2,312.0,0.9677533526555635,0.9873889279268359,False,0.04174323648685485,0.3257763048110708,35,False
DKK4,3_minus_2,312.0,0.9677533526555635,0.9873889279268359,False,-0.008737821807632884,0.0,35,False
TRIM40,3_minus_2,312.0,0.9677533526555635,0.9873889279268359,False,0.07348830765717995,0.7315432876672702,35,False
NAP1L4,3_minus_2,312.0,0.9677533526555635,0.9873889279268359,False,-0.08591518282948485,0.0,35,False
LGALS1,3_minus_2,312.0,0.9677533526555635,0.9873889279268359,False,0.0031056547661837963,0.2745215163618129,35,False
GPHA2,3_minus_2,312.0,0.9677533526555635,0.9873889279268359,False,-0.024563859997789296,-30.054225075612223,35,False
KLK12,3_minus_2,312.0,0.9677533526555635,0.9873889279268359,False,0.06490422596206535,35.31824984221869,35,False
VAV3,3_minus_2,312.0,0.9677533526555635,0.9873889279268359,False,0.01420363288777704,0.03493741249274323,35,False
PRKAR2A,3_minus_2,312.0,0.9677533526555635,0.9873889279268359,False,-0.060733581573414464,-0.4383488353374069,35,False
GP6,3_minus_2,312.0,0.9677533526555635,0.9873889279268359,False,-0.018896203825260915,-0.08439815728237486,35,False
FSHB,3_minus_2,296.0,0.9795406743609374,0.9929905812042045,False,-0.09279511787594,0.0,35,False
EIF2AK3,3_minus_2,313.0,0.9806487238383852,0.9929905812042045,False,0.13271048059010213,0.3294228799579782,35,False
SNAP23,3_minus_2,313.0,0.9806487238383852,0.9929905812042045,False,-0.016370970989649347,-0.04653074251149108,35,False
DSG4,3_minus_2,313.0,0.9806487238383852,0.9929905812042045,False,-0.0591064184607346,0.0,35,False
SOX9,3_minus_2,313.0,0.9806487238383852,0.9929905812042045,False,-0.06302471844164531,0.0,35,False
ATG4A,3_minus_2,313.0,0.9806487238383852,0.9929905812042045,False,-0.0864271115802554,-1.273259878789468,35,False
GSTA1,3_minus_2,313.0,0.9806487238383852,0.9929905812042045,False,-0.023780957739197972,-0.19605534931403093,35,False
SLITRK2,3_minus_2,313.0,0.9806487238383852,0.9929905812042045,False,-0.028737787679107202,-0.7196931287802563,35,False
OPHN1,3_minus_2,313.0,0.9806487238383852,0.9929905812042045,False,0.07134120919869114,0.16453287058396318,35,False
CASP7,3_minus_2,313.0,0.9806487238383852,0.9929905812042045,False,0.01890931500396109,0.061708418286648574,35,False
ACADSB,3_minus_2,313.0,0.9806487238383852,0.9929905812042045,False,0.19315170524302006,0.6718373051666976,35,False
USO1,3_minus_2,313.0,0.9806487238383852,0.9929905812042045,False,-0.10435754734220692,-0.7542786963708225,35,False
SLMAP,3_minus_2,313.0,0.9806487238383852,0.9929905812042045,False,-0.0203251620127708,-0.11912115804533314,35,False
RAC3,3_minus_2,313.0,0.9806487238383852,0.9929905812042045,False,-0.0013015009720495074,-0.0357741115101128,35,False
WIF1,3_minus_2,313.0,0.9806487238383852,0.9929905812042045,False,-0.02449053172930088,0.0,35,False
S100A11,3_minus_2,313.0,0.9806487238383852,0.9929905812042045,False,-0.0405569379366834,-30.838646038013717,35,False
SCRIB,3_minus_2,313.0,0.9806487238383852,0.9929905812042045,False,-0.056312914101611766,-0.44906998066847675,35,False
IL36G,3_minus_2,313.0,0.9806487238383852,0.9929905812042045,False,0.040804517587091096,0.0,35,False
SKAP2,3_minus_2,313.0,0.9806487238383852,0.9929905812042045,False,-0.03639757567729163,-0.07882964029448836,35,False
DNAJA2,3_minus_2,296.0,0.9795406743609374,0.9929905812042045,False,-0.027690577504503017,-0.1497497018970647,35,False
HMBS,3_minus_2,313.0,0.9806487238383852,0.9929905812042045,False,0.0546143503459042,0.909934763311242,35,False
CDH5,3_minus_2,314.0,0.9935490260832012,0.9963796500891362,False,-0.023834691003374098,0.0,35,False
CD83,3_minus_2,314.0,0.9935490260832012,0.9963796500891362,False,-0.002311335751620597,-0.019712187772266323,35,False
DEFB118,3_minus_2,314.0,0.9935490260832012,0.9963796500891362,False,0.14012565940355548,0.767673055939071,35,False
TRAF3IP2,3_minus_2,314.0,0.9935490260832012,0.9963796500891362,False,0.02725400024005742,0.20767511841121536,35,False
SUGP1,3_minus_2,314.0,0.9935490260832012,0.9963796500891362,False,-0.014316920749388728,-0.05714884680231693,35,False
CEP112,3_minus_2,314.0,0.9935490260832012,0.9963796500891362,False,0.022517009650465214,0.0,35,False
PFKFB2,3_minus_2,314.0,0.9935490260832012,0.9963796500891362,False,-0.09222702957224094,-0.7775253385942561,35,False
EEF1D,3_minus_2,314.0,0.9935490260832012,0.9963796500891362,False,-0.09688407600102877,-0.21751178009172814,35,False
OTOA,3_minus_2,314.0,0.9935490260832012,0.9963796500891362,False,-0.03448656388810745,-2.153410461877711,35,False
NMT1,3_minus_2,314.0,0.9935490260832012,0.9963796500891362,False,-0.04560443459114971,-0.1489655749981396,35,False
NEXN,3_minus_2,314.0,0.9935490260832012,0.9963796500891362,False,0.004217185805856505,0.052536151364769475,35,False
PRKAG3,3_minus_2,314.0,0.9935490260832012,0.9963796500891362,False,-0.0718788600269908,-35.26661368540712,35,False
PTK7,3_minus_2,314.0,0.9935490260832012,0.9963796500891362,False,-0.02562682227443941,0.0,35,False
LRP1,3_minus_2,314.0,0.9935490260832012,0.9963796500891362,False,-0.022856101218091604,-0.5317503179075062,35,False
RNF5,3_minus_2,314.0,0.9935490260832012,0.9963796500891362,False,0.06055340999436978,0.5074579870256095,35,False
KIR2DL2,3_minus_2,314.0,0.9935490260832012,0.9963796500891362,False,0.017217771699372886,0.08821676348238017,35,False
DLGAP5,3_minus_2,314.0,0.9935490260832012,0.9963796500891362,False,-0.0016685646951403732,0.0,35,False
ICAM2,3_minus_2,314.0,0.9935490260832012,0.9963796500891362,False,0.011795096695018215,0.09337639381699835,35,False
IL13RA2,3_minus_2,314.0,0.9935490260832012,0.9963796500891362,False,-0.021213848106898414,-0.25560362549182625,35,False
HIP1,3_minus_2,314.0,0.9935490260832012,0.9963796500891362,False,-0.024602839245462693,-0.3167845987274533,35,False
GSTP1,3_minus_2,314.0,0.9935490260832012,0.9963796500891362,False,-0.1298844192616043,-34.61944075466819,35,False
SMAD2,3_minus_2,314.0,0.9935490260832012,0.9963796500891362,False,-0.11285322214741961,-4.111202418452418,35,False
SOX2,3_minus_2,314.0,0.9935490260832012,0.9963796500891362,False,-0.15882226104074393,-35.669803703101636,35,False
FGF9,3_minus_2,280.0,0.9928712933326731,0.9963796500891362,False,0.1610735567577351,0.0,35,False
FCER1A,3_minus_2,314.0,0.9935490260832012,0.9963796500891362,False,0.011420496376822187,0.0,35,False
FAM172A,3_minus_2,314.0,0.9935490260832012,0.9963796500891362,False,-0.018941180164020133,-0.11563672203365279,35,False
EIF4G3,3_minus_2,314.0,0.9935490260832012,0.9963796500891362,False,0.1643537708525202,0.26564764531750196,35,False
ANXA3,3_minus_2,315.0,1.0,1.0,False,-0.1104392741963598,-0.4589079286844384,35,False
YARS1,3_minus_2,315.0,1.0,1.0,False,0.008384118041246946,0.012940731396199124,35,False
MAP3K5,3_minus_2,315.0,1.0,1.0,False,-0.061877630362822456,-0.14408112357627764,35,False
MTSS2,3_minus_2,315.0,1.0,1.0,False,0.02500082472265408,0.075029951712659,35,False
ALDH3A1,3_minus_2,315.0,1.0,1.0,False,-0.05133626207029382,0.0,35,False
NFASC,3_minus_2,315.0,1.0,1.0,False,-0.012624323588532882,0.0,35,False
VNN2,3_minus_2,315.0,1.0,1.0,False,-0.01758733497137921,-1.0188138301720522,35,False
KAZN,3_minus_2,315.0,1.0,1.0,False,-0.04471207090398455,-0.09807932634353661,35,False
