{
  "model_params": {
    "LogisticRegression": {
      "C": 4.570563099801454
    },
    "RandomForest": {
      "n_estimators": 488,
      "max_depth": 5,
      "min_samples_split": 3,
      "min_samples_leaf": 2,
      "max_features": "log2"
    },
    "XGBoost": {
      "n_estimators": 319,
      "max_depth": 8,
      "learning_rate": 0.0017331598058558703,
      "subsample": 0.5979914312095727,
      "colsample_bytree": 0.522613644455269,
      "min_child_weight": 4,
      "gamma": 1.9433864484474102,
      "reg_alpha": 0.00022737628102536837,
      "reg_lambda": 0.13921548533046493
    },
    "SVM": {
      "C": 1.1400863701127326,
      "gamma": "scale"
    }
  },
  "val_pr_auc": {
    "LogisticRegression": 0.550326056996225,
    "RandomForest": 0.3994778117692467,
    "XGBoost": 0.43284086495563956,
    "SVM": 0.46916062225791433
  }
}