{
  "model_params": {
    "LogisticRegression": {
      "C": 0.0019517224641449498
    },
    "RandomForest": {
      "n_estimators": 255,
      "max_depth": 5,
      "min_samples_split": 4,
      "min_samples_leaf": 9,
      "max_features": "log2"
    },
    "XGBoost": {
      "n_estimators": 52,
      "max_depth": 7,
      "learning_rate": 0.0808698743602125,
      "subsample": 0.8645035840204937,
      "colsample_bytree": 0.8856351733429728,
      "min_child_weight": 1,
      "gamma": 1.7923286427213632,
      "reg_alpha": 3.79616689580081e-05,
      "reg_lambda": 0.20678409397839484
    },
    "SVM": {
      "C": 6.796578090758159,
      "gamma": "auto"
    }
  },
  "val_macro_pr_auc": {
    "LogisticRegression": 0.4580265106852272,
    "RandomForest": 0.42258658220419604,
    "XGBoost": 0.23713747896489912,
    "SVM": 0.16929606538255917
  }
}