{
  "tissue": "placenta",
  "timepoint": "all",
  "data_path": "/Users/kaysonyao/miniconda3/envs/PiekosLab/kaysonyao/data/cleaned/proteomics/normalized_full_results/proteomics_placenta_cleaned_with_metadata.csv",
  "outcome": "Complication",
  "complications_pooled": [
    "HDP",
    "FGR",
    "sPTB"
  ],
  "n_train": 79,
  "n_val": 17,
  "n_test": 18,
  "class_dist_train": {
    "control": 37,
    "complication": 42
  },
  "class_dist_val": {
    "control": 8,
    "complication": 9
  },
  "class_dist_test": {
    "control": 9,
    "complication": 9
  },
  "n_features_pretlasso": 6,
  "n_features_postlasso": 6,
  "best_model_val": "XGBoost",
  "best_val_pr_auc": 0.9282627865961199,
  "test_metrics": {
    "LogisticRegression": {
      "pr_auc": 0.6917107583774251,
      "roc_auc": 0.7901234567901235,
      "accuracy": 0.7222222222222222,
      "precision": 0.75,
      "recall": 0.6666666666666666,
      "f1": 0.7058823529411765
    },
    "RandomForest": {
      "pr_auc": 0.8794973544973546,
      "roc_auc": 0.888888888888889,
      "accuracy": 0.8333333333333334,
      "precision": 0.875,
      "recall": 0.7777777777777778,
      "f1": 0.8235294117647058
    },
    "XGBoost": {
      "pr_auc": 0.8714165464165464,
      "roc_auc": 0.8765432098765433,
      "accuracy": 0.7777777777777778,
      "precision": 0.7777777777777778,
      "recall": 0.7777777777777778,
      "f1": 0.7777777777777778
    },
    "SVM": {
      "pr_auc": 0.7945597612264279,
      "roc_auc": 0.8148148148148149,
      "accuracy": 0.8333333333333334,
      "precision": 0.8,
      "recall": 0.8888888888888888,
      "f1": 0.8421052631578947
    }
  }
}