{
  "model_params": {
    "LogisticRegression": {
      "C": 0.006026889128682512
    },
    "RandomForest": {
      "n_estimators": 231,
      "max_depth": 30,
      "min_samples_split": 18,
      "min_samples_leaf": 10,
      "max_features": "log2"
    },
    "XGBoost": {
      "n_estimators": 319,
      "max_depth": 8,
      "learning_rate": 0.0017331598058558703,
      "subsample": 0.5979914312095727,
      "colsample_bytree": 0.522613644455269,
      "min_child_weight": 4,
      "gamma": 1.9433864484474102,
      "reg_alpha": 0.00022737628102536837,
      "reg_lambda": 0.13921548533046493
    },
    "SVM": {
      "C": 0.17594678649531822,
      "gamma": "scale"
    }
  },
  "val_pr_auc": {
    "LogisticRegression": 0.8623456790123456,
    "RandomForest": 0.8830397997064663,
    "XGBoost": 0.9282627865961199,
    "SVM": 0.8052868427868427
  }
}