{
  "model_params": {
    "LogisticRegression": {
      "C": 0.07459343285726547
    },
    "RandomForest": {
      "n_estimators": 250,
      "max_depth": 15,
      "min_samples_split": 15,
      "min_samples_leaf": 6,
      "max_features": "sqrt"
    },
    "XGBoost": {
      "n_estimators": 281,
      "max_depth": 6,
      "learning_rate": 0.0013346527038305934,
      "subsample": 0.8037724259507192,
      "colsample_bytree": 0.5852620618436457,
      "min_child_weight": 1,
      "gamma": 4.7444276862666666,
      "reg_alpha": 0.6732248920775338,
      "reg_lambda": 0.11015056790269623
    },
    "SVM": {
      "C": 24.09817022242967,
      "gamma": "auto"
    }
  },
  "val_pr_auc": {
    "LogisticRegression": 0.5833333333333333,
    "RandomForest": 1.0,
    "XGBoost": 1.0,
    "SVM": 1.0
  }
}