{
  "tissue": "puqe24",
  "timepoint": "A",
  "outcomes": [
    "HDP",
    "FGR",
    "sPTB"
  ],
  "n_train": 250,
  "n_val": 54,
  "n_test": 54,
  "n_features_pretlasso": 4,
  "n_features_postlasso": 4,
  "best_model_val": "SVM",
  "best_val_macro_pr_auc": 0.22147801755252286,
  "test_metrics": {
    "LogisticRegression": {
      "HDP": {
        "pr_auc": 0.16166415275849239,
        "roc_auc": 0.3806818181818182,
        "accuracy": 0.2962962962962963,
        "precision": 0.18181818181818182,
        "recall": 0.8,
        "f1": 0.2962962962962963
      },
      "FGR": {
        "pr_auc": 0.06760500479811028,
        "roc_auc": 0.405,
        "accuracy": 0.3333333333333333,
        "precision": 0.07894736842105263,
        "recall": 0.75,
        "f1": 0.14285714285714285
      },
      "sPTB": {
        "pr_auc": 0.15532879818594103,
        "roc_auc": 0.5620915032679739,
        "accuracy": 0.7222222222222222,
        "precision": 0.07142857142857142,
        "recall": 0.3333333333333333,
        "f1": 0.11764705882352941
      }
    },
    "RandomForest": {
      "HDP": {
        "pr_auc": 0.3097504025764895,
        "roc_auc": 0.6488636363636364,
        "accuracy": 0.7222222222222222,
        "precision": 0.3333333333333333,
        "recall": 0.5,
        "f1": 0.4
      },
      "FGR": {
        "pr_auc": 0.09055699202758025,
        "roc_auc": 0.55,
        "accuracy": 0.8333333333333334,
        "precision": 0.0,
        "recall": 0.0,
        "f1": 0.0
      },
      "sPTB": {
        "pr_auc": 0.3726851851851852,
        "roc_auc": 0.5359477124183006,
        "accuracy": 0.7777777777777778,
        "precision": 0.09090909090909091,
        "recall": 0.3333333333333333,
        "f1": 0.14285714285714285
      }
    },
    "XGBoost": {
      "HDP": {
        "pr_auc": 0.1903041787273831,
        "roc_auc": 0.4659090909090909,
        "accuracy": 0.8148148148148148,
        "precision": 0.0,
        "recall": 0.0,
        "f1": 0.0
      },
      "FGR": {
        "pr_auc": 0.11276683087027914,
        "roc_auc": 0.66,
        "accuracy": 0.9259259259259259,
        "precision": 0.0,
        "recall": 0.0,
        "f1": 0.0
      },
      "sPTB": {
        "pr_auc": 0.37145969498910675,
        "roc_auc": 0.5163398692810457,
        "accuracy": 0.9629629629629629,
        "precision": 1.0,
        "recall": 0.3333333333333333,
        "f1": 0.5
      }
    },
    "SVM": {
      "HDP": {
        "pr_auc": 0.2091615075486043,
        "roc_auc": 0.41477272727272724,
        "accuracy": 0.8148148148148148,
        "precision": 0.0,
        "recall": 0.0,
        "f1": 0.0
      },
      "FGR": {
        "pr_auc": 0.0571477937267411,
        "roc_auc": 0.265,
        "accuracy": 0.07407407407407407,
        "precision": 0.07407407407407407,
        "recall": 1.0,
        "f1": 0.13793103448275862
      },
      "sPTB": {
        "pr_auc": 0.0816905615292712,
        "roc_auc": 0.477124183006536,
        "accuracy": 0.9444444444444444,
        "precision": 0.0,
        "recall": 0.0,
        "f1": 0.0
      }
    }
  }
}