{
  "tissue": "plasma",
  "timepoint": "D",
  "outcomes": [
    "HDP",
    "FGR",
    "sPTB"
  ],
  "n_train": 61,
  "n_val": 13,
  "n_test": 14,
  "n_features_pretlasso": 2105,
  "n_features_postlasso": 2,
  "best_model_val": "SVM",
  "best_val_macro_pr_auc": 0.4703703703703703,
  "test_metrics": {
    "LogisticRegression": {
      "HDP": {
        "pr_auc": 0.3472222222222222,
        "roc_auc": 0.6666666666666665,
        "accuracy": 0.6428571428571429,
        "precision": 0.0,
        "recall": 0.0,
        "f1": 0.0
      },
      "FGR": {
        "pr_auc": 0.25,
        "roc_auc": 0.7692307692307692,
        "accuracy": 0.35714285714285715,
        "precision": 0.1,
        "recall": 1.0,
        "f1": 0.18181818181818182
      },
      "sPTB": {
        "pr_auc": 0.5,
        "roc_auc": 0.9230769230769231,
        "accuracy": 0.9285714285714286,
        "precision": 0.0,
        "recall": 0.0,
        "f1": 0.0
      }
    },
    "RandomForest": {
      "HDP": {
        "pr_auc": 0.27136752136752135,
        "roc_auc": 0.48484848484848486,
        "accuracy": 0.7857142857142857,
        "precision": 0.0,
        "recall": 0.0,
        "f1": 0.0
      },
      "FGR": {
        "pr_auc": 0.07142857142857142,
        "roc_auc": 0.0,
        "accuracy": 0.8571428571428571,
        "precision": 0.0,
        "recall": 0.0,
        "f1": 0.0
      },
      "sPTB": {
        "pr_auc": 0.1,
        "roc_auc": 0.34615384615384615,
        "accuracy": 0.9285714285714286,
        "precision": 0.0,
        "recall": 0.0,
        "f1": 0.0
      }
    },
    "XGBoost": {
      "HDP": {
        "pr_auc": 0.17826617826617827,
        "roc_auc": 0.1818181818181818,
        "accuracy": 0.7857142857142857,
        "precision": 0.0,
        "recall": 0.0,
        "f1": 0.0
      },
      "FGR": {
        "pr_auc": 0.1,
        "roc_auc": 0.34615384615384615,
        "accuracy": 0.9285714285714286,
        "precision": 0.0,
        "recall": 0.0,
        "f1": 0.0
      },
      "sPTB": {
        "pr_auc": 0.14285714285714285,
        "roc_auc": 0.5769230769230769,
        "accuracy": 0.8571428571428571,
        "precision": 0.0,
        "recall": 0.0,
        "f1": 0.0
      }
    },
    "SVM": {
      "HDP": {
        "pr_auc": 0.7435897435897436,
        "roc_auc": 0.696969696969697,
        "accuracy": 0.7857142857142857,
        "precision": 0.5,
        "recall": 0.3333333333333333,
        "f1": 0.4
      },
      "FGR": {
        "pr_auc": 0.5,
        "roc_auc": 0.9230769230769231,
        "accuracy": 0.42857142857142855,
        "precision": 0.0,
        "recall": 0.0,
        "f1": 0.0
      },
      "sPTB": {
        "pr_auc": 0.5,
        "roc_auc": 0.9230769230769231,
        "accuracy": 0.7857142857142857,
        "precision": 0.0,
        "recall": 0.0,
        "f1": 0.0
      }
    }
  }
}