{
  "model_params": {
    "LogisticRegression": {
      "C": 0.0019517224641449498
    },
    "RandomForest": {
      "n_estimators": 128,
      "max_depth": 20,
      "min_samples_split": 5,
      "min_samples_leaf": 1,
      "max_features": "sqrt"
    },
    "XGBoost": {
      "n_estimators": 369,
      "max_depth": 2,
      "learning_rate": 0.4147225000481636,
      "subsample": 0.9162213204002109,
      "colsample_bytree": 0.6061695553391381,
      "min_child_weight": 2,
      "gamma": 0.9170225492671691,
      "reg_alpha": 0.00033205591037519585,
      "reg_lambda": 0.00420515645091387
    },
    "SVM": {
      "C": 48.09558841127002,
      "gamma": "scale"
    }
  },
  "val_pr_auc": {
    "LogisticRegression": 0.7544642857142858,
    "RandomForest": 0.5702266483516484,
    "XGBoost": 0.6073232323232323,
    "SVM": 0.7274621212121212
  }
}