Following are various statistics about the Fitbit dataset. 
Note that this data has been filtered to only include datapoints during pregnancy.


Total number of patients: 0


Total number of missing values: 521495


Number of missing days per patient:
       id  missing_days
 DP3-0001            82
 DP3-0002             0
 DP3-0003             2
 DP3-0004           110
 DP3-0005           111
 DP3-0006             0
 DP3-0008           267
 DP3-0009             0
 DP3-0012             0
 DP3-0013             0
 DP3-0015            94
 DP3-0017           128
 DP3-0018             6
 DP3-0019            14
 DP3-0020            65
 DP3-0021           192
 DP3-0022            23
 DP3-0024             0
 DP3-0025           238
 DP3-0027           244
 DP3-0028             0
DP3-0029E            47
 DP3-0032           157
DP3-0033E           243
 DP3-0034             0
 DP3-0036             0
 DP3-0037             0
 DP3-0038             0
DP3-0039E             0
 DP3-0040            78
DP3-0041E             0
 DP3-0042             0
 DP3-0043             0
 DP3-0044             0
 DP3-0045             0
 DP3-0046             0
 DP3-0048           213
DP3-0049E           216
 DP3-0050           218
 DP3-0051             0
DP3-0052E            58
 DP3-0053           110
 DP3-0054             0
DP3-0055E             0
 DP3-0056             0
 DP3-0057           110
DP3-0060E            22
 DP3-0062             0
 DP3-0064             0
 DP3-0065           146
 DP3-0066            64
 DP3-0068           221
DP3-0069E            37
 DP3-0070           158
 DP3-0071             0
 DP3-0072             0
DP3-0073E            69
 DP3-0074             0
 DP3-0075             0
DP3-0076E           114
 DP3-0077           209
 DP3-0080             0
 DP3-0082             0
DP3-0083E             0
 DP3-0084           181
 DP3-0085             0
DP3-0086E             0
 DP3-0087             0
DP3-0088E            85
DP3-0091E             4
 DP3-0092             0
 DP3-0093           135
 DP3-0094            30
 DP3-0097             0
DP3-0100E             0
 DP3-0101             0
 DP3-0104            38
 DP3-0105             0
 DP3-0107             0
 DP3-0108             0
 DP3-0109            66
 DP3-0111             6
 DP3-0112            72
 DP3-0113             0
 DP3-0116             0
 DP3-0117            65
DP3-0118E             0
DP3-0119E             0
 DP3-0120             0
 DP3-0121             0
 DP3-0123           148
 DP3-0124             0
 DP3-0125             0
 DP3-0126             0
 DP3-0127           110
 DP3-0128             0
 DP3-0129             0
DP3-0130E           185
 DP3-0133             1
DP3-0134E             3
DP3-0135E           191
DP3-0137E             0
DP3-0140E             0
 DP3-0142             0
 DP3-0143             0
 DP3-0144           128
DP3-0151E           130
 DP3-0152             0
DP3-0155E            32
 DP3-0156             0
 DP3-0157             0
 DP3-0158             9
 DP3-0160             0
 DP3-0161           116
 DP3-0162             0
DP3-0163E             0
 DP3-0164           109
DP3-0165E             0
 DP3-0166             0
DP3-0167E           119
 DP3-0168             0
 DP3-0169           174
DP3-0170E             0
 DP3-0171           143
 DP3-0172             0
DP3-0173E             0
 DP3-0174             0
 DP3-0175             0
 DP3-0177             0
 DP3-0179             0
 DP3-0181             0
DP3-0182E             0
DP3-0184E             0
 DP3-0185             0
 DP3-0186             0
 DP3-0187             0
 DP3-0188            40
 DP3-0189             0
 DP3-0190             0
 DP3-0192             0
 DP3-0193             0
 DP3-0195             0
DP3-0196E           143
 DP3-0197             0
 DP3-0199             0
 DP3-0200             0
DP3-0201E           107
 DP3-0202             0
 DP3-0203             0
 DP3-0204             0
DP3-0205E            88
DP3-0206E             0
 DP3-0207           113
 DP3-0208             0
DP3-0209E            17
 DP3-0210           159
 DP3-0212             0
 DP3-0213             0
 DP3-0214             0
 DP3-0216             0
 DP3-0217           160
 DP3-0219             0
 DP3-0220             1
 DP3-0221           138
 DP3-0222           108
 DP3-0223            92
 DP3-0224             0
 DP3-0225           139
 DP3-0226           155
 DP3-0227             5
DP3-0229E             0
 DP3-0230             0
 DP3-0231             0
DP3-0232E             0
DP3-0233E           137
 DP3-0234            47
 DP3-0235             0
 DP3-0237             0
 DP3-0238             0
 DP3-0239             0
 DP3-0240             0
 DP3-0241             0
 DP3-0242             0
 DP3-0243             0
 DP3-0244             0
 DP3-0245             0
 DP3-0246             0
 DP3-0247             0
DP3-0248E             0
 DP3-0250             0
 DP3-0251             4
 DP3-0253             0
 DP3-0254             0
 DP3-0255             1
 DP3-0256             0
 DP3-0257             0
DP3-0258E            35
 DP3-0259             0
 DP3-0260             0
DP3-0261E             0
 DP3-0262           161
DP3-0263E            35
 DP3-0264             0
 DP3-0265             0
 DP3-0266             0
 DP3-0267             0
 DP3-0271             0
 DP3-0272             0
 DP3-0273            70
 DP3-0274             0
 DP3-0275             0
 DP3-0276             1
 DP3-0277             0
 DP3-0278            56
 DP3-0279             0
 DP3-0280           143
DP3-0281E            37
 DP3-0282             0
 DP3-0283             0
 DP3-0284             0
 DP3-0285             0
 DP3-0287             0
 DP3-0290            33
 DP3-0292           100
 DP3-0293           141
 DP3-0294             0
 DP3-0295             0
 DP3-0296             0
 DP3-0297            54
DP3-0298E             0
DP3-0299E             0
 DP3-0300            74
 DP3-0301             0
 DP3-0302             0
DP3-0303E             0
 DP3-0304             0
 DP3-0305             0
 DP3-0306             0
 DP3-0308             0
 DP3-0309             0
 DP3-0310             0
 DP3-0311             0
 DP3-0312           152
 DP3-0313             0
 DP3-0314            18
 DP3-0315             0
 DP3-0316           161
 DP3-0318             0
 DP3-0319             0
 DP3-0320             0
 DP3-0323             0
 DP3-0324             0
 DP3-0326           159
 DP3-0327             0
 DP3-0328           122
 DP3-0330             0
 DP3-0332           164
 DP3-0333             0
 DP3-0334            13
 DP3-0335            61
 DP3-0336           202
 DP3-0338             0
 DP3-0339            63
 DP3-0340           224
 DP3-0342             0
 DP3-0343           164
 DP3-0344             0
 DP3-0346           226
 DP3-0347             0
 DP3-0348           177
DP3-0350E             0
 DP3-0351           227
 DP3-0352           189
 DP3-0353             0
 DP3-0354             0
 DP3-0355            83
DP3-0356E           246
 DP3-0357             0
 DP3-0359             0
DP3-0360E             0
 DP3-0361             0
DP3-0362E            63
 DP3-0363           158
 DP3-0364           206
 DP3-0366            21
 DP3-0368           107
 DP3-0369             0
DP3-0371E             0
 DP3-0372             0
 DP3-0373           224
 DP3-0374           181
DP3-0375E             0
DP3-0376E             0
DP3-0377E           154
DP3-0378E             0
 DP3-0379            61
 DP3-0381             0
 DP3-0385           188
 DP3-0386            79
 DP3-0387            46
 DP3-0388            80
 DP3-0389           200
 DP3-0390           140
 DP3-0392             0
DP3-0393E            27
 DP3-0394           178
 DP3-0396           120
 DP3-0397             0
DP3-0398E             0
 DP3-0399             1
DP3-0400E             0
 DP3-0404            50
 DP3-0405           171
DP3-0406E             0
 DP3-0407             0
 DP3-0409             0
DP3-0410E           112
DP3-0412E           134
DP3-0413E             9
DP3-0414E           137
DP3-0415E            52
 DP3-0416             0
DP3-0417E           170
 DP3-0418             0
 DP3-0419            41
 DP3-0420             0
 DP3-0421             0
DP3-0422E             0
DP3-0423E            54
 DP3-0424           116
 DP3-0425             0
 DP3-0426            46
DP3-0427E            93
 DP3-0428             0
 DP3-0429             0
 DP3-0431             0
DP3-0432E             0
DP3-0433E             0
 DP3-0434            61
DP3-0435E             1


Maximum consecutive number of days missing per feature per patient:
       id  activities_summary_activitycalories  activities_summary_caloriesout  activities_summary_fairlyactiveminutes  activities_summary_lightlyactiveminutes  activities_summary_sedentaryminutes  heart_rate_resting_heart_rate  heart_rate_zone:_fat_burn_minutes  heart_rate_zone:_cardio_minutes  heart_rate_zone:_peak_minutes  sleep_summary_stages_deep  sleep_summary_stages_light  sleep_summary_stages_rem  sleep_summary_stages_wake  sleep_summary_total_sleep_records  sleep_summary_total_time_in_bed  activities_summary_steps  activities_summary_totaldistances  activities_summary_veryactiveminutes  sleep_summary_total_minutes_asleep
 DP3-0001                                   82                              82                                      82                                       82                                   82                             82                                 82                               82                             82                         82                          82                        82                         82                                 82                               82                        82                                 82                                    82                                  82
 DP3-0002                                    0                               0                                       0                                        0                                    0                              0                                  0                                0                              0                          3                           3                         3                          3                                  2                                2                         0                                  0                                     0                                   2
 DP3-0003                                   17                              17                                      17                                       17                                   17                             17                                 17                               17                             17                          1                           1                         1                          1                                  1                                1                        17                                 17                                    17                                   1
 DP3-0004                                  110                             110                                     110                                      110                                  110                            110                                110                              110                            110                        110                         110                       110                        110                                110                              110                       110                                110                                   110                                 110
 DP3-0005                                  111                             111                                     111                                      111                                  111                            111                                111                              111                            111                        111                         111                       111                        111                                111                              111                       111                                111                                   111                                 111
 DP3-0006                                    0                               0                                       0                                        0                                    0                              0                                  0                                0                              0                          1                           1                         1                          1                                  1                                1                         0                                  0                                     0                                   1
 DP3-0008                                  267                             267                                     267                                      267                                  267                            267                                267                              267                            267                        267                         267                       267                        267                                267                              267                       267                                267                                   267                                 267
 DP3-0009                                    0                               0                                       0                                        0                                    0                              4                                  3                                3                              3                          3                           3                         3                          3                                  3                                3                         0                                  0                                     0                                   3
 DP3-0012                                    0                               0                                       0                                        0                                    0                              3                                  3                                3                              3                        195                         195                       195                        195                                195                              195                         0                                  0                                     0                                 195
 DP3-0013                                    0                               0                                       0                                        0                                    0                              5                                  5                                5                              5                        317                         317                       317                        317                                  1                                1                         0                                  0                                     0                                   1
 DP3-0015                                   94                              94                                      94                                       94                                   94                             94                                 94                               94                             94                         94                          94                        94                         94                                 94                               94                        94                                 94                                    94                                  94
 DP3-0017                                  128                             128                                     128                                      128                                  128                            128                                128                              128                            128                        128                         128                       128                        128                                128                              128                       128                                128                                   128                                 128
 DP3-0018                                  196                             196                                     196                                      196                                  196                             17                                  2                                2                              2                        196                         196                       196                        196                                196                              196                       196                                196                                   196                                 196
 DP3-0019                                   23                              23                                      23                                       23                                   23                             23                                 23                               23                             23                         11                          11                        11                         11                                 11                               11                        23                                 23                                    23                                  11
 DP3-0020                                   65                              65                                      65                                       65                                   65                             65                                 65                               65                             65                         65                          65                        65                         65                                 65                               65                        65                                 65                                    65                                  65
 DP3-0021                                  192                             192                                     192                                      192                                  192                            192                                192                              192                            192                        192                         192                       192                        192                                192                              192                       192                                192                                   192                                 192
 DP3-0022                                  160                             160                                     160                                      160                                  160                             11                                  3                                3                              3                        160                         160                       160                        160                                160                              160                       160                                160                                   160                                 160
 DP3-0024                                    0                               0                                       0                                        0                                    0                              4                                  1                                1                              1                        248                         248                       248                        248                                248                              248                         0                                  0                                     0                                 248
 DP3-0025                                  238                             238                                     238                                      238                                  238                            238                                238                              238                            238                        238                         238                       238                        238                                238                              238                       238                                238                                   238                                 238
 DP3-0027                                  244                             244                                     244                                      244                                  244                            244                                244                              244                            244                        244                         244                       244                        244                                244                              244                       244                                244                                   244                                 244
 DP3-0028                                    0                               0                                       0                                        0                                    0                              4                                  3                                3                              3                          2                           2                         2                          2                                  1                                1                         0                                  0                                     0                                   1
DP3-0029E                                   47                              47                                      47                                       47                                   47                             47                                 47                               47                             47                         47                          47                        47                         47                                 47                               47                        47                                 47                                    47                                  47
 DP3-0032                                  157                             157                                     157                                      157                                  157                            157                                157                              157                            157                        157                         157                       157                        157                                157                              157                       157                                157                                   157                                 157
DP3-0033E                                  243                             243                                     243                                      243                                  243                            243                                243                              243                            243                        243                         243                       243                        243                                243                              243                       243                                243                                   243                                 243
 DP3-0034                                    0                               0                                       0                                        0                                    0                              2                                  2                                2                              2                          1                           1                         1                          1                                  1                                1                         0                                  0                                     0                                   1
 DP3-0036                                    0                               0                                       0                                        0                                    0                            172                                172                              172                            172                        172                         172                       172                        172                                172                              172                         0                                  0                                     0                                 172
 DP3-0037                                    0                               0                                       0                                        0                                    0                              3                                  3                                3                              3                          1                           1                         1                          1                                  1                                1                         0                                  0                                     0                                   1
 DP3-0038                                    0                               0                                       0                                        0                                    0                              4                                  4                                4                              4                          5                           5                         5                          5                                  5                                5                         0                                  0                                     0                                   5
DP3-0039E                                    0                               0                                       0                                        0                                    0                              2                                  1                                1                              1                        172                         172                       172                        172                                172                              172                         0                                  0                                     0                                 172
 DP3-0040                                   78                              78                                      78                                       78                                   78                             78                                 78                               78                             78                         78                          78                        78                         78                                 78                               78                        78                                 78                                    78                                  78
DP3-0041E                                    0                               0                                       0                                        0                                    0                              3                                  3                                3                              3                          2                           2                         2                          2                                  1                                1                         0                                  0                                     0                                   1
 DP3-0042                                    0                               0                                       0                                        0                                    0                              4                                  4                                4                              4                        227                         227                       227                        227                                227                              227                         0                                  0                                     0                                 227
 DP3-0043                                    0                               0                                       0                                        0                                    0                             12                                  5                                5                              5                         65                          65                        65                         65                                 65                               65                         0                                  0                                     0                                  65
 DP3-0044                                    0                               0                                       0                                        0                                    0                              0                                  0                                0                              0                         15                          15                        15                         15                                 15                               15                         0                                  0                                     0                                  15
 DP3-0045                                    0                               0                                       0                                        0                                    0                            109                                109                              109                            109                          2                           2                         2                          2                                  2                                2                         0                                  0                                     0                                   2
 DP3-0046                                    0                               0                                       0                                        0                                    0                              5                                  5                                5                              5                        154                         154                       154                        154                                154                              154                         0                                  0                                     0                                 154
 DP3-0048                                  213                             213                                     213                                      213                                  213                            213                                213                              213                            213                        213                         213                       213                        213                                213                              213                       213                                213                                   213                                 213
DP3-0049E                                  216                             216                                     216                                      216                                  216                            216                                216                              216                            216                        216                         216                       216                        216                                216                              216                       216                                216                                   216                                 216
 DP3-0050                                  218                             218                                     218                                      218                                  218                            218                                218                              218                            218                        218                         218                       218                        218                                218                              218                       218                                218                                   218                                 218
 DP3-0051                                    0                               0                                       0                                        0                                    0                              5                                  5                                5                              5                          1                           1                         1                          1                                  1                                1                         0                                  0                                     0                                   1
DP3-0052E                                   58                              58                                      58                                       58                                   58                             58                                 58                               58                             58                         58                          58                        58                         58                                 58                               58                        58                                 58                                    58                                  58
 DP3-0053                                  110                             110                                     110                                      110                                  110                            110                                110                              110                            110                        110                         110                       110                        110                                110                              110                       110                                110                                   110                                 110
 DP3-0054                                    0                               0                                       0                                        0                                    0                              1                                  1                                1                              1                          4                           4                         4                          4                                  2                                2                         0                                  0                                     0                                   2
DP3-0055E                                    0                               0                                       0                                        0                                    0                              9                                  1                                1                              1                        123                         123                       123                        123                                123                              123                         0                                  0                                     0                                 123
 DP3-0056                                    0                               0                                       0                                        0                                    0                              3                                  3                                3                              3                          1                           1                         1                          1                                  1                                1                         0                                  0                                     0                                   1
 DP3-0057                                  110                             110                                     110                                      110                                  110                            110                                110                              110                            110                        110                         110                       110                        110                                110                              110                       110                                110                                   110                                 110
DP3-0060E                                   22                              22                                      22                                       22                                   22                             22                                 22                               22                             22                         22                          22                        22                         22                                 22                               22                        22                                 22                                    22                                  22
 DP3-0062                                    0                               0                                       0                                        0                                    0                              1                                  1                                1                              1                          2                           2                         2                          2                                  2                                2                         0                                  0                                     0                                   2
 DP3-0064                                    0                               0                                       0                                        0                                    0                            174                                174                              174                            174                          2                           2                         2                          2                                  1                                1                         0                                  0                                     0                                   1
 DP3-0065                                  146                             146                                     146                                      146                                  146                            146                                146                              146                            146                        146                         146                       146                        146                                146                              146                       146                                146                                   146                                 146
 DP3-0066                                  185                             185                                     185                                      185                                  185                             21                                  6                                6                              6                        185                         185                       185                        185                                185                              185                       185                                185                                   185                                 185
 DP3-0068                                  221                             221                                     221                                      221                                  221                            221                                221                              221                            221                        221                         221                       221                        221                                221                              221                       221                                221                                   221                                 221
DP3-0069E                                   37                              37                                      37                                       37                                   37                             37                                 37                               37                             37                         37                          37                        37                         37                                 37                               37                        37                                 37                                    37                                  37
 DP3-0070                                  158                             158                                     158                                      158                                  158                            158                                158                              158                            158                        158                         158                       158                        158                                158                              158                       158                                158                                   158                                 158
 DP3-0071                                    4                               4                                       4                                        4                                    4                              9                                  4                                4                              4                        168                         168                       168                        168                                168                              168                         4                                  4                                     4                                 168
 DP3-0072                                    0                               0                                       0                                        0                                    0                              3                                  1                                1                              1                          4                           4                         4                          4                                  4                                4                         0                                  0                                     0                                   4
DP3-0073E                                   69                              69                                      69                                       69                                   69                             69                                 69                               69                             69                         69                          69                        69                         69                                 69                               69                        69                                 69                                    69                                  69
 DP3-0074                                    0                               0                                       0                                        0                                    0                              5                                  3                                3                              3                          4                           4                         4                          4                                  4                                4                         0                                  0                                     0                                   4
 DP3-0075                                    0                               0                                       0                                        0                                    0                              5                                  2                                2                              2                          5                           5                         5                          5                                  5                                5                         0                                  0                                     0                                   5
DP3-0076E                                  114                             114                                     114                                      114                                  114                            114                                114                              114                            114                        114                         114                       114                        114                                114                              114                       114                                114                                   114                                 114
 DP3-0077                                  209                             209                                     209                                      209                                  209                            209                                209                              209                            209                        209                         209                       209                        209                                209                              209                       209                                209                                   209                                 209
 DP3-0080                                    0                               0                                       0                                        0                                    0                              2                                  2                                2                              2                          5                           5                         5                          5                                  4                                4                         0                                  0                                     0                                   4
 DP3-0082                                    0                               0                                       0                                        0                                    0                              3                                  2                                2                              2                        195                         195                       195                        195                                195                              195                         0                                  0                                     0                                 195
DP3-0083E                                    0                               0                                       0                                        0                                    0                              2                                  2                                2                              2                          4                           4                         4                          4                                  3                                3                         0                                  0                                     0                                   3
 DP3-0084                                  181                             181                                     181                                      181                                  181                            181                                181                              181                            181                        181                         181                       181                        181                                181                              181                       181                                181                                   181                                 181
 DP3-0085                                    0                               0                                       0                                        0                                    0                              5                                  5                                5                              5                          3                           3                         3                          3                                  3                                3                         0                                  0                                     0                                   3
DP3-0086E                                    0                               0                                       0                                        0                                    0                              6                                  6                                6                              6                        199                         199                       199                        199                                199                              199                         0                                  0                                     0                                 199
 DP3-0087                                    0                               0                                       0                                        0                                    0                            196                                196                              196                            196                          1                           1                         1                          1                                  1                                1                         0                                  0                                     0                                   1
DP3-0088E                                   85                              85                                      85                                       85                                   85                             85                                 85                               85                             85                         85                          85                        85                         85                                 85                               85                        85                                 85                                    85                                  85
DP3-0091E                                  157                             157                                     157                                      157                                  157                              7                                  3                                3                              3                        157                         157                       157                        157                                157                              157                       157                                157                                   157                                 157
 DP3-0092                                    0                               0                                       0                                        0                                    0                             76                                 76                               76                             76                         76                          76                        76                         76                                 76                               76                         0                                  0                                     0                                  76
 DP3-0093                                  135                             135                                     135                                      135                                  135                            135                                135                              135                            135                        135                         135                       135                        135                                135                              135                       135                                135                                   135                                 135
 DP3-0094                                   31                              31                                      31                                       31                                   31                             30                                 30                               30                             30                         31                          31                        31                         31                                 31                               31                        31                                 31                                    31                                  31
 DP3-0097                                    1                               1                                       1                                        1                                    1                            117                                117                              117                            117                          1                           1                         1                          1                                  1                                1                         1                                  1                                     1                                   1
DP3-0100E                                    0                               0                                       0                                        0                                    0                              3                                  3                                3                              3                          4                           4                         4                          4                                  4                                4                         0                                  0                                     0                                   4
 DP3-0101                                    0                               0                                       0                                        0                                    0                              4                                  4                                4                              4                        171                         171                       171                        171                                  3                                3                         0                                  0                                     0                                   3
 DP3-0104                                   38                              38                                      38                                       38                                   38                             38                                 38                               38                             38                         38                          38                        38                         38                                 38                               38                        38                                 38                                    38                                  38
 DP3-0105                                    0                               0                                       0                                        0                                    0                              1                                  1                                1                              1                          1                           1                         1                          1                                  1                                1                         0                                  0                                     0                                   1
 DP3-0107                                    0                               0                                       0                                        0                                    0                            143                                143                              143                            143                          4                           4                         4                          4                                  4                                4                         0                                  0                                     0                                   4
 DP3-0108                                    0                               0                                       0                                        0                                    0                            147                                147                              147                            147                        147                         147                       147                        147                                147                              147                         0                                  0                                     0                                 147
 DP3-0109                                   66                              66                                      66                                       66                                   66                             66                                 66                               66                             66                         66                          66                        66                         66                                 66                               66                        66                                 66                                    66                                  66
 DP3-0111                                    6                               6                                       6                                        6                                    6                            177                                177                              177                            177                        177                         177                       177                        177                                177                              177                         6                                  6                                     6                                 177
 DP3-0112                                   72                              72                                      72                                       72                                   72                             72                                 72                               72                             72                         72                          72                        72                         72                                 72                               72                        72                                 72                                    72                                  72
 DP3-0113                                    0                               0                                       0                                        0                                    0                              2                                  1                                1                              1                          3                           3                         3                          3                                  2                                2                         0                                  0                                     0                                   2
 DP3-0116                                    0                               0                                       0                                        0                                    0                              4                                  4                                4                              4                          4                           4                         4                          4                                  2                                2                         0                                  0                                     0                                   2
 DP3-0117                                   65                              65                                      65                                       65                                   65                             65                                 65                               65                             65                         65                          65                        65                         65                                 65                               65                        65                                 65                                    65                                  65
DP3-0118E                                    0                               0                                       0                                        0                                    0                            156                                156                              156                            156                          3                           3                         3                          3                                  2                                2                         0                                  0                                     0                                   2
DP3-0119E                                    0                               0                                       0                                        0                                    0                            131                                131                              131                            131                        131                         131                       131                        131                                  3                                3                         0                                  0                                     0                                   3
 DP3-0120                                    0                               0                                       0                                        0                                    0                              5                                  5                                5                              5                          1                           1                         1                          1                                  1                                1                         0                                  0                                     0                                   1
 DP3-0121                                    0                               0                                       0                                        0                                    0                              2                                  2                                2                              2                          2                           2                         2                          2                                  0                                0                         0                                  0                                     0                                   0
 DP3-0123                                  148                             148                                     148                                      148                                  148                            148                                148                              148                            148                        148                         148                       148                        148                                148                              148                       148                                148                                   148                                 148
 DP3-0124                                    0                               0                                       0                                        0                                    0                              2                                  2                                2                              2                        165                         165                       165                        165                                165                              165                         0                                  0                                     0                                 165
 DP3-0125                                    0                               0                                       0                                        0                                    0                              5                                  5                                5                              5                          5                           5                         5                          5                                  5                                5                         0                                  0                                     0                                   5
 DP3-0126                                    0                               0                                       0                                        0                                    0                              3                                  3                                3                              3                          2                           2                         2                          2                                  2                                2                         0                                  0                                     0                                   2
 DP3-0127                                  110                             110                                     110                                      110                                  110                            110                                110                              110                            110                        110                         110                       110                        110                                110                              110                       110                                110                                   110                                 110
 DP3-0128                                    0                               0                                       0                                        0                                    0                              6                                  6                                6                              6                          5                           5                         5                          5                                  5                                5                         0                                  0                                     0                                   5
 DP3-0129                                    0                               0                                       0                                        0                                    0                              2                                  1                                1                              1                          5                           5                         5                          5                                  3                                3                         0                                  0                                     0                                   3
DP3-0130E                                  185                             185                                     185                                      185                                  185                            185                                185                              185                            185                        185                         185                       185                        185                                185                              185                       185                                185                                   185                                 185
 DP3-0133                                    1                               1                                       1                                        1                                    1                            200                                200                              200                            200                        200                         200                       200                        200                                200                              200                         1                                  1                                     1                                 200
DP3-0134E                                  220                             220                                     220                                      220                                  220                              9                                  1                                1                              1                        220                         220                       220                        220                                220                              220                       220                                220                                   220                                 220
DP3-0135E                                  191                             191                                     191                                      191                                  191                            191                                191                              191                            191                        191                         191                       191                        191                                191                              191                       191                                191                                   191                                 191
DP3-0137E                                    0                               0                                       0                                        0                                    0                              2                                  2                                2                              2                          1                           1                         1                          1                                  1                                1                         0                                  0                                     0                                   1
DP3-0140E                                    0                               0                                       0                                        0                                    0                              6                                  5                                5                              5                        149                         149                       149                        149                                149                              149                         0                                  0                                     0                                 149
 DP3-0142                                    0                               0                                       0                                        0                                    0                            318                                318                              318                            318                        318                         318                       318                        318                                318                              318                         0                                  0                                     0                                 318
 DP3-0143                                    0                               0                                       0                                        0                                    0                            139                                139                              139                            139                        139                         139                       139                        139                                139                              139                         0                                  0                                     0                                 139
 DP3-0144                                  128                             128                                     128                                      128                                  128                            128                                128                              128                            128                        128                         128                       128                        128                                128                              128                       128                                128                                   128                                 128
DP3-0151E                                  130                             130                                     130                                      130                                  130                            130                                130                              130                            130                        130                         130                       130                        130                                130                              130                       130                                130                                   130                                 130
 DP3-0152                                    0                               0                                       0                                        0                                    0                              2                                  2                                2                              2                         85                          85                        85                         85                                 85                               85                         0                                  0                                     0                                  85
DP3-0155E                                   32                              32                                      32                                       32                                   32                             32                                 32                               32                             32                         32                          32                        32                         32                                 32                               32                        32                                 32                                    32                                  32
 DP3-0156                                    0                               0                                       0                                        0                                    0                              2                                  2                                2                              2                          2                           2                         2                          2                                  2                                2                         0                                  0                                     0                                   2
 DP3-0157                                    0                               0                                       0                                        0                                    0                              8                                  2                                2                              2                        117                         117                       117                        117                                117                              117                         0                                  0                                     0                                 117
 DP3-0158                                   10                              10                                      10                                       10                                   10                             10                                 10                               10                             10                         10                          10                        10                         10                                  9                                9                        10                                 10                                    10                                   9
 DP3-0160                                    0                               0                                       0                                        0                                    0                             14                                 14                               14                             14                         17                          17                        17                         17                                 12                               12                         0                                  0                                     0                                  12
 DP3-0161                                  116                             116                                     116                                      116                                  116                            116                                116                              116                            116                        116                         116                       116                        116                                116                              116                       116                                116                                   116                                 116
 DP3-0162                                    0                               0                                       0                                        0                                    0                              2                                  2                                2                              2                        183                         183                       183                        183                                183                              183                         0                                  0                                     0                                 183
DP3-0163E                                    0                               0                                       0                                        0                                    0                              2                                  2                                2                              2                         18                          18                        18                         18                                 18                               18                         0                                  0                                     0                                  18
 DP3-0164                                  109                             109                                     109                                      109                                  109                            109                                109                              109                            109                        109                         109                       109                        109                                109                              109                       109                                109                                   109                                 109
DP3-0165E                                    0                               0                                       0                                        0                                    0                              1                                  1                                1                              1                        172                         172                       172                        172                                172                              172                         0                                  0                                     0                                 172
 DP3-0166                                    0                               0                                       0                                        0                                    0                            193                                193                              193                            193                          6                           6                         6                          6                                  6                                6                         0                                  0                                     0                                   6
DP3-0167E                                  119                             119                                     119                                      119                                  119                            119                                119                              119                            119                        119                         119                       119                        119                                119                              119                       119                                119                                   119                                 119
 DP3-0168                                    0                               0                                       0                                        0                                    0                              3                                  3                                3                              3                          2                           2                         2                          2                                  1                                1                         0                                  0                                     0                                   1
 DP3-0169                                  174                             174                                     174                                      174                                  174                            174                                174                              174                            174                        174                         174                       174                        174                                174                              174                       174                                174                                   174                                 174
DP3-0170E                                    0                               0                                       0                                        0                                    0                              1                                  1                                1                              1                          4                           4                         4                          4                                  1                                1                         0                                  0                                     0                                   1
 DP3-0171                                  143                             143                                     143                                      143                                  143                            143                                143                              143                            143                        143                         143                       143                        143                                143                              143                       143                                143                                   143                                 143
 DP3-0172                                    0                               0                                       0                                        0                                    0                              3                                  3                                3                              3                          3                           3                         3                          3                                  3                                3                         0                                  0                                     0                                   3
DP3-0173E                                    0                               0                                       0                                        0                                    0                              3                                  3                                3                              3                        145                         145                       145                        145                                145                              145                         0                                  0                                     0                                 145
 DP3-0174                                    1                               1                                       1                                        1                                    1                              5                                  2                                2                              2                        171                         171                       171                        171                                171                              171                         1                                  1                                     1                                 171
 DP3-0175                                    0                               0                                       0                                        0                                    0                              6                                  6                                6                              6                        193                         193                       193                        193                                193                              193                         0                                  0                                     0                                 193
 DP3-0177                                    0                               0                                       0                                        0                                    0                              2                                  2                                2                              2                          1                           1                         1                          1                                  1                                1                         0                                  0                                     0                                   1
 DP3-0179                                    0                               0                                       0                                        0                                    0                            195                                195                              195                            195                          6                           6                         6                          6                                  1                                1                         0                                  0                                     0                                   1
 DP3-0181                                    0                               0                                       0                                        0                                    0                            204                                204                              204                            204                        204                         204                       204                        204                                204                              204                         0                                  0                                     0                                 204
DP3-0182E                                    0                               0                                       0                                        0                                    0                              3                                  3                                3                              3                          3                           3                         3                          3                                  2                                2                         0                                  0                                     0                                   2
DP3-0184E                                    0                               0                                       0                                        0                                    0                              5                                  5                                5                              5                          1                           1                         1                          1                                  1                                1                         0                                  0                                     0                                   1
 DP3-0185                                    1                               1                                       1                                        1                                    1                            172                                172                              172                            172                          5                           5                         5                          5                                  5                                5                         1                                  1                                     1                                   5
 DP3-0186                                    0                               0                                       0                                        0                                    0                              4                                  4                                4                              4                          1                           1                         1                          1                                  1                                1                         0                                  0                                     0                                   1
 DP3-0187                                    0                               0                                       0                                        0                                    0                              3                                  3                                3                              3                          5                           5                         5                          5                                  5                                5                         0                                  0                                     0                                   5
 DP3-0188                                  215                             215                                     215                                      215                                  215                              8                                  3                                3                              3                        215                         215                       215                        215                                215                              215                       215                                215                                   215                                 215
 DP3-0189                                    0                               0                                       0                                        0                                    0                              3                                  3                                3                              3                          3                           3                         3                          3                                  1                                1                         0                                  0                                     0                                   1
 DP3-0190                                    0                               0                                       0                                        0                                    0                              2                                  2                                2                              2                          3                           3                         3                          3                                  2                                2                         0                                  0                                     0                                   2
 DP3-0192                                    0                               0                                       0                                        0                                    0                            169                                169                              169                            169                          2                           2                         2                          2                                  2                                2                         0                                  0                                     0                                   2
 DP3-0193                                    0                               0                                       0                                        0                                    0                            142                                142                              142                            142                        142                         142                       142                        142                                142                              142                         0                                  0                                     0                                 142
 DP3-0195                                    0                               0                                       0                                        0                                    0                              1                                  1                                1                              1                        182                         182                       182                        182                                  4                                4                         0                                  0                                     0                                   4
DP3-0196E                                  143                             143                                     143                                      143                                  143                            143                                143                              143                            143                        143                         143                       143                        143                                143                              143                       143                                143                                   143                                 143
 DP3-0197                                    0                               0                                       0                                        0                                    0                            123                                123                              123                            123                        123                         123                       123                        123                                123                              123                         0                                  0                                     0                                 123
 DP3-0199                                    0                               0                                       0                                        0                                    0                              2                                  2                                2                              2                        174                         174                       174                        174                                174                              174                         0                                  0                                     0                                 174
 DP3-0200                                    0                               0                                       0                                        0                                    0                            164                                164                              164                            164                          4                           4                         4                          4                                  4                                4                         0                                  0                                     0                                   4
DP3-0201E                                  107                             107                                     107                                      107                                  107                            107                                107                              107                            107                        107                         107                       107                        107                                107                              107                       107                                107                                   107                                 107
 DP3-0202                                    0                               0                                       0                                        0                                    0                              3                                  1                                1                              1                        149                         149                       149                        149                                149                              149                         0                                  0                                     0                                 149
 DP3-0203                                    0                               0                                       0                                        0                                    0                              1                                  1                                1                              1                          1                           1                         1                          1                                  1                                1                         0                                  0                                     0                                   1
 DP3-0204                                    0                               0                                       0                                        0                                    0                            191                                191                              191                            191                          4                           4                         4                          4                                  1                                1                         0                                  0                                     0                                   1
DP3-0205E                                   88                              88                                      88                                       88                                   88                             88                                 88                               88                             88                         88                          88                        88                         88                                 88                               88                        88                                 88                                    88                                  88
DP3-0206E                                    0                               0                                       0                                        0                                    0                              5                                  5                                5                              5                          1                           1                         1                          1                                  1                                1                         0                                  0                                     0                                   1
 DP3-0207                                  113                             113                                     113                                      113                                  113                            113                                113                              113                            113                        113                         113                       113                        113                                113                              113                       113                                113                                   113                                 113
 DP3-0208                                    0                               0                                       0                                        0                                    0                              5                                  5                                5                              5                          1                           1                         1                          1                                  1                                1                         0                                  0                                     0                                   1
DP3-0209E                                   17                              17                                      17                                       17                                   17                             17                                 17                               17                             17                         17                          17                        17                         17                                 17                               17                        17                                 17                                    17                                  17
 DP3-0210                                  159                             159                                     159                                      159                                  159                            159                                159                              159                            159                        159                         159                       159                        159                                159                              159                       159                                159                                   159                                 159
 DP3-0212                                    0                               0                                       0                                        0                                    0                            178                                178                              178                            178                        178                         178                       178                        178                                178                              178                         0                                  0                                     0                                 178
 DP3-0213                                    0                               0                                       0                                        0                                    0                              1                                  1                                1                              1                          1                           1                         1                          1                                  1                                1                         0                                  0                                     0                                   1
 DP3-0214                                    0                               0                                       0                                        0                                    0                            116                                116                              116                            116                          2                           2                         2                          2                                  2                                2                         0                                  0                                     0                                   2
 DP3-0216                                    0                               0                                       0                                        0                                    0                              2                                  1                                1                              1                          2                           2                         2                          2                                  2                                2                         0                                  0                                     0                                   2
 DP3-0217                                  160                             160                                     160                                      160                                  160                            160                                160                              160                            160                        160                         160                       160                        160                                160                              160                       160                                160                                   160                                 160
 DP3-0219                                    0                               0                                       0                                        0                                    0                              3                                  3                                3                              3                        193                         193                       193                        193                                193                              193                         0                                  0                                     0                                 193
 DP3-0220                                    1                               1                                       1                                        1                                    1                             94                                 94                               94                             94                         94                          94                        94                         94                                 94                               94                         1                                  1                                     1                                  94
 DP3-0221                                  138                             138                                     138                                      138                                  138                            138                                138                              138                            138                        138                         138                       138                        138                                138                              138                       138                                138                                   138                                 138
 DP3-0222                                  108                             108                                     108                                      108                                  108                            108                                108                              108                            108                        108                         108                       108                        108                                108                              108                       108                                108                                   108                                 108
 DP3-0223                                   98                              98                                      98                                       98                                   98                             94                                 94                               94                             94                         93                          93                        93                         93                                 91                               91                        98                                 98                                    98                                  91
 DP3-0224                                    0                               0                                       0                                        0                                    0                              5                                  3                                3                              3                        192                         192                       192                        192                                192                              192                         0                                  0                                     0                                 192
 DP3-0225                                  139                             139                                     139                                      139                                  139                            139                                139                              139                            139                        139                         139                       139                        139                                139                              139                       139                                139                                   139                                 139
 DP3-0226                                  155                             155                                     155                                      155                                  155                            155                                155                              155                            155                        155                         155                       155                        155                                155                              155                       155                                155                                   155                                 155
 DP3-0227                                    1                               1                                       1                                        1                                    1                            147                                147                              147                            147                        147                         147                       147                        147                                147                              147                         1                                  1                                     1                                 147
DP3-0229E                                  210                             210                                     210                                      210                                  210                              2                                  2                                2                              2                          2                           2                         2                          2                                  2                                2                       210                                210                                   210                                   2
 DP3-0230                                    0                               0                                       0                                        0                                    0                              3                                  3                                3                              3                        179                         179                       179                        179                                179                              179                         0                                  0                                     0                                 179
 DP3-0231                                    0                               0                                       0                                        0                                    0                              5                                  5                                5                              5                          4                           4                         4                          4                                  1                                1                         0                                  0                                     0                                   1
DP3-0232E                                    0                               0                                       0                                        0                                    0                              5                                  5                                5                              5                        182                         182                       182                        182                                182                              182                         0                                  0                                     0                                 182
DP3-0233E                                  137                             137                                     137                                      137                                  137                            137                                137                              137                            137                        137                         137                       137                        137                                137                              137                       137                                137                                   137                                 137
 DP3-0234                                   47                              47                                      47                                       47                                   47                             47                                 47                               47                             47                         47                          47                        47                         47                                 47                               47                        47                                 47                                    47                                  47
 DP3-0235                                    0                               0                                       0                                        0                                    0                             28                                 28                               28                             28                         27                          27                        27                         27                                 27                               27                         0                                  0                                     0                                  27
 DP3-0237                                    0                               0                                       0                                        0                                    0                              4                                  1                                1                              1                         30                          30                        30                         30                                 30                               30                         0                                  0                                     0                                  30
 DP3-0238                                    0                               0                                       0                                        0                                    0                              1                                  1                                1                              1                          1                           1                         1                          1                                  1                                1                         0                                  0                                     0                                   1
 DP3-0239                                    0                               0                                       0                                        0                                    0                              6                                  6                                6                              6                          6                           6                         6                          6                                  6                                6                         0                                  0                                     0                                   6
 DP3-0240                                    0                               0                                       0                                        0                                    0                             33                                 33                               33                             33                         33                          33                        33                         33                                 33                               33                         0                                  0                                     0                                  33
 DP3-0241                                    0                               0                                       0                                        0                                    0                              3                                  3                                3                              3                          1                           1                         1                          1                                  1                                1                         0                                  0                                     0                                   1
 DP3-0242                                    0                               0                                       0                                        0                                    0                              1                                  1                                1                              1                          4                           4                         4                          4                                  1                                1                         0                                  0                                     0                                   1
 DP3-0243                                    2                               2                                       2                                        2                                    2                              4                                  2                                2                              2                        190                         190                       190                        190                                190                              190                         2                                  2                                     2                                 190
 DP3-0244                                    0                               0                                       0                                        0                                    0                              3                                  3                                3                              3                          5                           5                         5                          5                                  1                                1                         0                                  0                                     0                                   1
 DP3-0245                                    0                               0                                       0                                        0                                    0                              1                                  1                                1                              1                          1                           1                         1                          1                                  1                                1                         0                                  0                                     0                                   1
 DP3-0246                                    0                               0                                       0                                        0                                    0                              3                                  3                                3                              3                         37                          37                        37                         37                                 37                               37                         0                                  0                                     0                                  37
 DP3-0247                                    0                               0                                       0                                        0                                    0                            157                                157                              157                            157                        157                         157                       157                        157                                157                              157                         0                                  0                                     0                                 157
DP3-0248E                                    0                               0                                       0                                        0                                    0                              2                                  2                                2                              2                          1                           1                         1                          1                                  1                                1                         0                                  0                                     0                                   1
 DP3-0250                                    0                               0                                       0                                        0                                    0                              2                                  2                                2                              2                          3                           3                         3                          3                                  1                                1                         0                                  0                                     0                                   1
 DP3-0251                                  195                             195                                     195                                      195                                  195                             15                                  1                                1                              1                        195                         195                       195                        195                                195                              195                       195                                195                                   195                                 195
 DP3-0253                                    0                               0                                       0                                        0                                    0                            178                                178                              178                            178                          5                           5                         5                          5                                  5                                5                         0                                  0                                     0                                   5
 DP3-0254                                    0                               0                                       0                                        0                                    0                            180                                180                              180                            180                        180                         180                       180                        180                                180                              180                         0                                  0                                     0                                 180
 DP3-0255                                    1                               1                                       1                                        1                                    1                            127                                127                              127                            127                        127                         127                       127                        127                                127                              127                         1                                  1                                     1                                 127
 DP3-0256                                    0                               0                                       0                                        0                                    0                              2                                  1                                1                              1                          2                           2                         2                          2                                  2                                2                         0                                  0                                     0                                   2
 DP3-0257                                    0                               0                                       0                                        0                                    0                             86                                 86                               86                             86                          1                           1                         1                          1                                  0                                0                         0                                  0                                     0                                   0
DP3-0258E                                   35                              35                                      35                                       35                                   35                             35                                 35                               35                             35                         35                          35                        35                         35                                 35                               35                        35                                 35                                    35                                  35
 DP3-0259                                    0                               0                                       0                                        0                                    0                              2                                  2                                2                              2                          2                           2                         2                          2                                  1                                1                         0                                  0                                     0                                   1
 DP3-0260                                    0                               0                                       0                                        0                                    0                              1                                  1                                1                              1                          4                           4                         4                          4                                  1                                1                         0                                  0                                     0                                   1
DP3-0261E                                    0                               0                                       0                                        0                                    0                            108                                108                              108                            108                        108                         108                       108                        108                                108                              108                         0                                  0                                     0                                 108
 DP3-0262                                  161                             161                                     161                                      161                                  161                            161                                161                              161                            161                        161                         161                       161                        161                                161                              161                       161                                161                                   161                                 161
DP3-0263E                                   35                              35                                      35                                       35                                   35                             35                                 35                               35                             35                         35                          35                        35                         35                                 35                               35                        35                                 35                                    35                                  35
 DP3-0264                                    3                               3                                       3                                        3                                    3                              5                                  3                                3                              3                        195                         195                       195                        195                                195                              195                         3                                  3                                     3                                 195
 DP3-0265                                    0                               0                                       0                                        0                                    0                              2                                  2                                2                              2                         14                          14                        14                         14                                 14                               14                         0                                  0                                     0                                  14
 DP3-0266                                    0                               0                                       0                                        0                                    0                              5                                  4                                4                              4                          5                           5                         5                          5                                  4                                4                         0                                  0                                     0                                   4
 DP3-0267                                    0                               0                                       0                                        0                                    0                              2                                  1                                1                              1                          2                           2                         2                          2                                  2                                2                         0                                  0                                     0                                   2
 DP3-0271                                    0                               0                                       0                                        0                                    0                              6                                  6                                6                              6                          3                           3                         3                          3                                  1                                1                         0                                  0                                     0                                   1
 DP3-0272                                    0                               0                                       0                                        0                                    0                            167                                167                              167                            167                          1                           1                         1                          1                                  1                                1                         0                                  0                                     0                                   1
 DP3-0273                                   70                              70                                      70                                       70                                   70                             70                                 70                               70                             70                         70                          70                        70                         70                                 70                               70                        70                                 70                                    70                                  70
 DP3-0274                                    0                               0                                       0                                        0                                    0                              4                                  4                                4                              4                          3                           3                         3                          3                                  2                                2                         0                                  0                                     0                                   2
 DP3-0275                                    0                               0                                       0                                        0                                    0                              3                                  2                                2                              2                          4                           4                         4                          4                                  3                                3                         0                                  0                                     0                                   3
 DP3-0276                                    1                               1                                       1                                        1                                    1                              2                                  2                                2                              2                        144                         144                       144                        144                                144                              144                         1                                  1                                     1                                 144
 DP3-0277                                    0                               0                                       0                                        0                                    0                            161                                161                              161                            161                          1                           1                         1                          1                                  1                                1                         0                                  0                                     0                                   1
 DP3-0278                                   56                              56                                      56                                       56                                   56                             56                                 56                               56                             56                         56                          56                        56                         56                                 56                               56                        56                                 56                                    56                                  56
 DP3-0279                                    5                               5                                       5                                        5                                    5                              5                                  1                                1                              1                        200                         200                       200                        200                                200                              200                         5                                  5                                     5                                 200
 DP3-0280                                  143                             143                                     143                                      143                                  143                            143                                143                              143                            143                        143                         143                       143                        143                                143                              143                       143                                143                                   143                                 143
DP3-0281E                                   37                              37                                      37                                       37                                   37                             37                                 37                               37                             37                         37                          37                        37                         37                                 37                               37                        37                                 37                                    37                                  37
 DP3-0282                                    0                               0                                       0                                        0                                    0                              5                                  4                                4                              4                        190                         190                       190                        190                                190                              190                         0                                  0                                     0                                 190
 DP3-0283                                    0                               0                                       0                                        0                                    0                              6                                  6                                6                              6                          5                           5                         5                          5                                  4                                4                         0                                  0                                     0                                   4
 DP3-0284                                    0                               0                                       0                                        0                                    0                              3                                  3                                3                              3                          3                           3                         3                          3                                  1                                1                         0                                  0                                     0                                   1
 DP3-0285                                    0                               0                                       0                                        0                                    0                              3                                  3                                3                              3                          5                           5                         5                          5                                  2                                2                         0                                  0                                     0                                   2
 DP3-0287                                    0                               0                                       0                                        0                                    0                              5                                  2                                2                              2                          5                           5                         5                          5                                  5                                5                         0                                  0                                     0                                   5
 DP3-0290                                   33                              33                                      33                                       33                                   33                             33                                 33                               33                             33                         33                          33                        33                         33                                 33                               33                        33                                 33                                    33                                  33
 DP3-0292                                  100                             100                                     100                                      100                                  100                            100                                100                              100                            100                        100                         100                       100                        100                                100                              100                       100                                100                                   100                                 100
 DP3-0293                                  141                             141                                     141                                      141                                  141                            141                                141                              141                            141                        141                         141                       141                        141                                141                              141                       141                                141                                   141                                 141
 DP3-0294                                    0                               0                                       0                                        0                                    0                              1                                  1                                1                              1                          2                           2                         2                          2                                  1                                1                         0                                  0                                     0                                   1
 DP3-0295                                    0                               0                                       0                                        0                                    0                            163                                163                              163                            163                        163                         163                       163                        163                                163                              163                         0                                  0                                     0                                 163
 DP3-0296                                    0                               0                                       0                                        0                                    0                              3                                  2                                2                              2                        179                         179                       179                        179                                179                              179                         0                                  0                                     0                                 179
 DP3-0297                                   54                              54                                      54                                       54                                   54                             54                                 54                               54                             54                         54                          54                        54                         54                                 54                               54                        54                                 54                                    54                                  54
DP3-0298E                                    0                               0                                       0                                        0                                    0                            194                                194                              194                            194                          2                           2                         2                          2                                  1                                1                         0                                  0                                     0                                   1
DP3-0299E                                    0                               0                                       0                                        0                                    0                              2                                  2                                2                              2                          2                           2                         2                          2                                  2                                2                         0                                  0                                     0                                   2
 DP3-0300                                   74                              74                                      74                                       74                                   74                             74                                 74                               74                             74                         74                          74                        74                         74                                 74                               74                        74                                 74                                    74                                  74
 DP3-0301                                    0                               0                                       0                                        0                                    0                              2                                  2                                2                              2                          1                           1                         1                          1                                  0                                0                         0                                  0                                     0                                   0
 DP3-0302                                    5                               5                                       5                                        5                                    5                              6                                  2                                2                              2                          6                           6                         6                          6                                  6                                6                         5                                  5                                     5                                   6
DP3-0303E                                    0                               0                                       0                                        0                                    0                              4                                  4                                4                              4                          3                           3                         3                          3                                  2                                2                         0                                  0                                     0                                   2
 DP3-0304                                    0                               0                                       0                                        0                                    0                              6                                  6                                6                              6                          3                           3                         3                          3                                  3                                3                         0                                  0                                     0                                   3
 DP3-0305                                    0                               0                                       0                                        0                                    0                              2                                  2                                2                              2                          2                           2                         2                          2                                  1                                1                         0                                  0                                     0                                   1
 DP3-0306                                    0                               0                                       0                                        0                                    0                              3                                  2                                2                              2                        183                         183                       183                        183                                183                              183                         0                                  0                                     0                                 183
 DP3-0308                                    0                               0                                       0                                        0                                    0                              2                                  2                                2                              2                          1                           1                         1                          1                                  1                                1                         0                                  0                                     0                                   1
 DP3-0309                                    0                               0                                       0                                        0                                    0                              1                                  1                                1                              1                          1                           1                         1                          1                                  1                                1                         0                                  0                                     0                                   1
 DP3-0310                                    0                               0                                       0                                        0                                    0                            175                                175                              175                            175                        175                         175                       175                        175                                175                              175                         0                                  0                                     0                                 175
 DP3-0311                                    0                               0                                       0                                        0                                    0                            112                                112                              112                            112                        112                         112                       112                        112                                112                              112                         0                                  0                                     0                                 112
 DP3-0312                                  152                             152                                     152                                      152                                  152                            152                                152                              152                            152                        152                         152                       152                        152                                152                              152                       152                                152                                   152                                 152
 DP3-0313                                    1                               1                                       1                                        1                                    1                              5                                  4                                4                              4                        162                         162                       162                        162                                162                              162                         1                                  1                                     1                                 162
 DP3-0314                                   98                              98                                      98                                       98                                   98                             13                                  3                                3                              3                         98                          98                        98                         98                                 98                               98                        98                                 98                                    98                                  98
 DP3-0315                                    0                               0                                       0                                        0                                    0                              2                                  2                                2                              2                          1                           1                         1                          1                                  1                                1                         0                                  0                                     0                                   1
 DP3-0316                                  161                             161                                     161                                      161                                  161                            161                                161                              161                            161                        161                         161                       161                        161                                161                              161                       161                                161                                   161                                 161
 DP3-0318                                    0                               0                                       0                                        0                                    0                              8                                  6                                6                              6                        172                         172                       172                        172                                172                              172                         0                                  0                                     0                                 172
 DP3-0319                                    0                               0                                       0                                        0                                    0                              3                                  3                                3                              3                         14                          14                        14                         14                                 14                               14                         0                                  0                                     0                                  14
 DP3-0320                                    0                               0                                       0                                        0                                    0                              4                                  4                                4                              4                          5                           5                         5                          5                                  5                                5                         0                                  0                                     0                                   5
 DP3-0323                                    1                               1                                       1                                        1                                    1                              4                                  4                                4                              4                        184                         184                       184                        184                                184                              184                         1                                  1                                     1                                 184
 DP3-0324                                    0                               0                                       0                                        0                                    0                              1                                  1                                1                              1                          2                           2                         2                          2                                  1                                1                         0                                  0                                     0                                   1
 DP3-0326                                  159                             159                                     159                                      159                                  159                            159                                159                              159                            159                        159                         159                       159                        159                                159                              159                       159                                159                                   159                                 159
 DP3-0327                                    1                               1                                       1                                        1                                    1                              5                                  4                                4                              4                          2                           2                         2                          2                                  1                                1                         1                                  1                                     1                                   1
 DP3-0328                                  122                             122                                     122                                      122                                  122                            122                                122                              122                            122                        122                         122                       122                        122                                122                              122                       122                                122                                   122                                 122
 DP3-0330                                    0                               0                                       0                                        0                                    0                              2                                  2                                2                              2                        158                         158                       158                        158                                158                              158                         0                                  0                                     0                                 158
 DP3-0332                                  164                             164                                     164                                      164                                  164                            164                                164                              164                            164                        164                         164                       164                        164                                164                              164                       164                                164                                   164                                 164
 DP3-0333                                    0                               0                                       0                                        0                                    0                              4                                  4                                4                              4                          3                           3                         3                          3                                  3                                3                         0                                  0                                     0                                   3
 DP3-0334                                   73                              73                                      73                                       73                                   73                             73                                 73                               73                             73                          3                           3                         3                          3                                 73                               73                        73                                 73                                    73                                  73
 DP3-0335                                   61                              61                                      61                                       61                                   61                             61                                 61                               61                             61                         61                          61                        61                         61                                 61                               61                        61                                 61                                    61                                  61
 DP3-0336                                  202                             202                                     202                                      202                                  202                            202                                202                              202                            202                        202                         202                       202                        202                                202                              202                       202                                202                                   202                                 202
 DP3-0338                                    0                               0                                       0                                        0                                    0                            181                                181                              181                            181                        181                         181                       181                        181                                181                              181                         0                                  0                                     0                                 181
 DP3-0339                                   63                              63                                      63                                       63                                   63                             63                                 63                               63                             63                         63                          63                        63                         63                                 63                               63                        63                                 63                                    63                                  63
 DP3-0340                                  224                             224                                     224                                      224                                  224                            224                                224                              224                            224                        224                         224                       224                        224                                224                              224                       224                                224                                   224                                 224
 DP3-0342                                    0                               0                                       0                                        0                                    0                              3                                  3                                3                              3                          3                           3                         3                          3                                  1                                1                         0                                  0                                     0                                   1
 DP3-0343                                  164                             164                                     164                                      164                                  164                            164                                164                              164                            164                        164                         164                       164                        164                                164                              164                       164                                164                                   164                                 164
 DP3-0344                                    0                               0                                       0                                        0                                    0                              1                                  1                                1                              1                          2                           2                         2                          2                                  2                                2                         0                                  0                                     0                                   2
 DP3-0346                                  226                             226                                     226                                      226                                  226                            226                                226                              226                            226                        226                         226                       226                        226                                226                              226                       226                                226                                   226                                 226
 DP3-0347                                    0                               0                                       0                                        0                                    0                             11                                  5                                5                              5                          4                           4                         4                          4                                  4                                4                         0                                  0                                     0                                   4
 DP3-0348                                  177                             177                                     177                                      177                                  177                            177                                177                              177                            177                        177                         177                       177                        177                                177                              177                       177                                177                                   177                                 177
DP3-0350E                                    1                               1                                       1                                        1                                    1                              2                                  2                                2                              2                          2                           2                         2                          2                                  2                                2                         1                                  1                                     1                                   2
 DP3-0351                                  227                             227                                     227                                      227                                  227                            227                                227                              227                            227                        227                         227                       227                        227                                227                              227                       227                                227                                   227                                 227
 DP3-0352                                  189                             189                                     189                                      189                                  189                            189                                189                              189                            189                        189                         189                       189                        189                                189                              189                       189                                189                                   189                                 189
 DP3-0353                                    0                               0                                       0                                        0                                    0                              5                                  2                                2                              2                          2                           2                         2                          2                                  2                                2                         0                                  0                                     0                                   2
 DP3-0354                                    0                               0                                       0                                        0                                    0                              3                                  1                                1                              1                          6                           6                         6                          6                                  6                                6                         0                                  0                                     0                                   6
 DP3-0355                                   83                              83                                      83                                       83                                   83                             83                                 83                               83                             83                         83                          83                        83                         83                                 83                               83                        83                                 83                                    83                                  83
DP3-0356E                                  246                             246                                     246                                      246                                  246                            246                                246                              246                            246                        246                         246                       246                        246                                246                              246                       246                                246                                   246                                 246
 DP3-0357                                    0                               0                                       0                                        0                                    0                            159                                159                              159                            159                        159                         159                       159                        159                                159                              159                         0                                  0                                     0                                 159
 DP3-0359                                    0                               0                                       0                                        0                                    0                              0                                  0                                0                              0                          1                           1                         1                          1                                  1                                1                         0                                  0                                     0                                   1
DP3-0360E                                    0                               0                                       0                                        0                                    0                              2                                  1                                1                              1                          3                           3                         3                          3                                  2                                2                         0                                  0                                     0                                   2
 DP3-0361                                    0                               0                                       0                                        0                                    0                              2                                  2                                2                              2                          1                           1                         1                          1                                  1                                1                         0                                  0                                     0                                   1
DP3-0362E                                   63                              63                                      63                                       63                                   63                             63                                 63                               63                             63                         63                          63                        63                         63                                 63                               63                        63                                 63                                    63                                  63
 DP3-0363                                  158                             158                                     158                                      158                                  158                            158                                158                              158                            158                        158                         158                       158                        158                                158                              158                       158                                158                                   158                                 158
 DP3-0364                                  206                             206                                     206                                      206                                  206                            206                                206                              206                            206                        206                         206                       206                        206                                206                              206                       206                                206                                   206                                 206
 DP3-0366                                   21                              21                                      21                                       21                                   21                             21                                 21                               21                             21                         21                          21                        21                         21                                 21                               21                        21                                 21                                    21                                  21
 DP3-0368                                  107                             107                                     107                                      107                                  107                            107                                107                              107                            107                        107                         107                       107                        107                                107                              107                       107                                107                                   107                                 107
 DP3-0369                                    0                               0                                       0                                        0                                    0                              2                                  2                                2                              2                          2                           2                         2                          2                                  2                                2                         0                                  0                                     0                                   2
DP3-0371E                                    0                               0                                       0                                        0                                    0                              2                                  2                                2                              2                          1                           1                         1                          1                                  1                                1                         0                                  0                                     0                                   1
 DP3-0372                                    0                               0                                       0                                        0                                    0                              6                                  6                                6                              6                          2                           2                         2                          2                                  1                                1                         0                                  0                                     0                                   1
 DP3-0373                                  224                             224                                     224                                      224                                  224                            224                                224                              224                            224                        224                         224                       224                        224                                224                              224                       224                                224                                   224                                 224
 DP3-0374                                  181                             181                                     181                                      181                                  181                            181                                181                              181                            181                        181                         181                       181                        181                                181                              181                       181                                181                                   181                                 181
DP3-0375E                                    3                               3                                       3                                        3                                    3                              2                                  1                                1                              1                        122                         122                       122                        122                                122                              122                         3                                  3                                     3                                 122
DP3-0376E                                    0                               0                                       0                                        0                                    0                              1                                  0                                0                              0                          2                           2                         2                          2                                  2                                2                         0                                  0                                     0                                   2
DP3-0377E                                  154                             154                                     154                                      154                                  154                            154                                154                              154                            154                        154                         154                       154                        154                                154                              154                       154                                154                                   154                                 154
DP3-0378E                                    0                               0                                       0                                        0                                    0                              1                                  1                                1                              1                          2                           2                         2                          2                                  2                                2                         0                                  0                                     0                                   2
 DP3-0379                                   61                              61                                      61                                       61                                   61                             61                                 61                               61                             61                         61                          61                        61                         61                                 61                               61                        61                                 61                                    61                                  61
 DP3-0381                                    0                               0                                       0                                        0                                    0                              5                                  5                                5                              5                          2                           2                         2                          2                                  2                                2                         0                                  0                                     0                                   2
 DP3-0385                                  188                             188                                     188                                      188                                  188                            188                                188                              188                            188                        188                         188                       188                        188                                188                              188                       188                                188                                   188                                 188
 DP3-0386                                   79                              79                                      79                                       79                                   79                             79                                 79                               79                             79                         79                          79                        79                         79                                 79                               79                        79                                 79                                    79                                  79
 DP3-0387                                  164                             164                                     164                                      164                                  164                              4                                  4                                4                              4                        164                         164                       164                        164                                164                              164                       164                                164                                   164                                 164
 DP3-0388                                   80                              80                                      80                                       80                                   80                             80                                 80                               80                             80                         80                          80                        80                         80                                 80                               80                        80                                 80                                    80                                  80
 DP3-0389                                  200                             200                                     200                                      200                                  200                            200                                200                              200                            200                        200                         200                       200                        200                                200                              200                       200                                200                                   200                                 200
 DP3-0390                                  140                             140                                     140                                      140                                  140                            140                                140                              140                            140                        140                         140                       140                        140                                140                              140                       140                                140                                   140                                 140
 DP3-0392                                    0                               0                                       0                                        0                                    0                            146                                146                              146                            146                        146                         146                       146                        146                                146                              146                         0                                  0                                     0                                 146
DP3-0393E                                   27                              27                                      27                                       27                                   27                             27                                 27                               27                             27                         27                          27                        27                         27                                 27                               27                        27                                 27                                    27                                  27
 DP3-0394                                  178                             178                                     178                                      178                                  178                            178                                178                              178                            178                        178                         178                       178                        178                                178                              178                       178                                178                                   178                                 178
 DP3-0396                                  120                             120                                     120                                      120                                  120                            120                                120                              120                            120                        120                         120                       120                        120                                120                              120                       120                                120                                   120                                 120
 DP3-0397                                    3                               3                                       3                                        3                                    3                              4                                  2                                2                              2                        167                         167                       167                        167                                167                              167                         3                                  3                                     3                                 167
DP3-0398E                                    0                               0                                       0                                        0                                    0                              2                                  1                                1                              1                         24                          24                        24                         24                                 24                               24                         0                                  0                                     0                                  24
 DP3-0399                                    1                               1                                       1                                        1                                    1                            131                                131                              131                            131                        131                         131                       131                        131                                131                              131                         1                                  1                                     1                                 131
DP3-0400E                                    0                               0                                       0                                        0                                    0                            146                                146                              146                            146                        146                         146                       146                        146                                146                              146                         0                                  0                                     0                                 146
 DP3-0404                                   50                              50                                      50                                       50                                   50                             50                                 50                               50                             50                         50                          50                        50                         50                                 50                               50                        50                                 50                                    50                                  50
 DP3-0405                                  171                             171                                     171                                      171                                  171                            171                                171                              171                            171                        171                         171                       171                        171                                171                              171                       171                                171                                   171                                 171
DP3-0406E                                    4                               4                                       4                                        4                                    4                              6                                  3                                3                              3                        118                         118                       118                        118                                118                              118                         4                                  4                                     4                                 118
 DP3-0407                                    0                               0                                       0                                        0                                    0                              1                                  0                                0                              0                          1                           1                         1                          1                                  1                                1                         0                                  0                                     0                                   1
 DP3-0409                                    0                               0                                       0                                        0                                    0                            144                                144                              144                            144                          5                           5                         5                          5                                  5                                5                         0                                  0                                     0                                   5
DP3-0410E                                  112                             112                                     112                                      112                                  112                            112                                112                              112                            112                        112                         112                       112                        112                                112                              112                       112                                112                                   112                                 112
DP3-0412E                                  134                             134                                     134                                      134                                  134                            134                                134                              134                            134                        134                         134                       134                        134                                134                              134                       134                                134                                   134                                 134
DP3-0413E                                  201                             201                                     201                                      201                                  201                             13                                  1                                1                              1                        201                         201                       201                        201                                201                              201                       201                                201                                   201                                 201
DP3-0414E                                  137                             137                                     137                                      137                                  137                            137                                137                              137                            137                        137                         137                       137                        137                                137                              137                       137                                137                                   137                                 137
DP3-0415E                                   52                              52                                      52                                       52                                   52                             52                                 52                               52                             52                         52                          52                        52                         52                                 52                               52                        52                                 52                                    52                                  52
 DP3-0416                                    0                               0                                       0                                        0                                    0                              3                                  2                                2                              2                          1                           1                         1                          1                                  0                                0                         0                                  0                                     0                                   0
DP3-0417E                                  170                             170                                     170                                      170                                  170                            170                                170                              170                            170                        170                         170                       170                        170                                170                              170                       170                                170                                   170                                 170
 DP3-0418                                    0                               0                                       0                                        0                                    0                              1                                  1                                1                              1                          4                           4                         4                          4                                  2                                2                         0                                  0                                     0                                   2
 DP3-0419                                   41                              41                                      41                                       41                                   41                             41                                 41                               41                             41                         41                          41                        41                         41                                 41                               41                        41                                 41                                    41                                  41
 DP3-0420                                    0                               0                                       0                                        0                                    0                              5                                  5                                5                              5                          2                           2                         2                          2                                  1                                1                         0                                  0                                     0                                   1
 DP3-0421                                    0                               0                                       0                                        0                                    0                              0                                  0                                0                              0                          1                           1                         1                          1                                  1                                1                         0                                  0                                     0                                   1
DP3-0422E                                    0                               0                                       0                                        0                                    0                              1                                  1                                1                              1                          1                           1                         1                          1                                  1                                1                         0                                  0                                     0                                   1
DP3-0423E                                   54                              54                                      54                                       54                                   54                             54                                 54                               54                             54                         54                          54                        54                         54                                 54                               54                        54                                 54                                    54                                  54
 DP3-0424                                  116                             116                                     116                                      116                                  116                            116                                116                              116                            116                        116                         116                       116                        116                                116                              116                       116                                116                                   116                                 116
 DP3-0425                                    0                               0                                       0                                        0                                    0                            112                                112                              112                            112                         20                          20                        20                         20                                  1                                1                         0                                  0                                     0                                   1
 DP3-0426                                   46                              46                                      46                                       46                                   46                             46                                 46                               46                             46                         46                          46                        46                         46                                 46                               46                        46                                 46                                    46                                  46
DP3-0427E                                   93                              93                                      93                                       93                                   93                             93                                 93                               93                             93                         93                          93                        93                         93                                 93                               93                        93                                 93                                    93                                  93
 DP3-0428                                    0                               0                                       0                                        0                                    0                              5                                  3                                3                              3                          3                           3                         3                          3                                  3                                3                         0                                  0                                     0                                   3
 DP3-0429                                    0                               0                                       0                                        0                                    0                              3                                  1                                1                              1                        160                         160                       160                        160                                160                              160                         0                                  0                                     0                                 160
 DP3-0431                                    2                               2                                       2                                        2                                    2                              5                                  1                                1                              1                        166                         166                       166                        166                                166                              166                         2                                  2                                     2                                 166
DP3-0432E                                    0                               0                                       0                                        0                                    0                             16                                  5                                5                              5                        120                         120                       120                        120                                120                              120                         0                                  0                                     0                                 120
DP3-0433E                                    1                               1                                       1                                        1                                    1                              2                                  2                                2                              2                          2                           2                         2                          2                                  2                                2                         1                                  1                                     1                                   2
 DP3-0434                                   61                              61                                      61                                       61                                   61                             61                                 61                               61                             61                         61                          61                        61                         61                                 61                               61                        61                                 61                                    61                                  61
DP3-0435E                                    1                               1                                       1                                        1                                    1                              1                                  1                                1                              1                        192                         192                       192                        192                                192                              192                         1                                  1                                     1                                 192


Total number of unique dates recorded across all patients: 1278


Summary statistics by metric:
                                Feature      Median         IQR
    activities_summary_activitycalories  801.000000  580.000000
         activities_summary_caloriesout 2062.000000  593.000000
 activities_summary_fairlyactiveminutes    0.000000   11.000000
activities_summary_lightlyactiveminutes  227.000000  145.000000
    activities_summary_sedentaryminutes  712.000000  250.000000
          heart_rate_resting_heart_rate   74.000000   12.000000
      heart_rate_zone:_fat_burn_minutes   10.000000   19.000000
        heart_rate_zone:_cardio_minutes    0.000000    0.000000
          heart_rate_zone:_peak_minutes    0.000000    0.000000
              sleep_summary_stages_deep   61.000000   34.000000
             sleep_summary_stages_light  272.000000   80.000000
               sleep_summary_stages_rem   90.000000   43.000000
              sleep_summary_stages_wake   61.000000   25.000000
      sleep_summary_total_sleep_records    1.000000    0.000000
        sleep_summary_total_time_in_bed  503.000000  116.000000
               activities_summary_steps 5508.000000 4701.250000
      activities_summary_totaldistances    3.470000    3.300000
   activities_summary_veryactiveminutes    0.000000    5.000000
     sleep_summary_total_minutes_asleep  440.000000  101.000000
        gestational_age_by_reported_lmp   11.000000    3.200000
                           gest_age_del   39.142857    1.714286


Number of unique patients per timeframe:
                            Timeframe  Patient Count
                      First Trimester            189
               Early Second Trimester            209
Late Second and Early Third Trimester            189
                 Late Third Trimester            162


Which patients contributed valid data for at least 80% of their pregnancy, per feature:
       id  activities_summary_activitycalories  activities_summary_caloriesout  activities_summary_fairlyactiveminutes  activities_summary_lightlyactiveminutes  activities_summary_sedentaryminutes  heart_rate_resting_heart_rate  heart_rate_zone:_fat_burn_minutes  heart_rate_zone:_cardio_minutes  heart_rate_zone:_peak_minutes  sleep_summary_stages_deep  sleep_summary_stages_light  sleep_summary_stages_rem  sleep_summary_stages_wake  sleep_summary_total_sleep_records  sleep_summary_total_time_in_bed  activities_summary_steps  activities_summary_totaldistances  activities_summary_veryactiveminutes  sleep_summary_total_minutes_asleep
 DP3-0001                                False                           False                                   False                                    False                                False                          False                              False                            False                          False                      False                       False                     False                      False                              False                            False                     False                              False                                 False                               False
 DP3-0002                                False                           False                                   False                                    False                                False                          False                              False                            False                          False                      False                       False                     False                      False                              False                            False                     False                              False                                 False                               False
 DP3-0003                                False                           False                                   False                                    False                                False                          False                              False                            False                          False                      False                       False                     False                      False                              False                            False                     False                              False                                 False                               False
 DP3-0004                                False                           False                                   False                                    False                                False                          False                              False                            False                          False                      False                       False                     False                      False                              False                            False                     False                              False                                 False                               False
 DP3-0005                                False                           False                                   False                                    False                                False                          False                              False                            False                          False                      False                       False                     False                      False                              False                            False                     False                              False                                 False                               False
 DP3-0006                                 True                            True                                    True                                     True                                 True                           True                               True                             True                           True                       True                        True                      True                       True                               True                             True                      True                               True                                  True                                True
 DP3-0008                                False                           False                                   False                                    False                                False                          False                              False                            False                          False                      False                       False                     False                      False                              False                            False                     False                              False                                 False                               False
 DP3-0009                                 True                            True                                    True                                     True                                 True                          False                               True                             True                           True                       True                        True                      True                       True                               True                             True                      True                               True                                  True                                True
 DP3-0012                                 True                            True                                    True                                     True                                 True                           True                               True                             True                           True                      False                       False                     False                      False                              False                            False                      True                               True                                  True                               False
 DP3-0013                                 True                            True                                    True                                     True                                 True                           True                               True                             True                           True                      False                       False                     False                      False                               True                             True                      True                               True                                  True                                True
 DP3-0015                                False                           False                                   False                                    False                                False                          False                              False                            False                          False                      False                       False                     False                      False                              False                            False                     False                              False                                 False                               False
 DP3-0017                                False                           False                                   False                                    False                                False                          False                              False                            False                          False                      False                       False                     False                      False                              False                            False                     False                              False                                 False                               False
 DP3-0018                                False                           False                                   False                                    False                                False                          False                               True                             True                           True                      False                       False                     False                      False                              False                            False                     False                              False                                 False                               False
 DP3-0019                                False                           False                                   False                                    False                                False                          False                              False                            False                          False                      False                       False                     False                      False                              False                            False                     False                              False                                 False                               False
 DP3-0020                                False                           False                                   False                                    False                                False                          False                              False                            False                          False                      False                       False                     False                      False                              False                            False                     False                              False                                 False                               False
 DP3-0021                                False                           False                                   False                                    False                                False                          False                              False                            False                          False                      False                       False                     False                      False                              False                            False                     False                              False                                 False                               False
 DP3-0022                                False                           False                                   False                                    False                                False                          False                              False                            False                          False                      False                       False                     False                      False                              False                            False                     False                              False                                 False                               False
 DP3-0024                                 True                            True                                    True                                     True                                 True                           True                               True                             True                           True                      False                       False                     False                      False                              False                            False                      True                               True                                  True                               False
 DP3-0025                                False                           False                                   False                                    False                                False                          False                              False                            False                          False                      False                       False                     False                      False                              False                            False                     False                              False                                 False                               False
 DP3-0027                                False                           False                                   False                                    False                                False                          False                              False                            False                          False                      False                       False                     False                      False                              False                            False                     False                              False                                 False                               False
 DP3-0028                                 True                            True                                    True                                     True                                 True                          False                              False                            False                          False                       True                        True                      True                       True                               True                             True                      True                               True                                  True                                True
DP3-0029E                                False                           False                                   False                                    False                                False                          False                              False                            False                          False                      False                       False                     False                      False                              False                            False                     False                              False                                 False                               False
 DP3-0032                                False                           False                                   False                                    False                                False                          False                              False                            False                          False                      False                       False                     False                      False                              False                            False                     False                              False                                 False                               False
DP3-0033E                                False                           False                                   False                                    False                                False                          False                              False                            False                          False                      False                       False                     False                      False                              False                            False                     False                              False                                 False                               False
 DP3-0034                                 True                            True                                    True                                     True                                 True                           True                               True                             True                           True                       True                        True                      True                       True                               True                             True                      True                               True                                  True                                True
 DP3-0036                                 True                            True                                    True                                     True                                 True                          False                              False                            False                          False                      False                       False                     False                      False                              False                            False                      True                               True                                  True                               False
 DP3-0037                                False                           False                                   False                                    False                                False                          False                              False                            False                          False                      False                       False                     False                      False                              False                            False                     False                              False                                 False                               False
 DP3-0038                                 True                            True                                    True                                     True                                 True                          False                              False                            False                          False                       True                        True                      True                       True                               True                             True                      True                               True                                  True                                True
DP3-0039E                                 True                            True                                    True                                     True                                 True                           True                               True                             True                           True                      False                       False                     False                      False                              False                            False                      True                               True                                  True                               False
 DP3-0040                                False                           False                                   False                                    False                                False                          False                              False                            False                          False                      False                       False                     False                      False                              False                            False                     False                              False                                 False                               False
DP3-0041E                                 True                            True                                    True                                     True                                 True                           True                               True                             True                           True                       True                        True                      True                       True                               True                             True                      True                               True                                  True                                True
 DP3-0042                                 True                            True                                    True                                     True                                 True                          False                              False                            False                          False                      False                       False                     False                      False                              False                            False                      True                               True                                  True                               False
 DP3-0043                                False                           False                                   False                                    False                                False                          False                              False                            False                          False                      False                       False                     False                      False                              False                            False                     False                              False                                 False                               False
 DP3-0044                                False                           False                                   False                                    False                                False                          False                              False                            False                          False                      False                       False                     False                      False                              False                            False                     False                              False                                 False                               False
 DP3-0045                                 True                            True                                    True                                     True                                 True                          False                              False                            False                          False                       True                        True                      True                       True                               True                             True                      True                               True                                  True                                True
 DP3-0046                                False                           False                                   False                                    False                                False                          False                              False                            False                          False                      False                       False                     False                      False                              False                            False                     False                              False                                 False                               False
 DP3-0048                                False                           False                                   False                                    False                                False                          False                              False                            False                          False                      False                       False                     False                      False                              False                            False                     False                              False                                 False                               False
DP3-0049E                                False                           False                                   False                                    False                                False                          False                              False                            False                          False                      False                       False                     False                      False                              False                            False                     False                              False                                 False                               False
 DP3-0050                                False                           False                                   False                                    False                                False                          False                              False                            False                          False                      False                       False                     False                      False                              False                            False                     False                              False                                 False                               False
 DP3-0051                                 True                            True                                    True                                     True                                 True                          False                              False                            False                          False                       True                        True                      True                       True                               True                             True                      True                               True                                  True                                True
DP3-0052E                                False                           False                                   False                                    False                                False                          False                              False                            False                          False                      False                       False                     False                      False                              False                            False                     False                              False                                 False                               False
 DP3-0053                                False                           False                                   False                                    False                                False                          False                              False                            False                          False                      False                       False                     False                      False                              False                            False                     False                              False                                 False                               False
 DP3-0054                                 True                            True                                    True                                     True                                 True                           True                               True                             True                           True                       True                        True                      True                       True                               True                             True                      True                               True                                  True                                True
DP3-0055E                                False                           False                                   False                                    False                                False                          False                              False                            False                          False                      False                       False                     False                      False                              False                            False                     False                              False                                 False                               False
 DP3-0056                                False                           False                                   False                                    False                                False                          False                              False                            False                          False                      False                       False                     False                      False                              False                            False                     False                              False                                 False                               False
 DP3-0057                                False                           False                                   False                                    False                                False                          False                              False                            False                          False                      False                       False                     False                      False                              False                            False                     False                              False                                 False                               False
DP3-0060E                                False                           False                                   False                                    False                                False                          False                              False                            False                          False                      False                       False                     False                      False                              False                            False                     False                              False                                 False                               False
 DP3-0062                                 True                            True                                    True                                     True                                 True                           True                               True                             True                           True                       True                        True                      True                       True                               True                             True                      True                               True                                  True                                True
 DP3-0064                                 True                            True                                    True                                     True                                 True                          False                              False                            False                          False                       True                        True                      True                       True                               True                             True                      True                               True                                  True                                True
 DP3-0065                                False                           False                                   False                                    False                                False                          False                              False                            False                          False                      False                       False                     False                      False                              False                            False                     False                              False                                 False                               False
 DP3-0066                                False                           False                                   False                                    False                                False                          False                              False                            False                          False                      False                       False                     False                      False                              False                            False                     False                              False                                 False                               False
 DP3-0068                                False                           False                                   False                                    False                                False                          False                              False                            False                          False                      False                       False                     False                      False                              False                            False                     False                              False                                 False                               False
DP3-0069E                                False                           False                                   False                                    False                                False                          False                              False                            False                          False                      False                       False                     False                      False                              False                            False                     False                              False                                 False                               False
 DP3-0070                                False                           False                                   False                                    False                                False                          False                              False                            False                          False                      False                       False                     False                      False                              False                            False                     False                              False                                 False                               False
 DP3-0071                                 True                            True                                    True                                     True                                 True                          False                              False                            False                          False                      False                       False                     False                      False                              False                            False                      True                               True                                  True                               False
 DP3-0072                                False                           False                                   False                                    False                                False                          False                              False                            False                          False                      False                       False                     False                      False                              False                            False                     False                              False                                 False                               False
DP3-0073E                                False                           False                                   False                                    False                                False                          False                              False                            False                          False                      False                       False                     False                      False                              False                            False                     False                              False                                 False                               False
 DP3-0074                                 True                            True                                    True                                     True                                 True                           True                               True                             True                           True                       True                        True                      True                       True                               True                             True                      True                               True                                  True                                True
 DP3-0075                                 True                            True                                    True                                     True                                 True                           True                               True                             True                           True                       True                        True                      True                       True                               True                             True                      True                               True                                  True                                True
DP3-0076E                                False                           False                                   False                                    False                                False                          False                              False                            False                          False                      False                       False                     False                      False                              False                            False                     False                              False                                 False                               False
 DP3-0077                                False                           False                                   False                                    False                                False                          False                              False                            False                          False                      False                       False                     False                      False                              False                            False                     False                              False                                 False                               False
 DP3-0080                                 True                            True                                    True                                     True                                 True                          False                              False                            False                          False                       True                        True                      True                       True                               True                             True                      True                               True                                  True                                True
 DP3-0082                                 True                            True                                    True                                     True                                 True                          False                              False                            False                          False                      False                       False                     False                      False                              False                            False                      True                               True                                  True                               False
DP3-0083E                                 True                            True                                    True                                     True                                 True                           True                               True                             True                           True                       True                        True                      True                       True                               True                             True                      True                               True                                  True                                True
 DP3-0084                                False                           False                                   False                                    False                                False                          False                              False                            False                          False                      False                       False                     False                      False                              False                            False                     False                              False                                 False                               False
 DP3-0085                                 True                            True                                    True                                     True                                 True                          False                              False                            False                          False                      False                       False                     False                      False                               True                             True                      True                               True                                  True                                True
DP3-0086E                                 True                            True                                    True                                     True                                 True                           True                               True                             True                           True                      False                       False                     False                      False                              False                            False                      True                               True                                  True                               False
 DP3-0087                                 True                            True                                    True                                     True                                 True                          False                              False                            False                          False                       True                        True                      True                       True                               True                             True                      True                               True                                  True                                True
DP3-0088E                                False                           False                                   False                                    False                                False                          False                              False                            False                          False                      False                       False                     False                      False                              False                            False                     False                              False                                 False                               False
DP3-0091E                                False                           False                                   False                                    False                                False                          False                              False                            False                          False                      False                       False                     False                      False                              False                            False                     False                              False                                 False                               False
 DP3-0092                                False                           False                                   False                                    False                                False                          False                              False                            False                          False                      False                       False                     False                      False                              False                            False                     False                              False                                 False                               False
 DP3-0093                                False                           False                                   False                                    False                                False                          False                              False                            False                          False                      False                       False                     False                      False                              False                            False                     False                              False                                 False                               False
 DP3-0094                                False                           False                                   False                                    False                                False                          False                              False                            False                          False                      False                       False                     False                      False                              False                            False                     False                              False                                 False                               False
 DP3-0097                                False                           False                                   False                                    False                                False                          False                              False                            False                          False                      False                       False                     False                      False                              False                            False                     False                              False                                 False                               False
DP3-0100E                                 True                            True                                    True                                     True                                 True                           True                               True                             True                           True                       True                        True                      True                       True                               True                             True                      True                               True                                  True                                True
 DP3-0101                                 True                            True                                    True                                     True                                 True                           True                               True                             True                           True                      False                       False                     False                      False                               True                             True                      True                               True                                  True                                True
 DP3-0104                                False                           False                                   False                                    False                                False                          False                              False                            False                          False                      False                       False                     False                      False                              False                            False                     False                              False                                 False                               False
 DP3-0105                                 True                            True                                    True                                     True                                 True                           True                               True                             True                           True                       True                        True                      True                       True                               True                             True                      True                               True                                  True                                True
 DP3-0107                                 True                            True                                    True                                     True                                 True                          False                              False                            False                          False                      False                       False                     False                      False                              False                            False                      True                               True                                  True                               False
 DP3-0108                                 True                            True                                    True                                     True                                 True                          False                              False                            False                          False                      False                       False                     False                      False                              False                            False                      True                               True                                  True                               False
 DP3-0109                                False                           False                                   False                                    False                                False                          False                              False                            False                          False                      False                       False                     False                      False                              False                            False                     False                              False                                 False                               False
 DP3-0111                                 True                            True                                    True                                     True                                 True                          False                              False                            False                          False                      False                       False                     False                      False                              False                            False                      True                               True                                  True                               False
 DP3-0112                                False                           False                                   False                                    False                                False                          False                              False                            False                          False                      False                       False                     False                      False                              False                            False                     False                              False                                 False                               False
 DP3-0113                                 True                            True                                    True                                     True                                 True                           True                               True                             True                           True                       True                        True                      True                       True                               True                             True                      True                               True                                  True                                True
 DP3-0116                                 True                            True                                    True                                     True                                 True                           True                               True                             True                           True                       True                        True                      True                       True                               True                             True                      True                               True                                  True                                True
 DP3-0117                                False                           False                                   False                                    False                                False                          False                              False                            False                          False                      False                       False                     False                      False                              False                            False                     False                              False                                 False                               False
DP3-0118E                                 True                            True                                    True                                     True                                 True                          False                              False                            False                          False                       True                        True                      True                       True                               True                             True                      True                               True                                  True                                True
DP3-0119E                                False                           False                                   False                                    False                                False                          False                              False                            False                          False                      False                       False                     False                      False                              False                            False                     False                              False                                 False                               False
 DP3-0120                                 True                            True                                    True                                     True                                 True                          False                              False                            False                          False                       True                        True                      True                       True                               True                             True                      True                               True                                  True                                True
 DP3-0121                                 True                            True                                    True                                     True                                 True                           True                               True                             True                           True                       True                        True                      True                       True                               True                             True                      True                               True                                  True                                True
 DP3-0123                                False                           False                                   False                                    False                                False                          False                              False                            False                          False                      False                       False                     False                      False                              False                            False                     False                              False                                 False                               False
 DP3-0124                                 True                            True                                    True                                     True                                 True                          False                              False                            False                          False                      False                       False                     False                      False                              False                            False                      True                               True                                  True                               False
 DP3-0125                                 True                            True                                    True                                     True                                 True                          False                              False                            False                          False                       True                        True                      True                       True                               True                             True                      True                               True                                  True                                True
 DP3-0126                                 True                            True                                    True                                     True                                 True                          False                              False                            False                          False                       True                        True                      True                       True                               True                             True                      True                               True                                  True                                True
 DP3-0127                                False                           False                                   False                                    False                                False                          False                              False                            False                          False                      False                       False                     False                      False                              False                            False                     False                              False                                 False                               False
 DP3-0128                                 True                            True                                    True                                     True                                 True                          False                              False                            False                          False                       True                        True                      True                       True                               True                             True                      True                               True                                  True                                True
 DP3-0129                                 True                            True                                    True                                     True                                 True                           True                               True                             True                           True                      False                       False                     False                      False                              False                            False                      True                               True                                  True                               False
DP3-0130E                                False                           False                                   False                                    False                                False                          False                              False                            False                          False                      False                       False                     False                      False                              False                            False                     False                              False                                 False                               False
 DP3-0133                                 True                            True                                    True                                     True                                 True                          False                              False                            False                          False                      False                       False                     False                      False                              False                            False                      True                               True                                  True                               False
DP3-0134E                                False                           False                                   False                                    False                                False                          False                               True                             True                           True                      False                       False                     False                      False                              False                            False                     False                              False                                 False                               False
DP3-0135E                                False                           False                                   False                                    False                                False                          False                              False                            False                          False                      False                       False                     False                      False                              False                            False                     False                              False                                 False                               False
DP3-0137E                                 True                            True                                    True                                     True                                 True                          False                              False                            False                          False                       True                        True                      True                       True                               True                             True                      True                               True                                  True                                True
DP3-0140E                                 True                            True                                    True                                     True                                 True                          False                              False                            False                          False                      False                       False                     False                      False                              False                            False                      True                               True                                  True                               False
 DP3-0142                                 True                            True                                    True                                     True                                 True                          False                              False                            False                          False                      False                       False                     False                      False                              False                            False                      True                               True                                  True                               False
 DP3-0143                                 True                            True                                    True                                     True                                 True                          False                              False                            False                          False                      False                       False                     False                      False                              False                            False                      True                               True                                  True                               False
 DP3-0144                                False                           False                                   False                                    False                                False                          False                              False                            False                          False                      False                       False                     False                      False                              False                            False                     False                              False                                 False                               False
DP3-0151E                                False                           False                                   False                                    False                                False                          False                              False                            False                          False                      False                       False                     False                      False                              False                            False                     False                              False                                 False                               False
 DP3-0152                                False                           False                                   False                                    False                                False                          False                              False                            False                          False                      False                       False                     False                      False                              False                            False                     False                              False                                 False                               False
DP3-0155E                                False                           False                                   False                                    False                                False                          False                              False                            False                          False                      False                       False                     False                      False                              False                            False                     False                              False                                 False                               False
 DP3-0156                                 True                            True                                    True                                     True                                 True                           True                               True                             True                           True                       True                        True                      True                       True                               True                             True                      True                               True                                  True                                True
 DP3-0157                                False                           False                                   False                                    False                                False                          False                              False                            False                          False                      False                       False                     False                      False                              False                            False                     False                              False                                 False                               False
 DP3-0158                                False                           False                                   False                                    False                                False                          False                              False                            False                          False                      False                       False                     False                      False                              False                            False                     False                              False                                 False                               False
 DP3-0160                                 True                            True                                    True                                     True                                 True                          False                              False                            False                          False                      False                       False                     False                      False                               True                             True                      True                               True                                  True                                True
 DP3-0161                                False                           False                                   False                                    False                                False                          False                              False                            False                          False                      False                       False                     False                      False                              False                            False                     False                              False                                 False                               False
 DP3-0162                                 True                            True                                    True                                     True                                 True                           True                               True                             True                           True                      False                       False                     False                      False                              False                            False                      True                               True                                  True                               False
DP3-0163E                                False                           False                                   False                                    False                                False                          False                              False                            False                          False                      False                       False                     False                      False                              False                            False                     False                              False                                 False                               False
 DP3-0164                                False                           False                                   False                                    False                                False                          False                              False                            False                          False                      False                       False                     False                      False                              False                            False                     False                              False                                 False                               False
DP3-0165E                                 True                            True                                    True                                     True                                 True                           True                               True                             True                           True                      False                       False                     False                      False                              False                            False                      True                               True                                  True                               False
 DP3-0166                                 True                            True                                    True                                     True                                 True                          False                              False                            False                          False                       True                        True                      True                       True                               True                             True                      True                               True                                  True                                True
DP3-0167E                                False                           False                                   False                                    False                                False                          False                              False                            False                          False                      False                       False                     False                      False                              False                            False                     False                              False                                 False                               False
 DP3-0168                                False                           False                                   False                                    False                                False                          False                              False                            False                          False                      False                       False                     False                      False                              False                            False                     False                              False                                 False                               False
 DP3-0169                                False                           False                                   False                                    False                                False                          False                              False                            False                          False                      False                       False                     False                      False                              False                            False                     False                              False                                 False                               False
DP3-0170E                                 True                            True                                    True                                     True                                 True                           True                               True                             True                           True                       True                        True                      True                       True                               True                             True                      True                               True                                  True                                True
 DP3-0171                                False                           False                                   False                                    False                                False                          False                              False                            False                          False                      False                       False                     False                      False                              False                            False                     False                              False                                 False                               False
 DP3-0172                                False                           False                                   False                                    False                                False                          False                              False                            False                          False                      False                       False                     False                      False                              False                            False                     False                              False                                 False                               False
DP3-0173E                                False                           False                                   False                                    False                                False                          False                              False                            False                          False                      False                       False                     False                      False                              False                            False                     False                              False                                 False                               False
 DP3-0174                                 True                            True                                    True                                     True                                 True                          False                              False                            False                          False                      False                       False                     False                      False                              False                            False                      True                               True                                  True                               False
 DP3-0175                                 True                            True                                    True                                     True                                 True                          False                              False                            False                          False                      False                       False                     False                      False                              False                            False                      True                               True                                  True                               False
 DP3-0177                                 True                            True                                    True                                     True                                 True                           True                               True                             True                           True                       True                        True                      True                       True                               True                             True                      True                               True                                  True                                True
 DP3-0179                                 True                            True                                    True                                     True                                 True                          False                              False                            False                          False                       True                        True                      True                       True                               True                             True                      True                               True                                  True                                True
 DP3-0181                                 True                            True                                    True                                     True                                 True                          False                              False                            False                          False                      False                       False                     False                      False                              False                            False                      True                               True                                  True                               False
DP3-0182E                                 True                            True                                    True                                     True                                 True                           True                               True                             True                           True                       True                        True                      True                       True                               True                             True                      True                               True                                  True                                True
DP3-0184E                                 True                            True                                    True                                     True                                 True                          False                              False                            False                          False                       True                        True                      True                       True                               True                             True                      True                               True                                  True                                True
 DP3-0185                                 True                            True                                    True                                     True                                 True                          False                              False                            False                          False                       True                        True                      True                       True                               True                             True                      True                               True                                  True                                True
 DP3-0186                                 True                            True                                    True                                     True                                 True                          False                              False                            False                          False                       True                        True                      True                       True                               True                             True                      True                               True                                  True                                True
 DP3-0187                                 True                            True                                    True                                     True                                 True                          False                              False                            False                          False                      False                       False                     False                      False                               True                             True                      True                               True                                  True                                True
 DP3-0188                                False                           False                                   False                                    False                                False                          False                              False                            False                          False                      False                       False                     False                      False                              False                            False                     False                              False                                 False                               False
 DP3-0189                                 True                            True                                    True                                     True                                 True                           True                               True                             True                           True                       True                        True                      True                       True                               True                             True                      True                               True                                  True                                True
 DP3-0190                                 True                            True                                    True                                     True                                 True                           True                               True                             True                           True                       True                        True                      True                       True                               True                             True                      True                               True                                  True                                True
 DP3-0192                                 True                            True                                    True                                     True                                 True                          False                              False                            False                          False                       True                        True                      True                       True                               True                             True                      True                               True                                  True                                True
 DP3-0193                                False                           False                                   False                                    False                                False                          False                              False                            False                          False                      False                       False                     False                      False                              False                            False                     False                              False                                 False                               False
 DP3-0195                                 True                            True                                    True                                     True                                 True                           True                               True                             True                           True                      False                       False                     False                      False                               True                             True                      True                               True                                  True                                True
DP3-0196E                                False                           False                                   False                                    False                                False                          False                              False                            False                          False                      False                       False                     False                      False                              False                            False                     False                              False                                 False                               False
 DP3-0197                                False                           False                                   False                                    False                                False                          False                              False                            False                          False                      False                       False                     False                      False                              False                            False                     False                              False                                 False                               False
 DP3-0199                                 True                            True                                    True                                     True                                 True                          False                               True                             True                           True                      False                       False                     False                      False                              False                            False                      True                               True                                  True                               False
 DP3-0200                                 True                            True                                    True                                     True                                 True                          False                              False                            False                          False                      False                       False                     False                      False                               True                             True                      True                               True                                  True                                True
DP3-0201E                                False                           False                                   False                                    False                                False                          False                              False                            False                          False                      False                       False                     False                      False                              False                            False                     False                              False                                 False                               False
 DP3-0202                                 True                            True                                    True                                     True                                 True                           True                               True                             True                           True                      False                       False                     False                      False                              False                            False                      True                               True                                  True                               False
 DP3-0203                                 True                            True                                    True                                     True                                 True                           True                               True                             True                           True                       True                        True                      True                       True                               True                             True                      True                               True                                  True                                True
 DP3-0204                                 True                            True                                    True                                     True                                 True                          False                              False                            False                          False                       True                        True                      True                       True                               True                             True                      True                               True                                  True                                True
DP3-0205E                                False                           False                                   False                                    False                                False                          False                              False                            False                          False                      False                       False                     False                      False                              False                            False                     False                              False                                 False                               False
DP3-0206E                                 True                            True                                    True                                     True                                 True                          False                              False                            False                          False                       True                        True                      True                       True                               True                             True                      True                               True                                  True                                True
 DP3-0207                                False                           False                                   False                                    False                                False                          False                              False                            False                          False                      False                       False                     False                      False                              False                            False                     False                              False                                 False                               False
 DP3-0208                                 True                            True                                    True                                     True                                 True                          False                              False                            False                          False                       True                        True                      True                       True                               True                             True                      True                               True                                  True                                True
DP3-0209E                                False                           False                                   False                                    False                                False                          False                              False                            False                          False                      False                       False                     False                      False                              False                            False                     False                              False                                 False                               False
 DP3-0210                                False                           False                                   False                                    False                                False                          False                              False                            False                          False                      False                       False                     False                      False                              False                            False                     False                              False                                 False                               False
 DP3-0212                                 True                            True                                    True                                     True                                 True                          False                              False                            False                          False                      False                       False                     False                      False                              False                            False                      True                               True                                  True                               False
 DP3-0213                                 True                            True                                    True                                     True                                 True                           True                               True                             True                           True                       True                        True                      True                       True                               True                             True                      True                               True                                  True                                True
 DP3-0214                                 True                            True                                    True                                     True                                 True                          False                              False                            False                          False                      False                       False                     False                      False                              False                            False                      True                               True                                  True                               False
 DP3-0216                                False                           False                                   False                                    False                                False                          False                              False                            False                          False                      False                       False                     False                      False                              False                            False                     False                              False                                 False                               False
 DP3-0217                                False                           False                                   False                                    False                                False                          False                              False                            False                          False                      False                       False                     False                      False                              False                            False                     False                              False                                 False                               False
 DP3-0219                                 True                            True                                    True                                     True                                 True                          False                              False                            False                          False                      False                       False                     False                      False                              False                            False                      True                               True                                  True                               False
 DP3-0220                                False                           False                                   False                                    False                                False                          False                              False                            False                          False                      False                       False                     False                      False                              False                            False                     False                              False                                 False                               False
 DP3-0221                                False                           False                                   False                                    False                                False                          False                              False                            False                          False                      False                       False                     False                      False                              False                            False                     False                              False                                 False                               False
 DP3-0222                                False                           False                                   False                                    False                                False                          False                              False                            False                          False                      False                       False                     False                      False                              False                            False                     False                              False                                 False                               False
 DP3-0223                                False                           False                                   False                                    False                                False                          False                              False                            False                          False                      False                       False                     False                      False                              False                            False                     False                              False                                 False                               False
 DP3-0224                                 True                            True                                    True                                     True                                 True                          False                              False                            False                          False                      False                       False                     False                      False                              False                            False                      True                               True                                  True                               False
 DP3-0225                                False                           False                                   False                                    False                                False                          False                              False                            False                          False                      False                       False                     False                      False                              False                            False                     False                              False                                 False                               False
 DP3-0226                                False                           False                                   False                                    False                                False                          False                              False                            False                          False                      False                       False                     False                      False                              False                            False                     False                              False                                 False                               False
 DP3-0227                                 True                            True                                    True                                     True                                 True                          False                              False                            False                          False                      False                       False                     False                      False                              False                            False                      True                               True                                  True                               False
DP3-0229E                                False                           False                                   False                                    False                                False                           True                               True                             True                           True                       True                        True                      True                       True                               True                             True                     False                              False                                 False                                True
 DP3-0230                                 True                            True                                    True                                     True                                 True                          False                              False                            False                          False                      False                       False                     False                      False                              False                            False                      True                               True                                  True                               False
 DP3-0231                                 True                            True                                    True                                     True                                 True                          False                              False                            False                          False                      False                       False                     False                      False                               True                             True                      True                               True                                  True                                True
DP3-0232E                                 True                            True                                    True                                     True                                 True                           True                               True                             True                           True                      False                       False                     False                      False                              False                            False                      True                               True                                  True                               False
DP3-0233E                                False                           False                                   False                                    False                                False                          False                              False                            False                          False                      False                       False                     False                      False                              False                            False                     False                              False                                 False                               False
 DP3-0234                                False                           False                                   False                                    False                                False                          False                              False                            False                          False                      False                       False                     False                      False                              False                            False                     False                              False                                 False                               False
 DP3-0235                                False                           False                                   False                                    False                                False                          False                              False                            False                          False                      False                       False                     False                      False                              False                            False                     False                              False                                 False                               False
 DP3-0237                                False                           False                                   False                                    False                                False                          False                              False                            False                          False                      False                       False                     False                      False                              False                            False                     False                              False                                 False                               False
 DP3-0238                                 True                            True                                    True                                     True                                 True                           True                               True                             True                           True                       True                        True                      True                       True                               True                             True                      True                               True                                  True                                True
 DP3-0239                                 True                            True                                    True                                     True                                 True                           True                               True                             True                           True                       True                        True                      True                       True                               True                             True                      True                               True                                  True                                True
 DP3-0240                                False                           False                                   False                                    False                                False                          False                              False                            False                          False                      False                       False                     False                      False                              False                            False                     False                              False                                 False                               False
 DP3-0241                                 True                            True                                    True                                     True                                 True                          False                              False                            False                          False                       True                        True                      True                       True                               True                             True                      True                               True                                  True                                True
 DP3-0242                                 True                            True                                    True                                     True                                 True                           True                               True                             True                           True                       True                        True                      True                       True                               True                             True                      True                               True                                  True                                True
 DP3-0243                                 True                            True                                    True                                     True                                 True                           True                               True                             True                           True                      False                       False                     False                      False                              False                            False                      True                               True                                  True                               False
 DP3-0244                                 True                            True                                    True                                     True                                 True                          False                              False                            False                          False                       True                        True                      True                       True                               True                             True                      True                               True                                  True                                True
 DP3-0245                                 True                            True                                    True                                     True                                 True                           True                               True                             True                           True                       True                        True                      True                       True                               True                             True                      True                               True                                  True                                True
 DP3-0246                                False                           False                                   False                                    False                                False                          False                              False                            False                          False                      False                       False                     False                      False                              False                            False                     False                              False                                 False                               False
 DP3-0247                                 True                            True                                    True                                     True                                 True                          False                              False                            False                          False                      False                       False                     False                      False                              False                            False                      True                               True                                  True                               False
DP3-0248E                                 True                            True                                    True                                     True                                 True                           True                               True                             True                           True                       True                        True                      True                       True                               True                             True                      True                               True                                  True                                True
 DP3-0250                                 True                            True                                    True                                     True                                 True                           True                               True                             True                           True                       True                        True                      True                       True                               True                             True                      True                               True                                  True                                True
 DP3-0251                                False                           False                                   False                                    False                                False                          False                               True                             True                           True                      False                       False                     False                      False                              False                            False                     False                              False                                 False                               False
 DP3-0253                                 True                            True                                    True                                     True                                 True                          False                              False                            False                          False                       True                        True                      True                       True                               True                             True                      True                               True                                  True                                True
 DP3-0254                                 True                            True                                    True                                     True                                 True                          False                              False                            False                          False                      False                       False                     False                      False                              False                            False                      True                               True                                  True                               False
 DP3-0255                                False                           False                                   False                                    False                                False                          False                              False                            False                          False                      False                       False                     False                      False                              False                            False                     False                              False                                 False                               False
 DP3-0256                                 True                            True                                    True                                     True                                 True                           True                               True                             True                           True                      False                       False                     False                      False                              False                            False                      True                               True                                  True                               False
 DP3-0257                                False                           False                                   False                                    False                                False                          False                              False                            False                          False                      False                       False                     False                      False                              False                            False                     False                              False                                 False                               False
DP3-0258E                                False                           False                                   False                                    False                                False                          False                              False                            False                          False                      False                       False                     False                      False                              False                            False                     False                              False                                 False                               False
 DP3-0259                                 True                            True                                    True                                     True                                 True                           True                               True                             True                           True                       True                        True                      True                       True                               True                             True                      True                               True                                  True                                True
 DP3-0260                                 True                            True                                    True                                     True                                 True                           True                               True                             True                           True                       True                        True                      True                       True                               True                             True                      True                               True                                  True                                True
DP3-0261E                                False                           False                                   False                                    False                                False                          False                              False                            False                          False                      False                       False                     False                      False                              False                            False                     False                              False                                 False                               False
 DP3-0262                                False                           False                                   False                                    False                                False                          False                              False                            False                          False                      False                       False                     False                      False                              False                            False                     False                              False                                 False                               False
DP3-0263E                                False                           False                                   False                                    False                                False                          False                              False                            False                          False                      False                       False                     False                      False                              False                            False                     False                              False                                 False                               False
 DP3-0264                                 True                            True                                    True                                     True                                 True                          False                              False                            False                          False                      False                       False                     False                      False                              False                            False                      True                               True                                  True                               False
 DP3-0265                                False                           False                                   False                                    False                                False                          False                              False                            False                          False                      False                       False                     False                      False                              False                            False                     False                              False                                 False                               False
 DP3-0266                                False                           False                                   False                                    False                                False                          False                              False                            False                          False                      False                       False                     False                      False                              False                            False                     False                              False                                 False                               False
 DP3-0267                                False                           False                                   False                                    False                                False                          False                              False                            False                          False                      False                       False                     False                      False                              False                            False                     False                              False                                 False                               False
 DP3-0271                                 True                            True                                    True                                     True                                 True                          False                              False                            False                          False                       True                        True                      True                       True                               True                             True                      True                               True                                  True                                True
 DP3-0272                                 True                            True                                    True                                     True                                 True                          False                              False                            False                          False                       True                        True                      True                       True                               True                             True                      True                               True                                  True                                True
 DP3-0273                                False                           False                                   False                                    False                                False                          False                              False                            False                          False                      False                       False                     False                      False                              False                            False                     False                              False                                 False                               False
 DP3-0274                                 True                            True                                    True                                     True                                 True                           True                               True                             True                           True                       True                        True                      True                       True                               True                             True                      True                               True                                  True                                True
 DP3-0275                                False                           False                                   False                                    False                                False                          False                              False                            False                          False                      False                       False                     False                      False                              False                            False                     False                              False                                 False                               False
 DP3-0276                                False                           False                                   False                                    False                                False                          False                              False                            False                          False                      False                       False                     False                      False                              False                            False                     False                              False                                 False                               False
 DP3-0277                                 True                            True                                    True                                     True                                 True                          False                              False                            False                          False                      False                       False                     False                      False                              False                            False                      True                               True                                  True                               False
 DP3-0278                                False                           False                                   False                                    False                                False                          False                              False                            False                          False                      False                       False                     False                      False                              False                            False                     False                              False                                 False                               False
 DP3-0279                                 True                            True                                    True                                     True                                 True                           True                               True                             True                           True                      False                       False                     False                      False                              False                            False                      True                               True                                  True                               False
 DP3-0280                                False                           False                                   False                                    False                                False                          False                              False                            False                          False                      False                       False                     False                      False                              False                            False                     False                              False                                 False                               False
DP3-0281E                                False                           False                                   False                                    False                                False                          False                              False                            False                          False                      False                       False                     False                      False                              False                            False                     False                              False                                 False                               False
 DP3-0282                                 True                            True                                    True                                     True                                 True                           True                               True                             True                           True                      False                       False                     False                      False                              False                            False                      True                               True                                  True                               False
 DP3-0283                                 True                            True                                    True                                     True                                 True                          False                              False                            False                          False                       True                        True                      True                       True                               True                             True                      True                               True                                  True                                True
 DP3-0284                                 True                            True                                    True                                     True                                 True                           True                               True                             True                           True                       True                        True                      True                       True                               True                             True                      True                               True                                  True                                True
 DP3-0285                                 True                            True                                    True                                     True                                 True                           True                               True                             True                           True                      False                       False                     False                      False                               True                             True                      True                               True                                  True                                True
 DP3-0287                                 True                            True                                    True                                     True                                 True                          False                              False                            False                          False                      False                       False                     False                      False                              False                            False                      True                               True                                  True                               False
 DP3-0290                                False                           False                                   False                                    False                                False                          False                              False                            False                          False                      False                       False                     False                      False                              False                            False                     False                              False                                 False                               False
 DP3-0292                                False                           False                                   False                                    False                                False                          False                              False                            False                          False                      False                       False                     False                      False                              False                            False                     False                              False                                 False                               False
 DP3-0293                                False                           False                                   False                                    False                                False                          False                              False                            False                          False                      False                       False                     False                      False                              False                            False                     False                              False                                 False                               False
 DP3-0294                                 True                            True                                    True                                     True                                 True                           True                               True                             True                           True                       True                        True                      True                       True                               True                             True                      True                               True                                  True                                True
 DP3-0295                                False                           False                                   False                                    False                                False                          False                              False                            False                          False                      False                       False                     False                      False                              False                            False                     False                              False                                 False                               False
 DP3-0296                                 True                            True                                    True                                     True                                 True                           True                               True                             True                           True                      False                       False                     False                      False                              False                            False                      True                               True                                  True                               False
 DP3-0297                                False                           False                                   False                                    False                                False                          False                              False                            False                          False                      False                       False                     False                      False                              False                            False                     False                              False                                 False                               False
DP3-0298E                                 True                            True                                    True                                     True                                 True                          False                              False                            False                          False                       True                        True                      True                       True                               True                             True                      True                               True                                  True                                True
DP3-0299E                                 True                            True                                    True                                     True                                 True                           True                               True                             True                           True                       True                        True                      True                       True                               True                             True                      True                               True                                  True                                True
 DP3-0300                                False                           False                                   False                                    False                                False                          False                              False                            False                          False                      False                       False                     False                      False                              False                            False                     False                              False                                 False                               False
 DP3-0301                                False                           False                                   False                                    False                                False                          False                              False                            False                          False                      False                       False                     False                      False                              False                            False                     False                              False                                 False                               False
 DP3-0302                                 True                            True                                    True                                     True                                 True                           True                               True                             True                           True                       True                        True                      True                       True                               True                             True                      True                               True                                  True                                True
DP3-0303E                                 True                            True                                    True                                     True                                 True                          False                              False                            False                          False                       True                        True                      True                       True                               True                             True                      True                               True                                  True                                True
 DP3-0304                                False                           False                                   False                                    False                                False                          False                              False                            False                          False                      False                       False                     False                      False                              False                            False                     False                              False                                 False                               False
 DP3-0305                                False                           False                                   False                                    False                                False                          False                              False                            False                          False                      False                       False                     False                      False                              False                            False                     False                              False                                 False                               False
 DP3-0306                                 True                            True                                    True                                     True                                 True                          False                               True                             True                           True                      False                       False                     False                      False                              False                            False                      True                               True                                  True                               False
 DP3-0308                                 True                            True                                    True                                     True                                 True                          False                              False                            False                          False                       True                        True                      True                       True                               True                             True                      True                               True                                  True                                True
 DP3-0309                                 True                            True                                    True                                     True                                 True                           True                               True                             True                           True                       True                        True                      True                       True                               True                             True                      True                               True                                  True                                True
 DP3-0310                                 True                            True                                    True                                     True                                 True                          False                              False                            False                          False                      False                       False                     False                      False                              False                            False                      True                               True                                  True                               False
 DP3-0311                                False                           False                                   False                                    False                                False                          False                              False                            False                          False                      False                       False                     False                      False                              False                            False                     False                              False                                 False                               False
 DP3-0312                                False                           False                                   False                                    False                                False                          False                              False                            False                          False                      False                       False                     False                      False                              False                            False                     False                              False                                 False                               False
 DP3-0313                                False                           False                                   False                                    False                                False                          False                              False                            False                          False                      False                       False                     False                      False                              False                            False                     False                              False                                 False                               False
 DP3-0314                                False                           False                                   False                                    False                                False                          False                              False                            False                          False                      False                       False                     False                      False                              False                            False                     False                              False                                 False                               False
 DP3-0315                                 True                            True                                    True                                     True                                 True                           True                               True                             True                           True                       True                        True                      True                       True                               True                             True                      True                               True                                  True                                True
 DP3-0316                                False                           False                                   False                                    False                                False                          False                              False                            False                          False                      False                       False                     False                      False                              False                            False                     False                              False                                 False                               False
 DP3-0318                                 True                            True                                    True                                     True                                 True                          False                              False                            False                          False                      False                       False                     False                      False                              False                            False                      True                               True                                  True                               False
 DP3-0319                                False                           False                                   False                                    False                                False                          False                              False                            False                          False                      False                       False                     False                      False                              False                            False                     False                              False                                 False                               False
 DP3-0320                                 True                            True                                    True                                     True                                 True                          False                              False                            False                          False                       True                        True                      True                       True                               True                             True                      True                               True                                  True                                True
 DP3-0323                                 True                            True                                    True                                     True                                 True                          False                              False                            False                          False                      False                       False                     False                      False                              False                            False                      True                               True                                  True                               False
 DP3-0324                                 True                            True                                    True                                     True                                 True                           True                               True                             True                           True                       True                        True                      True                       True                               True                             True                      True                               True                                  True                                True
 DP3-0326                                False                           False                                   False                                    False                                False                          False                              False                            False                          False                      False                       False                     False                      False                              False                            False                     False                              False                                 False                               False
 DP3-0327                                False                           False                                   False                                    False                                False                          False                              False                            False                          False                      False                       False                     False                      False                              False                            False                     False                              False                                 False                               False
 DP3-0328                                False                           False                                   False                                    False                                False                          False                              False                            False                          False                      False                       False                     False                      False                              False                            False                     False                              False                                 False                               False
 DP3-0330                                False                           False                                   False                                    False                                False                          False                              False                            False                          False                      False                       False                     False                      False                              False                            False                     False                              False                                 False                               False
 DP3-0332                                False                           False                                   False                                    False                                False                          False                              False                            False                          False                      False                       False                     False                      False                              False                            False                     False                              False                                 False                               False
 DP3-0333                                 True                            True                                    True                                     True                                 True                           True                               True                             True                           True                       True                        True                      True                       True                               True                             True                      True                               True                                  True                                True
 DP3-0334                                False                           False                                   False                                    False                                False                          False                              False                            False                          False                      False                       False                     False                      False                              False                            False                     False                              False                                 False                               False
 DP3-0335                                False                           False                                   False                                    False                                False                          False                              False                            False                          False                      False                       False                     False                      False                              False                            False                     False                              False                                 False                               False
 DP3-0336                                False                           False                                   False                                    False                                False                          False                              False                            False                          False                      False                       False                     False                      False                              False                            False                     False                              False                                 False                               False
 DP3-0338                                 True                            True                                    True                                     True                                 True                          False                              False                            False                          False                      False                       False                     False                      False                              False                            False                      True                               True                                  True                               False
 DP3-0339                                False                           False                                   False                                    False                                False                          False                              False                            False                          False                      False                       False                     False                      False                              False                            False                     False                              False                                 False                               False
 DP3-0340                                False                           False                                   False                                    False                                False                          False                              False                            False                          False                      False                       False                     False                      False                              False                            False                     False                              False                                 False                               False
 DP3-0342                                 True                            True                                    True                                     True                                 True                          False                              False                            False                          False                      False                       False                     False                      False                               True                             True                      True                               True                                  True                                True
 DP3-0343                                False                           False                                   False                                    False                                False                          False                              False                            False                          False                      False                       False                     False                      False                              False                            False                     False                              False                                 False                               False
 DP3-0344                                 True                            True                                    True                                     True                                 True                           True                               True                             True                           True                      False                       False                     False                      False                              False                            False                      True                               True                                  True                               False
 DP3-0346                                False                           False                                   False                                    False                                False                          False                              False                            False                          False                      False                       False                     False                      False                              False                            False                     False                              False                                 False                               False
 DP3-0347                                False                           False                                   False                                    False                                False                          False                              False                            False                          False                      False                       False                     False                      False                              False                            False                     False                              False                                 False                               False
 DP3-0348                                False                           False                                   False                                    False                                False                          False                              False                            False                          False                      False                       False                     False                      False                              False                            False                     False                              False                                 False                               False
DP3-0350E                                 True                            True                                    True                                     True                                 True                           True                               True                             True                           True                      False                       False                     False                      False                              False                            False                      True                               True                                  True                               False
 DP3-0351                                False                           False                                   False                                    False                                False                          False                              False                            False                          False                      False                       False                     False                      False                              False                            False                     False                              False                                 False                               False
 DP3-0352                                False                           False                                   False                                    False                                False                          False                              False                            False                          False                      False                       False                     False                      False                              False                            False                     False                              False                                 False                               False
 DP3-0353                                 True                            True                                    True                                     True                                 True                          False                              False                            False                          False                      False                       False                     False                      False                               True                             True                      True                               True                                  True                                True
 DP3-0354                                 True                            True                                    True                                     True                                 True                           True                               True                             True                           True                       True                        True                      True                       True                               True                             True                      True                               True                                  True                                True
 DP3-0355                                False                           False                                   False                                    False                                False                          False                              False                            False                          False                      False                       False                     False                      False                              False                            False                     False                              False                                 False                               False
DP3-0356E                                False                           False                                   False                                    False                                False                          False                              False                            False                          False                      False                       False                     False                      False                              False                            False                     False                              False                                 False                               False
 DP3-0357                                 True                            True                                    True                                     True                                 True                          False                              False                            False                          False                      False                       False                     False                      False                              False                            False                      True                               True                                  True                               False
 DP3-0359                                 True                            True                                    True                                     True                                 True                           True                               True                             True                           True                       True                        True                      True                       True                               True                             True                      True                               True                                  True                                True
DP3-0360E                                False                           False                                   False                                    False                                False                          False                              False                            False                          False                      False                       False                     False                      False                              False                            False                     False                              False                                 False                               False
 DP3-0361                                 True                            True                                    True                                     True                                 True                           True                               True                             True                           True                       True                        True                      True                       True                               True                             True                      True                               True                                  True                                True
DP3-0362E                                False                           False                                   False                                    False                                False                          False                              False                            False                          False                      False                       False                     False                      False                              False                            False                     False                              False                                 False                               False
 DP3-0363                                False                           False                                   False                                    False                                False                          False                              False                            False                          False                      False                       False                     False                      False                              False                            False                     False                              False                                 False                               False
 DP3-0364                                False                           False                                   False                                    False                                False                          False                              False                            False                          False                      False                       False                     False                      False                              False                            False                     False                              False                                 False                               False
 DP3-0366                                False                           False                                   False                                    False                                False                          False                              False                            False                          False                      False                       False                     False                      False                              False                            False                     False                              False                                 False                               False
 DP3-0368                                False                           False                                   False                                    False                                False                          False                              False                            False                          False                      False                       False                     False                      False                              False                            False                     False                              False                                 False                               False
 DP3-0369                                 True                            True                                    True                                     True                                 True                           True                               True                             True                           True                       True                        True                      True                       True                               True                             True                      True                               True                                  True                                True
DP3-0371E                                 True                            True                                    True                                     True                                 True                           True                               True                             True                           True                       True                        True                      True                       True                               True                             True                      True                               True                                  True                                True
 DP3-0372                                 True                            True                                    True                                     True                                 True                          False                              False                            False                          False                       True                        True                      True                       True                               True                             True                      True                               True                                  True                                True
 DP3-0373                                False                           False                                   False                                    False                                False                          False                              False                            False                          False                      False                       False                     False                      False                              False                            False                     False                              False                                 False                               False
 DP3-0374                                False                           False                                   False                                    False                                False                          False                              False                            False                          False                      False                       False                     False                      False                              False                            False                     False                              False                                 False                               False
DP3-0375E                                 True                            True                                    True                                     True                                 True                           True                               True                             True                           True                      False                       False                     False                      False                              False                            False                      True                               True                                  True                               False
DP3-0376E                                False                           False                                   False                                    False                                False                          False                              False                            False                          False                      False                       False                     False                      False                              False                            False                     False                              False                                 False                               False
DP3-0377E                                False                           False                                   False                                    False                                False                          False                              False                            False                          False                      False                       False                     False                      False                              False                            False                     False                              False                                 False                               False
DP3-0378E                                 True                            True                                    True                                     True                                 True                           True                               True                             True                           True                       True                        True                      True                       True                               True                             True                      True                               True                                  True                                True
 DP3-0379                                False                           False                                   False                                    False                                False                          False                              False                            False                          False                      False                       False                     False                      False                              False                            False                     False                              False                                 False                               False
 DP3-0381                                 True                            True                                    True                                     True                                 True                          False                              False                            False                          False                       True                        True                      True                       True                               True                             True                      True                               True                                  True                                True
 DP3-0385                                False                           False                                   False                                    False                                False                          False                              False                            False                          False                      False                       False                     False                      False                              False                            False                     False                              False                                 False                               False
 DP3-0386                                False                           False                                   False                                    False                                False                          False                              False                            False                          False                      False                       False                     False                      False                              False                            False                     False                              False                                 False                               False
 DP3-0387                                False                           False                                   False                                    False                                False                          False                              False                            False                          False                      False                       False                     False                      False                              False                            False                     False                              False                                 False                               False
 DP3-0388                                False                           False                                   False                                    False                                False                          False                              False                            False                          False                      False                       False                     False                      False                              False                            False                     False                              False                                 False                               False
 DP3-0389                                False                           False                                   False                                    False                                False                          False                              False                            False                          False                      False                       False                     False                      False                              False                            False                     False                              False                                 False                               False
 DP3-0390                                False                           False                                   False                                    False                                False                          False                              False                            False                          False                      False                       False                     False                      False                              False                            False                     False                              False                                 False                               False
 DP3-0392                                 True                            True                                    True                                     True                                 True                          False                              False                            False                          False                      False                       False                     False                      False                              False                            False                      True                               True                                  True                               False
DP3-0393E                                False                           False                                   False                                    False                                False                          False                              False                            False                          False                      False                       False                     False                      False                              False                            False                     False                              False                                 False                               False
 DP3-0394                                False                           False                                   False                                    False                                False                          False                              False                            False                          False                      False                       False                     False                      False                              False                            False                     False                              False                                 False                               False
 DP3-0396                                False                           False                                   False                                    False                                False                          False                              False                            False                          False                      False                       False                     False                      False                              False                            False                     False                              False                                 False                               False
 DP3-0397                                False                           False                                   False                                    False                                False                          False                              False                            False                          False                      False                       False                     False                      False                              False                            False                     False                              False                                 False                               False
DP3-0398E                                False                           False                                   False                                    False                                False                          False                              False                            False                          False                      False                       False                     False                      False                              False                            False                     False                              False                                 False                               False
 DP3-0399                                 True                            True                                    True                                     True                                 True                          False                              False                            False                          False                      False                       False                     False                      False                              False                            False                      True                               True                                  True                               False
DP3-0400E                                False                           False                                   False                                    False                                False                          False                              False                            False                          False                      False                       False                     False                      False                              False                            False                     False                              False                                 False                               False
 DP3-0404                                False                           False                                   False                                    False                                False                          False                              False                            False                          False                      False                       False                     False                      False                              False                            False                     False                              False                                 False                               False
 DP3-0405                                False                           False                                   False                                    False                                False                          False                              False                            False                          False                      False                       False                     False                      False                              False                            False                     False                              False                                 False                               False
DP3-0406E                                False                           False                                   False                                    False                                False                          False                              False                            False                          False                      False                       False                     False                      False                              False                            False                     False                              False                                 False                               False
 DP3-0407                                False                           False                                   False                                    False                                False                          False                              False                            False                          False                      False                       False                     False                      False                              False                            False                     False                              False                                 False                               False
 DP3-0409                                 True                            True                                    True                                     True                                 True                          False                              False                            False                          False                       True                        True                      True                       True                               True                             True                      True                               True                                  True                                True
DP3-0410E                                False                           False                                   False                                    False                                False                          False                              False                            False                          False                      False                       False                     False                      False                              False                            False                     False                              False                                 False                               False
DP3-0412E                                False                           False                                   False                                    False                                False                          False                              False                            False                          False                      False                       False                     False                      False                              False                            False                     False                              False                                 False                               False
DP3-0413E                                False                           False                                   False                                    False                                False                          False                               True                             True                           True                      False                       False                     False                      False                              False                            False                     False                              False                                 False                               False
DP3-0414E                                False                           False                                   False                                    False                                False                          False                              False                            False                          False                      False                       False                     False                      False                              False                            False                     False                              False                                 False                               False
DP3-0415E                                False                           False                                   False                                    False                                False                          False                              False                            False                          False                      False                       False                     False                      False                              False                            False                     False                              False                                 False                               False
 DP3-0416                                 True                            True                                    True                                     True                                 True                          False                               True                             True                           True                       True                        True                      True                       True                               True                             True                      True                               True                                  True                                True
DP3-0417E                                False                           False                                   False                                    False                                False                          False                              False                            False                          False                      False                       False                     False                      False                              False                            False                     False                              False                                 False                               False
 DP3-0418                                 True                            True                                    True                                     True                                 True                           True                               True                             True                           True                      False                       False                     False                      False                               True                             True                      True                               True                                  True                                True
 DP3-0419                                False                           False                                   False                                    False                                False                          False                              False                            False                          False                      False                       False                     False                      False                              False                            False                     False                              False                                 False                               False
 DP3-0420                                 True                            True                                    True                                     True                                 True                          False                              False                            False                          False                       True                        True                      True                       True                               True                             True                      True                               True                                  True                                True
 DP3-0421                                 True                            True                                    True                                     True                                 True                           True                               True                             True                           True                      False                       False                     False                      False                              False                            False                      True                               True                                  True                               False
DP3-0422E                                False                           False                                   False                                    False                                False                          False                              False                            False                          False                      False                       False                     False                      False                              False                            False                     False                              False                                 False                               False
DP3-0423E                                False                           False                                   False                                    False                                False                          False                              False                            False                          False                      False                       False                     False                      False                              False                            False                     False                              False                                 False                               False
 DP3-0424                                False                           False                                   False                                    False                                False                          False                              False                            False                          False                      False                       False                     False                      False                              False                            False                     False                              False                                 False                               False
 DP3-0425                                False                           False                                   False                                    False                                False                          False                              False                            False                          False                      False                       False                     False                      False                              False                            False                     False                              False                                 False                               False
 DP3-0426                                False                           False                                   False                                    False                                False                          False                              False                            False                          False                      False                       False                     False                      False                              False                            False                     False                              False                                 False                               False
DP3-0427E                                False                           False                                   False                                    False                                False                          False                              False                            False                          False                      False                       False                     False                      False                              False                            False                     False                              False                                 False                               False
 DP3-0428                                 True                            True                                    True                                     True                                 True                          False                              False                            False                          False                       True                        True                      True                       True                               True                             True                      True                               True                                  True                                True
 DP3-0429                                False                           False                                   False                                    False                                False                          False                              False                            False                          False                      False                       False                     False                      False                              False                            False                     False                              False                                 False                               False
 DP3-0431                                 True                            True                                    True                                     True                                 True                          False                               True                             True                           True                      False                       False                     False                      False                              False                            False                      True                               True                                  True                               False
DP3-0432E                                False                           False                                   False                                    False                                False                          False                              False                            False                          False                      False                       False                     False                      False                              False                            False                     False                              False                                 False                               False
DP3-0433E                                 True                            True                                    True                                     True                                 True                           True                               True                             True                           True                       True                        True                      True                       True                               True                             True                      True                               True                                  True                                True
 DP3-0434                                False                           False                                   False                                    False                                False                          False                              False                            False                          False                      False                       False                     False                      False                              False                            False                     False                              False                                 False                               False
DP3-0435E                                 True                            True                                    True                                     True                                 True                           True                               True                             True                           True                      False                       False                     False                      False                              False                            False                      True                               True                                  True                               False


Number of the 19 metrics for which each patient achieved >= 80% data density:
Patient ID  Compliant Metrics Count
  DP3-0075                       19
 DP3-0041E                       19
  DP3-0324                       19
  DP3-0315                       19
  DP3-0309                       19
  DP3-0213                       19
  DP3-0054                       19
  DP3-0116                       19
  DP3-0302                       19
 DP3-0299E                       19
  DP3-0113                       19
  DP3-0062                       19
  DP3-0238                       19
  DP3-0239                       19
  DP3-0294                       19
  DP3-0284                       19
  DP3-0105                       19
  DP3-0242                       19
  DP3-0274                       19
  DP3-0074                       19
 DP3-0100E                       19
  DP3-0245                       19
 DP3-0248E                       19
  DP3-0260                       19
 DP3-0083E                       19
  DP3-0259                       19
  DP3-0250                       19
  DP3-0121                       19
  DP3-0333                       19
  DP3-0190                       19
  DP3-0354                       19
  DP3-0156                       19
 DP3-0371E                       19
 DP3-0182E                       19
  DP3-0369                       19
  DP3-0361                       19
  DP3-0359                       19
  DP3-0034                       19
  DP3-0189                       19
  DP3-0006                       19
  DP3-0203                       19
  DP3-0177                       19
 DP3-0170E                       19
 DP3-0433E                       19
 DP3-0378E                       19
  DP3-0009                       18
  DP3-0416                       18
  DP3-0101                       15
  DP3-0244                       15
 DP3-0184E                       15
  DP3-0179                       15
  DP3-0185                       15
  DP3-0125                       15
  DP3-0186                       15
  DP3-0241                       15
  DP3-0126                       15
  DP3-0192                       15
 DP3-0137E                       15
  DP3-0195                       15
 DP3-0118E                       15
  DP3-0208                       15
  DP3-0120                       15
  DP3-0128                       15
  DP3-0087                       15
 DP3-0206E                       15
  DP3-0204                       15
  DP3-0253                       15
  DP3-0166                       15
  DP3-0418                       15
  DP3-0420                       15
  DP3-0038                       15
  DP3-0372                       15
  DP3-0381                       15
  DP3-0045                       15
  DP3-0320                       15
  DP3-0051                       15
  DP3-0308                       15
  DP3-0409                       15
 DP3-0303E                       15
 DP3-0298E                       15
  DP3-0028                       15
  DP3-0064                       15
  DP3-0013                       15
  DP3-0285                       15
  DP3-0283                       15
  DP3-0428                       15
  DP3-0272                       15
  DP3-0271                       15
  DP3-0080                       15
  DP3-0202                       12
  DP3-0012                       12
  DP3-0421                       12
  DP3-0162                       12
 DP3-0375E                       12
  DP3-0024                       12
 DP3-0086E                       12
 DP3-0350E                       12
  DP3-0129                       12
 DP3-0232E                       12
  DP3-0243                       12
 DP3-0165E                       12
  DP3-0279                       12
  DP3-0282                       12
  DP3-0296                       12
 DP3-0435E                       12
  DP3-0344                       12
  DP3-0256                       12
 DP3-0039E                       12
  DP3-0187                       11
  DP3-0200                       11
  DP3-0231                       11
  DP3-0342                       11
  DP3-0353                       11
  DP3-0431                       11
  DP3-0199                       11
  DP3-0306                       11
 DP3-0229E                       11
  DP3-0085                       11
  DP3-0160                       11
  DP3-0071                        8
  DP3-0392                        8
  DP3-0124                        8
  DP3-0287                        8
  DP3-0042                        8
  DP3-0212                        8
  DP3-0214                        8
  DP3-0399                        8
  DP3-0219                        8
  DP3-0277                        8
  DP3-0224                        8
  DP3-0230                        8
  DP3-0227                        8
  DP3-0133                        8
  DP3-0036                        8
  DP3-0111                        8
  DP3-0357                        8
  DP3-0108                        8
  DP3-0264                        8
  DP3-0107                        8
  DP3-0082                        8
  DP3-0247                        8
  DP3-0338                        8
  DP3-0254                        8
  DP3-0175                        8
  DP3-0142                        8
  DP3-0181                        8
  DP3-0174                        8
  DP3-0323                        8
  DP3-0318                        8
  DP3-0310                        8
 DP3-0140E                        8
  DP3-0143                        8
 DP3-0134E                        3
  DP3-0018                        3
  DP3-0251                        3
 DP3-0413E                        3
  DP3-0316                        0
 DP3-0033E                        0
 DP3-0049E                        0
  DP3-0368                        0
  DP3-0355                        0
 DP3-0356E                        0
 DP3-0360E                        0
  DP3-0363                        0
  DP3-0048                        0
  DP3-0319                        0
  DP3-0366                        0
  DP3-0032                        0
  DP3-0046                        0
  DP3-0364                        0
 DP3-0362E                        0
  DP3-0326                        0
  DP3-0037                        0
  DP3-0346                        0
  DP3-0336                        0
  DP3-0335                        0
  DP3-0339                        0
  DP3-0334                        0
  DP3-0340                        0
  DP3-0043                        0
  DP3-0343                        0
 DP3-0029E                        0
  DP3-0044                        0
  DP3-0352                        0
  DP3-0347                        0
  DP3-0332                        0
  DP3-0330                        0
  DP3-0348                        0
  DP3-0040                        0
  DP3-0328                        0
  DP3-0351                        0
  DP3-0327                        0
  DP3-0164                        0
  DP3-0379                        0
  DP3-0027                        0
  DP3-0407                        0
 DP3-0410E                        0
 DP3-0412E                        0
 DP3-0414E                        0
 DP3-0415E                        0
 DP3-0417E                        0
  DP3-0017                        0
  DP3-0419                        0
  DP3-0015                        0
  DP3-0008                        0
 DP3-0422E                        0
 DP3-0423E                        0
  DP3-0424                        0
  DP3-0425                        0
  DP3-0426                        0
 DP3-0427E                        0
  DP3-0005                        0
  DP3-0429                        0
  DP3-0004                        0
 DP3-0432E                        0
  DP3-0003                        0
  DP3-0434                        0
  DP3-0019                        0
 DP3-0406E                        0
  DP3-0025                        0
  DP3-0405                        0
  DP3-0373                        0
  DP3-0374                        0
  DP3-0022                        0
 DP3-0376E                        0
 DP3-0377E                        0
  DP3-0021                        0
  DP3-0313                        0
  DP3-0020                        0
  DP3-0385                        0
  DP3-0386                        0
  DP3-0387                        0
  DP3-0388                        0
  DP3-0389                        0
  DP3-0390                        0
 DP3-0393E                        0
  DP3-0394                        0
  DP3-0396                        0
  DP3-0397                        0
 DP3-0398E                        0
 DP3-0400E                        0
  DP3-0404                        0
  DP3-0314                        0
  DP3-0297                        0
  DP3-0312                        0
  DP3-0311                        0
 DP3-0119E                        0
 DP3-0209E                        0
  DP3-0210                        0
  DP3-0117                        0
  DP3-0216                        0
  DP3-0217                        0
  DP3-0220                        0
  DP3-0221                        0
  DP3-0222                        0
  DP3-0223                        0
  DP3-0225                        0
  DP3-0226                        0
  DP3-0002                        0
  DP3-0112                        0
 DP3-0233E                        0
  DP3-0234                        0
  DP3-0235                        0
  DP3-0237                        0
  DP3-0109                        0
  DP3-0240                        0
  DP3-0104                        0
  DP3-0207                        0
  DP3-0123                        0
 DP3-0205E                        0
 DP3-0155E                        0
 DP3-0167E                        0
  DP3-0168                        0
  DP3-0169                        0
  DP3-0161                        0
  DP3-0171                        0
  DP3-0172                        0
 DP3-0173E                        0
  DP3-0158                        0
  DP3-0157                        0
  DP3-0152                        0
  DP3-0127                        0
 DP3-0151E                        0
  DP3-0144                        0
  DP3-0188                        0
  DP3-0193                        0
 DP3-0135E                        0
 DP3-0196E                        0
  DP3-0197                        0
 DP3-0201E                        0
 DP3-0130E                        0
  DP3-0097                        0
  DP3-0094                        0
  DP3-0093                        0
 DP3-0060E                        0
 DP3-0069E                        0
  DP3-0068                        0
  DP3-0290                        0
  DP3-0292                        0
  DP3-0293                        0
  DP3-0066                        0
  DP3-0295                        0
  DP3-0065                        0
 DP3-0163E                        0
  DP3-0057                        0
 DP3-0281E                        0
  DP3-0300                        0
  DP3-0301                        0
  DP3-0056                        0
 DP3-0055E                        0
  DP3-0304                        0
  DP3-0305                        0
  DP3-0053                        0
 DP3-0052E                        0
  DP3-0050                        0
  DP3-0070                        0
  DP3-0280                        0
  DP3-0246                        0
 DP3-0263E                        0
  DP3-0092                        0
 DP3-0091E                        0
 DP3-0088E                        0
  DP3-0255                        0
  DP3-0257                        0
 DP3-0258E                        0
  DP3-0084                        0
 DP3-0261E                        0
  DP3-0262                        0
  DP3-0265                        0
  DP3-0072                        0
  DP3-0266                        0
  DP3-0267                        0
  DP3-0077                        0
 DP3-0076E                        0
  DP3-0273                        0
 DP3-0073E                        0
  DP3-0275                        0
  DP3-0276                        0
  DP3-0278                        0
  DP3-0001                        0


Number of the 0 patients that achieved >= 80% data density, per metric:
                          Fitbit Metric  Patients With >= 80% Density
    activities_summary_activitycalories                           151
 activities_summary_fairlyactiveminutes                           151
activities_summary_lightlyactiveminutes                           151
    activities_summary_sedentaryminutes                           151
   activities_summary_veryactiveminutes                           151
      activities_summary_totaldistances                           151
               activities_summary_steps                           151
         activities_summary_caloriesout                           151
      sleep_summary_total_sleep_records                            97
        sleep_summary_total_time_in_bed                            97
     sleep_summary_total_minutes_asleep                            97
               sleep_summary_stages_rem                            85
              sleep_summary_stages_wake                            85
             sleep_summary_stages_light                            85
              sleep_summary_stages_deep                            85
          heart_rate_zone:_peak_minutes                            79
        heart_rate_zone:_cardio_minutes                            79
      heart_rate_zone:_fat_burn_minutes                            79
          heart_rate_resting_heart_rate                            70


