{
  "tissue": "plasma",
  "timepoint": "C",
  "outcomes": [
    "HDP",
    "FGR",
    "sPTB"
  ],
  "n_train": 89,
  "n_val": 19,
  "n_test": 20,
  "n_features_pretlasso": 624,
  "n_features_postlasso": 19,
  "best_model_val": "XGBoost",
  "best_val_macro_pr_auc": 0.44562099693678636,
  "test_metrics": {
    "LogisticRegression": {
      "HDP": {
        "pr_auc": 0.4604229104229104,
        "roc_auc": 0.5833333333333334,
        "accuracy": 0.55,
        "precision": 0.2,
        "recall": 0.16666666666666666,
        "f1": 0.18181818181818182
      },
      "FGR": {
        "pr_auc": 0.16666666666666666,
        "roc_auc": 0.736842105263158,
        "accuracy": 0.7,
        "precision": 0.0,
        "recall": 0.0,
        "f1": 0.0
      },
      "sPTB": {
        "pr_auc": 0.5847222222222221,
        "roc_auc": 0.7333333333333334,
        "accuracy": 0.8,
        "precision": 0.6666666666666666,
        "recall": 0.4,
        "f1": 0.5
      }
    },
    "RandomForest": {
      "HDP": {
        "pr_auc": 0.38775570834394363,
        "roc_auc": 0.5833333333333333,
        "accuracy": 0.55,
        "precision": 0.3333333333333333,
        "recall": 0.5,
        "f1": 0.4
      },
      "FGR": {
        "pr_auc": 0.5,
        "roc_auc": 0.9473684210526316,
        "accuracy": 0.95,
        "precision": 0.0,
        "recall": 0.0,
        "f1": 0.0
      },
      "sPTB": {
        "pr_auc": 0.21521589521589524,
        "roc_auc": 0.32,
        "accuracy": 0.75,
        "precision": 0.0,
        "recall": 0.0,
        "f1": 0.0
      }
    },
    "XGBoost": {
      "HDP": {
        "pr_auc": 0.39163059163059166,
        "roc_auc": 0.6071428571428572,
        "accuracy": 0.6,
        "precision": 0.375,
        "recall": 0.5,
        "f1": 0.42857142857142855
      },
      "FGR": {
        "pr_auc": 0.25,
        "roc_auc": 0.8421052631578947,
        "accuracy": 0.95,
        "precision": 0.0,
        "recall": 0.0,
        "f1": 0.0
      },
      "sPTB": {
        "pr_auc": 0.25,
        "roc_auc": 0.5,
        "accuracy": 0.75,
        "precision": 0.0,
        "recall": 0.0,
        "f1": 0.0
      }
    },
    "SVM": {
      "HDP": {
        "pr_auc": 0.33896669779022714,
        "roc_auc": 0.5119047619047619,
        "accuracy": 0.65,
        "precision": 0.4444444444444444,
        "recall": 0.6666666666666666,
        "f1": 0.5333333333333333
      },
      "FGR": {
        "pr_auc": 0.05263157894736842,
        "roc_auc": 0.052631578947368474,
        "accuracy": 0.9,
        "precision": 0.3333333333333333,
        "recall": 1.0,
        "f1": 0.5
      },
      "sPTB": {
        "pr_auc": 0.2616883116883117,
        "roc_auc": 0.45333333333333337,
        "accuracy": 0.75,
        "precision": 0.0,
        "recall": 0.0,
        "f1": 0.0
      }
    }
  }
}