{
  "model_params": {
    "LogisticRegression": {
      "C": 0.015622868012567868
    },
    "RandomForest": {
      "n_estimators": 339,
      "max_depth": 14,
      "min_samples_split": 3,
      "min_samples_leaf": 2,
      "max_features": "log2"
    },
    "XGBoost": {
      "n_estimators": 281,
      "max_depth": 6,
      "learning_rate": 0.0013346527038305934,
      "subsample": 0.8037724259507192,
      "colsample_bytree": 0.5852620618436457,
      "min_child_weight": 1,
      "gamma": 4.7444276862666666,
      "reg_alpha": 0.6732248920775336,
      "reg_lambda": 0.11015056790269633
    },
    "SVM": {
      "C": 6.79657809075816,
      "gamma": "auto"
    }
  },
  "val_pr_auc": {
    "LogisticRegression": 0.7202398908281262,
    "RandomForest": 0.8233525733525733,
    "XGBoost": 0.9282627865961199,
    "SVM": 0.9361111111111111
  }
}