{
  "tissue": "plasma",
  "timepoint": "C",
  "outcomes": [
    "HDP",
    "FGR",
    "sPTB"
  ],
  "n_train": 73,
  "n_val": 16,
  "n_test": 16,
  "n_features_pretlasso": 2436,
  "n_features_postlasso": 1,
  "best_model_val": "XGBoost",
  "best_val_macro_pr_auc": 0.4052308802308802,
  "test_metrics": {
    "LogisticRegression": {
      "HDP": {
        "pr_auc": 0.4291208791208791,
        "roc_auc": 0.41666666666666663,
        "accuracy": 0.3125,
        "precision": 0.18181818181818182,
        "recall": 0.5,
        "f1": 0.26666666666666666
      },
      "FGR": {
        "pr_auc": 0.19444444444444442,
        "roc_auc": 0.5714285714285714,
        "accuracy": 0.75,
        "precision": 0.0,
        "recall": 0.0,
        "f1": 0.0
      },
      "sPTB": {
        "pr_auc": 0.13392857142857142,
        "roc_auc": 0.32142857142857145,
        "accuracy": 0.8125,
        "precision": 0.0,
        "recall": 0.0,
        "f1": 0.0
      }
    },
    "RandomForest": {
      "HDP": {
        "pr_auc": 1.0,
        "roc_auc": 1.0,
        "accuracy": 0.75,
        "precision": 0.5,
        "recall": 1.0,
        "f1": 0.6666666666666666
      },
      "FGR": {
        "pr_auc": 0.16233766233766234,
        "roc_auc": 0.5178571428571428,
        "accuracy": 0.75,
        "precision": 0.0,
        "recall": 0.0,
        "f1": 0.0
      },
      "sPTB": {
        "pr_auc": 0.5666666666666667,
        "roc_auc": 0.625,
        "accuracy": 0.875,
        "precision": 0.5,
        "recall": 0.5,
        "f1": 0.5
      }
    },
    "XGBoost": {
      "HDP": {
        "pr_auc": 0.47916666666666663,
        "roc_auc": 0.6041666666666666,
        "accuracy": 0.6875,
        "precision": 0.3333333333333333,
        "recall": 0.25,
        "f1": 0.2857142857142857
      },
      "FGR": {
        "pr_auc": 0.11805555555555555,
        "roc_auc": 0.35714285714285715,
        "accuracy": 0.875,
        "precision": 0.0,
        "recall": 0.0,
        "f1": 0.0
      },
      "sPTB": {
        "pr_auc": 0.125,
        "roc_auc": 0.3214285714285714,
        "accuracy": 0.875,
        "precision": 0.0,
        "recall": 0.0,
        "f1": 0.0
      }
    },
    "SVM": {
      "HDP": {
        "pr_auc": 0.37797619047619047,
        "roc_auc": 0.5833333333333334,
        "accuracy": 0.25,
        "precision": 0.25,
        "recall": 1.0,
        "f1": 0.4
      },
      "FGR": {
        "pr_auc": 0.25,
        "roc_auc": 0.6785714285714285,
        "accuracy": 0.125,
        "precision": 0.125,
        "recall": 1.0,
        "f1": 0.2222222222222222
      },
      "sPTB": {
        "pr_auc": 0.17692307692307693,
        "roc_auc": 0.4642857142857143,
        "accuracy": 0.125,
        "precision": 0.125,
        "recall": 1.0,
        "f1": 0.2222222222222222
      }
    }
  }
}