{
  "model_params": {
    "LogisticRegression": {
      "C": 0.07459343285726547
    },
    "RandomForest": {
      "n_estimators": 488,
      "max_depth": 5,
      "min_samples_split": 3,
      "min_samples_leaf": 2,
      "max_features": "log2"
    },
    "XGBoost": {
      "n_estimators": 106,
      "max_depth": 2,
      "learning_rate": 0.357036045801772,
      "subsample": 0.9609446284907329,
      "colsample_bytree": 0.7281159932082892,
      "min_child_weight": 4,
      "gamma": 0.058660786034561166,
      "reg_alpha": 0.007352836149311402,
      "reg_lambda": 1.143050529040119e-05
    },
    "SVM": {
      "C": 0.017073967431528128,
      "gamma": "scale"
    }
  },
  "val_macro_pr_auc": {
    "LogisticRegression": 0.25104895104895103,
    "RandomForest": 0.14162226662226662,
    "XGBoost": 0.4052308802308802,
    "SVM": 0.3615079365079365
  }
}