,analyte_ID,tissue,datatype,timepoint,control_median,control_MAD
A1BG,A1BG,plasma,PROT,2,-0.0393,0.19543915837652326
AAMDC,AAMDC,plasma,PROT,2,-0.0255571496866864,0.18287152820913014
AARSD1,AARSD1,plasma,PROT,2,-0.1371857270915397,0.5355506134461913
ABCA2,ABCA2,plasma,PROT,2,-0.057077910078174504,0.36386096419737335
ABHD14B,ABHD14B,plasma,PROT,2,-0.05317979738630995,0.3751549349123078
ABL1,ABL1,plasma,PROT,2,-0.10970691994624329,0.36565
ABO,ABO,plasma,PROT,2,-0.17041757519404804,1.2862248288589422
ABRAXAS2,ABRAXAS2,plasma,PROT,2,-0.14955407039259982,0.4494022159209681
ACAA1,ACAA1,plasma,PROT,2,0.11549999999999999,0.68585
ACADM,ACADM,plasma,PROT,2,-0.03678973031498965,0.5018602295455719
ACADSB,ACADSB,plasma,PROT,2,-0.13206015250821715,0.6845597352306141
ACAN,ACAN,plasma,PROT,2,-0.006295493572630199,0.1709041661273483
ACE,ACE,plasma,PROT,2,0.02956785994445965,0.21951785994445966
ACE2,ACE2,plasma,PROT,2,-0.16267844569701084,0.3819296007915638
ACHE,ACHE,plasma,PROT,2,-0.11002879649514005,0.2685907755929312
ACOT13,ACOT13,plasma,PROT,2,0.046019784930072846,0.7819661915474334
ACOX1,ACOX1,plasma,PROT,2,0.013912685635035784,0.42325288714039755
ACP1,ACP1,plasma,PROT,2,-0.0083690013633325,0.42901746989306244
ACP5,ACP5,plasma,PROT,2,-0.12976663262117283,0.3249545836117065
ACP6,ACP6,plasma,PROT,2,0.0551873858279841,0.3478275105252755
ACRBP,ACRBP,plasma,PROT,2,-0.0482834366444913,0.16808006686441734
ACRV1,ACRV1,plasma,PROT,2,-0.017393633961379752,0.31775
ACTA2,ACTA2,plasma,PROT,2,-0.2462029269110106,0.22465108465836886
ACTN2,ACTN2,plasma,PROT,2,-0.18282628341543483,0.3516458250861463
ACTN4,ACTN4,plasma,PROT,2,-0.047012903957826646,0.167884462986739
ACVRL1,ACVRL1,plasma,PROT,2,-0.14449960525108568,0.17896400183786776
ACY1,ACY1,plasma,PROT,2,-0.15915999159489674,0.5404957484053527
ACY3,ACY3,plasma,PROT,2,-0.12266969285876667,0.29851889549830185
ACYP1,ACYP1,plasma,PROT,2,-0.17344253172052543,0.44665290696449983
ADA,ADA,plasma,PROT,2,0.01376713693410775,0.2304120778669409
ADA2,ADA2,plasma,PROT,2,-0.2217752461012218,0.4132804750943134
ADAM12,ADAM12,plasma,PROT,2,0.0959055026299549,0.1432192441943032
ADAM15,ADAM15,plasma,PROT,2,-0.04355,0.2460912816837126
ADAM22,ADAM22,plasma,PROT,2,-0.0074775547351095505,0.19656039897229294
ADAM23,ADAM23,plasma,PROT,2,0.021956999223903352,0.29329770167976166
ADAM8,ADAM8,plasma,PROT,2,-0.08715,0.3635183934855192
ADAM9,ADAM9,plasma,PROT,2,-0.09825,0.21945951299844185
ADAMTS1,ADAMTS1,plasma,PROT,2,-0.06866651231784279,0.32747267100901617
ADAMTS13,ADAMTS13,plasma,PROT,2,-0.0604667865723861,0.33488366543743275
ADAMTS15,ADAMTS15,plasma,PROT,2,-0.02365501841040175,0.3287981988711949
ADAMTS4,ADAMTS4,plasma,PROT,2,-0.046258634215806796,0.39869205313048295
ADAMTS8,ADAMTS8,plasma,PROT,2,-0.06701672632490095,0.36727323038009924
ADAMTSL2,ADAMTSL2,plasma,PROT,2,-0.2269213221911752,0.2917702802069365
ADAMTSL4,ADAMTSL4,plasma,PROT,2,-0.24827389806038586,0.27625829542302927
ADAMTSL5,ADAMTSL5,plasma,PROT,2,-0.13084391608159496,0.2905439363867113
ADCYAP1R1,ADCYAP1R1,plasma,PROT,2,0.03516625096773435,0.17635506085210026
ADD1,ADD1,plasma,PROT,2,-0.22410385917222986,0.4927590074596729
ADGRB3,ADGRB3,plasma,PROT,2,0.024548425389838,0.1780764954968789
ADGRD1,ADGRD1,plasma,PROT,2,-0.16660826624917766,0.35145730835428435
ADGRE1,ADGRE1,plasma,PROT,2,-0.01442524093463625,0.39832110481370964
ADGRE2,ADGRE2,plasma,PROT,2,-0.24980208437069462,0.23551860824686838
ADGRE5,ADGRE5,plasma,PROT,2,-0.18854390262592205,0.201291091435992
ADGRF5,ADGRF5,plasma,PROT,2,-0.1710409008359497,0.2847307833912192
ADGRG1,ADGRG1,plasma,PROT,2,-0.15335,0.2025459554571578
ADGRG2,ADGRG2,plasma,PROT,2,-0.19538254949344902,0.3057502797383716
ADGRV1,ADGRV1,plasma,PROT,2,0.018075,1.0848529995413339
ADH1B,ADH1B,plasma,PROT,2,-0.036107289653913396,0.6487405207919297
ADH4,ADH4,plasma,PROT,2,0.029619513183878753,0.7900228831715328
ADM,ADM,plasma,PROT,2,-0.12410560488537159,0.15145
ADRA2A,ADRA2A,plasma,PROT,2,-0.0482364432148688,0.7282680758959288
AFAP1,AFAP1,plasma,PROT,2,-0.00637478812607095,1.0033163392944937
AFM,AFM,plasma,PROT,2,-0.10738319801301441,0.23049067601264533
AFP,AFP,plasma,PROT,2,-0.12146115748534925,0.17951439830258564
AGER,AGER,plasma,PROT,2,0.058751554054290896,0.40194618734215193
AGR2,AGR2,plasma,PROT,2,0.014229343726788201,0.5409587026184235
AGR3,AGR3,plasma,PROT,2,-0.2399789950668497,0.6827753926717323
AGRN,AGRN,plasma,PROT,2,-0.20448679467419856,0.2446343632790347
AGRP,AGRP,plasma,PROT,2,-0.0783878248305612,0.29664369339672364
AGT,AGT,plasma,PROT,2,-0.121875,0.2031422300606405
AGXT,AGXT,plasma,PROT,2,0.07020434254466,0.66045
AHCY,AHCY,plasma,PROT,2,-0.16474877091906048,0.5215747200117626
AHNAK,AHNAK,plasma,PROT,2,-0.04498220664455235,0.3099336790699233
AHNAK2,AHNAK2,plasma,PROT,2,-0.003,0.23185883845803396
AHSA1,AHSA1,plasma,PROT,2,0.0385458025793933,0.585550037147545
AHSG,AHSG,plasma,PROT,2,0.03659914151803716,0.22392562205685768
AHSP,AHSP,plasma,PROT,2,0.0253000933270199,0.48341480451260055
AIDA,AIDA,plasma,PROT,2,-0.3187,1.4619310099721714
AIF1,AIF1,plasma,PROT,2,-0.0293,0.8053294918683446
AIF1L,AIF1L,plasma,PROT,2,-0.12615660261398912,0.2738117659569032
AIFM1,AIFM1,plasma,PROT,2,-0.0679959826366944,0.8068500000000001
AK1,AK1,plasma,PROT,2,-0.21934060699737512,0.5010159452742295
AK2,AK2,plasma,PROT,2,0.14300329491511682,0.9914687372861481
AKAP12,AKAP12,plasma,PROT,2,-0.0125829078460604,0.17182451755978434
AKR1B1,AKR1B1,plasma,PROT,2,-0.3243373647098531,0.5963562245193241
AKR1B10,AKR1B10,plasma,PROT,2,-0.03936027169712755,0.6743100777775155
AKR1C4,AKR1C4,plasma,PROT,2,0.0036999999999999993,0.6450087395383945
AKR7L,AKR7L,plasma,PROT,2,-0.052227702527748804,0.6801882322805588
AKT1S1,AKT1S1,plasma,PROT,2,-0.0797155305394904,0.5188153985781916
AKT2,AKT2,plasma,PROT,2,-0.28785370258945003,0.962750607683865
AKT3,AKT3,plasma,PROT,2,0.00565613591366515,0.49887964152678466
ALCAM,ALCAM,plasma,PROT,2,0.0404840686043504,0.25567262257845036
ALDH1A1,ALDH1A1,plasma,PROT,2,-0.03434727656906505,0.38516600952818025
ALDH2,ALDH2,plasma,PROT,2,-0.0478658337215972,0.2091927620049314
ALDH3A1,ALDH3A1,plasma,PROT,2,-0.01555784540712995,0.5006220550596729
ALDH5A1,ALDH5A1,plasma,PROT,2,0.041011832946848,0.4410419450136943
ALMS1,ALMS1,plasma,PROT,2,-0.0060942496565229,0.5765968257072318
ALPI,ALPI,plasma,PROT,2,-0.6908769346362029,0.958916860362015
ALPP,ALPP,plasma,PROT,2,-0.8293532537203208,0.696356241767739
AMBN,AMBN,plasma,PROT,2,-0.22008775415490817,0.21550800192178643
AMBP,AMBP,plasma,PROT,2,-0.0066643290662634,0.08633051555208876
AMDHD2,AMDHD2,plasma,PROT,2,-0.07420484322054524,0.3440469295636451
AMFR,AMFR,plasma,PROT,2,0.01710180847300775,0.26200180847300775
AMIGO1,AMIGO1,plasma,PROT,2,0.061546961048162305,0.6538304620329833
AMIGO2,AMIGO2,plasma,PROT,2,-0.0374440428612727,0.09011077647853954
AMN,AMN,plasma,PROT,2,-0.13717368024093712,0.5600263197590629
AMOT,AMOT,plasma,PROT,2,-0.17415289276672005,0.2590985801443531
AMOTL2,AMOTL2,plasma,PROT,2,-0.0661481340914937,0.12530644961986687
AMPD3,AMPD3,plasma,PROT,2,-0.06638050638910445,0.3727111309546636
AMY1A_AMY1B_AMY1C,AMY1A_AMY1B_AMY1C,plasma,PROT,2,-0.05984499231638805,0.24957580624813158
AMY2A,AMY2A,plasma,PROT,2,-0.1492389335128686,0.3890648339168405
AMY2B,AMY2B,plasma,PROT,2,-0.06878362868477104,0.3841505415691584
ANG,ANG,plasma,PROT,2,-0.22008241227309164,0.3535574122730916
ANGPT1,ANGPT1,plasma,PROT,2,0.2997842313487131,0.6653819367399666
ANGPT2,ANGPT2,plasma,PROT,2,0.1868547282978344,0.21442136096311204
ANGPTL1,ANGPTL1,plasma,PROT,2,-0.1931492469877704,0.2767009147308966
ANGPTL2,ANGPTL2,plasma,PROT,2,-0.24143773366528393,0.3301194303805898
ANGPTL3,ANGPTL3,plasma,PROT,2,-0.174348632274124,0.302030441748656
ANGPTL4,ANGPTL4,plasma,PROT,2,-0.22808419051336926,0.2795352860448216
ANK2,ANK2,plasma,PROT,2,0.09223334871993286,0.7821333487199329
ANKMY2,ANKMY2,plasma,PROT,2,-0.09412677990222479,0.9220577262910099
ANKRA2,ANKRA2,plasma,PROT,2,-0.0598089880810854,0.5389561180462086
ANKRD54,ANKRD54,plasma,PROT,2,-0.1454319952597986,0.4087891583667855
ANP32C,ANP32C,plasma,PROT,2,-0.0400900884839986,0.1845003947225013
ANPEP,ANPEP,plasma,PROT,2,-0.067638649597213,0.245961350402787
ANXA1,ANXA1,plasma,PROT,2,-0.10412363912461034,0.12986869483266622
ANXA10,ANXA10,plasma,PROT,2,-0.073249851073964,0.504993005767251
ANXA11,ANXA11,plasma,PROT,2,-0.0910590708395669,0.2060917165254616
ANXA2,ANXA2,plasma,PROT,2,-0.22840940265867116,0.36770971344095704
ANXA3,ANXA3,plasma,PROT,2,-0.10762347220858555,0.5260292994626925
ANXA4,ANXA4,plasma,PROT,2,-0.0690116291201265,0.4149
ANXA5,ANXA5,plasma,PROT,2,-0.041441726849510155,0.29951981364965125
AOC1,AOC1,plasma,PROT,2,-0.14717978909599355,0.49009719445291966
AOC3,AOC3,plasma,PROT,2,0.059734081561421654,0.22477593098331025
AP1G2,AP1G2,plasma,PROT,2,0.02308472100613235,0.5142591387617563
AP2B1,AP2B1,plasma,PROT,2,-0.06800490035072121,0.519150828587317
AP3B1,AP3B1,plasma,PROT,2,-0.1484099794985118,0.3726622498155474
AP3S2,AP3S2,plasma,PROT,2,-0.038967447045686346,0.3424861829802174
APBB1IP,APBB1IP,plasma,PROT,2,0.0024938655911117,0.19792031891027567
APCS,APCS,plasma,PROT,2,-0.09428494943871985,0.27161101823582967
APEX1,APEX1,plasma,PROT,2,0.022885814839287,0.5480078917645456
APLP1,APLP1,plasma,PROT,2,-0.11054683976516394,0.6377759085736068
APOA1,APOA1,plasma,PROT,2,0.0055849774689061,0.18958982473951075
APOA2,APOA2,plasma,PROT,2,-0.2847544318329311,0.4995925280911121
APOA4,APOA4,plasma,PROT,2,-0.04216993326499245,0.25387472427214663
APOB,APOB,plasma,PROT,2,-0.12344572783302821,0.3612342609051282
APOBR,APOBR,plasma,PROT,2,-0.16519027680188225,0.2752550231955435
APOC1,APOC1,plasma,PROT,2,-0.0958,0.28921299707045284
APOD,APOD,plasma,PROT,2,-0.03184135808380045,0.2972920364272271
APOE,APOE,plasma,PROT,2,-0.07993710519044064,0.21719438469759664
APOF,APOF,plasma,PROT,2,0.0549821964967484,0.18389215872406064
APOH,APOH,plasma,PROT,2,0.00258977784329465,0.18793577036606615
APOL1,APOL1,plasma,PROT,2,-0.19824670172748465,0.5586904036242377
APOM,APOM,plasma,PROT,2,-0.0264146051994376,0.42403471583169616
APP,APP,plasma,PROT,2,0.0811214085987721,0.196412662047525
APPL2,APPL2,plasma,PROT,2,0.0366661038464292,0.8857828811922035
APRT,APRT,plasma,PROT,2,-0.1082617325948689,0.585615583354733
ARAF,ARAF,plasma,PROT,2,0.0260482971151567,0.5812992541473238
AREG,AREG,plasma,PROT,2,-0.1142792474127508,0.34687181369851094
ARF6,ARF6,plasma,PROT,2,-0.08789303317264224,0.7283507971523755
ARFIP1,ARFIP1,plasma,PROT,2,-0.1471694045677881,0.5317819061755304
ARG1,ARG1,plasma,PROT,2,0.01524535934610725,0.4353640340446417
ARG2,ARG2,plasma,PROT,2,0.0824780345137612,0.41535343453365015
ARHGAP1,ARHGAP1,plasma,PROT,2,-0.07849437397527506,0.36752204097782687
ARHGAP25,ARHGAP25,plasma,PROT,2,0.0314765125904423,0.3738728347290271
ARHGAP30,ARHGAP30,plasma,PROT,2,0.0073513418383844,0.1838973516626485
ARHGAP45,ARHGAP45,plasma,PROT,2,-0.001494239372952253,0.5692328210748937
ARHGAP5,ARHGAP5,plasma,PROT,2,0.04232887262202155,1.0241978678405528
ARHGEF1,ARHGEF1,plasma,PROT,2,-0.1660727320679215,0.7443535423888945
ARHGEF10,ARHGEF10,plasma,PROT,2,-0.14513941131547287,0.9491394577143001
ARHGEF12,ARHGEF12,plasma,PROT,2,0.0255524487945196,0.7728416977430989
ARHGEF5,ARHGEF5,plasma,PROT,2,-0.1186030739632783,0.3223215065650886
ARID3A,ARID3A,plasma,PROT,2,-0.0189,0.09659817187714001
ARID4B,ARID4B,plasma,PROT,2,-0.01374202902640955,0.2827986695536555
ARL2BP,ARL2BP,plasma,PROT,2,-0.02622877869772575,0.37587909021615473
ARMCX2,ARMCX2,plasma,PROT,2,-0.45420810694226493,0.7318109904136162
ARNT,ARNT,plasma,PROT,2,-0.1266835030251521,0.46857298634539124
ARSB,ARSB,plasma,PROT,2,-0.10935677229094345,0.39240381749069925
ART3,ART3,plasma,PROT,2,0.029658312993805502,0.3166905105863751
ART5,ART5,plasma,PROT,2,-0.27388879625844953,0.6318853995790951
ARTN,ARTN,plasma,PROT,2,-0.38859433356976536,0.3004292771754699
ASAH1,ASAH1,plasma,PROT,2,-0.365325,0.2838177939976068
ASAH2,ASAH2,plasma,PROT,2,0.0303753075171559,0.14156323306373136
ASGR1,ASGR1,plasma,PROT,2,-0.22925387271644204,0.2146433117951319
ASGR2,ASGR2,plasma,PROT,2,-0.1570013057807425,0.29843454493636434
ASPN,ASPN,plasma,PROT,2,-0.0237523676634616,0.2614759915119186
ASPSCR1,ASPSCR1,plasma,PROT,2,-0.22033006336597988,0.48520500750498996
ASRGL1,ASRGL1,plasma,PROT,2,-0.20172696961726985,0.62278308190528
ASS1,ASS1,plasma,PROT,2,0.2416302846354325,0.5971018364182102
ATF2,ATF2,plasma,PROT,2,0.0068,0.44008218598252136
ATF4,ATF4,plasma,PROT,2,-0.187094538364482,0.373244538364482
ATG16L1,ATG16L1,plasma,PROT,2,-0.15633026207028533,0.490690003276532
ATG4A,ATG4A,plasma,PROT,2,-0.09553958513815924,0.44167576958452237
ATOX1,ATOX1,plasma,PROT,2,-0.19400377171396144,0.5525060745974725
ATP1B1,ATP1B1,plasma,PROT,2,0.013491665208193851,0.38205
ATP1B2,ATP1B2,plasma,PROT,2,-0.009089403186550798,0.33669569902687324
ATP1B3,ATP1B3,plasma,PROT,2,-0.0401483558385835,0.3773171011487039
ATP1B4,ATP1B4,plasma,PROT,2,-0.1199284488268861,0.5978355900443475
ATP2B4,ATP2B4,plasma,PROT,2,-0.05607421728502645,0.23705424664750008
ATP5F1D,ATP5F1D,plasma,PROT,2,0.0177370482817997,0.752625
ATP5IF1,ATP5IF1,plasma,PROT,2,-0.2363034805144626,0.9812295901855097
ATP5PO,ATP5PO,plasma,PROT,2,0.0076710139557312,0.4819060864292818
ATP6AP2,ATP6AP2,plasma,PROT,2,-0.0625987563391277,0.2739286299833217
ATP6V1D,ATP6V1D,plasma,PROT,2,0.0030523404714546,0.11725
ATP6V1F,ATP6V1F,plasma,PROT,2,-0.07992292921905665,0.46481032720751486
ATP6V1G1,ATP6V1G1,plasma,PROT,2,-0.12560651635596606,0.5816696739856396
ATRAID,ATRAID,plasma,PROT,2,-0.17162073675173845,0.2188397225726687
ATRN,ATRN,plasma,PROT,2,-0.09348288685362545,0.20005222111894455
ATXN10,ATXN10,plasma,PROT,2,-0.07456570403430705,0.516217539062394
ATXN2,ATXN2,plasma,PROT,2,0.30595483483567787,1.19060111966703
ATXN2L,ATXN2L,plasma,PROT,2,-0.039731914332437945,0.2294370785668266
ATXN3,ATXN3,plasma,PROT,2,-0.06406227058027505,0.4600650471542355
AXIN1,AXIN1,plasma,PROT,2,0.0507376836438066,0.778877365807561
AXL,AXL,plasma,PROT,2,0.0674658667912155,0.18315
AZI2,AZI2,plasma,PROT,2,-0.02480929250984525,0.44882664788277826
AZU1,AZU1,plasma,PROT,2,-0.009161543922501299,0.47578957173304515
B2M,B2M,plasma,PROT,2,-0.14321729625313034,0.18878270374686965
B3GNT7,B3GNT7,plasma,PROT,2,-0.038155571536746896,0.3692658920431829
B4GALT1,B4GALT1,plasma,PROT,2,-0.24636151644711907,0.20734941979318836
B4GAT1,B4GAT1,plasma,PROT,2,-0.11430000000000001,0.2867192226578087
BABAM1,BABAM1,plasma,PROT,2,-0.08914215415904139,0.44267261348199316
BACH1,BACH1,plasma,PROT,2,-0.08438762105090325,0.35376237894909673
BAG3,BAG3,plasma,PROT,2,-0.00557652509379485,0.199808862262977
BAG4,BAG4,plasma,PROT,2,-0.0341595220001675,0.2999790730806353
BAG6,BAG6,plasma,PROT,2,-0.0558387920800891,0.21269858021034488
BAIAP2,BAIAP2,plasma,PROT,2,-0.014723706808369999,0.49917542336882864
BAMBI,BAMBI,plasma,PROT,2,-0.1268722641172906,0.25790679627262386
BANK1,BANK1,plasma,PROT,2,0.00226870593919945,0.9356426389414105
BAP18,BAP18,plasma,PROT,2,-0.11042223710345,0.38652776289655
BATF,BATF,plasma,PROT,2,-0.08078476981308215,0.4918017200334077
BAX,BAX,plasma,PROT,2,0.01360405578594365,0.6391647932189777
BCAM,BCAM,plasma,PROT,2,-0.0922,0.1732072226669445
BCAN,BCAN,plasma,PROT,2,-0.0392317557658053,0.308834737706138
BCAT1,BCAT1,plasma,PROT,2,-0.10256781070088425,0.2587404003082745
BCAT2,BCAT2,plasma,PROT,2,-0.06046455595558975,0.5037854440444103
BCHE,BCHE,plasma,PROT,2,0.047863294496584594,0.2922794603786368
BCL2,BCL2,plasma,PROT,2,-0.20010807456738314,0.21390144335855132
BCL2L1,BCL2L1,plasma,PROT,2,0.00800963628339665,0.7736689930268175
BCL2L15,BCL2L15,plasma,PROT,2,-0.269479900065155,0.6139978824912629
BCL7A,BCL7A,plasma,PROT,2,-0.04809301488876985,0.7315026548981407
BCL7B,BCL7B,plasma,PROT,2,-0.05444965792790385,0.2244187280250208
BCR,BCR,plasma,PROT,2,-0.0953746068795984,0.6340454622543947
BDNF,BDNF,plasma,PROT,2,0.39792515746367635,0.7506498425363236
BECN1,BECN1,plasma,PROT,2,-0.1191912130413911,0.49505878695860883
BEX3,BEX3,plasma,PROT,2,-0.07776293209780764,0.5110255464772597
BGLAP,BGLAP,plasma,PROT,2,-0.30964749748487846,0.709036755916706
BGN,BGN,plasma,PROT,2,-0.48419999999999996,0.35659827775275965
BHLHE40,BHLHE40,plasma,PROT,2,-0.529884859354511,1.2068752658076138
BHMT2,BHMT2,plasma,PROT,2,-0.027129999676743,0.2441
BIN2,BIN2,plasma,PROT,2,0.10666167148884545,0.9842229582912834
BLMH,BLMH,plasma,PROT,2,-0.18087457439056104,0.26151204432709924
BLNK,BLNK,plasma,PROT,2,-0.04550402084857125,0.23465966005726413
BLOC1S2,BLOC1S2,plasma,PROT,2,-0.3319234748133427,1.0257903393751255
BLOC1S3,BLOC1S3,plasma,PROT,2,-0.011819209892725651,0.21234295420013286
BLVRB,BLVRB,plasma,PROT,2,-0.05477032396576685,0.2666549726745321
BMP10,BMP10,plasma,PROT,2,0.01109019716334395,0.23628576007108293
BMP4,BMP4,plasma,PROT,2,-0.043994168582627904,0.1301064889675702
BMPER,BMPER,plasma,PROT,2,-0.0275381931171082,0.22631824393482974
BNIP2,BNIP2,plasma,PROT,2,0.0122109077589379,0.43022275241433694
BNIP3L,BNIP3L,plasma,PROT,2,-0.22683984202877416,0.3307883033168688
BOC,BOC,plasma,PROT,2,-0.032650770238003446,0.2543396313825298
BOLA1,BOLA1,plasma,PROT,2,-0.16002457026599326,0.5214334744698845
BOLA2_BOLA2B,BOLA2_BOLA2B,plasma,PROT,2,-0.16370968136834962,0.5422541798325553
BPIFA2,BPIFA2,plasma,PROT,2,0.0491514291773074,0.6667685756564217
BPIFB1,BPIFB1,plasma,PROT,2,0.03896814884453585,0.6067186309392014
BPIFB2,BPIFB2,plasma,PROT,2,0.07977812296388301,0.7542002118607407
BRAP,BRAP,plasma,PROT,2,-0.08415333328871524,0.8150822329660088
BRD1,BRD1,plasma,PROT,2,0.0199812073338182,0.457975
BRD2,BRD2,plasma,PROT,2,-0.030011229963369298,0.4408524865616848
BRD3,BRD3,plasma,PROT,2,0.2330310663758871,0.8346472676358836
BRDT,BRDT,plasma,PROT,2,0.011512752799653001,0.4577294215394403
BRK1,BRK1,plasma,PROT,2,-0.06264714144454,0.270059100890389
BRME1,BRME1,plasma,PROT,2,-0.04935817528549855,0.26574492932311694
BRSK2,BRSK2,plasma,PROT,2,-0.031540759958633896,0.3386592400413661
BSG,BSG,plasma,PROT,2,-0.03864465648249735,0.11598357775492266
BSND,BSND,plasma,PROT,2,-0.1801403303267161,0.6131269983699512
BST1,BST1,plasma,PROT,2,0.01585,0.33174647523839224
BST2,BST2,plasma,PROT,2,-0.037167409985231,0.497058563500642
BTC,BTC,plasma,PROT,2,-0.0316550849702741,0.38083864033429493
BTD,BTD,plasma,PROT,2,-0.02675261131763785,0.2262966006366947
BTLA,BTLA,plasma,PROT,2,-0.11057162644594115,0.27036881705096427
BTN1A1,BTN1A1,plasma,PROT,2,-0.6001993546981836,0.8576647576120393
BTN2A1,BTN2A1,plasma,PROT,2,-0.0745,0.2808432457064673
BTN3A2,BTN3A2,plasma,PROT,2,-0.045215218132183,0.21383280643349195
BTNL10,BTNL10,plasma,PROT,2,-0.12569543917839093,0.3591586966392282
C19orf12,C19orf12,plasma,PROT,2,-0.127852183435053,0.5347
C1GALT1C1,C1GALT1C1,plasma,PROT,2,-0.00141878335254705,0.32171521564830985
C1QA,C1QA,plasma,PROT,2,-0.1589460104297685,0.21354028240114165
C1QBP,C1QBP,plasma,PROT,2,-0.07121117602639225,0.3635907269683105
C1QL2,C1QL2,plasma,PROT,2,-0.1140393939045248,0.2413452325734871
C1QTNF1,C1QTNF1,plasma,PROT,2,-0.2527623896232584,0.520785276690843
C1QTNF5,C1QTNF5,plasma,PROT,2,-0.2017109773898776,0.27482936028555505
C1QTNF6,C1QTNF6,plasma,PROT,2,-0.35000014793642686,0.37560315019913637
C1QTNF9,C1QTNF9,plasma,PROT,2,-0.0020387658838149,0.32342414992450275
C1R,C1R,plasma,PROT,2,0.0102293640342026,0.11731221041481475
C1RL,C1RL,plasma,PROT,2,0.0108127728872281,0.26769167469589594
C1S,C1S,plasma,PROT,2,-0.03405778808166215,0.1937556195062283
C2,C2,plasma,PROT,2,-0.01325,0.30742499999999995
C2CD2L,C2CD2L,plasma,PROT,2,-0.055702425424666704,0.26524610731671416
C2orf69,C2orf69,plasma,PROT,2,-0.11915352517866909,0.6027500000000001
C3,C3,plasma,PROT,2,-0.0243895094174415,0.143
C4BPB,C4BPB,plasma,PROT,2,-0.19622826601201343,0.2501090720245466
C5,C5,plasma,PROT,2,0.012025000000000001,0.15208313834921774
C7,C7,plasma,PROT,2,-0.09329961428124585,0.19892232728977932
C7orf50,C7orf50,plasma,PROT,2,0.0101427829811837,0.0642427829811837
C8B,C8B,plasma,PROT,2,-0.0335164143626642,0.1838458724988593
C9,C9,plasma,PROT,2,-0.13169019143915317,0.27415565987330087
C9orf40,C9orf40,plasma,PROT,2,-0.1129707653966584,0.5167454458532365
CA1,CA1,plasma,PROT,2,-0.16481758398079865,0.4489988870837323
CA11,CA11,plasma,PROT,2,0.08950122975802516,0.14737699762656464
CA12,CA12,plasma,PROT,2,0.054525000000000004,0.20402317978011955
CA13,CA13,plasma,PROT,2,0.0694105060049148,0.8590653772476876
CA14,CA14,plasma,PROT,2,0.10654338712842565,0.3788398925733125
CA2,CA2,plasma,PROT,2,-0.14182977400215055,0.4860417636654754
CA3,CA3,plasma,PROT,2,-0.21145,0.3709033196520738
CA4,CA4,plasma,PROT,2,-0.0245482328568679,0.26111359707794657
CA5A,CA5A,plasma,PROT,2,-0.3023,0.8812084052876269
CA6,CA6,plasma,PROT,2,-0.3149389963708304,0.6323379651954757
CA7,CA7,plasma,PROT,2,-0.0811338854479837,0.22343655742290852
CA8,CA8,plasma,PROT,2,0.0338616982576697,0.32524187692512474
CA9,CA9,plasma,PROT,2,-0.08752162086319605,0.3328340168586381
CABP2,CABP2,plasma,PROT,2,-0.040497407289389206,0.5656697286260299
CACNA1C,CACNA1C,plasma,PROT,2,-0.1064326375478532,0.4748448294048042
CACNA1H,CACNA1H,plasma,PROT,2,-0.147400959682397,0.5909467159292836
CACNB1,CACNB1,plasma,PROT,2,0.022674176374597302,0.3708
CACNB3,CACNB3,plasma,PROT,2,0.035936574517380596,0.7524673587515842
CACYBP,CACYBP,plasma,PROT,2,-0.05996339966402385,0.7041240683801921
CADPS,CADPS,plasma,PROT,2,-0.2581453052339753,0.5957983225154784
CALB1,CALB1,plasma,PROT,2,-0.03109097760123955,0.3609996550282755
CALB2,CALB2,plasma,PROT,2,-0.0989621962962702,0.4560900190797377
CALCA,CALCA,plasma,PROT,2,-0.17296912403169065,0.34964385579013363
CALCB,CALCB,plasma,PROT,2,-0.03634999999999999,0.23521990966308143
CALCOCO1,CALCOCO1,plasma,PROT,2,-0.02554357239487175,0.8374079813622992
CALCOCO2,CALCOCO2,plasma,PROT,2,-0.17811261792492433,0.566002075870504
CAMKK1,CAMKK1,plasma,PROT,2,0.0472019726728172,0.38181736043056036
CAMLG,CAMLG,plasma,PROT,2,-0.2325054843381219,0.789042491817358
CAMSAP1,CAMSAP1,plasma,PROT,2,-0.02265,0.850178066011716
CANT1,CANT1,plasma,PROT,2,-0.1198348243470864,0.18530873141878235
CAPG,CAPG,plasma,PROT,2,-0.06036141595669835,0.40010150352539614
CAPN3,CAPN3,plasma,PROT,2,0.0060565450046859,0.3285088802399422
CAPS,CAPS,plasma,PROT,2,-0.2873595080672017,0.18002327640445628
CARHSP1,CARHSP1,plasma,PROT,2,-0.09632497621477004,0.34021587564694694
CASC3,CASC3,plasma,PROT,2,-0.0613004088515617,0.3979657943556012
CASP1,CASP1,plasma,PROT,2,-0.0035087643413986482,0.8085919836312656
CASP10,CASP10,plasma,PROT,2,-0.0040215122274030995,0.5080694938574842
CASP2,CASP2,plasma,PROT,2,0.023800698840564252,0.3673487662812165
CASP3,CASP3,plasma,PROT,2,-0.0016199519978632995,0.7636927426308837
CASP4,CASP4,plasma,PROT,2,-0.07266384736497465,1.2448067860532082
CASP7,CASP7,plasma,PROT,2,-0.0399349330627229,0.46324946588605986
CASP8,CASP8,plasma,PROT,2,-0.16390811011582468,0.3357641425867861
CASQ2,CASQ2,plasma,PROT,2,0.0514372038431328,0.6941021745065047
CAT,CAT,plasma,PROT,2,-0.006848766932665749,0.22411983388979545
CBLIF,CBLIF,plasma,PROT,2,-0.1031701580008659,0.3814988223628739
CBLN1,CBLN1,plasma,PROT,2,-0.061200000000000004,0.7295092880488612
CBLN4,CBLN4,plasma,PROT,2,0.08370961845167416,0.219133143689947
CBS,CBS,plasma,PROT,2,-0.12035488849645609,0.739976223211609
CC2D1A,CC2D1A,plasma,PROT,2,-0.17088492909917896,0.5978019753557013
CCAR2,CCAR2,plasma,PROT,2,0.05024215384887865,0.4789045793608975
CCDC134,CCDC134,plasma,PROT,2,-0.13335944268337124,0.4912052241299319
CCDC28A,CCDC28A,plasma,PROT,2,-0.01070836165065355,0.3491366727434452
CCDC50,CCDC50,plasma,PROT,2,-0.08594987210650225,0.25630209470933946
CCDC80,CCDC80,plasma,PROT,2,0.09287407007129364,0.2954228522344189
CCER2,CCER2,plasma,PROT,2,0.0527238719482932,0.5157742861154249
CCL11,CCL11,plasma,PROT,2,-0.08839754875663355,0.31673739038075155
CCL13,CCL13,plasma,PROT,2,0.19612246331081046,0.5069775366891895
CCL14,CCL14,plasma,PROT,2,-0.15121614408018696,0.40615893405100645
CCL15,CCL15,plasma,PROT,2,-0.3124196467595829,0.4071597749641148
CCL16,CCL16,plasma,PROT,2,-0.24522312034840874,0.4846643477586553
CCL17,CCL17,plasma,PROT,2,0.28728811054568604,0.770573188345006
CCL18,CCL18,plasma,PROT,2,-0.01350739094473255,0.4813376125294236
CCL19,CCL19,plasma,PROT,2,-0.0932280394207432,0.2656046911700297
CCL2,CCL2,plasma,PROT,2,-0.0467060255310342,0.1354044063608704
CCL20,CCL20,plasma,PROT,2,-0.14804145448050066,0.6152737839118838
CCL21,CCL21,plasma,PROT,2,-0.0175437794969298,0.2704626197507425
CCL22,CCL22,plasma,PROT,2,0.20561474432970084,0.439225
CCL23,CCL23,plasma,PROT,2,0.116549487193468,0.34079313061536254
CCL24,CCL24,plasma,PROT,2,-0.2031768573601906,0.6117827948187037
CCL25,CCL25,plasma,PROT,2,-0.16379430751788135,0.46062498202849056
CCL26,CCL26,plasma,PROT,2,0.04432934300394785,0.5368793430039478
CCL27,CCL27,plasma,PROT,2,-0.17343714332794596,0.44179999999999997
CCL28,CCL28,plasma,PROT,2,-0.45043501848101297,0.9274458596763981
CCL3,CCL3,plasma,PROT,2,-0.022675545713119402,0.44771382549258043
CCL4,CCL4,plasma,PROT,2,0.0098861105570071,0.43654972189504626
CCL5,CCL5,plasma,PROT,2,0.36574087537936556,0.7919035620853156
CCL7,CCL7,plasma,PROT,2,0.0432509280183519,0.4544886986143461
CCL8,CCL8,plasma,PROT,2,0.02160755007470635,0.3689880676205267
CCN1,CCN1,plasma,PROT,2,-0.1667984904856415,0.38572709007230976
CCN2,CCN2,plasma,PROT,2,-0.0431428861211542,0.392572532681679
CCN3,CCN3,plasma,PROT,2,-0.10206311023234035,0.3929573850707957
CCN4,CCN4,plasma,PROT,2,-0.1762676591211698,0.20703761374027324
CCN5,CCN5,plasma,PROT,2,-0.009831832362585152,0.667770655132652
CCND2,CCND2,plasma,PROT,2,-0.1384592891931148,0.8138162152206071
CCNE1,CCNE1,plasma,PROT,2,-0.07018799102291526,0.25041948458801916
CCS,CCS,plasma,PROT,2,-0.02473394293468895,0.3517096085830943
CCT5,CCT5,plasma,PROT,2,0.026278806605731647,0.19609071240975007
CD101,CD101,plasma,PROT,2,-0.0435837568535426,0.30611430208376933
CD109,CD109,plasma,PROT,2,-0.0548692247620342,0.3234004716720619
CD14,CD14,plasma,PROT,2,-0.1227460226450111,0.5150068924154068
CD160,CD160,plasma,PROT,2,0.0186427992892501,0.2299768149072129
CD164,CD164,plasma,PROT,2,-0.12203691343679135,0.17754218971186755
CD164L2,CD164L2,plasma,PROT,2,0.018728809788692,0.4756930646305371
CD177,CD177,plasma,PROT,2,0.13228281432178135,0.7214299253889735
CD1C,CD1C,plasma,PROT,2,0.0776229298175187,0.18914778087935094
CD2,CD2,plasma,PROT,2,-0.0138822653315555,0.3866262241888428
CD200,CD200,plasma,PROT,2,-0.36162207476783476,0.26825723402151286
CD200R1,CD200R1,plasma,PROT,2,0.13333895042309815,0.21965681752994815
CD207,CD207,plasma,PROT,2,0.0190191310207806,0.26415325673877954
CD209,CD209,plasma,PROT,2,-0.033713267859679,0.4121492732762946
CD22,CD22,plasma,PROT,2,0.15089620710253399,0.2172516527539159
CD226,CD226,plasma,PROT,2,-0.00075300455362065,0.29651243409485484
CD244,CD244,plasma,PROT,2,0.06797120616108035,0.18007746830528765
CD248,CD248,plasma,PROT,2,-0.0211584516458715,0.37325652398585807
CD27,CD27,plasma,PROT,2,-0.12548521901080545,0.2484736174921415
CD274,CD274,plasma,PROT,2,-0.2920669307787839,0.29570811285764176
CD276,CD276,plasma,PROT,2,-0.0122155146173186,0.23208449491385558
CD28,CD28,plasma,PROT,2,-0.0079401536903418,0.3156316273108254
CD2AP,CD2AP,plasma,PROT,2,-0.1473495387879576,0.5788095480090094
CD300A,CD300A,plasma,PROT,2,0.0247839471941851,0.3203072094008097
CD300C,CD300C,plasma,PROT,2,0.009400360507044,0.3220354029018697
CD300E,CD300E,plasma,PROT,2,-0.23524882216047116,0.30286106930623347
CD300LF,CD300LF,plasma,PROT,2,-0.1553649202066878,0.355469387759732
CD300LG,CD300LG,plasma,PROT,2,-0.0389828698714476,0.2367171301285524
CD302,CD302,plasma,PROT,2,-0.0663762908226323,0.24553591310420603
CD33,CD33,plasma,PROT,2,0.18391680467886723,0.42100000000000004
CD34,CD34,plasma,PROT,2,0.09324650556376154,0.2788573553218838
CD36,CD36,plasma,PROT,2,-0.1070251316484766,0.20123182462543415
CD38,CD38,plasma,PROT,2,-0.14454185759450333,0.2580892180169228
CD3D,CD3D,plasma,PROT,2,-0.0307027668393357,0.32167697456350675
CD3E,CD3E,plasma,PROT,2,0.0578333275258339,0.3107375370608792
CD3G,CD3G,plasma,PROT,2,-0.03064573329487335,0.7617113938569655
CD4,CD4,plasma,PROT,2,-0.02558287092455465,0.2149292977455535
CD40,CD40,plasma,PROT,2,-0.11510056035369885,0.3597089548062061
CD46,CD46,plasma,PROT,2,-0.3118257370198825,0.22238639911699531
CD48,CD48,plasma,PROT,2,0.040338978060647346,0.22349625199123874
CD5,CD5,plasma,PROT,2,0.1192236123835512,0.2078847912555544
CD55,CD55,plasma,PROT,2,-0.08690587271215569,0.16203544711363266
CD58,CD58,plasma,PROT,2,0.00415,0.2185565765029269
CD59,CD59,plasma,PROT,2,-0.16345178812140354,0.2415539561738858
CD5L,CD5L,plasma,PROT,2,-0.07594850966101424,0.4056565618503368
CD6,CD6,plasma,PROT,2,0.0608781898232844,0.2764784101380703
CD63,CD63,plasma,PROT,2,-0.06339502384016996,0.43746365108498514
CD69,CD69,plasma,PROT,2,-0.10673471071314625,0.9091117229420858
CD7,CD7,plasma,PROT,2,-0.0438473409908084,0.23379483018932973
CD70,CD70,plasma,PROT,2,0.0817997680371213,0.32293693248866984
CD72,CD72,plasma,PROT,2,-0.0071709745681081,0.3029611113808117
CD74,CD74,plasma,PROT,2,-0.1620544477251068,0.23802863862317336
CD79B,CD79B,plasma,PROT,2,0.04922323713824625,0.23825374220687479
CD80,CD80,plasma,PROT,2,-0.0278073876213828,0.26991128152583654
CD82,CD82,plasma,PROT,2,-0.2216499086811052,0.7623862639929734
CD83,CD83,plasma,PROT,2,0.08665308646794286,0.203721457457057
CD84,CD84,plasma,PROT,2,0.022671642438023047,0.2133880822748304
CD86,CD86,plasma,PROT,2,-0.009307746549416702,0.3301
CD8A,CD8A,plasma,PROT,2,0.2757956942781121,0.3825548435384155
CD93,CD93,plasma,PROT,2,0.12054633206171865,0.35415552349292173
CD99,CD99,plasma,PROT,2,0.004570509202088443,0.26094472285196957
CD99L2,CD99L2,plasma,PROT,2,-0.0180178780254578,0.27344481946630433
CDA,CDA,plasma,PROT,2,-0.129886082712594,0.3339543928005384
CDAN1,CDAN1,plasma,PROT,2,-0.0322430071356965,0.1430488852459325
CDC123,CDC123,plasma,PROT,2,-0.05590931196104,0.7044930010242684
CDC26,CDC26,plasma,PROT,2,-0.026596150296708802,0.3325775795430273
CDC27,CDC27,plasma,PROT,2,-0.0388326101245348,0.36023281523732836
CDC37,CDC37,plasma,PROT,2,-0.10830000000000001,0.41523790370707253
CDC42BPB,CDC42BPB,plasma,PROT,2,-0.0354454359420352,0.7745209891486955
CDCP1,CDCP1,plasma,PROT,2,-0.21086673098982206,0.3266146396278842
CDH1,CDH1,plasma,PROT,2,-0.09267337735437625,0.21246941400010513
CDH15,CDH15,plasma,PROT,2,-0.08290859138586071,0.23808432021960685
CDH17,CDH17,plasma,PROT,2,0.0560326399393762,0.5566326399393762
CDH2,CDH2,plasma,PROT,2,-0.14951726885457806,0.345750596838721
CDH22,CDH22,plasma,PROT,2,0.00032876289888744996,0.4166754762551641
CDH3,CDH3,plasma,PROT,2,0.0849247500411649,0.28466120298308645
CDH4,CDH4,plasma,PROT,2,0.0006597006054357502,0.3501227319990618
CDH5,CDH5,plasma,PROT,2,-0.03488270282755855,0.3064804163332868
CDH6,CDH6,plasma,PROT,2,0.0166917389194528,0.29969999999999997
CDHR2,CDHR2,plasma,PROT,2,0.2691416593798519,0.7632481611761751
CDHR5,CDHR5,plasma,PROT,2,-0.16279366228829575,0.36865000000000003
CDK1,CDK1,plasma,PROT,2,-0.17419923168038987,0.46490076831961014
CDK5RAP3,CDK5RAP3,plasma,PROT,2,-0.036311899609331504,0.38600542292993867
CDKL5,CDKL5,plasma,PROT,2,-0.17754435713796185,0.4045748054060778
CDKN1A,CDKN1A,plasma,PROT,2,-0.05556062066548115,0.6512690914891142
CDKN2D,CDKN2D,plasma,PROT,2,0.0687988539288974,1.0223385334886175
CDNF,CDNF,plasma,PROT,2,-0.0064390604300747,0.23490518875450073
CDON,CDON,plasma,PROT,2,-0.05902559438702165,0.3514981466186383
CDSN,CDSN,plasma,PROT,2,-0.0414608815923175,0.3027933549959517
CEACAM1,CEACAM1,plasma,PROT,2,0.03961219250785755,0.2960761193480241
CEACAM16,CEACAM16,plasma,PROT,2,-0.15066238937924004,0.45944859832434715
CEACAM18,CEACAM18,plasma,PROT,2,-0.137937872493203,0.6384810060681638
CEACAM20,CEACAM20,plasma,PROT,2,0.051804435450643144,0.5276668637956867
CEACAM21,CEACAM21,plasma,PROT,2,-0.1190113161974862,0.7429397615004838
CEACAM3,CEACAM3,plasma,PROT,2,0.014271902221072101,0.43219656177470483
CEACAM5,CEACAM5,plasma,PROT,2,0.0069091276516512,0.4469182187929663
CEACAM6,CEACAM6,plasma,PROT,2,0.0673408001042552,0.4884005775492659
CEACAM8,CEACAM8,plasma,PROT,2,-0.05771531159738205,0.406614188533956
CEBPA,CEBPA,plasma,PROT,2,-0.04742647605733215,0.21308927224637605
CEBPB,CEBPB,plasma,PROT,2,-0.21289116346020215,0.38141140989998534
CELA2A,CELA2A,plasma,PROT,2,-0.16014544563247668,0.4346496947476338
CELA3A,CELA3A,plasma,PROT,2,-0.2712180580369758,0.5927781808730206
CELSR2,CELSR2,plasma,PROT,2,-0.10247500000000001,0.2965204596031119
CEMIP2,CEMIP2,plasma,PROT,2,-0.1828539462990266,0.34672809450948905
CEND1,CEND1,plasma,PROT,2,-0.07385171291217754,0.42641122713690155
CENPF,CENPF,plasma,PROT,2,-0.053976970169945404,0.24830729092123444
CENPJ,CENPJ,plasma,PROT,2,-0.17396869933642634,0.7867076426559609
CEP112,CEP112,plasma,PROT,2,-0.02528406281963755,0.35931891040664443
CEP152,CEP152,plasma,PROT,2,-0.40147852462348976,0.8304785246234898
CEP164,CEP164,plasma,PROT,2,-0.0279796051865814,0.1723581128195722
CEP170,CEP170,plasma,PROT,2,-0.106487635381862,0.6501882226155058
CEP20,CEP20,plasma,PROT,2,-0.0493193731294642,0.42678542231623856
CEP290,CEP290,plasma,PROT,2,0.0924,0.5307076076306889
CEP350,CEP350,plasma,PROT,2,-0.42547255139269474,0.9420535868863742
CEP43,CEP43,plasma,PROT,2,-0.22648025572929092,0.3680314973380545
CEP85,CEP85,plasma,PROT,2,0.0048830585328031,0.41630596890956095
CERT1,CERT1,plasma,PROT,2,-0.1175640917199668,0.47824718770667407
CES1,CES1,plasma,PROT,2,-0.1332316793141701,0.48929234736926536
CES2,CES2,plasma,PROT,2,-0.2489992145037646,0.3365180182935406
CES3,CES3,plasma,PROT,2,-0.11968954795475506,0.24782994829571936
CETN2,CETN2,plasma,PROT,2,-0.0496357505349077,0.7091926231380061
CETN3,CETN3,plasma,PROT,2,-0.10150350076004686,0.31512794224083385
CFB,CFB,plasma,PROT,2,0.08194207200095441,0.37400784414270777
CFC1,CFC1,plasma,PROT,2,-0.14862510161407436,0.2911100269207503
CFD,CFD,plasma,PROT,2,-0.03991933556841685,0.16406542825169726
CFH,CFH,plasma,PROT,2,-0.0119647835162363,0.2906225425290987
CFHR2,CFHR2,plasma,PROT,2,0.0054103049142339,0.4314345005073892
CFHR4,CFHR4,plasma,PROT,2,-0.04798663393870675,0.5049080933902821
CFHR5,CFHR5,plasma,PROT,2,0.13873051758708888,0.2741239854455838
CFI,CFI,plasma,PROT,2,-0.01117902274284845,0.21949488060157102
CFP,CFP,plasma,PROT,2,0.027334680083680347,0.1757041915631527
CGB3_CGB5_CGB8,CGB3_CGB5_CGB8,plasma,PROT,2,-0.29738340170454713,0.6329688180372695
CGN,CGN,plasma,PROT,2,-0.16926030260583058,0.5517411334904068
CGREF1,CGREF1,plasma,PROT,2,-0.1719551619889514,0.37600521183756985
CHAC2,CHAC2,plasma,PROT,2,-0.03894108223149745,0.28276674287044556
CHAD,CHAD,plasma,PROT,2,-0.0652859526525252,0.23629269410810932
CHCHD10,CHCHD10,plasma,PROT,2,-0.19994389407653024,0.2634031479657691
CHCHD6,CHCHD6,plasma,PROT,2,0.09649019081604046,0.33036738555130574
CHEK2,CHEK2,plasma,PROT,2,-0.055040917719681746,0.32110371192125836
CHGA,CHGA,plasma,PROT,2,-0.1506616582370793,0.4935090368306712
CHGB,CHGB,plasma,PROT,2,-0.1787,0.4002798995672886
CHI3L1,CHI3L1,plasma,PROT,2,0.06268987486025304,0.3524678409142257
CHIT1,CHIT1,plasma,PROT,2,0.0022147253695826,0.5937925392619582
CHL1,CHL1,plasma,PROT,2,0.018994923949610602,0.2715944993171209
CHM,CHM,plasma,PROT,2,-0.014538807465846501,0.4703408099406087
CHMP1A,CHMP1A,plasma,PROT,2,-0.1013647621084355,0.5495922476883186
CHMP6,CHMP6,plasma,PROT,2,-0.0257379445980475,0.3036721488743172
CHP1,CHP1,plasma,PROT,2,-0.14578706701799585,0.7286053544336739
CHRDL1,CHRDL1,plasma,PROT,2,-0.1190270548006689,0.30154825892500575
CHRDL2,CHRDL2,plasma,PROT,2,-0.0538909225311497,0.39245030358099775
CHRM1,CHRM1,plasma,PROT,2,-0.020662415165633448,0.3365130738748126
CIAPIN1,CIAPIN1,plasma,PROT,2,-0.17292472696027925,0.4831
CILP,CILP,plasma,PROT,2,-0.18284930638633473,0.4273228210785702
CINP,CINP,plasma,PROT,2,-0.04915917414534485,0.24914082585465513
CIRBP,CIRBP,plasma,PROT,2,-0.1769173263453007,0.7531434375138637
CIT,CIT,plasma,PROT,2,-0.061162606910480255,0.2002308523971531
CKAP4,CKAP4,plasma,PROT,2,-0.15106965364179614,0.2481094778131651
CKB,CKB,plasma,PROT,2,-0.27149999999999996,0.416283967667779
CKMT1A_CKMT1B,CKMT1A_CKMT1B,plasma,PROT,2,0.06751867663596695,0.594439823644682
CLASP1,CLASP1,plasma,PROT,2,-0.1613,0.6899328149385507
CLC,CLC,plasma,PROT,2,-0.0676849955888767,0.43500636961192596
CLEC10A,CLEC10A,plasma,PROT,2,0.00999387557378785,0.24855401456529458
CLEC11A,CLEC11A,plasma,PROT,2,-0.15822802111876477,0.24348513344634826
CLEC12A,CLEC12A,plasma,PROT,2,-0.1075283135532981,0.21606917501743536
CLEC14A,CLEC14A,plasma,PROT,2,0.08606628470793284,0.32348235549091264
CLEC1A,CLEC1A,plasma,PROT,2,-0.36984088097490797,0.2609829537355537
CLEC1B,CLEC1B,plasma,PROT,2,0.12302089881794531,0.81445
CLEC2L,CLEC2L,plasma,PROT,2,-0.07366295153901,0.27130951662517233
CLEC4A,CLEC4A,plasma,PROT,2,0.15031114327299436,0.2849
CLEC4C,CLEC4C,plasma,PROT,2,0.13794080547318127,0.3259512319604079
CLEC4D,CLEC4D,plasma,PROT,2,-0.0018110377110308004,0.5902421103477947
CLEC4G,CLEC4G,plasma,PROT,2,0.10823599332108441,0.16839252978526095
CLEC4M,CLEC4M,plasma,PROT,2,-0.07493355771851405,0.4323667235158911
CLEC5A,CLEC5A,plasma,PROT,2,0.053344549220097445,0.27169316252589515
CLEC6A,CLEC6A,plasma,PROT,2,-0.1618374990445159,0.3517206715820934
CLGN,CLGN,plasma,PROT,2,0.0294177693220919,0.5095899897138476
CLIC5,CLIC5,plasma,PROT,2,-0.0148560849267641,0.35179897329314913
CLINT1,CLINT1,plasma,PROT,2,-0.09365000000000001,0.3682262984311483
CLIP2,CLIP2,plasma,PROT,2,0.057870791541811656,1.2109449702980757
CLMP,CLMP,plasma,PROT,2,0.01542821572841525,0.13234780464821244
CLNS1A,CLNS1A,plasma,PROT,2,-0.11512123203588559,0.44266581366718105
CLPP,CLPP,plasma,PROT,2,-0.09653015473135701,0.5378808395265856
CLPS,CLPS,plasma,PROT,2,-0.16984220107597509,0.5973759709305902
CLSPN,CLSPN,plasma,PROT,2,0.01404552851257795,0.3136430316801642
CLSTN2,CLSTN2,plasma,PROT,2,-0.013170084163461951,0.1944195473059803
CLSTN3,CLSTN3,plasma,PROT,2,-0.043296614701329894,0.1765683543610303
CLTA,CLTA,plasma,PROT,2,-0.1206856606407948,0.20713091279538576
CLU,CLU,plasma,PROT,2,-0.01595144991935265,0.17023028855835648
CLUL1,CLUL1,plasma,PROT,2,-0.0100355194673065,0.3720545567699314
CMC1,CMC1,plasma,PROT,2,0.0230262359911345,0.43586799313799096
CMIP,CMIP,plasma,PROT,2,0.0666540137933202,0.6071445218406528
CNDP1,CNDP1,plasma,PROT,2,-0.113676636626145,0.32995490695445506
CNGB3,CNGB3,plasma,PROT,2,-0.00607858756743055,0.3071405407223292
CNP,CNP,plasma,PROT,2,-0.14233071402701086,0.5103178901079016
CNPY2,CNPY2,plasma,PROT,2,-0.07478287274295856,0.369876127183288
CNPY4,CNPY4,plasma,PROT,2,-0.06391511214589166,0.4133715065439425
CNST,CNST,plasma,PROT,2,-0.06136354337081005,0.8169577434484638
CNTF,CNTF,plasma,PROT,2,-0.27808803450207553,1.0091407732132796
CNTN1,CNTN1,plasma,PROT,2,0.01838353599687185,0.2695180704591117
CNTN2,CNTN2,plasma,PROT,2,-0.0986467383263834,0.4794455811614509
CNTN3,CNTN3,plasma,PROT,2,0.06917604656789075,0.3169
CNTN4,CNTN4,plasma,PROT,2,0.0509589480327784,0.20455424349823265
CNTN5,CNTN5,plasma,PROT,2,0.0216435864337617,0.29724218081374265
CNTNAP2,CNTNAP2,plasma,PROT,2,-0.12425106943726216,0.24733746290914185
COCH,COCH,plasma,PROT,2,-0.08050341226109084,0.2802129494621409
COL15A1,COL15A1,plasma,PROT,2,-0.07432974160152081,0.3112002438189613
COL18A1,COL18A1,plasma,PROT,2,-0.16723560463201348,0.2604287991903822
COL1A1,COL1A1,plasma,PROT,2,-0.19940000000000002,0.2878197812753269
COL28A1,COL28A1,plasma,PROT,2,0.02422663197421295,0.6032476202882151
COL2A1,COL2A1,plasma,PROT,2,0.1866976935330304,0.3773668888895442
COL3A1,COL3A1,plasma,PROT,2,-0.17421465746278153,0.2228619731043001
COL4A1,COL4A1,plasma,PROT,2,-0.15194200266385094,0.2951543546866151
COL4A4,COL4A4,plasma,PROT,2,-0.0779986487579156,0.41805701394017636
COL5A1,COL5A1,plasma,PROT,2,-0.11449702311787086,0.182657512523453
COL6A3,COL6A3,plasma,PROT,2,-0.18108778399179842,0.4061918252450265
COL9A1,COL9A1,plasma,PROT,2,-0.20082907579207365,0.351237103274052
COL9A2,COL9A2,plasma,PROT,2,0.013986768141342549,0.4255569433133999
COLEC12,COLEC12,plasma,PROT,2,-0.11496323333469005,0.2420458754112292
COMMD1,COMMD1,plasma,PROT,2,-0.151225,0.4022823674646232
COMMD9,COMMD9,plasma,PROT,2,0.048002636401468596,0.2087973635985314
COMP,COMP,plasma,PROT,2,-0.0757304897789247,0.23256334888842853
COMT,COMT,plasma,PROT,2,-0.3517365909187631,0.5696093818892467
COPB2,COPB2,plasma,PROT,2,-0.20553607812434815,0.6141591289137157
COPE,COPE,plasma,PROT,2,0.0333996481736673,0.4587384477965319
COQ7,COQ7,plasma,PROT,2,-0.04823737482003845,0.2486445542841853
CORO1A,CORO1A,plasma,PROT,2,0.059092513752290396,0.6859695997830142
CORO6,CORO6,plasma,PROT,2,-0.1131292026228159,0.287501724272321
COX5B,COX5B,plasma,PROT,2,-0.04563796499693825,0.49785
COX6B1,COX6B1,plasma,PROT,2,-0.14657706708939544,0.504208797093011
CPA1,CPA1,plasma,PROT,2,-0.13428312172633985,0.39528741531978145
CPA2,CPA2,plasma,PROT,2,0.11000040249582829,0.5352626063638624
CPA4,CPA4,plasma,PROT,2,-0.1200249454853348,0.41758027229763134
CPB1,CPB1,plasma,PROT,2,-0.12736938516290844,0.38119278522170214
CPB2,CPB2,plasma,PROT,2,-0.1067173124869221,0.2069428250616085
CPE,CPE,plasma,PROT,2,0.08764680069061509,0.262437877160717
CPM,CPM,plasma,PROT,2,-0.09742864757020489,0.28234128361143707
CPOX,CPOX,plasma,PROT,2,0.0282023778050152,0.24950606866972952
CPPED1,CPPED1,plasma,PROT,2,-0.1439631570364618,0.3154685179464883
CPQ,CPQ,plasma,PROT,2,-0.07701947731982955,0.25205404959594346
CPTP,CPTP,plasma,PROT,2,-0.1271060340132637,0.293721709497918
CPVL,CPVL,plasma,PROT,2,-0.118184898536125,0.25453372492167026
CPXM1,CPXM1,plasma,PROT,2,0.0472507167749859,0.5338605192008408
CPXM2,CPXM2,plasma,PROT,2,-0.12531065370686265,0.2825567766733312
CR1,CR1,plasma,PROT,2,0.0152,0.376279994404388
CR2,CR2,plasma,PROT,2,-0.06872235849069935,0.3573125791836864
CRACR2A,CRACR2A,plasma,PROT,2,0.23369671961113514,0.7932899307115823
CRADD,CRADD,plasma,PROT,2,-0.13142748091997364,0.6347664856725382
CREB3,CREB3,plasma,PROT,2,0.00465,0.422114301474306
CREBZF,CREBZF,plasma,PROT,2,-0.080314863926286,0.27259997542623715
CREG1,CREG1,plasma,PROT,2,-0.353115340422668,0.3362727774001854
CRELD1,CRELD1,plasma,PROT,2,-0.039662214704328055,0.33579722072493734
CRELD2,CRELD2,plasma,PROT,2,-0.01068182320812505,0.366
CRH,CRH,plasma,PROT,2,-1.5416115573035778,0.9918493326624536
CRHBP,CRHBP,plasma,PROT,2,-0.1887512864689288,0.31275092837315266
CRHR1,CRHR1,plasma,PROT,2,-0.1502161759993865,0.4669407527024498
CRIM1,CRIM1,plasma,PROT,2,-0.49616507594720805,0.2921728991973147
CRIP2,CRIP2,plasma,PROT,2,-0.118661897432254,0.29435916174107
CRISP2,CRISP2,plasma,PROT,2,-0.03611151417645015,0.4203217109175792
CRISP3,CRISP3,plasma,PROT,2,0.0115388951841351,0.2051983989063034
CRKL,CRKL,plasma,PROT,2,-0.24070167650744284,0.6779168550801908
CRLF1,CRLF1,plasma,PROT,2,0.3797940376237253,0.2596
CRNN,CRNN,plasma,PROT,2,-0.3200431553980503,0.507650280941437
CRTAC1,CRTAC1,plasma,PROT,2,0.11694958003653125,0.3202118408434721
CRTAM,CRTAM,plasma,PROT,2,0.10582887918639525,0.27627848547393546
CRTAP,CRTAP,plasma,PROT,2,0.0099824494022606,0.1749324494022606
CRX,CRX,plasma,PROT,2,-0.21735,0.6035373399295443
CRYBB1,CRYBB1,plasma,PROT,2,-0.0938582082834216,0.3767346659831081
CRYBB2,CRYBB2,plasma,PROT,2,-0.00273742641246945,0.2176171615048769
CRYGD,CRYGD,plasma,PROT,2,-0.24719610770906636,0.5750546712076792
CRYM,CRYM,plasma,PROT,2,-0.0151413567201352,0.6329488026515899
CRYZL1,CRYZL1,plasma,PROT,2,-0.2679858942746441,0.6382292161258822
CSDE1,CSDE1,plasma,PROT,2,-0.0842804155748123,0.5413257044707133
CSF1,CSF1,plasma,PROT,2,-0.0901936879351482,0.3404515310094893
CSF1R,CSF1R,plasma,PROT,2,-0.42724763123892584,0.3162853430711763
CSF2,CSF2,plasma,PROT,2,0.0409925815636323,0.32237951659996816
CSF2RA,CSF2RA,plasma,PROT,2,-0.3893975144399937,0.39670465694674134
CSF2RB,CSF2RB,plasma,PROT,2,-0.294861350543711,0.4925371570725294
CSF3,CSF3,plasma,PROT,2,0.012995390571737,0.31607004975464736
CSF3R,CSF3R,plasma,PROT,2,-0.6443601492172503,0.4809789681632465
CSH1,CSH1,plasma,PROT,2,-0.7885583509490712,0.4427191362669583
CSNK1D,CSNK1D,plasma,PROT,2,-0.17058746113644302,0.6539805610542887
CSNK2A1,CSNK2A1,plasma,PROT,2,0.0110302953900589,0.28132656211182394
CSPG4,CSPG4,plasma,PROT,2,-0.13395,0.3760611178986893
CSPG5,CSPG5,plasma,PROT,2,-0.06852606153139305,0.36500000446242853
CSRP3,CSRP3,plasma,PROT,2,-0.0617876000935421,0.6977023151184554
CST1,CST1,plasma,PROT,2,-0.1864591419885118,0.6320295539968421
CST3,CST3,plasma,PROT,2,-0.40316459382675396,0.3042109544535395
CST5,CST5,plasma,PROT,2,0.06506855589566685,0.28742200354386926
CST6,CST6,plasma,PROT,2,-0.13766066214427525,0.3862493706725247
CST7,CST7,plasma,PROT,2,-0.006733177570405551,0.5979732774910298
CSTB,CSTB,plasma,PROT,2,-0.22760121925263455,0.37200111889806525
CTBS,CTBS,plasma,PROT,2,-0.187145407979773,0.22985555850044026
CTF1,CTF1,plasma,PROT,2,-0.00882905280883995,0.599589866149323
CTHRC1,CTHRC1,plasma,PROT,2,-0.11165235504487711,0.2411944031517207
CTLA4,CTLA4,plasma,PROT,2,0.02875536072394775,0.4897846860878387
CTNNA1,CTNNA1,plasma,PROT,2,0.0259123445246589,0.5778410416077194
CTRB1,CTRB1,plasma,PROT,2,-0.043201269101256906,0.4069104809253373
CTRC,CTRC,plasma,PROT,2,-0.07047886895650321,0.5177272390306071
CTRL,CTRL,plasma,PROT,2,-0.16443529619470926,0.53715
CTSB,CTSB,plasma,PROT,2,-0.23684730325852593,0.3645507101573694
CTSC,CTSC,plasma,PROT,2,-0.15381325347535404,0.32796627601573874
CTSD,CTSD,plasma,PROT,2,-0.14657151104245764,0.2051748197409596
CTSE,CTSE,plasma,PROT,2,-0.22606624672347603,0.35505
CTSF,CTSF,plasma,PROT,2,-0.018725,0.3496285238915203
CTSH,CTSH,plasma,PROT,2,-0.1085347203343589,0.5034659137544262
CTSL,CTSL,plasma,PROT,2,-0.034387630199132796,0.24733494880297963
CTSO,CTSO,plasma,PROT,2,-0.0749056544301627,0.18352250520407154
CTSS,CTSS,plasma,PROT,2,-0.11175,0.2546011735028296
CTSV,CTSV,plasma,PROT,2,0.11330833606120724,0.23491329978740677
CTSZ,CTSZ,plasma,PROT,2,-0.13306671710151816,0.21650083236391077
CUZD1,CUZD1,plasma,PROT,2,-0.0881,0.39022915768882566
CWC15,CWC15,plasma,PROT,2,-0.08439174566765695,0.2354576291967585
CXADR,CXADR,plasma,PROT,2,-0.1439462525153799,0.35220117018155883
CXCL1,CXCL1,plasma,PROT,2,-0.23975515923558915,0.6864861811536815
CXCL10,CXCL10,plasma,PROT,2,-0.1998893663905845,0.37067998401485774
CXCL11,CXCL11,plasma,PROT,2,-0.1908226950242815,0.42739789370733594
CXCL12,CXCL12,plasma,PROT,2,-0.10892585951981709,0.19952585951981708
CXCL13,CXCL13,plasma,PROT,2,0.2676999232403861,0.6487274293182598
CXCL14,CXCL14,plasma,PROT,2,0.0431820184257944,0.4541005289836464
CXCL16,CXCL16,plasma,PROT,2,-0.07061324482423084,0.24043002560572974
CXCL17,CXCL17,plasma,PROT,2,-0.01106782795435705,0.29145
CXCL3,CXCL3,plasma,PROT,2,0.3046961120459206,0.7752353211750409
CXCL5,CXCL5,plasma,PROT,2,0.34540026603806984,0.863259537147611
CXCL6,CXCL6,plasma,PROT,2,0.06384615715590755,0.6804731580914068
CXCL8,CXCL8,plasma,PROT,2,-0.13601428297742596,0.2930383354754099
CXCL9,CXCL9,plasma,PROT,2,-0.1016734050443109,0.3828080908439873
CYB5A,CYB5A,plasma,PROT,2,-0.205288689229466,0.735096100875397
CYB5R2,CYB5R2,plasma,PROT,2,-0.14567991315592885,0.29903630741595555
CYP24A1,CYP24A1,plasma,PROT,2,-0.0525307910004648,0.561997097856734
CYTH3,CYTH3,plasma,PROT,2,-0.2977050070710932,0.450981007630332
CYTL1,CYTL1,plasma,PROT,2,-0.08882340003759989,0.24986341745660268
DAAM1,DAAM1,plasma,PROT,2,0.0623725983889669,0.6970033887116757
DAB2,DAB2,plasma,PROT,2,-0.09865068177609715,0.5618328621222761
DAG1,DAG1,plasma,PROT,2,-0.4854381311309869,0.2718669430135243
DAND5,DAND5,plasma,PROT,2,-0.19514836446770495,2.010347925733188
DAPK2,DAPK2,plasma,PROT,2,-0.09585034328718775,0.6982081206262056
DAPP1,DAPP1,plasma,PROT,2,-0.007596736360757601,1.4208708528889609
DARS1,DARS1,plasma,PROT,2,-0.11007507281577665,0.60337917193278
DBH,DBH,plasma,PROT,2,0.0038606160987919498,0.6185031390371084
DBI,DBI,plasma,PROT,2,-0.1205808584880464,0.34948823884130925
DBN1,DBN1,plasma,PROT,2,0.0174722895079042,0.3781889966507488
DBNL,DBNL,plasma,PROT,2,-0.2119428297226304,0.8328852594648142
DCBLD2,DCBLD2,plasma,PROT,2,-0.01629452038481445,0.31624452038481443
DCC,DCC,plasma,PROT,2,-0.0257579331536985,0.18015722264838618
DCDC2C,DCDC2C,plasma,PROT,2,-0.34542622094504527,0.9784215359414102
DCLRE1C,DCLRE1C,plasma,PROT,2,-0.49845559165658915,0.9696049268812841
DCN,DCN,plasma,PROT,2,-0.023561838550660852,0.1592762578426602
DCTD,DCTD,plasma,PROT,2,0.0298469034770074,0.6652746279901944
DCTN1,DCTN1,plasma,PROT,2,-0.16081391493036964,0.5342473097022581
DCTN2,DCTN2,plasma,PROT,2,-0.0273637849339989,0.587661906820144
DCTN6,DCTN6,plasma,PROT,2,-0.1150443139481438,0.3355125621588128
DCTPP1,DCTPP1,plasma,PROT,2,-0.11554484519465225,0.29951719177746605
DCUN1D1,DCUN1D1,plasma,PROT,2,-0.1321861388494042,0.4044623896377988
DCUN1D2,DCUN1D2,plasma,PROT,2,-0.2973508241022095,0.6894401652950052
DCXR,DCXR,plasma,PROT,2,0.08779999999999999,0.5650266396162016
DDA1,DDA1,plasma,PROT,2,-0.018745219371312148,0.4753125176305052
DDAH1,DDAH1,plasma,PROT,2,-0.1536734594929544,0.3285081327902002
DDC,DDC,plasma,PROT,2,0.0447944264514661,0.48346545503412913
DDHD2,DDHD2,plasma,PROT,2,-0.15653818682847545,0.3844777727776864
DDI2,DDI2,plasma,PROT,2,-0.13213869932839856,0.3951708966732791
DDR1,DDR1,plasma,PROT,2,-0.5509786806350099,0.2813780793525429
DDT,DDT,plasma,PROT,2,-0.1808462888950475,0.2953856412365064
DDX1,DDX1,plasma,PROT,2,-0.01260139911651605,0.4117882888004516
DDX25,DDX25,plasma,PROT,2,-0.0698501301388918,0.5447160944137632
DDX39A,DDX39A,plasma,PROT,2,0.00166456695858795,0.2939819209697775
DDX4,DDX4,plasma,PROT,2,-0.131469106850681,0.5661977758359814
DDX53,DDX53,plasma,PROT,2,0.01797533693429125,0.3971245772671016
DDX58,DDX58,plasma,PROT,2,-0.0838482664778831,0.3316703600787161
DECR1,DECR1,plasma,PROT,2,-0.06458948536410705,0.866643502534252
DEFA1_DEFA1B,DEFA1_DEFA1B,plasma,PROT,2,-0.13369158886951665,0.4080337301975083
DEFB103A_DEFB103B,DEFB103A_DEFB103B,plasma,PROT,2,-0.07401570564402729,0.5540176268022194
DEFB104A_DEFB104B,DEFB104A_DEFB104B,plasma,PROT,2,-0.0738644737407051,0.5071007334042502
DEFB116,DEFB116,plasma,PROT,2,0.0427102923915097,0.5838963529979104
DEFB118,DEFB118,plasma,PROT,2,-0.12698065157893715,0.8174945998533715
DEFB4A_DEFB4B,DEFB4A_DEFB4B,plasma,PROT,2,-0.348277468156933,1.151515937613175
DENND2B,DENND2B,plasma,PROT,2,-0.11396962642662956,0.3159696264266295
DENR,DENR,plasma,PROT,2,-0.25345274387845085,0.4706304306761787
DFFA,DFFA,plasma,PROT,2,-0.05162339288756085,0.3287424505659196
DGCR6,DGCR6,plasma,PROT,2,-0.14980564638257293,0.40775695927382594
DGKA,DGKA,plasma,PROT,2,0.0036712527841491504,0.31000363923927177
DGKZ,DGKZ,plasma,PROT,2,-0.01933985338131215,0.28799137285185145
DHODH,DHODH,plasma,PROT,2,-0.01611981282450305,0.4933121735493009
DHPS,DHPS,plasma,PROT,2,-0.2752639760136363,0.314143030117594
DHRS4L2,DHRS4L2,plasma,PROT,2,0.020374236228485602,0.24020786650311446
DIABLO,DIABLO,plasma,PROT,2,-0.0141287264921493,1.0468292243038002
DIPK1C,DIPK1C,plasma,PROT,2,-0.031075000000000002,0.594225
DIPK2B,DIPK2B,plasma,PROT,2,-0.0406747517430453,0.28249969502318373
DKK1,DKK1,plasma,PROT,2,-0.008231703728717149,0.3970552475101358
DKK3,DKK3,plasma,PROT,2,0.00395727715211035,0.30503855013666714
DKK4,DKK4,plasma,PROT,2,-0.0754172487119412,0.26729899771908244
DKKL1,DKKL1,plasma,PROT,2,-0.08931514598895325,0.5371027265110724
DLG4,DLG4,plasma,PROT,2,0.050824999999999954,0.4714575255818442
DLGAP5,DLGAP5,plasma,PROT,2,-0.0652654727353224,0.450289626019516
DLK1,DLK1,plasma,PROT,2,-0.7905743801877211,0.4136806680954039
DLL1,DLL1,plasma,PROT,2,-0.130525,0.29410574303168746
DLL4,DLL4,plasma,PROT,2,0.1099388653547691,0.6854111346452308
DMD,DMD,plasma,PROT,2,-0.29366883772451763,0.3000591615149151
DMP1,DMP1,plasma,PROT,2,-0.06363965776564304,0.4375186218917685
DNAJA1,DNAJA1,plasma,PROT,2,-0.22870000000000001,0.6009168711065966
DNAJA2,DNAJA2,plasma,PROT,2,-0.1031435609744292,0.5849194933501376
DNAJA4,DNAJA4,plasma,PROT,2,-0.0512550767763368,0.3451889804198497
DNAJB1,DNAJB1,plasma,PROT,2,-0.398225,0.634548666476026
DNAJB14,DNAJB14,plasma,PROT,2,-0.055643385211079095,0.476998962295601
DNAJB2,DNAJB2,plasma,PROT,2,-0.1183150243417243,0.31595929176984566
DNAJB8,DNAJB8,plasma,PROT,2,0.01155244307029155,0.3077
DNAJC21,DNAJC21,plasma,PROT,2,-0.0037101788271562,0.21610431814009545
DNAJC6,DNAJC6,plasma,PROT,2,-0.2155593877430081,0.569874019031626
DNAJC9,DNAJC9,plasma,PROT,2,-0.2284878572961272,0.8296408750025215
DNER,DNER,plasma,PROT,2,0.03303312547073685,0.2263574868667236
DNLZ,DNLZ,plasma,PROT,2,0.1088574876730439,1.107492240928135
DNM1,DNM1,plasma,PROT,2,-0.006930491044802,0.8336016643520843
DNM3,DNM3,plasma,PROT,2,0.1580301220897982,0.49224989100546024
DNMBP,DNMBP,plasma,PROT,2,-0.1250754788036528,0.3989790709487509
DNPEP,DNPEP,plasma,PROT,2,-0.20034106328093995,0.3828338197627668
DNPH1,DNPH1,plasma,PROT,2,-0.1812164971472856,0.4493495939018435
DOC2B,DOC2B,plasma,PROT,2,0.010243559239007851,0.6774052008660535
DOCK9,DOCK9,plasma,PROT,2,-0.11432673718769534,0.9066983579941175
DOK1,DOK1,plasma,PROT,2,0.16634574169637023,1.2533192816696714
DOK2,DOK2,plasma,PROT,2,0.1197703270791042,0.7859374271458762
DPEP1,DPEP1,plasma,PROT,2,0.024983028140528753,0.4175928553748325
DPEP2,DPEP2,plasma,PROT,2,-0.3303093438705276,0.27098635425026407
DPP10,DPP10,plasma,PROT,2,-0.1429965643316291,0.2981931148410545
DPP4,DPP4,plasma,PROT,2,-0.08786976820159406,0.21182614859687798
DPP6,DPP6,plasma,PROT,2,-0.08159668292179205,0.27333871713512337
DPP7,DPP7,plasma,PROT,2,-0.056066269024220655,0.5897010807268637
DPT,DPT,plasma,PROT,2,-0.1270799143628184,0.38953107305978313
DPY30,DPY30,plasma,PROT,2,-0.15652718490379303,0.29823813932862886
DRAXIN,DRAXIN,plasma,PROT,2,-0.0009260051565857001,0.31239003365442924
DRG2,DRG2,plasma,PROT,2,-0.00405,0.18337515138745708
DSC2,DSC2,plasma,PROT,2,-0.08292463166625111,0.31142576144699724
DSCAM,DSCAM,plasma,PROT,2,-0.1627333044838712,0.3896835590048112
DSG2,DSG2,plasma,PROT,2,0.0071773377921265005,0.2018495581523897
DSG3,DSG3,plasma,PROT,2,0.07587278579768986,0.22547721420231015
DSG4,DSG4,plasma,PROT,2,0.0356835338038194,0.3143840072248111
DTD1,DTD1,plasma,PROT,2,0.02127240072859025,0.9168355844346077
DTNB,DTNB,plasma,PROT,2,-0.2577592488855577,0.24596616508639016
DTX2,DTX2,plasma,PROT,2,-0.21954493175293516,1.0600357900145596
DTX3,DTX3,plasma,PROT,2,-0.0108983535612863,0.17164941525335464
DTYMK,DTYMK,plasma,PROT,2,-0.17151393743190974,0.6129255417248011
DUOX2,DUOX2,plasma,PROT,2,0.0044676482053474,0.43452928327384865
DUSP13,DUSP13,plasma,PROT,2,0.08361836383578225,0.28504034658489424
DUSP29,DUSP29,plasma,PROT,2,-0.2840750186866293,0.8129596493882848
DUSP3,DUSP3,plasma,PROT,2,-0.16007460199675239,0.5681540358842105
DUT,DUT,plasma,PROT,2,-0.0269977366870467,0.6775343844627914
DXO,DXO,plasma,PROT,2,-0.1187904353490379,0.299990067611891
DYNC1H1,DYNC1H1,plasma,PROT,2,0.03953609019013125,0.28407184637199545
DYNLT1,DYNLT1,plasma,PROT,2,-0.03143271003264715,0.5139261709784224
DYNLT3,DYNLT3,plasma,PROT,2,-0.0175944245694032,0.43037016589996147
EBAG9,EBAG9,plasma,PROT,2,-0.14617173674427075,0.5036175225791407
ECHDC3,ECHDC3,plasma,PROT,2,0.07505832709237754,0.7490323811806092
ECHS1,ECHS1,plasma,PROT,2,-0.034125,0.8557127385180545
ECI2,ECI2,plasma,PROT,2,-0.05223091609087125,0.5876316266011843
ECM1,ECM1,plasma,PROT,2,-0.0073461352345131,0.2236152058987485
ECSCR,ECSCR,plasma,PROT,2,-0.15279710247562084,0.5032715022685447
EDA2R,EDA2R,plasma,PROT,2,-0.042023255025900555,0.21106441272226772
EDAR,EDAR,plasma,PROT,2,-0.0017824805292987493,0.4677504099832023
EDDM3B,EDDM3B,plasma,PROT,2,-0.0330366438627211,0.25577647414952415
EDF1,EDF1,plasma,PROT,2,-0.2425236301706391,0.8122486301706392
EDIL3,EDIL3,plasma,PROT,2,-0.0103678808545252,0.2668893031603839
EDN1,EDN1,plasma,PROT,2,-0.15086117360482726,0.2188679437391079
EDNRB,EDNRB,plasma,PROT,2,-0.14022800673540986,0.1912228907728192
EEF1D,EEF1D,plasma,PROT,2,0.00480548950508525,0.7585321252575414
EFCAB14,EFCAB14,plasma,PROT,2,-0.11124833146085875,0.15595668793527895
EFCAB2,EFCAB2,plasma,PROT,2,-0.030697350928134297,0.24537104344208643
EFEMP1,EFEMP1,plasma,PROT,2,-0.09216883214273484,0.15984982851976448
EFHD1,EFHD1,plasma,PROT,2,-0.2324837400723366,0.20345774495203223
EFNA4,EFNA4,plasma,PROT,2,-0.1346649341351367,0.182175
EFNB2,EFNB2,plasma,PROT,2,-0.0403727784210917,0.42905360562132594
EGF,EGF,plasma,PROT,2,0.3513439031362697,1.011803338879174
EGFL7,EGFL7,plasma,PROT,2,-0.0927386014687151,0.4110976409513113
EGFLAM,EGFLAM,plasma,PROT,2,-0.15217567220531394,0.19354884921814636
EGFR,EGFR,plasma,PROT,2,-0.0952493077591747,0.17199265015754786
EGLN1,EGLN1,plasma,PROT,2,-0.12494916084481791,0.3039334330524128
EHBP1,EHBP1,plasma,PROT,2,0.003960321423794649,0.3296550786257134
EHD3,EHD3,plasma,PROT,2,-0.02815639022065365,1.093731849844835
EIF1AX,EIF1AX,plasma,PROT,2,-0.0212136668180366,0.15829500998367746
EIF2AK2,EIF2AK2,plasma,PROT,2,-0.051283858272151345,0.6376605780696989
EIF2AK3,EIF2AK3,plasma,PROT,2,-0.013632853881564301,0.6177969812905939
EIF2S2,EIF2S2,plasma,PROT,2,-0.06815722483298975,0.6135722226048111
EIF4B,EIF4B,plasma,PROT,2,-0.1546446480659942,0.5781997251664445
EIF4E,EIF4E,plasma,PROT,2,-0.010482217063374249,1.1067908703463498
EIF4EBP1,EIF4EBP1,plasma,PROT,2,-0.28815098166111053,0.53504901910012
EIF4G1,EIF4G1,plasma,PROT,2,-0.08353948608218756,0.9624060195815186
EIF4G3,EIF4G3,plasma,PROT,2,0.13482345968342094,0.7606123261641087
EIF5,EIF5,plasma,PROT,2,-0.046314252639036,0.5509280557844994
EIF5A,EIF5A,plasma,PROT,2,-0.0601921417281315,0.27911063370995676
ELAC1,ELAC1,plasma,PROT,2,-0.17571363740736995,0.6479207445725693
ELAVL4,ELAVL4,plasma,PROT,2,-0.13433041365776904,0.7372922701613204
ELN,ELN,plasma,PROT,2,-0.0878679335475937,0.3129201438276492
ELOA,ELOA,plasma,PROT,2,-0.13123686573997365,0.2906329975516122
ELOB,ELOB,plasma,PROT,2,-0.07493345558981135,0.3483197641534219
ENAH,ENAH,plasma,PROT,2,-0.06296508579700749,0.34033552039722204
ENDOU,ENDOU,plasma,PROT,2,-0.7986283895260249,0.5391951025153567
ENG,ENG,plasma,PROT,2,-0.25263895375444245,0.22252729850600045
ENO1,ENO1,plasma,PROT,2,-0.12777124708489815,0.5106751904759519
ENO2,ENO2,plasma,PROT,2,-0.055031662761774694,0.46008352155228927
ENO3,ENO3,plasma,PROT,2,0.21935492216701358,0.46946843195559596
ENOPH1,ENOPH1,plasma,PROT,2,0.02572165683219895,0.45584930724910944
ENPEP,ENPEP,plasma,PROT,2,-0.06199264340246265,0.3141931039768011
ENPP2,ENPP2,plasma,PROT,2,-0.13837798174444366,0.4840828807263473
ENPP5,ENPP5,plasma,PROT,2,0.0154702908821622,0.28779152410117004
ENPP6,ENPP6,plasma,PROT,2,0.09165000000000001,0.30937067307045096
ENPP7,ENPP7,plasma,PROT,2,-0.05622509667743544,0.68605
ENSA,ENSA,plasma,PROT,2,-0.009476748614891149,0.4674818499045843
ENTPD2,ENTPD2,plasma,PROT,2,0.015065300564391398,0.3896832153256923
ENTPD5,ENTPD5,plasma,PROT,2,-0.07610775306898751,0.15664391636861774
ENTPD6,ENTPD6,plasma,PROT,2,-0.14293610181227806,0.2275356766372233
ENTR1,ENTR1,plasma,PROT,2,-0.10917289781423575,0.2886285462162879
EPB41L5,EPB41L5,plasma,PROT,2,0.03125836326088115,0.4573915599146652
EPCAM,EPCAM,plasma,PROT,2,0.28068495194999177,0.8257154846597282
EPGN,EPGN,plasma,PROT,2,-0.0300800123292732,0.13097058961470529
EPHA1,EPHA1,plasma,PROT,2,-0.1368441526872218,0.33621876680536567
EPHA10,EPHA10,plasma,PROT,2,0.10317775537161819,0.4081568702762844
EPHA2,EPHA2,plasma,PROT,2,-0.11715317430365946,0.1379652297615973
EPHA4,EPHA4,plasma,PROT,2,-0.012527823054217499,0.32616661952281123
EPHB4,EPHB4,plasma,PROT,2,-0.18199319889309076,0.2055337959313131
EPHB6,EPHB6,plasma,PROT,2,-0.06727452574423534,0.2197333925213511
EPN1,EPN1,plasma,PROT,2,-0.057961158533059956,0.5515243730774406
EPO,EPO,plasma,PROT,2,-0.038414304515169695,0.6301978877886917
EPPK1,EPPK1,plasma,PROT,2,0.00013369980819099994,0.38147579689919886
EPS8L2,EPS8L2,plasma,PROT,2,-0.1214016940099524,0.21775074354091972
ERBB2,ERBB2,plasma,PROT,2,-0.2324028168587599,0.2243084109491782
ERBB3,ERBB3,plasma,PROT,2,-0.22026056712460523,0.17618765042821868
ERBB4,ERBB4,plasma,PROT,2,0.042124204389271044,0.20725
ERBIN,ERBIN,plasma,PROT,2,-0.022355198663123202,0.6676899493364945
ERC2,ERC2,plasma,PROT,2,0.05843381527683765,0.605464400262296
ERCC1,ERCC1,plasma,PROT,2,-0.20140000000000002,0.47645
EREG,EREG,plasma,PROT,2,0.060703688885593854,0.35369922347490274
ERI1,ERI1,plasma,PROT,2,-0.0432035694090015,0.2301658494255471
ERMAP,ERMAP,plasma,PROT,2,-0.11487242524962425,0.2546931281529449
ERN1,ERN1,plasma,PROT,2,-0.0391692733172962,0.22523659310173028
ERP29,ERP29,plasma,PROT,2,-0.0764449448404487,0.8647050551595512
ERP44,ERP44,plasma,PROT,2,-0.1019401496052342,0.17942626819703267
ERVV-1,ERVV-1,plasma,PROT,2,-0.3931409264957316,0.4334412672730743
ESAM,ESAM,plasma,PROT,2,-0.1690570006620839,0.2201992942131035
ESM1,ESM1,plasma,PROT,2,-0.11704770942587331,0.3031870513557257
ESPL1,ESPL1,plasma,PROT,2,-0.0432470684531765,0.4090947664535859
ESR1,ESR1,plasma,PROT,2,0.08013147333549095,0.5510165111232919
ESYT2,ESYT2,plasma,PROT,2,-0.00505722952347575,0.7225380259216225
EVI2B,EVI2B,plasma,PROT,2,-0.3907388485021097,0.6188469153488626
EVI5,EVI5,plasma,PROT,2,-0.08070396263067939,0.7105915599472208
EVPL,EVPL,plasma,PROT,2,-0.1852602660186192,0.3386318105666969
EXOSC10,EXOSC10,plasma,PROT,2,-0.03822499999999995,0.23093807710744818
EXTL1,EXTL1,plasma,PROT,2,-0.053889362600748,0.5239963731367434
EZR,EZR,plasma,PROT,2,-0.08018298572937754,0.15151721354369785
F10,F10,plasma,PROT,2,-0.0478688644239876,0.12030060139127205
F11,F11,plasma,PROT,2,0.1003050927237617,0.196884971626699
F11R,F11R,plasma,PROT,2,-0.18615,0.44362560077133617
F12,F12,plasma,PROT,2,-0.10103825661546345,0.30862401957711916
F13B,F13B,plasma,PROT,2,-0.0424957294983383,0.20931035393076763
F2,F2,plasma,PROT,2,0.00436305069673205,0.18350696978235692
F2R,F2R,plasma,PROT,2,-0.03976551869580005,0.3223203838073323
F3,F3,plasma,PROT,2,0.00648694408368465,0.20849213516591525
F7,F7,plasma,PROT,2,-0.0893535603687233,0.2935774539360245
F9,F9,plasma,PROT,2,-0.08606815973726065,0.2453946541311341
FABP1,FABP1,plasma,PROT,2,-0.4341,1.1044923209364588
FABP2,FABP2,plasma,PROT,2,-0.13935487764236396,0.7045855977639341
FABP3,FABP3,plasma,PROT,2,-0.3056987176368454,0.3253042652270604
FABP4,FABP4,plasma,PROT,2,-0.147266747858184,0.5483036595353942
FABP5,FABP5,plasma,PROT,2,-0.26155,0.5885105871115606
FABP6,FABP6,plasma,PROT,2,-0.0171793137266201,0.37923909035448666
FABP9,FABP9,plasma,PROT,2,-0.0028475360804334996,0.31383512906522715
FADD,FADD,plasma,PROT,2,-0.1989278412133052,0.5361059061108828
FAM13A,FAM13A,plasma,PROT,2,-0.3978558513411704,0.4600772072894514
FAM171A2,FAM171A2,plasma,PROT,2,-0.03866517719289185,1.0054452862765486
FAM171B,FAM171B,plasma,PROT,2,-0.27652381691580225,0.24060054527907837
FAM172A,FAM172A,plasma,PROT,2,-0.008783120701328851,0.3678512465321364
FAM20A,FAM20A,plasma,PROT,2,-0.11021261361006295,0.22759784676671205
FAM3B,FAM3B,plasma,PROT,2,-0.07280262868729415,0.27037932638845363
FAM3C,FAM3C,plasma,PROT,2,-0.18201999914070785,0.3114298839206544
FAM3D,FAM3D,plasma,PROT,2,-0.0963847027886526,0.5452815338541132
FAP,FAP,plasma,PROT,2,-0.04641013417372635,0.1930776594810146
FARSA,FARSA,plasma,PROT,2,-0.14280834291166,0.5130792321723632
FAS,FAS,plasma,PROT,2,-0.0502101612516763,0.20218631796962436
FASLG,FASLG,plasma,PROT,2,0.07445897008865195,0.25343513241945814
FBLN2,FBLN2,plasma,PROT,2,-0.1383207259679638,0.2318
FBN2,FBN2,plasma,PROT,2,-0.4876873477059167,0.45178412956551117
FBP1,FBP1,plasma,PROT,2,0.01015428174804415,0.6109457182519559
FCAMR,FCAMR,plasma,PROT,2,0.4898640787131582,0.6320140787131582
FCAR,FCAR,plasma,PROT,2,0.02327808764240265,0.34209226354793854
FCER1A,FCER1A,plasma,PROT,2,-0.0315896244983185,0.1662082691816438
FCER2,FCER2,plasma,PROT,2,-0.053989489816771,0.32282333546532205
FCGR2A,FCGR2A,plasma,PROT,2,-0.09279959524099815,0.2557588756603998
FCGR2B,FCGR2B,plasma,PROT,2,0.07172333768688315,0.5087398576090584
FCGR3B,FCGR3B,plasma,PROT,2,0.12389974858820105,0.3873954557604713
FCN1,FCN1,plasma,PROT,2,0.1394998906420563,0.5360429291540113
FCN2,FCN2,plasma,PROT,2,0.12448273708215415,0.27508090468218377
FCRL1,FCRL1,plasma,PROT,2,0.15460000000000002,0.29081709357824637
FCRL2,FCRL2,plasma,PROT,2,0.09887615060903479,0.2695372620162094
FCRL3,FCRL3,plasma,PROT,2,0.0786,0.41558874284030184
FCRL5,FCRL5,plasma,PROT,2,0.0099020073792135,0.39868087235112504
FCRL6,FCRL6,plasma,PROT,2,-0.03777940225087825,0.4833368908931933
FCRLB,FCRLB,plasma,PROT,2,-0.0620499844892978,0.2959565055678168
FDX1,FDX1,plasma,PROT,2,0.00629447885337515,0.44850025444861785
FDX2,FDX2,plasma,PROT,2,-0.09271650366715115,0.6009729346323158
FEN1,FEN1,plasma,PROT,2,0.00219703683090285,0.3695370128514187
FES,FES,plasma,PROT,2,0.021951399383117503,0.38424534231158575
FETUB,FETUB,plasma,PROT,2,0.06869450427177246,0.2361172779903235
FGA,FGA,plasma,PROT,2,-0.1333483962320782,0.2646987779436128
FGD3,FGD3,plasma,PROT,2,0.0334355175257475,0.9302535465509103
FGF12,FGF12,plasma,PROT,2,-0.09471183521543156,0.21132328211818915
FGF16,FGF16,plasma,PROT,2,-0.2220723490265629,0.7168341315054418
FGF19,FGF19,plasma,PROT,2,-0.0572422013622266,0.5758408361446583
FGF2,FGF2,plasma,PROT,2,-0.025424188841517148,0.3103789914686535
FGF20,FGF20,plasma,PROT,2,-0.1298833184908586,0.2735964036848153
FGF21,FGF21,plasma,PROT,2,-0.80755,1.6566154488463436
FGF23,FGF23,plasma,PROT,2,-0.5182036692962766,0.46696689237996974
FGF5,FGF5,plasma,PROT,2,-0.07854205412606295,0.2317535838700446
FGF6,FGF6,plasma,PROT,2,0.045428670715690955,0.44102228324841786
FGF7,FGF7,plasma,PROT,2,0.05820347337321615,0.8158071796049204
FGF9,FGF9,plasma,PROT,2,-0.2702338932931882,0.8339560375150126
FGFBP1,FGFBP1,plasma,PROT,2,0.24412846319779435,0.653051255356713
FGFBP2,FGFBP2,plasma,PROT,2,0.03593687604196525,0.43591757264887465
FGFBP3,FGFBP3,plasma,PROT,2,0.0056535952934598,0.26930424570566314
FGFR2,FGFR2,plasma,PROT,2,0.061484992625975246,0.17441169263168435
FGFR4,FGFR4,plasma,PROT,2,0.10765,0.5818068041474674
FGL1,FGL1,plasma,PROT,2,-0.19528953798237886,0.39787072602242074
FGR,FGR,plasma,PROT,2,-0.004452493240848201,0.4828231062260042
FH,FH,plasma,PROT,2,-0.08842711462014365,1.0152480642407753
FHIP2A,FHIP2A,plasma,PROT,2,0.03170840819454865,0.30472901243014455
FHIT,FHIT,plasma,PROT,2,-0.17652859053527914,0.6792214094647209
FIS1,FIS1,plasma,PROT,2,-0.21605000000000002,0.39036635417777027
FKBP14,FKBP14,plasma,PROT,2,-0.0170865608796496,0.55925
FKBP1B,FKBP1B,plasma,PROT,2,0.1065278271475646,0.6624258599671435
FKBP4,FKBP4,plasma,PROT,2,-0.10554874556598154,0.325127236304506
FKBP5,FKBP5,plasma,PROT,2,-0.07105051194804665,0.8830143149944925
FKBP7,FKBP7,plasma,PROT,2,0.0067121459984449995,0.3953140346325583
FKBPL,FKBPL,plasma,PROT,2,-0.09459067269067234,0.31783322151682813
FLRT2,FLRT2,plasma,PROT,2,-0.1247256316921353,0.2580222641053599
FLT1,FLT1,plasma,PROT,2,-0.15797689450828528,0.2572123069717491
FLT3,FLT3,plasma,PROT,2,0.12555,0.2063465185946397
FLT3LG,FLT3LG,plasma,PROT,2,0.040559565379822846,0.1845293399498501
FLT4,FLT4,plasma,PROT,2,-0.3230772220807513,0.26006985391443127
FMNL1,FMNL1,plasma,PROT,2,-0.16481361740079445,0.48348638259920557
FMR1,FMR1,plasma,PROT,2,-0.13742180816160385,0.9374547824285092
FN1,FN1,plasma,PROT,2,-0.09577167769074796,0.23381851628394318
FNDC1,FNDC1,plasma,PROT,2,0.0039652522487195006,0.3772713128634891
FNTA,FNTA,plasma,PROT,2,-0.14572377279839535,0.23182336922519187
FOLH1,FOLH1,plasma,PROT,2,-0.12379069353131521,0.4349437605700535
FOLR1,FOLR1,plasma,PROT,2,-0.44912082719273644,0.323531655362931
FOLR2,FOLR2,plasma,PROT,2,0.1264333830577931,0.36882162238214206
FOLR3,FOLR3,plasma,PROT,2,-4.080622938275177,0.2935811476321377
FOS,FOS,plasma,PROT,2,-0.0893525423701601,0.6149845092604219
FOSB,FOSB,plasma,PROT,2,-0.0586546399906778,0.2092941216199155
FOXJ3,FOXJ3,plasma,PROT,2,-0.0415590194392368,0.38769314141501143
FOXO1,FOXO1,plasma,PROT,2,0.02377033899641125,0.5981964598996252
FOXO3,FOXO3,plasma,PROT,2,-0.1318077028172338,0.5379999955164714
FRMD4B,FRMD4B,plasma,PROT,2,0.0038176370158969504,0.5609932833381409
FRMD7,FRMD7,plasma,PROT,2,-0.0186,0.18786872936240273
FRZB,FRZB,plasma,PROT,2,-0.1492593014673472,0.1962813114338414
FSHB,FSHB,plasma,PROT,2,-0.0658855713234764,0.10812524663379075
FST,FST,plasma,PROT,2,-0.14398444717743653,0.37035197060438335
FSTL1,FSTL1,plasma,PROT,2,-0.059840380809829855,0.12402596009666955
FSTL3,FSTL3,plasma,PROT,2,-0.31954490439664773,0.36057085393906
FTCD,FTCD,plasma,PROT,2,-0.0354847016225776,0.7761652983774224
FUCA1,FUCA1,plasma,PROT,2,-0.21670449537478195,0.6018369897137139
FURIN,FURIN,plasma,PROT,2,-0.34995927217648304,0.25373356148026927
FUS,FUS,plasma,PROT,2,-0.07834724734818906,0.24175851138477067
FUT1,FUT1,plasma,PROT,2,-0.0302852237287106,0.5575949504341711
FUT3_FUT5,FUT3_FUT5,plasma,PROT,2,-0.11153953295994676,0.3529738388277159
FUT8,FUT8,plasma,PROT,2,0.022588520346370298,0.3343815467224278
FXN,FXN,plasma,PROT,2,0.0227828612617184,0.4017683601348917
FXYD5,FXYD5,plasma,PROT,2,0.11613226007234645,0.3710150619711197
FYB1,FYB1,plasma,PROT,2,-0.00288207523687125,0.9628484760311461
FZD10,FZD10,plasma,PROT,2,0.02275155275201575,0.801047777587518
FZD8,FZD8,plasma,PROT,2,-0.09551541617316825,0.2205358912641015
GABARAP,GABARAP,plasma,PROT,2,-0.0662823307259995,0.4038622455928713
GABRA4,GABRA4,plasma,PROT,2,0.05649217260716505,0.43624405354494333
GAD1,GAD1,plasma,PROT,2,-0.09238558577274389,0.5344144142272561
GAD2,GAD2,plasma,PROT,2,-0.0918022245223667,0.35424288627487566
GADD45B,GADD45B,plasma,PROT,2,-0.0747113005967972,0.3614191327604137
GADD45GIP1,GADD45GIP1,plasma,PROT,2,0.015300000000000001,0.3895138747489038
GAGE2A,GAGE2A,plasma,PROT,2,-0.004823760239989001,0.4391141603969576
GAL,GAL,plasma,PROT,2,-0.0731480819873887,0.5483612866480366
GALNT10,GALNT10,plasma,PROT,2,-0.06266955355755251,0.18597400400770098
GALNT2,GALNT2,plasma,PROT,2,-0.08428384353760855,0.1495970327435024
GALNT3,GALNT3,plasma,PROT,2,-0.14381965775190786,0.32960285246498716
GALNT5,GALNT5,plasma,PROT,2,0.01760533485464725,0.2981181554865156
GALNT7,GALNT7,plasma,PROT,2,0.0288370391890398,0.11448761193501246
GAMT,GAMT,plasma,PROT,2,0.00924283196023025,0.21384792271895964
GAPDH,GAPDH,plasma,PROT,2,-0.11570315965628215,0.6538814689804227
GART,GART,plasma,PROT,2,-0.0483745168288372,0.18558801672217204
GAS2,GAS2,plasma,PROT,2,-0.02775,0.3860746571787381
GAS6,GAS6,plasma,PROT,2,0.00880368675166735,0.2584245666047983
GASK1A,GASK1A,plasma,PROT,2,-0.19017116961513486,0.42342336614588705
GAST,GAST,plasma,PROT,2,-0.29605522790938865,0.7605921326602403
GATA3,GATA3,plasma,PROT,2,-0.2840356230914526,0.567863615165394
GATD3,GATD3,plasma,PROT,2,-0.10900923089618815,0.4061739930886473
GBA,GBA,plasma,PROT,2,-0.1028763251541368,0.3735690691411039
GBP1,GBP1,plasma,PROT,2,-0.1618074087178672,0.28259688605274513
GBP2,GBP2,plasma,PROT,2,-0.18802281098041107,0.7779116161486097
GBP4,GBP4,plasma,PROT,2,-0.027709133789889602,0.24481131620758198
GC,GC,plasma,PROT,2,0.0127303065262351,0.36653526183206764
GCC1,GCC1,plasma,PROT,2,-0.01601902590754375,0.8603303807808349
GCG,GCG,plasma,PROT,2,-0.22981095051488631,1.0127121948591093
GCHFR,GCHFR,plasma,PROT,2,-0.1472337496168432,0.2511468200828383
GCLM,GCLM,plasma,PROT,2,-0.14335039249902304,0.416399819887391
GCNT1,GCNT1,plasma,PROT,2,-0.09651290265882975,0.2466487496911187
GDF15,GDF15,plasma,PROT,2,-0.7758161095378344,0.4277036385288003
GDF2,GDF2,plasma,PROT,2,0.10096207929118631,0.30824343147958433
GDNF,GDNF,plasma,PROT,2,-0.1260750837643969,0.2511022944135953
GET3,GET3,plasma,PROT,2,-0.1287025553748203,0.4938416425698566
GFAP,GFAP,plasma,PROT,2,0.0136408274672176,0.3470702136996695
GFER,GFER,plasma,PROT,2,-0.0994476819466055,0.38610503893601145
GFOD2,GFOD2,plasma,PROT,2,0.05181515370886225,0.5136821845345123
GFRA1,GFRA1,plasma,PROT,2,-0.0074456466113550996,0.21459450556559734
GFRA2,GFRA2,plasma,PROT,2,0.030947858320541748,0.1224741706762363
GFRA3,GFRA3,plasma,PROT,2,0.0365781342847869,0.1643507804187326
GFRAL,GFRAL,plasma,PROT,2,0.19006566007925751,0.43163388238097783
GGA1,GGA1,plasma,PROT,2,0.0089273932448912,0.3213542419633831
GGACT,GGACT,plasma,PROT,2,-0.08921609643878561,0.5587977904301804
GGCT,GGCT,plasma,PROT,2,-0.14929908713274959,0.5647129216783833
GGH,GGH,plasma,PROT,2,0.0090408328999931,0.23866767756661666
GGT1,GGT1,plasma,PROT,2,0.01140775982768955,0.3951181996454185
GGT5,GGT5,plasma,PROT,2,-0.0033605587216621498,0.1353270351998466
GH1,GH1,plasma,PROT,2,0.05542499999999995,0.18373875642687398
GH2,GH2,plasma,PROT,2,-0.087189869091987,0.7942983707580902
GHR,GHR,plasma,PROT,2,0.23841749617929603,0.25412028744157567
GHRHR,GHRHR,plasma,PROT,2,0.09926122638717905,0.5971626421410683
GHRL,GHRL,plasma,PROT,2,-0.01211998024478195,0.6554230307146717
GID8,GID8,plasma,PROT,2,-0.0419090492202931,0.32566426747942556
GIGYF2,GIGYF2,plasma,PROT,2,-0.14106690749503487,0.43435416745530636
GIMAP7,GIMAP7,plasma,PROT,2,0.01559999999999995,0.25025002509884314
GIMAP8,GIMAP8,plasma,PROT,2,-0.14944130812435105,0.5148025322679672
GIPC2,GIPC2,plasma,PROT,2,-0.0373309982767948,0.15379534330007444
GIPC3,GIPC3,plasma,PROT,2,0.13671945494075094,0.9942857985254178
GIT1,GIT1,plasma,PROT,2,-0.043365759976789445,0.744302540842521
GJA8,GJA8,plasma,PROT,2,-0.2983,0.6852378052516039
GKN1,GKN1,plasma,PROT,2,-0.02918985740586995,0.21039899264018067
GLB1,GLB1,plasma,PROT,2,-0.1079544470530822,0.31897756684452633
GLI2,GLI2,plasma,PROT,2,-0.025301337598639798,0.1184986624013602
GLO1,GLO1,plasma,PROT,2,-0.3665067324217257,0.48884479252866725
GLOD4,GLOD4,plasma,PROT,2,-0.19107130552282856,0.3277481615491159
GLP1R,GLP1R,plasma,PROT,2,-0.06610547909778915,0.6282745827953755
GLRX,GLRX,plasma,PROT,2,-0.18848174045809568,0.437550205488404
GLRX5,GLRX5,plasma,PROT,2,-0.1071353056043034,0.44970688563769
GLT8D2,GLT8D2,plasma,PROT,2,-0.0811950408540914,0.3874555656383136
GLYR1,GLYR1,plasma,PROT,2,-0.1612250892012113,0.3064748917275064
GM2A,GM2A,plasma,PROT,2,-0.2434482761390272,0.23070962087901495
GMFG,GMFG,plasma,PROT,2,-0.0777791374973599,0.7413312516019199
GMPR,GMPR,plasma,PROT,2,-0.13831490672138805,0.5900845779727406
GMPR2,GMPR2,plasma,PROT,2,-0.03191587472290545,0.5041256879197906
GNAS,GNAS,plasma,PROT,2,-0.0589111852112825,0.2985982998640418
GNE,GNE,plasma,PROT,2,-0.014211094358036202,0.33665173240696344
GNGT1,GNGT1,plasma,PROT,2,-0.1332736052489507,0.4395141258954912
GNLY,GNLY,plasma,PROT,2,-0.06671642642055026,0.3274279353925418
GNPDA1,GNPDA1,plasma,PROT,2,-0.048350000000000004,0.1975263242589195
GNPDA2,GNPDA2,plasma,PROT,2,-0.08560643096482701,0.21819740732214965
GOLGA3,GOLGA3,plasma,PROT,2,-0.076826568858116,0.6203982345577359
GOLM2,GOLM2,plasma,PROT,2,-0.155,0.20603623528350273
GOPC,GOPC,plasma,PROT,2,0.0481153363728925,0.8691505456258805
GORASP2,GORASP2,plasma,PROT,2,-0.04248116847019015,0.3209688315298098
GOT1,GOT1,plasma,PROT,2,-0.08431964060551131,0.26678122290195266
GP1BA,GP1BA,plasma,PROT,2,-0.09715021056709236,0.2231706776425846
GP1BB,GP1BB,plasma,PROT,2,-0.01062383969769425,0.5465026273552716
GP2,GP2,plasma,PROT,2,-0.21215,0.6647446113819292
GP5,GP5,plasma,PROT,2,-0.00972900538450875,0.3747889247435804
GP6,GP6,plasma,PROT,2,-0.02126126465011555,0.5378059468131036
GPA33,GPA33,plasma,PROT,2,0.10253771668137715,1.10205
GPC1,GPC1,plasma,PROT,2,-0.028004286700695102,0.18736039676969102
GPC5,GPC5,plasma,PROT,2,0.14124077264573515,0.33333479859988135
GPD1,GPD1,plasma,PROT,2,-0.08997753473692474,0.5054540572538133
GPHA2,GPHA2,plasma,PROT,2,0.001450016204123,0.14894080568645957
GPI,GPI,plasma,PROT,2,-0.0707146228272789,0.3326381793607381
GPIHBP1,GPIHBP1,plasma,PROT,2,-0.0066691675243156,0.3961630703120792
GPKOW,GPKOW,plasma,PROT,2,-0.0078456281126758,0.13988445913328154
GPNMB,GPNMB,plasma,PROT,2,-0.2931716609409527,0.2796540302094163
GPR101,GPR101,plasma,PROT,2,-0.13796439591967716,0.4012936829837319
GPR158,GPR158,plasma,PROT,2,-0.0694457508987201,0.36260607684740664
GPR15L,GPR15L,plasma,PROT,2,-0.01716575936612395,0.5279449221863703
GPR37,GPR37,plasma,PROT,2,-0.5154229070221407,0.5092426870997981
GPRC5C,GPRC5C,plasma,PROT,2,-0.04914465431367085,0.6980161252038317
GRAP2,GRAP2,plasma,PROT,2,0.1239345993380154,0.9763138162044133
GRHPR,GRHPR,plasma,PROT,2,-0.1929406525342465,0.555242211485032
GRIK2,GRIK2,plasma,PROT,2,0.05944090055039815,0.38695430786438145
GRIN2B,GRIN2B,plasma,PROT,2,0.013921526906894452,0.30610652050640497
GRK5,GRK5,plasma,PROT,2,-0.0638088971241956,0.5725349662874741
GRN,GRN,plasma,PROT,2,-0.4126998467098888,0.2654706883534194
GRP,GRP,plasma,PROT,2,-0.24044665205405952,0.42586561512726606
GRPEL1,GRPEL1,plasma,PROT,2,-0.10866044273318826,0.4816895572668118
GRSF1,GRSF1,plasma,PROT,2,-0.15510803067531825,0.6497699728574288
GSAP,GSAP,plasma,PROT,2,-0.03999208851115265,0.5284670885111526
GSN,GSN,plasma,PROT,2,0.053346895231615246,0.145960389499811
GSR,GSR,plasma,PROT,2,0.0034182824829219506,0.16542499144178915
GSTA1,GSTA1,plasma,PROT,2,0.15486181397941545,0.8596645173526425
GSTA3,GSTA3,plasma,PROT,2,0.06399046957635765,0.4922
GSTM4,GSTM4,plasma,PROT,2,-0.0480288983380785,0.37525478380940425
GSTP1,GSTP1,plasma,PROT,2,0.00334862260643085,0.4446999966992141
GSTT2B,GSTT2B,plasma,PROT,2,-0.13000520271059776,1.6873190624074474
GTF2IRD1,GTF2IRD1,plasma,PROT,2,-0.03259270528722225,0.3346185279529298
GTPBP2,GTPBP2,plasma,PROT,2,0.0408611047641158,0.7188697293122072
GUCA2A,GUCA2A,plasma,PROT,2,-0.18771353447843064,0.3016812586236166
GUCY2C,GUCY2C,plasma,PROT,2,-0.0510144305954022,0.8614365147373786
GUK1,GUK1,plasma,PROT,2,-0.0142859551718344,0.3055022693153939
GUSB,GUSB,plasma,PROT,2,-0.1856602117330548,0.4290984329897815
GYS1,GYS1,plasma,PROT,2,-0.10435563723360665,0.7997
GZMA,GZMA,plasma,PROT,2,0.0384230042034348,0.30524067066682736
GZMB,GZMB,plasma,PROT,2,-0.0103819718375524,0.2659749819802293
GZMH,GZMH,plasma,PROT,2,-0.432596505841493,0.5756873112491026
H2AP,H2AP,plasma,PROT,2,-0.1357648484449536,0.4807589666815368
HADH,HADH,plasma,PROT,2,-0.1142672292673798,0.3451284350213722
HAGH,HAGH,plasma,PROT,2,-0.0431260790528447,0.609708342415476
HAO1,HAO1,plasma,PROT,2,-0.07775,0.8976043933011297
HARS1,HARS1,plasma,PROT,2,-0.0082584947863997,0.329035081933177
HAVCR1,HAVCR1,plasma,PROT,2,-0.040726687776021855,0.4021994961758767
HAVCR2,HAVCR2,plasma,PROT,2,0.00410037912600295,0.3207405326478306
HBEGF,HBEGF,plasma,PROT,2,0.2726078366323994,0.601611895852606
HBQ1,HBQ1,plasma,PROT,2,-0.0055409918697485495,0.2809250416447717
HBZ,HBZ,plasma,PROT,2,-0.025818909788301897,0.6575134836408225
HCG22,HCG22,plasma,PROT,2,0.0428410056788983,0.4360427753769349
HCLS1,HCLS1,plasma,PROT,2,-0.1134754663233165,0.5807335386636794
HDAC8,HDAC8,plasma,PROT,2,-0.058525,0.8135634818456656
HDAC9,HDAC9,plasma,PROT,2,0.3186666645279539,0.559371755543377
HDDC2,HDDC2,plasma,PROT,2,-0.07035,0.125088481305422
HDGF,HDGF,plasma,PROT,2,-0.2028623379000439,0.5501376620999561
HDGFL2,HDGFL2,plasma,PROT,2,-0.047775,0.34550099594527206
HEG1,HEG1,plasma,PROT,2,-0.1723,0.3021554828434969
HEPACAM2,HEPACAM2,plasma,PROT,2,0.11723699180343006,0.3026152174389291
HEPH,HEPH,plasma,PROT,2,-0.0003787512741403494,0.23191348618719987
HEXIM1,HEXIM1,plasma,PROT,2,-0.08931050051597265,0.49425187478268284
HGFAC,HGFAC,plasma,PROT,2,0.20197168617183092,0.26508312567210807
HGS,HGS,plasma,PROT,2,-0.060524462345170005,0.5129924471177636
HHEX,HHEX,plasma,PROT,2,-0.2561580278920302,0.5026450623183502
HIF1A,HIF1A,plasma,PROT,2,-0.11694373825295809,0.5106702465440031
HIP1,HIP1,plasma,PROT,2,-0.0527509749482884,0.2931270944945163
HIP1R,HIP1R,plasma,PROT,2,-0.2911444511699937,0.22127223267122179
HJV,HJV,plasma,PROT,2,0.01885906270610245,0.2391987793782648
HK2,HK2,plasma,PROT,2,-0.0652935018095915,0.4565009512090282
HLA-A,HLA-A,plasma,PROT,2,-0.09604363802339369,0.2853261234837811
HLA-DRA,HLA-DRA,plasma,PROT,2,-0.07388948923041874,0.353973495363649
HLA-E,HLA-E,plasma,PROT,2,0.02888380135014735,0.1096927812804608
HMBS,HMBS,plasma,PROT,2,0.07231873098461825,0.374607851143273
HMCN2,HMCN2,plasma,PROT,2,-0.0844772156781062,0.3521684466419662
HMGCL,HMGCL,plasma,PROT,2,-0.0160869983745571,0.5816541957941348
HMGCS1,HMGCS1,plasma,PROT,2,-0.15259953391674508,0.420104755086672
HMMR,HMMR,plasma,PROT,2,-0.04278687417769815,0.5554551506842644
HMOX1,HMOX1,plasma,PROT,2,0.14330974699048735,0.4075519778816601
HMOX2,HMOX2,plasma,PROT,2,-0.16116815375761806,0.24739389863960795
HNF1A,HNF1A,plasma,PROT,2,-0.07992199394569695,0.40340513293265967
HNMT,HNMT,plasma,PROT,2,0.0083899917885248,0.3695097944865303
HNRNPK,HNRNPK,plasma,PROT,2,-0.3228635971579017,0.7594777165602946
HNRNPUL1,HNRNPUL1,plasma,PROT,2,-0.11712315650759395,0.28332058399123533
HPCAL1,HPCAL1,plasma,PROT,2,-0.0050466337925827495,0.5657533662074172
HPGDS,HPGDS,plasma,PROT,2,0.08926563593500955,0.32314696140073507
HPSE,HPSE,plasma,PROT,2,0.2760506010490702,0.9093143049897048
HRAS,HRAS,plasma,PROT,2,0.013123037368897701,0.8087776805202005
HRC,HRC,plasma,PROT,2,-0.07017348927208314,0.27946128856801017
HRG,HRG,plasma,PROT,2,0.2034093764453871,0.3435062584898225
HS1BP3,HS1BP3,plasma,PROT,2,-0.18505466480125798,0.5453036701849774
HS3ST3B1,HS3ST3B1,plasma,PROT,2,-0.15740009393625481,0.2582499060637452
HS6ST1,HS6ST1,plasma,PROT,2,-0.0034004944054255998,0.292611861338427
HS6ST2,HS6ST2,plasma,PROT,2,-0.20445512987913395,0.30192233702202614
HSBP1,HSBP1,plasma,PROT,2,-0.1271205360607701,0.4323009923968052
HSD11B1,HSD11B1,plasma,PROT,2,-0.06820780556545245,0.26955250141166603
HSD17B14,HSD17B14,plasma,PROT,2,0.0651368344533439,0.5567342385849381
HSD17B3,HSD17B3,plasma,PROT,2,-0.046113412908965645,0.514447189366018
HSDL2,HSDL2,plasma,PROT,2,-0.03265403810856495,0.4265327216450836
HSP90B1,HSP90B1,plasma,PROT,2,0.1295298231327679,0.68325
HSPA1A,HSPA1A,plasma,PROT,2,-0.055348196067446453,0.23870528453949497
HSPA2,HSPA2,plasma,PROT,2,-0.11300070326235664,0.2571674494738339
HSPB1,HSPB1,plasma,PROT,2,-0.17762566810983949,0.5875301970726561
HSPB6,HSPB6,plasma,PROT,2,-0.3239776733447053,0.28748197041825113
HSPG2,HSPG2,plasma,PROT,2,-0.1491544634750576,0.19288523696904386
HTR1A,HTR1A,plasma,PROT,2,-0.022577630851689647,0.88285673801015
HTRA2,HTRA2,plasma,PROT,2,0.0199283753939244,0.37896791470619406
HYAL1,HYAL1,plasma,PROT,2,0.04874357996822535,0.2981166905900559
HYOU1,HYOU1,plasma,PROT,2,0.02252097068869045,0.1425902394250137
ICA1,ICA1,plasma,PROT,2,-0.0515720944115496,0.6184978187355363
ICAM1,ICAM1,plasma,PROT,2,-0.0033324604651861003,0.34396296550011474
ICAM2,ICAM2,plasma,PROT,2,0.1155967308257898,0.2649797462512359
ICAM3,ICAM3,plasma,PROT,2,0.036861484943605555,0.20290380012452863
ICAM4,ICAM4,plasma,PROT,2,-0.0473608944397834,0.31702512386719317
ICAM5,ICAM5,plasma,PROT,2,-0.00403460276703305,0.4054929084966802
ICOSLG,ICOSLG,plasma,PROT,2,0.0039281668193389,0.2172881137310911
ID4,ID4,plasma,PROT,2,-0.021025000000000002,0.3930538341060594
IDI2,IDI2,plasma,PROT,2,-0.09606472611609775,0.3419187235121826
IDO1,IDO1,plasma,PROT,2,-0.15589398451935121,0.29851971991259957
IDUA,IDUA,plasma,PROT,2,0.08126529387672855,0.2140450073074794
IFI30,IFI30,plasma,PROT,2,-0.13729520024300546,0.24970512210335055
IFIT3,IFIT3,plasma,PROT,2,-0.1436009227228667,0.33402967968651615
IFNAR1,IFNAR1,plasma,PROT,2,-0.0049139394958282005,0.22085645361183848
IFNG,IFNG,plasma,PROT,2,0.09558816505926546,0.5221382219991747
IFNGR1,IFNGR1,plasma,PROT,2,-0.1376501879224309,0.18446750251139607
IFNGR2,IFNGR2,plasma,PROT,2,-0.1596450606701717,0.2781579931807857
IFNL1,IFNL1,plasma,PROT,2,-0.15336059383212886,0.5062233631122643
IFNL2,IFNL2,plasma,PROT,2,-0.04802513733661165,0.5743372552582715
IFNLR1,IFNLR1,plasma,PROT,2,-0.0517725186968032,0.2952964285507953
IFNW1,IFNW1,plasma,PROT,2,-0.059587673000428554,0.2959055090141903
IFT20,IFT20,plasma,PROT,2,-0.05711093617107725,0.29361742610992214
IGBP1,IGBP1,plasma,PROT,2,-0.0196932432650417,0.6401885848784289
IGDCC3,IGDCC3,plasma,PROT,2,-0.2660729171459132,0.38161830713650663
IGDCC4,IGDCC4,plasma,PROT,2,-0.24239063129936025,0.3760093687006398
IGF1R,IGF1R,plasma,PROT,2,-0.0874682978599795,0.1491
IGF2BP3,IGF2BP3,plasma,PROT,2,-0.06889262354835196,0.3311150527779604
IGF2R,IGF2R,plasma,PROT,2,-0.153482328256573,0.18896188930296454
IGFBP1,IGFBP1,plasma,PROT,2,0.04965090474873135,0.7221103867649217
IGFBP2,IGFBP2,plasma,PROT,2,-0.34850000000000003,0.48756684291677377
IGFBP3,IGFBP3,plasma,PROT,2,-0.057362888485918306,0.3067429979184712
IGFBP4,IGFBP4,plasma,PROT,2,-0.3766076385912124,0.37712622398531104
IGFBP6,IGFBP6,plasma,PROT,2,-0.13385496389231688,0.27839478304129317
IGFBP7,IGFBP7,plasma,PROT,2,0.01139487359871235,0.15184083158875814
IGFBPL1,IGFBPL1,plasma,PROT,2,-0.2232,0.39230075292895067
IGFL4,IGFL4,plasma,PROT,2,-0.051387530966045994,0.6035806491225596
IGHMBP2,IGHMBP2,plasma,PROT,2,0.045061614564750496,0.4699895613980338
IGLC2,IGLC2,plasma,PROT,2,-0.0312655175288908,0.1241951774648265
IGLON5,IGLON5,plasma,PROT,2,-0.1163,0.48174680930403413
IGSF21,IGSF21,plasma,PROT,2,-0.0186792735942853,0.23058346262910673
IGSF3,IGSF3,plasma,PROT,2,-0.9096525817530439,0.4552372526727818
IGSF9,IGSF9,plasma,PROT,2,-0.5667114856422828,0.8999063732746694
IKBKG,IKBKG,plasma,PROT,2,-0.0178704711297707,0.6991578951918631
IKZF2,IKZF2,plasma,PROT,2,0.0007921764907128002,0.5609689852280055
IL10,IL10,plasma,PROT,2,-0.053792732647806055,0.43564282843415014
IL10RA,IL10RA,plasma,PROT,2,-0.08514024072237386,0.3248655005316521
IL10RB,IL10RB,plasma,PROT,2,-0.1040024420726159,0.2803367270583371
IL11,IL11,plasma,PROT,2,-0.21075408252545635,0.49683220655785165
IL12A_IL12B,IL12A_IL12B,plasma,PROT,2,0.0323967552271848,0.4983578248388363
IL12B,IL12B,plasma,PROT,2,0.10792460307297205,0.31420041913297186
IL12RB1,IL12RB1,plasma,PROT,2,-0.15698639824208194,0.2797058760565793
IL12RB2,IL12RB2,plasma,PROT,2,-0.069325,0.3894129935020337
IL13,IL13,plasma,PROT,2,0.06980594490333465,0.35608848307935403
IL13RA1,IL13RA1,plasma,PROT,2,0.04515267231883265,0.2204823756631218
IL13RA2,IL13RA2,plasma,PROT,2,-0.576938741393382,0.9624375285405669
IL15,IL15,plasma,PROT,2,-0.050366072770527154,0.15784039866887356
IL15RA,IL15RA,plasma,PROT,2,-0.06298638514572515,0.20940491060077365
IL16,IL16,plasma,PROT,2,0.0604453723492238,0.2556570188646421
IL17A,IL17A,plasma,PROT,2,-0.17348521463617267,0.4750183035860579
IL17C,IL17C,plasma,PROT,2,-0.10550130228139025,0.35949056995097284
IL17D,IL17D,plasma,PROT,2,-0.0329454222895918,0.1958598345507413
IL17F,IL17F,plasma,PROT,2,0.05930562039743425,0.6010698474999454
IL17RA,IL17RA,plasma,PROT,2,-0.0632104591254866,0.2368333694237532
IL17RB,IL17RB,plasma,PROT,2,0.15333786680662032,0.3873363880179797
IL18,IL18,plasma,PROT,2,-0.056536076047584996,0.4094855604103261
IL18BP,IL18BP,plasma,PROT,2,-0.09730360440322175,0.1939130682219459
IL18R1,IL18R1,plasma,PROT,2,-0.068325,0.31112336620817777
IL18RAP,IL18RAP,plasma,PROT,2,-0.02423709178811835,1.5986944687948523
IL19,IL19,plasma,PROT,2,-0.22283067453196415,0.4148318086302161
IL1A,IL1A,plasma,PROT,2,0.0009222164230792499,0.18652560178528424
IL1B,IL1B,plasma,PROT,2,-0.033395904211366303,0.3448206154528619
IL1R1,IL1R1,plasma,PROT,2,-0.23730446461273555,0.19145429744771975
IL1R2,IL1R2,plasma,PROT,2,-0.0139112167034903,0.23625
IL1RAP,IL1RAP,plasma,PROT,2,-0.27167566080357464,0.3574454731186903
IL1RL1,IL1RL1,plasma,PROT,2,-0.42850216845823796,0.27127500000000004
IL1RL2,IL1RL2,plasma,PROT,2,0.14585,0.3909330048975021
IL1RN,IL1RN,plasma,PROT,2,-0.1968079306931601,0.5022767571634408
IL2,IL2,plasma,PROT,2,0.0889,0.35408138654218413
IL20,IL20,plasma,PROT,2,-0.0597189735850685,0.24690765658017275
IL20RA,IL20RA,plasma,PROT,2,-0.2554183187025396,0.37686752919472327
IL20RB,IL20RB,plasma,PROT,2,-0.04733578205468665,0.14563510079511516
IL21R,IL21R,plasma,PROT,2,0.01106393731640705,0.2157876892191846
IL22,IL22,plasma,PROT,2,0.0607550925228777,0.6927034184891605
IL22RA1,IL22RA1,plasma,PROT,2,0.0540551412348931,0.44172262886311797
IL24,IL24,plasma,PROT,2,-0.106800824723379,0.202875
IL25,IL25,plasma,PROT,2,-0.12052913812201331,0.485200442186856
IL2RA,IL2RA,plasma,PROT,2,0.11043202013763626,0.4100689844430112
IL2RB,IL2RB,plasma,PROT,2,-0.0416841752276,0.28756584974185573
IL2RG,IL2RG,plasma,PROT,2,-0.014289915463585299,0.26307712883250844
IL3,IL3,plasma,PROT,2,-0.2620598541606608,1.4523980893082191
IL31,IL31,plasma,PROT,2,-0.0137521393687737,0.47436483165960774
IL31RA,IL31RA,plasma,PROT,2,-0.058095939645441796,0.2721275272138499
IL32,IL32,plasma,PROT,2,0.0267967210833062,0.2940963756548044
IL33,IL33,plasma,PROT,2,-0.05277062746549385,0.27450408412723937
IL34,IL34,plasma,PROT,2,-0.18014999999999998,0.4343728893612143
IL36A,IL36A,plasma,PROT,2,0.07475643255915965,0.5701753667063456
IL36G,IL36G,plasma,PROT,2,-0.10256397588460844,0.35725997024566364
IL3RA,IL3RA,plasma,PROT,2,-0.00751675624153655,0.20314995296023663
IL4,IL4,plasma,PROT,2,-0.4637644310936673,1.7078966713579526
IL4R,IL4R,plasma,PROT,2,-0.20470036712749584,0.3193330001416097
IL5,IL5,plasma,PROT,2,0.42954871042643544,1.4670315119674555
IL5RA,IL5RA,plasma,PROT,2,-0.09091243275687555,0.3402570845416552
IL6,IL6,plasma,PROT,2,-0.32660476281606976,0.6218547850120665
IL6R,IL6R,plasma,PROT,2,-0.012666161506319148,0.43801405922262393
IL6ST,IL6ST,plasma,PROT,2,-0.0039027290793206,0.24716360050763375
IL7,IL7,plasma,PROT,2,0.15150000000000002,0.5208050084879062
IL7R,IL7R,plasma,PROT,2,0.059907769977491,0.40151649618934987
IL9,IL9,plasma,PROT,2,0.022686641116408453,0.6620218294690299
ILKAP,ILKAP,plasma,PROT,2,-0.12694795390983135,0.3378930433429901
IMMT,IMMT,plasma,PROT,2,0.0168045363962031,0.3383662376658687
IMPA1,IMPA1,plasma,PROT,2,-0.029580813901451702,0.4052251914905943
IMPACT,IMPACT,plasma,PROT,2,-0.1608440474928009,0.47578307846775364
IMPG1,IMPG1,plasma,PROT,2,-0.0303594182211003,0.2354140854522057
ING1,ING1,plasma,PROT,2,-0.15327881097978124,0.38947881097978126
INHBB,INHBB,plasma,PROT,2,-0.1064726830700305,0.32359318208032195
INHBC,INHBC,plasma,PROT,2,-0.3591781219482213,0.4998910140774261
INPP1,INPP1,plasma,PROT,2,-0.00252262150968205,0.33647780120869514
INPP5D,INPP5D,plasma,PROT,2,-0.14181083054238014,0.3998857905068203
INPP5J,INPP5J,plasma,PROT,2,-0.14397220158369045,0.33718512911816834
INPPL1,INPPL1,plasma,PROT,2,-0.07612844686014755,0.6850381270242691
INSL3,INSL3,plasma,PROT,2,-0.02442289018084335,0.1734361616659798
INSL4,INSL4,plasma,PROT,2,-0.7747380978294425,0.47318523109176497
INSL5,INSL5,plasma,PROT,2,-0.2585319043049908,0.6731452380593024
INSR,INSR,plasma,PROT,2,-0.07855274942680834,0.10157471202360374
IPCEF1,IPCEF1,plasma,PROT,2,0.07617756265278561,0.6250383217849601
IQGAP2,IQGAP2,plasma,PROT,2,-0.1360506077751644,0.4501705308822493
IRAG2,IRAG2,plasma,PROT,2,0.02265,0.7082759366905906
IRAK1,IRAK1,plasma,PROT,2,-0.0040530816082015005,0.45189084997483187
IRAK4,IRAK4,plasma,PROT,2,-0.19219584607004125,0.9143725207210281
ISLR2,ISLR2,plasma,PROT,2,0.08835219931713084,0.20767221118693824
ISM1,ISM1,plasma,PROT,2,-0.13799248536107916,0.2768677299513656
ISM2,ISM2,plasma,PROT,2,0.13186757588413833,0.5090907337499859
IST1,IST1,plasma,PROT,2,-0.05141305192999965,0.5963158442995196
ITGA11,ITGA11,plasma,PROT,2,0.05780927672544015,0.23010968829481285
ITGA2,ITGA2,plasma,PROT,2,-0.0329624324140952,0.3010388590648263
ITGA5,ITGA5,plasma,PROT,2,-0.22118823723344216,0.22713605765604045
ITGA6,ITGA6,plasma,PROT,2,0.0602555252909501,0.2530939642995713
ITGAL,ITGAL,plasma,PROT,2,-0.0583526604752402,0.6547649220520861
ITGAM,ITGAM,plasma,PROT,2,-0.060722952744481154,0.23303084378403044
ITGAV,ITGAV,plasma,PROT,2,0.027193000327569,0.1683412444652186
ITGAX,ITGAX,plasma,PROT,2,-0.6755,1.7332924714819036
ITGB1,ITGB1,plasma,PROT,2,-0.0288152536914964,0.1647616873929092
ITGB1BP1,ITGB1BP1,plasma,PROT,2,-0.02356525773958465,0.4121893255437729
ITGB1BP2,ITGB1BP2,plasma,PROT,2,-0.1669583878810229,0.8669127050269592
ITGB2,ITGB2,plasma,PROT,2,-0.0713928390569524,0.28383913150905027
ITGB5,ITGB5,plasma,PROT,2,-0.0069499148878756495,0.29950841367139563
ITGB6,ITGB6,plasma,PROT,2,-0.15022350657964606,0.2677952307239866
ITGB7,ITGB7,plasma,PROT,2,0.036862267836780496,0.3375426008238388
ITGBL1,ITGBL1,plasma,PROT,2,-0.10744356509515784,0.25834015337134986
ITIH1,ITIH1,plasma,PROT,2,-0.10314897190680256,0.16896606096529176
ITIH3,ITIH3,plasma,PROT,2,-0.12422428048610595,0.3474755494236145
ITIH4,ITIH4,plasma,PROT,2,-0.0009500000000000003,0.2415168152462283
ITIH5,ITIH5,plasma,PROT,2,-0.18153419095158907,0.34878645212049947
ITM2A,ITM2A,plasma,PROT,2,0.0008150724970263999,0.2743841880324833
ITPA,ITPA,plasma,PROT,2,-0.11092039518393709,0.4491390627051707
ITPR1,ITPR1,plasma,PROT,2,0.00267611423080745,0.5373407502435554
ITPRIP,ITPRIP,plasma,PROT,2,-0.030741994447257247,0.3359630460821978
IVD,IVD,plasma,PROT,2,0.04043439093307985,0.6794292995951813
IZUMO1,IZUMO1,plasma,PROT,2,-0.08168190092688896,0.5208984262332179
JAM2,JAM2,plasma,PROT,2,-0.1021341267935543,0.2738598912961191
JAM3,JAM3,plasma,PROT,2,-0.02436390798674055,0.26803496954601136
JCHAIN,JCHAIN,plasma,PROT,2,-0.07818314547943325,0.26266093687377595
JMJD1C,JMJD1C,plasma,PROT,2,-0.07882499999999995,0.48421098427782805
JPT2,JPT2,plasma,PROT,2,-0.12126605967025006,0.4314934690366022
JUN,JUN,plasma,PROT,2,-0.17458918453640898,0.32635580054293634
KAZALD1,KAZALD1,plasma,PROT,2,-0.06999454859066434,0.26970840450111444
KAZN,KAZN,plasma,PROT,2,-0.04896759702978775,0.7996935998138148
KCNC4,KCNC4,plasma,PROT,2,-0.03669252274819635,0.7133353654444597
KCNIP4,KCNIP4,plasma,PROT,2,-0.036861996496350746,0.44179999999999997
KCTD5,KCTD5,plasma,PROT,2,-0.13690000000000002,0.22495242184976227
KDM3A,KDM3A,plasma,PROT,2,-0.01579815833423945,0.407662417778335
KDR,KDR,plasma,PROT,2,0.03050894811651695,0.2858372661752018
KEL,KEL,plasma,PROT,2,-0.13707026353759744,0.2517532202591388
KHDC3L,KHDC3L,plasma,PROT,2,-0.216148170104985,0.7673566154992946
KHK,KHK,plasma,PROT,2,-0.022274999999999948,0.6831829766025501
KIAA0319,KIAA0319,plasma,PROT,2,-0.0063629189179815,0.42261805197934316
KIAA1549,KIAA1549,plasma,PROT,2,-0.2211941451426864,1.075789674633579
KIAA1549L,KIAA1549L,plasma,PROT,2,-0.1158444500494133,0.2786824031306526
KIAA2013,KIAA2013,plasma,PROT,2,0.10530738481289255,0.45111298674819367
KIF1C,KIF1C,plasma,PROT,2,-0.11891385937330046,0.309298068099526
KIF20B,KIF20B,plasma,PROT,2,-0.037932051373395004,0.7330307021078353
KIF22,KIF22,plasma,PROT,2,-0.315170057325465,1.17795
KIR2DL2,KIR2DL2,plasma,PROT,2,0.07623308685318386,0.7255186142486665
KIR2DL3,KIR2DL3,plasma,PROT,2,-0.011611828035397249,0.4365110601128306
KIR2DS4,KIR2DS4,plasma,PROT,2,1.0954338689737817,2.2182460584397727
KIR3DL1,KIR3DL1,plasma,PROT,2,-0.09190275404873424,0.6393320601748969
KIR3DL2,KIR3DL2,plasma,PROT,2,-0.1050011640557719,0.7380473414190645
KIRREL1,KIRREL1,plasma,PROT,2,-0.09194892949261925,0.2962873277291138
KIRREL2,KIRREL2,plasma,PROT,2,0.1136250456177245,0.410868587349432
KIT,KIT,plasma,PROT,2,0.11698942641899585,0.21428261303591345
KITLG,KITLG,plasma,PROT,2,0.03628645294921855,0.2944562678976962
KLB,KLB,plasma,PROT,2,0.0356362969984026,0.5089214801817563
KLF4,KLF4,plasma,PROT,2,-0.19193073026143692,0.40615769762826576
KLHL41,KLHL41,plasma,PROT,2,-0.021900000000000003,0.29754183535314493
KLK1,KLK1,plasma,PROT,2,0.12659363745804555,0.6487436374580455
KLK10,KLK10,plasma,PROT,2,-0.010974999999999999,0.3437311200624835
KLK11,KLK11,plasma,PROT,2,-0.110675,0.224030331187816
KLK12,KLK12,plasma,PROT,2,-0.0977005616803932,0.7920002954064407
KLK13,KLK13,plasma,PROT,2,0.02841418860896135,0.3069423197548691
KLK14,KLK14,plasma,PROT,2,0.0517256522263654,0.26962565222636536
KLK15,KLK15,plasma,PROT,2,0.01290638471308165,0.22808496233646397
KLK3,KLK3,plasma,PROT,2,-0.02439891139118095,0.2213804590394291
KLK4,KLK4,plasma,PROT,2,0.11027478512125766,0.5502
KLK6,KLK6,plasma,PROT,2,-0.23438298469394026,0.3103649396777459
KLK7,KLK7,plasma,PROT,2,0.05693513259910846,0.36148513259910847
KLK8,KLK8,plasma,PROT,2,-0.0353665136759487,0.2758665136759487
KLKB1,KLKB1,plasma,PROT,2,0.054651908367394794,0.21580704150405836
KLRB1,KLRB1,plasma,PROT,2,-0.012475994415236849,0.20542400558476315
KLRC1,KLRC1,plasma,PROT,2,-0.2026156349794564,0.4961669406629614
KLRD1,KLRD1,plasma,PROT,2,0.05336845578226625,0.28207554781957356
KLRF1,KLRF1,plasma,PROT,2,-0.0407202185131022,0.11193190968829009
KLRK1,KLRK1,plasma,PROT,2,0.0682196038227158,0.2604933364610539
KRT14,KRT14,plasma,PROT,2,-0.04389304245400345,0.25841587870584193
KRT18,KRT18,plasma,PROT,2,-0.5604369002573819,0.420563390639055
KRT19,KRT19,plasma,PROT,2,-0.513436953402659,0.40091330902915034
KRT5,KRT5,plasma,PROT,2,-0.06494463641070415,0.4198907136031389
KRT6C,KRT6C,plasma,PROT,2,-0.0222139790700177,0.2911329109116888
KRT8,KRT8,plasma,PROT,2,-0.3856359226997723,0.7261546091351707
KYAT1,KYAT1,plasma,PROT,2,-0.2026,0.42254949880728965
KYNU,KYNU,plasma,PROT,2,0.05029918570845425,0.3052777394176873
L1CAM,L1CAM,plasma,PROT,2,-0.14793660700564654,0.21770070705094927
L3HYPDH,L3HYPDH,plasma,PROT,2,0.03109335826339055,0.4747910252014991
LACRT,LACRT,plasma,PROT,2,-0.03969334366184655,0.4420691291564127
LACTB2,LACTB2,plasma,PROT,2,-0.12794559514441184,0.4025789988753417
LAG3,LAG3,plasma,PROT,2,-0.08993510093245455,0.30109593926574896
LAIR1,LAIR1,plasma,PROT,2,-0.1467031308850531,0.3577710582712256
LAIR2,LAIR2,plasma,PROT,2,0.3227585232973261,0.8965986765851889
LAMA1,LAMA1,plasma,PROT,2,0.0403384107214304,0.5525252127899896
LAMA4,LAMA4,plasma,PROT,2,-0.0762928306863965,0.2971884032454618
LAMB1,LAMB1,plasma,PROT,2,-0.0070051522728159,0.24169394781001036
LAMP1,LAMP1,plasma,PROT,2,-0.0347958722677495,0.1951470115242222
LAMP2,LAMP2,plasma,PROT,2,-0.03330381142672305,0.16732011446178005
LAMP3,LAMP3,plasma,PROT,2,0.09136078584373036,0.2991003537682094
LAMTOR5,LAMTOR5,plasma,PROT,2,-0.0129536719965021,0.2739389642130664
LAP3,LAP3,plasma,PROT,2,-0.17354078564655329,0.46623892566625225
LARP1,LARP1,plasma,PROT,2,-0.17817452383028795,0.46922232118743884
LAT,LAT,plasma,PROT,2,0.24946110976960595,0.914695641769924
LAT2,LAT2,plasma,PROT,2,0.00475208036119165,0.5471186807940562
LATS1,LATS1,plasma,PROT,2,-0.14874934487245606,0.8805637088059448
LAYN,LAYN,plasma,PROT,2,-0.125968390006099,0.2223151255594949
LBP,LBP,plasma,PROT,2,-0.22661197352010054,0.6411937674074029
LBR,LBR,plasma,PROT,2,-0.06315412428150875,0.4372956825328543
LCAT,LCAT,plasma,PROT,2,-0.00520323937283825,0.28344536921519553
LCN15,LCN15,plasma,PROT,2,-0.21336890730990193,0.555468907309902
LCN2,LCN2,plasma,PROT,2,-0.11997077818192935,0.2312054487592729
LCP1,LCP1,plasma,PROT,2,-0.0040810373545202,0.4173934315867557
LDLR,LDLR,plasma,PROT,2,-0.061465212602274805,0.45712594346287144
LDLRAP1,LDLRAP1,plasma,PROT,2,0.07631502058688075,0.8102735520405624
LECT2,LECT2,plasma,PROT,2,-0.0024732238001753,0.6503824776914738
LEFTY2,LEFTY2,plasma,PROT,2,-0.17988968722712215,0.36159513187474585
LEG1,LEG1,plasma,PROT,2,-0.03674999999999995,0.40363536946251866
LEO1,LEO1,plasma,PROT,2,-0.0057219845656832,0.44321822739963385
LEP,LEP,plasma,PROT,2,-0.0492332330312197,0.5798721117165677
LEPR,LEPR,plasma,PROT,2,0.0795445780643876,0.43769720101718146
LETM1,LETM1,plasma,PROT,2,-0.12447415765433265,0.47266508142838054
LGALS1,LGALS1,plasma,PROT,2,-0.12904782458488434,0.29475
LGALS3,LGALS3,plasma,PROT,2,0.0289738988823704,0.2224221465737874
LGALS3BP,LGALS3BP,plasma,PROT,2,-0.2218942716122819,0.34164436340874665
LGALS4,LGALS4,plasma,PROT,2,-0.2538919099772363,0.4090364187298501
LGALS7_LGALS7B,LGALS7_LGALS7B,plasma,PROT,2,-0.057030068694734606,0.22970496441964355
LGALS8,LGALS8,plasma,PROT,2,-0.0370332798708274,0.3357983828159312
LGALS9,LGALS9,plasma,PROT,2,-0.14200229735442743,0.3430730686358652
LGMN,LGMN,plasma,PROT,2,-0.4552700438381314,0.2617032617459622
LHB,LHB,plasma,PROT,2,-0.2974213882465908,0.5860587329194884
LHPP,LHPP,plasma,PROT,2,-0.1092827389491562,0.2922688404525492
LIF,LIF,plasma,PROT,2,-0.185,0.6427364063262735
LIFR,LIFR,plasma,PROT,2,-0.17276325956760397,0.3026722667264216
LILRA2,LILRA2,plasma,PROT,2,-0.05850145928627105,0.3054088278206686
LILRA3,LILRA3,plasma,PROT,2,-0.05488283773303905,0.3290176977522417
LILRA4,LILRA4,plasma,PROT,2,-0.0369934522035411,0.5414751870686692
LILRA5,LILRA5,plasma,PROT,2,-0.050936032267169154,0.3588690274939599
LILRA6,LILRA6,plasma,PROT,2,-0.15982868254198607,0.7174965200918617
LILRB1,LILRB1,plasma,PROT,2,-0.004425912388615,0.2811729253798402
LILRB2,LILRB2,plasma,PROT,2,0.05947548257333525,0.30515119543576974
LILRB4,LILRB4,plasma,PROT,2,-0.11650672400219725,0.27663597576057686
LILRB5,LILRB5,plasma,PROT,2,0.12138209990615875,0.3567925103328114
LIPF,LIPF,plasma,PROT,2,-0.045334202937607954,0.36679876096004954
LMNB1,LMNB1,plasma,PROT,2,-0.15489534390190124,0.3554425250574351
LMNB2,LMNB2,plasma,PROT,2,-0.10944087796796095,0.20431412490165302
LMOD1,LMOD1,plasma,PROT,2,-0.27259271623007864,0.25163493367117884
LMOD2,LMOD2,plasma,PROT,2,-0.1800407621077328,0.6452720623419173
LONP1,LONP1,plasma,PROT,2,-0.13247953054639114,0.6926065298316267
LPA,LPA,plasma,PROT,2,-0.02202152709204515,1.1269823629011322
LPCAT2,LPCAT2,plasma,PROT,2,-0.008527272690643399,0.1569731645548425
LPL,LPL,plasma,PROT,2,0.1697467742699938,0.4689661614669408
LPO,LPO,plasma,PROT,2,-0.0056584362913644996,0.39839959494271215
LPP,LPP,plasma,PROT,2,-0.14598178827178104,0.37110989297317976
LRCH4,LRCH4,plasma,PROT,2,-0.101087215920028,0.4899931269985178
LRFN2,LRFN2,plasma,PROT,2,-0.02071606422321985,0.39165079859240914
LRG1,LRG1,plasma,PROT,2,-0.05123770191125115,0.3924002770280156
LRIG1,LRIG1,plasma,PROT,2,0.0,0.2787693699533055
LRIG3,LRIG3,plasma,PROT,2,-0.08512017962018915,0.3115881024029141
LRP1,LRP1,plasma,PROT,2,0.05375,0.1843539765844473
LRP11,LRP11,plasma,PROT,2,-0.1725085715638138,0.29870665853044454
LRP2,LRP2,plasma,PROT,2,-0.0900149963240972,0.451006479697864
LRP2BP,LRP2BP,plasma,PROT,2,-0.0051586509861982,0.7108260480053535
LRPAP1,LRPAP1,plasma,PROT,2,-0.071946036705597,0.2439217380701411
LRRC25,LRRC25,plasma,PROT,2,0.04295363736144145,0.2945798994321036
LRRC37A2,LRRC37A2,plasma,PROT,2,0.087804380670304,0.5011969100492553
LRRC38,LRRC38,plasma,PROT,2,0.02163208040196855,0.5311486997508758
LRRFIP1,LRRFIP1,plasma,PROT,2,-0.02160191800274055,0.37061267791704056
LRRN1,LRRN1,plasma,PROT,2,0.024315074112758052,0.30428063149390133
LRTM1,LRTM1,plasma,PROT,2,0.15735953102446903,0.8327848343594891
LRTM2,LRTM2,plasma,PROT,2,-0.021176176802862948,0.21232937550400866
LSM1,LSM1,plasma,PROT,2,-0.054203299989089196,0.3466369751731499
LSM8,LSM8,plasma,PROT,2,-0.0272477838457229,0.6632642772351957
LSP1,LSP1,plasma,PROT,2,0.03755193962476805,0.26665514256044015
LTA4H,LTA4H,plasma,PROT,2,-0.026929691102368848,0.23376205994336063
LTB,LTB,plasma,PROT,2,0.0347,0.33330562384934537
LTBP2,LTBP2,plasma,PROT,2,-0.07478798450809285,0.29110592310513006
LTBP3,LTBP3,plasma,PROT,2,-0.6361944921595104,0.552060743805384
LTBR,LTBR,plasma,PROT,2,-0.1990607022630128,0.3141336281004567
LTO1,LTO1,plasma,PROT,2,-0.009053226457234949,0.41493825713690713
LUZP2,LUZP2,plasma,PROT,2,-0.10274846937993734,0.3103275948303129
LXN,LXN,plasma,PROT,2,-0.01603698266457755,0.1960840624208956
LY6D,LY6D,plasma,PROT,2,-0.2454728674079468,0.23606994887528127
LY75,LY75,plasma,PROT,2,0.0429524140319463,0.29882529896563953
LY9,LY9,plasma,PROT,2,0.061344663618516995,0.1434745908890337
LY96,LY96,plasma,PROT,2,-0.00557188788885155,0.22061204575411625
LYAR,LYAR,plasma,PROT,2,-0.064076140417307,0.34340318205287185
LYN,LYN,plasma,PROT,2,0.13904287766079695,0.5252913243454227
LYPD1,LYPD1,plasma,PROT,2,0.0881391011858173,0.39349999999999996
LYPD3,LYPD3,plasma,PROT,2,-0.31613541643444626,0.32181598996174043
LYPD8,LYPD8,plasma,PROT,2,-0.00492592121289315,0.37223488095368984
LYPLA2,LYPLA2,plasma,PROT,2,-0.10046605709011845,0.5326118225989217
LYSMD3,LYSMD3,plasma,PROT,2,-0.08336168923770346,0.6939073849393129
LYVE1,LYVE1,plasma,PROT,2,0.10908757545341265,0.3133242251148789
LYZL2,LYZL2,plasma,PROT,2,-0.07807445346680611,0.2941755465331939
LZTFL1,LZTFL1,plasma,PROT,2,-0.0879876343814931,0.27384007668118665
M6PR,M6PR,plasma,PROT,2,-0.02656789253663815,0.2013100954480212
MAD1L1,MAD1L1,plasma,PROT,2,-0.20015010803714672,0.22429344434079396
MAEA,MAEA,plasma,PROT,2,-0.23473396542624841,0.4688380439457017
MAG,MAG,plasma,PROT,2,-0.0744552714167042,0.2662802714167042
MAGED1,MAGED1,plasma,PROT,2,-0.00971858022418915,0.2682687892983019
MAMDC2,MAMDC2,plasma,PROT,2,-0.07989863037832184,0.222408421309289
MAMDC4,MAMDC4,plasma,PROT,2,-0.09875,0.5622599583129538
MAN1A2,MAN1A2,plasma,PROT,2,-0.32681120843328454,0.3105765712072839
MAN2B2,MAN2B2,plasma,PROT,2,-0.14585649787359162,0.5787494265707454
MANEAL,MANEAL,plasma,PROT,2,-0.12840000000000001,0.42857673759127224
MANF,MANF,plasma,PROT,2,0.0675338250416143,1.2370391537214354
MANSC1,MANSC1,plasma,PROT,2,-0.01428276705693295,0.3604686238425666
MANSC4,MANSC4,plasma,PROT,2,-0.0047306362277067995,0.8421306362277068
MAP1LC3A,MAP1LC3A,plasma,PROT,2,-0.14576753607163545,0.5828949102765886
MAP1LC3B2,MAP1LC3B2,plasma,PROT,2,0.046895579886287495,0.5599380379594352
MAP2,MAP2,plasma,PROT,2,-0.01829131491258795,0.059546101206272246
MAP2K1,MAP2K1,plasma,PROT,2,-0.10977650442426305,0.3311673500259077
MAP2K6,MAP2K6,plasma,PROT,2,0.06507426289112744,0.6158313058314341
MAP3K5,MAP3K5,plasma,PROT,2,0.07408454594158055,0.9272298803688568
MAP4K5,MAP4K5,plasma,PROT,2,-0.03636671765646265,0.8539533105789434
MAPK13,MAPK13,plasma,PROT,2,-0.38415299567571215,0.7041242261604154
MAPK9,MAPK9,plasma,PROT,2,-0.05293791552684495,0.16962862356326325
MAPKAPK2,MAPKAPK2,plasma,PROT,2,-0.1674,0.6374304027281861
MAPRE3,MAPRE3,plasma,PROT,2,-0.1565526413908204,0.4169620163533972
MAPT,MAPT,plasma,PROT,2,0.2951545555730381,0.8632485627154682
MARCO,MARCO,plasma,PROT,2,-0.0576166685556588,0.2712777628587656
MARS1,MARS1,plasma,PROT,2,-0.0927,0.45328214775749337
MASP1,MASP1,plasma,PROT,2,-0.0764559557644792,0.1864427171823233
MATN2,MATN2,plasma,PROT,2,-0.11166450900046755,0.2124156979413341
MATN3,MATN3,plasma,PROT,2,-0.09066947427175714,0.21050000000000002
MAVS,MAVS,plasma,PROT,2,0.07793946360487015,0.7938365548063853
MAX,MAX,plasma,PROT,2,-0.20977757540824366,0.7675852258188053
MB,MB,plasma,PROT,2,-0.14083886657489486,0.30431478694375835
MBL2,MBL2,plasma,PROT,2,-0.33674498684003806,0.9657790912055251
MCAM,MCAM,plasma,PROT,2,-0.0314461417899629,0.2791195815142201
MCEE,MCEE,plasma,PROT,2,-0.02588667284965355,0.5186024560842111
MCFD2,MCFD2,plasma,PROT,2,-0.18483946913099195,0.3014786882183869
MDGA1,MDGA1,plasma,PROT,2,0.04182804367810054,0.4489482346150482
MDH1,MDH1,plasma,PROT,2,0.00017849849481137855,0.034109386876779155
MDK,MDK,plasma,PROT,2,-0.06121920495478975,0.1908154293734791
MDM1,MDM1,plasma,PROT,2,-0.043234132659494495,0.48220485713451045
MECR,MECR,plasma,PROT,2,-0.24002925354428228,0.6038284280655932
MED21,MED21,plasma,PROT,2,0.0263818242196045,0.21047393640504913
MEGF10,MEGF10,plasma,PROT,2,-0.09602989131652725,0.3897200877368004
MEGF11,MEGF11,plasma,PROT,2,-0.0544904358258419,0.1884404358258419
MEGF9,MEGF9,plasma,PROT,2,0.0159458423669721,0.262
MELTF,MELTF,plasma,PROT,2,-0.06598707906359215,0.20841301645539556
MENT,MENT,plasma,PROT,2,0.03772122758829265,0.16574946981473976
MEP1A,MEP1A,plasma,PROT,2,-0.08137808148748539,0.6081928462702764
MEP1B,MEP1B,plasma,PROT,2,-0.03041356437327175,0.6957567336148327
MEPE,MEPE,plasma,PROT,2,-0.0628247535570111,0.3320813221712646
MERTK,MERTK,plasma,PROT,2,0.0460139294979667,0.2039360705020333
MESD,MESD,plasma,PROT,2,0.046217253170030954,0.7341181286998006
MET,MET,plasma,PROT,2,-0.035461418660608354,0.1968806171182956
METAP1,METAP1,plasma,PROT,2,-0.0783931723337799,0.29105714801935634
METAP1D,METAP1D,plasma,PROT,2,-0.0048313220012946,0.7268089491379661
METAP2,METAP2,plasma,PROT,2,-0.1557637450445713,0.5908862549554287
MFAP3,MFAP3,plasma,PROT,2,-0.0513527116384069,0.5157840029433983
MFAP3L,MFAP3L,plasma,PROT,2,-0.2045568714090283,0.42115795963318775
MFAP4,MFAP4,plasma,PROT,2,-0.009883627531531401,0.21113911141253336
MFAP5,MFAP5,plasma,PROT,2,-0.2586062809758555,0.40725928965502667
MFGE8,MFGE8,plasma,PROT,2,-0.1363502811225732,0.3240555023348731
MGMT,MGMT,plasma,PROT,2,0.010084125206024,0.8579431147465698
MIA,MIA,plasma,PROT,2,-0.10490802793292185,0.32510628058537683
MICALL2,MICALL2,plasma,PROT,2,-0.2122,0.7294650930472091
MICB_MICA,MICB_MICA,plasma,PROT,2,-0.015053152144235998,0.6497497914719974
MIF,MIF,plasma,PROT,2,-0.11981952298805154,0.4999715566463764
MILR1,MILR1,plasma,PROT,2,-0.10032590091222529,0.3261184942915758
MINDY1,MINDY1,plasma,PROT,2,-0.03998604122223065,1.0912284320453884
MINK1,MINK1,plasma,PROT,2,-0.05627947657131855,1.0398473408170426
MITD1,MITD1,plasma,PROT,2,-0.07302735929279465,0.893299424028436
MKI67,MKI67,plasma,PROT,2,0.0035620421680274002,0.3221160081768018
MLN,MLN,plasma,PROT,2,-0.02256996328689815,0.6277568989544254
MME,MME,plasma,PROT,2,0.0190979986679102,0.6219767137067378
MMP1,MMP1,plasma,PROT,2,-0.0376,0.7345216632554891
MMP10,MMP10,plasma,PROT,2,0.0007634522049087501,0.3889141019944987
MMP12,MMP12,plasma,PROT,2,0.13738201059932054,0.43362348777152326
MMP13,MMP13,plasma,PROT,2,-0.1524178328734701,0.34314914566025223
MMP15,MMP15,plasma,PROT,2,-0.06902505065573955,0.241
MMP3,MMP3,plasma,PROT,2,-0.0762835569786553,0.356174534157091
MMP7,MMP7,plasma,PROT,2,-0.07420902628032365,0.22664326584636743
MMP8,MMP8,plasma,PROT,2,-0.032596466477689705,0.7641708062891197
MMP9,MMP9,plasma,PROT,2,-0.035796955517030396,0.9018019156238648
MN1,MN1,plasma,PROT,2,0.25528151704916874,0.7420046519761181
MNAT1,MNAT1,plasma,PROT,2,-0.008273712153133099,0.19803411107399355
MNDA,MNDA,plasma,PROT,2,-0.0886418065139587,0.43850162413976745
MOCS2,MOCS2,plasma,PROT,2,-0.1015067240048238,0.33964718714415276
MOG,MOG,plasma,PROT,2,-0.03675803470311735,0.2973101181085322
MORC3,MORC3,plasma,PROT,2,-0.0435452758381625,0.2627620668893017
MORF4L1,MORF4L1,plasma,PROT,2,-0.21475037281499304,0.38664702084503033
MORF4L2,MORF4L2,plasma,PROT,2,-0.15141829408283164,0.34929591413218597
MORN4,MORN4,plasma,PROT,2,-0.23792391041173305,0.5537662246185695
MPHOSPH8,MPHOSPH8,plasma,PROT,2,0.00497040738607505,0.6134817023648717
MPIG6B,MPIG6B,plasma,PROT,2,-0.0694670107756109,1.0099791298045262
MPO,MPO,plasma,PROT,2,0.061599961717924395,0.4067526739627592
MPRIP,MPRIP,plasma,PROT,2,0.2000611098320548,0.4316526331121576
MRC1,MRC1,plasma,PROT,2,-0.1163389007163389,0.24908472416243782
MRPL24,MRPL24,plasma,PROT,2,-0.0320170387384865,0.2678204835601101
MRPL28,MRPL28,plasma,PROT,2,-0.00186044088677555,0.16146044088677555
MRPL46,MRPL46,plasma,PROT,2,0.006892210158121401,0.11903805082619195
MRPL52,MRPL52,plasma,PROT,2,-0.06794942324617209,0.2466854524124752
MRPL58,MRPL58,plasma,PROT,2,-0.0537,0.3247011738765233
MRPS16,MRPS16,plasma,PROT,2,-0.02237443478208545,0.1701785983197584
MSLN,MSLN,plasma,PROT,2,-0.01498028368964905,0.410363401398944
MSLNL,MSLNL,plasma,PROT,2,0.02703015342990785,0.5082289026903772
MSMB,MSMB,plasma,PROT,2,-0.0308736287090699,0.46668077211163084
MSR1,MSR1,plasma,PROT,2,-0.19390723463640636,0.4056932847583883
MSRA,MSRA,plasma,PROT,2,-0.16263565008731956,0.4843566256679933
MST1,MST1,plasma,PROT,2,0.020063429292465303,0.3019950758027524
MSTN,MSTN,plasma,PROT,2,-0.0131754268131456,0.49454278814346286
MTDH,MTDH,plasma,PROT,2,0.0515400907389086,0.8888641014758084
MTHFD2,MTHFD2,plasma,PROT,2,0.01719489296158785,0.2282890035976538
MTIF3,MTIF3,plasma,PROT,2,0.0364309924537112,0.7701309924537112
MTPN,MTPN,plasma,PROT,2,-0.0907975501168568,0.37066639380041644
MTR,MTR,plasma,PROT,2,0.18414181976012756,0.630182251897109
MTSS1,MTSS1,plasma,PROT,2,0.2190724477598554,0.7998083637937655
MTSS2,MTSS2,plasma,PROT,2,-0.41855802607495063,0.8454987231274479
MTUS1,MTUS1,plasma,PROT,2,-0.25446465665464785,0.4291353433453522
MUC13,MUC13,plasma,PROT,2,-0.17043911594738292,0.4346444367763378
MUC2,MUC2,plasma,PROT,2,0.13204798242202026,0.8359631933893372
MUCL3,MUCL3,plasma,PROT,2,-0.1830665566475445,0.660460308875036
MVK,MVK,plasma,PROT,2,-0.0928611688774315,0.5757320423233503
MXRA8,MXRA8,plasma,PROT,2,0.05810839512888474,0.2853523307074922
MYBPC1,MYBPC1,plasma,PROT,2,-0.33220909913971863,0.5541551439341137
MYBPC2,MYBPC2,plasma,PROT,2,-0.08603758328089556,0.4043524236007644
MYCBP2,MYCBP2,plasma,PROT,2,-0.14830485147949096,0.516160350625914
MYDGF,MYDGF,plasma,PROT,2,-0.1030829624337144,0.6319889215583749
MYH4,MYH4,plasma,PROT,2,-0.027394275817055898,0.4970376655410338
MYH7B,MYH7B,plasma,PROT,2,-0.19531233864823144,0.7329360281239732
MYH9,MYH9,plasma,PROT,2,-0.056541179471887554,0.4647391359477839
MYL1,MYL1,plasma,PROT,2,0.0245992092181435,0.28636924372644845
MYL3,MYL3,plasma,PROT,2,-0.28358003421277056,0.5275606561817003
MYL4,MYL4,plasma,PROT,2,-0.18373387326735105,0.3316147460346298
MYL6B,MYL6B,plasma,PROT,2,-0.1002283956219773,0.8532656688725906
MYLPF,MYLPF,plasma,PROT,2,-0.185849207401338,0.5313804769415871
MYO6,MYO6,plasma,PROT,2,-0.0473145256912117,0.43585077097036273
MYO9B,MYO9B,plasma,PROT,2,0.061241108748504844,0.4767774305205327
MYOC,MYOC,plasma,PROT,2,0.0138276956147463,0.3641748601394713
MYOM1,MYOM1,plasma,PROT,2,-0.0419197537908337,0.4773143805304686
MYOM2,MYOM2,plasma,PROT,2,-0.1015246804363504,0.4730953415947139
MYOM3,MYOM3,plasma,PROT,2,-0.2796364736112745,0.6046592363696651
MZB1,MZB1,plasma,PROT,2,-0.23530631391042256,0.40214848322494046
MZT1,MZT1,plasma,PROT,2,-0.02085173493450455,0.4019620875861089
NAA10,NAA10,plasma,PROT,2,0.05602769265695905,0.5645514823132266
NAA80,NAA80,plasma,PROT,2,-0.09679551084416585,0.9545527967283843
NAAA,NAAA,plasma,PROT,2,-0.004729718464825861,0.4723564750021278
NACC1,NACC1,plasma,PROT,2,-0.01524087289310785,0.2797432355515651
NADK,NADK,plasma,PROT,2,-0.14012605093714586,0.3976260399323091
NAGA,NAGA,plasma,PROT,2,-0.20847016098523216,0.304617898338043
NAGK,NAGK,plasma,PROT,2,-0.1473887414808907,0.271716159075031
NAGPA,NAGPA,plasma,PROT,2,-0.0591915418325741,0.291903605344903
NAMPT,NAMPT,plasma,PROT,2,-0.024014242503742098,0.3927671333306655
NAP1L4,NAP1L4,plasma,PROT,2,-0.2519714394499756,0.6045022989050469
NAPRT,NAPRT,plasma,PROT,2,-0.08850811771983585,0.35201500965910704
NARS1,NARS1,plasma,PROT,2,0.0401381945664715,0.3127051570597552
NBL1,NBL1,plasma,PROT,2,-0.11232684136747766,0.23460012729392582
NBN,NBN,plasma,PROT,2,-0.193924563920656,0.25903674506999574
NCAM1,NCAM1,plasma,PROT,2,-0.0506386452952885,0.23025
NCAM2,NCAM2,plasma,PROT,2,0.05450327153764095,0.26704586774037825
NCAN,NCAN,plasma,PROT,2,-0.022918550673551398,0.4553999489834036
NCF2,NCF2,plasma,PROT,2,0.0163967663176711,0.3990908981461398
NCK2,NCK2,plasma,PROT,2,0.0355716619140514,0.5160530867988191
NCLN,NCLN,plasma,PROT,2,0.0354029048159014,0.3770082456738432
NCR1,NCR1,plasma,PROT,2,-0.0269846829372919,0.2011106019282795
NCR3LG1,NCR3LG1,plasma,PROT,2,-0.1185883541507772,0.2691989358453293
NCS1,NCS1,plasma,PROT,2,-0.0892210042827265,0.27320251418365726
NDRG1,NDRG1,plasma,PROT,2,-0.05779437142585645,0.3501107846515831
NDST1,NDST1,plasma,PROT,2,0.0412531098782861,0.2575148930424712
NDUFA5,NDUFA5,plasma,PROT,2,-0.09499119249064815,0.23093665999753082
NDUFB7,NDUFB7,plasma,PROT,2,0.05569620649738305,0.40762412202497567
NDUFS6,NDUFS6,plasma,PROT,2,-0.128584020604803,0.4603939359970569
NEB,NEB,plasma,PROT,2,-0.07603013917489404,0.27588798259071645
NECAP2,NECAP2,plasma,PROT,2,0.00782923310050565,0.4524186532665184
NECTIN1,NECTIN1,plasma,PROT,2,-0.17078100368624743,0.3896899130319721
NECTIN2,NECTIN2,plasma,PROT,2,-0.1315531988749177,0.34253497451208414
NECTIN4,NECTIN4,plasma,PROT,2,-0.5953383071887539,0.3357971975694629
NEDD4L,NEDD4L,plasma,PROT,2,-0.05543536165765365,0.3223766220406745
NEDD9,NEDD9,plasma,PROT,2,-0.037250000000000005,0.35353093464894253
NEFL,NEFL,plasma,PROT,2,-0.12619990992761074,0.3813804251204572
NEK7,NEK7,plasma,PROT,2,-0.03576574946955455,0.7733252969639497
NELL1,NELL1,plasma,PROT,2,0.023102190603971,0.19359223264562542
NELL2,NELL2,plasma,PROT,2,-0.2305489568864974,0.24697561963926104
NENF,NENF,plasma,PROT,2,-0.0760647888907198,0.360916828068625
NEO1,NEO1,plasma,PROT,2,0.032675,0.23860194518573935
NEXN,NEXN,plasma,PROT,2,0.09580592045787731,0.2502700018675166
NFASC,NFASC,plasma,PROT,2,-0.05447182039939205,0.2120369663426051
NFAT5,NFAT5,plasma,PROT,2,-0.1741716430607084,0.7221434831113364
NFATC1,NFATC1,plasma,PROT,2,0.0087,0.4771284751871292
NFATC3,NFATC3,plasma,PROT,2,-0.0935507590587244,0.41025106562064595
NFE2,NFE2,plasma,PROT,2,-0.20167882258445735,0.6287057181510829
NFIC,NFIC,plasma,PROT,2,-0.09627880287761459,0.3127520619769629
NFKB1,NFKB1,plasma,PROT,2,-0.1898374399209175,0.4586377748386684
NFKBIE,NFKBIE,plasma,PROT,2,-0.045372347610740896,0.3876657225069332
NFU1,NFU1,plasma,PROT,2,-0.037107028294706454,0.5505332528585467
NFX1,NFX1,plasma,PROT,2,-0.047086647884990104,0.5744561449111212
NFYA,NFYA,plasma,PROT,2,-0.050123949765675746,0.3804668417057139
NGF,NGF,plasma,PROT,2,0.004979146226977701,0.04601641340347605
NGFR,NGFR,plasma,PROT,2,-0.00087494849698715,0.2165629821917373
NGRN,NGRN,plasma,PROT,2,-0.04384487392830725,0.1029
NHLRC3,NHLRC3,plasma,PROT,2,-0.15766114224269834,0.2766376204613264
NID1,NID1,plasma,PROT,2,-0.3046337327414028,0.30775
NID2,NID2,plasma,PROT,2,-0.12965,0.4394229446572142
NINJ1,NINJ1,plasma,PROT,2,-0.02616873024125655,0.31486295395305225
NIT1,NIT1,plasma,PROT,2,-0.21711413842749785,0.4874787955425621
NIT2,NIT2,plasma,PROT,2,-0.174185007975278,0.6165062956522349
NLGN1,NLGN1,plasma,PROT,2,0.11815710269206109,0.6873528125654931
NLGN2,NLGN2,plasma,PROT,2,-0.1273397444811378,0.8352715598094743
NME1,NME1,plasma,PROT,2,-0.0020976119364179,0.17787639810811065
NME3,NME3,plasma,PROT,2,-0.06057092403493105,0.20972780736184277
NMI,NMI,plasma,PROT,2,-0.029868183890763598,0.27079726175542473
NMNAT1,NMNAT1,plasma,PROT,2,-0.13893239393642953,0.427676347903993
NMRK2,NMRK2,plasma,PROT,2,-0.18681683965448043,0.4088755851058591
NMT1,NMT1,plasma,PROT,2,-0.046161586665712545,0.5864240475784488
NOMO1,NOMO1,plasma,PROT,2,-0.19442709164237126,0.3027871643018046
NOP56,NOP56,plasma,PROT,2,0.12474772168990789,0.9018563188653057
NOS1,NOS1,plasma,PROT,2,-0.06814860328805145,0.22394268341422
NOS2,NOS2,plasma,PROT,2,0.28103572840871216,0.4710389992359053
NOS3,NOS3,plasma,PROT,2,0.1514688010322035,0.7218485377369153
NOTCH1,NOTCH1,plasma,PROT,2,0.0010441894404053498,0.19177390616653606
NOTCH2,NOTCH2,plasma,PROT,2,-0.16543048189031065,0.2003214532079551
NOTCH3,NOTCH3,plasma,PROT,2,-0.17168646505132773,0.21944147591496435
NPC2,NPC2,plasma,PROT,2,-0.14402394505533445,0.2654827701282718
NPDC1,NPDC1,plasma,PROT,2,-0.15188872160210015,0.2675029040280977
NPHS1,NPHS1,plasma,PROT,2,0.0163581101275098,0.21969875804532912
NPHS2,NPHS2,plasma,PROT,2,0.16445952501698996,0.9621255784034675
NPL,NPL,plasma,PROT,2,-0.10195553585310535,0.31376341025167787
NPM1,NPM1,plasma,PROT,2,-0.200897754396826,0.4310304719817025
NPPB,NPPB,plasma,PROT,2,0.420084391334708,1.122047307064391
NPPC,NPPC,plasma,PROT,2,-0.12210653944813214,0.3131861332571786
NPR1,NPR1,plasma,PROT,2,0.0395314162464349,0.21121809385447107
NPTN,NPTN,plasma,PROT,2,0.0232115859342896,0.6016154024459859
NPTX1,NPTX1,plasma,PROT,2,-0.1141354130523061,0.33457752687297654
NPTX2,NPTX2,plasma,PROT,2,-0.35958071787432366,0.28042064119159926
NPTXR,NPTXR,plasma,PROT,2,-0.13228470327601244,0.2828862992858428
NPY,NPY,plasma,PROT,2,-0.09104999999999999,0.44551609500936795
NRCAM,NRCAM,plasma,PROT,2,-0.557980066993169,0.3217163717786545
NRGN,NRGN,plasma,PROT,2,-0.08122006492119895,0.38330237972260756
NRN1,NRN1,plasma,PROT,2,-0.063443298689262,0.25873553238655267
NRP1,NRP1,plasma,PROT,2,-0.11590695560922445,0.20330561554847043
NRP2,NRP2,plasma,PROT,2,-0.1574612130232777,0.1755756245271364
NRTN,NRTN,plasma,PROT,2,0.07308776228178834,0.46667466835801474
NRXN3,NRXN3,plasma,PROT,2,-0.024855114046302,0.16480364892539814
NSFL1C,NSFL1C,plasma,PROT,2,-0.1921163400780216,0.6054771544860562
NT-proBNP,NT-proBNP,plasma,PROT,2,-0.25282228330036854,0.9181763938102275
NT5C,NT5C,plasma,PROT,2,-0.02074350400951315,0.4171580430426202
NT5C1A,NT5C1A,plasma,PROT,2,-0.28368254504871365,0.3351878226839863
NT5C3A,NT5C3A,plasma,PROT,2,-0.021596233943716098,0.9315936700575336
NT5E,NT5E,plasma,PROT,2,0.0020149231201111503,0.41105886118764257
NTF3,NTF3,plasma,PROT,2,0.036071621735636855,0.3810100895642208
NTF4,NTF4,plasma,PROT,2,-0.11770122563253371,0.2792727971221451
NTRK2,NTRK2,plasma,PROT,2,0.0194378095378142,0.22404352711813158
NTRK3,NTRK3,plasma,PROT,2,0.00508243821824485,0.33324722943615825
NUB1,NUB1,plasma,PROT,2,-0.2558961315979805,0.6010071286179652
NUCB2,NUCB2,plasma,PROT,2,-0.0840909740921236,0.19904595448395676
NUDC,NUDC,plasma,PROT,2,0.03678383027708765,0.4699368473746612
NUDT10,NUDT10,plasma,PROT,2,-0.0357559823726358,0.1275149748139438
NUDT15,NUDT15,plasma,PROT,2,0.02313756422860675,0.3687724765767483
NUDT16,NUDT16,plasma,PROT,2,-0.12972240908003335,0.4340958832575338
NUDT2,NUDT2,plasma,PROT,2,0.01854311195533575,0.2618519846759495
NUDT5,NUDT5,plasma,PROT,2,-0.17143386434692914,0.30838259416565716
NUMB,NUMB,plasma,PROT,2,-0.185241274796383,0.5969912663728262
NUP50,NUP50,plasma,PROT,2,-0.016822841166429348,0.26538575065349823
NXPE4,NXPE4,plasma,PROT,2,0.0415291157271539,0.42749903270859835
NXPH1,NXPH1,plasma,PROT,2,-0.04555,0.13546285702758246
NXPH3,NXPH3,plasma,PROT,2,0.0653966115734651,0.2319227548431001
OBP2B,OBP2B,plasma,PROT,2,-0.448686275361067,1.0467659349036393
OCLN,OCLN,plasma,PROT,2,-0.2233582848408624,0.39036925583956256
ODAM,ODAM,plasma,PROT,2,-0.14663047514046645,0.3321953341529445
OFD1,OFD1,plasma,PROT,2,0.0501980005308095,0.7093515428106675
OGA,OGA,plasma,PROT,2,-0.1382677761826501,0.43384805096788387
OGFR,OGFR,plasma,PROT,2,-0.04125,0.21263208030995406
OGN,OGN,plasma,PROT,2,-0.0715629967347131,0.34002156998438055
OLFM4,OLFM4,plasma,PROT,2,-0.3426024392654181,0.8462992315708887
OLR1,OLR1,plasma,PROT,2,-0.46661447926173416,0.38697530600537716
OMD,OMD,plasma,PROT,2,-0.1400913009816148,0.3515413009816148
OMG,OMG,plasma,PROT,2,-0.1185117900679643,0.5661461659319494
OMP,OMP,plasma,PROT,2,-0.16202901148993754,0.30247966309580765
OPHN1,OPHN1,plasma,PROT,2,-0.04343740208675595,0.7787075995093429
OPLAH,OPLAH,plasma,PROT,2,-0.11161232815479499,0.33702346122655386
OPTC,OPTC,plasma,PROT,2,0.02867569429552145,0.2310597819622982
ORM1,ORM1,plasma,PROT,2,-0.0072,0.24422340096182116
OSBPL2,OSBPL2,plasma,PROT,2,-0.02818246131320135,0.12297625223944114
OSCAR,OSCAR,plasma,PROT,2,-0.0609378822267808,0.37677499999999997
OSMR,OSMR,plasma,PROT,2,-0.2729528719345044,0.1550407261822049
OSTN,OSTN,plasma,PROT,2,-0.11221067576678295,0.24778992760921134
OTOA,OTOA,plasma,PROT,2,-0.3127268066600407,0.8381566506674878
OTUD6B,OTUD6B,plasma,PROT,2,-0.139,0.40778804016627546
OTUD7B,OTUD7B,plasma,PROT,2,-0.09911609400114335,0.3778443525646431
OXCT1,OXCT1,plasma,PROT,2,-0.10312237524675044,0.39317501974621655
OXT,OXT,plasma,PROT,2,-0.5997241265505925,0.9971981474144656
P4HB,P4HB,plasma,PROT,2,-0.18885900707013145,0.36063738374288856
PACS2,PACS2,plasma,PROT,2,-0.02592313468742985,0.787513442275313
PADI2,PADI2,plasma,PROT,2,-0.1817313819724507,0.5916439563858245
PADI4,PADI4,plasma,PROT,2,-0.12428696967746039,0.5138559773895417
PAEP,PAEP,plasma,PROT,2,0.0381134223445284,0.1048188906955431
PAFAH2,PAFAH2,plasma,PROT,2,-0.1458753517160249,0.436898799345444
PAG1,PAG1,plasma,PROT,2,-0.07142058862209255,0.284631636205609
PAGR1,PAGR1,plasma,PROT,2,-0.0946178491418123,0.26352076680895753
PAIP2B,PAIP2B,plasma,PROT,2,-0.2191332709080982,0.48759708252279516
PALLD,PALLD,plasma,PROT,2,-0.0488155757509655,0.5840725128933928
PALM,PALM,plasma,PROT,2,0.01622241188912355,0.3370046418974403
PALM2,PALM2,plasma,PROT,2,-0.091084256151255,0.3264031081882198
PALM3,PALM3,plasma,PROT,2,-0.022227287696322748,0.27317367656726166
PAM,PAM,plasma,PROT,2,-0.1692364133118539,0.24249968228530158
PAMR1,PAMR1,plasma,PROT,2,-0.01105,0.22772053123998745
PAPPA,PAPPA,plasma,PROT,2,0.25005607985127626,0.28668616249839857
PARD3,PARD3,plasma,PROT,2,-0.019545728960181252,0.5254828752176529
PARK7,PARK7,plasma,PROT,2,-0.0864710469468062,0.41525096577088816
PARP1,PARP1,plasma,PROT,2,-0.0487839958725347,0.21650403996374065
PAXX,PAXX,plasma,PROT,2,-0.0873580845243147,0.2132
PBK,PBK,plasma,PROT,2,-0.2151163737952571,0.3694347691275921
PBLD,PBLD,plasma,PROT,2,0.039585066699146854,0.44264172068485125
PBXIP1,PBXIP1,plasma,PROT,2,-0.052535968755384105,0.16191242599865796
PCARE,PCARE,plasma,PROT,2,-0.051219299784341255,0.5528489208817686
PCBD1,PCBD1,plasma,PROT,2,-0.0208275326087262,0.2577465359161959
PCBP2,PCBP2,plasma,PROT,2,-0.16871017445782605,0.4764094517830768
PCDH1,PCDH1,plasma,PROT,2,-0.00121468842770975,0.0598506335147506
PCDH12,PCDH12,plasma,PROT,2,0.0293614996963575,0.1915003356551019
PCDH17,PCDH17,plasma,PROT,2,-0.06245,0.33503651576194693
PCDH7,PCDH7,plasma,PROT,2,-0.551085958795509,0.3328007607298795
PCDH9,PCDH9,plasma,PROT,2,-0.05489610675257035,0.3084984699024736
PCDHB15,PCDHB15,plasma,PROT,2,-0.013,0.34112041883710187
PCNA,PCNA,plasma,PROT,2,-0.2040420076447303,0.5142172782738541
PCOLCE,PCOLCE,plasma,PROT,2,-0.07219384374595544,0.2198423697355724
PCSK7,PCSK7,plasma,PROT,2,0.13737566614404084,0.2699506271762776
PCSK9,PCSK9,plasma,PROT,2,-0.21461706324608731,0.3452269346379866
PCYT2,PCYT2,plasma,PROT,2,0.036179322557779406,0.7081567094399428
PDAP1,PDAP1,plasma,PROT,2,-0.09900559006644345,0.6353128289311036
PDCD1,PDCD1,plasma,PROT,2,0.13059766268896666,0.2657924945299845
PDCD1LG2,PDCD1LG2,plasma,PROT,2,-0.0579884469877495,0.2513217465068567
PDCD5,PDCD5,plasma,PROT,2,-0.17043283102623916,0.4102598952026748
PDCD6,PDCD6,plasma,PROT,2,-0.0236552561857903,0.16958239571658296
PDCL2,PDCL2,plasma,PROT,2,-0.28885,0.7007451964441345
PDE1C,PDE1C,plasma,PROT,2,-0.09404085223411116,0.4957274171227614
PDE4D,PDE4D,plasma,PROT,2,-0.05506650813329725,0.5329474416494301
PDE5A,PDE5A,plasma,PROT,2,-0.00681721027329075,0.7412429566687105
PDGFA,PDGFA,plasma,PROT,2,0.02496797180156235,0.5977241704289139
PDGFB,PDGFB,plasma,PROT,2,0.37728699406447463,0.9373026544193371
PDGFC,PDGFC,plasma,PROT,2,-0.0179599937825771,0.34635938943515987
PDGFRA,PDGFRA,plasma,PROT,2,-0.14338568967280252,0.2590755011289999
PDGFRB,PDGFRB,plasma,PROT,2,0.0339607962493673,0.2791908019796234
PDIA2,PDIA2,plasma,PROT,2,-0.25455539403357114,0.6567885705286166
PDIA3,PDIA3,plasma,PROT,2,-0.1014129408140668,0.18942931224123477
PDIA4,PDIA4,plasma,PROT,2,-0.02178774516915265,0.4176113012443874
PDIA5,PDIA5,plasma,PROT,2,-0.0926351433003139,0.5623115300384902
PDLIM5,PDLIM5,plasma,PROT,2,-0.13287619735036427,0.8653231078121484
PDLIM7,PDLIM7,plasma,PROT,2,0.03619677033946535,0.9162208113512341
PDP1,PDP1,plasma,PROT,2,-0.1257,0.5823809345577509
PDRG1,PDRG1,plasma,PROT,2,-0.221358419227653,0.7591415807723471
PDXDC1,PDXDC1,plasma,PROT,2,-0.10633888691954535,0.2711492884380494
PDZD2,PDZD2,plasma,PROT,2,-0.07253386506109924,0.41909194807109545
PDZK1,PDZK1,plasma,PROT,2,-0.09500785932622816,0.39738574599918314
PEAR1,PEAR1,plasma,PROT,2,0.030497271736850948,0.1721903917082279
PEBP1,PEBP1,plasma,PROT,2,-0.2123222990582462,0.37313513993120384
PECAM1,PECAM1,plasma,PROT,2,-0.051980762543256606,0.3585595519188262
PECR,PECR,plasma,PROT,2,-0.0265173999199119,0.13810453925307759
PENK,PENK,plasma,PROT,2,-0.09872710454265204,0.27727289545734796
PEPD,PEPD,plasma,PROT,2,0.11469558450162876,0.2879028612965487
PF4,PF4,plasma,PROT,2,0.3682960519193014,0.6973494323912042
PFDN2,PFDN2,plasma,PROT,2,-0.29250125096457114,0.5182109564515992
PFDN4,PFDN4,plasma,PROT,2,-0.1419425272686165,0.4886092810828865
PFDN6,PFDN6,plasma,PROT,2,-0.08666245143475025,0.9410939831314795
PFKFB2,PFKFB2,plasma,PROT,2,-0.1885058387289231,0.5448043313380307
PGA4,PGA4,plasma,PROT,2,-0.13437728017832884,0.31777712354978616
PGD,PGD,plasma,PROT,2,-0.0937724664807213,0.39626052122307753
PGF,PGF,plasma,PROT,2,-0.1404937284583373,0.6469020145083018
PGLYRP2,PGLYRP2,plasma,PROT,2,-0.03925,0.3234825487344033
PGLYRP4,PGLYRP4,plasma,PROT,2,-0.26721764047862806,0.618486538636275
PGM2,PGM2,plasma,PROT,2,-0.04474076960488055,0.47503501921706687
PGR,PGR,plasma,PROT,2,0.015922232739967998,0.26341704255169524
PHACTR2,PHACTR2,plasma,PROT,2,-0.0160549928492351,0.867123138111726
PHLDB1,PHLDB1,plasma,PROT,2,-0.08867850931161536,0.4831090080736535
PHLDB2,PHLDB2,plasma,PROT,2,0.0076650370435073,1.0502018570928977
PHOSPHO1,PHOSPHO1,plasma,PROT,2,-0.06072240104628371,0.1724298428253645
PHYKPL,PHYKPL,plasma,PROT,2,-0.05302993156169905,0.233710744040732
PI16,PI16,plasma,PROT,2,0.08685939618615235,0.33666401387075306
PI3,PI3,plasma,PROT,2,-0.0509755364948146,0.34800404157483233
PIBF1,PIBF1,plasma,PROT,2,-0.06512578776063045,0.5885641733784581
PIGR,PIGR,plasma,PROT,2,-0.14367202984381294,0.30871916844352115
PIK3AP1,PIK3AP1,plasma,PROT,2,-0.12060528513728395,0.43000000000000005
PIK3IP1,PIK3IP1,plasma,PROT,2,-0.07116750407979189,0.22392755004002826
PIKFYVE,PIKFYVE,plasma,PROT,2,-0.16158099226384645,0.5303190077361535
PILRA,PILRA,plasma,PROT,2,-0.118500282247613,0.41883142921188954
PILRB,PILRB,plasma,PROT,2,-0.14715,0.3892805166216771
PINLYP,PINLYP,plasma,PROT,2,-0.06587153428024264,0.507934838708769
PITHD1,PITHD1,plasma,PROT,2,-0.379725,0.8282062180004284
PKD1,PKD1,plasma,PROT,2,-0.02567326886347925,0.2313134140111555
PKD2,PKD2,plasma,PROT,2,-0.11701055716933126,0.49280860713540103
PKLR,PKLR,plasma,PROT,2,-0.14947541022522765,0.3403121781261673
PKN3,PKN3,plasma,PROT,2,0.0052127768301684,0.5983310532766065
PLA2G10,PLA2G10,plasma,PROT,2,0.1154550008987319,0.38667678886437007
PLA2G15,PLA2G15,plasma,PROT,2,-0.0746022022193604,0.2763106721834196
PLA2G1B,PLA2G1B,plasma,PROT,2,-0.14080073853420588,0.41120426191328807
PLA2G2A,PLA2G2A,plasma,PROT,2,0.0036469579161407502,0.5232835348399943
PLA2G4A,PLA2G4A,plasma,PROT,2,-0.0997427637908564,0.539722757870017
PLA2G7,PLA2G7,plasma,PROT,2,0.02155507583160135,0.31765000992884157
PLAU,PLAU,plasma,PROT,2,-0.38946168255212643,0.26956340302860266
PLAUR,PLAUR,plasma,PROT,2,-0.049324999999999994,0.31834675432939397
PLB1,PLB1,plasma,PROT,2,0.00582349319789055,0.501391764347768
PLCB1,PLCB1,plasma,PROT,2,-0.03709837411320255,0.3665127368560288
PLCB2,PLCB2,plasma,PROT,2,0.0,0.9575293478619151
PLEKHO1,PLEKHO1,plasma,PROT,2,0.0365933396043431,0.5665387964748844
PLG,PLG,plasma,PROT,2,-0.03944301263419925,0.14038233783484816
PLIN1,PLIN1,plasma,PROT,2,0.00900035952583215,0.25368821751375137
PLIN3,PLIN3,plasma,PROT,2,-0.08520608159531605,0.282170697318348
PLPBP,PLPBP,plasma,PROT,2,-0.1911488098716847,0.4996148984741719
PLSCR3,PLSCR3,plasma,PROT,2,-0.09843581168081786,0.3848557784415219
PLTP,PLTP,plasma,PROT,2,0.01945652917755485,0.29449347082244515
PLXDC1,PLXDC1,plasma,PROT,2,0.09675507801416919,0.20778403534292547
PLXDC2,PLXDC2,plasma,PROT,2,0.05255,0.18091165034600026
PLXNA4,PLXNA4,plasma,PROT,2,0.10565196361862306,0.8017534754968332
PLXNB2,PLXNB2,plasma,PROT,2,-0.4472389843361987,0.23411790620787104
PLXNB3,PLXNB3,plasma,PROT,2,-0.1051573036174806,0.25769355465057
PM20D1,PM20D1,plasma,PROT,2,-0.427201578686173,1.397670281576124
PMCH,PMCH,plasma,PROT,2,-0.08684712814027375,0.24539549738369174
PMM2,PMM2,plasma,PROT,2,0.01060988638005695,0.5170370888456421
PMS1,PMS1,plasma,PROT,2,-0.141317982040117,0.7851300913695937
PMVK,PMVK,plasma,PROT,2,0.14041096341945475,1.2732040920485428
PNLIP,PNLIP,plasma,PROT,2,-0.15075,0.4540454137883721
PNLIPRP1,PNLIPRP1,plasma,PROT,2,0.05239432467349675,0.3956378243392829
PNLIPRP2,PNLIPRP2,plasma,PROT,2,-1.222618256169385,1.2246225608186885
PNMA1,PNMA1,plasma,PROT,2,0.33883416958727064,0.7042483672029083
PNMA2,PNMA2,plasma,PROT,2,-0.07116926990543335,0.4023640776026059
PNPT1,PNPT1,plasma,PROT,2,-0.0910281267749454,0.40566261982334295
PODXL,PODXL,plasma,PROT,2,0.01,0.1025192424093813
PODXL2,PODXL2,plasma,PROT,2,-0.02819883892631395,0.2634824764944248
POF1B,POF1B,plasma,PROT,2,-0.02159301211715,0.4021242910927451
POLR2A,POLR2A,plasma,PROT,2,-0.1080652468709701,0.42237643618187826
POLR2F,POLR2F,plasma,PROT,2,-0.0958232297422936,0.21334999999999993
POMC,POMC,plasma,PROT,2,-0.2970244812517377,0.6632949270524593
PON1,PON1,plasma,PROT,2,0.043657143089871106,0.1251566978798111
PON2,PON2,plasma,PROT,2,-0.12615759043612784,0.26687439143169533
PON3,PON3,plasma,PROT,2,0.0748,0.27506762214138275
POSTN,POSTN,plasma,PROT,2,0.0317555026661141,0.4102388549541258
PPBP,PPBP,plasma,PROT,2,0.27106802229191646,0.7170372560622211
PPCDC,PPCDC,plasma,PROT,2,-0.1386482706937042,0.2339950815733564
PPIB,PPIB,plasma,PROT,2,-0.043133714895528294,0.6568419503015863
PPIE,PPIE,plasma,PROT,2,0.0232524633193397,0.5754782878094613
PPL,PPL,plasma,PROT,2,-0.19597358390801864,0.20916348777653865
PPM1A,PPM1A,plasma,PROT,2,-0.1304348092693215,0.2211791304092467
PPM1B,PPM1B,plasma,PROT,2,-0.18655606730479404,0.4803266065759466
PPM1F,PPM1F,plasma,PROT,2,-0.09426979942389749,0.31741491554363543
PPME1,PPME1,plasma,PROT,2,-0.2616831801539926,0.6281236702683792
PPP1CC,PPP1CC,plasma,PROT,2,0.01667709027399005,0.35403562890987034
PPP1R12A,PPP1R12A,plasma,PROT,2,-0.0384886634357843,0.4892702908211135
PPP1R12B,PPP1R12B,plasma,PROT,2,-0.22258882396150714,0.32780920577452777
PPP1R14A,PPP1R14A,plasma,PROT,2,-0.0124714735181023,0.8996922601351083
PPP1R14D,PPP1R14D,plasma,PROT,2,-0.055536519480274,0.5323648958131525
PPP1R2,PPP1R2,plasma,PROT,2,-0.1291461066455446,0.39329679819315444
PPP1R9B,PPP1R9B,plasma,PROT,2,-0.0137689432726754,0.8290219286194238
PPP2R5A,PPP2R5A,plasma,PROT,2,-0.06720000158685424,0.8554091059411353
PPP3R1,PPP3R1,plasma,PROT,2,-0.01324405422877495,0.25884548158762577
PPT1,PPT1,plasma,PROT,2,-0.2833285784869912,0.8199179218928716
PPY,PPY,plasma,PROT,2,-0.0780582383733809,0.8750831295032724
PQBP1,PQBP1,plasma,PROT,2,-0.07541472317353384,0.3522407948667532
PRAME,PRAME,plasma,PROT,2,-0.20270735176530516,0.4195236676327127
PRAP1,PRAP1,plasma,PROT,2,-0.2762090634479449,0.3987082548317572
PRC1,PRC1,plasma,PROT,2,-0.11636491458388246,0.34875
PRCP,PRCP,plasma,PROT,2,0.0110559402989697,0.2556242946975146
PRDX1,PRDX1,plasma,PROT,2,-0.0912081637133195,0.42054336385178287
PRDX2,PRDX2,plasma,PROT,2,-0.022220458725975,0.2386128327343081
PRDX3,PRDX3,plasma,PROT,2,-0.2078465848648703,0.5550323942072501
PRDX5,PRDX5,plasma,PROT,2,-0.26007462100648876,0.6622165845964957
PRDX6,PRDX6,plasma,PROT,2,-0.0919671298824187,0.3983742393924688
PREB,PREB,plasma,PROT,2,-0.0615277036193381,0.15770341609007993
PRELP,PRELP,plasma,PROT,2,0.0705829682408271,0.2335859431567029
PRG2,PRG2,plasma,PROT,2,0.1849120004893626,0.34266381330864715
PRG3,PRG3,plasma,PROT,2,0.0203752664463241,0.3283791126506596
PRKAB1,PRKAB1,plasma,PROT,2,-0.060498799382697296,0.4605012006173027
PRKAG3,PRKAG3,plasma,PROT,2,-0.0452699015154664,0.8161262026167715
PRKAR1A,PRKAR1A,plasma,PROT,2,-0.0647610776542338,0.7349646369661591
PRKAR2A,PRKAR2A,plasma,PROT,2,-0.12648099523114115,0.5681814962866478
PRKCQ,PRKCQ,plasma,PROT,2,0.00455994325536725,0.269125313015981
PRKD2,PRKD2,plasma,PROT,2,-0.0286209369143539,0.28126023973206066
PRKG1,PRKG1,plasma,PROT,2,-0.06433891830642265,0.8068377463725516
PRKRA,PRKRA,plasma,PROT,2,-0.12405,0.5433914007329396
PRL,PRL,plasma,PROT,2,-0.3222087668854756,0.42743049101435887
PRND,PRND,plasma,PROT,2,0.2027848203996184,0.430716637862456
PROC,PROC,plasma,PROT,2,0.1003,0.2458133789945365
PROCR,PROCR,plasma,PROT,2,-0.029544386236376848,0.4767556137636232
PROK1,PROK1,plasma,PROT,2,0.009176720094328749,0.48263599189763684
PROS1,PROS1,plasma,PROT,2,0.01019660957676425,0.22872464257529018
PRR4,PRR4,plasma,PROT,2,-0.1415253885556664,0.7061176389214312
PRR5,PRR5,plasma,PROT,2,-0.21115787864193314,0.3963419292698691
PRRT3,PRRT3,plasma,PROT,2,0.08391976103212975,0.34883636641235843
PRSS2,PRSS2,plasma,PROT,2,-0.11882976924653395,0.3027945855317543
PRSS22,PRSS22,plasma,PROT,2,0.04387264312977565,0.5593665895320945
PRSS27,PRSS27,plasma,PROT,2,-0.04985,0.29183796253077776
PRSS53,PRSS53,plasma,PROT,2,-0.03225,0.2931745445705227
PRSS8,PRSS8,plasma,PROT,2,-0.4727778898367791,0.33365589046781924
PRTFDC1,PRTFDC1,plasma,PROT,2,0.21409261035331756,0.8683647772474697
PRTG,PRTG,plasma,PROT,2,-0.29456071083589314,0.30198928916410683
PRTN3,PRTN3,plasma,PROT,2,-0.09328785622716701,0.319851721842434
PRUNE2,PRUNE2,plasma,PROT,2,-0.10814160231003656,0.2584019239589094
PSAP,PSAP,plasma,PROT,2,-0.2602754140584021,0.2093912125817317
PSAPL1,PSAPL1,plasma,PROT,2,-0.21918363882782638,0.42163396694777106
PSCA,PSCA,plasma,PROT,2,-0.5699393467961567,0.7713025363475636
PSIP1,PSIP1,plasma,PROT,2,0.1865661767877586,0.49972203493772593
PSMA1,PSMA1,plasma,PROT,2,0.05297632482528015,0.5500417246318928
PSMC3,PSMC3,plasma,PROT,2,-0.31610390532539206,0.7775510909422294
PSMD1,PSMD1,plasma,PROT,2,-0.32836869749895914,0.6984003831507262
PSMD5,PSMD5,plasma,PROT,2,-0.1147565810803195,0.1518395101574756
PSMD9,PSMD9,plasma,PROT,2,-0.09340444938683226,0.3803882915283599
PSME1,PSME1,plasma,PROT,2,-0.1372550719901181,0.17622488520897528
PSME2,PSME2,plasma,PROT,2,-0.09073152562839751,0.23581282716455032
PSMG3,PSMG3,plasma,PROT,2,-0.07477264041042986,0.42665451932710396
PSMG4,PSMG4,plasma,PROT,2,-0.0841038071613904,0.49404396673010587
PSPN,PSPN,plasma,PROT,2,-0.02244456203612915,0.6673120511590849
PSRC1,PSRC1,plasma,PROT,2,0.06516830444407931,0.4206685885324973
PSTPIP2,PSTPIP2,plasma,PROT,2,0.081242724486106,0.9982934946276932
PTEN,PTEN,plasma,PROT,2,0.011040887319584799,0.5961463475067976
PTGDS,PTGDS,plasma,PROT,2,-0.08256469621681761,0.29103530378318243
PTGES2,PTGES2,plasma,PROT,2,0.056061462343596005,0.44079701172262997
PTGR1,PTGR1,plasma,PROT,2,-0.07625901177318581,0.6271590117731858
PTH,PTH,plasma,PROT,2,-0.3184189670388413,0.71225
PTH1R,PTH1R,plasma,PROT,2,-0.05710922603877265,0.17090305267643924
PTK7,PTK7,plasma,PROT,2,-0.0541,0.3427504733994135
PTN,PTN,plasma,PROT,2,-0.3552271292905383,0.39443130724398423
PTP4A3,PTP4A3,plasma,PROT,2,-0.12635261345495444,0.6205638313562152
PTPN1,PTPN1,plasma,PROT,2,-0.02737188837516385,0.6791825207611334
PTPN6,PTPN6,plasma,PROT,2,0.12939129471824234,0.9213414305175682
PTPN9,PTPN9,plasma,PROT,2,-0.0695530859761363,0.3027551949288504
PTPRB,PTPRB,plasma,PROT,2,-0.06844982696988205,0.2837858618757956
PTPRC,PTPRC,plasma,PROT,2,0.0562,0.19672059114572368
PTPRF,PTPRF,plasma,PROT,2,-0.43194091783134275,0.20810423386173235
PTPRH,PTPRH,plasma,PROT,2,0.0319607455274074,0.3983542183309049
PTPRN2,PTPRN2,plasma,PROT,2,-0.0836002372931327,0.25761675321378885
PTPRR,PTPRR,plasma,PROT,2,-0.10412136965054306,0.29553026560447676
PTPRS,PTPRS,plasma,PROT,2,0.06894844951622289,0.27992396941494796
PTPRZ1,PTPRZ1,plasma,PROT,2,-0.17188033719868567,0.28627799300604206
PTRHD1,PTRHD1,plasma,PROT,2,-0.1225694451135218,0.5081714198246193
PTS,PTS,plasma,PROT,2,-0.28850916972247675,0.41734902397892426
PTTG1,PTTG1,plasma,PROT,2,0.11107956740190211,0.28051106715317053
PTX3,PTX3,plasma,PROT,2,-0.1185706834326793,0.17531864906496136
PVALB,PVALB,plasma,PROT,2,0.0067954611189893505,0.7309020375041337
PVR,PVR,plasma,PROT,2,-0.136425,0.3254491538119296
PXDNL,PXDNL,plasma,PROT,2,-0.01194732879891755,0.26953239384731986
PXN,PXN,plasma,PROT,2,-0.1456779613255716,0.35269143473714937
PYDC1,PYDC1,plasma,PROT,2,-0.0474527774096173,0.26919267313115125
PYY,PYY,plasma,PROT,2,0.12710414123255315,0.8660865476649259
PZP,PZP,plasma,PROT,2,0.0515243267734639,0.6919097364060861
QDPR,QDPR,plasma,PROT,2,-0.22146859269243452,0.39955347608332326
QPCT,QPCT,plasma,PROT,2,-0.0835957416148786,0.24365022923474164
QSOX1,QSOX1,plasma,PROT,2,-0.1688101621508809,0.20283390166783805
RAB10,RAB10,plasma,PROT,2,-0.05524242444949655,0.39237959047817017
RAB11FIP3,RAB11FIP3,plasma,PROT,2,0.10200748288485195,1.0644282906628277
RAB27B,RAB27B,plasma,PROT,2,0.15969138762998752,1.1021249311396655
RAB2B,RAB2B,plasma,PROT,2,-0.03917736760256215,0.4140739924664455
RAB33A,RAB33A,plasma,PROT,2,0.0373,0.6174742170116914
RAB37,RAB37,plasma,PROT,2,0.03167248425197225,0.5570064872956544
RAB39B,RAB39B,plasma,PROT,2,-0.029290817000175898,0.5210353144122846
RAB3GAP1,RAB3GAP1,plasma,PROT,2,-0.0704610416679129,0.3961650079457622
RAB44,RAB44,plasma,PROT,2,-0.06694245544562649,0.33142848315400286
RABEP1,RABEP1,plasma,PROT,2,-0.043948277214176504,0.38722364907038265
RABEPK,RABEPK,plasma,PROT,2,0.0137343915981364,0.3199572338677219
RABGAP1L,RABGAP1L,plasma,PROT,2,-0.10424381435816805,0.45806824121657136
RAC3,RAC3,plasma,PROT,2,-0.01732289363389155,0.1754808684193253
RAD23B,RAD23B,plasma,PROT,2,-0.05561662176410595,0.31147050249426944
RAD51,RAD51,plasma,PROT,2,0.02176423637290955,0.31693829525108125
RALB,RALB,plasma,PROT,2,0.08354137983239375,0.41905000000000003
RALY,RALY,plasma,PROT,2,-0.0452746723350296,0.3126070744978041
RANBP1,RANBP1,plasma,PROT,2,-0.1661,0.6440113769174711
RANBP2,RANBP2,plasma,PROT,2,-0.1273704836716044,0.29719971419579405
RANGAP1,RANGAP1,plasma,PROT,2,0.0031398040719363,0.142125273105993
RAP1A,RAP1A,plasma,PROT,2,-0.10679656553123705,0.6808440093774403
RARRES1,RARRES1,plasma,PROT,2,0.0165716738747734,0.29433480811723167
RARRES2,RARRES2,plasma,PROT,2,-0.13933502130808562,0.33491611136391586
RASA1,RASA1,plasma,PROT,2,-0.04200977390932935,0.2574401752018487
RASGRF1,RASGRF1,plasma,PROT,2,-0.737759118637243,1.174309060486674
RASSF2,RASSF2,plasma,PROT,2,0.04315,0.44823922331517685
RBFOX3,RBFOX3,plasma,PROT,2,-0.14479461517391046,0.194575
RBKS,RBKS,plasma,PROT,2,-0.13969076710094055,0.3812677621931847
RBM17,RBM17,plasma,PROT,2,-0.0514360908251096,0.5964549419908229
RBM19,RBM19,plasma,PROT,2,0.04283615683681845,0.44372904661519885
RBM25,RBM25,plasma,PROT,2,-0.186854761374532,0.6202478262025413
RBP1,RBP1,plasma,PROT,2,-0.2888189316457088,0.4464189316457088
RBP2,RBP2,plasma,PROT,2,-0.2133060970088544,0.7431079147633174
RBP5,RBP5,plasma,PROT,2,-0.03667908819734545,0.460875
RBP7,RBP7,plasma,PROT,2,-0.0866316286886483,0.3317383417323144
RBPMS,RBPMS,plasma,PROT,2,-0.2630225929659164,0.7788016016162961
RBPMS2,RBPMS2,plasma,PROT,2,0.005695185466480851,0.9576132816003305
RCC1,RCC1,plasma,PROT,2,-0.0875297928475038,0.18864333131655225
RCOR1,RCOR1,plasma,PROT,2,-0.0951131478018305,0.1908
RECK,RECK,plasma,PROT,2,0.024198495457318052,0.18840996305022434
REEP4,REEP4,plasma,PROT,2,-0.0980751004939188,0.4464052778705703
REG1A,REG1A,plasma,PROT,2,-0.11899161316577239,0.3048573371914153
REG1B,REG1B,plasma,PROT,2,-0.1127518761369523,0.3754231794864804
REG3A,REG3A,plasma,PROT,2,-0.12927217113738831,0.5777239649100898
REG3G,REG3G,plasma,PROT,2,-0.06945389861463969,0.41822405831292797
REG4,REG4,plasma,PROT,2,-0.0425381106724338,0.3601437408783904
RELB,RELB,plasma,PROT,2,-0.20016477383078946,0.7862900961296911
RELT,RELT,plasma,PROT,2,-0.21869279472581532,0.30538128057750363
REN,REN,plasma,PROT,2,-0.04120749013640815,0.45501113743376764
REPS1,REPS1,plasma,PROT,2,-0.20998951657143955,0.6468090779658597
REST,REST,plasma,PROT,2,-0.2709874086278504,0.9946690796536415
RET,RET,plasma,PROT,2,-0.1224120990225521,0.2613389686510932
RETN,RETN,plasma,PROT,2,-0.061200000000000004,0.3686041325351992
REXO2,REXO2,plasma,PROT,2,-0.04339053201603605,0.368045283375109
RFC4,RFC4,plasma,PROT,2,-0.043249691395743056,0.14236282100190362
RGCC,RGCC,plasma,PROT,2,0.07775423116427625,0.578423275377097
RGL2,RGL2,plasma,PROT,2,-0.13964208339135695,0.6846240850147496
RGMA,RGMA,plasma,PROT,2,-0.009344526903633351,0.2855997550912127
RGMB,RGMB,plasma,PROT,2,-0.022800135936080802,0.1857988069353052
RGS10,RGS10,plasma,PROT,2,-0.23838912843562465,0.674713345713761
RGS8,RGS8,plasma,PROT,2,0.014871081911705001,0.3423075127428711
RHOC,RHOC,plasma,PROT,2,-0.05624001272207395,0.7612293721370014
RICTOR,RICTOR,plasma,PROT,2,0.12090000000000001,0.671171810917034
RIDA,RIDA,plasma,PROT,2,-0.10977972203439705,0.3911407800437415
RILP,RILP,plasma,PROT,2,-0.10552039608172165,0.5539759698321227
RILPL2,RILPL2,plasma,PROT,2,-0.0082958385598922,0.9013858797904859
RIPK4,RIPK4,plasma,PROT,2,-0.02779647163419875,0.69045
RLN1,RLN1,plasma,PROT,2,-0.0200532253288406,0.19778893526187652
RNASE1,RNASE1,plasma,PROT,2,-0.0644759988725907,0.18042921785090735
RNASE10,RNASE10,plasma,PROT,2,-0.02331410586149875,0.4843629368719171
RNASE3,RNASE3,plasma,PROT,2,0.11390579727487979,0.9486595731438101
RNASE4,RNASE4,plasma,PROT,2,-0.184909022836357,0.23919999999999997
RNASE6,RNASE6,plasma,PROT,2,-0.07270629963878439,0.1953805640234981
RNASEH2A,RNASEH2A,plasma,PROT,2,0.01642872648327625,0.3562075775246392
RNASET2,RNASET2,plasma,PROT,2,-0.0327728815231077,0.1942426515699165
RNF149,RNF149,plasma,PROT,2,-0.08175200996839391,0.2505264006649076
RNF168,RNF168,plasma,PROT,2,-0.0294260177497254,0.6369450514205266
RNF31,RNF31,plasma,PROT,2,0.0462133247845531,0.6030700961451068
RNF4,RNF4,plasma,PROT,2,-0.0818722054400451,0.6345371828501662
RNF41,RNF41,plasma,PROT,2,-0.02225,0.4585345069528533
RNF43,RNF43,plasma,PROT,2,-0.20983882821924738,0.37744606181337953
RNF5,RNF5,plasma,PROT,2,-0.161878265568969,0.5169395567059434
ROBO1,ROBO1,plasma,PROT,2,-0.05298482266506035,0.1935
ROBO2,ROBO2,plasma,PROT,2,0.0247,0.22219648259949334
ROBO4,ROBO4,plasma,PROT,2,0.0,0.10449979278085515
ROR1,ROR1,plasma,PROT,2,0.0567,0.2779035416107541
RP2,RP2,plasma,PROT,2,-0.0402382831788656,0.23144127359726085
RPA2,RPA2,plasma,PROT,2,-0.050589369651966296,0.32131021790515574
RPE,RPE,plasma,PROT,2,-0.08635853669787034,0.3061618765329637
RPGR,RPGR,plasma,PROT,2,-0.057800000000000004,0.5477325697063224
RPL14,RPL14,plasma,PROT,2,-0.13394482507195454,0.25466734336030294
RPS10,RPS10,plasma,PROT,2,-0.12012140804435376,0.1902545477885274
RRAS,RRAS,plasma,PROT,2,-0.12162580640450366,0.9292508742850987
RRM2,RRM2,plasma,PROT,2,-0.0061322630969858,0.36221816985835686
RRM2B,RRM2B,plasma,PROT,2,-0.19219321245237084,0.4549
RSPO1,RSPO1,plasma,PROT,2,-0.1176270067472379,0.17743698685738254
RSPO3,RSPO3,plasma,PROT,2,-0.02928030062330355,0.1550681423635146
RTBDN,RTBDN,plasma,PROT,2,-0.08508755338282614,0.23953481351233968
RTKN2,RTKN2,plasma,PROT,2,0.07076759155633214,0.3750236318509701
RTN4IP1,RTN4IP1,plasma,PROT,2,-0.0496241699690354,0.6336246384962186
RTN4R,RTN4R,plasma,PROT,2,0.0730285223361439,0.2868904615854462
RUVBL1,RUVBL1,plasma,PROT,2,-0.06390641011771786,0.5840963344236495
RWDD1,RWDD1,plasma,PROT,2,-0.11872332977514499,0.5006992466146079
RYR1,RYR1,plasma,PROT,2,-0.0034270907089276,0.3753549262520051
S100A11,S100A11,plasma,PROT,2,-0.10245852049492654,0.22926507733066004
S100A12,S100A12,plasma,PROT,2,0.01539055396205265,0.48440734794703555
S100A13,S100A13,plasma,PROT,2,-0.05957537170355805,0.21174572263897845
S100A14,S100A14,plasma,PROT,2,0.0304,0.3679327247931279
S100A16,S100A16,plasma,PROT,2,-0.13715,0.4777701735006643
S100A3,S100A3,plasma,PROT,2,0.01854243681612985,0.2768953031753087
S100A4,S100A4,plasma,PROT,2,-0.11543406053237945,0.353940741501434
S100G,S100G,plasma,PROT,2,-0.28186121429677036,0.4550058248416528
S100P,S100P,plasma,PROT,2,-0.4866754628949394,0.4200736874978447
SAA4,SAA4,plasma,PROT,2,-0.00881243558033965,0.17131994594712255
SAFB2,SAFB2,plasma,PROT,2,-0.0355190896663894,0.30297503349468735
SAG,SAG,plasma,PROT,2,-0.3901574191656396,1.090378687799725
SAMD9L,SAMD9L,plasma,PROT,2,-0.08830216333045925,0.4693880699938542
SAP18,SAP18,plasma,PROT,2,0.1915092197851407,0.7604217032684139
SARG,SARG,plasma,PROT,2,0.0065604844520026,0.8786504571394901
SART1,SART1,plasma,PROT,2,-0.11259096108910295,0.3140780592393452
SAT1,SAT1,plasma,PROT,2,-0.0440564948429166,0.28426158941660656
SAT2,SAT2,plasma,PROT,2,-0.11457082816575426,0.3817358620060153
SATB1,SATB1,plasma,PROT,2,-0.0508,0.209525
SBSN,SBSN,plasma,PROT,2,0.010700000000000001,0.2713436633847501
SCAMP3,SCAMP3,plasma,PROT,2,-0.19042783413465358,0.6499147956074919
SCARA5,SCARA5,plasma,PROT,2,-0.12067621951516411,0.3852254909900468
SCARB1,SCARB1,plasma,PROT,2,-0.42002217381838136,0.6098275906149841
SCARB2,SCARB2,plasma,PROT,2,-0.13991477543772535,0.19061432905088
SCARF1,SCARF1,plasma,PROT,2,0.00986362049548055,0.2982363795045194
SCARF2,SCARF2,plasma,PROT,2,-0.0011035162469849001,0.25287976288551245
SCG2,SCG2,plasma,PROT,2,-0.10774149936409949,0.3030751688464758
SCG3,SCG3,plasma,PROT,2,-0.04845996845206975,0.2465179772446519
SCGB1A1,SCGB1A1,plasma,PROT,2,-0.14007874345798604,0.4555296377313429
SCGB2A2,SCGB2A2,plasma,PROT,2,-0.00408335585932475,0.26443314721508193
SCGB3A1,SCGB3A1,plasma,PROT,2,-0.0690592527214853,0.20790000000000003
SCGB3A2,SCGB3A2,plasma,PROT,2,-0.08657117341954054,0.5701666192446566
SCGN,SCGN,plasma,PROT,2,-0.01429361046877745,0.21694274754066475
SCIN,SCIN,plasma,PROT,2,-0.41484493385597054,0.6345878814964707
SCLY,SCLY,plasma,PROT,2,-0.0033931949136568997,0.44197634109908696
SCN2A,SCN2A,plasma,PROT,2,-0.16081458191428638,0.5044165779358611
SCN2B,SCN2B,plasma,PROT,2,-0.041872261196152,0.40272592029047116
SCN3A,SCN3A,plasma,PROT,2,-0.3170818428286834,0.8385553949558908
SCN3B,SCN3B,plasma,PROT,2,-0.0397230385703155,0.3456748023579067
SCN4B,SCN4B,plasma,PROT,2,0.03184509496989455,0.40260207907959483
SCP2,SCP2,plasma,PROT,2,-0.04074277027918935,0.28836929399581357
SCPEP1,SCPEP1,plasma,PROT,2,-0.06943303478983975,0.3228441831251474
SCRG1,SCRG1,plasma,PROT,2,-0.16978465864224496,0.3067488695651144
SCRIB,SCRIB,plasma,PROT,2,-0.0387138889612161,0.45478961033094445
SCRN1,SCRN1,plasma,PROT,2,0.02602857027510115,0.4482758580720595
SCT,SCT,plasma,PROT,2,-0.13642398792130866,0.4121145372771237
SDC1,SDC1,plasma,PROT,2,-1.0502075207697494,0.6691764331692631
SDC4,SDC4,plasma,PROT,2,0.04065396292208555,0.6474292113223498
SDCCAG8,SDCCAG8,plasma,PROT,2,-0.06531075514193214,0.8587213482813578
SDHB,SDHB,plasma,PROT,2,0.04100513511037495,0.2651072568862751
SDK2,SDK2,plasma,PROT,2,-0.0926743347310745,0.34611318296736476
SEC31A,SEC31A,plasma,PROT,2,-0.09787796387756265,0.4200769261499017
SEL1L,SEL1L,plasma,PROT,2,-0.17957443428464845,0.18115863795715875
SELE,SELE,plasma,PROT,2,-0.01344019216111765,0.470842592949721
SELENOP,SELENOP,plasma,PROT,2,0.0044610086071031,0.1532808080023018
SELL,SELL,plasma,PROT,2,0.0790020536945912,0.20215205369459122
SELP,SELP,plasma,PROT,2,0.0110409108272428,0.3390014641960198
SELPLG,SELPLG,plasma,PROT,2,0.0145276392671063,0.12442853402111474
SEMA3F,SEMA3F,plasma,PROT,2,-0.14875905462373323,0.22143032580112723
SEMA3G,SEMA3G,plasma,PROT,2,-0.11611188770453776,0.38473222008828
SEMA4C,SEMA4C,plasma,PROT,2,-0.16123327648674146,0.35417887518278596
SEMA4D,SEMA4D,plasma,PROT,2,0.0019148375042532999,0.26571370461829946
SEMA6C,SEMA6C,plasma,PROT,2,-0.0913031326696774,0.23087016881664935
SEMA7A,SEMA7A,plasma,PROT,2,-0.6291845430098031,0.33282221459303163
SEPTIN3,SEPTIN3,plasma,PROT,2,-0.05947588307396855,0.33592597496515164
SEPTIN7,SEPTIN7,plasma,PROT,2,-0.07054085614291145,0.3873127196602646
SEPTIN8,SEPTIN8,plasma,PROT,2,-0.15592705259070438,0.1818178727316764
SEPTIN9,SEPTIN9,plasma,PROT,2,-0.014875744171945551,0.11573438575743034
SERPINA1,SERPINA1,plasma,PROT,2,-0.12926458502580157,0.13988340656077836
SERPINA11,SERPINA11,plasma,PROT,2,-0.01605690971241185,0.36183474779885766
SERPINA12,SERPINA12,plasma,PROT,2,-0.1141885397241981,0.41868613957568523
SERPINA3,SERPINA3,plasma,PROT,2,-0.06377257788323755,0.1330462450171956
SERPINA4,SERPINA4,plasma,PROT,2,-0.0173697095170024,0.23141059052454438
SERPINA5,SERPINA5,plasma,PROT,2,-0.00156966663581945,0.2748196666358194
SERPINA6,SERPINA6,plasma,PROT,2,-0.18176841368425373,0.2447610765181612
SERPINA7,SERPINA7,plasma,PROT,2,0.01881368169064045,0.24825172146736635
SERPINA9,SERPINA9,plasma,PROT,2,0.04792237028488325,0.623449675368837
SERPINB1,SERPINB1,plasma,PROT,2,-0.05233228233271785,0.5422880979235449
SERPINB5,SERPINB5,plasma,PROT,2,-0.1475165126607771,0.8784051397376802
SERPINB6,SERPINB6,plasma,PROT,2,-0.0238857280312328,0.3714
SERPINB8,SERPINB8,plasma,PROT,2,-0.0388185885443791,0.35716728787802904
SERPINB9,SERPINB9,plasma,PROT,2,-0.20544096950349566,0.32114097995948643
SERPINC1,SERPINC1,plasma,PROT,2,-0.03458515519605235,0.18325702398565014
SERPIND1,SERPIND1,plasma,PROT,2,0.09967733873166246,0.26919204127171403
SERPINE1,SERPINE1,plasma,PROT,2,-0.2896670293910148,0.49298842764747464
SERPINE2,SERPINE2,plasma,PROT,2,0.29312249587982886,0.7126203002294059
SERPINF1,SERPINF1,plasma,PROT,2,-0.0439652294583475,0.14604972199958516
SERPINF2,SERPINF2,plasma,PROT,2,0.0261254113928224,0.19003364385224852
SERPING1,SERPING1,plasma,PROT,2,0.015797502275797702,0.1910475022757977
SERPINH1,SERPINH1,plasma,PROT,2,-0.10564541229023236,1.0573383014486093
SERPINI1,SERPINI1,plasma,PROT,2,-0.1128274742470029,0.35496125495520825
SERPINI2,SERPINI2,plasma,PROT,2,0.06476771192800505,0.5558324956402481
SESTD1,SESTD1,plasma,PROT,2,-0.01648377165792765,0.5336563380949644
SETMAR,SETMAR,plasma,PROT,2,-0.013644205456633751,0.1630786493960702
SEZ6,SEZ6,plasma,PROT,2,0.01525859816169895,0.3822797972849072
SEZ6L,SEZ6L,plasma,PROT,2,-0.08447255436019535,0.3074016833089025
SEZ6L2,SEZ6L2,plasma,PROT,2,0.1104915747886497,0.2766740098124406
SF3B4,SF3B4,plasma,PROT,2,-0.059688532071843596,0.446904076824872
SFRP1,SFRP1,plasma,PROT,2,-0.03178401818339485,0.2348949230753549
SFRP4,SFRP4,plasma,PROT,2,0.04875883548804445,0.28519356611327035
SFTPA1,SFTPA1,plasma,PROT,2,-0.07200956991833504,0.2344350175653885
SFTPA2,SFTPA2,plasma,PROT,2,0.10112974863954766,0.49934854612897883
SFTPD,SFTPD,plasma,PROT,2,0.17135585814463639,0.37526738583225916
SGSH,SGSH,plasma,PROT,2,-0.48719777677414405,0.3903834999154059
SH2B3,SH2B3,plasma,PROT,2,0.08892438543233985,0.9045826739810912
SH2D1A,SH2D1A,plasma,PROT,2,-0.09476504841625749,0.39843165538159997
SH3BGRL2,SH3BGRL2,plasma,PROT,2,0.026392876133830248,0.6343802916906385
SH3BP1,SH3BP1,plasma,PROT,2,-0.034773521124481,0.2124454012015476
SH3GLB2,SH3GLB2,plasma,PROT,2,-0.07296884418544855,0.4977061558145514
SHBG,SHBG,plasma,PROT,2,-0.00734163094971565,0.2127023907642315
SHC1,SHC1,plasma,PROT,2,-0.0994560015704477,0.602673248636076
SHD,SHD,plasma,PROT,2,-0.10188744138756585,0.6097189203235625
SHH,SHH,plasma,PROT,2,-0.0579656744262494,0.33249775994902997
SHISA5,SHISA5,plasma,PROT,2,-0.1831165408842728,0.19251527704844473
SHMT1,SHMT1,plasma,PROT,2,-0.0891525750931133,0.6765284799130218
SHPK,SHPK,plasma,PROT,2,0.029647039346364652,0.462803618448024
SIAE,SIAE,plasma,PROT,2,-0.1072204984392542,0.2569070440228547
SIGLEC1,SIGLEC1,plasma,PROT,2,-0.123638580187518,0.3365973389006628
SIGLEC10,SIGLEC10,plasma,PROT,2,-0.0517412741545817,0.21039934239418692
SIGLEC15,SIGLEC15,plasma,PROT,2,-0.0764319736322301,0.4337500115787938
SIGLEC5,SIGLEC5,plasma,PROT,2,0.021177335913697498,0.4789649677535463
SIGLEC6,SIGLEC6,plasma,PROT,2,-1.078778538442716,0.47930990067498325
SIGLEC7,SIGLEC7,plasma,PROT,2,-0.00661243181441675,0.2441236176343281
SIGLEC8,SIGLEC8,plasma,PROT,2,-0.18847613100422012,0.4320967682601575
SIGLEC9,SIGLEC9,plasma,PROT,2,0.0121256903948578,0.18760126667597865
SIL1,SIL1,plasma,PROT,2,-0.26139999999999997,0.18576876515522328
SIRPA,SIRPA,plasma,PROT,2,-0.0487037164759857,0.3072462835240143
SIRPB1,SIRPB1,plasma,PROT,2,-0.038240089907981,0.39030683160133917
SIRT1,SIRT1,plasma,PROT,2,-0.0748370063731966,0.2038418486596234
SIRT2,SIRT2,plasma,PROT,2,-0.19790746746853935,0.6278234018591144
SIRT5,SIRT5,plasma,PROT,2,-0.1703653742006058,0.5507077888335239
SIT1,SIT1,plasma,PROT,2,-0.0276705850559954,0.31255871756201536
SKAP1,SKAP1,plasma,PROT,2,-0.0058690861911471,0.4295590617321332
SKAP2,SKAP2,plasma,PROT,2,0.0441031754917949,0.9055885680771691
SKIV2L,SKIV2L,plasma,PROT,2,-0.13815371409024024,0.36175745147153804
SLA2,SLA2,plasma,PROT,2,-0.0611306944417514,0.8734999999999999
SLAMF1,SLAMF1,plasma,PROT,2,-0.0199341819075037,0.3459203810538749
SLAMF6,SLAMF6,plasma,PROT,2,0.0419575975569642,0.37533209374481225
SLAMF7,SLAMF7,plasma,PROT,2,0.15974379552645354,0.5193308143210141
SLAMF8,SLAMF8,plasma,PROT,2,-0.10009603928007854,0.5045385477040709
SLC12A2,SLC12A2,plasma,PROT,2,-0.0223024633263927,0.22900369432940262
SLC13A1,SLC13A1,plasma,PROT,2,0.014743417361516,0.32686437046476846
SLC16A1,SLC16A1,plasma,PROT,2,-0.1519941134406253,0.2271776128744029
SLC1A4,SLC1A4,plasma,PROT,2,-0.0128013115195179,1.505536691328015
SLC27A4,SLC27A4,plasma,PROT,2,-0.14148087844225604,0.49159385936463196
SLC28A1,SLC28A1,plasma,PROT,2,-0.30441206133280163,0.5689225646859213
SLC34A3,SLC34A3,plasma,PROT,2,-0.2566892731966298,1.0519461621930812
SLC39A14,SLC39A14,plasma,PROT,2,0.01199269680756755,0.1683500632590722
SLC39A5,SLC39A5,plasma,PROT,2,-0.31600411179461396,0.3633057708916444
SLC44A4,SLC44A4,plasma,PROT,2,-0.108175,0.9483240684317811
SLC4A1,SLC4A1,plasma,PROT,2,-0.0187723428902031,0.4421154992768541
SLC51B,SLC51B,plasma,PROT,2,0.18401368115972289,0.6266740310856773
SLC9A3R1,SLC9A3R1,plasma,PROT,2,-0.052377625134905695,0.4174531225920276
SLIRP,SLIRP,plasma,PROT,2,-0.14646893649110404,0.37541002737996465
SLIT2,SLIT2,plasma,PROT,2,-0.17177617166261866,0.35752505287844916
SLITRK1,SLITRK1,plasma,PROT,2,0.043,0.33753712537882824
SLITRK2,SLITRK2,plasma,PROT,2,0.02806755198251805,0.22645
SLITRK6,SLITRK6,plasma,PROT,2,-0.0651502421880109,0.30555573274430614
SLK,SLK,plasma,PROT,2,0.10387279575943956,0.6189361316742983
SLMAP,SLMAP,plasma,PROT,2,-0.0458733786038642,0.7687035724064901
SLURP1,SLURP1,plasma,PROT,2,-0.1394203840436019,0.2919683495478964
SMAD1,SMAD1,plasma,PROT,2,-0.06760374550772495,0.49238141405540603
SMAD2,SMAD2,plasma,PROT,2,-0.11765823992557409,0.357582713659283
SMAD3,SMAD3,plasma,PROT,2,-0.040393755282365454,0.4570721340703535
SMAD5,SMAD5,plasma,PROT,2,0.0439586573476549,0.15760507940820662
SMARCA2,SMARCA2,plasma,PROT,2,0.02788175832600255,0.4116008972734738
SMC3,SMC3,plasma,PROT,2,-0.05966082091554775,0.5117588076737991
SMNDC1,SMNDC1,plasma,PROT,2,-0.1037,0.2840928916039198
SMOC1,SMOC1,plasma,PROT,2,-0.08009355389797895,0.16800723370888485
SMOC2,SMOC2,plasma,PROT,2,-0.07590390880770075,0.3078061874889816
SMPD1,SMPD1,plasma,PROT,2,-0.21747499999999997,0.48734037888000203
SMPD3,SMPD3,plasma,PROT,2,-0.2070759032844376,0.5507158690359995
SMPDL3A,SMPDL3A,plasma,PROT,2,-0.2271359668088353,0.3772834642661616
SMPDL3B,SMPDL3B,plasma,PROT,2,-0.054161987417091204,0.4985921782748319
SMS,SMS,plasma,PROT,2,-0.0201467019415426,0.5718931164629864
SMTN,SMTN,plasma,PROT,2,0.06773467799930975,0.7428699179979397
SNAP23,SNAP23,plasma,PROT,2,-0.0810295678058599,0.8394274071067807
SNAP25,SNAP25,plasma,PROT,2,0.0051809890158924995,0.3606672559995808
SNAP29,SNAP29,plasma,PROT,2,-0.0549330754164919,0.8136371099213568
SNCA,SNCA,plasma,PROT,2,-0.353080778301678,0.9282623744458117
SNCG,SNCG,plasma,PROT,2,-0.17056897604848376,0.5615912618265981
SNED1,SNED1,plasma,PROT,2,0.040036286933444507,0.36114542955044376
SNRPB2,SNRPB2,plasma,PROT,2,-0.12803712816368068,0.25015440271564304
SNU13,SNU13,plasma,PROT,2,-0.10347782466083745,0.33512217533916255
SNX18,SNX18,plasma,PROT,2,0.0103643918643988,0.2435341072945355
SNX2,SNX2,plasma,PROT,2,0.0230019263271231,0.6649412348958439
SNX5,SNX5,plasma,PROT,2,-0.053163344994407905,0.17992606199695188
SNX9,SNX9,plasma,PROT,2,-0.114602373338289,0.3171293609220436
SOD1,SOD1,plasma,PROT,2,-0.0394791624727819,0.2201722460982277
SOD2,SOD2,plasma,PROT,2,0.08581595281638496,0.2897202311813808
SOD3,SOD3,plasma,PROT,2,-0.07674857493344106,0.23171944240918427
SORBS1,SORBS1,plasma,PROT,2,-0.1205951929444526,0.2689017267928008
SORCS2,SORCS2,plasma,PROT,2,-0.22089933977962725,0.41557844452773024
SORD,SORD,plasma,PROT,2,0.09843567544991215,0.5443672309394039
SORT1,SORT1,plasma,PROT,2,-0.2247337999736096,0.2688927209953923
SOST,SOST,plasma,PROT,2,-0.02728851578141105,0.3050001459235629
SOWAHA,SOWAHA,plasma,PROT,2,-0.14129321297190311,0.5274274366224824
SOX2,SOX2,plasma,PROT,2,-0.0075237818885192,0.3553446519495601
SOX9,SOX9,plasma,PROT,2,-0.21875954122773505,0.8919989739851347
SPACA5_SPACA5B,SPACA5_SPACA5B,plasma,PROT,2,0.00677245460743425,0.28336136861244804
SPAG1,SPAG1,plasma,PROT,2,-0.07124082892049055,0.3439086588568342
SPARC,SPARC,plasma,PROT,2,0.093102079150724,0.6987240707801189
SPARCL1,SPARCL1,plasma,PROT,2,-0.02100589744039555,0.3244782260075372
SPART,SPART,plasma,PROT,2,-0.17757075953131216,0.47054999999999997
SPESP1,SPESP1,plasma,PROT,2,-0.05804617640873355,0.3807284729893814
SPINK1,SPINK1,plasma,PROT,2,-0.1693747809412794,0.7623179221666095
SPINK2,SPINK2,plasma,PROT,2,0.02728892997256955,0.3067360700274304
SPINK4,SPINK4,plasma,PROT,2,0.0727427166115352,0.4467720677588299
SPINK5,SPINK5,plasma,PROT,2,0.0020604668515097,0.21088767262944805
SPINK6,SPINK6,plasma,PROT,2,-0.23597393440045594,0.6940551779787798
SPINK8,SPINK8,plasma,PROT,2,-0.08724344747593621,0.3742593863155977
SPINT1,SPINT1,plasma,PROT,2,-0.6587741974275017,0.3941012813078336
SPINT2,SPINT2,plasma,PROT,2,-0.1621245167797018,0.2441084772007305
SPINT3,SPINT3,plasma,PROT,2,-0.19540027330020146,0.4067299145039272
SPOCK1,SPOCK1,plasma,PROT,2,-0.1223481809190401,0.2108
SPON1,SPON1,plasma,PROT,2,0.0019760088672205,0.30735
SPON2,SPON2,plasma,PROT,2,-0.13250118248025775,0.2887136112604266
SPP1,SPP1,plasma,PROT,2,-0.3857648916833533,0.36886803120993295
SPRED2,SPRED2,plasma,PROT,2,-0.04523151566884525,0.14336562972927344
SPRING1,SPRING1,plasma,PROT,2,-0.17131363353103218,0.4122723084416109
SPRR1B,SPRR1B,plasma,PROT,2,-0.0587491901886666,0.7010616611422793
SPRR3,SPRR3,plasma,PROT,2,-0.6841065090644802,0.3934095364176021
SPRY2,SPRY2,plasma,PROT,2,-0.063089530822254,0.6557678065793251
SPTBN2,SPTBN2,plasma,PROT,2,-0.11723706347720339,0.3701928242384664
SPTLC1,SPTLC1,plasma,PROT,2,-0.0956597721536036,0.25756150414370116
SRC,SRC,plasma,PROT,2,0.10029611169624836,1.0484280098504435
SRP14,SRP14,plasma,PROT,2,-0.0628018724216429,0.265347766175276
SRPK2,SRPK2,plasma,PROT,2,-0.059187160493929,0.17788935564497999
SRPX,SRPX,plasma,PROT,2,-0.14517245155276026,0.22679928763959495
SSB,SSB,plasma,PROT,2,-0.22956953051314266,0.6594342839232972
SSC4D,SSC4D,plasma,PROT,2,-0.2149669852888022,0.5040978631938866
SSC5D,SSC5D,plasma,PROT,2,-0.03107750070504725,0.2921027928099731
SSH3,SSH3,plasma,PROT,2,-0.0570195598351921,0.2522721082463728
SSNA1,SSNA1,plasma,PROT,2,-0.13796660503841568,0.4307512437104813
ST13,ST13,plasma,PROT,2,-0.17520169421472886,0.5173133585533085
ST3GAL1,ST3GAL1,plasma,PROT,2,-0.23767879791410323,0.4113291970343775
ST8SIA1,ST8SIA1,plasma,PROT,2,-0.04821058237557965,0.49618182603414995
STAB2,STAB2,plasma,PROT,2,-0.01155306480505385,0.3146145851245685
STAM,STAM,plasma,PROT,2,0.01103379274331005,0.37449920676392856
STAMBP,STAMBP,plasma,PROT,2,-0.1166495913281225,0.4319766798135112
STAT2,STAT2,plasma,PROT,2,-0.1007420323127298,0.5530223199036798
STAT5B,STAT5B,plasma,PROT,2,-0.283645400796931,0.8670545992030689
STAU1,STAU1,plasma,PROT,2,-0.17532287239929056,0.40230370111468017
STC1,STC1,plasma,PROT,2,-0.18826262702486518,0.5146873729751348
STC2,STC2,plasma,PROT,2,0.7206783070252515,0.39115
STEAP4,STEAP4,plasma,PROT,2,-0.1123187151677657,0.4803815323297458
STIP1,STIP1,plasma,PROT,2,-0.10934403541955655,0.3057951228974144
STK11,STK11,plasma,PROT,2,-0.2678786127577639,0.44404861166049014
STK4,STK4,plasma,PROT,2,0.09565212025918646,0.721472221793588
STOML2,STOML2,plasma,PROT,2,-0.1027229653267944,0.4731625633121502
STX16,STX16,plasma,PROT,2,-0.119969950153442,0.824162569877131
STX1B,STX1B,plasma,PROT,2,-0.0405239020206731,0.6664421189241928
STX3,STX3,plasma,PROT,2,-0.06664252526641584,0.1886388214793842
STX4,STX4,plasma,PROT,2,-0.0064300361696378,0.47115884545938813
STX5,STX5,plasma,PROT,2,-0.10844822628208295,0.39824845394149694
STX6,STX6,plasma,PROT,2,-0.1151469141251059,0.623153987496237
STX7,STX7,plasma,PROT,2,-0.12614479986684374,0.3959104654284782
STX8,STX8,plasma,PROT,2,-0.019035754891321602,0.37508318090169324
STXBP3,STXBP3,plasma,PROT,2,0.0252984910983979,0.4525727506116945
SUGP1,SUGP1,plasma,PROT,2,0.01881155871773435,0.39021371187194587
SUGT1,SUGT1,plasma,PROT,2,-0.13011043197618674,0.5857705944500837
SULT1A1,SULT1A1,plasma,PROT,2,0.0539043164501843,1.0292135942230272
SULT2A1,SULT2A1,plasma,PROT,2,-0.16640845083297934,0.4814595408642691
SUMF1,SUMF1,plasma,PROT,2,-0.0122944294884902,0.5766555705115097
SUMF2,SUMF2,plasma,PROT,2,-0.1556911385154925,0.38211151464595383
SUOX,SUOX,plasma,PROT,2,-0.2264361638461112,0.4279638361538888
SUSD1,SUSD1,plasma,PROT,2,-0.058203881448152694,0.6409621590538853
SUSD2,SUSD2,plasma,PROT,2,0.00160335677179645,0.21631914236297528
SUSD4,SUSD4,plasma,PROT,2,-0.2343855358547525,0.4547090133304024
SUSD5,SUSD5,plasma,PROT,2,0.0462382036801589,0.4457117963198411
SV2A,SV2A,plasma,PROT,2,-0.012977566614116049,0.7900142449249776
SWAP70,SWAP70,plasma,PROT,2,-0.1075737214695262,0.2151544536605643
SYAP1,SYAP1,plasma,PROT,2,-0.08035466187320431,0.33588274787889605
SYNGAP1,SYNGAP1,plasma,PROT,2,0.03688705836410595,0.6238125975961565
SYT1,SYT1,plasma,PROT,2,-0.07121992640076674,0.28747708437121167
SYTL4,SYTL4,plasma,PROT,2,0.00414113174610735,0.5533684514697045
TAB2,TAB2,plasma,PROT,2,-0.02570498240486515,0.6172191796313716
TACC3,TACC3,plasma,PROT,2,0.10318632412865769,0.7616299708299255
TACSTD2,TACSTD2,plasma,PROT,2,-0.16357987477546945,0.2569719993210959
TADA3,TADA3,plasma,PROT,2,0.04087325671369185,0.70385872925604
TAFA5,TAFA5,plasma,PROT,2,-0.03550407285380845,0.25421747335668404
TALDO1,TALDO1,plasma,PROT,2,-0.10012121210239194,0.2059931645728772
TANK,TANK,plasma,PROT,2,-0.196275,0.44734489138853356
TAP1,TAP1,plasma,PROT,2,0.1525098673525308,0.4869887103225166
TARBP2,TARBP2,plasma,PROT,2,-0.14919684307667225,0.5579140340864363
TARM1,TARM1,plasma,PROT,2,-0.11277489275373079,0.8301637963654387
TARS1,TARS1,plasma,PROT,2,-0.2142952131584671,0.5400047868415329
TAX1BP1,TAX1BP1,plasma,PROT,2,-0.006475,0.4248650008690935
TBC1D17,TBC1D17,plasma,PROT,2,-0.10420497395612754,0.22379674095347818
TBC1D23,TBC1D23,plasma,PROT,2,0.1041298577085963,0.660353189472792
TBC1D5,TBC1D5,plasma,PROT,2,0.16694675554277166,0.7346411989339922
TBCA,TBCA,plasma,PROT,2,-0.256913176253462,0.6462447213074415
TBCB,TBCB,plasma,PROT,2,-0.10812219758940245,1.0280407594411207
TBCC,TBCC,plasma,PROT,2,-0.06391889060018235,0.44420040344177825
TBL1X,TBL1X,plasma,PROT,2,0.0269,0.5839190187511064
TBR1,TBR1,plasma,PROT,2,-0.09313665209283535,0.44708262588804115
TCL1A,TCL1A,plasma,PROT,2,-0.0518,0.5539546175277112
TCL1B,TCL1B,plasma,PROT,2,0.00364770672948365,0.6993086226074114
TCN1,TCN1,plasma,PROT,2,-0.021381471454470898,0.26182461099898635
TCN2,TCN2,plasma,PROT,2,-0.11620780518388249,0.3140240884477101
TCOF1,TCOF1,plasma,PROT,2,-0.07893708674726425,0.16773708674726423
TCP11,TCP11,plasma,PROT,2,-0.19591894123585055,0.6283305844442931
TCTN3,TCTN3,plasma,PROT,2,-0.1253,0.2621470044414952
TDGF1,TDGF1,plasma,PROT,2,-0.6919395149740599,2.07600247977295
TDO2,TDO2,plasma,PROT,2,-0.1010159796946296,0.45779129776253835
TDP1,TDP1,plasma,PROT,2,-0.0468437166937763,0.2972707893860038
TDRKH,TDRKH,plasma,PROT,2,-0.05965435942211135,0.5184929467418048
TEF,TEF,plasma,PROT,2,0.07607718031934235,0.34304999999999997
TEK,TEK,plasma,PROT,2,-0.015737432106397,0.26992826491604827
TERF1,TERF1,plasma,PROT,2,-0.062119983254032105,0.2692539051954982
TET2,TET2,plasma,PROT,2,0.029900000000000003,0.8697271077909238
TEX101,TEX101,plasma,PROT,2,-0.0688976114044816,0.5143085441938591
TEX33,TEX33,plasma,PROT,2,-0.059921423820991346,0.5577294969201094
TF,TF,plasma,PROT,2,-0.1662999832979242,0.2875180626233167
TFAP2A,TFAP2A,plasma,PROT,2,-0.0862156552857657,0.79495
TFF1,TFF1,plasma,PROT,2,-0.117725,0.35430726685675945
TFF2,TFF2,plasma,PROT,2,-0.5516544024206491,0.4441763599489259
TFF3,TFF3,plasma,PROT,2,-0.4028716740392476,0.3532892802565036
TFPI,TFPI,plasma,PROT,2,-0.1091610242785797,0.2410467305254919
TFPI2,TFPI2,plasma,PROT,2,-0.4024924336410668,0.3502781357350166
TFRC,TFRC,plasma,PROT,2,-0.24060014504135485,0.27556317096486477
TG,TG,plasma,PROT,2,-0.02139728770431135,0.31879089695090324
TGFA,TGFA,plasma,PROT,2,-0.00812766939047555,0.189813860167651
TGFB1,TGFB1,plasma,PROT,2,-0.34545000000000003,0.28682190132407176
TGFB2,TGFB2,plasma,PROT,2,-0.1117114748414436,0.43854729179431673
TGFBI,TGFBI,plasma,PROT,2,-0.0693706952512768,0.31767900044446684
TGFBR1,TGFBR1,plasma,PROT,2,-0.36482819030332414,0.49718741203679784
TGFBR2,TGFBR2,plasma,PROT,2,0.04508194464941395,0.29735227171080747
TGFBR3,TGFBR3,plasma,PROT,2,-0.0789758911567323,0.24962310703079485
TGM2,TGM2,plasma,PROT,2,-0.28612444637081863,0.5459246845716552
TGOLN2,TGOLN2,plasma,PROT,2,0.021718357782993553,0.18517463910005574
THAP12,THAP12,plasma,PROT,2,-0.1103233964795564,0.7759738902311235
THBD,THBD,plasma,PROT,2,-0.08052958766057745,0.24595186490764243
THBS2,THBS2,plasma,PROT,2,-0.1199680453618486,0.2060929101155155
THBS4,THBS4,plasma,PROT,2,0.07743567857702216,0.29540103536132767
THOP1,THOP1,plasma,PROT,2,-0.14582440590367915,0.213783549868358
THPO,THPO,plasma,PROT,2,-0.05420697766984875,0.2273219329505795
THRAP3,THRAP3,plasma,PROT,2,-0.05879156431001335,0.419748884887756
THSD1,THSD1,plasma,PROT,2,-0.049232048538519896,0.26925722760503795
THTPA,THTPA,plasma,PROT,2,-0.1499606441828346,0.4378040774306011
THY1,THY1,plasma,PROT,2,-0.1550721959002834,0.269864502401539
TIA1,TIA1,plasma,PROT,2,-0.0352481888862948,0.47514784516844727
TIE1,TIE1,plasma,PROT,2,0.10569965113124125,0.2929399596207641
TIGAR,TIGAR,plasma,PROT,2,-0.04837343174262345,0.3233344303335439
TIGIT,TIGIT,plasma,PROT,2,-0.0387319742035197,0.2241937844170676
TIMD4,TIMD4,plasma,PROT,2,0.09453415006143405,0.4154804500521039
TIMM10,TIMM10,plasma,PROT,2,-0.02787196815329145,0.12930623405745484
TIMM8A,TIMM8A,plasma,PROT,2,-0.12456325658884945,0.3075225873967797
TIMP1,TIMP1,plasma,PROT,2,-0.1130401623438831,0.23207388260606646
TIMP2,TIMP2,plasma,PROT,2,-0.23001759809900324,0.2918492256240235
TIMP3,TIMP3,plasma,PROT,2,-0.10453699270715999,0.8387871946575796
TIMP4,TIMP4,plasma,PROT,2,-0.07070197833129875,0.29728627391310075
TINAGL1,TINAGL1,plasma,PROT,2,-0.3284520550650637,0.3572639805370126
TJAP1,TJAP1,plasma,PROT,2,-0.0843779325212663,0.3823591478506306
TJP3,TJP3,plasma,PROT,2,-0.11928950378328859,0.7439567919054594
TK1,TK1,plasma,PROT,2,-0.09634070621402775,0.44493608183121747
TLR1,TLR1,plasma,PROT,2,-0.0208168784119176,0.3309049415537001
TLR2,TLR2,plasma,PROT,2,-0.025615608691322747,0.4451887607056
TLR3,TLR3,plasma,PROT,2,-0.15357823729863368,0.34425206632012695
TLR4,TLR4,plasma,PROT,2,0.15013079541521052,0.29527337566053535
TMCO5A,TMCO5A,plasma,PROT,2,0.08820360872363045,0.8471536087236304
TMED1,TMED1,plasma,PROT,2,-0.38148110109267536,0.7805987946497721
TMED10,TMED10,plasma,PROT,2,-0.18053653805470465,0.45745820153406425
TMED4,TMED4,plasma,PROT,2,0.0569590941320184,0.49559600599071485
TMED8,TMED8,plasma,PROT,2,0.08891552174504085,0.8217921549508631
TMEM106A,TMEM106A,plasma,PROT,2,0.08530749879610885,0.3962533719879135
TMEM132A,TMEM132A,plasma,PROT,2,-0.282748605532201,0.6225441691520688
TMEM25,TMEM25,plasma,PROT,2,-0.0144937958944735,0.2465437958944735
TMOD4,TMOD4,plasma,PROT,2,-0.21582424517125814,0.6148750000000001
TMPRSS11B,TMPRSS11B,plasma,PROT,2,0.12497928095114336,0.9529118437253331
TMPRSS11D,TMPRSS11D,plasma,PROT,2,-0.15965952699636995,0.2610561370310794
TMPRSS15,TMPRSS15,plasma,PROT,2,-0.2531650682253131,0.7485276353312504
TMPRSS5,TMPRSS5,plasma,PROT,2,-0.0210599871051356,0.3387735974215371
TMSB10,TMSB10,plasma,PROT,2,-0.24988878533929465,0.6224067025729337
TNF,TNF,plasma,PROT,2,-0.03046630287353215,0.31537716120417936
TNFAIP2,TNFAIP2,plasma,PROT,2,-0.041335917006474696,0.2312882696131396
TNFAIP8,TNFAIP8,plasma,PROT,2,0.034431556231246954,0.464112305527609
TNFAIP8L2,TNFAIP8L2,plasma,PROT,2,0.044462711617863304,0.3611942685718321
TNFRSF10A,TNFRSF10A,plasma,PROT,2,-0.0439055376802161,0.19749737957361024
TNFRSF10B,TNFRSF10B,plasma,PROT,2,-0.09381880679770305,0.11405774532114485
TNFRSF10C,TNFRSF10C,plasma,PROT,2,0.15646761296664835,0.36742992253716095
TNFRSF11A,TNFRSF11A,plasma,PROT,2,-0.0842638302549226,0.2853880503016482
TNFRSF11B,TNFRSF11B,plasma,PROT,2,-0.2388930869578016,0.45583386771401146
TNFRSF12A,TNFRSF12A,plasma,PROT,2,-0.24473835560714086,0.26571950302058217
TNFRSF13B,TNFRSF13B,plasma,PROT,2,-0.0764429426382005,0.31273071305430017
TNFRSF13C,TNFRSF13C,plasma,PROT,2,-0.03516678537873735,0.3820680263993027
TNFRSF14,TNFRSF14,plasma,PROT,2,-0.08461030855844315,0.2745009915599892
TNFRSF17,TNFRSF17,plasma,PROT,2,-0.07372983186230665,0.28190266337358244
TNFRSF19,TNFRSF19,plasma,PROT,2,-0.06708307990834014,0.2299122317704134
TNFRSF1A,TNFRSF1A,plasma,PROT,2,-0.211725,0.2848360360896972
TNFRSF1B,TNFRSF1B,plasma,PROT,2,-0.08522180991349401,0.2523308838307892
TNFRSF21,TNFRSF21,plasma,PROT,2,-0.01200917874974615,0.280462802232204
TNFRSF4,TNFRSF4,plasma,PROT,2,0.057841893023841254,0.1664368582999925
TNFRSF6B,TNFRSF6B,plasma,PROT,2,-0.0008277401535312001,0.22558867499387425
TNFRSF8,TNFRSF8,plasma,PROT,2,0.06258079909919015,0.34190035464579654
TNFRSF9,TNFRSF9,plasma,PROT,2,-0.036696647563885645,0.147006012943086
TNFSF10,TNFSF10,plasma,PROT,2,0.00019503042845489998,0.14022616920837416
TNFSF11,TNFSF11,plasma,PROT,2,0.05646444335652545,0.2805154910794747
TNFSF12,TNFSF12,plasma,PROT,2,0.13590748071532976,0.19140000000000001
TNFSF13,TNFSF13,plasma,PROT,2,-0.025268381005564153,0.22164489829830794
TNFSF13B,TNFSF13B,plasma,PROT,2,0.0286496973352506,0.26431204457175833
TNFSF14,TNFSF14,plasma,PROT,2,0.0397003546467268,0.4401968479295786
TNFSF9,TNFSF9,plasma,PROT,2,-0.14190385879699685,0.3122861529792852
TNIP1,TNIP1,plasma,PROT,2,0.04139107012641815,0.6325511462877481
TNN,TNN,plasma,PROT,2,-0.11785855777694054,0.2620546815064173
TNR,TNR,plasma,PROT,2,0.16210179871222355,0.2981097166355262
TNXB,TNXB,plasma,PROT,2,0.11412469015697616,0.2785037816281829
TOM1L2,TOM1L2,plasma,PROT,2,-0.0186862262855936,0.8852514506807434
TOMM20,TOMM20,plasma,PROT,2,0.01244938882665345,0.3140875255912224
TOP1,TOP1,plasma,PROT,2,-0.24676348365447479,0.9110516336212254
TOP1MT,TOP1MT,plasma,PROT,2,-0.28907671295593185,0.8697732870440681
TOP2B,TOP2B,plasma,PROT,2,-0.11107477553449285,0.5046835632363762
TOR1AIP1,TOR1AIP1,plasma,PROT,2,-0.162479714014128,0.4207637274969221
TP53,TP53,plasma,PROT,2,0.11949085973892665,0.4856224810503294
TP53BP1,TP53BP1,plasma,PROT,2,-0.1389585728424352,0.3899303338655183
TP53I3,TP53I3,plasma,PROT,2,-0.20042679718126938,0.31616722846877976
TP53INP1,TP53INP1,plasma,PROT,2,0.055262042619284746,0.19150868287896777
TP73,TP73,plasma,PROT,2,0.0529200673360643,0.7616755782409177
TPBGL,TPBGL,plasma,PROT,2,-0.03733114618842835,0.20004130122921257
TPD52L2,TPD52L2,plasma,PROT,2,-0.0625667556178537,0.902255793734279
TPK1,TPK1,plasma,PROT,2,-0.03976726643806975,0.33313772111621826
TPM3,TPM3,plasma,PROT,2,-0.0927124817014012,0.4013810644746699
TPMT,TPMT,plasma,PROT,2,-0.11920414059042744,0.4032
TPP1,TPP1,plasma,PROT,2,-0.46125,0.2737664441720118
TPPP2,TPPP2,plasma,PROT,2,-0.3305940229118814,0.8967572777025592
TPPP3,TPPP3,plasma,PROT,2,-0.06872724782092635,0.46857439728983313
TPR,TPR,plasma,PROT,2,-0.09873732362710355,0.3660512933591294
TPRKB,TPRKB,plasma,PROT,2,-0.18574402201263096,0.4208
TPSAB1,TPSAB1,plasma,PROT,2,0.03228941194733745,0.325626704874228
TPSD1,TPSD1,plasma,PROT,2,-0.02452510883362665,0.25260356265463857
TPSG1,TPSG1,plasma,PROT,2,-0.13729620663897224,0.5366142289807754
TPT1,TPT1,plasma,PROT,2,-0.0145241968205865,0.3785736279674081
TRAF2,TRAF2,plasma,PROT,2,-0.074054295438683,0.4854061100849569
TRAF3,TRAF3,plasma,PROT,2,-0.05983410379451935,0.1769315883054949
TRAF3IP2,TRAF3IP2,plasma,PROT,2,0.03130020191357265,0.4202331380689245
TRDMT1,TRDMT1,plasma,PROT,2,-0.036082959233937395,0.745382216790602
TREH,TREH,plasma,PROT,2,-0.14191294953303107,0.7590717651156204
TREM2,TREM2,plasma,PROT,2,-0.1076904815368554,0.5135
TREML1,TREML1,plasma,PROT,2,0.0793769575430403,0.7379521058956503
TREML2,TREML2,plasma,PROT,2,-0.2396844758308787,0.4714298655674929
TRIAP1,TRIAP1,plasma,PROT,2,-0.0989687548623894,0.23036479237347535
TRIM21,TRIM21,plasma,PROT,2,-0.25218726384453505,0.3687872638445351
TRIM24,TRIM24,plasma,PROT,2,-0.048472852551111945,0.4733228798732237
TRIM25,TRIM25,plasma,PROT,2,-0.0442472469668874,0.8289394714536292
TRIM26,TRIM26,plasma,PROT,2,-0.07688832626394235,0.30607517551338925
TRIM40,TRIM40,plasma,PROT,2,-0.1028174221085887,0.8765037835153959
TRIM5,TRIM5,plasma,PROT,2,-0.04927813960438805,0.6602535126039378
TRIM58,TRIM58,plasma,PROT,2,-0.00802461850110895,0.704975381498891
TRPV3,TRPV3,plasma,PROT,2,-0.113868864027396,0.5346961752018939
TSC22D1,TSC22D1,plasma,PROT,2,-0.03799995592438305,0.603703229146921
TSHB,TSHB,plasma,PROT,2,0.17121610789787267,0.42449305338857235
TSLP,TSLP,plasma,PROT,2,0.052795350750475,0.49533050817100877
TSPAN1,TSPAN1,plasma,PROT,2,-0.08049011713028514,0.1130092903810693
TSPAN15,TSPAN15,plasma,PROT,2,-0.0286072456819654,0.4132606177683672
TSPAN7,TSPAN7,plasma,PROT,2,-0.02052095530400165,0.34819429521844714
TSPAN8,TSPAN8,plasma,PROT,2,0.18930961331041907,0.8464647198081987
TSPYL1,TSPYL1,plasma,PROT,2,-0.09582687175421994,0.22672894426467055
TST,TST,plasma,PROT,2,0.03927236985740605,0.3443483530863546
TTF2,TTF2,plasma,PROT,2,-0.0624082175611048,0.9585361111502668
TTN,TTN,plasma,PROT,2,-0.05819996859180605,0.2998450260888261
TTR,TTR,plasma,PROT,2,-0.07144408978008625,0.20947446023426888
TUBB3,TUBB3,plasma,PROT,2,-0.0386505438900907,0.3106161321646158
TWF2,TWF2,plasma,PROT,2,-0.05067078207167005,0.6382152020271241
TXK,TXK,plasma,PROT,2,-0.05724439079599545,0.3353001133319772
TXLNA,TXLNA,plasma,PROT,2,-0.03753385045498615,0.6861978630607185
TXN,TXN,plasma,PROT,2,-0.07591085799300075,0.1440670938429915
TXNDC15,TXNDC15,plasma,PROT,2,-0.10052832618311155,0.23031922108091904
TXNDC5,TXNDC5,plasma,PROT,2,-0.13230390448116916,0.34751144351329416
TXNDC9,TXNDC9,plasma,PROT,2,-0.0343346656011667,0.23968798351139672
TXNL1,TXNL1,plasma,PROT,2,-0.045626777775421554,0.6660006234297007
TXNRD1,TXNRD1,plasma,PROT,2,-0.0983556440636136,0.24991712620201284
TYMP,TYMP,plasma,PROT,2,-0.2567224500855656,0.4537121606514797
TYRO3,TYRO3,plasma,PROT,2,-0.08783851498224865,0.19260793602015416
TYRP1,TYRP1,plasma,PROT,2,-0.0469168359089951,0.38984849047947756
UBAC1,UBAC1,plasma,PROT,2,-0.1315559345888384,0.3522782384494903
UBE2B,UBE2B,plasma,PROT,2,-0.07777456071798486,0.215853947825424
UBE2L6,UBE2L6,plasma,PROT,2,-0.18516287353258282,0.3852069126946236
UBE2Z,UBE2Z,plasma,PROT,2,-0.13259552261139015,0.6550211616242019
UBQLN3,UBQLN3,plasma,PROT,2,-0.05700366826143345,0.4995834272172856
UBXN1,UBXN1,plasma,PROT,2,-0.0873888485334732,0.29788811678082294
UFD1,UFD1,plasma,PROT,2,-0.07994368342143934,1.0260463500975536
UGDH,UGDH,plasma,PROT,2,-0.0169721873648081,0.23589660328429501
UHRF2,UHRF2,plasma,PROT,2,-0.063345605359078,0.29172956788105153
ULBP2,ULBP2,plasma,PROT,2,-0.09024560322492794,0.2413942029450598
UMOD,UMOD,plasma,PROT,2,0.17907412005175483,0.3360099987735901
UNC5D,UNC5D,plasma,PROT,2,0.0034987437548259,0.2897238547481503
UNC79,UNC79,plasma,PROT,2,-0.11409687047043429,0.8045767460142884
UNG,UNG,plasma,PROT,2,0.0026766622804245497,0.2563
UPB1,UPB1,plasma,PROT,2,-0.1402057816410704,0.9317854924470609
UPK3A,UPK3A,plasma,PROT,2,-0.0289753194479783,0.283322158773771
UPK3BL1,UPK3BL1,plasma,PROT,2,-0.22262331475780878,0.6305900051651432
UROD,UROD,plasma,PROT,2,-0.16581399974788313,0.5594616938959656
USO1,USO1,plasma,PROT,2,-0.052918926725723396,0.8293085072990163
USP25,USP25,plasma,PROT,2,-0.1846970432015693,0.46607539597622355
USP28,USP28,plasma,PROT,2,-0.09657174204642635,0.11665120598684256
USP47,USP47,plasma,PROT,2,-0.1441973334725712,0.4080198657841038
USP8,USP8,plasma,PROT,2,-0.00775,0.4538731175745808
VAMP5,VAMP5,plasma,PROT,2,-0.08512102788674511,0.5220277006592211
VAMP8,VAMP8,plasma,PROT,2,-0.1547992534471121,0.8002989534646905
VASH1,VASH1,plasma,PROT,2,0.03991458259486555,0.3020153764478041
VASN,VASN,plasma,PROT,2,0.070749296147781,0.2320440088369182
VASP,VASP,plasma,PROT,2,-0.0251292416696672,0.6282694661203349
VAT1,VAT1,plasma,PROT,2,0.0034915461839405,0.1234831256622801
VAV3,VAV3,plasma,PROT,2,-0.00606924511655805,0.7998463588725074
VCAM1,VCAM1,plasma,PROT,2,-0.09258449639670274,0.14692361234125578
VCAN,VCAN,plasma,PROT,2,-0.2057917895052497,0.28121631490522325
VCPKMT,VCPKMT,plasma,PROT,2,-0.0968819846929085,0.6078319846929086
VEGFA,VEGFA,plasma,PROT,2,-0.0299893621103521,0.10996015646259524
VEGFB,VEGFB,plasma,PROT,2,-0.017240637416633148,0.178912453668311
VEGFC,VEGFC,plasma,PROT,2,0.15713936263810357,0.38528084171733856
VEGFD,VEGFD,plasma,PROT,2,0.16898735362518197,0.37934330022769036
VGF,VGF,plasma,PROT,2,-0.18295944993577512,0.33385046011866815
VIM,VIM,plasma,PROT,2,-0.10609471918073254,0.33908717477615125
VIPR1,VIPR1,plasma,PROT,2,-0.0020499999999999997,0.1783724439797283
VIT,VIT,plasma,PROT,2,-0.0939,0.4186364776911208
VMO1,VMO1,plasma,PROT,2,-0.24171701031572274,0.38510790906021264
VNN1,VNN1,plasma,PROT,2,-0.0296122988270325,0.5908097660827993
VNN2,VNN2,plasma,PROT,2,0.04157054855686665,0.26717317829197795
VPS28,VPS28,plasma,PROT,2,-0.0899155587006525,0.35276897846260014
VPS37A,VPS37A,plasma,PROT,2,-0.17200351990177049,0.3989218669191412
VPS4B,VPS4B,plasma,PROT,2,-0.15792833337291326,0.5688581492767465
VPS53,VPS53,plasma,PROT,2,0.01066643360082675,0.3946000516973738
VSIG10,VSIG10,plasma,PROT,2,0.06422541952305491,0.40684390156606126
VSIG10L,VSIG10L,plasma,PROT,2,-0.10469842086635864,0.282230331586498
VSIG2,VSIG2,plasma,PROT,2,-0.05448100713625945,0.44812107902878484
VSIG4,VSIG4,plasma,PROT,2,-0.1952608928000761,0.31225
VSIR,VSIR,plasma,PROT,2,-0.2534101364080403,0.41258652425594566
VSNL1,VSNL1,plasma,PROT,2,0.0161843740245119,0.2827935776249889
VSTM1,VSTM1,plasma,PROT,2,0.0694839968498113,0.5593383002716873
VSTM2B,VSTM2B,plasma,PROT,2,0.055619451791178096,0.36294343192672035
VSTM2L,VSTM2L,plasma,PROT,2,-0.0966477411208996,0.32994361948864687
VTA1,VTA1,plasma,PROT,2,-0.2266299782039674,0.6870998988016208
VTCN1,VTCN1,plasma,PROT,2,-0.2168098416383489,0.324600694445228
VTI1A,VTI1A,plasma,PROT,2,-0.03321720676184405,0.1120411603199833
VWA1,VWA1,plasma,PROT,2,-0.41680492201437447,0.35910000000000003
VWA5A,VWA5A,plasma,PROT,2,-0.243,1.110875835559562
VWC2,VWC2,plasma,PROT,2,0.023517262501339647,0.22398431517962786
VWC2L,VWC2L,plasma,PROT,2,-0.0444467596151806,0.23664999999999997
VWF,VWF,plasma,PROT,2,-0.5103409682593989,0.7923292709269023
WARS1,WARS1,plasma,PROT,2,-0.07876962058210896,0.1982312990931176
WAS,WAS,plasma,PROT,2,0.2632187612441823,0.9362124418305262
WASF1,WASF1,plasma,PROT,2,-0.1032297907034114,0.5199691163819748
WASF3,WASF3,plasma,PROT,2,-0.28191460508036875,0.9064456787214682
WASHC3,WASHC3,plasma,PROT,2,-0.08968017584919244,0.40117208102272595
WDR46,WDR46,plasma,PROT,2,-0.05739033081388435,0.2612351991280542
WFDC1,WFDC1,plasma,PROT,2,-0.07486512778383164,0.19080392765347273
WFDC12,WFDC12,plasma,PROT,2,-0.18939558402514245,0.4912630756062384
WFDC2,WFDC2,plasma,PROT,2,-0.2173,0.26573754793096904
WFIKKN1,WFIKKN1,plasma,PROT,2,-0.055800432398500896,0.24905297205972585
WFIKKN2,WFIKKN2,plasma,PROT,2,-0.016567514978911648,0.36862532659108654
WIF1,WIF1,plasma,PROT,2,-0.0468708839856308,0.17249443063121694
WNT9A,WNT9A,plasma,PROT,2,0.01156839936957535,0.20526786692508553
WWP2,WWP2,plasma,PROT,2,0.024334004809265702,0.28182558579582545
XCL1,XCL1,plasma,PROT,2,-0.0202352253331321,0.15575334241716965
XG,XG,plasma,PROT,2,-0.02441975182030285,0.2657359038896111
XIAP,XIAP,plasma,PROT,2,-0.0714620627658314,0.34545144918292847
XPNPEP2,XPNPEP2,plasma,PROT,2,0.11149999999999999,0.8045813365138595
XRCC4,XRCC4,plasma,PROT,2,-0.10027498592172629,0.27293286367945346
YARS1,YARS1,plasma,PROT,2,-0.1593794596075101,1.280553079136412
YES1,YES1,plasma,PROT,2,-0.06546560031568605,0.688332439083118
YJU2,YJU2,plasma,PROT,2,-0.0358545791268969,0.23592597783572444
YOD1,YOD1,plasma,PROT,2,-0.18597285320502355,0.6699728532050235
YTHDF3,YTHDF3,plasma,PROT,2,-0.06816919996019816,0.55536680121702
YWHAQ,YWHAQ,plasma,PROT,2,-0.0470894002437586,0.1506169059512262
YY1,YY1,plasma,PROT,2,-0.06173684816063685,0.4299752909404737
ZBP1,ZBP1,plasma,PROT,2,-0.11930304027996766,0.2180109916680652
ZBTB16,ZBTB16,plasma,PROT,2,-0.1072979214116204,0.4664479214116204
ZBTB17,ZBTB17,plasma,PROT,2,-0.0730997436957879,0.2173055299464595
ZCCHC8,ZCCHC8,plasma,PROT,2,-0.31898758108268654,0.5288885157003722
ZFYVE19,ZFYVE19,plasma,PROT,2,-0.20553306012438854,0.47745248234163107
ZHX2,ZHX2,plasma,PROT,2,-0.04170912659905615,0.14645884962998562
ZNF75D,ZNF75D,plasma,PROT,2,0.20459013378334373,0.9841613268425887
ZNF830,ZNF830,plasma,PROT,2,0.0007215252499552,0.15395480777121945
ZNRD2,ZNRD2,plasma,PROT,2,0.0730959561874665,0.7852301920997394
ZNRF4,ZNRF4,plasma,PROT,2,-0.018632009174001297,0.4346952494156124
ZP3,ZP3,plasma,PROT,2,-0.5709340528519764,1.1843797601559114
ZP4,ZP4,plasma,PROT,2,-0.3489324359993191,0.8118377518798158
ZPR1,ZPR1,plasma,PROT,2,0.03640359900837414,0.5730373775256221
