,analyte_ID,tissue,datatype,timepoint,control_median,control_MAD
A1BG,A1BG,plasma,PROT,1,-0.241134404130077,0.2177461664736772
AAMDC,AAMDC,plasma,PROT,1,-0.045961481159877055,0.19500076755403495
AARSD1,AARSD1,plasma,PROT,1,-0.13381629479894008,0.41293201856990897
ABCA2,ABCA2,plasma,PROT,1,-0.0081471156154221,0.34938404144627033
ABHD14B,ABHD14B,plasma,PROT,1,-0.053438205658431104,0.3542796188287777
ABL1,ABL1,plasma,PROT,1,-0.2202734576364565,0.3116073096690564
ABO,ABO,plasma,PROT,1,0.018,1.2009083785704717
ABRAXAS2,ABRAXAS2,plasma,PROT,1,-0.11828487195722315,0.516272925701336
ACAA1,ACAA1,plasma,PROT,1,-0.07835809293266821,0.8450358446505
ACADM,ACADM,plasma,PROT,1,0.0636651196854547,0.5439
ACADSB,ACADSB,plasma,PROT,1,0.005730624814291549,0.6537171522139132
ACAN,ACAN,plasma,PROT,1,0.04534257473114995,0.22126038863903236
ACE,ACE,plasma,PROT,1,0.0188843941880043,0.17617696208303385
ACE2,ACE2,plasma,PROT,1,-0.3525381883699418,0.43199829670976764
ACHE,ACHE,plasma,PROT,1,0.00270118406603125,0.24825042615016546
ACOT13,ACOT13,plasma,PROT,1,-0.10604637034438935,0.8667548380138559
ACOX1,ACOX1,plasma,PROT,1,0.00445427400822925,0.4017999013621072
ACP1,ACP1,plasma,PROT,1,0.094619533281423,0.4091571168916664
ACP5,ACP5,plasma,PROT,1,-0.00253731365611335,0.2963569923692102
ACP6,ACP6,plasma,PROT,1,-0.13449256401620924,0.3534912634543035
ACRBP,ACRBP,plasma,PROT,1,-0.0565388572991008,0.16593781856615347
ACRV1,ACRV1,plasma,PROT,1,-0.10686246301377395,0.33779494239055563
ACTA2,ACTA2,plasma,PROT,1,-0.3124711874440651,0.1780202543876937
ACTN2,ACTN2,plasma,PROT,1,-0.16320138375886725,0.36681556375445923
ACTN4,ACTN4,plasma,PROT,1,0.00344745799411725,0.17463437167528995
ACVRL1,ACVRL1,plasma,PROT,1,-0.3820773742990921,0.16392161756149648
ACY1,ACY1,plasma,PROT,1,-0.32345612416619207,0.5522188656303434
ACY3,ACY3,plasma,PROT,1,-0.1089353662878432,0.39811762948737006
ACYP1,ACYP1,plasma,PROT,1,-0.0657104016067856,0.38214675008270865
ADA,ADA,plasma,PROT,1,0.0300035415664446,0.20916674010503233
ADA2,ADA2,plasma,PROT,1,-0.0760491478243249,0.3603194214481284
ADAM12,ADAM12,plasma,PROT,1,-0.3370015780931267,0.27997666548198763
ADAM15,ADAM15,plasma,PROT,1,-0.19972470138832885,0.2569233573069606
ADAM22,ADAM22,plasma,PROT,1,0.0001391482946589502,0.2258492615086451
ADAM23,ADAM23,plasma,PROT,1,0.03796792265367695,0.23484114439683212
ADAM8,ADAM8,plasma,PROT,1,0.1383130773951445,0.39795519095846615
ADAM9,ADAM9,plasma,PROT,1,-0.102175,0.26427500000000004
ADAMTS1,ADAMTS1,plasma,PROT,1,-0.1336521959089937,0.24241733189906753
ADAMTS13,ADAMTS13,plasma,PROT,1,0.12079508111299239,0.3293079577043069
ADAMTS15,ADAMTS15,plasma,PROT,1,0.0565961766223773,0.295206644959874
ADAMTS4,ADAMTS4,plasma,PROT,1,-0.13686123445905515,0.31409107042219264
ADAMTS8,ADAMTS8,plasma,PROT,1,0.0236485257163288,0.3736848593520301
ADAMTSL2,ADAMTSL2,plasma,PROT,1,-0.2144441489839598,0.3044106634747599
ADAMTSL4,ADAMTSL4,plasma,PROT,1,-0.2838954666598445,0.2350067287706269
ADAMTSL5,ADAMTSL5,plasma,PROT,1,-0.4432068750164543,0.30015713001680455
ADCYAP1R1,ADCYAP1R1,plasma,PROT,1,0.055985915645740944,0.2024218985768205
ADD1,ADD1,plasma,PROT,1,-0.04831022264745145,0.4502800461377603
ADGRB3,ADGRB3,plasma,PROT,1,0.10281882086360766,0.20666419918013465
ADGRD1,ADGRD1,plasma,PROT,1,-0.2523638377718777,0.3472583110972989
ADGRE1,ADGRE1,plasma,PROT,1,-0.21216004364336585,0.423829518555412
ADGRE2,ADGRE2,plasma,PROT,1,-0.38268172672048645,0.3236199017164139
ADGRE5,ADGRE5,plasma,PROT,1,-0.3621860192603501,0.3269514849145858
ADGRF5,ADGRF5,plasma,PROT,1,-0.3543315708775955,0.30638762214242543
ADGRG1,ADGRG1,plasma,PROT,1,-0.1717801676694545,0.2386942089932751
ADGRG2,ADGRG2,plasma,PROT,1,-0.16570889409824968,0.24948538964867767
ADGRV1,ADGRV1,plasma,PROT,1,0.3212596576672616,0.9517928760707153
ADH1B,ADH1B,plasma,PROT,1,0.053471021090934906,0.7007427897288157
ADH4,ADH4,plasma,PROT,1,-0.371004823214681,0.8818244278302054
ADM,ADM,plasma,PROT,1,-0.6588155489962071,0.22529454408826294
ADRA2A,ADRA2A,plasma,PROT,1,0.29046030127742306,0.7275192305208896
AFAP1,AFAP1,plasma,PROT,1,-0.0580279928232762,0.7983397593887319
AFM,AFM,plasma,PROT,1,-0.3699287612345302,0.267611257425866
AFP,AFP,plasma,PROT,1,-1.904135174728878,0.6270351747288779
AGER,AGER,plasma,PROT,1,0.1202897736650958,0.3788106903395364
AGR2,AGR2,plasma,PROT,1,0.015224945845312251,0.7213749458453123
AGR3,AGR3,plasma,PROT,1,-0.6643636468247391,0.6675791713454768
AGRN,AGRN,plasma,PROT,1,-0.10281370558171815,0.2646265490091234
AGRP,AGRP,plasma,PROT,1,-0.162580224504161,0.3374778965162112
AGT,AGT,plasma,PROT,1,0.032803669972732596,0.2078038299562316
AGXT,AGXT,plasma,PROT,1,-0.16549838662284544,0.780142472372263
AHCY,AHCY,plasma,PROT,1,-0.32043540422517947,0.4982376345292632
AHNAK,AHNAK,plasma,PROT,1,-0.098275,0.33671034916789916
AHNAK2,AHNAK2,plasma,PROT,1,-0.15437407144606075,0.20394484412308173
AHSA1,AHSA1,plasma,PROT,1,0.038760010253597946,0.571724092463636
AHSG,AHSG,plasma,PROT,1,-0.24563394238883052,0.26991685722000686
AHSP,AHSP,plasma,PROT,1,0.19068282600959297,0.623878501734247
AIDA,AIDA,plasma,PROT,1,0.17831877875032004,1.0039627278992018
AIF1,AIF1,plasma,PROT,1,-0.0876422955883906,0.6533672955883906
AIF1L,AIF1L,plasma,PROT,1,0.09164999999999995,0.32534278552960044
AIFM1,AIFM1,plasma,PROT,1,-0.23732399001694043,0.7727
AK1,AK1,plasma,PROT,1,-0.12272822210324086,0.5589753375926421
AK2,AK2,plasma,PROT,1,-0.22860000000000003,0.7735036636666441
AKAP12,AKAP12,plasma,PROT,1,0.0318536416685292,0.20950113954552502
AKR1B1,AKR1B1,plasma,PROT,1,-0.3356317578407323,0.4909407763181524
AKR1B10,AKR1B10,plasma,PROT,1,-0.050577008930504055,0.7583835910722263
AKR1C4,AKR1C4,plasma,PROT,1,0.00324313927943795,0.5285312788055867
AKR7L,AKR7L,plasma,PROT,1,-0.268040372293588,0.6421171099373171
AKT1S1,AKT1S1,plasma,PROT,1,-0.14696987781521986,0.39614292338565654
AKT2,AKT2,plasma,PROT,1,-0.22996295355825092,0.829071026385485
AKT3,AKT3,plasma,PROT,1,-0.08949439025635875,0.5197980891236368
ALCAM,ALCAM,plasma,PROT,1,-0.08389029491006131,0.2271816616254288
ALDH1A1,ALDH1A1,plasma,PROT,1,0.06225773577613735,0.48331286960930464
ALDH2,ALDH2,plasma,PROT,1,-0.04674076674170165,0.23681940488737135
ALDH3A1,ALDH3A1,plasma,PROT,1,0.026331659734453103,0.46228640767039536
ALDH5A1,ALDH5A1,plasma,PROT,1,0.02254777980752165,0.4684070056491151
ALMS1,ALMS1,plasma,PROT,1,0.0543458203844628,0.60955
ALPI,ALPI,plasma,PROT,1,-1.0773176701995975,0.8693509233626304
ALPP,ALPP,plasma,PROT,1,-3.6657094706188786,0.9465670695501127
AMBN,AMBN,plasma,PROT,1,-0.19529362699084046,0.1800463035914241
AMBP,AMBP,plasma,PROT,1,0.03417872758294635,0.07805511468331869
AMDHD2,AMDHD2,plasma,PROT,1,-0.0012832439609835504,0.402484397406654
AMFR,AMFR,plasma,PROT,1,-0.0023888136621392003,0.2588786713504023
AMIGO1,AMIGO1,plasma,PROT,1,0.058706436421592456,0.5837158771218921
AMIGO2,AMIGO2,plasma,PROT,1,0.04754481916396765,0.0948245069294258
AMN,AMN,plasma,PROT,1,0.14549907501319956,0.4705298593249597
AMOT,AMOT,plasma,PROT,1,-0.4228143527419769,0.3479894913250784
AMOTL2,AMOTL2,plasma,PROT,1,-0.0741789439758839,0.1068175768666882
AMPD3,AMPD3,plasma,PROT,1,0.0060551159826779995,0.4417754622833051
AMY1A_AMY1B_AMY1C,AMY1A_AMY1B_AMY1C,plasma,PROT,1,-0.06435989464035495,0.24084851734179394
AMY2A,AMY2A,plasma,PROT,1,-0.12644241177284604,0.33314955161535875
AMY2B,AMY2B,plasma,PROT,1,-0.132174680893849,0.32585
ANG,ANG,plasma,PROT,1,-0.2612311828356273,0.35390564512489087
ANGPT1,ANGPT1,plasma,PROT,1,0.058875,0.7586563388029982
ANGPT2,ANGPT2,plasma,PROT,1,0.3230853999968337,0.1289177403938777
ANGPTL1,ANGPTL1,plasma,PROT,1,-0.31399925660120687,0.26967664346856357
ANGPTL2,ANGPTL2,plasma,PROT,1,-0.295139182917205,0.34526770852522254
ANGPTL3,ANGPTL3,plasma,PROT,1,-0.1397072861394817,0.3620129984680678
ANGPTL4,ANGPTL4,plasma,PROT,1,-0.7735177153932091,0.2735459999498602
ANK2,ANK2,plasma,PROT,1,0.2118363862113038,0.7155956166257901
ANKMY2,ANKMY2,plasma,PROT,1,-0.2972,0.7874974284617835
ANKRA2,ANKRA2,plasma,PROT,1,-0.0785839039094368,0.4171847213552836
ANKRD54,ANKRD54,plasma,PROT,1,-0.05414063552289935,0.4945055914444586
ANP32C,ANP32C,plasma,PROT,1,-0.0019712277836195,0.16039705185139813
ANPEP,ANPEP,plasma,PROT,1,0.06316966460260676,0.22722651622952722
ANXA1,ANXA1,plasma,PROT,1,-0.1609339443258389,0.13728947336158645
ANXA10,ANXA10,plasma,PROT,1,0.0158508217594177,0.5945098917524599
ANXA11,ANXA11,plasma,PROT,1,-0.1604254246785502,0.22641556418281814
ANXA2,ANXA2,plasma,PROT,1,-0.0586830198097877,0.42034716279235645
ANXA3,ANXA3,plasma,PROT,1,-0.27581963938901277,0.4029409007562181
ANXA4,ANXA4,plasma,PROT,1,-0.23085,0.31702854057545277
ANXA5,ANXA5,plasma,PROT,1,-0.10081271411960455,0.3603622858803954
AOC1,AOC1,plasma,PROT,1,-0.22024298965552505,0.40515871110617396
AOC3,AOC3,plasma,PROT,1,0.12840468634467544,0.22535
AP1G2,AP1G2,plasma,PROT,1,-0.2761704476726945,0.4362894135835308
AP2B1,AP2B1,plasma,PROT,1,-0.021933642253088352,0.6529909508644095
AP3B1,AP3B1,plasma,PROT,1,-0.1370430858816591,0.3248430858816591
AP3S2,AP3S2,plasma,PROT,1,-0.052451396381379994,0.22532992477603433
APBB1IP,APBB1IP,plasma,PROT,1,-0.12418644941761545,0.2046562076935931
APCS,APCS,plasma,PROT,1,-0.2645940814602369,0.28922781396096053
APEX1,APEX1,plasma,PROT,1,-0.3398382615371081,0.44558838199980877
APLP1,APLP1,plasma,PROT,1,0.1332422059915709,0.5605433622293251
APOA1,APOA1,plasma,PROT,1,-0.11710225781259295,0.1905563888804694
APOA2,APOA2,plasma,PROT,1,-0.8219048122254833,0.5388132170745782
APOA4,APOA4,plasma,PROT,1,-0.11294478564574295,0.2779312895618673
APOB,APOB,plasma,PROT,1,-0.171672299698588,0.31381645009532166
APOBR,APOBR,plasma,PROT,1,-0.18069603672859366,0.2655220954379234
APOC1,APOC1,plasma,PROT,1,-0.1718745566746345,0.314615561025287
APOD,APOD,plasma,PROT,1,0.1607,0.26974276136835096
APOE,APOE,plasma,PROT,1,-0.05962514672274095,0.1967196414031183
APOF,APOF,plasma,PROT,1,-0.032100000000000004,0.16434311105629051
APOH,APOH,plasma,PROT,1,0.0233665010262986,0.21747678150148744
APOL1,APOL1,plasma,PROT,1,-0.7571676982193152,0.4799940839096076
APOM,APOM,plasma,PROT,1,-0.1121880826910618,0.3425610038788137
APP,APP,plasma,PROT,1,-0.0120108348379921,0.19301075261315664
APPL2,APPL2,plasma,PROT,1,-0.27397704411920903,0.8686095515053285
APRT,APRT,plasma,PROT,1,-0.12183411921561446,0.535875
ARAF,ARAF,plasma,PROT,1,-0.0123931673136447,0.45054467842436774
AREG,AREG,plasma,PROT,1,-0.11535430879946734,0.38826236937741826
ARF6,ARF6,plasma,PROT,1,-0.2001653508554119,0.6367873002642591
ARFIP1,ARFIP1,plasma,PROT,1,-0.1770593452790215,0.5616778084546137
ARG1,ARG1,plasma,PROT,1,0.1057883794546768,0.4736039234298476
ARG2,ARG2,plasma,PROT,1,0.0168985368611278,0.4086787716015112
ARHGAP1,ARHGAP1,plasma,PROT,1,-0.10843332502943445,0.24292466829211312
ARHGAP25,ARHGAP25,plasma,PROT,1,0.10357119198834824,0.41899169517120044
ARHGAP30,ARHGAP30,plasma,PROT,1,-0.0092010846591222,0.2126260846591222
ARHGAP45,ARHGAP45,plasma,PROT,1,-0.0511219977521243,0.4758492326056416
ARHGAP5,ARHGAP5,plasma,PROT,1,-0.1317788262836715,0.8753288262836715
ARHGEF1,ARHGEF1,plasma,PROT,1,-0.10777292578159435,0.591435094679704
ARHGEF10,ARHGEF10,plasma,PROT,1,-0.12387094933663526,0.9412651067826373
ARHGEF12,ARHGEF12,plasma,PROT,1,-0.07910599456478405,0.6191517971117075
ARHGEF5,ARHGEF5,plasma,PROT,1,-0.1490796088193011,0.33697458780464845
ARID3A,ARID3A,plasma,PROT,1,0.0113512362966708,0.08479516907151036
ARID4B,ARID4B,plasma,PROT,1,-0.04379901801073745,0.28138945142133653
ARL2BP,ARL2BP,plasma,PROT,1,-0.11439402788932626,0.4075715709666582
ARMCX2,ARMCX2,plasma,PROT,1,-0.0084839328386346,0.6114916625742166
ARNT,ARNT,plasma,PROT,1,0.0089,0.6100389506166993
ARSB,ARSB,plasma,PROT,1,-0.1660517786467424,0.3780632699446508
ART3,ART3,plasma,PROT,1,0.1289051213209857,0.30952131805503147
ART5,ART5,plasma,PROT,1,0.17492124387724478,0.5891913930710483
ARTN,ARTN,plasma,PROT,1,-0.6969124477637475,0.3241854323340415
ASAH1,ASAH1,plasma,PROT,1,-0.5819051408500626,0.29695952002293674
ASAH2,ASAH2,plasma,PROT,1,-0.13892531274867645,0.1994836520888863
ASGR1,ASGR1,plasma,PROT,1,-0.4735358062626567,0.31983440637097066
ASGR2,ASGR2,plasma,PROT,1,-0.4743208758979952,0.35858878893138313
ASPN,ASPN,plasma,PROT,1,-0.14123306448414924,0.2398836906276015
ASPSCR1,ASPSCR1,plasma,PROT,1,-0.29445009925148924,0.46682893718917157
ASRGL1,ASRGL1,plasma,PROT,1,-0.3062572762866879,0.5331449469288062
ASS1,ASS1,plasma,PROT,1,0.42112520811217113,0.7289523260580635
ATF2,ATF2,plasma,PROT,1,0.1502920050277854,0.5731130816845009
ATF4,ATF4,plasma,PROT,1,-0.056786369752998,0.3657280281775968
ATG16L1,ATG16L1,plasma,PROT,1,-0.33097420080563666,0.4715358284245348
ATG4A,ATG4A,plasma,PROT,1,0.0029,0.4509992560984827
ATOX1,ATOX1,plasma,PROT,1,-0.37915,0.5095623906071081
ATP1B1,ATP1B1,plasma,PROT,1,0.0762056726966184,0.5144869904745546
ATP1B2,ATP1B2,plasma,PROT,1,0.11316519409682346,0.3500497500605558
ATP1B3,ATP1B3,plasma,PROT,1,0.1071461757750211,0.35539801361640955
ATP1B4,ATP1B4,plasma,PROT,1,-0.0308033740386278,0.5797761557038885
ATP2B4,ATP2B4,plasma,PROT,1,-0.02241031539040165,0.20960098953146283
ATP5F1D,ATP5F1D,plasma,PROT,1,0.18443414817852594,0.815393032560558
ATP5IF1,ATP5IF1,plasma,PROT,1,-0.4019290340050662,0.8463182356875513
ATP5PO,ATP5PO,plasma,PROT,1,0.0913068365113634,0.39364086578050966
ATP6AP2,ATP6AP2,plasma,PROT,1,-0.0834420744726134,0.3164435424898442
ATP6V1D,ATP6V1D,plasma,PROT,1,0.018981449203932202,0.1169470750309959
ATP6V1F,ATP6V1F,plasma,PROT,1,0.00815,0.432712616023059
ATP6V1G1,ATP6V1G1,plasma,PROT,1,-0.12353445919141715,0.5110123297908296
ATRAID,ATRAID,plasma,PROT,1,-0.22652135871890822,0.27541754767486143
ATRN,ATRN,plasma,PROT,1,-0.15917501240040333,0.2202842124995237
ATXN10,ATXN10,plasma,PROT,1,-0.06135891360290935,0.4965803639311207
ATXN2,ATXN2,plasma,PROT,1,0.2960411018935445,1.103033775162617
ATXN2L,ATXN2L,plasma,PROT,1,-0.015307689698347251,0.23609424166956733
ATXN3,ATXN3,plasma,PROT,1,-0.08628517196446735,0.394456702336134
AXIN1,AXIN1,plasma,PROT,1,-0.27698362448817626,0.629788322998636
AXL,AXL,plasma,PROT,1,-0.0037709343815872003,0.2224840384346196
AZI2,AZI2,plasma,PROT,1,-0.08613241552800055,0.43269546899057715
AZU1,AZU1,plasma,PROT,1,0.09837144393356885,0.5252527303472216
B2M,B2M,plasma,PROT,1,-0.16861178505703095,0.2073868808937207
B3GNT7,B3GNT7,plasma,PROT,1,-0.13563937173170104,0.41959185257404363
B4GALT1,B4GALT1,plasma,PROT,1,-0.8390067636264269,0.2497067636264269
B4GAT1,B4GAT1,plasma,PROT,1,-0.2008127406848807,0.29089326513582986
BABAM1,BABAM1,plasma,PROT,1,-0.08531273917558005,0.3681967229133242
BACH1,BACH1,plasma,PROT,1,-0.28353256361662216,0.400925
BAG3,BAG3,plasma,PROT,1,-0.2674568985339031,0.2265523265404981
BAG4,BAG4,plasma,PROT,1,-0.20436769041091019,0.263695114449193
BAG6,BAG6,plasma,PROT,1,-0.1993410666102105,0.2146798446548155
BAIAP2,BAIAP2,plasma,PROT,1,-0.27424575166554604,0.5263411058253562
BAMBI,BAMBI,plasma,PROT,1,-0.0854351341277563,0.23297388704378424
BANK1,BANK1,plasma,PROT,1,-0.3659974645987859,0.7593884261302457
BAP18,BAP18,plasma,PROT,1,-0.09531013090241805,0.38455511675320864
BATF,BATF,plasma,PROT,1,0.2253486301151152,0.56835
BAX,BAX,plasma,PROT,1,-0.17200978336881279,0.5366841684450151
BCAM,BCAM,plasma,PROT,1,-0.2046214715968087,0.1886945575335846
BCAN,BCAN,plasma,PROT,1,-0.0003664190948165999,0.2762613959958211
BCAT1,BCAT1,plasma,PROT,1,-0.09077836358720251,0.22849520556518663
BCAT2,BCAT2,plasma,PROT,1,0.055752809955379554,0.39602338174492846
BCHE,BCHE,plasma,PROT,1,0.32445924273431304,0.23834999999999998
BCL2,BCL2,plasma,PROT,1,-0.24516466587061855,0.2628156581320439
BCL2L1,BCL2L1,plasma,PROT,1,-0.14876096027945168,0.6308750000000001
BCL2L15,BCL2L15,plasma,PROT,1,-0.20359475881022354,0.5596591594197778
BCL7A,BCL7A,plasma,PROT,1,-0.24150002642206742,0.8745969440566717
BCL7B,BCL7B,plasma,PROT,1,-0.05439364568093075,0.24938116385227135
BCR,BCR,plasma,PROT,1,-0.266260307379283,0.4787980151887679
BDNF,BDNF,plasma,PROT,1,0.05992413768471755,0.8012554189225652
BECN1,BECN1,plasma,PROT,1,-0.11255658423502704,0.41237128371745263
BEX3,BEX3,plasma,PROT,1,-0.09955590551411561,0.4356050640351175
BGLAP,BGLAP,plasma,PROT,1,-0.0667970129670743,0.6027694682155853
BGN,BGN,plasma,PROT,1,-0.9051511541871559,0.40132248218697825
BHLHE40,BHLHE40,plasma,PROT,1,-0.13590916591369134,1.0988392416472295
BHMT2,BHMT2,plasma,PROT,1,0.044732878627411196,0.18375561546681396
BIN2,BIN2,plasma,PROT,1,-0.2422332234890775,0.835575
BLMH,BLMH,plasma,PROT,1,-0.19630183752506586,0.27870173936029974
BLNK,BLNK,plasma,PROT,1,0.0159540659423845,0.24467784884823415
BLOC1S2,BLOC1S2,plasma,PROT,1,-0.14579963317773253,0.8276326309644277
BLOC1S3,BLOC1S3,plasma,PROT,1,-0.07012186905430759,0.21486725673282558
BLVRB,BLVRB,plasma,PROT,1,0.0628787800137766,0.2973479495057985
BMP10,BMP10,plasma,PROT,1,-0.04995,0.2552184245795962
BMP4,BMP4,plasma,PROT,1,-0.000429740689213,0.1869819358034591
BMPER,BMPER,plasma,PROT,1,0.0093112013434043,0.22297197319316692
BNIP2,BNIP2,plasma,PROT,1,-0.0344,0.35468017263667045
BNIP3L,BNIP3L,plasma,PROT,1,-0.10385,0.3729404861083936
BOC,BOC,plasma,PROT,1,0.006105724792624299,0.18499191048887081
BOLA1,BOLA1,plasma,PROT,1,-0.09856002763401565,0.5321310574021805
BOLA2_BOLA2B,BOLA2_BOLA2B,plasma,PROT,1,0.01836306689521195,0.5377694107979654
BPIFA2,BPIFA2,plasma,PROT,1,0.12771777562367284,0.7843492813602494
BPIFB1,BPIFB1,plasma,PROT,1,0.2090621057439978,0.4852849113281462
BPIFB2,BPIFB2,plasma,PROT,1,-0.6271985007718904,0.8378749335277766
BRAP,BRAP,plasma,PROT,1,-0.26992139398337855,0.7434710614703415
BRD1,BRD1,plasma,PROT,1,-0.09059259670738305,0.3390596157632428
BRD2,BRD2,plasma,PROT,1,-0.06958075093046776,0.34817892659806515
BRD3,BRD3,plasma,PROT,1,0.1495823029597012,0.7881980738476457
BRDT,BRDT,plasma,PROT,1,-0.24617324905348176,0.45398412835386637
BRK1,BRK1,plasma,PROT,1,0.08742691222694726,0.2570825142141901
BRME1,BRME1,plasma,PROT,1,-0.06285022142039881,0.2958384093330652
BRSK2,BRSK2,plasma,PROT,1,-0.03092289428085055,0.32239471425817046
BSG,BSG,plasma,PROT,1,-0.042592210353825946,0.1007841929300981
BSND,BSND,plasma,PROT,1,-0.1675907376480108,0.58755
BST1,BST1,plasma,PROT,1,0.17019836788693288,0.264674683039289
BST2,BST2,plasma,PROT,1,-0.3224791631843322,0.4804249498917362
BTC,BTC,plasma,PROT,1,-0.14683018159932526,0.45743018159932525
BTD,BTD,plasma,PROT,1,-0.1139427928432632,0.1772505490415876
BTLA,BTLA,plasma,PROT,1,-0.08226393428059725,0.29467282768763503
BTN1A1,BTN1A1,plasma,PROT,1,-1.8656942540727997,0.6827826681188599
BTN2A1,BTN2A1,plasma,PROT,1,-0.13866273804535378,0.2256695063019754
BTN3A2,BTN3A2,plasma,PROT,1,-0.0603635959023732,0.266142185813793
BTNL10,BTNL10,plasma,PROT,1,-0.09372671493668219,0.36041179961596764
C19orf12,C19orf12,plasma,PROT,1,0.0412578882221213,0.7091751811374862
C1GALT1C1,C1GALT1C1,plasma,PROT,1,-0.2080981796074709,0.41630595543619836
C1QA,C1QA,plasma,PROT,1,-0.23004999999999998,0.18587465548355292
C1QBP,C1QBP,plasma,PROT,1,0.042227223388679055,0.4919460870459086
C1QL2,C1QL2,plasma,PROT,1,0.12646626795870664,0.20956962268518675
C1QTNF1,C1QTNF1,plasma,PROT,1,-0.27559999999999996,0.5574797821797747
C1QTNF5,C1QTNF5,plasma,PROT,1,-0.26318169275597536,0.2449616810037393
C1QTNF6,C1QTNF6,plasma,PROT,1,-0.5091905210475539,0.3150776728955222
C1QTNF9,C1QTNF9,plasma,PROT,1,0.1105529014636572,0.28736929078350826
C1R,C1R,plasma,PROT,1,0.0124723735218434,0.1143869260221256
C1RL,C1RL,plasma,PROT,1,-0.06967753388877415,0.27610232594237843
C1S,C1S,plasma,PROT,1,0.0063451467128259,0.23147131252548975
C2,C2,plasma,PROT,1,-0.20900423337869775,0.28305423337869773
C2CD2L,C2CD2L,plasma,PROT,1,-0.11819458329813384,0.2822613080668898
C2orf69,C2orf69,plasma,PROT,1,-0.08737746196857255,0.4589172923661754
C3,C3,plasma,PROT,1,-0.0173717924393263,0.1495076346502201
C4BPB,C4BPB,plasma,PROT,1,-0.0748834492994935,0.37932737683812845
C5,C5,plasma,PROT,1,-0.05586465311674615,0.151725449793792
C7,C7,plasma,PROT,1,-0.029806092789981302,0.19494700299650555
C7orf50,C7orf50,plasma,PROT,1,0.0063163997979915,0.07082759476000705
C8B,C8B,plasma,PROT,1,-0.02833288218569035,0.1904398788002592
C9,C9,plasma,PROT,1,-0.1204605884237675,0.3044867661509933
C9orf40,C9orf40,plasma,PROT,1,0.12627037167273145,0.5103443174212987
CA1,CA1,plasma,PROT,1,-0.07694081943594411,0.5406454400598404
CA11,CA11,plasma,PROT,1,0.1261166995222603,0.1464631561373989
CA12,CA12,plasma,PROT,1,-0.15984546492505086,0.19756835993438226
CA13,CA13,plasma,PROT,1,-0.160411533817733,0.7873585041342525
CA14,CA14,plasma,PROT,1,0.39780000000000004,0.357599962225095
CA2,CA2,plasma,PROT,1,-0.07915930631113055,0.4935458406595038
CA3,CA3,plasma,PROT,1,-0.0208149887998171,0.3368292346637717
CA4,CA4,plasma,PROT,1,0.1221660155533689,0.24117021880537132
CA5A,CA5A,plasma,PROT,1,-0.7750095634376055,0.9700614994201333
CA6,CA6,plasma,PROT,1,-0.8558595473229529,0.533940185289453
CA7,CA7,plasma,PROT,1,-0.027944832041603453,0.20981632522214338
CA8,CA8,plasma,PROT,1,0.00629999999999995,0.2921920382075903
CA9,CA9,plasma,PROT,1,-0.13104036421933646,0.3044625766696121
CABP2,CABP2,plasma,PROT,1,-0.14850746194799475,0.5345806429025117
CACNA1C,CACNA1C,plasma,PROT,1,-0.08607243887609481,0.5659718005548471
CACNA1H,CACNA1H,plasma,PROT,1,0.23611316992573075,0.4294744475571676
CACNB1,CACNB1,plasma,PROT,1,-0.11956590558647866,0.6021848028531354
CACNB3,CACNB3,plasma,PROT,1,-0.09265737858587711,0.7572176214141229
CACYBP,CACYBP,plasma,PROT,1,-0.040611458201550404,0.6785328628789599
CADPS,CADPS,plasma,PROT,1,-0.2231790986640514,0.6352254883339751
CALB1,CALB1,plasma,PROT,1,-0.15249436109014758,0.28513630195282785
CALB2,CALB2,plasma,PROT,1,-0.05979304048520275,0.46054110920619273
CALCA,CALCA,plasma,PROT,1,-0.31874502160146145,0.35298556360714517
CALCB,CALCB,plasma,PROT,1,0.00221775739261,0.1694896013789633
CALCOCO1,CALCOCO1,plasma,PROT,1,-0.5469968938202702,0.746968502399079
CALCOCO2,CALCOCO2,plasma,PROT,1,-0.2739826649571335,0.5464758746063476
CAMKK1,CAMKK1,plasma,PROT,1,-0.09187534346267295,0.38377953655974584
CAMLG,CAMLG,plasma,PROT,1,-0.1361952447549395,0.8981599267072045
CAMSAP1,CAMSAP1,plasma,PROT,1,-0.08385214587135514,0.7486397545159439
CANT1,CANT1,plasma,PROT,1,-0.3790474698394162,0.2214936544389245
CAPG,CAPG,plasma,PROT,1,-0.28054458434392593,0.43363130038433084
CAPN3,CAPN3,plasma,PROT,1,-0.08203629770007215,0.3209996803097186
CAPS,CAPS,plasma,PROT,1,-0.45369099132205637,0.1643053961153691
CARHSP1,CARHSP1,plasma,PROT,1,0.041043442015488055,0.4193797206591031
CASC3,CASC3,plasma,PROT,1,-0.12262703940407366,0.3116124123826799
CASP1,CASP1,plasma,PROT,1,-0.22771632841490685,0.82765
CASP10,CASP10,plasma,PROT,1,-0.1774403977153378,0.751127324064041
CASP2,CASP2,plasma,PROT,1,-0.0790507364716744,0.31383647372994805
CASP3,CASP3,plasma,PROT,1,-0.231477753780912,0.6764818524874168
CASP4,CASP4,plasma,PROT,1,-0.028247180765902498,1.1324588160306606
CASP7,CASP7,plasma,PROT,1,-0.0194964977516596,0.407066617197743
CASP8,CASP8,plasma,PROT,1,-0.1733904892536268,0.3504874767469034
CASQ2,CASQ2,plasma,PROT,1,0.13672953608487146,0.6075241787466972
CAT,CAT,plasma,PROT,1,0.0164701112876111,0.29404153607664085
CBLIF,CBLIF,plasma,PROT,1,-0.03748480210697825,0.44910471973653154
CBLN1,CBLN1,plasma,PROT,1,0.14750878771612486,0.833545118655098
CBLN4,CBLN4,plasma,PROT,1,0.3130410409435581,0.16856004104277417
CBS,CBS,plasma,PROT,1,-0.0030924666149090498,0.6525411684351732
CC2D1A,CC2D1A,plasma,PROT,1,-0.2534945636585868,0.5069579734385505
CCAR2,CCAR2,plasma,PROT,1,-0.0864632179356466,0.42832585110110644
CCDC134,CCDC134,plasma,PROT,1,-0.23549348283786325,0.43175180151858444
CCDC28A,CCDC28A,plasma,PROT,1,0.08890139367562375,0.3248
CCDC50,CCDC50,plasma,PROT,1,-0.04605,0.23313786774002204
CCDC80,CCDC80,plasma,PROT,1,0.25470857612654424,0.2946753842594148
CCER2,CCER2,plasma,PROT,1,0.0395,0.5625857641429086
CCL11,CCL11,plasma,PROT,1,0.21954799976395528,0.26489506722575323
CCL13,CCL13,plasma,PROT,1,0.2217963066797245,0.3896659371567903
CCL14,CCL14,plasma,PROT,1,0.024219731588301652,0.3833982494926324
CCL15,CCL15,plasma,PROT,1,-0.7732919840079567,0.3617157398696369
CCL16,CCL16,plasma,PROT,1,-0.5391067938155405,0.4053534191432715
CCL17,CCL17,plasma,PROT,1,0.27479270755020957,0.5501064231498209
CCL18,CCL18,plasma,PROT,1,0.04637151395441625,0.4461348467136926
CCL19,CCL19,plasma,PROT,1,0.043425203526809605,0.2720705109606957
CCL2,CCL2,plasma,PROT,1,-0.049400841413306695,0.17381156802142667
CCL20,CCL20,plasma,PROT,1,0.0626584561126068,0.5080346051250997
CCL21,CCL21,plasma,PROT,1,0.10953872296516409,0.23123721703929434
CCL22,CCL22,plasma,PROT,1,0.405825,0.37404205730451495
CCL23,CCL23,plasma,PROT,1,0.2200827856496287,0.3671030759647347
CCL24,CCL24,plasma,PROT,1,0.06059683867491015,0.7282050662860977
CCL25,CCL25,plasma,PROT,1,-0.24440036996669912,0.4439168769548205
CCL26,CCL26,plasma,PROT,1,0.1522877460373759,0.5243999912381009
CCL27,CCL27,plasma,PROT,1,0.13916098594624754,0.45485027131408096
CCL28,CCL28,plasma,PROT,1,-1.655475,0.7319964245379043
CCL3,CCL3,plasma,PROT,1,-0.2086654203198299,0.46774696800031745
CCL4,CCL4,plasma,PROT,1,-0.11747816256235824,0.4000629765794062
CCL5,CCL5,plasma,PROT,1,-0.00431835221937695,0.7306944856789692
CCL7,CCL7,plasma,PROT,1,0.021576909157473248,0.4389178979316867
CCL8,CCL8,plasma,PROT,1,0.11718920416563874,0.36746347667688906
CCN1,CCN1,plasma,PROT,1,-0.3817602833240563,0.4378220283053844
CCN2,CCN2,plasma,PROT,1,-0.3229501670838649,0.33626402405012046
CCN3,CCN3,plasma,PROT,1,-0.3315,0.31895348085477626
CCN4,CCN4,plasma,PROT,1,-0.51095,0.20562927688409077
CCN5,CCN5,plasma,PROT,1,-0.8026296652635481,0.4435267758714805
CCND2,CCND2,plasma,PROT,1,0.0690275039116839,0.6912
CCNE1,CCNE1,plasma,PROT,1,0.13005,0.2455835240412788
CCS,CCS,plasma,PROT,1,0.04809423016149695,0.3287862869188929
CCT5,CCT5,plasma,PROT,1,0.0397523668018563,0.20498231753848933
CD101,CD101,plasma,PROT,1,-0.0377766307408388,0.24197260791036687
CD109,CD109,plasma,PROT,1,0.00824482823924675,0.30795734322643686
CD14,CD14,plasma,PROT,1,-0.03041729520855735,0.42912547086280306
CD160,CD160,plasma,PROT,1,-0.06662159700698204,0.2591495238747942
CD164,CD164,plasma,PROT,1,-0.0956528212411985,0.1563322864755247
CD164L2,CD164L2,plasma,PROT,1,-0.18216816629886545,0.5389180756019428
CD177,CD177,plasma,PROT,1,-0.07583293470605955,0.6569897796651178
CD1C,CD1C,plasma,PROT,1,0.2154735364731175,0.18648410034604218
CD2,CD2,plasma,PROT,1,0.0015089254875132998,0.39353000784159553
CD200,CD200,plasma,PROT,1,-0.5317654703047212,0.2220588412378855
CD200R1,CD200R1,plasma,PROT,1,0.19087001286480826,0.2507813598698502
CD207,CD207,plasma,PROT,1,-0.00010000000000000005,0.21929638272878393
CD209,CD209,plasma,PROT,1,0.0033409328755853998,0.34798425665654953
CD22,CD22,plasma,PROT,1,0.207275,0.25403563665782547
CD226,CD226,plasma,PROT,1,-0.08943737266223664,0.3445881879324724
CD244,CD244,plasma,PROT,1,0.03955711770875869,0.1579265184068768
CD248,CD248,plasma,PROT,1,-0.25154244571616424,0.3131071410897671
CD27,CD27,plasma,PROT,1,-0.1472341417403743,0.3648549306878324
CD274,CD274,plasma,PROT,1,-1.276770864739325,0.23412471992583384
CD276,CD276,plasma,PROT,1,0.06605509075832575,0.2474829074217637
CD28,CD28,plasma,PROT,1,0.0885328321734569,0.30014098614475915
CD2AP,CD2AP,plasma,PROT,1,-0.30219991513286715,0.4473457102967369
CD300A,CD300A,plasma,PROT,1,-0.01437102500699415,0.2985928862573954
CD300C,CD300C,plasma,PROT,1,-0.03026944149673965,0.41296669367606553
CD300E,CD300E,plasma,PROT,1,-0.3468551884124179,0.3453086151955638
CD300LF,CD300LF,plasma,PROT,1,-0.16853401160038425,0.36348597096683266
CD300LG,CD300LG,plasma,PROT,1,-0.06823823945394661,0.2754391897624883
CD302,CD302,plasma,PROT,1,-0.0309473293455895,0.2373596694552917
CD33,CD33,plasma,PROT,1,0.26689344947093024,0.36768215962156653
CD34,CD34,plasma,PROT,1,0.34868141375569556,0.23715879153311997
CD36,CD36,plasma,PROT,1,-0.1336134479500356,0.20541065840256956
CD38,CD38,plasma,PROT,1,0.01665227606886175,0.1983093663693382
CD3D,CD3D,plasma,PROT,1,-0.0320825888792239,0.4305080366064348
CD3E,CD3E,plasma,PROT,1,-0.02299999999999995,0.2879565783751546
CD3G,CD3G,plasma,PROT,1,-0.0008899063226677495,0.7711525082881874
CD4,CD4,plasma,PROT,1,0.1117357857847007,0.2658915595139708
CD40,CD40,plasma,PROT,1,-0.1302609221631661,0.3610140778368339
CD46,CD46,plasma,PROT,1,-0.5122138037593084,0.1928602632764696
CD48,CD48,plasma,PROT,1,0.1530437506989158,0.2650034101896943
CD5,CD5,plasma,PROT,1,0.07872781187040065,0.2271096337000688
CD55,CD55,plasma,PROT,1,-0.1142558514307225,0.1396756413378492
CD58,CD58,plasma,PROT,1,0.17509684288934957,0.20115560794623527
CD59,CD59,plasma,PROT,1,-0.05115,0.2463879987124035
CD5L,CD5L,plasma,PROT,1,-0.0300884913176695,0.3266751091153391
CD6,CD6,plasma,PROT,1,0.11991850030928905,0.2218
CD63,CD63,plasma,PROT,1,-0.3264536380201875,0.38975000000000004
CD69,CD69,plasma,PROT,1,-0.3507874302158259,0.8664587539426656
CD7,CD7,plasma,PROT,1,0.018142647113988,0.2801483805200532
CD70,CD70,plasma,PROT,1,0.12210624624328201,0.3401698581973934
CD72,CD72,plasma,PROT,1,0.056399181470608045,0.3390665833086782
CD74,CD74,plasma,PROT,1,-0.243519748004579,0.26422448110487584
CD79B,CD79B,plasma,PROT,1,0.16124248019037085,0.2703752772098622
CD80,CD80,plasma,PROT,1,0.042722109938359246,0.35351201575502744
CD82,CD82,plasma,PROT,1,-0.045806431977759896,0.5922146539230533
CD83,CD83,plasma,PROT,1,0.0811497214656677,0.27691799443302506
CD84,CD84,plasma,PROT,1,0.0218569145579164,0.2535853407650326
CD86,CD86,plasma,PROT,1,0.09994368474415605,0.27893041259030416
CD8A,CD8A,plasma,PROT,1,0.844138954134608,0.40010406093627526
CD93,CD93,plasma,PROT,1,0.13951220311935997,0.29195702925868094
CD99,CD99,plasma,PROT,1,0.034942215090446704,0.21397308426287986
CD99L2,CD99L2,plasma,PROT,1,-0.1407473929251433,0.2791973929251433
CDA,CDA,plasma,PROT,1,-0.098230499444102,0.31528431961218456
CDAN1,CDAN1,plasma,PROT,1,0.011509695064286701,0.1330451200881321
CDC123,CDC123,plasma,PROT,1,0.03523447637308485,0.7360977618222606
CDC26,CDC26,plasma,PROT,1,-0.10299137657372501,0.26047529818801707
CDC27,CDC27,plasma,PROT,1,-0.08755246540084445,0.3579475345991555
CDC37,CDC37,plasma,PROT,1,-0.1665863503255589,0.38727533995380775
CDC42BPB,CDC42BPB,plasma,PROT,1,-0.0860876144277581,0.7292161261097285
CDCP1,CDCP1,plasma,PROT,1,-0.5892827027935714,0.37954908233841245
CDH1,CDH1,plasma,PROT,1,-0.11960932719596445,0.24698698472546066
CDH15,CDH15,plasma,PROT,1,0.0256844391341368,0.21317283857271646
CDH17,CDH17,plasma,PROT,1,0.17343055261088997,0.5235556296680843
CDH2,CDH2,plasma,PROT,1,-0.24482560344684412,0.34082105156174064
CDH22,CDH22,plasma,PROT,1,-0.004425,0.3727598294664979
CDH3,CDH3,plasma,PROT,1,-0.029663762044546002,0.29398170535396123
CDH4,CDH4,plasma,PROT,1,0.05923880999475355,0.42360072852698927
CDH5,CDH5,plasma,PROT,1,-0.008650000000000001,0.27950791273164854
CDH6,CDH6,plasma,PROT,1,-0.018430789034537348,0.3111082582395183
CDHR2,CDHR2,plasma,PROT,1,0.47261749312991186,0.7282442914802687
CDHR5,CDHR5,plasma,PROT,1,-0.4045885455612376,0.3786616856503253
CDK1,CDK1,plasma,PROT,1,-0.11078656282820475,0.37883617414767085
CDK5RAP3,CDK5RAP3,plasma,PROT,1,-0.06366259703718449,0.4466130111424535
CDKL5,CDKL5,plasma,PROT,1,-0.0697906251795693,0.43705048743797686
CDKN1A,CDKN1A,plasma,PROT,1,-0.2744900516538139,0.5974599483461861
CDKN2D,CDKN2D,plasma,PROT,1,-0.31955025867554876,0.7859466749628194
CDNF,CDNF,plasma,PROT,1,0.005692731747537949,0.20259981081316902
CDON,CDON,plasma,PROT,1,-0.07055109709139029,0.2651076034541109
CDSN,CDSN,plasma,PROT,1,-0.02779937453694595,0.31816129058198717
CEACAM1,CEACAM1,plasma,PROT,1,-0.10815,0.2506318595960934
CEACAM16,CEACAM16,plasma,PROT,1,-0.2619246168247419,0.5304500000000001
CEACAM18,CEACAM18,plasma,PROT,1,-0.11988345164573305,0.5881013630731736
CEACAM20,CEACAM20,plasma,PROT,1,-0.23565191021922866,0.5946948985777457
CEACAM21,CEACAM21,plasma,PROT,1,-0.028723910097149752,0.7853272828757144
CEACAM3,CEACAM3,plasma,PROT,1,0.047706893572534756,0.3808742471140138
CEACAM5,CEACAM5,plasma,PROT,1,0.0745827585389987,0.6136277036514423
CEACAM6,CEACAM6,plasma,PROT,1,0.17885,0.3612415847155813
CEACAM8,CEACAM8,plasma,PROT,1,-0.123148813316256,0.4405423878102403
CEBPA,CEBPA,plasma,PROT,1,-0.1235891578436062,0.1585049555032086
CEBPB,CEBPB,plasma,PROT,1,-0.20617499999999994,0.30712500000000004
CELA2A,CELA2A,plasma,PROT,1,-0.12479951437853856,0.4814090566587767
CELA3A,CELA3A,plasma,PROT,1,-0.17070795720957643,0.5675
CELSR2,CELSR2,plasma,PROT,1,0.053814845812615496,0.2414877212230801
CEMIP2,CEMIP2,plasma,PROT,1,-0.6358600931431235,0.3583274171550992
CEND1,CEND1,plasma,PROT,1,0.08458917714919205,0.384525
CENPF,CENPF,plasma,PROT,1,-0.004040652763669,0.317190652763669
CENPJ,CENPJ,plasma,PROT,1,-0.296425,0.6325124452777491
CEP112,CEP112,plasma,PROT,1,-0.0391485812609498,0.33665700266614107
CEP152,CEP152,plasma,PROT,1,-0.3359,0.7383671358925703
CEP164,CEP164,plasma,PROT,1,0.0075622318244845,0.1716453353974165
CEP170,CEP170,plasma,PROT,1,-0.19211144789427992,0.5966081372235148
CEP20,CEP20,plasma,PROT,1,-0.1003041415084637,0.4050966659748828
CEP290,CEP290,plasma,PROT,1,-0.09115,0.5460565269314417
CEP350,CEP350,plasma,PROT,1,-0.062325000000000005,0.8585223896788232
CEP43,CEP43,plasma,PROT,1,-0.06819755290562025,0.42555547557414675
CEP85,CEP85,plasma,PROT,1,-0.15340541073072406,0.37298175893890867
CERT1,CERT1,plasma,PROT,1,-0.16208356866273882,0.493407382932214
CES1,CES1,plasma,PROT,1,-0.3055452340026103,0.48698966535620336
CES2,CES2,plasma,PROT,1,-0.6406468674850463,0.31169136914955337
CES3,CES3,plasma,PROT,1,-0.29150039422429636,0.2842722156658949
CETN2,CETN2,plasma,PROT,1,-0.068265888663299,0.5936024471591529
CETN3,CETN3,plasma,PROT,1,-0.16591923392466315,0.26865078125238506
CFB,CFB,plasma,PROT,1,-0.05711928892630015,0.3420463008593919
CFC1,CFC1,plasma,PROT,1,-0.10701385478532545,0.3071405353540114
CFD,CFD,plasma,PROT,1,0.08357355400703806,0.20828327960930776
CFH,CFH,plasma,PROT,1,-0.16400677792427176,0.2932146210321782
CFHR2,CFHR2,plasma,PROT,1,-0.1446032062706269,0.5070103786524617
CFHR4,CFHR4,plasma,PROT,1,0.051449999999999996,0.4847
CFHR5,CFHR5,plasma,PROT,1,-0.0692608859452553,0.3470092117224063
CFI,CFI,plasma,PROT,1,-0.05507161807857805,0.2144478860261423
CFP,CFP,plasma,PROT,1,-0.03594376104899155,0.16615976579702885
CGB3_CGB5_CGB8,CGB3_CGB5_CGB8,plasma,PROT,1,1.538454274863482,0.4305677950709972
CGN,CGN,plasma,PROT,1,-0.0721403347717212,0.6034378088857479
CGREF1,CGREF1,plasma,PROT,1,-0.20047459442698634,0.39504594099004875
CHAC2,CHAC2,plasma,PROT,1,-0.06964934823199564,0.31208251659908615
CHAD,CHAD,plasma,PROT,1,0.2334230227781836,0.32394999999999996
CHCHD10,CHCHD10,plasma,PROT,1,-0.5485317995506649,0.22831604765374075
CHCHD6,CHCHD6,plasma,PROT,1,0.09359142610703089,0.2939152046605117
CHEK2,CHEK2,plasma,PROT,1,-0.043842508931011395,0.37280370124850015
CHGA,CHGA,plasma,PROT,1,-0.052245655860634246,0.3780930143691784
CHGB,CHGB,plasma,PROT,1,0.00492946599004995,0.3947524515277022
CHI3L1,CHI3L1,plasma,PROT,1,0.0983441636793842,0.3738769444571226
CHIT1,CHIT1,plasma,PROT,1,-0.03793549094012555,0.6472683692661225
CHL1,CHL1,plasma,PROT,1,0.23743774032383055,0.3148344212281823
CHM,CHM,plasma,PROT,1,-0.1303726137981115,0.42795
CHMP1A,CHMP1A,plasma,PROT,1,-0.14918875009963214,0.49170762180788086
CHMP6,CHMP6,plasma,PROT,1,-0.09787207946042714,0.2739841058578571
CHP1,CHP1,plasma,PROT,1,0.08721801863362741,0.7104680186336274
CHRDL1,CHRDL1,plasma,PROT,1,0.0693985346502233,0.30722773841262646
CHRDL2,CHRDL2,plasma,PROT,1,0.033342477565169004,0.32649047922011043
CHRM1,CHRM1,plasma,PROT,1,0.01233155620709535,0.44900954103554536
CIAPIN1,CIAPIN1,plasma,PROT,1,-0.25950052737218876,0.3721830343590887
CILP,CILP,plasma,PROT,1,-0.13879959011294168,0.4049427467766021
CINP,CINP,plasma,PROT,1,-0.04678520536242565,0.34576914963110755
CIRBP,CIRBP,plasma,PROT,1,-0.1890328797793145,0.6472360417719308
CIT,CIT,plasma,PROT,1,-0.1523967103787568,0.25976566195123885
CKAP4,CKAP4,plasma,PROT,1,-0.33094650361151096,0.20778340095919987
CKB,CKB,plasma,PROT,1,0.0029938591838118,0.5339467534051479
CKMT1A_CKMT1B,CKMT1A_CKMT1B,plasma,PROT,1,0.36613307431793307,0.6717734353350344
CLASP1,CLASP1,plasma,PROT,1,-0.0259552703002117,0.7221029482531331
CLC,CLC,plasma,PROT,1,-0.059391994559735595,0.45758174268487617
CLEC10A,CLEC10A,plasma,PROT,1,0.05765545285599475,0.26151102458273967
CLEC11A,CLEC11A,plasma,PROT,1,-0.1646051242248736,0.28632951189318306
CLEC12A,CLEC12A,plasma,PROT,1,0.0091098066052707,0.2130630652164458
CLEC14A,CLEC14A,plasma,PROT,1,0.11094233314680979,0.2900241636460678
CLEC1A,CLEC1A,plasma,PROT,1,-0.4796394398800251,0.18936289483420776
CLEC1B,CLEC1B,plasma,PROT,1,-0.30349225205050523,0.6377967967299176
CLEC2L,CLEC2L,plasma,PROT,1,-0.07509211706266364,0.3128751534389308
CLEC4A,CLEC4A,plasma,PROT,1,0.07009752964221995,0.28278328773623007
CLEC4C,CLEC4C,plasma,PROT,1,0.20952008769566205,0.35680904722557616
CLEC4D,CLEC4D,plasma,PROT,1,-0.17176821460185782,0.6172453083787786
CLEC4G,CLEC4G,plasma,PROT,1,0.23913395592206135,0.18326484773547247
CLEC4M,CLEC4M,plasma,PROT,1,0.0324,0.36455785965170096
CLEC5A,CLEC5A,plasma,PROT,1,0.0141214673585688,0.3127971795086665
CLEC6A,CLEC6A,plasma,PROT,1,-0.14169598771456404,0.34539598771456403
CLGN,CLGN,plasma,PROT,1,-0.4183591460375454,0.6259701942396079
CLIC5,CLIC5,plasma,PROT,1,-0.0154165798127446,0.2809143498417609
CLINT1,CLINT1,plasma,PROT,1,0.01425806473759145,0.4979014293581
CLIP2,CLIP2,plasma,PROT,1,-0.30017610636764,0.9736306217522865
CLMP,CLMP,plasma,PROT,1,-0.06970838702096199,0.16261058404227446
CLNS1A,CLNS1A,plasma,PROT,1,-0.08722984196537015,0.5484584777322423
CLPP,CLPP,plasma,PROT,1,-0.06030346920461395,0.5226270954787882
CLPS,CLPS,plasma,PROT,1,-0.18647353647780104,0.5927705635527019
CLSPN,CLSPN,plasma,PROT,1,-0.0145,0.389312022767134
CLSTN2,CLSTN2,plasma,PROT,1,0.05147252918354195,0.22129820201295064
CLSTN3,CLSTN3,plasma,PROT,1,0.0144006549897299,0.2848633096685238
CLTA,CLTA,plasma,PROT,1,-0.13301557252715712,0.1911225174088912
CLU,CLU,plasma,PROT,1,-0.09276516795265745,0.18260195238156027
CLUL1,CLUL1,plasma,PROT,1,0.06687795536188204,0.32000755281271753
CMC1,CMC1,plasma,PROT,1,-0.0428004650044395,0.36207284508372306
CMIP,CMIP,plasma,PROT,1,-0.05033900987619295,0.45103454534736787
CNDP1,CNDP1,plasma,PROT,1,-0.20444909666586092,0.2979481319454526
CNGB3,CNGB3,plasma,PROT,1,0.02585589533659605,0.26688774462291726
CNP,CNP,plasma,PROT,1,-0.06897500000000001,0.41236078238515383
CNPY2,CNPY2,plasma,PROT,1,0.0226093240548151,0.3785213724822709
CNPY4,CNPY4,plasma,PROT,1,-0.00432569150190295,0.37238233262091514
CNST,CNST,plasma,PROT,1,-0.30883836386893715,0.810529232878495
CNTF,CNTF,plasma,PROT,1,0.044780931021955156,0.8893423926143988
CNTN1,CNTN1,plasma,PROT,1,0.10425992874433734,0.26573807037576125
CNTN2,CNTN2,plasma,PROT,1,-0.08907321888249284,0.4172011920781602
CNTN3,CNTN3,plasma,PROT,1,0.1849873777747067,0.31532064612369315
CNTN4,CNTN4,plasma,PROT,1,0.243026881874921,0.22490007588248515
CNTN5,CNTN5,plasma,PROT,1,0.091986842361688,0.27660113042831097
CNTNAP2,CNTNAP2,plasma,PROT,1,-0.0029371263830403997,0.2597203388269816
COCH,COCH,plasma,PROT,1,-0.009209778645969401,0.30329384610593046
COL15A1,COL15A1,plasma,PROT,1,0.1761975988400964,0.304266706826881
COL18A1,COL18A1,plasma,PROT,1,-0.10056134288815019,0.2775443751187341
COL1A1,COL1A1,plasma,PROT,1,0.0011145858718376999,0.23546458587183766
COL28A1,COL28A1,plasma,PROT,1,0.2729603684330121,0.8952628196526489
COL2A1,COL2A1,plasma,PROT,1,0.18816076566044576,0.34415380841788423
COL3A1,COL3A1,plasma,PROT,1,-0.230275,0.25184055244199466
COL4A1,COL4A1,plasma,PROT,1,-0.08477091169413781,0.36897963907548276
COL4A4,COL4A4,plasma,PROT,1,0.08552463523388926,0.3690248967649431
COL5A1,COL5A1,plasma,PROT,1,-0.12219780458387916,0.24685235585459342
COL6A3,COL6A3,plasma,PROT,1,-0.2985,0.3612507967446812
COL9A1,COL9A1,plasma,PROT,1,-0.3265593019804237,0.3326141357077908
COL9A2,COL9A2,plasma,PROT,1,-0.09044888949490965,0.4364696065139698
COLEC12,COLEC12,plasma,PROT,1,-0.1726662793943473,0.29692674180544887
COMMD1,COMMD1,plasma,PROT,1,-0.2592737682217764,0.35980382593452587
COMMD9,COMMD9,plasma,PROT,1,0.0969133241330916,0.1923053227089727
COMP,COMP,plasma,PROT,1,-0.07691037445254865,0.23859720584024227
COMT,COMT,plasma,PROT,1,-0.34839144179486065,0.5894311571982682
COPB2,COPB2,plasma,PROT,1,-0.05682319937868224,0.4416442303094845
COPE,COPE,plasma,PROT,1,0.11525225428119665,0.6126307121871744
COQ7,COQ7,plasma,PROT,1,-0.01476322597304855,0.3389159624778959
CORO1A,CORO1A,plasma,PROT,1,-0.1456004004096387,0.607328922449132
CORO6,CORO6,plasma,PROT,1,-0.169659151546442,0.24949718145286917
COX5B,COX5B,plasma,PROT,1,-0.0805073673343118,0.5896386629429139
COX6B1,COX6B1,plasma,PROT,1,-0.10249999624864731,0.47916840472815836
CPA1,CPA1,plasma,PROT,1,-0.10235917372627479,0.4237217236193621
CPA2,CPA2,plasma,PROT,1,0.2030535754215519,0.5817712230976348
CPA4,CPA4,plasma,PROT,1,-0.16592157148422548,0.38338721899870404
CPB1,CPB1,plasma,PROT,1,-0.058061486596743095,0.40075911291281435
CPB2,CPB2,plasma,PROT,1,-0.22150103740347277,0.23085103740347274
CPE,CPE,plasma,PROT,1,0.2433538706739803,0.1927624854421464
CPM,CPM,plasma,PROT,1,-0.41321000085809506,0.41188573262703776
CPOX,CPOX,plasma,PROT,1,0.1339097490797611,0.2298902505799853
CPPED1,CPPED1,plasma,PROT,1,-0.13426234321290775,0.38883821253650386
CPQ,CPQ,plasma,PROT,1,-0.06457324878009504,0.2096743300639663
CPTP,CPTP,plasma,PROT,1,0.12461382477042711,0.267290933897383
CPVL,CPVL,plasma,PROT,1,-0.1796466440857898,0.18076270218515922
CPXM1,CPXM1,plasma,PROT,1,-0.16337645786659666,0.46907343115525163
CPXM2,CPXM2,plasma,PROT,1,-0.3331498979278807,0.2858501020721193
CR1,CR1,plasma,PROT,1,-0.027381687108310397,0.3418234196416439
CR2,CR2,plasma,PROT,1,0.28954880183895776,0.37974485904081634
CRACR2A,CRACR2A,plasma,PROT,1,-0.21387534450444629,0.6266778071643389
CRADD,CRADD,plasma,PROT,1,-0.290925,0.47903264441573357
CREB3,CREB3,plasma,PROT,1,-0.0563446558179845,0.4666344523472368
CREBZF,CREBZF,plasma,PROT,1,-0.036019245603806746,0.2676384263169438
CREG1,CREG1,plasma,PROT,1,-0.7112038414381954,0.33171678971388485
CRELD1,CRELD1,plasma,PROT,1,-0.3446350820972369,0.37259247211936586
CRELD2,CRELD2,plasma,PROT,1,-0.1814682430985206,0.34098549572668874
CRH,CRH,plasma,PROT,1,-2.4302391964501187,0.639284863695635
CRHBP,CRHBP,plasma,PROT,1,-0.5548707302640759,0.28196594552732496
CRHR1,CRHR1,plasma,PROT,1,-0.0008534329175853002,0.5035135256827874
CRIM1,CRIM1,plasma,PROT,1,-0.9502397913142488,0.16777919708697325
CRIP2,CRIP2,plasma,PROT,1,-0.1854431199447214,0.29645430107922555
CRISP2,CRISP2,plasma,PROT,1,-0.1309,0.422533467335584
CRISP3,CRISP3,plasma,PROT,1,0.13465,0.1814911216888887
CRKL,CRKL,plasma,PROT,1,-0.3117525887362108,0.5782869619243483
CRLF1,CRLF1,plasma,PROT,1,1.305750157533725,0.33737557189437484
CRNN,CRNN,plasma,PROT,1,-0.25527208276851987,0.44271595120224616
CRTAC1,CRTAC1,plasma,PROT,1,0.3063294936805985,0.28593491632290524
CRTAM,CRTAM,plasma,PROT,1,0.28763293320439187,0.26669969738011545
CRTAP,CRTAP,plasma,PROT,1,-0.0044586767727386,0.26209152098072186
CRX,CRX,plasma,PROT,1,-0.07920246484853175,0.7023733141963624
CRYBB1,CRYBB1,plasma,PROT,1,-0.1375,0.3178671021620728
CRYBB2,CRYBB2,plasma,PROT,1,0.055373582761618204,0.20640000000000003
CRYGD,CRYGD,plasma,PROT,1,-0.19154435129325015,0.5795056487067498
CRYM,CRYM,plasma,PROT,1,0.0487417488440603,0.5380058622385395
CRYZL1,CRYZL1,plasma,PROT,1,-0.3520574106296221,0.5966081729538052
CSDE1,CSDE1,plasma,PROT,1,-0.07320697428961209,0.40647072829708436
CSF1,CSF1,plasma,PROT,1,-0.45215,0.35765
CSF1R,CSF1R,plasma,PROT,1,-1.114975,0.3665370981881664
CSF2,CSF2,plasma,PROT,1,0.0951483060873729,0.3452401995283395
CSF2RA,CSF2RA,plasma,PROT,1,-0.9822777587486942,0.3859661223511004
CSF2RB,CSF2RB,plasma,PROT,1,-0.8930925039230231,0.4745626541810776
CSF3,CSF3,plasma,PROT,1,-0.2882136351735435,0.32994484423964004
CSF3R,CSF3R,plasma,PROT,1,-1.9350621728153536,0.2794190288081728
CSH1,CSH1,plasma,PROT,1,-3.6485654670046124,0.8614850171774757
CSNK1D,CSNK1D,plasma,PROT,1,-0.09637063575969075,0.846415144789711
CSNK2A1,CSNK2A1,plasma,PROT,1,0.001823698186296,0.2687368578130054
CSPG4,CSPG4,plasma,PROT,1,-0.2685137241328003,0.3071043601320765
CSPG5,CSPG5,plasma,PROT,1,0.07,0.2774
CSRP3,CSRP3,plasma,PROT,1,-0.23265604039805896,0.5187503705913881
CST1,CST1,plasma,PROT,1,0.0709106720799146,0.6440079457576581
CST3,CST3,plasma,PROT,1,-0.424771396146434,0.34646579856386683
CST5,CST5,plasma,PROT,1,-0.0161160886383649,0.3357666625897009
CST6,CST6,plasma,PROT,1,0.0910546014105865,0.39119992177856994
CST7,CST7,plasma,PROT,1,-0.14267436303327136,0.5679522922658629
CSTB,CSTB,plasma,PROT,1,-0.20110049092295415,0.3419354160991573
CTBS,CTBS,plasma,PROT,1,-0.47385847879289134,0.26032068740599956
CTF1,CTF1,plasma,PROT,1,0.0068885524827468,0.45795972781260175
CTHRC1,CTHRC1,plasma,PROT,1,-0.17050480677838936,0.18618630428812433
CTLA4,CTLA4,plasma,PROT,1,-0.0054705536359351,0.5113415181722072
CTNNA1,CTNNA1,plasma,PROT,1,0.0315194238544034,0.6502658908904286
CTRB1,CTRB1,plasma,PROT,1,-0.15349517865347606,0.46201999670239524
CTRC,CTRC,plasma,PROT,1,-0.126227729060552,0.44213310425068586
CTRL,CTRL,plasma,PROT,1,-0.0204929752325715,0.5078318373337054
CTSB,CTSB,plasma,PROT,1,-0.0753339277735891,0.42456997731140894
CTSC,CTSC,plasma,PROT,1,-0.305880424382119,0.3550019345918768
CTSD,CTSD,plasma,PROT,1,-0.24780003280297375,0.19917071442468254
CTSE,CTSE,plasma,PROT,1,-0.272485594598207,0.381135594598207
CTSF,CTSF,plasma,PROT,1,-0.33270292935975704,0.40926451241612294
CTSH,CTSH,plasma,PROT,1,-0.10197104999454801,0.51724626056482
CTSL,CTSL,plasma,PROT,1,0.02330715924031355,0.24284847514916713
CTSO,CTSO,plasma,PROT,1,-0.17744790130860624,0.2039989881353746
CTSS,CTSS,plasma,PROT,1,-0.07945069894981935,0.21785130513677445
CTSV,CTSV,plasma,PROT,1,-0.11125990489790469,0.23526483433306414
CTSZ,CTSZ,plasma,PROT,1,-0.24222642060816868,0.16982522036206033
CUZD1,CUZD1,plasma,PROT,1,0.06345,0.4027454173524663
CWC15,CWC15,plasma,PROT,1,-0.0261181076061038,0.25581247834887727
CXADR,CXADR,plasma,PROT,1,-0.25593168393229704,0.3683906288959981
CXCL1,CXCL1,plasma,PROT,1,-0.26155740866413646,0.6487218115254778
CXCL10,CXCL10,plasma,PROT,1,-0.15000024645871501,0.3968712117944902
CXCL11,CXCL11,plasma,PROT,1,-0.29952886630281317,0.5065711336971868
CXCL12,CXCL12,plasma,PROT,1,0.19526752472986575,0.26349999999999996
CXCL13,CXCL13,plasma,PROT,1,0.24734114563370685,0.8034414535816162
CXCL14,CXCL14,plasma,PROT,1,0.08710000000000001,0.4866333248091558
CXCL16,CXCL16,plasma,PROT,1,-0.17459999999999998,0.23259999999999997
CXCL17,CXCL17,plasma,PROT,1,0.164125,0.32323809907493734
CXCL3,CXCL3,plasma,PROT,1,-0.1200871188670283,0.7775585402165763
CXCL5,CXCL5,plasma,PROT,1,0.15538880023562907,0.77335
CXCL6,CXCL6,plasma,PROT,1,-0.13209999999999994,0.7580166253204105
CXCL8,CXCL8,plasma,PROT,1,0.011241483589289,0.4245296519280803
CXCL9,CXCL9,plasma,PROT,1,0.0976079877469199,0.39774939720015284
CYB5A,CYB5A,plasma,PROT,1,-0.04717570803702595,0.47614482243705364
CYB5R2,CYB5R2,plasma,PROT,1,-0.1589918101643636,0.24494739757591283
CYP24A1,CYP24A1,plasma,PROT,1,0.09775,0.567363278753009
CYTH3,CYTH3,plasma,PROT,1,-0.34581686014766183,0.5115064666442963
CYTL1,CYTL1,plasma,PROT,1,0.12815,0.21902201766396556
DAAM1,DAAM1,plasma,PROT,1,0.02317619936087845,0.5096670085012218
DAB2,DAB2,plasma,PROT,1,-0.2171495078295299,0.4661005095871451
DAG1,DAG1,plasma,PROT,1,-0.9737518652185579,0.2517297969330758
DAND5,DAND5,plasma,PROT,1,0.1020703355018487,2.1990331674803505
DAPK2,DAPK2,plasma,PROT,1,-0.358553791384973,0.5843089575070926
DAPP1,DAPP1,plasma,PROT,1,-0.08364993968324225,1.1927287382261302
DARS1,DARS1,plasma,PROT,1,-0.19615626906416683,0.5283415650435187
DBH,DBH,plasma,PROT,1,0.480466471643952,0.6186361690485187
DBI,DBI,plasma,PROT,1,-0.18454572365594266,0.3148422079726822
DBN1,DBN1,plasma,PROT,1,-0.0604172558897763,0.3262139843934781
DBNL,DBNL,plasma,PROT,1,-0.21465342308347304,0.7085183124966762
DCBLD2,DCBLD2,plasma,PROT,1,-0.1808673275329447,0.32715
DCC,DCC,plasma,PROT,1,0.054151079299920454,0.17376745799136922
DCDC2C,DCDC2C,plasma,PROT,1,-0.23424660941228764,1.025895685437657
DCLRE1C,DCLRE1C,plasma,PROT,1,-0.1716114127120743,0.7642714222112073
DCN,DCN,plasma,PROT,1,0.11125026427328336,0.14009998358911419
DCTD,DCTD,plasma,PROT,1,-0.0743971647328608,0.5617247905246524
DCTN1,DCTN1,plasma,PROT,1,-0.14725,0.47467617488363684
DCTN2,DCTN2,plasma,PROT,1,-0.08251233891909734,0.46281576058884105
DCTN6,DCTN6,plasma,PROT,1,-0.020436366805585,0.34281983173416897
DCTPP1,DCTPP1,plasma,PROT,1,-0.2605126960851017,0.2311579671779774
DCUN1D1,DCUN1D1,plasma,PROT,1,-0.020275125525644498,0.48207512552564447
DCUN1D2,DCUN1D2,plasma,PROT,1,-0.07148954060471885,0.7526728608096671
DCXR,DCXR,plasma,PROT,1,-0.18130000000000002,0.6565947388899607
DDA1,DDA1,plasma,PROT,1,-0.0255867927872091,0.37808008261636694
DDAH1,DDAH1,plasma,PROT,1,-0.27065426742986143,0.3403510115075937
DDC,DDC,plasma,PROT,1,0.23985,0.4774048698812791
DDHD2,DDHD2,plasma,PROT,1,-0.29246232113727144,0.40463337673070865
DDI2,DDI2,plasma,PROT,1,0.09961043581694595,0.3880933786173394
DDR1,DDR1,plasma,PROT,1,-1.3492854936416747,0.2111534981894747
DDT,DDT,plasma,PROT,1,-0.22117200924378766,0.3428443399925406
DDX1,DDX1,plasma,PROT,1,0.11978672824991371,0.40330874795301375
DDX25,DDX25,plasma,PROT,1,0.09869395240295335,0.49892737937002596
DDX39A,DDX39A,plasma,PROT,1,0.01240304307730075,0.2537681796998203
DDX4,DDX4,plasma,PROT,1,0.07930963754199724,0.5526500000000001
DDX53,DDX53,plasma,PROT,1,0.1337,0.4007721032501715
DDX58,DDX58,plasma,PROT,1,-0.052291586363470505,0.3508668725545748
DECR1,DECR1,plasma,PROT,1,-0.19104625744957848,0.6926445296046554
DEFA1_DEFA1B,DEFA1_DEFA1B,plasma,PROT,1,-0.2331002289131239,0.3622678548887619
DEFB103A_DEFB103B,DEFB103A_DEFB103B,plasma,PROT,1,-0.14163623677716525,0.5240318637891336
DEFB104A_DEFB104B,DEFB104A_DEFB104B,plasma,PROT,1,-0.02996880946611475,0.5727711591004352
DEFB116,DEFB116,plasma,PROT,1,0.03796202653415505,0.6473589532946957
DEFB118,DEFB118,plasma,PROT,1,-0.0774437279650457,0.7851290986648038
DEFB4A_DEFB4B,DEFB4A_DEFB4B,plasma,PROT,1,-0.1285071323044252,0.9386262215490703
DENND2B,DENND2B,plasma,PROT,1,0.01238382915904005,0.34031080875222647
DENR,DENR,plasma,PROT,1,-0.0408682714075473,0.4496164114461484
DFFA,DFFA,plasma,PROT,1,-0.11701754997821995,0.3047446671469951
DGCR6,DGCR6,plasma,PROT,1,-0.22597274277900825,0.4342189352699769
DGKA,DGKA,plasma,PROT,1,-0.1639177968561282,0.4035226675511095
DGKZ,DGKZ,plasma,PROT,1,0.016706646897438702,0.22977389025008885
DHODH,DHODH,plasma,PROT,1,0.0662350102252066,0.4677077591679125
DHPS,DHPS,plasma,PROT,1,-0.6157017798139992,0.3283218363804838
DHRS4L2,DHRS4L2,plasma,PROT,1,0.07594978726014195,0.2419750576346137
DIABLO,DIABLO,plasma,PROT,1,-0.34027764528179716,0.9929133918917568
DIPK1C,DIPK1C,plasma,PROT,1,-0.08209999999999995,0.5002830922475855
DIPK2B,DIPK2B,plasma,PROT,1,0.060646645221854104,0.27330335477814593
DKK1,DKK1,plasma,PROT,1,-0.2964025490235805,0.3966318459910386
DKK3,DKK3,plasma,PROT,1,0.13191349530195595,0.27967325199920456
DKK4,DKK4,plasma,PROT,1,-0.081960840065326,0.2780889237008809
DKKL1,DKKL1,plasma,PROT,1,-0.17294822307262975,0.5945878291096969
DLG4,DLG4,plasma,PROT,1,-0.05557842672722105,0.40316622767160315
DLGAP5,DLGAP5,plasma,PROT,1,-0.09767323410901174,0.36579823410901174
DLK1,DLK1,plasma,PROT,1,-1.5561683898003733,0.4014496697228821
DLL1,DLL1,plasma,PROT,1,-0.2316987130759359,0.2649294327426654
DLL4,DLL4,plasma,PROT,1,0.1617580821525145,0.7010580821525145
DMD,DMD,plasma,PROT,1,-0.3733604213539467,0.386
DMP1,DMP1,plasma,PROT,1,0.29796793365985963,0.366329851032016
DNAJA1,DNAJA1,plasma,PROT,1,-0.15116835363720585,0.5849064486690849
DNAJA2,DNAJA2,plasma,PROT,1,-0.233355254259,0.404424152706133
DNAJA4,DNAJA4,plasma,PROT,1,0.08901815828060915,0.3877565108742873
DNAJB1,DNAJB1,plasma,PROT,1,-0.1651605202953335,0.5921127369904784
DNAJB14,DNAJB14,plasma,PROT,1,-0.16502842945951876,0.3943080398765675
DNAJB2,DNAJB2,plasma,PROT,1,-0.118545075541373,0.2684975973342927
DNAJB8,DNAJB8,plasma,PROT,1,0.01060669907086875,0.2980617437969417
DNAJC21,DNAJC21,plasma,PROT,1,-0.07945655375863925,0.21165210995707429
DNAJC6,DNAJC6,plasma,PROT,1,-0.2304989705927046,0.4833473861729308
DNAJC9,DNAJC9,plasma,PROT,1,-0.12810989933749045,0.6490901006625095
DNER,DNER,plasma,PROT,1,0.18756521487264394,0.25393687109515806
DNLZ,DNLZ,plasma,PROT,1,0.0664705559665936,0.9874887136949121
DNM1,DNM1,plasma,PROT,1,0.1347689208738851,0.8402344398583826
DNM3,DNM3,plasma,PROT,1,-0.0432134827861912,0.5463651424166631
DNMBP,DNMBP,plasma,PROT,1,-0.22182562285173615,0.3177156872674214
DNPEP,DNPEP,plasma,PROT,1,-0.23820790436187134,0.39926224857766385
DNPH1,DNPH1,plasma,PROT,1,-0.0383758504218387,0.4278144648191683
DOC2B,DOC2B,plasma,PROT,1,0.11766725326535189,0.6673005285214189
DOCK9,DOCK9,plasma,PROT,1,0.21716522598171034,0.73745
DOK1,DOK1,plasma,PROT,1,-0.22208118712352048,1.041777173181825
DOK2,DOK2,plasma,PROT,1,-0.1931170656310971,0.6848376995601596
DPEP1,DPEP1,plasma,PROT,1,0.14703337503760772,0.4067757875253639
DPEP2,DPEP2,plasma,PROT,1,-0.9707287380875809,0.19187612347079502
DPP10,DPP10,plasma,PROT,1,0.0648983177369804,0.23597465504988285
DPP4,DPP4,plasma,PROT,1,0.0074732548374491,0.23261333830325245
DPP6,DPP6,plasma,PROT,1,0.03041279137116265,0.24571220862883736
DPP7,DPP7,plasma,PROT,1,-0.5466056712921469,0.5512766089520557
DPT,DPT,plasma,PROT,1,-0.22884460990313615,0.3127946099031361
DPY30,DPY30,plasma,PROT,1,-0.3388470983355187,0.3768760891802586
DRAXIN,DRAXIN,plasma,PROT,1,0.39826537464289746,0.27327162837360225
DRG2,DRG2,plasma,PROT,1,-0.040310325396104796,0.2303778743297333
DSC2,DSC2,plasma,PROT,1,-0.33450556951826216,0.3026860100497095
DSCAM,DSCAM,plasma,PROT,1,-0.5471769238768622,0.39957046409401237
DSG2,DSG2,plasma,PROT,1,0.08800163691005361,0.16962355462030798
DSG3,DSG3,plasma,PROT,1,0.1668893964349077,0.23650728678417426
DSG4,DSG4,plasma,PROT,1,0.12887790615661093,0.2825013987528957
DTD1,DTD1,plasma,PROT,1,-0.15261704777943347,0.7742474043194238
DTNB,DTNB,plasma,PROT,1,-0.5207544936196593,0.2716815701374688
DTX2,DTX2,plasma,PROT,1,0.00940259224657105,1.0476023341050293
DTX3,DTX3,plasma,PROT,1,0.0084566492538113,0.16145618348492355
DTYMK,DTYMK,plasma,PROT,1,-0.1393799792560506,0.4493409467502253
DUOX2,DUOX2,plasma,PROT,1,0.1316247792053227,0.44271750474577964
DUSP13,DUSP13,plasma,PROT,1,0.23190164809253083,0.3284444801783116
DUSP29,DUSP29,plasma,PROT,1,-0.5393807441141187,0.8208249999999999
DUSP3,DUSP3,plasma,PROT,1,-0.02876959643764885,0.594918053218308
DUT,DUT,plasma,PROT,1,-0.28631079381109303,0.5875820610769467
DXO,DXO,plasma,PROT,1,-0.21305117046948666,0.3099672339406656
DYNC1H1,DYNC1H1,plasma,PROT,1,0.055788177636658096,0.23222995875813843
DYNLT1,DYNLT1,plasma,PROT,1,-0.14257110607805412,0.42883014251075874
DYNLT3,DYNLT3,plasma,PROT,1,-0.0183,0.3834
EBAG9,EBAG9,plasma,PROT,1,-0.1151264253064539,0.4981372155304731
ECHDC3,ECHDC3,plasma,PROT,1,-0.2438262853240652,0.8502394215335546
ECHS1,ECHS1,plasma,PROT,1,-0.5136096828176537,1.0000024040297795
ECI2,ECI2,plasma,PROT,1,-0.17565008571012486,0.5855140226567451
ECM1,ECM1,plasma,PROT,1,0.11705,0.21012320147857652
ECSCR,ECSCR,plasma,PROT,1,-0.03986966465765955,0.4154005911965785
EDA2R,EDA2R,plasma,PROT,1,-0.06364263590988055,0.1739187282592906
EDAR,EDAR,plasma,PROT,1,-0.07515412584550385,0.386471819671682
EDDM3B,EDDM3B,plasma,PROT,1,0.03174497966421285,0.17887834245814704
EDF1,EDF1,plasma,PROT,1,-0.16545339688568322,0.8295945868537631
EDIL3,EDIL3,plasma,PROT,1,0.1276770876589804,0.3138765078582575
EDN1,EDN1,plasma,PROT,1,-0.09365,0.20087869953019655
EDNRB,EDNRB,plasma,PROT,1,-0.05133735170828205,0.18299206605564564
EEF1D,EEF1D,plasma,PROT,1,-0.24484002508844024,0.6130468132918523
EFCAB14,EFCAB14,plasma,PROT,1,-0.1125471780573475,0.1913446493751355
EFCAB2,EFCAB2,plasma,PROT,1,-0.07318577363594381,0.22813367897068693
EFEMP1,EFEMP1,plasma,PROT,1,-0.18006821309871973,0.1323833548951712
EFHD1,EFHD1,plasma,PROT,1,-0.14749181234406816,0.2490511264199916
EFNA4,EFNA4,plasma,PROT,1,-0.21841991032718783,0.18534062516993732
EFNB2,EFNB2,plasma,PROT,1,-0.0380551570081254,0.4195700827259263
EGF,EGF,plasma,PROT,1,-0.12913322980659245,0.8414005044695917
EGFL7,EGFL7,plasma,PROT,1,-0.24480006037830385,0.27609993962169616
EGFLAM,EGFLAM,plasma,PROT,1,-0.15486921711907445,0.22896569087066224
EGFR,EGFR,plasma,PROT,1,-0.1377989609209804,0.18441083841729025
EGLN1,EGLN1,plasma,PROT,1,-0.21032016681012444,0.28451007687793883
EHBP1,EHBP1,plasma,PROT,1,-0.0502087306877462,0.3566534342059518
EHD3,EHD3,plasma,PROT,1,-0.0907328631457715,1.0540712960299867
EIF1AX,EIF1AX,plasma,PROT,1,0.0160874354776535,0.2011632879893756
EIF2AK2,EIF2AK2,plasma,PROT,1,-0.17651453889111665,0.6870567651993654
EIF2AK3,EIF2AK3,plasma,PROT,1,-0.0608403832020428,0.7494806535160652
EIF2S2,EIF2S2,plasma,PROT,1,-0.20300405161089774,0.6398238650202407
EIF4B,EIF4B,plasma,PROT,1,-0.05791667063585375,0.5786571467767917
EIF4E,EIF4E,plasma,PROT,1,-0.20476338476995692,0.7498960799287004
EIF4EBP1,EIF4EBP1,plasma,PROT,1,-0.1064584876567306,0.45814651999780853
EIF4G1,EIF4G1,plasma,PROT,1,-0.492317860453071,0.8648712794998903
EIF4G3,EIF4G3,plasma,PROT,1,-0.1322600403602362,0.6552356931686607
EIF5,EIF5,plasma,PROT,1,0.046805919919879146,0.4995125936791582
EIF5A,EIF5A,plasma,PROT,1,0.00545,0.2696836408335651
ELAC1,ELAC1,plasma,PROT,1,-0.1527153797459272,0.5350022884971296
ELAVL4,ELAVL4,plasma,PROT,1,0.055449042226820955,0.612619985167353
ELN,ELN,plasma,PROT,1,-0.27661758904559125,0.3079541789933613
ELOA,ELOA,plasma,PROT,1,-0.1743777206080298,0.3262009412055743
ELOB,ELOB,plasma,PROT,1,0.05412766981893925,0.3850228009864347
ENAH,ENAH,plasma,PROT,1,-0.0918169097363769,0.30929789384409223
ENDOU,ENDOU,plasma,PROT,1,-2.059760530322349,0.3484846435155946
ENG,ENG,plasma,PROT,1,-0.22040927324950338,0.1810317971803427
ENO1,ENO1,plasma,PROT,1,-0.1716730110938024,0.46645587239537556
ENO2,ENO2,plasma,PROT,1,-0.0515479467016041,0.3693859053612008
ENO3,ENO3,plasma,PROT,1,0.31435568659909363,0.5080018612860655
ENOPH1,ENOPH1,plasma,PROT,1,0.18265756189074894,0.6467564060482512
ENPEP,ENPEP,plasma,PROT,1,-0.05518071211420885,0.3052703038162302
ENPP2,ENPP2,plasma,PROT,1,-0.7875130112034102,0.3516826399400245
ENPP5,ENPP5,plasma,PROT,1,0.35577100869334655,0.29710270722805215
ENPP6,ENPP6,plasma,PROT,1,0.3482488712889882,0.368379424595776
ENPP7,ENPP7,plasma,PROT,1,-0.8358322144759203,0.8160822144759203
ENSA,ENSA,plasma,PROT,1,-0.05817015943162965,0.6039298405683704
ENTPD2,ENTPD2,plasma,PROT,1,0.12057579002437405,0.3928474969578451
ENTPD5,ENTPD5,plasma,PROT,1,0.03345,0.15899557690437024
ENTPD6,ENTPD6,plasma,PROT,1,-0.1474028397247951,0.1671655065599162
ENTR1,ENTR1,plasma,PROT,1,-0.2634386064832976,0.35448481319585234
EPB41L5,EPB41L5,plasma,PROT,1,0.05349552762336035,0.5185211473135559
EPCAM,EPCAM,plasma,PROT,1,0.4410366393393102,0.8106779395118271
EPGN,EPGN,plasma,PROT,1,-6.258120332449998e-05,0.15707661555193442
EPHA1,EPHA1,plasma,PROT,1,-0.5894909694125345,0.32811433057133704
EPHA10,EPHA10,plasma,PROT,1,0.0495412370398943,0.42705523533261797
EPHA2,EPHA2,plasma,PROT,1,-0.182454168905822,0.1593345781132528
EPHA4,EPHA4,plasma,PROT,1,-0.0583411514665811,0.352051393632307
EPHB4,EPHB4,plasma,PROT,1,-0.3531996478195253,0.17713444204483964
EPHB6,EPHB6,plasma,PROT,1,-0.21961395356705105,0.21839335301704854
EPN1,EPN1,plasma,PROT,1,-0.0196374076697395,0.6357710662570131
EPO,EPO,plasma,PROT,1,-0.9172409909022436,0.6174936005059954
EPPK1,EPPK1,plasma,PROT,1,-0.4181149269683891,0.3943899269683891
EPS8L2,EPS8L2,plasma,PROT,1,-0.28440531391625146,0.23340143428396531
ERBB2,ERBB2,plasma,PROT,1,-0.2942882976444682,0.2116616821734255
ERBB3,ERBB3,plasma,PROT,1,-0.3986503233399531,0.15101390799065212
ERBB4,ERBB4,plasma,PROT,1,0.14873960534772296,0.21270800331377657
ERBIN,ERBIN,plasma,PROT,1,-0.20119722668657156,0.5710704022654232
ERC2,ERC2,plasma,PROT,1,0.0115,0.5946334774473532
ERCC1,ERCC1,plasma,PROT,1,-0.0682152184901708,0.45357219772844337
EREG,EREG,plasma,PROT,1,-0.09801903347180185,0.3967044660978543
ERI1,ERI1,plasma,PROT,1,-0.04077292623592545,0.23893033539326078
ERMAP,ERMAP,plasma,PROT,1,-0.21508318580143548,0.2755375762551958
ERN1,ERN1,plasma,PROT,1,0.0477447643509687,0.24311908785104744
ERP29,ERP29,plasma,PROT,1,-0.07969657517672324,0.8210680650472755
ERP44,ERP44,plasma,PROT,1,-0.1019598423944148,0.13420225656160162
ERVV-1,ERVV-1,plasma,PROT,1,-1.937146697448402,0.6990466974484019
ESAM,ESAM,plasma,PROT,1,-0.3650001752087112,0.22721989146818283
ESM1,ESM1,plasma,PROT,1,0.2948085019750202,0.3668944817611613
ESPL1,ESPL1,plasma,PROT,1,-0.0066154057899468,0.35700499433542976
ESR1,ESR1,plasma,PROT,1,-0.07328943343328885,0.5265600094723653
ESYT2,ESYT2,plasma,PROT,1,-0.06816488075943225,0.6385784232858213
EVI2B,EVI2B,plasma,PROT,1,-0.084375,0.4793800457001418
EVI5,EVI5,plasma,PROT,1,-0.242207456196123,0.5530112888531303
EVPL,EVPL,plasma,PROT,1,-0.1411339202802851,0.44873043006434116
EXOSC10,EXOSC10,plasma,PROT,1,0.10952305190440705,0.280503863541375
EXTL1,EXTL1,plasma,PROT,1,-0.0013919151881354999,0.4061695454236516
EZR,EZR,plasma,PROT,1,-0.08549230362249835,0.1474332736431906
F10,F10,plasma,PROT,1,-0.22900966019407365,0.17174048121649982
F11,F11,plasma,PROT,1,0.21762348949684746,0.18725151050315253
F11R,F11R,plasma,PROT,1,-0.4639290972289737,0.2991517617642582
F12,F12,plasma,PROT,1,-0.2868545628232189,0.26896324388402404
F13B,F13B,plasma,PROT,1,-0.05732172097229825,0.20203382599504408
F2,F2,plasma,PROT,1,-0.01581646724191765,0.15914892175354
F2R,F2R,plasma,PROT,1,-0.14441199513064065,0.30547258199911975
F3,F3,plasma,PROT,1,0.059534970062134,0.2155476463444721
F7,F7,plasma,PROT,1,-0.5655468839873392,0.3586720854707812
F9,F9,plasma,PROT,1,-0.1549612719607194,0.2003844944164038
FABP1,FABP1,plasma,PROT,1,-0.9150356511004134,1.0397593700953385
FABP2,FABP2,plasma,PROT,1,-0.13762077446392929,0.5312492455465414
FABP3,FABP3,plasma,PROT,1,-0.5224455478515537,0.27898456357812584
FABP4,FABP4,plasma,PROT,1,-0.21465600013314734,0.5424917150653112
FABP5,FABP5,plasma,PROT,1,-0.19650200350111674,0.649932950636934
FABP6,FABP6,plasma,PROT,1,-0.0475311287444728,0.3462495654882495
FABP9,FABP9,plasma,PROT,1,0.0249180855769148,0.32316475713596193
FADD,FADD,plasma,PROT,1,-0.3101922318498611,0.49645089861780817
FAM13A,FAM13A,plasma,PROT,1,-0.5981363849274917,0.48321485524670316
FAM171A2,FAM171A2,plasma,PROT,1,0.034011710493144956,0.8814538698859955
FAM171B,FAM171B,plasma,PROT,1,-0.5112954414271456,0.2062117406504383
FAM172A,FAM172A,plasma,PROT,1,-0.14048564871974994,0.363002244866439
FAM20A,FAM20A,plasma,PROT,1,-0.0278554758940976,0.2563267089921528
FAM3B,FAM3B,plasma,PROT,1,-0.1712436332145829,0.2349741426419376
FAM3C,FAM3C,plasma,PROT,1,-0.19078133566239666,0.2857604736738126
FAM3D,FAM3D,plasma,PROT,1,0.01911602846981695,0.6145944813710096
FAP,FAP,plasma,PROT,1,-0.08031984474175015,0.18467681833737917
FARSA,FARSA,plasma,PROT,1,-0.2572854584533299,0.5026664548035212
FAS,FAS,plasma,PROT,1,-0.2978079307440496,0.2815047139079222
FASLG,FASLG,plasma,PROT,1,0.06413995846154695,0.2100649626284411
FBLN2,FBLN2,plasma,PROT,1,-0.3284558679990619,0.2616345241372451
FBN2,FBN2,plasma,PROT,1,-2.3951777071744287,0.6624377633491461
FBP1,FBP1,plasma,PROT,1,0.0173306880319711,0.7158500772130698
FCAMR,FCAMR,plasma,PROT,1,0.1523881067677757,0.7838287692160362
FCAR,FCAR,plasma,PROT,1,0.0841895899564522,0.3643505307651691
FCER1A,FCER1A,plasma,PROT,1,0.0743653891258194,0.15746126295952736
FCER2,FCER2,plasma,PROT,1,-0.014822651538144499,0.37850190824072383
FCGR2A,FCGR2A,plasma,PROT,1,-0.01759049823825765,0.28010973010346946
FCGR2B,FCGR2B,plasma,PROT,1,0.10982319418597314,0.572429381846969
FCGR3B,FCGR3B,plasma,PROT,1,0.19403664676037513,0.3779255544938964
FCN1,FCN1,plasma,PROT,1,0.16513365789783035,0.6018097417261632
FCN2,FCN2,plasma,PROT,1,-0.0263535768371339,0.33419906300918223
FCRL1,FCRL1,plasma,PROT,1,0.38610750714342373,0.38095
FCRL2,FCRL2,plasma,PROT,1,0.07048184401947655,0.31042969444692387
FCRL3,FCRL3,plasma,PROT,1,0.10793806343418841,0.4257204971352002
FCRL5,FCRL5,plasma,PROT,1,0.14319238471279755,0.42094923967195175
FCRL6,FCRL6,plasma,PROT,1,0.08535856719369606,0.5021625862029109
FCRLB,FCRLB,plasma,PROT,1,-0.1036380337050267,0.28718803370502666
FDX1,FDX1,plasma,PROT,1,0.1649985127060812,0.5269858185466221
FDX2,FDX2,plasma,PROT,1,-0.0546051135135951,0.5932144100039953
FEN1,FEN1,plasma,PROT,1,-0.045985998641169396,0.3924243109784793
FES,FES,plasma,PROT,1,-0.087844068314764,0.4648999085417706
FETUB,FETUB,plasma,PROT,1,-0.276105947767496,0.2763122158951158
FGA,FGA,plasma,PROT,1,-0.1989952531889073,0.24788804935309675
FGD3,FGD3,plasma,PROT,1,-0.30679804166540725,0.8600817161960965
FGF12,FGF12,plasma,PROT,1,-0.012798370262186401,0.1815632472989675
FGF16,FGF16,plasma,PROT,1,-0.08958697292197175,0.5331984439496142
FGF19,FGF19,plasma,PROT,1,0.026389757141248,0.5846106000563469
FGF2,FGF2,plasma,PROT,1,-0.0756838228707656,0.28111637579638055
FGF20,FGF20,plasma,PROT,1,-0.0977520876686315,0.28480665102774066
FGF21,FGF21,plasma,PROT,1,-0.5784064976085534,1.6127716008580186
FGF23,FGF23,plasma,PROT,1,-0.7349363105953941,0.4647979060213453
FGF5,FGF5,plasma,PROT,1,0.1087180487839828,0.2907930487839828
FGF6,FGF6,plasma,PROT,1,0.11074770070030085,0.33586308954447586
FGF7,FGF7,plasma,PROT,1,0.010217180874764451,0.7827354871892579
FGF9,FGF9,plasma,PROT,1,-0.274169428790057,0.87674762969774
FGFBP1,FGFBP1,plasma,PROT,1,-0.3007797974597872,0.26108449772790204
FGFBP2,FGFBP2,plasma,PROT,1,-0.1488524104951905,0.40624704399779366
FGFBP3,FGFBP3,plasma,PROT,1,0.09124769668757304,0.197225
FGFR2,FGFR2,plasma,PROT,1,0.06806439252116195,0.20088279549716875
FGFR4,FGFR4,plasma,PROT,1,0.48259121840627084,0.5714127738860679
FGL1,FGL1,plasma,PROT,1,-0.5016017335647918,0.45945303255171666
FGR,FGR,plasma,PROT,1,-0.1687369723273825,0.49091638531949466
FH,FH,plasma,PROT,1,-0.09539030064041365,0.9353063260105429
FHIP2A,FHIP2A,plasma,PROT,1,0.06665520640404035,0.2715507023464316
FHIT,FHIT,plasma,PROT,1,-0.0985167765593504,0.5757057505460892
FIS1,FIS1,plasma,PROT,1,-0.34304922365790924,0.45524499289458004
FKBP14,FKBP14,plasma,PROT,1,-0.2164863023804084,0.4678614034348456
FKBP1B,FKBP1B,plasma,PROT,1,-0.0849378412434702,0.4439607766495936
FKBP4,FKBP4,plasma,PROT,1,-0.10892440741135395,0.32237448095042465
FKBP5,FKBP5,plasma,PROT,1,-0.15206254998902413,0.810917859210631
FKBP7,FKBP7,plasma,PROT,1,0.116379665198865,0.3805227346011739
FKBPL,FKBPL,plasma,PROT,1,-0.22056396934349498,0.3599920519832595
FLRT2,FLRT2,plasma,PROT,1,-0.05442996214584765,0.26915110006858
FLT1,FLT1,plasma,PROT,1,-0.040219209546764154,0.18818678061911676
FLT3,FLT3,plasma,PROT,1,0.30823739741069067,0.29087884379352846
FLT3LG,FLT3LG,plasma,PROT,1,-0.03101931203183525,0.19581801017799355
FLT4,FLT4,plasma,PROT,1,-0.9188651705269726,0.24911965419674198
FMNL1,FMNL1,plasma,PROT,1,0.07111091527082031,0.4779187023903557
FMR1,FMR1,plasma,PROT,1,-0.19303416867491424,0.7160536568181616
FN1,FN1,plasma,PROT,1,0.018109676292968953,0.21294717349077774
FNDC1,FNDC1,plasma,PROT,1,0.00375570884305535,0.3746
FNTA,FNTA,plasma,PROT,1,-0.17719915561161384,0.32010403926412806
FOLH1,FOLH1,plasma,PROT,1,-0.2500786236535138,0.5331793996707381
FOLR1,FOLR1,plasma,PROT,1,-0.5254765059972564,0.30552238851348257
FOLR2,FOLR2,plasma,PROT,1,0.01568912255866205,0.312167231898683
FOLR3,FOLR3,plasma,PROT,1,-4.051029403574937,0.3371889997934019
FOS,FOS,plasma,PROT,1,-0.1484770533137333,0.5909635093329428
FOSB,FOSB,plasma,PROT,1,-0.0376736886716836,0.21319310289758558
FOXJ3,FOXJ3,plasma,PROT,1,-0.1001461193143961,0.3313817864601103
FOXO1,FOXO1,plasma,PROT,1,-0.12495077441291944,0.5166657011045106
FOXO3,FOXO3,plasma,PROT,1,-0.1629551239558092,0.6188085241433461
FRMD4B,FRMD4B,plasma,PROT,1,-0.0130799573090792,0.6861884444034428
FRMD7,FRMD7,plasma,PROT,1,-0.0075399401039935995,0.22453994010399358
FRZB,FRZB,plasma,PROT,1,-0.10455891914345465,0.2136442764466443
FSHB,FSHB,plasma,PROT,1,-0.030375694519558048,0.09578305375262525
FST,FST,plasma,PROT,1,-0.8633830778575142,0.3934047254228718
FSTL1,FSTL1,plasma,PROT,1,-0.1306278893176488,0.1420825551245506
FSTL3,FSTL3,plasma,PROT,1,-0.22677617096393,0.30634326473208534
FTCD,FTCD,plasma,PROT,1,-0.46308900182690305,0.9813916103554411
FUCA1,FUCA1,plasma,PROT,1,-0.4300607732993599,0.5815624839396364
FURIN,FURIN,plasma,PROT,1,-0.5511392307691507,0.2725221218109294
FUS,FUS,plasma,PROT,1,-0.1956138454565445,0.30177550946197784
FUT1,FUT1,plasma,PROT,1,-0.18172707204734645,0.5336022866309784
FUT3_FUT5,FUT3_FUT5,plasma,PROT,1,-0.18640750397541328,0.29881078623612617
FUT8,FUT8,plasma,PROT,1,-0.2150947746587138,0.24860443477756167
FXN,FXN,plasma,PROT,1,-0.0481185846808991,0.27786152365379047
FXYD5,FXYD5,plasma,PROT,1,-0.10696888810586315,0.39894087543522416
FYB1,FYB1,plasma,PROT,1,-0.32571643065239086,0.7814008611997624
FZD10,FZD10,plasma,PROT,1,-0.042069978398608494,0.831245529451337
FZD8,FZD8,plasma,PROT,1,-0.13525070058032646,0.29322570058032643
GABARAP,GABARAP,plasma,PROT,1,0.0784,0.422253607908022
GABRA4,GABRA4,plasma,PROT,1,0.0001631133549274003,0.5681509753185511
GAD1,GAD1,plasma,PROT,1,-0.07890248573426556,0.3897565245686659
GAD2,GAD2,plasma,PROT,1,-0.05076893854158515,0.31334583356176526
GADD45B,GADD45B,plasma,PROT,1,-0.110905267648728,0.42951254867454514
GADD45GIP1,GADD45GIP1,plasma,PROT,1,0.00551808251295525,0.383986783007633
GAGE2A,GAGE2A,plasma,PROT,1,-0.11400579053569734,0.4325914976122399
GAL,GAL,plasma,PROT,1,0.18739884461185416,0.5033442057067921
GALNT10,GALNT10,plasma,PROT,1,-0.2623822574923737,0.20817921789338653
GALNT2,GALNT2,plasma,PROT,1,-0.1537288493421171,0.14771837497721002
GALNT3,GALNT3,plasma,PROT,1,-0.2702764805416422,0.3238025897147184
GALNT5,GALNT5,plasma,PROT,1,0.15693886625291234,0.34118886625291234
GALNT7,GALNT7,plasma,PROT,1,0.062067894462631557,0.1194578979749099
GAMT,GAMT,plasma,PROT,1,0.06670000804371284,0.2380005476312073
GAPDH,GAPDH,plasma,PROT,1,-0.24349259480991103,0.48744291352835367
GART,GART,plasma,PROT,1,-0.00031675318656314993,0.15785857572290563
GAS2,GAS2,plasma,PROT,1,-0.00671681682033345,0.3976206680501273
GAS6,GAS6,plasma,PROT,1,0.050738076481637945,0.36426755915517217
GASK1A,GASK1A,plasma,PROT,1,-0.1759310540970905,0.4850539154655343
GAST,GAST,plasma,PROT,1,-0.273990618101531,0.5465282757279825
GATA3,GATA3,plasma,PROT,1,-0.2282800917418213,0.4956099791775559
GATD3,GATD3,plasma,PROT,1,-0.03205,0.4635894814018569
GBA,GBA,plasma,PROT,1,-0.3073496136817796,0.3403278510896641
GBP1,GBP1,plasma,PROT,1,-0.13709312695934164,0.432427332746605
GBP2,GBP2,plasma,PROT,1,-0.19041630082260805,0.9057375038346859
GBP4,GBP4,plasma,PROT,1,0.023255823629619247,0.28076428245256013
GC,GC,plasma,PROT,1,-0.17457289070595472,0.3843609174377598
GCC1,GCC1,plasma,PROT,1,-0.2180586658197028,0.7563345697684453
GCG,GCG,plasma,PROT,1,-0.41324295495305663,1.0050862667948448
GCHFR,GCHFR,plasma,PROT,1,-0.16693131407806486,0.3578
GCLM,GCLM,plasma,PROT,1,0.034669881859385354,0.33678103941447557
GCNT1,GCNT1,plasma,PROT,1,-0.172078972162988,0.24376250882830452
GDF15,GDF15,plasma,PROT,1,-1.0349724826001663,0.44322090724064367
GDF2,GDF2,plasma,PROT,1,-0.06374843809735195,0.2966531717832078
GDNF,GDNF,plasma,PROT,1,0.01919797069965885,0.29611916426147566
GET3,GET3,plasma,PROT,1,-0.16818463626943947,0.3189547649237301
GFAP,GFAP,plasma,PROT,1,-0.00488745610802795,0.3099791956958061
GFER,GFER,plasma,PROT,1,-0.1806662217547706,0.35610959062602127
GFOD2,GFOD2,plasma,PROT,1,0.10017384450443526,0.5405584110476811
GFRA1,GFRA1,plasma,PROT,1,0.024399999999999998,0.18455693996845712
GFRA2,GFRA2,plasma,PROT,1,0.0209879297941326,0.1109049125434226
GFRA3,GFRA3,plasma,PROT,1,0.09340130352332005,0.1675
GFRAL,GFRAL,plasma,PROT,1,0.33079701835573466,0.47697350683323214
GGA1,GGA1,plasma,PROT,1,0.05696077844620635,0.3123892215537937
GGACT,GGACT,plasma,PROT,1,-0.13647582535377234,0.5185207199578388
GGCT,GGCT,plasma,PROT,1,-0.0401200015162452,0.39799287476678835
GGH,GGH,plasma,PROT,1,-0.0117365841632553,0.26605735706398126
GGT1,GGT1,plasma,PROT,1,0.504,0.4100088761941608
GGT5,GGT5,plasma,PROT,1,0.02009893546646535,0.1500698938689095
GH1,GH1,plasma,PROT,1,0.15310306831454445,0.3246549935962967
GH2,GH2,plasma,PROT,1,-0.16132443176269054,1.059899301563667
GHR,GHR,plasma,PROT,1,0.283179070621407,0.35410073222757626
GHRHR,GHRHR,plasma,PROT,1,0.06500522840631864,0.5773229523018599
GHRL,GHRL,plasma,PROT,1,0.1706883126284133,0.6794748537437869
GID8,GID8,plasma,PROT,1,-0.00274611145161485,0.22208224173371474
GIGYF2,GIGYF2,plasma,PROT,1,-0.1852362644596524,0.3364834338491456
GIMAP7,GIMAP7,plasma,PROT,1,0.06056987039904475,0.20100824713652318
GIMAP8,GIMAP8,plasma,PROT,1,-0.11955,0.4820001172159608
GIPC2,GIPC2,plasma,PROT,1,-0.02242472443000885,0.1761750966695367
GIPC3,GIPC3,plasma,PROT,1,0.00620447511786185,0.7988908662811038
GIT1,GIT1,plasma,PROT,1,-0.20715033778555464,0.6048942585654953
GJA8,GJA8,plasma,PROT,1,-0.10696533737066255,0.6372
GKN1,GKN1,plasma,PROT,1,-0.0022763991376566,0.1831581565582367
GLB1,GLB1,plasma,PROT,1,-0.3304944620169941,0.2978487750744113
GLI2,GLI2,plasma,PROT,1,0.0138928666940086,0.1186279636129891
GLO1,GLO1,plasma,PROT,1,-0.23087000727889326,0.42117524354410474
GLOD4,GLOD4,plasma,PROT,1,-0.1584235919132996,0.33280000000000004
GLP1R,GLP1R,plasma,PROT,1,-0.1195713001983975,0.6716
GLRX,GLRX,plasma,PROT,1,-0.02904338998913115,0.3687811447003594
GLRX5,GLRX5,plasma,PROT,1,-0.20551151949626262,0.4365367636214721
GLT8D2,GLT8D2,plasma,PROT,1,0.0178138156347085,0.3993953057568908
GLYR1,GLYR1,plasma,PROT,1,-0.16795,0.3922368256889458
GM2A,GM2A,plasma,PROT,1,-0.337476911974252,0.2410095439396573
GMFG,GMFG,plasma,PROT,1,-0.0596539021252402,0.6136445857810477
GMPR,GMPR,plasma,PROT,1,-0.046389273596091754,0.45482045975205504
GMPR2,GMPR2,plasma,PROT,1,-0.00202182477790825,0.4618458314071505
GNAS,GNAS,plasma,PROT,1,-0.10404987460243631,0.24443709493623028
GNE,GNE,plasma,PROT,1,-0.09012826517374095,0.28150353639038667
GNGT1,GNGT1,plasma,PROT,1,0.1200733549640085,0.4392943279299306
GNLY,GNLY,plasma,PROT,1,0.3690418887721274,0.3827855553117805
GNPDA1,GNPDA1,plasma,PROT,1,0.027910374677125697,0.22432715501099926
GNPDA2,GNPDA2,plasma,PROT,1,-0.18694548622631968,0.19512059591884567
GOLGA3,GOLGA3,plasma,PROT,1,-0.1347,0.5589471539964285
GOLM2,GOLM2,plasma,PROT,1,-0.18372309715181512,0.20583236316728287
GOPC,GOPC,plasma,PROT,1,-0.19118718322592326,0.7548568218542233
GORASP2,GORASP2,plasma,PROT,1,-0.1037256919748666,0.24778132334300335
GOT1,GOT1,plasma,PROT,1,-0.0424370446323363,0.2995236877941374
GP1BA,GP1BA,plasma,PROT,1,-0.1165308744587855,0.22039661907815078
GP1BB,GP1BB,plasma,PROT,1,-0.03424972404658965,0.376575
GP2,GP2,plasma,PROT,1,-0.0305069980752426,0.648198972878343
GP5,GP5,plasma,PROT,1,-0.07890438781765854,0.3689278827047202
GP6,GP6,plasma,PROT,1,-0.287509845595407,0.39897980644864706
GPA33,GPA33,plasma,PROT,1,0.5971213880539613,1.1258447224314025
GPC1,GPC1,plasma,PROT,1,0.0284575412899657,0.191125
GPC5,GPC5,plasma,PROT,1,0.2888030818989137,0.3116165427891461
GPD1,GPD1,plasma,PROT,1,-0.07072881947403581,0.432861481326982
GPHA2,GPHA2,plasma,PROT,1,0.0564399683152531,0.12180003630672395
GPI,GPI,plasma,PROT,1,-0.11233669978068195,0.2782526850560685
GPIHBP1,GPIHBP1,plasma,PROT,1,0.059300000000000005,0.3713451217428586
GPKOW,GPKOW,plasma,PROT,1,-0.04005,0.174047636467525
GPNMB,GPNMB,plasma,PROT,1,-0.24539670572864092,0.24992309990898248
GPR101,GPR101,plasma,PROT,1,0.02336127528636775,0.5916443396871238
GPR158,GPR158,plasma,PROT,1,0.124577990967262,0.2829629266981223
GPR15L,GPR15L,plasma,PROT,1,0.12037206181995655,0.6116937050716695
GPR37,GPR37,plasma,PROT,1,-0.8459197517777002,0.4320189983794276
GPRC5C,GPRC5C,plasma,PROT,1,-0.40745456064825514,0.8024521924240423
GRAP2,GRAP2,plasma,PROT,1,-0.3233183871581644,0.7995432345874279
GRHPR,GRHPR,plasma,PROT,1,-0.17988746034954484,0.4890537435533151
GRIK2,GRIK2,plasma,PROT,1,0.047454344986150504,0.365408311604674
GRIN2B,GRIN2B,plasma,PROT,1,0.02255459671199685,0.2821843067187966
GRK5,GRK5,plasma,PROT,1,0.057471667817702646,0.6017933306272845
GRN,GRN,plasma,PROT,1,-0.833424897489262,0.23196548999078392
GRP,GRP,plasma,PROT,1,-0.32755,0.44455081192129164
GRPEL1,GRPEL1,plasma,PROT,1,-0.0264392939709941,0.41457773280115573
GRSF1,GRSF1,plasma,PROT,1,-0.1038889254734364,0.6099654191786529
GSAP,GSAP,plasma,PROT,1,-0.0638921375819243,0.5982403178674858
GSN,GSN,plasma,PROT,1,0.1088515233554978,0.13702511060180725
GSR,GSR,plasma,PROT,1,0.0181254513117316,0.20576803430155288
GSTA1,GSTA1,plasma,PROT,1,-0.0195,1.1440000000000001
GSTA3,GSTA3,plasma,PROT,1,-0.5795809566547756,0.4703755785824816
GSTM4,GSTM4,plasma,PROT,1,-0.01013201944841635,0.44226699278326387
GSTP1,GSTP1,plasma,PROT,1,0.048767392552289554,0.5115028238095621
GSTT2B,GSTT2B,plasma,PROT,1,-0.4519250954994032,1.5478750954994034
GTF2IRD1,GTF2IRD1,plasma,PROT,1,-0.0202593588987563,0.33689890770253583
GTPBP2,GTPBP2,plasma,PROT,1,-0.1995249002741542,0.6143500000000001
GUCA2A,GUCA2A,plasma,PROT,1,-0.00935,0.3551728525658155
GUCY2C,GUCY2C,plasma,PROT,1,0.005837695191928,0.5261902970254875
GUK1,GUK1,plasma,PROT,1,-0.0259461818992735,0.3873349526354567
GUSB,GUSB,plasma,PROT,1,-0.8200241866161199,0.49280185201157534
GYS1,GYS1,plasma,PROT,1,-0.0187950915939908,0.7280110729107396
GZMA,GZMA,plasma,PROT,1,0.28396960795172643,0.26556540811473417
GZMB,GZMB,plasma,PROT,1,0.1884473217125642,0.3767396827120081
GZMH,GZMH,plasma,PROT,1,0.10669999999999999,0.5777194988899071
H2AP,H2AP,plasma,PROT,1,-0.0575188312048303,0.31794516001511247
HADH,HADH,plasma,PROT,1,-0.0624832771703255,0.35775
HAGH,HAGH,plasma,PROT,1,0.17991506061378676,0.47851433040121877
HAO1,HAO1,plasma,PROT,1,-0.43861979580160015,1.000288481419291
HARS1,HARS1,plasma,PROT,1,-0.08392090498277895,0.2610635019369004
HAVCR1,HAVCR1,plasma,PROT,1,-0.4958300400941027,0.5021239073981318
HAVCR2,HAVCR2,plasma,PROT,1,-0.01529985066920395,0.2960429877067152
HBEGF,HBEGF,plasma,PROT,1,-0.02418579581132055,0.45305781379173454
HBQ1,HBQ1,plasma,PROT,1,0.13058343875071535,0.31265781087879024
HBZ,HBZ,plasma,PROT,1,0.18144796149606524,0.7575031802850826
HCG22,HCG22,plasma,PROT,1,0.1183388993921128,0.4379943651580196
HCLS1,HCLS1,plasma,PROT,1,-0.2849225138821442,0.49195931144978705
HDAC8,HDAC8,plasma,PROT,1,0.16246571445155422,0.728027078889311
HDAC9,HDAC9,plasma,PROT,1,0.268630333785206,0.7488014302087369
HDDC2,HDDC2,plasma,PROT,1,0.01403264894854835,0.1384621142756311
HDGF,HDGF,plasma,PROT,1,-0.25313988117219854,0.6240195295342656
HDGFL2,HDGFL2,plasma,PROT,1,-0.13926435016366873,0.4420943986833544
HEG1,HEG1,plasma,PROT,1,-0.22326829765935766,0.2886998352151475
HEPACAM2,HEPACAM2,plasma,PROT,1,0.16263597227068535,0.37969622204732634
HEPH,HEPH,plasma,PROT,1,-0.0032,0.17370102757537256
HEXIM1,HEXIM1,plasma,PROT,1,-0.3743961906767249,0.5108077051876203
HGFAC,HGFAC,plasma,PROT,1,0.5274275378045309,0.26310778971532756
HGS,HGS,plasma,PROT,1,-0.08349206036194834,0.3909
HHEX,HHEX,plasma,PROT,1,-0.5276666117492987,0.46940911057230184
HIF1A,HIF1A,plasma,PROT,1,0.0585369862215234,0.4935
HIP1,HIP1,plasma,PROT,1,0.023399999999999997,0.25397389924640085
HIP1R,HIP1R,plasma,PROT,1,-0.2300669538972758,0.26826925017398756
HJV,HJV,plasma,PROT,1,-0.39823440760378126,0.3128749772572565
HK2,HK2,plasma,PROT,1,-0.00399272760400015,0.47186649512954376
HLA-A,HLA-A,plasma,PROT,1,-0.0485343253440463,0.3535326486749399
HLA-DRA,HLA-DRA,plasma,PROT,1,0.027568436050527702,0.36592046959198643
HLA-E,HLA-E,plasma,PROT,1,0.03841295520100245,0.1529504768137113
HMBS,HMBS,plasma,PROT,1,0.038870379467671995,0.4320230340634711
HMCN2,HMCN2,plasma,PROT,1,-0.16055708130886365,0.29926442350202775
HMGCL,HMGCL,plasma,PROT,1,-0.06996757937744211,0.43885
HMGCS1,HMGCS1,plasma,PROT,1,0.13866316753111063,0.4516501662284138
HMMR,HMMR,plasma,PROT,1,-0.12434135964839269,0.44467702065395154
HMOX1,HMOX1,plasma,PROT,1,0.27395,0.3345395210522585
HMOX2,HMOX2,plasma,PROT,1,-0.16176205914634745,0.3019803588737498
HNF1A,HNF1A,plasma,PROT,1,-0.0173636770858644,0.45773754892806906
HNMT,HNMT,plasma,PROT,1,-0.10534272443738271,0.47436440442765776
HNRNPK,HNRNPK,plasma,PROT,1,-0.3829259223594757,0.6044
HNRNPUL1,HNRNPUL1,plasma,PROT,1,-0.1564404946580275,0.33106202672978013
HPCAL1,HPCAL1,plasma,PROT,1,-0.00904781269317945,0.5797281043218068
HPGDS,HPGDS,plasma,PROT,1,0.10095069767095605,0.309833261339882
HPSE,HPSE,plasma,PROT,1,-0.2247,0.7590041928364498
HRAS,HRAS,plasma,PROT,1,0.09807750212197115,0.7807470903653049
HRC,HRC,plasma,PROT,1,0.057800000000000004,0.22139439406087658
HRG,HRG,plasma,PROT,1,0.5135596832621661,0.34307239940594253
HS1BP3,HS1BP3,plasma,PROT,1,-0.3205011947610512,0.46511728422363185
HS3ST3B1,HS3ST3B1,plasma,PROT,1,-0.26668405566274267,0.27007500000000007
HS6ST1,HS6ST1,plasma,PROT,1,-0.4529123539334769,0.2829415883584866
HS6ST2,HS6ST2,plasma,PROT,1,-0.31676876338002113,0.27726022123791505
HSBP1,HSBP1,plasma,PROT,1,-0.24010655603904396,0.4068787240551075
HSD11B1,HSD11B1,plasma,PROT,1,-0.0751,0.2587408166027507
HSD17B14,HSD17B14,plasma,PROT,1,-0.43584052563307274,0.48130992167082703
HSD17B3,HSD17B3,plasma,PROT,1,0.022888935898766498,0.42426234697309095
HSDL2,HSDL2,plasma,PROT,1,-0.060542678028282254,0.441431400113629
HSP90B1,HSP90B1,plasma,PROT,1,0.12885487571606655,0.6995363388786355
HSPA1A,HSPA1A,plasma,PROT,1,-0.06468345837149325,0.2297570273606002
HSPA2,HSPA2,plasma,PROT,1,-0.12005004951086165,0.2368477546468994
HSPB1,HSPB1,plasma,PROT,1,-0.4767988567478982,0.5709102602807385
HSPB6,HSPB6,plasma,PROT,1,-1.020094876057271,0.246544876057271
HSPG2,HSPG2,plasma,PROT,1,-0.16849770861406754,0.19381543818176689
HTR1A,HTR1A,plasma,PROT,1,0.0957003156912592,0.9308782373735277
HTRA2,HTRA2,plasma,PROT,1,0.041539786882257,0.373664786882257
HYAL1,HYAL1,plasma,PROT,1,-0.3335,0.1992878159986747
HYOU1,HYOU1,plasma,PROT,1,-0.19383655864089694,0.16600684325082488
ICA1,ICA1,plasma,PROT,1,-0.19873389707653183,0.4722831920035414
ICAM1,ICAM1,plasma,PROT,1,-0.01677107048994035,0.3270521644375791
ICAM2,ICAM2,plasma,PROT,1,0.11153946560965991,0.2788894656096599
ICAM3,ICAM3,plasma,PROT,1,0.2024397155785002,0.23184106102512914
ICAM4,ICAM4,plasma,PROT,1,0.0620156240904335,0.31527450280479685
ICAM5,ICAM5,plasma,PROT,1,0.1664,0.3713419108571666
ICOSLG,ICOSLG,plasma,PROT,1,0.01337090042118625,0.1303577474140933
ID4,ID4,plasma,PROT,1,-0.07552676359017979,0.4167
IDI2,IDI2,plasma,PROT,1,-0.087470690414267,0.2620738550970588
IDO1,IDO1,plasma,PROT,1,0.024270487304519653,0.3294247684105641
IDUA,IDUA,plasma,PROT,1,-0.1206759185335189,0.26346998887558826
IFI30,IFI30,plasma,PROT,1,-0.4532279312764981,0.28646256338396103
IFIT3,IFIT3,plasma,PROT,1,-0.19554999999999995,0.36098164261582105
IFNAR1,IFNAR1,plasma,PROT,1,-0.052790333657451005,0.17072781537015863
IFNG,IFNG,plasma,PROT,1,0.17820088393970995,0.6088633701431784
IFNGR1,IFNGR1,plasma,PROT,1,-0.2410748042608778,0.1763248042608778
IFNGR2,IFNGR2,plasma,PROT,1,-0.5337214260934449,0.3531661671790324
IFNL1,IFNL1,plasma,PROT,1,-0.046875,0.5678414230490699
IFNL2,IFNL2,plasma,PROT,1,0.206375,0.6139031795101044
IFNLR1,IFNLR1,plasma,PROT,1,0.12635867053016595,0.33851903037071607
IFNW1,IFNW1,plasma,PROT,1,0.07775471011684729,0.34943758556748344
IFT20,IFT20,plasma,PROT,1,-0.18879297708615117,0.3831656195450314
IGBP1,IGBP1,plasma,PROT,1,-0.0517045643430636,0.44678240762370414
IGDCC3,IGDCC3,plasma,PROT,1,-0.1006008950008058,0.3603291822686308
IGDCC4,IGDCC4,plasma,PROT,1,-0.2959423116077533,0.3632317183708289
IGF1R,IGF1R,plasma,PROT,1,-0.023930011935409,0.134380011935409
IGF2BP3,IGF2BP3,plasma,PROT,1,-0.02210439533163425,0.3414465769657382
IGF2R,IGF2R,plasma,PROT,1,-0.4000531528215156,0.17100158192975046
IGFBP1,IGFBP1,plasma,PROT,1,-0.818425,0.7868249999999999
IGFBP2,IGFBP2,plasma,PROT,1,-0.09179783907924825,0.6154413705598454
IGFBP3,IGFBP3,plasma,PROT,1,-0.1505406783416367,0.2820826390076756
IGFBP4,IGFBP4,plasma,PROT,1,-1.0199624918830088,0.42869650824067773
IGFBP6,IGFBP6,plasma,PROT,1,-0.09158659136881131,0.2797737658988215
IGFBP7,IGFBP7,plasma,PROT,1,0.17967499999999995,0.17418256290457668
IGFBPL1,IGFBPL1,plasma,PROT,1,-0.4498918819428192,0.28192542050470926
IGFL4,IGFL4,plasma,PROT,1,0.10696472785869385,0.6740356790569073
IGHMBP2,IGHMBP2,plasma,PROT,1,-0.0903506680824302,0.4685636722124975
IGLC2,IGLC2,plasma,PROT,1,-0.0006412831401806001,0.1264198090104119
IGLON5,IGLON5,plasma,PROT,1,-0.0452886616490872,0.44851879558006036
IGSF21,IGSF21,plasma,PROT,1,0.08940548842541224,0.27071195053320873
IGSF3,IGSF3,plasma,PROT,1,-2.387770606803114,0.33634241398213915
IGSF9,IGSF9,plasma,PROT,1,-1.57785,1.0036959693401633
IKBKG,IKBKG,plasma,PROT,1,-0.3526502169431929,0.5761994500531605
IKZF2,IKZF2,plasma,PROT,1,-0.0905249201493601,0.5415706439603922
IL10,IL10,plasma,PROT,1,-0.193625,0.5139682272119449
IL10RA,IL10RA,plasma,PROT,1,0.0022948940131657,0.2629375502377813
IL10RB,IL10RB,plasma,PROT,1,-0.48250770228374124,0.28441437990229645
IL11,IL11,plasma,PROT,1,-0.23628576675231994,0.5363566303442397
IL12A_IL12B,IL12A_IL12B,plasma,PROT,1,0.2893900042102277,0.4839848971000968
IL12B,IL12B,plasma,PROT,1,0.22418897695974324,0.31811835722234794
IL12RB1,IL12RB1,plasma,PROT,1,-0.01496182539593855,0.30366190180331876
IL12RB2,IL12RB2,plasma,PROT,1,-0.032883214240134795,0.5115571349095157
IL13,IL13,plasma,PROT,1,0.0568053605877789,0.4594875713669475
IL13RA1,IL13RA1,plasma,PROT,1,0.00245526003850775,0.22422086618838472
IL13RA2,IL13RA2,plasma,PROT,1,0.10948672604200375,0.607785059724406
IL15,IL15,plasma,PROT,1,-0.0641638546737887,0.14373080961034346
IL15RA,IL15RA,plasma,PROT,1,-0.1893454034053022,0.2539727134776743
IL16,IL16,plasma,PROT,1,0.0622423115404655,0.22939405043551103
IL17A,IL17A,plasma,PROT,1,0.25057095782539673,0.5518685091338682
IL17C,IL17C,plasma,PROT,1,-0.39138546368966504,0.37152859810828276
IL17D,IL17D,plasma,PROT,1,0.06605,0.19143843059174703
IL17F,IL17F,plasma,PROT,1,0.26133331348251654,0.7853333134825164
IL17RA,IL17RA,plasma,PROT,1,0.009809005020233099,0.2527507933190859
IL17RB,IL17RB,plasma,PROT,1,0.3679462800121672,0.44575014197979523
IL18,IL18,plasma,PROT,1,-0.4141298454974426,0.4326585217200824
IL18BP,IL18BP,plasma,PROT,1,-0.2313234166432907,0.21444659207648825
IL18R1,IL18R1,plasma,PROT,1,-0.06611482353819714,0.31771663631524383
IL18RAP,IL18RAP,plasma,PROT,1,0.19996778423635553,1.4755442551274294
IL19,IL19,plasma,PROT,1,-0.5184942017573817,0.45007235025828446
IL1A,IL1A,plasma,PROT,1,0.0221613485707551,0.23162867425321393
IL1B,IL1B,plasma,PROT,1,0.0188998796881717,0.34715012031182835
IL1R1,IL1R1,plasma,PROT,1,-0.46845266170214656,0.2151341774470788
IL1R2,IL1R2,plasma,PROT,1,0.11495,0.18233292544907478
IL1RAP,IL1RAP,plasma,PROT,1,-0.33731879501327766,0.3805812049867224
IL1RL1,IL1RL1,plasma,PROT,1,-0.3087778948671171,0.3154287847542846
IL1RL2,IL1RL2,plasma,PROT,1,0.7557899447362361,0.4655355034094697
IL1RN,IL1RN,plasma,PROT,1,-0.34410530708845655,0.5272946929115434
IL2,IL2,plasma,PROT,1,0.15375,0.4239835131710554
IL20,IL20,plasma,PROT,1,-0.1290373938502503,0.26413442306766577
IL20RA,IL20RA,plasma,PROT,1,-0.23883065535089743,0.3120339880283541
IL20RB,IL20RB,plasma,PROT,1,0.06152201830460975,0.14311863769356292
IL21R,IL21R,plasma,PROT,1,0.01258437184173625,0.1838018957391346
IL22,IL22,plasma,PROT,1,0.31595243962709396,0.5664945414921254
IL22RA1,IL22RA1,plasma,PROT,1,-0.34719564929282043,0.5509908348685486
IL24,IL24,plasma,PROT,1,-0.19778502917695445,0.22388033696526896
IL25,IL25,plasma,PROT,1,-0.16099142093460733,0.48334860854594286
IL2RA,IL2RA,plasma,PROT,1,0.015221651030971999,0.35635181724908144
IL2RB,IL2RB,plasma,PROT,1,-0.02265110761108245,0.3479355604930352
IL2RG,IL2RG,plasma,PROT,1,0.040532317240763546,0.2615788704918298
IL3,IL3,plasma,PROT,1,-0.18871154162167164,1.5350046572936573
IL31,IL31,plasma,PROT,1,0.1097748723547726,0.4877165843028576
IL31RA,IL31RA,plasma,PROT,1,-0.077975,0.298375
IL32,IL32,plasma,PROT,1,0.18068864255576939,0.2828067404831942
IL33,IL33,plasma,PROT,1,-0.05933610363743195,0.2290934724127121
IL34,IL34,plasma,PROT,1,0.06512971474614695,0.46645227263904526
IL36A,IL36A,plasma,PROT,1,0.1003050350582597,0.6052097398466794
IL36G,IL36G,plasma,PROT,1,0.09143144009516316,0.3741953322351512
IL3RA,IL3RA,plasma,PROT,1,0.096123336423862,0.2601630362837844
IL4,IL4,plasma,PROT,1,-0.338394831676583,1.7231658785271522
IL4R,IL4R,plasma,PROT,1,-0.6445649403236462,0.34664703799004637
IL5,IL5,plasma,PROT,1,0.7931495577304706,1.1886916287812372
IL5RA,IL5RA,plasma,PROT,1,-0.0715135406038622,0.32911034046727317
IL6,IL6,plasma,PROT,1,-0.4060677243170962,0.6205586562596536
IL6R,IL6R,plasma,PROT,1,0.06632322475860195,0.43386338634869204
IL6ST,IL6ST,plasma,PROT,1,0.046450000000000005,0.22823629692283703
IL7,IL7,plasma,PROT,1,-0.1012879325457755,0.47176078949880196
IL7R,IL7R,plasma,PROT,1,0.0213358226234781,0.3759141773765219
IL9,IL9,plasma,PROT,1,-0.01239509378054455,0.6042748022639468
ILKAP,ILKAP,plasma,PROT,1,-0.11356480429910695,0.38791237731366046
IMMT,IMMT,plasma,PROT,1,-0.0661972220819954,0.46018532572635346
IMPA1,IMPA1,plasma,PROT,1,-0.0516748475004094,0.28281718291216185
IMPACT,IMPACT,plasma,PROT,1,-0.1150697820065695,0.36381606594093346
IMPG1,IMPG1,plasma,PROT,1,0.0437451537285318,0.1960243455201871
ING1,ING1,plasma,PROT,1,-0.0690842538323454,0.4103392089842489
INHBB,INHBB,plasma,PROT,1,-0.239483904846969,0.33903146377654725
INHBC,INHBC,plasma,PROT,1,-0.65855,0.4021203829699439
INPP1,INPP1,plasma,PROT,1,-0.120764673023756,0.30713245490860097
INPP5D,INPP5D,plasma,PROT,1,-0.08820093677731919,0.35335628104417005
INPP5J,INPP5J,plasma,PROT,1,0.06500160564826946,0.3391083008073049
INPPL1,INPPL1,plasma,PROT,1,-0.37970295562054246,0.6218501097120115
INSL3,INSL3,plasma,PROT,1,-0.00011606292669015007,0.16556230555534657
INSL4,INSL4,plasma,PROT,1,-1.90366340029819,0.5958251123516936
INSL5,INSL5,plasma,PROT,1,-0.18094067624084714,0.737724809696723
INSR,INSR,plasma,PROT,1,-0.09940196668897905,0.10907753583664499
IPCEF1,IPCEF1,plasma,PROT,1,-0.1523453017574081,0.5545498827875752
IQGAP2,IQGAP2,plasma,PROT,1,-0.11587454950733445,0.48612228790768885
IRAG2,IRAG2,plasma,PROT,1,-0.13564759664825288,0.47173888379365503
IRAK1,IRAK1,plasma,PROT,1,-0.1256918777006609,0.41396434926724257
IRAK4,IRAK4,plasma,PROT,1,-0.151525,0.8560486523114219
ISLR2,ISLR2,plasma,PROT,1,0.32346638463291594,0.3507000877633494
ISM1,ISM1,plasma,PROT,1,-0.31847036497845616,0.2528615609838215
ISM2,ISM2,plasma,PROT,1,0.0970894724336335,0.4141546084743194
IST1,IST1,plasma,PROT,1,-0.106418358126143,0.5469552524098931
ITGA11,ITGA11,plasma,PROT,1,0.3238770628498282,0.27489792760613324
ITGA2,ITGA2,plasma,PROT,1,-0.09907493127221789,0.3106695121741721
ITGA5,ITGA5,plasma,PROT,1,-0.09415,0.22379586494432513
ITGA6,ITGA6,plasma,PROT,1,0.053351962394764696,0.24375047206130546
ITGAL,ITGAL,plasma,PROT,1,-0.00023844001773929997,0.5983088961608822
ITGAM,ITGAM,plasma,PROT,1,0.061558374076723696,0.2950786924959583
ITGAV,ITGAV,plasma,PROT,1,0.0226509345255791,0.17086539330922024
ITGAX,ITGAX,plasma,PROT,1,-0.07655471703729816,1.1772113988523691
ITGB1,ITGB1,plasma,PROT,1,0.03400339309980435,0.1875259519951252
ITGB1BP1,ITGB1BP1,plasma,PROT,1,0.06768139352981485,0.5044562044743637
ITGB1BP2,ITGB1BP2,plasma,PROT,1,-0.07141739814619144,0.8917879232097552
ITGB2,ITGB2,plasma,PROT,1,0.0142876789125659,0.30582750715733603
ITGB5,ITGB5,plasma,PROT,1,0.09400552534722575,0.290693111749462
ITGB6,ITGB6,plasma,PROT,1,-0.25065509288466836,0.2562882739691247
ITGB7,ITGB7,plasma,PROT,1,0.023792220410115947,0.32287967182892907
ITGBL1,ITGBL1,plasma,PROT,1,0.14740146518750205,0.3347605905684965
ITIH1,ITIH1,plasma,PROT,1,-0.14006142418365394,0.1632424831668244
ITIH3,ITIH3,plasma,PROT,1,-0.12152550235274215,0.3641
ITIH4,ITIH4,plasma,PROT,1,-0.1583435971206239,0.26377146719712896
ITIH5,ITIH5,plasma,PROT,1,-0.3238068296240795,0.3621931703759205
ITM2A,ITM2A,plasma,PROT,1,-0.0074617665794214,0.3071455611983382
ITPA,ITPA,plasma,PROT,1,-0.1254262110689092,0.42458422541510976
ITPR1,ITPR1,plasma,PROT,1,-0.0247594351904437,0.42893219671561045
ITPRIP,ITPRIP,plasma,PROT,1,0.03880362497698595,0.34722760281014836
IVD,IVD,plasma,PROT,1,0.14114650041762733,0.512267582721876
IZUMO1,IZUMO1,plasma,PROT,1,-0.036425,0.6303757495516842
JAM2,JAM2,plasma,PROT,1,-0.07562167334384945,0.24475044104842014
JAM3,JAM3,plasma,PROT,1,-0.01307526373559465,0.25625
JCHAIN,JCHAIN,plasma,PROT,1,-0.11524311169460005,0.33995260694174384
JMJD1C,JMJD1C,plasma,PROT,1,-0.07061046975720495,0.44332499999999997
JPT2,JPT2,plasma,PROT,1,-0.15070975518320495,0.5100652209208507
JUN,JUN,plasma,PROT,1,-0.012453801722165099,0.32768911322619343
KAZALD1,KAZALD1,plasma,PROT,1,-0.08736662570945355,0.2904815923964232
KAZN,KAZN,plasma,PROT,1,-0.2138059077301179,0.7586694045682134
KCNC4,KCNC4,plasma,PROT,1,0.15696056194418023,0.653792820199321
KCNIP4,KCNIP4,plasma,PROT,1,0.0089165078837109,0.35826272278058596
KCTD5,KCTD5,plasma,PROT,1,-0.17283652971863617,0.2710365297186362
KDM3A,KDM3A,plasma,PROT,1,-0.08695887768231995,0.4673616939472488
KDR,KDR,plasma,PROT,1,-0.0535914656535572,0.26481357804108696
KEL,KEL,plasma,PROT,1,0.03592720630688285,0.27327414716787485
KHDC3L,KHDC3L,plasma,PROT,1,-0.01464736988165815,0.7631940300666955
KHK,KHK,plasma,PROT,1,-0.167517718302523,0.7918394981608056
KIAA0319,KIAA0319,plasma,PROT,1,-1.0478999999999998,0.24808585239445397
KIAA1549,KIAA1549,plasma,PROT,1,-0.2698451322763237,0.9162318249544842
KIAA1549L,KIAA1549L,plasma,PROT,1,0.01542384537271935,0.24343283927782575
KIAA2013,KIAA2013,plasma,PROT,1,0.09077451781480131,0.42272570038576496
KIF1C,KIF1C,plasma,PROT,1,-0.2004177914109991,0.3039186296845368
KIF20B,KIF20B,plasma,PROT,1,-0.0835374048357841,0.7218874048357841
KIF22,KIF22,plasma,PROT,1,-0.14497772640353096,0.9539201575795395
KIR2DL2,KIR2DL2,plasma,PROT,1,0.13983127959678565,0.6425749667532422
KIR2DL3,KIR2DL3,plasma,PROT,1,0.19095630346445358,0.44128359610613704
KIR2DS4,KIR2DS4,plasma,PROT,1,1.4405218882453021,1.988340429090579
KIR3DL1,KIR3DL1,plasma,PROT,1,-0.0163319869818874,0.7361083083562635
KIR3DL2,KIR3DL2,plasma,PROT,1,-0.0144638267483918,0.7940940294534337
KIRREL1,KIRREL1,plasma,PROT,1,-0.06016301776603885,0.2661944214186007
KIRREL2,KIRREL2,plasma,PROT,1,0.3092934888904253,0.36270789042193985
KIT,KIT,plasma,PROT,1,0.4028360404316187,0.24468911187212933
KITLG,KITLG,plasma,PROT,1,0.0871,0.32727853060347667
KLB,KLB,plasma,PROT,1,-0.0137162596559753,0.5733830782096325
KLF4,KLF4,plasma,PROT,1,-0.1988548737546051,0.31886430373889724
KLHL41,KLHL41,plasma,PROT,1,-0.10678908395879975,0.2542528602788766
KLK1,KLK1,plasma,PROT,1,0.23664268682529135,0.7232510714453764
KLK10,KLK10,plasma,PROT,1,0.1702958594312648,0.31456462472442503
KLK11,KLK11,plasma,PROT,1,-0.08786407993315545,0.20475325197480165
KLK12,KLK12,plasma,PROT,1,-0.10469510029792481,0.8433595842041093
KLK13,KLK13,plasma,PROT,1,0.08955490391110354,0.28978548066055154
KLK14,KLK14,plasma,PROT,1,0.19608478183326572,0.29875938058097956
KLK15,KLK15,plasma,PROT,1,0.1384358126118529,0.2344576662822085
KLK3,KLK3,plasma,PROT,1,0.013051997247292401,0.20448304054863048
KLK4,KLK4,plasma,PROT,1,0.058752046885450646,0.5451571320159251
KLK6,KLK6,plasma,PROT,1,0.1495185937167107,0.3990579191644618
KLK7,KLK7,plasma,PROT,1,0.25197294896392114,0.3156907630083544
KLK8,KLK8,plasma,PROT,1,-0.0104020153746975,0.3157680459498015
KLKB1,KLKB1,plasma,PROT,1,-0.0650385208696685,0.214825
KLRB1,KLRB1,plasma,PROT,1,-0.09997017013300585,0.26327870140499754
KLRC1,KLRC1,plasma,PROT,1,0.036545513820953404,0.5253385194275895
KLRD1,KLRD1,plasma,PROT,1,-0.12787252201021748,0.24445129016487085
KLRF1,KLRF1,plasma,PROT,1,-0.009711055489304,0.12269308276007654
KLRK1,KLRK1,plasma,PROT,1,0.12004675809797694,0.29798291308062924
KRT14,KRT14,plasma,PROT,1,-0.0277651478783753,0.27388020657659023
KRT18,KRT18,plasma,PROT,1,-0.8355008865433036,0.39425392329485137
KRT19,KRT19,plasma,PROT,1,-0.17558536814453413,0.43581476593922874
KRT5,KRT5,plasma,PROT,1,0.01585492487093005,0.4998094484901938
KRT6C,KRT6C,plasma,PROT,1,0.0293231877294491,0.3295443889368399
KRT8,KRT8,plasma,PROT,1,-0.8665499999999999,0.9312835233736024
KYAT1,KYAT1,plasma,PROT,1,-0.27598803368690045,0.36151952421794414
KYNU,KYNU,plasma,PROT,1,0.1116902131451255,0.3443
L1CAM,L1CAM,plasma,PROT,1,-0.07520099003149655,0.2312845027439178
L3HYPDH,L3HYPDH,plasma,PROT,1,-0.1884366842138155,0.49711550269078925
LACRT,LACRT,plasma,PROT,1,-0.00769841144538695,0.5501294423885864
LACTB2,LACTB2,plasma,PROT,1,-0.15695859429393277,0.3891771843497948
LAG3,LAG3,plasma,PROT,1,-0.1552871520966184,0.35529220444619086
LAIR1,LAIR1,plasma,PROT,1,-0.21716958857031493,0.29376813777411703
LAIR2,LAIR2,plasma,PROT,1,1.8342062300209676,0.7916585725852293
LAMA1,LAMA1,plasma,PROT,1,-0.0233746688427999,0.5813362387782331
LAMA4,LAMA4,plasma,PROT,1,-0.1105485071590931,0.3481
LAMB1,LAMB1,plasma,PROT,1,0.054490394035685,0.22485368088872473
LAMP1,LAMP1,plasma,PROT,1,0.017225,0.18648394786424924
LAMP2,LAMP2,plasma,PROT,1,0.1564925345015859,0.16986012977651016
LAMP3,LAMP3,plasma,PROT,1,0.1006119355497791,0.2903
LAMTOR5,LAMTOR5,plasma,PROT,1,-0.0033700976557532,0.34389171792444884
LAP3,LAP3,plasma,PROT,1,-0.0938905206531465,0.47211273974550927
LARP1,LARP1,plasma,PROT,1,-0.3160231678647306,0.4731749033553914
LAT,LAT,plasma,PROT,1,-0.0763796803314601,0.8219822415079844
LAT2,LAT2,plasma,PROT,1,-0.0071024197469619,0.41402061728293527
LATS1,LATS1,plasma,PROT,1,-0.2928204845816338,0.6340522160275859
LAYN,LAYN,plasma,PROT,1,-0.24285537538852045,0.24798913726951355
LBP,LBP,plasma,PROT,1,-0.395125,0.48462419847775756
LBR,LBR,plasma,PROT,1,-0.3157820504045022,0.4225846330999946
LCAT,LCAT,plasma,PROT,1,-0.28030733714946265,0.2608437804341214
LCN15,LCN15,plasma,PROT,1,-0.3632032187762766,0.4826609399753098
LCN2,LCN2,plasma,PROT,1,-0.11335627981880575,0.24124859530516268
LCP1,LCP1,plasma,PROT,1,0.0944780826685349,0.36291175978188905
LDLR,LDLR,plasma,PROT,1,-0.41509168616690895,0.5041397293716894
LDLRAP1,LDLRAP1,plasma,PROT,1,-0.16020758624776787,0.8055091754654905
LECT2,LECT2,plasma,PROT,1,0.016298521512791653,0.637069198121045
LEFTY2,LEFTY2,plasma,PROT,1,-0.18112012757658902,0.35882744647241044
LEG1,LEG1,plasma,PROT,1,-0.0471882466922862,0.3608534646147868
LEO1,LEO1,plasma,PROT,1,-0.0580923312760509,0.5222005691121592
LEP,LEP,plasma,PROT,1,-0.32491871132556094,0.7586473287745712
LEPR,LEPR,plasma,PROT,1,-0.1898846274012982,0.3563387845100193
LETM1,LETM1,plasma,PROT,1,-0.1222445881026747,0.5366975609732997
LGALS1,LGALS1,plasma,PROT,1,-0.13502227432644495,0.29458066110581693
LGALS3,LGALS3,plasma,PROT,1,-0.1265,0.2637469627480023
LGALS3BP,LGALS3BP,plasma,PROT,1,-0.4413417650274706,0.2990729728422768
LGALS4,LGALS4,plasma,PROT,1,-0.3566063262294793,0.3936766363104962
LGALS7_LGALS7B,LGALS7_LGALS7B,plasma,PROT,1,0.08518647122210024,0.2695107343725298
LGALS8,LGALS8,plasma,PROT,1,-0.16250281747483,0.3105903044939696
LGALS9,LGALS9,plasma,PROT,1,-0.43559822729356446,0.38238463888156987
LGMN,LGMN,plasma,PROT,1,-0.5348477648169481,0.33388920146886236
LHB,LHB,plasma,PROT,1,1.4126720219963156,0.4544205282377666
LHPP,LHPP,plasma,PROT,1,-0.034785328714150146,0.36608281020258304
LIF,LIF,plasma,PROT,1,-0.05526289263144045,0.6550806384372105
LIFR,LIFR,plasma,PROT,1,-0.7920424507812796,0.36314346245956686
LILRA2,LILRA2,plasma,PROT,1,0.0862607114809694,0.2843844877678722
LILRA3,LILRA3,plasma,PROT,1,-0.013710887750668501,0.308444035459908
LILRA4,LILRA4,plasma,PROT,1,0.1073314636851013,0.4775615006164447
LILRA5,LILRA5,plasma,PROT,1,-0.26981831148279145,0.3534316885172086
LILRA6,LILRA6,plasma,PROT,1,-0.2847356143303573,0.6728573935720912
LILRB1,LILRB1,plasma,PROT,1,-0.04597186708553075,0.2329020268092468
LILRB2,LILRB2,plasma,PROT,1,-0.0057079653496642,0.336053457875211
LILRB4,LILRB4,plasma,PROT,1,-0.08680350037185645,0.2920048197814297
LILRB5,LILRB5,plasma,PROT,1,0.0702309691298203,0.41557849531466956
LIPF,LIPF,plasma,PROT,1,0.0600244874558173,0.35114999999999996
LMNB1,LMNB1,plasma,PROT,1,0.02143123946965395,0.3820445204770183
LMNB2,LMNB2,plasma,PROT,1,-0.0417753193423909,0.22674342655212976
LMOD1,LMOD1,plasma,PROT,1,-0.39803377499501125,0.3062683812049877
LMOD2,LMOD2,plasma,PROT,1,0.11656380333876305,0.5489602043585438
LONP1,LONP1,plasma,PROT,1,-0.4246548743264156,0.6362071963015254
LPA,LPA,plasma,PROT,1,-0.1754834775766964,1.270780771412273
LPCAT2,LPCAT2,plasma,PROT,1,-0.04835157724816645,0.17306073824083873
LPL,LPL,plasma,PROT,1,0.4511591889309118,0.4463766515836233
LPO,LPO,plasma,PROT,1,-0.00268809634013685,0.4422119036598632
LPP,LPP,plasma,PROT,1,-0.07797424013690604,0.4265687130798827
LRCH4,LRCH4,plasma,PROT,1,-0.09090464786471811,0.4307417043052908
LRFN2,LRFN2,plasma,PROT,1,-0.13162210766449528,0.3516484677851689
LRG1,LRG1,plasma,PROT,1,-0.07433633626097995,0.31368392209626095
LRIG1,LRIG1,plasma,PROT,1,-0.3221042699053673,0.22490623839749152
LRIG3,LRIG3,plasma,PROT,1,-0.2733080224884249,0.2675848635042347
LRP1,LRP1,plasma,PROT,1,-0.02897812039556545,0.15786586832584146
LRP11,LRP11,plasma,PROT,1,-0.33098160725998194,0.32595
LRP2,LRP2,plasma,PROT,1,-0.15195171330242957,0.5443257905342415
LRP2BP,LRP2BP,plasma,PROT,1,0.285478551286596,0.7075412530323256
LRPAP1,LRPAP1,plasma,PROT,1,-0.20150832286492837,0.24060753214211883
LRRC25,LRRC25,plasma,PROT,1,0.0467630698209451,0.2889413238902086
LRRC37A2,LRRC37A2,plasma,PROT,1,0.08389617642847974,0.47438254552590564
LRRC38,LRRC38,plasma,PROT,1,-0.02627285871817165,0.5510576283856415
LRRFIP1,LRRFIP1,plasma,PROT,1,-0.0865049969255747,0.2656200030744253
LRRN1,LRRN1,plasma,PROT,1,0.306736983804177,0.3037493474015448
LRTM1,LRTM1,plasma,PROT,1,0.032466128358573,0.9738499999999999
LRTM2,LRTM2,plasma,PROT,1,0.11805042888639819,0.17520000000000002
LSM1,LSM1,plasma,PROT,1,-0.0998445978206044,0.32977920493130286
LSM8,LSM8,plasma,PROT,1,-0.00820158558619985,0.6664864226494536
LSP1,LSP1,plasma,PROT,1,-0.0029246297337701,0.2779276210098208
LTA4H,LTA4H,plasma,PROT,1,0.1225796393144146,0.2767501106827592
LTB,LTB,plasma,PROT,1,0.14855133648696467,0.3524053835762756
LTBP2,LTBP2,plasma,PROT,1,-0.049370562315503,0.2806348256390354
LTBP3,LTBP3,plasma,PROT,1,-1.1835775846172212,0.4163967914005919
LTBR,LTBR,plasma,PROT,1,-0.3739697689029639,0.23268961655433323
LTO1,LTO1,plasma,PROT,1,0.01143453929551155,0.4670722150690199
LUZP2,LUZP2,plasma,PROT,1,0.13267652874152655,0.30658691423175005
LXN,LXN,plasma,PROT,1,0.15426409817869574,0.24162120869553347
LY6D,LY6D,plasma,PROT,1,-0.09455,0.26601891121284
LY75,LY75,plasma,PROT,1,0.09580595631380881,0.36425744551058764
LY9,LY9,plasma,PROT,1,0.11667421589373075,0.16128944109009613
LY96,LY96,plasma,PROT,1,0.020124999999999997,0.22414840584986528
LYAR,LYAR,plasma,PROT,1,-0.0720137096341122,0.36005
LYN,LYN,plasma,PROT,1,0.06366112023516174,0.44652779344244026
LYPD1,LYPD1,plasma,PROT,1,-0.00046042853765564996,0.4577953347275286
LYPD3,LYPD3,plasma,PROT,1,-1.02742456335436,0.37144956335435997
LYPD8,LYPD8,plasma,PROT,1,0.19042244839285905,0.4087937989819185
LYPLA2,LYPLA2,plasma,PROT,1,0.0063175799921448995,0.5392704332304774
LYSMD3,LYSMD3,plasma,PROT,1,-0.2451863006460642,0.6687834694800844
LYVE1,LYVE1,plasma,PROT,1,-0.0757236843287365,0.2888246311049206
LYZL2,LYZL2,plasma,PROT,1,-0.09248366044466641,0.22179741839635386
LZTFL1,LZTFL1,plasma,PROT,1,-0.04757142909929065,0.2692916068213406
M6PR,M6PR,plasma,PROT,1,0.00992247478827075,0.17684984892530226
MAD1L1,MAD1L1,plasma,PROT,1,-0.33682405112692915,0.2659466804243934
MAEA,MAEA,plasma,PROT,1,0.09491739602128325,0.46599330438014347
MAG,MAG,plasma,PROT,1,-0.0177716476609719,0.28764928461729994
MAGED1,MAGED1,plasma,PROT,1,-0.0679847486284173,0.2466362439878903
MAMDC2,MAMDC2,plasma,PROT,1,-0.16426794877842443,0.22481199884249867
MAMDC4,MAMDC4,plasma,PROT,1,-0.725900401680511,0.717416810179081
MAN1A2,MAN1A2,plasma,PROT,1,-0.9129834714516522,0.2672840437764211
MAN2B2,MAN2B2,plasma,PROT,1,-0.52155,0.5593493396150735
MANEAL,MANEAL,plasma,PROT,1,-0.15841601221091628,0.4201193617155911
MANF,MANF,plasma,PROT,1,-0.36328300601456465,1.13608044535375
MANSC1,MANSC1,plasma,PROT,1,-0.00394999999999995,0.31851355848542495
MANSC4,MANSC4,plasma,PROT,1,0.0021831183855380997,0.5738205299977854
MAP1LC3A,MAP1LC3A,plasma,PROT,1,0.04247629401690635,0.5247208237198794
MAP1LC3B2,MAP1LC3B2,plasma,PROT,1,0.19497916074796823,0.689493984634916
MAP2,MAP2,plasma,PROT,1,-0.01371810605174775,0.05908124778808675
MAP2K1,MAP2K1,plasma,PROT,1,-0.11617024939489351,0.28903836311195474
MAP2K6,MAP2K6,plasma,PROT,1,-0.05112147941606045,0.5132327854956328
MAP3K5,MAP3K5,plasma,PROT,1,-0.20447421195164905,0.7574736959662891
MAP4K5,MAP4K5,plasma,PROT,1,-0.2231322190308193,0.779
MAPK13,MAPK13,plasma,PROT,1,-0.233175,0.6771363009852958
MAPK9,MAPK9,plasma,PROT,1,-0.15847747249355443,0.16257354225475923
MAPKAPK2,MAPKAPK2,plasma,PROT,1,-0.0941120328667389,0.57155
MAPRE3,MAPRE3,plasma,PROT,1,-0.0245940020901331,0.4444361660594365
MAPT,MAPT,plasma,PROT,1,-0.2946160013726916,1.269075
MARCO,MARCO,plasma,PROT,1,-0.12247469152430229,0.2822182301186774
MARS1,MARS1,plasma,PROT,1,-0.18795575869897935,0.43460203069497966
MASP1,MASP1,plasma,PROT,1,0.0409761471116624,0.2047667222200254
MATN2,MATN2,plasma,PROT,1,0.034592271323532445,0.2220346184977144
MATN3,MATN3,plasma,PROT,1,-0.0510665418393441,0.23499977535021105
MAVS,MAVS,plasma,PROT,1,-0.21020772138076171,0.5700080466798234
MAX,MAX,plasma,PROT,1,-0.0157,0.8137539746380303
MB,MB,plasma,PROT,1,-0.07258316451145211,0.24497227565192745
MBL2,MBL2,plasma,PROT,1,-0.26452862239649777,1.1048036082225936
MCAM,MCAM,plasma,PROT,1,0.09787351290692961,0.1910461319206035
MCEE,MCEE,plasma,PROT,1,0.0184369510382239,0.5058968345805088
MCFD2,MCFD2,plasma,PROT,1,-0.3392888940465078,0.3103275622377848
MDGA1,MDGA1,plasma,PROT,1,0.29315902101328944,0.4829158118223076
MDH1,MDH1,plasma,PROT,1,-0.00240637818137425,0.02707324593508175
MDK,MDK,plasma,PROT,1,-0.11931901817900856,0.2449057172329831
MDM1,MDM1,plasma,PROT,1,-0.16523079437153948,0.5710737549224123
MECR,MECR,plasma,PROT,1,-0.253258669528267,0.7554851709980218
MED21,MED21,plasma,PROT,1,0.00177506399876215,0.26860863599933466
MEGF10,MEGF10,plasma,PROT,1,0.16679939668907928,0.33597923905763066
MEGF11,MEGF11,plasma,PROT,1,-0.08556661940362165,0.15755
MEGF9,MEGF9,plasma,PROT,1,-0.2560138717605177,0.33338887176051774
MELTF,MELTF,plasma,PROT,1,-0.0475969279587469,0.1964969279587469
MENT,MENT,plasma,PROT,1,-0.02827499999999995,0.2107229437366715
MEP1A,MEP1A,plasma,PROT,1,-0.08781417363473851,0.5479923347663367
MEP1B,MEP1B,plasma,PROT,1,-0.0413795765931816,0.8377689928040387
MEPE,MEPE,plasma,PROT,1,0.2687691240708324,0.2591245232935524
MERTK,MERTK,plasma,PROT,1,-0.015278125902822098,0.176416288476816
MESD,MESD,plasma,PROT,1,-0.14561727279133796,0.6420962715348147
MET,MET,plasma,PROT,1,-0.07955416743578905,0.2062415191319005
METAP1,METAP1,plasma,PROT,1,-0.03611751588115965,0.22914580716582847
METAP1D,METAP1D,plasma,PROT,1,-0.10823861076596461,0.6266452976492743
METAP2,METAP2,plasma,PROT,1,-0.21597296457912873,0.5526389930526504
MFAP3,MFAP3,plasma,PROT,1,0.0488655937937207,0.44986759861920456
MFAP3L,MFAP3L,plasma,PROT,1,-0.12638613537399102,0.3705478988465486
MFAP4,MFAP4,plasma,PROT,1,-0.11780674064499444,0.244769867673638
MFAP5,MFAP5,plasma,PROT,1,-0.6394,0.4271876316565586
MFGE8,MFGE8,plasma,PROT,1,-0.4227139620207354,0.29352497404399763
MGMT,MGMT,plasma,PROT,1,-0.20662183688049154,0.8928200547377013
MIA,MIA,plasma,PROT,1,-0.10225508768596675,0.3114493255315492
MICALL2,MICALL2,plasma,PROT,1,-0.21393638930336872,0.6830313574989644
MICB_MICA,MICB_MICA,plasma,PROT,1,-0.01603588087160055,0.569125
MIF,MIF,plasma,PROT,1,-0.15216269982707945,0.41581579559714393
MILR1,MILR1,plasma,PROT,1,0.20219032976600598,0.43534865897322694
MINDY1,MINDY1,plasma,PROT,1,-0.22459558546534036,0.9770717962706965
MINK1,MINK1,plasma,PROT,1,-0.0785647185277151,0.8639930126703015
MITD1,MITD1,plasma,PROT,1,-0.216756217780447,0.8041601129018006
MKI67,MKI67,plasma,PROT,1,-0.10720115041740995,0.3423050068653827
MLN,MLN,plasma,PROT,1,-0.04475,0.8536708400414883
MME,MME,plasma,PROT,1,0.0196314527578803,0.5567654580524253
MMP1,MMP1,plasma,PROT,1,-0.6530235193525036,0.6013629394870988
MMP10,MMP10,plasma,PROT,1,0.01352911832660845,0.3382462722423513
MMP12,MMP12,plasma,PROT,1,0.9071823273984302,0.5082118743015727
MMP13,MMP13,plasma,PROT,1,-0.1469338269894999,0.4608366482904456
MMP15,MMP15,plasma,PROT,1,0.047569073507543996,0.2485405331796125
MMP3,MMP3,plasma,PROT,1,-0.14004075472564753,0.36940063522955324
MMP7,MMP7,plasma,PROT,1,-0.01735,0.1737639872132435
MMP8,MMP8,plasma,PROT,1,0.0254136126286435,0.6940871456982076
MMP9,MMP9,plasma,PROT,1,0.0348035391320041,0.7570468192247102
MN1,MN1,plasma,PROT,1,0.1215887268712553,0.8265098148015506
MNAT1,MNAT1,plasma,PROT,1,-0.07708199234013385,0.22663034418007066
MNDA,MNDA,plasma,PROT,1,-0.1340367387440921,0.6046366135997243
MOCS2,MOCS2,plasma,PROT,1,-0.22727106888496765,0.323641186128045
MOG,MOG,plasma,PROT,1,0.1165560095910602,0.2916839772939779
MORC3,MORC3,plasma,PROT,1,-0.09962272922248405,0.26262450156618367
MORF4L1,MORF4L1,plasma,PROT,1,-0.07786612638055515,0.369812427069057
MORF4L2,MORF4L2,plasma,PROT,1,-0.04441862024931025,0.3402234182293806
MORN4,MORN4,plasma,PROT,1,-0.05381078690664225,0.5410229257957175
MPHOSPH8,MPHOSPH8,plasma,PROT,1,-0.15859686228442055,0.5539544268452574
MPIG6B,MPIG6B,plasma,PROT,1,-0.3481501278304613,0.9678229198467937
MPO,MPO,plasma,PROT,1,0.4324132154457083,0.3918647068461421
MPRIP,MPRIP,plasma,PROT,1,0.11402492356788521,0.35619467382072767
MRC1,MRC1,plasma,PROT,1,-0.4536534906992188,0.2025916840632894
MRPL24,MRPL24,plasma,PROT,1,-0.03068709832443725,0.27918321819188274
MRPL28,MRPL28,plasma,PROT,1,0.014470955082325699,0.15451520825427933
MRPL46,MRPL46,plasma,PROT,1,-0.00561701729777245,0.12854424474884896
MRPL52,MRPL52,plasma,PROT,1,-0.01230869733187875,0.23666242858613024
MRPL58,MRPL58,plasma,PROT,1,0.0197157239347526,0.2995657239347526
MRPS16,MRPS16,plasma,PROT,1,-0.009281696898449,0.17040533244532885
MSLN,MSLN,plasma,PROT,1,-0.02416132195367145,0.3507722171214308
MSLNL,MSLNL,plasma,PROT,1,-0.01367775499846015,0.5605145978711057
MSMB,MSMB,plasma,PROT,1,0.1311167160256041,0.5243351719334727
MSR1,MSR1,plasma,PROT,1,-0.3391123010820454,0.4302258215346998
MSRA,MSRA,plasma,PROT,1,-0.18445,0.4859125544095537
MST1,MST1,plasma,PROT,1,-0.07441875531990685,0.2545122114766524
MSTN,MSTN,plasma,PROT,1,0.13036588199593707,0.38136834610234227
MTDH,MTDH,plasma,PROT,1,0.0359891687038562,0.6923762597296512
MTHFD2,MTHFD2,plasma,PROT,1,0.001526381910144,0.1830123915916819
MTIF3,MTIF3,plasma,PROT,1,0.0005726203223581,0.6879206459113298
MTPN,MTPN,plasma,PROT,1,0.0164794824961416,0.27960870561236784
MTR,MTR,plasma,PROT,1,0.15366747552384255,0.6948731377082241
MTSS1,MTSS1,plasma,PROT,1,-0.18527084614022699,0.9284766485393493
MTSS2,MTSS2,plasma,PROT,1,-0.36646847717360764,0.8584475375436009
MTUS1,MTUS1,plasma,PROT,1,-0.3842166744058132,0.48121026945366835
MUC13,MUC13,plasma,PROT,1,-0.17748740411132352,0.4085893683455445
MUC2,MUC2,plasma,PROT,1,-0.042010387807001795,0.9624537725519391
MUCL3,MUCL3,plasma,PROT,1,-0.08604328425396379,0.699809891751573
MVK,MVK,plasma,PROT,1,-0.4155563378726329,0.5555622084757426
MXRA8,MXRA8,plasma,PROT,1,0.22606249486567595,0.2882509760167708
MYBPC1,MYBPC1,plasma,PROT,1,-0.5956002949323947,0.46062490449352156
MYBPC2,MYBPC2,plasma,PROT,1,-0.13352986314520215,0.44874598455590253
MYCBP2,MYCBP2,plasma,PROT,1,-0.13581352132758245,0.6446480345522155
MYDGF,MYDGF,plasma,PROT,1,-0.4146424179726203,0.46241833359263
MYH4,MYH4,plasma,PROT,1,0.07061614861511095,0.5265971046915658
MYH7B,MYH7B,plasma,PROT,1,0.052909350198173,0.4702382051754845
MYH9,MYH9,plasma,PROT,1,-0.1333038560501159,0.43054821451810615
MYL1,MYL1,plasma,PROT,1,0.0079031159889099,0.24589805577153984
MYL3,MYL3,plasma,PROT,1,-0.5390879152508516,0.4222760429120118
MYL4,MYL4,plasma,PROT,1,-0.0855726036659164,0.3371164379238678
MYL6B,MYL6B,plasma,PROT,1,0.037383174594989105,0.914476386839998
MYLPF,MYLPF,plasma,PROT,1,-0.273206309617839,0.5635120607274682
MYO6,MYO6,plasma,PROT,1,0.029507524588540952,0.518212696571746
MYO9B,MYO9B,plasma,PROT,1,-0.17988473194260746,0.5458416009507376
MYOC,MYOC,plasma,PROT,1,-0.01312069244292905,0.4631206924429291
MYOM1,MYOM1,plasma,PROT,1,-0.0035013040153044498,0.40765296626236674
MYOM2,MYOM2,plasma,PROT,1,-0.2455447117705511,0.5098671245585937
MYOM3,MYOM3,plasma,PROT,1,-0.60705,0.5953112542310987
MZB1,MZB1,plasma,PROT,1,-0.03140410717437685,0.32802878581560924
MZT1,MZT1,plasma,PROT,1,-0.0723,0.3022641766857481
NAA10,NAA10,plasma,PROT,1,-0.03674842246459885,0.4991714441169225
NAA80,NAA80,plasma,PROT,1,-0.2781405516265897,0.7745349914526364
NAAA,NAAA,plasma,PROT,1,-0.4476591667196978,0.5374588632538454
NACC1,NACC1,plasma,PROT,1,-0.24069406413645505,0.2633223415407232
NADK,NADK,plasma,PROT,1,-0.16707008148213393,0.3439862882083219
NAGA,NAGA,plasma,PROT,1,-0.2927672762858289,0.3242618691912574
NAGK,NAGK,plasma,PROT,1,-0.18023557293153636,0.33782328073231754
NAGPA,NAGPA,plasma,PROT,1,-0.13394487703996671,0.2504228425176889
NAMPT,NAMPT,plasma,PROT,1,0.01626848426460185,0.3833532603671994
NAP1L4,NAP1L4,plasma,PROT,1,-0.09283050634166845,0.524581717899516
NAPRT,NAPRT,plasma,PROT,1,-0.01840266562719245,0.325338593517446
NARS1,NARS1,plasma,PROT,1,-0.059066515560924446,0.2866881617682764
NBL1,NBL1,plasma,PROT,1,-0.089066363997885,0.1766168514749124
NBN,NBN,plasma,PROT,1,-0.1805332553542492,0.34386522856424595
NCAM1,NCAM1,plasma,PROT,1,0.19038120795206964,0.221004550150105
NCAM2,NCAM2,plasma,PROT,1,0.22858174366702794,0.2709657320868709
NCAN,NCAN,plasma,PROT,1,0.1929391956948951,0.4821257509999204
NCF2,NCF2,plasma,PROT,1,-0.15187952722580475,0.42839999999999995
NCK2,NCK2,plasma,PROT,1,-0.11179199633221175,0.42884541670763604
NCLN,NCLN,plasma,PROT,1,-0.04663862896350025,0.3179612206792892
NCR1,NCR1,plasma,PROT,1,-0.11340964888719225,0.207544834229659
NCR3LG1,NCR3LG1,plasma,PROT,1,-0.22287702319907088,0.30176593789956224
NCS1,NCS1,plasma,PROT,1,-0.22513994747396054,0.23969779903534516
NDRG1,NDRG1,plasma,PROT,1,0.09792344591431075,0.34673490710364907
NDST1,NDST1,plasma,PROT,1,-0.03611657744726885,0.30289101675773344
NDUFA5,NDUFA5,plasma,PROT,1,-0.0725872597540966,0.18323047152478278
NDUFB7,NDUFB7,plasma,PROT,1,-0.06317800758907685,0.39098909588966557
NDUFS6,NDUFS6,plasma,PROT,1,-0.10084971940660376,0.4740302064773931
NEB,NEB,plasma,PROT,1,-0.1272844051087675,0.2060155948912325
NECAP2,NECAP2,plasma,PROT,1,-0.10674718014354814,0.3540924360697989
NECTIN1,NECTIN1,plasma,PROT,1,-0.1739262751524121,0.44612741272896256
NECTIN2,NECTIN2,plasma,PROT,1,-0.4296644315658993,0.35697415590115256
NECTIN4,NECTIN4,plasma,PROT,1,-1.2234594296293722,0.23186199659393747
NEDD4L,NEDD4L,plasma,PROT,1,-0.11497240356910216,0.24557827384050004
NEDD9,NEDD9,plasma,PROT,1,0.05324685566170305,0.35319238023293165
NEFL,NEFL,plasma,PROT,1,-0.2278101402698755,0.3620317819539773
NEK7,NEK7,plasma,PROT,1,-0.1563537963558292,0.5688548525600646
NELL1,NELL1,plasma,PROT,1,0.18320780631307165,0.23500486436914564
NELL2,NELL2,plasma,PROT,1,-0.0880883368505274,0.2778772689391951
NENF,NENF,plasma,PROT,1,0.04497721360045455,0.35533358160116263
NEO1,NEO1,plasma,PROT,1,0.128825,0.20274961871776181
NEXN,NEXN,plasma,PROT,1,-0.11929725800347094,0.21500081178145958
NFASC,NFASC,plasma,PROT,1,0.06068939869037665,0.1982262676861769
NFAT5,NFAT5,plasma,PROT,1,-0.00022591819646469984,0.6518404166111493
NFATC1,NFATC1,plasma,PROT,1,-0.1736424697552053,0.3823749514912199
NFATC3,NFATC3,plasma,PROT,1,0.01917102752676935,0.3804050816308783
NFE2,NFE2,plasma,PROT,1,-0.33937901028632095,0.5474870565785058
NFIC,NFIC,plasma,PROT,1,-0.00795623366919385,0.3600078208115852
NFKB1,NFKB1,plasma,PROT,1,-0.19817633163452986,0.42843960252167096
NFKBIE,NFKBIE,plasma,PROT,1,-0.15425395202040582,0.360625
NFU1,NFU1,plasma,PROT,1,-0.1454974186072756,0.5852831839494889
NFX1,NFX1,plasma,PROT,1,-0.13520182550313364,0.5237312511558501
NFYA,NFYA,plasma,PROT,1,0.040533004580596096,0.40990000000000004
NGF,NGF,plasma,PROT,1,-0.0134065569284424,0.0421679307981937
NGFR,NGFR,plasma,PROT,1,0.2034162756224274,0.305025537013874
NGRN,NGRN,plasma,PROT,1,-0.0475149709808981,0.1266693652379584
NHLRC3,NHLRC3,plasma,PROT,1,-0.5300006440376451,0.2900835842112792
NID1,NID1,plasma,PROT,1,-0.4481825340732838,0.2676760801088364
NID2,NID2,plasma,PROT,1,-0.4106489690561388,0.4691670100290226
NINJ1,NINJ1,plasma,PROT,1,-0.01786147323801505,0.32429365899704937
NIT1,NIT1,plasma,PROT,1,-0.21269059683457564,0.4878177002997815
NIT2,NIT2,plasma,PROT,1,-0.235475,0.6331
NLGN1,NLGN1,plasma,PROT,1,0.06997799574082836,0.6610213825542195
NLGN2,NLGN2,plasma,PROT,1,0.1682056932940882,0.8045225285044328
NME1,NME1,plasma,PROT,1,0.0819948501892899,0.1752159143764429
NME3,NME3,plasma,PROT,1,-0.0217799233555397,0.16088574101978945
NMI,NMI,plasma,PROT,1,0.033005082899705954,0.3393899923410414
NMNAT1,NMNAT1,plasma,PROT,1,-0.03965710154008995,0.4077969746667468
NMRK2,NMRK2,plasma,PROT,1,-0.07319420940303445,0.3567554156514028
NMT1,NMT1,plasma,PROT,1,-0.06677396942715966,0.5489926838944734
NOMO1,NOMO1,plasma,PROT,1,-0.64435,0.2614475728921831
NOP56,NOP56,plasma,PROT,1,0.09985,0.7370352587022752
NOS1,NOS1,plasma,PROT,1,-0.15961828327159783,0.27338868514590303
NOS2,NOS2,plasma,PROT,1,0.36084449885423553,0.4256542434319228
NOS3,NOS3,plasma,PROT,1,0.11162213787196734,0.9331687451553655
NOTCH1,NOTCH1,plasma,PROT,1,-0.0040852630252109,0.2033419640381549
NOTCH2,NOTCH2,plasma,PROT,1,-0.10490152817272169,0.26369995272550706
NOTCH3,NOTCH3,plasma,PROT,1,-0.027741872168672098,0.2115829681928887
NPC2,NPC2,plasma,PROT,1,-0.1411610486233994,0.2931548910218945
NPDC1,NPDC1,plasma,PROT,1,-0.0910605252930063,0.28801580706026536
NPHS1,NPHS1,plasma,PROT,1,0.0142040327113619,0.2268427011238099
NPHS2,NPHS2,plasma,PROT,1,0.056,0.9972350416584055
NPL,NPL,plasma,PROT,1,-0.17168186970812627,0.29182700715553744
NPM1,NPM1,plasma,PROT,1,0.00798317847942965,0.34026715155975595
NPPB,NPPB,plasma,PROT,1,0.6747001898292505,1.0043287221091044
NPPC,NPPC,plasma,PROT,1,0.07118966696463411,0.36995987679569625
NPR1,NPR1,plasma,PROT,1,0.1962713747167493,0.2447213747167493
NPTN,NPTN,plasma,PROT,1,0.10230232337216849,0.5203714385456281
NPTX1,NPTX1,plasma,PROT,1,-0.0070991717511303,0.33949350056191396
NPTX2,NPTX2,plasma,PROT,1,0.2565044247223949,0.364857134398752
NPTXR,NPTXR,plasma,PROT,1,0.0414563125884608,0.287367946642021
NPY,NPY,plasma,PROT,1,0.0974740210176644,0.4150198687984725
NRCAM,NRCAM,plasma,PROT,1,-1.335706616780957,0.3134532992210287
NRGN,NRGN,plasma,PROT,1,-0.20515846973863994,0.3202013537918637
NRN1,NRN1,plasma,PROT,1,0.0438037945881298,0.3070261669269688
NRP1,NRP1,plasma,PROT,1,-0.055537805822697045,0.2695959783693369
NRP2,NRP2,plasma,PROT,1,-0.20369750344350135,0.2148294904502398
NRTN,NRTN,plasma,PROT,1,-0.0069656897230896495,0.4321688102637309
NRXN3,NRXN3,plasma,PROT,1,0.013701492480061549,0.1151
NSFL1C,NSFL1C,plasma,PROT,1,-0.1075418610167805,0.5529248446749659
NT-proBNP,NT-proBNP,plasma,PROT,1,-0.2194879489485623,0.7571369653310602
NT5C,NT5C,plasma,PROT,1,-0.17798510188335281,0.32897998552043933
NT5C1A,NT5C1A,plasma,PROT,1,-0.48043029911017787,0.3403551387360693
NT5C3A,NT5C3A,plasma,PROT,1,-0.3249418720990045,0.7502605260389615
NT5E,NT5E,plasma,PROT,1,-0.3475010935488335,0.4359972318080841
NTF3,NTF3,plasma,PROT,1,0.11157453856671185,0.4327254318009225
NTF4,NTF4,plasma,PROT,1,-0.0481769560659948,0.21557208108581308
NTRK2,NTRK2,plasma,PROT,1,0.21958405201826964,0.2219267350776425
NTRK3,NTRK3,plasma,PROT,1,0.33735,0.28696249840404564
NUB1,NUB1,plasma,PROT,1,-0.2659556113289317,0.5781877650460282
NUCB2,NUCB2,plasma,PROT,1,-0.27087790812463886,0.2478871630352973
NUDC,NUDC,plasma,PROT,1,-0.08806729526231295,0.4429294821021409
NUDT10,NUDT10,plasma,PROT,1,-0.0016298549145568999,0.13800957446705026
NUDT15,NUDT15,plasma,PROT,1,0.051862422140394895,0.31992622938694476
NUDT16,NUDT16,plasma,PROT,1,-0.18988582810568044,0.40240424221516735
NUDT2,NUDT2,plasma,PROT,1,0.011024999999999952,0.2180361489956168
NUDT5,NUDT5,plasma,PROT,1,-0.17904854445338036,0.3182983146809049
NUMB,NUMB,plasma,PROT,1,-0.18168015192210504,0.556069848077895
NUP50,NUP50,plasma,PROT,1,0.035900945007308296,0.2350037664262356
NXPE4,NXPE4,plasma,PROT,1,0.030035812807381303,0.42496023584470805
NXPH1,NXPH1,plasma,PROT,1,0.040180783883245294,0.14771196023278949
NXPH3,NXPH3,plasma,PROT,1,0.2471228481988095,0.2062339256343526
OBP2B,OBP2B,plasma,PROT,1,-1.3031083797836112,0.7927971181991886
OCLN,OCLN,plasma,PROT,1,-0.3540980238694915,0.40766022422999415
ODAM,ODAM,plasma,PROT,1,-0.08370641966900505,0.27732060581814677
OFD1,OFD1,plasma,PROT,1,0.20850604351389757,0.6699482199478437
OGA,OGA,plasma,PROT,1,-0.31701899340513995,0.4057910725395508
OGFR,OGFR,plasma,PROT,1,-0.1531508655537775,0.2088358590538818
OGN,OGN,plasma,PROT,1,-0.02353169154222915,0.3435862807729609
OLFM4,OLFM4,plasma,PROT,1,-0.7592725396447481,0.9482943305358463
OLR1,OLR1,plasma,PROT,1,-0.8299318612303259,0.39856650098556934
OMD,OMD,plasma,PROT,1,-0.07966023698153196,0.312660236981532
OMG,OMG,plasma,PROT,1,0.2221411135112772,0.4505867982173132
OMP,OMP,plasma,PROT,1,0.0056280203768868005,0.3251415433603484
OPHN1,OPHN1,plasma,PROT,1,-0.26801201760203774,0.8453421862094785
OPLAH,OPLAH,plasma,PROT,1,-0.18431093224432277,0.276355435595715
OPTC,OPTC,plasma,PROT,1,0.0501902740517885,0.24586431470616754
ORM1,ORM1,plasma,PROT,1,0.38538367871827517,0.2542912037442222
OSBPL2,OSBPL2,plasma,PROT,1,-0.0008385970810556502,0.13564262202774185
OSCAR,OSCAR,plasma,PROT,1,-0.1820493181149147,0.42305144563045194
OSMR,OSMR,plasma,PROT,1,-0.3870761980511942,0.15090266735593544
OSTN,OSTN,plasma,PROT,1,-0.120194477609833,0.30386447180435483
OTOA,OTOA,plasma,PROT,1,-0.16945853465641336,0.8005925396394691
OTUD6B,OTUD6B,plasma,PROT,1,-0.15220921710407437,0.39784078289592567
OTUD7B,OTUD7B,plasma,PROT,1,-0.12392113056165735,0.3330012810953461
OXCT1,OXCT1,plasma,PROT,1,0.1585700606313118,0.39665141126855463
OXT,OXT,plasma,PROT,1,-1.06948223047466,1.1151318584027463
P4HB,P4HB,plasma,PROT,1,-0.5489690917732433,0.2985026955960688
PACS2,PACS2,plasma,PROT,1,-0.1807361510418094,0.6348043004021506
PADI2,PADI2,plasma,PROT,1,0.053643493656921254,0.520089719346351
PADI4,PADI4,plasma,PROT,1,-0.0111404568833388,0.5942048537318396
PAEP,PAEP,plasma,PROT,1,0.157,0.0795016604916172
PAFAH2,PAFAH2,plasma,PROT,1,-0.1500393847781636,0.40555884600887854
PAG1,PAG1,plasma,PROT,1,-0.00826598222372915,0.3246858405537322
PAGR1,PAGR1,plasma,PROT,1,-0.00695057208847895,0.2719435909364906
PAIP2B,PAIP2B,plasma,PROT,1,-0.0731729310327002,0.4992371150114016
PALLD,PALLD,plasma,PROT,1,-0.23625746397990038,0.5387451729288817
PALM,PALM,plasma,PROT,1,0.0381779630067411,0.3394221641470733
PALM2,PALM2,plasma,PROT,1,-0.23316168858194908,0.3845632821458359
PALM3,PALM3,plasma,PROT,1,0.0273733534358347,0.305025
PAM,PAM,plasma,PROT,1,-0.2804,0.23253307443568283
PAMR1,PAMR1,plasma,PROT,1,-0.0255980934120336,0.2292437986539816
PAPPA,PAPPA,plasma,PROT,1,0.298537406023173,0.26848376786322137
PARD3,PARD3,plasma,PROT,1,0.056411800695338646,0.5271486313380584
PARK7,PARK7,plasma,PROT,1,-0.05079217515441895,0.31178363063647885
PARP1,PARP1,plasma,PROT,1,0.09905897666701155,0.25765754102084015
PAXX,PAXX,plasma,PROT,1,-0.09755,0.24112937856039984
PBK,PBK,plasma,PROT,1,-0.1104850445623862,0.4329844300684487
PBLD,PBLD,plasma,PROT,1,-0.0774696540582315,0.415811028478009
PBXIP1,PBXIP1,plasma,PROT,1,0.01165,0.16932251885126126
PCARE,PCARE,plasma,PROT,1,0.0,0.46070669309098056
PCBD1,PCBD1,plasma,PROT,1,-0.00256105316203935,0.30546105316203936
PCBP2,PCBP2,plasma,PROT,1,-0.1576999697505133,0.36830569126600876
PCDH1,PCDH1,plasma,PROT,1,-0.01010274253059275,0.04621871930623745
PCDH12,PCDH12,plasma,PROT,1,0.08691517821065656,0.15471790197940113
PCDH17,PCDH17,plasma,PROT,1,-0.18516702647842895,0.28415227586685127
PCDH7,PCDH7,plasma,PROT,1,-1.1128493427178132,0.19958409747556383
PCDH9,PCDH9,plasma,PROT,1,0.0261987588187147,0.3389251716818167
PCDHB15,PCDHB15,plasma,PROT,1,0.0494694474845533,0.31595558784951483
PCNA,PCNA,plasma,PROT,1,-0.1342856005877951,0.5335489906976232
PCOLCE,PCOLCE,plasma,PROT,1,0.1067389466156605,0.20376488668760065
PCSK7,PCSK7,plasma,PROT,1,0.12532672094419256,0.2947942969355233
PCSK9,PCSK9,plasma,PROT,1,-0.44834498677815304,0.32858835171384077
PCYT2,PCYT2,plasma,PROT,1,-0.2863458832183725,0.5464247200347174
PDAP1,PDAP1,plasma,PROT,1,-0.18257648442873825,0.4629651832877425
PDCD1,PDCD1,plasma,PROT,1,0.15307075655153862,0.2434155631167534
PDCD1LG2,PDCD1LG2,plasma,PROT,1,-0.2615721441310068,0.20875147719927373
PDCD5,PDCD5,plasma,PROT,1,-0.14964604649062715,0.4504791180523146
PDCD6,PDCD6,plasma,PROT,1,0.00029909437720360013,0.17594346559855825
PDCL2,PDCL2,plasma,PROT,1,-0.052198581620457846,0.7547770690419866
PDE1C,PDE1C,plasma,PROT,1,-0.1001739131600381,0.5459390846881275
PDE4D,PDE4D,plasma,PROT,1,0.22483200742472903,0.6561125044355793
PDE5A,PDE5A,plasma,PROT,1,-0.27630423553181027,0.7112
PDGFA,PDGFA,plasma,PROT,1,-0.17768054838601632,0.5936195752587975
PDGFB,PDGFB,plasma,PROT,1,-0.09786284989072945,0.7942109722301056
PDGFC,PDGFC,plasma,PROT,1,0.23543212106813893,0.33956098234429305
PDGFRA,PDGFRA,plasma,PROT,1,-0.21975,0.2669125995417966
PDGFRB,PDGFRB,plasma,PROT,1,0.1039082471001372,0.27137998061084123
PDIA2,PDIA2,plasma,PROT,1,-0.0200604919969752,0.773451084920774
PDIA3,PDIA3,plasma,PROT,1,-0.0751011166251275,0.19902583602301982
PDIA4,PDIA4,plasma,PROT,1,-0.15728361825720935,0.34615437442585995
PDIA5,PDIA5,plasma,PROT,1,-0.10321863319959779,0.6080033682207202
PDLIM5,PDLIM5,plasma,PROT,1,-0.42438589154794004,0.85395
PDLIM7,PDLIM7,plasma,PROT,1,-0.2881099663512514,0.7453825414894941
PDP1,PDP1,plasma,PROT,1,-0.07827545015160481,0.6585294651902021
PDRG1,PDRG1,plasma,PROT,1,-0.08555,0.6951951576310054
PDXDC1,PDXDC1,plasma,PROT,1,-0.13240533088909429,0.3100860390291356
PDZD2,PDZD2,plasma,PROT,1,-0.20408240070402817,0.4225181372818432
PDZK1,PDZK1,plasma,PROT,1,-0.14082588709348445,0.5100012567686973
PEAR1,PEAR1,plasma,PROT,1,0.1428286108652965,0.15800439709566105
PEBP1,PEBP1,plasma,PROT,1,-0.13538692908521044,0.38259343941639096
PECAM1,PECAM1,plasma,PROT,1,-0.0435086275766056,0.2564743827361909
PECR,PECR,plasma,PROT,1,0.0164565850667569,0.12820658506675692
PENK,PENK,plasma,PROT,1,0.0734607865654989,0.30874999999999997
PEPD,PEPD,plasma,PROT,1,0.2953499732900265,0.2415901558596322
PF4,PF4,plasma,PROT,1,0.025408342847823753,0.6801357289495036
PFDN2,PFDN2,plasma,PROT,1,-0.16980652564793264,0.4007771444413484
PFDN4,PFDN4,plasma,PROT,1,0.00020155706834424974,0.4549525030072559
PFDN6,PFDN6,plasma,PROT,1,-0.0415797829611876,0.8258303920376029
PFKFB2,PFKFB2,plasma,PROT,1,-0.15963178429843589,0.4532038438740462
PGA4,PGA4,plasma,PROT,1,-0.20454854668484912,0.35941414904867597
PGD,PGD,plasma,PROT,1,-0.33371659423905814,0.3392651769642876
PGF,PGF,plasma,PROT,1,-2.105924509162536,0.41856749493225
PGLYRP2,PGLYRP2,plasma,PROT,1,0.38619089194544415,0.36935
PGLYRP4,PGLYRP4,plasma,PROT,1,-0.4641230683544043,0.5770434880968244
PGM2,PGM2,plasma,PROT,1,-0.06583974038664454,0.7042316054245736
PGR,PGR,plasma,PROT,1,0.0066499241750411,0.2713819593620178
PHACTR2,PHACTR2,plasma,PROT,1,-0.09435621982321529,0.5607069683645559
PHLDB1,PHLDB1,plasma,PROT,1,-0.371524827528266,0.45443579073296103
PHLDB2,PHLDB2,plasma,PROT,1,0.006699633000443,1.0600619094868027
PHOSPHO1,PHOSPHO1,plasma,PROT,1,-0.11519450932145131,0.2171128620669714
PHYKPL,PHYKPL,plasma,PROT,1,0.01146092352434415,0.27407131041283384
PI16,PI16,plasma,PROT,1,0.0294498642726542,0.24505679475286218
PI3,PI3,plasma,PROT,1,0.0398771215219257,0.35111656216843257
PIBF1,PIBF1,plasma,PROT,1,-0.13568607413675665,0.5403
PIGR,PIGR,plasma,PROT,1,-0.585681178596147,0.2940798281323583
PIK3AP1,PIK3AP1,plasma,PROT,1,0.004458212514104,0.3460362606535326
PIK3IP1,PIK3IP1,plasma,PROT,1,-0.0684104992066995,0.18749646286755772
PIKFYVE,PIKFYVE,plasma,PROT,1,-0.17926063998581696,0.6513695768862929
PILRA,PILRA,plasma,PROT,1,-0.3384450418182273,0.32029350055392486
PILRB,PILRB,plasma,PROT,1,-0.32530131781904625,0.399326366319113
PINLYP,PINLYP,plasma,PROT,1,0.029860583710883404,0.47476326450391354
PITHD1,PITHD1,plasma,PROT,1,-0.22682893839632357,0.6230826460411214
PKD1,PKD1,plasma,PROT,1,-0.13656000848132366,0.2093257415153664
PKD2,PKD2,plasma,PROT,1,-0.18641819685691952,0.44621311057261753
PKLR,PKLR,plasma,PROT,1,0.01688757030537085,0.3710889441471473
PKN3,PKN3,plasma,PROT,1,-0.09149544089649844,0.5312113506621877
PLA2G10,PLA2G10,plasma,PROT,1,0.4370262711961646,0.4322910082749269
PLA2G15,PLA2G15,plasma,PROT,1,-0.38440734027726253,0.27484722652014404
PLA2G1B,PLA2G1B,plasma,PROT,1,-0.07746985602755595,0.43636863298635364
PLA2G2A,PLA2G2A,plasma,PROT,1,0.0238054627085947,0.5746420283106016
PLA2G4A,PLA2G4A,plasma,PROT,1,-0.27963165693704484,0.55575
PLA2G7,PLA2G7,plasma,PROT,1,-0.01738380114696105,0.28850138335277803
PLAU,PLAU,plasma,PROT,1,-0.5525503769137596,0.2661993202600471
PLAUR,PLAUR,plasma,PROT,1,0.1593127498287033,0.2936661505003239
PLB1,PLB1,plasma,PROT,1,0.2328261030905083,0.6375208667102104
PLCB1,PLCB1,plasma,PROT,1,-0.0377353539462737,0.3065826163367087
PLCB2,PLCB2,plasma,PROT,1,-0.20509815988058044,0.7914091587029966
PLEKHO1,PLEKHO1,plasma,PROT,1,-0.08151410901338095,0.5551492059083991
PLG,PLG,plasma,PROT,1,-0.172937670906383,0.16605669703003012
PLIN1,PLIN1,plasma,PROT,1,-0.01756651543882245,0.24952177690518762
PLIN3,PLIN3,plasma,PROT,1,-0.1449904905465311,0.31321700054224655
PLPBP,PLPBP,plasma,PROT,1,-0.1713816533751512,0.4116467692756901
PLSCR3,PLSCR3,plasma,PROT,1,-0.0072174757908108,0.30545109824892624
PLTP,PLTP,plasma,PROT,1,0.14513152822855124,0.2727800419721368
PLXDC1,PLXDC1,plasma,PROT,1,0.16778788214001444,0.2376467485548436
PLXDC2,PLXDC2,plasma,PROT,1,0.20761645036141685,0.19495918531785528
PLXNA4,PLXNA4,plasma,PROT,1,-0.15627606617754725,0.618932486364488
PLXNB2,PLXNB2,plasma,PROT,1,-0.5794503250745489,0.2230731509480186
PLXNB3,PLXNB3,plasma,PROT,1,-0.2191809724625452,0.31190173981825065
PM20D1,PM20D1,plasma,PROT,1,-0.5037149466673285,1.303155403792682
PMCH,PMCH,plasma,PROT,1,-0.06555,0.18188219190603033
PMM2,PMM2,plasma,PROT,1,-0.0743262969275536,0.5560742256257127
PMS1,PMS1,plasma,PROT,1,-0.09736654135265135,0.6762707059516377
PMVK,PMVK,plasma,PROT,1,-0.17193221604064973,1.1372018211283277
PNLIP,PNLIP,plasma,PROT,1,-0.07193846297412765,0.423915331097417
PNLIPRP1,PNLIPRP1,plasma,PROT,1,-0.03967765711708175,0.4722199507020318
PNLIPRP2,PNLIPRP2,plasma,PROT,1,-1.1680171548426652,0.8332912553793543
PNMA1,PNMA1,plasma,PROT,1,-0.10500191271458564,0.5888157667167047
PNMA2,PNMA2,plasma,PROT,1,-0.0649862696298195,0.44856513630946826
PNPT1,PNPT1,plasma,PROT,1,-0.05858649135714155,0.38692336415689715
PODXL,PODXL,plasma,PROT,1,0.0082136555059519,0.10579555892174851
PODXL2,PODXL2,plasma,PROT,1,0.00277647000355225,0.2227321372069096
POF1B,POF1B,plasma,PROT,1,-0.04559812671972685,0.3222622861274844
POLR2A,POLR2A,plasma,PROT,1,-0.014923001081825801,0.34000038899707075
POLR2F,POLR2F,plasma,PROT,1,-0.225025,0.22501382195011926
POMC,POMC,plasma,PROT,1,-1.139205860125789,0.5731413342133044
PON1,PON1,plasma,PROT,1,0.0068000000000000005,0.125517633680954
PON2,PON2,plasma,PROT,1,-0.21455030273733436,0.28582225366068326
PON3,PON3,plasma,PROT,1,0.23803301154469925,0.28794175717781123
POSTN,POSTN,plasma,PROT,1,0.2732927996818957,0.49073986413393766
PPBP,PPBP,plasma,PROT,1,-0.0186,0.7941638542139824
PPCDC,PPCDC,plasma,PROT,1,-0.1871099113348194,0.219088898664698
PPIB,PPIB,plasma,PROT,1,-0.44783305904499415,0.5378412711742817
PPIE,PPIE,plasma,PROT,1,0.2422013375679074,0.499699147830208
PPL,PPL,plasma,PROT,1,-0.13835377709673752,0.269316429411418
PPM1A,PPM1A,plasma,PROT,1,-0.01119999999999995,0.21672017185892467
PPM1B,PPM1B,plasma,PROT,1,-0.0855241053925319,0.519327910831858
PPM1F,PPM1F,plasma,PROT,1,-0.15379449445064874,0.2957514530045218
PPME1,PPME1,plasma,PROT,1,-0.1469645639824517,0.5542149714211668
PPP1CC,PPP1CC,plasma,PROT,1,0.0468166256535915,0.4180622346899838
PPP1R12A,PPP1R12A,plasma,PROT,1,-0.15981780256788605,0.362275
PPP1R12B,PPP1R12B,plasma,PROT,1,-0.07520476937826615,0.3806278162679998
PPP1R14A,PPP1R14A,plasma,PROT,1,-0.1857030846395856,0.9122514990741433
PPP1R14D,PPP1R14D,plasma,PROT,1,-0.037957746103190096,0.5028024985444965
PPP1R2,PPP1R2,plasma,PROT,1,-0.1809432352837677,0.4085325914392729
PPP1R9B,PPP1R9B,plasma,PROT,1,-0.3580281526325402,0.6514611309796321
PPP2R5A,PPP2R5A,plasma,PROT,1,-0.1415114574671748,0.7267784590905075
PPP3R1,PPP3R1,plasma,PROT,1,0.00442668755373,0.292229034169003
PPT1,PPT1,plasma,PROT,1,-0.04778198647075215,0.83315094595365
PPY,PPY,plasma,PROT,1,0.15796883665869396,0.9426191020426243
PQBP1,PQBP1,plasma,PROT,1,0.00972638378989605,0.3865613779951692
PRAME,PRAME,plasma,PROT,1,-0.15918367090666175,0.5568887921659614
PRAP1,PRAP1,plasma,PROT,1,-0.538125249205779,0.45567584446118686
PRC1,PRC1,plasma,PROT,1,-0.02768869875509435,0.31619324566648255
PRCP,PRCP,plasma,PROT,1,-0.06980234876541695,0.26798561717840896
PRDX1,PRDX1,plasma,PROT,1,-0.05247499999999995,0.4220046723490303
PRDX2,PRDX2,plasma,PROT,1,0.029268827352176098,0.2809689479443054
PRDX3,PRDX3,plasma,PROT,1,-0.20542288071723203,0.5211506727345141
PRDX5,PRDX5,plasma,PROT,1,-0.33037148641069847,0.5796757399028947
PRDX6,PRDX6,plasma,PROT,1,0.05784770993800881,0.3501906839419333
PREB,PREB,plasma,PROT,1,-0.061256731081694646,0.161178268393009
PRELP,PRELP,plasma,PROT,1,0.20289818119252118,0.17164061268384126
PRG2,PRG2,plasma,PROT,1,-0.7432749999999999,0.5976262300640873
PRG3,PRG3,plasma,PROT,1,0.18634439725880944,0.29888054554926985
PRKAB1,PRKAB1,plasma,PROT,1,-0.0582216346468956,0.43952836535310436
PRKAG3,PRKAG3,plasma,PROT,1,0.18663319301374395,0.6434018550851148
PRKAR1A,PRKAR1A,plasma,PROT,1,-0.15801067483456316,0.70740654125026
PRKAR2A,PRKAR2A,plasma,PROT,1,-0.3560865388587392,0.5242929287281664
PRKCQ,PRKCQ,plasma,PROT,1,0.02797830139966305,0.30346369635170345
PRKD2,PRKD2,plasma,PROT,1,-0.00899462670138545,0.32962499999999995
PRKG1,PRKG1,plasma,PROT,1,-0.16235,0.658421613699939
PRKRA,PRKRA,plasma,PROT,1,-0.10440757554941076,0.5158653254217607
PRL,PRL,plasma,PROT,1,-1.8185664282627236,0.8223075412087513
PRND,PRND,plasma,PROT,1,0.15192106942548822,0.4698526011892146
PROC,PROC,plasma,PROT,1,-0.012009179985334049,0.27361957632336587
PROCR,PROCR,plasma,PROT,1,0.1258,0.36759234993770395
PROK1,PROK1,plasma,PROT,1,0.5591653364148497,0.50527868407481
PROS1,PROS1,plasma,PROT,1,0.33393761010295697,0.21908030012380098
PRR4,PRR4,plasma,PROT,1,0.07927703379678239,0.5900611764048097
PRR5,PRR5,plasma,PROT,1,-0.07149784088002725,0.43982474982864067
PRRT3,PRRT3,plasma,PROT,1,0.25080119058711053,0.3543964427747385
PRSS2,PRSS2,plasma,PROT,1,-0.08364405656155655,0.3222660205820914
PRSS22,PRSS22,plasma,PROT,1,-0.5770611170099154,0.3461666639493888
PRSS27,PRSS27,plasma,PROT,1,-0.15278308961206583,0.26651908631107
PRSS53,PRSS53,plasma,PROT,1,0.0132607879741571,0.3289264795603275
PRSS8,PRSS8,plasma,PROT,1,-1.1329113929198207,0.33610750553170154
PRTFDC1,PRTFDC1,plasma,PROT,1,-0.12157229625948085,0.9063300444296607
PRTG,PRTG,plasma,PROT,1,-0.7505776310343238,0.18132839623327413
PRTN3,PRTN3,plasma,PROT,1,-0.029103000328716398,0.33983151865667427
PRUNE2,PRUNE2,plasma,PROT,1,0.055478590836092696,0.3443748036192456
PSAP,PSAP,plasma,PROT,1,-0.4240564948636017,0.19578441320156148
PSAPL1,PSAPL1,plasma,PROT,1,-0.2663735389501633,0.36944502068836765
PSCA,PSCA,plasma,PROT,1,-0.6433271935018894,0.6619590536410872
PSIP1,PSIP1,plasma,PROT,1,0.078906091885448,0.5182946156423514
PSMA1,PSMA1,plasma,PROT,1,0.0441808260065224,0.6287898053006729
PSMC3,PSMC3,plasma,PROT,1,-0.1271089650532286,0.7074
PSMD1,PSMD1,plasma,PROT,1,-0.1293165011085552,0.652417633709884
PSMD5,PSMD5,plasma,PROT,1,-0.043125,0.206625
PSMD9,PSMD9,plasma,PROT,1,-0.056688942181953,0.3991105404798773
PSME1,PSME1,plasma,PROT,1,-0.07037162898090349,0.2156935914577197
PSME2,PSME2,plasma,PROT,1,-0.06525481765569975,0.2998580668806703
PSMG3,PSMG3,plasma,PROT,1,0.0033502352738451,0.3942305400722629
PSMG4,PSMG4,plasma,PROT,1,-0.0476107075583349,0.4707064593024084
PSPN,PSPN,plasma,PROT,1,0.15180289836304384,0.5909374069960016
PSRC1,PSRC1,plasma,PROT,1,-0.014922254735404799,0.3875413455171445
PSTPIP2,PSTPIP2,plasma,PROT,1,-0.2248924947971692,0.9425295279285875
PTEN,PTEN,plasma,PROT,1,-0.06644143839376826,0.6014914383937683
PTGDS,PTGDS,plasma,PROT,1,-0.0422452632833102,0.2450413693538117
PTGES2,PTGES2,plasma,PROT,1,-0.100665148337545,0.5199840451106538
PTGR1,PTGR1,plasma,PROT,1,-0.06239394957694335,0.6690366313883278
PTH,PTH,plasma,PROT,1,-0.27879999999999994,0.6996578917001894
PTH1R,PTH1R,plasma,PROT,1,0.1180897647740208,0.1646861989856308
PTK7,PTK7,plasma,PROT,1,0.01735585361117925,0.31738223291197254
PTN,PTN,plasma,PROT,1,-0.32490197939358234,0.41918099286648014
PTP4A3,PTP4A3,plasma,PROT,1,-0.1703469215484899,0.6310812923422061
PTPN1,PTPN1,plasma,PROT,1,-0.288600973723318,0.632932286847003
PTPN6,PTPN6,plasma,PROT,1,-0.1246769409219963,0.7393316920866029
PTPN9,PTPN9,plasma,PROT,1,0.04052285462210145,0.3028576740717423
PTPRB,PTPRB,plasma,PROT,1,-0.08516469520200304,0.2746415469108604
PTPRC,PTPRC,plasma,PROT,1,0.2175568320467749,0.25002805473639655
PTPRF,PTPRF,plasma,PROT,1,-0.4996311100097373,0.2644446350075676
PTPRH,PTPRH,plasma,PROT,1,0.0388732323102029,0.4541384182213519
PTPRN2,PTPRN2,plasma,PROT,1,0.10562852367139144,0.2928643090208137
PTPRR,PTPRR,plasma,PROT,1,0.198075,0.3459944490171139
PTPRS,PTPRS,plasma,PROT,1,0.20346386755138607,0.27417246619585695
PTPRZ1,PTPRZ1,plasma,PROT,1,0.0248415404927603,0.30282795127076395
PTRHD1,PTRHD1,plasma,PROT,1,-0.13932549115285942,0.4464245088471406
PTS,PTS,plasma,PROT,1,-0.1876087515526882,0.29906122806895336
PTTG1,PTTG1,plasma,PROT,1,-0.0578407802103134,0.2530096608578918
PTX3,PTX3,plasma,PROT,1,-0.14319897682508098,0.2090853328178268
PVALB,PVALB,plasma,PROT,1,-0.1210297250166546,0.6261672267755657
PVR,PVR,plasma,PROT,1,-0.44352499999999995,0.3606219556439657
PXDNL,PXDNL,plasma,PROT,1,0.00849900567274685,0.2830220235611413
PXN,PXN,plasma,PROT,1,-0.21988629691862166,0.368457926822946
PYDC1,PYDC1,plasma,PROT,1,-0.0191671947400298,0.2080491149786522
PYY,PYY,plasma,PROT,1,-0.0448969280963563,0.826154104061637
PZP,PZP,plasma,PROT,1,-1.6923583597640568,1.116320188559237
QDPR,QDPR,plasma,PROT,1,-0.15174224575314635,0.42264978029844286
QPCT,QPCT,plasma,PROT,1,-0.1623560336732692,0.28137519635843183
QSOX1,QSOX1,plasma,PROT,1,-0.2010276888952073,0.16943573198887552
RAB10,RAB10,plasma,PROT,1,-0.045331380669895754,0.39633464210498387
RAB11FIP3,RAB11FIP3,plasma,PROT,1,-0.14059602404813504,0.8272640209430672
RAB27B,RAB27B,plasma,PROT,1,-0.07284290895570916,0.9325261162050709
RAB2B,RAB2B,plasma,PROT,1,-0.00133487589555965,0.39171958205382806
RAB33A,RAB33A,plasma,PROT,1,-0.1327466090107902,0.54815
RAB37,RAB37,plasma,PROT,1,-0.0066602415903861505,0.5296685479128327
RAB39B,RAB39B,plasma,PROT,1,0.22593779336882114,0.6057033131866282
RAB3GAP1,RAB3GAP1,plasma,PROT,1,-0.14206297356832231,0.47095066156244914
RAB44,RAB44,plasma,PROT,1,-0.2978183394055388,0.33561127990205075
RABEP1,RABEP1,plasma,PROT,1,-0.1181095604428538,0.3168955821969681
RABEPK,RABEPK,plasma,PROT,1,-0.0624,0.26694773086578993
RABGAP1L,RABGAP1L,plasma,PROT,1,-0.1164558093622243,0.4010866518105249
RAC3,RAC3,plasma,PROT,1,0.001305225031006,0.16760696901233857
RAD23B,RAD23B,plasma,PROT,1,-0.0886451074372552,0.27171416159000605
RAD51,RAD51,plasma,PROT,1,-0.18816180492825865,0.44764298038691624
RALB,RALB,plasma,PROT,1,-0.008331384914640451,0.3677993845761197
RALY,RALY,plasma,PROT,1,-0.046460827588553646,0.3273128390332464
RANBP1,RANBP1,plasma,PROT,1,0.0006000000000000001,0.4743287729625957
RANBP2,RANBP2,plasma,PROT,1,0.02654015947181095,0.2655148953037927
RANGAP1,RANGAP1,plasma,PROT,1,0.00095,0.11913636015635515
RAP1A,RAP1A,plasma,PROT,1,-0.09331164236287025,0.7096220205713627
RARRES1,RARRES1,plasma,PROT,1,0.05300141441305635,0.2364524118528107
RARRES2,RARRES2,plasma,PROT,1,-0.24477788726262975,0.36263817295547
RASA1,RASA1,plasma,PROT,1,-0.0036349816806902,0.2064349816806902
RASGRF1,RASGRF1,plasma,PROT,1,-0.2352032108728313,1.177287838775825
RASSF2,RASSF2,plasma,PROT,1,-0.01644424057358545,0.4915316810972671
RBFOX3,RBFOX3,plasma,PROT,1,-0.09622499999999995,0.25269158785772444
RBKS,RBKS,plasma,PROT,1,-0.1893919004941339,0.49868839941189586
RBM17,RBM17,plasma,PROT,1,-0.02685,0.5932310629663441
RBM19,RBM19,plasma,PROT,1,0.03244283212520015,0.49612940249617343
RBM25,RBM25,plasma,PROT,1,-0.0826074837892145,0.535325
RBP1,RBP1,plasma,PROT,1,-0.4052241907537155,0.4315789129043086
RBP2,RBP2,plasma,PROT,1,-0.21331995676290944,0.5621773198751643
RBP5,RBP5,plasma,PROT,1,-0.11967670003803654,0.48921910364850785
RBP7,RBP7,plasma,PROT,1,-0.226275,0.324141133388973
RBPMS,RBPMS,plasma,PROT,1,-0.18576120230841403,0.49683545173549515
RBPMS2,RBPMS2,plasma,PROT,1,-0.2321564381064063,0.8595917543071109
RCC1,RCC1,plasma,PROT,1,-0.094800937903497,0.19570093790349696
RCOR1,RCOR1,plasma,PROT,1,-0.043925000000000006,0.213333403751758
RECK,RECK,plasma,PROT,1,0.12745,0.15672726602275538
REEP4,REEP4,plasma,PROT,1,-0.08042264387005055,0.3778541496026502
REG1A,REG1A,plasma,PROT,1,-0.148408528465304,0.36047790425968074
REG1B,REG1B,plasma,PROT,1,-0.09559999999999999,0.4055415449038078
REG3A,REG3A,plasma,PROT,1,-0.18079330479327682,0.45347444310856844
REG3G,REG3G,plasma,PROT,1,-0.0763644553014419,0.35873766982876326
REG4,REG4,plasma,PROT,1,0.09327598231996505,0.367804923279892
RELB,RELB,plasma,PROT,1,-0.3880337568835675,0.8920475801552263
RELT,RELT,plasma,PROT,1,-0.18098106203414915,0.33226669717261403
REN,REN,plasma,PROT,1,0.43603789549622896,0.44094261959690745
REPS1,REPS1,plasma,PROT,1,0.0225340199587265,0.6578280758301281
REST,REST,plasma,PROT,1,-0.0970191412569473,0.9461554589315657
RET,RET,plasma,PROT,1,-0.7617152879488731,0.44169984584335487
RETN,RETN,plasma,PROT,1,-0.21912504215351175,0.37644526204350504
REXO2,REXO2,plasma,PROT,1,0.0092467467514838,0.40517038564335117
RFC4,RFC4,plasma,PROT,1,-0.12371730649008314,0.1744
RGCC,RGCC,plasma,PROT,1,-0.13237562344630766,0.4952409314713121
RGL2,RGL2,plasma,PROT,1,0.0406849007629987,0.6640104323477303
RGMA,RGMA,plasma,PROT,1,0.2132575283633276,0.32803737127112936
RGMB,RGMB,plasma,PROT,1,0.02474353965487575,0.15448836827074713
RGS10,RGS10,plasma,PROT,1,-0.1610313031413647,0.5459350535804295
RGS8,RGS8,plasma,PROT,1,0.1020075845546135,0.3317408701431026
RHOC,RHOC,plasma,PROT,1,0.012049999999999998,0.8905498546319176
RICTOR,RICTOR,plasma,PROT,1,0.27905206322025666,0.5475528387778897
RIDA,RIDA,plasma,PROT,1,-0.0764051080818134,0.44697545797224364
RILP,RILP,plasma,PROT,1,-0.17656726537900258,0.44025966916180476
RILPL2,RILPL2,plasma,PROT,1,-0.1934047799897166,0.7463795532863382
RIPK4,RIPK4,plasma,PROT,1,0.23321963489347725,0.7060902688023554
RLN1,RLN1,plasma,PROT,1,0.12474947882640366,0.18256642768424636
RNASE1,RNASE1,plasma,PROT,1,-0.07741229723332425,0.2127
RNASE10,RNASE10,plasma,PROT,1,0.00810155764897605,0.43782464384439557
RNASE3,RNASE3,plasma,PROT,1,0.20537432718177906,0.7620201361825121
RNASE4,RNASE4,plasma,PROT,1,-0.2740993836197208,0.241701770037883
RNASE6,RNASE6,plasma,PROT,1,-0.0646072725747654,0.2283967592260933
RNASEH2A,RNASEH2A,plasma,PROT,1,-0.07920185149509834,0.4578495579901117
RNASET2,RNASET2,plasma,PROT,1,-0.1125583910789506,0.2620314600226833
RNF149,RNF149,plasma,PROT,1,-0.1928300697012783,0.2927669409725847
RNF168,RNF168,plasma,PROT,1,-0.01697499999999995,0.5586130755466601
RNF31,RNF31,plasma,PROT,1,0.29183781340995363,0.48251938886507817
RNF4,RNF4,plasma,PROT,1,0.2878,0.6186414733068002
RNF41,RNF41,plasma,PROT,1,-0.21919501413740775,0.3619864640585212
RNF43,RNF43,plasma,PROT,1,-0.08267987853693835,0.33980571896272627
RNF5,RNF5,plasma,PROT,1,-0.2123979649518374,0.6006230194262243
ROBO1,ROBO1,plasma,PROT,1,0.0143157027404851,0.2426900276366057
ROBO2,ROBO2,plasma,PROT,1,0.23552625818861123,0.16553195144631946
ROBO4,ROBO4,plasma,PROT,1,-0.009305625918042449,0.13242052210641997
ROR1,ROR1,plasma,PROT,1,0.0169007502688727,0.2209889400816783
RP2,RP2,plasma,PROT,1,-0.0079164908535311,0.250525
RPA2,RPA2,plasma,PROT,1,-0.11968482580850154,0.3222349652037032
RPE,RPE,plasma,PROT,1,-0.03479304063618395,0.3190957587552914
RPGR,RPGR,plasma,PROT,1,0.0846075971481629,0.43574999999999997
RPL14,RPL14,plasma,PROT,1,0.01177111720249005,0.32387824494847156
RPS10,RPS10,plasma,PROT,1,-0.00129997118682625,0.20028671311228885
RRAS,RRAS,plasma,PROT,1,-0.053145899231940796,0.8228009329707611
RRM2,RRM2,plasma,PROT,1,-0.22558971454548496,0.32910379046060795
RRM2B,RRM2B,plasma,PROT,1,-0.2607815640793292,0.5052609538802204
RSPO1,RSPO1,plasma,PROT,1,-0.03076116011963255,0.1649
RSPO3,RSPO3,plasma,PROT,1,0.0751524450770509,0.15432239442426032
RTBDN,RTBDN,plasma,PROT,1,0.10419667776713684,0.25710306797166094
RTKN2,RTKN2,plasma,PROT,1,0.0255801991770169,0.388931354677214
RTN4IP1,RTN4IP1,plasma,PROT,1,-0.1111965277313138,0.5385372811705018
RTN4R,RTN4R,plasma,PROT,1,-0.2316595362908705,0.29308453629087045
RUVBL1,RUVBL1,plasma,PROT,1,-0.06464620960736775,0.5547382137212483
RWDD1,RWDD1,plasma,PROT,1,-0.2178819390132035,0.3424650707923731
RYR1,RYR1,plasma,PROT,1,0.0028382024442349997,0.3258292833427356
S100A11,S100A11,plasma,PROT,1,-0.1099689594698859,0.2108515696208803
S100A12,S100A12,plasma,PROT,1,0.4313865278962632,0.42422566498528147
S100A13,S100A13,plasma,PROT,1,0.15596942238177802,0.19099383681012724
S100A14,S100A14,plasma,PROT,1,0.062069587408573004,0.49743837604632063
S100A16,S100A16,plasma,PROT,1,0.23092014222736765,0.5376889568273435
S100A3,S100A3,plasma,PROT,1,0.0110399643506455,0.27082083477778107
S100A4,S100A4,plasma,PROT,1,-0.032327134699289245,0.28404104527415
S100G,S100G,plasma,PROT,1,-0.3797127175687376,0.49394972703670853
S100P,S100P,plasma,PROT,1,-0.9181804115128781,0.38986828252550704
SAA4,SAA4,plasma,PROT,1,0.0529966632004578,0.1434229447511097
SAFB2,SAFB2,plasma,PROT,1,-0.07215432077711205,0.3739945559873736
SAG,SAG,plasma,PROT,1,-0.292075,1.2586
SAMD9L,SAMD9L,plasma,PROT,1,-0.13974999999999993,0.423700063847955
SAP18,SAP18,plasma,PROT,1,-0.0762852645312299,0.6693175563568952
SARG,SARG,plasma,PROT,1,-0.1547077659018578,0.7756959562416592
SART1,SART1,plasma,PROT,1,-0.05428149427169335,0.31728886754556124
SAT1,SAT1,plasma,PROT,1,-0.0122573034774335,0.2378980619981618
SAT2,SAT2,plasma,PROT,1,-0.1495460242959117,0.422538567436608
SATB1,SATB1,plasma,PROT,1,-0.021058010539640952,0.18691157925049584
SBSN,SBSN,plasma,PROT,1,0.1940252994606739,0.2793590453293573
SCAMP3,SCAMP3,plasma,PROT,1,-0.31726609160157854,0.6771839083984215
SCARA5,SCARA5,plasma,PROT,1,-0.0433823417346685,0.38529733761193696
SCARB1,SCARB1,plasma,PROT,1,-0.32351860572794355,0.4615436371067814
SCARB2,SCARB2,plasma,PROT,1,-0.182012488710326,0.20155535787235165
SCARF1,SCARF1,plasma,PROT,1,-0.10463157897157085,0.27869968663298694
SCARF2,SCARF2,plasma,PROT,1,0.07962383526112705,0.2478067949978396
SCG2,SCG2,plasma,PROT,1,-0.10975832799839695,0.2898097273606459
SCG3,SCG3,plasma,PROT,1,0.20055,0.31749999999999995
SCGB1A1,SCGB1A1,plasma,PROT,1,0.01185,0.3525
SCGB2A2,SCGB2A2,plasma,PROT,1,0.0436603852431284,0.23187938966225885
SCGB3A1,SCGB3A1,plasma,PROT,1,-0.12257900541168684,0.18962453310660604
SCGB3A2,SCGB3A2,plasma,PROT,1,-0.007938484878028701,0.5233880504834294
SCGN,SCGN,plasma,PROT,1,-0.046526905307348945,0.2708792701407512
SCIN,SCIN,plasma,PROT,1,-0.22916018983496605,0.6657946658946495
SCLY,SCLY,plasma,PROT,1,-0.14012996696063734,0.46922003303936266
SCN2A,SCN2A,plasma,PROT,1,0.04976970677930395,0.6015723948200773
SCN2B,SCN2B,plasma,PROT,1,-0.00125,0.3869714308301031
SCN3A,SCN3A,plasma,PROT,1,-0.044356836853805856,0.7097379429946804
SCN3B,SCN3B,plasma,PROT,1,0.0401549903889881,0.3921060634238491
SCN4B,SCN4B,plasma,PROT,1,0.1617604902648418,0.4186580560137629
SCP2,SCP2,plasma,PROT,1,-0.0352178057653467,0.3205321942346533
SCPEP1,SCPEP1,plasma,PROT,1,-0.01350502271911435,0.316314001529787
SCRG1,SCRG1,plasma,PROT,1,-0.3542585608938786,0.26841208640703895
SCRIB,SCRIB,plasma,PROT,1,-0.19817670602659598,0.500808366983251
SCRN1,SCRN1,plasma,PROT,1,-0.00780650559049785,0.3807535113537171
SCT,SCT,plasma,PROT,1,-0.03379869775509025,0.37108684528754177
SDC1,SDC1,plasma,PROT,1,-2.70445773218999,0.4458232391409862
SDC4,SDC4,plasma,PROT,1,-0.20085113657220044,0.7277491279686106
SDCCAG8,SDCCAG8,plasma,PROT,1,-0.1324166342341311,0.8016370951974763
SDHB,SDHB,plasma,PROT,1,0.03805810808715255,0.2533628996137435
SDK2,SDK2,plasma,PROT,1,-0.119287323461848,0.27596912070615687
SEC31A,SEC31A,plasma,PROT,1,-0.1562637070735515,0.4393822556266016
SEL1L,SEL1L,plasma,PROT,1,-0.37067276000029264,0.20863461347041395
SELE,SELE,plasma,PROT,1,-0.10108514783724655,0.4520820186675201
SELENOP,SELENOP,plasma,PROT,1,0.06034146854187915,0.20591646854187914
SELL,SELL,plasma,PROT,1,0.3073273807099942,0.24945092032214095
SELP,SELP,plasma,PROT,1,-0.1345363727860282,0.2924869017817336
SELPLG,SELPLG,plasma,PROT,1,-0.02381079235986045,0.1228802459983862
SEMA3F,SEMA3F,plasma,PROT,1,-0.36023838267225894,0.28318383292297383
SEMA3G,SEMA3G,plasma,PROT,1,-0.32273865696117876,0.3346709260000975
SEMA4C,SEMA4C,plasma,PROT,1,-0.0886594780279722,0.323847838904294
SEMA4D,SEMA4D,plasma,PROT,1,0.101225,0.2698958812566714
SEMA6C,SEMA6C,plasma,PROT,1,0.0042783887660965,0.20917918495788448
SEMA7A,SEMA7A,plasma,PROT,1,-1.4453721360478875,0.19479127699639764
SEPTIN3,SEPTIN3,plasma,PROT,1,0.0883173289410035,0.2711473717637922
SEPTIN7,SEPTIN7,plasma,PROT,1,-0.05713314382155925,0.4616451019819706
SEPTIN8,SEPTIN8,plasma,PROT,1,-0.09464343804116945,0.17831187206775528
SEPTIN9,SEPTIN9,plasma,PROT,1,-0.030855449081629703,0.11916116112370165
SERPINA1,SERPINA1,plasma,PROT,1,-0.23593917710347725,0.1607
SERPINA11,SERPINA11,plasma,PROT,1,-0.1960950796717554,0.38956228710897467
SERPINA12,SERPINA12,plasma,PROT,1,-0.22258346435996862,0.37046158940785073
SERPINA3,SERPINA3,plasma,PROT,1,-0.0029177147793856503,0.1342921076234832
SERPINA4,SERPINA4,plasma,PROT,1,-0.05877056466248835,0.21017943533751163
SERPINA5,SERPINA5,plasma,PROT,1,-0.20720471471645163,0.2590547147164516
SERPINA6,SERPINA6,plasma,PROT,1,-0.6105982618478971,0.22826258946502911
SERPINA7,SERPINA7,plasma,PROT,1,-0.3589862369866019,0.3198834481752142
SERPINA9,SERPINA9,plasma,PROT,1,0.40339525579446256,0.6601829244729529
SERPINB1,SERPINB1,plasma,PROT,1,-0.21337398153946951,0.41425510732147464
SERPINB5,SERPINB5,plasma,PROT,1,0.02338647079506235,0.6493252728684344
SERPINB6,SERPINB6,plasma,PROT,1,-0.02786747975321795,0.2638702556595355
SERPINB8,SERPINB8,plasma,PROT,1,-0.09837418826043295,0.4064062388206178
SERPINB9,SERPINB9,plasma,PROT,1,-0.16921802922906382,0.31708870811898343
SERPINC1,SERPINC1,plasma,PROT,1,-0.0020478126225190497,0.13053616138168694
SERPIND1,SERPIND1,plasma,PROT,1,-0.12243123418202645,0.2833770251955686
SERPINE1,SERPINE1,plasma,PROT,1,-0.9506705472015011,0.65695
SERPINE2,SERPINE2,plasma,PROT,1,-0.0379463864018397,0.5219985321535614
SERPINF1,SERPINF1,plasma,PROT,1,-0.12117005196957714,0.1566519627296586
SERPINF2,SERPINF2,plasma,PROT,1,-0.06789486395179375,0.1943464884214416
SERPING1,SERPING1,plasma,PROT,1,0.09742397151816129,0.2292099892899229
SERPINH1,SERPINH1,plasma,PROT,1,-0.03624438998542815,1.0062885550539136
SERPINI1,SERPINI1,plasma,PROT,1,-0.25709062566180463,0.25638387998225554
SERPINI2,SERPINI2,plasma,PROT,1,0.13096323514510066,0.5202044740450378
SESTD1,SESTD1,plasma,PROT,1,-0.08461929840368376,0.5004213587168562
SETMAR,SETMAR,plasma,PROT,1,-0.0788984530915465,0.22224181508048385
SEZ6,SEZ6,plasma,PROT,1,0.20400689581191722,0.3124898322808729
SEZ6L,SEZ6L,plasma,PROT,1,0.09674213330338355,0.23427293303234475
SEZ6L2,SEZ6L2,plasma,PROT,1,0.0909376044043048,0.20880626269775815
SF3B4,SF3B4,plasma,PROT,1,0.0916706756278186,0.42037928603600083
SFRP1,SFRP1,plasma,PROT,1,-0.124875,0.19605865961642385
SFRP4,SFRP4,plasma,PROT,1,-0.09437701476332645,0.22458213732039578
SFTPA1,SFTPA1,plasma,PROT,1,0.0044667042209597,0.2694652148190487
SFTPA2,SFTPA2,plasma,PROT,1,-0.19450443407277523,0.43345279134667036
SFTPD,SFTPD,plasma,PROT,1,0.1016013161210442,0.3698076839528963
SGSH,SGSH,plasma,PROT,1,-0.966025690344446,0.31579138014162955
SH2B3,SH2B3,plasma,PROT,1,-0.12007183528184961,0.9018538666839682
SH2D1A,SH2D1A,plasma,PROT,1,-0.0120637836268383,0.37623097696106844
SH3BGRL2,SH3BGRL2,plasma,PROT,1,-0.09710724151334771,0.5064379603882367
SH3BP1,SH3BP1,plasma,PROT,1,-0.0014192291866888499,0.21044340762151925
SH3GLB2,SH3GLB2,plasma,PROT,1,-0.0066823128758779,0.4972819301185056
SHBG,SHBG,plasma,PROT,1,-0.42716445482789533,0.3373080808768059
SHC1,SHC1,plasma,PROT,1,0.1215385225567577,0.800417376066303
SHD,SHD,plasma,PROT,1,0.1310875196232814,0.574255598193202
SHH,SHH,plasma,PROT,1,-0.09142787175315914,0.32928359167246873
SHISA5,SHISA5,plasma,PROT,1,-0.2901350807387464,0.2043519458286611
SHMT1,SHMT1,plasma,PROT,1,-0.2896424516179008,0.8277609385373894
SHPK,SHPK,plasma,PROT,1,0.11249325941158536,0.43520686129950925
SIAE,SIAE,plasma,PROT,1,-0.3119106635956751,0.26096283221221095
SIGLEC1,SIGLEC1,plasma,PROT,1,-0.4637586950955893,0.3324347956309637
SIGLEC10,SIGLEC10,plasma,PROT,1,-0.14010989488015113,0.216651954797864
SIGLEC15,SIGLEC15,plasma,PROT,1,0.09925966420495336,0.41661476964414557
SIGLEC5,SIGLEC5,plasma,PROT,1,-0.17739115970702457,0.5648530401003355
SIGLEC6,SIGLEC6,plasma,PROT,1,-0.443270170792247,0.509625
SIGLEC7,SIGLEC7,plasma,PROT,1,0.0497484088898068,0.29635957829916637
SIGLEC8,SIGLEC8,plasma,PROT,1,-0.1847172737149526,0.4867710040839672
SIGLEC9,SIGLEC9,plasma,PROT,1,0.11666467769392586,0.20294667406814798
SIL1,SIL1,plasma,PROT,1,-0.6015999999999999,0.21350944224184998
SIRPA,SIRPA,plasma,PROT,1,-0.06637179525993275,0.3692269327780909
SIRPB1,SIRPB1,plasma,PROT,1,-0.14712686152919366,0.3534056610483658
SIRT1,SIRT1,plasma,PROT,1,-0.013279128746510301,0.2688120792681604
SIRT2,SIRT2,plasma,PROT,1,-0.2969075241434579,0.5567415455999335
SIRT5,SIRT5,plasma,PROT,1,-0.10947573970444345,0.554662146041752
SIT1,SIT1,plasma,PROT,1,0.1153564023888853,0.2894559222668843
SKAP1,SKAP1,plasma,PROT,1,0.025924759869370102,0.4191992266656608
SKAP2,SKAP2,plasma,PROT,1,-0.13525617064734285,0.7665677189020763
SKIV2L,SKIV2L,plasma,PROT,1,0.057643037718444645,0.34251390990644126
SLA2,SLA2,plasma,PROT,1,0.029178119617560103,0.8256319433060977
SLAMF1,SLAMF1,plasma,PROT,1,0.03667531546141925,0.3357481789592232
SLAMF6,SLAMF6,plasma,PROT,1,0.045832925155177104,0.31729371599437073
SLAMF7,SLAMF7,plasma,PROT,1,0.4959404946176531,0.5467521827152977
SLAMF8,SLAMF8,plasma,PROT,1,-0.030139331009067252,0.507115416773033
SLC12A2,SLC12A2,plasma,PROT,1,-0.025686134216221748,0.25209410508398644
SLC13A1,SLC13A1,plasma,PROT,1,-0.010920072210297501,0.2942950722102975
SLC16A1,SLC16A1,plasma,PROT,1,-0.1197163424763277,0.23457141311215415
SLC1A4,SLC1A4,plasma,PROT,1,0.044258021332433894,1.210949727421224
SLC27A4,SLC27A4,plasma,PROT,1,-0.2172130228149038,0.5397519114996236
SLC28A1,SLC28A1,plasma,PROT,1,-0.10379859988819276,0.6066764931154617
SLC34A3,SLC34A3,plasma,PROT,1,-0.1302381885554724,0.9947729255377844
SLC39A14,SLC39A14,plasma,PROT,1,0.1354393501626539,0.23337221558348648
SLC39A5,SLC39A5,plasma,PROT,1,-0.5334289559266479,0.44696563675335127
SLC44A4,SLC44A4,plasma,PROT,1,-0.5161474427926522,0.9356031788590494
SLC4A1,SLC4A1,plasma,PROT,1,-0.045881596177259454,0.45105665200545897
SLC51B,SLC51B,plasma,PROT,1,0.2103784518111395,0.7029393245338295
SLC9A3R1,SLC9A3R1,plasma,PROT,1,-0.15026237062580067,0.3366993962268864
SLIRP,SLIRP,plasma,PROT,1,-0.03391038475162105,0.32043275781918235
SLIT2,SLIT2,plasma,PROT,1,-0.05918899260374105,0.3868134056810315
SLITRK1,SLITRK1,plasma,PROT,1,0.1864651480518561,0.31336464983716333
SLITRK2,SLITRK2,plasma,PROT,1,0.08157047334990869,0.26724264603231485
SLITRK6,SLITRK6,plasma,PROT,1,-0.0541419076886493,0.2424896517184009
SLK,SLK,plasma,PROT,1,-0.01899601787120185,0.7341214590772907
SLMAP,SLMAP,plasma,PROT,1,-0.4610206649048918,0.7502955327419999
SLURP1,SLURP1,plasma,PROT,1,-0.02527181144468165,0.2688720021036586
SMAD1,SMAD1,plasma,PROT,1,-0.0129719153932728,0.41679581913288716
SMAD2,SMAD2,plasma,PROT,1,-0.17069554588283875,0.3515872482921927
SMAD3,SMAD3,plasma,PROT,1,-0.16026976903979145,0.4095947690397914
SMAD5,SMAD5,plasma,PROT,1,0.06778012303632891,0.1269249810973468
SMARCA2,SMARCA2,plasma,PROT,1,0.02993703179541925,0.4923984121282217
SMC3,SMC3,plasma,PROT,1,-0.11738083535721955,0.5390796103900193
SMNDC1,SMNDC1,plasma,PROT,1,-0.14815842010874486,0.29112638708783045
SMOC1,SMOC1,plasma,PROT,1,-0.09090383424557895,0.16680672624493764
SMOC2,SMOC2,plasma,PROT,1,-0.11156817736336494,0.28295505771554513
SMPD1,SMPD1,plasma,PROT,1,-0.4982586730287316,0.5024501184608776
SMPD3,SMPD3,plasma,PROT,1,-0.1705403452867975,0.6911972890253911
SMPDL3A,SMPDL3A,plasma,PROT,1,-0.21688763110661308,0.4444749561772603
SMPDL3B,SMPDL3B,plasma,PROT,1,-0.0537063707497926,0.45592474844262787
SMS,SMS,plasma,PROT,1,-0.13138123350604436,0.36967772964221857
SMTN,SMTN,plasma,PROT,1,-0.3256644764036418,0.7133417387538715
SNAP23,SNAP23,plasma,PROT,1,-0.2199475634088858,0.8424597176088213
SNAP25,SNAP25,plasma,PROT,1,0.06474480371140805,0.3331881326134427
SNAP29,SNAP29,plasma,PROT,1,-0.3304949574836905,0.7913847292829952
SNCA,SNCA,plasma,PROT,1,-0.3163204637248621,0.7281544019140438
SNCG,SNCG,plasma,PROT,1,-0.31329748591808426,0.4769542793378491
SNED1,SNED1,plasma,PROT,1,0.33215952484391836,0.39437898428576207
SNRPB2,SNRPB2,plasma,PROT,1,-0.11155000000000001,0.2513377236676807
SNU13,SNU13,plasma,PROT,1,-0.0081666594168985,0.40235218062593825
SNX18,SNX18,plasma,PROT,1,-0.00049089307895265,0.19189989529415552
SNX2,SNX2,plasma,PROT,1,-0.05773634305780034,0.6185030759922735
SNX5,SNX5,plasma,PROT,1,0.02180342555542185,0.161011189856026
SNX9,SNX9,plasma,PROT,1,-0.0277448169995322,0.3239222762461455
SOD1,SOD1,plasma,PROT,1,0.00499917892063705,0.21021208338051012
SOD2,SOD2,plasma,PROT,1,0.41608973673291116,0.31067124847147476
SOD3,SOD3,plasma,PROT,1,0.07468460359013365,0.22726673777389844
SORBS1,SORBS1,plasma,PROT,1,-0.17479544049082446,0.3900733668156394
SORCS2,SORCS2,plasma,PROT,1,-0.5232852896466931,0.3620690733303281
SORD,SORD,plasma,PROT,1,0.01851673495921195,0.549302505517899
SORT1,SORT1,plasma,PROT,1,-0.3509451656602506,0.3001461433435849
SOST,SOST,plasma,PROT,1,0.285152635700129,0.3418
SOWAHA,SOWAHA,plasma,PROT,1,0.31765676020711664,0.4983062328177282
SOX2,SOX2,plasma,PROT,1,-0.0060044468666721005,0.3716784335766528
SOX9,SOX9,plasma,PROT,1,-0.33310687605619294,1.1063897084126721
SPACA5_SPACA5B,SPACA5_SPACA5B,plasma,PROT,1,0.03033597300988255,0.2951619070437806
SPAG1,SPAG1,plasma,PROT,1,0.09562427800980605,0.27157474121886044
SPARC,SPARC,plasma,PROT,1,-0.0824761371837945,0.5484454346956795
SPARCL1,SPARCL1,plasma,PROT,1,0.1194354585085976,0.2965945210470493
SPART,SPART,plasma,PROT,1,-0.1727338182135137,0.4298947786664416
SPESP1,SPESP1,plasma,PROT,1,0.07677922093880174,0.37770604465066926
SPINK1,SPINK1,plasma,PROT,1,-0.6046757895188904,0.4412624362671383
SPINK2,SPINK2,plasma,PROT,1,0.5037499999999999,0.34637375067764425
SPINK4,SPINK4,plasma,PROT,1,0.057414587896355396,0.43494781177743425
SPINK5,SPINK5,plasma,PROT,1,0.0644,0.22495888864491548
SPINK6,SPINK6,plasma,PROT,1,-0.0551908182299403,0.5332250000000001
SPINK8,SPINK8,plasma,PROT,1,-0.135,0.36
SPINT1,SPINT1,plasma,PROT,1,-2.105619468075033,0.2922576090873291
SPINT2,SPINT2,plasma,PROT,1,-0.2964850558704931,0.2265220663503883
SPINT3,SPINT3,plasma,PROT,1,-0.0003344171688909501,0.4041521872478998
SPOCK1,SPOCK1,plasma,PROT,1,-0.041270522026274,0.2227139160930276
SPON1,SPON1,plasma,PROT,1,0.18495,0.31132389943875755
SPON2,SPON2,plasma,PROT,1,-0.38423614897906355,0.3057227370493309
SPP1,SPP1,plasma,PROT,1,-0.1405821673353172,0.35307578811144513
SPRED2,SPRED2,plasma,PROT,1,-0.01546680630309375,0.1513036965066825
SPRING1,SPRING1,plasma,PROT,1,-0.14928910050233013,0.4399619044393871
SPRR1B,SPRR1B,plasma,PROT,1,0.0433316973076188,0.5642780188115912
SPRR3,SPRR3,plasma,PROT,1,-0.9708847728991845,0.4863152329461312
SPRY2,SPRY2,plasma,PROT,1,-0.0157862273253907,0.5332259481956508
SPTBN2,SPTBN2,plasma,PROT,1,-0.041605118509601004,0.33644772686092084
SPTLC1,SPTLC1,plasma,PROT,1,-0.0819160596768163,0.2784407960931979
SRC,SRC,plasma,PROT,1,-0.20224818613338935,0.7222614494302768
SRP14,SRP14,plasma,PROT,1,-0.014765879403904902,0.3401932846865494
SRPK2,SRPK2,plasma,PROT,1,-0.049950398184511,0.22012812964395925
SRPX,SRPX,plasma,PROT,1,-0.12207971332379985,0.2865813146746367
SSB,SSB,plasma,PROT,1,0.10590334064056015,0.5786296650170046
SSC4D,SSC4D,plasma,PROT,1,0.5090801527758908,0.7652775073206569
SSC5D,SSC5D,plasma,PROT,1,-0.11624999999999999,0.3429245334219608
SSH3,SSH3,plasma,PROT,1,-0.07508510168715245,0.23821144406051817
SSNA1,SSNA1,plasma,PROT,1,-0.15062941785056105,0.3962583972924699
ST13,ST13,plasma,PROT,1,-0.08374376318963894,0.4260224202433097
ST3GAL1,ST3GAL1,plasma,PROT,1,-0.38331923357632847,0.31225577517583847
ST8SIA1,ST8SIA1,plasma,PROT,1,0.026896755476658752,0.4237725489364069
STAB2,STAB2,plasma,PROT,1,-0.11044217617546931,0.2571153407863297
STAM,STAM,plasma,PROT,1,-0.0711569497075766,0.3632930502924234
STAMBP,STAMBP,plasma,PROT,1,-0.08384749184997395,0.3322927132002814
STAT2,STAT2,plasma,PROT,1,-0.3042134001343846,0.49651655679228435
STAT5B,STAT5B,plasma,PROT,1,-0.3663790305722227,0.8028552475727555
STAU1,STAU1,plasma,PROT,1,-0.05835285763807555,0.44360282919078176
STC1,STC1,plasma,PROT,1,0.056590351603496555,0.4163928600395356
STC2,STC2,plasma,PROT,1,1.7950811402524072,0.39223679551862056
STEAP4,STEAP4,plasma,PROT,1,0.056624857093125855,0.5325177474910923
STIP1,STIP1,plasma,PROT,1,-0.06725,0.28977366789248277
STK11,STK11,plasma,PROT,1,-0.1595557850529335,0.4418833260808432
STK4,STK4,plasma,PROT,1,-0.07301409170911095,0.7020378292463569
STOML2,STOML2,plasma,PROT,1,0.008853517724040149,0.49064087125290334
STX16,STX16,plasma,PROT,1,-0.05028995918213945,0.7904854727913718
STX1B,STX1B,plasma,PROT,1,0.18163663846798594,0.553012758948366
STX3,STX3,plasma,PROT,1,-0.08871976332021625,0.19849089482943716
STX4,STX4,plasma,PROT,1,-0.16441566523402346,0.36857870235282025
STX5,STX5,plasma,PROT,1,-0.11809788943724614,0.43628510783806596
STX6,STX6,plasma,PROT,1,-0.2821287115268871,0.5613454521525264
STX7,STX7,plasma,PROT,1,-0.0778535281177313,0.37235352811773126
STX8,STX8,plasma,PROT,1,-0.05750347614286525,0.3570910508800933
STXBP3,STXBP3,plasma,PROT,1,-0.06541798727234495,0.46565386630772154
SUGP1,SUGP1,plasma,PROT,1,-0.01830202704116245,0.2518693242462348
SUGT1,SUGT1,plasma,PROT,1,-0.22425,0.4761280705784313
SULT1A1,SULT1A1,plasma,PROT,1,-0.04860319592102655,1.0053953433195404
SULT2A1,SULT2A1,plasma,PROT,1,-0.3817396893991656,0.4272759569767248
SUMF1,SUMF1,plasma,PROT,1,0.0,0.5703131351101127
SUMF2,SUMF2,plasma,PROT,1,-0.449162496354098,0.36966572261184494
SUOX,SUOX,plasma,PROT,1,-0.3167680931083642,0.5436854710332657
SUSD1,SUSD1,plasma,PROT,1,-0.1684409063662914,0.533980957873267
SUSD2,SUSD2,plasma,PROT,1,0.19996623557131535,0.1719869290747225
SUSD4,SUSD4,plasma,PROT,1,-1.0503692512036946,0.47200601970511
SUSD5,SUSD5,plasma,PROT,1,0.12515015592895273,0.3648366097924223
SV2A,SV2A,plasma,PROT,1,-0.01865,0.6543547115368787
SWAP70,SWAP70,plasma,PROT,1,-0.1412537963463357,0.24845922722431368
SYAP1,SYAP1,plasma,PROT,1,-0.13592500000000002,0.27421934960553335
SYNGAP1,SYNGAP1,plasma,PROT,1,-0.004609741680642952,0.6150656229614624
SYT1,SYT1,plasma,PROT,1,0.1593439932723215,0.3248755841466596
SYTL4,SYTL4,plasma,PROT,1,0.027382641744780348,0.46245024854233285
TAB2,TAB2,plasma,PROT,1,-0.1755093923875371,0.649027246435112
TACC3,TACC3,plasma,PROT,1,-0.16325103886571551,0.7018765698353046
TACSTD2,TACSTD2,plasma,PROT,1,-0.21464277966687514,0.2596411870986296
TADA3,TADA3,plasma,PROT,1,-0.1195467757014258,0.4601590992207518
TAFA5,TAFA5,plasma,PROT,1,0.0641,0.2821
TALDO1,TALDO1,plasma,PROT,1,-0.064958579215999,0.22301057280587153
TANK,TANK,plasma,PROT,1,-0.0794422791890011,0.4419422791890011
TAP1,TAP1,plasma,PROT,1,0.2876658366080318,0.562479477100654
TARBP2,TARBP2,plasma,PROT,1,-0.1961580766057821,0.5206060174991233
TARM1,TARM1,plasma,PROT,1,-0.2309411689175851,0.7741231306317506
TARS1,TARS1,plasma,PROT,1,-0.37409634104131456,0.5315710182194183
TAX1BP1,TAX1BP1,plasma,PROT,1,-0.17738413934224379,0.3541390759209522
TBC1D17,TBC1D17,plasma,PROT,1,0.03307764581398765,0.2702771453408851
TBC1D23,TBC1D23,plasma,PROT,1,-0.0426800215415148,0.5167494962033917
TBC1D5,TBC1D5,plasma,PROT,1,-0.3209050251277167,0.8244792351362651
TBCA,TBCA,plasma,PROT,1,-0.1848580971896668,0.5537049806575804
TBCB,TBCB,plasma,PROT,1,-0.2726008961961718,0.8861196487816726
TBCC,TBCC,plasma,PROT,1,-0.14781143817957926,0.4920073711589782
TBL1X,TBL1X,plasma,PROT,1,-0.0837258504604376,0.5812339187135009
TBR1,TBR1,plasma,PROT,1,-0.0344106817355606,0.4700249601255002
TCL1A,TCL1A,plasma,PROT,1,0.31393928187444886,0.8153813694101308
TCL1B,TCL1B,plasma,PROT,1,-0.02914999999999995,0.6320250000000001
TCN1,TCN1,plasma,PROT,1,0.0184404652076837,0.24328689184043978
TCN2,TCN2,plasma,PROT,1,-0.2215885429761275,0.3125303267724281
TCOF1,TCOF1,plasma,PROT,1,0.12522120677349094,0.19525858273643898
TCP11,TCP11,plasma,PROT,1,0.0622023841654519,0.6331850358743231
TCTN3,TCTN3,plasma,PROT,1,-0.34180458850805595,0.3133966866908388
TDGF1,TDGF1,plasma,PROT,1,-0.5501370063521671,1.7630800276508756
TDO2,TDO2,plasma,PROT,1,0.02006894145219245,0.46547937588345806
TDP1,TDP1,plasma,PROT,1,-0.09416969241582976,0.37359331815088126
TDRKH,TDRKH,plasma,PROT,1,-0.1985705392569379,0.4622662011351199
TEF,TEF,plasma,PROT,1,-0.0763740509399923,0.347275
TEK,TEK,plasma,PROT,1,0.07776762205829835,0.20838237794170167
TERF1,TERF1,plasma,PROT,1,0.044675,0.26253585895494247
TET2,TET2,plasma,PROT,1,-0.013477937441012399,0.8980394712535811
TEX101,TEX101,plasma,PROT,1,-0.03485,0.5152444264504077
TEX33,TEX33,plasma,PROT,1,0.0594361234080683,0.5431202430003297
TF,TF,plasma,PROT,1,-0.4865355964831837,0.3109855964831837
TFAP2A,TFAP2A,plasma,PROT,1,0.19820625312693374,0.774543926110558
TFF1,TFF1,plasma,PROT,1,-0.061031261226340505,0.3487
TFF2,TFF2,plasma,PROT,1,-1.0244751235173208,0.3909203086754729
TFF3,TFF3,plasma,PROT,1,-1.8132192613001323,0.7426878231932573
TFPI,TFPI,plasma,PROT,1,-0.11677068579419056,0.23392985320163745
TFPI2,TFPI2,plasma,PROT,1,-1.4671291305248153,0.5909397296433113
TFRC,TFRC,plasma,PROT,1,-0.22551005768261634,0.30776159904624906
TG,TG,plasma,PROT,1,0.21888802534799984,0.3511599077320534
TGFA,TGFA,plasma,PROT,1,-0.050496966079335195,0.2005530339206648
TGFB1,TGFB1,plasma,PROT,1,-0.727880994653669,0.23811330025998137
TGFB2,TGFB2,plasma,PROT,1,-0.1506568411261616,0.3509439759709449
TGFBI,TGFBI,plasma,PROT,1,-0.2419959210492695,0.2529229100700703
TGFBR1,TGFBR1,plasma,PROT,1,-0.22959642570295885,0.320425
TGFBR2,TGFBR2,plasma,PROT,1,-0.11026271522459774,0.25075000000000003
TGFBR3,TGFBR3,plasma,PROT,1,-0.24004542172324833,0.24049057808905083
TGM2,TGM2,plasma,PROT,1,-0.2823381610101698,0.5746685619824529
TGOLN2,TGOLN2,plasma,PROT,1,-0.052258513478028804,0.1920914865219712
THAP12,THAP12,plasma,PROT,1,-0.2825092371155786,0.550755402718788
THBD,THBD,plasma,PROT,1,-0.16694647717818226,0.19784055186882366
THBS2,THBS2,plasma,PROT,1,-0.2207047586047896,0.21519515968986486
THBS4,THBS4,plasma,PROT,1,0.0472250074958,0.34900347462016734
THOP1,THOP1,plasma,PROT,1,-0.18908110744634815,0.2121985072218931
THPO,THPO,plasma,PROT,1,-0.04960308745119345,0.2178871953535975
THRAP3,THRAP3,plasma,PROT,1,0.099660494357005,0.5497916776217008
THSD1,THSD1,plasma,PROT,1,0.0036723789701006504,0.32170342632250765
THTPA,THTPA,plasma,PROT,1,-0.21656829106397746,0.3950821946361302
THY1,THY1,plasma,PROT,1,-0.06795081543428505,0.279429795145099
TIA1,TIA1,plasma,PROT,1,-0.1467970995483353,0.4062071707575369
TIE1,TIE1,plasma,PROT,1,-0.2498983639040126,0.2799632306967672
TIGAR,TIGAR,plasma,PROT,1,0.10916519694616456,0.25598257151670434
TIGIT,TIGIT,plasma,PROT,1,0.036849999999999994,0.28246489158781674
TIMD4,TIMD4,plasma,PROT,1,0.13938672513542522,0.3278057241109635
TIMM10,TIMM10,plasma,PROT,1,-0.0028273207339307,0.0784225076744519
TIMM8A,TIMM8A,plasma,PROT,1,-0.0003594622536466502,0.26985239871669386
TIMP1,TIMP1,plasma,PROT,1,-0.1335,0.2546544863689223
TIMP2,TIMP2,plasma,PROT,1,-0.27450131057815197,0.21029329379158485
TIMP3,TIMP3,plasma,PROT,1,-0.30384999999999995,0.781757490176324
TIMP4,TIMP4,plasma,PROT,1,0.08320374189964075,0.23476140981729895
TINAGL1,TINAGL1,plasma,PROT,1,-0.9842529530514322,0.2836426739847914
TJAP1,TJAP1,plasma,PROT,1,-0.2342317352759039,0.30259117412696485
TJP3,TJP3,plasma,PROT,1,0.0308510030338855,0.6880789755449762
TK1,TK1,plasma,PROT,1,-0.11781240149133075,0.44953850352375113
TLR1,TLR1,plasma,PROT,1,-0.16430176647210298,0.2951056594807877
TLR2,TLR2,plasma,PROT,1,-0.0089793407512622,0.45780308529104546
TLR3,TLR3,plasma,PROT,1,-0.3037764289189383,0.30536617182022735
TLR4,TLR4,plasma,PROT,1,0.06597138293680005,0.3058219132737272
TMCO5A,TMCO5A,plasma,PROT,1,-0.18307850793453434,0.7804289140791918
TMED1,TMED1,plasma,PROT,1,-0.16746267988840816,0.7723668484407601
TMED10,TMED10,plasma,PROT,1,-0.0167590118414984,0.39975581258091986
TMED4,TMED4,plasma,PROT,1,0.16418504781555696,0.49087725072316124
TMED8,TMED8,plasma,PROT,1,-0.20822339980766705,0.6434328777729412
TMEM106A,TMEM106A,plasma,PROT,1,-0.0349119195795855,0.32849945701448996
TMEM132A,TMEM132A,plasma,PROT,1,-0.5926048687485197,0.6674594905218796
TMEM25,TMEM25,plasma,PROT,1,0.12328292305924984,0.24737822857928762
TMOD4,TMOD4,plasma,PROT,1,-0.23051753673268466,0.6006354914578933
TMPRSS11B,TMPRSS11B,plasma,PROT,1,0.1431085597542327,0.7021364580676599
TMPRSS11D,TMPRSS11D,plasma,PROT,1,-0.1501992773521556,0.25584750160941927
TMPRSS15,TMPRSS15,plasma,PROT,1,-0.7276870787436494,0.7387098852981322
TMPRSS5,TMPRSS5,plasma,PROT,1,0.12390881532496024,0.28303304578994415
TMSB10,TMSB10,plasma,PROT,1,-0.34757261514039084,0.581891276134954
TNF,TNF,plasma,PROT,1,-0.0054386106524636005,0.365811163824349
TNFAIP2,TNFAIP2,plasma,PROT,1,-0.0302169320279024,0.21870936414776015
TNFAIP8,TNFAIP8,plasma,PROT,1,0.01401685917710995,0.4897240030576484
TNFAIP8L2,TNFAIP8L2,plasma,PROT,1,-0.0941770508938465,0.3294481044419092
TNFRSF10A,TNFRSF10A,plasma,PROT,1,-0.2000490574524828,0.17457239796157945
TNFRSF10B,TNFRSF10B,plasma,PROT,1,-0.17794642912279102,0.16755320354877343
TNFRSF10C,TNFRSF10C,plasma,PROT,1,-0.13933510310801314,0.4004048416466793
TNFRSF11A,TNFRSF11A,plasma,PROT,1,-0.36724832174602773,0.32411846400189454
TNFRSF11B,TNFRSF11B,plasma,PROT,1,-0.6840446996435314,0.35146562025153627
TNFRSF12A,TNFRSF12A,plasma,PROT,1,-0.5112467988890375,0.27154370477773937
TNFRSF13B,TNFRSF13B,plasma,PROT,1,0.0088338054699362,0.2298486186990163
TNFRSF13C,TNFRSF13C,plasma,PROT,1,0.18688482662242778,0.4850907407177362
TNFRSF14,TNFRSF14,plasma,PROT,1,-0.1841044643856629,0.34467742719475863
TNFRSF17,TNFRSF17,plasma,PROT,1,0.2946114362079144,0.2842876150830997
TNFRSF19,TNFRSF19,plasma,PROT,1,-0.0362847909686174,0.198875
TNFRSF1A,TNFRSF1A,plasma,PROT,1,-0.3509576473825421,0.3049649434670704
TNFRSF1B,TNFRSF1B,plasma,PROT,1,-0.2237402832903869,0.32194125348113184
TNFRSF21,TNFRSF21,plasma,PROT,1,-0.20265618641565591,0.2410840296466614
TNFRSF4,TNFRSF4,plasma,PROT,1,0.06941839699126555,0.1614565143989255
TNFRSF6B,TNFRSF6B,plasma,PROT,1,-0.14880659630611487,0.23182063579668966
TNFRSF8,TNFRSF8,plasma,PROT,1,0.23156562595900937,0.3281262269636337
TNFRSF9,TNFRSF9,plasma,PROT,1,0.03086945473740435,0.1963650479533972
TNFSF10,TNFSF10,plasma,PROT,1,0.0612,0.15934062508350444
TNFSF11,TNFSF11,plasma,PROT,1,0.26645,0.3559286684341061
TNFSF12,TNFSF12,plasma,PROT,1,0.3192659126769631,0.1851970703129976
TNFSF13,TNFSF13,plasma,PROT,1,-0.15007245112855716,0.28126521394109916
TNFSF13B,TNFSF13B,plasma,PROT,1,0.07832549774767195,0.27010807900718337
TNFSF14,TNFSF14,plasma,PROT,1,0.06535957429550554,0.3944114298278365
TNFSF9,TNFSF9,plasma,PROT,1,-0.0551938382848325,0.3203172760554722
TNIP1,TNIP1,plasma,PROT,1,-0.09742688150665035,0.5925057675141691
TNN,TNN,plasma,PROT,1,-0.1486350120699929,0.3117104610221767
TNR,TNR,plasma,PROT,1,-0.15308625199094567,0.35115
TNXB,TNXB,plasma,PROT,1,0.25952184953772234,0.2503
TOM1L2,TOM1L2,plasma,PROT,1,0.09905,0.7444763423666712
TOMM20,TOMM20,plasma,PROT,1,-0.0152573969616015,0.300134152191316
TOP1,TOP1,plasma,PROT,1,-0.055191697474355844,1.0277269260332644
TOP1MT,TOP1MT,plasma,PROT,1,1.1859875142050322e-05,0.7120373321495832
TOP2B,TOP2B,plasma,PROT,1,-0.0710204818256088,0.5288152149896321
TOR1AIP1,TOR1AIP1,plasma,PROT,1,-0.09183531272922585,0.44686165006679013
TP53,TP53,plasma,PROT,1,-0.01715,0.5695597969565913
TP53BP1,TP53BP1,plasma,PROT,1,-0.15375386864126817,0.4241145986907036
TP53I3,TP53I3,plasma,PROT,1,-0.15055000000000002,0.3257606906091036
TP53INP1,TP53INP1,plasma,PROT,1,-0.0217227373702107,0.23285564833478653
TP73,TP73,plasma,PROT,1,0.07719557986549976,0.5881613128512422
TPBGL,TPBGL,plasma,PROT,1,0.022031842909847547,0.2205536290078911
TPD52L2,TPD52L2,plasma,PROT,1,-0.11221363535634435,0.7973767133857191
TPK1,TPK1,plasma,PROT,1,-0.18442225858991484,0.3200279870060808
TPM3,TPM3,plasma,PROT,1,-0.17879117742944534,0.35997390350679453
TPMT,TPMT,plasma,PROT,1,-0.08937144618088336,0.419672179489652
TPP1,TPP1,plasma,PROT,1,-0.7170636116904056,0.23256234707487938
TPPP2,TPPP2,plasma,PROT,1,-0.31358055485640846,1.0549825912705768
TPPP3,TPPP3,plasma,PROT,1,-0.08837515011531849,0.46375879029899025
TPR,TPR,plasma,PROT,1,-0.3397902042203633,0.4356353660332222
TPRKB,TPRKB,plasma,PROT,1,0.02137996411601745,0.5199158609002195
TPSAB1,TPSAB1,plasma,PROT,1,0.008186512887866551,0.35472947166040525
TPSD1,TPSD1,plasma,PROT,1,-0.00037301007487075,0.3122949193185595
TPSG1,TPSG1,plasma,PROT,1,-0.1062315569143801,0.6532922383870565
TPT1,TPT1,plasma,PROT,1,0.1523134394987019,0.47053824202147143
TRAF2,TRAF2,plasma,PROT,1,-0.23942777628545195,0.45476544573264766
TRAF3,TRAF3,plasma,PROT,1,-0.03038338535708705,0.13385930776422766
TRAF3IP2,TRAF3IP2,plasma,PROT,1,0.0431094589100297,0.37704906304970454
TRDMT1,TRDMT1,plasma,PROT,1,-0.08666388525781255,0.7303336658119435
TREH,TREH,plasma,PROT,1,-0.8112486980995712,0.8034414421290139
TREM2,TREM2,plasma,PROT,1,-0.30564803856940703,0.5583528884283704
TREML1,TREML1,plasma,PROT,1,-0.1304261108251653,0.6914200931286181
TREML2,TREML2,plasma,PROT,1,-1.11786287735503,0.37854953363947047
TRIAP1,TRIAP1,plasma,PROT,1,-0.139011173057962,0.17067215562977658
TRIM21,TRIM21,plasma,PROT,1,-0.2281162247913539,0.42218637351277155
TRIM24,TRIM24,plasma,PROT,1,-0.36054784582607147,0.5544527106890211
TRIM25,TRIM25,plasma,PROT,1,-0.272175,0.7072031847245667
TRIM26,TRIM26,plasma,PROT,1,-0.2175253733203324,0.5077063913993998
TRIM40,TRIM40,plasma,PROT,1,0.04765786582706845,0.7416396697159328
TRIM5,TRIM5,plasma,PROT,1,-0.2131007875687119,0.5242445784789751
TRIM58,TRIM58,plasma,PROT,1,-0.12327089717151535,0.5845226157197442
TRPV3,TRPV3,plasma,PROT,1,0.11847499999999994,0.43917144150580584
TSC22D1,TSC22D1,plasma,PROT,1,-0.0087600916564959,0.488625309802087
TSHB,TSHB,plasma,PROT,1,-0.1778120654886866,0.40854291657315933
TSLP,TSLP,plasma,PROT,1,0.11100080405302806,0.5382275829432768
TSPAN1,TSPAN1,plasma,PROT,1,0.0098,0.1297170213918564
TSPAN15,TSPAN15,plasma,PROT,1,0.09152055271632245,0.3924178580201723
TSPAN7,TSPAN7,plasma,PROT,1,-0.04591996614536095,0.3258208228603225
TSPAN8,TSPAN8,plasma,PROT,1,0.6409051579829121,0.9249558925582025
TSPYL1,TSPYL1,plasma,PROT,1,-0.07216667452715275,0.21689246933723674
TST,TST,plasma,PROT,1,-0.02480955783942585,0.2779434976689832
TTF2,TTF2,plasma,PROT,1,-0.48678215735069197,0.945509564479248
TTN,TTN,plasma,PROT,1,-0.0721077866649253,0.2902441440839599
TTR,TTR,plasma,PROT,1,-0.03666822791619655,0.17582474640684778
TUBB3,TUBB3,plasma,PROT,1,-0.12355000000000001,0.32074528754106163
TWF2,TWF2,plasma,PROT,1,-0.1177204701474902,0.4594935622987787
TXK,TXK,plasma,PROT,1,0.00338948727961335,0.41674886963154395
TXLNA,TXLNA,plasma,PROT,1,-0.3420478539046425,0.616830254311204
TXN,TXN,plasma,PROT,1,0.00249999999999995,0.1689621332698186
TXNDC15,TXNDC15,plasma,PROT,1,-0.2575615261578437,0.23616896535779341
TXNDC5,TXNDC5,plasma,PROT,1,-0.2986749999999999,0.32189917197250634
TXNDC9,TXNDC9,plasma,PROT,1,-0.0110563712037088,0.21085
TXNL1,TXNL1,plasma,PROT,1,-0.01456650033992685,0.7391199297141471
TXNRD1,TXNRD1,plasma,PROT,1,-0.1347464475289527,0.22279842163142385
TYMP,TYMP,plasma,PROT,1,-0.20554552960100675,0.4843494868181659
TYRO3,TYRO3,plasma,PROT,1,-0.01189794433376235,0.24674999999999997
TYRP1,TYRP1,plasma,PROT,1,-0.0714124120282654,0.35759075302181426
UBAC1,UBAC1,plasma,PROT,1,-0.07802532751588864,0.3040625247174136
UBE2B,UBE2B,plasma,PROT,1,-0.0422386052165095,0.20697324840963974
UBE2L6,UBE2L6,plasma,PROT,1,-0.23443490381543042,0.37177136483688444
UBE2Z,UBE2Z,plasma,PROT,1,0.0701671594592858,0.657792353981307
UBQLN3,UBQLN3,plasma,PROT,1,-0.0574979054047193,0.43616135977802734
UBXN1,UBXN1,plasma,PROT,1,-0.12918129319368635,0.25717398706227323
UFD1,UFD1,plasma,PROT,1,-0.2585993988531195,0.797487946376871
UGDH,UGDH,plasma,PROT,1,-0.015765221865086,0.24895936050563655
UHRF2,UHRF2,plasma,PROT,1,0.07216436443178689,0.2917211213996126
ULBP2,ULBP2,plasma,PROT,1,-0.18555402215667494,0.21775557556830677
UMOD,UMOD,plasma,PROT,1,0.34808399681355207,0.34705469364709096
UNC5D,UNC5D,plasma,PROT,1,0.037,0.2201232435280518
UNC79,UNC79,plasma,PROT,1,-0.24014218664370068,0.6457843261442422
UNG,UNG,plasma,PROT,1,-0.0752706763959112,0.3031405473204811
UPB1,UPB1,plasma,PROT,1,-0.8040001716779458,1.1718621593696434
UPK3A,UPK3A,plasma,PROT,1,0.0523446295242559,0.27692480079798354
UPK3BL1,UPK3BL1,plasma,PROT,1,-0.0822745733995046,0.5672448798081919
UROD,UROD,plasma,PROT,1,-0.0777650086507336,0.48963553351809064
USO1,USO1,plasma,PROT,1,-0.13760794094675965,0.7213300911673713
USP25,USP25,plasma,PROT,1,-0.21065,0.36547256170239695
USP28,USP28,plasma,PROT,1,-0.0410801177473009,0.1338823148168679
USP47,USP47,plasma,PROT,1,-0.1731288572931448,0.40291528116416075
USP8,USP8,plasma,PROT,1,-0.09539449274623975,0.5085341959147143
VAMP5,VAMP5,plasma,PROT,1,0.0872,0.5825068052663518
VAMP8,VAMP8,plasma,PROT,1,-0.32445186793004205,0.6970124996603806
VASH1,VASH1,plasma,PROT,1,-0.0279555620487588,0.2457796095070827
VASN,VASN,plasma,PROT,1,0.31326770564085604,0.2187394316032032
VASP,VASP,plasma,PROT,1,-0.2246180422775354,0.412544925898771
VAT1,VAT1,plasma,PROT,1,0.01719788331566735,0.12475121773484975
VAV3,VAV3,plasma,PROT,1,-0.16509329847321863,0.6694118695122261
VCAM1,VCAM1,plasma,PROT,1,-0.11045384600679356,0.14855146522546633
VCAN,VCAN,plasma,PROT,1,-0.06435622285414039,0.2971336165504239
VCPKMT,VCPKMT,plasma,PROT,1,-0.1309493984416274,0.6414972288526434
VEGFA,VEGFA,plasma,PROT,1,-0.15744807477754985,0.1224565554080107
VEGFB,VEGFB,plasma,PROT,1,0.0852829970476633,0.1862771391172982
VEGFC,VEGFC,plasma,PROT,1,0.10353280474726059,0.3766052639750344
VEGFD,VEGFD,plasma,PROT,1,0.15293787930398864,0.34065091436080686
VGF,VGF,plasma,PROT,1,-0.33258471772290465,0.26867520358529895
VIM,VIM,plasma,PROT,1,-0.0446246029665584,0.4150379008664372
VIPR1,VIPR1,plasma,PROT,1,-0.01369961540754185,0.17795001392966245
VIT,VIT,plasma,PROT,1,0.04300302790261175,0.4077242295082576
VMO1,VMO1,plasma,PROT,1,-0.5381833335614765,0.4312995507419544
VNN1,VNN1,plasma,PROT,1,-0.3649090996727695,0.5603897514268386
VNN2,VNN2,plasma,PROT,1,0.00254427968257345,0.3334202851989969
VPS28,VPS28,plasma,PROT,1,0.00513646849561185,0.43281815941407015
VPS37A,VPS37A,plasma,PROT,1,-0.1892031481616343,0.4180480710636568
VPS4B,VPS4B,plasma,PROT,1,-0.04247276386133735,0.6010249999999999
VPS53,VPS53,plasma,PROT,1,-0.11549158343996355,0.2842
VSIG10,VSIG10,plasma,PROT,1,-0.030828757340934702,0.44819454187455054
VSIG10L,VSIG10L,plasma,PROT,1,0.0487,0.3141387109916171
VSIG2,VSIG2,plasma,PROT,1,0.04093151094509925,0.38634181749647667
VSIG4,VSIG4,plasma,PROT,1,-0.45855129720283316,0.3623512972028332
VSIR,VSIR,plasma,PROT,1,-0.6604713256298813,0.3432144955467826
VSNL1,VSNL1,plasma,PROT,1,0.4302676848942386,0.30802687693300557
VSTM1,VSTM1,plasma,PROT,1,0.01300666108093375,0.5887629009765685
VSTM2B,VSTM2B,plasma,PROT,1,0.131433307028519,0.4076805464801956
VSTM2L,VSTM2L,plasma,PROT,1,0.0163033108908689,0.30503084200860897
VTA1,VTA1,plasma,PROT,1,-0.1646,0.4476114652485247
VTCN1,VTCN1,plasma,PROT,1,-0.38792162196037716,0.3725663198567575
VTI1A,VTI1A,plasma,PROT,1,-0.0705325365349897,0.11092660293969714
VWA1,VWA1,plasma,PROT,1,-1.153024025612567,0.35314396107453827
VWA5A,VWA5A,plasma,PROT,1,-0.0769675040705018,1.0063324959294984
VWC2,VWC2,plasma,PROT,1,0.09462495314692959,0.2601414424794906
VWC2L,VWC2L,plasma,PROT,1,0.00703514067341875,0.17643514067341876
VWF,VWF,plasma,PROT,1,-0.4074013260960792,0.6706627228297031
WARS1,WARS1,plasma,PROT,1,-0.20004222230233515,0.21113909006478335
WAS,WAS,plasma,PROT,1,-0.3579055822729864,0.6824444177270136
WASF1,WASF1,plasma,PROT,1,-0.15468858868662394,0.48792500000000005
WASF3,WASF3,plasma,PROT,1,-0.11374163585694735,0.8348244335438587
WASHC3,WASHC3,plasma,PROT,1,-0.17474416265381282,0.3848817282909048
WDR46,WDR46,plasma,PROT,1,0.06641450454788506,0.3532096661569706
WFDC1,WFDC1,plasma,PROT,1,-0.09822119752846656,0.18110454574620488
WFDC12,WFDC12,plasma,PROT,1,-0.24963241587537366,0.46099069620879496
WFDC2,WFDC2,plasma,PROT,1,-0.220483410946601,0.26358259544559604
WFIKKN1,WFIKKN1,plasma,PROT,1,-0.1114029765734299,0.2465347732291527
WFIKKN2,WFIKKN2,plasma,PROT,1,0.1516132085281448,0.3578969058765219
WIF1,WIF1,plasma,PROT,1,0.16512663670643474,0.23415984906431542
WNT9A,WNT9A,plasma,PROT,1,0.04428870483816965,0.1925612899510645
WWP2,WWP2,plasma,PROT,1,-0.10354744415249306,0.28522643619197624
XCL1,XCL1,plasma,PROT,1,-0.0031688962760251503,0.17462285393293445
XG,XG,plasma,PROT,1,0.07953468640486386,0.23254032237285832
XIAP,XIAP,plasma,PROT,1,-0.2156539297193681,0.40693603914830156
XPNPEP2,XPNPEP2,plasma,PROT,1,-0.3897363086037703,0.8831352045614178
XRCC4,XRCC4,plasma,PROT,1,-0.05233429514126515,0.29039322781317156
YARS1,YARS1,plasma,PROT,1,-0.48313495181550137,1.1161552413924758
YES1,YES1,plasma,PROT,1,-0.2860884806311714,0.569449426973732
YJU2,YJU2,plasma,PROT,1,0.016466162852614902,0.2545877256402144
YOD1,YOD1,plasma,PROT,1,-0.03488413205947165,0.5897784765166897
YTHDF3,YTHDF3,plasma,PROT,1,-0.12232421124714665,0.6345160836689705
YWHAQ,YWHAQ,plasma,PROT,1,-0.06294495136707284,0.13485041692908134
YY1,YY1,plasma,PROT,1,0.0165552423633068,0.472905978631663
ZBP1,ZBP1,plasma,PROT,1,-0.0326151115106828,0.26106050552949017
ZBTB16,ZBTB16,plasma,PROT,1,-0.14260677845388875,0.3907906638514854
ZBTB17,ZBTB17,plasma,PROT,1,-0.056553866124080004,0.263556895665394
ZCCHC8,ZCCHC8,plasma,PROT,1,-0.034662343413114,0.4747019361585789
ZFYVE19,ZFYVE19,plasma,PROT,1,-0.049355937673291994,0.5102626477355436
ZHX2,ZHX2,plasma,PROT,1,0.01763496150855725,0.17799595318466715
ZNF75D,ZNF75D,plasma,PROT,1,0.04316011612725715,0.8078343454139758
ZNF830,ZNF830,plasma,PROT,1,0.0710481709332633,0.14366405622378314
ZNRD2,ZNRD2,plasma,PROT,1,-0.03075,0.9130171977444475
ZNRF4,ZNRF4,plasma,PROT,1,0.05710560025949435,0.34348160107600745
ZP3,ZP3,plasma,PROT,1,-0.6934196007154427,1.20247880949239
ZP4,ZP4,plasma,PROT,1,-0.3009778688990562,0.7696753605645847
ZPR1,ZPR1,plasma,PROT,1,0.07195065711751665,0.5641253676725155
