{
  "tissue": "plasma",
  "timepoint": "B",
  "outcomes": [
    "HDP",
    "FGR",
    "sPTB"
  ],
  "n_train": 75,
  "n_val": 16,
  "n_test": 17,
  "n_features_pretlasso": 2105,
  "n_features_postlasso": 2105,
  "best_model_val": "RandomForest",
  "best_val_macro_pr_auc": 0.8404761904761905,
  "test_metrics": {
    "LogisticRegression": {
      "HDP": {
        "pr_auc": 0.5709090909090908,
        "roc_auc": 0.7166666666666667,
        "accuracy": 0.7058823529411765,
        "precision": 0.5,
        "recall": 0.4,
        "f1": 0.4444444444444444
      },
      "FGR": {
        "pr_auc": 0.16666666666666666,
        "roc_auc": 0.6875,
        "accuracy": 0.9411764705882353,
        "precision": 0.0,
        "recall": 0.0,
        "f1": 0.0
      },
      "sPTB": {
        "pr_auc": 0.0,
        "roc_auc": NaN,
        "accuracy": 0.8823529411764706,
        "precision": 0.0,
        "recall": 0.0,
        "f1": 0.0
      }
    },
    "RandomForest": {
      "HDP": {
        "pr_auc": 0.3127429433311786,
        "roc_auc": 0.45,
        "accuracy": 0.6470588235294118,
        "precision": 0.0,
        "recall": 0.0,
        "f1": 0.0
      },
      "FGR": {
        "pr_auc": 0.14285714285714285,
        "roc_auc": 0.625,
        "accuracy": 0.9411764705882353,
        "precision": 0.0,
        "recall": 0.0,
        "f1": 0.0
      },
      "sPTB": {
        "pr_auc": 0.0,
        "roc_auc": NaN,
        "accuracy": 1.0,
        "precision": 0.0,
        "recall": 0.0,
        "f1": 0.0
      }
    },
    "XGBoost": {
      "HDP": {
        "pr_auc": 0.48238095238095235,
        "roc_auc": 0.6833333333333333,
        "accuracy": 0.6470588235294118,
        "precision": 0.0,
        "recall": 0.0,
        "f1": 0.0
      },
      "FGR": {
        "pr_auc": 0.1,
        "roc_auc": 0.4375,
        "accuracy": 0.9411764705882353,
        "precision": 0.0,
        "recall": 0.0,
        "f1": 0.0
      },
      "sPTB": {
        "pr_auc": 0.0,
        "roc_auc": NaN,
        "accuracy": 1.0,
        "precision": 0.0,
        "recall": 0.0,
        "f1": 0.0
      }
    },
    "SVM": {
      "HDP": {
        "pr_auc": 0.49111111111111116,
        "roc_auc": 0.7500000000000001,
        "accuracy": 0.7058823529411765,
        "precision": 0.5,
        "recall": 0.6,
        "f1": 0.5454545454545454
      },
      "FGR": {
        "pr_auc": 0.08333333333333333,
        "roc_auc": 0.3125,
        "accuracy": 0.9411764705882353,
        "precision": 0.0,
        "recall": 0.0,
        "f1": 0.0
      },
      "sPTB": {
        "pr_auc": 0.0,
        "roc_auc": NaN,
        "accuracy": 1.0,
        "precision": 0.0,
        "recall": 0.0,
        "f1": 0.0
      }
    }
  }
}