2026-09-07 15:07:53,168 - INFO - Initializing metabolomics cleaning...
2026-09-07 15:07:53,168 - INFO - Reading expression, batch, compound, and metadata files...
2026-09-07 15:07:53,986 - INFO - Batches: ['32425', '62923']
2026-09-07 15:07:53,986 - INFO - Handling NA entires...
2026-09-07 15:07:54,121 - INFO - Splitting by batch and run type (Samples or Pooled)...
2026-09-07 15:07:54,127 - INFO - QC: Sample DP3-0024 in Samples_62923_POS failed the Median Absolute Deviation threshold test.
2026-09-07 15:07:54,128 - INFO - QC: Sample DP3-0265 in Samples_62923_POS failed the Median Absolute Deviation threshold test.
2026-09-07 15:07:54,130 - INFO - QC: Sample DP3-0389 in Samples_32425_POS failed the >50% missingness test.
2026-09-07 15:07:54,135 - INFO - QC: Compound 789 failed the RSD < 30 check
32425    122.165240
62923     92.313607
Name: 789, dtype: float64
2026-09-07 15:07:54,137 - INFO - QC: Compound 790 failed the RSD < 30 check
32425    122.165240
62923     43.946167
Name: 790, dtype: float64
2026-09-07 15:07:54,138 - INFO - QC: Compound 5209 failed the RSD < 30 check
32425    44.282003
62923     3.842936
Name: 5209, dtype: float64
2026-09-07 15:07:54,139 - INFO - QC: Compound 3321 failed the RSD < 30 check
32425    123.800894
62923     43.872667
Name: 3321, dtype: float64
2026-09-07 15:07:54,140 - INFO - QC: Compound 4727 failed the RSD < 30 check
32425    32.823272
62923    28.573820
Name: 4727, dtype: float64
2026-09-07 15:07:54,141 - INFO - QC: Compound 4728 failed the RSD < 30 check
32425    32.823272
62923    28.573820
Name: 4728, dtype: float64
2026-09-07 15:07:54,143 - INFO - QC: Compound 1461 failed the RSD < 30 check
32425    170.964274
62923      6.439008
Name: 1461, dtype: float64
2026-09-07 15:07:54,144 - INFO - QC: Compound 1463 failed the RSD < 30 check
32425    170.962797
62923      6.687199
Name: 1463, dtype: float64
2026-09-07 15:07:54,145 - INFO - QC: Compound 7083 failed the RSD < 30 check
32425    124.408602
62923      5.255594
Name: 7083, dtype: float64
2026-09-07 15:07:54,146 - INFO - QC: Compound 4952 failed the RSD < 30 check
32425    170.867660
62923      7.421089
Name: 4952, dtype: float64
2026-09-07 15:07:54,147 - INFO - QC: Compound 5030 failed the RSD < 30 check
32425    124.643203
62923      5.642855
Name: 5030, dtype: float64
2026-09-07 15:07:54,149 - INFO - QC: Compound 3142 failed the RSD < 30 check
32425    107.346252
62923     38.925659
Name: 3142, dtype: float64
2026-09-07 15:07:54,150 - INFO - QC: Compound 3208 failed the RSD < 30 check
32425    19.139226
62923    39.453840
Name: 3208, dtype: float64
2026-09-07 15:07:54,151 - INFO - QC: Compound 1374 failed the RSD < 30 check
32425    69.075622
62923     5.147728
Name: 1374, dtype: float64
2026-09-07 15:07:54,152 - INFO - QC: Compound 1392 failed the RSD < 30 check
32425    67.152472
62923    67.933285
Name: 1392, dtype: float64
2026-09-07 15:07:54,154 - INFO - QC: Compound 1371 failed the RSD < 30 check
32425    114.935947
62923    123.419566
Name: 1371, dtype: float64
2026-09-07 15:07:54,155 - INFO - QC: Compound 7218 failed the RSD < 30 check
32425    116.453497
62923     93.018006
Name: 7218, dtype: float64
2026-09-07 15:07:54,156 - INFO - QC: Compound 3521 failed the RSD < 30 check
32425    92.016880
62923    52.099937
Name: 3521, dtype: float64
2026-09-07 15:07:54,157 - INFO - QC: Compound 22 failed the RSD < 30 check
32425    168.954480
62923      2.028216
Name: 22, dtype: float64
2026-09-07 15:07:54,158 - INFO - QC: Compound 26 failed the RSD < 30 check
32425    169.277985
62923      2.028216
Name: 26, dtype: float64
2026-09-07 15:07:54,159 - INFO - QC: Compound 20 failed the RSD < 30 check
32425    168.548635
62923      1.321312
Name: 20, dtype: float64
2026-09-07 15:07:54,161 - INFO - QC: Compound 1797 failed the RSD < 30 check
32425    93.346326
62923    66.209826
Name: 1797, dtype: float64
2026-09-07 15:07:54,162 - INFO - QC: Compound 1798 failed the RSD < 30 check
32425     45.352861
62923    123.010921
Name: 1798, dtype: float64
2026-09-07 15:07:54,163 - INFO - QC: Compound 2302 failed the RSD < 30 check
32425    257.628680
62923    160.149464
Name: 2302, dtype: float64
2026-09-07 15:07:54,164 - INFO - QC: Compound 2304 failed the RSD < 30 check
32425    66.400719
62923    64.996740
Name: 2304, dtype: float64
2026-09-07 15:07:54,165 - INFO - QC: Compound 2906 failed the RSD < 30 check
32425      8.522424
62923    122.731126
Name: 2906, dtype: float64
2026-09-07 15:07:54,167 - INFO - QC: Compound 2475 failed the RSD < 30 check
32425    35.010819
62923    21.549005
Name: 2475, dtype: float64
2026-09-07 15:07:54,168 - INFO - QC: Compound 421 failed the RSD < 30 check
32425    174.841725
62923     40.503616
Name: 421, dtype: float64
2026-09-07 15:07:54,169 - INFO - QC: Compound 2145 failed the RSD < 30 check
32425    44.548117
62923    66.784476
Name: 2145, dtype: float64
2026-09-07 15:07:54,170 - INFO - QC: Compound 2146 failed the RSD < 30 check
32425    163.730751
62923     66.065791
Name: 2146, dtype: float64
2026-09-07 15:07:54,171 - INFO - QC: Compound 1550 failed the RSD < 30 check
32425    98.644648
62923     8.472473
Name: 1550, dtype: float64
2026-09-07 15:07:54,172 - INFO - QC: Compound 1929 failed the RSD < 30 check
32425     28.301229
62923    118.516623
Name: 1929, dtype: float64
2026-09-07 15:07:54,174 - INFO - QC: Compound 1932 failed the RSD < 30 check
32425     38.417141
62923    105.770135
Name: 1932, dtype: float64
2026-09-07 15:07:54,175 - INFO - QC: Compound 4729 failed the RSD < 30 check
32425    120.798945
62923     14.624578
Name: 4729, dtype: float64
2026-09-07 15:07:54,176 - INFO - QC: Compound 5474 failed the RSD < 30 check
32425    34.900538
62923     7.736007
Name: 5474, dtype: float64
2026-09-07 15:07:54,177 - INFO - QC: Compound 2586 failed the RSD < 30 check
32425    42.287723
62923     7.350823
Name: 2586, dtype: float64
2026-09-07 15:07:54,178 - INFO - QC: Compound 2287 failed the RSD < 30 check
32425    50.434971
62923    32.344783
Name: 2287, dtype: float64
2026-09-07 15:07:54,180 - INFO - QC: Compound 4730 failed the RSD < 30 check
32425    139.932012
62923     27.491326
Name: 4730, dtype: float64
2026-09-07 15:07:54,181 - INFO - QC: Compound 4731 failed the RSD < 30 check
32425    140.145356
62923     27.491326
Name: 4731, dtype: float64
2026-09-07 15:07:54,182 - INFO - QC: Compound 2762 failed the RSD < 30 check
32425    123.283142
62923    166.740107
Name: 2762, dtype: float64
2026-09-07 15:07:54,183 - INFO - QC: Compound 1917 failed the RSD < 30 check
32425    30.331391
62923     4.969476
Name: 1917, dtype: float64
2026-09-07 15:07:54,184 - INFO - QC: Compound 5042 failed the RSD < 30 check
32425    43.288618
62923     7.694592
Name: 5042, dtype: float64
2026-09-07 15:07:54,185 - INFO - QC: Compound 5643 failed the RSD < 30 check
32425    87.844972
62923     8.015643
Name: 5643, dtype: float64
2026-09-07 15:07:54,187 - INFO - QC: Compound 306 failed the RSD < 30 check
32425    50.932952
62923    18.540329
Name: 306, dtype: float64
2026-09-07 15:07:54,188 - INFO - QC: Compound 3627 failed the RSD < 30 check
32425    31.453143
62923    45.613307
Name: 3627, dtype: float64
2026-09-07 15:07:54,189 - INFO - QC: Compound 2470 failed the RSD < 30 check
32425    43.162948
62923    45.200609
Name: 2470, dtype: float64
2026-09-07 15:07:54,190 - INFO - QC: Compound 5638 failed the RSD < 30 check
32425    33.563060
62923     2.816022
Name: 5638, dtype: float64
2026-09-07 15:07:54,191 - INFO - QC: Compound 5902 failed the RSD < 30 check
32425    13.258728
62923    42.370196
Name: 5902, dtype: float64
2026-09-07 15:07:54,193 - INFO - QC: Compound 296 failed the RSD < 30 check
32425     38.012663
62923    110.554663
Name: 296, dtype: float64
2026-09-07 15:07:54,194 - INFO - QC: Compound 1971 failed the RSD < 30 check
32425    121.185297
62923      6.623322
Name: 1971, dtype: float64
2026-09-07 15:07:54,195 - INFO - QC: Compound 314 failed the RSD < 30 check
32425    13.618044
62923    55.719523
Name: 314, dtype: float64
2026-09-07 15:07:54,196 - INFO - QC: Compound 310 failed the RSD < 30 check
32425    31.093552
62923    22.949951
Name: 310, dtype: float64
2026-09-07 15:07:54,197 - INFO - QC: Compound 4106 failed the RSD < 30 check
32425    31.199517
62923    45.386096
Name: 4106, dtype: float64
2026-09-07 15:07:54,198 - INFO - QC: Compound 1678 failed the RSD < 30 check
32425    151.007620
62923     44.251783
Name: 1678, dtype: float64
2026-09-07 15:07:54,200 - INFO - QC: Compound 1714 failed the RSD < 30 check
32425    48.152686
62923    40.480622
Name: 1714, dtype: float64
2026-09-07 15:07:54,201 - INFO - QC: Compound 6606 failed the RSD < 30 check
32425    32.160948
62923     7.827665
Name: 6606, dtype: float64
2026-09-07 15:07:54,202 - INFO - QC: Compound 3718 failed the RSD < 30 check
32425    40.412098
62923     6.757519
Name: 3718, dtype: float64
2026-09-07 15:07:54,203 - INFO - QC: Compound 3504 failed the RSD < 30 check
32425    16.650073
62923    70.875936
Name: 3504, dtype: float64
2026-09-07 15:07:54,204 - INFO - QC: Compound 2642 failed the RSD < 30 check
32425    36.143641
62923    16.174655
Name: 2642, dtype: float64
2026-09-07 15:07:54,205 - INFO - QC: Compound 2644 failed the RSD < 30 check
32425    33.389884
62923     9.077889
Name: 2644, dtype: float64
2026-09-07 15:07:54,207 - INFO - QC: Compound 5203 failed the RSD < 30 check
32425    18.436979
62923    38.537066
Name: 5203, dtype: float64
2026-09-07 15:07:54,208 - INFO - QC: Compound 3432 failed the RSD < 30 check
32425    114.528340
62923     75.623112
Name: 3432, dtype: float64
2026-09-07 15:07:54,209 - INFO - QC: Compound 5068 failed the RSD < 30 check
32425    143.942205
62923    111.213166
Name: 5068, dtype: float64
2026-09-07 15:07:54,210 - INFO - QC: Compound 4961 failed the RSD < 30 check
32425    83.124563
62923     2.399334
Name: 4961, dtype: float64
2026-09-07 15:07:54,211 - INFO - QC: Compound 6711 failed the RSD < 30 check
32425    82.285746
62923     2.770326
Name: 6711, dtype: float64
2026-09-07 15:07:54,212 - INFO - QC: Compound 4953 failed the RSD < 30 check
32425    82.685894
62923     3.257670
Name: 4953, dtype: float64
2026-09-07 15:07:54,214 - INFO - QC: Compound 4164 failed the RSD < 30 check
32425    45.822511
62923    35.481733
Name: 4164, dtype: float64
2026-09-07 15:07:54,215 - INFO - QC: Compound 2309 failed the RSD < 30 check
32425    69.861691
62923    27.704156
Name: 2309, dtype: float64
2026-09-07 15:07:54,216 - INFO - QC: Compound 2366 failed the RSD < 30 check
32425    32.014871
62923    10.636331
Name: 2366, dtype: float64
2026-09-07 15:07:54,217 - INFO - QC: Compound 1205 failed the RSD < 30 check
32425    26.177643
62923    33.532401
Name: 1205, dtype: float64
2026-09-07 15:07:54,218 - INFO - QC: Compound 1207 failed the RSD < 30 check
32425    35.999569
62923    21.018719
Name: 1207, dtype: float64
2026-09-07 15:07:54,219 - INFO - QC: Compound 4409 failed the RSD < 30 check
32425    33.670121
62923    20.699684
Name: 4409, dtype: float64
2026-09-07 15:07:54,221 - INFO - QC: Compound 7215 failed the RSD < 30 check
32425     5.792596
62923    49.197924
Name: 7215, dtype: float64
2026-09-07 15:07:54,222 - INFO - QC: Compound 7216 failed the RSD < 30 check
32425      5.345093
62923    159.979250
Name: 7216, dtype: float64
2026-09-07 15:07:54,223 - INFO - QC: Compound 4109 failed the RSD < 30 check
32425    11.077050
62923    53.717306
Name: 4109, dtype: float64
2026-09-07 15:07:54,224 - INFO - QC: Compound 5178 failed the RSD < 30 check
32425    29.690502
62923    32.701214
Name: 5178, dtype: float64
2026-09-07 15:07:54,225 - INFO - QC: Compound 2305 failed the RSD < 30 check
32425    154.078112
62923    111.971663
Name: 2305, dtype: float64
2026-09-07 15:07:54,226 - INFO - QC: Compound 2367 failed the RSD < 30 check
32425    48.677980
62923    86.540488
Name: 2367, dtype: float64
2026-09-07 15:07:54,228 - INFO - QC: Compound 3617 failed the RSD < 30 check
32425    10.478636
62923    32.939646
Name: 3617, dtype: float64
2026-09-07 15:07:54,229 - INFO - QC: Compound 1408 failed the RSD < 30 check
32425    23.170707
62923    96.531390
Name: 1408, dtype: float64
2026-09-07 15:07:54,230 - INFO - QC: Compound 315 failed the RSD < 30 check
32425    49.182449
62923    12.502238
Name: 315, dtype: float64
2026-09-07 15:07:54,231 - INFO - QC: Compound 1802 failed the RSD < 30 check
32425    68.887257
62923    39.414289
Name: 1802, dtype: float64
2026-09-07 15:07:54,232 - INFO - QC: Compound 4167 failed the RSD < 30 check
32425    31.227441
62923    18.247700
Name: 4167, dtype: float64
2026-09-07 15:07:54,233 - INFO - QC: Compound 3625 failed the RSD < 30 check
32425    57.984058
62923    47.911669
Name: 3625, dtype: float64
2026-09-07 15:07:54,235 - INFO - QC: Compound 2205 failed the RSD < 30 check
32425    38.849107
62923     3.582625
Name: 2205, dtype: float64
2026-09-07 15:07:54,236 - INFO - QC: Compound 5840 failed the RSD < 30 check
32425    25.320965
62923    37.021928
Name: 5840, dtype: float64
2026-09-07 15:07:54,237 - INFO - QC: Compound 5846 failed the RSD < 30 check
32425    10.748171
62923    79.071331
Name: 5846, dtype: float64
2026-09-07 15:07:54,238 - INFO - QC: Compound 4162 failed the RSD < 30 check
32425    49.403354
62923    33.875444
Name: 4162, dtype: float64
2026-09-07 15:07:54,239 - INFO - QC: Compound 2168 failed the RSD < 30 check
32425    92.768296
62923    68.384562
Name: 2168, dtype: float64
2026-09-07 15:07:54,240 - INFO - QC: Compound 2637 failed the RSD < 30 check
32425    31.252564
62923    16.726646
Name: 2637, dtype: float64
2026-09-07 15:07:54,241 - INFO - QC: Compound 4938 failed the RSD < 30 check
32425    33.561814
62923     8.683226
Name: 4938, dtype: float64
2026-09-07 15:07:54,243 - INFO - QC: Compound 3358 failed the RSD < 30 check
32425    16.050274
62923    34.262750
Name: 3358, dtype: float64
2026-09-07 15:07:54,244 - INFO - QC: Compound 3882 failed the RSD < 30 check
32425    39.966238
62923    46.237165
Name: 3882, dtype: float64
2026-09-07 15:07:54,245 - INFO - QC: Compound 326 failed the RSD < 30 check
32425    49.182449
62923    15.802278
Name: 326, dtype: float64
2026-09-07 15:07:54,246 - INFO - QC: Compound 4467 failed the RSD < 30 check
32425    33.340368
62923    22.900416
Name: 4467, dtype: float64
2026-09-07 15:07:54,247 - INFO - QC: Compound 5204 failed the RSD < 30 check
32425    19.038736
62923    35.472399
Name: 5204, dtype: float64
2026-09-07 15:07:54,248 - INFO - QC: Compound 4472 failed the RSD < 30 check
32425    30.629208
62923    20.540397
Name: 4472, dtype: float64
2026-09-07 15:07:54,250 - INFO - QC: Compound 1209 failed the RSD < 30 check
32425    32.596771
62923    24.706454
Name: 1209, dtype: float64
2026-09-07 15:07:54,251 - INFO - QC: Compound 1188 failed the RSD < 30 check
32425    37.713239
62923    28.851477
Name: 1188, dtype: float64
2026-09-07 15:07:54,252 - INFO - QC: Compound 1191 failed the RSD < 30 check
32425    36.231087
62923    25.820367
Name: 1191, dtype: float64
2026-09-07 15:07:54,253 - INFO - QC: Compound 1196 failed the RSD < 30 check
32425    48.364449
62923    37.574631
Name: 1196, dtype: float64
2026-09-07 15:07:54,254 - INFO - QC: Compound 1197 failed the RSD < 30 check
32425    30.877459
62923    32.889379
Name: 1197, dtype: float64
2026-09-07 15:07:54,255 - INFO - QC: Compound 1186 failed the RSD < 30 check
32425    32.147638
62923    31.772846
Name: 1186, dtype: float64
2026-09-07 15:07:54,257 - INFO - QC: Compound 2466 failed the RSD < 30 check
32425    126.225814
62923     93.467551
Name: 2466, dtype: float64
2026-09-07 15:07:54,258 - INFO - QC: Compound 1372 failed the RSD < 30 check
32425    70.122149
62923     4.544636
Name: 1372, dtype: float64
2026-09-07 15:07:54,259 - INFO - QC: Compound 1391 failed the RSD < 30 check
32425    67.949512
62923    67.681059
Name: 1391, dtype: float64
2026-09-07 15:07:54,260 - INFO - QC: Compound 1666 failed the RSD < 30 check
32425    31.710031
62923    26.903148
Name: 1666, dtype: float64
2026-09-07 15:07:54,261 - INFO - QC: Compound 7090 failed the RSD < 30 check
32425    34.341361
62923     4.766689
Name: 7090, dtype: float64
2026-09-07 15:07:54,262 - INFO - QC: Compound 3360 failed the RSD < 30 check
32425    38.594932
62923    33.560531
Name: 3360, dtype: float64
2026-09-07 15:07:54,263 - INFO - QC: Compound 3765 failed the RSD < 30 check
32425     8.598439
62923    84.320930
Name: 3765, dtype: float64
2026-09-07 15:07:54,265 - INFO - QC: Compound 4159 failed the RSD < 30 check
32425    14.272518
62923    41.607492
Name: 4159, dtype: float64
2026-09-07 15:07:54,266 - INFO - QC: Compound 5228 failed the RSD < 30 check
32425     22.16613
62923    103.94794
Name: 5228, dtype: float64
2026-09-07 15:07:54,267 - INFO - QC: Compound 1881 failed the RSD < 30 check
32425    136.978493
62923      6.025997
Name: 1881, dtype: float64
2026-09-07 15:07:54,268 - INFO - QC: Compound 4468 failed the RSD < 30 check
32425    33.296682
62923    15.548624
Name: 4468, dtype: float64
2026-09-07 15:07:54,269 - INFO - QC: Compound 2490 failed the RSD < 30 check
32425    47.908021
62923    13.423626
Name: 2490, dtype: float64
2026-09-07 15:07:54,270 - INFO - QC: Compound 5472 failed the RSD < 30 check
32425    47.178306
62923     7.043950
Name: 5472, dtype: float64
2026-09-07 15:07:54,271 - INFO - QC: Compound 5265 failed the RSD < 30 check
32425    44.769377
62923     4.728617
Name: 5265, dtype: float64
2026-09-07 15:07:54,273 - INFO - QC: Compound 2035 failed the RSD < 30 check
32425     76.018240
62923    120.221654
Name: 2035, dtype: float64
2026-09-07 15:07:54,274 - INFO - QC: Compound 4471 failed the RSD < 30 check
32425    42.975954
62923    25.036808
Name: 4471, dtype: float64
2026-09-07 15:07:54,275 - INFO - QC: Compound 2501 failed the RSD < 30 check
32425    46.665994
62923     9.895790
Name: 2501, dtype: float64
2026-09-07 15:07:54,276 - INFO - QC: Compound 2621 failed the RSD < 30 check
32425    26.941722
62923    88.555307
Name: 2621, dtype: float64
2026-09-07 15:07:54,277 - INFO - QC: Compound 2622 failed the RSD < 30 check
32425    37.806719
62923    88.791477
Name: 2622, dtype: float64
2026-09-07 15:07:54,278 - INFO - QC: Compound 4951 failed the RSD < 30 check
32425    86.670576
62923     5.230742
Name: 4951, dtype: float64
2026-09-07 15:07:54,279 - INFO - QC: Compound 1458 failed the RSD < 30 check
32425    170.900658
62923      6.146758
Name: 1458, dtype: float64
2026-09-07 15:07:54,281 - INFO - QC: Compound 1544 failed the RSD < 30 check
32425    94.374339
62923    68.118215
Name: 1544, dtype: float64
2026-09-07 15:07:54,282 - INFO - QC: Compound 3290 failed the RSD < 30 check
32425    99.990259
62923    52.645544
Name: 3290, dtype: float64
2026-09-07 15:07:54,283 - INFO - QC: Compound 5435 failed the RSD < 30 check
32425    28.713370
62923    98.676366
Name: 5435, dtype: float64
2026-09-07 15:07:54,284 - INFO - QC: Compound 531 failed the RSD < 30 check
32425    36.792443
62923     2.979194
Name: 531, dtype: float64
2026-09-07 15:07:54,285 - INFO - QC: Compound 1357 failed the RSD < 30 check
32425    93.944276
62923     5.173893
Name: 1357, dtype: float64
2026-09-07 15:07:54,286 - INFO - QC: Compound 6754 failed the RSD < 30 check
32425    31.453581
62923    11.523706
Name: 6754, dtype: float64
2026-09-07 15:07:54,287 - INFO - QC: Compound 1193 failed the RSD < 30 check
32425    41.546498
62923    32.493015
Name: 1193, dtype: float64
2026-09-07 15:07:54,289 - INFO - QC: Compound 5139 failed the RSD < 30 check
32425    37.808489
62923     3.900530
Name: 5139, dtype: float64
2026-09-07 15:07:54,290 - INFO - QC: Compound 5245 failed the RSD < 30 check
32425    39.263059
62923     7.284967
Name: 5245, dtype: float64
2026-09-07 15:07:54,291 - INFO - QC: Compound 5246 failed the RSD < 30 check
32425    30.788702
62923     7.284967
Name: 5246, dtype: float64
2026-09-07 15:07:54,292 - INFO - QC: Compound 6830 failed the RSD < 30 check
32425    36.325422
62923    19.616978
Name: 6830, dtype: float64
2026-09-07 15:07:54,293 - INFO - QC: Compound 1584 failed the RSD < 30 check
32425    127.320006
62923      5.834940
Name: 1584, dtype: float64
2026-09-07 15:07:54,295 - INFO - QC: Compound 309 failed the RSD < 30 check
32425    33.030624
62923    56.228015
Name: 309, dtype: float64
2026-09-07 15:07:54,296 - INFO - QC: Compound 3773 failed the RSD < 30 check
32425    46.173369
62923    34.392325
Name: 3773, dtype: float64
2026-09-07 15:07:54,298 - INFO - QC: Compound 2086 failed the RSD < 30 check
32425     13.189431
62923    123.037683
Name: 2086, dtype: float64
2026-09-07 15:07:54,299 - INFO - QC: Compound 3200 failed the RSD < 30 check
32425    69.130102
62923    80.933894
Name: 3200, dtype: float64
2026-09-07 15:07:54,300 - INFO - QC: Compound 1356 failed the RSD < 30 check
32425    254.407955
62923      4.472010
Name: 1356, dtype: float64
2026-09-07 15:07:54,302 - INFO - QC: Compound 4469 failed the RSD < 30 check
32425    40.944278
62923    34.087204
Name: 4469, dtype: float64
2026-09-07 15:07:54,303 - INFO - QC: Compound 6378 failed the RSD < 30 check
32425    41.054670
62923    13.695976
Name: 6378, dtype: float64
2026-09-07 15:07:54,305 - INFO - QC: Compound 1975 failed the RSD < 30 check
32425     35.389143
62923    252.299496
Name: 1975, dtype: float64
2026-09-07 15:07:54,306 - INFO - QC: Compound 5007 failed the RSD < 30 check
32425    130.440334
62923      4.390871
Name: 5007, dtype: float64
2026-09-07 15:07:54,307 - INFO - QC: Compound 5090 failed the RSD < 30 check
32425    17.326543
62923    57.658095
Name: 5090, dtype: float64
2026-09-07 15:07:54,309 - INFO - QC: Compound 6703 failed the RSD < 30 check
32425    43.628366
62923    42.149372
Name: 6703, dtype: float64
2026-09-07 15:07:54,310 - INFO - QC: Compound 5244 failed the RSD < 30 check
32425    14.311518
62923    44.514882
Name: 5244, dtype: float64
2026-09-07 15:07:54,312 - INFO - QC: Compound 3751 failed the RSD < 30 check
32425    33.145238
62923    14.524248
Name: 3751, dtype: float64
2026-09-07 15:07:54,313 - INFO - QC: Compound 3752 failed the RSD < 30 check
32425    33.145238
62923    14.524248
Name: 3752, dtype: float64
2026-09-07 15:07:54,314 - INFO - QC: Compound 5528 failed the RSD < 30 check
32425    59.268744
62923    53.806449
Name: 5528, dtype: float64
2026-09-07 15:07:54,316 - INFO - QC: Compound 5406 failed the RSD < 30 check
32425    33.580811
62923     4.894143
Name: 5406, dtype: float64
2026-09-07 15:07:54,317 - INFO - QC: Compound 5408 failed the RSD < 30 check
32425    30.506748
62923     5.666828
Name: 5408, dtype: float64
2026-09-07 15:07:54,319 - INFO - QC: Compound 1710 failed the RSD < 30 check
32425    52.487988
62923     9.679928
Name: 1710, dtype: float64
2026-09-07 15:07:54,320 - INFO - QC: Compound 7225 failed the RSD < 30 check
32425     8.173486
62923    72.946666
Name: 7225, dtype: float64
2026-09-07 15:07:54,321 - INFO - QC: Compound 2458 failed the RSD < 30 check
32425    55.317499
62923    36.677823
Name: 2458, dtype: float64
2026-09-07 15:07:54,323 - INFO - QC: Compound 2080 failed the RSD < 30 check
32425    71.555719
62923    30.974747
Name: 2080, dtype: float64
2026-09-07 15:07:54,324 - INFO - QC: Compound 5238 failed the RSD < 30 check
32425     6.866554
62923    59.379242
Name: 5238, dtype: float64
2026-09-07 15:07:54,326 - INFO - QC: Compound 2620 failed the RSD < 30 check
32425    51.284852
62923    81.856071
Name: 2620, dtype: float64
2026-09-07 15:07:54,327 - INFO - QC: Compound 3775 failed the RSD < 30 check
32425    33.815681
62923    18.014300
Name: 3775, dtype: float64
2026-09-07 15:07:54,328 - INFO - QC: Compound 5433 failed the RSD < 30 check
32425    31.983719
62923    73.877376
Name: 5433, dtype: float64
2026-09-07 15:07:54,330 - INFO - QC: Compound 5027 failed the RSD < 30 check
32425    33.343235
62923     3.127061
Name: 5027, dtype: float64
2026-09-07 15:07:54,331 - INFO - QC: Compound 393 failed the RSD < 30 check
32425    49.580155
62923    29.530114
Name: 393, dtype: float64
2026-09-07 15:07:54,332 - INFO - QC: Compound 7269 failed the RSD < 30 check
32425    38.938267
62923     4.513274
Name: 7269, dtype: float64
2026-09-07 15:07:54,334 - INFO - QC: Compound 5237 failed the RSD < 30 check
32425    14.733819
62923    30.758178
Name: 5237, dtype: float64
2026-09-07 15:07:54,335 - INFO - QC: Compound 1751 failed the RSD < 30 check
32425    46.140699
62923     4.304608
Name: 1751, dtype: float64
2026-09-07 15:07:54,337 - INFO - QC: Compound 5208 failed the RSD < 30 check
32425    41.684043
62923     3.755755
Name: 5208, dtype: float64
2026-09-07 15:07:54,338 - INFO - QC: Compound 3876 failed the RSD < 30 check
32425     57.195518
62923    106.680494
Name: 3876, dtype: float64
2026-09-07 15:07:54,340 - INFO - QC: Compound 6676 failed the RSD < 30 check
32425    72.835262
62923    11.838262
Name: 6676, dtype: float64
2026-09-07 15:07:54,341 - INFO - QC: Compound 3485 failed the RSD < 30 check
32425    69.082391
62923    56.165842
Name: 3485, dtype: float64
2026-09-07 15:07:54,342 - INFO - QC: Compound 3486 failed the RSD < 30 check
32425    69.082391
62923    56.165842
Name: 3486, dtype: float64
2026-09-07 15:07:54,344 - INFO - QC: Compound 5432 failed the RSD < 30 check
32425     33.613982
62923    117.635482
Name: 5432, dtype: float64
2026-09-07 15:07:54,345 - INFO - QC: Compound 2658 failed the RSD < 30 check
32425    165.465524
62923     10.757633
Name: 2658, dtype: float64
2026-09-07 15:07:54,346 - INFO - QC: Compound 3868 failed the RSD < 30 check
32425    36.258075
62923     5.606580
Name: 3868, dtype: float64
2026-09-07 15:07:54,348 - INFO - QC: Compound 2623 failed the RSD < 30 check
32425    30.687195
62923    46.954637
Name: 2623, dtype: float64
2026-09-07 15:07:54,349 - INFO - QC: Compound 3376 failed the RSD < 30 check
32425    58.259228
62923    44.131164
Name: 3376, dtype: float64
2026-09-07 15:07:54,351 - INFO - QC: Compound 6947 failed the RSD < 30 check
32425    33.681021
62923     3.964480
Name: 6947, dtype: float64
2026-09-07 15:07:54,352 - INFO - QC: Compound 2057 failed the RSD < 30 check
32425     59.157366
62923    176.670800
Name: 2057, dtype: float64
2026-09-07 15:07:54,353 - INFO - QC: Compound 280 failed the RSD < 30 check
32425    43.375352
62923    25.746219
Name: 280, dtype: float64
2026-09-07 15:07:54,355 - INFO - QC: Compound 281 failed the RSD < 30 check
32425    43.375352
62923    25.746219
Name: 281, dtype: float64
2026-09-07 15:07:54,356 - INFO - QC: Compound 1173 failed the RSD < 30 check
32425    114.703649
62923     17.580294
Name: 1173, dtype: float64
2026-09-07 15:07:54,357 - INFO - QC: Compound 294 failed the RSD < 30 check
32425    58.341085
62923    10.144643
Name: 294, dtype: float64
2026-09-07 15:07:54,359 - INFO - QC: Compound 5185 failed the RSD < 30 check
32425    12.500918
62923    38.104996
Name: 5185, dtype: float64
2026-09-07 15:07:54,360 - INFO - QC: Compound 5187 failed the RSD < 30 check
32425    12.500918
62923    67.743151
Name: 5187, dtype: float64
2026-09-07 15:07:54,362 - INFO - QC: Compound 4864 failed the RSD < 30 check
32425    57.347432
62923     4.430504
Name: 4864, dtype: float64
2026-09-07 15:07:54,363 - INFO - QC: Compound 4865 failed the RSD < 30 check
32425    52.882148
62923     4.430504
Name: 4865, dtype: float64
2026-09-07 15:07:54,364 - INFO - QC: Compound 283 failed the RSD < 30 check
32425    44.537756
62923    22.007202
Name: 283, dtype: float64
2026-09-07 15:07:54,366 - INFO - QC: Compound 290 failed the RSD < 30 check
32425    44.537756
62923    22.864146
Name: 290, dtype: float64
2026-09-07 15:07:54,367 - INFO - QC: Compound 5174 failed the RSD < 30 check
32425    28.823274
62923    79.929211
Name: 5174, dtype: float64
2026-09-07 15:07:54,368 - INFO - QC: Compound 5574 failed the RSD < 30 check
32425    49.409230
62923    35.392366
Name: 5574, dtype: float64
2026-09-07 15:07:54,370 - INFO - QC: Compound 2614 failed the RSD < 30 check
32425    13.040509
62923    36.532832
Name: 2614, dtype: float64
2026-09-07 15:07:54,371 - INFO - QC: Compound 5617 failed the RSD < 30 check
32425    35.410513
62923    10.130278
Name: 5617, dtype: float64
2026-09-07 15:07:54,373 - INFO - QC: Compound 1824 failed the RSD < 30 check
32425    32.272920
62923    76.519919
Name: 1824, dtype: float64
2026-09-07 15:07:54,374 - INFO - QC: Compound 5524 failed the RSD < 30 check
32425    35.819185
62923    22.519946
Name: 5524, dtype: float64
2026-09-07 15:07:54,375 - INFO - QC: Compound 383 failed the RSD < 30 check
32425    33.285605
62923    15.458210
Name: 383, dtype: float64
2026-09-07 15:07:54,377 - INFO - QC: Compound 736 failed the RSD < 30 check
32425    48.224698
62923    53.121937
Name: 736, dtype: float64
2026-09-07 15:07:54,378 - INFO - QC: Compound 1755 failed the RSD < 30 check
32425    10.005393
62923    40.910675
Name: 1755, dtype: float64
2026-09-07 15:07:54,379 - INFO - QC: Compound 5141 failed the RSD < 30 check
32425     9.943467
62923    30.513970
Name: 5141, dtype: float64
2026-09-07 15:07:54,381 - INFO - QC: Compound 4080 failed the RSD < 30 check
32425    44.912436
62923    22.888014
Name: 4080, dtype: float64
2026-09-07 15:07:54,382 - INFO - QC: Compound 1668 failed the RSD < 30 check
32425    18.606117
62923    35.088890
Name: 1668, dtype: float64
2026-09-07 15:07:54,383 - INFO - QC: Compound 379 failed the RSD < 30 check
32425    43.496181
62923    13.647070
Name: 379, dtype: float64
2026-09-07 15:07:54,385 - INFO - QC: Compound 3681 failed the RSD < 30 check
32425    35.830786
62923    14.834435
Name: 3681, dtype: float64
2026-09-07 15:07:54,386 - INFO - QC: Compound 4030 failed the RSD < 30 check
32425     3.870144
62923    30.993527
Name: 4030, dtype: float64
2026-09-07 15:07:54,388 - INFO - QC: Compound 6526 failed the RSD < 30 check
32425    53.723908
62923     7.015426
Name: 6526, dtype: float64
2026-09-07 15:07:54,389 - INFO - QC: Compound 335 failed the RSD < 30 check
32425    27.282164
62923    80.499241
Name: 335, dtype: float64
2026-09-07 15:07:54,390 - INFO - QC: Compound 3819 failed the RSD < 30 check
32425    123.964401
62923      9.645442
Name: 3819, dtype: float64
2026-09-07 15:07:54,392 - INFO - QC: Compound 3820 failed the RSD < 30 check
32425    123.964401
62923      8.980070
Name: 3820, dtype: float64
2026-09-07 15:07:54,393 - INFO - QC: Compound 3500 failed the RSD < 30 check
32425    159.310337
62923     45.065205
Name: 3500, dtype: float64
2026-09-07 15:07:54,394 - INFO - QC: Compound 3835 failed the RSD < 30 check
32425    39.873739
62923    66.765093
Name: 3835, dtype: float64
2026-09-07 15:07:54,396 - INFO - QC: Compound 687 failed the RSD < 30 check
32425    69.422768
62923     5.150190
Name: 687, dtype: float64
2026-09-07 15:07:54,397 - INFO - QC: Compound 5211 failed the RSD < 30 check
32425    60.786731
62923    37.839824
Name: 5211, dtype: float64
2026-09-07 15:07:54,398 - INFO - QC: Compound 3796 failed the RSD < 30 check
32425    32.040656
62923    34.197437
Name: 3796, dtype: float64
2026-09-07 15:07:54,400 - INFO - QC: Compound 6756 failed the RSD < 30 check
32425    41.522040
62923     7.976045
Name: 6756, dtype: float64
2026-09-07 15:07:54,401 - INFO - QC: Compound 4998 failed the RSD < 30 check
32425    57.621707
62923    19.507203
Name: 4998, dtype: float64
2026-09-07 15:07:54,402 - INFO - QC: Compound 6445 failed the RSD < 30 check
32425    22.666757
62923    51.669161
Name: 6445, dtype: float64
2026-09-07 15:07:54,404 - INFO - QC: Compound 6631 failed the RSD < 30 check
32425    35.325265
62923     7.105730
Name: 6631, dtype: float64
2026-09-07 15:07:54,405 - INFO - QC: Compound 2250 failed the RSD < 30 check
32425    18.159669
62923    79.383555
Name: 2250, dtype: float64
2026-09-07 15:07:54,407 - INFO - QC: Compound 2251 failed the RSD < 30 check
32425    18.247324
62923    80.074215
Name: 2251, dtype: float64
2026-09-07 15:07:54,408 - INFO - QC: Compound 3546 failed the RSD < 30 check
32425    122.500229
62923      8.219992
Name: 3546, dtype: float64
2026-09-07 15:07:54,409 - INFO - QC: Compound 5092 failed the RSD < 30 check
32425    40.192435
62923    46.302848
Name: 5092, dtype: float64
2026-09-07 15:07:54,411 - INFO - QC: Compound 5094 failed the RSD < 30 check
32425    58.96968
62923    40.80223
Name: 5094, dtype: float64
2026-09-07 15:07:54,412 - INFO - QC: Compound 4939 failed the RSD < 30 check
32425    61.946441
62923    35.276435
Name: 4939, dtype: float64
2026-09-07 15:07:54,413 - INFO - QC: Compound 5089 failed the RSD < 30 check
32425    35.684848
62923    50.880823
Name: 5089, dtype: float64
2026-09-07 15:07:54,415 - INFO - QC: Compound 5663 failed the RSD < 30 check
32425     3.647362
62923    37.488544
Name: 5663, dtype: float64
2026-09-07 15:07:54,416 - INFO - QC: Compound 1123 failed the RSD < 30 check
32425    170.706796
62923      1.848829
Name: 1123, dtype: float64
2026-09-07 15:07:54,417 - INFO - QC: Compound 5048 failed the RSD < 30 check
32425     9.575259
62923    33.746633
Name: 5048, dtype: float64
2026-09-07 15:07:54,419 - INFO - QC: Compound 2807 failed the RSD < 30 check
32425     8.489351
62923    36.764959
Name: 2807, dtype: float64
2026-09-07 15:07:54,420 - INFO - QC: Compound 332 failed the RSD < 30 check
32425    54.889896
62923    55.216646
Name: 332, dtype: float64
2026-09-07 15:07:54,421 - INFO - QC: Compound 3370 failed the RSD < 30 check
32425    36.587243
62923     8.396516
Name: 3370, dtype: float64
2026-09-07 15:07:54,423 - INFO - QC: Compound 5935 failed the RSD < 30 check
32425    14.839788
62923    30.719087
Name: 5935, dtype: float64
2026-09-07 15:07:54,424 - INFO - QC: Compound 4811 failed the RSD < 30 check
32425    39.503245
62923     7.321785
Name: 4811, dtype: float64
2026-09-07 15:07:54,425 - INFO - QC: Compound 6753 failed the RSD < 30 check
32425    42.963565
62923     5.938679
Name: 6753, dtype: float64
2026-09-07 15:07:54,427 - INFO - QC: Compound 378 failed the RSD < 30 check
32425    35.738141
62923    33.397582
Name: 378, dtype: float64
2026-09-07 15:07:54,428 - INFO - QC: Compound 3874 failed the RSD < 30 check
32425    44.870634
62923    14.665767
Name: 3874, dtype: float64
2026-09-07 15:07:54,429 - INFO - QC: Compound 3565 failed the RSD < 30 check
32425    39.287261
62923    10.834515
Name: 3565, dtype: float64
2026-09-07 15:07:54,431 - INFO - QC: Compound 5594 failed the RSD < 30 check
32425    22.09633
62923    98.66457
Name: 5594, dtype: float64
2026-09-07 15:07:54,432 - INFO - QC: Compound 7422 failed the RSD < 30 check
32425    30.997698
62923     7.762075
Name: 7422, dtype: float64
2026-09-07 15:07:54,434 - INFO - QC: Compound 354 failed the RSD < 30 check
32425    13.315089
62923    46.498683
Name: 354, dtype: float64
2026-09-07 15:07:54,435 - INFO - QC: Compound 355 failed the RSD < 30 check
32425     8.214265
62923    35.170525
Name: 355, dtype: float64
2026-09-07 15:07:54,436 - INFO - QC: Compound 740 failed the RSD < 30 check
32425    60.261767
62923    26.813890
Name: 740, dtype: float64
2026-09-07 15:07:54,438 - INFO - QC: Compound 7158 failed the RSD < 30 check
32425    35.658940
62923     4.364984
Name: 7158, dtype: float64
2026-09-07 15:07:54,439 - INFO - QC: Compound 7160 failed the RSD < 30 check
32425    33.873739
62923     4.744523
Name: 7160, dtype: float64
2026-09-07 15:07:54,440 - INFO - QC: Compound 2162 failed the RSD < 30 check
32425    132.151467
62923      2.374406
Name: 2162, dtype: float64
2026-09-07 15:07:54,442 - INFO - QC: Compound 1381 failed the RSD < 30 check
32425    94.176084
62923     9.498131
Name: 1381, dtype: float64
2026-09-07 15:07:54,443 - INFO - QC: Compound 7345 failed the RSD < 30 check
32425     8.763154
62923    63.275230
Name: 7345, dtype: float64
2026-09-07 15:07:54,444 - INFO - QC: Compound 3821 failed the RSD < 30 check
32425    36.153289
62923    61.393232
Name: 3821, dtype: float64
2026-09-07 15:07:54,446 - INFO - QC: Compound 3822 failed the RSD < 30 check
32425    36.160597
62923    61.393232
Name: 3822, dtype: float64
2026-09-07 15:07:54,447 - INFO - QC: Compound 6500 failed the RSD < 30 check
32425     7.517367
62923    65.283204
Name: 6500, dtype: float64
2026-09-07 15:07:54,448 - INFO - QC: Compound 3091 failed the RSD < 30 check
32425    35.026613
62923    20.398982
Name: 3091, dtype: float64
2026-09-07 15:07:54,450 - INFO - QC: Compound 3097 failed the RSD < 30 check
32425    35.026613
62923    20.398982
Name: 3097, dtype: float64
2026-09-07 15:07:54,451 - INFO - QC: Compound 6702 failed the RSD < 30 check
32425     77.282445
62923    118.233673
Name: 6702, dtype: float64
2026-09-07 15:07:54,452 - INFO - QC: Compound 6833 failed the RSD < 30 check
32425    43.971261
62923     5.306913
Name: 6833, dtype: float64
2026-09-07 15:07:54,454 - INFO - QC: Compound 1627 failed the RSD < 30 check
32425    95.018456
62923    68.299430
Name: 1627, dtype: float64
2026-09-07 15:07:54,455 - INFO - QC: Compound 1182 failed the RSD < 30 check
32425    33.653403
62923    41.496274
Name: 1182, dtype: float64
2026-09-07 15:07:54,456 - INFO - QC: Compound 501 failed the RSD < 30 check
32425    154.866249
62923     13.134264
Name: 501, dtype: float64
2026-09-07 15:07:54,458 - INFO - QC: Compound 2157 failed the RSD < 30 check
32425    147.049026
62923      3.946680
Name: 2157, dtype: float64
2026-09-07 15:07:54,459 - INFO - QC: Compound 5525 failed the RSD < 30 check
32425    32.793942
62923    10.735754
Name: 5525, dtype: float64
2026-09-07 15:07:54,460 - INFO - QC: Compound 4176 failed the RSD < 30 check
32425    66.762185
62923    16.389259
Name: 4176, dtype: float64
2026-09-07 15:07:54,462 - INFO - QC: Compound 3865 failed the RSD < 30 check
32425    38.483688
62923    10.589679
Name: 3865, dtype: float64
2026-09-07 15:07:54,463 - INFO - QC: Compound 1634 failed the RSD < 30 check
32425    39.773909
62923     8.300574
Name: 1634, dtype: float64
2026-09-07 15:07:54,464 - INFO - QC: Compound 7078 failed the RSD < 30 check
32425    90.058223
62923    32.634069
Name: 7078, dtype: float64
2026-09-07 15:07:54,466 - INFO - QC: Compound 7077 failed the RSD < 30 check
32425    89.277150
62923    19.642464
Name: 7077, dtype: float64
2026-09-07 15:07:54,467 - INFO - QC: Compound 5083 failed the RSD < 30 check
32425    42.416619
62923    59.805351
Name: 5083, dtype: float64
2026-09-07 15:07:54,468 - INFO - QC: Compound 3532 failed the RSD < 30 check
32425    11.474741
62923    38.406081
Name: 3532, dtype: float64
2026-09-07 15:07:54,470 - INFO - QC: Compound 6977 failed the RSD < 30 check
32425    36.842505
62923     6.135813
Name: 6977, dtype: float64
2026-09-07 15:07:54,471 - INFO - QC: Compound 2509 failed the RSD < 30 check
32425    30.537753
62923     2.059042
Name: 2509, dtype: float64
2026-09-07 15:07:54,472 - INFO - QC: Compound 1675 failed the RSD < 30 check
32425     44.514203
62923    118.540835
Name: 1675, dtype: float64
2026-09-07 15:07:54,474 - INFO - QC: Compound 5321 failed the RSD < 30 check
32425    76.724867
62923    23.380229
Name: 5321, dtype: float64
2026-09-07 15:07:54,475 - INFO - QC: Compound 3685 failed the RSD < 30 check
32425    36.840799
62923     7.780122
Name: 3685, dtype: float64
2026-09-07 15:07:54,476 - INFO - QC: Compound 2511 failed the RSD < 30 check
32425    41.848425
62923    10.706818
Name: 2511, dtype: float64
2026-09-07 15:07:54,478 - INFO - QC: Compound 1990 failed the RSD < 30 check
32425    57.513461
62923     8.122933
Name: 1990, dtype: float64
2026-09-07 15:07:54,479 - INFO - QC: Compound 6692 failed the RSD < 30 check
32425    47.624251
62923    12.529818
Name: 6692, dtype: float64
2026-09-07 15:07:54,480 - INFO - QC: Compound 634 failed the RSD < 30 check
32425    18.084315
62923    72.973986
Name: 634, dtype: float64
2026-09-07 15:07:54,481 - INFO - QC: Compound 304 failed the RSD < 30 check
32425    49.532962
62923    12.171228
Name: 304, dtype: float64
2026-09-07 15:07:54,483 - INFO - QC: Compound 3357 failed the RSD < 30 check
32425    31.612679
62923    16.319882
Name: 3357, dtype: float64
2026-09-07 15:07:54,484 - INFO - QC: Compound 3666 failed the RSD < 30 check
32425    17.639771
62923    33.178331
Name: 3666, dtype: float64
2026-09-07 15:07:54,485 - INFO - QC: Compound 3667 failed the RSD < 30 check
32425    17.639771
62923    33.178331
Name: 3667, dtype: float64
2026-09-07 15:07:54,487 - INFO - QC: Compound 5414 failed the RSD < 30 check
32425    53.144970
62923    10.224707
Name: 5414, dtype: float64
2026-09-07 15:07:54,488 - INFO - QC: Compound 6674 failed the RSD < 30 check
32425    33.781462
62923    13.146475
Name: 6674, dtype: float64
2026-09-07 15:07:54,489 - INFO - QC: Compound 1976 failed the RSD < 30 check
32425    102.763604
62923    135.364077
Name: 1976, dtype: float64
2026-09-07 15:07:54,491 - INFO - QC: Compound 1986 failed the RSD < 30 check
32425    80.526236
62923     7.673505
Name: 1986, dtype: float64
2026-09-07 15:07:54,492 - INFO - QC: Compound 4079 failed the RSD < 30 check
32425    26.352493
62923    46.908492
Name: 4079, dtype: float64
2026-09-07 15:07:54,493 - INFO - QC: Compound 5507 failed the RSD < 30 check
32425    264.228320
62923      6.905535
Name: 5507, dtype: float64
2026-09-07 15:07:54,495 - INFO - QC: Compound 343 failed the RSD < 30 check
32425    69.293209
62923    25.959675
Name: 343, dtype: float64
2026-09-07 15:07:54,496 - INFO - QC: Compound 2608 failed the RSD < 30 check
32425    65.356663
62923    37.558994
Name: 2608, dtype: float64
2026-09-07 15:07:54,497 - INFO - QC: Compound 4868 failed the RSD < 30 check
32425    80.629396
62923     7.261770
Name: 4868, dtype: float64
2026-09-07 15:07:54,499 - INFO - QC: Compound 1987 failed the RSD < 30 check
32425    56.582472
62923    11.060386
Name: 1987, dtype: float64
2026-09-07 15:07:54,500 - INFO - QC: Compound 3839 failed the RSD < 30 check
32425    57.948075
62923    23.047606
Name: 3839, dtype: float64
2026-09-07 15:07:54,501 - INFO - QC: Compound 1980 failed the RSD < 30 check
32425    85.786739
62923    10.988696
Name: 1980, dtype: float64
2026-09-07 15:07:54,503 - INFO - QC: Compound 1981 failed the RSD < 30 check
32425    85.786739
62923    10.988696
Name: 1981, dtype: float64
2026-09-07 15:07:54,504 - INFO - QC: Compound 6691 failed the RSD < 30 check
32425    47.624251
62923     8.301232
Name: 6691, dtype: float64
2026-09-07 15:07:54,505 - INFO - QC: Compound 3789 failed the RSD < 30 check
32425    56.996792
62923    12.138044
Name: 3789, dtype: float64
2026-09-07 15:07:54,507 - INFO - QC: Compound 960 failed the RSD < 30 check
32425    105.482917
62923    151.511165
Name: 960, dtype: float64
2026-09-07 15:07:54,508 - INFO - QC: Compound 2736 failed the RSD < 30 check
32425    91.178772
62923    92.239385
Name: 2736, dtype: float64
2026-09-07 15:07:54,509 - INFO - QC: Compound 1972 failed the RSD < 30 check
32425    90.830947
62923     6.226128
Name: 1972, dtype: float64
2026-09-07 15:07:54,510 - INFO - QC: Compound 6862 failed the RSD < 30 check
32425    53.220007
62923     4.861967
Name: 6862, dtype: float64
2026-09-07 15:07:54,512 - INFO - QC: Compound 436 failed the RSD < 30 check
32425    32.176980
62923    56.131054
Name: 436, dtype: float64
2026-09-07 15:07:54,513 - INFO - QC: Compound 5592 failed the RSD < 30 check
32425    23.533509
62923    92.498145
Name: 5592, dtype: float64
2026-09-07 15:07:54,514 - INFO - QC: Compound 2578 failed the RSD < 30 check
32425    19.624451
62923    79.962378
Name: 2578, dtype: float64
2026-09-07 15:07:54,516 - INFO - QC: Compound 7067 failed the RSD < 30 check
32425    13.550742
62923    35.875564
Name: 7067, dtype: float64
2026-09-07 15:07:54,517 - INFO - QC: Compound 5012 failed the RSD < 30 check
32425     19.894133
62923    246.927513
Name: 5012, dtype: float64
2026-09-07 15:07:54,518 - INFO - QC: Compound 6957 failed the RSD < 30 check
32425    57.233817
62923    46.837899
Name: 6957, dtype: float64
2026-09-07 15:07:54,520 - INFO - QC: Compound 279 failed the RSD < 30 check
32425    36.699104
62923    26.857411
Name: 279, dtype: float64
2026-09-07 15:07:54,521 - INFO - QC: Compound 5000 failed the RSD < 30 check
32425    16.163525
62923    32.136851
Name: 5000, dtype: float64
2026-09-07 15:07:54,522 - INFO - QC: Compound 5001 failed the RSD < 30 check
32425    18.623181
62923    52.163876
Name: 5001, dtype: float64
2026-09-07 15:07:54,524 - INFO - QC: Compound 5338 failed the RSD < 30 check
32425    22.682294
62923    39.995709
Name: 5338, dtype: float64
2026-09-07 15:07:54,525 - INFO - QC: Compound 3591 failed the RSD < 30 check
32425    68.920810
62923    32.195472
Name: 3591, dtype: float64
2026-09-07 15:07:54,526 - INFO - QC: Compound 2486 failed the RSD < 30 check
32425    40.782968
62923    36.216321
Name: 2486, dtype: float64
2026-09-07 15:07:54,527 - INFO - QC: Compound 5464 failed the RSD < 30 check
32425    70.425996
62923    11.777187
Name: 5464, dtype: float64
2026-09-07 15:07:54,529 - INFO - QC: Compound 7068 failed the RSD < 30 check
32425    30.346238
62923    11.167760
Name: 7068, dtype: float64
2026-09-07 15:07:54,530 - INFO - QC: Compound 1748 failed the RSD < 30 check
32425     5.878149
62923    45.258641
Name: 1748, dtype: float64
2026-09-07 15:07:54,531 - INFO - QC: Compound 6685 failed the RSD < 30 check
32425    133.482206
62923      8.929477
Name: 6685, dtype: float64
2026-09-07 15:07:54,533 - INFO - QC: Compound 6824 failed the RSD < 30 check
32425    11.729604
62923    57.758096
Name: 6824, dtype: float64
2026-09-07 15:07:54,534 - INFO - QC: Compound 1800 failed the RSD < 30 check
32425    13.953835
62923    81.590572
Name: 1800, dtype: float64
2026-09-07 15:07:54,535 - INFO - QC: Compound 1728 failed the RSD < 30 check
32425    39.473370
62923     7.714677
Name: 1728, dtype: float64
2026-09-07 15:07:54,537 - INFO - QC: Compound 2743 failed the RSD < 30 check
32425    233.826461
62923     21.481169
Name: 2743, dtype: float64
2026-09-07 15:07:54,538 - INFO - QC: Compound 1701 failed the RSD < 30 check
32425    51.623901
62923    39.891770
Name: 1701, dtype: float64
2026-09-07 15:07:54,539 - INFO - QC: Compound 1838 failed the RSD < 30 check
32425    10.997736
62923    37.047222
Name: 1838, dtype: float64
2026-09-07 15:07:54,541 - INFO - QC: Compound 3689 failed the RSD < 30 check
32425    31.644597
62923    10.224341
Name: 3689, dtype: float64
2026-09-07 15:07:54,542 - INFO - QC: Compound 2368 failed the RSD < 30 check
32425    83.003014
62923    81.074398
Name: 2368, dtype: float64
2026-09-07 15:07:54,543 - INFO - QC: Compound 2199 failed the RSD < 30 check
32425    44.066343
62923     9.461665
Name: 2199, dtype: float64
2026-09-07 15:07:54,544 - INFO - QC: Compound 775 failed the RSD < 30 check
32425     8.950812
62923    30.731327
Name: 775, dtype: float64
2026-09-07 15:07:54,546 - INFO - QC: Compound 3573 failed the RSD < 30 check
32425    82.653255
62923     2.665208
Name: 3573, dtype: float64
2026-09-07 15:07:54,547 - INFO - QC: Compound 1567 failed the RSD < 30 check
32425    34.825219
62923    14.196653
Name: 1567, dtype: float64
2026-09-07 15:07:54,548 - INFO - QC: Compound 1570 failed the RSD < 30 check
32425    34.825219
62923    14.196653
Name: 1570, dtype: float64
2026-09-07 15:07:54,550 - INFO - QC: Compound 2487 failed the RSD < 30 check
32425    60.407869
62923    18.436879
Name: 2487, dtype: float64
2026-09-07 15:07:54,551 - INFO - QC: Compound 2489 failed the RSD < 30 check
32425    87.091421
62923    43.947163
Name: 2489, dtype: float64
2026-09-07 15:07:54,552 - INFO - QC: Compound 243 failed the RSD < 30 check
32425    41.185656
62923    22.331049
Name: 243, dtype: float64
2026-09-07 15:07:54,553 - INFO - QC: Compound 5227 failed the RSD < 30 check
32425     34.206522
62923    105.313482
Name: 5227, dtype: float64
2026-09-07 15:07:54,555 - INFO - QC: Compound 5085 failed the RSD < 30 check
32425    39.088114
62923    59.384588
Name: 5085, dtype: float64
2026-09-07 15:07:54,556 - INFO - QC: Compound 3837 failed the RSD < 30 check
32425    40.586873
62923     6.887079
Name: 3837, dtype: float64
2026-09-07 15:07:54,557 - INFO - QC: Compound 6899 failed the RSD < 30 check
32425    97.463011
62923     7.971957
Name: 6899, dtype: float64
2026-09-07 15:07:54,559 - INFO - QC: Compound 344 failed the RSD < 30 check
32425    35.833288
62923    31.208560
Name: 344, dtype: float64
2026-09-07 15:07:54,560 - INFO - QC: Compound 5583 failed the RSD < 30 check
32425    57.478348
62923    10.348309
Name: 5583, dtype: float64
2026-09-07 15:07:54,561 - INFO - QC: Compound 4927 failed the RSD < 30 check
32425    19.718669
62923    32.668712
Name: 4927, dtype: float64
2026-09-07 15:07:54,563 - INFO - QC: Compound 1026 failed the RSD < 30 check
32425    13.613340
62923    38.179498
Name: 1026, dtype: float64
2026-09-07 15:07:54,564 - INFO - QC: Compound 752 failed the RSD < 30 check
32425    46.485496
62923    22.901574
Name: 752, dtype: float64
2026-09-07 15:07:54,565 - INFO - QC: Compound 6413 failed the RSD < 30 check
32425    30.425783
62923    30.684543
Name: 6413, dtype: float64
2026-09-07 15:07:54,566 - INFO - QC: Compound 7051 failed the RSD < 30 check
32425    14.750487
62923    77.217973
Name: 7051, dtype: float64
2026-09-07 15:07:54,568 - INFO - QC: Compound 1703 failed the RSD < 30 check
32425    41.279349
62923    28.505117
Name: 1703, dtype: float64
2026-09-07 15:07:54,569 - INFO - QC: Compound 1413 failed the RSD < 30 check
32425    32.294455
62923    11.916474
Name: 1413, dtype: float64
2026-09-07 15:07:54,570 - INFO - QC: Compound 3453 failed the RSD < 30 check
32425    88.114800
62923    88.353314
Name: 3453, dtype: float64
2026-09-07 15:07:54,572 - INFO - QC: Compound 7065 failed the RSD < 30 check
32425    41.297617
62923    19.858988
Name: 7065, dtype: float64
2026-09-07 15:07:54,573 - INFO - QC: Compound 6807 failed the RSD < 30 check
32425    18.222799
62923    68.386663
Name: 6807, dtype: float64
2026-09-07 15:07:54,574 - INFO - QC: Compound 6810 failed the RSD < 30 check
32425    18.222799
62923    68.386663
Name: 6810, dtype: float64
2026-09-07 15:07:54,575 - INFO - QC: Compound 3690 failed the RSD < 30 check
32425    37.510376
62923    61.271257
Name: 3690, dtype: float64
2026-09-07 15:07:54,577 - INFO - QC: Compound 1840 failed the RSD < 30 check
32425    262.374876
62923     14.076147
Name: 1840, dtype: float64
2026-09-07 15:07:54,578 - INFO - QC: Compound 7089 failed the RSD < 30 check
32425    170.903739
62923     13.449120
Name: 7089, dtype: float64
2026-09-07 15:07:54,579 - INFO - QC: Compound 2745 failed the RSD < 30 check
32425    131.219735
62923     24.907819
Name: 2745, dtype: float64
2026-09-07 15:07:54,581 - INFO - QC: Compound 1581 failed the RSD < 30 check
32425     9.613138
62923    60.312440
Name: 1581, dtype: float64
2026-09-07 15:07:54,582 - INFO - QC: Compound 3857 failed the RSD < 30 check
32425    21.622809
62923    75.177334
Name: 3857, dtype: float64
2026-09-07 15:07:54,583 - INFO - QC: Compound 1400 failed the RSD < 30 check
32425    13.253593
62923    44.396138
Name: 1400, dtype: float64
2026-09-07 15:07:54,584 - INFO - QC: Compound 5013 failed the RSD < 30 check
32425    30.382836
62923    30.860677
Name: 5013, dtype: float64
2026-09-07 15:07:54,586 - INFO - QC: Compound 2143 failed the RSD < 30 check
32425     7.735144
62923    35.000076
Name: 2143, dtype: float64
2026-09-07 15:07:54,587 - INFO - QC: Compound 3616 failed the RSD < 30 check
32425    40.414418
62923    16.105173
Name: 3616, dtype: float64
2026-09-07 15:07:54,588 - INFO - QC: Compound 1407 failed the RSD < 30 check
32425    112.709039
62923      6.241901
Name: 1407, dtype: float64
2026-09-07 15:07:54,590 - INFO - QC: Compound 5303 failed the RSD < 30 check
32425    65.412474
62923    30.908357
Name: 5303, dtype: float64
2026-09-07 15:07:54,591 - INFO - QC: Compound 510 failed the RSD < 30 check
32425    24.621201
62923    30.299457
Name: 510, dtype: float64
2026-09-07 15:07:54,592 - INFO - QC: Compound 1961 failed the RSD < 30 check
32425    44.917209
62923    42.217819
Name: 1961, dtype: float64
2026-09-07 15:07:54,593 - INFO - QC: Compound 3833 failed the RSD < 30 check
32425    21.176795
62923    90.573580
Name: 3833, dtype: float64
2026-09-07 15:07:54,595 - INFO - QC: Compound 5087 failed the RSD < 30 check
32425    38.056523
62923    55.840046
Name: 5087, dtype: float64
2026-09-07 15:07:54,596 - INFO - QC: Compound 363 failed the RSD < 30 check
32425    65.367298
62923     8.643400
Name: 363, dtype: float64
2026-09-07 15:07:54,597 - INFO - QC: Compound 365 failed the RSD < 30 check
32425    65.367298
62923     8.643400
Name: 365, dtype: float64
2026-09-07 15:07:54,599 - INFO - QC: Compound 5207 failed the RSD < 30 check
32425    79.258490
62923    25.906644
Name: 5207, dtype: float64
2026-09-07 15:07:54,600 - INFO - QC: Compound 735 failed the RSD < 30 check
32425    23.952748
62923    56.801277
Name: 735, dtype: float64
2026-09-07 15:07:54,601 - INFO - QC: Compound 7113 failed the RSD < 30 check
32425    53.392774
62923     7.835702
Name: 7113, dtype: float64
2026-09-07 15:07:54,602 - INFO - QC: Compound 7110 failed the RSD < 30 check
32425     9.204127
62923    35.912080
Name: 7110, dtype: float64
2026-09-07 15:07:54,604 - INFO - QC: Compound 282 failed the RSD < 30 check
32425    25.355490
62923    54.074765
Name: 282, dtype: float64
2026-09-07 15:07:54,605 - INFO - QC: Compound 6665 failed the RSD < 30 check
32425    13.147002
62923    31.874831
Name: 6665, dtype: float64
2026-09-07 15:07:54,606 - INFO - QC: Compound 1722 failed the RSD < 30 check
32425    21.471756
62923    68.312999
Name: 1722, dtype: float64
2026-09-07 15:07:54,608 - INFO - QC: Compound 7462 failed the RSD < 30 check
32425    28.006666
62923    31.760841
Name: 7462, dtype: float64
2026-09-07 15:07:54,609 - INFO - QC: Compound 5855 failed the RSD < 30 check
32425    26.665267
62923    49.364303
Name: 5855, dtype: float64
2026-09-07 15:07:54,610 - INFO - QC: Compound 4787 failed the RSD < 30 check
32425    58.787604
62923    21.441985
Name: 4787, dtype: float64
2026-09-07 15:07:54,611 - INFO - QC: Compound 7388 failed the RSD < 30 check
32425    19.633927
62923    33.896890
Name: 7388, dtype: float64
2026-09-07 15:07:54,613 - INFO - QC: Compound 6927 failed the RSD < 30 check
32425    36.599847
62923    23.234535
Name: 6927, dtype: float64
2026-09-07 15:07:54,614 - INFO - QC: Compound 7585 failed the RSD < 30 check
32425    50.720897
62923    39.655323
Name: 7585, dtype: float64
2026-09-07 15:07:54,615 - INFO - QC: Compound 3461 failed the RSD < 30 check
32425    12.279798
62923    94.360253
Name: 3461, dtype: float64
2026-09-07 15:07:54,616 - INFO - QC: Compound 6775 failed the RSD < 30 check
32425    20.742974
62923    30.117567
Name: 6775, dtype: float64
2026-09-07 15:07:54,618 - INFO - QC: Compound 5523 failed the RSD < 30 check
32425    46.570409
62923    60.102844
Name: 5523, dtype: float64
2026-09-07 15:07:54,619 - INFO - QC: Compound 3552 failed the RSD < 30 check
32425    48.064737
62923    30.065426
Name: 3552, dtype: float64
2026-09-07 15:07:54,620 - INFO - QC: Compound 5305 failed the RSD < 30 check
32425    63.999193
62923    39.978028
Name: 5305, dtype: float64
2026-09-07 15:07:54,622 - INFO - QC: Compound 3977 failed the RSD < 30 check
32425    38.894882
62923     9.459950
Name: 3977, dtype: float64
2026-09-07 15:07:54,623 - INFO - QC: Compound 5660 failed the RSD < 30 check
32425    11.452398
62923    38.270348
Name: 5660, dtype: float64
2026-09-07 15:07:54,624 - INFO - QC: Compound 389 failed the RSD < 30 check
32425    42.298622
62923    26.605904
Name: 389, dtype: float64
2026-09-07 15:07:54,625 - INFO - QC: Compound 2744 failed the RSD < 30 check
32425    164.911912
62923     10.463372
Name: 2744, dtype: float64
2026-09-07 15:07:54,627 - INFO - QC: Compound 2252 failed the RSD < 30 check
32425    43.945446
62923    19.992372
Name: 2252, dtype: float64
2026-09-07 15:07:54,628 - INFO - QC: Compound 2144 failed the RSD < 30 check
32425    86.802274
62923    14.804753
Name: 2144, dtype: float64
2026-09-07 15:07:54,629 - INFO - QC: Compound 3755 failed the RSD < 30 check
32425    17.989049
62923    39.973655
Name: 3755, dtype: float64
2026-09-07 15:07:54,630 - INFO - QC: Compound 4880 failed the RSD < 30 check
32425    21.650558
62923    33.841359
Name: 4880, dtype: float64
2026-09-07 15:07:54,632 - INFO - QC: Compound 7082 failed the RSD < 30 check
32425    68.932674
62923     5.991694
Name: 7082, dtype: float64
2026-09-07 15:07:54,633 - INFO - QC: Compound 4034 failed the RSD < 30 check
32425    30.203088
62923    12.582458
Name: 4034, dtype: float64
2026-09-07 15:07:54,634 - INFO - QC: Compound 6976 failed the RSD < 30 check
32425    40.809349
62923    14.097666
Name: 6976, dtype: float64
2026-09-07 15:07:54,635 - INFO - QC: Compound 6416 failed the RSD < 30 check
32425    27.306865
62923    33.777215
Name: 6416, dtype: float64
2026-09-07 15:07:54,637 - INFO - QC: Compound 2469 failed the RSD < 30 check
32425    32.468735
62923    36.438807
Name: 2469, dtype: float64
2026-09-07 15:07:54,638 - INFO - QC: Compound 4869 failed the RSD < 30 check
32425    34.402981
62923    10.799262
Name: 4869, dtype: float64
2026-09-07 15:07:54,639 - INFO - QC: Compound 6755 failed the RSD < 30 check
32425    32.257645
62923    11.490022
Name: 6755, dtype: float64
2026-09-07 15:07:54,641 - INFO - QC: Compound 7434 failed the RSD < 30 check
32425    32.018867
62923     7.961366
Name: 7434, dtype: float64
2026-09-07 15:07:54,642 - INFO - QC: Compound 6914 failed the RSD < 30 check
32425    20.755237
62923    33.064203
Name: 6914, dtype: float64
2026-09-07 15:07:54,643 - INFO - QC: Compound 5256 failed the RSD < 30 check
32425    38.387007
62923    10.141227
Name: 5256, dtype: float64
2026-09-07 15:07:54,644 - INFO - QC: Compound 7340 failed the RSD < 30 check
32425    29.440290
62923    30.354958
Name: 7340, dtype: float64
2026-09-07 15:07:54,646 - INFO - QC: Compound 6473 failed the RSD < 30 check
32425    34.807413
62923    10.450351
Name: 6473, dtype: float64
2026-09-07 15:07:54,647 - INFO - QC: Compound 5581 failed the RSD < 30 check
32425    48.163543
62923    32.161567
Name: 5581, dtype: float64
2026-09-07 15:07:54,648 - INFO - QC: Compound 7107 failed the RSD < 30 check
32425    57.066537
62923    10.827695
Name: 7107, dtype: float64
2026-09-07 15:07:54,649 - INFO - QC: Compound 7221 failed the RSD < 30 check
32425    19.498489
62923    32.437017
Name: 7221, dtype: float64
2026-09-07 15:07:54,651 - INFO - QC: Compound 1635 failed the RSD < 30 check
32425    64.213511
62923     5.562046
Name: 1635, dtype: float64
2026-09-07 15:07:54,652 - INFO - QC: Compound 6900 failed the RSD < 30 check
32425    77.296005
62923     8.770999
Name: 6900, dtype: float64
2026-09-07 15:07:54,653 - INFO - QC: Compound 2760 failed the RSD < 30 check
32425    34.628265
62923    18.204923
Name: 2760, dtype: float64
2026-09-07 15:07:54,654 - INFO - QC: Compound 6240 failed the RSD < 30 check
32425    40.581607
62923    13.551321
Name: 6240, dtype: float64
2026-09-07 15:07:54,656 - INFO - QC: Compound 7463 failed the RSD < 30 check
32425    17.354420
62923    45.681141
Name: 7463, dtype: float64
2026-09-07 15:07:54,657 - INFO - QC: Compound 833 failed the RSD < 30 check
32425    93.877743
62923     2.858382
Name: 833, dtype: float64
2026-09-07 15:07:54,658 - INFO - QC: Compound 745 failed the RSD < 30 check
32425    74.235687
62923    45.859867
Name: 745, dtype: float64
2026-09-07 15:07:54,659 - INFO - QC: Compound 747 failed the RSD < 30 check
32425    65.438067
62923    45.859867
Name: 747, dtype: float64
2026-09-07 15:07:54,661 - INFO - QC: Compound 722 failed the RSD < 30 check
32425    84.247086
62923    71.199540
Name: 722, dtype: float64
2026-09-07 15:07:54,662 - INFO - QC: Compound 2732 failed the RSD < 30 check
32425    18.318596
62923    30.421879
Name: 2732, dtype: float64
2026-09-07 15:07:54,663 - INFO - QC: Compound 3566 failed the RSD < 30 check
32425    26.973113
62923    40.057528
Name: 3566, dtype: float64
2026-09-07 15:07:54,664 - INFO - QC: Compound 6307 failed the RSD < 30 check
32425    87.029454
62923    50.749298
Name: 6307, dtype: float64
2026-09-07 15:07:54,666 - INFO - QC: Compound 2249 failed the RSD < 30 check
32425    29.936581
62923    63.216365
Name: 2249, dtype: float64
2026-09-07 15:07:54,667 - INFO - QC: Compound 2536 failed the RSD < 30 check
32425    59.407953
62923    17.757003
Name: 2536, dtype: float64
2026-09-07 15:07:54,668 - INFO - QC: Compound 2537 failed the RSD < 30 check
32425    59.436912
62923    17.864314
Name: 2537, dtype: float64
2026-09-07 15:07:54,669 - INFO - QC: Compound 5277 failed the RSD < 30 check
32425    44.056986
62923     6.707945
Name: 5277, dtype: float64
2026-09-07 15:07:54,671 - INFO - QC: Compound 6700 failed the RSD < 30 check
32425     31.979825
62923    137.917200
Name: 6700, dtype: float64
2026-09-07 15:07:54,672 - INFO - QC: Compound 5035 failed the RSD < 30 check
32425    30.254021
62923     8.130716
Name: 5035, dtype: float64
2026-09-07 15:07:54,673 - INFO - QC: Compound 5037 failed the RSD < 30 check
32425    30.254021
62923     8.130716
Name: 5037, dtype: float64
2026-09-07 15:07:54,674 - INFO - QC: Compound 830 failed the RSD < 30 check
32425    44.534746
62923     3.020182
Name: 830, dtype: float64
2026-09-07 15:07:54,676 - INFO - QC: Compound 2445 failed the RSD < 30 check
32425    29.362262
62923    33.426450
Name: 2445, dtype: float64
2026-09-07 15:07:54,677 - INFO - QC: Compound 1393 failed the RSD < 30 check
32425    67.380405
62923    49.401683
Name: 1393, dtype: float64
2026-09-07 15:07:54,678 - INFO - QC: Compound 3595 failed the RSD < 30 check
32425    116.419483
62923    108.494338
Name: 3595, dtype: float64
2026-09-07 15:07:54,679 - INFO - QC: Compound 2728 failed the RSD < 30 check
32425    48.012490
62923     8.954565
Name: 2728, dtype: float64
2026-09-07 15:07:54,681 - INFO - QC: Compound 6719 failed the RSD < 30 check
32425    176.579076
62923     28.456711
Name: 6719, dtype: float64
2026-09-07 15:07:54,682 - INFO - QC: Compound 3675 failed the RSD < 30 check
32425     9.240803
62923    30.778075
Name: 3675, dtype: float64
2026-09-07 15:07:54,683 - INFO - QC: Compound 256 failed the RSD < 30 check
32425    34.262874
62923    18.801598
Name: 256, dtype: float64
2026-09-07 15:07:54,684 - INFO - QC: Compound 2272 failed the RSD < 30 check
32425     8.717105
62923    34.359940
Name: 2272, dtype: float64
2026-09-07 15:07:54,686 - INFO - QC: Compound 2273 failed the RSD < 30 check
32425     8.976415
62923    35.058160
Name: 2273, dtype: float64
2026-09-07 15:07:54,687 - INFO - QC: Compound 3213 failed the RSD < 30 check
32425    39.552455
62923    54.998110
Name: 3213, dtype: float64
2026-09-07 15:07:54,688 - INFO - QC: Compound 3991 failed the RSD < 30 check
32425    11.664404
62923    37.764901
Name: 3991, dtype: float64
2026-09-07 15:07:54,689 - INFO - QC: Compound 3992 failed the RSD < 30 check
32425    18.994642
62923    39.636385
Name: 3992, dtype: float64
2026-09-07 15:07:54,691 - INFO - QC: Compound 302 failed the RSD < 30 check
32425    54.472244
62923    26.316840
Name: 302, dtype: float64
2026-09-07 15:07:54,692 - INFO - QC: Compound 303 failed the RSD < 30 check
32425    54.578258
62923    13.914278
Name: 303, dtype: float64
2026-09-07 15:07:54,693 - INFO - QC: Compound 5275 failed the RSD < 30 check
32425    47.273467
62923    17.005005
Name: 5275, dtype: float64
2026-09-07 15:07:54,694 - INFO - QC: Compound 7676 failed the RSD < 30 check
32425    15.896616
62923    38.957696
Name: 7676, dtype: float64
2026-09-07 15:07:54,695 - INFO - QC: Compound 2257 failed the RSD < 30 check
32425    54.628434
62923    23.122393
Name: 2257, dtype: float64
2026-09-07 15:07:54,697 - INFO - QC: Compound 3527 failed the RSD < 30 check
32425    59.227069
62923    86.994438
Name: 3527, dtype: float64
2026-09-07 15:07:54,698 - INFO - QC: Compound 6310 failed the RSD < 30 check
32425    33.529349
62923    18.005615
Name: 6310, dtype: float64
2026-09-07 15:07:54,699 - INFO - QC: Compound 7009 failed the RSD < 30 check
32425    219.162120
62923     42.262174
Name: 7009, dtype: float64
2026-09-07 15:07:54,700 - INFO - QC: Compound 4107 failed the RSD < 30 check
32425    11.783186
62923    33.666650
Name: 4107, dtype: float64
2026-09-07 15:07:54,702 - INFO - QC: Compound 6949 failed the RSD < 30 check
32425    31.910416
62923     7.666085
Name: 6949, dtype: float64
2026-09-07 15:07:54,703 - INFO - QC: Compound 3656 failed the RSD < 30 check
32425    37.111175
62923    15.445183
Name: 3656, dtype: float64
2026-09-07 15:07:54,704 - INFO - QC: Compound 6790 failed the RSD < 30 check
32425    37.215307
62923    14.101700
Name: 6790, dtype: float64
2026-09-07 15:07:54,705 - INFO - QC: Compound 5335 failed the RSD < 30 check
32425    13.061603
62923    64.399572
Name: 5335, dtype: float64
2026-09-07 15:07:54,707 - INFO - QC: Compound 410 failed the RSD < 30 check
32425    114.774281
62923     14.709432
Name: 410, dtype: float64
2026-09-07 15:07:54,708 - INFO - QC: Compound 1699 failed the RSD < 30 check
32425    31.224597
62923    21.231586
Name: 1699, dtype: float64
2026-09-07 15:07:54,709 - INFO - QC: Compound 6268 failed the RSD < 30 check
32425     90.251904
62923    112.516521
Name: 6268, dtype: float64
2026-09-07 15:07:54,710 - INFO - QC: Compound 588 failed the RSD < 30 check
32425    45.974766
62923    67.513401
Name: 588, dtype: float64
2026-09-07 15:07:54,712 - INFO - QC: Compound 3445 failed the RSD < 30 check
32425    62.855557
62923    48.827886
Name: 3445, dtype: float64
2026-09-07 15:07:54,713 - INFO - QC: Compound 1814 failed the RSD < 30 check
32425    163.465437
62923     91.819228
Name: 1814, dtype: float64
2026-09-07 15:07:54,714 - INFO - QC: Compound 7326 failed the RSD < 30 check
32425    41.958501
62923    20.086897
Name: 7326, dtype: float64
2026-09-07 15:07:54,715 - INFO - QC: Compound 712 failed the RSD < 30 check
32425    21.663280
62923    41.729615
Name: 712, dtype: float64
2026-09-07 15:07:54,716 - INFO - QC: Compound 5069 failed the RSD < 30 check
32425    143.942205
62923     39.146241
Name: 5069, dtype: float64
2026-09-07 15:07:54,718 - INFO - QC: Compound 1492 failed the RSD < 30 check
32425    34.891868
62923     7.186342
Name: 1492, dtype: float64
2026-09-07 15:07:54,719 - INFO - QC: Compound 4669 failed the RSD < 30 check
32425    13.955203
62923    50.176405
Name: 4669, dtype: float64
2026-09-07 15:07:54,720 - INFO - QC: Compound 858 failed the RSD < 30 check
32425    63.511396
62923    10.051088
Name: 858, dtype: float64
2026-09-07 15:07:54,721 - INFO - QC: Compound 3235 failed the RSD < 30 check
32425    43.436879
62923     9.560051
Name: 3235, dtype: float64
2026-09-07 15:07:54,723 - INFO - QC: Compound 7381 failed the RSD < 30 check
32425    33.566051
62923    29.001593
Name: 7381, dtype: float64
2026-09-07 15:07:54,724 - INFO - QC: Compound 3862 failed the RSD < 30 check
32425    41.116614
62923    54.241955
Name: 3862, dtype: float64
2026-09-07 15:07:54,725 - INFO - QC: Compound 2450 failed the RSD < 30 check
32425    30.128640
62923    10.630602
Name: 2450, dtype: float64
2026-09-07 15:07:54,726 - INFO - QC: Compound 2339 failed the RSD < 30 check
32425    107.420857
62923      9.748624
Name: 2339, dtype: float64
2026-09-07 15:07:54,727 - INFO - QC: Compound 1704 failed the RSD < 30 check
32425    16.352771
62923    43.782018
Name: 1704, dtype: float64
2026-09-07 15:07:54,729 - INFO - QC: Compound 5563 failed the RSD < 30 check
32425    25.804823
62923    54.815732
Name: 5563, dtype: float64
2026-09-07 15:07:54,730 - INFO - QC: Compound 6789 failed the RSD < 30 check
32425    134.891471
62923     18.065937
Name: 6789, dtype: float64
2026-09-07 15:07:54,731 - INFO - QC: Compound 2175 failed the RSD < 30 check
32425    60.435991
62923     9.475865
Name: 2175, dtype: float64
2026-09-07 15:07:54,732 - INFO - QC: Compound 5285 failed the RSD < 30 check
32425    17.308577
62923    33.438894
Name: 5285, dtype: float64
2026-09-07 15:07:54,734 - INFO - QC: Compound 6966 failed the RSD < 30 check
32425    34.422927
62923     6.894660
Name: 6966, dtype: float64
2026-09-07 15:07:54,735 - INFO - QC: Compound 1803 failed the RSD < 30 check
32425    61.327648
62923     6.976931
Name: 1803, dtype: float64
2026-09-07 15:07:54,736 - INFO - QC: Compound 1805 failed the RSD < 30 check
32425    61.326921
62923     9.499888
Name: 1805, dtype: float64
2026-09-07 15:07:54,737 - INFO - QC: Compound 6468 failed the RSD < 30 check
32425    41.649013
62923    91.027399
Name: 6468, dtype: float64
2026-09-07 15:07:54,739 - INFO - QC: Compound 6784 failed the RSD < 30 check
32425    48.045180
62923     9.904545
Name: 6784, dtype: float64
2026-09-07 15:07:54,740 - INFO - QC: Compound 6937 failed the RSD < 30 check
32425    51.616725
62923    20.711516
Name: 6937, dtype: float64
2026-09-07 15:07:54,741 - INFO - QC: Compound 2838 failed the RSD < 30 check
32425    170.103341
62923     12.018472
Name: 2838, dtype: float64
2026-09-07 15:07:54,742 - INFO - QC: Compound 3368 failed the RSD < 30 check
32425    82.872141
62923    19.760674
Name: 3368, dtype: float64
2026-09-07 15:07:54,743 - INFO - QC: Compound 292 failed the RSD < 30 check
32425    20.603868
62923    38.928914
Name: 292, dtype: float64
2026-09-07 15:07:54,745 - INFO - QC: Compound 1808 failed the RSD < 30 check
32425    201.125117
62923     22.991613
Name: 1808, dtype: float64
2026-09-07 15:07:54,746 - INFO - QC: Compound 3487 failed the RSD < 30 check
32425    15.289955
62923    45.344779
Name: 3487, dtype: float64
2026-09-07 15:07:54,747 - INFO - QC: Compound 3584 failed the RSD < 30 check
32425    30.904420
62923    19.975159
Name: 3584, dtype: float64
2026-09-07 15:07:54,748 - INFO - QC: Compound 6588 failed the RSD < 30 check
32425    107.673319
62923     10.519334
Name: 6588, dtype: float64
2026-09-07 15:07:54,749 - INFO - QC: Compound 1040 failed the RSD < 30 check
32425    51.277308
62923     9.858324
Name: 1040, dtype: float64
2026-09-07 15:07:54,751 - INFO - QC: Compound 5014 failed the RSD < 30 check
32425    15.992164
62923    81.042000
Name: 5014, dtype: float64
2026-09-07 15:07:54,752 - INFO - QC: Compound 6693 failed the RSD < 30 check
32425    49.561736
62923    98.454558
Name: 6693, dtype: float64
2026-09-07 15:07:54,753 - INFO - QC: Compound 1370 failed the RSD < 30 check
32425    27.837054
62923    58.394559
Name: 1370, dtype: float64
2026-09-07 15:07:54,754 - INFO - QC: Compound 774 failed the RSD < 30 check
32425    48.159265
62923    40.031778
Name: 774, dtype: float64
2026-09-07 15:07:54,756 - INFO - QC: Compound 7382 failed the RSD < 30 check
32425    31.326414
62923    11.551604
Name: 7382, dtype: float64
2026-09-07 15:07:54,757 - INFO - QC: Compound 6993 failed the RSD < 30 check
32425    44.702145
62923     9.904865
Name: 6993, dtype: float64
2026-09-07 15:07:54,758 - INFO - QC: Compound 1039 failed the RSD < 30 check
32425    145.196807
62923     44.878597
Name: 1039, dtype: float64
2026-09-07 15:07:54,759 - INFO - QC: Compound 2664 failed the RSD < 30 check
32425    21.958169
62923    33.014279
Name: 2664, dtype: float64
2026-09-07 15:07:54,760 - INFO - QC: Compound 2258 failed the RSD < 30 check
32425    48.613644
62923    14.463242
Name: 2258, dtype: float64
2026-09-07 15:07:54,762 - INFO - QC: Compound 7029 failed the RSD < 30 check
32425    18.956603
62923    64.691578
Name: 7029, dtype: float64
2026-09-07 15:07:54,763 - INFO - QC: Compound 5416 failed the RSD < 30 check
32425    62.687920
62923    35.574326
Name: 5416, dtype: float64
2026-09-07 15:07:54,764 - INFO - QC: Compound 5418 failed the RSD < 30 check
32425     59.369938
62923    102.290420
Name: 5418, dtype: float64
2026-09-07 15:07:54,765 - INFO - QC: Compound 6612 failed the RSD < 30 check
32425    15.262569
62923    47.246400
Name: 6612, dtype: float64
2026-09-07 15:07:54,766 - INFO - QC: Compound 610 failed the RSD < 30 check
32425    58.021786
62923    10.979631
Name: 610, dtype: float64
2026-09-07 15:07:54,768 - INFO - QC: Compound 515 failed the RSD < 30 check
32425    64.244720
62923    50.626922
Name: 515, dtype: float64
2026-09-07 15:07:54,769 - INFO - QC: Compound 2940 failed the RSD < 30 check
32425    31.829877
62923    14.829990
Name: 2940, dtype: float64
2026-09-07 15:07:54,770 - INFO - QC: Compound 2259 failed the RSD < 30 check
32425    10.991113
62923    89.036885
Name: 2259, dtype: float64
2026-09-07 15:07:54,771 - INFO - QC: Compound 4942 failed the RSD < 30 check
32425    13.188687
62923    46.526016
Name: 4942, dtype: float64
2026-09-07 15:07:54,773 - INFO - QC: Compound 2875 failed the RSD < 30 check
32425    43.586011
62923    17.611146
Name: 2875, dtype: float64
2026-09-07 15:07:54,774 - INFO - QC: Compound 6956 failed the RSD < 30 check
32425    25.667817
62923    42.463693
Name: 6956, dtype: float64
2026-09-07 15:07:54,775 - INFO - QC: Compound 4127 failed the RSD < 30 check
32425    32.617666
62923    10.370320
Name: 4127, dtype: float64
2026-09-07 15:07:54,776 - INFO - QC: Compound 1536 failed the RSD < 30 check
32425    84.371340
62923     5.040781
Name: 1536, dtype: float64
2026-09-07 15:07:54,777 - INFO - QC: Compound 1537 failed the RSD < 30 check
32425    73.752604
62923     8.648221
Name: 1537, dtype: float64
2026-09-07 15:07:54,779 - INFO - QC: Compound 4081 failed the RSD < 30 check
32425    18.520310
62923    38.924195
Name: 4081, dtype: float64
2026-09-07 15:07:54,780 - INFO - QC: Compound 4082 failed the RSD < 30 check
32425    18.520310
62923    38.924195
Name: 4082, dtype: float64
2026-09-07 15:07:54,781 - INFO - QC: Compound 2359 failed the RSD < 30 check
32425    30.021991
62923     8.845968
Name: 2359, dtype: float64
2026-09-07 15:07:54,782 - INFO - QC: Compound 2085 failed the RSD < 30 check
32425    45.039782
62923    45.842125
Name: 2085, dtype: float64
2026-09-07 15:07:54,783 - INFO - QC: Compound 6958 failed the RSD < 30 check
32425          NaN
62923    79.071557
Name: 6958, dtype: float64
2026-09-07 15:07:54,785 - INFO - QC: Compound 4789 failed the RSD < 30 check
32425    36.931277
62923     5.583855
Name: 4789, dtype: float64
2026-09-07 15:07:54,786 - INFO - QC: Compound 2692 failed the RSD < 30 check
32425    71.115263
62923    32.533256
Name: 2692, dtype: float64
2026-09-07 15:07:54,787 - INFO - QC: Compound 373 failed the RSD < 30 check
32425    129.995146
62923     12.141330
Name: 373, dtype: float64
2026-09-07 15:07:54,788 - INFO - QC: Compound 6682 failed the RSD < 30 check
32425    37.793876
62923     5.509021
Name: 6682, dtype: float64
2026-09-07 15:07:54,789 - INFO - QC: Compound 483 failed the RSD < 30 check
32425    48.799240
62923    27.494629
Name: 483, dtype: float64
2026-09-07 15:07:54,791 - INFO - QC: Compound 6269 failed the RSD < 30 check
32425    138.310037
62923     47.765741
Name: 6269, dtype: float64
2026-09-07 15:07:54,792 - INFO - QC: Compound 6955 failed the RSD < 30 check
32425    38.427173
62923    31.529273
Name: 6955, dtype: float64
2026-09-07 15:07:54,793 - INFO - QC: Compound 4120 failed the RSD < 30 check
32425    32.249544
62923    25.296335
Name: 4120, dtype: float64
2026-09-07 15:07:54,794 - INFO - QC: Compound 6741 failed the RSD < 30 check
32425    33.535966
62923    30.066212
Name: 6741, dtype: float64
2026-09-07 15:07:54,795 - INFO - QC: Compound 1487 failed the RSD < 30 check
32425    30.524783
62923     7.501107
Name: 1487, dtype: float64
2026-09-07 15:07:54,797 - INFO - QC: Compound 7086 failed the RSD < 30 check
32425    123.376598
62923      7.823971
Name: 7086, dtype: float64
2026-09-07 15:07:54,798 - INFO - QC: Compound 2345 failed the RSD < 30 check
32425    19.949617
62923    31.065868
Name: 2345, dtype: float64
2026-09-07 15:07:54,799 - INFO - QC: Compound 7097 failed the RSD < 30 check
32425    76.317450
62923    22.179704
Name: 7097, dtype: float64
2026-09-07 15:07:54,800 - INFO - QC: Compound 2937 failed the RSD < 30 check
32425    61.412949
62923    66.609508
Name: 2937, dtype: float64
2026-09-07 15:07:54,801 - INFO - QC: Compound 3757 failed the RSD < 30 check
32425    23.466436
62923    48.841714
Name: 3757, dtype: float64
2026-09-07 15:07:54,803 - INFO - QC: Compound 7492 failed the RSD < 30 check
32425    31.417278
62923    27.644671
Name: 7492, dtype: float64
2026-09-07 15:07:54,804 - INFO - QC: Compound 3826 failed the RSD < 30 check
32425    30.204899
62923    26.304851
Name: 3826, dtype: float64
2026-09-07 15:07:54,805 - INFO - QC: Compound 7438 failed the RSD < 30 check
32425    17.765287
62923    38.171930
Name: 7438, dtype: float64
2026-09-07 15:07:54,806 - INFO - QC: Compound 6490 failed the RSD < 30 check
32425    30.143348
62923    11.494214
Name: 6490, dtype: float64
2026-09-07 15:07:54,807 - INFO - QC: Compound 6983 failed the RSD < 30 check
32425    56.876030
62923    18.940113
Name: 6983, dtype: float64
2026-09-07 15:07:54,809 - INFO - QC: Compound 5626 failed the RSD < 30 check
32425    24.095123
62923    35.839165
Name: 5626, dtype: float64
2026-09-07 15:07:54,810 - INFO - QC: Compound 3920 failed the RSD < 30 check
32425    68.348260
62923    60.876708
Name: 3920, dtype: float64
2026-09-07 15:07:54,811 - INFO - QC: Compound 7258 failed the RSD < 30 check
32425    41.012272
62923    19.360476
Name: 7258, dtype: float64
2026-09-07 15:07:54,812 - INFO - QC: Compound 4941 failed the RSD < 30 check
32425    60.898928
62923    12.594915
Name: 4941, dtype: float64
2026-09-07 15:07:54,813 - INFO - QC: Compound 7240 failed the RSD < 30 check
32425    41.795081
62923     6.232052
Name: 7240, dtype: float64
2026-09-07 15:07:54,815 - INFO - QC: Compound 7145 failed the RSD < 30 check
32425    15.271561
62923    35.222678
Name: 7145, dtype: float64
2026-09-07 15:07:54,816 - INFO - QC: Compound 2448 failed the RSD < 30 check
32425    13.645857
62923    67.789025
Name: 2448, dtype: float64
2026-09-07 15:07:54,817 - INFO - QC: Compound 3384 failed the RSD < 30 check
32425    29.339850
62923    93.789589
Name: 3384, dtype: float64
2026-09-07 15:07:54,818 - INFO - QC: Compound 7418 failed the RSD < 30 check
32425    17.380967
62923    40.308018
Name: 7418, dtype: float64
2026-09-07 15:07:54,819 - INFO - QC: Compound 1062 failed the RSD < 30 check
32425    162.761109
62923      2.133837
Name: 1062, dtype: float64
2026-09-07 15:07:54,821 - INFO - QC: Compound 3064 failed the RSD < 30 check
32425    27.247404
62923    33.346984
Name: 3064, dtype: float64
2026-09-07 15:07:54,822 - INFO - QC: Compound 1700 failed the RSD < 30 check
32425    11.537451
62923    44.269126
Name: 1700, dtype: float64
2026-09-07 15:07:54,823 - INFO - QC: Compound 6571 failed the RSD < 30 check
32425    13.069144
62923    63.564998
Name: 6571, dtype: float64
2026-09-07 15:07:54,824 - INFO - QC: Compound 843 failed the RSD < 30 check
32425    81.817961
62923     2.157473
Name: 843, dtype: float64
2026-09-07 15:07:54,825 - INFO - QC: Compound 2255 failed the RSD < 30 check
32425    32.925555
62923    12.128278
Name: 2255, dtype: float64
2026-09-07 15:07:54,827 - INFO - QC: Compound 5231 failed the RSD < 30 check
32425    31.669145
62923    51.692682
Name: 5231, dtype: float64
2026-09-07 15:07:54,828 - INFO - QC: Compound 1538 failed the RSD < 30 check
32425    12.796159
62923    38.336459
Name: 1538, dtype: float64
2026-09-07 15:07:54,829 - INFO - QC: Compound 6980 failed the RSD < 30 check
32425    26.391220
62923    32.563769
Name: 6980, dtype: float64
2026-09-07 15:07:54,830 - INFO - QC: Compound 5314 failed the RSD < 30 check
32425    36.273762
62923     8.478905
Name: 5314, dtype: float64
2026-09-07 15:07:54,831 - INFO - QC: Compound 5609 failed the RSD < 30 check
32425    37.112371
62923     5.423967
Name: 5609, dtype: float64
2026-09-07 15:07:54,833 - INFO - QC: Compound 1837 failed the RSD < 30 check
32425    16.066183
62923    67.206164
Name: 1837, dtype: float64
2026-09-07 15:07:54,834 - INFO - QC: Compound 5263 failed the RSD < 30 check
32425    39.005641
62923     7.974281
Name: 5263, dtype: float64
2026-09-07 15:07:54,835 - INFO - QC: Compound 1177 failed the RSD < 30 check
32425    26.979884
62923    63.972539
Name: 1177, dtype: float64
2026-09-07 15:07:54,836 - INFO - QC: Compound 1179 failed the RSD < 30 check
32425    26.979884
62923    63.972539
Name: 1179, dtype: float64
2026-09-07 15:07:54,837 - INFO - QC: Compound 6996 failed the RSD < 30 check
32425    41.693026
62923    15.980053
Name: 6996, dtype: float64
2026-09-07 15:07:54,839 - INFO - QC: Compound 439 failed the RSD < 30 check
32425    30.812550
62923    34.045925
Name: 439, dtype: float64
2026-09-07 15:07:54,840 - INFO - QC: Compound 2018 failed the RSD < 30 check
32425    34.740655
62923     8.251850
Name: 2018, dtype: float64
2026-09-07 15:07:54,841 - INFO - QC: Compound 2451 failed the RSD < 30 check
32425    30.644835
62923     8.307834
Name: 2451, dtype: float64
2026-09-07 15:07:54,842 - INFO - QC: Compound 4940 failed the RSD < 30 check
32425    84.629471
62923    14.080737
Name: 4940, dtype: float64
2026-09-07 15:07:54,843 - INFO - QC: Compound 6967 failed the RSD < 30 check
32425    30.551453
62923    12.908683
Name: 6967, dtype: float64
2026-09-07 15:07:54,845 - INFO - QC: Compound 1170 failed the RSD < 30 check
32425    11.266168
62923    94.662306
Name: 1170, dtype: float64
2026-09-07 15:07:54,846 - INFO - QC: Compound 3684 failed the RSD < 30 check
32425    133.185179
62923     19.194569
Name: 3684, dtype: float64
2026-09-07 15:07:54,847 - INFO - QC: Compound 5276 failed the RSD < 30 check
32425     5.094553
62923    39.421244
Name: 5276, dtype: float64
2026-09-07 15:07:54,848 - INFO - QC: Compound 2286 failed the RSD < 30 check
32425    46.287190
62923    11.677257
Name: 2286, dtype: float64
2026-09-07 15:07:54,849 - INFO - QC: Compound 5431 failed the RSD < 30 check
32425     10.991024
62923    129.685405
Name: 5431, dtype: float64
2026-09-07 15:07:54,850 - INFO - QC: Compound 7257 failed the RSD < 30 check
32425    44.944916
62923    19.424014
Name: 7257, dtype: float64
2026-09-07 15:07:54,852 - INFO - QC: Compound 1764 failed the RSD < 30 check
32425    95.984459
62923    11.915178
Name: 1764, dtype: float64
2026-09-07 15:07:54,853 - INFO - QC: Compound 7114 failed the RSD < 30 check
32425    32.118480
62923     8.975687
Name: 7114, dtype: float64
2026-09-07 15:07:54,854 - INFO - QC: Compound 7130 failed the RSD < 30 check
32425    64.586089
62923    23.903392
Name: 7130, dtype: float64
2026-09-07 15:07:54,855 - INFO - QC: Compound 5078 failed the RSD < 30 check
32425     74.883499
62923    149.066580
Name: 5078, dtype: float64
2026-09-07 15:07:54,856 - INFO - QC: Compound 5080 failed the RSD < 30 check
32425     68.579407
62923    127.659300
Name: 5080, dtype: float64
2026-09-07 15:07:54,858 - INFO - QC: Compound 5082 failed the RSD < 30 check
32425     78.060858
62923    153.632845
Name: 5082, dtype: float64
2026-09-07 15:07:54,859 - INFO - QC: Compound 716 failed the RSD < 30 check
32425    90.463642
62923    90.351884
Name: 716, dtype: float64
2026-09-07 15:07:54,860 - INFO - QC: Compound 6769 failed the RSD < 30 check
32425    30.220791
62923     5.970532
Name: 6769, dtype: float64
2026-09-07 15:07:54,861 - INFO - QC: Compound 7027 failed the RSD < 30 check
32425    39.497236
62923    12.389381
Name: 7027, dtype: float64
2026-09-07 15:07:54,862 - INFO - QC: Compound 6970 failed the RSD < 30 check
32425    57.892593
62923     8.522719
Name: 6970, dtype: float64
2026-09-07 15:07:54,863 - INFO - QC: Compound 6749 failed the RSD < 30 check
32425    49.764714
62923    13.125903
Name: 6749, dtype: float64
2026-09-07 15:07:54,865 - INFO - QC: Compound 7096 failed the RSD < 30 check
32425    39.024684
62923    22.699080
Name: 7096, dtype: float64
2026-09-07 15:07:54,866 - INFO - QC: Compound 7133 failed the RSD < 30 check
32425    19.006289
62923    43.269151
Name: 7133, dtype: float64
2026-09-07 15:07:54,867 - INFO - QC: Compound 4788 failed the RSD < 30 check
32425    47.633299
62923    22.452373
Name: 4788, dtype: float64
2026-09-07 15:07:54,868 - INFO - QC: Compound 7223 failed the RSD < 30 check
32425     8.999473
62923    53.548088
Name: 7223, dtype: float64
2026-09-07 15:07:54,869 - INFO - QC: Compound 3729 failed the RSD < 30 check
32425    56.407732
62923     4.566366
Name: 3729, dtype: float64
2026-09-07 15:07:54,871 - INFO - QC: Compound 480 failed the RSD < 30 check
32425    125.371167
62923     26.424971
Name: 480, dtype: float64
2026-09-07 15:07:54,872 - INFO - QC: Compound 481 failed the RSD < 30 check
32425    124.006646
62923     21.474160
Name: 481, dtype: float64
2026-09-07 15:07:54,873 - INFO - QC: Compound 445 failed the RSD < 30 check
32425    43.188702
62923    48.176854
Name: 445, dtype: float64
2026-09-07 15:07:54,874 - INFO - QC: Compound 4000 failed the RSD < 30 check
32425    75.433601
62923    46.098552
Name: 4000, dtype: float64
2026-09-07 15:07:54,875 - INFO - QC: Compound 6489 failed the RSD < 30 check
32425    18.260706
62923    32.831737
Name: 6489, dtype: float64
2026-09-07 15:07:54,876 - INFO - QC: Compound 1128 failed the RSD < 30 check
32425    54.971191
62923     4.710717
Name: 1128, dtype: float64
2026-09-07 15:07:54,878 - INFO - QC: Compound 1664 failed the RSD < 30 check
32425    12.835253
62923    57.232817
Name: 1664, dtype: float64
2026-09-07 15:07:54,879 - INFO - QC: Compound 4064 failed the RSD < 30 check
32425    36.444422
62923    26.040901
Name: 4064, dtype: float64
2026-09-07 15:07:54,880 - INFO - QC: Compound 4073 failed the RSD < 30 check
32425    128.767217
62923     70.086930
Name: 4073, dtype: float64
2026-09-07 15:07:54,881 - INFO - QC: Compound 7678 failed the RSD < 30 check
32425    20.875752
62923    43.887184
Name: 7678, dtype: float64
2026-09-07 15:07:54,882 - INFO - QC: Compound 4061 failed the RSD < 30 check
32425    33.349641
62923    55.199437
Name: 4061, dtype: float64
2026-09-07 15:07:54,883 - INFO - QC: Compound 3825 failed the RSD < 30 check
32425    30.897211
62923    21.675981
Name: 3825, dtype: float64
2026-09-07 15:07:54,885 - INFO - QC: Compound 2048 failed the RSD < 30 check
32425    83.066306
62923    26.701885
Name: 2048, dtype: float64
2026-09-07 15:07:54,886 - INFO - QC: Compound 6536 failed the RSD < 30 check
32425    27.523188
62923    72.292730
Name: 6536, dtype: float64
2026-09-07 15:07:54,887 - INFO - QC: Compound 6788 failed the RSD < 30 check
32425    214.151212
62923     57.298277
Name: 6788, dtype: float64
2026-09-07 15:07:54,888 - INFO - QC: Compound 2576 failed the RSD < 30 check
32425    24.253505
62923    37.090461
Name: 2576, dtype: float64
2026-09-07 15:07:54,889 - INFO - QC: Compound 1022 failed the RSD < 30 check
32425    58.186847
62923    31.064816
Name: 1022, dtype: float64
2026-09-07 15:07:54,891 - INFO - QC: Compound 5315 failed the RSD < 30 check
32425    53.067731
62923    12.747665
Name: 5315, dtype: float64
2026-09-07 15:07:54,892 - INFO - QC: Compound 6583 failed the RSD < 30 check
32425    36.697569
62923    10.955953
Name: 6583, dtype: float64
2026-09-07 15:07:54,893 - INFO - QC: Compound 7307 failed the RSD < 30 check
32425    12.901177
62923    31.000308
Name: 7307, dtype: float64
2026-09-07 15:07:54,894 - INFO - QC: Compound 2889 failed the RSD < 30 check
32425    42.776968
62923     6.890716
Name: 2889, dtype: float64
2026-09-07 15:07:54,895 - INFO - QC: Compound 5066 failed the RSD < 30 check
32425    45.616282
62923    16.410290
Name: 5066, dtype: float64
2026-09-07 15:07:54,896 - INFO - QC: Compound 2149 failed the RSD < 30 check
32425    21.425426
62923    34.603490
Name: 2149, dtype: float64
2026-09-07 15:07:54,898 - INFO - QC: Compound 6584 failed the RSD < 30 check
32425    35.830295
62923    29.774808
Name: 6584, dtype: float64
2026-09-07 15:07:54,899 - INFO - QC: Compound 6669 failed the RSD < 30 check
32425    167.006901
62923     26.495817
Name: 6669, dtype: float64
2026-09-07 15:07:54,900 - INFO - QC: Compound 6745 failed the RSD < 30 check
32425    76.521481
62923    13.962147
Name: 6745, dtype: float64
2026-09-07 15:07:54,901 - INFO - QC: Compound 5491 failed the RSD < 30 check
32425    37.935633
62923     9.762199
Name: 5491, dtype: float64
2026-09-07 15:07:54,902 - INFO - QC: Compound 7465 failed the RSD < 30 check
32425    47.376545
62923    48.479302
Name: 7465, dtype: float64
2026-09-07 15:07:54,903 - INFO - QC: Compound 3580 failed the RSD < 30 check
32425    27.267341
62923    34.110767
Name: 3580, dtype: float64
2026-09-07 15:07:54,905 - INFO - QC: Compound 3092 failed the RSD < 30 check
32425    15.056642
62923    35.090954
Name: 3092, dtype: float64
2026-09-07 15:07:54,906 - INFO - QC: Compound 6938 failed the RSD < 30 check
32425    20.287372
62923    33.840150
Name: 6938, dtype: float64
2026-09-07 15:07:54,907 - INFO - QC: Compound 1342 failed the RSD < 30 check
32425    236.455227
62923     19.937004
Name: 1342, dtype: float64
2026-09-07 15:07:54,908 - INFO - QC: Compound 1344 failed the RSD < 30 check
32425    214.211701
62923     16.427624
Name: 1344, dtype: float64
2026-09-07 15:07:54,909 - INFO - QC: Compound 2446 failed the RSD < 30 check
32425    68.870339
62923    26.200769
Name: 2446, dtype: float64
2026-09-07 15:07:54,910 - INFO - QC: Compound 1549 failed the RSD < 30 check
32425     63.997438
62923    118.680449
Name: 1549, dtype: float64
2026-09-07 15:07:54,912 - INFO - QC: Compound 4003 failed the RSD < 30 check
32425    29.518112
62923    69.507355
Name: 4003, dtype: float64
2026-09-07 15:07:54,913 - INFO - QC: Compound 1346 failed the RSD < 30 check
32425    123.439611
62923     35.780937
Name: 1346, dtype: float64
2026-09-07 15:07:54,914 - INFO - QC: Compound 7374 failed the RSD < 30 check
32425    71.409835
62923    24.597104
Name: 7374, dtype: float64
2026-09-07 15:07:54,915 - INFO - QC: Compound 1345 failed the RSD < 30 check
32425    132.690794
62923     17.270252
Name: 1345, dtype: float64
2026-09-07 15:07:54,916 - INFO - QC: Compound 2569 failed the RSD < 30 check
32425    12.043732
62923    30.066122
Name: 2569, dtype: float64
2026-09-07 15:07:54,917 - INFO - QC: Compound 3522 failed the RSD < 30 check
32425    35.384245
62923    84.050512
Name: 3522, dtype: float64
2026-09-07 15:07:54,919 - INFO - QC: Compound 2461 failed the RSD < 30 check
32425    15.203056
62923    42.057598
Name: 2461, dtype: float64
2026-09-07 15:07:54,920 - INFO - QC: Compound 3418 failed the RSD < 30 check
32425    54.688538
62923    56.247950
Name: 3418, dtype: float64
2026-09-07 15:07:54,921 - INFO - QC: Compound 7142 failed the RSD < 30 check
32425    13.454556
62923    30.650418
Name: 7142, dtype: float64
2026-09-07 15:07:54,922 - INFO - QC: Compound 7088 failed the RSD < 30 check
32425    194.793908
62923     26.592016
Name: 7088, dtype: float64
2026-09-07 15:07:54,923 - INFO - QC: Compound 2129 failed the RSD < 30 check
32425    33.962036
62923     7.944571
Name: 2129, dtype: float64
2026-09-07 15:07:54,924 - INFO - QC: Compound 7220 failed the RSD < 30 check
32425      8.117459
62923    100.295432
Name: 7220, dtype: float64
2026-09-07 15:07:54,926 - INFO - QC: Compound 7338 failed the RSD < 30 check
32425    39.424712
62923    17.430823
Name: 7338, dtype: float64
2026-09-07 15:07:54,927 - INFO - QC: Compound 7537 failed the RSD < 30 check
32425    39.589141
62923    51.148252
Name: 7537, dtype: float64
2026-09-07 15:07:54,928 - INFO - QC: Compound 7590 failed the RSD < 30 check
32425    48.575502
62923    20.902625
Name: 7590, dtype: float64
2026-09-07 15:07:54,929 - INFO - QC: Compound 5240 failed the RSD < 30 check
32425     68.976895
62923    135.032796
Name: 5240, dtype: float64
2026-09-07 15:07:54,930 - INFO - QC: Compound 6721 failed the RSD < 30 check
32425    37.498329
62923     8.437888
Name: 6721, dtype: float64
2026-09-07 15:07:54,931 - INFO - QC: Compound 341 failed the RSD < 30 check
32425    43.958423
62923    44.530488
Name: 341, dtype: float64
2026-09-07 15:07:54,932 - INFO - QC: Compound 342 failed the RSD < 30 check
32425    47.436245
62923    24.280357
Name: 342, dtype: float64
2026-09-07 15:07:54,934 - INFO - QC: Compound 3361 failed the RSD < 30 check
32425    33.370354
62923    10.657794
Name: 3361, dtype: float64
2026-09-07 15:07:54,935 - INFO - QC: Compound 539 failed the RSD < 30 check
32425    59.471096
62923    17.660645
Name: 539, dtype: float64
2026-09-07 15:07:54,936 - INFO - QC: Compound 6879 failed the RSD < 30 check
32425    50.922953
62923    42.710816
Name: 6879, dtype: float64
2026-09-07 15:07:54,937 - INFO - QC: Compound 2874 failed the RSD < 30 check
32425    39.042233
62923    14.078904
Name: 2874, dtype: float64
2026-09-07 15:07:54,938 - INFO - QC: Compound 6706 failed the RSD < 30 check
32425    54.047184
62923    11.673406
Name: 6706, dtype: float64
2026-09-07 15:07:54,939 - INFO - QC: Compound 5862 failed the RSD < 30 check
32425    33.840869
62923    28.041164
Name: 5862, dtype: float64
2026-09-07 15:07:54,941 - INFO - QC: Compound 3766 failed the RSD < 30 check
32425     7.760154
62923    33.603683
Name: 3766, dtype: float64
2026-09-07 15:07:54,942 - INFO - QC: Compound 2055 failed the RSD < 30 check
32425    34.052871
62923    30.307179
Name: 2055, dtype: float64
2026-09-07 15:07:54,943 - INFO - QC: Compound 1360 failed the RSD < 30 check
32425    46.598982
62923    44.673640
Name: 1360, dtype: float64
2026-09-07 15:07:54,944 - INFO - QC: Compound 1442 failed the RSD < 30 check
32425    31.049668
62923     8.282238
Name: 1442, dtype: float64
2026-09-07 15:07:54,945 - INFO - QC: Compound 6917 failed the RSD < 30 check
32425    51.464027
62923    11.167699
Name: 6917, dtype: float64
2026-09-07 15:07:54,946 - INFO - QC: Compound 4040 failed the RSD < 30 check
32425    29.932513
62923    41.160140
Name: 4040, dtype: float64
2026-09-07 15:07:54,948 - INFO - QC: Compound 4074 failed the RSD < 30 check
32425    48.379051
62923    23.274359
Name: 4074, dtype: float64
2026-09-07 15:07:54,949 - INFO - QC: Compound 3830 failed the RSD < 30 check
32425    48.941940
62923    74.691341
Name: 3830, dtype: float64
2026-09-07 15:07:54,950 - INFO - QC: Compound 6897 failed the RSD < 30 check
32425    168.635750
62923      5.358186
Name: 6897, dtype: float64
2026-09-07 15:07:54,951 - INFO - QC: Compound 5166 failed the RSD < 30 check
32425    47.914514
62923     9.077775
Name: 5166, dtype: float64
2026-09-07 15:07:54,952 - INFO - QC: Compound 6898 failed the RSD < 30 check
32425    79.024599
62923     6.733053
Name: 6898, dtype: float64
2026-09-07 15:07:54,953 - INFO - QC: Compound 5167 failed the RSD < 30 check
32425    30.673020
62923     8.133117
Name: 5167, dtype: float64
2026-09-07 15:07:54,954 - INFO - QC: Compound 3928 failed the RSD < 30 check
32425    32.073939
62923    17.088010
Name: 3928, dtype: float64
2026-09-07 15:07:54,956 - INFO - QC: Compound 5463 failed the RSD < 30 check
32425     4.836727
62923    78.835227
Name: 5463, dtype: float64
2026-09-07 15:07:54,957 - INFO - QC: Compound 6737 failed the RSD < 30 check
32425    168.336124
62923      9.617438
Name: 6737, dtype: float64
2026-09-07 15:07:54,958 - INFO - QC: Compound 7315 failed the RSD < 30 check
32425     9.296193
62923    69.328664
Name: 7315, dtype: float64
2026-09-07 15:07:54,959 - INFO - QC: Compound 2468 failed the RSD < 30 check
32425    38.015516
62923    14.144123
Name: 2468, dtype: float64
2026-09-07 15:07:54,960 - INFO - QC: Compound 1676 failed the RSD < 30 check
32425    170.909284
62923    167.869853
Name: 1676, dtype: float64
2026-09-07 15:07:54,961 - INFO - QC: Compound 7435 failed the RSD < 30 check
32425    16.657514
62923    55.746624
Name: 7435, dtype: float64
2026-09-07 15:07:54,962 - INFO - QC: Compound 3572 failed the RSD < 30 check
32425    26.717543
62923    30.519503
Name: 3572, dtype: float64
2026-09-07 15:07:54,964 - INFO - QC: Compound 7099 failed the RSD < 30 check
32425    55.944822
62923    11.246346
Name: 7099, dtype: float64
2026-09-07 15:07:54,965 - INFO - QC: Compound 661 failed the RSD < 30 check
32425    39.487887
62923     8.532843
Name: 661, dtype: float64
2026-09-07 15:07:54,966 - INFO - QC: Compound 1107 failed the RSD < 30 check
32425    53.963428
62923     6.252269
Name: 1107, dtype: float64
2026-09-07 15:07:54,967 - INFO - QC: Compound 1110 failed the RSD < 30 check
32425    41.087815
62923    11.502393
Name: 1110, dtype: float64
2026-09-07 15:07:54,968 - INFO - QC: Compound 7055 failed the RSD < 30 check
32425    45.649379
62923     8.001861
Name: 7055, dtype: float64
2026-09-07 15:07:54,969 - INFO - QC: Compound 486 failed the RSD < 30 check
32425    158.505411
62923     66.050696
Name: 486, dtype: float64
2026-09-07 15:07:54,970 - INFO - QC: Compound 6252 failed the RSD < 30 check
32425    53.022762
62923    62.453976
Name: 6252, dtype: float64
2026-09-07 15:07:54,972 - INFO - QC: Compound 6253 failed the RSD < 30 check
32425    41.486601
62923    63.765064
Name: 6253, dtype: float64
2026-09-07 15:07:54,973 - INFO - QC: Compound 5515 failed the RSD < 30 check
32425    252.058206
62923     26.895310
Name: 5515, dtype: float64
2026-09-07 15:07:54,974 - INFO - QC: Compound 5516 failed the RSD < 30 check
32425    20.571438
62923    37.371437
Name: 5516, dtype: float64
2026-09-07 15:07:54,975 - INFO - QC: Compound 7100 failed the RSD < 30 check
32425    27.646877
62923    32.266378
Name: 7100, dtype: float64
2026-09-07 15:07:54,976 - INFO - QC: Compound 2885 failed the RSD < 30 check
32425     69.973827
62923    163.380696
Name: 2885, dtype: float64
2026-09-07 15:07:54,977 - INFO - QC: Compound 2122 failed the RSD < 30 check
32425    21.294823
62923    71.110928
Name: 2122, dtype: float64
2026-09-07 15:07:54,979 - INFO - QC: Compound 7070 failed the RSD < 30 check
32425    76.468889
62923    40.975072
Name: 7070, dtype: float64
2026-09-07 15:07:54,980 - INFO - QC: Compound 7516 failed the RSD < 30 check
32425     7.842961
62923    44.737420
Name: 7516, dtype: float64
2026-09-07 15:07:54,981 - INFO - QC: Compound 7603 failed the RSD < 30 check
32425    30.614057
62923    19.144759
Name: 7603, dtype: float64
2026-09-07 15:07:54,982 - INFO - QC: Compound 317 failed the RSD < 30 check
32425    41.855628
62923    25.034617
Name: 317, dtype: float64
2026-09-07 15:07:54,983 - INFO - QC: Compound 1002 failed the RSD < 30 check
32425    35.071319
62923    19.283002
Name: 1002, dtype: float64
2026-09-07 15:07:54,984 - INFO - QC: Compound 1072 failed the RSD < 30 check
32425    31.202505
62923    17.997994
Name: 1072, dtype: float64
2026-09-07 15:07:54,985 - INFO - QC: Compound 3823 failed the RSD < 30 check
32425    90.688786
62923    15.039941
Name: 3823, dtype: float64
2026-09-07 15:07:54,986 - INFO - QC: Compound 474 failed the RSD < 30 check
32425    49.404359
62923    31.179408
Name: 474, dtype: float64
2026-09-07 15:07:54,988 - INFO - QC: Compound 1662 failed the RSD < 30 check
32425    168.424236
62923     10.851087
Name: 1662, dtype: float64
2026-09-07 15:07:54,989 - INFO - QC: Compound 3158 failed the RSD < 30 check
32425    32.793753
62923    20.389376
Name: 3158, dtype: float64
2026-09-07 15:07:54,990 - INFO - QC: Compound 1872 failed the RSD < 30 check
32425    90.327752
62923    67.900563
Name: 1872, dtype: float64
2026-09-07 15:07:54,991 - INFO - QC: Compound 1873 failed the RSD < 30 check
32425    93.757267
62923    65.335691
Name: 1873, dtype: float64
2026-09-07 15:07:54,992 - INFO - QC: Compound 2484 failed the RSD < 30 check
32425    29.698542
62923    56.689862
Name: 2484, dtype: float64
2026-09-07 15:07:54,993 - INFO - QC: Compound 6874 failed the RSD < 30 check
32425    62.017408
62923    11.857056
Name: 6874, dtype: float64
2026-09-07 15:07:54,994 - INFO - QC: Compound 2695 failed the RSD < 30 check
32425    44.581744
62923    39.422291
Name: 2695, dtype: float64
2026-09-07 15:07:54,996 - INFO - QC: Compound 3817 failed the RSD < 30 check
32425    64.670286
62923    24.031702
Name: 3817, dtype: float64
2026-09-07 15:07:54,997 - INFO - QC: Compound 2656 failed the RSD < 30 check
32425    108.371139
62923      6.627148
Name: 2656, dtype: float64
2026-09-07 15:07:54,998 - INFO - QC: Compound 7393 failed the RSD < 30 check
32425    14.540287
62923    31.474303
Name: 7393, dtype: float64
2026-09-07 15:07:54,999 - INFO - QC: Compound 2860 failed the RSD < 30 check
32425    231.152332
62923      6.042810
Name: 2860, dtype: float64
2026-09-07 15:07:55,000 - INFO - QC: Compound 6912 failed the RSD < 30 check
32425    108.437979
62923      7.772496
Name: 6912, dtype: float64
2026-09-07 15:07:55,001 - INFO - QC: Compound 2778 failed the RSD < 30 check
32425    24.314735
62923    42.540261
Name: 2778, dtype: float64
2026-09-07 15:07:55,002 - INFO - QC: Compound 1985 failed the RSD < 30 check
32425    98.419226
62923    22.501438
Name: 1985, dtype: float64
2026-09-07 15:07:55,003 - INFO - QC: Compound 7241 failed the RSD < 30 check
32425    136.603931
62923     22.114163
Name: 7241, dtype: float64
2026-09-07 15:07:55,005 - INFO - QC: Compound 5342 failed the RSD < 30 check
32425     8.552293
62923    41.769624
Name: 5342, dtype: float64
2026-09-07 15:07:55,006 - INFO - QC: Compound 3536 failed the RSD < 30 check
32425     59.916574
62923    106.423990
Name: 3536, dtype: float64
2026-09-07 15:07:55,007 - INFO - QC: Compound 6705 failed the RSD < 30 check
32425    41.426705
62923    11.086626
Name: 6705, dtype: float64
2026-09-07 15:07:55,008 - INFO - QC: Compound 321 failed the RSD < 30 check
32425    24.986058
62923    43.992400
Name: 321, dtype: float64
2026-09-07 15:07:55,009 - INFO - QC: Compound 508 failed the RSD < 30 check
32425     18.284085
62923    123.736857
Name: 508, dtype: float64
2026-09-07 15:07:55,010 - INFO - QC: Compound 6430 failed the RSD < 30 check
32425    13.824315
62923    31.637636
Name: 6430, dtype: float64
2026-09-07 15:07:55,011 - INFO - QC: Compound 6433 failed the RSD < 30 check
32425    19.318722
62923    30.113388
Name: 6433, dtype: float64
2026-09-07 15:07:55,013 - INFO - QC: Compound 3405 failed the RSD < 30 check
32425    39.666611
62923    47.105756
Name: 3405, dtype: float64
2026-09-07 15:07:55,014 - INFO - QC: Compound 3531 failed the RSD < 30 check
32425    38.929284
62923    72.056768
Name: 3531, dtype: float64
2026-09-07 15:07:55,015 - INFO - QC: Compound 6748 failed the RSD < 30 check
32425    111.644726
62923     11.316009
Name: 6748, dtype: float64
2026-09-07 15:07:55,016 - INFO - QC: Compound 1948 failed the RSD < 30 check
32425    57.361782
62923    34.286943
Name: 1948, dtype: float64
2026-09-07 15:07:55,017 - INFO - QC: Compound 5894 failed the RSD < 30 check
32425    73.208526
62923    16.939545
Name: 5894, dtype: float64
2026-09-07 15:07:55,018 - INFO - QC: Compound 6482 failed the RSD < 30 check
32425    48.118684
62923    11.022940
Name: 6482, dtype: float64
2026-09-07 15:07:55,019 - INFO - QC: Compound 1964 failed the RSD < 30 check
32425    43.201492
62923    14.830400
Name: 1964, dtype: float64
2026-09-07 15:07:55,020 - INFO - QC: Compound 7414 failed the RSD < 30 check
32425    165.120892
62923      5.168639
Name: 7414, dtype: float64
2026-09-07 15:07:55,022 - INFO - QC: Compound 1485 failed the RSD < 30 check
32425    38.233885
62923    49.298540
Name: 1485, dtype: float64
2026-09-07 15:07:55,023 - INFO - QC: Compound 5390 failed the RSD < 30 check
32425    106.805087
62923     14.867051
Name: 5390, dtype: float64
2026-09-07 15:07:55,024 - INFO - QC: Compound 7385 failed the RSD < 30 check
32425    23.237448
62923    38.475364
Name: 7385, dtype: float64
2026-09-07 15:07:55,025 - INFO - QC: Compound 6701 failed the RSD < 30 check
32425     21.749346
62923    125.577497
Name: 6701, dtype: float64
2026-09-07 15:07:55,027 - INFO - QC: Compound 7138 failed the RSD < 30 check
32425    37.524156
62923    41.010779
Name: 7138, dtype: float64
2026-09-07 15:07:55,028 - INFO - QC: Compound 291 failed the RSD < 30 check
32425    253.570773
62923      5.089800
Name: 291, dtype: float64
2026-09-07 15:07:55,029 - INFO - QC: Compound 1545 failed the RSD < 30 check
32425    47.453961
62923    11.957004
Name: 1545, dtype: float64
2026-09-07 15:07:55,030 - INFO - QC: Compound 1548 failed the RSD < 30 check
32425    47.460798
62923    11.395040
Name: 1548, dtype: float64
2026-09-07 15:07:55,031 - INFO - QC: Compound 862 failed the RSD < 30 check
32425    64.510505
62923    47.347027
Name: 862, dtype: float64
2026-09-07 15:07:55,032 - INFO - QC: Compound 6835 failed the RSD < 30 check
32425    123.451897
62923     10.174245
Name: 6835, dtype: float64
2026-09-07 15:07:55,033 - INFO - QC: Compound 1048 failed the RSD < 30 check
32425    54.138630
62923    46.939391
Name: 1048, dtype: float64
2026-09-07 15:07:55,035 - INFO - QC: Compound 1051 failed the RSD < 30 check
32425    58.316748
62923    46.163367
Name: 1051, dtype: float64
2026-09-07 15:07:55,036 - INFO - QC: Compound 7491 failed the RSD < 30 check
32425    19.638353
62923    33.783252
Name: 7491, dtype: float64
2026-09-07 15:07:55,037 - INFO - QC: Compound 3265 failed the RSD < 30 check
32425    26.387502
62923    44.998258
Name: 3265, dtype: float64
2026-09-07 15:07:55,038 - INFO - QC: Compound 300 failed the RSD < 30 check
32425      6.427452
62923    114.567199
Name: 300, dtype: float64
2026-09-07 15:07:55,039 - INFO - QC: Compound 5923 failed the RSD < 30 check
32425    69.601117
62923     4.621585
Name: 5923, dtype: float64
2026-09-07 15:07:55,040 - INFO - QC: Compound 2502 failed the RSD < 30 check
32425    38.751853
62923     8.900415
Name: 2502, dtype: float64
2026-09-07 15:07:55,041 - INFO - QC: Compound 6836 failed the RSD < 30 check
32425    123.455600
62923     12.039573
Name: 6836, dtype: float64
2026-09-07 15:07:55,042 - INFO - QC: Compound 7394 failed the RSD < 30 check
32425    22.285389
62923    35.431975
Name: 7394, dtype: float64
2026-09-07 15:07:55,044 - INFO - QC: Compound 7395 failed the RSD < 30 check
32425    22.285389
62923    35.431975
Name: 7395, dtype: float64
2026-09-07 15:07:55,045 - INFO - QC: Compound 4182 failed the RSD < 30 check
32425    35.559836
62923    54.774392
Name: 4182, dtype: float64
2026-09-07 15:07:55,046 - INFO - QC: Compound 4001 failed the RSD < 30 check
32425    15.688399
62923    33.298234
Name: 4001, dtype: float64
2026-09-07 15:07:55,047 - INFO - QC: Compound 3624 failed the RSD < 30 check
32425    30.055097
62923    31.636665
Name: 3624, dtype: float64
2026-09-07 15:07:55,048 - INFO - QC: Compound 2303 failed the RSD < 30 check
32425    241.539401
62923     75.445149
Name: 2303, dtype: float64
2026-09-07 15:07:55,049 - INFO - QC: Compound 2120 failed the RSD < 30 check
32425    19.634024
62923    71.661497
Name: 2120, dtype: float64
2026-09-07 15:07:55,050 - INFO - QC: Compound 5481 failed the RSD < 30 check
32425    74.496654
62923    26.840528
Name: 5481, dtype: float64
2026-09-07 15:07:55,051 - INFO - QC: Compound 5808 failed the RSD < 30 check
32425    38.546270
62923    11.718026
Name: 5808, dtype: float64
2026-09-07 15:07:55,052 - INFO - QC: Compound 6393 failed the RSD < 30 check
32425    54.008100
62923    18.048494
Name: 6393, dtype: float64
2026-09-07 15:07:55,054 - INFO - QC: Compound 6532 failed the RSD < 30 check
32425    29.079293
62923    50.528218
Name: 6532, dtype: float64
2026-09-07 15:07:55,055 - INFO - QC: Compound 6306 failed the RSD < 30 check
32425    11.684288
62923    97.925884
Name: 6306, dtype: float64
2026-09-07 15:07:55,056 - INFO - QC: Compound 5253 failed the RSD < 30 check
32425    34.261924
62923    53.161547
Name: 5253, dtype: float64
2026-09-07 15:07:55,057 - INFO - QC: Compound 7071 failed the RSD < 30 check
32425    52.933322
62923    25.296633
Name: 7071, dtype: float64
2026-09-07 15:07:55,058 - INFO - QC: Compound 4850 failed the RSD < 30 check
32425    33.651996
62923    21.901739
Name: 4850, dtype: float64
2026-09-07 15:07:55,059 - INFO - QC: Compound 7602 failed the RSD < 30 check
32425    34.736781
62923    37.248446
Name: 7602, dtype: float64
2026-09-07 15:07:55,060 - INFO - QC: Compound 7681 failed the RSD < 30 check
32425    27.437887
62923    51.010546
Name: 7681, dtype: float64
2026-09-07 15:07:55,061 - INFO - QC: Compound 2503 failed the RSD < 30 check
32425    56.120042
62923     7.702595
Name: 2503, dtype: float64
2026-09-07 15:07:55,062 - INFO - QC: Compound 3089 failed the RSD < 30 check
32425     23.717727
62923    153.569490
Name: 3089, dtype: float64
2026-09-07 15:07:55,064 - INFO - QC: Compound 3653 failed the RSD < 30 check
32425    34.982339
62923    15.451234
Name: 3653, dtype: float64
2026-09-07 15:07:55,065 - INFO - QC: Compound 3063 failed the RSD < 30 check
32425    25.289600
62923    37.309035
Name: 3063, dtype: float64
2026-09-07 15:07:55,066 - INFO - QC: Compound 5560 failed the RSD < 30 check
32425     19.581217
62923    132.382875
Name: 5560, dtype: float64
2026-09-07 15:07:55,067 - INFO - QC: Compound 3495 failed the RSD < 30 check
32425    33.79195
62923    14.42593
Name: 3495, dtype: float64
2026-09-07 15:07:55,068 - INFO - QC: Compound 5745 failed the RSD < 30 check
32425    10.647352
62923    65.312199
Name: 5745, dtype: float64
2026-09-07 15:07:55,069 - INFO - QC: Compound 2102 failed the RSD < 30 check
32425    86.734819
62923    11.195688
Name: 2102, dtype: float64
2026-09-07 15:07:55,070 - INFO - QC: Compound 1957 failed the RSD < 30 check
32425    69.181932
62923    11.077757
Name: 1957, dtype: float64
2026-09-07 15:07:55,071 - INFO - QC: Compound 7137 failed the RSD < 30 check
32425    57.564072
62923     9.893527
Name: 7137, dtype: float64
2026-09-07 15:07:55,072 - INFO - QC: Compound 663 failed the RSD < 30 check
32425    30.775210
62923    27.413924
Name: 663, dtype: float64
2026-09-07 15:07:55,073 - INFO - QC: Compound 7254 failed the RSD < 30 check
32425    39.023130
62923    16.425347
Name: 7254, dtype: float64
2026-09-07 15:07:55,075 - INFO - QC: Compound 7343 failed the RSD < 30 check
32425    14.963471
62923    38.055436
Name: 7343, dtype: float64
2026-09-07 15:07:55,076 - INFO - QC: Compound 7061 failed the RSD < 30 check
32425    29.927904
62923    43.136718
Name: 7061, dtype: float64
2026-09-07 15:07:55,077 - INFO - QC: Compound 6738 failed the RSD < 30 check
32425    27.842721
62923    31.421338
Name: 6738, dtype: float64
2026-09-07 15:07:55,078 - INFO - QC: Compound 6333 failed the RSD < 30 check
32425    27.499780
62923    33.981848
Name: 6333, dtype: float64
2026-09-07 15:07:55,079 - INFO - QC: Compound 4154 failed the RSD < 30 check
32425    61.935444
62923    27.510843
Name: 4154, dtype: float64
2026-09-07 15:07:55,080 - INFO - QC: Compound 4156 failed the RSD < 30 check
32425    53.180418
62923    26.690969
Name: 4156, dtype: float64
2026-09-07 15:07:55,081 - INFO - QC: Compound 4158 failed the RSD < 30 check
32425    54.581358
62923    13.361905
Name: 4158, dtype: float64
2026-09-07 15:07:55,082 - INFO - QC: Compound 5457 failed the RSD < 30 check
32425    124.877874
62923     18.539210
Name: 5457, dtype: float64
2026-09-07 15:07:55,083 - INFO - QC: Compound 5456 failed the RSD < 30 check
32425    126.581624
62923     25.309517
Name: 5456, dtype: float64
2026-09-07 15:07:55,085 - INFO - QC: Compound 6622 failed the RSD < 30 check
32425    13.179470
62923    42.846402
Name: 6622, dtype: float64
2026-09-07 15:07:55,086 - INFO - QC: Compound 1029 failed the RSD < 30 check
32425    143.539039
62923      5.442736
Name: 1029, dtype: float64
2026-09-07 15:07:55,087 - INFO - QC: Compound 6766 failed the RSD < 30 check
32425    54.192977
62923    13.455497
Name: 6766, dtype: float64
2026-09-07 15:07:55,088 - INFO - QC: Compound 2729 failed the RSD < 30 check
32425    37.846426
62923    19.072246
Name: 2729, dtype: float64
2026-09-07 15:07:55,089 - INFO - QC: Compound 1823 failed the RSD < 30 check
32425    20.705237
62923    56.237520
Name: 1823, dtype: float64
2026-09-07 15:07:55,090 - INFO - QC: Compound 3165 failed the RSD < 30 check
32425    40.570793
62923    30.109182
Name: 3165, dtype: float64
2026-09-07 15:07:55,091 - INFO - QC: Compound 1871 failed the RSD < 30 check
32425    100.536557
62923     71.977908
Name: 1871, dtype: float64
2026-09-07 15:07:55,092 - INFO - QC: Compound 6400 failed the RSD < 30 check
32425    38.251474
62923    38.899223
Name: 6400, dtype: float64
2026-09-07 15:07:55,093 - INFO - QC: Compound 6994 failed the RSD < 30 check
32425    81.292681
62923    29.604770
Name: 6994, dtype: float64
2026-09-07 15:07:55,094 - INFO - QC: Compound 5226 failed the RSD < 30 check
32425     26.571087
62923    113.490181
Name: 5226, dtype: float64
2026-09-07 15:07:55,096 - INFO - QC: Compound 598 failed the RSD < 30 check
32425    30.607222
62923     7.147178
Name: 598, dtype: float64
2026-09-07 15:07:55,097 - INFO - QC: Compound 2565 failed the RSD < 30 check
32425    262.898661
62923     23.397918
Name: 2565, dtype: float64
2026-09-07 15:07:55,098 - INFO - QC: Compound 2566 failed the RSD < 30 check
32425    264.382662
62923     24.507789
Name: 2566, dtype: float64
2026-09-07 15:07:55,099 - INFO - QC: Compound 5863 failed the RSD < 30 check
32425    35.529051
62923    14.005308
Name: 5863, dtype: float64
2026-09-07 15:07:55,100 - INFO - QC: Compound 1938 failed the RSD < 30 check
32425    20.236079
62923    45.488070
Name: 1938, dtype: float64
2026-09-07 15:07:55,101 - INFO - QC: Compound 7079 failed the RSD < 30 check
32425    60.109779
62923    14.118395
Name: 7079, dtype: float64
2026-09-07 15:07:55,102 - INFO - QC: Compound 3339 failed the RSD < 30 check
32425    261.675504
62923    259.125136
Name: 3339, dtype: float64
2026-09-07 15:07:55,103 - INFO - QC: Compound 3204 failed the RSD < 30 check
32425    49.363407
62923    15.260302
Name: 3204, dtype: float64
2026-09-07 15:07:55,104 - INFO - QC: Compound 7024 failed the RSD < 30 check
32425    34.212600
62923    19.256205
Name: 7024, dtype: float64
2026-09-07 15:07:55,105 - INFO - QC: Compound 2912 failed the RSD < 30 check
32425    48.235387
62923    16.083715
Name: 2912, dtype: float64
2026-09-07 15:07:55,107 - INFO - QC: Compound 12 failed the RSD < 30 check
32425    139.334062
62923      9.771622
Name: 12, dtype: float64
2026-09-07 15:07:55,108 - INFO - QC: Compound 1491 failed the RSD < 30 check
32425    30.574807
62923    49.231853
Name: 1491, dtype: float64
2026-09-07 15:07:55,109 - INFO - QC: Compound 865 failed the RSD < 30 check
32425    57.913676
62923    45.147532
Name: 865, dtype: float64
2026-09-07 15:07:55,110 - INFO - QC: Compound 6911 failed the RSD < 30 check
32425    250.782085
62923      7.313820
Name: 6911, dtype: float64
2026-09-07 15:07:55,111 - INFO - QC: Compound 7574 failed the RSD < 30 check
32425    30.056535
62923    27.055325
Name: 7574, dtype: float64
2026-09-07 15:07:55,112 - INFO - QC: Compound 6718 failed the RSD < 30 check
32425    57.885721
62923    29.165028
Name: 6718, dtype: float64
2026-09-07 15:07:55,113 - INFO - QC: Compound 5749 failed the RSD < 30 check
32425    13.413260
62923    79.799919
Name: 5749, dtype: float64
2026-09-07 15:07:55,114 - INFO - QC: Compound 2826 failed the RSD < 30 check
32425    14.432942
62923    30.036453
Name: 2826, dtype: float64
2026-09-07 15:07:55,115 - INFO - QC: Compound 2141 failed the RSD < 30 check
32425    63.081491
62923     6.171440
Name: 2141, dtype: float64
2026-09-07 15:07:55,116 - INFO - QC: Compound 2256 failed the RSD < 30 check
32425    67.516954
62923    66.445836
Name: 2256, dtype: float64
2026-09-07 15:07:55,117 - INFO - QC: Compound 7552 failed the RSD < 30 check
32425    36.281030
62923     8.208896
Name: 7552, dtype: float64
2026-09-07 15:07:55,119 - INFO - QC: Compound 5804 failed the RSD < 30 check
32425    49.639611
62923    47.326144
Name: 5804, dtype: float64
2026-09-07 15:07:55,120 - INFO - QC: Compound 5802 failed the RSD < 30 check
32425    101.188478
62923     17.650429
Name: 5802, dtype: float64
2026-09-07 15:07:55,121 - INFO - QC: Compound 2324 failed the RSD < 30 check
32425    133.059114
62923     41.186653
Name: 2324, dtype: float64
2026-09-07 15:07:55,122 - INFO - QC: Compound 3999 failed the RSD < 30 check
32425    17.055538
62923    33.002964
Name: 3999, dtype: float64
2026-09-07 15:07:55,123 - INFO - QC: Compound 6681 failed the RSD < 30 check
32425    39.461257
62923    44.268892
Name: 6681, dtype: float64
2026-09-07 15:07:55,124 - INFO - QC: Compound 6717 failed the RSD < 30 check
32425    42.121670
62923    27.263996
Name: 6717, dtype: float64
2026-09-07 15:07:55,125 - INFO - QC: Compound 7442 failed the RSD < 30 check
32425    34.970443
62923     6.121820
Name: 7442, dtype: float64
2026-09-07 15:07:55,126 - INFO - QC: Compound 2887 failed the RSD < 30 check
32425    37.456154
62923    12.194345
Name: 2887, dtype: float64
2026-09-07 15:07:55,127 - INFO - QC: Compound 4065 failed the RSD < 30 check
32425    36.529537
62923    43.459216
Name: 4065, dtype: float64
2026-09-07 15:07:55,128 - INFO - QC: Compound 2954 failed the RSD < 30 check
32425    45.242294
62923    35.937916
Name: 2954, dtype: float64
2026-09-07 15:07:55,129 - INFO - QC: Compound 3159 failed the RSD < 30 check
32425    26.897228
62923    36.795662
Name: 3159, dtype: float64
2026-09-07 15:07:55,130 - INFO - QC: Compound 7468 failed the RSD < 30 check
32425    45.594429
62923    50.860599
Name: 7468, dtype: float64
2026-09-07 15:07:55,132 - INFO - QC: Compound 1571 failed the RSD < 30 check
32425    61.560336
62923    58.991815
Name: 1571, dtype: float64
2026-09-07 15:07:55,133 - INFO - QC: Compound 1573 failed the RSD < 30 check
32425    73.956420
62923    49.508534
Name: 1573, dtype: float64
2026-09-07 15:07:55,134 - INFO - QC: Compound 1925 failed the RSD < 30 check
32425    35.982910
62923    47.093046
Name: 1925, dtype: float64
2026-09-07 15:07:55,135 - INFO - QC: Compound 4037 failed the RSD < 30 check
32425    12.973275
62923    33.574335
Name: 4037, dtype: float64
2026-09-07 15:07:55,136 - INFO - QC: Compound 5578 failed the RSD < 30 check
32425     7.287551
62923    66.628647
Name: 5578, dtype: float64
2026-09-07 15:07:55,137 - INFO - QC: Compound 6548 failed the RSD < 30 check
32425    15.229349
62923    30.456553
Name: 6548, dtype: float64
2026-09-07 15:07:55,138 - INFO - QC: Compound 2899 failed the RSD < 30 check
32425    14.378682
62923    62.704326
Name: 2899, dtype: float64
2026-09-07 15:07:55,139 - INFO - QC: Compound 7528 failed the RSD < 30 check
32425    27.858249
62923    97.489419
Name: 7528, dtype: float64
2026-09-07 15:07:55,140 - INFO - QC: Compound 3989 failed the RSD < 30 check
32425    25.091876
62923    41.691430
Name: 3989, dtype: float64
2026-09-07 15:07:55,141 - INFO - QC: Compound 502 failed the RSD < 30 check
32425    172.445008
62923     19.272054
Name: 502, dtype: float64
2026-09-07 15:07:55,142 - INFO - QC: Compound 513 failed the RSD < 30 check
32425    11.489647
62923    39.564564
Name: 513, dtype: float64
2026-09-07 15:07:55,143 - INFO - QC: Compound 6736 failed the RSD < 30 check
32425    177.838248
62923     39.487722
Name: 6736, dtype: float64
2026-09-07 15:07:55,145 - INFO - QC: Compound 2378 failed the RSD < 30 check
32425    109.804743
62923     82.130837
Name: 2378, dtype: float64
2026-09-07 15:07:55,146 - INFO - QC: Compound 4206 failed the RSD < 30 check
32425    11.881511
62923    81.971516
Name: 4206, dtype: float64
2026-09-07 15:07:55,147 - INFO - QC: Compound 1968 failed the RSD < 30 check
32425    90.219733
62923     7.892968
Name: 1968, dtype: float64
2026-09-07 15:07:55,148 - INFO - QC: Compound 7310 failed the RSD < 30 check
32425    77.365178
62923    12.668961
Name: 7310, dtype: float64
2026-09-07 15:07:55,149 - INFO - QC: Compound 2570 failed the RSD < 30 check
32425    165.639243
62923     14.756596
Name: 2570, dtype: float64
2026-09-07 15:07:55,150 - INFO - QC: Compound 1949 failed the RSD < 30 check
32425    65.297771
62923    24.687913
Name: 1949, dtype: float64
2026-09-07 15:07:55,151 - INFO - QC: Compound 3873 failed the RSD < 30 check
32425    32.625396
62923    15.497610
Name: 3873, dtype: float64
2026-09-07 15:07:55,152 - INFO - QC: Compound 1963 failed the RSD < 30 check
32425    43.334436
62923     9.670370
Name: 1963, dtype: float64
2026-09-07 15:07:55,153 - INFO - QC: Compound 7264 failed the RSD < 30 check
32425    41.178638
62923    24.773750
Name: 7264, dtype: float64
2026-09-07 15:07:55,154 - INFO - QC: Compound 7545 failed the RSD < 30 check
32425    17.182899
62923    31.414589
Name: 7545, dtype: float64
2026-09-07 15:07:55,155 - INFO - QC: Compound 1679 failed the RSD < 30 check
32425    140.464145
62923    231.599895
Name: 1679, dtype: float64
2026-09-07 15:07:55,156 - INFO - QC: Compound 7386 failed the RSD < 30 check
32425    34.969458
62923    31.098181
Name: 7386, dtype: float64
2026-09-07 15:07:55,157 - INFO - QC: Compound 2377 failed the RSD < 30 check
32425    17.721245
62923    42.338737
Name: 2377, dtype: float64
2026-09-07 15:07:55,159 - INFO - QC: Compound 1958 failed the RSD < 30 check
32425    82.548752
62923    27.625944
Name: 1958, dtype: float64
2026-09-07 15:07:55,160 - INFO - QC: Compound 7041 failed the RSD < 30 check
32425    120.701660
62923     20.385964
Name: 7041, dtype: float64
2026-09-07 15:07:55,161 - INFO - QC: Compound 2711 failed the RSD < 30 check
32425    13.188114
62923    62.926487
Name: 2711, dtype: float64
2026-09-07 15:07:55,162 - INFO - QC: Compound 1996 failed the RSD < 30 check
32425    32.912932
62923    33.606720
Name: 1996, dtype: float64
2026-09-07 15:07:55,163 - INFO - QC: Compound 3076 failed the RSD < 30 check
32425    79.978141
62923    19.325661
Name: 3076, dtype: float64
2026-09-07 15:07:55,164 - INFO - QC: Compound 2147 failed the RSD < 30 check
32425     14.821782
62923    102.287832
Name: 2147, dtype: float64
2026-09-07 15:07:55,165 - INFO - QC: Compound 2148 failed the RSD < 30 check
32425     14.821782
62923    102.287832
Name: 2148, dtype: float64
2026-09-07 15:07:55,166 - INFO - QC: Compound 7095 failed the RSD < 30 check
32425    32.943627
62923    62.216736
Name: 7095, dtype: float64
2026-09-07 15:07:55,167 - INFO - QC: Compound 7036 failed the RSD < 30 check
32425    59.323998
62923    66.087727
Name: 7036, dtype: float64
2026-09-07 15:07:55,168 - INFO - QC: Compound 5504 failed the RSD < 30 check
32425    82.502966
62923    23.236651
Name: 5504, dtype: float64
2026-09-07 15:07:55,169 - INFO - QC: Compound 2226 failed the RSD < 30 check
32425     93.251798
62923    109.021454
Name: 2226, dtype: float64
2026-09-07 15:07:55,170 - INFO - QC: Compound 4051 failed the RSD < 30 check
32425     9.264924
62923    59.178469
Name: 4051, dtype: float64
2026-09-07 15:07:55,171 - INFO - QC: Compound 7561 failed the RSD < 30 check
32425    14.897847
62923    35.968625
Name: 7561, dtype: float64
2026-09-07 15:07:55,173 - INFO - QC: Compound 3843 failed the RSD < 30 check
32425    30.841978
62923    13.781650
Name: 3843, dtype: float64
2026-09-07 15:07:55,174 - INFO - QC: Compound 3426 failed the RSD < 30 check
32425    12.902044
62923    50.299616
Name: 3426, dtype: float64
2026-09-07 15:07:55,175 - INFO - QC: Compound 446 failed the RSD < 30 check
32425    43.014583
62923    25.802444
Name: 446, dtype: float64
2026-09-07 15:07:55,176 - INFO - QC: Compound 5520 failed the RSD < 30 check
32425    34.463507
62923    12.316085
Name: 5520, dtype: float64
2026-09-07 15:07:55,177 - INFO - QC: Compound 7568 failed the RSD < 30 check
32425    70.867058
62923    11.675078
Name: 7568, dtype: float64
2026-09-07 15:07:55,178 - INFO - QC: Compound 4075 failed the RSD < 30 check
32425    41.037489
62923    21.158524
Name: 4075, dtype: float64
2026-09-07 15:07:55,179 - INFO - QC: Compound 2571 failed the RSD < 30 check
32425    164.138159
62923     16.296572
Name: 2571, dtype: float64
2026-09-07 15:07:55,180 - INFO - QC: Compound 5907 failed the RSD < 30 check
32425    46.424019
62923    24.006986
Name: 5907, dtype: float64
2026-09-07 15:07:55,181 - INFO - QC: Compound 2270 failed the RSD < 30 check
32425    131.886072
62923     30.386728
Name: 2270, dtype: float64
2026-09-07 15:07:55,182 - INFO - QC: Compound 5671 failed the RSD < 30 check
32425    179.844307
62923     36.161519
Name: 5671, dtype: float64
2026-09-07 15:07:55,183 - INFO - QC: Compound 6776 failed the RSD < 30 check
32425    91.337999
62923    43.902337
Name: 6776, dtype: float64
2026-09-07 15:07:55,184 - INFO - QC: Compound 7085 failed the RSD < 30 check
32425    100.760474
62923      6.898994
Name: 7085, dtype: float64
2026-09-07 15:07:55,185 - INFO - QC: Compound 942 failed the RSD < 30 check
32425    56.624365
62923     9.716121
Name: 942, dtype: float64
2026-09-07 15:07:55,186 - INFO - QC: Compound 2819 failed the RSD < 30 check
32425    52.583912
62923     8.846967
Name: 2819, dtype: float64
2026-09-07 15:07:55,188 - INFO - QC: Compound 853 failed the RSD < 30 check
32425    23.881696
62923    34.300834
Name: 853, dtype: float64
2026-09-07 15:07:55,189 - INFO - QC: Compound 5460 failed the RSD < 30 check
32425    47.858741
62923    40.100412
Name: 5460, dtype: float64
2026-09-07 15:07:55,190 - INFO - QC: Compound 1608 failed the RSD < 30 check
32425    247.077950
62923     23.053002
Name: 1608, dtype: float64
2026-09-07 15:07:55,191 - INFO - QC: Compound 725 failed the RSD < 30 check
32425    96.688959
62923    87.994420
Name: 725, dtype: float64
2026-09-07 15:07:55,192 - INFO - QC: Compound 728 failed the RSD < 30 check
32425    96.688959
62923    87.994420
Name: 728, dtype: float64
2026-09-07 15:07:55,193 - INFO - QC: Compound 2283 failed the RSD < 30 check
32425    32.045647
62923    11.738386
Name: 2283, dtype: float64
2026-09-07 15:07:55,194 - INFO - QC: Compound 2284 failed the RSD < 30 check
32425    32.045647
62923    11.738386
Name: 2284, dtype: float64
2026-09-07 15:07:55,195 - INFO - QC: Compound 2164 failed the RSD < 30 check
32425    86.385373
62923    33.599491
Name: 2164, dtype: float64
2026-09-07 15:07:55,196 - INFO - QC: Compound 7035 failed the RSD < 30 check
32425     81.718610
62923    112.294176
Name: 7035, dtype: float64
2026-09-07 15:07:55,197 - INFO - QC: Compound 7060 failed the RSD < 30 check
32425    36.791339
62923     8.874610
Name: 7060, dtype: float64
2026-09-07 15:07:55,198 - INFO - QC: Compound 2024 failed the RSD < 30 check
32425    103.610421
62923     13.551411
Name: 2024, dtype: float64
2026-09-07 15:07:55,199 - INFO - QC: Compound 2025 failed the RSD < 30 check
32425    103.610421
62923     13.045075
Name: 2025, dtype: float64
2026-09-07 15:07:55,200 - INFO - QC: Compound 6954 failed the RSD < 30 check
32425    45.436058
62923     6.007743
Name: 6954, dtype: float64
2026-09-07 15:07:55,201 - INFO - QC: Compound 7529 failed the RSD < 30 check
32425    10.347978
62923    64.708738
Name: 7529, dtype: float64
2026-09-07 15:07:55,202 - INFO - QC: Compound 2861 failed the RSD < 30 check
32425    31.953714
62923     3.572306
Name: 2861, dtype: float64
2026-09-07 15:07:55,203 - INFO - QC: Compound 2112 failed the RSD < 30 check
32425     8.478981
62923    31.014120
Name: 2112, dtype: float64
2026-09-07 15:07:55,204 - INFO - QC: Compound 3929 failed the RSD < 30 check
32425    40.310328
62923    38.225616
Name: 3929, dtype: float64
2026-09-07 15:07:55,205 - INFO - QC: Compound 3355 failed the RSD < 30 check
32425    35.075760
62923    16.628753
Name: 3355, dtype: float64
2026-09-07 15:07:55,207 - INFO - QC: Compound 7263 failed the RSD < 30 check
32425    41.191169
62923    28.871008
Name: 7263, dtype: float64
2026-09-07 15:07:55,208 - INFO - QC: Compound 6696 failed the RSD < 30 check
32425    51.738068
62923    17.390721
Name: 6696, dtype: float64
2026-09-07 15:07:55,209 - INFO - QC: Compound 7402 failed the RSD < 30 check
32425     9.315665
62923    32.029948
Name: 7402, dtype: float64
2026-09-07 15:07:55,210 - INFO - QC: Compound 242 failed the RSD < 30 check
32425    51.302183
62923     9.929707
Name: 242, dtype: float64
2026-09-07 15:07:55,211 - INFO - QC: Compound 7180 failed the RSD < 30 check
32425    39.753489
62923    12.412290
Name: 7180, dtype: float64
2026-09-07 15:07:55,212 - INFO - QC: Compound 3863 failed the RSD < 30 check
32425    43.697834
62923    29.671491
Name: 3863, dtype: float64
2026-09-07 15:07:55,213 - INFO - QC: Compound 2618 failed the RSD < 30 check
32425    40.694366
62923    11.124963
Name: 2618, dtype: float64
2026-09-07 15:07:55,214 - INFO - QC: Compound 6739 failed the RSD < 30 check
32425    37.777616
62923    10.755581
Name: 6739, dtype: float64
2026-09-07 15:07:55,215 - INFO - QC: Compound 5895 failed the RSD < 30 check
32425    62.990877
62923    28.623337
Name: 5895, dtype: float64
2026-09-07 15:07:55,216 - INFO - QC: Compound 717 failed the RSD < 30 check
32425    89.124032
62923    94.148271
Name: 717, dtype: float64
2026-09-07 15:07:55,217 - INFO - QC: Compound 2825 failed the RSD < 30 check
32425    35.558985
62923    13.636641
Name: 2825, dtype: float64
2026-09-07 15:07:55,218 - INFO - QC: Compound 2156 failed the RSD < 30 check
32425    156.385677
62923     15.450116
Name: 2156, dtype: float64
2026-09-07 15:07:55,219 - INFO - QC: Compound 2495 failed the RSD < 30 check
32425    30.510587
62923    12.671930
Name: 2495, dtype: float64
2026-09-07 15:07:55,220 - INFO - QC: Compound 1163 failed the RSD < 30 check
32425    55.339132
62923    16.805242
Name: 1163, dtype: float64
2026-09-07 15:07:55,221 - INFO - QC: Compound 3400 failed the RSD < 30 check
32425    12.989573
62923    48.556328
Name: 3400, dtype: float64
2026-09-07 15:07:55,222 - INFO - QC: Compound 1612 failed the RSD < 30 check
32425    124.144923
62923    251.692437
Name: 1612, dtype: float64
2026-09-07 15:07:55,223 - INFO - QC: Compound 1989 failed the RSD < 30 check
32425    89.996518
62923    10.304046
Name: 1989, dtype: float64
2026-09-07 15:07:55,224 - INFO - QC: Compound 1956 failed the RSD < 30 check
32425    192.696701
62923     13.148247
Name: 1956, dtype: float64
2026-09-07 15:07:55,225 - INFO - QC: Compound 3156 failed the RSD < 30 check
32425    25.886355
62923    34.170235
Name: 3156, dtype: float64
2026-09-07 15:07:55,226 - INFO - QC: Compound 1527 failed the RSD < 30 check
32425    31.892634
62923    32.692417
Name: 1527, dtype: float64
2026-09-07 15:07:55,227 - INFO - QC: Compound 4083 failed the RSD < 30 check
32425    29.649542
62923    31.219947
Name: 4083, dtype: float64
2026-09-07 15:07:55,229 - INFO - QC: Compound 7583 failed the RSD < 30 check
32425    58.457667
62923    80.834964
Name: 7583, dtype: float64
2026-09-07 15:07:55,230 - INFO - QC: Compound 3354 failed the RSD < 30 check
32425    29.705257
62923    37.591605
Name: 3354, dtype: float64
2026-09-07 15:07:55,231 - INFO - QC: Compound 7196 failed the RSD < 30 check
32425    21.274244
62923    41.621785
Name: 7196, dtype: float64
2026-09-07 15:07:55,232 - INFO - QC: Compound 2549 failed the RSD < 30 check
32425     8.976661
62923    47.927585
Name: 2549, dtype: float64
2026-09-07 15:07:55,233 - INFO - QC: Compound 7136 failed the RSD < 30 check
32425    51.337670
62923     7.286224
Name: 7136, dtype: float64
2026-09-07 15:07:55,234 - INFO - QC: Compound 3336 failed the RSD < 30 check
32425    61.684598
62923     6.461458
Name: 3336, dtype: float64
2026-09-07 15:07:55,235 - INFO - QC: Compound 691 failed the RSD < 30 check
32425    147.086391
62923     11.048216
Name: 691, dtype: float64
2026-09-07 15:07:55,236 - INFO - QC: Compound 4076 failed the RSD < 30 check
32425    21.375149
62923    33.156162
Name: 4076, dtype: float64
2026-09-07 15:07:55,237 - INFO - QC: Compound 4077 failed the RSD < 30 check
32425    18.172101
62923    33.156162
Name: 4077, dtype: float64
2026-09-07 15:07:55,238 - INFO - QC: Compound 2928 failed the RSD < 30 check
32425    14.123856
62923    53.353465
Name: 2928, dtype: float64
2026-09-07 15:07:55,239 - INFO - QC: Compound 1977 failed the RSD < 30 check
32425     95.515695
62923    135.547186
Name: 1977, dtype: float64
2026-09-07 15:07:55,240 - INFO - QC: Compound 2240 failed the RSD < 30 check
32425    70.473593
62923    25.477931
Name: 2240, dtype: float64
2026-09-07 15:07:55,241 - INFO - QC: Compound 2131 failed the RSD < 30 check
32425    49.055680
62923    35.666876
Name: 2131, dtype: float64
2026-09-07 15:07:55,242 - INFO - QC: Compound 782 failed the RSD < 30 check
32425    138.237806
62923     38.117890
Name: 782, dtype: float64
2026-09-07 15:07:55,243 - INFO - QC: Compound 5017 failed the RSD < 30 check
32425    60.451109
62923    21.572464
Name: 5017, dtype: float64
2026-09-07 15:07:55,244 - INFO - QC: Compound 1979 failed the RSD < 30 check
32425    54.121965
62923    14.727155
Name: 1979, dtype: float64
2026-09-07 15:07:55,245 - INFO - QC: Compound 1982 failed the RSD < 30 check
32425    54.121965
62923    14.727155
Name: 1982, dtype: float64
2026-09-07 15:07:55,246 - INFO - QC: Compound 7648 failed the RSD < 30 check
32425    11.703575
62923    45.254355
Name: 7648, dtype: float64
2026-09-07 15:07:55,247 - INFO - QC: Compound 7599 failed the RSD < 30 check
32425    20.575912
62923    42.602586
Name: 7599, dtype: float64
2026-09-07 15:07:55,248 - INFO - QC: Compound 2491 failed the RSD < 30 check
32425    35.770987
62923    26.341691
Name: 2491, dtype: float64
2026-09-07 15:07:55,249 - INFO - QC: Compound 1036 failed the RSD < 30 check
32425    36.473738
62923     8.676671
Name: 1036, dtype: float64
2026-09-07 15:07:55,250 - INFO - QC: Compound 1037 failed the RSD < 30 check
32425    36.473738
62923     7.521953
Name: 1037, dtype: float64
2026-09-07 15:07:55,251 - INFO - QC: Compound 7154 failed the RSD < 30 check
32425    35.347114
62923    11.896321
Name: 7154, dtype: float64
2026-09-07 15:07:55,252 - INFO - QC: Compound 609 failed the RSD < 30 check
32425    17.074349
62923    77.897750
Name: 609, dtype: float64
2026-09-07 15:07:55,253 - INFO - QC: Compound 7419 failed the RSD < 30 check
32425     58.634607
62923    108.493772
Name: 7419, dtype: float64
2026-09-07 15:07:55,255 - INFO - QC: Compound 2380 failed the RSD < 30 check
32425    31.289373
62923    47.186985
Name: 2380, dtype: float64
2026-09-07 15:07:55,256 - INFO - QC: Compound 5887 failed the RSD < 30 check
32425     16.993142
62923    133.483986
Name: 5887, dtype: float64
2026-09-07 15:07:55,257 - INFO - QC: Compound 3167 failed the RSD < 30 check
32425    49.270940
62923     9.632596
Name: 3167, dtype: float64
2026-09-07 15:07:55,258 - INFO - QC: Compound 1825 failed the RSD < 30 check
32425    53.518443
62923    77.807381
Name: 1825, dtype: float64
2026-09-07 15:07:55,259 - INFO - QC: Compound 2657 failed the RSD < 30 check
32425    37.944287
62923    14.516768
Name: 2657, dtype: float64
2026-09-07 15:07:55,260 - INFO - QC: Compound 7357 failed the RSD < 30 check
32425    11.822234
62923    34.309593
Name: 7357, dtype: float64
2026-09-07 15:07:55,261 - INFO - QC: Compound 1708 failed the RSD < 30 check
32425    58.761391
62923    17.111387
Name: 1708, dtype: float64
2026-09-07 15:07:55,262 - INFO - QC: Compound 7259 failed the RSD < 30 check
32425    30.482924
62923    57.112332
Name: 7259, dtype: float64
2026-09-07 15:07:55,263 - INFO - QC: Compound 1359 failed the RSD < 30 check
32425    99.833210
62923    22.771366
Name: 1359, dtype: float64
2026-09-07 15:07:55,264 - INFO - QC: Compound 7640 failed the RSD < 30 check
32425    25.982596
62923    38.866186
Name: 7640, dtype: float64
2026-09-07 15:07:55,265 - INFO - QC: Compound 2026 failed the RSD < 30 check
32425    46.188036
62923    27.952132
Name: 2026, dtype: float64
2026-09-07 15:07:55,266 - INFO - QC: Compound 3108 failed the RSD < 30 check
32425    105.074273
62923     78.773740
Name: 3108, dtype: float64
2026-09-07 15:07:55,267 - INFO - QC: Compound 7132 failed the RSD < 30 check
32425    26.214662
62923    37.723137
Name: 7132, dtype: float64
2026-09-07 15:07:55,268 - INFO - QC: Compound 803 failed the RSD < 30 check
32425    38.973354
62923    44.394391
Name: 803, dtype: float64
2026-09-07 15:07:55,269 - INFO - QC: Compound 7601 failed the RSD < 30 check
32425    33.548598
62923    49.869496
Name: 7601, dtype: float64
2026-09-07 15:07:55,270 - INFO - QC: Compound 5931 failed the RSD < 30 check
32425    12.992101
62923    91.291423
Name: 5931, dtype: float64
2026-09-07 15:07:55,271 - INFO - QC: Compound 2776 failed the RSD < 30 check
32425    78.375430
62923    39.781495
Name: 2776, dtype: float64
2026-09-07 15:07:55,272 - INFO - QC: Compound 7006 failed the RSD < 30 check
32425    43.647518
62923    29.252524
Name: 7006, dtype: float64
2026-09-07 15:07:55,273 - INFO - QC: Compound 5702 failed the RSD < 30 check
32425    29.221104
62923    67.937376
Name: 5702, dtype: float64
2026-09-07 15:07:55,274 - INFO - QC: Compound 3114 failed the RSD < 30 check
32425    32.814752
62923    19.434042
Name: 3114, dtype: float64
2026-09-07 15:07:55,275 - INFO - QC: Compound 690 failed the RSD < 30 check
32425     45.129360
62923    146.628183
Name: 690, dtype: float64
2026-09-07 15:07:55,276 - INFO - QC: Compound 3489 failed the RSD < 30 check
32425    33.545415
62923    16.873909
Name: 3489, dtype: float64
2026-09-07 15:07:55,277 - INFO - QC: Compound 7408 failed the RSD < 30 check
32425    28.475343
62923    48.675596
Name: 7408, dtype: float64
2026-09-07 15:07:55,278 - INFO - QC: Compound 7409 failed the RSD < 30 check
32425    28.475343
62923    48.675596
Name: 7409, dtype: float64
2026-09-07 15:07:55,279 - INFO - QC: Compound 986 failed the RSD < 30 check
32425    66.152237
62923    16.058534
Name: 986, dtype: float64
2026-09-07 15:07:55,280 - INFO - QC: Compound 7588 failed the RSD < 30 check
32425    31.060135
62923    10.835629
Name: 7588, dtype: float64
2026-09-07 15:07:55,281 - INFO - QC: Compound 1930 failed the RSD < 30 check
32425     17.896737
62923    158.304201
Name: 1930, dtype: float64
2026-09-07 15:07:55,283 - INFO - QC: Compound 7623 failed the RSD < 30 check
32425    14.692462
62923    49.395239
Name: 7623, dtype: float64
2026-09-07 15:07:55,284 - INFO - QC: Compound 1165 failed the RSD < 30 check
32425    85.758697
62923    10.229176
Name: 1165, dtype: float64
2026-09-07 15:07:55,285 - INFO - QC: Compound 7333 failed the RSD < 30 check
32425    19.227401
62923    58.232755
Name: 7333, dtype: float64
2026-09-07 15:07:55,286 - INFO - QC: Compound 589 failed the RSD < 30 check
32425     15.049359
62923    169.573708
Name: 589, dtype: float64
2026-09-07 15:07:55,287 - INFO - QC: Compound 408 failed the RSD < 30 check
32425    60.205094
62923    38.114511
Name: 408, dtype: float64
2026-09-07 15:07:55,288 - INFO - QC: Compound 2820 failed the RSD < 30 check
32425    220.206689
62923     20.385293
Name: 2820, dtype: float64
2026-09-07 15:07:55,289 - INFO - QC: Compound 1933 failed the RSD < 30 check
32425    35.051292
62923    37.897956
Name: 1933, dtype: float64
2026-09-07 15:07:55,290 - INFO - QC: Compound 3422 failed the RSD < 30 check
32425    36.867118
62923    40.293884
Name: 3422, dtype: float64
2026-09-07 15:07:55,291 - INFO - QC: Compound 2244 failed the RSD < 30 check
32425    63.611212
62923    34.700181
Name: 2244, dtype: float64
2026-09-07 15:07:55,292 - INFO - QC: Compound 6841 failed the RSD < 30 check
32425     9.522764
62923    35.318829
Name: 6841, dtype: float64
2026-09-07 15:07:55,293 - INFO - QC: Compound 1521 failed the RSD < 30 check
32425    38.108336
62923    72.376806
Name: 1521, dtype: float64
2026-09-07 15:07:55,294 - INFO - QC: Compound 2627 failed the RSD < 30 check
32425    22.480018
62923    35.256746
Name: 2627, dtype: float64
2026-09-07 15:07:55,295 - INFO - QC: Compound 7278 failed the RSD < 30 check
32425    39.347106
62923    46.770176
Name: 7278, dtype: float64
2026-09-07 15:07:55,296 - INFO - QC: Compound 1832 failed the RSD < 30 check
32425    39.960803
62923    10.413382
Name: 1832, dtype: float64
2026-09-07 15:07:55,297 - INFO - QC: Compound 6474 failed the RSD < 30 check
32425    29.401791
62923    43.510953
Name: 6474, dtype: float64
2026-09-07 15:07:55,298 - INFO - QC: Compound 7217 failed the RSD < 30 check
32425     8.848164
62923    70.409139
Name: 7217, dtype: float64
2026-09-07 15:07:55,299 - INFO - QC: Compound 7685 failed the RSD < 30 check
32425    76.080625
62923    42.378503
Name: 7685, dtype: float64
2026-09-07 15:07:55,300 - INFO - QC: Compound 4920 failed the RSD < 30 check
32425    39.426332
62923    14.973236
Name: 4920, dtype: float64
2026-09-07 15:07:55,301 - INFO - QC: Compound 2754 failed the RSD < 30 check
32425    34.652438
62923    10.152353
Name: 2754, dtype: float64
2026-09-07 15:07:55,302 - INFO - QC: Compound 4029 failed the RSD < 30 check
32425    17.641616
62923    36.626070
Name: 4029, dtype: float64
2026-09-07 15:07:55,303 - INFO - QC: Compound 4078 failed the RSD < 30 check
32425    36.357537
62923    72.025271
Name: 4078, dtype: float64
2026-09-07 15:07:55,304 - INFO - QC: Compound 7630 failed the RSD < 30 check
32425    11.498465
62923    51.039851
Name: 7630, dtype: float64
2026-09-07 15:07:55,305 - INFO - QC: Compound 2485 failed the RSD < 30 check
32425    116.663971
62923     15.234821
Name: 2485, dtype: float64
2026-09-07 15:07:55,306 - INFO - QC: Compound 2936 failed the RSD < 30 check
32425    43.568189
62923    16.701201
Name: 2936, dtype: float64
2026-09-07 15:07:55,307 - INFO - QC: Compound 2768 failed the RSD < 30 check
32425    52.817288
62923    97.369514
Name: 2768, dtype: float64
2026-09-07 15:07:55,308 - INFO - QC: Compound 7042 failed the RSD < 30 check
32425    24.151891
62923    34.669054
Name: 7042, dtype: float64
2026-09-07 15:07:55,309 - INFO - QC: Compound 5462 failed the RSD < 30 check
32425    30.712720
62923    10.800956
Name: 5462, dtype: float64
2026-09-07 15:07:55,310 - INFO - QC: Compound 2494 failed the RSD < 30 check
32425    31.255367
62923    24.255024
Name: 2494, dtype: float64
2026-09-07 15:07:55,311 - INFO - QC: Compound 5620 failed the RSD < 30 check
32425    60.403416
62923     9.286702
Name: 5620, dtype: float64
2026-09-07 15:07:55,312 - INFO - QC: Compound 1883 failed the RSD < 30 check
32425    88.164998
62923    25.319122
Name: 1883, dtype: float64
2026-09-07 15:07:55,313 - INFO - QC: Compound 3112 failed the RSD < 30 check
32425    16.410963
62923    40.641695
Name: 3112, dtype: float64
2026-09-07 15:07:55,314 - INFO - QC: Compound 1562 failed the RSD < 30 check
32425    33.854346
62923    42.404225
Name: 1562, dtype: float64
2026-09-07 15:07:55,315 - INFO - QC: Compound 1032 failed the RSD < 30 check
32425    29.018924
62923    31.222594
Name: 1032, dtype: float64
2026-09-07 15:07:55,316 - INFO - QC: Compound 7272 failed the RSD < 30 check
32425    26.840061
62923    84.601873
Name: 7272, dtype: float64
2026-09-07 15:07:55,317 - INFO - QC: Compound 5606 failed the RSD < 30 check
32425     29.411222
62923    100.569688
Name: 5606, dtype: float64
2026-09-07 15:07:55,318 - INFO - QC: Compound 6979 failed the RSD < 30 check
32425    46.182977
62923    43.601446
Name: 6979, dtype: float64
2026-09-07 15:07:55,319 - INFO - QC: Compound 5283 failed the RSD < 30 check
32425    52.155818
62923    20.628791
Name: 5283, dtype: float64
2026-09-07 15:07:55,320 - INFO - QC: Compound 5731 failed the RSD < 30 check
32425    36.787826
62923     4.837250
Name: 5731, dtype: float64
2026-09-07 15:07:55,321 - INFO - QC: Compound 3341 failed the RSD < 30 check
32425    68.147428
62923    70.814982
Name: 3341, dtype: float64
2026-09-07 15:07:55,322 - INFO - QC: Compound 1799 failed the RSD < 30 check
32425    91.545294
62923    44.446095
Name: 1799, dtype: float64
2026-09-07 15:07:55,323 - INFO - QC: Compound 5076 failed the RSD < 30 check
32425     83.191415
62923    118.989827
Name: 5076, dtype: float64
2026-09-07 15:07:55,324 - INFO - QC: Compound 346 failed the RSD < 30 check
32425    167.506300
62923     26.804631
Name: 346, dtype: float64
2026-09-07 15:07:55,326 - INFO - QC: Compound 7219 failed the RSD < 30 check
32425    10.015775
62923    33.789063
Name: 7219, dtype: float64
2026-09-07 15:07:55,327 - INFO - QC: Compound 3322 failed the RSD < 30 check
32425     98.221269
62923    259.120000
Name: 3322, dtype: float64
2026-09-07 15:07:55,328 - INFO - QC: Compound 7633 failed the RSD < 30 check
32425    11.925860
62923    31.161576
Name: 7633, dtype: float64
2026-09-07 15:07:55,329 - INFO - QC: Compound 6498 failed the RSD < 30 check
32425    31.128800
62923    37.294125
Name: 6498, dtype: float64
2026-09-07 15:07:55,330 - INFO - QC: Compound 3754 failed the RSD < 30 check
32425    22.804513
62923    47.381917
Name: 3754, dtype: float64
2026-09-07 15:07:55,331 - INFO - QC: Compound 3864 failed the RSD < 30 check
32425    44.506244
62923    10.611509
Name: 3864, dtype: float64
2026-09-07 15:07:55,332 - INFO - QC: Compound 1721 failed the RSD < 30 check
32425    55.802705
62923    19.124955
Name: 1721, dtype: float64
2026-09-07 15:07:55,333 - INFO - QC: Compound 347 failed the RSD < 30 check
32425    172.236598
62923     19.214266
Name: 347, dtype: float64
2026-09-07 15:07:55,334 - INFO - QC: Compound 842 failed the RSD < 30 check
32425    172.317967
62923      9.695048
Name: 842, dtype: float64
2026-09-07 15:07:55,335 - INFO - QC: Compound 7300 failed the RSD < 30 check
32425    76.377604
62923    22.109383
Name: 7300, dtype: float64
2026-09-07 15:07:55,336 - INFO - QC: Compound 7010 failed the RSD < 30 check
32425    99.160082
62923    30.650936
Name: 7010, dtype: float64
2026-09-07 15:07:55,337 - INFO - QC: Compound 1421 failed the RSD < 30 check
32425    73.009784
62923     6.025894
Name: 1421, dtype: float64
2026-09-07 15:07:55,338 - INFO - QC: Compound 3959 failed the RSD < 30 check
32425    36.119916
62923    43.380801
Name: 3959, dtype: float64
2026-09-07 15:07:55,339 - INFO - QC: Compound 1478 failed the RSD < 30 check
32425    19.680549
62923    44.501203
Name: 1478, dtype: float64
2026-09-07 15:07:55,340 - INFO - QC: Compound 6997 failed the RSD < 30 check
32425    28.637931
62923    34.533650
Name: 6997, dtype: float64
2026-09-07 15:07:55,341 - INFO - QC: Compound 3154 failed the RSD < 30 check
32425    35.460770
62923    14.170146
Name: 3154, dtype: float64
2026-09-07 15:07:55,342 - INFO - QC: Compound 7470 failed the RSD < 30 check
32425    33.487671
62923    20.074196
Name: 7470, dtype: float64
2026-09-07 15:07:55,343 - INFO - QC: Compound 7533 failed the RSD < 30 check
32425    30.357969
62923    14.041657
Name: 7533, dtype: float64
2026-09-07 15:07:55,344 - INFO - QC: Compound 3648 failed the RSD < 30 check
32425    39.272871
62923    14.698234
Name: 3648, dtype: float64
2026-09-07 15:07:55,345 - INFO - QC: Compound 177 failed the RSD < 30 check
32425    68.279773
62923    34.281093
Name: 177, dtype: float64
2026-09-07 15:07:55,346 - INFO - QC: Compound 4019 failed the RSD < 30 check
32425    48.013674
62923    32.677534
Name: 4019, dtype: float64
2026-09-07 15:07:55,347 - INFO - QC: Compound 2172 failed the RSD < 30 check
32425    59.205715
62923     3.819832
Name: 2172, dtype: float64
2026-09-07 15:07:55,348 - INFO - QC: Compound 7578 failed the RSD < 30 check
32425    13.817839
62923    69.018877
Name: 7578, dtype: float64
2026-09-07 15:07:55,349 - INFO - QC: Compound 7436 failed the RSD < 30 check
32425     9.162465
62923    42.592291
Name: 7436, dtype: float64
2026-09-07 15:07:55,350 - INFO - QC: Compound 5487 failed the RSD < 30 check
32425    80.680204
62923    39.137423
Name: 5487, dtype: float64
2026-09-07 15:07:55,351 - INFO - QC: Compound 3216 failed the RSD < 30 check
32425    71.841320
62923    14.623247
Name: 3216, dtype: float64
2026-09-07 15:07:55,352 - INFO - QC: Compound 2169 failed the RSD < 30 check
32425    35.952088
62923    14.213399
Name: 2169, dtype: float64
2026-09-07 15:07:55,353 - INFO - QC: Compound 5503 failed the RSD < 30 check
32425    71.300289
62923    39.983216
Name: 5503, dtype: float64
2026-09-07 15:07:55,354 - INFO - QC: Compound 7152 failed the RSD < 30 check
32425     9.823678
62923    42.485211
Name: 7152, dtype: float64
2026-09-07 15:07:55,355 - INFO - QC: Compound 5859 failed the RSD < 30 check
32425    33.834644
62923    40.225988
Name: 5859, dtype: float64
2026-09-07 15:07:55,356 - INFO - QC: Compound 4228 failed the RSD < 30 check
32425    99.594815
62923    35.139005
Name: 4228, dtype: float64
2026-09-07 15:07:55,357 - INFO - QC: Compound 4227 failed the RSD < 30 check
32425    101.680112
62923     35.651014
Name: 4227, dtype: float64
2026-09-07 15:07:55,358 - INFO - QC: Compound 7553 failed the RSD < 30 check
32425    16.968571
62923    34.690088
Name: 7553, dtype: float64
2026-09-07 15:07:55,359 - INFO - QC: Compound 3127 failed the RSD < 30 check
32425    28.326765
62923    61.750574
Name: 3127, dtype: float64
2026-09-07 15:07:55,360 - INFO - QC: Compound 7576 failed the RSD < 30 check
32425    12.950601
62923    47.375088
Name: 7576, dtype: float64
2026-09-07 15:07:55,361 - INFO - QC: Compound 3157 failed the RSD < 30 check
32425    27.504090
62923    41.580907
Name: 3157, dtype: float64
2026-09-07 15:07:55,362 - INFO - QC: Compound 7690 failed the RSD < 30 check
32425    12.026401
62923    36.737966
Name: 7690, dtype: float64
2026-09-07 15:07:55,363 - INFO - QC: Compound 7517 failed the RSD < 30 check
32425    13.197734
62923    45.318283
Name: 7517, dtype: float64
2026-09-07 15:07:55,364 - INFO - QC: Compound 4044 failed the RSD < 30 check
32425    107.838982
62923     15.421953
Name: 4044, dtype: float64
2026-09-07 15:07:55,365 - INFO - QC: Compound 3134 failed the RSD < 30 check
32425    70.295396
62923    16.718927
Name: 3134, dtype: float64
2026-09-07 15:07:55,366 - INFO - QC: Compound 2756 failed the RSD < 30 check
32425    108.584054
62923     45.595063
Name: 2756, dtype: float64
2026-09-07 15:07:55,367 - INFO - QC: Compound 2836 failed the RSD < 30 check
32425    85.239001
62923    51.769118
Name: 2836, dtype: float64
2026-09-07 15:07:55,368 - INFO - QC: Compound 4021 failed the RSD < 30 check
32425    59.498853
62923    13.055296
Name: 4021, dtype: float64
2026-09-07 15:07:55,369 - INFO - QC: Compound 1438 failed the RSD < 30 check
32425    34.283395
62923    65.778776
Name: 1438, dtype: float64
2026-09-07 15:07:55,370 - INFO - QC: Compound 4024 failed the RSD < 30 check
32425    55.179583
62923    12.609847
Name: 4024, dtype: float64
2026-09-07 15:07:55,371 - INFO - QC: Compound 4022 failed the RSD < 30 check
32425    49.688436
62923    12.742720
Name: 4022, dtype: float64
2026-09-07 15:07:55,372 - INFO - QC: Compound 7392 failed the RSD < 30 check
32425    259.531023
62923     48.010236
Name: 7392, dtype: float64
2026-09-07 15:07:55,373 - INFO - QC: Compound 4025 failed the RSD < 30 check
32425    50.169543
62923    12.656964
Name: 4025, dtype: float64
2026-09-07 15:07:55,374 - INFO - QC: Compound 4023 failed the RSD < 30 check
32425    65.629358
62923    13.088655
Name: 4023, dtype: float64
2026-09-07 15:07:55,375 - INFO - QC: Compound 4150 failed the RSD < 30 check
32425    131.586045
62923     44.926336
Name: 4150, dtype: float64
2026-09-07 15:07:55,376 - INFO - QC: Compound 5224 failed the RSD < 30 check
32425    120.523093
62923    105.058256
Name: 5224, dtype: float64
2026-09-07 15:07:55,377 - INFO - QC: Compound 5015 failed the RSD < 30 check
32425    48.096172
62923    20.201070
Name: 5015, dtype: float64
2026-09-07 15:07:55,378 - INFO - QC: Compound 5225 failed the RSD < 30 check
32425    124.58578
62923    101.57181
Name: 5225, dtype: float64
2026-09-07 15:07:55,379 - INFO - QC: Compound 239 failed the RSD < 30 check
32425    65.050451
62923     3.010073
Name: 239, dtype: float64
2026-09-07 15:07:55,380 - INFO - QC: Compound 4972 failed the RSD < 30 check
32425    68.705300
62923     7.313929
Name: 4972, dtype: float64
2026-09-07 15:07:55,381 - INFO - QC: Compound 2830 failed the RSD < 30 check
32425    58.747662
62923    89.241757
Name: 2830, dtype: float64
2026-09-07 15:07:55,382 - INFO - QC: Compound 3836 failed the RSD < 30 check
32425    38.862935
62923    37.111566
Name: 3836, dtype: float64
2026-09-07 15:07:55,383 - INFO - QC: Compound 695 failed the RSD < 30 check
32425    39.314706
62923    10.752156
Name: 695, dtype: float64
2026-09-07 15:07:55,384 - INFO - QC: Compound 7324 failed the RSD < 30 check
32425    72.490247
62923    69.016576
Name: 7324, dtype: float64
2026-09-07 15:07:55,385 - INFO - QC: Compound 6714 failed the RSD < 30 check
32425    68.681203
62923     7.232470
Name: 6714, dtype: float64
2026-09-07 15:07:55,386 - INFO - QC: Compound 2737 failed the RSD < 30 check
32425    100.052957
62923      9.288185
Name: 2737, dtype: float64
2026-09-07 15:07:55,387 - INFO - QC: Compound 6734 failed the RSD < 30 check
32425     24.747777
62923    163.824413
Name: 6734, dtype: float64
2026-09-07 15:07:55,388 - INFO - QC: Compound 7155 failed the RSD < 30 check
32425    36.061645
62923    25.294670
Name: 7155, dtype: float64
2026-09-07 15:07:55,389 - INFO - QC: Compound 7575 failed the RSD < 30 check
32425    21.72541
62923    34.57683
Name: 7575, dtype: float64
2026-09-07 15:07:55,390 - INFO - QC: Compound 7520 failed the RSD < 30 check
32425    24.366870
62923    71.917484
Name: 7520, dtype: float64
2026-09-07 15:07:55,391 - INFO - QC: Compound 2740 failed the RSD < 30 check
32425    36.127380
62923    22.035261
Name: 2740, dtype: float64
2026-09-07 15:07:55,392 - INFO - QC: Compound 7591 failed the RSD < 30 check
32425    21.197543
62923    70.958497
Name: 7591, dtype: float64
2026-09-07 15:07:55,393 - INFO - QC: Compound 1005 failed the RSD < 30 check
32425    46.964969
62923    28.478807
Name: 1005, dtype: float64
2026-09-07 15:07:55,394 - INFO - QC: Compound 592 failed the RSD < 30 check
32425    34.775815
62923     8.019954
Name: 592, dtype: float64
2026-09-07 15:07:55,395 - INFO - QC: Compound 7273 failed the RSD < 30 check
32425    26.815198
62923    30.889158
Name: 7273, dtype: float64
2026-09-07 15:07:55,396 - INFO - QC: Compound 5016 failed the RSD < 30 check
32425    32.350242
62923    37.622487
Name: 5016, dtype: float64
2026-09-07 15:07:55,397 - INFO - QC: Compound 1622 failed the RSD < 30 check
32425    34.754590
62923     8.377706
Name: 1622, dtype: float64
2026-09-07 15:07:55,398 - INFO - QC: Compound 6578 failed the RSD < 30 check
32425    79.597972
62923    31.993407
Name: 6578, dtype: float64
2026-09-07 15:07:55,399 - INFO - QC: Compound 3926 failed the RSD < 30 check
32425    31.914478
62923    22.463502
Name: 3926, dtype: float64
2026-09-07 15:07:55,400 - INFO - QC: Compound 3927 failed the RSD < 30 check
32425    37.668632
62923    85.439376
Name: 3927, dtype: float64
2026-09-07 15:07:55,401 - INFO - QC: Compound 1402 failed the RSD < 30 check
32425    41.379971
62923    20.908142
Name: 1402, dtype: float64
2026-09-07 15:07:55,402 - INFO - QC: Compound 517 failed the RSD < 30 check
32425    259.148065
62923     18.125481
Name: 517, dtype: float64
2026-09-07 15:07:55,403 - INFO - QC: Compound 5896 failed the RSD < 30 check
32425    22.385972
62923    48.744081
Name: 5896, dtype: float64
2026-09-07 15:07:55,404 - INFO - QC: Compound 228 failed the RSD < 30 check
32425    53.785291
62923    12.030204
Name: 228, dtype: float64
2026-09-07 15:07:55,405 - INFO - QC: Compound 3444 failed the RSD < 30 check
32425    48.131382
62923    46.966297
Name: 3444, dtype: float64
2026-09-07 15:07:55,406 - INFO - QC: Compound 2497 failed the RSD < 30 check
32425    67.578841
62923    27.629655
Name: 2497, dtype: float64
2026-09-07 15:07:55,407 - INFO - QC: Compound 5485 failed the RSD < 30 check
32425     8.652882
62923    80.065237
Name: 5485, dtype: float64
2026-09-07 15:07:55,408 - INFO - QC: Compound 3123 failed the RSD < 30 check
32425    36.918339
62923    10.061744
Name: 3123, dtype: float64
2026-09-07 15:07:55,409 - INFO - QC: Compound 118 failed the RSD < 30 check
32425    68.373685
62923    32.214498
Name: 118, dtype: float64
2026-09-07 15:07:55,410 - INFO - QC: Compound 157 failed the RSD < 30 check
32425    68.355593
62923    30.603430
Name: 157, dtype: float64
2026-09-07 15:07:55,411 - INFO - QC: Compound 6627 failed the RSD < 30 check
32425    34.755381
62923    15.388229
Name: 6627, dtype: float64
2026-09-07 15:07:55,412 - INFO - QC: Compound 6575 failed the RSD < 30 check
32425    39.966496
62923    55.295392
Name: 6575, dtype: float64
2026-09-07 15:07:55,413 - INFO - QC: Compound 7484 failed the RSD < 30 check
32425    30.147049
62923    40.762647
Name: 7484, dtype: float64
2026-09-07 15:07:55,414 - INFO - QC: Compound 3198 failed the RSD < 30 check
32425    79.03361
62923    52.10060
Name: 3198, dtype: float64
2026-09-07 15:07:55,415 - INFO - QC: Compound 7571 failed the RSD < 30 check
32425    11.670945
62923    33.508130
Name: 7571, dtype: float64
2026-09-07 15:07:55,416 - INFO - QC: Compound 7625 failed the RSD < 30 check
32425    35.469682
62923    16.225530
Name: 7625, dtype: float64
2026-09-07 15:07:55,417 - INFO - QC: Compound 1384 failed the RSD < 30 check
32425    32.034512
62923    14.031844
Name: 1384, dtype: float64
2026-09-07 15:07:55,418 - INFO - QC: Compound 407 failed the RSD < 30 check
32425     22.276865
62923    169.386887
Name: 407, dtype: float64
2026-09-07 15:07:55,418 - INFO - QC: Compound 872 failed the RSD < 30 check
32425    39.483191
62923     5.870262
Name: 872, dtype: float64
2026-09-07 15:07:55,420 - INFO - QC: Compound 2884 failed the RSD < 30 check
32425    104.478436
62923     72.536712
Name: 2884, dtype: float64
2026-09-07 15:07:55,420 - INFO - QC: Compound 3059 failed the RSD < 30 check
32425    54.562341
62923    16.438916
Name: 3059, dtype: float64
2026-09-07 15:07:55,421 - INFO - QC: Compound 2193 failed the RSD < 30 check
32425    33.369799
62923    14.031614
Name: 2193, dtype: float64
2026-09-07 15:07:55,422 - INFO - QC: Compound 1064 failed the RSD < 30 check
32425    62.746344
62923    17.409670
Name: 1064, dtype: float64
2026-09-07 15:07:55,423 - INFO - QC: Compound 7398 failed the RSD < 30 check
32425    31.408589
62923    48.817556
Name: 7398, dtype: float64
2026-09-07 15:07:55,424 - INFO - QC: Compound 1415 failed the RSD < 30 check
32425    262.017951
62923     50.132266
Name: 1415, dtype: float64
2026-09-07 15:07:55,425 - INFO - QC: Compound 6774 failed the RSD < 30 check
32425    54.656680
62923    86.337403
Name: 6774, dtype: float64
2026-09-07 15:07:55,426 - INFO - QC: Compound 1349 failed the RSD < 30 check
32425    26.793776
62923    72.333394
Name: 1349, dtype: float64
2026-09-07 15:07:55,427 - INFO - QC: Compound 7635 failed the RSD < 30 check
32425    40.474841
62923     9.771141
Name: 7635, dtype: float64
2026-09-07 15:07:55,428 - INFO - QC: Compound 7390 failed the RSD < 30 check
32425    59.261657
62923    34.494849
Name: 7390, dtype: float64
2026-09-07 15:07:55,429 - INFO - QC: Compound 1636 failed the RSD < 30 check
32425    40.982878
62923    11.566713
Name: 1636, dtype: float64
2026-09-07 15:07:55,430 - INFO - QC: Compound 5924 failed the RSD < 30 check
32425    34.113822
62923    21.167174
Name: 5924, dtype: float64
2026-09-07 15:07:55,431 - INFO - QC: Compound 3652 failed the RSD < 30 check
32425    55.860815
62923    50.212476
Name: 3652, dtype: float64
2026-09-07 15:07:55,432 - INFO - QC: Compound 220 failed the RSD < 30 check
32425    118.042867
62923     57.313826
Name: 220, dtype: float64
2026-09-07 15:07:55,433 - INFO - QC: Compound 7084 failed the RSD < 30 check
32425    12.790614
62923    36.922852
Name: 7084, dtype: float64
2026-09-07 15:07:55,434 - INFO - QC: Compound 7403 failed the RSD < 30 check
32425    22.539670
62923    34.552811
Name: 7403, dtype: float64
2026-09-07 15:07:55,435 - INFO - QC: Compound 4911 failed the RSD < 30 check
32425    31.788754
62923    77.711226
Name: 4911, dtype: float64
2026-09-07 15:07:55,436 - INFO - QC: Compound 1511 failed the RSD < 30 check
32425    30.859589
62923    11.369793
Name: 1511, dtype: float64
2026-09-07 15:07:55,437 - INFO - QC: Compound 7034 failed the RSD < 30 check
32425    58.514600
62923    13.762682
Name: 7034, dtype: float64
2026-09-07 15:07:55,438 - INFO - QC: Compound 7507 failed the RSD < 30 check
32425    23.794149
62923    30.036430
Name: 7507, dtype: float64
2026-09-07 15:07:55,439 - INFO - QC: Compound 1771 failed the RSD < 30 check
32425    21.746032
62923    60.134953
Name: 1771, dtype: float64
2026-09-07 15:07:55,440 - INFO - QC: Compound 1772 failed the RSD < 30 check
32425    82.655145
62923    31.243069
Name: 1772, dtype: float64
2026-09-07 15:07:55,441 - INFO - QC: Compound 2557 failed the RSD < 30 check
32425    30.801737
62923    14.723110
Name: 2557, dtype: float64
2026-09-07 15:07:55,442 - INFO - QC: Compound 903 failed the RSD < 30 check
32425    31.695692
62923     6.492202
Name: 903, dtype: float64
2026-09-07 15:07:55,443 - INFO - QC: Compound 3340 failed the RSD < 30 check
32425    82.937155
62923    71.860227
Name: 3340, dtype: float64
2026-09-07 15:07:55,444 - INFO - QC: Compound 2372 failed the RSD < 30 check
32425    42.289581
62923     8.870888
Name: 2372, dtype: float64
2026-09-07 15:07:55,445 - INFO - QC: Compound 6747 failed the RSD < 30 check
32425    178.535177
62923     42.455091
Name: 6747, dtype: float64
2026-09-07 15:07:55,446 - INFO - QC: Compound 7413 failed the RSD < 30 check
32425    48.410748
62923    38.431702
Name: 7413, dtype: float64
2026-09-07 15:07:55,447 - INFO - QC: Compound 2932 failed the RSD < 30 check
32425    39.988488
62923    10.156416
Name: 2932, dtype: float64
2026-09-07 15:07:55,448 - INFO - QC: Compound 856 failed the RSD < 30 check
32425    107.175362
62923      8.201839
Name: 856, dtype: float64
2026-09-07 15:07:55,449 - INFO - QC: Compound 7572 failed the RSD < 30 check
32425    46.410993
62923     8.727703
Name: 7572, dtype: float64
2026-09-07 15:07:55,450 - INFO - QC: Compound 3120 failed the RSD < 30 check
32425    54.736666
62923     5.569389
Name: 3120, dtype: float64
2026-09-07 15:07:55,451 - INFO - QC: Compound 2176 failed the RSD < 30 check
32425    17.939037
62923    37.460389
Name: 2176, dtype: float64
2026-09-07 15:07:55,452 - INFO - QC: Compound 868 failed the RSD < 30 check
32425    46.872745
62923     6.149916
Name: 868, dtype: float64
2026-09-07 15:07:55,453 - INFO - QC: Compound 5313 failed the RSD < 30 check
32425    55.070624
62923    26.810115
Name: 5313, dtype: float64
2026-09-07 15:07:55,454 - INFO - QC: Compound 3126 failed the RSD < 30 check
32425    25.156704
62923    38.108610
Name: 3126, dtype: float64
2026-09-07 15:07:55,455 - INFO - QC: Compound 2837 failed the RSD < 30 check
32425    15.605815
62923    33.375105
Name: 2837, dtype: float64
2026-09-07 15:07:55,456 - INFO - QC: Compound 823 failed the RSD < 30 check
32425    51.226164
62923     6.765005
Name: 823, dtype: float64
2026-09-07 15:07:55,458 - INFO - QC: Compound 6698 failed the RSD < 30 check
32425    61.937454
62923    24.324560
Name: 6698, dtype: float64
2026-09-07 15:07:55,459 - INFO - QC: Compound 3115 failed the RSD < 30 check
32425    10.981216
62923    43.444276
Name: 3115, dtype: float64
2026-09-07 15:07:55,460 - INFO - QC: Compound 1852 failed the RSD < 30 check
32425    43.786890
62923    58.230437
Name: 1852, dtype: float64
2026-09-07 15:07:55,461 - INFO - QC: Compound 7605 failed the RSD < 30 check
32425    72.227315
62923    21.623698
Name: 7605, dtype: float64
2026-09-07 15:07:55,462 - INFO - QC: Compound 7606 failed the RSD < 30 check
32425    72.227315
62923    21.623698
Name: 7606, dtype: float64
2026-09-07 15:07:55,463 - INFO - QC: Compound 2816 failed the RSD < 30 check
32425    38.456220
62923    28.471417
Name: 2816, dtype: float64
2026-09-07 15:07:55,464 - INFO - QC: Compound 1970 failed the RSD < 30 check
32425    150.618867
62923     22.858636
Name: 1970, dtype: float64
2026-09-07 15:07:55,465 - INFO - QC: Compound 3102 failed the RSD < 30 check
32425    117.900230
62923     13.752244
Name: 3102, dtype: float64
2026-09-07 15:07:55,466 - INFO - QC: Compound 7521 failed the RSD < 30 check
32425    20.346854
62923    30.568413
Name: 7521, dtype: float64
2026-09-07 15:07:55,467 - INFO - QC: Compound 1992 failed the RSD < 30 check
32425    67.189119
62923    24.980565
Name: 1992, dtype: float64
2026-09-07 15:07:55,468 - INFO - QC: Compound 3262 failed the RSD < 30 check
32425    156.460672
62923     28.683156
Name: 3262, dtype: float64
2026-09-07 15:07:55,469 - INFO - QC: Compound 2174 failed the RSD < 30 check
32425    68.166732
62923    46.694952
Name: 2174, dtype: float64
2026-09-07 15:07:55,470 - INFO - QC: Compound 1328 failed the RSD < 30 check
32425    170.714286
62923     77.414960
Name: 1328, dtype: float64
2026-09-07 15:07:55,471 - INFO - QC: Compound 2558 failed the RSD < 30 check
32425    87.336008
62923    39.479614
Name: 2558, dtype: float64
2026-09-07 15:07:55,472 - INFO - QC: Compound 2829 failed the RSD < 30 check
32425    67.678607
62923    42.081837
Name: 2829, dtype: float64
2026-09-07 15:07:55,473 - INFO - QC: Compound 907 failed the RSD < 30 check
32425    31.563532
62923     4.646208
Name: 907, dtype: float64
2026-09-07 15:07:55,474 - INFO - QC: Compound 930 failed the RSD < 30 check
32425    240.569808
62923    156.311019
Name: 930, dtype: float64
2026-09-07 15:07:55,475 - INFO - QC: Compound 1747 failed the RSD < 30 check
32425    204.386465
62923     31.050254
Name: 1747, dtype: float64
2026-09-07 15:07:55,476 - INFO - QC: Compound 1045 failed the RSD < 30 check
32425    24.188780
62923    37.368851
Name: 1045, dtype: float64
2026-09-07 15:07:55,477 - INFO - QC: Compound 2677 failed the RSD < 30 check
32425    27.904896
62923    38.865766
Name: 2677, dtype: float64
2026-09-07 15:07:55,478 - INFO - QC: Compound 1539 failed the RSD < 30 check
32425    34.193103
62923    59.197549
Name: 1539, dtype: float64
2026-09-07 15:07:55,479 - INFO - QC: Compound 1762 failed the RSD < 30 check
32425    35.67327
62923    72.73601
Name: 1762, dtype: float64
2026-09-07 15:07:55,480 - INFO - QC: Compound 3151 failed the RSD < 30 check
32425    115.757227
62923     13.465367
Name: 3151, dtype: float64
2026-09-07 15:07:55,481 - INFO - QC: Compound 7478 failed the RSD < 30 check
32425    32.893471
62923    12.434447
Name: 7478, dtype: float64
2026-09-07 15:07:55,482 - INFO - QC: Compound 3119 failed the RSD < 30 check
32425    23.580733
62923    46.900354
Name: 3119, dtype: float64
2026-09-07 15:07:55,483 - INFO - QC: Compound 2091 failed the RSD < 30 check
32425    263.144338
62923     22.548053
Name: 2091, dtype: float64
2026-09-07 15:07:55,484 - INFO - QC: Compound 7577 failed the RSD < 30 check
32425    17.347901
62923    48.236320
Name: 7577, dtype: float64
2026-09-07 15:07:55,485 - INFO - QC: Compound 7523 failed the RSD < 30 check
32425    38.252083
62923    20.259851
Name: 7523, dtype: float64
2026-09-07 15:07:55,486 - INFO - QC: Compound 2462 failed the RSD < 30 check
32425    72.708539
62923    13.569271
Name: 2462, dtype: float64
2026-09-07 15:07:55,487 - INFO - QC: Compound 2330 failed the RSD < 30 check
32425    254.667314
62923     49.063459
Name: 2330, dtype: float64
2026-09-07 15:07:55,488 - INFO - QC: Compound 2195 failed the RSD < 30 check
32425    51.633885
62923    47.461839
Name: 2195, dtype: float64
2026-09-07 15:07:55,489 - INFO - QC: Compound 1423 failed the RSD < 30 check
32425    167.505098
62923     73.387882
Name: 1423, dtype: float64
2026-09-07 15:07:55,490 - INFO - QC: Compound 2153 failed the RSD < 30 check
32425    114.749455
62923      8.024713
Name: 2153, dtype: float64
2026-09-07 15:07:55,491 - INFO - QC: Compound 3537 failed the RSD < 30 check
32425    14.059641
62923    70.002386
Name: 3537, dtype: float64
2026-09-07 15:07:55,492 - INFO - QC: Compound 5625 failed the RSD < 30 check
32425    81.648883
62923    23.793354
Name: 5625, dtype: float64
2026-09-07 15:07:55,493 - INFO - QC: Compound 2916 failed the RSD < 30 check
32425    11.124313
62923    53.801423
Name: 2916, dtype: float64
2026-09-07 15:07:55,493 - INFO - QC: Compound 6858 failed the RSD < 30 check
32425    72.621199
62923    34.394310
Name: 6858, dtype: float64
2026-09-07 15:07:55,495 - INFO - QC: Compound 6618 failed the RSD < 30 check
32425    21.438370
62923    46.518172
Name: 6618, dtype: float64
2026-09-07 15:07:55,496 - INFO - QC: Compound 7000 failed the RSD < 30 check
32425    46.675071
62923    30.549379
Name: 7000, dtype: float64
2026-09-07 15:07:55,497 - INFO - QC: Compound 6999 failed the RSD < 30 check
32425    54.465471
62923    30.550414
Name: 6999, dtype: float64
2026-09-07 15:07:55,497 - INFO - QC: Compound 3419 failed the RSD < 30 check
32425    35.513693
62923    21.632953
Name: 3419, dtype: float64
2026-09-07 15:07:55,498 - INFO - QC: Compound 1432 failed the RSD < 30 check
32425    37.829827
62923    17.824804
Name: 1432, dtype: float64
2026-09-07 15:07:55,499 - INFO - QC: Compound 7663 failed the RSD < 30 check
32425    61.098511
62923    12.205795
Name: 7663, dtype: float64
2026-09-07 15:07:55,500 - INFO - QC: Compound 7597 failed the RSD < 30 check
32425    41.807830
62923    31.839789
Name: 7597, dtype: float64
2026-09-07 15:07:55,501 - INFO - QC: Compound 1353 failed the RSD < 30 check
32425    10.165841
62923    67.339333
Name: 1353, dtype: float64
2026-09-07 15:07:55,502 - INFO - QC: Compound 5412 failed the RSD < 30 check
32425     7.456497
62923    56.039686
Name: 5412, dtype: float64
2026-09-07 15:07:55,503 - INFO - QC: Compound 7596 failed the RSD < 30 check
32425    33.736022
62923    13.743028
Name: 7596, dtype: float64
2026-09-07 15:07:55,504 - INFO - QC: Compound 7033 failed the RSD < 30 check
32425    102.502360
62923     21.091933
Name: 7033, dtype: float64
2026-09-07 15:07:55,505 - INFO - QC: Compound 2337 failed the RSD < 30 check
32425    15.857092
62923    31.882065
Name: 2337, dtype: float64
2026-09-07 15:07:55,506 - INFO - QC: Compound 7702 failed the RSD < 30 check
32425    35.302148
62923    12.927853
Name: 7702, dtype: float64
2026-09-07 15:07:55,507 - INFO - QC: Compound 3060 failed the RSD < 30 check
32425    37.768103
62923    32.865425
Name: 3060, dtype: float64
2026-09-07 15:07:55,508 - INFO - QC: Compound 6713 failed the RSD < 30 check
32425    64.019550
62923    58.943494
Name: 6713, dtype: float64
2026-09-07 15:07:55,509 - INFO - QC: Compound 3153 failed the RSD < 30 check
32425    71.497830
62923    15.701505
Name: 3153, dtype: float64
2026-09-07 15:07:55,510 - INFO - QC: Compound 3221 failed the RSD < 30 check
32425    38.748010
62923     6.193233
Name: 3221, dtype: float64
2026-09-07 15:07:55,511 - INFO - QC: Compound 4971 failed the RSD < 30 check
32425    64.068539
62923    56.372124
Name: 4971, dtype: float64
2026-09-07 15:07:55,512 - INFO - QC: Compound 1336 failed the RSD < 30 check
32425    230.641133
62923     67.831230
Name: 1336, dtype: float64
2026-09-07 15:07:55,513 - INFO - QC: Compound 5295 failed the RSD < 30 check
32425     3.728509
62923    49.416641
Name: 5295, dtype: float64
2026-09-07 15:07:55,514 - INFO - QC: Compound 5717 failed the RSD < 30 check
32425     23.123444
62923    113.549942
Name: 5717, dtype: float64
2026-09-07 15:07:55,515 - INFO - QC: Compound 4066 failed the RSD < 30 check
32425    35.977062
62923    34.369382
Name: 4066, dtype: float64
2026-09-07 15:07:55,516 - INFO - QC: Compound 6367 failed the RSD < 30 check
32425    55.619393
62923    97.799384
Name: 6367, dtype: float64
2026-09-07 15:07:55,517 - INFO - QC: Compound 7290 failed the RSD < 30 check
32425    25.025474
62923    41.144113
Name: 7290, dtype: float64
2026-09-07 15:07:55,518 - INFO - QC: Compound 4229 failed the RSD < 30 check
32425    69.338418
62923    46.038428
Name: 4229, dtype: float64
2026-09-07 15:07:55,519 - INFO - QC: Compound 7439 failed the RSD < 30 check
32425     5.428082
62923    92.040816
Name: 7439, dtype: float64
2026-09-07 15:07:55,520 - INFO - QC: Compound 1847 failed the RSD < 30 check
32425     93.070560
62923    260.970356
Name: 1847, dtype: float64
2026-09-07 15:07:55,521 - INFO - QC: Compound 2989 failed the RSD < 30 check
32425    22.491337
62923    31.548415
Name: 2989, dtype: float64
2026-09-07 15:07:55,522 - INFO - QC: Compound 863 failed the RSD < 30 check
32425    85.392819
62923    13.897176
Name: 863, dtype: float64
2026-09-07 15:07:55,523 - INFO - QC: Compound 5800 failed the RSD < 30 check
32425    65.962391
62923    21.928724
Name: 5800, dtype: float64
2026-09-07 15:07:55,524 - INFO - QC: Compound 597 failed the RSD < 30 check
32425    29.544257
62923    89.257591
Name: 597, dtype: float64
2026-09-07 15:07:55,525 - INFO - QC: Compound 1887 failed the RSD < 30 check
32425    57.786447
62923    19.028033
Name: 1887, dtype: float64
2026-09-07 15:07:55,526 - INFO - QC: Compound 1888 failed the RSD < 30 check
32425    57.786447
62923    19.028033
Name: 1888, dtype: float64
2026-09-07 15:07:55,527 - INFO - QC: Compound 3061 failed the RSD < 30 check
32425    30.002178
62923    33.727067
Name: 3061, dtype: float64
2026-09-07 15:07:55,528 - INFO - QC: Compound 7667 failed the RSD < 30 check
32425    14.558603
62923    33.909014
Name: 7667, dtype: float64
2026-09-07 15:07:55,529 - INFO - QC: Compound 2028 failed the RSD < 30 check
32425    84.837051
62923    38.688951
Name: 2028, dtype: float64
2026-09-07 15:07:55,530 - INFO - QC: Compound 7658 failed the RSD < 30 check
32425    85.805943
62923    13.187146
Name: 7658, dtype: float64
2026-09-07 15:07:55,531 - INFO - QC: Compound 3742 failed the RSD < 30 check
32425    19.491545
62923    38.055291
Name: 3742, dtype: float64
2026-09-07 15:07:55,532 - INFO - QC: Compound 3124 failed the RSD < 30 check
32425    56.173808
62923    12.527668
Name: 3124, dtype: float64
2026-09-07 15:07:55,533 - INFO - QC: Compound 1663 failed the RSD < 30 check
32425    41.513216
62923    18.448080
Name: 1663, dtype: float64
2026-09-07 15:07:55,533 - INFO - QC: Compound 2090 failed the RSD < 30 check
32425    68.901149
62923    60.376440
Name: 2090, dtype: float64
2026-09-07 15:07:55,534 - INFO - QC: Compound 6537 failed the RSD < 30 check
32425     31.664760
62923    138.965085
Name: 6537, dtype: float64
2026-09-07 15:07:55,535 - INFO - QC: Compound 3455 failed the RSD < 30 check
32425    37.453250
62923    34.396266
Name: 3455, dtype: float64
2026-09-07 15:07:55,536 - INFO - QC: Compound 7657 failed the RSD < 30 check
32425    53.276761
62923    27.456739
Name: 7657, dtype: float64
2026-09-07 15:07:55,537 - INFO - QC: Compound 7660 failed the RSD < 30 check
32425    15.467408
62923    48.890179
Name: 7660, dtype: float64
2026-09-07 15:07:55,538 - INFO - QC: Compound 2092 failed the RSD < 30 check
32425    34.134356
62923    35.907780
Name: 2092, dtype: float64
2026-09-07 15:07:55,539 - INFO - QC: Compound 7426 failed the RSD < 30 check
32425    14.358376
62923    93.645502
Name: 7426, dtype: float64
2026-09-07 15:07:55,540 - INFO - QC: Compound 2824 failed the RSD < 30 check
32425    93.629796
62923    16.133411
Name: 2824, dtype: float64
2026-09-07 15:07:55,541 - INFO - QC: Compound 7464 failed the RSD < 30 check
32425    113.494691
62923     40.886612
Name: 7464, dtype: float64
2026-09-07 15:07:55,542 - INFO - QC: Compound 1613 failed the RSD < 30 check
32425    81.505989
62923    99.427132
Name: 1613, dtype: float64
2026-09-07 15:07:55,543 - INFO - QC: Compound 1867 failed the RSD < 30 check
32425     41.604855
62923    104.519289
Name: 1867, dtype: float64
2026-09-07 15:07:55,544 - INFO - QC: Compound 7447 failed the RSD < 30 check
32425    18.153828
62923    76.197799
Name: 7447, dtype: float64
2026-09-07 15:07:55,545 - INFO - QC: Compound 1 failed the RSD < 30 check
32425    102.513275
62923      9.342340
Name: 1, dtype: float64
2026-09-07 15:07:55,546 - INFO - QC: Compound 3369 failed the RSD < 30 check
32425     7.961783
62923    67.048828
Name: 3369, dtype: float64
2026-09-07 15:07:55,547 - INFO - QC: Compound 2492 failed the RSD < 30 check
32425    37.192703
62923    87.188803
Name: 2492, dtype: float64
2026-09-07 15:07:55,548 - INFO - QC: Compound 876 failed the RSD < 30 check
32425    58.475305
62923    41.654064
Name: 876, dtype: float64
2026-09-07 15:07:55,549 - INFO - QC: Compound 6302 failed the RSD < 30 check
32425    39.220413
62923    27.690201
Name: 6302, dtype: float64
2026-09-07 15:07:55,550 - INFO - QC: Compound 5659 failed the RSD < 30 check
32425    19.431604
62923    88.361965
Name: 5659, dtype: float64
2026-09-07 15:07:55,551 - INFO - QC: Compound 7384 failed the RSD < 30 check
32425    107.061412
62923     51.519067
Name: 7384, dtype: float64
2026-09-07 15:07:55,552 - INFO - QC: Compound 4970 failed the RSD < 30 check
32425    65.529416
62923    74.377663
Name: 4970, dtype: float64
2026-09-07 15:07:55,553 - INFO - QC: Compound 2387 failed the RSD < 30 check
32425    170.305882
62923    259.758640
Name: 2387, dtype: float64
2026-09-07 15:07:55,554 - INFO - QC: Compound 6834 failed the RSD < 30 check
32425    135.511167
62923     52.725218
Name: 6834, dtype: float64
2026-09-07 15:07:55,555 - INFO - QC: Compound 7664 failed the RSD < 30 check
32425    38.517259
62923    17.017378
Name: 7664, dtype: float64
2026-09-07 15:07:55,556 - INFO - QC: Compound 3107 failed the RSD < 30 check
32425    46.115725
62923    61.853630
Name: 3107, dtype: float64
2026-09-07 15:07:55,557 - INFO - QC: Compound 2747 failed the RSD < 30 check
32425    65.519259
62923    35.005013
Name: 2747, dtype: float64
2026-09-07 15:07:55,558 - INFO - QC: Compound 3077 failed the RSD < 30 check
32425    100.962841
62923     52.980169
Name: 3077, dtype: float64
2026-09-07 15:07:55,559 - INFO - QC: Compound 2789 failed the RSD < 30 check
32425    37.982824
62923    17.632271
Name: 2789, dtype: float64
2026-09-07 15:07:55,559 - INFO - QC: Compound 1994 failed the RSD < 30 check
32425    62.478193
62923    49.027338
Name: 1994, dtype: float64
2026-09-07 15:07:55,560 - INFO - QC: Compound 7121 failed the RSD < 30 check
32425    58.707803
62923    87.820126
Name: 7121, dtype: float64
2026-09-07 15:07:55,561 - INFO - QC: Compound 6356 failed the RSD < 30 check
32425     9.874808
62923    43.916380
Name: 6356, dtype: float64
2026-09-07 15:07:55,562 - INFO - QC: Compound 6357 failed the RSD < 30 check
32425     9.926284
62923    42.523055
Name: 6357, dtype: float64
2026-09-07 15:07:55,563 - INFO - QC: Compound 4004 failed the RSD < 30 check
32425    31.488098
62923    24.217130
Name: 4004, dtype: float64
2026-09-07 15:07:55,564 - INFO - QC: Compound 2572 failed the RSD < 30 check
32425    64.397282
62923    46.974348
Name: 2572, dtype: float64
2026-09-07 15:07:55,565 - INFO - QC: Compound 1338 failed the RSD < 30 check
32425    243.839654
62923     66.086329
Name: 1338, dtype: float64
2026-09-07 15:07:55,566 - INFO - QC: Compound 1340 failed the RSD < 30 check
32425    243.839654
62923     66.086329
Name: 1340, dtype: float64
2026-09-07 15:07:55,567 - INFO - QC: Compound 2127 failed the RSD < 30 check
32425    13.924859
62923    46.708874
Name: 2127, dtype: float64
2026-09-07 15:07:55,568 - INFO - QC: Compound 1070 failed the RSD < 30 check
32425    23.093368
62923    42.531076
Name: 1070, dtype: float64
2026-09-07 15:07:55,569 - INFO - QC: Compound 5910 failed the RSD < 30 check
32425     11.278620
62923    111.140195
Name: 5910, dtype: float64
2026-09-07 15:07:55,570 - INFO - QC: Compound 2746 failed the RSD < 30 check
32425    71.747332
62923    43.294420
Name: 2746, dtype: float64
2026-09-07 15:07:55,571 - INFO - QC: Compound 1046 failed the RSD < 30 check
32425    74.571587
62923    34.337919
Name: 1046, dtype: float64
2026-09-07 15:07:55,572 - INFO - QC: Compound 668 failed the RSD < 30 check
32425    86.537080
62923    62.121202
Name: 668, dtype: float64
2026-09-07 15:07:55,573 - INFO - QC: Compound 3402 failed the RSD < 30 check
32425    51.148780
62923    53.827476
Name: 3402, dtype: float64
2026-09-07 15:07:55,574 - INFO - QC: Compound 3051 failed the RSD < 30 check
32425    123.301877
62923     49.902034
Name: 3051, dtype: float64
2026-09-07 15:07:55,575 - INFO - QC: Compound 1770 failed the RSD < 30 check
32425     15.997413
62923    174.256268
Name: 1770, dtype: float64
2026-09-07 15:07:55,576 - INFO - QC: Compound 2748 failed the RSD < 30 check
32425    65.566762
62923    25.270474
Name: 2748, dtype: float64
2026-09-07 15:07:55,577 - INFO - QC: Compound 3177 failed the RSD < 30 check
32425    36.920610
62923    26.481737
Name: 3177, dtype: float64
2026-09-07 15:07:55,578 - INFO - QC: Compound 3803 failed the RSD < 30 check
32425    21.121229
62923    59.650204
Name: 3803, dtype: float64
2026-09-07 15:07:55,579 - INFO - QC: Compound 4027 failed the RSD < 30 check
32425    48.202385
62923    48.748777
Name: 4027, dtype: float64
2026-09-07 15:07:55,580 - INFO - QC: Compound 2704 failed the RSD < 30 check
32425    30.844356
62923    40.034339
Name: 2704, dtype: float64
2026-09-07 15:07:55,581 - INFO - QC: Compound 4919 failed the RSD < 30 check
32425    45.755240
62923    14.021753
Name: 4919, dtype: float64
2026-09-07 15:07:55,581 - INFO - QC: Compound 467 failed the RSD < 30 check
32425    216.030958
62923     20.176217
Name: 467, dtype: float64
2026-09-07 15:07:55,582 - INFO - QC: Compound 733 failed the RSD < 30 check
32425    18.002979
62923    88.651078
Name: 733, dtype: float64
2026-09-07 15:07:55,583 - INFO - QC: Compound 7298 failed the RSD < 30 check
32425    26.076697
62923    37.520907
Name: 7298, dtype: float64
2026-09-07 15:07:55,584 - INFO - QC: Compound 1355 failed the RSD < 30 check
32425    27.707718
62923    43.153764
Name: 1355, dtype: float64
2026-09-07 15:07:55,585 - INFO - QC: Compound 3129 failed the RSD < 30 check
32425    125.353826
62923     36.248846
Name: 3129, dtype: float64
2026-09-07 15:07:55,586 - INFO - QC: Compound 6354 failed the RSD < 30 check
32425    27.789366
62923    47.257566
Name: 6354, dtype: float64
2026-09-07 15:07:55,587 - INFO - QC: Compound 2596 failed the RSD < 30 check
32425    19.544007
62923    86.224773
Name: 2596, dtype: float64
2026-09-07 15:07:55,588 - INFO - QC: Compound 2388 failed the RSD < 30 check
32425    61.744632
62923    48.654594
Name: 2388, dtype: float64
2026-09-07 15:07:55,589 - INFO - QC: Compound 3676 failed the RSD < 30 check
32425    34.879769
62923    44.189400
Name: 3676, dtype: float64
2026-09-07 15:07:55,590 - INFO - QC: Compound 2183 failed the RSD < 30 check
32425    124.755143
62923     70.499067
Name: 2183, dtype: float64
2026-09-07 15:07:55,591 - INFO - QC: Compound 2154 failed the RSD < 30 check
32425    20.581657
62923    61.504042
Name: 2154, dtype: float64
2026-09-07 15:07:55,592 - INFO - QC: Compound 4918 failed the RSD < 30 check
32425    42.932417
62923    22.428797
Name: 4918, dtype: float64
2026-09-07 15:07:55,593 - INFO - QC: Compound 2599 failed the RSD < 30 check
32425    26.718594
62923    45.265352
Name: 2599, dtype: float64
2026-09-07 15:07:55,594 - INFO - QC: Compound 1788 failed the RSD < 30 check
32425    35.581041
62923    47.673334
Name: 1788, dtype: float64
2026-09-07 15:07:55,595 - INFO - QC: Compound 4026 failed the RSD < 30 check
32425    52.930479
62923    22.667237
Name: 4026, dtype: float64
2026-09-07 15:07:55,596 - INFO - QC: Compound 2782 failed the RSD < 30 check
32425    27.359760
62923    58.694089
Name: 2782, dtype: float64
2026-09-07 15:07:55,597 - INFO - QC: Compound 4028 failed the RSD < 30 check
32425    49.863297
62923    25.503437
Name: 4028, dtype: float64
2026-09-07 15:07:55,598 - INFO - QC: Compound 7659 failed the RSD < 30 check
32425    103.268839
62923     51.217617
Name: 7659, dtype: float64
2026-09-07 15:07:55,598 - INFO - QC: Compound 7410 failed the RSD < 30 check
32425    115.273667
62923     87.061364
Name: 7410, dtype: float64
2026-09-07 15:07:55,599 - INFO - QC: Compound 1687 failed the RSD < 30 check
32425    40.877223
62923    29.838321
Name: 1687, dtype: float64
2026-09-07 15:07:55,600 - INFO - QC: Compound 4915 failed the RSD < 30 check
32425    23.917533
62923    68.148072
Name: 4915, dtype: float64
2026-09-07 15:07:55,601 - INFO - QC: Compound 4916 failed the RSD < 30 check
32425    23.917533
62923    59.224262
Name: 4916, dtype: float64
2026-09-07 15:07:55,602 - INFO - QC: Compound 7683 failed the RSD < 30 check
32425     43.980893
62923    126.118904
Name: 7683, dtype: float64
2026-09-07 15:07:55,603 - INFO - QC: Compound 2471 failed the RSD < 30 check
32425    21.922781
62923    72.569818
Name: 2471, dtype: float64
2026-09-07 15:07:55,604 - INFO - QC: Compound 6628 failed the RSD < 30 check
32425    37.281636
62923    42.511481
Name: 6628, dtype: float64
2026-09-07 15:07:55,605 - INFO - QC: Compound 2225 failed the RSD < 30 check
32425    21.915100
62923    34.667983
Name: 2225, dtype: float64
2026-09-07 15:07:55,606 - INFO - QC: Compound 562 failed the RSD < 30 check
32425     11.501840
62923    201.079244
Name: 562, dtype: float64
2026-09-07 15:07:55,607 - INFO - QC: Compound 7684 failed the RSD < 30 check
32425    23.794723
62923    42.301984
Name: 7684, dtype: float64
2026-09-07 15:07:55,608 - INFO - QC: Compound 1572 failed the RSD < 30 check
32425    249.355505
62923     26.362275
Name: 1572, dtype: float64
2026-09-07 15:07:55,609 - INFO - QC: Compound 1574 failed the RSD < 30 check
32425    249.355505
62923     26.362275
Name: 1574, dtype: float64
2026-09-07 15:07:55,610 - INFO - QC: Compound 2646 failed the RSD < 30 check
32425     11.725266
62923    172.550513
Name: 2646, dtype: float64
2026-09-07 15:07:55,611 - INFO - QC: Compound 7675 failed the RSD < 30 check
32425    20.206824
62923    54.275303
Name: 7675, dtype: float64
2026-09-07 15:07:55,612 - INFO - QC: Compound 2600 failed the RSD < 30 check
32425     9.527511
62923    49.771384
Name: 2600, dtype: float64
2026-09-07 15:07:55,612 - INFO - QC: Compound 2182 failed the RSD < 30 check
32425    125.075857
62923    177.077797
Name: 2182, dtype: float64
2026-09-07 15:07:55,613 - INFO - QC: Compound 1071 failed the RSD < 30 check
32425    18.048629
62923    60.782475
Name: 1071, dtype: float64
2026-09-07 15:07:55,614 - INFO - QC: Compound 7248 failed the RSD < 30 check
32425    25.865194
62923    85.004003
Name: 7248, dtype: float64
2026-09-07 15:07:55,615 - INFO - QC: Compound 5754 failed the RSD < 30 check
32425    58.849223
62923    74.968283
Name: 5754, dtype: float64
2026-09-07 15:07:55,616 - INFO - QC: Compound 1390 failed the RSD < 30 check
32425     12.174739
62923    122.967848
Name: 1390, dtype: float64
2026-09-07 15:07:55,617 - INFO - QC: Compound 2573 failed the RSD < 30 check
32425    78.722926
62923    50.858421
Name: 2573, dtype: float64
2026-09-07 15:07:55,618 - INFO - QC: Compound 7445 failed the RSD < 30 check
32425     7.004230
62923    97.409652
Name: 7445, dtype: float64
2026-09-07 15:07:55,619 - INFO - QC: Compound 7446 failed the RSD < 30 check
32425      6.963287
62923    104.639102
Name: 7446, dtype: float64
2026-09-07 15:07:55,620 - INFO - QC: Compound 2643 failed the RSD < 30 check
32425    14.923034
62923    65.370627
Name: 2643, dtype: float64
2026-09-07 15:07:55,621 - INFO - QC: Compound 2504 failed the RSD < 30 check
32425    251.938758
62923     36.374943
Name: 2504, dtype: float64
2026-09-07 15:07:55,622 - INFO - QC: Compound 6403 failed the RSD < 30 check
32425     15.099682
62923    161.901556
Name: 6403, dtype: float64
2026-09-07 15:07:55,623 - INFO - QC: Compound 6854 failed the RSD < 30 check
32425     10.075970
62923    160.484215
Name: 6854, dtype: float64
2026-09-07 15:07:55,624 - INFO - QC: Compound 2505 failed the RSD < 30 check
32425    260.202818
62923     40.592217
Name: 2505, dtype: float64
2026-09-07 15:07:55,625 - INFO - QC: Compound 2170 failed the RSD < 30 check
32425     88.792205
62923    164.917807
Name: 2170, dtype: float64
2026-09-07 15:07:55,625 - INFO - QC: Compound 7401 failed the RSD < 30 check
32425     8.359901
62923    39.631658
Name: 7401, dtype: float64
2026-09-07 15:07:55,626 - INFO - QC: Compound 5919 failed the RSD < 30 check
32425    38.603473
62923    72.342931
Name: 5919, dtype: float64
2026-09-07 15:07:55,627 - INFO - QC: Compound 5920 failed the RSD < 30 check
32425    42.735755
62923    72.326089
Name: 5920, dtype: float64
2026-09-07 15:07:55,628 - INFO - QC: Compound 1063 failed the RSD < 30 check
32425     44.670302
62923    200.629253
Name: 1063, dtype: float64
2026-09-07 15:07:55,629 - INFO - QC: Compound 1954 failed the RSD < 30 check
32425    255.965837
62923     45.781399
Name: 1954, dtype: float64
2026-09-07 15:07:55,630 - INFO - QC: Compound 2198 failed the RSD < 30 check
32425    123.605902
62923    148.848936
Name: 2198, dtype: float64
2026-09-07 15:07:55,631 - INFO - QC: Compound 5213 failed the RSD < 30 check
32425     26.422198
62923    125.572446
Name: 5213, dtype: float64
2026-09-07 15:07:55,632 - INFO - QC: Compound 7695 failed the RSD < 30 check
32425    15.380051
62923    48.884914
Name: 7695, dtype: float64
2026-09-07 15:07:55,633 - INFO - QC: Compound 2066 failed the RSD < 30 check
32425    78.689795
62923    73.220433
Name: 2066, dtype: float64
2026-09-07 15:07:55,634 - INFO - QC: Compound 2680 failed the RSD < 30 check
32425    13.228182
62923    69.765358
Name: 2680, dtype: float64
2026-09-07 15:07:55,635 - INFO - QC: Compound 3658 failed the RSD < 30 check
32425    25.964497
62923    56.297119
Name: 3658, dtype: float64
2026-09-07 15:07:55,636 - INFO - QC: Compound 1891 failed the RSD < 30 check
32425    67.347840
62923    43.735409
Name: 1891, dtype: float64
2026-09-07 15:07:55,636 - INFO - QC: Compound 1897 failed the RSD < 30 check
32425    67.347840
62923    43.735409
Name: 1897, dtype: float64
2026-09-07 15:07:55,637 - INFO - QC: Compound 7527 failed the RSD < 30 check
32425    20.377791
62923    47.426037
Name: 7527, dtype: float64
2026-09-07 15:07:55,638 - INFO - QC: Compound 5172 failed the RSD < 30 check
32425    114.711630
62923    144.587902
Name: 5172, dtype: float64
2026-09-07 15:07:55,639 - INFO - QC: Compound 2857 failed the RSD < 30 check
32425     11.617988
62923    123.261871
Name: 2857, dtype: float64
2026-09-07 15:07:55,640 - INFO - QC: Compound 1479 failed the RSD < 30 check
32425     9.075897
62923    56.689370
Name: 1479, dtype: float64
2026-09-07 15:07:55,641 - INFO - QC: Compound 1480 failed the RSD < 30 check
32425    25.838608
62923    55.634175
Name: 1480, dtype: float64
2026-09-07 15:07:55,642 - INFO - QC: Compound 7629 failed the RSD < 30 check
32425    22.903820
62923    70.181693
Name: 7629, dtype: float64
2026-09-07 15:07:55,643 - INFO - QC: Compound 1378 failed the RSD < 30 check
32425    10.365786
62923    46.890205
Name: 1378, dtype: float64
2026-09-07 15:07:55,644 - INFO - QC: Compound 2341 failed the RSD < 30 check
32425    94.120315
62923    84.285214
Name: 2341, dtype: float64
2026-09-07 15:07:55,645 - INFO - QC: Compound 3597 failed the RSD < 30 check
32425     8.775862
62923    43.247898
Name: 3597, dtype: float64
2026-09-07 15:07:55,646 - INFO - QC: Compound 1950 failed the RSD < 30 check
32425     82.739154
62923    108.884111
Name: 1950, dtype: float64
2026-09-07 15:07:55,647 - INFO - QC: Compound 7443 failed the RSD < 30 check
32425    48.693834
62923    67.414014
Name: 7443, dtype: float64
2026-09-07 15:07:55,647 - INFO - QC: Compound 2538 failed the RSD < 30 check
32425     69.480218
62923    163.410586
Name: 2538, dtype: float64
2026-09-07 15:07:55,648 - INFO - QC: Compound 3075 failed the RSD < 30 check
32425    165.812719
62923    133.983346
Name: 3075, dtype: float64
2026-09-07 15:07:55,649 - INFO - QC: Compound 2764 failed the RSD < 30 check
32425     10.360026
62923    264.445158
Name: 2764, dtype: float64
2026-09-07 15:07:55,650 - INFO - QC: Compound 2765 failed the RSD < 30 check
32425     10.253531
62923    264.445158
Name: 2765, dtype: float64
2026-09-07 15:07:55,651 - INFO - QC: Compound 2693 failed the RSD < 30 check
32425    43.991242
62923    18.813161
Name: 2693, dtype: float64
2026-09-07 15:07:55,652 - INFO - QC: Compound 2701 failed the RSD < 30 check
32425     96.420838
62923    102.131657
Name: 2701, dtype: float64
2026-09-07 15:07:55,653 - INFO - QC: Compound 5944 failed the RSD < 30 check
32425    21.382817
62923    66.985173
Name: 5944, dtype: float64
2026-09-07 15:07:55,654 - INFO - QC: Compound 2173 failed the RSD < 30 check
32425     14.082097
62923    264.495124
Name: 2173, dtype: float64
2026-09-07 15:07:55,655 - INFO - QC: Compound 5953 failed the RSD < 30 check
32425    26.305929
62923    48.878797
Name: 5953, dtype: float64
2026-09-07 15:07:55,656 - INFO - QC: Compound 2340 failed the RSD < 30 check
32425    169.918741
62923    101.721931
Name: 2340, dtype: float64
2026-09-07 15:07:55,657 - INFO - QC: Compound 178 failed the RSD < 30 check
32425    49.074562
62923    39.574580
Name: 178, dtype: float64
2026-09-07 15:07:55,658 - INFO - QC: Compound 179 failed the RSD < 30 check
32425     6.230125
62923    31.255896
Name: 179, dtype: float64
2026-09-07 15:07:55,658 - INFO - QC: Compound 3592 failed the RSD < 30 check
32425    170.859906
62923     54.232016
Name: 3592, dtype: float64
2026-09-07 15:07:55,659 - INFO - QC: Compound 5706 failed the RSD < 30 check
32425    68.603052
62923    20.271724
Name: 5706, dtype: float64
2026-09-07 15:07:55,660 - INFO - QC: Compound 7696 failed the RSD < 30 check
32425      8.444713
62923    147.361117
Name: 7696, dtype: float64
2026-09-07 15:07:55,661 - INFO - QC: Compound 3804 failed the RSD < 30 check
32425    213.042527
62923     44.434204
Name: 3804, dtype: float64
2026-09-07 15:07:55,662 - INFO - QC: Compound 2700 failed the RSD < 30 check
32425     96.670802
62923    135.259266
Name: 2700, dtype: float64
2026-09-07 15:07:55,663 - INFO - QC: Compound 1993 failed the RSD < 30 check
32425    171.118072
62923     63.546295
Name: 1993, dtype: float64
2026-09-07 15:07:55,664 - INFO - QC: Compound 1638 failed the RSD < 30 check
32425    10.785342
62923    51.740453
Name: 1638, dtype: float64
2026-09-07 15:07:55,665 - INFO - QC: Compound 2684 failed the RSD < 30 check
32425    59.961873
62923    78.318228
Name: 2684, dtype: float64
2026-09-07 15:07:55,666 - INFO - QC: Compound 7697 failed the RSD < 30 check
32425    19.811179
62923    94.415467
Name: 7697, dtype: float64
2026-09-07 15:07:55,667 - INFO - QC: Compound 5673 failed the RSD < 30 check
32425     10.687985
62923    264.361372
Name: 5673, dtype: float64
2026-09-07 15:07:55,668 - INFO - QC: Compound 5243 failed the RSD < 30 check
32425    10.813248
62923    65.635379
Name: 5243, dtype: float64
2026-09-07 15:07:55,668 - INFO - QC: Compound 3236 failed the RSD < 30 check
32425     67.354866
62923    102.918822
Name: 3236, dtype: float64
2026-09-07 15:07:55,669 - INFO - QC: Compound 2093 failed the RSD < 30 check
32425     15.089413
62923    173.505323
Name: 2093, dtype: float64
2026-09-07 15:07:55,670 - INFO - QC: Compound 1586 failed the RSD < 30 check
32425     8.326765
62923    75.782467
Name: 1586, dtype: float64
2026-09-07 15:07:55,671 - INFO - QC: Compound 1590 failed the RSD < 30 check
32425     9.864805
62923    75.923613
Name: 1590, dtype: float64
2026-09-07 15:07:55,672 - INFO - QC: Compound 1596 failed the RSD < 30 check
32425     9.864805
62923    75.923613
Name: 1596, dtype: float64
2026-09-07 15:07:55,673 - INFO - QC: Compound 88 failed the RSD < 30 check
32425    10.318032
62923    46.463636
Name: 88, dtype: float64
2026-09-07 15:07:55,674 - INFO - QC: Compound 7163 failed the RSD < 30 check
32425    48.298344
62923    70.919503
Name: 7163, dtype: float64
2026-09-07 15:07:55,675 - INFO - QC: Compound 3598 failed the RSD < 30 check
32425     48.667515
62923    185.767651
Name: 3598, dtype: float64
2026-09-07 15:07:55,676 - INFO - QC: Compound 7247 failed the RSD < 30 check
32425     19.560040
62923    223.299587
Name: 7247, dtype: float64
2026-09-07 15:07:55,677 - INFO - QC: Compound 1801 failed the RSD < 30 check
32425    14.158303
62923    94.505398
Name: 1801, dtype: float64
2026-09-07 15:07:55,678 - INFO - QC: Compound 2597 failed the RSD < 30 check
32425     19.348620
62923    159.531751
Name: 2597, dtype: float64
2026-09-07 15:07:55,678 - INFO - QC: Compound 2604 failed the RSD < 30 check
32425     29.224232
62923    262.596788
Name: 2604, dtype: float64
2026-09-07 15:07:55,679 - INFO - QC: Compound 693 failed the RSD < 30 check
32425     64.844109
62923    126.212541
Name: 693, dtype: float64
2026-09-07 15:07:55,680 - INFO - QC: Compound 2196 failed the RSD < 30 check
32425    37.954874
62923    52.139005
Name: 2196, dtype: float64
2026-09-07 15:07:55,681 - INFO - QC: Compound 7674 failed the RSD < 30 check
32425     25.824841
62923    260.554881
Name: 7674, dtype: float64
2026-09-07 15:07:55,682 - INFO - QC: Compound 2095 failed the RSD < 30 check
32425    241.430004
62923    244.751532
Name: 2095, dtype: float64
2026-09-07 15:07:55,683 - INFO - QC: Compound 2119 failed the RSD < 30 check
32425    12.223308
62923    94.919679
Name: 2119, dtype: float64
2026-09-07 15:07:55,684 - INFO - QC: Compound 835 failed the RSD < 30 check
32425     68.521859
62923    263.610515
Name: 835, dtype: float64
2026-09-07 15:07:55,685 - INFO - QC: Compound 3312 failed the RSD < 30 check
32425    43.195827
62923    44.608094
Name: 3312, dtype: float64
2026-09-07 15:07:55,686 - INFO - QC: Compound 3237 failed the RSD < 30 check
32425     14.140628
62923    224.950043
Name: 3237, dtype: float64
2026-09-07 15:07:55,687 - INFO - QC: Compound 7249 failed the RSD < 30 check
32425     24.080651
62923    126.374329
Name: 7249, dtype: float64
2026-09-07 15:07:55,688 - INFO - QC: Compound 997 failed the RSD < 30 check
32425    96.857567
62923    98.038260
Name: 997, dtype: float64
2026-09-07 15:07:55,688 - INFO - QC: Compound 6553 failed the RSD < 30 check
32425    131.428665
62923    140.497183
Name: 6553, dtype: float64
2026-09-07 15:07:55,689 - INFO - QC: Compound 1665 failed the RSD < 30 check
32425    13.132341
62923    68.397467
Name: 1665, dtype: float64
2026-09-07 15:07:55,690 - INFO - QC: Compound 7548 failed the RSD < 30 check
32425     25.348354
62923    230.424580
Name: 7548, dtype: float64
2026-09-07 15:07:55,691 - INFO - QC: Compound 7495 failed the RSD < 30 check
32425     22.067430
62923    115.334926
Name: 7495, dtype: float64
2026-09-07 15:07:55,692 - INFO - QC: Compound 2575 failed the RSD < 30 check
32425     22.880313
62923    264.529631
Name: 2575, dtype: float64
2026-09-07 15:07:55,693 - INFO - QC: Compound 6770 failed the RSD < 30 check
32425     61.006817
62923    127.507337
Name: 6770, dtype: float64
2026-09-07 15:07:55,694 - INFO - QC: Compound 7094 failed the RSD < 30 check
32425     14.656180
62923    173.282156
Name: 7094, dtype: float64
2026-09-07 15:07:55,695 - INFO - QC: Compound 3538 failed the RSD < 30 check
32425     32.813849
62923    171.772237
Name: 3538, dtype: float64
2026-09-07 15:07:55,696 - INFO - QC: Compound 3539 failed the RSD < 30 check
32425     12.659991
62923    171.657437
Name: 3539, dtype: float64
2026-09-07 15:07:55,697 - INFO - QC: Compound 845 failed the RSD < 30 check
32425    67.991070
62923    48.289057
Name: 845, dtype: float64
2026-09-07 15:07:55,697 - INFO - QC: Compound 7544 failed the RSD < 30 check
32425     13.653737
62923    125.971975
Name: 7544, dtype: float64
2026-09-07 15:07:55,698 - INFO - QC: Compound 7321 failed the RSD < 30 check
32425     32.214795
62923    264.530103
Name: 7321, dtype: float64
2026-09-07 15:07:55,699 - INFO - QC: Compound 7594 failed the RSD < 30 check
32425    19.116060
62923    52.021187
Name: 7594, dtype: float64
2026-09-07 15:07:55,700 - INFO - QC: Compound 2000 failed the RSD < 30 check
32425    21.359105
62923    75.844964
Name: 2000, dtype: float64
2026-09-07 15:07:55,701 - INFO - QC: Compound 5912 failed the RSD < 30 check
32425     19.651427
62923    264.562441
Name: 5912, dtype: float64
2026-09-07 15:07:55,702 - INFO - QC: Compound 7680 failed the RSD < 30 check
32425    17.645021
62923    81.494013
Name: 7680, dtype: float64
2026-09-07 15:07:55,703 - INFO - QC: Compound 3099 failed the RSD < 30 check
32425     12.718931
62923    260.174149
Name: 3099, dtype: float64
2026-09-07 15:07:55,704 - INFO - QC: Compound 3223 failed the RSD < 30 check
32425     13.605862
62923    170.771858
Name: 3223, dtype: float64
2026-09-07 15:07:55,705 - INFO - QC: Compound 3518 failed the RSD < 30 check
32425    14.718850
62923    53.239468
Name: 3518, dtype: float64
2026-09-07 15:07:55,706 - INFO - QC: Compound 3560 failed the RSD < 30 check
32425     55.139483
62923    161.664782
Name: 3560, dtype: float64
2026-09-07 15:07:55,706 - INFO - QC: Compound 3561 failed the RSD < 30 check
32425     45.842739
62923    172.590453
Name: 3561, dtype: float64
2026-09-07 15:07:55,707 - INFO - QC: Compound 3562 failed the RSD < 30 check
32425     48.377668
62923    171.836567
Name: 3562, dtype: float64
2026-09-07 15:07:55,708 - INFO - QC: Compound 7506 failed the RSD < 30 check
32425      8.295080
62923    264.573875
Name: 7506, dtype: float64
2026-09-07 15:07:55,709 - INFO - QC: Compound 2683 failed the RSD < 30 check
32425     27.659704
62923    141.412903
Name: 2683, dtype: float64
2026-09-07 15:07:55,710 - INFO - QC: Compound 7246 failed the RSD < 30 check
32425     66.066835
62923    171.166671
Name: 7246, dtype: float64
2026-09-07 15:07:55,711 - INFO - QC: Compound 7466 failed the RSD < 30 check
32425    27.361493
62923    77.984536
Name: 7466, dtype: float64
2026-09-07 15:07:55,712 - INFO - QC: Compound 7467 failed the RSD < 30 check
32425     21.014168
62923    141.966820
Name: 7467, dtype: float64
2026-09-07 15:07:55,713 - INFO - QC: Compound 7498 failed the RSD < 30 check
32425    17.887066
62923    91.344351
Name: 7498, dtype: float64
2026-09-07 15:07:55,714 - INFO - QC: Compound 7499 failed the RSD < 30 check
32425    49.303512
62923    70.208496
Name: 7499, dtype: float64
2026-09-07 15:07:55,715 - INFO - QC: Compound 7255 failed the RSD < 30 check
32425     55.575431
62923    102.801227
Name: 7255, dtype: float64
2026-09-07 15:07:55,715 - INFO - QC: Compound 7475 failed the RSD < 30 check
32425     13.976948
62923    177.728162
Name: 7475, dtype: float64
2026-09-07 15:07:55,716 - INFO - QC: Compound 7644 failed the RSD < 30 check
32425     27.039019
62923    235.764896
Name: 7644, dtype: float64
2026-09-07 15:07:55,717 - INFO - QC: Compound 1358 failed the RSD < 30 check
32425    15.603205
62923    39.851899
Name: 1358, dtype: float64
2026-09-07 15:07:55,718 - INFO - QC: Compound 2997 failed the RSD < 30 check
32425          NaN
62923    87.924969
Name: 2997, dtype: float64
2026-09-07 15:07:55,719 - INFO - QC: Compound 3013 failed the RSD < 30 check
32425          NaN
62923    87.924969
Name: 3013, dtype: float64
2026-09-07 15:07:55,720 - INFO - QC: Compound 3180 failed the RSD < 30 check
32425    16.720294
62923    34.898590
Name: 3180, dtype: float64
2026-09-07 15:07:55,721 - INFO - QC: Compound 4917 failed the RSD < 30 check
32425    75.60299
62923         NaN
Name: 4917, dtype: float64
2026-09-07 15:07:55,722 - INFO - QC: Compound 6595 failed the RSD < 30 check
32425    78.780965
62923    13.899798
Name: 6595, dtype: float64
2026-09-07 15:07:55,724 - INFO - QC: Compound 6720 failed the <20% missing check.
2026-09-07 15:07:55,725 - INFO - QC: Compound 2738 failed the <20% missing check.
2026-09-07 15:07:55,726 - INFO - QC: Compound 821 failed the <20% missing check.
2026-09-07 15:07:55,727 - INFO - QC: Compound 2678 failed the <20% missing check.
2026-09-07 15:07:55,727 - INFO - Generating unnormalized PCA plot...
2026-09-07 15:07:56,015 - INFO - Applying ComBat normalization for POS charges...
2026-09-07 15:07:56,200 - INFO - Number of features: 1870
2026-09-07 15:07:56,200 - INFO - Number of features with 0 variance across samples in batch 1: 0
2026-09-07 15:07:56,235 - INFO - Number of features: 1870
2026-09-07 15:07:56,235 - INFO - Number of features with 0 variance across samples in batch 2: 0
2026-09-07 15:07:56,245 - INFO - Found 2 batches
2026-09-07 15:07:56,245 - INFO - Using batch 1 as reference batch
2026-09-07 15:07:56,245 - INFO - Adjusting for 0 covariate(s) or covariate level(s)
2026-09-07 15:07:56,245 - INFO - Standardizing Data across genes.
2026-09-07 15:07:56,246 - INFO - Fitting L/S model and finding priors.
2026-09-07 15:07:56,247 - INFO - Finding parametric adjustments.
2026-09-07 15:07:56,251 - INFO - Adjusting the Data
2026-09-07 15:07:56,255 - INFO - Generating batch unnormalized PCA plot
2026-09-07 15:07:56,338 - INFO - Getting replicates for merging...
2026-09-07 15:07:56,338 - INFO - Placenta mode...
2026-09-07 15:07:56,643 - INFO - Applying log2 transformation...
2026-09-07 15:07:56,645 - INFO - QC: Sample DP3-0240 in Samples_32425_NEG failed the Median Absolute Deviation threshold test.
2026-09-07 15:07:56,646 - INFO - QC: Sample DP3-0284 in Samples_32425_NEG failed the Median Absolute Deviation threshold test.
2026-09-07 15:07:56,646 - INFO - QC: Sample DP3-0292 in Samples_32425_NEG failed the Median Absolute Deviation threshold test.
2026-09-07 15:07:56,647 - INFO - QC: Sample DP3-0364 in Samples_32425_NEG failed the Median Absolute Deviation threshold test.
2026-09-07 15:07:56,647 - INFO - QC: Sample DP3-0124 in Samples_32425_NEG failed the Median Absolute Deviation threshold test.
2026-09-07 15:07:56,652 - INFO - QC: Compound 3360 failed the RSD < 30 check
32425    238.027349
62923      4.041379
Name: 3360, dtype: float64
2026-09-07 15:07:56,653 - INFO - QC: Compound 3361 failed the RSD < 30 check
32425    67.315336
62923    48.121372
Name: 3361, dtype: float64
2026-09-07 15:07:56,654 - INFO - QC: Compound 3354 failed the RSD < 30 check
32425    70.476616
62923     4.303514
Name: 3354, dtype: float64
2026-09-07 15:07:56,655 - INFO - QC: Compound 3355 failed the RSD < 30 check
32425    70.476616
62923    77.557202
Name: 3355, dtype: float64
2026-09-07 15:07:56,656 - INFO - QC: Compound 3348 failed the RSD < 30 check
32425     15.690616
62923    207.802961
Name: 3348, dtype: float64
2026-09-07 15:07:56,657 - INFO - QC: Compound 335 failed the RSD < 30 check
32425     15.690616
62923    207.802961
Name: 335, dtype: float64
2026-09-07 15:07:56,658 - INFO - QC: Compound 3341 failed the RSD < 30 check
32425    34.696033
62923     4.265588
Name: 3341, dtype: float64
2026-09-07 15:07:56,658 - INFO - QC: Compound 3340 failed the RSD < 30 check
32425    146.497163
62923      4.221121
Name: 3340, dtype: float64
2026-09-07 15:07:56,659 - INFO - QC: Compound 3317 failed the RSD < 30 check
32425    261.150640
62923     76.439214
Name: 3317, dtype: float64
2026-09-07 15:07:56,660 - INFO - QC: Compound 3319 failed the RSD < 30 check
32425    159.316899
62923    151.599913
Name: 3319, dtype: float64
2026-09-07 15:07:56,661 - INFO - QC: Compound 3290 failed the RSD < 30 check
32425     8.932617
62923    98.699541
Name: 3290, dtype: float64
2026-09-07 15:07:56,662 - INFO - QC: Compound 3291 failed the RSD < 30 check
32425     8.932617
62923    98.699541
Name: 3291, dtype: float64
2026-09-07 15:07:56,663 - INFO - QC: Compound 3297 failed the RSD < 30 check
32425     8.932617
62923    98.699541
Name: 3297, dtype: float64
2026-09-07 15:07:56,664 - INFO - QC: Compound 3254 failed the RSD < 30 check
32425    165.689486
62923      5.918460
Name: 3254, dtype: float64
2026-09-07 15:07:56,665 - INFO - QC: Compound 3255 failed the RSD < 30 check
32425     10.221113
62923    109.186855
Name: 3255, dtype: float64
2026-09-07 15:07:56,665 - INFO - QC: Compound 325 failed the RSD < 30 check
32425    69.751106
62923    78.314177
Name: 325, dtype: float64
2026-09-07 15:07:56,666 - INFO - QC: Compound 3250 failed the RSD < 30 check
32425    240.335525
62923     75.052023
Name: 3250, dtype: float64
2026-09-07 15:07:56,667 - INFO - QC: Compound 3242 failed the RSD < 30 check
32425    157.914293
62923      4.184310
Name: 3242, dtype: float64
2026-09-07 15:07:56,668 - INFO - QC: Compound 3237 failed the RSD < 30 check
32425    92.844539
62923     3.612469
Name: 3237, dtype: float64
2026-09-07 15:07:56,669 - INFO - QC: Compound 3239 failed the RSD < 30 check
32425    49.293706
62923    72.696551
Name: 3239, dtype: float64
2026-09-07 15:07:56,670 - INFO - QC: Compound 3215 failed the RSD < 30 check
32425    67.824556
62923    27.968211
Name: 3215, dtype: float64
2026-09-07 15:07:56,671 - INFO - QC: Compound 3194 failed the RSD < 30 check
32425     6.470580
62923    43.957093
Name: 3194, dtype: float64
2026-09-07 15:07:56,672 - INFO - QC: Compound 3195 failed the RSD < 30 check
32425     6.470580
62923    43.957093
Name: 3195, dtype: float64
2026-09-07 15:07:56,672 - INFO - QC: Compound 3187 failed the RSD < 30 check
32425    250.493602
62923     21.775717
Name: 3187, dtype: float64
2026-09-07 15:07:56,673 - INFO - QC: Compound 3178 failed the RSD < 30 check
32425    46.504737
62923    38.627527
Name: 3178, dtype: float64
2026-09-07 15:07:56,674 - INFO - QC: Compound 3163 failed the RSD < 30 check
32425    64.226163
62923    40.818762
Name: 3163, dtype: float64
2026-09-07 15:07:56,675 - INFO - QC: Compound 3116 failed the RSD < 30 check
32425    30.598601
62923     4.017091
Name: 3116, dtype: float64
2026-09-07 15:07:56,676 - INFO - QC: Compound 3110 failed the RSD < 30 check
32425    31.696389
62923    54.467066
Name: 3110, dtype: float64
2026-09-07 15:07:56,677 - INFO - QC: Compound 3103 failed the RSD < 30 check
32425     60.196230
62923    133.583538
Name: 3103, dtype: float64
2026-09-07 15:07:56,678 - INFO - QC: Compound 31 failed the RSD < 30 check
32425    52.963679
62923     3.477697
Name: 31, dtype: float64
2026-09-07 15:07:56,678 - INFO - QC: Compound 3075 failed the RSD < 30 check
32425    13.184942
62923    40.409149
Name: 3075, dtype: float64
2026-09-07 15:07:56,679 - INFO - QC: Compound 3067 failed the RSD < 30 check
32425    35.983607
62923    38.274605
Name: 3067, dtype: float64
2026-09-07 15:07:56,680 - INFO - QC: Compound 3066 failed the RSD < 30 check
32425     6.696220
62923    38.389468
Name: 3066, dtype: float64
2026-09-07 15:07:56,681 - INFO - QC: Compound 306 failed the RSD < 30 check
32425    47.576959
62923    23.312349
Name: 306, dtype: float64
2026-09-07 15:07:56,682 - INFO - QC: Compound 303 failed the RSD < 30 check
32425     26.941214
62923    232.251835
Name: 303, dtype: float64
2026-09-07 15:07:56,683 - INFO - QC: Compound 302 failed the RSD < 30 check
32425    14.168263
62923    32.057256
Name: 302, dtype: float64
2026-09-07 15:07:56,684 - INFO - QC: Compound 301 failed the RSD < 30 check
32425     6.054427
62923    30.710022
Name: 301, dtype: float64
2026-09-07 15:07:56,685 - INFO - QC: Compound 2996 failed the RSD < 30 check
32425    62.955296
62923     3.274684
Name: 2996, dtype: float64
2026-09-07 15:07:56,685 - INFO - QC: Compound 2989 failed the RSD < 30 check
32425    123.997443
62923      3.403036
Name: 2989, dtype: float64
2026-09-07 15:07:56,686 - INFO - QC: Compound 2946 failed the RSD < 30 check
32425    133.449248
62923    116.792040
Name: 2946, dtype: float64
2026-09-07 15:07:56,687 - INFO - QC: Compound 2941 failed the RSD < 30 check
32425     49.469737
62923    228.892094
Name: 2941, dtype: float64
2026-09-07 15:07:56,688 - INFO - QC: Compound 2942 failed the RSD < 30 check
32425     49.469737
62923    228.892094
Name: 2942, dtype: float64
2026-09-07 15:07:56,689 - INFO - QC: Compound 2914 failed the RSD < 30 check
32425    32.236630
62923    36.121328
Name: 2914, dtype: float64
2026-09-07 15:07:56,690 - INFO - QC: Compound 2908 failed the RSD < 30 check
32425     9.359424
62923    84.237412
Name: 2908, dtype: float64
2026-09-07 15:07:56,691 - INFO - QC: Compound 2900 failed the RSD < 30 check
32425    59.254990
62923     5.062908
Name: 2900, dtype: float64
2026-09-07 15:07:56,691 - INFO - QC: Compound 2896 failed the RSD < 30 check
32425     8.764770
62923    30.876344
Name: 2896, dtype: float64
2026-09-07 15:07:56,692 - INFO - QC: Compound 2886 failed the RSD < 30 check
32425    12.808851
62923    36.187454
Name: 2886, dtype: float64
2026-09-07 15:07:56,693 - INFO - QC: Compound 2880 failed the RSD < 30 check
32425    55.271471
62923    37.008892
Name: 2880, dtype: float64
2026-09-07 15:07:56,694 - INFO - QC: Compound 2866 failed the RSD < 30 check
32425     3.003425
62923    44.588452
Name: 2866, dtype: float64
2026-09-07 15:07:56,695 - INFO - QC: Compound 2859 failed the RSD < 30 check
32425     7.089017
62923    33.099632
Name: 2859, dtype: float64
2026-09-07 15:07:56,696 - INFO - QC: Compound 2858 failed the RSD < 30 check
32425    47.872353
62923     8.913547
Name: 2858, dtype: float64
2026-09-07 15:07:56,697 - INFO - QC: Compound 2852 failed the RSD < 30 check
32425    47.557274
62923     5.832210
Name: 2852, dtype: float64
2026-09-07 15:07:56,697 - INFO - QC: Compound 2845 failed the RSD < 30 check
32425    14.193473
62923    74.865045
Name: 2845, dtype: float64
2026-09-07 15:07:56,698 - INFO - QC: Compound 2840 failed the RSD < 30 check
32425     5.727406
62923    35.484351
Name: 2840, dtype: float64
2026-09-07 15:07:56,699 - INFO - QC: Compound 2841 failed the RSD < 30 check
32425     5.727406
62923    35.484351
Name: 2841, dtype: float64
2026-09-07 15:07:56,700 - INFO - QC: Compound 2839 failed the RSD < 30 check
32425    52.477346
62923     8.111665
Name: 2839, dtype: float64
2026-09-07 15:07:56,701 - INFO - QC: Compound 2832 failed the RSD < 30 check
32425     20.892164
62923    231.949783
Name: 2832, dtype: float64
2026-09-07 15:07:56,702 - INFO - QC: Compound 2831 failed the RSD < 30 check
32425    44.510287
62923    94.918177
Name: 2831, dtype: float64
2026-09-07 15:07:56,703 - INFO - QC: Compound 2828 failed the RSD < 30 check
32425    35.695801
62923     2.086798
Name: 2828, dtype: float64
2026-09-07 15:07:56,704 - INFO - QC: Compound 2826 failed the RSD < 30 check
32425    42.302933
62923     4.617801
Name: 2826, dtype: float64
2026-09-07 15:07:56,704 - INFO - QC: Compound 2809 failed the RSD < 30 check
32425    32.216196
62923     9.747468
Name: 2809, dtype: float64
2026-09-07 15:07:56,705 - INFO - QC: Compound 28 failed the RSD < 30 check
32425    10.536636
62923    36.900221
Name: 28, dtype: float64
2026-09-07 15:07:56,706 - INFO - QC: Compound 2792 failed the RSD < 30 check
32425    29.749115
62923    33.987466
Name: 2792, dtype: float64
2026-09-07 15:07:56,707 - INFO - QC: Compound 2785 failed the RSD < 30 check
32425    12.032649
62923    39.122386
Name: 2785, dtype: float64
2026-09-07 15:07:56,708 - INFO - QC: Compound 2776 failed the RSD < 30 check
32425    34.915389
62923     2.209264
Name: 2776, dtype: float64
2026-09-07 15:07:56,709 - INFO - QC: Compound 2778 failed the RSD < 30 check
32425    34.367390
62923     2.209264
Name: 2778, dtype: float64
2026-09-07 15:07:56,710 - INFO - QC: Compound 2773 failed the RSD < 30 check
32425     8.395336
62923    35.583862
Name: 2773, dtype: float64
2026-09-07 15:07:56,710 - INFO - QC: Compound 2734 failed the RSD < 30 check
32425     4.855105
62923    75.889423
Name: 2734, dtype: float64
2026-09-07 15:07:56,711 - INFO - QC: Compound 2732 failed the RSD < 30 check
32425    32.587587
62923    11.007802
Name: 2732, dtype: float64
2026-09-07 15:07:56,712 - INFO - QC: Compound 2726 failed the RSD < 30 check
32425    32.995676
62923     9.621873
Name: 2726, dtype: float64
2026-09-07 15:07:56,713 - INFO - QC: Compound 2727 failed the RSD < 30 check
32425    30.981806
62923    11.307453
Name: 2727, dtype: float64
2026-09-07 15:07:56,714 - INFO - QC: Compound 2707 failed the RSD < 30 check
32425     8.195824
62923    32.390457
Name: 2707, dtype: float64
2026-09-07 15:07:56,715 - INFO - QC: Compound 2708 failed the RSD < 30 check
32425     8.195824
62923    32.390457
Name: 2708, dtype: float64
2026-09-07 15:07:56,716 - INFO - QC: Compound 2704 failed the RSD < 30 check
32425     9.245553
62923    33.955632
Name: 2704, dtype: float64
2026-09-07 15:07:56,716 - INFO - QC: Compound 2705 failed the RSD < 30 check
32425    32.036526
62923    30.384423
Name: 2705, dtype: float64
2026-09-07 15:07:56,717 - INFO - QC: Compound 27 failed the RSD < 30 check
32425     4.517877
62923    30.685433
Name: 27, dtype: float64
2026-09-07 15:07:56,718 - INFO - QC: Compound 2693 failed the RSD < 30 check
32425    75.865430
62923     5.200653
Name: 2693, dtype: float64
2026-09-07 15:07:56,719 - INFO - QC: Compound 2669 failed the RSD < 30 check
32425    32.918706
62923    21.209398
Name: 2669, dtype: float64
2026-09-07 15:07:56,720 - INFO - QC: Compound 2651 failed the RSD < 30 check
32425    91.614396
62923    80.386791
Name: 2651, dtype: float64
2026-09-07 15:07:56,721 - INFO - QC: Compound 2626 failed the RSD < 30 check
32425    30.846581
62923     7.302199
Name: 2626, dtype: float64
2026-09-07 15:07:56,722 - INFO - QC: Compound 2625 failed the RSD < 30 check
32425     5.934357
62923    42.563865
Name: 2625, dtype: float64
2026-09-07 15:07:56,722 - INFO - QC: Compound 2616 failed the RSD < 30 check
32425    57.512866
62923    24.561642
Name: 2616, dtype: float64
2026-09-07 15:07:56,723 - INFO - QC: Compound 2611 failed the RSD < 30 check
32425    23.388469
62923    71.713436
Name: 2611, dtype: float64
2026-09-07 15:07:56,724 - INFO - QC: Compound 2596 failed the RSD < 30 check
32425    113.567717
62923     37.698228
Name: 2596, dtype: float64
2026-09-07 15:07:56,725 - INFO - QC: Compound 2597 failed the RSD < 30 check
32425    113.567717
62923     37.698228
Name: 2597, dtype: float64
2026-09-07 15:07:56,726 - INFO - QC: Compound 2590 failed the RSD < 30 check
32425     71.846108
62923    226.335747
Name: 2590, dtype: float64
2026-09-07 15:07:56,727 - INFO - QC: Compound 2591 failed the RSD < 30 check
32425     71.846108
62923    226.335747
Name: 2591, dtype: float64
2026-09-07 15:07:56,727 - INFO - QC: Compound 2585 failed the RSD < 30 check
32425    14.376730
62923    92.471172
Name: 2585, dtype: float64
2026-09-07 15:07:56,728 - INFO - QC: Compound 2581 failed the RSD < 30 check
32425     5.897202
62923    55.813146
Name: 2581, dtype: float64
2026-09-07 15:07:56,729 - INFO - QC: Compound 2577 failed the RSD < 30 check
32425    60.394182
62923     6.527485
Name: 2577, dtype: float64
2026-09-07 15:07:56,730 - INFO - QC: Compound 2575 failed the RSD < 30 check
32425    47.883479
62923     7.860638
Name: 2575, dtype: float64
2026-09-07 15:07:56,731 - INFO - QC: Compound 2570 failed the RSD < 30 check
32425      9.562647
62923    214.357160
Name: 2570, dtype: float64
2026-09-07 15:07:56,732 - INFO - QC: Compound 2571 failed the RSD < 30 check
32425      9.562647
62923    214.357160
Name: 2571, dtype: float64
2026-09-07 15:07:56,733 - INFO - QC: Compound 2572 failed the RSD < 30 check
32425      9.562647
62923    214.357160
Name: 2572, dtype: float64
2026-09-07 15:07:56,733 - INFO - QC: Compound 2559 failed the RSD < 30 check
32425    13.565833
62923    35.697294
Name: 2559, dtype: float64
2026-09-07 15:07:56,734 - INFO - QC: Compound 256 failed the RSD < 30 check
32425    13.565833
62923    35.697294
Name: 256, dtype: float64
2026-09-07 15:07:56,735 - INFO - QC: Compound 2553 failed the RSD < 30 check
32425    37.153316
62923    25.336884
Name: 2553, dtype: float64
2026-09-07 15:07:56,736 - INFO - QC: Compound 2543 failed the RSD < 30 check
32425    67.777957
62923     8.192542
Name: 2543, dtype: float64
2026-09-07 15:07:56,737 - INFO - QC: Compound 2542 failed the RSD < 30 check
32425    37.988820
62923    16.940798
Name: 2542, dtype: float64
2026-09-07 15:07:56,738 - INFO - QC: Compound 2540 failed the RSD < 30 check
32425    18.742720
62923    41.562917
Name: 2540, dtype: float64
2026-09-07 15:07:56,739 - INFO - QC: Compound 2531 failed the RSD < 30 check
32425     7.527661
62923    36.461624
Name: 2531, dtype: float64
2026-09-07 15:07:56,739 - INFO - QC: Compound 2519 failed the RSD < 30 check
32425    48.301277
62923    10.713156
Name: 2519, dtype: float64
2026-09-07 15:07:56,740 - INFO - QC: Compound 2500 failed the RSD < 30 check
32425    26.555046
62923    38.613734
Name: 2500, dtype: float64
2026-09-07 15:07:56,741 - INFO - QC: Compound 2498 failed the RSD < 30 check
32425     3.384312
62923    34.356773
Name: 2498, dtype: float64
2026-09-07 15:07:56,742 - INFO - QC: Compound 2495 failed the RSD < 30 check
32425    56.212908
62923    20.772817
Name: 2495, dtype: float64
2026-09-07 15:07:56,743 - INFO - QC: Compound 2466 failed the RSD < 30 check
32425    38.487239
62923    15.357813
Name: 2466, dtype: float64
2026-09-07 15:07:56,744 - INFO - QC: Compound 2462 failed the RSD < 30 check
32425    52.739592
62923    30.565414
Name: 2462, dtype: float64
2026-09-07 15:07:56,744 - INFO - QC: Compound 2458 failed the RSD < 30 check
32425    30.746541
62923     4.803687
Name: 2458, dtype: float64
2026-09-07 15:07:56,745 - INFO - QC: Compound 2446 failed the RSD < 30 check
32425    37.153316
62923    26.115026
Name: 2446, dtype: float64
2026-09-07 15:07:56,746 - INFO - QC: Compound 2445 failed the RSD < 30 check
32425    47.554451
62923    17.379417
Name: 2445, dtype: float64
2026-09-07 15:07:56,747 - INFO - QC: Compound 242 failed the RSD < 30 check
32425    45.475023
62923    72.143413
Name: 242, dtype: float64
2026-09-07 15:07:56,748 - INFO - QC: Compound 2412 failed the RSD < 30 check
32425    21.045601
62923    30.094027
Name: 2412, dtype: float64
2026-09-07 15:07:56,749 - INFO - QC: Compound 2408 failed the RSD < 30 check
32425    55.578240
62923    27.679869
Name: 2408, dtype: float64
2026-09-07 15:07:56,749 - INFO - QC: Compound 2401 failed the RSD < 30 check
32425     9.141999
62923    53.537448
Name: 2401, dtype: float64
2026-09-07 15:07:56,750 - INFO - QC: Compound 2402 failed the RSD < 30 check
32425     9.141999
62923    53.537448
Name: 2402, dtype: float64
2026-09-07 15:07:56,751 - INFO - QC: Compound 2389 failed the RSD < 30 check
32425    24.294615
62923    44.129936
Name: 2389, dtype: float64
2026-09-07 15:07:56,752 - INFO - QC: Compound 2388 failed the RSD < 30 check
32425    264.242522
62923      5.873356
Name: 2388, dtype: float64
2026-09-07 15:07:56,753 - INFO - QC: Compound 2387 failed the RSD < 30 check
32425    238.299592
62923     16.708050
Name: 2387, dtype: float64
2026-09-07 15:07:56,754 - INFO - QC: Compound 238 failed the RSD < 30 check
32425    22.882567
62923    34.379529
Name: 238, dtype: float64
2026-09-07 15:07:56,754 - INFO - QC: Compound 2373 failed the RSD < 30 check
32425    38.605712
62923    33.540292
Name: 2373, dtype: float64
2026-09-07 15:07:56,755 - INFO - QC: Compound 2359 failed the RSD < 30 check
32425     7.907057
62923    39.822156
Name: 2359, dtype: float64
2026-09-07 15:07:56,756 - INFO - QC: Compound 2350 failed the RSD < 30 check
32425    13.908027
62923    42.614135
Name: 2350, dtype: float64
2026-09-07 15:07:56,757 - INFO - QC: Compound 232 failed the RSD < 30 check
32425    12.462393
62923    44.865604
Name: 232, dtype: float64
2026-09-07 15:07:56,758 - INFO - QC: Compound 2303 failed the RSD < 30 check
32425    28.173444
62923    49.172391
Name: 2303, dtype: float64
2026-09-07 15:07:56,759 - INFO - QC: Compound 2289 failed the RSD < 30 check
32425    115.137621
62923     16.668086
Name: 2289, dtype: float64
2026-09-07 15:07:56,759 - INFO - QC: Compound 2273 failed the RSD < 30 check
32425    42.235731
62923     6.869335
Name: 2273, dtype: float64
2026-09-07 15:07:56,760 - INFO - QC: Compound 2259 failed the RSD < 30 check
32425    38.805456
62923     4.183877
Name: 2259, dtype: float64
2026-09-07 15:07:56,761 - INFO - QC: Compound 2251 failed the RSD < 30 check
32425    20.367662
62923    31.389313
Name: 2251, dtype: float64
2026-09-07 15:07:56,762 - INFO - QC: Compound 2243 failed the RSD < 30 check
32425     78.292623
62923    103.619173
Name: 2243, dtype: float64
2026-09-07 15:07:56,763 - INFO - QC: Compound 2239 failed the RSD < 30 check
32425    34.026884
62923    29.277372
Name: 2239, dtype: float64
2026-09-07 15:07:56,764 - INFO - QC: Compound 2240 failed the RSD < 30 check
32425    34.026884
62923    29.277372
Name: 2240, dtype: float64
2026-09-07 15:07:56,765 - INFO - QC: Compound 2226 failed the RSD < 30 check
32425    32.482006
62923    28.409264
Name: 2226, dtype: float64
2026-09-07 15:07:56,765 - INFO - QC: Compound 2223 failed the RSD < 30 check
32425     24.537664
62923    105.785718
Name: 2223, dtype: float64
2026-09-07 15:07:56,766 - INFO - QC: Compound 2222 failed the RSD < 30 check
32425     6.320115
62923    49.083072
Name: 2222, dtype: float64
2026-09-07 15:07:56,767 - INFO - QC: Compound 2219 failed the RSD < 30 check
32425    30.186263
62923     5.469143
Name: 2219, dtype: float64
2026-09-07 15:07:56,768 - INFO - QC: Compound 2215 failed the RSD < 30 check
32425    35.557146
62923    41.104843
Name: 2215, dtype: float64
2026-09-07 15:07:56,769 - INFO - QC: Compound 2208 failed the RSD < 30 check
32425    10.209133
62923    33.819612
Name: 2208, dtype: float64
2026-09-07 15:07:56,770 - INFO - QC: Compound 2199 failed the RSD < 30 check
32425    23.660205
62923    79.302130
Name: 2199, dtype: float64
2026-09-07 15:07:56,770 - INFO - QC: Compound 2190 failed the RSD < 30 check
32425     7.738834
62923    74.060170
Name: 2190, dtype: float64
2026-09-07 15:07:56,771 - INFO - QC: Compound 2179 failed the RSD < 30 check
32425    50.309510
62923     6.613656
Name: 2179, dtype: float64
2026-09-07 15:07:56,772 - INFO - QC: Compound 2171 failed the RSD < 30 check
32425    36.456271
62923    19.714218
Name: 2171, dtype: float64
2026-09-07 15:07:56,773 - INFO - QC: Compound 2168 failed the RSD < 30 check
32425    32.224955
62923    10.703653
Name: 2168, dtype: float64
2026-09-07 15:07:56,774 - INFO - QC: Compound 2169 failed the RSD < 30 check
32425     9.446342
62923    74.722786
Name: 2169, dtype: float64
2026-09-07 15:07:56,775 - INFO - QC: Compound 2162 failed the RSD < 30 check
32425    64.379007
62923    11.846763
Name: 2162, dtype: float64
2026-09-07 15:07:56,775 - INFO - QC: Compound 2155 failed the RSD < 30 check
32425    12.420543
62923    32.133650
Name: 2155, dtype: float64
2026-09-07 15:07:56,776 - INFO - QC: Compound 2156 failed the RSD < 30 check
32425    12.420543
62923    31.679198
Name: 2156, dtype: float64
2026-09-07 15:07:56,777 - INFO - QC: Compound 2157 failed the RSD < 30 check
32425    12.420543
62923    31.679198
Name: 2157, dtype: float64
2026-09-07 15:07:56,778 - INFO - QC: Compound 2145 failed the RSD < 30 check
32425    127.711038
62923      7.963733
Name: 2145, dtype: float64
2026-09-07 15:07:56,779 - INFO - QC: Compound 2132 failed the RSD < 30 check
32425    172.78502
62923     10.10405
Name: 2132, dtype: float64
2026-09-07 15:07:56,780 - INFO - QC: Compound 2127 failed the RSD < 30 check
32425    42.950800
62923     5.786771
Name: 2127, dtype: float64
2026-09-07 15:07:56,780 - INFO - QC: Compound 2120 failed the RSD < 30 check
32425    29.242002
62923    52.787739
Name: 2120, dtype: float64
2026-09-07 15:07:56,781 - INFO - QC: Compound 2119 failed the RSD < 30 check
32425    20.367662
62923    40.903591
Name: 2119, dtype: float64
2026-09-07 15:07:56,782 - INFO - QC: Compound 2112 failed the RSD < 30 check
32425    30.047626
62923     4.772281
Name: 2112, dtype: float64
2026-09-07 15:07:56,783 - INFO - QC: Compound 2111 failed the RSD < 30 check
32425     7.834719
62923    37.625493
Name: 2111, dtype: float64
2026-09-07 15:07:56,784 - INFO - QC: Compound 2106 failed the RSD < 30 check
32425     7.005807
62923    77.332351
Name: 2106, dtype: float64
2026-09-07 15:07:56,785 - INFO - QC: Compound 2096 failed the RSD < 30 check
32425    51.427812
62923     5.896161
Name: 2096, dtype: float64
2026-09-07 15:07:56,785 - INFO - QC: Compound 2097 failed the RSD < 30 check
32425    60.799349
62923    10.381740
Name: 2097, dtype: float64
2026-09-07 15:07:56,786 - INFO - QC: Compound 2091 failed the RSD < 30 check
32425    55.812571
62923    18.240623
Name: 2091, dtype: float64
2026-09-07 15:07:56,787 - INFO - QC: Compound 2079 failed the RSD < 30 check
32425    24.353498
62923    37.009021
Name: 2079, dtype: float64
2026-09-07 15:07:56,788 - INFO - QC: Compound 2072 failed the RSD < 30 check
32425    30.139373
62923     6.733907
Name: 2072, dtype: float64
2026-09-07 15:07:56,789 - INFO - QC: Compound 2053 failed the RSD < 30 check
32425    31.161586
62923     4.940176
Name: 2053, dtype: float64
2026-09-07 15:07:56,790 - INFO - QC: Compound 2041 failed the RSD < 30 check
32425    11.108426
62923    56.067310
Name: 2041, dtype: float64
2026-09-07 15:07:56,791 - INFO - QC: Compound 2031 failed the RSD < 30 check
32425    44.200207
62923    26.222137
Name: 2031, dtype: float64
2026-09-07 15:07:56,792 - INFO - QC: Compound 2026 failed the RSD < 30 check
32425    22.811036
62923    61.357083
Name: 2026, dtype: float64
2026-09-07 15:07:56,793 - INFO - QC: Compound 2019 failed the RSD < 30 check
32425    56.061934
62923     4.099691
Name: 2019, dtype: float64
2026-09-07 15:07:56,794 - INFO - QC: Compound 1998 failed the RSD < 30 check
32425     4.641110
62923    49.245089
Name: 1998, dtype: float64
2026-09-07 15:07:56,795 - INFO - QC: Compound 1992 failed the RSD < 30 check
32425    10.471390
62923    41.675472
Name: 1992, dtype: float64
2026-09-07 15:07:56,796 - INFO - QC: Compound 1987 failed the RSD < 30 check
32425    95.618082
62923    19.134972
Name: 1987, dtype: float64
2026-09-07 15:07:56,797 - INFO - QC: Compound 1986 failed the RSD < 30 check
32425     6.601355
62923    43.923992
Name: 1986, dtype: float64
2026-09-07 15:07:56,797 - INFO - QC: Compound 1972 failed the RSD < 30 check
32425    25.521637
62923    30.198214
Name: 1972, dtype: float64
2026-09-07 15:07:56,798 - INFO - QC: Compound 1971 failed the RSD < 30 check
32425    45.640460
62923     2.846168
Name: 1971, dtype: float64
2026-09-07 15:07:56,799 - INFO - QC: Compound 1962 failed the RSD < 30 check
32425     5.961707
62923    36.396222
Name: 1962, dtype: float64
2026-09-07 15:07:56,800 - INFO - QC: Compound 1959 failed the RSD < 30 check
32425    49.444996
62923     6.079474
Name: 1959, dtype: float64
2026-09-07 15:07:56,801 - INFO - QC: Compound 1954 failed the RSD < 30 check
32425     7.607640
62923    32.579863
Name: 1954, dtype: float64
2026-09-07 15:07:56,802 - INFO - QC: Compound 1953 failed the RSD < 30 check
32425    74.666087
62923     5.763359
Name: 1953, dtype: float64
2026-09-07 15:07:56,803 - INFO - QC: Compound 1925 failed the RSD < 30 check
32425    76.618644
62923    20.978237
Name: 1925, dtype: float64
2026-09-07 15:07:56,804 - INFO - QC: Compound 1928 failed the RSD < 30 check
32425    81.572242
62923    18.265154
Name: 1928, dtype: float64
2026-09-07 15:07:56,805 - INFO - QC: Compound 192 failed the RSD < 30 check
32425    24.492239
62923    30.190371
Name: 192, dtype: float64
2026-09-07 15:07:56,806 - INFO - QC: Compound 1917 failed the RSD < 30 check
32425    58.466558
62923    22.390512
Name: 1917, dtype: float64
2026-09-07 15:07:56,807 - INFO - QC: Compound 1905 failed the RSD < 30 check
32425    13.873073
62923    47.425548
Name: 1905, dtype: float64
2026-09-07 15:07:56,808 - INFO - QC: Compound 1908 failed the RSD < 30 check
32425    13.873073
62923    47.425548
Name: 1908, dtype: float64
2026-09-07 15:07:56,809 - INFO - QC: Compound 1898 failed the RSD < 30 check
32425    37.135312
62923    13.091452
Name: 1898, dtype: float64
2026-09-07 15:07:56,810 - INFO - QC: Compound 1901 failed the RSD < 30 check
32425    34.544373
62923    13.002147
Name: 1901, dtype: float64
2026-09-07 15:07:56,811 - INFO - QC: Compound 1894 failed the RSD < 30 check
32425    20.111153
62923    42.762755
Name: 1894, dtype: float64
2026-09-07 15:07:56,812 - INFO - QC: Compound 1851 failed the RSD < 30 check
32425    30.137823
62923     5.749981
Name: 1851, dtype: float64
2026-09-07 15:07:56,812 - INFO - QC: Compound 1850 failed the RSD < 30 check
32425     7.203211
62923    31.802112
Name: 1850, dtype: float64
2026-09-07 15:07:56,813 - INFO - QC: Compound 1846 failed the RSD < 30 check
32425    17.316524
62923    51.810922
Name: 1846, dtype: float64
2026-09-07 15:07:56,814 - INFO - QC: Compound 1842 failed the RSD < 30 check
32425    42.581386
62923    14.193643
Name: 1842, dtype: float64
2026-09-07 15:07:56,815 - INFO - QC: Compound 1844 failed the RSD < 30 check
32425    44.359073
62923    14.193643
Name: 1844, dtype: float64
2026-09-07 15:07:56,816 - INFO - QC: Compound 1830 failed the RSD < 30 check
32425    39.135122
62923    59.587363
Name: 1830, dtype: float64
2026-09-07 15:07:56,817 - INFO - QC: Compound 1824 failed the RSD < 30 check
32425    15.173997
62923    38.930986
Name: 1824, dtype: float64
2026-09-07 15:07:56,818 - INFO - QC: Compound 1820 failed the RSD < 30 check
32425    18.248381
62923    30.039762
Name: 1820, dtype: float64
2026-09-07 15:07:56,820 - INFO - QC: Compound 1816 failed the RSD < 30 check
32425    19.468828
62923    46.635061
Name: 1816, dtype: float64
2026-09-07 15:07:56,821 - INFO - QC: Compound 1811 failed the RSD < 30 check
32425    80.812154
62923    29.800480
Name: 1811, dtype: float64
2026-09-07 15:07:56,822 - INFO - QC: Compound 1801 failed the RSD < 30 check
32425    31.178710
62923     3.568043
Name: 1801, dtype: float64
2026-09-07 15:07:56,823 - INFO - QC: Compound 1798 failed the RSD < 30 check
32425    38.971896
62923    50.070510
Name: 1798, dtype: float64
2026-09-07 15:07:56,824 - INFO - QC: Compound 179 failed the RSD < 30 check
32425    24.381824
62923    32.726529
Name: 179, dtype: float64
2026-09-07 15:07:56,825 - INFO - QC: Compound 1775 failed the RSD < 30 check
32425    27.961297
62923    33.617501
Name: 1775, dtype: float64
2026-09-07 15:07:56,825 - INFO - QC: Compound 1734 failed the RSD < 30 check
32425    30.84485
62923    18.59534
Name: 1734, dtype: float64
2026-09-07 15:07:56,826 - INFO - QC: Compound 1731 failed the RSD < 30 check
32425     5.855177
62923    45.391096
Name: 1731, dtype: float64
2026-09-07 15:07:56,827 - INFO - QC: Compound 1715 failed the RSD < 30 check
32425    65.841559
62923    30.543834
Name: 1715, dtype: float64
2026-09-07 15:07:56,828 - INFO - QC: Compound 1708 failed the RSD < 30 check
32425    25.313939
62923    31.730466
Name: 1708, dtype: float64
2026-09-07 15:07:56,829 - INFO - QC: Compound 1694 failed the RSD < 30 check
32425    38.547312
62923    23.676372
Name: 1694, dtype: float64
2026-09-07 15:07:56,830 - INFO - QC: Compound 1687 failed the RSD < 30 check
32425    63.504666
62923    11.432137
Name: 1687, dtype: float64
2026-09-07 15:07:56,831 - INFO - QC: Compound 1674 failed the RSD < 30 check
32425    170.582459
62923     33.413907
Name: 1674, dtype: float64
2026-09-07 15:07:56,832 - INFO - QC: Compound 1667 failed the RSD < 30 check
32425    43.985245
62923    40.333816
Name: 1667, dtype: float64
2026-09-07 15:07:56,833 - INFO - QC: Compound 1648 failed the RSD < 30 check
32425    18.460199
62923    64.925605
Name: 1648, dtype: float64
2026-09-07 15:07:56,834 - INFO - QC: Compound 1639 failed the RSD < 30 check
32425     18.378123
62923    150.098787
Name: 1639, dtype: float64
2026-09-07 15:07:56,835 - INFO - QC: Compound 1642 failed the RSD < 30 check
32425     39.432174
62923    150.098787
Name: 1642, dtype: float64
2026-09-07 15:07:56,836 - INFO - QC: Compound 1643 failed the RSD < 30 check
32425     39.432174
62923    150.098787
Name: 1643, dtype: float64
2026-09-07 15:07:56,837 - INFO - QC: Compound 1637 failed the RSD < 30 check
32425    27.154254
62923    34.648658
Name: 1637, dtype: float64
2026-09-07 15:07:56,838 - INFO - QC: Compound 1638 failed the RSD < 30 check
32425    27.154254
62923    34.648658
Name: 1638, dtype: float64
2026-09-07 15:07:56,839 - INFO - QC: Compound 1628 failed the RSD < 30 check
32425    101.286266
62923     58.895282
Name: 1628, dtype: float64
2026-09-07 15:07:56,840 - INFO - QC: Compound 1617 failed the RSD < 30 check
32425    40.578465
62923    73.749318
Name: 1617, dtype: float64
2026-09-07 15:07:56,841 - INFO - QC: Compound 1615 failed the RSD < 30 check
32425    24.627018
62923    32.278388
Name: 1615, dtype: float64
2026-09-07 15:07:56,842 - INFO - QC: Compound 1587 failed the RSD < 30 check
32425    110.415969
62923     78.896355
Name: 1587, dtype: float64
2026-09-07 15:07:56,842 - INFO - QC: Compound 1582 failed the RSD < 30 check
32425     18.356531
62923    154.655869
Name: 1582, dtype: float64
2026-09-07 15:07:56,843 - INFO - QC: Compound 1578 failed the RSD < 30 check
32425    15.495585
62923    39.321137
Name: 1578, dtype: float64
2026-09-07 15:07:56,844 - INFO - QC: Compound 1574 failed the RSD < 30 check
32425    178.619558
62923      7.817956
Name: 1574, dtype: float64
2026-09-07 15:07:56,845 - INFO - QC: Compound 1562 failed the RSD < 30 check
32425    49.342772
62923    52.399769
Name: 1562, dtype: float64
2026-09-07 15:07:56,846 - INFO - QC: Compound 1554 failed the RSD < 30 check
32425    89.169618
62923     8.924093
Name: 1554, dtype: float64
2026-09-07 15:07:56,847 - INFO - QC: Compound 1547 failed the RSD < 30 check
32425    113.337775
62923     44.893489
Name: 1547, dtype: float64
2026-09-07 15:07:56,848 - INFO - QC: Compound 1545 failed the RSD < 30 check
32425    16.561987
62923    83.424426
Name: 1545, dtype: float64
2026-09-07 15:07:56,849 - INFO - QC: Compound 1544 failed the RSD < 30 check
32425    30.235204
62923    10.865031
Name: 1544, dtype: float64
2026-09-07 15:07:56,850 - INFO - QC: Compound 1542 failed the RSD < 30 check
32425    40.101922
62923    29.461185
Name: 1542, dtype: float64
2026-09-07 15:07:56,851 - INFO - QC: Compound 1525 failed the RSD < 30 check
32425    37.875964
62923    24.157766
Name: 1525, dtype: float64
2026-09-07 15:07:56,852 - INFO - QC: Compound 1521 failed the RSD < 30 check
32425    25.866493
62923    48.915056
Name: 1521, dtype: float64
2026-09-07 15:07:56,853 - INFO - QC: Compound 1508 failed the RSD < 30 check
32425    33.089383
62923    20.960357
Name: 1508, dtype: float64
2026-09-07 15:07:56,854 - INFO - QC: Compound 1504 failed the RSD < 30 check
32425    48.023102
62923    66.911546
Name: 1504, dtype: float64
2026-09-07 15:07:56,854 - INFO - QC: Compound 1500 failed the RSD < 30 check
32425    76.786512
62923    93.941398
Name: 1500, dtype: float64
2026-09-07 15:07:56,855 - INFO - QC: Compound 1499 failed the RSD < 30 check
32425    68.620309
62923    10.931911
Name: 1499, dtype: float64
2026-09-07 15:07:56,856 - INFO - QC: Compound 1495 failed the RSD < 30 check
32425    67.889974
62923     6.787519
Name: 1495, dtype: float64
2026-09-07 15:07:56,857 - INFO - QC: Compound 1490 failed the RSD < 30 check
32425    71.490930
62923    18.170435
Name: 1490, dtype: float64
2026-09-07 15:07:56,858 - INFO - QC: Compound 1470 failed the RSD < 30 check
32425    91.74791
62923    23.17051
Name: 1470, dtype: float64
2026-09-07 15:07:56,859 - INFO - QC: Compound 1471 failed the RSD < 30 check
32425    91.74791
62923    23.17051
Name: 1471, dtype: float64
2026-09-07 15:07:56,860 - INFO - QC: Compound 1439 failed the RSD < 30 check
32425    32.186632
62923     8.454287
Name: 1439, dtype: float64
2026-09-07 15:07:56,861 - INFO - QC: Compound 1417 failed the RSD < 30 check
32425    63.765884
62923    16.312395
Name: 1417, dtype: float64
2026-09-07 15:07:56,862 - INFO - QC: Compound 1416 failed the RSD < 30 check
32425     7.197772
62923    63.569022
Name: 1416, dtype: float64
2026-09-07 15:07:56,863 - INFO - QC: Compound 1412 failed the RSD < 30 check
32425    10.323785
62923    39.675699
Name: 1412, dtype: float64
2026-09-07 15:07:56,864 - INFO - QC: Compound 1411 failed the RSD < 30 check
32425    31.528283
62923    33.515277
Name: 1411, dtype: float64
2026-09-07 15:07:56,865 - INFO - QC: Compound 1405 failed the RSD < 30 check
32425    72.325099
62923     4.080713
Name: 1405, dtype: float64
2026-09-07 15:07:56,865 - INFO - QC: Compound 1402 failed the RSD < 30 check
32425    11.110511
62923    51.633572
Name: 1402, dtype: float64
2026-09-07 15:07:56,866 - INFO - QC: Compound 14 failed the RSD < 30 check
32425    47.032897
62923    11.894262
Name: 14, dtype: float64
2026-09-07 15:07:56,867 - INFO - QC: Compound 1393 failed the RSD < 30 check
32425    31.608042
62923    11.818169
Name: 1393, dtype: float64
2026-09-07 15:07:56,868 - INFO - QC: Compound 1389 failed the RSD < 30 check
32425     9.256412
62923    44.200079
Name: 1389, dtype: float64
2026-09-07 15:07:56,869 - INFO - QC: Compound 1381 failed the RSD < 30 check
32425    30.538300
62923    44.552785
Name: 1381, dtype: float64
2026-09-07 15:07:56,870 - INFO - QC: Compound 1374 failed the RSD < 30 check
32425    11.620974
62923    35.822066
Name: 1374, dtype: float64
2026-09-07 15:07:56,871 - INFO - QC: Compound 1358 failed the RSD < 30 check
32425    58.773758
62923    13.826237
Name: 1358, dtype: float64
2026-09-07 15:07:56,872 - INFO - QC: Compound 1341 failed the RSD < 30 check
32425     6.775861
62923    37.834484
Name: 1341, dtype: float64
2026-09-07 15:07:56,873 - INFO - QC: Compound 1340 failed the RSD < 30 check
32425    12.372898
62923    46.942979
Name: 1340, dtype: float64
2026-09-07 15:07:56,874 - INFO - QC: Compound 1339 failed the RSD < 30 check
32425     9.925853
62923    58.463351
Name: 1339, dtype: float64
2026-09-07 15:07:56,875 - INFO - QC: Compound 1333 failed the RSD < 30 check
32425    12.013979
62923    38.324096
Name: 1333, dtype: float64
2026-09-07 15:07:56,875 - INFO - QC: Compound 13 failed the RSD < 30 check
32425     9.071962
62923    33.824582
Name: 13, dtype: float64
2026-09-07 15:07:56,876 - INFO - QC: Compound 1207 failed the RSD < 30 check
32425    52.009634
62923    96.245542
Name: 1207, dtype: float64
2026-09-07 15:07:56,877 - INFO - QC: Compound 1204 failed the RSD < 30 check
32425    121.957950
62923     21.184291
Name: 1204, dtype: float64
2026-09-07 15:07:56,878 - INFO - QC: Compound 1194 failed the RSD < 30 check
32425     7.197772
62923    66.024521
Name: 1194, dtype: float64
2026-09-07 15:07:56,879 - INFO - QC: Compound 1186 failed the RSD < 30 check
32425    32.031727
62923    13.004501
Name: 1186, dtype: float64
2026-09-07 15:07:56,880 - INFO - QC: Compound 118 failed the RSD < 30 check
32425     7.107583
62923    30.613428
Name: 118, dtype: float64
2026-09-07 15:07:56,881 - INFO - QC: Compound 1175 failed the RSD < 30 check
32425    37.021425
62923    12.521705
Name: 1175, dtype: float64
2026-09-07 15:07:56,882 - INFO - QC: Compound 1172 failed the RSD < 30 check
32425    34.897801
62923    11.328151
Name: 1172, dtype: float64
2026-09-07 15:07:56,883 - INFO - QC: Compound 1169 failed the RSD < 30 check
32425    38.268253
62923    23.462399
Name: 1169, dtype: float64
2026-09-07 15:07:56,884 - INFO - QC: Compound 1164 failed the RSD < 30 check
32425    21.201408
62923    86.169957
Name: 1164, dtype: float64
2026-09-07 15:07:56,884 - INFO - QC: Compound 1163 failed the RSD < 30 check
32425    70.968820
62923    46.992904
Name: 1163, dtype: float64
2026-09-07 15:07:56,885 - INFO - QC: Compound 1140 failed the RSD < 30 check
32425    31.661812
62923    53.725544
Name: 1140, dtype: float64
2026-09-07 15:07:56,886 - INFO - QC: Compound 1139 failed the RSD < 30 check
32425     6.537569
62923    31.590858
Name: 1139, dtype: float64
2026-09-07 15:07:56,887 - INFO - QC: Compound 1136 failed the RSD < 30 check
32425    85.949592
62923    43.468499
Name: 1136, dtype: float64
2026-09-07 15:07:56,888 - INFO - QC: Compound 1135 failed the RSD < 30 check
32425      6.868562
62923    111.337089
Name: 1135, dtype: float64
2026-09-07 15:07:56,889 - INFO - QC: Compound 1134 failed the RSD < 30 check
32425    123.587891
62923     13.408501
Name: 1134, dtype: float64
2026-09-07 15:07:56,890 - INFO - QC: Compound 1131 failed the RSD < 30 check
32425    11.594778
62923    37.843878
Name: 1131, dtype: float64
2026-09-07 15:07:56,891 - INFO - QC: Compound 1130 failed the RSD < 30 check
32425    66.211270
62923    36.974471
Name: 1130, dtype: float64
2026-09-07 15:07:56,892 - INFO - QC: Compound 1122 failed the RSD < 30 check
32425    30.627227
62923    14.467341
Name: 1122, dtype: float64
2026-09-07 15:07:56,893 - INFO - QC: Compound 1117 failed the RSD < 30 check
32425    17.717892
62923    44.979425
Name: 1117, dtype: float64
2026-09-07 15:07:56,893 - INFO - QC: Compound 1110 failed the RSD < 30 check
32425    123.444471
62923     56.777629
Name: 1110, dtype: float64
2026-09-07 15:07:56,894 - INFO - QC: Compound 1109 failed the RSD < 30 check
32425    36.646113
62923    22.725282
Name: 1109, dtype: float64
2026-09-07 15:07:56,895 - INFO - QC: Compound 1107 failed the RSD < 30 check
32425    15.521102
62923    38.764111
Name: 1107, dtype: float64
2026-09-07 15:07:56,896 - INFO - QC: Compound 1088 failed the RSD < 30 check
32425    49.926327
62923    11.156297
Name: 1088, dtype: float64
2026-09-07 15:07:56,897 - INFO - QC: Compound 1084 failed the RSD < 30 check
32425    44.440522
62923    39.430043
Name: 1084, dtype: float64
2026-09-07 15:07:56,898 - INFO - QC: Compound 1082 failed the RSD < 30 check
32425    64.856217
62923    95.089386
Name: 1082, dtype: float64
2026-09-07 15:07:56,899 - INFO - QC: Compound 1072 failed the RSD < 30 check
32425    117.667677
62923     31.073930
Name: 1072, dtype: float64
2026-09-07 15:07:56,900 - INFO - QC: Compound 1070 failed the RSD < 30 check
32425    24.111069
62923    47.954390
Name: 1070, dtype: float64
2026-09-07 15:07:56,901 - INFO - QC: Compound 1071 failed the RSD < 30 check
32425    19.375042
62923    63.158241
Name: 1071, dtype: float64
2026-09-07 15:07:56,902 - INFO - QC: Compound 1069 failed the RSD < 30 check
32425    167.611988
62923     98.941788
Name: 1069, dtype: float64
2026-09-07 15:07:56,902 - INFO - QC: Compound 1068 failed the RSD < 30 check
32425     7.218471
62923    54.534602
Name: 1068, dtype: float64
2026-09-07 15:07:56,903 - INFO - QC: Compound 1067 failed the RSD < 30 check
32425    166.693347
62923    106.468349
Name: 1067, dtype: float64
2026-09-07 15:07:56,904 - INFO - QC: Compound 1066 failed the RSD < 30 check
32425    13.996278
62923    31.912974
Name: 1066, dtype: float64
2026-09-07 15:07:56,905 - INFO - QC: Compound 1065 failed the RSD < 30 check
32425    13.916206
62923    84.824181
Name: 1065, dtype: float64
2026-09-07 15:07:56,906 - INFO - QC: Compound 1063 failed the RSD < 30 check
32425    39.761452
62923    85.508949
Name: 1063, dtype: float64
2026-09-07 15:07:56,907 - INFO - QC: Compound 1062 failed the RSD < 30 check
32425    10.329379
62923    51.368497
Name: 1062, dtype: float64
2026-09-07 15:07:56,908 - INFO - QC: Compound 1058 failed the RSD < 30 check
32425    63.474503
62923    31.767695
Name: 1058, dtype: float64
2026-09-07 15:07:56,909 - INFO - QC: Compound 1057 failed the RSD < 30 check
32425    123.238511
62923     27.970031
Name: 1057, dtype: float64
2026-09-07 15:07:56,909 - INFO - QC: Compound 1056 failed the RSD < 30 check
32425    111.533245
62923     56.599058
Name: 1056, dtype: float64
2026-09-07 15:07:56,910 - INFO - QC: Compound 1054 failed the RSD < 30 check
32425    21.500775
62923    54.516314
Name: 1054, dtype: float64
2026-09-07 15:07:56,911 - INFO - QC: Compound 1053 failed the RSD < 30 check
32425    111.907867
62923    142.847676
Name: 1053, dtype: float64
2026-09-07 15:07:56,912 - INFO - QC: Compound 1052 failed the RSD < 30 check
32425    19.145654
62923    60.444389
Name: 1052, dtype: float64
2026-09-07 15:07:56,913 - INFO - QC: Compound 1051 failed the RSD < 30 check
32425    55.254752
62923    24.477229
Name: 1051, dtype: float64
2026-09-07 15:07:56,914 - INFO - QC: Compound 1049 failed the RSD < 30 check
32425    22.842526
62923    51.177295
Name: 1049, dtype: float64
2026-09-07 15:07:56,915 - INFO - QC: Compound 1048 failed the RSD < 30 check
32425    19.511399
62923    60.274248
Name: 1048, dtype: float64
2026-09-07 15:07:56,916 - INFO - QC: Compound 1046 failed the RSD < 30 check
32425    32.178942
62923    55.221764
Name: 1046, dtype: float64
2026-09-07 15:07:56,917 - INFO - QC: Compound 1045 failed the RSD < 30 check
32425    17.199738
62923    31.495436
Name: 1045, dtype: float64
2026-09-07 15:07:56,917 - INFO - QC: Compound 1044 failed the RSD < 30 check
32425    14.877967
62923    34.606242
Name: 1044, dtype: float64
2026-09-07 15:07:56,918 - INFO - QC: Compound 1039 failed the RSD < 30 check
32425    26.550148
62923    43.050458
Name: 1039, dtype: float64
2026-09-07 15:07:56,919 - INFO - QC: Compound 1038 failed the RSD < 30 check
32425    16.549705
62923    85.163287
Name: 1038, dtype: float64
2026-09-07 15:07:56,920 - INFO - QC: Compound 1036 failed the RSD < 30 check
32425    31.824645
62923    85.163314
Name: 1036, dtype: float64
2026-09-07 15:07:56,921 - INFO - QC: Compound 1037 failed the RSD < 30 check
32425    21.652937
62923    83.060925
Name: 1037, dtype: float64
2026-09-07 15:07:56,922 - INFO - QC: Compound 1035 failed the RSD < 30 check
32425     5.560744
62923    85.754293
Name: 1035, dtype: float64
2026-09-07 15:07:56,923 - INFO - QC: Compound 1034 failed the RSD < 30 check
32425    54.319390
62923    52.036765
Name: 1034, dtype: float64
2026-09-07 15:07:56,924 - INFO - QC: Compound 1033 failed the RSD < 30 check
32425    75.558367
62923    54.308619
Name: 1033, dtype: float64
2026-09-07 15:07:56,925 - INFO - QC: Compound 1032 failed the RSD < 30 check
32425    19.190265
62923    87.804763
Name: 1032, dtype: float64
2026-09-07 15:07:56,925 - INFO - QC: Compound 1031 failed the RSD < 30 check
32425    19.190265
62923    86.416799
Name: 1031, dtype: float64
2026-09-07 15:07:56,926 - INFO - QC: Compound 1030 failed the RSD < 30 check
32425     9.799122
62923    49.319894
Name: 1030, dtype: float64
2026-09-07 15:07:56,927 - INFO - QC: Compound 1029 failed the RSD < 30 check
32425     22.779339
62923    122.265822
Name: 1029, dtype: float64
2026-09-07 15:07:56,928 - INFO - QC: Compound 1028 failed the RSD < 30 check
32425    68.089914
62923    38.782744
Name: 1028, dtype: float64
2026-09-07 15:07:56,929 - INFO - QC: Compound 1027 failed the RSD < 30 check
32425    15.645724
62923    84.615144
Name: 1027, dtype: float64
2026-09-07 15:07:56,930 - INFO - QC: Compound 1026 failed the RSD < 30 check
32425     22.288448
62923    107.487113
Name: 1026, dtype: float64
2026-09-07 15:07:56,931 - INFO - QC: Compound 1025 failed the RSD < 30 check
32425    14.310106
62923    56.103260
Name: 1025, dtype: float64
2026-09-07 15:07:56,932 - INFO - QC: Compound 1024 failed the RSD < 30 check
32425     14.310106
62923    162.399623
Name: 1024, dtype: float64
2026-09-07 15:07:56,932 - INFO - QC: Compound 1021 failed the RSD < 30 check
32425    12.931126
62923    92.854140
Name: 1021, dtype: float64
2026-09-07 15:07:56,933 - INFO - QC: Compound 1022 failed the RSD < 30 check
32425    10.089452
62923    92.854140
Name: 1022, dtype: float64
2026-09-07 15:07:56,934 - INFO - QC: Compound 1020 failed the RSD < 30 check
32425    15.278593
62923    95.086431
Name: 1020, dtype: float64
2026-09-07 15:07:56,935 - INFO - QC: Compound 1019 failed the RSD < 30 check
32425    15.813999
62923    66.764701
Name: 1019, dtype: float64
2026-09-07 15:07:56,936 - INFO - QC: Compound 1018 failed the RSD < 30 check
32425    46.011068
62923    37.142710
Name: 1018, dtype: float64
2026-09-07 15:07:56,937 - INFO - QC: Compound 1017 failed the RSD < 30 check
32425     21.003672
62923    244.878435
Name: 1017, dtype: float64
2026-09-07 15:07:56,938 - INFO - QC: Compound 1015 failed the RSD < 30 check
32425    25.477249
62923    59.627326
Name: 1015, dtype: float64
2026-09-07 15:07:56,939 - INFO - QC: Compound 1014 failed the RSD < 30 check
32425     52.271897
62923    172.872613
Name: 1014, dtype: float64
2026-09-07 15:07:56,939 - INFO - QC: Compound 1013 failed the RSD < 30 check
32425     37.683366
62923    149.431487
Name: 1013, dtype: float64
2026-09-07 15:07:56,940 - INFO - QC: Compound 1011 failed the RSD < 30 check
32425     53.761385
62923    127.017442
Name: 1011, dtype: float64
2026-09-07 15:07:56,941 - INFO - QC: Compound 1009 failed the RSD < 30 check
32425     23.791253
62923    117.941826
Name: 1009, dtype: float64
2026-09-07 15:07:56,942 - INFO - QC: Compound 1006 failed the RSD < 30 check
32425     76.225561
62923    244.944550
Name: 1006, dtype: float64
2026-09-07 15:07:56,943 - INFO - QC: Compound 1007 failed the RSD < 30 check
32425    48.948444
62923    55.873860
Name: 1007, dtype: float64
2026-09-07 15:07:56,944 - INFO - QC: Compound 1008 failed the RSD < 30 check
32425    39.772913
62923    57.423188
Name: 1008, dtype: float64
2026-09-07 15:07:56,945 - INFO - QC: Compound 1005 failed the RSD < 30 check
32425     27.517521
62923    118.945209
Name: 1005, dtype: float64
2026-09-07 15:07:56,946 - INFO - QC: Compound 1002 failed the RSD < 30 check
32425     12.825413
62923    175.853596
Name: 1002, dtype: float64
2026-09-07 15:07:56,946 - INFO - QC: Compound 1003 failed the RSD < 30 check
32425     19.836601
62923    244.941698
Name: 1003, dtype: float64
2026-09-07 15:07:56,947 - INFO - QC: Compound 1004 failed the RSD < 30 check
32425     28.043696
62923    244.945435
Name: 1004, dtype: float64
2026-09-07 15:07:56,948 - INFO - QC: Compound 10 failed the RSD < 30 check
32425    21.396952
62923    70.849112
Name: 10, dtype: float64
2026-09-07 15:07:56,950 - INFO - QC: Compound 1 failed the <20% missing check.
2026-09-07 15:07:56,951 - INFO - Generating unnormalized PCA plot...
2026-09-07 15:07:57,021 - INFO - Applying ComBat normalization for NEG charges...
2026-09-07 15:07:57,151 - INFO - Number of features: 1399
2026-09-07 15:07:57,152 - INFO - Number of features with 0 variance across samples in batch 1: 0
2026-09-07 15:07:57,178 - INFO - Number of features: 1399
2026-09-07 15:07:57,178 - INFO - Number of features with 0 variance across samples in batch 2: 0
2026-09-07 15:07:57,254 - INFO - Found 2 batches
2026-09-07 15:07:57,254 - INFO - Using batch 1 as reference batch
2026-09-07 15:07:57,254 - INFO - Adjusting for 0 covariate(s) or covariate level(s)
2026-09-07 15:07:57,254 - INFO - Standardizing Data across genes.
2026-09-07 15:07:57,255 - INFO - Fitting L/S model and finding priors.
2026-09-07 15:07:57,256 - INFO - Finding parametric adjustments.
2026-09-07 15:07:57,259 - INFO - Adjusting the Data
2026-09-07 15:07:57,262 - INFO - Generating batch unnormalized PCA plot
2026-09-07 15:07:57,348 - INFO - Getting replicates for merging...
2026-09-07 15:07:57,348 - INFO - Placenta mode...
2026-09-07 15:07:57,568 - INFO - Applying log2 transformation...
2026-09-07 15:07:57,568 - INFO - Removing multiplet parent metabolites by quality score...
