analyte_id,U_statistic,p_value,q_value,significant,median_group1,median_group2,fold_change,n_group1,n_group2,excluded
A1BG,2558.5,0.79452862823323,,False,0.0706106737917043,0.0745585809407116,0.08047862326104324,59,89,False
AAMDC,1891.0,0.004045810381259547,,False,-0.1826540629673571,-0.0341281138125221,0.0,59,89,False
AARSD1,1826.0,0.0017532621541256263,,False,-0.3639217266517345,0.0814934327841747,35.75813689526112,59,89,False
ABCA2,2627.0,0.9968752488900459,,False,-0.1184591405043149,-0.0542240024933858,0.0,59,89,False
ABHD14B,1614.0,7.514329872076829e-05,,False,-0.413222426394594,-0.0160680139979528,0.0,59,89,False
ABL1,1669.0,0.0001811227805566328,,False,-0.294335315394062,0.1620403594807433,36.79057429571089,59,89,False
ABO,2464.0,0.5283511087864647,,False,0.0286311173055722,0.0957592671263358,1.7756333650505065,59,89,False
ABRAXAS2,2139.0,0.05699826675645635,,False,-0.2736855411437984,-0.0633088845118737,0.0,59,89,False
ACAA1,1800.0,0.0012337761659929095,,False,-0.4816255988890691,0.2687865315847521,37.57538273449784,59,89,False
ACADM,2195.0,0.0921626679824325,,False,-0.1770031238059849,0.0145101630969516,33.23483947390364,59,89,False
ACADSB,1605.0,6.479411859749314e-05,,False,-0.4861304353916236,0.2840663265415529,37.66303342980371,59,89,False
ACAN,2565.0,0.8142254185451758,,False,-0.0860922010651229,-0.0836716344249901,0.0,59,89,False
ACE,2901.0,0.281487499984711,,False,0.0771597106321284,-0.0608225694735024,-35.67711410739809,59,89,False
ACE2,2265.5,0.15915687416447633,,False,0.0629115364186006,0.1735502752385573,1.5200320019573743,59,89,False
ACHE,2913.0,0.2610217380248506,,False,-0.1152112904312443,-0.2110308347062084,0.0,59,89,False
ACOT13,1531.0,1.8320218119904273e-05,,False,-0.4777025633181797,0.3564546644902966,38.02805637255153,59,89,False
ACOX1,1942.0,0.007476578171355759,,False,-0.2067437737321472,0.1002342639303321,36.06622571873348,59,89,False
ACP1,2899.5,0.2841198189818459,,False,0.0389450024736489,-0.1937842915987055,-34.67146909099244,59,89,False
ACP5,2332.5,0.2512158226931791,,False,-0.3712253145386961,-0.279094094720647,0.0,59,89,False
ACP6,2178.0,0.08001686510031776,,False,-0.0300149302389907,0.0731877951921262,35.59886625516895,59,89,False
ACRBP,2367.0,0.3123005145445489,,False,-0.0423874631809227,-0.0022816652602658,0.0,59,89,False
ACRV1,2786.0,0.5309157244354175,,False,-0.0581563525003284,-0.0289749901737754,0.0,59,89,False
ACTA2,2151.0,0.06340651119632136,,False,-0.068320104017669,0.0552374249363002,35.183867474119936,59,89,False
ACTN2,2727.5,0.6909948787902394,,False,-0.0402276281938596,-0.0694647211025645,0.0,59,89,False
ACTN4,2556.5,0.7884935192884417,,False,-0.0625964109941967,-0.0651207250170309,0.0,59,89,False
ACVRL1,2195.0,0.09217953446115323,,False,0.0718592597743205,0.1655888655522829,1.251867183030387,59,89,False
ACY1,2238.0,0.12961765743805248,,False,-0.0569561787038947,0.1616817091674391,36.787194905271534,59,89,False
ACY3,2356.0,0.2921178706311319,,False,-0.0865649431356301,0.0002704014825339,27.481896650532935,59,89,False
ACYP1,1598.0,5.769503616050061e-05,,False,-0.5337523055267059,-0.0021876860746438,0.0,59,89,False
ADA,2083.0,0.033784267203180195,,False,-0.1637663542258932,-0.1084925546912513,0.0,59,89,False
ADA2,2334.5,0.25525095992866664,,False,-0.0838361200239514,0.0069069981242679,32.16010018978172,59,89,False
ADAM12,2415.0,0.41083519276229086,,False,0.1013259421229999,0.116181495712475,0.20489780714157527,59,89,False
ADAM15,2717.0,0.7215529633266075,,False,0.1231893057085948,0.110770199874734,-0.15960066792361255,59,89,False
ADAM22,2346.0,0.27454748431695364,,False,-0.1400916687359023,-0.0375319642817689,0.0,59,89,False
ADAM23,2521.0,0.6837908247997017,,False,-0.0960778572329284,-0.0960971378871394,0.0,59,89,False
ADAM8,1993.0,0.013222485387754074,,False,-0.2638277134245765,-0.1020313385481336,0.0,59,89,False
ADAM9,2598.0,0.915788461667442,,False,-0.0158385632244155,0.0022998987275547,30.571306918920143,59,89,False
ADAMTS1,2196.0,0.09293888436300317,,False,-0.12391866104887,0.0772535385855827,35.678914723795145,59,89,False
ADAMTS13,2586.5,0.8799556286364474,,False,-0.1725549574353935,-0.1127589421608841,0.0,59,89,False
ADAMTS15,2458.0,0.5130970561775482,,False,-0.2865901475366705,-0.1818802301328718,0.0,59,89,False
ADAMTS4,2387.0,0.35129446291096256,,False,-0.1270452346073095,-0.0641335610739654,0.0,59,89,False
ADAMTS8,2626.0,1.0,,False,-0.0873210193581573,-0.0810785667286134,0.0,59,89,False
ADAMTSL2,2756.0,0.610668381636388,,False,0.0027084087901202,-0.0690482622596098,-30.807386403920237,59,89,False
ADAMTSL4,2796.0,0.5055569672478197,,False,0.1748368971726472,0.0606036142082697,-1.5864272380203275,59,89,False
ADAMTSL5,2888.0,0.3048572726640506,,False,0.2144747821529748,0.0899776790845951,-1.3165119762084962,59,89,False
ADCYAP1R1,2545.0,0.7540492023477436,,False,-0.0245961872040666,0.0169252577338495,33.458163281189776,59,89,False
ADD1,1663.0,0.0001649003319060792,,False,-0.4443724493627518,-0.0203130464867831,0.0,59,89,False
ADGRB3,3116.0,0.05498545960137207,,False,0.0206380697003185,-0.1184074621344186,-33.746153952430824,59,89,False
ADGRD1,2826.0,0.43347388928048447,,False,0.0770659204801599,-0.0656623722216691,-35.67531208490216,59,89,False
ADGRE1,2369.0,0.31606643768681686,,False,-0.0725478439772956,0.1261835935926048,36.41151863545195,59,89,False
ADGRE2,2555.5,0.785480980288964,,False,0.0539586139180408,0.079776728616069,0.5771234496729454,59,89,False
ADGRE5,2626.0,1.0,,False,0.0386706384797417,0.0801872399601089,1.0730349094809268,59,89,False
ADGRF5,2492.0,0.6024583579760054,,False,-0.0247202315987859,0.0637269304890904,35.39439850173761,59,89,False
ADGRG1,2791.0,0.5181561309112641,,False,0.054057345541396,0.0029865990607606,-4.203534702193677,59,89,False
ADGRG2,2571.5,0.8340402227715153,,False,-0.0653516483094889,-0.0245749097932679,0.0,59,89,False
ADGRV1,2423.0,0.42888939691093864,,False,-0.4501568896089436,-0.0396438588597335,0.0,59,89,False
ADH1B,2266.0,0.1597379610019033,,False,-0.0765350076032612,0.2503120676306121,37.463135676449156,59,89,False
ADH4,2234.0,0.1257014024160824,,False,-0.1063822401130635,0.2511622604859267,37.46846493651267,59,89,False
ADM,3128.0,0.04930013479618289,,False,0.1746431514705779,0.1140631139219401,-0.6453728025614691,59,89,False
ADRA2A,2417.0,0.4153062413432891,,False,-0.1594934291411816,0.1059187398375639,36.1486839002126,59,89,False
AFAP1,1956.0,0.008792773530018026,,False,-0.2090861308864322,0.2899445875435421,37.69561933042941,59,89,False
AFM,2689.0,0.8051190016439231,,False,0.0695741320645529,0.0116170628073676,-2.6114200892018875,59,89,False
AFP,2676.0,0.8447546412040462,,False,0.1538750852051522,0.1672317323794355,0.12689113714477662,59,89,False
AGER,2983.5,0.1614892901159356,,False,0.0011744679733077,-0.0800034560794311,-29.601181127747623,59,89,False
AGR2,2350.0,0.281487499984711,,False,-0.3427281699644438,-0.0122679758112058,0.0,59,89,False
AGR3,2573.5,0.8401590275692692,,False,0.042365401535192,0.129581211434012,1.6569390901026184,59,89,False
AGRN,2810.5,0.46995092930356797,,False,-0.0246825058164975,-0.1243057049180227,0.0,59,89,False
AGRP,2706.0,0.7540494226139913,,False,-0.0834956580839283,-0.0172366131529612,0.0,59,89,False
AGT,2552.0,0.7749621839402808,,False,0.0132261546993628,-0.0117354575715425,-33.10052638671463,59,89,False
AGXT,2117.0,0.04664773383065183,,False,-0.0268070350517132,0.4732019025976444,38.49796077279297,59,89,False
AHCY,1779.0,0.0009223602467918452,,False,-0.2654541674698064,0.1016121775044965,36.08662025525563,59,89,False
AHNAK,2334.0,0.2544343616914828,,False,-0.112753032070729,-0.0334882233596205,0.0,59,89,False
AHNAK2,2752.0,0.6216915532182751,,False,0.0140500629919046,-0.0187988970897207,-33.188121907303525,59,89,False
AHSA1,2170.0,0.07476249670196611,,False,-0.2894150860269359,-0.0566953457734262,0.0,59,89,False
AHSG,2386.0,0.34927481682161554,,False,0.0276348766321959,0.0756597741881034,1.4771920146162465,59,89,False
AHSP,2156.0,0.06624726383178246,,False,-0.6013614651812851,-0.0606238814529377,0.0,59,89,False
AIDA,2764.0,0.5888866954217784,,False,-0.1428575534340383,-0.3704446045727718,0.0,59,89,False
AIF1,2402.0,0.3824791048306494,,False,-0.2717318007729144,-0.1632826927565672,0.0,59,89,False
AIF1L,2676.0,0.8447547830499728,,False,-0.1510254395180497,-0.1458625570325244,0.0,59,89,False
AIFM1,1695.0,0.00027035634583727334,,False,-0.3102408907715704,0.3940099127701788,38.19216038718672,59,89,False
AK1,1737.0,0.0005057759393633485,,False,-0.6014419275977642,0.0742068862490433,35.619330126422895,59,89,False
AK2,1913.0,0.00529676285158638,,False,-0.4496330780192684,-0.0782819539269264,0.0,59,89,False
AKAP12,2987.0,0.15742397220386706,,False,-0.0261595204392181,-0.0844164905821713,0.0,59,89,False
AKR1B1,1683.0,0.00022499349051822995,,False,-0.4955465210812386,0.1336621431515205,36.498380595135636,59,89,False
AKR1B10,2400.0,0.3782265884058187,,False,-0.3893377721611748,-0.0522853963560879,0.0,59,89,False
AKR1C4,2266.0,0.1597379610019033,,False,-0.0270772584344215,0.2676395039776293,37.56862168701797,59,89,False
AKR7L,2348.0,0.2780029731029249,,False,0.0175007084401549,0.11566438949155,2.7739188826247165,59,89,False
AKT1S1,1710.0,0.00033912615625977333,,False,-0.5097432264755815,-0.0251958975120999,0.0,59,89,False
AKT2,1268.0,1.0699431503865467e-07,,False,-0.889243276946757,0.3920230990583989,38.18382867020542,59,89,False
AKT3,1694.0,0.00026626440760636316,,False,-0.2312728719282614,0.1726607531172622,36.88757412773023,59,89,False
ALCAM,2337.0,0.2593635001568265,,False,-0.0123073338131649,0.0928098421918888,35.95144606763599,59,89,False
ALDH1A1,2104.0,0.041311021787828896,,False,-0.3063994601910278,-0.064948030050926,0.0,59,89,False
ALDH2,2589.0,0.8878802350877779,,False,0.0352072887651101,0.0813480144664746,1.2314586795804003,59,89,False
ALDH3A1,2884.0,0.3123005145445489,,False,0.1137637468704124,-0.0007014847353493,-36.255739196784425,59,89,False
ALDH5A1,2491.0,0.599732773597202,,False,-0.1049947422020722,-0.0758158408410821,0.0,59,89,False
ALMS1,1964.0,0.009630776640608053,,False,-0.4645824889256826,0.1342881062381399,36.50543904071463,59,89,False
ALPI,2673.0,0.8539614251046532,,False,0.0247756757342081,-0.0748937925774638,-34.01184454813078,59,89,False
ALPP,2584.0,0.8724332703290849,,False,0.4980889260170665,0.4881824809052625,-0.03421766905143105,59,89,False
AMBN,2582.0,0.8662677393538983,,False,0.0678715602598103,0.1308029813887087,0.9783431168775312,59,89,False
AMBP,2788.0,0.525792818194917,,False,0.0064091083142447,-0.025816185370471,-32.05191587321888,59,89,False
AMDHD2,2598.0,0.915788461667442,,False,-0.0732653613010994,-0.0164324305309852,0.0,59,89,False
AMFR,2377.5,0.3324023511825779,,False,-0.0077954761843324,-0.0038103349024367,0.0,59,89,False
AMIGO1,2133.0,0.05400182446164344,,False,-0.2824303164203492,0.0803244932708196,35.736703133962976,59,89,False
AMIGO2,2292.0,0.19218902666806637,,False,-0.0744528014826487,-0.018187388162914,0.0,59,89,False
AMN,2618.0,0.9781294257672235,,False,-0.0767736682018879,-0.0425504952042721,0.0,59,89,False
AMOT,2322.0,0.23536951681318607,,False,-0.0067771320894186,0.1645571208108608,36.81409167691112,59,89,False
AMOTL2,2206.5,0.1012184547622605,,False,-0.0673224886629092,0.0005740109451062,28.56802364727645,59,89,False
AMPD3,2151.0,0.06340675591720848,,False,-0.3100101248501902,0.0413167625567694,34.757949473002455,59,89,False
AMY1A_AMY1B_AMY1C,2616.0,0.9718829900233396,,False,0.0389528507336855,0.0106164063871098,-1.8896422014431518,59,89,False
AMY2A,2897.0,0.28854514108546836,,False,0.0453589400008743,-0.058415115277572,-34.894640392588485,59,89,False
AMY2B,2958.0,0.19352791530403157,,False,0.0511251830383552,-0.0645404376246792,-35.07018675890957,59,89,False
ANG,2384.5,0.34625809273822594,,False,0.0183716798694309,-0.0031661124766346,-33.577193713381895,59,89,False
ANGPT1,2210.5,0.10452319088843627,,False,-0.4584130865663859,-0.3414928515436267,0.0,59,89,False
ANGPT2,2913.5,0.2601914846839434,,False,-0.0240090665350908,-0.0856776173423054,0.0,59,89,False
ANGPTL1,2306.0,0.21155492330687253,,False,0.0070746564041185,0.0287357534751132,2.0329678424877566,59,89,False
ANGPTL2,2471.5,0.5477378617781307,,False,0.0310822917532793,0.0569825881571983,0.8874442926481246,59,89,False
ANGPTL3,1771.5,0.0008300573061481999,,False,-0.1680804323174123,0.104352035813935,36.126391918146396,59,89,False
ANGPTL4,2260.5,0.15343743719603703,,False,-0.0089152909103221,0.089354809433776,35.89496795136298,59,89,False
ANK2,2784.0,0.5360638354790697,,False,-0.0677685020030809,-0.0003583170853576,0.0,59,89,False
ANKMY2,1586.0,4.7207113873210487e-05,,False,-0.4033494116247673,0.5773056579769692,38.840043609419865,59,89,False
ANKRA2,3102.5,0.06093994830844483,,False,0.1808864238491123,-0.4687819506999235,-36.95891487947156,59,89,False
ANKRD54,1936.0,0.006968696607583125,,False,-0.3638430579305908,-0.03294795574425,0.0,59,89,False
ANP32C,2641.0,0.9531555578580498,,False,-0.0221356207176446,0.0324469068186698,34.404849387191256,59,89,False
ANPEP,2300.0,0.20308810601441696,,False,-0.1006784935107676,-0.0458312167630575,0.0,59,89,False
ANXA1,2013.0,0.01653991839525885,,False,-0.0576845321662502,0.0318235163499365,34.37654883849443,59,89,False
ANXA10,2615.0,0.9687603948226862,,False,0.0035897713731789,-0.0310000675051337,-31.214273702928363,59,89,False
ANXA11,2375.0,0.32754233612715955,,False,0.0288672710792445,0.0311394603345914,0.11044924313466813,59,89,False
ANXA2,1910.0,0.005107761542645383,,False,-0.2279632641079705,-0.0234473480960223,0.0,59,89,False
ANXA3,1334.0,4.2825479977388787e-07,,False,-0.4714023265304811,0.1775470743085516,36.93032809923327,59,89,False
ANXA4,1623.0,8.704106365585202e-05,,False,-0.2566263076600082,0.0609330369281006,35.32831297035086,59,89,False
ANXA5,2557.0,0.7900014554806702,,False,-0.0645966912906569,-0.0295663455736528,0.0,59,89,False
AOC1,2111.0,0.044116273814599496,,False,-0.0851922479345582,0.1555365190977402,36.72816290055393,59,89,False
AOC3,2542.0,0.7451402813290997,,False,-0.0651535650182764,-0.0241655163033108,0.0,59,89,False
AP1G2,1517.0,1.4295961604051343e-05,,False,-0.5273407954200047,0.4041356721513618,38.23406415627353,59,89,False
AP2B1,2787.0,0.5283511087864647,,False,-0.0104404838359889,-0.0980659646425879,0.0,59,89,False
AP3B1,1775.0,0.0008720252691408154,,False,-0.3521654774074623,0.136611205532707,36.531363056485105,59,89,False
AP3S2,1634.0,0.00010400302755491037,,False,-0.2400554881700635,0.0964348156960345,36.0085546530993,59,89,False
APBB1IP,2272.0,0.16683186121816462,,False,-0.1607946759162264,-0.0256326975931299,0.0,59,89,False
APCS,1977.5,0.01121876884172102,,False,-0.0650660932615551,0.1387253458636031,36.55459251013662,59,89,False
APEX1,1695.0,0.00027035634583727334,,False,-0.3521899636339502,0.1680620353855707,36.84628320118392,59,89,False
APLP1,2654.0,0.9126817740333135,,False,0.0309894296319796,-0.0479964848794226,-34.33781322849597,59,89,False
APOA1,2699.0,0.7749617786386418,,False,0.0321316501143732,0.0232368963311482,-0.47203928647110777,59,89,False
APOA2,2865.0,0.34927481682161554,,False,0.226457769324802,0.1140535269209017,-1.0468382355875068,59,89,False
APOA4,3028.5,0.11495342872712701,,False,0.0592445177175755,0.0015698883082721,-5.266886445064788,59,89,False
APOB,2525.0,0.6953312670221494,,False,-0.0355918421566219,0.0560646041498468,35.205727883744906,59,89,False
APOBR,2638.5,0.9609560704202879,,False,0.0244041711054788,0.0042818347717982,-2.52090455925083,59,89,False
APOC1,2453.5,0.5018085217731707,,False,0.0110057006238736,0.0214753029108483,0.9696721131190498,59,89,False
APOD,2602.5,0.9297837337833914,,False,-0.0548360222192132,-0.0679944152263418,0.0,59,89,False
APOE,2485.5,0.5848425415812961,,False,0.0085337689428725,0.01916410699661,1.172475491825847,59,89,False
APOF,2767.0,0.5808120398989743,,False,0.119777872108748,0.0488524277263683,-1.3296673663295597,59,89,False
APOH,2742.0,0.6496191401399026,,False,0.0311183112118552,-0.0244461744151636,-34.343865465959915,59,89,False
APOL1,2374.0,0.3256111334091879,,False,0.1394634844596584,0.2249157895556361,0.7331226860267597,59,89,False
APOM,2455.5,0.50680919134762,,False,0.060136748803745,0.0302677550179583,-1.005477682635005,59,89,False
APP,2357.0,0.29391600610290103,,False,-0.0727301589325419,-0.0880547494601283,0.0,59,89,False
APPL2,1669.0,0.0001811227805566328,,False,-0.3836199529112308,0.3416994628985595,37.95939092572531,59,89,False
APRT,1916.0,0.005492058458165786,,False,-0.4385977744995194,0.0263443425804573,34.10119996927249,59,89,False
ARAF,2302.5,0.20656225878730738,,False,-0.2802868185345529,-0.0800146649580531,0.0,59,89,False
AREG,2526.0,0.698227567976436,,False,-0.086005203534612,-0.0369002481229099,0.0,59,89,False
ARF6,1378.0,1.0414935718223413e-06,,False,-0.6551675544059167,0.1580202370253097,36.752283221007346,59,89,False
ARFIP1,1709.0,0.00033407480427887485,,False,-0.4042145195191738,0.0493135673107293,35.01722621306046,59,89,False
ARG1,2164.0,0.0710095325030765,,False,-0.4879634221782111,-0.1340427447900372,0.0,59,89,False
ARG2,2667.0,0.8724332703290849,,False,0.0237673549502785,-0.0370101545724666,-33.951395923796724,59,89,False
ARHGAP1,1849.0,0.0023731907100281702,,False,-0.2946760552075169,-0.0203804973587414,0.0,59,89,False
ARHGAP25,1829.0,0.0018246530405172307,,False,-0.2219304835591314,0.101714539981465,36.088124653831905,59,89,False
ARHGAP30,2453.0,0.5005406421430799,,False,-0.1232458397990467,-0.034207962142752,0.0,59,89,False
ARHGAP45,1322.0,3.3440805001145983e-07,,False,-0.4279991001213105,0.3266598837822977,37.88664239906854,59,89,False
ARHGAP5,2773.5,0.5618653553601625,,False,-0.3230302263983901,-0.1556965034636666,0.0,59,89,False
ARHGEF1,1458.0,4.869622727334894e-06,,False,-0.512466175698437,0.1299213975793577,36.45552989470382,59,89,False
ARHGEF10,1988.5,0.012676509946994647,,False,-0.3151795658106928,0.0671928983196557,35.472550179011925,59,89,False
ARHGEF12,1745.0,0.0005682177354229941,,False,-0.5628636168773629,0.0095298464151381,32.625806990742035,59,89,False
ARHGEF5,2208.0,0.10244815967912531,,False,-0.2281937422945901,-0.0457179013030779,0.0,59,89,False
ARID3A,2232.0,0.12377798900434488,,False,-0.0324069725951029,0.0364013028041199,34.57274358167502,59,89,False
ARID4B,2162.0,0.06979340990265015,,False,-0.0973157047139519,0.012550840345712,33.024578509097346,59,89,False
ARL2BP,1696.0,0.00027449997952139107,,False,-0.2974117683603564,0.0592787936475074,35.28777154730479,59,89,False
ARMCX2,2913.0,0.2610217380248506,,False,0.1611783599240029,0.025758502689251,-2.713978394796913,59,89,False
ARNT,2824.0,0.438086593713499,,False,0.0012174501453534,0.0588120455314519,5.623074218504213,59,89,False
ARSB,2131.0,0.05303270145847193,,False,-0.1207912727741174,-0.0022511081921139,0.0,59,89,False
ART3,2813.5,0.462761152509937,,False,0.0149529723481446,0.0056614194434958,-1.4058478806376367,59,89,False
ART5,2739.0,0.658096728599423,,False,-0.0140295962337508,-0.0781618354702351,0.0,59,89,False
ARTN,2721.0,0.7098564031328343,,False,0.1471866163631692,0.1432475870434773,-0.041138205958530995,59,89,False
ASAH1,2704.0,0.7600068668510822,,False,0.1932837448653773,0.1027407597689282,-0.9577571080487074,59,89,False
ASAH2,2477.5,0.5634967382583953,,False,0.0353490895121918,0.0298623898311147,-0.24609711298957695,59,89,False
ASGR1,2222.0,0.11450307220726978,,False,-0.0121777607385625,0.1084390634755271,36.18388635931665,59,89,False
ASGR2,2709.5,0.7436589985503448,,False,0.1089175338141741,0.0538375892822795,-1.0443493683994747,59,89,False
ASPN,2720.0,0.7127740749645906,,False,-0.0155401901852859,-0.036039832902057,0.0,59,89,False
ASPSCR1,2047.0,0.02359724139202558,,False,-0.142046855711434,0.0513581593509521,35.07686333138879,59,89,False
ASRGL1,1817.0,0.0015541681164859325,,False,-0.3021573434524583,0.1720322608223083,36.881992575588335,59,89,False
ASS1,2469.0,0.5412369579560228,,False,-0.223584216523667,-0.1128977459801548,0.0,59,89,False
ATF2,2342.0,0.2677261255405966,,False,-0.1109625946145496,-0.0623017107859307,0.0,59,89,False
ATF4,2969.5,0.17673323848998257,,False,-0.0246583009945696,-0.2682164234232626,0.0,59,89,False
ATG16L1,1628.0,9.439859551568959e-05,,False,-0.3531997012333105,0.1738299408961804,36.89790682940442,59,89,False
ATG4A,1535.0,1.9654144664307123e-05,,False,-0.6513061869025346,0.0165546288669083,33.4260344731582,59,89,False
ATOX1,1759.0,0.0006950611142789556,,False,-0.323335804193834,0.0659769958527689,35.445591878994094,59,89,False
ATP1B1,2556.0,0.7869871391751986,,False,0.0083338362508881,-0.0323329510080546,-32.431736158268436,59,89,False
ATP1B2,2987.5,0.15685003782939289,,False,-0.0495794462171015,-0.1240683757952596,0.0,59,89,False
ATP1B3,2507.0,0.6439924283251525,,False,-0.0663354220016226,-0.0352461272407078,0.0,59,89,False
ATP1B4,2693.5,0.790657308070238,,False,-0.2400687715261119,-0.1903388411373764,0.0,59,89,False
ATP2B4,2736.5,0.665194893088136,,False,0.1669899519892876,-0.0290914710227737,-36.836504222297734,59,89,False
ATP5F1D,2495.0,0.6106680513952207,,False,-0.1325656429949338,-0.0601667720897772,0.0,59,89,False
ATP5IF1,1614.5,7.576060071988642e-05,,False,-0.6192308410779669,0.1355924383811271,36.520046565048396,59,89,False
ATP5PO,2176.0,0.07867593079594583,,False,-0.1523964335920455,0.1351121483669458,36.514683337832786,59,89,False
ATP6AP2,2095.5,0.03810837031144016,,False,-0.1554930723362985,0.0603560942251742,35.314297280309376,59,89,False
ATP6V1D,2784.5,0.5347736992013268,,False,0.0265111644330411,-0.0209088454217025,-34.11039049513144,59,89,False
ATP6V1F,2333.0,0.2528057484699979,,False,-0.0426860232942057,0.142030597020718,36.59024228902188,59,89,False
ATP6V1G1,2120.0,0.04795852720825477,,False,-0.2303433846781311,0.0334502916508332,34.449290827026445,59,89,False
ATRAID,2598.0,0.915788461667442,,False,-0.0049178772742033,0.0057349422259848,31.891233854594354,59,89,False
ATRN,2693.5,0.7915094188548438,,False,0.0597986323166777,0.0065493215632895,-3.2174218062929563,59,89,False
ATXN10,1604.0,6.373248547630918e-05,,False,-0.3729910359422346,0.077594989628261,35.68544945876705,59,89,False
ATXN2,2412.0,0.4041835529670813,,False,-0.1754303887979277,-0.1187321563676867,0.0,59,89,False
ATXN2L,2230.5,0.12235021704378912,,False,-0.0508608266804767,0.0764033032705584,35.662519830250616,59,89,False
ATXN3,1816.0,0.0015333664810572994,,False,-0.464628279841082,-0.1120997989600045,0.0,59,89,False
AXIN1,1780.0,0.0009353707318673288,,False,-0.45836698563269,0.0459286390516352,34.91293385249048,59,89,False
AXL,2450.0,0.49312018519595746,,False,-0.0179532936072963,0.0436503821502632,34.83838907983238,59,89,False
AZI2,1677.0,0.0002050948318212105,,False,-0.166700764932731,0.1976216331473353,37.09512212756835,59,89,False
AZU1,2333.0,0.2528057484699979,,False,-0.2694676554661879,-0.0453908281851677,0.0,59,89,False
B2M,2422.5,0.42774683940003977,,False,-0.0624524921691842,0.0248348302616641,34.015314690434074,59,89,False
B3GNT7,2702.0,0.7659783718503494,,False,0.0041741037808643,-0.0708086381221046,-31.432140506844448,59,89,False
B4GALT1,2883.5,0.31323831639905975,,False,0.1471726656111215,0.1133169808637307,-0.39432818672444936,59,89,False
B4GAT1,2891.0,0.2993530629175233,,False,0.0668089318888553,0.0126490118340557,-2.4282205565828723,59,89,False
BABAM1,2906.0,0.2728314498421349,,False,-0.0033629003602156,-0.1664796131728828,0.0,59,89,False
BACH1,1481.0,7.45547394719578e-06,,False,-0.3526060818847838,0.035717518392152,34.54504202710561,59,89,False
BAG3,2761.0,0.5970124456514474,,False,0.0267641560530418,-0.001369304824577,-34.12421950328433,59,89,False
BAG4,1947.0,0.00792485655212175,,False,-0.2586360805308196,0.0373487336439997,34.61028855706913,59,89,False
BAG6,1615.0,7.63850364022437e-05,,False,-0.2830873556250254,0.0411412827668139,34.75172087848532,59,89,False
BAIAP2,1939.0,0.00721860284368275,,False,-0.1475366406266476,0.0968625704437399,36.01515611235539,59,89,False
BAMBI,2702.0,0.7659783718503494,,False,0.0649976971154065,0.0484383414127313,-0.43257306528720246,59,89,False
BANK1,1497.0,9.980670311321663e-06,,False,-0.6331350868927555,0.3250503098448966,37.878681079407066,59,89,False
BAP18,1834.5,0.0019625505656384774,,False,-0.2421268575557518,0.0602323411751303,35.31127386009004,59,89,False
BATF,2425.0,0.43347388928048447,,False,-0.1014835690730859,-0.0348436252948282,0.0,59,89,False
BAX,1673.0,0.0001927562523751204,,False,-0.4498325475718843,0.0589503945795905,35.2795916078588,59,89,False
BCAM,2538.0,0.7333152626044199,,False,0.0102583433058191,0.0327176318828706,1.6845280911609146,59,89,False
BCAN,2524.5,0.6938845097703668,,False,-0.1067019330162245,-0.0548944346103157,0.0,59,89,False
BCAT1,2108.0,0.04289514185226017,,False,-0.2081693703282408,-0.1083441290147148,0.0,59,89,False
BCAT2,2890.0,0.3011808322630821,,False,-0.0318803908191118,-0.2908532067692024,0.0,59,89,False
BCHE,2642.0,0.9500365525346026,,False,-0.148688309112034,-0.1510491036916492,0.0,59,89,False
BCL2,2376.0,0.3294809579782366,,False,-0.0854850156639387,-0.061693010343822,0.0,59,89,False
BCL2L1,1727.0,0.00043671420106562183,,False,-0.5243892659062738,0.3598223390301888,38.04337596213222,59,89,False
BCL2L15,2299.0,0.20170276039792778,,False,-0.1156610402904502,-0.048578126518692,0.0,59,89,False
BCL7A,3243.5,0.015163874489742296,,False,-0.0452874630120218,-0.4106141583637868,0.0,59,89,False
BCL7B,2717.0,0.7215532102912121,,False,0.0441348472792496,-0.0113958335901325,-34.854556461791105,59,89,False
BCR,1412.0,2.0293670927230816e-06,,False,-0.4493622370225123,0.2495818870914057,37.45854544121858,59,89,False
BDNF,2132.0,0.05351543099930535,,False,-0.5997142023682187,-0.3311930059847334,0.0,59,89,False
BECN1,1943.0,0.00756437084138916,,False,-0.3750686013017841,0.0374939840977161,34.61596130285668,59,89,False
BEX3,3141.5,0.04263111206511044,,False,-0.0311417266352787,-0.4856793486954582,0.0,59,89,False
BGLAP,2208.0,0.10244815967912531,,False,-0.4054059245985557,-0.0279320487717928,0.0,59,89,False
BGN,2338.0,0.26102129673276875,,False,-0.0232652217220334,0.0926934077853136,35.94957616014975,59,89,False
BHLHE40,2075.0,0.031242711786057066,,False,-0.2914003491433738,0.3176779107429405,37.84175988968056,59,89,False
BHMT2,2866.0,0.3472621163580224,,False,0.0701283707806877,-0.030606295674887,-35.53571900736752,59,89,False
BIN2,1884.0,0.003708100569959162,,False,-0.1890444323140136,0.2964412178603233,37.73094644326722,59,89,False
BLMH,2002.0,0.014693041820197941,,False,-0.1684971672636633,0.0034698752403068,31.165205557890406,59,89,False
BLNK,2123.0,0.049300344971097115,,False,-0.0683378177487737,-0.0119290538077281,0.0,59,89,False
BLOC1S2,2472.0,0.5490431052341302,,False,0.1519783365089164,0.2925433139735587,1.016870871954356,59,89,False
BLOC1S3,1715.0,0.0003654679073184905,,False,-0.0932287850606575,0.0759239154736148,35.65319740893562,59,89,False
BLVRB,2169.0,0.07412571553065846,,False,-0.3365726566693859,-0.1567710802125203,0.0,59,89,False
BMP10,2637.0,0.9656382785109514,,False,-0.1056839283998913,-0.0672357232585695,0.0,59,89,False
BMP4,2457.0,0.5105772014275591,,False,-0.1682029672477123,-0.0519265216731841,0.0,59,89,False
BMPER,3022.0,0.12093603336797289,,False,-0.0214636930349665,-0.0841573248815162,0.0,59,89,False
BNIP2,1644.0,0.00012208808433166607,,False,-0.1905566503598952,0.1956885037228891,37.079951730207995,59,89,False
BNIP3L,2032.0,0.020213090241748274,,False,-0.1567173114800526,0.1065125971161124,36.15705067535628,59,89,False
BOC,2423.0,0.42888939691093864,,False,-0.1378461790442693,-0.0597120348551945,0.0,59,89,False
BOLA1,1836.0,0.0020018045392586883,,False,-0.4164395558831252,0.0582268829775268,35.261411323780024,59,89,False
BOLA2_BOLA2B,1845.0,0.002252724493122443,,False,-0.5648447980275663,-0.1131837663997789,0.0,59,89,False
BPIFA2,2294.0,0.19487322544405783,,False,-0.2477717005863599,-0.0405515829519469,0.0,59,89,False
BPIFB1,2186.0,0.08556744282175147,,False,-0.0644359442521136,0.0910717415651476,35.92329345370228,59,89,False
BPIFB2,2193.0,0.09067578785412704,,False,0.0225744699554978,0.3815412545557552,4.262745600153308,59,89,False
BRAP,1609.0,6.92157454371051e-05,,False,-0.5174120900751691,0.1681914952190335,36.84746008237222,59,89,False
BRD1,2302.0,0.20585985777456217,,False,-0.1739715623354086,-0.007057796749054,0.0,59,89,False
BRD2,1803.0,0.001285476683541709,,False,-0.2097545650250936,0.1097235984516123,36.201526003108285,59,89,False
BRD3,2490.0,0.5970127851271785,,False,-0.0522468338582628,-0.0751372026843609,0.0,59,89,False
BRDT,1917.0,0.005558543193814491,,False,-0.1603464216943119,0.1499064123607453,36.672106930455364,59,89,False
BRK1,1872.0,0.003188272089643308,,False,-0.1832865071097844,0.0046927510152523,31.601367409444702,59,89,False
BRME1,2692.0,0.7960391120805098,,False,0.1087626588883721,0.0655980326590299,-0.7512585377559449,59,89,False
BRSK2,2160.0,0.0685944370889419,,False,-0.0692261110126036,-0.0064016416185379,0.0,59,89,False
BSG,2457.5,0.5118359289945225,,False,-0.0249205150235483,-0.0211755670543254,0.0,59,89,False
BSND,2771.5,0.5671813021123502,,False,-0.2366169146551487,-0.2609250076198488,0.0,59,89,False
BST1,2219.5,0.11227208329973067,,False,-0.1931518473567831,-0.0188115018716921,0.0,59,89,False
BST2,2141.0,0.05802731674257816,,False,-0.0889262390970581,0.173295945231261,36.89319578125032,59,89,False
BTC,1693.0,0.0002622409138189663,,False,-0.2262218700285806,0.1461287508129595,36.63336376613046,59,89,False
BTD,2493.5,0.6065568273125517,,False,0.0268721393474381,0.0179489699381909,-0.5866832649319205,59,89,False
BTLA,2739.5,0.6553362844973767,,False,-0.1374322145375575,-0.1939661767582975,0.0,59,89,False
BTN1A1,2851.0,0.3782265884058187,,False,0.6180851288014663,0.2531060434572071,-1.4797200226996017,59,89,False
BTN2A1,2489.0,0.5942973988649085,,False,-0.0075727977396936,-0.003019850846171,0.0,59,89,False
BTN3A2,2552.0,0.7749621839402808,,False,-0.0943979661843682,-0.0026273596048041,0.0,59,89,False
BTNL10,2755.5,0.6105528374756021,,False,-0.1249896755389343,-0.2407276502660725,0.0,59,89,False
C19orf12,2657.5,0.9018190896769981,,False,-0.0815883868473006,-0.0203498068971979,0.0,59,89,False
C1GALT1C1,2194.0,0.0914251760639762,,False,-0.0679822029032288,0.0557074348893503,35.19632780663693,59,89,False
C1QA,2845.0,0.39107430085714134,,False,0.0904799305488413,0.0865842665524291,-0.06546068140795878,59,89,False
C1QBP,2273.0,0.16803645753553254,,False,-0.0335006300838945,0.074440022607006,35.62397311672666,59,89,False
C1QL2,2782.0,0.5412369579560228,,False,0.0115123414083839,-0.0287045416024811,-32.8994558565503,59,89,False
C1QTNF1,2762.5,0.5929430184466493,,False,0.0932758780918193,0.0764883313436775,-0.2947404395068007,59,89,False
C1QTNF5,2666.0,0.8755189685149742,,False,0.0026994921827624,0.0033303352910328,0.3032949244623096,59,89,False
C1QTNF6,2384.0,0.345256810988839,,False,0.134335296686353,0.3301834366658391,1.3979795262185095,59,89,False
C1QTNF9,2493.0,0.6051895078870856,,False,-0.199716382460859,-0.1257589608014695,0.0,59,89,False
C1R,2295.5,0.19690361890273156,,False,-0.0289702643912053,0.0134648687188023,33.12645241027916,59,89,False
C1RL,2122.5,0.04907374227920389,,False,-0.0469149462921689,0.0443190476785075,34.860657708297694,59,89,False
C1S,2179.5,0.08103442442440179,,False,-0.0611741242791314,0.0024368302282916,30.654810810988817,59,89,False
C2,2371.5,0.32081469636777726,,False,0.0128331179565076,0.0548308861123229,2.1161980118923673,59,89,False
C2CD2L,2322.0,0.23536908345493057,,False,-0.035907936381447,0.0933179955606462,35.95958038806144,59,89,False
C2orf69,1934.0,0.006806489295828653,,False,-0.3893777660396405,0.0050198125037783,31.698730593788525,59,89,False
C3,2437.5,0.462761152509937,,False,0.0065887688823651,0.0553685506183653,3.0954631065538307,59,89,False
C4BPB,2620.0,0.9843772029091828,,False,0.0824838833140706,0.0716993614313713,-0.20759226783183143,59,89,False
C5,2271.5,0.16623141509735462,,False,0.0101137389270754,0.0656420256294112,2.7261889487225335,59,89,False
C7,2592.5,0.8987187716283552,,False,-0.0323420674315042,0.0101384341421145,32.71542161023648,59,89,False
C7orf50,1974.0,0.010787305792696848,,False,-0.0808911953038838,-0.0136875342912536,0.0,59,89,False
C8B,2630.5,0.9859392988891003,,False,-0.0112461855603977,-0.0617470499506797,0.0,59,89,False
C9,2455.0,0.5055569672478197,,False,0.0349326811301321,0.0588445622902849,0.7643524312008666,59,89,False
C9orf40,2017.0,0.01726040275337893,,False,-0.7296858011026824,-0.1828765293833386,0.0,59,89,False
CA1,2055.5,0.025725037401140603,,False,-0.5262533923015664,-0.1407051305143705,0.0,59,89,False
CA11,2706.0,0.7540489820809043,,False,-0.0580195193035252,-0.0404249363436394,0.0,59,89,False
CA12,2560.0,0.7990631045068709,,False,-0.0073304805298406,0.0362677691095261,34.56737445459106,59,89,False
CA13,1491.0,8.950451894385829e-06,,False,-0.5214721690229751,0.2957367761811845,37.72714978593376,59,89,False
CA14,2873.0,0.33338045346555667,,False,-0.0999974602066242,-0.1271219994669877,0.0,59,89,False
CA2,2092.0,0.03685285605105395,,False,-0.4831999931679824,-0.1718330732873453,0.0,59,89,False
CA3,2704.0,0.7600066515704287,,False,-0.1943703130869318,-0.2072437779741575,0.0,59,89,False
CA4,2195.0,0.09217953446115323,,False,-0.1297459415326211,-0.0242541086597332,0.0,59,89,False
CA5A,2233.5,0.12521803006505072,,False,0.027372269208693,0.3922157465153171,4.027700754079243,59,89,False
CA6,2530.0,0.7098564031328343,,False,0.2624774293910088,0.3445218237238022,0.4348614275680883,59,89,False
CA7,2723.0,0.7040187193330962,,False,0.0200490759669771,-0.0906964001622839,-33.7040864695876,59,89,False
CA8,2657.0,0.9033699024494715,,False,-0.0351247247020712,0.0041490735400413,31.4234507434051,59,89,False
CA9,3158.0,0.037207851949024554,,False,0.0436767308125687,-0.2459819446151313,-34.83927291130276,59,89,False
CABP2,2293.0,0.19352791530403157,,False,-0.1027067210765902,-0.000244190890085,0.0,59,89,False
CACNA1C,2062.0,0.027462546081474526,,False,-0.0765425974720599,0.2079908431328954,37.17420729398453,59,89,False
CACNA1H,2917.0,0.2544343616914828,,False,0.0885498391203322,-0.1646216022339344,-35.88150563333086,59,89,False
CACNB1,2577.5,0.8524254324458489,,False,-0.089178031278021,0.0232511688062636,33.91945901438725,59,89,False
CACNB3,1628.0,9.439859551568959e-05,,False,-0.5281540701142657,0.2028228151526893,37.13526191613571,59,89,False
CACYBP,1536.0,2.0003128022524485e-05,,False,-0.4607279609402713,0.1870942614818378,37.01076593185904,59,89,False
CADPS,2729.0,0.686669146542032,,False,0.0351212409211529,-0.0003142897515986,-34.520454640928065,59,89,False
CALB1,2606.0,0.9406843188674828,,False,0.0728565102062706,0.0015094317020447,-5.628807280444636,59,89,False
CALB2,2539.0,0.7362660079343711,,False,0.03873603724006,-0.0342730910793131,-34.66360230129556,59,89,False
CALCA,2350.0,0.2814870547000522,,False,-0.1008521003353755,0.0669670845306298,35.467579796371744,59,89,False
CALCB,3063.0,0.0870026527612654,,False,0.0714162564315525,-0.038677134199421,-35.56262251432852,59,89,False
CALCOCO1,1938.0,0.007134474314862411,,False,-0.3296906322982413,-0.0116942999646283,0.0,59,89,False
CALCOCO2,1864.0,0.0028795876927518466,,False,-0.3191908515243433,0.0055194145530078,31.835862315903213,59,89,False
CAMKK1,1667.0,0.0001755530936497876,,False,-0.2947432203629253,0.0572508964402844,35.23653296883824,59,89,False
CAMLG,2140.0,0.057510878072592725,,False,-0.2764610136003059,0.204895183815249,37.150988621072734,59,89,False
CAMSAP1,1767.0,0.0007788903396412755,,False,-0.333523567733053,0.3746520589133731,38.10937168041695,59,89,False
CANT1,2403.0,0.3846176362932683,,False,-0.0061755665274876,0.0447176169776332,34.87377444490037,59,89,False
CAPG,2077.0,0.03186220924255171,,False,-0.3341689791738359,-0.0458361967198457,0.0,59,89,False
CAPN3,2331.0,0.24957034670603873,,False,-0.1667677645496364,0.0057622045183266,31.898089409322814,59,89,False
CAPS,2224.0,0.1163131999214273,,False,0.0594189246132132,0.1849830476852753,1.7020668997633521,59,89,False
CARHSP1,2321.0,0.2338276802689151,,False,-0.3793194848912586,-0.0924207162021771,0.0,59,89,False
CASC3,2213.0,0.10663178762319801,,False,-0.1128913218376211,-0.0083265085281068,0.0,59,89,False
CASP1,2400.0,0.3782265884058187,,False,-0.3566487428183884,0.0445200834333719,34.867288157069915,59,89,False
CASP10,2044.0,0.022883559970750762,,False,-0.3781475061761166,-0.0619654621123747,0.0,59,89,False
CASP2,1851.0,0.002435678064592264,,False,-0.1466681285836976,0.1599674198537843,36.770943466059485,59,89,False
CASP3,1847.0,0.002312260797746461,,False,-0.3535486584195115,0.1014776499721245,36.084640908017,59,89,False
CASP4,2211.0,0.10492455072670619,,False,-0.4817515121946495,0.1593980838478849,36.76550972922107,59,89,False
CASP7,1587.0,4.8006862697306733e-05,,False,-0.3699212059709951,0.0743502259261918,35.62218646515705,59,89,False
CASP8,1878.0,0.0034392566898280193,,False,-0.2773120146314346,0.0784244608658497,35.701208138591845,59,89,False
CASQ2,2538.0,0.7333155000061506,,False,-0.0449174760714467,-0.0070882658903239,0.0,59,89,False
CAT,2130.0,0.05255339694933702,,False,-0.3117737316309543,-0.1022879607161333,0.0,59,89,False
CBLIF,2988.0,0.1562776923367385,,False,0.0623363164429738,-0.1179668790116656,-35.36186786540421,59,89,False
CBLN1,3236.0,0.016896790321629895,,False,0.1445798850045087,-0.2012258612418468,-36.617203123143774,59,89,False
CBLN4,2503.0,0.6327999483879226,,False,-0.2323669635173342,-0.1301894412497697,0.0,59,89,False
CBS,2108.0,0.04289494933874738,,False,-0.2236926974416636,0.0853375702547722,35.826574716272475,59,89,False
CC2D1A,1731.0,0.0004632090469156208,,False,-0.3776106491924172,-0.0068685194440386,0.0,59,89,False
CCAR2,2207.0,0.10162725462167384,,False,-0.1406971919682142,-0.0064087388696898,0.0,59,89,False
CCDC134,2384.0,0.345256810988839,,False,0.2191964353850332,0.1400714312987387,-0.6864448863732929,59,89,False
CCDC28A,3141.0,0.04370626868550881,,False,0.1462291011407938,-0.1918670543270368,-36.63440518380259,59,89,False
CCDC50,2464.0,0.5283511087864647,,False,-0.0945367527639123,-0.0192215999210468,0.0,59,89,False
CCDC80,2128.0,0.05160629405603049,,False,-0.2293276580464363,-0.0647187573842522,0.0,59,89,False
CCER2,2763.0,0.5915897162493684,,False,-0.0177708858282368,-0.1057344624224945,0.0,59,89,False
CCL11,3169.5,0.03329436018872275,,False,-0.163107604886953,-0.4070965568265166,0.0,59,89,False
CCL13,2611.0,0.9562752808266195,,False,-0.3034934324386927,-0.3506627698345489,0.0,59,89,False
CCL14,2723.5,0.7025799975098772,,False,-0.0085295593121129,-0.0776312337913052,0.0,59,89,False
CCL15,2559.0,0.7960394812620708,,False,0.0673813094072896,0.0429198815613151,-0.6630110062179905,59,89,False
CCL16,2381.5,0.3402754764095053,,False,0.0937478209504583,0.1759782897453384,0.9502961011527343,59,89,False
CCL17,1858.5,0.00268344038298099,,False,-0.6180566910093931,-0.0654428845373784,0.0,59,89,False
CCL18,2531.5,0.714234620179917,,False,-0.0950383027432698,-0.0093795008580794,0.0,59,89,False
CCL19,2437.0,0.46156926323977465,,False,-0.1807547048821522,-0.0460582360245438,0.0,59,89,False
CCL2,2239.5,0.1304789186254086,,False,-0.306277701351177,-0.1776620856943879,0.0,59,89,False
CCL20,2642.0,0.9500365525346026,,False,-0.2775330075142998,-0.2276822372641602,0.0,59,89,False
CCL21,2599.5,0.9204506709687376,,False,-0.0417603140134077,-0.0464133891908029,0.0,59,89,False
CCL22,2490.5,0.5983714008471401,,False,-0.0923160201018236,-0.0844853004044754,0.0,59,89,False
CCL23,2502.5,0.6314067514250032,,False,-0.0855632991836322,-0.003716028004814,0.0,59,89,False
CCL24,2546.0,0.7570259045816488,,False,-0.1088115658839129,-0.2521768081394577,0.0,59,89,False
CCL25,2693.0,0.7930189171915708,,False,-0.0422149962676025,-0.0493831486648981,0.0,59,89,False
CCL26,2334.0,0.2544343616914828,,False,-0.2536177024944889,-0.105910088126777,0.0,59,89,False
CCL27,2215.0,0.10834315000358109,,False,-0.1818658993368979,-0.0658329342948572,0.0,59,89,False
CCL28,2589.0,0.8878802350877779,,False,0.2002100530847404,0.2153388231219999,0.11283991721926359,59,89,False
CCL3,2181.5,0.08240786612564334,,False,-0.0843896518979029,0.0956732143547326,35.9967306026145,59,89,False
CCL4,1956.5,0.008843328891937499,,False,-0.2020141355101214,0.0263485399348011,34.10143191571322,59,89,False
CCL5,2225.5,0.117684894770448,,False,-0.2431276022796308,-0.0792359829564871,0.0,59,89,False
CCL7,1980.0,0.01153640413798883,,False,-0.3856478555816405,-0.1246419588000648,0.0,59,89,False
CCL8,2334.0,0.2544343616914828,,False,-0.3182560017239732,-0.1673947850821663,0.0,59,89,False
CCN1,2416.0,0.41306735090728974,,False,-0.0907801057217543,-0.0072512131635518,0.0,59,89,False
CCN2,2080.5,0.03297152062625867,,False,-0.1554837103683214,-0.0126960955839994,0.0,59,89,False
CCN3,2280.0,0.17665494913921165,,False,-0.2008809203474244,0.0469117821610213,34.94398433491845,59,89,False
CCN4,2597.0,0.9126817740333135,,False,-0.0064034569651788,0.075830893735641,35.651381821338205,59,89,False
CCN5,2224.0,0.1163131999214273,,False,0.1081775820730311,0.1983613970298743,0.9206198936139469,59,89,False
CCND2,2280.0,0.17663292205933523,,False,-0.4117718476343937,-0.3260736837489344,0.0,59,89,False
CCNE1,2593.0,0.9002686486335394,,False,-0.0564739179719808,0.0013618939827365,29.81488188206214,59,89,False
CCS,1743.0,0.0005519672137816073,,False,-0.4228799680919509,-0.0606704839406583,0.0,59,89,False
CCT5,2475.0,0.5569040351260852,,False,-0.0733263611244674,-0.0494154918108891,0.0,59,89,False
CD101,2466.0,0.533486262581119,,False,-0.1006483987050046,-0.0681768811663917,0.0,59,89,False
CD109,2282.0,0.17917726991348548,,False,-0.1628623614236638,-0.0542655581388827,0.0,59,89,False
CD14,2309.5,0.21660903523842856,,False,-0.0573650178918567,0.0443390079954304,34.86131735116524,59,89,False
CD160,2886.0,0.30856427759522076,,False,0.0106437503161849,-0.0498945750239776,-32.785846295772856,59,89,False
CD164,2967.0,0.18172546024562797,,False,0.0139868396637895,-0.0702626601135555,-33.181583667191234,59,89,False
CD164L2,2361.0,0.3011808322630821,,False,-0.0489354014421741,0.1756655446417767,36.91399780439212,59,89,False
CD177,2690.0,0.8020897436030483,,False,0.1089147172081238,-0.030287589270645,-36.19044152595905,59,89,False
CD1C,2178.0,0.08001686510031776,,False,-0.0625857400856677,-0.0030595681433019,0.0,59,89,False
CD2,2729.0,0.6866688719568013,,False,0.0344861799154318,-0.02948668991225,-34.49381034216612,59,89,False
CD200,2804.0,0.4857388087258592,,False,0.2816555363401251,0.1242933248880799,-1.2607083728199842,59,89,False
CD200R1,2206.0,0.10081159558759052,,False,-0.0829390912846822,0.144672279907638,36.618171763375315,59,89,False
CD207,2487.0,0.5888866954217784,,False,0.0840764420389213,0.04983141956782,-0.7719008908719618,59,89,False
CD209,2499.0,0.6216915532182751,,False,-0.0592024045060238,-0.0003461280871109,0.0,59,89,False
CD22,2796.5,0.5043055873301244,,False,-0.0299095424642029,-0.1163223110521286,0.0,59,89,False
CD226,2430.0,0.4450583038023409,,False,-0.0669387904066877,0.0158079936087388,33.35908005865454,59,89,False
CD244,2120.0,0.047958733797229376,,False,-0.0698761806792315,0.0359216734417373,34.55336724052775,59,89,False
CD248,2432.5,0.45091565851517756,,False,-0.1524522784337797,-0.0742256444011519,0.0,59,89,False
CD27,2747.0,0.6355905631262344,,False,0.014861900702483,-0.0172520186591673,-33.26957054072997,59,89,False
CD274,2784.0,0.5360634581781165,,False,0.4175245173486439,0.32795704694512,-0.3950640225569943,59,89,False
CD276,2224.5,0.11676880293129877,,False,-0.1613097098474166,-0.0480379728292237,0.0,59,89,False
CD28,2566.0,0.8172661527807925,,False,-0.0926019484285068,-0.0995679569399446,0.0,59,89,False
CD2AP,1902.0,0.004633192337108921,,False,-0.2770179452459127,0.0897433613016541,35.901424074583346,59,89,False
CD300A,2383.0,0.343258904185875,,False,-0.0157701884007126,0.0025761177075818,30.73507324592422,59,89,False
CD300C,2562.0,0.8051193550919122,,False,0.0071522658677308,-0.0444281299832687,-32.210564457511786,59,89,False
CD300E,2124.0,0.04975448863811852,,False,-0.0891476406911156,0.125178166114867,36.39946722628579,59,89,False
CD300LF,2524.0,0.6924394048424021,,False,0.106318534621793,-0.1062233103086357,-36.15432151034858,59,89,False
CD300LG,2101.0,0.04015533095267232,,False,-0.0612103929661578,0.0847143729628495,35.81568578607864,59,89,False
CD302,2561.0,0.8020897436030483,,False,-0.0814950947902298,-0.0649762507614577,0.0,59,89,False
CD33,2263.0,0.1562776923367385,,False,-0.1119787828078997,0.1168411003292741,36.295805329766196,59,89,False
CD34,2418.0,0.41755228565687097,,False,-0.0908483973807781,-0.0383145802269982,0.0,59,89,False
CD36,1974.5,0.01084796323170135,,False,-0.099766793978973,0.0453225868796773,34.89346540296947,59,89,False
CD38,2861.0,0.35739949176680286,,False,0.0198254320558603,-0.0147436528265702,-33.68779095054397,59,89,False
CD3D,2619.5,0.9828151379123803,,False,-0.0271528392106517,0.0089537934782786,32.53556473565755,59,89,False
CD3E,2245.0,0.13667892859481928,,False,-0.0853758858180022,0.0047385242473603,31.61539421184706,59,89,False
CD3G,2864.0,0.35129490866774526,,False,-0.0397085814873439,-0.0637483609993318,0.0,59,89,False
CD4,2609.0,0.9500365525346026,,False,-0.0333518746336843,-0.0592708723551022,0.0,59,89,False
CD40,1588.5,4.922981820483626e-05,,False,-0.2240546942456677,0.0622989447044751,35.36098386412017,59,89,False
CD46,2696.5,0.7824714599171008,,False,0.0964927932317496,0.0687280929855683,-0.5035360958925552,59,89,False
CD48,2655.0,0.9095762536248422,,False,-0.0262329905493392,-0.0340743714181088,0.0,59,89,False
CD5,2844.0,0.393240189521615,,False,-0.0538645474806296,-0.1008377773052995,0.0,59,89,False
CD55,2754.0,0.6159862052426468,,False,-0.0679358735728854,-0.0330749856729681,0.0,59,89,False
CD58,2437.5,0.46276073842643706,,False,-0.0960563207113757,-0.0361415382967528,0.0,59,89,False
CD59,2317.0,0.22773195585615835,,False,-0.1200436337862859,-0.0466113802696483,0.0,59,89,False
CD5L,2899.5,0.2841198189818459,,False,-0.0171491820552304,-0.0153117801958945,0.0,59,89,False
CD6,2478.0,0.5648201395922233,,False,-0.1636602442219643,-0.1229623601318127,0.0,59,89,False
CD63,1708.0,0.00032909392296173593,,False,-0.2232215413391653,0.1242193535934127,36.38788793438285,59,89,False
CD69,1419.0,2.3231823545316523e-06,,False,-0.5917940349701624,0.3865175472302786,38.160547498345835,59,89,False
CD7,2226.0,0.11814505081973416,,False,-0.144132376467991,0.0360179657795417,34.5572777290429,59,89,False
CD70,2335.0,0.2560702599687128,,False,-0.2136235705098371,-0.0634991188332598,0.0,59,89,False
CD72,2356.0,0.29211831724070414,,False,-0.0454735302795216,-0.0019559572377986,0.0,59,89,False
CD74,2353.0,0.28676964732069077,,False,-0.0414834144356782,0.0264275471171321,34.10579104735686,59,89,False
CD79B,2682.0,0.826406184334725,,False,0.0140207461568468,-0.0301043521153058,-33.18509375531022,59,89,False
CD80,2641.0,0.9531555578580498,,False,-0.1036569094470736,-0.0302466686106085,0.0,59,89,False
CD82,2505.0,0.6383686436456357,,False,0.1107541208024954,-0.0658070477046765,-36.21553436131161,59,89,False
CD83,2201.0,0.09681125161001158,,False,-0.1697245798235866,0.0225484601076952,33.87483240156685,59,89,False
CD84,2143.5,0.05933482274180714,,False,-0.0556405908647445,0.0220197703343865,33.84033788638191,59,89,False
CD86,2499.0,0.6216915532182751,,False,-0.0499302437551174,-0.0240276029862404,0.0,59,89,False
CD8A,2683.5,0.8218332330677718,,False,-0.1591830986356596,-0.2247172039676468,0.0,59,89,False
CD93,2738.5,0.6595136867717737,,False,5.1713371588407726e-08,-0.0178732423733844,-15.129483399120883,59,89,False
CD99,2611.0,0.9562752404017767,,False,-0.101846303672354,-0.1137126512648452,0.0,59,89,False
CD99L2,2196.0,0.09293888436300317,,False,-0.0610449083908929,-0.021434001140933,0.0,59,89,False
CDA,1968.0,0.01008169535984677,,False,-0.2266690846139718,-0.0322760199804405,0.0,59,89,False
CDAN1,2428.0,0.440403490893995,,False,0.0009607213196401,-0.0148166758765244,-29.31125677670737,59,89,False
CDC123,2966.5,0.18054336328603238,,False,-0.13643260906337,-0.3652141969725325,0.0,59,89,False
CDC26,1542.0,2.221713865220495e-05,,False,-0.2921813997457131,0.0719165152355115,35.57294531900231,59,89,False
CDC27,1911.0,0.005170032260999728,,False,-0.1385457126983062,0.149246704851173,36.66540836019093,59,89,False
CDC37,1816.0,0.0015333819471806784,,False,-0.311414374706776,0.0248180042304328,34.01432847093361,59,89,False
CDC42BPB,1734.0,0.0004840562806899771,,False,-0.465048552487734,0.176099794280812,36.91778131737084,59,89,False
CDCP1,2690.0,0.8020897436030483,,False,0.1019391534057636,0.0509497509454745,-1.0262811162564194,59,89,False
CDH1,2613.0,0.9625165849008553,,False,0.0193100392175613,0.0537978803115705,1.4955149745881056,59,89,False
CDH15,2728.0,0.6895520189198758,,False,-0.0724146801590573,-0.0924252510114019,0.0,59,89,False
CDH17,2879.0,0.3217709895929709,,False,-0.0705195392503494,-0.0911608349365155,0.0,59,89,False
CDH2,2500.0,0.6244607918676912,,False,0.071924200625219,0.0272143397217126,-1.4245931903308382,59,89,False
CDH22,2680.0,0.8325038285320859,,False,0.0077841954147464,0.0194717925750737,1.3286188705065751,59,89,False
CDH3,2533.0,0.7186227714668714,,False,0.0324558694720514,0.0634504141190229,0.9827332963089747,59,89,False
CDH4,2148.0,0.06175128777407447,,False,-0.3404130047273628,0.0255133036134858,34.054539746968096,59,89,False
CDH5,2399.0,0.3761108568383553,,False,0.0091241524057346,0.0353718169245737,1.967995439763683,59,89,False
CDH6,2690.0,0.8020897436030483,,False,0.0009493057680188,-0.044292939430214,-29.29400591411706,59,89,False
CDHR2,2883.0,0.314179765068925,,False,-0.0251080696031185,-0.1898152165679896,0.0,59,89,False
CDHR5,2678.0,0.8386286999513577,,False,0.0027379888540182,0.0382850805084152,3.823409473917047,59,89,False
CDK1,2912.5,0.25986121471543144,,False,-0.1284069898161249,-0.4883119127079657,0.0,59,89,False
CDK5RAP3,2110.0,0.04370626868550881,,False,-0.2958964652773955,0.036271867462932,34.567539531481586,59,89,False
CDKL5,2439.0,0.466348349399189,,False,-0.1931274023851108,-0.0354566472077997,0.0,59,89,False
CDKN1A,1782.0,0.0009618822332698269,,False,-0.3102321283512358,0.0628764913608647,35.374587714462145,59,89,False
CDKN2D,1741.0,0.0005361504575623816,,False,-0.5268442276480813,0.4802152976137468,38.5228857270925,59,89,False
CDNF,2295.0,0.19622538266828626,,False,-0.0779460570863458,0.0414047705340773,34.76106347368823,59,89,False
CDON,2037.5,0.021401175775853595,,False,-0.2781581548363965,-0.0581172488879903,0.0,59,89,False
CDSN,2838.0,0.4063937160183084,,False,0.0272556110529959,-0.1134467805879035,-34.150717101206396,59,89,False
CEACAM1,2688.0,0.8081518953808703,,False,0.059635646403991,0.0081540035802121,-2.896436057514865,59,89,False
CEACAM16,2501.0,0.6272353447328057,,False,-0.0406877585587125,0.0937840400649601,35.96700303883231,59,89,False
CEACAM18,1932.0,0.006644810631849103,,False,-0.3222585210174764,0.2039189793223127,37.14359898064221,59,89,False
CEACAM20,1903.0,0.004688099820728478,,False,-0.3261086529061451,0.0612359359481036,35.33561938041761,59,89,False
CEACAM21,1757.0,0.0006754559502706055,,False,-0.2076943343992411,0.5420902591930505,38.73049798363185,59,89,False
CEACAM3,2417.0,0.415305809678875,,False,-0.0918178041141758,-0.0248179925918698,0.0,59,89,False
CEACAM5,2171.0,0.07540319741123423,,False,-0.1682940159155836,0.0666999015035135,35.461677643961686,59,89,False
CEACAM6,2214.0,0.10748493443534836,,False,-0.1082325182939742,0.0234217089403608,33.930087618279245,59,89,False
CEACAM8,1974.0,0.010787305792696848,,False,-0.2128335489759439,0.0147819393576707,33.26174741658738,59,89,False
CEBPA,2468.0,0.5386472825310568,,False,-0.1008703831995575,-0.00934094581221,0.0,59,89,False
CEBPB,2456.0,0.508063438608295,,False,-0.094400433860044,-0.0268486515706272,0.0,59,89,False
CELA2A,2839.0,0.4041835529670813,,False,0.0073086444291564,-0.0855211200184878,-32.24184619310182,59,89,False
CELA3A,2839.0,0.4041835529670813,,False,0.0290074160249069,-0.1662427654019319,-34.2414643715762,59,89,False
CELSR2,2573.0,0.8386286999513577,,False,-0.1152463339444078,-0.1137738583778414,0.0,59,89,False
CEMIP2,2702.5,0.7644841220390453,,False,0.2007845622449908,0.1212708226677626,-0.7679121539508795,59,89,False
CEND1,2527.0,0.7011282700287855,,False,-0.0426369797638874,-0.0649212401391049,0.0,59,89,False
CENPF,2125.0,0.05020023120779001,,False,-0.2391889348636848,0.1462592202683206,36.634717622202686,59,89,False
CENPJ,1874.0,0.003268377944373548,,False,-0.300108888823992,0.1992939476567657,37.10813446308942,59,89,False
CEP112,2671.0,0.860110335435335,,False,-0.0659153116505792,-0.0612607976995102,0.0,59,89,False
CEP152,2614.5,0.9670620457062035,,False,-0.3853923362505051,-0.2389730906072899,0.0,59,89,False
CEP164,2224.0,0.1163131999214273,,False,-0.1194098927171955,-0.0388341292910665,0.0,59,89,False
CEP170,1574.0,3.854436347841298e-05,,False,-0.375746451572075,0.2170835852760851,37.240595879324886,59,89,False
CEP20,1551.0,2.597978444550539e-05,,False,-0.2394426422274454,0.178361273453481,36.93734438388742,59,89,False
CEP290,1925.5,0.0061514055550354095,,False,-0.2716283913169854,0.2255938190392903,37.30043665646386,59,89,False
CEP350,2912.5,0.2598616594213853,,False,-0.0733365576233466,-0.5151978662496879,0.0,59,89,False
CEP43,2025.0,0.018784366055967977,,False,-0.3072124544537904,0.0054155846175154,31.80841220693548,59,89,False
CEP85,1510.0,1.2614478361956198e-05,,False,-0.2995692492215896,0.1975675745618189,37.09469978418482,59,89,False
CERT1,1976.5,0.010962357466192355,,False,-0.6122486528151343,-0.1540761808715295,0.0,59,89,False
CES1,2236.0,0.1276480237981132,,False,-0.048551860856102,0.1461031947341783,36.633098441170105,59,89,False
CES2,2443.0,0.47598966134102305,,False,0.008214132843811,0.0673755507353656,3.0657548387124427,59,89,False
CES3,2362.5,0.30393482216961476,,False,-0.0935584495394165,0.0436015752767079,34.836750527914695,59,89,False
CETN2,1658.0,0.0001524340440854281,,False,-0.4230955646317312,0.1956369557561145,37.07954529122518,59,89,False
CETN3,1820.0,0.001589601634146817,,False,-0.3146967636128137,-0.0220958075640847,0.0,59,89,False
CFB,2260.5,0.15343743719603703,,False,-0.0183531163083894,0.0677232415104036,35.48415968391096,59,89,False
CFC1,2397.0,0.3719009209583256,,False,-0.0997742730860619,0.0476888359682625,34.96807624408246,59,89,False
CFD,2172.0,0.0760483743246969,,False,-0.1939239145481865,-0.1095954751464035,0.0,59,89,False
CFH,2392.5,0.3625369018029786,,False,-0.0037375420266969,0.0138309577543067,33.16533664208628,59,89,False
CFHR2,2766.5,0.5821538613546228,,False,0.0707700889291887,-0.0454550445507372,-35.54918399809543,59,89,False
CFHR4,2146.5,0.06093658741038578,,False,-0.2293593549565822,-0.0135829471950415,0.0,59,89,False
CFHR5,2201.5,0.09720517377810146,,False,-0.0789530941819964,0.0510437183118726,35.06784510993079,59,89,False
CFI,2227.5,0.11953330567905816,,False,-0.0328466775355758,0.0475338513107208,34.963302054072386,59,89,False
CFP,2668.5,0.8678082533246273,,False,0.0450404168711072,0.0705706917215936,0.66069935088027,59,89,False
CGB3_CGB5_CGB8,2189.0,0.08772751016054496,,False,-0.6649418247600798,-0.3864913141338596,0.0,59,89,False
CGN,2819.0,0.4497410432490093,,False,-0.0306593843215444,-0.0607462852633725,0.0,59,89,False
CGREF1,2200.0,0.096026624901837,,False,-0.1271877685606783,-0.0102903283996634,0.0,59,89,False
CHAC2,1523.0,1.5904619691730234e-05,,False,-0.4013757357008336,0.0077714850489434,32.330664276674035,59,89,False
CHAD,2391.0,0.35944866254173224,,False,-0.3054004509364841,-0.3034883493787908,0.0,59,89,False
CHCHD10,2591.5,0.8956199986014048,,False,0.0366530834995132,0.0627988443699636,0.7899514151584828,59,89,False
CHCHD6,2348.0,0.2780029731029249,,False,-0.1158600998076913,-0.0215350004446559,0.0,59,89,False
CHEK2,2786.5,0.5296322465222578,,False,-0.0118174431917377,-0.0613322287459988,0.0,59,89,False
CHGA,3092.5,0.06770610591573836,,False,0.1091625818821211,-0.0864729897336589,-36.19384652880512,59,89,False
CHGB,2226.0,0.11814539117243046,,False,-0.0999352839325035,-0.0096858725317913,0.0,59,89,False
CHI3L1,2344.5,0.2719755255323546,,False,-0.1340102127077241,-0.0114514966058552,0.0,59,89,False
CHIT1,2240.0,0.13161152616627017,,False,-0.1207157087451635,0.0368312711101807,34.58990057772666,59,89,False
CHL1,2373.5,0.32464786681680247,,False,-0.0870795726104708,-0.0522552251539752,0.0,59,89,False
CHM,1991.0,0.013030405263937617,,False,-0.3867519547118962,0.0460486620769609,34.916759388364305,59,89,False
CHMP1A,1873.0,0.00322890815276012,,False,-0.342474578503818,0.030191181872318,34.29976372623091,59,89,False
CHMP6,1664.0,0.0001675055698821316,,False,-0.1503717390143168,0.0600718837176627,35.30734464184742,59,89,False
CHP1,2392.0,0.36150609182773885,,False,0.0253251829340045,0.0132765355569484,-0.9377317144369269,59,89,False
CHRDL1,2344.0,0.2711214397777212,,False,-0.108276956013194,-0.0622038706990909,0.0,59,89,False
CHRDL2,2578.0,0.8539614251046532,,False,-0.2822792256752355,-0.2386904239042442,0.0,59,89,False
CHRM1,2770.0,0.5727896004625448,,False,-0.1139355732978603,-0.1308312828535632,0.0,59,89,False
CIAPIN1,1646.0,0.00012604416838177,,False,-0.4005035110726335,0.0609370369180339,35.32840968799612,59,89,False
CILP,2562.0,0.8051193550919122,,False,-0.2274047953203049,-0.1114100255747118,0.0,59,89,False
CINP,2567.0,0.820301313956503,,False,-0.1043037227804026,-0.1584084548691915,0.0,59,89,False
CIRBP,1918.0,0.005625841949157308,,False,-0.2809910802192506,0.1303793648758114,36.46083881631807,59,89,False
CIT,2250.0,0.1419374387898814,,False,-0.0868510722991787,0.1141329640678116,36.260600881827685,59,89,False
CKAP4,2822.0,0.4427269769339627,,False,0.0771384308986239,0.0223837169194996,-1.812534912569063,59,89,False
CKB,2590.5,0.8925228173294287,,False,-0.1233860611588026,-0.1215600901579106,0.0,59,89,False
CKMT1A_CKMT1B,2689.5,0.8036040024798701,,False,-0.0327311003098924,-0.0776683627464077,0.0,59,89,False
CLASP1,2759.5,0.5995725751030204,,False,-0.3913492620873613,-0.3415425885390825,0.0,59,89,False
CLC,2544.0,0.7510761555087072,,False,0.0008165817870723,0.0163289442693894,4.329454180197027,59,89,False
CLEC10A,2232.0,0.12377798900434488,,False,-0.1857804396706427,-0.0857128047849587,0.0,59,89,False
CLEC11A,2112.0,0.04453031103080268,,False,-0.1816611447319873,0.0133588114352381,33.114990789270166,59,89,False
CLEC12A,2152.0,0.0639666622032592,,False,-0.1290396145864189,-0.044847816031774,0.0,59,89,False
CLEC14A,2823.0,0.440403490893995,,False,-0.006194495265269,-0.0575151473408292,0.0,59,89,False
CLEC1A,2331.0,0.24957034670603873,,False,0.117777970969742,0.1192011202068952,0.01804938294348692,59,89,False
CLEC1B,1812.0,0.0014527721170066637,,False,-0.2510725542765394,0.2038807921072692,37.14330924352311,59,89,False
CLEC2L,3108.0,0.05907175856541811,,False,0.0686566727564277,-0.0189900983743926,-35.50437899087049,59,89,False
CLEC4A,2118.0,0.04708127401286965,,False,-0.0629723572296365,0.0474938805402963,34.9620682998908,59,89,False
CLEC4C,2240.0,0.13161152616627017,,False,-0.3024039888022373,-0.1173435989676091,0.0,59,89,False
CLEC4D,2406.0,0.39107430085714134,,False,-0.254235234344386,-0.0773111606991244,0.0,59,89,False
CLEC4G,2599.5,0.9204508177191768,,False,-0.0825499331562006,-0.0856755861955049,0.0,59,89,False
CLEC4M,2566.0,0.8172666511533354,,False,0.0044302236560036,-0.1010061489013947,-31.518181693544104,59,89,False
CLEC5A,2205.0,0.10000116148204007,,False,-0.0617013205949139,0.0105428536096141,32.77205462365636,59,89,False
CLEC6A,2221.0,0.11360652562982808,,False,-0.1323995750691435,0.0014794052206115,29.934343518835746,59,89,False
CLGN,2524.0,0.6924394048424021,,False,-0.0036088533055461,0.1205846741297805,36.3432014919047,59,89,False
CLIC5,2886.0,0.30856427759522076,,False,-0.0391456789127706,-0.0707640802186849,0.0,59,89,False
CLINT1,2869.5,0.3382583835396388,,False,-0.1037752241147696,-0.2514775086278652,0.0,59,89,False
CLIP2,1561.0,3.087045334577385e-05,,False,-0.6330659903760149,0.5097759394963502,38.62469151274251,59,89,False
CLMP,2678.0,0.8386286999513577,,False,-0.0039732605614813,-0.0175718207680619,0.0,59,89,False
CLNS1A,2382.0,0.3412683991816018,,False,-0.1975834712564619,-0.0234509266314912,0.0,59,89,False
CLPP,2008.0,0.01567655204765762,,False,-0.2561250939160882,-0.0547391097378233,0.0,59,89,False
CLPS,2558.0,0.7930189171915708,,False,-0.021530038943682,0.0313744932339999,34.35582240843424,59,89,False
CLSPN,2417.0,0.415305809678875,,False,-0.0591662832763135,0.0110004932993895,32.8335865380413,59,89,False
CLSTN2,3132.5,0.04729931202155299,,False,-0.0194097036841912,-0.1798077304249826,0.0,59,89,False
CLSTN3,2671.0,0.860110335435335,,False,-0.0510575870629454,-0.1115142973375725,0.0,59,89,False
CLTA,1984.0,0.012061109151795665,,False,-0.1176182996592931,0.0084885751559314,32.4583552611701,59,89,False
CLU,2634.5,0.9734444276952007,,False,-0.0455912203656054,-0.0108194256310643,0.0,59,89,False
CLUL1,2449.0,0.49065360188682916,,False,-0.1793651879556241,-0.1194076185448994,0.0,59,89,False
CMC1,1731.0,0.0004632090469156208,,False,-0.1740097976140784,0.1172416711925575,36.30094591116337,59,89,False
CMIP,1969.0,0.010196423040290944,,False,-0.2682191107218101,0.1479054014888937,36.65170186057455,59,89,False
CNDP1,2572.0,0.8355689973562652,,False,0.0417314873015352,0.0862545091087841,1.0698896182298583,59,89,False
CNGB3,2336.0,0.25771345068644014,,False,-0.0369834601946056,0.0288904826795305,34.235578230635056,59,89,False
CNP,1599.0,5.8662161770241464e-05,,False,-0.6163216037678804,0.0140606130448928,33.18921008977837,59,89,False
CNPY2,1652.0,0.0001386498169840418,,False,-0.3295639744121617,0.1171249171128872,36.299449333016966,59,89,False
CNPY4,1968.0,0.010081764724350725,,False,-0.1749346748987639,0.03638629732356,34.57214121165886,59,89,False
CNST,1666.5,0.00017418665887332038,,False,-0.3782127089702112,0.2234456608693679,37.28553121829134,59,89,False
CNTF,2454.0,0.503056631086533,,False,-0.0369813281090884,0.012721457659965,33.04414396684779,59,89,False
CNTN1,2545.5,0.7551486123119305,,False,-0.2360247434855794,-0.2011857291045549,0.0,59,89,False
CNTN2,2931.0,0.23229301592231633,,False,0.0996695521706056,-0.0848194658540354,-36.057789092575746,59,89,False
CNTN3,2501.0,0.6272353447328057,,False,-0.1052678491865718,-0.1095832726689503,0.0,59,89,False
CNTN4,2718.5,0.7171585981226765,,False,-0.1001592949939095,-0.1003845645024827,0.0,59,89,False
CNTN5,2749.0,0.6300151793758606,,False,-0.0906056350213292,-0.1306075682651887,0.0,59,89,False
CNTNAP2,2620.0,0.9843772029091828,,False,-0.0108391415548356,-0.0102929536951141,0.0,59,89,False
COCH,2630.0,0.9875014747995827,,False,-0.1693656251827227,-0.1280778233154165,0.0,59,89,False
COL15A1,2384.0,0.345256810988839,,False,-0.1817617192847169,-0.1223760939323384,0.0,59,89,False
COL18A1,2562.0,0.8051191783681579,,False,-0.0741512184235692,-0.0790295105447979,0.0,59,89,False
COL1A1,2273.0,0.16803685113558275,,False,-0.2654531892375945,-0.1533230774905339,0.0,59,89,False
COL28A1,2761.0,0.5970127851271785,,False,-0.0407391211488033,-0.1669510298395654,0.0,59,89,False
COL2A1,2653.5,0.914234874992703,,False,-0.2739061056853833,-0.186121676571879,0.0,59,89,False
COL3A1,2668.0,0.8693495119262615,,False,-0.0012887550106663,0.0083633181352282,32.43684560340319,59,89,False
COL4A1,2442.0,0.47356924268207135,,False,-0.039345082371916,-0.0473901892832131,0.0,59,89,False
COL4A4,2344.0,0.27109748924884025,,False,-0.0244693390729874,0.055700975582381,35.19615726523738,59,89,False
COL5A1,2359.0,0.2975335999680555,,False,-0.1906082933557231,-0.1083604937068146,0.0,59,89,False
COL6A3,2344.0,0.2711223267932258,,False,-0.1685069361188,-0.0441329811499472,0.0,59,89,False
COL9A1,2591.0,0.8940713035325475,,False,0.067761379440237,0.0645716150929315,-0.07117020432494982,59,89,False
COL9A2,2444.0,0.4783940446474687,,False,-0.0576810656139629,0.0073215460098684,32.244397120847864,59,89,False
COLEC12,2360.5,0.300265797285699,,False,-0.1090691040549474,-0.0418622902203754,0.0,59,89,False
COMMD1,1647.0,0.00012806538092295582,,False,-0.3855325738216821,0.0218863596243493,33.83150360000141,59,89,False
COMMD9,2377.0,0.3314265501238798,,False,-0.1655816507768009,-0.0040706793144318,0.0,59,89,False
COMP,2118.5,0.0468851505087056,,False,-0.3051832430300594,-0.0821309815221007,0.0,59,89,False
COMT,1449.0,4.113289085742047e-06,,False,-0.4114867839613705,0.2538379825842921,37.48513006149143,59,89,False
COPB2,2631.0,0.9843772029091828,,False,-0.1129653631793849,0.0098846679569658,32.678724141053095,59,89,False
COPE,2742.0,0.6496191401399026,,False,0.0205408067395956,-0.0039322312150307,-33.7392900095175,59,89,False
COQ7,2359.0,0.2975335999680555,,False,-0.0486145872185447,0.058206791675066,35.2609033198547,59,89,False
CORO1A,1565.0,3.3061659151972554e-05,,False,-0.4552262686331638,0.3167077140978834,37.8368442597709,59,89,False
CORO6,2661.0,0.8909749384536046,,False,-0.0004808763390349,-0.0229015354863401,0.0,59,89,False
COX5B,1871.5,0.003168101323195433,,False,-0.2387720742429463,-0.0347774633583011,0.0,59,89,False
COX6B1,1601.0,6.064265873108552e-05,,False,-0.2361191711529161,0.089345598042695,35.89481456619989,59,89,False
CPA1,2572.5,0.8370983934279702,,False,-0.027183940978287,-0.0779717308203313,0.0,59,89,False
CPA2,2734.0,0.6723237790422716,,False,0.068087483336822,-0.0931842836472211,-35.49208181430222,59,89,False
CPA4,2366.0,0.31042868562472603,,False,-0.0720138744379549,0.0803730848463389,35.73760013669864,59,89,False
CPB1,2714.0,0.7303689264798503,,False,-0.0428482083925296,-0.103716190557575,0.0,59,89,False
CPB2,2291.5,0.19152234639772892,,False,-0.0180356807612834,0.0768612554274814,35.671372360422744,59,89,False
CPE,2718.5,0.7171588486294601,,False,-0.0833002025550331,-0.1123531061879132,0.0,59,89,False
CPM,3042.0,0.10327433182901713,,False,0.0872124139238714,0.0193309320614811,-2.207771916184163,59,89,False
CPOX,2437.0,0.46156926323977465,,False,-0.1365656013950481,-0.0618676314636694,0.0,59,89,False
CPPED1,1679.0,0.00021153731358470668,,False,-0.3138118011254375,0.039130780301571,34.67842806822868,59,89,False
CPQ,2417.0,0.415305809678875,,False,-0.0792848349884164,0.0300453576111359,34.292705419789954,59,89,False
CPTP,2645.0,0.9406843188674828,,False,-0.0617479994475488,0.0029124926512244,30.912297381930653,59,89,False
CPVL,2340.0,0.2643592789380449,,False,0.0049216023864952,0.0559986606593477,3.533820704356685,59,89,False
CPXM1,2653.5,0.914234874992703,,False,-0.0456821951730745,-0.1835574870830349,0.0,59,89,False
CPXM2,2650.0,0.9251160565631079,,False,0.1170000681131774,0.0795997773387112,-0.5745855575932565,59,89,False
CR1,2599.0,0.9188964360797366,,False,0.0026811873191627,0.0341808823157022,3.6880290996954512,59,89,False
CR2,2462.5,0.5245156683835278,,False,-0.1111537588383253,-0.1108145776547847,0.0,59,89,False
CRACR2A,1572.5,3.757303315214311e-05,,False,-0.4536628347231278,0.169290171362849,36.85741358637737,59,89,False
CRADD,1837.0,0.0020283597629781754,,False,-0.3706219120051776,0.0946529566518778,35.9807473680567,59,89,False
CREB3,2849.5,0.3794239673547506,,False,-0.2748467428147161,-0.5602982866218407,0.0,59,89,False
CREBZF,3039.5,0.1039133057285469,,False,-0.010759912886055,-0.1736123115535928,0.0,59,89,False
CREG1,2588.0,0.8847872399822222,,False,0.0706590803398009,0.0909523663929394,0.3744775596453995,59,89,False
CRELD1,2223.0,0.11540517749433808,,False,-0.0004403372119426,0.1476784723326031,36.6493712527667,59,89,False
CRELD2,2019.5,0.017724451312042686,,False,-0.0871910342432721,0.0512790578051924,35.074599802483306,59,89,False
CRH,2304.0,0.20870475926974352,,False,0.9492255050286388,1.2626680593304542,0.5882000956175147,59,89,False
CRHBP,2728.5,0.6881097427473768,,False,0.0929476340090147,0.0948124862630289,0.029601462657153615,59,89,False
CRHR1,2437.0,0.46156926323977465,,False,-0.0832683396033053,0.0269103820909451,34.13215355716229,59,89,False
CRIM1,2244.5,0.1361833967124935,,False,0.2841028039301995,0.4246829847738169,0.6531380758790927,59,89,False
CRIP2,2636.0,0.9687603659265329,,False,-0.0624521007652324,-0.1170389308371738,0.0,59,89,False
CRISP2,2512.0,0.6580964323042736,,False,-0.0093229470148576,0.0181397924281815,33.55875192287351,59,89,False
CRISP3,2675.0,0.8478213733461111,,False,-0.0032985421040815,-0.0569706921092416,0.0,59,89,False
CRKL,1785.5,0.0010099365647286405,,False,-0.3807960679340504,0.138262773929005,36.54953889988507,59,89,False
CRLF1,2291.5,0.19152234639772892,,False,-0.2722723568766164,-0.1936910892273782,0.0,59,89,False
CRNN,2271.0,0.16563337762036623,,False,0.0863077056699441,0.3088670115960583,1.9532432146492518,59,89,False
CRTAC1,2758.0,0.6051891739100429,,False,-0.0495457908701748,-0.0824344867690214,0.0,59,89,False
CRTAM,2325.0,0.2400381563627123,,False,-0.1662629803745037,-0.0728358325094035,0.0,59,89,False
CRTAP,2625.0,1.0,,False,-0.0681171453717489,-0.0770939542207183,0.0,59,89,False
CRX,2650.0,0.9251160565631079,,False,-0.0163292163702251,-0.0273001733337187,0.0,59,89,False
CRYBB1,1892.0,0.0040962700476265676,,False,-0.1967450455986707,0.0470849529793333,34.949387170029446,59,89,False
CRYBB2,2584.0,0.8724332703290849,,False,-0.0642914774136972,-0.0485111804100896,0.0,59,89,False
CRYGD,1918.5,0.005659699496603092,,False,-0.5542636612424588,0.0877973147692439,35.86881266928562,59,89,False
CRYM,1895.0,0.00425109463627178,,False,-0.2906064348580839,0.0245095248047767,33.99612920090733,59,89,False
CRYZL1,1741.0,0.0005361504575623816,,False,-0.4372080690247226,0.197702309577689,37.09575222768531,59,89,False
CSDE1,2097.5,0.03884239316569789,,False,-0.2748306579252463,0.0305760426539116,34.318231293967884,59,89,False
CSF1,2564.5,0.8127059315180358,,False,0.0883986063314713,0.0937626895108603,0.08770058858556531,59,89,False
CSF1R,2759.0,0.6024583579760054,,False,0.2915228646160756,0.1904955519504594,-0.6657711286300413,59,89,False
CSF2,2198.0,0.09447264388621363,,False,-0.2216994949704409,-0.0375933091943378,0.0,59,89,False
CSF2RA,2855.5,0.36876305051929237,,False,0.2291734779931195,0.1677807624786527,-0.48126275100758237,59,89,False
CSF2RB,2333.0,0.2528057484699979,,False,0.3303354207883871,0.3546664465846136,0.1151775931544578,59,89,False
CSF3,2132.0,0.05351543099930535,,False,-0.0467133592020793,0.1913346070154343,37.04526496679394,59,89,False
CSF3R,2642.0,0.9500365525346026,,False,0.3216526786017671,0.4402105705411262,0.5145746175763635,59,89,False
CSH1,2768.5,0.5767938923958047,,False,0.3338761302035393,0.2989687354593566,-0.17740952849100136,59,89,False
CSNK1D,2431.0,0.44739619020212296,,False,-0.2555526316794257,0.1087301739960492,36.18790154366156,59,89,False
CSNK2A1,2492.0,0.6024583579760054,,False,-0.0596507271246633,0.0240321836981615,33.96751509365426,59,89,False
CSPG4,2549.0,0.7659785821070197,,False,-0.0451677105762237,-0.1265240670702873,0.0,59,89,False
CSPG5,2663.0,0.8847872399822222,,False,-0.029884453201787,-0.0499683995974961,0.0,59,89,False
CSRP3,2831.0,0.422065359361222,,False,-0.1543959274145224,-0.1524326706441706,0.0,59,89,False
CST1,2732.0,0.6780479805933892,,False,-0.0015194604423703,0.0198816410122639,33.691903653070085,59,89,False
CST3,2323.5,0.23769530658235827,,False,-0.008704619973174,-0.001536137395868,0.0,59,89,False
CST5,2095.5,0.038108548659829176,,False,-0.2118781031497231,0.0010491488219424,29.438330426214986,59,89,False
CST6,2678.5,0.837098542074207,,False,-0.1485333998734038,-0.1410868370238849,0.0,59,89,False
CST7,2288.5,0.1875579615587739,,False,-0.1635620433522022,-0.0302027627901414,0.0,59,89,False
CSTB,2570.0,0.829457994780519,,False,-0.200042313357218,-0.0879852776000676,0.0,59,89,False
CTBS,2597.0,0.9126817740333135,,False,0.0808327296818915,0.045608103847303,-0.8433903162277964,59,89,False
CTF1,2252.0,0.1440753669638899,,False,-0.3631534696846239,0.0732291647364333,35.599702370673896,59,89,False
CTHRC1,2141.5,0.058286744964285,,False,-0.1457149577283509,-0.0045191724587079,0.0,59,89,False
CTLA4,2878.0,0.32368735093728707,,False,0.0098934251550937,-0.1127914924344097,-32.680006096467324,59,89,False
CTNNA1,2587.0,0.8816959996060121,,False,0.0080471218356574,-0.0250121321305733,-32.38108478785205,59,89,False
CTRB1,2635.0,0.9718829900233396,,False,-0.0853512474119667,-0.1298777987517673,0.0,59,89,False
CTRC,2636.5,0.9671992434788319,,False,-0.0659010980025444,-0.1215736209741437,0.0,59,89,False
CTRL,2838.0,0.4063937160183084,,False,-0.0555104226587829,-0.2347855974439132,0.0,59,89,False
CTSB,2874.0,0.33142699761716155,,False,0.0123212250243806,-0.0907844360773581,-32.99782527450494,59,89,False
CTSC,2460.5,0.5194245311500645,,False,0.0166789233034207,-0.0343092297933849,-33.436888231500966,59,89,False
CTSD,2273.5,0.16864139709702008,,False,0.0109951339045634,0.0846063614384626,2.980909821810036,59,89,False
CTSE,2558.0,0.7930189171915708,,False,0.0236960091015351,0.0683926398666627,1.5516641658546122,59,89,False
CTSF,2724.0,0.7011282700287855,,False,0.0661027443797491,0.0105545549047971,-2.674741502395614,59,89,False
CTSH,2468.0,0.5386472825310568,,False,-0.0876016883322018,-0.0231726894896827,0.0,59,89,False
CTSL,2012.0,0.016363977744952515,,False,-0.1151808712122574,-0.0309616219760444,0.0,59,89,False
CTSO,2566.0,0.8172666511533354,,False,0.0209141979065245,0.1017949258307142,2.3238380658905795,59,89,False
CTSS,2336.0,0.25771345068644014,,False,-0.0683634875148875,0.0017160109074415,30.14850329457777,59,89,False
CTSV,2668.0,0.869349392101274,,False,-0.0014626112746421,0.004229556103177,31.45120803452251,59,89,False
CTSZ,2421.0,0.42346351531197646,,False,-0.0938162498220939,-0.0314519062774363,0.0,59,89,False
CUZD1,2207.0,0.10162725462167384,,False,-0.0562245472611045,0.0851511008633496,35.82332471069009,59,89,False
CWC15,2411.0,0.40198059845270595,,False,-0.076194013616351,-0.0359929960934898,0.0,59,89,False
CXADR,2320.0,0.23229258375251804,,False,-0.0204781607878126,0.1172871251308868,36.3015281623589,59,89,False
CXCL1,2326.5,0.24239635891665645,,False,-0.1898659484257736,-0.0764779923529804,0.0,59,89,False
CXCL10,2043.0,0.022649619128238527,,False,-0.2813992112018486,-0.0078092550380247,0.0,59,89,False
CXCL11,2254.0,0.14623789709029802,,False,-0.2030269148602779,-0.0867275058298674,0.0,59,89,False
CXCL12,2446.0,0.48329143832004473,,False,-0.2231858818752141,-0.1803747036864726,0.0,59,89,False
CXCL13,2882.0,0.31606643768681686,,False,-0.1487701872502896,-0.2279977765971382,0.0,59,89,False
CXCL14,2791.0,0.5181561309112641,,False,-0.0122087676366143,-0.1242682678054348,0.0,59,89,False
CXCL16,2759.0,0.6024583579760054,,False,0.1341266146183024,0.0913866875799619,-0.5751879145823,59,89,False
CXCL17,2565.5,0.8157454374297176,,False,-0.1551313317253379,-0.0243791953156732,0.0,59,89,False
CXCL3,1849.5,0.0023886845879649817,,False,-0.3697202674969028,0.0120124324158257,32.96105327379107,59,89,False
CXCL5,1734.0,0.0004840562806899771,,False,-0.6377368357981807,0.0286672337805617,34.22427462726197,59,89,False
CXCL6,2508.0,0.6468032599798217,,False,-0.1935414710173601,-0.1901623321258381,0.0,59,89,False
CXCL8,2890.0,0.3011808322630821,,False,-0.1317030341615869,-0.1716322229919651,0.0,59,89,False
CXCL9,2424.5,0.43232469106615246,,False,-0.1592185086039359,-0.0785956515194489,0.0,59,89,False
CYB5A,2687.0,0.8104117795490622,,False,-0.359721699576677,-0.2897090662362862,0.0,59,89,False
CYB5R2,1754.0,0.0006470101566579709,,False,-0.1917663094082099,0.0254697300625591,34.05205184579611,59,89,False
CYP24A1,2744.5,0.6425886086177308,,False,-0.0203664057154195,-0.086706239447921,0.0,59,89,False
CYTH3,2979.5,0.16446542859192304,,False,-0.0343327915035547,-0.1900746146782131,0.0,59,89,False
CYTL1,2737.0,0.6637730640966774,,False,-0.0799162445877148,-0.1811238445385395,0.0,59,89,False
DAAM1,1675.0,0.00019883699737731347,,False,-0.2983597405276859,0.1059395497056546,36.14897785109946,59,89,False
DAB2,1668.0,0.0001783187244754632,,False,-0.3232942211644607,0.1231329102873827,36.37466339580225,59,89,False
DAG1,2758.5,0.6038229042453711,,False,0.1711075878310533,0.135174688728596,-0.35836294736584445,59,89,False
DAND5,2488.0,0.5915893731785754,,False,-0.2583035166049683,0.4044753889769673,38.235454159313655,59,89,False
DAPK2,1835.0,0.001975549664483376,,False,-0.3215702064811458,0.0759498233320015,35.653702689826446,59,89,False
DAPP1,1791.0,0.0010900194194611518,,False,-0.7838804405449127,0.2283981476579228,37.31969898527832,59,89,False
DARS1,1912.0,0.0052330301076830565,,False,-0.5308253112294177,0.0125536685070974,33.02490498033698,59,89,False
DBH,2728.0,0.6895520189198758,,False,-0.0754091652043784,-0.1740095535531601,0.0,59,89,False
DBI,1513.0,1.3296937529722504e-05,,False,-0.3952430241545781,-0.0100120692157019,0.0,59,89,False
DBN1,1817.0,0.0015541681164859325,,False,-0.221949101920164,0.1323627775956433,36.4836274904505,59,89,False
DBNL,1714.5,0.00036274963000702863,,False,-0.4584765119086434,0.4094464266309313,38.25567915264151,59,89,False
DCBLD2,2759.5,0.6010941947057589,,False,0.0665424991121977,0.0080226151614361,-3.0815175146653866,59,89,False
DCC,2554.0,0.7809681142555116,,False,-0.0377667113808699,-0.0033051662516517,0.0,59,89,False
DCDC2C,2680.5,0.8302881054377291,,False,-0.348623072559815,-0.2782883561891937,0.0,59,89,False
DCLRE1C,3263.5,0.01217278542725623,,False,-0.0019721619001482,-0.3914737906519574,0.0,59,89,False
DCN,2534.5,0.7230197212121247,,False,-0.1282827393887901,-0.095529080487962,0.0,59,89,False
DCTD,1438.0,3.341085419730938e-06,,False,-0.5746178795669246,0.1469270875005789,36.64163003002542,59,89,False
DCTN1,1673.0,0.00019275889099479594,,False,-0.4621095206728494,0.0936001970010736,35.9640792593298,59,89,False
DCTN2,1573.0,3.789503493892854e-05,,False,-0.3535337174965972,0.146532525259199,36.63754993913846,59,89,False
DCTN6,2397.0,0.37190136352215597,,False,-0.2267709890977954,0.0099423282300525,32.68714423238632,59,89,False
DCTPP1,2155.0,0.065670924961738,,False,-0.0981332623998018,-0.0026464581971749,0.0,59,89,False
DCUN1D1,2516.0,0.6694687598609628,,False,-0.0456740336610372,0.0030848842426218,30.995345552626816,59,89,False
DCUN1D2,3069.5,0.0811326139012268,,False,-0.1657077251685363,-0.4404244980678247,0.0,59,89,False
DCXR,2109.0,0.0432991004404281,,False,-0.2207126239998252,0.1528586559038208,36.70174501532028,59,89,False
DDA1,3009.0,0.13362872252402463,,False,0.115347115595516,0.003721948360331,-5.009976504015223,59,89,False
DDAH1,1709.0,0.00033407480427887485,,False,-0.1761538386119223,0.1232251719651365,36.37579076839427,59,89,False
DDC,2884.0,0.3123005145445489,,False,-0.0007608514551872,-0.130234167253002,0.0,59,89,False
DDHD2,1531.0,1.8320218119904273e-05,,False,-0.3209684369112097,0.260061666144246,37.52328002347715,59,89,False
DDI2,1958.0,0.008996811688049512,,False,-0.560646503897107,-0.0322306938885587,0.0,59,89,False
DDR1,2520.0,0.680917090585689,,False,0.2520605780080619,0.2963590901443634,0.25642628416117247,59,89,False
DDT,1904.0,0.004747935439319502,,False,-0.1406259028816317,0.054520928971958,35.16467103363958,59,89,False
DDX1,2619.5,0.9828151379123803,,False,-0.1461329940085758,-0.0817644328465038,0.0,59,89,False
DDX25,2481.0,0.5727896004625448,,False,-0.0378855246989144,0.0465949605827763,34.9340486897384,59,89,False
DDX39A,2326.5,0.24239635891665645,,False,-0.1004276496830064,0.0130670813144249,33.08298998228667,59,89,False
DDX4,2585.0,0.8755189685149742,,False,-0.0308964332188914,-0.1180305177114606,0.0,59,89,False
DDX53,2755.5,0.6120412011249685,,False,-0.0822760316783273,-0.0494579434153456,0.0,59,89,False
DDX58,1741.0,0.0005361440749761494,,False,-0.3165893063128854,0.0354122036129968,34.53250351702326,59,89,False
DECR1,1677.0,0.0002050948318212105,,False,-0.4255973924746695,0.152029533719769,36.693476518150064,59,89,False
DEFA1_DEFA1B,2224.5,0.11676880293129877,,False,-0.0462585123035581,0.0436288411067771,34.83766612316518,59,89,False
DEFB103A_DEFB103B,2555.0,0.7839760111796805,,False,-0.0458121763852264,0.129136155777131,36.446385328154136,59,89,False
DEFB104A_DEFB104B,2634.0,0.9750060162868234,,False,-0.0547244743440622,0.0293138814866571,34.25678034392786,59,89,False
DEFB116,2520.0,0.680917090585689,,False,-0.0016334535949182,0.1483607275457691,36.6563679262535,59,89,False
DEFB118,2439.0,0.4663487619377161,,False,-0.1839475749508483,0.0322331298526636,34.39520542908784,59,89,False
DEFB4A_DEFB4B,2515.0,0.6666185096537225,,False,-0.166361951903104,-0.0790873382994606,0.0,59,89,False
DENND2B,2635.0,0.9718829900233396,,False,-0.04058655032759,-0.074889559529212,0.0,59,89,False
DENR,1620.0,8.289022089692708e-05,,False,-0.5248143151101522,0.0442384764923777,34.857992037491826,59,89,False
DFFA,1767.0,0.0007788903396412755,,False,-0.323595312685884,-0.0171292470182978,0.0,59,89,False
DGCR6,2054.0,0.025338017579868033,,False,-0.2682037144994244,0.0905219847527085,35.914280436143684,59,89,False
DGKA,1736.0,0.0004984370792415429,,False,-0.3451471960375071,-0.0091077317220023,0.0,59,89,False
DGKZ,2071.0,0.030034672030989536,,False,-0.1852894829211288,0.0049176381906623,31.66901159285336,59,89,False
DHODH,2252.0,0.1440753669638899,,False,-0.3246501195778201,0.171482985037418,36.87709878966602,59,89,False
DHPS,2395.0,0.36772120800966046,,False,0.0951435347346004,0.1622281214488791,0.8038872703950871,59,89,False
DHRS4L2,1769.5,0.0008069441079579828,,False,-0.2511989679551231,-0.0173363594714264,0.0,59,89,False
DIABLO,1427.0,2.7090039539238424e-06,,False,-0.6620229160624195,0.3523429780270612,38.009178306493055,59,89,False
DIPK1C,2889.0,0.3030155683466097,,False,0.0488418843239755,0.000214137693473,-7.857819050900188,59,89,False
DIPK2B,2453.5,0.5018085217731707,,False,-0.1002184400524235,0.0060196492258266,31.96127677358219,59,89,False
DKK1,2345.0,0.2728314498421349,,False,-0.1456660230116821,-0.1122837120602107,0.0,59,89,False
DKK3,2304.0,0.20870475926974352,,False,-0.1354638593038354,-0.0822795358654767,0.0,59,89,False
DKK4,2958.0,0.19352791530403157,,False,-0.0092271319686875,-0.1009691307544006,0.0,59,89,False
DKKL1,3144.0,0.04249437376647347,,False,0.0896566218154417,-0.2440522501134204,-35.89998517575873,59,89,False
DLG4,1785.0,0.0010029568026160584,,False,-0.2988487291555901,0.0973482632015809,36.02261763445562,59,89,False
DLGAP5,2833.0,0.41755228565687097,,False,0.0094653674009106,-0.1007264844316035,-32.61598025792492,59,89,False
DLK1,3014.0,0.12863008725513775,,False,0.4767159046714976,0.319175893166825,-0.6611645658516339,59,89,False
DLL1,2426.0,0.435776721836449,,False,0.0085155835193181,0.1086083129001107,3.723270258540781,59,89,False
DLL4,2539.0,0.7362660079343711,,False,0.0126857473745825,0.0528585562322555,2.079090952869499,59,89,False
DMD,1978.0,0.011281727846886445,,False,-0.196817809829346,0.070401489265241,35.541464411085855,59,89,False
DMP1,2498.0,0.6189276609973304,,False,-0.3009433759467604,-0.2828281205725541,0.0,59,89,False
DNAJA1,2819.5,0.44667069124598013,,False,-0.1415431716364317,-0.1267911963874864,0.0,59,89,False
DNAJA2,1714.5,0.00035473363968543676,,False,-0.6425444858775922,-0.0028787940357611,0.0,59,89,False
DNAJA4,2048.0,0.023839389260059674,,False,-0.4707980050199628,-0.0308362104171065,0.0,59,89,False
DNAJB1,1850.0,0.0024042709883026927,,False,-0.6478774728111403,-0.0964871722607632,0.0,59,89,False
DNAJB14,1827.0,0.0017767744620288959,,False,-0.3341231289653923,0.082973254820647,35.78484641214543,59,89,False
DNAJB2,1684.5,0.00022483980788867974,,False,-0.4642173211448094,-0.0658041164961903,0.0,59,89,False
DNAJB8,2276.0,0.17169102565245775,,False,-0.0492653332283203,0.0448904769961834,34.87942744000391,59,89,False
DNAJC21,1771.0,0.0008242382105723398,,False,-0.2015393297639043,-0.0004577871619396,0.0,59,89,False
DNAJC6,1842.0,0.002166049909744735,,False,-0.4415655165458376,0.0231624804940301,33.9139010721915,59,89,False
DNAJC9,1789.0,0.0010602506418961402,,False,-0.7673312648807136,-0.0352699004541585,0.0,59,89,False
DNER,2211.5,0.10536262150194238,,False,-0.1513059127857799,-0.0310656187873785,0.0,59,89,False
DNLZ,2864.0,0.35129490866774526,,False,0.1395929529406631,-0.0922687184927935,-36.56402799862691,59,89,False
DNM1,1790.0,0.001075039721669694,,False,-0.3850651261242644,0.1255196151268506,36.40357031071919,59,89,False
DNM3,1798.0,0.001200404321553333,,False,-0.1615119676692534,0.1462705929698413,36.634835580127564,59,89,False
DNMBP,1483.0,7.733932747440512e-06,,False,-0.2572375327373665,0.1476069556925212,36.64863605772031,59,89,False
DNPEP,2220.0,0.11271585009950062,,False,-0.1686693843214352,-0.0522642855317315,0.0,59,89,False
DNPH1,1681.5,0.00021985480923765257,,False,-0.4851148161624452,-0.0904199109489893,0.0,59,89,False
DOC2B,2143.0,0.05907175856541811,,False,-0.1603128680822417,0.036679636078479,34.58387257543792,59,89,False
DOCK9,2517.0,0.6723237790422716,,False,-0.0689673304695446,0.0485808465783357,34.995260791744954,59,89,False
DOK1,1625.0,8.991657296447233e-05,,False,-0.652385391584154,0.2007069965758897,37.119050318222705,59,89,False
DOK2,1479.0,7.186617327841579e-06,,False,-0.4149767111957347,0.5099865345878328,38.62539887290967,59,89,False
DPEP1,2836.0,0.41083562579222666,,False,-0.0117639007032395,0.0157774459848372,33.35627417246519,59,89,False
DPEP2,3031.0,0.11271585009950062,,False,0.3858283273896052,0.2974489782708011,-0.4212489287291919,59,89,False
DPP10,2609.5,0.9515959177701806,,False,-0.0096823080246631,-0.0340410235849549,0.0,59,89,False
DPP4,1908.0,0.004904121040934695,,False,-0.2662203932045552,-0.0877406826355973,0.0,59,89,False
DPP6,2614.0,0.9656382785109514,,False,-0.0383117329797019,-0.0682411390588017,0.0,59,89,False
DPP7,2029.0,0.01958956325764104,,False,-0.1631746592170272,0.2294329219103819,37.326751521041764,59,89,False
DPT,2497.5,0.6175474043089562,,False,-0.0925213168562716,-0.1196759709014638,0.0,59,89,False
DPY30,1849.0,0.002373235022350224,,False,-0.2553044687069328,0.1442869569585159,36.61412825865378,59,89,False
DRAXIN,2890.0,0.3011808322630821,,False,-0.0788539493176121,-0.2634528518869108,0.0,59,89,False
DRG2,1694.0,0.00026627139660383837,,False,-0.1523245253403746,0.1019668154775799,36.09182606152855,59,89,False
DSC2,2936.0,0.22472649439143622,,False,0.1570130924231659,0.0751904667073898,-1.103723174369346,59,89,False
DSCAM,2932.0,0.23076551383843358,,False,0.2412248553227596,0.1215866590756876,-1.0494659772877355,59,89,False
DSG2,2804.5,0.4845134774085911,,False,0.0373671804954716,-0.05324640396399,-34.611010203518624,59,89,False
DSG3,2821.0,0.4450583038023409,,False,-0.0471707726680901,-0.0967553500937516,0.0,59,89,False
DSG4,3002.0,0.14087728582767656,,False,0.0701853441749188,0.0382110700563375,-0.8932663783972427,59,89,False
DTD1,1701.0,0.00029612599440049223,,False,-0.5115423170153122,0.115753565229283,36.281763037148984,59,89,False
DTNB,1855.0,0.002565097009839554,,False,-0.0966466045798043,0.1627626844753739,36.797359022328585,59,89,False
DTX2,2859.0,0.36150609182773885,,False,-0.089423265275887,-0.0843798211631019,0.0,59,89,False
DTX3,2168.0,0.0734939058703499,,False,-0.2001522322204506,-0.099275542287552,0.0,59,89,False
DTYMK,1809.0,0.0013948980663449635,,False,-0.5196610415472613,-0.0132611113796418,0.0,59,89,False
DUOX2,2841.0,0.39978486264143376,,False,-0.0101641324402374,-0.048161084268944,0.0,59,89,False
DUSP13,2758.5,0.6038229042453711,,False,-0.0262800179865134,-0.0981065502323627,0.0,59,89,False
DUSP29,2518.0,0.6751835313154204,,False,-0.0911971013109961,-0.1404272454024393,0.0,59,89,False
DUSP3,2385.0,0.3472621163580224,,False,-0.0340281387732821,0.1178984167826106,36.30933765066053,59,89,False
DUT,2054.0,0.025338017579868033,,False,-0.4218266311076992,0.1104658309862366,36.21162818469048,59,89,False
DXO,1590.0,5.048388956627361e-05,,False,-0.2617481089792788,0.1332461395227378,36.493672210242735,59,89,False
DYNC1H1,2239.5,0.13111057693199413,,False,-0.1153466539309131,-0.0153397279413605,0.0,59,89,False
DYNLT1,2058.5,0.026514719313438552,,False,-0.1942953488929051,0.045626953158524,34.90327449511675,59,89,False
DYNLT3,1800.0,0.0012337890726763492,,False,-0.4459080562166878,-0.0762957031350366,0.0,59,89,False
EBAG9,1763.0,0.0007358677120533253,,False,-0.4418162311879637,0.0081089739301981,32.39216224153247,59,89,False
ECHDC3,2088.0,0.0354609049750723,,False,0.0063118678350953,0.3153344605847846,5.800052855485327,59,89,False
ECHS1,1583.0,4.488297871980608e-05,,False,-0.5843761395109299,0.1160478350230742,36.28557512061589,59,89,False
ECI2,2132.0,0.05351543099930535,,False,-0.2739255429439913,0.059210378472817,35.28607109270737,59,89,False
ECM1,2352.5,0.28588422660348956,,False,-0.0879569831006538,-0.0315786951221353,0.0,59,89,False
ECSCR,2460.0,0.5181561309112641,,False,-0.136262314357075,0.0565631642886145,35.21875138940995,59,89,False
EDA2R,2342.0,0.2677261255405966,,False,-0.139519649775582,-0.0824395826402489,0.0,59,89,False
EDAR,2312.0,0.2202726721000705,,False,-0.0896587941001521,-0.0011166778867065,0.0,59,89,False
EDDM3B,2613.0,0.9625166888922004,,False,0.0015011913502071,-0.006861984241525,-29.955445024423867,59,89,False
EDF1,1816.0,0.0015333819471806784,,False,-0.4413583408663156,0.018548223322739,33.59107962588634,59,89,False
EDIL3,2996.0,0.14732843447269345,,False,-0.0283779757381466,-0.1557809693057421,0.0,59,89,False
EDN1,2821.0,0.4450583038023409,,False,-0.0747527873124843,-0.0575966802988579,0.0,59,89,False
EDNRB,2913.5,0.2601914846839434,,False,0.0199829715250024,-0.1243513665501013,-33.699288726422466,59,89,False
EEF1D,1782.0,0.0009618822332698269,,False,-0.3744733515822268,0.3456795040416989,37.978166970655955,59,89,False
EFCAB14,2606.0,0.9406843188674828,,False,-0.0446768106138004,0.0469265376889835,34.94444546342052,59,89,False
EFCAB2,1850.0,0.002403017210161086,,False,-0.211400951054983,0.0342447375516854,34.48355311716151,59,89,False
EFEMP1,2054.0,0.02506428411431349,,False,-0.1569053069781034,-0.0117151939569513,0.0,59,89,False
EFHD1,2621.0,0.9875014747995827,,False,-0.1092022484789709,-0.1166741037406054,0.0,59,89,False
EFNA4,2508.0,0.6468032599798217,,False,-0.0314463636325569,0.0031819961912549,31.04010988037267,59,89,False
EFNB2,2711.0,0.7392204102046427,,False,0.082026187509051,0.1835799932736939,1.2138081576251882,59,89,False
EGF,1644.5,0.00012306420092504113,,False,-0.6767915878032046,0.2153847758015622,37.22839090149053,59,89,False
EGFL7,2668.0,0.869349392101274,,False,-0.0652121658042184,-0.010175089189331,0.0,59,89,False
EGFLAM,2957.0,0.1948728122922636,,False,-0.0207078956363638,-0.0987624147200821,0.0,59,89,False
EGFR,2412.0,0.4041835529670813,,False,-0.0287538828904581,0.0096503684954656,32.64399838714306,59,89,False
EGLN1,1694.0,0.00026627139660383837,,False,-0.3365977480831864,0.0443750289640959,34.86250702221677,59,89,False
EHBP1,1853.0,0.002499621384042185,,False,-0.1598198537820983,0.0826080770923627,35.77829854624438,59,89,False
EHD3,1611.0,7.15316235301945e-05,,False,-0.5733712176427284,0.3801669598738146,38.13333099261658,59,89,False
EIF1AX,2886.5,0.3076344084441296,,False,-0.0070440385274151,-0.1329609179446531,0.0,59,89,False
EIF2AK2,1850.0,0.0024042709883026927,,False,-0.4109937870283252,0.2684235146451146,37.57324580910742,59,89,False
EIF2AK3,1676.0,0.0002019431439702557,,False,-0.439423836647915,0.4142923434506064,38.27519170257764,59,89,False
EIF2S2,1729.0,0.00044977958567328497,,False,-0.5018017836778595,0.1171681132249739,36.300003196626456,59,89,False
EIF4B,1734.0,0.0004840562806899771,,False,-0.698437286554751,-0.042432668157348,0.0,59,89,False
EIF4E,1471.0,6.20105368669525e-06,,False,-0.7878952016082152,0.216643004121191,37.23743908041292,59,89,False
EIF4EBP1,1886.0,0.0038018744819469023,,False,-0.5884656855298921,-0.0803377419753939,0.0,59,89,False
EIF4G1,1895.0,0.00425109463627178,,False,-0.5273782506521264,0.1497699942840895,36.670724059510256,59,89,False
EIF4G3,1508.0,1.2170420056067138e-05,,False,-0.5720418021157714,0.4335907409478632,38.35099758913257,59,89,False
EIF5,2152.0,0.0639666622032592,,False,-0.2649939704596994,-0.0666629183208514,0.0,59,89,False
EIF5A,2639.0,0.9593956737462789,,False,0.062016509337464,-0.004044324653548,-35.35428623176522,59,89,False
ELAC1,1490.0,8.788945762987927e-06,,False,-0.5214590608805665,0.1407616971915874,36.57665053476995,59,89,False
ELAVL4,2535.0,0.7244874974107941,,False,-0.1181568875139662,-0.0400736339683795,0.0,59,89,False
ELN,2783.0,0.5386472825310568,,False,0.0505368946793773,-0.0520781568665693,-35.05319380257663,59,89,False
ELOA,1806.0,0.0013391566472651174,,False,-0.1841711422927074,0.0010636210866585,29.45810260878095,59,89,False
ELOB,2876.0,0.32754233612715955,,False,-0.0758869158971169,-0.1411486967008971,0.0,59,89,False
ENAH,2227.0,0.11906993750480845,,False,-0.1784497374317565,0.0485811534635387,34.995270059524344,59,89,False
ENDOU,3127.0,0.04963614422536093,,False,0.5059251715580173,0.2951712734664503,-0.8876180852511822,59,89,False
ENG,2266.0,0.1597379610019033,,False,-0.0519977561610294,0.0162477105120611,33.3988824957098,59,89,False
ENO1,1424.0,2.557616441933574e-06,,False,-0.5776703223836391,0.1834142541565107,36.98022701440087,59,89,False
ENO2,1553.0,2.6895151205854582e-05,,False,-0.4705029926703756,0.0498412664344848,35.03284768033051,59,89,False
ENO3,2511.0,0.655265908969387,,False,-0.2261483865134945,-0.1699514463072259,0.0,59,89,False
ENOPH1,2993.0,0.15063735749606752,,False,0.0057838917315786,-0.2195165861848682,-31.903519939874343,59,89,False
ENPEP,2335.0,0.2560702599687128,,False,-0.0818200065238545,-0.0009665146527592,0.0,59,89,False
ENPP2,2699.0,0.7749621839402808,,False,0.1722402995568798,0.1477353918739829,-0.2338861138494228,59,89,False
ENPP5,2815.5,0.45800183569515396,,False,-0.1222944768785717,-0.1339956206162709,0.0,59,89,False
ENPP6,2729.0,0.686669146542032,,False,-0.0908408448178605,-0.1195530324895943,0.0,59,89,False
ENPP7,2738.5,0.6595136867717737,,False,0.235295643692677,0.0162830543520365,-3.9641286207961346,59,89,False
ENSA,1963.0,0.00952552166718475,,False,-0.2706718940317063,0.1112622746353702,36.22239582376449,59,89,False
ENTPD2,2127.0,0.05113780310721934,,False,-0.1271021381756414,0.0108170605926952,32.809235002806474,59,89,False
ENTPD5,2359.5,0.29844218153770874,,False,-0.051989177995573,0.0075451693390605,32.28791398996157,59,89,False
ENTPD6,2045.5,0.023237894430652384,,False,-0.0408486039150355,0.095304092332026,35.99096710052973,59,89,False
ENTR1,2124.0,0.04975448863811852,,False,-0.1422032275401148,0.0700015416232422,35.53304356220016,59,89,False
EPB41L5,2682.0,0.8264060262402467,,False,0.0748353907271743,-0.1584216417480435,-35.631814714325024,59,89,False
EPCAM,2862.5,0.35433845119506313,,False,-0.061083272951514,-0.1324215705062146,0.0,59,89,False
EPGN,2711.0,0.7392204102046427,,False,0.0282793413853465,-0.0065351701505325,-34.20442586414275,59,89,False
EPHA1,2657.5,0.9018190896769981,,False,0.0757589404993202,0.0974990569633689,0.37495094685417946,59,89,False
EPHA10,2678.0,0.8386286999513577,,False,-0.0370413669178545,0.0053867150173018,31.800686418390764,59,89,False
EPHA2,2477.5,0.5628563701893355,,False,-0.0931639015649147,-0.0847263408425383,0.0,59,89,False
EPHA4,3106.5,0.05986481707626394,,False,0.0342926366133737,-0.0771541652135177,-34.48559368900816,59,89,False
EPHB4,2986.5,0.1580002672932559,,False,0.0951737709214039,0.06240614259001,-0.625408929142642,59,89,False
EPHB6,2646.5,0.9360111274069419,,False,0.1146637330700965,0.0364273243349118,-1.6937758025325114,59,89,False
EPN1,2677.0,0.841682446955832,,False,0.017717896462204,-0.0225852106646194,-33.52458992230061,59,89,False
EPO,2723.0,0.704033335310365,,False,0.5656030609579471,0.2930444849838408,-1.0916976783782588,59,89,False
EPPK1,2618.0,0.9781294257672235,,False,0.0096833029975515,-0.0078975947651466,-32.64893007875616,59,89,False
EPS8L2,2392.0,0.36150609182773885,,False,-0.061218285187411,-0.0356755514980433,0.0,59,89,False
ERBB2,2389.0,0.3553572504555448,,False,-0.0059559128024666,0.0504861231314907,35.05171814635084,59,89,False
ERBB3,2539.5,0.7377424910152388,,False,0.0220663229964688,0.0608232446981583,1.4822477748095686,59,89,False
ERBB4,2457.0,0.5105772014275591,,False,-0.0860775728956682,0.0008129056994365,29.07015286125519,59,89,False
ERBIN,1838.0,0.0020552378774798866,,False,-0.4427779649010331,0.0640890268658434,35.402755077870054,59,89,False
ERC2,2134.0,0.05449190213809649,,False,-0.2162632892154862,0.2191806628091355,37.255540712060174,59,89,False
ERCC1,2590.5,0.8920757583179394,,False,-0.1081257870999765,-0.0510304406506058,0.0,59,89,False
EREG,2030.0,0.019795512838676314,,False,-0.1679586590764446,0.0002354338625348,27.282097943319297,59,89,False
ERI1,2216.0,0.1091884155491487,,False,-0.1185754258989032,-0.0045542007779458,0.0,59,89,False
ERMAP,2387.0,0.35129490866774526,,False,0.01892025801115,0.0427197528364364,1.186913653241146,59,89,False
ERN1,1722.0,0.00040558442003146866,,False,-0.224016612546006,0.0360220880954459,34.55744490816884,59,89,False
ERP29,1628.0,9.439859551568959e-05,,False,-0.4908015810641154,0.1851160874054698,36.99442055365531,59,89,False
ERP44,2067.0,0.028867000139266123,,False,-0.127728168444007,0.0329312161440312,34.4264672958337,59,89,False
ERVV-1,2894.0,0.29391600610290103,,False,0.2594355095002401,0.2101855329596322,-0.329005262647555,59,89,False
ESAM,2821.0,0.4450583038023409,,False,0.0415233854420621,0.0435308231089013,0.06912187692577729,59,89,False
ESM1,2609.5,0.9515959177701806,,False,-0.2356384506402653,-0.2739172273720973,0.0,59,89,False
ESPL1,2926.5,0.2372946141353941,,False,-0.0144816019570833,-0.3096973927182842,0.0,59,89,False
ESR1,2560.0,0.7990631045068709,,False,-0.3165713708591562,-0.3167593123406257,0.0,59,89,False
ESYT2,1853.0,0.002499621384042185,,False,-0.3907201795276675,0.0426808388074403,34.80549613613688,59,89,False
EVI2B,2577.5,0.8518149485849007,,False,-0.2847505183732985,-0.14220359465982,0.0,59,89,False
EVI5,1899.0,0.004465781398516178,,False,-0.3381221102251963,0.0535409902553961,35.13801168411624,59,89,False
EVPL,2217.0,0.11005740921429659,,False,-0.208005590838791,0.0356014488990614,34.540287862800554,59,89,False
EXOSC10,2781.0,0.5438328369554082,,False,-0.0611790817215945,-0.0137320378483856,0.0,59,89,False
EXTL1,2503.0,0.6328002631351767,,False,-0.0848651608774848,-0.0159588334799298,0.0,59,89,False
EZR,2104.0,0.041311021787828896,,False,-0.1179109739832597,-0.0025776065849332,0.0,59,89,False
F10,2685.0,0.8171735508999564,,False,0.0238754541098402,0.0373223748563044,0.6512598428198222,59,89,False
F11,2575.5,0.8462876466963534,,False,-0.0410828541947916,-0.0482664946522665,0.0,59,89,False
F11R,1818.0,0.0015752134840212443,,False,-0.1591792416925049,0.082390243860443,35.774379254617195,59,89,False
F12,2801.5,0.49188566200129613,,False,0.1432718672848329,0.0472287386238601,-1.649568374727687,59,89,False
F13B,2475.5,0.5582192000112967,,False,0.0068889678927,0.0019728988564126,-1.8064301507872709,59,89,False
F2,2655.5,0.9080240888129749,,False,0.0135314621705294,-0.0014204406265323,-33.13360333633572,59,89,False
F2R,1994.0,0.013466316778919716,,False,-0.1448903089830364,0.0301754695141704,34.29900482728229,59,89,False
F3,2343.0,0.26942055389980923,,False,-0.0861399251198095,-0.0466845264291843,0.0,59,89,False
F7,2471.5,0.5477378617781307,,False,0.1098342375041099,0.1132545822586511,0.04597378924896414,59,89,False
F9,2378.5,0.33435906726236164,,False,0.0167641295689834,0.0520474704961108,1.6521622634237223,59,89,False
FABP1,2341.5,0.26688122111306567,,False,-0.0117742471544359,-0.119710511040653,0.0,59,89,False
FABP2,2635.0,0.9718829900233396,,False,-0.1197636934075819,-0.0654032732304614,0.0,59,89,False
FABP3,2353.5,0.2868647442798209,,False,-0.2777764239042672,-0.0783731709784919,0.0,59,89,False
FABP4,2555.0,0.7839758162168882,,False,-0.2474567165108941,-0.1085492729058971,0.0,59,89,False
FABP5,1733.0,0.0004770118832356421,,False,-0.6256710019305425,-0.0464553297566998,0.0,59,89,False
FABP6,2693.0,0.7930189171915708,,False,0.1034883349198389,0.0240485492917949,-2.1454588745236203,59,89,False
FABP9,2727.0,0.6924394048424021,,False,-0.0986593031148211,-0.0859536741708701,0.0,59,89,False
FADD,1646.0,0.00012604416838177,,False,-0.4619538145223716,0.2513296274315749,37.46951209591397,59,89,False
FAM13A,1957.0,0.008894270000531715,,False,-0.2987542595142257,0.1705548014958209,36.86879546586783,59,89,False
FAM171A2,2656.0,0.9064724474213564,,False,-0.1098999746272225,0.0541848876452015,35.155582348803144,59,89,False
FAM171B,3040.5,0.10452319088843627,,False,0.276657643127069,0.1043499611499869,-1.494720957344485,59,89,False
FAM172A,1572.0,3.7256099226072275e-05,,False,-0.2954676324210722,0.0317853470516857,34.37479826892025,59,89,False
FAM20A,2270.0,0.16444138349370008,,False,-0.0769933488589344,0.008764375903314,32.504622250194835,59,89,False
FAM3B,2884.0,0.3123005145445489,,False,-0.0434098804276098,-0.0590534026873936,0.0,59,89,False
FAM3C,2342.0,0.2677261255405966,,False,-0.1531786609756365,-0.0734658737943337,0.0,59,89,False
FAM3D,2917.0,0.2544343616914828,,False,0.0163450482023159,-0.1490385819050222,-33.40754844760934,59,89,False
FAP,2339.5,0.26352170639731276,,False,-0.0692904269499215,-0.0055821090691729,0.0,59,89,False
FARSA,1821.0,0.0016399339700056694,,False,-0.3236786678014201,0.2016042492927757,37.1259445045587,59,89,False
FAS,2630.0,0.9875014747995827,,False,0.0714167825292386,0.0672612341794404,-0.08858230511415219,59,89,False
FASLG,2537.0,0.7303689264798503,,False,-0.0955303115141606,0.011490248671995,32.896673534449896,59,89,False
FBLN2,2240.5,0.13211324106313754,,False,-0.1236494216718782,0.0255896963439391,34.058891364324765,59,89,False
FBN2,2713.0,0.7333155000061506,,False,0.1896800128008657,0.2811539017632158,0.6147726567622527,59,89,False
FBP1,2296.0,0.1975839861481351,,False,-0.0460719933176727,0.1252848789894298,36.40075071071498,59,89,False
FCAMR,2426.0,0.435776721836449,,False,-0.0483895535427282,0.0481050170536753,34.980821283402896,59,89,False
FCAR,2076.0,0.03155115644185743,,False,-0.2577740551072832,0.0712752439083349,35.5596999868485,59,89,False
FCER1A,2484.0,0.5808120398989743,,False,-0.0589953398561373,-0.0225814677571649,0.0,59,89,False
FCER2,2263.0,0.1562776923367385,,False,-0.1760996220181608,-0.0113552745391092,0.0,59,89,False
FCGR2A,2851.5,0.37716736640731485,,False,0.0321289216222515,-0.0761420514139681,-34.39048140856192,59,89,False
FCGR2B,2467.0,0.5360634581781165,,False,-0.2629397947763652,-0.1979627515579718,0.0,59,89,False
FCGR3B,2252.0,0.14407388248108993,,False,-0.1116432465939643,0.0464695541861066,34.930097523127145,59,89,False
FCN1,2336.0,0.25771345068644014,,False,-0.2115179941548936,-0.0138275530505068,0.0,59,89,False
FCN2,3057.5,0.09104956276226633,,False,0.1498567497994594,0.0995418648137689,-0.615728556292107,59,89,False
FCRL1,2552.0,0.7749621839402808,,False,-0.0498701071764796,-0.0718418452507885,0.0,59,89,False
FCRL2,2528.0,0.704033335310365,,False,-0.1436075793649452,0.0009607609093054,29.311316246248804,59,89,False
FCRL3,2307.5,0.21371019087077403,,False,-0.024041124847876,0.0019251178230781,30.31449589283196,59,89,False
FCRL5,2841.0,0.39978486264143376,,False,0.009590283163453,-0.1139927649248322,-32.6349576919211,59,89,False
FCRL6,2519.0,0.6780479805933892,,False,0.0409112067649519,0.1006120445691189,1.3283294521368634,59,89,False
FCRLB,2237.0,0.12862973356736443,,False,-0.0591181200807762,0.0395890025744556,34.69545406184724,59,89,False
FDX1,2429.0,0.44272739910183756,,False,-0.1855392709857758,-0.0211340608580743,0.0,59,89,False
FDX2,2585.0,0.8755189685149742,,False,-0.0286634505523886,-0.0648442810152658,0.0,59,89,False
FEN1,2214.0,0.1074846090291711,,False,-0.0548609768849221,0.0079705165897618,32.367246806166094,59,89,False
FES,2589.0,0.8878801320113713,,False,0.0417107732755341,-0.0451108364300881,-34.77184026786324,59,89,False
FETUB,2406.5,0.3921563372538912,,False,0.0536526944659199,0.076165300218403,0.5168239574807252,59,89,False
FGA,2041.5,0.022303099637841262,,False,-0.029117738834332,0.0615132099195137,35.342276723318875,59,89,False
FGD3,1261.0,9.20080099627033e-08,,False,-0.6318039780792205,0.3061763798293845,37.78260026696671,59,89,False
FGF12,2938.0,0.22175033087983953,,False,0.1130744962333722,-0.0514641972303953,-36.2466227381449,59,89,False
FGF16,2242.0,0.13362872252402463,,False,-0.1851932922875397,0.0298851073059285,34.284909646732046,59,89,False
FGF19,2790.5,0.5194245311500645,,False,0.2762440841117506,0.1163201407671604,-1.3296171380646116,59,89,False
FGF2,1836.0,0.0020018045392586883,,False,-0.1335372541632059,0.0810859132373488,35.75069872085407,59,89,False
FGF20,2845.0,0.39107254719838214,,False,0.1077034882904955,-0.025404267960473,-36.17369439824634,59,89,False
FGF21,2552.0,0.7749621839402808,,False,-0.5048296751181244,0.1328914404476015,36.48964658313782,59,89,False
FGF23,2694.5,0.7884937103781746,,False,0.2038616775063164,0.0177760878829644,-3.6138145963401707,59,89,False
FGF5,2665.0,0.8786065603480493,,False,-0.0418807281640456,-0.0881211156258649,0.0,59,89,False
FGF6,2466.5,0.5347740772381311,,False,-0.1316402805264943,0.0079770074846988,32.36842445414129,59,89,False
FGF7,2904.5,0.27340424561100385,,False,-0.1319826716670706,-0.3798369100258125,0.0,59,89,False
FGF9,2718.5,0.716026311899642,,False,-0.4333579298093187,-0.259554364416209,0.0,59,89,False
FGFBP1,3189.0,0.027462546081474526,,False,0.5608735819753978,0.1320135815303315,-2.3099899640704455,59,89,False
FGFBP2,2164.0,0.0710095325030765,,False,-0.016474128386243,0.1521533377677302,36.694713876797266,59,89,False
FGFBP3,2234.0,0.1257014024160824,,False,-0.1699448126580412,-0.0406689895148596,0.0,59,89,False
FGFR2,2794.0,0.5105760275981189,,False,-0.0027802431413912,-0.0202722969497138,0.0,59,89,False
FGFR4,2238.0,0.12961801231714468,,False,-0.2194272518982956,-0.026375543251697,0.0,59,89,False
FGL1,1876.0,0.0033536641010245877,,False,-0.026443250112879,0.2330380972266016,37.35109564604911,59,89,False
FGR,1687.0,0.00023925643080606953,,False,-0.2268619330545343,0.0795014204009878,35.72142846034663,59,89,False
FH,3060.0,0.08919183667056375,,False,0.4340667938113556,-0.1029792324955478,-38.35283063818647,59,89,False
FHIP2A,2597.0,0.9126817740333135,,False,-0.1290324673301837,-0.0609977166175853,0.0,59,89,False
FHIT,1843.0,0.0021945957651157855,,False,-0.4959896597239469,0.1000350439368009,36.0632546835602,59,89,False
FIS1,1405.5,1.7887144304900475e-06,,False,-0.3294704057158456,0.1627416025465392,36.79716140522163,59,89,False
FKBP14,1534.0,1.9313018033099617e-05,,False,-0.2757351348425092,0.2495450268564939,37.458313395617864,59,89,False
FKBP1B,1926.0,0.006190868056286495,,False,-0.3186855257737119,0.0878759810694236,35.87014447598799,59,89,False
FKBP4,1564.0,3.2500406063652176e-05,,False,-0.4224164156205788,0.0847004942516519,35.81544240348646,59,89,False
FKBP5,1672.0,0.00018978573131786552,,False,-0.627406807941716,0.1070653714952998,36.16479834554967,59,89,False
FKBP7,2296.0,0.19758440098160523,,False,-0.0911830159572122,-0.0127467635131587,0.0,59,89,False
FKBPL,1849.0,0.002373235022350224,,False,-0.310751892561106,0.0149151787276653,33.274759855759655,59,89,False
FLRT2,3053.0,0.09447233884629022,,False,-0.0398099064983866,-0.1122642737256389,0.0,59,89,False
FLT1,2511.0,0.655265908969387,,False,-0.1370384394043666,-0.074491842337554,0.0,59,89,False
FLT3,2498.0,0.6189273364639418,,False,-0.2083489160895618,-0.1200487623712276,0.0,59,89,False
FLT3LG,2772.0,0.5674703352436647,,False,0.0793798469178308,0.0035518240230481,-4.520236397782615,59,89,False
FLT4,2873.0,0.33338045346555667,,False,0.4475831704488781,0.3009876104340028,-0.6489151162041437,59,89,False
FMNL1,2495.0,0.610668381636388,,False,-0.1361271692415361,-0.0924284821741168,0.0,59,89,False
FMR1,2723.0,0.7040330743297399,,False,-0.0193682753368373,-0.2564031810556363,0.0,59,89,False
FN1,2188.5,0.08736418205103617,,False,-0.1022645983057394,-0.0398269096725567,0.0,59,89,False
FNDC1,2041.0,0.0221887045344658,,False,-0.2436123599659764,-0.0605437506190016,0.0,59,89,False
FNTA,2019.0,0.01763086027537667,,False,-0.217597988290269,-0.0192921660673976,0.0,59,89,False
FOLH1,2228.0,0.12000014480077419,,False,-0.0163787279181586,0.153566143135979,36.708766947996544,59,89,False
FOLR1,2840.0,0.40198059845270595,,False,0.1124788938569639,0.1300440878080311,0.21825211472966513,59,89,False
FOLR2,2630.0,0.9875014747995827,,False,-0.0569717209902055,-0.0572873251891379,0.0,59,89,False
FOLR3,2545.0,0.7540494226139913,,False,-3.821842340974404,-3.755219668323487,0.0,59,89,False
FOS,2812.5,0.4632850495295975,,False,-0.1831971067161963,-0.1658924694838169,0.0,59,89,False
FOSB,2405.0,0.3889148021654174,,False,-0.1020232575041367,-0.0229522453508267,0.0,59,89,False
FOXJ3,1904.0,0.004747935439319502,,False,-0.150026194948717,0.0758317620858287,35.6513987797251,59,89,False
FOXO1,1639.0,0.00011270386060789645,,False,-0.4683705432298096,0.09850231158876,36.04020352716166,59,89,False
FOXO3,2012.0,0.016363878401333923,,False,-0.4830204647107006,-0.026342195836809,0.0,59,89,False
FRMD4B,1838.0,0.0020552378774798866,,False,-0.4254479433837989,0.0618240169713071,35.349704367772425,59,89,False
FRMD7,2878.0,0.32368690314727067,,False,0.062467993324798,-0.0412179653291168,-35.3649784588241,59,89,False
FRZB,2899.0,0.2850015450951118,,False,0.00336283365827,-0.0497878338743852,-31.11994564255541,59,89,False
FSHB,2512.0,0.657570483988875,,False,-0.0912673570862197,-0.0676546048142234,0.0,59,89,False
FST,2612.5,0.9609560704202879,,False,0.3617202697632584,0.3038735056840693,-0.2814379349329372,59,89,False
FSTL1,2678.0,0.8386286999513577,,False,-0.0152463574919607,-0.0198699010989474,0.0,59,89,False
FSTL3,2544.5,0.7525621086816695,,False,-0.0834600842559251,-0.0497567647588474,0.0,59,89,False
FTCD,2255.5,0.14787565430814906,,False,0.0273835919016885,0.4072806179763686,4.089353966233052,59,89,False
FUCA1,2658.0,0.900268832263371,,False,0.0839444972890842,-0.0184770291576339,-35.802126091930035,59,89,False
FURIN,2494.0,0.6079261927210171,,False,0.0901511477981994,0.1291373894554736,0.5382290107987376,59,89,False
FUS,2317.0,0.22773109523735224,,False,-0.063622299948401,-0.0106114263731866,0.0,59,89,False
FUT1,2549.0,0.7659668068609808,,False,0.0012860033156359,-0.0442795581282966,-29.732123892759695,59,89,False
FUT3_FUT5,2468.0,0.5386472825310568,,False,0.0134444966459987,-0.0099649773390933,-33.1242577872153,59,89,False
FUT8,2354.0,0.28854514108546836,,False,-0.016299952202895,0.0490171955538689,35.00838051022456,59,89,False
FXN,1636.0,0.0001074044088738595,,False,-0.3638097555867191,0.0189801941705964,33.624509828811405,59,89,False
FXYD5,1882.0,0.0036164340948447796,,False,-0.2144364816343199,-0.0263961671871959,0.0,59,89,False
FYB1,1600.5,6.014073615722109e-05,,False,-0.5299707807883814,0.4319838975036404,38.34479764515988,59,89,False
FZD10,2673.0,0.8539614251046532,,False,-0.2170915931881862,-0.4482454377434128,0.0,59,89,False
FZD8,2285.0,0.18301020352177766,,False,-0.1778655710183708,0.0872844626519595,35.86010169888321,59,89,False
GABARAP,2775.5,0.5582195642433273,,False,-0.0381378589365171,-0.2494074725570898,0.0,59,89,False
GABRA4,2994.0,0.14952814631641695,,False,0.0998293445389423,-0.168570772441393,-36.06018101695568,59,89,False
GAD1,3057.5,0.08970432309746938,,False,-0.0878272794587901,-0.4733718811264132,0.0,59,89,False
GAD2,2192.0,0.08993134850275608,,False,-0.0206344447446035,0.0518836284400936,35.09181351158884,59,89,False
GADD45B,2161.0,0.06917737467654964,,False,-0.0954809626965079,0.1302375288931477,36.459196509897396,59,89,False
GADD45GIP1,1846.0,0.0022822933545492167,,False,-0.1732610396488993,-0.0110002737872461,0.0,59,89,False
GAGE2A,3154.5,0.03766965774773196,,False,-0.1123002107314245,-0.6717365081911973,0.0,59,89,False
GAL,2084.5,0.03427982453860291,,False,-0.2281413692512519,0.0042489682899659,31.4578240634623,59,89,False
GALNT10,2545.0,0.7540494226139913,,False,0.0331770546238304,0.0792594457579737,1.2795879000064623,59,89,False
GALNT2,2724.0,0.7011282700287855,,False,0.0052184223555635,-0.0246617616598532,-31.75481019281711,59,89,False
GALNT3,2740.0,0.655265908969387,,False,0.149944844838042,0.134838621979588,-0.16087547206258082,59,89,False
GALNT5,2586.0,0.8786065603480493,,False,-0.2293949257615957,-0.2563437601241747,0.0,59,89,False
GALNT7,2695.0,0.786986754409535,,False,-0.0510698784906855,-0.0458545706426723,0.0,59,89,False
GAMT,2406.0,0.3910738624438298,,False,-0.0282992754602865,-0.025419279168177,0.0,59,89,False
GAPDH,1554.0,2.736402109863655e-05,,False,-0.4071758458429235,0.0145794179398298,33.2417435473504,59,89,False
GART,2744.0,0.6439924283251525,,False,0.020031642804211,-0.0399534439237044,-33.702822728433596,59,89,False
GAS2,2636.0,0.9687587765146093,,False,0.001146186422306,-0.0441577333189211,-29.566001323535133,59,89,False
GAS6,2496.0,0.6134160435607523,,False,-0.0697695441617492,-0.08368892105627,0.0,59,89,False
GASK1A,2614.0,0.9656382785109514,,False,0.0034393787359679,0.0536780927326733,3.9893157461343245,59,89,False
GAST,3183.0,0.029155192541125207,,False,0.8042138509816227,0.0750591592534721,-3.804524811811759,59,89,False
GATA3,3081.5,0.07323807105587636,,False,-0.0710303289245437,-0.2252576653650343,0.0,59,89,False
GATD3,1579.0,4.195254061017834e-05,,False,-0.2934645747615296,0.1120987607892391,36.23362528684754,59,89,False
GBA,2720.0,0.7127743289874235,,False,0.0582508530576529,-0.0484416256989277,-35.26201717702855,59,89,False
GBP1,1947.0,0.00792485655212175,,False,-0.2733152910571713,0.0715774357359064,35.565956118394936,59,89,False
GBP2,2313.0,0.22175033087983953,,False,-0.1918555796453921,0.0651759629440818,35.427565232711004,59,89,False
GBP4,2666.0,0.8755189685149742,,False,0.004311732194678,0.0173045461295625,2.011316141851307,59,89,False
GC,2749.5,0.6286239684302186,,False,0.0326677068887989,0.0106409344385268,-1.629281278196866,59,89,False
GCC1,1674.0,0.00019577578093186277,,False,-0.5134171259182709,0.4115010953223759,38.263976711074555,59,89,False
GCG,2717.0,0.7215529633266075,,False,0.0618831424970397,-0.0114017526987072,-35.351113206810226,59,89,False
GCHFR,2219.0,0.11183035789249228,,False,-0.1065551345775409,0.0294697164553333,34.26450769584922,59,89,False
GCLM,2240.0,0.13161152616627017,,False,-0.2728243803266716,-0.0188648187359821,0.0,59,89,False
GCNT1,2540.0,0.7392201776477365,,False,0.0312705649449812,0.0777903849568658,1.3381929967664663,59,89,False
GDF15,2657.0,0.9033699024494715,,False,0.2210214811322295,0.242735669053961,0.14634733484755744,59,89,False
GDF2,2589.0,0.8878802350877779,,False,-0.0213945252736375,-0.0743398387587779,0.0,59,89,False
GDNF,2835.0,0.41306735090728974,,False,-0.0525576240669012,-0.1634016859436267,0.0,59,89,False
GET3,1945.0,0.007742733938657315,,False,-0.1887851329183624,0.0432287847677567,34.82417521915827,59,89,False
GFAP,2480.0,0.5701268330321008,,False,-0.0575841127630563,-0.0552399763687879,0.0,59,89,False
GFER,1966.0,0.009855818827678943,,False,-0.1371391619819976,0.1233321601391727,36.37709707637713,59,89,False
GFOD2,2375.0,0.32754188845747767,,False,-0.0701878680131059,-0.0370715749876082,0.0,59,89,False
GFRA1,2435.0,0.4568172478671143,,False,-0.0805016015254861,-0.0228926051612418,0.0,59,89,False
GFRA2,2891.0,0.29935351015227263,,False,0.055465506776092,-0.0243673141278715,-35.18992703721533,59,89,False
GFRA3,2729.0,0.6866688719568013,,False,-0.0163308851922735,-0.0648241326423451,0.0,59,89,False
GFRAL,2576.0,0.8478213733461111,,False,-0.1124044686668926,-0.1596875264796827,0.0,59,89,False
GGA1,2941.0,0.21733857310308924,,False,0.1256888392877145,-0.1139615015987676,-36.40559986598719,59,89,False
GGACT,1817.0,0.0015541681164859325,,False,-0.4548818656872259,0.0899623203514781,35.90505034214447,59,89,False
GGCT,1604.0,6.373248547630918e-05,,False,-0.5359314414007593,-0.0049792978486679,0.0,59,89,False
GGH,1725.5,0.0004271433578955444,,False,-0.0992879144748031,0.028663775985251,34.22409886660409,59,89,False
GGT1,2305.0,0.2101265552847129,,False,-0.2009670968010091,-0.1222215797629814,0.0,59,89,False
GGT5,2436.0,0.4591898118023843,,False,-0.0739000765119781,-0.0447974510786678,0.0,59,89,False
GH1,2365.0,0.30856338215637424,,False,-0.0885229778712067,-0.0953499704463984,0.0,59,89,False
GH2,2366.0,0.31042823784906903,,False,-0.1857134880146253,-0.0107577038312156,0.0,59,89,False
GHR,2713.0,0.7333155000061506,,False,-0.009911497096137,-0.0576306503560595,0.0,59,89,False
GHRHR,2839.0,0.4041826830411023,,False,0.1054516713121668,0.0443818605639531,-1.2793390692401172,59,89,False
GHRL,2631.0,0.9843772029091828,,False,-0.0450887362689225,-0.2127564874684187,0.0,59,89,False
GID8,2154.0,0.06509872574325842,,False,-0.1924738463287638,-0.0211534673255088,0.0,59,89,False
GIGYF2,1752.5,0.0006332015003015891,,False,-0.1780178185390852,0.1561805490165027,36.734452144675316,59,89,False
GIMAP7,2315.0,0.22472692340895029,,False,-0.072928180999881,-0.0278042831085535,0.0,59,89,False
GIMAP8,2818.5,0.44902320753732217,,False,-0.176634619480084,-0.3066263430133648,0.0,59,89,False
GIPC2,2517.0,0.6723237790422716,,False,-0.1014318739997208,-0.0594331441268075,0.0,59,89,False
GIPC3,1750.0,0.0006108137044962824,,False,-0.5262561708226956,0.1611718549082073,36.782378578303636,59,89,False
GIT1,1647.0,0.0001280672257467468,,False,-0.3915036559316431,0.1922001572220417,37.05221900296959,59,89,False
GJA8,3265.5,0.011904562189605327,,False,0.1052789804713588,-0.3495621396834729,-36.13961967870748,59,89,False
GKN1,2645.0,0.9406843188674828,,False,-0.0030910078088175,0.0298330722461133,34.28236937233647,59,89,False
GLB1,2140.0,0.05751064713154428,,False,-0.0592649877821996,0.0456068518165202,34.902628659870196,59,89,False
GLI2,2268.0,0.16207679572470945,,False,-0.0668547478065569,0.0225428706371673,33.87447192984883,59,89,False
GLO1,1732.0,0.0004700632038020396,,False,-0.5238418498802919,0.0901347980975076,35.907900796756756,59,89,False
GLOD4,1682.5,0.00022326819934193816,,False,-0.2601788628729,-0.0277735196427288,0.0,59,89,False
GLP1R,2837.0,0.408611077185389,,False,0.1190462818403327,0.0461263978486832,-1.404665798740928,59,89,False
GLRX,1921.0,0.005832034050544431,,False,-0.4274679244966317,-0.0368729592617282,0.0,59,89,False
GLRX5,1496.0,9.801440494694887e-06,,False,-0.2435775748519733,0.0699680626749832,35.532336538788705,59,89,False
GLT8D2,2598.0,0.915788461667442,,False,-0.0137531387749909,0.0531078771692263,35.12607583438956,59,89,False
GLYR1,2266.0,0.1597379610019033,,False,-0.1280232420899532,0.0589492060475425,35.279561922266794,59,89,False
GM2A,2710.0,0.7421786665846848,,False,0.0594661679657457,0.0420290170771748,-0.5094530815027475,59,89,False
GMFG,1687.0,0.00023925643080606953,,False,-0.3108518406279322,0.2419676076057091,37.409930945998546,59,89,False
GMPR,2056.0,0.02585535857962368,,False,-0.3971859208030335,-0.1892897409322464,0.0,59,89,False
GMPR2,1596.0,5.580590619089088e-05,,False,-0.4534066108515444,0.0179351885122715,33.54228436957644,59,89,False
GNAS,2197.0,0.09370324707430679,,False,-0.2295806943805147,-0.0791197827927989,0.0,59,89,False
GNE,1691.0,0.00025435764912381446,,False,-0.2636505076663551,0.0779668554669208,35.69253451231205,59,89,False
GNGT1,2560.0,0.7990631045068709,,False,-0.0002504531239853,0.1042343416585408,36.12470429038474,59,89,False
GNLY,2018.0,0.01744476929776846,,False,-0.2850866619364526,-0.0184805473637364,0.0,59,89,False
GNPDA1,2328.0,0.24477168649378656,,False,-0.1277981130183925,-0.0557546744821255,0.0,59,89,False
GNPDA2,1970.0,0.010312240796629808,,False,-0.1511657505853975,0.0998510120074788,36.0605050715267,59,89,False
GOLGA3,1778.0,0.0009095375829750815,,False,-0.4777464800634231,0.0496572342955108,35.027418320201434,59,89,False
GOLM2,2366.0,0.31042868562472603,,False,0.0167035850799846,0.0495072250436018,1.5839458534500488,59,89,False
GOPC,1682.0,0.00022155831211542883,,False,-0.5963416977551693,0.0790272310359543,35.712558418128,59,89,False
GORASP2,1928.5,0.006377490765646847,,False,-0.1586293249681024,0.1301688180678748,36.45840029867507,59,89,False
GOT1,2467.0,0.5360638354790697,,False,-0.0705612803322277,-0.1028826318196629,0.0,59,89,False
GP1BA,2811.0,0.4687479522289252,,False,0.0674568315113952,0.0213637398989793,-1.6819651140906222,59,89,False
GP1BB,1774.0,0.0008598338852296465,,False,-0.3784147154306801,0.0592509801581717,35.28708047692059,59,89,False
GP2,2501.0,0.6272353447328057,,False,-0.0727277177622275,-0.0106011172229434,0.0,59,89,False
GP5,1884.0,0.003708100569959162,,False,-0.1541590797154248,0.0805544759503096,35.74094397283517,59,89,False
GP6,1823.0,0.001684430969529733,,False,-0.2283823543408569,0.1873341298148811,37.012736913604236,59,89,False
GPA33,2640.0,0.9562752808266195,,False,-0.1006736583600886,-0.1575968246324602,0.0,59,89,False
GPC1,2616.0,0.9718829900233396,,False,-0.0758077491748951,-0.0514575146178931,0.0,59,89,False
GPC5,2506.0,0.64118606172809,,False,-0.2763836820369367,-0.2006114204091323,0.0,59,89,False
GPD1,2525.0,0.6953312670221494,,False,-0.081254510550876,-0.0228219191984712,0.0,59,89,False
GPHA2,3101.5,0.06257425160529936,,False,-0.0012110298110768,-0.0530468987547419,0.0,59,89,False
GPI,1628.0,9.439859551568959e-05,,False,-0.2492290024251111,0.0548606526888312,35.17380361085398,59,89,False
GPIHBP1,2917.0,0.2544343616914828,,False,0.0101994863659737,-0.0419740117269504,-32.724113825217216,59,89,False
GPKOW,2312.5,0.2210101888507855,,False,-0.0048768882315232,0.0199945101219822,33.70012731173214,59,89,False
GPNMB,2321.0,0.2338276802689151,,False,-0.0215238859149358,0.0558296502140085,35.19955093827397,59,89,False
GPR101,2548.0,0.7629909613578039,,False,-0.0083654655650088,0.1840893264260213,36.985871931568454,59,89,False
GPR158,2957.0,0.19487322544405783,,False,0.0157564314529088,-0.1271209905041307,-33.354340789250664,59,89,False
GPR15L,2259.0,0.15175282984672975,,False,-0.4670495804018467,-0.1562923103763126,0.0,59,89,False
GPR37,2547.0,0.7600068668510822,,False,0.0879835934602064,0.186744033218199,1.135919412067385,59,89,False
GPRC5C,2518.0,0.6751835313154204,,False,-0.0486681305397996,0.0546461976456466,35.16804503352789,59,89,False
GRAP2,1452.0,4.3519338817768675e-06,,False,-0.5703623744373728,0.248439294826389,37.45133785951907,59,89,False
GRHPR,1527.0,1.7071903841933907e-05,,False,-0.6070707548550143,0.0782814645728305,35.698503034787,59,89,False
GRIK2,2622.0,0.9906259383689844,,False,-0.0702027483925735,-0.0774768600264519,0.0,59,89,False
GRIN2B,2426.0,0.435776721836449,,False,-0.2248392093355682,0.0224548617938502,33.8687844118478,59,89,False
GRK5,2165.0,0.07162407797242092,,False,-0.2319680568445755,-0.0182640226119874,0.0,59,89,False
GRN,2601.0,0.9251160565631079,,False,0.360696783026152,0.3564938353219084,-0.019097868222046285,59,89,False
GRP,2637.0,0.9656382785109514,,False,-0.0450414224349607,-0.1628652241468132,0.0,59,89,False
GRPEL1,1964.0,0.009634529498887785,,False,-0.279387986944573,0.0123175094673041,32.99738829304885,59,89,False
GRSF1,2288.5,0.18571798117951555,,False,-0.4784031629710946,-0.2471021356644912,0.0,59,89,False
GSAP,2036.0,0.0210712359570518,,False,-0.2589763889313182,0.1257938514857238,36.40685799366008,59,89,False
GSN,2513.0,0.6609321644783307,,False,-0.0619802935104111,-0.0414979375774008,0.0,59,89,False
GSR,2370.0,0.31796053266099833,,False,-0.0613014995221639,-0.047626121052432,0.0,59,89,False
GSTA1,1974.0,0.010787305792696848,,False,-0.1611961187230259,0.2587218349194332,37.5151381023658,59,89,False
GSTA3,2210.0,0.104105471761004,,False,0.0402250702251692,0.3559663938503402,3.3070558648282096,59,89,False
GSTM4,2877.0,0.3256111334091879,,False,0.1306161093410669,-0.2654057303460396,-36.46357626083741,59,89,False
GSTP1,2504.0,0.6355905631262344,,False,0.0176915736315982,-0.0331584528498015,-33.52243178098743,59,89,False
GSTT2B,1834.0,0.0019496488900757603,,False,-0.6591770437653226,0.4430540310924752,38.38711716171722,59,89,False
GTF2IRD1,2350.0,0.2814625628759938,,False,-0.1684799633476064,-0.0194309139228078,0.0,59,89,False
GTPBP2,1743.0,0.0005519672137816073,,False,-0.5160425358203267,0.0134700398069118,33.12700895036371,59,89,False
GUCA2A,2922.0,0.24636399181873503,,False,-0.0274869576045638,-0.1704873517872876,0.0,59,89,False
GUCY2C,2507.0,0.6439752531877567,,False,-0.0934266306496019,-0.1703239960132476,0.0,59,89,False
GUK1,3021.0,0.1218776234632763,,False,0.0594721793083387,-0.0718732279172727,-35.29256775801003,59,89,False
GUSB,2436.0,0.4591898118023843,,False,0.0434213692326534,0.1123748717078423,1.4066293379769437,59,89,False
GYS1,1546.0,2.3820674413716634e-05,,False,-0.5276683015727356,0.2335233919603161,37.35434607435732,59,89,False
GZMA,2067.0,0.028867000139266123,,False,-0.3064562577363535,-0.1186883283331679,0.0,59,89,False
GZMB,2397.0,0.37190136352215597,,False,-0.211055536399613,-0.1814112950376371,0.0,59,89,False
GZMH,2171.0,0.07540346765916595,,False,-0.3257147311288495,-0.1319338356929748,0.0,59,89,False
H2AP,2927.5,0.23573737905288006,,False,-0.258366617538819,-0.36445438497229,0.0,59,89,False
HADH,2536.0,0.7274263272413157,,False,0.0677972697366317,0.0783752132928531,0.21450391433623445,59,89,False
HAGH,2060.0,0.026917494767057994,,False,-0.5069759022577014,-0.1233762676590809,0.0,59,89,False
HAO1,2341.0,0.2660390358937559,,False,-0.0135283363429277,0.3553564739414672,38.02303310654496,59,89,False
HARS1,1896.0,0.004303870377145077,,False,-0.1978193911796994,0.0791164625024832,35.71423150262142,59,89,False
HAVCR1,2458.0,0.5130970561775482,,False,0.0915766783969922,0.1002512185328824,0.13495295503285848,59,89,False
HAVCR2,2698.0,0.7779634910191433,,False,0.0432950615544976,0.0080197469312369,-2.450263792236286,59,89,False
HBEGF,2108.0,0.04289514185226017,,False,-0.3866464099769488,-0.0646808888837795,0.0,59,89,False
HBQ1,2156.0,0.06624726383178246,,False,-0.3800404715144356,-0.1053016933906043,0.0,59,89,False
HBZ,3094.0,0.06682776339881735,,False,0.0896296380699515,-0.3183640163886368,-35.8995372742397,59,89,False
HCG22,3083.0,0.0734939058703499,,False,0.0121146585128219,-0.3518566629444782,-32.97332988269242,59,89,False
HCLS1,1466.0,5.652238428047976e-06,,False,-0.4793628426498293,0.1963252538701229,37.08496407165368,59,89,False
HDAC8,2377.0,0.3314265501238798,,False,0.053125601213804,0.1427531397178548,1.4713640715967962,59,89,False
HDAC9,2489.0,0.5942984227085957,,False,-0.07320491675385,0.0261969553912949,34.09303202569466,59,89,False
HDDC2,2009.0,0.015845983314207,,False,-0.0933872484184807,-0.0017062275619276,0.0,59,89,False
HDGF,1559.0,2.9827302317610057e-05,,False,-0.8156956450247802,0.060716530166802,35.323068655505864,59,89,False
HDGFL2,1567.0,3.421133263547581e-05,,False,-0.2783161343858183,0.1409976807822789,36.579187064891684,59,89,False
HEG1,2243.0,0.1346462504743812,,False,-0.0239463872578953,0.0439111418623257,34.84711288538938,59,89,False
HEPACAM2,3092.0,0.0680013289239712,,False,0.0340176322569687,-0.0263543686999811,-34.47383954113757,59,89,False
HEPH,2258.0,0.15063735749606752,,False,-0.073865406968877,-0.038071244065409,0.0,59,89,False
HEXIM1,1564.0,3.2500406063652176e-05,,False,-0.3943454087849704,0.405353921066041,38.239044122850075,59,89,False
HGFAC,2643.0,0.9469183125173284,,False,-0.1128234999005745,-0.1370083342967041,0.0,59,89,False
HGS,1742.0,0.0005439988227820333,,False,-0.4648103916400349,0.0165787953781041,33.42815109561858,59,89,False
HHEX,1714.5,0.00036274963000702863,,False,-0.1839669525899844,0.1820328529762835,36.96861482345398,59,89,False
HIF1A,2735.0,0.6694687598609628,,False,-0.007434291861301,-0.0302748487179163,0.0,59,89,False
HIP1,2437.0,0.46156926323977465,,False,-0.0422674333160677,0.0209332440399366,33.76678975807008,59,89,False
HIP1R,2015.5,0.016986955369712804,,False,-0.1264472757140756,0.0704708447816666,35.54291993195017,59,89,False
HJV,2374.0,0.3256111334091879,,False,-0.0043394781043255,0.040157409035732,34.716306043677086,59,89,False
HK2,2406.0,0.39107430085714134,,False,-0.0372799590207213,0.0199079075722475,33.6938215700532,59,89,False
HLA-A,2288.5,0.1875579615587739,,False,-0.0395523743126252,0.0239734418895363,33.963954948508075,59,89,False
HLA-DRA,2174.0,0.07735333851529388,,False,-0.150796076011941,0.044452826622925,34.86507321811526,59,89,False
HLA-E,2875.0,0.3294809579782366,,False,0.0052039848340924,-0.0355011740091364,-31.7508060132353,59,89,False
HMBS,2359.5,0.29844218153770874,,False,-0.2382925980439895,-0.0679494808153984,0.0,59,89,False
HMCN2,2157.5,0.06711932706449425,,False,-0.3803845532751768,-0.1040204545538143,0.0,59,89,False
HMGCL,1695.0,0.00027035634583727334,,False,-0.3013123215080617,0.1548686753175975,36.721615001247265,59,89,False
HMGCS1,2813.5,0.462761152509937,,False,-0.0217711646078488,-0.0164084363807995,0.0,59,89,False
HMMR,2823.5,0.4373310746467475,,False,-0.4167456762904766,-0.2729576309936906,0.0,59,89,False
HMOX1,2524.0,0.6924394048424021,,False,-0.0955328378021448,-0.0955682906126865,0.0,59,89,False
HMOX2,2054.0,0.025338017579868033,,False,-0.1703642452344111,0.0172873562467111,33.48888413991762,59,89,False
HNF1A,2658.5,0.898718678401762,,False,0.0242011641650796,0.0173499430630245,-0.4835793520464054,59,89,False
HNMT,2397.0,0.37190136352215597,,False,-0.0278581353099724,0.0125397715628544,33.023300069935296,59,89,False
HNRNPK,1720.0,0.0003937181472059085,,False,-0.5211227095861699,0.1081393724159581,36.179741969667035,59,89,False
HNRNPUL1,2107.0,0.04249437376647347,,False,-0.2459974239731572,0.0197598495034613,33.68297773634436,59,89,False
HPCAL1,1683.0,0.00022499650956725375,,False,-0.4702810094932754,0.1494123982516499,36.667093424630266,59,89,False
HPGDS,2314.0,0.22323464925356518,,False,-0.0985994079891975,-0.0457334536892722,0.0,59,89,False
HPSE,1854.0,0.0025321656343670917,,False,-0.4278484737292604,0.0817079441687276,35.76203771195977,59,89,False
HRAS,2614.0,0.9656364986587379,,False,-0.1999184968207379,-0.2038545464216499,0.0,59,89,False
HRC,2839.0,0.4041835529670813,,False,-0.1571845404850533,-0.1877496880932846,0.0,59,89,False
HRG,2543.5,0.7495906797243167,,False,-0.2177040789963598,-0.2322132926864948,0.0,59,89,False
HS1BP3,1771.0,0.0008242382105723398,,False,-0.3542935394420588,0.0453840507363238,34.895451469581964,59,89,False
HS3ST3B1,2860.0,0.3594491071984104,,False,0.0252264207912486,-0.0167223127222229,-34.03808169187858,59,89,False
HS6ST1,2700.0,0.7719642353400903,,False,0.0484054669016232,0.0767644437216169,0.6795502381199342,59,89,False
HS6ST2,3006.0,0.13669926298407833,,False,0.3215103431330391,0.1799821672181775,-0.909824002541531,59,89,False
HSBP1,1821.0,0.0016399339700056694,,False,-0.2560063553946241,0.0611572816172963,35.33372551841831,59,89,False
HSD11B1,2681.0,0.829457994780519,,False,-0.0107790768299394,0.0204396128026813,33.73211431508028,59,89,False
HSD17B14,2012.5,0.016451641738079253,,False,-0.1694631758706915,0.4158027984575,38.281233401866125,59,89,False
HSD17B3,2812.0,0.4663487619377161,,False,0.0870281710594471,-0.0624034008752555,-35.85572987532674,59,89,False
HSDL2,1588.0,4.881944560878006e-05,,False,-0.4275089614540073,0.0216512870973217,33.815806549242346,59,89,False
HSP90B1,2835.0,0.41306735090728974,,False,-0.0216873352954259,-0.1724967413086749,0.0,59,89,False
HSPA1A,1544.5,2.32060465732874e-05,,False,-0.1724459200197144,0.0436685553327145,34.83899873171298,59,89,False
HSPA2,2298.0,0.2003230761940632,,False,-0.2278722989020317,-0.1343931303778925,0.0,59,89,False
HSPB1,1527.5,1.6683010267612613e-05,,False,-0.736934948803483,-0.0025395978144794,0.0,59,89,False
HSPB6,2543.0,0.7481061294668124,,False,0.0674371797659348,0.1387585279081012,1.0770456953687793,59,89,False
HSPG2,2408.5,0.39650394151984647,,False,-0.1012076758831472,-0.0191651369239128,0.0,59,89,False
HTR1A,2754.0,0.6161691471915978,,False,0.0098100744153566,-0.2319222899143983,-32.66775837789949,59,89,False
HTRA2,1805.0,0.001321037730096061,,False,-0.2441894973990672,0.1623071877894424,36.793083909341256,59,89,False
HYAL1,2339.5,0.26352170639731276,,False,0.1232235468948977,0.2430973829922322,1.0414611720929472,59,89,False
HYOU1,2675.0,0.8478213733461111,,False,0.0323262986946041,0.0842274857295831,1.4077080679753933,59,89,False
ICA1,1884.0,0.003708100569959162,,False,-0.2753755979866785,-0.020354624087274,0.0,59,89,False
ICAM1,2269.5,0.163847034614636,,False,-0.0294241265925108,0.048709927172876,34.99915389006522,59,89,False
ICAM2,2765.0,0.5861893896616032,,False,0.0710200009779271,-0.0279373911471894,-35.554395625527505,59,89,False
ICAM3,2605.0,0.9375685450532888,,False,-0.0515879389834453,-0.0645776427285222,0.0,59,89,False
ICAM4,2537.0,0.7303686866714099,,False,-0.0568513367792614,-0.0672835302034113,0.0,59,89,False
ICAM5,2835.0,0.41306735090728974,,False,-0.0551558100661571,-0.1027938330848781,0.0,59,89,False
ICOSLG,2590.0,0.8909749384536046,,False,-0.0125904387146475,-0.0107417769999513,0.0,59,89,False
ID4,2360.0,0.29932846378057765,,False,-0.1555472508290818,-0.0194438600423819,0.0,59,89,False
IDI2,2857.0,0.3656421477676429,,False,-0.0316623045784355,-0.0161271385841437,0.0,59,89,False
IDO1,2136.0,0.05548319150449291,,False,-0.1440223689990124,-0.0735713770513965,0.0,59,89,False
IDUA,2737.0,0.6637730640966774,,False,0.0355768155390572,0.0096164583303891,-1.9003738811437707,59,89,False
IFI30,2179.0,0.08069426393556305,,False,0.04552746171668,0.1643065464458988,1.9116903189433958,59,89,False
IFIT3,1895.0,0.004249109407637719,,False,-0.2711126308922275,0.0784879751460951,35.702408118286776,59,89,False
IFNAR1,2366.0,0.31042868562472603,,False,-0.0297439051200516,0.0152521827801193,33.30716311124857,59,89,False
IFNG,2386.0,0.34927481682161554,,False,-0.1721646125789054,-0.0365030004040251,0.0,59,89,False
IFNGR1,2559.5,0.7975507299076531,,False,0.0350452138053812,0.0464313626905797,0.41160206373189906,59,89,False
IFNGR2,2307.0,0.21299029694073435,,False,-0.0405123114279406,0.0593753398648093,35.29016792921329,59,89,False
IFNL1,2577.0,0.8508902691545573,,False,-0.1482862063403233,-0.1144387310077879,0.0,59,89,False
IFNL2,2438.0,0.4639555855732399,,False,-0.0184810584769896,0.1600128196587973,36.77137597367618,59,89,False
IFNLR1,2369.0,0.31606643768681686,,False,-0.0834119229306843,-0.0177142603675831,0.0,59,89,False
IFNW1,2717.0,0.7215532102912121,,False,-0.003595836234314,-0.1375839688784566,0.0,59,89,False
IFT20,2061.5,0.027325255473234243,,False,-0.1450191560926819,0.1128206875678767,36.243252243940134,59,89,False
IGBP1,1769.0,0.0008012666110073795,,False,-0.5310308920379957,0.0457663252989546,34.907744689969,59,89,False
IGDCC3,2571.0,0.8325123806924153,,False,0.0468416033949191,0.087408151905177,0.9204179311717593,59,89,False
IGDCC4,2326.0,0.2416087775465755,,False,-0.0327425564835322,0.0460609670571845,34.91715103457002,59,89,False
IGF1R,2298.5,0.20101122089484091,,False,-0.0850671996935491,-0.0326625106455097,0.0,59,89,False
IGF2BP3,1842.5,0.002180259341393572,,False,-0.2591859186985373,0.0300517431512903,34.29301520705671,59,89,False
IGF2R,2749.5,0.628624286149621,,False,0.0609889674271986,0.0448681351947998,-0.450966767248856,59,89,False
IGFBP1,2487.0,0.5888866954217784,,False,-0.0197144439070195,0.1801319916169277,36.95250009449421,59,89,False
IGFBP2,2717.0,0.7215532102912121,,False,-0.0728313995434808,-0.0551007114174833,0.0,59,89,False
IGFBP3,2500.5,0.6258470863627414,,False,-0.0631295384676396,-0.031424450722286,0.0,59,89,False
IGFBP4,2544.0,0.7510761555087072,,False,0.0913320625136527,0.1269073342073851,0.4925939739065381,59,89,False
IGFBP6,2785.5,0.5322000172363748,,False,-0.0096304612610772,-0.0543339452516574,0.0,59,89,False
IGFBP7,2441.0,0.47115560800456036,,False,-0.1116487815683616,-0.113528553339706,0.0,59,89,False
IGFBPL1,2365.0,0.30856427759522076,,False,-0.0732643685057739,0.1452647431890812,36.6243690289931,59,89,False
IGFL4,2620.0,0.9843772029091828,,False,0.0011757657436597,-0.189586160513994,-29.602775054043097,59,89,False
IGHMBP2,2193.0,0.09067578785412704,,False,-0.261225668771824,0.0317484476018744,34.37310396116167,59,89,False
IGLC2,2996.5,0.14678164330640786,,False,0.0146492910258524,-0.0486402253320066,-33.248676264349896,59,89,False
IGLON5,3046.5,0.09818852613749464,,False,-0.1367405280933547,-0.2701697296412615,0.0,59,89,False
IGSF21,2897.0,0.28854514108546836,,False,-0.0700777702640932,-0.0623717601608497,0.0,59,89,False
IGSF3,2591.0,0.8940713035325475,,False,0.6182891313365086,0.6056293068378882,-0.03662270243966219,59,89,False
IGSF9,2606.0,0.9406843188674828,,False,-0.143121407294545,0.069928609220453,35.531502919154164,59,89,False
IKBKG,1553.0,2.6895151205854582e-05,,False,-0.5472251405835447,0.1188141313768248,36.32096385849828,59,89,False
IKZF2,2731.0,0.6809168115602722,,False,0.0542428863103484,0.0097509484167933,-2.4981476929703756,59,89,False
IL10,2244.0,0.1356697575132007,,False,-0.1708304912847047,0.0801655980935983,35.73376623324895,59,89,False
IL10RA,2572.0,0.8355692973583019,,False,-0.0730498987911205,-0.0478268457973247,0.0,59,89,False
IL10RB,2867.5,0.3442564860308952,,False,0.1408573672511814,0.0034112415010234,-5.437090023533556,59,89,False
IL11,2497.0,0.6161691471915978,,False,-0.1534167498574556,-0.0878299547366561,0.0,59,89,False
IL12A_IL12B,2791.0,0.5181561309112641,,False,-0.0618127231822351,-0.2240525497720093,0.0,59,89,False
IL12B,2734.0,0.672323493447639,,False,-0.1421607312883252,-0.1786556534011557,0.0,59,89,False
IL12RB1,2337.0,0.2593639410381444,,False,-0.0342486858734414,0.0224357099032224,33.8675438024991,59,89,False
IL12RB2,2784.0,0.5360638354790697,,False,-0.0703415340735163,-0.0681620379032691,0.0,59,89,False
IL13,2815.0,0.4591898118023843,,False,0.06426832639882,-0.0583039917305549,-35.40687593217219,59,89,False
IL13RA1,2574.0,0.8416905435320222,,False,0.0193715502175876,0.0092312857660356,-1.0744144091941346,59,89,False
IL13RA2,2398.5,0.3750552940268872,,False,-0.0700407157915127,0.0859990832670042,35.83804899259649,59,89,False
IL15,3085.0,0.07224297452286652,,False,0.0706095472423271,-0.0574738037800531,-35.54582660561884,59,89,False
IL15RA,2733.0,0.6751835313154204,,False,0.0413369799544048,0.0802094019447466,0.9759110293641257,59,89,False
IL16,2337.0,0.2593639410381444,,False,-0.1561721661834402,-0.0168095405169265,0.0,59,89,False
IL17A,2801.0,0.4931209854824451,,False,-0.0742630906198033,0.0110108521299861,32.83494962691808,59,89,False
IL17C,2408.0,0.39541508652167723,,False,-0.1364083201445441,0.0490509804619551,35.00939152768892,59,89,False
IL17D,2408.0,0.39541464919745195,,False,-0.1325250119901946,-0.1738752826774321,0.0,59,89,False
IL17F,2332.0,0.2511839740757552,,False,-0.1009367625037754,0.0817064739146907,35.76201100978322,59,89,False
IL17RA,2241.0,0.1326171542486661,,False,-0.0700644051211569,0.0438061846567182,34.84360765737039,59,89,False
IL17RB,2441.0,0.47115560800456036,,False,-0.0663678283792995,0.0324202279389771,34.40364928003622,59,89,False
IL18,2515.5,0.66804274756331,,False,-0.0405444665973691,0.0141829026532495,33.2017646595949,59,89,False
IL18BP,2826.5,0.43232383908007077,,False,0.1705505383823536,0.0582674242218638,-1.6063213539556622,59,89,False
IL18R1,2142.0,0.05854736993424424,,False,-0.1465807033031448,0.0227849178348766,33.89000119656724,59,89,False
IL18RAP,2638.0,0.9625166888922004,,False,0.0167491551988188,-0.0607092862004585,-33.44298558578941,59,89,False
IL19,2518.0,0.6751835313154204,,False,-0.0307101229183737,-0.0203275392480303,0.0,59,89,False
IL1A,2940.0,0.21880208998921635,,False,0.0309723996595343,-0.1400695785508929,-34.337011644555915,59,89,False
IL1B,2099.0,0.039400624321218755,,False,-0.3197068671128643,-0.1045304726670597,0.0,59,89,False
IL1R1,2731.0,0.680917090585689,,False,0.1029005129118066,0.0609980253410301,-0.775565309539858,59,89,False
IL1R2,2541.0,0.7421782063460949,,False,-0.0383221184448706,-0.038990849139323,0.0,59,89,False
IL1RAP,3090.0,0.06919179036298305,,False,0.1572357740162861,-0.032052178623205,-36.744704012426,59,89,False
IL1RL1,2231.0,0.12282493529153798,,False,-0.124515401763817,-0.0310404544211502,0.0,59,89,False
IL1RL2,2521.0,0.6837908247997017,,False,-0.1272000528381155,-0.1697621211916745,0.0,59,89,False
IL1RN,2143.5,0.05933505804166544,,False,-0.2452674606194149,-0.0188955538784395,0.0,59,89,False
IL2,2834.0,0.4153062413432891,,False,-0.0615602969895465,-0.2238747099461329,0.0,59,89,False
IL20,2460.0,0.5181561309112641,,False,0.0047766491489814,0.0448565470670098,3.2513451535521023,59,89,False
IL20RA,2798.0,0.5005624475281414,,False,0.114126851174679,0.0411528257006489,-1.5083891182350386,59,89,False
IL20RB,2638.0,0.9625166888922004,,False,-0.0393017548918102,0.0339347084998051,34.47027680889339,59,89,False
IL21R,2229.0,0.12093603336797289,,False,-0.1334571448562972,-0.0198700206437682,0.0,59,89,False
IL22,2853.0,0.3740024462461393,,False,-0.0753214613999499,-0.2970447824382682,0.0,59,89,False
IL22RA1,2712.0,0.7362660079343711,,False,0.0192597784650322,-0.0097429717700642,-33.64574628701026,59,89,False
IL24,2171.0,0.07540319741123423,,False,0.0186066805565743,0.1194899111789624,2.7338401603774716,59,89,False
IL25,2779.5,0.5460635659364967,,False,-0.1865057711084983,-0.4571143451511205,0.0,59,89,False
IL2RA,2688.0,0.8081518953808703,,False,0.008718832938033,-0.0757472299765888,-32.497083128550344,59,89,False
IL2RB,3032.0,0.11183035789249228,,False,0.1722372324383891,-0.0838892367987334,-36.88381500640485,59,89,False
IL2RG,2656.0,0.9064724474213564,,False,-0.0154112374737129,-0.0555273928545173,0.0,59,89,False
IL3,2528.5,0.704312579764846,,False,-0.3366166974293176,-0.3209742964564228,0.0,59,89,False
IL31,2719.0,0.7156964647016169,,False,0.0174160628704508,-0.0204041936637828,-33.49964988820664,59,89,False
IL31RA,2453.5,0.5018069385481101,,False,-0.0955787224964825,-0.0478672559752899,0.0,59,89,False
IL32,2466.0,0.5334866413481552,,False,-0.1123718792658047,-0.0560550093398063,0.0,59,89,False
IL33,2461.0,0.5206953060957552,,False,-0.0074180335291637,-0.0549987894888397,0.0,59,89,False
IL34,2677.0,0.8416905435320222,,False,-0.0370037854241009,-0.1278057055253952,0.0,59,89,False
IL36A,2391.0,0.3594491071984104,,False,-0.281445695868797,-0.0667716593788937,0.0,59,89,False
IL36G,3125.0,0.050673305232663335,,False,0.0584147125696197,-0.1285095855770177,-35.266152259314104,59,89,False
IL3RA,2421.0,0.42433322358255265,,False,-0.0850441643527758,-0.0061017787211917,0.0,59,89,False
IL4,2673.0,0.8539614251046532,,False,0.1666707685698849,-0.2022063746032226,-36.833581359560476,59,89,False
IL4R,2706.0,0.7540494226139913,,False,0.1693340488687505,0.1183192748160192,-0.5431181100979656,59,89,False
IL5,2407.0,0.39324106527532465,,False,-0.1086673497926628,-0.0595730214174234,0.0,59,89,False
IL5RA,2702.0,0.7659785821070197,,False,0.0057509171881274,-0.0523608648276881,-31.8952549582255,59,89,False
IL6,1839.0,0.002082442391613219,,False,-0.3931438071256692,0.0361689444258895,34.56338832423867,59,89,False
IL6R,2535.5,0.7259562869977025,,False,-0.0022023633854526,0.011079688854202,32.843975333203375,59,89,False
IL6ST,2199.0,0.09524709607516935,,False,-0.0720925352355712,0.00325867400518,31.07450115811073,59,89,False
IL7,1995.0,0.013614689660829321,,False,-0.2219331742002595,0.0889073892813684,35.88749988442389,59,89,False
IL7R,2422.0,0.4266077638416901,,False,-0.1182187334889086,-0.0013213867346607,0.0,59,89,False
IL9,2493.5,0.6065381752620562,,False,-0.0039618207584822,-0.0488399669602216,0.0,59,89,False
ILKAP,1985.0,0.012195546414811768,,False,-0.3017911631137053,0.0692233667954673,35.51652376255614,59,89,False
IMMT,2369.0,0.31606643768681686,,False,-0.1717911239395131,-0.0598222628499941,0.0,59,89,False
IMPA1,1663.0,0.0001649003319060792,,False,-0.2683434891909569,0.0796819601937975,35.72479206233664,59,89,False
IMPACT,1617.0,7.89269505501781e-05,,False,-0.548168217349509,-0.0460451629847356,0.0,59,89,False
IMPG1,2724.5,0.6996771068065692,,False,-0.0181349763205892,-0.0159630931687802,0.0,59,89,False
ING1,2207.5,0.1020367329006625,,False,-0.0720642680828127,0.0122619150400561,32.990834189553276,59,89,False
INHBB,2365.0,0.30856338215637424,,False,0.0154321439722565,0.1058797981482226,2.8239576437835727,59,89,False
INHBC,1960.0,0.00920506747513258,,False,-0.0496180738362271,0.2369547006812407,37.37715254231219,59,89,False
INPP1,1762.0,0.0007254624743917073,,False,-0.2136129357655244,0.1509406802607308,36.68255263363193,59,89,False
INPP5D,1774.5,0.0008659048914988804,,False,-0.4642506176739984,0.0967200913599687,36.01296039534773,59,89,False
INPP5J,2793.0,0.5130970561775482,,False,0.0040832732315407,-0.0400796328066275,-31.400354707684546,59,89,False
INPPL1,1464.0,5.445999872574861e-06,,False,-0.5248535543766177,0.0399205261798874,34.70765160160556,59,89,False
INSL3,2557.0,0.7900012656869566,,False,-0.1451382233196946,-0.0135959592611732,0.0,59,89,False
INSL4,2756.0,0.610668381636388,,False,0.3469489755782904,0.2313415678701064,-0.6444321911603517,59,89,False
INSL5,1910.0,0.005107761542645383,,False,-0.2162955133500844,0.2524720170255815,37.476642648586505,59,89,False
INSR,2345.0,0.2725290275647285,,False,-0.0265479198021299,-0.0097350264739214,0.0,59,89,False
IPCEF1,1598.0,5.769503616050061e-05,,False,-0.4148356156880678,0.0867692824835989,35.85130105323181,59,89,False
IQGAP2,1722.0,0.00040558442003146866,,False,-0.3694286667728276,0.1047131232139199,36.131558155396974,59,89,False
IRAG2,1675.0,0.00019883699737731347,,False,-0.5213139723606912,0.2691480466157439,37.57750821108287,59,89,False
IRAK1,1524.0,1.6189020831814627e-05,,False,-0.4751151043220606,0.0773839462000527,35.681413794047224,59,89,False
IRAK4,1801.0,0.0012508010854819637,,False,-0.6301768607880898,0.0481341315890947,34.98170881786719,59,89,False
ISLR2,2180.0,0.08137631239603578,,False,-0.2769354929546249,-0.0070711194351707,0.0,59,89,False
ISM1,2978.5,0.1674331487422871,,False,0.1327845289860866,-0.0203492200869108,-36.488431188672976,59,89,False
ISM2,2838.0,0.4063932816845798,,False,-0.1553832602320445,-0.2716194280466963,0.0,59,89,False
IST1,1680.0,0.0002148293678104876,,False,-0.4554814924651085,0.1754974160668241,36.91253057828414,59,89,False
ITGA11,2351.0,0.2832408306421229,,False,-0.1491864578460141,-0.1139578902049658,0.0,59,89,False
ITGA2,2228.5,0.1204670342402564,,False,-0.1248275087237123,-0.0111642637796678,0.0,59,89,False
ITGA5,1860.0,0.0027356804614901047,,False,-0.2140584877970057,0.016695775317334,33.43835360489833,59,89,False
ITGA6,2513.5,0.6623518610360807,,False,-0.089839966341527,-0.0848146924491434,0.0,59,89,False
ITGAL,2346.0,0.27454748431695364,,False,-0.1626546582236389,-0.0709228324128126,0.0,59,89,False
ITGAM,2563.0,0.8081518953808703,,False,-0.0683773699376362,-0.034187804104955,0.0,59,89,False
ITGAV,2040.5,0.0220745741397504,,False,-0.1604407469666795,-0.0246860588534129,0.0,59,89,False
ITGAX,2191.0,0.08859259782975337,,False,-0.8281090983323839,-0.2422001722861474,0.0,59,89,False
ITGB1,2094.5,0.03774606925247057,,False,-0.1283861637255343,-0.0659706087531326,0.0,59,89,False
ITGB1BP1,2923.0,0.24477124982651122,,False,0.0437196285054824,-0.1020009136837873,-34.84071073551721,59,89,False
ITGB1BP2,1694.0,0.00026627139660383837,,False,-0.3975806105393247,0.2039965109083306,37.14418707918948,59,89,False
ITGB2,2344.0,0.2711223267932258,,False,-0.0714627741087358,-0.0493498293570701,0.0,59,89,False
ITGB5,1915.0,0.005426249422210817,,False,-0.2137479143905418,0.0059097335907267,31.934635452055254,59,89,False
ITGB6,2420.0,0.4220657888612993,,False,-0.0158593921354522,-0.0311178386747945,0.0,59,89,False
ITGB7,2965.0,0.1843012575097076,,False,0.0033921624593269,-0.1283182751248466,-31.132488160506654,59,89,False
ITGBL1,2258.0,0.15063735749606752,,False,-0.2189526676320351,-0.057323568214659,0.0,59,89,False
ITIH1,2580.5,0.8616486509383338,,False,0.0250449737741108,0.0533841582098614,1.1061243667191771,59,89,False
ITIH3,2447.5,0.4869646009879042,,False,-0.0626364550815589,0.0750223992937147,35.63550972794785,59,89,False
ITIH4,2278.0,0.1741591804330842,,False,-0.0291438881695739,0.1032312569245325,36.110245927494525,59,89,False
ITIH5,3075.0,0.07867593079594583,,False,0.179131260330825,0.0265222625293417,-2.8329521696629056,59,89,False
ITM2A,2848.0,0.3846176362932683,,False,0.0063540168067676,-0.0679072996030589,-32.039433561551945,59,89,False
ITPA,1837.0,0.002028340280074122,,False,-0.3375073914844179,0.045898260476756,34.91196402528867,59,89,False
ITPR1,2144.0,0.05959956709098324,,False,-0.198296527349993,0.1052766949509597,36.13958720198293,59,89,False
ITPRIP,2418.0,0.41755228565687097,,False,-0.0804960748188294,-0.0020489558900589,0.0,59,89,False
IVD,2180.0,0.08137631239603578,,False,-0.1777468678262274,0.0458316132302026,34.909834116045474,59,89,False
IZUMO1,2792.5,0.5126001838106542,,False,-0.1713172046221606,-0.2300836400540894,0.0,59,89,False
JAM2,2487.0,0.5888673826619281,,False,-0.0447040011706131,-0.0070814476919033,0.0,59,89,False
JAM3,1902.0,0.004633192337108921,,False,-0.252366670019295,-0.0620058148409058,0.0,59,89,False
JCHAIN,3021.0,0.1218776234632763,,False,0.1016411688698155,0.0044660864181838,-4.5572152156284025,59,89,False
JMJD1C,3141.0,0.04274231945219617,,False,-0.1871517733478759,-0.6664288249764259,0.0,59,89,False
JPT2,1783.0,0.0009753973979975849,,False,-0.4659364282918813,0.1055662885165892,36.14369685778522,59,89,False
JUN,2543.0,0.7481065798926754,,False,-0.1966762692169565,0.0365013342975528,34.576752924903275,59,89,False
KAZALD1,2354.0,0.28854514108546836,,False,-0.0730149308576719,0.0058616239542412,31.922818701885923,59,89,False
KAZN,1637.0,0.00010914420224836498,,False,-0.349003531809505,0.1889743982339453,37.02615190103003,59,89,False
KCNC4,2701.0,0.7689696873894178,,False,0.0081493131936452,-0.037659509678223,-32.39934153294463,59,89,False
KCNIP4,2582.0,0.8662677393538983,,False,-0.0303101589803499,-0.0196186011613029,0.0,59,89,False
KCTD5,1651.0,0.000136469529939501,,False,-0.2666967781166252,0.0923529454683984,35.94409534404046,59,89,False
KDM3A,2658.0,0.900268832263371,,False,0.0141584522561656,-0.089706411754016,-33.19926315616054,59,89,False
KDR,2794.0,0.5105768101520085,,False,0.1192647084196216,0.0609265170158761,-0.9984976986844506,59,89,False
KEL,2284.0,0.1817258645004035,,False,-0.1177855294229265,-0.0103895652265451,0.0,59,89,False
KHDC3L,3210.5,0.02152411912005099,,False,0.0342407066413181,-0.7267758517015767,-34.483381265692756,59,89,False
KHK,1949.0,0.008110806516139173,,False,-0.215720498616146,0.2792203728485571,37.63570805311234,59,89,False
KIAA0319,3328.0,0.0059732549472333776,,False,0.7584786941138075,0.4299308531267691,-0.9945203925658476,59,89,False
KIAA1549,2311.0,0.2179380266749691,,False,-0.2057320581891025,-0.082137402444114,0.0,59,89,False
KIAA1549L,2426.0,0.43575250946412336,,False,0.0035790721614722,-0.0141771250588471,-31.209962018835725,59,89,False
KIAA2013,2841.0,0.39978486264143376,,False,-0.0666260113742236,-0.1095498315282843,0.0,59,89,False
KIF1C,1895.0,0.004251059181092368,,False,-0.1612601164430071,0.0055624730194922,31.84709504442566,59,89,False
KIF20B,2474.0,0.5542778839903885,,False,-0.0661804802033931,0.1610550442540609,36.78127310170554,59,89,False
KIF22,2185.0,0.08485704752533091,,False,-0.5595101060007049,0.0643822386381615,35.409488149365565,59,89,False
KIR2DL2,2752.0,0.6216915532182751,,False,0.021930903854545,0.0114400681642399,-0.9441251526288094,59,89,False
KIR2DL3,2384.0,0.3452563645601081,,False,-0.1668515217974893,0.0775794873567796,35.685153381344314,59,89,False
KIR2DS4,3097.0,0.06509872574325842,,False,0.9224457486297364,-0.3279150089675986,-39.703621559495254,59,89,False
KIR3DL1,2565.0,0.8142254185451758,,False,-0.0211040015043741,-0.1418033267338565,0.0,59,89,False
KIR3DL2,2671.5,0.8579865502952819,,False,-0.29814527405183,-0.2194896525289287,0.0,59,89,False
KIRREL1,2265.5,0.15915687416447633,,False,-0.1070685256546178,-0.0075747948524288,0.0,59,89,False
KIRREL2,2986.0,0.15857815779590578,,False,0.1417897732660431,-0.1185635605310495,-36.58767162727988,59,89,False
KIT,2340.5,0.26519779894618156,,False,-0.1222612656414852,-0.0512636399303457,0.0,59,89,False
KITLG,2518.0,0.6751835313154204,,False,-0.1049658129869293,-0.0357850563887601,0.0,59,89,False
KLB,2734.0,0.6723237790422716,,False,0.1405735990319387,-0.0023477589153093,-36.5746258123503,59,89,False
KLF4,2111.5,0.04432288461877794,,False,-0.0279165431929839,0.1153691486499333,36.27676911209961,59,89,False
KLHL41,2559.0,0.7960394812620708,,False,0.0799229556491423,0.1107811315188789,0.4866293718730361,59,89,False
KLK1,2855.0,0.369807615311045,,False,-0.0514132618522771,-0.1044935117779408,0.0,59,89,False
KLK10,2401.0,0.38034963380665165,,False,-0.1499577958019535,-0.1030903150378855,0.0,59,89,False
KLK11,2771.0,0.5701271899083155,,False,0.0439550614822721,-0.012071087453085,-34.84857720909337,59,89,False
KLK12,2247.0,0.1387759808197807,,False,-0.369193338481065,0.1215738399006056,36.3554892593316,59,89,False
KLK13,2340.0,0.2643592789380449,,False,-0.1918350841712493,0.0221229234482425,33.847132216790634,59,89,False
KLK14,2225.0,0.11722648544646208,,False,-0.2635081919992538,-0.0542172065715048,0.0,59,89,False
KLK15,2888.0,0.3048577202294007,,False,-0.0214765448424904,-0.12667732062529,0.0,59,89,False
KLK3,2558.0,0.7930189171915708,,False,0.0023051588082399,0.0304066557731251,3.7355263998911474,59,89,False
KLK4,2877.0,0.3256111334091879,,False,0.0190459392364625,-0.1047941159793061,-33.62953145719774,59,89,False
KLK6,2583.0,0.869349392101274,,False,-0.1509041819144396,-0.0859753816479787,0.0,59,89,False
KLK7,2121.0,0.04840227960245291,,False,-0.245498687821815,-0.1406962317369924,0.0,59,89,False
KLK8,2276.0,0.17169102565245775,,False,-0.1062134096573211,0.0054152424891906,31.80832089095466,59,89,False
KLKB1,2932.5,0.23000401424199757,,False,0.0397878093475249,-0.0051002254391738,-34.7027806699217,59,89,False
KLRB1,2488.0,0.5915897162493684,,False,-0.0083099602490295,0.0476997794840331,34.96841277408704,59,89,False
KLRC1,2848.0,0.3846176362932683,,False,0.0558564465555814,-0.1167521770048448,-35.20025670152198,59,89,False
KLRD1,2444.0,0.4784168458220497,,False,-0.0165935146132686,0.0541860645096382,35.15561427508074,59,89,False
KLRF1,2102.0,0.040537724255897724,,False,-0.0939324739864305,0.1024353056143745,36.09867640439059,59,89,False
KLRK1,2514.0,0.6637730640966774,,False,-0.016604591959129,-0.0126021749940552,0.0,59,89,False
KRT14,2739.0,0.658096728599423,,False,0.0766515486465622,-0.0349814175059332,-35.6673249761844,59,89,False
KRT18,2600.0,0.9220056501154783,,False,0.1843831421598695,0.0772011898233853,-1.3104123614723653,59,89,False
KRT19,2572.0,0.8355692973583019,,False,-0.2893375934919371,-0.2607868793888526,0.0,59,89,False
KRT5,2417.0,0.4153062413432891,,False,0.0073244548497402,0.0788460139090245,3.464183301059097,59,89,False
KRT6C,3068.0,0.08345056936279334,,False,0.0967048455729497,-0.0250259759770506,-36.012725260346286,59,89,False
KRT8,2348.0,0.2780029731029249,,False,-0.0448210406656546,-0.0421024163124001,0.0,59,89,False
KYAT1,1739.0,0.0005207568329447084,,False,-0.3300610902945262,0.0561669872538615,35.208411600734614,59,89,False
KYNU,2361.0,0.3011808322630821,,False,-0.187270640011515,-0.0680846391425559,0.0,59,89,False
L1CAM,1815.0,0.0015128520986545622,,False,-0.1342623527383613,0.0460943151270137,34.918211928438964,59,89,False
L3HYPDH,1615.0,7.63850364022437e-05,,False,-0.3933573745182397,0.1534928614810625,36.70804104004418,59,89,False
LACRT,2429.0,0.44272739910183756,,False,-0.2309106982730022,0.0340641223504191,34.47583318632496,59,89,False
LACTB2,1553.0,2.6895151205854582e-05,,False,-0.3622427891777804,0.1865266554158628,37.00609250871696,59,89,False
LAG3,2659.0,0.8971692837014724,,False,-0.0588790936540046,-0.0267518602861532,0.0,59,89,False
LAIR1,2349.5,0.2806131571256215,,False,-0.1274400312636611,0.0200790781311165,33.70625879288406,59,89,False
LAIR2,2602.0,0.9282276081563763,,False,-0.4922167492343292,-0.6761836098024182,0.0,59,89,False
LAMA1,2488.0,0.5915897162493684,,False,-0.0140801441129414,-0.0081898076147224,0.0,59,89,False
LAMA4,2229.5,0.12140576982187877,,False,-0.1722686369379588,-0.086753238862835,0.0,59,89,False
LAMB1,2728.0,0.6895520189198758,,False,-0.0175993295543093,-0.0875898944062439,0.0,59,89,False
LAMP1,2252.0,0.1440753669638899,,False,-0.0897465124716836,-0.016341817295757,0.0,59,89,False
LAMP2,2354.0,0.28854514108546836,,False,-0.1020155220139594,-0.0527912733723241,0.0,59,89,False
LAMP3,2753.0,0.6189276609973304,,False,0.0284848274198939,-0.0368731586338687,-34.214974088716694,59,89,False
LAMTOR5,2703.0,0.7629909613578039,,False,0.0117277602844145,-0.0275996604559698,-32.9263099485689,59,89,False
LAP3,1946.0,0.007833263867872442,,False,-0.3019200885029474,0.0752204398558716,35.63941294755725,59,89,False
LARP1,2044.0,0.022883433756945393,,False,-0.4238301743936108,-0.0366938157039245,0.0,59,89,False
LAT,1818.0,0.0015752134840212443,,False,-0.536353592875535,-0.0174185915925255,0.0,59,89,False
LAT2,1361.0,7.413374788118075e-07,,False,-0.4826052471151956,0.1298821927455676,36.45507458754745,59,89,False
LATS1,1765.0,0.0007570953052008373,,False,-0.378161877794438,0.1650330461303004,36.81850064983607,59,89,False
LAYN,2456.0,0.5080638311969634,,False,-0.0218288679073381,0.0489948106544639,35.00771026200459,59,89,False
LBP,2216.5,0.10964030211243903,,False,-0.018567139765071,0.1626949045257277,36.79672358268938,59,89,False
LBR,1648.0,0.00013011898693278572,,False,-0.2748046249952872,0.1582985872947303,36.75496398855202,59,89,False
LCAT,2470.0,0.5438328369554082,,False,-0.0409407379004507,0.0656823762361023,35.438986681563385,59,89,False
LCN15,2401.0,0.38034963380665165,,False,-0.0588103474896493,0.0411189556309009,34.75092650710375,59,89,False
LCN2,2412.0,0.4039398286856075,,False,-0.0652443340757595,-0.0397889903406152,0.0,59,89,False
LCP1,2179.0,0.08069426393556305,,False,-0.1606287315013281,-0.0498504337187631,0.0,59,89,False
LDLR,2570.0,0.829457994780519,,False,0.0796505250024681,0.0076932174297668,-3.408185050455825,59,89,False
LDLRAP1,1769.0,0.0008012666110073795,,False,-0.3475381354789075,0.4255794696107521,38.319888062714966,59,89,False
LECT2,2455.0,0.5055569672478197,,False,-0.2987779783015736,-0.0056020214294603,0.0,59,89,False
LEFTY2,2788.0,0.525792818194917,,False,0.0624626559003535,-0.1020199443740073,-35.36485249804929,59,89,False
LEG1,2178.0,0.08001686510031776,,False,-0.0304179188463214,0.0008392977926433,29.116260841915505,59,89,False
LEO1,2276.0,0.17169102565245775,,False,-0.0604153930116167,0.0172122998366732,33.48256915948765,59,89,False
LEP,2282.0,0.17917726991348548,,False,-0.0305631652425078,0.0570131568736204,35.23040991836869,59,89,False
LEPR,2640.0,0.9562752404017767,,False,0.0779087475011205,0.0405102046282541,-0.962327122214189,59,89,False
LETM1,1626.0,9.138775615622476e-05,,False,-0.2682136997114788,0.1682143476228176,36.8476677381452,59,89,False
LGALS1,1911.0,0.00517007366121496,,False,-0.2059904815211202,-0.035010755615214,0.0,59,89,False
LGALS3,2925.0,0.2416087775465755,,False,0.0552345134610161,-0.002442059836635,-35.183789964968135,59,89,False
LGALS3BP,2369.5,0.31701210950488057,,False,0.0609408214221515,0.1707742195247846,1.5422609760024375,59,89,False
LGALS4,2641.5,0.9515959177701806,,False,0.0143089696875226,-0.098743605631686,-33.214594769122186,59,89,False
LGALS7_LGALS7B,2752.0,0.6216915532182751,,False,-0.1317287207611704,-0.1381775105268938,0.0,59,89,False
LGALS8,1682.0,0.00022155831211542883,,False,-0.1588270923745033,0.106070671496049,36.15082873989626,59,89,False
LGALS9,2617.5,0.9765676110776504,,False,0.0172022178782858,-0.0496377792017886,-33.48171881453914,59,89,False
LGMN,2386.5,0.35028349318540253,,False,0.0735386884922857,0.124484179558273,0.785151137032488,59,89,False
LHB,2542.0,0.7451405090005712,,False,-0.5122124241963433,-0.4439314807589635,0.0,59,89,False
LHPP,1648.5,0.00013115738947804546,,False,-0.4684960386093693,-0.0332709972675037,0.0,59,89,False
LIF,2720.0,0.7127743289874235,,False,-0.1312057020977269,-0.0932574485257859,0.0,59,89,False
LIFR,2693.0,0.7930189171915708,,False,0.2191537660573313,0.2088039343434862,-0.07509736716285711,59,89,False
LILRA2,2495.0,0.610668381636388,,False,-0.075131307418144,-0.0241778105897915,0.0,59,89,False
LILRA3,2348.0,0.2780029731029249,,False,0.0421667943871296,0.115288465544061,1.4879622617876187,59,89,False
LILRA4,3013.0,0.12961801231714468,,False,0.0046602963585395,-0.1050005012146443,-31.591338958432683,59,89,False
LILRA5,1700.0,0.00029167707132485336,,False,-0.1057027351522984,0.1878086694976049,37.01662922107809,59,89,False
LILRA6,2934.0,0.22773195585615835,,False,0.0674561817439301,0.0403123874680529,-0.7563838104484915,59,89,False
LILRB1,2387.0,0.35129490866774526,,False,-0.0501808128809811,0.0153665312322594,33.31799619590578,59,89,False
LILRB2,2299.0,0.20170276039792778,,False,-0.08401740408183,0.0010352936551783,29.41914419686827,59,89,False
LILRB4,2502.0,0.6300151793758606,,False,-0.0462703939220299,-0.0359649319793144,0.0,59,89,False
LILRB5,2308.0,0.2144326884234684,,False,-0.0699662725697133,0.0338288365591756,34.46571560618094,59,89,False
LIPF,2856.0,0.36772120800966046,,False,-0.0250307873621958,-0.1855236669733522,0.0,59,89,False
LMNB1,2234.0,0.1257014024160824,,False,-0.3187542920981631,-0.0926066700140268,0.0,59,89,False
LMNB2,2023.5,0.018489857901508557,,False,-0.1415620202746561,0.0118501923076459,32.94135419947314,59,89,False
LMOD1,2459.0,0.515623373429559,,False,-0.0558992725810852,-0.0317260022477192,0.0,59,89,False
LMOD2,2984.0,0.16090416785438344,,False,-0.0432013624364169,-0.2089188443082663,0.0,59,89,False
LONP1,1772.0,0.0008359424366431339,,False,-0.40178708719167,0.1090888487160985,36.19283440914088,59,89,False
LPA,2375.5,0.32851027210883066,,False,-0.0753507995404938,0.4198145714855947,38.29718874629853,59,89,False
LPCAT2,2545.0,0.7540494226139913,,False,-0.0175715992720545,0.007807829056317,32.33741362327883,59,89,False
LPL,2277.0,0.17292220713973416,,False,-0.2630415432496914,-0.1499001228897857,0.0,59,89,False
LPO,2175.0,0.0780123525844399,,False,-0.1709662364779795,-0.0911480195752209,0.0,59,89,False
LPP,2094.0,0.0375661088890627,,False,-0.1627852534890778,0.0789745412535827,35.7115696247365,59,89,False
LRCH4,1797.0,0.0011840267371510489,,False,-0.2952887253966418,0.1125951573569449,36.24025115575853,59,89,False
LRFN2,2420.0,0.4220657888612993,,False,-0.1333639611668462,0.0250541241993136,34.02810787423256,59,89,False
LRG1,2116.0,0.04621735657113135,,False,-0.0251796979427646,0.1330515796879646,36.49146533832928,59,89,False
LRIG1,2358.0,0.29572109944570757,,False,0.0529069391867061,0.1193035185937058,1.2066362308122813,59,89,False
LRIG3,2515.0,0.6666185096537225,,False,-0.0141504950540362,0.1150553996335399,36.272681363316536,59,89,False
LRP1,2557.0,0.7900014554806702,,False,-0.0267291043811237,-0.0077469758493385,0.0,59,89,False
LRP11,2199.0,0.09524587078363171,,False,-0.0300724789417364,0.0753637977715471,35.6422321751296,59,89,False
LRP2,2506.0,0.6411866791578765,,False,-0.0210203142127638,0.09702553204342,36.01766365646156,59,89,False
LRP2BP,2843.0,0.39541508652167723,,False,0.0212458540272696,-0.1233042396139524,-33.78833187681729,59,89,False
LRPAP1,2297.0,0.19895029424897226,,False,-0.0283586056744675,0.0108269473912454,32.810557974098224,59,89,False
LRRC25,2515.0,0.6666185096537225,,False,0.00330200567442,0.0101660777619281,1.625783372723391,59,89,False
LRRC37A2,2469.0,0.5412369579560228,,False,-0.0495645024926857,-0.029064771314151,0.0,59,89,False
LRRC38,2616.0,0.9718829900233396,,False,0.0096701324437412,0.0483780140780718,2.342162827229827,59,89,False
LRRFIP1,1632.0,0.00010070348789103389,,False,-0.2222435961403673,0.0226611478367848,33.882080919749654,59,89,False
LRRN1,2144.0,0.059599803015715457,,False,-0.1551187133818196,-0.0112413205336946,0.0,59,89,False
LRTM1,2622.0,0.9906259383689844,,False,0.1404264522939905,0.1430380602225642,0.02791153478486977,59,89,False
LRTM2,2806.0,0.4808507777071962,,False,-0.0734519588002125,-0.0633691592208733,0.0,59,89,False
LSM1,1887.0,0.0038495322441911093,,False,-0.249870346431231,0.1515613570740819,36.68878867521448,59,89,False
LSM8,2268.0,0.16205503999258253,,False,-0.2815225089383088,0.0243645462980887,33.98749735155791,59,89,False
LSP1,2144.0,0.059599803015715457,,False,-0.2323946202255997,-0.0755281210351106,0.0,59,89,False
LTA4H,2390.0,0.35739949176680286,,False,-0.152483474767973,-0.1289903981432298,0.0,59,89,False
LTB,2504.0,0.6355905631262344,,False,-0.0355076579788725,-0.0190088385478777,0.0,59,89,False
LTBP2,2685.0,0.8172666511533354,,False,-0.0994752608312908,-0.0762928049021661,0.0,59,89,False
LTBP3,2326.0,0.24160834193897807,,False,0.1059224336727219,0.4333103132953222,2.201180908681971,59,89,False
LTBR,2730.5,0.682353104033741,,False,0.0683592331797711,0.0051954955470094,-3.7495189962154187,59,89,False
LTO1,2693.0,0.7930189171915708,,False,-0.0654797892708539,-0.0772865970558176,0.0,59,89,False
LUZP2,2702.0,0.7659785821070197,,False,-0.0955744681862954,-0.1143455739254532,0.0,59,89,False
LXN,2503.0,0.6328002631351767,,False,-0.1087379168575667,-0.0792663931760073,0.0,59,89,False
LY6D,2360.5,0.300265797285699,,False,-0.0651258220210553,-0.0470787188655292,0.0,59,89,False
LY75,2469.0,0.5412369579560228,,False,-0.1794984414545003,-0.0875678372849332,0.0,59,89,False
LY9,2613.0,0.9625166888922004,,False,-0.008365195885307,-0.0304193202946906,0.0,59,89,False
LY96,2626.0,1.0,,False,0.0002826857945307,-0.0737505874255254,-27.545999118331526,59,89,False
LYAR,2112.0,0.04453011387496305,,False,-0.1977656993413182,0.0235657275328467,33.93900370024789,59,89,False
LYN,1585.0,4.642000850476173e-05,,False,-0.3873602975325621,0.0753697030160178,35.64234819358371,59,89,False
LYPD1,2255.0,0.14732843447269345,,False,-0.0995944470277855,0.0275924854484465,34.16860822329178,59,89,False
LYPD3,2497.5,0.6175470788148347,,False,0.1430081056970589,0.166465564544038,0.23106519823999452,59,89,False
LYPD8,2282.0,0.17917686753125395,,False,-0.0755634131385551,0.0154101611424345,33.32210846302643,59,89,False
LYPLA2,2422.0,0.4266077638416901,,False,-0.1289135418481091,-0.0274157546587798,0.0,59,89,False
LYSMD3,2422.0,0.4266077638416901,,False,-0.2234907466268744,-0.0089750738866133,0.0,59,89,False
LYVE1,2704.5,0.7585159383991604,,False,0.13298436364205,0.0158941183627712,-3.1237402733096213,59,89,False
LYZL2,2711.5,0.7366855667762822,,False,-0.0448690720262696,-0.0966065943530218,0.0,59,89,False
LZTFL1,1615.0,7.63850364022437e-05,,False,-0.3472618734055255,0.1480814222483092,36.6535072916851,59,89,False
M6PR,2175.0,0.0780123525844399,,False,-0.1404552298462073,-0.0181262800220853,0.0,59,89,False
MAD1L1,2178.0,0.08001686510031776,,False,-0.0461513551173585,0.0155734209385965,33.33739418009501,59,89,False
MAEA,1945.0,0.007742677227953427,,False,-0.2702172941761215,0.1215699648599171,36.35544130945439,59,89,False
MAG,3037.5,0.10705752551808774,,False,0.0787509415736989,-0.0296505848107355,-35.70736632766749,59,89,False
MAGED1,2473.0,0.5516570754814096,,False,-0.2077774833231331,-0.1430191163252704,0.0,59,89,False
MAMDC2,2595.0,0.9064724474213564,,False,-0.0222913426929078,0.0079732185204269,32.36773713564247,59,89,False
MAMDC4,2577.0,0.8508902691545573,,False,0.1233274934895614,0.2050134795510424,0.7748417450471863,59,89,False
MAN1A2,2775.0,0.5595369658762197,,False,0.3155111036626392,0.1915806180173931,-0.7835184285865211,59,89,False
MAN2B2,2442.0,0.47356924268207135,,False,0.0070592746823735,0.024613184857296,1.810632497676959,59,89,False
MANEAL,2996.5,0.1450984791068151,,False,-0.0162590661312413,-0.2584881756689824,0.0,59,89,False
MANF,1698.5,0.000285117232899979,,False,-0.5309054860638831,0.3592922923868197,38.040973171483145,59,89,False
MANSC1,2809.0,0.47356924268207135,,False,0.0802406755969993,0.0683284672177945,-0.23785420448348263,59,89,False
MANSC4,2322.0,0.23536951681318607,,False,-0.0285148860620063,0.0493891464227562,35.01947363312835,59,89,False
MAP1LC3A,2187.0,0.08628263744032197,,False,-0.1240628420675624,0.1384515516951224,36.55160324455653,59,89,False
MAP1LC3B2,3062.0,0.08772751016054496,,False,0.0641048981891094,-0.0573924490047381,-35.403120304188036,59,89,False
MAP2,1826.0,0.0017137887656272592,,False,-0.064693281902642,0.0174308181109845,33.500879043601806,59,89,False
MAP2K1,1721.0,0.0003996126189864862,,False,-0.3100328625994208,0.0201947638849399,33.71460501470118,59,89,False
MAP2K6,1599.0,5.8662161770241464e-05,,False,-0.4131312421016849,0.0644317661905247,35.410622497846454,59,89,False
MAP3K5,1806.0,0.0013391428276314681,,False,-0.3464840167513724,0.1565812052673211,36.738352355798625,59,89,False
MAP4K5,1845.0,0.002252724493122443,,False,-0.5786863351394044,0.0922988999813871,35.94322351233567,59,89,False
MAPK13,2864.5,0.34827081004006544,,False,-0.2859956596364589,-0.4927115467112488,0.0,59,89,False
MAPK9,2295.0,0.19622538266828626,,False,-0.0629833264564585,-0.0189871168090405,0.0,59,89,False
MAPKAPK2,1498.0,1.0152289100958132e-05,,False,-0.4224451872586158,0.1912269181906078,37.04439771249594,59,89,False
MAPRE3,2832.5,0.4167329489812387,,False,-0.0406651581202786,-0.2573651333431447,0.0,59,89,False
MAPT,2828.0,0.42888939691093864,,False,0.1549162096942185,-0.1155635684522162,-36.72208193706254,59,89,False
MARCO,2270.0,0.16444138349370008,,False,-0.0181904220933788,0.0148677004151304,33.27013633349371,59,89,False
MARS1,1563.0,3.194821233882534e-05,,False,-0.2567909731024891,0.1680726317991603,36.846379562169545,59,89,False
MASP1,2623.0,0.9937505457053547,,False,-0.0679175768175679,-0.0572669083916338,0.0,59,89,False
MATN2,2482.5,0.5767938923958047,,False,-0.1248564104129168,-0.0969143823470186,0.0,59,89,False
MATN3,2479.0,0.5674706937800916,,False,-0.0187483202601108,0.0231670827994019,33.914190009579755,59,89,False
MAVS,1572.0,3.725548159654299e-05,,False,-0.3212663803002356,0.2196366951145807,37.258773091482524,59,89,False
MAX,1771.0,0.0008242382105723398,,False,-0.3170697388495535,0.1777238983880532,36.931854430329736,59,89,False
MB,2706.0,0.7540494226139913,,False,-0.1020840544029321,0.0175539785679523,33.51109851572437,59,89,False
MBL2,2871.5,0.3363240914089626,,False,0.3678724599816444,-0.0172419693753271,-38.07949094909632,59,89,False
MCAM,2519.5,0.6794816751483973,,False,-0.0460058564902353,-0.013451622149954,0.0,59,89,False
MCEE,2660.0,0.8940713035325475,,False,0.0330664242569273,0.0004439908098038,-6.235036208063521,59,89,False
MCFD2,1595.0,5.488346117585629e-05,,False,-0.0829538782262766,0.0570732139044371,35.23195906394624,59,89,False
MDGA1,2648.0,0.9313402575764991,,False,-0.2710650557945022,-0.2001276755798777,0.0,59,89,False
MDH1,2094.5,0.03774589201387805,,False,-0.0199293590189956,0.0203423328125852,33.725182827308664,59,89,False
MDK,2392.0,0.36150609182773885,,False,-0.1289463593510626,-0.0791528544540627,0.0,59,89,False
MDM1,1905.0,0.004806266126353257,,False,-0.4957685638166883,0.2063791886658905,37.162159667645014,59,89,False
MECR,1541.0,2.1832612257886148e-05,,False,-0.3771200119872372,0.198627604705533,37.10296187689797,59,89,False
MED21,3069.0,0.0827544437239775,,False,0.0965421258124511,-0.0773983479886011,-36.0102134065822,59,89,False
MEGF10,2045.5,0.023237894430652384,,False,-0.2403867062128112,-0.0385523856628341,0.0,59,89,False
MEGF11,3005.5,0.13721590747033402,,False,0.1432985142341703,-0.0098741903816462,-36.603708589107505,59,89,False
MEGF9,2745.0,0.6411863704433807,,False,0.0297710649304259,0.0472362502361782,0.6747550506774905,59,89,False
MELTF,2775.0,0.5595369658762197,,False,0.0249523016711774,-0.0506388286327109,-34.02218160860282,59,89,False
MENT,2582.0,0.8662677393538983,,False,-0.0440564005245357,0.0040978155844725,31.405490933473722,59,89,False
MEP1A,2685.0,0.8172666511533354,,False,-0.0007425999823952,-0.0580877624413093,0.0,59,89,False
MEP1B,2689.0,0.8051193550919122,,False,0.1923951954842111,-0.087440624726607,-37.05378194400753,59,89,False
MEPE,2530.5,0.7113145822198452,,False,-0.128217446733867,-0.1554521783405691,0.0,59,89,False
MERTK,2484.5,0.5821535121291994,,False,-0.0534418129873575,0.003723985884316,31.267296478913295,59,89,False
MESD,1617.0,7.89269505501781e-05,,False,-0.3523021702169913,0.3238760346777074,37.87285064239765,59,89,False
MET,2284.0,0.1817258645004035,,False,-0.0101135118456644,0.0036103175728784,31.222517762159928,59,89,False
METAP1,2719.0,0.7156962130204892,,False,0.0075188601934702,-0.0269887679541056,-32.28286151989943,59,89,False
METAP1D,1535.0,1.9655188816272575e-05,,False,-0.3627497339973965,0.2218291906427208,37.274227397633005,59,89,False
METAP2,1865.0,0.0029166215976096518,,False,-0.4746283149285662,0.0263075188117628,34.099163510926914,59,89,False
MFAP3,2870.0,0.33928529896988835,,False,-0.1010891891132906,-0.1276014476077887,0.0,59,89,False
MFAP3L,2744.0,0.6439924283251525,,False,0.096581501232075,-0.0478365557388689,-36.01082160777166,59,89,False
MFAP4,2673.0,0.8539614251046532,,False,-0.1174256787353347,-0.0718180580273637,0.0,59,89,False
MFAP5,2406.0,0.39107342402959944,,False,-0.0063755385416842,0.0516501285055763,35.08518862511068,59,89,False
MFGE8,2492.0,0.6024583579760054,,False,0.0928436690120642,0.1278114031524176,0.4788478017221602,59,89,False
MGMT,1624.0,8.846778177534145e-05,,False,-0.6088951988161708,0.2400428335933193,37.39741971636145,59,89,False
MIA,3204.0,0.02359724139202558,,False,0.0707529487759797,-0.120048534589572,-35.54882590229143,59,89,False
MICALL2,2198.0,0.09447264388621363,,False,-0.2267040221272113,0.0160750982651874,33.38338714479744,59,89,False
MICB_MICA,2768.0,0.5781320535779435,,False,-0.0004499685748363,-0.0026183585367242,0.0,59,89,False
MIF,1670.0,0.00018396825422738763,,False,-0.5180451783688131,0.0728207122835389,35.591426933639966,59,89,False
MILR1,2131.0,0.05303270145847193,,False,-0.3609637470425752,0.0133352808777,33.11243556462271,59,89,False
MINDY1,1860.0,0.0027357053357722726,,False,-0.5463319457719058,0.1412780506423282,36.58219544458254,59,89,False
MINK1,1761.0,0.0007151940550241207,,False,-0.5524672988486468,0.1839049167746546,36.984331837602774,59,89,False
MITD1,1655.0,0.00014538920424063387,,False,-0.3724245390444053,0.3844440475168172,38.151704364543065,59,89,False
MKI67,2483.0,0.5781320535779435,,False,0.0105597468943564,-0.0014430526657514,-32.7743729251395,59,89,False
MLN,2899.0,0.2850015450951118,,False,0.0370116229680325,-0.0691065357562963,-34.597038349839565,59,89,False
MME,2319.0,0.23076551383843358,,False,-0.188606709799556,0.0298035798501762,34.2809276496063,59,89,False
MMP1,2539.0,0.7362660079343711,,False,-0.1830327290340329,-0.0289555575647381,0.0,59,89,False
MMP10,2593.5,0.9018190896769981,,False,-0.0027060428640438,-0.0220378479826682,0.0,59,89,False
MMP12,2993.0,0.15063735749606752,,False,-0.0087839797842505,-0.1094246108646324,0.0,59,89,False
MMP13,2779.0,0.5490431052341302,,False,0.1187679275210852,0.022473871817999,-2.4503645086797845,59,89,False
MMP15,2701.0,0.7689696873894178,,False,-0.019450668608605,0.0399328529038892,34.708103202317304,59,89,False
MMP3,2473.5,0.5529665353119877,,False,-0.0684035787479229,0.1165789185621527,36.292431545677864,59,89,False
MMP7,2596.0,0.9095764202730835,,False,-0.0036946421018069,-0.0294416585170276,0.0,59,89,False
MMP8,2244.0,0.1356697575132007,,False,-0.5068677991122391,-0.1039534443925627,0.0,59,89,False
MMP9,2200.0,0.096026624901837,,False,-0.429176465962668,-0.1253640422111165,0.0,59,89,False
MN1,2745.0,0.6411866791578765,,False,-0.0942833943953972,-0.1235510216979851,0.0,59,89,False
MNAT1,2160.0,0.06858009289594325,,False,-0.0382607285797692,0.0352208537591538,34.52459071067444,59,89,False
MNDA,2327.0,0.2431866179664025,,False,-0.3302882706942272,-0.1346521938096211,0.0,59,89,False
MOCS2,1660.0,0.00015731148655652916,,False,-0.2407338004530416,0.0994339664319844,36.054255856427716,59,89,False
MOG,2883.0,0.314179765068925,,False,-0.0436638667053989,-0.0919265553096634,0.0,59,89,False
MORC3,1674.0,0.00019577578093186277,,False,-0.2042695485466609,0.1166991015093341,36.29397897651564,59,89,False
MORF4L1,2458.0,0.5130752177143958,,False,0.0555917603968142,0.0169522609665245,-1.7327940700913276,59,89,False
MORF4L2,2890.5,0.29824755109446244,,False,-0.106473032970777,-0.2574572374253415,0.0,59,89,False
MORN4,2815.5,0.45612277982860416,,False,-0.2301983046962575,-0.3428092567862874,0.0,59,89,False
MPHOSPH8,1891.0,0.004045810381259547,,False,-0.3903356001905259,-0.0194009652370201,0.0,59,89,False
MPIG6B,1738.5,0.0005169671302029164,,False,-0.4882717155475526,0.0649244970143022,35.42186149389283,59,89,False
MPO,2071.0,0.030034672030989536,,False,-0.3296092576436661,-0.151655152273667,0.0,59,89,False
MPRIP,2440.0,0.46874877520915303,,False,-0.1305543316368194,-0.0306391505920686,0.0,59,89,False
MRC1,2757.0,0.6079261927210171,,False,0.1263197870912062,0.1055024205756644,-0.27035259156906044,59,89,False
MRPL24,2585.0,0.8755189685149742,,False,0.022762039356738,0.0359676536587019,0.6666954335853055,59,89,False
MRPL28,2844.0,0.39324106527532465,,False,-0.0064866758991164,-0.042050132406621,0.0,59,89,False
MRPL46,2592.0,0.8971692837014724,,False,0.0233388982356323,-0.0039691650623386,-33.92493621372453,59,89,False
MRPL52,3035.5,0.10730181211219689,,False,0.0214246557005771,-0.076608694850884,-33.800512180717085,59,89,False
MRPL58,2210.0,0.10410579211352082,,False,-0.2101830574712281,-0.0040722596793468,0.0,59,89,False
MRPS16,2627.0,0.9968752488900459,,False,-0.0042183892685792,-0.0126552278443539,0.0,59,89,False
MSLN,2536.0,0.7274263272413157,,False,0.0840171023144353,0.0930483329868951,0.1518590713820838,59,89,False
MSLNL,2526.0,0.698227567976436,,False,0.0719732721025926,0.0803328071253433,0.16274457926122632,59,89,False
MSMB,2402.0,0.3824799856495509,,False,-0.2040626405201346,0.0060942396778817,31.97908091382698,59,89,False
MSR1,2310.0,0.21733857310308924,,False,-0.0223323898505721,0.0667818758676666,35.46349093469754,59,89,False
MSRA,1553.0,2.6895151205854582e-05,,False,-0.3268015007414379,0.086700343392325,35.850119546619375,59,89,False
MST1,2407.0,0.39324106527532465,,False,-0.0317396941928557,0.0051981408144505,31.74918204790043,59,89,False
MSTN,2262.0,0.1551369948437383,,False,-0.3041308175597129,-0.0599229264546008,0.0,59,89,False
MTDH,1711.0,0.00034424889736947074,,False,-0.4962194617722247,0.2780451297741483,37.62901638638147,59,89,False
MTHFD2,2408.0,0.39541508652167723,,False,-0.1064557650454135,-0.0648814668374257,0.0,59,89,False
MTIF3,1751.0,0.0006196818231789442,,False,-0.3449103428636209,0.2046607609734819,37.14921708944544,59,89,False
MTPN,2601.0,0.9251160565631079,,False,0.0429697213546114,-0.0311031041272945,-34.81537318395677,59,89,False
MTR,2888.0,0.3048577202294007,,False,-0.0039359187100878,-0.1959759003098188,0.0,59,89,False
MTSS1,1719.0,0.0003879146572835327,,False,-0.5430392373674561,0.4842647715540561,38.537137747463134,59,89,False
MTSS2,1626.0,9.138775615622476e-05,,False,-0.5578989975517622,0.0506224768204196,35.05567792171409,59,89,False
MTUS1,2161.0,0.06917737467654964,,False,-0.0925619751604124,0.0983062216985634,36.037229512638476,59,89,False
MUC13,2530.0,0.7098564031328343,,False,-0.1514718394446051,-0.0152557080203241,0.0,59,89,False
MUC2,2502.0,0.6300151793758606,,False,-0.1993210365649618,0.0058961362510457,31.93130541658348,59,89,False
MUCL3,2998.5,0.14293994853147923,,False,-0.0557412678450319,-0.2467020181445866,0.0,59,89,False
MVK,1357.0,6.839220022409315e-07,,False,-0.5107217892994067,0.4227526187728054,38.30879061290516,59,89,False
MXRA8,2994.0,0.14952776961860645,,False,0.0018447401304574,-0.1268695171896462,-30.252926546757344,59,89,False
MYBPC1,2693.0,0.7930189171915708,,False,0.1291157781216143,0.1189045483167255,-0.12404015884703654,59,89,False
MYBPC2,2822.0,0.4427269769339627,,False,-0.0108049343148037,-0.0540283305516368,0.0,59,89,False
MYCBP2,1886.0,0.0038018744819469023,,False,-0.3236514929049681,0.1497835641654042,36.67086167101223,59,89,False
MYDGF,1702.0,0.0003006384155086829,,False,-0.3427799830311387,0.1068502057977755,36.16178718025451,59,89,False
MYH4,2344.0,0.2711223267932258,,False,-0.0908250841740552,-0.0414333604186692,0.0,59,89,False
MYH7B,2741.5,0.6496656710527133,,False,-0.2925775295500574,-0.1445196016817327,0.0,59,89,False
MYH9,1970.0,0.010312170237630671,,False,-0.2667198331213198,0.1644574192021199,36.81316651621536,59,89,False
MYL1,2770.0,0.5727896004625448,,False,0.008118447273482,-0.1006553761155759,-32.39385143351968,59,89,False
MYL3,2731.0,0.680917090585689,,False,0.1089765832582063,-0.0198231760801301,-36.19129209938763,59,89,False
MYL4,2265.0,0.15857815779590578,,False,-0.1907682137325504,-0.0036573875199318,0.0,59,89,False
MYL6B,2794.0,0.5105772014275591,,False,0.3203140379733304,0.0242049928817619,-3.877110072326324,59,89,False
MYLPF,2901.5,0.2806131571256215,,False,0.0853175819463898,-0.0805535222956478,-35.8262266668198,59,89,False
MYO6,1772.0,0.0008359517440813826,,False,-0.2189209611486898,0.0677774885691388,35.48534217168131,59,89,False
MYO9B,1769.5,0.0008069350741157891,,False,-0.3941528900455881,0.2471684943608191,37.443285760458494,59,89,False
MYOC,2854.0,0.37190136352215597,,False,0.011352981643808,-0.1885689200644353,-32.879266032823,59,89,False
MYOM1,2287.0,0.1855990416675326,,False,-0.0689895018996212,-1.6848184141840528e-05,0.0,59,89,False
MYOM2,2690.0,0.8020897436030483,,False,-0.0408104555984339,0.028260170656241,34.20343790451098,59,89,False
MYOM3,2706.0,0.7540494226139913,,False,0.0612041595439051,0.1298675642493843,1.120050119469873,59,89,False
MZB1,2425.5,0.43462399960813136,,False,-0.0643925375213332,0.0472959740679704,34.955944550432086,59,89,False
MZT1,1884.5,0.003731280927078369,,False,-0.1637551542452908,0.0706707289279081,35.54710696969699,59,89,False
NAA10,1757.0,0.0006754559502706055,,False,-0.3101721970582586,0.1753904823989427,36.91159670061633,59,89,False
NAA80,1561.0,3.087045334577385e-05,,False,-0.6098617969428552,0.3760069758563448,38.115286528073405,59,89,False
NAAA,2667.0,0.8724331532825964,,False,0.1136473507039735,0.0681433179547373,-0.7609108631432216,59,89,False
NACC1,1681.0,0.00021816654489018755,,False,-0.3116203909545748,0.0780801586296547,35.694686709013084,59,89,False
NADK,1919.0,0.00569383012739136,,False,-0.3493522010260909,0.0410597326779523,34.748817367405586,59,89,False
NAGA,2419.0,0.41980375119463564,,False,0.0268557726687455,0.1030165813806051,1.9779384948585867,59,89,False
NAGK,2049.5,0.024206520422185733,,False,-0.1852744071401145,0.053456217945999,35.13568298353568,59,89,False
NAGPA,2698.0,0.7779634910191433,,False,-0.0063330886017741,-0.0053761859794344,0.0,59,89,False
NAMPT,1995.0,0.013614602836079617,,False,-0.2840820595498916,-0.0235628386689643,0.0,59,89,False
NAP1L4,1780.0,0.0009353707318673288,,False,-0.6123301689322166,-0.0091652557801063,0.0,59,89,False
NAPRT,2301.5,0.20518141755146047,,False,-0.1266149264890622,-0.0631822211580057,0.0,59,89,False
NARS1,1619.0,8.15486887310256e-05,,False,-0.2062428314446129,0.0528301118869004,35.11837070413368,59,89,False
NBL1,2370.0,0.31796053266099833,,False,-0.1375944607659617,-0.0253311700006474,0.0,59,89,False
NBN,1871.5,0.003168101323195433,,False,-0.2000995495600886,0.0479476044748283,34.97601351260089,59,89,False
NCAM1,2613.5,0.9640772155425841,,False,-0.0771379525398986,-0.013554987319749,0.0,59,89,False
NCAM2,2526.5,0.6996771068065692,,False,-0.0766731876539015,-0.0632892625963375,0.0,59,89,False
NCAN,2773.0,0.5648197794102838,,False,-0.0768698262402712,-0.2540443902837446,0.0,59,89,False
NCF2,1939.5,0.007261027121225883,,False,-0.2471884417903675,-0.051427649065333,0.0,59,89,False
NCK2,1631.5,9.989269722483739e-05,,False,-0.2616409119963878,0.1394174055779278,36.56212338448469,59,89,False
NCLN,2091.0,0.03650057620916855,,False,-0.1386356080031658,0.0843656923749862,35.8095594205841,59,89,False
NCR1,2501.0,0.6272353447328057,,False,0.0414069480868699,0.0399432731313464,-0.052655590074023755,59,89,False
NCR3LG1,2568.0,0.8233569939504762,,False,0.0778005302698958,0.0714527716189092,-0.12599125523184945,59,89,False
NCS1,2530.0,0.7098561467794562,,False,-0.0559596372155994,-0.0020877571285819,0.0,59,89,False
NDRG1,2781.0,0.5438328369554082,,False,-0.1741331975595185,-0.2136918816772401,0.0,59,89,False
NDST1,2701.5,0.7674734927997275,,False,-0.000841756065843,-0.0754719967557978,0.0,59,89,False
NDUFA5,2436.0,0.4591898118023843,,False,-0.0490533330719145,-0.0033388684997547,0.0,59,89,False
NDUFB7,1620.0,8.288770616320522e-05,,False,-0.2157231569958273,0.2163188341542651,37.235112575201406,59,89,False
NDUFS6,2026.5,0.019082635717400886,,False,-0.3475523646028353,-0.0424937939548915,0.0,59,89,False
NEB,2678.0,0.8386286999513577,,False,-0.0516012432080694,0.0158523589852621,33.363145556563936,59,89,False
NECAP2,1981.0,0.011665645343205881,,False,-0.2709721682638604,0.0347308841706135,34.504133994234664,59,89,False
NECTIN1,2797.0,0.503056631086533,,False,0.2024980131852042,-0.0347776240990247,-37.13278351976382,59,89,False
NECTIN2,2125.0,0.05021192282960256,,False,0.0500265003800365,0.1193606125994859,1.2895686305503797,59,89,False
NECTIN4,2476.0,0.5595369658762197,,False,0.2089118005046853,0.2693912285921234,0.39788367542506803,59,89,False
NEDD4L,2245.0,0.13669926298407833,,False,-0.1373898077047086,-0.0348242099007918,0.0,59,89,False
NEDD9,2076.0,0.03155115644185743,,False,-0.2317705145686294,0.1568434066067524,36.740899658154724,59,89,False
NEFL,2270.5,0.1650361793678099,,False,-0.0600169069389028,0.0616149507744661,35.3447121552082,59,89,False
NEK7,2356.0,0.2920933059015026,,False,-0.0867527737934541,0.0949472532521119,35.98537482098395,59,89,False
NELL1,2200.0,0.09548144811467317,,False,-0.226390343281634,-0.1129489329715121,0.0,59,89,False
NELL2,2523.5,0.6909948787902394,,False,-0.0479184179334118,-0.0688306483734628,0.0,59,89,False
NENF,2964.0,0.1855990416675326,,False,0.0472849163284573,-0.0386395576273714,-34.95560165162716,59,89,False
NEO1,2572.0,0.8355691473574887,,False,-0.0678768402248167,-0.0983307870002782,0.0,59,89,False
NEXN,2256.0,0.14842517808050687,,False,-0.0071938174661659,0.020217890271901,33.71626778707818,59,89,False
NFASC,2770.0,0.5727896004625448,,False,-0.0452969812090068,-0.0963596117857632,0.0,59,89,False
NFAT5,1874.0,0.003270015615030735,,False,-0.3164265744244123,0.0471359024431574,34.950973044040026,59,89,False
NFATC1,1595.0,5.488346117585629e-05,,False,-0.5184483745660105,0.0089818182020544,32.54008724138136,59,89,False
NFATC3,2851.0,0.3782265884058187,,False,0.0971899449212286,-0.1500540983584729,-36.02018940912701,59,89,False
NFE2,1689.0,0.0002465172046410381,,False,-0.426354655649147,0.0919598452622316,35.93774276533898,59,89,False
NFIC,1811.0,0.001433239327301043,,False,-0.1008542010808042,0.156584738246735,36.738386705744546,59,89,False
NFKB1,1562.0,3.140494007990296e-05,,False,-0.4846985364640298,0.0760965822542752,35.65656176390274,59,89,False
NFKBIE,1613.0,7.391953087540983e-05,,False,-0.3339582892155638,0.1645238101875666,36.81378263667197,59,89,False
NFU1,1720.0,0.0003937230457831236,,False,-0.3932993953848011,0.1391338683773964,36.55904229710126,59,89,False
NFX1,1788.0,0.0010456499784471335,,False,-0.5103935317755731,0.0959346869152491,36.000800258025464,59,89,False
NFYA,2908.5,0.2685715360237738,,False,0.0391448858729869,-0.1057262302938646,-34.67895511112548,59,89,False
NGF,2581.0,0.8631876224713964,,False,0.0007884723890419,0.017927482985225,4.515547672515555,59,89,False
NGFR,2281.5,0.17854349019778615,,False,-0.141838501145211,0.0149171759224259,33.274954025072674,59,89,False
NGRN,1903.5,0.0047189725198102436,,False,-0.0741979539962991,-0.0054446087951766,0.0,59,89,False
NHLRC3,2553.0,0.7779634910191433,,False,0.0067456243983819,0.0683093258423409,3.3709739568279775,59,89,False
NID1,2247.5,0.13929866410827216,,False,-0.0205669287370736,0.1106603660757687,36.2142651081635,59,89,False
NID2,2590.0,0.8909749384536046,,False,-0.0012356853449819,0.0156207634253355,33.341796968146134,59,89,False
NINJ1,2488.0,0.5915893731785754,,False,-0.0597151840271004,-0.0452401658868108,0.0,59,89,False
NIT1,1766.0,0.0007679210369004202,,False,-0.4673444056601153,-0.0193128476702217,0.0,59,89,False
NIT2,1623.0,8.704106365585202e-05,,False,-0.5001284831467773,0.2159050903985668,37.23213851727382,59,89,False
NLGN1,2541.0,0.7421786665846848,,False,-0.0332621957250793,0.0383626857126852,34.64944214752675,59,89,False
NLGN2,2671.0,0.860110335435335,,False,0.0332454052420324,-0.0660568091523028,-34.440324162874596,59,89,False
NME1,2338.0,0.2610217380248506,,False,-0.047728348129434,0.0166376376173988,33.43329198871071,59,89,False
NME3,2603.0,0.9313401308071085,,False,-0.0484641177814165,-0.0547209505138754,0.0,59,89,False
NMI,2147.0,0.061207479012272366,,False,-0.2073046175562194,-0.0256694986791197,0.0,59,89,False
NMNAT1,1873.0,0.00322890815276012,,False,-0.3142066043476806,-0.0074169136716792,0.0,59,89,False
NMRK2,2725.5,0.6955728998373125,,False,-0.1491624918396148,-0.1921361742011857,0.0,59,89,False
NMT1,1914.0,0.005361153130612612,,False,-0.3312239696885156,-0.0008079807717464,0.0,59,89,False
NOMO1,2361.0,0.3011808322630821,,False,0.0318891562793455,0.0597198483518408,0.919133552960305,59,89,False
NOP56,2748.0,0.6328002631351767,,False,0.0299158356434929,-0.0223312608983221,-34.286407703607175,59,89,False
NOS1,2658.0,0.900268832263371,,False,-0.0099171765725314,-0.0236734863887599,0.0,59,89,False
NOS2,2991.5,0.15231254019549095,,False,0.0373735798597442,-0.1685791854738464,-34.611260466444314,59,89,False
NOS3,2685.0,0.8172666511533354,,False,-0.0853715901366388,-0.2117288903134283,0.0,59,89,False
NOTCH1,2486.0,0.5861893896616032,,False,-0.0087217204929864,-0.0095769561320714,0.0,59,89,False
NOTCH2,2252.0,0.1440753669638899,,False,-0.0392747290087637,0.0319674351142819,34.38313080257555,59,89,False
NOTCH3,2481.0,0.5727896004625448,,False,-0.1553410372944378,-0.2161835718852086,0.0,59,89,False
NPC2,2439.0,0.4663487619377161,,False,-0.0566832399733145,-0.0656450775080014,0.0,59,89,False
NPDC1,2326.0,0.2416087775465755,,False,-0.1163748192962871,-0.0223984917513056,0.0,59,89,False
NPHS1,2656.0,0.9064723612631008,,False,-0.0421933955017944,-0.1426290459733719,0.0,59,89,False
NPHS2,2662.0,0.8878802350877779,,False,0.0185187357515193,-0.0504916404599319,-33.58876945955423,59,89,False
NPL,2396.0,0.369807615311045,,False,-0.1874928081192265,-0.0845990759761986,0.0,59,89,False
NPM1,2224.0,0.1163131999214273,,False,-0.3056996597052216,-0.0521083817639059,0.0,59,89,False
NPPB,3121.0,0.05255361558742759,,False,-0.1654424167443138,-0.8986940382336728,0.0,59,89,False
NPPC,2444.0,0.47841643868409833,,False,-0.189203357749339,-0.2262701966202424,0.0,59,89,False
NPR1,3238.0,0.01653991839525885,,False,0.0275011182860026,-0.1853109709173217,-34.163777262698204,59,89,False
NPTN,2718.0,0.7186225221385174,,False,-0.0002809143765705,-0.0993565413498042,0.0,59,89,False
NPTX1,2374.0,0.3256111334091879,,False,-0.1809922795616445,-0.0544387065559218,0.0,59,89,False
NPTX2,2204.0,0.09919593118555678,,False,-0.3226200056623935,-0.1066284470277765,0.0,59,89,False
NPTXR,2357.0,0.29391600610290103,,False,-0.120132353886318,-0.044148641397876,0.0,59,89,False
NPY,2798.0,0.5005628439635292,,False,-0.0456022831290453,-0.1299056492117966,0.0,59,89,False
NRCAM,3026.0,0.11722648544646208,,False,0.3659981886767274,0.2640828243287829,-0.5236568070155773,59,89,False
NRGN,1692.5,0.00025423623524999773,,False,-0.212906579890058,-0.0222784350081182,0.0,59,89,False
NRN1,2967.0,0.1817258645004035,,False,0.0291039026973089,-0.127967510039111,-34.246303615353604,59,89,False
NRP1,2716.5,0.7230197212121247,,False,-0.0134201321368561,-0.0253852743438958,0.0,59,89,False
NRP2,2502.0,0.6300151793758606,,False,-0.0221793539746209,-0.0078741266285617,0.0,59,89,False
NRTN,2152.0,0.0639666622032592,,False,-0.2405300957326907,0.0590424248819513,35.28188844115575,59,89,False
NRXN3,2795.0,0.5080638311969634,,False,0.0117051826925603,-0.0285108666957466,-32.92351857628623,59,89,False
NSFL1C,1706.0,0.00031933995168510553,,False,-0.7408238099052227,-0.098471428332185,0.0,59,89,False
NT-proBNP,2672.5,0.8552630353276417,,False,-0.3614677516042861,-0.5292950595542489,0.0,59,89,False
NT5C,2522.0,0.686669146542032,,False,-0.0813474402387464,-0.1364244305269594,0.0,59,89,False
NT5C1A,2177.0,0.07934409451176364,,False,-0.1301403739469745,0.0124595803407046,33.01400432645884,59,89,False
NT5C3A,1797.0,0.0011840267371510489,,False,-0.7058960609268887,0.1632392543271331,36.80181983851982,59,89,False
NT5E,2486.0,0.5861893896616032,,False,0.0224018017842138,0.0947410188451256,2.1167887519034276,59,89,False
NTF3,2763.0,0.5915893731785754,,False,-0.0604657421586773,-0.1855608117572374,0.0,59,89,False
NTF4,3202.0,0.024083558768922264,,False,0.1408520540954956,-0.1143949754789882,-36.57762223704315,59,89,False
NTRK2,2504.0,0.6355905631262344,,False,-0.1727083702797184,-0.1319113428682022,0.0,59,89,False
NTRK3,2399.0,0.3761108568383553,,False,-0.1552569535664062,-0.1013191921553109,0.0,59,89,False
NUB1,1757.0,0.0006754559502706055,,False,-0.39437881915215,0.2588476741052453,37.5159044408975,59,89,False
NUCB2,1940.0,0.0073037292214715435,,False,-0.0903117326914676,0.0188623891184489,33.61546846605428,59,89,False
NUDC,1620.0,8.288896352279831e-05,,False,-0.3589756803562763,0.1424469643073337,36.594677013063084,59,89,False
NUDT10,2741.0,0.6524400346073785,,False,0.0192058837643024,0.0108088252518175,-0.8335444262504021,59,89,False
NUDT15,2293.0,0.19352791530403157,,False,-0.2128627892986535,-0.0245362111682217,0.0,59,89,False
NUDT16,1526.0,1.6772732786998102e-05,,False,-0.3590815047111876,0.1924598280042627,37.05429955061879,59,89,False
NUDT2,2414.0,0.408611077185389,,False,-0.0581136626243671,0.0248417199962714,34.0157183253904,59,89,False
NUDT5,1668.0,0.0001783187244754632,,False,-0.3380279925325283,0.0299446124082642,34.28780923790664,59,89,False
NUMB,1638.0,0.00011091056012556737,,False,-0.3618386919262517,0.1054707404673024,36.14234212685649,59,89,False
NUP50,2510.0,0.6524400346073785,,False,-0.0519994667585668,-0.0080425863313545,0.0,59,89,False
NXPE4,3051.0,0.096026624901837,,False,0.0160585064828905,-0.1268061563431644,-33.381888998529924,59,89,False
NXPH1,2646.0,0.937568660372451,,False,-0.0190620331866035,0.0002949600169753,27.607325273248488,59,89,False
NXPH3,2647.5,0.9328968552617432,,False,-0.0232759383770969,-0.1301267420125992,0.0,59,89,False
OBP2B,2487.0,0.5888866954217784,,False,0.3983007086197696,0.4800769089030904,0.31236691765886754,59,89,False
OCLN,2067.0,0.028867000139266123,,False,-0.1433257417193465,0.1204063452369164,36.34097595078377,59,89,False
ODAM,2511.0,0.6552656105720596,,False,-0.0104091257522477,0.0172625384474043,33.48679907926257,59,89,False
OFD1,2398.0,0.3739776837312454,,False,-0.1261742250987929,-0.0453877233932022,0.0,59,89,False
OGA,1573.0,3.789503493892854e-05,,False,-0.4580316535671923,0.0863625259928512,35.844316682965164,59,89,False
OGFR,2163.0,0.07039931688426461,,False,-0.1503748698536955,-0.0064953310037942,0.0,59,89,False
OGN,2462.0,0.5232408762019334,,False,-0.0958010020377724,-0.0524209517385488,0.0,59,89,False
OLFM4,2027.0,0.019183272229049725,,False,-0.2633548067945741,0.2895466322258122,37.69343220614223,59,89,False
OLR1,2398.0,0.3740024462461393,,False,0.1548499371020206,0.2349590801033798,0.6424948899559496,59,89,False
OMD,2304.5,0.20941457291924637,,False,-0.2311741883411044,-0.1092060245394531,0.0,59,89,False
OMG,2564.0,0.8111873207453051,,False,-0.2128216513201409,-0.1050220633548803,0.0,59,89,False
OMP,2273.0,0.16803685113558275,,False,-0.1386015989285379,0.0011325601568848,29.54874048043212,59,89,False
OPHN1,1625.0,8.991657296447233e-05,,False,-0.4964030737423646,0.2257213403995127,37.301317360093314,59,89,False
OPLAH,1825.0,0.0017300362218859952,,False,-0.1962928234362809,0.1041002854033055,36.12277980496369,59,89,False
OPTC,3121.0,0.05255361558742759,,False,0.0309746987764215,-0.0578565326612862,-34.337119887167006,59,89,False
ORM1,2396.0,0.3698049575986805,,False,-0.0870389395896185,-0.0779092000036218,0.0,59,89,False
OSBPL2,2690.0,0.8020895642489183,,False,-0.0134858640353862,-0.0145158502351589,0.0,59,89,False
OSCAR,2184.5,0.08450335528659561,,False,-0.0663316617526299,0.0126722523701645,33.038528312360945,59,89,False
OSMR,2323.0,0.2360389295917652,,False,0.000540565236156,0.0786378445921811,7.223838459012999,59,89,False
OSTN,2999.0,0.1440753669638899,,False,0.2052380583303922,-0.0751785594616782,-37.15357632700401,59,89,False
OTOA,2937.0,0.22323507761018724,,False,0.0709835743905602,-0.0197432881375825,-35.55363710601616,59,89,False
OTUD6B,1883.0,0.003662006535659407,,False,-0.2775463347906851,0.060975064891354,35.32932887400761,59,89,False
OTUD7B,1836.0,0.0020018045392586883,,False,-0.2166625586388011,0.0519812082087582,35.094573384363,59,89,False
OXCT1,1730.0,0.000456442668969348,,False,-0.3392940079381905,-0.029440718885803,0.0,59,89,False
OXT,2653.0,0.915788461667442,,False,0.1083570185700887,0.0989172465349231,-0.13627500775239307,59,89,False
P4HB,1926.0,0.006190868056286495,,False,-0.0474605881937662,0.1157791692328369,36.28209509066108,59,89,False
PACS2,2014.0,0.01671751828807897,,False,-0.4328818316924443,-0.0072996632068412,0.0,59,89,False
PADI2,2549.0,0.7659785821070197,,False,-0.2112818617104301,0.0705824186105454,35.545258531673035,59,89,False
PADI4,2066.0,0.028581263645146748,,False,-0.3061858547555351,-0.1086206183415641,0.0,59,89,False
PAEP,2458.0,0.5130970561775482,,False,-0.0672457099573227,-0.0661133519635901,0.0,59,89,False
PAFAH2,2608.0,0.9469155653783625,,False,0.1499735475176486,0.093766336861871,-0.7060653071747058,59,89,False
PAG1,1749.5,0.0006064169778149191,,False,-0.2109339789214005,0.0209969951074854,33.77120868410915,59,89,False
PAGR1,2166.5,0.07255379662642905,,False,-0.2184348892619639,-0.1306028090720223,0.0,59,89,False
PAIP2B,2840.5,0.3989131652144223,,False,-0.2079958804380894,-0.2469791268876012,0.0,59,89,False
PALLD,2491.0,0.599732773597202,,False,-0.1312261950957959,-0.0390334013408175,0.0,59,89,False
PALM,2357.0,0.29391600610290103,,False,-0.1259676502846793,-0.0679801728471337,0.0,59,89,False
PALM2,2330.0,0.2479631047656078,,False,-0.1858502840177184,-0.0589298565993658,0.0,59,89,False
PALM3,2625.0,1.0,,False,-0.1237565533956912,-0.0326779928578022,0.0,59,89,False
PAM,2346.0,0.27454748431695364,,False,0.0121704703802771,0.0948968182942708,3.0045937620291725,59,89,False
PAMR1,2669.0,0.8662673715588183,,False,0.0551510627274043,-0.0077696300427012,-35.181566638162174,59,89,False
PAPPA,2094.0,0.0375661088890627,,False,-0.1540532303173175,-0.0006696566331659,0.0,59,89,False
PARD3,2097.0,0.038647914789179706,,False,-0.226892116383856,0.0616000792159386,35.34435641152975,59,89,False
PARK7,1592.5,5.263929631691142e-05,,False,-0.4250768583493843,0.0172842158182107,33.4886204621643,59,89,False
PARP1,2067.0,0.028867000139266123,,False,-0.1441234777106433,-0.0080505842687214,0.0,59,89,False
PAXX,1865.0,0.0029166215976096518,,False,-0.1737214392447079,0.0406502314653283,34.734150982854885,59,89,False
PBK,3108.5,0.057758405183961185,,False,-0.0023733087308363,-0.3302743604697614,0.0,59,89,False
PBLD,1925.0,0.006117502582425682,,False,-0.2014862641954544,0.1977221013742199,37.09590676918722,59,89,False
PBXIP1,2804.0,0.4857388087258592,,False,-0.0645355328441051,-0.0638283927123335,0.0,59,89,False
PCARE,2640.0,0.9562752808266195,,False,0.0507802148122422,0.2165227547114627,2.1763307960566034,59,89,False
PCBD1,2268.5,0.16266513393872606,,False,-0.1111221648333497,0.0213804537447531,33.797510475878866,59,89,False
PCBP2,1733.0,0.0004770118832356421,,False,-0.4406487243170455,-0.044540421130147,0.0,59,89,False
PCDH1,2671.0,0.860110335435335,,False,-0.0001409838704169,-0.0018687967313257,0.0,59,89,False
PCDH12,2422.5,0.42774726699078713,,False,-0.0040839842242831,-0.0033383318229171,0.0,59,89,False
PCDH17,2519.0,0.6780479805933892,,False,0.0214212337075418,0.063110797532106,1.5797918438267622,59,89,False
PCDH7,2694.0,0.7900014554806702,,False,0.2836605372279517,0.151051665001982,-0.9770920206038438,59,89,False
PCDH9,3106.0,0.06013175741335524,,False,0.0576686706673726,-0.1119973374011368,-35.24723272617281,59,89,False
PCDHB15,3273.0,0.011281727846886445,,False,0.0201911555041231,-0.1039027211434005,-33.714345403919246,59,89,False
PCNA,2785.5,0.5304852560664337,,False,-0.1283179330951982,0.0137525905614823,33.157099736834155,59,89,False
PCOLCE,2645.0,0.9406536110499842,,False,-0.202006061600622,-0.2021852533576696,0.0,59,89,False
PCSK7,2026.0,0.018982902949575383,,False,-0.2094009115703509,-0.0278131351118799,0.0,59,89,False
PCSK9,2345.0,0.2728314498421349,,False,0.0056470440146725,0.0952255235875286,4.120830734581918,59,89,False
PCYT2,1893.0,0.00414730019906204,,False,-0.3601936232736389,0.0423999739811378,34.79582986330158,59,89,False
PDAP1,1663.0,0.0001649003319060792,,False,-0.5110607570508174,0.115301083775939,36.275883221570176,59,89,False
PDCD1,2763.0,0.5915897162493684,,False,-0.0717140272316193,-0.0825095576808643,0.0,59,89,False
PDCD1LG2,2728.0,0.6895517465727035,,False,0.1751551556207901,0.1516869726402471,-0.21949183970244915,59,89,False
PDCD5,1707.0,0.00032418260451010474,,False,-0.5067937929397983,-0.1113779005996175,0.0,59,89,False
PDCD6,1610.0,7.036467156649633e-05,,False,-0.2890248042984973,0.0416195826683865,34.76863689333975,59,89,False
PDCL2,3069.0,0.08134374387853967,,False,-0.2484688618969794,-0.7431062666964655,0.0,59,89,False
PDE1C,2963.5,0.1844141601757917,,False,-0.1273552059813524,-0.237516560063356,0.0,59,89,False
PDE4D,2940.0,0.21880208998921635,,False,0.0843595065260701,-0.1831713913086208,-35.809450512565576,59,89,False
PDE5A,1467.5,5.8116862892810645e-06,,False,-0.371738970381169,0.3034701654409616,37.76839124676591,59,89,False
PDGFA,2055.5,0.025483069727792153,,False,-0.8281561748987032,-0.2941914304696855,0.0,59,89,False
PDGFB,1995.5,0.013689241676399913,,False,-0.6572899160305113,-0.1518178566327266,0.0,59,89,False
PDGFC,2104.0,0.04131083386470685,,False,-0.2041850053001683,-0.0772248528471836,0.0,59,89,False
PDGFRA,2149.0,0.06229908960281875,,False,-0.0436119835649986,0.0621954704365605,35.358533545403546,59,89,False
PDGFRB,2496.0,0.6134160435607523,,False,-0.0805589209343183,-0.017185166057484,0.0,59,89,False
PDIA2,2903.0,0.2757877892942153,,False,-0.1071287838759757,-0.4691009888559313,0.0,59,89,False
PDIA3,2315.0,0.22472692340895029,,False,-0.0875671217942725,-0.0046318321291766,0.0,59,89,False
PDIA4,1555.5,2.8081444377679884e-05,,False,-0.2572040746947551,0.1239505951531104,36.38462686219394,59,89,False
PDIA5,2833.5,0.41448013421651064,,False,-0.0244632848185146,-0.692437124902195,0.0,59,89,False
PDLIM5,1617.0,7.89257464955741e-05,,False,-0.5176537670736185,0.2056135219865594,37.15640537572213,59,89,False
PDLIM7,1736.5,0.0005020879737909206,,False,-0.6029324451727325,0.0495390665064489,35.0239216695203,59,89,False
PDP1,1939.0,0.00721860284368275,,False,-0.1499298622689069,0.1251460126393663,36.39908029642912,59,89,False
PDRG1,2595.0,0.9064724474213564,,False,-0.0681726266469224,0.0564624209064535,35.216128846112674,59,89,False
PDXDC1,2626.5,0.9984310812398698,,False,-0.0435268666312171,-0.0470856458767321,0.0,59,89,False
PDZD2,1991.0,0.013030405263937617,,False,-0.1528903337916293,0.0426335587972665,34.80387333785453,59,89,False
PDZK1,2151.0,0.06340651119632136,,False,-0.0782168372085671,0.0831410290699448,35.78784532865573,59,89,False
PEAR1,2552.0,0.7749621839402808,,False,-0.076801693544346,-0.0585672942230628,0.0,59,89,False
PEBP1,1580.0,4.266764357769959e-05,,False,-0.4871680166968074,-0.0517893260100244,0.0,59,89,False
PECAM1,2137.0,0.055984443978450406,,False,-0.0621425560298719,0.0182368816941342,33.56650168779307,59,89,False
PECR,2173.0,0.0766988672339629,,False,-0.023263420071652,0.0272140438071606,34.14849433366652,59,89,False
PENK,2405.0,0.38891436323041495,,False,-0.1199671640690664,-0.0864549928753971,0.0,59,89,False
PEPD,2718.0,0.7186227714668714,,False,-0.1203694330319036,-0.1293893899311419,0.0,59,89,False
PF4,2200.5,0.09641799144852055,,False,-0.6539183725098716,-0.1820587962699799,0.0,59,89,False
PFDN2,2040.0,0.02196119975111731,,False,-0.4026430891789915,-0.0189606923149344,0.0,59,89,False
PFDN4,2811.5,0.46568632801469645,,False,-0.3648625063988323,-0.2707665869140463,0.0,59,89,False
PFDN6,2530.0,0.7098564031328343,,False,-0.3427872093942989,-0.0100432435346137,0.0,59,89,False
PFKFB2,1580.0,4.266764357769959e-05,,False,-0.5039795336937569,-0.0050758907376334,0.0,59,89,False
PGA4,2982.0,0.16325586188238572,,False,0.0294518519633466,-0.0619379628122146,-34.263623908737955,59,89,False
PGD,1793.0,0.0011205595885231527,,False,-0.2273696498808436,0.0999730307889027,36.06232869427963,59,89,False
PGF,3093.0,0.06741244473211046,,False,1.0158557509340722,0.7226689505395291,-0.6525124464350385,59,89,False
PGLYRP2,2768.5,0.5767931870698428,,False,-0.0310683951943744,-0.1938142656864902,0.0,59,89,False
PGLYRP4,2446.0,0.48329143832004473,,False,0.0082229844366391,0.053129692105195,2.7143172734038328,59,89,False
PGM2,1981.0,0.011665645343205881,,False,-0.2778962201115143,0.1483693545780852,36.656456202566865,59,89,False
PGR,2220.0,0.11271585009950062,,False,-0.1102309568773372,0.0049698226594672,31.684266478046542,59,89,False
PHACTR2,1876.0,0.0033536641010245877,,False,-0.3030299987012578,0.0873008696202898,35.86038114477564,59,89,False
PHLDB1,2004.0,0.015014660503469557,,False,-0.2346473773588651,0.0582522994191114,35.26205372657003,59,89,False
PHLDB2,2740.5,0.6524984672982841,,False,-0.4272073495229389,-0.4455962132701639,0.0,59,89,False
PHOSPHO1,2747.0,0.6355905631262344,,False,0.0145633948811167,-0.0357469001037278,-33.24014910102291,59,89,False
PHYKPL,2435.0,0.4568172478671143,,False,-0.1470615533071554,-0.1045931267873632,0.0,59,89,False
PI16,2556.0,0.7869871391751986,,False,-0.0810983488708876,-0.0048719729511488,0.0,59,89,False
PI3,2141.0,0.05802731674257816,,False,-0.4086544525686137,-0.0443433270228208,0.0,59,89,False
PIBF1,1650.0,0.0001343215713676046,,False,-0.3317838664593232,0.1473128628160224,36.645609206216754,59,89,False
PIGR,2714.5,0.7288968865807611,,False,0.0817645877884875,0.1315910710228497,0.7117337874891384,59,89,False
PIK3AP1,1722.0,0.00040558442003146866,,False,-0.4534433667010317,0.008892252783934,32.525583852192824,59,89,False
PIK3IP1,2765.0,0.5861893896616032,,False,-0.008087064981254,-0.0036431481969722,0.0,59,89,False
PIKFYVE,1965.0,0.009744648076881062,,False,-0.2705756964540637,0.0325264276725668,34.40842072707009,59,89,False
PILRA,2213.0,0.10663211176884721,,False,-0.0052153374112432,0.0961971871569317,36.00487513233317,59,89,False
PILRB,1983.0,0.011927987104550236,,False,-0.0601023674184807,0.1453999913392188,36.62578037870577,59,89,False
PINLYP,2286.0,0.1843012575097076,,False,-0.2444468832413655,0.0137009583689136,33.15164728841886,59,89,False
PITHD1,2812.5,0.4632850495295975,,False,-0.2386352633776474,-0.3895276868836754,0.0,59,89,False
PKD1,2376.0,0.3294805103897215,,False,-0.1019307865091983,0.0005391064952308,28.477498239261788,59,89,False
PKD2,1850.0,0.0024042709883026927,,False,-0.2990710571248285,0.119223735850781,36.32613652611579,59,89,False
PKLR,2099.5,0.03958820856145333,,False,-0.4227374229384208,-0.0917635798921429,0.0,59,89,False
PKN3,1601.0,6.058929474576724e-05,,False,-0.3385720223760867,0.3005411635802203,37.75288360088531,59,89,False
PLA2G10,2500.0,0.6244607918676912,,False,-0.2247058968754547,-0.1188319068764281,0.0,59,89,False
PLA2G15,2800.5,0.4943563662709767,,False,0.0169305742103392,0.0029217482709386,-2.5417395586029854,59,89,False
PLA2G1B,2790.0,0.5206953060957552,,False,-0.0217166994306387,-0.0390154780857521,0.0,59,89,False
PLA2G2A,1844.0,0.0022234860570572,,False,-0.369643088724781,0.2599277862573051,37.52246818260122,59,89,False
PLA2G4A,1622.5,8.633458001692303e-05,,False,-0.3040031186808078,0.1462634511150275,36.634761505661174,59,89,False
PLA2G7,2488.0,0.5915897162493684,,False,-0.0645262925895006,0.0286500531803045,34.22340112573139,59,89,False
PLAU,2564.0,0.8111873207453051,,False,0.1677534123310454,0.1898083039611205,0.18945614089843232,59,89,False
PLAUR,2142.0,0.058547136505617686,,False,-0.2169253054166763,-0.1002830668385954,0.0,59,89,False
PLB1,2664.0,0.8816959996060121,,False,-0.0795741061789375,-0.1284270606139445,0.0,59,89,False
PLCB1,2250.0,0.1419374387898814,,False,-0.0743114034827684,0.0644938168741195,35.412042465735006,59,89,False
PLCB2,1454.0,4.518248507966864e-06,,False,-0.6049937811471633,0.2907818846245804,37.7002121990692,59,89,False
PLEKHO1,1756.0,0.000665847316346134,,False,-0.2019148603996496,0.1775482472181902,36.930338228399414,59,89,False
PLG,2786.5,0.5294176326889496,,False,0.05247496221208,0.0270797069124901,-0.9671730738183345,59,89,False
PLIN1,2724.0,0.7011282700287855,,False,-0.0718630256846138,-0.0960629794766559,0.0,59,89,False
PLIN3,1766.0,0.0007679210369004202,,False,-0.194095726405487,0.0802173188468611,35.73472282227102,59,89,False
PLPBP,1588.0,4.881944560878006e-05,,False,-0.4880209310326105,0.0759377184007859,35.65346662828255,59,89,False
PLSCR3,1792.5,0.0011128394067775895,,False,-0.2507984445900331,0.0491079659235356,35.01109527435726,59,89,False
PLTP,2674.0,0.8508901327776377,,False,-0.0583649277447324,-0.0996782072594868,0.0,59,89,False
PLXDC1,2356.0,0.2921178706311319,,False,-0.1182698510872098,-0.0917450487978512,0.0,59,89,False
PLXDC2,2849.0,0.3824799856495509,,False,-0.0715166154684431,-0.1081605464699857,0.0,59,89,False
PLXNA4,1591.0,5.133614532283852e-05,,False,-0.4307270185717232,0.2741528871317551,37.60666982872826,59,89,False
PLXNB2,2350.0,0.281487499984711,,False,0.0804139091765065,0.2133367405985735,1.475204354202988,59,89,False
PLXNB3,1810.0,0.0014139488819425992,,False,-0.1433308910456509,0.0785341012874318,35.703278990544376,59,89,False
PM20D1,2248.0,0.139823962349587,,False,-0.3362196386045269,-0.0739650355474853,0.0,59,89,False
PMCH,2280.0,0.176655349619385,,False,-0.0359347349485793,0.0209231024826638,33.76608556123489,59,89,False
PMM2,1885.0,0.0037547214525252134,,False,-0.2766037322966316,0.1414901838296301,36.58446786803689,59,89,False
PMS1,2408.0,0.39541508652167723,,False,-0.0961521385014498,0.0930471139172351,35.95524957256991,59,89,False
PMVK,1593.0,5.308173185181055e-05,,False,-0.6800705279645554,0.2739833969249317,37.60569020538412,59,89,False
PNLIP,2815.0,0.4591893962109609,,False,-0.070018851069059,-0.0927306146487374,0.0,59,89,False
PNLIPRP1,2918.0,0.2528057484699979,,False,0.1854528275080149,-0.0018108718128685,-36.99721451350369,59,89,False
PNLIPRP2,2654.5,0.9111288455723997,,False,-1.0268040513153218,-1.0420432065313223,0.0,59,89,False
PNMA1,1728.0,0.0004432019567699711,,False,-0.2540439366575155,0.0594086725440275,35.290994396176345,59,89,False
PNMA2,2542.0,0.7451407366714327,,False,0.0681957282229426,0.0741319978146322,0.12340755532935115,59,89,False
PNPT1,2485.0,0.5834978281672615,,False,-0.1239067021412769,0.0203306483740638,33.72434806325434,59,89,False
PODXL,2444.0,0.47841643868409833,,False,-0.0539986923966206,-0.0233323757810101,0.0,59,89,False
PODXL2,2740.0,0.655265908969387,,False,-0.0234775304295805,0.0438906001541601,34.84642750930115,59,89,False
POF1B,2351.5,0.2841198189818459,,False,-0.2061189584815399,-0.0803730515503733,0.0,59,89,False
POLR2A,2969.5,0.17854389210768706,,False,-0.1177406978457545,-0.266702074833396,0.0,59,89,False
POLR2F,2250.5,0.1424692531709919,,False,-0.0605937460354869,0.0390764587676684,34.67639663729594,59,89,False
POMC,2721.0,0.7098564031328343,,False,0.2211893849150515,0.2510846625370743,0.19824697558865614,59,89,False
PON1,2145.0,0.06013175741335524,,False,-0.007141799993471,0.0117363138368135,32.9273660662245,59,89,False
PON2,2391.0,0.3594491071984104,,False,-0.0755000913726028,0.0574022456192356,35.24041803865415,59,89,False
PON3,2901.5,0.2806127119712284,,False,0.0490621647952602,-0.0599160222173982,-35.0097260693944,59,89,False
POSTN,2595.0,0.9064723612631008,,False,-0.3384957527245433,-0.1290987622892908,0.0,59,89,False
PPBP,2039.5,0.02184808815792585,,False,-0.592546895938351,-0.1893328954829631,0.0,59,89,False
PPCDC,1677.0,0.0002050948318212105,,False,-0.2407705202289886,-0.0037623805564609,0.0,59,89,False
PPIB,1813.0,0.001472549992268455,,False,-0.2981863844801583,0.0300569660904603,34.29326854362275,59,89,False
PPIE,2605.0,0.9375654311943359,,False,-0.1089684475727471,-0.160718640896551,0.0,59,89,False
PPL,2189.0,0.08772633632447363,,False,-0.095768449139618,0.0329589342599219,34.42769500941143,59,89,False
PPM1A,2388.0,0.35332194244004766,,False,-0.0739705726750936,0.0473323609941119,34.9570723469649,59,89,False
PPM1B,2748.0,0.6328002631351767,,False,-0.2820104267481214,-0.2111938736810435,0.0,59,89,False
PPM1F,1654.0,0.00014310919278735573,,False,-0.2415826443317714,0.0804048458805704,35.73818616191383,59,89,False
PPME1,1818.0,0.0015752134840212443,,False,-0.6570188524721713,0.0586552516705688,35.272201849220565,59,89,False
PPP1CC,1822.0,0.0016620454657838984,,False,-0.2493758670361295,0.0638636448380736,35.39755908302758,59,89,False
PPP1R12A,1616.0,7.764615934971645e-05,,False,-0.2324417639135229,0.0865145565281509,35.84693091049043,59,89,False
PPP1R12B,2434.0,0.454428203610323,,False,-0.1108041847249688,-0.0343274159851167,0.0,59,89,False
PPP1R14A,1761.0,0.0007151940550241207,,False,-0.5584458300320011,0.2487339323028506,37.453199362458946,59,89,False
PPP1R14D,2553.0,0.7779634910191433,,False,-0.1540844443156095,-0.1064052259779832,0.0,59,89,False
PPP1R2,1469.0,5.975671282867088e-06,,False,-0.3334580687879849,0.0623717454254687,35.36270543347015,59,89,False
PPP1R9B,1824.0,0.0017070935291906221,,False,-0.3855474393964698,0.07325264859769,35.600176795662016,59,89,False
PPP2R5A,1732.0,0.0004700632038020396,,False,-0.6533404300565558,0.1873084724664803,37.01252620183956,59,89,False
PPP3R1,1832.0,0.0018987435011585487,,False,-0.2668062450565766,-0.0685937059993909,0.0,59,89,False
PPT1,2427.0,0.438086593713499,,False,-0.0337809758221978,0.0013160999479157,29.765513636137694,59,89,False
PPY,3115.0,0.05548319150449291,,False,0.1409601082878515,-0.2868151303992681,-36.57878347793164,59,89,False
PQBP1,2668.5,0.8678080108992352,,False,-0.0308697012235282,-0.0701914941989862,0.0,59,89,False
PRAME,2870.5,0.3362782999803283,,False,-0.1070770242732026,-0.1960057455509443,0.0,59,89,False
PRAP1,2580.0,0.860110335435335,,False,0.0540672841204503,0.0792739380812073,0.56479115258722,59,89,False
PRC1,2970.0,0.17791298331486816,,False,0.2288441442706603,-0.004853131532921,-37.32274229684322,59,89,False
PRCP,2901.0,0.281487499984711,,False,0.1264016105504335,0.0273370489491749,-2.2590575416393666,59,89,False
PRDX1,1773.0,0.0008478195304968268,,False,-0.3658678981148454,0.0078807364306085,32.350859094348465,59,89,False
PRDX2,2113.0,0.044947223704948566,,False,-0.2095153797850265,-0.0770580860937006,0.0,59,89,False
PRDX3,1724.0,0.00041777893843635786,,False,-0.2812744127821699,0.1768830957328265,36.92458390761322,59,89,False
PRDX5,1693.0,0.0002622443624639732,,False,-0.5781512144321236,0.1142762145349261,36.26248307069055,59,89,False
PRDX6,1994.0,0.013466489030009217,,False,-0.2741469795300426,-0.053594697142271,0.0,59,89,False
PREB,2433.0,0.45209284763195456,,False,-0.0725150932971722,0.0159475782447545,33.37183306717846,59,89,False
PRELP,2651.5,0.9204508177191768,,False,-0.084799094861036,-0.0857160856429648,0.0,59,89,False
PRG2,2880.0,0.31986205002715073,,False,0.1130767487841929,-0.0021567220353276,-36.24665261869366,59,89,False
PRG3,2485.0,0.5834978281672615,,False,0.0123425747932957,0.0219989160444837,0.8386267998402485,59,89,False
PRKAB1,1779.0,0.0009223703593485813,,False,-0.2733469873554415,0.0133015630623697,33.10876625375593,59,89,False
PRKAG3,2809.0,0.47356924268207135,,False,0.0111203410715728,-0.1653881039668262,-32.849279355547594,59,89,False
PRKAR1A,1630.0,9.750293697246538e-05,,False,-0.4809238576276783,0.2948288736037071,37.722244519355606,59,89,False
PRKAR2A,1524.0,1.618931307294562e-05,,False,-0.4950514271578847,0.2033096267723348,37.138969611505495,59,89,False
PRKCQ,2257.0,0.14952814631641695,,False,-0.1039311882725595,0.0716381756429953,35.567210477224286,59,89,False
PRKD2,2307.0,0.21299029694073435,,False,-0.1576714159207836,0.0236004013970392,33.94114226001349,59,89,False
PRKG1,1713.0,0.00035471227481986503,,False,-0.2831628553959238,0.0615188579101769,35.342412025989084,59,89,False
PRKRA,2058.0,0.026381669140952115,,False,-0.2299470272117053,0.0442171734491853,34.85728643426615,59,89,False
PRL,2557.0,0.7900014554806702,,False,0.0860031590444947,0.1188275635556144,0.48301433401043403,59,89,False
PRND,2705.5,0.7555372086236972,,False,0.003644485694909,0.0075204990126795,1.0470524120270646,59,89,False
PROC,2477.5,0.5634967382583953,,False,0.017833791213213,0.0214573955784129,0.2686774594772158,59,89,False
PROCR,2837.0,0.408611077185389,,False,-0.0408478896764119,-0.0799181741686826,0.0,59,89,False
PROK1,2007.0,0.015508716578829174,,False,-0.5554354867259969,-0.2412523030025489,0.0,59,89,False
PROS1,2329.5,0.24716242351285744,,False,-0.1618767763419785,-0.0364552276762926,0.0,59,89,False
PRR4,2168.0,0.0734939058703499,,False,-0.414717636319437,-0.1043332080913214,0.0,59,89,False
PRR5,2569.0,0.826406184334725,,False,-0.0210980500414376,-0.0459714015122136,0.0,59,89,False
PRRT3,2629.0,0.9906259383689844,,False,-0.0998231071031588,-0.0617269382023286,0.0,59,89,False
PRSS2,2702.5,0.7644841220390453,,False,-0.0423930520400503,-0.112983806257594,0.0,59,89,False
PRSS22,2509.0,0.6496191401399026,,False,0.229642694367651,0.4301190420324543,1.0093996683298738,59,89,False
PRSS27,2414.0,0.408611077185389,,False,-0.0329969642911205,0.0002169627299842,27.164214105627206,59,89,False
PRSS53,2633.0,0.9781294257672235,,False,-0.0166523784615169,-0.0443255840863487,0.0,59,89,False
PRSS8,2741.5,0.6510286612044602,,False,0.1667716033840695,0.1551555201360374,-0.11007465343627688,59,89,False
PRTFDC1,1641.0,0.0001163728265276889,,False,-0.3882882930411245,0.279067883060369,37.634841241049145,59,89,False
PRTG,2572.0,0.8355692973583019,,False,0.2301264573548409,0.2776446852189665,0.2952685280601269,59,89,False
PRTN3,2359.0,0.2975335999680555,,False,-0.1589805674945808,-0.0769968112258205,0.0,59,89,False
PRUNE2,2146.0,0.0606542906626547,,False,-0.1924748802428457,-0.0250372308428349,0.0,59,89,False
PSAP,2585.0,0.8755188542523239,,False,0.0720525343589294,0.1049129532095791,0.5586698785882802,59,89,False
PSAPL1,2673.0,0.8539614251046532,,False,-0.0175747831045682,-0.041287502906255,0.0,59,89,False
PSCA,2950.0,0.20448288918497404,,False,0.3416974729218365,0.036739049366658,-3.37314410983641,59,89,False
PSIP1,1742.0,0.0005440052851264334,,False,-0.3762025998842623,0.0260313352401238,34.08379912884896,59,89,False
PSMA1,2428.0,0.44040306784910266,,False,-0.1172398745906662,0.0927151617973201,35.94992569683804,59,89,False
PSMC3,2758.5,0.6023092508804306,,False,-0.4173768003070583,-0.3115444194465236,0.0,59,89,False
PSMD1,2063.0,0.027738624108897315,,False,-0.5067915076601576,-0.0573012396421591,0.0,59,89,False
PSMD5,2503.0,0.6328002631351767,,False,-0.0836537745883719,-0.0301344988425547,0.0,59,89,False
PSMD9,2126.5,0.05090500314519632,,False,-0.3192048482605151,-0.0611507804469961,0.0,59,89,False
PSME1,1728.0,0.0004432019567699711,,False,-0.1896454039827063,0.0010966040777737,29.50217756129764,59,89,False
PSME2,1850.0,0.0024042485958671936,,False,-0.283182364021118,0.0102183782453316,32.72679302557935,59,89,False
PSMG3,1886.0,0.0038018744819469023,,False,-0.4605449437168641,-0.0567481348907097,0.0,59,89,False
PSMG4,2176.0,0.07867593079594583,,False,-0.3368911799713012,-0.0997060724854674,0.0,59,89,False
PSPN,2270.0,0.16444138349370008,,False,-0.1790366610450794,-0.0102133685279653,0.0,59,89,False
PSRC1,1902.0,0.00463315437332414,,False,-0.1783818490197466,0.0208206162574655,33.758950174722116,59,89,False
PSTPIP2,1527.0,1.7071903841933907e-05,,False,-0.6483571559330263,0.3545325789386858,38.01925550807498,59,89,False
PTEN,2003.0,0.014853084116957082,,False,-0.2127481095226366,0.0299399573118737,34.28758260798505,59,89,False
PTGDS,2330.5,0.2487655994310224,,False,-0.1140115595619347,-0.0502178052016189,0.0,59,89,False
PTGES2,2025.0,0.018784366055967977,,False,-0.2700039311333115,-0.0189439063099064,0.0,59,89,False
PTGR1,2502.0,0.6300151793758606,,False,-0.0158785637887105,-0.0139998513943025,0.0,59,89,False
PTH,2645.0,0.9406843188674828,,False,0.227285529725667,0.151640665452917,-0.6224991727218834,59,89,False
PTH1R,2361.0,0.3011808322630821,,False,-0.0894374038378914,-0.075419159346215,0.0,59,89,False
PTK7,2713.0,0.7333155000061506,,False,-0.0676774167343313,-0.0636350571058827,0.0,59,89,False
PTN,2198.5,0.09485893104790538,,False,-0.1513515443305552,0.0523938699368811,35.106188818989295,59,89,False
PTP4A3,2444.0,0.4784168458220497,,False,-0.0808070987286615,-0.0912796682546445,0.0,59,89,False
PTPN1,1672.0,0.00018978573131786552,,False,-0.3235492290265784,0.1657607757578504,36.825219187687566,59,89,False
PTPN6,1435.5,3.186010005748451e-06,,False,-0.6761774945497085,0.2118754298245273,37.20289295641145,59,89,False
PTPN9,2215.0,0.10834315000358109,,False,-0.3413450611560495,0.0870243404497407,35.85566443807392,59,89,False
PTPRB,2602.0,0.9282276081563763,,False,0.0099512586993884,-0.0372240239350921,-32.68844398899018,59,89,False
PTPRC,2218.0,0.11095036250792287,,False,-0.1107025990946659,-0.0260036143397684,0.0,59,89,False
PTPRF,2515.0,0.6666185096537225,,False,0.1465830395094329,0.1647653114022203,0.17794895471195626,59,89,False
PTPRH,2434.0,0.4544515877809777,,False,0.0272885135475998,0.1332496612648402,2.341237978633226,59,89,False
PTPRN2,2507.0,0.6439924283251525,,False,-0.1710610977348444,-0.0971497428491701,0.0,59,89,False
PTPRR,2394.0,0.3656421477676429,,False,-0.1561863180017884,-0.0697936363097499,0.0,59,89,False
PTPRS,2479.0,0.5674706937800916,,False,-0.1656069860174078,-0.0568404911059897,0.0,59,89,False
PTPRZ1,2923.0,0.24477168649378656,,False,-0.0504776978622712,-0.1435709153698067,0.0,59,89,False
PTRHD1,1674.0,0.00019577578093186277,,False,-0.445528106542059,0.021685367344416,33.818092723359214,59,89,False
PTS,2101.0,0.040155699983340586,,False,-0.3221748539513453,-0.0297532256036117,0.0,59,89,False
PTTG1,2466.0,0.5334654289838864,,False,-0.1699338477078106,-0.1279351373933953,0.0,59,89,False
PTX3,2322.0,0.23536951681318607,,False,-0.0585290170291243,-0.0277327162712643,0.0,59,89,False
PVALB,1620.0,8.289022089692708e-05,,False,-0.608204235378067,0.1363700664711479,36.52869176495324,59,89,False
PVR,2667.0,0.8724332703290849,,False,0.0361735154976452,0.0711797940279965,0.9941456189794091,59,89,False
PXDNL,2525.0,0.6953312670221494,,False,-0.0717220297884033,-0.0096920753327502,0.0,59,89,False
PXN,2056.0,0.02585535857962368,,False,-0.2577811966000591,-0.0118761244006283,0.0,59,89,False
PYDC1,2460.0,0.5181557436674138,,False,-0.0173011131583022,-0.0153284110837698,0.0,59,89,False
PYY,2454.0,0.503056631086533,,False,0.3479030386142476,0.4858703637662265,0.5541873764402521,59,89,False
PZP,2228.5,0.1204670342402564,,False,0.2773902600648524,0.4169987736191611,0.6607272710820414,59,89,False
QDPR,1624.0,8.846778177534145e-05,,False,-0.2610733590466484,0.1147326080257977,36.26846461001281,59,89,False
QPCT,2255.0,0.14732843447269345,,False,-0.091881801004927,0.0153850924725516,33.31974707341208,59,89,False
QSOX1,2859.0,0.361257119090313,,False,0.0207536638307233,0.018564453413182,-0.1619203029790533,59,89,False
RAB10,2091.0,0.03650057620916855,,False,-0.2247242290311511,-0.0668075117920301,0.0,59,89,False
RAB11FIP3,1587.5,4.841075767625891e-05,,False,-0.5355767690050683,0.3407571646829235,37.95491723216452,59,89,False
RAB27B,1652.0,0.0001386498169840418,,False,-0.4995487392117884,0.3391510421137186,37.94726659604818,59,89,False
RAB2B,1896.0,0.004303870377145077,,False,-0.2899886721821146,0.1210893499929767,36.34948277755061,59,89,False
RAB33A,1826.0,0.0017532621541256263,,False,-0.4644601246368656,0.2394694627152189,37.393674923012874,59,89,False
RAB37,1811.0,0.001433239327301043,,False,-0.3228709321596898,0.0603911109516352,35.315151674813805,59,89,False
RAB39B,2407.0,0.39324106527532465,,False,-0.1255819883012575,-0.0073592266070626,0.0,59,89,False
RAB3GAP1,2689.5,0.8036040024798701,,False,0.052918702581072,0.1331074548852147,1.3712669440866918,59,89,False
RAB44,2014.0,0.01671751828807897,,False,-0.1308662515708006,0.0216943074173751,33.81869185170584,59,89,False
RABEP1,1749.0,0.0006020638031156954,,False,-0.2482928227247625,0.0916648791948031,35.93295876005575,59,89,False
RABEPK,2210.0,0.104105471761004,,False,-0.1551866580394674,0.0463422101295573,34.926074555728455,59,89,False
RABGAP1L,1496.0,9.801440494694887e-06,,False,-0.4601604568376747,0.1399822194664813,36.56824325034304,59,89,False
RAC3,2791.5,0.5168885606182656,,False,0.0065125751521733,-0.0658093010148365,-32.07507210910686,59,89,False
RAD23B,1751.0,0.0006196746020381745,,False,-0.293732315922794,0.0626560154715835,35.36940898904476,59,89,False
RAD51,2439.5,0.4675244286216753,,False,-0.030350417137827,-0.0414153797816071,0.0,59,89,False
RALB,2612.0,0.9593956737462789,,False,-0.1083699811720104,-0.1020320131683662,0.0,59,89,False
RALY,2446.0,0.48329143832004473,,False,-0.1826501160567783,-0.0832905900424504,0.0,59,89,False
RANBP1,1854.0,0.0025321656343670917,,False,-0.6160883639069735,-0.0811585374800439,0.0,59,89,False
RANBP2,2655.0,0.9095764202730835,,False,-0.0160773471471296,-0.0178708497284733,0.0,59,89,False
RANGAP1,2227.0,0.11906959592375807,,False,-0.1039761882604535,0.0033963131721564,31.13425446590485,59,89,False
RAP1A,2452.0,0.4980756268729477,,False,-0.1243453291125656,-0.141187610677167,0.0,59,89,False
RARRES1,2395.0,0.3677203213670147,,False,-0.0593511561748913,-0.0163030069891937,0.0,59,89,False
RARRES2,2166.5,0.07255379662642905,,False,-0.0766719860915488,0.0321120670021476,34.38971592310695,59,89,False
RASA1,2483.0,0.5781317017701184,,False,-0.000801345574442,0.0774860400237982,35.683367412747714,59,89,False
RASGRF1,2994.5,0.14728188945842666,,False,-0.1319806290223521,-0.4741575790795282,0.0,59,89,False
RASSF2,2149.0,0.06229884740416493,,False,-0.2739220384164509,-0.0210722020662888,0.0,59,89,False
RBFOX3,2327.0,0.2431866179664025,,False,-0.0767206265857331,-0.0305590758860393,0.0,59,89,False
RBKS,2147.0,0.061207479012272366,,False,-0.2664502900129152,0.0061656235825961,31.99591720492401,59,89,False
RBM17,2021.0,0.018008268593564143,,False,-0.3089882102530778,0.0406194390330802,34.73304226294275,59,89,False
RBM19,2599.0,0.9188964360797366,,False,-0.0798287013750659,-0.0357131353910681,0.0,59,89,False
RBM25,2952.5,0.19913239976658592,,False,-0.1237977778264265,-0.2915660526785639,0.0,59,89,False
RBP1,2496.0,0.6134160435607523,,False,-0.0355320177169118,0.0490088833422771,35.00813166127794,59,89,False
RBP2,2809.0,0.4735688333370548,,False,0.0794544917493096,-0.1017677120833853,-35.720552925077705,59,89,False
RBP5,2304.0,0.20870475926974352,,False,-0.2225930192717077,0.0856349958819134,35.83174435685418,59,89,False
RBP7,1999.0,0.014221998471689307,,False,-0.2137999985159799,-0.0111600523435334,0.0,59,89,False
RBPMS,2399.0,0.3761108568383553,,False,-0.0881160595103364,0.0006095604270547,28.654732422539816,59,89,False
RBPMS2,1751.0,0.0006196818231789442,,False,-0.2451614580669228,0.2828832929828102,37.65640170495699,59,89,False
RCC1,2395.0,0.36772120800966046,,False,-0.0616552995185301,-0.0035640730638714,0.0,59,89,False
RCOR1,2328.5,0.24556649709524303,,False,-0.0950806644170208,-0.0090699493239854,0.0,59,89,False
RECK,2310.0,0.21733857310308924,,False,-0.1097590061905047,-0.0283444633623814,0.0,59,89,False
REEP4,2086.0,0.03478174931172189,,False,-0.2604516203449109,0.1440097567333783,36.61121301807057,59,89,False
REG1A,2883.5,0.3132387642350991,,False,0.0642172029374553,-0.0434146091292911,-35.40570210486629,59,89,False
REG1B,2849.0,0.3824799856495509,,False,0.04607778020714,-0.111895975746492,-34.917686001581444,59,89,False
REG3A,3067.0,0.0841514301675859,,False,0.0893758578918456,-0.1661456135288063,-35.89531838609175,59,89,False
REG3G,2655.0,0.9095764202730835,,False,0.0382050159584096,-0.0224449444352923,-34.643421302187626,59,89,False
REG4,2652.5,0.9173422147501697,,False,-0.0780663330356295,-0.1057041751165177,0.0,59,89,False
RELB,2646.0,0.937568660372451,,False,0.327098340398352,0.2256423859254852,-0.5880329171228976,59,89,False
RELT,2441.0,0.47115560800456036,,False,-0.0810010897168485,-0.0421911711476692,0.0,59,89,False
REN,2588.0,0.8847872399822222,,False,-0.1154111212635954,-0.1248459911043394,0.0,59,89,False
REPS1,1758.0,0.0006851933580925249,,False,-0.4526913024314821,0.0791520097454989,35.7148974999715,59,89,False
REST,2949.5,0.20329211609661657,,False,0.0271956476315623,-0.2188977759405072,-34.147509542516175,59,89,False
RET,2653.0,0.9157882287342513,,False,0.0765605592574526,0.1020020865646676,0.4267773502681207,59,89,False
RETN,2268.0,0.16207679572470945,,False,-0.0630613649609987,0.0633824833962194,35.38640602829097,59,89,False
REXO2,2871.0,0.33730960630674933,,False,0.0418495719442219,-0.0579895984496556,-34.776702809910134,59,89,False
RFC4,1937.0,0.007051174415795011,,False,-0.0731046615330382,0.1534691334588948,36.707805926376714,59,89,False
RGCC,1890.0,0.0039959155875593545,,False,-0.3515823899687529,0.0811167468502173,35.75126277496146,59,89,False
RGL2,2528.0,0.7040187193330962,,False,0.0109855170584136,-0.1943462675980032,-32.83161359496861,59,89,False
RGMA,2679.0,0.8355692973583019,,False,-0.0648759605228276,-0.1138539206193754,0.0,59,89,False
RGMB,2801.0,0.4931209854824451,,False,-0.0141478386025251,-0.0126677439383367,0.0,59,89,False
RGS10,1650.0,0.00013431772401810264,,False,-0.4502591163886068,0.2271823712459338,37.31137504648198,59,89,False
RGS8,2840.0,0.40198059845270595,,False,0.0343376376591271,-0.0667570047099113,-34.48750823662922,59,89,False
RHOC,1604.0,6.373248547630918e-05,,False,-0.5001278346457128,0.1882093563367692,37.01990860307468,59,89,False
RICTOR,2612.0,0.9593956737462789,,False,-0.1012228503821863,-0.1330158854541528,0.0,59,89,False
RIDA,2178.0,0.08001686510031776,,False,-0.1060639327749374,0.0093990173333138,32.6057984721069,59,89,False
RILP,1644.0,0.00012208808433166607,,False,-0.5548612064752918,-0.0059240054879199,0.0,59,89,False
RILPL2,1704.0,0.00030985710611788274,,False,-0.2972293700008444,0.1082766822571971,36.18164218105815,59,89,False
RIPK4,2841.0,0.39978442646740586,,False,0.0970826122113931,-0.0600827242939442,-36.01854100515618,59,89,False
RLN1,2422.0,0.4266077638416901,,False,-0.2734699582386993,-0.1581046543814577,0.0,59,89,False
RNASE1,2490.0,0.5970127851271785,,False,-0.1184058821061185,-0.0180882000569509,0.0,59,89,False
RNASE10,2867.0,0.345256810988839,,False,-0.0410808453826013,-0.1281390346410685,0.0,59,89,False
RNASE3,2269.0,0.16325586188238572,,False,-0.4739627582012053,-0.1925406388409469,0.0,59,89,False
RNASE4,2294.0,0.19487322544405783,,False,-0.0403971384108027,0.0260981220779692,34.087529307857565,59,89,False
RNASE6,2407.0,0.39324062739892984,,False,-0.0570352871080014,-0.0327450585431052,0.0,59,89,False
RNASEH2A,2209.0,0.10327433182901713,,False,-0.4045235963329547,-0.0248955979011437,0.0,59,89,False
RNASET2,2697.0,0.7809681142555116,,False,0.0008450676666866,-0.0107223100656081,-29.126147806841438,59,89,False
RNF149,2497.0,0.6161691471915978,,False,0.053858127603513,0.0319144512025846,-0.7659804317620824,59,89,False
RNF168,2740.0,0.655265908969387,,False,0.0671847355542863,-0.0321717456959794,-35.47237079301603,59,89,False
RNF31,2210.0,0.10410579211352082,,False,-0.2741939384137272,0.1038576971779599,36.11929117223427,59,89,False
RNF4,2349.0,0.27971662668381025,,False,-0.2365329808646989,-0.0062875916338861,0.0,59,89,False
RNF41,1667.0,0.0001755530936497876,,False,-0.4242899181386589,0.1353054714255075,36.51684429073706,59,89,False
RNF43,2513.0,0.6609159833885576,,False,-0.0108664509087982,0.0216857937986519,33.81812130820373,59,89,False
RNF5,1731.0,0.0004632090469156208,,False,-0.4429230662659852,-0.0147900630106295,0.0,59,89,False
ROBO1,2366.5,0.3113632246245347,,False,-0.032841593127458,-0.0425780546463351,0.0,59,89,False
ROBO2,2282.0,0.17917726991348548,,False,-0.1146943635516638,-0.0516802456427285,0.0,59,89,False
ROBO4,2854.0,0.37190136352215597,,False,0.0355965495776059,0.0178851181528679,-1.001860829258838,59,89,False
ROR1,2801.0,0.4931209854824451,,False,0.0139432137045171,-0.0197172726998526,-33.17705491705017,59,89,False
RP2,1890.0,0.0039959155875593545,,False,-0.1519714949248708,0.0291254017061564,34.247379724227265,59,89,False
RPA2,2691.0,0.7990629225304449,,False,0.113170281167793,0.0533278190333585,-1.1157438949362544,59,89,False
RPE,2061.0,0.02718087636364814,,False,-0.3058196370756023,-0.0352542471103718,0.0,59,89,False
RPGR,2802.0,0.49065360188682916,,False,0.0624755024113528,-0.0427766704229934,-35.36515565200223,59,89,False
RPL14,2522.0,0.6866688719568013,,False,-0.2081004085190914,-0.1232386254399797,0.0,59,89,False
RPS10,2581.0,0.8631879985688417,,False,0.0067126715904705,0.0947015356174079,3.8626809908960444,59,89,False
RRAS,1859.0,0.002700776191134456,,False,-0.5461132293516162,0.140077837034778,36.56927695679958,59,89,False
RRM2,2539.0,0.7362657729498511,,False,-0.0803508461384638,-0.0006500902169143,0.0,59,89,False
RRM2B,2010.0,0.016016925120040087,,False,-0.3045094778233405,0.0529758167063729,35.122417460659435,59,89,False
RSPO1,1991.0,0.013030405263937617,,False,-0.2180326780761243,-0.0288091265653119,0.0,59,89,False
RSPO3,2706.0,0.7540494226139913,,False,-0.1343248959646094,-0.1479233291481099,0.0,59,89,False
RTBDN,2830.5,0.42319818811847243,,False,-0.0327451387739939,-0.1221112401748515,0.0,59,89,False
RTKN2,3059.0,0.08993134850275608,,False,0.2888814385193983,-0.2041900996075951,-37.68977029706106,59,89,False
RTN4IP1,1791.0,0.0010900194194611518,,False,-0.3367090368453547,0.2014924619014352,37.12508712909532,59,89,False
RTN4R,3182.0,0.029445857501187302,,False,0.1573378930013015,0.013938297946711,-3.5691489386182362,59,89,False
RUVBL1,2617.0,0.9750059931635179,,False,-0.0723605595830109,-0.1365660690614452,0.0,59,89,False
RWDD1,1793.5,0.0011283052924447598,,False,-0.3980848922734566,0.0729340894376128,35.59372853586086,59,89,False
RYR1,2916.0,0.2560702599687128,,False,0.1127428777689869,-0.1550015609015906,-36.24221749578113,59,89,False
S100A11,2104.0,0.041311021787828896,,False,-0.1055061306032762,-0.0407973204383863,0.0,59,89,False
S100A12,2106.5,0.04229498940494501,,False,-0.3609412234448104,-0.1780148631993784,0.0,59,89,False
S100A13,2190.0,0.08845723100884785,,False,-0.2242200438825781,-0.1542525313110535,0.0,59,89,False
S100A14,2630.0,0.9875014747995827,,False,0.0111379544832021,-0.0796536932862937,-32.851571437975394,59,89,False
S100A16,2708.0,0.7481065798926754,,False,0.0120816734618612,0.0157281224723118,0.38235231442529505,59,89,False
S100A3,2195.0,0.09217953446115323,,False,-0.2288643615193789,-0.0972135905361199,0.0,59,89,False
S100A4,1633.0,0.00010234070756880414,,False,-0.3501099599835201,0.028368632970069,34.209018766861966,59,89,False
S100G,2911.0,0.26435883685976813,,False,0.0595332084286508,-0.0222294654349945,-35.2940781870415,59,89,False
S100P,2632.0,0.9812531706009991,,False,0.1425583925260733,0.1748315421434604,0.3108448660119455,59,89,False
SAA4,2625.5,1.0,,False,-0.0079359716300275,-0.0160738951875006,0.0,59,89,False
SAFB2,2215.0,0.10834315000358109,,False,-0.1323732452157862,-0.0249649579689671,0.0,59,89,False
SAG,2493.0,0.6051895078870856,,False,-0.2286075368419999,-0.0657802812516864,0.0,59,89,False
SAMD9L,1648.0,0.0001301208577084022,,False,-0.4602572839057249,0.1473680707603181,36.64617785262877,59,89,False
SAP18,2566.0,0.8172573475268736,,False,0.0144672262537903,-0.0480599831731173,-33.230542579844624,59,89,False
SARG,1634.0,0.00010400302755491037,,False,-0.4269235062445728,0.0954266984362408,35.99288387374705,59,89,False
SART1,2264.0,0.15742435648437314,,False,-0.131638709527835,-0.0135558101471264,0.0,59,89,False
SAT1,2856.0,0.36772120800966046,,False,-0.0156559534100186,-0.0913518122423801,0.0,59,89,False
SAT2,2041.0,0.022181788344846277,,False,-0.2066078888350563,0.1894899907478661,37.03034618056022,59,89,False
SATB1,2255.0,0.14732843447269345,,False,-0.0823491032717944,0.0112458955005317,32.86553972247558,59,89,False
SBSN,2451.0,0.4955950005523503,,False,-0.0943196680883981,-0.0212410147912032,0.0,59,89,False
SCAMP3,1938.0,0.007134474314862411,,False,-0.3688721548151564,-0.014431072289703,0.0,59,89,False
SCARA5,2146.0,0.06066740406204481,,False,-0.218798527348283,-0.0612349356402349,0.0,59,89,False
SCARB1,2385.5,0.34826709632029784,,False,-0.0853395324773328,0.0498653719920566,35.03355738835291,59,89,False
SCARB2,2271.0,0.16563337762036623,,False,-0.0439591242165342,-0.0039244599763845,0.0,59,89,False
SCARF1,2163.0,0.07039931688426461,,False,-0.1102869111363335,-0.0239105177480258,0.0,59,89,False
SCARF2,2406.0,0.39107430085714134,,False,-0.1232825334044099,-0.0377942801528626,0.0,59,89,False
SCG2,2789.5,0.5219669080411745,,False,0.0071233208398683,0.0117285866434862,0.7217124348251536,59,89,False
SCG3,2306.0,0.21155407787150504,,False,-0.1723971216616697,-0.072748474961214,0.0,59,89,False
SCGB1A1,3158.5,0.03702990416705422,,False,0.0943287139577587,-0.1529889311561574,-35.97563290403487,59,89,False
SCGB2A2,2837.0,0.408611077185389,,False,-0.0176937200606617,-0.0353283843455768,0.0,59,89,False
SCGB3A1,2666.0,0.8755189685149742,,False,0.0821676745874472,0.0073376832092811,-3.522782839651654,59,89,False
SCGB3A2,2683.5,0.8218332330677718,,False,0.0888799118690977,-0.0062340414645328,-35.88704006135141,59,89,False
SCGN,2639.0,0.9593956737462789,,False,0.1077502297645877,0.1112857864602326,0.04836853835746518,59,89,False
SCIN,2422.0,0.4266077638416901,,False,-0.1227701969311935,-0.0478531995018155,0.0,59,89,False
SCLY,2178.0,0.08001686510031776,,False,-0.188904405261701,0.0626138814584642,35.36841728051585,59,89,False
SCN2A,2582.0,0.8662676167558755,,False,-0.2095853004600712,-0.1340695414552798,0.0,59,89,False
SCN2B,2736.0,0.666618219741264,,False,-0.076824257452988,-0.0795967737258155,0.0,59,89,False
SCN3A,2731.0,0.6809168115602722,,False,-0.1808402533099051,-0.2693699059615904,0.0,59,89,False
SCN3B,2715.5,0.7259562869977025,,False,0.0133520277964549,-0.029043759322219,-33.11425460189553,59,89,False
SCN4B,2618.0,0.9781294257672235,,False,-0.1434007092899667,-0.1307728369422149,0.0,59,89,False
SCP2,2406.0,0.39107298561445014,,False,0.0137998265263811,0.0195512114925555,0.5054891079074053,59,89,False
SCPEP1,1564.0,3.2500406063652176e-05,,False,-0.2733916910189539,0.0609316165472564,35.32827862479623,59,89,False
SCRG1,2475.0,0.5569044001559463,,False,-0.0292425346163117,-0.0051641401185484,0.0,59,89,False
SCRIB,2218.0,0.11095036250792287,,False,-0.1295902085249489,0.0991507761234123,36.04999794515516,59,89,False
SCRN1,2042.0,0.022418256244251724,,False,-0.2464797898836069,-0.0144394023655896,0.0,59,89,False
SCT,2454.0,0.503056631086533,,False,-0.1011076352514427,0.0278625298405578,34.18279451839784,59,89,False
SDC1,2963.0,0.18690357107086253,,False,0.5948000235269623,0.4625568705981734,-0.43292477499241055,59,89,False
SDC4,1874.5,0.003290718746882781,,False,-0.5837851897327404,-0.0900528505084953,0.0,59,89,False
SDCCAG8,1830.5,0.0018613505745764957,,False,-0.3375532743850673,-0.0136128932780472,0.0,59,89,False
SDHB,2239.0,0.130611818727527,,False,-0.1116574822348554,-0.0024377846327812,0.0,59,89,False
SDK2,2436.0,0.4591898118023843,,False,-0.0507427458447319,0.0101939236296562,32.72332398903988,59,89,False
SEC31A,1540.0,2.145442605841073e-05,,False,-0.2534638597877688,0.2112018465709553,37.19795409071414,59,89,False
SEL1L,2313.0,0.22175033087983953,,False,0.0054467558794614,0.0432364626897815,3.007727369878955,59,89,False
SELE,2261.0,0.15400263052026392,,False,-0.1049488332656198,-0.0313355344054366,0.0,59,89,False
SELENOP,2980.5,0.1650361793678099,,False,-0.0095221457286765,-0.0859550805290795,0.0,59,89,False
SELL,2525.5,0.6967785983024248,,False,-0.0805778119878259,-0.0419551061038798,0.0,59,89,False
SELP,2071.5,0.03018329447240532,,False,-0.1602460492140162,-0.0256291345737594,0.0,59,89,False
SELPLG,2408.0,0.39541464919745195,,False,-0.0643846759023335,-0.0297146262791573,0.0,59,89,False
SEMA3F,2397.5,0.3729505461142788,,False,0.0302458262198184,0.0883276163690289,1.5753682992985591,59,89,False
SEMA3G,2711.0,0.7392204102046427,,False,0.1268765045701677,0.1257430043211053,-0.013521811366797469,59,89,False
SEMA4C,2034.0,0.020638332930365672,,False,-0.1707228495439663,-0.0073288248957847,0.0,59,89,False
SEMA4D,2110.5,0.04391086702078906,,False,-0.1177220870656768,-0.0061662665713474,0.0,59,89,False
SEMA6C,2538.0,0.7333155000061506,,False,-0.0871554317380362,-0.005517861036844,0.0,59,89,False
SEMA7A,2826.5,0.43232469106615246,,False,0.5129354629593712,0.4121192097622357,-0.3688125460607823,59,89,False
SEPTIN3,2551.0,0.7719642353400903,,False,-0.0250961054634542,-0.0405781429145893,0.0,59,89,False
SEPTIN7,2227.0,0.1190508086882945,,False,-0.4984256280461204,-0.0077154324133679,0.0,59,89,False
SEPTIN8,1964.0,0.009634529498887785,,False,-0.1759895488097478,-0.0164250567880434,0.0,59,89,False
SEPTIN9,2160.5,0.06889232497900989,,False,-0.0581187729480515,0.047535587710144,34.96335562735773,59,89,False
SERPINA1,1940.5,0.0073465475148641384,,False,-0.0073900450540584,0.0764633985602641,35.663684454073284,59,89,False
SERPINA11,2485.0,0.5834978281672615,,False,0.0478495950339019,0.0644979583206634,0.4391249776449346,59,89,False
SERPINA12,2545.5,0.7551486123119305,,False,-0.0334643412952072,-0.0201568507360224,0.0,59,89,False
SERPINA3,2557.5,0.7914039691879436,,False,-0.0513712731186109,0.0046358965362953,31.58375341871802,59,89,False
SERPINA4,2776.5,0.5555896525793176,,False,0.0518307975346644,0.027708088384718,-0.9156191799463894,59,89,False
SERPINA5,2541.5,0.7436589985503448,,False,0.0181847490392668,0.1058805366420116,2.585798597206112,59,89,False
SERPINA6,2840.5,0.40088139170682535,,False,0.1383660316839969,0.1074394521534303,-0.380648772001745,59,89,False
SERPINA7,2649.0,0.928227343183827,,False,0.0607185881122372,0.0904969736471325,0.5907505399827961,59,89,False
SERPINA9,2199.0,0.09524709607516935,,False,-0.3329581311411129,-0.0384459051730717,0.0,59,89,False
SERPINB1,1509.0,1.2390780363149444e-05,,False,-0.3804054960193558,0.2284556856621957,37.32009191074864,59,89,False
SERPINB5,2409.5,0.3986892683895298,,False,-0.2944781777283838,0.0054689637878789,31.8225893362462,59,89,False
SERPINB6,1686.0,0.00023561401653164661,,False,-0.2353126396845596,0.120673850785229,36.344313231503236,59,89,False
SERPINB8,2318.0,0.22924516390948957,,False,-0.153879506757867,-0.030497834303329,0.0,59,89,False
SERPINB9,1453.0,4.434389305695293e-06,,False,-0.3164623488479595,0.0566983587952213,35.2222635735833,59,89,False
SERPINC1,2591.5,0.8956199025549261,,False,-0.015871048356407,0.0147168234879049,33.25534555335627,59,89,False
SERPIND1,2476.0,0.5595358755874429,,False,0.0298258855771858,0.0747217249804637,1.3475462632704425,59,89,False
SERPINE1,2372.0,0.3217709895929709,,False,-0.037226780203715,0.0669440334339958,35.46707149844898,59,89,False
SERPINE2,2313.0,0.22175033087983953,,False,-0.3446024828232172,-0.1093183142060699,0.0,59,89,False
SERPINF1,2270.5,0.1650361793678099,,False,0.0098328276014709,0.0469915634871472,2.2753638664119404,59,89,False
SERPINF2,2766.0,0.5834971314539332,,False,0.0207147363924075,-0.013327356647004,-33.75154179827033,59,89,False
SERPING1,2238.5,0.1301134681754123,,False,-0.0814908622926837,-0.0066245530090657,0.0,59,89,False
SERPINH1,1554.0,2.733779191785838e-05,,False,-0.6025986779773849,0.1768502657610415,36.92429936443418,59,89,False
SERPINI1,2312.0,0.2202726721000705,,False,-0.027690603378841,0.1617411657844297,36.78775562607031,59,89,False
SERPINI2,2222.0,0.11450340761814916,,False,-0.2556150228266393,-0.0385175563503815,0.0,59,89,False
SESTD1,1868.0,0.0030303466454843766,,False,-0.176355177449802,0.1648329576799338,36.816648494281836,59,89,False
SETMAR,1936.0,0.006968696607583125,,False,-0.1623042922131488,-0.0011280071572387,0.0,59,89,False
SEZ6,2733.0,0.6751835313154204,,False,-0.023353778903201,-0.1075060969774479,0.0,59,89,False
SEZ6L,2384.0,0.345256810988839,,False,-0.1314662331503258,-0.096520054833431,0.0,59,89,False
SEZ6L2,2651.0,0.9220056501154783,,False,0.015583135792221,0.0190008486936624,0.28779055375036566,59,89,False
SF3B4,1592.0,5.220202465647392e-05,,False,-0.3175796021213879,0.0977997869276347,36.029522023063166,59,89,False
SFRP1,2243.0,0.1346462504743812,,False,-0.2490455885271598,-0.0865719091951042,0.0,59,89,False
SFRP4,2451.0,0.4955950005523503,,False,-0.0748038734474847,0.0060792904306922,31.97553013706734,59,89,False
SFTPA1,2664.0,0.8816958909265564,,False,0.0118978408014974,-0.064589874492683,-32.947167364316456,59,89,False
SFTPA2,2364.0,0.306706841868551,,False,0.1266822015856742,0.2792840327992709,1.2186087121789044,59,89,False
SFTPD,2898.0,0.28676964732069077,,False,0.0777218218508489,0.0248929591069917,-1.6691529731378478,59,89,False
SGSH,2826.0,0.43347388928048447,,False,0.42895159603454,0.3359894617900461,-0.4009312590092686,59,89,False
SH2B3,1669.0,0.0001811202814806112,,False,-0.3929437270704439,0.0246905787146052,34.006838123640385,59,89,False
SH2D1A,1524.0,1.6188728594900732e-05,,False,-0.3558316795473679,0.0966168466170718,36.011367356015825,59,89,False
SH3BGRL2,2237.0,0.12863008725513775,,False,-0.1281651174250825,0.2003004283040109,37.11591692356897,59,89,False
SH3BP1,2119.0,0.047518403982691367,,False,-0.2371175290249824,0.0278799878137137,34.183706949496056,59,89,False
SH3GLB2,1673.0,0.00019275889099479594,,False,-0.6531758214022343,-0.0969964542581791,0.0,59,89,False
SHBG,2732.5,0.6766148887684134,,False,0.0716732700338263,0.0411438505879822,-0.8161225386463146,59,89,False
SHC1,3094.5,0.06540652994630046,,False,-0.2099939979089129,-0.6232744628766111,0.0,59,89,False
SHD,3039.0,0.10578466111367722,,False,0.2909336248693132,-0.1435569433104324,-37.70104326959394,59,89,False
SHH,2494.0,0.6079261927210171,,False,-0.0559857291262003,0.0227627711779427,33.888587130515575,59,89,False
SHISA5,2647.0,0.9344539574543156,,False,-0.004192741470446,0.0099175603911441,32.68353337934746,59,89,False
SHMT1,1788.5,0.0010529155919547218,,False,-0.5841239391460369,0.0935710631693814,35.963615414330285,59,89,False
SHPK,2800.0,0.4955726594512696,,False,-0.0399138695524036,-0.2001856421918356,0.0,59,89,False
SIAE,1846.0,0.002282314814799517,,False,-0.1445820848629111,0.007904972225844,32.355301165571916,59,89,False
SIGLEC1,2232.5,0.12425632706838995,,False,-0.0440750740970162,0.0912877368973474,35.926820185195695,59,89,False
SIGLEC10,2456.0,0.5080638311969634,,False,-0.0079542568898095,0.000135482110679,26.48482849563914,59,89,False
SIGLEC15,2477.0,0.5621755546154554,,False,0.0306618856905566,-0.0379554776915112,-34.32231909604905,59,89,False
SIGLEC5,2299.0,0.20170276039792778,,False,0.2448550599560434,0.2233641533167245,-0.14356627757716928,59,89,False
SIGLEC6,1768.0,0.0007900049469942897,,False,-0.4013432408264026,0.4474229694040092,38.403570486999854,59,89,False
SIGLEC7,2455.0,0.5055569672478197,,False,-0.0928735990273313,-0.0432295324453797,0.0,59,89,False
SIGLEC8,2178.0,0.0800165858334414,,False,-0.1870075781788615,-0.0551113767188085,0.0,59,89,False
SIGLEC9,2666.0,0.8755189685149742,,False,-0.052979996403798,-0.0726299627329396,0.0,59,89,False
SIL1,2722.0,0.7069427257614389,,False,0.1890516286475002,0.125080682611527,-0.6284870100933015,59,89,False
SIRPA,2466.0,0.5334866413481552,,False,0.0292384600891963,0.0701153579473355,1.282418894318142,59,89,False
SIRPB1,2627.5,0.9953128839741003,,False,0.0668283837152418,-0.0127263397527162,-35.464518731726734,59,89,False
SIRT1,2610.0,0.9531555578580498,,False,0.0099273658657122,0.0282845971043523,1.5197326276313434,59,89,False
SIRT2,1674.0,0.00019577578093186277,,False,-0.4877998144345972,0.002993756745202,30.952040619637046,59,89,False
SIRT5,2665.0,0.8786065603480493,,False,0.1042863118143456,0.0292795798012197,-1.8703757472147613,59,89,False
SIT1,2391.0,0.3594491071984104,,False,-0.1347395857098607,-0.0414121972307914,0.0,59,89,False
SKAP1,2065.0,0.028297966475181895,,False,-0.3501003242794205,-0.0849365158775544,0.0,59,89,False
SKAP2,1636.5,0.00010826941687490504,,False,-0.4796099590146159,0.3009462296922244,37.75503630502189,59,89,False
SKIV2L,2831.0,0.4220657888612993,,False,0.2501446372747288,0.0509748212931452,-2.396222376473446,59,89,False
SLA2,1646.0,0.00012604416838177,,False,-0.3485730927210034,0.0934116166517194,35.96107435880475,59,89,False
SLAMF1,2936.0,0.22472692340895029,,False,0.0324119922970194,-0.1064285541710323,-34.4032786154672,59,89,False
SLAMF6,2212.0,0.10578433823052769,,False,-0.1446272015557678,0.0003125577629102,27.690937502634394,59,89,False
SLAMF7,2496.5,0.6147915897254372,,False,-0.1842214222068789,-0.1531144165250264,0.0,59,89,False
SLAMF8,2596.0,0.9095763369490779,,False,-0.0548138784486769,-0.0755694301332803,0.0,59,89,False
SLC12A2,2144.0,0.059599803015715457,,False,-0.1201191716094805,0.0543358565047669,35.15967232540843,59,89,False
SLC13A1,2627.0,0.9968752488900459,,False,-0.0873026043692428,0.0131846982506421,33.09597649922405,59,89,False
SLC16A1,1740.0,0.000528401409254223,,False,-0.1778942381378492,0.0143640488216958,33.22016502093289,59,89,False
SLC1A4,2477.0,0.5621755546154554,,False,-0.1713417613823236,-0.1138440805691898,0.0,59,89,False
SLC27A4,1756.0,0.000665847316346134,,False,-0.3642655746610253,0.1534841688922408,36.70795491185577,59,89,False
SLC28A1,2974.5,0.17051668772010797,,False,-0.172905702996697,-0.4896794610654754,0.0,59,89,False
SLC34A3,2633.5,0.9764696152667413,,False,-0.4839414196622786,-0.3543258908368439,0.0,59,89,False
SLC39A14,2356.0,0.2921178706311319,,False,-0.047813703776121,0.0167388124950226,33.442089256420445,59,89,False
SLC39A5,2586.0,0.8786065603480493,,False,0.047022505390608,0.1054594648391456,1.1947410805976255,59,89,False
SLC44A4,2566.0,0.8172666511533354,,False,-0.1291306442260129,-0.1556922225298964,0.0,59,89,False
SLC4A1,2556.0,0.7869871391751986,,False,-0.2146115139357884,-0.1348277483331399,0.0,59,89,False
SLC51B,3046.0,0.10000116148204007,,False,0.0238392224986065,-0.2133407277005698,-33.9557877845018,59,89,False
SLC9A3R1,1513.0,1.331089092696775e-05,,False,-0.2800746436829375,0.1229656407864531,36.372617415565735,59,89,False
SLIRP,2802.5,0.4876061335018964,,False,-0.1805562080229683,-0.078604653964258,0.0,59,89,False
SLIT2,2314.0,0.22323507761018724,,False,-0.0065474961517075,0.0254578950526796,34.051375378522174,59,89,False
SLITRK1,2434.0,0.4544515877809777,,False,-0.1302193962366279,-0.0557726183525763,0.0,59,89,False
SLITRK2,2500.0,0.6244607918676912,,False,-0.05060860064217,-0.069992555044792,0.0,59,89,False
SLITRK6,2746.0,0.6383860462427677,,False,0.021571887137618,-0.0094502196901618,-33.810466350117274,59,89,False
SLK,2226.0,0.11812633115066994,,False,-0.2015490499976002,0.0051575001960685,31.737837970329473,59,89,False
SLMAP,1863.0,0.0028429835266656532,,False,-0.4192022313112717,0.0130125125599242,33.07692527855911,59,89,False
SLURP1,2688.5,0.806635086460524,,False,-0.0481596236406823,-0.0656077977919998,0.0,59,89,False
SMAD1,1351.0,6.057436875195939e-07,,False,-0.3198382569479078,0.1473531273499136,36.6460239542346,59,89,False
SMAD2,2067.0,0.028867000139266123,,False,-0.2004608204513366,0.1416746669865671,36.586441462807976,59,89,False
SMAD3,2483.0,0.5781320535779435,,False,-0.0487546125700175,-0.0853749146348781,0.0,59,89,False
SMAD5,2398.5,0.3750552940268872,,False,-0.1549715320490074,-0.070792567841089,0.0,59,89,False
SMARCA2,2383.0,0.343258904185875,,False,-0.1521212289582514,0.0254823149146609,34.052770830946855,59,89,False
SMC3,3105.5,0.05933148192906051,,False,0.06861492894492,-0.4255723968631112,-35.50348051646766,59,89,False
SMNDC1,2059.0,0.026648489055059666,,False,-0.2301697634202311,-0.0040181984856941,0.0,59,89,False
SMOC1,2548.0,0.7629905358104139,,False,-0.0312954925557608,-0.0207800945583327,0.0,59,89,False
SMOC2,2119.5,0.0477379361579187,,False,-0.1117190168487561,-0.0288114550845348,0.0,59,89,False
SMPD1,2345.0,0.2728314498421349,,False,-0.0275635102810595,0.044739822370728,34.8745018251354,59,89,False
SMPD3,2400.0,0.3782265884058187,,False,-0.0502504127640908,0.0154855512450548,33.32918701739705,59,89,False
SMPDL3A,2625.5,1.0,,False,-0.0133402715478406,-0.0329488784481004,0.0,59,89,False
SMPDL3B,2996.5,0.14678201723178327,,False,0.0737626177106235,-0.0753001840057149,-35.6104428768857,59,89,False
SMS,1985.0,0.012195546414811768,,False,-0.2754670298843216,0.0877476357260597,35.86797101541755,59,89,False
SMTN,1675.0,0.00019883699737731347,,False,-0.367985939932298,0.1702627245097752,36.86617380393017,59,89,False
SNAP23,1487.0,8.320968237644402e-06,,False,-0.58956156979439,0.5763389118991933,38.83711017401952,59,89,False
SNAP25,1771.0,0.0008242382105723398,,False,-0.1430089631783888,0.0372215855497082,34.60530489377635,59,89,False
SNAP29,1779.0,0.0009223703593485813,,False,-0.3907452165518943,0.096795474323158,36.014122496583035,59,89,False
SNCA,1676.0,0.0002019431439702557,,False,-0.871706589718393,0.105561590756951,36.14363027808776,59,89,False
SNCG,2571.0,0.8325123806924153,,False,-0.1515996360419013,-0.1221704242241371,0.0,59,89,False
SNED1,2477.0,0.5621755546154554,,False,-0.2598692916836359,-0.1602594814598469,0.0,59,89,False
SNRPB2,1948.5,0.008063897954812565,,False,-0.1665808014338475,0.016148369095868,33.38998475912361,59,89,False
SNU13,2915.0,0.25771345068644014,,False,0.0314060846060967,0.0076270593531864,-2.053761580795235,59,89,False
SNX18,2292.0,0.19218943810473688,,False,-0.1813393455182717,0.0092488584203359,32.582488686632495,59,89,False
SNX2,2128.0,0.05160629405603049,,False,-0.4957690553003236,-0.0533512582579895,0.0,59,89,False
SNX5,2187.0,0.08628263744032197,,False,-0.0550166959384762,-0.0032739895015375,0.0,59,89,False
SNX9,1597.0,5.674302491274167e-05,,False,-0.3423443763591666,0.0193276297209052,33.650853900391645,59,89,False
SOD1,1450.5,4.2309130426065934e-06,,False,-0.4193618391862616,-0.0537820446332601,0.0,59,89,False
SOD2,2469.0,0.5412369579560228,,False,-0.1486875118285743,-0.0929036328463634,0.0,59,89,False
SOD3,2416.0,0.41306735090728974,,False,-0.2172394581942749,-0.1752117535692367,0.0,59,89,False
SORBS1,2696.0,0.783975621253568,,False,-0.0873231499429529,-0.1091662571816948,0.0,59,89,False
SORCS2,2427.0,0.43808616980719206,,False,0.0790719501482752,0.0076177945457661,-3.411626695511079,59,89,False
SORD,2015.0,0.016896790321629895,,False,-0.4312878789475561,0.0769907238422322,35.67386576323699,59,89,False
SORT1,2311.5,0.21953564384996205,,False,-0.042289042321081,0.0488418487753235,35.003122207011614,59,89,False
SOST,2114.0,0.04536722368700496,,False,-0.263820151443604,-0.1635573862183777,0.0,59,89,False
SOWAHA,2580.0,0.860110335435335,,False,-0.0416516732442901,-0.0729575060594349,0.0,59,89,False
SOX2,2799.0,0.4980756268729477,,False,0.1173100954998067,-0.0761701055886215,-36.301822323450686,59,89,False
SOX9,2777.0,0.5542778839903885,,False,0.0519710044739174,-0.1321524299012637,-35.09428502792052,59,89,False
SPACA5_SPACA5B,2777.0,0.5542778839903885,,False,0.0388730532123027,-0.0740528929942923,-34.66876517091197,59,89,False
SPAG1,2378.0,0.33338045346555667,,False,-0.2413827057288719,-0.0329381346395223,0.0,59,89,False
SPARC,2131.0,0.05303270145847193,,False,-0.4109500824341481,-0.2054792433482563,0.0,59,89,False
SPARCL1,2402.0,0.3824791048306494,,False,-0.070457806608191,0.0330377662769576,34.43118113022323,59,89,False
SPART,1452.0,4.3519338817768675e-06,,False,-0.3531724281423893,0.2494449501583934,37.457683226130705,59,89,False
SPESP1,2472.0,0.5490431052341302,,False,-0.0140995882401857,-0.0061110565633221,0.0,59,89,False
SPINK1,2311.0,0.21880208998921635,,False,0.0218809632211578,0.211898275526752,3.3719150770913,59,89,False
SPINK2,2479.0,0.5674706937800916,,False,-0.1299054506721302,-0.1067150245533226,0.0,59,89,False
SPINK4,2712.0,0.7362660079343711,,False,-0.1497845179614174,-0.0979387372384443,0.0,59,89,False
SPINK5,2744.0,0.6439924283251525,,False,-0.017759652142493,-0.0598843243644808,0.0,59,89,False
SPINK6,2495.5,0.6120412011249685,,False,-0.0243796875098785,-0.0258631962510094,0.0,59,89,False
SPINK8,2503.0,0.6328002631351767,,False,0.0551882403815227,0.1435752452214689,1.4240750744762711,59,89,False
SPINT1,3009.5,0.1331218356249373,,False,0.5966631001070293,0.3370596830690286,-0.9607017881136793,59,89,False
SPINT2,2642.5,0.9484772862695126,,False,0.0198052522559638,-0.0224003137715135,-33.68631160731473,59,89,False
SPINT3,2600.0,0.9220056501154783,,False,-0.1110130053027273,-0.1827851352558005,0.0,59,89,False
SPOCK1,1967.0,0.009968255982708028,,False,-0.1580643613659844,-0.0446002055638141,0.0,59,89,False
SPON1,2352.5,0.28588422660348956,,False,-0.1754120914931985,-0.1082713745883091,0.0,59,89,False
SPON2,2135.0,0.05498545960137207,,False,-0.0224423609465087,0.0514599574992194,35.07977130033113,59,89,False
SPP1,2351.0,0.2832408306421229,,False,-0.1111093852149029,-0.0792517151243785,0.0,59,89,False
SPRED2,2629.5,0.9890636754982678,,False,-0.0466447071814498,-0.0981543180768296,0.0,59,89,False
SPRING1,2984.0,0.15897789603625,,False,-0.0939759702333816,-0.2908746084046694,0.0,59,89,False
SPRR1B,2670.0,0.8631808521869698,,False,0.0733172582183129,-0.045032438689401,-35.601481285600244,59,89,False
SPRR3,2132.0,0.05351543099930535,,False,0.0630921454220399,0.5633489322502551,3.417664060582263,59,89,False
SPRY2,1679.0,0.00021153731358470668,,False,-0.3999349200122412,0.1460333169464068,36.632372739983346,59,89,False
SPTBN2,2295.0,0.19622538266828626,,False,-0.2142538864642357,-0.0483254559303393,0.0,59,89,False
SPTLC1,2013.0,0.01653991839525885,,False,-0.23074131382372,-0.0969394477551328,0.0,59,89,False
SRC,1682.0,0.00022155831211542883,,False,-0.3017859701072858,0.2252197551705703,37.29785059487014,59,89,False
SRP14,1975.0,0.010909070989846874,,False,-0.1777025407729685,-0.0023100880567766,0.0,59,89,False
SRPK2,1540.0,2.145442605841073e-05,,False,-0.1323191880418347,0.0919961587761355,35.93833070041178,59,89,False
SRPX,2355.0,0.2903280299445923,,False,-0.1686467218793654,-0.1047498195503223,0.0,59,89,False
SSB,2447.0,0.4857388087258592,,False,0.0880322794116499,0.0410237708338781,-1.1252519776787375,59,89,False
SSC4D,2558.0,0.7930189171915708,,False,-0.1819883507453419,-0.2298846951345546,0.0,59,89,False
SSC5D,2527.5,0.7025799975098772,,False,-0.0251037354964013,0.0474060731768431,34.9593544116982,59,89,False
SSH3,2567.5,0.8211001777429416,,False,-0.1751708952948009,-0.10988350331437,0.0,59,89,False
SSNA1,1975.0,0.010909070989846874,,False,-0.3604573972025467,0.017595435824593,33.514522484319656,59,89,False
ST13,1645.0,0.0001240512609833281,,False,-0.4733863211693305,-0.0394619438612212,0.0,59,89,False
ST3GAL1,2805.0,0.48329143832004473,,False,0.0424383810290783,0.0582436520796735,0.4646797933864013,59,89,False
ST8SIA1,2402.0,0.3824799856495509,,False,-0.0332046325224143,0.0382026380790021,34.64333031189646,59,89,False
STAB2,2986.0,0.15857815779590578,,False,0.1264182221159792,0.0386100146385052,-1.7554800105545632,59,89,False
STAM,2292.0,0.19218943810473688,,False,-0.2410341055791481,0.0164280525631743,33.414897865150294,59,89,False
STAMBP,1759.0,0.0006950611142789556,,False,-0.318828021799974,-0.0841254179714432,0.0,59,89,False
STAT2,1646.0,0.00012604416838177,,False,-0.4445005294804491,0.1165043023500003,36.29147004427857,59,89,False
STAT5B,1555.0,2.7840656431044017e-05,,False,-0.7839043202199178,0.2081379560143508,37.1753026819978,59,89,False
STAU1,2896.5,0.2874215826481371,,False,-0.0948504216119652,-0.2882085633891247,0.0,59,89,False
STC1,1961.0,0.00931080011000149,,False,-0.5470243875799212,-0.1791372369039139,0.0,59,89,False
STC2,2680.0,0.8325123806924153,,False,-0.3832995151443478,-0.4269441283123864,0.0,59,89,False
STEAP4,2335.0,0.2560698199439031,,False,-0.1442843765474606,0.0213396642630923,33.794735038384964,59,89,False
STIP1,1629.0,9.593891093746263e-05,,False,-0.2631121938029976,0.0122377188009914,32.987972414952196,59,89,False
STK11,1596.0,5.580590619089088e-05,,False,-0.4176596887671379,0.1617839964937621,36.788159431318675,59,89,False
STK4,1445.0,3.8145389881584867e-06,,False,-0.5198634050652239,0.3136756522513304,37.82139461310991,59,89,False
STOML2,2802.5,0.4876061335018964,,False,-0.5580357605877213,-0.5024521369210733,0.0,59,89,False
STX16,1634.0,0.00010400149138509414,,False,-0.6346569134923953,0.0821365489015312,35.7698020206059,59,89,False
STX1B,2285.0,0.18301020352177766,,False,-0.2249016202681771,0.076470947098071,35.663830678848186,59,89,False
STX3,2004.0,0.015014473899040289,,False,-0.1739324008440199,-0.0176176492093177,0.0,59,89,False
STX4,1799.0,0.0012169909630825697,,False,-0.2656267002956775,0.0421965485489216,34.78878927315095,59,89,False
STX5,2518.0,0.6751835313154204,,False,-0.0331701139126783,-0.0131088798320049,0.0,59,89,False
STX6,2210.0,0.104105471761004,,False,-0.2435153873981171,0.055535642546292,35.19178545595043,59,89,False
STX7,2094.0,0.0375661088890627,,False,-0.2750634136110598,-0.0691912629805596,0.0,59,89,False
STX8,1713.0,0.00035471227481986503,,False,-0.1561532962720926,0.1137694887113865,36.25581491875615,59,89,False
STXBP3,1808.0,0.0013760700561589588,,False,-0.4018746693487071,0.1990839543275018,37.10650610145425,59,89,False
SUGP1,1701.0,0.00029612599440049223,,False,-0.1847226409906267,0.066295494238893,35.45270007723106,59,89,False
SUGT1,1764.0,0.0007464029722799238,,False,-0.433786245634485,0.0534325322053835,35.13503168686368,59,89,False
SULT1A1,1569.0,3.540009301721397e-05,,False,-0.2990124115743062,0.4570633003816248,38.43939673254357,59,89,False
SULT2A1,2293.0,0.19352791530403157,,False,0.0200105763615169,0.22598726511097,3.6018582938845713,59,89,False
SUMF1,2341.0,0.2660390358937559,,False,-0.045491491270959,0.0049500468903305,31.67850440364029,59,89,False
SUMF2,2255.0,0.14732843447269345,,False,-0.1312048449510552,0.0486787767686037,34.998215316613134,59,89,False
SUOX,2324.0,0.23847431085847992,,False,-0.2272692466735021,0.0012904035213253,29.737054011411587,59,89,False
SUSD1,1759.0,0.0006950611142789556,,False,-0.2634119067077706,0.2568558398083407,37.50373439293588,59,89,False
SUSD2,2667.5,0.8708910273383166,,False,-0.0946489918484795,-0.1009818836322327,0.0,59,89,False
SUSD4,2493.0,0.6051895078870856,,False,0.1000583910957497,0.2087387268925812,1.1161653420355775,59,89,False
SUSD5,2603.0,0.9313402575764991,,False,-0.0202730336880252,-0.0051063319086443,0.0,59,89,False
SV2A,2002.0,0.014693041820197941,,False,-0.3975036840383905,-0.0028825356825026,0.0,59,89,False
SWAP70,2637.0,0.9656382785109514,,False,-0.130349958129119,-0.1049336708354009,0.0,59,89,False
SYAP1,1773.0,0.0008478195304968268,,False,-0.3826675941900589,-0.0163884575222752,0.0,59,89,False
SYNGAP1,2326.0,0.2416087775465755,,False,-0.128042937238443,0.1032513136381583,36.11053634822195,59,89,False
SYT1,2410.0,0.39978486264143376,,False,-0.045451174331848,-0.0358099014355368,0.0,59,89,False
SYTL4,1933.5,0.006766407462894236,,False,-0.1721405769520443,0.1281427901123639,36.4347405879147,59,89,False
TAB2,1748.0,0.0005930410120444329,,False,-0.2705835750721753,0.1750256304091088,36.908406324267965,59,89,False
TACC3,1696.5,0.00027659043436257255,,False,-0.2615978991290152,0.5056670844271427,38.610841421509555,59,89,False
TACSTD2,2471.0,0.5464348944807282,,False,-0.0328364499120835,0.0027380754312132,30.82311792721536,59,89,False
TADA3,1916.0,0.005492058458165786,,False,-0.3491725374383102,0.1455798983868549,36.62765582310253,59,89,False
TAFA5,2348.0,0.2780029731029249,,False,-0.2384217966204559,-0.0968821983112659,0.0,59,89,False
TALDO1,1389.0,1.2947852984006941e-06,,False,-0.2613728260513053,0.1184710911984824,36.316618613755885,59,89,False
TANK,2258.0,0.15063735749606752,,False,-0.1768395100150873,-0.0470885367704082,0.0,59,89,False
TAP1,2702.0,0.7659668068609808,,False,-0.4106086128985321,-0.1809884847700519,0.0,59,89,False
TARBP2,1798.0,0.001200404321553333,,False,-0.2512393212621452,0.1563081960226431,36.73569575898399,59,89,False
TARM1,2194.0,0.0914251760639762,,False,-0.2439809718513544,-0.0051723684688316,0.0,59,89,False
TARS1,1757.0,0.0006754559502706055,,False,-0.3352257459637355,0.1107720518640155,36.21577699457517,59,89,False
TAX1BP1,1617.0,7.89269505501781e-05,,False,-0.2186929465665187,0.1407155740546177,36.57615429550418,59,89,False
TBC1D17,1692.0,0.00025827448320433496,,False,-0.309787376860301,-0.0146644544395319,0.0,59,89,False
TBC1D23,1713.0,0.00035471227481986503,,False,-0.2257196880373073,0.3228558632394932,37.86777002560171,59,89,False
TBC1D5,2043.0,0.022649869744883627,,False,-0.2061730760187912,0.132425566089013,36.48434356900738,59,89,False
TBCA,1608.0,6.808458404731558e-05,,False,-0.6789256795626027,-0.0285829748427532,0.0,59,89,False
TBCB,1662.0,0.0001623332509891442,,False,-0.6278863776553811,0.266787328378843,37.56358152229575,59,89,False
TBCC,1658.0,0.0001524361933915146,,False,-0.3356302954417965,0.0068739335472086,32.15316071720107,59,89,False
TBL1X,1574.0,3.854372680445835e-05,,False,-0.4311479902156256,0.219311354286365,37.25646769576659,59,89,False
TBR1,2545.0,0.7540494226139913,,False,-0.0449874246006738,0.0751461338231259,35.637949610368715,59,89,False
TCL1A,2283.0,0.18044822511587766,,False,-0.25790912837932,-0.0576775779498737,0.0,59,89,False
TCL1B,2788.0,0.525792818194917,,False,-0.0146642115863233,-0.040186867313829,0.0,59,89,False
TCN1,2014.0,0.01671751828807897,,False,-0.175510104309696,0.0301344049126873,34.297019579799766,59,89,False
TCN2,2497.0,0.6161691471915978,,False,0.0305320214210932,0.0407788017003292,0.4226407667854924,59,89,False
TCOF1,2312.5,0.2210101888507855,,False,-0.16751080309041,-0.1306606031035895,0.0,59,89,False
TCP11,2895.0,0.2920933059015026,,False,0.028216129762321,-0.1293157940924824,-34.20116575010907,59,89,False
TCTN3,2552.5,0.7764622189366046,,False,-0.0116603404673425,0.0425772270331057,34.80193753846776,59,89,False
TDGF1,2748.0,0.6328002631351767,,False,-0.9465581067586116,-1.5719343192660211,0.0,59,89,False
TDO2,2541.0,0.7421786665846848,,False,-0.0564684450909933,-0.0635638052610841,0.0,59,89,False
TDP1,2446.0,0.48329143832004473,,False,-0.1423128195022938,-0.0776019228201917,0.0,59,89,False
TDRKH,1819.0,0.0015965209551182166,,False,-0.236711659091241,0.1352970467707422,36.51675018187186,59,89,False
TEF,2235.0,0.12667180214055102,,False,-0.1597134204070108,-0.0092525378753831,0.0,59,89,False
TEK,2927.0,0.23847387635344197,,False,0.0333608605972725,-0.0196904510456207,-34.44538365516546,59,89,False
TERF1,2924.0,0.2431866179664025,,False,-0.0529517674237633,-0.0639609992876445,0.0,59,89,False
TET2,2577.0,0.8508826314707835,,False,-0.0223116622744717,-0.0163687018063701,0.0,59,89,False
TEX101,2566.0,0.8172666511533354,,False,0.1079814642247388,0.1515526297620194,0.5111473324632506,59,89,False
TEX33,2563.0,0.8081421458680439,,False,-0.0463185495731534,-0.1005251918709896,0.0,59,89,False
TF,2606.5,0.9422424382532937,,False,0.1206482578884784,0.099600315891003,-0.28724270516597916,59,89,False
TFAP2A,2447.0,0.4857388087258592,,False,-0.2409436112309922,-0.0291672882480575,0.0,59,89,False
TFF1,3191.5,0.026782559482427817,,False,0.0040769130171138,-0.102482736949274,-31.398102594156647,59,89,False
TFF2,2899.5,0.2841198189818459,,False,0.6547684104144105,0.1287828699985912,-2.6209186038731147,59,89,False
TFF3,2566.5,0.8187880534595059,,False,0.1067336045723541,0.1768979528385341,0.7645597132882301,59,89,False
TFPI,2209.5,0.10368907992165284,,False,-0.0519982356183824,0.0053825875503855,31.799578492282656,59,89,False
TFPI2,2494.0,0.6079261927210171,,False,0.1611732854772257,0.1927361708064245,0.27411868623073365,59,89,False
TFRC,2679.5,0.834040374126025,,False,0.113901834494262,0.0316707479866973,-1.8880293854626127,59,89,False
TG,3056.0,0.09217953446115323,,False,0.0966539388956672,-0.4073316963784839,-36.011939869514876,59,89,False
TGFA,2095.5,0.038108548659829176,,False,-0.0895985652329476,0.0090599749001624,32.55262589256632,59,89,False
TGFB1,2744.0,0.6439924283251525,,False,0.3873700362196676,0.3232148771186808,-0.2946116222239539,59,89,False
TGFB2,2643.5,0.9453594438946793,,False,0.0279127868068126,0.0156117072372194,-0.8444638589839563,59,89,False
TGFBI,2875.5,0.32851027210883066,,False,0.1315567025077093,-0.0067416945896649,-36.47440559032176,59,89,False
TGFBR1,2228.0,0.12000014480077419,,False,-0.0645020258282198,0.0267414525234203,34.12298378603643,59,89,False
TGFBR2,2563.0,0.8081518953808703,,False,0.0277329482832634,0.066383000780178,1.2786429311240721,59,89,False
TGFBR3,2837.0,0.408611077185389,,False,0.0888508121136769,0.0226506672574692,-2.0051446609709287,59,89,False
TGM2,2283.0,0.18044822511587766,,False,-0.2647083081943943,-0.0513343419476523,0.0,59,89,False
TGOLN2,2883.0,0.314179765068925,,False,0.0732076976360979,-0.0039857139286853,-35.59926855886143,59,89,False
THAP12,2925.5,0.23885910340967897,,False,-0.2900863961317135,-0.4960456922375539,0.0,59,89,False
THBD,2336.0,0.25771345068644014,,False,-0.0349785963538198,0.0392353855249749,34.682332104600945,59,89,False
THBS2,2011.5,0.016101572428543254,,False,-0.2148971110990543,-0.0011289814556082,0.0,59,89,False
THBS4,2186.5,0.0859241486447786,,False,-0.3054834329766355,-0.1116167835064741,0.0,59,89,False
THOP1,2032.0,0.020212974613078825,,False,-0.1710182759107656,0.0129719312167386,33.07239868047197,59,89,False
THPO,2063.0,0.027738624108897315,,False,-0.0539822921157525,0.152879655245341,36.70195388062185,59,89,False
THRAP3,2769.0,0.5754578976855461,,False,0.000917361260739,-0.0373917971978246,-29.24460707620729,59,89,False
THSD1,2365.0,0.30856427759522076,,False,-0.0986146897767651,0.0372626969433511,34.60691812114485,59,89,False
THTPA,1763.0,0.0007358677120533253,,False,-0.3997531979981336,0.0311093887610521,34.343447270190524,59,89,False
THY1,2333.0,0.2528057484699979,,False,-0.0835936498050735,-0.0784882900143929,0.0,59,89,False
TIA1,1871.0,0.0031481026360188264,,False,-0.2085238393098371,0.1818674530345594,36.967218918225534,59,89,False
TIE1,2856.0,0.36772120800966046,,False,0.176943251755253,0.0876815054328517,-1.0582552318043288,59,89,False
TIGAR,1821.0,0.0016399339700056694,,False,-0.3869414513079449,0.1469240400869764,36.641598557223276,59,89,False
TIGIT,2278.0,0.17413765811843995,,False,-0.1162634442332928,0.0190700872563433,33.63137156749651,59,89,False
TIMD4,2286.5,0.18494849426577986,,False,-0.0270783953683293,0.0382338596701148,34.644524570919494,59,89,False
TIMM10,1835.0,0.001975549664483376,,False,-0.056763191772605,0.0312224945382325,34.34873978451938,59,89,False
TIMM8A,1547.0,2.4238015897002397e-05,,False,-0.1187792353735766,0.026187923849037,34.09253003357385,59,89,False
TIMP1,2384.0,0.34525591813050593,,False,-0.1161107186848305,-0.0069971384933454,0.0,59,89,False
TIMP2,2867.0,0.345256810988839,,False,0.1040749984657809,0.045369023040932,-1.227450394750787,59,89,False
TIMP3,2031.0,0.02000312092142829,,False,-0.5992544132740985,-0.1589917890866247,0.0,59,89,False
TIMP4,2400.5,0.3792867562382305,,False,-0.1880561797392492,-0.098437807452096,0.0,59,89,False
TINAGL1,2305.0,0.2101265552847129,,False,0.2307428155561933,0.2849781278704195,0.332490502969064,59,89,False
TJAP1,1520.0,1.5079987933507685e-05,,False,-0.2264209261833744,0.1451924888499668,36.623614524184276,59,89,False
TJP3,2498.0,0.6189276609973304,,False,0.0137580141684432,0.0156925785160767,0.1907791084634771,59,89,False
TK1,2276.0,0.1716688159643932,,False,-0.2374881902109739,0.0212389283924813,33.78785804512913,59,89,False
TLR1,2456.0,0.5080638311969634,,False,0.0300270293866873,0.0415652497961841,0.47490909467758335,59,89,False
TLR2,2430.0,0.4450347109373225,,False,-0.1012927628131213,-0.0193611011774323,0.0,59,89,False
TLR3,2506.0,0.6411863704433807,,False,0.0489401866651487,0.1563673109865823,1.7301979198757704,59,89,False
TLR4,2765.0,0.5861893896616032,,False,0.0596733794506794,-0.0218008809475953,-35.29754158995086,59,89,False
TMCO5A,2454.0,0.5030562359179269,,False,-0.3241925626894921,-0.1180340218609074,0.0,59,89,False
TMED1,2565.0,0.8142161346461094,,False,0.0541125579790146,-0.0217796766305531,-35.15361886397885,59,89,False
TMED10,2784.0,0.5360638354790697,,False,-0.0346210683750766,0.1003501965989114,36.06795203820028,59,89,False
TMED4,2622.0,0.9906259296940867,,False,-0.1182925128931406,-0.0273084222117474,0.0,59,89,False
TMED8,1753.0,0.0006377785658406338,,False,-0.4748621635736819,0.144750155952049,36.61898773563128,59,89,False
TMEM106A,1648.0,0.0001301208577084022,,False,-0.2961132194011771,0.1132480856788032,36.24892376235721,59,89,False
TMEM132A,2524.0,0.6924394048424021,,False,-0.0109356464672385,0.1865737344339876,37.00648064327484,59,89,False
TMEM25,2683.0,0.8233568331722677,,False,-0.0358182803381062,-0.0805347378208058,0.0,59,89,False
TMOD4,2870.5,0.3362782999803283,,False,-0.2987609143850572,-0.3749742682426931,0.0,59,89,False
TMPRSS11B,2493.0,0.6051895078870856,,False,-0.0222354767767447,0.1451286629249225,36.62294773485377,59,89,False
TMPRSS11D,2346.0,0.2745479284661537,,False,-0.080591314388398,0.0600030767011117,35.30565657336919,59,89,False
TMPRSS15,2714.0,0.7303689264798503,,False,0.1492217054151964,0.184776490623731,0.3264440960026804,59,89,False
TMPRSS5,2358.0,0.29572109944570757,,False,-0.116454909048875,-0.0531858952019943,0.0,59,89,False
TMSB10,1751.0,0.0006196818231789442,,False,-0.4299246293279349,-0.0019058950819208,0.0,59,89,False
TNF,2353.0,0.28676964732069077,,False,-0.0210162123634702,0.0684170741691586,35.49921470916438,59,89,False
TNFAIP2,1434.0,3.096407920894897e-06,,False,-0.3023958834306552,-0.045004524929266,0.0,59,89,False
TNFAIP8,2083.0,0.033784267203180195,,False,-0.1010957827157373,0.1012988591718769,36.08200637737425,59,89,False
TNFAIP8L2,1376.0,1.0008837850537847e-06,,False,-0.263132992531726,0.2519978020371479,37.47368629157686,59,89,False
TNFRSF10A,2325.0,0.2400381563627123,,False,-0.063295306984568,0.0826013363490254,35.778177416315806,59,89,False
TNFRSF10B,2306.0,0.21155450058947023,,False,-0.0144628786705172,0.0064223918384558,32.054909556668335,59,89,False
TNFRSF10C,2627.0,0.9968752488900459,,False,0.0395289484855911,0.077069872946621,0.9821543119720385,59,89,False
TNFRSF11A,2476.5,0.5608551464140018,,False,-0.0074612058606148,0.0215467068617163,33.80876872640232,59,89,False
TNFRSF11B,2380.5,0.33829607948328044,,False,0.1125273984205894,0.1723355845690399,0.6453403726880278,59,89,False
TNFRSF12A,2750.5,0.6258470863627414,,False,0.0512101766423831,0.0428073095723589,-0.262797619771538,59,89,False
TNFRSF13B,2563.5,0.8096690774032584,,False,-0.0403473344178984,-0.0502760012397218,0.0,59,89,False
TNFRSF13C,2400.0,0.3782265884058187,,False,-0.1145996269212777,-0.046135721398086,0.0,59,89,False
TNFRSF14,2157.5,0.06711932706449425,,False,-0.0619903851633455,0.0184313050873003,33.58189826896138,59,89,False
TNFRSF17,2919.0,0.2511844127294237,,False,-0.0441007139909025,-0.1604166739594429,0.0,59,89,False
TNFRSF19,2768.0,0.5781320535779435,,False,-0.0229316484493713,-0.0676802676081493,0.0,59,89,False
TNFRSF1A,2515.0,0.6666185096537225,,False,-0.0015349014872571,0.0066497785340603,32.10521894094506,59,89,False
TNFRSF1B,2523.0,0.6895520189198758,,False,0.0824394776404678,0.056497449974874,-0.558224717054466,59,89,False
TNFRSF21,2961.0,0.18953292526966647,,False,0.1150897097076934,0.0280307287963599,-2.0815670132716098,59,89,False
TNFRSF4,2554.0,0.7809681142555116,,False,-0.079035656809145,-0.0072951899392711,0.0,59,89,False
TNFRSF6B,2294.0,0.19487322544405783,,False,-0.0439036656024718,0.0260341269991473,34.0839552440381,59,89,False
TNFRSF8,2702.0,0.7659785821070197,,False,-0.0639459780103112,-0.0743397514642709,0.0,59,89,False
TNFRSF9,2082.5,0.03362022981336565,,False,-0.1723408762291426,-0.0182717683184023,0.0,59,89,False
TNFSF10,2182.0,0.0827544437239775,,False,-0.0940662900468247,0.0055311356563008,31.83892865838284,59,89,False
TNFSF11,2539.0,0.7362660079343711,,False,-0.1734363510988983,-0.0917461087128306,0.0,59,89,False
TNFSF12,2635.0,0.9718829900233396,,False,-0.2109303852141932,-0.1922621100359619,0.0,59,89,False
TNFSF13,2285.5,0.18365448455231692,,False,-0.097152453562977,-0.0101572326771906,0.0,59,89,False
TNFSF13B,2332.0,0.2511844127294237,,False,-0.0631889658833613,-0.0222216632241646,0.0,59,89,False
TNFSF14,1788.0,0.0010456499784471335,,False,-0.3209971538502066,-0.0592840530213953,0.0,59,89,False
TNFSF9,2436.0,0.4591898118023843,,False,0.0307085127102213,0.0572360666552597,0.9116170449089456,59,89,False
TNIP1,1611.0,7.15316235301945e-05,,False,-0.3935513890247841,0.1549224954246887,36.72214367237752,59,89,False
TNN,2878.0,0.32368735093728707,,False,0.0646700131792167,-0.022089841715971,-35.41606727186978,59,89,False
TNR,2590.0,0.8909749384536046,,False,0.0429038712772,0.0606048485695539,0.5072287918718514,59,89,False
TNXB,2659.0,0.8971692837014724,,False,-0.1274033271886538,-0.1069700373692482,0.0,59,89,False
TOM1L2,1733.0,0.0004770118832356421,,False,-0.7474062217244799,0.2207334850578676,37.26652182386946,59,89,False
TOMM20,2036.0,0.021071355046331855,,False,-0.2067298320618754,-0.04690785372657,0.0,59,89,False
TOP1,2113.0,0.044947223704948566,,False,-0.2680727128358514,0.0212392997914931,33.78788345905554,59,89,False
TOP1MT,3203.5,0.023138899051586784,,False,-0.0272774704960722,-0.611042488350372,0.0,59,89,False
TOP2B,1781.0,0.0009485406873433659,,False,-0.3198422094821721,0.0530187518919976,35.12360784377559,59,89,False
TOR1AIP1,2383.0,0.343258904185875,,False,-0.0917614711262587,0.0037362998178847,31.27206526230834,59,89,False
TP53,2196.0,0.0929385818916094,,False,-0.3031123058126388,-0.1483107219770562,0.0,59,89,False
TP53BP1,2720.0,0.7127743289874235,,False,-0.0592459946761284,-0.0811825964985406,0.0,59,89,False
TP53I3,1610.0,7.036467156649633e-05,,False,-0.3127946382959654,0.0295579213059198,34.268863582992196,59,89,False
TP53INP1,2737.0,0.6637724799906395,,False,0.0215007414299273,0.0435837482396504,1.030486877083663,59,89,False
TP73,2701.0,0.7689696873894178,,False,0.1682932278797447,-0.0115638791979019,-36.848384304867764,59,89,False
TPBGL,2440.0,0.46874877520915303,,False,-0.0319459802146829,-0.0279068481488318,0.0,59,89,False
TPD52L2,1477.0,6.927047699350423e-06,,False,-0.5442457394440686,0.1092899075939009,36.19559275366062,59,89,False
TPK1,2711.0,0.7392204102046427,,False,0.0367110172460804,-0.00574029038955,-34.58512209884301,59,89,False
TPM3,3096.0,0.065670924961738,,False,0.245957853320632,-0.0654379436848487,-37.435579466656,59,89,False
TPMT,2115.0,0.04579072821069908,,False,-0.2919851884640169,0.025973527288108,34.080562773352206,59,89,False
TPP1,2488.5,0.5929430184466493,,False,0.0993691527450625,0.1800700491139492,0.8986899059269381,59,89,False
TPPP2,2445.0,0.48082803964150145,,False,-0.1245080207101514,0.025148968726207,34.0336065679336,59,89,False
TPPP3,2768.0,0.5781320535779435,,False,-0.0893574863271833,-0.0963125969018331,0.0,59,89,False
TPR,2546.0,0.757026122360535,,False,-0.0953123596278488,-0.0692953268636231,0.0,59,89,False
TPRKB,3155.5,0.037309239601273705,,False,-0.0475945016066742,-0.4152383552447818,0.0,59,89,False
TPSAB1,2956.0,0.19622538266828626,,False,0.0800592830723394,-0.0661285776273652,-35.73179802251756,59,89,False
TPSD1,2812.0,0.4663487619377161,,False,-0.0559444699111361,-0.1012794768959886,0.0,59,89,False
TPSG1,2586.0,0.8786065603480493,,False,-0.0190384786171644,0.0025513744756428,30.721137021001102,59,89,False
TPT1,2777.0,0.5542778839903885,,False,0.046679113022236,-0.12021807454956,-34.93669420992777,59,89,False
TRAF2,1792.0,0.00110519195945691,,False,-0.3770773118893035,0.0798680994611227,35.72825223496016,59,89,False
TRAF3,2538.0,0.7333155000061506,,False,-0.0447454062199253,-0.0157322148133492,0.0,59,89,False
TRAF3IP2,2667.0,0.8724332703290849,,False,0.091047492749582,0.0093622638610703,-3.322769447545495,59,89,False
TRDMT1,1621.0,8.418117941469461e-05,,False,-0.5548207999883874,0.1910739145144905,37.043164736674996,59,89,False
TREH,2485.0,0.5834978281672615,,False,0.4435674351799064,0.1457966666313069,-1.7591451902225375,59,89,False
TREM2,2239.5,0.13111057693199413,,False,-0.1049286973328516,0.0059984540281334,31.956177472405688,59,89,False
TREML1,1796.0,0.0011678558229531299,,False,-0.2044919923313383,0.1896941686687399,37.03200419058074,59,89,False
TREML2,3063.0,0.08700236059178934,,False,0.4947710159445093,0.3251558689018752,-0.6944480305732076,59,89,False
TRIAP1,1764.5,0.0007367708738099007,,False,-0.1873770481253795,0.00563782294741,31.866544482114126,59,89,False
TRIM21,1783.0,0.0009753973979975849,,False,-0.4562316774627578,-0.0063585324267838,0.0,59,89,False
TRIM24,2034.0,0.02063164436101289,,False,-0.1258690678221598,0.0152066582905338,33.30282773487555,59,89,False
TRIM25,1878.0,0.0034392566898280193,,False,-0.3095380996218305,0.1872339296558935,37.01191386332939,59,89,False
TRIM26,2943.5,0.21179976689713242,,False,-0.058356398786641,-0.3645824320222999,0.0,59,89,False
TRIM40,2085.0,0.034446607524614675,,False,-0.2279076469986381,0.1745875631404632,36.90456745679997,59,89,False
TRIM5,1749.0,0.0006020638031156954,,False,-0.2076148755032442,0.0696349727633042,35.52528415767967,59,89,False
TRIM58,1946.0,0.00783332108842278,,False,-0.4279140290800721,0.0705773129606947,35.54515159547047,59,89,False
TRPV3,2832.0,0.4198054721483234,,False,-0.0453864216519158,-0.1405449342692418,0.0,59,89,False
TSC22D1,2719.0,0.7156964647016169,,False,0.02218077999322,-0.0884367767461766,-33.850929274198116,59,89,False
TSHB,2183.0,0.08345056936279334,,False,-0.2242355500230096,0.0064260221535497,32.05572663920128,59,89,False
TSLP,2551.0,0.7719642353400903,,False,-0.170612182893303,-0.0616811084304917,0.0,59,89,False
TSPAN1,2310.0,0.21733857310308924,,False,-0.029267451593962,0.0149333783919592,33.27652829040462,59,89,False
TSPAN15,2744.0,0.6439924283251525,,False,-0.0402531337502337,0.0499137044075138,35.03497936044531,59,89,False
TSPAN7,2478.0,0.5648201395922233,,False,-0.0497849364980182,-0.0994463427638412,0.0,59,89,False
TSPAN8,2599.0,0.9188964360797366,,False,-0.2146813322704407,-0.0184304552457415,0.0,59,89,False
TSPYL1,1975.5,0.010970336516517987,,False,-0.1535060775054279,0.0080487546916287,32.381378315189615,59,89,False
TST,1894.0,0.004198906493821719,,False,-0.0653746480243375,0.1984580654388142,37.10164322046132,59,89,False
TTF2,2130.0,0.05255361558742759,,False,-0.3145155042025107,0.0448341527113544,34.877587839348884,59,89,False
TTN,2854.0,0.37190136352215597,,False,-0.003433521786396,-0.1357968803600637,0.0,59,89,False
TTR,2810.0,0.47092521138816756,,False,-0.033871158518333,-0.0845782109238946,0.0,59,89,False
TUBB3,1792.0,0.00110519195945691,,False,-0.1537779949877764,0.144672811409787,36.61817733378164,59,89,False
TWF2,1700.0,0.00029167707132485336,,False,-0.2253239636258648,0.0651543836479171,35.42707661671454,59,89,False
TXK,2207.0,0.1016095280396454,,False,-0.2058741818238691,0.1313520339225729,36.47205548992283,59,89,False
TXLNA,1674.0,0.00019577578093186277,,False,-0.4170107739422865,0.2088113071304549,37.18030722038329,59,89,False
TXN,1758.0,0.0006851933580925249,,False,-0.2459774051234063,-0.0310681756966658,0.0,59,89,False
TXNDC15,2827.0,0.43117810980492755,,False,0.0636339402057552,0.0573730733104266,-0.15257496817860242,59,89,False
TXNDC5,1855.0,0.002565097009839554,,False,-0.1083746920311297,0.0540326543438334,35.15144677720724,59,89,False
TXNDC9,1924.0,0.006045014541996781,,False,-0.1157968293287252,-0.0015107850343493,0.0,59,89,False
TXNL1,2782.0,0.5412369579560228,,False,-0.0404100240588259,-0.0574408710926942,0.0,59,89,False
TXNRD1,1748.0,0.0005934306755411094,,False,-0.2442083773311393,0.0110862342105392,32.84483063444942,59,89,False
TYMP,1687.5,0.00024109418060331303,,False,-0.2906628339360424,0.0843880746252397,35.809953417569766,59,89,False
TYRO3,2450.0,0.4931209854824451,,False,0.0126485011429089,0.0462627635527803,1.8877493376033148,59,89,False
TYRP1,2283.0,0.18044822511587766,,False,-0.1663416755827802,-0.0578581010574186,0.0,59,89,False
UBAC1,1800.0,0.0012337890726763492,,False,-0.3054241775104644,0.0119712434969943,32.95607735474277,59,89,False
UBE2B,2048.0,0.023839389260059674,,False,-0.1802509434351348,-0.0251752304847446,0.0,59,89,False
UBE2L6,1906.0,0.00486524452568661,,False,-0.2633641715148011,0.0737191367424225,35.60957027270256,59,89,False
UBE2Z,2207.0,0.10162725462167384,,False,-0.1113913716789835,0.1052376817582487,36.139032728553865,59,89,False
UBQLN3,2484.0,0.5808120398989743,,False,-0.0664394890952086,0.0269098033343405,34.13212223877563,59,89,False
UBXN1,1834.5,0.001951949934438779,,False,-0.3193094779063443,0.0220387885952798,33.84159292356203,59,89,False
UFD1,1705.0,0.00031456507770068025,,False,-0.5275021019434103,0.1901978221650392,37.03608693860062,59,89,False
UGDH,2751.5,0.6230751846142819,,False,-0.1384708494470632,-0.0943064304493971,0.0,59,89,False
UHRF2,2860.0,0.3594491071984104,,False,-0.0738913161477649,-0.045260033402508,0.0,59,89,False
ULBP2,2812.0,0.4663487619377161,,False,0.0972583519905725,0.0116073226125298,-3.109881717772584,59,89,False
UMOD,2480.0,0.5701271899083155,,False,-0.0697236202839174,-0.0785795841896134,0.0,59,89,False
UNC5D,2793.5,0.5118359289945225,,False,0.0242848292656365,-0.0009756316757696,-33.98272936679137,59,89,False
UNC79,2578.5,0.8548996398268924,,False,-0.4679504036892788,-0.378767993079598,0.0,59,89,False
UNG,2532.0,0.7156962130204892,,False,-0.0720578319272901,0.0208150278091596,33.758560088946105,59,89,False
UPB1,2299.0,0.20170276039792778,,False,0.0496903962435669,0.2233501747434918,2.2564674667668507,59,89,False
UPK3A,2430.0,0.4450583038023409,,False,-0.1099077102784532,-0.0645375332195316,0.0,59,89,False
UPK3BL1,2815.0,0.4591665372301761,,False,0.150822161636745,-0.1515909246331998,-36.68135909245282,59,89,False
UROD,1719.0,0.0003879146572835327,,False,-0.5013332296299919,0.0098767640494108,32.677566125627614,59,89,False
USO1,1652.0,0.0001386498169840418,,False,-0.6461738784961202,0.286406825883896,37.67608026935049,59,89,False
USP25,1959.0,0.009100407767372396,,False,-0.4713263561289998,-0.0575517009414038,0.0,59,89,False
USP28,2069.5,0.029591971704580323,,False,-0.1013281872414641,0.0184022452390124,33.57960727767684,59,89,False
USP47,2022.0,0.018199612641235936,,False,-0.3119134874126845,0.1579194514785635,36.75131146213354,59,89,False
USP8,1828.0,0.001800576311544886,,False,-0.3800890889807178,0.0883897353746221,35.87881391787766,59,89,False
VAMP5,2526.5,0.6996771068065692,,False,-0.0177066277746235,0.0096017064781252,32.6366808307386,59,89,False
VAMP8,1766.0,0.0007679210369004202,,False,-0.3057314782887598,0.1530801658066264,36.70394684607984,59,89,False
VASH1,1589.0,4.96450559017121e-05,,False,-0.2058070478921056,0.1643555629650639,36.81222081512283,59,89,False
VASN,2387.5,0.35230727950141016,,False,-0.0494212667330037,-0.0113457665680927,0.0,59,89,False
VASP,1752.0,0.0006286696185116364,,False,-0.2279687331186485,0.1787113396768815,36.9403518007762,59,89,False
VAT1,2126.0,0.050673305232663335,,False,-0.0576675676093647,0.0154848946435631,33.32912551562697,59,89,False
VAV3,1701.0,0.00029612599440049223,,False,-0.3195542989997263,0.3291468780847495,37.89887518235671,59,89,False
VCAM1,2125.0,0.0497820004106955,,False,-0.1663771618009576,-0.0826301300915915,0.0,59,89,False
VCAN,2593.0,0.900268832263371,,False,-0.1056027134950082,-0.1258366434385288,0.0,59,89,False
VCPKMT,2860.5,0.3564149616756025,,False,-0.2213747532390384,-0.2567517371339961,0.0,59,89,False
VEGFA,2638.5,0.9609560704202879,,False,0.0012184657245934,0.0231875954264327,4.261215695552524,59,89,False
VEGFB,2476.0,0.5595369658762197,,False,-0.0999778519389114,-0.0343951027245359,0.0,59,89,False
VEGFC,2403.0,0.3846176362932683,,False,-0.2693425401718339,-0.2109616453942376,0.0,59,89,False
VEGFD,2634.0,0.9750060162868234,,False,-0.1195189032737295,-0.0959594885941547,0.0,59,89,False
VGF,2291.5,0.19152234639772892,,False,-0.052312486370755,0.0878398447857931,35.86953283867077,59,89,False
VIM,2296.0,0.1975839861481351,,False,-0.1033704013730612,0.0113561520590623,32.87967044854495,59,89,False
VIPR1,3165.0,0.03478191726387606,,False,0.128881459779145,-0.0729166172914819,-36.44340783682713,59,89,False
VIT,2460.0,0.5181561309112641,,False,-0.0545738194840976,-0.0723728352261813,0.0,59,89,False
VMO1,2461.0,0.5206953060957552,,False,0.1516401406980639,0.1885138145247335,0.33281754980556644,59,89,False
VNN1,2742.0,0.6496191401399026,,False,0.0320709277441171,0.0179384096168422,-0.8453007699216878,59,89,False
VNN2,2136.0,0.05548319150449291,,False,-0.2459960910662068,-0.0264350528862754,0.0,59,89,False
VPS28,1684.0,0.00022831344457476945,,False,-0.2762726922625971,-0.0181977116337588,0.0,59,89,False
VPS37A,2343.0,0.26942055389980923,,False,-0.1299454244573873,-0.0275608918723958,0.0,59,89,False
VPS4B,1647.0,0.00012806538092295582,,False,-0.5997011078353714,0.0735715869498204,35.60660540402137,59,89,False
VPS53,1274.0,1.2169745780717555e-07,,False,-0.1883520440189455,0.157869130838618,36.75082605852373,59,89,False
VSIG10,2628.0,0.9937505457053547,,False,-0.0143453794140147,0.0075031961325066,32.27984497563714,59,89,False
VSIG10L,2574.0,0.8416905435320222,,False,-0.1091424853867506,-0.0908399964129008,0.0,59,89,False
VSIG2,2641.0,0.9531555578580498,,False,-0.0561340843693157,-0.0477569023997335,0.0,59,89,False
VSIG4,2685.0,0.8172666511533354,,False,0.0775492489183726,-0.0055194629306588,-35.68457569255325,59,89,False
VSIR,2175.0,0.07801125098931241,,False,-0.0482639139868688,0.0490926955738054,35.01063891339761,59,89,False
VSNL1,2348.0,0.2780029731029249,,False,-0.1701096408409272,-0.1923217513456175,0.0,59,89,False
VSTM1,1754.0,0.0006470101566579709,,False,-0.2859524289646162,0.2012172957876301,37.12297479849544,59,89,False
VSTM2B,2382.5,0.34223726207601857,,False,-0.0784332934235567,0.0021380890057404,30.46597756931501,59,89,False
VSTM2L,2546.0,0.7570252512414778,,False,0.0238327415638884,0.0576738542266854,1.291972735815794,59,89,False
VTA1,1585.0,4.642000850476173e-05,,False,-0.7211083118845966,0.0223947333988578,33.8648859187196,59,89,False
VTCN1,2275.0,0.1704660211783744,,False,0.0247819976566241,0.0369189435964563,0.5811588862225479,59,89,False
VTI1A,1661.5,0.00015710171680032896,,False,-0.1264766432858486,0.0269001337391879,34.13159888705744,59,89,False
VWA1,2347.0,0.27627176788210883,,False,0.0739223741215135,0.2285341297959368,1.706982783821734,59,89,False
VWA5A,2885.5,0.30747465562547693,,False,-0.0563739767161532,-0.7842348765536984,0.0,59,89,False
VWC2,2362.0,0.3030155683466097,,False,-0.1443564716319351,-0.0506199822429755,0.0,59,89,False
VWC2L,2809.0,0.47356924268207135,,False,-0.0831069532841081,-0.0645129412000493,0.0,59,89,False
VWF,2412.5,0.40528729942087605,,False,-0.0292285555777066,0.0721727790343861,35.57820620876564,59,89,False
WARS1,2438.0,0.4632212535130955,,False,-0.1416495833001767,-0.1000652713085614,0.0,59,89,False
WAS,1805.0,0.001321037730096061,,False,-0.2657366419318644,0.1647644752722303,36.81601408675706,59,89,False
WASF1,1517.0,1.4295961604051343e-05,,False,-0.1859661687354099,0.4230093195024017,38.309800981417844,59,89,False
WASF3,2102.0,0.040537724255897724,,False,-0.2424458222494407,0.1825160664191124,36.97268613364379,59,89,False
WASHC3,1416.0,2.1925775959862425e-06,,False,-0.3354725126384517,0.1472522739136753,36.644984902473524,59,89,False
WDR46,2725.0,0.6982273024142855,,False,-0.1213253032975672,-0.1636292607854116,0.0,59,89,False
WFDC1,2754.0,0.6161691471915978,,False,0.0130818689561967,-0.0681376943360407,-33.08462912082517,59,89,False
WFDC12,2191.0,0.08919154063376755,,False,-0.2158508943645346,0.0203632941425398,33.726679162056094,59,89,False
WFDC2,2597.0,0.9126817740333135,,False,-0.0459796571940463,-0.0036393063001118,0.0,59,89,False
WFIKKN1,2960.0,0.190857779565474,,False,0.1121188522703195,-0.0097589305236362,-36.2338940140031,59,89,False
WFIKKN2,2562.5,0.806635086460524,,False,0.0154276764409683,-0.055664393504793,-33.323756082513064,59,89,False
WIF1,2036.0,0.021071355046331855,,False,-0.2454720775450548,-0.095387316024395,0.0,59,89,False
WNT9A,2593.0,0.900268832263371,,False,-0.1329003252080186,-0.0783898197694629,0.0,59,89,False
WWP2,1767.0,0.0007788903396412755,,False,-0.2266868317818185,0.0354025799222467,34.532106562542936,59,89,False
XCL1,2293.0,0.19352791530403157,,False,-0.1278784254158312,-0.0358587596086345,0.0,59,89,False
XG,2293.0,0.19352791530403157,,False,-0.2292927701759223,-0.1230809907672607,0.0,59,89,False
XIAP,1687.0,0.00023925643080606953,,False,-0.2996336245324864,0.0823010063190946,35.77277076987315,59,89,False
XPNPEP2,3139.0,0.04453031103080268,,False,0.4015529632601661,0.0070625940682534,-6.031145970922451,59,89,False
XRCC4,2419.0,0.4198054721483234,,False,-0.0710779071497802,-0.0216136531853397,0.0,59,89,False
YARS1,1866.0,0.0029540897117723143,,False,-0.8790202320746259,0.8822477838215668,39.61716077213359,59,89,False
YES1,1724.0,0.00041777893843635786,,False,-0.3011704800324565,0.260329637218712,37.52490384150796,59,89,False
YJU2,2430.0,0.4450583038023409,,False,-0.2162027004478291,-0.1484695127809165,0.0,59,89,False
YOD1,1839.0,0.002082442391613219,,False,-0.6014911833831118,-0.1184315850464229,0.0,59,89,False
YTHDF3,2034.0,0.020638332930365672,,False,-0.1422526697357894,0.1887657960632779,37.024451905060474,59,89,False
YWHAQ,1882.0,0.003616402936803015,,False,-0.0946313110955167,0.0652028746743107,35.42817436847021,59,89,False
YY1,2077.0,0.03186220924255171,,False,-0.1996478024435453,0.1402142285308098,36.57075030158293,59,89,False
ZBP1,2302.0,0.20588336020502773,,False,-0.1290774454974798,0.0348198085120438,34.507867765108266,59,89,False
ZBTB16,1911.0,0.005170032260999728,,False,-0.2567617540618915,0.0478045781566587,34.971631654887986,59,89,False
ZBTB17,2256.5,0.14897550682727917,,False,-0.0460461369678079,0.03949808104484,34.69209123739124,59,89,False
ZCCHC8,2441.5,0.472361166333751,,False,0.1156850292346143,0.1772379592350352,0.6467825488663393,59,89,False
ZFYVE19,1715.0,0.0003654679073184905,,False,-0.5435320227767922,-0.014157449398455,0.0,59,89,False
ZHX2,2361.0,0.3011808322630821,,False,-0.0424557788171943,-0.0254121376658611,0.0,59,89,False
ZNF75D,2093.0,0.03719819533883784,,False,-0.1951780097843497,0.1831457677873622,36.97797652934575,59,89,False
ZNF830,2918.0,0.2528057484699979,,False,0.0498463358101335,-0.1068335060797857,-35.03299695925565,59,89,False
ZNRD2,1951.0,0.008300652616089992,,False,-0.5059192941179507,0.0578112889906976,35.25086798386467,59,89,False
ZNRF4,2435.0,0.4568172478671143,,False,-0.1926992908639183,-0.0725529722810701,0.0,59,89,False
ZP3,2763.0,0.5915897162493684,,False,0.0775315524510022,0.103153932797115,0.4248882568050026,59,89,False
ZP4,3184.5,0.028062453144851732,,False,0.0011024441081177,-0.2640672793946736,-29.509843253856896,59,89,False
ZPR1,2615.0,0.9687603948226862,,False,-0.0248827206133543,-0.0419207523498147,0.0,59,89,False
Timepoint,2625.5,,,False,3.0,3.0,0.0,59,89,False
