{
  "tissue": "placenta",
  "timepoint": "all",
  "data_path": "/Users/kaysonyao/miniconda3/envs/PiekosLab/kaysonyao/data/cleaned/sop_omics_pipeline_v2/MTBL_placenta/MTBL_placenta_cleaned_with_metadata.csv",
  "outcome": "Complication",
  "complications_pooled": [
    "HDP",
    "FGR",
    "sPTB"
  ],
  "n_train": 78,
  "n_val": 17,
  "n_test": 17,
  "class_dist_train": {
    "control": 37,
    "complication": 41
  },
  "class_dist_val": {
    "control": 8,
    "complication": 9
  },
  "class_dist_test": {
    "control": 8,
    "complication": 9
  },
  "n_features_pretlasso": 2,
  "n_features_postlasso": 2,
  "best_model_val": "SVM",
  "best_val_pr_auc": 0.9254901960784314,
  "test_metrics": {
    "LogisticRegression": {
      "pr_auc": 0.850330687830688,
      "pr_auc_ci_low": 0.589040750915751,
      "pr_auc_ci_high": 0.9848484848484849,
      "roc_auc": 0.75,
      "roc_auc_ci_low": 0.44986111111111127,
      "roc_auc_ci_high": 0.983371212121212,
      "accuracy": 0.7058823529411765,
      "precision": 0.75,
      "recall": 0.6666666666666666,
      "f1": 0.7058823529411765,
      "n_test": 17
    },
    "RandomForest": {
      "pr_auc": 0.5882996632996633,
      "pr_auc_ci_low": 0.3547261904761906,
      "pr_auc_ci_high": 0.941687062937063,
      "roc_auc": 0.611111111111111,
      "roc_auc_ci_low": 0.25756493506493505,
      "roc_auc_ci_high": 0.888888888888889,
      "accuracy": 0.6470588235294118,
      "precision": 0.6363636363636364,
      "recall": 0.7777777777777778,
      "f1": 0.7,
      "n_test": 17
    },
    "XGBoost": {
      "pr_auc": 0.6761784511784512,
      "pr_auc_ci_low": 0.381948051948052,
      "pr_auc_ci_high": 0.9516666666666667,
      "roc_auc": 0.6666666666666666,
      "roc_auc_ci_low": 0.3269230769230769,
      "roc_auc_ci_high": 0.9166666666666666,
      "accuracy": 0.6470588235294118,
      "precision": 0.6666666666666666,
      "recall": 0.6666666666666666,
      "f1": 0.6666666666666666,
      "n_test": 17
    },
    "SVM": {
      "pr_auc": 0.8276787482669836,
      "pr_auc_ci_low": 0.5539700495582849,
      "pr_auc_ci_high": 0.9722222222222222,
      "roc_auc": 0.7083333333333335,
      "roc_auc_ci_low": 0.39984848484848495,
      "roc_auc_ci_high": 0.9615384615384616,
      "accuracy": 0.7058823529411765,
      "precision": 0.8333333333333334,
      "recall": 0.5555555555555556,
      "f1": 0.6666666666666666,
      "n_test": 17
    }
  }
}