{
  "model_params": {
    "LogisticRegression": {
      "C": 0.0745934328572655
    },
    "RandomForest": {
      "n_estimators": 271,
      "max_depth": 7,
      "min_samples_split": 13,
      "min_samples_leaf": 1,
      "max_features": "log2"
    },
    "XGBoost": {
      "n_estimators": 419,
      "max_depth": 7,
      "learning_rate": 0.16627650993056084,
      "subsample": 0.812998962413234,
      "colsample_bytree": 0.8521466223990664,
      "min_child_weight": 3,
      "gamma": 1.2877800957844054,
      "reg_alpha": 0.025663024443083073,
      "reg_lambda": 0.0010733845443432583
    },
    "SVM": {
      "C": 21.368329072358772,
      "gamma": "scale"
    }
  },
  "val_pr_auc": {
    "LogisticRegression": 0.9174093879976233,
    "RandomForest": 0.9252525252525254,
    "XGBoost": 0.877209772798008,
    "SVM": 0.9254901960784314
  }
}