{
  "tissue": "pss",
  "timepoint": "A",
  "outcomes": [
    "HDP",
    "FGR",
    "sPTB"
  ],
  "n_train": 250,
  "n_val": 54,
  "n_test": 54,
  "n_features_pretlasso": 11,
  "n_features_postlasso": 11,
  "best_model_val": "SVM",
  "best_val_macro_pr_auc": 0.185888485372272,
  "test_metrics": {
    "LogisticRegression": {
      "HDP": {
        "pr_auc": 0.2991431134534583,
        "roc_auc": 0.6704545454545455,
        "accuracy": 0.5925925925925926,
        "precision": 0.2692307692307692,
        "recall": 0.7,
        "f1": 0.3888888888888889
      },
      "FGR": {
        "pr_auc": 0.3724673202614379,
        "roc_auc": 0.73,
        "accuracy": 0.6666666666666666,
        "precision": 0.15,
        "recall": 0.75,
        "f1": 0.25
      },
      "sPTB": {
        "pr_auc": 0.33025415444770284,
        "roc_auc": 0.595,
        "accuracy": 0.6481481481481481,
        "precision": 0.10526315789473684,
        "recall": 0.5,
        "f1": 0.17391304347826086
      }
    },
    "RandomForest": {
      "HDP": {
        "pr_auc": 0.39525959855152404,
        "roc_auc": 0.6090909090909091,
        "accuracy": 0.6481481481481481,
        "precision": 0.2,
        "recall": 0.3,
        "f1": 0.24
      },
      "FGR": {
        "pr_auc": 0.3967391304347826,
        "roc_auc": 0.695,
        "accuracy": 0.8518518518518519,
        "precision": 0.25,
        "recall": 0.5,
        "f1": 0.3333333333333333
      },
      "sPTB": {
        "pr_auc": 0.06765406162464986,
        "roc_auc": 0.33999999999999997,
        "accuracy": 0.8888888888888888,
        "precision": 0.0,
        "recall": 0.0,
        "f1": 0.0
      }
    },
    "XGBoost": {
      "HDP": {
        "pr_auc": 0.21884179618087557,
        "roc_auc": 0.5363636363636364,
        "accuracy": 0.7222222222222222,
        "precision": 0.0,
        "recall": 0.0,
        "f1": 0.0
      },
      "FGR": {
        "pr_auc": 0.16586270871985156,
        "roc_auc": 0.635,
        "accuracy": 0.9259259259259259,
        "precision": 0.0,
        "recall": 0.0,
        "f1": 0.0
      },
      "sPTB": {
        "pr_auc": 0.22030651340996166,
        "roc_auc": 0.6849999999999999,
        "accuracy": 0.9259259259259259,
        "precision": 0.0,
        "recall": 0.0,
        "f1": 0.0
      }
    },
    "SVM": {
      "HDP": {
        "pr_auc": 0.13131324960888938,
        "roc_auc": 0.2090909090909091,
        "accuracy": 0.8703703703703703,
        "precision": 1.0,
        "recall": 0.3,
        "f1": 0.46153846153846156
      },
      "FGR": {
        "pr_auc": 0.0649341771162936,
        "roc_auc": 0.275,
        "accuracy": 0.4444444444444444,
        "precision": 0.09375,
        "recall": 0.75,
        "f1": 0.16666666666666666
      },
      "sPTB": {
        "pr_auc": 0.10970744680851063,
        "roc_auc": 0.4750000000000001,
        "accuracy": 0.5555555555555556,
        "precision": 0.08333333333333333,
        "recall": 0.5,
        "f1": 0.14285714285714285
      }
    }
  }
}