{
  "model_params": {
    "LogisticRegression": {
      "C": 0.0019517224641449498
    },
    "RandomForest": {
      "n_estimators": 255,
      "max_depth": 5,
      "min_samples_split": 4,
      "min_samples_leaf": 9,
      "max_features": "log2"
    },
    "XGBoost": {
      "n_estimators": 369,
      "max_depth": 2,
      "learning_rate": 0.4147225000481636,
      "subsample": 0.9162213204002109,
      "colsample_bytree": 0.6061695553391381,
      "min_child_weight": 2,
      "gamma": 0.9170225492671691,
      "reg_alpha": 0.00033205591037519585,
      "reg_lambda": 0.00420515645091387
    },
    "SVM": {
      "C": 0.05415244119402539,
      "gamma": "auto"
    }
  },
  "val_macro_pr_auc": {
    "LogisticRegression": 0.15638789606681652,
    "RandomForest": 0.15410761511599078,
    "XGBoost": 0.1816694394450007,
    "SVM": 0.185888485372272
  }
}