{
  "tissue": "plasma",
  "timepoint": "A",
  "data_path": "/sessions/zealous-sleepy-curie/mnt/kaysonyao/data/cleaned/sop_omics_pipeline_v2/MTBL_plasma/MTBL_plasma_suffix_A.csv",
  "outcome": "Complication",
  "complications_pooled": [
    "HDP",
    "FGR",
    "sPTB"
  ],
  "n_train": 93,
  "n_val": 20,
  "n_test": 20,
  "class_dist_train": {
    "control": 39,
    "complication": 54
  },
  "class_dist_val": {
    "control": 8,
    "complication": 12
  },
  "class_dist_test": {
    "control": 9,
    "complication": 11
  },
  "n_features_pretlasso": 502,
  "n_features_postlasso": 502,
  "best_model_val": "XGBoost",
  "best_val_pr_auc": 0.9791666666666669,
  "test_metrics": {
    "LogisticRegression": {
      "pr_auc": 0.9273199023199024,
      "pr_auc_ci_low": 0.7622164814352317,
      "pr_auc_ci_high": 1.0,
      "roc_auc": 0.9191919191919192,
      "roc_auc_ci_low": 0.739546130952381,
      "roc_auc_ci_high": 1.0,
      "accuracy": 0.75,
      "precision": 0.875,
      "recall": 0.6363636363636364,
      "f1": 0.7368421052631579,
      "n_test": 20
    },
    "RandomForest": {
      "pr_auc": 0.9777495232040687,
      "pr_auc_ci_low": 0.9142410714285714,
      "pr_auc_ci_high": 1.0,
      "roc_auc": 0.9696969696969697,
      "roc_auc_ci_low": 0.8852812500000002,
      "roc_auc_ci_high": 1.0,
      "accuracy": 0.85,
      "precision": 0.9,
      "recall": 0.8181818181818182,
      "f1": 0.8571428571428571,
      "n_test": 20
    },
    "XGBoost": {
      "pr_auc": 0.936151727060818,
      "pr_auc_ci_low": 0.8076271918317373,
      "pr_auc_ci_high": 1.0,
      "roc_auc": 0.9191919191919191,
      "roc_auc_ci_low": 0.7600000000000001,
      "roc_auc_ci_high": 1.0,
      "accuracy": 0.8,
      "precision": 0.8181818181818182,
      "recall": 0.8181818181818182,
      "f1": 0.8181818181818182,
      "n_test": 20
    },
    "SVM": {
      "pr_auc": 0.9924242424242424,
      "pr_auc_ci_low": 0.9523695054945056,
      "pr_auc_ci_high": 1.0,
      "roc_auc": 0.9898989898989898,
      "roc_auc_ci_low": 0.9393939393939394,
      "roc_auc_ci_high": 1.0,
      "accuracy": 0.9,
      "precision": 0.9090909090909091,
      "recall": 0.9090909090909091,
      "f1": 0.9090909090909091,
      "n_test": 20
    }
  }
}