{
  "tissue": "plasma",
  "timepoint": "B",
  "data_path": "/Users/kaysonyao/miniconda3/envs/PiekosLab/kaysonyao/data/cleaned/lipids/normalized_sliced_by_suffix/lipids_plasma_formatted_suffix_B.csv",
  "outcome": "Complication",
  "complications_pooled": [
    "HDP",
    "FGR",
    "sPTB"
  ],
  "n_train": 77,
  "n_val": 16,
  "n_test": 17,
  "class_dist_train": {
    "control": 38,
    "complication": 39
  },
  "class_dist_val": {
    "control": 8,
    "complication": 8
  },
  "class_dist_test": {
    "control": 8,
    "complication": 9
  },
  "n_features_pretlasso": 2436,
  "n_features_postlasso": 1075,
  "best_model_val": "SVM",
  "best_val_pr_auc": 0.6643044455544456,
  "test_metrics": {
    "LogisticRegression": {
      "pr_auc": 0.5481427523094189,
      "roc_auc": 0.4027777777777778,
      "accuracy": 0.4117647058823529,
      "precision": 0.42857142857142855,
      "recall": 0.3333333333333333,
      "f1": 0.375
    },
    "RandomForest": {
      "pr_auc": 0.6141039516039517,
      "roc_auc": 0.4444444444444444,
      "accuracy": 0.4117647058823529,
      "precision": 0.42857142857142855,
      "recall": 0.3333333333333333,
      "f1": 0.375
    },
    "XGBoost": {
      "pr_auc": 0.7746083618632638,
      "roc_auc": 0.6805555555555556,
      "accuracy": 0.7058823529411765,
      "precision": 0.7,
      "recall": 0.7777777777777778,
      "f1": 0.7368421052631579
    },
    "SVM": {
      "pr_auc": 0.680119825708061,
      "roc_auc": 0.6388888888888888,
      "accuracy": 0.47058823529411764,
      "precision": 0.0,
      "recall": 0.0,
      "f1": 0.0
    }
  }
}