{
  "tissue": "plasma",
  "timepoint": "A",
  "data_path": "/Users/kaysonyao/miniconda3/envs/PiekosLab/kaysonyao/data/cleaned/lipids/normalized_sliced_by_suffix/lipids_plasma_formatted_suffix_A.csv",
  "outcome": "Complication",
  "complications_pooled": [
    "HDP",
    "FGR",
    "sPTB"
  ],
  "n_train": 77,
  "n_val": 16,
  "n_test": 17,
  "class_dist_train": {
    "control": 38,
    "complication": 39
  },
  "class_dist_val": {
    "control": 8,
    "complication": 8
  },
  "class_dist_test": {
    "control": 8,
    "complication": 9
  },
  "n_features_pretlasso": 2436,
  "n_features_postlasso": 4,
  "best_model_val": "RandomForest",
  "best_val_pr_auc": 0.765625,
  "test_metrics": {
    "LogisticRegression": {
      "pr_auc": 0.4422169878052231,
      "roc_auc": 0.23611111111111113,
      "accuracy": 0.4117647058823529,
      "precision": 0.4,
      "recall": 0.2222222222222222,
      "f1": 0.2857142857142857
    },
    "RandomForest": {
      "pr_auc": 0.6150845523394544,
      "roc_auc": 0.375,
      "accuracy": 0.47058823529411764,
      "precision": 0.5,
      "recall": 0.3333333333333333,
      "f1": 0.4
    },
    "XGBoost": {
      "pr_auc": 0.6291938997821351,
      "roc_auc": 0.4027777777777778,
      "accuracy": 0.47058823529411764,
      "precision": 0.5,
      "recall": 0.3333333333333333,
      "f1": 0.4
    },
    "SVM": {
      "pr_auc": 0.5107228646444333,
      "roc_auc": 0.29166666666666663,
      "accuracy": 0.35294117647058826,
      "precision": 0.3333333333333333,
      "recall": 0.2222222222222222,
      "f1": 0.26666666666666666
    }
  }
}