{
  "model_params": {
    "LogisticRegression": {
      "C": 0.07459343285726547
    },
    "RandomForest": {
      "n_estimators": 147,
      "max_depth": 5,
      "min_samples_split": 6,
      "min_samples_leaf": 10,
      "max_features": "log2"
    },
    "XGBoost": {
      "n_estimators": 386,
      "max_depth": 7,
      "learning_rate": 0.01035488652477806,
      "subsample": 0.5201979882202252,
      "colsample_bytree": 0.7201219900800487,
      "min_child_weight": 3,
      "gamma": 1.1781567018493941,
      "reg_alpha": 0.033359591034429745,
      "reg_lambda": 3.908160782848161e-05
    },
    "SVM": {
      "C": 1.1400863701127326,
      "gamma": "scale"
    }
  },
  "val_pr_auc": {
    "LogisticRegression": 0.6447458791208791,
    "RandomForest": 0.765625,
    "XGBoost": 0.7489583333333333,
    "SVM": 0.730952380952381
  }
}