,analyte_ID,tissue,datatype,timepoint,control_median,control_MAD
D3-Creatinine-ISTD_POS,D3-Creatinine-ISTD_POS,plasma,MTBL,D,24.4790667838003,0.08810062900308324
p3823_POS,p3823_POS,plasma,MTBL,D,14.665962626468707,0.5454063557437347
p1690_POS,p1690_POS,plasma,MTBL,D,21.64892518497679,0.18501270244729717
p5795_POS,p5795_POS,plasma,MTBL,D,14.020877299729806,0.05444590341701616
p2942_POS,p2942_POS,plasma,MTBL,D,14.786338760397232,0.07109922633702048
"N-(1,3-benzodioxol-5-yl)-2-methyl-5-(piperidinosulfonyl)-3-furamide_POS","N-(1,3-benzodioxol-5-yl)-2-methyl-5-(piperidinosulfonyl)-3-furamide_POS",plasma,MTBL,D,13.708181499548331,0.19047812776255668
"N1-(alpha-D-ribosyl)-5,6-dimethyl-benzimidazole_POS","N1-(alpha-D-ribosyl)-5,6-dimethyl-benzimidazole_POS",plasma,MTBL,D,16.79660200960909,0.7979825797763294
p3174_POS,p3174_POS,plasma,MTBL,D,15.470748078390267,0.16866473287178252
Methoxsalen_POS,Methoxsalen_POS,plasma,MTBL,D,14.9025451577746,0.1790606397521044
n3688_NEG,n3688_NEG,plasma,MTBL,D,11.977602073344906,0.11143531255063355
p555_POS,p555_POS,plasma,MTBL,D,22.904602404711294,0.22028829004978512
"[6,7-dimethoxy-1-methyl-3,4-dihydro-2(1H)-isoquinolinyl](5-methyl-3-isoxazolyl)methanone_POS","[6,7-dimethoxy-1-methyl-3,4-dihydro-2(1H)-isoquinolinyl](5-methyl-3-isoxazolyl)methanone_POS",plasma,MTBL,D,13.605790133854796,0.13321809975342358
p5019_POS,p5019_POS,plasma,MTBL,D,15.681406736386965,0.14937711619197547
p3144_POS,p3144_POS,plasma,MTBL,D,18.395935493085084,0.42535603818964063
n2600_NEG,n2600_NEG,plasma,MTBL,D,16.45785784154646,0.44745251513017337
Caprolactam_POS,Caprolactam_POS,plasma,MTBL,D,19.369813457109274,0.605912201214112
p5568_POS,p5568_POS,plasma,MTBL,D,11.344121661489746,0.05455321425090354
p1608_POS,p1608_POS,plasma,MTBL,D,20.381819821984763,0.2190704769230365
p5015_POS,p5015_POS,plasma,MTBL,D,11.94281790132344,0.13260266717259395
p281_POS,p281_POS,plasma,MTBL,D,24.118602112516633,0.15727339775184923
Glucuronic acid sulfate_NEG,Glucuronic acid sulfate_NEG,plasma,MTBL,D,9.865449405893308,0.029120149403633278
p98_POS,p98_POS,plasma,MTBL,D,26.370671344615822,0.20317734343809768
p851_POS,p851_POS,plasma,MTBL,D,18.349713266257233,0.5350508671169365
Indoline_POS,Indoline_POS,plasma,MTBL,D,21.255994277767165,0.16914746437056571
p3519_POS,p3519_POS,plasma,MTBL,D,15.624517569780773,0.18665561591295177
Vaccenyl carnitine_POS,Vaccenyl carnitine_POS,plasma,MTBL,D,13.93506904451636,0.25377476598329185
Imidazoleacetic acid_POS,Imidazoleacetic acid_POS,plasma,MTBL,D,20.5055277523184,0.2523809424110386
p4974_POS,p4974_POS,plasma,MTBL,D,15.436578457362064,0.09037815042404418
p3473_POS,p3473_POS,plasma,MTBL,D,18.776868124149264,0.3941504150223363
p5162_POS,p5162_POS,plasma,MTBL,D,18.154211797541336,0.19269850749780026
Gluconolactone_POS,Gluconolactone_POS,plasma,MTBL,D,18.046433632861273,0.2970738255404779
p1485_POS,p1485_POS,plasma,MTBL,D,20.060842000130265,0.26838612299304465
p4351_POS,p4351_POS,plasma,MTBL,D,11.103926510867023,0.12428325458486089
p1605_POS,p1605_POS,plasma,MTBL,D,20.322869224788796,0.20110377618512487
n2589_NEG,n2589_NEG,plasma,MTBL,D,18.51230953147803,0.19935704317827785
p4096_POS,p4096_POS,plasma,MTBL,D,18.33812922476477,0.34684372577808453
p2057_POS,p2057_POS,plasma,MTBL,D,19.67075647855949,0.2541157578581643
Venlafaxine N-Oxide_POS,Venlafaxine N-Oxide_POS,plasma,MTBL,D,12.902822024501106,0.23204533513920111
p2825_POS,p2825_POS,plasma,MTBL,D,20.38839916007437,0.1843106113792672
p5080_POS,p5080_POS,plasma,MTBL,D,12.943047254007901,0.1568783049074609
p4193_POS,p4193_POS,plasma,MTBL,D,13.875594291795572,1.0464723987908222
Memnobotrin B_POS,Memnobotrin B_POS,plasma,MTBL,D,12.61132235474189,0.17694204813135794
p5561_POS,p5561_POS,plasma,MTBL,D,13.060547647372301,0.28140293424423124
n568_NEG,n568_NEG,plasma,MTBL,D,20.31589508454981,0.23256026856580547
p1828_POS,p1828_POS,plasma,MTBL,D,21.443334156806003,0.19272171812127148
N-Docosahexaenoyl GABA_POS,N-Docosahexaenoyl GABA_POS,plasma,MTBL,D,13.00183766452793,0.17481405860086152
p3967_POS,p3967_POS,plasma,MTBL,D,13.798106996356333,0.13661849827126193
p4275_POS,p4275_POS,plasma,MTBL,D,16.833453503289718,0.19900561974302455
p1167_POS,p1167_POS,plasma,MTBL,D,20.53356871056048,0.2503445901963417
p3082_POS,p3082_POS,plasma,MTBL,D,12.898143546919135,0.15773434697215283
p790_POS,p790_POS,plasma,MTBL,D,20.3751711207983,0.1674566657765073
p231_POS,p231_POS,plasma,MTBL,D,24.016795269163424,0.1872901529908919
n3923_NEG,n3923_NEG,plasma,MTBL,D,9.700032521363928,0.07839622189515083
p2723_POS,p2723_POS,plasma,MTBL,D,15.704123452236118,0.34178308113304734
p3243_POS,p3243_POS,plasma,MTBL,D,15.647448489149017,0.20695604936784484
n1345_NEG,n1345_NEG,plasma,MTBL,D,18.728797181336695,0.36771025532388
p2887_POS,p2887_POS,plasma,MTBL,D,18.333901689508025,0.14975127567459978
p5424_POS,p5424_POS,plasma,MTBL,D,10.756319065007485,0.12000260444157718
p4222_POS,p4222_POS,plasma,MTBL,D,17.722339497703935,0.08013638166082693
D3-Creatinine_POS,D3-Creatinine_POS,plasma,MTBL,D,24.45171367520824,0.12088496086631118
p207_POS,p207_POS,plasma,MTBL,D,25.578929799476562,0.12687181087570387
p959_POS,p959_POS,plasma,MTBL,D,20.59288705537356,0.23367283261195126
p5522_POS,p5522_POS,plasma,MTBL,D,12.896909884703204,0.2617671242928914
p4371_POS,p4371_POS,plasma,MTBL,D,16.245589284734876,0.14338410853384254
p3896_POS,p3896_POS,plasma,MTBL,D,18.720215648310095,0.15094934351985323
p5016_POS,p5016_POS,plasma,MTBL,D,15.163599908524574,0.0829875092245489
p3023_POS,p3023_POS,plasma,MTBL,D,11.433922375639533,0.12787018094411096
p3469_POS,p3469_POS,plasma,MTBL,D,15.05976472749062,0.5083087883651922
p131_POS,p131_POS,plasma,MTBL,D,24.058081295061218,0.2133456042552737
n537_NEG,n537_NEG,plasma,MTBL,D,22.659216088519038,0.13618750428561377
Galactitol_POS,Galactitol_POS,plasma,MTBL,D,18.497330833019205,0.5492067782753125
"1,2,3-Trihydroxybenzene_NEG","1,2,3-Trihydroxybenzene_NEG",plasma,MTBL,D,18.064578438598453,0.1669416235654495
p2234_POS,p2234_POS,plasma,MTBL,D,13.904792224157372,0.48665729754493636
p2448_POS,p2448_POS,plasma,MTBL,D,17.03591525515334,0.27555107296099024
p4097_POS,p4097_POS,plasma,MTBL,D,18.311524731967772,0.32948620077031876
Repinotan_POS,Repinotan_POS,plasma,MTBL,D,14.31337678813633,0.31868833442964295
p1519_POS,p1519_POS,plasma,MTBL,D,19.441789535179012,0.31111563697540134
p3498_POS,p3498_POS,plasma,MTBL,D,15.683383503013555,0.4809112335293797
n4_NEG,n4_NEG,plasma,MTBL,D,28.940634996277744,0.0657614158459161
n3757_NEG,n3757_NEG,plasma,MTBL,D,8.63172724242085,0.050981150241002915
p2690_POS,p2690_POS,plasma,MTBL,D,18.475124560639934,0.35259704010460347
p1192_POS,p1192_POS,plasma,MTBL,D,22.10137805263099,0.22985545025733067
n3849_NEG,n3849_NEG,plasma,MTBL,D,11.800153720356427,0.09189534725561455
n178_NEG,n178_NEG,plasma,MTBL,D,24.281017121335175,0.08766525881267029
p1815_POS,p1815_POS,plasma,MTBL,D,20.30021489145677,0.19333220387616912
p3707_POS,p3707_POS,plasma,MTBL,D,19.7420671735292,0.20014323709349213
p4375_POS,p4375_POS,plasma,MTBL,D,13.195392950372185,0.586664157656867
p300_POS,p300_POS,plasma,MTBL,D,24.779573327913475,0.23792274324594764
n3235_NEG,n3235_NEG,plasma,MTBL,D,12.787677128062441,0.08718372398204988
p1970_POS,p1970_POS,plasma,MTBL,D,17.79878798781967,0.37825764427544506
p5236_POS,p5236_POS,plasma,MTBL,D,14.64879052210145,0.16413991754294255
p132_POS,p132_POS,plasma,MTBL,D,25.136174894139934,0.15544317115298512
p2281_POS,p2281_POS,plasma,MTBL,D,19.038831126593163,0.3985810423828333
p1029_POS,p1029_POS,plasma,MTBL,D,20.469983121124834,0.36457773101787616
p1780_POS,p1780_POS,plasma,MTBL,D,18.386957000081146,0.3968301113972874
p145_POS,p145_POS,plasma,MTBL,D,26.080284241817488,0.11843844321196606
p903_POS,p903_POS,plasma,MTBL,D,20.027513186705566,0.16692262313692297
n2843_NEG,n2843_NEG,plasma,MTBL,D,15.356603568456382,0.20960871667250558
p1994_POS,p1994_POS,plasma,MTBL,D,20.063479600049924,0.19496068532687794
n2905_NEG,n2905_NEG,plasma,MTBL,D,17.655428540342484,0.31655462561883674
p3681_POS,p3681_POS,plasma,MTBL,D,17.60252846106664,0.39205790970441434
D-Glucose_POS,D-Glucose_POS,plasma,MTBL,D,27.225637083789035,0.166849705348886
p4965_POS,p4965_POS,plasma,MTBL,D,13.723995609469927,0.42768801809141
n1333_NEG,n1333_NEG,plasma,MTBL,D,20.50714592636949,0.15015484246801236
Dacarbazine_POS,Dacarbazine_POS,plasma,MTBL,D,15.34783739346309,0.6111818923059555
(R)-Salsolinol_POS,(R)-Salsolinol_POS,plasma,MTBL,D,13.128794389815045,0.2335596162506164
n2511_NEG,n2511_NEG,plasma,MTBL,D,18.179484052633356,0.3485873473380465
p4116_POS,p4116_POS,plasma,MTBL,D,14.80227611190956,0.09847506564157094
p4306_POS,p4306_POS,plasma,MTBL,D,12.676154730016219,0.16291176132623342
n33_NEG,n33_NEG,plasma,MTBL,D,27.557802824973272,0.10571229701846185
p800_POS,p800_POS,plasma,MTBL,D,21.001983663122694,0.12910390172862485
"1,1,1,2,2,3,3,10,10,11,11,12,12,12-Tetradecafluoro-5,8-diiodododecane_NEG","1,1,1,2,2,3,3,10,10,11,11,12,12,12-Tetradecafluoro-5,8-diiodododecane_NEG",plasma,MTBL,D,22.777562461322304,0.14461113188979802
D-threo-isocitrate_NEG,D-threo-isocitrate_NEG,plasma,MTBL,D,16.78458365180232,0.2715057442384712
Kijanimicin_POS,Kijanimicin_POS,plasma,MTBL,D,18.580776461249776,0.2872454645507627
p3732_POS,p3732_POS,plasma,MTBL,D,13.885987135950806,0.05313572832737723
n2637_NEG,n2637_NEG,plasma,MTBL,D,13.9236608612505,0.19749336409720986
p2499_POS,p2499_POS,plasma,MTBL,D,19.116748652620544,0.3688432477667103
p4517_POS,p4517_POS,plasma,MTBL,D,14.127240768856495,0.1389776559700211
1-(2-Hydroxyethyl-2-hydroxymethyl)-5-nitro-imidazole_POS,1-(2-Hydroxyethyl-2-hydroxymethyl)-5-nitro-imidazole_POS,plasma,MTBL,D,13.040125138016066,0.20648854724504417
δ-Valerolactam_POS,δ-Valerolactam_POS,plasma,MTBL,D,21.52299985005257,0.6639468167337519
p3186_POS,p3186_POS,plasma,MTBL,D,20.35148232059872,0.16616429876712502
n2627_NEG,n2627_NEG,plasma,MTBL,D,18.69382379704127,0.22359773480782152
p364_POS,p364_POS,plasma,MTBL,D,23.5289702398505,0.18196318407442114
p4248_POS,p4248_POS,plasma,MTBL,D,14.25879985699152,0.1814702633946501
n1822_NEG,n1822_NEG,plasma,MTBL,D,14.467551973334224,0.11671705728761239
3-hydroxynonanoyl carnitine_POS,3-hydroxynonanoyl carnitine_POS,plasma,MTBL,D,15.80411824976212,0.23632572675682084
p5029_POS,p5029_POS,plasma,MTBL,D,16.812908045710294,0.26377689680285776
p5119_POS,p5119_POS,plasma,MTBL,D,12.13302149813249,0.13887240720896799
p2569_POS,p2569_POS,plasma,MTBL,D,15.79110034817504,0.1738522517026002
Leucylproline_POS,Leucylproline_POS,plasma,MTBL,D,21.77845408331575,0.24037573445957605
p3932_POS,p3932_POS,plasma,MTBL,D,14.563649875617891,0.1560094664304028
2-Heptanethiol_POS,2-Heptanethiol_POS,plasma,MTBL,D,21.79121705220774,0.22246433340437655
Uracil analogue_POS,Uracil analogue_POS,plasma,MTBL,D,13.708463282392717,0.032712038642999985
p4131_POS,p4131_POS,plasma,MTBL,D,13.842009207351499,0.37589493251703665
p4467_POS,p4467_POS,plasma,MTBL,D,13.117893765463593,0.04439255876695469
p5640_POS,p5640_POS,plasma,MTBL,D,11.630002042590629,0.2522038174028811
Succinic acid semialdehyde_NEG,Succinic acid semialdehyde_NEG,plasma,MTBL,D,23.258511317516067,0.17020048133705679
p1275_POS,p1275_POS,plasma,MTBL,D,21.150606857809358,0.27426488559116
p1655_POS,p1655_POS,plasma,MTBL,D,15.215794158923341,0.4795017727026405
L-Iditol_POS,L-Iditol_POS,plasma,MTBL,D,19.833235815100426,0.4194777477866989
p3615_POS,p3615_POS,plasma,MTBL,D,13.516968959634688,0.1188482507962707
n319_NEG,n319_NEG,plasma,MTBL,D,23.400416486748313,0.08465781459240596
p4162_POS,p4162_POS,plasma,MTBL,D,14.332992403818457,0.1809151270196363
p5144_POS,p5144_POS,plasma,MTBL,D,12.355409283276783,0.31090004301157936
n3719_NEG,n3719_NEG,plasma,MTBL,D,15.476196191775845,0.34616811048248675
p4508_POS,p4508_POS,plasma,MTBL,D,17.15134718131658,0.38699443525713306
p2289_POS,p2289_POS,plasma,MTBL,D,15.09466152942357,0.12735143648594427
p1866_POS,p1866_POS,plasma,MTBL,D,19.786188976553216,0.24765895056798648
p3585_POS,p3585_POS,plasma,MTBL,D,18.526487717710644,0.281776865656731
p2540_POS,p2540_POS,plasma,MTBL,D,20.090015878150165,0.10203199047697353
p2827_POS,p2827_POS,plasma,MTBL,D,14.730370421992212,0.1399065263236725
p658_POS,p658_POS,plasma,MTBL,D,19.39713033290463,0.3479304296982093
p1452_POS,p1452_POS,plasma,MTBL,D,19.079829233669784,0.6475284914278951
L-Serine_NEG,L-Serine_NEG,plasma,MTBL,D,21.067015837886686,0.19152328031154475
p951_POS,p951_POS,plasma,MTBL,D,21.480478063156987,0.14645928513483852
p2896_POS,p2896_POS,plasma,MTBL,D,18.616948372781557,0.22386367560392628
N-Trifluoroacetyladriamycin_POS,N-Trifluoroacetyladriamycin_POS,plasma,MTBL,D,16.11734962541061,0.2838662681362756
"1H,1H-Perfluorononylamine_POS","1H,1H-Perfluorononylamine_POS",plasma,MTBL,D,12.138516246544075,0.061852356622983606
n3303_NEG,n3303_NEG,plasma,MTBL,D,11.747216936844703,0.1788003444787245
p1382_POS,p1382_POS,plasma,MTBL,D,19.996331420192035,0.2859513059937768
p2909_POS,p2909_POS,plasma,MTBL,D,17.285702515244182,0.43525430885696004
p2168_POS,p2168_POS,plasma,MTBL,D,18.93429337241856,0.1436600526734857
p5622_POS,p5622_POS,plasma,MTBL,D,13.004253141695475,0.18435299055114918
"5-({[3-chloro-5-(trifluoromethyl)-2-pyridyl]methyl}thio)-4-pentyl-4H-1,2,4-triazol-3-ol_POS","5-({[3-chloro-5-(trifluoromethyl)-2-pyridyl]methyl}thio)-4-pentyl-4H-1,2,4-triazol-3-ol_POS",plasma,MTBL,D,9.694050254922306,0.033090322590526355
n2663_NEG,n2663_NEG,plasma,MTBL,D,18.587456476189246,0.166339172972366
p426_POS,p426_POS,plasma,MTBL,D,22.055350501682526,0.2015266853254989
p824_POS,p824_POS,plasma,MTBL,D,21.878357429322772,0.2143108272587746
p1008_POS,p1008_POS,plasma,MTBL,D,18.133069206875454,0.2635971965381696
p1692_POS,p1692_POS,plasma,MTBL,D,20.913590499984146,0.23449090870918177
n416_NEG,n416_NEG,plasma,MTBL,D,23.20191942205731,0.1348696567865879
p2855_POS,p2855_POS,plasma,MTBL,D,19.322806670054213,0.18375599801387388
p1435_POS,p1435_POS,plasma,MTBL,D,22.052605746679752,0.21185051974714497
"6-Chloro-N2,N3-diethylquinoxaline-2,3-diamine_POS","6-Chloro-N2,N3-diethylquinoxaline-2,3-diamine_POS",plasma,MTBL,D,10.786750404131176,0.12930377642665736
p5751_POS,p5751_POS,plasma,MTBL,D,14.965673318079144,0.33454563040739416
n3892_NEG,n3892_NEG,plasma,MTBL,D,10.131474665530238,0.033128286310718735
p3176_POS,p3176_POS,plasma,MTBL,D,18.61630914932227,0.2899667029864368
Triethylene Glycol Monomethyl Ether_POS,Triethylene Glycol Monomethyl Ether_POS,plasma,MTBL,D,16.61367122161157,0.15377325744301196
p5062_POS,p5062_POS,plasma,MTBL,D,14.717077021703325,0.16267692950580503
D-(-)-Mannitol_NEG,D-(-)-Mannitol_NEG,plasma,MTBL,D,19.74977304605873,0.4694732591445572
p1125_POS,p1125_POS,plasma,MTBL,D,21.330484762094194,0.2604265089201867
Penicillactam_POS,Penicillactam_POS,plasma,MTBL,D,17.025577741770334,0.3200255531432159
Norepinephrine sulfate_POS,Norepinephrine sulfate_POS,plasma,MTBL,D,14.893285497325142,0.05792376462474369
3-Oxalomalic acid_POS,3-Oxalomalic acid_POS,plasma,MTBL,D,18.49803562514179,0.3142113240775295
n2862_NEG,n2862_NEG,plasma,MTBL,D,16.01947872877617,0.14335941189115253
p5406_POS,p5406_POS,plasma,MTBL,D,13.121925703897372,0.18025982180057998
p2850_POS,p2850_POS,plasma,MTBL,D,12.964014156003621,0.04181712809977789
p4818_POS,p4818_POS,plasma,MTBL,D,13.929665741454322,0.31729125992051
"5,5-dimethyl-2-{[(2-phenylacetyl)amino]methyl}-1,3-thiazolane-4-carboxylic acid_POS","5,5-dimethyl-2-{[(2-phenylacetyl)amino]methyl}-1,3-thiazolane-4-carboxylic acid_POS",plasma,MTBL,D,13.855631021812528,0.15156910281667546
2-Amino-3-methyl-1-butanol_POS,2-Amino-3-methyl-1-butanol_POS,plasma,MTBL,D,22.85939976820869,0.33398809485341907
p759_POS,p759_POS,plasma,MTBL,D,18.837854833758033,0.23200489379211042
p4520_POS,p4520_POS,plasma,MTBL,D,17.28987929049144,0.12247504477260485
NP-022470_POS,NP-022470_POS,plasma,MTBL,D,13.913587228626668,0.15189420834415124
3-Deoxyglucosone_NEG,3-Deoxyglucosone_NEG,plasma,MTBL,D,23.843770305363954,0.15601257814097202
Bupropion hydrochloride_POS,Bupropion hydrochloride_POS,plasma,MTBL,D,14.998559643479918,0.12669150941146512
p3051_POS,p3051_POS,plasma,MTBL,D,15.884567038111271,0.3248281652311249
p4961_POS,p4961_POS,plasma,MTBL,D,14.377041673379512,0.22825466359123592
p2574_POS,p2574_POS,plasma,MTBL,D,15.120221382852986,0.3070558697499184
p1316_POS,p1316_POS,plasma,MTBL,D,19.37878123170026,0.2199252908211946
n2173_NEG,n2173_NEG,plasma,MTBL,D,19.277274740434123,0.1857728787884536
N-(2-Hydroxypropyl)valine_POS,N-(2-Hydroxypropyl)valine_POS,plasma,MTBL,D,16.905232191899884,0.3188443238262497
Aptaa-lhrh_POS,Aptaa-lhrh_POS,plasma,MTBL,D,20.76785017608595,0.23429356168610482
p3135_POS,p3135_POS,plasma,MTBL,D,18.01653854789861,0.2106661551149891
p3183_POS,p3183_POS,plasma,MTBL,D,14.119735822104722,0.12340474124179135
"(2S,3R)-3-Hydroxy-2-methylbutanoic acid_POS","(2S,3R)-3-Hydroxy-2-methylbutanoic acid_POS",plasma,MTBL,D,16.369583870951978,0.0663568303542057
p4972_POS,p4972_POS,plasma,MTBL,D,14.416044216218838,0.1601702973812973
p5580_POS,p5580_POS,plasma,MTBL,D,12.806560314671374,0.12011356467967804
p1952_POS,p1952_POS,plasma,MTBL,D,16.77154226719845,0.2188941958681081
p2323_POS,p2323_POS,plasma,MTBL,D,18.896766910241624,0.4631021105852149
p3421_POS,p3421_POS,plasma,MTBL,D,18.57971728557341,0.31317497416609186
p1292_POS,p1292_POS,plasma,MTBL,D,20.91145785075186,0.25303666109817335
"6-Chloro-2,3,4,5-tetrahydro-1H-3-benzazepine_NEG","6-Chloro-2,3,4,5-tetrahydro-1H-3-benzazepine_NEG",plasma,MTBL,D,21.794190420087446,0.16822126903092638
"5S,6S-epoxy-15R-hydroxy-ETE_POS","5S,6S-epoxy-15R-hydroxy-ETE_POS",plasma,MTBL,D,18.228685546479866,0.08444667281807128
p3546_POS,p3546_POS,plasma,MTBL,D,15.659937938465271,0.24507809815379655
p388_POS,p388_POS,plasma,MTBL,D,23.29649153791454,0.1744786329969763
n1179_NEG,n1179_NEG,plasma,MTBL,D,21.37337085511374,0.1155550616803449
n530_NEG,n530_NEG,plasma,MTBL,D,21.798440095325013,0.1299096915127418
p841_POS,p841_POS,plasma,MTBL,D,19.003448813942754,0.2520213600052994
n519_NEG,n519_NEG,plasma,MTBL,D,22.77750511979898,0.14492459796674773
p3536_POS,p3536_POS,plasma,MTBL,D,18.876423523431036,0.28400954630934017
n2003_NEG,n2003_NEG,plasma,MTBL,D,16.85593908537036,0.18490413079587853
"1-(4-methylphenyl)-3,5-diphenylpent-2-ene-1,5-dione_POS","1-(4-methylphenyl)-3,5-diphenylpent-2-ene-1,5-dione_POS",plasma,MTBL,D,12.769742964588891,0.12034107005391359
"(4E)-3-Hydroxy-2,4-dimethyl-4-heptenamide_POS","(4E)-3-Hydroxy-2,4-dimethyl-4-heptenamide_POS",plasma,MTBL,D,14.282090168132786,0.044260920778296686
n1782_NEG,n1782_NEG,plasma,MTBL,D,19.077092733085557,0.3052455806994452
p4486_POS,p4486_POS,plasma,MTBL,D,16.66759590917433,0.4349122808179171
3-Hydroxymepivacaine_POS,3-Hydroxymepivacaine_POS,plasma,MTBL,D,15.261817159578609,0.2194153252536033
p5350_POS,p5350_POS,plasma,MTBL,D,12.800909014639384,0.13810571600346577
n3547_NEG,n3547_NEG,plasma,MTBL,D,12.191664177662233,0.062152350881820695
Nematophin_POS,Nematophin_POS,plasma,MTBL,D,13.142455821733705,0.253518812704117
p5600_POS,p5600_POS,plasma,MTBL,D,10.783062133745322,0.030752944294715867
NP-020240_POS,NP-020240_POS,plasma,MTBL,D,12.666529970004241,0.026853903150309222
p4633_POS,p4633_POS,plasma,MTBL,D,15.222264556326596,0.17811736069786743
n2882_NEG,n2882_NEG,plasma,MTBL,D,12.97988722282931,0.04007055757922995
Normethadone_POS,Normethadone_POS,plasma,MTBL,D,11.908950559182422,0.23819320960956514
p295_POS,p295_POS,plasma,MTBL,D,24.373484299498386,0.1194508885009462
p1289_POS,p1289_POS,plasma,MTBL,D,22.1353215683606,0.13543152483980592
p1658_POS,p1658_POS,plasma,MTBL,D,21.692262199471564,0.17362607398955987
p3295_POS,p3295_POS,plasma,MTBL,D,20.066374399786493,0.10914083196634472
n1637_NEG,n1637_NEG,plasma,MTBL,D,19.897548756848543,0.1603751736860115
n17_NEG,n17_NEG,plasma,MTBL,D,27.87404874429827,0.06496962817588603
p2792_POS,p2792_POS,plasma,MTBL,D,15.340876529032647,0.21465397893622118
"1-Phenyl-1H-pyrazolo[3,4-d]pyrimidin-4-amine_POS","1-Phenyl-1H-pyrazolo[3,4-d]pyrimidin-4-amine_POS",plasma,MTBL,D,11.879800512800895,0.03240145138177741
p3224_POS,p3224_POS,plasma,MTBL,D,19.005638461740197,0.2516811506686185
n1518_NEG,n1518_NEG,plasma,MTBL,D,20.10921905509239,0.15388609846560009
p4747_POS,p4747_POS,plasma,MTBL,D,15.724821286553176,0.20165610071210072
n3205_NEG,n3205_NEG,plasma,MTBL,D,16.963415450260435,0.33661327793230456
NP-022229_POS,NP-022229_POS,plasma,MTBL,D,14.663519801630152,0.16270916558677673
p491_POS,p491_POS,plasma,MTBL,D,23.07346517864518,0.17119459157826356
Indene_POS,Indene_POS,plasma,MTBL,D,16.642394994902038,0.04590636274078541
D-(-)-Glutamine_NEG,D-(-)-Glutamine_NEG,plasma,MTBL,D,24.354660123699063,0.19514793357529925
p489_POS,p489_POS,plasma,MTBL,D,23.07346517864518,0.17119459157826356
n793_NEG,n793_NEG,plasma,MTBL,D,15.074760779482293,0.3087330176837124
p1893_POS,p1893_POS,plasma,MTBL,D,19.514024575397936,0.33224697135555203
p911_POS,p911_POS,plasma,MTBL,D,22.691011721158503,0.15409812811012813
Diethylaminoethyl-Sephacel_POS,Diethylaminoethyl-Sephacel_POS,plasma,MTBL,D,15.762204951281085,0.12399969446875403
p5434_POS,p5434_POS,plasma,MTBL,D,13.576682253112411,0.25186310669137413
p1241_POS,p1241_POS,plasma,MTBL,D,21.41641975791815,0.17644086033286754
p3985_POS,p3985_POS,plasma,MTBL,D,17.343770989965577,0.23494194362767118
n2287_NEG,n2287_NEG,plasma,MTBL,D,19.33710564563427,0.31532058095403137
p275_POS,p275_POS,plasma,MTBL,D,25.03963155824409,0.1300160568121953
Norlidocaine_POS,Norlidocaine_POS,plasma,MTBL,D,16.953351423139207,0.11634441722930511
p3140_POS,p3140_POS,plasma,MTBL,D,12.642412773063407,0.07955147121163275
p5067_POS,p5067_POS,plasma,MTBL,D,17.996409553188432,0.13374507402950897
p803_POS,p803_POS,plasma,MTBL,D,22.62013245518495,0.22254861014570437
n2915_NEG,n2915_NEG,plasma,MTBL,D,9.900215362256827,0.057756581567170784
Ethyl N2-acetyl-L-argininate_POS,Ethyl N2-acetyl-L-argininate_POS,plasma,MTBL,D,13.485695331674439,0.02732114585057932
p2674_POS,p2674_POS,plasma,MTBL,D,16.67952171533097,0.2258985501091697
p1103_POS,p1103_POS,plasma,MTBL,D,15.147774118641141,0.11067664749184392
p5313_POS,p5313_POS,plasma,MTBL,D,12.970286647021542,0.15267616037943466
Sunitinib_POS,Sunitinib_POS,plasma,MTBL,D,12.456454828437149,0.2418341207442758
p4929_POS,p4929_POS,plasma,MTBL,D,12.876491325312465,0.18348070282761775
p2153_POS,p2153_POS,plasma,MTBL,D,20.86980113420551,0.16611634441249734
p3302_POS,p3302_POS,plasma,MTBL,D,12.594848694325773,0.13349745633786547
(E)-3-(2-(1H-Tetrazol-5-YL)vinyl)-6-fluoro-1H-indole_POS,(E)-3-(2-(1H-Tetrazol-5-YL)vinyl)-6-fluoro-1H-indole_POS,plasma,MTBL,D,13.211913217764625,0.2716648688921257
Norfentanyl_POS,Norfentanyl_POS,plasma,MTBL,D,13.777323209017442,0.23368273370725934
p2386_POS,p2386_POS,plasma,MTBL,D,20.231041373824322,0.10355576016881862
p5174_POS,p5174_POS,plasma,MTBL,D,17.949832345445824,0.09085577502823483
p5231_POS,p5231_POS,plasma,MTBL,D,13.581568836766442,0.12359392277687942
p5766_POS,p5766_POS,plasma,MTBL,D,10.49341823863915,0.027790239752494728
p2783_POS,p2783_POS,plasma,MTBL,D,19.189376923420433,0.32046832783962564
p5535_POS,p5535_POS,plasma,MTBL,D,15.731725182266759,0.3083481004765609
p3206_POS,p3206_POS,plasma,MTBL,D,18.79187919841167,0.35160615953999397
p2422_POS,p2422_POS,plasma,MTBL,D,15.673593782494525,0.253894807953162
p2660_POS,p2660_POS,plasma,MTBL,D,20.167261866314604,0.3117536774944707
"1-(Benzylamino)-3-(3,4-dimethylphenoxy)propan-2-ol_POS","1-(Benzylamino)-3-(3,4-dimethylphenoxy)propan-2-ol_POS",plasma,MTBL,D,15.035236441661675,0.2530142459268472
p2703_POS,p2703_POS,plasma,MTBL,D,19.98610223315091,0.1801292276088624
n1054_NEG,n1054_NEG,plasma,MTBL,D,21.429436958225438,0.2798055082237667
n2697_NEG,n2697_NEG,plasma,MTBL,D,18.65399074659345,0.24311714162081977
p2292_POS,p2292_POS,plasma,MTBL,D,15.576616336228817,0.13557586521374887
p2420_POS,p2420_POS,plasma,MTBL,D,15.61446261012428,0.2568732811944434
Dinorcapsaicin_POS,Dinorcapsaicin_POS,plasma,MTBL,D,13.214514581545709,0.0610988573709319
Clopidol_POS,Clopidol_POS,plasma,MTBL,D,15.975155106554913,0.21722332508107645
p5038_POS,p5038_POS,plasma,MTBL,D,11.341481474088262,0.10868535569031668
p1743_POS,p1743_POS,plasma,MTBL,D,17.826979292346692,0.3580777209258148
p3392_POS,p3392_POS,plasma,MTBL,D,12.919054529216773,0.1347872832110948
p1816_POS,p1816_POS,plasma,MTBL,D,20.292078099749673,0.1973009234678944
p1860_POS,p1860_POS,plasma,MTBL,D,19.92460456535692,0.28685967201440477
p4778_POS,p4778_POS,plasma,MTBL,D,13.466519524522816,0.2864249730069437
p2790_POS,p2790_POS,plasma,MTBL,D,15.673776770819327,0.17764442855759377
p239_POS,p239_POS,plasma,MTBL,D,23.445178218126994,0.2611678454588162
p4687_POS,p4687_POS,plasma,MTBL,D,12.455854471450198,0.03729761720610192
"4:2 fluorotelomer thia hydroxy propyl trimethyl ammonium;4:2 fluorotelomer thia hydroxy propyl trimethyl ammonium;fluorotelomer thiohydroxyl ammonium (Backe, D'Agostino, Meija-Avedano), X:2 fluorotelomer thioether 2-propanol trimethyl quaternary amine_POS","4:2 fluorotelomer thia hydroxy propyl trimethyl ammonium;4:2 fluorotelomer thia hydroxy propyl trimethyl ammonium;fluorotelomer thiohydroxyl ammonium (Backe, D'Agostino, Meija-Avedano), X:2 fluorotelomer thioether 2-propanol trimethyl quaternary amine_POS",plasma,MTBL,D,14.377593169800429,0.21509248591247943
p4764_POS,p4764_POS,plasma,MTBL,D,18.375254040997962,0.3030690469863746
p2860_POS,p2860_POS,plasma,MTBL,D,15.503277885135235,0.3799491980577887
p3101_POS,p3101_POS,plasma,MTBL,D,15.838040954939505,0.2887188881966303
n1642_NEG,n1642_NEG,plasma,MTBL,D,19.60469813716299,0.18679859794096032
p3116_POS,p3116_POS,plasma,MTBL,D,17.861613482747067,0.19148283071609384
p2565_POS,p2565_POS,plasma,MTBL,D,16.299534954882038,0.1640096593379905
p150_POS,p150_POS,plasma,MTBL,D,23.018209660107985,0.3233324107398765
n818_NEG,n818_NEG,plasma,MTBL,D,21.428178500661872,0.16968605569861772
p4850_POS,p4850_POS,plasma,MTBL,D,15.276904856820408,0.2554158023070707
p5409_POS,p5409_POS,plasma,MTBL,D,13.373384116485706,0.3335434727100166
p4656_POS,p4656_POS,plasma,MTBL,D,13.920641390113072,0.1720308926776184
"3'-Glucosyl-2',4',6'-trihydroxyacetophenone_NEG","3'-Glucosyl-2',4',6'-trihydroxyacetophenone_NEG",plasma,MTBL,D,12.98814209667632,0.1944664938306806
n2392_NEG,n2392_NEG,plasma,MTBL,D,15.105230096386517,0.2692417979917865
p4777_POS,p4777_POS,plasma,MTBL,D,16.46343899400977,0.18334449618555837
p1072_POS,p1072_POS,plasma,MTBL,D,14.655303365129654,0.20003273069140448
p4707_POS,p4707_POS,plasma,MTBL,D,14.585520167707266,0.18085256340632494
n1124_NEG,n1124_NEG,plasma,MTBL,D,21.769932089465573,0.12578276622710938
n3625_NEG,n3625_NEG,plasma,MTBL,D,12.986579570619142,0.11525422320495515
n2560_NEG,n2560_NEG,plasma,MTBL,D,18.356311005985585,0.30132457760644016
p4279_POS,p4279_POS,plasma,MTBL,D,17.37668197050275,0.2193796611416463
p2388_POS,p2388_POS,plasma,MTBL,D,20.24544830812156,0.09634420590956694
p2946_POS,p2946_POS,plasma,MTBL,D,15.928349254427715,0.4370321733040754
p4627_POS,p4627_POS,plasma,MTBL,D,15.479082655346009,0.8455825961929158
Choline_POS,Choline_POS,plasma,MTBL,D,24.28648523690265,0.26990406969960645
p3487_POS,p3487_POS,plasma,MTBL,D,18.664772462273817,0.2578449499363771
p5757_POS,p5757_POS,plasma,MTBL,D,11.149549982286235,0.12428325458485912
p2821_POS,p2821_POS,plasma,MTBL,D,19.091752194553415,0.22727769092443495
p81_POS,p81_POS,plasma,MTBL,D,25.75584918240459,0.13839172421989332
p4173_POS,p4173_POS,plasma,MTBL,D,18.82230804789048,0.33041352735008545
"4-methoxyphenyl 3,5-dimethyl-1-phenyl-1H-pyrazole-4-carboxylate_POS","4-methoxyphenyl 3,5-dimethyl-1-phenyl-1H-pyrazole-4-carboxylate_POS",plasma,MTBL,D,12.281945458800223,0.15372814109462674
n370_NEG,n370_NEG,plasma,MTBL,D,23.589358944084033,0.14295990669931946
p2083_POS,p2083_POS,plasma,MTBL,D,20.152277073732876,0.18674415313138404
n1771_NEG,n1771_NEG,plasma,MTBL,D,19.38575494783263,0.1689303460756708
p4768_POS,p4768_POS,plasma,MTBL,D,13.139556294579375,0.9253270532442377
p5247_POS,p5247_POS,plasma,MTBL,D,11.817652984410184,0.08948054249128834
Acrylic acid_NEG,Acrylic acid_NEG,plasma,MTBL,D,21.227771554720935,0.13592370117787844
p1714_POS,p1714_POS,plasma,MTBL,D,19.44308466480637,0.15810471245440105
p4608_POS,p4608_POS,plasma,MTBL,D,14.025159495264713,0.25286656841073807
4-Aminobenzoic acid_POS,4-Aminobenzoic acid_POS,plasma,MTBL,D,19.503244371743012,1.0597718506654612
p1100_POS,p1100_POS,plasma,MTBL,D,20.683930137303264,0.24128848538907377
n2798_NEG,n2798_NEG,plasma,MTBL,D,18.27446732866596,0.211932020150277
p5275_POS,p5275_POS,plasma,MTBL,D,13.537692257287965,0.17051937605809808
p2154_POS,p2154_POS,plasma,MTBL,D,20.925273761099177,0.13158493135547822
n1123_NEG,n1123_NEG,plasma,MTBL,D,21.380521506692954,0.13589024527648697
n1421_NEG,n1421_NEG,plasma,MTBL,D,20.60605636641307,0.21480095029289892
n3101_NEG,n3101_NEG,plasma,MTBL,D,17.933747840367936,0.2276533261798761
p1344_POS,p1344_POS,plasma,MTBL,D,20.157957871839933,0.25387480400837426
n606_NEG,n606_NEG,plasma,MTBL,D,21.487261843489236,0.15515101887059224
p5410_POS,p5410_POS,plasma,MTBL,D,13.63750279316331,0.15560070318535324
p5031_POS,p5031_POS,plasma,MTBL,D,14.6277528542585,0.1164382724917763
n644_NEG,n644_NEG,plasma,MTBL,D,22.385877447447697,0.2110894510161252
p2191_POS,p2191_POS,plasma,MTBL,D,18.89857378878325,0.45355416271558013
"2-Methyl-N-(3-morpholinopropyl)-1,5-diphenyl-1H-pyrrole-3-carboxamide_POS","2-Methyl-N-(3-morpholinopropyl)-1,5-diphenyl-1H-pyrrole-3-carboxamide_POS",plasma,MTBL,D,11.775407651026633,0.05610306703710055
p3491_POS,p3491_POS,plasma,MTBL,D,13.933064680597209,0.1785152662835694
p4584_POS,p4584_POS,plasma,MTBL,D,18.418141437531645,0.1770438455352572
Acetyl-β-methylcholine_POS,Acetyl-β-methylcholine_POS,plasma,MTBL,D,19.13873972943151,0.4299156429878437
p2986_POS,p2986_POS,plasma,MTBL,D,16.480875931164263,0.367484334184196
Valine_POS,Valine_POS,plasma,MTBL,D,26.450723594910457,0.1948403573184354
p4920_POS,p4920_POS,plasma,MTBL,D,13.1180969539461,0.04194067068663365
p3155_POS,p3155_POS,plasma,MTBL,D,15.108351205076774,0.14531719970672263
Proline_POS,Proline_POS,plasma,MTBL,D,25.791853654913456,0.3067857394411053
p4187_POS,p4187_POS,plasma,MTBL,D,13.606974915897059,0.047204416370949076
p3156_POS,p3156_POS,plasma,MTBL,D,13.243602413843195,0.04547980988588751
"1-{4-[(3S)-3-(5-Phenyl-1,3,4-oxadiazol-2-yl)-1-pyrrolidinyl]-1-piperidinyl}ethanone_POS","1-{4-[(3S)-3-(5-Phenyl-1,3,4-oxadiazol-2-yl)-1-pyrrolidinyl]-1-piperidinyl}ethanone_POS",plasma,MTBL,D,12.768750300294489,0.16770249433327145
p5686_POS,p5686_POS,plasma,MTBL,D,11.272352525029405,0.1392112247958881
p1242_POS,p1242_POS,plasma,MTBL,D,22.224436915732966,0.13534786617243988
p2789_POS,p2789_POS,plasma,MTBL,D,15.463077055361811,0.21256324017544337
p2612_POS,p2612_POS,plasma,MTBL,D,19.016610908326353,0.32947966330664613
Tanomastat_NEG,Tanomastat_NEG,plasma,MTBL,D,16.58904299076204,0.2869058514923708
n2883_NEG,n2883_NEG,plasma,MTBL,D,14.632731400902625,0.3274148954334928
n622_NEG,n622_NEG,plasma,MTBL,D,22.467407429064284,0.1765260511198825
p4264_POS,p4264_POS,plasma,MTBL,D,13.616731227820136,0.12161921619405902
p1853_POS,p1853_POS,plasma,MTBL,D,20.62307527124411,0.10396838836477862
p4772_POS,p4772_POS,plasma,MTBL,D,14.34808246564717,0.2686541935521074
p4461_POS,p4461_POS,plasma,MTBL,D,12.143943804652732,0.07033709459145854
Cocaine_POS,Cocaine_POS,plasma,MTBL,D,15.192697650403346,0.30397254042032706
p5776_POS,p5776_POS,plasma,MTBL,D,10.721255736083346,0.19005393959421646
2-Furanmethanol_POS,2-Furanmethanol_POS,plasma,MTBL,D,17.242652566378105,0.22220453323324918
p1063_POS,p1063_POS,plasma,MTBL,D,21.455625696489214,0.2505237119783441
p5212_POS,p5212_POS,plasma,MTBL,D,12.486016623692038,0.03809378654629647
p5731_POS,p5731_POS,plasma,MTBL,D,15.267613366099749,0.04760597031956326
(S)-(+)-2-Amino-1-propanol_POS,(S)-(+)-2-Amino-1-propanol_POS,plasma,MTBL,D,19.35401266610583,0.4959948370584506
p4287_POS,p4287_POS,plasma,MTBL,D,12.534212714390687,0.12507853806075264
p4378_POS,p4378_POS,plasma,MTBL,D,18.010160202285864,0.272822574284044
p3794_POS,p3794_POS,plasma,MTBL,D,13.317497843080908,0.04381630226590527
D3-Alanine-ISTD_POS,D3-Alanine-ISTD_POS,plasma,MTBL,D,22.092458000077695,0.10796523376565936
p2868_POS,p2868_POS,plasma,MTBL,D,18.976421060518675,0.3310309755121814
Acetylhomoserine_POS,Acetylhomoserine_POS,plasma,MTBL,D,19.571256508012176,0.23881359934825674
p2170_POS,p2170_POS,plasma,MTBL,D,19.971560669086145,0.27740970336576254
n3603_NEG,n3603_NEG,plasma,MTBL,D,12.20424491231864,0.03521831108944529
p4111_POS,p4111_POS,plasma,MTBL,D,17.020752059347203,0.18418528352894192
p3610_POS,p3610_POS,plasma,MTBL,D,18.126643012402386,0.3401701878519141
Ethephon_POS,Ethephon_POS,plasma,MTBL,D,19.159676402350875,0.14172441714037376
p448_POS,p448_POS,plasma,MTBL,D,23.062296212619877,0.17013955154081017
p2522_POS,p2522_POS,plasma,MTBL,D,14.973988460563461,0.2285668830527099
p3802_POS,p3802_POS,plasma,MTBL,D,18.891501252800957,0.4163916739433837
p897_POS,p897_POS,plasma,MTBL,D,21.152029964085415,0.282629720341971
p1098_POS,p1098_POS,plasma,MTBL,D,19.863193738444586,0.3297119868228471
Triisobutyl phosphate_POS,Triisobutyl phosphate_POS,plasma,MTBL,D,12.202057819223135,0.14662670695942204
p5512_POS,p5512_POS,plasma,MTBL,D,13.210316516827483,0.163583713013697
p5415_POS,p5415_POS,plasma,MTBL,D,12.672879711290289,0.13039282376154127
2-Hydroxy-4-oxopentanoic acid_NEG,2-Hydroxy-4-oxopentanoic acid_NEG,plasma,MTBL,D,21.91737099184325,0.1600336956006494
p3425_POS,p3425_POS,plasma,MTBL,D,18.581767871267985,0.25898507501760193
p3943_POS,p3943_POS,plasma,MTBL,D,18.478419487018392,0.1726526191758584
p5106_POS,p5106_POS,plasma,MTBL,D,12.055651330792836,0.03197199408411855
p4524_POS,p4524_POS,plasma,MTBL,D,14.149728258684512,0.16814249846135798
p554_POS,p554_POS,plasma,MTBL,D,22.90392475885361,0.21961064419209997
"Bis(dethio)-10a-methylthio-3a-deoxy-3,3a-didehydrogliotoxin_POS","Bis(dethio)-10a-methylthio-3a-deoxy-3,3a-didehydrogliotoxin_POS",plasma,MTBL,D,15.047849763829287,0.1194914980140167
p3947_POS,p3947_POS,plasma,MTBL,D,14.465727037725028,0.1375124311146605
p3690_POS,p3690_POS,plasma,MTBL,D,14.0790773764279,0.06963767699246404
p3366_POS,p3366_POS,plasma,MTBL,D,18.563745708644735,0.35696486474238576
Methylone_POS,Methylone_POS,plasma,MTBL,D,13.842938749618101,0.27067971081708286
p100_POS,p100_POS,plasma,MTBL,D,26.360997514068337,0.2035870416070189
4-Acetamidobutanoic acid_POS,4-Acetamidobutanoic acid_POS,plasma,MTBL,D,17.484088640600483,0.2644455657815463
2-Methylbutyroylcarnitine_NEG,2-Methylbutyroylcarnitine_NEG,plasma,MTBL,D,12.463836111433308,0.08905682553936778
WS75624 B_POS,WS75624 B_POS,plasma,MTBL,D,12.386069913726955,0.12927873226406383
"2-(2-Thienylmethylene)-1,6-dioxaspiro[4.4]non-3-ene_POS","2-(2-Thienylmethylene)-1,6-dioxaspiro[4.4]non-3-ene_POS",plasma,MTBL,D,27.225637083789035,0.166849705348886
p5153_POS,p5153_POS,plasma,MTBL,D,11.049056976404403,0.18105582306667944
p4135_POS,p4135_POS,plasma,MTBL,D,12.612808576866982,0.09063875626294404
p2932_POS,p2932_POS,plasma,MTBL,D,17.325330089556644,0.23737139706556576
p1944_POS,p1944_POS,plasma,MTBL,D,14.645315951761606,0.296598103046505
p2826_POS,p2826_POS,plasma,MTBL,D,20.386527405991046,0.18243885729594211
alpha-Ketoisovaleric acid_NEG,alpha-Ketoisovaleric acid_NEG,plasma,MTBL,D,18.79702736508648,0.20093628557196652
D-Serine_POS,D-Serine_POS,plasma,MTBL,D,22.61687112263961,0.2413484306656013
p2327_POS,p2327_POS,plasma,MTBL,D,13.648518438347203,0.05409500160469616
n3850_NEG,n3850_NEG,plasma,MTBL,D,9.72598976708646,0.02983588955347294
p730_POS,p730_POS,plasma,MTBL,D,20.3054416581897,0.3137772455451291
p1215_POS,p1215_POS,plasma,MTBL,D,22.450971724922518,0.08736676984439917
n413_NEG,n413_NEG,plasma,MTBL,D,23.2638958332244,0.14434297172896393
Ritodrine_POS,Ritodrine_POS,plasma,MTBL,D,15.205920901492867,0.2510032867417822
Benzoylecgonine_POS,Benzoylecgonine_POS,plasma,MTBL,D,13.626831741237671,0.13158121239275022
p4740_POS,p4740_POS,plasma,MTBL,D,12.769948693793964,0.26072489496867757
p2673_POS,p2673_POS,plasma,MTBL,D,12.512285069752119,0.12436215177800314
p2181_POS,p2181_POS,plasma,MTBL,D,20.728310044662226,0.2660008530950648
p3588_POS,p3588_POS,plasma,MTBL,D,14.725061093740365,0.24884625410923
L-Cystine_POS,L-Cystine_POS,plasma,MTBL,D,23.610491592202337,0.25472168928148875
p838_POS,p838_POS,plasma,MTBL,D,21.98782014837446,0.28438018704314416
O-Desmethylvenlafaxine_POS,O-Desmethylvenlafaxine_POS,plasma,MTBL,D,13.009284724994469,0.029657811803576628
p2545_POS,p2545_POS,plasma,MTBL,D,17.538827245409475,0.39574772191793883
p1513_POS,p1513_POS,plasma,MTBL,D,20.752908771623787,0.16226609019741467
N-Acetyl-L-carnosine_POS,N-Acetyl-L-carnosine_POS,plasma,MTBL,D,15.721370398671874,0.40146212339148146
p1753_POS,p1753_POS,plasma,MTBL,D,13.591135283627413,0.17287358466920644
p793_POS,p793_POS,plasma,MTBL,D,13.25812335701397,0.18741259904020868
p3763_POS,p3763_POS,plasma,MTBL,D,15.080466276954123,0.15650138186922735
p2809_POS,p2809_POS,plasma,MTBL,D,20.657911088401868,0.12761168555451086
n1776_NEG,n1776_NEG,plasma,MTBL,D,19.055274378946446,0.3158468822716074
p4804_POS,p4804_POS,plasma,MTBL,D,15.193464997298852,0.1677969898700331
p4616_POS,p4616_POS,plasma,MTBL,D,13.638416053926946,0.05856763422497835
p4165_POS,p4165_POS,plasma,MTBL,D,15.882361795912328,0.20981071469607482
p1339_POS,p1339_POS,plasma,MTBL,D,16.907626877863443,1.2267395009721014
Bis(cyano-kappaC)iron_POS,Bis(cyano-kappaC)iron_POS,plasma,MTBL,D,19.5252501723863,0.19256311978474372
p5485_POS,p5485_POS,plasma,MTBL,D,13.200718394997654,0.2331716137592661
1-Methyl-4-nitroimidazole_POS,1-Methyl-4-nitroimidazole_POS,plasma,MTBL,D,14.036305411158628,0.2486067732218844
p4859_POS,p4859_POS,plasma,MTBL,D,12.489645661578951,0.2661493540858624
n914_NEG,n914_NEG,plasma,MTBL,D,21.859604454812374,0.13068464212706843
n3497_NEG,n3497_NEG,plasma,MTBL,D,15.64005695493566,0.21700446439893195
n3769_NEG,n3769_NEG,plasma,MTBL,D,10.354129406394208,0.057756581567170784
p3809_POS,p3809_POS,plasma,MTBL,D,14.208508910766415,0.13685285292261007
Verapamil  metabolite D-617_POS,Verapamil  metabolite D-617_POS,plasma,MTBL,D,14.920690659391084,0.2181352852637799
p2023_POS,p2023_POS,plasma,MTBL,D,17.024411672362643,0.3485280771260477
Penicillamine disulfide_POS,Penicillamine disulfide_POS,plasma,MTBL,D,12.444521716652698,0.026403294958154078
n1471_NEG,n1471_NEG,plasma,MTBL,D,18.186404837906686,0.2958210005303421
p4888_POS,p4888_POS,plasma,MTBL,D,15.686099297577266,0.10936493526627622
p2704_POS,p2704_POS,plasma,MTBL,D,19.98942857810112,0.1790122589454679
p5723_POS,p5723_POS,plasma,MTBL,D,11.147593504752077,0.042703178531899866
n1579_NEG,n1579_NEG,plasma,MTBL,D,17.533079474315752,0.28187322348726873
n3284_NEG,n3284_NEG,plasma,MTBL,D,10.184658401808566,0.02939058159765473
n3404_NEG,n3404_NEG,plasma,MTBL,D,12.316256860431773,0.21966996525434102
p1217_POS,p1217_POS,plasma,MTBL,D,19.04481592204289,0.31344561333043686
p1647_POS,p1647_POS,plasma,MTBL,D,15.390921799582362,0.20717333671012028
p3510_POS,p3510_POS,plasma,MTBL,D,18.55271332789814,0.1921962127815835
n1513_NEG,n1513_NEG,plasma,MTBL,D,18.0256440284961,0.32356545525907165
p3468_POS,p3468_POS,plasma,MTBL,D,14.965063535530273,0.508308788365194
p4076_POS,p4076_POS,plasma,MTBL,D,15.763713017417981,0.17364504425809368
n2312_NEG,n2312_NEG,plasma,MTBL,D,17.571648102046588,0.4066540782297885
p4752_POS,p4752_POS,plasma,MTBL,D,14.924820350607359,0.21369179091394663
p1276_POS,p1276_POS,plasma,MTBL,D,21.150606857809358,0.27426488559116
n1685_NEG,n1685_NEG,plasma,MTBL,D,18.71826666073985,0.23391117755601698
p4476_POS,p4476_POS,plasma,MTBL,D,17.66419598536291,0.2359659529833973
n3169_NEG,n3169_NEG,plasma,MTBL,D,12.741649918333255,0.03842341557294038
p4537_POS,p4537_POS,plasma,MTBL,D,14.358045547049104,0.17275657745853845
p5551_POS,p5551_POS,plasma,MTBL,D,12.926943266772975,0.11498937077134208
n309_NEG,n309_NEG,plasma,MTBL,D,23.839565079965652,0.12963126715925632
p4746_POS,p4746_POS,plasma,MTBL,D,14.191552004024615,0.2039107811694656
p4718_POS,p4718_POS,plasma,MTBL,D,13.756440463812165,0.26363935681702433
p4800_POS,p4800_POS,plasma,MTBL,D,15.77869592009203,0.13231824970483164
p5503_POS,p5503_POS,plasma,MTBL,D,12.632446581067118,0.12470870094589781
p214_POS,p214_POS,plasma,MTBL,D,25.45023486176398,0.1555654176022312
p2967_POS,p2967_POS,plasma,MTBL,D,18.973532348715505,0.10165746921021324
p3647_POS,p3647_POS,plasma,MTBL,D,15.065736417761656,0.34595400672486587
p5146_POS,p5146_POS,plasma,MTBL,D,13.70365627510496,0.2215680472915027
p5749_POS,p5749_POS,plasma,MTBL,D,12.754962310095468,0.15442755605850955
p4817_POS,p4817_POS,plasma,MTBL,D,14.031420967025618,0.16347587855424983
Suberic acid_POS,Suberic acid_POS,plasma,MTBL,D,19.204746279355376,0.06999303887201691
Guanine_POS,Guanine_POS,plasma,MTBL,D,14.106084398321986,0.30642720714003957
p3950_POS,p3950_POS,plasma,MTBL,D,14.686211079077712,0.04524121480175314
p3497_POS,p3497_POS,plasma,MTBL,D,15.682463607199326,0.4786728130355087
p411_POS,p411_POS,plasma,MTBL,D,24.564447851525152,0.163178578102265
O-Desmethyl-lacosamide_POS,O-Desmethyl-lacosamide_POS,plasma,MTBL,D,14.321077962716313,0.08306426268212697
n3671_NEG,n3671_NEG,plasma,MTBL,D,9.416167494172058,0.09731387227899013
p2410_POS,p2410_POS,plasma,MTBL,D,13.968712607312685,0.22641427528936475
3-Hydroxypyridine_POS,3-Hydroxypyridine_POS,plasma,MTBL,D,17.028806079108822,0.8677577756831543
Acetyl-L-carnitine_POS,Acetyl-L-carnitine_POS,plasma,MTBL,D,23.868543670953777,0.46877753088960183
n2154_NEG,n2154_NEG,plasma,MTBL,D,16.019680172161422,0.3127525001920235
p4025_POS,p4025_POS,plasma,MTBL,D,11.664394809657306,0.21284928817496418
p4641_POS,p4641_POS,plasma,MTBL,D,14.134769810264496,0.28651135127326643
n1802_NEG,n1802_NEG,plasma,MTBL,D,17.705976816353207,0.20006219359702193
p2439_POS,p2439_POS,plasma,MTBL,D,15.916072174270354,0.21637826452417563
D4-Taurine-ISTD_NEG,D4-Taurine-ISTD_NEG,plasma,MTBL,D,21.766770761783967,0.08505861187196295
D-(-)-Lyxose_NEG,D-(-)-Lyxose_NEG,plasma,MTBL,D,17.966690060906984,0.35553812516869954
Miglitol_NEG,Miglitol_NEG,plasma,MTBL,D,19.06995916673482,0.2584497680209399
p461_POS,p461_POS,plasma,MTBL,D,21.346174198682952,0.16999471386652942
n1647_NEG,n1647_NEG,plasma,MTBL,D,19.94654671888076,0.18155155008594726
D3-Lactate_NEG,D3-Lactate_NEG,plasma,MTBL,D,21.346850251241342,0.17851608619885617
p5791_POS,p5791_POS,plasma,MTBL,D,11.684060506331253,0.3477378892285694
p3127_POS,p3127_POS,plasma,MTBL,D,19.09555797007946,0.2182340059985286
n101_NEG,n101_NEG,plasma,MTBL,D,25.400007780338107,0.09379814705631162
p4213_POS,p4213_POS,plasma,MTBL,D,14.179531339961159,0.2098963136589349
p3858_POS,p3858_POS,plasma,MTBL,D,15.547856086607425,0.302706673523808
Megazol_POS,Megazol_POS,plasma,MTBL,D,26.136292698251147,0.17529230985759447
Pyrrolidine_POS,Pyrrolidine_POS,plasma,MTBL,D,22.987780975647528,0.24987986371897541
p4492_POS,p4492_POS,plasma,MTBL,D,12.957189026431033,0.12792524328810284
p1587_POS,p1587_POS,plasma,MTBL,D,22.118368992736436,0.1495470533025216
p2387_POS,p2387_POS,plasma,MTBL,D,20.240221511771903,0.09899333409144617
p1635_POS,p1635_POS,plasma,MTBL,D,20.628446048297796,0.23218698759690426
n663_NEG,n663_NEG,plasma,MTBL,D,21.584192270115665,0.18442392018742915
2-Oxopropyl 2-oxopropanoate_NEG,2-Oxopropyl 2-oxopropanoate_NEG,plasma,MTBL,D,23.128144220209965,0.16282523254753123
p2927_POS,p2927_POS,plasma,MTBL,D,15.65746130867041,0.12110642678124517
p1425_POS,p1425_POS,plasma,MTBL,D,22.042997245914897,0.22223059817951096
LysoPC(6:0/0:0)_POS,LysoPC(6:0/0:0)_POS,plasma,MTBL,D,11.579975736527548,0.11551367048781724
p337_POS,p337_POS,plasma,MTBL,D,24.48648426713576,0.10075179410026003
3-Hydroxyhexanoylcarnitine_POS,3-Hydroxyhexanoylcarnitine_POS,plasma,MTBL,D,12.761359267780335,0.03254775157854617
Etifoxine_POS,Etifoxine_POS,plasma,MTBL,D,13.634868325874093,0.17179567519206085
p1418_POS,p1418_POS,plasma,MTBL,D,19.111641844320395,0.45303399183582194
p4117_POS,p4117_POS,plasma,MTBL,D,12.947161100473338,0.02562305408631005
Benzatropine_POS,Benzatropine_POS,plasma,MTBL,D,12.405982635238857,0.23976908708570832
n489_NEG,n489_NEG,plasma,MTBL,D,21.90705461801435,0.21633644065569158
n607_NEG,n607_NEG,plasma,MTBL,D,21.988654094397475,0.19774101779189124
n1837_NEG,n1837_NEG,plasma,MTBL,D,18.985982178388007,0.371025500719357
Dimethyl sulfone_POS,Dimethyl sulfone_POS,plasma,MTBL,D,16.045078067571474,0.23047939614068458
L-Isoleucine_POS,L-Isoleucine_POS,plasma,MTBL,D,25.820741621909,0.24129677102571812
p5620_POS,p5620_POS,plasma,MTBL,D,12.81652724491414,0.14848136965825365
p4628_POS,p4628_POS,plasma,MTBL,D,15.479082655346009,0.8692874075851007
p3074_POS,p3074_POS,plasma,MTBL,D,18.377053038415035,0.23847371404097117
p1020_POS,p1020_POS,plasma,MTBL,D,18.717432111033297,0.38342200091275025
p2504_POS,p2504_POS,plasma,MTBL,D,16.079838326673745,0.18140272704822458
NP-022371_POS,NP-022371_POS,plasma,MTBL,D,11.780035149427524,0.10824516171233522
p4703_POS,p4703_POS,plasma,MTBL,D,16.4469357304301,0.3330261255858584
p5108_POS,p5108_POS,plasma,MTBL,D,12.325117661222862,0.06998205258720969
L-Citronellol glucoside_POS,L-Citronellol glucoside_POS,plasma,MTBL,D,11.639892115402201,0.18594598525982242
p2788_POS,p2788_POS,plasma,MTBL,D,15.343156586773782,0.21465397893622296
Neoenactin NL1_POS,Neoenactin NL1_POS,plasma,MTBL,D,13.278438386431375,0.2502487492786454
p3611_POS,p3611_POS,plasma,MTBL,D,13.735203281208994,0.053619193517072894
Fortimicin B_POS,Fortimicin B_POS,plasma,MTBL,D,13.535297062857971,0.26550216724484965
p4385_POS,p4385_POS,plasma,MTBL,D,13.79132041564832,0.22913875358075586
p5760_POS,p5760_POS,plasma,MTBL,D,9.691111980857123,0.03575373674486215
Quinolonic acid_POS,Quinolonic acid_POS,plasma,MTBL,D,20.509035689737136,0.34240210237151913
n3756_NEG,n3756_NEG,plasma,MTBL,D,14.963282162310783,0.27126383149044386
p3988_POS,p3988_POS,plasma,MTBL,D,13.532148685148218,0.10979328379540032
N-(4-Aminobutyl)-2-Naphthalenesulfonamide_POS,N-(4-Aminobutyl)-2-Naphthalenesulfonamide_POS,plasma,MTBL,D,16.021986284603386,0.18717823835226977
n1366_NEG,n1366_NEG,plasma,MTBL,D,20.3678331871742,0.2118619487697604
p2931_POS,p2931_POS,plasma,MTBL,D,17.262890773369136,0.2195741358880383
p5304_POS,p5304_POS,plasma,MTBL,D,12.704802624166259,0.15296544499540765
p5650_POS,p5650_POS,plasma,MTBL,D,13.482730092765529,0.3473212753797945
p2190_POS,p2190_POS,plasma,MTBL,D,18.857594776620815,0.4687839285639992
p4893_POS,p4893_POS,plasma,MTBL,D,13.626247405518237,0.06791926356614475
p671_POS,p671_POS,plasma,MTBL,D,21.228629123070796,0.38689979769391947
p3938_POS,p3938_POS,plasma,MTBL,D,13.96141491001437,0.25051764850654035
n455_NEG,n455_NEG,plasma,MTBL,D,23.033940369906013,0.16402293215680253
p503_POS,p503_POS,plasma,MTBL,D,23.00613736431525,0.21497264506530023
n1536_NEG,n1536_NEG,plasma,MTBL,D,20.097964464468774,0.1797992670805808
n662_NEG,n662_NEG,plasma,MTBL,D,21.583948907881215,0.1846672824218789
p1214_POS,p1214_POS,plasma,MTBL,D,22.422070357420054,0.09772584439737564
n1654_NEG,n1654_NEG,plasma,MTBL,D,18.340477528210812,0.2827834857275633
n2197_NEG,n2197_NEG,plasma,MTBL,D,19.08114779533816,0.24439854956749585
p5598_POS,p5598_POS,plasma,MTBL,D,12.976014744740489,0.12282795988312323
p2303_POS,p2303_POS,plasma,MTBL,D,20.15799519239306,0.2866666347513398
p2020_POS,p2020_POS,plasma,MTBL,D,11.897489553112912,0.03247965789714602
p4013_POS,p4013_POS,plasma,MTBL,D,18.14318183359928,0.2358195393267657
p5688_POS,p5688_POS,plasma,MTBL,D,12.473510943660713,0.19103119300221927
L-Kynurenine_POS,L-Kynurenine_POS,plasma,MTBL,D,19.845680284903317,0.2646218257567874
p4955_POS,p4955_POS,plasma,MTBL,D,12.76438356022527,0.2186238074907818
p2074_POS,p2074_POS,plasma,MTBL,D,12.289465567689273,0.12009901085798269
n656_NEG,n656_NEG,plasma,MTBL,D,15.337021076631206,0.22899087928704454
p3351_POS,p3351_POS,plasma,MTBL,D,18.705143305939856,0.23337137517225237
p1536_POS,p1536_POS,plasma,MTBL,D,16.289842677335876,0.1410250207313215
p1911_POS,p1911_POS,plasma,MTBL,D,19.87509226646843,0.16171510185745852
p223_POS,p223_POS,plasma,MTBL,D,21.608631046070002,0.11858076148815577
p5450_POS,p5450_POS,plasma,MTBL,D,13.0234833231085,0.2844100999688628
n3080_NEG,n3080_NEG,plasma,MTBL,D,12.877584690726755,0.035155274779453904
2-Pyrrolidinone_POS,2-Pyrrolidinone_POS,plasma,MTBL,D,26.43951498413792,0.1973500187394066
p5137_POS,p5137_POS,plasma,MTBL,D,14.077663095702764,0.25286656841073984
Cyclo(D-Tyr- L-Leu)_POS,Cyclo(D-Tyr- L-Leu)_POS,plasma,MTBL,D,13.584210701685667,0.1686148611833609
p2503_POS,p2503_POS,plasma,MTBL,D,12.58501737298135,0.429589948625523
p3711_POS,p3711_POS,plasma,MTBL,D,17.34653138029534,0.21200836299689207
p2719_POS,p2719_POS,plasma,MTBL,D,13.283195953005682,0.045457920527042006
p1749_POS,p1749_POS,plasma,MTBL,D,20.095148553045625,0.22622958440779506
n898_NEG,n898_NEG,plasma,MTBL,D,19.581809125623906,0.3014560714956147
n2632_NEG,n2632_NEG,plasma,MTBL,D,13.693719065388418,0.11870377497443929
NAPQI_POS,NAPQI_POS,plasma,MTBL,D,12.711281390862329,0.27776972023957835
Imazamethabenz-methyl_POS,Imazamethabenz-methyl_POS,plasma,MTBL,D,13.373056286830057,0.12957093655639973
p4043_POS,p4043_POS,plasma,MTBL,D,16.62340627072858,0.3213015460095825
n1927_NEG,n1927_NEG,plasma,MTBL,D,19.70500162045858,0.14151017862013937
3-Methylcrotonylglycine_POS,3-Methylcrotonylglycine_POS,plasma,MTBL,D,14.34371553688957,0.04314617767441398
p5615_POS,p5615_POS,plasma,MTBL,D,12.234630800767018,0.08079119694766224
L-Valine_NEG,L-Valine_NEG,plasma,MTBL,D,16.394689472217884,0.34162501153718416
n2285_NEG,n2285_NEG,plasma,MTBL,D,16.704151969817968,0.07878076612036189
Doxylamine_POS,Doxylamine_POS,plasma,MTBL,D,17.1125169901822,0.23017014617318488
p2624_POS,p2624_POS,plasma,MTBL,D,16.70128222238342,0.32177477595164383
1-Methylinosine_POS,1-Methylinosine_POS,plasma,MTBL,D,16.356400630077346,0.6004697654531039
p3047_POS,p3047_POS,plasma,MTBL,D,13.111000350674727,0.04666887402097064
p1022_POS,p1022_POS,plasma,MTBL,D,20.352369496012948,0.0670042305293368
n1876_NEG,n1876_NEG,plasma,MTBL,D,19.630024967237574,0.22608386612641773
n2564_NEG,n2564_NEG,plasma,MTBL,D,13.160068373318616,0.03943865893186338
p4595_POS,p4595_POS,plasma,MTBL,D,12.40755502920004,0.10162010682625056
p4189_POS,p4189_POS,plasma,MTBL,D,13.164924025850704,0.13805107667805405
Tripelennamine_POS,Tripelennamine_POS,plasma,MTBL,D,12.556366277170397,0.12256191639509595
p3225_POS,p3225_POS,plasma,MTBL,D,19.005813892922944,0.25150571948587164
p12_POS,p12_POS,plasma,MTBL,D,28.600128629734993,0.14552722761405334
n2170_NEG,n2170_NEG,plasma,MTBL,D,18.00585376043586,0.39378212945287316
n1677_NEG,n1677_NEG,plasma,MTBL,D,20.045622472631614,0.15921181111793992
3-Methyluridine_POS,3-Methyluridine_POS,plasma,MTBL,D,16.448132092935367,0.4638618024001602
p2469_POS,p2469_POS,plasma,MTBL,D,19.653057265091896,0.1959440011362652
p3472_POS,p3472_POS,plasma,MTBL,D,18.776868124149264,0.3941504150223363
Malondialdehyde_POS,Malondialdehyde_POS,plasma,MTBL,D,21.665723028943418,0.2787278840007268
p2784_POS,p2784_POS,plasma,MTBL,D,13.25391904193034,0.14806565142993655
p4159_POS,p4159_POS,plasma,MTBL,D,13.83680313747001,0.2032073977588773
But-2-enedial_NEG,But-2-enedial_NEG,plasma,MTBL,D,23.128144220209965,0.16282523254753123
p2702_POS,p2702_POS,plasma,MTBL,D,16.452140394128584,0.3366111710470463
n3129_NEG,n3129_NEG,plasma,MTBL,D,18.171500056563527,0.12585426179212433
p1824_POS,p1824_POS,plasma,MTBL,D,13.699797254327752,0.1688197620978098
p487_POS,p487_POS,plasma,MTBL,D,23.33759163262686,0.254748895349433
p1244_POS,p1244_POS,plasma,MTBL,D,20.449835700618056,0.2754499989341177
p2772_POS,p2772_POS,plasma,MTBL,D,13.393879548057129,0.048321406959633606
p2418_POS,p2418_POS,plasma,MTBL,D,19.85809869793011,0.12768052134814845
Satranidazole_POS,Satranidazole_POS,plasma,MTBL,D,15.234421383218063,0.26519398486469914
p1953_POS,p1953_POS,plasma,MTBL,D,14.217585192718676,0.26315396012817605
p2625_POS,p2625_POS,plasma,MTBL,D,16.685857235680082,0.3527855513541791
p5527_POS,p5527_POS,plasma,MTBL,D,15.979132010436832,0.13519608963033214
p5765_POS,p5765_POS,plasma,MTBL,D,12.814616478582598,0.24314661541658023
p4127_POS,p4127_POS,plasma,MTBL,D,16.48088083359505,0.4236198647680247
p2722_POS,p2722_POS,plasma,MTBL,D,15.702015349198735,0.3613978120876329
p5309_POS,p5309_POS,plasma,MTBL,D,17.56219619762568,0.15590728167696177
p2280_POS,p2280_POS,plasma,MTBL,D,19.00103517903176,0.39272197236912554
p1624_POS,p1624_POS,plasma,MTBL,D,15.959917038028312,1.4165514190432793
"3-(2-methylpropyl)-octahydropyrrolo[1,2-a]pyrazine-1,4-dione_POS","3-(2-methylpropyl)-octahydropyrrolo[1,2-a]pyrazine-1,4-dione_POS",plasma,MTBL,D,13.397357684152102,0.6216440477975915
n357_NEG,n357_NEG,plasma,MTBL,D,22.043912774908378,0.15053232246239823
p4973_POS,p4973_POS,plasma,MTBL,D,17.284226825769565,0.18107011174472198
p3260_POS,p3260_POS,plasma,MTBL,D,14.229753950273594,0.1862048939797578
5-Methyl-1H-pyrazole-3-carboxylic acid_POS,5-Methyl-1H-pyrazole-3-carboxylic acid_POS,plasma,MTBL,D,24.769773693194594,0.3051320885139095
p427_POS,p427_POS,plasma,MTBL,D,22.055350501682526,0.2015266853254989
p4164_POS,p4164_POS,plasma,MTBL,D,15.865028568978417,0.212306258787458
3-(1H-benzo[d]imidazol-2-yl)-6-ethyl-7-hydroxy-4H-chromen-4-one_POS,3-(1H-benzo[d]imidazol-2-yl)-6-ethyl-7-hydroxy-4H-chromen-4-one_POS,plasma,MTBL,D,13.3436703644968,0.1278024397399653
p1756_POS,p1756_POS,plasma,MTBL,D,20.454224261548685,0.16265367690184185
n2326_NEG,n2326_NEG,plasma,MTBL,D,13.751025209625695,0.17134454545537992
p2633_POS,p2633_POS,plasma,MTBL,D,19.03547654243304,0.3003522180418994
Isobutyrylglycine_POS,Isobutyrylglycine_POS,plasma,MTBL,D,21.51479009481675,0.2468187066740395
n990_NEG,n990_NEG,plasma,MTBL,D,19.580820900469035,0.2790616483059054
n3393_NEG,n3393_NEG,plasma,MTBL,D,16.262573004688022,0.2190740877110091
p2872_POS,p2872_POS,plasma,MTBL,D,18.785449070828328,0.4040909413046059
Tomatidine_POS,Tomatidine_POS,plasma,MTBL,D,13.375621810394808,0.33299472623349047
p4243_POS,p4243_POS,plasma,MTBL,D,18.61443020498575,0.48811812770038365
n1259_NEG,n1259_NEG,plasma,MTBL,D,20.41285886529169,0.20773516863007302
p3218_POS,p3218_POS,plasma,MTBL,D,17.34225743338795,0.3618295933288973
"5-[({(2R,4S,5R)-5-[1-Methyl-3-(2-thienyl)-1H-pyrazol-5-yl]-1-azabicyclo[2.2.2]oct-2-yl}methyl)amino]-5-oxopentanoic acid_NEG","5-[({(2R,4S,5R)-5-[1-Methyl-3-(2-thienyl)-1H-pyrazol-5-yl]-1-azabicyclo[2.2.2]oct-2-yl}methyl)amino]-5-oxopentanoic acid_NEG",plasma,MTBL,D,13.15023783698934,0.10541892966572863
n3514_NEG,n3514_NEG,plasma,MTBL,D,12.045273918698301,0.16282098996761896
p3216_POS,p3216_POS,plasma,MTBL,D,16.70665407426412,0.4586982511558819
p4350_POS,p4350_POS,plasma,MTBL,D,13.684794682949924,0.051870289127166735
p1407_POS,p1407_POS,plasma,MTBL,D,20.971368904290372,0.1856870447319814
p142_POS,p142_POS,plasma,MTBL,D,26.049842125045252,0.14391140437640004
Creatinine_POS,Creatinine_POS,plasma,MTBL,D,24.932223208179128,0.22400443000099912
p3438_POS,p3438_POS,plasma,MTBL,D,17.74323981789046,0.13493272605483142
p3822_POS,p3822_POS,plasma,MTBL,D,19.17638862554236,0.22955092891140616
Mycosporine hydroxyglutamicol_POS,Mycosporine hydroxyglutamicol_POS,plasma,MTBL,D,18.63393595750175,0.22446191739480703
p3776_POS,p3776_POS,plasma,MTBL,D,17.271188132194858,0.19997807591467343
n2672_NEG,n2672_NEG,plasma,MTBL,D,17.72248456897649,0.19196224418971042
p1754_POS,p1754_POS,plasma,MTBL,D,13.915487811512035,0.1769716738924343
p984_POS,p984_POS,plasma,MTBL,D,19.59531490439823,0.3239740626811365
p995_POS,p995_POS,plasma,MTBL,D,19.720668078921992,0.3457178252092348
p2501_POS,p2501_POS,plasma,MTBL,D,20.368965995799456,0.29332919106967026
n418_NEG,n418_NEG,plasma,MTBL,D,20.843291779417846,0.27384163629683655
p3891_POS,p3891_POS,plasma,MTBL,D,13.772112182876915,0.13637371386395536
p823_POS,p823_POS,plasma,MTBL,D,21.766412788475897,0.19820911658427498
p792_POS,p792_POS,plasma,MTBL,D,18.15988426865406,0.8189265535435162
2-(Methylsulfonyl)pyridine_POS,2-(Methylsulfonyl)pyridine_POS,plasma,MTBL,D,12.998016577430587,0.03934229835737657
p3523_POS,p3523_POS,plasma,MTBL,D,18.4013418765015,0.22683944589029892
p4987_POS,p4987_POS,plasma,MTBL,D,14.309594265436553,0.29484573310532536
p340_POS,p340_POS,plasma,MTBL,D,23.63527765438301,0.16140906283501266
4-Hydroxy-2-butenoic acid gamma-lactone_POS,4-Hydroxy-2-butenoic acid gamma-lactone_POS,plasma,MTBL,D,20.42564926984759,0.2532226840897387
p1528_POS,p1528_POS,plasma,MTBL,D,20.75359874401527,0.13487124707050668
p3306_POS,p3306_POS,plasma,MTBL,D,15.34972874618509,0.157999261468035
Lorbamate_POS,Lorbamate_POS,plasma,MTBL,D,12.993788113946273,0.15676430119125762
p964_POS,p964_POS,plasma,MTBL,D,22.295053042153715,0.3378277726038039
p5058_POS,p5058_POS,plasma,MTBL,D,17.6219217474489,0.33274771104145806
n1436_NEG,n1436_NEG,plasma,MTBL,D,19.934548976591493,0.23120095824396003
Amoxicillin_POS,Amoxicillin_POS,plasma,MTBL,D,13.248165343862016,0.07716214042187453
p1737_POS,p1737_POS,plasma,MTBL,D,16.92481117722707,0.4503762871967538
p5335_POS,p5335_POS,plasma,MTBL,D,13.588748475974176,0.15238629087231725
p1745_POS,p1745_POS,plasma,MTBL,D,15.708796870560679,0.18219171676476087
p2500_POS,p2500_POS,plasma,MTBL,D,19.15352125111707,0.3753858016356144
Gaburedin B_POS,Gaburedin B_POS,plasma,MTBL,D,17.116520221747393,0.2872324150935057
Colletotricole A_POS,Colletotricole A_POS,plasma,MTBL,D,13.009642635780118,0.06429985042862274
p4662_POS,p4662_POS,plasma,MTBL,D,17.26405507575775,0.43661774165838807
p5221_POS,p5221_POS,plasma,MTBL,D,15.157851393078682,0.18763377282723948
p4532_POS,p4532_POS,plasma,MTBL,D,12.510187903612747,0.232045335139202
n3817_NEG,n3817_NEG,plasma,MTBL,D,11.8270665931089,0.13060503279955338
p2748_POS,p2748_POS,plasma,MTBL,D,14.603234466725642,0.5010593564564498
n3808_NEG,n3808_NEG,plasma,MTBL,D,9.590834209508568,0.03312828631071518
n2783_NEG,n2783_NEG,plasma,MTBL,D,12.911007913070474,0.040849187830422906
p902_POS,p902_POS,plasma,MTBL,D,20.007453372020322,0.1740467671584529
p2317_POS,p2317_POS,plasma,MTBL,D,15.594187387428592,0.031638900113616586
p3906_POS,p3906_POS,plasma,MTBL,D,13.278631984089492,0.04381630226590527
Nadolol_POS,Nadolol_POS,plasma,MTBL,D,18.774902915742103,0.3068728997683934
p5782_POS,p5782_POS,plasma,MTBL,D,12.963829813643079,0.1628889650501062
n3201_NEG,n3201_NEG,plasma,MTBL,D,12.246573108913914,0.08061761361808717
3-hydroxy-3-methylpentanedioic acid_POS,3-hydroxy-3-methylpentanedioic acid_POS,plasma,MTBL,D,24.468239042208687,0.2620847006607452
p2587_POS,p2587_POS,plasma,MTBL,D,19.199554147290684,0.2457539280153167
n777_NEG,n777_NEG,plasma,MTBL,D,19.97957744270841,0.18513839049209224
4-Thialysine_POS,4-Thialysine_POS,plasma,MTBL,D,13.523680654257827,0.034488155133991505
p3064_POS,p3064_POS,plasma,MTBL,D,18.613746256057418,0.22363989200136203
p927_POS,p927_POS,plasma,MTBL,D,23.378818212672815,0.19333080883950338
p5070_POS,p5070_POS,plasma,MTBL,D,12.810639246054087,0.27217346736992276
3-Deoxy-D-glycero-D-galacto-2-nonulosonic acid_POS,3-Deoxy-D-glycero-D-galacto-2-nonulosonic acid_POS,plasma,MTBL,D,14.481059839682473,0.2591771924693438
p3998_POS,p3998_POS,plasma,MTBL,D,17.506893305572433,0.3236334182981313
p1469_POS,p1469_POS,plasma,MTBL,D,20.932012298251326,0.21152567658898036
Cimaterol_POS,Cimaterol_POS,plasma,MTBL,D,14.582291316263898,0.21450522142183281
p2480_POS,p2480_POS,plasma,MTBL,D,15.599344469408093,0.7133216248335179
p5181_POS,p5181_POS,plasma,MTBL,D,16.82021514773635,0.1503268300173417
n2245_NEG,n2245_NEG,plasma,MTBL,D,19.348908060064172,0.1604505006961645
p1269_POS,p1269_POS,plasma,MTBL,D,22.1583653742897,0.151430138942672
n1678_NEG,n1678_NEG,plasma,MTBL,D,20.050491456614434,0.14923020935125741
"( Z)-6-benzylidene-3-hydroxymethyl-1,4-dimethyl-3-methylsulfanylpiperazine-2,5-dione_POS","( Z)-6-benzylidene-3-hydroxymethyl-1,4-dimethyl-3-methylsulfanylpiperazine-2,5-dione_POS",plasma,MTBL,D,16.086497488508137,0.19961820562340016
p4155_POS,p4155_POS,plasma,MTBL,D,18.233158723311732,0.28633630827265044
n2614_NEG,n2614_NEG,plasma,MTBL,D,18.18975383654307,0.28292289782499225
p2114_POS,p2114_POS,plasma,MTBL,D,21.139819164605832,0.224750557036403
p1246_POS,p1246_POS,plasma,MTBL,D,20.211002812579018,0.31264466072571473
"4,4'-Dihydroxydiphenylsulfone_NEG","4,4'-Dihydroxydiphenylsulfone_NEG",plasma,MTBL,D,14.693844417562985,0.10624564399862546
p5690_POS,p5690_POS,plasma,MTBL,D,12.534024804824504,0.32493192158782414
Leucylleucine methyl ester_POS,Leucylleucine methyl ester_POS,plasma,MTBL,D,11.22993709755102,0.03913355560254139
n1134_NEG,n1134_NEG,plasma,MTBL,D,15.76792190285599,0.2213021999182958
Threonine_NEG,Threonine_NEG,plasma,MTBL,D,22.64936350078754,0.2763250657565841
p2161_POS,p2161_POS,plasma,MTBL,D,19.457726481488407,0.12338984796886443
2'-Apo-beta-carotenal_POS,2'-Apo-beta-carotenal_POS,plasma,MTBL,D,16.6571473869356,0.10442625397084271
p5477_POS,p5477_POS,plasma,MTBL,D,12.529827572088667,0.17630332068401167
p338_POS,p338_POS,plasma,MTBL,D,23.63527765438301,0.16140906283501266
p3128_POS,p3128_POS,plasma,MTBL,D,19.088320945719317,0.38104823402048993
"[Similar to: Ethyl 3-hydroxy-5-methyl-6-oxo-1-phenyl-1,6-dihydropyrano[2,3-c]pyrazole-4-carboxylate; ΔMass: -46.0678 Da]_POS","[Similar to: Ethyl 3-hydroxy-5-methyl-6-oxo-1-phenyl-1,6-dihydropyrano[2,3-c]pyrazole-4-carboxylate; ΔMass: -46.0678 Da]_POS",plasma,MTBL,D,22.29275604556087,0.21030269318272765
p1363_POS,p1363_POS,plasma,MTBL,D,19.298760352515604,0.2695155888239693
n2800_NEG,n2800_NEG,plasma,MTBL,D,18.17598681871164,0.3287436721711412
"2-Ethylidene-1,5-dimethyl-3,3-diphenylpyrrolidine (EDDP)_POS","2-Ethylidene-1,5-dimethyl-3,3-diphenylpyrrolidine (EDDP)_POS",plasma,MTBL,D,13.279883083621112,0.22477183510059628
p2640_POS,p2640_POS,plasma,MTBL,D,14.999619049187569,0.25504180482758265
Leucylphenylalanine_POS,Leucylphenylalanine_POS,plasma,MTBL,D,15.465057079952555,0.14140276570709087
p1638_POS,p1638_POS,plasma,MTBL,D,19.505951307995097,0.2942699528760002
"H2-D-erythro-Neopterin 2',3'-cyclic phosphate_POS","H2-D-erythro-Neopterin 2',3'-cyclic phosphate_POS",plasma,MTBL,D,20.97726449246929,0.19000929670702504
p4530_POS,p4530_POS,plasma,MTBL,D,12.438164455495006,0.14934771157570026
n2770_NEG,n2770_NEG,plasma,MTBL,D,18.804272418273747,0.17876816308621635
p3284_POS,p3284_POS,plasma,MTBL,D,18.432704477817996,0.23639410081062628
Ureidosuccinic acid_POS,Ureidosuccinic acid_POS,plasma,MTBL,D,12.737760497257298,0.16593455732813123
Acycloguanosine_POS,Acycloguanosine_POS,plasma,MTBL,D,14.166284538211233,0.23916860206376267
p4044_POS,p4044_POS,plasma,MTBL,D,16.62340627072858,0.3213015460095825
n200_NEG,n200_NEG,plasma,MTBL,D,24.616032556219267,0.09850525249833986
p1738_POS,p1738_POS,plasma,MTBL,D,17.05793239051542,0.450879277760464
p4441_POS,p4441_POS,plasma,MTBL,D,15.625415181572276,0.30218870052063895
p3180_POS,p3180_POS,plasma,MTBL,D,16.507915306604595,0.1652429889662006
n2681_NEG,n2681_NEG,plasma,MTBL,D,18.460085256570682,0.2126613413809828
p687_POS,p687_POS,plasma,MTBL,D,23.798630201208155,0.16355454492076937
p5384_POS,p5384_POS,plasma,MTBL,D,13.52090312342975,0.16742640135612152
p5142_POS,p5142_POS,plasma,MTBL,D,12.817792004770718,0.02434041886137628
Succinic semialdehyde_NEG,Succinic semialdehyde_NEG,plasma,MTBL,D,22.03766847568385,0.16710025740169243
n221_NEG,n221_NEG,plasma,MTBL,D,23.300070556799575,0.1609700934779017
DL-Lactic Acid_NEG,DL-Lactic Acid_NEG,plasma,MTBL,D,27.13171915192197,0.24796595066041505
p3166_POS,p3166_POS,plasma,MTBL,D,17.732420461402686,0.29253630621929005
FOSAMINE_POS,FOSAMINE_POS,plasma,MTBL,D,18.74072936026119,0.25152244852892736
p5630_POS,p5630_POS,plasma,MTBL,D,12.643009011242574,0.2869341946909394
p177_POS,p177_POS,plasma,MTBL,D,24.486482877703224,0.16220193886849366
p810_POS,p810_POS,plasma,MTBL,D,20.276807151740755,0.3114979915589089
p3782_POS,p3782_POS,plasma,MTBL,D,12.485526517705567,0.14484780171536382
n2687_NEG,n2687_NEG,plasma,MTBL,D,15.620288482356798,0.25921611069031414
p1110_POS,p1110_POS,plasma,MTBL,D,20.91747652691231,0.2591367479053588
p1585_POS,p1585_POS,plasma,MTBL,D,22.147571226153424,0.19117512110758206
n1684_NEG,n1684_NEG,plasma,MTBL,D,18.723073690571404,0.2592731277860896
n2413_NEG,n2413_NEG,plasma,MTBL,D,18.895981188921482,0.263482760113364
p4383_POS,p4383_POS,plasma,MTBL,D,15.487733971215405,0.17431995607314477
n2980_NEG,n2980_NEG,plasma,MTBL,D,16.328004855347487,0.3615754062401084
p5556_POS,p5556_POS,plasma,MTBL,D,13.429379476961266,0.12201016596417258
p3572_POS,p3572_POS,plasma,MTBL,D,14.442031248212647,0.29900210616684664
p362_POS,p362_POS,plasma,MTBL,D,24.528925158694804,0.16911494436683583
p5059_POS,p5059_POS,plasma,MTBL,D,17.613470508813037,0.3521437234320999
p4223_POS,p4223_POS,plasma,MTBL,D,13.31228410023849,0.043816302265907936
p929_POS,p929_POS,plasma,MTBL,D,21.340124804016384,0.2155163314272368
p5672_POS,p5672_POS,plasma,MTBL,D,12.502690938218976,0.2808244911642248
L-threonyl-AMP_POS,L-threonyl-AMP_POS,plasma,MTBL,D,15.491728554802584,0.16466028705663405
n1577_NEG,n1577_NEG,plasma,MTBL,D,16.758919982469205,0.1297789073458624
p167_POS,p167_POS,plasma,MTBL,D,23.812905690898575,0.2702835009484321
p2375_POS,p2375_POS,plasma,MTBL,D,17.84563081110492,0.19961712845512913
p4114_POS,p4114_POS,plasma,MTBL,D,16.57505415711116,0.1839462026472063
p2019_POS,p2019_POS,plasma,MTBL,D,19.060726981943503,0.2193128250552725
D-(+)-Maltose_POS,D-(+)-Maltose_POS,plasma,MTBL,D,18.571938763372916,0.4401650536292063
p2830_POS,p2830_POS,plasma,MTBL,D,12.400120605001183,0.2906618459209689
p4071_POS,p4071_POS,plasma,MTBL,D,16.281315290943063,0.280914838849859
p2641_POS,p2641_POS,plasma,MTBL,D,15.168841483920437,0.25906980902805365
n2857_NEG,n2857_NEG,plasma,MTBL,D,17.50249995270947,0.2812664212925533
Aspartyl-Histidine_NEG,Aspartyl-Histidine_NEG,plasma,MTBL,D,19.673529281853362,0.2463753277227685
p5724_POS,p5724_POS,plasma,MTBL,D,12.508650760289733,0.27173635031261334
n3831_NEG,n3831_NEG,plasma,MTBL,D,12.10030376624719,0.17618952575811075
p3056_POS,p3056_POS,plasma,MTBL,D,18.666340838997435,0.29587743924734333
p3385_POS,p3385_POS,plasma,MTBL,D,18.80405259944881,0.15400928378032575
"[Similar to: N1-(4,5-dihydro-1,3-thiazol-2-yl)-2-(2,4-dichlorophenoxy)propanamide; ΔMass: -136.0195 Da]_NEG","[Similar to: N1-(4,5-dihydro-1,3-thiazol-2-yl)-2-(2,4-dichlorophenoxy)propanamide; ΔMass: -136.0195 Da]_NEG",plasma,MTBL,D,20.53429590991979,0.36071660686578255
n2093_NEG,n2093_NEG,plasma,MTBL,D,15.63665495333308,0.10909508081790609
L-Aspartate-semialdehyde_POS,L-Aspartate-semialdehyde_POS,plasma,MTBL,D,18.645380885094134,0.24275438467249622
p4637_POS,p4637_POS,plasma,MTBL,D,17.084859020463647,0.3037406849417117
N-acetyl zonisamide_POS,N-acetyl zonisamide_POS,plasma,MTBL,D,13.667080569871366,0.18117072506521037
Cyclopentylamine_POS,Cyclopentylamine_POS,plasma,MTBL,D,22.85939976820869,0.33398809485341907
Norfuraneol_POS,Norfuraneol_POS,plasma,MTBL,D,16.034936210097676,0.253701596715727
p1567_POS,p1567_POS,plasma,MTBL,D,15.782987366546095,0.17468946789301132
p4582_POS,p4582_POS,plasma,MTBL,D,16.39192555267246,0.38982060931250473
Lidocaine N-oxide_POS,Lidocaine N-oxide_POS,plasma,MTBL,D,15.357466016820915,0.2252665948968584
p908_POS,p908_POS,plasma,MTBL,D,18.828538046495105,0.22782599871220732
p1417_POS,p1417_POS,plasma,MTBL,D,21.06293127385563,0.26978447163267383
p5134_POS,p5134_POS,plasma,MTBL,D,11.696252191582158,0.03906180744881471
p1389_POS,p1389_POS,plasma,MTBL,D,21.30681997956762,0.1768827822664214
n3067_NEG,n3067_NEG,plasma,MTBL,D,12.291529586685282,0.13910051592545614
n2854_NEG,n2854_NEG,plasma,MTBL,D,18.186220216134814,0.3011151214526482
p2104_POS,p2104_POS,plasma,MTBL,D,19.233947834610404,0.3195509752379593
p78_POS,p78_POS,plasma,MTBL,D,24.54402106666943,0.20440350423261933
n3356_NEG,n3356_NEG,plasma,MTBL,D,11.712827013352072,0.03871177147687366
p729_POS,p729_POS,plasma,MTBL,D,23.233958171903645,0.2971879115402345
p3918_POS,p3918_POS,plasma,MTBL,D,17.679384289083725,0.30507702475014575
p3830_POS,p3830_POS,plasma,MTBL,D,17.86008688730852,0.34904072221500293
1-(2-Furylmethyl)-5-oxopyrrolidine-3-carboxylic acid_NEG,1-(2-Furylmethyl)-5-oxopyrrolidine-3-carboxylic acid_NEG,plasma,MTBL,D,14.683809156990844,0.18704346976875996
[Similar to: Creatine; ΔMass: 67.9874 Da]_NEG,[Similar to: Creatine; ΔMass: 67.9874 Da]_NEG,plasma,MTBL,D,19.601122021935147,0.42567599759255614
p2682_POS,p2682_POS,plasma,MTBL,D,20.032425172371674,0.2395296435651133
p1352_POS,p1352_POS,plasma,MTBL,D,19.966623503858223,0.5598564914837709
n3611_NEG,n3611_NEG,plasma,MTBL,D,14.5008910872352,0.06988660550683257
p2313_POS,p2313_POS,plasma,MTBL,D,18.392156968535062,0.4373321135062831
p1484_POS,p1484_POS,plasma,MTBL,D,19.908603512806202,0.2678605700448813
p1181_POS,p1181_POS,plasma,MTBL,D,16.14493142121506,0.23054620935505543
n1350_NEG,n1350_NEG,plasma,MTBL,D,20.735196449425814,0.19877179751822105
N-gamma-Glutamylglutamine_POS,N-gamma-Glutamylglutamine_POS,plasma,MTBL,D,20.562917716409807,0.2822634535571531
Squamolone_POS,Squamolone_POS,plasma,MTBL,D,19.87684575338015,0.38415981976515745
n2265_NEG,n2265_NEG,plasma,MTBL,D,18.070062739231588,0.21671306517118794
p1424_POS,p1424_POS,plasma,MTBL,D,20.631263925936032,0.19845820448311535
p3197_POS,p3197_POS,plasma,MTBL,D,16.40652769944832,0.3307093050194947
p3343_POS,p3343_POS,plasma,MTBL,D,13.453756178816795,0.02892690155415778
n1859_NEG,n1859_NEG,plasma,MTBL,D,19.445712889500918,0.19597862737325755
p1793_POS,p1793_POS,plasma,MTBL,D,20.470039252234944,0.1910317087514759
Chloric acid_NEG,Chloric acid_NEG,plasma,MTBL,D,14.07828212117909,0.09415236321225251
p4527_POS,p4527_POS,plasma,MTBL,D,12.75172760644893,0.15394589622839128
3-hydroxyoctanoyl carnitine_POS,3-hydroxyoctanoyl carnitine_POS,plasma,MTBL,D,13.730537107504354,0.24458708956429742
p5701_POS,p5701_POS,plasma,MTBL,D,11.717297697555761,0.37835388967399197
n1676_NEG,n1676_NEG,plasma,MTBL,D,20.020998324139555,0.1709003703141292
p695_POS,p695_POS,plasma,MTBL,D,22.435016053552907,0.26011289216865485
p5459_POS,p5459_POS,plasma,MTBL,D,15.545328375310671,0.14937711619197547
n2417_NEG,n2417_NEG,plasma,MTBL,D,18.67619170361082,0.22389431389267322
p4716_POS,p4716_POS,plasma,MTBL,D,12.410200682324074,0.18421135604656147
p4841_POS,p4841_POS,plasma,MTBL,D,12.391916723060572,0.04035682647194161
p846_POS,p846_POS,plasma,MTBL,D,18.235758950325398,0.3215263757857869
p3322_POS,p3322_POS,plasma,MTBL,D,18.90605882021344,0.2271319991769989
p1255_POS,p1255_POS,plasma,MTBL,D,20.1322981488066,0.32060548123050836
p3221_POS,p3221_POS,plasma,MTBL,D,18.73398507302116,0.49749058396856505
p4207_POS,p4207_POS,plasma,MTBL,D,14.77853229322006,0.2453351008694069
p4603_POS,p4603_POS,plasma,MTBL,D,12.784022017301973,0.14898931498031676
p4372_POS,p4372_POS,plasma,MTBL,D,13.875310614948637,0.1473285953926915
Diphenhydramine_POS,Diphenhydramine_POS,plasma,MTBL,D,15.062104419914832,0.22692173858711406
4-Nitrophenyl beta-D-xyloside_POS,4-Nitrophenyl beta-D-xyloside_POS,plasma,MTBL,D,11.898754581713872,0.04827343251071792
p1891_POS,p1891_POS,plasma,MTBL,D,19.514024575397936,0.33224697135555203
p2026_POS,p2026_POS,plasma,MTBL,D,15.494887265171464,0.23748061714897073
5-amino-N'-{[4-(benzyloxy)phenyl]methylene}-1-phenyl-1H-pyrazole-4-carbohydrazide_POS,5-amino-N'-{[4-(benzyloxy)phenyl]methylene}-1-phenyl-1H-pyrazole-4-carbohydrazide_POS,plasma,MTBL,D,13.131736162011263,0.12449209266714512
p2551_POS,p2551_POS,plasma,MTBL,D,13.354921560268842,0.04634157606031053
n1672_NEG,n1672_NEG,plasma,MTBL,D,19.986728267733092,0.13684569739007735
"4-[2-(2-oxo-1-imidazolidinyl)ethyl]-1lambda~6~,4-thiazinane-1,1-dione_POS","4-[2-(2-oxo-1-imidazolidinyl)ethyl]-1lambda~6~,4-thiazinane-1,1-dione_POS",plasma,MTBL,D,12.865439170092618,0.15672610872287862
p3733_POS,p3733_POS,plasma,MTBL,D,17.706059383783376,0.4167033321253193
p5655_POS,p5655_POS,plasma,MTBL,D,11.530824469372945,0.047365934236901275
p4862_POS,p4862_POS,plasma,MTBL,D,14.63390737404946,0.14352259487738994
n3008_NEG,n3008_NEG,plasma,MTBL,D,12.819265923550956,0.08309817781871054
n3646_NEG,n3646_NEG,plasma,MTBL,D,11.986011119766761,0.030532474644321184
n1734_NEG,n1734_NEG,plasma,MTBL,D,19.506444863375535,0.29502786050319507
p19_POS,p19_POS,plasma,MTBL,D,26.543869207632753,0.22265977585338526
p1342_POS,p1342_POS,plasma,MTBL,D,16.68543578871944,0.40233277128396594
n8_NEG,n8_NEG,plasma,MTBL,D,28.574122833480246,0.06712414443938819
p3066_POS,p3066_POS,plasma,MTBL,D,14.260890719134313,0.20074059832894964
n1860_NEG,n1860_NEG,plasma,MTBL,D,17.766068959516183,0.46785113702453174
p2853_POS,p2853_POS,plasma,MTBL,D,12.022688424221656,0.0798135432329774
p4073_POS,p4073_POS,plasma,MTBL,D,14.228839842340518,0.2425165510215388
1-Phenyl-1-pentanone_POS,1-Phenyl-1-pentanone_POS,plasma,MTBL,D,12.222677818391984,0.40994270695024504
p5149_POS,p5149_POS,plasma,MTBL,D,17.982198972425085,0.15137729193177307
p2164_POS,p2164_POS,plasma,MTBL,D,19.479312133158917,0.323709193606847
n1119_NEG,n1119_NEG,plasma,MTBL,D,20.577637971878524,0.14359418062562668
p3553_POS,p3553_POS,plasma,MTBL,D,12.682023287141988,0.16402537695989228
p3869_POS,p3869_POS,plasma,MTBL,D,15.246386309579202,0.4110252406536645
"3,3-dimethyl-5-oxo-5-(2-piperidinoanilino)pentanoic acid_NEG","3,3-dimethyl-5-oxo-5-(2-piperidinoanilino)pentanoic acid_NEG",plasma,MTBL,D,12.504306012676821,0.07843908382478038
Phosphate_NEG,Phosphate_NEG,plasma,MTBL,D,26.133559710207784,0.16950949611156574
p2824_POS,p2824_POS,plasma,MTBL,D,20.390504657500713,0.1794000306893082
p3713_POS,p3713_POS,plasma,MTBL,D,17.30587706947459,0.6276575347217577
p5081_POS,p5081_POS,plasma,MTBL,D,13.372726746579502,0.24514326213505377
n3447_NEG,n3447_NEG,plasma,MTBL,D,14.478419330340234,0.3167618457417154
n2032_NEG,n2032_NEG,plasma,MTBL,D,18.969182561647976,0.2462300690629302
p2197_POS,p2197_POS,plasma,MTBL,D,15.179394587424351,0.1712911870417777
n276_NEG,n276_NEG,plasma,MTBL,D,24.41070107569327,0.1289451672322688
p54_POS,p54_POS,plasma,MTBL,D,26.774701073057805,0.13122831496020027
2-Furancarboxaldehyde_NEG,2-Furancarboxaldehyde_NEG,plasma,MTBL,D,18.272419230087685,0.2105997585962669
"(2S,4R)-4-Aminopyrrolidine-2-carboxylic acid_POS","(2S,4R)-4-Aminopyrrolidine-2-carboxylic acid_POS",plasma,MTBL,D,20.456447359310133,0.3795657413655231
p4977_POS,p4977_POS,plasma,MTBL,D,18.35674206220187,0.10029236688125387
Endothion_POS,Endothion_POS,plasma,MTBL,D,13.225158218336903,0.041219308450937575
2-Amino-5-isopentyl-6-methylpyrimidin-4-ol_POS,2-Amino-5-isopentyl-6-methylpyrimidin-4-ol_POS,plasma,MTBL,D,20.196632687516157,0.06157454759585157
L-Glutamic acid_POS,L-Glutamic acid_POS,plasma,MTBL,D,22.637484181212358,0.399519487924584
n2755_NEG,n2755_NEG,plasma,MTBL,D,17.970985618441212,0.22440431036088526
2-Ethylpyrazine_POS,2-Ethylpyrazine_POS,plasma,MTBL,D,14.400590871100214,0.17467239637712328
[Similar to: NP-004031; ΔMass: -416.3678 Da]_NEG,[Similar to: NP-004031; ΔMass: -416.3678 Da]_NEG,plasma,MTBL,D,17.52333574551779,0.2665281301768516
p3752_POS,p3752_POS,plasma,MTBL,D,14.628183080848963,0.15293081739009295
n3153_NEG,n3153_NEG,plasma,MTBL,D,14.672950017691374,0.7834439721538322
p2635_POS,p2635_POS,plasma,MTBL,D,20.24757898176044,0.3032415915575086
p272_POS,p272_POS,plasma,MTBL,D,25.08343345170757,0.13058005134753436
Hydroxy bupropion_POS,Hydroxy bupropion_POS,plasma,MTBL,D,16.27856661248002,0.04461556860815108
Cotinine N-oxide_POS,Cotinine N-oxide_POS,plasma,MTBL,D,13.317052437965861,0.08346311135687934
[Similar to: Threonine; ΔMass: 83.9612 Da]_NEG,[Similar to: Threonine; ΔMass: 83.9612 Da]_NEG,plasma,MTBL,D,18.189019181725467,0.329356270335607
n1095_NEG,n1095_NEG,plasma,MTBL,D,17.695372366915308,0.20200231034492866
n2148_NEG,n2148_NEG,plasma,MTBL,D,19.522798165986842,0.15902258253224666
Mevalonic acid_POS,Mevalonic acid_POS,plasma,MTBL,D,19.010094427507404,0.21904081306734113
Furodazole_NEG,Furodazole_NEG,plasma,MTBL,D,14.877191158866808,0.4333726961659572
p1665_POS,p1665_POS,plasma,MTBL,D,21.63595160025463,0.21897032677451556
p4129_POS,p4129_POS,plasma,MTBL,D,13.981599389682376,0.315683720381684
"[6-(5-Chloropyridin-2-yl)-7-hydroxypyrrolo[3,4-b]pyrazin-5-yl] 4-methylpiperazine-1-carboxylate_POS","[6-(5-Chloropyridin-2-yl)-7-hydroxypyrrolo[3,4-b]pyrazin-5-yl] 4-methylpiperazine-1-carboxylate_POS",plasma,MTBL,D,12.651250188933677,0.1292648253241131
p5730_POS,p5730_POS,plasma,MTBL,D,12.627225172917317,0.2776789607036285
n2808_NEG,n2808_NEG,plasma,MTBL,D,18.094669951550785,0.20400237191995885
p3903_POS,p3903_POS,plasma,MTBL,D,17.27956592240502,0.3556384392057783
n1669_NEG,n1669_NEG,plasma,MTBL,D,20.39452137570595,0.1281931996032455
Tolmetin_POS,Tolmetin_POS,plasma,MTBL,D,12.92027946942232,0.2619824262968109
"(2,6-dimethylpiperidino)(3,4,5-trimethoxyphenyl)methanone_POS","(2,6-dimethylpiperidino)(3,4,5-trimethoxyphenyl)methanone_POS",plasma,MTBL,D,12.697689040724914,0.35140971613637717
p2638_POS,p2638_POS,plasma,MTBL,D,14.804836390049525,0.2013843375296478
p2936_POS,p2936_POS,plasma,MTBL,D,18.341596948197616,0.3863241649315423
p3955_POS,p3955_POS,plasma,MTBL,D,15.56304265665434,0.17421814897048016
p469_POS,p469_POS,plasma,MTBL,D,20.142593560963057,0.2252864301602635
p1386_POS,p1386_POS,plasma,MTBL,D,18.518313173052057,0.34911742602975515
p5720_POS,p5720_POS,plasma,MTBL,D,13.024929585081999,0.08602155113700238
p21_POS,p21_POS,plasma,MTBL,D,27.67182081891148,0.1547306231562917
p2948_POS,p2948_POS,plasma,MTBL,D,18.576551589218653,0.26567213968910686
p5727_POS,p5727_POS,plasma,MTBL,D,12.667502057710099,0.1881010913008785
p940_POS,p940_POS,plasma,MTBL,D,21.478171449628746,0.14717362388841337
p5781_POS,p5781_POS,plasma,MTBL,D,12.434973314575274,0.11149363745650032
p2105_POS,p2105_POS,plasma,MTBL,D,19.311150926128576,0.2472225420535299
p4403_POS,p4403_POS,plasma,MTBL,D,12.484403484362534,0.27365697079035467
n2040_NEG,n2040_NEG,plasma,MTBL,D,18.771452016065332,0.19379836202044842
p657_POS,p657_POS,plasma,MTBL,D,22.7442049044014,0.15631366666101165
p2219_POS,p2219_POS,plasma,MTBL,D,13.927530572339796,0.09539518286904602
L-Histidine_POS,L-Histidine_POS,plasma,MTBL,D,23.892447945495043,0.2566889828433272
2-Hydroxyquinoline_POS,2-Hydroxyquinoline_POS,plasma,MTBL,D,21.710460081030895,0.2234594442484923
p5003_POS,p5003_POS,plasma,MTBL,D,13.244481746265201,0.2879119088523705
p5734_POS,p5734_POS,plasma,MTBL,D,12.268833707071892,0.12424782695811754
p5004_POS,p5004_POS,plasma,MTBL,D,12.085253728013196,0.10233445443411071
n2606_NEG,n2606_NEG,plasma,MTBL,D,15.787846907947293,0.11569130422088669
"7-(2-thienyl)[1,2,4]triazolo[4,3-a]pyrimidine_POS","7-(2-thienyl)[1,2,4]triazolo[4,3-a]pyrimidine_POS",plasma,MTBL,D,19.054705372599706,0.34787371176416926
p302_POS,p302_POS,plasma,MTBL,D,22.590306683475113,0.16250360399310537
p4812_POS,p4812_POS,plasma,MTBL,D,15.031049125323234,0.24602930021740743
p139_POS,p139_POS,plasma,MTBL,D,22.624656616163733,0.09244476758292208
n3820_NEG,n3820_NEG,plasma,MTBL,D,15.642167630442636,0.2828100006697083
"N-methyl-4,6,7-trihydroxy-1,2,3,4-tetrahydroisoquinoline_POS","N-methyl-4,6,7-trihydroxy-1,2,3,4-tetrahydroisoquinoline_POS",plasma,MTBL,D,11.69597892675738,0.04863299258808329
n3802_NEG,n3802_NEG,plasma,MTBL,D,12.034985023973928,0.1090438381850296
p341_POS,p341_POS,plasma,MTBL,D,24.659330070870894,0.13918675262069335
Loratadine_POS,Loratadine_POS,plasma,MTBL,D,12.714042863440323,0.14666004480124695
n105_NEG,n105_NEG,plasma,MTBL,D,25.582862655870642,0.07035567095572048
n3291_NEG,n3291_NEG,plasma,MTBL,D,13.3431310725311,0.13290808653983532
p306_POS,p306_POS,plasma,MTBL,D,23.866827545131187,0.300052427089863
p782_POS,p782_POS,plasma,MTBL,D,21.78617259576091,0.2521906858756804
p365_POS,p365_POS,plasma,MTBL,D,23.5289702398505,0.18196318407442114
p385_POS,p385_POS,plasma,MTBL,D,22.353675040306697,0.2244168100547963
p781_POS,p781_POS,plasma,MTBL,D,21.751312740517214,0.24201009296413822
p3007_POS,p3007_POS,plasma,MTBL,D,14.251165217688404,0.09898241509057648
p2955_POS,p2955_POS,plasma,MTBL,D,19.75956903146465,0.11637726527828107
p1126_POS,p1126_POS,plasma,MTBL,D,21.330484762094194,0.2604265089201867
"5-(methoxymethyl)-2-(2-thienyl)-4,7-dihydropyrazolo[1,5-a]pyrimidin-7-one_NEG","5-(methoxymethyl)-2-(2-thienyl)-4,7-dihydropyrazolo[1,5-a]pyrimidin-7-one_NEG",plasma,MTBL,D,17.07776523630571,0.30038377389038473
p3532_POS,p3532_POS,plasma,MTBL,D,13.519936530980178,0.5157683709475442
TRIETHYLENE GLYCOL_POS,TRIETHYLENE GLYCOL_POS,plasma,MTBL,D,22.74573747365408,0.10704144798699744
p1862_POS,p1862_POS,plasma,MTBL,D,19.935271609337786,0.26526032396104426
p2595_POS,p2595_POS,plasma,MTBL,D,15.640945354776807,0.19825428449127447
DL-α-Aminocaprylic acid_POS,DL-α-Aminocaprylic acid_POS,plasma,MTBL,D,15.099935865537315,0.602623211933488
p482_POS,p482_POS,plasma,MTBL,D,22.553172960771064,0.20002864623591776
p3912_POS,p3912_POS,plasma,MTBL,D,18.4032817904575,0.32221327477375894
p3617_POS,p3617_POS,plasma,MTBL,D,15.76007083444814,0.3212821315768082
p3070_POS,p3070_POS,plasma,MTBL,D,14.189975238181372,0.15129734903966785
n2807_NEG,n2807_NEG,plasma,MTBL,D,18.085060951022225,0.20168343937770494
n2239_NEG,n2239_NEG,plasma,MTBL,D,14.683062501819103,0.20052637118904038
p4636_POS,p4636_POS,plasma,MTBL,D,16.72190426256461,0.16972705851439152
p3162_POS,p3162_POS,plasma,MTBL,D,15.196296393173931,0.37933517614478873
"3-[(4-Chlorophenyl)thio]-6-(3,5-dimethyl-1H-pyrazol-1-yl)pyridazine_POS","3-[(4-Chlorophenyl)thio]-6-(3,5-dimethyl-1H-pyrazol-1-yl)pyridazine_POS",plasma,MTBL,D,24.321026304997446,0.20473923590589393
p2737_POS,p2737_POS,plasma,MTBL,D,15.856029668757095,0.17149846735980567
p2861_POS,p2861_POS,plasma,MTBL,D,15.509275448503553,0.3711474567532633
PEG n8_POS,PEG n8_POS,plasma,MTBL,D,25.54316267933393,0.17928860433065452
p3850_POS,p3850_POS,plasma,MTBL,D,17.957690314554874,0.2666975649046126
morpholino(quinolin-6-yl)methanone_POS,morpholino(quinolin-6-yl)methanone_POS,plasma,MTBL,D,17.716199370315508,0.4289640833902588
p2851_POS,p2851_POS,plasma,MTBL,D,17.94165392330004,0.20459611460906935
p3819_POS,p3819_POS,plasma,MTBL,D,14.38343576000691,0.16172993067023977
p3063_POS,p3063_POS,plasma,MTBL,D,14.282535133383472,0.18341585959634532
p2899_POS,p2899_POS,plasma,MTBL,D,13.465664348871574,0.049131012084608905
n1309_NEG,n1309_NEG,plasma,MTBL,D,12.903017493421357,0.03893034774311399
p4272_POS,p4272_POS,plasma,MTBL,D,13.806083709002985,0.057703481982742666
p180_POS,p180_POS,plasma,MTBL,D,23.928350758877365,0.2275442157233858
p1475_POS,p1475_POS,plasma,MTBL,D,21.964891723865666,0.29614733710918273
p4376_POS,p4376_POS,plasma,MTBL,D,15.695554297048819,0.16466028705663405
p2203_POS,p2203_POS,plasma,MTBL,D,18.39121054892948,0.1795316342122142
Hypocrellutin A_POS,Hypocrellutin A_POS,plasma,MTBL,D,14.875131339044568,0.04590636274078985
N-carboxyethyl dimethyl ammonio propyl perfluorodecane sulfonamido propanoic acid;N-carboxyethyl dimethyl ammonio propyl perfluorodecane sulfonamido propanoic acid;sulfonamido (propyl carboxylate) propyl dimethyl amino propyl carboxylate_POS,N-carboxyethyl dimethyl ammonio propyl perfluorodecane sulfonamido propanoic acid;N-carboxyethyl dimethyl ammonio propyl perfluorodecane sulfonamido propanoic acid;sulfonamido (propyl carboxylate) propyl dimethyl amino propyl carboxylate_POS,plasma,MTBL,D,16.28800294877463,0.4142320207645316
3-Hydroxymonoethylglycinexylidide_POS,3-Hydroxymonoethylglycinexylidide_POS,plasma,MTBL,D,14.564611025019538,0.13817082845835404
p5433_POS,p5433_POS,plasma,MTBL,D,13.138356203602545,0.2567458508543332
p4060_POS,p4060_POS,plasma,MTBL,D,18.202521192857255,0.34223038045891485
p4851_POS,p4851_POS,plasma,MTBL,D,13.641879419903939,0.3503689017384142
p1650_POS,p1650_POS,plasma,MTBL,D,12.930198646193766,0.041817128099779666
n3171_NEG,n3171_NEG,plasma,MTBL,D,14.552585078885242,0.3409383845562317
p2695_POS,p2695_POS,plasma,MTBL,D,14.698113933909047,0.17488504003482674
tetrahomomethionine_POS,tetrahomomethionine_POS,plasma,MTBL,D,11.761658337203388,0.2566506538156501
p694_POS,p694_POS,plasma,MTBL,D,22.435016053552907,0.26011289216865485
n1125_NEG,n1125_NEG,plasma,MTBL,D,21.77020774216042,0.1216439101769815
p1546_POS,p1546_POS,plasma,MTBL,D,19.99278230190323,0.41521876657119705
p5280_POS,p5280_POS,plasma,MTBL,D,13.539902684415182,0.17381442398780766
n2029_NEG,n2029_NEG,plasma,MTBL,D,14.535868118337056,0.2389987196618817
p2109_POS,p2109_POS,plasma,MTBL,D,19.184468809131026,0.4926545652553376
p2156_POS,p2156_POS,plasma,MTBL,D,20.12537507879675,0.2341388486086231
p1779_POS,p1779_POS,plasma,MTBL,D,20.31887177446842,0.16849086210743458
Tetramethylene sulfoxide_POS,Tetramethylene sulfoxide_POS,plasma,MTBL,D,12.929986353839865,0.25440207485435984
p3065_POS,p3065_POS,plasma,MTBL,D,18.623307824269187,0.23105047422428626
n850_NEG,n850_NEG,plasma,MTBL,D,21.34021242052558,0.12677546098239567
p3684_POS,p3684_POS,plasma,MTBL,D,13.570358339038155,0.1556823968531802
p5377_POS,p5377_POS,plasma,MTBL,D,11.393036657565382,0.13330995837686377
p3667_POS,p3667_POS,plasma,MTBL,D,15.23237687096801,0.3395903331647494
p3257_POS,p3257_POS,plasma,MTBL,D,14.00545501926089,0.14873631724067682
n3694_NEG,n3694_NEG,plasma,MTBL,D,12.255629121684482,0.13587961137371796
[Similar to: DL-Arginine; ΔMass: 180.0636 Da]_NEG,[Similar to: DL-Arginine; ΔMass: 180.0636 Da]_NEG,plasma,MTBL,D,14.961422674969427,0.19831198529360528
p5179_POS,p5179_POS,plasma,MTBL,D,13.12340114181116,0.13748931817361498
p1104_POS,p1104_POS,plasma,MTBL,D,20.985669601493974,0.25774358579151624
n3088_NEG,n3088_NEG,plasma,MTBL,D,14.649441839453722,0.06020424463786078
n3940_NEG,n3940_NEG,plasma,MTBL,D,8.727463269025986,0.07761927162653581
p4606_POS,p4606_POS,plasma,MTBL,D,12.716868943543645,0.12135633761312192
p508_POS,p508_POS,plasma,MTBL,D,23.012518382622375,0.2466564348857574
n2397_NEG,n2397_NEG,plasma,MTBL,D,18.705172709472002,0.25230040251325114
L-Phenylalanine_POS,L-Phenylalanine_POS,plasma,MTBL,D,20.297129678697658,0.2057621113350354
p5769_POS,p5769_POS,plasma,MTBL,D,11.677210891028736,0.11020208241863028
p5463_POS,p5463_POS,plasma,MTBL,D,16.385747345084418,0.28486300162371947
NP-020535_POS,NP-020535_POS,plasma,MTBL,D,13.491202555552526,0.11884825079627159
p630_POS,p630_POS,plasma,MTBL,D,21.298530976478048,0.21273712592017802
p4914_POS,p4914_POS,plasma,MTBL,D,12.078372049712417,0.06543209828456575
p5785_POS,p5785_POS,plasma,MTBL,D,12.019407702567744,0.17503923338430383
Penerpene I_POS,Penerpene I_POS,plasma,MTBL,D,13.166880988238567,0.18104948209120408
p639_POS,p639_POS,plasma,MTBL,D,20.0664841430985,0.3570059138769217
n1819_NEG,n1819_NEG,plasma,MTBL,D,19.77479088099156,0.1624754772161463
n1351_NEG,n1351_NEG,plasma,MTBL,D,20.336529804185055,0.15597718942565386
n2394_NEG,n2394_NEG,plasma,MTBL,D,16.784831275180004,0.16169198480698022
p5156_POS,p5156_POS,plasma,MTBL,D,13.823803661154379,0.33454822023581343
gamma-Butyrolactone_NEG,gamma-Butyrolactone_NEG,plasma,MTBL,D,18.630565803725517,0.20250547412985753
n2599_NEG,n2599_NEG,plasma,MTBL,D,17.778239811500974,0.41506268765664345
p1590_POS,p1590_POS,plasma,MTBL,D,20.784257477444882,0.16903222649679606
p1993_POS,p1993_POS,plasma,MTBL,D,20.053380370035722,0.19342503235152364
n318_NEG,n318_NEG,plasma,MTBL,D,24.01182079483008,0.12862830461617492
p1700_POS,p1700_POS,plasma,MTBL,D,20.85008178873904,0.2781505534822415
p2435_POS,p2435_POS,plasma,MTBL,D,15.185753018207805,0.2939229574200448
p1002_POS,p1002_POS,plasma,MTBL,D,17.827503254273893,0.16329678273868176
"2,2,4-Trimethyl-1,3-dioxolane_POS","2,2,4-Trimethyl-1,3-dioxolane_POS",plasma,MTBL,D,14.3226381167613,0.46929297911613066
p2082_POS,p2082_POS,plasma,MTBL,D,19.212716870243696,0.26820676215233163
p3747_POS,p3747_POS,plasma,MTBL,D,13.988359820326938,0.1449672742983843
p5176_POS,p5176_POS,plasma,MTBL,D,12.462167309990608,0.030028675950449113
n304_NEG,n304_NEG,plasma,MTBL,D,22.103240143304944,0.17996334188109486
N-cyclooctylurea_POS,N-cyclooctylurea_POS,plasma,MTBL,D,20.495792422331803,0.09338178716743961
p1300_POS,p1300_POS,plasma,MTBL,D,22.102933579473095,0.3255770124344064
[Similar to: L-Threonic acid; ΔMass: 67.9873 Da]_NEG,[Similar to: L-Threonic acid; ΔMass: 67.9873 Da]_NEG,plasma,MTBL,D,19.94032916369911,0.4200737666920311
p5288_POS,p5288_POS,plasma,MTBL,D,13.171510336324108,0.2600269476134045
p3475_POS,p3475_POS,plasma,MTBL,D,11.873441267525681,0.16796349497112306
p2683_POS,p2683_POS,plasma,MTBL,D,20.032425172371674,0.2395296435651133
[Similar to: N2-[3-(Trifluoromethyl)phenyl]-5-[2-(methylthio)pyrimidin-4-yl]thiophene-2-sulfonamide; ΔMass: 35.9766 Da]_NEG,[Similar to: N2-[3-(Trifluoromethyl)phenyl]-5-[2-(methylthio)pyrimidin-4-yl]thiophene-2-sulfonamide; ΔMass: 35.9766 Da]_NEG,plasma,MTBL,D,11.503415764329965,0.04048214211717305
Trichosorbicillin G_POS,Trichosorbicillin G_POS,plasma,MTBL,D,12.949128049858647,0.12879146139173692
p1755_POS,p1755_POS,plasma,MTBL,D,20.454224261548685,0.16265367690184185
p456_POS,p456_POS,plasma,MTBL,D,24.688227568168372,0.08532150853877418
p2093_POS,p2093_POS,plasma,MTBL,D,12.516008000028116,0.3625630057450504
Pyruvic acid_NEG,Pyruvic acid_NEG,plasma,MTBL,D,19.81152574171341,0.1431872269731258
n523_NEG,n523_NEG,plasma,MTBL,D,22.360173945946823,0.06903816833429666
Tolyporphin C_POS,Tolyporphin C_POS,plasma,MTBL,D,17.679628470924676,0.3790917445914488
2-Aminoisobutyric acid_POS,2-Aminoisobutyric acid_POS,plasma,MTBL,D,21.221655604588214,0.36044587379282333
p2174_POS,p2174_POS,plasma,MTBL,D,15.22165920036357,0.4735073240699901
p3308_POS,p3308_POS,plasma,MTBL,D,19.454927420658276,0.124845111300111
n2178_NEG,n2178_NEG,plasma,MTBL,D,18.61279739615857,0.22592795354538175
p1481_POS,p1481_POS,plasma,MTBL,D,18.14135710994788,0.5373561943676108
p3212_POS,p3212_POS,plasma,MTBL,D,18.924428284433162,0.2551500745815005
p3134_POS,p3134_POS,plasma,MTBL,D,18.994395849455874,0.31486940007912523
Azetidomonamide A_POS,Azetidomonamide A_POS,plasma,MTBL,D,14.906705562388591,0.0416711692377838
p3907_POS,p3907_POS,plasma,MTBL,D,18.46951894768383,0.334165683265752
p5107_POS,p5107_POS,plasma,MTBL,D,12.253438128682243,0.20184649464327276
[Similar to: Asparagine; ΔMass: 67.9873 Da]_NEG,[Similar to: Asparagine; ΔMass: 67.9873 Da]_NEG,plasma,MTBL,D,19.56169439818381,0.23097025712453778
"1-Phenylhexahydropyridazine-3,6-dione_POS","1-Phenylhexahydropyridazine-3,6-dione_POS",plasma,MTBL,D,18.016364707923238,0.39896877348147086
"1-(2,2-Dichloroethyl)-1-nitrosourea_POS","1-(2,2-Dichloroethyl)-1-nitrosourea_POS",plasma,MTBL,D,20.908842419453727,0.23178881229275916
p3919_POS,p3919_POS,plasma,MTBL,D,13.22658117099672,0.21272499464491545
n1874_NEG,n1874_NEG,plasma,MTBL,D,19.088765596695445,0.09293096914057664
p5333_POS,p5333_POS,plasma,MTBL,D,15.44510878862825,0.08541596949765307
p3422_POS,p3422_POS,plasma,MTBL,D,18.593387625490966,0.31575914385570947
p2865_POS,p2865_POS,plasma,MTBL,D,15.797383374404827,0.1199863345931167
p3424_POS,p3424_POS,plasma,MTBL,D,14.665880659927158,0.3073019881367509
p3252_POS,p3252_POS,plasma,MTBL,D,16.51342896764938,0.05675054907146304
p1468_POS,p1468_POS,plasma,MTBL,D,13.570803362010924,0.2360151887791897
n1793_NEG,n1793_NEG,plasma,MTBL,D,19.976650805876854,0.15927265821653336
p4704_POS,p4704_POS,plasma,MTBL,D,17.40697750859056,0.3932000416161969
n1506_NEG,n1506_NEG,plasma,MTBL,D,17.044268366940827,0.2828534606951809
Caprolactin A_POS,Caprolactin A_POS,plasma,MTBL,D,12.884426567909845,0.18239227178331507
Isobutyric acid_POS,Isobutyric acid_POS,plasma,MTBL,D,25.407492304150868,0.10785807937304881
p5187_POS,p5187_POS,plasma,MTBL,D,13.717845135372805,0.10636551061848731
p3379_POS,p3379_POS,plasma,MTBL,D,12.871547021357145,0.20971656222029367
"N'-{6-[(5-chloro-3-pyridyl)oxy]-3-pyridyl}-N,N-dimethyliminoformamide_POS","N'-{6-[(5-chloro-3-pyridyl)oxy]-3-pyridyl}-N,N-dimethyliminoformamide_POS",plasma,MTBL,D,13.554496590925819,0.042939647017896654
p3294_POS,p3294_POS,plasma,MTBL,D,12.414114868981333,0.20885781184456054
4-Hydroxyproline_NEG,4-Hydroxyproline_NEG,plasma,MTBL,D,17.705872079163395,0.3133439077247786
n2281_NEG,n2281_NEG,plasma,MTBL,D,18.048889403141082,0.22770132808390997
Taurine_NEG,Taurine_NEG,plasma,MTBL,D,21.26874735731905,0.29093861856372527
p2857_POS,p2857_POS,plasma,MTBL,D,20.139686495182495,0.24366393346106108
n2473_NEG,n2473_NEG,plasma,MTBL,D,19.453697505099868,0.1770864714833369
p5543_POS,p5543_POS,plasma,MTBL,D,11.014941761580628,0.04880251690825066
p5128_POS,p5128_POS,plasma,MTBL,D,12.359153536424955,0.2894577818547397
p2781_POS,p2781_POS,plasma,MTBL,D,13.327062440660043,0.12353757625588369
p4506_POS,p4506_POS,plasma,MTBL,D,14.582037470661009,0.21613302771956722
"4-(3,4-dimethylphenyl)-1-thia-4-azaspiro[4.5]decan-3-one_POS","4-(3,4-dimethylphenyl)-1-thia-4-azaspiro[4.5]decan-3-one_POS",plasma,MTBL,D,16.859036202030154,0.4349668761097565
"5?[(1E)?2?[4?(dimethylamino)phenyl]diazen?1?yl]pyrimidine?2,4,6?triamine_POS","5?[(1E)?2?[4?(dimethylamino)phenyl]diazen?1?yl]pyrimidine?2,4,6?triamine_POS",plasma,MTBL,D,13.247526268517358,0.11664428477169864
p3219_POS,p3219_POS,plasma,MTBL,D,20.30511383903424,0.3540366085027369
p937_POS,p937_POS,plasma,MTBL,D,16.43724910043752,0.37858880868222755
p3905_POS,p3905_POS,plasma,MTBL,D,14.281913933266651,0.11103461731664233
(+-)-trans-3-Methyl norfentanyl_POS,(+-)-trans-3-Methyl norfentanyl_POS,plasma,MTBL,D,16.846883151503313,0.1253767131001151
p4133_POS,p4133_POS,plasma,MTBL,D,12.866647364894693,0.17917690429620325
p3222_POS,p3222_POS,plasma,MTBL,D,18.989152701376057,0.24320542393766154
p5215_POS,p5215_POS,plasma,MTBL,D,15.442606760830794,0.1753798531321369
p187_POS,p187_POS,plasma,MTBL,D,24.895893713639502,0.15809176955820092
n3638_NEG,n3638_NEG,plasma,MTBL,D,16.18480053629068,0.14770580293241586
p2126_POS,p2126_POS,plasma,MTBL,D,18.05299669369652,0.24219342006373523
p2409_POS,p2409_POS,plasma,MTBL,D,19.47200118511244,0.189037090879264
p2957_POS,p2957_POS,plasma,MTBL,D,12.446568128224113,0.171465690639085
p3922_POS,p3922_POS,plasma,MTBL,D,13.603298530227153,0.249518685805298
3-Hydroxybupivicaine_POS,3-Hydroxybupivicaine_POS,plasma,MTBL,D,13.376103234096254,0.19274034106610927
p4009_POS,p4009_POS,plasma,MTBL,D,14.880170459072971,0.6316159688467105
p1123_POS,p1123_POS,plasma,MTBL,D,12.935201859448494,0.17217934924825862
n2917_NEG,n2917_NEG,plasma,MTBL,D,12.70448309039393,0.04846269655775881
Asparagine_POS,Asparagine_POS,plasma,MTBL,D,21.90494783794138,0.23513944036827894
p1892_POS,p1892_POS,plasma,MTBL,D,19.449155712623302,0.3227191988536031
p3793_POS,p3793_POS,plasma,MTBL,D,16.0120283950503,0.5594127509911342
n651_NEG,n651_NEG,plasma,MTBL,D,21.965119019880795,0.06611744487888593
p1507_POS,p1507_POS,plasma,MTBL,D,20.81513451252947,0.103395541655944
Rigidiusculamide A_POS,Rigidiusculamide A_POS,plasma,MTBL,D,12.777857899610645,0.2847768475578034
"2-(2,6-dimethoxyphenyl)-5,6-dimethoxy-4H-chromen-4-one_POS","2-(2,6-dimethoxyphenyl)-5,6-dimethoxy-4H-chromen-4-one_POS",plasma,MTBL,D,15.473666010139134,1.3047954229987369
p2634_POS,p2634_POS,plasma,MTBL,D,20.245940474778003,0.30320059526435905
n3543_NEG,n3543_NEG,plasma,MTBL,D,12.048217840847503,0.03029397745115503
p3344_POS,p3344_POS,plasma,MTBL,D,17.85400725268857,0.2729514841747722
p3870_POS,p3870_POS,plasma,MTBL,D,15.311746763541588,0.39373886285642623
Validoxylamine G_POS,Validoxylamine G_POS,plasma,MTBL,D,13.787118807662448,0.12813533264385768
2-Aminothiazole_POS,2-Aminothiazole_POS,plasma,MTBL,D,11.957115219360656,0.028434283535422544
p3474_POS,p3474_POS,plasma,MTBL,D,12.041616328301842,0.2604226812916224
n2275_NEG,n2275_NEG,plasma,MTBL,D,13.56907369859983,0.09905280498914859
n1974_NEG,n1974_NEG,plasma,MTBL,D,17.158480268427326,0.1984288560450942
n1114_NEG,n1114_NEG,plasma,MTBL,D,20.00000597853986,0.5210834431975844
p1817_POS,p1817_POS,plasma,MTBL,D,20.270345171106392,0.19701091742100196
p1436_POS,p1436_POS,plasma,MTBL,D,22.053627975619705,0.21527230956019494
n2282_NEG,n2282_NEG,plasma,MTBL,D,17.653689427063544,0.3885424275995959
p1887_POS,p1887_POS,plasma,MTBL,D,19.83456791046268,0.31947622770301365
(5R)-5-Hydroxyhexanoic acid_POS,(5R)-5-Hydroxyhexanoic acid_POS,plasma,MTBL,D,12.378491472807003,0.09846244093865852
n2187_NEG,n2187_NEG,plasma,MTBL,D,17.324683180761625,0.1265563012383275
n2444_NEG,n2444_NEG,plasma,MTBL,D,18.712466525210218,0.19727421291145575
p2597_POS,p2597_POS,plasma,MTBL,D,19.220752208039606,0.16764221054384443
p2958_POS,p2958_POS,plasma,MTBL,D,12.254762361576534,0.18412736954165432
p3129_POS,p3129_POS,plasma,MTBL,D,18.134014678853994,0.5431899551884349
n2439_NEG,n2439_NEG,plasma,MTBL,D,18.826106289748346,0.1435639368784276
p3258_POS,p3258_POS,plasma,MTBL,D,18.72284129363687,0.34471171545457757
p5042_POS,p5042_POS,plasma,MTBL,D,13.20949634207965,0.17184476935979287
p294_POS,p294_POS,plasma,MTBL,D,23.951631982996126,0.1683362950115761
p2049_POS,p2049_POS,plasma,MTBL,D,15.473909792246264,0.5681974530744798
p5532_POS,p5532_POS,plasma,MTBL,D,12.770908544917724,0.251233515233646
D3-Alanine_POS,D3-Alanine_POS,plasma,MTBL,D,22.198374061061678,0.16358136020685343
n2059_NEG,n2059_NEG,plasma,MTBL,D,19.01181010747495,0.18408963521352462
p2665_POS,p2665_POS,plasma,MTBL,D,17.72867376837823,0.2066377508877384
p1044_POS,p1044_POS,plasma,MTBL,D,21.11491378574235,0.24948710246239614
N'-Hydroxy-4-pentylbenzenecarboximidamide_POS,N'-Hydroxy-4-pentylbenzenecarboximidamide_POS,plasma,MTBL,D,14.530898270884222,0.2735732862941118
Acetylcholine_POS,Acetylcholine_POS,plasma,MTBL,D,19.91113855951393,0.3313612656421867
n2815_NEG,n2815_NEG,plasma,MTBL,D,16.669569994161108,0.43438582829034544
p3534_POS,p3534_POS,plasma,MTBL,D,16.64920052099209,0.21711995507984483
p5011_POS,p5011_POS,plasma,MTBL,D,13.55848874551431,0.13188877418394895
p28_POS,p28_POS,plasma,MTBL,D,27.225637083789035,0.166849705348886
p502_POS,p502_POS,plasma,MTBL,D,23.00613736431525,0.21497264506530023
p983_POS,p983_POS,plasma,MTBL,D,19.524888394742078,0.3288138384966306
p3963_POS,p3963_POS,plasma,MTBL,D,15.800753122801966,0.19459507512971808
p917_POS,p917_POS,plasma,MTBL,D,23.198661060781493,0.1803380320698622
4-Hydroxybenzotriazole_POS,4-Hydroxybenzotriazole_POS,plasma,MTBL,D,22.875337812025222,0.18607379480345543
n406_NEG,n406_NEG,plasma,MTBL,D,21.817152532147468,0.20909965102325856
n3935_NEG,n3935_NEG,plasma,MTBL,D,8.494708952103311,0.05098115024100203
n991_NEG,n991_NEG,plasma,MTBL,D,18.42386372609922,0.2259745731181102
Cysteineglutathione disulfide_POS,Cysteineglutathione disulfide_POS,plasma,MTBL,D,18.954961151065675,0.4100167154442307
n2674_NEG,n2674_NEG,plasma,MTBL,D,18.405563599572627,0.2245229844417711
p149_POS,p149_POS,plasma,MTBL,D,25.015714561676333,0.15344688590370126
n3100_NEG,n3100_NEG,plasma,MTBL,D,17.96690609022208,0.25441882566967955
p2332_POS,p2332_POS,plasma,MTBL,D,14.950663012326538,0.4291344403191806
p5291_POS,p5291_POS,plasma,MTBL,D,9.411701585592944,0.030998187358330043
"2,3,5-Hexanetrione_POS","2,3,5-Hexanetrione_POS",plasma,MTBL,D,12.618865319556512,0.17800785020441712
n2382_NEG,n2382_NEG,plasma,MTBL,D,18.93536879510468,0.28768279693794874
n2856_NEG,n2856_NEG,plasma,MTBL,D,17.47256474672301,0.27352281190615635
p901_POS,p901_POS,plasma,MTBL,D,20.027513186705566,0.17585778768119376
p4590_POS,p4590_POS,plasma,MTBL,D,15.023618764127239,0.26204352608659764
p767_POS,p767_POS,plasma,MTBL,D,21.820896394923263,0.2199298543199415
p1256_POS,p1256_POS,plasma,MTBL,D,15.209834082242468,0.2306269405399135
p874_POS,p874_POS,plasma,MTBL,D,22.763572128942027,0.17324899989135645
p5538_POS,p5538_POS,plasma,MTBL,D,16.19230900648903,0.16941693432621996
p3356_POS,p3356_POS,plasma,MTBL,D,18.763839601585985,0.2602014579660459
p3359_POS,p3359_POS,plasma,MTBL,D,15.226112341204887,0.19742531778146777
p5548_POS,p5548_POS,plasma,MTBL,D,12.818079741318911,0.24155771318338548
Bicine_NEG,Bicine_NEG,plasma,MTBL,D,16.362711001818994,0.22508017790668333
p2988_POS,p2988_POS,plasma,MTBL,D,15.841033452380714,0.18958516685950233
p754_POS,p754_POS,plasma,MTBL,D,21.22513041555522,0.2464387730867088
p2098_POS,p2098_POS,plasma,MTBL,D,13.86876590093462,0.17627509393127294
p443_POS,p443_POS,plasma,MTBL,D,20.739550495926075,0.32254835313918484
p5301_POS,p5301_POS,plasma,MTBL,D,13.034380792942205,0.16031663985365174
p3247_POS,p3247_POS,plasma,MTBL,D,14.923929252342745,0.21992642323379918
n2578_NEG,n2578_NEG,plasma,MTBL,D,16.18756383504745,0.36068476475319855
Linustatin_POS,Linustatin_POS,plasma,MTBL,D,13.523188391289114,0.22646405879437737
(E)-3-Tosylacrylonitrile_NEG,(E)-3-Tosylacrylonitrile_NEG,plasma,MTBL,D,12.387038177302523,0.07763576390062799
p3286_POS,p3286_POS,plasma,MTBL,D,20.167287340896735,0.1009357882335351
p3538_POS,p3538_POS,plasma,MTBL,D,13.75741815638305,0.3034273092244515
Medicoside L_POS,Medicoside L_POS,plasma,MTBL,D,15.512088823564568,0.3501203358434397
n1929_NEG,n1929_NEG,plasma,MTBL,D,19.631130616418417,0.1591069980048978
p3416_POS,p3416_POS,plasma,MTBL,D,13.11494557839125,0.2298113384228273
p5315_POS,p5315_POS,plasma,MTBL,D,11.921314992749272,0.1263191629907432
n195_NEG,n195_NEG,plasma,MTBL,D,25.004503333753824,0.12909982079483484
p4438_POS,p4438_POS,plasma,MTBL,D,12.815406132194948,0.2631690271551541
p4163_POS,p4163_POS,plasma,MTBL,D,14.594052466676256,0.3169508177597109
p1607_POS,p1607_POS,plasma,MTBL,D,20.381819821984763,0.2151592642106106
p2852_POS,p2852_POS,plasma,MTBL,D,12.114234010432593,0.07920890176286477
N-Desmethyltramadol_POS,N-Desmethyltramadol_POS,plasma,MTBL,D,14.935649805613657,0.041024357340368134
p1517_POS,p1517_POS,plasma,MTBL,D,19.479794456036252,0.3073156754742321
"(2R)-2,3-Dihydroxypropanoic acid_NEG","(2R)-2,3-Dihydroxypropanoic acid_NEG",plasma,MTBL,D,19.351495223336613,0.19544777767269217
n3023_NEG,n3023_NEG,plasma,MTBL,D,17.13908036381298,0.17160614170919786
p3050_POS,p3050_POS,plasma,MTBL,D,15.669455217828691,0.3930447499224252
p2421_POS,p2421_POS,plasma,MTBL,D,15.59670190501236,0.27161015415928524
n1223_NEG,n1223_NEG,plasma,MTBL,D,18.50397362672944,0.5222142292509186
p268_POS,p268_POS,plasma,MTBL,D,22.672931938282428,0.07556701340242
p1408_POS,p1408_POS,plasma,MTBL,D,20.74605800735263,0.2730842339385351
p238_POS,p238_POS,plasma,MTBL,D,23.445178218126994,0.2611678454588162
5-Oxozaleplon_POS,5-Oxozaleplon_POS,plasma,MTBL,D,12.450656893871164,0.12241882720803243
p4161_POS,p4161_POS,plasma,MTBL,D,18.533348137728865,0.3885659053251178
Nα-{[(2R)-1-(4-morpholinylcarbonyl)-2-piperazinyl]carbonyl}-D-tryptophanamide_POS,Nα-{[(2R)-1-(4-morpholinylcarbonyl)-2-piperazinyl]carbonyl}-D-tryptophanamide_POS,plasma,MTBL,D,13.07837961620963,0.1250685118525432
(2-Ethylcrotonoyl)urea_POS,(2-Ethylcrotonoyl)urea_POS,plasma,MTBL,D,17.244995096122963,0.22203762257916537
p2160_POS,p2160_POS,plasma,MTBL,D,20.191790459964167,0.19423380737760887
p2339_POS,p2339_POS,plasma,MTBL,D,20.773232758917963,0.155671285524992
p3398_POS,p3398_POS,plasma,MTBL,D,13.879664787587664,0.04598105373558781
p15_POS,p15_POS,plasma,MTBL,D,28.499953945085423,0.15878667711850802
n1537_NEG,n1537_NEG,plasma,MTBL,D,20.114266688160722,0.17183587523797428
Methyl dioxindole-3-acetate_POS,Methyl dioxindole-3-acetate_POS,plasma,MTBL,D,13.633142042229712,0.12445781892622865
7-Hydroxygliclazide_POS,7-Hydroxygliclazide_POS,plasma,MTBL,D,13.075268708052725,0.09144323473390159
n317_NEG,n317_NEG,plasma,MTBL,D,23.40974898212767,0.06555077759294825
n843_NEG,n843_NEG,plasma,MTBL,D,21.690999686450276,0.14313371480086623
p5478_POS,p5478_POS,plasma,MTBL,D,13.290187710104123,0.19241432259373425
n3546_NEG,n3546_NEG,plasma,MTBL,D,16.80309025072264,0.4203136219038317
n417_NEG,n417_NEG,plasma,MTBL,D,23.20191942205731,0.1348696567865879
p3293_POS,p3293_POS,plasma,MTBL,D,15.421686753406174,0.21468480794401135
(x)-2-Heptanol glucoside_POS,(x)-2-Heptanol glucoside_POS,plasma,MTBL,D,19.24264867773697,0.1865896188417384
p3163_POS,p3163_POS,plasma,MTBL,D,15.283555393755204,0.46136243016065404
N-Acetyldopamine_POS,N-Acetyldopamine_POS,plasma,MTBL,D,14.122459976442624,0.20894708190775368
p1416_POS,p1416_POS,plasma,MTBL,D,21.059627363337057,0.23261470930821915
"1-(Hydroxymethyl)-5,5-dimethyl-2,4-imidazolidinedione_POS","1-(Hydroxymethyl)-5,5-dimethyl-2,4-imidazolidinedione_POS",plasma,MTBL,D,24.756515959063645,0.3093222800672599
p4147_POS,p4147_POS,plasma,MTBL,D,17.98708584362064,0.15877859163736296
n3634_NEG,n3634_NEG,plasma,MTBL,D,9.308052082913827,0.04579493910920096
p3920_POS,p3920_POS,plasma,MTBL,D,15.823568125834175,0.2605193338920966
p2544_POS,p2544_POS,plasma,MTBL,D,17.07140807623899,0.6176377194178251
p5353_POS,p5353_POS,plasma,MTBL,D,12.77802306011101,0.13160474036863512
p2797_POS,p2797_POS,plasma,MTBL,D,19.085077372424692,0.2936417971280427
Tetraethylene glycol_POS,Tetraethylene glycol_POS,plasma,MTBL,D,25.852852604520272,0.05940822573192506
PC(24:0/6 keto-PGF1alpha)_POS,PC(24:0/6 keto-PGF1alpha)_POS,plasma,MTBL,D,20.335206605415074,0.13352021889105714
n3897_NEG,n3897_NEG,plasma,MTBL,D,10.280331553421565,0.03394615062464634
Morpholine_POS,Morpholine_POS,plasma,MTBL,D,24.853140146133164,0.13239929131313666
p1548_POS,p1548_POS,plasma,MTBL,D,19.92455340405511,0.24784061270856128
p2108_POS,p2108_POS,plasma,MTBL,D,19.043024605214917,0.43981346960578094
n1534_NEG,n1534_NEG,plasma,MTBL,D,16.480686834605066,0.13347349455561464
n2741_NEG,n2741_NEG,plasma,MTBL,D,14.974083424313934,0.28408896724195376
Dextromethorphan hydrobromide_POS,Dextromethorphan hydrobromide_POS,plasma,MTBL,D,14.112400372851232,0.1908763638085711
p2793_POS,p2793_POS,plasma,MTBL,D,15.611385720901577,0.19849638157530514
n587_NEG,n587_NEG,plasma,MTBL,D,21.799652073328453,0.18330187779880092
n2676_NEG,n2676_NEG,plasma,MTBL,D,17.772627033728003,0.2544060815214877
p449_POS,p449_POS,plasma,MTBL,D,23.062296212619877,0.17013955154081017
p685_POS,p685_POS,plasma,MTBL,D,23.36163867284576,0.1448488287401375
n1757_NEG,n1757_NEG,plasma,MTBL,D,19.282052174800363,0.20296189817258004
"L-2,4-Diaminobutyric acid_POS","L-2,4-Diaminobutyric acid_POS",plasma,MTBL,D,25.697547068291577,0.2777905262396754
p1396_POS,p1396_POS,plasma,MTBL,D,20.250113665573814,0.4190334707049512
n2033_NEG,n2033_NEG,plasma,MTBL,D,18.97782291135987,0.24902809403095993
p4629_POS,p4629_POS,plasma,MTBL,D,12.604384372438677,0.3665361143529626
p4917_POS,p4917_POS,plasma,MTBL,D,16.657954120598667,0.19937015747370346
p5214_POS,p5214_POS,plasma,MTBL,D,13.218473522277073,0.17367625714021617
p5772_POS,p5772_POS,plasma,MTBL,D,12.130915595489817,0.1743538255410293
p1550_POS,p1550_POS,plasma,MTBL,D,11.825372824239736,0.030719656449349486
p3377_POS,p3377_POS,plasma,MTBL,D,18.592733767846966,0.2867414115974434
n3338_NEG,n3338_NEG,plasma,MTBL,D,14.160732375868047,0.2728772762420153
n2618_NEG,n2618_NEG,plasma,MTBL,D,18.28331522110753,0.20272093637169242
p2053_POS,p2053_POS,plasma,MTBL,D,15.433943111464433,0.6018847611323945
p454_POS,p454_POS,plasma,MTBL,D,22.215070633630848,0.24979517982249178
Propyliodone_POS,Propyliodone_POS,plasma,MTBL,D,14.93477822513176,0.18905360142503724
n3062_NEG,n3062_NEG,plasma,MTBL,D,12.634142701994792,0.14587731005951987
(Z)-4-Heptenal_POS,(Z)-4-Heptenal_POS,plasma,MTBL,D,16.209748999792488,0.5522560647920205
n2746_NEG,n2746_NEG,plasma,MTBL,D,12.792391715438042,0.17344870213632912
Dihydrothymine_NEG,Dihydrothymine_NEG,plasma,MTBL,D,17.94436833923867,0.2042236782981366
n250_NEG,n250_NEG,plasma,MTBL,D,23.941653064005408,0.08458008537784778
2-Hydroxy-3-methylpentanoic acid_POS,2-Hydroxy-3-methylpentanoic acid_POS,plasma,MTBL,D,19.30148774688641,0.08061041586780071
gamma-Glutamyl-beta-aminopropiononitrile_POS,gamma-Glutamyl-beta-aminopropiononitrile_POS,plasma,MTBL,D,18.248668593639643,0.22863786369375028
n2664_NEG,n2664_NEG,plasma,MTBL,D,18.58385920374032,0.17512246725064173
p4413_POS,p4413_POS,plasma,MTBL,D,14.126049055893033,0.25007990221177767
p4868_POS,p4868_POS,plasma,MTBL,D,15.32691612626768,0.22361852502316548
n2370_NEG,n2370_NEG,plasma,MTBL,D,18.419613910376256,0.22365195578741748
p962_POS,p962_POS,plasma,MTBL,D,19.50136792200098,0.3710600941660438
p2808_POS,p2808_POS,plasma,MTBL,D,20.657911088401868,0.12761168555451263
p722_POS,p722_POS,plasma,MTBL,D,22.516108211710197,0.3550812557683596
L-Threonine_POS,L-Threonine_POS,plasma,MTBL,D,24.53526443528221,0.286378700339462
"(2R,3R,4R)-2-Amino-4-hydroxy-3-methylpentanoic acid_POS","(2R,3R,4R)-2-Amino-4-hydroxy-3-methylpentanoic acid_POS",plasma,MTBL,D,22.33389743428389,0.3326552898163957
Acetohydroxamic acid_POS,Acetohydroxamic acid_POS,plasma,MTBL,D,21.88237964055963,0.27216785823910605
p2750_POS,p2750_POS,plasma,MTBL,D,12.36038663014195,0.12225731151460817
p1308_POS,p1308_POS,plasma,MTBL,D,19.925671561857527,0.283648629935362
p4739_POS,p4739_POS,plasma,MTBL,D,13.376984374538711,0.12587639074036794
p5542_POS,p5542_POS,plasma,MTBL,D,12.180948521093804,0.0798754957957657
D3-Lactate-ISTD_NEG,D3-Lactate-ISTD_NEG,plasma,MTBL,D,21.22754903200207,0.06385788811420845
"4-(3-Methyl-1-butenyl)-3,3',4',5-tetrahydroxystilbene_NEG","4-(3-Methyl-1-butenyl)-3,3',4',5-tetrahydroxystilbene_NEG",plasma,MTBL,D,16.483119110945704,0.5530457253399597
p3014_POS,p3014_POS,plasma,MTBL,D,19.09253141403628,0.29701210514758536
p1506_POS,p1506_POS,plasma,MTBL,D,19.85357403070316,0.2780776021116207
Barbital_POS,Barbital_POS,plasma,MTBL,D,14.145793215623812,0.7068978829665173
p3019_POS,p3019_POS,plasma,MTBL,D,12.278968304967883,0.17252864606964913
p2993_POS,p2993_POS,plasma,MTBL,D,15.809606520756653,0.17811736069786832
n3332_NEG,n3332_NEG,plasma,MTBL,D,16.961839932350976,0.2283123325639682
p1734_POS,p1734_POS,plasma,MTBL,D,15.834638071254634,0.18469765970716168
Cefalexin_POS,Cefalexin_POS,plasma,MTBL,D,13.03813932751465,0.03941934596682728
p316_POS,p316_POS,plasma,MTBL,D,21.007371854709163,0.11882445490832261
p3493_POS,p3493_POS,plasma,MTBL,D,14.015294750265927,0.03777506142227871
p4154_POS,p4154_POS,plasma,MTBL,D,18.3291175996424,0.2474695998642531
"4-cyclopropyl-5-sulfanyl-4H-1,2,4-triazol-3-ol_POS","4-cyclopropyl-5-sulfanyl-4H-1,2,4-triazol-3-ol_POS",plasma,MTBL,D,15.898225476731813,0.4155137009527916
n2640_NEG,n2640_NEG,plasma,MTBL,D,15.916578647052019,0.47423501414655966
p4657_POS,p4657_POS,plasma,MTBL,D,14.0235000394884,0.18731703581079895
p1099_POS,p1099_POS,plasma,MTBL,D,19.780975113953268,0.32389821100060523
p3509_POS,p3509_POS,plasma,MTBL,D,14.193889668368753,0.24458641968666495
p2333_POS,p2333_POS,plasma,MTBL,D,14.302788362011558,0.4225246179608071
p1438_POS,p1438_POS,plasma,MTBL,D,22.045961977032874,0.19936052255316028
"1-Phenylheptane-1,5-dione_POS","1-Phenylheptane-1,5-dione_POS",plasma,MTBL,D,13.429276320185833,0.11668632302197679
p5285_POS,p5285_POS,plasma,MTBL,D,15.430105883416275,0.14755101696442274
p2022_POS,p2022_POS,plasma,MTBL,D,19.217567452008705,0.5656004377468324
p2904_POS,p2904_POS,plasma,MTBL,D,19.019261992184585,0.2960853626526667
p3937_POS,p3937_POS,plasma,MTBL,D,17.969000729470565,0.1722339411600995
p1075_POS,p1075_POS,plasma,MTBL,D,21.60087545306271,0.43094699576625217
n2369_NEG,n2369_NEG,plasma,MTBL,D,18.387019552700572,0.2199819338662845
p2934_POS,p2934_POS,plasma,MTBL,D,17.342252776745724,0.5102902026410447
p4505_POS,p4505_POS,plasma,MTBL,D,13.783667383707154,0.14047148666676712
Methoxyphenamine_POS,Methoxyphenamine_POS,plasma,MTBL,D,16.10333602267103,0.22665747203215147
p3785_POS,p3785_POS,plasma,MTBL,D,17.337735939990658,0.3796856262345827
p766_POS,p766_POS,plasma,MTBL,D,21.765084769717195,0.20890308220266363
p3593_POS,p3593_POS,plasma,MTBL,D,18.572802751136408,0.3188172187725229
5-Methylquinoxaline_POS,5-Methylquinoxaline_POS,plasma,MTBL,D,20.269037699630537,0.27393707015906443
n2643_NEG,n2643_NEG,plasma,MTBL,D,18.5910853654942,0.2458234274066271
p3078_POS,p3078_POS,plasma,MTBL,D,19.07566583551025,0.3453412174355428
Taxifolin_POS,Taxifolin_POS,plasma,MTBL,D,13.583525210573853,0.2702188471859621
4'-Fluoro-pyrrolidinohexanophenone_POS,4'-Fluoro-pyrrolidinohexanophenone_POS,plasma,MTBL,D,13.4046380682503,0.2510731644125581
p236_POS,p236_POS,plasma,MTBL,D,23.68938130673977,0.11976162034150306
p3750_POS,p3750_POS,plasma,MTBL,D,18.515091953965413,0.2972019525050431
p3133_POS,p3133_POS,plasma,MTBL,D,19.129233837520502,0.29998722868341154
p435_POS,p435_POS,plasma,MTBL,D,22.88931751593132,0.1669203199799032
n899_NEG,n899_NEG,plasma,MTBL,D,19.581809125623906,0.29910424958076476
Diisopropylphosphate_NEG,Diisopropylphosphate_NEG,plasma,MTBL,D,17.932288057855338,0.18801360838851622
p4598_POS,p4598_POS,plasma,MTBL,D,13.134237451191822,0.033212717921758284
p297_POS,p297_POS,plasma,MTBL,D,24.031461372099184,0.16808681061152875
n2089_NEG,n2089_NEG,plasma,MTBL,D,18.278460974534788,0.16769915913422295
Laxaphycin E_POS,Laxaphycin E_POS,plasma,MTBL,D,20.50938543263553,0.243199918520558
p293_POS,p293_POS,plasma,MTBL,D,23.951631982996126,0.1683362950115761
p1065_POS,p1065_POS,plasma,MTBL,D,22.535136032659366,0.15194670697413848
n802_NEG,n802_NEG,plasma,MTBL,D,19.53123082772101,0.26916462047234724
L-Glutamine_POS,L-Glutamine_POS,plasma,MTBL,D,25.842967940136056,0.2174199717714398
p2492_POS,p2492_POS,plasma,MTBL,D,20.29303945900368,0.2800702673254918
Trinitrosotrimethylenetriamine_POS,Trinitrosotrimethylenetriamine_POS,plasma,MTBL,D,17.661963863327024,0.32002875836987066
(9E)-10-nitrooctadecenoic Acid_POS,(9E)-10-nitrooctadecenoic Acid_POS,plasma,MTBL,D,17.694730586923228,0.3222954316077171
Ethyl 3-hydroxydodecanoate_POS,Ethyl 3-hydroxydodecanoate_POS,plasma,MTBL,D,14.374301673032441,0.17024492780078138
p4134_POS,p4134_POS,plasma,MTBL,D,13.742784611186934,0.161281273854895
n1528_NEG,n1528_NEG,plasma,MTBL,D,21.05239589709057,0.3232699754503159
2-Naphthylaminomethyl-gamma-aminobutyric acid_POS,2-Naphthylaminomethyl-gamma-aminobutyric acid_POS,plasma,MTBL,D,13.404870959630271,0.17995486128019156
methyl isoquinoline-3-carboxylate_POS,methyl isoquinoline-3-carboxylate_POS,plasma,MTBL,D,18.418141437531645,0.1770438455352572
n2682_NEG,n2682_NEG,plasma,MTBL,D,16.15913688087872,0.1715173829527732
n234_NEG,n234_NEG,plasma,MTBL,D,20.845736241404538,0.1603799524589089
p3458_POS,p3458_POS,plasma,MTBL,D,15.238734118827516,0.30742125394240016
n2734_NEG,n2734_NEG,plasma,MTBL,D,18.568041207219903,0.15272538759725052
"N,N-Didesmethylvenlafaxine_POS","N,N-Didesmethylvenlafaxine_POS",plasma,MTBL,D,14.898839907046446,0.05651584205336846
L-beta-aspartyl-L-alanine_POS,L-beta-aspartyl-L-alanine_POS,plasma,MTBL,D,15.764373751270917,0.4573058392410898
p3798_POS,p3798_POS,plasma,MTBL,D,13.219115716575661,0.045740417776035436
p464_POS,p464_POS,plasma,MTBL,D,23.265453322922234,0.16839974560165238
1-Hydroxybenzotriazol_POS,1-Hydroxybenzotriazol_POS,plasma,MTBL,D,20.485569339252734,0.22730027969840982
p3951_POS,p3951_POS,plasma,MTBL,D,15.96938302647932,0.1904811171740297
p1465_POS,p1465_POS,plasma,MTBL,D,20.783739197739802,0.21444954972898245
n893_NEG,n893_NEG,plasma,MTBL,D,21.851517303074875,0.11627525191740595
n1280_NEG,n1280_NEG,plasma,MTBL,D,20.181266028487336,0.1595983080407759
p1362_POS,p1362_POS,plasma,MTBL,D,22.080131797717556,0.19518402150624858
p3838_POS,p3838_POS,plasma,MTBL,D,14.605118487159913,0.27201647718903743
n3204_NEG,n3204_NEG,plasma,MTBL,D,15.681031822018642,0.056197810504840184
Meperidine_POS,Meperidine_POS,plasma,MTBL,D,13.08227260663721,0.22617580070077103
Glutaminylglutamine_POS,Glutaminylglutamine_POS,plasma,MTBL,D,13.54197128065239,0.0897732387455914
p4360_POS,p4360_POS,plasma,MTBL,D,18.245926514203944,0.32341760658476026
N-Lactoylleucine_POS,N-Lactoylleucine_POS,plasma,MTBL,D,21.315022246670893,0.4807307496922153
p1659_POS,p1659_POS,plasma,MTBL,D,21.692262199471564,0.17362607398955987
p5049_POS,p5049_POS,plasma,MTBL,D,16.748751480067476,0.4773416681002818
p2858_POS,p2858_POS,plasma,MTBL,D,20.061661644008186,0.25432180058188436
n3417_NEG,n3417_NEG,plasma,MTBL,D,13.124201480546958,0.12305182589328911
n233_NEG,n233_NEG,plasma,MTBL,D,20.943942483201354,0.2056247905626769
n2116_NEG,n2116_NEG,plasma,MTBL,D,18.010160861726526,0.23436880866937493
p250_POS,p250_POS,plasma,MTBL,D,25.232787653287595,0.1711202953037816
[Similar to: L-Threonic acid; ΔMass: 67.9747 Da]_NEG,[Similar to: L-Threonic acid; ΔMass: 67.9747 Da]_NEG,plasma,MTBL,D,17.835781375641467,0.13665781042764813
[Similar to: L-Threonic acid; ΔMass: 112.0010 Da]_NEG,[Similar to: L-Threonic acid; ΔMass: 112.0010 Da]_NEG,plasma,MTBL,D,17.397013683942564,0.2792334363438176
n3606_NEG,n3606_NEG,plasma,MTBL,D,12.512992295761013,0.08856028534034621
p5693_POS,p5693_POS,plasma,MTBL,D,11.991725781684622,0.25753440517983517
p1805_POS,p1805_POS,plasma,MTBL,D,16.861329364146076,0.163395794276882
p700_POS,p700_POS,plasma,MTBL,D,21.227391921519178,0.2366084325042035
n1365_NEG,n1365_NEG,plasma,MTBL,D,20.359573480628008,0.21469259088087256
p5408_POS,p5408_POS,plasma,MTBL,D,16.22724490157764,0.14937711619197103
n682_NEG,n682_NEG,plasma,MTBL,D,14.54373478740988,0.10366955766481212
n3565_NEG,n3565_NEG,plasma,MTBL,D,12.143364981052834,0.05426288332303031
p2130_POS,p2130_POS,plasma,MTBL,D,18.606282213388756,0.24174159934613115
p1813_POS,p1813_POS,plasma,MTBL,D,19.370300166542926,0.13811113617327564
1-Methoxy-1H-indole-3-acetonitrile_POS,1-Methoxy-1H-indole-3-acetonitrile_POS,plasma,MTBL,D,15.346095742476496,0.10965259241876524
p944_POS,p944_POS,plasma,MTBL,D,16.574310250726647,0.18785095769026405
p4647_POS,p4647_POS,plasma,MTBL,D,14.386624378414187,0.2747692823894443
p4462_POS,p4462_POS,plasma,MTBL,D,14.219526176194751,0.17169972739024342
p480_POS,p480_POS,plasma,MTBL,D,23.557602086255564,0.23021121464136307
2-(methylthio)-4-(3-pyridyl)pyrimidine_POS,2-(methylthio)-4-(3-pyridyl)pyrimidine_POS,plasma,MTBL,D,23.224623598241717,0.18027268591025525
p2452_POS,p2452_POS,plasma,MTBL,D,17.91571007945212,0.3078533864917503
p839_POS,p839_POS,plasma,MTBL,D,17.847389086479744,0.16687277918888554
p5539_POS,p5539_POS,plasma,MTBL,D,13.345361678134706,0.2519864110203365
p1187_POS,p1187_POS,plasma,MTBL,D,19.404464171947865,0.21601627972502335
p741_POS,p741_POS,plasma,MTBL,D,23.173854658847688,0.2835403018124296
p2300_POS,p2300_POS,plasma,MTBL,D,18.717755143214475,0.3112695198173885
p1920_POS,p1920_POS,plasma,MTBL,D,18.30991232040342,0.16184857833710353
p1351_POS,p1351_POS,plasma,MTBL,D,19.966623503858223,0.5674990709566003
p2423_POS,p2423_POS,plasma,MTBL,D,15.729270208692771,0.24391321308487868
p1606_POS,p1606_POS,plasma,MTBL,D,17.93136332748262,0.21195343796567911
Nalidixic Acid_NEG,Nalidixic Acid_NEG,plasma,MTBL,D,12.724769072853036,0.21954772913776655
p4902_POS,p4902_POS,plasma,MTBL,D,14.14932876676725,0.543712314104817
p5773_POS,p5773_POS,plasma,MTBL,D,12.940681247399471,0.12212865728755595
p1859_POS,p1859_POS,plasma,MTBL,D,19.88861856691675,0.24478608619726394
Citrulline_NEG,Citrulline_NEG,plasma,MTBL,D,20.78803538958848,0.344036704116613
p3205_POS,p3205_POS,plasma,MTBL,D,18.899706011643836,0.2697469031361841
n1356_NEG,n1356_NEG,plasma,MTBL,D,19.675032647605157,0.2640611524420393
Ethyl 4-(2-methoxyphenyl)piperazine-1-carboxylate_POS,Ethyl 4-(2-methoxyphenyl)piperazine-1-carboxylate_POS,plasma,MTBL,D,13.284810220959034,0.18772474572729525
p5097_POS,p5097_POS,plasma,MTBL,D,13.192359375896114,0.27237300357113803
p1491_POS,p1491_POS,plasma,MTBL,D,21.951812337031285,0.2864864941966001
p1222_POS,p1222_POS,plasma,MTBL,D,19.770387419967424,0.3172999625671107
p3965_POS,p3965_POS,plasma,MTBL,D,18.377962729599645,0.28288919323158623
p1262_POS,p1262_POS,plasma,MTBL,D,14.641386174750767,0.16467755258709715
acutumidine_POS,acutumidine_POS,plasma,MTBL,D,21.2475291302135,0.33196788588132975
p1046_POS,p1046_POS,plasma,MTBL,D,21.109251272597763,0.2552407389766316
n2058_NEG,n2058_NEG,plasma,MTBL,D,19.009631447359638,0.1816954260063337
n3217_NEG,n3217_NEG,plasma,MTBL,D,16.41305097912857,0.3373322862661752
p2965_POS,p2965_POS,plasma,MTBL,D,13.000163071443447,0.2691582791600844
n3391_NEG,n3391_NEG,plasma,MTBL,D,14.227021555813407,0.053639551046776646
n2492_NEG,n2492_NEG,plasma,MTBL,D,17.918172419881863,0.24192415544447776
n3887_NEG,n3887_NEG,plasma,MTBL,D,10.383514663350118,0.08963812538176708
n3575_NEG,n3575_NEG,plasma,MTBL,D,15.86272870158463,0.22786782392632787
p1208_POS,p1208_POS,plasma,MTBL,D,20.88338565866234,0.16147284969735232
p5170_POS,p5170_POS,plasma,MTBL,D,13.122625708555475,0.2006611899806705
p2652_POS,p2652_POS,plasma,MTBL,D,15.137516891726008,0.16370398967348088
p1657_POS,p1657_POS,plasma,MTBL,D,21.692262199471564,0.17362607398955987
p965_POS,p965_POS,plasma,MTBL,D,22.853878947505514,0.16252142870072284
p5372_POS,p5372_POS,plasma,MTBL,D,15.667377569321246,0.16349843278108622
(S)-3-[(Cyanophenylmethyl)amino]-3-oxopropanoic acid_POS,(S)-3-[(Cyanophenylmethyl)amino]-3-oxopropanoic acid_POS,plasma,MTBL,D,23.18561642859543,0.26671207084397786
p1277_POS,p1277_POS,plasma,MTBL,D,21.15597259199067,0.2555123919388951
p2870_POS,p2870_POS,plasma,MTBL,D,16.418500067066248,0.1146906691015559
p2198_POS,p2198_POS,plasma,MTBL,D,16.230026263223074,0.15906515178488156
n3140_NEG,n3140_NEG,plasma,MTBL,D,13.307606830217058,0.12400753998902925
p206_POS,p206_POS,plasma,MTBL,D,25.424325949460126,0.13669372360631904
p2791_POS,p2791_POS,plasma,MTBL,D,15.336606454197444,0.19849638157530514
p3799_POS,p3799_POS,plasma,MTBL,D,13.061226959792634,0.033723688756099435
p2311_POS,p2311_POS,plasma,MTBL,D,14.287868610083477,0.2673599434293008
p4541_POS,p4541_POS,plasma,MTBL,D,12.35326934530621,0.14610611664856865
p4254_POS,p4254_POS,plasma,MTBL,D,12.386463966319777,0.1186287413784699
p1422_POS,p1422_POS,plasma,MTBL,D,21.181181902909607,0.3091076663848842
n3175_NEG,n3175_NEG,plasma,MTBL,D,12.088661748243453,0.03619178332690964
p3817_POS,p3817_POS,plasma,MTBL,D,14.632304289459313,0.16443911364994968
p5660_POS,p5660_POS,plasma,MTBL,D,10.828636657247571,0.12121632285415807
N-Cyclohexyltaurine_POS,N-Cyclohexyltaurine_POS,plasma,MTBL,D,13.240343171763726,0.0497504393167949
p3972_POS,p3972_POS,plasma,MTBL,D,16.215422648914053,0.2029389868395981
p1224_POS,p1224_POS,plasma,MTBL,D,21.430539095415188,0.2632039755985893
n1512_NEG,n1512_NEG,plasma,MTBL,D,20.1637467726725,0.11378650345940855
p1865_POS,p1865_POS,plasma,MTBL,D,19.81665994024378,0.22168465079110433
p5644_POS,p5644_POS,plasma,MTBL,D,13.308305385032273,0.24071347620529693
n1785_NEG,n1785_NEG,plasma,MTBL,D,18.41402675487218,0.3505925820669873
p1272_POS,p1272_POS,plasma,MTBL,D,22.32113019279035,0.2025687820068196
p3352_POS,p3352_POS,plasma,MTBL,D,18.828013456221985,0.15060926350736814
p2699_POS,p2699_POS,plasma,MTBL,D,16.073469498058017,0.3739350893839726
2-(Dimethylamino)acetonitrile_POS,2-(Dimethylamino)acetonitrile_POS,plasma,MTBL,D,22.999300954151074,0.2312714926364361
p2618_POS,p2618_POS,plasma,MTBL,D,12.212218011373714,0.14557998638765568
p5608_POS,p5608_POS,plasma,MTBL,D,12.99121198517422,0.1803724148867607
p1649_POS,p1649_POS,plasma,MTBL,D,19.776093277971885,0.28062302021962715
p3551_POS,p3551_POS,plasma,MTBL,D,17.732725156717812,0.2639697067193758
n3608_NEG,n3608_NEG,plasma,MTBL,D,9.888365140874084,0.15524827141785202
p504_POS,p504_POS,plasma,MTBL,D,22.359877260346877,0.28198118210231016
p2502_POS,p2502_POS,plasma,MTBL,D,20.368965698779526,0.29633353454677724
p4630_POS,p4630_POS,plasma,MTBL,D,18.640003574901996,0.28642914691604027
p2205_POS,p2205_POS,plasma,MTBL,D,17.031621863112356,0.679637271915146
NP-003117_POS,NP-003117_POS,plasma,MTBL,D,14.741109040220408,0.21796316353468015
p532_POS,p532_POS,plasma,MTBL,D,17.494922103716654,0.2850819980884438
p4990_POS,p4990_POS,plasma,MTBL,D,14.630067284744477,0.3496800832214566
p1460_POS,p1460_POS,plasma,MTBL,D,20.94509436528643,0.2210585058038088
p4605_POS,p4605_POS,plasma,MTBL,D,13.399271203898055,0.09296837462412011
2-Octenoic acid_POS,2-Octenoic acid_POS,plasma,MTBL,D,15.648298034743261,0.4956582793477402
n2407_NEG,n2407_NEG,plasma,MTBL,D,18.402801798131605,0.22525420488521775
n1763_NEG,n1763_NEG,plasma,MTBL,D,14.996395476818096,0.26619720507434774
p3541_POS,p3541_POS,plasma,MTBL,D,15.77400087894471,0.3275888761810952
p4237_POS,p4237_POS,plasma,MTBL,D,15.351575143265455,0.39188546120372525
n3795_NEG,n3795_NEG,plasma,MTBL,D,13.618700027576953,0.4545226276542653
p1211_POS,p1211_POS,plasma,MTBL,D,20.870208773574966,0.1437647814686791
Cladospolide E_POS,Cladospolide E_POS,plasma,MTBL,D,14.909260325199579,0.7454665181079161
n1340_NEG,n1340_NEG,plasma,MTBL,D,20.962305558755315,0.13132317273483274
Dibenzylamine_POS,Dibenzylamine_POS,plasma,MTBL,D,19.13742452165824,0.31086789749871535
p1706_POS,p1706_POS,plasma,MTBL,D,21.546188812114117,0.16131576390410451
p325_POS,p325_POS,plasma,MTBL,D,23.940755321212507,0.32680613665879577
p3307_POS,p3307_POS,plasma,MTBL,D,15.732961473651205,0.15799926146803323
p789_POS,p789_POS,plasma,MTBL,D,20.38104052972544,0.12927684295986097
p3126_POS,p3126_POS,plasma,MTBL,D,18.734211381083547,0.24030568743775227
p832_POS,p832_POS,plasma,MTBL,D,23.206802623506725,0.2512901720727818
n3679_NEG,n3679_NEG,plasma,MTBL,D,14.146159538765232,0.28108158179380194
p1695_POS,p1695_POS,plasma,MTBL,D,13.304879208951174,0.04859346083509397
n2026_NEG,n2026_NEG,plasma,MTBL,D,18.78630556134164,0.0871856014991792
p2322_POS,p2322_POS,plasma,MTBL,D,18.896766910241624,0.4631021105852149
p1333_POS,p1333_POS,plasma,MTBL,D,15.236263124544552,0.12987496978237179
p3580_POS,p3580_POS,plasma,MTBL,D,18.68121345001706,0.2712811771280901
p4443_POS,p4443_POS,plasma,MTBL,D,13.21933686223811,0.27494764874147926
p3584_POS,p3584_POS,plasma,MTBL,D,16.001729300521397,0.145444595690428
p5645_POS,p5645_POS,plasma,MTBL,D,13.280354038134275,0.3007050583937998
Geranylpyrrol A_POS,Geranylpyrrol A_POS,plasma,MTBL,D,13.231763209396355,0.1736762571402135
p1023_POS,p1023_POS,plasma,MTBL,D,22.620115624905964,0.21053774631412203
p3036_POS,p3036_POS,plasma,MTBL,D,18.820612383954845,0.20352755943000744
p5794_POS,p5794_POS,plasma,MTBL,D,10.936556660653189,0.12667681781636375
p3203_POS,p3203_POS,plasma,MTBL,D,18.743549729832132,0.521182817159314
p3318_POS,p3318_POS,plasma,MTBL,D,12.166661180749472,0.11645522742795134
cis-Acetylacrylate_NEG,cis-Acetylacrylate_NEG,plasma,MTBL,D,23.31337334453426,0.15279103330175836
p2698_POS,p2698_POS,plasma,MTBL,D,16.043618342719263,0.4007086909569182
n1452_NEG,n1452_NEG,plasma,MTBL,D,17.129632280284973,0.057842334235088444
p1748_POS,p1748_POS,plasma,MTBL,D,20.047332545633488,0.21307454264559134
"3-Hydroxyadipic acid 3,6-lactone_POS","3-Hydroxyadipic acid 3,6-lactone_POS",plasma,MTBL,D,21.665723028943418,0.2787278840007268
p4693_POS,p4693_POS,plasma,MTBL,D,14.708346809714207,0.1951445743143605
p649_POS,p649_POS,plasma,MTBL,D,22.768469195439856,0.3182200167281657
p4870_POS,p4870_POS,plasma,MTBL,D,14.533218288122281,0.3317622867407506
n1683_NEG,n1683_NEG,plasma,MTBL,D,14.274607432173674,0.1397207891229355
p198_POS,p198_POS,plasma,MTBL,D,25.714281024533726,0.12329334671134262
2-Imidazolidone_POS,2-Imidazolidone_POS,plasma,MTBL,D,17.923437115821837,0.27802010743906713
n3500_NEG,n3500_NEG,plasma,MTBL,D,12.393889907678929,0.023704590012288307
p1464_POS,p1464_POS,plasma,MTBL,D,20.768692339033176,0.2353097273345508
Poly THF n4_POS,Poly THF n4_POS,plasma,MTBL,D,12.775275937584297,0.11610990936878185
n1686_NEG,n1686_NEG,plasma,MTBL,D,18.695044994941334,0.22737877509119464
p241_POS,p241_POS,plasma,MTBL,D,24.313054263010315,0.17592106835805588
p359_POS,p359_POS,plasma,MTBL,D,23.652990580448552,0.2799832568567986
p4402_POS,p4402_POS,plasma,MTBL,D,14.339483164594565,0.20294463721049727
n3728_NEG,n3728_NEG,plasma,MTBL,D,11.421500666758902,0.03348758159539411
p4570_POS,p4570_POS,plasma,MTBL,D,15.577739262086395,0.2815099384230617
p1966_POS,p1966_POS,plasma,MTBL,D,17.698999766086196,0.3720195310527892
p1852_POS,p1852_POS,plasma,MTBL,D,16.864529276393903,0.20243934566742894
p3367_POS,p3367_POS,plasma,MTBL,D,18.589802362612584,0.43741830323938125
p2623_POS,p2623_POS,plasma,MTBL,D,16.67863202025577,1.1109337461850028
p5177_POS,p5177_POS,plasma,MTBL,D,12.519497109434198,0.33497135952496837
"1,3,11-Tridecatriene-5,7,9-triyne_POS","1,3,11-Tridecatriene-5,7,9-triyne_POS",plasma,MTBL,D,13.043733899609311,0.11863086599933137
n3668_NEG,n3668_NEG,plasma,MTBL,D,12.015092510350392,0.12638470444992134
p4005_POS,p4005_POS,plasma,MTBL,D,13.529589828374728,0.04547980988588751
n1194_NEG,n1194_NEG,plasma,MTBL,D,20.164745013309073,0.1450411540559653
p961_POS,p961_POS,plasma,MTBL,D,20.59282250484813,0.23373738313738102
2-Methoxy-N-[2-(4-sulfamoylphenyl)ethyl]benzamide_NEG,2-Methoxy-N-[2-(4-sulfamoylphenyl)ethyl]benzamide_NEG,plasma,MTBL,D,15.513501020020733,0.11677197825325614
n3714_NEG,n3714_NEG,plasma,MTBL,D,11.80680110674359,0.19483428830349236
p2708_POS,p2708_POS,plasma,MTBL,D,20.319708262709156,0.275126784288128
p4677_POS,p4677_POS,plasma,MTBL,D,15.87446946354962,0.3358085983055119
p5101_POS,p5101_POS,plasma,MTBL,D,10.96134950698681,0.1392112247958872
n2297_NEG,n2297_NEG,plasma,MTBL,D,14.88851896213312,0.10946757608087232
Trifluoroacetic acid_NEG,Trifluoroacetic acid_NEG,plasma,MTBL,D,27.54097384398201,0.10116264006754427
p3916_POS,p3916_POS,plasma,MTBL,D,12.469844880468912,0.2879561899594396
n588_NEG,n588_NEG,plasma,MTBL,D,19.55247434705336,0.2940500326151714
n2521_NEG,n2521_NEG,plasma,MTBL,D,16.95617803296844,0.22001029917319137
n2943_NEG,n2943_NEG,plasma,MTBL,D,16.838879162209842,0.25173336716840566
p5039_POS,p5039_POS,plasma,MTBL,D,13.572345581936503,0.3328718534952344
p2169_POS,p2169_POS,plasma,MTBL,D,20.0119716334868,0.24163139651876087
p3194_POS,p3194_POS,plasma,MTBL,D,18.698768812375537,0.3053914798276338
p290_POS,p290_POS,plasma,MTBL,D,20.869971397321592,0.39912879813817703
4-(Glutamylamino) butanoate_POS,4-(Glutamylamino) butanoate_POS,plasma,MTBL,D,13.233399865086966,0.04547980988588929
n694_NEG,n694_NEG,plasma,MTBL,D,20.81465498927216,0.15573733698961512
p1667_POS,p1667_POS,plasma,MTBL,D,16.967522810955018,0.2825930268461416
n3741_NEG,n3741_NEG,plasma,MTBL,D,13.036919459831134,0.1307781753615478
methadone-d9_NEG,methadone-d9_NEG,plasma,MTBL,D,26.045398834224613,0.1262739905936705
p2672_POS,p2672_POS,plasma,MTBL,D,17.63279972621698,0.08174120047940825
n1195_NEG,n1195_NEG,plasma,MTBL,D,20.814578818327398,0.1995227136089497
"2-Isopropyl-3,5-dimethoxy-6-methylpyrazine_POS","2-Isopropyl-3,5-dimethoxy-6-methylpyrazine_POS",plasma,MTBL,D,17.223973283536573,0.06326992833186829
beta-Alanine_POS,beta-Alanine_POS,plasma,MTBL,D,25.37699026865144,0.2685215923022941
p4265_POS,p4265_POS,plasma,MTBL,D,13.226896773880618,0.11761287822452537
n247_NEG,n247_NEG,plasma,MTBL,D,20.57579792733771,0.1658850374359666
n2504_NEG,n2504_NEG,plasma,MTBL,D,16.525347706689885,0.05935892661692144
p4522_POS,p4522_POS,plasma,MTBL,D,18.009447901183545,0.21260014792425785
Cyclo(phenylalanyl-prolyl)_POS,Cyclo(phenylalanyl-prolyl)_POS,plasma,MTBL,D,13.917749702711008,0.25679329073643675
"1-[2-(2,5-Dimethyl-1H-pyrrol-1-yl)-4-nitrophenyl]-4-(methylsulfonyl)piperazine_POS","1-[2-(2,5-Dimethyl-1H-pyrrol-1-yl)-4-nitrophenyl]-4-(methylsulfonyl)piperazine_POS",plasma,MTBL,D,12.9289768281284,0.16732976317273973
p2632_POS,p2632_POS,plasma,MTBL,D,14.798552889948432,0.1826981367783782
Acetazolamide_NEG,Acetazolamide_NEG,plasma,MTBL,D,12.407327867856628,0.08233950173422233
n1650_NEG,n1650_NEG,plasma,MTBL,D,19.688774328559614,0.18245409777306776
n3479_NEG,n3479_NEG,plasma,MTBL,D,12.178476768665783,0.039763984704664246
p5123_POS,p5123_POS,plasma,MTBL,D,13.417905529699564,0.1117074369848794
p2072_POS,p2072_POS,plasma,MTBL,D,18.562563913224615,0.23136723261187342
p5658_POS,p5658_POS,plasma,MTBL,D,12.551903600660271,0.14528545691946348
n3750_NEG,n3750_NEG,plasma,MTBL,D,12.49384467911233,0.10913100854349089
Pyrogallol_NEG,Pyrogallol_NEG,plasma,MTBL,D,22.002388173119446,0.25082438830916587
p4130_POS,p4130_POS,plasma,MTBL,D,13.25628181096658,0.09494148731917118
n2020_NEG,n2020_NEG,plasma,MTBL,D,19.116862096082336,0.37970381235442296
n3016_NEG,n3016_NEG,plasma,MTBL,D,16.333024783285367,0.2869483300518727
3-(dimethylamino)-1-(2-pyridyl)prop-2-en-1-one_POS,3-(dimethylamino)-1-(2-pyridyl)prop-2-en-1-one_POS,plasma,MTBL,D,14.873800673678257,0.08820555701127031
p2119_POS,p2119_POS,plasma,MTBL,D,19.035618564278405,0.14006959052660406
3-[2-Carboxyprop-1-enyl(ethoxycarbonyl)amino]-2-methylprop-2-enoic acid_POS,3-[2-Carboxyprop-1-enyl(ethoxycarbonyl)amino]-2-methylprop-2-enoic acid_POS,plasma,MTBL,D,11.565930622175575,0.0455880189915332
p5637_POS,p5637_POS,plasma,MTBL,D,12.688764693125815,0.10844098500460486
n3876_NEG,n3876_NEG,plasma,MTBL,D,9.98454961294452,0.03312828631071518
n3466_NEG,n3466_NEG,plasma,MTBL,D,14.923904508119024,0.2080917488275036
p5321_POS,p5321_POS,plasma,MTBL,D,13.291912692348095,0.18489396435747807
p2314_POS,p2314_POS,plasma,MTBL,D,18.331702107474634,0.4179221432038087
p3024_POS,p3024_POS,plasma,MTBL,D,13.53755047224151,0.09221445488250168
p2059_POS,p2059_POS,plasma,MTBL,D,13.861957931082944,0.36588236401248775
Allopurinol_NEG,Allopurinol_NEG,plasma,MTBL,D,22.217309810717765,0.39452431170553126
n3918_NEG,n3918_NEG,plasma,MTBL,D,8.532225813262894,0.05098115024100025
Xylactam_POS,Xylactam_POS,plasma,MTBL,D,12.804006547447745,0.2183645251036408
n525_NEG,n525_NEG,plasma,MTBL,D,19.845864576219423,0.26256831541411074
p3233_POS,p3233_POS,plasma,MTBL,D,18.449849874707613,0.2932246672516623
p3368_POS,p3368_POS,plasma,MTBL,D,15.983200279871294,0.22078567209743571
p3202_POS,p3202_POS,plasma,MTBL,D,18.445385920668844,0.2936712974512137
p4359_POS,p4359_POS,plasma,MTBL,D,17.986122803313485,0.26819094647514774
"4-Azaspiro[bicyclo[2.2.2]octane-2,2'-[1,4]oxazolidine]-5'-one_POS","4-Azaspiro[bicyclo[2.2.2]octane-2,2'-[1,4]oxazolidine]-5'-one_POS",plasma,MTBL,D,16.065494629620833,0.49021242850249713
Butyric acid_POS,Butyric acid_POS,plasma,MTBL,D,22.589197189690324,0.18536166680763344
p3548_POS,p3548_POS,plasma,MTBL,D,13.070168706953982,0.04357404603808401
3-Hydroxymethylglutaric acid_POS,3-Hydroxymethylglutaric acid_POS,plasma,MTBL,D,21.46423769217457,0.24868206476216415
p5087_POS,p5087_POS,plasma,MTBL,D,16.54297283354105,0.34566754132312916
p2681_POS,p2681_POS,plasma,MTBL,D,20.0365875115338,0.23570937304358175
p2701_POS,p2701_POS,plasma,MTBL,D,16.56349723978972,0.35606035857488827
p3672_POS,p3672_POS,plasma,MTBL,D,13.135571392966291,0.1805391705540771
n524_NEG,n524_NEG,plasma,MTBL,D,19.768271296425,0.28383296403090696
p519_POS,p519_POS,plasma,MTBL,D,21.070338900581383,0.2989595009758865
p4331_POS,p4331_POS,plasma,MTBL,D,18.689659923252695,0.3253628314495618
p5360_POS,p5360_POS,plasma,MTBL,D,16.41303937827552,0.16426886201390722
n536_NEG,n536_NEG,plasma,MTBL,D,22.659216088519038,0.13618750428561377
n867_NEG,n867_NEG,plasma,MTBL,D,15.309314230079753,0.06373879937866711
p3828_POS,p3828_POS,plasma,MTBL,D,15.578337769043326,0.3327882375085345
n3168_NEG,n3168_NEG,plasma,MTBL,D,10.327654242712967,0.031907675808682257
n3689_NEG,n3689_NEG,plasma,MTBL,D,9.114201702890096,0.07169599138477789
p242_POS,p242_POS,plasma,MTBL,D,25.63164924728396,0.2736275319062358
p4763_POS,p4763_POS,plasma,MTBL,D,15.27888703416108,0.16546945416953474
p1674_POS,p1674_POS,plasma,MTBL,D,19.84661108594698,0.22175401425006314
p1045_POS,p1045_POS,plasma,MTBL,D,21.11491378574235,0.24948710246239614
n1262_NEG,n1262_NEG,plasma,MTBL,D,20.924322411196854,0.18535840450929975
p1696_POS,p1696_POS,plasma,MTBL,D,18.92523342149876,0.15382554663202264
L-(+)-Citrulline_POS,L-(+)-Citrulline_POS,plasma,MTBL,D,22.67407308133216,0.3091765600221361
p607_POS,p607_POS,plasma,MTBL,D,19.965881231428746,0.37383820865258244
p1906_POS,p1906_POS,plasma,MTBL,D,18.316188222525618,0.15784982785411827
p4067_POS,p4067_POS,plasma,MTBL,D,15.008693204841482,0.2214010963247457
p3783_POS,p3783_POS,plasma,MTBL,D,15.006844659324468,0.11478656268652898
p3077_POS,p3077_POS,plasma,MTBL,D,19.07566583551025,0.34047417525498247
p2928_POS,p2928_POS,plasma,MTBL,D,18.610249587318563,0.11082864325208597
n2474_NEG,n2474_NEG,plasma,MTBL,D,13.305427847753299,0.0644976792352061
n2712_NEG,n2712_NEG,plasma,MTBL,D,12.709886982756359,0.13345057832224594
n1985_NEG,n1985_NEG,plasma,MTBL,D,19.8504277390848,0.18487895952202038
p3435_POS,p3435_POS,plasma,MTBL,D,16.587500369216365,0.16534772712986978
n1370_NEG,n1370_NEG,plasma,MTBL,D,19.688844216789377,0.5321778025120185
p821_POS,p821_POS,plasma,MTBL,D,18.747771308412638,0.1575708836475478
n2037_NEG,n2037_NEG,plasma,MTBL,D,17.22383364491086,0.38205304144948826
"5,6-Dihydroxyindole_POS","5,6-Dihydroxyindole_POS",plasma,MTBL,D,12.540987578461518,0.14642935812404279
p5558_POS,p5558_POS,plasma,MTBL,D,11.5820789511391,0.18021238597003375
n623_NEG,n623_NEG,plasma,MTBL,D,22.46708519755135,0.17642459781939301
p4217_POS,p4217_POS,plasma,MTBL,D,14.648143278128384,0.22079394597414215
p61_POS,p61_POS,plasma,MTBL,D,26.34298568900312,0.16868201463066868
p4379_POS,p4379_POS,plasma,MTBL,D,18.010160202285864,0.2677612509683982
p515_POS,p515_POS,plasma,MTBL,D,24.53806120446245,0.10315416998470361
n1546_NEG,n1546_NEG,plasma,MTBL,D,19.01853056781571,0.1776337926981313
Buflomedil_POS,Buflomedil_POS,plasma,MTBL,D,13.238440085976517,0.2145678678243339
Ethyl beta-D-glucopyranoside_POS,Ethyl beta-D-glucopyranoside_POS,plasma,MTBL,D,17.964192618024054,0.17053622179356154
p1664_POS,p1664_POS,plasma,MTBL,D,22.030487524570518,0.1961293458925617
n3911_NEG,n3911_NEG,plasma,MTBL,D,9.114251767002925,0.04439041269635258
n2806_NEG,n2806_NEG,plasma,MTBL,D,18.063751935300843,0.20219557028263857
Tetrahydrofuran_POS,Tetrahydrofuran_POS,plasma,MTBL,D,16.46523566193952,0.4926912129059282
p3621_POS,p3621_POS,plasma,MTBL,D,15.345194735301753,1.0490050978543328
p1183_POS,p1183_POS,plasma,MTBL,D,13.318686515724451,0.043996420661461144
p1574_POS,p1574_POS,plasma,MTBL,D,20.784430380082483,0.22772927851614355
p237_POS,p237_POS,plasma,MTBL,D,25.679517590564366,0.2175364142837246
Medazepam_POS,Medazepam_POS,plasma,MTBL,D,13.756346010369018,0.16515917672677372
p5086_POS,p5086_POS,plasma,MTBL,D,14.450638834793914,0.2635311771970752
p2399_POS,p2399_POS,plasma,MTBL,D,19.78516798556354,0.21765957984640494
n85_NEG,n85_NEG,plasma,MTBL,D,26.382015215883804,0.1109105061784188
n2041_NEG,n2041_NEG,plasma,MTBL,D,18.75793307737611,0.20091677437177324
IL-1R Antagonist_POS,IL-1R Antagonist_POS,plasma,MTBL,D,13.297977429630885,0.27103037240641825
n3337_NEG,n3337_NEG,plasma,MTBL,D,14.596604517249142,0.22321727051057927
Citalopram hydrobromide_POS,Citalopram hydrobromide_POS,plasma,MTBL,D,16.040295037772186,0.2293735888137718
Methamphetamine_POS,Methamphetamine_POS,plasma,MTBL,D,16.486462935515917,0.28203352841169327
Methadone_POS,Methadone_POS,plasma,MTBL,D,12.073474516332055,0.23272270689398233
Alanylserine_POS,Alanylserine_POS,plasma,MTBL,D,18.637476506789056,0.19359745605162892
p544_POS,p544_POS,plasma,MTBL,D,23.370933663022576,0.2819556642173229
p1505_POS,p1505_POS,plasma,MTBL,D,20.32383220539593,0.3158455439548913
n3675_NEG,n3675_NEG,plasma,MTBL,D,11.484390173914885,0.1125808453411885
"3,4-Dihydroxybenzylamine_POS","3,4-Dihydroxybenzylamine_POS",plasma,MTBL,D,17.23844216236724,0.21771943092242552
Erythrohydrobupropion_POS,Erythrohydrobupropion_POS,plasma,MTBL,D,13.690448005011387,0.1812083874726671
1-Phenyl-1H-pyrazole_POS,1-Phenyl-1H-pyrazole_POS,plasma,MTBL,D,20.37704980584102,0.18536267596537215
p5502_POS,p5502_POS,plasma,MTBL,D,12.804101911494847,0.16883629159076285
p4093_POS,p4093_POS,plasma,MTBL,D,17.24861266038735,0.2968135976214512
2-Aminoacrylic acid_POS,2-Aminoacrylic acid_POS,plasma,MTBL,D,20.054014021541516,0.34130858500725303
p3589_POS,p3589_POS,plasma,MTBL,D,13.832096848928355,0.20208547622787076
Acetaminophen glucuronide_POS,Acetaminophen glucuronide_POS,plasma,MTBL,D,15.9636662415524,0.24455694958491048
"1,1-Dichloroacetone_POS","1,1-Dichloroacetone_POS",plasma,MTBL,D,19.157768899066106,0.13981691385560424
n2527_NEG,n2527_NEG,plasma,MTBL,D,14.792700840109951,0.3207178373483144
p4238_POS,p4238_POS,plasma,MTBL,D,13.75322419993144,0.2467256260918802
p3175_POS,p3175_POS,plasma,MTBL,D,18.53883917358579,0.34016882207457577
n1609_NEG,n1609_NEG,plasma,MTBL,D,19.49965582270257,0.2695590861630244
Allyl 2-(1H-benzimidazol-2-yl)-2-cyano-N-phenylethanimidothioate_POS,Allyl 2-(1H-benzimidazol-2-yl)-2-cyano-N-phenylethanimidothioate_POS,plasma,MTBL,D,13.867091962577442,0.21929551328282937
D-(-)-Ribose_NEG,D-(-)-Ribose_NEG,plasma,MTBL,D,20.437123754436584,0.18187254404190867
p1623_POS,p1623_POS,plasma,MTBL,D,16.147561418732952,0.6067581653372951
p994_POS,p994_POS,plasma,MTBL,D,19.627945669840337,0.37613550287131226
L-beta-aspartyl-L-glycine_POS,L-beta-aspartyl-L-glycine_POS,plasma,MTBL,D,18.157364739749145,0.28916577696358203
p1768_POS,p1768_POS,plasma,MTBL,D,21.61260774760614,0.1532844229059247
Terretrione A_POS,Terretrione A_POS,plasma,MTBL,D,13.005096227287009,0.18169168910283506
p4459_POS,p4459_POS,plasma,MTBL,D,17.625520279530313,0.2458017668522654
p3844_POS,p3844_POS,plasma,MTBL,D,17.990035271337238,0.3331990432847416
p1559_POS,p1559_POS,plasma,MTBL,D,21.159619929756445,0.24159837040700793
n819_NEG,n819_NEG,plasma,MTBL,D,21.426470368757137,0.1681395522254796
n2559_NEG,n2559_NEG,plasma,MTBL,D,17.764016547240672,0.24573669198293935
p954_POS,p954_POS,plasma,MTBL,D,20.740222295528106,0.27626390360604347
Cotinine_POS,Cotinine_POS,plasma,MTBL,D,14.99205762997207,0.27435649031427456
N'-Formylkynurenine_POS,N'-Formylkynurenine_POS,plasma,MTBL,D,20.81965470063235,0.29892474102318367
p1486_POS,p1486_POS,plasma,MTBL,D,15.972002147038637,0.1629763342575412
p5718_POS,p5718_POS,plasma,MTBL,D,11.72943056896328,0.21224322720654243
p1633_POS,p1633_POS,plasma,MTBL,D,20.619251048585387,0.2411526082572948
n296_NEG,n296_NEG,plasma,MTBL,D,23.615713473196987,0.13900791429602855
p2312_POS,p2312_POS,plasma,MTBL,D,18.339148101619486,0.3865614179727981
Paecilaminol_POS,Paecilaminol_POS,plasma,MTBL,D,15.583588521777543,0.30495674607730816
p1457_POS,p1457_POS,plasma,MTBL,D,21.40290310649681,0.2346616137031141
p3161_POS,p3161_POS,plasma,MTBL,D,18.403038371209604,0.158482527436135
p3017_POS,p3017_POS,plasma,MTBL,D,12.465651496290478,0.19569188815565486
p747_POS,p747_POS,plasma,MTBL,D,21.779581816325248,0.2113422954774986
p2247_POS,p2247_POS,plasma,MTBL,D,14.230778572540453,0.32436118788729473
n3180_NEG,n3180_NEG,plasma,MTBL,D,13.406203129478657,0.09520707091308722
n1758_NEG,n1758_NEG,plasma,MTBL,D,19.28489424095249,0.20400537554066034
n526_NEG,n526_NEG,plasma,MTBL,D,20.188927167692007,0.3010693125990649
p1629_POS,p1629_POS,plasma,MTBL,D,14.189125939405592,0.23916860206376356
p4475_POS,p4475_POS,plasma,MTBL,D,12.86216159322295,0.04221095796379082
p5390_POS,p5390_POS,plasma,MTBL,D,12.51911989879033,0.11610990936878096
p4981_POS,p4981_POS,plasma,MTBL,D,12.907153410616637,0.06262976953989696
Cytidine monophosphate_POS,Cytidine monophosphate_POS,plasma,MTBL,D,15.050289060751078,0.18721014480475073
p1296_POS,p1296_POS,plasma,MTBL,D,21.89122293645847,0.36031208270557435
n3700_NEG,n3700_NEG,plasma,MTBL,D,10.954709907606471,0.07604173469666087
p1282_POS,p1282_POS,plasma,MTBL,D,22.32339401111053,0.19573232727711343
p3839_POS,p3839_POS,plasma,MTBL,D,13.667753955620283,0.14553804978942786
p1520_POS,p1520_POS,plasma,MTBL,D,19.46119376242103,0.3075718979961106
p2426_POS,p2426_POS,plasma,MTBL,D,15.694843435286034,0.2199786481265429
p3843_POS,p3843_POS,plasma,MTBL,D,13.05723210949381,0.13497462742442412
NP-022451_POS,NP-022451_POS,plasma,MTBL,D,19.657668970550183,0.41586915331346574
p4556_POS,p4556_POS,plasma,MTBL,D,12.258670862896771,0.11889297759155859
p2180_POS,p2180_POS,plasma,MTBL,D,20.7286138160408,0.27092319797011477
n3298_NEG,n3298_NEG,plasma,MTBL,D,12.790056046107717,0.03678635148692688
p4753_POS,p4753_POS,plasma,MTBL,D,13.613097443705614,0.061406426464496455
L-Pyroglutamic acid_POS,L-Pyroglutamic acid_POS,plasma,MTBL,D,25.842967940136056,0.2174199717714398
n844_NEG,n844_NEG,plasma,MTBL,D,21.695547914295027,0.13713371390471707
p526_POS,p526_POS,plasma,MTBL,D,18.51101126863192,0.5567751686757578
p1290_POS,p1290_POS,plasma,MTBL,D,20.93726818088251,0.26638981406603435
p4948_POS,p4948_POS,plasma,MTBL,D,15.682543020597052,0.22582987758899442
p3583_POS,p3583_POS,plasma,MTBL,D,15.913521871233774,0.1552243775168165
p5758_POS,p5758_POS,plasma,MTBL,D,12.146431331145376,0.17146065840704683
p948_POS,p948_POS,plasma,MTBL,D,15.65541174491385,0.39629365723767673
L-Erythrulose_NEG,L-Erythrulose_NEG,plasma,MTBL,D,23.938218264440707,0.14773353925272303
p1648_POS,p1648_POS,plasma,MTBL,D,22.014102455328366,0.1904296095086142
n2164_NEG,n2164_NEG,plasma,MTBL,D,14.821655507826291,0.29377274853495994
2-Pyridylacetic acid_POS,2-Pyridylacetic acid_POS,plasma,MTBL,D,13.079887005674308,0.1847354819225666
p952_POS,p952_POS,plasma,MTBL,D,15.456752565962702,0.10962134983314265
n915_NEG,n915_NEG,plasma,MTBL,D,19.58965761678384,0.1834836105963209
p2926_POS,p2926_POS,plasma,MTBL,D,18.460094274416605,0.19914562123247137
p3614_POS,p3614_POS,plasma,MTBL,D,13.619647745090528,0.098191978537705
p1006_POS,p1006_POS,plasma,MTBL,D,20.570289992361825,0.20529390399172875
α-Lactose_POS,α-Lactose_POS,plasma,MTBL,D,17.98351592347775,0.5460163112081311
thiol-maleimide_POS,thiol-maleimide_POS,plasma,MTBL,D,13.7430487126438,0.21783755054168275
p1325_POS,p1325_POS,plasma,MTBL,D,20.39964915041859,0.28033708732980855
p1541_POS,p1541_POS,plasma,MTBL,D,19.652962224763804,0.2191903564962665
p5784_POS,p5784_POS,plasma,MTBL,D,12.640093784523177,0.07251683651073915
p5183_POS,p5183_POS,plasma,MTBL,D,12.860423334573243,0.24469550415322505
p389_POS,p389_POS,plasma,MTBL,D,22.70968705508365,0.21998811788006734
Guanidoacetic acid_POS,Guanidoacetic acid_POS,plasma,MTBL,D,18.361536201343668,0.37146632003980606
p3244_POS,p3244_POS,plasma,MTBL,D,15.774432415926686,0.19397204230719023
p3820_POS,p3820_POS,plasma,MTBL,D,12.95756833753879,0.16619522846417478
p2817_POS,p2817_POS,plasma,MTBL,D,18.765632042867793,0.22638438651780568
p304_POS,p304_POS,plasma,MTBL,D,22.08343503009761,0.24287034511782934
n2563_NEG,n2563_NEG,plasma,MTBL,D,17.199654686409268,0.38181531298331883
"(2R*,3R*)-1,2,3-Butanetriol_POS","(2R*,3R*)-1,2,3-Butanetriol_POS",plasma,MTBL,D,19.922692707306254,0.1619647566196054
p4918_POS,p4918_POS,plasma,MTBL,D,15.626824624168048,0.14863455948865933
Cyclic AMP_NEG,Cyclic AMP_NEG,plasma,MTBL,D,14.558927044834247,0.28207896637016194
n3121_NEG,n3121_NEG,plasma,MTBL,D,14.28659415081091,0.16901111160803506
p2553_POS,p2553_POS,plasma,MTBL,D,17.47185740221222,0.36880280635208784
n3766_NEG,n3766_NEG,plasma,MTBL,D,11.208060562747256,0.0346153422183626
p191_POS,p191_POS,plasma,MTBL,D,22.41879797050614,0.14390634750202658
D-Raffinose_POS,D-Raffinose_POS,plasma,MTBL,D,14.848118261951704,0.76005786361275
Aspartame_POS,Aspartame_POS,plasma,MTBL,D,16.147946799630503,0.2586273740169993
p924_POS,p924_POS,plasma,MTBL,D,20.827797185499065,0.18579994906721886
NP-008998_POS,NP-008998_POS,plasma,MTBL,D,14.788019131178455,0.17328854650165226
p3321_POS,p3321_POS,plasma,MTBL,D,14.479171778900316,0.22006078095799086
n83_NEG,n83_NEG,plasma,MTBL,D,24.195808193046098,0.07500814476220441
p260_POS,p260_POS,plasma,MTBL,D,25.230777738256034,0.183343008119623
p3769_POS,p3769_POS,plasma,MTBL,D,13.915166449800559,0.21795952615116576
p4022_POS,p4022_POS,plasma,MTBL,D,17.50612713450142,0.3911546367965286
n3109_NEG,n3109_NEG,plasma,MTBL,D,17.130562376408392,0.3980573455075298
Capsianoside I_POS,Capsianoside I_POS,plasma,MTBL,D,13.773164665216832,0.19374315982654355
p380_POS,p380_POS,plasma,MTBL,D,24.54100713815239,0.14487766936162316
Creatine_POS,Creatine_POS,plasma,MTBL,D,23.733053310618477,0.41678918448620905
"2,4-diaziran-1-yl-6-(1-phenyl-1H-pyrrol-2-yl)-1,3,5-triazine_POS","2,4-diaziran-1-yl-6-(1-phenyl-1H-pyrrol-2-yl)-1,3,5-triazine_POS",plasma,MTBL,D,13.448388937380777,0.12647469911325437
p1028_POS,p1028_POS,plasma,MTBL,D,21.443424388988937,0.2724178013337628
apo-[3-methylcrotonoyl-CoA:carbon-dioxide ligase (ADP-forming)]_POS,apo-[3-methylcrotonoyl-CoA:carbon-dioxide ligase (ADP-forming)]_POS,plasma,MTBL,D,19.003013902245883,0.5674472027878519
p4247_POS,p4247_POS,plasma,MTBL,D,14.822285689494159,0.17010803981393696
p559_POS,p559_POS,plasma,MTBL,D,20.542217161328196,0.27557504017353374
QQH_POS,QQH_POS,plasma,MTBL,D,11.230032124539235,0.05487602330651331
Zonisamide_POS,Zonisamide_POS,plasma,MTBL,D,14.42585189389178,0.1462323110230983
Pantothenic acid_POS,Pantothenic acid_POS,plasma,MTBL,D,17.90546733218828,0.6469671116045195
n316_NEG,n316_NEG,plasma,MTBL,D,23.40696019251957,0.065772820195523
p1057_POS,p1057_POS,plasma,MTBL,D,15.20762837496208,0.14531719970672174
p1084_POS,p1084_POS,plasma,MTBL,D,21.506616781862636,0.24368859678731702
p2518_POS,p2518_POS,plasma,MTBL,D,16.01336547273125,0.2074918503546943
p3495_POS,p3495_POS,plasma,MTBL,D,13.393175042304552,0.04547980988589373
p1459_POS,p1459_POS,plasma,MTBL,D,20.92439552320263,0.20796595970456622
p999_POS,p999_POS,plasma,MTBL,D,22.410199954900655,0.2715001211152561
p5774_POS,p5774_POS,plasma,MTBL,D,12.14457040929621,0.20487512144618947
Phenyl sulfoxide_POS,Phenyl sulfoxide_POS,plasma,MTBL,D,26.075444290852356,0.23434549253386727
p3107_POS,p3107_POS,plasma,MTBL,D,13.202292946278043,0.04122297449132262
p5160_POS,p5160_POS,plasma,MTBL,D,11.297992256881727,0.061117051519004484
p5412_POS,p5412_POS,plasma,MTBL,D,11.512370250404423,0.20380794091311216
n1621_NEG,n1621_NEG,plasma,MTBL,D,16.91468006160511,0.060478245630161354
p4082_POS,p4082_POS,plasma,MTBL,D,19.0592094327464,0.05798486583705653
Chenodeoxycholic Acid_NEG,Chenodeoxycholic Acid_NEG,plasma,MTBL,D,14.364103830024256,0.17960637778204092
n3259_NEG,n3259_NEG,plasma,MTBL,D,16.767416656718783,0.24876026568757226
p3083_POS,p3083_POS,plasma,MTBL,D,18.364740808859526,0.3443103006360797
n3896_NEG,n3896_NEG,plasma,MTBL,D,9.434369088554654,0.09041015792236351
p3198_POS,p3198_POS,plasma,MTBL,D,16.40652769944832,0.3248127636065963
p4876_POS,p4876_POS,plasma,MTBL,D,14.084786485050646,0.1771976533467896
n3520_NEG,n3520_NEG,plasma,MTBL,D,14.015283527170876,0.3225055930799119
p4433_POS,p4433_POS,plasma,MTBL,D,12.721806079233229,0.5228681739249028
p699_POS,p699_POS,plasma,MTBL,D,21.242598767832135,0.2433445738049489
p5800_POS,p5800_POS,plasma,MTBL,D,10.725678180763989,0.12667681781636375
"4-Cyano-N-({(1S,4S,6S)-6-isopropyl-3-methyl-4-[2-(4-methyl-1-piperazinyl)-2-oxoethyl]-2-cyclohexen-1-yl}methyl)benzamide_NEG","4-Cyano-N-({(1S,4S,6S)-6-isopropyl-3-methyl-4-[2-(4-methyl-1-piperazinyl)-2-oxoethyl]-2-cyclohexen-1-yl}methyl)benzamide_NEG",plasma,MTBL,D,12.525638982467147,0.116872206199222
n3730_NEG,n3730_NEG,plasma,MTBL,D,12.396599010058598,0.13653539605524045
D-Glucamine_POS,D-Glucamine_POS,plasma,MTBL,D,18.27849487490966,0.45589926564165495
p1279_POS,p1279_POS,plasma,MTBL,D,22.219520676237817,0.1354345391210039
[3-amino-5-(methylsulfanyl)-4-(2-pyridinyl)-1H-pyrazol-1-yl](2-thienyl)methanone_POS,[3-amino-5-(methylsulfanyl)-4-(2-pyridinyl)-1H-pyrazol-1-yl](2-thienyl)methanone_POS,plasma,MTBL,D,23.329168668122357,0.2756389758458564
Cladinose_POS,Cladinose_POS,plasma,MTBL,D,18.828479906633063,0.06765198082051604
n446_NEG,n446_NEG,plasma,MTBL,D,21.199131596085216,0.24166014327945184
Lamotrigine_POS,Lamotrigine_POS,plasma,MTBL,D,16.311073920523754,0.19203579421688843
n1279_NEG,n1279_NEG,plasma,MTBL,D,20.354021583735083,0.16914434489672914
n474_NEG,n474_NEG,plasma,MTBL,D,21.36797271328318,0.2877754163508168
n222_NEG,n222_NEG,plasma,MTBL,D,23.78407745961828,0.16005824304290073
11-Aminoundecanoic acid_POS,11-Aminoundecanoic acid_POS,plasma,MTBL,D,14.719941558213524,0.1865775738387434
4'-Chloro-α-pyrrolidinopropiophenone_POS,4'-Chloro-α-pyrrolidinopropiophenone_POS,plasma,MTBL,D,16.11843563912566,0.04037306488319636
n3916_NEG,n3916_NEG,plasma,MTBL,D,9.402154862222421,0.09386091683344855
p2202_POS,p2202_POS,plasma,MTBL,D,16.13494664697585,0.16594574805846563
p3856_POS,p3856_POS,plasma,MTBL,D,18.676339744978396,0.17000928595228615
Desmethylcitalopram_POS,Desmethylcitalopram_POS,plasma,MTBL,D,16.4016403608981,0.24166412454727038
p266_POS,p266_POS,plasma,MTBL,D,25.20392465993178,0.19947709186118168
p4531_POS,p4531_POS,plasma,MTBL,D,12.504361332246187,0.14126023520871822
p813_POS,p813_POS,plasma,MTBL,D,23.436659230337696,0.13173130105293573
O-Desmethyl-cis-tramadol_POS,O-Desmethyl-cis-tramadol_POS,plasma,MTBL,D,13.165927083576921,0.02333100597476534
p5296_POS,p5296_POS,plasma,MTBL,D,13.463494228971843,0.18103204177185095
n1560_NEG,n1560_NEG,plasma,MTBL,D,18.863190477458907,0.24480129016234287
p4412_POS,p4412_POS,plasma,MTBL,D,14.133576300586128,0.24204862700705831
Phenazopyridine_POS,Phenazopyridine_POS,plasma,MTBL,D,12.08458746946866,0.07135630175937369
n2820_NEG,n2820_NEG,plasma,MTBL,D,18.40218538941722,0.24366289444496125
D-(+)-Glucose_POS,D-(+)-Glucose_POS,plasma,MTBL,D,26.543869207632753,0.22265977585338526
p490_POS,p490_POS,plasma,MTBL,D,23.07346517864518,0.17119459157826356
p2756_POS,p2756_POS,plasma,MTBL,D,19.429442532660588,0.2223831408313739
p3975_POS,p3975_POS,plasma,MTBL,D,15.480121654604275,0.22481410371483257
n3726_NEG,n3726_NEG,plasma,MTBL,D,12.254287574010664,0.11959628292464775
p5224_POS,p5224_POS,plasma,MTBL,D,12.322524570530526,0.12527073145945788
n3555_NEG,n3555_NEG,plasma,MTBL,D,15.579254595524533,0.41464705669401347
n1399_NEG,n1399_NEG,plasma,MTBL,D,19.096713722186454,0.3211435918980179
p4649_POS,p4649_POS,plasma,MTBL,D,17.57717778947203,0.42825088132216926
p1570_POS,p1570_POS,plasma,MTBL,D,21.07589125878247,0.29626674853052926
p3818_POS,p3818_POS,plasma,MTBL,D,13.18226956599515,0.14591466089851668
"N-(3-Cyano-4,5-dimethyl-2-thienyl)-2-(4-phenylpiperazino)acetamide_NEG","N-(3-Cyano-4,5-dimethyl-2-thienyl)-2-(4-phenylpiperazino)acetamide_NEG",plasma,MTBL,D,14.047592640402195,0.24239193907911893
p2038_POS,p2038_POS,plasma,MTBL,D,20.18369401678014,0.3267894841318135
Tromethamine_POS,Tromethamine_POS,plasma,MTBL,D,15.869994027983283,0.04431666685528146
n3884_NEG,n3884_NEG,plasma,MTBL,D,10.415518207005414,0.03253636681597616
n157_NEG,n157_NEG,plasma,MTBL,D,25.278956296408275,0.129495350760644
n3894_NEG,n3894_NEG,plasma,MTBL,D,9.621906213412569,0.036082702029693436
p4840_POS,p4840_POS,plasma,MTBL,D,13.012056333651094,0.15537586478360232
p5531_POS,p5531_POS,plasma,MTBL,D,12.01662400982331,0.2298635010788912
p4694_POS,p4694_POS,plasma,MTBL,D,17.113061065217476,0.342525413461388
p1622_POS,p1622_POS,plasma,MTBL,D,17.788262762318347,0.6668270524026028
p4550_POS,p4550_POS,plasma,MTBL,D,14.324049753105571,0.14013631319065567
p339_POS,p339_POS,plasma,MTBL,D,23.63527765438301,0.16140906283501266
p2647_POS,p2647_POS,plasma,MTBL,D,17.940210714388808,0.6498280458399837
p2581_POS,p2581_POS,plasma,MTBL,D,15.974401657875664,0.24683829099936005
Capsaicin_POS,Capsaicin_POS,plasma,MTBL,D,13.442670595982495,0.22658625854919023
n840_NEG,n840_NEG,plasma,MTBL,D,21.219592934610887,0.12316527883359285
N-Ethylacetamide_POS,N-Ethylacetamide_POS,plasma,MTBL,D,24.255452528269984,0.11185457448892677
D-Glycero-D-galacto-heptitol_NEG,D-Glycero-D-galacto-heptitol_NEG,plasma,MTBL,D,15.801656767875016,0.25769647418631525
n1923_NEG,n1923_NEG,plasma,MTBL,D,15.969567505998711,0.26910540475688016
n2403_NEG,n2403_NEG,plasma,MTBL,D,15.151092617782474,0.2691483179939578
n3021_NEG,n3021_NEG,plasma,MTBL,D,16.909137266626146,0.3137249629590464
p2143_POS,p2143_POS,plasma,MTBL,D,18.535384779699697,0.13791823413525606
2-Pentenedial_NEG,2-Pentenedial_NEG,plasma,MTBL,D,23.128144220209965,0.16282523254753123
p2785_POS,p2785_POS,plasma,MTBL,D,13.81299240660788,0.15219167081630847
n3442_NEG,n3442_NEG,plasma,MTBL,D,12.547181314426709,0.09451590546558108
