,analyte_ID,tissue,datatype,timepoint,control_median,control_MAD
D3-Creatinine-ISTD_POS,D3-Creatinine-ISTD_POS,plasma,MTBL,E,24.397093223137315,0.09425552642588642
p3823_POS,p3823_POS,plasma,MTBL,E,14.805180322556904,0.3918191378614644
p1690_POS,p1690_POS,plasma,MTBL,E,21.60815621385411,0.17954631058126225
p5795_POS,p5795_POS,plasma,MTBL,E,14.04235035331622,0.03936033342848866
p2942_POS,p2942_POS,plasma,MTBL,E,14.781104923268511,0.05211034631074085
"N-(1,3-benzodioxol-5-yl)-2-methyl-5-(piperidinosulfonyl)-3-furamide_POS","N-(1,3-benzodioxol-5-yl)-2-methyl-5-(piperidinosulfonyl)-3-furamide_POS",plasma,MTBL,E,13.594232120657193,0.14020276643802454
"N1-(alpha-D-ribosyl)-5,6-dimethyl-benzimidazole_POS","N1-(alpha-D-ribosyl)-5,6-dimethyl-benzimidazole_POS",plasma,MTBL,E,17.377305225759052,0.2794654371115719
p3174_POS,p3174_POS,plasma,MTBL,E,15.480924688033324,0.1559486858716621
Methoxsalen_POS,Methoxsalen_POS,plasma,MTBL,E,15.06596929456183,0.2735305108809616
n3688_NEG,n3688_NEG,plasma,MTBL,E,11.839811817405575,0.23901095804354
p555_POS,p555_POS,plasma,MTBL,E,23.135594336675915,0.11259252768225636
"[6,7-dimethoxy-1-methyl-3,4-dihydro-2(1H)-isoquinolinyl](5-methyl-3-isoxazolyl)methanone_POS","[6,7-dimethoxy-1-methyl-3,4-dihydro-2(1H)-isoquinolinyl](5-methyl-3-isoxazolyl)methanone_POS",plasma,MTBL,E,13.514854885876664,0.12471879169103595
p5019_POS,p5019_POS,plasma,MTBL,E,15.709307758034154,0.15594868587166388
p3144_POS,p3144_POS,plasma,MTBL,E,18.344661962044295,0.3017973515388377
n2600_NEG,n2600_NEG,plasma,MTBL,E,16.69601995973092,0.35346773806592324
Caprolactam_POS,Caprolactam_POS,plasma,MTBL,E,19.599469297661468,0.6188737207160777
p5568_POS,p5568_POS,plasma,MTBL,E,11.39611860334648,0.08288535982743106
p1608_POS,p1608_POS,plasma,MTBL,E,20.6042077443462,0.16541348878572038
p5015_POS,p5015_POS,plasma,MTBL,E,13.14372393934032,0.4018036252050923
p281_POS,p281_POS,plasma,MTBL,E,24.16583592361025,0.10525492822806726
Glucuronic acid sulfate_NEG,Glucuronic acid sulfate_NEG,plasma,MTBL,E,9.843122250648364,0.07368394598546146
p98_POS,p98_POS,plasma,MTBL,E,26.335735748171732,0.19074934743168015
p851_POS,p851_POS,plasma,MTBL,E,18.258179930828895,0.3781491532413028
Indoline_POS,Indoline_POS,plasma,MTBL,E,21.350325244431012,0.16577092025274354
p3519_POS,p3519_POS,plasma,MTBL,E,15.310454140618258,0.3824415244170929
Vaccenyl carnitine_POS,Vaccenyl carnitine_POS,plasma,MTBL,E,14.459193026598696,0.34532326920439793
Imidazoleacetic acid_POS,Imidazoleacetic acid_POS,plasma,MTBL,E,20.37783470352415,0.2165830331476215
p4974_POS,p4974_POS,plasma,MTBL,E,15.756254319016398,0.32660558451259547
p3473_POS,p3473_POS,plasma,MTBL,E,18.503558283860485,0.3570619537478983
p5162_POS,p5162_POS,plasma,MTBL,E,18.22347511630536,0.19126010086122847
Gluconolactone_POS,Gluconolactone_POS,plasma,MTBL,E,17.923294926193947,0.3241585694391098
p1485_POS,p1485_POS,plasma,MTBL,E,20.27649357960895,0.31548383867836094
p4351_POS,p4351_POS,plasma,MTBL,E,11.083986713253992,0.11060890203807539
p1605_POS,p1605_POS,plasma,MTBL,E,20.44873704656472,0.10323316891750167
n2589_NEG,n2589_NEG,plasma,MTBL,E,18.646091673616983,0.2124415318788344
p4096_POS,p4096_POS,plasma,MTBL,E,18.22900164717467,0.5116467050886371
p2057_POS,p2057_POS,plasma,MTBL,E,19.811614793836153,0.1913994073285359
Venlafaxine N-Oxide_POS,Venlafaxine N-Oxide_POS,plasma,MTBL,E,13.07327543751563,0.25095447874020493
p2825_POS,p2825_POS,plasma,MTBL,E,20.4198702424186,0.23880206817473137
p5080_POS,p5080_POS,plasma,MTBL,E,12.816174809808023,0.1743507601378269
p4193_POS,p4193_POS,plasma,MTBL,E,14.103847479536864,0.49701282558584303
Memnobotrin B_POS,Memnobotrin B_POS,plasma,MTBL,E,12.696031693566354,0.20805052626578657
p5561_POS,p5561_POS,plasma,MTBL,E,13.044413923715132,0.3099976196733163
n568_NEG,n568_NEG,plasma,MTBL,E,20.288473968067446,0.13472056690784484
p1828_POS,p1828_POS,plasma,MTBL,E,21.39281545311087,0.19368320059415112
N-Docosahexaenoyl GABA_POS,N-Docosahexaenoyl GABA_POS,plasma,MTBL,E,12.938047304431311,0.20429407479120343
p3967_POS,p3967_POS,plasma,MTBL,E,13.7743807067059,0.21508519070139975
p4275_POS,p4275_POS,plasma,MTBL,E,16.671726510464325,0.21352382132193526
p1167_POS,p1167_POS,plasma,MTBL,E,20.48435711118905,0.24008483207026288
p3082_POS,p3082_POS,plasma,MTBL,E,12.894123557934568,0.12958445833461596
p790_POS,p790_POS,plasma,MTBL,E,20.38110631467135,0.16293152138453237
p231_POS,p231_POS,plasma,MTBL,E,24.174461508231037,0.11389068614923659
n3923_NEG,n3923_NEG,plasma,MTBL,E,9.689077849178627,0.07626096271239113
p2723_POS,p2723_POS,plasma,MTBL,E,15.84143097759344,0.5890849950681805
p3243_POS,p3243_POS,plasma,MTBL,E,15.648857923237813,0.15086424283933653
n1345_NEG,n1345_NEG,plasma,MTBL,E,18.784184673949692,0.399074394047112
p2887_POS,p2887_POS,plasma,MTBL,E,18.3276677212932,0.23254007138174515
p5424_POS,p5424_POS,plasma,MTBL,E,10.670542625138143,0.10574763064933457
p4222_POS,p4222_POS,plasma,MTBL,E,17.719537694748272,0.07351905939813363
D3-Creatinine_POS,D3-Creatinine_POS,plasma,MTBL,E,24.497258531731003,0.06795135480057368
p207_POS,p207_POS,plasma,MTBL,E,25.586637881202694,0.10530944622649585
p959_POS,p959_POS,plasma,MTBL,E,20.333764063120157,0.24011230454949128
p5522_POS,p5522_POS,plasma,MTBL,E,12.75631488450724,0.2732504501580024
p4371_POS,p4371_POS,plasma,MTBL,E,16.204889031561333,0.06570958946723948
p3896_POS,p3896_POS,plasma,MTBL,E,18.74667322240858,0.19089284234681259
p5016_POS,p5016_POS,plasma,MTBL,E,15.193329498124106,0.0828913274565437
p3023_POS,p3023_POS,plasma,MTBL,E,11.708927761932458,0.2412596130000768
p3469_POS,p3469_POS,plasma,MTBL,E,16.131396446124985,0.5990200876940186
p131_POS,p131_POS,plasma,MTBL,E,24.194012486629756,0.18342417927399524
n537_NEG,n537_NEG,plasma,MTBL,E,22.69630918124196,0.10547735599362795
Galactitol_POS,Galactitol_POS,plasma,MTBL,E,18.593722593645417,0.41893194429608727
"1,2,3-Trihydroxybenzene_NEG","1,2,3-Trihydroxybenzene_NEG",plasma,MTBL,E,17.992110137766026,0.1839296242051276
p2234_POS,p2234_POS,plasma,MTBL,E,14.6046504144125,0.40755558050853047
p2448_POS,p2448_POS,plasma,MTBL,E,17.235800852853362,0.2495471570448231
p4097_POS,p4097_POS,plasma,MTBL,E,18.046720510994447,0.3281376158070408
Repinotan_POS,Repinotan_POS,plasma,MTBL,E,14.030878802124654,0.19779132614212536
p1519_POS,p1519_POS,plasma,MTBL,E,19.4794152299746,0.17221829262724242
p3498_POS,p3498_POS,plasma,MTBL,E,15.641776758797826,0.3738681562588848
n4_NEG,n4_NEG,plasma,MTBL,E,28.964922903819048,0.05380196921298719
n3757_NEG,n3757_NEG,plasma,MTBL,E,8.589533103942289,0.08774219100980041
p2690_POS,p2690_POS,plasma,MTBL,E,18.230526857158672,0.20425415426045035
p1192_POS,p1192_POS,plasma,MTBL,E,22.09842506513784,0.1953945398989525
n3849_NEG,n3849_NEG,plasma,MTBL,E,11.683934670757491,0.31766517131464056
n178_NEG,n178_NEG,plasma,MTBL,E,24.365249728479963,0.07055674731345363
p1815_POS,p1815_POS,plasma,MTBL,E,20.32743721672143,0.10495431229339403
p3707_POS,p3707_POS,plasma,MTBL,E,19.779303443670443,0.08867048974057923
p4375_POS,p4375_POS,plasma,MTBL,E,13.990929741475226,0.6019996372998495
p300_POS,p300_POS,plasma,MTBL,E,24.67845199761194,0.1607386598955678
n3235_NEG,n3235_NEG,plasma,MTBL,E,12.724067016760484,0.060376928371432825
p1970_POS,p1970_POS,plasma,MTBL,E,17.534622927447334,0.36254056593568507
p5236_POS,p5236_POS,plasma,MTBL,E,14.775961096218186,0.12377125081998663
p132_POS,p132_POS,plasma,MTBL,E,25.187452734247483,0.12181719588498652
p2281_POS,p2281_POS,plasma,MTBL,E,19.10120989941268,0.3506772292228142
p1029_POS,p1029_POS,plasma,MTBL,E,20.49558159801584,0.27990069542880747
p1780_POS,p1780_POS,plasma,MTBL,E,18.549842932281653,0.41411867066993224
p145_POS,p145_POS,plasma,MTBL,E,26.100832744702785,0.15232236887942108
p903_POS,p903_POS,plasma,MTBL,E,19.912484052763897,0.22153131209115884
n2843_NEG,n2843_NEG,plasma,MTBL,E,15.335044630763663,0.2663563101946149
p1994_POS,p1994_POS,plasma,MTBL,E,20.00804891058287,0.24317966607338448
n2905_NEG,n2905_NEG,plasma,MTBL,E,17.73630467431904,0.38941826090265863
p3681_POS,p3681_POS,plasma,MTBL,E,17.810640038080447,0.3440695596772123
D-Glucose_POS,D-Glucose_POS,plasma,MTBL,E,27.13120350291095,0.12800489628616418
p4965_POS,p4965_POS,plasma,MTBL,E,13.584253884238688,0.28466650603736454
n1333_NEG,n1333_NEG,plasma,MTBL,E,20.580108863044416,0.10273901239579786
Dacarbazine_POS,Dacarbazine_POS,plasma,MTBL,E,14.165444372021872,0.34426644219584723
(R)-Salsolinol_POS,(R)-Salsolinol_POS,plasma,MTBL,E,13.209726658481973,0.20066441566988402
n2511_NEG,n2511_NEG,plasma,MTBL,E,18.35491964566564,0.2667253624707904
p4116_POS,p4116_POS,plasma,MTBL,E,15.011646640319398,0.20422282790489454
p4306_POS,p4306_POS,plasma,MTBL,E,12.620190762048589,0.19103596311163074
n33_NEG,n33_NEG,plasma,MTBL,E,27.610539953306965,0.060026457247019493
p800_POS,p800_POS,plasma,MTBL,E,20.905695339602644,0.12037670489877073
"1,1,1,2,2,3,3,10,10,11,11,12,12,12-Tetradecafluoro-5,8-diiodododecane_NEG","1,1,1,2,2,3,3,10,10,11,11,12,12,12-Tetradecafluoro-5,8-diiodododecane_NEG",plasma,MTBL,E,22.88002556837605,0.08062696481805176
D-threo-isocitrate_NEG,D-threo-isocitrate_NEG,plasma,MTBL,E,16.81185917766507,0.3203845341587801
Kijanimicin_POS,Kijanimicin_POS,plasma,MTBL,E,18.683157446581852,0.19540563286322765
p3732_POS,p3732_POS,plasma,MTBL,E,13.895945870721604,0.09597661342523267
n2637_NEG,n2637_NEG,plasma,MTBL,E,13.707493631177243,0.09579364782819866
p2499_POS,p2499_POS,plasma,MTBL,E,19.247009768699087,0.3206599543887094
p4517_POS,p4517_POS,plasma,MTBL,E,14.084396443482222,0.06675763477007379
1-(2-Hydroxyethyl-2-hydroxymethyl)-5-nitro-imidazole_POS,1-(2-Hydroxyethyl-2-hydroxymethyl)-5-nitro-imidazole_POS,plasma,MTBL,E,13.209253154444804,0.19483168820730334
δ-Valerolactam_POS,δ-Valerolactam_POS,plasma,MTBL,E,21.76757066712831,0.6169021066496896
p3186_POS,p3186_POS,plasma,MTBL,E,20.467311916456385,0.08867048974057568
n2627_NEG,n2627_NEG,plasma,MTBL,E,18.72975587517421,0.17471894297748847
p364_POS,p364_POS,plasma,MTBL,E,23.59343870212628,0.1639517369293486
p4248_POS,p4248_POS,plasma,MTBL,E,14.183518219865508,0.24456919846089065
n1822_NEG,n1822_NEG,plasma,MTBL,E,14.710659062458788,0.167434436728076
3-hydroxynonanoyl carnitine_POS,3-hydroxynonanoyl carnitine_POS,plasma,MTBL,E,15.612596910125632,0.09413701748527004
p5029_POS,p5029_POS,plasma,MTBL,E,16.805439720286685,0.23475922397424398
p5119_POS,p5119_POS,plasma,MTBL,E,12.039739157017369,0.1010441472749175
p2569_POS,p2569_POS,plasma,MTBL,E,15.69677024934932,0.13265848382133605
Leucylproline_POS,Leucylproline_POS,plasma,MTBL,E,21.931470013459773,0.2666919189518566
p3932_POS,p3932_POS,plasma,MTBL,E,14.51124613628562,0.20914525541642526
2-Heptanethiol_POS,2-Heptanethiol_POS,plasma,MTBL,E,21.883815592853864,0.3235716422683268
Uracil analogue_POS,Uracil analogue_POS,plasma,MTBL,E,13.69929875082588,0.048121411640504874
p4131_POS,p4131_POS,plasma,MTBL,E,13.51962552537316,0.23043125870919923
p4467_POS,p4467_POS,plasma,MTBL,E,13.16365445409573,0.05347143604214466
p5640_POS,p5640_POS,plasma,MTBL,E,11.847458631049967,0.334927731271895
Succinic acid semialdehyde_NEG,Succinic acid semialdehyde_NEG,plasma,MTBL,E,23.280793072921245,0.08183066400196637
p1275_POS,p1275_POS,plasma,MTBL,E,21.23897341479873,0.2555156837689374
p1655_POS,p1655_POS,plasma,MTBL,E,15.29748266021952,0.7715392169802033
L-Iditol_POS,L-Iditol_POS,plasma,MTBL,E,19.92237775576156,0.30637052529308306
p3615_POS,p3615_POS,plasma,MTBL,E,13.496242241722545,0.09843317065399404
n319_NEG,n319_NEG,plasma,MTBL,E,23.55141039852006,0.19838215373923873
p4162_POS,p4162_POS,plasma,MTBL,E,14.301314579214443,0.2372381123196412
p5144_POS,p5144_POS,plasma,MTBL,E,12.444833755000465,0.29429642304205217
n3719_NEG,n3719_NEG,plasma,MTBL,E,15.540058130451316,0.35013841177074134
p4508_POS,p4508_POS,plasma,MTBL,E,17.363096654296925,0.5044080432436431
p2289_POS,p2289_POS,plasma,MTBL,E,15.235562799211952,0.16111543642970005
p1866_POS,p1866_POS,plasma,MTBL,E,19.952335212002335,0.1903248052246198
p3585_POS,p3585_POS,plasma,MTBL,E,18.406401423474833,0.38747046203656055
p2540_POS,p2540_POS,plasma,MTBL,E,20.11696373111775,0.08942204557294176
p2827_POS,p2827_POS,plasma,MTBL,E,14.602588196026996,0.2733294382342031
p658_POS,p658_POS,plasma,MTBL,E,19.546470314073556,0.23960761299892042
p1452_POS,p1452_POS,plasma,MTBL,E,18.488930007779487,0.08914432936341754
L-Serine_NEG,L-Serine_NEG,plasma,MTBL,E,21.028570769613435,0.23594628266451423
p951_POS,p951_POS,plasma,MTBL,E,21.35997896998372,0.16224481329219742
p2896_POS,p2896_POS,plasma,MTBL,E,18.813044213221612,0.25759551696623717
N-Trifluoroacetyladriamycin_POS,N-Trifluoroacetyladriamycin_POS,plasma,MTBL,E,16.367013717977766,0.35158987543426434
"1H,1H-Perfluorononylamine_POS","1H,1H-Perfluorononylamine_POS",plasma,MTBL,E,12.144437196965365,0.07507626720237859
n3303_NEG,n3303_NEG,plasma,MTBL,E,11.707913641270467,0.10927569156554107
p1382_POS,p1382_POS,plasma,MTBL,E,19.988257803535017,0.26145631990302576
p2909_POS,p2909_POS,plasma,MTBL,E,17.33865657246995,0.4009357970534744
p2168_POS,p2168_POS,plasma,MTBL,E,18.866789346502458,0.14924712955160402
p5622_POS,p5622_POS,plasma,MTBL,E,13.01299782898502,0.25096610044740686
"5-({[3-chloro-5-(trifluoromethyl)-2-pyridyl]methyl}thio)-4-pentyl-4H-1,2,4-triazol-3-ol_POS","5-({[3-chloro-5-(trifluoromethyl)-2-pyridyl]methyl}thio)-4-pentyl-4H-1,2,4-triazol-3-ol_POS",plasma,MTBL,E,9.706026510550712,0.031585011531625184
n2663_NEG,n2663_NEG,plasma,MTBL,E,18.61676850169112,0.13488081041600708
p426_POS,p426_POS,plasma,MTBL,E,21.84693385928715,0.19521937585187388
p824_POS,p824_POS,plasma,MTBL,E,22.030363739351326,0.13766598327091728
p1008_POS,p1008_POS,plasma,MTBL,E,18.14220604606277,0.37719473399395653
p1692_POS,p1692_POS,plasma,MTBL,E,20.809420314015487,0.11621734636278092
n416_NEG,n416_NEG,plasma,MTBL,E,23.23345502779508,0.09181901161177919
p2855_POS,p2855_POS,plasma,MTBL,E,19.414133142690343,0.282926668685608
p1435_POS,p1435_POS,plasma,MTBL,E,21.915535007363463,0.32977072588539613
"6-Chloro-N2,N3-diethylquinoxaline-2,3-diamine_POS","6-Chloro-N2,N3-diethylquinoxaline-2,3-diamine_POS",plasma,MTBL,E,10.775153334228404,0.11060890203807539
p5751_POS,p5751_POS,plasma,MTBL,E,14.940180126526348,0.33146194771302184
n3892_NEG,n3892_NEG,plasma,MTBL,E,10.109420141335097,0.07625561003830938
p3176_POS,p3176_POS,plasma,MTBL,E,18.86882692750386,0.22584663730753718
Triethylene Glycol Monomethyl Ether_POS,Triethylene Glycol Monomethyl Ether_POS,plasma,MTBL,E,16.39579861580521,0.0625967995341874
p5062_POS,p5062_POS,plasma,MTBL,E,14.80629716535273,0.16316573938586565
D-(-)-Mannitol_NEG,D-(-)-Mannitol_NEG,plasma,MTBL,E,19.822705926635702,0.3604283754302422
p1125_POS,p1125_POS,plasma,MTBL,E,21.391829279324966,0.3215851790725708
Penicillactam_POS,Penicillactam_POS,plasma,MTBL,E,16.9462150472378,0.32662127211657577
Norepinephrine sulfate_POS,Norepinephrine sulfate_POS,plasma,MTBL,E,14.882781619560388,0.06253327707985079
3-Oxalomalic acid_POS,3-Oxalomalic acid_POS,plasma,MTBL,E,18.697329817777863,0.2531175174375129
n2862_NEG,n2862_NEG,plasma,MTBL,E,16.076586452791574,0.17420546955067806
p5406_POS,p5406_POS,plasma,MTBL,E,13.000790231952234,0.19308403866815382
p2850_POS,p2850_POS,plasma,MTBL,E,13.007980079572071,0.06087702654748384
p4818_POS,p4818_POS,plasma,MTBL,E,14.092889739978764,0.2775450676894593
"5,5-dimethyl-2-{[(2-phenylacetyl)amino]methyl}-1,3-thiazolane-4-carboxylic acid_POS","5,5-dimethyl-2-{[(2-phenylacetyl)amino]methyl}-1,3-thiazolane-4-carboxylic acid_POS",plasma,MTBL,E,13.772325174623596,0.10043299221962165
2-Amino-3-methyl-1-butanol_POS,2-Amino-3-methyl-1-butanol_POS,plasma,MTBL,E,23.23683949140355,0.27362875938337794
p759_POS,p759_POS,plasma,MTBL,E,19.03854230769072,0.2423243098688488
p4520_POS,p4520_POS,plasma,MTBL,E,17.222740859573953,0.10982292855792508
NP-022470_POS,NP-022470_POS,plasma,MTBL,E,13.828849750148732,0.3654601628969516
3-Deoxyglucosone_NEG,3-Deoxyglucosone_NEG,plasma,MTBL,E,23.84338192805853,0.0975516151860667
Bupropion hydrochloride_POS,Bupropion hydrochloride_POS,plasma,MTBL,E,15.123970086555955,0.15237991013896668
p3051_POS,p3051_POS,plasma,MTBL,E,15.58768216953173,0.20916932808919597
p4961_POS,p4961_POS,plasma,MTBL,E,14.16769785932973,0.30135998203543046
p2574_POS,p2574_POS,plasma,MTBL,E,14.50822517339711,0.4313980921545788
p1316_POS,p1316_POS,plasma,MTBL,E,19.480481398105063,0.2528585739335121
n2173_NEG,n2173_NEG,plasma,MTBL,E,19.31657488254608,0.0928605174792203
N-(2-Hydroxypropyl)valine_POS,N-(2-Hydroxypropyl)valine_POS,plasma,MTBL,E,16.850825335184012,0.5027587382915613
Aptaa-lhrh_POS,Aptaa-lhrh_POS,plasma,MTBL,E,20.97637482043053,0.17880520851235104
p3135_POS,p3135_POS,plasma,MTBL,E,18.11390211210048,0.17814973716171423
p3183_POS,p3183_POS,plasma,MTBL,E,14.0366290668864,0.23329338668669664
"(2S,3R)-3-Hydroxy-2-methylbutanoic acid_POS","(2S,3R)-3-Hydroxy-2-methylbutanoic acid_POS",plasma,MTBL,E,16.30073652780566,0.07252733372888187
p4972_POS,p4972_POS,plasma,MTBL,E,14.35397845559044,0.07188047800242892
p5580_POS,p5580_POS,plasma,MTBL,E,12.753911264280884,0.1293390523362845
p1952_POS,p1952_POS,plasma,MTBL,E,16.835996659067604,0.23839608554642666
p2323_POS,p2323_POS,plasma,MTBL,E,18.9432866937498,0.5487372031143707
p3421_POS,p3421_POS,plasma,MTBL,E,18.779808914625356,0.12718310036702007
p1292_POS,p1292_POS,plasma,MTBL,E,21.085967407311102,0.14646725171467523
"6-Chloro-2,3,4,5-tetrahydro-1H-3-benzazepine_NEG","6-Chloro-2,3,4,5-tetrahydro-1H-3-benzazepine_NEG",plasma,MTBL,E,21.744269208032097,0.1142467056863623
"5S,6S-epoxy-15R-hydroxy-ETE_POS","5S,6S-epoxy-15R-hydroxy-ETE_POS",plasma,MTBL,E,18.165267721128973,0.14852405924353462
p3546_POS,p3546_POS,plasma,MTBL,E,16.174464048699022,0.4598863081682687
p388_POS,p388_POS,plasma,MTBL,E,23.461224281362743,0.11553490678344858
n1179_NEG,n1179_NEG,plasma,MTBL,E,21.419259630637583,0.08685990671800425
n530_NEG,n530_NEG,plasma,MTBL,E,21.817820456944176,0.0659866651078147
p841_POS,p841_POS,plasma,MTBL,E,19.214303194096583,0.21336035460322478
n519_NEG,n519_NEG,plasma,MTBL,E,22.88002556837605,0.0816914304367451
p3536_POS,p3536_POS,plasma,MTBL,E,18.81388976243361,0.17393271710978553
n2003_NEG,n2003_NEG,plasma,MTBL,E,16.594590782478477,0.1281269768446336
"1-(4-methylphenyl)-3,5-diphenylpent-2-ene-1,5-dione_POS","1-(4-methylphenyl)-3,5-diphenylpent-2-ene-1,5-dione_POS",plasma,MTBL,E,12.736547016592327,0.09063769491556783
"(4E)-3-Hydroxy-2,4-dimethyl-4-heptenamide_POS","(4E)-3-Hydroxy-2,4-dimethyl-4-heptenamide_POS",plasma,MTBL,E,14.298400698895986,0.055795124489279146
n1782_NEG,n1782_NEG,plasma,MTBL,E,19.227937440154008,0.19901412194558432
p4486_POS,p4486_POS,plasma,MTBL,E,16.610809010635943,0.4108003642645528
3-Hydroxymepivacaine_POS,3-Hydroxymepivacaine_POS,plasma,MTBL,E,15.118514645259983,0.043320871011164996
p5350_POS,p5350_POS,plasma,MTBL,E,12.928994744736766,0.12305052787779225
n3547_NEG,n3547_NEG,plasma,MTBL,E,12.19060398357717,0.13917986880962907
Nematophin_POS,Nematophin_POS,plasma,MTBL,E,13.067351493055687,0.29107172308637175
p5600_POS,p5600_POS,plasma,MTBL,E,10.78263634719634,0.02832483322460888
NP-020240_POS,NP-020240_POS,plasma,MTBL,E,12.67843525833123,0.01869737134642513
p4633_POS,p4633_POS,plasma,MTBL,E,15.267912666943214,0.14696568643819496
n2882_NEG,n2882_NEG,plasma,MTBL,E,12.933838334405896,0.0925821499910402
Normethadone_POS,Normethadone_POS,plasma,MTBL,E,11.997822810148246,0.20941251867479416
p295_POS,p295_POS,plasma,MTBL,E,24.474782425663307,0.09692499704547686
p1289_POS,p1289_POS,plasma,MTBL,E,22.12190692082453,0.11682085408534348
p1658_POS,p1658_POS,plasma,MTBL,E,21.713759054823143,0.1565789210706825
p3295_POS,p3295_POS,plasma,MTBL,E,20.08967844838427,0.11092846616199026
n1637_NEG,n1637_NEG,plasma,MTBL,E,19.996253820165,0.1269991286327148
n17_NEG,n17_NEG,plasma,MTBL,E,27.894132066827765,0.05481298140492541
p2792_POS,p2792_POS,plasma,MTBL,E,15.28963702189747,0.37100587056520595
"1-Phenyl-1H-pyrazolo[3,4-d]pyrimidin-4-amine_POS","1-Phenyl-1H-pyrazolo[3,4-d]pyrimidin-4-amine_POS",plasma,MTBL,E,11.868121182195576,0.042002088264494475
p3224_POS,p3224_POS,plasma,MTBL,E,19.33033318435479,0.17997722535574567
n1518_NEG,n1518_NEG,plasma,MTBL,E,20.24289317405151,0.11090803662042958
p4747_POS,p4747_POS,plasma,MTBL,E,15.72008167182469,0.20855522331736864
n3205_NEG,n3205_NEG,plasma,MTBL,E,17.205864150276806,0.24126305124323366
NP-022229_POS,NP-022229_POS,plasma,MTBL,E,14.590680618768706,0.09545497019819393
p491_POS,p491_POS,plasma,MTBL,E,23.273055755375925,0.10271660215163081
Indene_POS,Indene_POS,plasma,MTBL,E,16.62437935441281,0.058226502036646366
D-(-)-Glutamine_NEG,D-(-)-Glutamine_NEG,plasma,MTBL,E,24.33075367856794,0.2151201605593691
p489_POS,p489_POS,plasma,MTBL,E,23.273055755375925,0.10271660215163081
n793_NEG,n793_NEG,plasma,MTBL,E,15.22085413567734,0.24454542144486524
p1893_POS,p1893_POS,plasma,MTBL,E,19.736899445585944,0.23171372871733098
p911_POS,p911_POS,plasma,MTBL,E,22.46108692007773,0.1996525158198459
Diethylaminoethyl-Sephacel_POS,Diethylaminoethyl-Sephacel_POS,plasma,MTBL,E,15.793173640987977,0.18285253410689606
p5434_POS,p5434_POS,plasma,MTBL,E,13.687599436787975,0.3499337409644294
p1241_POS,p1241_POS,plasma,MTBL,E,21.641721405630673,0.08567545897135886
p3985_POS,p3985_POS,plasma,MTBL,E,17.562221979334744,0.17292220092017985
n2287_NEG,n2287_NEG,plasma,MTBL,E,19.578142224052648,0.3971943293113931
p275_POS,p275_POS,plasma,MTBL,E,24.985695755124027,0.11019469409392713
Norlidocaine_POS,Norlidocaine_POS,plasma,MTBL,E,17.214751888945194,0.4410140147565471
p3140_POS,p3140_POS,plasma,MTBL,E,12.641673666034986,0.07111127616327018
p5067_POS,p5067_POS,plasma,MTBL,E,18.104829473393675,0.07617606211564976
p803_POS,p803_POS,plasma,MTBL,E,22.54879661681791,0.2717590586246139
n2915_NEG,n2915_NEG,plasma,MTBL,E,9.881476149948368,0.047779383018454524
Ethyl N2-acetyl-L-argininate_POS,Ethyl N2-acetyl-L-argininate_POS,plasma,MTBL,E,13.490148774095765,0.018827884635074454
p2674_POS,p2674_POS,plasma,MTBL,E,16.506593899941524,0.11066756103020481
p1103_POS,p1103_POS,plasma,MTBL,E,15.12274952153945,0.08006030024478861
p5313_POS,p5313_POS,plasma,MTBL,E,12.875305677508225,0.10917990533042499
Sunitinib_POS,Sunitinib_POS,plasma,MTBL,E,12.470205328296425,0.3161631686965656
p4929_POS,p4929_POS,plasma,MTBL,E,13.11332922995526,0.29610657685488384
p2153_POS,p2153_POS,plasma,MTBL,E,20.97475204711697,0.08361222396325729
p3302_POS,p3302_POS,plasma,MTBL,E,12.62172450890538,0.11895149961782359
(E)-3-(2-(1H-Tetrazol-5-YL)vinyl)-6-fluoro-1H-indole_POS,(E)-3-(2-(1H-Tetrazol-5-YL)vinyl)-6-fluoro-1H-indole_POS,plasma,MTBL,E,13.415005019464733,0.2729411151627854
Norfentanyl_POS,Norfentanyl_POS,plasma,MTBL,E,13.846492279812615,0.352997436884273
p2386_POS,p2386_POS,plasma,MTBL,E,20.262301196228112,0.10684318314228847
p5174_POS,p5174_POS,plasma,MTBL,E,17.901180735562658,0.06212071829730803
p5231_POS,p5231_POS,plasma,MTBL,E,13.551520440298964,0.0750231823690477
p5766_POS,p5766_POS,plasma,MTBL,E,10.504906747561344,0.028324833224615986
p2783_POS,p2783_POS,plasma,MTBL,E,19.250176768719985,0.2951421891328039
p5535_POS,p5535_POS,plasma,MTBL,E,15.518421009264214,0.13858640935361244
p3206_POS,p3206_POS,plasma,MTBL,E,19.1590451742886,0.23454777388087322
p2422_POS,p2422_POS,plasma,MTBL,E,15.624998998294918,0.2673084155534511
p2660_POS,p2660_POS,plasma,MTBL,E,20.239639549948265,0.1574413085015074
"1-(Benzylamino)-3-(3,4-dimethylphenoxy)propan-2-ol_POS","1-(Benzylamino)-3-(3,4-dimethylphenoxy)propan-2-ol_POS",plasma,MTBL,E,15.310752800563847,0.2109204672713556
p2703_POS,p2703_POS,plasma,MTBL,E,20.105808693254623,0.08361222396325374
n1054_NEG,n1054_NEG,plasma,MTBL,E,21.43176224791552,0.25917482216099685
n2697_NEG,n2697_NEG,plasma,MTBL,E,18.626809667440444,0.16281523571209178
p2292_POS,p2292_POS,plasma,MTBL,E,16.198035958670253,0.627026674426574
p2420_POS,p2420_POS,plasma,MTBL,E,15.591167242419871,0.2673084155534511
Dinorcapsaicin_POS,Dinorcapsaicin_POS,plasma,MTBL,E,13.239872892169048,0.08271628783831808
Clopidol_POS,Clopidol_POS,plasma,MTBL,E,15.74060695437116,0.13122883554644993
p5038_POS,p5038_POS,plasma,MTBL,E,11.348626890912955,0.08568751942795672
p1743_POS,p1743_POS,plasma,MTBL,E,17.981068576986107,0.345718869570554
p3392_POS,p3392_POS,plasma,MTBL,E,13.121981471849203,0.6197677695833868
p1816_POS,p1816_POS,plasma,MTBL,E,20.32743721672143,0.10429549175136543
p1860_POS,p1860_POS,plasma,MTBL,E,20.18285630587293,0.145976387492329
p4778_POS,p4778_POS,plasma,MTBL,E,13.64461951193168,0.3215245646810114
p2790_POS,p2790_POS,plasma,MTBL,E,15.64166761532794,0.37100587056520595
p239_POS,p239_POS,plasma,MTBL,E,23.20455975742469,0.26902885205549154
p4687_POS,p4687_POS,plasma,MTBL,E,12.447473434138244,0.026176623686245293
"4:2 fluorotelomer thia hydroxy propyl trimethyl ammonium;4:2 fluorotelomer thia hydroxy propyl trimethyl ammonium;fluorotelomer thiohydroxyl ammonium (Backe, D'Agostino, Meija-Avedano), X:2 fluorotelomer thioether 2-propanol trimethyl quaternary amine_POS","4:2 fluorotelomer thia hydroxy propyl trimethyl ammonium;4:2 fluorotelomer thia hydroxy propyl trimethyl ammonium;fluorotelomer thiohydroxyl ammonium (Backe, D'Agostino, Meija-Avedano), X:2 fluorotelomer thioether 2-propanol trimethyl quaternary amine_POS",plasma,MTBL,E,14.473716552329147,0.3724475738692856
p4764_POS,p4764_POS,plasma,MTBL,E,18.18208962738222,0.3824544373442542
p2860_POS,p2860_POS,plasma,MTBL,E,15.91474514827837,0.3702623472872908
p3101_POS,p3101_POS,plasma,MTBL,E,15.796143110732803,0.09963836906465495
n1642_NEG,n1642_NEG,plasma,MTBL,E,19.67417865527338,0.1376247775506947
p3116_POS,p3116_POS,plasma,MTBL,E,17.73820925046492,0.13176817446023747
p2565_POS,p2565_POS,plasma,MTBL,E,16.350384325535238,0.1480751042289512
p150_POS,p150_POS,plasma,MTBL,E,23.17109364484643,0.23461636032003597
n818_NEG,n818_NEG,plasma,MTBL,E,21.45892891954833,0.14441114255204468
p4850_POS,p4850_POS,plasma,MTBL,E,16.008652724431833,0.4475733616873292
p5409_POS,p5409_POS,plasma,MTBL,E,13.031551312301728,0.24145210521716365
p4656_POS,p4656_POS,plasma,MTBL,E,13.903235470560896,0.16721993805744795
"3'-Glucosyl-2',4',6'-trihydroxyacetophenone_NEG","3'-Glucosyl-2',4',6'-trihydroxyacetophenone_NEG",plasma,MTBL,E,12.794502414991058,0.04739390088468021
n2392_NEG,n2392_NEG,plasma,MTBL,E,15.270934931570409,0.11468712381714496
p4777_POS,p4777_POS,plasma,MTBL,E,16.551909135558933,0.18684828855684543
p1072_POS,p1072_POS,plasma,MTBL,E,14.515623005937556,0.18280777352978816
p4707_POS,p4707_POS,plasma,MTBL,E,14.480837102346396,0.17313938238536153
n1124_NEG,n1124_NEG,plasma,MTBL,E,21.74430252359523,0.11052408499893218
n3625_NEG,n3625_NEG,plasma,MTBL,E,13.08950281778891,0.05273359759640428
n2560_NEG,n2560_NEG,plasma,MTBL,E,18.35452218541107,0.24292724091973383
p4279_POS,p4279_POS,plasma,MTBL,E,17.622680502066046,0.30743923627059644
p2388_POS,p2388_POS,plasma,MTBL,E,20.262301196228112,0.10684318314228847
p2946_POS,p2946_POS,plasma,MTBL,E,16.117748119559046,0.5083639099882014
p4627_POS,p4627_POS,plasma,MTBL,E,15.45153426796418,0.5725292441823964
Choline_POS,Choline_POS,plasma,MTBL,E,24.274548398880142,0.19819411022793432
p3487_POS,p3487_POS,plasma,MTBL,E,18.94747473657094,0.20502763528405055
p5757_POS,p5757_POS,plasma,MTBL,E,11.129610184673204,0.11060890203807539
p2821_POS,p2821_POS,plasma,MTBL,E,18.992189015082857,0.15953412034214765
p81_POS,p81_POS,plasma,MTBL,E,25.96408685389523,0.20695537840533262
p4173_POS,p4173_POS,plasma,MTBL,E,18.72504493466492,0.3564019579157005
"4-methoxyphenyl 3,5-dimethyl-1-phenyl-1H-pyrazole-4-carboxylate_POS","4-methoxyphenyl 3,5-dimethyl-1-phenyl-1H-pyrazole-4-carboxylate_POS",plasma,MTBL,E,12.176462568319325,0.12066362987229518
n370_NEG,n370_NEG,plasma,MTBL,E,23.65523838545417,0.09845543667881529
p2083_POS,p2083_POS,plasma,MTBL,E,20.34238236545363,0.08691914166832859
n1771_NEG,n1771_NEG,plasma,MTBL,E,19.228909737504623,0.12996522496002427
p4768_POS,p4768_POS,plasma,MTBL,E,13.487558204275832,0.46247271711827764
p5247_POS,p5247_POS,plasma,MTBL,E,11.7977078590947,0.1023611162131246
Acrylic acid_NEG,Acrylic acid_NEG,plasma,MTBL,E,21.136779997691477,0.11327317972379802
p1714_POS,p1714_POS,plasma,MTBL,E,19.499603452125992,0.09487734356158484
p4608_POS,p4608_POS,plasma,MTBL,E,13.91551801094864,0.2460714188954345
4-Aminobenzoic acid_POS,4-Aminobenzoic acid_POS,plasma,MTBL,E,19.5855707477438,1.1139065789017941
p1100_POS,p1100_POS,plasma,MTBL,E,20.610453193702632,0.2318416694320753
n2798_NEG,n2798_NEG,plasma,MTBL,E,18.39023656864839,0.17248588390090092
p5275_POS,p5275_POS,plasma,MTBL,E,13.949572063790084,0.30208059894058437
p2154_POS,p2154_POS,plasma,MTBL,E,20.972710165243843,0.053095579503409596
n1123_NEG,n1123_NEG,plasma,MTBL,E,21.466253042672633,0.06639953824522493
n1421_NEG,n1421_NEG,plasma,MTBL,E,20.75549439099275,0.11319268716732722
n3101_NEG,n3101_NEG,plasma,MTBL,E,18.146498470825204,0.165275932168516
p1344_POS,p1344_POS,plasma,MTBL,E,20.14205357217115,0.36491002601113465
n606_NEG,n606_NEG,plasma,MTBL,E,21.39683113383945,0.17477437279952568
p5410_POS,p5410_POS,plasma,MTBL,E,13.531367132697987,0.15378616518925625
p5031_POS,p5031_POS,plasma,MTBL,E,14.632264590572426,0.07681235212821491
n644_NEG,n644_NEG,plasma,MTBL,E,22.268197023898352,0.2354357800447815
p2191_POS,p2191_POS,plasma,MTBL,E,19.040508622625243,0.20708232271787352
"2-Methyl-N-(3-morpholinopropyl)-1,5-diphenyl-1H-pyrrole-3-carboxamide_POS","2-Methyl-N-(3-morpholinopropyl)-1,5-diphenyl-1H-pyrrole-3-carboxamide_POS",plasma,MTBL,E,11.772583407817187,0.08550403540066931
p3491_POS,p3491_POS,plasma,MTBL,E,13.78360776551186,0.30746994008632456
p4584_POS,p4584_POS,plasma,MTBL,E,18.4607690449732,0.19008098926196837
Acetyl-β-methylcholine_POS,Acetyl-β-methylcholine_POS,plasma,MTBL,E,19.30923405604472,0.552812623720218
p2986_POS,p2986_POS,plasma,MTBL,E,16.418641561507727,0.3863372699811549
Valine_POS,Valine_POS,plasma,MTBL,E,26.379926173218056,0.2631173786074079
p4920_POS,p4920_POS,plasma,MTBL,E,13.160304286357492,0.05971755225432318
p3155_POS,p3155_POS,plasma,MTBL,E,15.129193286123582,0.1559486858716621
Proline_POS,Proline_POS,plasma,MTBL,E,25.856806196678377,0.35358200156281683
p4187_POS,p4187_POS,plasma,MTBL,E,13.689411180304075,0.06166982656151632
p3156_POS,p3156_POS,plasma,MTBL,E,13.225586773353964,0.058226502036651695
"1-{4-[(3S)-3-(5-Phenyl-1,3,4-oxadiazol-2-yl)-1-pyrrolidinyl]-1-piperidinyl}ethanone_POS","1-{4-[(3S)-3-(5-Phenyl-1,3,4-oxadiazol-2-yl)-1-pyrrolidinyl]-1-piperidinyl}ethanone_POS",plasma,MTBL,E,12.634166118746714,0.14645840102237884
p5686_POS,p5686_POS,plasma,MTBL,E,11.220805737981484,0.13586543927599237
p1242_POS,p1242_POS,plasma,MTBL,E,22.191674991509405,0.09589128659512625
p2789_POS,p2789_POS,plasma,MTBL,E,15.44071155323984,0.386119822696406
p2612_POS,p2612_POS,plasma,MTBL,E,19.25958324676061,0.16260871052152126
Tanomastat_NEG,Tanomastat_NEG,plasma,MTBL,E,16.53648339950328,0.10945503896385134
n2883_NEG,n2883_NEG,plasma,MTBL,E,13.74646955885372,0.66306844464515
n622_NEG,n622_NEG,plasma,MTBL,E,22.60087109022022,0.10058412149528095
p4264_POS,p4264_POS,plasma,MTBL,E,13.508075508324284,0.08691405931267937
p1853_POS,p1853_POS,plasma,MTBL,E,20.666134302922465,0.12170721847619248
p4772_POS,p4772_POS,plasma,MTBL,E,14.41580004717032,0.19452545737055793
p4461_POS,p4461_POS,plasma,MTBL,E,12.164831304964157,0.08406356800556303
Cocaine_POS,Cocaine_POS,plasma,MTBL,E,15.046654610630144,0.22106632537519388
p5776_POS,p5776_POS,plasma,MTBL,E,10.614772415795292,0.19200108788048986
2-Furanmethanol_POS,2-Furanmethanol_POS,plasma,MTBL,E,17.066021705566847,0.24046473368217747
p1063_POS,p1063_POS,plasma,MTBL,E,21.576953557371276,0.27652232285887735
p5212_POS,p5212_POS,plasma,MTBL,E,12.473012072922431,0.04412734137696006
p5731_POS,p5731_POS,plasma,MTBL,E,15.292282179355876,0.05167264604541799
(S)-(+)-2-Amino-1-propanol_POS,(S)-(+)-2-Amino-1-propanol_POS,plasma,MTBL,E,19.26144705895907,0.6339749019767318
p4287_POS,p4287_POS,plasma,MTBL,E,12.624762631327568,0.21481940478166983
p4378_POS,p4378_POS,plasma,MTBL,E,18.058651283736555,0.29701825284727335
p3794_POS,p3794_POS,plasma,MTBL,E,13.35591778970842,0.05971755225432851
D3-Alanine-ISTD_POS,D3-Alanine-ISTD_POS,plasma,MTBL,E,22.037974353587945,0.046344595442963765
p2868_POS,p2868_POS,plasma,MTBL,E,18.93855785574073,0.2719553734010347
Acetylhomoserine_POS,Acetylhomoserine_POS,plasma,MTBL,E,19.41362856341332,0.2609544380886959
p2170_POS,p2170_POS,plasma,MTBL,E,20.35556074864744,0.18967927541041263
n3603_NEG,n3603_NEG,plasma,MTBL,E,12.154375750408938,0.09161083486312904
p4111_POS,p4111_POS,plasma,MTBL,E,17.27319736286877,0.15408972651780672
p3610_POS,p3610_POS,plasma,MTBL,E,17.99745647669741,0.4130148793341597
Ethephon_POS,Ethephon_POS,plasma,MTBL,E,19.076947038181533,0.14979713446906118
p448_POS,p448_POS,plasma,MTBL,E,23.145017758781137,0.1534244892500034
p2522_POS,p2522_POS,plasma,MTBL,E,15.016931921907515,0.2646344160633465
p3802_POS,p3802_POS,plasma,MTBL,E,18.76352702686083,0.4327771903898814
p897_POS,p897_POS,plasma,MTBL,E,21.166372625079717,0.29660037309744425
p1098_POS,p1098_POS,plasma,MTBL,E,20.034800155271945,0.25141157208211595
Triisobutyl phosphate_POS,Triisobutyl phosphate_POS,plasma,MTBL,E,12.183365533395811,0.16099426632999858
p5512_POS,p5512_POS,plasma,MTBL,E,13.096032679839654,0.15934743330481815
p5415_POS,p5415_POS,plasma,MTBL,E,12.618026567867044,0.13501439312661923
2-Hydroxy-4-oxopentanoic acid_NEG,2-Hydroxy-4-oxopentanoic acid_NEG,plasma,MTBL,E,21.957041134295157,0.07239695097741006
p3425_POS,p3425_POS,plasma,MTBL,E,18.83398742400969,0.14895111949463669
p3943_POS,p3943_POS,plasma,MTBL,E,18.655609005739283,0.20100738907573756
p5106_POS,p5106_POS,plasma,MTBL,E,12.084386633031649,0.04030355954938791
p4524_POS,p4524_POS,plasma,MTBL,E,14.083938494674651,0.1863690875189068
p554_POS,p554_POS,plasma,MTBL,E,23.135594336675915,0.11259252768225636
"Bis(dethio)-10a-methylthio-3a-deoxy-3,3a-didehydrogliotoxin_POS","Bis(dethio)-10a-methylthio-3a-deoxy-3,3a-didehydrogliotoxin_POS",plasma,MTBL,E,15.011488126264505,0.0989462352464674
p3947_POS,p3947_POS,plasma,MTBL,E,14.351576907101997,0.20971723201850878
p3690_POS,p3690_POS,plasma,MTBL,E,14.0726091018861,0.07347021690334365
p3366_POS,p3366_POS,plasma,MTBL,E,18.890785870183297,0.18349077114530132
Methylone_POS,Methylone_POS,plasma,MTBL,E,13.680565377568954,0.29256936221242213
p100_POS,p100_POS,plasma,MTBL,E,26.316720532952218,0.1846670843019922
4-Acetamidobutanoic acid_POS,4-Acetamidobutanoic acid_POS,plasma,MTBL,E,17.63516164390569,0.14259060098996912
2-Methylbutyroylcarnitine_NEG,2-Methylbutyroylcarnitine_NEG,plasma,MTBL,E,12.43717777582846,0.06815979910409986
WS75624 B_POS,WS75624 B_POS,plasma,MTBL,E,12.329752146251147,0.09975950821589663
"2-(2-Thienylmethylene)-1,6-dioxaspiro[4.4]non-3-ene_POS","2-(2-Thienylmethylene)-1,6-dioxaspiro[4.4]non-3-ene_POS",plasma,MTBL,E,27.13120350291095,0.12800489628616418
p5153_POS,p5153_POS,plasma,MTBL,E,11.058248540598,0.13540627872212418
p4135_POS,p4135_POS,plasma,MTBL,E,12.536538296923158,0.16858551208631845
p2932_POS,p2932_POS,plasma,MTBL,E,17.28598222127999,0.2284774596441821
p1944_POS,p1944_POS,plasma,MTBL,E,14.434393563284884,0.2028113667012299
p2826_POS,p2826_POS,plasma,MTBL,E,20.40387836413113,0.24770471928917104
alpha-Ketoisovaleric acid_NEG,alpha-Ketoisovaleric acid_NEG,plasma,MTBL,E,18.722475396894467,0.17536119398320338
D-Serine_POS,D-Serine_POS,plasma,MTBL,E,22.715407405939825,0.2388239816419535
p2327_POS,p2327_POS,plasma,MTBL,E,13.65072401071393,0.0457340517943301
n3850_NEG,n3850_NEG,plasma,MTBL,E,9.706902799376346,0.06211522014917037
p730_POS,p730_POS,plasma,MTBL,E,20.34695720163345,0.3316607050363487
p1215_POS,p1215_POS,plasma,MTBL,E,22.489862249311077,0.13257635555271818
n413_NEG,n413_NEG,plasma,MTBL,E,23.363179056161787,0.0768268706758306
Ritodrine_POS,Ritodrine_POS,plasma,MTBL,E,15.200761866780365,0.319694962308656
Benzoylecgonine_POS,Benzoylecgonine_POS,plasma,MTBL,E,13.523027254345966,0.10488273563925432
p4740_POS,p4740_POS,plasma,MTBL,E,12.807727117494968,0.35485865383576254
p2673_POS,p2673_POS,plasma,MTBL,E,12.470922762055462,0.09843317065398693
p2181_POS,p2181_POS,plasma,MTBL,E,20.379730352444835,0.4309196267636928
p3588_POS,p3588_POS,plasma,MTBL,E,14.911785769720073,0.28940126672406663
L-Cystine_POS,L-Cystine_POS,plasma,MTBL,E,23.620214080237535,0.2405472083401179
p838_POS,p838_POS,plasma,MTBL,E,22.035948194468567,0.35696948700258346
O-Desmethylvenlafaxine_POS,O-Desmethylvenlafaxine_POS,plasma,MTBL,E,13.001589370378849,0.036214541360219954
p2545_POS,p2545_POS,plasma,MTBL,E,17.52314221845838,0.43817130900912815
p1513_POS,p1513_POS,plasma,MTBL,E,20.542166092493055,0.0712973143743838
N-Acetyl-L-carnosine_POS,N-Acetyl-L-carnosine_POS,plasma,MTBL,E,16.108588249327546,0.3772841431556788
p1753_POS,p1753_POS,plasma,MTBL,E,13.91907455859932,0.3138746035254716
p793_POS,p793_POS,plasma,MTBL,E,13.20325099594801,0.5723280764837391
p3763_POS,p3763_POS,plasma,MTBL,E,14.933663328848828,0.13387191610761384
p2809_POS,p2809_POS,plasma,MTBL,E,20.722112876403692,0.08867048974057568
n1776_NEG,n1776_NEG,plasma,MTBL,E,19.219520244678,0.21579458880968616
p4804_POS,p4804_POS,plasma,MTBL,E,15.112288505164068,0.184917929857777
p4616_POS,p4616_POS,plasma,MTBL,E,13.636382709222,0.08049170534133232
p4165_POS,p4165_POS,plasma,MTBL,E,15.774356004768702,0.2112324037036064
p1339_POS,p1339_POS,plasma,MTBL,E,17.235783255637987,1.0368543674407427
Bis(cyano-kappaC)iron_POS,Bis(cyano-kappaC)iron_POS,plasma,MTBL,E,19.71025544897566,0.1406453895331623
p5485_POS,p5485_POS,plasma,MTBL,E,13.405396458903,0.251921917732016
1-Methyl-4-nitroimidazole_POS,1-Methyl-4-nitroimidazole_POS,plasma,MTBL,E,13.74392188005105,0.22601196964738257
p4859_POS,p4859_POS,plasma,MTBL,E,12.564546309857022,0.20571772257286547
n914_NEG,n914_NEG,plasma,MTBL,E,21.94141924993774,0.07250258969203571
n3497_NEG,n3497_NEG,plasma,MTBL,E,15.626566209208706,0.2826519275418775
n3769_NEG,n3769_NEG,plasma,MTBL,E,10.335390194085743,0.0477793830184563
p3809_POS,p3809_POS,plasma,MTBL,E,14.122009179923548,0.1221891157009729
Verapamil  metabolite D-617_POS,Verapamil  metabolite D-617_POS,plasma,MTBL,E,14.971718032540698,0.24759424690992127
p2023_POS,p2023_POS,plasma,MTBL,E,17.068230541223194,0.2678721361028842
Penicillamine disulfide_POS,Penicillamine disulfide_POS,plasma,MTBL,E,12.449185018794736,0.02578796402277561
n1471_NEG,n1471_NEG,plasma,MTBL,E,18.377046001837996,0.23534823065246613
p4888_POS,p4888_POS,plasma,MTBL,E,15.681977126362824,0.0675122319293795
p2704_POS,p2704_POS,plasma,MTBL,E,20.10913503820483,0.08361222396326085
p5723_POS,p5723_POS,plasma,MTBL,E,11.151340750698903,0.033714059284475795
n1579_NEG,n1579_NEG,plasma,MTBL,E,17.68469695289665,0.22453845288892893
n3284_NEG,n3284_NEG,plasma,MTBL,E,10.172274293457903,0.06658519419382891
n3404_NEG,n3404_NEG,plasma,MTBL,E,12.086528386278031,0.05554249953510926
p1217_POS,p1217_POS,plasma,MTBL,E,19.005789118357946,0.3394533156574262
p1647_POS,p1647_POS,plasma,MTBL,E,15.221873093195535,0.0738222411512055
p3510_POS,p3510_POS,plasma,MTBL,E,18.4944043779165,0.24448660622445928
n1513_NEG,n1513_NEG,plasma,MTBL,E,18.086476914475664,0.18650818366203836
p3468_POS,p3468_POS,plasma,MTBL,E,15.849421912899766,0.6523030208277625
p4076_POS,p4076_POS,plasma,MTBL,E,15.744288283922634,0.15189827989721394
n2312_NEG,n2312_NEG,plasma,MTBL,E,17.604390821193164,0.21971684636832123
p4752_POS,p4752_POS,plasma,MTBL,E,15.04447765135849,0.3594538771313118
p1276_POS,p1276_POS,plasma,MTBL,E,21.23897341479873,0.254169473727611
n1685_NEG,n1685_NEG,plasma,MTBL,E,18.720056736392028,0.18442477997602325
p4476_POS,p4476_POS,plasma,MTBL,E,17.818694612531782,0.2622950342648025
n3169_NEG,n3169_NEG,plasma,MTBL,E,12.722622172438536,0.046585651529031935
p4537_POS,p4537_POS,plasma,MTBL,E,14.232107741748209,0.1966432305120165
p5551_POS,p5551_POS,plasma,MTBL,E,12.908205900865587,0.09731129601986943
n309_NEG,n309_NEG,plasma,MTBL,E,23.89527050067076,0.10165916100719485
p4746_POS,p4746_POS,plasma,MTBL,E,14.122081589009085,0.2533485996736129
p4718_POS,p4718_POS,plasma,MTBL,E,13.972636354487646,0.21830773592010466
p4800_POS,p4800_POS,plasma,MTBL,E,15.795254430469102,0.09417206329435324
p5503_POS,p5503_POS,plasma,MTBL,E,12.608364980774182,0.08039389589339052
p214_POS,p214_POS,plasma,MTBL,E,25.35745665758076,0.14630953023694815
p2967_POS,p2967_POS,plasma,MTBL,E,18.89008682324518,0.07234020672434127
p3647_POS,p3647_POS,plasma,MTBL,E,15.149722630263335,0.19370514172929454
p5146_POS,p5146_POS,plasma,MTBL,E,13.965303136264708,0.2400822661962536
p5749_POS,p5749_POS,plasma,MTBL,E,12.631284809553858,0.17275695487700204
p4817_POS,p4817_POS,plasma,MTBL,E,13.9259985522496,0.1479367093253252
Suberic acid_POS,Suberic acid_POS,plasma,MTBL,E,19.146328706223017,0.10126349988948036
Guanine_POS,Guanine_POS,plasma,MTBL,E,13.922785293771256,0.24607141889543627
p3950_POS,p3950_POS,plasma,MTBL,E,14.688222206877962,0.07015643150977269
p3497_POS,p3497_POS,plasma,MTBL,E,15.639936967169366,0.37386815625888303
p411_POS,p411_POS,plasma,MTBL,E,24.57409826081551,0.15816639833516177
O-Desmethyl-lacosamide_POS,O-Desmethyl-lacosamide_POS,plasma,MTBL,E,14.321928844708031,0.09372777157026668
n3671_NEG,n3671_NEG,plasma,MTBL,E,9.38862105228348,0.08304353798945208
p2410_POS,p2410_POS,plasma,MTBL,E,14.07944429739043,0.21434248271038747
3-Hydroxypyridine_POS,3-Hydroxypyridine_POS,plasma,MTBL,E,15.94455589223718,0.10811155941229522
Acetyl-L-carnitine_POS,Acetyl-L-carnitine_POS,plasma,MTBL,E,24.042730820261333,0.47481614891708546
n2154_NEG,n2154_NEG,plasma,MTBL,E,16.073610820199907,0.2688019448022416
p4025_POS,p4025_POS,plasma,MTBL,E,11.990387988288385,0.25014284845521395
p4641_POS,p4641_POS,plasma,MTBL,E,14.495439865901728,0.20821338021485403
n1802_NEG,n1802_NEG,plasma,MTBL,E,17.83373765399645,0.12000346409405438
p2439_POS,p2439_POS,plasma,MTBL,E,15.880194300522884,0.17987370234460798
D4-Taurine-ISTD_NEG,D4-Taurine-ISTD_NEG,plasma,MTBL,E,21.686994765706014,0.06368792515974775
D-(-)-Lyxose_NEG,D-(-)-Lyxose_NEG,plasma,MTBL,E,17.754797163386982,0.2712003988486167
Miglitol_NEG,Miglitol_NEG,plasma,MTBL,E,18.968824279197356,0.23879420507929083
p461_POS,p461_POS,plasma,MTBL,E,21.345300425797284,0.0924498867821022
n1647_NEG,n1647_NEG,plasma,MTBL,E,20.006945032973896,0.135373393434719
D3-Lactate_NEG,D3-Lactate_NEG,plasma,MTBL,E,21.159374723184705,0.24250422601555854
p5791_POS,p5791_POS,plasma,MTBL,E,11.35324153864887,0.16678759474275928
p3127_POS,p3127_POS,plasma,MTBL,E,19.20309680054309,0.19484283640338873
n101_NEG,n101_NEG,plasma,MTBL,E,25.46538620083638,0.0824132492054197
p4213_POS,p4213_POS,plasma,MTBL,E,14.321645033582104,0.3191916174537113
p3858_POS,p3858_POS,plasma,MTBL,E,15.914872112653525,0.5142716492598414
Megazol_POS,Megazol_POS,plasma,MTBL,E,25.987951879566992,0.1353543986648127
Pyrrolidine_POS,Pyrrolidine_POS,plasma,MTBL,E,23.077667258933193,0.24329301242918788
p4492_POS,p4492_POS,plasma,MTBL,E,12.879157086592036,0.08970480310192741
p1587_POS,p1587_POS,plasma,MTBL,E,22.059552949623473,0.19111059543320152
p2387_POS,p2387_POS,plasma,MTBL,E,20.262301196228112,0.10684318314228847
p1635_POS,p1635_POS,plasma,MTBL,E,20.92039875234911,0.1322955677689599
n663_NEG,n663_NEG,plasma,MTBL,E,21.598166295635803,0.12789933774350715
2-Oxopropyl 2-oxopropanoate_NEG,2-Oxopropyl 2-oxopropanoate_NEG,plasma,MTBL,E,23.093411156491097,0.08929495754989247
p2927_POS,p2927_POS,plasma,MTBL,E,15.59100311174044,0.1203165957878074
p1425_POS,p1425_POS,plasma,MTBL,E,21.92542576404669,0.3230800008352581
LysoPC(6:0/0:0)_POS,LysoPC(6:0/0:0)_POS,plasma,MTBL,E,11.535567599698323,0.1028250370365118
p337_POS,p337_POS,plasma,MTBL,E,24.471010063779975,0.11961900553547977
3-Hydroxyhexanoylcarnitine_POS,3-Hydroxyhexanoylcarnitine_POS,plasma,MTBL,E,12.766821384449498,0.02240393371567606
Etifoxine_POS,Etifoxine_POS,plasma,MTBL,E,13.561905311744846,0.2015631199232537
p1418_POS,p1418_POS,plasma,MTBL,E,19.110491104646588,0.325236454893421
p4117_POS,p4117_POS,plasma,MTBL,E,12.947143857321306,0.02021370866654415
Benzatropine_POS,Benzatropine_POS,plasma,MTBL,E,12.495649867347376,0.20218386007676692
n489_NEG,n489_NEG,plasma,MTBL,E,21.906335486212512,0.14422698420679936
n607_NEG,n607_NEG,plasma,MTBL,E,21.887963747153567,0.24109550725807694
n1837_NEG,n1837_NEG,plasma,MTBL,E,19.15355240709209,0.3164539934929742
Dimethyl sulfone_POS,Dimethyl sulfone_POS,plasma,MTBL,E,16.03891294928822,0.12705819348446568
L-Isoleucine_POS,L-Isoleucine_POS,plasma,MTBL,E,25.90086818599328,0.2611856716968397
p5620_POS,p5620_POS,plasma,MTBL,E,12.745024144657354,0.08806630933530712
p4628_POS,p4628_POS,plasma,MTBL,E,15.45153426796418,0.5725292441823964
p3074_POS,p3074_POS,plasma,MTBL,E,18.456467104229255,0.24981197624470397
p1020_POS,p1020_POS,plasma,MTBL,E,18.80607276483698,0.3060594631239226
p2504_POS,p2504_POS,plasma,MTBL,E,16.13465925972818,0.1573525934058111
NP-022371_POS,NP-022371_POS,plasma,MTBL,E,11.728998820865453,0.10604631359136363
p4703_POS,p4703_POS,plasma,MTBL,E,16.616283097563723,0.44849387523403195
p5108_POS,p5108_POS,plasma,MTBL,E,12.328958371622909,0.11935657942587241
L-Citronellol glucoside_POS,L-Citronellol glucoside_POS,plasma,MTBL,E,11.48710492445168,0.1823949165345553
p2788_POS,p2788_POS,plasma,MTBL,E,15.291917079638605,0.3710058705652024
Neoenactin NL1_POS,Neoenactin NL1_POS,plasma,MTBL,E,13.119633936808391,0.22973383485062016
p3611_POS,p3611_POS,plasma,MTBL,E,13.783790593811617,0.05064757253262009
Fortimicin B_POS,Fortimicin B_POS,plasma,MTBL,E,13.370243445145276,0.27190304255868014
p4385_POS,p4385_POS,plasma,MTBL,E,14.13926959712152,0.24676682219861057
p5760_POS,p5760_POS,plasma,MTBL,E,9.70286488059555,0.03389596237710002
Quinolonic acid_POS,Quinolonic acid_POS,plasma,MTBL,E,20.712020518228687,0.2310426165998365
n3756_NEG,n3756_NEG,plasma,MTBL,E,14.923546042676582,0.2541365757074452
p3988_POS,p3988_POS,plasma,MTBL,E,13.482569726730128,0.15981537768747955
N-(4-Aminobutyl)-2-Naphthalenesulfonamide_POS,N-(4-Aminobutyl)-2-Naphthalenesulfonamide_POS,plasma,MTBL,E,15.92530473325674,0.13235127258395885
n1366_NEG,n1366_NEG,plasma,MTBL,E,20.433224433739785,0.1454531580194356
p2931_POS,p2931_POS,plasma,MTBL,E,17.285615736503402,0.2626401791171027
p5304_POS,p5304_POS,plasma,MTBL,E,12.591328094710915,0.11881137425392119
p5650_POS,p5650_POS,plasma,MTBL,E,13.109130912270023,0.24912816518941483
p2190_POS,p2190_POS,plasma,MTBL,E,18.985540397147464,0.21998694327418278
p4893_POS,p4893_POS,plasma,MTBL,E,13.551816302346548,0.07144475699259267
p671_POS,p671_POS,plasma,MTBL,E,21.402647835718927,0.28193650053278674
p3938_POS,p3938_POS,plasma,MTBL,E,13.86004940800182,0.2460714188954345
n455_NEG,n455_NEG,plasma,MTBL,E,23.138255364732764,0.13123414295209912
p503_POS,p503_POS,plasma,MTBL,E,23.248396502422743,0.11192741610071977
n1536_NEG,n1536_NEG,plasma,MTBL,E,20.20203148344874,0.10895740651631058
n662_NEG,n662_NEG,plasma,MTBL,E,21.598166295635803,0.12789933774350715
p1214_POS,p1214_POS,plasma,MTBL,E,22.516439510118417,0.11105947403657623
n1654_NEG,n1654_NEG,plasma,MTBL,E,18.479941746405103,0.16671036086368218
n2197_NEG,n2197_NEG,plasma,MTBL,E,19.229358900763028,0.23525962230225872
p5598_POS,p5598_POS,plasma,MTBL,E,12.912501011116296,0.12933905233628096
p2303_POS,p2303_POS,plasma,MTBL,E,20.03918826421028,0.31242922890352887
p2020_POS,p2020_POS,plasma,MTBL,E,11.872320733303004,0.07407364896438473
p4013_POS,p4013_POS,plasma,MTBL,E,18.156892782859895,0.1503496769228967
p5688_POS,p5688_POS,plasma,MTBL,E,12.372956924350248,0.16550173613431873
L-Kynurenine_POS,L-Kynurenine_POS,plasma,MTBL,E,19.722530279822223,0.2783169053850152
p4955_POS,p4955_POS,plasma,MTBL,E,13.222746684208229,0.4344771723617882
p2074_POS,p2074_POS,plasma,MTBL,E,12.416504112735415,0.2739793284000118
n656_NEG,n656_NEG,plasma,MTBL,E,15.416324558994948,0.2147342147679865
p3351_POS,p3351_POS,plasma,MTBL,E,18.663555441923375,0.3016510958287455
p1536_POS,p1536_POS,plasma,MTBL,E,16.38272063759545,0.1851197046029931
p1911_POS,p1911_POS,plasma,MTBL,E,19.89810663110433,0.14304087874854332
p223_POS,p223_POS,plasma,MTBL,E,21.431089249447627,0.20601421065775227
p5450_POS,p5450_POS,plasma,MTBL,E,13.196452306375429,0.23245314908155024
n3080_NEG,n3080_NEG,plasma,MTBL,E,12.831073287795776,0.07098885037676084
2-Pyrrolidinone_POS,2-Pyrrolidinone_POS,plasma,MTBL,E,26.30406261064913,0.2631173786074079
p5137_POS,p5137_POS,plasma,MTBL,E,13.935042077766225,0.24607141889543094
Cyclo(D-Tyr- L-Leu)_POS,Cyclo(D-Tyr- L-Leu)_POS,plasma,MTBL,E,13.471240250687694,0.13620244957183125
p2503_POS,p2503_POS,plasma,MTBL,E,12.050111988365256,0.23089043285646227
p3711_POS,p3711_POS,plasma,MTBL,E,17.395582794133492,0.23450920946746123
p2719_POS,p2719_POS,plasma,MTBL,E,13.321169237904016,0.059717552254335615
p1749_POS,p1749_POS,plasma,MTBL,E,20.17621502209121,0.23281727812053887
n898_NEG,n898_NEG,plasma,MTBL,E,19.44628032812148,0.21725014716798796
n2632_NEG,n2632_NEG,plasma,MTBL,E,13.728392127756967,0.08526294243986854
NAPQI_POS,NAPQI_POS,plasma,MTBL,E,12.777794213625128,0.20037656144658023
Imazamethabenz-methyl_POS,Imazamethabenz-methyl_POS,plasma,MTBL,E,13.367291517860982,0.10046085435959284
p4043_POS,p4043_POS,plasma,MTBL,E,16.696768045448234,0.2515101176872818
n1927_NEG,n1927_NEG,plasma,MTBL,E,19.710288831827057,0.12939313797570762
3-Methylcrotonylglycine_POS,3-Methylcrotonylglycine_POS,plasma,MTBL,E,14.331765736661753,0.07334000440677357
p5615_POS,p5615_POS,plasma,MTBL,E,12.236789794650852,0.06702108520083172
L-Valine_NEG,L-Valine_NEG,plasma,MTBL,E,16.596940631458214,0.3710313517280852
n2285_NEG,n2285_NEG,plasma,MTBL,E,16.698050055655102,0.04959778366161416
Doxylamine_POS,Doxylamine_POS,plasma,MTBL,E,17.013569644678967,0.23434166857188288
p2624_POS,p2624_POS,plasma,MTBL,E,16.796702079727385,0.40741809454205224
1-Methylinosine_POS,1-Methylinosine_POS,plasma,MTBL,E,15.8795256972994,0.22069491688567489
p3047_POS,p3047_POS,plasma,MTBL,E,13.153367244054987,0.06087702654748206
p1022_POS,p1022_POS,plasma,MTBL,E,20.245811562119844,0.1389932658380637
n1876_NEG,n1876_NEG,plasma,MTBL,E,19.50159753032932,0.2150607595521734
n2564_NEG,n2564_NEG,plasma,MTBL,E,13.117739367273852,0.07098885037675728
p4595_POS,p4595_POS,plasma,MTBL,E,12.40980158373576,0.08278979596527414
p4189_POS,p4189_POS,plasma,MTBL,E,13.129282968543746,0.11957504286881715
Tripelennamine_POS,Tripelennamine_POS,plasma,MTBL,E,12.504029919933904,0.08724778687218837
p3225_POS,p3225_POS,plasma,MTBL,E,19.33033318435479,0.17997722535574567
p12_POS,p12_POS,plasma,MTBL,E,28.562130627875597,0.10827224872516084
n2170_NEG,n2170_NEG,plasma,MTBL,E,17.77419790698168,0.4079103112612792
n1677_NEG,n1677_NEG,plasma,MTBL,E,20.00911267752256,0.18620376476033584
3-Methyluridine_POS,3-Methyluridine_POS,plasma,MTBL,E,16.6542970444599,0.5279754204013081
p2469_POS,p2469_POS,plasma,MTBL,E,19.826807808969757,0.2157522248870869
p3472_POS,p3472_POS,plasma,MTBL,E,18.51330917658288,0.36681284647029244
Malondialdehyde_POS,Malondialdehyde_POS,plasma,MTBL,E,21.830115227504496,0.3643675028206772
p2784_POS,p2784_POS,plasma,MTBL,E,13.584816373089218,0.31686255130464147
p4159_POS,p4159_POS,plasma,MTBL,E,13.594480631169576,0.26721215688237443
But-2-enedial_NEG,But-2-enedial_NEG,plasma,MTBL,E,23.093411156491097,0.08929495754989247
p2702_POS,p2702_POS,plasma,MTBL,E,16.159258652537257,0.1653758692717151
n3129_NEG,n3129_NEG,plasma,MTBL,E,18.184345252083062,0.09087178618780811
p1824_POS,p1824_POS,plasma,MTBL,E,13.559377446671492,0.17739370492274098
p487_POS,p487_POS,plasma,MTBL,E,23.37098067266724,0.20714497218841643
p1244_POS,p1244_POS,plasma,MTBL,E,20.469828194807437,0.39733684189132745
p2772_POS,p2772_POS,plasma,MTBL,E,13.447116517478973,0.05416898441225726
p2418_POS,p2418_POS,plasma,MTBL,E,19.990895985633617,0.08116609138161834
Satranidazole_POS,Satranidazole_POS,plasma,MTBL,E,15.060330215115924,0.39993406202451176
p1953_POS,p1953_POS,plasma,MTBL,E,14.057192761538412,0.22904672240962398
p2625_POS,p2625_POS,plasma,MTBL,E,16.84572115934094,0.4717681009196042
p5527_POS,p5527_POS,plasma,MTBL,E,16.085767235717235,0.1834914327411319
p5765_POS,p5765_POS,plasma,MTBL,E,12.89970149284912,0.30683496580647684
p4127_POS,p4127_POS,plasma,MTBL,E,16.26678296390862,0.49453333029834745
p2722_POS,p2722_POS,plasma,MTBL,E,15.82555364891076,0.5892092713594952
p5309_POS,p5309_POS,plasma,MTBL,E,17.6582944275961,0.25486420305002255
p2280_POS,p2280_POS,plasma,MTBL,E,19.00425684766003,0.33299553217543476
p1624_POS,p1624_POS,plasma,MTBL,E,15.888957842283144,1.4919192512091524
"3-(2-methylpropyl)-octahydropyrrolo[1,2-a]pyrazine-1,4-dione_POS","3-(2-methylpropyl)-octahydropyrrolo[1,2-a]pyrazine-1,4-dione_POS",plasma,MTBL,E,13.297434739990438,0.2829197321796091
n357_NEG,n357_NEG,plasma,MTBL,E,21.95997949802906,0.16253707342891843
p4973_POS,p4973_POS,plasma,MTBL,E,17.204420654853763,0.17420979618451327
p3260_POS,p3260_POS,plasma,MTBL,E,14.09390812133688,0.3046304890232232
5-Methyl-1H-pyrazole-3-carboxylic acid_POS,5-Methyl-1H-pyrazole-3-carboxylic acid_POS,plasma,MTBL,E,24.79389875557763,0.2540598996475616
p427_POS,p427_POS,plasma,MTBL,E,21.84693385928715,0.19521937585187388
p4164_POS,p4164_POS,plasma,MTBL,E,15.73111061009513,0.2378539431282647
3-(1H-benzo[d]imidazol-2-yl)-6-ethyl-7-hydroxy-4H-chromen-4-one_POS,3-(1H-benzo[d]imidazol-2-yl)-6-ethyl-7-hydroxy-4H-chromen-4-one_POS,plasma,MTBL,E,13.28350267119545,0.08651511789298105
p1756_POS,p1756_POS,plasma,MTBL,E,20.523526049127565,0.12045745920588047
n2326_NEG,n2326_NEG,plasma,MTBL,E,13.555703570585871,0.09099984415984252
p2633_POS,p2633_POS,plasma,MTBL,E,19.150940049132338,0.19888601754508528
Isobutyrylglycine_POS,Isobutyrylglycine_POS,plasma,MTBL,E,21.72269124966126,0.3764202224668587
n990_NEG,n990_NEG,plasma,MTBL,E,19.67365779148009,0.2609875603156375
n3393_NEG,n3393_NEG,plasma,MTBL,E,16.19195970120694,0.30327879357176357
p2872_POS,p2872_POS,plasma,MTBL,E,18.929573957381645,0.29442413746628304
Tomatidine_POS,Tomatidine_POS,plasma,MTBL,E,12.956625799877528,0.22781242863416296
p4243_POS,p4243_POS,plasma,MTBL,E,18.266829802761382,0.37015441172497177
n1259_NEG,n1259_NEG,plasma,MTBL,E,20.44742911377004,0.20838230669283675
p3218_POS,p3218_POS,plasma,MTBL,E,17.46832896540677,0.21148402044187264
"5-[({(2R,4S,5R)-5-[1-Methyl-3-(2-thienyl)-1H-pyrazol-5-yl]-1-azabicyclo[2.2.2]oct-2-yl}methyl)amino]-5-oxopentanoic acid_NEG","5-[({(2R,4S,5R)-5-[1-Methyl-3-(2-thienyl)-1H-pyrazol-5-yl]-1-azabicyclo[2.2.2]oct-2-yl}methyl)amino]-5-oxopentanoic acid_NEG",plasma,MTBL,E,13.110190235152436,0.0653152875519396
n3514_NEG,n3514_NEG,plasma,MTBL,E,12.153563801558937,0.22815831131529052
p3216_POS,p3216_POS,plasma,MTBL,E,16.673009178225826,0.47526297455404176
p4350_POS,p4350_POS,plasma,MTBL,E,13.736822190627024,0.05454319184369005
p1407_POS,p1407_POS,plasma,MTBL,E,21.018430076165743,0.14005774722875586
p142_POS,p142_POS,plasma,MTBL,E,26.097766477416265,0.15973132523778233
Creatinine_POS,Creatinine_POS,plasma,MTBL,E,25.09176936109988,0.14219370435042222
p3438_POS,p3438_POS,plasma,MTBL,E,17.734182258334773,0.12462771399066597
p3822_POS,p3822_POS,plasma,MTBL,E,19.19945578788019,0.2699050778081933
Mycosporine hydroxyglutamicol_POS,Mycosporine hydroxyglutamicol_POS,plasma,MTBL,E,18.626824108025424,0.185839503989925
p3776_POS,p3776_POS,plasma,MTBL,E,17.44053430265689,0.1551716574421924
n2672_NEG,n2672_NEG,plasma,MTBL,E,17.648457416945124,0.1633544506706066
p1754_POS,p1754_POS,plasma,MTBL,E,14.27999994294459,0.29923563969219913
p984_POS,p984_POS,plasma,MTBL,E,19.7120505109251,0.22634022349912186
p995_POS,p995_POS,plasma,MTBL,E,19.90721203653724,0.2646534493667083
p2501_POS,p2501_POS,plasma,MTBL,E,20.451857464630052,0.2908047464475807
n418_NEG,n418_NEG,plasma,MTBL,E,20.854026604758715,0.158262500825046
p3891_POS,p3891_POS,plasma,MTBL,E,13.509646222557686,0.3090996989464081
p823_POS,p823_POS,plasma,MTBL,E,21.888172914118275,0.15588076865622824
p792_POS,p792_POS,plasma,MTBL,E,18.44575124429986,0.5143394594744706
2-(Methylsulfonyl)pyridine_POS,2-(Methylsulfonyl)pyridine_POS,plasma,MTBL,E,13.045535539750398,0.0680406729105929
p3523_POS,p3523_POS,plasma,MTBL,E,18.43197675581396,0.18973932027686757
p4987_POS,p4987_POS,plasma,MTBL,E,14.507444097378636,0.3327857873576754
p340_POS,p340_POS,plasma,MTBL,E,23.649432928362387,0.12558313584347758
4-Hydroxy-2-butenoic acid gamma-lactone_POS,4-Hydroxy-2-butenoic acid gamma-lactone_POS,plasma,MTBL,E,20.595006622031992,0.3694646374639241
p1528_POS,p1528_POS,plasma,MTBL,E,20.60011033794547,0.0516221296369217
p3306_POS,p3306_POS,plasma,MTBL,E,15.389055717764364,0.17443357640413204
Lorbamate_POS,Lorbamate_POS,plasma,MTBL,E,12.84297157256867,0.17562647129102338
p964_POS,p964_POS,plasma,MTBL,E,22.292615127808975,0.2639335869551225
p5058_POS,p5058_POS,plasma,MTBL,E,17.68697635610546,0.5161880231606162
n1436_NEG,n1436_NEG,plasma,MTBL,E,19.802940443568225,0.22423081812365808
Amoxicillin_POS,Amoxicillin_POS,plasma,MTBL,E,13.243488432487949,0.08343160117723691
p1737_POS,p1737_POS,plasma,MTBL,E,17.25760636194846,0.26894579711580135
p5335_POS,p5335_POS,plasma,MTBL,E,13.527925667114795,0.14234920504764936
p1745_POS,p1745_POS,plasma,MTBL,E,15.691636828625963,0.15594868587166388
p2500_POS,p2500_POS,plasma,MTBL,E,19.322803564553112,0.2543379469258227
Gaburedin B_POS,Gaburedin B_POS,plasma,MTBL,E,17.27473990767136,0.44924840810382705
Colletotricole A_POS,Colletotricole A_POS,plasma,MTBL,E,12.924539148428469,0.11077331626261078
p4662_POS,p4662_POS,plasma,MTBL,E,17.383715167017602,0.37375205398486955
p5221_POS,p5221_POS,plasma,MTBL,E,15.186627781024235,0.1440271050361126
p4532_POS,p4532_POS,plasma,MTBL,E,12.756477544654672,0.2582816746685701
n3817_NEG,n3817_NEG,plasma,MTBL,E,11.765529332398014,0.23327310664993384
p2748_POS,p2748_POS,plasma,MTBL,E,15.1860716753733,0.3952438677032024
n3808_NEG,n3808_NEG,plasma,MTBL,E,9.56877968531342,0.07625561003831471
n2783_NEG,n2783_NEG,plasma,MTBL,E,12.872579842268832,0.08648165143618769
p902_POS,p902_POS,plasma,MTBL,E,19.912484052763897,0.22153131209115884
p2317_POS,p2317_POS,plasma,MTBL,E,15.613005654604995,0.022018519470590192
p3906_POS,p3906_POS,plasma,MTBL,E,13.317051930717003,0.05971755225432496
Nadolol_POS,Nadolol_POS,plasma,MTBL,E,18.71478667937212,0.14156345330840026
p5782_POS,p5782_POS,plasma,MTBL,E,13.022272505438034,0.10945922288183851
n3201_NEG,n3201_NEG,plasma,MTBL,E,12.200986982171084,0.035603124409220754
3-hydroxy-3-methylpentanedioic acid_POS,3-hydroxy-3-methylpentanedioic acid_POS,plasma,MTBL,E,24.509258085161832,0.4149763348911968
p2587_POS,p2587_POS,plasma,MTBL,E,19.27650528115432,0.2328015555527685
n777_NEG,n777_NEG,plasma,MTBL,E,20.027217439843415,0.09229226206601027
4-Thialysine_POS,4-Thialysine_POS,plasma,MTBL,E,13.527660032405164,0.04831308984623206
p3064_POS,p3064_POS,plasma,MTBL,E,18.81476724930093,0.20210758514042126
p927_POS,p927_POS,plasma,MTBL,E,23.728472495251538,0.15103392711426622
p5070_POS,p5070_POS,plasma,MTBL,E,12.666020502707235,0.29142600929689344
3-Deoxy-D-glycero-D-galacto-2-nonulosonic acid_POS,3-Deoxy-D-glycero-D-galacto-2-nonulosonic acid_POS,plasma,MTBL,E,14.470008373248747,0.313450148843911
p3998_POS,p3998_POS,plasma,MTBL,E,17.262964423292384,0.203061099707746
p1469_POS,p1469_POS,plasma,MTBL,E,21.188968055321457,0.1047738099000064
Cimaterol_POS,Cimaterol_POS,plasma,MTBL,E,14.71055145357962,0.1876283824414564
p2480_POS,p2480_POS,plasma,MTBL,E,15.747723964633805,0.6796300391102648
p5181_POS,p5181_POS,plasma,MTBL,E,16.799125047503153,0.1732656250128528
n2245_NEG,n2245_NEG,plasma,MTBL,E,19.42240905082699,0.10289934620161745
p1269_POS,p1269_POS,plasma,MTBL,E,22.146110447725036,0.10469158679524782
n1678_NEG,n1678_NEG,plasma,MTBL,E,20.110485630226307,0.10961903894206415
"( Z)-6-benzylidene-3-hydroxymethyl-1,4-dimethyl-3-methylsulfanylpiperazine-2,5-dione_POS","( Z)-6-benzylidene-3-hydroxymethyl-1,4-dimethyl-3-methylsulfanylpiperazine-2,5-dione_POS",plasma,MTBL,E,15.917681951814664,0.08154839069599973
p4155_POS,p4155_POS,plasma,MTBL,E,18.13493162747849,0.17000317517374697
n2614_NEG,n2614_NEG,plasma,MTBL,E,18.290655682234323,0.219251280383574
p2114_POS,p2114_POS,plasma,MTBL,E,21.158706035522012,0.12673562287970697
p1246_POS,p1246_POS,plasma,MTBL,E,19.882213026696594,0.29702729103623327
"4,4'-Dihydroxydiphenylsulfone_NEG","4,4'-Dihydroxydiphenylsulfone_NEG",plasma,MTBL,E,14.7107921603687,0.08843855119786959
p5690_POS,p5690_POS,plasma,MTBL,E,12.103982219773556,0.22519674720101612
Leucylleucine methyl ester_POS,Leucylleucine methyl ester_POS,plasma,MTBL,E,11.272364112229178,0.06466492834040771
n1134_NEG,n1134_NEG,plasma,MTBL,E,15.975395508793916,0.17313773680034572
Threonine_NEG,Threonine_NEG,plasma,MTBL,E,22.599691963591372,0.23213668648360652
p2161_POS,p2161_POS,plasma,MTBL,E,19.701690116434385,0.28315373579281555
2'-Apo-beta-carotenal_POS,2'-Apo-beta-carotenal_POS,plasma,MTBL,E,16.599404634886884,0.1007922587045691
p5477_POS,p5477_POS,plasma,MTBL,E,12.449554038470117,0.20909893863732343
p338_POS,p338_POS,plasma,MTBL,E,23.649432928362387,0.12558313584347758
p3128_POS,p3128_POS,plasma,MTBL,E,19.18562016494068,0.5795820876452815
"[Similar to: Ethyl 3-hydroxy-5-methyl-6-oxo-1-phenyl-1,6-dihydropyrano[2,3-c]pyrazole-4-carboxylate; ΔMass: -46.0678 Da]_POS","[Similar to: Ethyl 3-hydroxy-5-methyl-6-oxo-1-phenyl-1,6-dihydropyrano[2,3-c]pyrazole-4-carboxylate; ΔMass: -46.0678 Da]_POS",plasma,MTBL,E,22.17941095585049,0.21768417104103932
p1363_POS,p1363_POS,plasma,MTBL,E,19.420213949842907,0.1959097409429731
n2800_NEG,n2800_NEG,plasma,MTBL,E,18.40058269023674,0.2082030188679802
"2-Ethylidene-1,5-dimethyl-3,3-diphenylpyrrolidine (EDDP)_POS","2-Ethylidene-1,5-dimethyl-3,3-diphenylpyrrolidine (EDDP)_POS",plasma,MTBL,E,13.34989720161488,0.21419024621462412
p2640_POS,p2640_POS,plasma,MTBL,E,15.014750926498936,0.2644260907848679
Leucylphenylalanine_POS,Leucylphenylalanine_POS,plasma,MTBL,E,15.60237001874758,0.1642824058579606
p1638_POS,p1638_POS,plasma,MTBL,E,19.664152262816803,0.16374278786948437
"H2-D-erythro-Neopterin 2',3'-cyclic phosphate_POS","H2-D-erythro-Neopterin 2',3'-cyclic phosphate_POS",plasma,MTBL,E,20.998196082559417,0.20383990264256013
p4530_POS,p4530_POS,plasma,MTBL,E,12.800451697884576,0.3001685997765833
n2770_NEG,n2770_NEG,plasma,MTBL,E,18.750860032990317,0.122933031875327
p3284_POS,p3284_POS,plasma,MTBL,E,18.4964655829376,0.2374886689846889
Ureidosuccinic acid_POS,Ureidosuccinic acid_POS,plasma,MTBL,E,12.651611787884448,0.18868190984729516
Acycloguanosine_POS,Acycloguanosine_POS,plasma,MTBL,E,14.150386987316216,0.2327214762975398
p4044_POS,p4044_POS,plasma,MTBL,E,16.696768045448234,0.2515101176872818
n200_NEG,n200_NEG,plasma,MTBL,E,24.688181385341515,0.07054204644786566
p1738_POS,p1738_POS,plasma,MTBL,E,17.359717214811287,0.25634690042016217
p4441_POS,p4441_POS,plasma,MTBL,E,15.563755990966747,0.25338927130912303
p3180_POS,p3180_POS,plasma,MTBL,E,16.31239061197661,0.14266788754868287
n2681_NEG,n2681_NEG,plasma,MTBL,E,18.479321847632228,0.15736825328707127
p687_POS,p687_POS,plasma,MTBL,E,24.103815762434408,0.22132534224257228
p5384_POS,p5384_POS,plasma,MTBL,E,13.48663145632064,0.25393932047403034
p5142_POS,p5142_POS,plasma,MTBL,E,12.820844903870418,0.02802994559762695
Succinic semialdehyde_NEG,Succinic semialdehyde_NEG,plasma,MTBL,E,22.007453640940472,0.12184983406506333
n221_NEG,n221_NEG,plasma,MTBL,E,23.28513458491622,0.09245258153278257
DL-Lactic Acid_NEG,DL-Lactic Acid_NEG,plasma,MTBL,E,27.097811912495835,0.14846262624590523
p3166_POS,p3166_POS,plasma,MTBL,E,17.820179200283626,0.19917907207374697
FOSAMINE_POS,FOSAMINE_POS,plasma,MTBL,E,18.918752079601173,0.18688734218164527
p5630_POS,p5630_POS,plasma,MTBL,E,12.54088820398446,0.20865301607895503
p177_POS,p177_POS,plasma,MTBL,E,24.528993722042532,0.15163908062054787
p810_POS,p810_POS,plasma,MTBL,E,20.436980340147176,0.24700399954438623
p3782_POS,p3782_POS,plasma,MTBL,E,12.710250678405345,0.5830123339914959
n2687_NEG,n2687_NEG,plasma,MTBL,E,15.786370025991864,0.1610411320086822
p1110_POS,p1110_POS,plasma,MTBL,E,20.8906442937628,0.23370738749517272
p1585_POS,p1585_POS,plasma,MTBL,E,21.9828676193054,0.21922808311406428
n1684_NEG,n1684_NEG,plasma,MTBL,E,18.753375138907224,0.18442477997602325
n2413_NEG,n2413_NEG,plasma,MTBL,E,18.914615338231627,0.2713957708930259
p4383_POS,p4383_POS,plasma,MTBL,E,15.425405677837086,0.20645626861360888
n2980_NEG,n2980_NEG,plasma,MTBL,E,16.508345900347408,0.323780982564422
p5556_POS,p5556_POS,plasma,MTBL,E,13.39221889450912,0.07999001300563968
p3572_POS,p3572_POS,plasma,MTBL,E,14.514119991327863,0.19717480795668507
p362_POS,p362_POS,plasma,MTBL,E,24.384359917826572,0.18011514837861498
p5059_POS,p5059_POS,plasma,MTBL,E,17.68697635610546,0.5161880231606162
p4223_POS,p4223_POS,plasma,MTBL,E,13.350704046866008,0.05971755225432851
p929_POS,p929_POS,plasma,MTBL,E,21.262380311454685,0.1340183278176923
p5672_POS,p5672_POS,plasma,MTBL,E,12.274042985135004,0.2337011186042357
L-threonyl-AMP_POS,L-threonyl-AMP_POS,plasma,MTBL,E,15.515072737560626,0.1499852596294815
n1577_NEG,n1577_NEG,plasma,MTBL,E,16.602196607651496,0.10258266178963638
p167_POS,p167_POS,plasma,MTBL,E,23.842994216634423,0.2230736870142387
p2375_POS,p2375_POS,plasma,MTBL,E,17.784436936487737,0.1650523500951948
p4114_POS,p4114_POS,plasma,MTBL,E,16.52352435443672,0.08546100750952235
p2019_POS,p2019_POS,plasma,MTBL,E,19.21482561523685,0.19739174785622282
D-(+)-Maltose_POS,D-(+)-Maltose_POS,plasma,MTBL,E,18.548502143142112,0.5660119945601991
p2830_POS,p2830_POS,plasma,MTBL,E,12.48880086641963,0.22285206210753117
p4071_POS,p4071_POS,plasma,MTBL,E,16.43878204216199,0.2927910887549956
p2641_POS,p2641_POS,plasma,MTBL,E,15.21497965658054,0.34428515738444965
n2857_NEG,n2857_NEG,plasma,MTBL,E,17.581695242963974,0.3094059422060482
Aspartyl-Histidine_NEG,Aspartyl-Histidine_NEG,plasma,MTBL,E,19.79743709912792,0.2463718213631232
p5724_POS,p5724_POS,plasma,MTBL,E,12.592979797090976,0.28471148010345004
n3831_NEG,n3831_NEG,plasma,MTBL,E,12.480589359302169,0.17402983856404575
p3056_POS,p3056_POS,plasma,MTBL,E,18.496836440201783,0.33516641314683326
p3385_POS,p3385_POS,plasma,MTBL,E,18.839481338162425,0.18599695366244617
"[Similar to: N1-(4,5-dihydro-1,3-thiazol-2-yl)-2-(2,4-dichlorophenoxy)propanamide; ΔMass: -136.0195 Da]_NEG","[Similar to: N1-(4,5-dihydro-1,3-thiazol-2-yl)-2-(2,4-dichlorophenoxy)propanamide; ΔMass: -136.0195 Da]_NEG",plasma,MTBL,E,20.325715670482932,0.09566754944204803
n2093_NEG,n2093_NEG,plasma,MTBL,E,15.792419526730267,0.15846203596017716
L-Aspartate-semialdehyde_POS,L-Aspartate-semialdehyde_POS,plasma,MTBL,E,18.60062514049827,0.2598533202041118
p4637_POS,p4637_POS,plasma,MTBL,E,17.042341402181524,0.17021366411250582
N-acetyl zonisamide_POS,N-acetyl zonisamide_POS,plasma,MTBL,E,13.607898248271116,0.16665250368008344
Cyclopentylamine_POS,Cyclopentylamine_POS,plasma,MTBL,E,23.23683949140355,0.27362875938337794
Norfuraneol_POS,Norfuraneol_POS,plasma,MTBL,E,15.739206287494568,0.3523232137331256
p1567_POS,p1567_POS,plasma,MTBL,E,15.837918645091408,0.1585235499875033
p4582_POS,p4582_POS,plasma,MTBL,E,16.476578402222806,0.32184814247503013
Lidocaine N-oxide_POS,Lidocaine N-oxide_POS,plasma,MTBL,E,15.451222625411347,0.23293128032804233
p908_POS,p908_POS,plasma,MTBL,E,19.033272030641324,0.11555070514701171
p1417_POS,p1417_POS,plasma,MTBL,E,21.149259041207635,0.18933099318824986
p5134_POS,p5134_POS,plasma,MTBL,E,11.701006194138213,0.04755666093961075
p1389_POS,p1389_POS,plasma,MTBL,E,21.394683802073757,0.1218201424946379
n3067_NEG,n3067_NEG,plasma,MTBL,E,12.1978174205641,0.07327921549813077
n2854_NEG,n2854_NEG,plasma,MTBL,E,18.299409048097793,0.25309193795595775
p2104_POS,p2104_POS,plasma,MTBL,E,19.572018179346333,0.18931333497200598
p78_POS,p78_POS,plasma,MTBL,E,24.577343521772463,0.23029675374631253
n3356_NEG,n3356_NEG,plasma,MTBL,E,11.691193315523442,0.10401469963169063
p729_POS,p729_POS,plasma,MTBL,E,23.052555195014037,0.15376266919895798
p3918_POS,p3918_POS,plasma,MTBL,E,18.02664877922463,0.2574678790561862
p3830_POS,p3830_POS,plasma,MTBL,E,17.772321261272932,0.3185428069358309
1-(2-Furylmethyl)-5-oxopyrrolidine-3-carboxylic acid_NEG,1-(2-Furylmethyl)-5-oxopyrrolidine-3-carboxylic acid_NEG,plasma,MTBL,E,14.882797421459356,0.42229771812383277
[Similar to: Creatine; ΔMass: 67.9874 Da]_NEG,[Similar to: Creatine; ΔMass: 67.9874 Da]_NEG,plasma,MTBL,E,19.81843435395201,0.21221373274756417
p2682_POS,p2682_POS,plasma,MTBL,E,20.072179398781294,0.31991028624793216
p1352_POS,p1352_POS,plasma,MTBL,E,20.35242123831131,0.4374753976908572
n3611_NEG,n3611_NEG,plasma,MTBL,E,14.557042975254324,0.08122333034413565
p2313_POS,p2313_POS,plasma,MTBL,E,18.548413661075564,0.3318659673164994
p1484_POS,p1484_POS,plasma,MTBL,E,20.01974461627436,0.2774802954066402
p1181_POS,p1181_POS,plasma,MTBL,E,16.375490976987084,0.25423855568446996
n1350_NEG,n1350_NEG,plasma,MTBL,E,20.838776528539665,0.13884943009173512
N-gamma-Glutamylglutamine_POS,N-gamma-Glutamylglutamine_POS,plasma,MTBL,E,20.586433885867745,0.3274953313422131
Squamolone_POS,Squamolone_POS,plasma,MTBL,E,19.76674593231739,0.2729807125611927
n2265_NEG,n2265_NEG,plasma,MTBL,E,18.269722028088953,0.1102946156613136
p1424_POS,p1424_POS,plasma,MTBL,E,20.57685671875361,0.1653737441846026
p3197_POS,p3197_POS,plasma,MTBL,E,16.594431774170317,0.2707798682307434
p3343_POS,p3343_POS,plasma,MTBL,E,13.466572803644414,0.026208344245706172
n1859_NEG,n1859_NEG,plasma,MTBL,E,19.364786863320184,0.16197290678092102
p1793_POS,p1793_POS,plasma,MTBL,E,20.542607303775416,0.14366349854932636
Chloric acid_NEG,Chloric acid_NEG,plasma,MTBL,E,14.04855794830627,0.09902116706977893
p4527_POS,p4527_POS,plasma,MTBL,E,12.673040100360254,0.1099386553264754
3-hydroxyoctanoyl carnitine_POS,3-hydroxyoctanoyl carnitine_POS,plasma,MTBL,E,13.886911671112008,0.2611223482790592
p5701_POS,p5701_POS,plasma,MTBL,E,11.237924001227658,0.14569235769491584
n1676_NEG,n1676_NEG,plasma,MTBL,E,20.156378143576557,0.12319310527511362
p695_POS,p695_POS,plasma,MTBL,E,22.7091064567881,0.11556441837863574
p5459_POS,p5459_POS,plasma,MTBL,E,15.57322939695786,0.1559486858716621
n2417_NEG,n2417_NEG,plasma,MTBL,E,18.58021163385961,0.1593773680583226
p4716_POS,p4716_POS,plasma,MTBL,E,13.02980894160658,0.5404239713880887
p4841_POS,p4841_POS,plasma,MTBL,E,12.36878353679435,0.04003843585187816
p846_POS,p846_POS,plasma,MTBL,E,18.163201744581663,0.30595971305406877
p3322_POS,p3322_POS,plasma,MTBL,E,19.058310883311503,0.16321189546259873
p1255_POS,p1255_POS,plasma,MTBL,E,20.263080110859473,0.5220449303305124
p3221_POS,p3221_POS,plasma,MTBL,E,19.078322977971453,0.4296599502066094
p4207_POS,p4207_POS,plasma,MTBL,E,15.089878269233887,0.4498123264934879
p4603_POS,p4603_POS,plasma,MTBL,E,13.230541993584382,0.3779945773667208
p4372_POS,p4372_POS,plasma,MTBL,E,13.845898799702494,0.18717613486168716
Diphenhydramine_POS,Diphenhydramine_POS,plasma,MTBL,E,15.278825529452568,0.28215484062630836
4-Nitrophenyl beta-D-xyloside_POS,4-Nitrophenyl beta-D-xyloside_POS,plasma,MTBL,E,11.895103423650548,0.038146151058052524
p1891_POS,p1891_POS,plasma,MTBL,E,19.774980297084124,0.21164721684215948
p2026_POS,p2026_POS,plasma,MTBL,E,15.366340727418567,0.10526576520834396
5-amino-N'-{[4-(benzyloxy)phenyl]methylene}-1-phenyl-1H-pyrazole-4-carbohydrazide_POS,5-amino-N'-{[4-(benzyloxy)phenyl]methylene}-1-phenyl-1H-pyrazole-4-carbohydrazide_POS,plasma,MTBL,E,13.27872326722701,0.15934953795536977
p2551_POS,p2551_POS,plasma,MTBL,E,13.434148227028883,0.05083223365442713
n1672_NEG,n1672_NEG,plasma,MTBL,E,20.042789470182928,0.12271929629982381
"4-[2-(2-oxo-1-imidazolidinyl)ethyl]-1lambda~6~,4-thiazinane-1,1-dione_POS","4-[2-(2-oxo-1-imidazolidinyl)ethyl]-1lambda~6~,4-thiazinane-1,1-dione_POS",plasma,MTBL,E,12.74677355007938,0.1206636298723005
p3733_POS,p3733_POS,plasma,MTBL,E,17.434162376557932,0.3128356913237873
p5655_POS,p5655_POS,plasma,MTBL,E,11.55898976349649,0.07770972694316747
p4862_POS,p4862_POS,plasma,MTBL,E,14.57639142931021,0.10637044410759522
n3008_NEG,n3008_NEG,plasma,MTBL,E,12.7691211466066,0.07289188314230977
n3646_NEG,n3646_NEG,plasma,MTBL,E,11.94060794811168,0.0905318572028122
n1734_NEG,n1734_NEG,plasma,MTBL,E,19.75522380677275,0.2898337053473057
p19_POS,p19_POS,plasma,MTBL,E,26.512963623147893,0.35901984453769487
p1342_POS,p1342_POS,plasma,MTBL,E,16.423644122199008,0.24178261896636855
n8_NEG,n8_NEG,plasma,MTBL,E,28.588409042503127,0.04991966173114193
p3066_POS,p3066_POS,plasma,MTBL,E,13.916346180016802,0.3214426772672301
n1860_NEG,n1860_NEG,plasma,MTBL,E,17.734683596378467,0.2338585141867746
p2853_POS,p2853_POS,plasma,MTBL,E,12.016409943120518,0.07823301383503356
p4073_POS,p4073_POS,plasma,MTBL,E,14.553449443862176,0.2350238284572317
1-Phenyl-1-pentanone_POS,1-Phenyl-1-pentanone_POS,plasma,MTBL,E,11.19286801484725,0.6832037670143798
p5149_POS,p5149_POS,plasma,MTBL,E,18.14482520872245,0.18965271009927775
p2164_POS,p2164_POS,plasma,MTBL,E,19.611356198970437,0.3389816541672346
n1119_NEG,n1119_NEG,plasma,MTBL,E,20.605037919381093,0.12066906137415856
p3553_POS,p3553_POS,plasma,MTBL,E,13.147048828512402,0.7308287863981384
p3869_POS,p3869_POS,plasma,MTBL,E,16.231110007797195,0.43602932300827746
"3,3-dimethyl-5-oxo-5-(2-piperidinoanilino)pentanoic acid_NEG","3,3-dimethyl-5-oxo-5-(2-piperidinoanilino)pentanoic acid_NEG",plasma,MTBL,E,12.473437192167246,0.06898477184482665
Phosphate_NEG,Phosphate_NEG,plasma,MTBL,E,26.15669560558889,0.11591844033182852
p2824_POS,p2824_POS,plasma,MTBL,E,20.419619164536716,0.22829386883559977
p3713_POS,p3713_POS,plasma,MTBL,E,17.339655755504634,0.4444866165560022
p5081_POS,p5081_POS,plasma,MTBL,E,13.31856934250382,0.3008215749797998
n3447_NEG,n3447_NEG,plasma,MTBL,E,14.769111386070245,0.17827194521464307
n2032_NEG,n2032_NEG,plasma,MTBL,E,19.164255941924036,0.18979398630750666
p2197_POS,p2197_POS,plasma,MTBL,E,15.032089317819317,0.23236983591451832
n276_NEG,n276_NEG,plasma,MTBL,E,24.47266073917238,0.06990524833379297
p54_POS,p54_POS,plasma,MTBL,E,26.827852369429905,0.13548264314767877
2-Furancarboxaldehyde_NEG,2-Furancarboxaldehyde_NEG,plasma,MTBL,E,18.286464843836235,0.19469568646812618
"(2S,4R)-4-Aminopyrrolidine-2-carboxylic acid_POS","(2S,4R)-4-Aminopyrrolidine-2-carboxylic acid_POS",plasma,MTBL,E,20.433829362714544,0.33718854502485485
p4977_POS,p4977_POS,plasma,MTBL,E,18.395010696099636,0.04641201049296839
Endothion_POS,Endothion_POS,plasma,MTBL,E,13.262573124260726,0.05971755225432673
2-Amino-5-isopentyl-6-methylpyrimidin-4-ol_POS,2-Amino-5-isopentyl-6-methylpyrimidin-4-ol_POS,plasma,MTBL,E,20.232503540374168,0.04761189523383891
L-Glutamic acid_POS,L-Glutamic acid_POS,plasma,MTBL,E,22.881148866077584,0.29066025699459175
n2755_NEG,n2755_NEG,plasma,MTBL,E,18.154343539954137,0.10174010957503299
2-Ethylpyrazine_POS,2-Ethylpyrazine_POS,plasma,MTBL,E,14.42499414685684,0.22476286886082342
[Similar to: NP-004031; ΔMass: -416.3678 Da]_NEG,[Similar to: NP-004031; ΔMass: -416.3678 Da]_NEG,plasma,MTBL,E,17.41184921449401,0.3190925683478305
p3752_POS,p3752_POS,plasma,MTBL,E,14.688363530936588,0.15189827989721394
n3153_NEG,n3153_NEG,plasma,MTBL,E,15.365159607339084,0.9142386519750865
p2635_POS,p2635_POS,plasma,MTBL,E,20.34913027823935,0.27462568109742946
p272_POS,p272_POS,plasma,MTBL,E,25.029819538877696,0.11712001118236515
Hydroxy bupropion_POS,Hydroxy bupropion_POS,plasma,MTBL,E,16.255824691802093,0.05822650203664992
Cotinine N-oxide_POS,Cotinine N-oxide_POS,plasma,MTBL,E,13.203373326334376,0.07342528561972905
[Similar to: Threonine; ΔMass: 83.9612 Da]_NEG,[Similar to: Threonine; ΔMass: 83.9612 Da]_NEG,plasma,MTBL,E,18.36517860682987,0.352413931450414
n1095_NEG,n1095_NEG,plasma,MTBL,E,17.810223942028397,0.07250935719400786
n2148_NEG,n2148_NEG,plasma,MTBL,E,19.548658282900178,0.12400524757131848
Mevalonic acid_POS,Mevalonic acid_POS,plasma,MTBL,E,18.94262850538338,0.2069616737482427
Furodazole_NEG,Furodazole_NEG,plasma,MTBL,E,14.50351446218854,0.5430823634718731
p1665_POS,p1665_POS,plasma,MTBL,E,21.793599760317967,0.18532608607671008
p4129_POS,p4129_POS,plasma,MTBL,E,13.731248148460502,0.27129214588583395
"[6-(5-Chloropyridin-2-yl)-7-hydroxypyrrolo[3,4-b]pyrazin-5-yl] 4-methylpiperazine-1-carboxylate_POS","[6-(5-Chloropyridin-2-yl)-7-hydroxypyrrolo[3,4-b]pyrazin-5-yl] 4-methylpiperazine-1-carboxylate_POS",plasma,MTBL,E,12.58327873107791,0.1193474465668789
p5730_POS,p5730_POS,plasma,MTBL,E,12.433407177527204,0.17457414291141227
n2808_NEG,n2808_NEG,plasma,MTBL,E,18.150264568511663,0.16242073576325922
p3903_POS,p3903_POS,plasma,MTBL,E,17.570522238657766,0.32773913673246824
n1669_NEG,n1669_NEG,plasma,MTBL,E,20.474194313665897,0.10764540348895224
Tolmetin_POS,Tolmetin_POS,plasma,MTBL,E,13.247842477796532,0.21210647014696526
"(2,6-dimethylpiperidino)(3,4,5-trimethoxyphenyl)methanone_POS","(2,6-dimethylpiperidino)(3,4,5-trimethoxyphenyl)methanone_POS",plasma,MTBL,E,12.666025270612414,0.2513673942272199
p2638_POS,p2638_POS,plasma,MTBL,E,14.842486416698328,0.2987486649424387
p2936_POS,p2936_POS,plasma,MTBL,E,18.62351847255845,0.44136693864222565
p3955_POS,p3955_POS,plasma,MTBL,E,15.612589323672102,0.15251424797778235
p469_POS,p469_POS,plasma,MTBL,E,20.096466976160855,0.24234395229930428
p1386_POS,p1386_POS,plasma,MTBL,E,18.59873341268832,0.2578339515072585
p5720_POS,p5720_POS,plasma,MTBL,E,13.027991622293516,0.05687928115865226
p21_POS,p21_POS,plasma,MTBL,E,27.75493291961027,0.11088427565346848
p2948_POS,p2948_POS,plasma,MTBL,E,18.74847430866167,0.28267229749286926
p5727_POS,p5727_POS,plasma,MTBL,E,12.589152721677166,0.20323266830895292
p940_POS,p940_POS,plasma,MTBL,E,21.363661003439464,0.16224481329219387
p5781_POS,p5781_POS,plasma,MTBL,E,12.396160710009578,0.11038958394558307
p2105_POS,p2105_POS,plasma,MTBL,E,19.422960616464017,0.16910577584832964
p4403_POS,p4403_POS,plasma,MTBL,E,12.628632051039787,0.31547130775580534
n2040_NEG,n2040_NEG,plasma,MTBL,E,18.83267496402819,0.14681528636943142
p657_POS,p657_POS,plasma,MTBL,E,22.818223820749328,0.11373659193623098
p2219_POS,p2219_POS,plasma,MTBL,E,14.232627104368722,0.19951103190006414
L-Histidine_POS,L-Histidine_POS,plasma,MTBL,E,24.508590408750507,0.7523004287387103
2-Hydroxyquinoline_POS,2-Hydroxyquinoline_POS,plasma,MTBL,E,21.7390433506578,0.17497718428335318
p5003_POS,p5003_POS,plasma,MTBL,E,13.076214019462707,0.31844960503558006
p5734_POS,p5734_POS,plasma,MTBL,E,12.222999471737538,0.0764535484339266
p5004_POS,p5004_POS,plasma,MTBL,E,12.167803377765985,0.18819310354173346
n2606_NEG,n2606_NEG,plasma,MTBL,E,15.920862617258356,0.06379743640855118
"7-(2-thienyl)[1,2,4]triazolo[4,3-a]pyrimidine_POS","7-(2-thienyl)[1,2,4]triazolo[4,3-a]pyrimidine_POS",plasma,MTBL,E,19.105021971801072,0.3300997204670644
p302_POS,p302_POS,plasma,MTBL,E,22.642325725781415,0.20022810730391782
p4812_POS,p4812_POS,plasma,MTBL,E,15.125665248849588,0.1678808362679085
p139_POS,p139_POS,plasma,MTBL,E,22.70012227410023,0.09507932228162375
n3820_NEG,n3820_NEG,plasma,MTBL,E,15.519597198514848,0.24362479003736937
"N-methyl-4,6,7-trihydroxy-1,2,3,4-tetrahydroisoquinoline_POS","N-methyl-4,6,7-trihydroxy-1,2,3,4-tetrahydroisoquinoline_POS",plasma,MTBL,E,11.746798572500776,0.060668796641135
n3802_NEG,n3802_NEG,plasma,MTBL,E,11.993056855556295,0.08784674844113916
p341_POS,p341_POS,plasma,MTBL,E,24.546904650838457,0.10234268467300112
Loratadine_POS,Loratadine_POS,plasma,MTBL,E,12.633627801729617,0.12066362987229695
n105_NEG,n105_NEG,plasma,MTBL,E,25.601870179198823,0.04573818148465847
n3291_NEG,n3291_NEG,plasma,MTBL,E,13.278397791828638,0.07137811581706544
p306_POS,p306_POS,plasma,MTBL,E,23.936519684291657,0.2604975205330078
p782_POS,p782_POS,plasma,MTBL,E,21.939378648998332,0.1915537490791266
p365_POS,p365_POS,plasma,MTBL,E,23.59343870212628,0.1639517369293486
p385_POS,p385_POS,plasma,MTBL,E,22.46585172721348,0.20925514249390176
p781_POS,p781_POS,plasma,MTBL,E,21.8927404260221,0.17322540560194355
p3007_POS,p3007_POS,plasma,MTBL,E,14.201638320816866,0.17543026249407134
p2955_POS,p2955_POS,plasma,MTBL,E,19.814315489177066,0.10396002219225764
p1126_POS,p1126_POS,plasma,MTBL,E,21.402301934964992,0.3111125234325449
"5-(methoxymethyl)-2-(2-thienyl)-4,7-dihydropyrazolo[1,5-a]pyrimidin-7-one_NEG","5-(methoxymethyl)-2-(2-thienyl)-4,7-dihydropyrazolo[1,5-a]pyrimidin-7-one_NEG",plasma,MTBL,E,17.372184784906004,0.3241284434177025
p3532_POS,p3532_POS,plasma,MTBL,E,14.510649394388125,0.7142641454199694
TRIETHYLENE GLYCOL_POS,TRIETHYLENE GLYCOL_POS,plasma,MTBL,E,22.588904552312933,0.05954663543639427
p1862_POS,p1862_POS,plasma,MTBL,E,20.18285630587293,0.145976387492329
p2595_POS,p2595_POS,plasma,MTBL,E,15.583409289237425,0.4551660150137842
DL-α-Aminocaprylic acid_POS,DL-α-Aminocaprylic acid_POS,plasma,MTBL,E,14.905390636772164,0.6481780825821755
p482_POS,p482_POS,plasma,MTBL,E,22.67124531680923,0.18265775956727381
p3912_POS,p3912_POS,plasma,MTBL,E,18.46667745320329,0.29973693619311703
p3617_POS,p3617_POS,plasma,MTBL,E,16.112364327378398,0.42057425134901294
p3070_POS,p3070_POS,plasma,MTBL,E,14.017694432215809,0.3079353847602473
n2807_NEG,n2807_NEG,plasma,MTBL,E,18.128886900473955,0.18448247294595888
n2239_NEG,n2239_NEG,plasma,MTBL,E,14.90310949219808,0.23388767635454855
p4636_POS,p4636_POS,plasma,MTBL,E,16.750477005364598,0.17676807639170633
p3162_POS,p3162_POS,plasma,MTBL,E,15.879226729307163,0.4227054248680737
"3-[(4-Chlorophenyl)thio]-6-(3,5-dimethyl-1H-pyrazol-1-yl)pyridazine_POS","3-[(4-Chlorophenyl)thio]-6-(3,5-dimethyl-1H-pyrazol-1-yl)pyridazine_POS",plasma,MTBL,E,24.3102876924948,0.2046725198226511
p2737_POS,p2737_POS,plasma,MTBL,E,15.84856864091248,0.15594868587166388
p2861_POS,p2861_POS,plasma,MTBL,E,15.912838724119077,0.4599998334219997
PEG n8_POS,PEG n8_POS,plasma,MTBL,E,25.641084459727892,0.18921841721645904
p3850_POS,p3850_POS,plasma,MTBL,E,18.01405191492978,0.3476576026574243
morpholino(quinolin-6-yl)methanone_POS,morpholino(quinolin-6-yl)methanone_POS,plasma,MTBL,E,17.651956575740044,0.14895083875500248
p2851_POS,p2851_POS,plasma,MTBL,E,17.999636336372834,0.22198442189273138
p3819_POS,p3819_POS,plasma,MTBL,E,14.89256925832356,0.4152870311944916
p3063_POS,p3063_POS,plasma,MTBL,E,14.321268878712637,0.2625471142786413
p2899_POS,p2899_POS,plasma,MTBL,E,13.518572369335825,0.060646374719500074
n1309_NEG,n1309_NEG,plasma,MTBL,E,12.859270432634103,0.0911167884091224
p4272_POS,p4272_POS,plasma,MTBL,E,13.89594519684411,0.05403510414057955
p180_POS,p180_POS,plasma,MTBL,E,23.94249330109409,0.21744815569216058
p1475_POS,p1475_POS,plasma,MTBL,E,21.937869267798007,0.30500131604726377
p4376_POS,p4376_POS,plasma,MTBL,E,15.767019997736186,0.15852354998750506
p2203_POS,p2203_POS,plasma,MTBL,E,18.39819143820154,0.18927281123149697
Hypocrellutin A_POS,Hypocrellutin A_POS,plasma,MTBL,E,14.857115698555338,0.058226502036651695
N-carboxyethyl dimethyl ammonio propyl perfluorodecane sulfonamido propanoic acid;N-carboxyethyl dimethyl ammonio propyl perfluorodecane sulfonamido propanoic acid;sulfonamido (propyl carboxylate) propyl dimethyl amino propyl carboxylate_POS,N-carboxyethyl dimethyl ammonio propyl perfluorodecane sulfonamido propanoic acid;N-carboxyethyl dimethyl ammonio propyl perfluorodecane sulfonamido propanoic acid;sulfonamido (propyl carboxylate) propyl dimethyl amino propyl carboxylate_POS,plasma,MTBL,E,16.291835614938883,0.28040430102690195
3-Hydroxymonoethylglycinexylidide_POS,3-Hydroxymonoethylglycinexylidide_POS,plasma,MTBL,E,14.682061651296529,0.14168931355563075
p5433_POS,p5433_POS,plasma,MTBL,E,13.38214032333008,0.21185314661616772
p4060_POS,p4060_POS,plasma,MTBL,E,17.73715253727507,0.28458493569802457
p4851_POS,p4851_POS,plasma,MTBL,E,13.227803899085185,0.21849569992332718
p1650_POS,p1650_POS,plasma,MTBL,E,12.97416456976222,0.060877026547480284
n3171_NEG,n3171_NEG,plasma,MTBL,E,14.818026203889202,0.2410346304324893
p2695_POS,p2695_POS,plasma,MTBL,E,14.672265939890758,0.16570951921334576
tetrahomomethionine_POS,tetrahomomethionine_POS,plasma,MTBL,E,11.820709088562946,0.3022759652652276
p694_POS,p694_POS,plasma,MTBL,E,22.7091064567881,0.11556441837863574
n1125_NEG,n1125_NEG,plasma,MTBL,E,21.74110825034023,0.12109496804233189
p1546_POS,p1546_POS,plasma,MTBL,E,19.327150265290413,0.42224441578373373
p5280_POS,p5280_POS,plasma,MTBL,E,13.501991969660883,0.15303473961852987
n2029_NEG,n2029_NEG,plasma,MTBL,E,14.823243424070425,0.18787344435271613
p2109_POS,p2109_POS,plasma,MTBL,E,19.377918338233723,0.24101638495842792
p2156_POS,p2156_POS,plasma,MTBL,E,20.372357148632258,0.14676314105884458
p1779_POS,p1779_POS,plasma,MTBL,E,20.356407969331137,0.22265023816281015
Tetramethylene sulfoxide_POS,Tetramethylene sulfoxide_POS,plasma,MTBL,E,12.944490590209526,0.2595095300304937
p3065_POS,p3065_POS,plasma,MTBL,E,18.81476724930093,0.20210758514042126
n850_NEG,n850_NEG,plasma,MTBL,E,21.437102271210797,0.06443329116343577
p3684_POS,p3684_POS,plasma,MTBL,E,13.523973066955396,0.16194095415581522
p5377_POS,p5377_POS,plasma,MTBL,E,11.29903610311019,0.07530767129377658
p3667_POS,p3667_POS,plasma,MTBL,E,15.36798560189356,0.09441923099332072
p3257_POS,p3257_POS,plasma,MTBL,E,14.410050343326605,0.30988016629528836
n3694_NEG,n3694_NEG,plasma,MTBL,E,12.149148670418604,0.05518275742790557
[Similar to: DL-Arginine; ΔMass: 180.0636 Da]_NEG,[Similar to: DL-Arginine; ΔMass: 180.0636 Da]_NEG,plasma,MTBL,E,14.927556116627338,0.10258266178962927
p5179_POS,p5179_POS,plasma,MTBL,E,13.018918111606252,0.15131344611240038
p1104_POS,p1104_POS,plasma,MTBL,E,21.186817369463537,0.24796851415188215
n3088_NEG,n3088_NEG,plasma,MTBL,E,14.647205508688993,0.06637070445238002
n3940_NEG,n3940_NEG,plasma,MTBL,E,8.703619328462697,0.06821244682479133
p4606_POS,p4606_POS,plasma,MTBL,E,13.009413139163788,0.20980566475986784
p508_POS,p508_POS,plasma,MTBL,E,23.10905018622926,0.22780531950717986
n2397_NEG,n2397_NEG,plasma,MTBL,E,18.80885399890107,0.1973665674971734
L-Phenylalanine_POS,L-Phenylalanine_POS,plasma,MTBL,E,20.40994006855605,0.2640671171046236
p5769_POS,p5769_POS,plasma,MTBL,E,11.622193241305627,0.09852765072128378
p5463_POS,p5463_POS,plasma,MTBL,E,16.65385518479482,0.18272851020300962
NP-020535_POS,NP-020535_POS,plasma,MTBL,E,13.447879842940234,0.09127962508993015
p630_POS,p630_POS,plasma,MTBL,E,21.375842946722894,0.16059952068664174
p4914_POS,p4914_POS,plasma,MTBL,E,12.118299627524127,0.08455822214648734
p5785_POS,p5785_POS,plasma,MTBL,E,11.838435874996035,0.1823949165345553
Penerpene I_POS,Penerpene I_POS,plasma,MTBL,E,13.19168004649105,0.20421962187240084
p639_POS,p639_POS,plasma,MTBL,E,20.273217547943364,0.25297877231740884
n1819_NEG,n1819_NEG,plasma,MTBL,E,19.84560525802827,0.13148496941342458
n1351_NEG,n1351_NEG,plasma,MTBL,E,20.23065058439085,0.1406391586136131
n2394_NEG,n2394_NEG,plasma,MTBL,E,16.611596251359074,0.10562118183581504
p5156_POS,p5156_POS,plasma,MTBL,E,13.730167891755,0.22968848527285957
gamma-Butyrolactone_NEG,gamma-Butyrolactone_NEG,plasma,MTBL,E,18.588504856052133,0.13956234825295155
n2599_NEG,n2599_NEG,plasma,MTBL,E,18.03343433263,0.2518870888622686
p1590_POS,p1590_POS,plasma,MTBL,E,20.693739244847915,0.13015290406226043
p1993_POS,p1993_POS,plasma,MTBL,E,20.0534039267859,0.19782464987035198
n318_NEG,n318_NEG,plasma,MTBL,E,24.068358666609505,0.08445851348303535
p1700_POS,p1700_POS,plasma,MTBL,E,20.84453324964275,0.3068354718396158
p2435_POS,p2435_POS,plasma,MTBL,E,15.435725863062704,0.4975286269841366
p1002_POS,p1002_POS,plasma,MTBL,E,17.997847333655894,0.1353849859162004
"2,2,4-Trimethyl-1,3-dioxolane_POS","2,2,4-Trimethyl-1,3-dioxolane_POS",plasma,MTBL,E,13.965269230956467,0.3874238382673507
p2082_POS,p2082_POS,plasma,MTBL,E,18.965111322793888,0.16766625560010695
p3747_POS,p3747_POS,plasma,MTBL,E,13.913998058361187,0.13774506047617052
p5176_POS,p5176_POS,plasma,MTBL,E,12.45820091483103,0.03459271026799904
n304_NEG,n304_NEG,plasma,MTBL,E,22.1462855945886,0.0899641590292326
N-cyclooctylurea_POS,N-cyclooctylurea_POS,plasma,MTBL,E,20.481935582148935,0.05962508020741808
p1300_POS,p1300_POS,plasma,MTBL,E,21.773988893677608,0.2113392137543748
[Similar to: L-Threonic acid; ΔMass: 67.9873 Da]_NEG,[Similar to: L-Threonic acid; ΔMass: 67.9873 Da]_NEG,plasma,MTBL,E,19.82479033996738,0.40182338652083516
p5288_POS,p5288_POS,plasma,MTBL,E,12.867069955486713,0.1265339774124392
p3475_POS,p3475_POS,plasma,MTBL,E,12.050689639640636,0.11923229319683237
p2683_POS,p2683_POS,plasma,MTBL,E,20.072179398781294,0.31991028624793216
[Similar to: N2-[3-(Trifluoromethyl)phenyl]-5-[2-(methylthio)pyrimidin-4-yl]thiophene-2-sulfonamide; ΔMass: 35.9766 Da]_NEG,[Similar to: N2-[3-(Trifluoromethyl)phenyl]-5-[2-(methylthio)pyrimidin-4-yl]thiophene-2-sulfonamide; ΔMass: 35.9766 Da]_NEG,plasma,MTBL,E,11.526455115738182,0.10166126992536917
Trichosorbicillin G_POS,Trichosorbicillin G_POS,plasma,MTBL,E,12.92934548091308,0.09869795632493528
p1755_POS,p1755_POS,plasma,MTBL,E,20.523526049127565,0.12045745920588047
p456_POS,p456_POS,plasma,MTBL,E,24.70655270124167,0.09064851695125142
p2093_POS,p2093_POS,plasma,MTBL,E,13.11606727612932,0.5222650018465469
Pyruvic acid_NEG,Pyruvic acid_NEG,plasma,MTBL,E,19.74795066375738,0.13769784966340026
n523_NEG,n523_NEG,plasma,MTBL,E,22.37877118485055,0.061786206325940896
Tolyporphin C_POS,Tolyporphin C_POS,plasma,MTBL,E,18.038612814466816,0.22060292315530106
2-Aminoisobutyric acid_POS,2-Aminoisobutyric acid_POS,plasma,MTBL,E,21.15761506136376,0.37621815511603884
p2174_POS,p2174_POS,plasma,MTBL,E,15.55803392408229,0.424813316048299
p3308_POS,p3308_POS,plasma,MTBL,E,19.459522468706208,0.08077209351495895
n2178_NEG,n2178_NEG,plasma,MTBL,E,18.558313726555717,0.1472959898189714
p1481_POS,p1481_POS,plasma,MTBL,E,18.00881582168868,0.40114184589597457
p3212_POS,p3212_POS,plasma,MTBL,E,19.172081413499697,0.23861096017280659
p3134_POS,p3134_POS,plasma,MTBL,E,19.23547836940287,0.17459937458873043
Azetidomonamide A_POS,Azetidomonamide A_POS,plasma,MTBL,E,14.884881281251262,0.05822650203664992
p3907_POS,p3907_POS,plasma,MTBL,E,18.65234342275327,0.2507543744295653
p5107_POS,p5107_POS,plasma,MTBL,E,12.39734649345385,0.29843508741010893
[Similar to: Asparagine; ΔMass: 67.9873 Da]_NEG,[Similar to: Asparagine; ΔMass: 67.9873 Da]_NEG,plasma,MTBL,E,19.660814439778225,0.2447081068628556
"1-Phenylhexahydropyridazine-3,6-dione_POS","1-Phenylhexahydropyridazine-3,6-dione_POS",plasma,MTBL,E,18.240705684189543,0.3114198540937849
"1-(2,2-Dichloroethyl)-1-nitrosourea_POS","1-(2,2-Dichloroethyl)-1-nitrosourea_POS",plasma,MTBL,E,20.94707205259873,0.08316487920394877
p3919_POS,p3919_POS,plasma,MTBL,E,13.18345294919546,0.2275727832604293
n1874_NEG,n1874_NEG,plasma,MTBL,E,19.17976004093859,0.08469621501508584
p5333_POS,p5333_POS,plasma,MTBL,E,15.45777999395318,0.12278752278770177
p3422_POS,p3422_POS,plasma,MTBL,E,18.779808914625356,0.13326746674106005
p2865_POS,p2865_POS,plasma,MTBL,E,15.74311307150608,0.0995349206013394
p3424_POS,p3424_POS,plasma,MTBL,E,14.845444570270718,0.2673522953972469
p3252_POS,p3252_POS,plasma,MTBL,E,16.57211224701391,0.047363771238313035
p1468_POS,p1468_POS,plasma,MTBL,E,13.53796822124917,0.25587627307737293
n1793_NEG,n1793_NEG,plasma,MTBL,E,20.056272456796364,0.11669957118664342
p4704_POS,p4704_POS,plasma,MTBL,E,17.371702106362324,0.3048262100429575
n1506_NEG,n1506_NEG,plasma,MTBL,E,17.108151846262864,0.2424733453350143
Caprolactin A_POS,Caprolactin A_POS,plasma,MTBL,E,12.8134568134212,0.1853664450770065
Isobutyric acid_POS,Isobutyric acid_POS,plasma,MTBL,E,25.31172123857092,0.1656716565341867
p5187_POS,p5187_POS,plasma,MTBL,E,13.75070379772549,0.14699826925595083
p3379_POS,p3379_POS,plasma,MTBL,E,12.635481221316253,0.179784602218529
"N'-{6-[(5-chloro-3-pyridyl)oxy]-3-pyridyl}-N,N-dimethyliminoformamide_POS","N'-{6-[(5-chloro-3-pyridyl)oxy]-3-pyridyl}-N,N-dimethyliminoformamide_POS",plasma,MTBL,E,13.534877937743277,0.03482343762219742
p3294_POS,p3294_POS,plasma,MTBL,E,13.03724429937018,0.5825767580130918
4-Hydroxyproline_NEG,4-Hydroxyproline_NEG,plasma,MTBL,E,17.84968816177455,0.17694796044131778
n2281_NEG,n2281_NEG,plasma,MTBL,E,18.172175422034663,0.1604185414649706
Taurine_NEG,Taurine_NEG,plasma,MTBL,E,21.38242626758433,0.4216275482620979
p2857_POS,p2857_POS,plasma,MTBL,E,20.050152218360324,0.24714818554104312
n2473_NEG,n2473_NEG,plasma,MTBL,E,19.388285220081208,0.17554727331132725
p5543_POS,p5543_POS,plasma,MTBL,E,11.062047506533531,0.10970805265950112
p5128_POS,p5128_POS,plasma,MTBL,E,12.380025725656267,0.23803840567403078
p2781_POS,p2781_POS,plasma,MTBL,E,13.295549364245392,0.0928480581145994
p4506_POS,p4506_POS,plasma,MTBL,E,14.459712629154694,0.41733310770058196
"4-(3,4-dimethylphenyl)-1-thia-4-azaspiro[4.5]decan-3-one_POS","4-(3,4-dimethylphenyl)-1-thia-4-azaspiro[4.5]decan-3-one_POS",plasma,MTBL,E,16.85075316586146,0.5013319500596296
"5?[(1E)?2?[4?(dimethylamino)phenyl]diazen?1?yl]pyrimidine?2,4,6?triamine_POS","5?[(1E)?2?[4?(dimethylamino)phenyl]diazen?1?yl]pyrimidine?2,4,6?triamine_POS",plasma,MTBL,E,13.234012897067482,0.08513386981177185
p3219_POS,p3219_POS,plasma,MTBL,E,20.456952177509635,0.261959990114498
p937_POS,p937_POS,plasma,MTBL,E,16.62955337830832,0.3732296237222563
p3905_POS,p3905_POS,plasma,MTBL,E,14.263693808664266,0.2529123134246376
(+-)-trans-3-Methyl norfentanyl_POS,(+-)-trans-3-Methyl norfentanyl_POS,plasma,MTBL,E,16.9735707016854,0.1415634533084038
p4133_POS,p4133_POS,plasma,MTBL,E,13.394607682364397,0.41109641171512656
p3222_POS,p3222_POS,plasma,MTBL,E,19.126328797920845,0.23153983910114562
p5215_POS,p5215_POS,plasma,MTBL,E,15.512850271587508,0.13805173793810788
p187_POS,p187_POS,plasma,MTBL,E,24.9694857733906,0.13278068052998293
n3638_NEG,n3638_NEG,plasma,MTBL,E,16.195970504754875,0.051527211614388335
p2126_POS,p2126_POS,plasma,MTBL,E,18.151601863689056,0.19298305584769437
p2409_POS,p2409_POS,plasma,MTBL,E,19.64562822537688,0.10039794658380785
p2957_POS,p2957_POS,plasma,MTBL,E,13.271948961810956,0.7393433172477568
p3922_POS,p3922_POS,plasma,MTBL,E,13.622994457359416,0.14553587359087317
3-Hydroxybupivicaine_POS,3-Hydroxybupivicaine_POS,plasma,MTBL,E,13.437714613517397,0.26249097931018817
p4009_POS,p4009_POS,plasma,MTBL,E,15.305679104232762,0.603197245123452
p1123_POS,p1123_POS,plasma,MTBL,E,12.923665514780684,0.4371911936727191
n2917_NEG,n2917_NEG,plasma,MTBL,E,12.647131668000892,0.08225825054694624
Asparagine_POS,Asparagine_POS,plasma,MTBL,E,21.94882752297056,0.37146388614628023
p1892_POS,p1892_POS,plasma,MTBL,E,19.70841010397652,0.18011819262460804
p3793_POS,p3793_POS,plasma,MTBL,E,16.2066761685786,0.26660358059482725
n651_NEG,n651_NEG,plasma,MTBL,E,21.980283945472227,0.05964518615516923
p1507_POS,p1507_POS,plasma,MTBL,E,20.721536071062463,0.18617671809018077
Rigidiusculamide A_POS,Rigidiusculamide A_POS,plasma,MTBL,E,12.862049015542846,0.25971756819307856
"2-(2,6-dimethoxyphenyl)-5,6-dimethoxy-4H-chromen-4-one_POS","2-(2,6-dimethoxyphenyl)-5,6-dimethoxy-4H-chromen-4-one_POS",plasma,MTBL,E,14.854781301135183,1.3860399495168547
p2634_POS,p2634_POS,plasma,MTBL,E,20.34913027823935,0.27462568109742946
n3543_NEG,n3543_NEG,plasma,MTBL,E,12.030232204720676,0.0639827361704004
p3344_POS,p3344_POS,plasma,MTBL,E,17.56257788867236,0.20400778478773063
p3870_POS,p3870_POS,plasma,MTBL,E,16.306814392521627,0.4523929785697405
Validoxylamine G_POS,Validoxylamine G_POS,plasma,MTBL,E,13.703715072995982,0.11507175645052392
2-Aminothiazole_POS,2-Aminothiazole_POS,plasma,MTBL,E,11.971854961313468,0.028366246048971533
p3474_POS,p3474_POS,plasma,MTBL,E,12.178909625277193,0.1192322931968306
n2275_NEG,n2275_NEG,plasma,MTBL,E,13.572275824669724,0.08835861734613992
n1974_NEG,n1974_NEG,plasma,MTBL,E,17.423425119249682,0.1725845940071693
n1114_NEG,n1114_NEG,plasma,MTBL,E,19.9284564406662,0.2792637056901768
p1817_POS,p1817_POS,plasma,MTBL,E,20.32743721672143,0.10429549175136543
p1436_POS,p1436_POS,plasma,MTBL,E,21.918783091618295,0.3216549112670428
n2282_NEG,n2282_NEG,plasma,MTBL,E,17.679457120738935,0.35654520636363785
p1887_POS,p1887_POS,plasma,MTBL,E,19.9374023095208,0.40466295732205637
(5R)-5-Hydroxyhexanoic acid_POS,(5R)-5-Hydroxyhexanoic acid_POS,plasma,MTBL,E,12.33698886162332,0.09567288067226976
n2187_NEG,n2187_NEG,plasma,MTBL,E,17.46341661758804,0.19212434784755672
n2444_NEG,n2444_NEG,plasma,MTBL,E,18.677440779273393,0.16160438660428866
p2597_POS,p2597_POS,plasma,MTBL,E,19.40582286396842,0.1478671126259954
p2958_POS,p2958_POS,plasma,MTBL,E,13.066413340895734,0.725670050594097
p3129_POS,p3129_POS,plasma,MTBL,E,18.1202648369914,0.4101350489898401
n2439_NEG,n2439_NEG,plasma,MTBL,E,18.930690496715098,0.12856165589595392
p3258_POS,p3258_POS,plasma,MTBL,E,19.05977400045093,0.16500326937039134
p5042_POS,p5042_POS,plasma,MTBL,E,13.258130673904924,0.1597752198919018
p294_POS,p294_POS,plasma,MTBL,E,23.98384806147939,0.1422490593805037
p2049_POS,p2049_POS,plasma,MTBL,E,15.836205218556431,0.4148022070773614
p5532_POS,p5532_POS,plasma,MTBL,E,13.012242576813351,0.2685359187835914
D3-Alanine_POS,D3-Alanine_POS,plasma,MTBL,E,22.157604888860742,0.10155013513978872
n2059_NEG,n2059_NEG,plasma,MTBL,E,18.841693371520865,0.3364025743619834
p2665_POS,p2665_POS,plasma,MTBL,E,17.884712326195366,0.18225055928006384
p1044_POS,p1044_POS,plasma,MTBL,E,21.12758924272442,0.14931237228567795
N'-Hydroxy-4-pentylbenzenecarboximidamide_POS,N'-Hydroxy-4-pentylbenzenecarboximidamide_POS,plasma,MTBL,E,14.66466600621738,0.21496624057079572
Acetylcholine_POS,Acetylcholine_POS,plasma,MTBL,E,20.06136816831643,0.16941968055260048
n2815_NEG,n2815_NEG,plasma,MTBL,E,16.641329059691547,0.687106894102044
p3534_POS,p3534_POS,plasma,MTBL,E,17.38488319207072,0.4483280051439671
p5011_POS,p5011_POS,plasma,MTBL,E,13.571919703435247,0.09504495137650792
p28_POS,p28_POS,plasma,MTBL,E,27.13120350291095,0.12800489628616418
p502_POS,p502_POS,plasma,MTBL,E,23.248396502422743,0.11192741610071977
p983_POS,p983_POS,plasma,MTBL,E,19.61039810996744,0.3082147505695012
p3963_POS,p3963_POS,plasma,MTBL,E,15.671203090249875,0.3381069310687721
p917_POS,p917_POS,plasma,MTBL,E,23.253839523008853,0.18675141024733222
4-Hydroxybenzotriazole_POS,4-Hydroxybenzotriazole_POS,plasma,MTBL,E,22.93286255812719,0.11355491872338774
n406_NEG,n406_NEG,plasma,MTBL,E,21.8224711278315,0.16432820706417317
n3935_NEG,n3935_NEG,plasma,MTBL,E,8.45251481362475,0.08774219100980041
n991_NEG,n991_NEG,plasma,MTBL,E,18.068149116821665,0.1256403075916488
Cysteineglutathione disulfide_POS,Cysteineglutathione disulfide_POS,plasma,MTBL,E,19.055213577548223,0.2335798765021906
n2674_NEG,n2674_NEG,plasma,MTBL,E,18.484690348288648,0.1731545697698067
p149_POS,p149_POS,plasma,MTBL,E,25.080030621369556,0.1166253353898874
n3100_NEG,n3100_NEG,plasma,MTBL,E,18.14057812336193,0.17119627963178985
p2332_POS,p2332_POS,plasma,MTBL,E,15.366928101623332,0.30545717223289337
p5291_POS,p5291_POS,plasma,MTBL,E,9.426185638389134,0.03158501153162163
"2,3,5-Hexanetrione_POS","2,3,5-Hexanetrione_POS",plasma,MTBL,E,12.64526254598199,0.11574842047423317
n2382_NEG,n2382_NEG,plasma,MTBL,E,19.08763214349663,0.2987383288988319
n2856_NEG,n2856_NEG,plasma,MTBL,E,17.549847622671244,0.24129030576385446
p901_POS,p901_POS,plasma,MTBL,E,19.912484052763897,0.22153131209115884
p4590_POS,p4590_POS,plasma,MTBL,E,15.053386686246212,0.2481647940179652
p767_POS,p767_POS,plasma,MTBL,E,21.970273461855744,0.15567948167429435
p1256_POS,p1256_POS,plasma,MTBL,E,15.158808426451069,0.1840848198700744
p874_POS,p874_POS,plasma,MTBL,E,22.618360012932783,0.2520737195338718
p5538_POS,p5538_POS,plasma,MTBL,E,16.184588413454357,0.15720231314368505
p3356_POS,p3356_POS,plasma,MTBL,E,18.987557310668493,0.2794543844510642
p3359_POS,p3359_POS,plasma,MTBL,E,14.9790647515645,0.1972896719848496
p5548_POS,p5548_POS,plasma,MTBL,E,12.952949720699545,0.296215106212836
Bicine_NEG,Bicine_NEG,plasma,MTBL,E,16.30553172101419,0.19111075309461611
p2988_POS,p2988_POS,plasma,MTBL,E,15.950413548675188,0.14449881856845614
p754_POS,p754_POS,plasma,MTBL,E,21.45615660808908,0.20825471265045437
p2098_POS,p2098_POS,plasma,MTBL,E,14.348894928928726,0.2876247498876978
p443_POS,p443_POS,plasma,MTBL,E,20.90466811746394,0.27778818022579443
p5301_POS,p5301_POS,plasma,MTBL,E,13.028445849690502,0.15637129234508151
p3247_POS,p3247_POS,plasma,MTBL,E,15.058410572921389,0.32034374093689166
n2578_NEG,n2578_NEG,plasma,MTBL,E,15.981627029233572,0.242124639104901
Linustatin_POS,Linustatin_POS,plasma,MTBL,E,13.624832543655558,0.18914125948293403
(E)-3-Tosylacrylonitrile_NEG,(E)-3-Tosylacrylonitrile_NEG,plasma,MTBL,E,12.341869053429392,0.03438848839622821
p3286_POS,p3286_POS,plasma,MTBL,E,20.223672878594336,0.09377323982097607
p3538_POS,p3538_POS,plasma,MTBL,E,14.132843811226095,0.23224402630005336
Medicoside L_POS,Medicoside L_POS,plasma,MTBL,E,15.708459793340312,0.3384051990221142
n1929_NEG,n1929_NEG,plasma,MTBL,E,19.673829797922473,0.11269762342771728
p3416_POS,p3416_POS,plasma,MTBL,E,13.275704215031714,0.2785072877930901
p5315_POS,p5315_POS,plasma,MTBL,E,11.848394394933573,0.10078431129345944
n195_NEG,n195_NEG,plasma,MTBL,E,25.06834688398375,0.06901990812599479
p4438_POS,p4438_POS,plasma,MTBL,E,12.881480929138004,0.21850863460813663
p4163_POS,p4163_POS,plasma,MTBL,E,14.509732420507612,0.21538705945583558
p1607_POS,p1607_POS,plasma,MTBL,E,20.6042077443462,0.15306112439338548
p2852_POS,p2852_POS,plasma,MTBL,E,12.107955529331456,0.07823301383503356
N-Desmethyltramadol_POS,N-Desmethyltramadol_POS,plasma,MTBL,E,14.936349195690577,0.06763112449722897
p1517_POS,p1517_POS,plasma,MTBL,E,19.445739073362542,0.1666484705907152
"(2R)-2,3-Dihydroxypropanoic acid_NEG","(2R)-2,3-Dihydroxypropanoic acid_NEG",plasma,MTBL,E,19.349836436441393,0.21507903648934246
n3023_NEG,n3023_NEG,plasma,MTBL,E,17.13617220105194,0.04755302136784678
p3050_POS,p3050_POS,plasma,MTBL,E,15.47036199211518,0.33472224333123
p2421_POS,p2421_POS,plasma,MTBL,E,15.574436326535563,0.26730841555345286
n1223_NEG,n1223_NEG,plasma,MTBL,E,18.78454296000334,0.5893951229368888
p268_POS,p268_POS,plasma,MTBL,E,22.678835561034205,0.16808247916706875
p1408_POS,p1408_POS,plasma,MTBL,E,20.88508061786747,0.3472772752717077
p238_POS,p238_POS,plasma,MTBL,E,23.19652810646578,0.26099720109658264
5-Oxozaleplon_POS,5-Oxozaleplon_POS,plasma,MTBL,E,12.388920550968892,0.05847612308133954
p4161_POS,p4161_POS,plasma,MTBL,E,18.49429312228617,0.20066441566988757
Nα-{[(2R)-1-(4-morpholinylcarbonyl)-2-piperazinyl]carbonyl}-D-tryptophanamide_POS,Nα-{[(2R)-1-(4-morpholinylcarbonyl)-2-piperazinyl]carbonyl}-D-tryptophanamide_POS,plasma,MTBL,E,13.038480095192794,0.09598155084388615
(2-Ethylcrotonoyl)urea_POS,(2-Ethylcrotonoyl)urea_POS,plasma,MTBL,E,17.066021705566847,0.24046473368217747
p2160_POS,p2160_POS,plasma,MTBL,E,20.33142259193685,0.07884319536616147
p2339_POS,p2339_POS,plasma,MTBL,E,20.671458356609374,0.09075678663296571
p3398_POS,p3398_POS,plasma,MTBL,E,13.898514089225849,0.09172276789783318
p15_POS,p15_POS,plasma,MTBL,E,28.42934248490476,0.10971889261511691
n1537_NEG,n1537_NEG,plasma,MTBL,E,20.23891856594675,0.11028963492882937
Methyl dioxindole-3-acetate_POS,Methyl dioxindole-3-acetate_POS,plasma,MTBL,E,13.528962372980226,0.10488273563924544
7-Hydroxygliclazide_POS,7-Hydroxygliclazide_POS,plasma,MTBL,E,13.057603316519351,0.06228433032990388
n317_NEG,n317_NEG,plasma,MTBL,E,23.452517517890215,0.062441108276615864
n843_NEG,n843_NEG,plasma,MTBL,E,21.745202800488293,0.08334904338519777
p5478_POS,p5478_POS,plasma,MTBL,E,13.358759102015924,0.3298123411581404
n3546_NEG,n3546_NEG,plasma,MTBL,E,16.858079054681387,0.3371675373869465
n417_NEG,n417_NEG,plasma,MTBL,E,23.23345502779508,0.09181901161177919
p3293_POS,p3293_POS,plasma,MTBL,E,15.606987234746724,0.19579761281737085
(x)-2-Heptanol glucoside_POS,(x)-2-Heptanol glucoside_POS,plasma,MTBL,E,19.201252494446376,0.13013952852695354
p3163_POS,p3163_POS,plasma,MTBL,E,15.852789278939031,0.4227054248680737
N-Acetyldopamine_POS,N-Acetyldopamine_POS,plasma,MTBL,E,14.17301309726937,0.14093511992103025
p1416_POS,p1416_POS,plasma,MTBL,E,21.18683644264944,0.19665592909222696
"1-(Hydroxymethyl)-5,5-dimethyl-2,4-imidazolidinedione_POS","1-(Hydroxymethyl)-5,5-dimethyl-2,4-imidazolidinedione_POS",plasma,MTBL,E,24.7753910722068,0.25405989964756515
p4147_POS,p4147_POS,plasma,MTBL,E,17.99576784066131,0.11025942678349665
n3634_NEG,n3634_NEG,plasma,MTBL,E,9.237873527146316,0.09502287820504662
p3920_POS,p3920_POS,plasma,MTBL,E,15.64268100689125,0.17892754742033468
p2544_POS,p2544_POS,plasma,MTBL,E,16.97523849075321,0.6329081403397936
p5353_POS,p5353_POS,plasma,MTBL,E,12.684873840395618,0.12507057275317912
p2797_POS,p2797_POS,plasma,MTBL,E,19.124623688309423,0.42589271970660647
Tetraethylene glycol_POS,Tetraethylene glycol_POS,plasma,MTBL,E,25.79707705292903,0.03332934653779773
PC(24:0/6 keto-PGF1alpha)_POS,PC(24:0/6 keto-PGF1alpha)_POS,plasma,MTBL,E,20.423015458484315,0.08361222396325729
n3897_NEG,n3897_NEG,plasma,MTBL,E,10.262572517632549,0.054422813653170365
Morpholine_POS,Morpholine_POS,plasma,MTBL,E,24.864095703390852,0.17000527263840937
p1548_POS,p1548_POS,plasma,MTBL,E,19.897646642857715,0.17662407610065145
p2108_POS,p2108_POS,plasma,MTBL,E,19.139301545907564,0.3051390913763221
n1534_NEG,n1534_NEG,plasma,MTBL,E,16.651229944964758,0.17346250040510824
n2741_NEG,n2741_NEG,plasma,MTBL,E,14.8633405345181,0.4711565611039994
Dextromethorphan hydrobromide_POS,Dextromethorphan hydrobromide_POS,plasma,MTBL,E,13.884121886394468,0.15167144667867483
p2793_POS,p2793_POS,plasma,MTBL,E,15.58681776233363,0.37100587056520595
n587_NEG,n587_NEG,plasma,MTBL,E,21.831842696138256,0.14322312501453283
n2676_NEG,n2676_NEG,plasma,MTBL,E,17.727561176439142,0.18718757464922575
p449_POS,p449_POS,plasma,MTBL,E,23.145017758781137,0.1534244892500034
p685_POS,p685_POS,plasma,MTBL,E,23.34015849340533,0.15317491895087088
n1757_NEG,n1757_NEG,plasma,MTBL,E,19.30430737601571,0.12140902347824323
"L-2,4-Diaminobutyric acid_POS","L-2,4-Diaminobutyric acid_POS",plasma,MTBL,E,25.83098709210664,0.3103443261757697
p1396_POS,p1396_POS,plasma,MTBL,E,20.357672561778777,0.3505744654687746
n2033_NEG,n2033_NEG,plasma,MTBL,E,19.131072557845073,0.14973174218315322
p4629_POS,p4629_POS,plasma,MTBL,E,12.34286115699146,0.23370111860423037
p4917_POS,p4917_POS,plasma,MTBL,E,16.678324893874517,0.15632351869464145
p5214_POS,p5214_POS,plasma,MTBL,E,13.072633626295827,0.189625389489807
p5772_POS,p5772_POS,plasma,MTBL,E,11.995988531210326,0.17963959721283373
p1550_POS,p1550_POS,plasma,MTBL,E,11.85337032292928,0.0655198487719666
p3377_POS,p3377_POS,plasma,MTBL,E,18.345359787164355,0.18964815073338315
n3338_NEG,n3338_NEG,plasma,MTBL,E,14.129528135897845,0.29817926460728117
n2618_NEG,n2618_NEG,plasma,MTBL,E,18.371409555634873,0.20159582621282368
p2053_POS,p2053_POS,plasma,MTBL,E,15.836272252476904,0.4148022070773649
p454_POS,p454_POS,plasma,MTBL,E,22.063660773353035,0.22532179571960143
Propyliodone_POS,Propyliodone_POS,plasma,MTBL,E,14.737584982620032,0.26484515268086994
n3062_NEG,n3062_NEG,plasma,MTBL,E,12.602902905963122,0.10189800701414953
(Z)-4-Heptenal_POS,(Z)-4-Heptenal_POS,plasma,MTBL,E,15.764637226080596,0.25486852340657684
n2746_NEG,n2746_NEG,plasma,MTBL,E,12.779595912510445,0.16868815263675963
Dihydrothymine_NEG,Dihydrothymine_NEG,plasma,MTBL,E,17.95683582467993,0.23838652930977844
n250_NEG,n250_NEG,plasma,MTBL,E,24.045072220798748,0.16390461899072406
2-Hydroxy-3-methylpentanoic acid_POS,2-Hydroxy-3-methylpentanoic acid_POS,plasma,MTBL,E,19.25577795817935,0.08492440209271024
gamma-Glutamyl-beta-aminopropiononitrile_POS,gamma-Glutamyl-beta-aminopropiononitrile_POS,plasma,MTBL,E,18.251255853591644,0.12705819348446568
n2664_NEG,n2664_NEG,plasma,MTBL,E,18.606582035032623,0.09141437630401583
p4413_POS,p4413_POS,plasma,MTBL,E,14.342191348626352,0.3265927133903759
p4868_POS,p4868_POS,plasma,MTBL,E,15.96053907176024,0.4475733616873274
n2370_NEG,n2370_NEG,plasma,MTBL,E,18.310385353797543,0.17351688890486372
p962_POS,p962_POS,plasma,MTBL,E,19.67096616842492,0.28725124378642164
p2808_POS,p2808_POS,plasma,MTBL,E,20.722112876403692,0.08867048974057568
p722_POS,p722_POS,plasma,MTBL,E,22.483209963164946,0.178025635620795
L-Threonine_POS,L-Threonine_POS,plasma,MTBL,E,24.63952533336283,0.2815286900453664
"(2R,3R,4R)-2-Amino-4-hydroxy-3-methylpentanoic acid_POS","(2R,3R,4R)-2-Amino-4-hydroxy-3-methylpentanoic acid_POS",plasma,MTBL,E,22.49267983835485,0.24710276774914774
Acetohydroxamic acid_POS,Acetohydroxamic acid_POS,plasma,MTBL,E,21.900130440404432,0.2830525045271344
p2750_POS,p2750_POS,plasma,MTBL,E,12.294378959372391,0.08485712365933296
p1308_POS,p1308_POS,plasma,MTBL,E,19.986708859034923,0.5265424090906237
p4739_POS,p4739_POS,plasma,MTBL,E,13.307160062159092,0.1441815135755924
p5542_POS,p5542_POS,plasma,MTBL,E,12.19514911929432,0.07289599917972467
D3-Lactate-ISTD_NEG,D3-Lactate-ISTD_NEG,plasma,MTBL,E,21.186841531418622,0.06260009676295297
"4-(3-Methyl-1-butenyl)-3,3',4',5-tetrahydroxystilbene_NEG","4-(3-Methyl-1-butenyl)-3,3',4',5-tetrahydroxystilbene_NEG",plasma,MTBL,E,16.433373743546188,0.37881298125106255
p3014_POS,p3014_POS,plasma,MTBL,E,19.22920898677394,0.20927191043803006
p1506_POS,p1506_POS,plasma,MTBL,E,19.83816944436652,0.24320658084621982
Barbital_POS,Barbital_POS,plasma,MTBL,E,13.68105377235164,1.1702723565894537
p3019_POS,p3019_POS,plasma,MTBL,E,12.791947700268382,0.4785421514780914
p2993_POS,p2993_POS,plasma,MTBL,E,15.85525463137327,0.14696568643818964
n3332_NEG,n3332_NEG,plasma,MTBL,E,16.715060220642307,0.30971566648637605
p1734_POS,p1734_POS,plasma,MTBL,E,16.126258738912156,0.3547617752308181
Cefalexin_POS,Cefalexin_POS,plasma,MTBL,E,13.090305082778556,0.0606451766621543
p316_POS,p316_POS,plasma,MTBL,E,21.09440512892142,0.13464171249099266
p3493_POS,p3493_POS,plasma,MTBL,E,14.028904091948036,0.04037131102278835
p4154_POS,p4154_POS,plasma,MTBL,E,18.264585491800936,0.14495016274074501
"4-cyclopropyl-5-sulfanyl-4H-1,2,4-triazol-3-ol_POS","4-cyclopropyl-5-sulfanyl-4H-1,2,4-triazol-3-ol_POS",plasma,MTBL,E,16.30902424622021,0.3455820910534939
n2640_NEG,n2640_NEG,plasma,MTBL,E,16.071026597936967,0.3116710806472156
p4657_POS,p4657_POS,plasma,MTBL,E,13.90406895199092,0.13133812449745186
p1099_POS,p1099_POS,plasma,MTBL,E,19.920120449667127,0.3119101985439414
p3509_POS,p3509_POS,plasma,MTBL,E,14.380180750367868,0.22944990756077566
p2333_POS,p2333_POS,plasma,MTBL,E,14.901235303717394,0.3440665923579811
p1438_POS,p1438_POS,plasma,MTBL,E,21.9724376929604,0.34811405045242694
"1-Phenylheptane-1,5-dione_POS","1-Phenylheptane-1,5-dione_POS",plasma,MTBL,E,13.404391308944517,0.0804166335165899
p5285_POS,p5285_POS,plasma,MTBL,E,15.548186104985673,0.1744335764041285
p2022_POS,p2022_POS,plasma,MTBL,E,18.730024159182623,0.7069754457237956
p2904_POS,p2904_POS,plasma,MTBL,E,19.097560880164647,0.2596638446173003
p3937_POS,p3937_POS,plasma,MTBL,E,18.10248529453595,0.19080769500213535
p1075_POS,p1075_POS,plasma,MTBL,E,21.68860896868896,0.3425247177342925
n2369_NEG,n2369_NEG,plasma,MTBL,E,18.310385353797543,0.17351688890486372
p2934_POS,p2934_POS,plasma,MTBL,E,17.47259635315154,0.3439244789430269
p4505_POS,p4505_POS,plasma,MTBL,E,14.102122108187402,0.1989458662243777
Methoxyphenamine_POS,Methoxyphenamine_POS,plasma,MTBL,E,15.959058596737208,0.07386321622778524
p3785_POS,p3785_POS,plasma,MTBL,E,17.556956841452337,0.3088138144914936
p766_POS,p766_POS,plasma,MTBL,E,21.89153012918768,0.18636897159320043
p3593_POS,p3593_POS,plasma,MTBL,E,18.636472359465984,0.33625196922594114
5-Methylquinoxaline_POS,5-Methylquinoxaline_POS,plasma,MTBL,E,20.35164925586516,0.1834861801829888
n2643_NEG,n2643_NEG,plasma,MTBL,E,18.61484572027397,0.21042361193788395
p3078_POS,p3078_POS,plasma,MTBL,E,19.45738146606212,0.18123584581625707
Taxifolin_POS,Taxifolin_POS,plasma,MTBL,E,13.494844217157915,0.29358752214259454
4'-Fluoro-pyrrolidinohexanophenone_POS,4'-Fluoro-pyrrolidinohexanophenone_POS,plasma,MTBL,E,13.663847797024497,0.20619896297667317
p236_POS,p236_POS,plasma,MTBL,E,23.68504060772267,0.20747696617411293
p3750_POS,p3750_POS,plasma,MTBL,E,18.586281320543,0.40970996173137664
p3133_POS,p3133_POS,plasma,MTBL,E,19.061707094977592,0.3220298317462351
p435_POS,p435_POS,plasma,MTBL,E,23.110259767286525,0.10771110208132129
n899_NEG,n899_NEG,plasma,MTBL,E,19.44628032812148,0.21725014716798796
Diisopropylphosphate_NEG,Diisopropylphosphate_NEG,plasma,MTBL,E,18.084533116110546,0.1348302319105521
p4598_POS,p4598_POS,plasma,MTBL,E,13.126368082877164,0.03894351912189542
p297_POS,p297_POS,plasma,MTBL,E,24.20284738731058,0.0905571461998882
n2089_NEG,n2089_NEG,plasma,MTBL,E,18.031871294501467,0.12372364379325518
Laxaphycin E_POS,Laxaphycin E_POS,plasma,MTBL,E,20.175209158554587,0.3404886735937822
p293_POS,p293_POS,plasma,MTBL,E,23.98384806147939,0.1422490593805037
p1065_POS,p1065_POS,plasma,MTBL,E,22.66480667815043,0.11994288353936255
n802_NEG,n802_NEG,plasma,MTBL,E,19.527734313229093,0.22416980422570632
L-Glutamine_POS,L-Glutamine_POS,plasma,MTBL,E,25.954498589112845,0.3263455096263037
p2492_POS,p2492_POS,plasma,MTBL,E,19.829105060984908,0.46107613740331743
Trinitrosotrimethylenetriamine_POS,Trinitrosotrimethylenetriamine_POS,plasma,MTBL,E,17.660508620965963,0.18467250494137488
(9E)-10-nitrooctadecenoic Acid_POS,(9E)-10-nitrooctadecenoic Acid_POS,plasma,MTBL,E,17.711086946678684,0.20037656144657845
Ethyl 3-hydroxydodecanoate_POS,Ethyl 3-hydroxydodecanoate_POS,plasma,MTBL,E,14.22089084434965,0.2243777753518703
p4134_POS,p4134_POS,plasma,MTBL,E,14.319920593388929,0.48244084239170526
n1528_NEG,n1528_NEG,plasma,MTBL,E,21.248141740255303,0.3474980413470732
2-Naphthylaminomethyl-gamma-aminobutyric acid_POS,2-Naphthylaminomethyl-gamma-aminobutyric acid_POS,plasma,MTBL,E,13.303255016648734,0.1686907072408097
methyl isoquinoline-3-carboxylate_POS,methyl isoquinoline-3-carboxylate_POS,plasma,MTBL,E,18.4607690449732,0.17677221914093977
n2682_NEG,n2682_NEG,plasma,MTBL,E,15.568392998576147,0.0660908619665026
n234_NEG,n234_NEG,plasma,MTBL,E,21.030148027915963,0.29811591846523555
p3458_POS,p3458_POS,plasma,MTBL,E,15.593625192652434,0.3533957423194547
n2734_NEG,n2734_NEG,plasma,MTBL,E,18.62466475123775,0.17010825565849785
"N,N-Didesmethylvenlafaxine_POS","N,N-Didesmethylvenlafaxine_POS",plasma,MTBL,E,14.91916015025573,0.07919704914356096
L-beta-aspartyl-L-alanine_POS,L-beta-aspartyl-L-alanine_POS,plasma,MTBL,E,15.881868019955576,0.7532844098198392
p3798_POS,p3798_POS,plasma,MTBL,E,13.206409780773622,0.06544913364956706
p464_POS,p464_POS,plasma,MTBL,E,23.409294373577776,0.10380981524637889
1-Hydroxybenzotriazol_POS,1-Hydroxybenzotriazol_POS,plasma,MTBL,E,20.552232556948564,0.19373070084002464
p3951_POS,p3951_POS,plasma,MTBL,E,16.17957985446395,0.3671265514098536
p1465_POS,p1465_POS,plasma,MTBL,E,21.096173690857523,0.1812004064933106
n893_NEG,n893_NEG,plasma,MTBL,E,21.930190503856288,0.07234127888349917
n1280_NEG,n1280_NEG,plasma,MTBL,E,20.307064702209424,0.11714587984324609
p1362_POS,p1362_POS,plasma,MTBL,E,22.2197722482244,0.24806406505032186
p3838_POS,p3838_POS,plasma,MTBL,E,14.489919026748504,0.2966299804238819
n3204_NEG,n3204_NEG,plasma,MTBL,E,15.635942955808138,0.06547549201746605
Meperidine_POS,Meperidine_POS,plasma,MTBL,E,13.284120138176377,0.20373190806764896
Glutaminylglutamine_POS,Glutaminylglutamine_POS,plasma,MTBL,E,13.573714649528346,0.06225259793144566
p4360_POS,p4360_POS,plasma,MTBL,E,18.48349490491764,0.3818266405404849
N-Lactoylleucine_POS,N-Lactoylleucine_POS,plasma,MTBL,E,21.542534078344232,0.33090051914943075
p1659_POS,p1659_POS,plasma,MTBL,E,21.713759054823143,0.1565789210706825
p5049_POS,p5049_POS,plasma,MTBL,E,17.127534708918972,0.4402589325273851
p2858_POS,p2858_POS,plasma,MTBL,E,19.829763598248142,0.24984732683190103
n3417_NEG,n3417_NEG,plasma,MTBL,E,13.2356086664716,0.17239540633388017
n233_NEG,n233_NEG,plasma,MTBL,E,21.002100474833952,0.15871575743045696
n2116_NEG,n2116_NEG,plasma,MTBL,E,18.23849166890864,0.16821142323679084
p250_POS,p250_POS,plasma,MTBL,E,25.17818604864781,0.15448641841179622
[Similar to: L-Threonic acid; ΔMass: 67.9747 Da]_NEG,[Similar to: L-Threonic acid; ΔMass: 67.9747 Da]_NEG,plasma,MTBL,E,17.89383337900008,0.12245959403815121
[Similar to: L-Threonic acid; ΔMass: 112.0010 Da]_NEG,[Similar to: L-Threonic acid; ΔMass: 112.0010 Da]_NEG,plasma,MTBL,E,17.43711681622343,0.10667197340685775
n3606_NEG,n3606_NEG,plasma,MTBL,E,12.448235428967072,0.07664248675097518
p5693_POS,p5693_POS,plasma,MTBL,E,11.876802353034943,0.15483735679120514
p1805_POS,p1805_POS,plasma,MTBL,E,16.996918571692337,0.21382092270988906
p700_POS,p700_POS,plasma,MTBL,E,21.40237872154599,0.2273722736582151
n1365_NEG,n1365_NEG,plasma,MTBL,E,20.43550711981684,0.1454531580194356
p5408_POS,p5408_POS,plasma,MTBL,E,16.255145923224834,0.15594868587166033
n682_NEG,n682_NEG,plasma,MTBL,E,14.513720342686034,0.08394032181522526
n3565_NEG,n3565_NEG,plasma,MTBL,E,12.10066812544415,0.0716518822544785
p2130_POS,p2130_POS,plasma,MTBL,E,18.59879057060409,0.1891767926285084
p1813_POS,p1813_POS,plasma,MTBL,E,19.230048650569724,0.10042548376978289
1-Methoxy-1H-indole-3-acetonitrile_POS,1-Methoxy-1H-indole-3-acetonitrile_POS,plasma,MTBL,E,15.337212812194116,0.10312708962342931
p944_POS,p944_POS,plasma,MTBL,E,16.677367811814555,0.20516931955260986
p4647_POS,p4647_POS,plasma,MTBL,E,14.748352328577957,0.36538888899905686
p4462_POS,p4462_POS,plasma,MTBL,E,14.455395530693275,0.23006624632350103
p480_POS,p480_POS,plasma,MTBL,E,23.589799085683406,0.2017897599522449
2-(methylthio)-4-(3-pyridyl)pyrimidine_POS,2-(methylthio)-4-(3-pyridyl)pyrimidine_POS,plasma,MTBL,E,23.065225367372516,0.14714047484388715
p2452_POS,p2452_POS,plasma,MTBL,E,17.785291926763428,0.3776552527606256
p839_POS,p839_POS,plasma,MTBL,E,17.870059247699977,0.10562478333184089
p5539_POS,p5539_POS,plasma,MTBL,E,13.308097219574185,0.30082157497980155
p1187_POS,p1187_POS,plasma,MTBL,E,19.49343265108049,0.19369819122058018
p741_POS,p741_POS,plasma,MTBL,E,23.108882365606384,0.1728500522941232
p2300_POS,p2300_POS,plasma,MTBL,E,18.81330405335911,0.10363620760961467
p1920_POS,p1920_POS,plasma,MTBL,E,18.420219255193615,0.2385750213925384
p1351_POS,p1351_POS,plasma,MTBL,E,20.35242123831131,0.4374753976908572
p2423_POS,p2423_POS,plasma,MTBL,E,15.656106336905015,0.2673084155534511
p1606_POS,p1606_POS,plasma,MTBL,E,18.09545109159708,0.1717770671404324
Nalidixic Acid_NEG,Nalidixic Acid_NEG,plasma,MTBL,E,12.493024735506133,0.054670940817835856
p4902_POS,p4902_POS,plasma,MTBL,E,14.515846379300184,0.5276097274860501
p5773_POS,p5773_POS,plasma,MTBL,E,13.057284670409276,0.06409041416202754
p1859_POS,p1859_POS,plasma,MTBL,E,20.115653988445946,0.14597638749233255
Citrulline_NEG,Citrulline_NEG,plasma,MTBL,E,20.88780253234414,0.26384660278731786
p3205_POS,p3205_POS,plasma,MTBL,E,19.172081413499697,0.23861096017280659
n1356_NEG,n1356_NEG,plasma,MTBL,E,19.83236238545209,0.26395220619838256
Ethyl 4-(2-methoxyphenyl)piperazine-1-carboxylate_POS,Ethyl 4-(2-methoxyphenyl)piperazine-1-carboxylate_POS,plasma,MTBL,E,13.372124365374765,0.22584767314305587
p5097_POS,p5097_POS,plasma,MTBL,E,13.750833075567993,0.2984822895444683
p1491_POS,p1491_POS,plasma,MTBL,E,21.93435713396744,0.2568075168028585
p1222_POS,p1222_POS,plasma,MTBL,E,19.929359116627456,0.18974901703388625
p3965_POS,p3965_POS,plasma,MTBL,E,18.337808910958195,0.3215215672585643
p1262_POS,p1262_POS,plasma,MTBL,E,14.687561552261588,0.12906397707444484
acutumidine_POS,acutumidine_POS,plasma,MTBL,E,21.335807033684627,0.3906599900716543
p1046_POS,p1046_POS,plasma,MTBL,E,21.12270674825039,0.14444053103131438
n2058_NEG,n2058_NEG,plasma,MTBL,E,18.842015631716613,0.32931163243265615
n3217_NEG,n3217_NEG,plasma,MTBL,E,16.628354159716178,0.23274935784227324
p2965_POS,p2965_POS,plasma,MTBL,E,12.958304904730364,0.3447595809236361
n3391_NEG,n3391_NEG,plasma,MTBL,E,14.196605646992433,0.06316722974578681
n2492_NEG,n2492_NEG,plasma,MTBL,E,18.001042741716333,0.19191406867465943
n3887_NEG,n3887_NEG,plasma,MTBL,E,10.34963088541676,0.07207283434415146
n3575_NEG,n3575_NEG,plasma,MTBL,E,15.969930435785528,0.295459373304773
p1208_POS,p1208_POS,plasma,MTBL,E,20.765410482315417,0.06846736430568967
p5170_POS,p5170_POS,plasma,MTBL,E,13.45523884230943,0.3784142985211645
p2652_POS,p2652_POS,plasma,MTBL,E,15.163565341620911,0.08612979236639084
p1657_POS,p1657_POS,plasma,MTBL,E,21.713759054823143,0.1565789210706825
p965_POS,p965_POS,plasma,MTBL,E,22.731403007137143,0.15828042478624127
p5372_POS,p5372_POS,plasma,MTBL,E,15.759691455793453,0.12755901524205981
(S)-3-[(Cyanophenylmethyl)amino]-3-oxopropanoic acid_POS,(S)-3-[(Cyanophenylmethyl)amino]-3-oxopropanoic acid_POS,plasma,MTBL,E,23.20322673110049,0.19559730880301274
p1277_POS,p1277_POS,plasma,MTBL,E,21.23897341479873,0.254169473727611
p2870_POS,p2870_POS,plasma,MTBL,E,16.360670604141223,0.08460140876394107
p2198_POS,p2198_POS,plasma,MTBL,E,16.208326280078754,0.2521087638766808
n3140_NEG,n3140_NEG,plasma,MTBL,E,13.241568665026533,0.06890344720302899
p206_POS,p206_POS,plasma,MTBL,E,25.38749555388417,0.16942470514579
p2791_POS,p2791_POS,plasma,MTBL,E,15.312038495629498,0.3710058705652042
p3799_POS,p3799_POS,plasma,MTBL,E,13.066005639301984,0.02758680771739286
p2311_POS,p2311_POS,plasma,MTBL,E,14.243199779907394,0.20977734676402982
p4541_POS,p4541_POS,plasma,MTBL,E,12.648075806044323,0.6619593864479345
p4254_POS,p4254_POS,plasma,MTBL,E,12.33412760908328,0.08724778687218837
p1422_POS,p1422_POS,plasma,MTBL,E,21.514761958164407,0.31342868033456384
n3175_NEG,n3175_NEG,plasma,MTBL,E,12.037408345960756,0.08481869620453963
p3817_POS,p3817_POS,plasma,MTBL,E,14.841559126208796,0.1184385831033321
p5660_POS,p5660_POS,plasma,MTBL,E,10.733071623091584,0.10574763064933634
N-Cyclohexyltaurine_POS,N-Cyclohexyltaurine_POS,plasma,MTBL,E,13.25897185196056,0.055795124489279146
p3972_POS,p3972_POS,plasma,MTBL,E,16.029712177843933,0.35598177790490126
p1224_POS,p1224_POS,plasma,MTBL,E,21.58689112505837,0.2382305187539835
n1512_NEG,n1512_NEG,plasma,MTBL,E,20.41987776562845,0.2815041212203724
p1865_POS,p1865_POS,plasma,MTBL,E,19.95614451522036,0.18651550200659628
p5644_POS,p5644_POS,plasma,MTBL,E,13.628387561420212,0.33793776026974776
n1785_NEG,n1785_NEG,plasma,MTBL,E,18.569754116965616,0.19471223709519236
p1272_POS,p1272_POS,plasma,MTBL,E,22.31188236697344,0.22143102132603687
p3352_POS,p3352_POS,plasma,MTBL,E,18.810418967307807,0.15855724273732363
p2699_POS,p2699_POS,plasma,MTBL,E,16.56760484904757,0.40786963450607416
2-(Dimethylamino)acetonitrile_POS,2-(Dimethylamino)acetonitrile_POS,plasma,MTBL,E,23.201752564102847,0.1723505275774393
p2618_POS,p2618_POS,plasma,MTBL,E,12.15263841718831,0.0577514804774335
p5608_POS,p5608_POS,plasma,MTBL,E,12.746924351910964,0.2736500511467135
p1649_POS,p1649_POS,plasma,MTBL,E,19.980744097831906,0.2703749363130399
p3551_POS,p3551_POS,plasma,MTBL,E,17.92390856036658,0.21699785115003678
n3608_NEG,n3608_NEG,plasma,MTBL,E,9.784053358415708,0.060959086020529796
p504_POS,p504_POS,plasma,MTBL,E,22.381298467835123,0.2709550076282099
p2502_POS,p2502_POS,plasma,MTBL,E,20.42781873121331,0.290608334395138
p4630_POS,p4630_POS,plasma,MTBL,E,19.093757898028432,0.5001254946292093
p2205_POS,p2205_POS,plasma,MTBL,E,17.325460619171643,0.5852315925106737
NP-003117_POS,NP-003117_POS,plasma,MTBL,E,14.685108299469004,0.18205193683467158
p532_POS,p532_POS,plasma,MTBL,E,17.689469115448023,0.2297257001315316
p4990_POS,p4990_POS,plasma,MTBL,E,14.344048741353536,0.17467451288596259
p1460_POS,p1460_POS,plasma,MTBL,E,21.2008015564455,0.12088446272152709
p4605_POS,p4605_POS,plasma,MTBL,E,13.724224141040768,0.20980566475986961
2-Octenoic acid_POS,2-Octenoic acid_POS,plasma,MTBL,E,14.707414509983812,0.19878014053231574
n2407_NEG,n2407_NEG,plasma,MTBL,E,18.42545366023353,0.15362042491297956
n1763_NEG,n1763_NEG,plasma,MTBL,E,15.0561382028382,0.37532149037356355
p3541_POS,p3541_POS,plasma,MTBL,E,15.64799702863141,0.276320031092121
p4237_POS,p4237_POS,plasma,MTBL,E,15.548834736560076,0.3160502121166484
n3795_NEG,n3795_NEG,plasma,MTBL,E,13.508869469683166,0.5274690085051574
p1211_POS,p1211_POS,plasma,MTBL,E,20.803014813639823,0.07547939773504808
Cladospolide E_POS,Cladospolide E_POS,plasma,MTBL,E,15.373346015738026,0.9137881618884585
n1340_NEG,n1340_NEG,plasma,MTBL,E,20.988811847772165,0.09493599933449204
Dibenzylamine_POS,Dibenzylamine_POS,plasma,MTBL,E,19.131795013254315,0.3179928171588884
p1706_POS,p1706_POS,plasma,MTBL,E,21.65141748758024,0.11208963919553483
p325_POS,p325_POS,plasma,MTBL,E,24.036557568615464,0.26152580730312636
p3307_POS,p3307_POS,plasma,MTBL,E,15.77228844523048,0.17443357640413204
p789_POS,p789_POS,plasma,MTBL,E,20.411188946623632,0.14992112238882171
p3126_POS,p3126_POS,plasma,MTBL,E,18.87865891070148,0.2026316734455449
p832_POS,p832_POS,plasma,MTBL,E,23.010079626722145,0.24388104874491745
n3679_NEG,n3679_NEG,plasma,MTBL,E,14.209609547473615,0.24270877557764692
p1695_POS,p1695_POS,plasma,MTBL,E,13.391500610647428,0.06124475021074538
n2026_NEG,n2026_NEG,plasma,MTBL,E,18.91207859519352,0.24844724223684267
p2322_POS,p2322_POS,plasma,MTBL,E,18.9432866937498,0.5487372031143707
p1333_POS,p1333_POS,plasma,MTBL,E,15.34346330801677,0.07906655236823035
p3580_POS,p3580_POS,plasma,MTBL,E,18.98090573059767,0.2507176724443134
p4443_POS,p4443_POS,plasma,MTBL,E,14.07548305188778,0.5976513383454769
p3584_POS,p3584_POS,plasma,MTBL,E,16.300385048398585,0.4131681564138887
p5645_POS,p5645_POS,plasma,MTBL,E,12.98280922579776,0.2844643217577616
Geranylpyrrol A_POS,Geranylpyrrol A_POS,plasma,MTBL,E,13.08592331341511,0.18962538948980345
p1023_POS,p1023_POS,plasma,MTBL,E,22.57943842999384,0.18601133977112028
p3036_POS,p3036_POS,plasma,MTBL,E,18.771324003852328,0.21101236103061538
p5794_POS,p5794_POS,plasma,MTBL,E,10.924959590750412,0.11060890203807894
p3203_POS,p3203_POS,plasma,MTBL,E,19.06447545124754,0.5541406625722196
p3318_POS,p3318_POS,plasma,MTBL,E,12.138212010042476,0.09739959337273518
cis-Acetylacrylate_NEG,cis-Acetylacrylate_NEG,plasma,MTBL,E,23.30800866783867,0.08604388793953888
p2698_POS,p2698_POS,plasma,MTBL,E,16.516411279855564,0.40786963450607416
n1452_NEG,n1452_NEG,plasma,MTBL,E,17.116021859918696,0.05767696237131048
p1748_POS,p1748_POS,plasma,MTBL,E,20.17621502209121,0.23281727812053887
"3-Hydroxyadipic acid 3,6-lactone_POS","3-Hydroxyadipic acid 3,6-lactone_POS",plasma,MTBL,E,21.830115227504496,0.3643675028206772
p4693_POS,p4693_POS,plasma,MTBL,E,14.784575981863595,0.17818041427843134
p649_POS,p649_POS,plasma,MTBL,E,22.674921605959504,0.41131553217467953
p4870_POS,p4870_POS,plasma,MTBL,E,14.238784270053351,0.3943811146527896
n1683_NEG,n1683_NEG,plasma,MTBL,E,14.178100430903848,0.1045751570985729
p198_POS,p198_POS,plasma,MTBL,E,25.69918989978464,0.09379955408812535
2-Imidazolidone_POS,2-Imidazolidone_POS,plasma,MTBL,E,17.823331839276115,0.507842274482428
n3500_NEG,n3500_NEG,plasma,MTBL,E,12.370438987038488,0.049493815888073556
p1464_POS,p1464_POS,plasma,MTBL,E,21.096173690857523,0.1812004064933106
Poly THF n4_POS,Poly THF n4_POS,plasma,MTBL,E,12.7612019779987,0.0973112960198641
n1686_NEG,n1686_NEG,plasma,MTBL,E,18.753375138907224,0.18442477997602325
p241_POS,p241_POS,plasma,MTBL,E,24.48045421476454,0.09873134115663262
p359_POS,p359_POS,plasma,MTBL,E,23.639649637975836,0.22705187629790302
p4402_POS,p4402_POS,plasma,MTBL,E,14.510491375479072,0.15817105306956059
n3728_NEG,n3728_NEG,plasma,MTBL,E,11.365546119498976,0.049214785285775164
p4570_POS,p4570_POS,plasma,MTBL,E,15.50663986791595,0.16720524298255235
p1966_POS,p1966_POS,plasma,MTBL,E,17.827736039454106,0.24394133932644024
p1852_POS,p1852_POS,plasma,MTBL,E,16.96077501792271,0.11374662024908844
p3367_POS,p3367_POS,plasma,MTBL,E,19.009540466085824,0.2045320337211045
p2623_POS,p2623_POS,plasma,MTBL,E,16.455111474445474,1.238723984972248
p5177_POS,p5177_POS,plasma,MTBL,E,13.06250337379865,0.4325883088884144
"1,3,11-Tridecatriene-5,7,9-triyne_POS","1,3,11-Tridecatriene-5,7,9-triyne_POS",plasma,MTBL,E,13.017923311901306,0.12595381859397392
n3668_NEG,n3668_NEG,plasma,MTBL,E,11.81590298948529,0.14918401892451882
p4005_POS,p4005_POS,plasma,MTBL,E,13.511574187885495,0.05822650203666058
n1194_NEG,n1194_NEG,plasma,MTBL,E,20.29545948602111,0.11394173464547919
p961_POS,p961_POS,plasma,MTBL,E,20.330165463700475,0.23589502719875455
2-Methoxy-N-[2-(4-sulfamoylphenyl)ethyl]benzamide_NEG,2-Methoxy-N-[2-(4-sulfamoylphenyl)ethyl]benzamide_NEG,plasma,MTBL,E,15.524798966666996,0.07272568417837633
n3714_NEG,n3714_NEG,plasma,MTBL,E,12.197276670140557,0.27767083848920926
p2708_POS,p2708_POS,plasma,MTBL,E,19.790166650942925,0.4322940609492143
p4677_POS,p4677_POS,plasma,MTBL,E,16.071942579659275,0.3786705201681748
p5101_POS,p5101_POS,plasma,MTBL,E,10.909802719938888,0.13586543927599415
n2297_NEG,n2297_NEG,plasma,MTBL,E,14.795899142728018,0.0676514269885864
Trifluoroacetic acid_NEG,Trifluoroacetic acid_NEG,plasma,MTBL,E,27.5907611152552,0.0660675468889309
p3916_POS,p3916_POS,plasma,MTBL,E,12.558921995018416,0.2842369331918473
n588_NEG,n588_NEG,plasma,MTBL,E,19.735845299623787,0.20158966928820377
n2521_NEG,n2521_NEG,plasma,MTBL,E,16.993284845944473,0.17498426095617958
n2943_NEG,n2943_NEG,plasma,MTBL,E,16.891614784188054,0.25788353846236944
p5039_POS,p5039_POS,plasma,MTBL,E,13.472432343021866,0.48149910075500557
p2169_POS,p2169_POS,plasma,MTBL,E,20.18201284785759,0.17910190274606919
p3194_POS,p3194_POS,plasma,MTBL,E,18.851485012206386,0.29278131400078067
p290_POS,p290_POS,plasma,MTBL,E,21.1030946360396,0.26812091764895385
4-(Glutamylamino) butanoate_POS,4-(Glutamylamino) butanoate_POS,plasma,MTBL,E,13.215384224597736,0.05822650203665525
n694_NEG,n694_NEG,plasma,MTBL,E,20.701190434116334,0.05489779793340688
p1667_POS,p1667_POS,plasma,MTBL,E,16.949647117055775,0.21011817229837604
n3741_NEG,n3741_NEG,plasma,MTBL,E,12.932431945901852,0.055182757427912676
methadone-d9_NEG,methadone-d9_NEG,plasma,MTBL,E,26.145034911464464,0.05814073598365965
p2672_POS,p2672_POS,plasma,MTBL,E,17.65118972108331,0.04426087052080874
n1195_NEG,n1195_NEG,plasma,MTBL,E,20.889580936007334,0.10304952195118133
"2-Isopropyl-3,5-dimethoxy-6-methylpyrazine_POS","2-Isopropyl-3,5-dimethoxy-6-methylpyrazine_POS",plasma,MTBL,E,17.18085506205618,0.029326320746502432
beta-Alanine_POS,beta-Alanine_POS,plasma,MTBL,E,25.462846552664615,0.3232772030849347
p4265_POS,p4265_POS,plasma,MTBL,E,13.183574061268326,0.09127962508993193
n247_NEG,n247_NEG,plasma,MTBL,E,20.61562867449704,0.11257225663299053
n2504_NEG,n2504_NEG,plasma,MTBL,E,16.47963482300569,0.0548713940827561
p4522_POS,p4522_POS,plasma,MTBL,E,18.072923792337964,0.1639545850308366
Cyclo(phenylalanyl-prolyl)_POS,Cyclo(phenylalanyl-prolyl)_POS,plasma,MTBL,E,14.145468632658847,0.2748283337773234
"1-[2-(2,5-Dimethyl-1H-pyrrol-1-yl)-4-nitrophenyl]-4-(methylsulfonyl)piperazine_POS","1-[2-(2,5-Dimethyl-1H-pyrrol-1-yl)-4-nitrophenyl]-4-(methylsulfonyl)piperazine_POS",plasma,MTBL,E,12.876602102817904,0.19153057850836852
p2632_POS,p2632_POS,plasma,MTBL,E,14.98481775996525,0.2601615072533736
Acetazolamide_NEG,Acetazolamide_NEG,plasma,MTBL,E,12.350076444624015,0.0665929274287631
n1650_NEG,n1650_NEG,plasma,MTBL,E,19.699657734339866,0.15762827595798257
n3479_NEG,n3479_NEG,plasma,MTBL,E,12.150459497746963,0.08792194317349633
p5123_POS,p5123_POS,plasma,MTBL,E,13.405162031030672,0.09131742878136961
p2072_POS,p2072_POS,plasma,MTBL,E,18.75144189476091,0.265628683832027
p5658_POS,p5658_POS,plasma,MTBL,E,12.555710991257266,0.10114831535777036
n3750_NEG,n3750_NEG,plasma,MTBL,E,12.41557906759632,0.07024927644346235
Pyrogallol_NEG,Pyrogallol_NEG,plasma,MTBL,E,22.156452578449844,0.280089647885557
p4130_POS,p4130_POS,plasma,MTBL,E,13.351570962399252,0.054413379751949265
n2020_NEG,n2020_NEG,plasma,MTBL,E,19.339465719192376,0.2549066161301816
n3016_NEG,n3016_NEG,plasma,MTBL,E,16.418522807696515,0.27538083843224115
3-(dimethylamino)-1-(2-pyridyl)prop-2-en-1-one_POS,3-(dimethylamino)-1-(2-pyridyl)prop-2-en-1-one_POS,plasma,MTBL,E,14.940587827998824,0.06734509428748225
p2119_POS,p2119_POS,plasma,MTBL,E,18.98583891057125,0.115443123862768
3-[2-Carboxyprop-1-enyl(ethoxycarbonyl)amino]-2-methylprop-2-enoic acid_POS,3-[2-Carboxyprop-1-enyl(ethoxycarbonyl)amino]-2-methylprop-2-enoic acid_POS,plasma,MTBL,E,11.606390323442891,0.08066209035833083
p5637_POS,p5637_POS,plasma,MTBL,E,12.847297345018378,0.1786724765823937
n3876_NEG,n3876_NEG,plasma,MTBL,E,9.962495088749376,0.07625561003830938
n3466_NEG,n3466_NEG,plasma,MTBL,E,15.0736891704161,0.2040739565656402
p5321_POS,p5321_POS,plasma,MTBL,E,13.145229610533562,0.21704062453299322
p2314_POS,p2314_POS,plasma,MTBL,E,18.48121663066862,0.3106657762299605
p3024_POS,p3024_POS,plasma,MTBL,E,13.496817635632883,0.08443761090498647
p2059_POS,p2059_POS,plasma,MTBL,E,14.205947745598865,0.806577331956948
Allopurinol_NEG,Allopurinol_NEG,plasma,MTBL,E,22.038302492012853,0.34678771892177096
n3918_NEG,n3918_NEG,plasma,MTBL,E,8.490031674784332,0.08774219100980041
Xylactam_POS,Xylactam_POS,plasma,MTBL,E,12.902746340572046,0.25411679326557035
n525_NEG,n525_NEG,plasma,MTBL,E,19.303507694773167,0.08063824860524704
p3233_POS,p3233_POS,plasma,MTBL,E,18.72867560281441,0.20098331764434718
p3368_POS,p3368_POS,plasma,MTBL,E,16.059301456504862,0.22312475742694637
p3202_POS,p3202_POS,plasma,MTBL,E,18.449958626884932,0.42184259675318003
p4359_POS,p4359_POS,plasma,MTBL,E,17.883018803658384,0.2813944595731961
"4-Azaspiro[bicyclo[2.2.2]octane-2,2'-[1,4]oxazolidine]-5'-one_POS","4-Azaspiro[bicyclo[2.2.2]octane-2,2'-[1,4]oxazolidine]-5'-one_POS",plasma,MTBL,E,16.220324302026096,0.34003733293872784
Butyric acid_POS,Butyric acid_POS,plasma,MTBL,E,22.93294613094716,0.31420368394161713
p3548_POS,p3548_POS,plasma,MTBL,E,13.108352108581313,0.06104872304694631
3-Hydroxymethylglutaric acid_POS,3-Hydroxymethylglutaric acid_POS,plasma,MTBL,E,21.604813819737657,0.231407496063067
p5087_POS,p5087_POS,plasma,MTBL,E,16.380065508108345,0.1816506299183338
p2681_POS,p2681_POS,plasma,MTBL,E,20.072179398781294,0.31991028624793216
p2701_POS,p2701_POS,plasma,MTBL,E,16.611014066653905,0.3391344562623182
p3672_POS,p3672_POS,plasma,MTBL,E,13.169602618728083,0.20421962187240794
n524_NEG,n524_NEG,plasma,MTBL,E,19.087279810377897,0.15558177321801026
p519_POS,p519_POS,plasma,MTBL,E,21.173026476081372,0.3699169269773499
p4331_POS,p4331_POS,plasma,MTBL,E,18.686418263169717,0.41729455278542815
p5360_POS,p5360_POS,plasma,MTBL,E,16.46994245290728,0.20006080526760073
n536_NEG,n536_NEG,plasma,MTBL,E,22.696556803690505,0.1052297335450838
n867_NEG,n867_NEG,plasma,MTBL,E,15.620894519733923,0.3698133001563253
p3828_POS,p3828_POS,plasma,MTBL,E,15.711519458314877,0.28908738348354035
n3168_NEG,n3168_NEG,plasma,MTBL,E,10.314890830790011,0.061194304189060134
n3689_NEG,n3689_NEG,plasma,MTBL,E,9.07169165385171,0.05360633130997883
p242_POS,p242_POS,plasma,MTBL,E,25.72234893645142,0.13275930115895918
p4763_POS,p4763_POS,plasma,MTBL,E,15.292258922506386,0.1559486858716621
p1674_POS,p1674_POS,plasma,MTBL,E,19.94153827107724,0.2001635315502135
p1045_POS,p1045_POS,plasma,MTBL,E,21.12758924272442,0.14931237228567795
n1262_NEG,n1262_NEG,plasma,MTBL,E,20.969125057047844,0.1538133688766159
p1696_POS,p1696_POS,plasma,MTBL,E,18.896274670533423,0.16227427026541008
L-(+)-Citrulline_POS,L-(+)-Citrulline_POS,plasma,MTBL,E,22.5538773991665,0.33277950505778264
p607_POS,p607_POS,plasma,MTBL,E,20.12900365183484,0.3385626570171034
p1906_POS,p1906_POS,plasma,MTBL,E,18.42681447828678,0.2391677796962881
p4067_POS,p4067_POS,plasma,MTBL,E,15.051394530499016,0.15520477197871507
p3783_POS,p3783_POS,plasma,MTBL,E,14.9614131048307,0.09670060627721178
p3077_POS,p3077_POS,plasma,MTBL,E,19.44271223910315,0.16907123928305623
p2928_POS,p2928_POS,plasma,MTBL,E,18.47520771146632,0.13247302920470716
n2474_NEG,n2474_NEG,plasma,MTBL,E,13.243145245204415,0.03876519738841466
n2712_NEG,n2712_NEG,plasma,MTBL,E,12.749876833171257,0.06337828319962746
n1985_NEG,n1985_NEG,plasma,MTBL,E,19.96225836719494,0.11381141159775865
p3435_POS,p3435_POS,plasma,MTBL,E,16.608387266849213,0.1499852596294815
n1370_NEG,n1370_NEG,plasma,MTBL,E,19.592611939282342,0.617309269137575
p821_POS,p821_POS,plasma,MTBL,E,18.78142763080781,0.19669759563369738
n2037_NEG,n2037_NEG,plasma,MTBL,E,17.240011322228444,0.26899096267860045
"5,6-Dihydroxyindole_POS","5,6-Dihydroxyindole_POS",plasma,MTBL,E,12.392069380320892,0.1833494729544647
p5558_POS,p5558_POS,plasma,MTBL,E,11.40000701208278,0.18239491653455708
n623_NEG,n623_NEG,plasma,MTBL,E,22.600208123610248,0.10092485659232153
p4217_POS,p4217_POS,plasma,MTBL,E,14.630408307464489,0.27672073182667667
p61_POS,p61_POS,plasma,MTBL,E,26.49883927022048,0.07095813016037056
p4379_POS,p4379_POS,plasma,MTBL,E,18.058651283736555,0.29701825284727335
p515_POS,p515_POS,plasma,MTBL,E,24.65457955459631,0.13807825262087903
n1546_NEG,n1546_NEG,plasma,MTBL,E,18.962351412058403,0.1618435043595916
Buflomedil_POS,Buflomedil_POS,plasma,MTBL,E,13.460121947293038,0.24934273183962574
Ethyl beta-D-glucopyranoside_POS,Ethyl beta-D-glucopyranoside_POS,plasma,MTBL,E,17.919869240761642,0.18274784969216995
p1664_POS,p1664_POS,plasma,MTBL,E,21.967704202291763,0.18073181160516327
n3911_NEG,n3911_NEG,plasma,MTBL,E,9.094431345274234,0.08774219100979508
n2806_NEG,n2806_NEG,plasma,MTBL,E,18.128886900473955,0.18448247294595888
Tetrahydrofuran_POS,Tetrahydrofuran_POS,plasma,MTBL,E,16.108254666691256,0.25348499011484016
p3621_POS,p3621_POS,plasma,MTBL,E,16.08032106747408,0.45186115251367553
p1183_POS,p1183_POS,plasma,MTBL,E,13.356659800622785,0.05971755225432851
p1574_POS,p1574_POS,plasma,MTBL,E,20.982928844017938,0.1788052085123546
p237_POS,p237_POS,plasma,MTBL,E,25.743206159729763,0.1434932862363496
Medazepam_POS,Medazepam_POS,plasma,MTBL,E,13.694380636571676,0.19341132796071037
p5086_POS,p5086_POS,plasma,MTBL,E,14.591762497356497,0.133589485792994
p2399_POS,p2399_POS,plasma,MTBL,E,19.91795376346136,0.12478701524599956
n85_NEG,n85_NEG,plasma,MTBL,E,26.48015833050707,0.06880362068969248
n2041_NEG,n2041_NEG,plasma,MTBL,E,18.83267496402819,0.14745054392990653
IL-1R Antagonist_POS,IL-1R Antagonist_POS,plasma,MTBL,E,13.400001082317011,0.233171614040943
n3337_NEG,n3337_NEG,plasma,MTBL,E,14.51426010545548,0.1383827198001928
Citalopram hydrobromide_POS,Citalopram hydrobromide_POS,plasma,MTBL,E,15.875453922897766,0.15092541615737431
Methamphetamine_POS,Methamphetamine_POS,plasma,MTBL,E,16.215429465645524,0.16095156813798894
Methadone_POS,Methadone_POS,plasma,MTBL,E,12.16142473975366,0.20941251867479593
Alanylserine_POS,Alanylserine_POS,plasma,MTBL,E,18.72245902400339,0.3129255911912914
p544_POS,p544_POS,plasma,MTBL,E,23.50697197047007,0.24442507525456847
p1505_POS,p1505_POS,plasma,MTBL,E,20.362849961855137,0.2275175027015841
n3675_NEG,n3675_NEG,plasma,MTBL,E,11.36633582265646,0.10287838135871574
"3,4-Dihydroxybenzylamine_POS","3,4-Dihydroxybenzylamine_POS",plasma,MTBL,E,17.066021705566847,0.24046473368217747
Erythrohydrobupropion_POS,Erythrohydrobupropion_POS,plasma,MTBL,E,13.774119813878952,0.2637308047252702
1-Phenyl-1H-pyrazole_POS,1-Phenyl-1H-pyrazole_POS,plasma,MTBL,E,20.395363173616,0.12046597478254384
p5502_POS,p5502_POS,plasma,MTBL,E,12.76036964445013,0.1888026382719552
p4093_POS,p4093_POS,plasma,MTBL,E,17.47703068632069,0.19415951542794474
2-Aminoacrylic acid_POS,2-Aminoacrylic acid_POS,plasma,MTBL,E,20.156761076588012,0.30202291706005724
p3589_POS,p3589_POS,plasma,MTBL,E,13.648304764210575,0.13803846290074517
Acetaminophen glucuronide_POS,Acetaminophen glucuronide_POS,plasma,MTBL,E,15.766911733457128,0.11793803969190186
"1,1-Dichloroacetone_POS","1,1-Dichloroacetone_POS",plasma,MTBL,E,19.091162710380864,0.2012431492809128
n2527_NEG,n2527_NEG,plasma,MTBL,E,14.962753315069987,0.33618648193497336
p4238_POS,p4238_POS,plasma,MTBL,E,13.712261600511932,0.23841011693587966
p3175_POS,p3175_POS,plasma,MTBL,E,18.834716114046103,0.2211215112434317
n1609_NEG,n1609_NEG,plasma,MTBL,E,19.537869472355737,0.1290789342221359
Allyl 2-(1H-benzimidazol-2-yl)-2-cyano-N-phenylethanimidothioate_POS,Allyl 2-(1H-benzimidazol-2-yl)-2-cyano-N-phenylethanimidothioate_POS,plasma,MTBL,E,13.866315587460605,0.2909205803102175
D-(-)-Ribose_NEG,D-(-)-Ribose_NEG,plasma,MTBL,E,20.39977987724892,0.1520372637102163
p1623_POS,p1623_POS,plasma,MTBL,E,16.28541093224949,0.8095917274004272
p994_POS,p994_POS,plasma,MTBL,E,19.82005835125551,0.3371902507815463
L-beta-aspartyl-L-glycine_POS,L-beta-aspartyl-L-glycine_POS,plasma,MTBL,E,18.203153860502795,0.2675183067999676
p1768_POS,p1768_POS,plasma,MTBL,E,21.537930464279675,0.13291229198383192
Terretrione A_POS,Terretrione A_POS,plasma,MTBL,E,12.904091208716922,0.1887751470399177
p4459_POS,p4459_POS,plasma,MTBL,E,17.46690515039065,0.20580078022880954
p3844_POS,p3844_POS,plasma,MTBL,E,17.958344159468247,0.324135416227989
p1559_POS,p1559_POS,plasma,MTBL,E,20.999011191871375,0.12175075134909008
n819_NEG,n819_NEG,plasma,MTBL,E,21.45892891954833,0.14441114255204468
n2559_NEG,n2559_NEG,plasma,MTBL,E,18.05711275293236,0.2836457008851916
p954_POS,p954_POS,plasma,MTBL,E,20.776607852244226,0.10431145456490398
Cotinine_POS,Cotinine_POS,plasma,MTBL,E,15.055892273756092,0.20223459982451963
N'-Formylkynurenine_POS,N'-Formylkynurenine_POS,plasma,MTBL,E,20.826118724365752,0.17871067049980383
p1486_POS,p1486_POS,plasma,MTBL,E,16.026600083532067,0.15852354998749973
p5718_POS,p5718_POS,plasma,MTBL,E,11.516201679728653,0.1624807377840618
p1633_POS,p1633_POS,plasma,MTBL,E,20.91768962779724,0.1435809189745676
n296_NEG,n296_NEG,plasma,MTBL,E,23.68162925663944,0.09338092501770845
p2312_POS,p2312_POS,plasma,MTBL,E,18.48121663066862,0.3106657762299605
Paecilaminol_POS,Paecilaminol_POS,plasma,MTBL,E,15.33120538847228,0.1501792480115025
p1457_POS,p1457_POS,plasma,MTBL,E,21.299248410493693,0.1574677190272169
p3161_POS,p3161_POS,plasma,MTBL,E,18.31881255055558,0.1390162265370627
p3017_POS,p3017_POS,plasma,MTBL,E,12.967537295310263,0.4785421514780932
p747_POS,p747_POS,plasma,MTBL,E,21.955422871144155,0.19110489709563794
p2247_POS,p2247_POS,plasma,MTBL,E,14.372011388878883,0.17804874333702791
n3180_NEG,n3180_NEG,plasma,MTBL,E,13.375689915053082,0.07544628500029127
n1758_NEG,n1758_NEG,plasma,MTBL,E,19.281530293782623,0.11237861701916785
n526_NEG,n526_NEG,plasma,MTBL,E,19.59446695272268,0.1328976859647426
p1629_POS,p1629_POS,plasma,MTBL,E,14.173228388510577,0.2327214762975398
p4475_POS,p4475_POS,plasma,MTBL,E,12.905231411108412,0.05886005576240727
p5390_POS,p5390_POS,plasma,MTBL,E,12.494124023526524,0.10823321169807265
p4981_POS,p4981_POS,plasma,MTBL,E,12.928498191519529,0.07800973084956375
Cytidine monophosphate_POS,Cytidine monophosphate_POS,plasma,MTBL,E,14.995900654940446,0.4191026599331167
p1296_POS,p1296_POS,plasma,MTBL,E,21.694504692583752,0.5152442386850566
n3700_NEG,n3700_NEG,plasma,MTBL,E,10.90683196091692,0.0633477628771768
p1282_POS,p1282_POS,plasma,MTBL,E,22.306013509759225,0.23129019274528062
p3839_POS,p3839_POS,plasma,MTBL,E,13.719153058451248,0.21528399270395937
p1520_POS,p1520_POS,plasma,MTBL,E,19.445739073362542,0.18872311219351445
p2426_POS,p2426_POS,plasma,MTBL,E,15.566726218359364,0.31463061939831505
p3843_POS,p3843_POS,plasma,MTBL,E,13.277211670638836,0.4724805169460353
NP-022451_POS,NP-022451_POS,plasma,MTBL,E,19.900143670772746,0.3551567581965429
p4556_POS,p4556_POS,plasma,MTBL,E,12.188305365903002,0.09965135354912036
p2180_POS,p2180_POS,plasma,MTBL,E,20.2120817703884,0.48557085550452683
n3298_NEG,n3298_NEG,plasma,MTBL,E,12.756200096063385,0.08912992683777077
p4753_POS,p4753_POS,plasma,MTBL,E,13.628938695925944,0.04620951336286083
L-Pyroglutamic acid_POS,L-Pyroglutamic acid_POS,plasma,MTBL,E,25.954498589112845,0.3263455096263037
n844_NEG,n844_NEG,plasma,MTBL,E,21.746733402417213,0.08181844145627792
p526_POS,p526_POS,plasma,MTBL,E,18.649580527883852,0.3970208894010483
p1290_POS,p1290_POS,plasma,MTBL,E,21.121574500995305,0.1700954359418425
p4948_POS,p4948_POS,plasma,MTBL,E,15.953031123648207,0.32925595932677965
p3583_POS,p3583_POS,plasma,MTBL,E,15.66929711511906,0.3493487212107951
p5758_POS,p5758_POS,plasma,MTBL,E,12.013120986371126,0.1796395972128373
p948_POS,p948_POS,plasma,MTBL,E,15.742853673821642,0.2930392793536267
L-Erythrulose_NEG,L-Erythrulose_NEG,plasma,MTBL,E,23.924285887620393,0.0997139483846432
p1648_POS,p1648_POS,plasma,MTBL,E,21.975264682771844,0.1506089480849866
n2164_NEG,n2164_NEG,plasma,MTBL,E,15.0643033362469,0.3209715981600638
2-Pyridylacetic acid_POS,2-Pyridylacetic acid_POS,plasma,MTBL,E,13.18636273669449,0.20805052626578302
p952_POS,p952_POS,plasma,MTBL,E,15.426852765887402,0.09555974265372669
n915_NEG,n915_NEG,plasma,MTBL,E,19.771871930297635,0.15629210514200054
p2926_POS,p2926_POS,plasma,MTBL,E,18.591639835667905,0.21381133416366538
p3614_POS,p3614_POS,plasma,MTBL,E,13.5963620377273,0.1415112111943877
p1006_POS,p1006_POS,plasma,MTBL,E,20.70523823537317,0.2794677708571278
α-Lactose_POS,α-Lactose_POS,plasma,MTBL,E,18.181131074057912,0.90423281124108
thiol-maleimide_POS,thiol-maleimide_POS,plasma,MTBL,E,13.98380321576112,0.24155055886373233
p1325_POS,p1325_POS,plasma,MTBL,E,20.382760522960368,0.2502466945038435
p1541_POS,p1541_POS,plasma,MTBL,E,19.67937817852564,0.22031374768710776
p5784_POS,p5784_POS,plasma,MTBL,E,12.634662680592694,0.05593192217432552
p5183_POS,p5183_POS,plasma,MTBL,E,12.864606026442155,0.3128738952182921
p389_POS,p389_POS,plasma,MTBL,E,22.871057195653464,0.2033722004842602
Guanidoacetic acid_POS,Guanidoacetic acid_POS,plasma,MTBL,E,18.520966808454368,0.1723890950118161
p3244_POS,p3244_POS,plasma,MTBL,E,15.790914627566334,0.14696568643818786
p3820_POS,p3820_POS,plasma,MTBL,E,13.477649037820498,0.4135263929719901
p2817_POS,p2817_POS,plasma,MTBL,E,18.918752079601173,0.18688734218164527
p304_POS,p304_POS,plasma,MTBL,E,22.215610126664433,0.2449102349471417
n2563_NEG,n2563_NEG,plasma,MTBL,E,17.342198799018085,0.3941534518195269
"(2R*,3R*)-1,2,3-Butanetriol_POS","(2R*,3R*)-1,2,3-Butanetriol_POS",plasma,MTBL,E,19.81899225969444,0.20740249781138687
p4918_POS,p4918_POS,plasma,MTBL,E,15.602814278888196,0.09481346098401566
Cyclic AMP_NEG,Cyclic AMP_NEG,plasma,MTBL,E,14.74466143261936,0.3290751313743563
n3121_NEG,n3121_NEG,plasma,MTBL,E,14.435967713440425,0.27117817233653874
p2553_POS,p2553_POS,plasma,MTBL,E,17.55527628411774,0.37513480495802654
n3766_NEG,n3766_NEG,plasma,MTBL,E,11.14871202066808,0.049214785285775164
p191_POS,p191_POS,plasma,MTBL,E,22.426878249633784,0.1677195477816511
D-Raffinose_POS,D-Raffinose_POS,plasma,MTBL,E,15.218825256316146,0.9002030682106152
Aspartame_POS,Aspartame_POS,plasma,MTBL,E,16.062643607731516,0.2045079173221218
p924_POS,p924_POS,plasma,MTBL,E,20.74851436577986,0.14760375307859874
NP-008998_POS,NP-008998_POS,plasma,MTBL,E,14.70989355326629,0.19548197392336597
p3321_POS,p3321_POS,plasma,MTBL,E,14.471586246904286,0.26114654636944756
n83_NEG,n83_NEG,plasma,MTBL,E,24.167027486308186,0.13382692874943913
p260_POS,p260_POS,plasma,MTBL,E,25.13917687747344,0.14053397187183236
p3769_POS,p3769_POS,plasma,MTBL,E,13.393949012458275,0.28830043778040526
p4022_POS,p4022_POS,plasma,MTBL,E,17.54159013931727,0.24508075408954255
n3109_NEG,n3109_NEG,plasma,MTBL,E,16.901494277621836,0.4444939834713999
Capsianoside I_POS,Capsianoside I_POS,plasma,MTBL,E,13.706426811855986,0.18616714820669777
p380_POS,p380_POS,plasma,MTBL,E,24.471268526346087,0.09553866464361604
Creatine_POS,Creatine_POS,plasma,MTBL,E,23.578493044442663,0.2520504545170752
"2,4-diaziran-1-yl-6-(1-phenyl-1H-pyrrol-2-yl)-1,3,5-triazine_POS","2,4-diaziran-1-yl-6-(1-phenyl-1H-pyrrol-2-yl)-1,3,5-triazine_POS",plasma,MTBL,E,13.439527930968552,0.1107745377492968
p1028_POS,p1028_POS,plasma,MTBL,E,21.5958179110598,0.24141622318416012
apo-[3-methylcrotonoyl-CoA:carbon-dioxide ligase (ADP-forming)]_POS,apo-[3-methylcrotonoyl-CoA:carbon-dioxide ligase (ADP-forming)]_POS,plasma,MTBL,E,19.117549374190595,0.7354468772066127
p4247_POS,p4247_POS,plasma,MTBL,E,14.621202990085758,0.16421366449730357
p559_POS,p559_POS,plasma,MTBL,E,20.448520897169853,0.16875367263523344
QQH_POS,QQH_POS,plasma,MTBL,E,11.22864392115988,0.0761078568517135
Zonisamide_POS,Zonisamide_POS,plasma,MTBL,E,14.32978225308841,0.13634806287596568
Pantothenic acid_POS,Pantothenic acid_POS,plasma,MTBL,E,18.223103919281343,0.5780250024226419
n316_NEG,n316_NEG,plasma,MTBL,E,23.452517517890215,0.062441108276615864
p1057_POS,p1057_POS,plasma,MTBL,E,15.228470456008887,0.15594868587165855
p1084_POS,p1084_POS,plasma,MTBL,E,21.38468257682582,0.23145650323274936
p2518_POS,p2518_POS,plasma,MTBL,E,15.98352778584652,0.17135353693231714
p3495_POS,p3495_POS,plasma,MTBL,E,13.375159401815326,0.05822650203665347
p1459_POS,p1459_POS,plasma,MTBL,E,21.2008015564455,0.12088446272152709
p999_POS,p999_POS,plasma,MTBL,E,22.11795946856019,0.27213896677926286
p5774_POS,p5774_POS,plasma,MTBL,E,12.02282472237328,0.19760934722606116
Phenyl sulfoxide_POS,Phenyl sulfoxide_POS,plasma,MTBL,E,25.963155920437895,0.18001129957521655
p3107_POS,p3107_POS,plasma,MTBL,E,13.178756713743406,0.038688479623486316
p5160_POS,p5160_POS,plasma,MTBL,E,11.338756481838024,0.12883846823793021
p5412_POS,p5412_POS,plasma,MTBL,E,11.63806816234035,0.20212355418472683
n1621_NEG,n1621_NEG,plasma,MTBL,E,16.88868397273288,0.05038263668862797
p4082_POS,p4082_POS,plasma,MTBL,E,19.014465165318263,0.039590763569425036
Chenodeoxycholic Acid_NEG,Chenodeoxycholic Acid_NEG,plasma,MTBL,E,14.170357968628084,0.09939896799785153
n3259_NEG,n3259_NEG,plasma,MTBL,E,16.609704822296045,0.23352698457822996
p3083_POS,p3083_POS,plasma,MTBL,E,18.041755472940608,0.2968100565292815
n3896_NEG,n3896_NEG,plasma,MTBL,E,9.394028277568356,0.07032677623998396
p3198_POS,p3198_POS,plasma,MTBL,E,16.594431774170317,0.2707798682307434
p4876_POS,p4876_POS,plasma,MTBL,E,14.05941142935646,0.15189827989721572
n3520_NEG,n3520_NEG,plasma,MTBL,E,14.275312717000654,0.18634668508607
p4433_POS,p4433_POS,plasma,MTBL,E,12.729453970285135,0.2716659873196985
p699_POS,p699_POS,plasma,MTBL,E,21.397843977165262,0.227372273658208
p5800_POS,p5800_POS,plasma,MTBL,E,10.714081110861216,0.11060890203807716
"4-Cyano-N-({(1S,4S,6S)-6-isopropyl-3-methyl-4-[2-(4-methyl-1-piperazinyl)-2-oxoethyl]-2-cyclohexen-1-yl}methyl)benzamide_NEG","4-Cyano-N-({(1S,4S,6S)-6-isopropyl-3-methyl-4-[2-(4-methyl-1-piperazinyl)-2-oxoethyl]-2-cyclohexen-1-yl}methyl)benzamide_NEG",plasma,MTBL,E,12.467090657323094,0.07136383463602591
n3730_NEG,n3730_NEG,plasma,MTBL,E,12.30665931139822,0.0568366763750916
D-Glucamine_POS,D-Glucamine_POS,plasma,MTBL,E,18.431637870354685,0.4853523517986318
p1279_POS,p1279_POS,plasma,MTBL,E,22.176432658912606,0.07347452046539615
[3-amino-5-(methylsulfanyl)-4-(2-pyridinyl)-1H-pyrazol-1-yl](2-thienyl)methanone_POS,[3-amino-5-(methylsulfanyl)-4-(2-pyridinyl)-1H-pyrazol-1-yl](2-thienyl)methanone_POS,plasma,MTBL,E,23.29827062024211,0.2052971643403083
Cladinose_POS,Cladinose_POS,plasma,MTBL,E,18.80067609234139,0.0596458785251599
n446_NEG,n446_NEG,plasma,MTBL,E,21.209251386652813,0.15116576390897052
Lamotrigine_POS,Lamotrigine_POS,plasma,MTBL,E,16.438973418375486,0.34391436499235084
n1279_NEG,n1279_NEG,plasma,MTBL,E,20.31566708210827,0.1193272829378742
n474_NEG,n474_NEG,plasma,MTBL,E,21.329766392702695,0.18377482746893392
n222_NEG,n222_NEG,plasma,MTBL,E,23.810660760382607,0.10700658647642669
11-Aminoundecanoic acid_POS,11-Aminoundecanoic acid_POS,plasma,MTBL,E,14.68895362427796,0.2744027894117771
4'-Chloro-α-pyrrolidinopropiophenone_POS,4'-Chloro-α-pyrrolidinopropiophenone_POS,plasma,MTBL,E,16.11895830139478,0.05822650203665347
n3916_NEG,n3916_NEG,plasma,MTBL,E,9.36051279356397,0.07032677623999817
p2202_POS,p2202_POS,plasma,MTBL,E,16.203955062538025,0.16780103916436673
p3856_POS,p3856_POS,plasma,MTBL,E,18.647922346564435,0.1198381796353587
Desmethylcitalopram_POS,Desmethylcitalopram_POS,plasma,MTBL,E,16.20144330200899,0.10940119119648628
p266_POS,p266_POS,plasma,MTBL,E,25.06581190996105,0.13160763928880925
p4531_POS,p4531_POS,plasma,MTBL,E,12.878314749283057,0.3146306884177772
p813_POS,p813_POS,plasma,MTBL,E,23.40521126593652,0.16129354729669387
O-Desmethyl-cis-tramadol_POS,O-Desmethyl-cis-tramadol_POS,plasma,MTBL,E,13.166609189350538,0.03121770562509596
p5296_POS,p5296_POS,plasma,MTBL,E,13.41588577915284,0.1659122614787094
n1560_NEG,n1560_NEG,plasma,MTBL,E,18.94829913702084,0.15452776572413285
p4412_POS,p4412_POS,plasma,MTBL,E,14.342191348626352,0.3265927133903759
Phenazopyridine_POS,Phenazopyridine_POS,plasma,MTBL,E,12.11085881152239,0.05617385009832354
n2820_NEG,n2820_NEG,plasma,MTBL,E,18.437858323608804,0.1838373697336273
D-(+)-Glucose_POS,D-(+)-Glucose_POS,plasma,MTBL,E,26.512963623147893,0.35901984453769487
p490_POS,p490_POS,plasma,MTBL,E,23.273055755375925,0.10271660215163081
p2756_POS,p2756_POS,plasma,MTBL,E,19.470835015738373,0.20675252445067116
p3975_POS,p3975_POS,plasma,MTBL,E,15.52006683793834,0.27594139042980714
n3726_NEG,n3726_NEG,plasma,MTBL,E,12.169908243212747,0.04870294395128383
p5224_POS,p5224_POS,plasma,MTBL,E,12.288443306083105,0.10064768566684279
n3555_NEG,n3555_NEG,plasma,MTBL,E,15.581503675840349,0.2884847624697411
n1399_NEG,n1399_NEG,plasma,MTBL,E,19.22680804737489,0.2722663424189875
p4649_POS,p4649_POS,plasma,MTBL,E,17.895984550181918,0.2746226124334612
p1570_POS,p1570_POS,plasma,MTBL,E,20.905282712601135,0.1678381979810979
p3818_POS,p3818_POS,plasma,MTBL,E,13.706282820052092,0.41528703119449695
"N-(3-Cyano-4,5-dimethyl-2-thienyl)-2-(4-phenylpiperazino)acetamide_NEG","N-(3-Cyano-4,5-dimethyl-2-thienyl)-2-(4-phenylpiperazino)acetamide_NEG",plasma,MTBL,E,13.390817379815507,0.17511945398914897
p2038_POS,p2038_POS,plasma,MTBL,E,20.154642721398577,0.268329684323259
Tromethamine_POS,Tromethamine_POS,plasma,MTBL,E,15.902289162558844,0.0507253436556141
n3884_NEG,n3884_NEG,plasma,MTBL,E,10.39736390507769,0.05148059490832679
n157_NEG,n157_NEG,plasma,MTBL,E,25.34593101952915,0.0583488633351692
n3894_NEG,n3894_NEG,plasma,MTBL,E,9.624462598970869,0.09276590408144436
p4840_POS,p4840_POS,plasma,MTBL,E,12.55259988586472,0.3628735961843237
p5531_POS,p5531_POS,plasma,MTBL,E,11.953372470547754,0.1507204707936154
p4694_POS,p4694_POS,plasma,MTBL,E,17.28689803215468,0.3444007004320149
p1622_POS,p1622_POS,plasma,MTBL,E,17.978487768843177,0.5067766762972319
p4550_POS,p4550_POS,plasma,MTBL,E,14.33843766666656,0.23388951034970518
p339_POS,p339_POS,plasma,MTBL,E,23.649432928362387,0.12558313584347758
p2647_POS,p2647_POS,plasma,MTBL,E,17.849276521512653,0.6305394922351013
p2581_POS,p2581_POS,plasma,MTBL,E,16.093630351606578,0.22105562636033937
Capsaicin_POS,Capsaicin_POS,plasma,MTBL,E,13.199014013531066,0.1879444922051121
n840_NEG,n840_NEG,plasma,MTBL,E,21.154089337014646,0.05215309911359611
N-Ethylacetamide_POS,N-Ethylacetamide_POS,plasma,MTBL,E,24.21863741036781,0.16377566002465827
D-Glycero-D-galacto-heptitol_NEG,D-Glycero-D-galacto-heptitol_NEG,plasma,MTBL,E,15.809142234577932,0.11468712381714852
n1923_NEG,n1923_NEG,plasma,MTBL,E,15.971189427350588,0.18136375437623897
n2403_NEG,n2403_NEG,plasma,MTBL,E,15.113266434491049,0.17104515869081105
n3021_NEG,n3021_NEG,plasma,MTBL,E,16.824850022531955,0.10017433395286446
p2143_POS,p2143_POS,plasma,MTBL,E,18.48787945029528,0.17957232357445818
2-Pentenedial_NEG,2-Pentenedial_NEG,plasma,MTBL,E,23.093411156491097,0.08929495754989247
p2785_POS,p2785_POS,plasma,MTBL,E,14.107873437792357,0.2999209729551726
n3442_NEG,n3442_NEG,plasma,MTBL,E,12.474429007314304,0.06869891629820835
