,analyte_ID,tissue,datatype,timepoint,control_median,control_MAD
D3-Creatinine-ISTD_POS,D3-Creatinine-ISTD_POS,plasma,MTBL,C,24.49178574714773,0.09064440862321987
p3823_POS,p3823_POS,plasma,MTBL,C,14.52148042934965,0.40582970822423015
p1690_POS,p1690_POS,plasma,MTBL,C,21.595775158276755,0.1458967739169843
p5795_POS,p5795_POS,plasma,MTBL,C,14.007261312442518,0.0698386826394799
p2942_POS,p2942_POS,plasma,MTBL,C,14.75518466092164,0.062448798111029546
"N-(1,3-benzodioxol-5-yl)-2-methyl-5-(piperidinosulfonyl)-3-furamide_POS","N-(1,3-benzodioxol-5-yl)-2-methyl-5-(piperidinosulfonyl)-3-furamide_POS",plasma,MTBL,C,13.610674841655095,0.16608552823802114
"N1-(alpha-D-ribosyl)-5,6-dimethyl-benzimidazole_POS","N1-(alpha-D-ribosyl)-5,6-dimethyl-benzimidazole_POS",plasma,MTBL,C,16.841947300124758,0.5882443459917361
p3174_POS,p3174_POS,plasma,MTBL,C,15.512906023894702,0.1555111600860073
Methoxsalen_POS,Methoxsalen_POS,plasma,MTBL,C,14.88841409925453,0.17951406400038117
n3688_NEG,n3688_NEG,plasma,MTBL,C,11.973634117343805,0.11450542534396924
p555_POS,p555_POS,plasma,MTBL,C,23.05837862502628,0.17783369889578537
"[6,7-dimethoxy-1-methyl-3,4-dihydro-2(1H)-isoquinolinyl](5-methyl-3-isoxazolyl)methanone_POS","[6,7-dimethoxy-1-methyl-3,4-dihydro-2(1H)-isoquinolinyl](5-methyl-3-isoxazolyl)methanone_POS",plasma,MTBL,C,13.592644581618178,0.09851281777794973
p5019_POS,p5019_POS,plasma,MTBL,C,15.736850107800722,0.14878309767486186
p3144_POS,p3144_POS,plasma,MTBL,C,18.609604094798495,0.26093122528392954
n2600_NEG,n2600_NEG,plasma,MTBL,C,16.28732608272818,0.3779055491210439
Caprolactam_POS,Caprolactam_POS,plasma,MTBL,C,19.017634785791785,0.5315576412358958
p5568_POS,p5568_POS,plasma,MTBL,C,11.33069433108348,0.03614499393152393
p1608_POS,p1608_POS,plasma,MTBL,C,20.452682366449313,0.21425020060124922
p5015_POS,p5015_POS,plasma,MTBL,C,11.96561464180882,0.1458865349032603
p281_POS,p281_POS,plasma,MTBL,C,24.24270864443524,0.08775801573697706
Glucuronic acid sulfate_NEG,Glucuronic acid sulfate_NEG,plasma,MTBL,C,9.857778496037705,0.020104011239853392
p98_POS,p98_POS,plasma,MTBL,C,26.307976695741132,0.17200320536186098
p851_POS,p851_POS,plasma,MTBL,C,18.30168440613077,0.47431984276888883
Indoline_POS,Indoline_POS,plasma,MTBL,C,21.25393481046668,0.19415171249863405
p3519_POS,p3519_POS,plasma,MTBL,C,15.697626283415945,0.1569153010617086
Vaccenyl carnitine_POS,Vaccenyl carnitine_POS,plasma,MTBL,C,13.850240030910484,0.1944475725672632
Imidazoleacetic acid_POS,Imidazoleacetic acid_POS,plasma,MTBL,C,20.37718838293773,0.25689002193133703
p4974_POS,p4974_POS,plasma,MTBL,C,15.452874696326608,0.08258535087747632
p3473_POS,p3473_POS,plasma,MTBL,C,18.76272151882829,0.3692505090336269
p5162_POS,p5162_POS,plasma,MTBL,C,18.172537378262017,0.15863266924010944
Gluconolactone_POS,Gluconolactone_POS,plasma,MTBL,C,17.98949868999181,0.233840810742592
p1485_POS,p1485_POS,plasma,MTBL,C,20.268452056747645,0.18772961304976477
p4351_POS,p4351_POS,plasma,MTBL,C,11.09892238054742,0.10403037649887992
p1605_POS,p1605_POS,plasma,MTBL,C,20.380812215907376,0.15815979242879408
n2589_NEG,n2589_NEG,plasma,MTBL,C,18.541069801359473,0.23378968506481002
p4096_POS,p4096_POS,plasma,MTBL,C,18.625374037549015,0.26292463932932364
p2057_POS,p2057_POS,plasma,MTBL,C,19.46916073937867,0.29035181206614524
Venlafaxine N-Oxide_POS,Venlafaxine N-Oxide_POS,plasma,MTBL,C,12.792608378687612,0.2018882587340478
p2825_POS,p2825_POS,plasma,MTBL,C,20.40038193762041,0.16138707030798827
p5080_POS,p5080_POS,plasma,MTBL,C,12.88117778341416,0.13160271596994022
p4193_POS,p4193_POS,plasma,MTBL,C,13.014555879002616,0.8069655169996679
Memnobotrin B_POS,Memnobotrin B_POS,plasma,MTBL,C,12.506883012375049,0.16129037679883318
p5561_POS,p5561_POS,plasma,MTBL,C,12.855907381364847,0.25247540134959223
n568_NEG,n568_NEG,plasma,MTBL,C,20.166340006620892,0.15819180758389706
p1828_POS,p1828_POS,plasma,MTBL,C,21.38711145572816,0.18735236152584633
N-Docosahexaenoyl GABA_POS,N-Docosahexaenoyl GABA_POS,plasma,MTBL,C,12.98305104979802,0.1516047926315398
p3967_POS,p3967_POS,plasma,MTBL,C,13.838919361935224,0.18727233963230816
p4275_POS,p4275_POS,plasma,MTBL,C,16.83884731744229,0.17537170121339685
p1167_POS,p1167_POS,plasma,MTBL,C,20.507766198065006,0.24153356202121046
p3082_POS,p3082_POS,plasma,MTBL,C,12.914025367504037,0.1043720716165275
p790_POS,p790_POS,plasma,MTBL,C,20.44692522543984,0.12785412888231207
p231_POS,p231_POS,plasma,MTBL,C,23.990779459533854,0.15830421462312927
n3923_NEG,n3923_NEG,plasma,MTBL,C,9.692613156510564,0.06931779317993936
p2723_POS,p2723_POS,plasma,MTBL,C,15.496730966372546,0.3008860854171669
p3243_POS,p3243_POS,plasma,MTBL,C,15.63340999753552,0.2001443162716292
n1345_NEG,n1345_NEG,plasma,MTBL,C,18.751374382255523,0.3491446928807598
p2887_POS,p2887_POS,plasma,MTBL,C,18.30736037989406,0.13996159798935892
p5424_POS,p5424_POS,plasma,MTBL,C,10.760896059741455,0.10974803471725103
p4222_POS,p4222_POS,plasma,MTBL,C,17.72030866085806,0.058286641911976744
D3-Creatinine_POS,D3-Creatinine_POS,plasma,MTBL,C,24.48495683829509,0.13713257826957914
p207_POS,p207_POS,plasma,MTBL,C,25.529936216032738,0.11849895947351996
p959_POS,p959_POS,plasma,MTBL,C,20.56536328538136,0.2275509986069757
p5522_POS,p5522_POS,plasma,MTBL,C,12.719011914787474,0.21438247161094637
p4371_POS,p4371_POS,plasma,MTBL,C,16.21163689887037,0.12746275741708502
p3896_POS,p3896_POS,plasma,MTBL,C,18.71009248192125,0.1590429397095683
p5016_POS,p5016_POS,plasma,MTBL,C,15.173909091063976,0.0731225814500096
p3023_POS,p3023_POS,plasma,MTBL,C,11.431443151301789,0.13136238338474193
p3469_POS,p3469_POS,plasma,MTBL,C,14.88535043210806,0.42777784960388665
p131_POS,p131_POS,plasma,MTBL,C,23.891804992518573,0.23527564045887672
n537_NEG,n537_NEG,plasma,MTBL,C,22.750483106340045,0.09668793587494662
Galactitol_POS,Galactitol_POS,plasma,MTBL,C,18.444251545246416,0.5261568697122314
"1,2,3-Trihydroxybenzene_NEG","1,2,3-Trihydroxybenzene_NEG",plasma,MTBL,C,18.14572357589653,0.20844665229745019
p2234_POS,p2234_POS,plasma,MTBL,C,13.85108193122903,0.4425667660553181
p2448_POS,p2448_POS,plasma,MTBL,C,17.092323641938464,0.25654691382414896
p4097_POS,p4097_POS,plasma,MTBL,C,18.63383495381362,0.2686287139968293
Repinotan_POS,Repinotan_POS,plasma,MTBL,C,14.274936701922778,0.2810275565020053
p1519_POS,p1519_POS,plasma,MTBL,C,19.51193189829661,0.2879689125030751
p3498_POS,p3498_POS,plasma,MTBL,C,15.560818534038887,0.39926114746084274
n4_NEG,n4_NEG,plasma,MTBL,C,28.969504435900703,0.052024066540948155
n3757_NEG,n3757_NEG,plasma,MTBL,C,8.636339652391793,0.03932887581000344
p2690_POS,p2690_POS,plasma,MTBL,C,18.423415281130005,0.18707257994584836
p1192_POS,p1192_POS,plasma,MTBL,C,22.18094593761745,0.1516009029017873
n3849_NEG,n3849_NEG,plasma,MTBL,C,11.804264648739244,0.09876038068740023
n178_NEG,n178_NEG,plasma,MTBL,C,24.323473673845097,0.07924322477226653
p1815_POS,p1815_POS,plasma,MTBL,C,20.462368375470295,0.12459013806772035
p3707_POS,p3707_POS,plasma,MTBL,C,19.707875473674385,0.12668688798901684
p4375_POS,p4375_POS,plasma,MTBL,C,12.709179287395706,0.18158060448906532
p300_POS,p300_POS,plasma,MTBL,C,24.704195239559574,0.18094759821662265
n3235_NEG,n3235_NEG,plasma,MTBL,C,12.813924957330482,0.07912902395968402
p1970_POS,p1970_POS,plasma,MTBL,C,17.824278654476736,0.3535625791411512
p5236_POS,p5236_POS,plasma,MTBL,C,14.614396068371637,0.16149386422841516
p132_POS,p132_POS,plasma,MTBL,C,25.24916381092921,0.07780102720436943
p2281_POS,p2281_POS,plasma,MTBL,C,18.79137331459745,0.30737582810947117
p1029_POS,p1029_POS,plasma,MTBL,C,20.60875728235862,0.29870027855878334
p1780_POS,p1780_POS,plasma,MTBL,C,18.41396854629335,0.2733412443970913
p145_POS,p145_POS,plasma,MTBL,C,26.108719663507777,0.12393771125804065
p903_POS,p903_POS,plasma,MTBL,C,20.04775802662825,0.18845503071424474
n2843_NEG,n2843_NEG,plasma,MTBL,C,15.264080205139608,0.22782085861907575
p1994_POS,p1994_POS,plasma,MTBL,C,20.234580698732564,0.14603447922944213
n2905_NEG,n2905_NEG,plasma,MTBL,C,17.778708183568924,0.19824806856021837
p3681_POS,p3681_POS,plasma,MTBL,C,17.599265947532267,0.33186057648715916
D-Glucose_POS,D-Glucose_POS,plasma,MTBL,C,27.32730789423424,0.1720376723434569
p4965_POS,p4965_POS,plasma,MTBL,C,13.67132617690681,0.32577385605830145
n1333_NEG,n1333_NEG,plasma,MTBL,C,20.572788039456753,0.11300774573499339
Dacarbazine_POS,Dacarbazine_POS,plasma,MTBL,C,15.282642954560789,0.5522715760407824
(R)-Salsolinol_POS,(R)-Salsolinol_POS,plasma,MTBL,C,12.982812901720012,0.18787032648483226
n2511_NEG,n2511_NEG,plasma,MTBL,C,17.943195815701994,0.2887705954926645
p4116_POS,p4116_POS,plasma,MTBL,C,14.809376231091264,0.11357835363308588
p4306_POS,p4306_POS,plasma,MTBL,C,12.700967423550177,0.12806482996400703
n33_NEG,n33_NEG,plasma,MTBL,C,27.580985115743974,0.08198636460422648
p800_POS,p800_POS,plasma,MTBL,C,20.976286064679076,0.10962863138633949
"1,1,1,2,2,3,3,10,10,11,11,12,12,12-Tetradecafluoro-5,8-diiodododecane_NEG","1,1,1,2,2,3,3,10,10,11,11,12,12,12-Tetradecafluoro-5,8-diiodododecane_NEG",plasma,MTBL,C,22.84404458358925,0.12045470754521403
D-threo-isocitrate_NEG,D-threo-isocitrate_NEG,plasma,MTBL,C,16.6058072391609,0.2388742708900473
Kijanimicin_POS,Kijanimicin_POS,plasma,MTBL,C,18.583732168038612,0.17517329995968822
p3732_POS,p3732_POS,plasma,MTBL,C,13.884492857921355,0.04740358413077139
n2637_NEG,n2637_NEG,plasma,MTBL,C,13.938646339181943,0.14931741903118123
p2499_POS,p2499_POS,plasma,MTBL,C,18.856450897903336,0.3272616148051206
p4517_POS,p4517_POS,plasma,MTBL,C,14.092182774705424,0.08929560042010998
1-(2-Hydroxyethyl-2-hydroxymethyl)-5-nitro-imidazole_POS,1-(2-Hydroxyethyl-2-hydroxymethyl)-5-nitro-imidazole_POS,plasma,MTBL,C,12.89949546949866,0.14970476837758717
δ-Valerolactam_POS,δ-Valerolactam_POS,plasma,MTBL,C,21.694656609984797,0.5691175068944254
p3186_POS,p3186_POS,plasma,MTBL,C,20.34576162992981,0.10646928025909119
n2627_NEG,n2627_NEG,plasma,MTBL,C,18.748028874792865,0.14067729506153626
p364_POS,p364_POS,plasma,MTBL,C,23.67725324792487,0.11745059146405268
p4248_POS,p4248_POS,plasma,MTBL,C,14.246204210591928,0.13345028786398672
n1822_NEG,n1822_NEG,plasma,MTBL,C,14.478569742038475,0.12394123458223838
3-hydroxynonanoyl carnitine_POS,3-hydroxynonanoyl carnitine_POS,plasma,MTBL,C,15.711918994226869,0.15422319383680438
p5029_POS,p5029_POS,plasma,MTBL,C,16.763098125848252,0.2335135390760179
p5119_POS,p5119_POS,plasma,MTBL,C,12.14283409538708,0.13546177599385167
p2569_POS,p2569_POS,plasma,MTBL,C,15.771988204523517,0.11994079087511267
Leucylproline_POS,Leucylproline_POS,plasma,MTBL,C,21.693242921571876,0.1960273882142971
p3932_POS,p3932_POS,plasma,MTBL,C,14.569223697644611,0.11828771254358017
2-Heptanethiol_POS,2-Heptanethiol_POS,plasma,MTBL,C,21.7693447887431,0.2935363093158223
Uracil analogue_POS,Uracil analogue_POS,plasma,MTBL,C,13.700926511191875,0.02994946220119843
p4131_POS,p4131_POS,plasma,MTBL,C,13.800048563758676,0.2246309024175357
p4467_POS,p4467_POS,plasma,MTBL,C,13.12510395440311,0.04474328292502605
p5640_POS,p5640_POS,plasma,MTBL,C,11.474382593486892,0.2192699727968339
Succinic acid semialdehyde_NEG,Succinic acid semialdehyde_NEG,plasma,MTBL,C,23.30563038451035,0.16055388258804015
p1275_POS,p1275_POS,plasma,MTBL,C,21.336659347758676,0.1505026392234683
p1655_POS,p1655_POS,plasma,MTBL,C,15.16655514128232,0.39555108258888794
L-Iditol_POS,L-Iditol_POS,plasma,MTBL,C,19.77578850601684,0.38155061276914637
p3615_POS,p3615_POS,plasma,MTBL,C,13.494145687080778,0.09523814542186315
n319_NEG,n319_NEG,plasma,MTBL,C,23.436167658558546,0.11647171517295618
p4162_POS,p4162_POS,plasma,MTBL,C,14.344277133522082,0.12282683528563254
p5144_POS,p5144_POS,plasma,MTBL,C,12.196701801010407,0.23069313232493727
n3719_NEG,n3719_NEG,plasma,MTBL,C,15.69200440012172,0.2804529804654532
p4508_POS,p4508_POS,plasma,MTBL,C,16.93313912092389,0.3841878835033121
p2289_POS,p2289_POS,plasma,MTBL,C,15.033856689739126,0.07441199889312244
p1866_POS,p1866_POS,plasma,MTBL,C,19.809803832102357,0.17403210208806286
p3585_POS,p3585_POS,plasma,MTBL,C,18.513605805887888,0.2648857696764253
p2540_POS,p2540_POS,plasma,MTBL,C,20.084008967748787,0.09406807687287255
p2827_POS,p2827_POS,plasma,MTBL,C,14.72206226264819,0.1582026324260628
p658_POS,p658_POS,plasma,MTBL,C,19.14999929821242,0.27621772910081077
p1452_POS,p1452_POS,plasma,MTBL,C,18.612393203161044,0.22143155578351426
L-Serine_NEG,L-Serine_NEG,plasma,MTBL,C,21.114841431820437,0.2744639559941966
p951_POS,p951_POS,plasma,MTBL,C,21.559752153247395,0.19050879517456565
p2896_POS,p2896_POS,plasma,MTBL,C,18.463492289164652,0.24164539475066604
N-Trifluoroacetyladriamycin_POS,N-Trifluoroacetyladriamycin_POS,plasma,MTBL,C,15.960994716524686,0.20579112295128432
"1H,1H-Perfluorononylamine_POS","1H,1H-Perfluorononylamine_POS",plasma,MTBL,C,12.109487284114303,0.035720870820153294
n3303_NEG,n3303_NEG,plasma,MTBL,C,11.615678978270736,0.08672722645545683
p1382_POS,p1382_POS,plasma,MTBL,C,19.93906117793584,0.18241917331356916
p2909_POS,p2909_POS,plasma,MTBL,C,17.10394411044105,0.29512668848645873
p2168_POS,p2168_POS,plasma,MTBL,C,18.920381318999308,0.14202671750964058
p5622_POS,p5622_POS,plasma,MTBL,C,13.025322238780568,0.13963214453281303
"5-({[3-chloro-5-(trifluoromethyl)-2-pyridyl]methyl}thio)-4-pentyl-4H-1,2,4-triazol-3-ol_POS","5-({[3-chloro-5-(trifluoromethyl)-2-pyridyl]methyl}thio)-4-pentyl-4H-1,2,4-triazol-3-ol_POS",plasma,MTBL,C,9.69126379919234,0.031973901761178425
n2663_NEG,n2663_NEG,plasma,MTBL,C,18.632099086529273,0.13682802322383125
p426_POS,p426_POS,plasma,MTBL,C,22.04497427635659,0.1716446225280066
p824_POS,p824_POS,plasma,MTBL,C,21.76550524344051,0.22060572314016724
p1008_POS,p1008_POS,plasma,MTBL,C,18.445295275469668,0.2097297018388531
p1692_POS,p1692_POS,plasma,MTBL,C,20.914887973447584,0.17675676690828723
n416_NEG,n416_NEG,plasma,MTBL,C,23.2780220229729,0.08413877318266572
p2855_POS,p2855_POS,plasma,MTBL,C,19.476344563639913,0.11466743498169052
p1435_POS,p1435_POS,plasma,MTBL,C,21.948933636355257,0.17941561714328813
"6-Chloro-N2,N3-diethylquinoxaline-2,3-diamine_POS","6-Chloro-N2,N3-diethylquinoxaline-2,3-diamine_POS",plasma,MTBL,C,10.77454973140424,0.11631608356927892
p5751_POS,p5751_POS,plasma,MTBL,C,14.908135988726174,0.4041744688938067
n3892_NEG,n3892_NEG,plasma,MTBL,C,10.122213306365053,0.02487233528876942
p3176_POS,p3176_POS,plasma,MTBL,C,18.536247537129576,0.282863156388121
Triethylene Glycol Monomethyl Ether_POS,Triethylene Glycol Monomethyl Ether_POS,plasma,MTBL,C,16.624454291452423,0.15293327157700531
p5062_POS,p5062_POS,plasma,MTBL,C,14.759320072267318,0.1565541965623094
D-(-)-Mannitol_NEG,D-(-)-Mannitol_NEG,plasma,MTBL,C,19.576999353949585,0.44376662839591674
p1125_POS,p1125_POS,plasma,MTBL,C,21.53152626936193,0.14665926829296794
Penicillactam_POS,Penicillactam_POS,plasma,MTBL,C,17.019467310378438,0.3550157056229857
Norepinephrine sulfate_POS,Norepinephrine sulfate_POS,plasma,MTBL,C,14.885400326055342,0.04686068670452315
3-Oxalomalic acid_POS,3-Oxalomalic acid_POS,plasma,MTBL,C,18.420121486301767,0.27399413691079033
n2862_NEG,n2862_NEG,plasma,MTBL,C,16.086994901664763,0.14185624982091483
p5406_POS,p5406_POS,plasma,MTBL,C,13.126059051726298,0.13529297623992598
p2850_POS,p2850_POS,plasma,MTBL,C,12.971866390124816,0.044174297450489064
p4818_POS,p4818_POS,plasma,MTBL,C,13.626558597527428,0.2244414478928043
"5,5-dimethyl-2-{[(2-phenylacetyl)amino]methyl}-1,3-thiazolane-4-carboxylic acid_POS","5,5-dimethyl-2-{[(2-phenylacetyl)amino]methyl}-1,3-thiazolane-4-carboxylic acid_POS",plasma,MTBL,C,13.838761954322086,0.12804590500763346
2-Amino-3-methyl-1-butanol_POS,2-Amino-3-methyl-1-butanol_POS,plasma,MTBL,C,22.891978390258224,0.35786074392545686
p759_POS,p759_POS,plasma,MTBL,C,18.746276954428016,0.18062804058801163
p4520_POS,p4520_POS,plasma,MTBL,C,17.341118928980055,0.1001074362774581
NP-022470_POS,NP-022470_POS,plasma,MTBL,C,13.832162052706185,0.1554484785132395
3-Deoxyglucosone_NEG,3-Deoxyglucosone_NEG,plasma,MTBL,C,23.895492554629445,0.151864374567527
Bupropion hydrochloride_POS,Bupropion hydrochloride_POS,plasma,MTBL,C,14.943005248564424,0.08919598932431683
p3051_POS,p3051_POS,plasma,MTBL,C,15.843953015572088,0.3151988660675489
p4961_POS,p4961_POS,plasma,MTBL,C,14.204343499344834,0.18455028443387356
p2574_POS,p2574_POS,plasma,MTBL,C,14.907505530336408,0.33710792596060557
p1316_POS,p1316_POS,plasma,MTBL,C,19.29471603737645,0.20909100071897058
n2173_NEG,n2173_NEG,plasma,MTBL,C,19.284103446923393,0.12862595651586162
N-(2-Hydroxypropyl)valine_POS,N-(2-Hydroxypropyl)valine_POS,plasma,MTBL,C,16.77543109831078,0.3579808719954052
Aptaa-lhrh_POS,Aptaa-lhrh_POS,plasma,MTBL,C,20.870243043195607,0.20504225345371907
p3135_POS,p3135_POS,plasma,MTBL,C,17.915773114200892,0.21457901551431746
p3183_POS,p3183_POS,plasma,MTBL,C,14.101227736161006,0.13320055228663996
"(2S,3R)-3-Hydroxy-2-methylbutanoic acid_POS","(2S,3R)-3-Hydroxy-2-methylbutanoic acid_POS",plasma,MTBL,C,16.380274802874798,0.08236914774913373
p4972_POS,p4972_POS,plasma,MTBL,C,14.359584740583337,0.11189041039969894
p5580_POS,p5580_POS,plasma,MTBL,C,12.810379863655818,0.10814538633457893
p1952_POS,p1952_POS,plasma,MTBL,C,16.75367221032806,0.2568639995950548
p2323_POS,p2323_POS,plasma,MTBL,C,18.36624161110537,0.5990000965565514
p3421_POS,p3421_POS,plasma,MTBL,C,18.496661867985132,0.31583682640178523
p1292_POS,p1292_POS,plasma,MTBL,C,21.05931358628652,0.1725118595799806
"6-Chloro-2,3,4,5-tetrahydro-1H-3-benzazepine_NEG","6-Chloro-2,3,4,5-tetrahydro-1H-3-benzazepine_NEG",plasma,MTBL,C,21.87764673746644,0.18083923742169006
"5S,6S-epoxy-15R-hydroxy-ETE_POS","5S,6S-epoxy-15R-hydroxy-ETE_POS",plasma,MTBL,C,18.203858611874907,0.08225683313610688
p3546_POS,p3546_POS,plasma,MTBL,C,15.626598297647044,0.17065613681026193
p388_POS,p388_POS,plasma,MTBL,C,23.25623175263091,0.13266927656010452
n1179_NEG,n1179_NEG,plasma,MTBL,C,21.43775787770458,0.09048339933380589
n530_NEG,n530_NEG,plasma,MTBL,C,21.766886349698694,0.11725986819958578
p841_POS,p841_POS,plasma,MTBL,C,19.01195464460909,0.2157776717899722
n519_NEG,n519_NEG,plasma,MTBL,C,22.84404458358925,0.12038977505366688
p3536_POS,p3536_POS,plasma,MTBL,C,18.853675011719226,0.2137285582223143
n2003_NEG,n2003_NEG,plasma,MTBL,C,16.884000913316967,0.1847823708063423
"1-(4-methylphenyl)-3,5-diphenylpent-2-ene-1,5-dione_POS","1-(4-methylphenyl)-3,5-diphenylpent-2-ene-1,5-dione_POS",plasma,MTBL,C,12.770651201436005,0.09679555155337205
"(4E)-3-Hydroxy-2,4-dimethyl-4-heptenamide_POS","(4E)-3-Hydroxy-2,4-dimethyl-4-heptenamide_POS",plasma,MTBL,C,14.27844858028732,0.04137813451480277
n1782_NEG,n1782_NEG,plasma,MTBL,C,19.253906004887444,0.18322927118266819
p4486_POS,p4486_POS,plasma,MTBL,C,16.37359121077085,0.2835940609014642
3-Hydroxymepivacaine_POS,3-Hydroxymepivacaine_POS,plasma,MTBL,C,15.207480584098002,0.16043411440689326
p5350_POS,p5350_POS,plasma,MTBL,C,12.776201030781502,0.14277130907074564
n3547_NEG,n3547_NEG,plasma,MTBL,C,12.16675186577994,0.047661636824015474
Nematophin_POS,Nematophin_POS,plasma,MTBL,C,12.965050958592654,0.22413373409481707
p5600_POS,p5600_POS,plasma,MTBL,C,10.78626407421144,0.02485848367654775
NP-020240_POS,NP-020240_POS,plasma,MTBL,C,12.659564698313028,0.026736055371587852
p4633_POS,p4633_POS,plasma,MTBL,C,15.25527559124381,0.18048227083917645
n2882_NEG,n2882_NEG,plasma,MTBL,C,12.966533684093871,0.029955290294786607
Normethadone_POS,Normethadone_POS,plasma,MTBL,C,11.747051321382326,0.1651889594973106
p295_POS,p295_POS,plasma,MTBL,C,24.379470190156862,0.10270376897935662
p1289_POS,p1289_POS,plasma,MTBL,C,22.07673026355878,0.1422094304408219
p1658_POS,p1658_POS,plasma,MTBL,C,21.668960249470796,0.15327800052406815
p3295_POS,p3295_POS,plasma,MTBL,C,20.074224970841257,0.13389042634363335
n1637_NEG,n1637_NEG,plasma,MTBL,C,19.9042705863068,0.16121357092060862
n17_NEG,n17_NEG,plasma,MTBL,C,27.89091138932478,0.05490398969682886
p2792_POS,p2792_POS,plasma,MTBL,C,15.356362925969853,0.16820546645019618
"1-Phenyl-1H-pyrazolo[3,4-d]pyrimidin-4-amine_POS","1-Phenyl-1H-pyrazolo[3,4-d]pyrimidin-4-amine_POS",plasma,MTBL,C,11.874485638883284,0.02855501873849775
p3224_POS,p3224_POS,plasma,MTBL,C,19.102041157123832,0.18672589191081812
n1518_NEG,n1518_NEG,plasma,MTBL,C,20.195641877894783,0.15118005624244546
p4747_POS,p4747_POS,plasma,MTBL,C,15.721241885407135,0.17838969355952372
n3205_NEG,n3205_NEG,plasma,MTBL,C,16.760515632573355,0.28604233837806703
NP-022229_POS,NP-022229_POS,plasma,MTBL,C,14.639980425615102,0.127691699635756
p491_POS,p491_POS,plasma,MTBL,C,23.139479100824545,0.13612417875737393
Indene_POS,Indene_POS,plasma,MTBL,C,16.645444647952747,0.04597348987327621
D-(-)-Glutamine_NEG,D-(-)-Glutamine_NEG,plasma,MTBL,C,24.250193195003902,0.19194482525479728
p489_POS,p489_POS,plasma,MTBL,C,23.139479100824545,0.13612417875737393
n793_NEG,n793_NEG,plasma,MTBL,C,14.913132881839497,0.292384830975168
p1893_POS,p1893_POS,plasma,MTBL,C,19.40394973340903,0.3134056962878695
p911_POS,p911_POS,plasma,MTBL,C,22.682286512871087,0.1166691815035783
Diethylaminoethyl-Sephacel_POS,Diethylaminoethyl-Sephacel_POS,plasma,MTBL,C,15.80974768350008,0.08058687152670885
p5434_POS,p5434_POS,plasma,MTBL,C,13.61851605397526,0.21674787080690905
p1241_POS,p1241_POS,plasma,MTBL,C,21.42306041094832,0.15880857555638528
p3985_POS,p3985_POS,plasma,MTBL,C,17.398903686315577,0.22364945297064764
n2287_NEG,n2287_NEG,plasma,MTBL,C,19.53399993269276,0.27171652919585654
p275_POS,p275_POS,plasma,MTBL,C,24.969192408860557,0.12469056228997388
Norlidocaine_POS,Norlidocaine_POS,plasma,MTBL,C,16.903647597027497,0.08842631127295064
p3140_POS,p3140_POS,plasma,MTBL,C,12.617017734802184,0.08583981047955547
p5067_POS,p5067_POS,plasma,MTBL,C,17.9626588124796,0.13120742034276134
p803_POS,p803_POS,plasma,MTBL,C,22.61562368976528,0.19833501213388516
n2915_NEG,n2915_NEG,plasma,MTBL,C,9.90829745232345,0.060067005029768694
Ethyl N2-acetyl-L-argininate_POS,Ethyl N2-acetyl-L-argininate_POS,plasma,MTBL,C,13.476117028901404,0.030325343863079723
p2674_POS,p2674_POS,plasma,MTBL,C,16.57618490066793,0.14138338758669988
p1103_POS,p1103_POS,plasma,MTBL,C,15.151682463941984,0.08575012030235207
p5313_POS,p5313_POS,plasma,MTBL,C,12.983618934074595,0.12137180767156686
Sunitinib_POS,Sunitinib_POS,plasma,MTBL,C,12.295056931938744,0.3099614675454987
p4929_POS,p4929_POS,plasma,MTBL,C,12.836679902963152,0.15466611019414422
p2153_POS,p2153_POS,plasma,MTBL,C,20.880951114139386,0.12721541784007329
p3302_POS,p3302_POS,plasma,MTBL,C,12.588238810854495,0.13808140427936877
(E)-3-(2-(1H-Tetrazol-5-YL)vinyl)-6-fluoro-1H-indole_POS,(E)-3-(2-(1H-Tetrazol-5-YL)vinyl)-6-fluoro-1H-indole_POS,plasma,MTBL,C,13.021398244008942,0.25878602092928205
Norfentanyl_POS,Norfentanyl_POS,plasma,MTBL,C,13.595992582186536,0.2092506641354781
p2386_POS,p2386_POS,plasma,MTBL,C,20.24133064367362,0.09935137696070839
p5174_POS,p5174_POS,plasma,MTBL,C,17.96107700850201,0.07194199907532095
p5231_POS,p5231_POS,plasma,MTBL,C,13.559239502966845,0.07202114978253604
p5766_POS,p5766_POS,plasma,MTBL,C,10.496652954960384,0.024172903085183606
p2783_POS,p2783_POS,plasma,MTBL,C,19.389100297926117,0.1749767334222021
p5535_POS,p5535_POS,plasma,MTBL,C,15.63887512877974,0.23537078817091484
p3206_POS,p3206_POS,plasma,MTBL,C,18.722593991988255,0.294952912194848
p2422_POS,p2422_POS,plasma,MTBL,C,15.603676466491734,0.22674342297348282
p2660_POS,p2660_POS,plasma,MTBL,C,20.25643737008103,0.3079926949338301
"1-(Benzylamino)-3-(3,4-dimethylphenoxy)propan-2-ol_POS","1-(Benzylamino)-3-(3,4-dimethylphenoxy)propan-2-ol_POS",plasma,MTBL,C,14.853190304989743,0.23482455982274786
p2703_POS,p2703_POS,plasma,MTBL,C,20.01168197752556,0.1514713939096204
n1054_NEG,n1054_NEG,plasma,MTBL,C,21.333298004288796,0.23346146332600526
n2697_NEG,n2697_NEG,plasma,MTBL,C,18.715083100817136,0.14801204634322573
p2292_POS,p2292_POS,plasma,MTBL,C,15.5176801163126,0.08985691817625252
p2420_POS,p2420_POS,plasma,MTBL,C,15.558844452796414,0.25760779884270946
Dinorcapsaicin_POS,Dinorcapsaicin_POS,plasma,MTBL,C,13.20571729941077,0.05023676879571326
Clopidol_POS,Clopidol_POS,plasma,MTBL,C,15.934974717609096,0.13331441576349867
p5038_POS,p5038_POS,plasma,MTBL,C,11.314877961928534,0.07850426303521374
p1743_POS,p1743_POS,plasma,MTBL,C,17.56175263936445,0.2990194891464455
p3392_POS,p3392_POS,plasma,MTBL,C,12.90835559583025,0.1293265077733725
p1816_POS,p1816_POS,plasma,MTBL,C,20.462368375470295,0.12459013806772035
p1860_POS,p1860_POS,plasma,MTBL,C,19.86371184571424,0.32064896089457307
p4778_POS,p4778_POS,plasma,MTBL,C,13.720199451393873,0.34406914758195306
p2790_POS,p2790_POS,plasma,MTBL,C,15.68755961227533,0.15574997966787407
p239_POS,p239_POS,plasma,MTBL,C,23.411812814602413,0.23800947729695565
p4687_POS,p4687_POS,plasma,MTBL,C,12.44775167541298,0.023086741885757434
"4:2 fluorotelomer thia hydroxy propyl trimethyl ammonium;4:2 fluorotelomer thia hydroxy propyl trimethyl ammonium;fluorotelomer thiohydroxyl ammonium (Backe, D'Agostino, Meija-Avedano), X:2 fluorotelomer thioether 2-propanol trimethyl quaternary amine_POS","4:2 fluorotelomer thia hydroxy propyl trimethyl ammonium;4:2 fluorotelomer thia hydroxy propyl trimethyl ammonium;fluorotelomer thiohydroxyl ammonium (Backe, D'Agostino, Meija-Avedano), X:2 fluorotelomer thioether 2-propanol trimethyl quaternary amine_POS",plasma,MTBL,C,14.434755604211198,0.18460073794696896
p4764_POS,p4764_POS,plasma,MTBL,C,18.475179527739588,0.23873641217486252
p2860_POS,p2860_POS,plasma,MTBL,C,15.28265060359171,0.1828438567700541
p3101_POS,p3101_POS,plasma,MTBL,C,15.746428598668086,0.21626789424803583
n1642_NEG,n1642_NEG,plasma,MTBL,C,19.57107097874399,0.17219014591372428
p3116_POS,p3116_POS,plasma,MTBL,C,17.85864261175423,0.15378933131109207
p2565_POS,p2565_POS,plasma,MTBL,C,16.298150232970375,0.14706920432072934
p150_POS,p150_POS,plasma,MTBL,C,22.86741986088015,0.2942307569157556
n818_NEG,n818_NEG,plasma,MTBL,C,21.3684332387576,0.15654724202173043
p4850_POS,p4850_POS,plasma,MTBL,C,15.275347089851955,0.2145576676810368
p5409_POS,p5409_POS,plasma,MTBL,C,13.288794607076522,0.2566020252792498
p4656_POS,p4656_POS,plasma,MTBL,C,13.907759514398473,0.10695920457754937
"3'-Glucosyl-2',4',6'-trihydroxyacetophenone_NEG","3'-Glucosyl-2',4',6'-trihydroxyacetophenone_NEG",plasma,MTBL,C,13.01357337948222,0.18044289879420106
n2392_NEG,n2392_NEG,plasma,MTBL,C,15.186857375584893,0.3049733056406989
p4777_POS,p4777_POS,plasma,MTBL,C,16.477328787673006,0.18247624680964947
p1072_POS,p1072_POS,plasma,MTBL,C,14.645671551036454,0.1334308023484585
p4707_POS,p4707_POS,plasma,MTBL,C,14.599092779449284,0.12075372354062353
n1124_NEG,n1124_NEG,plasma,MTBL,C,21.77284388298019,0.10795352165882122
n3625_NEG,n3625_NEG,plasma,MTBL,C,12.992762583917756,0.09340001364846806
n2560_NEG,n2560_NEG,plasma,MTBL,C,18.233810096923943,0.2945056666242998
p4279_POS,p4279_POS,plasma,MTBL,C,17.290882466986186,0.26500309690525015
p2388_POS,p2388_POS,plasma,MTBL,C,20.24133064367362,0.09519635668721449
p2946_POS,p2946_POS,plasma,MTBL,C,15.70344350896434,0.294968155329455
p4627_POS,p4627_POS,plasma,MTBL,C,14.78615765806626,0.5959867627019069
Choline_POS,Choline_POS,plasma,MTBL,C,24.131537235262012,0.2925938036309397
p3487_POS,p3487_POS,plasma,MTBL,C,18.69783669335253,0.24206742436996365
p5757_POS,p5757_POS,plasma,MTBL,C,11.14454585196663,0.10403037649888525
p2821_POS,p2821_POS,plasma,MTBL,C,19.048952719005488,0.21486015636612166
p81_POS,p81_POS,plasma,MTBL,C,25.72860405641461,0.11849250774715614
p4173_POS,p4173_POS,plasma,MTBL,C,18.94957751973607,0.23165102263331505
"4-methoxyphenyl 3,5-dimethyl-1-phenyl-1H-pyrazole-4-carboxylate_POS","4-methoxyphenyl 3,5-dimethyl-1-phenyl-1H-pyrazole-4-carboxylate_POS",plasma,MTBL,C,12.257136729620006,0.12491901286237983
n370_NEG,n370_NEG,plasma,MTBL,C,23.588862240720832,0.1197798072448073
p2083_POS,p2083_POS,plasma,MTBL,C,20.188713711937304,0.1658653218645938
n1771_NEG,n1771_NEG,plasma,MTBL,C,19.46418374531157,0.14515788344546365
p4768_POS,p4768_POS,plasma,MTBL,C,13.028587005960617,0.668285821701101
p5247_POS,p5247_POS,plasma,MTBL,C,11.807606480942582,0.08256635347448515
Acrylic acid_NEG,Acrylic acid_NEG,plasma,MTBL,C,21.28905928657535,0.16112137558319617
p1714_POS,p1714_POS,plasma,MTBL,C,19.444143651705435,0.14825345032358683
p4608_POS,p4608_POS,plasma,MTBL,C,13.912048325908309,0.2329226313154873
4-Aminobenzoic acid_POS,4-Aminobenzoic acid_POS,plasma,MTBL,C,19.52979396340608,1.4319916711479408
p1100_POS,p1100_POS,plasma,MTBL,C,20.894089273163484,0.19599401348420642
n2798_NEG,n2798_NEG,plasma,MTBL,C,18.240935093113816,0.20039718188861144
p5275_POS,p5275_POS,plasma,MTBL,C,13.496371296166329,0.13707764287366508
p2154_POS,p2154_POS,plasma,MTBL,C,20.89191927310738,0.12506146628579984
n1123_NEG,n1123_NEG,plasma,MTBL,C,21.438127766943104,0.0947684465177474
n1421_NEG,n1421_NEG,plasma,MTBL,C,20.690322231916102,0.12103782935152552
n3101_NEG,n3101_NEG,plasma,MTBL,C,18.104382706452306,0.14233407042816637
p1344_POS,p1344_POS,plasma,MTBL,C,20.255117974631016,0.27826373154398
n606_NEG,n606_NEG,plasma,MTBL,C,21.510897076137056,0.09650696929651659
p5410_POS,p5410_POS,plasma,MTBL,C,13.62664381253765,0.12017241266457113
p5031_POS,p5031_POS,plasma,MTBL,C,14.599285534595513,0.0981260437914635
n644_NEG,n644_NEG,plasma,MTBL,C,22.31646568097088,0.21670788117965856
p2191_POS,p2191_POS,plasma,MTBL,C,18.646937610543254,0.36263895005877345
"2-Methyl-N-(3-morpholinopropyl)-1,5-diphenyl-1H-pyrrole-3-carboxamide_POS","2-Methyl-N-(3-morpholinopropyl)-1,5-diphenyl-1H-pyrrole-3-carboxamide_POS",plasma,MTBL,C,11.763187118091995,0.042156497295275486
p3491_POS,p3491_POS,plasma,MTBL,C,14.008356623839388,0.18705078466813596
p4584_POS,p4584_POS,plasma,MTBL,C,18.44907498986664,0.19391065272699848
Acetyl-β-methylcholine_POS,Acetyl-β-methylcholine_POS,plasma,MTBL,C,18.99231277507944,0.3770967818199651
p2986_POS,p2986_POS,plasma,MTBL,C,16.81373587190619,0.2416985759977841
Valine_POS,Valine_POS,plasma,MTBL,C,26.47278174663185,0.22669689906479107
p4920_POS,p4920_POS,plasma,MTBL,C,13.124716818513717,0.04337316903351329
p3155_POS,p3155_POS,plasma,MTBL,C,15.16117462198496,0.15551116008600552
Proline_POS,Proline_POS,plasma,MTBL,C,25.719114461842945,0.2733920793009794
p4187_POS,p4187_POS,plasma,MTBL,C,13.619061117050258,0.053941617296802136
p3156_POS,p3156_POS,plasma,MTBL,C,13.24640019895065,0.04257687338340688
"1-{4-[(3S)-3-(5-Phenyl-1,3,4-oxadiazol-2-yl)-1-pyrrolidinyl]-1-piperidinyl}ethanone_POS","1-{4-[(3S)-3-(5-Phenyl-1,3,4-oxadiazol-2-yl)-1-pyrrolidinyl]-1-piperidinyl}ethanone_POS",plasma,MTBL,C,12.776335748858283,0.11923803200001082
p5686_POS,p5686_POS,plasma,MTBL,C,11.266619146871422,0.12348958776895458
p1242_POS,p1242_POS,plasma,MTBL,C,22.148373546137055,0.151867156238648
p2789_POS,p2789_POS,plasma,MTBL,C,15.46476291743273,0.16350525958551643
p2612_POS,p2612_POS,plasma,MTBL,C,18.93157044831892,0.2527108362502375
Tanomastat_NEG,Tanomastat_NEG,plasma,MTBL,C,16.72327200220294,0.30858806282650164
n2883_NEG,n2883_NEG,plasma,MTBL,C,14.517212085814217,0.41541483265538126
n622_NEG,n622_NEG,plasma,MTBL,C,22.53695051392921,0.10676376650916808
p4264_POS,p4264_POS,plasma,MTBL,C,13.634210036785507,0.12669299915922316
p1853_POS,p1853_POS,plasma,MTBL,C,20.62114259871896,0.11374421530893741
p4772_POS,p4772_POS,plasma,MTBL,C,14.159693453190847,0.27356383484477576
p4461_POS,p4461_POS,plasma,MTBL,C,12.1134891627831,0.03612353364443699
Cocaine_POS,Cocaine_POS,plasma,MTBL,C,15.083193775602531,0.20320040300892117
p5776_POS,p5776_POS,plasma,MTBL,C,10.696696037414805,0.1320428706501655
2-Furanmethanol_POS,2-Furanmethanol_POS,plasma,MTBL,C,17.392926161978224,0.20780973505686617
p1063_POS,p1063_POS,plasma,MTBL,C,21.650678435628695,0.13914477732429376
p5212_POS,p5212_POS,plasma,MTBL,C,12.484453586686136,0.036031310688914076
p5731_POS,p5731_POS,plasma,MTBL,C,15.264113596624291,0.0370881184207601
(S)-(+)-2-Amino-1-propanol_POS,(S)-(+)-2-Amino-1-propanol_POS,plasma,MTBL,C,19.42685364071265,0.6573222510576961
p4287_POS,p4287_POS,plasma,MTBL,C,12.56245630757237,0.1721577663050624
p4378_POS,p4378_POS,plasma,MTBL,C,18.13930010011017,0.26300426327373927
p3794_POS,p3794_POS,plasma,MTBL,C,13.32641330414414,0.0494561513130094
D3-Alanine-ISTD_POS,D3-Alanine-ISTD_POS,plasma,MTBL,C,22.11578888288444,0.1206936717358964
p2868_POS,p2868_POS,plasma,MTBL,C,19.059149485862587,0.31287636529917506
Acetylhomoserine_POS,Acetylhomoserine_POS,plasma,MTBL,C,19.624937990542808,0.2387219461833574
p2170_POS,p2170_POS,plasma,MTBL,C,20.14202730211016,0.2405118800155428
n3603_NEG,n3603_NEG,plasma,MTBL,C,12.190930374482958,0.03286030140552754
p4111_POS,p4111_POS,plasma,MTBL,C,16.999608400373774,0.23527040061575732
p3610_POS,p3610_POS,plasma,MTBL,C,18.436131843214017,0.2114144311625381
Ethephon_POS,Ethephon_POS,plasma,MTBL,C,19.13953787343886,0.16381099013079492
p448_POS,p448_POS,plasma,MTBL,C,23.23798107838364,0.12258576265589483
p2522_POS,p2522_POS,plasma,MTBL,C,14.810250505434686,0.21221854224246783
p3802_POS,p3802_POS,plasma,MTBL,C,18.974428671857893,0.3326464239641922
p897_POS,p897_POS,plasma,MTBL,C,20.927789423073687,0.38987908227712254
p1098_POS,p1098_POS,plasma,MTBL,C,19.648352738212157,0.29366353469646
Triisobutyl phosphate_POS,Triisobutyl phosphate_POS,plasma,MTBL,C,12.167206299601782,0.13471019319670674
p5512_POS,p5512_POS,plasma,MTBL,C,13.125815688743916,0.12556143501192807
p5415_POS,p5415_POS,plasma,MTBL,C,12.66771803781372,0.12442479192929845
2-Hydroxy-4-oxopentanoic acid_NEG,2-Hydroxy-4-oxopentanoic acid_NEG,plasma,MTBL,C,21.955240987934964,0.16268505530658928
p3425_POS,p3425_POS,plasma,MTBL,C,18.714146476758884,0.19960715684953456
p3943_POS,p3943_POS,plasma,MTBL,C,18.557632971681848,0.1719603104399745
p5106_POS,p5106_POS,plasma,MTBL,C,12.055122697940348,0.023132165669066396
p4524_POS,p4524_POS,plasma,MTBL,C,14.20039259693007,0.12448139645658607
p554_POS,p554_POS,plasma,MTBL,C,23.05837862502628,0.17783369889578537
"Bis(dethio)-10a-methylthio-3a-deoxy-3,3a-didehydrogliotoxin_POS","Bis(dethio)-10a-methylthio-3a-deoxy-3,3a-didehydrogliotoxin_POS",plasma,MTBL,C,15.042216028289966,0.10645033938589066
p3947_POS,p3947_POS,plasma,MTBL,C,14.484456506705143,0.1622378809132794
p3690_POS,p3690_POS,plasma,MTBL,C,14.040311555447492,0.07618791799218805
p3366_POS,p3366_POS,plasma,MTBL,C,18.623680186790505,0.3316480862636766
Methylone_POS,Methylone_POS,plasma,MTBL,C,13.751601132901891,0.17875425038647208
p100_POS,p100_POS,plasma,MTBL,C,26.303020301177035,0.1702839421175213
4-Acetamidobutanoic acid_POS,4-Acetamidobutanoic acid_POS,plasma,MTBL,C,17.227567802332707,0.23839072429176866
2-Methylbutyroylcarnitine_NEG,2-Methylbutyroylcarnitine_NEG,plasma,MTBL,C,12.460177356061024,0.07360505667197792
WS75624 B_POS,WS75624 B_POS,plasma,MTBL,C,12.381043371333478,0.10185669607179548
"2-(2-Thienylmethylene)-1,6-dioxaspiro[4.4]non-3-ene_POS","2-(2-Thienylmethylene)-1,6-dioxaspiro[4.4]non-3-ene_POS",plasma,MTBL,C,27.32730789423424,0.1720376723434569
p5153_POS,p5153_POS,plasma,MTBL,C,11.017398877847,0.21027067533801613
p4135_POS,p4135_POS,plasma,MTBL,C,12.628965467976164,0.09083016105771158
p2932_POS,p2932_POS,plasma,MTBL,C,17.403383910842436,0.24591884234922645
p1944_POS,p1944_POS,plasma,MTBL,C,14.414881737810116,0.2559193559360917
p2826_POS,p2826_POS,plasma,MTBL,C,20.38544789809539,0.16376727013407333
alpha-Ketoisovaleric acid_NEG,alpha-Ketoisovaleric acid_NEG,plasma,MTBL,C,18.83317427020889,0.20326509702658058
D-Serine_POS,D-Serine_POS,plasma,MTBL,C,22.7458718179842,0.28790317367412044
p2327_POS,p2327_POS,plasma,MTBL,C,13.63922069047062,0.04859540372498117
n3850_NEG,n3850_NEG,plasma,MTBL,C,9.719773194945727,0.024810505730512133
p730_POS,p730_POS,plasma,MTBL,C,20.297717039023887,0.24168314276037606
p1215_POS,p1215_POS,plasma,MTBL,C,22.44591466058216,0.08755453014003933
n413_NEG,n413_NEG,plasma,MTBL,C,23.301318780892498,0.11884536717330363
Ritodrine_POS,Ritodrine_POS,plasma,MTBL,C,15.027905041172003,0.21945935777799974
Benzoylecgonine_POS,Benzoylecgonine_POS,plasma,MTBL,C,13.61976743695725,0.09627662996048691
p4740_POS,p4740_POS,plasma,MTBL,C,12.547743800736344,0.20696270958336704
p2673_POS,p2673_POS,plasma,MTBL,C,12.49200491423024,0.11651861758243953
p2181_POS,p2181_POS,plasma,MTBL,C,20.726451331293177,0.20747715799943833
p3588_POS,p3588_POS,plasma,MTBL,C,14.580972033252555,0.2872395777261598
L-Cystine_POS,L-Cystine_POS,plasma,MTBL,C,23.51196402569575,0.22633539196626629
p838_POS,p838_POS,plasma,MTBL,C,21.86104399817749,0.25780760368618516
O-Desmethylvenlafaxine_POS,O-Desmethylvenlafaxine_POS,plasma,MTBL,C,12.999631396658286,0.02691649727091594
p2545_POS,p2545_POS,plasma,MTBL,C,17.870492569619103,0.3351339415137069
p1513_POS,p1513_POS,plasma,MTBL,C,20.677530771485305,0.16702347519042604
N-Acetyl-L-carnosine_POS,N-Acetyl-L-carnosine_POS,plasma,MTBL,C,15.737576301191153,0.36113421223048014
p1753_POS,p1753_POS,plasma,MTBL,C,13.56915182013972,0.18109201840856848
p793_POS,p793_POS,plasma,MTBL,C,13.176182456114784,0.16294701948481993
p3763_POS,p3763_POS,plasma,MTBL,C,15.12204774345158,0.15006198957941486
p2809_POS,p2809_POS,plasma,MTBL,C,20.62183277243997,0.12573723233878908
n1776_NEG,n1776_NEG,plasma,MTBL,C,19.25012238839161,0.18199002003348852
p4804_POS,p4804_POS,plasma,MTBL,C,15.141859174310383,0.17351281427861132
p4616_POS,p4616_POS,plasma,MTBL,C,13.628413600568736,0.06267164962354776
p4165_POS,p4165_POS,plasma,MTBL,C,15.942360713861913,0.18913722327541294
p1339_POS,p1339_POS,plasma,MTBL,C,15.77163321379254,0.9481232152643919
Bis(cyano-kappaC)iron_POS,Bis(cyano-kappaC)iron_POS,plasma,MTBL,C,19.476361623481505,0.17797971138008606
p5485_POS,p5485_POS,plasma,MTBL,C,13.117535188375108,0.16068220801166433
1-Methyl-4-nitroimidazole_POS,1-Methyl-4-nitroimidazole_POS,plasma,MTBL,C,13.88560130347854,0.19547239093437163
p4859_POS,p4859_POS,plasma,MTBL,C,12.34973460587798,0.22013699020352462
n914_NEG,n914_NEG,plasma,MTBL,C,21.92157230602891,0.08047269299905935
n3497_NEG,n3497_NEG,plasma,MTBL,C,15.635005013461289,0.2098054573726067
n3769_NEG,n3769_NEG,plasma,MTBL,C,10.36221149646083,0.06006700502977225
p3809_POS,p3809_POS,plasma,MTBL,C,14.181537490943748,0.09552608911248406
Verapamil  metabolite D-617_POS,Verapamil  metabolite D-617_POS,plasma,MTBL,C,14.818824201385263,0.1946404764798242
p2023_POS,p2023_POS,plasma,MTBL,C,16.90760636485769,0.29904909973335947
Penicillamine disulfide_POS,Penicillamine disulfide_POS,plasma,MTBL,C,12.433674096758232,0.030037042299479566
n1471_NEG,n1471_NEG,plasma,MTBL,C,18.020882448423304,0.29700842413378936
p4888_POS,p4888_POS,plasma,MTBL,C,15.626606724763688,0.09742576453943208
p2704_POS,p2704_POS,plasma,MTBL,C,20.015008322475765,0.1497370661033024
p5723_POS,p5723_POS,plasma,MTBL,C,11.138578413523906,0.04101559643680197
n1579_NEG,n1579_NEG,plasma,MTBL,C,17.372343134138262,0.22545694678602501
n3284_NEG,n3284_NEG,plasma,MTBL,C,10.1724122486718,0.02518410374310953
n3404_NEG,n3404_NEG,plasma,MTBL,C,12.293326168689228,0.16998667695245295
p1217_POS,p1217_POS,plasma,MTBL,C,19.16425102646132,0.2687975887533014
p1647_POS,p1647_POS,plasma,MTBL,C,15.312550615879369,0.1504522586108532
p3510_POS,p3510_POS,plasma,MTBL,C,18.696960330105828,0.14840581612283543
n1513_NEG,n1513_NEG,plasma,MTBL,C,17.89876643437703,0.21804072329869584
p3468_POS,p3468_POS,plasma,MTBL,C,14.79064924014771,0.42777784960388665
p4076_POS,p4076_POS,plasma,MTBL,C,15.829915831686913,0.22667976179288551
n2312_NEG,n2312_NEG,plasma,MTBL,C,17.49017984203224,0.42018427664677205
p4752_POS,p4752_POS,plasma,MTBL,C,14.98138902361597,0.18134194717415042
p1276_POS,p1276_POS,plasma,MTBL,C,21.335460876183415,0.15506311214472746
n1685_NEG,n1685_NEG,plasma,MTBL,C,18.584168761256382,0.18025648203767375
p4476_POS,p4476_POS,plasma,MTBL,C,17.693545457264154,0.32619299045671823
n3169_NEG,n3169_NEG,plasma,MTBL,C,12.730790494660376,0.026754688940192395
p4537_POS,p4537_POS,plasma,MTBL,C,14.34664771107128,0.1362607184913287
p5551_POS,p5551_POS,plasma,MTBL,C,12.89997973210546,0.11612184077516474
n309_NEG,n309_NEG,plasma,MTBL,C,23.843618669272004,0.1352027494090713
p4746_POS,p4746_POS,plasma,MTBL,C,14.204018772043703,0.23088537335109294
p4718_POS,p4718_POS,plasma,MTBL,C,13.576625446743265,0.26358205905459187
p4800_POS,p4800_POS,plasma,MTBL,C,15.751474482916576,0.11812163222031558
p5503_POS,p5503_POS,plasma,MTBL,C,12.60485956951334,0.07494467407989625
p214_POS,p214_POS,plasma,MTBL,C,25.36324373865249,0.1289010811972986
p2967_POS,p2967_POS,plasma,MTBL,C,18.978655759566426,0.060397957181535844
p3647_POS,p3647_POS,plasma,MTBL,C,14.996038583183,0.31615526349209766
p5146_POS,p5146_POS,plasma,MTBL,C,13.711630792164708,0.162918261166352
p5749_POS,p5749_POS,plasma,MTBL,C,12.739000761859645,0.10876025598432548
p4817_POS,p4817_POS,plasma,MTBL,C,14.00821752375367,0.11067480805328955
Suberic acid_POS,Suberic acid_POS,plasma,MTBL,C,19.21967876829796,0.06931425066492025
Guanine_POS,Guanine_POS,plasma,MTBL,C,14.00386235912595,0.21774110583256245
p3950_POS,p3950_POS,plasma,MTBL,C,14.680574246488552,0.045997237153935444
p3497_POS,p3497_POS,plasma,MTBL,C,15.537139140796585,0.3934471427639874
p411_POS,p411_POS,plasma,MTBL,C,24.516884618815613,0.15070429404752161
O-Desmethyl-lacosamide_POS,O-Desmethyl-lacosamide_POS,plasma,MTBL,C,14.312780396120708,0.07798277329485614
n3671_NEG,n3671_NEG,plasma,MTBL,C,9.414312547303592,0.08250986891424361
p2410_POS,p2410_POS,plasma,MTBL,C,13.950447965702631,0.23160700194205042
3-Hydroxypyridine_POS,3-Hydroxypyridine_POS,plasma,MTBL,C,17.073091278390613,0.8901619454965086
Acetyl-L-carnitine_POS,Acetyl-L-carnitine_POS,plasma,MTBL,C,23.68139859043847,0.3465466266681396
n2154_NEG,n2154_NEG,plasma,MTBL,C,16.00916001513978,0.2432265217114331
p4025_POS,p4025_POS,plasma,MTBL,C,11.644501570731869,0.16714668513981756
p4641_POS,p4641_POS,plasma,MTBL,C,13.98226430868104,0.213376913786945
n1802_NEG,n1802_NEG,plasma,MTBL,C,17.777575420665485,0.223302044521148
p2439_POS,p2439_POS,plasma,MTBL,C,15.915203208487632,0.2058550854333845
D4-Taurine-ISTD_NEG,D4-Taurine-ISTD_NEG,plasma,MTBL,C,21.73135166019526,0.08363530286913701
D-(-)-Lyxose_NEG,D-(-)-Lyxose_NEG,plasma,MTBL,C,17.782872103605136,0.38880299660811346
Miglitol_NEG,Miglitol_NEG,plasma,MTBL,C,19.21752877736903,0.2619010105461612
p461_POS,p461_POS,plasma,MTBL,C,21.406349255732376,0.17911749040752412
n1647_NEG,n1647_NEG,plasma,MTBL,C,19.94702372080368,0.16074819769513127
D3-Lactate_NEG,D3-Lactate_NEG,plasma,MTBL,C,21.42891836229927,0.1344845703133295
p5791_POS,p5791_POS,plasma,MTBL,C,11.556683628516891,0.24807041953372
p3127_POS,p3127_POS,plasma,MTBL,C,19.1138294644597,0.1627368343923905
n101_NEG,n101_NEG,plasma,MTBL,C,25.443617673645008,0.07969480441957089
p4213_POS,p4213_POS,plasma,MTBL,C,14.18098410596604,0.222188991905778
p3858_POS,p3858_POS,plasma,MTBL,C,15.442920310378389,0.3016591838360867
Megazol_POS,Megazol_POS,plasma,MTBL,C,26.06456045161937,0.18207341714598257
Pyrrolidine_POS,Pyrrolidine_POS,plasma,MTBL,C,23.066233964268395,0.2531670286698109
p4492_POS,p4492_POS,plasma,MTBL,C,12.922419157786866,0.12207693509591344
p1587_POS,p1587_POS,plasma,MTBL,C,22.07933948016692,0.1202895460904827
p2387_POS,p2387_POS,plasma,MTBL,C,20.21854288193057,0.0968018674613802
p1635_POS,p1635_POS,plasma,MTBL,C,20.71232123869035,0.18146519244274018
n663_NEG,n663_NEG,plasma,MTBL,C,21.534156289371097,0.1456953073563021
2-Oxopropyl 2-oxopropanoate_NEG,2-Oxopropyl 2-oxopropanoate_NEG,plasma,MTBL,C,23.168988263254235,0.13466970495122865
p2927_POS,p2927_POS,plasma,MTBL,C,15.638891824605544,0.11283133263376399
p1425_POS,p1425_POS,plasma,MTBL,C,21.950522625980863,0.1789417610579882
LysoPC(6:0/0:0)_POS,LysoPC(6:0/0:0)_POS,plasma,MTBL,C,11.567060365789835,0.11500945121894013
p337_POS,p337_POS,plasma,MTBL,C,24.427055348014704,0.127531075122171
3-Hydroxyhexanoylcarnitine_POS,3-Hydroxyhexanoylcarnitine_POS,plasma,MTBL,C,12.754275836141964,0.02236912962386839
Etifoxine_POS,Etifoxine_POS,plasma,MTBL,C,13.656130212710902,0.12686756885658212
p1418_POS,p1418_POS,plasma,MTBL,C,18.832512933007095,0.28412307291007366
p4117_POS,p4117_POS,plasma,MTBL,C,12.940830838762624,0.028603365610425868
Benzatropine_POS,Benzatropine_POS,plasma,MTBL,C,12.24539807116444,0.1749624189309955
n489_NEG,n489_NEG,plasma,MTBL,C,21.826299300442702,0.17168559427582508
n607_NEG,n607_NEG,plasma,MTBL,C,22.071735722283993,0.10780837991760706
n1837_NEG,n1837_NEG,plasma,MTBL,C,19.04480802986573,0.2963325299800488
Dimethyl sulfone_POS,Dimethyl sulfone_POS,plasma,MTBL,C,16.09923613799347,0.24636070250954134
L-Isoleucine_POS,L-Isoleucine_POS,plasma,MTBL,C,25.8086401529487,0.28199516103532574
p5620_POS,p5620_POS,plasma,MTBL,C,12.804336467102887,0.15164503539108942
p4628_POS,p4628_POS,plasma,MTBL,C,14.781802189700535,0.6175878841728508
p3074_POS,p3074_POS,plasma,MTBL,C,18.272902439598436,0.23624177745938368
p1020_POS,p1020_POS,plasma,MTBL,C,18.5004532523039,0.2730891510870208
p2504_POS,p2504_POS,plasma,MTBL,C,16.09560048625607,0.14361346962032684
NP-022371_POS,NP-022371_POS,plasma,MTBL,C,11.75511613250561,0.10226381554873676
p4703_POS,p4703_POS,plasma,MTBL,C,16.50742057865916,0.1983548292397863
p5108_POS,p5108_POS,plasma,MTBL,C,12.315840619682092,0.0309643143990872
L-Citronellol glucoside_POS,L-Citronellol glucoside_POS,plasma,MTBL,C,11.714612904952167,0.15663085511370234
p2788_POS,p2788_POS,plasma,MTBL,C,15.358642983710988,0.16820546645019263
Neoenactin NL1_POS,Neoenactin NL1_POS,plasma,MTBL,C,13.225981212216128,0.16853213018463542
p3611_POS,p3611_POS,plasma,MTBL,C,13.734779039464923,0.057537962886639704
Fortimicin B_POS,Fortimicin B_POS,plasma,MTBL,C,13.447282762697064,0.23590149369481672
p4385_POS,p4385_POS,plasma,MTBL,C,13.811024331937183,0.22518838096439353
p5760_POS,p5760_POS,plasma,MTBL,C,9.69086006319053,0.02984210584365421
Quinolonic acid_POS,Quinolonic acid_POS,plasma,MTBL,C,20.710466583376373,0.25708749321135826
n3756_NEG,n3756_NEG,plasma,MTBL,C,14.857482467435853,0.25495826412301703
p3988_POS,p3988_POS,plasma,MTBL,C,13.509591524019571,0.1171053405283633
N-(4-Aminobutyl)-2-Naphthalenesulfonamide_POS,N-(4-Aminobutyl)-2-Naphthalenesulfonamide_POS,plasma,MTBL,C,15.909617217091023,0.1451802274714744
n1366_NEG,n1366_NEG,plasma,MTBL,C,20.457094360647844,0.11494958392747634
p2931_POS,p2931_POS,plasma,MTBL,C,17.37818711061984,0.2163675592881198
p5304_POS,p5304_POS,plasma,MTBL,C,12.662613026107564,0.10836532437961566
p5650_POS,p5650_POS,plasma,MTBL,C,13.39791494317602,0.28232008929712826
p2190_POS,p2190_POS,plasma,MTBL,C,18.59450464221307,0.30566392864374947
p4893_POS,p4893_POS,plasma,MTBL,C,13.631638892455648,0.06549877474470378
p671_POS,p671_POS,plasma,MTBL,C,21.09076015305817,0.27898931494888757
p3938_POS,p3938_POS,plasma,MTBL,C,13.84244115065128,0.23238828171542636
n455_NEG,n455_NEG,plasma,MTBL,C,23.03723856721793,0.1577007688619183
p503_POS,p503_POS,plasma,MTBL,C,23.116241022212375,0.16206299765655885
n1536_NEG,n1536_NEG,plasma,MTBL,C,20.060060617790818,0.15231681726853452
n662_NEG,n662_NEG,plasma,MTBL,C,21.53154712828231,0.1419891743287245
p1214_POS,p1214_POS,plasma,MTBL,C,22.40337088093434,0.07886811584615216
n1654_NEG,n1654_NEG,plasma,MTBL,C,18.239309709607426,0.2502123460172285
n2197_NEG,n2197_NEG,plasma,MTBL,C,19.06705423014167,0.2261331257663457
p5598_POS,p5598_POS,plasma,MTBL,C,12.977006207449229,0.10394557521949288
p2303_POS,p2303_POS,plasma,MTBL,C,20.0801580201791,0.2631275458716651
p2020_POS,p2020_POS,plasma,MTBL,C,11.891250395537709,0.038226114205404116
p4013_POS,p4013_POS,plasma,MTBL,C,18.11066631470444,0.14665829328282598
p5688_POS,p5688_POS,plasma,MTBL,C,12.493598720707611,0.12047706356693233
L-Kynurenine_POS,L-Kynurenine_POS,plasma,MTBL,C,19.691549175595167,0.18564021808796127
p4955_POS,p4955_POS,plasma,MTBL,C,12.768436965121325,0.21483067044414916
p2074_POS,p2074_POS,plasma,MTBL,C,12.224068309728766,0.21534516129594472
n656_NEG,n656_NEG,plasma,MTBL,C,15.214640091771438,0.25038710480705006
p3351_POS,p3351_POS,plasma,MTBL,C,18.894662759699887,0.1594252541310084
p1536_POS,p1536_POS,plasma,MTBL,C,16.179610034789228,0.10220633414703784
p1911_POS,p1911_POS,plasma,MTBL,C,19.99279706221977,0.11929198481410452
p223_POS,p223_POS,plasma,MTBL,C,21.603875819013595,0.13676415651942264
p5450_POS,p5450_POS,plasma,MTBL,C,12.831436874029457,0.19098146162572327
n3080_NEG,n3080_NEG,plasma,MTBL,C,12.877135712698273,0.028879884082847695
2-Pyrrolidinone_POS,2-Pyrrolidinone_POS,plasma,MTBL,C,26.44729912242208,0.22270464155961278
p5137_POS,p5137_POS,plasma,MTBL,C,13.941991302017268,0.23140525888826424
Cyclo(D-Tyr- L-Leu)_POS,Cyclo(D-Tyr- L-Leu)_POS,plasma,MTBL,C,13.598131111955087,0.12337243645370854
p2503_POS,p2503_POS,plasma,MTBL,C,12.580129909133737,0.41970909948273594
p3711_POS,p3711_POS,plasma,MTBL,C,17.276671961521966,0.20280045022276383
p2719_POS,p2719_POS,plasma,MTBL,C,13.287694343857106,0.047213882862752854
p1749_POS,p1749_POS,plasma,MTBL,C,19.98813376336784,0.22394894526916787
n898_NEG,n898_NEG,plasma,MTBL,C,19.433387216151328,0.18864682954145096
n2632_NEG,n2632_NEG,plasma,MTBL,C,13.654384045739638,0.11707186896322952
NAPQI_POS,NAPQI_POS,plasma,MTBL,C,12.578852980609474,0.21698297612537232
Imazamethabenz-methyl_POS,Imazamethabenz-methyl_POS,plasma,MTBL,C,13.35009553887175,0.0843114770610427
p4043_POS,p4043_POS,plasma,MTBL,C,16.517956431641966,0.2744380871982557
n1927_NEG,n1927_NEG,plasma,MTBL,C,19.755034039633006,0.11572664149647238
3-Methylcrotonylglycine_POS,3-Methylcrotonylglycine_POS,plasma,MTBL,C,14.337591902038271,0.046629110635549864
p5615_POS,p5615_POS,plasma,MTBL,C,12.212133863418044,0.08583981047955191
L-Valine_NEG,L-Valine_NEG,plasma,MTBL,C,16.418458368616427,0.3137905064757227
n2285_NEG,n2285_NEG,plasma,MTBL,C,16.724811685721377,0.08119949560743933
Doxylamine_POS,Doxylamine_POS,plasma,MTBL,C,17.11809077759005,0.16076877518733923
p2624_POS,p2624_POS,plasma,MTBL,C,16.560331209318193,0.26265203562648765
1-Methylinosine_POS,1-Methylinosine_POS,plasma,MTBL,C,16.46380614142582,0.47793316871868186
p3047_POS,p3047_POS,plasma,MTBL,C,13.121045789908468,0.0550550708790567
p1022_POS,p1022_POS,plasma,MTBL,C,20.33915370564285,0.0826335330221184
n1876_NEG,n1876_NEG,plasma,MTBL,C,19.62568032572504,0.20624476706909434
n2564_NEG,n2564_NEG,plasma,MTBL,C,13.16134412688236,0.03683556308978986
p4595_POS,p4595_POS,plasma,MTBL,C,12.350573875209408,0.05732258716544969
p4189_POS,p4189_POS,plasma,MTBL,C,13.161368246248218,0.14860360594727418
Tripelennamine_POS,Tripelennamine_POS,plasma,MTBL,C,12.5463665027468,0.11412159153944579
p3225_POS,p3225_POS,plasma,MTBL,C,19.101145102309633,0.1872593020587665
p12_POS,p12_POS,plasma,MTBL,C,28.529956001313945,0.14105004913400876
n2170_NEG,n2170_NEG,plasma,MTBL,C,17.89246951355597,0.4849099903024161
n1677_NEG,n1677_NEG,plasma,MTBL,C,20.12113618654209,0.13401517502227023
3-Methyluridine_POS,3-Methyluridine_POS,plasma,MTBL,C,15.888599632299474,0.34333627593823124
p2469_POS,p2469_POS,plasma,MTBL,C,19.76246034096689,0.17530759396420947
p3472_POS,p3472_POS,plasma,MTBL,C,18.76272151882829,0.3641319915950838
Malondialdehyde_POS,Malondialdehyde_POS,plasma,MTBL,C,21.81386787844784,0.2925104513526655
p2784_POS,p2784_POS,plasma,MTBL,C,13.249544358594548,0.19531059501865755
p4159_POS,p4159_POS,plasma,MTBL,C,13.838485296698192,0.17510982670157382
But-2-enedial_NEG,But-2-enedial_NEG,plasma,MTBL,C,23.168988263254235,0.13466970495122865
p2702_POS,p2702_POS,plasma,MTBL,C,16.49025822584312,0.2725700880003572
n3129_NEG,n3129_NEG,plasma,MTBL,C,18.12688390938655,0.09014432290353369
p1824_POS,p1824_POS,plasma,MTBL,C,13.6695420131765,0.10538178003239551
p487_POS,p487_POS,plasma,MTBL,C,23.098507646404865,0.2778179225897226
p1244_POS,p1244_POS,plasma,MTBL,C,20.52894136936193,0.27228382095916714
p2772_POS,p2772_POS,plasma,MTBL,C,13.408773125639648,0.06240330796987159
p2418_POS,p2418_POS,plasma,MTBL,C,19.86230022474733,0.1406836418593187
Satranidazole_POS,Satranidazole_POS,plasma,MTBL,C,15.244211833050851,0.2528340051154405
p1953_POS,p1953_POS,plasma,MTBL,C,14.09390125692345,0.21623778067514543
p2625_POS,p2625_POS,plasma,MTBL,C,16.535193418073106,0.3026454354488628
p5527_POS,p5527_POS,plasma,MTBL,C,15.98716579964793,0.12712117596324468
p5765_POS,p5765_POS,plasma,MTBL,C,12.623850748575428,0.2099560972525616
p4127_POS,p4127_POS,plasma,MTBL,C,16.342449410086118,0.46948035859390913
p2722_POS,p2722_POS,plasma,MTBL,C,15.506374127595226,0.2753655955118024
p5309_POS,p5309_POS,plasma,MTBL,C,17.47706464424371,0.15265622883683605
p2280_POS,p2280_POS,plasma,MTBL,C,18.75668278860442,0.32280296139091647
p1624_POS,p1624_POS,plasma,MTBL,C,15.01070823417846,0.511232253926309
"3-(2-methylpropyl)-octahydropyrrolo[1,2-a]pyrazine-1,4-dione_POS","3-(2-methylpropyl)-octahydropyrrolo[1,2-a]pyrazine-1,4-dione_POS",plasma,MTBL,C,13.300673788821983,0.48608321252937436
n357_NEG,n357_NEG,plasma,MTBL,C,22.05257721540496,0.12937903989907795
p4973_POS,p4973_POS,plasma,MTBL,C,17.258286035955503,0.16083484264522596
p3260_POS,p3260_POS,plasma,MTBL,C,14.23974548860316,0.18961455191180576
5-Methyl-1H-pyrazole-3-carboxylic acid_POS,5-Methyl-1H-pyrazole-3-carboxylic acid_POS,plasma,MTBL,C,24.56584105075967,0.16268445043811397
p427_POS,p427_POS,plasma,MTBL,C,22.04497427635659,0.1716446225280066
p4164_POS,p4164_POS,plasma,MTBL,C,15.927327229459092,0.17554636603892604
3-(1H-benzo[d]imidazol-2-yl)-6-ethyl-7-hydroxy-4H-chromen-4-one_POS,3-(1H-benzo[d]imidazol-2-yl)-6-ethyl-7-hydroxy-4H-chromen-4-one_POS,plasma,MTBL,C,13.333919760768788,0.10327341762845776
p1756_POS,p1756_POS,plasma,MTBL,C,20.617405064940616,0.08676391259553284
n2326_NEG,n2326_NEG,plasma,MTBL,C,13.770206589007024,0.14262498492840692
p2633_POS,p2633_POS,plasma,MTBL,C,19.223950231977533,0.17515856216267522
Isobutyrylglycine_POS,Isobutyrylglycine_POS,plasma,MTBL,C,21.56122882992728,0.2091378630848233
n990_NEG,n990_NEG,plasma,MTBL,C,19.37538315689657,0.27443205535452364
n3393_NEG,n3393_NEG,plasma,MTBL,C,16.122950953571134,0.24280275620615654
p2872_POS,p2872_POS,plasma,MTBL,C,19.066954605415244,0.3328484167593935
Tomatidine_POS,Tomatidine_POS,plasma,MTBL,C,13.212404145717244,0.2490093045800279
p4243_POS,p4243_POS,plasma,MTBL,C,18.800134957786156,0.34171719450886684
n1259_NEG,n1259_NEG,plasma,MTBL,C,20.43927751427771,0.26125777434432607
p3218_POS,p3218_POS,plasma,MTBL,C,17.359380992806944,0.25672393510232183
"5-[({(2R,4S,5R)-5-[1-Methyl-3-(2-thienyl)-1H-pyrazol-5-yl]-1-azabicyclo[2.2.2]oct-2-yl}methyl)amino]-5-oxopentanoic acid_NEG","5-[({(2R,4S,5R)-5-[1-Methyl-3-(2-thienyl)-1H-pyrazol-5-yl]-1-azabicyclo[2.2.2]oct-2-yl}methyl)amino]-5-oxopentanoic acid_NEG",plasma,MTBL,C,13.129113674865174,0.08581119175387641
n3514_NEG,n3514_NEG,plasma,MTBL,C,12.041077292592162,0.11813254137511287
p3216_POS,p3216_POS,plasma,MTBL,C,16.815093365298225,0.6051004002741749
p4350_POS,p4350_POS,plasma,MTBL,C,13.68781063628034,0.05753796288664148
p1407_POS,p1407_POS,plasma,MTBL,C,21.104854738862503,0.09375530821732525
p142_POS,p142_POS,plasma,MTBL,C,26.093956176192886,0.11739527015268791
Creatinine_POS,Creatinine_POS,plasma,MTBL,C,24.850895552513137,0.17451884653188543
p3438_POS,p3438_POS,plasma,MTBL,C,17.699487362716276,0.13032436544830617
p3822_POS,p3822_POS,plasma,MTBL,C,19.074311245049895,0.20131276803454412
Mycosporine hydroxyglutamicol_POS,Mycosporine hydroxyglutamicol_POS,plasma,MTBL,C,18.814529983440053,0.21608811504888692
p3776_POS,p3776_POS,plasma,MTBL,C,17.29783986694957,0.22604890618273998
n2672_NEG,n2672_NEG,plasma,MTBL,C,17.654844326839722,0.1516082538333734
p1754_POS,p1754_POS,plasma,MTBL,C,13.899320701843203,0.17629256832127993
p984_POS,p984_POS,plasma,MTBL,C,19.408848447855352,0.22063189260598648
p995_POS,p995_POS,plasma,MTBL,C,19.50758291982255,0.3175347299856597
p2501_POS,p2501_POS,plasma,MTBL,C,20.39671850032647,0.23162400911381908
n418_NEG,n418_NEG,plasma,MTBL,C,20.688634186164425,0.19771455166016594
p3891_POS,p3891_POS,plasma,MTBL,C,13.80238307248825,0.13974764332214917
p823_POS,p823_POS,plasma,MTBL,C,21.682845796091804,0.1958926327745516
p792_POS,p792_POS,plasma,MTBL,C,17.45873661646265,0.5936128132369269
2-(Methylsulfonyl)pyridine_POS,2-(Methylsulfonyl)pyridine_POS,plasma,MTBL,C,12.983029672524864,0.031939917901498305
p3523_POS,p3523_POS,plasma,MTBL,C,18.5364849120706,0.18283711233616273
p4987_POS,p4987_POS,plasma,MTBL,C,14.378960472744028,0.32649298932453164
p340_POS,p340_POS,plasma,MTBL,C,23.781479558924747,0.1081397244852198
4-Hydroxy-2-butenoic acid gamma-lactone_POS,4-Hydroxy-2-butenoic acid gamma-lactone_POS,plasma,MTBL,C,20.59573246784132,0.2836178905847291
p1528_POS,p1528_POS,plasma,MTBL,C,20.725993372978024,0.12148198449734338
p3306_POS,p3306_POS,plasma,MTBL,C,15.398113176998462,0.15617156366410967
Lorbamate_POS,Lorbamate_POS,plasma,MTBL,C,12.86326150858534,0.12712600415132158
p964_POS,p964_POS,plasma,MTBL,C,22.223321531242593,0.27652028972527987
p5058_POS,p5058_POS,plasma,MTBL,C,17.62719207470971,0.3136751765259653
n1436_NEG,n1436_NEG,plasma,MTBL,C,19.911405427278275,0.2391958023318388
Amoxicillin_POS,Amoxicillin_POS,plasma,MTBL,C,13.26602773158066,0.08357877509791045
p1737_POS,p1737_POS,plasma,MTBL,C,16.76500963778393,0.37851708417200314
p5335_POS,p5335_POS,plasma,MTBL,C,13.627675580051552,0.12726655485136362
p1745_POS,p1745_POS,plasma,MTBL,C,15.745599064572216,0.15758837441254592
p2500_POS,p2500_POS,plasma,MTBL,C,18.936085075562048,0.35555169626245586
Gaburedin B_POS,Gaburedin B_POS,plasma,MTBL,C,17.085419620386435,0.3339252595440776
Colletotricole A_POS,Colletotricole A_POS,plasma,MTBL,C,13.002392099586164,0.057339111266561105
p4662_POS,p4662_POS,plasma,MTBL,C,17.057196680062802,0.4286699354795225
p5221_POS,p5221_POS,plasma,MTBL,C,15.14060570044303,0.17656857096713097
p4532_POS,p4532_POS,plasma,MTBL,C,12.382176142148325,0.20516617383629665
n3817_NEG,n3817_NEG,plasma,MTBL,C,11.865599866611682,0.09558638540613806
p2748_POS,p2748_POS,plasma,MTBL,C,14.381760220725218,0.361190895987356
n3808_NEG,n3808_NEG,plasma,MTBL,C,9.581572850343363,0.02487233528878008
n2783_NEG,n2783_NEG,plasma,MTBL,C,12.893926955483128,0.032821009294123016
p902_POS,p902_POS,plasma,MTBL,C,20.050715065013662,0.18802964084701657
p2317_POS,p2317_POS,plasma,MTBL,C,15.596030873226685,0.0271325273943539
p3906_POS,p3906_POS,plasma,MTBL,C,13.287119043105951,0.04952650962011518
Nadolol_POS,Nadolol_POS,plasma,MTBL,C,18.65439220427845,0.244465318394802
p5782_POS,p5782_POS,plasma,MTBL,C,12.938899958956604,0.15861134132138055
n3201_NEG,n3201_NEG,plasma,MTBL,C,12.270215971633444,0.07750144359211042
3-hydroxy-3-methylpentanedioic acid_POS,3-hydroxy-3-methylpentanedioic acid_POS,plasma,MTBL,C,24.59351690638095,0.25318726831518745
p2587_POS,p2587_POS,plasma,MTBL,C,19.107762969231345,0.22434275908543455
n777_NEG,n777_NEG,plasma,MTBL,C,19.909530980016328,0.15915527082115943
4-Thialysine_POS,4-Thialysine_POS,plasma,MTBL,C,13.521254437051391,0.03180554136063485
p3064_POS,p3064_POS,plasma,MTBL,C,18.484824387128544,0.20583100844035584
p927_POS,p927_POS,plasma,MTBL,C,23.29578638626566,0.16460477746619162
p5070_POS,p5070_POS,plasma,MTBL,C,12.615703114970284,0.2218003854609556
3-Deoxy-D-glycero-D-galacto-2-nonulosonic acid_POS,3-Deoxy-D-glycero-D-galacto-2-nonulosonic acid_POS,plasma,MTBL,C,14.338824708010158,0.163893278395296
p3998_POS,p3998_POS,plasma,MTBL,C,17.429092297362967,0.23961009665419652
p1469_POS,p1469_POS,plasma,MTBL,C,21.01724939646968,0.17266439539558576
Cimaterol_POS,Cimaterol_POS,plasma,MTBL,C,14.418094196387244,0.15598491200578657
p2480_POS,p2480_POS,plasma,MTBL,C,15.542645189142249,0.6997419699000815
p5181_POS,p5181_POS,plasma,MTBL,C,16.826746663309223,0.18365923727580835
n2245_NEG,n2245_NEG,plasma,MTBL,C,19.42783978996191,0.1118098060310011
p1269_POS,p1269_POS,plasma,MTBL,C,22.08568269526712,0.14764184026934402
n1678_NEG,n1678_NEG,plasma,MTBL,C,20.12524819879337,0.11952105865674767
"( Z)-6-benzylidene-3-hydroxymethyl-1,4-dimethyl-3-methylsulfanylpiperazine-2,5-dione_POS","( Z)-6-benzylidene-3-hydroxymethyl-1,4-dimethyl-3-methylsulfanylpiperazine-2,5-dione_POS",plasma,MTBL,C,16.00171911277256,0.12157389843345712
p4155_POS,p4155_POS,plasma,MTBL,C,18.09097219093408,0.25623201948543084
n2614_NEG,n2614_NEG,plasma,MTBL,C,18.290621911793423,0.18260348521552672
p2114_POS,p2114_POS,plasma,MTBL,C,21.2148834902175,0.19949020819799657
p1246_POS,p1246_POS,plasma,MTBL,C,20.156622211121032,0.22253845363692193
"4,4'-Dihydroxydiphenylsulfone_NEG","4,4'-Dihydroxydiphenylsulfone_NEG",plasma,MTBL,C,14.626992725671265,0.09600648028267322
p5690_POS,p5690_POS,plasma,MTBL,C,12.437762781022544,0.22893753441717557
Leucylleucine methyl ester_POS,Leucylleucine methyl ester_POS,plasma,MTBL,C,11.225084088666616,0.03897684314987515
n1134_NEG,n1134_NEG,plasma,MTBL,C,15.782133206673995,0.1488383047820161
Threonine_NEG,Threonine_NEG,plasma,MTBL,C,22.628187765387135,0.2832341658994011
p2161_POS,p2161_POS,plasma,MTBL,C,19.488722976051484,0.15403965072493975
2'-Apo-beta-carotenal_POS,2'-Apo-beta-carotenal_POS,plasma,MTBL,C,16.629706520213297,0.10622598362193258
p5477_POS,p5477_POS,plasma,MTBL,C,12.546036151158257,0.14612355760123208
p338_POS,p338_POS,plasma,MTBL,C,23.781479558924747,0.1081397244852198
p3128_POS,p3128_POS,plasma,MTBL,C,18.820761743232012,0.3822193223442909
"[Similar to: Ethyl 3-hydroxy-5-methyl-6-oxo-1-phenyl-1,6-dihydropyrano[2,3-c]pyrazole-4-carboxylate; ΔMass: -46.0678 Da]_POS","[Similar to: Ethyl 3-hydroxy-5-methyl-6-oxo-1-phenyl-1,6-dihydropyrano[2,3-c]pyrazole-4-carboxylate; ΔMass: -46.0678 Da]_POS",plasma,MTBL,C,22.219813455711108,0.17439518508736285
p1363_POS,p1363_POS,plasma,MTBL,C,19.147301296115156,0.21052979835667784
n2800_NEG,n2800_NEG,plasma,MTBL,C,18.32003325479447,0.18088683002026684
"2-Ethylidene-1,5-dimethyl-3,3-diphenylpyrrolidine (EDDP)_POS","2-Ethylidene-1,5-dimethyl-3,3-diphenylpyrrolidine (EDDP)_POS",plasma,MTBL,C,13.110290012219986,0.17244186858055244
p2640_POS,p2640_POS,plasma,MTBL,C,14.9754934804144,0.23819122340554877
Leucylphenylalanine_POS,Leucylphenylalanine_POS,plasma,MTBL,C,15.410889915681476,0.09031069334110242
p1638_POS,p1638_POS,plasma,MTBL,C,19.353307218513866,0.26566186394501656
"H2-D-erythro-Neopterin 2',3'-cyclic phosphate_POS","H2-D-erythro-Neopterin 2',3'-cyclic phosphate_POS",plasma,MTBL,C,20.828793523002307,0.18254183445575833
p4530_POS,p4530_POS,plasma,MTBL,C,12.40904553763324,0.16193707354936926
n2770_NEG,n2770_NEG,plasma,MTBL,C,18.77481962502345,0.15667121649904558
p3284_POS,p3284_POS,plasma,MTBL,C,18.6102695920485,0.20214120063872087
Ureidosuccinic acid_POS,Ureidosuccinic acid_POS,plasma,MTBL,C,12.732439067932864,0.1272133006831968
Acycloguanosine_POS,Acycloguanosine_POS,plasma,MTBL,C,14.078042144245645,0.19233461998588908
p4044_POS,p4044_POS,plasma,MTBL,C,16.517956431641966,0.2744380871982557
n200_NEG,n200_NEG,plasma,MTBL,C,24.642199732951948,0.0856192233229045
p1738_POS,p1738_POS,plasma,MTBL,C,16.851626082505128,0.35576112010953054
p4441_POS,p4441_POS,plasma,MTBL,C,15.599610597183164,0.24147041791059642
p3180_POS,p3180_POS,plasma,MTBL,C,16.538455827607514,0.17657180972658182
n2681_NEG,n2681_NEG,plasma,MTBL,C,18.50142358579779,0.1390298134949859
p687_POS,p687_POS,plasma,MTBL,C,23.805371689974276,0.12490471468165865
p5384_POS,p5384_POS,plasma,MTBL,C,13.521946416010934,0.12386133777089725
p5142_POS,p5142_POS,plasma,MTBL,C,12.811383570007797,0.02206899906250115
Succinic semialdehyde_NEG,Succinic semialdehyde_NEG,plasma,MTBL,C,22.103699704471182,0.17498207582515235
n221_NEG,n221_NEG,plasma,MTBL,C,23.208835516139175,0.1492549397482854
DL-Lactic Acid_NEG,DL-Lactic Acid_NEG,plasma,MTBL,C,27.030582715140405,0.23572651563527103
p3166_POS,p3166_POS,plasma,MTBL,C,17.575840240787336,0.25803406768693193
FOSAMINE_POS,FOSAMINE_POS,plasma,MTBL,C,18.650754514018523,0.2745223332698856
p5630_POS,p5630_POS,plasma,MTBL,C,12.532449096487316,0.21194018008205973
p177_POS,p177_POS,plasma,MTBL,C,24.609503279903887,0.09664327475598
p810_POS,p810_POS,plasma,MTBL,C,20.07074477783114,0.26764446451690915
p3782_POS,p3782_POS,plasma,MTBL,C,12.48888718730958,0.18277792267618054
n2687_NEG,n2687_NEG,plasma,MTBL,C,15.603421796848226,0.2755880436101652
p1110_POS,p1110_POS,plasma,MTBL,C,21.139370432863263,0.21841613362251522
p1585_POS,p1585_POS,plasma,MTBL,C,22.09574498948041,0.12086698467671297
n1684_NEG,n1684_NEG,plasma,MTBL,C,18.619036140310325,0.18223470949979514
n2413_NEG,n2413_NEG,plasma,MTBL,C,18.783537154464497,0.3518858458974883
p4383_POS,p4383_POS,plasma,MTBL,C,15.492131581909469,0.1501278819331322
n2980_NEG,n2980_NEG,plasma,MTBL,C,16.2350171712886,0.3731783023500874
p5556_POS,p5556_POS,plasma,MTBL,C,13.398663918032842,0.07889550702874715
p3572_POS,p3572_POS,plasma,MTBL,C,14.250811992011847,0.22560529195195755
p362_POS,p362_POS,plasma,MTBL,C,24.419625597330068,0.16249502056988874
p5059_POS,p5059_POS,plasma,MTBL,C,17.624866648544717,0.3160006026909592
p4223_POS,p4223_POS,plasma,MTBL,C,13.320771159254956,0.049526509620125836
p929_POS,p929_POS,plasma,MTBL,C,21.242482623656844,0.1774923497393921
p5672_POS,p5672_POS,plasma,MTBL,C,12.43170025614642,0.15958531202559634
L-threonyl-AMP_POS,L-threonyl-AMP_POS,plasma,MTBL,C,15.53144793231411,0.14674946508261577
n1577_NEG,n1577_NEG,plasma,MTBL,C,16.7887150899462,0.14511202616995433
p167_POS,p167_POS,plasma,MTBL,C,23.734290230830624,0.17115079696768376
p2375_POS,p2375_POS,plasma,MTBL,C,17.80720353031638,0.21301036295714582
p4114_POS,p4114_POS,plasma,MTBL,C,16.49203132032936,0.13057023848602256
p2019_POS,p2019_POS,plasma,MTBL,C,18.89222691625659,0.24256225818231414
D-(+)-Maltose_POS,D-(+)-Maltose_POS,plasma,MTBL,C,18.03799978767395,0.41690339698826406
p2830_POS,p2830_POS,plasma,MTBL,C,12.245232794203682,0.20130099728494244
p4071_POS,p4071_POS,plasma,MTBL,C,16.237992020731703,0.31040715779052874
p2641_POS,p2641_POS,plasma,MTBL,C,15.075601981034907,0.2617584694142838
n2857_NEG,n2857_NEG,plasma,MTBL,C,17.415099716029538,0.26869553915272704
Aspartyl-Histidine_NEG,Aspartyl-Histidine_NEG,plasma,MTBL,C,19.63940102910491,0.1891467007990606
p5724_POS,p5724_POS,plasma,MTBL,C,12.303867328039294,0.19660889496959832
n3831_NEG,n3831_NEG,plasma,MTBL,C,12.081180814124222,0.13863239346296652
p3056_POS,p3056_POS,plasma,MTBL,C,18.696185365710377,0.23441415793857345
p3385_POS,p3385_POS,plasma,MTBL,C,18.939271839610097,0.12786582865194873
"[Similar to: N1-(4,5-dihydro-1,3-thiazol-2-yl)-2-(2,4-dichlorophenoxy)propanamide; ΔMass: -136.0195 Da]_NEG","[Similar to: N1-(4,5-dihydro-1,3-thiazol-2-yl)-2-(2,4-dichlorophenoxy)propanamide; ΔMass: -136.0195 Da]_NEG",plasma,MTBL,C,20.55407516896045,0.3321544193020003
n2093_NEG,n2093_NEG,plasma,MTBL,C,15.628004321157444,0.1117548450921717
L-Aspartate-semialdehyde_POS,L-Aspartate-semialdehyde_POS,plasma,MTBL,C,18.609899905025753,0.22571113963384803
p4637_POS,p4637_POS,plasma,MTBL,C,17.028515092508194,0.2209030806162886
N-acetyl zonisamide_POS,N-acetyl zonisamide_POS,plasma,MTBL,C,13.653514700740535,0.10971060466416027
Cyclopentylamine_POS,Cyclopentylamine_POS,plasma,MTBL,C,22.891978390258224,0.35786074392545686
Norfuraneol_POS,Norfuraneol_POS,plasma,MTBL,C,16.091549634676188,0.21595160752470122
p1567_POS,p1567_POS,plasma,MTBL,C,15.82330290317083,0.16223127189080166
p4582_POS,p4582_POS,plasma,MTBL,C,16.219417015047874,0.2899886417128137
Lidocaine N-oxide_POS,Lidocaine N-oxide_POS,plasma,MTBL,C,15.207575711405928,0.19071901978993466
p908_POS,p908_POS,plasma,MTBL,C,18.807286231198407,0.24668642738303603
p1417_POS,p1417_POS,plasma,MTBL,C,21.25087559178617,0.13522735130096208
p5134_POS,p5134_POS,plasma,MTBL,C,11.69194771985333,0.03216747300331946
p1389_POS,p1389_POS,plasma,MTBL,C,21.400330202717807,0.09432904969716205
n3067_NEG,n3067_NEG,plasma,MTBL,C,12.265681948279564,0.08753336485179908
n2854_NEG,n2854_NEG,plasma,MTBL,C,18.36264014086358,0.183919138282981
p2104_POS,p2104_POS,plasma,MTBL,C,19.3305092091353,0.22567932567788063
p78_POS,p78_POS,plasma,MTBL,C,24.461745677363524,0.2013832182753994
n3356_NEG,n3356_NEG,plasma,MTBL,C,11.716285287273289,0.036572140232904005
p729_POS,p729_POS,plasma,MTBL,C,23.139939215946303,0.2410207062573626
p3918_POS,p3918_POS,plasma,MTBL,C,17.7694314981348,0.3257602602176668
p3830_POS,p3830_POS,plasma,MTBL,C,17.728319817404316,0.251583088479002
1-(2-Furylmethyl)-5-oxopyrrolidine-3-carboxylic acid_NEG,1-(2-Furylmethyl)-5-oxopyrrolidine-3-carboxylic acid_NEG,plasma,MTBL,C,14.625676641399693,0.1102198391760787
[Similar to: Creatine; ΔMass: 67.9874 Da]_NEG,[Similar to: Creatine; ΔMass: 67.9874 Da]_NEG,plasma,MTBL,C,19.660919576276232,0.41337433753817976
p2682_POS,p2682_POS,plasma,MTBL,C,20.123146834191644,0.2544563555518593
p1352_POS,p1352_POS,plasma,MTBL,C,19.500271542920217,0.3668611874536225
n3611_NEG,n3611_NEG,plasma,MTBL,C,14.49449203183586,0.048269751166486685
p2313_POS,p2313_POS,plasma,MTBL,C,18.25969285222199,0.3613299913337471
p1484_POS,p1484_POS,plasma,MTBL,C,20.10898120994975,0.1646043702911193
p1181_POS,p1181_POS,plasma,MTBL,C,16.02500063378785,0.13268659266312355
n1350_NEG,n1350_NEG,plasma,MTBL,C,20.856138532310705,0.12956090083245897
N-gamma-Glutamylglutamine_POS,N-gamma-Glutamylglutamine_POS,plasma,MTBL,C,20.610270217775746,0.1984464855390371
Squamolone_POS,Squamolone_POS,plasma,MTBL,C,19.876867813773043,0.28271673453729207
n2265_NEG,n2265_NEG,plasma,MTBL,C,18.02593907819324,0.24480918579017796
p1424_POS,p1424_POS,plasma,MTBL,C,20.561047237979015,0.17937354533494698
p3197_POS,p3197_POS,plasma,MTBL,C,16.369017823512138,0.2648703800684906
p3343_POS,p3343_POS,plasma,MTBL,C,13.444756675479368,0.030137913582303
n1859_NEG,n1859_NEG,plasma,MTBL,C,19.54312071528325,0.21571150198203526
p1793_POS,p1793_POS,plasma,MTBL,C,20.58938847773771,0.1216001351309508
Chloric acid_NEG,Chloric acid_NEG,plasma,MTBL,C,14.061583284415638,0.0929233265594771
p4527_POS,p4527_POS,plasma,MTBL,C,12.72965250359274,0.12606062377087568
3-hydroxyoctanoyl carnitine_POS,3-hydroxyoctanoyl carnitine_POS,plasma,MTBL,C,13.551346690739022,0.19203963925731493
p5701_POS,p5701_POS,plasma,MTBL,C,11.534828003898216,0.3197228003356525
n1676_NEG,n1676_NEG,plasma,MTBL,C,20.017265226482408,0.16426538025567083
p695_POS,p695_POS,plasma,MTBL,C,22.57064321435795,0.20449735440916683
p5459_POS,p5459_POS,plasma,MTBL,C,15.600503355241951,0.14851470619238327
n2417_NEG,n2417_NEG,plasma,MTBL,C,18.74633243732313,0.18975933256645305
p4716_POS,p4716_POS,plasma,MTBL,C,12.34953920851328,0.1703754677831757
p4841_POS,p4841_POS,plasma,MTBL,C,12.37571609714474,0.039089313691691885
p846_POS,p846_POS,plasma,MTBL,C,17.934559197650742,0.2626392081050746
p3322_POS,p3322_POS,plasma,MTBL,C,18.951122630491856,0.19195770491495523
p1255_POS,p1255_POS,plasma,MTBL,C,20.038558223010945,0.21828234218041231
p3221_POS,p3221_POS,plasma,MTBL,C,18.56996833671044,0.40231667924128445
p4207_POS,p4207_POS,plasma,MTBL,C,14.724360479073246,0.15031886932328398
p4603_POS,p4603_POS,plasma,MTBL,C,12.783563612594303,0.2093213174587465
p4372_POS,p4372_POS,plasma,MTBL,C,13.908397074683204,0.10921655571420352
Diphenhydramine_POS,Diphenhydramine_POS,plasma,MTBL,C,14.862691210010391,0.12296950117172045
4-Nitrophenyl beta-D-xyloside_POS,4-Nitrophenyl beta-D-xyloside_POS,plasma,MTBL,C,11.89142961353362,0.06292654529309871
p1891_POS,p1891_POS,plasma,MTBL,C,19.40394973340903,0.30438851819418744
p2026_POS,p2026_POS,plasma,MTBL,C,15.451236843053096,0.2111021626516134
5-amino-N'-{[4-(benzyloxy)phenyl]methylene}-1-phenyl-1H-pyrazole-4-carbohydrazide_POS,5-amino-N'-{[4-(benzyloxy)phenyl]methylene}-1-phenyl-1H-pyrazole-4-carbohydrazide_POS,plasma,MTBL,C,13.075992420392296,0.07681592347092625
p2551_POS,p2551_POS,plasma,MTBL,C,13.369140703236008,0.05594683131150724
n1672_NEG,n1672_NEG,plasma,MTBL,C,19.984102292790578,0.1357114923939413
"4-[2-(2-oxo-1-imidazolidinyl)ethyl]-1lambda~6~,4-thiazinane-1,1-dione_POS","4-[2-(2-oxo-1-imidazolidinyl)ethyl]-1lambda~6~,4-thiazinane-1,1-dione_POS",plasma,MTBL,C,12.844473645847472,0.1335569649508983
p3733_POS,p3733_POS,plasma,MTBL,C,17.27862117795045,0.43420455674903025
p5655_POS,p5655_POS,plasma,MTBL,C,11.515113912841702,0.03777355868821708
p4862_POS,p4862_POS,plasma,MTBL,C,14.572745479959682,0.08401735421982437
n3008_NEG,n3008_NEG,plasma,MTBL,C,12.793791801450617,0.03432203962542779
n3646_NEG,n3646_NEG,plasma,MTBL,C,11.976566808135315,0.03471989377083595
n1734_NEG,n1734_NEG,plasma,MTBL,C,19.40245265982775,0.26113598641522984
p19_POS,p19_POS,plasma,MTBL,C,26.636147709030983,0.22272551766602078
p1342_POS,p1342_POS,plasma,MTBL,C,16.58416812827594,0.39363591278271315
n8_NEG,n8_NEG,plasma,MTBL,C,28.591160074134244,0.05297538784417455
p3066_POS,p3066_POS,plasma,MTBL,C,14.297107525717232,0.12551115021259207
n1860_NEG,n1860_NEG,plasma,MTBL,C,17.508708280456588,0.3265896078677102
p2853_POS,p2853_POS,plasma,MTBL,C,11.976563333122137,0.03437007089751276
p4073_POS,p4073_POS,plasma,MTBL,C,14.187544332938977,0.2626449521231251
1-Phenyl-1-pentanone_POS,1-Phenyl-1-pentanone_POS,plasma,MTBL,C,12.241826963192809,0.35193693954952643
p5149_POS,p5149_POS,plasma,MTBL,C,17.957457574336004,0.11885990396607937
p2164_POS,p2164_POS,plasma,MTBL,C,19.50560239834346,0.32400234444367015
n1119_NEG,n1119_NEG,plasma,MTBL,C,20.680917659649865,0.1211609500258426
p3553_POS,p3553_POS,plasma,MTBL,C,12.71451195075427,0.2478795909968703
p3869_POS,p3869_POS,plasma,MTBL,C,15.21203034735464,0.2766092612226654
"3,3-dimethyl-5-oxo-5-(2-piperidinoanilino)pentanoic acid_NEG","3,3-dimethyl-5-oxo-5-(2-piperidinoanilino)pentanoic acid_NEG",plasma,MTBL,C,12.509576908664382,0.06572742848193869
Phosphate_NEG,Phosphate_NEG,plasma,MTBL,C,26.041776586595315,0.11823075388005222
p2824_POS,p2824_POS,plasma,MTBL,C,20.398399138831923,0.16978629162195702
p3713_POS,p3713_POS,plasma,MTBL,C,17.27457189832367,0.5343156797504989
p5081_POS,p5081_POS,plasma,MTBL,C,13.23744341293506,0.22163666464780718
n3447_NEG,n3447_NEG,plasma,MTBL,C,14.37963561922163,0.2882529859190388
n2032_NEG,n2032_NEG,plasma,MTBL,C,18.901544315004777,0.2178022260896455
p2197_POS,p2197_POS,plasma,MTBL,C,15.256625983969332,0.17982501950833552
n276_NEG,n276_NEG,plasma,MTBL,C,24.483749076665056,0.07832497106424796
p54_POS,p54_POS,plasma,MTBL,C,26.86855409298449,0.0818698497213326
2-Furancarboxaldehyde_NEG,2-Furancarboxaldehyde_NEG,plasma,MTBL,C,18.32864187277677,0.1901265258103102
"(2S,4R)-4-Aminopyrrolidine-2-carboxylic acid_POS","(2S,4R)-4-Aminopyrrolidine-2-carboxylic acid_POS",plasma,MTBL,C,20.21549008623121,0.310671672884709
p4977_POS,p4977_POS,plasma,MTBL,C,18.352668606729992,0.09948379578045774
Endothion_POS,Endothion_POS,plasma,MTBL,C,13.233501622337076,0.04782265058688573
2-Amino-5-isopentyl-6-methylpyrimidin-4-ol_POS,2-Amino-5-isopentyl-6-methylpyrimidin-4-ol_POS,plasma,MTBL,C,20.20424080053001,0.05876123058000715
L-Glutamic acid_POS,L-Glutamic acid_POS,plasma,MTBL,C,22.275481907375475,0.5885063392779699
n2755_NEG,n2755_NEG,plasma,MTBL,C,17.998820251425382,0.2149090028191587
2-Ethylpyrazine_POS,2-Ethylpyrazine_POS,plasma,MTBL,C,14.396829020582794,0.1985634070601101
[Similar to: NP-004031; ΔMass: -416.3678 Da]_NEG,[Similar to: NP-004031; ΔMass: -416.3678 Da]_NEG,plasma,MTBL,C,17.497885588110126,0.23875562308750276
p3752_POS,p3752_POS,plasma,MTBL,C,14.746677624768806,0.25399321572495204
n3153_NEG,n3153_NEG,plasma,MTBL,C,14.259098796298684,0.839831282502491
p2635_POS,p2635_POS,plasma,MTBL,C,20.27081653964657,0.24599571330197634
p272_POS,p272_POS,plasma,MTBL,C,25.024417094638498,0.12463892716950653
Hydroxy bupropion_POS,Hydroxy bupropion_POS,plasma,MTBL,C,16.27791456044744,0.0466582308637129
Cotinine N-oxide_POS,Cotinine N-oxide_POS,plasma,MTBL,C,13.304714019739324,0.08701687804055425
[Similar to: Threonine; ΔMass: 83.9612 Da]_NEG,[Similar to: Threonine; ΔMass: 83.9612 Da]_NEG,plasma,MTBL,C,18.006905100242836,0.20971063119105438
n1095_NEG,n1095_NEG,plasma,MTBL,C,17.765536921081925,0.164111000028214
n2148_NEG,n2148_NEG,plasma,MTBL,C,19.60036492366048,0.10542698860149713
Mevalonic acid_POS,Mevalonic acid_POS,plasma,MTBL,C,18.849672367872937,0.18793607469513063
Furodazole_NEG,Furodazole_NEG,plasma,MTBL,C,14.835433118889732,0.4219116964945915
p1665_POS,p1665_POS,plasma,MTBL,C,21.601577177523712,0.16873425715003165
p4129_POS,p4129_POS,plasma,MTBL,C,13.894064745606135,0.21085503535794103
"[6-(5-Chloropyridin-2-yl)-7-hydroxypyrrolo[3,4-b]pyrazin-5-yl] 4-methylpiperazine-1-carboxylate_POS","[6-(5-Chloropyridin-2-yl)-7-hydroxypyrrolo[3,4-b]pyrazin-5-yl] 4-methylpiperazine-1-carboxylate_POS",plasma,MTBL,C,12.60982451022019,0.13010935679357516
p5730_POS,p5730_POS,plasma,MTBL,C,12.53832170924302,0.17322649404366608
n2808_NEG,n2808_NEG,plasma,MTBL,C,18.05324100180534,0.16666638800921518
p3903_POS,p3903_POS,plasma,MTBL,C,17.05770783918069,0.2710061542573712
n1669_NEG,n1669_NEG,plasma,MTBL,C,20.445380288608156,0.09191960381519237
Tolmetin_POS,Tolmetin_POS,plasma,MTBL,C,12.745592963236248,0.23059537014064446
"(2,6-dimethylpiperidino)(3,4,5-trimethoxyphenyl)methanone_POS","(2,6-dimethylpiperidino)(3,4,5-trimethoxyphenyl)methanone_POS",plasma,MTBL,C,12.461032882788272,0.16510002417369662
p2638_POS,p2638_POS,plasma,MTBL,C,14.665378065920336,0.19814932887858738
p2936_POS,p2936_POS,plasma,MTBL,C,18.139306181539993,0.27083957686538795
p3955_POS,p3955_POS,plasma,MTBL,C,15.591915164818433,0.1818615917705273
p469_POS,p469_POS,plasma,MTBL,C,20.01430780782735,0.17574642469106294
p1386_POS,p1386_POS,plasma,MTBL,C,18.705279766646292,0.38289293543184044
p5720_POS,p5720_POS,plasma,MTBL,C,12.999158473013424,0.07230574518917443
p21_POS,p21_POS,plasma,MTBL,C,27.782935586872515,0.07491417187335614
p2948_POS,p2948_POS,plasma,MTBL,C,18.85139316412107,0.19856152582561393
p5727_POS,p5727_POS,plasma,MTBL,C,12.68819362270515,0.12648411403457693
p940_POS,p940_POS,plasma,MTBL,C,21.55256983505633,0.18680114013823257
p5781_POS,p5781_POS,plasma,MTBL,C,12.41326632288718,0.11559980266366843
p2105_POS,p2105_POS,plasma,MTBL,C,19.33482721040182,0.1971890450846736
p4403_POS,p4403_POS,plasma,MTBL,C,12.317658284085963,0.2111195310287659
n2040_NEG,n2040_NEG,plasma,MTBL,C,18.82742969273392,0.1690038518028878
p657_POS,p657_POS,plasma,MTBL,C,22.863415974373392,0.08821824772153519
p2219_POS,p2219_POS,plasma,MTBL,C,13.917291466377945,0.10098743700689461
L-Histidine_POS,L-Histidine_POS,plasma,MTBL,C,23.879967186374504,0.20395534896834278
2-Hydroxyquinoline_POS,2-Hydroxyquinoline_POS,plasma,MTBL,C,21.8354316402212,0.20194312836911976
p5003_POS,p5003_POS,plasma,MTBL,C,13.105102177494931,0.25986063980382923
p5734_POS,p5734_POS,plasma,MTBL,C,12.255655129469812,0.10418242144226575
p5004_POS,p5004_POS,plasma,MTBL,C,12.089702719411626,0.10143256458558447
n2606_NEG,n2606_NEG,plasma,MTBL,C,15.78474743507415,0.10403588020391652
"7-(2-thienyl)[1,2,4]triazolo[4,3-a]pyrimidine_POS","7-(2-thienyl)[1,2,4]triazolo[4,3-a]pyrimidine_POS",plasma,MTBL,C,18.77573086680078,0.34512748356753775
p302_POS,p302_POS,plasma,MTBL,C,22.569270492748963,0.1950305802574981
p4812_POS,p4812_POS,plasma,MTBL,C,15.006749001167664,0.20723769718284757
p139_POS,p139_POS,plasma,MTBL,C,22.622104224673873,0.07142347585489262
n3820_NEG,n3820_NEG,plasma,MTBL,C,15.68918470594804,0.21463790966872232
"N-methyl-4,6,7-trihydroxy-1,2,3,4-tetrahydroisoquinoline_POS","N-methyl-4,6,7-trihydroxy-1,2,3,4-tetrahydroisoquinoline_POS",plasma,MTBL,C,11.692780483256902,0.03388610389671065
n3802_NEG,n3802_NEG,plasma,MTBL,C,12.007593527610409,0.0878418886191028
p341_POS,p341_POS,plasma,MTBL,C,24.59816002813456,0.12737054349413057
Loratadine_POS,Loratadine_POS,plasma,MTBL,C,12.70163183469089,0.12238810589074411
n105_NEG,n105_NEG,plasma,MTBL,C,25.60259707421267,0.053590780422283046
n3291_NEG,n3291_NEG,plasma,MTBL,C,13.329825117413856,0.08765207492063354
p306_POS,p306_POS,plasma,MTBL,C,23.71586617548475,0.27373782836003
p782_POS,p782_POS,plasma,MTBL,C,21.65267032000757,0.26921968558024645
p365_POS,p365_POS,plasma,MTBL,C,23.67725324792487,0.11745059146405268
p385_POS,p385_POS,plasma,MTBL,C,22.233476364731793,0.21415659195166015
p781_POS,p781_POS,plasma,MTBL,C,21.62869809212087,0.24655369049071396
p3007_POS,p3007_POS,plasma,MTBL,C,14.245002734434056,0.12254570077167237
p2955_POS,p2955_POS,plasma,MTBL,C,19.71538470328938,0.1528809793660777
p1126_POS,p1126_POS,plasma,MTBL,C,21.53152626936193,0.14665926829296794
"5-(methoxymethyl)-2-(2-thienyl)-4,7-dihydropyrazolo[1,5-a]pyrimidin-7-one_NEG","5-(methoxymethyl)-2-(2-thienyl)-4,7-dihydropyrazolo[1,5-a]pyrimidin-7-one_NEG",plasma,MTBL,C,17.1624813818633,0.29673129632640993
p3532_POS,p3532_POS,plasma,MTBL,C,13.459568061623749,0.3879952828608708
TRIETHYLENE GLYCOL_POS,TRIETHYLENE GLYCOL_POS,plasma,MTBL,C,22.758365230622125,0.10784933752052694
p1862_POS,p1862_POS,plasma,MTBL,C,19.86371184571424,0.2836652877403907
p2595_POS,p2595_POS,plasma,MTBL,C,15.560454686989662,0.21523400877682164
DL-α-Aminocaprylic acid_POS,DL-α-Aminocaprylic acid_POS,plasma,MTBL,C,14.9345870864082,0.6553543306442915
p482_POS,p482_POS,plasma,MTBL,C,22.433496234384577,0.19317887171914805
p3912_POS,p3912_POS,plasma,MTBL,C,18.54411943302344,0.3476625616962572
p3617_POS,p3617_POS,plasma,MTBL,C,15.613002166115084,0.17738038584387184
p3070_POS,p3070_POS,plasma,MTBL,C,14.19020495004422,0.20785953369843746
n2807_NEG,n2807_NEG,plasma,MTBL,C,18.05324100180534,0.1681876969855658
n2239_NEG,n2239_NEG,plasma,MTBL,C,14.689501351416974,0.17775832374823075
p4636_POS,p4636_POS,plasma,MTBL,C,16.67571452860895,0.12949719060317477
p3162_POS,p3162_POS,plasma,MTBL,C,15.047553011379234,0.20314855214852834
"3-[(4-Chlorophenyl)thio]-6-(3,5-dimethyl-1H-pyrazol-1-yl)pyridazine_POS","3-[(4-Chlorophenyl)thio]-6-(3,5-dimethyl-1H-pyrazol-1-yl)pyridazine_POS",plasma,MTBL,C,24.226844045982308,0.11788945065616474
p2737_POS,p2737_POS,plasma,MTBL,C,15.880549976773857,0.1532220837696734
p2861_POS,p2861_POS,plasma,MTBL,C,15.29753034574638,0.1821332914986975
PEG n8_POS,PEG n8_POS,plasma,MTBL,C,25.48665046875546,0.17645860153957216
p3850_POS,p3850_POS,plasma,MTBL,C,17.983273919035117,0.2900435174108331
morpholino(quinolin-6-yl)methanone_POS,morpholino(quinolin-6-yl)methanone_POS,plasma,MTBL,C,17.739137746472654,0.6164068544555406
p2851_POS,p2851_POS,plasma,MTBL,C,17.9518280399826,0.17851705601752954
p3819_POS,p3819_POS,plasma,MTBL,C,14.37896816118704,0.19550487814844075
p3063_POS,p3063_POS,plasma,MTBL,C,14.2824232350081,0.1645070816889298
p2899_POS,p2899_POS,plasma,MTBL,C,13.469390005420586,0.05476942735139012
n1309_NEG,n1309_NEG,plasma,MTBL,C,12.885441564148756,0.03223285602618908
p4272_POS,p4272_POS,plasma,MTBL,C,13.806035509070542,0.05019819057797115
p180_POS,p180_POS,plasma,MTBL,C,23.919692501616098,0.14569962779844303
p1475_POS,p1475_POS,plasma,MTBL,C,21.89171453849144,0.22884273766334928
p4376_POS,p4376_POS,plasma,MTBL,C,15.735273674560348,0.14674946508261222
p2203_POS,p2203_POS,plasma,MTBL,C,18.448288126917056,0.16898839547746647
Hypocrellutin A_POS,Hypocrellutin A_POS,plasma,MTBL,C,14.879205567200689,0.04385331643207202
N-carboxyethyl dimethyl ammonio propyl perfluorodecane sulfonamido propanoic acid;N-carboxyethyl dimethyl ammonio propyl perfluorodecane sulfonamido propanoic acid;sulfonamido (propyl carboxylate) propyl dimethyl amino propyl carboxylate_POS,N-carboxyethyl dimethyl ammonio propyl perfluorodecane sulfonamido propanoic acid;N-carboxyethyl dimethyl ammonio propyl perfluorodecane sulfonamido propanoic acid;sulfonamido (propyl carboxylate) propyl dimethyl amino propyl carboxylate_POS,plasma,MTBL,C,16.251210639753037,0.3909633655153133
3-Hydroxymonoethylglycinexylidide_POS,3-Hydroxymonoethylglycinexylidide_POS,plasma,MTBL,C,14.504252918857038,0.08174952848387207
p5433_POS,p5433_POS,plasma,MTBL,C,12.951765570583014,0.2448335221273492
p4060_POS,p4060_POS,plasma,MTBL,C,18.353269104277913,0.2588875666393058
p4851_POS,p4851_POS,plasma,MTBL,C,13.440650631953307,0.30089812678003724
p1650_POS,p1650_POS,plasma,MTBL,C,12.937645462405412,0.043768879540939665
n3171_NEG,n3171_NEG,plasma,MTBL,C,14.341410245088412,0.2802787524935244
p2695_POS,p2695_POS,plasma,MTBL,C,14.6725369963469,0.12399569780800057
tetrahomomethionine_POS,tetrahomomethionine_POS,plasma,MTBL,C,11.63785168961577,0.17423398762720588
p694_POS,p694_POS,plasma,MTBL,C,22.57064321435795,0.20449735440916683
n1125_NEG,n1125_NEG,plasma,MTBL,C,21.777457841377437,0.10661256582278256
p1546_POS,p1546_POS,plasma,MTBL,C,19.932776333832063,0.27778048172513436
p5280_POS,p5280_POS,plasma,MTBL,C,13.527854333459366,0.12836684956466193
n2029_NEG,n2029_NEG,plasma,MTBL,C,14.565242944628418,0.186664425086013
p2109_POS,p2109_POS,plasma,MTBL,C,18.935368318458583,0.4596644740511948
p2156_POS,p2156_POS,plasma,MTBL,C,20.24284854378667,0.17133704229913604
p1779_POS,p1779_POS,plasma,MTBL,C,20.483559995303324,0.14652655900996336
Tetramethylene sulfoxide_POS,Tetramethylene sulfoxide_POS,plasma,MTBL,C,12.838177290595087,0.16284296915468666
p3065_POS,p3065_POS,plasma,MTBL,C,18.484824387128544,0.20390295615979426
n850_NEG,n850_NEG,plasma,MTBL,C,21.28413284589063,0.09449307178326194
p3684_POS,p3684_POS,plasma,MTBL,C,13.547515889180271,0.10233062898489642
p5377_POS,p5377_POS,plasma,MTBL,C,11.396478336303243,0.11717481625884041
p3667_POS,p3667_POS,plasma,MTBL,C,15.208736929969977,0.29172995135151325
p3257_POS,p3257_POS,plasma,MTBL,C,14.0190040599042,0.19475913599209882
n3694_NEG,n3694_NEG,plasma,MTBL,C,12.239797827740023,0.11808022236099625
[Similar to: DL-Arginine; ΔMass: 180.0636 Da]_NEG,[Similar to: DL-Arginine; ΔMass: 180.0636 Da]_NEG,plasma,MTBL,C,15.030717013423224,0.1960921839072185
p5179_POS,p5179_POS,plasma,MTBL,C,13.114834943261776,0.12378963651095276
p1104_POS,p1104_POS,plasma,MTBL,C,21.248022141508592,0.1590789115107505
n3088_NEG,n3088_NEG,plasma,MTBL,C,14.662685303104908,0.03810798181978825
n3940_NEG,n3940_NEG,plasma,MTBL,C,8.737687527391813,0.0679400015226026
p4606_POS,p4606_POS,plasma,MTBL,C,12.721482112676108,0.11605596563711984
p508_POS,p508_POS,plasma,MTBL,C,23.07741435841275,0.2545889312054861
n2397_NEG,n2397_NEG,plasma,MTBL,C,18.8597843434917,0.15315871435460338
L-Phenylalanine_POS,L-Phenylalanine_POS,plasma,MTBL,C,20.275324606226313,0.1683789040600132
p5769_POS,p5769_POS,plasma,MTBL,C,11.662039119664152,0.09902915120226297
p5463_POS,p5463_POS,plasma,MTBL,C,16.448135498294178,0.17276424859013417
NP-020535_POS,NP-020535_POS,plasma,MTBL,C,13.468379282998615,0.09390241874459448
p630_POS,p630_POS,plasma,MTBL,C,21.24324099561927,0.266479595821437
p4914_POS,p4914_POS,plasma,MTBL,C,12.049140242537796,0.04482993804850821
p5785_POS,p5785_POS,plasma,MTBL,C,12.070315031395529,0.14170431132024675
Penerpene I_POS,Penerpene I_POS,plasma,MTBL,C,13.071834607691688,0.14330934397814765
p639_POS,p639_POS,plasma,MTBL,C,19.846492287751182,0.3197394247644283
n1819_NEG,n1819_NEG,plasma,MTBL,C,19.831910889531,0.1146374352177908
n1351_NEG,n1351_NEG,plasma,MTBL,C,20.38285788915624,0.1447562534668485
n2394_NEG,n2394_NEG,plasma,MTBL,C,16.82361592451532,0.15494129877872354
p5156_POS,p5156_POS,plasma,MTBL,C,13.750848068831754,0.2436588892689624
gamma-Butyrolactone_NEG,gamma-Butyrolactone_NEG,plasma,MTBL,C,18.686885854164355,0.20196687537039537
n2599_NEG,n2599_NEG,plasma,MTBL,C,18.01812226515022,0.2302278357444294
p1590_POS,p1590_POS,plasma,MTBL,C,20.90631087825859,0.15476564664878367
p1993_POS,p1993_POS,plasma,MTBL,C,20.22812868050304,0.14986986606452035
n318_NEG,n318_NEG,plasma,MTBL,C,24.078783564534824,0.07585608797143095
p1700_POS,p1700_POS,plasma,MTBL,C,20.934244770742406,0.23600875656229903
p2435_POS,p2435_POS,plasma,MTBL,C,15.10373773969473,0.32375740930017116
p1002_POS,p1002_POS,plasma,MTBL,C,17.739665411942916,0.09937981453323275
"2,2,4-Trimethyl-1,3-dioxolane_POS","2,2,4-Trimethyl-1,3-dioxolane_POS",plasma,MTBL,C,14.413035660663589,0.3562602582503853
p2082_POS,p2082_POS,plasma,MTBL,C,19.083509650999115,0.12355217527055729
p3747_POS,p3747_POS,plasma,MTBL,C,13.95618149745901,0.13015500848880635
p5176_POS,p5176_POS,plasma,MTBL,C,12.456925725028745,0.024785151346176093
n304_NEG,n304_NEG,plasma,MTBL,C,22.013245624680454,0.151928300738696
N-cyclooctylurea_POS,N-cyclooctylurea_POS,plasma,MTBL,C,20.495806691873767,0.08373649384003556
p1300_POS,p1300_POS,plasma,MTBL,C,21.97130814328866,0.23960151639402127
[Similar to: L-Threonic acid; ΔMass: 67.9873 Da]_NEG,[Similar to: L-Threonic acid; ΔMass: 67.9873 Da]_NEG,plasma,MTBL,C,20.233779035125465,0.29879659800420555
p5288_POS,p5288_POS,plasma,MTBL,C,13.02011351099608,0.16534867269863618
p3475_POS,p3475_POS,plasma,MTBL,C,11.835826440205343,0.14058088798055302
p2683_POS,p2683_POS,plasma,MTBL,C,20.123146834191644,0.2544563555518593
[Similar to: N2-[3-(Trifluoromethyl)phenyl]-5-[2-(methylthio)pyrimidin-4-yl]thiophene-2-sulfonamide; ΔMass: 35.9766 Da]_NEG,[Similar to: N2-[3-(Trifluoromethyl)phenyl]-5-[2-(methylthio)pyrimidin-4-yl]thiophene-2-sulfonamide; ΔMass: 35.9766 Da]_NEG,plasma,MTBL,C,11.504002556693928,0.03897067245529762
Trichosorbicillin G_POS,Trichosorbicillin G_POS,plasma,MTBL,C,12.917665748881834,0.11313015351685074
p1755_POS,p1755_POS,plasma,MTBL,C,20.618946751507497,0.0852222260286517
p456_POS,p456_POS,plasma,MTBL,C,24.6878017006006,0.08864418302264454
p2093_POS,p2093_POS,plasma,MTBL,C,12.454167428620678,0.3750621368668803
Pyruvic acid_NEG,Pyruvic acid_NEG,plasma,MTBL,C,19.848032365754182,0.14434337584702917
n523_NEG,n523_NEG,plasma,MTBL,C,22.38124800319064,0.047855104300076334
Tolyporphin C_POS,Tolyporphin C_POS,plasma,MTBL,C,17.819369633008773,0.39170527296235846
2-Aminoisobutyric acid_POS,2-Aminoisobutyric acid_POS,plasma,MTBL,C,21.150789914158825,0.398554226459229
p2174_POS,p2174_POS,plasma,MTBL,C,14.942827224257371,0.33620792897386664
p3308_POS,p3308_POS,plasma,MTBL,C,19.405532073611223,0.09992793413933754
n2178_NEG,n2178_NEG,plasma,MTBL,C,18.515678888627004,0.17537043280946918
p1481_POS,p1481_POS,plasma,MTBL,C,18.26095057423174,0.6921549262660385
p3212_POS,p3212_POS,plasma,MTBL,C,19.13125407992893,0.206362208182707
p3134_POS,p3134_POS,plasma,MTBL,C,19.17717508155463,0.16941882869735636
Azetidomonamide A_POS,Azetidomonamide A_POS,plasma,MTBL,C,14.905694706847944,0.04257687338340865
p3907_POS,p3907_POS,plasma,MTBL,C,18.311492402732757,0.23238473655029424
p5107_POS,p5107_POS,plasma,MTBL,C,12.120950117322916,0.19796418119298664
[Similar to: Asparagine; ΔMass: 67.9873 Da]_NEG,[Similar to: Asparagine; ΔMass: 67.9873 Da]_NEG,plasma,MTBL,C,19.707668846726424,0.23336798566943173
"1-Phenylhexahydropyridazine-3,6-dione_POS","1-Phenylhexahydropyridazine-3,6-dione_POS",plasma,MTBL,C,18.27251789059907,0.33493914529178426
"1-(2,2-Dichloroethyl)-1-nitrosourea_POS","1-(2,2-Dichloroethyl)-1-nitrosourea_POS",plasma,MTBL,C,20.971706524484247,0.1978577487326625
p3919_POS,p3919_POS,plasma,MTBL,C,13.233697582249134,0.1486493919757308
n1874_NEG,n1874_NEG,plasma,MTBL,C,19.10643989226807,0.08568716962145118
p5333_POS,p5333_POS,plasma,MTBL,C,15.43628243011916,0.07566854843237536
p3422_POS,p3422_POS,plasma,MTBL,C,18.497372924781303,0.2968068139033413
p2865_POS,p2865_POS,plasma,MTBL,C,15.776010862885968,0.11177394288479547
p3424_POS,p3424_POS,plasma,MTBL,C,14.520559600465734,0.2970878622910984
p3252_POS,p3252_POS,plasma,MTBL,C,16.513014331061964,0.05220670344023759
p1468_POS,p1468_POS,plasma,MTBL,C,13.51825954749116,0.20362636191822325
n1793_NEG,n1793_NEG,plasma,MTBL,C,19.971121570330116,0.13264860002776757
p4704_POS,p4704_POS,plasma,MTBL,C,17.23069104643729,0.28356743546499175
n1506_NEG,n1506_NEG,plasma,MTBL,C,17.01624316245339,0.28029855480844645
Caprolactin A_POS,Caprolactin A_POS,plasma,MTBL,C,12.874540443198937,0.13980164995169986
Isobutyric acid_POS,Isobutyric acid_POS,plasma,MTBL,C,25.417214721635236,0.09903239538959951
p5187_POS,p5187_POS,plasma,MTBL,C,13.704012879126278,0.12167033369857272
p3379_POS,p3379_POS,plasma,MTBL,C,12.892683419492888,0.1490825263505826
"N'-{6-[(5-chloro-3-pyridyl)oxy]-3-pyridyl}-N,N-dimethyliminoformamide_POS","N'-{6-[(5-chloro-3-pyridyl)oxy]-3-pyridyl}-N,N-dimethyliminoformamide_POS",plasma,MTBL,C,13.547789885769156,0.04841995237521601
p3294_POS,p3294_POS,plasma,MTBL,C,12.387142119200645,0.21340819237330422
4-Hydroxyproline_NEG,4-Hydroxyproline_NEG,plasma,MTBL,C,17.470324429040513,0.3484669560317748
n2281_NEG,n2281_NEG,plasma,MTBL,C,18.006084067831996,0.24251581162494418
Taurine_NEG,Taurine_NEG,plasma,MTBL,C,21.237164629393057,0.307032021725572
p2857_POS,p2857_POS,plasma,MTBL,C,20.166849285324357,0.2107186021799201
n2473_NEG,n2473_NEG,plasma,MTBL,C,19.47019177257269,0.17883038717941346
p5543_POS,p5543_POS,plasma,MTBL,C,11.001242824342745,0.040684508467494496
p5128_POS,p5128_POS,plasma,MTBL,C,12.216797522952977,0.20330086385819612
p2781_POS,p2781_POS,plasma,MTBL,C,13.32319433824658,0.1112772142297569
p4506_POS,p4506_POS,plasma,MTBL,C,14.619850828634265,0.23443530453540795
"4-(3,4-dimethylphenyl)-1-thia-4-azaspiro[4.5]decan-3-one_POS","4-(3,4-dimethylphenyl)-1-thia-4-azaspiro[4.5]decan-3-one_POS",plasma,MTBL,C,16.674209565946224,0.4185857564658342
"5?[(1E)?2?[4?(dimethylamino)phenyl]diazen?1?yl]pyrimidine?2,4,6?triamine_POS","5?[(1E)?2?[4?(dimethylamino)phenyl]diazen?1?yl]pyrimidine?2,4,6?triamine_POS",plasma,MTBL,C,13.23027418241904,0.07193501225765075
p3219_POS,p3219_POS,plasma,MTBL,C,19.988825292134138,0.4071615408830347
p937_POS,p937_POS,plasma,MTBL,C,16.343181719560093,0.20439624523778477
p3905_POS,p3905_POS,plasma,MTBL,C,14.275153348274156,0.15018823407870485
(+-)-trans-3-Methyl norfentanyl_POS,(+-)-trans-3-Methyl norfentanyl_POS,plasma,MTBL,C,16.787248058027156,0.08529869742134721
p4133_POS,p4133_POS,plasma,MTBL,C,12.836158101173108,0.189897219076002
p3222_POS,p3222_POS,plasma,MTBL,C,19.15468906505464,0.13290086337939755
p5215_POS,p5215_POS,plasma,MTBL,C,15.379432193143066,0.15101363370282606
p187_POS,p187_POS,plasma,MTBL,C,25.06367567787235,0.08526992449171544
n3638_NEG,n3638_NEG,plasma,MTBL,C,16.211437215005187,0.17417273137503742
p2126_POS,p2126_POS,plasma,MTBL,C,18.029990232474223,0.283845928288617
p2409_POS,p2409_POS,plasma,MTBL,C,19.51366019554962,0.1656895701427139
p2957_POS,p2957_POS,plasma,MTBL,C,12.414398254452326,0.21943712457107623
p3922_POS,p3922_POS,plasma,MTBL,C,13.397919681337514,0.2001904530499754
3-Hydroxybupivicaine_POS,3-Hydroxybupivicaine_POS,plasma,MTBL,C,13.254471913445489,0.10917894207350543
p4009_POS,p4009_POS,plasma,MTBL,C,14.565140383045623,0.4417397640944962
p1123_POS,p1123_POS,plasma,MTBL,C,12.841068288245747,0.20216332454573838
n2917_NEG,n2917_NEG,plasma,MTBL,C,12.687263817499051,0.044489719354261936
Asparagine_POS,Asparagine_POS,plasma,MTBL,C,21.986373045264244,0.28225829193580054
p1892_POS,p1892_POS,plasma,MTBL,C,19.35358383290167,0.3170920175406806
p3793_POS,p3793_POS,plasma,MTBL,C,16.297852366266792,0.6566793316191237
n651_NEG,n651_NEG,plasma,MTBL,C,21.98180843247813,0.055399601764367645
p1507_POS,p1507_POS,plasma,MTBL,C,20.815655178504695,0.10374138466637461
Rigidiusculamide A_POS,Rigidiusculamide A_POS,plasma,MTBL,C,12.679368736269804,0.2076052378701636
"2-(2,6-dimethoxyphenyl)-5,6-dimethoxy-4H-chromen-4-one_POS","2-(2,6-dimethoxyphenyl)-5,6-dimethoxy-4H-chromen-4-one_POS",plasma,MTBL,C,15.26043312231734,1.5154582795432479
p2634_POS,p2634_POS,plasma,MTBL,C,20.27081653964657,0.24599571330197634
n3543_NEG,n3543_NEG,plasma,MTBL,C,12.043507167953775,0.03056017673885414
p3344_POS,p3344_POS,plasma,MTBL,C,17.88926498993874,0.2567358424808077
p3870_POS,p3870_POS,plasma,MTBL,C,15.2317091222551,0.25954300874273706
Validoxylamine G_POS,Validoxylamine G_POS,plasma,MTBL,C,13.782075719343686,0.09417544281714818
2-Aminothiazole_POS,2-Aminothiazole_POS,plasma,MTBL,C,11.952837508782464,0.023117413657901764
p3474_POS,p3474_POS,plasma,MTBL,C,12.001113495237911,0.18443069885145214
n2275_NEG,n2275_NEG,plasma,MTBL,C,13.557931901689347,0.09923286649362772
n1974_NEG,n1974_NEG,plasma,MTBL,C,17.001352504811226,0.18807301557959732
n1114_NEG,n1114_NEG,plasma,MTBL,C,19.93718748362306,0.4622826250824197
p1817_POS,p1817_POS,plasma,MTBL,C,20.462368375470295,0.12459013806772035
p1436_POS,p1436_POS,plasma,MTBL,C,21.95016830281997,0.18112052760154995
n2282_NEG,n2282_NEG,plasma,MTBL,C,17.535436109993295,0.25604336247738857
p1887_POS,p1887_POS,plasma,MTBL,C,20.01227537307864,0.30615031134401605
(5R)-5-Hydroxyhexanoic acid_POS,(5R)-5-Hydroxyhexanoic acid_POS,plasma,MTBL,C,12.371676897932725,0.09890496571613738
n2187_NEG,n2187_NEG,plasma,MTBL,C,17.29167960911543,0.12015070073719158
n2444_NEG,n2444_NEG,plasma,MTBL,C,18.786364595500302,0.2039739887722618
p2597_POS,p2597_POS,plasma,MTBL,C,19.204661417905385,0.1820747131886833
p2958_POS,p2958_POS,plasma,MTBL,C,12.215128965237303,0.17317843494378415
p3129_POS,p3129_POS,plasma,MTBL,C,17.819796204325765,0.4604354087038871
n2439_NEG,n2439_NEG,plasma,MTBL,C,18.93787050270494,0.11271639919829113
p3258_POS,p3258_POS,plasma,MTBL,C,18.9001749106177,0.2696432247741001
p5042_POS,p5042_POS,plasma,MTBL,C,13.264579928480371,0.16901532084891713
p294_POS,p294_POS,plasma,MTBL,C,24.089681710766484,0.0937255020235277
p2049_POS,p2049_POS,plasma,MTBL,C,15.022605177023536,0.38269961741035985
p5532_POS,p5532_POS,plasma,MTBL,C,12.619847012457813,0.19745511046620123
D3-Alanine_POS,D3-Alanine_POS,plasma,MTBL,C,22.215093676990065,0.16444555128129323
n2059_NEG,n2059_NEG,plasma,MTBL,C,19.13802081800797,0.1458365232667802
p2665_POS,p2665_POS,plasma,MTBL,C,17.69364892325985,0.20732213066577998
p1044_POS,p1044_POS,plasma,MTBL,C,21.07507088078395,0.1957696491181764
N'-Hydroxy-4-pentylbenzenecarboximidamide_POS,N'-Hydroxy-4-pentylbenzenecarboximidamide_POS,plasma,MTBL,C,14.325550137826358,0.2433494195399586
Acetylcholine_POS,Acetylcholine_POS,plasma,MTBL,C,19.977007583640145,0.28205801182869905
n2815_NEG,n2815_NEG,plasma,MTBL,C,16.938278004440654,0.5678469984869352
p3534_POS,p3534_POS,plasma,MTBL,C,16.622941040413956,0.15388387610985887
p5011_POS,p5011_POS,plasma,MTBL,C,13.554843224637349,0.10335843140185474
p28_POS,p28_POS,plasma,MTBL,C,27.32730789423424,0.1720376723434569
p502_POS,p502_POS,plasma,MTBL,C,23.116241022212375,0.16206299765655885
p983_POS,p983_POS,plasma,MTBL,C,19.3315120295906,0.22139951356711052
p3963_POS,p3963_POS,plasma,MTBL,C,15.84539343315816,0.2052333354719149
p917_POS,p917_POS,plasma,MTBL,C,23.12071244185643,0.20866536510086675
4-Hydroxybenzotriazole_POS,4-Hydroxybenzotriazole_POS,plasma,MTBL,C,22.817539796978696,0.15440382536251818
n406_NEG,n406_NEG,plasma,MTBL,C,21.74971689972818,0.1883154900253139
n3935_NEG,n3935_NEG,plasma,MTBL,C,8.499321362074252,0.039328875810005215
n991_NEG,n991_NEG,plasma,MTBL,C,18.42759850435088,0.14701047399077538
Cysteineglutathione disulfide_POS,Cysteineglutathione disulfide_POS,plasma,MTBL,C,18.740674319373927,0.37726637160987053
n2674_NEG,n2674_NEG,plasma,MTBL,C,18.46562471569105,0.17605433118710678
p149_POS,p149_POS,plasma,MTBL,C,25.09900594031725,0.08885797474161095
n3100_NEG,n3100_NEG,plasma,MTBL,C,18.104382706452306,0.14233407042816637
p2332_POS,p2332_POS,plasma,MTBL,C,14.714903840020098,0.32593562608330906
p5291_POS,p5291_POS,plasma,MTBL,C,9.411422927030754,0.032051785133116795
"2,3,5-Hexanetrione_POS","2,3,5-Hexanetrione_POS",plasma,MTBL,C,12.60785371251469,0.11707463914679295
n2382_NEG,n2382_NEG,plasma,MTBL,C,19.102035948384504,0.1555688131537174
n2856_NEG,n2856_NEG,plasma,MTBL,C,17.36752510934084,0.2685632200820507
p901_POS,p901_POS,plasma,MTBL,C,20.04775802662825,0.18845503071424474
p4590_POS,p4590_POS,plasma,MTBL,C,14.971053211050144,0.2156256258795004
p767_POS,p767_POS,plasma,MTBL,C,21.73023656039428,0.2264752039750313
p1256_POS,p1256_POS,plasma,MTBL,C,15.018040300618,0.21635687247189495
p874_POS,p874_POS,plasma,MTBL,C,22.712807046628985,0.14695673167197398
p5538_POS,p5538_POS,plasma,MTBL,C,16.20409960367013,0.14361346962032684
p3356_POS,p3356_POS,plasma,MTBL,C,18.969616154492893,0.20270443630572643
p3359_POS,p3359_POS,plasma,MTBL,C,15.133244273168014,0.1511139511159616
p5548_POS,p5548_POS,plasma,MTBL,C,12.659424225774911,0.22350916017562916
Bicine_NEG,Bicine_NEG,plasma,MTBL,C,16.240331692096166,0.2997939702058261
p2988_POS,p2988_POS,plasma,MTBL,C,15.852925169327396,0.18625547572881374
p754_POS,p754_POS,plasma,MTBL,C,21.104723714166084,0.2758776598469481
p2098_POS,p2098_POS,plasma,MTBL,C,13.80498389014388,0.15308494417300267
p443_POS,p443_POS,plasma,MTBL,C,20.586157692522,0.24893672559565516
p5301_POS,p5301_POS,plasma,MTBL,C,13.016616798641548,0.13138572696251494
p3247_POS,p3247_POS,plasma,MTBL,C,14.935482651731231,0.17787068360488156
n2578_NEG,n2578_NEG,plasma,MTBL,C,16.105693410248772,0.297710362495593
Linustatin_POS,Linustatin_POS,plasma,MTBL,C,13.380160117858082,0.166353023315029
(E)-3-Tosylacrylonitrile_NEG,(E)-3-Tosylacrylonitrile_NEG,plasma,MTBL,C,12.410211302981496,0.07210724709023708
p3286_POS,p3286_POS,plasma,MTBL,C,20.16952836909189,0.1132970215022695
p3538_POS,p3538_POS,plasma,MTBL,C,13.69601246206618,0.2693146911832205
Medicoside L_POS,Medicoside L_POS,plasma,MTBL,C,15.415457140692244,0.2638922499846501
n1929_NEG,n1929_NEG,plasma,MTBL,C,19.708134805950152,0.12609506501773282
p3416_POS,p3416_POS,plasma,MTBL,C,13.046904867953437,0.17724270680984233
p5315_POS,p5315_POS,plasma,MTBL,C,11.909117404039998,0.11607843189958267
n195_NEG,n195_NEG,plasma,MTBL,C,25.0736058084582,0.08189986986405273
p4438_POS,p4438_POS,plasma,MTBL,C,12.611914613156104,0.21674634938617565
p4163_POS,p4163_POS,plasma,MTBL,C,14.495708690361823,0.20103831219494062
p1607_POS,p1607_POS,plasma,MTBL,C,20.448651505950178,0.21021934010211396
p2852_POS,p2852_POS,plasma,MTBL,C,12.068108919333074,0.034370070897516314
N-Desmethyltramadol_POS,N-Desmethyltramadol_POS,plasma,MTBL,C,14.92674205600944,0.03778584173800503
p1517_POS,p1517_POS,plasma,MTBL,C,19.51193189829661,0.28901501405596974
"(2R)-2,3-Dihydroxypropanoic acid_NEG","(2R)-2,3-Dihydroxypropanoic acid_NEG",plasma,MTBL,C,19.31942726501057,0.1521229024873776
n3023_NEG,n3023_NEG,plasma,MTBL,C,17.186063062367754,0.18317761266301957
p3050_POS,p3050_POS,plasma,MTBL,C,15.56327557474788,0.3652524851291634
p2421_POS,p2421_POS,plasma,MTBL,C,15.492170586445488,0.27187349425209284
n1223_NEG,n1223_NEG,plasma,MTBL,C,18.747258846989315,0.4281962014343641
p268_POS,p268_POS,plasma,MTBL,C,22.653363482238184,0.08793489828351753
p1408_POS,p1408_POS,plasma,MTBL,C,20.984146696707636,0.1565468836468753
p238_POS,p238_POS,plasma,MTBL,C,23.411812814602413,0.23800947729695565
5-Oxozaleplon_POS,5-Oxozaleplon_POS,plasma,MTBL,C,12.417996937453276,0.10257369206007994
p4161_POS,p4161_POS,plasma,MTBL,C,18.383296143941823,0.25886978651788795
Nα-{[(2R)-1-(4-morpholinylcarbonyl)-2-piperazinyl]carbonyl}-D-tryptophanamide_POS,Nα-{[(2R)-1-(4-morpholinylcarbonyl)-2-piperazinyl]carbonyl}-D-tryptophanamide_POS,plasma,MTBL,C,13.053630459653071,0.0804303560886428
(2-Ethylcrotonoyl)urea_POS,(2-Ethylcrotonoyl)urea_POS,plasma,MTBL,C,17.385263177949646,0.20692090243980843
p2160_POS,p2160_POS,plasma,MTBL,C,20.23751541203548,0.1423932266733452
p2339_POS,p2339_POS,plasma,MTBL,C,20.810468234315305,0.1408357851409896
p3398_POS,p3398_POS,plasma,MTBL,C,13.852087040377109,0.03992035451643616
p15_POS,p15_POS,plasma,MTBL,C,28.418523332878337,0.1499456021274348
n1537_NEG,n1537_NEG,plasma,MTBL,C,20.074732938358736,0.15719882615691105
Methyl dioxindole-3-acetate_POS,Methyl dioxindole-3-acetate_POS,plasma,MTBL,C,13.63310791935634,0.09378416088492258
7-Hydroxygliclazide_POS,7-Hydroxygliclazide_POS,plasma,MTBL,C,13.062966729942,0.07836037569352428
n317_NEG,n317_NEG,plasma,MTBL,C,23.4212132723418,0.055929362116188486
n843_NEG,n843_NEG,plasma,MTBL,C,21.77026289955631,0.10868776623566134
p5478_POS,p5478_POS,plasma,MTBL,C,13.336672259248324,0.17982100194634576
n3546_NEG,n3546_NEG,plasma,MTBL,C,16.987516977668783,0.2945883028435645
n417_NEG,n417_NEG,plasma,MTBL,C,23.2780220229729,0.08413877318266572
p3293_POS,p3293_POS,plasma,MTBL,C,15.275317881995711,0.15874229091459213
(x)-2-Heptanol glucoside_POS,(x)-2-Heptanol glucoside_POS,plasma,MTBL,C,19.289229874002483,0.1797805565432249
p3163_POS,p3163_POS,plasma,MTBL,C,14.999155298967093,0.38340791624976056
N-Acetyldopamine_POS,N-Acetyldopamine_POS,plasma,MTBL,C,13.997119110072024,0.09230812584623393
p1416_POS,p1416_POS,plasma,MTBL,C,21.20420228893938,0.15470401080002816
"1-(Hydroxymethyl)-5,5-dimethyl-2,4-imidazolidinedione_POS","1-(Hydroxymethyl)-5,5-dimethyl-2,4-imidazolidinedione_POS",plasma,MTBL,C,24.54863198322876,0.1681833334107452
p4147_POS,p4147_POS,plasma,MTBL,C,17.989978129652194,0.1841392007252658
n3634_NEG,n3634_NEG,plasma,MTBL,C,9.30245357052834,0.03745490906925042
p3920_POS,p3920_POS,plasma,MTBL,C,15.727384517340946,0.19959380933832804
p2544_POS,p2544_POS,plasma,MTBL,C,17.055073477064376,0.592246847254053
p5353_POS,p5353_POS,plasma,MTBL,C,12.768001928509037,0.10834639120828449
p2797_POS,p2797_POS,plasma,MTBL,C,19.367741921727987,0.16280146216426772
Tetraethylene glycol_POS,Tetraethylene glycol_POS,plasma,MTBL,C,25.847418779680435,0.05624983601928335
PC(24:0/6 keto-PGF1alpha)_POS,PC(24:0/6 keto-PGF1alpha)_POS,plasma,MTBL,C,20.34542909889517,0.09450321992187938
n3897_NEG,n3897_NEG,plasma,MTBL,C,10.279431216873594,0.027727044166919512
Morpholine_POS,Morpholine_POS,plasma,MTBL,C,24.85056527948299,0.1356969515585753
p1548_POS,p1548_POS,plasma,MTBL,C,19.75231174451819,0.1366538005434066
p2108_POS,p2108_POS,plasma,MTBL,C,18.828281200767133,0.3907796353491051
n1534_NEG,n1534_NEG,plasma,MTBL,C,16.464912746365613,0.11976154289574836
n2741_NEG,n2741_NEG,plasma,MTBL,C,14.89764990905402,0.42819689650093906
Dextromethorphan hydrobromide_POS,Dextromethorphan hydrobromide_POS,plasma,MTBL,C,14.019287108699505,0.15032963051366366
p2793_POS,p2793_POS,plasma,MTBL,C,15.6130715829725,0.16350525958551643
n587_NEG,n587_NEG,plasma,MTBL,C,21.724558192181796,0.1582621585409889
n2676_NEG,n2676_NEG,plasma,MTBL,C,17.87074495691001,0.24319387119633973
p449_POS,p449_POS,plasma,MTBL,C,23.23798107838364,0.12258576265589483
p685_POS,p685_POS,plasma,MTBL,C,23.284369866184964,0.15957852611345302
n1757_NEG,n1757_NEG,plasma,MTBL,C,19.27357515599438,0.19712896001567515
"L-2,4-Diaminobutyric acid_POS","L-2,4-Diaminobutyric acid_POS",plasma,MTBL,C,25.60654472667625,0.18975327827023136
p1396_POS,p1396_POS,plasma,MTBL,C,20.2495585463108,0.2717463728761551
n2033_NEG,n2033_NEG,plasma,MTBL,C,18.909809243218614,0.20937785482918514
p4629_POS,p4629_POS,plasma,MTBL,C,12.508177318920987,0.280202435877305
p4917_POS,p4917_POS,plasma,MTBL,C,16.72716785166952,0.17141177885877923
p5214_POS,p5214_POS,plasma,MTBL,C,13.199643507666586,0.13723197987533453
p5772_POS,p5772_POS,plasma,MTBL,C,12.125027156511427,0.13219414917078076
p1550_POS,p1550_POS,plasma,MTBL,C,11.814025041686683,0.04515041846954304
p3377_POS,p3377_POS,plasma,MTBL,C,18.531161748881175,0.18772354380808665
n3338_NEG,n3338_NEG,plasma,MTBL,C,14.256744101551734,0.4159258193476063
n2618_NEG,n2618_NEG,plasma,MTBL,C,18.378177108870418,0.15097112461846507
p2053_POS,p2053_POS,plasma,MTBL,C,15.001411137094466,0.3904467603958661
p454_POS,p454_POS,plasma,MTBL,C,22.179614172091732,0.2226020068428909
Propyliodone_POS,Propyliodone_POS,plasma,MTBL,C,14.96580134112058,0.16730421844618348
n3062_NEG,n3062_NEG,plasma,MTBL,C,12.66903671300107,0.13149278345279036
(Z)-4-Heptenal_POS,(Z)-4-Heptenal_POS,plasma,MTBL,C,16.17339692356577,0.5578082568627103
n2746_NEG,n2746_NEG,plasma,MTBL,C,12.875399315219472,0.21460388643180295
Dihydrothymine_NEG,Dihydrothymine_NEG,plasma,MTBL,C,17.857810026872322,0.17785324803842784
n250_NEG,n250_NEG,plasma,MTBL,C,23.953972266943165,0.08162505480542848
2-Hydroxy-3-methylpentanoic acid_POS,2-Hydroxy-3-methylpentanoic acid_POS,plasma,MTBL,C,19.299413357381848,0.07449764793437552
gamma-Glutamyl-beta-aminopropiononitrile_POS,gamma-Glutamyl-beta-aminopropiononitrile_POS,plasma,MTBL,C,18.31157904229689,0.24636070250954134
n2664_NEG,n2664_NEG,plasma,MTBL,C,18.62761325229654,0.1212589244679414
p4413_POS,p4413_POS,plasma,MTBL,C,14.13199687919012,0.22766341720930505
p4868_POS,p4868_POS,plasma,MTBL,C,15.313889813827211,0.1917132708465843
n2370_NEG,n2370_NEG,plasma,MTBL,C,18.48526402817682,0.24942683902104434
p962_POS,p962_POS,plasma,MTBL,C,19.28976312261226,0.2922818093785402
p2808_POS,p2808_POS,plasma,MTBL,C,20.621832772439973,0.12573723233878553
p722_POS,p722_POS,plasma,MTBL,C,22.55799630364592,0.3293650697552444
L-Threonine_POS,L-Threonine_POS,plasma,MTBL,C,24.502184348956497,0.26667552669024275
"(2R,3R,4R)-2-Amino-4-hydroxy-3-methylpentanoic acid_POS","(2R,3R,4R)-2-Amino-4-hydroxy-3-methylpentanoic acid_POS",plasma,MTBL,C,22.1435593899182,0.37276218047305676
Acetohydroxamic acid_POS,Acetohydroxamic acid_POS,plasma,MTBL,C,21.892593709776406,0.27182926246427286
p2750_POS,p2750_POS,plasma,MTBL,C,12.344796048945732,0.10569703413198717
p1308_POS,p1308_POS,plasma,MTBL,C,19.80507229018633,0.21215115312794453
p4739_POS,p4739_POS,plasma,MTBL,C,13.373192031005948,0.11797480002035599
p5542_POS,p5542_POS,plasma,MTBL,C,12.149557982258385,0.047433739581686396
D3-Lactate-ISTD_NEG,D3-Lactate-ISTD_NEG,plasma,MTBL,C,21.23768730322268,0.05945231376353277
"4-(3-Methyl-1-butenyl)-3,3',4',5-tetrahydroxystilbene_NEG","4-(3-Methyl-1-butenyl)-3,3',4',5-tetrahydroxystilbene_NEG",plasma,MTBL,C,16.39744920805418,0.547508351648986
p3014_POS,p3014_POS,plasma,MTBL,C,19.252667523050352,0.15840747518190312
p1506_POS,p1506_POS,plasma,MTBL,C,19.770982608731693,0.2129661434544019
Barbital_POS,Barbital_POS,plasma,MTBL,C,14.035419748277343,0.9204052462775518
p3019_POS,p3019_POS,plasma,MTBL,C,12.2456761165436,0.1734510416650572
p2993_POS,p2993_POS,plasma,MTBL,C,15.86441610472798,0.18603481695822666
n3332_NEG,n3332_NEG,plasma,MTBL,C,16.978289840050895,0.18647535614184818
p1734_POS,p1734_POS,plasma,MTBL,C,15.74638694034456,0.10498025386752907
Cefalexin_POS,Cefalexin_POS,plasma,MTBL,C,13.031615496599612,0.036014044984487015
p316_POS,p316_POS,plasma,MTBL,C,21.043542792170747,0.11902049665114589
p3493_POS,p3493_POS,plasma,MTBL,C,14.017789577095582,0.03438426228501079
p4154_POS,p4154_POS,plasma,MTBL,C,18.198318213722203,0.22456225612205927
"4-cyclopropyl-5-sulfanyl-4H-1,2,4-triazol-3-ol_POS","4-cyclopropyl-5-sulfanyl-4H-1,2,4-triazol-3-ol_POS",plasma,MTBL,C,15.601737400127003,0.43801682661761987
n2640_NEG,n2640_NEG,plasma,MTBL,C,15.649425903643351,0.3365566464686385
p4657_POS,p4657_POS,plasma,MTBL,C,14.015338549834835,0.11943047398294304
p1099_POS,p1099_POS,plasma,MTBL,C,19.607650261855227,0.30599494195960375
p3509_POS,p3509_POS,plasma,MTBL,C,14.167738755404436,0.20752630485215562
p2333_POS,p2333_POS,plasma,MTBL,C,14.177107084960689,0.3243487748377003
p1438_POS,p1438_POS,plasma,MTBL,C,21.937786294959217,0.18559062629327627
"1-Phenylheptane-1,5-dione_POS","1-Phenylheptane-1,5-dione_POS",plasma,MTBL,C,13.412110371612384,0.06660517010169187
p5285_POS,p5285_POS,plasma,MTBL,C,15.492294437329996,0.16063981598771804
p2022_POS,p2022_POS,plasma,MTBL,C,19.545867160409617,0.38097062530642134
p2904_POS,p2904_POS,plasma,MTBL,C,19.220791515950648,0.1893293110108054
p3937_POS,p3937_POS,plasma,MTBL,C,17.906366710273737,0.2103367876586404
p1075_POS,p1075_POS,plasma,MTBL,C,21.61504302345553,0.33415533211090676
n2369_NEG,n2369_NEG,plasma,MTBL,C,18.452760034335626,0.2524949876434519
p2934_POS,p2934_POS,plasma,MTBL,C,17.180579961524128,0.43433570615530925
p4505_POS,p4505_POS,plasma,MTBL,C,13.76071806663112,0.16604154076079602
Methoxyphenamine_POS,Methoxyphenamine_POS,plasma,MTBL,C,16.033774122636107,0.1252125502216579
p3785_POS,p3785_POS,plasma,MTBL,C,16.887806145708005,0.5472707879757905
p766_POS,p766_POS,plasma,MTBL,C,21.6516509316906,0.18415094479168204
p3593_POS,p3593_POS,plasma,MTBL,C,18.777411103050365,0.18503791257063185
5-Methylquinoxaline_POS,5-Methylquinoxaline_POS,plasma,MTBL,C,20.427988134416584,0.2151834468383882
n2643_NEG,n2643_NEG,plasma,MTBL,C,18.699992452501466,0.13019410887255845
p3078_POS,p3078_POS,plasma,MTBL,C,19.092152532301817,0.34044817586257636
Taxifolin_POS,Taxifolin_POS,plasma,MTBL,C,13.47496515153448,0.23240665982104858
4'-Fluoro-pyrrolidinohexanophenone_POS,4'-Fluoro-pyrrolidinohexanophenone_POS,plasma,MTBL,C,13.24894927897659,0.24360448028672899
p236_POS,p236_POS,plasma,MTBL,C,23.692309427826338,0.12389861115780931
p3750_POS,p3750_POS,plasma,MTBL,C,18.673774871879644,0.31662173412920325
p3133_POS,p3133_POS,plasma,MTBL,C,19.166982988834377,0.23526401802812202
p435_POS,p435_POS,plasma,MTBL,C,22.875344237437066,0.15621341349160645
n899_NEG,n899_NEG,plasma,MTBL,C,19.436303367062656,0.1854047147657738
Diisopropylphosphate_NEG,Diisopropylphosphate_NEG,plasma,MTBL,C,18.043990296105733,0.2774772141033921
p4598_POS,p4598_POS,plasma,MTBL,C,13.11582623295542,0.0331867843712903
p297_POS,p297_POS,plasma,MTBL,C,24.10068700034008,0.13436451663415028
n2089_NEG,n2089_NEG,plasma,MTBL,C,18.282793649019258,0.1530107523405988
Laxaphycin E_POS,Laxaphycin E_POS,plasma,MTBL,C,20.496098886102203,0.2397859794808639
p293_POS,p293_POS,plasma,MTBL,C,24.089681710766484,0.0937255020235277
p1065_POS,p1065_POS,plasma,MTBL,C,22.489582988448017,0.14401703642615615
n802_NEG,n802_NEG,plasma,MTBL,C,19.447490751915858,0.2284123955497357
L-Glutamine_POS,L-Glutamine_POS,plasma,MTBL,C,25.852040547397248,0.19913865242241613
p2492_POS,p2492_POS,plasma,MTBL,C,20.325417305615183,0.2441786432912778
Trinitrosotrimethylenetriamine_POS,Trinitrosotrimethylenetriamine_POS,plasma,MTBL,C,17.46129976424377,0.33340685538517434
(9E)-10-nitrooctadecenoic Acid_POS,(9E)-10-nitrooctadecenoic Acid_POS,plasma,MTBL,C,17.569993165187736,0.3193717966462195
Ethyl 3-hydroxydodecanoate_POS,Ethyl 3-hydroxydodecanoate_POS,plasma,MTBL,C,14.31195393517869,0.1518431245141585
p4134_POS,p4134_POS,plasma,MTBL,C,13.7706121392009,0.20835795270826019
n1528_NEG,n1528_NEG,plasma,MTBL,C,21.040572795165755,0.3213290636312749
2-Naphthylaminomethyl-gamma-aminobutyric acid_POS,2-Naphthylaminomethyl-gamma-aminobutyric acid_POS,plasma,MTBL,C,13.413094037123582,0.12884230063206203
methyl isoquinoline-3-carboxylate_POS,methyl isoquinoline-3-carboxylate_POS,plasma,MTBL,C,18.44907498986664,0.19391065272699848
n2682_NEG,n2682_NEG,plasma,MTBL,C,16.190347794459104,0.1663684492762414
n234_NEG,n234_NEG,plasma,MTBL,C,20.883770518844432,0.1626142867229241
p3458_POS,p3458_POS,plasma,MTBL,C,15.18577321211268,0.3510089815069861
n2734_NEG,n2734_NEG,plasma,MTBL,C,18.610775570441053,0.11927887446344343
"N,N-Didesmethylvenlafaxine_POS","N,N-Didesmethylvenlafaxine_POS",plasma,MTBL,C,14.903963439082633,0.0660748669867477
L-beta-aspartyl-L-alanine_POS,L-beta-aspartyl-L-alanine_POS,plasma,MTBL,C,15.51267627285073,0.370765748402075
p3798_POS,p3798_POS,plasma,MTBL,C,13.210938006052135,0.04150604267552005
p464_POS,p464_POS,plasma,MTBL,C,23.29991741055797,0.1292581817580576
1-Hydroxybenzotriazol_POS,1-Hydroxybenzotriazol_POS,plasma,MTBL,C,20.326650855254975,0.24669197264393006
p3951_POS,p3951_POS,plasma,MTBL,C,15.9062914855889,0.08363196520891769
p1465_POS,p1465_POS,plasma,MTBL,C,20.861179389409216,0.18021761542531323
n893_NEG,n893_NEG,plasma,MTBL,C,21.90012686085546,0.09299574293287804
n1280_NEG,n1280_NEG,plasma,MTBL,C,20.165624672795353,0.1680007176720082
p1362_POS,p1362_POS,plasma,MTBL,C,22.011035491235013,0.20079879617286522
p3838_POS,p3838_POS,plasma,MTBL,C,14.400263867563451,0.26131443322929826
n3204_NEG,n3204_NEG,plasma,MTBL,C,15.676758764750767,0.054844860247579064
Meperidine_POS,Meperidine_POS,plasma,MTBL,C,12.945336704972256,0.19042377490385576
Glutaminylglutamine_POS,Glutaminylglutamine_POS,plasma,MTBL,C,13.52623309995626,0.08289800216381238
p4360_POS,p4360_POS,plasma,MTBL,C,18.43999549327566,0.29908441301732225
N-Lactoylleucine_POS,N-Lactoylleucine_POS,plasma,MTBL,C,21.201432570645306,0.3574843013603477
p1659_POS,p1659_POS,plasma,MTBL,C,21.673001910157875,0.14923633983698892
p5049_POS,p5049_POS,plasma,MTBL,C,16.5751812497467,0.4049206450878522
p2858_POS,p2858_POS,plasma,MTBL,C,20.132783633975617,0.23824388560536747
n3417_NEG,n3417_NEG,plasma,MTBL,C,13.053137834616832,0.08443209402006069
n233_NEG,n233_NEG,plasma,MTBL,C,20.96483857529516,0.16925252213528452
n2116_NEG,n2116_NEG,plasma,MTBL,C,17.878516923768885,0.22095878958389292
p250_POS,p250_POS,plasma,MTBL,C,25.164763637176986,0.1683272541496592
[Similar to: L-Threonic acid; ΔMass: 67.9747 Da]_NEG,[Similar to: L-Threonic acid; ΔMass: 67.9747 Da]_NEG,plasma,MTBL,C,17.844509528346396,0.12304092441256742
[Similar to: L-Threonic acid; ΔMass: 112.0010 Da]_NEG,[Similar to: L-Threonic acid; ΔMass: 112.0010 Da]_NEG,plasma,MTBL,C,17.33484701069643,0.2443262706802578
n3606_NEG,n3606_NEG,plasma,MTBL,C,12.5178922526191,0.09034939305864143
p5693_POS,p5693_POS,plasma,MTBL,C,11.841127246633864,0.16364982835620978
p1805_POS,p1805_POS,plasma,MTBL,C,16.84840747065263,0.2260093759441233
p700_POS,p700_POS,plasma,MTBL,C,21.06157759118592,0.212203219368714
n1365_NEG,n1365_NEG,plasma,MTBL,C,20.458245017638863,0.11457375945701287
p5408_POS,p5408_POS,plasma,MTBL,C,16.282419881508925,0.14851470619238327
n682_NEG,n682_NEG,plasma,MTBL,C,14.51379566458296,0.06993998915228516
n3565_NEG,n3565_NEG,plasma,MTBL,C,12.125919643066126,0.03489359871901421
p2130_POS,p2130_POS,plasma,MTBL,C,18.32050619571887,0.2272556944870523
p1813_POS,p1813_POS,plasma,MTBL,C,19.348505835089913,0.15526838856931136
1-Methoxy-1H-indole-3-acetonitrile_POS,1-Methoxy-1H-indole-3-acetonitrile_POS,plasma,MTBL,C,15.33677646490337,0.08815741789927323
p944_POS,p944_POS,plasma,MTBL,C,16.49293490636508,0.12784877779663262
p4647_POS,p4647_POS,plasma,MTBL,C,14.33658224274089,0.25296558659415425
p4462_POS,p4462_POS,plasma,MTBL,C,14.15984723582966,0.15232928591651884
p480_POS,p480_POS,plasma,MTBL,C,23.30959769436033,0.24504989661014065
2-(methylthio)-4-(3-pyridyl)pyrimidine_POS,2-(methylthio)-4-(3-pyridyl)pyrimidine_POS,plasma,MTBL,C,23.3423206815874,0.1739338271895825
p2452_POS,p2452_POS,plasma,MTBL,C,17.963876491147172,0.3098095267356449
p839_POS,p839_POS,plasma,MTBL,C,17.886527173019,0.1824664354899177
p5539_POS,p5539_POS,plasma,MTBL,C,13.223933445952166,0.22546246366100675
p1187_POS,p1187_POS,plasma,MTBL,C,19.43363430484696,0.17996272106568867
p741_POS,p741_POS,plasma,MTBL,C,23.115044536345884,0.24043051824641282
p2300_POS,p2300_POS,plasma,MTBL,C,18.814452971706984,0.274391234963268
p1920_POS,p1920_POS,plasma,MTBL,C,18.177436184019136,0.21194928853907413
p1351_POS,p1351_POS,plasma,MTBL,C,19.500271542920217,0.3668611874536225
p2423_POS,p2423_POS,plasma,MTBL,C,15.656540120922076,0.25079695348848396
p1606_POS,p1606_POS,plasma,MTBL,C,17.90256554435489,0.1893468728647001
Nalidixic Acid_NEG,Nalidixic Acid_NEG,plasma,MTBL,C,12.698950959200053,0.17864231848263756
p4902_POS,p4902_POS,plasma,MTBL,C,14.233554519304189,0.4693096335118554
p5773_POS,p5773_POS,plasma,MTBL,C,12.965308001700231,0.09333899308595939
p1859_POS,p1859_POS,plasma,MTBL,C,19.835017299820233,0.27643921601853094
Citrulline_NEG,Citrulline_NEG,plasma,MTBL,C,20.55059078814038,0.31179357499649285
p3205_POS,p3205_POS,plasma,MTBL,C,19.129525085531377,0.20800779090897947
n1356_NEG,n1356_NEG,plasma,MTBL,C,19.637129294277333,0.21006254431119586
Ethyl 4-(2-methoxyphenyl)piperazine-1-carboxylate_POS,Ethyl 4-(2-methoxyphenyl)piperazine-1-carboxylate_POS,plasma,MTBL,C,13.189148423441644,0.13642963408636177
p5097_POS,p5097_POS,plasma,MTBL,C,13.164475728737193,0.2210307477705431
p1491_POS,p1491_POS,plasma,MTBL,C,21.89179882751233,0.2229469904703869
p1222_POS,p1222_POS,plasma,MTBL,C,19.858478201981885,0.2348664909655156
p3965_POS,p3965_POS,plasma,MTBL,C,18.387046700685897,0.23872332176386735
p1262_POS,p1262_POS,plasma,MTBL,C,14.703343484038909,0.1750294316314278
acutumidine_POS,acutumidine_POS,plasma,MTBL,C,21.480354907365275,0.3244819505681704
p1046_POS,p1046_POS,plasma,MTBL,C,21.07234120987459,0.1968674472195282
n2058_NEG,n2058_NEG,plasma,MTBL,C,19.13759749731784,0.1460297103669923
n3217_NEG,n3217_NEG,plasma,MTBL,C,16.298163902783244,0.3388106455902289
p2965_POS,p2965_POS,plasma,MTBL,C,12.820528152696689,0.1766929210461381
n3391_NEG,n3391_NEG,plasma,MTBL,C,14.233062143957198,0.05933142618448706
n2492_NEG,n2492_NEG,plasma,MTBL,C,18.07238929495146,0.15925153136140224
n3887_NEG,n3887_NEG,plasma,MTBL,C,10.379144394529426,0.07163640858336429
n3575_NEG,n3575_NEG,plasma,MTBL,C,15.795980278510443,0.2431697748613697
p1208_POS,p1208_POS,plasma,MTBL,C,20.893459603672778,0.1454103577256376
p5170_POS,p5170_POS,plasma,MTBL,C,13.14991491421256,0.23483350579782147
p2652_POS,p2652_POS,plasma,MTBL,C,15.14521091293952,0.1631390209781003
p1657_POS,p1657_POS,plasma,MTBL,C,21.668960249470796,0.15327800052406815
p965_POS,p965_POS,plasma,MTBL,C,22.73350732211814,0.17457081704640132
p5372_POS,p5372_POS,plasma,MTBL,C,15.634105798913597,0.1492719144359711
(S)-3-[(Cyanophenylmethyl)amino]-3-oxopropanoic acid_POS,(S)-3-[(Cyanophenylmethyl)amino]-3-oxopropanoic acid_POS,plasma,MTBL,C,23.34738803966964,0.22433196725562965
p1277_POS,p1277_POS,plasma,MTBL,C,21.34480927102475,0.14235271595739363
p2870_POS,p2870_POS,plasma,MTBL,C,16.414909483788353,0.11240760535235594
p2198_POS,p2198_POS,plasma,MTBL,C,16.280253139880923,0.1889998384764091
n3140_NEG,n3140_NEG,plasma,MTBL,C,13.300897454065822,0.08815058751388705
p206_POS,p206_POS,plasma,MTBL,C,25.35845210728082,0.13095497069769024
p2791_POS,p2791_POS,plasma,MTBL,C,15.338292316268369,0.16565785358647922
p3799_POS,p3799_POS,plasma,MTBL,C,13.049674242944093,0.025174722583173548
p2311_POS,p2311_POS,plasma,MTBL,C,14.126734823507345,0.20890568716489177
p4541_POS,p4541_POS,plasma,MTBL,C,12.359138850948932,0.15796931490856458
p4254_POS,p4254_POS,plasma,MTBL,C,12.376464191896176,0.11412159153944401
p1422_POS,p1422_POS,plasma,MTBL,C,20.97720900648911,0.2852682810238072
n3175_NEG,n3175_NEG,plasma,MTBL,C,12.076049982374007,0.033489960256632756
p3817_POS,p3817_POS,plasma,MTBL,C,14.663140642382094,0.16014708891222895
p5660_POS,p5660_POS,plasma,MTBL,C,10.829300644463286,0.11402097310297066
N-Cyclohexyltaurine_POS,N-Cyclohexyltaurine_POS,plasma,MTBL,C,13.230416256004574,0.0444110810339442
p3972_POS,p3972_POS,plasma,MTBL,C,16.309706308137756,0.17885866319575072
p1224_POS,p1224_POS,plasma,MTBL,C,21.541269757169314,0.1656555668850821
n1512_NEG,n1512_NEG,plasma,MTBL,C,20.18492181319695,0.1408040372131616
p1865_POS,p1865_POS,plasma,MTBL,C,19.821713418546057,0.19969210855834163
p5644_POS,p5644_POS,plasma,MTBL,C,13.28923572956756,0.18439912902959144
n1785_NEG,n1785_NEG,plasma,MTBL,C,18.486512824878975,0.28346420319624244
p1272_POS,p1272_POS,plasma,MTBL,C,22.252855474475343,0.15131613004491484
p3352_POS,p3352_POS,plasma,MTBL,C,18.95588200519791,0.1299378519782799
p2699_POS,p2699_POS,plasma,MTBL,C,15.84116444451074,0.39702123423486846
2-(Dimethylamino)acetonitrile_POS,2-(Dimethylamino)acetonitrile_POS,plasma,MTBL,C,22.92104955212112,0.20841308888294563
p2618_POS,p2618_POS,plasma,MTBL,C,12.495412502978787,0.3763625765653149
p5608_POS,p5608_POS,plasma,MTBL,C,12.966910535620626,0.13873789528597769
p1649_POS,p1649_POS,plasma,MTBL,C,19.562414029261625,0.18119953151350288
p3551_POS,p3551_POS,plasma,MTBL,C,17.79599198191836,0.23118943023557748
n3608_NEG,n3608_NEG,plasma,MTBL,C,9.873139880825065,0.128879072450097
p504_POS,p504_POS,plasma,MTBL,C,22.286050248646234,0.22810742620068325
p2502_POS,p2502_POS,plasma,MTBL,C,20.380742129701066,0.22749733556966234
p4630_POS,p4630_POS,plasma,MTBL,C,18.757631672113224,0.32638111785771073
p2205_POS,p2205_POS,plasma,MTBL,C,17.311252620180117,0.6351401239412056
NP-003117_POS,NP-003117_POS,plasma,MTBL,C,14.710239551673952,0.16617447101461558
p532_POS,p532_POS,plasma,MTBL,C,17.38434104951569,0.14088032093640734
p4990_POS,p4990_POS,plasma,MTBL,C,14.588106641151652,0.25322433526257626
p1460_POS,p1460_POS,plasma,MTBL,C,21.019919756072508,0.16999403579275807
p4605_POS,p4605_POS,plasma,MTBL,C,13.40265393638587,0.14094425535689759
2-Octenoic acid_POS,2-Octenoic acid_POS,plasma,MTBL,C,15.65070310679203,0.44673947922900936
n2407_NEG,n2407_NEG,plasma,MTBL,C,18.39224791797196,0.16039443423618494
n1763_NEG,n1763_NEG,plasma,MTBL,C,15.02886692447789,0.2904435528739331
p3541_POS,p3541_POS,plasma,MTBL,C,15.99147981924728,0.24563112219144223
p4237_POS,p4237_POS,plasma,MTBL,C,15.335802185320157,0.2902634712766545
n3795_NEG,n3795_NEG,plasma,MTBL,C,13.204557086249231,0.39125993338660514
p1211_POS,p1211_POS,plasma,MTBL,C,20.904319075178098,0.13986960989188546
Cladospolide E_POS,Cladospolide E_POS,plasma,MTBL,C,14.765028576887511,0.6563157580140153
n1340_NEG,n1340_NEG,plasma,MTBL,C,21.02365307530145,0.08104146808188872
Dibenzylamine_POS,Dibenzylamine_POS,plasma,MTBL,C,19.11487679330963,0.23728964633422223
p1706_POS,p1706_POS,plasma,MTBL,C,21.546058109601972,0.12257868911964209
p325_POS,p325_POS,plasma,MTBL,C,23.746853687677852,0.3055127959197357
p3307_POS,p3307_POS,plasma,MTBL,C,15.781345904464578,0.15636255838401603
p789_POS,p789_POS,plasma,MTBL,C,20.44632438661736,0.12339858044936491
p3126_POS,p3126_POS,plasma,MTBL,C,18.609326586143933,0.19336474299115025
p832_POS,p832_POS,plasma,MTBL,C,23.124230228870807,0.19398352328811796
n3679_NEG,n3679_NEG,plasma,MTBL,C,14.086071814710667,0.2890738176186769
p1695_POS,p1695_POS,plasma,MTBL,C,13.32796690349043,0.06523755622186123
n2026_NEG,n2026_NEG,plasma,MTBL,C,18.81509484803528,0.1086602240595198
p2322_POS,p2322_POS,plasma,MTBL,C,18.36624161110537,0.5990000965565514
p1333_POS,p1333_POS,plasma,MTBL,C,15.23167952390268,0.10128667692609206
p3580_POS,p3580_POS,plasma,MTBL,C,18.7510380361769,0.2404255486061473
p4443_POS,p4443_POS,plasma,MTBL,C,13.179626464510736,0.21515115043083277
p3584_POS,p3584_POS,plasma,MTBL,C,15.967902154830728,0.07738746276233677
p5645_POS,p5645_POS,plasma,MTBL,C,13.215510268695509,0.22485924629680554
Geranylpyrrol A_POS,Geranylpyrrol A_POS,plasma,MTBL,C,13.212933194785863,0.13723197987533098
p1023_POS,p1023_POS,plasma,MTBL,C,22.56205566501688,0.1748226548343652
p3036_POS,p3036_POS,plasma,MTBL,C,18.898502909593287,0.1917118232923123
p5794_POS,p5794_POS,plasma,MTBL,C,10.924248227651042,0.11071386328553601
p3203_POS,p3203_POS,plasma,MTBL,C,18.598545309122496,0.4035378427863172
p3318_POS,p3318_POS,plasma,MTBL,C,12.161301094107628,0.10515276692390607
cis-Acetylacrylate_NEG,cis-Acetylacrylate_NEG,plasma,MTBL,C,23.350334818972815,0.15405600708943012
p2698_POS,p2698_POS,plasma,MTBL,C,15.828645668918906,0.36978418871293783
n1452_NEG,n1452_NEG,plasma,MTBL,C,17.134195655024502,0.06672874406888596
p1748_POS,p1748_POS,plasma,MTBL,C,19.9312748368124,0.22415256650113946
"3-Hydroxyadipic acid 3,6-lactone_POS","3-Hydroxyadipic acid 3,6-lactone_POS",plasma,MTBL,C,21.81386787844784,0.2925104513526655
p4693_POS,p4693_POS,plasma,MTBL,C,14.778094499594678,0.21261476661786638
p649_POS,p649_POS,plasma,MTBL,C,22.884558540695952,0.21505082367522022
p4870_POS,p4870_POS,plasma,MTBL,C,14.36267760141549,0.2582630655240816
n1683_NEG,n1683_NEG,plasma,MTBL,C,14.285000736751952,0.10175812290726327
p198_POS,p198_POS,plasma,MTBL,C,25.662393597147073,0.11803731526102013
2-Imidazolidone_POS,2-Imidazolidone_POS,plasma,MTBL,C,17.986249413478937,0.3069252492348937
n3500_NEG,n3500_NEG,plasma,MTBL,C,12.388336169981716,0.025362383374186948
p1464_POS,p1464_POS,plasma,MTBL,C,20.8603736280871,0.19578696143572927
Poly THF n4_POS,Poly THF n4_POS,plasma,MTBL,C,12.752975809238572,0.11612184077516474
n1686_NEG,n1686_NEG,plasma,MTBL,C,18.57342636002024,0.20298610401540884
p241_POS,p241_POS,plasma,MTBL,C,24.340465166910043,0.1322433422123801
p359_POS,p359_POS,plasma,MTBL,C,23.51317049645488,0.26572303772932315
p4402_POS,p4402_POS,plasma,MTBL,C,14.17122636675759,0.13029975923182313
n3728_NEG,n3728_NEG,plasma,MTBL,C,11.404400584932592,0.04008796765109146
p4570_POS,p4570_POS,plasma,MTBL,C,15.603848605244856,0.30858657546166235
p1966_POS,p1966_POS,plasma,MTBL,C,17.441965774955655,0.3065535815879237
p1852_POS,p1852_POS,plasma,MTBL,C,16.86453055100618,0.1744017453195248
p3367_POS,p3367_POS,plasma,MTBL,C,18.653621670699007,0.3615895701721783
p2623_POS,p2623_POS,plasma,MTBL,C,15.92962092611875,1.25066142698436
p5177_POS,p5177_POS,plasma,MTBL,C,12.429624144910166,0.5328294782968985
"1,3,11-Tridecatriene-5,7,9-triyne_POS","1,3,11-Tridecatriene-5,7,9-triyne_POS",plasma,MTBL,C,13.009743769318014,0.11855962469219783
n3668_NEG,n3668_NEG,plasma,MTBL,C,11.980913934829394,0.11500094098441238
p4005_POS,p4005_POS,plasma,MTBL,C,13.531154626891512,0.04745834440720209
n1194_NEG,n1194_NEG,plasma,MTBL,C,20.25467916222151,0.12986440812721511
p961_POS,p961_POS,plasma,MTBL,C,20.56529873485593,0.22326999511294687
2-Methoxy-N-[2-(4-sulfamoylphenyl)ethyl]benzamide_NEG,2-Methoxy-N-[2-(4-sulfamoylphenyl)ethyl]benzamide_NEG,plasma,MTBL,C,15.467917451572534,0.10442777635909373
n3714_NEG,n3714_NEG,plasma,MTBL,C,11.86913995394631,0.1839089056158727
p2708_POS,p2708_POS,plasma,MTBL,C,20.325417305615183,0.2585538638378502
p4677_POS,p4677_POS,plasma,MTBL,C,15.773865464611813,0.2925623020318273
p5101_POS,p5101_POS,plasma,MTBL,C,10.955199772395666,0.12390594420211443
n2297_NEG,n2297_NEG,plasma,MTBL,C,14.859652523729157,0.08174889038858879
Trifluoroacetic acid_NEG,Trifluoroacetic acid_NEG,plasma,MTBL,C,27.56928215368446,0.07881241314479581
p3916_POS,p3916_POS,plasma,MTBL,C,12.275320987979336,0.21856140046792305
n588_NEG,n588_NEG,plasma,MTBL,C,19.431814748611952,0.26793950321148685
n2521_NEG,n2521_NEG,plasma,MTBL,C,16.844153906311856,0.17510827237697058
n2943_NEG,n2943_NEG,plasma,MTBL,C,16.70500873660985,0.20925238276808855
p5039_POS,p5039_POS,plasma,MTBL,C,13.626040307695712,0.3739183223595077
p2169_POS,p2169_POS,plasma,MTBL,C,20.090459227838636,0.1748538115027749
p3194_POS,p3194_POS,plasma,MTBL,C,18.92209015758473,0.17086041398151508
p290_POS,p290_POS,plasma,MTBL,C,20.684860052747194,0.2912287294488074
4-(Glutamylamino) butanoate_POS,4-(Glutamylamino) butanoate_POS,plasma,MTBL,C,13.234964663603757,0.043449228973006626
n694_NEG,n694_NEG,plasma,MTBL,C,20.799865321067895,0.11453779968326572
p1667_POS,p1667_POS,plasma,MTBL,C,16.924275479421734,0.2823971428069356
n3741_NEG,n3741_NEG,plasma,MTBL,C,13.043752426510125,0.11767207361507737
methadone-d9_NEG,methadone-d9_NEG,plasma,MTBL,C,26.108154914484427,0.08132277460728687
p2672_POS,p2672_POS,plasma,MTBL,C,17.635822531801086,0.09245268477300783
n1195_NEG,n1195_NEG,plasma,MTBL,C,20.926265909355735,0.11133482851351317
"2-Isopropyl-3,5-dimethoxy-6-methylpyrazine_POS","2-Isopropyl-3,5-dimethoxy-6-methylpyrazine_POS",plasma,MTBL,C,17.24054098217998,0.06752165628596885
beta-Alanine_POS,beta-Alanine_POS,plasma,MTBL,C,25.34476436625199,0.26300078731696175
p4265_POS,p4265_POS,plasma,MTBL,C,13.204073501326707,0.09523814542186493
n247_NEG,n247_NEG,plasma,MTBL,C,20.592848992423654,0.1691019858074192
n2504_NEG,n2504_NEG,plasma,MTBL,C,16.534986608188007,0.054836939789570494
p4522_POS,p4522_POS,plasma,MTBL,C,18.01233710329978,0.19520952767599553
Cyclo(phenylalanyl-prolyl)_POS,Cyclo(phenylalanyl-prolyl)_POS,plasma,MTBL,C,13.779869880724476,0.21986785085408833
"1-[2-(2,5-Dimethyl-1H-pyrrol-1-yl)-4-nitrophenyl]-4-(methylsulfonyl)piperazine_POS","1-[2-(2,5-Dimethyl-1H-pyrrol-1-yl)-4-nitrophenyl]-4-(methylsulfonyl)piperazine_POS",plasma,MTBL,C,12.929303199160843,0.14147344669340534
p2632_POS,p2632_POS,plasma,MTBL,C,14.665051260764937,0.1462104467972445
Acetazolamide_NEG,Acetazolamide_NEG,plasma,MTBL,C,12.405278477488984,0.07589460227158362
n1650_NEG,n1650_NEG,plasma,MTBL,C,19.749802138310592,0.16879245959604816
n3479_NEG,n3479_NEG,plasma,MTBL,C,12.18358913600551,0.03498533056606412
p5123_POS,p5123_POS,plasma,MTBL,C,13.390988621208884,0.11616846695200422
p2072_POS,p2072_POS,plasma,MTBL,C,18.426672748979165,0.2685641302216695
p5658_POS,p5658_POS,plasma,MTBL,C,12.613404685948971,0.1307284898381269
n3750_NEG,n3750_NEG,plasma,MTBL,C,12.487542189788666,0.10671427495169361
Pyrogallol_NEG,Pyrogallol_NEG,plasma,MTBL,C,21.905879804338472,0.2662212986498709
p4130_POS,p4130_POS,plasma,MTBL,C,13.269446573962298,0.07763918321797014
n2020_NEG,n2020_NEG,plasma,MTBL,C,19.01131134997313,0.3232317845415693
n3016_NEG,n3016_NEG,plasma,MTBL,C,16.138979649202135,0.22443843806993868
3-(dimethylamino)-1-(2-pyridyl)prop-2-en-1-one_POS,3-(dimethylamino)-1-(2-pyridyl)prop-2-en-1-one_POS,plasma,MTBL,C,14.867534348790018,0.07048396976847116
p2119_POS,p2119_POS,plasma,MTBL,C,19.01909807485155,0.12003888512905547
3-[2-Carboxyprop-1-enyl(ethoxycarbonyl)amino]-2-methylprop-2-enoic acid_POS,3-[2-Carboxyprop-1-enyl(ethoxycarbonyl)amino]-2-methylprop-2-enoic acid_POS,plasma,MTBL,C,11.548284342675515,0.03426428113862379
p5637_POS,p5637_POS,plasma,MTBL,C,12.63849220130716,0.08071383266962329
n3876_NEG,n3876_NEG,plasma,MTBL,C,9.975288253779311,0.02487233528878008
n3466_NEG,n3466_NEG,plasma,MTBL,C,14.954186394519825,0.18802225816930296
p5321_POS,p5321_POS,plasma,MTBL,C,13.26989909346472,0.13401795929451765
p2314_POS,p2314_POS,plasma,MTBL,C,18.22184340531443,0.3823236046642897
p3024_POS,p3024_POS,plasma,MTBL,C,13.529523792801612,0.08439279122040944
p2059_POS,p2059_POS,plasma,MTBL,C,13.977352936193904,0.5108980647385444
Allopurinol_NEG,Allopurinol_NEG,plasma,MTBL,C,22.449770953367864,0.30604707875254533
n3918_NEG,n3918_NEG,plasma,MTBL,C,8.536838223233834,0.03932887581000166
Xylactam_POS,Xylactam_POS,plasma,MTBL,C,12.647682672027834,0.13345951784319077
n525_NEG,n525_NEG,plasma,MTBL,C,19.85113109982329,0.24046001329017486
p3233_POS,p3233_POS,plasma,MTBL,C,18.637320507130298,0.22685482114541955
p3368_POS,p3368_POS,plasma,MTBL,C,15.861418825521012,0.20347155045430831
p3202_POS,p3202_POS,plasma,MTBL,C,18.688452640496145,0.18283720620512156
p4359_POS,p4359_POS,plasma,MTBL,C,18.18722269684446,0.26433296598879963
"4-Azaspiro[bicyclo[2.2.2]octane-2,2'-[1,4]oxazolidine]-5'-one_POS","4-Azaspiro[bicyclo[2.2.2]octane-2,2'-[1,4]oxazolidine]-5'-one_POS",plasma,MTBL,C,15.780327430078456,0.512254654915612
Butyric acid_POS,Butyric acid_POS,plasma,MTBL,C,22.521059056203704,0.11719382982409954
p3548_POS,p3548_POS,plasma,MTBL,C,13.084332595554878,0.05621771929805419
3-Hydroxymethylglutaric acid_POS,3-Hydroxymethylglutaric acid_POS,plasma,MTBL,C,21.578812312471793,0.2313016274567694
p5087_POS,p5087_POS,plasma,MTBL,C,16.767049260096066,0.28438784667556405
p2681_POS,p2681_POS,plasma,MTBL,C,20.123146834191644,0.2544563555518593
p2701_POS,p2701_POS,plasma,MTBL,C,16.78652692805593,0.30585582286087387
p3672_POS,p3672_POS,plasma,MTBL,C,13.04975717992872,0.13122187340569624
n524_NEG,n524_NEG,plasma,MTBL,C,19.79464881002275,0.2389144251885078
p519_POS,p519_POS,plasma,MTBL,C,20.909104219728604,0.21572660322377146
p4331_POS,p4331_POS,plasma,MTBL,C,18.771464170272164,0.2491853370557635
p5360_POS,p5360_POS,plasma,MTBL,C,16.402809466891316,0.1741898326318818
n536_NEG,n536_NEG,plasma,MTBL,C,22.750912152512782,0.09711698204768382
n867_NEG,n867_NEG,plasma,MTBL,C,15.3100397747625,0.0592062863232794
p3828_POS,p3828_POS,plasma,MTBL,C,15.526794981642368,0.27049472976333
n3168_NEG,n3168_NEG,plasma,MTBL,C,10.316983879923685,0.026750248473007332
n3689_NEG,n3689_NEG,plasma,MTBL,C,9.10432172613778,0.07389097141914824
p242_POS,p242_POS,plasma,MTBL,C,25.64569921150115,0.19040573252963
p4763_POS,p4763_POS,plasma,MTBL,C,15.32424025836776,0.155345664085079
p1674_POS,p1674_POS,plasma,MTBL,C,19.69452548991876,0.21091497430946404
p1045_POS,p1045_POS,plasma,MTBL,C,21.07507088078395,0.1957696491181764
n1262_NEG,n1262_NEG,plasma,MTBL,C,21.01326128666757,0.12049458651583578
p1696_POS,p1696_POS,plasma,MTBL,C,18.90927583345551,0.19178952747812872
L-(+)-Citrulline_POS,L-(+)-Citrulline_POS,plasma,MTBL,C,22.542671223050444,0.34875592925830645
p607_POS,p607_POS,plasma,MTBL,C,19.781292155708854,0.2973767370798548
p1906_POS,p1906_POS,plasma,MTBL,C,18.18771083662432,0.2142796395733697
p4067_POS,p4067_POS,plasma,MTBL,C,14.938537986389424,0.19825767354646295
p3783_POS,p3783_POS,plasma,MTBL,C,15.001793060692586,0.09292999882856456
p3077_POS,p3077_POS,plasma,MTBL,C,19.092152532301817,0.3297034932387781
p2928_POS,p2928_POS,plasma,MTBL,C,18.623623818293563,0.08396440641342551
n2474_NEG,n2474_NEG,plasma,MTBL,C,13.314400808442516,0.06448236009536679
n2712_NEG,n2712_NEG,plasma,MTBL,C,12.712783573591274,0.12921924856856215
n1985_NEG,n1985_NEG,plasma,MTBL,C,19.958087709242353,0.08884526475005572
p3435_POS,p3435_POS,plasma,MTBL,C,16.624762461602696,0.15613936829407393
n1370_NEG,n1370_NEG,plasma,MTBL,C,19.565466355585535,0.6079223352399517
p821_POS,p821_POS,plasma,MTBL,C,18.824669505382985,0.1789895315912986
n2037_NEG,n2037_NEG,plasma,MTBL,C,17.08585234021907,0.2717373387091193
"5,6-Dihydroxyindole_POS","5,6-Dihydroxyindole_POS",plasma,MTBL,C,12.475549600935029,0.13124953758663338
p5558_POS,p5558_POS,plasma,MTBL,C,11.631886168482266,0.14170431132025385
n623_NEG,n623_NEG,plasma,MTBL,C,22.53695051392921,0.10644153499622888
p4217_POS,p4217_POS,plasma,MTBL,C,14.654899338196334,0.24825157133405895
p61_POS,p61_POS,plasma,MTBL,C,26.35574773531126,0.14563537604550092
p4379_POS,p4379_POS,plasma,MTBL,C,18.13930010011017,0.26300426327373927
p515_POS,p515_POS,plasma,MTBL,C,24.5080305150584,0.08024599149108269
n1546_NEG,n1546_NEG,plasma,MTBL,C,19.11580035890497,0.15297103542349788
Buflomedil_POS,Buflomedil_POS,plasma,MTBL,C,13.09861274733546,0.15710677048647703
Ethyl beta-D-glucopyranoside_POS,Ethyl beta-D-glucopyranoside_POS,plasma,MTBL,C,17.917593918202304,0.1895983203882885
p1664_POS,p1664_POS,plasma,MTBL,C,21.984787606419445,0.14628249564043116
n3911_NEG,n3911_NEG,plasma,MTBL,C,9.108469128346377,0.03789231671281712
n2806_NEG,n2806_NEG,plasma,MTBL,C,18.033500467061742,0.17265295929315272
Tetrahydrofuran_POS,Tetrahydrofuran_POS,plasma,MTBL,C,16.495978437443593,0.527435646077901
p3621_POS,p3621_POS,plasma,MTBL,C,15.051407862119556,0.8988179538115926
p1183_POS,p1183_POS,plasma,MTBL,C,13.325557558399815,0.04958653468669283
p1574_POS,p1574_POS,plasma,MTBL,C,20.870243043195607,0.1921937653538066
p237_POS,p237_POS,plasma,MTBL,C,25.667353406382933,0.15430372214607857
Medazepam_POS,Medazepam_POS,plasma,MTBL,C,13.760504694613404,0.1266797314389123
p5086_POS,p5086_POS,plasma,MTBL,C,14.23792185260527,0.24457944619705074
p2399_POS,p2399_POS,plasma,MTBL,C,19.913739819595644,0.13192324046474724
n85_NEG,n85_NEG,plasma,MTBL,C,26.428221961216643,0.08634984173724902
n2041_NEG,n2041_NEG,plasma,MTBL,C,18.772454677867447,0.1940779688153178
IL-1R Antagonist_POS,IL-1R Antagonist_POS,plasma,MTBL,C,13.133309691229682,0.20343323567770177
n3337_NEG,n3337_NEG,plasma,MTBL,C,14.669394406566887,0.26694180331664263
Citalopram hydrobromide_POS,Citalopram hydrobromide_POS,plasma,MTBL,C,15.940669064395102,0.15686048078929993
Methamphetamine_POS,Methamphetamine_POS,plasma,MTBL,C,16.29466213449399,0.19783374884949723
Methadone_POS,Methadone_POS,plasma,MTBL,C,11.913603278855048,0.15878969522885633
Alanylserine_POS,Alanylserine_POS,plasma,MTBL,C,18.48450606081942,0.14157671048801745
p544_POS,p544_POS,plasma,MTBL,C,23.134795797110957,0.26732268857357866
p1505_POS,p1505_POS,plasma,MTBL,C,20.20069869332849,0.32993750314824766
n3675_NEG,n3675_NEG,plasma,MTBL,C,11.457175333759578,0.09335647179213602
"3,4-Dihydroxybenzylamine_POS","3,4-Dihydroxybenzylamine_POS",plasma,MTBL,C,17.385263177949646,0.21887203046313886
Erythrohydrobupropion_POS,Erythrohydrobupropion_POS,plasma,MTBL,C,13.560182217008142,0.10610618099226166
1-Phenyl-1H-pyrazole_POS,1-Phenyl-1H-pyrazole_POS,plasma,MTBL,C,20.46930343241406,0.16203555242734424
p5502_POS,p5502_POS,plasma,MTBL,C,12.813044289825928,0.13212070881272808
p4093_POS,p4093_POS,plasma,MTBL,C,17.245793194886293,0.29693188714377783
2-Aminoacrylic acid_POS,2-Aminoacrylic acid_POS,plasma,MTBL,C,19.815347363680527,0.2774255859312582
p3589_POS,p3589_POS,plasma,MTBL,C,13.734369274723136,0.17528088338362657
Acetaminophen glucuronide_POS,Acetaminophen glucuronide_POS,plasma,MTBL,C,15.876183363894006,0.17229454378105835
"1,1-Dichloroacetone_POS","1,1-Dichloroacetone_POS",plasma,MTBL,C,19.145655604394815,0.16048418147641996
n2527_NEG,n2527_NEG,plasma,MTBL,C,14.93885327153156,0.3679263008472464
p4238_POS,p4238_POS,plasma,MTBL,C,13.675600321064264,0.24097286738360957
p3175_POS,p3175_POS,plasma,MTBL,C,18.490133963690816,0.3291687126861511
n1609_NEG,n1609_NEG,plasma,MTBL,C,19.4331405702206,0.2401559027592306
Allyl 2-(1H-benzimidazol-2-yl)-2-cyano-N-phenylethanimidothioate_POS,Allyl 2-(1H-benzimidazol-2-yl)-2-cyano-N-phenylethanimidothioate_POS,plasma,MTBL,C,13.759081021540672,0.2279980986584622
D-(-)-Ribose_NEG,D-(-)-Ribose_NEG,plasma,MTBL,C,20.518173211477222,0.1867273877883484
p1623_POS,p1623_POS,plasma,MTBL,C,15.995872360382467,0.3311499407365268
p994_POS,p994_POS,plasma,MTBL,C,19.445901145947985,0.2975949209135713
L-beta-aspartyl-L-glycine_POS,L-beta-aspartyl-L-glycine_POS,plasma,MTBL,C,17.860132916617324,0.22900778986064196
p1768_POS,p1768_POS,plasma,MTBL,C,21.5558901061976,0.14167519427860498
Terretrione A_POS,Terretrione A_POS,plasma,MTBL,C,12.989230795543415,0.14387353842643513
p4459_POS,p4459_POS,plasma,MTBL,C,17.706188100232882,0.24470671023751223
p3844_POS,p3844_POS,plasma,MTBL,C,17.910186703313546,0.2449440387674855
p1559_POS,p1559_POS,plasma,MTBL,C,21.145237097933737,0.17715491578247722
n819_NEG,n819_NEG,plasma,MTBL,C,21.3684332387576,0.15654724202173043
n2559_NEG,n2559_NEG,plasma,MTBL,C,17.786583491101165,0.3094427580695793
p954_POS,p954_POS,plasma,MTBL,C,20.807584631880015,0.2088727528951999
Cotinine_POS,Cotinine_POS,plasma,MTBL,C,14.786642269779918,0.23143800113602886
N'-Formylkynurenine_POS,N'-Formylkynurenine_POS,plasma,MTBL,C,21.00671570357004,0.25733256306007846
p1486_POS,p1486_POS,plasma,MTBL,C,16.01198434161149,0.15617156366411145
p5718_POS,p5718_POS,plasma,MTBL,C,11.655000410554544,0.17758997679505661
p1633_POS,p1633_POS,plasma,MTBL,C,20.6991138461022,0.17513366512388728
n296_NEG,n296_NEG,plasma,MTBL,C,23.580827701623292,0.1409402382165723
p2312_POS,p2312_POS,plasma,MTBL,C,18.192495821815044,0.3846424176956411
Paecilaminol_POS,Paecilaminol_POS,plasma,MTBL,C,15.53886044128957,0.1947607455571383
p1457_POS,p1457_POS,plasma,MTBL,C,21.38295471040925,0.16216954109592052
p3161_POS,p3161_POS,plasma,MTBL,C,18.393205606787475,0.15869126770212816
p3017_POS,p3017_POS,plasma,MTBL,C,12.441260029759023,0.22690342978936506
p747_POS,p747_POS,plasma,MTBL,C,21.672088486651543,0.22359440901294647
p2247_POS,p2247_POS,plasma,MTBL,C,14.100989337861256,0.23283723537710443
n3180_NEG,n3180_NEG,plasma,MTBL,C,13.394129031782482,0.0713905975417859
n1758_NEG,n1758_NEG,plasma,MTBL,C,19.269593354363117,0.19515289970646066
n526_NEG,n526_NEG,plasma,MTBL,C,20.199579950951023,0.24911906163855946
p1629_POS,p1629_POS,plasma,MTBL,C,14.100883545440007,0.1923346199858873
p4475_POS,p4475_POS,plasma,MTBL,C,12.867691115439207,0.043862502466426534
p5390_POS,p5390_POS,plasma,MTBL,C,12.49465618914036,0.11395825947092497
p4981_POS,p4981_POS,plasma,MTBL,C,12.890497482200574,0.04844995787961537
Cytidine monophosphate_POS,Cytidine monophosphate_POS,plasma,MTBL,C,15.097358048252527,0.2449821161549668
p1296_POS,p1296_POS,plasma,MTBL,C,21.822364578562084,0.2624247343232682
n3700_NEG,n3700_NEG,plasma,MTBL,C,10.949338873367829,0.07081484648997716
p1282_POS,p1282_POS,plasma,MTBL,C,22.251633335397397,0.14826392985315806
p3839_POS,p3839_POS,plasma,MTBL,C,13.614760946701235,0.15526292722949364
p1520_POS,p1520_POS,plasma,MTBL,C,19.5347703717733,0.2762393614297949
p2426_POS,p2426_POS,plasma,MTBL,C,15.626892583092504,0.20089969793084705
p3843_POS,p3843_POS,plasma,MTBL,C,13.05988872777026,0.15653326495647768
NP-022451_POS,NP-022451_POS,plasma,MTBL,C,19.27751110657036,0.32670849444616223
p4556_POS,p4556_POS,plasma,MTBL,C,12.229734886018631,0.09700971970950789
p2180_POS,p2180_POS,plasma,MTBL,C,20.72441489828421,0.22142629663581204
n3298_NEG,n3298_NEG,plasma,MTBL,C,12.782827597460736,0.03187395880547861
p4753_POS,p4753_POS,plasma,MTBL,C,13.592149007762082,0.06988012428904611
L-Pyroglutamic acid_POS,L-Pyroglutamic acid_POS,plasma,MTBL,C,25.852040547397248,0.19913865242241613
n844_NEG,n844_NEG,plasma,MTBL,C,21.77026289955631,0.10868776623566134
p526_POS,p526_POS,plasma,MTBL,C,18.52730161932991,0.5353732670037239
p1290_POS,p1290_POS,plasma,MTBL,C,21.08563085532791,0.16900011898732004
p4948_POS,p4948_POS,plasma,MTBL,C,15.681535004166005,0.23519414093805047
p3583_POS,p3583_POS,plasma,MTBL,C,15.969182110450443,0.1545607163211642
p5758_POS,p5758_POS,plasma,MTBL,C,12.14215961167223,0.13219414917078076
p948_POS,p948_POS,plasma,MTBL,C,15.64023939137256,0.3544072877447526
L-Erythrulose_NEG,L-Erythrulose_NEG,plasma,MTBL,C,23.966118322157037,0.14934151426523812
p1648_POS,p1648_POS,plasma,MTBL,C,21.945743832966933,0.1301384792987399
n2164_NEG,n2164_NEG,plasma,MTBL,C,14.801927240692054,0.29943800112593877
2-Pyridylacetic acid_POS,2-Pyridylacetic acid_POS,plasma,MTBL,C,13.019568414057078,0.1687288890832761
p952_POS,p952_POS,plasma,MTBL,C,15.44549371079726,0.08238751672745082
n915_NEG,n915_NEG,plasma,MTBL,C,19.597885476139577,0.10505254974641431
p2926_POS,p2926_POS,plasma,MTBL,C,18.41592803641509,0.14027513627605614
p3614_POS,p3614_POS,plasma,MTBL,C,13.604999026558692,0.11947850405503324
p1006_POS,p1006_POS,plasma,MTBL,C,20.486744908369513,0.15444903923021158
α-Lactose_POS,α-Lactose_POS,plasma,MTBL,C,17.46007917596193,0.5590946870450111
thiol-maleimide_POS,thiol-maleimide_POS,plasma,MTBL,C,13.785728176096397,0.19610537945911766
p1325_POS,p1325_POS,plasma,MTBL,C,20.659071757244085,0.29095237892031633
p1541_POS,p1541_POS,plasma,MTBL,C,19.523265944588864,0.1773608129748716
p5784_POS,p5784_POS,plasma,MTBL,C,12.611493156002378,0.07383033312033582
p5183_POS,p5183_POS,plasma,MTBL,C,12.651128903269754,0.21594541434490644
p389_POS,p389_POS,plasma,MTBL,C,22.595233373851208,0.21665095807445311
Guanidoacetic acid_POS,Guanidoacetic acid_POS,plasma,MTBL,C,18.253738400738076,0.26373489357809277
p3244_POS,p3244_POS,plasma,MTBL,C,15.77936525826519,0.1815699772374355
p3820_POS,p3820_POS,plasma,MTBL,C,12.91362964557822,0.13675788612237483
p2817_POS,p2817_POS,plasma,MTBL,C,18.663383434627153,0.24817408932224083
p304_POS,p304_POS,plasma,MTBL,C,21.914536597884823,0.2034489126578336
n2563_NEG,n2563_NEG,plasma,MTBL,C,17.303866023019243,0.3120532924793231
"(2R*,3R*)-1,2,3-Butanetriol_POS","(2R*,3R*)-1,2,3-Butanetriol_POS",plasma,MTBL,C,19.95682827078488,0.14864600566857078
p4918_POS,p4918_POS,plasma,MTBL,C,15.570712617991518,0.07706470903416651
Cyclic AMP_NEG,Cyclic AMP_NEG,plasma,MTBL,C,14.393154946451745,0.2472443692068893
n3121_NEG,n3121_NEG,plasma,MTBL,C,14.304512102944845,0.17978927144156565
p2553_POS,p2553_POS,plasma,MTBL,C,17.789444989854285,0.3430579999021788
n3766_NEG,n3766_NEG,plasma,MTBL,C,11.192019907948856,0.047643165728091574
p191_POS,p191_POS,plasma,MTBL,C,22.480081322049703,0.16319808615797982
D-Raffinose_POS,D-Raffinose_POS,plasma,MTBL,C,14.604107922511368,0.660239456836127
Aspartame_POS,Aspartame_POS,plasma,MTBL,C,16.018459553507817,0.22688784403123563
p924_POS,p924_POS,plasma,MTBL,C,20.846276240585222,0.1597049377751567
NP-008998_POS,NP-008998_POS,plasma,MTBL,C,14.803153351684047,0.11745257012177568
p3321_POS,p3321_POS,plasma,MTBL,C,14.340100108235225,0.2030648988072663
n83_NEG,n83_NEG,plasma,MTBL,C,24.183183537295104,0.06772438600157216
p260_POS,p260_POS,plasma,MTBL,C,25.158183424435165,0.16810376078252887
p3769_POS,p3769_POS,plasma,MTBL,C,13.903534375887071,0.2524726963205719
p4022_POS,p4022_POS,plasma,MTBL,C,17.48580679890369,0.3795958191812261
n3109_NEG,n3109_NEG,plasma,MTBL,C,17.473277008226084,0.27718766948137485
Capsianoside I_POS,Capsianoside I_POS,plasma,MTBL,C,13.709735520276537,0.1465389109969255
p380_POS,p380_POS,plasma,MTBL,C,24.48244093349285,0.1357909857603552
Creatine_POS,Creatine_POS,plasma,MTBL,C,23.75630170197287,0.45593381724368953
"2,4-diaziran-1-yl-6-(1-phenyl-1H-pyrrol-2-yl)-1,3,5-triazine_POS","2,4-diaziran-1-yl-6-(1-phenyl-1H-pyrrol-2-yl)-1,3,5-triazine_POS",plasma,MTBL,C,13.431293964345844,0.07755197191236007
p1028_POS,p1028_POS,plasma,MTBL,C,21.6663347606038,0.14283637093171464
apo-[3-methylcrotonoyl-CoA:carbon-dioxide ligase (ADP-forming)]_POS,apo-[3-methylcrotonoyl-CoA:carbon-dioxide ligase (ADP-forming)]_POS,plasma,MTBL,C,18.53462460814661,0.5142151078501271
p4247_POS,p4247_POS,plasma,MTBL,C,14.776801307323533,0.1921566077530663
p559_POS,p559_POS,plasma,MTBL,C,20.723027317102396,0.2741152519603105
QQH_POS,QQH_POS,plasma,MTBL,C,11.20717553902878,0.04446098581660607
Zonisamide_POS,Zonisamide_POS,plasma,MTBL,C,14.39881839606455,0.11240590202419831
Pantothenic acid_POS,Pantothenic acid_POS,plasma,MTBL,C,17.483405492764238,0.6480503035635792
n316_NEG,n316_NEG,plasma,MTBL,C,23.419537435782345,0.054880436067872296
p1057_POS,p1057_POS,plasma,MTBL,C,15.260451791870263,0.15551116008601085
p1084_POS,p1084_POS,plasma,MTBL,C,21.641365814680512,0.185217214918044
p2518_POS,p2518_POS,plasma,MTBL,C,15.888182450805589,0.14237473731272487
p3495_POS,p3495_POS,plasma,MTBL,C,13.394739840821348,0.04745834440719676
p1459_POS,p1459_POS,plasma,MTBL,C,21.019919756072508,0.16999403579275807
p999_POS,p999_POS,plasma,MTBL,C,22.43146248716705,0.19824460704163727
p5774_POS,p5774_POS,plasma,MTBL,C,12.10150195871062,0.13769190332194547
Phenyl sulfoxide_POS,Phenyl sulfoxide_POS,plasma,MTBL,C,26.17991178243195,0.20718231432266165
p3107_POS,p3107_POS,plasma,MTBL,C,13.210195258202866,0.044785357129638825
p5160_POS,p5160_POS,plasma,MTBL,C,11.28067286858644,0.04873808070566987
p5412_POS,p5412_POS,plasma,MTBL,C,11.396888506362876,0.1389664883873749
n1621_NEG,n1621_NEG,plasma,MTBL,C,16.91963670294459,0.06168767618266102
p4082_POS,p4082_POS,plasma,MTBL,C,19.06208541639449,0.0658569272906071
Chenodeoxycholic Acid_NEG,Chenodeoxycholic Acid_NEG,plasma,MTBL,C,14.40402132994947,0.1039027257559102
n3259_NEG,n3259_NEG,plasma,MTBL,C,16.88389064305976,0.2675293598333859
p3083_POS,p3083_POS,plasma,MTBL,C,18.271808491471464,0.24348372300357823
n3896_NEG,n3896_NEG,plasma,MTBL,C,9.43363266481837,0.07287045349879051
p3198_POS,p3198_POS,plasma,MTBL,C,16.375824517641487,0.2655511796818857
p4876_POS,p4876_POS,plasma,MTBL,C,14.14040150226568,0.22889325382585568
n3520_NEG,n3520_NEG,plasma,MTBL,C,13.873123029500244,0.3268875861660039
p4433_POS,p4433_POS,plasma,MTBL,C,12.628919901044032,0.4998231956413903
p699_POS,p699_POS,plasma,MTBL,C,21.077708324412924,0.2112983332185152
p5800_POS,p5800_POS,plasma,MTBL,C,10.713369747761844,0.11071386328553601
"4-Cyano-N-({(1S,4S,6S)-6-isopropyl-3-methyl-4-[2-(4-methyl-1-piperazinyl)-2-oxoethyl]-2-cyclohexen-1-yl}methyl)benzamide_NEG","4-Cyano-N-({(1S,4S,6S)-6-isopropyl-3-methyl-4-[2-(4-methyl-1-piperazinyl)-2-oxoethyl]-2-cyclohexen-1-yl}methyl)benzamide_NEG",plasma,MTBL,C,12.51505554739488,0.08378840298714607
n3730_NEG,n3730_NEG,plasma,MTBL,C,12.40045576416563,0.11465266651635275
D-Glucamine_POS,D-Glucamine_POS,plasma,MTBL,C,18.262324569460947,0.4207096971004738
p1279_POS,p1279_POS,plasma,MTBL,C,22.14905577044115,0.14979900452587103
[3-amino-5-(methylsulfanyl)-4-(2-pyridinyl)-1H-pyrazol-1-yl](2-thienyl)methanone_POS,[3-amino-5-(methylsulfanyl)-4-(2-pyridinyl)-1H-pyrazol-1-yl](2-thienyl)methanone_POS,plasma,MTBL,C,23.165981016392664,0.13812677946944518
Cladinose_POS,Cladinose_POS,plasma,MTBL,C,18.84018670095744,0.06367561203437333
n446_NEG,n446_NEG,plasma,MTBL,C,21.100404176253154,0.19723861392205322
Lamotrigine_POS,Lamotrigine_POS,plasma,MTBL,C,16.213478957752912,0.20176593892408334
n1279_NEG,n1279_NEG,plasma,MTBL,C,20.46434046219896,0.13903397349532653
n474_NEG,n474_NEG,plasma,MTBL,C,21.365967295386085,0.22453832814213825
n222_NEG,n222_NEG,plasma,MTBL,C,23.711310457181156,0.13631255775044337
11-Aminoundecanoic acid_POS,11-Aminoundecanoic acid_POS,plasma,MTBL,C,14.628978355471494,0.15103156140705742
4'-Chloro-α-pyrrolidinopropiophenone_POS,4'-Chloro-α-pyrrolidinopropiophenone_POS,plasma,MTBL,C,16.122445405985257,0.0396550959599864
n3916_NEG,n3916_NEG,plasma,MTBL,C,9.400117180813998,0.07287045349879584
p2202_POS,p2202_POS,plasma,MTBL,C,16.17534473482447,0.1531654966047391
p3856_POS,p3856_POS,plasma,MTBL,C,18.690015381997256,0.10005282387127323
Desmethylcitalopram_POS,Desmethylcitalopram_POS,plasma,MTBL,C,16.27187128883708,0.17307446931625137
p266_POS,p266_POS,plasma,MTBL,C,25.12146973818707,0.17107129888440298
p4531_POS,p4531_POS,plasma,MTBL,C,12.494700257241924,0.2198237608000415
p813_POS,p813_POS,plasma,MTBL,C,23.369447915223105,0.10640573687871324
O-Desmethyl-cis-tramadol_POS,O-Desmethyl-cis-tramadol_POS,plasma,MTBL,C,13.15924330031008,0.030149559559944805
p5296_POS,p5296_POS,plasma,MTBL,C,13.45962534360647,0.13801009281519505
n1560_NEG,n1560_NEG,plasma,MTBL,C,18.754061312995645,0.21099693637809835
p4412_POS,p4412_POS,plasma,MTBL,C,14.113743901785716,0.21076161193076537
Phenazopyridine_POS,Phenazopyridine_POS,plasma,MTBL,C,12.072118856100776,0.060754002347399805
n2820_NEG,n2820_NEG,plasma,MTBL,C,18.488603763447472,0.1267823231962204
D-(+)-Glucose_POS,D-(+)-Glucose_POS,plasma,MTBL,C,26.636147709030983,0.22272551766602078
p490_POS,p490_POS,plasma,MTBL,C,23.139479100824545,0.13612417875737393
p2756_POS,p2756_POS,plasma,MTBL,C,19.57184270269745,0.1209361778023208
p3975_POS,p3975_POS,plasma,MTBL,C,15.504614704589985,0.1996326788292695
n3726_NEG,n3726_NEG,plasma,MTBL,C,12.20095777651851,0.06992397632393654
p5224_POS,p5224_POS,plasma,MTBL,C,12.333260901195676,0.08651037786411564
n3555_NEG,n3555_NEG,plasma,MTBL,C,15.56884520811558,0.350438026228991
n1399_NEG,n1399_NEG,plasma,MTBL,C,18.90590124374508,0.1862889078985539
p4649_POS,p4649_POS,plasma,MTBL,C,17.508690141992105,0.4197738521654273
p1570_POS,p1570_POS,plasma,MTBL,C,21.09278690903174,0.22425002030018248
p3818_POS,p3818_POS,plasma,MTBL,C,13.163016411193729,0.16071664646166006
"N-(3-Cyano-4,5-dimethyl-2-thienyl)-2-(4-phenylpiperazino)acetamide_NEG","N-(3-Cyano-4,5-dimethyl-2-thienyl)-2-(4-phenylpiperazino)acetamide_NEG",plasma,MTBL,C,14.086796848572355,0.2902048430120683
p2038_POS,p2038_POS,plasma,MTBL,C,20.33792171310839,0.29348513975003954
Tromethamine_POS,Tromethamine_POS,plasma,MTBL,C,15.876909827788054,0.037864905540727634
n3884_NEG,n3884_NEG,plasma,MTBL,C,10.411501824991088,0.02832957784915635
n157_NEG,n157_NEG,plasma,MTBL,C,25.349877501647633,0.07887854509569436
n3894_NEG,n3894_NEG,plasma,MTBL,C,9.613433448644994,0.03823633473662724
p4840_POS,p4840_POS,plasma,MTBL,C,13.02507396862592,0.15183850659256493
p5531_POS,p5531_POS,plasma,MTBL,C,11.894754653947889,0.17083164479644886
p4694_POS,p4694_POS,plasma,MTBL,C,16.995885485683814,0.33934106248504037
p1622_POS,p1622_POS,plasma,MTBL,C,17.22389559113017,0.5262691298782158
p4550_POS,p4550_POS,plasma,MTBL,C,14.347023785208938,0.14984182747455854
p339_POS,p339_POS,plasma,MTBL,C,23.781479558924747,0.1081397244852198
p2647_POS,p2647_POS,plasma,MTBL,C,17.712430266229163,0.562874914826665
p2581_POS,p2581_POS,plasma,MTBL,C,16.108025053779585,0.28382041424253046
Capsaicin_POS,Capsaicin_POS,plasma,MTBL,C,13.34467938609245,0.18525408009839417
n840_NEG,n840_NEG,plasma,MTBL,C,21.245546191833306,0.10555711477774565
N-Ethylacetamide_POS,N-Ethylacetamide_POS,plasma,MTBL,C,24.287615090836425,0.10467747827546958
D-Glycero-D-galacto-heptitol_NEG,D-Glycero-D-galacto-heptitol_NEG,plasma,MTBL,C,15.789736276049643,0.24161491152522707
n1923_NEG,n1923_NEG,plasma,MTBL,C,15.877957728601784,0.24356192923421283
n2403_NEG,n2403_NEG,plasma,MTBL,C,15.11614305457816,0.19432402783534464
n3021_NEG,n3021_NEG,plasma,MTBL,C,16.97057579158667,0.3011903824535658
p2143_POS,p2143_POS,plasma,MTBL,C,18.52477870360477,0.12737814524886915
2-Pentenedial_NEG,2-Pentenedial_NEG,plasma,MTBL,C,23.168988263254235,0.13466970495122865
p2785_POS,p2785_POS,plasma,MTBL,C,13.819195725407054,0.18970014351523012
n3442_NEG,n3442_NEG,plasma,MTBL,C,12.53330642461246,0.09280688113559954
