,analyte_ID,tissue,datatype,timepoint,control_median,control_MAD
D3-Creatinine-ISTD_POS,D3-Creatinine-ISTD_POS,plasma,MTBL,A,24.456799479695405,0.0912705571940009
p3823_POS,p3823_POS,plasma,MTBL,A,14.466372646782446,0.4181496984935418
p1690_POS,p1690_POS,plasma,MTBL,A,21.606260219604856,0.18853056554906722
p5795_POS,p5795_POS,plasma,MTBL,A,14.010189013553099,0.053234758233725366
p2942_POS,p2942_POS,plasma,MTBL,A,14.763821349356617,0.05865887610176834
"N-(1,3-benzodioxol-5-yl)-2-methyl-5-(piperidinosulfonyl)-3-furamide_POS","N-(1,3-benzodioxol-5-yl)-2-methyl-5-(piperidinosulfonyl)-3-furamide_POS",plasma,MTBL,A,13.662753764827857,0.14824234334260922
"N1-(alpha-D-ribosyl)-5,6-dimethyl-benzimidazole_POS","N1-(alpha-D-ribosyl)-5,6-dimethyl-benzimidazole_POS",plasma,MTBL,A,16.76898045601803,0.7531288800524987
p3174_POS,p3174_POS,plasma,MTBL,A,15.482394662763893,0.14693951826409624
Methoxsalen_POS,Methoxsalen_POS,plasma,MTBL,A,14.95793837503634,0.17856414718831637
n3688_NEG,n3688_NEG,plasma,MTBL,A,11.977965687248133,0.12250581364500768
p555_POS,p555_POS,plasma,MTBL,A,23.02288500771381,0.19144514872579954
"[6,7-dimethoxy-1-methyl-3,4-dihydro-2(1H)-isoquinolinyl](5-methyl-3-isoxazolyl)methanone_POS","[6,7-dimethoxy-1-methyl-3,4-dihydro-2(1H)-isoquinolinyl](5-methyl-3-isoxazolyl)methanone_POS",plasma,MTBL,A,13.60179997232331,0.08294737802407326
p5019_POS,p5019_POS,plasma,MTBL,A,15.721756663763843,0.14713420358046392
p3144_POS,p3144_POS,plasma,MTBL,A,18.611017418952645,0.24486649385599435
n2600_NEG,n2600_NEG,plasma,MTBL,A,16.453266345370817,0.39835015157404463
Caprolactam_POS,Caprolactam_POS,plasma,MTBL,A,19.13353696446559,0.589955177485038
p5568_POS,p5568_POS,plasma,MTBL,A,11.340209023917083,0.040580142307478084
p1608_POS,p1608_POS,plasma,MTBL,A,20.478178976723257,0.214519950446185
p5015_POS,p5015_POS,plasma,MTBL,A,11.962003461298696,0.12710594028486888
p281_POS,p281_POS,plasma,MTBL,A,24.202550417684588,0.11493545753596734
Glucuronic acid sulfate_NEG,Glucuronic acid sulfate_NEG,plasma,MTBL,A,9.865687607206244,0.03250696197230418
p98_POS,p98_POS,plasma,MTBL,A,26.314548151570747,0.17415520383987548
p851_POS,p851_POS,plasma,MTBL,A,18.89138383920306,0.3751976574151694
Indoline_POS,Indoline_POS,plasma,MTBL,A,21.329723071650662,0.2110905263092775
p3519_POS,p3519_POS,plasma,MTBL,A,15.664972582487497,0.18822430475055718
Vaccenyl carnitine_POS,Vaccenyl carnitine_POS,plasma,MTBL,A,13.919800701834808,0.27215192582162473
Imidazoleacetic acid_POS,Imidazoleacetic acid_POS,plasma,MTBL,A,20.42346899847795,0.2606549299364236
p4974_POS,p4974_POS,plasma,MTBL,A,15.478995386657273,0.09459921419806427
p3473_POS,p3473_POS,plasma,MTBL,A,18.700318040639218,0.34139411711024614
p5162_POS,p5162_POS,plasma,MTBL,A,18.176579032419923,0.19764604122828366
Gluconolactone_POS,Gluconolactone_POS,plasma,MTBL,A,17.793599148762432,0.27998570690169444
p1485_POS,p1485_POS,plasma,MTBL,A,20.183671496416466,0.2303833106403843
p4351_POS,p4351_POS,plasma,MTBL,A,11.079419029002695,0.12185354519884761
p1605_POS,p1605_POS,plasma,MTBL,A,20.387476194573814,0.18941697722467943
n2589_NEG,n2589_NEG,plasma,MTBL,A,18.539507227563327,0.2580307157412687
p4096_POS,p4096_POS,plasma,MTBL,A,18.747030937819808,0.24589916438277015
p2057_POS,p2057_POS,plasma,MTBL,A,19.574361472368153,0.24389073902754355
Venlafaxine N-Oxide_POS,Venlafaxine N-Oxide_POS,plasma,MTBL,A,12.89471439344259,0.18786428469352678
p2825_POS,p2825_POS,plasma,MTBL,A,20.440709638937427,0.16318258040492317
p5080_POS,p5080_POS,plasma,MTBL,A,12.908603640413217,0.12464590418363564
p4193_POS,p4193_POS,plasma,MTBL,A,12.282983209716674,0.8352271611883815
Memnobotrin B_POS,Memnobotrin B_POS,plasma,MTBL,A,12.57388828508119,0.19192619882176487
p5561_POS,p5561_POS,plasma,MTBL,A,12.865560526619259,0.2724621286342934
n568_NEG,n568_NEG,plasma,MTBL,A,20.2243889085408,0.17626452014075333
p1828_POS,p1828_POS,plasma,MTBL,A,21.417669939048146,0.20282548651548282
N-Docosahexaenoyl GABA_POS,N-Docosahexaenoyl GABA_POS,plasma,MTBL,A,13.005948173722485,0.17391609030621513
p3967_POS,p3967_POS,plasma,MTBL,A,13.835185541186565,0.16773917664041527
p4275_POS,p4275_POS,plasma,MTBL,A,16.771749519754636,0.171104302985837
p1167_POS,p1167_POS,plasma,MTBL,A,20.544814104369507,0.25448463141057687
p3082_POS,p3082_POS,plasma,MTBL,A,12.896660919902695,0.13482090485123788
p790_POS,p790_POS,plasma,MTBL,A,20.430252161146054,0.10257534056551343
p231_POS,p231_POS,plasma,MTBL,A,24.02549241794253,0.1689338223309118
n3923_NEG,n3923_NEG,plasma,MTBL,A,9.70781851092616,0.06391798469622856
p2723_POS,p2723_POS,plasma,MTBL,A,15.636775362689502,0.3327101255618832
p3243_POS,p3243_POS,plasma,MTBL,A,15.628454740758642,0.1494943399221622
n1345_NEG,n1345_NEG,plasma,MTBL,A,19.221655063471168,0.2677506804724761
p2887_POS,p2887_POS,plasma,MTBL,A,18.295188852147465,0.17955937820257262
p5424_POS,p5424_POS,plasma,MTBL,A,10.728579237492283,0.1315529690004098
p4222_POS,p4222_POS,plasma,MTBL,A,17.718424756252567,0.06398237576944155
D3-Creatinine_POS,D3-Creatinine_POS,plasma,MTBL,A,24.452355872296653,0.15405159638973132
p207_POS,p207_POS,plasma,MTBL,A,25.53455644999947,0.14690301663316063
p959_POS,p959_POS,plasma,MTBL,A,20.647513624312744,0.2129893452768563
p5522_POS,p5522_POS,plasma,MTBL,A,12.738639212356372,0.23915805028998083
p4371_POS,p4371_POS,plasma,MTBL,A,16.199763475477972,0.12063479383025211
p3896_POS,p3896_POS,plasma,MTBL,A,18.859559097516385,0.20296464700874317
p5016_POS,p5016_POS,plasma,MTBL,A,15.197868881393278,0.09463054777679591
p3023_POS,p3023_POS,plasma,MTBL,A,11.448694284296348,0.11224958895775927
p3469_POS,p3469_POS,plasma,MTBL,A,14.93330578107004,0.40279888188575086
p131_POS,p131_POS,plasma,MTBL,A,23.97551068898961,0.21853609579960676
n537_NEG,n537_NEG,plasma,MTBL,A,22.673460247619694,0.10363772127893434
Galactitol_POS,Galactitol_POS,plasma,MTBL,A,17.87743548822599,0.7461213077249891
"1,2,3-Trihydroxybenzene_NEG","1,2,3-Trihydroxybenzene_NEG",plasma,MTBL,A,18.077585151290382,0.16938222137099324
p2234_POS,p2234_POS,plasma,MTBL,A,13.853095388427194,0.3828718360020762
p2448_POS,p2448_POS,plasma,MTBL,A,16.78482603565243,0.34221191249543814
p4097_POS,p4097_POS,plasma,MTBL,A,18.741439078085975,0.24195404938793175
Repinotan_POS,Repinotan_POS,plasma,MTBL,A,14.251450434008188,0.2569744582330449
p1519_POS,p1519_POS,plasma,MTBL,A,19.472751072011597,0.2701712612906171
p3498_POS,p3498_POS,plasma,MTBL,A,15.463298711297925,0.3805268605116092
n4_NEG,n4_NEG,plasma,MTBL,A,28.959236816068106,0.044733457839930324
n3757_NEG,n3757_NEG,plasma,MTBL,A,8.635012362495335,0.04095925556364488
p2690_POS,p2690_POS,plasma,MTBL,A,18.554889108469034,0.21053073724485394
p1192_POS,p1192_POS,plasma,MTBL,A,22.188773542732363,0.16912197466296952
n3849_NEG,n3849_NEG,plasma,MTBL,A,11.795835876610276,0.10333229149192125
n178_NEG,n178_NEG,plasma,MTBL,A,24.30460716149964,0.06554930066555187
p1815_POS,p1815_POS,plasma,MTBL,A,20.39020710072895,0.15377519221763514
p3707_POS,p3707_POS,plasma,MTBL,A,19.722109037858516,0.12520835363620186
p4375_POS,p4375_POS,plasma,MTBL,A,12.664291221256855,0.2840994954300955
p300_POS,p300_POS,plasma,MTBL,A,24.690778373637787,0.19956284071956354
n3235_NEG,n3235_NEG,plasma,MTBL,A,12.805219754774843,0.07211161613233408
p1970_POS,p1970_POS,plasma,MTBL,A,17.794096468569798,0.393631372711047
p5236_POS,p5236_POS,plasma,MTBL,A,14.685982640565218,0.15265735913201972
p132_POS,p132_POS,plasma,MTBL,A,25.191600377612193,0.11578336738715045
p2281_POS,p2281_POS,plasma,MTBL,A,18.95139111312489,0.2898482642393905
p1029_POS,p1029_POS,plasma,MTBL,A,20.435249588827862,0.262101194951077
p1780_POS,p1780_POS,plasma,MTBL,A,18.32938897893797,0.2821927582519024
p145_POS,p145_POS,plasma,MTBL,A,26.133852780875003,0.14798907744266465
p903_POS,p903_POS,plasma,MTBL,A,19.99546757547289,0.2006240482244852
n2843_NEG,n2843_NEG,plasma,MTBL,A,15.363561711274308,0.23968768801475626
p1994_POS,p1994_POS,plasma,MTBL,A,20.152327247176554,0.1277943648377402
n2905_NEG,n2905_NEG,plasma,MTBL,A,17.653859125166942,0.23796605539702398
p3681_POS,p3681_POS,plasma,MTBL,A,17.934327420600347,0.2810027438151472
D-Glucose_POS,D-Glucose_POS,plasma,MTBL,A,27.255322663790945,0.14056007766083845
p4965_POS,p4965_POS,plasma,MTBL,A,13.715347282973879,0.395383635580167
n1333_NEG,n1333_NEG,plasma,MTBL,A,20.562512364110063,0.12414219291584061
Dacarbazine_POS,Dacarbazine_POS,plasma,MTBL,A,15.295490211794172,0.5021559094358512
(R)-Salsolinol_POS,(R)-Salsolinol_POS,plasma,MTBL,A,13.064370572190208,0.2113159077308273
n2511_NEG,n2511_NEG,plasma,MTBL,A,18.063338489878845,0.24203078350324247
p4116_POS,p4116_POS,plasma,MTBL,A,14.805930020690846,0.11704750687040555
p4306_POS,p4306_POS,plasma,MTBL,A,12.686816325621765,0.11036996505620156
n33_NEG,n33_NEG,plasma,MTBL,A,27.585606613896886,0.10036641414165715
p800_POS,p800_POS,plasma,MTBL,A,20.989506399046427,0.09072176265152798
"1,1,1,2,2,3,3,10,10,11,11,12,12,12-Tetradecafluoro-5,8-diiodododecane_NEG","1,1,1,2,2,3,3,10,10,11,11,12,12,12-Tetradecafluoro-5,8-diiodododecane_NEG",plasma,MTBL,A,22.83628644772036,0.11313008601879737
D-threo-isocitrate_NEG,D-threo-isocitrate_NEG,plasma,MTBL,A,16.737309283368802,0.2571830995258324
Kijanimicin_POS,Kijanimicin_POS,plasma,MTBL,A,18.58969019233577,0.21250427961107476
p3732_POS,p3732_POS,plasma,MTBL,A,13.901751048179822,0.05231075405597263
n2637_NEG,n2637_NEG,plasma,MTBL,A,13.962508262853989,0.14410937772161958
p2499_POS,p2499_POS,plasma,MTBL,A,18.995515405062527,0.33411706179021117
p4517_POS,p4517_POS,plasma,MTBL,A,14.07750451432242,0.1016307568417183
1-(2-Hydroxyethyl-2-hydroxymethyl)-5-nitro-imidazole_POS,1-(2-Hydroxyethyl-2-hydroxymethyl)-5-nitro-imidazole_POS,plasma,MTBL,A,12.990033747011868,0.1928511588838573
δ-Valerolactam_POS,δ-Valerolactam_POS,plasma,MTBL,A,21.823267363956674,0.5729861637041864
p3186_POS,p3186_POS,plasma,MTBL,A,20.350194190553314,0.13936495163886953
n2627_NEG,n2627_NEG,plasma,MTBL,A,18.73617527719425,0.1447514970196515
p364_POS,p364_POS,plasma,MTBL,A,23.60806131644741,0.1328300336773296
p4248_POS,p4248_POS,plasma,MTBL,A,14.252210974927813,0.13995226937404848
n1822_NEG,n1822_NEG,plasma,MTBL,A,14.464084571611938,0.1398765515526179
3-hydroxynonanoyl carnitine_POS,3-hydroxynonanoyl carnitine_POS,plasma,MTBL,A,15.748233293849344,0.17979083546440489
p5029_POS,p5029_POS,plasma,MTBL,A,16.862108832147044,0.19410613796300602
p5119_POS,p5119_POS,plasma,MTBL,A,12.114793541505854,0.13296960155205895
p2569_POS,p2569_POS,plasma,MTBL,A,15.781902703069191,0.1393719279684582
Leucylproline_POS,Leucylproline_POS,plasma,MTBL,A,22.01063891634416,0.20594899498924768
p3932_POS,p3932_POS,plasma,MTBL,A,14.538122886867981,0.1145706545631402
2-Heptanethiol_POS,2-Heptanethiol_POS,plasma,MTBL,A,21.95307206922307,0.33248442764471875
Uracil analogue_POS,Uracil analogue_POS,plasma,MTBL,A,13.70071304936761,0.02632397692011157
p4131_POS,p4131_POS,plasma,MTBL,A,13.76650425582422,0.26759627140137265
p4467_POS,p4467_POS,plasma,MTBL,A,13.128941466996565,0.04590131810193743
p5640_POS,p5640_POS,plasma,MTBL,A,11.556416548531356,0.2158698892015467
Succinic acid semialdehyde_NEG,Succinic acid semialdehyde_NEG,plasma,MTBL,A,23.30882876599268,0.1314471578089229
p1275_POS,p1275_POS,plasma,MTBL,A,21.23913238804647,0.20221431359609454
p1655_POS,p1655_POS,plasma,MTBL,A,15.119780538397494,0.47727932386788474
L-Iditol_POS,L-Iditol_POS,plasma,MTBL,A,19.226804757996128,0.5838823606055481
p3615_POS,p3615_POS,plasma,MTBL,A,13.514185075230902,0.11202740229143959
n319_NEG,n319_NEG,plasma,MTBL,A,23.431831643806397,0.0959512517063299
p4162_POS,p4162_POS,plasma,MTBL,A,14.320804553172557,0.12537268243582655
p5144_POS,p5144_POS,plasma,MTBL,A,12.254052032480423,0.22553235541578154
n3719_NEG,n3719_NEG,plasma,MTBL,A,15.704444921545196,0.27900508819417524
p4508_POS,p4508_POS,plasma,MTBL,A,17.072415425092267,0.4283175038638021
p2289_POS,p2289_POS,plasma,MTBL,A,15.045952801864807,0.09064446506629675
p1866_POS,p1866_POS,plasma,MTBL,A,19.85190753755865,0.19760058454308727
p3585_POS,p3585_POS,plasma,MTBL,A,18.578193065610094,0.2468734478597785
p2540_POS,p2540_POS,plasma,MTBL,A,20.072198680112955,0.12201227306135642
p2827_POS,p2827_POS,plasma,MTBL,A,14.766723070586535,0.13578123138567655
p658_POS,p658_POS,plasma,MTBL,A,19.27504376582371,0.242136641988548
p1452_POS,p1452_POS,plasma,MTBL,A,18.65025975371046,0.34084433943329806
L-Serine_NEG,L-Serine_NEG,plasma,MTBL,A,21.112532701570544,0.24356905806620155
p951_POS,p951_POS,plasma,MTBL,A,21.516706961483642,0.1687966853260896
p2896_POS,p2896_POS,plasma,MTBL,A,18.559323916985814,0.24747199888872373
N-Trifluoroacetyladriamycin_POS,N-Trifluoroacetyladriamycin_POS,plasma,MTBL,A,16.022334969984026,0.2383854746464653
"1H,1H-Perfluorononylamine_POS","1H,1H-Perfluorononylamine_POS",plasma,MTBL,A,12.11556438854565,0.04842553703700325
n3303_NEG,n3303_NEG,plasma,MTBL,A,11.601392337561728,0.06679751613151552
p1382_POS,p1382_POS,plasma,MTBL,A,19.962720772803507,0.23097265939019707
p2909_POS,p2909_POS,plasma,MTBL,A,17.26949522984082,0.3194996462248767
p2168_POS,p2168_POS,plasma,MTBL,A,18.942188520313444,0.161179906373615
p5622_POS,p5622_POS,plasma,MTBL,A,12.991295707607012,0.14131614933230097
"5-({[3-chloro-5-(trifluoromethyl)-2-pyridyl]methyl}thio)-4-pentyl-4H-1,2,4-triazol-3-ol_POS","5-({[3-chloro-5-(trifluoromethyl)-2-pyridyl]methyl}thio)-4-pentyl-4H-1,2,4-triazol-3-ol_POS",plasma,MTBL,A,9.699745186316079,0.031841287687818465
n2663_NEG,n2663_NEG,plasma,MTBL,A,18.63451065740096,0.16629227262684765
p426_POS,p426_POS,plasma,MTBL,A,22.09685487196856,0.15766619776907298
p824_POS,p824_POS,plasma,MTBL,A,21.822476696494007,0.20679794872005175
p1008_POS,p1008_POS,plasma,MTBL,A,18.548715013654224,0.22250026675287415
p1692_POS,p1692_POS,plasma,MTBL,A,20.912673127329697,0.20626529895067058
n416_NEG,n416_NEG,plasma,MTBL,A,23.224558740492427,0.09896830047166816
p2855_POS,p2855_POS,plasma,MTBL,A,19.407167426086826,0.1613163182127444
p1435_POS,p1435_POS,plasma,MTBL,A,21.99801441394269,0.21631885824997887
"6-Chloro-N2,N3-diethylquinoxaline-2,3-diamine_POS","6-Chloro-N2,N3-diethylquinoxaline-2,3-diamine_POS",plasma,MTBL,A,10.754828723106526,0.1284312054892629
p5751_POS,p5751_POS,plasma,MTBL,A,15.191486471473915,0.47405281264924604
n3892_NEG,n3892_NEG,plasma,MTBL,A,10.131308361353787,0.02837498659195159
p3176_POS,p3176_POS,plasma,MTBL,A,18.64238407871514,0.2586469101267106
Triethylene Glycol Monomethyl Ether_POS,Triethylene Glycol Monomethyl Ether_POS,plasma,MTBL,A,16.648895467932896,0.16428653841670915
p5062_POS,p5062_POS,plasma,MTBL,A,14.735374364946225,0.1588761919615953
D-(-)-Mannitol_NEG,D-(-)-Mannitol_NEG,plasma,MTBL,A,19.12494612870504,0.5508860679412262
p1125_POS,p1125_POS,plasma,MTBL,A,21.391661802205206,0.18759798596463462
Penicillactam_POS,Penicillactam_POS,plasma,MTBL,A,17.225559698176514,0.3737019849452228
Norepinephrine sulfate_POS,Norepinephrine sulfate_POS,plasma,MTBL,A,14.888381827664837,0.050248851409284256
3-Oxalomalic acid_POS,3-Oxalomalic acid_POS,plasma,MTBL,A,18.443964899922285,0.2462937521597901
n2862_NEG,n2862_NEG,plasma,MTBL,A,16.14753645599989,0.17557012263679272
p5406_POS,p5406_POS,plasma,MTBL,A,13.09766280775165,0.1347277940115088
p2850_POS,p2850_POS,plasma,MTBL,A,12.979322271403216,0.04707509499867246
p4818_POS,p4818_POS,plasma,MTBL,A,13.732247546959275,0.2542859733316103
"5,5-dimethyl-2-{[(2-phenylacetyl)amino]methyl}-1,3-thiazolane-4-carboxylic acid_POS","5,5-dimethyl-2-{[(2-phenylacetyl)amino]methyl}-1,3-thiazolane-4-carboxylic acid_POS",plasma,MTBL,A,13.833535255473976,0.14985732731207513
2-Amino-3-methyl-1-butanol_POS,2-Amino-3-methyl-1-butanol_POS,plasma,MTBL,A,23.095788522578566,0.36001898733680804
p759_POS,p759_POS,plasma,MTBL,A,18.797797370358854,0.19349499390379776
p4520_POS,p4520_POS,plasma,MTBL,A,17.29240869772746,0.10554283505558892
NP-022470_POS,NP-022470_POS,plasma,MTBL,A,13.840355194540987,0.14963332814725483
3-Deoxyglucosone_NEG,3-Deoxyglucosone_NEG,plasma,MTBL,A,23.865981801185278,0.13448369029089235
Bupropion hydrochloride_POS,Bupropion hydrochloride_POS,plasma,MTBL,A,14.949121799915982,0.09615636407812556
p3051_POS,p3051_POS,plasma,MTBL,A,15.782109361848182,0.234474548833016
p4961_POS,p4961_POS,plasma,MTBL,A,14.195805529617036,0.21580504192682604
p2574_POS,p2574_POS,plasma,MTBL,A,15.183731724777045,0.33294917681330904
p1316_POS,p1316_POS,plasma,MTBL,A,19.111376901517907,0.13917172157253788
n2173_NEG,n2173_NEG,plasma,MTBL,A,19.275017812744693,0.14933979723766733
N-(2-Hydroxypropyl)valine_POS,N-(2-Hydroxypropyl)valine_POS,plasma,MTBL,A,17.00513071520224,0.33727246151301493
Aptaa-lhrh_POS,Aptaa-lhrh_POS,plasma,MTBL,A,20.867685322213624,0.21165152239347407
p3135_POS,p3135_POS,plasma,MTBL,A,18.03847463452391,0.20807885771242418
p3183_POS,p3183_POS,plasma,MTBL,A,14.111188440877957,0.11270732609048562
"(2S,3R)-3-Hydroxy-2-methylbutanoic acid_POS","(2S,3R)-3-Hydroxy-2-methylbutanoic acid_POS",plasma,MTBL,A,16.372743245261653,0.0910596845604914
p4972_POS,p4972_POS,plasma,MTBL,A,14.36990323684008,0.13255305659752548
p5580_POS,p5580_POS,plasma,MTBL,A,12.785712504057415,0.12047489239889231
p1952_POS,p1952_POS,plasma,MTBL,A,16.76308650109715,0.2435097114563174
p2323_POS,p2323_POS,plasma,MTBL,A,18.78514939134481,0.5650323247781621
p3421_POS,p3421_POS,plasma,MTBL,A,18.517231399653703,0.3052437742033369
p1292_POS,p1292_POS,plasma,MTBL,A,21.037342376777605,0.17410399261484066
"6-Chloro-2,3,4,5-tetrahydro-1H-3-benzazepine_NEG","6-Chloro-2,3,4,5-tetrahydro-1H-3-benzazepine_NEG",plasma,MTBL,A,21.83680684835351,0.16254333691224687
"5S,6S-epoxy-15R-hydroxy-ETE_POS","5S,6S-epoxy-15R-hydroxy-ETE_POS",plasma,MTBL,A,18.212554602548114,0.08612043430453475
p3546_POS,p3546_POS,plasma,MTBL,A,15.676522654378534,0.21139492267639248
p388_POS,p388_POS,plasma,MTBL,A,23.29859693960295,0.16206094067417176
n1179_NEG,n1179_NEG,plasma,MTBL,A,21.398395736696123,0.08989253416402043
n530_NEG,n530_NEG,plasma,MTBL,A,21.717981674947758,0.11118872066799668
p841_POS,p841_POS,plasma,MTBL,A,19.04918331349773,0.22544648634099218
n519_NEG,n519_NEG,plasma,MTBL,A,22.837127380603253,0.11173729164386437
p3536_POS,p3536_POS,plasma,MTBL,A,18.786002026461695,0.21376491883916948
n2003_NEG,n2003_NEG,plasma,MTBL,A,16.898571983221885,0.17701136394633465
"1-(4-methylphenyl)-3,5-diphenylpent-2-ene-1,5-dione_POS","1-(4-methylphenyl)-3,5-diphenylpent-2-ene-1,5-dione_POS",plasma,MTBL,A,12.762724728260807,0.1274986020394966
"(4E)-3-Hydroxy-2,4-dimethyl-4-heptenamide_POS","(4E)-3-Hydroxy-2,4-dimethyl-4-heptenamide_POS",plasma,MTBL,A,14.285716496806499,0.03355798883805505
n1782_NEG,n1782_NEG,plasma,MTBL,A,19.190225696708296,0.18535274233780363
p4486_POS,p4486_POS,plasma,MTBL,A,16.595197040968216,0.31799974621447546
3-Hydroxymepivacaine_POS,3-Hydroxymepivacaine_POS,plasma,MTBL,A,15.20124457446095,0.1848873893696661
p5350_POS,p5350_POS,plasma,MTBL,A,12.750520188273029,0.11510611851535835
n3547_NEG,n3547_NEG,plasma,MTBL,A,12.174325223532875,0.040189615713579485
Nematophin_POS,Nematophin_POS,plasma,MTBL,A,12.979572137691738,0.2499664117893481
p5600_POS,p5600_POS,plasma,MTBL,A,10.78945283907423,0.02946109761893112
NP-020240_POS,NP-020240_POS,plasma,MTBL,A,12.660310070701897,0.02592475668391092
p4633_POS,p4633_POS,plasma,MTBL,A,15.235564463175228,0.14944611234213845
n2882_NEG,n2882_NEG,plasma,MTBL,A,12.97043282573129,0.031236903106266034
Normethadone_POS,Normethadone_POS,plasma,MTBL,A,11.834545711725898,0.15543225168842945
p295_POS,p295_POS,plasma,MTBL,A,24.37153094713291,0.121930290684519
p1289_POS,p1289_POS,plasma,MTBL,A,22.144203230299496,0.13063290143266393
p1658_POS,p1658_POS,plasma,MTBL,A,21.680597725441388,0.12776062438171465
p3295_POS,p3295_POS,plasma,MTBL,A,20.08692938767078,0.13461446306549796
n1637_NEG,n1637_NEG,plasma,MTBL,A,19.954654696904292,0.1607443523985328
n17_NEG,n17_NEG,plasma,MTBL,A,27.87512083444617,0.048960691425346425
p2792_POS,p2792_POS,plasma,MTBL,A,15.33288881766093,0.1762779969703132
"1-Phenyl-1H-pyrazolo[3,4-d]pyrimidin-4-amine_POS","1-Phenyl-1H-pyrazolo[3,4-d]pyrimidin-4-amine_POS",plasma,MTBL,A,11.87565913859408,0.026995550996003814
p3224_POS,p3224_POS,plasma,MTBL,A,19.11603529827301,0.2140403331595877
n1518_NEG,n1518_NEG,plasma,MTBL,A,20.21459340487324,0.1475239782577571
p4747_POS,p4747_POS,plasma,MTBL,A,15.710862249797437,0.17675724140825366
n3205_NEG,n3205_NEG,plasma,MTBL,A,16.899941824063113,0.24792037889539564
NP-022229_POS,NP-022229_POS,plasma,MTBL,A,14.653361518575373,0.14842034338724197
p491_POS,p491_POS,plasma,MTBL,A,23.152808015104007,0.16508673614451297
Indene_POS,Indene_POS,plasma,MTBL,A,16.634591909097857,0.03906578245568859
D-(-)-Glutamine_NEG,D-(-)-Glutamine_NEG,plasma,MTBL,A,24.32083144248687,0.143098128353774
p489_POS,p489_POS,plasma,MTBL,A,23.152808015104007,0.16508673614451297
n793_NEG,n793_NEG,plasma,MTBL,A,14.935891625808107,0.251739078947252
p1893_POS,p1893_POS,plasma,MTBL,A,19.498138108241235,0.2604219143048496
p911_POS,p911_POS,plasma,MTBL,A,22.748372528246954,0.11752794871229355
Diethylaminoethyl-Sephacel_POS,Diethylaminoethyl-Sephacel_POS,plasma,MTBL,A,15.763225293552416,0.09292128920610487
p5434_POS,p5434_POS,plasma,MTBL,A,13.620750699478345,0.21294186681649396
p1241_POS,p1241_POS,plasma,MTBL,A,21.448550785938387,0.16189350747858988
p3985_POS,p3985_POS,plasma,MTBL,A,17.344955838737533,0.2313769568737385
n2287_NEG,n2287_NEG,plasma,MTBL,A,18.92520204457533,0.3053605290709793
p275_POS,p275_POS,plasma,MTBL,A,24.995965064984873,0.1494013526113509
Norlidocaine_POS,Norlidocaine_POS,plasma,MTBL,A,16.899738809737713,0.0919936904282892
p3140_POS,p3140_POS,plasma,MTBL,A,12.644535788869522,0.08794031711613126
p5067_POS,p5067_POS,plasma,MTBL,A,17.99584492157518,0.14343459116647495
p803_POS,p803_POS,plasma,MTBL,A,22.567156082763162,0.19851834780729583
n2915_NEG,n2915_NEG,plasma,MTBL,A,9.903076006893949,0.05293534416521428
Ethyl N2-acetyl-L-argininate_POS,Ethyl N2-acetyl-L-argininate_POS,plasma,MTBL,A,13.47712549863359,0.024284681098257543
p2674_POS,p2674_POS,plasma,MTBL,A,16.56338041178972,0.15584000116244923
p1103_POS,p1103_POS,plasma,MTBL,A,15.12845023978569,0.11017857428843136
p5313_POS,p5313_POS,plasma,MTBL,A,12.978016523220244,0.12118565878836396
Sunitinib_POS,Sunitinib_POS,plasma,MTBL,A,12.392330049029159,0.2825903067069424
p4929_POS,p4929_POS,plasma,MTBL,A,12.883575572330297,0.14212082170987017
p2153_POS,p2153_POS,plasma,MTBL,A,20.858765476647065,0.12716919622380196
p3302_POS,p3302_POS,plasma,MTBL,A,12.595470946295272,0.1298489750006615
(E)-3-(2-(1H-Tetrazol-5-YL)vinyl)-6-fluoro-1H-indole_POS,(E)-3-(2-(1H-Tetrazol-5-YL)vinyl)-6-fluoro-1H-indole_POS,plasma,MTBL,A,13.101984849136537,0.23921992062195763
Norfentanyl_POS,Norfentanyl_POS,plasma,MTBL,A,13.676336499599103,0.22661875061193992
p2386_POS,p2386_POS,plasma,MTBL,A,20.251096864403603,0.1017135769152997
p5174_POS,p5174_POS,plasma,MTBL,A,17.964674449903878,0.06804104514997178
p5231_POS,p5231_POS,plasma,MTBL,A,13.543552921341306,0.09510769686520248
p5766_POS,p5766_POS,plasma,MTBL,A,10.49745244493667,0.02608301814484637
p2783_POS,p2783_POS,plasma,MTBL,A,19.33338337229179,0.23438727859689834
p5535_POS,p5535_POS,plasma,MTBL,A,15.668589628870988,0.2641572130696108
p3206_POS,p3206_POS,plasma,MTBL,A,18.81641390232621,0.31010638876715824
p2422_POS,p2422_POS,plasma,MTBL,A,15.655549903905932,0.2899189705191487
p2660_POS,p2660_POS,plasma,MTBL,A,20.18857458470009,0.3151531491316959
"1-(Benzylamino)-3-(3,4-dimethylphenoxy)propan-2-ol_POS","1-(Benzylamino)-3-(3,4-dimethylphenoxy)propan-2-ol_POS",plasma,MTBL,A,14.926547318080384,0.17446634292784946
p2703_POS,p2703_POS,plasma,MTBL,A,19.974659611169344,0.15790058645986527
n1054_NEG,n1054_NEG,plasma,MTBL,A,21.40178627768451,0.23199407935126182
n2697_NEG,n2697_NEG,plasma,MTBL,A,18.697429344085364,0.13524605658560063
p2292_POS,p2292_POS,plasma,MTBL,A,15.531499414036094,0.10786724052418872
p2420_POS,p2420_POS,plasma,MTBL,A,15.601026378950696,0.28867371611627757
Dinorcapsaicin_POS,Dinorcapsaicin_POS,plasma,MTBL,A,13.217827287594368,0.06202163170896391
Clopidol_POS,Clopidol_POS,plasma,MTBL,A,15.93744952799172,0.1410988848526804
p5038_POS,p5038_POS,plasma,MTBL,A,11.326726522581435,0.09070520335498955
p1743_POS,p1743_POS,plasma,MTBL,A,17.737243738717062,0.2693369277353934
p3392_POS,p3392_POS,plasma,MTBL,A,12.930973503074096,0.13809173571188715
p1816_POS,p1816_POS,plasma,MTBL,A,20.39020710072895,0.15449907553669107
p1860_POS,p1860_POS,plasma,MTBL,A,19.928742690506358,0.3006508263969696
p4778_POS,p4778_POS,plasma,MTBL,A,13.86672659641075,0.3818631471597733
p2790_POS,p2790_POS,plasma,MTBL,A,15.68088895178747,0.14417392245987948
p239_POS,p239_POS,plasma,MTBL,A,23.4350947167338,0.21734588679049516
p4687_POS,p4687_POS,plasma,MTBL,A,12.447549201861577,0.02532285576533866
"4:2 fluorotelomer thia hydroxy propyl trimethyl ammonium;4:2 fluorotelomer thia hydroxy propyl trimethyl ammonium;fluorotelomer thiohydroxyl ammonium (Backe, D'Agostino, Meija-Avedano), X:2 fluorotelomer thioether 2-propanol trimethyl quaternary amine_POS","4:2 fluorotelomer thia hydroxy propyl trimethyl ammonium;4:2 fluorotelomer thia hydroxy propyl trimethyl ammonium;fluorotelomer thiohydroxyl ammonium (Backe, D'Agostino, Meija-Avedano), X:2 fluorotelomer thioether 2-propanol trimethyl quaternary amine_POS",plasma,MTBL,A,14.532265865580008,0.20223124915347768
p4764_POS,p4764_POS,plasma,MTBL,A,18.418057235142697,0.2908781062634471
p2860_POS,p2860_POS,plasma,MTBL,A,15.342796935326781,0.24674849925872078
p3101_POS,p3101_POS,plasma,MTBL,A,15.727183202029718,0.365694307624989
n1642_NEG,n1642_NEG,plasma,MTBL,A,19.613017323012897,0.1869229826493175
p3116_POS,p3116_POS,plasma,MTBL,A,17.841295115187265,0.14117427817327055
p2565_POS,p2565_POS,plasma,MTBL,A,16.299977289311315,0.14831232485429702
p150_POS,p150_POS,plasma,MTBL,A,22.89865391176413,0.29295956189118755
n818_NEG,n818_NEG,plasma,MTBL,A,21.41385297997345,0.17841982973716775
p4850_POS,p4850_POS,plasma,MTBL,A,15.349430848586918,0.22922600061779796
p5409_POS,p5409_POS,plasma,MTBL,A,13.26763390316161,0.2928004403756592
p4656_POS,p4656_POS,plasma,MTBL,A,13.889359878574439,0.13237457880845138
"3'-Glucosyl-2',4',6'-trihydroxyacetophenone_NEG","3'-Glucosyl-2',4',6'-trihydroxyacetophenone_NEG",plasma,MTBL,A,13.022759425823283,0.17470286879884256
n2392_NEG,n2392_NEG,plasma,MTBL,A,15.233066407648735,0.23423776460443868
p4777_POS,p4777_POS,plasma,MTBL,A,16.60043992698558,0.22367642455271053
p1072_POS,p1072_POS,plasma,MTBL,A,14.65354068601122,0.12931089847284305
p4707_POS,p4707_POS,plasma,MTBL,A,14.568473690282149,0.12787922266187302
n1124_NEG,n1124_NEG,plasma,MTBL,A,21.789804101552505,0.10358151161445228
n3625_NEG,n3625_NEG,plasma,MTBL,A,13.004364135710983,0.1052352075223979
n2560_NEG,n2560_NEG,plasma,MTBL,A,18.25407925349632,0.3028303910981389
p4279_POS,p4279_POS,plasma,MTBL,A,17.422171852765842,0.24651708658906202
p2388_POS,p2388_POS,plasma,MTBL,A,20.249529117133577,0.10014582964527285
p2946_POS,p2946_POS,plasma,MTBL,A,15.809560646549066,0.3236075115488548
p4627_POS,p4627_POS,plasma,MTBL,A,14.32425272080102,0.6949012220873119
Choline_POS,Choline_POS,plasma,MTBL,A,23.847127007067044,0.3091859908819945
p3487_POS,p3487_POS,plasma,MTBL,A,18.74266362111048,0.22954214284796137
p5757_POS,p5757_POS,plasma,MTBL,A,11.123728531430032,0.11539205563202781
p2821_POS,p2821_POS,plasma,MTBL,A,18.971746749299918,0.23286343814618427
p81_POS,p81_POS,plasma,MTBL,A,25.713119179969667,0.14477924205518988
p4173_POS,p4173_POS,plasma,MTBL,A,18.855988084309487,0.2855609855931114
"4-methoxyphenyl 3,5-dimethyl-1-phenyl-1H-pyrazole-4-carboxylate_POS","4-methoxyphenyl 3,5-dimethyl-1-phenyl-1H-pyrazole-4-carboxylate_POS",plasma,MTBL,A,12.26692708101385,0.1439732960394462
n370_NEG,n370_NEG,plasma,MTBL,A,23.6153977960874,0.1261208937008611
p2083_POS,p2083_POS,plasma,MTBL,A,20.23140339632203,0.19583434920772902
n1771_NEG,n1771_NEG,plasma,MTBL,A,19.421945937035893,0.1293025093843312
p4768_POS,p4768_POS,plasma,MTBL,A,13.27862675950811,0.7182341877823575
p5247_POS,p5247_POS,plasma,MTBL,A,11.833786943392113,0.09994609237488739
Acrylic acid_NEG,Acrylic acid_NEG,plasma,MTBL,A,21.239520700755993,0.12181378967989431
p1714_POS,p1714_POS,plasma,MTBL,A,19.45034252511246,0.15080207541933177
p4608_POS,p4608_POS,plasma,MTBL,A,13.972777437794404,0.2422361476271062
4-Aminobenzoic acid_POS,4-Aminobenzoic acid_POS,plasma,MTBL,A,18.876116952354387,1.220542562745992
p1100_POS,p1100_POS,plasma,MTBL,A,20.808372404850935,0.19969456096797344
n2798_NEG,n2798_NEG,plasma,MTBL,A,18.24321168874664,0.20442166947841933
p5275_POS,p5275_POS,plasma,MTBL,A,13.551778102639403,0.15331974436190077
p2154_POS,p2154_POS,plasma,MTBL,A,20.8883743652557,0.10911199634366575
n1123_NEG,n1123_NEG,plasma,MTBL,A,21.415906524827975,0.08018225164319226
n1421_NEG,n1421_NEG,plasma,MTBL,A,20.69329414340055,0.1296358194808871
n3101_NEG,n3101_NEG,plasma,MTBL,A,18.043448372707537,0.16030216784131746
p1344_POS,p1344_POS,plasma,MTBL,A,20.131790093882476,0.2237403244801932
n606_NEG,n606_NEG,plasma,MTBL,A,21.609311163453764,0.13949403432481944
p5410_POS,p5410_POS,plasma,MTBL,A,13.625821850785886,0.12829200742638314
p5031_POS,p5031_POS,plasma,MTBL,A,14.63073208485418,0.09476252302017407
n644_NEG,n644_NEG,plasma,MTBL,A,21.8245398558061,0.2125984003665362
p2191_POS,p2191_POS,plasma,MTBL,A,18.829190400017943,0.37798439035937115
"2-Methyl-N-(3-morpholinopropyl)-1,5-diphenyl-1H-pyrrole-3-carboxamide_POS","2-Methyl-N-(3-morpholinopropyl)-1,5-diphenyl-1H-pyrrole-3-carboxamide_POS",plasma,MTBL,A,11.762383298734246,0.049205417970273224
p3491_POS,p3491_POS,plasma,MTBL,A,14.016301451057348,0.19684917422147308
p4584_POS,p4584_POS,plasma,MTBL,A,18.532951441706036,0.20602539367461858
Acetyl-β-methylcholine_POS,Acetyl-β-methylcholine_POS,plasma,MTBL,A,19.405695005900853,0.3805744354962979
p2986_POS,p2986_POS,plasma,MTBL,A,16.9428298842574,0.23153919895173125
Valine_POS,Valine_POS,plasma,MTBL,A,26.720113965118614,0.22711348666867082
p4920_POS,p4920_POS,plasma,MTBL,A,13.13426465130891,0.047164085206024
p3155_POS,p3155_POS,plasma,MTBL,A,15.13066326085415,0.14559114885333901
Proline_POS,Proline_POS,plasma,MTBL,A,25.725763446868,0.43040572649267084
p4187_POS,p4187_POS,plasma,MTBL,A,13.625264800064759,0.05722093654328386
p3156_POS,p3156_POS,plasma,MTBL,A,13.234825952532454,0.038382953743779424
"1-{4-[(3S)-3-(5-Phenyl-1,3,4-oxadiazol-2-yl)-1-pyrrolidinyl]-1-piperidinyl}ethanone_POS","1-{4-[(3S)-3-(5-Phenyl-1,3,4-oxadiazol-2-yl)-1-pyrrolidinyl]-1-piperidinyl}ethanone_POS",plasma,MTBL,A,12.759865178538288,0.12243765307991783
p5686_POS,p5686_POS,plasma,MTBL,A,11.240337758247902,0.1323131320967379
p1242_POS,p1242_POS,plasma,MTBL,A,22.1969493193446,0.141273535538609
p2789_POS,p2789_POS,plasma,MTBL,A,15.465656474011087,0.1601735784240823
p2612_POS,p2612_POS,plasma,MTBL,A,19.007249533166817,0.2654535156456159
Tanomastat_NEG,Tanomastat_NEG,plasma,MTBL,A,16.933446635814335,0.318666799785273
n2883_NEG,n2883_NEG,plasma,MTBL,A,14.545770446211652,0.3567572239908765
n622_NEG,n622_NEG,plasma,MTBL,A,22.53633783987572,0.11993367170103397
p4264_POS,p4264_POS,plasma,MTBL,A,13.692822397549637,0.14744315365408944
p1853_POS,p1853_POS,plasma,MTBL,A,20.6266664728794,0.09684574297341086
p4772_POS,p4772_POS,plasma,MTBL,A,14.203968661226668,0.25259225040416666
p4461_POS,p4461_POS,plasma,MTBL,A,12.123555414266121,0.044451743528290066
Cocaine_POS,Cocaine_POS,plasma,MTBL,A,15.150165611946509,0.20945359092799887
p5776_POS,p5776_POS,plasma,MTBL,A,10.691440332481543,0.14936836103481266
2-Furanmethanol_POS,2-Furanmethanol_POS,plasma,MTBL,A,17.299995543501588,0.19149163184514428
p1063_POS,p1063_POS,plasma,MTBL,A,21.55603934926242,0.18669841810270782
p5212_POS,p5212_POS,plasma,MTBL,A,12.481138781553629,0.0382050067273525
p5731_POS,p5731_POS,plasma,MTBL,A,15.257181204037447,0.036807015629161555
(S)-(+)-2-Amino-1-propanol_POS,(S)-(+)-2-Amino-1-propanol_POS,plasma,MTBL,A,19.306194514629077,0.6530160904852966
p4287_POS,p4287_POS,plasma,MTBL,A,12.595076888035969,0.16265954574784125
p4378_POS,p4378_POS,plasma,MTBL,A,17.926338283232184,0.25599805851876845
p3794_POS,p3794_POS,plasma,MTBL,A,13.332568708666063,0.05420810785154462
D3-Alanine-ISTD_POS,D3-Alanine-ISTD_POS,plasma,MTBL,A,22.0920623051938,0.10035232263095928
p2868_POS,p2868_POS,plasma,MTBL,A,18.951129280764224,0.2767722726854487
Acetylhomoserine_POS,Acetylhomoserine_POS,plasma,MTBL,A,19.530142200761414,0.21907570414599675
p2170_POS,p2170_POS,plasma,MTBL,A,20.12302065074786,0.25170735457234805
n3603_NEG,n3603_NEG,plasma,MTBL,A,12.200000261125727,0.028837075491265907
p4111_POS,p4111_POS,plasma,MTBL,A,17.033912738231077,0.18666560605524474
p3610_POS,p3610_POS,plasma,MTBL,A,18.334488730765102,0.19334068327142617
Ethephon_POS,Ethephon_POS,plasma,MTBL,A,19.118100771263762,0.1578734737831251
p448_POS,p448_POS,plasma,MTBL,A,23.161100648017182,0.12320841773023972
p2522_POS,p2522_POS,plasma,MTBL,A,14.884439185957152,0.20925745625161873
p3802_POS,p3802_POS,plasma,MTBL,A,19.046258819737208,0.2699687190397668
p897_POS,p897_POS,plasma,MTBL,A,21.120444293445843,0.3515494577875842
p1098_POS,p1098_POS,plasma,MTBL,A,19.726414857715497,0.30815834768326056
Triisobutyl phosphate_POS,Triisobutyl phosphate_POS,plasma,MTBL,A,12.1917729652666,0.14710679144708916
p5512_POS,p5512_POS,plasma,MTBL,A,13.157349311540095,0.12459133551149737
p5415_POS,p5415_POS,plasma,MTBL,A,12.631282821110918,0.11557464289904207
2-Hydroxy-4-oxopentanoic acid_NEG,2-Hydroxy-4-oxopentanoic acid_NEG,plasma,MTBL,A,21.930982740280502,0.14958388806464207
p3425_POS,p3425_POS,plasma,MTBL,A,18.70754296897795,0.20390055502053173
p3943_POS,p3943_POS,plasma,MTBL,A,18.469452863329728,0.1841322641308345
p5106_POS,p5106_POS,plasma,MTBL,A,12.053330025527998,0.024014145680240517
p4524_POS,p4524_POS,plasma,MTBL,A,14.19365291759709,0.12484137867019474
p554_POS,p554_POS,plasma,MTBL,A,23.02288500771381,0.19144514872579954
"Bis(dethio)-10a-methylthio-3a-deoxy-3,3a-didehydrogliotoxin_POS","Bis(dethio)-10a-methylthio-3a-deoxy-3,3a-didehydrogliotoxin_POS",plasma,MTBL,A,15.030525556731469,0.11320966990216164
p3947_POS,p3947_POS,plasma,MTBL,A,14.516421574085541,0.14419527363757023
p3690_POS,p3690_POS,plasma,MTBL,A,14.086564928760723,0.0636671633457242
p3366_POS,p3366_POS,plasma,MTBL,A,18.655411559091853,0.27615447477240274
Methylone_POS,Methylone_POS,plasma,MTBL,A,13.743659858879171,0.23886454485143283
p100_POS,p100_POS,plasma,MTBL,A,26.30789215849239,0.17645680960775323
4-Acetamidobutanoic acid_POS,4-Acetamidobutanoic acid_POS,plasma,MTBL,A,17.045813879608247,0.28142670357919997
2-Methylbutyroylcarnitine_NEG,2-Methylbutyroylcarnitine_NEG,plasma,MTBL,A,12.462423832449321,0.05750269541217268
WS75624 B_POS,WS75624 B_POS,plasma,MTBL,A,12.359283521662892,0.12869050925091408
"2-(2-Thienylmethylene)-1,6-dioxaspiro[4.4]non-3-ene_POS","2-(2-Thienylmethylene)-1,6-dioxaspiro[4.4]non-3-ene_POS",plasma,MTBL,A,27.255322663790945,0.14056007766083845
p5153_POS,p5153_POS,plasma,MTBL,A,11.061072593708815,0.23183668946039404
p4135_POS,p4135_POS,plasma,MTBL,A,12.606964286174403,0.07295888839992237
p2932_POS,p2932_POS,plasma,MTBL,A,17.279948396864278,0.20096604961868358
p1944_POS,p1944_POS,plasma,MTBL,A,14.684390284972974,0.3199262232360498
p2826_POS,p2826_POS,plasma,MTBL,A,20.430685209806693,0.16215487152605768
alpha-Ketoisovaleric acid_NEG,alpha-Ketoisovaleric acid_NEG,plasma,MTBL,A,18.822370378197142,0.13941731331554763
D-Serine_POS,D-Serine_POS,plasma,MTBL,A,22.715830156429753,0.28838988349902905
p2327_POS,p2327_POS,plasma,MTBL,A,13.644491463439245,0.05552114690848331
n3850_NEG,n3850_NEG,plasma,MTBL,A,9.723118129545963,0.03539083317773439
p730_POS,p730_POS,plasma,MTBL,A,20.317664379621434,0.2333886235183691
p1215_POS,p1215_POS,plasma,MTBL,A,22.472775609043943,0.06663737940651693
n413_NEG,n413_NEG,plasma,MTBL,A,23.312975465454763,0.11641307702086756
Ritodrine_POS,Ritodrine_POS,plasma,MTBL,A,15.077904015280154,0.26758174799143486
Benzoylecgonine_POS,Benzoylecgonine_POS,plasma,MTBL,A,13.617422886253916,0.08271790526674927
p4740_POS,p4740_POS,plasma,MTBL,A,12.648409825054177,0.25780135040182106
p2673_POS,p2673_POS,plasma,MTBL,A,12.50832972623656,0.11313482751492998
p2181_POS,p2181_POS,plasma,MTBL,A,20.81287927348875,0.1996827212841641
p3588_POS,p3588_POS,plasma,MTBL,A,14.791331279094244,0.2594989412390998
L-Cystine_POS,L-Cystine_POS,plasma,MTBL,A,23.61677981677414,0.20340328047852196
p838_POS,p838_POS,plasma,MTBL,A,21.795150771351892,0.2826830008002812
O-Desmethylvenlafaxine_POS,O-Desmethylvenlafaxine_POS,plasma,MTBL,A,13.002837834869087,0.03105730253631922
p2545_POS,p2545_POS,plasma,MTBL,A,17.656856039390753,0.32270026861594303
p1513_POS,p1513_POS,plasma,MTBL,A,20.677809769607165,0.14322342446157066
N-Acetyl-L-carnosine_POS,N-Acetyl-L-carnosine_POS,plasma,MTBL,A,16.24266983159228,0.33520012991474957
p1753_POS,p1753_POS,plasma,MTBL,A,13.566941816716525,0.16652264152104745
p793_POS,p793_POS,plasma,MTBL,A,13.160709776340985,0.1730385977704616
p3763_POS,p3763_POS,plasma,MTBL,A,15.129184470176144,0.15115142430889783
p2809_POS,p2809_POS,plasma,MTBL,A,20.64439066560034,0.10474196980088557
n1776_NEG,n1776_NEG,plasma,MTBL,A,19.181119760875497,0.18665819836309083
p4804_POS,p4804_POS,plasma,MTBL,A,15.149200587845453,0.16172458294589553
p4616_POS,p4616_POS,plasma,MTBL,A,13.64208430291152,0.054393169024321786
p4165_POS,p4165_POS,plasma,MTBL,A,15.965835231580165,0.17522909990785074
p1339_POS,p1339_POS,plasma,MTBL,A,15.208003738667992,1.2604368002700408
Bis(cyano-kappaC)iron_POS,Bis(cyano-kappaC)iron_POS,plasma,MTBL,A,19.55192105471366,0.19708790974873303
p5485_POS,p5485_POS,plasma,MTBL,A,13.129232782570964,0.14978634493671628
1-Methyl-4-nitroimidazole_POS,1-Methyl-4-nitroimidazole_POS,plasma,MTBL,A,13.944354134748899,0.21046773237844452
p4859_POS,p4859_POS,plasma,MTBL,A,12.438829750024585,0.24581282822128703
n914_NEG,n914_NEG,plasma,MTBL,A,21.909686026840557,0.08419732484696141
n3497_NEG,n3497_NEG,plasma,MTBL,A,15.656124781793153,0.17769204891861712
n3769_NEG,n3769_NEG,plasma,MTBL,A,10.35699005103133,0.05293534416521162
p3809_POS,p3809_POS,plasma,MTBL,A,14.188207808690748,0.08452067404898234
Verapamil  metabolite D-617_POS,Verapamil  metabolite D-617_POS,plasma,MTBL,A,14.868653187834376,0.21632349446227206
p2023_POS,p2023_POS,plasma,MTBL,A,16.753296271448022,0.2684493824062759
Penicillamine disulfide_POS,Penicillamine disulfide_POS,plasma,MTBL,A,12.43987451368088,0.028332206747766264
n1471_NEG,n1471_NEG,plasma,MTBL,A,18.080716520271263,0.25985430082242544
p4888_POS,p4888_POS,plasma,MTBL,A,15.653061744954963,0.10273774102923561
p2704_POS,p2704_POS,plasma,MTBL,A,19.981716995036468,0.1486433917193839
p5723_POS,p5723_POS,plasma,MTBL,A,11.130777139643637,0.03704107638964871
n1579_NEG,n1579_NEG,plasma,MTBL,A,17.36324630534563,0.24222044020321398
n3284_NEG,n3284_NEG,plasma,MTBL,A,10.18544504589066,0.027112518722670842
n3404_NEG,n3404_NEG,plasma,MTBL,A,12.304791225919377,0.17407773491950174
p1217_POS,p1217_POS,plasma,MTBL,A,19.482543881912484,0.24132204807574986
p1647_POS,p1647_POS,plasma,MTBL,A,15.339760849472716,0.17273345312654165
p3510_POS,p3510_POS,plasma,MTBL,A,18.63181904916288,0.13592750115882346
n1513_NEG,n1513_NEG,plasma,MTBL,A,17.97591150414147,0.30025197062980347
p3468_POS,p3468_POS,plasma,MTBL,A,14.838604589109693,0.4172714776804467
p4076_POS,p4076_POS,plasma,MTBL,A,15.786552629330796,0.18543918998733577
n2312_NEG,n2312_NEG,plasma,MTBL,A,17.433845277744368,0.33846421282518335
p4752_POS,p4752_POS,plasma,MTBL,A,15.057441914259037,0.18035401900265224
p1276_POS,p1276_POS,plasma,MTBL,A,21.20881479485503,0.19604576151927589
n1685_NEG,n1685_NEG,plasma,MTBL,A,18.707513838790263,0.250194410401944
p4476_POS,p4476_POS,plasma,MTBL,A,17.925611014311006,0.31837929990938285
n3169_NEG,n3169_NEG,plasma,MTBL,A,12.741317885874352,0.037524796672351535
p4537_POS,p4537_POS,plasma,MTBL,A,14.34103642224963,0.12514090870340056
p5551_POS,p5551_POS,plasma,MTBL,A,12.917394513459183,0.10833703911675396
n309_NEG,n309_NEG,plasma,MTBL,A,23.866509574631504,0.1529506755028791
p4746_POS,p4746_POS,plasma,MTBL,A,14.276076620028231,0.16283842169168938
p4718_POS,p4718_POS,plasma,MTBL,A,13.65384789410701,0.24085338936573653
p4800_POS,p4800_POS,plasma,MTBL,A,15.745829125331621,0.1285279007061746
p5503_POS,p5503_POS,plasma,MTBL,A,12.589723599952666,0.12013519934408023
p214_POS,p214_POS,plasma,MTBL,A,25.38281734524192,0.1523643453533694
p2967_POS,p2967_POS,plasma,MTBL,A,18.976364572262618,0.08217860865388005
p3647_POS,p3647_POS,plasma,MTBL,A,14.950852115731067,0.29113748778514026
p5146_POS,p5146_POS,plasma,MTBL,A,13.709470891588667,0.17753448456946064
p5749_POS,p5749_POS,plasma,MTBL,A,12.739804757749933,0.10813997498722472
p4817_POS,p4817_POS,plasma,MTBL,A,14.004456504725601,0.13254443319464393
Suberic acid_POS,Suberic acid_POS,plasma,MTBL,A,19.21306479332786,0.07216405513949731
Guanine_POS,Guanine_POS,plasma,MTBL,A,14.07196795110469,0.2287786417327533
p3950_POS,p3950_POS,plasma,MTBL,A,14.67518558698346,0.041457314276967416
p3497_POS,p3497_POS,plasma,MTBL,A,15.463298711297925,0.3805268605116092
p411_POS,p411_POS,plasma,MTBL,A,24.50670265783116,0.12712485568661158
O-Desmethyl-lacosamide_POS,O-Desmethyl-lacosamide_POS,plasma,MTBL,A,14.351720334287007,0.09419376671382018
n3671_NEG,n3671_NEG,plasma,MTBL,A,9.440947545048203,0.08182979229927145
p2410_POS,p2410_POS,plasma,MTBL,A,13.912659575292363,0.20622601026127807
3-Hydroxypyridine_POS,3-Hydroxypyridine_POS,plasma,MTBL,A,17.16730729732776,0.7074686773114092
Acetyl-L-carnitine_POS,Acetyl-L-carnitine_POS,plasma,MTBL,A,24.039482378279416,0.4696766288770018
n2154_NEG,n2154_NEG,plasma,MTBL,A,16.12052776741634,0.26443761302334146
p4025_POS,p4025_POS,plasma,MTBL,A,11.670645617052957,0.1715325081450878
p4641_POS,p4641_POS,plasma,MTBL,A,14.102359311426483,0.2188641213518956
n1802_NEG,n1802_NEG,plasma,MTBL,A,17.8184358543744,0.2334359915624411
p2439_POS,p2439_POS,plasma,MTBL,A,15.958329954268077,0.1762794999151307
D4-Taurine-ISTD_NEG,D4-Taurine-ISTD_NEG,plasma,MTBL,A,21.765017490286972,0.07942685170853814
D-(-)-Lyxose_NEG,D-(-)-Lyxose_NEG,plasma,MTBL,A,17.702902520716616,0.3952542623677715
Miglitol_NEG,Miglitol_NEG,plasma,MTBL,A,19.890333412673066,0.24342260255624382
p461_POS,p461_POS,plasma,MTBL,A,21.38061945667087,0.1613877171382665
n1647_NEG,n1647_NEG,plasma,MTBL,A,19.975861950723015,0.15006792407335645
D3-Lactate_NEG,D3-Lactate_NEG,plasma,MTBL,A,21.390806229747234,0.11732743694555658
p5791_POS,p5791_POS,plasma,MTBL,A,11.52202607941751,0.27893615873918876
p3127_POS,p3127_POS,plasma,MTBL,A,19.16040691778441,0.21840288262040275
n101_NEG,n101_NEG,plasma,MTBL,A,25.434066872929606,0.07024715666534753
p4213_POS,p4213_POS,plasma,MTBL,A,14.246171795617478,0.1689248689809233
p3858_POS,p3858_POS,plasma,MTBL,A,15.462136798785007,0.2551329480777964
Megazol_POS,Megazol_POS,plasma,MTBL,A,26.091591402987437,0.1695476795641948
Pyrrolidine_POS,Pyrrolidine_POS,plasma,MTBL,A,23.203197123887303,0.3147479985610868
p4492_POS,p4492_POS,plasma,MTBL,A,12.92829288005689,0.10483999126615196
p1587_POS,p1587_POS,plasma,MTBL,A,22.08497629232829,0.1578248836645546
p2387_POS,p2387_POS,plasma,MTBL,A,20.24512699919557,0.10789822999723597
p1635_POS,p1635_POS,plasma,MTBL,A,20.735304802354058,0.19760822079749296
n663_NEG,n663_NEG,plasma,MTBL,A,21.565496427970793,0.17694748546953143
2-Oxopropyl 2-oxopropanoate_NEG,2-Oxopropyl 2-oxopropanoate_NEG,plasma,MTBL,A,23.1511614120361,0.12766136117053328
p2927_POS,p2927_POS,plasma,MTBL,A,15.648989663334682,0.11261440320611182
p1425_POS,p1425_POS,plasma,MTBL,A,21.98451386035603,0.20812429969544866
LysoPC(6:0/0:0)_POS,LysoPC(6:0/0:0)_POS,plasma,MTBL,A,11.579970038054356,0.10694486318611585
p337_POS,p337_POS,plasma,MTBL,A,24.44557347932745,0.1521085042730732
3-Hydroxyhexanoylcarnitine_POS,3-Hydroxyhexanoylcarnitine_POS,plasma,MTBL,A,12.757459583143184,0.024281150407692742
Etifoxine_POS,Etifoxine_POS,plasma,MTBL,A,13.62497553106829,0.11038637051088784
p1418_POS,p1418_POS,plasma,MTBL,A,18.609568871773746,0.30860036751261255
p4117_POS,p4117_POS,plasma,MTBL,A,12.93613459360581,0.024258855623004116
Benzatropine_POS,Benzatropine_POS,plasma,MTBL,A,12.313957688160022,0.1436724233463451
n489_NEG,n489_NEG,plasma,MTBL,A,21.878780401071275,0.20854781737347494
n607_NEG,n607_NEG,plasma,MTBL,A,22.13049860698464,0.1636085198489301
n1837_NEG,n1837_NEG,plasma,MTBL,A,19.40747180296187,0.29689423657993785
Dimethyl sulfone_POS,Dimethyl sulfone_POS,plasma,MTBL,A,16.056629270906846,0.20623970549087467
L-Isoleucine_POS,L-Isoleucine_POS,plasma,MTBL,A,25.972845095684555,0.30857059358208616
p5620_POS,p5620_POS,plasma,MTBL,A,12.821453395377684,0.14983446945356427
p4628_POS,p4628_POS,plasma,MTBL,A,14.234694855577821,0.669692739007167
p3074_POS,p3074_POS,plasma,MTBL,A,18.309007208994338,0.21708610369275227
p1020_POS,p1020_POS,plasma,MTBL,A,18.65978660639843,0.27362457784238536
p2504_POS,p2504_POS,plasma,MTBL,A,16.091972303139954,0.1569613219106074
NP-022371_POS,NP-022371_POS,plasma,MTBL,A,11.749543796234864,0.11384552926559621
p4703_POS,p4703_POS,plasma,MTBL,A,16.596613447134814,0.24986192077779812
p5108_POS,p5108_POS,plasma,MTBL,A,12.325527889879288,0.041288048873860284
L-Citronellol glucoside_POS,L-Citronellol glucoside_POS,plasma,MTBL,A,11.672760820719086,0.16097427253663987
p2788_POS,p2788_POS,plasma,MTBL,A,15.335168875402065,0.176277996970315
Neoenactin NL1_POS,Neoenactin NL1_POS,plasma,MTBL,A,13.236234747167703,0.21972014679949048
p3611_POS,p3611_POS,plasma,MTBL,A,13.74056315597603,0.055950060200010476
Fortimicin B_POS,Fortimicin B_POS,plasma,MTBL,A,13.490805550983755,0.23765306879024184
p4385_POS,p4385_POS,plasma,MTBL,A,13.789202023108057,0.21327210765079752
p5760_POS,p5760_POS,plasma,MTBL,A,9.687756140031311,0.027195444124592072
Quinolonic acid_POS,Quinolonic acid_POS,plasma,MTBL,A,20.872411593391185,0.2636426530005682
n3756_NEG,n3756_NEG,plasma,MTBL,A,14.983576367256408,0.31134840286939536
p3988_POS,p3988_POS,plasma,MTBL,A,13.483915675113403,0.10206389105423952
N-(4-Aminobutyl)-2-Naphthalenesulfonamide_POS,N-(4-Aminobutyl)-2-Naphthalenesulfonamide_POS,plasma,MTBL,A,15.948488139031465,0.16354726229626682
n1366_NEG,n1366_NEG,plasma,MTBL,A,20.366118666347177,0.15174864275648403
p2931_POS,p2931_POS,plasma,MTBL,A,17.2749341316351,0.19817968934123087
p5304_POS,p5304_POS,plasma,MTBL,A,12.681188786420927,0.13702003393823947
p5650_POS,p5650_POS,plasma,MTBL,A,13.363703907999154,0.31179869408824246
p2190_POS,p2190_POS,plasma,MTBL,A,18.80035010871938,0.36332975810139523
p4893_POS,p4893_POS,plasma,MTBL,A,13.629022539655175,0.05977579442912617
p671_POS,p671_POS,plasma,MTBL,A,21.2916411452087,0.3331889423433374
p3938_POS,p3938_POS,plasma,MTBL,A,13.911976429551146,0.24367520159419076
n455_NEG,n455_NEG,plasma,MTBL,A,23.084361459477208,0.13140984218116358
p503_POS,p503_POS,plasma,MTBL,A,23.11291444689043,0.18174905578588252
n1536_NEG,n1536_NEG,plasma,MTBL,A,20.10278182876781,0.1358450902747954
n662_NEG,n662_NEG,plasma,MTBL,A,21.565275003628887,0.17716890981143685
p1214_POS,p1214_POS,plasma,MTBL,A,22.424984744256783,0.08592493182367988
n1654_NEG,n1654_NEG,plasma,MTBL,A,18.304695966992274,0.2575886570259449
n2197_NEG,n2197_NEG,plasma,MTBL,A,19.105184812493235,0.19911936159400234
p5598_POS,p5598_POS,plasma,MTBL,A,12.94430225089283,0.12051062371445997
p2303_POS,p2303_POS,plasma,MTBL,A,20.216719289448942,0.20432356640573346
p2020_POS,p2020_POS,plasma,MTBL,A,11.896254146974627,0.032622929505279785
p4013_POS,p4013_POS,plasma,MTBL,A,18.179056140934982,0.1972116398707371
p5688_POS,p5688_POS,plasma,MTBL,A,12.48304171563727,0.11596073842341426
L-Kynurenine_POS,L-Kynurenine_POS,plasma,MTBL,A,19.76601723056134,0.20217399485961707
p4955_POS,p4955_POS,plasma,MTBL,A,12.772668711404695,0.19015518882192417
p2074_POS,p2074_POS,plasma,MTBL,A,12.288176823153456,0.18109140262620205
n656_NEG,n656_NEG,plasma,MTBL,A,15.225566571409093,0.2848406787024915
p3351_POS,p3351_POS,plasma,MTBL,A,18.816192064127172,0.1658836048304444
p1536_POS,p1536_POS,plasma,MTBL,A,16.216390586260925,0.11220140660971722
p1911_POS,p1911_POS,plasma,MTBL,A,19.972171893252327,0.12699984462899572
p223_POS,p223_POS,plasma,MTBL,A,21.58090743399092,0.15722998036632418
p5450_POS,p5450_POS,plasma,MTBL,A,12.940631083781803,0.22113438831419518
n3080_NEG,n3080_NEG,plasma,MTBL,A,12.882771654120473,0.035046204399276526
2-Pyrrolidinone_POS,2-Pyrrolidinone_POS,plasma,MTBL,A,26.66370319952052,0.2294748806562108
p5137_POS,p5137_POS,plasma,MTBL,A,14.012131650921816,0.23748228811477912
Cyclo(D-Tyr- L-Leu)_POS,Cyclo(D-Tyr- L-Leu)_POS,plasma,MTBL,A,13.586742840341616,0.12267696649004911
p2503_POS,p2503_POS,plasma,MTBL,A,12.585479022254965,0.4029257401709003
p3711_POS,p3711_POS,plasma,MTBL,A,17.30047179549529,0.18853337163597494
p2719_POS,p2719_POS,plasma,MTBL,A,13.299319440172539,0.054403366803849273
p1749_POS,p1749_POS,plasma,MTBL,A,20.07930222617898,0.2181528213259618
n898_NEG,n898_NEG,plasma,MTBL,A,19.497284213650854,0.2917246359991168
n2632_NEG,n2632_NEG,plasma,MTBL,A,13.683668553906964,0.07788024780439429
NAPQI_POS,NAPQI_POS,plasma,MTBL,A,12.647240397013693,0.2319187053023386
Imazamethabenz-methyl_POS,Imazamethabenz-methyl_POS,plasma,MTBL,A,13.349282262908797,0.0940308265529346
p4043_POS,p4043_POS,plasma,MTBL,A,16.386449062952828,0.26535784209389846
n1927_NEG,n1927_NEG,plasma,MTBL,A,19.74135940885193,0.10842106333338641
3-Methylcrotonylglycine_POS,3-Methylcrotonylglycine_POS,plasma,MTBL,A,14.329043231004517,0.0421016924286981
p5615_POS,p5615_POS,plasma,MTBL,A,12.239651917485382,0.08794031711613304
L-Valine_NEG,L-Valine_NEG,plasma,MTBL,A,16.72631177665191,0.4810046698270476
n2285_NEG,n2285_NEG,plasma,MTBL,A,16.71823399763641,0.0778115777099675
Doxylamine_POS,Doxylamine_POS,plasma,MTBL,A,17.164157032005587,0.1976962360750374
p2624_POS,p2624_POS,plasma,MTBL,A,16.645864871525767,0.3236405727530851
1-Methylinosine_POS,1-Methylinosine_POS,plasma,MTBL,A,16.113823667609992,0.3618027609067074
p3047_POS,p3047_POS,plasma,MTBL,A,13.130594882962829,0.05736459956527362
p1022_POS,p1022_POS,plasma,MTBL,A,20.352613883115147,0.0813622549211015
n1876_NEG,n1876_NEG,plasma,MTBL,A,19.17575027448305,0.1890744161310174
n2564_NEG,n2564_NEG,plasma,MTBL,A,13.161607616797045,0.029372679620983
p4595_POS,p4595_POS,plasma,MTBL,A,12.328857492314429,0.07786023790499197
p4189_POS,p4189_POS,plasma,MTBL,A,13.194556500972194,0.1472469903983873
Tripelennamine_POS,Tripelennamine_POS,plasma,MTBL,A,12.529648213767263,0.12178551689495887
p3225_POS,p3225_POS,plasma,MTBL,A,19.12087959300993,0.21680182771957845
p12_POS,p12_POS,plasma,MTBL,A,28.547273131982944,0.14174131810724333
n2170_NEG,n2170_NEG,plasma,MTBL,A,17.390568074123756,0.381617078235168
n1677_NEG,n1677_NEG,plasma,MTBL,A,20.0467146877158,0.12526366872612016
3-Methyluridine_POS,3-Methyluridine_POS,plasma,MTBL,A,15.519273935578596,0.3902768953577711
p2469_POS,p2469_POS,plasma,MTBL,A,19.714633493126467,0.187365932659306
p3472_POS,p3472_POS,plasma,MTBL,A,18.700318040639218,0.34139411711024614
Malondialdehyde_POS,Malondialdehyde_POS,plasma,MTBL,A,21.686274715305906,0.26150278421861906
p2784_POS,p2784_POS,plasma,MTBL,A,13.252585480228165,0.11379851998806512
p4159_POS,p4159_POS,plasma,MTBL,A,13.876281327965573,0.18979860684966088
But-2-enedial_NEG,But-2-enedial_NEG,plasma,MTBL,A,23.1511614120361,0.12766136117053328
p2702_POS,p2702_POS,plasma,MTBL,A,16.59982084877899,0.30674496620127023
n3129_NEG,n3129_NEG,plasma,MTBL,A,18.115440313906973,0.09252508095996781
p1824_POS,p1824_POS,plasma,MTBL,A,13.680339279919206,0.1271506255404944
p487_POS,p487_POS,plasma,MTBL,A,22.861681610124208,0.23727014899032284
p1244_POS,p1244_POS,plasma,MTBL,A,20.484744425576956,0.25390171823184815
p2772_POS,p2772_POS,plasma,MTBL,A,13.413474080345228,0.057979752597942635
p2418_POS,p2418_POS,plasma,MTBL,A,19.87092513475095,0.17117792931531461
Satranidazole_POS,Satranidazole_POS,plasma,MTBL,A,15.38925515415131,0.23332049808651334
p1953_POS,p1953_POS,plasma,MTBL,A,14.135537747432668,0.23984224338500404
p2625_POS,p2625_POS,plasma,MTBL,A,16.654540569723665,0.3331868846004653
p5527_POS,p5527_POS,plasma,MTBL,A,16.01329547874162,0.10019874317719424
p5765_POS,p5765_POS,plasma,MTBL,A,12.720683846409186,0.23690308156805617
p4127_POS,p4127_POS,plasma,MTBL,A,16.43430997942319,0.3842842784461311
p2722_POS,p2722_POS,plasma,MTBL,A,15.66548802599248,0.315298325430982
p5309_POS,p5309_POS,plasma,MTBL,A,17.534028859230254,0.1499053861706443
p2280_POS,p2280_POS,plasma,MTBL,A,18.908351897889354,0.2915150862050293
p1624_POS,p1624_POS,plasma,MTBL,A,15.12476337022962,0.6331020734827133
"3-(2-methylpropyl)-octahydropyrrolo[1,2-a]pyrazine-1,4-dione_POS","3-(2-methylpropyl)-octahydropyrrolo[1,2-a]pyrazine-1,4-dione_POS",plasma,MTBL,A,13.251097372967365,0.5009957596724322
n357_NEG,n357_NEG,plasma,MTBL,A,22.144851326624035,0.11834852534647311
p4973_POS,p4973_POS,plasma,MTBL,A,17.22887592913482,0.1695301342034874
p3260_POS,p3260_POS,plasma,MTBL,A,14.301810057149572,0.1709653993652127
5-Methyl-1H-pyrazole-3-carboxylic acid_POS,5-Methyl-1H-pyrazole-3-carboxylic acid_POS,plasma,MTBL,A,24.698800190982688,0.2405559493383045
p427_POS,p427_POS,plasma,MTBL,A,22.09685487196856,0.15766619776907298
p4164_POS,p4164_POS,plasma,MTBL,A,15.941500335193005,0.1885873245450762
3-(1H-benzo[d]imidazol-2-yl)-6-ethyl-7-hydroxy-4H-chromen-4-one_POS,3-(1H-benzo[d]imidazol-2-yl)-6-ethyl-7-hydroxy-4H-chromen-4-one_POS,plasma,MTBL,A,13.318618610151525,0.1251415655217718
p1756_POS,p1756_POS,plasma,MTBL,A,20.518442330352904,0.1106284966646367
n2326_NEG,n2326_NEG,plasma,MTBL,A,13.78464268808887,0.14142127327370968
p2633_POS,p2633_POS,plasma,MTBL,A,19.18011626776768,0.22833249911270137
Isobutyrylglycine_POS,Isobutyrylglycine_POS,plasma,MTBL,A,21.55312466633582,0.2162409423798195
n990_NEG,n990_NEG,plasma,MTBL,A,19.40295811081284,0.29707109870558845
n3393_NEG,n3393_NEG,plasma,MTBL,A,16.241983558677276,0.2539444616213835
p2872_POS,p2872_POS,plasma,MTBL,A,19.182171464276166,0.2526441255481515
Tomatidine_POS,Tomatidine_POS,plasma,MTBL,A,13.295206320918112,0.2864442126126363
p4243_POS,p4243_POS,plasma,MTBL,A,18.809161701250638,0.34176324577732053
n1259_NEG,n1259_NEG,plasma,MTBL,A,20.499776405609033,0.23338574247134503
p3218_POS,p3218_POS,plasma,MTBL,A,17.243309480310888,0.31617177133125196
"5-[({(2R,4S,5R)-5-[1-Methyl-3-(2-thienyl)-1H-pyrazol-5-yl]-1-azabicyclo[2.2.2]oct-2-yl}methyl)amino]-5-oxopentanoic acid_NEG","5-[({(2R,4S,5R)-5-[1-Methyl-3-(2-thienyl)-1H-pyrazol-5-yl]-1-azabicyclo[2.2.2]oct-2-yl}methyl)amino]-5-oxopentanoic acid_NEG",plasma,MTBL,A,13.157164155879494,0.09230899366339518
n3514_NEG,n3514_NEG,plasma,MTBL,A,12.010052098565746,0.15468324603666073
p3216_POS,p3216_POS,plasma,MTBL,A,16.462909524056958,0.6245751022555561
p4350_POS,p4350_POS,plasma,MTBL,A,13.694553698819213,0.05721741945533143
p1407_POS,p1407_POS,plasma,MTBL,A,21.05776690233653,0.12781079033858056
p142_POS,p142_POS,plasma,MTBL,A,26.118012614243007,0.1351989628169985
Creatinine_POS,Creatinine_POS,plasma,MTBL,A,24.97235570496899,0.1943340922278498
p3438_POS,p3438_POS,plasma,MTBL,A,17.719396386721627,0.1480108377475826
p3822_POS,p3822_POS,plasma,MTBL,A,19.027105747903047,0.16609687399026996
Mycosporine hydroxyglutamicol_POS,Mycosporine hydroxyglutamicol_POS,plasma,MTBL,A,18.714161266114928,0.19789592275584766
p3776_POS,p3776_POS,plasma,MTBL,A,17.243025533770385,0.18966698588123876
n2672_NEG,n2672_NEG,plasma,MTBL,A,17.64867866291666,0.14873948819207783
p1754_POS,p1754_POS,plasma,MTBL,A,13.896573154795947,0.1423477887534954
p984_POS,p984_POS,plasma,MTBL,A,19.516182158293972,0.27188972829580393
p995_POS,p995_POS,plasma,MTBL,A,19.60458051743454,0.27371564866597176
p2501_POS,p2501_POS,plasma,MTBL,A,20.285090712192826,0.28187730129465294
n418_NEG,n418_NEG,plasma,MTBL,A,20.823170344790725,0.24855832522549903
p3891_POS,p3891_POS,plasma,MTBL,A,13.809439629029356,0.11866479783000905
p823_POS,p823_POS,plasma,MTBL,A,21.746278238373158,0.16196313642121218
p792_POS,p792_POS,plasma,MTBL,A,16.98017118160959,0.7545087121067766
2-(Methylsulfonyl)pyridine_POS,2-(Methylsulfonyl)pyridine_POS,plasma,MTBL,A,12.992145763415822,0.03544239736353472
p3523_POS,p3523_POS,plasma,MTBL,A,18.486592631684665,0.18792602471221365
p4987_POS,p4987_POS,plasma,MTBL,A,14.439762452566988,0.29623011003670996
p340_POS,p340_POS,plasma,MTBL,A,23.72956617510058,0.12479032194970863
4-Hydroxy-2-butenoic acid gamma-lactone_POS,4-Hydroxy-2-butenoic acid gamma-lactone_POS,plasma,MTBL,A,20.46820145294825,0.23622514861570032
p1528_POS,p1528_POS,plasma,MTBL,A,20.709610781482816,0.12619029535889226
p3306_POS,p3306_POS,plasma,MTBL,A,15.375218322867273,0.145536839300072
Lorbamate_POS,Lorbamate_POS,plasma,MTBL,A,12.898127125634229,0.1255774246347494
p964_POS,p964_POS,plasma,MTBL,A,22.337772522167363,0.3325860239582088
p5058_POS,p5058_POS,plasma,MTBL,A,17.21848562337035,0.3149217121721115
n1436_NEG,n1436_NEG,plasma,MTBL,A,19.857142504248984,0.19992302310171794
Amoxicillin_POS,Amoxicillin_POS,plasma,MTBL,A,13.260286260924172,0.08098523951187975
p1737_POS,p1737_POS,plasma,MTBL,A,16.9683655268519,0.36868364084581096
p5335_POS,p5335_POS,plasma,MTBL,A,13.626891921811108,0.13830465529404812
p1745_POS,p1745_POS,plasma,MTBL,A,15.711253844955515,0.1711399374315592
p2500_POS,p2500_POS,plasma,MTBL,A,19.052390907039097,0.35670275321102984
Gaburedin B_POS,Gaburedin B_POS,plasma,MTBL,A,17.196531243649147,0.36910773432323474
Colletotricole A_POS,Colletotricole A_POS,plasma,MTBL,A,13.006919647661768,0.0518564554868588
p4662_POS,p4662_POS,plasma,MTBL,A,16.716709630933558,0.3422623546275396
p5221_POS,p5221_POS,plasma,MTBL,A,15.156916579577516,0.16704098016396696
p4532_POS,p4532_POS,plasma,MTBL,A,12.469698805383818,0.18237741665817087
n3817_NEG,n3817_NEG,plasma,MTBL,A,11.844148225362591,0.13261380298378267
p2748_POS,p2748_POS,plasma,MTBL,A,14.412791114004365,0.378412393927948
n3808_NEG,n3808_NEG,plasma,MTBL,A,9.590667905332104,0.02837498659194715
n2783_NEG,n2783_NEG,plasma,MTBL,A,12.901111209381796,0.029536970719878042
p902_POS,p902_POS,plasma,MTBL,A,19.99546757547289,0.2006240482244852
p2317_POS,p2317_POS,plasma,MTBL,A,15.599332189019567,0.02574744374076321
p3906_POS,p3906_POS,plasma,MTBL,A,13.293702849674645,0.05565065201926611
Nadolol_POS,Nadolol_POS,plasma,MTBL,A,18.656701700919932,0.25070320925118317
p5782_POS,p5782_POS,plasma,MTBL,A,13.0074751432038,0.14668930539704927
n3201_NEG,n3201_NEG,plasma,MTBL,A,12.264314693059614,0.06882696506868946
3-hydroxy-3-methylpentanedioic acid_POS,3-hydroxy-3-methylpentanedioic acid_POS,plasma,MTBL,A,24.463828760317718,0.27832474169305854
p2587_POS,p2587_POS,plasma,MTBL,A,19.195406366347534,0.21036362677582687
n777_NEG,n777_NEG,plasma,MTBL,A,19.98278115398513,0.1965374182160744
4-Thialysine_POS,4-Thialysine_POS,plasma,MTBL,A,13.523406626257508,0.03340481474900603
p3064_POS,p3064_POS,plasma,MTBL,A,18.549601026837934,0.23158429802647085
p927_POS,p927_POS,plasma,MTBL,A,23.39948029885435,0.19274056809494589
p5070_POS,p5070_POS,plasma,MTBL,A,12.637013189244499,0.2449882614367418
3-Deoxy-D-glycero-D-galacto-2-nonulosonic acid_POS,3-Deoxy-D-glycero-D-galacto-2-nonulosonic acid_POS,plasma,MTBL,A,14.27531700944397,0.2444045235460406
p3998_POS,p3998_POS,plasma,MTBL,A,17.384077891366942,0.2746232925562655
p1469_POS,p1469_POS,plasma,MTBL,A,21.064631183344268,0.1959215468851081
Cimaterol_POS,Cimaterol_POS,plasma,MTBL,A,14.542854331515716,0.18363930874472878
p2480_POS,p2480_POS,plasma,MTBL,A,15.475652397524915,0.8923738394348328
p5181_POS,p5181_POS,plasma,MTBL,A,16.93764485394314,0.20057988838515506
n2245_NEG,n2245_NEG,plasma,MTBL,A,19.37227623415582,0.1057345126321394
p1269_POS,p1269_POS,plasma,MTBL,A,22.168171702034957,0.13037764918670547
n1678_NEG,n1678_NEG,plasma,MTBL,A,20.05700744694466,0.11315919034240984
"( Z)-6-benzylidene-3-hydroxymethyl-1,4-dimethyl-3-methylsulfanylpiperazine-2,5-dione_POS","( Z)-6-benzylidene-3-hydroxymethyl-1,4-dimethyl-3-methylsulfanylpiperazine-2,5-dione_POS",plasma,MTBL,A,16.009740164234117,0.13204269953124648
p4155_POS,p4155_POS,plasma,MTBL,A,18.178351589479583,0.21825594063069076
n2614_NEG,n2614_NEG,plasma,MTBL,A,18.208139683810703,0.22949117872285107
p2114_POS,p2114_POS,plasma,MTBL,A,21.18192695361706,0.17053959215485825
p1246_POS,p1246_POS,plasma,MTBL,A,20.243552958032623,0.21407165686851748
"4,4'-Dihydroxydiphenylsulfone_NEG","4,4'-Dihydroxydiphenylsulfone_NEG",plasma,MTBL,A,14.680707029966374,0.0852624768402066
p5690_POS,p5690_POS,plasma,MTBL,A,12.417992757538038,0.2827811724964304
Leucylleucine methyl ester_POS,Leucylleucine methyl ester_POS,plasma,MTBL,A,11.23485628968707,0.03401905096925084
n1134_NEG,n1134_NEG,plasma,MTBL,A,15.794899427651693,0.16111486085971727
Threonine_NEG,Threonine_NEG,plasma,MTBL,A,22.050104954402162,0.2239387039400249
p2161_POS,p2161_POS,plasma,MTBL,A,19.503156739538568,0.20207987498552882
2'-Apo-beta-carotenal_POS,2'-Apo-beta-carotenal_POS,plasma,MTBL,A,16.637649297204185,0.10445112393568756
p5477_POS,p5477_POS,plasma,MTBL,A,12.516096293902965,0.10713197708093958
p338_POS,p338_POS,plasma,MTBL,A,23.72956617510058,0.12479032194970863
p3128_POS,p3128_POS,plasma,MTBL,A,19.157123266364827,0.3447732953853535
"[Similar to: Ethyl 3-hydroxy-5-methyl-6-oxo-1-phenyl-1,6-dihydropyrano[2,3-c]pyrazole-4-carboxylate; ΔMass: -46.0678 Da]_POS","[Similar to: Ethyl 3-hydroxy-5-methyl-6-oxo-1-phenyl-1,6-dihydropyrano[2,3-c]pyrazole-4-carboxylate; ΔMass: -46.0678 Da]_POS",plasma,MTBL,A,22.214912499616908,0.18077935726311622
p1363_POS,p1363_POS,plasma,MTBL,A,19.25085138883097,0.21714567909406668
n2800_NEG,n2800_NEG,plasma,MTBL,A,18.1972323898577,0.2360654878161288
"2-Ethylidene-1,5-dimethyl-3,3-diphenylpyrrolidine (EDDP)_POS","2-Ethylidene-1,5-dimethyl-3,3-diphenylpyrrolidine (EDDP)_POS",plasma,MTBL,A,13.1830024279541,0.15885308559467948
p2640_POS,p2640_POS,plasma,MTBL,A,15.012380101058652,0.18709850429020847
Leucylphenylalanine_POS,Leucylphenylalanine_POS,plasma,MTBL,A,15.41658338118668,0.08480128336664983
p1638_POS,p1638_POS,plasma,MTBL,A,19.481687115059913,0.21045861334625116
"H2-D-erythro-Neopterin 2',3'-cyclic phosphate_POS","H2-D-erythro-Neopterin 2',3'-cyclic phosphate_POS",plasma,MTBL,A,20.857400747734456,0.17212481378121858
p4530_POS,p4530_POS,plasma,MTBL,A,12.398965247471558,0.12007804226215235
n2770_NEG,n2770_NEG,plasma,MTBL,A,18.768356974839048,0.1444246820076991
p3284_POS,p3284_POS,plasma,MTBL,A,18.54150096508551,0.1566561517478835
Ureidosuccinic acid_POS,Ureidosuccinic acid_POS,plasma,MTBL,A,12.710647630843361,0.12789141136660565
Acycloguanosine_POS,Acycloguanosine_POS,plasma,MTBL,A,14.117429312532863,0.23787447538332085
p4044_POS,p4044_POS,plasma,MTBL,A,16.386449062952828,0.26535784209389846
n200_NEG,n200_NEG,plasma,MTBL,A,24.63556379463985,0.09938287023956072
p1738_POS,p1738_POS,plasma,MTBL,A,17.090834404913885,0.36987765617441504
p4441_POS,p4441_POS,plasma,MTBL,A,15.543599396808336,0.28252528449531944
p3180_POS,p3180_POS,plasma,MTBL,A,16.632345983930794,0.1897938542190829
n2681_NEG,n2681_NEG,plasma,MTBL,A,18.539736993847534,0.16923305061789762
p687_POS,p687_POS,plasma,MTBL,A,23.865630246986733,0.14996956359134295
p5384_POS,p5384_POS,plasma,MTBL,A,13.48887370493635,0.12948065586237245
p5142_POS,p5142_POS,plasma,MTBL,A,12.812925486918857,0.022811322177417992
Succinic semialdehyde_NEG,Succinic semialdehyde_NEG,plasma,MTBL,A,22.076330979534937,0.15777553021769464
n221_NEG,n221_NEG,plasma,MTBL,A,23.26077248636868,0.17002889133861565
DL-Lactic Acid_NEG,DL-Lactic Acid_NEG,plasma,MTBL,A,27.130591215753125,0.23062686449823566
p3166_POS,p3166_POS,plasma,MTBL,A,17.69234280228232,0.22869863526394596
FOSAMINE_POS,FOSAMINE_POS,plasma,MTBL,A,18.750077161953122,0.22316812717862256
p5630_POS,p5630_POS,plasma,MTBL,A,12.52955660716331,0.23501090665441904
p177_POS,p177_POS,plasma,MTBL,A,24.591024417546613,0.11639005607291075
p810_POS,p810_POS,plasma,MTBL,A,20.181168155233095,0.26073459726050885
p3782_POS,p3782_POS,plasma,MTBL,A,12.501094103283249,0.127830102701048
n2687_NEG,n2687_NEG,plasma,MTBL,A,15.576618526099146,0.28673910943767655
p1110_POS,p1110_POS,plasma,MTBL,A,21.038460071931603,0.23001164027293086
p1585_POS,p1585_POS,plasma,MTBL,A,22.091555458647065,0.1651423870727573
n1684_NEG,n1684_NEG,plasma,MTBL,A,18.737646659042234,0.2461586066650696
n2413_NEG,n2413_NEG,plasma,MTBL,A,18.767277370521214,0.32797799060973887
p4383_POS,p4383_POS,plasma,MTBL,A,15.48851501453418,0.20036008732572075
n2980_NEG,n2980_NEG,plasma,MTBL,A,15.949602876872486,0.36330657084779094
p5556_POS,p5556_POS,plasma,MTBL,A,13.3897603959797,0.10247581699902586
p3572_POS,p3572_POS,plasma,MTBL,A,14.26433774208245,0.2955821825583218
p362_POS,p362_POS,plasma,MTBL,A,24.426422141594266,0.21186794464948022
p5059_POS,p5059_POS,plasma,MTBL,A,17.15855666946698,0.32572747763092025
p4223_POS,p4223_POS,plasma,MTBL,A,13.328854249134526,0.05559951413698894
p929_POS,p929_POS,plasma,MTBL,A,21.261715215119708,0.22476943536671534
p5672_POS,p5672_POS,plasma,MTBL,A,12.376962617595172,0.23275604203402
L-threonyl-AMP_POS,L-threonyl-AMP_POS,plasma,MTBL,A,15.50628271618314,0.13635709284810904
n1577_NEG,n1577_NEG,plasma,MTBL,A,16.723038234829232,0.13778941532705247
p167_POS,p167_POS,plasma,MTBL,A,23.728778974434448,0.20387823938018101
p2375_POS,p2375_POS,plasma,MTBL,A,17.87484365282729,0.1749708072724676
p4114_POS,p4114_POS,plasma,MTBL,A,16.49954838440159,0.11134644724792508
p2019_POS,p2019_POS,plasma,MTBL,A,18.984428102849193,0.20721777695264443
D-(+)-Maltose_POS,D-(+)-Maltose_POS,plasma,MTBL,A,16.039010241535816,0.7621502686838637
p2830_POS,p2830_POS,plasma,MTBL,A,12.345756806606458,0.2178445527120827
p4071_POS,p4071_POS,plasma,MTBL,A,16.29259928780097,0.28596706784547177
p2641_POS,p2641_POS,plasma,MTBL,A,15.143310634704413,0.19497629302710706
n2857_NEG,n2857_NEG,plasma,MTBL,A,17.466644108981143,0.2837984579587527
Aspartyl-Histidine_NEG,Aspartyl-Histidine_NEG,plasma,MTBL,A,19.65876678993684,0.21040929866106417
p5724_POS,p5724_POS,plasma,MTBL,A,12.40252117333394,0.23484904713418864
n3831_NEG,n3831_NEG,plasma,MTBL,A,12.114974277527422,0.1647505235202349
p3056_POS,p3056_POS,plasma,MTBL,A,18.84955542063635,0.15321490817332872
p3385_POS,p3385_POS,plasma,MTBL,A,18.861967349065466,0.15776690192658194
"[Similar to: N1-(4,5-dihydro-1,3-thiazol-2-yl)-2-(2,4-dichlorophenoxy)propanamide; ΔMass: -136.0195 Da]_NEG","[Similar to: N1-(4,5-dihydro-1,3-thiazol-2-yl)-2-(2,4-dichlorophenoxy)propanamide; ΔMass: -136.0195 Da]_NEG",plasma,MTBL,A,20.468462123566695,0.29765760004738695
n2093_NEG,n2093_NEG,plasma,MTBL,A,15.626858018062851,0.12132213725831775
L-Aspartate-semialdehyde_POS,L-Aspartate-semialdehyde_POS,plasma,MTBL,A,18.72485533583165,0.32397156238057967
p4637_POS,p4637_POS,plasma,MTBL,A,16.979743161111745,0.24302022138028256
N-acetyl zonisamide_POS,N-acetyl zonisamide_POS,plasma,MTBL,A,13.642557875454438,0.12728029765526738
Cyclopentylamine_POS,Cyclopentylamine_POS,plasma,MTBL,A,23.095788522578566,0.36001898733680804
Norfuraneol_POS,Norfuraneol_POS,plasma,MTBL,A,16.197925076301125,0.19910157845897114
p1567_POS,p1567_POS,plasma,MTBL,A,15.801419856573467,0.14988515131267555
p4582_POS,p4582_POS,plasma,MTBL,A,16.39753832091519,0.2798736365807155
Lidocaine N-oxide_POS,Lidocaine N-oxide_POS,plasma,MTBL,A,15.23023836163522,0.19345531106796265
p908_POS,p908_POS,plasma,MTBL,A,18.854329737774105,0.2243503334181316
p1417_POS,p1417_POS,plasma,MTBL,A,21.183843925515426,0.16156743315305278
p5134_POS,p5134_POS,plasma,MTBL,A,11.70074873364453,0.02899375311919261
p1389_POS,p1389_POS,plasma,MTBL,A,21.370795420217448,0.13930962205768793
n3067_NEG,n3067_NEG,plasma,MTBL,A,12.27722288503499,0.12830331005303286
n2854_NEG,n2854_NEG,plasma,MTBL,A,18.258289382208403,0.1766244287632457
p2104_POS,p2104_POS,plasma,MTBL,A,19.341173982954132,0.2610412039651617
p78_POS,p78_POS,plasma,MTBL,A,24.453148569094346,0.20840399353263983
n3356_NEG,n3356_NEG,plasma,MTBL,A,11.713504650943582,0.026543152025766403
p729_POS,p729_POS,plasma,MTBL,A,23.12940489878199,0.2721619292424471
p3918_POS,p3918_POS,plasma,MTBL,A,17.82557282273617,0.2575399943622667
p3830_POS,p3830_POS,plasma,MTBL,A,17.65187254411059,0.2884251730853027
1-(2-Furylmethyl)-5-oxopyrrolidine-3-carboxylic acid_NEG,1-(2-Furylmethyl)-5-oxopyrrolidine-3-carboxylic acid_NEG,plasma,MTBL,A,14.70035487859224,0.16838157716037738
[Similar to: Creatine; ΔMass: 67.9874 Da]_NEG,[Similar to: Creatine; ΔMass: 67.9874 Da]_NEG,plasma,MTBL,A,19.35081659298573,0.44139210902303105
p2682_POS,p2682_POS,plasma,MTBL,A,20.06424162930194,0.24803183421505004
p1352_POS,p1352_POS,plasma,MTBL,A,19.317280184812013,0.3922034045567955
n3611_NEG,n3611_NEG,plasma,MTBL,A,14.502937057975892,0.043650938050550536
p2313_POS,p2313_POS,plasma,MTBL,A,18.363108629837612,0.363340503270253
p1484_POS,p1484_POS,plasma,MTBL,A,20.029736599427387,0.1786195002920099
p1181_POS,p1181_POS,plasma,MTBL,A,16.07186672433179,0.13155750642726716
n1350_NEG,n1350_NEG,plasma,MTBL,A,20.781675281851584,0.1426312778377472
N-gamma-Glutamylglutamine_POS,N-gamma-Glutamylglutamine_POS,plasma,MTBL,A,20.61276145797379,0.2244797502113638
Squamolone_POS,Squamolone_POS,plasma,MTBL,A,20.18457655209611,0.4003024841544853
n2265_NEG,n2265_NEG,plasma,MTBL,A,18.109180052539482,0.2287919542356356
p1424_POS,p1424_POS,plasma,MTBL,A,20.545482899506677,0.16588813401289215
p3197_POS,p3197_POS,plasma,MTBL,A,16.239166406506513,0.23674509245532427
p3343_POS,p3343_POS,plasma,MTBL,A,13.449886136019249,0.02439734568143237
n1859_NEG,n1859_NEG,plasma,MTBL,A,19.539919993490038,0.2063600476386931
p1793_POS,p1793_POS,plasma,MTBL,A,20.53624407565905,0.14809361596195636
Chloric acid_NEG,Chloric acid_NEG,plasma,MTBL,A,14.071977003900223,0.08206570431414395
p4527_POS,p4527_POS,plasma,MTBL,A,12.734407887772127,0.13861537520389255
3-hydroxyoctanoyl carnitine_POS,3-hydroxyoctanoyl carnitine_POS,plasma,MTBL,A,13.705125640743235,0.219879751203913
p5701_POS,p5701_POS,plasma,MTBL,A,11.527710245950678,0.33156244647960076
n1676_NEG,n1676_NEG,plasma,MTBL,A,20.05500716447223,0.1775584841873208
p695_POS,p695_POS,plasma,MTBL,A,22.544583511040596,0.1955182762291603
p5459_POS,p5459_POS,plasma,MTBL,A,15.585678302687548,0.14713420358045948
n2417_NEG,n2417_NEG,plasma,MTBL,A,18.722367802606428,0.15000710254774496
p4716_POS,p4716_POS,plasma,MTBL,A,12.345097556781713,0.13395131219354983
p4841_POS,p4841_POS,plasma,MTBL,A,12.377396697561135,0.04114229381067691
p846_POS,p846_POS,plasma,MTBL,A,18.092773244836284,0.23432552585265753
p3322_POS,p3322_POS,plasma,MTBL,A,18.978769224983417,0.18909604982910544
p1255_POS,p1255_POS,plasma,MTBL,A,20.045419231132247,0.3027350830683897
p3221_POS,p3221_POS,plasma,MTBL,A,18.338335690466007,0.5892749286633681
p4207_POS,p4207_POS,plasma,MTBL,A,14.757654028679795,0.22230412227811502
p4603_POS,p4603_POS,plasma,MTBL,A,12.733515319444898,0.13845344293250061
p4372_POS,p4372_POS,plasma,MTBL,A,13.87030511375944,0.12091987599277143
Diphenhydramine_POS,Diphenhydramine_POS,plasma,MTBL,A,14.979687616772678,0.19234628432204737
4-Nitrophenyl beta-D-xyloside_POS,4-Nitrophenyl beta-D-xyloside_POS,plasma,MTBL,A,11.885010768263395,0.03702415175781759
p1891_POS,p1891_POS,plasma,MTBL,A,19.498138108241235,0.2646065300413536
p2026_POS,p2026_POS,plasma,MTBL,A,15.462318654493268,0.21462073786825364
5-amino-N'-{[4-(benzyloxy)phenyl]methylene}-1-phenyl-1H-pyrazole-4-carbohydrazide_POS,5-amino-N'-{[4-(benzyloxy)phenyl]methylene}-1-phenyl-1H-pyrazole-4-carbohydrazide_POS,plasma,MTBL,A,13.088086432687032,0.08864539549808992
p2551_POS,p2551_POS,plasma,MTBL,A,13.376778835898678,0.05945098641594804
n1672_NEG,n1672_NEG,plasma,MTBL,A,19.990513034063238,0.13218160903505272
"4-[2-(2-oxo-1-imidazolidinyl)ethyl]-1lambda~6~,4-thiazinane-1,1-dione_POS","4-[2-(2-oxo-1-imidazolidinyl)ethyl]-1lambda~6~,4-thiazinane-1,1-dione_POS",plasma,MTBL,A,12.852310057834071,0.1634857418160971
p3733_POS,p3733_POS,plasma,MTBL,A,17.330487302513877,0.3807444338931987
p5655_POS,p5655_POS,plasma,MTBL,A,11.5232695784679,0.04402557067518931
p4862_POS,p4862_POS,plasma,MTBL,A,14.582900288922945,0.09854234022171049
n3008_NEG,n3008_NEG,plasma,MTBL,A,12.807501137346534,0.04132082755931954
n3646_NEG,n3646_NEG,plasma,MTBL,A,11.98375236114719,0.027852468926350404
n1734_NEG,n1734_NEG,plasma,MTBL,A,19.527803858244987,0.2147590879768444
p19_POS,p19_POS,plasma,MTBL,A,26.5537513007233,0.2156591729822317
p1342_POS,p1342_POS,plasma,MTBL,A,16.63798306978915,0.3300051030218185
n8_NEG,n8_NEG,plasma,MTBL,A,28.579273576906786,0.05395735672029822
p3066_POS,p3066_POS,plasma,MTBL,A,14.300351086428147,0.09428747557111894
n1860_NEG,n1860_NEG,plasma,MTBL,A,17.712288082156277,0.3862437519716071
p2853_POS,p2853_POS,plasma,MTBL,A,11.988299843136492,0.05127903653480104
p4073_POS,p4073_POS,plasma,MTBL,A,14.217868706387552,0.21118220357482542
1-Phenyl-1-pentanone_POS,1-Phenyl-1-pentanone_POS,plasma,MTBL,A,12.193115548675536,0.42773918415703793
p5149_POS,p5149_POS,plasma,MTBL,A,17.964856400295236,0.1279489161152192
p2164_POS,p2164_POS,plasma,MTBL,A,19.431144201947184,0.4171676137519569
n1119_NEG,n1119_NEG,plasma,MTBL,A,20.600284243170854,0.1304888415631762
p3553_POS,p3553_POS,plasma,MTBL,A,12.687801598747953,0.15150351797453343
p3869_POS,p3869_POS,plasma,MTBL,A,15.207666263255419,0.273483670678921
"3,3-dimethyl-5-oxo-5-(2-piperidinoanilino)pentanoic acid_NEG","3,3-dimethyl-5-oxo-5-(2-piperidinoanilino)pentanoic acid_NEG",plasma,MTBL,A,12.511931729985694,0.06698099415561742
Phosphate_NEG,Phosphate_NEG,plasma,MTBL,A,26.083607736393088,0.11731726521089669
p2824_POS,p2824_POS,plasma,MTBL,A,20.44400975932633,0.1694817782538962
p3713_POS,p3713_POS,plasma,MTBL,A,17.961691234857405,0.44486921280727465
p5081_POS,p5081_POS,plasma,MTBL,A,13.314988841843507,0.25083297388767267
n3447_NEG,n3447_NEG,plasma,MTBL,A,14.363934646831007,0.24663288165200292
n2032_NEG,n2032_NEG,plasma,MTBL,A,19.000687158696866,0.21177558048246148
p2197_POS,p2197_POS,plasma,MTBL,A,15.241590778668396,0.19728879064251892
n276_NEG,n276_NEG,plasma,MTBL,A,24.435601848080942,0.08898149794410948
p54_POS,p54_POS,plasma,MTBL,A,26.840257207543473,0.10406234294887717
2-Furancarboxaldehyde_NEG,2-Furancarboxaldehyde_NEG,plasma,MTBL,A,18.331649141332967,0.19528073535076373
"(2S,4R)-4-Aminopyrrolidine-2-carboxylic acid_POS","(2S,4R)-4-Aminopyrrolidine-2-carboxylic acid_POS",plasma,MTBL,A,20.337943613566924,0.2839404919301529
p4977_POS,p4977_POS,plasma,MTBL,A,18.34150801214861,0.10116790309652579
Endothion_POS,Endothion_POS,plasma,MTBL,A,13.239913418954048,0.051060600878812146
2-Amino-5-isopentyl-6-methylpyrimidin-4-ol_POS,2-Amino-5-isopentyl-6-methylpyrimidin-4-ol_POS,plasma,MTBL,A,20.1880292916183,0.0593627363421394
L-Glutamic acid_POS,L-Glutamic acid_POS,plasma,MTBL,A,21.557836134919718,0.5488072663088648
n2755_NEG,n2755_NEG,plasma,MTBL,A,18.00572223506779,0.19311571884113832
2-Ethylpyrazine_POS,2-Ethylpyrazine_POS,plasma,MTBL,A,14.498331288490263,0.16900182175830025
[Similar to: NP-004031; ΔMass: -416.3678 Da]_NEG,[Similar to: NP-004031; ΔMass: -416.3678 Da]_NEG,plasma,MTBL,A,17.449502035345276,0.2851697231954269
p3752_POS,p3752_POS,plasma,MTBL,A,14.73372576280721,0.19542663129880733
n3153_NEG,n3153_NEG,plasma,MTBL,A,14.607988226672768,0.8629276888958382
p2635_POS,p2635_POS,plasma,MTBL,A,20.35638880093837,0.20727436362146
p272_POS,p272_POS,plasma,MTBL,A,25.04070137320928,0.1527246562136746
Hydroxy bupropion_POS,Hydroxy bupropion_POS,plasma,MTBL,A,16.269090780059543,0.040252792277227556
Cotinine N-oxide_POS,Cotinine N-oxide_POS,plasma,MTBL,A,13.318229474056118,0.09380507575412533
[Similar to: Threonine; ΔMass: 83.9612 Da]_NEG,[Similar to: Threonine; ΔMass: 83.9612 Da]_NEG,plasma,MTBL,A,17.646062106161878,0.21485966116219224
n1095_NEG,n1095_NEG,plasma,MTBL,A,17.721857383712674,0.164924671905057
n2148_NEG,n2148_NEG,plasma,MTBL,A,19.53865897871013,0.12389007321603707
Mevalonic acid_POS,Mevalonic acid_POS,plasma,MTBL,A,18.86846512688046,0.17199922527155742
Furodazole_NEG,Furodazole_NEG,plasma,MTBL,A,14.75547162768868,0.519057856869976
p1665_POS,p1665_POS,plasma,MTBL,A,21.60889461703167,0.1931836829337623
p4129_POS,p4129_POS,plasma,MTBL,A,13.92378889602934,0.24219295881093572
"[6-(5-Chloropyridin-2-yl)-7-hydroxypyrrolo[3,4-b]pyrazin-5-yl] 4-methylpiperazine-1-carboxylate_POS","[6-(5-Chloropyridin-2-yl)-7-hydroxypyrrolo[3,4-b]pyrazin-5-yl] 4-methylpiperazine-1-carboxylate_POS",plasma,MTBL,A,12.61243647690586,0.13548043606383864
p5730_POS,p5730_POS,plasma,MTBL,A,12.579012345189557,0.20046841544738125
n2808_NEG,n2808_NEG,plasma,MTBL,A,18.119524567213105,0.1802636425195363
p3903_POS,p3903_POS,plasma,MTBL,A,17.189062655899512,0.26703882194573936
n1669_NEG,n1669_NEG,plasma,MTBL,A,20.41697822366346,0.08555747843772465
Tolmetin_POS,Tolmetin_POS,plasma,MTBL,A,12.811763757927846,0.24526899635983757
"(2,6-dimethylpiperidino)(3,4,5-trimethoxyphenyl)methanone_POS","(2,6-dimethylpiperidino)(3,4,5-trimethoxyphenyl)methanone_POS",plasma,MTBL,A,12.553469223241857,0.18389589535968476
p2638_POS,p2638_POS,plasma,MTBL,A,14.742769957374492,0.2193629645028361
p2936_POS,p2936_POS,plasma,MTBL,A,17.778771752928158,0.44862587215901684
p3955_POS,p3955_POS,plasma,MTBL,A,15.578662031759123,0.14516415298519103
p469_POS,p469_POS,plasma,MTBL,A,20.07701544587648,0.17633014624809462
p1386_POS,p1386_POS,plasma,MTBL,A,18.578155686795842,0.2713668562754634
p5720_POS,p5720_POS,plasma,MTBL,A,13.001308670651497,0.06543312518636668
p21_POS,p21_POS,plasma,MTBL,A,27.745310748753518,0.10515716583260115
p2948_POS,p2948_POS,plasma,MTBL,A,18.77517806939696,0.192623583435795
p5727_POS,p5727_POS,plasma,MTBL,A,12.660702946401202,0.10858052965263365
p940_POS,p940_POS,plasma,MTBL,A,21.516706961483642,0.16964811010609182
p5781_POS,p5781_POS,plasma,MTBL,A,12.429430276319405,0.1186843647787077
p2105_POS,p2105_POS,plasma,MTBL,A,19.365289012040236,0.20104292757084252
p4403_POS,p4403_POS,plasma,MTBL,A,12.40387505004751,0.2230849175338827
n2040_NEG,n2040_NEG,plasma,MTBL,A,18.83533632762868,0.19508335533473264
p657_POS,p657_POS,plasma,MTBL,A,22.822031096564903,0.10981315664302294
p2219_POS,p2219_POS,plasma,MTBL,A,14.002392481264357,0.1238104276791443
L-Histidine_POS,L-Histidine_POS,plasma,MTBL,A,23.70822182856613,0.21205473529166596
2-Hydroxyquinoline_POS,2-Hydroxyquinoline_POS,plasma,MTBL,A,21.972509352357086,0.18406709238424668
p5003_POS,p5003_POS,plasma,MTBL,A,13.167352110398411,0.25076039260740934
p5734_POS,p5734_POS,plasma,MTBL,A,12.237232480741948,0.12988642604597356
p5004_POS,p5004_POS,plasma,MTBL,A,12.045803403614931,0.08475536020304908
n2606_NEG,n2606_NEG,plasma,MTBL,A,15.796356822232823,0.11503565157030238
"7-(2-thienyl)[1,2,4]triazolo[4,3-a]pyrimidine_POS","7-(2-thienyl)[1,2,4]triazolo[4,3-a]pyrimidine_POS",plasma,MTBL,A,18.870760207385942,0.3068631656167433
p302_POS,p302_POS,plasma,MTBL,A,22.654163549667032,0.16926495838276345
p4812_POS,p4812_POS,plasma,MTBL,A,15.026360067017208,0.19371994979658158
p139_POS,p139_POS,plasma,MTBL,A,22.644500149787408,0.09738464117817003
n3820_NEG,n3820_NEG,plasma,MTBL,A,15.368641792646137,0.270588415949657
"N-methyl-4,6,7-trihydroxy-1,2,3,4-tetrahydroisoquinoline_POS","N-methyl-4,6,7-trihydroxy-1,2,3,4-tetrahydroisoquinoline_POS",plasma,MTBL,A,11.716128540587599,0.03945215320984374
n3802_NEG,n3802_NEG,plasma,MTBL,A,12.026805820582524,0.10339503987759446
p341_POS,p341_POS,plasma,MTBL,A,24.577740394239868,0.15457156171031272
Loratadine_POS,Loratadine_POS,plasma,MTBL,A,12.709234901775238,0.13144405318657526
n105_NEG,n105_NEG,plasma,MTBL,A,25.59350078574247,0.045960980631086557
n3291_NEG,n3291_NEG,plasma,MTBL,A,13.328963424593127,0.12822229442609068
p306_POS,p306_POS,plasma,MTBL,A,23.817508641627136,0.24985704325507818
p782_POS,p782_POS,plasma,MTBL,A,21.72709310575612,0.22290523250717165
p365_POS,p365_POS,plasma,MTBL,A,23.60806131644741,0.1328300336773296
p385_POS,p385_POS,plasma,MTBL,A,22.289089194955686,0.22305202836404625
p781_POS,p781_POS,plasma,MTBL,A,21.693760229078308,0.21177302511575036
p3007_POS,p3007_POS,plasma,MTBL,A,14.261220935503532,0.10857981295902608
p2955_POS,p2955_POS,plasma,MTBL,A,19.74464015331347,0.18085941856264043
p1126_POS,p1126_POS,plasma,MTBL,A,21.40988582030318,0.1846024792779115
"5-(methoxymethyl)-2-(2-thienyl)-4,7-dihydropyrazolo[1,5-a]pyrimidin-7-one_NEG","5-(methoxymethyl)-2-(2-thienyl)-4,7-dihydropyrazolo[1,5-a]pyrimidin-7-one_NEG",plasma,MTBL,A,17.41977219544203,0.37975004753332087
p3532_POS,p3532_POS,plasma,MTBL,A,13.552266446911045,0.3695324302095173
TRIETHYLENE GLYCOL_POS,TRIETHYLENE GLYCOL_POS,plasma,MTBL,A,22.744257600722747,0.10342709688369744
p1862_POS,p1862_POS,plasma,MTBL,A,19.92660274803918,0.27545850114432646
p2595_POS,p2595_POS,plasma,MTBL,A,15.615992925464113,0.21951190964592548
DL-α-Aminocaprylic acid_POS,DL-α-Aminocaprylic acid_POS,plasma,MTBL,A,15.041577872866583,0.8348839140458271
p482_POS,p482_POS,plasma,MTBL,A,22.5053083062514,0.19469216185344784
p3912_POS,p3912_POS,plasma,MTBL,A,18.182175029114255,0.3952054677984975
p3617_POS,p3617_POS,plasma,MTBL,A,15.676773535378736,0.2050298317239685
p3070_POS,p3070_POS,plasma,MTBL,A,14.260370917358696,0.19334646358018137
n2807_NEG,n2807_NEG,plasma,MTBL,A,18.112139196943815,0.2014538089292266
n2239_NEG,n2239_NEG,plasma,MTBL,A,14.740434108111973,0.16856708041382618
p4636_POS,p4636_POS,plasma,MTBL,A,16.703002904172116,0.18345191314961795
p3162_POS,p3162_POS,plasma,MTBL,A,15.097205588487228,0.22323508315808294
"3-[(4-Chlorophenyl)thio]-6-(3,5-dimethyl-1H-pyrazol-1-yl)pyridazine_POS","3-[(4-Chlorophenyl)thio]-6-(3,5-dimethyl-1H-pyrazol-1-yl)pyridazine_POS",plasma,MTBL,A,24.294017956262792,0.13345520592186944
p2737_POS,p2737_POS,plasma,MTBL,A,15.87725422341276,0.16482170599674628
p2861_POS,p2861_POS,plasma,MTBL,A,15.3564454919848,0.23443280443241044
PEG n8_POS,PEG n8_POS,plasma,MTBL,A,25.515381458148127,0.16131280204614384
p3850_POS,p3850_POS,plasma,MTBL,A,17.33729047097526,0.39629562155092835
morpholino(quinolin-6-yl)methanone_POS,morpholino(quinolin-6-yl)methanone_POS,plasma,MTBL,A,17.753144654875577,0.4963115045481974
p2851_POS,p2851_POS,plasma,MTBL,A,17.756221220841535,0.20120496378120123
p3819_POS,p3819_POS,plasma,MTBL,A,14.391387106200677,0.1325403444982598
p3063_POS,p3063_POS,plasma,MTBL,A,14.320576953003819,0.18638197424547176
p2899_POS,p2899_POS,plasma,MTBL,A,13.475623848778092,0.060402925222925674
n1309_NEG,n1309_NEG,plasma,MTBL,A,12.890301384304617,0.03207271349062424
p4272_POS,p4272_POS,plasma,MTBL,A,13.810630909710692,0.04899294683379907
p180_POS,p180_POS,plasma,MTBL,A,23.846397446336365,0.16849234248894795
p1475_POS,p1475_POS,plasma,MTBL,A,21.904735076529768,0.22546281653795397
p4376_POS,p4376_POS,plasma,MTBL,A,15.710108458429378,0.13635709284810993
p2203_POS,p2203_POS,plasma,MTBL,A,18.399098583505527,0.1882934117578312
Hypocrellutin A_POS,Hypocrellutin A_POS,plasma,MTBL,A,14.868093606660501,0.038702099295011116
N-carboxyethyl dimethyl ammonio propyl perfluorodecane sulfonamido propanoic acid;N-carboxyethyl dimethyl ammonio propyl perfluorodecane sulfonamido propanoic acid;sulfonamido (propyl carboxylate) propyl dimethyl amino propyl carboxylate_POS,N-carboxyethyl dimethyl ammonio propyl perfluorodecane sulfonamido propanoic acid;N-carboxyethyl dimethyl ammonio propyl perfluorodecane sulfonamido propanoic acid;sulfonamido (propyl carboxylate) propyl dimethyl amino propyl carboxylate_POS,plasma,MTBL,A,16.230499130616018,0.36659916060520725
3-Hydroxymonoethylglycinexylidide_POS,3-Hydroxymonoethylglycinexylidide_POS,plasma,MTBL,A,14.524039590380653,0.08674533649039784
p5433_POS,p5433_POS,plasma,MTBL,A,13.026037552596872,0.23199001997091884
p4060_POS,p4060_POS,plasma,MTBL,A,18.30311620020236,0.22952133301537359
p4851_POS,p4851_POS,plasma,MTBL,A,13.464687101483982,0.34077140145662277
p1650_POS,p1650_POS,plasma,MTBL,A,12.944778902674368,0.046124809321075766
n3171_NEG,n3171_NEG,plasma,MTBL,A,14.395957618169518,0.27164326514116865
p2695_POS,p2695_POS,plasma,MTBL,A,14.683466536458251,0.14657471392774735
tetrahomomethionine_POS,tetrahomomethionine_POS,plasma,MTBL,A,11.68343722220116,0.18449987264819256
p694_POS,p694_POS,plasma,MTBL,A,22.54406338697777,0.1955182762291603
n1125_NEG,n1125_NEG,plasma,MTBL,A,21.789969181456435,0.0998978963716759
p1546_POS,p1546_POS,plasma,MTBL,A,19.953187986039694,0.35645686496086704
p5280_POS,p5280_POS,plasma,MTBL,A,13.54826407144274,0.1433359188369181
n2029_NEG,n2029_NEG,plasma,MTBL,A,14.579385046111863,0.16575703852234813
p2109_POS,p2109_POS,plasma,MTBL,A,19.012024096016138,0.4086829870154993
p2156_POS,p2156_POS,plasma,MTBL,A,20.21730188817002,0.16955703473594852
p1779_POS,p1779_POS,plasma,MTBL,A,20.403677779888575,0.1341874581461937
Tetramethylene sulfoxide_POS,Tetramethylene sulfoxide_POS,plasma,MTBL,A,12.909194793715187,0.22658976475993953
p3065_POS,p3065_POS,plasma,MTBL,A,18.557753622573674,0.22265508637205933
n850_NEG,n850_NEG,plasma,MTBL,A,21.29275604106166,0.0570147990917782
p3684_POS,p3684_POS,plasma,MTBL,A,13.549309097721022,0.08187436735056419
p5377_POS,p5377_POS,plasma,MTBL,A,11.370249425753602,0.1252596913780426
p3667_POS,p3667_POS,plasma,MTBL,A,15.226151580029422,0.3262511536706274
p3257_POS,p3257_POS,plasma,MTBL,A,13.997652611677934,0.13535485109445755
n3694_NEG,n3694_NEG,plasma,MTBL,A,12.260792815463507,0.12171228802403888
[Similar to: DL-Arginine; ΔMass: 180.0636 Da]_NEG,[Similar to: DL-Arginine; ΔMass: 180.0636 Da]_NEG,plasma,MTBL,A,14.99098195031325,0.1824879605340124
p5179_POS,p5179_POS,plasma,MTBL,A,13.121662002137949,0.1365485401511295
p1104_POS,p1104_POS,plasma,MTBL,A,21.099877686789647,0.20625231805091992
n3088_NEG,n3088_NEG,plasma,MTBL,A,14.665272718827156,0.036131818160347606
n3940_NEG,n3940_NEG,plasma,MTBL,A,8.735456285889757,0.06569808329843951
p4606_POS,p4606_POS,plasma,MTBL,A,12.711721744922786,0.11209447209827594
p508_POS,p508_POS,plasma,MTBL,A,23.236907579161326,0.32378741805416134
n2397_NEG,n2397_NEG,plasma,MTBL,A,18.799517068877357,0.16760282831645945
L-Phenylalanine_POS,L-Phenylalanine_POS,plasma,MTBL,A,20.374145334550363,0.22976967792993008
p5769_POS,p5769_POS,plasma,MTBL,A,11.640979280279979,0.10713610018815167
p5463_POS,p5463_POS,plasma,MTBL,A,16.433261793315758,0.1782753306530367
NP-020535_POS,NP-020535_POS,plasma,MTBL,A,13.488418671148738,0.11202740229143782
p630_POS,p630_POS,plasma,MTBL,A,21.335035618007293,0.21519986024574322
p4914_POS,p4914_POS,plasma,MTBL,A,12.056317960465332,0.0551140513791859
p5785_POS,p5785_POS,plasma,MTBL,A,12.034780469059054,0.12508540983176175
Penerpene I_POS,Penerpene I_POS,plasma,MTBL,A,13.124245233373816,0.16844099616183428
p639_POS,p639_POS,plasma,MTBL,A,19.900828690910004,0.26792313936454804
n1819_NEG,n1819_NEG,plasma,MTBL,A,19.835932725351146,0.13635942530985723
n1351_NEG,n1351_NEG,plasma,MTBL,A,20.342201388506695,0.17516153571616755
n2394_NEG,n2394_NEG,plasma,MTBL,A,16.736421269142376,0.14696104105857977
p5156_POS,p5156_POS,plasma,MTBL,A,13.69873690484209,0.26163066717347494
gamma-Butyrolactone_NEG,gamma-Butyrolactone_NEG,plasma,MTBL,A,18.634364192152123,0.18435646015037932
n2599_NEG,n2599_NEG,plasma,MTBL,A,17.9017110430607,0.2689321311171451
p1590_POS,p1590_POS,plasma,MTBL,A,20.806066534539617,0.14014300206275898
p1993_POS,p1993_POS,plasma,MTBL,A,20.155592723002275,0.14017660418585365
n318_NEG,n318_NEG,plasma,MTBL,A,24.039128019447425,0.09348405049308717
p1700_POS,p1700_POS,plasma,MTBL,A,20.950956134430424,0.22130428496569365
p2435_POS,p2435_POS,plasma,MTBL,A,15.259725757969058,0.2958485631609724
p1002_POS,p1002_POS,plasma,MTBL,A,17.774412774935723,0.10537039041389384
"2,2,4-Trimethyl-1,3-dioxolane_POS","2,2,4-Trimethyl-1,3-dioxolane_POS",plasma,MTBL,A,14.44667897285257,0.4093777766924145
p2082_POS,p2082_POS,plasma,MTBL,A,19.219866508322113,0.16609545395923497
p3747_POS,p3747_POS,plasma,MTBL,A,13.929472789149283,0.1328246352527902
p5176_POS,p5176_POS,plasma,MTBL,A,12.471431463518387,0.026729559760126698
n304_NEG,n304_NEG,plasma,MTBL,A,22.089918369295997,0.14847852738071943
N-cyclooctylurea_POS,N-cyclooctylurea_POS,plasma,MTBL,A,20.515977588378867,0.09042953998093495
p1300_POS,p1300_POS,plasma,MTBL,A,21.992638536212212,0.32145761798270556
[Similar to: L-Threonic acid; ΔMass: 67.9873 Da]_NEG,[Similar to: L-Threonic acid; ΔMass: 67.9873 Da]_NEG,plasma,MTBL,A,20.37944471325052,0.2561289312457422
p5288_POS,p5288_POS,plasma,MTBL,A,13.065678034458632,0.22424039244024208
p3475_POS,p3475_POS,plasma,MTBL,A,11.858748314330773,0.12034769266108647
p2683_POS,p2683_POS,plasma,MTBL,A,20.06424162930194,0.24803183421505004
[Similar to: N2-[3-(Trifluoromethyl)phenyl]-5-[2-(methylthio)pyrimidin-4-yl]thiophene-2-sulfonamide; ΔMass: 35.9766 Da]_NEG,[Similar to: N2-[3-(Trifluoromethyl)phenyl]-5-[2-(methylthio)pyrimidin-4-yl]thiophene-2-sulfonamide; ΔMass: 35.9766 Da]_NEG,plasma,MTBL,A,11.507707938643875,0.03542174726634162
Trichosorbicillin G_POS,Trichosorbicillin G_POS,plasma,MTBL,A,12.950433375897468,0.126376536115421
p1755_POS,p1755_POS,plasma,MTBL,A,20.518442330352904,0.1106284966646367
p456_POS,p456_POS,plasma,MTBL,A,24.698499715845344,0.07980409573643499
p2093_POS,p2093_POS,plasma,MTBL,A,12.431949747051787,0.2979102712473747
Pyruvic acid_NEG,Pyruvic acid_NEG,plasma,MTBL,A,19.838000674921393,0.12686173324401295
n523_NEG,n523_NEG,plasma,MTBL,A,22.3604589695816,0.056819363505409726
Tolyporphin C_POS,Tolyporphin C_POS,plasma,MTBL,A,17.801680709181973,0.32576833906061076
2-Aminoisobutyric acid_POS,2-Aminoisobutyric acid_POS,plasma,MTBL,A,21.30162537043254,0.39913663689726064
p2174_POS,p2174_POS,plasma,MTBL,A,15.00473076130784,0.3751597908755402
p3308_POS,p3308_POS,plasma,MTBL,A,19.422473178981015,0.0895359120223791
n2178_NEG,n2178_NEG,plasma,MTBL,A,18.576125346670764,0.18889596220345695
p1481_POS,p1481_POS,plasma,MTBL,A,18.253681653027968,0.6120869868494268
p3212_POS,p3212_POS,plasma,MTBL,A,19.029189630629638,0.19267818538132708
p3134_POS,p3134_POS,plasma,MTBL,A,19.16935109341301,0.22043150775377285
Azetidomonamide A_POS,Azetidomonamide A_POS,plasma,MTBL,A,14.894120460429747,0.038382953743778536
p3907_POS,p3907_POS,plasma,MTBL,A,18.52970059303292,0.24030578473777275
p5107_POS,p5107_POS,plasma,MTBL,A,12.198393782250797,0.20320853911009085
[Similar to: Asparagine; ΔMass: 67.9873 Da]_NEG,[Similar to: Asparagine; ΔMass: 67.9873 Da]_NEG,plasma,MTBL,A,19.664398797568996,0.2767954539923849
"1-Phenylhexahydropyridazine-3,6-dione_POS","1-Phenylhexahydropyridazine-3,6-dione_POS",plasma,MTBL,A,18.47665866156795,0.3004471645958535
"1-(2,2-Dichloroethyl)-1-nitrosourea_POS","1-(2,2-Dichloroethyl)-1-nitrosourea_POS",plasma,MTBL,A,20.93858027358566,0.2029480965114967
p3919_POS,p3919_POS,plasma,MTBL,A,13.192054101438565,0.093866625598503
n1874_NEG,n1874_NEG,plasma,MTBL,A,19.10742641511145,0.07399051187785943
p5333_POS,p5333_POS,plasma,MTBL,A,15.435290844714196,0.08492367164136638
p3422_POS,p3422_POS,plasma,MTBL,A,18.517501404355574,0.29437114216944593
p2865_POS,p2865_POS,plasma,MTBL,A,15.791201409631496,0.11527970812806476
p3424_POS,p3424_POS,plasma,MTBL,A,14.717855895765897,0.2757794000287985
p3252_POS,p3252_POS,plasma,MTBL,A,16.53445105568534,0.05538805184910878
p1468_POS,p1468_POS,plasma,MTBL,A,13.519989228325931,0.23871576534001537
n1793_NEG,n1793_NEG,plasma,MTBL,A,19.993224364380012,0.1323652991937312
p4704_POS,p4704_POS,plasma,MTBL,A,17.166172973084777,0.34160299248690507
n1506_NEG,n1506_NEG,plasma,MTBL,A,17.04668969365304,0.2628503157703346
Caprolactin A_POS,Caprolactin A_POS,plasma,MTBL,A,12.883700713566693,0.14103623941411225
Isobutyric acid_POS,Isobutyric acid_POS,plasma,MTBL,A,25.391583408182548,0.08172839047587921
p5187_POS,p5187_POS,plasma,MTBL,A,13.707149357858746,0.10458430531917173
p3379_POS,p3379_POS,plasma,MTBL,A,12.849470764900325,0.15636066509829316
"N'-{6-[(5-chloro-3-pyridyl)oxy]-3-pyridyl}-N,N-dimethyliminoformamide_POS","N'-{6-[(5-chloro-3-pyridyl)oxy]-3-pyridyl}-N,N-dimethyliminoformamide_POS",plasma,MTBL,A,13.544704272174659,0.03798750997115263
p3294_POS,p3294_POS,plasma,MTBL,A,12.360345071485817,0.14135088806640805
4-Hydroxyproline_NEG,4-Hydroxyproline_NEG,plasma,MTBL,A,17.28802105024168,0.37556089869127973
n2281_NEG,n2281_NEG,plasma,MTBL,A,18.07906219108266,0.23108325872794389
Taurine_NEG,Taurine_NEG,plasma,MTBL,A,21.636239028223493,0.26284520375615905
p2857_POS,p2857_POS,plasma,MTBL,A,20.268705441072676,0.18303836848944144
n2473_NEG,n2473_NEG,plasma,MTBL,A,19.466416387001424,0.18339024579480778
p5543_POS,p5543_POS,plasma,MTBL,A,11.003576251438432,0.034326208533570046
p5128_POS,p5128_POS,plasma,MTBL,A,12.317541525245812,0.2425322962491121
p2781_POS,p2781_POS,plasma,MTBL,A,13.29790929154382,0.12997215452907884
p4506_POS,p4506_POS,plasma,MTBL,A,14.661115107695045,0.17561278728120033
"4-(3,4-dimethylphenyl)-1-thia-4-azaspiro[4.5]decan-3-one_POS","4-(3,4-dimethylphenyl)-1-thia-4-azaspiro[4.5]decan-3-one_POS",plasma,MTBL,A,16.677158899038794,0.34829201952001476
"5?[(1E)?2?[4?(dimethylamino)phenyl]diazen?1?yl]pyrimidine?2,4,6?triamine_POS","5?[(1E)?2?[4?(dimethylamino)phenyl]diazen?1?yl]pyrimidine?2,4,6?triamine_POS",plasma,MTBL,A,13.221743638316443,0.09251776307808957
p3219_POS,p3219_POS,plasma,MTBL,A,19.74748470855078,0.3550692438269749
p937_POS,p937_POS,plasma,MTBL,A,16.41110380120918,0.20303647529553892
p3905_POS,p3905_POS,plasma,MTBL,A,14.309827536014005,0.11353967794783326
(+-)-trans-3-Methyl norfentanyl_POS,(+-)-trans-3-Methyl norfentanyl_POS,plasma,MTBL,A,16.78951492893892,0.09938317804960128
p4133_POS,p4133_POS,plasma,MTBL,A,12.80629401314736,0.1329118784679233
p3222_POS,p3222_POS,plasma,MTBL,A,19.085536388538905,0.14777692590062408
p5215_POS,p5215_POS,plasma,MTBL,A,15.46430527797431,0.14001492651687553
p187_POS,p187_POS,plasma,MTBL,A,24.989579755791908,0.11679807791192331
n3638_NEG,n3638_NEG,plasma,MTBL,A,16.206879880733013,0.1727659907564867
p2126_POS,p2126_POS,plasma,MTBL,A,18.169540062617273,0.32582606548135296
p2409_POS,p2409_POS,plasma,MTBL,A,19.504651922018446,0.17545231070900158
p2957_POS,p2957_POS,plasma,MTBL,A,12.39204516907626,0.1589383779391218
p3922_POS,p3922_POS,plasma,MTBL,A,13.47657327554662,0.23101716210951384
3-Hydroxybupivicaine_POS,3-Hydroxybupivicaine_POS,plasma,MTBL,A,13.292895752877037,0.13152240204764354
p4009_POS,p4009_POS,plasma,MTBL,A,14.7149185017095,0.4924701524520074
p1123_POS,p1123_POS,plasma,MTBL,A,12.85890273649218,0.16597712688818422
n2917_NEG,n2917_NEG,plasma,MTBL,A,12.687113032931354,0.03798381631486425
Asparagine_POS,Asparagine_POS,plasma,MTBL,A,21.716663548474838,0.26012057467794314
p1892_POS,p1892_POS,plasma,MTBL,A,19.443688538079314,0.28065523022135963
p3793_POS,p3793_POS,plasma,MTBL,A,15.975506973982643,0.6309708593840657
n651_NEG,n651_NEG,plasma,MTBL,A,21.96912168200332,0.05861921829445471
p1507_POS,p1507_POS,plasma,MTBL,A,20.809756502473363,0.07632564856623425
Rigidiusculamide A_POS,Rigidiusculamide A_POS,plasma,MTBL,A,12.736879831776612,0.22396494919419752
"2-(2,6-dimethoxyphenyl)-5,6-dimethoxy-4H-chromen-4-one_POS","2-(2,6-dimethoxyphenyl)-5,6-dimethoxy-4H-chromen-4-one_POS",plasma,MTBL,A,14.375628936219307,1.0926508449045764
p2634_POS,p2634_POS,plasma,MTBL,A,20.35475029395593,0.20563585663902195
n3543_NEG,n3543_NEG,plasma,MTBL,A,12.046772536958436,0.030779274727939843
p3344_POS,p3344_POS,plasma,MTBL,A,17.808701441517933,0.23493281459239235
p3870_POS,p3870_POS,plasma,MTBL,A,15.2822374182363,0.273483670678921
Validoxylamine G_POS,Validoxylamine G_POS,plasma,MTBL,A,13.765200106584999,0.0820753428092349
2-Aminothiazole_POS,2-Aminothiazole_POS,plasma,MTBL,A,11.956238512891211,0.02270243751040457
p3474_POS,p3474_POS,plasma,MTBL,A,12.061591159299955,0.14996993243807122
n2275_NEG,n2275_NEG,plasma,MTBL,A,13.574453216893716,0.07898459729122731
n1974_NEG,n1974_NEG,plasma,MTBL,A,17.04908680056289,0.1637073549389907
n1114_NEG,n1114_NEG,plasma,MTBL,A,19.760189489058973,0.5007490326509281
p1817_POS,p1817_POS,plasma,MTBL,A,20.384726392512007,0.16116048955578144
p1436_POS,p1436_POS,plasma,MTBL,A,21.99766270303197,0.2191108498023091
n2282_NEG,n2282_NEG,plasma,MTBL,A,17.65739758927885,0.4197466479786556
p1887_POS,p1887_POS,plasma,MTBL,A,19.846973904933535,0.28638908533894636
(5R)-5-Hydroxyhexanoic acid_POS,(5R)-5-Hydroxyhexanoic acid_POS,plasma,MTBL,A,12.375208792567424,0.10136191458850341
n2187_NEG,n2187_NEG,plasma,MTBL,A,17.34121319133943,0.09501202258011254
n2444_NEG,n2444_NEG,plasma,MTBL,A,18.774050465534685,0.18373037795434577
p2597_POS,p2597_POS,plasma,MTBL,A,19.23868875527324,0.1643082378448142
p2958_POS,p2958_POS,plasma,MTBL,A,12.179664561561788,0.14016913761128258
p3129_POS,p3129_POS,plasma,MTBL,A,18.021752298897106,0.4217518161908238
n2439_NEG,n2439_NEG,plasma,MTBL,A,18.892501518991917,0.1196929995269791
p3258_POS,p3258_POS,plasma,MTBL,A,18.850696028184842,0.25270211937317555
p5042_POS,p5042_POS,plasma,MTBL,A,13.181033771610714,0.19293497648408753
p294_POS,p294_POS,plasma,MTBL,A,24.046712984691432,0.11273190582273429
p2049_POS,p2049_POS,plasma,MTBL,A,15.16062491835916,0.42204140697221604
p5532_POS,p5532_POS,plasma,MTBL,A,12.6901674685254,0.2113858177637855
D3-Alanine_POS,D3-Alanine_POS,plasma,MTBL,A,22.179190185464737,0.1455643385880112
n2059_NEG,n2059_NEG,plasma,MTBL,A,19.065364768471635,0.15168385344923152
p2665_POS,p2665_POS,plasma,MTBL,A,17.61178226819934,0.23494042393200054
p1044_POS,p1044_POS,plasma,MTBL,A,21.006553798334245,0.2120167811503837
N'-Hydroxy-4-pentylbenzenecarboximidamide_POS,N'-Hydroxy-4-pentylbenzenecarboximidamide_POS,plasma,MTBL,A,14.346002905398993,0.2617763998903673
Acetylcholine_POS,Acetylcholine_POS,plasma,MTBL,A,20.367755065055483,0.22316777790359588
n2815_NEG,n2815_NEG,plasma,MTBL,A,16.896682114422827,0.538340414601846
p3534_POS,p3534_POS,plasma,MTBL,A,16.58622048447599,0.12907257606956435
p5011_POS,p5011_POS,plasma,MTBL,A,13.540569633126626,0.12295854368400416
p28_POS,p28_POS,plasma,MTBL,A,27.255322663790945,0.14056007766083845
p502_POS,p502_POS,plasma,MTBL,A,23.11291444689043,0.18174905578588252
p983_POS,p983_POS,plasma,MTBL,A,19.457957797773165,0.2544650570507674
p3963_POS,p3963_POS,plasma,MTBL,A,15.859544913427225,0.18615936756174012
p917_POS,p917_POS,plasma,MTBL,A,23.20222521749848,0.19323641034476502
4-Hydroxybenzotriazole_POS,4-Hydroxybenzotriazole_POS,plasma,MTBL,A,22.87978164726507,0.1882468684295997
n406_NEG,n406_NEG,plasma,MTBL,A,21.816068382817832,0.2098955621570262
n3935_NEG,n3935_NEG,plasma,MTBL,A,8.497994072177796,0.040959255563643104
n991_NEG,n991_NEG,plasma,MTBL,A,18.46247571833153,0.19006309899727825
Cysteineglutathione disulfide_POS,Cysteineglutathione disulfide_POS,plasma,MTBL,A,18.878882369145025,0.39405970484758335
n2674_NEG,n2674_NEG,plasma,MTBL,A,18.47345531712766,0.14050537448479616
p149_POS,p149_POS,plasma,MTBL,A,25.091114938176183,0.11308348708538674
n3100_NEG,n3100_NEG,plasma,MTBL,A,18.05090880524216,0.14362152728344313
p2332_POS,p2332_POS,plasma,MTBL,A,14.771716781545244,0.3436753303519975
p5291_POS,p5291_POS,plasma,MTBL,A,9.417906153349783,0.03128028282622353
"2,3,5-Hexanetrione_POS","2,3,5-Hexanetrione_POS",plasma,MTBL,A,12.654780229159842,0.13207710739226108
n2382_NEG,n2382_NEG,plasma,MTBL,A,18.956622007525475,0.22217467577352856
n2856_NEG,n2856_NEG,plasma,MTBL,A,17.4413341870606,0.25842526775120866
p901_POS,p901_POS,plasma,MTBL,A,19.99546757547289,0.2006240482244852
p4590_POS,p4590_POS,plasma,MTBL,A,14.986071044742495,0.21659022499790037
p767_POS,p767_POS,plasma,MTBL,A,21.77304801289238,0.22253394997928488
p1256_POS,p1256_POS,plasma,MTBL,A,15.251134160407027,0.24452930451714927
p874_POS,p874_POS,plasma,MTBL,A,22.842933644611655,0.14037650328505258
p5538_POS,p5538_POS,plasma,MTBL,A,16.195056352034293,0.16010962252685346
p3356_POS,p3356_POS,plasma,MTBL,A,18.868390113009923,0.2697868634376803
p3359_POS,p3359_POS,plasma,MTBL,A,15.166657133296077,0.1690249250910547
p5548_POS,p5548_POS,plasma,MTBL,A,12.724505558758084,0.22261505332313813
Bicine_NEG,Bicine_NEG,plasma,MTBL,A,16.79003564516099,0.3101732550351546
p2988_POS,p2988_POS,plasma,MTBL,A,15.90825374652366,0.1508734690092668
p754_POS,p754_POS,plasma,MTBL,A,21.16949448984286,0.24447157676890363
p2098_POS,p2098_POS,plasma,MTBL,A,13.873246316736065,0.1551208496678269
p443_POS,p443_POS,plasma,MTBL,A,20.721691168881357,0.2692927234473004
p5301_POS,p5301_POS,plasma,MTBL,A,13.030575850339106,0.14196185200273082
p3247_POS,p3247_POS,plasma,MTBL,A,15.010817031673632,0.20870997813063763
n2578_NEG,n2578_NEG,plasma,MTBL,A,16.189913018686518,0.2594098524071855
Linustatin_POS,Linustatin_POS,plasma,MTBL,A,13.468695842435002,0.19191200474176728
(E)-3-Tosylacrylonitrile_NEG,(E)-3-Tosylacrylonitrile_NEG,plasma,MTBL,A,12.396481409924622,0.0638918545885474
p3286_POS,p3286_POS,plasma,MTBL,A,20.172461997788027,0.11825207212215894
p3538_POS,p3538_POS,plasma,MTBL,A,13.69723739218738,0.19202189805773706
Medicoside L_POS,Medicoside L_POS,plasma,MTBL,A,15.442018745951774,0.25264928308071344
n1929_NEG,n1929_NEG,plasma,MTBL,A,19.64509046543628,0.11446788240486505
p3416_POS,p3416_POS,plasma,MTBL,A,13.05782236970521,0.15831916873964325
p5315_POS,p5315_POS,plasma,MTBL,A,11.878481375797463,0.13155296900041336
n195_NEG,n195_NEG,plasma,MTBL,A,25.02665967067493,0.09153597745081221
p4438_POS,p4438_POS,plasma,MTBL,A,12.736278896367342,0.2050848090239672
p4163_POS,p4163_POS,plasma,MTBL,A,14.545167001772313,0.22947430065726948
p1607_POS,p1607_POS,plasma,MTBL,A,20.480287160740396,0.20895340614723779
p2852_POS,p2852_POS,plasma,MTBL,A,12.079845429347433,0.051279036534797484
N-Desmethyltramadol_POS,N-Desmethyltramadol_POS,plasma,MTBL,A,14.926091411071337,0.034140719706564404
p1517_POS,p1517_POS,plasma,MTBL,A,19.47211559072581,0.2651115824144945
"(2R)-2,3-Dihydroxypropanoic acid_NEG","(2R)-2,3-Dihydroxypropanoic acid_NEG",plasma,MTBL,A,19.28557161347873,0.1719313205317725
n3023_NEG,n3023_NEG,plasma,MTBL,A,17.16966362796498,0.15212096432740196
p3050_POS,p3050_POS,plasma,MTBL,A,15.573100001625471,0.26633269830623263
p2421_POS,p2421_POS,plasma,MTBL,A,15.58821713595854,0.33586381799736476
n1223_NEG,n1223_NEG,plasma,MTBL,A,18.020499134082954,0.4913549602859728
p268_POS,p268_POS,plasma,MTBL,A,22.669909828002282,0.0625418033602898
p1408_POS,p1408_POS,plasma,MTBL,A,20.888049259568724,0.21620679555784683
p238_POS,p238_POS,plasma,MTBL,A,23.42945166807477,0.21308545003774348
5-Oxozaleplon_POS,5-Oxozaleplon_POS,plasma,MTBL,A,12.408276124578943,0.11081830482947197
p4161_POS,p4161_POS,plasma,MTBL,A,18.27239397439903,0.29957855874364725
Nα-{[(2R)-1-(4-morpholinylcarbonyl)-2-piperazinyl]carbonyl}-D-tryptophanamide_POS,Nα-{[(2R)-1-(4-morpholinylcarbonyl)-2-piperazinyl]carbonyl}-D-tryptophanamide_POS,plasma,MTBL,A,13.057580963671768,0.10538647109182087
(2-Ethylcrotonoyl)urea_POS,(2-Ethylcrotonoyl)urea_POS,plasma,MTBL,A,17.299995543501588,0.19149163184514428
p2160_POS,p2160_POS,plasma,MTBL,A,20.249716406070682,0.14794480925644393
p2339_POS,p2339_POS,plasma,MTBL,A,20.804637850710158,0.13625666516747792
p3398_POS,p3398_POS,plasma,MTBL,A,13.859865443008648,0.032132353964539284
p15_POS,p15_POS,plasma,MTBL,A,28.428495869761754,0.15335571398916414
n1537_NEG,n1537_NEG,plasma,MTBL,A,20.123701522188917,0.15241153973054544
Methyl dioxindole-3-acetate_POS,Methyl dioxindole-3-acetate_POS,plasma,MTBL,A,13.628723140065212,0.08384404096264397
7-Hydroxygliclazide_POS,7-Hydroxygliclazide_POS,plasma,MTBL,A,13.084144097057813,0.0869789814017965
n317_NEG,n317_NEG,plasma,MTBL,A,23.418031071337495,0.05220417731151272
n843_NEG,n843_NEG,plasma,MTBL,A,21.70458232443173,0.09888112337161026
p5478_POS,p5478_POS,plasma,MTBL,A,13.405852446851195,0.18316222879232757
n3546_NEG,n3546_NEG,plasma,MTBL,A,16.945390703818205,0.28631978143845593
n417_NEG,n417_NEG,plasma,MTBL,A,23.224558740492427,0.09896830047166816
p3293_POS,p3293_POS,plasma,MTBL,A,15.396609761796096,0.18716066296884648
(x)-2-Heptanol glucoside_POS,(x)-2-Heptanol glucoside_POS,plasma,MTBL,A,19.22940322845532,0.18041804137986617
p3163_POS,p3163_POS,plasma,MTBL,A,15.088273307107759,0.38767411244471006
N-Acetyldopamine_POS,N-Acetyldopamine_POS,plasma,MTBL,A,14.032110373141613,0.1406854212592048
p1416_POS,p1416_POS,plasma,MTBL,A,21.167782500042655,0.1694083880491455
"1-(Hydroxymethyl)-5,5-dimethyl-2,4-imidazolidinedione_POS","1-(Hydroxymethyl)-5,5-dimethyl-2,4-imidazolidinedione_POS",plasma,MTBL,A,24.687510065011075,0.24731615329313072
p4147_POS,p4147_POS,plasma,MTBL,A,18.059875474534653,0.22290545995893218
n3634_NEG,n3634_NEG,plasma,MTBL,A,9.301942328015809,0.03665118036575876
p3920_POS,p3920_POS,plasma,MTBL,A,15.746619666092236,0.21121281575399298
p2544_POS,p2544_POS,plasma,MTBL,A,17.65647793772839,0.44318101186066094
p5353_POS,p5353_POS,plasma,MTBL,A,12.762312322294965,0.1266595703217357
p2797_POS,p2797_POS,plasma,MTBL,A,19.25208761416844,0.18174397361664418
Tetraethylene glycol_POS,Tetraethylene glycol_POS,plasma,MTBL,A,25.851359932137058,0.05933810406997608
PC(24:0/6 keto-PGF1alpha)_POS,PC(24:0/6 keto-PGF1alpha)_POS,plasma,MTBL,A,20.33476460415646,0.10351919581605351
n3897_NEG,n3897_NEG,plasma,MTBL,A,10.282244415342678,0.03184683903137486
Morpholine_POS,Morpholine_POS,plasma,MTBL,A,24.868304946150296,0.14478489167994368
p1548_POS,p1548_POS,plasma,MTBL,A,19.866693430132358,0.17216724448680054
p2108_POS,p2108_POS,plasma,MTBL,A,18.894811406976928,0.3247740515558686
n1534_NEG,n1534_NEG,plasma,MTBL,A,16.471299205170745,0.11017681417487779
n2741_NEG,n2741_NEG,plasma,MTBL,A,14.934170279924423,0.2803458930131999
Dextromethorphan hydrobromide_POS,Dextromethorphan hydrobromide_POS,plasma,MTBL,A,14.061957136422539,0.19179635139349838
p2793_POS,p2793_POS,plasma,MTBL,A,15.612298789363418,0.16551143480755126
n587_NEG,n587_NEG,plasma,MTBL,A,21.771988846974946,0.19697969318036712
n2676_NEG,n2676_NEG,plasma,MTBL,A,17.90109624636656,0.22965081320318959
p449_POS,p449_POS,plasma,MTBL,A,23.161100648017182,0.12320841773023972
p685_POS,p685_POS,plasma,MTBL,A,23.318197082517543,0.1499839294597045
n1757_NEG,n1757_NEG,plasma,MTBL,A,19.32029230110503,0.208874345460762
"L-2,4-Diaminobutyric acid_POS","L-2,4-Diaminobutyric acid_POS",plasma,MTBL,A,25.67418645858735,0.25537740334672243
p1396_POS,p1396_POS,plasma,MTBL,A,20.622594950182467,0.25275892196776084
n2033_NEG,n2033_NEG,plasma,MTBL,A,19.019712784830272,0.22055271438995305
p4629_POS,p4629_POS,plasma,MTBL,A,12.441307385865471,0.30251318596473187
p4917_POS,p4917_POS,plasma,MTBL,A,16.673523795592367,0.19748403933284564
p5214_POS,p5214_POS,plasma,MTBL,A,13.19965421226377,0.1187556711277491
p5772_POS,p5772_POS,plasma,MTBL,A,12.110130198534325,0.13970417612534636
p1550_POS,p1550_POS,plasma,MTBL,A,11.822119344396619,0.03024680589020523
p3377_POS,p3377_POS,plasma,MTBL,A,18.636057072646942,0.24870694646787328
n3338_NEG,n3338_NEG,plasma,MTBL,A,14.492364704881485,0.5759219094097672
n2618_NEG,n2618_NEG,plasma,MTBL,A,18.38481534910099,0.1516550985615286
p2053_POS,p2053_POS,plasma,MTBL,A,15.150061415354859,0.4310788919685882
p454_POS,p454_POS,plasma,MTBL,A,22.21589403846369,0.18924175396852938
Propyliodone_POS,Propyliodone_POS,plasma,MTBL,A,14.996480221722983,0.15818853573175495
n3062_NEG,n3062_NEG,plasma,MTBL,A,12.681214480631908,0.12131715899716156
(Z)-4-Heptenal_POS,(Z)-4-Heptenal_POS,plasma,MTBL,A,16.158504731646083,0.5067768926309757
n2746_NEG,n2746_NEG,plasma,MTBL,A,12.8176283050236,0.1879778967610477
Dihydrothymine_NEG,Dihydrothymine_NEG,plasma,MTBL,A,17.894169606381084,0.18387627990874833
n250_NEG,n250_NEG,plasma,MTBL,A,23.96315477355137,0.09820867334672911
2-Hydroxy-3-methylpentanoic acid_POS,2-Hydroxy-3-methylpentanoic acid_POS,plasma,MTBL,A,19.295526959483155,0.08386260057105588
gamma-Glutamyl-beta-aminopropiononitrile_POS,gamma-Glutamyl-beta-aminopropiononitrile_POS,plasma,MTBL,A,18.26236606685578,0.2099985238146651
n2664_NEG,n2664_NEG,plasma,MTBL,A,18.61252163790216,0.1692998383112787
p4413_POS,p4413_POS,plasma,MTBL,A,14.108756039859273,0.18458971694213844
p4868_POS,p4868_POS,plasma,MTBL,A,15.321419385595123,0.2228844490755746
n2370_NEG,n2370_NEG,plasma,MTBL,A,18.51609940231243,0.19948499482414128
p962_POS,p962_POS,plasma,MTBL,A,19.4451780621134,0.23817422028901092
p2808_POS,p2808_POS,plasma,MTBL,A,20.64439066560034,0.10474196980088557
p722_POS,p722_POS,plasma,MTBL,A,22.555536558149228,0.32535855204079134
L-Threonine_POS,L-Threonine_POS,plasma,MTBL,A,23.87732468997504,0.3831731072802036
"(2R,3R,4R)-2-Amino-4-hydroxy-3-methylpentanoic acid_POS","(2R,3R,4R)-2-Amino-4-hydroxy-3-methylpentanoic acid_POS",plasma,MTBL,A,22.01174868446906,0.35492503630440275
Acetohydroxamic acid_POS,Acetohydroxamic acid_POS,plasma,MTBL,A,22.042416902481623,0.303838851558508
p2750_POS,p2750_POS,plasma,MTBL,A,12.335484311818746,0.11915215203149643
p1308_POS,p1308_POS,plasma,MTBL,A,19.841128480922563,0.25791016773198194
p4739_POS,p4739_POS,plasma,MTBL,A,13.344826778033447,0.13246071617247157
p5542_POS,p5542_POS,plasma,MTBL,A,12.157359241046713,0.06047577412270755
D3-Lactate-ISTD_NEG,D3-Lactate-ISTD_NEG,plasma,MTBL,A,21.234711721543395,0.049507794340874156
"4-(3-Methyl-1-butenyl)-3,3',4',5-tetrahydroxystilbene_NEG","4-(3-Methyl-1-butenyl)-3,3',4',5-tetrahydroxystilbene_NEG",plasma,MTBL,A,16.277314178141918,0.5934802877000127
p3014_POS,p3014_POS,plasma,MTBL,A,19.216772193507833,0.21506721204589496
p1506_POS,p1506_POS,plasma,MTBL,A,19.781721479132624,0.22338467307499066
Barbital_POS,Barbital_POS,plasma,MTBL,A,13.743846110430557,0.9480127066570612
p3019_POS,p3019_POS,plasma,MTBL,A,12.225481850318342,0.13507144732521947
p2993_POS,p2993_POS,plasma,MTBL,A,15.82747855816342,0.14138753750521627
n3332_NEG,n3332_NEG,plasma,MTBL,A,16.61591049679899,0.21852136207062856
p1734_POS,p1734_POS,plasma,MTBL,A,15.775716139527221,0.13152586892465123
Cefalexin_POS,Cefalexin_POS,plasma,MTBL,A,13.040779570615333,0.03142735331252133
p316_POS,p316_POS,plasma,MTBL,A,21.026927096369462,0.0907186406375331
p3493_POS,p3493_POS,plasma,MTBL,A,14.0211069578956,0.03228399111221325
p4154_POS,p4154_POS,plasma,MTBL,A,18.286654145844356,0.20225493863848243
"4-cyclopropyl-5-sulfanyl-4H-1,2,4-triazol-3-ol_POS","4-cyclopropyl-5-sulfanyl-4H-1,2,4-triazol-3-ol_POS",plasma,MTBL,A,16.158738399828756,0.47333748524590646
n2640_NEG,n2640_NEG,plasma,MTBL,A,15.79355140365567,0.3617452675246371
p4657_POS,p4657_POS,plasma,MTBL,A,14.001998682478892,0.15307481000317757
p1099_POS,p1099_POS,plasma,MTBL,A,19.666745993549537,0.28190605963290416
p3509_POS,p3509_POS,plasma,MTBL,A,14.140988664068379,0.17178416161085863
p2333_POS,p2333_POS,plasma,MTBL,A,14.116814607260466,0.2441314152212648
p1438_POS,p1438_POS,plasma,MTBL,A,21.9605188053378,0.2252018643439886
"1-Phenylheptane-1,5-dione_POS","1-Phenylheptane-1,5-dione_POS",plasma,MTBL,A,13.402310592953022,0.09062843113704222
p5285_POS,p5285_POS,plasma,MTBL,A,15.456031449772306,0.15725876169319797
p2022_POS,p2022_POS,plasma,MTBL,A,19.529249424342538,0.42766251121993015
p2904_POS,p2904_POS,plasma,MTBL,A,19.126882188479662,0.20973859033740005
p3937_POS,p3937_POS,plasma,MTBL,A,17.986533127561305,0.17602036766203177
p1075_POS,p1075_POS,plasma,MTBL,A,21.478132180287506,0.44949435321734477
n2369_NEG,n2369_NEG,plasma,MTBL,A,18.51609940231243,0.19948499482414128
p2934_POS,p2934_POS,plasma,MTBL,A,17.352249139600623,0.4007004796036
p4505_POS,p4505_POS,plasma,MTBL,A,13.786233932922755,0.13568284110735007
Methoxyphenamine_POS,Methoxyphenamine_POS,plasma,MTBL,A,16.036836023221234,0.14851050478618433
p3785_POS,p3785_POS,plasma,MTBL,A,17.366505043054044,0.4501476963456419
p766_POS,p766_POS,plasma,MTBL,A,21.703062366560097,0.1839890473288186
p3593_POS,p3593_POS,plasma,MTBL,A,18.643113981235004,0.22707923670501984
5-Methylquinoxaline_POS,5-Methylquinoxaline_POS,plasma,MTBL,A,20.522855546895293,0.27835146300236424
n2643_NEG,n2643_NEG,plasma,MTBL,A,18.673930269468983,0.14746462756142975
p3078_POS,p3078_POS,plasma,MTBL,A,19.108810038111734,0.2837841832165928
Taxifolin_POS,Taxifolin_POS,plasma,MTBL,A,13.524804458272275,0.24087788832041657
4'-Fluoro-pyrrolidinohexanophenone_POS,4'-Fluoro-pyrrolidinohexanophenone_POS,plasma,MTBL,A,13.285070300768123,0.22409781540089746
p236_POS,p236_POS,plasma,MTBL,A,23.679978334498507,0.11735147310080052
p3750_POS,p3750_POS,plasma,MTBL,A,18.816121719350814,0.2523287150316502
p3133_POS,p3133_POS,plasma,MTBL,A,19.27891458600121,0.23378772509746248
p435_POS,p435_POS,plasma,MTBL,A,22.928472229806253,0.15296968756095275
n899_NEG,n899_NEG,plasma,MTBL,A,19.474403960799513,0.28385115659056126
Diisopropylphosphate_NEG,Diisopropylphosphate_NEG,plasma,MTBL,A,17.985978920539633,0.23316302899733188
p4598_POS,p4598_POS,plasma,MTBL,A,13.123795209178498,0.03147629219629344
p297_POS,p297_POS,plasma,MTBL,A,24.114425857706163,0.15630310751948073
n2089_NEG,n2089_NEG,plasma,MTBL,A,18.20475514435718,0.18200927578753223
Laxaphycin E_POS,Laxaphycin E_POS,plasma,MTBL,A,20.650287177055944,0.19133903929519214
p293_POS,p293_POS,plasma,MTBL,A,24.046712984691432,0.11273190582273429
p1065_POS,p1065_POS,plasma,MTBL,A,22.555193983165232,0.1697524410112301
n802_NEG,n802_NEG,plasma,MTBL,A,19.530463616893236,0.2779489926637826
L-Glutamine_POS,L-Glutamine_POS,plasma,MTBL,A,25.863381081509402,0.1915586764484054
p2492_POS,p2492_POS,plasma,MTBL,A,20.422201129686364,0.17989876234910263
Trinitrosotrimethylenetriamine_POS,Trinitrosotrimethylenetriamine_POS,plasma,MTBL,A,17.344216497547407,0.30318309738837357
(9E)-10-nitrooctadecenoic Acid_POS,(9E)-10-nitrooctadecenoic Acid_POS,plasma,MTBL,A,17.658216364623858,0.34840781544605015
Ethyl 3-hydroxydodecanoate_POS,Ethyl 3-hydroxydodecanoate_POS,plasma,MTBL,A,14.338119081280622,0.13656958620550608
p4134_POS,p4134_POS,plasma,MTBL,A,13.735661874258476,0.14812878725930556
n1528_NEG,n1528_NEG,plasma,MTBL,A,21.16172928575046,0.36242575883034256
2-Naphthylaminomethyl-gamma-aminobutyric acid_POS,2-Naphthylaminomethyl-gamma-aminobutyric acid_POS,plasma,MTBL,A,13.389347234529026,0.14483841530967734
methyl isoquinoline-3-carboxylate_POS,methyl isoquinoline-3-carboxylate_POS,plasma,MTBL,A,18.532951441706036,0.20602539367461858
n2682_NEG,n2682_NEG,plasma,MTBL,A,16.20405922641285,0.13611885752738573
n234_NEG,n234_NEG,plasma,MTBL,A,20.936239731794196,0.18076343966069075
p3458_POS,p3458_POS,plasma,MTBL,A,15.351104289313659,0.32292603050164725
n2734_NEG,n2734_NEG,plasma,MTBL,A,18.580875470384846,0.11217881160779442
"N,N-Didesmethylvenlafaxine_POS","N,N-Didesmethylvenlafaxine_POS",plasma,MTBL,A,14.89192648102565,0.052991199567332004
L-beta-aspartyl-L-alanine_POS,L-beta-aspartyl-L-alanine_POS,plasma,MTBL,A,15.485206296888128,0.372896562437516
p3798_POS,p3798_POS,plasma,MTBL,A,13.22088480729764,0.03702003344642257
p464_POS,p464_POS,plasma,MTBL,A,23.322665818002246,0.15599001323569794
1-Hydroxybenzotriazol_POS,1-Hydroxybenzotriazol_POS,plasma,MTBL,A,20.399795294527962,0.2481807455145777
p3951_POS,p3951_POS,plasma,MTBL,A,15.894923659974125,0.09370073839417614
p1465_POS,p1465_POS,plasma,MTBL,A,20.877164057427652,0.19641198190561937
n893_NEG,n893_NEG,plasma,MTBL,A,21.887157884104454,0.08739927397918557
n1280_NEG,n1280_NEG,plasma,MTBL,A,20.168165115166587,0.15143305011337205
p1362_POS,p1362_POS,plasma,MTBL,A,22.073608845907767,0.2049686717499526
p3838_POS,p3838_POS,plasma,MTBL,A,14.466611615002222,0.2747326957006253
n3204_NEG,n3204_NEG,plasma,MTBL,A,15.682199925826396,0.05213393165831093
Meperidine_POS,Meperidine_POS,plasma,MTBL,A,13.076762453269154,0.20599400806439316
Glutaminylglutamine_POS,Glutaminylglutamine_POS,plasma,MTBL,A,13.52761323678925,0.0921267589660042
p4360_POS,p4360_POS,plasma,MTBL,A,18.59787880690893,0.28487552527453985
N-Lactoylleucine_POS,N-Lactoylleucine_POS,plasma,MTBL,A,21.597338959479927,0.4136356304605773
p1659_POS,p1659_POS,plasma,MTBL,A,21.680597725441388,0.12776062438171465
p5049_POS,p5049_POS,plasma,MTBL,A,16.904436224350416,0.44532943897983124
p2858_POS,p2858_POS,plasma,MTBL,A,20.24097882934447,0.16596313528192042
n3417_NEG,n3417_NEG,plasma,MTBL,A,13.050509789844083,0.0956304166402866
n233_NEG,n233_NEG,plasma,MTBL,A,20.99969013398937,0.20234989377960844
n2116_NEG,n2116_NEG,plasma,MTBL,A,17.93863709618516,0.20497135398539434
p250_POS,p250_POS,plasma,MTBL,A,25.179535287934,0.15768548621089984
[Similar to: L-Threonic acid; ΔMass: 67.9747 Da]_NEG,[Similar to: L-Threonic acid; ΔMass: 67.9747 Da]_NEG,plasma,MTBL,A,17.859019287942388,0.10898736595219205
[Similar to: L-Threonic acid; ΔMass: 112.0010 Da]_NEG,[Similar to: L-Threonic acid; ΔMass: 112.0010 Da]_NEG,plasma,MTBL,A,17.394855677862573,0.20572308356256563
n3606_NEG,n3606_NEG,plasma,MTBL,A,12.527510833731938,0.07855830227668292
p5693_POS,p5693_POS,plasma,MTBL,A,11.8975264866757,0.20633566282650406
p1805_POS,p1805_POS,plasma,MTBL,A,16.878148116401118,0.16118276774549223
p700_POS,p700_POS,plasma,MTBL,A,21.170164033521218,0.212706409372851
n1365_NEG,n1365_NEG,plasma,MTBL,A,20.372374461422048,0.15043912847767338
p5408_POS,p5408_POS,plasma,MTBL,A,16.26759482895453,0.1471342035804657
n682_NEG,n682_NEG,plasma,MTBL,A,14.540607255912555,0.0750051307930768
n3565_NEG,n3565_NEG,plasma,MTBL,A,12.134653970548406,0.030145843026770258
p2130_POS,p2130_POS,plasma,MTBL,A,18.47997339585916,0.23366365568566216
p1813_POS,p1813_POS,plasma,MTBL,A,19.380628748592606,0.14850995795320365
1-Methoxy-1H-indole-3-acetonitrile_POS,1-Methoxy-1H-indole-3-acetonitrile_POS,plasma,MTBL,A,15.325260048589223,0.10382298438746229
p944_POS,p944_POS,plasma,MTBL,A,16.584429950826568,0.14747217161644244
p4647_POS,p4647_POS,plasma,MTBL,A,14.424947698478345,0.2527668168376733
p4462_POS,p4462_POS,plasma,MTBL,A,14.16634761257097,0.13394241348344238
p480_POS,p480_POS,plasma,MTBL,A,23.06874969988276,0.23910578639249458
2-(methylthio)-4-(3-pyridyl)pyrimidine_POS,2-(methylthio)-4-(3-pyridyl)pyrimidine_POS,plasma,MTBL,A,23.264360120674056,0.1801643789664098
p2452_POS,p2452_POS,plasma,MTBL,A,18.084683435007882,0.34070486741611283
p839_POS,p839_POS,plasma,MTBL,A,17.87112231823596,0.19210467926000518
p5539_POS,p5539_POS,plasma,MTBL,A,13.281151518066952,0.24758290867913413
p1187_POS,p1187_POS,plasma,MTBL,A,19.368670725162033,0.20002113017109657
p741_POS,p741_POS,plasma,MTBL,A,23.11629153665445,0.25100153857423635
p2300_POS,p2300_POS,plasma,MTBL,A,18.785800038735402,0.2648209679641855
p1920_POS,p1920_POS,plasma,MTBL,A,18.28442160278854,0.175002423511744
p1351_POS,p1351_POS,plasma,MTBL,A,19.313171859019864,0.39331735741660623
p2423_POS,p2423_POS,plasma,MTBL,A,15.686334155047739,0.2543866095409655
p1606_POS,p1606_POS,plasma,MTBL,A,17.819500093144804,0.18469190495999754
Nalidixic Acid_NEG,Nalidixic Acid_NEG,plasma,MTBL,A,12.706617017007876,0.1735473613148315
p4902_POS,p4902_POS,plasma,MTBL,A,14.842415788464429,0.634485104188057
p5773_POS,p5773_POS,plasma,MTBL,A,12.983797184384576,0.08653725606034879
p1859_POS,p1859_POS,plasma,MTBL,A,19.892201522049128,0.2892097650878327
Citrulline_NEG,Citrulline_NEG,plasma,MTBL,A,20.6681150814741,0.33744771626893844
p3205_POS,p3205_POS,plasma,MTBL,A,19.014190140749868,0.1908394397830051
n1356_NEG,n1356_NEG,plasma,MTBL,A,19.668295311465073,0.21888399224988042
Ethyl 4-(2-methoxyphenyl)piperazine-1-carboxylate_POS,Ethyl 4-(2-methoxyphenyl)piperazine-1-carboxylate_POS,plasma,MTBL,A,13.267295202239758,0.1621244108106934
p5097_POS,p5097_POS,plasma,MTBL,A,13.188304058156744,0.22381986620083527
p1491_POS,p1491_POS,plasma,MTBL,A,21.89248069368979,0.238116004555744
p1222_POS,p1222_POS,plasma,MTBL,A,19.737868419978042,0.222817213419372
p3965_POS,p3965_POS,plasma,MTBL,A,18.323156085089614,0.23973071877236762
p1262_POS,p1262_POS,plasma,MTBL,A,14.66676707613354,0.16467268635371202
acutumidine_POS,acutumidine_POS,plasma,MTBL,A,21.36657075352778,0.27797254413752803
p1046_POS,p1046_POS,plasma,MTBL,A,21.005612208360965,0.20887972628413998
n2058_NEG,n2058_NEG,plasma,MTBL,A,19.064941447781504,0.1496194843863563
n3217_NEG,n3217_NEG,plasma,MTBL,A,16.473613340567784,0.25167388054440565
p2965_POS,p2965_POS,plasma,MTBL,A,12.94231147478292,0.23666458673511492
n3391_NEG,n3391_NEG,plasma,MTBL,A,14.242986571987089,0.05791069124005066
n2492_NEG,n2492_NEG,plasma,MTBL,A,18.043333935120415,0.1490185668838997
n3887_NEG,n3887_NEG,plasma,MTBL,A,10.399240612706631,0.06349888185917685
n3575_NEG,n3575_NEG,plasma,MTBL,A,15.884511864533764,0.2550894130635344
p1208_POS,p1208_POS,plasma,MTBL,A,20.928229989718975,0.1289471480715445
p5170_POS,p5170_POS,plasma,MTBL,A,12.923631808892727,0.21499045464863453
p2652_POS,p2652_POS,plasma,MTBL,A,15.108129328031847,0.17688448108161836
p1657_POS,p1657_POS,plasma,MTBL,A,21.680597725441388,0.12776062438171465
p965_POS,p965_POS,plasma,MTBL,A,22.76607170568625,0.19443643266474098
p5372_POS,p5372_POS,plasma,MTBL,A,15.701724158681383,0.12058537181374618
(S)-3-[(Cyanophenylmethyl)amino]-3-oxopropanoic acid_POS,(S)-3-[(Cyanophenylmethyl)amino]-3-oxopropanoic acid_POS,plasma,MTBL,A,23.48723631223583,0.17759075686893588
p1277_POS,p1277_POS,plasma,MTBL,A,21.23913238804647,0.19975489475812758
p2870_POS,p2870_POS,plasma,MTBL,A,16.383046838204585,0.11440626778872698
p2198_POS,p2198_POS,plasma,MTBL,A,16.253764672623447,0.17217344766578968
n3140_NEG,n3140_NEG,plasma,MTBL,A,13.305765706934736,0.10477763257572992
p206_POS,p206_POS,plasma,MTBL,A,25.37480226341277,0.15313622304083196
p2791_POS,p2791_POS,plasma,MTBL,A,15.343410290924478,0.161564244011692
p3799_POS,p3799_POS,plasma,MTBL,A,13.062706285664664,0.037037748999204645
p2311_POS,p2311_POS,plasma,MTBL,A,14.204654695315275,0.23913766988656793
p4541_POS,p4541_POS,plasma,MTBL,A,12.361295841581235,0.13898062373721132
p4254_POS,p4254_POS,plasma,MTBL,A,12.365807996995873,0.12383979840006187
p1422_POS,p1422_POS,plasma,MTBL,A,21.138647356492335,0.2985874374442048
n3175_NEG,n3175_NEG,plasma,MTBL,A,12.083942229074252,0.029198974829236057
p3817_POS,p3817_POS,plasma,MTBL,A,14.63912699608627,0.11358486656447653
p5660_POS,p5660_POS,plasma,MTBL,A,10.791108235445723,0.12405711707173861
N-Cyclohexyltaurine_POS,N-Cyclohexyltaurine_POS,plasma,MTBL,A,13.220709482285345,0.036612107360913804
p3972_POS,p3972_POS,plasma,MTBL,A,16.30646594318125,0.18447396898710622
p1224_POS,p1224_POS,plasma,MTBL,A,21.51961866733881,0.20397442795816545
n1512_NEG,n1512_NEG,plasma,MTBL,A,20.1885625670752,0.12606284319687333
p1865_POS,p1865_POS,plasma,MTBL,A,19.855307132648235,0.18997541849929256
p5644_POS,p5644_POS,plasma,MTBL,A,13.329585549183879,0.28017135856550546
n1785_NEG,n1785_NEG,plasma,MTBL,A,18.494874691897223,0.2565162827173868
p1272_POS,p1272_POS,plasma,MTBL,A,22.27921972036193,0.21182561397652577
p3352_POS,p3352_POS,plasma,MTBL,A,18.87495762290309,0.1357828200219391
p2699_POS,p2699_POS,plasma,MTBL,A,15.900511792795406,0.41716656383464557
2-(Dimethylamino)acetonitrile_POS,2-(Dimethylamino)acetonitrile_POS,plasma,MTBL,A,23.04693106938022,0.20881156534314904
p2618_POS,p2618_POS,plasma,MTBL,A,12.592461942356415,0.4665145978244878
p5608_POS,p5608_POS,plasma,MTBL,A,12.96228121367543,0.1299987882665219
p1649_POS,p1649_POS,plasma,MTBL,A,19.6964314245205,0.22933498034346655
p3551_POS,p3551_POS,plasma,MTBL,A,17.884184935148788,0.22948406950855826
n3608_NEG,n3608_NEG,plasma,MTBL,A,9.887621297700417,0.12363693652544594
p504_POS,p504_POS,plasma,MTBL,A,22.224177320526163,0.2577758893961075
p2502_POS,p2502_POS,plasma,MTBL,A,20.285090712192826,0.27537928873196016
p4630_POS,p4630_POS,plasma,MTBL,A,18.755624020979766,0.2816368735321966
p2205_POS,p2205_POS,plasma,MTBL,A,17.488184921163956,0.6329823694968351
NP-003117_POS,NP-003117_POS,plasma,MTBL,A,14.715765171153638,0.15561226979785836
p532_POS,p532_POS,plasma,MTBL,A,17.432161560634437,0.12172565622035769
p4990_POS,p4990_POS,plasma,MTBL,A,14.564908102556082,0.295257623573038
p1460_POS,p1460_POS,plasma,MTBL,A,21.067785834289296,0.1982579228654089
p4605_POS,p4605_POS,plasma,MTBL,A,13.416489850014406,0.11719205519937059
2-Octenoic acid_POS,2-Octenoic acid_POS,plasma,MTBL,A,15.703538580606839,0.457337056191089
n2407_NEG,n2407_NEG,plasma,MTBL,A,18.370600541909138,0.15763357438032521
n1763_NEG,n1763_NEG,plasma,MTBL,A,15.076185185475705,0.22875925608013592
p3541_POS,p3541_POS,plasma,MTBL,A,16.08272114049388,0.2146349501602698
p4237_POS,p4237_POS,plasma,MTBL,A,15.250855436038911,0.32379548176327066
n3795_NEG,n3795_NEG,plasma,MTBL,A,13.511232645299522,0.3478070265047437
p1211_POS,p1211_POS,plasma,MTBL,A,20.916646482603575,0.12225617302120106
Cladospolide E_POS,Cladospolide E_POS,plasma,MTBL,A,14.388492091201025,0.854004605667332
n1340_NEG,n1340_NEG,plasma,MTBL,A,20.99186016851703,0.09105069982641467
Dibenzylamine_POS,Dibenzylamine_POS,plasma,MTBL,A,19.08537243657392,0.213429689460801
p1706_POS,p1706_POS,plasma,MTBL,A,21.55091316040587,0.16909769344678338
p325_POS,p325_POS,plasma,MTBL,A,23.871210410823895,0.2744553631679203
p3307_POS,p3307_POS,plasma,MTBL,A,15.758451050333385,0.1455368393000711
p789_POS,p789_POS,plasma,MTBL,A,20.441344392682346,0.09865703579735907
p3126_POS,p3126_POS,plasma,MTBL,A,18.69301075446128,0.2209811326455302
p832_POS,p832_POS,plasma,MTBL,A,23.12886362521209,0.24077932401035085
n3679_NEG,n3679_NEG,plasma,MTBL,A,14.136434480476105,0.29113194357548977
p1695_POS,p1695_POS,plasma,MTBL,A,13.321262921227593,0.056581419675839406
n2026_NEG,n2026_NEG,plasma,MTBL,A,18.805871555858943,0.10922849134147938
p2322_POS,p2322_POS,plasma,MTBL,A,18.78514939134481,0.5650323247781621
p1333_POS,p1333_POS,plasma,MTBL,A,15.282418240775844,0.09544367341536475
p3580_POS,p3580_POS,plasma,MTBL,A,18.757739161206636,0.27493008343596514
p4443_POS,p4443_POS,plasma,MTBL,A,13.107084478447693,0.21608260373763777
p3584_POS,p3584_POS,plasma,MTBL,A,15.968971517725421,0.09551609493218916
p5645_POS,p5645_POS,plasma,MTBL,A,13.162561975152558,0.26355010319797056
Geranylpyrrol A_POS,Geranylpyrrol A_POS,plasma,MTBL,A,13.212943899383047,0.11875567112775443
p1023_POS,p1023_POS,plasma,MTBL,A,22.58899088754638,0.18038805652054712
p3036_POS,p3036_POS,plasma,MTBL,A,18.881472316742652,0.22497452648640248
p5794_POS,p5794_POS,plasma,MTBL,A,10.90463497962854,0.12114705720393903
p3203_POS,p3203_POS,plasma,MTBL,A,18.378977885309993,0.6041561073251671
p3318_POS,p3318_POS,plasma,MTBL,A,12.164942519816833,0.10458495574963056
cis-Acetylacrylate_NEG,cis-Acetylacrylate_NEG,plasma,MTBL,A,23.325001511186137,0.139455934491167
p2698_POS,p2698_POS,plasma,MTBL,A,15.895935312280423,0.3904507595534401
n1452_NEG,n1452_NEG,plasma,MTBL,A,17.139648082415867,0.04955270198198214
p1748_POS,p1748_POS,plasma,MTBL,A,20.049699868521664,0.2191428016299657
"3-Hydroxyadipic acid 3,6-lactone_POS","3-Hydroxyadipic acid 3,6-lactone_POS",plasma,MTBL,A,21.686274715305906,0.26150278421861906
p4693_POS,p4693_POS,plasma,MTBL,A,14.75069309269847,0.15852443894966672
p649_POS,p649_POS,plasma,MTBL,A,22.839866827758836,0.2709811371769604
p4870_POS,p4870_POS,plasma,MTBL,A,14.371413549093397,0.26125122418500535
n1683_NEG,n1683_NEG,plasma,MTBL,A,14.27444171421935,0.10792266285946717
p198_POS,p198_POS,plasma,MTBL,A,25.656604432727065,0.1331701293147809
2-Imidazolidone_POS,2-Imidazolidone_POS,plasma,MTBL,A,17.789205233296723,0.3577720507544697
n3500_NEG,n3500_NEG,plasma,MTBL,A,12.38765406172342,0.026954685828155966
p1464_POS,p1464_POS,plasma,MTBL,A,20.867796519585827,0.19937810376656273
Poly THF n4_POS,Poly THF n4_POS,plasma,MTBL,A,12.770390590592292,0.10648120826003549
n1686_NEG,n1686_NEG,plasma,MTBL,A,18.714816984819123,0.2357734360183681
p241_POS,p241_POS,plasma,MTBL,A,24.37016410928439,0.14749345621758536
p359_POS,p359_POS,plasma,MTBL,A,23.56273181192153,0.2889808334780728
p4402_POS,p4402_POS,plasma,MTBL,A,14.255311233154412,0.14763759259353115
n3728_NEG,n3728_NEG,plasma,MTBL,A,11.415074177710515,0.02880274557753193
p4570_POS,p4570_POS,plasma,MTBL,A,15.52686020268694,0.23878425666494962
p1966_POS,p1966_POS,plasma,MTBL,A,17.592971490947235,0.27553704242934884
p1852_POS,p1852_POS,plasma,MTBL,A,16.880910994425165,0.13207541781503274
p3367_POS,p3367_POS,plasma,MTBL,A,18.67362677804527,0.2945512741308338
p2623_POS,p2623_POS,plasma,MTBL,A,12.311562534273502,0.0740094598677059
p5177_POS,p5177_POS,plasma,MTBL,A,12.39162944464628,0.36025611419632053
"1,3,11-Tridecatriene-5,7,9-triyne_POS","1,3,11-Tridecatriene-5,7,9-triyne_POS",plasma,MTBL,A,13.036035814197625,0.12221119821405857
n3668_NEG,n3668_NEG,plasma,MTBL,A,11.998934330155016,0.10127955792372934
p4005_POS,p4005_POS,plasma,MTBL,A,13.52081336706399,0.038382953743778536
n1194_NEG,n1194_NEG,plasma,MTBL,A,20.184361875935465,0.1310749929782542
p961_POS,p961_POS,plasma,MTBL,A,20.64769533951224,0.21276043405264566
2-Methoxy-N-[2-(4-sulfamoylphenyl)ethyl]benzamide_NEG,2-Methoxy-N-[2-(4-sulfamoylphenyl)ethyl]benzamide_NEG,plasma,MTBL,A,15.49397837830952,0.07807401804875624
n3714_NEG,n3714_NEG,plasma,MTBL,A,11.822218937094169,0.1830140489519474
p2708_POS,p2708_POS,plasma,MTBL,A,20.427892048122,0.17307381693099266
p4677_POS,p4677_POS,plasma,MTBL,A,15.707182819463325,0.3261160197272108
p5101_POS,p5101_POS,plasma,MTBL,A,10.929334740205308,0.13231313209673878
n2297_NEG,n2297_NEG,plasma,MTBL,A,14.875297131646533,0.08618463301331314
Trifluoroacetic acid_NEG,Trifluoroacetic acid_NEG,plasma,MTBL,A,27.570168514801832,0.09471116340484187
p3916_POS,p3916_POS,plasma,MTBL,A,12.400451773321592,0.20429123151785422
n588_NEG,n588_NEG,plasma,MTBL,A,19.58089559126014,0.2489694783653249
n2521_NEG,n2521_NEG,plasma,MTBL,A,16.98508453241964,0.20288763316420955
n2943_NEG,n2943_NEG,plasma,MTBL,A,16.375952608269756,0.24063730651378812
p5039_POS,p5039_POS,plasma,MTBL,A,13.667110039415753,0.22702947575114152
p2169_POS,p2169_POS,plasma,MTBL,A,20.102602987525277,0.17413693143019593
p3194_POS,p3194_POS,plasma,MTBL,A,18.8391142723872,0.26078719188306465
p290_POS,p290_POS,plasma,MTBL,A,20.79431974551823,0.2540906934463276
4-(Glutamylamino) butanoate_POS,4-(Glutamylamino) butanoate_POS,plasma,MTBL,A,13.224623403776226,0.038382953743778536
n694_NEG,n694_NEG,plasma,MTBL,A,20.80367294822817,0.11276627261454841
p1667_POS,p1667_POS,plasma,MTBL,A,16.905807752740074,0.24358254652058697
n3741_NEG,n3741_NEG,plasma,MTBL,A,13.04407609094676,0.1201556444441696
methadone-d9_NEG,methadone-d9_NEG,plasma,MTBL,A,26.086661925614575,0.09161577944758115
p2672_POS,p2672_POS,plasma,MTBL,A,17.627150580653364,0.08466930112227189
n1195_NEG,n1195_NEG,plasma,MTBL,A,20.819945144813985,0.1619900962707863
"2-Isopropyl-3,5-dimethoxy-6-methylpyrazine_POS","2-Isopropyl-3,5-dimethoxy-6-methylpyrazine_POS",plasma,MTBL,A,17.256673341226993,0.07338863533380291
beta-Alanine_POS,beta-Alanine_POS,plasma,MTBL,A,25.197523964557284,0.28397736353949554
p4265_POS,p4265_POS,plasma,MTBL,A,13.219405070231488,0.1103314175379122
n247_NEG,n247_NEG,plasma,MTBL,A,20.608034649832682,0.17170205828167617
n2504_NEG,n2504_NEG,plasma,MTBL,A,16.540033485922258,0.05355088492798821
p4522_POS,p4522_POS,plasma,MTBL,A,17.895830178930417,0.21211121153473833
Cyclo(phenylalanyl-prolyl)_POS,Cyclo(phenylalanyl-prolyl)_POS,plasma,MTBL,A,13.877534515599017,0.26091664361263867
"1-[2-(2,5-Dimethyl-1H-pyrrol-1-yl)-4-nitrophenyl]-4-(methylsulfonyl)piperazine_POS","1-[2-(2,5-Dimethyl-1H-pyrrol-1-yl)-4-nitrophenyl]-4-(methylsulfonyl)piperazine_POS",plasma,MTBL,A,12.937704590621422,0.14974364054342182
p2632_POS,p2632_POS,plasma,MTBL,A,14.78344065987207,0.16517104066476396
Acetazolamide_NEG,Acetazolamide_NEG,plasma,MTBL,A,12.405803106787797,0.07487497239726171
n1650_NEG,n1650_NEG,plasma,MTBL,A,19.694624824786217,0.20368652914337027
n3479_NEG,n3479_NEG,plasma,MTBL,A,12.176757668974997,0.02889430195039644
p5123_POS,p5123_POS,plasma,MTBL,A,13.409972502410891,0.10636990979154337
p2072_POS,p2072_POS,plasma,MTBL,A,18.573913588675786,0.260129079303276
p5658_POS,p5658_POS,plasma,MTBL,A,12.594461562495562,0.14185066574424177
n3750_NEG,n3750_NEG,plasma,MTBL,A,12.47537484625812,0.11146667388687082
Pyrogallol_NEG,Pyrogallol_NEG,plasma,MTBL,A,22.010309902218633,0.20512824790357698
p4130_POS,p4130_POS,plasma,MTBL,A,13.278387079843057,0.07452766585727755
n2020_NEG,n2020_NEG,plasma,MTBL,A,19.15153256875999,0.342174834381721
n3016_NEG,n3016_NEG,plasma,MTBL,A,15.809088674443204,0.18302981942026086
3-(dimethylamino)-1-(2-pyridyl)prop-2-en-1-one_POS,3-(dimethylamino)-1-(2-pyridyl)prop-2-en-1-one_POS,plasma,MTBL,A,14.89503924089481,0.08518545705466085
p2119_POS,p2119_POS,plasma,MTBL,A,19.013342037715233,0.11736434279117702
3-[2-Carboxyprop-1-enyl(ethoxycarbonyl)amino]-2-methylprop-2-enoic acid_POS,3-[2-Carboxyprop-1-enyl(ethoxycarbonyl)amino]-2-methylprop-2-enoic acid_POS,plasma,MTBL,A,11.557842360246237,0.0377046496535538
p5637_POS,p5637_POS,plasma,MTBL,A,12.655570863180145,0.09541121464958913
n3876_NEG,n3876_NEG,plasma,MTBL,A,9.984383308768061,0.028374986591954254
n3466_NEG,n3466_NEG,plasma,MTBL,A,14.90510662512872,0.1828046948523605
p5321_POS,p5321_POS,plasma,MTBL,A,13.273090231532432,0.1228967729928856
p2314_POS,p2314_POS,plasma,MTBL,A,18.345915809776468,0.36588475426823663
p3024_POS,p3024_POS,plasma,MTBL,A,13.523918145767553,0.10879630914183291
p2059_POS,p2059_POS,plasma,MTBL,A,14.023387627771632,0.5602135175769591
Allopurinol_NEG,Allopurinol_NEG,plasma,MTBL,A,22.62361322961192,0.2641502265917648
n3918_NEG,n3918_NEG,plasma,MTBL,A,8.53551093333738,0.040959255563643104
Xylactam_POS,Xylactam_POS,plasma,MTBL,A,12.707775876120413,0.17415137719602658
n525_NEG,n525_NEG,plasma,MTBL,A,19.873647878825444,0.27808681128646207
p3233_POS,p3233_POS,plasma,MTBL,A,18.60287703549729,0.22621386992188164
p3368_POS,p3368_POS,plasma,MTBL,A,15.874344547910978,0.22457641669113748
p3202_POS,p3202_POS,plasma,MTBL,A,18.55592375126684,0.2278891044875344
p4359_POS,p4359_POS,plasma,MTBL,A,18.364229842114277,0.27269868050352386
"4-Azaspiro[bicyclo[2.2.2]octane-2,2'-[1,4]oxazolidine]-5'-one_POS","4-Azaspiro[bicyclo[2.2.2]octane-2,2'-[1,4]oxazolidine]-5'-one_POS",plasma,MTBL,A,15.995647788464844,0.4663777940628364
Butyric acid_POS,Butyric acid_POS,plasma,MTBL,A,22.555563295265156,0.1428964114057365
p3548_POS,p3548_POS,plasma,MTBL,A,13.083390445706415,0.05680990148007936
3-Hydroxymethylglutaric acid_POS,3-Hydroxymethylglutaric acid_POS,plasma,MTBL,A,21.438467067804865,0.2248926572384633
p5087_POS,p5087_POS,plasma,MTBL,A,16.53096523468194,0.3349386973807711
p2681_POS,p2681_POS,plasma,MTBL,A,20.06424162930194,0.24803183421505004
p2701_POS,p2701_POS,plasma,MTBL,A,16.67221736473528,0.32082177546146085
p3672_POS,p3672_POS,plasma,MTBL,A,13.102167805610847,0.16844099616183072
n524_NEG,n524_NEG,plasma,MTBL,A,19.817320679532315,0.2326200709479398
p519_POS,p519_POS,plasma,MTBL,A,21.000308355187364,0.2609730326984163
p4331_POS,p4331_POS,plasma,MTBL,A,18.639788539822433,0.3088234616606105
p5360_POS,p5360_POS,plasma,MTBL,A,16.470122785541058,0.2143333914091876
n536_NEG,n536_NEG,plasma,MTBL,A,22.673460247619694,0.10391920725835035
n867_NEG,n867_NEG,plasma,MTBL,A,15.322683244333204,0.05247998816749533
p3828_POS,p3828_POS,plasma,MTBL,A,15.479206201545043,0.25948821218139884
n3168_NEG,n3168_NEG,plasma,MTBL,A,10.327170639721555,0.03157845837809781
n3689_NEG,n3689_NEG,plasma,MTBL,A,9.127170299718136,0.0565157025418932
p242_POS,p242_POS,plasma,MTBL,A,25.736477728563003,0.16297482949040543
p4763_POS,p4763_POS,plasma,MTBL,A,15.299452277100116,0.15395816137737306
p1674_POS,p1674_POS,plasma,MTBL,A,19.79729769187832,0.212996946698496
p1045_POS,p1045_POS,plasma,MTBL,A,21.006553798334245,0.2120167811503837
n1262_NEG,n1262_NEG,plasma,MTBL,A,20.931158969273824,0.16358742517248714
p1696_POS,p1696_POS,plasma,MTBL,A,18.923942764882,0.1527145034808921
L-(+)-Citrulline_POS,L-(+)-Citrulline_POS,plasma,MTBL,A,22.5681928269925,0.28558420034714516
p607_POS,p607_POS,plasma,MTBL,A,19.922294678104933,0.2575556350688135
p1906_POS,p1906_POS,plasma,MTBL,A,18.291336791230556,0.17060127940058045
p4067_POS,p4067_POS,plasma,MTBL,A,15.113792914544458,0.19058265964027932
p3783_POS,p3783_POS,plasma,MTBL,A,14.986642885225544,0.10302121537202158
p3077_POS,p3077_POS,plasma,MTBL,A,19.108810038111734,0.2837841832165928
p2928_POS,p2928_POS,plasma,MTBL,A,18.605328395040836,0.11047401996623307
n2474_NEG,n2474_NEG,plasma,MTBL,A,13.32070237109086,0.06362322130904197
n2712_NEG,n2712_NEG,plasma,MTBL,A,12.728630646818807,0.12195700261291886
n1985_NEG,n1985_NEG,plasma,MTBL,A,19.92364022229818,0.0903843476664914
p3435_POS,p3435_POS,plasma,MTBL,A,16.624270273948866,0.14754171340758937
n1370_NEG,n1370_NEG,plasma,MTBL,A,18.383616053986266,0.4938462132970791
p821_POS,p821_POS,plasma,MTBL,A,18.770194872699896,0.1734044798354173
n2037_NEG,n2037_NEG,plasma,MTBL,A,17.218003330690383,0.3115219355879404
"5,6-Dihydroxyindole_POS","5,6-Dihydroxyindole_POS",plasma,MTBL,A,12.487702225904812,0.13213512633067914
p5558_POS,p5558_POS,plasma,MTBL,A,11.5963516061458,0.12508540983176264
n623_NEG,n623_NEG,plasma,MTBL,A,22.536176724119258,0.11977255594457148
p4217_POS,p4217_POS,plasma,MTBL,A,14.659403653679096,0.20392002895801742
p61_POS,p61_POS,plasma,MTBL,A,26.370967230361423,0.1491439737802036
p4379_POS,p4379_POS,plasma,MTBL,A,17.931028683533135,0.2586095135701214
p515_POS,p515_POS,plasma,MTBL,A,24.557540080899187,0.09270544977288431
n1546_NEG,n1546_NEG,plasma,MTBL,A,19.028051699770927,0.1462349608889486
Buflomedil_POS,Buflomedil_POS,plasma,MTBL,A,13.190866985461739,0.17678060762556846
Ethyl beta-D-glucopyranoside_POS,Ethyl beta-D-glucopyranoside_POS,plasma,MTBL,A,17.921121070727413,0.18758675380823142
p1664_POS,p1664_POS,plasma,MTBL,A,21.986656495050667,0.1619434776368891
n3911_NEG,n3911_NEG,plasma,MTBL,A,9.114645135849425,0.04147404216470729
n2806_NEG,n2806_NEG,plasma,MTBL,A,18.106910510659052,0.18057416999898557
Tetrahydrofuran_POS,Tetrahydrofuran_POS,plasma,MTBL,A,16.503016240258873,0.5230291342339433
p3621_POS,p3621_POS,plasma,MTBL,A,14.44873854992177,1.2218429608895587
p1183_POS,p1183_POS,plasma,MTBL,A,13.334810002891313,0.055599514136989825
p1574_POS,p1574_POS,plasma,MTBL,A,20.87096233400733,0.2069276864984122
p237_POS,p237_POS,plasma,MTBL,A,25.743543220218292,0.16655618690484708
Medazepam_POS,Medazepam_POS,plasma,MTBL,A,13.723611558093847,0.09246363923533707
p5086_POS,p5086_POS,plasma,MTBL,A,14.263169539574788,0.25814541728604645
p2399_POS,p2399_POS,plasma,MTBL,A,19.862258118061916,0.188615996004188
n85_NEG,n85_NEG,plasma,MTBL,A,26.42131292826706,0.09381990784834748
n2041_NEG,n2041_NEG,plasma,MTBL,A,18.795276461446026,0.21455865478462677
IL-1R Antagonist_POS,IL-1R Antagonist_POS,plasma,MTBL,A,13.244244029175036,0.21369415730129493
n3337_NEG,n3337_NEG,plasma,MTBL,A,14.769573840200087,0.3039874733941206
Citalopram hydrobromide_POS,Citalopram hydrobromide_POS,plasma,MTBL,A,15.975027625483937,0.1830384486187766
Methamphetamine_POS,Methamphetamine_POS,plasma,MTBL,A,16.3270812067777,0.20275935704363057
Methadone_POS,Methadone_POS,plasma,MTBL,A,12.016686790939353,0.15959654712673288
Alanylserine_POS,Alanylserine_POS,plasma,MTBL,A,18.548188754964723,0.1844480732142877
p544_POS,p544_POS,plasma,MTBL,A,22.909541825296117,0.2508485575715973
p1505_POS,p1505_POS,plasma,MTBL,A,20.217177413936206,0.24018170455768306
n3675_NEG,n3675_NEG,plasma,MTBL,A,11.463668569577397,0.09680956472272051
"3,4-Dihydroxybenzylamine_POS","3,4-Dihydroxybenzylamine_POS",plasma,MTBL,A,17.293423582992858,0.20104444858571036
Erythrohydrobupropion_POS,Erythrohydrobupropion_POS,plasma,MTBL,A,13.623397222701309,0.14618742100533932
1-Phenyl-1H-pyrazole_POS,1-Phenyl-1H-pyrazole_POS,plasma,MTBL,A,20.569563336719845,0.20649320135691696
p5502_POS,p5502_POS,plasma,MTBL,A,12.810967388970187,0.16336870700278272
p4093_POS,p4093_POS,plasma,MTBL,A,17.4672121629077,0.3564665671317311
2-Aminoacrylic acid_POS,2-Aminoacrylic acid_POS,plasma,MTBL,A,19.933696632495604,0.3369143384170865
p3589_POS,p3589_POS,plasma,MTBL,A,13.76941357430621,0.1798232759038756
Acetaminophen glucuronide_POS,Acetaminophen glucuronide_POS,plasma,MTBL,A,15.86596639418334,0.19352515136709947
"1,1-Dichloroacetone_POS","1,1-Dichloroacetone_POS",plasma,MTBL,A,19.1195419400186,0.14958946262798456
n2527_NEG,n2527_NEG,plasma,MTBL,A,15.105826949023026,0.42066282801951704
p4238_POS,p4238_POS,plasma,MTBL,A,13.854925266164706,0.26068587906808816
p3175_POS,p3175_POS,plasma,MTBL,A,18.59011752255158,0.2597103697065908
n1609_NEG,n1609_NEG,plasma,MTBL,A,19.406123526187073,0.20495762617521152
Allyl 2-(1H-benzimidazol-2-yl)-2-cyano-N-phenylethanimidothioate_POS,Allyl 2-(1H-benzimidazol-2-yl)-2-cyano-N-phenylethanimidothioate_POS,plasma,MTBL,A,13.782649171437834,0.23484618239756117
D-(-)-Ribose_NEG,D-(-)-Ribose_NEG,plasma,MTBL,A,20.475387210172805,0.16645788781141668
p1623_POS,p1623_POS,plasma,MTBL,A,15.946005399954096,0.3942077112689768
p994_POS,p994_POS,plasma,MTBL,A,19.546340644650066,0.2630367669988942
L-beta-aspartyl-L-glycine_POS,L-beta-aspartyl-L-glycine_POS,plasma,MTBL,A,17.75880978953088,0.2982331765287274
p1768_POS,p1768_POS,plasma,MTBL,A,21.548095510678742,0.18360382812783804
Terretrione A_POS,Terretrione A_POS,plasma,MTBL,A,12.99833155109529,0.12803534801475358
p4459_POS,p4459_POS,plasma,MTBL,A,17.64127412971793,0.20736858176153206
p3844_POS,p3844_POS,plasma,MTBL,A,17.83031544194916,0.28619213211744743
p1559_POS,p1559_POS,plasma,MTBL,A,21.173705891977313,0.24950252147846008
n819_NEG,n819_NEG,plasma,MTBL,A,21.413609850946727,0.17705163078625574
n2559_NEG,n2559_NEG,plasma,MTBL,A,17.880025168297024,0.2718228179160782
p954_POS,p954_POS,plasma,MTBL,A,20.78988835905783,0.22631954479496663
Cotinine_POS,Cotinine_POS,plasma,MTBL,A,14.797098559791275,0.27341924787439265
N'-Formylkynurenine_POS,N'-Formylkynurenine_POS,plasma,MTBL,A,21.197790383914217,0.20307647041524568
p1486_POS,p1486_POS,plasma,MTBL,A,15.992034194995401,0.1495368376739421
p5718_POS,p5718_POS,plasma,MTBL,A,11.653921243255198,0.19846339436078608
p1633_POS,p1633_POS,plasma,MTBL,A,20.71771846040358,0.21198496337087214
n296_NEG,n296_NEG,plasma,MTBL,A,23.62743364464352,0.1474067837228148
p2312_POS,p2312_POS,plasma,MTBL,A,18.30896858730443,0.3665504907783852
Paecilaminol_POS,Paecilaminol_POS,plasma,MTBL,A,15.501831170606721,0.2435125187611309
p1457_POS,p1457_POS,plasma,MTBL,A,21.417130879844674,0.21325848331729347
p3161_POS,p3161_POS,plasma,MTBL,A,18.375732868816456,0.16272678224187764
p3017_POS,p3017_POS,plasma,MTBL,A,12.42032604912208,0.14696141869967505
p747_POS,p747_POS,plasma,MTBL,A,21.7421695320126,0.20784256887763064
p2247_POS,p2247_POS,plasma,MTBL,A,14.123740836853365,0.20388061267276925
n3180_NEG,n3180_NEG,plasma,MTBL,A,13.40709410869278,0.09445503846351677
n1758_NEG,n1758_NEG,plasma,MTBL,A,19.314317686890604,0.20734727180670554
n526_NEG,n526_NEG,plasma,MTBL,A,20.254682196423737,0.22863928327063654
p1629_POS,p1629_POS,plasma,MTBL,A,14.140270713727222,0.23787447538332174
p4475_POS,p4475_POS,plasma,MTBL,A,12.876649441243272,0.04653384059156007
p5390_POS,p5390_POS,plasma,MTBL,A,12.514234551798328,0.10648120826003549
p4981_POS,p4981_POS,plasma,MTBL,A,12.90523154964961,0.06140310334403498
Cytidine monophosphate_POS,Cytidine monophosphate_POS,plasma,MTBL,A,15.13424682916298,0.23881586971359958
p1296_POS,p1296_POS,plasma,MTBL,A,21.774663223724804,0.3828176409806723
n3700_NEG,n3700_NEG,plasma,MTBL,A,10.961712890277903,0.06472512277426823
p1282_POS,p1282_POS,plasma,MTBL,A,22.27934478968534,0.21161771641624938
p3839_POS,p3839_POS,plasma,MTBL,A,13.64860680071417,0.14220516744805778
p1520_POS,p1520_POS,plasma,MTBL,A,19.47211559072581,0.26446657565989007
p2426_POS,p2426_POS,plasma,MTBL,A,15.67298600524611,0.19180341765639408
p3843_POS,p3843_POS,plasma,MTBL,A,13.073205427870112,0.14807178211744354
NP-022451_POS,NP-022451_POS,plasma,MTBL,A,18.613088174183076,0.48666980799524495
p4556_POS,p4556_POS,plasma,MTBL,A,12.240072642052162,0.11419556032206479
p2180_POS,p2180_POS,plasma,MTBL,A,20.829894315382305,0.2012708567770023
n3298_NEG,n3298_NEG,plasma,MTBL,A,12.78644087187884,0.030090027351403315
p4753_POS,p4753_POS,plasma,MTBL,A,13.599782986533096,0.06247972096868182
L-Pyroglutamic acid_POS,L-Pyroglutamic acid_POS,plasma,MTBL,A,25.860137291239845,0.19124390221366205
n844_NEG,n844_NEG,plasma,MTBL,A,21.70458232443173,0.09888112337161026
p526_POS,p526_POS,plasma,MTBL,A,17.93223153549015,0.7555303779990652
p1290_POS,p1290_POS,plasma,MTBL,A,21.05756487224611,0.17102976708024364
p4948_POS,p4948_POS,plasma,MTBL,A,15.680863599828035,0.16914972230145953
p3583_POS,p3583_POS,plasma,MTBL,A,15.954684902892721,0.156215030040733
p5758_POS,p5758_POS,plasma,MTBL,A,12.127262653695126,0.1387512142583729
p948_POS,p948_POS,plasma,MTBL,A,15.649826924752489,0.34214429322287554
L-Erythrulose_NEG,L-Erythrulose_NEG,plasma,MTBL,A,23.945432543850192,0.148274409926767
p1648_POS,p1648_POS,plasma,MTBL,A,21.960740085479507,0.1492294685374631
n2164_NEG,n2164_NEG,plasma,MTBL,A,14.845202078618291,0.2733754641402415
2-Pyridylacetic acid_POS,2-Pyridylacetic acid_POS,plasma,MTBL,A,13.045138054148742,0.19931847528892632
p952_POS,p952_POS,plasma,MTBL,A,15.43328216297785,0.10489174069910501
n915_NEG,n915_NEG,plasma,MTBL,A,19.618255529576565,0.1386608469590982
p2926_POS,p2926_POS,plasma,MTBL,A,18.475795468769658,0.1735575825401412
p3614_POS,p3614_POS,plasma,MTBL,A,13.587360306755512,0.1033999662396674
p1006_POS,p1006_POS,plasma,MTBL,A,20.56018206835317,0.19011957558847215
α-Lactose_POS,α-Lactose_POS,plasma,MTBL,A,13.312737712479976,0.9505464308243496
thiol-maleimide_POS,thiol-maleimide_POS,plasma,MTBL,A,13.783568275520352,0.20126097743849414
p1325_POS,p1325_POS,plasma,MTBL,A,20.57143738826103,0.22512944782037358
p1541_POS,p1541_POS,plasma,MTBL,A,19.59524179305511,0.22016975123577254
p5784_POS,p5784_POS,plasma,MTBL,A,12.614350166437966,0.06027573016083565
p5183_POS,p5183_POS,plasma,MTBL,A,12.749803305027296,0.24420636192327727
p389_POS,p389_POS,plasma,MTBL,A,22.67047358743138,0.21275858497711297
Guanidoacetic acid_POS,Guanidoacetic acid_POS,plasma,MTBL,A,18.55690126612977,0.3360594247622579
p3244_POS,p3244_POS,plasma,MTBL,A,15.765359809708187,0.1456748637311973
p3820_POS,p3820_POS,plasma,MTBL,A,12.912155773878244,0.13300594842940683
p2817_POS,p2817_POS,plasma,MTBL,A,18.78091648358128,0.18192585730516164
p304_POS,p304_POS,plasma,MTBL,A,22.041159348640058,0.214580423000859
n2563_NEG,n2563_NEG,plasma,MTBL,A,16.93033704180507,0.3725366680178155
"(2R*,3R*)-1,2,3-Butanetriol_POS","(2R*,3R*)-1,2,3-Butanetriol_POS",plasma,MTBL,A,19.96123241406501,0.1260994450463393
p4918_POS,p4918_POS,plasma,MTBL,A,15.585624822972932,0.11353446004496526
Cyclic AMP_NEG,Cyclic AMP_NEG,plasma,MTBL,A,14.320297067558473,0.28672101648118886
n3121_NEG,n3121_NEG,plasma,MTBL,A,14.380963146396923,0.15942780139149715
p2553_POS,p2553_POS,plasma,MTBL,A,17.55508408177485,0.35506612677926697
n3766_NEG,n3766_NEG,plasma,MTBL,A,11.194009823122613,0.02907439305311499
p191_POS,p191_POS,plasma,MTBL,A,22.45027030241315,0.15014567674949397
D-Raffinose_POS,D-Raffinose_POS,plasma,MTBL,A,14.540612386804604,0.6911494396428441
Aspartame_POS,Aspartame_POS,plasma,MTBL,A,16.025246679228317,0.18908821221309502
p924_POS,p924_POS,plasma,MTBL,A,20.79110924900546,0.1511968894979283
NP-008998_POS,NP-008998_POS,plasma,MTBL,A,14.780832255338895,0.10684699782647122
p3321_POS,p3321_POS,plasma,MTBL,A,14.418252870037417,0.21515953836312107
n83_NEG,n83_NEG,plasma,MTBL,A,24.19018655755572,0.06891438101884084
p260_POS,p260_POS,plasma,MTBL,A,25.155021477170962,0.1509070885340158
p3769_POS,p3769_POS,plasma,MTBL,A,13.998225573845538,0.204508322165303
p4022_POS,p4022_POS,plasma,MTBL,A,17.64363309604058,0.41134138246246366
n3109_NEG,n3109_NEG,plasma,MTBL,A,17.59258868683645,0.2582318210093053
Capsianoside I_POS,Capsianoside I_POS,plasma,MTBL,A,13.741120425158494,0.14499095718026034
p380_POS,p380_POS,plasma,MTBL,A,24.4849768511937,0.13795064024427894
Creatine_POS,Creatine_POS,plasma,MTBL,A,23.529591191497182,0.43738676132248244
"2,4-diaziran-1-yl-6-(1-phenyl-1H-pyrrol-2-yl)-1,3,5-triazine_POS","2,4-diaziran-1-yl-6-(1-phenyl-1H-pyrrol-2-yl)-1,3,5-triazine_POS",plasma,MTBL,A,13.433243362101987,0.09087261600696017
p1028_POS,p1028_POS,plasma,MTBL,A,21.52812162460505,0.21590632848706193
apo-[3-methylcrotonoyl-CoA:carbon-dioxide ligase (ADP-forming)]_POS,apo-[3-methylcrotonoyl-CoA:carbon-dioxide ligase (ADP-forming)]_POS,plasma,MTBL,A,18.209436240246674,0.6930684836139012
p4247_POS,p4247_POS,plasma,MTBL,A,14.84670214185948,0.1518984263225649
p559_POS,p559_POS,plasma,MTBL,A,20.53478815309866,0.21502010307303543
QQH_POS,QQH_POS,plasma,MTBL,A,11.207968539922732,0.04807208935389795
Zonisamide_POS,Zonisamide_POS,plasma,MTBL,A,14.394595182721986,0.11396028933331426
Pantothenic acid_POS,Pantothenic acid_POS,plasma,MTBL,A,17.611276575323572,0.5959799481608137
n316_NEG,n316_NEG,plasma,MTBL,A,23.411725696398797,0.05334267352832356
p1057_POS,p1057_POS,plasma,MTBL,A,15.240919361738579,0.14763587272802425
p1084_POS,p1084_POS,plasma,MTBL,A,22.100484780664868,0.1448385088233568
p2518_POS,p2518_POS,plasma,MTBL,A,15.947239967685793,0.1583928980869258
p3495_POS,p3495_POS,plasma,MTBL,A,13.384398580993818,0.038382953743779424
p1459_POS,p1459_POS,plasma,MTBL,A,21.067785834289296,0.1982579228654089
p999_POS,p999_POS,plasma,MTBL,A,22.52954964454524,0.17265116457469176
p5774_POS,p5774_POS,plasma,MTBL,A,12.122259327668242,0.1550682469209903
Phenyl sulfoxide_POS,Phenyl sulfoxide_POS,plasma,MTBL,A,26.0850139980569,0.1943199387839769
p3107_POS,p3107_POS,plasma,MTBL,A,13.205160925238905,0.03523370889548616
p5160_POS,p5160_POS,plasma,MTBL,A,11.28807936842624,0.05715825098296001
p5412_POS,p5412_POS,plasma,MTBL,A,11.416707870751926,0.16876815236436649
n1621_NEG,n1621_NEG,plasma,MTBL,A,16.92550891026034,0.0519575859032102
p4082_POS,p4082_POS,plasma,MTBL,A,19.061366627495005,0.06101591004343554
Chenodeoxycholic Acid_NEG,Chenodeoxycholic Acid_NEG,plasma,MTBL,A,14.398052670858899,0.11835284987288208
n3259_NEG,n3259_NEG,plasma,MTBL,A,16.887849552067447,0.23085277641733803
p3083_POS,p3083_POS,plasma,MTBL,A,18.327735918574994,0.20179352147584595
n3896_NEG,n3896_NEG,plasma,MTBL,A,9.435014177759495,0.06789989350269732
p3198_POS,p3198_POS,plasma,MTBL,A,16.248311533352435,0.22644630548224676
p4876_POS,p4876_POS,plasma,MTBL,A,14.101675774764628,0.19099119127853648
n3520_NEG,n3520_NEG,plasma,MTBL,A,13.888088778515705,0.34579211426861
p4433_POS,p4433_POS,plasma,MTBL,A,12.709344916221974,0.46114824916480757
p699_POS,p699_POS,plasma,MTBL,A,21.197851480484807,0.21033934881902105
p5800_POS,p5800_POS,plasma,MTBL,A,10.693756499739333,0.12114705720393903
"4-Cyano-N-({(1S,4S,6S)-6-isopropyl-3-methyl-4-[2-(4-methyl-1-piperazinyl)-2-oxoethyl]-2-cyclohexen-1-yl}methyl)benzamide_NEG","4-Cyano-N-({(1S,4S,6S)-6-isopropyl-3-methyl-4-[2-(4-methyl-1-piperazinyl)-2-oxoethyl]-2-cyclohexen-1-yl}methyl)benzamide_NEG",plasma,MTBL,A,12.527203967946246,0.0958405990164719
n3730_NEG,n3730_NEG,plasma,MTBL,A,12.400339132850593,0.11400884273297862
D-Glucamine_POS,D-Glucamine_POS,plasma,MTBL,A,18.725140494451402,0.42126605102085435
p1279_POS,p1279_POS,plasma,MTBL,A,22.186705107482588,0.1345974616595491
[3-amino-5-(methylsulfanyl)-4-(2-pyridinyl)-1H-pyrazol-1-yl](2-thienyl)methanone_POS,[3-amino-5-(methylsulfanyl)-4-(2-pyridinyl)-1H-pyrazol-1-yl](2-thienyl)methanone_POS,plasma,MTBL,A,23.2705770654527,0.1573573083591615
Cladinose_POS,Cladinose_POS,plasma,MTBL,A,18.828203200427374,0.06935935543549832
n446_NEG,n446_NEG,plasma,MTBL,A,21.170306907627875,0.23004418554101136
Lamotrigine_POS,Lamotrigine_POS,plasma,MTBL,A,16.240160373633604,0.18765589586215192
n1279_NEG,n1279_NEG,plasma,MTBL,A,20.401927544675743,0.13127715012429952
n474_NEG,n474_NEG,plasma,MTBL,A,21.388129184688985,0.2509204556300553
n222_NEG,n222_NEG,plasma,MTBL,A,23.752536550222317,0.15910970274238778
11-Aminoundecanoic acid_POS,11-Aminoundecanoic acid_POS,plasma,MTBL,A,14.623983015679865,0.18923043462823408
4'-Chloro-α-pyrrolidinopropiophenone_POS,4'-Chloro-α-pyrrolidinopropiophenone_POS,plasma,MTBL,A,16.109362114195598,0.03614373905381285
n3916_NEG,n3916_NEG,plasma,MTBL,A,9.401498693755121,0.0678998935026991
p2202_POS,p2202_POS,plasma,MTBL,A,16.156121339462175,0.1454349090790732
p3856_POS,p3856_POS,plasma,MTBL,A,18.683357041642964,0.12884777021112015
Desmethylcitalopram_POS,Desmethylcitalopram_POS,plasma,MTBL,A,16.25635046433795,0.20961071875536064
p266_POS,p266_POS,plasma,MTBL,A,25.111142431665456,0.161977685638945
p4531_POS,p4531_POS,plasma,MTBL,A,12.475675327581447,0.12834984980645192
p813_POS,p813_POS,plasma,MTBL,A,23.395027838196892,0.11222758904492558
O-Desmethyl-cis-tramadol_POS,O-Desmethyl-cis-tramadol_POS,plasma,MTBL,A,13.170287964427125,0.028922592912755896
p5296_POS,p5296_POS,plasma,MTBL,A,13.5011213480298,0.1769066774865813
n1560_NEG,n1560_NEG,plasma,MTBL,A,18.85137905756742,0.23264411046110922
p4412_POS,p4412_POS,plasma,MTBL,A,14.116184518439699,0.17639012368312912
Phenazopyridine_POS,Phenazopyridine_POS,plasma,MTBL,A,12.075343992741734,0.06154619238511838
n2820_NEG,n2820_NEG,plasma,MTBL,A,18.410797290733363,0.18259976969771863
D-(+)-Glucose_POS,D-(+)-Glucose_POS,plasma,MTBL,A,26.5537513007233,0.2156591729822317
p490_POS,p490_POS,plasma,MTBL,A,23.157934850088246,0.1615342309948513
p2756_POS,p2756_POS,plasma,MTBL,A,19.522423650792128,0.12786303065250593
p3975_POS,p3975_POS,plasma,MTBL,A,15.54618126219669,0.22644811796480013
n3726_NEG,n3726_NEG,plasma,MTBL,A,12.189751028299755,0.06874154299575341
p5224_POS,p5224_POS,plasma,MTBL,A,12.317812962202593,0.12218945586756558
n3555_NEG,n3555_NEG,plasma,MTBL,A,15.88250573055127,0.3481059663486512
n1399_NEG,n1399_NEG,plasma,MTBL,A,19.07732608898283,0.15741238904017507
p4649_POS,p4649_POS,plasma,MTBL,A,17.49610946337613,0.4159759046015914
p1570_POS,p1570_POS,plasma,MTBL,A,21.0882854636466,0.291819815611964
p3818_POS,p3818_POS,plasma,MTBL,A,13.162566197319249,0.11689081848420013
"N-(3-Cyano-4,5-dimethyl-2-thienyl)-2-(4-phenylpiperazino)acetamide_NEG","N-(3-Cyano-4,5-dimethyl-2-thienyl)-2-(4-phenylpiperazino)acetamide_NEG",plasma,MTBL,A,14.07779171320211,0.17128295635042257
p2038_POS,p2038_POS,plasma,MTBL,A,20.166258502811285,0.2361477223898678
Tromethamine_POS,Tromethamine_POS,plasma,MTBL,A,15.869385156164483,0.038016231580559
n3884_NEG,n3884_NEG,plasma,MTBL,A,10.415034604014,0.030956801963151648
n157_NEG,n157_NEG,plasma,MTBL,A,25.309662519357623,0.08573178512000368
n3894_NEG,n3894_NEG,plasma,MTBL,A,9.622250838893331,0.04097220670046564
p4840_POS,p4840_POS,plasma,MTBL,A,13.037068577516674,0.1303483688555156
p5531_POS,p5531_POS,plasma,MTBL,A,11.933928608713625,0.19867209860273594
p4694_POS,p4694_POS,plasma,MTBL,A,16.954891297892438,0.4279372828673065
p1622_POS,p1622_POS,plasma,MTBL,A,16.863601004175102,0.5306499902863084
p4550_POS,p4550_POS,plasma,MTBL,A,14.361859909202805,0.14245330042390236
p339_POS,p339_POS,plasma,MTBL,A,23.72956617510058,0.12479032194970863
p2647_POS,p2647_POS,plasma,MTBL,A,18.317426797928434,0.468046184978121
p2581_POS,p2581_POS,plasma,MTBL,A,16.10157726749241,0.2642362522806794
Capsaicin_POS,Capsaicin_POS,plasma,MTBL,A,13.37659875238263,0.198717494609979
n840_NEG,n840_NEG,plasma,MTBL,A,21.224708160918446,0.1020056018046045
N-Ethylacetamide_POS,N-Ethylacetamide_POS,plasma,MTBL,A,24.28110490823452,0.1110671084982684
D-Glycero-D-galacto-heptitol_NEG,D-Glycero-D-galacto-heptitol_NEG,plasma,MTBL,A,15.838769542805395,0.23036255264999372
n1923_NEG,n1923_NEG,plasma,MTBL,A,15.912596282782511,0.23003594076759715
n2403_NEG,n2403_NEG,plasma,MTBL,A,15.12023601225666,0.15413537429484414
n3021_NEG,n3021_NEG,plasma,MTBL,A,16.941553412977857,0.28980544514388207
p2143_POS,p2143_POS,plasma,MTBL,A,18.555016680646713,0.12415377476203737
2-Pentenedial_NEG,2-Pentenedial_NEG,plasma,MTBL,A,23.1511614120361,0.12766136117053328
p2785_POS,p2785_POS,plasma,MTBL,A,13.813645649984077,0.12469900151786195
n3442_NEG,n3442_NEG,plasma,MTBL,A,12.544847262851482,0.10044682598073695
