Fitbit_Metric,Outcome,N,Model Family,Link Function,Extreme Outliers,Converged,Intercept,C(race)[T.white],C(infant_sex)[T.m],C(smoking)[T.quit],C(smoking)[T.yes],X_Metric,X_Metric:C(race)[T.white],maternal_age,X_Metric:maternal_age,prepregnancy_bmi_self_or_record,X_Metric:prepregnancy_bmi_self_or_record,parity,Intercept_p,C(race)[T.white]_p,C(infant_sex)[T.m]_p,C(smoking)[T.quit]_p,C(smoking)[T.yes]_p,X_Metric_p,X_Metric:C(race)[T.white]_p,maternal_age_p,X_Metric:maternal_age_p,prepregnancy_bmi_self_or_record_p,X_Metric:prepregnancy_bmi_self_or_record_p,parity_p,Pseudo_R_Squared
activities_summary_activitycalories,distal_villous_hypoplasia_focal/diffuse,7028,Binomial (Logistic),Logit,True,True,-6.775240789693818,-1.6666990200990086,0.15856597570951383,0.8493429030037505,-27.24607264240615,0.0029393141360614353,-0.000260006549210089,-0.02190100209591339,1.8450749040613156e-05,0.22312218366772113,-0.00010733139533357677,-0.8118581185174581,3.844799759093203e-30,2.7416052213411473e-11,0.1886631280993325,4.241078075617488e-10,0.0,4.6087201729343646e-05,0.36234201489974305,0.019350070652164757,0.0680905388976134,5.1341464721713324e-48,6.949643705622485e-10,8.392918908669061e-157,0.2516687105872871
activities_summary_activitycalories,accelerated_villous_maturation,7028,Binomial (Logistic),Logit,False,True,-9.167723878280043,-1.7656636284811458,0.8728234364031595,0.48249537349249116,-2.038842339441925,0.005172720845646755,0.00036558710571174807,0.1743058718518123,-9.505808151418277e-05,0.12138064355504255,-0.00010805461271004865,0.233942631670905,2.473752970149555e-66,4.119714601867327e-28,7.853993536888637e-30,2.376570134304877e-10,2.983224589329461e-25,8.031945281713821e-18,0.05650606192065218,1.4658545378112745e-44,5.3773298684752e-12,3.0736425881891795e-38,1.806505841054419e-20,2.045305126719833e-20,0.2031222454542435
activities_summary_activitycalories,increased_syncytial_knots,7028,Binomial (Logistic),Logit,False,True,-7.018047960247177,-2.238830030735167,0.9372547107956007,0.877266260257915,-1.6670112898447653,0.003254704897975234,0.0007098659625979193,0.13922124728288834,-5.695922304982906e-05,0.07822237689152067,-7.91034935039223e-05,0.19376660147146976,1.2756281152408593e-37,3.054757988844452e-45,1.891278784325105e-30,1.971439392556105e-30,3.936669909514172e-18,1.6705552790414368e-07,0.00017598022056199245,3.710817003613558e-28,5.6238778841041925e-05,4.2902857449672415e-15,2.857057213331582e-11,1.196184709158745e-13,0.18936499503951043
activities_summary_activitycalories,decidual_arteriopathy_membrane_role/basal_plate/both,7028,Binomial (Logistic),Logit,False,True,-28.566068523542604,9.831494828312563e-15,4.798670315530645e-15,2.671833004334553e-16,-4.977239361594037e-14,1.7516293807869707e-14,-1.36144277716844e-15,5.853271403445544e-15,-3.7034877036052666e-16,-2.1729310952699354e-15,-4.029240698033815e-16,-1.2120006952029945e-15,0.9998608023583752,1.0,1.0,1.0,1.0,0.9999999999999999,1.0,1.0,0.9999999999999999,1.0,0.9999999999999999,1.0,
activities_summary_activitycalories,segmental_avascular_villi_small/intermediate/large,7028,Binomial (Logistic),Logit,False,True,-28.566068523542604,9.831494828312563e-15,4.798670315530645e-15,2.671833004334553e-16,-4.977239361594037e-14,1.7516293807869707e-14,-1.36144277716844e-15,5.853271403445544e-15,-3.7034877036052666e-16,-2.1729310952699354e-15,-4.029240698033815e-16,-1.2120006952029945e-15,0.9998608023583752,1.0,1.0,1.0,1.0,0.9999999999999999,1.0,1.0,0.9999999999999999,1.0,0.9999999999999999,1.0,
activities_summary_activitycalories,delayed_villous_maturation,7028,Binomial (Logistic),Logit,True,True,1.8612208943881003,-3.2622348095385925,-1.249845169193617,-23.269180135016736,4.125778091708099,0.0005471421226767932,0.0008588524143784286,-0.10808746764156656,4.5605615422328754e-05,-0.023255936928168526,-9.890459520516163e-05,-0.16524767443451654,3.119189528492939e-05,2.194309656067537e-17,2.1136575352461863e-18,0.0,2.6678642367704645e-91,0.293482695415887,0.08516647728654457,8.155029673021264e-21,0.00025568562547976533,0.018621840101225615,3.5404370966479286e-08,0.0028624113468729458,0.6236065890660913
activities_summary_activitycalories,maternal_inflammatory_response_stage/grade,7028,Binomial (Logistic),Logit,False,True,-28.566068523542604,9.831494828312563e-15,4.798670315530645e-15,2.671833004334553e-16,-4.977239361594037e-14,1.7516293807869707e-14,-1.36144277716844e-15,5.853271403445544e-15,-3.7034877036052666e-16,-2.1729310952699354e-15,-4.029240698033815e-16,-1.2120006952029945e-15,0.9998608023583752,1.0,1.0,1.0,1.0,0.9999999999999999,1.0,1.0,0.9999999999999999,1.0,0.9999999999999999,1.0,
activities_summary_activitycalories,"villitis_of_unknown_etiology,_high/low_grade,_focal/diffuse",7028,Binomial (Logistic),Logit,False,True,-28.566068523542604,9.831494828312563e-15,4.798670315530645e-15,2.671833004334553e-16,-4.977239361594037e-14,1.7516293807869707e-14,-1.36144277716844e-15,5.853271403445544e-15,-3.7034877036052666e-16,-2.1729310952699354e-15,-4.029240698033815e-16,-1.2120006952029945e-15,0.9998608023583752,1.0,1.0,1.0,1.0,0.9999999999999999,1.0,1.0,0.9999999999999999,1.0,0.9999999999999999,1.0,
activities_summary_activitycalories,increased_perivillous_fibrin_deposition,7028,Binomial (Logistic),Logit,True,True,-25.188465190297446,24.97112860794828,-2.689153891302358,2.906319031008679,-22.937776138021015,0.00235907431484967,0.0008633716110896271,0.002357420539026621,-2.769084784944648e-05,-0.11291886478015645,-7.641821146004338e-05,0.5925708691360745,0.998763347795439,0.9987740036920368,1.0795304823964014e-254,1.9986571525813193e-199,0.9990111675166182,2.0058062614584365e-07,1.3958974502345045e-10,0.8286711105991151,0.0035313475065262773,1.9052394161841758e-28,3.180353177493884e-11,8.126902373057123e-34,0.3635584817734411
activities_summary_activitycalories,chorangiosis,7028,Binomial (Logistic),Logit,True,True,-36.299016093697844,26.236430436928853,3.645549378171467,-26.46147762867957,0.6497275216436761,-0.01288321418339651,-0.0013652942422601607,0.009827521905972516,0.00034536347975228397,0.15991491413096212,7.164066848058818e-05,-0.4060685020030899,0.0,0.0,1.103084017458034e-104,0.0,2.207523996316368e-07,1.2879035924153178e-54,0.0020729023775004534,0.6101166603066936,2.330791686722026e-31,1.8936949973961884e-125,4.405765081346521e-19,2.0298020113285735e-16,0.4366621136443354
activities_summary_activitycalories,spontaneous_preterm_birth,7028,Binomial (Logistic),Logit,True,True,-0.4801418966644894,-0.1456780513068598,-0.18114590301568242,0.990393397073328,1.9237602406754302,0.0027483922506547115,0.00042062146815469213,-0.1338397779143798,5.3850906133985636e-05,0.0951075066221874,-0.00012639554282116712,-1.3963856548227007,0.39370188945777895,0.43948257952339476,0.04852827405925631,2.1477237710505337e-26,1.0857229110666972e-39,9.059959425012899e-06,0.03321608757252199,1.735116261011553e-36,1.4700600793015612e-08,6.030517252791559e-12,1.3647236139900506e-13,6.18973591723588e-106,0.24494594435114247
activities_summary_caloriesout,distal_villous_hypoplasia_focal/diffuse,7028,Binomial (Logistic),Logit,True,True,-39.16266074908701,-0.42717554722141765,0.10430050182339194,1.1444595688961225,-23.75495302217116,0.014907364395359553,-0.0007458515623358921,0.0017330074677304565,-2.887006824603677e-06,1.1752768058385725,-0.00043928393118106943,-0.8006490670828766,2.1604275813889668e-206,0.5476404066081347,0.4536470855441582,5.918751914141911e-17,0.0,1.2578706423766083e-136,0.022135335692856795,0.9528674960642167,0.8199761907237393,0.0,0.0,1.2125784250656089e-91,0.3443802755524933
activities_summary_caloriesout,accelerated_villous_maturation,7028,Binomial (Logistic),Logit,False,True,-29.61041875098728,-3.2613433230275093,0.8767468924588544,0.5998621431157164,-1.1488642469825845,0.010750986784478837,0.0008220067174939012,0.3010439431931939,-9.817108886794435e-05,0.7493635402578163,-0.00030159340450668467,0.2765015089006496,2.310599949592685e-79,4.497544069556729e-13,1.2239318654617913e-27,2.39549508034911e-14,7.786015036967837e-09,2.646023472797776e-52,0.00013628900719392015,4.4902205507542614e-20,4.912151058967064e-11,1.873152210654018e-98,7.2081526117924305e-84,1.787920768641133e-26,0.24304017682762324
activities_summary_caloriesout,increased_syncytial_knots,7028,Binomial (Logistic),Logit,False,True,-21.015296184428486,-3.588477534670443,0.9139848828471747,0.9250599730719266,-1.1045449040957869,0.007436780889741517,0.0008995121798230099,0.23020614056615943,-6.676672861853228e-05,0.4902616657150522,-0.00020555983761752413,0.22384171220501342,2.792985342238261e-42,1.9743016484330622e-16,1.2072433877233232e-27,1.5346698100692446e-32,1.7143429608521384e-08,5.331174497368326e-26,1.766931515448912e-05,3.42583300824748e-12,1.248055800287642e-05,8.979628417882695e-49,6.35003051535576e-45,2.5507535663693902e-17,0.20846099062637113
activities_summary_caloriesout,decidual_arteriopathy_membrane_role/basal_plate/both,7028,Binomial (Logistic),Logit,False,True,-28.5660685235421,5.323338570312259e-14,-4.925266566290376e-15,1.0141301757359093e-14,9.778699103234241e-14,3.8462573083060955e-14,-6.114629206709133e-15,9.39744994445735e-15,-6.137845779973374e-16,1.6542643731202584e-14,6.209236318285143e-17,-4.870746770944261e-15,0.99993969832652,1.0,1.0,1.0,1.0,0.9999999999999998,0.9999999999999999,1.0,0.9999999999999999,1.0,1.0,1.0,
activities_summary_caloriesout,segmental_avascular_villi_small/intermediate/large,7028,Binomial (Logistic),Logit,False,True,-28.5660685235421,5.323338570312259e-14,-4.925266566290376e-15,1.0141301757359093e-14,9.778699103234241e-14,3.8462573083060955e-14,-6.114629206709133e-15,9.39744994445735e-15,-6.137845779973374e-16,1.6542643731202584e-14,6.209236318285143e-17,-4.870746770944261e-15,0.99993969832652,1.0,1.0,1.0,1.0,0.9999999999999998,0.9999999999999999,1.0,0.9999999999999999,1.0,1.0,1.0,
activities_summary_caloriesout,delayed_villous_maturation,7028,Binomial (Logistic),Logit,True,True,-5.1684575411216676,-9.325105519509249,-0.9737829177001078,-22.98466492434026,4.461429676231339,0.0029940067741014422,0.0033339345841944513,-0.10025134502695497,1.771598975281226e-05,0.29705558841953117,-0.00018343948358050442,-0.00942941315849199,0.007231296395360588,6.964495210421154e-24,9.113812798698097e-11,0.0,3.8961779431788938e-112,0.00036133868278807906,3.785910643315252e-14,0.038695958210584844,0.39609337056175775,8.934567796802575e-08,1.7974685657270777e-16,0.8843646732023311,0.6308521819249053
activities_summary_caloriesout,maternal_inflammatory_response_stage/grade,7028,Binomial (Logistic),Logit,False,True,-28.5660685235421,5.323338570312259e-14,-4.925266566290376e-15,1.0141301757359093e-14,9.778699103234241e-14,3.8462573083060955e-14,-6.114629206709133e-15,9.39744994445735e-15,-6.137845779973374e-16,1.6542643731202584e-14,6.209236318285143e-17,-4.870746770944261e-15,0.99993969832652,1.0,1.0,1.0,1.0,0.9999999999999998,0.9999999999999999,1.0,0.9999999999999999,1.0,1.0,1.0,
activities_summary_caloriesout,"villitis_of_unknown_etiology,_high/low_grade,_focal/diffuse",7028,Binomial (Logistic),Logit,False,True,-28.5660685235421,5.323338570312259e-14,-4.925266566290376e-15,1.0141301757359093e-14,9.778699103234241e-14,3.8462573083060955e-14,-6.114629206709133e-15,9.39744994445735e-15,-6.137845779973374e-16,1.6542643731202584e-14,6.209236318285143e-17,-4.870746770944261e-15,0.99993969832652,1.0,1.0,1.0,1.0,0.9999999999999998,0.9999999999999999,1.0,0.9999999999999999,1.0,1.0,1.0,
activities_summary_caloriesout,increased_perivillous_fibrin_deposition,7028,Binomial (Logistic),Logit,True,True,-39.61141695956738,24.033925641881243,-2.544894857740091,2.7912596902430606,-23.03293142792981,0.007105354862973044,0.0012425868732305328,0.006378962142716699,-1.3837763984832042e-05,0.38015758741567934,-0.00025323376717916493,0.5911309059170449,0.9536728196067639,0.9718615385065552,1.057907813093733e-192,9.372495314689233e-178,3.9825280454673494e-10,4.265233520282879e-25,4.807744830538305e-10,0.8119923601865546,0.20518434850264222,2.494898768207348e-15,5.111792558199837e-28,1.691565054660711e-35,0.3896835950794285
activities_summary_caloriesout,chorangiosis,7028,Binomial (Logistic),Logit,True,True,-6.631365408975829,28.415405373386974,5.618292493934785,-26.322971656319492,-0.4109984324672699,-0.020092836034764413,-0.0016592512274498324,-0.6490023644453388,0.00044603668787689756,-0.14665144784859593,0.0001819706268609866,-0.4855883569722636,0.0022811957310128013,1.1552712162268868e-75,5.384397102138647e-101,0.0,0.004393067759411253,1.6850471035010007e-45,0.04340426573110351,1.211863413443639e-12,6.270118155479154e-18,4.773175044458715e-10,1.1874683180201052e-43,3.353247371528262e-12,0.4468544631826853
activities_summary_caloriesout,spontaneous_preterm_birth,7028,Binomial (Logistic),Logit,True,True,-2.631370965083301,-2.148340515377488,-0.41074863193389793,0.6125764632078108,2.440221438853198,0.0015368976660913006,0.001017397866770738,-0.33621163170669116,0.00011636235688946042,0.3813815433912248,-0.00016133654588585468,-1.2037731482253688,0.10909371133377029,2.8093631782051957e-05,2.4381700102253913e-06,1.9104514244292005e-11,2.081394929311683e-45,0.025234176022387013,2.425234549012698e-05,9.169817763517726e-23,1.899878147416185e-16,1.0935844057047485e-16,7.124084698776608e-17,3.6159556470130687e-113,0.2590280536069358
activities_summary_fairlyactiveminutes,distal_villous_hypoplasia_focal/diffuse,7028,Binomial (Logistic),Logit,True,True,-3.6746012580611684,-2.257319758484726,0.11730435369039074,1.275519771066727,-26.388952014633986,0.03044181134245356,0.13897387952148274,-0.02218981387390917,-0.0015702818346364686,0.14931150191968554,-0.00488195718669961,-0.964574764932441,2.4153423864051697e-23,1.054044721574838e-47,0.31533159176381054,3.296663506328101e-17,6.466875026049137e-18,0.5666744013011734,5.539768641800529e-05,5.756641579793596e-05,0.3199631617352632,1.634578517616264e-72,1.1399109694197175e-06,3.1818279406589926e-108,0.3011160396566921
activities_summary_fairlyactiveminutes,accelerated_villous_maturation,7028,Binomial (Logistic),Logit,False,True,-5.072224646088508,-1.5361720068207159,0.9334966827522914,0.5721600072823863,-1.8993786280632152,0.008083460282287626,0.004243327704760405,0.0943542959809462,0.0008896324348567946,0.04752954129414943,-0.002031218973703144,0.20437045022937245,4.0809030334864767e-66,8.10912043618172e-71,8.740430499328623e-35,2.9441504523372424e-14,6.807847653774222e-24,0.7122482712526941,0.5195557722787332,2.1495157166244315e-42,0.09391120123005652,7.681778838369723e-21,2.6776996725177617e-08,6.93434419105162e-17,0.18284874923325523
activities_summary_fairlyactiveminutes,increased_syncytial_knots,7028,Binomial (Logistic),Logit,False,True,-4.3232720731168754,-1.8057294110400937,0.978051781642984,0.9787196514992877,-1.636539272199894,-0.015305408727421761,0.008783814863634967,0.08574714098714775,0.001489385760516538,0.028197185470903725,-0.001901409736367017,0.1615867846342958,8.449901054386036e-44,8.916158053455922e-95,4.913613456734521e-33,1.7111698321128345e-36,1.920252340204726e-17,0.4925490549833057,0.18674984013716966,2.2315026720281193e-32,0.006372640240793583,4.1424029240486214e-07,1.6273110563105216e-07,4.0544612586605793e-10,0.1929982301328268
activities_summary_fairlyactiveminutes,decidual_arteriopathy_membrane_role/basal_plate/both,7028,Binomial (Logistic),Logit,False,True,-28.566068523536565,7.933968684896333e-14,-1.9624760297847291e-13,-1.4745313177771966e-13,1.1609997862711496e-13,3.628289078596904e-15,-6.089770234656282e-15,1.1712644814159299e-14,1.3485568038522506e-16,8.458799468926458e-15,-7.280159128104357e-16,4.271721442727467e-14,0.9997451134079403,1.0,1.0,1.0,1.0,1.0,1.0,1.0,1.0,1.0,1.0,1.0,
activities_summary_fairlyactiveminutes,segmental_avascular_villi_small/intermediate/large,7028,Binomial (Logistic),Logit,False,True,-28.566068523536565,7.933968684896333e-14,-1.9624760297847291e-13,-1.4745313177771966e-13,1.1609997862711496e-13,3.628289078596904e-15,-6.089770234656282e-15,1.1712644814159299e-14,1.3485568038522506e-16,8.458799468926458e-15,-7.280159128104357e-16,4.271721442727467e-14,0.9997451134079403,1.0,1.0,1.0,1.0,1.0,1.0,1.0,1.0,1.0,1.0,1.0,
activities_summary_fairlyactiveminutes,delayed_villous_maturation,7028,Binomial (Logistic),Logit,True,True,1.388329421807219,-2.7474422453172904,-1.2477625438859654,-22.88638441080057,3.9221230572550034,0.0197994795214693,0.04081339067351635,-0.05585565867112315,-0.0014999986901544687,-0.06871269356026206,-0.0031960246238755775,-0.17810675882012028,3.4697525817082764e-08,2.2799761268377513e-62,8.3971296164760815e-19,0.0110007090496685,4.476689693872187e-82,0.6906066890611056,0.11260669720563907,5.700180696384403e-39,0.11404372526523589,5.61993917654073e-18,0.1871869116767556,0.0005048469030156055,0.6316949216672565
activities_summary_fairlyactiveminutes,maternal_inflammatory_response_stage/grade,7028,Binomial (Logistic),Logit,False,True,-28.566068523536565,7.933968684896333e-14,-1.9624760297847291e-13,-1.4745313177771966e-13,1.1609997862711496e-13,3.628289078596904e-15,-6.089770234656282e-15,1.1712644814159299e-14,1.3485568038522506e-16,8.458799468926458e-15,-7.280159128104357e-16,4.271721442727467e-14,0.9997451134079403,1.0,1.0,1.0,1.0,1.0,1.0,1.0,1.0,1.0,1.0,1.0,
activities_summary_fairlyactiveminutes,"villitis_of_unknown_etiology,_high/low_grade,_focal/diffuse",7028,Binomial (Logistic),Logit,False,True,-28.566068523536565,7.933968684896333e-14,-1.9624760297847291e-13,-1.4745313177771966e-13,1.1609997862711496e-13,3.628289078596904e-15,-6.089770234656282e-15,1.1712644814159299e-14,1.3485568038522506e-16,8.458799468926458e-15,-7.280159128104357e-16,4.271721442727467e-14,0.9997451134079403,1.0,1.0,1.0,1.0,1.0,1.0,1.0,1.0,1.0,1.0,1.0,
activities_summary_fairlyactiveminutes,increased_perivillous_fibrin_deposition,7028,Binomial (Logistic),Logit,True,True,-23.1317056790079,25.34282897362618,-2.798698556490396,3.0424516230862686,-23.18854689167466,0.05136607939412932,0.0619786551570576,-0.010773617361676202,-0.0030544409779272286,-0.17452637667465154,-0.0009733440436118767,0.564077346991203,0.9997925163049718,0.9997726830411847,3.6539801945981504e-244,5.537801164156062e-190,0.9998049208899803,0.045912014139933705,1.0571738179806106e-34,0.00307246610164921,2.402504435548052e-07,4.145762248395932e-203,0.005137953750617426,7.581190374831383e-29,0.3682735853430231
activities_summary_fairlyactiveminutes,chorangiosis,7028,Binomial (Logistic),Logit,True,True,-43.43732125874355,25.789346821072012,3.6358497775061163,-26.689576165802965,0.6535619405905816,-0.3226774170480771,0.0008594411225829086,0.20272252835629528,0.007450817666716232,0.19273117805453396,0.0016350093237157551,-0.2880841893915385,0.0,0.0,2.0164888869082105e-119,0.0,4.2159684242313806e-07,1.0037275681918835e-19,0.9602864713641008,6.741477682901883e-29,5.608089994525323e-09,3.101585581740461e-252,6.469606569573917e-07,1.9407824259489555e-11,0.4109324134062534
activities_summary_fairlyactiveminutes,spontaneous_preterm_birth,7028,Binomial (Logistic),Logit,True,True,0.12320247495915,0.4915584819229836,-0.14262346198312825,0.9440013905954514,1.7566672096936906,0.12095971702885913,-0.027671055982333652,-0.07532868365716588,-0.0007817540890843326,0.01801896748006639,-0.0018999704389430969,-1.39955157040091,0.5831967335739017,1.769386852859318e-05,0.12597327993012844,7.343937819747804e-25,2.125363820916733e-42,1.5995114622879554e-14,6.449884179562404e-07,2.1534468395459002e-76,0.009533020625328658,0.00014806066304546715,4.490209307692604e-09,4.327028027333728e-102,0.22287942441231146
activities_summary_lightlyactiveminutes,distal_villous_hypoplasia_focal/diffuse,7028,Binomial (Logistic),Logit,True,True,-4.042603977927455,-1.437219076161356,0.22356977922578095,0.9897691904483757,-25.085150229021735,-0.002146517913594684,-0.002140253475495757,-0.016866221256247683,5.939475370466169e-05,0.12233782917841127,4.911485316670011e-05,-0.8148648964519546,1.696561300893977e-11,2.626389892507175e-07,0.06823707616851929,1.9625924898219187e-14,0.0,0.4651501641474678,0.07590073099172198,0.07927801887406125,0.1212672451790233,6.905628445125082e-15,0.536845457225656,3.0642202968848284e-162,0.23590459402885688
activities_summary_lightlyactiveminutes,accelerated_villous_maturation,7028,Binomial (Logistic),Logit,False,True,-7.891480049415429,-1.9428046197051643,0.8612300258963929,0.4496923948704406,-2.003722031251658,0.01319058335643634,0.0015789588576298618,0.1951124128302303,-0.0004256702490904605,0.06685303255925998,-0.00016403759577170496,0.21565530687218284,2.0910711944505916e-45,1.0857998007259028e-28,1.2923201110961274e-29,2.404279179930816e-09,6.28048875394814e-26,1.0195943396679461e-07,0.04260434329058436,1.6329528004859539e-47,1.0762024200278647e-13,2.2078323417014265e-12,0.0009237309524204116,7.037968845431407e-18,0.19776552287536486
activities_summary_lightlyactiveminutes,increased_syncytial_knots,7028,Binomial (Logistic),Logit,False,True,-5.472751469195965,-2.457807559079445,0.9262148012906709,0.8530735443866589,-1.6517485514648897,0.004096542702384478,0.0033179433412766366,0.15799553966503146,-0.0002791543893747353,0.015514350613999368,1.0408566165937948e-05,0.1752754698009804,5.9193068853242916e-21,2.1618807744129288e-46,4.272435984452903e-30,2.653112363239801e-29,9.087583790578656e-18,0.1134087074468631,1.5245845081368816e-05,4.0854518144175404e-30,2.179792598700381e-06,0.14545896760440688,0.8430736515172322,1.2643501918485701e-11,0.18755363783860157
activities_summary_lightlyactiveminutes,decidual_arteriopathy_membrane_role/basal_plate/both,7028,Binomial (Logistic),Logit,False,True,-28.566068523541087,2.6000017139675917e-14,-4.9949019864524415e-14,3.5841592832346e-15,2.0100124709319048e-13,1.7966674110928182e-15,-1.806521282147618e-16,1.325076189953348e-14,-1.9315230673452207e-17,5.373736966580301e-15,-5.730482791278562e-16,-2.965229927233344e-14,0.999875339504278,1.0,1.0,1.0,1.0,1.0,1.0,1.0,1.0,1.0,1.0,1.0,
activities_summary_lightlyactiveminutes,segmental_avascular_villi_small/intermediate/large,7028,Binomial (Logistic),Logit,False,True,-28.566068523541087,2.6000017139675917e-14,-4.9949019864524415e-14,3.5841592832346e-15,2.0100124709319048e-13,1.7966674110928182e-15,-1.806521282147618e-16,1.325076189953348e-14,-1.9315230673452207e-17,5.373736966580301e-15,-5.730482791278562e-16,-2.965229927233344e-14,0.999875339504278,1.0,1.0,1.0,1.0,1.0,1.0,1.0,1.0,1.0,1.0,1.0,
activities_summary_lightlyactiveminutes,delayed_villous_maturation,7028,Binomial (Logistic),Logit,True,True,1.7597741544950463,-2.3324969777077538,-1.2132645459954003,-23.213734795830785,3.8729590522013724,0.006643998276558913,-0.0013256029760760854,-0.11768922267044585,0.00021906896066849302,-0.020725320074401938,-0.0005392921745676428,-0.20998458777344464,0.00024174194943248049,3.962962184065999e-08,8.238947377400306e-17,0.0,3.4378248821702234e-85,0.07507156948551938,0.5435724769096951,1.1528005000581988e-26,1.5320373003286243e-05,0.049531474872992816,0.0001206665462135044,9.847458471093572e-05,0.6281994108845542
activities_summary_lightlyactiveminutes,maternal_inflammatory_response_stage/grade,7028,Binomial (Logistic),Logit,False,True,-28.566068523541087,2.6000017139675917e-14,-4.9949019864524415e-14,3.5841592832346e-15,2.0100124709319048e-13,1.7966674110928182e-15,-1.806521282147618e-16,1.325076189953348e-14,-1.9315230673452207e-17,5.373736966580301e-15,-5.730482791278562e-16,-2.965229927233344e-14,0.999875339504278,1.0,1.0,1.0,1.0,1.0,1.0,1.0,1.0,1.0,1.0,1.0,
activities_summary_lightlyactiveminutes,"villitis_of_unknown_etiology,_high/low_grade,_focal/diffuse",7028,Binomial (Logistic),Logit,False,True,-28.566068523541087,2.6000017139675917e-14,-4.9949019864524415e-14,3.5841592832346e-15,2.0100124709319048e-13,1.7966674110928182e-15,-1.806521282147618e-16,1.325076189953348e-14,-1.9315230673452207e-17,5.373736966580301e-15,-5.730482791278562e-16,-2.965229927233344e-14,0.999875339504278,1.0,1.0,1.0,1.0,1.0,1.0,1.0,1.0,1.0,1.0,1.0,
activities_summary_lightlyactiveminutes,increased_perivillous_fibrin_deposition,7028,Binomial (Logistic),Logit,True,True,-24.28689447802419,25.441390151314895,-2.8603312398246454,3.049286577729173,-22.909852054473827,0.007658559079585719,0.0018282435299379538,-0.044984780465518806,7.11800995926026e-05,-0.11216219110812675,-0.0003700470382241702,0.6055077074939084,0.9998951212725542,0.9998901358280619,1.16593485520308e-250,1.3003126437405486e-198,0.9999115879508079,1.3071865255780947e-05,0.011819616957671258,5.020328659173125e-06,0.03199933287050542,4.356184762087309e-24,1.0337372047638587e-11,2.5088547491002064e-35,0.36451507019044327
activities_summary_lightlyactiveminutes,chorangiosis,7028,Binomial (Logistic),Logit,True,True,-37.91876990445745,25.869062419846696,3.036069247151232,-26.51092750463521,0.6021972223882258,-0.03567910692550272,-0.001785962583970709,0.03630994303445162,0.001163623546873348,0.20519722480599858,-8.08953302328582e-05,-0.34453320036000956,0.0,0.0,4.4665701761599265e-105,0.0,5.223860852725026e-06,1.097283572892634e-20,0.33565695979588595,0.07472467530597629,2.3496308076123792e-23,6.084756774797568e-74,0.25270322215984364,1.5136977700800591e-13,0.43248406349499424
activities_summary_lightlyactiveminutes,spontaneous_preterm_birth,7028,Binomial (Logistic),Logit,True,True,-0.11139255570487008,-0.10666356126084098,-0.17341124227152654,1.1157773309327976,1.5661997817737918,0.011635613852797827,0.0026970400242377402,-0.15296764326595494,0.0002682887633977842,0.10912518532832907,-0.0006485066496024725,-1.494641270227144,0.8507044359458649,0.5942116247806005,0.06378115929719304,1.2456622373881838e-31,1.9489385307507125e-26,2.4025674899573037e-05,0.0008448940994681685,3.621221825438679e-35,3.3368842199155706e-10,1.6185399994536606e-16,1.7532728985038106e-19,2.9520825978026835e-99,0.24129694189171103
activities_summary_sedentaryminutes,distal_villous_hypoplasia_focal/diffuse,7028,Binomial (Logistic),Logit,True,True,-0.7854743155599646,-0.8077948013223047,0.22568111350152167,0.9432352195695884,-25.943348813213007,-0.004180595827469956,-0.0011901365081946563,-0.08408299192012139,9.081606024993601e-05,0.0506331651605219,9.093499490052632e-05,-0.7833507221547039,0.39864879762732464,0.10964368634714332,0.06679319420729798,5.536593576614029e-13,0.0,7.559832280200036e-05,0.01907479294985874,7.173524071646493e-11,2.3771768411407667e-09,0.055558555001009355,0.002211065909028401,9.015830548207689e-146,0.24237127211202436
activities_summary_sedentaryminutes,accelerated_villous_maturation,7028,Binomial (Logistic),Logit,False,True,5.936073856060666,-2.2062197108288992,0.9052593535499454,0.3752478771190279,-2.5282837078996327,-0.013458478404301352,0.0008739153114118125,-0.10054784029052437,0.0002594069635954286,-0.1284161100642862,0.00018241965476520708,0.2514673050378503,4.682184869601664e-12,5.808177144912018e-15,3.259904658257107e-31,8.831424464160022e-07,2.8218133889455766e-30,1.1537542312594875e-37,0.008266292573102369,2.2490940860034166e-06,5.695008494731293e-23,1.84335264301498e-15,4.3826669896791626e-26,1.8673671576493278e-23,0.20171474345711826
activities_summary_sedentaryminutes,increased_syncytial_knots,7028,Binomial (Logistic),Logit,False,True,6.589631257908005,-1.894582965456192,0.9682503588041473,0.8349049937102516,-2.1005130790541737,-0.013336865830233939,0.00019743026523336667,-0.08897797857508732,0.0002360072938775591,-0.1715061399421251,0.00020923413313853794,0.19218323499656909,3.664239255511421e-13,4.100328170236664e-11,5.619609945859271e-30,1.7096786707445618e-26,8.115806858648553e-24,2.6977987554378723e-34,0.5598802574733398,7.889990290359518e-05,1.1923702811368196e-17,7.717587307459845e-23,5.961168528126092e-30,4.045618904124505e-13,0.20899877120135246
activities_summary_sedentaryminutes,decidual_arteriopathy_membrane_role/basal_plate/both,7028,Binomial (Logistic),Logit,False,True,-28.566068523542302,-2.179617014760515e-15,5.1349291857630574e-15,-2.7454335138801144e-15,-2.9698075682648725e-14,1.3892929833059661e-14,-1.9356716684047898e-15,-2.989451790459737e-15,-5.172651363275886e-16,1.0552805426022198e-14,-1.3541931650011014e-16,1.3966083085382828e-14,0.9999136955056483,1.0,1.0,1.0,1.0,1.0,1.0,1.0,0.9999999999999999,1.0,1.0,1.0,
activities_summary_sedentaryminutes,segmental_avascular_villi_small/intermediate/large,7028,Binomial (Logistic),Logit,False,True,-28.566068523542302,-2.179617014760515e-15,5.1349291857630574e-15,-2.7454335138801144e-15,-2.9698075682648725e-14,1.3892929833059661e-14,-1.9356716684047898e-15,-2.989451790459737e-15,-5.172651363275886e-16,1.0552805426022198e-14,-1.3541931650011014e-16,1.3966083085382828e-14,0.9999136955056483,1.0,1.0,1.0,1.0,1.0,1.0,1.0,0.9999999999999999,1.0,1.0,1.0,
activities_summary_sedentaryminutes,delayed_villous_maturation,7028,Binomial (Logistic),Logit,True,True,10.018754502257897,-7.363182308666397,-0.7197830008228148,-22.63889530890638,3.6809070267327373,-0.005845710844400799,0.0047833228545979285,0.030525408249202197,-7.659579159687599e-05,-0.5908876299561242,0.00038499722713291695,-0.4385347219005441,0.005407898349558519,2.6036861655520803e-19,0.0011723699866965417,0.0,2.8941579946424875e-61,0.03277953592129516,2.011543737837636e-10,0.5094730173932174,0.03700282131713977,0.00443551449771827,0.01212043292583136,5.359319765973374e-09,0.6703234749146754
activities_summary_sedentaryminutes,maternal_inflammatory_response_stage/grade,7028,Binomial (Logistic),Logit,False,True,-28.566068523542302,-2.179617014760515e-15,5.1349291857630574e-15,-2.7454335138801144e-15,-2.9698075682648725e-14,1.3892929833059661e-14,-1.9356716684047898e-15,-2.989451790459737e-15,-5.172651363275886e-16,1.0552805426022198e-14,-1.3541931650011014e-16,1.3966083085382828e-14,0.9999136955056483,1.0,1.0,1.0,1.0,1.0,1.0,1.0,0.9999999999999999,1.0,1.0,1.0,
activities_summary_sedentaryminutes,"villitis_of_unknown_etiology,_high/low_grade,_focal/diffuse",7028,Binomial (Logistic),Logit,False,True,-28.566068523542302,-2.179617014760515e-15,5.1349291857630574e-15,-2.7454335138801144e-15,-2.9698075682648725e-14,1.3892929833059661e-14,-1.9356716684047898e-15,-2.989451790459737e-15,-5.172651363275886e-16,1.0552805426022198e-14,-1.3541931650011014e-16,1.3966083085382828e-14,0.9999136955056483,1.0,1.0,1.0,1.0,1.0,1.0,1.0,0.9999999999999999,1.0,1.0,1.0,
activities_summary_sedentaryminutes,increased_perivillous_fibrin_deposition,7028,Binomial (Logistic),Logit,True,True,-22.312615490992357,29.430526830825837,-3.013172306371325,3.1700858347466347,-24.005609592101774,-0.0019069090171251384,-0.003259693177416975,-0.04934218910680765,2.9803978113064226e-05,-0.24808754558151822,7.003173746608518e-05,0.600107060697444,0.9994479929918249,0.9992718948370515,1.542918865933274e-238,1.8264384631869745e-195,0.9994095489177725,0.018199673948084798,3.241023196051054e-21,0.00042770100361142377,0.0714274254337383,5.864105817636073e-38,0.002269918082449136,1.1778283860081716e-33,0.3829467145481237
activities_summary_sedentaryminutes,chorangiosis,7028,Binomial (Logistic),Logit,True,True,-59.20815502871152,27.711109572012077,3.8683265946478786,-26.784848985789903,-0.04570270871952945,0.01464107208074848,-0.00224345984624007,0.6920501795116486,-0.0005027354723205471,0.11327480650185165,0.00010610909375101239,-0.06379206372647821,0.0,0.0,1.1933097689319283e-67,0.0,0.8286695438512858,5.2412023495996215e-28,0.0001564118156776496,4.43382627875614e-68,3.1348521987429705e-36,0.00012234328595034854,0.0002249317324950112,0.2261040290105767,0.4544414462872576
activities_summary_sedentaryminutes,spontaneous_preterm_birth,7028,Binomial (Logistic),Logit,True,True,7.463375330652805,-0.3679540792193398,-0.09832826293820184,1.045653227628272,1.3990901914187592,-0.006718533511710336,0.0008119795205918996,-0.0984542272970121,1.5183293787995796e-05,-0.16037764974305221,0.00016869460329463142,-1.4791701629979477,3.1697858306421156e-15,0.2537220169527459,0.2927328429589502,5.255067456055088e-29,1.795496294676123e-20,2.5884200614632075e-12,0.03469856106662903,2.1575358110488876e-13,0.32297957256347876,1.2527101821792654e-08,3.82806340346218e-10,5.987218788242346e-91,0.21951562757885723
heart_rate_resting_heart_rate,distal_villous_hypoplasia_focal/diffuse,5296,Binomial (Logistic),Logit,True,True,-25.85536036145801,180.33732255863492,1.6150570545925915,13.378361757198373,-23.655430546002744,0.30332082079581524,-2.317606930328684,-0.6948537711005798,0.0026162225913383148,-3.3057998793297614,0.04562653051844574,-6.213744896560766,0.004940828574360941,0.0,8.999964604934185e-05,1.340400136883177e-295,2.8473670901863995e-84,0.011738668322307824,0.0,0.0021780826904774864,0.3956228893050511,9.12860554976867e-57,5.745713260921346e-72,1.325315485495331e-278,0.7600448132868131
heart_rate_resting_heart_rate,accelerated_villous_maturation,5296,Binomial (Logistic),Logit,False,True,94.95358650098518,22.68082836225716,1.8888528802221056,1.21788501026026,-1.1395636149952866,-1.3980051260080408,-0.3186514848093098,-2.1661410689754774,0.03127122947653027,-1.2341020275705505,0.016705266502825517,0.49533582987830044,2.4375845072313204e-108,1.6523374000707007e-83,1.3640602903576482e-48,1.6945689643228448e-22,1.4742750802702362e-05,3.315820154947539e-122,1.3135658686082228e-91,3.936613560911408e-97,3.930972742206209e-108,1.0907523047931327e-55,1.7651292073252308e-60,2.9603328997841774e-40,0.39833628077196204
heart_rate_resting_heart_rate,increased_syncytial_knots,5296,Binomial (Logistic),Logit,False,True,113.9826887007832,29.15167432104682,2.649921895700537,1.813231802620434,-0.865139661544201,-1.672570551235888,-0.4088965291746936,-2.655088538084249,0.03817010266299729,-1.464271501943188,0.01965818132095999,0.5024199572857444,3.097844220294286e-116,9.112747502307657e-98,3.0053551750528013e-62,1.6967469413199803e-35,0.0038502628590794783,1.2500073211372198e-128,9.699552246233988e-105,7.674607131689665e-110,1.1314799931389752e-119,1.6872784963280375e-60,1.3943483017515903e-64,9.873637239166417e-34,0.4634356846862768
heart_rate_resting_heart_rate,decidual_arteriopathy_membrane_role/basal_plate/both,5296,Binomial (Logistic),Logit,False,True,-28.566068523541023,2.4447111002245947e-13,7.784051181403129e-14,-6.215861159120095e-14,-3.1846747461372615e-13,-3.986741492489898e-14,-5.242334344401911e-15,-4.31044089310717e-14,2.322686314115696e-15,-6.869158020172961e-14,-1.2837495823314615e-15,3.2529534621517087e-14,0.9999795224475323,1.0,1.0,1.0,1.0,1.0,1.0,1.0,1.0,1.0,1.0,1.0,
heart_rate_resting_heart_rate,segmental_avascular_villi_small/intermediate/large,5296,Binomial (Logistic),Logit,False,True,-28.566068523541023,2.4447111002245947e-13,7.784051181403129e-14,-6.215861159120095e-14,-3.1846747461372615e-13,-3.986741492489898e-14,-5.242334344401911e-15,-4.31044089310717e-14,2.322686314115696e-15,-6.869158020172961e-14,-1.2837495823314615e-15,3.2529534621517087e-14,0.9999795224475323,1.0,1.0,1.0,1.0,1.0,1.0,1.0,1.0,1.0,1.0,1.0,
heart_rate_resting_heart_rate,delayed_villous_maturation,5296,Binomial (Logistic),Logit,True,True,-55.774728915497796,-11.869308252913955,-1.0961412213985944,-22.3776596015924,4.486200779628316,0.7654530762076339,0.10308673897248129,1.3868487279206207,-0.01952550819186464,0.35845520869641356,-0.005585772600336289,-0.16290012297463102,9.30325436052334e-41,2.108059454688163e-12,8.197532579340458e-10,0.0,6.169000771192581e-38,1.2677235334416098e-41,6.503837686932077e-07,1.9811649264797382e-26,2.676813101250257e-28,7.431420713753983e-06,2.369787626245247e-08,0.0019601046318649933,0.6453702435259413
heart_rate_resting_heart_rate,maternal_inflammatory_response_stage/grade,5296,Binomial (Logistic),Logit,False,True,-28.566068523541023,2.4447111002245947e-13,7.784051181403129e-14,-6.215861159120095e-14,-3.1846747461372615e-13,-3.986741492489898e-14,-5.242334344401911e-15,-4.31044089310717e-14,2.322686314115696e-15,-6.869158020172961e-14,-1.2837495823314615e-15,3.2529534621517087e-14,0.9999795224475323,1.0,1.0,1.0,1.0,1.0,1.0,1.0,1.0,1.0,1.0,1.0,
heart_rate_resting_heart_rate,"villitis_of_unknown_etiology,_high/low_grade,_focal/diffuse",5296,Binomial (Logistic),Logit,False,True,-28.566068523541023,2.4447111002245947e-13,7.784051181403129e-14,-6.215861159120095e-14,-3.1846747461372615e-13,-3.986741492489898e-14,-5.242334344401911e-15,-4.31044089310717e-14,2.322686314115696e-15,-6.869158020172961e-14,-1.2837495823314615e-15,3.2529534621517087e-14,0.9999795224475323,1.0,1.0,1.0,1.0,1.0,1.0,1.0,1.0,1.0,1.0,1.0,
heart_rate_resting_heart_rate,increased_perivillous_fibrin_deposition,5296,Binomial (Logistic),Logit,True,True,79.79606331322906,63.49210150720705,-1.7740364995434392,6.227311945623285,-22.58706294515609,-1.434560736912671,-0.4678891175224603,-2.9780536840603187,0.03977588541159769,-1.2486074744814601,0.013119753801025496,0.5588552373505827,0.9949172548589195,0.9959590734969871,4.266938575249747e-13,2.433962416590714e-67,0.9985683380642493,2.0383509782595915e-05,1.6244973009206172e-43,6.0004481116276346e-09,1.4311333009414068e-08,0.0004387586181312386,0.0052446698591563515,5.093630173408425e-16,0.6214866876488028
heart_rate_resting_heart_rate,chorangiosis,5296,Binomial (Logistic),Logit,True,True,-113.59081536697957,-0.30256872091985265,5.484922814225122,-27.118851029192946,0.8485655729801858,0.799715695953906,0.32262464034779514,2.1389408041825426,-0.023202702594591996,1.0375064405627181,-0.010028687983294038,0.06645911748586378,2.4078787511076864e-78,0.9000874459727749,5.400641970017754e-62,0.0,1.3756726607157676e-06,7.777834080044932e-31,4.682442896147055e-30,5.4220878282985685e-40,2.2447144947755046e-33,8.442005113167553e-18,1.4113141955095093e-11,0.2977532516540097,0.4737020361710613
heart_rate_resting_heart_rate,spontaneous_preterm_birth,5296,Binomial (Logistic),Logit,True,True,-10.296049070486804,4.531101278275074,0.5085504727237191,1.5880509200592348,2.3511761750102482,0.1435751469377482,-0.07125442846541394,0.4727452197371327,-0.007736355219667834,0.197187242523682,-0.002156765036562135,-1.2025923670533727,0.025829970045432027,0.0004561393245879599,0.00047739172966235725,2.800980423864177e-34,9.209489748890586e-27,0.020872163114144412,7.18010629251245e-05,7.272808765457164e-05,2.1792599476851947e-06,0.031229426934101398,0.07291899385276708,5.536998624100969e-72,0.3900894205720983
heart_rate_zone:_fat_burn_minutes,distal_villous_hypoplasia_focal/diffuse,5565,Binomial (Logistic),Logit,True,True,-5.603165504077177,-1.0692233129101782,-0.5402863029554761,1.1062884233111243,-24.816452985693555,0.003278346294675066,0.007437149753354563,0.025143259164676492,0.0006102634606414947,0.14482330819158284,-0.0018211087797217697,-1.1396879442312797,2.1208148003777228e-19,0.003534316615046822,0.0016708611561056365,1.2400727755363535e-07,2.7849869621375498e-08,0.9519073579347241,0.651972308313069,0.04382426902024069,0.5536476106489792,4.632035375123552e-24,0.06987031283958349,4.770986494074188e-62,0.279643008620729
heart_rate_zone:_fat_burn_minutes,accelerated_villous_maturation,5565,Binomial (Logistic),Logit,False,True,-3.9264471943939467,-1.1967953697533353,0.6098090830898569,0.5881570849813352,-1.6144597755899763,-0.05280328820215802,-0.025507164459457846,0.08529093539817466,0.0017137201804830657,-0.0007471929891149094,0.0004779077036982271,0.3321145745518108,2.246771588661838e-28,5.315444737905645e-28,1.530998933384792e-12,2.6971430671127817e-11,6.889852821903068e-14,3.257330037563804e-05,7.217178656462901e-08,7.516581139010275e-24,1.4722112663553346e-08,0.9095755664067922,0.021827993749195956,3.0804199738466752e-33,0.17532981495910505
heart_rate_zone:_fat_burn_minutes,increased_syncytial_knots,5565,Binomial (Logistic),Logit,False,True,-3.8083830324665877,-1.3014782246892103,0.8128432942303996,0.7801261799930311,-1.4776064229423023,-0.06210738039866866,-0.027961924202483553,0.08215391530438323,0.00207436658299754,-0.007900219206706771,0.00041437217230085927,0.33743995582138436,9.311622534525037e-25,2.1687455622050755e-31,6.997519101344235e-19,1.0615521616551001e-17,1.1537446984059185e-11,5.375315248947735e-06,1.617089176252196e-08,4.984518166238205e-21,6.805599827905482e-11,0.2712077578062435,0.10395503117164163,6.384238493139497e-32,0.19768776631508267
heart_rate_zone:_fat_burn_minutes,decidual_arteriopathy_membrane_role/basal_plate/both,5565,Binomial (Logistic),Logit,False,True,-28.566068523541546,-1.0032462663128655e-12,8.070610201208791e-14,-7.657105996327237e-13,-2.198045384526675e-12,5.169379587175066e-14,1.951636131938472e-14,1.47181692621277e-14,6.8159350756591185e-16,1.7504159004175858e-14,-2.595302901452825e-15,8.269098779112661e-14,0.9997783646616466,1.0,1.0,1.0,1.0,1.0,1.0,1.0,1.0,1.0,1.0,1.0,
heart_rate_zone:_fat_burn_minutes,segmental_avascular_villi_small/intermediate/large,5565,Binomial (Logistic),Logit,False,True,-28.566068523541546,-1.0032462663128655e-12,8.070610201208791e-14,-7.657105996327237e-13,-2.198045384526675e-12,5.169379587175066e-14,1.951636131938472e-14,1.47181692621277e-14,6.8159350756591185e-16,1.7504159004175858e-14,-2.595302901452825e-15,8.269098779112661e-14,0.9997783646616466,1.0,1.0,1.0,1.0,1.0,1.0,1.0,1.0,1.0,1.0,1.0,
heart_rate_zone:_fat_burn_minutes,delayed_villous_maturation,5565,Binomial (Logistic),Logit,True,True,0.6204555970432306,-2.107176177580952,-0.6871427869760838,-22.954361253021986,3.975083900722488,0.04361782046301923,-0.03778226581623392,-0.02533607952103165,-0.006012435844593711,-0.06803679404891357,0.0014091155618790043,-0.20948962140077595,0.15061539339936605,2.673799400275263e-15,0.0001892805372212464,0.0074699707864060985,7.856371938307964e-76,0.508687425994359,0.38562554693825835,0.014128612842300874,7.838034898123248e-05,5.623187216163464e-18,0.11625270429514227,5.183941423295076e-05,0.5939756300581381
heart_rate_zone:_fat_burn_minutes,maternal_inflammatory_response_stage/grade,5565,Binomial (Logistic),Logit,False,True,-28.566068523541546,-1.0032462663128655e-12,8.070610201208791e-14,-7.657105996327237e-13,-2.198045384526675e-12,5.169379587175066e-14,1.951636131938472e-14,1.47181692621277e-14,6.8159350756591185e-16,1.7504159004175858e-14,-2.595302901452825e-15,8.269098779112661e-14,0.9997783646616466,1.0,1.0,1.0,1.0,1.0,1.0,1.0,1.0,1.0,1.0,1.0,
heart_rate_zone:_fat_burn_minutes,"villitis_of_unknown_etiology,_high/low_grade,_focal/diffuse",5565,Binomial (Logistic),Logit,False,True,-28.566068523541546,-1.0032462663128655e-12,8.070610201208791e-14,-7.657105996327237e-13,-2.198045384526675e-12,5.169379587175066e-14,1.951636131938472e-14,1.47181692621277e-14,6.8159350756591185e-16,1.7504159004175858e-14,-2.595302901452825e-15,8.269098779112661e-14,0.9997783646616466,1.0,1.0,1.0,1.0,1.0,1.0,1.0,1.0,1.0,1.0,1.0,
heart_rate_zone:_fat_burn_minutes,increased_perivillous_fibrin_deposition,5565,Binomial (Logistic),Logit,True,True,-24.128937858739466,25.827409931936117,-2.7463777969696332,3.18931247975601,-23.330323012675642,0.0781107165291722,0.019174738861255113,-0.010671743571945143,-0.0022543185427650134,-0.16339186749746662,-0.0009397508765696087,0.6041716764632638,0.9998450816569487,0.9998341767199593,1.878434516053504e-168,1.922036918591367e-153,0.9998761632064204,0.0001846482174770188,9.636356826585232e-06,0.024646275581139934,7.899414489467835e-06,8.897032058938723e-118,0.0012269513715379033,7.762218993000203e-28,0.39175481219210073
heart_rate_zone:_fat_burn_minutes,chorangiosis,5565,Binomial (Logistic),Logit,True,True,-47.66292056370628,26.355792641114554,4.679993546505295,-26.90302068935005,0.9701291078085706,-0.07804250026952336,-0.046625700441548956,0.25845484226710885,0.002108745896083359,0.2224551753576617,0.0009202327821427146,-0.18204242341285579,0.0,0.0,1.1184894930622605e-68,0.0,1.057306154299571e-09,3.708993036930754e-07,1.9897635337004956e-06,1.3013743627690334e-26,2.2904066344836688e-05,1.4029579784452583e-162,2.627473730961284e-06,0.005127588070618478,0.4418636162916947
heart_rate_zone:_fat_burn_minutes,spontaneous_preterm_birth,5565,Binomial (Logistic),Logit,True,True,1.4034768454171465,0.2874683261994742,-0.24479033608970535,1.0788411006132101,1.6066493715786772,0.09313149770685585,-0.0022964017070959256,-0.05998682950521465,-0.003030299791341246,-0.033702740777701405,9.057040400588382e-05,-1.2703944987277016,8.279664243852172e-06,0.02021733395330199,0.019014238502017115,3.9636571775769603e-28,1.2389395050254572e-27,2.303280887002114e-08,0.6169620738815522,1.0011571893810212e-22,3.951297260587858e-10,1.039000970214322e-05,0.5378845050952785,2.6704021541903803e-88,0.2259634037928805
heart_rate_zone:_cardio_minutes,distal_villous_hypoplasia_focal/diffuse,5565,Binomial (Logistic),Logit,True,True,-5.9579019930799495,-1.0424195890790737,-0.5449100624521909,1.1387518361170768,-25.028971948656803,0.6268492656726893,0.0012402329586793965,0.043444357340666366,-0.015738715635081682,0.12156447548092268,-0.003897328999318473,-1.1065238770352908,1.0835944394837215e-56,0.0020052150621729763,0.0026584434022234333,2.188386805160467e-07,9.844915814813366e-125,4.268887282369839e-06,0.9821429562803565,2.259463092465868e-08,3.127146054112247e-06,8.682479695073711e-34,0.18107242165323023,2.909482380346757e-48,0.2636196166124666
heart_rate_zone:_cardio_minutes,accelerated_villous_maturation,5565,Binomial (Logistic),Logit,False,True,-4.652289412451455,-1.398049311627165,0.46135961596309016,0.48355872648371856,-1.9931182788867132,0.07157607402636158,-0.11132093504235235,0.11640969695624899,-0.0009820232163575793,-0.002979685103658897,0.0023191237421815235,0.3335523077617495,6.529422798270241e-51,4.731274705934613e-51,9.888743258438096e-08,1.365364820794796e-08,2.1746376326158915e-18,0.2115966868689838,0.00012664813036066292,5.027655167594332e-57,0.42233947017697415,0.6123423504456985,0.00298044855407082,5.9635455175205325e-34,0.17258047172501234
heart_rate_zone:_cardio_minutes,increased_syncytial_knots,5565,Binomial (Logistic),Logit,False,True,-4.67710990403221,-1.5314858878633364,0.6552793477024197,0.6375214453318877,-1.833177105450204,0.09899255745756856,-0.10803962492213552,0.11831652505546005,-0.0015261400788751812,-0.010121876242417222,0.0017781000444659462,0.3404837355593566,1.8531091376957543e-47,2.7005417433931173e-58,8.153335666228777e-13,2.831078465898232e-13,3.896413220629854e-16,0.1130511173577641,0.00023502979637253277,4.383104998329595e-55,0.2534841714160606,0.10273069317800886,0.04571624174146698,4.008217670750607e-33,0.19070104010445355
heart_rate_zone:_cardio_minutes,decidual_arteriopathy_membrane_role/basal_plate/both,5565,Binomial (Logistic),Logit,False,True,-28.566068523539748,1.1523067459610058e-13,-1.1075865493365381e-13,7.752769236583325e-14,4.410027664905266e-13,-5.14524642371091e-15,-1.0978262268962637e-14,-4.12862001207463e-15,-3.066113031618234e-16,7.756579637517528e-16,-2.1545983839768583e-15,-3.3257335384208344e-14,0.99974899155375,1.0,1.0,1.0,1.0,1.0,1.0,1.0,1.0,1.0,1.0,1.0,
heart_rate_zone:_cardio_minutes,segmental_avascular_villi_small/intermediate/large,5565,Binomial (Logistic),Logit,False,True,-28.566068523539748,1.1523067459610058e-13,-1.1075865493365381e-13,7.752769236583325e-14,4.410027664905266e-13,-5.14524642371091e-15,-1.0978262268962637e-14,-4.12862001207463e-15,-3.066113031618234e-16,7.756579637517528e-16,-2.1545983839768583e-15,-3.3257335384208344e-14,0.99974899155375,1.0,1.0,1.0,1.0,1.0,1.0,1.0,1.0,1.0,1.0,1.0,
heart_rate_zone:_cardio_minutes,delayed_villous_maturation,5565,Binomial (Logistic),Logit,True,True,0.9974451372911786,-2.8655688482935737,-1.039347137329871,-23.265961022356556,3.8366480346343295,-0.2534864577936826,0.6830209189154648,-0.058872716550712315,-0.010713024670832823,-0.061541147617547816,-0.004480794770064915,-0.12959281492932848,1.6252501515158778e-06,3.099772193993442e-46,9.070772542364073e-11,0.04691797043192243,5.725817394950354e-55,0.45616167469472824,0.038631252115128766,1.0962237563989768e-36,2.408154249656226e-08,1.6303184569203838e-27,0.007031585346207108,0.007510047949969946,0.5519487970885368
heart_rate_zone:_cardio_minutes,maternal_inflammatory_response_stage/grade,5565,Binomial (Logistic),Logit,False,True,-28.566068523539748,1.1523067459610058e-13,-1.1075865493365381e-13,7.752769236583325e-14,4.410027664905266e-13,-5.14524642371091e-15,-1.0978262268962637e-14,-4.12862001207463e-15,-3.066113031618234e-16,7.756579637517528e-16,-2.1545983839768583e-15,-3.3257335384208344e-14,0.99974899155375,1.0,1.0,1.0,1.0,1.0,1.0,1.0,1.0,1.0,1.0,1.0,
heart_rate_zone:_cardio_minutes,"villitis_of_unknown_etiology,_high/low_grade,_focal/diffuse",5565,Binomial (Logistic),Logit,False,True,-28.566068523539748,1.1523067459610058e-13,-1.1075865493365381e-13,7.752769236583325e-14,4.410027664905266e-13,-5.14524642371091e-15,-1.0978262268962637e-14,-4.12862001207463e-15,-3.066113031618234e-16,7.756579637517528e-16,-2.1545983839768583e-15,-3.3257335384208344e-14,0.99974899155375,1.0,1.0,1.0,1.0,1.0,1.0,1.0,1.0,1.0,1.0,1.0,
heart_rate_zone:_cardio_minutes,increased_perivillous_fibrin_deposition,5565,Binomial (Logistic),Logit,True,True,-23.786632562619342,26.969827542515333,-3.124080343675047,3.1088276684968426,-33.78312323207296,0.24950788276547392,0.012180334740184645,-0.012822697511823637,-0.013254864480921816,-0.2121645458685156,0.006397787358347963,0.6637582405277331,3.8642699004568606e-50,4.428086578104422e-70,3.731983007102259e-156,2.55643105920321e-142,1.2947762232372192e-104,0.03416289984378788,0.5907400018865702,0.00540282795494929,2.6211633109615748e-06,2.235237986704761e-187,0.000304622585507323,1.8955738434381675e-32,0.41399139119428785
heart_rate_zone:_cardio_minutes,chorangiosis,5565,Binomial (Logistic),Logit,True,True,-47.60225621479251,25.792919763434263,4.016365532912118,-26.657571127881123,0.8779318199398766,0.020653463357481288,-0.1594889136705013,0.28743577424655603,-0.00030885154238875605,0.21643331509285135,0.0024695366693714177,-0.24670476578921507,0.0,1.0877143383307953e-185,3.4311581881095076e-82,6.854424143781296e-187,4.8625209302068364e-08,0.8167346557871557,0.002970076416231003,8.303496215507836e-48,0.9078654985750205,9.966620624834788e-200,0.1312806248857877,3.928753512276564e-05,0.4298787451671179
heart_rate_zone:_cardio_minutes,spontaneous_preterm_birth,5565,Binomial (Logistic),Logit,True,True,2.2978604666332276,0.18977862642261015,-0.29026516601893354,1.0338330027561577,1.3250614376932093,0.438631330663158,0.08700276710009153,-0.07941030159979254,-0.016259694102520525,-0.03786258275275923,0.001245671308672322,-1.4146848111516974,3.299093170119941e-14,0.0998448718295678,0.0059540480049415445,1.25681808584063e-25,1.0805243834010475e-16,3.4375872354765876e-06,0.002359960399471152,1.220800756065375e-62,4.528058602902276e-11,1.4943373219388778e-05,0.3489193622224034,2.3022273271471922e-91,0.25156182569867713
heart_rate_zone:_peak_minutes,distal_villous_hypoplasia_focal/diffuse,5565,Binomial (Logistic),Logit,True,True,-5.24651652678684,-0.9901436552840829,-0.5645141756358651,1.0701817633357948,-25.14087727822332,-1.012207323563488,-0.3453003398379479,0.029324046728247136,0.001328461884649319,0.11382364418521407,0.03075873325185125,-1.0849938836935713,6.409552990238856e-50,0.002106568039223367,0.0015952812514929593,4.883100796763267e-07,5.474487395552128e-165,0.1244867238826233,0.3101768563808931,4.210229195528603e-05,0.9054688267647361,1.1326727758501866e-33,0.05214579770523185,8.85652311703651e-46,0.25174188816096943
heart_rate_zone:_peak_minutes,accelerated_villous_maturation,5565,Binomial (Logistic),Logit,False,True,-4.464608378083486,-1.491455051128169,0.5345814496814209,0.4446331197991334,-1.893264640356547,-1.7731355091239462,-0.2660459350903713,0.11076761017732244,0.027434850582931245,-0.0011281308205334842,0.03075088981281451,0.33711047195404864,1.7645118508640093e-50,6.628945851690952e-63,3.4426045455132216e-10,1.666909049885592e-07,2.089769874369769e-18,0.032142338968210366,0.0965233675088753,4.888670652963258e-55,0.16183781665777863,0.8415099180335177,0.00010033380668652056,5.237899654030249e-35,0.17224817619574495
heart_rate_zone:_peak_minutes,increased_syncytial_knots,5565,Binomial (Logistic),Logit,False,True,-4.450643917944474,-1.6141904831123113,0.7176621479921459,0.6020375124030574,-1.76485547035809,-1.9305328346608779,-0.5462610631340646,0.11222869097422837,0.031733111184256806,-0.009027394860669374,0.03125401504206966,0.342920780808814,1.66535361502732e-46,4.6181007820772536e-70,1.7822405146697353e-15,5.109634307625916e-12,3.803233353314106e-16,0.0556736375748654,0.02169423468787614,5.951221792928911e-53,0.20045006000192478,0.13086341357510395,0.006580305863597785,7.020026344099933e-34,0.19219911412285684
heart_rate_zone:_peak_minutes,decidual_arteriopathy_membrane_role/basal_plate/both,5565,Binomial (Logistic),Logit,False,True,-28.56606852354113,2.8666228542854655e-15,-1.600775906460115e-14,1.7718579184140648e-14,2.2656517335789233e-13,3.2795511591578105e-14,1.523958888067533e-14,1.5975437344491594e-14,-5.9656610997283335e-15,-1.798042179569642e-14,9.134563191445157e-15,1.7425474411395044e-14,0.9997429709158904,1.0,1.0,1.0,1.0,1.0,1.0,1.0,1.0,1.0,1.0,1.0,
heart_rate_zone:_peak_minutes,segmental_avascular_villi_small/intermediate/large,5565,Binomial (Logistic),Logit,False,True,-28.56606852354113,2.8666228542854655e-15,-1.600775906460115e-14,1.7718579184140648e-14,2.2656517335789233e-13,3.2795511591578105e-14,1.523958888067533e-14,1.5975437344491594e-14,-5.9656610997283335e-15,-1.798042179569642e-14,9.134563191445157e-15,1.7425474411395044e-14,0.9997429709158904,1.0,1.0,1.0,1.0,1.0,1.0,1.0,1.0,1.0,1.0,1.0,
heart_rate_zone:_peak_minutes,delayed_villous_maturation,5565,Binomial (Logistic),Logit,True,True,1.3926134505472274,-2.7560647703750387,-1.0836240467661695,-23.308705228234164,3.85697968063694,-20.488838555090794,20.69472294193352,-0.06521170610121091,-0.0058469659562922285,-0.07227491636308322,-0.0007062640364962646,-0.16492770465803547,0.0,6.551676816404702e-18,0.0,0.0,1.4933663157513117e-87,0.0,0.0,0.0,0.0,0.0,0.0,0.0,0.5444309295045058
heart_rate_zone:_peak_minutes,maternal_inflammatory_response_stage/grade,5565,Binomial (Logistic),Logit,False,True,-28.56606852354113,2.8666228542854655e-15,-1.600775906460115e-14,1.7718579184140648e-14,2.2656517335789233e-13,3.2795511591578105e-14,1.523958888067533e-14,1.5975437344491594e-14,-5.9656610997283335e-15,-1.798042179569642e-14,9.134563191445157e-15,1.7425474411395044e-14,0.9997429709158904,1.0,1.0,1.0,1.0,1.0,1.0,1.0,1.0,1.0,1.0,1.0,
heart_rate_zone:_peak_minutes,"villitis_of_unknown_etiology,_high/low_grade,_focal/diffuse",5565,Binomial (Logistic),Logit,False,True,-28.56606852354113,2.8666228542854655e-15,-1.600775906460115e-14,1.7718579184140648e-14,2.2656517335789233e-13,3.2795511591578105e-14,1.523958888067533e-14,1.5975437344491594e-14,-5.9656610997283335e-15,-1.798042179569642e-14,9.134563191445157e-15,1.7425474411395044e-14,0.9997429709158904,1.0,1.0,1.0,1.0,1.0,1.0,1.0,1.0,1.0,1.0,1.0,
heart_rate_zone:_peak_minutes,increased_perivillous_fibrin_deposition,5565,Binomial (Logistic),Logit,True,True,-22.975002734268337,25.88659598017779,-2.7946123180328217,2.971487138913212,-23.50143030402058,-1.5162622909759025,-0.2995654470287005,-0.026709085239138158,-0.000679527622127715,-0.18740864743706412,0.050060713166021065,0.6351567558462009,0.9976900480817953,0.9973972706629902,1.6420058702062706e-197,7.343378841569613e-158,0.9976091463832222,2.079443529978301e-05,0.24558191477031166,2.6890363043687458e-14,0.9355745514839277,1.4828134433427619e-254,3.7426854213117464e-06,1.3032165378526008e-31,0.3910057666989565
heart_rate_zone:_peak_minutes,chorangiosis,5565,Binomial (Logistic),Logit,True,True,-47.205992019342276,25.647786985713452,3.7246299634683675,-26.548146552557984,0.7843204597276577,0.1211593033876928,-0.42326908808229835,0.29042385767045514,-0.016011600373436418,0.2137970105091687,0.015065830029518858,-0.31272069979649897,0.0,0.0,8.624129548563636e-103,0.0,1.4295232760867459e-06,0.8483444066529052,0.169617621377531,1.038790971441254e-52,0.4258992303042909,3.847618260496326e-217,0.2169877281280722,7.061026836480868e-09,0.4273159523597829
heart_rate_zone:_peak_minutes,spontaneous_preterm_birth,5565,Binomial (Logistic),Logit,True,True,1.9426543859070113,0.05798482823096022,-0.17847774543359157,0.8971028924625272,1.6581256498612986,0.08380493023814602,0.40177679451849085,-0.08787327942207103,-0.02265485869331685,-0.015859665816064634,0.01553439737391738,-1.2764557087685318,2.5160035070536856e-17,0.582379275566635,0.08745419596087584,1.2979539687860185e-22,4.645722130850494e-31,0.9449777983658039,0.042188831733318194,3.083177860751436e-85,0.4591098248559593,0.008544689303396004,0.1646325737552864,6.836269080606275e-70,0.2036869020832177
sleep_summary_stages_deep,distal_villous_hypoplasia_focal/diffuse,4386,Binomial (Logistic),Logit,True,True,-5.761159250904102,-3.9359467754622437,0.019521989332382816,0.48591682357317334,-22.404304642172125,0.04001611612701692,0.0255689439119906,-0.02767032008531119,3.804559153308761e-05,0.21908739025692436,-0.0013126021411832692,-0.8689541860470614,9.325048869290916e-07,8.406673263498723e-15,0.8916562333733532,0.011886159994451681,0.0,0.01543886285369525,0.00012560425288722063,0.13644125957226352,0.8918005567254923,5.262333035636419e-15,0.0002925764220156509,9.701771190595756e-99,0.246340169822578
sleep_summary_stages_deep,accelerated_villous_maturation,4386,Binomial (Logistic),Logit,False,True,-2.8603903509138164,-0.9946966817568251,0.6853828375036654,0.29057857235365814,-3.6198471078750094,-0.005640739228458873,-0.009236305148703751,0.003056961196784951,0.0012924135832742896,0.02460657663167564,-0.0004130528478910815,0.2791101680710609,0.0010562580156198067,0.0011483097976756266,6.595026131267337e-13,0.003342780404375075,1.5723152930796614e-19,0.6412669120701644,0.037842667129649905,0.8779795429930829,9.998494521781807e-06,0.18157992508574805,0.10780739333924047,1.4908710952780368e-21,0.16713575605478648
sleep_summary_stages_deep,increased_syncytial_knots,4386,Binomial (Logistic),Logit,False,True,-1.5520617585297791,-1.0110314590212803,0.5090103172418053,0.7680509222218613,-3.5988312580331634,-0.004395901514183887,-0.01205337707990073,0.0038778054499696833,0.0010786431140162316,-0.021173728547431006,-0.00022462479030311013,0.2288850365176468,0.0993128236154689,0.0008755559629099711,6.805091772478718e-07,3.831527600062578e-14,1.1830790213171132e-18,0.7357443727694755,0.0062561074565864365,0.8544712685603274,0.0004423397732925349,0.30596110851416336,0.4357765872224283,3.4433116277818595e-13,0.18082420055799897
sleep_summary_stages_deep,decidual_arteriopathy_membrane_role/basal_plate/both,4386,Binomial (Logistic),Logit,False,True,-28.566068523541503,-5.969102885799213e-14,-2.491189656260944e-14,-7.427417195717059e-15,1.9079313617017575e-13,-1.1126609313866534e-15,1.1536198278433446e-15,-2.275470093617441e-15,-6.667948316097383e-16,2.889879189325727e-15,7.850722094941955e-16,5.494059545020419e-15,0.9999241291513167,1.0,1.0,1.0,1.0,1.0,1.0,1.0,1.0,1.0,1.0,1.0,
sleep_summary_stages_deep,segmental_avascular_villi_small/intermediate/large,4386,Binomial (Logistic),Logit,False,True,-28.566068523541503,-5.969102885799213e-14,-2.491189656260944e-14,-7.427417195717059e-15,1.9079313617017575e-13,-1.1126609313866534e-15,1.1536198278433446e-15,-2.275470093617441e-15,-6.667948316097383e-16,2.889879189325727e-15,7.850722094941955e-16,5.494059545020419e-15,0.9999241291513167,1.0,1.0,1.0,1.0,1.0,1.0,1.0,1.0,1.0,1.0,1.0,
sleep_summary_stages_deep,delayed_villous_maturation,4386,Binomial (Logistic),Logit,True,True,0.7222388354126155,-1.9382063010583892,-2.420029390454441,-23.970727617645476,5.108855233208559,0.01213696154556322,-0.026560655736605935,-0.027940706911633705,-0.0006533693818052025,-0.2064544002226363,0.001853594406602671,-0.08769103625584618,0.813543453783232,0.006009526324678742,1.1485162139941369e-12,6.714277502586118e-232,1.081877055078963e-22,0.6752091969585396,0.017245641206223416,0.35308214052032905,0.11257320707501323,0.13573954424179743,0.17184831599788009,0.3337319837086511,0.7974438726474458
sleep_summary_stages_deep,maternal_inflammatory_response_stage/grade,4386,Binomial (Logistic),Logit,False,True,-28.566068523541503,-5.969102885799213e-14,-2.491189656260944e-14,-7.427417195717059e-15,1.9079313617017575e-13,-1.1126609313866534e-15,1.1536198278433446e-15,-2.275470093617441e-15,-6.667948316097383e-16,2.889879189325727e-15,7.850722094941955e-16,5.494059545020419e-15,0.9999241291513167,1.0,1.0,1.0,1.0,1.0,1.0,1.0,1.0,1.0,1.0,1.0,
sleep_summary_stages_deep,"villitis_of_unknown_etiology,_high/low_grade,_focal/diffuse",4386,Binomial (Logistic),Logit,False,True,-28.566068523541503,-5.969102885799213e-14,-2.491189656260944e-14,-7.427417195717059e-15,1.9079313617017575e-13,-1.1126609313866534e-15,1.1536198278433446e-15,-2.275470093617441e-15,-6.667948316097383e-16,2.889879189325727e-15,7.850722094941955e-16,5.494059545020419e-15,0.9999241291513167,1.0,1.0,1.0,1.0,1.0,1.0,1.0,1.0,1.0,1.0,1.0,
sleep_summary_stages_deep,increased_perivillous_fibrin_deposition,4386,Binomial (Logistic),Logit,True,True,-21.850163628969796,26.03431980751668,-3.3455497120549134,3.561656317439099,-23.236761791195896,-0.018340748593732404,0.009625538824355599,0.0032438134273876816,-0.0006226096146003471,-0.26420662189802235,0.001261483424861874,0.5232990354323802,0.9992183347320543,0.9990686478414995,1.4523704706311173e-138,1.584600370716313e-115,0.9992000035412777,0.10310751243284244,0.01380727132522461,0.8485193632906136,0.029329685415430948,3.6912021233379274e-43,2.0024213121289048e-07,3.3626447799391197e-22,0.38079694262228525
sleep_summary_stages_deep,chorangiosis,4386,Binomial (Logistic),Logit,True,True,-78.81143350291961,26.53716964480969,27.025215191299775,-26.64559776158391,-24.56684843996478,0.16489561565492156,-0.014524871364522123,0.5285284754856012,-0.0039029317858964387,0.20557392746139186,-0.0013837568351808473,0.39036919454906827,0.0,5.648239118415702e-06,4.996962329159175e-06,0.0,0.0,0.0,0.0003507262467164874,0.0,0.0,1.900842610949958e-72,0.0,9.087302417274572e-05,0.48212093350808993
sleep_summary_stages_deep,spontaneous_preterm_birth,4386,Binomial (Logistic),Logit,True,True,1.1964770013443313,0.5865124001890556,-0.5012040124742855,0.572632259228307,0.8148334058373145,0.019819252580606146,-0.006414430439027771,-0.01663949428550759,-0.0009626628256000526,-0.07848969654729256,0.0006925724749856013,-1.3813155003523199,0.2922193164492324,0.05522689152137056,5.6039629017741865e-06,2.2928569613261525e-07,0.0024923488783536573,0.2112356582788757,0.1321814428733914,0.29185350066486215,0.00017918394537998423,0.010905860832328062,0.10148568676935729,2.8867604946313156e-56,0.20172588535665714
sleep_summary_stages_light,distal_villous_hypoplasia_focal/diffuse,4386,Binomial (Logistic),Logit,True,True,-8.236048287082863,-4.654788639866096,-0.07885646967874567,0.8074129431125588,-21.85100363938907,0.019068990933958228,0.010323285319253242,0.05737480095825939,-0.0003237092420136449,0.3005785169844075,-0.0006604213442672435,-0.862917795671807,1.7080009933326354e-05,5.902681609508535e-14,0.5774737644679471,7.886747756059707e-05,0.0,0.004089199106078464,2.0925497993252304e-05,0.10153197283483234,0.01098043898085885,8.798993178078897e-15,1.3226076223609738e-06,2.635119988193254e-74,0.23874940857050553
sleep_summary_stages_light,accelerated_villous_maturation,4386,Binomial (Logistic),Logit,False,True,-9.089862014262408,-1.7310800760462277,0.7600879897382775,0.2876783825227724,-2.7552728192460623,0.022059823469012876,0.0003930107538476578,0.15516991195972887,-0.00031095578443344243,0.12240830562942717,-0.0004288709198871121,0.29440503833699305,7.373805500795576e-12,1.2766017772888702e-05,1.4327249172910272e-15,0.0036405371435951042,1.4682503384523704e-13,1.70537687749153e-06,0.7910426790246039,6.360733196116177e-07,0.005242813759698852,7.397729103652347e-06,9.529907033043566e-06,6.3254835460920465e-24,0.14606248690228907
sleep_summary_stages_light,increased_syncytial_knots,4386,Binomial (Logistic),Logit,False,True,-9.236748570416154,-2.222346914358379,0.6218547858411058,0.7839911496701043,-2.7031631032975554,0.027927925504880637,0.0015379199006114652,0.12604448467675095,-0.00024510926458546717,0.17429965480970686,-0.000763062289162599,0.23344697058507105,2.220990919596135e-11,2.7816166321737325e-08,1.4855826478292042e-09,1.7374676425334735e-14,7.613997181395861e-13,1.1748059597522504e-08,0.3020471327772557,7.360468895200337e-05,0.03268247433867144,1.145011012034245e-08,1.0758770871942722e-11,1.5578791967400706e-13,0.1717019271294532
sleep_summary_stages_light,decidual_arteriopathy_membrane_role/basal_plate/both,4386,Binomial (Logistic),Logit,False,True,-28.566068523542743,5.940035121962727e-15,-1.1729595988833643e-15,-1.628443055370304e-15,-8.172001941152679e-14,-2.7706859957945114e-16,1.6702834857251436e-15,2.170194514018134e-15,-4.634242636306035e-16,-8.071897812312075e-18,2.3946784827285035e-16,3.50370462582791e-15,0.9999518015710555,1.0,1.0,1.0,1.0,1.0,1.0,1.0,1.0,1.0,1.0,1.0,
sleep_summary_stages_light,segmental_avascular_villi_small/intermediate/large,4386,Binomial (Logistic),Logit,False,True,-28.566068523542743,5.940035121962727e-15,-1.1729595988833643e-15,-1.628443055370304e-15,-8.172001941152679e-14,-2.7706859957945114e-16,1.6702834857251436e-15,2.170194514018134e-15,-4.634242636306035e-16,-8.071897812312075e-18,2.3946784827285035e-16,3.50370462582791e-15,0.9999518015710555,1.0,1.0,1.0,1.0,1.0,1.0,1.0,1.0,1.0,1.0,1.0,
sleep_summary_stages_light,delayed_villous_maturation,4386,Binomial (Logistic),Logit,True,True,0.8231554546505935,-3.9155063899387845,-2.137443156207063,-22.382852531788913,5.610879297514868,-0.004083144352791856,-3.237567812268454e-05,-0.09579927375265702,9.19477800473505e-05,0.021740539087289967,-0.00021574648586569368,0.04500895341722773,0.5965390001593821,0.00023955898066095951,2.8972314576618725e-12,0.0,1.0450963890755513e-19,0.5066411367953294,0.9924876061409611,0.045726120460956234,0.6787692755078116,0.7647481599324797,0.503464012806909,0.4970058201569031,0.7924793789671446
sleep_summary_stages_light,maternal_inflammatory_response_stage/grade,4386,Binomial (Logistic),Logit,False,True,-28.566068523542743,5.940035121962727e-15,-1.1729595988833643e-15,-1.628443055370304e-15,-8.172001941152679e-14,-2.7706859957945114e-16,1.6702834857251436e-15,2.170194514018134e-15,-4.634242636306035e-16,-8.071897812312075e-18,2.3946784827285035e-16,3.50370462582791e-15,0.9999518015710555,1.0,1.0,1.0,1.0,1.0,1.0,1.0,1.0,1.0,1.0,1.0,
sleep_summary_stages_light,"villitis_of_unknown_etiology,_high/low_grade,_focal/diffuse",4386,Binomial (Logistic),Logit,False,True,-28.566068523542743,5.940035121962727e-15,-1.1729595988833643e-15,-1.628443055370304e-15,-8.172001941152679e-14,-2.7706859957945114e-16,1.6702834857251436e-15,2.170194514018134e-15,-4.634242636306035e-16,-8.071897812312075e-18,2.3946784827285035e-16,3.50370462582791e-15,0.9999518015710555,1.0,1.0,1.0,1.0,1.0,1.0,1.0,1.0,1.0,1.0,1.0,
sleep_summary_stages_light,increased_perivillous_fibrin_deposition,4386,Binomial (Logistic),Logit,True,True,-17.890922193011544,25.696809416817885,-3.3221844844871047,3.642676506134857,-23.319042937707163,-0.018707377755851785,0.0040250029196126575,-0.01948927808171407,-6.383196376588201e-05,-0.3504002643264391,0.0005975744397818502,0.48648495325640906,0.9992362707405111,0.9989030346961426,3.5992655885440284e-135,6.409017162070849e-129,0.9990999215003602,1.813351557432372e-06,0.004222365683808267,0.47625266910415776,0.5467107588523565,2.166909240007826e-30,1.4760214834551769e-09,3.763183342099641e-20,0.37764059846116427
sleep_summary_stages_light,chorangiosis,4386,Binomial (Logistic),Logit,True,True,-67.40800068768374,26.636343574635454,30.838094008563285,-28.87289201092625,-28.296723541381443,-0.039698002669897654,0.0027408313817846707,0.4377436578433846,-9.453625337579286e-05,-0.38492845885985033,0.0017736700317386531,0.7060589697991864,0.0,0.0,0.0,0.0,0.0,0.0,0.05266857106384313,0.0,0.0,1.6590104482296103e-124,0.0,2.141276308333035e-10,0.4628131462878554
sleep_summary_stages_light,spontaneous_preterm_birth,4386,Binomial (Logistic),Logit,True,True,5.011294302391448,0.9732425709562812,-0.5538077355071486,0.6525862856202232,0.9633367183308352,-0.01070220122055589,-0.003535766270168724,-0.17716532723737552,0.0003967622573679523,-0.0773699941312421,0.00018314179252834224,-1.3675119928120363,0.00493116996414075,0.0499884634129127,2.808779389566222e-06,4.955501743788042e-09,0.00030209750167010864,0.06734317213086231,0.04135101345191755,4.41399746453933e-11,5.2933681943738407e-05,0.14155407911977191,0.3051945944972817,4.0608903242076657e-53,0.20330756111630988
sleep_summary_stages_rem,distal_villous_hypoplasia_focal/diffuse,4386,Binomial (Logistic),Logit,True,True,-3.8534898411591345,-2.2396987235640293,-0.024149587102658802,0.570164905827555,-21.95549526523459,0.007686331167727313,5.577206658402575e-05,-0.04177747997894865,0.00018711820586980203,0.17690129799422538,-0.0005011921557313008,-0.8377089323266917,0.004836260692984381,1.3980344226747268e-05,0.8661500441271932,0.004291522587130187,0.0,0.6269653158383827,0.9922625596552133,0.041958614433285676,0.43123252203630846,2.88530460638444e-08,0.16686748080708147,7.733291609218748e-96,0.21994238158527923
sleep_summary_stages_rem,accelerated_villous_maturation,4386,Binomial (Logistic),Logit,False,True,-2.5738606373645836,-2.560732034863652,0.719929772382027,0.32774689517062516,-2.889743280077146,-0.004327855695293953,0.009790076226502577,0.041318431108251286,0.0003150943028857854,0.039056234056014896,-0.0003812937907027927,0.28903181371858755,0.009481320540704368,2.2280967565225775e-18,6.518959415778997e-14,0.0008596305433950435,8.305670569960434e-15,0.6741098114277517,0.0012915115882579993,0.06650962036805887,0.183426852343599,0.04484608437724682,0.06038340919361411,3.136909037374284e-23,0.14482179539029216
sleep_summary_stages_rem,increased_syncytial_knots,4386,Binomial (Logistic),Logit,False,True,-2.6293972484003376,-2.7995567079822927,0.5733442463128176,0.8025756774551595,-2.894570251012909,0.010761996683957465,0.010335321248736385,0.04787884925603843,0.00013107954333439466,0.0352714579719266,-0.0007190989805472196,0.23225156880996953,0.012743606104869042,1.1995913094615162e-21,2.718880995764033e-08,2.112195557776068e-15,1.719069702121632e-14,0.3228257329382065,0.0006952584320766437,0.04384975004044007,0.597935418025023,0.09920423342611392,0.001413145208020893,1.3132303692586956e-13,0.16584031190781634
sleep_summary_stages_rem,decidual_arteriopathy_membrane_role/basal_plate/both,4386,Binomial (Logistic),Logit,False,True,-28.56606852354108,-3.287019011134715e-14,-2.496455298705988e-14,5.436570007720654e-15,1.7590943051670505e-13,-3.3483959530444715e-15,2.0746521234563256e-16,-9.106631908498559e-15,1.6581881679408872e-15,-7.195614800567744e-15,-8.364929043782495e-16,-1.577123682550326e-14,0.9999366456870242,1.0,1.0,1.0,1.0,1.0,1.0,1.0,1.0,1.0,1.0,1.0,
sleep_summary_stages_rem,segmental_avascular_villi_small/intermediate/large,4386,Binomial (Logistic),Logit,False,True,-28.56606852354108,-3.287019011134715e-14,-2.496455298705988e-14,5.436570007720654e-15,1.7590943051670505e-13,-3.3483959530444715e-15,2.0746521234563256e-16,-9.106631908498559e-15,1.6581881679408872e-15,-7.195614800567744e-15,-8.364929043782495e-16,-1.577123682550326e-14,0.9999366456870242,1.0,1.0,1.0,1.0,1.0,1.0,1.0,1.0,1.0,1.0,1.0,
sleep_summary_stages_rem,delayed_villous_maturation,4386,Binomial (Logistic),Logit,True,True,0.33453142247848716,-3.849941488744891,-1.9675383759737757,-22.533037215774122,5.748843585905641,-0.0005064142009022205,-0.0035903995073058967,-0.0663916753668334,-0.00018425253410492423,-0.03736719814445469,3.451506342620476e-05,-0.017681202302130782,0.7800988125768173,1.015364042382672e-07,3.412870396457356e-13,0.0,5.834826266781357e-22,0.971043913407965,0.5755489405289687,0.05043486732937425,0.6562389825721782,0.3128573618280931,0.9333290699505147,0.7954289952918879,0.7894119177232156
sleep_summary_stages_rem,maternal_inflammatory_response_stage/grade,4386,Binomial (Logistic),Logit,False,True,-28.56606852354108,-3.287019011134715e-14,-2.496455298705988e-14,5.436570007720654e-15,1.7590943051670505e-13,-3.3483959530444715e-15,2.0746521234563256e-16,-9.106631908498559e-15,1.6581881679408872e-15,-7.195614800567744e-15,-8.364929043782495e-16,-1.577123682550326e-14,0.9999366456870242,1.0,1.0,1.0,1.0,1.0,1.0,1.0,1.0,1.0,1.0,1.0,
sleep_summary_stages_rem,"villitis_of_unknown_etiology,_high/low_grade,_focal/diffuse",4386,Binomial (Logistic),Logit,False,True,-28.56606852354108,-3.287019011134715e-14,-2.496455298705988e-14,5.436570007720654e-15,1.7590943051670505e-13,-3.3483959530444715e-15,2.0746521234563256e-16,-9.106631908498559e-15,1.6581881679408872e-15,-7.195614800567744e-15,-8.364929043782495e-16,-1.577123682550326e-14,0.9999366456870242,1.0,1.0,1.0,1.0,1.0,1.0,1.0,1.0,1.0,1.0,1.0,
sleep_summary_stages_rem,increased_perivillous_fibrin_deposition,4386,Binomial (Logistic),Logit,True,True,-22.806835228995013,26.052778029723783,-3.2479552870520427,3.517742349359585,-23.29149350194881,-0.0037654330447790263,0.0058004821681937515,-0.035247836357032956,3.0412447420553795e-05,-0.18294982060184414,3.041674301545633e-05,0.5014881468194334,0.9989989904316012,0.9988565145083621,1.990345492406478e-141,4.363377785945965e-120,0.9990449920954296,0.6560269281071267,0.043958378606610476,0.049483436600506914,0.8783642827988533,7.089506466539356e-20,0.8828604613317719,2.151549553633845e-21,0.37428457040394336
sleep_summary_stages_rem,chorangiosis,4386,Binomial (Logistic),Logit,True,True,-67.44603521617981,27.79567940915931,27.196493880333094,-26.897770551279223,-24.787950034697502,-0.04688018252313069,-0.01916316921069696,0.19495762764135185,0.0018274183995475254,0.13318184368577324,-7.151457443326823e-05,0.44345972163622005,0.0,0.120315778909867,0.13019221404054562,0.0,0.0,0.0,1.4865729535530021e-12,2.728947150743074e-150,0.0,2.6286861118253237e-28,0.0,2.56062772303088e-05,0.436378894895984
sleep_summary_stages_rem,spontaneous_preterm_birth,4386,Binomial (Logistic),Logit,True,True,0.8792077377651264,-0.11375466412500752,-0.6187197378131428,0.6199211312733794,0.7684004241880065,0.012015818548334202,0.0020474393928354463,-0.13890277822186686,0.0007711964075283282,0.0649374792237764,-0.0009729645718467684,-1.3894069931630875,0.5196901705633837,0.7536934425734783,3.61420827571376e-08,2.6058748675076568e-08,0.004188959036909569,0.3782945872378103,0.5779515581091124,1.0943320277130298e-12,0.0003315619880165856,0.09477380917589236,0.009150817344265236,6.464112699107524e-56,0.20999108595408067
sleep_summary_stages_wake,distal_villous_hypoplasia_focal/diffuse,5561,Binomial (Logistic),Logit,True,True,-3.0610757580661603,-1.3219581748904348,0.045746322021858576,0.6168871216558253,-23.00004796813456,-0.012865280107737213,-0.010469030954261226,-0.051090832421074935,0.000575578025285973,0.13790945269507748,-9.471760566537414e-05,-0.8271796996868458,0.00040916797553273797,0.0003910655007521946,0.732275028264586,0.00010644544208644616,0.0,0.36293833112311535,0.0824624349969584,0.0001482419703252909,0.013588778019563232,1.3088086310908918e-09,0.7903644294506618,1.208981877324915e-114,0.20848137357615626
sleep_summary_stages_wake,accelerated_villous_maturation,5561,Binomial (Logistic),Logit,False,True,-5.579358911886332,-1.290765011172289,0.7683416058087905,0.2140234960454608,-2.506324134952287,0.029738299399363715,-0.008513583854318146,0.07011358543756332,0.00032001576768936725,0.08703634049505807,-0.0012596163853986237,0.326227327930318,8.90630557641615e-12,6.123840678359081e-09,8.541636878687999e-19,0.014572557406851108,6.439364563507262e-23,0.016565718139022557,0.018283894653711958,0.00010655253571745288,0.27391258904986693,2.9619208252420417e-07,1.5935249863808161e-06,7.227405349423057e-33,0.1685170108932018
sleep_summary_stages_wake,increased_syncytial_knots,5561,Binomial (Logistic),Logit,False,True,-4.83901714972789,-1.396680236613954,0.7360766014323326,0.6634979259602886,-2.4888808705645813,0.035607400813194995,-0.010082473126082583,0.06440162413623363,0.00027177817858956883,0.06893109600019487,-0.0014756281169547125,0.27919945339234775,8.156813945028935e-09,6.189507219411949e-10,7.833132577315032e-15,2.0789605132088864e-13,9.604985860465906e-22,0.005956875231559869,0.005930298899972026,0.00043190860510120807,0.35980986075919885,0.00019468505404047023,6.155769561119633e-07,2.0930122013059716e-21,0.19262396111497504
sleep_summary_stages_wake,decidual_arteriopathy_membrane_role/basal_plate/both,5561,Binomial (Logistic),Logit,False,True,-28.56606852354293,6.805244716574335e-15,1.7339625785448062e-14,-8.720400962826012e-15,-8.278470791295755e-14,2.3296610331061152e-15,2.599626582601394e-16,3.26574373244313e-15,4.193614601745505e-15,2.8739869196630374e-15,-4.3958005776836236e-15,5.076986405103859e-15,0.9999220540570216,1.0,1.0,1.0,1.0,1.0,1.0,1.0,1.0,1.0,1.0,1.0,
sleep_summary_stages_wake,segmental_avascular_villi_small/intermediate/large,5561,Binomial (Logistic),Logit,False,True,-28.56606852354293,6.805244716574335e-15,1.7339625785448062e-14,-8.720400962826012e-15,-8.278470791295755e-14,2.3296610331061152e-15,2.599626582601394e-16,3.26574373244313e-15,4.193614601745505e-15,2.8739869196630374e-15,-4.3958005776836236e-15,5.076986405103859e-15,0.9999220540570216,1.0,1.0,1.0,1.0,1.0,1.0,1.0,1.0,1.0,1.0,1.0,
sleep_summary_stages_wake,delayed_villous_maturation,5561,Binomial (Logistic),Logit,True,True,-0.36029715544479796,-3.5234819668791757,-2.253830831566448,-23.40714945114766,6.073420291874148,0.04426424221641052,-0.01433413657430097,-0.017851148362336523,-0.0015936189398501137,-0.13200721173407168,0.0008286261396591081,0.04077433938495427,0.837970862943448,1.0344614856721892e-09,4.3110315557212566e-23,3.2253345561814942e-202,6.484645228069231e-25,0.22410174276019768,0.022836041657725997,0.7591635597103177,0.11589933176985573,4.18032123263756e-06,0.008504214211102805,0.5768400011526702,0.838960183604965
sleep_summary_stages_wake,maternal_inflammatory_response_stage/grade,5561,Binomial (Logistic),Logit,False,True,-28.56606852354293,6.805244716574335e-15,1.7339625785448062e-14,-8.720400962826012e-15,-8.278470791295755e-14,2.3296610331061152e-15,2.599626582601394e-16,3.26574373244313e-15,4.193614601745505e-15,2.8739869196630374e-15,-4.3958005776836236e-15,5.076986405103859e-15,0.9999220540570216,1.0,1.0,1.0,1.0,1.0,1.0,1.0,1.0,1.0,1.0,1.0,
sleep_summary_stages_wake,"villitis_of_unknown_etiology,_high/low_grade,_focal/diffuse",5561,Binomial (Logistic),Logit,False,True,-28.56606852354293,6.805244716574335e-15,1.7339625785448062e-14,-8.720400962826012e-15,-8.278470791295755e-14,2.3296610331061152e-15,2.599626582601394e-16,3.26574373244313e-15,4.193614601745505e-15,2.8739869196630374e-15,-4.3958005776836236e-15,5.076986405103859e-15,0.9999220540570216,1.0,1.0,1.0,1.0,1.0,1.0,1.0,1.0,1.0,1.0,1.0,
sleep_summary_stages_wake,increased_perivillous_fibrin_deposition,5561,Binomial (Logistic),Logit,True,True,-20.86574460335831,25.591815534284713,-3.2568443380062178,3.432743290576966,-23.207458543630967,-0.03032112140110137,0.014395512873554396,-0.03843887697169975,3.9200127049733246e-05,-0.22738053137288558,0.0005784396006987039,0.5428071878592114,0.9983700777129213,0.9980009177401734,3.8965127764977186e-200,7.714730593997867e-154,0.9982781174553959,0.011635979533651773,2.9405706161059773e-05,0.022182004688502444,0.9021726220754718,9.073190077192498e-36,0.027386101181727074,1.5906549978038962e-26,0.3911515262482326
sleep_summary_stages_wake,chorangiosis,5561,Binomial (Logistic),Logit,True,True,-71.9809855443444,25.7572193552004,26.958307921432798,-26.998788152778925,-25.379152372361933,0.011777902073015734,0.015426011996324885,0.28130039203382073,0.0010648047050208869,0.22127102254650594,-0.0016850790685006528,0.4649339306382648,0.0,0.40457611798989945,0.3841921137322023,0.0,0.0,0.0,2.250184597932239e-05,0.0,0.0,5.253403976509939e-103,0.0,1.173770734503853e-07,0.4463857427045954
sleep_summary_stages_wake,spontaneous_preterm_birth,5561,Binomial (Logistic),Logit,True,True,0.8103550166875529,2.2870183579672214,-0.6120265119354091,0.6902970987734821,1.2226126141139495,0.02246269127930028,-0.03530637347159746,-0.045301602108369615,-0.0006517205624010012,-0.053058098288947794,0.0005813032029018427,-1.3765496805377708,0.48452126591799016,2.493548615549513e-16,8.051425452286295e-09,6.925735111341603e-11,7.111246514481796e-09,0.22574497932796223,1.2181814249495135e-16,0.011623933445226496,0.044938584235615954,0.11382820892800853,0.3189416103449907,4.149799993600797e-60,0.2326009493661314
sleep_summary_total_sleep_records,distal_villous_hypoplasia_focal/diffuse,5851,Binomial (Logistic),Logit,True,True,-0.9692721618024246,-3.256572693355666,-0.055556765073049824,0.8414172217658931,-22.897676377704556,-2.417472158554189,1.0369115287176063,-0.06400483153825683,0.04425371112832945,0.13931099809065936,-0.006102613158504713,-0.8726708753126788,0.3242278703790402,1.641873370103122e-15,0.66999777704706,5.145621433999508e-07,0.0,0.0008520573391422559,0.0009093131268952656,3.6524774188987865e-05,0.00041985966639142394,1.840992482871374e-11,0.6981024143106274,3.1806474628977865e-124,0.22835065039435887
sleep_summary_total_sleep_records,accelerated_villous_maturation,5851,Binomial (Logistic),Logit,False,True,-1.0096882369619886,-1.271890442722871,0.7980586944041854,0.343406881221651,-2.126002072084367,-2.3278832561078016,-0.3475708501077766,0.021439951916895926,0.05256331787294853,-0.009571010962785939,0.018779796943760196,0.2908024695860942,0.18801183168208224,4.393793250063361e-09,2.0292640393415536e-21,6.159536085450477e-05,4.215029834611084e-21,7.104043912527047e-05,0.026064181923583122,0.22824827788659374,9.026457730674551e-05,0.4947037770837033,0.07134287958434722,8.963030486028179e-29,0.16088646940189655
sleep_summary_total_sleep_records,increased_syncytial_knots,5851,Binomial (Logistic),Logit,False,True,0.7178705624360647,-1.564953186822077,0.75076097300039,0.7753009849103747,-2.096357760408901,-2.9264982376166935,-0.2651404255738182,-0.0007356366208697778,0.06432876321588588,-0.045821982531769764,0.02581597114665004,0.2448875016873963,0.366261743910669,9.273636174852668e-13,1.0008614052523236e-16,1.2815800431777286e-18,8.275686103107277e-20,9.496953437262575e-07,0.09623618026621128,0.9679085754585455,2.063417878250727e-06,0.002348500591241816,0.01862771528652264,1.6383461917968572e-18,0.18015224439234412
sleep_summary_total_sleep_records,decidual_arteriopathy_membrane_role/basal_plate/both,5851,Binomial (Logistic),Logit,False,True,-28.566068523542732,3.477598205083915e-15,1.2812714657117333e-14,3.8344869718213695e-14,-1.0896686557816159e-13,-4.4531439931617416e-15,-8.634960799171155e-15,1.2006998800692187e-14,1.770065513996573e-14,1.7074143612409756e-14,2.3850760489849773e-14,2.8176150420812106e-14,0.9999104530769853,1.0,1.0,1.0,1.0,1.0,1.0,1.0,1.0,1.0,1.0,1.0,
sleep_summary_total_sleep_records,segmental_avascular_villi_small/intermediate/large,5851,Binomial (Logistic),Logit,False,True,-28.566068523542732,3.477598205083915e-15,1.2812714657117333e-14,3.8344869718213695e-14,-1.0896686557816159e-13,-4.4531439931617416e-15,-8.634960799171155e-15,1.2006998800692187e-14,1.770065513996573e-14,1.7074143612409756e-14,2.3850760489849773e-14,2.8176150420812106e-14,0.9999104530769853,1.0,1.0,1.0,1.0,1.0,1.0,1.0,1.0,1.0,1.0,1.0,
sleep_summary_total_sleep_records,delayed_villous_maturation,5851,Binomial (Logistic),Logit,True,True,-3.7961335282334967,-3.1572959386644825,-1.9283689227642549,-21.955358320437355,5.7192281383063515,5.235634498831916,-0.8055752013331051,-0.13278363958416858,0.044142040571634705,0.23481317291161888,-0.3098502991263024,-0.09784742690407949,0.38223401742516416,0.0006725937429055409,4.032044590574546e-11,0.3981521241550444,4.7557075731047326e-18,0.20633621879526498,0.1889434007917602,0.07796618703074057,0.5909130215189435,0.4580866766208085,0.331235907125755,0.4456725342687926,0.8488071231532563
sleep_summary_total_sleep_records,maternal_inflammatory_response_stage/grade,5851,Binomial (Logistic),Logit,False,True,-28.566068523542732,3.477598205083915e-15,1.2812714657117333e-14,3.8344869718213695e-14,-1.0896686557816159e-13,-4.4531439931617416e-15,-8.634960799171155e-15,1.2006998800692187e-14,1.770065513996573e-14,1.7074143612409756e-14,2.3850760489849773e-14,2.8176150420812106e-14,0.9999104530769853,1.0,1.0,1.0,1.0,1.0,1.0,1.0,1.0,1.0,1.0,1.0,
sleep_summary_total_sleep_records,"villitis_of_unknown_etiology,_high/low_grade,_focal/diffuse",5851,Binomial (Logistic),Logit,False,True,-28.566068523542732,3.477598205083915e-15,1.2812714657117333e-14,3.8344869718213695e-14,-1.0896686557816159e-13,-4.4531439931617416e-15,-8.634960799171155e-15,1.2006998800692187e-14,1.770065513996573e-14,1.7074143612409756e-14,2.3850760489849773e-14,2.8176150420812106e-14,0.9999104530769853,1.0,1.0,1.0,1.0,1.0,1.0,1.0,1.0,1.0,1.0,1.0,
sleep_summary_total_sleep_records,increased_perivillous_fibrin_deposition,5851,Binomial (Logistic),Logit,True,True,-24.77798686889025,26.453925014809656,-3.2010812788162553,3.4034497524379326,-23.26515478144142,1.793468188701911,-0.03642003371226376,-0.016510819063942573,-0.015538622668397112,-0.12618319897593666,-0.056786012864725066,0.5308092268801312,0.9970020230960001,0.9967992985340905,1.2866087103368283e-202,1.2040854652615777e-154,0.9972632614174401,0.005848416317428531,0.8573475113934674,0.37632117286744815,0.36292216689196033,1.517909987449339e-09,0.0013738647828484473,1.8186363135504077e-26,0.3910844502220121
sleep_summary_total_sleep_records,chorangiosis,5851,Binomial (Logistic),Logit,True,True,-73.5348216393829,26.51115223948658,27.51798810814677,-27.882761756006314,-26.15283017155414,2.008263749032711,0.7190662996170655,0.39108007387925625,-0.05864271851395854,0.1065443695507455,-0.003663728488851708,0.38945421442366024,0.0,0.07841171091646992,0.06643725677819586,0.0,0.0,0.0,7.291533479000255e-08,0.0,0.0,1.9204467819266518e-39,0.0,4.856310952576475e-09,0.43083675981014535
sleep_summary_total_sleep_records,spontaneous_preterm_birth,5851,Binomial (Logistic),Logit,True,True,-1.094676435897782,0.7939083996582437,-0.6357543827801204,0.6563793501953311,1.6629535041135808,2.320527441198318,-0.4909116446641328,0.054481432751575506,-0.11822999539212897,-0.05332213186215101,0.04257029717967008,-1.3060511946318707,0.29554128219278863,0.0019877007735557522,1.416952047787039e-10,8.606633888899123e-10,4.3565472302733227e-17,0.004493417075748484,0.014778787051760873,0.037745896952397995,1.4897486084564259e-06,0.011318111553771864,0.004580913332571471,4.3302683798372134e-73,0.2308722350035095
sleep_summary_total_time_in_bed,distal_villous_hypoplasia_focal/diffuse,5851,Binomial (Logistic),Logit,True,True,-5.554857107643453,-3.486011267463924,0.006586871911832254,0.6645204262688306,-22.986028957958705,0.0038733411096860907,0.00356598215235593,0.0008960185492076559,-5.0094013781353126e-05,0.2144819772932735,-0.00017867641354710643,-0.8257176367054033,1.630116891060937e-05,3.238809517121156e-10,0.9588341355953836,3.814616825153246e-05,0.0,0.12866294104058917,0.0012194897315798722,0.9668309249969367,0.25245422398814477,1.173034584626404e-11,0.003048833907685071,8.700239769719662e-114,0.2173843064306874
sleep_summary_total_time_in_bed,accelerated_villous_maturation,5851,Binomial (Logistic),Logit,False,True,-7.185710945927112,-1.7482495859220297,0.7412896166708455,0.26103577366741404,-2.19250749396512,0.006601586428747625,0.00011126063227576003,0.0977611091109543,-1.2727148742482453e-05,0.10811304060071569,-0.00019676246483013913,0.29624706276770724,2.404977588347897e-11,2.513462136166795e-08,5.343100358068633e-19,0.0018791394609377098,2.1112808723391453e-22,0.0013729444408949296,0.8600679242944296,8.269807071072654e-05,0.7962214465454717,3.2982080593148243e-07,2.5137299329388013e-06,5.117462220492544e-30,0.15983608357601997
sleep_summary_total_time_in_bed,increased_syncytial_knots,5851,Binomial (Logistic),Logit,False,True,-7.239909417984371,-2.0682122770488522,0.7124055199733851,0.688943530689546,-2.1613178359496343,0.008703950074780704,0.00038712000898748217,0.0918879742033109,-1.4597810166919116e-05,0.12204035245514709,-0.0002845792060882228,0.24941552204839404,3.8161820780373536e-11,1.134262969411657e-10,2.9334593157288328e-15,2.0330519924463675e-15,5.32843440216169e-21,3.916067106514868e-05,0.5466364057107092,0.0002669401256414662,0.7709305020916439,6.52823193590647e-08,3.9657495801728e-10,3.310796610403183e-19,0.18157446718501946
sleep_summary_total_time_in_bed,decidual_arteriopathy_membrane_role/basal_plate/both,5851,Binomial (Logistic),Logit,False,True,-28.566068523542455,-4.744872975128172e-15,5.307820557962283e-15,-9.153491750799724e-15,-3.831946785994083e-14,-1.0676988545386037e-15,-2.7997021503743826e-16,6.801911626908306e-16,1.30683319750223e-16,3.4951738660262556e-15,-1.0191665158362906e-16,7.722089744046432e-15,0.9999376361834451,1.0,1.0,1.0,1.0,1.0,1.0,1.0,1.0,1.0,1.0,1.0,
sleep_summary_total_time_in_bed,segmental_avascular_villi_small/intermediate/large,5851,Binomial (Logistic),Logit,False,True,-28.566068523542455,-4.744872975128172e-15,5.307820557962283e-15,-9.153491750799724e-15,-3.831946785994083e-14,-1.0676988545386037e-15,-2.7997021503743826e-16,6.801911626908306e-16,1.30683319750223e-16,3.4951738660262556e-15,-1.0191665158362906e-16,7.722089744046432e-15,0.9999376361834451,1.0,1.0,1.0,1.0,1.0,1.0,1.0,1.0,1.0,1.0,1.0,
sleep_summary_total_time_in_bed,delayed_villous_maturation,5851,Binomial (Logistic),Logit,True,True,1.4736286042290938,-3.768001233965629,-2.1703035523972827,-22.589328919121485,6.114187429645824,0.0029294107634004305,-0.001184375565607602,-0.041851017139007185,-0.00015208754726905673,-0.15890507745585397,0.00010529544364643717,-0.042409065351915305,0.647722249147147,3.6537740625770535e-07,5.245511210524946e-20,0.0,3.8873924240224175e-26,0.6803046030791751,0.27783984925589167,0.6880796957987034,0.49681455026297183,0.06998513005331244,0.2067899310191692,0.7545812210781917,0.8440388496248752
sleep_summary_total_time_in_bed,maternal_inflammatory_response_stage/grade,5851,Binomial (Logistic),Logit,False,True,-28.566068523542455,-4.744872975128172e-15,5.307820557962283e-15,-9.153491750799724e-15,-3.831946785994083e-14,-1.0676988545386037e-15,-2.7997021503743826e-16,6.801911626908306e-16,1.30683319750223e-16,3.4951738660262556e-15,-1.0191665158362906e-16,7.722089744046432e-15,0.9999376361834451,1.0,1.0,1.0,1.0,1.0,1.0,1.0,1.0,1.0,1.0,1.0,
sleep_summary_total_time_in_bed,"villitis_of_unknown_etiology,_high/low_grade,_focal/diffuse",5851,Binomial (Logistic),Logit,False,True,-28.566068523542455,-4.744872975128172e-15,5.307820557962283e-15,-9.153491750799724e-15,-3.831946785994083e-14,-1.0676988545386037e-15,-2.7997021503743826e-16,6.801911626908306e-16,1.30683319750223e-16,3.4951738660262556e-15,-1.0191665158362906e-16,7.722089744046432e-15,0.9999376361834451,1.0,1.0,1.0,1.0,1.0,1.0,1.0,1.0,1.0,1.0,1.0,
sleep_summary_total_time_in_bed,increased_perivillous_fibrin_deposition,5851,Binomial (Logistic),Logit,True,True,-18.42765336441223,25.4477285145855,-3.300131063697089,3.4512338159239984,-23.22438474123068,-0.008598676619132457,0.002125498405463537,-0.05193390943075909,2.98233286993351e-05,-0.3098043118783518,0.0002355759601769674,0.5438947012656051,0.983609025368874,0.9773584608154633,1.4423912032173533e-215,1.48292204023566e-166,0.9825775265140031,1.8437475907152694e-06,0.0015466877766376205,0.013281147133580333,0.5183897271478417,1.880724354748963e-35,2.612658738968856e-07,4.758425169045979e-28,0.39222939759031195
sleep_summary_total_time_in_bed,chorangiosis,5851,Binomial (Logistic),Logit,True,True,-72.4680333097183,27.260366482683974,28.835488845785395,-28.47231271538898,-29.747605449702665,-0.0049157643452408225,0.0009991586848852522,0.5127955960592958,-0.000278934456764655,-0.22688113266298476,0.0006550850762199738,0.5575118740287945,0.0,1.4566678139141122e-27,3.0420634501340005e-29,0.0,0.0,0.0,0.0834035437221059,0.0,0.0,1.1130673335500026e-136,0.0,9.246909116318451e-14,0.44857236651052423
sleep_summary_total_time_in_bed,spontaneous_preterm_birth,5851,Binomial (Logistic),Logit,True,True,-0.4201517674054631,1.4840066768214477,-0.6252783806578044,0.7556053245722424,1.488469289581268,0.004120643171601178,-0.002630235472151574,-0.11687687353899516,8.148492859562737e-05,0.051130730368671516,-0.00012147675885742151,-1.3536942755197672,0.7567712987494672,6.533388220671762e-05,5.654070036850387e-10,2.0579174817003152e-13,4.0684966144612825e-15,0.11596647569762478,0.00012898239759979966,2.8306277431261572e-08,0.06246039879827814,0.23886104649497308,0.16223594348931503,2.7603111270560823e-70,0.22127703871208404
activities_summary_steps,distal_villous_hypoplasia_focal/diffuse,7028,Binomial (Logistic),Logit,True,True,-3.7800278945992147,-1.8950041512777618,0.20558444170871285,0.9714158205552593,-25.23947248185797,-6.852425661177404e-05,1.2250921062887638e-05,-0.01970345320721991,1.8256694111753318e-06,0.13573222860317866,-1.7929099915347822e-06,-0.8168388116530915,4.32273198804731e-12,4.98811284676725e-19,0.08145357404085835,6.721329123094325e-14,0.0,0.528147464856478,0.7684098981760485,0.04560823404460249,0.26694433629959513,7.070662399405809e-29,0.5094963799764938,6.8724003965439866e-158,0.2403739226728383
activities_summary_steps,accelerated_villous_maturation,7028,Binomial (Logistic),Logit,False,True,-6.777547941501216,-2.177025601641931,0.9545066420555831,0.437845319338953,-2.090502760211894,0.00038766195396048664,0.00013326483312203806,0.16111050735629076,-1.1873680770833616e-05,0.064023202170779,-7.685397572263477e-06,0.20355367489141668,4.677891106864618e-47,2.060899268827752e-47,5.524901265239163e-35,7.126536466884937e-09,2.360049356722245e-28,7.596682487723762e-07,1.5359647497411803e-07,3.8963580543453685e-45,1.6034332867591344e-10,8.893944111784143e-17,3.685780268834959e-07,1.402502195187393e-16,0.19246113028882716
activities_summary_steps,increased_syncytial_knots,7028,Binomial (Logistic),Logit,False,True,-5.166868988078024,-2.600301765519666,0.98951277647938,0.8517408142604301,-1.7695324053356094,0.00017152757056947268,0.00017273455253430522,0.13295270679387372,-7.60935249095008e-06,0.03231835721322901,-4.211244487573419e-06,0.17610139828054894,1.0947643548147132e-25,1.8797374518975357e-67,5.857743730233516e-33,1.6539663833817822e-28,5.516215744867103e-20,0.033386354783757996,6.6377772804998064e-12,2.8228327131284414e-29,7.750754160422745e-05,9.528922741680411e-05,0.004617423334009214,8.691535327214551e-12,0.18925427679847928
activities_summary_steps,decidual_arteriopathy_membrane_role/basal_plate/both,7028,Binomial (Logistic),Logit,False,True,-28.566068523540533,4.319286074324445e-14,-6.071621581908388e-14,3.0195094769011095e-14,2.7620660475726777e-13,-7.804301520259338e-17,-1.468769667891383e-16,2.4137114410918706e-14,3.1364387003984886e-16,1.711976103536619e-14,-5.210914042901892e-17,-2.885406505853827e-14,0.9998555246994207,1.0,1.0,1.0,1.0,1.0,1.0,1.0,0.9999999999999996,1.0,0.9999999999999999,1.0,
activities_summary_steps,segmental_avascular_villi_small/intermediate/large,7028,Binomial (Logistic),Logit,False,True,-28.566068523540533,4.319286074324445e-14,-6.071621581908388e-14,3.0195094769011095e-14,2.7620660475726777e-13,-7.804301520259338e-17,-1.468769667891383e-16,2.4137114410918706e-14,3.1364387003984886e-16,1.711976103536619e-14,-5.210914042901892e-17,-2.885406505853827e-14,0.9998555246994207,1.0,1.0,1.0,1.0,1.0,1.0,1.0,0.9999999999999996,1.0,0.9999999999999999,1.0,
activities_summary_steps,delayed_villous_maturation,7028,Binomial (Logistic),Logit,True,True,2.8858985251689786,-2.96134315550729,-1.2671217304184184,-23.237741691547043,4.044477509338423,-6.561640698132401e-05,4.7296780479009976e-05,-0.10801220189462431,6.422032326460683e-06,-0.06214559974958076,-8.132211480207188e-06,-0.20325223637422277,1.8747624093160147e-10,2.3229195483200863e-19,2.454197379727236e-19,0.0,7.457737670103568e-76,0.703281799795471,0.3862473785104503,8.226969772309743e-22,0.00012945812214685268,0.0006506099608743052,0.25463112614383965,6.205636884048745e-05,0.621188313632883
activities_summary_steps,maternal_inflammatory_response_stage/grade,7028,Binomial (Logistic),Logit,False,True,-28.566068523540533,4.319286074324445e-14,-6.071621581908388e-14,3.0195094769011095e-14,2.7620660475726777e-13,-7.804301520259338e-17,-1.468769667891383e-16,2.4137114410918706e-14,3.1364387003984886e-16,1.711976103536619e-14,-5.210914042901892e-17,-2.885406505853827e-14,0.9998555246994207,1.0,1.0,1.0,1.0,1.0,1.0,1.0,0.9999999999999996,1.0,0.9999999999999999,1.0,
activities_summary_steps,"villitis_of_unknown_etiology,_high/low_grade,_focal/diffuse",7028,Binomial (Logistic),Logit,False,True,-28.566068523540533,4.319286074324445e-14,-6.071621581908388e-14,3.0195094769011095e-14,2.7620660475726777e-13,-7.804301520259338e-17,-1.468769667891383e-16,2.4137114410918706e-14,3.1364387003984886e-16,1.711976103536619e-14,-5.210914042901892e-17,-2.885406505853827e-14,0.9998555246994207,1.0,1.0,1.0,1.0,1.0,1.0,1.0,0.9999999999999996,1.0,0.9999999999999999,1.0,
activities_summary_steps,increased_perivillous_fibrin_deposition,7028,Binomial (Logistic),Logit,True,True,-23.061894165122297,25.01871532080259,-2.8317607932844666,2.8646052335865395,-23.352273537869912,-3.493152796387951e-05,0.00010951553209931784,0.021136728671107715,-5.837020994007742e-06,-0.20275521456441936,3.6823647286889623e-06,0.587648542557957,0.9995941764827843,0.9995597428836263,2.0184536197884905e-282,1.0659069152943736e-192,0.9996320825851069,0.5471082686231759,3.0729043814369986e-23,0.07866981000245969,0.0001236860581847624,1.2553024392334153e-130,0.0001953626882189672,1.2072918870277365e-31,0.3625618445136928
activities_summary_steps,chorangiosis,7028,Binomial (Logistic),Logit,True,True,-36.13363138643052,25.421982962978706,3.046697691387836,-26.45775376314909,0.3632950581484833,-0.0017814741538526306,-1.2214832418171006e-05,0.002261019998427839,5.211483696168592e-05,0.18776691556548797,2.0764364697298457e-06,-0.3432802644758326,0.0,0.0,4.2345854506608015e-110,0.0,0.011483752625943002,1.612415052253902e-39,0.8457978836140282,0.9133194868864356,2.1924412610369644e-31,4.559492327666203e-87,0.3602325870078553,1.0012480181043757e-13,0.4609178203227833
activities_summary_steps,spontaneous_preterm_birth,7028,Binomial (Logistic),Logit,True,True,1.710222329781112,0.5894567861092456,-0.02813482233882668,1.1495176021007598,2.0309852407128988,-5.055257337663956e-06,-8.136664173287031e-05,-0.17305224810555764,1.2943044462109126e-05,0.041916871058950096,-6.8444974174200594e-06,-1.568876283498846,0.0002759856767032775,0.0012896910513056567,0.7766202233265309,1.8578231655750613e-32,8.661514482898648e-52,0.9434784106822369,0.0009847929369473224,1.100088643053891e-42,6.591174541900579e-15,4.400974202141599e-09,7.717862678018414e-07,3.5508831197700706e-122,0.2536300585373261
activities_summary_totaldistances,distal_villous_hypoplasia_focal/diffuse,7028,Binomial (Logistic),Logit,True,True,-3.176963605933634,-1.7176708105696366,0.20477522054351152,0.9419095709163494,-25.153164565342248,-0.3577061997192943,-0.0508829520111219,-0.028236039837949877,0.006155648007097543,0.1213734338577083,0.0036563470169155973,-0.83754592900012,1.9721092895870274e-08,1.6483001368961248e-15,0.08392097917465606,4.0329882653143103e-13,0.0,0.04613656092186554,0.4185566043312461,0.004884478725376359,0.02537958520645528,9.075001518045782e-23,0.38795988480760923,9.086426526666654e-160,0.2407959242489217
activities_summary_totaldistances,accelerated_villous_maturation,7028,Binomial (Logistic),Logit,False,True,-6.139224349498019,-2.1322171908828462,0.9507535326348318,0.34767848609273583,-2.006891403589293,0.3634852650655687,0.19726821771013023,0.15025939465474414,-0.01437999832157085,0.04998975021721067,-0.006826807288407687,0.20127896389017289,1.8816649841405988e-41,7.904363421354208e-52,5.089851432303405e-35,3.76055728557428e-06,1.8472095872550495e-26,0.002093109982220868,8.666158195201577e-08,3.8850326379581225e-43,8.255486650310991e-08,5.1708192619403646e-11,0.0027782729728261743,2.7984850741309196e-16,0.18448721856717487
activities_summary_totaldistances,increased_syncytial_knots,7028,Binomial (Logistic),Logit,False,True,-4.521963137317183,-2.544953103132906,0.996238259864924,0.8234908739527874,-1.6959581675722968,0.01685711274511924,0.25387829514268284,0.12732481791073028,-0.009409867350358057,0.011405849776749416,0.0008116527832358054,0.17770076532725043,3.132293594349377e-21,8.396595923191223e-73,2.4261606867545943e-33,7.910979127975387e-27,1.6762496524772553e-18,0.889637359881372,4.3157157989044765e-12,7.934751060653272e-30,0.0005386559131505709,0.17042871100731993,0.7215276158348745,6.155415793895695e-12,0.18753743711511783
activities_summary_totaldistances,decidual_arteriopathy_membrane_role/basal_plate/both,7028,Binomial (Logistic),Logit,False,True,-28.566068523541173,2.990324353380238e-14,-2.6523886853592737e-14,-2.537759459945285e-15,2.0534970743075947e-13,1.8583299818689627e-14,-2.497833447783353e-14,2.1451558969502167e-14,-1.3629307616735078e-15,-8.93397103094964e-15,5.374066330613238e-16,-5.379684959854215e-14,0.9998501951939537,1.0,1.0,1.0,1.0,1.0,1.0,1.0,1.0,1.0,1.0,1.0,
activities_summary_totaldistances,segmental_avascular_villi_small/intermediate/large,7028,Binomial (Logistic),Logit,False,True,-28.566068523541173,2.990324353380238e-14,-2.6523886853592737e-14,-2.537759459945285e-15,2.0534970743075947e-13,1.8583299818689627e-14,-2.497833447783353e-14,2.1451558969502167e-14,-1.3629307616735078e-15,-8.93397103094964e-15,5.374066330613238e-16,-5.379684959854215e-14,0.9998501951939537,1.0,1.0,1.0,1.0,1.0,1.0,1.0,1.0,1.0,1.0,1.0,
activities_summary_totaldistances,delayed_villous_maturation,7028,Binomial (Logistic),Logit,True,True,2.7150973163773333,-2.6432718286823285,-1.2541298845169495,-23.29844337960097,4.026057515031885,0.010546478532867528,-0.03661838658000241,-0.11162577030178492,0.010318467982076225,-0.06099493472654812,-0.013994120660101536,-0.2121162958223141,1.2353269232423607e-10,4.1344099261756247e-19,1.542520065698393e-20,0.0,1.6103430037891514e-77,0.9655246049882639,0.6257268110883749,8.350572656297713e-24,0.0001231205354372248,0.0002962156342026398,0.1927263183593244,1.6573087300128723e-05,0.6216849499187636
activities_summary_totaldistances,maternal_inflammatory_response_stage/grade,7028,Binomial (Logistic),Logit,False,True,-28.566068523541173,2.990324353380238e-14,-2.6523886853592737e-14,-2.537759459945285e-15,2.0534970743075947e-13,1.8583299818689627e-14,-2.497833447783353e-14,2.1451558969502167e-14,-1.3629307616735078e-15,-8.93397103094964e-15,5.374066330613238e-16,-5.379684959854215e-14,0.9998501951939537,1.0,1.0,1.0,1.0,1.0,1.0,1.0,1.0,1.0,1.0,1.0,
activities_summary_totaldistances,"villitis_of_unknown_etiology,_high/low_grade,_focal/diffuse",7028,Binomial (Logistic),Logit,False,True,-28.566068523541173,2.990324353380238e-14,-2.6523886853592737e-14,-2.537759459945285e-15,2.0534970743075947e-13,1.8583299818689627e-14,-2.497833447783353e-14,2.1451558969502167e-14,-1.3629307616735078e-15,-8.93397103094964e-15,5.374066330613238e-16,-5.379684959854215e-14,0.9998501951939537,1.0,1.0,1.0,1.0,1.0,1.0,1.0,1.0,1.0,1.0,1.0,
activities_summary_totaldistances,increased_perivillous_fibrin_deposition,7028,Binomial (Logistic),Logit,True,True,-21.65761026171443,25.588017975991125,-2.831079350952012,2.9849580908389655,-23.3124828547573,-0.37693984491693205,0.037181202268796495,-0.03405611252952288,0.00238239849765828,-0.21120565680015296,0.008732442839058536,0.5811155551095505,0.9987114320592922,0.9984775709681056,2.0116887585345673e-265,8.039445304097126e-189,0.998517400832049,3.15612672882539e-06,0.03341996075718984,0.0008969205794673481,0.23168859196380487,3.202122185152789e-150,1.2591127787231158e-07,1.0970600245800502e-30,0.36169771021827624
activities_summary_totaldistances,chorangiosis,7028,Binomial (Logistic),Logit,True,True,-36.49622812713625,25.88492588041193,3.249959509077817,-26.58815075964252,0.43030966789477193,-3.0342066521813726,-0.15941561102735996,0.03430027901308447,0.07453371616489105,0.1553356953156377,0.01977632617644864,-0.34038059887115285,0.0,0.0,1.393855629598093e-118,0.0,0.0008137639881639738,2.955521799372675e-44,0.15028199248662288,0.0634849932493993,3.452579301251071e-26,6.690645019299357e-93,9.022998816835617e-10,1.1213645015449833e-13,0.44560500659735547
activities_summary_totaldistances,spontaneous_preterm_birth,7028,Binomial (Logistic),Logit,True,True,1.5233715188374963,0.801200298296512,-0.1801096310041204,1.0350233610416695,1.733671753659537,-0.06744016573517904,-0.1812859424379061,-0.1275690334786753,0.011204754754981332,0.01194108914392223,-0.001455250895785295,-1.418736618950935,0.00017017912186910225,5.392613757101696e-07,0.049964956024857836,4.194842067102377e-30,8.696130802685861e-43,0.4786794523257667,5.879288328341486e-08,1.265617479693946e-31,3.156817522944691e-07,0.056861190289194945,0.4052468320821716,5.695343184362512e-114,0.22217022356475813
activities_summary_veryactiveminutes,distal_villous_hypoplasia_focal/diffuse,7028,Binomial (Logistic),Logit,True,True,-4.546242515758357,-2.132679700289665,0.2914845381111813,1.1426703448615385,-25.0209652928191,0.19627731824168956,0.14831683295571135,-0.005208547116502995,-0.005710358146745438,0.14312896753751003,-0.005864504727613551,-0.8780132250334866,6.864482782150703e-38,5.2580432639545287e-39,0.013731174772547705,6.404199470994155e-15,6.997210395373063e-05,2.2398644103845367e-06,0.0021795596186672014,0.3201234363991772,4.120192532083607e-05,8.13539464382889e-66,1.768452593836713e-08,6.157738027369557e-88,0.26139328728370537
activities_summary_veryactiveminutes,accelerated_villous_maturation,7028,Binomial (Logistic),Logit,False,True,-5.993063706632054,-1.4396982013703326,0.9051726652350625,0.4561563564946198,-1.8341174628693646,0.1693237219247567,-0.013384267698537664,0.1226559181167106,-0.003260849124584766,0.040336706847518104,-0.0019112245158869287,0.2141291985410453,1.578831141762336e-93,3.858793247507086e-66,9.61861903770887e-33,5.212949099256359e-10,2.1542346940016944e-22,1.709021855301532e-12,0.08681002013742896,5.719161648884742e-73,5.473793257577888e-10,6.156138340508138e-16,1.2804551355644842e-06,1.2264714016847571e-18,0.16899769995231873
activities_summary_veryactiveminutes,increased_syncytial_knots,7028,Binomial (Logistic),Logit,False,True,-5.425497813325578,-1.7175768561444276,0.9678978869902813,0.8695465182296402,-1.59318653241901,0.15452513070441576,-0.006712558041912579,0.1171330068200942,-0.002932728215013658,0.023299089992528048,-0.001795167962600204,0.17528708956170613,2.0697786872024738e-69,2.4759311036805533e-89,3.444805910264531e-32,2.294473192169965e-30,1.559553254689265e-16,1.479100037228056e-10,0.3760760365305744,7.06904948468781e-61,2.7406908137310502e-08,2.0321485894407707e-05,4.484680116064097e-06,9.188846159960935e-12,0.18230490375815356
activities_summary_veryactiveminutes,decidual_arteriopathy_membrane_role/basal_plate/both,7028,Binomial (Logistic),Logit,False,True,-28.566068523539148,1.1979486127964217e-13,-7.418754819847165e-14,3.480660135966164e-14,4.79513662837123e-13,-2.506216081857343e-14,-1.0629700442766084e-14,7.052298256805886e-15,2.4179438437521524e-16,-3.838628626598136e-15,1.5798893796690425e-15,1.9167540072567914e-14,0.9997309207800693,1.0,1.0,1.0,1.0,1.0,1.0,1.0,1.0,1.0,1.0,1.0,
activities_summary_veryactiveminutes,segmental_avascular_villi_small/intermediate/large,7028,Binomial (Logistic),Logit,False,True,-28.566068523539148,1.1979486127964217e-13,-7.418754819847165e-14,3.480660135966164e-14,4.79513662837123e-13,-2.506216081857343e-14,-1.0629700442766084e-14,7.052298256805886e-15,2.4179438437521524e-16,-3.838628626598136e-15,1.5798893796690425e-15,1.9167540072567914e-14,0.9997309207800693,1.0,1.0,1.0,1.0,1.0,1.0,1.0,1.0,1.0,1.0,1.0,
activities_summary_veryactiveminutes,delayed_villous_maturation,7028,Binomial (Logistic),Logit,True,True,1.329366729848723,-2.7716759173164895,-1.187837271241923,-22.55811058418466,3.9309488410352267,-0.4824219602651607,0.549781846485656,-0.05560837373966723,-0.0034392443050635787,-0.07218010945459517,-0.0004647142453063256,-0.15064841453279323,7.488574683467015e-08,5.0014570656516215e-61,1.8076414088772647e-17,3.756641634778752e-194,1.2898307976092877e-79,4.343001744999637e-81,1.9159863140783424e-74,5.624217103435625e-40,1.484670756780121e-06,2.9431419186395366e-20,0.37521435297245687,0.0024259634615177903,0.6312837222561194
activities_summary_veryactiveminutes,maternal_inflammatory_response_stage/grade,7028,Binomial (Logistic),Logit,False,True,-28.566068523539148,1.1979486127964217e-13,-7.418754819847165e-14,3.480660135966164e-14,4.79513662837123e-13,-2.506216081857343e-14,-1.0629700442766084e-14,7.052298256805886e-15,2.4179438437521524e-16,-3.838628626598136e-15,1.5798893796690425e-15,1.9167540072567914e-14,0.9997309207800693,1.0,1.0,1.0,1.0,1.0,1.0,1.0,1.0,1.0,1.0,1.0,
activities_summary_veryactiveminutes,"villitis_of_unknown_etiology,_high/low_grade,_focal/diffuse",7028,Binomial (Logistic),Logit,False,True,-28.566068523539148,1.1979486127964217e-13,-7.418754819847165e-14,3.480660135966164e-14,4.79513662837123e-13,-2.506216081857343e-14,-1.0629700442766084e-14,7.052298256805886e-15,2.4179438437521524e-16,-3.838628626598136e-15,1.5798893796690425e-15,1.9167540072567914e-14,0.9997309207800693,1.0,1.0,1.0,1.0,1.0,1.0,1.0,1.0,1.0,1.0,1.0,
activities_summary_veryactiveminutes,increased_perivillous_fibrin_deposition,7028,Binomial (Logistic),Logit,True,True,-23.887842729329137,26.600551116805306,-3.0179145475647235,3.0573315907947176,-24.22978082303346,0.11527820137106655,0.07767685766737054,-0.004161531690185002,-0.005412498836229669,-0.19871704995407605,-0.0010775279418278687,0.5777922418754473,0.9998773139321596,0.9998633816777764,3.31519552241554e-224,9.407835441863947e-169,0.9998730797841114,0.16160146651555773,4.705013572435226e-24,0.3576474632139687,0.0010414745978656952,2.9719627331320787e-165,0.34236428406729547,1.02036342883565e-29,0.38308298307528077
activities_summary_veryactiveminutes,chorangiosis,7028,Binomial (Logistic),Logit,True,True,-43.99069602820501,25.662017830735458,3.9381937530822877,-26.871126689683052,0.705554271621113,-0.6623977879863696,-0.05394957064145558,0.19714015424270082,0.017259812921434817,0.19898095764124557,0.004466166329705681,-0.18429825277540765,0.0,0.0,3.33109821271155e-99,0.0,4.3180266112234174e-07,5.683722345860456e-10,0.24562753344186017,3.765297960408932e-25,1.8680102710436396e-07,1.660964098760639e-200,0.0013622261350059535,4.4642000268127626e-05,0.4372120546350039
activities_summary_veryactiveminutes,spontaneous_preterm_birth,7028,Binomial (Logistic),Logit,True,True,0.7324849648953757,0.27083007468174636,-0.0757621482589574,1.0764582822900723,1.7048917361609985,0.10433375676769896,-0.01827452395043103,-0.07732306800509522,-0.0015169921499748283,0.0034771562826810968,-0.0005708596311625889,-1.4351069169918307,0.0007540797571876063,0.01367675049733122,0.4260353560690988,4.742381466795774e-31,1.6425814420433348e-38,1.2653146824612616e-07,0.02815147662018717,3.447302754004599e-64,0.011356124125147034,0.5281871325856795,0.0013441327848288027,2.0165710950794735e-128,0.23204964872253386
sleep_summary_total_minutes_asleep,distal_villous_hypoplasia_focal/diffuse,5851,Binomial (Logistic),Logit,True,True,-5.401209182693027,-3.5945513584766804,-0.00037990537373279145,0.6760444570239068,-22.987214545573703,0.004082707259077966,0.004394454016044076,0.005502675213082362,-6.807384993601765e-05,0.21105422221245243,-0.00019798748276279472,-0.8305194031070271,8.182830344739003e-05,5.736146402852774e-10,0.9976305492663256,2.8786917634766135e-05,0.0,0.18708127435885835,0.0009315116946316433,0.8092769395191286,0.1957852520086918,1.8381869371769274e-10,0.00653513233919324,1.7489770945689836e-112,0.21872860184424225
sleep_summary_total_minutes_asleep,accelerated_villous_maturation,5851,Binomial (Logistic),Logit,False,True,-6.975711939965375,-1.8349160203544874,0.7407669161289757,0.2717657037208833,-2.1639476258661046,0.007059628006293903,0.0003387828647682411,0.0964725843458681,-1.2773407364332269e-05,0.10293401394389107,-0.00021226630815928,0.2953041576664951,1.1939962828738355e-10,5.901852083726421e-09,5.585889967099453e-19,0.0011799339700134508,6.28963854668543e-22,0.0029680913637275172,0.6388312187928338,0.00011990210225075772,0.8217292401488333,1.4263337244384242e-06,1.0787558613858797e-05,7.965864783546173e-30,0.15940415608136893
sleep_summary_total_minutes_asleep,increased_syncytial_knots,5851,Binomial (Logistic),Logit,False,True,-7.133003162148976,-2.1999121699266455,0.7100812287305878,0.7029165689221492,-2.1245846765754814,0.009671662945516479,0.0007534147622142338,0.08949447825418158,-1.180277258826085e-05,0.12172713852170791,-0.0003234094817200283,0.24805925115365846,1.134802637953893e-10,9.236287329995239e-12,3.397288083197618e-15,4.858495813034263e-16,1.9916216686708656e-20,7.563236315905908e-05,0.3053924085439551,0.00045901263587127595,0.838271597940682,9.206372571161834e-08,7.06698390755044e-10,5.158118770673631e-19,0.1812193336940927
sleep_summary_total_minutes_asleep,decidual_arteriopathy_membrane_role/basal_plate/both,5851,Binomial (Logistic),Logit,False,True,-28.5660685235393,-4.48374098063439e-15,-9.679673131193546e-14,-6.530694969225309e-15,5.145791307501554e-13,-2.757095411644503e-15,5.849780319977408e-16,-1.6832898848643774e-14,5.389245170168259e-17,-7.778817929308851e-15,-5.0607724462996286e-18,-3.00755103430769e-14,0.9999381560297154,1.0,1.0,1.0,1.0,1.0,1.0,1.0,1.0,1.0,1.0,1.0,
sleep_summary_total_minutes_asleep,segmental_avascular_villi_small/intermediate/large,5851,Binomial (Logistic),Logit,False,True,-28.5660685235393,-4.48374098063439e-15,-9.679673131193546e-14,-6.530694969225309e-15,5.145791307501554e-13,-2.757095411644503e-15,5.849780319977408e-16,-1.6832898848643774e-14,5.389245170168259e-17,-7.778817929308851e-15,-5.0607724462996286e-18,-3.00755103430769e-14,0.9999381560297154,1.0,1.0,1.0,1.0,1.0,1.0,1.0,1.0,1.0,1.0,1.0,
sleep_summary_total_minutes_asleep,delayed_villous_maturation,5851,Binomial (Logistic),Logit,True,True,1.7744836352980717,-4.2024138734530325,-2.1271219788436557,-22.40793324749964,6.144596351366778,0.0021683627340517383,-0.000373255630162574,-0.06306261842537159,-0.0001211967012646649,-0.12787852026668878,5.807471427416326e-05,-0.03428396812429464,0.5424247955134492,7.496184065224487e-10,8.16232508996414e-22,0.0,5.52968853802323e-26,0.7622694394032556,0.7492319277510736,0.5075079139426615,0.6048464801206093,0.04486084746271906,0.4225847537218663,0.7929373626318905,0.8438837733997576
sleep_summary_total_minutes_asleep,maternal_inflammatory_response_stage/grade,5851,Binomial (Logistic),Logit,False,True,-28.5660685235393,-4.48374098063439e-15,-9.679673131193546e-14,-6.530694969225309e-15,5.145791307501554e-13,-2.757095411644503e-15,5.849780319977408e-16,-1.6832898848643774e-14,5.389245170168259e-17,-7.778817929308851e-15,-5.0607724462996286e-18,-3.00755103430769e-14,0.9999381560297154,1.0,1.0,1.0,1.0,1.0,1.0,1.0,1.0,1.0,1.0,1.0,
sleep_summary_total_minutes_asleep,"villitis_of_unknown_etiology,_high/low_grade,_focal/diffuse",5851,Binomial (Logistic),Logit,False,True,-28.5660685235393,-4.48374098063439e-15,-9.679673131193546e-14,-6.530694969225309e-15,5.145791307501554e-13,-2.757095411644503e-15,5.849780319977408e-16,-1.6832898848643774e-14,5.389245170168259e-17,-7.778817929308851e-15,-5.0607724462996286e-18,-3.00755103430769e-14,0.9999381560297154,1.0,1.0,1.0,1.0,1.0,1.0,1.0,1.0,1.0,1.0,1.0,
sleep_summary_total_minutes_asleep,increased_perivillous_fibrin_deposition,5851,Binomial (Logistic),Logit,True,True,-18.112317906711155,25.841713343172874,-3.3011079644383123,3.4155604409268796,-23.27684504723379,-0.010710070617567614,0.0014326316015084582,-0.06436634447219326,6.949171661382805e-05,-0.3129057236567267,0.0002789144677621845,0.5485365187488634,0.9913077283390272,0.9875999767105555,4.866250266728141e-213,2.8069759446126343e-165,0.9884656660805059,1.716652046208744e-07,0.08463646427345596,0.0015745979731196754,0.16789076144353177,5.28869385440133e-34,3.072644088951948e-07,2.2505063810622827e-28,0.3916849094241661
sleep_summary_total_minutes_asleep,chorangiosis,5851,Binomial (Logistic),Logit,True,True,-71.71524633709019,27.364001617037648,29.077701901708778,-28.65321372090067,-30.65277635563307,-0.00798071596577058,0.0009857501243075888,0.5329182564732826,-0.0003622096281061932,-0.2894569172416358,0.0008866326103902894,0.5811930451231501,0.0,1.9840902431918178e-31,1.935313549010008e-33,0.0,0.0,0.0,0.13010717596604127,0.0,0.0,1.788996615974185e-213,0.0,2.350528006661237e-14,0.4488257575393514
sleep_summary_total_minutes_asleep,spontaneous_preterm_birth,5851,Binomial (Logistic),Logit,True,True,-0.15951448084241254,1.0982549454361967,-0.6307419498653959,0.7792300330608188,1.5300230155896286,0.004091248525197238,-0.00211690023159649,-0.1358896922153698,0.0001351284733797509,0.06526538589115168,-0.00016968869098472097,-1.362461972114436,0.9072172824385211,0.0036440651882084537,3.4272785385884517e-10,1.724280158128006e-14,1.0217340315456162e-15,0.1749467303735044,0.007799870155321323,3.6839717681642805e-10,0.007624195877705076,0.14160487470876162,0.09052575898021119,1.0335425208323383e-72,0.22250835317567674
