{
  "tissue": "puqe24",
  "timepoint": "C",
  "data_path": "/Users/kaysonyao/miniconda3/envs/PiekosLab/kaysonyao/data/cleaned/survey/model_ready/puqe24/normalized_sliced_by_suffix/puqe24_plasma_formatted_suffix_C.csv",
  "outcome": "Complication",
  "complications_pooled": [
    "HDP",
    "FGR",
    "sPTB"
  ],
  "n_train": 220,
  "n_val": 47,
  "n_test": 48,
  "class_dist_train": {
    "control": 159,
    "complication": 61
  },
  "class_dist_val": {
    "control": 34,
    "complication": 13
  },
  "class_dist_test": {
    "control": 34,
    "complication": 14
  },
  "n_features_pretlasso": 4,
  "n_features_postlasso": 1,
  "best_model_val": "SVM",
  "best_val_pr_auc": 0.3885500688569742,
  "test_metrics": {
    "LogisticRegression": {
      "pr_auc": 0.2857142857142857,
      "roc_auc": 0.4527310924369747,
      "accuracy": 0.5833333333333334,
      "precision": 0.125,
      "recall": 0.07142857142857142,
      "f1": 0.09090909090909091
    },
    "RandomForest": {
      "pr_auc": 0.35952380952380947,
      "roc_auc": 0.6186974789915967,
      "accuracy": 0.6666666666666666,
      "precision": 0.4,
      "recall": 0.2857142857142857,
      "f1": 0.3333333333333333
    },
    "XGBoost": {
      "pr_auc": 0.31449755917841027,
      "roc_auc": 0.5052521008403361,
      "accuracy": 0.6458333333333334,
      "precision": 0.36363636363636365,
      "recall": 0.2857142857142857,
      "f1": 0.32
    },
    "SVM": {
      "pr_auc": 0.3141337386018237,
      "roc_auc": 0.5451680672268908,
      "accuracy": 0.7083333333333334,
      "precision": 0.0,
      "recall": 0.0,
      "f1": 0.0
    }
  }
}