{
  "tissue": "plasma",
  "timepoint": "A",
  "data_path": "/sessions/zealous-sleepy-curie/mnt/kaysonyao/data/cleaned/sop_omics_pipeline/LIPD_plasma_model_input/LIPD_plasma_formatted_suffix_A.csv",
  "outcome": "Complication",
  "complications_pooled": [
    "HDP",
    "FGR",
    "sPTB"
  ],
  "n_train": 92,
  "n_val": 20,
  "n_test": 20,
  "class_dist_train": {
    "control": 39,
    "complication": 53
  },
  "class_dist_val": {
    "control": 8,
    "complication": 12
  },
  "class_dist_test": {
    "control": 9,
    "complication": 11
  },
  "n_features_pretlasso": 1005,
  "n_features_postlasso": 1005,
  "best_model_val": "RandomForest",
  "best_val_pr_auc": 0.9495670995670996,
  "test_metrics": {
    "LogisticRegression": {
      "pr_auc": 0.742550505050505,
      "roc_auc": 0.7676767676767677,
      "accuracy": 0.75,
      "precision": 0.8,
      "recall": 0.7272727272727273,
      "f1": 0.7619047619047619
    },
    "RandomForest": {
      "pr_auc": 0.9633264462809918,
      "roc_auc": 0.9393939393939393,
      "accuracy": 0.8,
      "precision": 1.0,
      "recall": 0.6363636363636364,
      "f1": 0.7777777777777778
    },
    "XGBoost": {
      "pr_auc": 0.9777495232040687,
      "roc_auc": 0.9696969696969697,
      "accuracy": 0.85,
      "precision": 1.0,
      "recall": 0.7272727272727273,
      "f1": 0.8421052631578947
    },
    "SVM": {
      "pr_auc": 0.8830561150079868,
      "roc_auc": 0.8282828282828283,
      "accuracy": 0.7,
      "precision": 0.7272727272727273,
      "recall": 0.7272727272727273,
      "f1": 0.7272727272727273
    }
  }
}