{
  "model_params": {
    "LogisticRegression": {
      "C": 41.13781878380508
    },
    "RandomForest": {
      "n_estimators": 446,
      "max_depth": null,
      "min_samples_split": 15,
      "min_samples_leaf": 7,
      "max_features": "sqrt"
    },
    "XGBoost": {
      "n_estimators": 310,
      "max_depth": 8,
      "learning_rate": 0.04202864723349661,
      "subsample": 0.6793394819763109,
      "colsample_bytree": 0.5497087518158335,
      "min_child_weight": 5,
      "gamma": 2.577555427692545,
      "reg_alpha": 6.084233673296534e-05,
      "reg_lambda": 3.6354883013353095e-05
    },
    "SVM": {
      "C": 81.65528450509143,
      "gamma": "scale"
    }
  },
  "val_pr_auc": {
    "LogisticRegression": 0.7558004767563591,
    "RandomForest": 0.9495670995670996,
    "XGBoost": 0.9376262626262626,
    "SVM": 0.9230230417730417
  }
}