2026-09-08 11:46:33,951 - INFO - Initializing MTBL MAD outlier analysis...
2026-09-08 11:46:33,952 - INFO - Calculating control reference statistics...
2026-09-08 11:46:33,988 - INFO - Calculating sample MAD scores...
2026-09-08 11:46:34,396 - INFO - Flagging outliers by patient x analyte across timepoints...
2026-09-08 11:46:34,505 - INFO - Identifying persistent and consistent outliers...
2026-09-08 11:46:37,639 - INFO - Analyte Metronidazole_POS was not included in 1 gestational bin outlier analysis - excluded from complication-specific chi-squared testing.
2026-09-08 11:46:37,656 - INFO - Analyte unk_n1621_NEG_289.0694_RT3.38 was not included in 1 gestational bin outlier analysis - excluded from complication-specific chi-squared testing.
2026-09-08 11:46:37,693 - INFO - Analyte L-Serine_NEG was not included in 1 gestational bin outlier analysis - excluded from complication-specific chi-squared testing.
2026-09-08 11:46:37,712 - INFO - Analyte Gaburedin B_POS was not included in 1 gestational bin outlier analysis - excluded from complication-specific chi-squared testing.
2026-09-08 11:46:37,751 - INFO - Analyte Creatine_POS was not included in 1 gestational bin outlier analysis - excluded from complication-specific chi-squared testing.
2026-09-08 11:46:37,786 - INFO - Analyte Hypocrellutin A_POS was not included in 1 gestational bin outlier analysis - excluded from complication-specific chi-squared testing.
2026-09-08 11:46:37,808 - INFO - Analyte NP-003117_POS was not included in 1 gestational bin outlier analysis - excluded from complication-specific chi-squared testing.
2026-09-08 11:46:37,846 - INFO - Analyte Acetylglycine_POS was not included in 1 gestational bin outlier analysis - excluded from complication-specific chi-squared testing.
2026-09-08 11:46:37,880 - INFO - Analyte HMBOA trihexose_POS was not included in 1 gestational bin outlier analysis - excluded from complication-specific chi-squared testing.
2026-09-08 11:46:37,913 - INFO - Analyte Gluconic acid_NEG was not included in 1 gestational bin outlier analysis - excluded from complication-specific chi-squared testing.
2026-09-08 11:46:37,917 - INFO - Analyte unk_n957_NEG_310.9309_RT1.68 was not included in 1 gestational bin outlier analysis - excluded from complication-specific chi-squared testing.
2026-09-08 11:46:37,952 - INFO - Analyte L(-)-Carnitine_POS was not included in 1 gestational bin outlier analysis - excluded from complication-specific chi-squared testing.
2026-09-08 11:46:37,969 - INFO - Analyte 3-hydroxy-1,5-diphenylpentan-1-one_POS was not included in 1 gestational bin outlier analysis - excluded from complication-specific chi-squared testing.
2026-09-08 11:46:38,049 - INFO - Analyte L-beta-aspartyl-L-alanine_POS was not included in 1 gestational bin outlier analysis - excluded from complication-specific chi-squared testing.
2026-09-08 11:46:38,085 - INFO - Analyte L-Cystine_POS was not included in 1 gestational bin outlier analysis - excluded from complication-specific chi-squared testing.
2026-09-08 11:46:38,121 - INFO - Analyte [Similar to: L-Threonic acid; ΔMass: 67.9747 Da]_NEG was not included in 1 gestational bin outlier analysis - excluded from complication-specific chi-squared testing.
2026-09-08 11:46:38,139 - INFO - Analyte Ornithine_POS was not included in 1 gestational bin outlier analysis - excluded from complication-specific chi-squared testing.
2026-09-08 11:46:38,174 - INFO - Analyte NP-022470_POS was not included in 1 gestational bin outlier analysis - excluded from complication-specific chi-squared testing.
2026-09-08 11:46:38,191 - INFO - Analyte Erythronic acid_NEG was not included in 1 gestational bin outlier analysis - excluded from complication-specific chi-squared testing.
2026-09-08 11:46:38,227 - INFO - Analyte 4-((4-(2-(6-((2R)-2-(2,4-Difluorophenyl)-1,1-difluoro-2-hydroxy-3-(1H-tetrazol-1-yl)propyl)-3-pyridinyl)ethynyl)phenoxy)methyl)benzonitrile_POS was not included in 1 gestational bin outlier analysis - excluded from complication-specific chi-squared testing.
2026-09-08 11:46:38,232 - INFO - Analyte Methylenediphosphonic acid_NEG was not included in 1 gestational bin outlier analysis - excluded from complication-specific chi-squared testing.
2026-09-08 11:46:38,269 - INFO - Analyte L-Histidine_NEG was not included in 1 gestational bin outlier analysis - excluded from complication-specific chi-squared testing.
2026-09-08 11:46:38,307 - INFO - Analyte [Similar to: N'2-(2,5-Dichlorophenyl)tetrahydrothiophene-2-carbohydrazide; ΔMass: 30.0109 Da]_NEG was not included in 1 gestational bin outlier analysis - excluded from complication-specific chi-squared testing.
2026-09-08 11:46:38,342 - INFO - Analyte Aspartyl-Histidine_NEG was not included in 1 gestational bin outlier analysis - excluded from complication-specific chi-squared testing.
2026-09-08 11:46:38,378 - INFO - Analyte Acetylhomoserine_POS was not included in 1 gestational bin outlier analysis - excluded from complication-specific chi-squared testing.
2026-09-08 11:46:38,395 - INFO - Analyte 2-Aminoacrylic acid_POS was not included in 1 gestational bin outlier analysis - excluded from complication-specific chi-squared testing.
2026-09-08 11:46:38,412 - INFO - Analyte 7-methyl-3-nitroimidazo[1,2-a]pyridine_POS was not included in 1 gestational bin outlier analysis - excluded from complication-specific chi-squared testing.
2026-09-08 11:46:38,448 - INFO - Analyte L-cis-3-Amino-2-pyrrolidinecarboxylic acid_POS was not included in 1 gestational bin outlier analysis - excluded from complication-specific chi-squared testing.
2026-09-08 11:46:38,484 - INFO - Analyte Tanomastat_NEG was not included in 1 gestational bin outlier analysis - excluded from complication-specific chi-squared testing.
2026-09-08 11:46:38,519 - INFO - Analyte 1-(2-Morpholinophenyl)dihydro-1H-pyrrole-2,5-dione_POS was not included in 1 gestational bin outlier analysis - excluded from complication-specific chi-squared testing.
2026-09-08 11:46:38,556 - INFO - Analyte NP-019722_POS was not included in 1 gestational bin outlier analysis - excluded from complication-specific chi-squared testing.
2026-09-08 11:46:38,593 - INFO - Analyte D-Glucose_NEG was not included in 1 gestational bin outlier analysis - excluded from complication-specific chi-squared testing.
2026-09-08 11:46:38,631 - INFO - Analyte 5,7-dimethyl-4-oxo-4H-chromene-3-carbonitrile_POS was not included in 1 gestational bin outlier analysis - excluded from complication-specific chi-squared testing.
2026-09-08 11:46:38,713 - INFO - Analyte (2R,3R,4R)-2-Amino-4-hydroxy-3-methylpentanoic acid_POS was not included in 1 gestational bin outlier analysis - excluded from complication-specific chi-squared testing.
2026-09-08 11:46:38,730 - INFO - Analyte Acetohydroxamic acid_POS was not included in 1 gestational bin outlier analysis - excluded from complication-specific chi-squared testing.
2026-09-08 11:46:38,766 - INFO - Analyte unk_n2682_NEG_388.8737_RT2.81 was not included in 1 gestational bin outlier analysis - excluded from complication-specific chi-squared testing.
2026-09-08 11:46:38,802 - INFO - Analyte (2-Ethylcrotonoyl)urea_POS was not included in 1 gestational bin outlier analysis - excluded from complication-specific chi-squared testing.
2026-09-08 11:46:38,836 - INFO - Analyte gamma-Glutamyl-beta-aminopropiononitrile_POS was not included in 1 gestational bin outlier analysis - excluded from complication-specific chi-squared testing.
2026-09-08 11:46:38,870 - INFO - Analyte (2S,4R)-4-Aminopyrrolidine-2-carboxylic acid_POS was not included in 1 gestational bin outlier analysis - excluded from complication-specific chi-squared testing.
2026-09-08 11:46:38,903 - INFO - Analyte Sedoheptulose_NEG was not included in 1 gestational bin outlier analysis - excluded from complication-specific chi-squared testing.
2026-09-08 11:46:38,936 - INFO - Analyte Pyrophosphate_NEG was not included in 1 gestational bin outlier analysis - excluded from complication-specific chi-squared testing.
2026-09-08 11:46:38,971 - INFO - Analyte thiol-maleimide_POS was not included in 1 gestational bin outlier analysis - excluded from complication-specific chi-squared testing.
2026-09-08 11:46:38,988 - INFO - Analyte L-Cysteinylglycine disulfide_POS was not included in 1 gestational bin outlier analysis - excluded from complication-specific chi-squared testing.
2026-09-08 11:46:39,021 - INFO - Analyte Succinic semialdehyde_NEG was not included in 1 gestational bin outlier analysis - excluded from complication-specific chi-squared testing.
2026-09-08 11:46:39,054 - INFO - Analyte unk_n682_NEG_345.0726_RT11.05 was not included in 1 gestational bin outlier analysis - excluded from complication-specific chi-squared testing.
2026-09-08 11:46:39,088 - INFO - Analyte 5-Methylquinoxaline_POS was not included in 1 gestational bin outlier analysis - excluded from complication-specific chi-squared testing.
2026-09-08 11:46:39,123 - INFO - Analyte Octadecanamine_POS was not included in 1 gestational bin outlier analysis - excluded from complication-specific chi-squared testing.
2026-09-08 11:46:39,160 - INFO - Analyte 6-Amino-5-chloropyrimidine-2,4(1H,3H)-dione_POS was not included in 1 gestational bin outlier analysis - excluded from complication-specific chi-squared testing.
2026-09-08 11:46:39,195 - INFO - Analyte 1,1,1,2,2,3,3,10,10,11,11,12,12,12-Tetradecafluoro-5,8-diiodododecane_NEG was not included in 1 gestational bin outlier analysis - excluded from complication-specific chi-squared testing.
2026-09-08 11:46:39,230 - INFO - Analyte Hydroxydehydro Nifedipine Carboxylate_POS was not included in 1 gestational bin outlier analysis - excluded from complication-specific chi-squared testing.
2026-09-08 11:46:39,250 - INFO - Analyte 3-Deoxy-D-glycero-D-galacto-2-nonulosonic acid_POS was not included in 1 gestational bin outlier analysis - excluded from complication-specific chi-squared testing.
2026-09-08 11:46:39,267 - INFO - Analyte unk_p985_POS_604.1398_RT9.66 was not included in 1 gestational bin outlier analysis - excluded from complication-specific chi-squared testing.
2026-09-08 11:46:39,353 - INFO - Analyte Choline_POS was not included in 1 gestational bin outlier analysis - excluded from complication-specific chi-squared testing.
2026-09-08 11:46:39,372 - INFO - Analyte Phenyl sulfoxide_POS was not included in 1 gestational bin outlier analysis - excluded from complication-specific chi-squared testing.
2026-09-08 11:46:39,409 - INFO - Analyte Pyroglutamylglycine_POS was not included in 1 gestational bin outlier analysis - excluded from complication-specific chi-squared testing.
2026-09-08 11:46:39,444 - INFO - Analyte Terephthalic acid_NEG was not included in 1 gestational bin outlier analysis - excluded from complication-specific chi-squared testing.
2026-09-08 11:46:39,462 - INFO - Analyte unk_p3495_POS_255.0950_RT7.91 was not included in 1 gestational bin outlier analysis - excluded from complication-specific chi-squared testing.
2026-09-08 11:46:39,498 - INFO - Analyte 1-Nitrohydroxyphenyl-N-benzoylalanine_POS was not included in 1 gestational bin outlier analysis - excluded from complication-specific chi-squared testing.
2026-09-08 11:46:39,535 - INFO - Analyte 2-Fluoro-6-(4-methoxyphenoxy)benzonitrile_POS was not included in 1 gestational bin outlier analysis - excluded from complication-specific chi-squared testing.
2026-09-08 11:46:39,572 - INFO - Analyte Satranidazole_POS was not included in 1 gestational bin outlier analysis - excluded from complication-specific chi-squared testing.
2026-09-08 11:46:39,609 - INFO - Analyte Oxepanone_POS was not included in 1 gestational bin outlier analysis - excluded from complication-specific chi-squared testing.
2026-09-08 11:46:39,646 - INFO - Analyte Beta-Aminopropionitrile_POS was not included in 1 gestational bin outlier analysis - excluded from complication-specific chi-squared testing.
2026-09-08 11:46:39,681 - INFO - Analyte Mycosporine hydroxyglutamicol_POS was not included in 1 gestational bin outlier analysis - excluded from complication-specific chi-squared testing.
2026-09-08 11:46:39,715 - INFO - Analyte L-3-Aminodihydro-2(3H)-furanone_POS was not included in 1 gestational bin outlier analysis - excluded from complication-specific chi-squared testing.
2026-09-08 11:46:39,749 - INFO - Analyte 1,3,11-Tridecatriene-5,7,9-triyne_POS was not included in 1 gestational bin outlier analysis - excluded from complication-specific chi-squared testing.
2026-09-08 11:46:39,766 - INFO - Analyte L-Cystine_NEG was not included in 1 gestational bin outlier analysis - excluded from complication-specific chi-squared testing.
2026-09-08 11:46:39,803 - INFO - Analyte N,N-Dimethyloctadecylamine_POS was not included in 1 gestational bin outlier analysis - excluded from complication-specific chi-squared testing.
2026-09-08 11:46:39,839 - INFO - Analyte Glycyl-Threonine_POS was not included in 1 gestational bin outlier analysis - excluded from complication-specific chi-squared testing.
2026-09-08 11:46:39,873 - INFO - Analyte Linustatin_POS was not included in 1 gestational bin outlier analysis - excluded from complication-specific chi-squared testing.
2026-09-08 11:46:39,909 - INFO - Analyte unk_n66_NEG_231.9315_RT9.69 was not included in 1 gestational bin outlier analysis - excluded from complication-specific chi-squared testing.
2026-09-08 11:46:39,946 - INFO - Analyte unk_p274_POS_223.0700_RT11.92 was not included in 1 gestational bin outlier analysis - excluded from complication-specific chi-squared testing.
2026-09-08 11:46:39,963 - INFO - Analyte 3-Hydroxybutyric acid_POS was not included in 1 gestational bin outlier analysis - excluded from complication-specific chi-squared testing.
2026-09-08 11:46:39,980 - INFO - Analyte L-Valine_NEG was not included in 1 gestational bin outlier analysis - excluded from complication-specific chi-squared testing.
2026-09-08 11:46:40,064 - INFO - Analyte Cladinose_POS was not included in 1 gestational bin outlier analysis - excluded from complication-specific chi-squared testing.
2026-09-08 11:46:40,101 - INFO - Analyte Creatinine_POS was not included in 1 gestational bin outlier analysis - excluded from complication-specific chi-squared testing.
2026-09-08 11:46:40,136 - INFO - Analyte 1-(4-Methoxyphenyl)piperazine_POS was not included in 1 gestational bin outlier analysis - excluded from complication-specific chi-squared testing.
2026-09-08 11:46:40,170 - INFO - Analyte Dacarbazine_POS was not included in 1 gestational bin outlier analysis - excluded from complication-specific chi-squared testing.
2026-09-08 11:46:40,187 - INFO - Analyte DL-Lysine_POS was not included in 1 gestational bin outlier analysis - excluded from complication-specific chi-squared testing.
2026-09-08 11:46:40,222 - INFO - Analyte Erythrohydrobupropion_POS was not included in 1 gestational bin outlier analysis - excluded from complication-specific chi-squared testing.
2026-09-08 11:46:40,256 - INFO - Analyte unk_n2474_NEG_100.9608_RT0.32 was not included in 1 gestational bin outlier analysis - excluded from complication-specific chi-squared testing.
2026-09-08 11:46:40,291 - INFO - Analyte 2-Methylbutyrylglycine_POS was not included in 1 gestational bin outlier analysis - excluded from complication-specific chi-squared testing.
2026-09-08 11:46:40,326 - INFO - Analyte 2,5-Diisothiocyanatobenzenesulfonate_POS was not included in 1 gestational bin outlier analysis - excluded from complication-specific chi-squared testing.
2026-09-08 11:46:40,360 - INFO - Analyte N'1-[4-amino-6-(tert-butyl)-1,3,5-triazin-2-yl]-2-(trifluoromethyl)benzene-1-sulfonohydrazide_POS was not included in 1 gestational bin outlier analysis - excluded from complication-specific chi-squared testing.
2026-09-08 11:46:40,395 - INFO - Analyte unk_n1043_NEG_462.0691_RT9.61 was not included in 1 gestational bin outlier analysis - excluded from complication-specific chi-squared testing.
2026-09-08 11:46:40,411 - INFO - Analyte D3-Alanine_POS was not included in 1 gestational bin outlier analysis - excluded from complication-specific chi-squared testing.
2026-09-08 11:46:40,445 - INFO - Analyte Cimaterol_POS was not included in 1 gestational bin outlier analysis - excluded from complication-specific chi-squared testing.
2026-09-08 11:46:40,450 - INFO - Analyte 6-(4-Chlorophenoxy)pyridine-3-carbothioamide_NEG was not included in 1 gestational bin outlier analysis - excluded from complication-specific chi-squared testing.
2026-09-08 11:46:40,483 - INFO - Analyte Dihydrothymine_POS was not included in 1 gestational bin outlier analysis - excluded from complication-specific chi-squared testing.
2026-09-08 11:46:40,500 - INFO - Analyte Adipamide_POS was not included in 1 gestational bin outlier analysis - excluded from complication-specific chi-squared testing.
2026-09-08 11:46:40,534 - INFO - Analyte (9E)-10-nitrooctadecenoic Acid_POS was not included in 1 gestational bin outlier analysis - excluded from complication-specific chi-squared testing.
2026-09-08 11:46:40,551 - INFO - Analyte 4-Hydroxybenzotriazole_POS was not included in 1 gestational bin outlier analysis - excluded from complication-specific chi-squared testing.
2026-09-08 11:46:40,584 - INFO - Analyte L-(+)-Citrulline_POS was not included in 1 gestational bin outlier analysis - excluded from complication-specific chi-squared testing.
2026-09-08 11:46:40,587 - INFO - Analyte DL-Lactic Acid_NEG was not included in 1 gestational bin outlier analysis - excluded from complication-specific chi-squared testing.
2026-09-08 11:46:40,620 - INFO - Analyte Pipecolic acid_POS was not included in 1 gestational bin outlier analysis - excluded from complication-specific chi-squared testing.
2026-09-08 11:46:40,653 - INFO - Analyte unk_n454_NEG_525.3312_RT11.94 was not included in 1 gestational bin outlier analysis - excluded from complication-specific chi-squared testing.
2026-09-08 11:46:40,686 - INFO - Analyte α-Lactose_NEG was not included in 1 gestational bin outlier analysis - excluded from complication-specific chi-squared testing.
2026-09-08 11:46:40,719 - INFO - Analyte N-Ethylacetamide_POS was not included in 1 gestational bin outlier analysis - excluded from complication-specific chi-squared testing.
2026-09-08 11:46:40,803 - INFO - Analyte L-Kynurenine_POS was not included in 1 gestational bin outlier analysis - excluded from complication-specific chi-squared testing.
2026-09-08 11:46:40,821 - INFO - Analyte Gluconolactone_POS was not included in 1 gestational bin outlier analysis - excluded from complication-specific chi-squared testing.
2026-09-08 11:46:40,854 - INFO - Analyte unk_p2069_POS_481.8174_RT6.05 was not included in 1 gestational bin outlier analysis - excluded from complication-specific chi-squared testing.
2026-09-08 11:46:40,871 - INFO - Analyte δ-Valerolactam_POS was not included in 1 gestational bin outlier analysis - excluded from complication-specific chi-squared testing.
2026-09-08 11:46:40,904 - INFO - Analyte unk_p5301_POS_446.2959_RT11.78 was not included in 1 gestational bin outlier analysis - excluded from complication-specific chi-squared testing.
2026-09-08 11:46:40,942 - INFO - Analyte 3-hydroxyoctanoyl carnitine_POS was not included in 1 gestational bin outlier analysis - excluded from complication-specific chi-squared testing.
2026-09-08 11:46:40,978 - INFO - Analyte N-gamma-Glutamylglutamine_POS was not included in 1 gestational bin outlier analysis - excluded from complication-specific chi-squared testing.
2026-09-08 11:46:41,012 - INFO - Analyte 6,7-dihydroxy-4,5,6,7-tetrahydroindole-4-one_NEG was not included in 1 gestational bin outlier analysis - excluded from complication-specific chi-squared testing.
2026-09-08 11:46:41,045 - INFO - Analyte L-Histidine_POS was not included in 1 gestational bin outlier analysis - excluded from complication-specific chi-squared testing.
2026-09-08 11:46:41,062 - INFO - Analyte Isobutyric acid_POS was not included in 1 gestational bin outlier analysis - excluded from complication-specific chi-squared testing.
2026-09-08 11:46:41,096 - INFO - Analyte L-2,4-Diaminobutyric acid_POS was not included in 1 gestational bin outlier analysis - excluded from complication-specific chi-squared testing.
2026-09-08 11:46:41,130 - INFO - Analyte unk_p1853_POS_166.9430_RT3.23 was not included in 1 gestational bin outlier analysis - excluded from complication-specific chi-squared testing.
2026-09-08 11:46:41,147 - INFO - Analyte apo-[3-methylcrotonoyl-CoA:carbon-dioxide ligase (ADP-forming)]_POS was not included in 1 gestational bin outlier analysis - excluded from complication-specific chi-squared testing.
2026-09-08 11:46:41,181 - INFO - Analyte Ethyl N2-acetyl-L-argininate_POS was not included in 1 gestational bin outlier analysis - excluded from complication-specific chi-squared testing.
2026-09-08 11:46:41,215 - INFO - Analyte Megazol_POS was not included in 1 gestational bin outlier analysis - excluded from complication-specific chi-squared testing.
2026-09-08 11:46:41,250 - INFO - Analyte D-Raffinose_POS was not included in 1 gestational bin outlier analysis - excluded from complication-specific chi-squared testing.
2026-09-08 11:46:41,267 - INFO - Analyte 2-[Bis-(2-hydroxy-ethyl)-amino]-2-hydroxymethyl-propane-1,3-diol_POS was not included in 1 gestational bin outlier analysis - excluded from complication-specific chi-squared testing.
2026-09-08 11:46:41,301 - INFO - Analyte Barbital_POS was not included in 1 gestational bin outlier analysis - excluded from complication-specific chi-squared testing.
2026-09-08 11:46:41,334 - INFO - Analyte 4-Acetamidobutanoic acid_POS was not included in 1 gestational bin outlier analysis - excluded from complication-specific chi-squared testing.
2026-09-08 11:46:41,370 - INFO - Analyte 4-(3,4-dimethylphenyl)-1-thia-4-azaspiro[4.5]decan-3-one_POS was not included in 1 gestational bin outlier analysis - excluded from complication-specific chi-squared testing.
2026-09-08 11:46:41,387 - INFO - Analyte N'-Formylkynurenine_POS was not included in 1 gestational bin outlier analysis - excluded from complication-specific chi-squared testing.
2026-09-08 11:46:41,405 - INFO - Analyte 4-Hydroxy-2-butenoic acid gamma-lactone_POS was not included in 1 gestational bin outlier analysis - excluded from complication-specific chi-squared testing.
2026-09-08 11:46:41,440 - INFO - Analyte gamma-Butyrolactone_NEG was not included in 1 gestational bin outlier analysis - excluded from complication-specific chi-squared testing.
2026-09-08 11:46:41,530 - INFO - Analyte Hypoxanthine_POS was not included in 1 gestational bin outlier analysis - excluded from complication-specific chi-squared testing.
2026-09-08 11:46:41,563 - INFO - Analyte unk_n386_NEG_255.8221_RT3.67 was not included in 1 gestational bin outlier analysis - excluded from complication-specific chi-squared testing.
2026-09-08 11:46:41,597 - INFO - Analyte unk_p2168_POS_231.8783_RT3.23 was not included in 1 gestational bin outlier analysis - excluded from complication-specific chi-squared testing.
2026-09-08 11:46:41,630 - INFO - Analyte Isobutyrylglycine_POS was not included in 1 gestational bin outlier analysis - excluded from complication-specific chi-squared testing.
2026-09-08 11:46:41,667 - INFO - Analyte Norepinephrine sulfate_POS was not included in 1 gestational bin outlier analysis - excluded from complication-specific chi-squared testing.
2026-09-08 11:46:41,705 - INFO - Analyte unk_p3339_POS_300.4097_RT0.75 was not included in 1 gestational bin outlier analysis - excluded from complication-specific chi-squared testing.
2026-09-08 11:46:41,743 - INFO - Analyte Didecyldimethylammonium_POS was not included in 1 gestational bin outlier analysis - excluded from complication-specific chi-squared testing.
2026-09-08 11:46:41,763 - INFO - Analyte Pantothenic acid_POS was not included in 1 gestational bin outlier analysis - excluded from complication-specific chi-squared testing.
2026-09-08 11:46:41,782 - INFO - Analyte NP-022451_POS was not included in 1 gestational bin outlier analysis - excluded from complication-specific chi-squared testing.
2026-09-08 11:46:41,787 - INFO - Analyte unk_p302_POS_81.5205_RT1.95 was not included in 1 gestational bin outlier analysis - excluded from complication-specific chi-squared testing.
2026-09-08 11:46:41,806 - INFO - Analyte 3-Oxalomalic acid_POS was not included in 1 gestational bin outlier analysis - excluded from complication-specific chi-squared testing.
2026-09-08 11:46:41,842 - INFO - Analyte cis-Acetylacrylate_NEG was not included in 1 gestational bin outlier analysis - excluded from complication-specific chi-squared testing.
2026-09-08 11:46:41,879 - INFO - Analyte (2R)-2,3-Dihydroxypropanoic acid_NEG was not included in 1 gestational bin outlier analysis - excluded from complication-specific chi-squared testing.
2026-09-08 11:46:41,896 - INFO - Analyte 2-Aminoisobutyric acid_POS was not included in 1 gestational bin outlier analysis - excluded from complication-specific chi-squared testing.
2026-09-08 11:46:41,930 - INFO - Analyte Leucylproline_POS was not included in 1 gestational bin outlier analysis - excluded from complication-specific chi-squared testing.
2026-09-08 11:46:41,963 - INFO - Analyte (+-)-trans-3-Methyl norfentanyl_POS was not included in 1 gestational bin outlier analysis - excluded from complication-specific chi-squared testing.
2026-09-08 11:46:42,000 - INFO - Analyte Ethephon_POS was not included in 1 gestational bin outlier analysis - excluded from complication-specific chi-squared testing.
2026-09-08 11:46:42,038 - INFO - Analyte unk_p93_POS_90.5258_RT0.76 was not included in 1 gestational bin outlier analysis - excluded from complication-specific chi-squared testing.
2026-09-08 11:46:42,057 - INFO - Analyte unk_p3799_POS_338.1166_RT7.62 was not included in 1 gestational bin outlier analysis - excluded from complication-specific chi-squared testing.
2026-09-08 11:46:42,077 - INFO - Analyte Xylariamide_POS was not included in 1 gestational bin outlier analysis - excluded from complication-specific chi-squared testing.
2026-09-08 11:46:42,112 - INFO - Analyte 4-Nitrophenyl beta-D-xyloside_POS was not included in 1 gestational bin outlier analysis - excluded from complication-specific chi-squared testing.
2026-09-08 11:46:42,134 - INFO - Analyte unk_p1541_POS_276.0038_RT4.14 was not included in 1 gestational bin outlier analysis - excluded from complication-specific chi-squared testing.
2026-09-08 11:46:42,173 - INFO - Analyte L-Isoleucine_POS was not included in 1 gestational bin outlier analysis - excluded from complication-specific chi-squared testing.
2026-09-08 11:46:42,178 - INFO - Analyte 3-Methylcrotonylglycine_POS was not included in 1 gestational bin outlier analysis - excluded from complication-specific chi-squared testing.
2026-09-08 11:46:42,217 - INFO - Analyte 3-Hydroxymepivacaine_POS was not included in 1 gestational bin outlier analysis - excluded from complication-specific chi-squared testing.
2026-09-08 11:46:42,255 - INFO - Analyte L-Erythrulose_NEG was not included in 1 gestational bin outlier analysis - excluded from complication-specific chi-squared testing.
2026-09-08 11:46:42,283 - INFO - Analyte methyl 2-(acetylamino)-4-amino-4-oxobutanoate_POS was not included in 1 gestational bin outlier analysis - excluded from complication-specific chi-squared testing.
2026-09-08 11:46:42,321 - INFO - Analyte Methoxyphenamine_POS was not included in 1 gestational bin outlier analysis - excluded from complication-specific chi-squared testing.
2026-09-08 11:46:42,382 - INFO - Analyte L-Threonine_POS was not included in 1 gestational bin outlier analysis - excluded from complication-specific chi-squared testing.
2026-09-08 11:46:42,419 - INFO - Analyte Doxylamine_POS was not included in 1 gestational bin outlier analysis - excluded from complication-specific chi-squared testing.
2026-09-08 11:46:42,438 - INFO - Analyte Taurine_NEG was not included in 1 gestational bin outlier analysis - excluded from complication-specific chi-squared testing.
2026-09-08 11:46:42,472 - INFO - Analyte unk_n441_NEG_525.3312_RT11.15 was not included in 1 gestational bin outlier analysis - excluded from complication-specific chi-squared testing.
2026-09-08 11:46:42,505 - INFO - Analyte unk_n529_NEG_197.8077_RT8.34 was not included in 1 gestational bin outlier analysis - excluded from complication-specific chi-squared testing.
2026-09-08 11:46:42,523 - INFO - Analyte beta-Alanine_POS was not included in 1 gestational bin outlier analysis - excluded from complication-specific chi-squared testing.
2026-09-08 11:46:42,558 - INFO - Analyte unk_p2702_POS_497.9977_RT1.05 was not included in 1 gestational bin outlier analysis - excluded from complication-specific chi-squared testing.
2026-09-08 11:46:42,592 - INFO - Analyte Ropivacaine_POS was not included in 1 gestational bin outlier analysis - excluded from complication-specific chi-squared testing.
2026-09-08 11:46:42,625 - INFO - Analyte TRIETHYLENE GLYCOL_POS was not included in 1 gestational bin outlier analysis - excluded from complication-specific chi-squared testing.
2026-09-08 11:46:42,658 - INFO - Analyte (±)-2-Propylthiazolidine_POS was not included in 1 gestational bin outlier analysis - excluded from complication-specific chi-squared testing.
2026-09-08 11:46:42,692 - INFO - Analyte [Similar to: Threonine; ΔMass: 83.9612 Da]_NEG was not included in 1 gestational bin outlier analysis - excluded from complication-specific chi-squared testing.
2026-09-08 11:46:42,708 - INFO - Analyte NP-015114_POS was not included in 1 gestational bin outlier analysis - excluded from complication-specific chi-squared testing.
2026-09-08 11:46:42,744 - INFO - Analyte unk_n915_NEG_102.9566_RT5.57 was not included in 1 gestational bin outlier analysis - excluded from complication-specific chi-squared testing.
2026-09-08 11:46:42,780 - INFO - Analyte Caprylic acid_POS was not included in 1 gestational bin outlier analysis - excluded from complication-specific chi-squared testing.
2026-09-08 11:46:42,818 - INFO - Analyte O-Desmethyl-lacosamide_POS was not included in 1 gestational bin outlier analysis - excluded from complication-specific chi-squared testing.
2026-09-08 11:46:42,855 - INFO - Analyte [3-amino-5-(methylsulfanyl)-4-(2-pyridinyl)-1H-pyrazol-1-yl](2-thienyl)methanone_POS was not included in 1 gestational bin outlier analysis - excluded from complication-specific chi-squared testing.
2026-09-08 11:46:42,893 - INFO - Analyte V-Pyrro/NO_POS was not included in 1 gestational bin outlier analysis - excluded from complication-specific chi-squared testing.
2026-09-08 11:46:42,930 - INFO - Analyte D-1,5-Anhydrofructose_NEG was not included in 1 gestational bin outlier analysis - excluded from complication-specific chi-squared testing.
2026-09-08 11:46:42,969 - INFO - Analyte unk_n3447_NEG_458.9835_RT1.44 was not included in 1 gestational bin outlier analysis - excluded from complication-specific chi-squared testing.
2026-09-08 11:46:43,057 - INFO - Analyte Cysteine-S-sulfate_NEG was not included in 1 gestational bin outlier analysis - excluded from complication-specific chi-squared testing.
2026-09-08 11:46:43,096 - INFO - Analyte unk_p4571_POS_347.8494_RT2.42 was not included in 1 gestational bin outlier analysis - excluded from complication-specific chi-squared testing.
2026-09-08 11:46:43,135 - INFO - Analyte Cysteineglutathione disulfide_POS was not included in 1 gestational bin outlier analysis - excluded from complication-specific chi-squared testing.
2026-09-08 11:46:43,175 - INFO - Analyte unk_p3493_POS_276.1361_RT4.66 was not included in 1 gestational bin outlier analysis - excluded from complication-specific chi-squared testing.
2026-09-08 11:46:43,196 - INFO - Analyte 3-Methylheptanoylcarnitine_POS was not included in 1 gestational bin outlier analysis - excluded from complication-specific chi-squared testing.
2026-09-08 11:46:43,217 - INFO - Analyte PEG n5_POS was not included in 1 gestational bin outlier analysis - excluded from complication-specific chi-squared testing.
2026-09-08 11:46:43,236 - INFO - Analyte D-Glycero-D-galacto-heptitol_NEG was not included in 1 gestational bin outlier analysis - excluded from complication-specific chi-squared testing.
2026-09-08 11:46:43,276 - INFO - Analyte 2-Hydroxy-4-oxopentanoic acid_NEG was not included in 1 gestational bin outlier analysis - excluded from complication-specific chi-squared testing.
2026-09-08 11:46:43,315 - INFO - Analyte 3-Hydroxymethylglutaric acid_POS was not included in 1 gestational bin outlier analysis - excluded from complication-specific chi-squared testing.
2026-09-08 11:46:43,335 - INFO - Analyte Furodazole_NEG was not included in 1 gestational bin outlier analysis - excluded from complication-specific chi-squared testing.
2026-09-08 11:46:43,374 - INFO - Analyte Creatine_NEG was not included in 1 gestational bin outlier analysis - excluded from complication-specific chi-squared testing.
2026-09-08 11:46:43,411 - INFO - Analyte unk_p1992_POS_481.8173_RT5.48 was not included in 1 gestational bin outlier analysis - excluded from complication-specific chi-squared testing.
2026-09-08 11:46:43,447 - INFO - Analyte N-cyclooctylurea_POS was not included in 1 gestational bin outlier analysis - excluded from complication-specific chi-squared testing.
2026-09-08 11:46:43,486 - INFO - Analyte unk_p21_POS_226.9514_RT0.64 was not included in 1 gestational bin outlier analysis - excluded from complication-specific chi-squared testing.
2026-09-08 11:46:43,523 - INFO - Analyte (R)-Salsolinol_POS was not included in 1 gestational bin outlier analysis - excluded from complication-specific chi-squared testing.
2026-09-08 11:46:43,564 - INFO - Analyte Desmethylcitalopram_POS was not included in 1 gestational bin outlier analysis - excluded from complication-specific chi-squared testing.
2026-09-08 11:46:43,602 - INFO - Analyte unk_n694_NEG_267.8479_RT4.64 was not included in 1 gestational bin outlier analysis - excluded from complication-specific chi-squared testing.
2026-09-08 11:46:43,621 - INFO - Analyte (2S)-4-(2-Aminophenyl)-2-formamido-4-oxobutanoic acid_POS was not included in 1 gestational bin outlier analysis - excluded from complication-specific chi-squared testing.
2026-09-08 11:46:43,640 - INFO - Analyte Squamolone_POS was not included in 1 gestational bin outlier analysis - excluded from complication-specific chi-squared testing.
2026-09-08 11:46:43,708 - INFO - Analyte 2-Imidazolidone_POS was not included in 1 gestational bin outlier analysis - excluded from complication-specific chi-squared testing.
2026-09-08 11:46:43,745 - INFO - Analyte Azetidomonamide A_POS was not included in 1 gestational bin outlier analysis - excluded from complication-specific chi-squared testing.
2026-09-08 11:46:43,781 - INFO - Analyte D-threo-isocitrate_NEG was not included in 1 gestational bin outlier analysis - excluded from complication-specific chi-squared testing.
2026-09-08 11:46:43,817 - INFO - Analyte unk_p2059_POS_179.0847_RT6.26 was not included in 1 gestational bin outlier analysis - excluded from complication-specific chi-squared testing.
2026-09-08 11:46:43,853 - INFO - Analyte (2S,3R)-3-Hydroxy-2-methylbutanoic acid_POS was not included in 1 gestational bin outlier analysis - excluded from complication-specific chi-squared testing.
2026-09-08 11:46:43,871 - INFO - Analyte Acetyl-L-carnitine_POS was not included in 1 gestational bin outlier analysis - excluded from complication-specific chi-squared testing.
2026-09-08 11:46:43,905 - INFO - Analyte D-(-)-Glutamine_NEG was not included in 1 gestational bin outlier analysis - excluded from complication-specific chi-squared testing.
2026-09-08 11:46:43,939 - INFO - Analyte unk_p1337_POS_490.8173_RT11.18 was not included in 1 gestational bin outlier analysis - excluded from complication-specific chi-squared testing.
2026-09-08 11:46:43,974 - INFO - Analyte N,N-dimethyl-N-(3-perfluoroalkylsulfonamidopropan-1-yl)-N-(3-sulfopropan-1-yl)ammonium;N-sulfo propyl dimethyl ammonio propyl perfluoroethane sulfonamide;N-sulfo propyl dimethyl ammonio propyl perfluoroethane sulfonamide;perfluoroethane sulfonamido betaine propyl sulfonate_POS was not included in 1 gestational bin outlier analysis - excluded from complication-specific chi-squared testing.
2026-09-08 11:46:44,010 - INFO - Analyte (x)-2-Heptanol glucoside_POS was not included in 1 gestational bin outlier analysis - excluded from complication-specific chi-squared testing.
2026-09-08 11:46:44,047 - INFO - Analyte Succinic acid semialdehyde_NEG was not included in 1 gestational bin outlier analysis - excluded from complication-specific chi-squared testing.
2026-09-08 11:46:44,065 - INFO - Analyte D-(+)-Glucose_POS was not included in 1 gestational bin outlier analysis - excluded from complication-specific chi-squared testing.
2026-09-08 11:46:44,102 - INFO - Analyte Diethylaminoethyl-Sephacel_POS was not included in 1 gestational bin outlier analysis - excluded from complication-specific chi-squared testing.
2026-09-08 11:46:44,122 - INFO - Analyte L-Glutamic acid_POS was not included in 1 gestational bin outlier analysis - excluded from complication-specific chi-squared testing.
2026-09-08 11:46:44,165 - INFO - Analyte Penicillamine disulfide_POS was not included in 1 gestational bin outlier analysis - excluded from complication-specific chi-squared testing.
2026-09-08 11:46:44,189 - INFO - Analyte [Similar to: Asparagine; ΔMass: 67.9873 Da]_NEG was not included in 1 gestational bin outlier analysis - excluded from complication-specific chi-squared testing.
2026-09-08 11:46:44,228 - INFO - Analyte 6-Chloro-2,3,4,5-tetrahydro-1H-3-benzazepine_NEG was not included in 1 gestational bin outlier analysis - excluded from complication-specific chi-squared testing.
2026-09-08 11:46:44,249 - INFO - Analyte Validoxylamine G_POS was not included in 1 gestational bin outlier analysis - excluded from complication-specific chi-squared testing.
2026-09-08 11:46:44,286 - INFO - Analyte Threonine_NEG was not included in 1 gestational bin outlier analysis - excluded from complication-specific chi-squared testing.
2026-09-08 11:46:44,373 - INFO - Analyte O-Desmethyl-cis-tramadol_POS was not included in 1 gestational bin outlier analysis - excluded from complication-specific chi-squared testing.
2026-09-08 11:46:44,414 - INFO - Analyte N,N-Didesmethylvenlafaxine_POS was not included in 1 gestational bin outlier analysis - excluded from complication-specific chi-squared testing.
2026-09-08 11:46:44,453 - INFO - Analyte 3-[(4-Chlorophenyl)thio]-6-(3,5-dimethyl-1H-pyrazol-1-yl)pyridazine_POS was not included in 1 gestational bin outlier analysis - excluded from complication-specific chi-squared testing.
2026-09-08 11:46:44,488 - INFO - Analyte Aladapcin_POS was not included in 1 gestational bin outlier analysis - excluded from complication-specific chi-squared testing.
2026-09-08 11:46:44,506 - INFO - Analyte Acetylcholine_POS was not included in 1 gestational bin outlier analysis - excluded from complication-specific chi-squared testing.
2026-09-08 11:46:44,541 - INFO - Analyte Cocaine_POS was not included in 1 gestational bin outlier analysis - excluded from complication-specific chi-squared testing.
2026-09-08 11:46:44,575 - INFO - Analyte (2R*,3R*)-1,2,3-Butanetriol_POS was not included in 1 gestational bin outlier analysis - excluded from complication-specific chi-squared testing.
2026-09-08 11:46:44,609 - INFO - Analyte Tranexamic Acid_POS was not included in 1 gestational bin outlier analysis - excluded from complication-specific chi-squared testing.
2026-09-08 11:46:44,644 - INFO - Analyte Citalopram hydrobromide_POS was not included in 1 gestational bin outlier analysis - excluded from complication-specific chi-squared testing.
2026-09-08 11:46:44,678 - INFO - Analyte Crotonic acid_POS was not included in 1 gestational bin outlier analysis - excluded from complication-specific chi-squared testing.
2026-09-08 11:46:44,711 - INFO - Analyte unk_n104_NEG_197.8080_RT4.23 was not included in 1 gestational bin outlier analysis - excluded from complication-specific chi-squared testing.
2026-09-08 11:46:44,717 - INFO - Analyte [Similar to: N1-(2-methyl-4-nitrophenyl)acetamide; ΔMass: -46.1009 Da]_NEG was not included in 1 gestational bin outlier analysis - excluded from complication-specific chi-squared testing.
2026-09-08 11:46:44,751 - INFO - Analyte 2-(2-Thienylmethylene)-1,6-dioxaspiro[4.4]non-3-ene_POS was not included in 1 gestational bin outlier analysis - excluded from complication-specific chi-squared testing.
2026-09-08 11:46:44,785 - INFO - Analyte unk_p755_POS_173.0783_RT3.49 was not included in 1 gestational bin outlier analysis - excluded from complication-specific chi-squared testing.
2026-09-08 11:46:44,819 - INFO - Analyte Vaccenyl carnitine_POS was not included in 1 gestational bin outlier analysis - excluded from complication-specific chi-squared testing.
2026-09-08 11:46:44,854 - INFO - Analyte Glycylproline_POS was not included in 1 gestational bin outlier analysis - excluded from complication-specific chi-squared testing.
2026-09-08 11:46:44,887 - INFO - Analyte 2-Oxopropyl 2-oxopropanoate_NEG was not included in 1 gestational bin outlier analysis - excluded from complication-specific chi-squared testing.
2026-09-08 11:46:44,920 - INFO - Analyte methadone-d9_NEG was not included in 1 gestational bin outlier analysis - excluded from complication-specific chi-squared testing.
2026-09-08 11:46:44,937 - INFO - Analyte 2-(methylthio)-4-(3-pyridyl)pyrimidine_POS was not included in 1 gestational bin outlier analysis - excluded from complication-specific chi-squared testing.
2026-09-08 11:46:44,954 - INFO - Analyte unk_p4117_POS_730.1590_RT4.67 was not included in 1 gestational bin outlier analysis - excluded from complication-specific chi-squared testing.
2026-09-08 11:46:44,971 - INFO - Analyte Butyrylcarnitine_POS was not included in 1 gestational bin outlier analysis - excluded from complication-specific chi-squared testing.
2026-09-08 11:46:45,004 - INFO - Analyte Triisobutyl phosphate_POS was not included in 1 gestational bin outlier analysis - excluded from complication-specific chi-squared testing.
2026-09-08 11:46:45,039 - INFO - Analyte 1-Methoxy-1H-indole-3-acetonitrile_POS was not included in 1 gestational bin outlier analysis - excluded from complication-specific chi-squared testing.
2026-09-08 11:46:45,072 - INFO - Analyte (5R)-5-Hydroxyhexanoic acid_POS was not included in 1 gestational bin outlier analysis - excluded from complication-specific chi-squared testing.
2026-09-08 11:46:45,105 - INFO - Analyte [Similar to: L-Threonic acid; ΔMass: 112.0010 Da]_NEG was not included in 1 gestational bin outlier analysis - excluded from complication-specific chi-squared testing.
2026-09-08 11:46:45,139 - INFO - Analyte unk_p2205_POS_101.0790_RT2.80 was not included in 1 gestational bin outlier analysis - excluded from complication-specific chi-squared testing.
2026-09-08 11:46:45,144 - INFO - Analyte Diaminopimelic acid_POS was not included in 1 gestational bin outlier analysis - excluded from complication-specific chi-squared testing.
2026-09-08 11:46:45,177 - INFO - Analyte N-Methyl-4-nitroaniline_POS was not included in 1 gestational bin outlier analysis - excluded from complication-specific chi-squared testing.
2026-09-08 11:46:45,266 - INFO - Analyte unk_n219_NEG_116.9285_RT11.96 was not included in 1 gestational bin outlier analysis - excluded from complication-specific chi-squared testing.
2026-09-08 11:46:45,299 - INFO - Analyte 1,2,2-trifluoro-2-(trifluoromethoxy)ethan-1-ol;Hydrogen-substituted perfluoroether butanol_NEG was not included in 1 gestational bin outlier analysis - excluded from complication-specific chi-squared testing.
2026-09-08 11:46:45,334 - INFO - Analyte Octylphosphonic acid_POS was not included in 1 gestational bin outlier analysis - excluded from complication-specific chi-squared testing.
2026-09-08 11:46:45,339 - INFO - Analyte Morpholine_POS was not included in 1 gestational bin outlier analysis - excluded from complication-specific chi-squared testing.
2026-09-08 11:46:45,373 - INFO - Analyte Valine_POS was not included in 1 gestational bin outlier analysis - excluded from complication-specific chi-squared testing.
2026-09-08 11:46:45,406 - INFO - Analyte 4-Oxoproline_NEG was not included in 1 gestational bin outlier analysis - excluded from complication-specific chi-squared testing.
2026-09-08 11:46:45,441 - INFO - Analyte unk_p3907_POS_370.0736_RT5.90 was not included in 1 gestational bin outlier analysis - excluded from complication-specific chi-squared testing.
2026-09-08 11:46:45,474 - INFO - Analyte N-acetyl zonisamide_POS was not included in 1 gestational bin outlier analysis - excluded from complication-specific chi-squared testing.
2026-09-08 11:46:45,492 - INFO - Analyte 4-Hydroxyproline_NEG was not included in 1 gestational bin outlier analysis - excluded from complication-specific chi-squared testing.
2026-09-08 11:46:45,527 - INFO - Analyte unk_p1789_POS_481.8174_RT8.05 was not included in 1 gestational bin outlier analysis - excluded from complication-specific chi-squared testing.
2026-09-08 11:46:45,561 - INFO - Analyte N-(1,3-benzodioxol-5-yl)-2-methyl-5-(piperidinosulfonyl)-3-furamide_POS was not included in 1 gestational bin outlier analysis - excluded from complication-specific chi-squared testing.
2026-09-08 11:46:45,594 - INFO - Analyte NP-022068_POS was not included in 1 gestational bin outlier analysis - excluded from complication-specific chi-squared testing.
2026-09-08 11:46:45,599 - INFO - Analyte unk_n683_NEG_226.9274_RT2.46 was not included in 1 gestational bin outlier analysis - excluded from complication-specific chi-squared testing.
2026-09-08 11:46:45,633 - INFO - Analyte [Similar to: 2-{[(2R,3R,4S,5S,6R)-4,5-dihydroxy-6-(hydroxymethyl)-3-{[(2S,3R,4R,5R,6S)-3,4,5-trihydroxy-6-methyloxan-2-yl]oxy}oxan-2-yl]oxy}-2-(4-hydroxyphenyl)acetonitrile; ΔMass: -157.9643 Da]_POS was not included in 1 gestational bin outlier analysis - excluded from complication-specific chi-squared testing.
2026-09-08 11:46:45,666 - INFO - Analyte 3-Hydroxymonoethylglycinexylidide_POS was not included in 1 gestational bin outlier analysis - excluded from complication-specific chi-squared testing.
2026-09-08 11:46:45,671 - INFO - Analyte 2-Aminothiazole_POS was not included in 1 gestational bin outlier analysis - excluded from complication-specific chi-squared testing.
2026-09-08 11:46:45,704 - INFO - Analyte Pyrrolidine_POS was not included in 1 gestational bin outlier analysis - excluded from complication-specific chi-squared testing.
2026-09-08 11:46:45,739 - INFO - Analyte unk_p1714_POS_174.9566_RT3.15 was not included in 1 gestational bin outlier analysis - excluded from complication-specific chi-squared testing.
2026-09-08 11:46:45,772 - INFO - Analyte Bicine_NEG was not included in 1 gestational bin outlier analysis - excluded from complication-specific chi-squared testing.
2026-09-08 11:46:45,806 - INFO - Analyte bk-MDDMA_POS was not included in 1 gestational bin outlier analysis - excluded from complication-specific chi-squared testing.
2026-09-08 11:46:45,841 - INFO - Analyte unk_n43_NEG_231.9316_RT9.38 was not included in 1 gestational bin outlier analysis - excluded from complication-specific chi-squared testing.
2026-09-08 11:46:45,874 - INFO - Analyte (S)-(+)-2-Amino-1-propanol_POS was not included in 1 gestational bin outlier analysis - excluded from complication-specific chi-squared testing.
2026-09-08 11:46:45,908 - INFO - Analyte Ritodrine_POS was not included in 1 gestational bin outlier analysis - excluded from complication-specific chi-squared testing.
2026-09-08 11:46:45,942 - INFO - Analyte Allyl 2-(1H-benzimidazol-2-yl)-2-cyano-N-phenylethanimidothioate_POS was not included in 1 gestational bin outlier analysis - excluded from complication-specific chi-squared testing.
2026-09-08 11:46:45,959 - INFO - Analyte Pseudoecgonine_POS was not included in 1 gestational bin outlier analysis - excluded from complication-specific chi-squared testing.
2026-09-08 11:46:45,976 - INFO - Analyte Proline_POS was not included in 1 gestational bin outlier analysis - excluded from complication-specific chi-squared testing.
2026-09-08 11:46:46,010 - INFO - Analyte unk_p4135_POS_461.8025_RT1.59 was not included in 1 gestational bin outlier analysis - excluded from complication-specific chi-squared testing.
2026-09-08 11:46:46,028 - INFO - Analyte unk_p2327_POS_272.1338_RT2.37 was not included in 1 gestational bin outlier analysis - excluded from complication-specific chi-squared testing.
2026-09-08 11:46:46,062 - INFO - Analyte NP-020535_POS was not included in 1 gestational bin outlier analysis - excluded from complication-specific chi-squared testing.
2026-09-08 11:46:46,095 - INFO - Analyte 5-nitrothiazol-2-amine_POS was not included in 1 gestational bin outlier analysis - excluded from complication-specific chi-squared testing.
2026-09-08 11:46:46,188 - INFO - Analyte unk_p4977_POS_430.3673_RT0.76 was not included in 1 gestational bin outlier analysis - excluded from complication-specific chi-squared testing.
2026-09-08 11:46:46,224 - INFO - Analyte unk_p1632_POS_663.4347_RT12.76 was not included in 1 gestational bin outlier analysis - excluded from complication-specific chi-squared testing.
2026-09-08 11:46:46,258 - INFO - Analyte 3-Hydroxybupivicaine_POS was not included in 1 gestational bin outlier analysis - excluded from complication-specific chi-squared testing.
2026-09-08 11:46:46,292 - INFO - Analyte unk_n9_NEG_273.9896_RT11.04 was not included in 1 gestational bin outlier analysis - excluded from complication-specific chi-squared testing.
2026-09-08 11:46:46,309 - INFO - Analyte 3-hydroxy-3-methylpentanedioic acid_POS was not included in 1 gestational bin outlier analysis - excluded from complication-specific chi-squared testing.
2026-09-08 11:46:46,344 - INFO - Analyte 2-Methyl-3-ketovaleric acid_POS was not included in 1 gestational bin outlier analysis - excluded from complication-specific chi-squared testing.
2026-09-08 11:46:46,377 - INFO - Analyte (4E)-3-Hydroxy-2,4-dimethyl-4-heptenamide_POS was not included in 1 gestational bin outlier analysis - excluded from complication-specific chi-squared testing.
2026-09-08 11:46:46,411 - INFO - Analyte Lamotrigine_POS was not included in 1 gestational bin outlier analysis - excluded from complication-specific chi-squared testing.
2026-09-08 11:46:46,445 - INFO - Analyte Xestoaminol C_POS was not included in 1 gestational bin outlier analysis - excluded from complication-specific chi-squared testing.
2026-09-08 11:46:46,478 - INFO - Analyte Acycloguanosine_NEG was not included in 1 gestational bin outlier analysis - excluded from complication-specific chi-squared testing.
2026-09-08 11:46:46,483 - INFO - Analyte unk_n75_NEG_197.8079_RT5.38 was not included in 1 gestational bin outlier analysis - excluded from complication-specific chi-squared testing.
2026-09-08 11:46:46,486 - INFO - Analyte Mevalonic acid_POS was not included in 1 gestational bin outlier analysis - excluded from complication-specific chi-squared testing.
2026-09-08 11:46:46,502 - INFO - Analyte Lorbamate_POS was not included in 1 gestational bin outlier analysis - excluded from complication-specific chi-squared testing.
2026-09-08 11:46:46,535 - INFO - Analyte 2-Furanmethanol_POS was not included in 1 gestational bin outlier analysis - excluded from complication-specific chi-squared testing.
2026-09-08 11:46:46,569 - INFO - Analyte Guanidoacetic acid_POS was not included in 1 gestational bin outlier analysis - excluded from complication-specific chi-squared testing.
2026-09-08 11:46:46,603 - INFO - Analyte Acetazolamide_NEG was not included in 1 gestational bin outlier analysis - excluded from complication-specific chi-squared testing.
2026-09-08 11:46:46,638 - INFO - Analyte unk_n834_NEG_333.1415_RT9.64 was not included in 1 gestational bin outlier analysis - excluded from complication-specific chi-squared testing.
2026-09-08 11:46:46,674 - INFO - Analyte D-(+)-Maltose_NEG was not included in 1 gestational bin outlier analysis - excluded from complication-specific chi-squared testing.
2026-09-08 11:46:46,713 - INFO - Analyte 4-Thialysine_POS was not included in 1 gestational bin outlier analysis - excluded from complication-specific chi-squared testing.
2026-09-08 11:46:46,731 - INFO - Analyte unk_p2623_POS_506.2075_RT7.31 was not included in 1 gestational bin outlier analysis - excluded from complication-specific chi-squared testing.
2026-09-08 11:46:46,765 - INFO - Analyte unk_n11_NEG_273.9895_RT10.40 was not included in 1 gestational bin outlier analysis - excluded from complication-specific chi-squared testing.
2026-09-08 11:46:46,799 - INFO - Analyte L-beta-aspartyl-L-glycine_POS was not included in 1 gestational bin outlier analysis - excluded from complication-specific chi-squared testing.
2026-09-08 11:46:46,833 - INFO - Analyte unk_p4598_POS_370.0734_RT6.62 was not included in 1 gestational bin outlier analysis - excluded from complication-specific chi-squared testing.
2026-09-08 11:46:46,866 - INFO - Analyte unk_p4657_POS_382.3426_RT11.09 was not included in 1 gestational bin outlier analysis - excluded from complication-specific chi-squared testing.
2026-09-08 11:46:46,899 - INFO - Analyte 5-Nitro-o-toluidine_POS was not included in 1 gestational bin outlier analysis - excluded from complication-specific chi-squared testing.
2026-09-08 11:46:46,933 - INFO - Analyte Xylactam_POS was not included in 1 gestational bin outlier analysis - excluded from complication-specific chi-squared testing.
2026-09-08 11:46:46,967 - INFO - Analyte unk_p1333_POS_99.5122_RT7.62 was not included in 1 gestational bin outlier analysis - excluded from complication-specific chi-squared testing.
2026-09-08 11:46:46,984 - INFO - Analyte 7-(2-thienyl)[1,2,4]triazolo[4,3-a]pyrimidine_POS was not included in 1 gestational bin outlier analysis - excluded from complication-specific chi-squared testing.
2026-09-08 11:46:47,000 - INFO - Analyte cis-Acetylacrylate_POS was not included in 1 gestational bin outlier analysis - excluded from complication-specific chi-squared testing.
2026-09-08 11:46:47,084 - INFO - Analyte Ecgonine_POS was not included in 1 gestational bin outlier analysis - excluded from complication-specific chi-squared testing.
2026-09-08 11:46:47,122 - INFO - Analyte PEG n12_POS was not included in 1 gestational bin outlier analysis - excluded from complication-specific chi-squared testing.
2026-09-08 11:46:47,161 - INFO - Analyte 2-Furancarboxaldehyde_NEG was not included in 1 gestational bin outlier analysis - excluded from complication-specific chi-squared testing.
2026-09-08 11:46:47,180 - INFO - Analyte L-Aspartic acid_POS was not included in 1 gestational bin outlier analysis - excluded from complication-specific chi-squared testing.
2026-09-08 11:46:47,219 - INFO - Analyte Homocitrulline_POS was not included in 1 gestational bin outlier analysis - excluded from complication-specific chi-squared testing.
2026-09-08 11:46:47,257 - INFO - Analyte unk_p8_POS_178.0903_RT10.06 was not included in 1 gestational bin outlier analysis - excluded from complication-specific chi-squared testing.
2026-09-08 11:46:47,292 - INFO - Analyte Methadone_POS was not included in 1 gestational bin outlier analysis - excluded from complication-specific chi-squared testing.
2026-09-08 11:46:47,327 - INFO - Analyte unk_p2870_POS_426.3213_RT12.12 was not included in 1 gestational bin outlier analysis - excluded from complication-specific chi-squared testing.
2026-09-08 11:46:47,362 - INFO - Analyte Methamphetamine_POS was not included in 1 gestational bin outlier analysis - excluded from complication-specific chi-squared testing.
2026-09-08 11:46:47,398 - INFO - Analyte Propylenediamine tetra-acetic acid_POS was not included in 1 gestational bin outlier analysis - excluded from complication-specific chi-squared testing.
2026-09-08 11:46:47,434 - INFO - Analyte 3-(2-methylpropyl)-octahydropyrrolo[1,2-a]pyrazine-1,4-dione_POS was not included in 1 gestational bin outlier analysis - excluded from complication-specific chi-squared testing.
2026-09-08 11:46:47,473 - INFO - Analyte Venlafaxine N-Oxide_POS was not included in 1 gestational bin outlier analysis - excluded from complication-specific chi-squared testing.
2026-09-08 11:46:47,508 - INFO - Analyte 1,1-Dichloroacetone_POS was not included in 1 gestational bin outlier analysis - excluded from complication-specific chi-squared testing.
2026-09-08 11:46:47,544 - INFO - Analyte unk_p1255_POS_297.9856_RT8.42 was not included in 1 gestational bin outlier analysis - excluded from complication-specific chi-squared testing.
2026-09-08 11:46:47,562 - INFO - Analyte (2S,3R,4S,5R,6R)-6-Ethyloxane-2,3,4,5-tetrol_POS was not included in 1 gestational bin outlier analysis - excluded from complication-specific chi-squared testing.
2026-09-08 11:46:47,565 - INFO - Analyte Phenyl sulfoxide_NEG was not included in 1 gestational bin outlier analysis - excluded from complication-specific chi-squared testing.
2026-09-08 11:46:47,599 - INFO - Analyte [Similar to: L-Threonic acid; ΔMass: 67.9873 Da]_NEG was not included in 1 gestational bin outlier analysis - excluded from complication-specific chi-squared testing.
2026-09-08 11:46:47,633 - INFO - Analyte Alanylserine_POS was not included in 1 gestational bin outlier analysis - excluded from complication-specific chi-squared testing.
2026-09-08 11:46:47,666 - INFO - Analyte D3-Creatinine_POS was not included in 1 gestational bin outlier analysis - excluded from complication-specific chi-squared testing.
2026-09-08 11:46:47,683 - INFO - Analyte 2-(4-chlorophenoxy)pyridin-3-amine_POS was not included in 1 gestational bin outlier analysis - excluded from complication-specific chi-squared testing.
2026-09-08 11:46:47,721 - INFO - Analyte L-Lysine_POS was not included in 1 gestational bin outlier analysis - excluded from complication-specific chi-squared testing.
2026-09-08 11:46:47,755 - INFO - Analyte Epinephrine_POS was not included in 1 gestational bin outlier analysis - excluded from complication-specific chi-squared testing.
2026-09-08 11:46:47,789 - INFO - Analyte unk_p4438_POS_454.2431_RT9.53 was not included in 1 gestational bin outlier analysis - excluded from complication-specific chi-squared testing.
2026-09-08 11:46:47,822 - INFO - Analyte unk_n449_NEG_525.3312_RT11.55 was not included in 1 gestational bin outlier analysis - excluded from complication-specific chi-squared testing.
2026-09-08 11:46:47,841 - INFO - Analyte unk_n2989_NEG_778.2049_RT9.66 was not included in 1 gestational bin outlier analysis - excluded from complication-specific chi-squared testing.
2026-09-08 11:46:47,866 - INFO - Analyte Hydroxymethyl hydrogen carbonate_NEG was not included in 1 gestational bin outlier analysis - excluded from complication-specific chi-squared testing.
2026-09-08 11:46:47,901 - INFO - Analyte 5S,6S-epoxy-15R-hydroxy-ETE_POS was not included in 1 gestational bin outlier analysis - excluded from complication-specific chi-squared testing.
2026-09-08 11:46:47,918 - INFO - Analyte Cefalexin_POS was not included in 1 gestational bin outlier analysis - excluded from complication-specific chi-squared testing.
2026-09-08 11:46:47,935 - INFO - Analyte unk_p256_POS_223.0700_RT11.18 was not included in 1 gestational bin outlier analysis - excluded from complication-specific chi-squared testing.
2026-09-08 11:46:47,968 - INFO - Analyte Citrulline_NEG was not included in 1 gestational bin outlier analysis - excluded from complication-specific chi-squared testing.
2026-09-08 11:46:48,002 - INFO - Analyte Nadolol_POS was not included in 1 gestational bin outlier analysis - excluded from complication-specific chi-squared testing.
2026-09-08 11:46:48,076 - INFO - Analyte Bupropion hydrochloride_POS was not included in 1 gestational bin outlier analysis - excluded from complication-specific chi-squared testing.
2026-09-08 11:46:48,111 - INFO - Analyte unk_p480_POS_242.9825_RT7.37 was not included in 1 gestational bin outlier analysis - excluded from complication-specific chi-squared testing.
2026-09-08 11:46:48,146 - INFO - Analyte N6-Me-Adenosine_POS was not included in 1 gestational bin outlier analysis - excluded from complication-specific chi-squared testing.
2026-09-08 11:46:48,163 - INFO - Analyte Anthranilic acid_POS was not included in 1 gestational bin outlier analysis - excluded from complication-specific chi-squared testing.
2026-09-08 11:46:48,197 - INFO - Analyte 2-Pyridylacetic acid_POS was not included in 1 gestational bin outlier analysis - excluded from complication-specific chi-squared testing.
2026-09-08 11:46:48,215 - INFO - Analyte 2-Aminobicyclo[3.1.0]hexane-2,6-dicarboxylic acid_POS was not included in 1 gestational bin outlier analysis - excluded from complication-specific chi-squared testing.
2026-09-08 11:46:48,234 - INFO - Analyte Clopidol_POS was not included in 1 gestational bin outlier analysis - excluded from complication-specific chi-squared testing.
2026-09-08 11:46:48,252 - INFO - Analyte Asparagine_NEG was not included in 1 gestational bin outlier analysis - excluded from complication-specific chi-squared testing.
2026-09-08 11:46:48,268 - INFO - Analyte Pyrogallol_POS was not included in 1 gestational bin outlier analysis - excluded from complication-specific chi-squared testing.
2026-09-08 11:46:48,285 - INFO - Analyte N-{[(2R,4S,5R)-5-(1-Methyl-3-phenyl-1H-pyrazol-5-yl)-1-azabicyclo[2.2.2]oct-2-yl]methyl}methanesulfonamide_POS was not included in 1 gestational bin outlier analysis - excluded from complication-specific chi-squared testing.
2026-09-08 11:46:48,319 - INFO - Analyte unk_p1961_POS_481.8174_RT7.74 was not included in 1 gestational bin outlier analysis - excluded from complication-specific chi-squared testing.
2026-09-08 11:46:48,337 - INFO - Analyte Dihydrothymine_NEG was not included in 1 gestational bin outlier analysis - excluded from complication-specific chi-squared testing.
2026-09-08 11:46:48,370 - INFO - Analyte Metronidazole-OH_POS was not included in 1 gestational bin outlier analysis - excluded from complication-specific chi-squared testing.
2026-09-08 11:46:48,387 - INFO - Analyte L-Aspartic acid_NEG was not included in 1 gestational bin outlier analysis - excluded from complication-specific chi-squared testing.
2026-09-08 11:46:48,421 - INFO - Analyte 6-(1,2,3,4-Tetrahydroxybutyl)oxane-2,3,4,5-tetrol_NEG was not included in 1 gestational bin outlier analysis - excluded from complication-specific chi-squared testing.
2026-09-08 11:46:48,454 - INFO - Analyte N-Acetyl-DL-tryptophan_POS was not included in 1 gestational bin outlier analysis - excluded from complication-specific chi-squared testing.
2026-09-08 11:46:48,487 - INFO - Analyte unk_n3153_NEG_237.9734_RT2.13 was not included in 1 gestational bin outlier analysis - excluded from complication-specific chi-squared testing.
2026-09-08 11:46:48,520 - INFO - Analyte Acycloguanosine_POS was not included in 1 gestational bin outlier analysis - excluded from complication-specific chi-squared testing.
2026-09-08 11:46:48,554 - INFO - Analyte 2-(2,6-dimethoxyphenyl)-5,6-dimethoxy-4H-chromen-4-one_POS was not included in 1 gestational bin outlier analysis - excluded from complication-specific chi-squared testing.
2026-09-08 11:46:48,640 - INFO - Analyte Allopurinol_NEG was not included in 1 gestational bin outlier analysis - excluded from complication-specific chi-squared testing.
2026-09-08 11:46:48,657 - INFO - Analyte 5-Aminolevulinic acid_POS was not included in 1 gestational bin outlier analysis - excluded from complication-specific chi-squared testing.
2026-09-08 11:46:48,691 - INFO - Analyte [Similar to: DL-Arginine; ΔMass: 180.0636 Da]_NEG was not included in 1 gestational bin outlier analysis - excluded from complication-specific chi-squared testing.
2026-09-08 11:46:48,725 - INFO - Analyte Aspartame_POS was not included in 1 gestational bin outlier analysis - excluded from complication-specific chi-squared testing.
2026-09-08 11:46:48,742 - INFO - Analyte 2-Furancarboxaldehyde_POS was not included in 1 gestational bin outlier analysis - excluded from complication-specific chi-squared testing.
2026-09-08 11:46:48,779 - INFO - Analyte Methoxsalen_POS was not included in 1 gestational bin outlier analysis - excluded from complication-specific chi-squared testing.
2026-09-08 11:46:48,814 - INFO - Analyte Phosphate_NEG was not included in 1 gestational bin outlier analysis - excluded from complication-specific chi-squared testing.
2026-09-08 11:46:48,849 - INFO - Analyte D-(+)-Glucose_NEG was not included in 1 gestational bin outlier analysis - excluded from complication-specific chi-squared testing.
2026-09-08 11:46:48,886 - INFO - Analyte unk_n146_NEG_228.9939_RT11.62 was not included in 1 gestational bin outlier analysis - excluded from complication-specific chi-squared testing.
2026-09-08 11:46:48,922 - INFO - Analyte L-Pyroglutamic acid_POS was not included in 1 gestational bin outlier analysis - excluded from complication-specific chi-squared testing.
2026-09-08 11:46:48,956 - INFO - Analyte tetrahomomethionine_POS was not included in 1 gestational bin outlier analysis - excluded from complication-specific chi-squared testing.
2026-09-08 11:46:48,973 - INFO - Analyte Cyclopentylamine_POS was not included in 1 gestational bin outlier analysis - excluded from complication-specific chi-squared testing.
2026-09-08 11:46:49,007 - INFO - Analyte N-(2-Hydroxypropyl)valine_POS was not included in 1 gestational bin outlier analysis - excluded from complication-specific chi-squared testing.
2026-09-08 11:46:49,042 - INFO - Analyte tert-Butyl N-[1-(aminocarbonyl)-3-methylbutyl]carbamate_POS was not included in 1 gestational bin outlier analysis - excluded from complication-specific chi-squared testing.
2026-09-08 11:46:49,075 - INFO - Analyte α-Lactose_POS was not included in 1 gestational bin outlier analysis - excluded from complication-specific chi-squared testing.
2026-09-08 11:46:49,092 - INFO - Analyte 1-(2-Furylmethyl)-5-oxopyrrolidine-3-carboxylic acid_NEG was not included in 1 gestational bin outlier analysis - excluded from complication-specific chi-squared testing.
2026-09-08 11:46:49,129 - INFO - Analyte 2-(Methylsulfonyl)pyridine_POS was not included in 1 gestational bin outlier analysis - excluded from complication-specific chi-squared testing.
2026-09-08 11:46:49,164 - INFO - Analyte 6-Hydroxy-1H-indole-3-acetamide_POS was not included in 1 gestational bin outlier analysis - excluded from complication-specific chi-squared testing.
2026-09-08 11:46:49,200 - INFO - Analyte unk_p2701_POS_497.9975_RT1.19 was not included in 1 gestational bin outlier analysis - excluded from complication-specific chi-squared testing.
2026-09-08 11:46:49,237 - INFO - Analyte O-Desmethylvenlafaxine_POS was not included in 1 gestational bin outlier analysis - excluded from complication-specific chi-squared testing.
2026-09-08 11:46:49,270 - INFO - Analyte 4-Pyridoxic acid_POS was not included in 1 gestational bin outlier analysis - excluded from complication-specific chi-squared testing.
2026-09-08 11:46:49,358 - INFO - Analyte N-Acetyl-L-carnosine_POS was not included in 1 gestational bin outlier analysis - excluded from complication-specific chi-squared testing.
2026-09-08 11:46:49,375 - INFO - Analyte unk_p557_POS_445.8151_RT12.73 was not included in 1 gestational bin outlier analysis - excluded from complication-specific chi-squared testing.
2026-09-08 11:46:49,409 - INFO - Analyte unk_p223_POS_111.0200_RT9.05 was not included in 1 gestational bin outlier analysis - excluded from complication-specific chi-squared testing.
2026-09-08 11:46:49,442 - INFO - Analyte Ethylenediaminetetraacetic acid (EDTA)_POS was not included in 1 gestational bin outlier analysis - excluded from complication-specific chi-squared testing.
2026-09-08 11:46:49,475 - INFO - Analyte unk_p5266_POS_459.2620_RT11.62 was not included in 1 gestational bin outlier analysis - excluded from complication-specific chi-squared testing.
2026-09-08 11:46:49,508 - INFO - Analyte 4'-Chloro-α-pyrrolidinopropiophenone_POS was not included in 1 gestational bin outlier analysis - excluded from complication-specific chi-squared testing.
2026-09-08 11:46:49,542 - INFO - Analyte Bis(cyano-kappaC)iron_POS was not included in 1 gestational bin outlier analysis - excluded from complication-specific chi-squared testing.
2026-09-08 11:46:49,575 - INFO - Analyte 1-Hydroxybenzotriazol_POS was not included in 1 gestational bin outlier analysis - excluded from complication-specific chi-squared testing.
2026-09-08 11:46:49,608 - INFO - Analyte Ornithine_NEG was not included in 1 gestational bin outlier analysis - excluded from complication-specific chi-squared testing.
2026-09-08 11:46:49,642 - INFO - Analyte DL-Arginine_POS was not included in 1 gestational bin outlier analysis - excluded from complication-specific chi-squared testing.
2026-09-08 11:46:49,677 - INFO - Analyte N-(5-Methyl-3-oxohexyl)alanine_POS was not included in 1 gestational bin outlier analysis - excluded from complication-specific chi-squared testing.
2026-09-08 11:46:49,711 - INFO - Analyte 4-Amino-2-pyrazin-2-ylpyrimidine-5-carbonitrile_POS was not included in 1 gestational bin outlier analysis - excluded from complication-specific chi-squared testing.
2026-09-08 11:46:49,745 - INFO - Analyte unk_p1254_POS_83.5357_RT0.57 was not included in 1 gestational bin outlier analysis - excluded from complication-specific chi-squared testing.
2026-09-08 11:46:49,778 - INFO - Analyte 3-(dimethylamino)-1-(2-pyridyl)prop-2-en-1-one_POS was not included in 1 gestational bin outlier analysis - excluded from complication-specific chi-squared testing.
2026-09-08 11:46:49,783 - INFO - Analyte Benzoylecgonine_POS was not included in 1 gestational bin outlier analysis - excluded from complication-specific chi-squared testing.
2026-09-08 11:46:49,800 - INFO - Analyte Suberic acid_POS was not included in 1 gestational bin outlier analysis - excluded from complication-specific chi-squared testing.
2026-09-08 11:46:49,817 - INFO - Analyte N,N'-Diphenylguanidine_POS was not included in 1 gestational bin outlier analysis - excluded from complication-specific chi-squared testing.
2026-09-08 11:46:49,851 - INFO - Analyte Leucylphenylalanine_POS was not included in 1 gestational bin outlier analysis - excluded from complication-specific chi-squared testing.
2026-09-08 11:46:49,867 - INFO - Analyte Atenolol acid_POS was not included in 1 gestational bin outlier analysis - excluded from complication-specific chi-squared testing.
2026-09-08 11:46:49,884 - INFO - Analyte Diisopropylphosphate_NEG was not included in 1 gestational bin outlier analysis - excluded from complication-specific chi-squared testing.
2026-09-08 11:46:49,917 - INFO - Analyte 4:2 fluorotelomer thia hydroxy propyl trimethyl ammonium;4:2 fluorotelomer thia hydroxy propyl trimethyl ammonium;fluorotelomer thiohydroxyl ammonium (Backe, D'Agostino, Meija-Avedano), X:2 fluorotelomer thioether 2-propanol trimethyl quaternary amine_POS was not included in 1 gestational bin outlier analysis - excluded from complication-specific chi-squared testing.
2026-09-08 11:46:49,934 - INFO - Analyte Caprolactam_POS was not included in 1 gestational bin outlier analysis - excluded from complication-specific chi-squared testing.
2026-09-08 11:46:50,005 - INFO - Analyte Bis(diaminomethylideneamino) butanedioate_POS was not included in 1 gestational bin outlier analysis - excluded from complication-specific chi-squared testing.
2026-09-08 11:46:50,039 - INFO - Analyte unk_p1141_POS_297.9856_RT8.76 was not included in 1 gestational bin outlier analysis - excluded from complication-specific chi-squared testing.
2026-09-08 11:46:50,073 - INFO - Analyte acutumidine_POS was not included in 1 gestational bin outlier analysis - excluded from complication-specific chi-squared testing.
2026-09-08 11:46:50,107 - INFO - Analyte unk_n189_NEG_228.9940_RT11.33 was not included in 1 gestational bin outlier analysis - excluded from complication-specific chi-squared testing.
2026-09-08 11:46:50,141 - INFO - Analyte 1-(Hydroxymethyl)-5,5-dimethyl-2,4-imidazolidinedione_POS was not included in 1 gestational bin outlier analysis - excluded from complication-specific chi-squared testing.
2026-09-08 11:46:50,174 - INFO - Analyte D-(-)-Ribose_NEG was not included in 1 gestational bin outlier analysis - excluded from complication-specific chi-squared testing.
2026-09-08 11:46:50,208 - INFO - Analyte Acetone hydrazone_POS was not included in 1 gestational bin outlier analysis - excluded from complication-specific chi-squared testing.
2026-09-08 11:46:50,243 - INFO - Analyte 1-[2-(2,5-Dimethyl-1H-pyrrol-1-yl)-4-nitrophenyl]-4-(methylsulfonyl)piperazine_POS was not included in 1 gestational bin outlier analysis - excluded from complication-specific chi-squared testing.
2026-09-08 11:46:50,262 - INFO - Analyte Soboliferamide_POS was not included in 1 gestational bin outlier analysis - excluded from complication-specific chi-squared testing.
2026-09-08 11:46:50,296 - INFO - Analyte 3-Hydroxysebacic acid_POS was not included in 1 gestational bin outlier analysis - excluded from complication-specific chi-squared testing.
2026-09-08 11:46:50,313 - INFO - Analyte D-Alanyl-D-alanine_POS was not included in 1 gestational bin outlier analysis - excluded from complication-specific chi-squared testing.
2026-09-08 11:46:50,346 - INFO - Analyte Medazepam_POS was not included in 1 gestational bin outlier analysis - excluded from complication-specific chi-squared testing.
2026-09-08 11:46:50,381 - INFO - Analyte Oxalic acid_NEG was not included in 1 gestational bin outlier analysis - excluded from complication-specific chi-squared testing.
2026-09-08 11:46:50,398 - INFO - Analyte 4-(3-Methyl-1-butenyl)-3,3',4',5-tetrahydroxystilbene_NEG was not included in 1 gestational bin outlier analysis - excluded from complication-specific chi-squared testing.
2026-09-08 11:46:50,414 - INFO - Analyte unk_n2029_NEG_102.9567_RT8.75 was not included in 1 gestational bin outlier analysis - excluded from complication-specific chi-squared testing.
2026-09-08 11:46:50,449 - INFO - Analyte [Similar to: Amphomycin; ΔMass: -1091.5889 Da]_POS was not included in 1 gestational bin outlier analysis - excluded from complication-specific chi-squared testing.
2026-09-08 11:46:50,485 - INFO - Analyte Glucosamine_POS was not included in 1 gestational bin outlier analysis - excluded from complication-specific chi-squared testing.
2026-09-08 11:46:50,518 - INFO - Analyte D-(-)-Lyxose_NEG was not included in 1 gestational bin outlier analysis - excluded from complication-specific chi-squared testing.
2026-09-08 11:46:50,535 - INFO - Analyte unk_p92_POS_90.5258_RT1.29 was not included in 1 gestational bin outlier analysis - excluded from complication-specific chi-squared testing.
2026-09-08 11:46:50,568 - INFO - Analyte 2-Hydroxyglutaric acid diethyl ester_POS was not included in 1 gestational bin outlier analysis - excluded from complication-specific chi-squared testing.
2026-09-08 11:46:50,602 - INFO - Analyte Tetraethylene glycol_POS was not included in 1 gestational bin outlier analysis - excluded from complication-specific chi-squared testing.
2026-09-08 11:46:50,635 - INFO - Analyte SK&F 91581_POS was not included in 1 gestational bin outlier analysis - excluded from complication-specific chi-squared testing.
2026-09-08 11:46:50,668 - INFO - Analyte unk_n158_NEG_215.8684_RT7.97 was not included in 1 gestational bin outlier analysis - excluded from complication-specific chi-squared testing.
2026-09-08 11:46:50,701 - INFO - Analyte Glutaminylglutamine_POS was not included in 1 gestational bin outlier analysis - excluded from complication-specific chi-squared testing.
2026-09-08 11:46:50,799 - INFO - Analyte unk_p2967_POS_272.1702_RT7.57 was not included in 1 gestational bin outlier analysis - excluded from complication-specific chi-squared testing.
2026-09-08 11:46:50,816 - INFO - Analyte 3-Hydroxyadipic acid 3,6-lactone_POS was not included in 1 gestational bin outlier analysis - excluded from complication-specific chi-squared testing.
2026-09-08 11:46:50,851 - INFO - Analyte dihomomethionine_POS was not included in 1 gestational bin outlier analysis - excluded from complication-specific chi-squared testing.
2026-09-08 11:46:50,884 - INFO - Analyte Pyruvic acid_NEG was not included in 1 gestational bin outlier analysis - excluded from complication-specific chi-squared testing.
2026-09-08 11:46:50,917 - INFO - Analyte unk_p800_POS_91.5045_RT9.41 was not included in 1 gestational bin outlier analysis - excluded from complication-specific chi-squared testing.
2026-09-08 11:46:50,951 - INFO - Analyte [Similar to: NP-004031; ΔMass: -416.3678 Da]_NEG was not included in 1 gestational bin outlier analysis - excluded from complication-specific chi-squared testing.
2026-09-08 11:46:50,967 - INFO - Analyte Norfentanyl_POS was not included in 1 gestational bin outlier analysis - excluded from complication-specific chi-squared testing.
2026-09-08 11:46:51,001 - INFO - Analyte 2-Methylbutyroylcarnitine_POS was not included in 1 gestational bin outlier analysis - excluded from complication-specific chi-squared testing.
2026-09-08 11:46:51,034 - INFO - Analyte 2-Hydroxy-3-methylpentanoic acid_POS was not included in 1 gestational bin outlier analysis - excluded from complication-specific chi-squared testing.
2026-09-08 11:46:51,052 - INFO - Analyte Glycyl-Glutamate_POS was not included in 1 gestational bin outlier analysis - excluded from complication-specific chi-squared testing.
2026-09-08 11:46:51,085 - INFO - Analyte 3-Deoxyglucosone_NEG was not included in 1 gestational bin outlier analysis - excluded from complication-specific chi-squared testing.
2026-09-08 11:46:51,119 - INFO - Analyte unk_p826_POS_235.9612_RT4.24 was not included in 1 gestational bin outlier analysis - excluded from complication-specific chi-squared testing.
2026-09-08 11:46:51,153 - INFO - Analyte unk_n2411_NEG_319.0083_RT2.93 was not included in 1 gestational bin outlier analysis - excluded from complication-specific chi-squared testing.
2026-09-08 11:46:51,186 - INFO - Analyte unk_n2019_NEG_382.1452_RT12.08 was not included in 1 gestational bin outlier analysis - excluded from complication-specific chi-squared testing.
2026-09-08 11:46:51,220 - INFO - Analyte 2-Amino-5-isopentyl-6-methylpyrimidin-4-ol_POS was not included in 1 gestational bin outlier analysis - excluded from complication-specific chi-squared testing.
2026-09-08 11:46:51,253 - INFO - Analyte Propyliodone_POS was not included in 1 gestational bin outlier analysis - excluded from complication-specific chi-squared testing.
2026-09-08 11:46:51,286 - INFO - Analyte 4-Azaspiro[bicyclo[2.2.2]octane-2,2'-[1,4]oxazolidine]-5'-one_POS was not included in 1 gestational bin outlier analysis - excluded from complication-specific chi-squared testing.
2026-09-08 11:46:51,319 - INFO - Analyte H2-D-erythro-Neopterin 2',3'-cyclic phosphate_POS was not included in 1 gestational bin outlier analysis - excluded from complication-specific chi-squared testing.
2026-09-08 11:46:51,352 - INFO - Analyte 2,2'-Anhydrocytidine_POS was not included in 1 gestational bin outlier analysis - excluded from complication-specific chi-squared testing.
2026-09-08 11:46:51,370 - INFO - Analyte (2S,8R)-2-Amino-8-hydroxydecanoic acid_POS was not included in 1 gestational bin outlier analysis - excluded from complication-specific chi-squared testing.
2026-09-08 11:46:51,403 - INFO - Analyte Trifluoroacetic acid_NEG was not included in 1 gestational bin outlier analysis - excluded from complication-specific chi-squared testing.
2026-09-08 11:46:51,420 - INFO - Analyte Repinotan_POS was not included in 1 gestational bin outlier analysis - excluded from complication-specific chi-squared testing.
2026-09-08 11:46:51,424 - INFO - Analyte unk_p4131_POS_564.2862_RT10.69 was not included in 1 gestational bin outlier analysis - excluded from complication-specific chi-squared testing.
2026-09-08 11:46:51,458 - INFO - Analyte Indoline_POS was not included in 1 gestational bin outlier analysis - excluded from complication-specific chi-squared testing.
2026-09-08 11:46:51,491 - INFO - Analyte 2-Isopropyl-3,5-dimethoxy-6-methylpyrazine_POS was not included in 1 gestational bin outlier analysis - excluded from complication-specific chi-squared testing.
2026-09-08 11:46:51,525 - INFO - Analyte 1-Phenyl-1H-pyrazole_POS was not included in 1 gestational bin outlier analysis - excluded from complication-specific chi-squared testing.
2026-09-08 11:46:51,558 - INFO - Analyte 4-Aminobenzoic acid_POS was not included in 1 gestational bin outlier analysis - excluded from complication-specific chi-squared testing.
2026-09-08 11:46:51,575 - INFO - Analyte 3-phospho-hydroxypyruvate_POS was not included in 1 gestational bin outlier analysis - excluded from complication-specific chi-squared testing.
2026-09-08 11:46:51,607 - INFO - Analyte unk_p4197_POS_287.9412_RT3.28 was not included in 1 gestational bin outlier analysis - excluded from complication-specific chi-squared testing.
2026-09-08 11:46:51,624 - INFO - Analyte D-(-)-Mannitol_NEG was not included in 1 gestational bin outlier analysis - excluded from complication-specific chi-squared testing.
2026-09-08 11:46:51,643 - INFO - Analyte L-Aspartate-semialdehyde_POS was not included in 1 gestational bin outlier analysis - excluded from complication-specific chi-squared testing.
2026-09-08 11:46:51,749 - INFO - Analyte 3-(propan-2-yl)-octahydropyrrolo[1,2-a]pyrazine-1,4-dione_POS was not included in 1 gestational bin outlier analysis - excluded from complication-specific chi-squared testing.
2026-09-08 11:46:51,790 - INFO - Analyte 2-Hydroxyquinoline_POS was not included in 1 gestational bin outlier analysis - excluded from complication-specific chi-squared testing.
2026-09-08 11:46:51,826 - INFO - Analyte unk_p3625_POS_427.0946_RT7.01 was not included in 1 gestational bin outlier analysis - excluded from complication-specific chi-squared testing.
2026-09-08 11:46:51,863 - INFO - Analyte trans-3-Hydroxycotinine_POS was not included in 1 gestational bin outlier analysis - excluded from complication-specific chi-squared testing.
2026-09-08 11:46:51,898 - INFO - Analyte unk_n1134_NEG_102.9567_RT5.95 was not included in 1 gestational bin outlier analysis - excluded from complication-specific chi-squared testing.
2026-09-08 11:46:51,933 - INFO - Analyte 3-Hydroxypyridine_POS was not included in 1 gestational bin outlier analysis - excluded from complication-specific chi-squared testing.
2026-09-08 11:46:51,968 - INFO - Analyte [Similar to: N1-(4,5-dihydro-1,3-thiazol-2-yl)-2-(2,4-dichlorophenoxy)propanamide; ΔMass: -136.0195 Da]_NEG was not included in 1 gestational bin outlier analysis - excluded from complication-specific chi-squared testing.
2026-09-08 11:46:52,002 - INFO - Analyte Lenticin_POS was not included in 1 gestational bin outlier analysis - excluded from complication-specific chi-squared testing.
2026-09-08 11:46:52,037 - INFO - Analyte unk_n656_NEG_157.0117_RT1.78 was not included in 1 gestational bin outlier analysis - excluded from complication-specific chi-squared testing.
2026-09-08 11:46:52,071 - INFO - Analyte Butyric acid_POS was not included in 1 gestational bin outlier analysis - excluded from complication-specific chi-squared testing.
2026-09-08 11:46:52,093 - INFO - Analyte Chloromethyl chloroformate_POS was not included in 1 gestational bin outlier analysis - excluded from complication-specific chi-squared testing.
2026-09-08 11:46:52,127 - INFO - Analyte 1H,1H-Perfluorononylamine_POS was not included in 1 gestational bin outlier analysis - excluded from complication-specific chi-squared testing.
2026-09-08 11:46:52,161 - INFO - Analyte unk_n512_NEG_209.8338_RT5.73 was not included in 1 gestational bin outlier analysis - excluded from complication-specific chi-squared testing.
2026-09-08 11:46:52,195 - INFO - Analyte L-Phenylalanine_POS was not included in 1 gestational bin outlier analysis - excluded from complication-specific chi-squared testing.
2026-09-08 11:46:52,230 - INFO - Analyte methyl isoquinoline-3-carboxylate_POS was not included in 1 gestational bin outlier analysis - excluded from complication-specific chi-squared testing.
2026-09-08 11:46:52,265 - INFO - Analyte Lappaol B_NEG was not included in 1 gestational bin outlier analysis - excluded from complication-specific chi-squared testing.
2026-09-08 11:46:52,286 - INFO - Analyte unk_p75_POS_199.0686_RT8.77 was not included in 1 gestational bin outlier analysis - excluded from complication-specific chi-squared testing.
2026-09-08 11:46:52,320 - INFO - Analyte 8-Cyano-fluoroquinolone_POS was not included in 1 gestational bin outlier analysis - excluded from complication-specific chi-squared testing.
2026-09-08 11:46:52,354 - INFO - Analyte NP-008998_POS was not included in 1 gestational bin outlier analysis - excluded from complication-specific chi-squared testing.
2026-09-08 11:46:52,388 - INFO - Analyte unk_p236_POS_90.5258_RT1.84 was not included in 1 gestational bin outlier analysis - excluded from complication-specific chi-squared testing.
2026-09-08 11:46:52,421 - INFO - Analyte unk_n85_NEG_248.9605_RT0.66 was not included in 1 gestational bin outlier analysis - excluded from complication-specific chi-squared testing.
2026-09-08 11:46:52,438 - INFO - Analyte Miglitol_NEG was not included in 1 gestational bin outlier analysis - excluded from complication-specific chi-squared testing.
2026-09-08 11:46:52,472 - INFO - Analyte Ametryn_POS was not included in 1 gestational bin outlier analysis - excluded from complication-specific chi-squared testing.
2026-09-08 11:46:52,519 - INFO - Analyte 2-Octenoylcarnitine_POS was not included in 1 gestational bin outlier analysis - excluded from complication-specific chi-squared testing.
2026-09-08 11:46:52,556 - INFO - Analyte Anordrin_POS was not included in 1 gestational bin outlier analysis - excluded from complication-specific chi-squared testing.
2026-09-08 11:46:52,574 - INFO - Analyte 5-(methoxymethyl)-2-(2-thienyl)-4,7-dihydropyrazolo[1,5-a]pyrimidin-7-one_NEG was not included in 1 gestational bin outlier analysis - excluded from complication-specific chi-squared testing.
2026-09-08 11:46:52,579 - INFO - Analyte D3-Lactate_NEG was not included in 1 gestational bin outlier analysis - excluded from complication-specific chi-squared testing.
2026-09-08 11:46:52,613 - INFO - Analyte unk_p3180_POS_497.9975_RT1.04 was not included in 1 gestational bin outlier analysis - excluded from complication-specific chi-squared testing.
2026-09-08 11:46:52,630 - INFO - Analyte unk_n223_NEG_225.8972_RT8.96 was not included in 1 gestational bin outlier analysis - excluded from complication-specific chi-squared testing.
2026-09-08 11:46:52,664 - INFO - Analyte Zonisamide_POS was not included in 1 gestational bin outlier analysis - excluded from complication-specific chi-squared testing.
2026-09-08 11:46:52,698 - INFO - Analyte unk_p2618_POS_146.0633_RT5.78 was not included in 1 gestational bin outlier analysis - excluded from complication-specific chi-squared testing.
2026-09-08 11:46:52,731 - INFO - Analyte Castanospermine_POS was not included in 1 gestational bin outlier analysis - excluded from complication-specific chi-squared testing.
2026-09-08 11:46:52,765 - INFO - Analyte Indene_POS was not included in 1 gestational bin outlier analysis - excluded from complication-specific chi-squared testing.
2026-09-08 11:46:52,770 - INFO - Analyte 2-(Dimethylamino)acetonitrile_POS was not included in 1 gestational bin outlier analysis - excluded from complication-specific chi-squared testing.
2026-09-08 11:46:52,803 - INFO - Analyte 2-Octenoic acid_POS was not included in 1 gestational bin outlier analysis - excluded from complication-specific chi-squared testing.
2026-09-08 11:46:52,865 - INFO - Analyte DL-Stachydrine_POS was not included in 1 gestational bin outlier analysis - excluded from complication-specific chi-squared testing.
2026-09-08 11:46:52,882 - INFO - Analyte Nicotinuric acid_POS was not included in 1 gestational bin outlier analysis - excluded from complication-specific chi-squared testing.
2026-09-08 11:46:52,917 - INFO - Analyte Garcinia acid_NEG was not included in 1 gestational bin outlier analysis - excluded from complication-specific chi-squared testing.
2026-09-08 11:46:52,950 - INFO - Analyte L-Cysteine-S-sulfate_POS was not included in 1 gestational bin outlier analysis - excluded from complication-specific chi-squared testing.
2026-09-08 11:46:52,967 - INFO - Analyte D-(+)-Maltose_POS was not included in 1 gestational bin outlier analysis - excluded from complication-specific chi-squared testing.
2026-09-08 11:46:53,001 - INFO - Analyte 3,4-Dihydroxybenzylamine_POS was not included in 1 gestational bin outlier analysis - excluded from complication-specific chi-squared testing.
2026-09-08 11:46:53,037 - INFO - Analyte N1-(alpha-D-ribosyl)-5,6-dimethyl-benzimidazole_POS was not included in 1 gestational bin outlier analysis - excluded from complication-specific chi-squared testing.
2026-09-08 11:46:53,071 - INFO - Analyte Armillariol B_POS was not included in 1 gestational bin outlier analysis - excluded from complication-specific chi-squared testing.
2026-09-08 11:46:53,105 - INFO - Analyte Triethylene Glycol Monomethyl Ether_POS was not included in 1 gestational bin outlier analysis - excluded from complication-specific chi-squared testing.
2026-09-08 11:46:53,138 - INFO - Analyte Kifunensine_NEG was not included in 1 gestational bin outlier analysis - excluded from complication-specific chi-squared testing.
2026-09-08 11:46:53,155 - INFO - Analyte D-(+)-Galactose_NEG was not included in 1 gestational bin outlier analysis - excluded from complication-specific chi-squared testing.
2026-09-08 11:46:53,189 - INFO - Analyte N-Phenylacetylglutamine_POS was not included in 1 gestational bin outlier analysis - excluded from complication-specific chi-squared testing.
2026-09-08 11:46:53,208 - INFO - Analyte 2-Heptanethiol_POS was not included in 1 gestational bin outlier analysis - excluded from complication-specific chi-squared testing.
2026-09-08 11:46:53,227 - INFO - Analyte 3-Hydroxybutyric acid_NEG was not included in 1 gestational bin outlier analysis - excluded from complication-specific chi-squared testing.
2026-09-08 11:46:53,247 - INFO - Analyte [Similar to: Creatine; ΔMass: 67.9874 Da]_NEG was not included in 1 gestational bin outlier analysis - excluded from complication-specific chi-squared testing.
2026-09-08 11:46:53,267 - INFO - Analyte Asparagine_POS was not included in 1 gestational bin outlier analysis - excluded from complication-specific chi-squared testing.
2026-09-08 11:46:53,289 - INFO - Analyte Quinolonic acid_POS was not included in 1 gestational bin outlier analysis - excluded from complication-specific chi-squared testing.
2026-09-08 11:46:53,308 - INFO - Analyte 2-({2-[(1,3-Dimethyl-1H-pyrazol-5-yl)amino]-2-oxoethyl}sulfanyl)acetic acid_POS was not included in 1 gestational bin outlier analysis - excluded from complication-specific chi-squared testing.
2026-09-08 11:46:53,310 - INFO - Analyte d-Glycero-d-galacto-heptose_NEG was not included in 1 gestational bin outlier analysis - excluded from complication-specific chi-squared testing.
2026-09-08 11:46:53,343 - INFO - Analyte unk_n177_NEG_207.8368_RT4.27 was not included in 1 gestational bin outlier analysis - excluded from complication-specific chi-squared testing.
2026-09-08 11:46:53,417 - INFO - Analyte 2-Amino-3-methyl-1-butanol_POS was not included in 1 gestational bin outlier analysis - excluded from complication-specific chi-squared testing.
2026-09-08 11:46:53,419 - INFO - Analyte L-Glutamine_POS was not included in 1 gestational bin outlier analysis - excluded from complication-specific chi-squared testing.
2026-09-08 11:46:53,453 - INFO - Analyte Geranylpyrrol A_POS was not included in 1 gestational bin outlier analysis - excluded from complication-specific chi-squared testing.
2026-09-08 11:46:53,487 - INFO - Analyte 2,4-diaziran-1-yl-6-(1-phenyl-1H-pyrrol-2-yl)-1,3,5-triazine_POS was not included in 1 gestational bin outlier analysis - excluded from complication-specific chi-squared testing.
2026-09-08 11:46:53,520 - INFO - Analyte unk_p488_POS_242.9822_RT7.04 was not included in 1 gestational bin outlier analysis - excluded from complication-specific chi-squared testing.
2026-09-08 11:46:53,554 - INFO - Analyte [6,7-dimethoxy-1-methyl-3,4-dihydro-2(1H)-isoquinolinyl](5-methyl-3-isoxazolyl)methanone_POS was not included in 1 gestational bin outlier analysis - excluded from complication-specific chi-squared testing.
2026-09-08 11:46:53,589 - INFO - Analyte 1,2,3-Trihydroxybenzene_NEG was not included in 1 gestational bin outlier analysis - excluded from complication-specific chi-squared testing.
2026-09-08 11:46:53,594 - INFO - Analyte unk_p4443_POS_437.9724_RT7.01 was not included in 1 gestational bin outlier analysis - excluded from complication-specific chi-squared testing.
2026-09-08 11:46:53,611 - INFO - Analyte (S)-3-[(Cyanophenylmethyl)amino]-3-oxopropanoic acid_POS was not included in 1 gestational bin outlier analysis - excluded from complication-specific chi-squared testing.
2026-09-08 11:46:53,644 - INFO - Analyte unk_p729_POS_504.9952_RT10.63 was not included in 1 gestational bin outlier analysis - excluded from complication-specific chi-squared testing.
2026-09-08 11:46:53,677 - INFO - Analyte N-(4-Aminobutyl)-2-Naphthalenesulfonamide_POS was not included in 1 gestational bin outlier analysis - excluded from complication-specific chi-squared testing.
2026-09-08 11:46:53,711 - INFO - Analyte 5-Hydroxytryptophol_POS was not included in 1 gestational bin outlier analysis - excluded from complication-specific chi-squared testing.
2026-09-08 11:46:53,745 - INFO - Analyte unk_p2622_POS_287.5918_RT1.01 was not included in 1 gestational bin outlier analysis - excluded from complication-specific chi-squared testing.
2026-09-08 11:46:53,780 - INFO - Analyte unk_p1942_POS_233.8754_RT2.91 was not included in 1 gestational bin outlier analysis - excluded from complication-specific chi-squared testing.
2026-09-08 11:46:53,797 - INFO - Analyte Acetyl-β-methylcholine_POS was not included in 1 gestational bin outlier analysis - excluded from complication-specific chi-squared testing.
2026-09-08 11:46:53,814 - INFO - Analyte Polypropylene glycol (m w 1,200-3,000)_POS was not included in 1 gestational bin outlier analysis - excluded from complication-specific chi-squared testing.
2026-09-08 11:46:53,847 - INFO - Analyte [Similar to: (4-benzoylpiperidino)[4-(tert-butyl)phenyl]methanone; ΔMass: 38.0426 Da]_POS was not included in 1 gestational bin outlier analysis - excluded from complication-specific chi-squared testing.
2026-09-08 11:46:53,881 - INFO - Analyte Terezine M_POS was not included in 1 gestational bin outlier analysis - excluded from complication-specific chi-squared testing.
2026-09-08 11:46:53,899 - INFO - Analyte N-(3-acetamidopropyl)pyrrolidin-2-one_POS was not included in 1 gestational bin outlier analysis - excluded from complication-specific chi-squared testing.
2026-09-08 11:46:53,915 - INFO - Analyte unk_p4365_POS_208.0392_RT2.59 was not included in 1 gestational bin outlier analysis - excluded from complication-specific chi-squared testing.
2026-09-08 11:46:53,992 - INFO - Analyte unk_p1267_POS_284.2065_RT8.69 was not included in 1 gestational bin outlier analysis - excluded from complication-specific chi-squared testing.
2026-09-08 11:46:54,027 - INFO - Analyte unk_p4505_POS_491.9183_RT1.35 was not included in 1 gestational bin outlier analysis - excluded from complication-specific chi-squared testing.
2026-09-08 11:46:54,061 - INFO - Analyte unk_p2005_POS_92.5221_RT1.52 was not included in 1 gestational bin outlier analysis - excluded from complication-specific chi-squared testing.
2026-09-08 11:46:54,077 - INFO - Analyte Glycerol 3-hydroxybutyrate_POS was not included in 1 gestational bin outlier analysis - excluded from complication-specific chi-squared testing.
2026-09-08 11:46:54,111 - INFO - Analyte 2-Amino-4-[(4-aminobutyl)amino]butanoic acid_POS was not included in 1 gestational bin outlier analysis - excluded from complication-specific chi-squared testing.
2026-09-08 11:46:54,128 - INFO - Analyte NP-020240_POS was not included in 1 gestational bin outlier analysis - excluded from complication-specific chi-squared testing.
2026-09-08 11:46:54,161 - INFO - Analyte ( Z)-6-benzylidene-3-hydroxymethyl-1,4-dimethyl-3-methylsulfanylpiperazine-2,5-dione_POS was not included in 1 gestational bin outlier analysis - excluded from complication-specific chi-squared testing.
2026-09-08 11:46:54,194 - INFO - Analyte 1,7-Diphenyl-4-hepten-3-one_POS was not included in 1 gestational bin outlier analysis - excluded from complication-specific chi-squared testing.
2026-09-08 11:46:54,228 - INFO - Analyte unk_n2397_NEG_699.3672_RT0.63 was not included in 1 gestational bin outlier analysis - excluded from complication-specific chi-squared testing.
2026-09-08 11:46:54,261 - INFO - Analyte Hydroxy bupropion_POS was not included in 1 gestational bin outlier analysis - excluded from complication-specific chi-squared testing.
2026-09-08 11:46:54,294 - INFO - Analyte [Similar to: Ethyl 3-hydroxy-5-methyl-6-oxo-1-phenyl-1,6-dihydropyrano[2,3-c]pyrazole-4-carboxylate; ΔMass: -46.0678 Da]_POS was not included in 1 gestational bin outlier analysis - excluded from complication-specific chi-squared testing.
2026-09-08 11:46:54,328 - INFO - Analyte Leukoaminochrome_POS was not included in 1 gestational bin outlier analysis - excluded from complication-specific chi-squared testing.
2026-09-08 11:46:54,361 - INFO - Analyte Acrylic acid_NEG was not included in 1 gestational bin outlier analysis - excluded from complication-specific chi-squared testing.
2026-09-08 11:46:54,378 - INFO - Analyte 1-Phenyl-1H-pyrazolo[3,4-d]pyrimidin-4-amine_POS was not included in 1 gestational bin outlier analysis - excluded from complication-specific chi-squared testing.
2026-09-08 11:46:54,411 - INFO - Analyte Bisoprolol_POS was not included in 1 gestational bin outlier analysis - excluded from complication-specific chi-squared testing.
2026-09-08 11:46:54,445 - INFO - Analyte N-methyl-4-nitrotryptophan_POS was not included in 1 gestational bin outlier analysis - excluded from complication-specific chi-squared testing.
2026-09-08 11:46:54,479 - INFO - Analyte Hydantoin-5-propionic acid_POS was not included in 1 gestational bin outlier analysis - excluded from complication-specific chi-squared testing.
2026-09-08 11:46:54,512 - INFO - Analyte Phosphate_POS was not included in 1 gestational bin outlier analysis - excluded from complication-specific chi-squared testing.
2026-09-08 11:46:54,517 - INFO - Analyte unk_n101_NEG_80.9748_RT3.00 was not included in 1 gestational bin outlier analysis - excluded from complication-specific chi-squared testing.
2026-09-08 11:46:54,550 - INFO - Analyte N-Desmethyltramadol_POS was not included in 1 gestational bin outlier analysis - excluded from complication-specific chi-squared testing.
2026-09-08 11:46:54,567 - INFO - Analyte (S)-3-[(Cyanophenylmethyl)amino]-3-oxopropanoic acid_NEG was not included in 1 gestational bin outlier analysis - excluded from complication-specific chi-squared testing.
2026-09-08 11:46:54,603 - INFO - Analyte alpha-Ketoisovaleric acid_NEG was not included in 1 gestational bin outlier analysis - excluded from complication-specific chi-squared testing.
2026-09-08 11:46:54,623 - INFO - Analyte D-Serine_POS was not included in 1 gestational bin outlier analysis - excluded from complication-specific chi-squared testing.
2026-09-08 11:46:54,821 - INFO - Analyte Metronidazole_POS was not included in 2 gestational bin outlier analysis - excluded from complication-specific chi-squared testing.
2026-09-08 11:46:54,854 - INFO - Analyte unk_n1621_NEG_289.0694_RT3.38 was not included in 2 gestational bin outlier analysis - excluded from complication-specific chi-squared testing.
2026-09-08 11:46:54,888 - INFO - Analyte L-Serine_NEG was not included in 2 gestational bin outlier analysis - excluded from complication-specific chi-squared testing.
2026-09-08 11:46:54,905 - INFO - Analyte Gaburedin B_POS was not included in 2 gestational bin outlier analysis - excluded from complication-specific chi-squared testing.
2026-09-08 11:46:54,978 - INFO - Analyte Creatine_POS was not included in 2 gestational bin outlier analysis - excluded from complication-specific chi-squared testing.
2026-09-08 11:46:55,014 - INFO - Analyte Hypocrellutin A_POS was not included in 2 gestational bin outlier analysis - excluded from complication-specific chi-squared testing.
2026-09-08 11:46:55,047 - INFO - Analyte NP-003117_POS was not included in 2 gestational bin outlier analysis - excluded from complication-specific chi-squared testing.
2026-09-08 11:46:55,086 - INFO - Analyte Acetylglycine_POS was not included in 2 gestational bin outlier analysis - excluded from complication-specific chi-squared testing.
2026-09-08 11:46:55,127 - INFO - Analyte HMBOA trihexose_POS was not included in 2 gestational bin outlier analysis - excluded from complication-specific chi-squared testing.
2026-09-08 11:46:55,165 - INFO - Analyte Gluconic acid_NEG was not included in 2 gestational bin outlier analysis - excluded from complication-specific chi-squared testing.
2026-09-08 11:46:55,203 - INFO - Analyte unk_n957_NEG_310.9309_RT1.68 was not included in 2 gestational bin outlier analysis - excluded from complication-specific chi-squared testing.
2026-09-08 11:46:55,239 - INFO - Analyte L(-)-Carnitine_POS was not included in 2 gestational bin outlier analysis - excluded from complication-specific chi-squared testing.
2026-09-08 11:46:55,257 - INFO - Analyte 3-hydroxy-1,5-diphenylpentan-1-one_POS was not included in 2 gestational bin outlier analysis - excluded from complication-specific chi-squared testing.
2026-09-08 11:46:55,291 - INFO - Analyte L-beta-aspartyl-L-alanine_POS was not included in 2 gestational bin outlier analysis - excluded from complication-specific chi-squared testing.
2026-09-08 11:46:55,309 - INFO - Analyte L-Cystine_POS was not included in 2 gestational bin outlier analysis - excluded from complication-specific chi-squared testing.
2026-09-08 11:46:55,343 - INFO - Analyte [Similar to: L-Threonic acid; ΔMass: 67.9747 Da]_NEG was not included in 2 gestational bin outlier analysis - excluded from complication-specific chi-squared testing.
2026-09-08 11:46:55,379 - INFO - Analyte Ornithine_POS was not included in 2 gestational bin outlier analysis - excluded from complication-specific chi-squared testing.
2026-09-08 11:46:55,415 - INFO - Analyte NP-022470_POS was not included in 2 gestational bin outlier analysis - excluded from complication-specific chi-squared testing.
2026-09-08 11:46:55,453 - INFO - Analyte Erythronic acid_NEG was not included in 2 gestational bin outlier analysis - excluded from complication-specific chi-squared testing.
2026-09-08 11:46:55,488 - INFO - Analyte 4-((4-(2-(6-((2R)-2-(2,4-Difluorophenyl)-1,1-difluoro-2-hydroxy-3-(1H-tetrazol-1-yl)propyl)-3-pyridinyl)ethynyl)phenoxy)methyl)benzonitrile_POS was not included in 2 gestational bin outlier analysis - excluded from complication-specific chi-squared testing.
2026-09-08 11:46:55,493 - INFO - Analyte Methylenediphosphonic acid_NEG was not included in 2 gestational bin outlier analysis - excluded from complication-specific chi-squared testing.
2026-09-08 11:46:55,528 - INFO - Analyte L-Histidine_NEG was not included in 2 gestational bin outlier analysis - excluded from complication-specific chi-squared testing.
2026-09-08 11:46:55,546 - INFO - Analyte [Similar to: N'2-(2,5-Dichlorophenyl)tetrahydrothiophene-2-carbohydrazide; ΔMass: 30.0109 Da]_NEG was not included in 2 gestational bin outlier analysis - excluded from complication-specific chi-squared testing.
2026-09-08 11:46:55,580 - INFO - Analyte Aspartyl-Histidine_NEG was not included in 2 gestational bin outlier analysis - excluded from complication-specific chi-squared testing.
2026-09-08 11:46:55,644 - INFO - Analyte Acetylhomoserine_POS was not included in 2 gestational bin outlier analysis - excluded from complication-specific chi-squared testing.
2026-09-08 11:46:55,664 - INFO - Analyte 2-Aminoacrylic acid_POS was not included in 2 gestational bin outlier analysis - excluded from complication-specific chi-squared testing.
2026-09-08 11:46:55,698 - INFO - Analyte 7-methyl-3-nitroimidazo[1,2-a]pyridine_POS was not included in 2 gestational bin outlier analysis - excluded from complication-specific chi-squared testing.
2026-09-08 11:46:55,732 - INFO - Analyte L-cis-3-Amino-2-pyrrolidinecarboxylic acid_POS was not included in 2 gestational bin outlier analysis - excluded from complication-specific chi-squared testing.
2026-09-08 11:46:55,750 - INFO - Analyte Tanomastat_NEG was not included in 2 gestational bin outlier analysis - excluded from complication-specific chi-squared testing.
2026-09-08 11:46:55,767 - INFO - Analyte 1-(2-Morpholinophenyl)dihydro-1H-pyrrole-2,5-dione_POS was not included in 2 gestational bin outlier analysis - excluded from complication-specific chi-squared testing.
2026-09-08 11:46:55,802 - INFO - Analyte NP-019722_POS was not included in 2 gestational bin outlier analysis - excluded from complication-specific chi-squared testing.
2026-09-08 11:46:55,836 - INFO - Analyte D-Glucose_NEG was not included in 2 gestational bin outlier analysis - excluded from complication-specific chi-squared testing.
2026-09-08 11:46:55,855 - INFO - Analyte 5,7-dimethyl-4-oxo-4H-chromene-3-carbonitrile_POS was not included in 2 gestational bin outlier analysis - excluded from complication-specific chi-squared testing.
2026-09-08 11:46:55,872 - INFO - Analyte (2R,3R,4R)-2-Amino-4-hydroxy-3-methylpentanoic acid_POS was not included in 2 gestational bin outlier analysis - excluded from complication-specific chi-squared testing.
2026-09-08 11:46:55,889 - INFO - Analyte Acetohydroxamic acid_POS was not included in 2 gestational bin outlier analysis - excluded from complication-specific chi-squared testing.
2026-09-08 11:46:55,924 - INFO - Analyte unk_n2682_NEG_388.8737_RT2.81 was not included in 2 gestational bin outlier analysis - excluded from complication-specific chi-squared testing.
2026-09-08 11:46:55,959 - INFO - Analyte (2-Ethylcrotonoyl)urea_POS was not included in 2 gestational bin outlier analysis - excluded from complication-specific chi-squared testing.
2026-09-08 11:46:55,975 - INFO - Analyte gamma-Glutamyl-beta-aminopropiononitrile_POS was not included in 2 gestational bin outlier analysis - excluded from complication-specific chi-squared testing.
2026-09-08 11:46:55,992 - INFO - Analyte (2S,4R)-4-Aminopyrrolidine-2-carboxylic acid_POS was not included in 2 gestational bin outlier analysis - excluded from complication-specific chi-squared testing.
2026-09-08 11:46:56,026 - INFO - Analyte Sedoheptulose_NEG was not included in 2 gestational bin outlier analysis - excluded from complication-specific chi-squared testing.
2026-09-08 11:46:56,043 - INFO - Analyte Pyrophosphate_NEG was not included in 2 gestational bin outlier analysis - excluded from complication-specific chi-squared testing.
2026-09-08 11:46:56,078 - INFO - Analyte thiol-maleimide_POS was not included in 2 gestational bin outlier analysis - excluded from complication-specific chi-squared testing.
2026-09-08 11:46:56,113 - INFO - Analyte L-Cysteinylglycine disulfide_POS was not included in 2 gestational bin outlier analysis - excluded from complication-specific chi-squared testing.
2026-09-08 11:46:56,201 - INFO - Analyte Succinic semialdehyde_NEG was not included in 2 gestational bin outlier analysis - excluded from complication-specific chi-squared testing.
2026-09-08 11:46:56,236 - INFO - Analyte unk_n682_NEG_345.0726_RT11.05 was not included in 2 gestational bin outlier analysis - excluded from complication-specific chi-squared testing.
2026-09-08 11:46:56,270 - INFO - Analyte 5-Methylquinoxaline_POS was not included in 2 gestational bin outlier analysis - excluded from complication-specific chi-squared testing.
2026-09-08 11:46:56,304 - INFO - Analyte Octadecanamine_POS was not included in 2 gestational bin outlier analysis - excluded from complication-specific chi-squared testing.
2026-09-08 11:46:56,341 - INFO - Analyte 6-Amino-5-chloropyrimidine-2,4(1H,3H)-dione_POS was not included in 2 gestational bin outlier analysis - excluded from complication-specific chi-squared testing.
2026-09-08 11:46:56,385 - INFO - Analyte 1,1,1,2,2,3,3,10,10,11,11,12,12,12-Tetradecafluoro-5,8-diiodododecane_NEG was not included in 2 gestational bin outlier analysis - excluded from complication-specific chi-squared testing.
2026-09-08 11:46:56,425 - INFO - Analyte Hydroxydehydro Nifedipine Carboxylate_POS was not included in 2 gestational bin outlier analysis - excluded from complication-specific chi-squared testing.
2026-09-08 11:46:56,461 - INFO - Analyte 3-Deoxy-D-glycero-D-galacto-2-nonulosonic acid_POS was not included in 2 gestational bin outlier analysis - excluded from complication-specific chi-squared testing.
2026-09-08 11:46:56,495 - INFO - Analyte unk_p985_POS_604.1398_RT9.66 was not included in 2 gestational bin outlier analysis - excluded from complication-specific chi-squared testing.
2026-09-08 11:46:56,529 - INFO - Analyte Choline_POS was not included in 2 gestational bin outlier analysis - excluded from complication-specific chi-squared testing.
2026-09-08 11:46:56,546 - INFO - Analyte Phenyl sulfoxide_POS was not included in 2 gestational bin outlier analysis - excluded from complication-specific chi-squared testing.
2026-09-08 11:46:56,579 - INFO - Analyte Pyroglutamylglycine_POS was not included in 2 gestational bin outlier analysis - excluded from complication-specific chi-squared testing.
2026-09-08 11:46:56,612 - INFO - Analyte Terephthalic acid_NEG was not included in 2 gestational bin outlier analysis - excluded from complication-specific chi-squared testing.
2026-09-08 11:46:56,629 - INFO - Analyte unk_p3495_POS_255.0950_RT7.91 was not included in 2 gestational bin outlier analysis - excluded from complication-specific chi-squared testing.
2026-09-08 11:46:56,662 - INFO - Analyte 1-Nitrohydroxyphenyl-N-benzoylalanine_POS was not included in 2 gestational bin outlier analysis - excluded from complication-specific chi-squared testing.
2026-09-08 11:46:56,695 - INFO - Analyte 2-Fluoro-6-(4-methoxyphenoxy)benzonitrile_POS was not included in 2 gestational bin outlier analysis - excluded from complication-specific chi-squared testing.
2026-09-08 11:46:56,728 - INFO - Analyte Satranidazole_POS was not included in 2 gestational bin outlier analysis - excluded from complication-specific chi-squared testing.
2026-09-08 11:46:56,762 - INFO - Analyte Oxepanone_POS was not included in 2 gestational bin outlier analysis - excluded from complication-specific chi-squared testing.
2026-09-08 11:46:56,764 - INFO - Analyte Beta-Aminopropionitrile_POS was not included in 2 gestational bin outlier analysis - excluded from complication-specific chi-squared testing.
2026-09-08 11:46:56,781 - INFO - Analyte Mycosporine hydroxyglutamicol_POS was not included in 2 gestational bin outlier analysis - excluded from complication-specific chi-squared testing.
2026-09-08 11:46:56,797 - INFO - Analyte L-3-Aminodihydro-2(3H)-furanone_POS was not included in 2 gestational bin outlier analysis - excluded from complication-specific chi-squared testing.
2026-09-08 11:46:56,831 - INFO - Analyte 1,3,11-Tridecatriene-5,7,9-triyne_POS was not included in 2 gestational bin outlier analysis - excluded from complication-specific chi-squared testing.
2026-09-08 11:46:56,864 - INFO - Analyte L-Cystine_NEG was not included in 2 gestational bin outlier analysis - excluded from complication-specific chi-squared testing.
2026-09-08 11:46:56,997 - INFO - Analyte N,N-Dimethyloctadecylamine_POS was not included in 2 gestational bin outlier analysis - excluded from complication-specific chi-squared testing.
2026-09-08 11:46:57,031 - INFO - Analyte Glycyl-Threonine_POS was not included in 2 gestational bin outlier analysis - excluded from complication-specific chi-squared testing.
2026-09-08 11:46:57,064 - INFO - Analyte Linustatin_POS was not included in 2 gestational bin outlier analysis - excluded from complication-specific chi-squared testing.
2026-09-08 11:46:57,081 - INFO - Analyte unk_n66_NEG_231.9315_RT9.69 was not included in 2 gestational bin outlier analysis - excluded from complication-specific chi-squared testing.
2026-09-08 11:46:57,114 - INFO - Analyte unk_p274_POS_223.0700_RT11.92 was not included in 2 gestational bin outlier analysis - excluded from complication-specific chi-squared testing.
2026-09-08 11:46:57,139 - INFO - Analyte 3-Hydroxybutyric acid_POS was not included in 2 gestational bin outlier analysis - excluded from complication-specific chi-squared testing.
2026-09-08 11:46:57,158 - INFO - Analyte L-Valine_NEG was not included in 2 gestational bin outlier analysis - excluded from complication-specific chi-squared testing.
2026-09-08 11:46:57,194 - INFO - Analyte Cladinose_POS was not included in 2 gestational bin outlier analysis - excluded from complication-specific chi-squared testing.
2026-09-08 11:46:57,211 - INFO - Analyte Creatinine_POS was not included in 2 gestational bin outlier analysis - excluded from complication-specific chi-squared testing.
2026-09-08 11:46:57,245 - INFO - Analyte 1-(4-Methoxyphenyl)piperazine_POS was not included in 2 gestational bin outlier analysis - excluded from complication-specific chi-squared testing.
2026-09-08 11:46:57,262 - INFO - Analyte Dacarbazine_POS was not included in 2 gestational bin outlier analysis - excluded from complication-specific chi-squared testing.
2026-09-08 11:46:57,279 - INFO - Analyte DL-Lysine_POS was not included in 2 gestational bin outlier analysis - excluded from complication-specific chi-squared testing.
2026-09-08 11:46:57,312 - INFO - Analyte Erythrohydrobupropion_POS was not included in 2 gestational bin outlier analysis - excluded from complication-specific chi-squared testing.
2026-09-08 11:46:57,347 - INFO - Analyte unk_n2474_NEG_100.9608_RT0.32 was not included in 2 gestational bin outlier analysis - excluded from complication-specific chi-squared testing.
2026-09-08 11:46:57,380 - INFO - Analyte 2-Methylbutyrylglycine_POS was not included in 2 gestational bin outlier analysis - excluded from complication-specific chi-squared testing.
2026-09-08 11:46:57,413 - INFO - Analyte 2,5-Diisothiocyanatobenzenesulfonate_POS was not included in 2 gestational bin outlier analysis - excluded from complication-specific chi-squared testing.
2026-09-08 11:46:57,447 - INFO - Analyte N'1-[4-amino-6-(tert-butyl)-1,3,5-triazin-2-yl]-2-(trifluoromethyl)benzene-1-sulfonohydrazide_POS was not included in 2 gestational bin outlier analysis - excluded from complication-specific chi-squared testing.
2026-09-08 11:46:57,464 - INFO - Analyte unk_n1043_NEG_462.0691_RT9.61 was not included in 2 gestational bin outlier analysis - excluded from complication-specific chi-squared testing.
2026-09-08 11:46:57,505 - INFO - Analyte D3-Alanine_POS was not included in 2 gestational bin outlier analysis - excluded from complication-specific chi-squared testing.
2026-09-08 11:46:57,549 - INFO - Analyte Cimaterol_POS was not included in 2 gestational bin outlier analysis - excluded from complication-specific chi-squared testing.
2026-09-08 11:46:57,586 - INFO - Analyte 6-(4-Chlorophenoxy)pyridine-3-carbothioamide_NEG was not included in 2 gestational bin outlier analysis - excluded from complication-specific chi-squared testing.
2026-09-08 11:46:57,603 - INFO - Analyte Dihydrothymine_POS was not included in 2 gestational bin outlier analysis - excluded from complication-specific chi-squared testing.
2026-09-08 11:46:57,621 - INFO - Analyte Adipamide_POS was not included in 2 gestational bin outlier analysis - excluded from complication-specific chi-squared testing.
2026-09-08 11:46:57,767 - INFO - Analyte (9E)-10-nitrooctadecenoic Acid_POS was not included in 2 gestational bin outlier analysis - excluded from complication-specific chi-squared testing.
2026-09-08 11:46:57,769 - INFO - Analyte 4-Hydroxybenzotriazole_POS was not included in 2 gestational bin outlier analysis - excluded from complication-specific chi-squared testing.
2026-09-08 11:46:57,774 - INFO - Analyte L-(+)-Citrulline_POS was not included in 2 gestational bin outlier analysis - excluded from complication-specific chi-squared testing.
2026-09-08 11:46:57,792 - INFO - Analyte DL-Lactic Acid_NEG was not included in 2 gestational bin outlier analysis - excluded from complication-specific chi-squared testing.
2026-09-08 11:46:57,825 - INFO - Analyte Pipecolic acid_POS was not included in 2 gestational bin outlier analysis - excluded from complication-specific chi-squared testing.
2026-09-08 11:46:57,860 - INFO - Analyte unk_n454_NEG_525.3312_RT11.94 was not included in 2 gestational bin outlier analysis - excluded from complication-specific chi-squared testing.
2026-09-08 11:46:57,893 - INFO - Analyte α-Lactose_NEG was not included in 2 gestational bin outlier analysis - excluded from complication-specific chi-squared testing.
2026-09-08 11:46:57,927 - INFO - Analyte N-Ethylacetamide_POS was not included in 2 gestational bin outlier analysis - excluded from complication-specific chi-squared testing.
2026-09-08 11:46:57,960 - INFO - Analyte L-Kynurenine_POS was not included in 2 gestational bin outlier analysis - excluded from complication-specific chi-squared testing.
2026-09-08 11:46:57,993 - INFO - Analyte Gluconolactone_POS was not included in 2 gestational bin outlier analysis - excluded from complication-specific chi-squared testing.
2026-09-08 11:46:58,028 - INFO - Analyte unk_p2069_POS_481.8174_RT6.05 was not included in 2 gestational bin outlier analysis - excluded from complication-specific chi-squared testing.
2026-09-08 11:46:58,062 - INFO - Analyte δ-Valerolactam_POS was not included in 2 gestational bin outlier analysis - excluded from complication-specific chi-squared testing.
2026-09-08 11:46:58,096 - INFO - Analyte unk_p5301_POS_446.2959_RT11.78 was not included in 2 gestational bin outlier analysis - excluded from complication-specific chi-squared testing.
2026-09-08 11:46:58,129 - INFO - Analyte 3-hydroxyoctanoyl carnitine_POS was not included in 2 gestational bin outlier analysis - excluded from complication-specific chi-squared testing.
2026-09-08 11:46:58,146 - INFO - Analyte N-gamma-Glutamylglutamine_POS was not included in 2 gestational bin outlier analysis - excluded from complication-specific chi-squared testing.
2026-09-08 11:46:58,181 - INFO - Analyte 6,7-dihydroxy-4,5,6,7-tetrahydroindole-4-one_NEG was not included in 2 gestational bin outlier analysis - excluded from complication-specific chi-squared testing.
2026-09-08 11:46:58,197 - INFO - Analyte L-Histidine_POS was not included in 2 gestational bin outlier analysis - excluded from complication-specific chi-squared testing.
2026-09-08 11:46:58,231 - INFO - Analyte Isobutyric acid_POS was not included in 2 gestational bin outlier analysis - excluded from complication-specific chi-squared testing.
2026-09-08 11:46:58,264 - INFO - Analyte L-2,4-Diaminobutyric acid_POS was not included in 2 gestational bin outlier analysis - excluded from complication-specific chi-squared testing.
2026-09-08 11:46:58,297 - INFO - Analyte unk_p1853_POS_166.9430_RT3.23 was not included in 2 gestational bin outlier analysis - excluded from complication-specific chi-squared testing.
2026-09-08 11:46:58,314 - INFO - Analyte apo-[3-methylcrotonoyl-CoA:carbon-dioxide ligase (ADP-forming)]_POS was not included in 2 gestational bin outlier analysis - excluded from complication-specific chi-squared testing.
2026-09-08 11:46:58,348 - INFO - Analyte Ethyl N2-acetyl-L-argininate_POS was not included in 2 gestational bin outlier analysis - excluded from complication-specific chi-squared testing.
2026-09-08 11:46:58,381 - INFO - Analyte Megazol_POS was not included in 2 gestational bin outlier analysis - excluded from complication-specific chi-squared testing.
2026-09-08 11:46:58,399 - INFO - Analyte D-Raffinose_POS was not included in 2 gestational bin outlier analysis - excluded from complication-specific chi-squared testing.
2026-09-08 11:46:58,433 - INFO - Analyte 2-[Bis-(2-hydroxy-ethyl)-amino]-2-hydroxymethyl-propane-1,3-diol_POS was not included in 2 gestational bin outlier analysis - excluded from complication-specific chi-squared testing.
2026-09-08 11:46:58,451 - INFO - Analyte Barbital_POS was not included in 2 gestational bin outlier analysis - excluded from complication-specific chi-squared testing.
2026-09-08 11:46:58,485 - INFO - Analyte 4-Acetamidobutanoic acid_POS was not included in 2 gestational bin outlier analysis - excluded from complication-specific chi-squared testing.
2026-09-08 11:46:58,519 - INFO - Analyte 4-(3,4-dimethylphenyl)-1-thia-4-azaspiro[4.5]decan-3-one_POS was not included in 2 gestational bin outlier analysis - excluded from complication-specific chi-squared testing.
2026-09-08 11:46:58,537 - INFO - Analyte N'-Formylkynurenine_POS was not included in 2 gestational bin outlier analysis - excluded from complication-specific chi-squared testing.
2026-09-08 11:46:58,560 - INFO - Analyte 4-Hydroxy-2-butenoic acid gamma-lactone_POS was not included in 2 gestational bin outlier analysis - excluded from complication-specific chi-squared testing.
2026-09-08 11:46:58,615 - INFO - Analyte gamma-Butyrolactone_NEG was not included in 2 gestational bin outlier analysis - excluded from complication-specific chi-squared testing.
2026-09-08 11:46:58,650 - INFO - Analyte Hypoxanthine_POS was not included in 2 gestational bin outlier analysis - excluded from complication-specific chi-squared testing.
2026-09-08 11:46:58,653 - INFO - Analyte unk_n386_NEG_255.8221_RT3.67 was not included in 2 gestational bin outlier analysis - excluded from complication-specific chi-squared testing.
2026-09-08 11:46:58,686 - INFO - Analyte unk_p2168_POS_231.8783_RT3.23 was not included in 2 gestational bin outlier analysis - excluded from complication-specific chi-squared testing.
2026-09-08 11:46:58,719 - INFO - Analyte Isobutyrylglycine_POS was not included in 2 gestational bin outlier analysis - excluded from complication-specific chi-squared testing.
2026-09-08 11:46:58,753 - INFO - Analyte Norepinephrine sulfate_POS was not included in 2 gestational bin outlier analysis - excluded from complication-specific chi-squared testing.
2026-09-08 11:46:58,786 - INFO - Analyte unk_p3339_POS_300.4097_RT0.75 was not included in 2 gestational bin outlier analysis - excluded from complication-specific chi-squared testing.
2026-09-08 11:46:58,820 - INFO - Analyte Didecyldimethylammonium_POS was not included in 2 gestational bin outlier analysis - excluded from complication-specific chi-squared testing.
2026-09-08 11:46:58,838 - INFO - Analyte Pantothenic acid_POS was not included in 2 gestational bin outlier analysis - excluded from complication-specific chi-squared testing.
2026-09-08 11:46:58,855 - INFO - Analyte NP-022451_POS was not included in 2 gestational bin outlier analysis - excluded from complication-specific chi-squared testing.
2026-09-08 11:46:58,857 - INFO - Analyte unk_p302_POS_81.5205_RT1.95 was not included in 2 gestational bin outlier analysis - excluded from complication-specific chi-squared testing.
2026-09-08 11:46:58,890 - INFO - Analyte 3-Oxalomalic acid_POS was not included in 2 gestational bin outlier analysis - excluded from complication-specific chi-squared testing.
2026-09-08 11:46:58,924 - INFO - Analyte cis-Acetylacrylate_NEG was not included in 2 gestational bin outlier analysis - excluded from complication-specific chi-squared testing.
2026-09-08 11:46:58,958 - INFO - Analyte (2R)-2,3-Dihydroxypropanoic acid_NEG was not included in 2 gestational bin outlier analysis - excluded from complication-specific chi-squared testing.
2026-09-08 11:46:58,974 - INFO - Analyte 2-Aminoisobutyric acid_POS was not included in 2 gestational bin outlier analysis - excluded from complication-specific chi-squared testing.
2026-09-08 11:46:59,008 - INFO - Analyte Leucylproline_POS was not included in 2 gestational bin outlier analysis - excluded from complication-specific chi-squared testing.
2026-09-08 11:46:59,042 - INFO - Analyte (+-)-trans-3-Methyl norfentanyl_POS was not included in 2 gestational bin outlier analysis - excluded from complication-specific chi-squared testing.
2026-09-08 11:46:59,076 - INFO - Analyte Ethephon_POS was not included in 2 gestational bin outlier analysis - excluded from complication-specific chi-squared testing.
2026-09-08 11:46:59,081 - INFO - Analyte unk_p93_POS_90.5258_RT0.76 was not included in 2 gestational bin outlier analysis - excluded from complication-specific chi-squared testing.
2026-09-08 11:46:59,114 - INFO - Analyte unk_p3799_POS_338.1166_RT7.62 was not included in 2 gestational bin outlier analysis - excluded from complication-specific chi-squared testing.
2026-09-08 11:46:59,148 - INFO - Analyte Xylariamide_POS was not included in 2 gestational bin outlier analysis - excluded from complication-specific chi-squared testing.
2026-09-08 11:46:59,226 - INFO - Analyte 4-Nitrophenyl beta-D-xyloside_POS was not included in 2 gestational bin outlier analysis - excluded from complication-specific chi-squared testing.
2026-09-08 11:46:59,243 - INFO - Analyte unk_p1541_POS_276.0038_RT4.14 was not included in 2 gestational bin outlier analysis - excluded from complication-specific chi-squared testing.
2026-09-08 11:46:59,261 - INFO - Analyte L-Isoleucine_POS was not included in 2 gestational bin outlier analysis - excluded from complication-specific chi-squared testing.
2026-09-08 11:46:59,294 - INFO - Analyte 3-Methylcrotonylglycine_POS was not included in 2 gestational bin outlier analysis - excluded from complication-specific chi-squared testing.
2026-09-08 11:46:59,328 - INFO - Analyte 3-Hydroxymepivacaine_POS was not included in 2 gestational bin outlier analysis - excluded from complication-specific chi-squared testing.
2026-09-08 11:46:59,362 - INFO - Analyte L-Erythrulose_NEG was not included in 2 gestational bin outlier analysis - excluded from complication-specific chi-squared testing.
2026-09-08 11:46:59,404 - INFO - Analyte methyl 2-(acetylamino)-4-amino-4-oxobutanoate_POS was not included in 2 gestational bin outlier analysis - excluded from complication-specific chi-squared testing.
2026-09-08 11:46:59,443 - INFO - Analyte Methoxyphenamine_POS was not included in 2 gestational bin outlier analysis - excluded from complication-specific chi-squared testing.
2026-09-08 11:46:59,462 - INFO - Analyte L-Threonine_POS was not included in 2 gestational bin outlier analysis - excluded from complication-specific chi-squared testing.
2026-09-08 11:46:59,498 - INFO - Analyte Doxylamine_POS was not included in 2 gestational bin outlier analysis - excluded from complication-specific chi-squared testing.
2026-09-08 11:46:59,515 - INFO - Analyte Taurine_NEG was not included in 2 gestational bin outlier analysis - excluded from complication-specific chi-squared testing.
2026-09-08 11:46:59,549 - INFO - Analyte unk_n441_NEG_525.3312_RT11.15 was not included in 2 gestational bin outlier analysis - excluded from complication-specific chi-squared testing.
2026-09-08 11:46:59,583 - INFO - Analyte unk_n529_NEG_197.8077_RT8.34 was not included in 2 gestational bin outlier analysis - excluded from complication-specific chi-squared testing.
2026-09-08 11:46:59,617 - INFO - Analyte beta-Alanine_POS was not included in 2 gestational bin outlier analysis - excluded from complication-specific chi-squared testing.
2026-09-08 11:46:59,655 - INFO - Analyte unk_p2702_POS_497.9977_RT1.05 was not included in 2 gestational bin outlier analysis - excluded from complication-specific chi-squared testing.
2026-09-08 11:46:59,690 - INFO - Analyte Ropivacaine_POS was not included in 2 gestational bin outlier analysis - excluded from complication-specific chi-squared testing.
2026-09-08 11:46:59,723 - INFO - Analyte TRIETHYLENE GLYCOL_POS was not included in 2 gestational bin outlier analysis - excluded from complication-specific chi-squared testing.
2026-09-08 11:46:59,758 - INFO - Analyte (±)-2-Propylthiazolidine_POS was not included in 2 gestational bin outlier analysis - excluded from complication-specific chi-squared testing.
2026-09-08 11:46:59,791 - INFO - Analyte [Similar to: Threonine; ΔMass: 83.9612 Da]_NEG was not included in 2 gestational bin outlier analysis - excluded from complication-specific chi-squared testing.
2026-09-08 11:46:59,858 - INFO - Analyte NP-015114_POS was not included in 2 gestational bin outlier analysis - excluded from complication-specific chi-squared testing.
2026-09-08 11:46:59,895 - INFO - Analyte unk_n915_NEG_102.9566_RT5.57 was not included in 2 gestational bin outlier analysis - excluded from complication-specific chi-squared testing.
2026-09-08 11:46:59,913 - INFO - Analyte Caprylic acid_POS was not included in 2 gestational bin outlier analysis - excluded from complication-specific chi-squared testing.
2026-09-08 11:46:59,947 - INFO - Analyte O-Desmethyl-lacosamide_POS was not included in 2 gestational bin outlier analysis - excluded from complication-specific chi-squared testing.
2026-09-08 11:46:59,965 - INFO - Analyte [3-amino-5-(methylsulfanyl)-4-(2-pyridinyl)-1H-pyrazol-1-yl](2-thienyl)methanone_POS was not included in 2 gestational bin outlier analysis - excluded from complication-specific chi-squared testing.
2026-09-08 11:46:59,999 - INFO - Analyte V-Pyrro/NO_POS was not included in 2 gestational bin outlier analysis - excluded from complication-specific chi-squared testing.
2026-09-08 11:47:00,016 - INFO - Analyte D-1,5-Anhydrofructose_NEG was not included in 2 gestational bin outlier analysis - excluded from complication-specific chi-squared testing.
2026-09-08 11:47:00,051 - INFO - Analyte unk_n3447_NEG_458.9835_RT1.44 was not included in 2 gestational bin outlier analysis - excluded from complication-specific chi-squared testing.
2026-09-08 11:47:00,086 - INFO - Analyte Cysteine-S-sulfate_NEG was not included in 2 gestational bin outlier analysis - excluded from complication-specific chi-squared testing.
2026-09-08 11:47:00,119 - INFO - Analyte unk_p4571_POS_347.8494_RT2.42 was not included in 2 gestational bin outlier analysis - excluded from complication-specific chi-squared testing.
2026-09-08 11:47:00,153 - INFO - Analyte Cysteineglutathione disulfide_POS was not included in 2 gestational bin outlier analysis - excluded from complication-specific chi-squared testing.
2026-09-08 11:47:00,187 - INFO - Analyte unk_p3493_POS_276.1361_RT4.66 was not included in 2 gestational bin outlier analysis - excluded from complication-specific chi-squared testing.
2026-09-08 11:47:00,205 - INFO - Analyte 3-Methylheptanoylcarnitine_POS was not included in 2 gestational bin outlier analysis - excluded from complication-specific chi-squared testing.
2026-09-08 11:47:00,239 - INFO - Analyte PEG n5_POS was not included in 2 gestational bin outlier analysis - excluded from complication-specific chi-squared testing.
2026-09-08 11:47:00,256 - INFO - Analyte D-Glycero-D-galacto-heptitol_NEG was not included in 2 gestational bin outlier analysis - excluded from complication-specific chi-squared testing.
2026-09-08 11:47:00,289 - INFO - Analyte 2-Hydroxy-4-oxopentanoic acid_NEG was not included in 2 gestational bin outlier analysis - excluded from complication-specific chi-squared testing.
2026-09-08 11:47:00,306 - INFO - Analyte 3-Hydroxymethylglutaric acid_POS was not included in 2 gestational bin outlier analysis - excluded from complication-specific chi-squared testing.
2026-09-08 11:47:00,323 - INFO - Analyte Furodazole_NEG was not included in 2 gestational bin outlier analysis - excluded from complication-specific chi-squared testing.
2026-09-08 11:47:00,340 - INFO - Analyte Creatine_NEG was not included in 2 gestational bin outlier analysis - excluded from complication-specific chi-squared testing.
2026-09-08 11:47:00,428 - INFO - Analyte unk_p1992_POS_481.8173_RT5.48 was not included in 2 gestational bin outlier analysis - excluded from complication-specific chi-squared testing.
2026-09-08 11:47:00,463 - INFO - Analyte N-cyclooctylurea_POS was not included in 2 gestational bin outlier analysis - excluded from complication-specific chi-squared testing.
2026-09-08 11:47:00,467 - INFO - Analyte unk_p21_POS_226.9514_RT0.64 was not included in 2 gestational bin outlier analysis - excluded from complication-specific chi-squared testing.
2026-09-08 11:47:00,501 - INFO - Analyte (R)-Salsolinol_POS was not included in 2 gestational bin outlier analysis - excluded from complication-specific chi-squared testing.
2026-09-08 11:47:00,535 - INFO - Analyte Desmethylcitalopram_POS was not included in 2 gestational bin outlier analysis - excluded from complication-specific chi-squared testing.
2026-09-08 11:47:00,569 - INFO - Analyte unk_n694_NEG_267.8479_RT4.64 was not included in 2 gestational bin outlier analysis - excluded from complication-specific chi-squared testing.
2026-09-08 11:47:00,586 - INFO - Analyte (2S)-4-(2-Aminophenyl)-2-formamido-4-oxobutanoic acid_POS was not included in 2 gestational bin outlier analysis - excluded from complication-specific chi-squared testing.
2026-09-08 11:47:00,602 - INFO - Analyte Squamolone_POS was not included in 2 gestational bin outlier analysis - excluded from complication-specific chi-squared testing.
2026-09-08 11:47:00,619 - INFO - Analyte 2-Imidazolidone_POS was not included in 2 gestational bin outlier analysis - excluded from complication-specific chi-squared testing.
2026-09-08 11:47:00,654 - INFO - Analyte Azetidomonamide A_POS was not included in 2 gestational bin outlier analysis - excluded from complication-specific chi-squared testing.
2026-09-08 11:47:00,671 - INFO - Analyte D-threo-isocitrate_NEG was not included in 2 gestational bin outlier analysis - excluded from complication-specific chi-squared testing.
2026-09-08 11:47:00,706 - INFO - Analyte unk_p2059_POS_179.0847_RT6.26 was not included in 2 gestational bin outlier analysis - excluded from complication-specific chi-squared testing.
2026-09-08 11:47:00,740 - INFO - Analyte (2S,3R)-3-Hydroxy-2-methylbutanoic acid_POS was not included in 2 gestational bin outlier analysis - excluded from complication-specific chi-squared testing.
2026-09-08 11:47:00,773 - INFO - Analyte Acetyl-L-carnitine_POS was not included in 2 gestational bin outlier analysis - excluded from complication-specific chi-squared testing.
2026-09-08 11:47:00,790 - INFO - Analyte D-(-)-Glutamine_NEG was not included in 2 gestational bin outlier analysis - excluded from complication-specific chi-squared testing.
2026-09-08 11:47:00,823 - INFO - Analyte unk_p1337_POS_490.8173_RT11.18 was not included in 2 gestational bin outlier analysis - excluded from complication-specific chi-squared testing.
2026-09-08 11:47:00,856 - INFO - Analyte N,N-dimethyl-N-(3-perfluoroalkylsulfonamidopropan-1-yl)-N-(3-sulfopropan-1-yl)ammonium;N-sulfo propyl dimethyl ammonio propyl perfluoroethane sulfonamide;N-sulfo propyl dimethyl ammonio propyl perfluoroethane sulfonamide;perfluoroethane sulfonamido betaine propyl sulfonate_POS was not included in 2 gestational bin outlier analysis - excluded from complication-specific chi-squared testing.
2026-09-08 11:47:00,890 - INFO - Analyte (x)-2-Heptanol glucoside_POS was not included in 2 gestational bin outlier analysis - excluded from complication-specific chi-squared testing.
2026-09-08 11:47:00,923 - INFO - Analyte Succinic acid semialdehyde_NEG was not included in 2 gestational bin outlier analysis - excluded from complication-specific chi-squared testing.
2026-09-08 11:47:00,941 - INFO - Analyte D-(+)-Glucose_POS was not included in 2 gestational bin outlier analysis - excluded from complication-specific chi-squared testing.
2026-09-08 11:47:00,975 - INFO - Analyte Diethylaminoethyl-Sephacel_POS was not included in 2 gestational bin outlier analysis - excluded from complication-specific chi-squared testing.
2026-09-08 11:47:00,992 - INFO - Analyte L-Glutamic acid_POS was not included in 2 gestational bin outlier analysis - excluded from complication-specific chi-squared testing.
2026-09-08 11:47:01,086 - INFO - Analyte Penicillamine disulfide_POS was not included in 2 gestational bin outlier analysis - excluded from complication-specific chi-squared testing.
2026-09-08 11:47:01,104 - INFO - Analyte [Similar to: Asparagine; ΔMass: 67.9873 Da]_NEG was not included in 2 gestational bin outlier analysis - excluded from complication-specific chi-squared testing.
2026-09-08 11:47:01,121 - INFO - Analyte 6-Chloro-2,3,4,5-tetrahydro-1H-3-benzazepine_NEG was not included in 2 gestational bin outlier analysis - excluded from complication-specific chi-squared testing.
2026-09-08 11:47:01,156 - INFO - Analyte Validoxylamine G_POS was not included in 2 gestational bin outlier analysis - excluded from complication-specific chi-squared testing.
2026-09-08 11:47:01,173 - INFO - Analyte Threonine_NEG was not included in 2 gestational bin outlier analysis - excluded from complication-specific chi-squared testing.
2026-09-08 11:47:01,207 - INFO - Analyte O-Desmethyl-cis-tramadol_POS was not included in 2 gestational bin outlier analysis - excluded from complication-specific chi-squared testing.
2026-09-08 11:47:01,240 - INFO - Analyte N,N-Didesmethylvenlafaxine_POS was not included in 2 gestational bin outlier analysis - excluded from complication-specific chi-squared testing.
2026-09-08 11:47:01,275 - INFO - Analyte 3-[(4-Chlorophenyl)thio]-6-(3,5-dimethyl-1H-pyrazol-1-yl)pyridazine_POS was not included in 2 gestational bin outlier analysis - excluded from complication-specific chi-squared testing.
2026-09-08 11:47:01,308 - INFO - Analyte Aladapcin_POS was not included in 2 gestational bin outlier analysis - excluded from complication-specific chi-squared testing.
2026-09-08 11:47:01,325 - INFO - Analyte Acetylcholine_POS was not included in 2 gestational bin outlier analysis - excluded from complication-specific chi-squared testing.
2026-09-08 11:47:01,359 - INFO - Analyte Cocaine_POS was not included in 2 gestational bin outlier analysis - excluded from complication-specific chi-squared testing.
2026-09-08 11:47:01,392 - INFO - Analyte (2R*,3R*)-1,2,3-Butanetriol_POS was not included in 2 gestational bin outlier analysis - excluded from complication-specific chi-squared testing.
2026-09-08 11:47:01,425 - INFO - Analyte Tranexamic Acid_POS was not included in 2 gestational bin outlier analysis - excluded from complication-specific chi-squared testing.
2026-09-08 11:47:01,459 - INFO - Analyte Citalopram hydrobromide_POS was not included in 2 gestational bin outlier analysis - excluded from complication-specific chi-squared testing.
2026-09-08 11:47:01,496 - INFO - Analyte Crotonic acid_POS was not included in 2 gestational bin outlier analysis - excluded from complication-specific chi-squared testing.
2026-09-08 11:47:01,502 - INFO - Analyte unk_n104_NEG_197.8080_RT4.23 was not included in 2 gestational bin outlier analysis - excluded from complication-specific chi-squared testing.
2026-09-08 11:47:01,540 - INFO - Analyte [Similar to: N1-(2-methyl-4-nitrophenyl)acetamide; ΔMass: -46.1009 Da]_NEG was not included in 2 gestational bin outlier analysis - excluded from complication-specific chi-squared testing.
2026-09-08 11:47:01,558 - INFO - Analyte 2-(2-Thienylmethylene)-1,6-dioxaspiro[4.4]non-3-ene_POS was not included in 2 gestational bin outlier analysis - excluded from complication-specific chi-squared testing.
2026-09-08 11:47:01,592 - INFO - Analyte unk_p755_POS_173.0783_RT3.49 was not included in 2 gestational bin outlier analysis - excluded from complication-specific chi-squared testing.
2026-09-08 11:47:01,626 - INFO - Analyte Vaccenyl carnitine_POS was not included in 2 gestational bin outlier analysis - excluded from complication-specific chi-squared testing.
2026-09-08 11:47:01,660 - INFO - Analyte Glycylproline_POS was not included in 2 gestational bin outlier analysis - excluded from complication-specific chi-squared testing.
2026-09-08 11:47:01,693 - INFO - Analyte 2-Oxopropyl 2-oxopropanoate_NEG was not included in 2 gestational bin outlier analysis - excluded from complication-specific chi-squared testing.
2026-09-08 11:47:01,698 - INFO - Analyte methadone-d9_NEG was not included in 2 gestational bin outlier analysis - excluded from complication-specific chi-squared testing.
2026-09-08 11:47:01,731 - INFO - Analyte 2-(methylthio)-4-(3-pyridyl)pyrimidine_POS was not included in 2 gestational bin outlier analysis - excluded from complication-specific chi-squared testing.
2026-09-08 11:47:01,749 - INFO - Analyte unk_p4117_POS_730.1590_RT4.67 was not included in 2 gestational bin outlier analysis - excluded from complication-specific chi-squared testing.
2026-09-08 11:47:01,766 - INFO - Analyte Butyrylcarnitine_POS was not included in 2 gestational bin outlier analysis - excluded from complication-specific chi-squared testing.
2026-09-08 11:47:01,874 - INFO - Analyte Triisobutyl phosphate_POS was not included in 2 gestational bin outlier analysis - excluded from complication-specific chi-squared testing.
2026-09-08 11:47:01,909 - INFO - Analyte 1-Methoxy-1H-indole-3-acetonitrile_POS was not included in 2 gestational bin outlier analysis - excluded from complication-specific chi-squared testing.
2026-09-08 11:47:01,943 - INFO - Analyte (5R)-5-Hydroxyhexanoic acid_POS was not included in 2 gestational bin outlier analysis - excluded from complication-specific chi-squared testing.
2026-09-08 11:47:01,961 - INFO - Analyte [Similar to: L-Threonic acid; ΔMass: 112.0010 Da]_NEG was not included in 2 gestational bin outlier analysis - excluded from complication-specific chi-squared testing.
2026-09-08 11:47:01,995 - INFO - Analyte unk_p2205_POS_101.0790_RT2.80 was not included in 2 gestational bin outlier analysis - excluded from complication-specific chi-squared testing.
2026-09-08 11:47:02,028 - INFO - Analyte Diaminopimelic acid_POS was not included in 2 gestational bin outlier analysis - excluded from complication-specific chi-squared testing.
2026-09-08 11:47:02,067 - INFO - Analyte N-Methyl-4-nitroaniline_POS was not included in 2 gestational bin outlier analysis - excluded from complication-specific chi-squared testing.
2026-09-08 11:47:02,109 - INFO - Analyte unk_n219_NEG_116.9285_RT11.96 was not included in 2 gestational bin outlier analysis - excluded from complication-specific chi-squared testing.
2026-09-08 11:47:02,148 - INFO - Analyte 1,2,2-trifluoro-2-(trifluoromethoxy)ethan-1-ol;Hydrogen-substituted perfluoroether butanol_NEG was not included in 2 gestational bin outlier analysis - excluded from complication-specific chi-squared testing.
2026-09-08 11:47:02,184 - INFO - Analyte Octylphosphonic acid_POS was not included in 2 gestational bin outlier analysis - excluded from complication-specific chi-squared testing.
2026-09-08 11:47:02,218 - INFO - Analyte Morpholine_POS was not included in 2 gestational bin outlier analysis - excluded from complication-specific chi-squared testing.
2026-09-08 11:47:02,245 - INFO - Analyte Valine_POS was not included in 2 gestational bin outlier analysis - excluded from complication-specific chi-squared testing.
2026-09-08 11:47:02,284 - INFO - Analyte 4-Oxoproline_NEG was not included in 2 gestational bin outlier analysis - excluded from complication-specific chi-squared testing.
2026-09-08 11:47:02,322 - INFO - Analyte unk_p3907_POS_370.0736_RT5.90 was not included in 2 gestational bin outlier analysis - excluded from complication-specific chi-squared testing.
2026-09-08 11:47:02,360 - INFO - Analyte N-acetyl zonisamide_POS was not included in 2 gestational bin outlier analysis - excluded from complication-specific chi-squared testing.
2026-09-08 11:47:02,384 - INFO - Analyte 4-Hydroxyproline_NEG was not included in 2 gestational bin outlier analysis - excluded from complication-specific chi-squared testing.
2026-09-08 11:47:02,424 - INFO - Analyte unk_p1789_POS_481.8174_RT8.05 was not included in 2 gestational bin outlier analysis - excluded from complication-specific chi-squared testing.
2026-09-08 11:47:02,465 - INFO - Analyte N-(1,3-benzodioxol-5-yl)-2-methyl-5-(piperidinosulfonyl)-3-furamide_POS was not included in 2 gestational bin outlier analysis - excluded from complication-specific chi-squared testing.
2026-09-08 11:47:02,505 - INFO - Analyte NP-022068_POS was not included in 2 gestational bin outlier analysis - excluded from complication-specific chi-squared testing.
2026-09-08 11:47:02,543 - INFO - Analyte unk_n683_NEG_226.9274_RT2.46 was not included in 2 gestational bin outlier analysis - excluded from complication-specific chi-squared testing.
2026-09-08 11:47:02,582 - INFO - Analyte [Similar to: 2-{[(2R,3R,4S,5S,6R)-4,5-dihydroxy-6-(hydroxymethyl)-3-{[(2S,3R,4R,5R,6S)-3,4,5-trihydroxy-6-methyloxan-2-yl]oxy}oxan-2-yl]oxy}-2-(4-hydroxyphenyl)acetonitrile; ΔMass: -157.9643 Da]_POS was not included in 2 gestational bin outlier analysis - excluded from complication-specific chi-squared testing.
2026-09-08 11:47:02,621 - INFO - Analyte 3-Hydroxymonoethylglycinexylidide_POS was not included in 2 gestational bin outlier analysis - excluded from complication-specific chi-squared testing.
2026-09-08 11:47:02,626 - INFO - Analyte 2-Aminothiazole_POS was not included in 2 gestational bin outlier analysis - excluded from complication-specific chi-squared testing.
2026-09-08 11:47:02,653 - INFO - Analyte Pyrrolidine_POS was not included in 2 gestational bin outlier analysis - excluded from complication-specific chi-squared testing.
2026-09-08 11:47:02,693 - INFO - Analyte unk_p1714_POS_174.9566_RT3.15 was not included in 2 gestational bin outlier analysis - excluded from complication-specific chi-squared testing.
2026-09-08 11:47:02,728 - INFO - Analyte Bicine_NEG was not included in 2 gestational bin outlier analysis - excluded from complication-specific chi-squared testing.
2026-09-08 11:47:02,763 - INFO - Analyte bk-MDDMA_POS was not included in 2 gestational bin outlier analysis - excluded from complication-specific chi-squared testing.
2026-09-08 11:47:02,798 - INFO - Analyte unk_n43_NEG_231.9316_RT9.38 was not included in 2 gestational bin outlier analysis - excluded from complication-specific chi-squared testing.
2026-09-08 11:47:02,818 - INFO - Analyte (S)-(+)-2-Amino-1-propanol_POS was not included in 2 gestational bin outlier analysis - excluded from complication-specific chi-squared testing.
2026-09-08 11:47:02,853 - INFO - Analyte Ritodrine_POS was not included in 2 gestational bin outlier analysis - excluded from complication-specific chi-squared testing.
2026-09-08 11:47:02,888 - INFO - Analyte Allyl 2-(1H-benzimidazol-2-yl)-2-cyano-N-phenylethanimidothioate_POS was not included in 2 gestational bin outlier analysis - excluded from complication-specific chi-squared testing.
2026-09-08 11:47:02,922 - INFO - Analyte Pseudoecgonine_POS was not included in 2 gestational bin outlier analysis - excluded from complication-specific chi-squared testing.
2026-09-08 11:47:02,925 - INFO - Analyte Proline_POS was not included in 2 gestational bin outlier analysis - excluded from complication-specific chi-squared testing.
2026-09-08 11:47:02,958 - INFO - Analyte unk_p4135_POS_461.8025_RT1.59 was not included in 2 gestational bin outlier analysis - excluded from complication-specific chi-squared testing.
2026-09-08 11:47:02,976 - INFO - Analyte unk_p2327_POS_272.1338_RT2.37 was not included in 2 gestational bin outlier analysis - excluded from complication-specific chi-squared testing.
2026-09-08 11:47:03,054 - INFO - Analyte NP-020535_POS was not included in 2 gestational bin outlier analysis - excluded from complication-specific chi-squared testing.
2026-09-08 11:47:03,088 - INFO - Analyte 5-nitrothiazol-2-amine_POS was not included in 2 gestational bin outlier analysis - excluded from complication-specific chi-squared testing.
2026-09-08 11:47:03,128 - INFO - Analyte unk_p4977_POS_430.3673_RT0.76 was not included in 2 gestational bin outlier analysis - excluded from complication-specific chi-squared testing.
2026-09-08 11:47:03,168 - INFO - Analyte unk_p1632_POS_663.4347_RT12.76 was not included in 2 gestational bin outlier analysis - excluded from complication-specific chi-squared testing.
2026-09-08 11:47:03,208 - INFO - Analyte 3-Hydroxybupivicaine_POS was not included in 2 gestational bin outlier analysis - excluded from complication-specific chi-squared testing.
2026-09-08 11:47:03,228 - INFO - Analyte unk_n9_NEG_273.9896_RT11.04 was not included in 2 gestational bin outlier analysis - excluded from complication-specific chi-squared testing.
2026-09-08 11:47:03,246 - INFO - Analyte 3-hydroxy-3-methylpentanedioic acid_POS was not included in 2 gestational bin outlier analysis - excluded from complication-specific chi-squared testing.
2026-09-08 11:47:03,281 - INFO - Analyte 2-Methyl-3-ketovaleric acid_POS was not included in 2 gestational bin outlier analysis - excluded from complication-specific chi-squared testing.
2026-09-08 11:47:03,319 - INFO - Analyte (4E)-3-Hydroxy-2,4-dimethyl-4-heptenamide_POS was not included in 2 gestational bin outlier analysis - excluded from complication-specific chi-squared testing.
2026-09-08 11:47:03,355 - INFO - Analyte Lamotrigine_POS was not included in 2 gestational bin outlier analysis - excluded from complication-specific chi-squared testing.
2026-09-08 11:47:03,392 - INFO - Analyte Xestoaminol C_POS was not included in 2 gestational bin outlier analysis - excluded from complication-specific chi-squared testing.
2026-09-08 11:47:03,433 - INFO - Analyte Acycloguanosine_NEG was not included in 2 gestational bin outlier analysis - excluded from complication-specific chi-squared testing.
2026-09-08 11:47:03,439 - INFO - Analyte unk_n75_NEG_197.8079_RT5.38 was not included in 2 gestational bin outlier analysis - excluded from complication-specific chi-squared testing.
2026-09-08 11:47:03,482 - INFO - Analyte Mevalonic acid_POS was not included in 2 gestational bin outlier analysis - excluded from complication-specific chi-squared testing.
2026-09-08 11:47:03,523 - INFO - Analyte Lorbamate_POS was not included in 2 gestational bin outlier analysis - excluded from complication-specific chi-squared testing.
2026-09-08 11:47:03,565 - INFO - Analyte 2-Furanmethanol_POS was not included in 2 gestational bin outlier analysis - excluded from complication-specific chi-squared testing.
2026-09-08 11:47:03,606 - INFO - Analyte Guanidoacetic acid_POS was not included in 2 gestational bin outlier analysis - excluded from complication-specific chi-squared testing.
2026-09-08 11:47:03,647 - INFO - Analyte Acetazolamide_NEG was not included in 2 gestational bin outlier analysis - excluded from complication-specific chi-squared testing.
2026-09-08 11:47:03,690 - INFO - Analyte unk_n834_NEG_333.1415_RT9.64 was not included in 2 gestational bin outlier analysis - excluded from complication-specific chi-squared testing.
2026-09-08 11:47:03,727 - INFO - Analyte D-(+)-Maltose_NEG was not included in 2 gestational bin outlier analysis - excluded from complication-specific chi-squared testing.
2026-09-08 11:47:03,767 - INFO - Analyte 4-Thialysine_POS was not included in 2 gestational bin outlier analysis - excluded from complication-specific chi-squared testing.
2026-09-08 11:47:03,833 - INFO - Analyte unk_p2623_POS_506.2075_RT7.31 was not included in 2 gestational bin outlier analysis - excluded from complication-specific chi-squared testing.
2026-09-08 11:47:03,873 - INFO - Analyte unk_n11_NEG_273.9895_RT10.40 was not included in 2 gestational bin outlier analysis - excluded from complication-specific chi-squared testing.
2026-09-08 11:47:03,914 - INFO - Analyte L-beta-aspartyl-L-glycine_POS was not included in 2 gestational bin outlier analysis - excluded from complication-specific chi-squared testing.
2026-09-08 11:47:03,956 - INFO - Analyte unk_p4598_POS_370.0734_RT6.62 was not included in 2 gestational bin outlier analysis - excluded from complication-specific chi-squared testing.
2026-09-08 11:47:03,997 - INFO - Analyte unk_p4657_POS_382.3426_RT11.09 was not included in 2 gestational bin outlier analysis - excluded from complication-specific chi-squared testing.
2026-09-08 11:47:04,037 - INFO - Analyte 5-Nitro-o-toluidine_POS was not included in 2 gestational bin outlier analysis - excluded from complication-specific chi-squared testing.
2026-09-08 11:47:04,077 - INFO - Analyte Xylactam_POS was not included in 2 gestational bin outlier analysis - excluded from complication-specific chi-squared testing.
2026-09-08 11:47:04,118 - INFO - Analyte unk_p1333_POS_99.5122_RT7.62 was not included in 2 gestational bin outlier analysis - excluded from complication-specific chi-squared testing.
2026-09-08 11:47:04,138 - INFO - Analyte 7-(2-thienyl)[1,2,4]triazolo[4,3-a]pyrimidine_POS was not included in 2 gestational bin outlier analysis - excluded from complication-specific chi-squared testing.
2026-09-08 11:47:04,160 - INFO - Analyte cis-Acetylacrylate_POS was not included in 2 gestational bin outlier analysis - excluded from complication-specific chi-squared testing.
2026-09-08 11:47:04,180 - INFO - Analyte Ecgonine_POS was not included in 2 gestational bin outlier analysis - excluded from complication-specific chi-squared testing.
2026-09-08 11:47:04,220 - INFO - Analyte PEG n12_POS was not included in 2 gestational bin outlier analysis - excluded from complication-specific chi-squared testing.
2026-09-08 11:47:04,239 - INFO - Analyte 2-Furancarboxaldehyde_NEG was not included in 2 gestational bin outlier analysis - excluded from complication-specific chi-squared testing.
2026-09-08 11:47:04,275 - INFO - Analyte L-Aspartic acid_POS was not included in 2 gestational bin outlier analysis - excluded from complication-specific chi-squared testing.
2026-09-08 11:47:04,311 - INFO - Analyte Homocitrulline_POS was not included in 2 gestational bin outlier analysis - excluded from complication-specific chi-squared testing.
2026-09-08 11:47:04,352 - INFO - Analyte unk_p8_POS_178.0903_RT10.06 was not included in 2 gestational bin outlier analysis - excluded from complication-specific chi-squared testing.
2026-09-08 11:47:04,391 - INFO - Analyte Methadone_POS was not included in 2 gestational bin outlier analysis - excluded from complication-specific chi-squared testing.
2026-09-08 11:47:04,431 - INFO - Analyte unk_p2870_POS_426.3213_RT12.12 was not included in 2 gestational bin outlier analysis - excluded from complication-specific chi-squared testing.
2026-09-08 11:47:04,471 - INFO - Analyte Methamphetamine_POS was not included in 2 gestational bin outlier analysis - excluded from complication-specific chi-squared testing.
2026-09-08 11:47:04,567 - INFO - Analyte Propylenediamine tetra-acetic acid_POS was not included in 2 gestational bin outlier analysis - excluded from complication-specific chi-squared testing.
2026-09-08 11:47:04,608 - INFO - Analyte 3-(2-methylpropyl)-octahydropyrrolo[1,2-a]pyrazine-1,4-dione_POS was not included in 2 gestational bin outlier analysis - excluded from complication-specific chi-squared testing.
2026-09-08 11:47:04,654 - INFO - Analyte Venlafaxine N-Oxide_POS was not included in 2 gestational bin outlier analysis - excluded from complication-specific chi-squared testing.
2026-09-08 11:47:04,710 - INFO - Analyte 1,1-Dichloroacetone_POS was not included in 2 gestational bin outlier analysis - excluded from complication-specific chi-squared testing.
2026-09-08 11:47:04,751 - INFO - Analyte unk_p1255_POS_297.9856_RT8.42 was not included in 2 gestational bin outlier analysis - excluded from complication-specific chi-squared testing.
2026-09-08 11:47:04,773 - INFO - Analyte (2S,3R,4S,5R,6R)-6-Ethyloxane-2,3,4,5-tetrol_POS was not included in 2 gestational bin outlier analysis - excluded from complication-specific chi-squared testing.
2026-09-08 11:47:04,792 - INFO - Analyte Phenyl sulfoxide_NEG was not included in 2 gestational bin outlier analysis - excluded from complication-specific chi-squared testing.
2026-09-08 11:47:04,797 - INFO - Analyte [Similar to: L-Threonic acid; ΔMass: 67.9873 Da]_NEG was not included in 2 gestational bin outlier analysis - excluded from complication-specific chi-squared testing.
2026-09-08 11:47:04,834 - INFO - Analyte Alanylserine_POS was not included in 2 gestational bin outlier analysis - excluded from complication-specific chi-squared testing.
2026-09-08 11:47:04,872 - INFO - Analyte D3-Creatinine_POS was not included in 2 gestational bin outlier analysis - excluded from complication-specific chi-squared testing.
2026-09-08 11:47:04,911 - INFO - Analyte 2-(4-chlorophenoxy)pyridin-3-amine_POS was not included in 2 gestational bin outlier analysis - excluded from complication-specific chi-squared testing.
2026-09-08 11:47:04,930 - INFO - Analyte L-Lysine_POS was not included in 2 gestational bin outlier analysis - excluded from complication-specific chi-squared testing.
2026-09-08 11:47:04,968 - INFO - Analyte Epinephrine_POS was not included in 2 gestational bin outlier analysis - excluded from complication-specific chi-squared testing.
2026-09-08 11:47:05,006 - INFO - Analyte unk_p4438_POS_454.2431_RT9.53 was not included in 2 gestational bin outlier analysis - excluded from complication-specific chi-squared testing.
2026-09-08 11:47:05,046 - INFO - Analyte unk_n449_NEG_525.3312_RT11.55 was not included in 2 gestational bin outlier analysis - excluded from complication-specific chi-squared testing.
2026-09-08 11:47:05,070 - INFO - Analyte unk_n2989_NEG_778.2049_RT9.66 was not included in 2 gestational bin outlier analysis - excluded from complication-specific chi-squared testing.
2026-09-08 11:47:05,112 - INFO - Analyte Hydroxymethyl hydrogen carbonate_NEG was not included in 2 gestational bin outlier analysis - excluded from complication-specific chi-squared testing.
2026-09-08 11:47:05,155 - INFO - Analyte 5S,6S-epoxy-15R-hydroxy-ETE_POS was not included in 2 gestational bin outlier analysis - excluded from complication-specific chi-squared testing.
2026-09-08 11:47:05,193 - INFO - Analyte Cefalexin_POS was not included in 2 gestational bin outlier analysis - excluded from complication-specific chi-squared testing.
2026-09-08 11:47:05,212 - INFO - Analyte unk_p256_POS_223.0700_RT11.18 was not included in 2 gestational bin outlier analysis - excluded from complication-specific chi-squared testing.
2026-09-08 11:47:05,219 - INFO - Analyte Citrulline_NEG was not included in 2 gestational bin outlier analysis - excluded from complication-specific chi-squared testing.
2026-09-08 11:47:05,311 - INFO - Analyte Nadolol_POS was not included in 2 gestational bin outlier analysis - excluded from complication-specific chi-squared testing.
2026-09-08 11:47:05,350 - INFO - Analyte Bupropion hydrochloride_POS was not included in 2 gestational bin outlier analysis - excluded from complication-specific chi-squared testing.
2026-09-08 11:47:05,389 - INFO - Analyte unk_p480_POS_242.9825_RT7.37 was not included in 2 gestational bin outlier analysis - excluded from complication-specific chi-squared testing.
2026-09-08 11:47:05,436 - INFO - Analyte N6-Me-Adenosine_POS was not included in 2 gestational bin outlier analysis - excluded from complication-specific chi-squared testing.
2026-09-08 11:47:05,457 - INFO - Analyte Anthranilic acid_POS was not included in 2 gestational bin outlier analysis - excluded from complication-specific chi-squared testing.
2026-09-08 11:47:05,495 - INFO - Analyte 2-Pyridylacetic acid_POS was not included in 2 gestational bin outlier analysis - excluded from complication-specific chi-squared testing.
2026-09-08 11:47:05,533 - INFO - Analyte 2-Aminobicyclo[3.1.0]hexane-2,6-dicarboxylic acid_POS was not included in 2 gestational bin outlier analysis - excluded from complication-specific chi-squared testing.
2026-09-08 11:47:05,553 - INFO - Analyte Clopidol_POS was not included in 2 gestational bin outlier analysis - excluded from complication-specific chi-squared testing.
2026-09-08 11:47:05,572 - INFO - Analyte Asparagine_NEG was not included in 2 gestational bin outlier analysis - excluded from complication-specific chi-squared testing.
2026-09-08 11:47:05,591 - INFO - Analyte Pyrogallol_POS was not included in 2 gestational bin outlier analysis - excluded from complication-specific chi-squared testing.
2026-09-08 11:47:05,610 - INFO - Analyte N-{[(2R,4S,5R)-5-(1-Methyl-3-phenyl-1H-pyrazol-5-yl)-1-azabicyclo[2.2.2]oct-2-yl]methyl}methanesulfonamide_POS was not included in 2 gestational bin outlier analysis - excluded from complication-specific chi-squared testing.
2026-09-08 11:47:05,645 - INFO - Analyte unk_p1961_POS_481.8174_RT7.74 was not included in 2 gestational bin outlier analysis - excluded from complication-specific chi-squared testing.
2026-09-08 11:47:05,682 - INFO - Analyte Dihydrothymine_NEG was not included in 2 gestational bin outlier analysis - excluded from complication-specific chi-squared testing.
2026-09-08 11:47:05,718 - INFO - Analyte Metronidazole-OH_POS was not included in 2 gestational bin outlier analysis - excluded from complication-specific chi-squared testing.
2026-09-08 11:47:05,753 - INFO - Analyte L-Aspartic acid_NEG was not included in 2 gestational bin outlier analysis - excluded from complication-specific chi-squared testing.
2026-09-08 11:47:05,771 - INFO - Analyte 6-(1,2,3,4-Tetrahydroxybutyl)oxane-2,3,4,5-tetrol_NEG was not included in 2 gestational bin outlier analysis - excluded from complication-specific chi-squared testing.
2026-09-08 11:47:05,776 - INFO - Analyte N-Acetyl-DL-tryptophan_POS was not included in 2 gestational bin outlier analysis - excluded from complication-specific chi-squared testing.
2026-09-08 11:47:05,813 - INFO - Analyte unk_n3153_NEG_237.9734_RT2.13 was not included in 2 gestational bin outlier analysis - excluded from complication-specific chi-squared testing.
2026-09-08 11:47:05,850 - INFO - Analyte Acycloguanosine_POS was not included in 2 gestational bin outlier analysis - excluded from complication-specific chi-squared testing.
2026-09-08 11:47:05,891 - INFO - Analyte 2-(2,6-dimethoxyphenyl)-5,6-dimethoxy-4H-chromen-4-one_POS was not included in 2 gestational bin outlier analysis - excluded from complication-specific chi-squared testing.
2026-09-08 11:47:05,896 - INFO - Analyte Allopurinol_NEG was not included in 2 gestational bin outlier analysis - excluded from complication-specific chi-squared testing.
2026-09-08 11:47:05,918 - INFO - Analyte 5-Aminolevulinic acid_POS was not included in 2 gestational bin outlier analysis - excluded from complication-specific chi-squared testing.
2026-09-08 11:47:05,958 - INFO - Analyte [Similar to: DL-Arginine; ΔMass: 180.0636 Da]_NEG was not included in 2 gestational bin outlier analysis - excluded from complication-specific chi-squared testing.
2026-09-08 11:47:06,036 - INFO - Analyte Aspartame_POS was not included in 2 gestational bin outlier analysis - excluded from complication-specific chi-squared testing.
2026-09-08 11:47:06,057 - INFO - Analyte 2-Furancarboxaldehyde_POS was not included in 2 gestational bin outlier analysis - excluded from complication-specific chi-squared testing.
2026-09-08 11:47:06,096 - INFO - Analyte Methoxsalen_POS was not included in 2 gestational bin outlier analysis - excluded from complication-specific chi-squared testing.
2026-09-08 11:47:06,115 - INFO - Analyte Phosphate_NEG was not included in 2 gestational bin outlier analysis - excluded from complication-specific chi-squared testing.
2026-09-08 11:47:06,154 - INFO - Analyte D-(+)-Glucose_NEG was not included in 2 gestational bin outlier analysis - excluded from complication-specific chi-squared testing.
2026-09-08 11:47:06,192 - INFO - Analyte unk_n146_NEG_228.9939_RT11.62 was not included in 2 gestational bin outlier analysis - excluded from complication-specific chi-squared testing.
2026-09-08 11:47:06,211 - INFO - Analyte L-Pyroglutamic acid_POS was not included in 2 gestational bin outlier analysis - excluded from complication-specific chi-squared testing.
2026-09-08 11:47:06,251 - INFO - Analyte tetrahomomethionine_POS was not included in 2 gestational bin outlier analysis - excluded from complication-specific chi-squared testing.
2026-09-08 11:47:06,270 - INFO - Analyte Cyclopentylamine_POS was not included in 2 gestational bin outlier analysis - excluded from complication-specific chi-squared testing.
2026-09-08 11:47:06,308 - INFO - Analyte N-(2-Hydroxypropyl)valine_POS was not included in 2 gestational bin outlier analysis - excluded from complication-specific chi-squared testing.
2026-09-08 11:47:06,345 - INFO - Analyte tert-Butyl N-[1-(aminocarbonyl)-3-methylbutyl]carbamate_POS was not included in 2 gestational bin outlier analysis - excluded from complication-specific chi-squared testing.
2026-09-08 11:47:06,384 - INFO - Analyte α-Lactose_POS was not included in 2 gestational bin outlier analysis - excluded from complication-specific chi-squared testing.
2026-09-08 11:47:06,425 - INFO - Analyte 1-(2-Furylmethyl)-5-oxopyrrolidine-3-carboxylic acid_NEG was not included in 2 gestational bin outlier analysis - excluded from complication-specific chi-squared testing.
2026-09-08 11:47:06,463 - INFO - Analyte 2-(Methylsulfonyl)pyridine_POS was not included in 2 gestational bin outlier analysis - excluded from complication-specific chi-squared testing.
2026-09-08 11:47:06,503 - INFO - Analyte 6-Hydroxy-1H-indole-3-acetamide_POS was not included in 2 gestational bin outlier analysis - excluded from complication-specific chi-squared testing.
2026-09-08 11:47:06,543 - INFO - Analyte unk_p2701_POS_497.9975_RT1.19 was not included in 2 gestational bin outlier analysis - excluded from complication-specific chi-squared testing.
2026-09-08 11:47:06,582 - INFO - Analyte O-Desmethylvenlafaxine_POS was not included in 2 gestational bin outlier analysis - excluded from complication-specific chi-squared testing.
2026-09-08 11:47:06,627 - INFO - Analyte 4-Pyridoxic acid_POS was not included in 2 gestational bin outlier analysis - excluded from complication-specific chi-squared testing.
2026-09-08 11:47:06,673 - INFO - Analyte N-Acetyl-L-carnosine_POS was not included in 2 gestational bin outlier analysis - excluded from complication-specific chi-squared testing.
2026-09-08 11:47:06,713 - INFO - Analyte unk_p557_POS_445.8151_RT12.73 was not included in 2 gestational bin outlier analysis - excluded from complication-specific chi-squared testing.
2026-09-08 11:47:06,752 - INFO - Analyte unk_p223_POS_111.0200_RT9.05 was not included in 2 gestational bin outlier analysis - excluded from complication-specific chi-squared testing.
2026-09-08 11:47:06,792 - INFO - Analyte Ethylenediaminetetraacetic acid (EDTA)_POS was not included in 2 gestational bin outlier analysis - excluded from complication-specific chi-squared testing.
2026-09-08 11:47:06,831 - INFO - Analyte unk_p5266_POS_459.2620_RT11.62 was not included in 2 gestational bin outlier analysis - excluded from complication-specific chi-squared testing.
2026-09-08 11:47:06,873 - INFO - Analyte 4'-Chloro-α-pyrrolidinopropiophenone_POS was not included in 2 gestational bin outlier analysis - excluded from complication-specific chi-squared testing.
2026-09-08 11:47:06,915 - INFO - Analyte Bis(cyano-kappaC)iron_POS was not included in 2 gestational bin outlier analysis - excluded from complication-specific chi-squared testing.
2026-09-08 11:47:06,953 - INFO - Analyte 1-Hydroxybenzotriazol_POS was not included in 2 gestational bin outlier analysis - excluded from complication-specific chi-squared testing.
2026-09-08 11:47:06,992 - INFO - Analyte Ornithine_NEG was not included in 2 gestational bin outlier analysis - excluded from complication-specific chi-squared testing.
2026-09-08 11:47:07,070 - INFO - Analyte DL-Arginine_POS was not included in 2 gestational bin outlier analysis - excluded from complication-specific chi-squared testing.
2026-09-08 11:47:07,111 - INFO - Analyte N-(5-Methyl-3-oxohexyl)alanine_POS was not included in 2 gestational bin outlier analysis - excluded from complication-specific chi-squared testing.
2026-09-08 11:47:07,151 - INFO - Analyte 4-Amino-2-pyrazin-2-ylpyrimidine-5-carbonitrile_POS was not included in 2 gestational bin outlier analysis - excluded from complication-specific chi-squared testing.
2026-09-08 11:47:07,190 - INFO - Analyte unk_p1254_POS_83.5357_RT0.57 was not included in 2 gestational bin outlier analysis - excluded from complication-specific chi-squared testing.
2026-09-08 11:47:07,230 - INFO - Analyte 3-(dimethylamino)-1-(2-pyridyl)prop-2-en-1-one_POS was not included in 2 gestational bin outlier analysis - excluded from complication-specific chi-squared testing.
2026-09-08 11:47:07,270 - INFO - Analyte Benzoylecgonine_POS was not included in 2 gestational bin outlier analysis - excluded from complication-specific chi-squared testing.
2026-09-08 11:47:07,290 - INFO - Analyte Suberic acid_POS was not included in 2 gestational bin outlier analysis - excluded from complication-specific chi-squared testing.
2026-09-08 11:47:07,313 - INFO - Analyte N,N'-Diphenylguanidine_POS was not included in 2 gestational bin outlier analysis - excluded from complication-specific chi-squared testing.
2026-09-08 11:47:07,353 - INFO - Analyte Leucylphenylalanine_POS was not included in 2 gestational bin outlier analysis - excluded from complication-specific chi-squared testing.
2026-09-08 11:47:07,374 - INFO - Analyte Atenolol acid_POS was not included in 2 gestational bin outlier analysis - excluded from complication-specific chi-squared testing.
2026-09-08 11:47:07,394 - INFO - Analyte Diisopropylphosphate_NEG was not included in 2 gestational bin outlier analysis - excluded from complication-specific chi-squared testing.
2026-09-08 11:47:07,435 - INFO - Analyte 4:2 fluorotelomer thia hydroxy propyl trimethyl ammonium;4:2 fluorotelomer thia hydroxy propyl trimethyl ammonium;fluorotelomer thiohydroxyl ammonium (Backe, D'Agostino, Meija-Avedano), X:2 fluorotelomer thioether 2-propanol trimethyl quaternary amine_POS was not included in 2 gestational bin outlier analysis - excluded from complication-specific chi-squared testing.
2026-09-08 11:47:07,456 - INFO - Analyte Caprolactam_POS was not included in 2 gestational bin outlier analysis - excluded from complication-specific chi-squared testing.
2026-09-08 11:47:07,513 - INFO - Analyte Bis(diaminomethylideneamino) butanedioate_POS was not included in 2 gestational bin outlier analysis - excluded from complication-specific chi-squared testing.
2026-09-08 11:47:07,560 - INFO - Analyte unk_p1141_POS_297.9856_RT8.76 was not included in 2 gestational bin outlier analysis - excluded from complication-specific chi-squared testing.
2026-09-08 11:47:07,581 - INFO - Analyte acutumidine_POS was not included in 2 gestational bin outlier analysis - excluded from complication-specific chi-squared testing.
2026-09-08 11:47:07,619 - INFO - Analyte unk_n189_NEG_228.9940_RT11.33 was not included in 2 gestational bin outlier analysis - excluded from complication-specific chi-squared testing.
2026-09-08 11:47:07,641 - INFO - Analyte 1-(Hydroxymethyl)-5,5-dimethyl-2,4-imidazolidinedione_POS was not included in 2 gestational bin outlier analysis - excluded from complication-specific chi-squared testing.
2026-09-08 11:47:07,665 - INFO - Analyte D-(-)-Ribose_NEG was not included in 2 gestational bin outlier analysis - excluded from complication-specific chi-squared testing.
2026-09-08 11:47:07,687 - INFO - Analyte Acetone hydrazone_POS was not included in 2 gestational bin outlier analysis - excluded from complication-specific chi-squared testing.
2026-09-08 11:47:07,727 - INFO - Analyte 1-[2-(2,5-Dimethyl-1H-pyrrol-1-yl)-4-nitrophenyl]-4-(methylsulfonyl)piperazine_POS was not included in 2 gestational bin outlier analysis - excluded from complication-specific chi-squared testing.
2026-09-08 11:47:07,767 - INFO - Analyte Soboliferamide_POS was not included in 2 gestational bin outlier analysis - excluded from complication-specific chi-squared testing.
2026-09-08 11:47:07,803 - INFO - Analyte 3-Hydroxysebacic acid_POS was not included in 2 gestational bin outlier analysis - excluded from complication-specific chi-squared testing.
2026-09-08 11:47:07,884 - INFO - Analyte D-Alanyl-D-alanine_POS was not included in 2 gestational bin outlier analysis - excluded from complication-specific chi-squared testing.
2026-09-08 11:47:07,924 - INFO - Analyte Medazepam_POS was not included in 2 gestational bin outlier analysis - excluded from complication-specific chi-squared testing.
2026-09-08 11:47:07,961 - INFO - Analyte Oxalic acid_NEG was not included in 2 gestational bin outlier analysis - excluded from complication-specific chi-squared testing.
2026-09-08 11:47:07,980 - INFO - Analyte 4-(3-Methyl-1-butenyl)-3,3',4',5-tetrahydroxystilbene_NEG was not included in 2 gestational bin outlier analysis - excluded from complication-specific chi-squared testing.
2026-09-08 11:47:08,019 - INFO - Analyte unk_n2029_NEG_102.9567_RT8.75 was not included in 2 gestational bin outlier analysis - excluded from complication-specific chi-squared testing.
2026-09-08 11:47:08,057 - INFO - Analyte [Similar to: Amphomycin; ΔMass: -1091.5889 Da]_POS was not included in 2 gestational bin outlier analysis - excluded from complication-specific chi-squared testing.
2026-09-08 11:47:08,096 - INFO - Analyte Glucosamine_POS was not included in 2 gestational bin outlier analysis - excluded from complication-specific chi-squared testing.
2026-09-08 11:47:08,115 - INFO - Analyte D-(-)-Lyxose_NEG was not included in 2 gestational bin outlier analysis - excluded from complication-specific chi-squared testing.
2026-09-08 11:47:08,153 - INFO - Analyte unk_p92_POS_90.5258_RT1.29 was not included in 2 gestational bin outlier analysis - excluded from complication-specific chi-squared testing.
2026-09-08 11:47:08,195 - INFO - Analyte 2-Hydroxyglutaric acid diethyl ester_POS was not included in 2 gestational bin outlier analysis - excluded from complication-specific chi-squared testing.
2026-09-08 11:47:08,202 - INFO - Analyte Tetraethylene glycol_POS was not included in 2 gestational bin outlier analysis - excluded from complication-specific chi-squared testing.
2026-09-08 11:47:08,243 - INFO - Analyte SK&F 91581_POS was not included in 2 gestational bin outlier analysis - excluded from complication-specific chi-squared testing.
2026-09-08 11:47:08,286 - INFO - Analyte unk_n158_NEG_215.8684_RT7.97 was not included in 2 gestational bin outlier analysis - excluded from complication-specific chi-squared testing.
2026-09-08 11:47:08,333 - INFO - Analyte Glutaminylglutamine_POS was not included in 2 gestational bin outlier analysis - excluded from complication-specific chi-squared testing.
2026-09-08 11:47:08,380 - INFO - Analyte unk_p2967_POS_272.1702_RT7.57 was not included in 2 gestational bin outlier analysis - excluded from complication-specific chi-squared testing.
2026-09-08 11:47:08,404 - INFO - Analyte 3-Hydroxyadipic acid 3,6-lactone_POS was not included in 2 gestational bin outlier analysis - excluded from complication-specific chi-squared testing.
2026-09-08 11:47:08,445 - INFO - Analyte dihomomethionine_POS was not included in 2 gestational bin outlier analysis - excluded from complication-specific chi-squared testing.
2026-09-08 11:47:08,483 - INFO - Analyte Pyruvic acid_NEG was not included in 2 gestational bin outlier analysis - excluded from complication-specific chi-squared testing.
2026-09-08 11:47:08,520 - INFO - Analyte unk_p800_POS_91.5045_RT9.41 was not included in 2 gestational bin outlier analysis - excluded from complication-specific chi-squared testing.
2026-09-08 11:47:08,556 - INFO - Analyte [Similar to: NP-004031; ΔMass: -416.3678 Da]_NEG was not included in 2 gestational bin outlier analysis - excluded from complication-specific chi-squared testing.
2026-09-08 11:47:08,638 - INFO - Analyte Norfentanyl_POS was not included in 2 gestational bin outlier analysis - excluded from complication-specific chi-squared testing.
2026-09-08 11:47:08,673 - INFO - Analyte 2-Methylbutyroylcarnitine_POS was not included in 2 gestational bin outlier analysis - excluded from complication-specific chi-squared testing.
2026-09-08 11:47:08,691 - INFO - Analyte 2-Hydroxy-3-methylpentanoic acid_POS was not included in 2 gestational bin outlier analysis - excluded from complication-specific chi-squared testing.
2026-09-08 11:47:08,708 - INFO - Analyte Glycyl-Glutamate_POS was not included in 2 gestational bin outlier analysis - excluded from complication-specific chi-squared testing.
2026-09-08 11:47:08,725 - INFO - Analyte 3-Deoxyglucosone_NEG was not included in 2 gestational bin outlier analysis - excluded from complication-specific chi-squared testing.
2026-09-08 11:47:08,759 - INFO - Analyte unk_p826_POS_235.9612_RT4.24 was not included in 2 gestational bin outlier analysis - excluded from complication-specific chi-squared testing.
2026-09-08 11:47:08,794 - INFO - Analyte unk_n2411_NEG_319.0083_RT2.93 was not included in 2 gestational bin outlier analysis - excluded from complication-specific chi-squared testing.
2026-09-08 11:47:08,829 - INFO - Analyte unk_n2019_NEG_382.1452_RT12.08 was not included in 2 gestational bin outlier analysis - excluded from complication-specific chi-squared testing.
2026-09-08 11:47:08,863 - INFO - Analyte 2-Amino-5-isopentyl-6-methylpyrimidin-4-ol_POS was not included in 2 gestational bin outlier analysis - excluded from complication-specific chi-squared testing.
2026-09-08 11:47:08,897 - INFO - Analyte Propyliodone_POS was not included in 2 gestational bin outlier analysis - excluded from complication-specific chi-squared testing.
2026-09-08 11:47:08,931 - INFO - Analyte 4-Azaspiro[bicyclo[2.2.2]octane-2,2'-[1,4]oxazolidine]-5'-one_POS was not included in 2 gestational bin outlier analysis - excluded from complication-specific chi-squared testing.
2026-09-08 11:47:08,965 - INFO - Analyte H2-D-erythro-Neopterin 2',3'-cyclic phosphate_POS was not included in 2 gestational bin outlier analysis - excluded from complication-specific chi-squared testing.
2026-09-08 11:47:08,999 - INFO - Analyte 2,2'-Anhydrocytidine_POS was not included in 2 gestational bin outlier analysis - excluded from complication-specific chi-squared testing.
2026-09-08 11:47:09,017 - INFO - Analyte (2S,8R)-2-Amino-8-hydroxydecanoic acid_POS was not included in 2 gestational bin outlier analysis - excluded from complication-specific chi-squared testing.
2026-09-08 11:47:09,034 - INFO - Analyte Trifluoroacetic acid_NEG was not included in 2 gestational bin outlier analysis - excluded from complication-specific chi-squared testing.
2026-09-08 11:47:09,051 - INFO - Analyte Repinotan_POS was not included in 2 gestational bin outlier analysis - excluded from complication-specific chi-squared testing.
2026-09-08 11:47:09,068 - INFO - Analyte unk_p4131_POS_564.2862_RT10.69 was not included in 2 gestational bin outlier analysis - excluded from complication-specific chi-squared testing.
2026-09-08 11:47:09,086 - INFO - Analyte Indoline_POS was not included in 2 gestational bin outlier analysis - excluded from complication-specific chi-squared testing.
2026-09-08 11:47:09,120 - INFO - Analyte 2-Isopropyl-3,5-dimethoxy-6-methylpyrazine_POS was not included in 2 gestational bin outlier analysis - excluded from complication-specific chi-squared testing.
2026-09-08 11:47:09,204 - INFO - Analyte 1-Phenyl-1H-pyrazole_POS was not included in 2 gestational bin outlier analysis - excluded from complication-specific chi-squared testing.
2026-09-08 11:47:09,223 - INFO - Analyte 4-Aminobenzoic acid_POS was not included in 2 gestational bin outlier analysis - excluded from complication-specific chi-squared testing.
2026-09-08 11:47:09,258 - INFO - Analyte 3-phospho-hydroxypyruvate_POS was not included in 2 gestational bin outlier analysis - excluded from complication-specific chi-squared testing.
2026-09-08 11:47:09,277 - INFO - Analyte unk_p4197_POS_287.9412_RT3.28 was not included in 2 gestational bin outlier analysis - excluded from complication-specific chi-squared testing.
2026-09-08 11:47:09,295 - INFO - Analyte D-(-)-Mannitol_NEG was not included in 2 gestational bin outlier analysis - excluded from complication-specific chi-squared testing.
2026-09-08 11:47:09,329 - INFO - Analyte L-Aspartate-semialdehyde_POS was not included in 2 gestational bin outlier analysis - excluded from complication-specific chi-squared testing.
2026-09-08 11:47:09,347 - INFO - Analyte 3-(propan-2-yl)-octahydropyrrolo[1,2-a]pyrazine-1,4-dione_POS was not included in 2 gestational bin outlier analysis - excluded from complication-specific chi-squared testing.
2026-09-08 11:47:09,381 - INFO - Analyte 2-Hydroxyquinoline_POS was not included in 2 gestational bin outlier analysis - excluded from complication-specific chi-squared testing.
2026-09-08 11:47:09,415 - INFO - Analyte unk_p3625_POS_427.0946_RT7.01 was not included in 2 gestational bin outlier analysis - excluded from complication-specific chi-squared testing.
2026-09-08 11:47:09,449 - INFO - Analyte trans-3-Hydroxycotinine_POS was not included in 2 gestational bin outlier analysis - excluded from complication-specific chi-squared testing.
2026-09-08 11:47:09,483 - INFO - Analyte unk_n1134_NEG_102.9567_RT5.95 was not included in 2 gestational bin outlier analysis - excluded from complication-specific chi-squared testing.
2026-09-08 11:47:09,518 - INFO - Analyte 3-Hydroxypyridine_POS was not included in 2 gestational bin outlier analysis - excluded from complication-specific chi-squared testing.
2026-09-08 11:47:09,521 - INFO - Analyte [Similar to: N1-(4,5-dihydro-1,3-thiazol-2-yl)-2-(2,4-dichlorophenoxy)propanamide; ΔMass: -136.0195 Da]_NEG was not included in 2 gestational bin outlier analysis - excluded from complication-specific chi-squared testing.
2026-09-08 11:47:09,555 - INFO - Analyte Lenticin_POS was not included in 2 gestational bin outlier analysis - excluded from complication-specific chi-squared testing.
2026-09-08 11:47:09,588 - INFO - Analyte unk_n656_NEG_157.0117_RT1.78 was not included in 2 gestational bin outlier analysis - excluded from complication-specific chi-squared testing.
2026-09-08 11:47:09,621 - INFO - Analyte Butyric acid_POS was not included in 2 gestational bin outlier analysis - excluded from complication-specific chi-squared testing.
2026-09-08 11:47:09,624 - INFO - Analyte Chloromethyl chloroformate_POS was not included in 2 gestational bin outlier analysis - excluded from complication-specific chi-squared testing.
2026-09-08 11:47:09,657 - INFO - Analyte 1H,1H-Perfluorononylamine_POS was not included in 2 gestational bin outlier analysis - excluded from complication-specific chi-squared testing.
2026-09-08 11:47:09,691 - INFO - Analyte unk_n512_NEG_209.8338_RT5.73 was not included in 2 gestational bin outlier analysis - excluded from complication-specific chi-squared testing.
2026-09-08 11:47:09,708 - INFO - Analyte L-Phenylalanine_POS was not included in 2 gestational bin outlier analysis - excluded from complication-specific chi-squared testing.
2026-09-08 11:47:09,725 - INFO - Analyte methyl isoquinoline-3-carboxylate_POS was not included in 2 gestational bin outlier analysis - excluded from complication-specific chi-squared testing.
2026-09-08 11:47:09,815 - INFO - Analyte Lappaol B_NEG was not included in 2 gestational bin outlier analysis - excluded from complication-specific chi-squared testing.
2026-09-08 11:47:09,833 - INFO - Analyte unk_p75_POS_199.0686_RT8.77 was not included in 2 gestational bin outlier analysis - excluded from complication-specific chi-squared testing.
2026-09-08 11:47:09,869 - INFO - Analyte 8-Cyano-fluoroquinolone_POS was not included in 2 gestational bin outlier analysis - excluded from complication-specific chi-squared testing.
2026-09-08 11:47:09,902 - INFO - Analyte NP-008998_POS was not included in 2 gestational bin outlier analysis - excluded from complication-specific chi-squared testing.
2026-09-08 11:47:09,905 - INFO - Analyte unk_p236_POS_90.5258_RT1.84 was not included in 2 gestational bin outlier analysis - excluded from complication-specific chi-squared testing.
2026-09-08 11:47:09,910 - INFO - Analyte unk_n85_NEG_248.9605_RT0.66 was not included in 2 gestational bin outlier analysis - excluded from complication-specific chi-squared testing.
2026-09-08 11:47:09,927 - INFO - Analyte Miglitol_NEG was not included in 2 gestational bin outlier analysis - excluded from complication-specific chi-squared testing.
2026-09-08 11:47:09,944 - INFO - Analyte Ametryn_POS was not included in 2 gestational bin outlier analysis - excluded from complication-specific chi-squared testing.
2026-09-08 11:47:09,978 - INFO - Analyte 2-Octenoylcarnitine_POS was not included in 2 gestational bin outlier analysis - excluded from complication-specific chi-squared testing.
2026-09-08 11:47:10,012 - INFO - Analyte Anordrin_POS was not included in 2 gestational bin outlier analysis - excluded from complication-specific chi-squared testing.
2026-09-08 11:47:10,029 - INFO - Analyte 5-(methoxymethyl)-2-(2-thienyl)-4,7-dihydropyrazolo[1,5-a]pyrimidin-7-one_NEG was not included in 2 gestational bin outlier analysis - excluded from complication-specific chi-squared testing.
2026-09-08 11:47:10,062 - INFO - Analyte D3-Lactate_NEG was not included in 2 gestational bin outlier analysis - excluded from complication-specific chi-squared testing.
2026-09-08 11:47:10,096 - INFO - Analyte unk_p3180_POS_497.9975_RT1.04 was not included in 2 gestational bin outlier analysis - excluded from complication-specific chi-squared testing.
2026-09-08 11:47:10,130 - INFO - Analyte unk_n223_NEG_225.8972_RT8.96 was not included in 2 gestational bin outlier analysis - excluded from complication-specific chi-squared testing.
2026-09-08 11:47:10,163 - INFO - Analyte Zonisamide_POS was not included in 2 gestational bin outlier analysis - excluded from complication-specific chi-squared testing.
2026-09-08 11:47:10,197 - INFO - Analyte unk_p2618_POS_146.0633_RT5.78 was not included in 2 gestational bin outlier analysis - excluded from complication-specific chi-squared testing.
2026-09-08 11:47:10,231 - INFO - Analyte Castanospermine_POS was not included in 2 gestational bin outlier analysis - excluded from complication-specific chi-squared testing.
2026-09-08 11:47:10,267 - INFO - Analyte Indene_POS was not included in 2 gestational bin outlier analysis - excluded from complication-specific chi-squared testing.
2026-09-08 11:47:10,284 - INFO - Analyte 2-(Dimethylamino)acetonitrile_POS was not included in 2 gestational bin outlier analysis - excluded from complication-specific chi-squared testing.
2026-09-08 11:47:10,301 - INFO - Analyte 2-Octenoic acid_POS was not included in 2 gestational bin outlier analysis - excluded from complication-specific chi-squared testing.
2026-09-08 11:47:10,318 - INFO - Analyte DL-Stachydrine_POS was not included in 2 gestational bin outlier analysis - excluded from complication-specific chi-squared testing.
2026-09-08 11:47:10,335 - INFO - Analyte Nicotinuric acid_POS was not included in 2 gestational bin outlier analysis - excluded from complication-specific chi-squared testing.
2026-09-08 11:47:10,437 - INFO - Analyte Garcinia acid_NEG was not included in 2 gestational bin outlier analysis - excluded from complication-specific chi-squared testing.
2026-09-08 11:47:10,475 - INFO - Analyte L-Cysteine-S-sulfate_POS was not included in 2 gestational bin outlier analysis - excluded from complication-specific chi-squared testing.
2026-09-08 11:47:10,494 - INFO - Analyte D-(+)-Maltose_POS was not included in 2 gestational bin outlier analysis - excluded from complication-specific chi-squared testing.
2026-09-08 11:47:10,528 - INFO - Analyte 3,4-Dihydroxybenzylamine_POS was not included in 2 gestational bin outlier analysis - excluded from complication-specific chi-squared testing.
2026-09-08 11:47:10,563 - INFO - Analyte N1-(alpha-D-ribosyl)-5,6-dimethyl-benzimidazole_POS was not included in 2 gestational bin outlier analysis - excluded from complication-specific chi-squared testing.
2026-09-08 11:47:10,597 - INFO - Analyte Armillariol B_POS was not included in 2 gestational bin outlier analysis - excluded from complication-specific chi-squared testing.
2026-09-08 11:47:10,632 - INFO - Analyte Triethylene Glycol Monomethyl Ether_POS was not included in 2 gestational bin outlier analysis - excluded from complication-specific chi-squared testing.
2026-09-08 11:47:10,666 - INFO - Analyte Kifunensine_NEG was not included in 2 gestational bin outlier analysis - excluded from complication-specific chi-squared testing.
2026-09-08 11:47:10,706 - INFO - Analyte D-(+)-Galactose_NEG was not included in 2 gestational bin outlier analysis - excluded from complication-specific chi-squared testing.
2026-09-08 11:47:10,745 - INFO - Analyte N-Phenylacetylglutamine_POS was not included in 2 gestational bin outlier analysis - excluded from complication-specific chi-squared testing.
2026-09-08 11:47:10,784 - INFO - Analyte 2-Heptanethiol_POS was not included in 2 gestational bin outlier analysis - excluded from complication-specific chi-squared testing.
2026-09-08 11:47:10,805 - INFO - Analyte 3-Hydroxybutyric acid_NEG was not included in 2 gestational bin outlier analysis - excluded from complication-specific chi-squared testing.
2026-09-08 11:47:10,826 - INFO - Analyte [Similar to: Creatine; ΔMass: 67.9874 Da]_NEG was not included in 2 gestational bin outlier analysis - excluded from complication-specific chi-squared testing.
2026-09-08 11:47:10,846 - INFO - Analyte Asparagine_POS was not included in 2 gestational bin outlier analysis - excluded from complication-specific chi-squared testing.
2026-09-08 11:47:10,867 - INFO - Analyte Quinolonic acid_POS was not included in 2 gestational bin outlier analysis - excluded from complication-specific chi-squared testing.
2026-09-08 11:47:10,887 - INFO - Analyte 2-({2-[(1,3-Dimethyl-1H-pyrazol-5-yl)amino]-2-oxoethyl}sulfanyl)acetic acid_POS was not included in 2 gestational bin outlier analysis - excluded from complication-specific chi-squared testing.
2026-09-08 11:47:10,927 - INFO - Analyte d-Glycero-d-galacto-heptose_NEG was not included in 2 gestational bin outlier analysis - excluded from complication-specific chi-squared testing.
2026-09-08 11:47:10,965 - INFO - Analyte unk_n177_NEG_207.8368_RT4.27 was not included in 2 gestational bin outlier analysis - excluded from complication-specific chi-squared testing.
2026-09-08 11:47:10,985 - INFO - Analyte 2-Amino-3-methyl-1-butanol_POS was not included in 2 gestational bin outlier analysis - excluded from complication-specific chi-squared testing.
2026-09-08 11:47:11,016 - INFO - Analyte L-Glutamine_POS was not included in 2 gestational bin outlier analysis - excluded from complication-specific chi-squared testing.
2026-09-08 11:47:11,055 - INFO - Analyte Geranylpyrrol A_POS was not included in 2 gestational bin outlier analysis - excluded from complication-specific chi-squared testing.
2026-09-08 11:47:11,091 - INFO - Analyte 2,4-diaziran-1-yl-6-(1-phenyl-1H-pyrrol-2-yl)-1,3,5-triazine_POS was not included in 2 gestational bin outlier analysis - excluded from complication-specific chi-squared testing.
2026-09-08 11:47:11,126 - INFO - Analyte unk_p488_POS_242.9822_RT7.04 was not included in 2 gestational bin outlier analysis - excluded from complication-specific chi-squared testing.
2026-09-08 11:47:11,160 - INFO - Analyte [6,7-dimethoxy-1-methyl-3,4-dihydro-2(1H)-isoquinolinyl](5-methyl-3-isoxazolyl)methanone_POS was not included in 2 gestational bin outlier analysis - excluded from complication-specific chi-squared testing.
2026-09-08 11:47:11,197 - INFO - Analyte 1,2,3-Trihydroxybenzene_NEG was not included in 2 gestational bin outlier analysis - excluded from complication-specific chi-squared testing.
2026-09-08 11:47:11,234 - INFO - Analyte unk_p4443_POS_437.9724_RT7.01 was not included in 2 gestational bin outlier analysis - excluded from complication-specific chi-squared testing.
2026-09-08 11:47:11,341 - INFO - Analyte (S)-3-[(Cyanophenylmethyl)amino]-3-oxopropanoic acid_POS was not included in 2 gestational bin outlier analysis - excluded from complication-specific chi-squared testing.
2026-09-08 11:47:11,383 - INFO - Analyte unk_p729_POS_504.9952_RT10.63 was not included in 2 gestational bin outlier analysis - excluded from complication-specific chi-squared testing.
2026-09-08 11:47:11,424 - INFO - Analyte N-(4-Aminobutyl)-2-Naphthalenesulfonamide_POS was not included in 2 gestational bin outlier analysis - excluded from complication-specific chi-squared testing.
2026-09-08 11:47:11,464 - INFO - Analyte 5-Hydroxytryptophol_POS was not included in 2 gestational bin outlier analysis - excluded from complication-specific chi-squared testing.
2026-09-08 11:47:11,504 - INFO - Analyte unk_p2622_POS_287.5918_RT1.01 was not included in 2 gestational bin outlier analysis - excluded from complication-specific chi-squared testing.
2026-09-08 11:47:11,541 - INFO - Analyte unk_p1942_POS_233.8754_RT2.91 was not included in 2 gestational bin outlier analysis - excluded from complication-specific chi-squared testing.
2026-09-08 11:47:11,578 - INFO - Analyte Acetyl-β-methylcholine_POS was not included in 2 gestational bin outlier analysis - excluded from complication-specific chi-squared testing.
2026-09-08 11:47:11,605 - INFO - Analyte Polypropylene glycol (m w 1,200-3,000)_POS was not included in 2 gestational bin outlier analysis - excluded from complication-specific chi-squared testing.
2026-09-08 11:47:11,645 - INFO - Analyte [Similar to: (4-benzoylpiperidino)[4-(tert-butyl)phenyl]methanone; ΔMass: 38.0426 Da]_POS was not included in 2 gestational bin outlier analysis - excluded from complication-specific chi-squared testing.
2026-09-08 11:47:11,689 - INFO - Analyte Terezine M_POS was not included in 2 gestational bin outlier analysis - excluded from complication-specific chi-squared testing.
2026-09-08 11:47:11,712 - INFO - Analyte N-(3-acetamidopropyl)pyrrolidin-2-one_POS was not included in 2 gestational bin outlier analysis - excluded from complication-specific chi-squared testing.
2026-09-08 11:47:11,749 - INFO - Analyte unk_p4365_POS_208.0392_RT2.59 was not included in 2 gestational bin outlier analysis - excluded from complication-specific chi-squared testing.
2026-09-08 11:47:11,767 - INFO - Analyte unk_p1267_POS_284.2065_RT8.69 was not included in 2 gestational bin outlier analysis - excluded from complication-specific chi-squared testing.
2026-09-08 11:47:11,801 - INFO - Analyte unk_p4505_POS_491.9183_RT1.35 was not included in 2 gestational bin outlier analysis - excluded from complication-specific chi-squared testing.
2026-09-08 11:47:11,840 - INFO - Analyte unk_p2005_POS_92.5221_RT1.52 was not included in 2 gestational bin outlier analysis - excluded from complication-specific chi-squared testing.
2026-09-08 11:47:11,861 - INFO - Analyte Glycerol 3-hydroxybutyrate_POS was not included in 2 gestational bin outlier analysis - excluded from complication-specific chi-squared testing.
2026-09-08 11:47:11,902 - INFO - Analyte 2-Amino-4-[(4-aminobutyl)amino]butanoic acid_POS was not included in 2 gestational bin outlier analysis - excluded from complication-specific chi-squared testing.
2026-09-08 11:47:11,941 - INFO - Analyte NP-020240_POS was not included in 2 gestational bin outlier analysis - excluded from complication-specific chi-squared testing.
2026-09-08 11:47:11,979 - INFO - Analyte ( Z)-6-benzylidene-3-hydroxymethyl-1,4-dimethyl-3-methylsulfanylpiperazine-2,5-dione_POS was not included in 2 gestational bin outlier analysis - excluded from complication-specific chi-squared testing.
2026-09-08 11:47:12,016 - INFO - Analyte 1,7-Diphenyl-4-hepten-3-one_POS was not included in 2 gestational bin outlier analysis - excluded from complication-specific chi-squared testing.
2026-09-08 11:47:12,022 - INFO - Analyte unk_n2397_NEG_699.3672_RT0.63 was not included in 2 gestational bin outlier analysis - excluded from complication-specific chi-squared testing.
2026-09-08 11:47:12,057 - INFO - Analyte Hydroxy bupropion_POS was not included in 2 gestational bin outlier analysis - excluded from complication-specific chi-squared testing.
2026-09-08 11:47:12,091 - INFO - Analyte [Similar to: Ethyl 3-hydroxy-5-methyl-6-oxo-1-phenyl-1,6-dihydropyrano[2,3-c]pyrazole-4-carboxylate; ΔMass: -46.0678 Da]_POS was not included in 2 gestational bin outlier analysis - excluded from complication-specific chi-squared testing.
2026-09-08 11:47:12,125 - INFO - Analyte Leukoaminochrome_POS was not included in 2 gestational bin outlier analysis - excluded from complication-specific chi-squared testing.
2026-09-08 11:47:12,143 - INFO - Analyte Acrylic acid_NEG was not included in 2 gestational bin outlier analysis - excluded from complication-specific chi-squared testing.
2026-09-08 11:47:12,176 - INFO - Analyte 1-Phenyl-1H-pyrazolo[3,4-d]pyrimidin-4-amine_POS was not included in 2 gestational bin outlier analysis - excluded from complication-specific chi-squared testing.
2026-09-08 11:47:12,217 - INFO - Analyte Bisoprolol_POS was not included in 2 gestational bin outlier analysis - excluded from complication-specific chi-squared testing.
2026-09-08 11:47:12,254 - INFO - Analyte N-methyl-4-nitrotryptophan_POS was not included in 2 gestational bin outlier analysis - excluded from complication-specific chi-squared testing.
2026-09-08 11:47:12,291 - INFO - Analyte Hydantoin-5-propionic acid_POS was not included in 2 gestational bin outlier analysis - excluded from complication-specific chi-squared testing.
2026-09-08 11:47:12,328 - INFO - Analyte Phosphate_POS was not included in 2 gestational bin outlier analysis - excluded from complication-specific chi-squared testing.
2026-09-08 11:47:12,361 - INFO - Analyte unk_n101_NEG_80.9748_RT3.00 was not included in 2 gestational bin outlier analysis - excluded from complication-specific chi-squared testing.
2026-09-08 11:47:12,394 - INFO - Analyte N-Desmethyltramadol_POS was not included in 2 gestational bin outlier analysis - excluded from complication-specific chi-squared testing.
2026-09-08 11:47:12,435 - INFO - Analyte (S)-3-[(Cyanophenylmethyl)amino]-3-oxopropanoic acid_NEG was not included in 2 gestational bin outlier analysis - excluded from complication-specific chi-squared testing.
2026-09-08 11:47:12,499 - INFO - Analyte alpha-Ketoisovaleric acid_NEG was not included in 2 gestational bin outlier analysis - excluded from complication-specific chi-squared testing.
2026-09-08 11:47:12,539 - INFO - Analyte D-Serine_POS was not included in 2 gestational bin outlier analysis - excluded from complication-specific chi-squared testing.
2026-09-08 11:47:12,738 - INFO - Analyte Metronidazole_POS was not included in 3 gestational bin outlier analysis - excluded from complication-specific chi-squared testing.
2026-09-08 11:47:12,777 - INFO - Analyte unk_n1621_NEG_289.0694_RT3.38 was not included in 3 gestational bin outlier analysis - excluded from complication-specific chi-squared testing.
2026-09-08 11:47:12,797 - INFO - Analyte L-Serine_NEG was not included in 3 gestational bin outlier analysis - excluded from complication-specific chi-squared testing.
2026-09-08 11:47:12,833 - INFO - Analyte Gaburedin B_POS was not included in 3 gestational bin outlier analysis - excluded from complication-specific chi-squared testing.
2026-09-08 11:47:12,873 - INFO - Analyte Creatine_POS was not included in 3 gestational bin outlier analysis - excluded from complication-specific chi-squared testing.
2026-09-08 11:47:12,910 - INFO - Analyte Hypocrellutin A_POS was not included in 3 gestational bin outlier analysis - excluded from complication-specific chi-squared testing.
2026-09-08 11:47:12,948 - INFO - Analyte NP-003117_POS was not included in 3 gestational bin outlier analysis - excluded from complication-specific chi-squared testing.
2026-09-08 11:47:12,984 - INFO - Analyte Acetylglycine_POS was not included in 3 gestational bin outlier analysis - excluded from complication-specific chi-squared testing.
2026-09-08 11:47:13,023 - INFO - Analyte HMBOA trihexose_POS was not included in 3 gestational bin outlier analysis - excluded from complication-specific chi-squared testing.
2026-09-08 11:47:13,058 - INFO - Analyte Gluconic acid_NEG was not included in 3 gestational bin outlier analysis - excluded from complication-specific chi-squared testing.
2026-09-08 11:47:13,063 - INFO - Analyte unk_n957_NEG_310.9309_RT1.68 was not included in 3 gestational bin outlier analysis - excluded from complication-specific chi-squared testing.
2026-09-08 11:47:13,097 - INFO - Analyte L(-)-Carnitine_POS was not included in 3 gestational bin outlier analysis - excluded from complication-specific chi-squared testing.
2026-09-08 11:47:13,114 - INFO - Analyte 3-hydroxy-1,5-diphenylpentan-1-one_POS was not included in 3 gestational bin outlier analysis - excluded from complication-specific chi-squared testing.
2026-09-08 11:47:13,147 - INFO - Analyte L-beta-aspartyl-L-alanine_POS was not included in 3 gestational bin outlier analysis - excluded from complication-specific chi-squared testing.
2026-09-08 11:47:13,164 - INFO - Analyte L-Cystine_POS was not included in 3 gestational bin outlier analysis - excluded from complication-specific chi-squared testing.
2026-09-08 11:47:13,202 - INFO - Analyte [Similar to: L-Threonic acid; ΔMass: 67.9747 Da]_NEG was not included in 3 gestational bin outlier analysis - excluded from complication-specific chi-squared testing.
2026-09-08 11:47:13,243 - INFO - Analyte Ornithine_POS was not included in 3 gestational bin outlier analysis - excluded from complication-specific chi-squared testing.
2026-09-08 11:47:13,334 - INFO - Analyte NP-022470_POS was not included in 3 gestational bin outlier analysis - excluded from complication-specific chi-squared testing.
2026-09-08 11:47:13,376 - INFO - Analyte Erythronic acid_NEG was not included in 3 gestational bin outlier analysis - excluded from complication-specific chi-squared testing.
2026-09-08 11:47:13,421 - INFO - Analyte 4-((4-(2-(6-((2R)-2-(2,4-Difluorophenyl)-1,1-difluoro-2-hydroxy-3-(1H-tetrazol-1-yl)propyl)-3-pyridinyl)ethynyl)phenoxy)methyl)benzonitrile_POS was not included in 3 gestational bin outlier analysis - excluded from complication-specific chi-squared testing.
2026-09-08 11:47:13,430 - INFO - Analyte Methylenediphosphonic acid_NEG was not included in 3 gestational bin outlier analysis - excluded from complication-specific chi-squared testing.
2026-09-08 11:47:13,475 - INFO - Analyte L-Histidine_NEG was not included in 3 gestational bin outlier analysis - excluded from complication-specific chi-squared testing.
2026-09-08 11:47:13,553 - INFO - Analyte [Similar to: N'2-(2,5-Dichlorophenyl)tetrahydrothiophene-2-carbohydrazide; ΔMass: 30.0109 Da]_NEG was not included in 3 gestational bin outlier analysis - excluded from complication-specific chi-squared testing.
2026-09-08 11:47:13,603 - INFO - Analyte Aspartyl-Histidine_NEG was not included in 3 gestational bin outlier analysis - excluded from complication-specific chi-squared testing.
2026-09-08 11:47:13,664 - INFO - Analyte Acetylhomoserine_POS was not included in 3 gestational bin outlier analysis - excluded from complication-specific chi-squared testing.
2026-09-08 11:47:13,711 - INFO - Analyte 2-Aminoacrylic acid_POS was not included in 3 gestational bin outlier analysis - excluded from complication-specific chi-squared testing.
2026-09-08 11:47:13,732 - INFO - Analyte 7-methyl-3-nitroimidazo[1,2-a]pyridine_POS was not included in 3 gestational bin outlier analysis - excluded from complication-specific chi-squared testing.
2026-09-08 11:47:13,769 - INFO - Analyte L-cis-3-Amino-2-pyrrolidinecarboxylic acid_POS was not included in 3 gestational bin outlier analysis - excluded from complication-specific chi-squared testing.
2026-09-08 11:47:13,789 - INFO - Analyte Tanomastat_NEG was not included in 3 gestational bin outlier analysis - excluded from complication-specific chi-squared testing.
2026-09-08 11:47:13,807 - INFO - Analyte 1-(2-Morpholinophenyl)dihydro-1H-pyrrole-2,5-dione_POS was not included in 3 gestational bin outlier analysis - excluded from complication-specific chi-squared testing.
2026-09-08 11:47:13,844 - INFO - Analyte NP-019722_POS was not included in 3 gestational bin outlier analysis - excluded from complication-specific chi-squared testing.
2026-09-08 11:47:13,865 - INFO - Analyte D-Glucose_NEG was not included in 3 gestational bin outlier analysis - excluded from complication-specific chi-squared testing.
2026-09-08 11:47:13,904 - INFO - Analyte 5,7-dimethyl-4-oxo-4H-chromene-3-carbonitrile_POS was not included in 3 gestational bin outlier analysis - excluded from complication-specific chi-squared testing.
2026-09-08 11:47:13,924 - INFO - Analyte (2R,3R,4R)-2-Amino-4-hydroxy-3-methylpentanoic acid_POS was not included in 3 gestational bin outlier analysis - excluded from complication-specific chi-squared testing.
2026-09-08 11:47:13,963 - INFO - Analyte Acetohydroxamic acid_POS was not included in 3 gestational bin outlier analysis - excluded from complication-specific chi-squared testing.
2026-09-08 11:47:14,003 - INFO - Analyte unk_n2682_NEG_388.8737_RT2.81 was not included in 3 gestational bin outlier analysis - excluded from complication-specific chi-squared testing.
2026-09-08 11:47:14,042 - INFO - Analyte (2-Ethylcrotonoyl)urea_POS was not included in 3 gestational bin outlier analysis - excluded from complication-specific chi-squared testing.
2026-09-08 11:47:14,117 - INFO - Analyte gamma-Glutamyl-beta-aminopropiononitrile_POS was not included in 3 gestational bin outlier analysis - excluded from complication-specific chi-squared testing.
2026-09-08 11:47:14,136 - INFO - Analyte (2S,4R)-4-Aminopyrrolidine-2-carboxylic acid_POS was not included in 3 gestational bin outlier analysis - excluded from complication-specific chi-squared testing.
2026-09-08 11:47:14,176 - INFO - Analyte Sedoheptulose_NEG was not included in 3 gestational bin outlier analysis - excluded from complication-specific chi-squared testing.
2026-09-08 11:47:14,216 - INFO - Analyte Pyrophosphate_NEG was not included in 3 gestational bin outlier analysis - excluded from complication-specific chi-squared testing.
2026-09-08 11:47:14,257 - INFO - Analyte thiol-maleimide_POS was not included in 3 gestational bin outlier analysis - excluded from complication-specific chi-squared testing.
2026-09-08 11:47:14,296 - INFO - Analyte L-Cysteinylglycine disulfide_POS was not included in 3 gestational bin outlier analysis - excluded from complication-specific chi-squared testing.
2026-09-08 11:47:14,315 - INFO - Analyte Succinic semialdehyde_NEG was not included in 3 gestational bin outlier analysis - excluded from complication-specific chi-squared testing.
2026-09-08 11:47:14,356 - INFO - Analyte unk_n682_NEG_345.0726_RT11.05 was not included in 3 gestational bin outlier analysis - excluded from complication-specific chi-squared testing.
2026-09-08 11:47:14,397 - INFO - Analyte 5-Methylquinoxaline_POS was not included in 3 gestational bin outlier analysis - excluded from complication-specific chi-squared testing.
2026-09-08 11:47:14,436 - INFO - Analyte Octadecanamine_POS was not included in 3 gestational bin outlier analysis - excluded from complication-specific chi-squared testing.
2026-09-08 11:47:14,474 - INFO - Analyte 6-Amino-5-chloropyrimidine-2,4(1H,3H)-dione_POS was not included in 3 gestational bin outlier analysis - excluded from complication-specific chi-squared testing.
2026-09-08 11:47:14,515 - INFO - Analyte 1,1,1,2,2,3,3,10,10,11,11,12,12,12-Tetradecafluoro-5,8-diiodododecane_NEG was not included in 3 gestational bin outlier analysis - excluded from complication-specific chi-squared testing.
2026-09-08 11:47:14,557 - INFO - Analyte Hydroxydehydro Nifedipine Carboxylate_POS was not included in 3 gestational bin outlier analysis - excluded from complication-specific chi-squared testing.
2026-09-08 11:47:14,597 - INFO - Analyte 3-Deoxy-D-glycero-D-galacto-2-nonulosonic acid_POS was not included in 3 gestational bin outlier analysis - excluded from complication-specific chi-squared testing.
2026-09-08 11:47:14,638 - INFO - Analyte unk_p985_POS_604.1398_RT9.66 was not included in 3 gestational bin outlier analysis - excluded from complication-specific chi-squared testing.
2026-09-08 11:47:14,679 - INFO - Analyte Choline_POS was not included in 3 gestational bin outlier analysis - excluded from complication-specific chi-squared testing.
2026-09-08 11:47:14,718 - INFO - Analyte Phenyl sulfoxide_POS was not included in 3 gestational bin outlier analysis - excluded from complication-specific chi-squared testing.
2026-09-08 11:47:14,758 - INFO - Analyte Pyroglutamylglycine_POS was not included in 3 gestational bin outlier analysis - excluded from complication-specific chi-squared testing.
2026-09-08 11:47:14,797 - INFO - Analyte Terephthalic acid_NEG was not included in 3 gestational bin outlier analysis - excluded from complication-specific chi-squared testing.
2026-09-08 11:47:14,835 - INFO - Analyte unk_p3495_POS_255.0950_RT7.91 was not included in 3 gestational bin outlier analysis - excluded from complication-specific chi-squared testing.
2026-09-08 11:47:14,876 - INFO - Analyte 1-Nitrohydroxyphenyl-N-benzoylalanine_POS was not included in 3 gestational bin outlier analysis - excluded from complication-specific chi-squared testing.
2026-09-08 11:47:14,895 - INFO - Analyte 2-Fluoro-6-(4-methoxyphenoxy)benzonitrile_POS was not included in 3 gestational bin outlier analysis - excluded from complication-specific chi-squared testing.
2026-09-08 11:47:15,003 - INFO - Analyte Satranidazole_POS was not included in 3 gestational bin outlier analysis - excluded from complication-specific chi-squared testing.
2026-09-08 11:47:15,043 - INFO - Analyte Oxepanone_POS was not included in 3 gestational bin outlier analysis - excluded from complication-specific chi-squared testing.
2026-09-08 11:47:15,082 - INFO - Analyte Beta-Aminopropionitrile_POS was not included in 3 gestational bin outlier analysis - excluded from complication-specific chi-squared testing.
2026-09-08 11:47:15,121 - INFO - Analyte Mycosporine hydroxyglutamicol_POS was not included in 3 gestational bin outlier analysis - excluded from complication-specific chi-squared testing.
2026-09-08 11:47:15,141 - INFO - Analyte L-3-Aminodihydro-2(3H)-furanone_POS was not included in 3 gestational bin outlier analysis - excluded from complication-specific chi-squared testing.
2026-09-08 11:47:15,180 - INFO - Analyte 1,3,11-Tridecatriene-5,7,9-triyne_POS was not included in 3 gestational bin outlier analysis - excluded from complication-specific chi-squared testing.
2026-09-08 11:47:15,199 - INFO - Analyte L-Cystine_NEG was not included in 3 gestational bin outlier analysis - excluded from complication-specific chi-squared testing.
2026-09-08 11:47:15,237 - INFO - Analyte N,N-Dimethyloctadecylamine_POS was not included in 3 gestational bin outlier analysis - excluded from complication-specific chi-squared testing.
2026-09-08 11:47:15,257 - INFO - Analyte Glycyl-Threonine_POS was not included in 3 gestational bin outlier analysis - excluded from complication-specific chi-squared testing.
2026-09-08 11:47:15,295 - INFO - Analyte Linustatin_POS was not included in 3 gestational bin outlier analysis - excluded from complication-specific chi-squared testing.
2026-09-08 11:47:15,334 - INFO - Analyte unk_n66_NEG_231.9315_RT9.69 was not included in 3 gestational bin outlier analysis - excluded from complication-specific chi-squared testing.
2026-09-08 11:47:15,373 - INFO - Analyte unk_p274_POS_223.0700_RT11.92 was not included in 3 gestational bin outlier analysis - excluded from complication-specific chi-squared testing.
2026-09-08 11:47:15,411 - INFO - Analyte 3-Hydroxybutyric acid_POS was not included in 3 gestational bin outlier analysis - excluded from complication-specific chi-squared testing.
2026-09-08 11:47:15,430 - INFO - Analyte L-Valine_NEG was not included in 3 gestational bin outlier analysis - excluded from complication-specific chi-squared testing.
2026-09-08 11:47:15,470 - INFO - Analyte Cladinose_POS was not included in 3 gestational bin outlier analysis - excluded from complication-specific chi-squared testing.
2026-09-08 11:47:15,508 - INFO - Analyte Creatinine_POS was not included in 3 gestational bin outlier analysis - excluded from complication-specific chi-squared testing.
2026-09-08 11:47:15,546 - INFO - Analyte 1-(4-Methoxyphenyl)piperazine_POS was not included in 3 gestational bin outlier analysis - excluded from complication-specific chi-squared testing.
2026-09-08 11:47:15,585 - INFO - Analyte Dacarbazine_POS was not included in 3 gestational bin outlier analysis - excluded from complication-specific chi-squared testing.
2026-09-08 11:47:15,623 - INFO - Analyte DL-Lysine_POS was not included in 3 gestational bin outlier analysis - excluded from complication-specific chi-squared testing.
2026-09-08 11:47:15,661 - INFO - Analyte Erythrohydrobupropion_POS was not included in 3 gestational bin outlier analysis - excluded from complication-specific chi-squared testing.
2026-09-08 11:47:15,698 - INFO - Analyte unk_n2474_NEG_100.9608_RT0.32 was not included in 3 gestational bin outlier analysis - excluded from complication-specific chi-squared testing.
2026-09-08 11:47:15,737 - INFO - Analyte 2-Methylbutyrylglycine_POS was not included in 3 gestational bin outlier analysis - excluded from complication-specific chi-squared testing.
2026-09-08 11:47:15,775 - INFO - Analyte 2,5-Diisothiocyanatobenzenesulfonate_POS was not included in 3 gestational bin outlier analysis - excluded from complication-specific chi-squared testing.
2026-09-08 11:47:15,892 - INFO - Analyte N'1-[4-amino-6-(tert-butyl)-1,3,5-triazin-2-yl]-2-(trifluoromethyl)benzene-1-sulfonohydrazide_POS was not included in 3 gestational bin outlier analysis - excluded from complication-specific chi-squared testing.
2026-09-08 11:47:15,910 - INFO - Analyte unk_n1043_NEG_462.0691_RT9.61 was not included in 3 gestational bin outlier analysis - excluded from complication-specific chi-squared testing.
2026-09-08 11:47:15,915 - INFO - Analyte D3-Alanine_POS was not included in 3 gestational bin outlier analysis - excluded from complication-specific chi-squared testing.
2026-09-08 11:47:15,950 - INFO - Analyte Cimaterol_POS was not included in 3 gestational bin outlier analysis - excluded from complication-specific chi-squared testing.
2026-09-08 11:47:15,984 - INFO - Analyte 6-(4-Chlorophenoxy)pyridine-3-carbothioamide_NEG was not included in 3 gestational bin outlier analysis - excluded from complication-specific chi-squared testing.
2026-09-08 11:47:16,001 - INFO - Analyte Dihydrothymine_POS was not included in 3 gestational bin outlier analysis - excluded from complication-specific chi-squared testing.
2026-09-08 11:47:16,035 - INFO - Analyte Adipamide_POS was not included in 3 gestational bin outlier analysis - excluded from complication-specific chi-squared testing.
2026-09-08 11:47:16,069 - INFO - Analyte (9E)-10-nitrooctadecenoic Acid_POS was not included in 3 gestational bin outlier analysis - excluded from complication-specific chi-squared testing.
2026-09-08 11:47:16,086 - INFO - Analyte 4-Hydroxybenzotriazole_POS was not included in 3 gestational bin outlier analysis - excluded from complication-specific chi-squared testing.
2026-09-08 11:47:16,120 - INFO - Analyte L-(+)-Citrulline_POS was not included in 3 gestational bin outlier analysis - excluded from complication-specific chi-squared testing.
2026-09-08 11:47:16,136 - INFO - Analyte DL-Lactic Acid_NEG was not included in 3 gestational bin outlier analysis - excluded from complication-specific chi-squared testing.
2026-09-08 11:47:16,153 - INFO - Analyte Pipecolic acid_POS was not included in 3 gestational bin outlier analysis - excluded from complication-specific chi-squared testing.
2026-09-08 11:47:16,187 - INFO - Analyte unk_n454_NEG_525.3312_RT11.94 was not included in 3 gestational bin outlier analysis - excluded from complication-specific chi-squared testing.
2026-09-08 11:47:16,221 - INFO - Analyte α-Lactose_NEG was not included in 3 gestational bin outlier analysis - excluded from complication-specific chi-squared testing.
2026-09-08 11:47:16,226 - INFO - Analyte N-Ethylacetamide_POS was not included in 3 gestational bin outlier analysis - excluded from complication-specific chi-squared testing.
2026-09-08 11:47:16,259 - INFO - Analyte L-Kynurenine_POS was not included in 3 gestational bin outlier analysis - excluded from complication-specific chi-squared testing.
2026-09-08 11:47:16,293 - INFO - Analyte Gluconolactone_POS was not included in 3 gestational bin outlier analysis - excluded from complication-specific chi-squared testing.
2026-09-08 11:47:16,327 - INFO - Analyte unk_p2069_POS_481.8174_RT6.05 was not included in 3 gestational bin outlier analysis - excluded from complication-specific chi-squared testing.
2026-09-08 11:47:16,344 - INFO - Analyte δ-Valerolactam_POS was not included in 3 gestational bin outlier analysis - excluded from complication-specific chi-squared testing.
2026-09-08 11:47:16,378 - INFO - Analyte unk_p5301_POS_446.2959_RT11.78 was not included in 3 gestational bin outlier analysis - excluded from complication-specific chi-squared testing.
2026-09-08 11:47:16,411 - INFO - Analyte 3-hydroxyoctanoyl carnitine_POS was not included in 3 gestational bin outlier analysis - excluded from complication-specific chi-squared testing.
2026-09-08 11:47:16,445 - INFO - Analyte N-gamma-Glutamylglutamine_POS was not included in 3 gestational bin outlier analysis - excluded from complication-specific chi-squared testing.
2026-09-08 11:47:16,567 - INFO - Analyte 6,7-dihydroxy-4,5,6,7-tetrahydroindole-4-one_NEG was not included in 3 gestational bin outlier analysis - excluded from complication-specific chi-squared testing.
2026-09-08 11:47:16,584 - INFO - Analyte L-Histidine_POS was not included in 3 gestational bin outlier analysis - excluded from complication-specific chi-squared testing.
2026-09-08 11:47:16,604 - INFO - Analyte Isobutyric acid_POS was not included in 3 gestational bin outlier analysis - excluded from complication-specific chi-squared testing.
2026-09-08 11:47:16,639 - INFO - Analyte L-2,4-Diaminobutyric acid_POS was not included in 3 gestational bin outlier analysis - excluded from complication-specific chi-squared testing.
2026-09-08 11:47:16,673 - INFO - Analyte unk_p1853_POS_166.9430_RT3.23 was not included in 3 gestational bin outlier analysis - excluded from complication-specific chi-squared testing.
2026-09-08 11:47:16,706 - INFO - Analyte apo-[3-methylcrotonoyl-CoA:carbon-dioxide ligase (ADP-forming)]_POS was not included in 3 gestational bin outlier analysis - excluded from complication-specific chi-squared testing.
2026-09-08 11:47:16,740 - INFO - Analyte Ethyl N2-acetyl-L-argininate_POS was not included in 3 gestational bin outlier analysis - excluded from complication-specific chi-squared testing.
2026-09-08 11:47:16,774 - INFO - Analyte Megazol_POS was not included in 3 gestational bin outlier analysis - excluded from complication-specific chi-squared testing.
2026-09-08 11:47:16,808 - INFO - Analyte D-Raffinose_POS was not included in 3 gestational bin outlier analysis - excluded from complication-specific chi-squared testing.
2026-09-08 11:47:16,841 - INFO - Analyte 2-[Bis-(2-hydroxy-ethyl)-amino]-2-hydroxymethyl-propane-1,3-diol_POS was not included in 3 gestational bin outlier analysis - excluded from complication-specific chi-squared testing.
2026-09-08 11:47:16,875 - INFO - Analyte Barbital_POS was not included in 3 gestational bin outlier analysis - excluded from complication-specific chi-squared testing.
2026-09-08 11:47:16,908 - INFO - Analyte 4-Acetamidobutanoic acid_POS was not included in 3 gestational bin outlier analysis - excluded from complication-specific chi-squared testing.
2026-09-08 11:47:16,925 - INFO - Analyte 4-(3,4-dimethylphenyl)-1-thia-4-azaspiro[4.5]decan-3-one_POS was not included in 3 gestational bin outlier analysis - excluded from complication-specific chi-squared testing.
2026-09-08 11:47:16,959 - INFO - Analyte N'-Formylkynurenine_POS was not included in 3 gestational bin outlier analysis - excluded from complication-specific chi-squared testing.
2026-09-08 11:47:16,992 - INFO - Analyte 4-Hydroxy-2-butenoic acid gamma-lactone_POS was not included in 3 gestational bin outlier analysis - excluded from complication-specific chi-squared testing.
2026-09-08 11:47:17,025 - INFO - Analyte gamma-Butyrolactone_NEG was not included in 3 gestational bin outlier analysis - excluded from complication-specific chi-squared testing.
2026-09-08 11:47:17,059 - INFO - Analyte Hypoxanthine_POS was not included in 3 gestational bin outlier analysis - excluded from complication-specific chi-squared testing.
2026-09-08 11:47:17,092 - INFO - Analyte unk_n386_NEG_255.8221_RT3.67 was not included in 3 gestational bin outlier analysis - excluded from complication-specific chi-squared testing.
2026-09-08 11:47:17,125 - INFO - Analyte unk_p2168_POS_231.8783_RT3.23 was not included in 3 gestational bin outlier analysis - excluded from complication-specific chi-squared testing.
2026-09-08 11:47:17,158 - INFO - Analyte Isobutyrylglycine_POS was not included in 3 gestational bin outlier analysis - excluded from complication-specific chi-squared testing.
2026-09-08 11:47:17,191 - INFO - Analyte Norepinephrine sulfate_POS was not included in 3 gestational bin outlier analysis - excluded from complication-specific chi-squared testing.
2026-09-08 11:47:17,225 - INFO - Analyte unk_p3339_POS_300.4097_RT0.75 was not included in 3 gestational bin outlier analysis - excluded from complication-specific chi-squared testing.
2026-09-08 11:47:17,259 - INFO - Analyte Didecyldimethylammonium_POS was not included in 3 gestational bin outlier analysis - excluded from complication-specific chi-squared testing.
2026-09-08 11:47:17,276 - INFO - Analyte Pantothenic acid_POS was not included in 3 gestational bin outlier analysis - excluded from complication-specific chi-squared testing.
2026-09-08 11:47:17,310 - INFO - Analyte NP-022451_POS was not included in 3 gestational bin outlier analysis - excluded from complication-specific chi-squared testing.
2026-09-08 11:47:17,315 - INFO - Analyte unk_p302_POS_81.5205_RT1.95 was not included in 3 gestational bin outlier analysis - excluded from complication-specific chi-squared testing.
2026-09-08 11:47:17,331 - INFO - Analyte 3-Oxalomalic acid_POS was not included in 3 gestational bin outlier analysis - excluded from complication-specific chi-squared testing.
2026-09-08 11:47:17,348 - INFO - Analyte cis-Acetylacrylate_NEG was not included in 3 gestational bin outlier analysis - excluded from complication-specific chi-squared testing.
2026-09-08 11:47:17,365 - INFO - Analyte (2R)-2,3-Dihydroxypropanoic acid_NEG was not included in 3 gestational bin outlier analysis - excluded from complication-specific chi-squared testing.
2026-09-08 11:47:17,479 - INFO - Analyte 2-Aminoisobutyric acid_POS was not included in 3 gestational bin outlier analysis - excluded from complication-specific chi-squared testing.
2026-09-08 11:47:17,514 - INFO - Analyte Leucylproline_POS was not included in 3 gestational bin outlier analysis - excluded from complication-specific chi-squared testing.
2026-09-08 11:47:17,550 - INFO - Analyte (+-)-trans-3-Methyl norfentanyl_POS was not included in 3 gestational bin outlier analysis - excluded from complication-specific chi-squared testing.
2026-09-08 11:47:17,584 - INFO - Analyte Ethephon_POS was not included in 3 gestational bin outlier analysis - excluded from complication-specific chi-squared testing.
2026-09-08 11:47:17,618 - INFO - Analyte unk_p93_POS_90.5258_RT0.76 was not included in 3 gestational bin outlier analysis - excluded from complication-specific chi-squared testing.
2026-09-08 11:47:17,652 - INFO - Analyte unk_p3799_POS_338.1166_RT7.62 was not included in 3 gestational bin outlier analysis - excluded from complication-specific chi-squared testing.
2026-09-08 11:47:17,686 - INFO - Analyte Xylariamide_POS was not included in 3 gestational bin outlier analysis - excluded from complication-specific chi-squared testing.
2026-09-08 11:47:17,719 - INFO - Analyte 4-Nitrophenyl beta-D-xyloside_POS was not included in 3 gestational bin outlier analysis - excluded from complication-specific chi-squared testing.
2026-09-08 11:47:17,753 - INFO - Analyte unk_p1541_POS_276.0038_RT4.14 was not included in 3 gestational bin outlier analysis - excluded from complication-specific chi-squared testing.
2026-09-08 11:47:17,786 - INFO - Analyte L-Isoleucine_POS was not included in 3 gestational bin outlier analysis - excluded from complication-specific chi-squared testing.
2026-09-08 11:47:17,819 - INFO - Analyte 3-Methylcrotonylglycine_POS was not included in 3 gestational bin outlier analysis - excluded from complication-specific chi-squared testing.
2026-09-08 11:47:17,854 - INFO - Analyte 3-Hydroxymepivacaine_POS was not included in 3 gestational bin outlier analysis - excluded from complication-specific chi-squared testing.
2026-09-08 11:47:17,887 - INFO - Analyte L-Erythrulose_NEG was not included in 3 gestational bin outlier analysis - excluded from complication-specific chi-squared testing.
2026-09-08 11:47:17,921 - INFO - Analyte methyl 2-(acetylamino)-4-amino-4-oxobutanoate_POS was not included in 3 gestational bin outlier analysis - excluded from complication-specific chi-squared testing.
2026-09-08 11:47:17,954 - INFO - Analyte Methoxyphenamine_POS was not included in 3 gestational bin outlier analysis - excluded from complication-specific chi-squared testing.
2026-09-08 11:47:17,988 - INFO - Analyte L-Threonine_POS was not included in 3 gestational bin outlier analysis - excluded from complication-specific chi-squared testing.
2026-09-08 11:47:18,005 - INFO - Analyte Doxylamine_POS was not included in 3 gestational bin outlier analysis - excluded from complication-specific chi-squared testing.
2026-09-08 11:47:18,022 - INFO - Analyte Taurine_NEG was not included in 3 gestational bin outlier analysis - excluded from complication-specific chi-squared testing.
2026-09-08 11:47:18,055 - INFO - Analyte unk_n441_NEG_525.3312_RT11.15 was not included in 3 gestational bin outlier analysis - excluded from complication-specific chi-squared testing.
2026-09-08 11:47:18,088 - INFO - Analyte unk_n529_NEG_197.8077_RT8.34 was not included in 3 gestational bin outlier analysis - excluded from complication-specific chi-squared testing.
2026-09-08 11:47:18,122 - INFO - Analyte beta-Alanine_POS was not included in 3 gestational bin outlier analysis - excluded from complication-specific chi-squared testing.
2026-09-08 11:47:18,155 - INFO - Analyte unk_p2702_POS_497.9977_RT1.05 was not included in 3 gestational bin outlier analysis - excluded from complication-specific chi-squared testing.
2026-09-08 11:47:18,189 - INFO - Analyte Ropivacaine_POS was not included in 3 gestational bin outlier analysis - excluded from complication-specific chi-squared testing.
2026-09-08 11:47:18,222 - INFO - Analyte TRIETHYLENE GLYCOL_POS was not included in 3 gestational bin outlier analysis - excluded from complication-specific chi-squared testing.
2026-09-08 11:47:18,255 - INFO - Analyte (±)-2-Propylthiazolidine_POS was not included in 3 gestational bin outlier analysis - excluded from complication-specific chi-squared testing.
2026-09-08 11:47:18,272 - INFO - Analyte [Similar to: Threonine; ΔMass: 83.9612 Da]_NEG was not included in 3 gestational bin outlier analysis - excluded from complication-specific chi-squared testing.
2026-09-08 11:47:18,306 - INFO - Analyte NP-015114_POS was not included in 3 gestational bin outlier analysis - excluded from complication-specific chi-squared testing.
2026-09-08 11:47:18,339 - INFO - Analyte unk_n915_NEG_102.9566_RT5.57 was not included in 3 gestational bin outlier analysis - excluded from complication-specific chi-squared testing.
2026-09-08 11:47:18,372 - INFO - Analyte Caprylic acid_POS was not included in 3 gestational bin outlier analysis - excluded from complication-specific chi-squared testing.
2026-09-08 11:47:18,405 - INFO - Analyte O-Desmethyl-lacosamide_POS was not included in 3 gestational bin outlier analysis - excluded from complication-specific chi-squared testing.
2026-09-08 11:47:18,439 - INFO - Analyte [3-amino-5-(methylsulfanyl)-4-(2-pyridinyl)-1H-pyrazol-1-yl](2-thienyl)methanone_POS was not included in 3 gestational bin outlier analysis - excluded from complication-specific chi-squared testing.
2026-09-08 11:47:18,472 - INFO - Analyte V-Pyrro/NO_POS was not included in 3 gestational bin outlier analysis - excluded from complication-specific chi-squared testing.
2026-09-08 11:47:18,598 - INFO - Analyte D-1,5-Anhydrofructose_NEG was not included in 3 gestational bin outlier analysis - excluded from complication-specific chi-squared testing.
2026-09-08 11:47:18,634 - INFO - Analyte unk_n3447_NEG_458.9835_RT1.44 was not included in 3 gestational bin outlier analysis - excluded from complication-specific chi-squared testing.
2026-09-08 11:47:18,668 - INFO - Analyte Cysteine-S-sulfate_NEG was not included in 3 gestational bin outlier analysis - excluded from complication-specific chi-squared testing.
2026-09-08 11:47:18,702 - INFO - Analyte unk_p4571_POS_347.8494_RT2.42 was not included in 3 gestational bin outlier analysis - excluded from complication-specific chi-squared testing.
2026-09-08 11:47:18,737 - INFO - Analyte Cysteineglutathione disulfide_POS was not included in 3 gestational bin outlier analysis - excluded from complication-specific chi-squared testing.
2026-09-08 11:47:18,772 - INFO - Analyte unk_p3493_POS_276.1361_RT4.66 was not included in 3 gestational bin outlier analysis - excluded from complication-specific chi-squared testing.
2026-09-08 11:47:18,796 - INFO - Analyte 3-Methylheptanoylcarnitine_POS was not included in 3 gestational bin outlier analysis - excluded from complication-specific chi-squared testing.
2026-09-08 11:47:18,830 - INFO - Analyte PEG n5_POS was not included in 3 gestational bin outlier analysis - excluded from complication-specific chi-squared testing.
2026-09-08 11:47:18,864 - INFO - Analyte D-Glycero-D-galacto-heptitol_NEG was not included in 3 gestational bin outlier analysis - excluded from complication-specific chi-squared testing.
2026-09-08 11:47:18,898 - INFO - Analyte 2-Hydroxy-4-oxopentanoic acid_NEG was not included in 3 gestational bin outlier analysis - excluded from complication-specific chi-squared testing.
2026-09-08 11:47:18,931 - INFO - Analyte 3-Hydroxymethylglutaric acid_POS was not included in 3 gestational bin outlier analysis - excluded from complication-specific chi-squared testing.
2026-09-08 11:47:18,948 - INFO - Analyte Furodazole_NEG was not included in 3 gestational bin outlier analysis - excluded from complication-specific chi-squared testing.
2026-09-08 11:47:18,983 - INFO - Analyte Creatine_NEG was not included in 3 gestational bin outlier analysis - excluded from complication-specific chi-squared testing.
2026-09-08 11:47:19,018 - INFO - Analyte unk_p1992_POS_481.8173_RT5.48 was not included in 3 gestational bin outlier analysis - excluded from complication-specific chi-squared testing.
2026-09-08 11:47:19,053 - INFO - Analyte N-cyclooctylurea_POS was not included in 3 gestational bin outlier analysis - excluded from complication-specific chi-squared testing.
2026-09-08 11:47:19,058 - INFO - Analyte unk_p21_POS_226.9514_RT0.64 was not included in 3 gestational bin outlier analysis - excluded from complication-specific chi-squared testing.
2026-09-08 11:47:19,092 - INFO - Analyte (R)-Salsolinol_POS was not included in 3 gestational bin outlier analysis - excluded from complication-specific chi-squared testing.
2026-09-08 11:47:19,126 - INFO - Analyte Desmethylcitalopram_POS was not included in 3 gestational bin outlier analysis - excluded from complication-specific chi-squared testing.
2026-09-08 11:47:19,159 - INFO - Analyte unk_n694_NEG_267.8479_RT4.64 was not included in 3 gestational bin outlier analysis - excluded from complication-specific chi-squared testing.
2026-09-08 11:47:19,193 - INFO - Analyte (2S)-4-(2-Aminophenyl)-2-formamido-4-oxobutanoic acid_POS was not included in 3 gestational bin outlier analysis - excluded from complication-specific chi-squared testing.
2026-09-08 11:47:19,210 - INFO - Analyte Squamolone_POS was not included in 3 gestational bin outlier analysis - excluded from complication-specific chi-squared testing.
2026-09-08 11:47:19,226 - INFO - Analyte 2-Imidazolidone_POS was not included in 3 gestational bin outlier analysis - excluded from complication-specific chi-squared testing.
2026-09-08 11:47:19,260 - INFO - Analyte Azetidomonamide A_POS was not included in 3 gestational bin outlier analysis - excluded from complication-specific chi-squared testing.
2026-09-08 11:47:19,294 - INFO - Analyte D-threo-isocitrate_NEG was not included in 3 gestational bin outlier analysis - excluded from complication-specific chi-squared testing.
2026-09-08 11:47:19,328 - INFO - Analyte unk_p2059_POS_179.0847_RT6.26 was not included in 3 gestational bin outlier analysis - excluded from complication-specific chi-squared testing.
2026-09-08 11:47:19,362 - INFO - Analyte (2S,3R)-3-Hydroxy-2-methylbutanoic acid_POS was not included in 3 gestational bin outlier analysis - excluded from complication-specific chi-squared testing.
2026-09-08 11:47:19,379 - INFO - Analyte Acetyl-L-carnitine_POS was not included in 3 gestational bin outlier analysis - excluded from complication-specific chi-squared testing.
2026-09-08 11:47:19,412 - INFO - Analyte D-(-)-Glutamine_NEG was not included in 3 gestational bin outlier analysis - excluded from complication-specific chi-squared testing.
2026-09-08 11:47:19,446 - INFO - Analyte unk_p1337_POS_490.8173_RT11.18 was not included in 3 gestational bin outlier analysis - excluded from complication-specific chi-squared testing.
2026-09-08 11:47:19,479 - INFO - Analyte N,N-dimethyl-N-(3-perfluoroalkylsulfonamidopropan-1-yl)-N-(3-sulfopropan-1-yl)ammonium;N-sulfo propyl dimethyl ammonio propyl perfluoroethane sulfonamide;N-sulfo propyl dimethyl ammonio propyl perfluoroethane sulfonamide;perfluoroethane sulfonamido betaine propyl sulfonate_POS was not included in 3 gestational bin outlier analysis - excluded from complication-specific chi-squared testing.
2026-09-08 11:47:19,512 - INFO - Analyte (x)-2-Heptanol glucoside_POS was not included in 3 gestational bin outlier analysis - excluded from complication-specific chi-squared testing.
2026-09-08 11:47:19,546 - INFO - Analyte Succinic acid semialdehyde_NEG was not included in 3 gestational bin outlier analysis - excluded from complication-specific chi-squared testing.
2026-09-08 11:47:19,579 - INFO - Analyte D-(+)-Glucose_POS was not included in 3 gestational bin outlier analysis - excluded from complication-specific chi-squared testing.
2026-09-08 11:47:19,612 - INFO - Analyte Diethylaminoethyl-Sephacel_POS was not included in 3 gestational bin outlier analysis - excluded from complication-specific chi-squared testing.
2026-09-08 11:47:19,646 - INFO - Analyte L-Glutamic acid_POS was not included in 3 gestational bin outlier analysis - excluded from complication-specific chi-squared testing.
2026-09-08 11:47:19,679 - INFO - Analyte Penicillamine disulfide_POS was not included in 3 gestational bin outlier analysis - excluded from complication-specific chi-squared testing.
2026-09-08 11:47:19,757 - INFO - Analyte [Similar to: Asparagine; ΔMass: 67.9873 Da]_NEG was not included in 3 gestational bin outlier analysis - excluded from complication-specific chi-squared testing.
2026-09-08 11:47:19,791 - INFO - Analyte 6-Chloro-2,3,4,5-tetrahydro-1H-3-benzazepine_NEG was not included in 3 gestational bin outlier analysis - excluded from complication-specific chi-squared testing.
2026-09-08 11:47:19,824 - INFO - Analyte Validoxylamine G_POS was not included in 3 gestational bin outlier analysis - excluded from complication-specific chi-squared testing.
2026-09-08 11:47:19,841 - INFO - Analyte Threonine_NEG was not included in 3 gestational bin outlier analysis - excluded from complication-specific chi-squared testing.
2026-09-08 11:47:19,875 - INFO - Analyte O-Desmethyl-cis-tramadol_POS was not included in 3 gestational bin outlier analysis - excluded from complication-specific chi-squared testing.
2026-09-08 11:47:19,910 - INFO - Analyte N,N-Didesmethylvenlafaxine_POS was not included in 3 gestational bin outlier analysis - excluded from complication-specific chi-squared testing.
2026-09-08 11:47:19,914 - INFO - Analyte 3-[(4-Chlorophenyl)thio]-6-(3,5-dimethyl-1H-pyrazol-1-yl)pyridazine_POS was not included in 3 gestational bin outlier analysis - excluded from complication-specific chi-squared testing.
2026-09-08 11:47:19,950 - INFO - Analyte Aladapcin_POS was not included in 3 gestational bin outlier analysis - excluded from complication-specific chi-squared testing.
2026-09-08 11:47:19,967 - INFO - Analyte Acetylcholine_POS was not included in 3 gestational bin outlier analysis - excluded from complication-specific chi-squared testing.
2026-09-08 11:47:20,001 - INFO - Analyte Cocaine_POS was not included in 3 gestational bin outlier analysis - excluded from complication-specific chi-squared testing.
2026-09-08 11:47:20,035 - INFO - Analyte (2R*,3R*)-1,2,3-Butanetriol_POS was not included in 3 gestational bin outlier analysis - excluded from complication-specific chi-squared testing.
2026-09-08 11:47:20,069 - INFO - Analyte Tranexamic Acid_POS was not included in 3 gestational bin outlier analysis - excluded from complication-specific chi-squared testing.
2026-09-08 11:47:20,103 - INFO - Analyte Citalopram hydrobromide_POS was not included in 3 gestational bin outlier analysis - excluded from complication-specific chi-squared testing.
2026-09-08 11:47:20,137 - INFO - Analyte Crotonic acid_POS was not included in 3 gestational bin outlier analysis - excluded from complication-specific chi-squared testing.
2026-09-08 11:47:20,170 - INFO - Analyte unk_n104_NEG_197.8080_RT4.23 was not included in 3 gestational bin outlier analysis - excluded from complication-specific chi-squared testing.
2026-09-08 11:47:20,175 - INFO - Analyte [Similar to: N1-(2-methyl-4-nitrophenyl)acetamide; ΔMass: -46.1009 Da]_NEG was not included in 3 gestational bin outlier analysis - excluded from complication-specific chi-squared testing.
2026-09-08 11:47:20,209 - INFO - Analyte 2-(2-Thienylmethylene)-1,6-dioxaspiro[4.4]non-3-ene_POS was not included in 3 gestational bin outlier analysis - excluded from complication-specific chi-squared testing.
2026-09-08 11:47:20,243 - INFO - Analyte unk_p755_POS_173.0783_RT3.49 was not included in 3 gestational bin outlier analysis - excluded from complication-specific chi-squared testing.
2026-09-08 11:47:20,276 - INFO - Analyte Vaccenyl carnitine_POS was not included in 3 gestational bin outlier analysis - excluded from complication-specific chi-squared testing.
2026-09-08 11:47:20,293 - INFO - Analyte Glycylproline_POS was not included in 3 gestational bin outlier analysis - excluded from complication-specific chi-squared testing.
2026-09-08 11:47:20,310 - INFO - Analyte 2-Oxopropyl 2-oxopropanoate_NEG was not included in 3 gestational bin outlier analysis - excluded from complication-specific chi-squared testing.
2026-09-08 11:47:20,393 - INFO - Analyte methadone-d9_NEG was not included in 3 gestational bin outlier analysis - excluded from complication-specific chi-squared testing.
2026-09-08 11:47:20,427 - INFO - Analyte 2-(methylthio)-4-(3-pyridyl)pyrimidine_POS was not included in 3 gestational bin outlier analysis - excluded from complication-specific chi-squared testing.
2026-09-08 11:47:20,444 - INFO - Analyte unk_p4117_POS_730.1590_RT4.67 was not included in 3 gestational bin outlier analysis - excluded from complication-specific chi-squared testing.
2026-09-08 11:47:20,461 - INFO - Analyte Butyrylcarnitine_POS was not included in 3 gestational bin outlier analysis - excluded from complication-specific chi-squared testing.
2026-09-08 11:47:20,496 - INFO - Analyte Triisobutyl phosphate_POS was not included in 3 gestational bin outlier analysis - excluded from complication-specific chi-squared testing.
2026-09-08 11:47:20,530 - INFO - Analyte 1-Methoxy-1H-indole-3-acetonitrile_POS was not included in 3 gestational bin outlier analysis - excluded from complication-specific chi-squared testing.
2026-09-08 11:47:20,565 - INFO - Analyte (5R)-5-Hydroxyhexanoic acid_POS was not included in 3 gestational bin outlier analysis - excluded from complication-specific chi-squared testing.
2026-09-08 11:47:20,599 - INFO - Analyte [Similar to: L-Threonic acid; ΔMass: 112.0010 Da]_NEG was not included in 3 gestational bin outlier analysis - excluded from complication-specific chi-squared testing.
2026-09-08 11:47:20,632 - INFO - Analyte unk_p2205_POS_101.0790_RT2.80 was not included in 3 gestational bin outlier analysis - excluded from complication-specific chi-squared testing.
2026-09-08 11:47:20,666 - INFO - Analyte Diaminopimelic acid_POS was not included in 3 gestational bin outlier analysis - excluded from complication-specific chi-squared testing.
2026-09-08 11:47:20,700 - INFO - Analyte N-Methyl-4-nitroaniline_POS was not included in 3 gestational bin outlier analysis - excluded from complication-specific chi-squared testing.
2026-09-08 11:47:20,733 - INFO - Analyte unk_n219_NEG_116.9285_RT11.96 was not included in 3 gestational bin outlier analysis - excluded from complication-specific chi-squared testing.
2026-09-08 11:47:20,767 - INFO - Analyte 1,2,2-trifluoro-2-(trifluoromethoxy)ethan-1-ol;Hydrogen-substituted perfluoroether butanol_NEG was not included in 3 gestational bin outlier analysis - excluded from complication-specific chi-squared testing.
2026-09-08 11:47:20,802 - INFO - Analyte Octylphosphonic acid_POS was not included in 3 gestational bin outlier analysis - excluded from complication-specific chi-squared testing.
2026-09-08 11:47:20,807 - INFO - Analyte Morpholine_POS was not included in 3 gestational bin outlier analysis - excluded from complication-specific chi-squared testing.
2026-09-08 11:47:20,841 - INFO - Analyte Valine_POS was not included in 3 gestational bin outlier analysis - excluded from complication-specific chi-squared testing.
2026-09-08 11:47:20,875 - INFO - Analyte 4-Oxoproline_NEG was not included in 3 gestational bin outlier analysis - excluded from complication-specific chi-squared testing.
2026-09-08 11:47:20,908 - INFO - Analyte unk_p3907_POS_370.0736_RT5.90 was not included in 3 gestational bin outlier analysis - excluded from complication-specific chi-squared testing.
2026-09-08 11:47:20,942 - INFO - Analyte N-acetyl zonisamide_POS was not included in 3 gestational bin outlier analysis - excluded from complication-specific chi-squared testing.
2026-09-08 11:47:20,960 - INFO - Analyte 4-Hydroxyproline_NEG was not included in 3 gestational bin outlier analysis - excluded from complication-specific chi-squared testing.
2026-09-08 11:47:20,994 - INFO - Analyte unk_p1789_POS_481.8174_RT8.05 was not included in 3 gestational bin outlier analysis - excluded from complication-specific chi-squared testing.
2026-09-08 11:47:21,027 - INFO - Analyte N-(1,3-benzodioxol-5-yl)-2-methyl-5-(piperidinosulfonyl)-3-furamide_POS was not included in 3 gestational bin outlier analysis - excluded from complication-specific chi-squared testing.
2026-09-08 11:47:21,061 - INFO - Analyte NP-022068_POS was not included in 3 gestational bin outlier analysis - excluded from complication-specific chi-squared testing.
2026-09-08 11:47:21,142 - INFO - Analyte unk_n683_NEG_226.9274_RT2.46 was not included in 3 gestational bin outlier analysis - excluded from complication-specific chi-squared testing.
2026-09-08 11:47:21,177 - INFO - Analyte [Similar to: 2-{[(2R,3R,4S,5S,6R)-4,5-dihydroxy-6-(hydroxymethyl)-3-{[(2S,3R,4R,5R,6S)-3,4,5-trihydroxy-6-methyloxan-2-yl]oxy}oxan-2-yl]oxy}-2-(4-hydroxyphenyl)acetonitrile; ΔMass: -157.9643 Da]_POS was not included in 3 gestational bin outlier analysis - excluded from complication-specific chi-squared testing.
2026-09-08 11:47:21,210 - INFO - Analyte 3-Hydroxymonoethylglycinexylidide_POS was not included in 3 gestational bin outlier analysis - excluded from complication-specific chi-squared testing.
2026-09-08 11:47:21,244 - INFO - Analyte 2-Aminothiazole_POS was not included in 3 gestational bin outlier analysis - excluded from complication-specific chi-squared testing.
2026-09-08 11:47:21,261 - INFO - Analyte Pyrrolidine_POS was not included in 3 gestational bin outlier analysis - excluded from complication-specific chi-squared testing.
2026-09-08 11:47:21,266 - INFO - Analyte unk_p1714_POS_174.9566_RT3.15 was not included in 3 gestational bin outlier analysis - excluded from complication-specific chi-squared testing.
2026-09-08 11:47:21,300 - INFO - Analyte Bicine_NEG was not included in 3 gestational bin outlier analysis - excluded from complication-specific chi-squared testing.
2026-09-08 11:47:21,333 - INFO - Analyte bk-MDDMA_POS was not included in 3 gestational bin outlier analysis - excluded from complication-specific chi-squared testing.
2026-09-08 11:47:21,367 - INFO - Analyte unk_n43_NEG_231.9316_RT9.38 was not included in 3 gestational bin outlier analysis - excluded from complication-specific chi-squared testing.
2026-09-08 11:47:21,383 - INFO - Analyte (S)-(+)-2-Amino-1-propanol_POS was not included in 3 gestational bin outlier analysis - excluded from complication-specific chi-squared testing.
2026-09-08 11:47:21,417 - INFO - Analyte Ritodrine_POS was not included in 3 gestational bin outlier analysis - excluded from complication-specific chi-squared testing.
2026-09-08 11:47:21,450 - INFO - Analyte Allyl 2-(1H-benzimidazol-2-yl)-2-cyano-N-phenylethanimidothioate_POS was not included in 3 gestational bin outlier analysis - excluded from complication-specific chi-squared testing.
2026-09-08 11:47:21,487 - INFO - Analyte Pseudoecgonine_POS was not included in 3 gestational bin outlier analysis - excluded from complication-specific chi-squared testing.
2026-09-08 11:47:21,521 - INFO - Analyte Proline_POS was not included in 3 gestational bin outlier analysis - excluded from complication-specific chi-squared testing.
2026-09-08 11:47:21,554 - INFO - Analyte unk_p4135_POS_461.8025_RT1.59 was not included in 3 gestational bin outlier analysis - excluded from complication-specific chi-squared testing.
2026-09-08 11:47:21,589 - INFO - Analyte unk_p2327_POS_272.1338_RT2.37 was not included in 3 gestational bin outlier analysis - excluded from complication-specific chi-squared testing.
2026-09-08 11:47:21,623 - INFO - Analyte NP-020535_POS was not included in 3 gestational bin outlier analysis - excluded from complication-specific chi-squared testing.
2026-09-08 11:47:21,657 - INFO - Analyte 5-nitrothiazol-2-amine_POS was not included in 3 gestational bin outlier analysis - excluded from complication-specific chi-squared testing.
2026-09-08 11:47:21,690 - INFO - Analyte unk_p4977_POS_430.3673_RT0.76 was not included in 3 gestational bin outlier analysis - excluded from complication-specific chi-squared testing.
2026-09-08 11:47:21,724 - INFO - Analyte unk_p1632_POS_663.4347_RT12.76 was not included in 3 gestational bin outlier analysis - excluded from complication-specific chi-squared testing.
2026-09-08 11:47:21,758 - INFO - Analyte 3-Hydroxybupivicaine_POS was not included in 3 gestational bin outlier analysis - excluded from complication-specific chi-squared testing.
2026-09-08 11:47:21,775 - INFO - Analyte unk_n9_NEG_273.9896_RT11.04 was not included in 3 gestational bin outlier analysis - excluded from complication-specific chi-squared testing.
2026-09-08 11:47:21,808 - INFO - Analyte 3-hydroxy-3-methylpentanedioic acid_POS was not included in 3 gestational bin outlier analysis - excluded from complication-specific chi-squared testing.
2026-09-08 11:47:21,843 - INFO - Analyte 2-Methyl-3-ketovaleric acid_POS was not included in 3 gestational bin outlier analysis - excluded from complication-specific chi-squared testing.
2026-09-08 11:47:21,877 - INFO - Analyte (4E)-3-Hydroxy-2,4-dimethyl-4-heptenamide_POS was not included in 3 gestational bin outlier analysis - excluded from complication-specific chi-squared testing.
2026-09-08 11:47:21,965 - INFO - Analyte Lamotrigine_POS was not included in 3 gestational bin outlier analysis - excluded from complication-specific chi-squared testing.
2026-09-08 11:47:21,999 - INFO - Analyte Xestoaminol C_POS was not included in 3 gestational bin outlier analysis - excluded from complication-specific chi-squared testing.
2026-09-08 11:47:22,033 - INFO - Analyte Acycloguanosine_NEG was not included in 3 gestational bin outlier analysis - excluded from complication-specific chi-squared testing.
2026-09-08 11:47:22,038 - INFO - Analyte unk_n75_NEG_197.8079_RT5.38 was not included in 3 gestational bin outlier analysis - excluded from complication-specific chi-squared testing.
2026-09-08 11:47:22,071 - INFO - Analyte Mevalonic acid_POS was not included in 3 gestational bin outlier analysis - excluded from complication-specific chi-squared testing.
2026-09-08 11:47:22,104 - INFO - Analyte Lorbamate_POS was not included in 3 gestational bin outlier analysis - excluded from complication-specific chi-squared testing.
2026-09-08 11:47:22,138 - INFO - Analyte 2-Furanmethanol_POS was not included in 3 gestational bin outlier analysis - excluded from complication-specific chi-squared testing.
2026-09-08 11:47:22,155 - INFO - Analyte Guanidoacetic acid_POS was not included in 3 gestational bin outlier analysis - excluded from complication-specific chi-squared testing.
2026-09-08 11:47:22,188 - INFO - Analyte Acetazolamide_NEG was not included in 3 gestational bin outlier analysis - excluded from complication-specific chi-squared testing.
2026-09-08 11:47:22,222 - INFO - Analyte unk_n834_NEG_333.1415_RT9.64 was not included in 3 gestational bin outlier analysis - excluded from complication-specific chi-squared testing.
2026-09-08 11:47:22,255 - INFO - Analyte D-(+)-Maltose_NEG was not included in 3 gestational bin outlier analysis - excluded from complication-specific chi-squared testing.
2026-09-08 11:47:22,288 - INFO - Analyte 4-Thialysine_POS was not included in 3 gestational bin outlier analysis - excluded from complication-specific chi-squared testing.
2026-09-08 11:47:22,322 - INFO - Analyte unk_p2623_POS_506.2075_RT7.31 was not included in 3 gestational bin outlier analysis - excluded from complication-specific chi-squared testing.
2026-09-08 11:47:22,355 - INFO - Analyte unk_n11_NEG_273.9895_RT10.40 was not included in 3 gestational bin outlier analysis - excluded from complication-specific chi-squared testing.
2026-09-08 11:47:22,391 - INFO - Analyte L-beta-aspartyl-L-glycine_POS was not included in 3 gestational bin outlier analysis - excluded from complication-specific chi-squared testing.
2026-09-08 11:47:22,425 - INFO - Analyte unk_p4598_POS_370.0734_RT6.62 was not included in 3 gestational bin outlier analysis - excluded from complication-specific chi-squared testing.
2026-09-08 11:47:22,459 - INFO - Analyte unk_p4657_POS_382.3426_RT11.09 was not included in 3 gestational bin outlier analysis - excluded from complication-specific chi-squared testing.
2026-09-08 11:47:22,492 - INFO - Analyte 5-Nitro-o-toluidine_POS was not included in 3 gestational bin outlier analysis - excluded from complication-specific chi-squared testing.
2026-09-08 11:47:22,526 - INFO - Analyte Xylactam_POS was not included in 3 gestational bin outlier analysis - excluded from complication-specific chi-squared testing.
2026-09-08 11:47:22,560 - INFO - Analyte unk_p1333_POS_99.5122_RT7.62 was not included in 3 gestational bin outlier analysis - excluded from complication-specific chi-squared testing.
2026-09-08 11:47:22,577 - INFO - Analyte 7-(2-thienyl)[1,2,4]triazolo[4,3-a]pyrimidine_POS was not included in 3 gestational bin outlier analysis - excluded from complication-specific chi-squared testing.
2026-09-08 11:47:22,610 - INFO - Analyte cis-Acetylacrylate_POS was not included in 3 gestational bin outlier analysis - excluded from complication-specific chi-squared testing.
2026-09-08 11:47:22,644 - INFO - Analyte Ecgonine_POS was not included in 3 gestational bin outlier analysis - excluded from complication-specific chi-squared testing.
2026-09-08 11:47:22,677 - INFO - Analyte PEG n12_POS was not included in 3 gestational bin outlier analysis - excluded from complication-specific chi-squared testing.
2026-09-08 11:47:22,694 - INFO - Analyte 2-Furancarboxaldehyde_NEG was not included in 3 gestational bin outlier analysis - excluded from complication-specific chi-squared testing.
2026-09-08 11:47:22,728 - INFO - Analyte L-Aspartic acid_POS was not included in 3 gestational bin outlier analysis - excluded from complication-specific chi-squared testing.
2026-09-08 11:47:22,761 - INFO - Analyte Homocitrulline_POS was not included in 3 gestational bin outlier analysis - excluded from complication-specific chi-squared testing.
2026-09-08 11:47:22,850 - INFO - Analyte unk_p8_POS_178.0903_RT10.06 was not included in 3 gestational bin outlier analysis - excluded from complication-specific chi-squared testing.
2026-09-08 11:47:22,884 - INFO - Analyte Methadone_POS was not included in 3 gestational bin outlier analysis - excluded from complication-specific chi-squared testing.
2026-09-08 11:47:22,917 - INFO - Analyte unk_p2870_POS_426.3213_RT12.12 was not included in 3 gestational bin outlier analysis - excluded from complication-specific chi-squared testing.
2026-09-08 11:47:22,951 - INFO - Analyte Methamphetamine_POS was not included in 3 gestational bin outlier analysis - excluded from complication-specific chi-squared testing.
2026-09-08 11:47:22,985 - INFO - Analyte Propylenediamine tetra-acetic acid_POS was not included in 3 gestational bin outlier analysis - excluded from complication-specific chi-squared testing.
2026-09-08 11:47:23,019 - INFO - Analyte 3-(2-methylpropyl)-octahydropyrrolo[1,2-a]pyrazine-1,4-dione_POS was not included in 3 gestational bin outlier analysis - excluded from complication-specific chi-squared testing.
2026-09-08 11:47:23,053 - INFO - Analyte Venlafaxine N-Oxide_POS was not included in 3 gestational bin outlier analysis - excluded from complication-specific chi-squared testing.
2026-09-08 11:47:23,087 - INFO - Analyte 1,1-Dichloroacetone_POS was not included in 3 gestational bin outlier analysis - excluded from complication-specific chi-squared testing.
2026-09-08 11:47:23,120 - INFO - Analyte unk_p1255_POS_297.9856_RT8.42 was not included in 3 gestational bin outlier analysis - excluded from complication-specific chi-squared testing.
2026-09-08 11:47:23,153 - INFO - Analyte (2S,3R,4S,5R,6R)-6-Ethyloxane-2,3,4,5-tetrol_POS was not included in 3 gestational bin outlier analysis - excluded from complication-specific chi-squared testing.
2026-09-08 11:47:23,187 - INFO - Analyte Phenyl sulfoxide_NEG was not included in 3 gestational bin outlier analysis - excluded from complication-specific chi-squared testing.
2026-09-08 11:47:23,220 - INFO - Analyte [Similar to: L-Threonic acid; ΔMass: 67.9873 Da]_NEG was not included in 3 gestational bin outlier analysis - excluded from complication-specific chi-squared testing.
2026-09-08 11:47:23,237 - INFO - Analyte Alanylserine_POS was not included in 3 gestational bin outlier analysis - excluded from complication-specific chi-squared testing.
2026-09-08 11:47:23,270 - INFO - Analyte D3-Creatinine_POS was not included in 3 gestational bin outlier analysis - excluded from complication-specific chi-squared testing.
2026-09-08 11:47:23,304 - INFO - Analyte 2-(4-chlorophenoxy)pyridin-3-amine_POS was not included in 3 gestational bin outlier analysis - excluded from complication-specific chi-squared testing.
2026-09-08 11:47:23,337 - INFO - Analyte L-Lysine_POS was not included in 3 gestational bin outlier analysis - excluded from complication-specific chi-squared testing.
2026-09-08 11:47:23,370 - INFO - Analyte Epinephrine_POS was not included in 3 gestational bin outlier analysis - excluded from complication-specific chi-squared testing.
2026-09-08 11:47:23,404 - INFO - Analyte unk_p4438_POS_454.2431_RT9.53 was not included in 3 gestational bin outlier analysis - excluded from complication-specific chi-squared testing.
2026-09-08 11:47:23,437 - INFO - Analyte unk_n449_NEG_525.3312_RT11.55 was not included in 3 gestational bin outlier analysis - excluded from complication-specific chi-squared testing.
2026-09-08 11:47:23,454 - INFO - Analyte unk_n2989_NEG_778.2049_RT9.66 was not included in 3 gestational bin outlier analysis - excluded from complication-specific chi-squared testing.
2026-09-08 11:47:23,487 - INFO - Analyte Hydroxymethyl hydrogen carbonate_NEG was not included in 3 gestational bin outlier analysis - excluded from complication-specific chi-squared testing.
2026-09-08 11:47:23,520 - INFO - Analyte 5S,6S-epoxy-15R-hydroxy-ETE_POS was not included in 3 gestational bin outlier analysis - excluded from complication-specific chi-squared testing.
2026-09-08 11:47:23,555 - INFO - Analyte Cefalexin_POS was not included in 3 gestational bin outlier analysis - excluded from complication-specific chi-squared testing.
2026-09-08 11:47:23,589 - INFO - Analyte unk_p256_POS_223.0700_RT11.18 was not included in 3 gestational bin outlier analysis - excluded from complication-specific chi-squared testing.
2026-09-08 11:47:23,622 - INFO - Analyte Citrulline_NEG was not included in 3 gestational bin outlier analysis - excluded from complication-specific chi-squared testing.
2026-09-08 11:47:23,655 - INFO - Analyte Nadolol_POS was not included in 3 gestational bin outlier analysis - excluded from complication-specific chi-squared testing.
2026-09-08 11:47:23,688 - INFO - Analyte Bupropion hydrochloride_POS was not included in 3 gestational bin outlier analysis - excluded from complication-specific chi-squared testing.
2026-09-08 11:47:23,722 - INFO - Analyte unk_p480_POS_242.9825_RT7.37 was not included in 3 gestational bin outlier analysis - excluded from complication-specific chi-squared testing.
2026-09-08 11:47:23,756 - INFO - Analyte N6-Me-Adenosine_POS was not included in 3 gestational bin outlier analysis - excluded from complication-specific chi-squared testing.
2026-09-08 11:47:23,789 - INFO - Analyte Anthranilic acid_POS was not included in 3 gestational bin outlier analysis - excluded from complication-specific chi-squared testing.
2026-09-08 11:47:23,822 - INFO - Analyte 2-Pyridylacetic acid_POS was not included in 3 gestational bin outlier analysis - excluded from complication-specific chi-squared testing.
2026-09-08 11:47:23,893 - INFO - Analyte 2-Aminobicyclo[3.1.0]hexane-2,6-dicarboxylic acid_POS was not included in 3 gestational bin outlier analysis - excluded from complication-specific chi-squared testing.
2026-09-08 11:47:23,911 - INFO - Analyte Clopidol_POS was not included in 3 gestational bin outlier analysis - excluded from complication-specific chi-squared testing.
2026-09-08 11:47:23,928 - INFO - Analyte Asparagine_NEG was not included in 3 gestational bin outlier analysis - excluded from complication-specific chi-squared testing.
2026-09-08 11:47:23,961 - INFO - Analyte Pyrogallol_POS was not included in 3 gestational bin outlier analysis - excluded from complication-specific chi-squared testing.
2026-09-08 11:47:23,978 - INFO - Analyte N-{[(2R,4S,5R)-5-(1-Methyl-3-phenyl-1H-pyrazol-5-yl)-1-azabicyclo[2.2.2]oct-2-yl]methyl}methanesulfonamide_POS was not included in 3 gestational bin outlier analysis - excluded from complication-specific chi-squared testing.
2026-09-08 11:47:24,012 - INFO - Analyte unk_p1961_POS_481.8174_RT7.74 was not included in 3 gestational bin outlier analysis - excluded from complication-specific chi-squared testing.
2026-09-08 11:47:24,046 - INFO - Analyte Dihydrothymine_NEG was not included in 3 gestational bin outlier analysis - excluded from complication-specific chi-squared testing.
2026-09-08 11:47:24,079 - INFO - Analyte Metronidazole-OH_POS was not included in 3 gestational bin outlier analysis - excluded from complication-specific chi-squared testing.
2026-09-08 11:47:24,112 - INFO - Analyte L-Aspartic acid_NEG was not included in 3 gestational bin outlier analysis - excluded from complication-specific chi-squared testing.
2026-09-08 11:47:24,129 - INFO - Analyte 6-(1,2,3,4-Tetrahydroxybutyl)oxane-2,3,4,5-tetrol_NEG was not included in 3 gestational bin outlier analysis - excluded from complication-specific chi-squared testing.
2026-09-08 11:47:24,163 - INFO - Analyte N-Acetyl-DL-tryptophan_POS was not included in 3 gestational bin outlier analysis - excluded from complication-specific chi-squared testing.
2026-09-08 11:47:24,180 - INFO - Analyte unk_n3153_NEG_237.9734_RT2.13 was not included in 3 gestational bin outlier analysis - excluded from complication-specific chi-squared testing.
2026-09-08 11:47:24,213 - INFO - Analyte Acycloguanosine_POS was not included in 3 gestational bin outlier analysis - excluded from complication-specific chi-squared testing.
2026-09-08 11:47:24,247 - INFO - Analyte 2-(2,6-dimethoxyphenyl)-5,6-dimethoxy-4H-chromen-4-one_POS was not included in 3 gestational bin outlier analysis - excluded from complication-specific chi-squared testing.
2026-09-08 11:47:24,280 - INFO - Analyte Allopurinol_NEG was not included in 3 gestational bin outlier analysis - excluded from complication-specific chi-squared testing.
2026-09-08 11:47:24,297 - INFO - Analyte 5-Aminolevulinic acid_POS was not included in 3 gestational bin outlier analysis - excluded from complication-specific chi-squared testing.
2026-09-08 11:47:24,330 - INFO - Analyte [Similar to: DL-Arginine; ΔMass: 180.0636 Da]_NEG was not included in 3 gestational bin outlier analysis - excluded from complication-specific chi-squared testing.
2026-09-08 11:47:24,364 - INFO - Analyte Aspartame_POS was not included in 3 gestational bin outlier analysis - excluded from complication-specific chi-squared testing.
2026-09-08 11:47:24,397 - INFO - Analyte 2-Furancarboxaldehyde_POS was not included in 3 gestational bin outlier analysis - excluded from complication-specific chi-squared testing.
2026-09-08 11:47:24,431 - INFO - Analyte Methoxsalen_POS was not included in 3 gestational bin outlier analysis - excluded from complication-specific chi-squared testing.
2026-09-08 11:47:24,464 - INFO - Analyte Phosphate_NEG was not included in 3 gestational bin outlier analysis - excluded from complication-specific chi-squared testing.
2026-09-08 11:47:24,568 - INFO - Analyte D-(+)-Glucose_NEG was not included in 3 gestational bin outlier analysis - excluded from complication-specific chi-squared testing.
2026-09-08 11:47:24,602 - INFO - Analyte unk_n146_NEG_228.9939_RT11.62 was not included in 3 gestational bin outlier analysis - excluded from complication-specific chi-squared testing.
2026-09-08 11:47:24,619 - INFO - Analyte L-Pyroglutamic acid_POS was not included in 3 gestational bin outlier analysis - excluded from complication-specific chi-squared testing.
2026-09-08 11:47:24,652 - INFO - Analyte tetrahomomethionine_POS was not included in 3 gestational bin outlier analysis - excluded from complication-specific chi-squared testing.
2026-09-08 11:47:24,686 - INFO - Analyte Cyclopentylamine_POS was not included in 3 gestational bin outlier analysis - excluded from complication-specific chi-squared testing.
2026-09-08 11:47:24,719 - INFO - Analyte N-(2-Hydroxypropyl)valine_POS was not included in 3 gestational bin outlier analysis - excluded from complication-specific chi-squared testing.
2026-09-08 11:47:24,753 - INFO - Analyte tert-Butyl N-[1-(aminocarbonyl)-3-methylbutyl]carbamate_POS was not included in 3 gestational bin outlier analysis - excluded from complication-specific chi-squared testing.
2026-09-08 11:47:24,786 - INFO - Analyte α-Lactose_POS was not included in 3 gestational bin outlier analysis - excluded from complication-specific chi-squared testing.
2026-09-08 11:47:24,819 - INFO - Analyte 1-(2-Furylmethyl)-5-oxopyrrolidine-3-carboxylic acid_NEG was not included in 3 gestational bin outlier analysis - excluded from complication-specific chi-squared testing.
2026-09-08 11:47:24,853 - INFO - Analyte 2-(Methylsulfonyl)pyridine_POS was not included in 3 gestational bin outlier analysis - excluded from complication-specific chi-squared testing.
2026-09-08 11:47:24,887 - INFO - Analyte 6-Hydroxy-1H-indole-3-acetamide_POS was not included in 3 gestational bin outlier analysis - excluded from complication-specific chi-squared testing.
2026-09-08 11:47:24,922 - INFO - Analyte unk_p2701_POS_497.9975_RT1.19 was not included in 3 gestational bin outlier analysis - excluded from complication-specific chi-squared testing.
2026-09-08 11:47:24,956 - INFO - Analyte O-Desmethylvenlafaxine_POS was not included in 3 gestational bin outlier analysis - excluded from complication-specific chi-squared testing.
2026-09-08 11:47:24,990 - INFO - Analyte 4-Pyridoxic acid_POS was not included in 3 gestational bin outlier analysis - excluded from complication-specific chi-squared testing.
2026-09-08 11:47:25,023 - INFO - Analyte N-Acetyl-L-carnosine_POS was not included in 3 gestational bin outlier analysis - excluded from complication-specific chi-squared testing.
2026-09-08 11:47:25,058 - INFO - Analyte unk_p557_POS_445.8151_RT12.73 was not included in 3 gestational bin outlier analysis - excluded from complication-specific chi-squared testing.
2026-09-08 11:47:25,091 - INFO - Analyte unk_p223_POS_111.0200_RT9.05 was not included in 3 gestational bin outlier analysis - excluded from complication-specific chi-squared testing.
2026-09-08 11:47:25,125 - INFO - Analyte Ethylenediaminetetraacetic acid (EDTA)_POS was not included in 3 gestational bin outlier analysis - excluded from complication-specific chi-squared testing.
2026-09-08 11:47:25,158 - INFO - Analyte unk_p5266_POS_459.2620_RT11.62 was not included in 3 gestational bin outlier analysis - excluded from complication-specific chi-squared testing.
2026-09-08 11:47:25,191 - INFO - Analyte 4'-Chloro-α-pyrrolidinopropiophenone_POS was not included in 3 gestational bin outlier analysis - excluded from complication-specific chi-squared testing.
2026-09-08 11:47:25,225 - INFO - Analyte Bis(cyano-kappaC)iron_POS was not included in 3 gestational bin outlier analysis - excluded from complication-specific chi-squared testing.
2026-09-08 11:47:25,242 - INFO - Analyte 1-Hydroxybenzotriazol_POS was not included in 3 gestational bin outlier analysis - excluded from complication-specific chi-squared testing.
2026-09-08 11:47:25,275 - INFO - Analyte Ornithine_NEG was not included in 3 gestational bin outlier analysis - excluded from complication-specific chi-squared testing.
2026-09-08 11:47:25,308 - INFO - Analyte DL-Arginine_POS was not included in 3 gestational bin outlier analysis - excluded from complication-specific chi-squared testing.
2026-09-08 11:47:25,342 - INFO - Analyte N-(5-Methyl-3-oxohexyl)alanine_POS was not included in 3 gestational bin outlier analysis - excluded from complication-specific chi-squared testing.
2026-09-08 11:47:25,359 - INFO - Analyte 4-Amino-2-pyrazin-2-ylpyrimidine-5-carbonitrile_POS was not included in 3 gestational bin outlier analysis - excluded from complication-specific chi-squared testing.
2026-09-08 11:47:25,392 - INFO - Analyte unk_p1254_POS_83.5357_RT0.57 was not included in 3 gestational bin outlier analysis - excluded from complication-specific chi-squared testing.
2026-09-08 11:47:25,408 - INFO - Analyte 3-(dimethylamino)-1-(2-pyridyl)prop-2-en-1-one_POS was not included in 3 gestational bin outlier analysis - excluded from complication-specific chi-squared testing.
2026-09-08 11:47:25,441 - INFO - Analyte Benzoylecgonine_POS was not included in 3 gestational bin outlier analysis - excluded from complication-specific chi-squared testing.
2026-09-08 11:47:25,475 - INFO - Analyte Suberic acid_POS was not included in 3 gestational bin outlier analysis - excluded from complication-specific chi-squared testing.
2026-09-08 11:47:25,491 - INFO - Analyte N,N'-Diphenylguanidine_POS was not included in 3 gestational bin outlier analysis - excluded from complication-specific chi-squared testing.
2026-09-08 11:47:25,598 - INFO - Analyte Leucylphenylalanine_POS was not included in 3 gestational bin outlier analysis - excluded from complication-specific chi-squared testing.
2026-09-08 11:47:25,615 - INFO - Analyte Atenolol acid_POS was not included in 3 gestational bin outlier analysis - excluded from complication-specific chi-squared testing.
2026-09-08 11:47:25,648 - INFO - Analyte Diisopropylphosphate_NEG was not included in 3 gestational bin outlier analysis - excluded from complication-specific chi-squared testing.
2026-09-08 11:47:25,682 - INFO - Analyte 4:2 fluorotelomer thia hydroxy propyl trimethyl ammonium;4:2 fluorotelomer thia hydroxy propyl trimethyl ammonium;fluorotelomer thiohydroxyl ammonium (Backe, D'Agostino, Meija-Avedano), X:2 fluorotelomer thioether 2-propanol trimethyl quaternary amine_POS was not included in 3 gestational bin outlier analysis - excluded from complication-specific chi-squared testing.
2026-09-08 11:47:25,699 - INFO - Analyte Caprolactam_POS was not included in 3 gestational bin outlier analysis - excluded from complication-specific chi-squared testing.
2026-09-08 11:47:25,733 - INFO - Analyte Bis(diaminomethylideneamino) butanedioate_POS was not included in 3 gestational bin outlier analysis - excluded from complication-specific chi-squared testing.
2026-09-08 11:47:25,766 - INFO - Analyte unk_p1141_POS_297.9856_RT8.76 was not included in 3 gestational bin outlier analysis - excluded from complication-specific chi-squared testing.
2026-09-08 11:47:25,799 - INFO - Analyte acutumidine_POS was not included in 3 gestational bin outlier analysis - excluded from complication-specific chi-squared testing.
2026-09-08 11:47:25,833 - INFO - Analyte unk_n189_NEG_228.9940_RT11.33 was not included in 3 gestational bin outlier analysis - excluded from complication-specific chi-squared testing.
2026-09-08 11:47:25,866 - INFO - Analyte 1-(Hydroxymethyl)-5,5-dimethyl-2,4-imidazolidinedione_POS was not included in 3 gestational bin outlier analysis - excluded from complication-specific chi-squared testing.
2026-09-08 11:47:25,900 - INFO - Analyte D-(-)-Ribose_NEG was not included in 3 gestational bin outlier analysis - excluded from complication-specific chi-squared testing.
2026-09-08 11:47:25,918 - INFO - Analyte Acetone hydrazone_POS was not included in 3 gestational bin outlier analysis - excluded from complication-specific chi-squared testing.
2026-09-08 11:47:25,952 - INFO - Analyte 1-[2-(2,5-Dimethyl-1H-pyrrol-1-yl)-4-nitrophenyl]-4-(methylsulfonyl)piperazine_POS was not included in 3 gestational bin outlier analysis - excluded from complication-specific chi-squared testing.
2026-09-08 11:47:25,985 - INFO - Analyte Soboliferamide_POS was not included in 3 gestational bin outlier analysis - excluded from complication-specific chi-squared testing.
2026-09-08 11:47:26,020 - INFO - Analyte 3-Hydroxysebacic acid_POS was not included in 3 gestational bin outlier analysis - excluded from complication-specific chi-squared testing.
2026-09-08 11:47:26,053 - INFO - Analyte D-Alanyl-D-alanine_POS was not included in 3 gestational bin outlier analysis - excluded from complication-specific chi-squared testing.
2026-09-08 11:47:26,087 - INFO - Analyte Medazepam_POS was not included in 3 gestational bin outlier analysis - excluded from complication-specific chi-squared testing.
2026-09-08 11:47:26,121 - INFO - Analyte Oxalic acid_NEG was not included in 3 gestational bin outlier analysis - excluded from complication-specific chi-squared testing.
2026-09-08 11:47:26,142 - INFO - Analyte 4-(3-Methyl-1-butenyl)-3,3',4',5-tetrahydroxystilbene_NEG was not included in 3 gestational bin outlier analysis - excluded from complication-specific chi-squared testing.
2026-09-08 11:47:26,176 - INFO - Analyte unk_n2029_NEG_102.9567_RT8.75 was not included in 3 gestational bin outlier analysis - excluded from complication-specific chi-squared testing.
2026-09-08 11:47:26,195 - INFO - Analyte [Similar to: Amphomycin; ΔMass: -1091.5889 Da]_POS was not included in 3 gestational bin outlier analysis - excluded from complication-specific chi-squared testing.
2026-09-08 11:47:26,229 - INFO - Analyte Glucosamine_POS was not included in 3 gestational bin outlier analysis - excluded from complication-specific chi-squared testing.
2026-09-08 11:47:26,246 - INFO - Analyte D-(-)-Lyxose_NEG was not included in 3 gestational bin outlier analysis - excluded from complication-specific chi-squared testing.
2026-09-08 11:47:26,279 - INFO - Analyte unk_p92_POS_90.5258_RT1.29 was not included in 3 gestational bin outlier analysis - excluded from complication-specific chi-squared testing.
2026-09-08 11:47:26,313 - INFO - Analyte 2-Hydroxyglutaric acid diethyl ester_POS was not included in 3 gestational bin outlier analysis - excluded from complication-specific chi-squared testing.
2026-09-08 11:47:26,346 - INFO - Analyte Tetraethylene glycol_POS was not included in 3 gestational bin outlier analysis - excluded from complication-specific chi-squared testing.
2026-09-08 11:47:26,380 - INFO - Analyte SK&F 91581_POS was not included in 3 gestational bin outlier analysis - excluded from complication-specific chi-squared testing.
2026-09-08 11:47:26,413 - INFO - Analyte unk_n158_NEG_215.8684_RT7.97 was not included in 3 gestational bin outlier analysis - excluded from complication-specific chi-squared testing.
2026-09-08 11:47:26,446 - INFO - Analyte Glutaminylglutamine_POS was not included in 3 gestational bin outlier analysis - excluded from complication-specific chi-squared testing.
2026-09-08 11:47:26,480 - INFO - Analyte unk_p2967_POS_272.1702_RT7.57 was not included in 3 gestational bin outlier analysis - excluded from complication-specific chi-squared testing.
2026-09-08 11:47:26,513 - INFO - Analyte 3-Hydroxyadipic acid 3,6-lactone_POS was not included in 3 gestational bin outlier analysis - excluded from complication-specific chi-squared testing.
2026-09-08 11:47:26,587 - INFO - Analyte dihomomethionine_POS was not included in 3 gestational bin outlier analysis - excluded from complication-specific chi-squared testing.
2026-09-08 11:47:26,621 - INFO - Analyte Pyruvic acid_NEG was not included in 3 gestational bin outlier analysis - excluded from complication-specific chi-squared testing.
2026-09-08 11:47:26,655 - INFO - Analyte unk_p800_POS_91.5045_RT9.41 was not included in 3 gestational bin outlier analysis - excluded from complication-specific chi-squared testing.
2026-09-08 11:47:26,672 - INFO - Analyte [Similar to: NP-004031; ΔMass: -416.3678 Da]_NEG was not included in 3 gestational bin outlier analysis - excluded from complication-specific chi-squared testing.
2026-09-08 11:47:26,705 - INFO - Analyte Norfentanyl_POS was not included in 3 gestational bin outlier analysis - excluded from complication-specific chi-squared testing.
2026-09-08 11:47:26,739 - INFO - Analyte 2-Methylbutyroylcarnitine_POS was not included in 3 gestational bin outlier analysis - excluded from complication-specific chi-squared testing.
2026-09-08 11:47:26,772 - INFO - Analyte 2-Hydroxy-3-methylpentanoic acid_POS was not included in 3 gestational bin outlier analysis - excluded from complication-specific chi-squared testing.
2026-09-08 11:47:26,806 - INFO - Analyte Glycyl-Glutamate_POS was not included in 3 gestational bin outlier analysis - excluded from complication-specific chi-squared testing.
2026-09-08 11:47:26,840 - INFO - Analyte 3-Deoxyglucosone_NEG was not included in 3 gestational bin outlier analysis - excluded from complication-specific chi-squared testing.
2026-09-08 11:47:26,873 - INFO - Analyte unk_p826_POS_235.9612_RT4.24 was not included in 3 gestational bin outlier analysis - excluded from complication-specific chi-squared testing.
2026-09-08 11:47:26,907 - INFO - Analyte unk_n2411_NEG_319.0083_RT2.93 was not included in 3 gestational bin outlier analysis - excluded from complication-specific chi-squared testing.
2026-09-08 11:47:26,940 - INFO - Analyte unk_n2019_NEG_382.1452_RT12.08 was not included in 3 gestational bin outlier analysis - excluded from complication-specific chi-squared testing.
2026-09-08 11:47:26,974 - INFO - Analyte 2-Amino-5-isopentyl-6-methylpyrimidin-4-ol_POS was not included in 3 gestational bin outlier analysis - excluded from complication-specific chi-squared testing.
2026-09-08 11:47:27,007 - INFO - Analyte Propyliodone_POS was not included in 3 gestational bin outlier analysis - excluded from complication-specific chi-squared testing.
2026-09-08 11:47:27,041 - INFO - Analyte 4-Azaspiro[bicyclo[2.2.2]octane-2,2'-[1,4]oxazolidine]-5'-one_POS was not included in 3 gestational bin outlier analysis - excluded from complication-specific chi-squared testing.
2026-09-08 11:47:27,074 - INFO - Analyte H2-D-erythro-Neopterin 2',3'-cyclic phosphate_POS was not included in 3 gestational bin outlier analysis - excluded from complication-specific chi-squared testing.
2026-09-08 11:47:27,108 - INFO - Analyte 2,2'-Anhydrocytidine_POS was not included in 3 gestational bin outlier analysis - excluded from complication-specific chi-squared testing.
2026-09-08 11:47:27,142 - INFO - Analyte (2S,8R)-2-Amino-8-hydroxydecanoic acid_POS was not included in 3 gestational bin outlier analysis - excluded from complication-specific chi-squared testing.
2026-09-08 11:47:27,175 - INFO - Analyte Trifluoroacetic acid_NEG was not included in 3 gestational bin outlier analysis - excluded from complication-specific chi-squared testing.
2026-09-08 11:47:27,192 - INFO - Analyte Repinotan_POS was not included in 3 gestational bin outlier analysis - excluded from complication-specific chi-squared testing.
2026-09-08 11:47:27,209 - INFO - Analyte unk_p4131_POS_564.2862_RT10.69 was not included in 3 gestational bin outlier analysis - excluded from complication-specific chi-squared testing.
2026-09-08 11:47:27,290 - INFO - Analyte Indoline_POS was not included in 3 gestational bin outlier analysis - excluded from complication-specific chi-squared testing.
2026-09-08 11:47:27,324 - INFO - Analyte 2-Isopropyl-3,5-dimethoxy-6-methylpyrazine_POS was not included in 3 gestational bin outlier analysis - excluded from complication-specific chi-squared testing.
2026-09-08 11:47:27,357 - INFO - Analyte 1-Phenyl-1H-pyrazole_POS was not included in 3 gestational bin outlier analysis - excluded from complication-specific chi-squared testing.
2026-09-08 11:47:27,375 - INFO - Analyte 4-Aminobenzoic acid_POS was not included in 3 gestational bin outlier analysis - excluded from complication-specific chi-squared testing.
2026-09-08 11:47:27,409 - INFO - Analyte 3-phospho-hydroxypyruvate_POS was not included in 3 gestational bin outlier analysis - excluded from complication-specific chi-squared testing.
2026-09-08 11:47:27,442 - INFO - Analyte unk_p4197_POS_287.9412_RT3.28 was not included in 3 gestational bin outlier analysis - excluded from complication-specific chi-squared testing.
2026-09-08 11:47:27,460 - INFO - Analyte D-(-)-Mannitol_NEG was not included in 3 gestational bin outlier analysis - excluded from complication-specific chi-squared testing.
2026-09-08 11:47:27,494 - INFO - Analyte L-Aspartate-semialdehyde_POS was not included in 3 gestational bin outlier analysis - excluded from complication-specific chi-squared testing.
2026-09-08 11:47:27,528 - INFO - Analyte 3-(propan-2-yl)-octahydropyrrolo[1,2-a]pyrazine-1,4-dione_POS was not included in 3 gestational bin outlier analysis - excluded from complication-specific chi-squared testing.
2026-09-08 11:47:27,562 - INFO - Analyte 2-Hydroxyquinoline_POS was not included in 3 gestational bin outlier analysis - excluded from complication-specific chi-squared testing.
2026-09-08 11:47:27,596 - INFO - Analyte unk_p3625_POS_427.0946_RT7.01 was not included in 3 gestational bin outlier analysis - excluded from complication-specific chi-squared testing.
2026-09-08 11:47:27,631 - INFO - Analyte trans-3-Hydroxycotinine_POS was not included in 3 gestational bin outlier analysis - excluded from complication-specific chi-squared testing.
2026-09-08 11:47:27,664 - INFO - Analyte unk_n1134_NEG_102.9567_RT5.95 was not included in 3 gestational bin outlier analysis - excluded from complication-specific chi-squared testing.
2026-09-08 11:47:27,697 - INFO - Analyte 3-Hydroxypyridine_POS was not included in 3 gestational bin outlier analysis - excluded from complication-specific chi-squared testing.
2026-09-08 11:47:27,731 - INFO - Analyte [Similar to: N1-(4,5-dihydro-1,3-thiazol-2-yl)-2-(2,4-dichlorophenoxy)propanamide; ΔMass: -136.0195 Da]_NEG was not included in 3 gestational bin outlier analysis - excluded from complication-specific chi-squared testing.
2026-09-08 11:47:27,765 - INFO - Analyte Lenticin_POS was not included in 3 gestational bin outlier analysis - excluded from complication-specific chi-squared testing.
2026-09-08 11:47:27,798 - INFO - Analyte unk_n656_NEG_157.0117_RT1.78 was not included in 3 gestational bin outlier analysis - excluded from complication-specific chi-squared testing.
2026-09-08 11:47:27,832 - INFO - Analyte Butyric acid_POS was not included in 3 gestational bin outlier analysis - excluded from complication-specific chi-squared testing.
2026-09-08 11:47:27,836 - INFO - Analyte Chloromethyl chloroformate_POS was not included in 3 gestational bin outlier analysis - excluded from complication-specific chi-squared testing.
2026-09-08 11:47:27,870 - INFO - Analyte 1H,1H-Perfluorononylamine_POS was not included in 3 gestational bin outlier analysis - excluded from complication-specific chi-squared testing.
2026-09-08 11:47:27,874 - INFO - Analyte unk_n512_NEG_209.8338_RT5.73 was not included in 3 gestational bin outlier analysis - excluded from complication-specific chi-squared testing.
2026-09-08 11:47:27,908 - INFO - Analyte L-Phenylalanine_POS was not included in 3 gestational bin outlier analysis - excluded from complication-specific chi-squared testing.
2026-09-08 11:47:27,941 - INFO - Analyte methyl isoquinoline-3-carboxylate_POS was not included in 3 gestational bin outlier analysis - excluded from complication-specific chi-squared testing.
2026-09-08 11:47:27,958 - INFO - Analyte Lappaol B_NEG was not included in 3 gestational bin outlier analysis - excluded from complication-specific chi-squared testing.
2026-09-08 11:47:28,039 - INFO - Analyte unk_p75_POS_199.0686_RT8.77 was not included in 3 gestational bin outlier analysis - excluded from complication-specific chi-squared testing.
2026-09-08 11:47:28,073 - INFO - Analyte 8-Cyano-fluoroquinolone_POS was not included in 3 gestational bin outlier analysis - excluded from complication-specific chi-squared testing.
2026-09-08 11:47:28,107 - INFO - Analyte NP-008998_POS was not included in 3 gestational bin outlier analysis - excluded from complication-specific chi-squared testing.
2026-09-08 11:47:28,111 - INFO - Analyte unk_p236_POS_90.5258_RT1.84 was not included in 3 gestational bin outlier analysis - excluded from complication-specific chi-squared testing.
2026-09-08 11:47:28,145 - INFO - Analyte unk_n85_NEG_248.9605_RT0.66 was not included in 3 gestational bin outlier analysis - excluded from complication-specific chi-squared testing.
2026-09-08 11:47:28,179 - INFO - Analyte Miglitol_NEG was not included in 3 gestational bin outlier analysis - excluded from complication-specific chi-squared testing.
2026-09-08 11:47:28,212 - INFO - Analyte Ametryn_POS was not included in 3 gestational bin outlier analysis - excluded from complication-specific chi-squared testing.
2026-09-08 11:47:28,247 - INFO - Analyte 2-Octenoylcarnitine_POS was not included in 3 gestational bin outlier analysis - excluded from complication-specific chi-squared testing.
2026-09-08 11:47:28,280 - INFO - Analyte Anordrin_POS was not included in 3 gestational bin outlier analysis - excluded from complication-specific chi-squared testing.
2026-09-08 11:47:28,314 - INFO - Analyte 5-(methoxymethyl)-2-(2-thienyl)-4,7-dihydropyrazolo[1,5-a]pyrimidin-7-one_NEG was not included in 3 gestational bin outlier analysis - excluded from complication-specific chi-squared testing.
2026-09-08 11:47:28,319 - INFO - Analyte D3-Lactate_NEG was not included in 3 gestational bin outlier analysis - excluded from complication-specific chi-squared testing.
2026-09-08 11:47:28,352 - INFO - Analyte unk_p3180_POS_497.9975_RT1.04 was not included in 3 gestational bin outlier analysis - excluded from complication-specific chi-squared testing.
2026-09-08 11:47:28,386 - INFO - Analyte unk_n223_NEG_225.8972_RT8.96 was not included in 3 gestational bin outlier analysis - excluded from complication-specific chi-squared testing.
2026-09-08 11:47:28,419 - INFO - Analyte Zonisamide_POS was not included in 3 gestational bin outlier analysis - excluded from complication-specific chi-squared testing.
2026-09-08 11:47:28,453 - INFO - Analyte unk_p2618_POS_146.0633_RT5.78 was not included in 3 gestational bin outlier analysis - excluded from complication-specific chi-squared testing.
2026-09-08 11:47:28,486 - INFO - Analyte Castanospermine_POS was not included in 3 gestational bin outlier analysis - excluded from complication-specific chi-squared testing.
2026-09-08 11:47:28,520 - INFO - Analyte Indene_POS was not included in 3 gestational bin outlier analysis - excluded from complication-specific chi-squared testing.
2026-09-08 11:47:28,553 - INFO - Analyte 2-(Dimethylamino)acetonitrile_POS was not included in 3 gestational bin outlier analysis - excluded from complication-specific chi-squared testing.
2026-09-08 11:47:28,587 - INFO - Analyte 2-Octenoic acid_POS was not included in 3 gestational bin outlier analysis - excluded from complication-specific chi-squared testing.
2026-09-08 11:47:28,604 - INFO - Analyte DL-Stachydrine_POS was not included in 3 gestational bin outlier analysis - excluded from complication-specific chi-squared testing.
2026-09-08 11:47:28,620 - INFO - Analyte Nicotinuric acid_POS was not included in 3 gestational bin outlier analysis - excluded from complication-specific chi-squared testing.
2026-09-08 11:47:28,654 - INFO - Analyte Garcinia acid_NEG was not included in 3 gestational bin outlier analysis - excluded from complication-specific chi-squared testing.
2026-09-08 11:47:28,687 - INFO - Analyte L-Cysteine-S-sulfate_POS was not included in 3 gestational bin outlier analysis - excluded from complication-specific chi-squared testing.
2026-09-08 11:47:28,703 - INFO - Analyte D-(+)-Maltose_POS was not included in 3 gestational bin outlier analysis - excluded from complication-specific chi-squared testing.
2026-09-08 11:47:28,789 - INFO - Analyte 3,4-Dihydroxybenzylamine_POS was not included in 3 gestational bin outlier analysis - excluded from complication-specific chi-squared testing.
2026-09-08 11:47:28,822 - INFO - Analyte N1-(alpha-D-ribosyl)-5,6-dimethyl-benzimidazole_POS was not included in 3 gestational bin outlier analysis - excluded from complication-specific chi-squared testing.
2026-09-08 11:47:28,856 - INFO - Analyte Armillariol B_POS was not included in 3 gestational bin outlier analysis - excluded from complication-specific chi-squared testing.
2026-09-08 11:47:28,889 - INFO - Analyte Triethylene Glycol Monomethyl Ether_POS was not included in 3 gestational bin outlier analysis - excluded from complication-specific chi-squared testing.
2026-09-08 11:47:28,906 - INFO - Analyte Kifunensine_NEG was not included in 3 gestational bin outlier analysis - excluded from complication-specific chi-squared testing.
2026-09-08 11:47:28,940 - INFO - Analyte D-(+)-Galactose_NEG was not included in 3 gestational bin outlier analysis - excluded from complication-specific chi-squared testing.
2026-09-08 11:47:28,973 - INFO - Analyte N-Phenylacetylglutamine_POS was not included in 3 gestational bin outlier analysis - excluded from complication-specific chi-squared testing.
2026-09-08 11:47:29,007 - INFO - Analyte 2-Heptanethiol_POS was not included in 3 gestational bin outlier analysis - excluded from complication-specific chi-squared testing.
2026-09-08 11:47:29,040 - INFO - Analyte 3-Hydroxybutyric acid_NEG was not included in 3 gestational bin outlier analysis - excluded from complication-specific chi-squared testing.
2026-09-08 11:47:29,057 - INFO - Analyte [Similar to: Creatine; ΔMass: 67.9874 Da]_NEG was not included in 3 gestational bin outlier analysis - excluded from complication-specific chi-squared testing.
2026-09-08 11:47:29,090 - INFO - Analyte Asparagine_POS was not included in 3 gestational bin outlier analysis - excluded from complication-specific chi-squared testing.
2026-09-08 11:47:29,124 - INFO - Analyte Quinolonic acid_POS was not included in 3 gestational bin outlier analysis - excluded from complication-specific chi-squared testing.
2026-09-08 11:47:29,157 - INFO - Analyte 2-({2-[(1,3-Dimethyl-1H-pyrazol-5-yl)amino]-2-oxoethyl}sulfanyl)acetic acid_POS was not included in 3 gestational bin outlier analysis - excluded from complication-specific chi-squared testing.
2026-09-08 11:47:29,190 - INFO - Analyte d-Glycero-d-galacto-heptose_NEG was not included in 3 gestational bin outlier analysis - excluded from complication-specific chi-squared testing.
2026-09-08 11:47:29,223 - INFO - Analyte unk_n177_NEG_207.8368_RT4.27 was not included in 3 gestational bin outlier analysis - excluded from complication-specific chi-squared testing.
2026-09-08 11:47:29,256 - INFO - Analyte 2-Amino-3-methyl-1-butanol_POS was not included in 3 gestational bin outlier analysis - excluded from complication-specific chi-squared testing.
2026-09-08 11:47:29,290 - INFO - Analyte L-Glutamine_POS was not included in 3 gestational bin outlier analysis - excluded from complication-specific chi-squared testing.
2026-09-08 11:47:29,323 - INFO - Analyte Geranylpyrrol A_POS was not included in 3 gestational bin outlier analysis - excluded from complication-specific chi-squared testing.
2026-09-08 11:47:29,356 - INFO - Analyte 2,4-diaziran-1-yl-6-(1-phenyl-1H-pyrrol-2-yl)-1,3,5-triazine_POS was not included in 3 gestational bin outlier analysis - excluded from complication-specific chi-squared testing.
2026-09-08 11:47:29,390 - INFO - Analyte unk_p488_POS_242.9822_RT7.04 was not included in 3 gestational bin outlier analysis - excluded from complication-specific chi-squared testing.
2026-09-08 11:47:29,424 - INFO - Analyte [6,7-dimethoxy-1-methyl-3,4-dihydro-2(1H)-isoquinolinyl](5-methyl-3-isoxazolyl)methanone_POS was not included in 3 gestational bin outlier analysis - excluded from complication-specific chi-squared testing.
2026-09-08 11:47:29,458 - INFO - Analyte 1,2,3-Trihydroxybenzene_NEG was not included in 3 gestational bin outlier analysis - excluded from complication-specific chi-squared testing.
2026-09-08 11:47:29,491 - INFO - Analyte unk_p4443_POS_437.9724_RT7.01 was not included in 3 gestational bin outlier analysis - excluded from complication-specific chi-squared testing.
2026-09-08 11:47:29,524 - INFO - Analyte (S)-3-[(Cyanophenylmethyl)amino]-3-oxopropanoic acid_POS was not included in 3 gestational bin outlier analysis - excluded from complication-specific chi-squared testing.
2026-09-08 11:47:29,558 - INFO - Analyte unk_p729_POS_504.9952_RT10.63 was not included in 3 gestational bin outlier analysis - excluded from complication-specific chi-squared testing.
2026-09-08 11:47:29,591 - INFO - Analyte N-(4-Aminobutyl)-2-Naphthalenesulfonamide_POS was not included in 3 gestational bin outlier analysis - excluded from complication-specific chi-squared testing.
2026-09-08 11:47:29,678 - INFO - Analyte 5-Hydroxytryptophol_POS was not included in 3 gestational bin outlier analysis - excluded from complication-specific chi-squared testing.
2026-09-08 11:47:29,712 - INFO - Analyte unk_p2622_POS_287.5918_RT1.01 was not included in 3 gestational bin outlier analysis - excluded from complication-specific chi-squared testing.
2026-09-08 11:47:29,745 - INFO - Analyte unk_p1942_POS_233.8754_RT2.91 was not included in 3 gestational bin outlier analysis - excluded from complication-specific chi-squared testing.
2026-09-08 11:47:29,779 - INFO - Analyte Acetyl-β-methylcholine_POS was not included in 3 gestational bin outlier analysis - excluded from complication-specific chi-squared testing.
2026-09-08 11:47:29,796 - INFO - Analyte Polypropylene glycol (m w 1,200-3,000)_POS was not included in 3 gestational bin outlier analysis - excluded from complication-specific chi-squared testing.
2026-09-08 11:47:29,829 - INFO - Analyte [Similar to: (4-benzoylpiperidino)[4-(tert-butyl)phenyl]methanone; ΔMass: 38.0426 Da]_POS was not included in 3 gestational bin outlier analysis - excluded from complication-specific chi-squared testing.
2026-09-08 11:47:29,862 - INFO - Analyte Terezine M_POS was not included in 3 gestational bin outlier analysis - excluded from complication-specific chi-squared testing.
2026-09-08 11:47:29,898 - INFO - Analyte N-(3-acetamidopropyl)pyrrolidin-2-one_POS was not included in 3 gestational bin outlier analysis - excluded from complication-specific chi-squared testing.
2026-09-08 11:47:29,933 - INFO - Analyte unk_p4365_POS_208.0392_RT2.59 was not included in 3 gestational bin outlier analysis - excluded from complication-specific chi-squared testing.
2026-09-08 11:47:29,967 - INFO - Analyte unk_p1267_POS_284.2065_RT8.69 was not included in 3 gestational bin outlier analysis - excluded from complication-specific chi-squared testing.
2026-09-08 11:47:30,001 - INFO - Analyte unk_p4505_POS_491.9183_RT1.35 was not included in 3 gestational bin outlier analysis - excluded from complication-specific chi-squared testing.
2026-09-08 11:47:30,035 - INFO - Analyte unk_p2005_POS_92.5221_RT1.52 was not included in 3 gestational bin outlier analysis - excluded from complication-specific chi-squared testing.
2026-09-08 11:47:30,068 - INFO - Analyte Glycerol 3-hydroxybutyrate_POS was not included in 3 gestational bin outlier analysis - excluded from complication-specific chi-squared testing.
2026-09-08 11:47:30,102 - INFO - Analyte 2-Amino-4-[(4-aminobutyl)amino]butanoic acid_POS was not included in 3 gestational bin outlier analysis - excluded from complication-specific chi-squared testing.
2026-09-08 11:47:30,137 - INFO - Analyte NP-020240_POS was not included in 3 gestational bin outlier analysis - excluded from complication-specific chi-squared testing.
2026-09-08 11:47:30,170 - INFO - Analyte ( Z)-6-benzylidene-3-hydroxymethyl-1,4-dimethyl-3-methylsulfanylpiperazine-2,5-dione_POS was not included in 3 gestational bin outlier analysis - excluded from complication-specific chi-squared testing.
2026-09-08 11:47:30,204 - INFO - Analyte 1,7-Diphenyl-4-hepten-3-one_POS was not included in 3 gestational bin outlier analysis - excluded from complication-specific chi-squared testing.
2026-09-08 11:47:30,238 - INFO - Analyte unk_n2397_NEG_699.3672_RT0.63 was not included in 3 gestational bin outlier analysis - excluded from complication-specific chi-squared testing.
2026-09-08 11:47:30,271 - INFO - Analyte Hydroxy bupropion_POS was not included in 3 gestational bin outlier analysis - excluded from complication-specific chi-squared testing.
2026-09-08 11:47:30,305 - INFO - Analyte [Similar to: Ethyl 3-hydroxy-5-methyl-6-oxo-1-phenyl-1,6-dihydropyrano[2,3-c]pyrazole-4-carboxylate; ΔMass: -46.0678 Da]_POS was not included in 3 gestational bin outlier analysis - excluded from complication-specific chi-squared testing.
2026-09-08 11:47:30,338 - INFO - Analyte Leukoaminochrome_POS was not included in 3 gestational bin outlier analysis - excluded from complication-specific chi-squared testing.
2026-09-08 11:47:30,372 - INFO - Analyte Acrylic acid_NEG was not included in 3 gestational bin outlier analysis - excluded from complication-specific chi-squared testing.
2026-09-08 11:47:30,406 - INFO - Analyte 1-Phenyl-1H-pyrazolo[3,4-d]pyrimidin-4-amine_POS was not included in 3 gestational bin outlier analysis - excluded from complication-specific chi-squared testing.
2026-09-08 11:47:30,424 - INFO - Analyte Bisoprolol_POS was not included in 3 gestational bin outlier analysis - excluded from complication-specific chi-squared testing.
2026-09-08 11:47:30,457 - INFO - Analyte N-methyl-4-nitrotryptophan_POS was not included in 3 gestational bin outlier analysis - excluded from complication-specific chi-squared testing.
2026-09-08 11:47:30,491 - INFO - Analyte Hydantoin-5-propionic acid_POS was not included in 3 gestational bin outlier analysis - excluded from complication-specific chi-squared testing.
2026-09-08 11:47:30,578 - INFO - Analyte Phosphate_POS was not included in 3 gestational bin outlier analysis - excluded from complication-specific chi-squared testing.
2026-09-08 11:47:30,612 - INFO - Analyte unk_n101_NEG_80.9748_RT3.00 was not included in 3 gestational bin outlier analysis - excluded from complication-specific chi-squared testing.
2026-09-08 11:47:30,646 - INFO - Analyte N-Desmethyltramadol_POS was not included in 3 gestational bin outlier analysis - excluded from complication-specific chi-squared testing.
2026-09-08 11:47:30,680 - INFO - Analyte (S)-3-[(Cyanophenylmethyl)amino]-3-oxopropanoic acid_NEG was not included in 3 gestational bin outlier analysis - excluded from complication-specific chi-squared testing.
2026-09-08 11:47:30,713 - INFO - Analyte alpha-Ketoisovaleric acid_NEG was not included in 3 gestational bin outlier analysis - excluded from complication-specific chi-squared testing.
2026-09-08 11:47:30,730 - INFO - Analyte D-Serine_POS was not included in 3 gestational bin outlier analysis - excluded from complication-specific chi-squared testing.
2026-09-08 11:47:30,904 - INFO - Analyte Metronidazole_POS was not included in 4 gestational bin outlier analysis - excluded from complication-specific chi-squared testing.
2026-09-08 11:47:30,938 - INFO - Analyte unk_n1621_NEG_289.0694_RT3.38 was not included in 4 gestational bin outlier analysis - excluded from complication-specific chi-squared testing.
2026-09-08 11:47:30,971 - INFO - Analyte L-Serine_NEG was not included in 4 gestational bin outlier analysis - excluded from complication-specific chi-squared testing.
2026-09-08 11:47:31,003 - INFO - Analyte Gaburedin B_POS was not included in 4 gestational bin outlier analysis - excluded from complication-specific chi-squared testing.
2026-09-08 11:47:31,037 - INFO - Analyte Creatine_POS was not included in 4 gestational bin outlier analysis - excluded from complication-specific chi-squared testing.
2026-09-08 11:47:31,071 - INFO - Analyte Hypocrellutin A_POS was not included in 4 gestational bin outlier analysis - excluded from complication-specific chi-squared testing.
2026-09-08 11:47:31,106 - INFO - Analyte NP-003117_POS was not included in 4 gestational bin outlier analysis - excluded from complication-specific chi-squared testing.
2026-09-08 11:47:31,140 - INFO - Analyte Acetylglycine_POS was not included in 4 gestational bin outlier analysis - excluded from complication-specific chi-squared testing.
2026-09-08 11:47:31,158 - INFO - Analyte HMBOA trihexose_POS was not included in 4 gestational bin outlier analysis - excluded from complication-specific chi-squared testing.
2026-09-08 11:47:31,174 - INFO - Analyte Gluconic acid_NEG was not included in 4 gestational bin outlier analysis - excluded from complication-specific chi-squared testing.
2026-09-08 11:47:31,207 - INFO - Analyte unk_n957_NEG_310.9309_RT1.68 was not included in 4 gestational bin outlier analysis - excluded from complication-specific chi-squared testing.
2026-09-08 11:47:31,240 - INFO - Analyte L(-)-Carnitine_POS was not included in 4 gestational bin outlier analysis - excluded from complication-specific chi-squared testing.
2026-09-08 11:47:31,257 - INFO - Analyte 3-hydroxy-1,5-diphenylpentan-1-one_POS was not included in 4 gestational bin outlier analysis - excluded from complication-specific chi-squared testing.
2026-09-08 11:47:31,290 - INFO - Analyte L-beta-aspartyl-L-alanine_POS was not included in 4 gestational bin outlier analysis - excluded from complication-specific chi-squared testing.
2026-09-08 11:47:31,308 - INFO - Analyte L-Cystine_POS was not included in 4 gestational bin outlier analysis - excluded from complication-specific chi-squared testing.
2026-09-08 11:47:31,383 - INFO - Analyte [Similar to: L-Threonic acid; ΔMass: 67.9747 Da]_NEG was not included in 4 gestational bin outlier analysis - excluded from complication-specific chi-squared testing.
2026-09-08 11:47:31,400 - INFO - Analyte Ornithine_POS was not included in 4 gestational bin outlier analysis - excluded from complication-specific chi-squared testing.
2026-09-08 11:47:31,433 - INFO - Analyte NP-022470_POS was not included in 4 gestational bin outlier analysis - excluded from complication-specific chi-squared testing.
2026-09-08 11:47:31,466 - INFO - Analyte Erythronic acid_NEG was not included in 4 gestational bin outlier analysis - excluded from complication-specific chi-squared testing.
2026-09-08 11:47:31,483 - INFO - Analyte 4-((4-(2-(6-((2R)-2-(2,4-Difluorophenyl)-1,1-difluoro-2-hydroxy-3-(1H-tetrazol-1-yl)propyl)-3-pyridinyl)ethynyl)phenoxy)methyl)benzonitrile_POS was not included in 4 gestational bin outlier analysis - excluded from complication-specific chi-squared testing.
2026-09-08 11:47:31,485 - INFO - Analyte Methylenediphosphonic acid_NEG was not included in 4 gestational bin outlier analysis - excluded from complication-specific chi-squared testing.
2026-09-08 11:47:31,502 - INFO - Analyte L-Histidine_NEG was not included in 4 gestational bin outlier analysis - excluded from complication-specific chi-squared testing.
2026-09-08 11:47:31,519 - INFO - Analyte [Similar to: N'2-(2,5-Dichlorophenyl)tetrahydrothiophene-2-carbohydrazide; ΔMass: 30.0109 Da]_NEG was not included in 4 gestational bin outlier analysis - excluded from complication-specific chi-squared testing.
2026-09-08 11:47:31,526 - INFO - Analyte Aspartyl-Histidine_NEG was not included in 4 gestational bin outlier analysis - excluded from complication-specific chi-squared testing.
2026-09-08 11:47:31,544 - INFO - Analyte Acetylhomoserine_POS was not included in 4 gestational bin outlier analysis - excluded from complication-specific chi-squared testing.
2026-09-08 11:47:31,561 - INFO - Analyte 2-Aminoacrylic acid_POS was not included in 4 gestational bin outlier analysis - excluded from complication-specific chi-squared testing.
2026-09-08 11:47:31,593 - INFO - Analyte 7-methyl-3-nitroimidazo[1,2-a]pyridine_POS was not included in 4 gestational bin outlier analysis - excluded from complication-specific chi-squared testing.
2026-09-08 11:47:31,612 - INFO - Analyte L-cis-3-Amino-2-pyrrolidinecarboxylic acid_POS was not included in 4 gestational bin outlier analysis - excluded from complication-specific chi-squared testing.
2026-09-08 11:47:31,645 - INFO - Analyte Tanomastat_NEG was not included in 4 gestational bin outlier analysis - excluded from complication-specific chi-squared testing.
2026-09-08 11:47:31,662 - INFO - Analyte 1-(2-Morpholinophenyl)dihydro-1H-pyrrole-2,5-dione_POS was not included in 4 gestational bin outlier analysis - excluded from complication-specific chi-squared testing.
2026-09-08 11:47:31,667 - INFO - Analyte NP-019722_POS was not included in 4 gestational bin outlier analysis - excluded from complication-specific chi-squared testing.
2026-09-08 11:47:31,700 - INFO - Analyte D-Glucose_NEG was not included in 4 gestational bin outlier analysis - excluded from complication-specific chi-squared testing.
2026-09-08 11:47:31,717 - INFO - Analyte 5,7-dimethyl-4-oxo-4H-chromene-3-carbonitrile_POS was not included in 4 gestational bin outlier analysis - excluded from complication-specific chi-squared testing.
2026-09-08 11:47:31,734 - INFO - Analyte (2R,3R,4R)-2-Amino-4-hydroxy-3-methylpentanoic acid_POS was not included in 4 gestational bin outlier analysis - excluded from complication-specific chi-squared testing.
2026-09-08 11:47:31,750 - INFO - Analyte Acetohydroxamic acid_POS was not included in 4 gestational bin outlier analysis - excluded from complication-specific chi-squared testing.
2026-09-08 11:47:31,767 - INFO - Analyte unk_n2682_NEG_388.8737_RT2.81 was not included in 4 gestational bin outlier analysis - excluded from complication-specific chi-squared testing.
2026-09-08 11:47:31,848 - INFO - Analyte (2-Ethylcrotonoyl)urea_POS was not included in 4 gestational bin outlier analysis - excluded from complication-specific chi-squared testing.
2026-09-08 11:47:31,867 - INFO - Analyte gamma-Glutamyl-beta-aminopropiononitrile_POS was not included in 4 gestational bin outlier analysis - excluded from complication-specific chi-squared testing.
2026-09-08 11:47:31,885 - INFO - Analyte (2S,4R)-4-Aminopyrrolidine-2-carboxylic acid_POS was not included in 4 gestational bin outlier analysis - excluded from complication-specific chi-squared testing.
2026-09-08 11:47:31,918 - INFO - Analyte Sedoheptulose_NEG was not included in 4 gestational bin outlier analysis - excluded from complication-specific chi-squared testing.
2026-09-08 11:47:31,951 - INFO - Analyte Pyrophosphate_NEG was not included in 4 gestational bin outlier analysis - excluded from complication-specific chi-squared testing.
2026-09-08 11:47:31,984 - INFO - Analyte thiol-maleimide_POS was not included in 4 gestational bin outlier analysis - excluded from complication-specific chi-squared testing.
2026-09-08 11:47:32,017 - INFO - Analyte L-Cysteinylglycine disulfide_POS was not included in 4 gestational bin outlier analysis - excluded from complication-specific chi-squared testing.
2026-09-08 11:47:32,034 - INFO - Analyte Succinic semialdehyde_NEG was not included in 4 gestational bin outlier analysis - excluded from complication-specific chi-squared testing.
2026-09-08 11:47:32,069 - INFO - Analyte unk_n682_NEG_345.0726_RT11.05 was not included in 4 gestational bin outlier analysis - excluded from complication-specific chi-squared testing.
2026-09-08 11:47:32,074 - INFO - Analyte 5-Methylquinoxaline_POS was not included in 4 gestational bin outlier analysis - excluded from complication-specific chi-squared testing.
2026-09-08 11:47:32,107 - INFO - Analyte Octadecanamine_POS was not included in 4 gestational bin outlier analysis - excluded from complication-specific chi-squared testing.
2026-09-08 11:47:32,124 - INFO - Analyte 6-Amino-5-chloropyrimidine-2,4(1H,3H)-dione_POS was not included in 4 gestational bin outlier analysis - excluded from complication-specific chi-squared testing.
2026-09-08 11:47:32,129 - INFO - Analyte 1,1,1,2,2,3,3,10,10,11,11,12,12,12-Tetradecafluoro-5,8-diiodododecane_NEG was not included in 4 gestational bin outlier analysis - excluded from complication-specific chi-squared testing.
2026-09-08 11:47:32,163 - INFO - Analyte Hydroxydehydro Nifedipine Carboxylate_POS was not included in 4 gestational bin outlier analysis - excluded from complication-specific chi-squared testing.
2026-09-08 11:47:32,180 - INFO - Analyte 3-Deoxy-D-glycero-D-galacto-2-nonulosonic acid_POS was not included in 4 gestational bin outlier analysis - excluded from complication-specific chi-squared testing.
2026-09-08 11:47:32,196 - INFO - Analyte unk_p985_POS_604.1398_RT9.66 was not included in 4 gestational bin outlier analysis - excluded from complication-specific chi-squared testing.
2026-09-08 11:47:32,230 - INFO - Analyte Choline_POS was not included in 4 gestational bin outlier analysis - excluded from complication-specific chi-squared testing.
2026-09-08 11:47:32,262 - INFO - Analyte Phenyl sulfoxide_POS was not included in 4 gestational bin outlier analysis - excluded from complication-specific chi-squared testing.
2026-09-08 11:47:32,280 - INFO - Analyte Pyroglutamylglycine_POS was not included in 4 gestational bin outlier analysis - excluded from complication-specific chi-squared testing.
2026-09-08 11:47:32,315 - INFO - Analyte Terephthalic acid_NEG was not included in 4 gestational bin outlier analysis - excluded from complication-specific chi-squared testing.
2026-09-08 11:47:32,347 - INFO - Analyte unk_p3495_POS_255.0950_RT7.91 was not included in 4 gestational bin outlier analysis - excluded from complication-specific chi-squared testing.
2026-09-08 11:47:32,483 - INFO - Analyte 1-Nitrohydroxyphenyl-N-benzoylalanine_POS was not included in 4 gestational bin outlier analysis - excluded from complication-specific chi-squared testing.
2026-09-08 11:47:32,501 - INFO - Analyte 2-Fluoro-6-(4-methoxyphenoxy)benzonitrile_POS was not included in 4 gestational bin outlier analysis - excluded from complication-specific chi-squared testing.
2026-09-08 11:47:32,506 - INFO - Analyte Satranidazole_POS was not included in 4 gestational bin outlier analysis - excluded from complication-specific chi-squared testing.
2026-09-08 11:47:32,524 - INFO - Analyte Oxepanone_POS was not included in 4 gestational bin outlier analysis - excluded from complication-specific chi-squared testing.
2026-09-08 11:47:32,541 - INFO - Analyte Beta-Aminopropionitrile_POS was not included in 4 gestational bin outlier analysis - excluded from complication-specific chi-squared testing.
2026-09-08 11:47:32,557 - INFO - Analyte Mycosporine hydroxyglutamicol_POS was not included in 4 gestational bin outlier analysis - excluded from complication-specific chi-squared testing.
2026-09-08 11:47:32,575 - INFO - Analyte L-3-Aminodihydro-2(3H)-furanone_POS was not included in 4 gestational bin outlier analysis - excluded from complication-specific chi-squared testing.
2026-09-08 11:47:32,608 - INFO - Analyte 1,3,11-Tridecatriene-5,7,9-triyne_POS was not included in 4 gestational bin outlier analysis - excluded from complication-specific chi-squared testing.
2026-09-08 11:47:32,624 - INFO - Analyte L-Cystine_NEG was not included in 4 gestational bin outlier analysis - excluded from complication-specific chi-squared testing.
2026-09-08 11:47:32,657 - INFO - Analyte N,N-Dimethyloctadecylamine_POS was not included in 4 gestational bin outlier analysis - excluded from complication-specific chi-squared testing.
2026-09-08 11:47:32,674 - INFO - Analyte Glycyl-Threonine_POS was not included in 4 gestational bin outlier analysis - excluded from complication-specific chi-squared testing.
2026-09-08 11:47:32,708 - INFO - Analyte Linustatin_POS was not included in 4 gestational bin outlier analysis - excluded from complication-specific chi-squared testing.
2026-09-08 11:47:32,741 - INFO - Analyte unk_n66_NEG_231.9315_RT9.69 was not included in 4 gestational bin outlier analysis - excluded from complication-specific chi-squared testing.
2026-09-08 11:47:32,773 - INFO - Analyte unk_p274_POS_223.0700_RT11.92 was not included in 4 gestational bin outlier analysis - excluded from complication-specific chi-squared testing.
2026-09-08 11:47:32,807 - INFO - Analyte 3-Hydroxybutyric acid_POS was not included in 4 gestational bin outlier analysis - excluded from complication-specific chi-squared testing.
2026-09-08 11:47:32,825 - INFO - Analyte L-Valine_NEG was not included in 4 gestational bin outlier analysis - excluded from complication-specific chi-squared testing.
2026-09-08 11:47:32,858 - INFO - Analyte Cladinose_POS was not included in 4 gestational bin outlier analysis - excluded from complication-specific chi-squared testing.
2026-09-08 11:47:32,875 - INFO - Analyte Creatinine_POS was not included in 4 gestational bin outlier analysis - excluded from complication-specific chi-squared testing.
2026-09-08 11:47:32,907 - INFO - Analyte 1-(4-Methoxyphenyl)piperazine_POS was not included in 4 gestational bin outlier analysis - excluded from complication-specific chi-squared testing.
2026-09-08 11:47:32,925 - INFO - Analyte Dacarbazine_POS was not included in 4 gestational bin outlier analysis - excluded from complication-specific chi-squared testing.
2026-09-08 11:47:33,098 - INFO - Analyte DL-Lysine_POS was not included in 4 gestational bin outlier analysis - excluded from complication-specific chi-squared testing.
2026-09-08 11:47:33,131 - INFO - Analyte Erythrohydrobupropion_POS was not included in 4 gestational bin outlier analysis - excluded from complication-specific chi-squared testing.
2026-09-08 11:47:33,164 - INFO - Analyte unk_n2474_NEG_100.9608_RT0.32 was not included in 4 gestational bin outlier analysis - excluded from complication-specific chi-squared testing.
2026-09-08 11:47:33,182 - INFO - Analyte 2-Methylbutyrylglycine_POS was not included in 4 gestational bin outlier analysis - excluded from complication-specific chi-squared testing.
2026-09-08 11:47:33,217 - INFO - Analyte 2,5-Diisothiocyanatobenzenesulfonate_POS was not included in 4 gestational bin outlier analysis - excluded from complication-specific chi-squared testing.
2026-09-08 11:47:33,240 - INFO - Analyte N'1-[4-amino-6-(tert-butyl)-1,3,5-triazin-2-yl]-2-(trifluoromethyl)benzene-1-sulfonohydrazide_POS was not included in 4 gestational bin outlier analysis - excluded from complication-specific chi-squared testing.
2026-09-08 11:47:33,273 - INFO - Analyte unk_n1043_NEG_462.0691_RT9.61 was not included in 4 gestational bin outlier analysis - excluded from complication-specific chi-squared testing.
2026-09-08 11:47:33,290 - INFO - Analyte D3-Alanine_POS was not included in 4 gestational bin outlier analysis - excluded from complication-specific chi-squared testing.
2026-09-08 11:47:33,307 - INFO - Analyte Cimaterol_POS was not included in 4 gestational bin outlier analysis - excluded from complication-specific chi-squared testing.
2026-09-08 11:47:33,339 - INFO - Analyte 6-(4-Chlorophenoxy)pyridine-3-carbothioamide_NEG was not included in 4 gestational bin outlier analysis - excluded from complication-specific chi-squared testing.
2026-09-08 11:47:33,356 - INFO - Analyte Dihydrothymine_POS was not included in 4 gestational bin outlier analysis - excluded from complication-specific chi-squared testing.
2026-09-08 11:47:33,390 - INFO - Analyte Adipamide_POS was not included in 4 gestational bin outlier analysis - excluded from complication-specific chi-squared testing.
2026-09-08 11:47:33,425 - INFO - Analyte (9E)-10-nitrooctadecenoic Acid_POS was not included in 4 gestational bin outlier analysis - excluded from complication-specific chi-squared testing.
2026-09-08 11:47:33,427 - INFO - Analyte 4-Hydroxybenzotriazole_POS was not included in 4 gestational bin outlier analysis - excluded from complication-specific chi-squared testing.
2026-09-08 11:47:33,444 - INFO - Analyte L-(+)-Citrulline_POS was not included in 4 gestational bin outlier analysis - excluded from complication-specific chi-squared testing.
2026-09-08 11:47:33,477 - INFO - Analyte DL-Lactic Acid_NEG was not included in 4 gestational bin outlier analysis - excluded from complication-specific chi-squared testing.
2026-09-08 11:47:33,510 - INFO - Analyte Pipecolic acid_POS was not included in 4 gestational bin outlier analysis - excluded from complication-specific chi-squared testing.
2026-09-08 11:47:33,543 - INFO - Analyte unk_n454_NEG_525.3312_RT11.94 was not included in 4 gestational bin outlier analysis - excluded from complication-specific chi-squared testing.
2026-09-08 11:47:33,575 - INFO - Analyte α-Lactose_NEG was not included in 4 gestational bin outlier analysis - excluded from complication-specific chi-squared testing.
2026-09-08 11:47:33,608 - INFO - Analyte N-Ethylacetamide_POS was not included in 4 gestational bin outlier analysis - excluded from complication-specific chi-squared testing.
2026-09-08 11:47:33,625 - INFO - Analyte L-Kynurenine_POS was not included in 4 gestational bin outlier analysis - excluded from complication-specific chi-squared testing.
2026-09-08 11:47:33,643 - INFO - Analyte Gluconolactone_POS was not included in 4 gestational bin outlier analysis - excluded from complication-specific chi-squared testing.
2026-09-08 11:47:33,648 - INFO - Analyte unk_p2069_POS_481.8174_RT6.05 was not included in 4 gestational bin outlier analysis - excluded from complication-specific chi-squared testing.
2026-09-08 11:47:33,682 - INFO - Analyte δ-Valerolactam_POS was not included in 4 gestational bin outlier analysis - excluded from complication-specific chi-squared testing.
2026-09-08 11:47:33,714 - INFO - Analyte unk_p5301_POS_446.2959_RT11.78 was not included in 4 gestational bin outlier analysis - excluded from complication-specific chi-squared testing.
2026-09-08 11:47:33,747 - INFO - Analyte 3-hydroxyoctanoyl carnitine_POS was not included in 4 gestational bin outlier analysis - excluded from complication-specific chi-squared testing.
2026-09-08 11:47:33,779 - INFO - Analyte N-gamma-Glutamylglutamine_POS was not included in 4 gestational bin outlier analysis - excluded from complication-specific chi-squared testing.
2026-09-08 11:47:33,812 - INFO - Analyte 6,7-dihydroxy-4,5,6,7-tetrahydroindole-4-one_NEG was not included in 4 gestational bin outlier analysis - excluded from complication-specific chi-squared testing.
2026-09-08 11:47:33,829 - INFO - Analyte L-Histidine_POS was not included in 4 gestational bin outlier analysis - excluded from complication-specific chi-squared testing.
2026-09-08 11:47:33,875 - INFO - Analyte Isobutyric acid_POS was not included in 4 gestational bin outlier analysis - excluded from complication-specific chi-squared testing.
2026-09-08 11:47:33,894 - INFO - Analyte L-2,4-Diaminobutyric acid_POS was not included in 4 gestational bin outlier analysis - excluded from complication-specific chi-squared testing.
2026-09-08 11:47:33,912 - INFO - Analyte unk_p1853_POS_166.9430_RT3.23 was not included in 4 gestational bin outlier analysis - excluded from complication-specific chi-squared testing.
2026-09-08 11:47:33,929 - INFO - Analyte apo-[3-methylcrotonoyl-CoA:carbon-dioxide ligase (ADP-forming)]_POS was not included in 4 gestational bin outlier analysis - excluded from complication-specific chi-squared testing.
2026-09-08 11:47:33,946 - INFO - Analyte Ethyl N2-acetyl-L-argininate_POS was not included in 4 gestational bin outlier analysis - excluded from complication-specific chi-squared testing.
2026-09-08 11:47:33,979 - INFO - Analyte Megazol_POS was not included in 4 gestational bin outlier analysis - excluded from complication-specific chi-squared testing.
2026-09-08 11:47:33,997 - INFO - Analyte D-Raffinose_POS was not included in 4 gestational bin outlier analysis - excluded from complication-specific chi-squared testing.
2026-09-08 11:47:34,030 - INFO - Analyte 2-[Bis-(2-hydroxy-ethyl)-amino]-2-hydroxymethyl-propane-1,3-diol_POS was not included in 4 gestational bin outlier analysis - excluded from complication-specific chi-squared testing.
2026-09-08 11:47:34,062 - INFO - Analyte Barbital_POS was not included in 4 gestational bin outlier analysis - excluded from complication-specific chi-squared testing.
2026-09-08 11:47:34,095 - INFO - Analyte 4-Acetamidobutanoic acid_POS was not included in 4 gestational bin outlier analysis - excluded from complication-specific chi-squared testing.
2026-09-08 11:47:34,111 - INFO - Analyte 4-(3,4-dimethylphenyl)-1-thia-4-azaspiro[4.5]decan-3-one_POS was not included in 4 gestational bin outlier analysis - excluded from complication-specific chi-squared testing.
2026-09-08 11:47:34,144 - INFO - Analyte N'-Formylkynurenine_POS was not included in 4 gestational bin outlier analysis - excluded from complication-specific chi-squared testing.
2026-09-08 11:47:34,161 - INFO - Analyte 4-Hydroxy-2-butenoic acid gamma-lactone_POS was not included in 4 gestational bin outlier analysis - excluded from complication-specific chi-squared testing.
2026-09-08 11:47:34,193 - INFO - Analyte gamma-Butyrolactone_NEG was not included in 4 gestational bin outlier analysis - excluded from complication-specific chi-squared testing.
2026-09-08 11:47:34,227 - INFO - Analyte Hypoxanthine_POS was not included in 4 gestational bin outlier analysis - excluded from complication-specific chi-squared testing.
2026-09-08 11:47:34,229 - INFO - Analyte unk_n386_NEG_255.8221_RT3.67 was not included in 4 gestational bin outlier analysis - excluded from complication-specific chi-squared testing.
2026-09-08 11:47:34,261 - INFO - Analyte unk_p2168_POS_231.8783_RT3.23 was not included in 4 gestational bin outlier analysis - excluded from complication-specific chi-squared testing.
2026-09-08 11:47:34,294 - INFO - Analyte Isobutyrylglycine_POS was not included in 4 gestational bin outlier analysis - excluded from complication-specific chi-squared testing.
2026-09-08 11:47:34,326 - INFO - Analyte Norepinephrine sulfate_POS was not included in 4 gestational bin outlier analysis - excluded from complication-specific chi-squared testing.
2026-09-08 11:47:34,359 - INFO - Analyte unk_p3339_POS_300.4097_RT0.75 was not included in 4 gestational bin outlier analysis - excluded from complication-specific chi-squared testing.
2026-09-08 11:47:34,445 - INFO - Analyte Didecyldimethylammonium_POS was not included in 4 gestational bin outlier analysis - excluded from complication-specific chi-squared testing.
2026-09-08 11:47:34,462 - INFO - Analyte Pantothenic acid_POS was not included in 4 gestational bin outlier analysis - excluded from complication-specific chi-squared testing.
2026-09-08 11:47:34,498 - INFO - Analyte NP-022451_POS was not included in 4 gestational bin outlier analysis - excluded from complication-specific chi-squared testing.
2026-09-08 11:47:34,503 - INFO - Analyte unk_p302_POS_81.5205_RT1.95 was not included in 4 gestational bin outlier analysis - excluded from complication-specific chi-squared testing.
2026-09-08 11:47:34,520 - INFO - Analyte 3-Oxalomalic acid_POS was not included in 4 gestational bin outlier analysis - excluded from complication-specific chi-squared testing.
2026-09-08 11:47:34,536 - INFO - Analyte cis-Acetylacrylate_NEG was not included in 4 gestational bin outlier analysis - excluded from complication-specific chi-squared testing.
2026-09-08 11:47:34,553 - INFO - Analyte (2R)-2,3-Dihydroxypropanoic acid_NEG was not included in 4 gestational bin outlier analysis - excluded from complication-specific chi-squared testing.
2026-09-08 11:47:34,586 - INFO - Analyte 2-Aminoisobutyric acid_POS was not included in 4 gestational bin outlier analysis - excluded from complication-specific chi-squared testing.
2026-09-08 11:47:34,603 - INFO - Analyte Leucylproline_POS was not included in 4 gestational bin outlier analysis - excluded from complication-specific chi-squared testing.
2026-09-08 11:47:34,635 - INFO - Analyte (+-)-trans-3-Methyl norfentanyl_POS was not included in 4 gestational bin outlier analysis - excluded from complication-specific chi-squared testing.
2026-09-08 11:47:34,668 - INFO - Analyte Ethephon_POS was not included in 4 gestational bin outlier analysis - excluded from complication-specific chi-squared testing.
2026-09-08 11:47:34,703 - INFO - Analyte unk_p93_POS_90.5258_RT0.76 was not included in 4 gestational bin outlier analysis - excluded from complication-specific chi-squared testing.
2026-09-08 11:47:34,720 - INFO - Analyte unk_p3799_POS_338.1166_RT7.62 was not included in 4 gestational bin outlier analysis - excluded from complication-specific chi-squared testing.
2026-09-08 11:47:34,737 - INFO - Analyte Xylariamide_POS was not included in 4 gestational bin outlier analysis - excluded from complication-specific chi-squared testing.
2026-09-08 11:47:34,771 - INFO - Analyte 4-Nitrophenyl beta-D-xyloside_POS was not included in 4 gestational bin outlier analysis - excluded from complication-specific chi-squared testing.
2026-09-08 11:47:34,787 - INFO - Analyte unk_p1541_POS_276.0038_RT4.14 was not included in 4 gestational bin outlier analysis - excluded from complication-specific chi-squared testing.
2026-09-08 11:47:34,804 - INFO - Analyte L-Isoleucine_POS was not included in 4 gestational bin outlier analysis - excluded from complication-specific chi-squared testing.
2026-09-08 11:47:34,836 - INFO - Analyte 3-Methylcrotonylglycine_POS was not included in 4 gestational bin outlier analysis - excluded from complication-specific chi-squared testing.
2026-09-08 11:47:34,870 - INFO - Analyte 3-Hydroxymepivacaine_POS was not included in 4 gestational bin outlier analysis - excluded from complication-specific chi-squared testing.
2026-09-08 11:47:34,887 - INFO - Analyte L-Erythrulose_NEG was not included in 4 gestational bin outlier analysis - excluded from complication-specific chi-squared testing.
2026-09-08 11:47:34,903 - INFO - Analyte methyl 2-(acetylamino)-4-amino-4-oxobutanoate_POS was not included in 4 gestational bin outlier analysis - excluded from complication-specific chi-squared testing.
2026-09-08 11:47:35,023 - INFO - Analyte Methoxyphenamine_POS was not included in 4 gestational bin outlier analysis - excluded from complication-specific chi-squared testing.
2026-09-08 11:47:35,041 - INFO - Analyte L-Threonine_POS was not included in 4 gestational bin outlier analysis - excluded from complication-specific chi-squared testing.
2026-09-08 11:47:35,060 - INFO - Analyte Doxylamine_POS was not included in 4 gestational bin outlier analysis - excluded from complication-specific chi-squared testing.
2026-09-08 11:47:35,096 - INFO - Analyte Taurine_NEG was not included in 4 gestational bin outlier analysis - excluded from complication-specific chi-squared testing.
2026-09-08 11:47:35,133 - INFO - Analyte unk_n441_NEG_525.3312_RT11.15 was not included in 4 gestational bin outlier analysis - excluded from complication-specific chi-squared testing.
2026-09-08 11:47:35,168 - INFO - Analyte unk_n529_NEG_197.8077_RT8.34 was not included in 4 gestational bin outlier analysis - excluded from complication-specific chi-squared testing.
2026-09-08 11:47:35,201 - INFO - Analyte beta-Alanine_POS was not included in 4 gestational bin outlier analysis - excluded from complication-specific chi-squared testing.
2026-09-08 11:47:35,218 - INFO - Analyte unk_p2702_POS_497.9977_RT1.05 was not included in 4 gestational bin outlier analysis - excluded from complication-specific chi-squared testing.
2026-09-08 11:47:35,223 - INFO - Analyte Ropivacaine_POS was not included in 4 gestational bin outlier analysis - excluded from complication-specific chi-squared testing.
2026-09-08 11:47:35,240 - INFO - Analyte TRIETHYLENE GLYCOL_POS was not included in 4 gestational bin outlier analysis - excluded from complication-specific chi-squared testing.
2026-09-08 11:47:35,273 - INFO - Analyte (±)-2-Propylthiazolidine_POS was not included in 4 gestational bin outlier analysis - excluded from complication-specific chi-squared testing.
2026-09-08 11:47:35,290 - INFO - Analyte [Similar to: Threonine; ΔMass: 83.9612 Da]_NEG was not included in 4 gestational bin outlier analysis - excluded from complication-specific chi-squared testing.
2026-09-08 11:47:35,306 - INFO - Analyte NP-015114_POS was not included in 4 gestational bin outlier analysis - excluded from complication-specific chi-squared testing.
2026-09-08 11:47:35,324 - INFO - Analyte unk_n915_NEG_102.9566_RT5.57 was not included in 4 gestational bin outlier analysis - excluded from complication-specific chi-squared testing.
2026-09-08 11:47:35,359 - INFO - Analyte Caprylic acid_POS was not included in 4 gestational bin outlier analysis - excluded from complication-specific chi-squared testing.
2026-09-08 11:47:35,393 - INFO - Analyte O-Desmethyl-lacosamide_POS was not included in 4 gestational bin outlier analysis - excluded from complication-specific chi-squared testing.
2026-09-08 11:47:35,410 - INFO - Analyte [3-amino-5-(methylsulfanyl)-4-(2-pyridinyl)-1H-pyrazol-1-yl](2-thienyl)methanone_POS was not included in 4 gestational bin outlier analysis - excluded from complication-specific chi-squared testing.
2026-09-08 11:47:35,443 - INFO - Analyte V-Pyrro/NO_POS was not included in 4 gestational bin outlier analysis - excluded from complication-specific chi-squared testing.
2026-09-08 11:47:35,461 - INFO - Analyte D-1,5-Anhydrofructose_NEG was not included in 4 gestational bin outlier analysis - excluded from complication-specific chi-squared testing.
2026-09-08 11:47:35,485 - INFO - Analyte unk_n3447_NEG_458.9835_RT1.44 was not included in 4 gestational bin outlier analysis - excluded from complication-specific chi-squared testing.
2026-09-08 11:47:35,518 - INFO - Analyte Cysteine-S-sulfate_NEG was not included in 4 gestational bin outlier analysis - excluded from complication-specific chi-squared testing.
2026-09-08 11:47:35,553 - INFO - Analyte unk_p4571_POS_347.8494_RT2.42 was not included in 4 gestational bin outlier analysis - excluded from complication-specific chi-squared testing.
2026-09-08 11:47:35,610 - INFO - Analyte Cysteineglutathione disulfide_POS was not included in 4 gestational bin outlier analysis - excluded from complication-specific chi-squared testing.
2026-09-08 11:47:35,615 - INFO - Analyte unk_p3493_POS_276.1361_RT4.66 was not included in 4 gestational bin outlier analysis - excluded from complication-specific chi-squared testing.
2026-09-08 11:47:35,635 - INFO - Analyte 3-Methylheptanoylcarnitine_POS was not included in 4 gestational bin outlier analysis - excluded from complication-specific chi-squared testing.
2026-09-08 11:47:35,669 - INFO - Analyte PEG n5_POS was not included in 4 gestational bin outlier analysis - excluded from complication-specific chi-squared testing.
2026-09-08 11:47:35,686 - INFO - Analyte D-Glycero-D-galacto-heptitol_NEG was not included in 4 gestational bin outlier analysis - excluded from complication-specific chi-squared testing.
2026-09-08 11:47:35,719 - INFO - Analyte 2-Hydroxy-4-oxopentanoic acid_NEG was not included in 4 gestational bin outlier analysis - excluded from complication-specific chi-squared testing.
2026-09-08 11:47:35,736 - INFO - Analyte 3-Hydroxymethylglutaric acid_POS was not included in 4 gestational bin outlier analysis - excluded from complication-specific chi-squared testing.
2026-09-08 11:47:35,753 - INFO - Analyte Furodazole_NEG was not included in 4 gestational bin outlier analysis - excluded from complication-specific chi-squared testing.
2026-09-08 11:47:35,770 - INFO - Analyte Creatine_NEG was not included in 4 gestational bin outlier analysis - excluded from complication-specific chi-squared testing.
2026-09-08 11:47:35,804 - INFO - Analyte unk_p1992_POS_481.8173_RT5.48 was not included in 4 gestational bin outlier analysis - excluded from complication-specific chi-squared testing.
2026-09-08 11:47:35,837 - INFO - Analyte N-cyclooctylurea_POS was not included in 4 gestational bin outlier analysis - excluded from complication-specific chi-squared testing.
2026-09-08 11:47:35,842 - INFO - Analyte unk_p21_POS_226.9514_RT0.64 was not included in 4 gestational bin outlier analysis - excluded from complication-specific chi-squared testing.
2026-09-08 11:47:35,859 - INFO - Analyte (R)-Salsolinol_POS was not included in 4 gestational bin outlier analysis - excluded from complication-specific chi-squared testing.
2026-09-08 11:47:35,876 - INFO - Analyte Desmethylcitalopram_POS was not included in 4 gestational bin outlier analysis - excluded from complication-specific chi-squared testing.
2026-09-08 11:47:35,881 - INFO - Analyte unk_n694_NEG_267.8479_RT4.64 was not included in 4 gestational bin outlier analysis - excluded from complication-specific chi-squared testing.
2026-09-08 11:47:35,914 - INFO - Analyte (2S)-4-(2-Aminophenyl)-2-formamido-4-oxobutanoic acid_POS was not included in 4 gestational bin outlier analysis - excluded from complication-specific chi-squared testing.
2026-09-08 11:47:35,930 - INFO - Analyte Squamolone_POS was not included in 4 gestational bin outlier analysis - excluded from complication-specific chi-squared testing.
2026-09-08 11:47:35,947 - INFO - Analyte 2-Imidazolidone_POS was not included in 4 gestational bin outlier analysis - excluded from complication-specific chi-squared testing.
2026-09-08 11:47:35,980 - INFO - Analyte Azetidomonamide A_POS was not included in 4 gestational bin outlier analysis - excluded from complication-specific chi-squared testing.
2026-09-08 11:47:35,997 - INFO - Analyte D-threo-isocitrate_NEG was not included in 4 gestational bin outlier analysis - excluded from complication-specific chi-squared testing.
2026-09-08 11:47:36,015 - INFO - Analyte unk_p2059_POS_179.0847_RT6.26 was not included in 4 gestational bin outlier analysis - excluded from complication-specific chi-squared testing.
2026-09-08 11:47:36,049 - INFO - Analyte (2S,3R)-3-Hydroxy-2-methylbutanoic acid_POS was not included in 4 gestational bin outlier analysis - excluded from complication-specific chi-squared testing.
2026-09-08 11:47:36,114 - INFO - Analyte Acetyl-L-carnitine_POS was not included in 4 gestational bin outlier analysis - excluded from complication-specific chi-squared testing.
2026-09-08 11:47:36,116 - INFO - Analyte D-(-)-Glutamine_NEG was not included in 4 gestational bin outlier analysis - excluded from complication-specific chi-squared testing.
2026-09-08 11:47:36,152 - INFO - Analyte unk_p1337_POS_490.8173_RT11.18 was not included in 4 gestational bin outlier analysis - excluded from complication-specific chi-squared testing.
2026-09-08 11:47:36,169 - INFO - Analyte N,N-dimethyl-N-(3-perfluoroalkylsulfonamidopropan-1-yl)-N-(3-sulfopropan-1-yl)ammonium;N-sulfo propyl dimethyl ammonio propyl perfluoroethane sulfonamide;N-sulfo propyl dimethyl ammonio propyl perfluoroethane sulfonamide;perfluoroethane sulfonamido betaine propyl sulfonate_POS was not included in 4 gestational bin outlier analysis - excluded from complication-specific chi-squared testing.
2026-09-08 11:47:36,186 - INFO - Analyte (x)-2-Heptanol glucoside_POS was not included in 4 gestational bin outlier analysis - excluded from complication-specific chi-squared testing.
2026-09-08 11:47:36,188 - INFO - Analyte Succinic acid semialdehyde_NEG was not included in 4 gestational bin outlier analysis - excluded from complication-specific chi-squared testing.
2026-09-08 11:47:36,205 - INFO - Analyte D-(+)-Glucose_POS was not included in 4 gestational bin outlier analysis - excluded from complication-specific chi-squared testing.
2026-09-08 11:47:36,238 - INFO - Analyte Diethylaminoethyl-Sephacel_POS was not included in 4 gestational bin outlier analysis - excluded from complication-specific chi-squared testing.
2026-09-08 11:47:36,270 - INFO - Analyte L-Glutamic acid_POS was not included in 4 gestational bin outlier analysis - excluded from complication-specific chi-squared testing.
2026-09-08 11:47:36,303 - INFO - Analyte Penicillamine disulfide_POS was not included in 4 gestational bin outlier analysis - excluded from complication-specific chi-squared testing.
2026-09-08 11:47:36,308 - INFO - Analyte [Similar to: Asparagine; ΔMass: 67.9873 Da]_NEG was not included in 4 gestational bin outlier analysis - excluded from complication-specific chi-squared testing.
2026-09-08 11:47:36,325 - INFO - Analyte 6-Chloro-2,3,4,5-tetrahydro-1H-3-benzazepine_NEG was not included in 4 gestational bin outlier analysis - excluded from complication-specific chi-squared testing.
2026-09-08 11:47:36,359 - INFO - Analyte Validoxylamine G_POS was not included in 4 gestational bin outlier analysis - excluded from complication-specific chi-squared testing.
2026-09-08 11:47:36,393 - INFO - Analyte Threonine_NEG was not included in 4 gestational bin outlier analysis - excluded from complication-specific chi-squared testing.
2026-09-08 11:47:36,427 - INFO - Analyte O-Desmethyl-cis-tramadol_POS was not included in 4 gestational bin outlier analysis - excluded from complication-specific chi-squared testing.
2026-09-08 11:47:36,460 - INFO - Analyte N,N-Didesmethylvenlafaxine_POS was not included in 4 gestational bin outlier analysis - excluded from complication-specific chi-squared testing.
2026-09-08 11:47:36,493 - INFO - Analyte 3-[(4-Chlorophenyl)thio]-6-(3,5-dimethyl-1H-pyrazol-1-yl)pyridazine_POS was not included in 4 gestational bin outlier analysis - excluded from complication-specific chi-squared testing.
2026-09-08 11:47:36,526 - INFO - Analyte Aladapcin_POS was not included in 4 gestational bin outlier analysis - excluded from complication-specific chi-squared testing.
2026-09-08 11:47:36,559 - INFO - Analyte Acetylcholine_POS was not included in 4 gestational bin outlier analysis - excluded from complication-specific chi-squared testing.
2026-09-08 11:47:36,575 - INFO - Analyte Cocaine_POS was not included in 4 gestational bin outlier analysis - excluded from complication-specific chi-squared testing.
2026-09-08 11:47:36,578 - INFO - Analyte (2R*,3R*)-1,2,3-Butanetriol_POS was not included in 4 gestational bin outlier analysis - excluded from complication-specific chi-squared testing.
2026-09-08 11:47:36,595 - INFO - Analyte Tranexamic Acid_POS was not included in 4 gestational bin outlier analysis - excluded from complication-specific chi-squared testing.
2026-09-08 11:47:36,672 - INFO - Analyte Citalopram hydrobromide_POS was not included in 4 gestational bin outlier analysis - excluded from complication-specific chi-squared testing.
2026-09-08 11:47:36,706 - INFO - Analyte Crotonic acid_POS was not included in 4 gestational bin outlier analysis - excluded from complication-specific chi-squared testing.
2026-09-08 11:47:36,711 - INFO - Analyte unk_n104_NEG_197.8080_RT4.23 was not included in 4 gestational bin outlier analysis - excluded from complication-specific chi-squared testing.
2026-09-08 11:47:36,716 - INFO - Analyte [Similar to: N1-(2-methyl-4-nitrophenyl)acetamide; ΔMass: -46.1009 Da]_NEG was not included in 4 gestational bin outlier analysis - excluded from complication-specific chi-squared testing.
2026-09-08 11:47:36,733 - INFO - Analyte 2-(2-Thienylmethylene)-1,6-dioxaspiro[4.4]non-3-ene_POS was not included in 4 gestational bin outlier analysis - excluded from complication-specific chi-squared testing.
2026-09-08 11:47:36,766 - INFO - Analyte unk_p755_POS_173.0783_RT3.49 was not included in 4 gestational bin outlier analysis - excluded from complication-specific chi-squared testing.
2026-09-08 11:47:36,799 - INFO - Analyte Vaccenyl carnitine_POS was not included in 4 gestational bin outlier analysis - excluded from complication-specific chi-squared testing.
2026-09-08 11:47:36,815 - INFO - Analyte Glycylproline_POS was not included in 4 gestational bin outlier analysis - excluded from complication-specific chi-squared testing.
2026-09-08 11:47:36,848 - INFO - Analyte 2-Oxopropyl 2-oxopropanoate_NEG was not included in 4 gestational bin outlier analysis - excluded from complication-specific chi-squared testing.
2026-09-08 11:47:36,853 - INFO - Analyte methadone-d9_NEG was not included in 4 gestational bin outlier analysis - excluded from complication-specific chi-squared testing.
2026-09-08 11:47:36,870 - INFO - Analyte 2-(methylthio)-4-(3-pyridyl)pyrimidine_POS was not included in 4 gestational bin outlier analysis - excluded from complication-specific chi-squared testing.
2026-09-08 11:47:36,872 - INFO - Analyte unk_p4117_POS_730.1590_RT4.67 was not included in 4 gestational bin outlier analysis - excluded from complication-specific chi-squared testing.
2026-09-08 11:47:36,875 - INFO - Analyte Butyrylcarnitine_POS was not included in 4 gestational bin outlier analysis - excluded from complication-specific chi-squared testing.
2026-09-08 11:47:36,909 - INFO - Analyte Triisobutyl phosphate_POS was not included in 4 gestational bin outlier analysis - excluded from complication-specific chi-squared testing.
2026-09-08 11:47:36,926 - INFO - Analyte 1-Methoxy-1H-indole-3-acetonitrile_POS was not included in 4 gestational bin outlier analysis - excluded from complication-specific chi-squared testing.
2026-09-08 11:47:36,959 - INFO - Analyte (5R)-5-Hydroxyhexanoic acid_POS was not included in 4 gestational bin outlier analysis - excluded from complication-specific chi-squared testing.
2026-09-08 11:47:36,976 - INFO - Analyte [Similar to: L-Threonic acid; ΔMass: 112.0010 Da]_NEG was not included in 4 gestational bin outlier analysis - excluded from complication-specific chi-squared testing.
2026-09-08 11:47:36,993 - INFO - Analyte unk_p2205_POS_101.0790_RT2.80 was not included in 4 gestational bin outlier analysis - excluded from complication-specific chi-squared testing.
2026-09-08 11:47:37,010 - INFO - Analyte Diaminopimelic acid_POS was not included in 4 gestational bin outlier analysis - excluded from complication-specific chi-squared testing.
2026-09-08 11:47:37,014 - INFO - Analyte N-Methyl-4-nitroaniline_POS was not included in 4 gestational bin outlier analysis - excluded from complication-specific chi-squared testing.
2026-09-08 11:47:37,047 - INFO - Analyte unk_n219_NEG_116.9285_RT11.96 was not included in 4 gestational bin outlier analysis - excluded from complication-specific chi-squared testing.
2026-09-08 11:47:37,080 - INFO - Analyte 1,2,2-trifluoro-2-(trifluoromethoxy)ethan-1-ol;Hydrogen-substituted perfluoroether butanol_NEG was not included in 4 gestational bin outlier analysis - excluded from complication-specific chi-squared testing.
2026-09-08 11:47:37,115 - INFO - Analyte Octylphosphonic acid_POS was not included in 4 gestational bin outlier analysis - excluded from complication-specific chi-squared testing.
2026-09-08 11:47:37,148 - INFO - Analyte Morpholine_POS was not included in 4 gestational bin outlier analysis - excluded from complication-specific chi-squared testing.
2026-09-08 11:47:37,165 - INFO - Analyte Valine_POS was not included in 4 gestational bin outlier analysis - excluded from complication-specific chi-squared testing.
2026-09-08 11:47:37,198 - INFO - Analyte 4-Oxoproline_NEG was not included in 4 gestational bin outlier analysis - excluded from complication-specific chi-squared testing.
2026-09-08 11:47:37,297 - INFO - Analyte unk_p3907_POS_370.0736_RT5.90 was not included in 4 gestational bin outlier analysis - excluded from complication-specific chi-squared testing.
2026-09-08 11:47:37,332 - INFO - Analyte N-acetyl zonisamide_POS was not included in 4 gestational bin outlier analysis - excluded from complication-specific chi-squared testing.
2026-09-08 11:47:37,349 - INFO - Analyte 4-Hydroxyproline_NEG was not included in 4 gestational bin outlier analysis - excluded from complication-specific chi-squared testing.
2026-09-08 11:47:37,354 - INFO - Analyte unk_p1789_POS_481.8174_RT8.05 was not included in 4 gestational bin outlier analysis - excluded from complication-specific chi-squared testing.
2026-09-08 11:47:37,387 - INFO - Analyte N-(1,3-benzodioxol-5-yl)-2-methyl-5-(piperidinosulfonyl)-3-furamide_POS was not included in 4 gestational bin outlier analysis - excluded from complication-specific chi-squared testing.
2026-09-08 11:47:37,420 - INFO - Analyte NP-022068_POS was not included in 4 gestational bin outlier analysis - excluded from complication-specific chi-squared testing.
2026-09-08 11:47:37,453 - INFO - Analyte unk_n683_NEG_226.9274_RT2.46 was not included in 4 gestational bin outlier analysis - excluded from complication-specific chi-squared testing.
2026-09-08 11:47:37,486 - INFO - Analyte [Similar to: 2-{[(2R,3R,4S,5S,6R)-4,5-dihydroxy-6-(hydroxymethyl)-3-{[(2S,3R,4R,5R,6S)-3,4,5-trihydroxy-6-methyloxan-2-yl]oxy}oxan-2-yl]oxy}-2-(4-hydroxyphenyl)acetonitrile; ΔMass: -157.9643 Da]_POS was not included in 4 gestational bin outlier analysis - excluded from complication-specific chi-squared testing.
2026-09-08 11:47:37,503 - INFO - Analyte 3-Hydroxymonoethylglycinexylidide_POS was not included in 4 gestational bin outlier analysis - excluded from complication-specific chi-squared testing.
2026-09-08 11:47:37,536 - INFO - Analyte 2-Aminothiazole_POS was not included in 4 gestational bin outlier analysis - excluded from complication-specific chi-squared testing.
2026-09-08 11:47:37,553 - INFO - Analyte Pyrrolidine_POS was not included in 4 gestational bin outlier analysis - excluded from complication-specific chi-squared testing.
2026-09-08 11:47:37,570 - INFO - Analyte unk_p1714_POS_174.9566_RT3.15 was not included in 4 gestational bin outlier analysis - excluded from complication-specific chi-squared testing.
2026-09-08 11:47:37,604 - INFO - Analyte Bicine_NEG was not included in 4 gestational bin outlier analysis - excluded from complication-specific chi-squared testing.
2026-09-08 11:47:37,636 - INFO - Analyte bk-MDDMA_POS was not included in 4 gestational bin outlier analysis - excluded from complication-specific chi-squared testing.
2026-09-08 11:47:37,653 - INFO - Analyte unk_n43_NEG_231.9316_RT9.38 was not included in 4 gestational bin outlier analysis - excluded from complication-specific chi-squared testing.
2026-09-08 11:47:37,686 - INFO - Analyte (S)-(+)-2-Amino-1-propanol_POS was not included in 4 gestational bin outlier analysis - excluded from complication-specific chi-squared testing.
2026-09-08 11:47:37,705 - INFO - Analyte Ritodrine_POS was not included in 4 gestational bin outlier analysis - excluded from complication-specific chi-squared testing.
2026-09-08 11:47:37,738 - INFO - Analyte Allyl 2-(1H-benzimidazol-2-yl)-2-cyano-N-phenylethanimidothioate_POS was not included in 4 gestational bin outlier analysis - excluded from complication-specific chi-squared testing.
2026-09-08 11:47:37,761 - INFO - Analyte Pseudoecgonine_POS was not included in 4 gestational bin outlier analysis - excluded from complication-specific chi-squared testing.
2026-09-08 11:47:37,778 - INFO - Analyte Proline_POS was not included in 4 gestational bin outlier analysis - excluded from complication-specific chi-squared testing.
2026-09-08 11:47:37,811 - INFO - Analyte unk_p4135_POS_461.8025_RT1.59 was not included in 4 gestational bin outlier analysis - excluded from complication-specific chi-squared testing.
2026-09-08 11:47:37,828 - INFO - Analyte unk_p2327_POS_272.1338_RT2.37 was not included in 4 gestational bin outlier analysis - excluded from complication-specific chi-squared testing.
2026-09-08 11:47:37,861 - INFO - Analyte NP-020535_POS was not included in 4 gestational bin outlier analysis - excluded from complication-specific chi-squared testing.
2026-09-08 11:47:37,878 - INFO - Analyte 5-nitrothiazol-2-amine_POS was not included in 4 gestational bin outlier analysis - excluded from complication-specific chi-squared testing.
2026-09-08 11:47:37,911 - INFO - Analyte unk_p4977_POS_430.3673_RT0.76 was not included in 4 gestational bin outlier analysis - excluded from complication-specific chi-squared testing.
2026-09-08 11:47:37,986 - INFO - Analyte unk_p1632_POS_663.4347_RT12.76 was not included in 4 gestational bin outlier analysis - excluded from complication-specific chi-squared testing.
2026-09-08 11:47:38,019 - INFO - Analyte 3-Hydroxybupivicaine_POS was not included in 4 gestational bin outlier analysis - excluded from complication-specific chi-squared testing.
2026-09-08 11:47:38,024 - INFO - Analyte unk_n9_NEG_273.9896_RT11.04 was not included in 4 gestational bin outlier analysis - excluded from complication-specific chi-squared testing.
2026-09-08 11:47:38,043 - INFO - Analyte 3-hydroxy-3-methylpentanedioic acid_POS was not included in 4 gestational bin outlier analysis - excluded from complication-specific chi-squared testing.
2026-09-08 11:47:38,077 - INFO - Analyte 2-Methyl-3-ketovaleric acid_POS was not included in 4 gestational bin outlier analysis - excluded from complication-specific chi-squared testing.
2026-09-08 11:47:38,110 - INFO - Analyte (4E)-3-Hydroxy-2,4-dimethyl-4-heptenamide_POS was not included in 4 gestational bin outlier analysis - excluded from complication-specific chi-squared testing.
2026-09-08 11:47:38,143 - INFO - Analyte Lamotrigine_POS was not included in 4 gestational bin outlier analysis - excluded from complication-specific chi-squared testing.
2026-09-08 11:47:38,176 - INFO - Analyte Xestoaminol C_POS was not included in 4 gestational bin outlier analysis - excluded from complication-specific chi-squared testing.
2026-09-08 11:47:38,209 - INFO - Analyte Acycloguanosine_NEG was not included in 4 gestational bin outlier analysis - excluded from complication-specific chi-squared testing.
2026-09-08 11:47:38,226 - INFO - Analyte unk_n75_NEG_197.8079_RT5.38 was not included in 4 gestational bin outlier analysis - excluded from complication-specific chi-squared testing.
2026-09-08 11:47:38,260 - INFO - Analyte Mevalonic acid_POS was not included in 4 gestational bin outlier analysis - excluded from complication-specific chi-squared testing.
2026-09-08 11:47:38,294 - INFO - Analyte Lorbamate_POS was not included in 4 gestational bin outlier analysis - excluded from complication-specific chi-squared testing.
2026-09-08 11:47:38,311 - INFO - Analyte 2-Furanmethanol_POS was not included in 4 gestational bin outlier analysis - excluded from complication-specific chi-squared testing.
2026-09-08 11:47:38,344 - INFO - Analyte Guanidoacetic acid_POS was not included in 4 gestational bin outlier analysis - excluded from complication-specific chi-squared testing.
2026-09-08 11:47:38,361 - INFO - Analyte Acetazolamide_NEG was not included in 4 gestational bin outlier analysis - excluded from complication-specific chi-squared testing.
2026-09-08 11:47:38,394 - INFO - Analyte unk_n834_NEG_333.1415_RT9.64 was not included in 4 gestational bin outlier analysis - excluded from complication-specific chi-squared testing.
2026-09-08 11:47:38,427 - INFO - Analyte D-(+)-Maltose_NEG was not included in 4 gestational bin outlier analysis - excluded from complication-specific chi-squared testing.
2026-09-08 11:47:38,444 - INFO - Analyte 4-Thialysine_POS was not included in 4 gestational bin outlier analysis - excluded from complication-specific chi-squared testing.
2026-09-08 11:47:38,478 - INFO - Analyte unk_p2623_POS_506.2075_RT7.31 was not included in 4 gestational bin outlier analysis - excluded from complication-specific chi-squared testing.
2026-09-08 11:47:38,558 - INFO - Analyte unk_n11_NEG_273.9895_RT10.40 was not included in 4 gestational bin outlier analysis - excluded from complication-specific chi-squared testing.
2026-09-08 11:47:38,592 - INFO - Analyte L-beta-aspartyl-L-glycine_POS was not included in 4 gestational bin outlier analysis - excluded from complication-specific chi-squared testing.
2026-09-08 11:47:38,625 - INFO - Analyte unk_p4598_POS_370.0734_RT6.62 was not included in 4 gestational bin outlier analysis - excluded from complication-specific chi-squared testing.
2026-09-08 11:47:38,658 - INFO - Analyte unk_p4657_POS_382.3426_RT11.09 was not included in 4 gestational bin outlier analysis - excluded from complication-specific chi-squared testing.
2026-09-08 11:47:38,691 - INFO - Analyte 5-Nitro-o-toluidine_POS was not included in 4 gestational bin outlier analysis - excluded from complication-specific chi-squared testing.
2026-09-08 11:47:38,725 - INFO - Analyte Xylactam_POS was not included in 4 gestational bin outlier analysis - excluded from complication-specific chi-squared testing.
2026-09-08 11:47:38,758 - INFO - Analyte unk_p1333_POS_99.5122_RT7.62 was not included in 4 gestational bin outlier analysis - excluded from complication-specific chi-squared testing.
2026-09-08 11:47:38,775 - INFO - Analyte 7-(2-thienyl)[1,2,4]triazolo[4,3-a]pyrimidine_POS was not included in 4 gestational bin outlier analysis - excluded from complication-specific chi-squared testing.
2026-09-08 11:47:38,791 - INFO - Analyte cis-Acetylacrylate_POS was not included in 4 gestational bin outlier analysis - excluded from complication-specific chi-squared testing.
2026-09-08 11:47:38,824 - INFO - Analyte Ecgonine_POS was not included in 4 gestational bin outlier analysis - excluded from complication-specific chi-squared testing.
2026-09-08 11:47:38,858 - INFO - Analyte PEG n12_POS was not included in 4 gestational bin outlier analysis - excluded from complication-specific chi-squared testing.
2026-09-08 11:47:38,860 - INFO - Analyte 2-Furancarboxaldehyde_NEG was not included in 4 gestational bin outlier analysis - excluded from complication-specific chi-squared testing.
2026-09-08 11:47:38,877 - INFO - Analyte L-Aspartic acid_POS was not included in 4 gestational bin outlier analysis - excluded from complication-specific chi-squared testing.
2026-09-08 11:47:38,894 - INFO - Analyte Homocitrulline_POS was not included in 4 gestational bin outlier analysis - excluded from complication-specific chi-squared testing.
2026-09-08 11:47:38,911 - INFO - Analyte unk_p8_POS_178.0903_RT10.06 was not included in 4 gestational bin outlier analysis - excluded from complication-specific chi-squared testing.
2026-09-08 11:47:38,945 - INFO - Analyte Methadone_POS was not included in 4 gestational bin outlier analysis - excluded from complication-specific chi-squared testing.
2026-09-08 11:47:38,978 - INFO - Analyte unk_p2870_POS_426.3213_RT12.12 was not included in 4 gestational bin outlier analysis - excluded from complication-specific chi-squared testing.
2026-09-08 11:47:39,011 - INFO - Analyte Methamphetamine_POS was not included in 4 gestational bin outlier analysis - excluded from complication-specific chi-squared testing.
2026-09-08 11:47:39,043 - INFO - Analyte Propylenediamine tetra-acetic acid_POS was not included in 4 gestational bin outlier analysis - excluded from complication-specific chi-squared testing.
2026-09-08 11:47:39,076 - INFO - Analyte 3-(2-methylpropyl)-octahydropyrrolo[1,2-a]pyrazine-1,4-dione_POS was not included in 4 gestational bin outlier analysis - excluded from complication-specific chi-squared testing.
2026-09-08 11:47:39,163 - INFO - Analyte Venlafaxine N-Oxide_POS was not included in 4 gestational bin outlier analysis - excluded from complication-specific chi-squared testing.
2026-09-08 11:47:39,197 - INFO - Analyte 1,1-Dichloroacetone_POS was not included in 4 gestational bin outlier analysis - excluded from complication-specific chi-squared testing.
2026-09-08 11:47:39,214 - INFO - Analyte unk_p1255_POS_297.9856_RT8.42 was not included in 4 gestational bin outlier analysis - excluded from complication-specific chi-squared testing.
2026-09-08 11:47:39,230 - INFO - Analyte (2S,3R,4S,5R,6R)-6-Ethyloxane-2,3,4,5-tetrol_POS was not included in 4 gestational bin outlier analysis - excluded from complication-specific chi-squared testing.
2026-09-08 11:47:39,263 - INFO - Analyte Phenyl sulfoxide_NEG was not included in 4 gestational bin outlier analysis - excluded from complication-specific chi-squared testing.
2026-09-08 11:47:39,268 - INFO - Analyte [Similar to: L-Threonic acid; ΔMass: 67.9873 Da]_NEG was not included in 4 gestational bin outlier analysis - excluded from complication-specific chi-squared testing.
2026-09-08 11:47:39,286 - INFO - Analyte Alanylserine_POS was not included in 4 gestational bin outlier analysis - excluded from complication-specific chi-squared testing.
2026-09-08 11:47:39,319 - INFO - Analyte D3-Creatinine_POS was not included in 4 gestational bin outlier analysis - excluded from complication-specific chi-squared testing.
2026-09-08 11:47:39,353 - INFO - Analyte 2-(4-chlorophenoxy)pyridin-3-amine_POS was not included in 4 gestational bin outlier analysis - excluded from complication-specific chi-squared testing.
2026-09-08 11:47:39,370 - INFO - Analyte L-Lysine_POS was not included in 4 gestational bin outlier analysis - excluded from complication-specific chi-squared testing.
2026-09-08 11:47:39,403 - INFO - Analyte Epinephrine_POS was not included in 4 gestational bin outlier analysis - excluded from complication-specific chi-squared testing.
2026-09-08 11:47:39,436 - INFO - Analyte unk_p4438_POS_454.2431_RT9.53 was not included in 4 gestational bin outlier analysis - excluded from complication-specific chi-squared testing.
2026-09-08 11:47:39,469 - INFO - Analyte unk_n449_NEG_525.3312_RT11.55 was not included in 4 gestational bin outlier analysis - excluded from complication-specific chi-squared testing.
2026-09-08 11:47:39,486 - INFO - Analyte unk_n2989_NEG_778.2049_RT9.66 was not included in 4 gestational bin outlier analysis - excluded from complication-specific chi-squared testing.
2026-09-08 11:47:39,519 - INFO - Analyte Hydroxymethyl hydrogen carbonate_NEG was not included in 4 gestational bin outlier analysis - excluded from complication-specific chi-squared testing.
2026-09-08 11:47:39,552 - INFO - Analyte 5S,6S-epoxy-15R-hydroxy-ETE_POS was not included in 4 gestational bin outlier analysis - excluded from complication-specific chi-squared testing.
2026-09-08 11:47:39,570 - INFO - Analyte Cefalexin_POS was not included in 4 gestational bin outlier analysis - excluded from complication-specific chi-squared testing.
2026-09-08 11:47:39,604 - INFO - Analyte unk_p256_POS_223.0700_RT11.18 was not included in 4 gestational bin outlier analysis - excluded from complication-specific chi-squared testing.
2026-09-08 11:47:39,637 - INFO - Analyte Citrulline_NEG was not included in 4 gestational bin outlier analysis - excluded from complication-specific chi-squared testing.
2026-09-08 11:47:39,654 - INFO - Analyte Nadolol_POS was not included in 4 gestational bin outlier analysis - excluded from complication-specific chi-squared testing.
2026-09-08 11:47:39,734 - INFO - Analyte Bupropion hydrochloride_POS was not included in 4 gestational bin outlier analysis - excluded from complication-specific chi-squared testing.
2026-09-08 11:47:39,752 - INFO - Analyte unk_p480_POS_242.9825_RT7.37 was not included in 4 gestational bin outlier analysis - excluded from complication-specific chi-squared testing.
2026-09-08 11:47:39,770 - INFO - Analyte N6-Me-Adenosine_POS was not included in 4 gestational bin outlier analysis - excluded from complication-specific chi-squared testing.
2026-09-08 11:47:39,788 - INFO - Analyte Anthranilic acid_POS was not included in 4 gestational bin outlier analysis - excluded from complication-specific chi-squared testing.
2026-09-08 11:47:39,822 - INFO - Analyte 2-Pyridylacetic acid_POS was not included in 4 gestational bin outlier analysis - excluded from complication-specific chi-squared testing.
2026-09-08 11:47:39,839 - INFO - Analyte 2-Aminobicyclo[3.1.0]hexane-2,6-dicarboxylic acid_POS was not included in 4 gestational bin outlier analysis - excluded from complication-specific chi-squared testing.
2026-09-08 11:47:39,855 - INFO - Analyte Clopidol_POS was not included in 4 gestational bin outlier analysis - excluded from complication-specific chi-squared testing.
2026-09-08 11:47:39,888 - INFO - Analyte Asparagine_NEG was not included in 4 gestational bin outlier analysis - excluded from complication-specific chi-squared testing.
2026-09-08 11:47:39,905 - INFO - Analyte Pyrogallol_POS was not included in 4 gestational bin outlier analysis - excluded from complication-specific chi-squared testing.
2026-09-08 11:47:39,922 - INFO - Analyte N-{[(2R,4S,5R)-5-(1-Methyl-3-phenyl-1H-pyrazol-5-yl)-1-azabicyclo[2.2.2]oct-2-yl]methyl}methanesulfonamide_POS was not included in 4 gestational bin outlier analysis - excluded from complication-specific chi-squared testing.
2026-09-08 11:47:39,956 - INFO - Analyte unk_p1961_POS_481.8174_RT7.74 was not included in 4 gestational bin outlier analysis - excluded from complication-specific chi-squared testing.
2026-09-08 11:47:39,989 - INFO - Analyte Dihydrothymine_NEG was not included in 4 gestational bin outlier analysis - excluded from complication-specific chi-squared testing.
2026-09-08 11:47:39,994 - INFO - Analyte Metronidazole-OH_POS was not included in 4 gestational bin outlier analysis - excluded from complication-specific chi-squared testing.
2026-09-08 11:47:40,011 - INFO - Analyte L-Aspartic acid_NEG was not included in 4 gestational bin outlier analysis - excluded from complication-specific chi-squared testing.
2026-09-08 11:47:40,027 - INFO - Analyte 6-(1,2,3,4-Tetrahydroxybutyl)oxane-2,3,4,5-tetrol_NEG was not included in 4 gestational bin outlier analysis - excluded from complication-specific chi-squared testing.
2026-09-08 11:47:40,060 - INFO - Analyte N-Acetyl-DL-tryptophan_POS was not included in 4 gestational bin outlier analysis - excluded from complication-specific chi-squared testing.
2026-09-08 11:47:40,077 - INFO - Analyte unk_n3153_NEG_237.9734_RT2.13 was not included in 4 gestational bin outlier analysis - excluded from complication-specific chi-squared testing.
2026-09-08 11:47:40,109 - INFO - Analyte Acycloguanosine_POS was not included in 4 gestational bin outlier analysis - excluded from complication-specific chi-squared testing.
2026-09-08 11:47:40,127 - INFO - Analyte 2-(2,6-dimethoxyphenyl)-5,6-dimethoxy-4H-chromen-4-one_POS was not included in 4 gestational bin outlier analysis - excluded from complication-specific chi-squared testing.
2026-09-08 11:47:40,132 - INFO - Analyte Allopurinol_NEG was not included in 4 gestational bin outlier analysis - excluded from complication-specific chi-squared testing.
2026-09-08 11:47:40,149 - INFO - Analyte 5-Aminolevulinic acid_POS was not included in 4 gestational bin outlier analysis - excluded from complication-specific chi-squared testing.
2026-09-08 11:47:40,261 - INFO - Analyte [Similar to: DL-Arginine; ΔMass: 180.0636 Da]_NEG was not included in 4 gestational bin outlier analysis - excluded from complication-specific chi-squared testing.
2026-09-08 11:47:40,296 - INFO - Analyte Aspartame_POS was not included in 4 gestational bin outlier analysis - excluded from complication-specific chi-squared testing.
2026-09-08 11:47:40,315 - INFO - Analyte 2-Furancarboxaldehyde_POS was not included in 4 gestational bin outlier analysis - excluded from complication-specific chi-squared testing.
2026-09-08 11:47:40,338 - INFO - Analyte Methoxsalen_POS was not included in 4 gestational bin outlier analysis - excluded from complication-specific chi-squared testing.
2026-09-08 11:47:40,371 - INFO - Analyte Phosphate_NEG was not included in 4 gestational bin outlier analysis - excluded from complication-specific chi-squared testing.
2026-09-08 11:47:40,389 - INFO - Analyte D-(+)-Glucose_NEG was not included in 4 gestational bin outlier analysis - excluded from complication-specific chi-squared testing.
2026-09-08 11:47:40,422 - INFO - Analyte unk_n146_NEG_228.9939_RT11.62 was not included in 4 gestational bin outlier analysis - excluded from complication-specific chi-squared testing.
2026-09-08 11:47:40,455 - INFO - Analyte L-Pyroglutamic acid_POS was not included in 4 gestational bin outlier analysis - excluded from complication-specific chi-squared testing.
2026-09-08 11:47:40,489 - INFO - Analyte tetrahomomethionine_POS was not included in 4 gestational bin outlier analysis - excluded from complication-specific chi-squared testing.
2026-09-08 11:47:40,506 - INFO - Analyte Cyclopentylamine_POS was not included in 4 gestational bin outlier analysis - excluded from complication-specific chi-squared testing.
2026-09-08 11:47:40,523 - INFO - Analyte N-(2-Hydroxypropyl)valine_POS was not included in 4 gestational bin outlier analysis - excluded from complication-specific chi-squared testing.
2026-09-08 11:47:40,556 - INFO - Analyte tert-Butyl N-[1-(aminocarbonyl)-3-methylbutyl]carbamate_POS was not included in 4 gestational bin outlier analysis - excluded from complication-specific chi-squared testing.
2026-09-08 11:47:40,573 - INFO - Analyte α-Lactose_POS was not included in 4 gestational bin outlier analysis - excluded from complication-specific chi-squared testing.
2026-09-08 11:47:40,615 - INFO - Analyte 1-(2-Furylmethyl)-5-oxopyrrolidine-3-carboxylic acid_NEG was not included in 4 gestational bin outlier analysis - excluded from complication-specific chi-squared testing.
2026-09-08 11:47:40,635 - INFO - Analyte 2-(Methylsulfonyl)pyridine_POS was not included in 4 gestational bin outlier analysis - excluded from complication-specific chi-squared testing.
2026-09-08 11:47:40,668 - INFO - Analyte 6-Hydroxy-1H-indole-3-acetamide_POS was not included in 4 gestational bin outlier analysis - excluded from complication-specific chi-squared testing.
2026-09-08 11:47:40,704 - INFO - Analyte unk_p2701_POS_497.9975_RT1.19 was not included in 4 gestational bin outlier analysis - excluded from complication-specific chi-squared testing.
2026-09-08 11:47:40,738 - INFO - Analyte O-Desmethylvenlafaxine_POS was not included in 4 gestational bin outlier analysis - excluded from complication-specific chi-squared testing.
2026-09-08 11:47:40,771 - INFO - Analyte 4-Pyridoxic acid_POS was not included in 4 gestational bin outlier analysis - excluded from complication-specific chi-squared testing.
2026-09-08 11:47:40,804 - INFO - Analyte N-Acetyl-L-carnosine_POS was not included in 4 gestational bin outlier analysis - excluded from complication-specific chi-squared testing.
2026-09-08 11:47:40,822 - INFO - Analyte unk_p557_POS_445.8151_RT12.73 was not included in 4 gestational bin outlier analysis - excluded from complication-specific chi-squared testing.
2026-09-08 11:47:40,827 - INFO - Analyte unk_p223_POS_111.0200_RT9.05 was not included in 4 gestational bin outlier analysis - excluded from complication-specific chi-squared testing.
2026-09-08 11:47:40,859 - INFO - Analyte Ethylenediaminetetraacetic acid (EDTA)_POS was not included in 4 gestational bin outlier analysis - excluded from complication-specific chi-squared testing.
2026-09-08 11:47:40,892 - INFO - Analyte unk_p5266_POS_459.2620_RT11.62 was not included in 4 gestational bin outlier analysis - excluded from complication-specific chi-squared testing.
2026-09-08 11:47:40,898 - INFO - Analyte 4'-Chloro-α-pyrrolidinopropiophenone_POS was not included in 4 gestational bin outlier analysis - excluded from complication-specific chi-squared testing.
2026-09-08 11:47:40,915 - INFO - Analyte Bis(cyano-kappaC)iron_POS was not included in 4 gestational bin outlier analysis - excluded from complication-specific chi-squared testing.
2026-09-08 11:47:40,932 - INFO - Analyte 1-Hydroxybenzotriazol_POS was not included in 4 gestational bin outlier analysis - excluded from complication-specific chi-squared testing.
2026-09-08 11:47:40,965 - INFO - Analyte Ornithine_NEG was not included in 4 gestational bin outlier analysis - excluded from complication-specific chi-squared testing.
2026-09-08 11:47:40,998 - INFO - Analyte DL-Arginine_POS was not included in 4 gestational bin outlier analysis - excluded from complication-specific chi-squared testing.
2026-09-08 11:47:41,077 - INFO - Analyte N-(5-Methyl-3-oxohexyl)alanine_POS was not included in 4 gestational bin outlier analysis - excluded from complication-specific chi-squared testing.
2026-09-08 11:47:41,094 - INFO - Analyte 4-Amino-2-pyrazin-2-ylpyrimidine-5-carbonitrile_POS was not included in 4 gestational bin outlier analysis - excluded from complication-specific chi-squared testing.
2026-09-08 11:47:41,110 - INFO - Analyte unk_p1254_POS_83.5357_RT0.57 was not included in 4 gestational bin outlier analysis - excluded from complication-specific chi-squared testing.
2026-09-08 11:47:41,145 - INFO - Analyte 3-(dimethylamino)-1-(2-pyridyl)prop-2-en-1-one_POS was not included in 4 gestational bin outlier analysis - excluded from complication-specific chi-squared testing.
2026-09-08 11:47:41,148 - INFO - Analyte Benzoylecgonine_POS was not included in 4 gestational bin outlier analysis - excluded from complication-specific chi-squared testing.
2026-09-08 11:47:41,180 - INFO - Analyte Suberic acid_POS was not included in 4 gestational bin outlier analysis - excluded from complication-specific chi-squared testing.
2026-09-08 11:47:41,197 - INFO - Analyte N,N'-Diphenylguanidine_POS was not included in 4 gestational bin outlier analysis - excluded from complication-specific chi-squared testing.
2026-09-08 11:47:41,214 - INFO - Analyte Leucylphenylalanine_POS was not included in 4 gestational bin outlier analysis - excluded from complication-specific chi-squared testing.
2026-09-08 11:47:41,231 - INFO - Analyte Atenolol acid_POS was not included in 4 gestational bin outlier analysis - excluded from complication-specific chi-squared testing.
2026-09-08 11:47:41,263 - INFO - Analyte Diisopropylphosphate_NEG was not included in 4 gestational bin outlier analysis - excluded from complication-specific chi-squared testing.
2026-09-08 11:47:41,297 - INFO - Analyte 4:2 fluorotelomer thia hydroxy propyl trimethyl ammonium;4:2 fluorotelomer thia hydroxy propyl trimethyl ammonium;fluorotelomer thiohydroxyl ammonium (Backe, D'Agostino, Meija-Avedano), X:2 fluorotelomer thioether 2-propanol trimethyl quaternary amine_POS was not included in 4 gestational bin outlier analysis - excluded from complication-specific chi-squared testing.
2026-09-08 11:47:41,314 - INFO - Analyte Caprolactam_POS was not included in 4 gestational bin outlier analysis - excluded from complication-specific chi-squared testing.
2026-09-08 11:47:41,347 - INFO - Analyte Bis(diaminomethylideneamino) butanedioate_POS was not included in 4 gestational bin outlier analysis - excluded from complication-specific chi-squared testing.
2026-09-08 11:47:41,379 - INFO - Analyte unk_p1141_POS_297.9856_RT8.76 was not included in 4 gestational bin outlier analysis - excluded from complication-specific chi-squared testing.
2026-09-08 11:47:41,396 - INFO - Analyte acutumidine_POS was not included in 4 gestational bin outlier analysis - excluded from complication-specific chi-squared testing.
2026-09-08 11:47:41,430 - INFO - Analyte unk_n189_NEG_228.9940_RT11.33 was not included in 4 gestational bin outlier analysis - excluded from complication-specific chi-squared testing.
2026-09-08 11:47:41,463 - INFO - Analyte 1-(Hydroxymethyl)-5,5-dimethyl-2,4-imidazolidinedione_POS was not included in 4 gestational bin outlier analysis - excluded from complication-specific chi-squared testing.
2026-09-08 11:47:41,480 - INFO - Analyte D-(-)-Ribose_NEG was not included in 4 gestational bin outlier analysis - excluded from complication-specific chi-squared testing.
2026-09-08 11:47:41,497 - INFO - Analyte Acetone hydrazone_POS was not included in 4 gestational bin outlier analysis - excluded from complication-specific chi-squared testing.
2026-09-08 11:47:41,530 - INFO - Analyte 1-[2-(2,5-Dimethyl-1H-pyrrol-1-yl)-4-nitrophenyl]-4-(methylsulfonyl)piperazine_POS was not included in 4 gestational bin outlier analysis - excluded from complication-specific chi-squared testing.
2026-09-08 11:47:41,620 - INFO - Analyte Soboliferamide_POS was not included in 4 gestational bin outlier analysis - excluded from complication-specific chi-squared testing.
2026-09-08 11:47:41,656 - INFO - Analyte 3-Hydroxysebacic acid_POS was not included in 4 gestational bin outlier analysis - excluded from complication-specific chi-squared testing.
2026-09-08 11:47:41,689 - INFO - Analyte D-Alanyl-D-alanine_POS was not included in 4 gestational bin outlier analysis - excluded from complication-specific chi-squared testing.
2026-09-08 11:47:41,722 - INFO - Analyte Medazepam_POS was not included in 4 gestational bin outlier analysis - excluded from complication-specific chi-squared testing.
2026-09-08 11:47:41,727 - INFO - Analyte Oxalic acid_NEG was not included in 4 gestational bin outlier analysis - excluded from complication-specific chi-squared testing.
2026-09-08 11:47:41,744 - INFO - Analyte 4-(3-Methyl-1-butenyl)-3,3',4',5-tetrahydroxystilbene_NEG was not included in 4 gestational bin outlier analysis - excluded from complication-specific chi-squared testing.
2026-09-08 11:47:41,749 - INFO - Analyte unk_n2029_NEG_102.9567_RT8.75 was not included in 4 gestational bin outlier analysis - excluded from complication-specific chi-squared testing.
2026-09-08 11:47:41,766 - INFO - Analyte [Similar to: Amphomycin; ΔMass: -1091.5889 Da]_POS was not included in 4 gestational bin outlier analysis - excluded from complication-specific chi-squared testing.
2026-09-08 11:47:41,799 - INFO - Analyte Glucosamine_POS was not included in 4 gestational bin outlier analysis - excluded from complication-specific chi-squared testing.
2026-09-08 11:47:41,816 - INFO - Analyte D-(-)-Lyxose_NEG was not included in 4 gestational bin outlier analysis - excluded from complication-specific chi-squared testing.
2026-09-08 11:47:41,849 - INFO - Analyte unk_p92_POS_90.5258_RT1.29 was not included in 4 gestational bin outlier analysis - excluded from complication-specific chi-squared testing.
2026-09-08 11:47:41,881 - INFO - Analyte 2-Hydroxyglutaric acid diethyl ester_POS was not included in 4 gestational bin outlier analysis - excluded from complication-specific chi-squared testing.
2026-09-08 11:47:41,915 - INFO - Analyte Tetraethylene glycol_POS was not included in 4 gestational bin outlier analysis - excluded from complication-specific chi-squared testing.
2026-09-08 11:47:41,947 - INFO - Analyte SK&F 91581_POS was not included in 4 gestational bin outlier analysis - excluded from complication-specific chi-squared testing.
2026-09-08 11:47:41,981 - INFO - Analyte unk_n158_NEG_215.8684_RT7.97 was not included in 4 gestational bin outlier analysis - excluded from complication-specific chi-squared testing.
2026-09-08 11:47:42,016 - INFO - Analyte Glutaminylglutamine_POS was not included in 4 gestational bin outlier analysis - excluded from complication-specific chi-squared testing.
2026-09-08 11:47:42,049 - INFO - Analyte unk_p2967_POS_272.1702_RT7.57 was not included in 4 gestational bin outlier analysis - excluded from complication-specific chi-squared testing.
2026-09-08 11:47:42,066 - INFO - Analyte 3-Hydroxyadipic acid 3,6-lactone_POS was not included in 4 gestational bin outlier analysis - excluded from complication-specific chi-squared testing.
2026-09-08 11:47:42,083 - INFO - Analyte dihomomethionine_POS was not included in 4 gestational bin outlier analysis - excluded from complication-specific chi-squared testing.
2026-09-08 11:47:42,118 - INFO - Analyte Pyruvic acid_NEG was not included in 4 gestational bin outlier analysis - excluded from complication-specific chi-squared testing.
2026-09-08 11:47:42,150 - INFO - Analyte unk_p800_POS_91.5045_RT9.41 was not included in 4 gestational bin outlier analysis - excluded from complication-specific chi-squared testing.
2026-09-08 11:47:42,167 - INFO - Analyte [Similar to: NP-004031; ΔMass: -416.3678 Da]_NEG was not included in 4 gestational bin outlier analysis - excluded from complication-specific chi-squared testing.
2026-09-08 11:47:42,260 - INFO - Analyte Norfentanyl_POS was not included in 4 gestational bin outlier analysis - excluded from complication-specific chi-squared testing.
2026-09-08 11:47:42,294 - INFO - Analyte 2-Methylbutyroylcarnitine_POS was not included in 4 gestational bin outlier analysis - excluded from complication-specific chi-squared testing.
2026-09-08 11:47:42,331 - INFO - Analyte 2-Hydroxy-3-methylpentanoic acid_POS was not included in 4 gestational bin outlier analysis - excluded from complication-specific chi-squared testing.
2026-09-08 11:47:42,348 - INFO - Analyte Glycyl-Glutamate_POS was not included in 4 gestational bin outlier analysis - excluded from complication-specific chi-squared testing.
2026-09-08 11:47:42,365 - INFO - Analyte 3-Deoxyglucosone_NEG was not included in 4 gestational bin outlier analysis - excluded from complication-specific chi-squared testing.
2026-09-08 11:47:42,398 - INFO - Analyte unk_p826_POS_235.9612_RT4.24 was not included in 4 gestational bin outlier analysis - excluded from complication-specific chi-squared testing.
2026-09-08 11:47:42,432 - INFO - Analyte unk_n2411_NEG_319.0083_RT2.93 was not included in 4 gestational bin outlier analysis - excluded from complication-specific chi-squared testing.
2026-09-08 11:47:42,449 - INFO - Analyte unk_n2019_NEG_382.1452_RT12.08 was not included in 4 gestational bin outlier analysis - excluded from complication-specific chi-squared testing.
2026-09-08 11:47:42,482 - INFO - Analyte 2-Amino-5-isopentyl-6-methylpyrimidin-4-ol_POS was not included in 4 gestational bin outlier analysis - excluded from complication-specific chi-squared testing.
2026-09-08 11:47:42,487 - INFO - Analyte Propyliodone_POS was not included in 4 gestational bin outlier analysis - excluded from complication-specific chi-squared testing.
2026-09-08 11:47:42,503 - INFO - Analyte 4-Azaspiro[bicyclo[2.2.2]octane-2,2'-[1,4]oxazolidine]-5'-one_POS was not included in 4 gestational bin outlier analysis - excluded from complication-specific chi-squared testing.
2026-09-08 11:47:42,522 - INFO - Analyte H2-D-erythro-Neopterin 2',3'-cyclic phosphate_POS was not included in 4 gestational bin outlier analysis - excluded from complication-specific chi-squared testing.
2026-09-08 11:47:42,556 - INFO - Analyte 2,2'-Anhydrocytidine_POS was not included in 4 gestational bin outlier analysis - excluded from complication-specific chi-squared testing.
2026-09-08 11:47:42,589 - INFO - Analyte (2S,8R)-2-Amino-8-hydroxydecanoic acid_POS was not included in 4 gestational bin outlier analysis - excluded from complication-specific chi-squared testing.
2026-09-08 11:47:42,593 - INFO - Analyte Trifluoroacetic acid_NEG was not included in 4 gestational bin outlier analysis - excluded from complication-specific chi-squared testing.
2026-09-08 11:47:42,610 - INFO - Analyte Repinotan_POS was not included in 4 gestational bin outlier analysis - excluded from complication-specific chi-squared testing.
2026-09-08 11:47:42,644 - INFO - Analyte unk_p4131_POS_564.2862_RT10.69 was not included in 4 gestational bin outlier analysis - excluded from complication-specific chi-squared testing.
2026-09-08 11:47:42,677 - INFO - Analyte Indoline_POS was not included in 4 gestational bin outlier analysis - excluded from complication-specific chi-squared testing.
2026-09-08 11:47:42,709 - INFO - Analyte 2-Isopropyl-3,5-dimethoxy-6-methylpyrazine_POS was not included in 4 gestational bin outlier analysis - excluded from complication-specific chi-squared testing.
2026-09-08 11:47:42,714 - INFO - Analyte 1-Phenyl-1H-pyrazole_POS was not included in 4 gestational bin outlier analysis - excluded from complication-specific chi-squared testing.
2026-09-08 11:47:42,748 - INFO - Analyte 4-Aminobenzoic acid_POS was not included in 4 gestational bin outlier analysis - excluded from complication-specific chi-squared testing.
2026-09-08 11:47:42,780 - INFO - Analyte 3-phospho-hydroxypyruvate_POS was not included in 4 gestational bin outlier analysis - excluded from complication-specific chi-squared testing.
2026-09-08 11:47:42,813 - INFO - Analyte unk_p4197_POS_287.9412_RT3.28 was not included in 4 gestational bin outlier analysis - excluded from complication-specific chi-squared testing.
2026-09-08 11:47:42,830 - INFO - Analyte D-(-)-Mannitol_NEG was not included in 4 gestational bin outlier analysis - excluded from complication-specific chi-squared testing.
2026-09-08 11:47:42,863 - INFO - Analyte L-Aspartate-semialdehyde_POS was not included in 4 gestational bin outlier analysis - excluded from complication-specific chi-squared testing.
2026-09-08 11:47:42,880 - INFO - Analyte 3-(propan-2-yl)-octahydropyrrolo[1,2-a]pyrazine-1,4-dione_POS was not included in 4 gestational bin outlier analysis - excluded from complication-specific chi-squared testing.
2026-09-08 11:47:42,988 - INFO - Analyte 2-Hydroxyquinoline_POS was not included in 4 gestational bin outlier analysis - excluded from complication-specific chi-squared testing.
2026-09-08 11:47:43,021 - INFO - Analyte unk_p3625_POS_427.0946_RT7.01 was not included in 4 gestational bin outlier analysis - excluded from complication-specific chi-squared testing.
2026-09-08 11:47:43,055 - INFO - Analyte trans-3-Hydroxycotinine_POS was not included in 4 gestational bin outlier analysis - excluded from complication-specific chi-squared testing.
2026-09-08 11:47:43,071 - INFO - Analyte unk_n1134_NEG_102.9567_RT5.95 was not included in 4 gestational bin outlier analysis - excluded from complication-specific chi-squared testing.
2026-09-08 11:47:43,105 - INFO - Analyte 3-Hydroxypyridine_POS was not included in 4 gestational bin outlier analysis - excluded from complication-specific chi-squared testing.
2026-09-08 11:47:43,110 - INFO - Analyte [Similar to: N1-(4,5-dihydro-1,3-thiazol-2-yl)-2-(2,4-dichlorophenoxy)propanamide; ΔMass: -136.0195 Da]_NEG was not included in 4 gestational bin outlier analysis - excluded from complication-specific chi-squared testing.
2026-09-08 11:47:43,112 - INFO - Analyte Lenticin_POS was not included in 4 gestational bin outlier analysis - excluded from complication-specific chi-squared testing.
2026-09-08 11:47:43,145 - INFO - Analyte unk_n656_NEG_157.0117_RT1.78 was not included in 4 gestational bin outlier analysis - excluded from complication-specific chi-squared testing.
2026-09-08 11:47:43,180 - INFO - Analyte Butyric acid_POS was not included in 4 gestational bin outlier analysis - excluded from complication-specific chi-squared testing.
2026-09-08 11:47:43,182 - INFO - Analyte Chloromethyl chloroformate_POS was not included in 4 gestational bin outlier analysis - excluded from complication-specific chi-squared testing.
2026-09-08 11:47:43,215 - INFO - Analyte 1H,1H-Perfluorononylamine_POS was not included in 4 gestational bin outlier analysis - excluded from complication-specific chi-squared testing.
2026-09-08 11:47:43,217 - INFO - Analyte unk_n512_NEG_209.8338_RT5.73 was not included in 4 gestational bin outlier analysis - excluded from complication-specific chi-squared testing.
2026-09-08 11:47:43,250 - INFO - Analyte L-Phenylalanine_POS was not included in 4 gestational bin outlier analysis - excluded from complication-specific chi-squared testing.
2026-09-08 11:47:43,283 - INFO - Analyte methyl isoquinoline-3-carboxylate_POS was not included in 4 gestational bin outlier analysis - excluded from complication-specific chi-squared testing.
2026-09-08 11:47:43,300 - INFO - Analyte Lappaol B_NEG was not included in 4 gestational bin outlier analysis - excluded from complication-specific chi-squared testing.
2026-09-08 11:47:43,320 - INFO - Analyte unk_p75_POS_199.0686_RT8.77 was not included in 4 gestational bin outlier analysis - excluded from complication-specific chi-squared testing.
2026-09-08 11:47:43,353 - INFO - Analyte 8-Cyano-fluoroquinolone_POS was not included in 4 gestational bin outlier analysis - excluded from complication-specific chi-squared testing.
2026-09-08 11:47:43,387 - INFO - Analyte NP-008998_POS was not included in 4 gestational bin outlier analysis - excluded from complication-specific chi-squared testing.
2026-09-08 11:47:43,420 - INFO - Analyte unk_p236_POS_90.5258_RT1.84 was not included in 4 gestational bin outlier analysis - excluded from complication-specific chi-squared testing.
2026-09-08 11:47:43,425 - INFO - Analyte unk_n85_NEG_248.9605_RT0.66 was not included in 4 gestational bin outlier analysis - excluded from complication-specific chi-squared testing.
2026-09-08 11:47:43,458 - INFO - Analyte Miglitol_NEG was not included in 4 gestational bin outlier analysis - excluded from complication-specific chi-squared testing.
2026-09-08 11:47:43,481 - INFO - Analyte Ametryn_POS was not included in 4 gestational bin outlier analysis - excluded from complication-specific chi-squared testing.
2026-09-08 11:47:43,515 - INFO - Analyte 2-Octenoylcarnitine_POS was not included in 4 gestational bin outlier analysis - excluded from complication-specific chi-squared testing.
2026-09-08 11:47:43,549 - INFO - Analyte Anordrin_POS was not included in 4 gestational bin outlier analysis - excluded from complication-specific chi-squared testing.
2026-09-08 11:47:43,566 - INFO - Analyte 5-(methoxymethyl)-2-(2-thienyl)-4,7-dihydropyrazolo[1,5-a]pyrimidin-7-one_NEG was not included in 4 gestational bin outlier analysis - excluded from complication-specific chi-squared testing.
2026-09-08 11:47:43,571 - INFO - Analyte D3-Lactate_NEG was not included in 4 gestational bin outlier analysis - excluded from complication-specific chi-squared testing.
2026-09-08 11:47:43,588 - INFO - Analyte unk_p3180_POS_497.9975_RT1.04 was not included in 4 gestational bin outlier analysis - excluded from complication-specific chi-squared testing.
2026-09-08 11:47:43,621 - INFO - Analyte unk_n223_NEG_225.8972_RT8.96 was not included in 4 gestational bin outlier analysis - excluded from complication-specific chi-squared testing.
2026-09-08 11:47:43,654 - INFO - Analyte Zonisamide_POS was not included in 4 gestational bin outlier analysis - excluded from complication-specific chi-squared testing.
2026-09-08 11:47:43,671 - INFO - Analyte unk_p2618_POS_146.0633_RT5.78 was not included in 4 gestational bin outlier analysis - excluded from complication-specific chi-squared testing.
2026-09-08 11:47:43,706 - INFO - Analyte Castanospermine_POS was not included in 4 gestational bin outlier analysis - excluded from complication-specific chi-squared testing.
2026-09-08 11:47:43,739 - INFO - Analyte Indene_POS was not included in 4 gestational bin outlier analysis - excluded from complication-specific chi-squared testing.
2026-09-08 11:47:43,772 - INFO - Analyte 2-(Dimethylamino)acetonitrile_POS was not included in 4 gestational bin outlier analysis - excluded from complication-specific chi-squared testing.
2026-09-08 11:47:43,790 - INFO - Analyte 2-Octenoic acid_POS was not included in 4 gestational bin outlier analysis - excluded from complication-specific chi-squared testing.
2026-09-08 11:47:43,807 - INFO - Analyte DL-Stachydrine_POS was not included in 4 gestational bin outlier analysis - excluded from complication-specific chi-squared testing.
2026-09-08 11:47:43,868 - INFO - Analyte Nicotinuric acid_POS was not included in 4 gestational bin outlier analysis - excluded from complication-specific chi-squared testing.
2026-09-08 11:47:43,901 - INFO - Analyte Garcinia acid_NEG was not included in 4 gestational bin outlier analysis - excluded from complication-specific chi-squared testing.
2026-09-08 11:47:43,936 - INFO - Analyte L-Cysteine-S-sulfate_POS was not included in 4 gestational bin outlier analysis - excluded from complication-specific chi-squared testing.
2026-09-08 11:47:43,952 - INFO - Analyte D-(+)-Maltose_POS was not included in 4 gestational bin outlier analysis - excluded from complication-specific chi-squared testing.
2026-09-08 11:47:43,986 - INFO - Analyte 3,4-Dihydroxybenzylamine_POS was not included in 4 gestational bin outlier analysis - excluded from complication-specific chi-squared testing.
2026-09-08 11:47:44,018 - INFO - Analyte N1-(alpha-D-ribosyl)-5,6-dimethyl-benzimidazole_POS was not included in 4 gestational bin outlier analysis - excluded from complication-specific chi-squared testing.
2026-09-08 11:47:44,051 - INFO - Analyte Armillariol B_POS was not included in 4 gestational bin outlier analysis - excluded from complication-specific chi-squared testing.
2026-09-08 11:47:44,084 - INFO - Analyte Triethylene Glycol Monomethyl Ether_POS was not included in 4 gestational bin outlier analysis - excluded from complication-specific chi-squared testing.
2026-09-08 11:47:44,101 - INFO - Analyte Kifunensine_NEG was not included in 4 gestational bin outlier analysis - excluded from complication-specific chi-squared testing.
2026-09-08 11:47:44,118 - INFO - Analyte D-(+)-Galactose_NEG was not included in 4 gestational bin outlier analysis - excluded from complication-specific chi-squared testing.
2026-09-08 11:47:44,153 - INFO - Analyte N-Phenylacetylglutamine_POS was not included in 4 gestational bin outlier analysis - excluded from complication-specific chi-squared testing.
2026-09-08 11:47:44,186 - INFO - Analyte 2-Heptanethiol_POS was not included in 4 gestational bin outlier analysis - excluded from complication-specific chi-squared testing.
2026-09-08 11:47:44,203 - INFO - Analyte 3-Hydroxybutyric acid_NEG was not included in 4 gestational bin outlier analysis - excluded from complication-specific chi-squared testing.
2026-09-08 11:47:44,235 - INFO - Analyte [Similar to: Creatine; ΔMass: 67.9874 Da]_NEG was not included in 4 gestational bin outlier analysis - excluded from complication-specific chi-squared testing.
2026-09-08 11:47:44,268 - INFO - Analyte Asparagine_POS was not included in 4 gestational bin outlier analysis - excluded from complication-specific chi-squared testing.
2026-09-08 11:47:44,301 - INFO - Analyte Quinolonic acid_POS was not included in 4 gestational bin outlier analysis - excluded from complication-specific chi-squared testing.
2026-09-08 11:47:44,333 - INFO - Analyte 2-({2-[(1,3-Dimethyl-1H-pyrazol-5-yl)amino]-2-oxoethyl}sulfanyl)acetic acid_POS was not included in 4 gestational bin outlier analysis - excluded from complication-specific chi-squared testing.
2026-09-08 11:47:44,338 - INFO - Analyte d-Glycero-d-galacto-heptose_NEG was not included in 4 gestational bin outlier analysis - excluded from complication-specific chi-squared testing.
2026-09-08 11:47:44,343 - INFO - Analyte unk_n177_NEG_207.8368_RT4.27 was not included in 4 gestational bin outlier analysis - excluded from complication-specific chi-squared testing.
2026-09-08 11:47:44,360 - INFO - Analyte 2-Amino-3-methyl-1-butanol_POS was not included in 4 gestational bin outlier analysis - excluded from complication-specific chi-squared testing.
2026-09-08 11:47:44,364 - INFO - Analyte L-Glutamine_POS was not included in 4 gestational bin outlier analysis - excluded from complication-specific chi-squared testing.
2026-09-08 11:47:44,397 - INFO - Analyte Geranylpyrrol A_POS was not included in 4 gestational bin outlier analysis - excluded from complication-specific chi-squared testing.
2026-09-08 11:47:44,484 - INFO - Analyte 2,4-diaziran-1-yl-6-(1-phenyl-1H-pyrrol-2-yl)-1,3,5-triazine_POS was not included in 4 gestational bin outlier analysis - excluded from complication-specific chi-squared testing.
2026-09-08 11:47:44,517 - INFO - Analyte unk_p488_POS_242.9822_RT7.04 was not included in 4 gestational bin outlier analysis - excluded from complication-specific chi-squared testing.
2026-09-08 11:47:44,550 - INFO - Analyte [6,7-dimethoxy-1-methyl-3,4-dihydro-2(1H)-isoquinolinyl](5-methyl-3-isoxazolyl)methanone_POS was not included in 4 gestational bin outlier analysis - excluded from complication-specific chi-squared testing.
2026-09-08 11:47:44,566 - INFO - Analyte 1,2,3-Trihydroxybenzene_NEG was not included in 4 gestational bin outlier analysis - excluded from complication-specific chi-squared testing.
2026-09-08 11:47:44,584 - INFO - Analyte unk_p4443_POS_437.9724_RT7.01 was not included in 4 gestational bin outlier analysis - excluded from complication-specific chi-squared testing.
2026-09-08 11:47:44,618 - INFO - Analyte (S)-3-[(Cyanophenylmethyl)amino]-3-oxopropanoic acid_POS was not included in 4 gestational bin outlier analysis - excluded from complication-specific chi-squared testing.
2026-09-08 11:47:44,635 - INFO - Analyte unk_p729_POS_504.9952_RT10.63 was not included in 4 gestational bin outlier analysis - excluded from complication-specific chi-squared testing.
2026-09-08 11:47:44,668 - INFO - Analyte N-(4-Aminobutyl)-2-Naphthalenesulfonamide_POS was not included in 4 gestational bin outlier analysis - excluded from complication-specific chi-squared testing.
2026-09-08 11:47:44,701 - INFO - Analyte 5-Hydroxytryptophol_POS was not included in 4 gestational bin outlier analysis - excluded from complication-specific chi-squared testing.
2026-09-08 11:47:44,717 - INFO - Analyte unk_p2622_POS_287.5918_RT1.01 was not included in 4 gestational bin outlier analysis - excluded from complication-specific chi-squared testing.
2026-09-08 11:47:44,751 - INFO - Analyte unk_p1942_POS_233.8754_RT2.91 was not included in 4 gestational bin outlier analysis - excluded from complication-specific chi-squared testing.
2026-09-08 11:47:44,753 - INFO - Analyte Acetyl-β-methylcholine_POS was not included in 4 gestational bin outlier analysis - excluded from complication-specific chi-squared testing.
2026-09-08 11:47:44,758 - INFO - Analyte Polypropylene glycol (m w 1,200-3,000)_POS was not included in 4 gestational bin outlier analysis - excluded from complication-specific chi-squared testing.
2026-09-08 11:47:44,774 - INFO - Analyte [Similar to: (4-benzoylpiperidino)[4-(tert-butyl)phenyl]methanone; ΔMass: 38.0426 Da]_POS was not included in 4 gestational bin outlier analysis - excluded from complication-specific chi-squared testing.
2026-09-08 11:47:44,810 - INFO - Analyte Terezine M_POS was not included in 4 gestational bin outlier analysis - excluded from complication-specific chi-squared testing.
2026-09-08 11:47:44,844 - INFO - Analyte N-(3-acetamidopropyl)pyrrolidin-2-one_POS was not included in 4 gestational bin outlier analysis - excluded from complication-specific chi-squared testing.
2026-09-08 11:47:44,861 - INFO - Analyte unk_p4365_POS_208.0392_RT2.59 was not included in 4 gestational bin outlier analysis - excluded from complication-specific chi-squared testing.
2026-09-08 11:47:44,894 - INFO - Analyte unk_p1267_POS_284.2065_RT8.69 was not included in 4 gestational bin outlier analysis - excluded from complication-specific chi-squared testing.
2026-09-08 11:47:44,927 - INFO - Analyte unk_p4505_POS_491.9183_RT1.35 was not included in 4 gestational bin outlier analysis - excluded from complication-specific chi-squared testing.
2026-09-08 11:47:44,962 - INFO - Analyte unk_p2005_POS_92.5221_RT1.52 was not included in 4 gestational bin outlier analysis - excluded from complication-specific chi-squared testing.
2026-09-08 11:47:44,980 - INFO - Analyte Glycerol 3-hydroxybutyrate_POS was not included in 4 gestational bin outlier analysis - excluded from complication-specific chi-squared testing.
2026-09-08 11:47:45,075 - INFO - Analyte 2-Amino-4-[(4-aminobutyl)amino]butanoic acid_POS was not included in 4 gestational bin outlier analysis - excluded from complication-specific chi-squared testing.
2026-09-08 11:47:45,092 - INFO - Analyte NP-020240_POS was not included in 4 gestational bin outlier analysis - excluded from complication-specific chi-squared testing.
2026-09-08 11:47:45,125 - INFO - Analyte ( Z)-6-benzylidene-3-hydroxymethyl-1,4-dimethyl-3-methylsulfanylpiperazine-2,5-dione_POS was not included in 4 gestational bin outlier analysis - excluded from complication-specific chi-squared testing.
2026-09-08 11:47:45,141 - INFO - Analyte 1,7-Diphenyl-4-hepten-3-one_POS was not included in 4 gestational bin outlier analysis - excluded from complication-specific chi-squared testing.
2026-09-08 11:47:45,146 - INFO - Analyte unk_n2397_NEG_699.3672_RT0.63 was not included in 4 gestational bin outlier analysis - excluded from complication-specific chi-squared testing.
2026-09-08 11:47:45,151 - INFO - Analyte Hydroxy bupropion_POS was not included in 4 gestational bin outlier analysis - excluded from complication-specific chi-squared testing.
2026-09-08 11:47:45,168 - INFO - Analyte [Similar to: Ethyl 3-hydroxy-5-methyl-6-oxo-1-phenyl-1,6-dihydropyrano[2,3-c]pyrazole-4-carboxylate; ΔMass: -46.0678 Da]_POS was not included in 4 gestational bin outlier analysis - excluded from complication-specific chi-squared testing.
2026-09-08 11:47:45,185 - INFO - Analyte Leukoaminochrome_POS was not included in 4 gestational bin outlier analysis - excluded from complication-specific chi-squared testing.
2026-09-08 11:47:45,203 - INFO - Analyte Acrylic acid_NEG was not included in 4 gestational bin outlier analysis - excluded from complication-specific chi-squared testing.
2026-09-08 11:47:45,220 - INFO - Analyte 1-Phenyl-1H-pyrazolo[3,4-d]pyrimidin-4-amine_POS was not included in 4 gestational bin outlier analysis - excluded from complication-specific chi-squared testing.
2026-09-08 11:47:45,239 - INFO - Analyte Bisoprolol_POS was not included in 4 gestational bin outlier analysis - excluded from complication-specific chi-squared testing.
2026-09-08 11:47:45,272 - INFO - Analyte N-methyl-4-nitrotryptophan_POS was not included in 4 gestational bin outlier analysis - excluded from complication-specific chi-squared testing.
2026-09-08 11:47:45,305 - INFO - Analyte Hydantoin-5-propionic acid_POS was not included in 4 gestational bin outlier analysis - excluded from complication-specific chi-squared testing.
2026-09-08 11:47:45,338 - INFO - Analyte Phosphate_POS was not included in 4 gestational bin outlier analysis - excluded from complication-specific chi-squared testing.
2026-09-08 11:47:45,343 - INFO - Analyte unk_n101_NEG_80.9748_RT3.00 was not included in 4 gestational bin outlier analysis - excluded from complication-specific chi-squared testing.
2026-09-08 11:47:45,376 - INFO - Analyte N-Desmethyltramadol_POS was not included in 4 gestational bin outlier analysis - excluded from complication-specific chi-squared testing.
2026-09-08 11:47:45,409 - INFO - Analyte (S)-3-[(Cyanophenylmethyl)amino]-3-oxopropanoic acid_NEG was not included in 4 gestational bin outlier analysis - excluded from complication-specific chi-squared testing.
2026-09-08 11:47:45,425 - INFO - Analyte alpha-Ketoisovaleric acid_NEG was not included in 4 gestational bin outlier analysis - excluded from complication-specific chi-squared testing.
2026-09-08 11:47:45,442 - INFO - Analyte D-Serine_POS was not included in 4 gestational bin outlier analysis - excluded from complication-specific chi-squared testing.
2026-09-08 11:47:45,581 - INFO - Analyte Metronidazole_POS was not included in 5 gestational bin outlier analysis - excluded from complication-specific chi-squared testing.
2026-09-08 11:47:45,591 - INFO - Analyte unk_n1621_NEG_289.0694_RT3.38 was not included in 5 gestational bin outlier analysis - excluded from complication-specific chi-squared testing.
2026-09-08 11:47:45,596 - INFO - Analyte L-Serine_NEG was not included in 5 gestational bin outlier analysis - excluded from complication-specific chi-squared testing.
2026-09-08 11:47:45,601 - INFO - Analyte Gaburedin B_POS was not included in 5 gestational bin outlier analysis - excluded from complication-specific chi-squared testing.
2026-09-08 11:47:45,605 - INFO - Analyte Creatine_POS was not included in 5 gestational bin outlier analysis - excluded from complication-specific chi-squared testing.
2026-09-08 11:47:45,610 - INFO - Analyte Hypocrellutin A_POS was not included in 5 gestational bin outlier analysis - excluded from complication-specific chi-squared testing.
2026-09-08 11:47:45,619 - INFO - Analyte NP-003117_POS was not included in 5 gestational bin outlier analysis - excluded from complication-specific chi-squared testing.
2026-09-08 11:47:45,667 - INFO - Analyte Acetylglycine_POS was not included in 5 gestational bin outlier analysis - excluded from complication-specific chi-squared testing.
2026-09-08 11:47:45,672 - INFO - Analyte HMBOA trihexose_POS was not included in 5 gestational bin outlier analysis - excluded from complication-specific chi-squared testing.
2026-09-08 11:47:45,682 - INFO - Analyte Gluconic acid_NEG was not included in 5 gestational bin outlier analysis - excluded from complication-specific chi-squared testing.
2026-09-08 11:47:45,691 - INFO - Analyte unk_n957_NEG_310.9309_RT1.68 was not included in 5 gestational bin outlier analysis - excluded from complication-specific chi-squared testing.
2026-09-08 11:47:45,701 - INFO - Analyte L(-)-Carnitine_POS was not included in 5 gestational bin outlier analysis - excluded from complication-specific chi-squared testing.
2026-09-08 11:47:45,706 - INFO - Analyte 3-hydroxy-1,5-diphenylpentan-1-one_POS was not included in 5 gestational bin outlier analysis - excluded from complication-specific chi-squared testing.
2026-09-08 11:47:45,710 - INFO - Analyte L-beta-aspartyl-L-alanine_POS was not included in 5 gestational bin outlier analysis - excluded from complication-specific chi-squared testing.
2026-09-08 11:47:45,720 - INFO - Analyte L-Cystine_POS was not included in 5 gestational bin outlier analysis - excluded from complication-specific chi-squared testing.
2026-09-08 11:47:45,729 - INFO - Analyte [Similar to: L-Threonic acid; ΔMass: 67.9747 Da]_NEG was not included in 5 gestational bin outlier analysis - excluded from complication-specific chi-squared testing.
2026-09-08 11:47:45,734 - INFO - Analyte Ornithine_POS was not included in 5 gestational bin outlier analysis - excluded from complication-specific chi-squared testing.
2026-09-08 11:47:45,743 - INFO - Analyte NP-022470_POS was not included in 5 gestational bin outlier analysis - excluded from complication-specific chi-squared testing.
2026-09-08 11:47:45,753 - INFO - Analyte Erythronic acid_NEG was not included in 5 gestational bin outlier analysis - excluded from complication-specific chi-squared testing.
2026-09-08 11:47:45,762 - INFO - Analyte 4-((4-(2-(6-((2R)-2-(2,4-Difluorophenyl)-1,1-difluoro-2-hydroxy-3-(1H-tetrazol-1-yl)propyl)-3-pyridinyl)ethynyl)phenoxy)methyl)benzonitrile_POS was not included in 5 gestational bin outlier analysis - excluded from complication-specific chi-squared testing.
2026-09-08 11:47:45,767 - INFO - Analyte Methylenediphosphonic acid_NEG was not included in 5 gestational bin outlier analysis - excluded from complication-specific chi-squared testing.
2026-09-08 11:47:45,776 - INFO - Analyte L-Histidine_NEG was not included in 5 gestational bin outlier analysis - excluded from complication-specific chi-squared testing.
2026-09-08 11:47:45,782 - INFO - Analyte [Similar to: N'2-(2,5-Dichlorophenyl)tetrahydrothiophene-2-carbohydrazide; ΔMass: 30.0109 Da]_NEG was not included in 5 gestational bin outlier analysis - excluded from complication-specific chi-squared testing.
2026-09-08 11:47:45,793 - INFO - Analyte Aspartyl-Histidine_NEG was not included in 5 gestational bin outlier analysis - excluded from complication-specific chi-squared testing.
2026-09-08 11:47:45,802 - INFO - Analyte Acetylhomoserine_POS was not included in 5 gestational bin outlier analysis - excluded from complication-specific chi-squared testing.
2026-09-08 11:47:45,807 - INFO - Analyte 2-Aminoacrylic acid_POS was not included in 5 gestational bin outlier analysis - excluded from complication-specific chi-squared testing.
2026-09-08 11:47:45,812 - INFO - Analyte 7-methyl-3-nitroimidazo[1,2-a]pyridine_POS was not included in 5 gestational bin outlier analysis - excluded from complication-specific chi-squared testing.
2026-09-08 11:47:45,817 - INFO - Analyte L-cis-3-Amino-2-pyrrolidinecarboxylic acid_POS was not included in 5 gestational bin outlier analysis - excluded from complication-specific chi-squared testing.
2026-09-08 11:47:45,822 - INFO - Analyte Tanomastat_NEG was not included in 5 gestational bin outlier analysis - excluded from complication-specific chi-squared testing.
2026-09-08 11:47:45,827 - INFO - Analyte 1-(2-Morpholinophenyl)dihydro-1H-pyrrole-2,5-dione_POS was not included in 5 gestational bin outlier analysis - excluded from complication-specific chi-squared testing.
2026-09-08 11:47:45,836 - INFO - Analyte NP-019722_POS was not included in 5 gestational bin outlier analysis - excluded from complication-specific chi-squared testing.
2026-09-08 11:47:45,845 - INFO - Analyte D-Glucose_NEG was not included in 5 gestational bin outlier analysis - excluded from complication-specific chi-squared testing.
2026-09-08 11:47:45,855 - INFO - Analyte 5,7-dimethyl-4-oxo-4H-chromene-3-carbonitrile_POS was not included in 5 gestational bin outlier analysis - excluded from complication-specific chi-squared testing.
2026-09-08 11:47:45,865 - INFO - Analyte (2R,3R,4R)-2-Amino-4-hydroxy-3-methylpentanoic acid_POS was not included in 5 gestational bin outlier analysis - excluded from complication-specific chi-squared testing.
2026-09-08 11:47:45,869 - INFO - Analyte Acetohydroxamic acid_POS was not included in 5 gestational bin outlier analysis - excluded from complication-specific chi-squared testing.
2026-09-08 11:47:45,879 - INFO - Analyte unk_n2682_NEG_388.8737_RT2.81 was not included in 5 gestational bin outlier analysis - excluded from complication-specific chi-squared testing.
2026-09-08 11:47:45,888 - INFO - Analyte (2-Ethylcrotonoyl)urea_POS was not included in 5 gestational bin outlier analysis - excluded from complication-specific chi-squared testing.
2026-09-08 11:47:45,893 - INFO - Analyte gamma-Glutamyl-beta-aminopropiononitrile_POS was not included in 5 gestational bin outlier analysis - excluded from complication-specific chi-squared testing.
2026-09-08 11:47:45,898 - INFO - Analyte (2S,4R)-4-Aminopyrrolidine-2-carboxylic acid_POS was not included in 5 gestational bin outlier analysis - excluded from complication-specific chi-squared testing.
2026-09-08 11:47:45,902 - INFO - Analyte Sedoheptulose_NEG was not included in 5 gestational bin outlier analysis - excluded from complication-specific chi-squared testing.
2026-09-08 11:47:45,907 - INFO - Analyte Pyrophosphate_NEG was not included in 5 gestational bin outlier analysis - excluded from complication-specific chi-squared testing.
2026-09-08 11:47:45,917 - INFO - Analyte thiol-maleimide_POS was not included in 5 gestational bin outlier analysis - excluded from complication-specific chi-squared testing.
2026-09-08 11:47:45,926 - INFO - Analyte L-Cysteinylglycine disulfide_POS was not included in 5 gestational bin outlier analysis - excluded from complication-specific chi-squared testing.
2026-09-08 11:47:45,936 - INFO - Analyte Succinic semialdehyde_NEG was not included in 5 gestational bin outlier analysis - excluded from complication-specific chi-squared testing.
2026-09-08 11:47:45,946 - INFO - Analyte unk_n682_NEG_345.0726_RT11.05 was not included in 5 gestational bin outlier analysis - excluded from complication-specific chi-squared testing.
2026-09-08 11:47:45,950 - INFO - Analyte 5-Methylquinoxaline_POS was not included in 5 gestational bin outlier analysis - excluded from complication-specific chi-squared testing.
2026-09-08 11:47:45,955 - INFO - Analyte Octadecanamine_POS was not included in 5 gestational bin outlier analysis - excluded from complication-specific chi-squared testing.
2026-09-08 11:47:45,960 - INFO - Analyte 6-Amino-5-chloropyrimidine-2,4(1H,3H)-dione_POS was not included in 5 gestational bin outlier analysis - excluded from complication-specific chi-squared testing.
2026-09-08 11:47:45,965 - INFO - Analyte 1,1,1,2,2,3,3,10,10,11,11,12,12,12-Tetradecafluoro-5,8-diiodododecane_NEG was not included in 5 gestational bin outlier analysis - excluded from complication-specific chi-squared testing.
2026-09-08 11:47:45,975 - INFO - Analyte Hydroxydehydro Nifedipine Carboxylate_POS was not included in 5 gestational bin outlier analysis - excluded from complication-specific chi-squared testing.
2026-09-08 11:47:45,984 - INFO - Analyte 3-Deoxy-D-glycero-D-galacto-2-nonulosonic acid_POS was not included in 5 gestational bin outlier analysis - excluded from complication-specific chi-squared testing.
2026-09-08 11:47:45,989 - INFO - Analyte unk_p985_POS_604.1398_RT9.66 was not included in 5 gestational bin outlier analysis - excluded from complication-specific chi-squared testing.
2026-09-08 11:47:45,994 - INFO - Analyte Choline_POS was not included in 5 gestational bin outlier analysis - excluded from complication-specific chi-squared testing.
2026-09-08 11:47:45,999 - INFO - Analyte Phenyl sulfoxide_POS was not included in 5 gestational bin outlier analysis - excluded from complication-specific chi-squared testing.
2026-09-08 11:47:46,008 - INFO - Analyte Pyroglutamylglycine_POS was not included in 5 gestational bin outlier analysis - excluded from complication-specific chi-squared testing.
2026-09-08 11:47:46,017 - INFO - Analyte Terephthalic acid_NEG was not included in 5 gestational bin outlier analysis - excluded from complication-specific chi-squared testing.
2026-09-08 11:47:46,022 - INFO - Analyte unk_p3495_POS_255.0950_RT7.91 was not included in 5 gestational bin outlier analysis - excluded from complication-specific chi-squared testing.
2026-09-08 11:47:46,032 - INFO - Analyte 1-Nitrohydroxyphenyl-N-benzoylalanine_POS was not included in 5 gestational bin outlier analysis - excluded from complication-specific chi-squared testing.
2026-09-08 11:47:46,041 - INFO - Analyte 2-Fluoro-6-(4-methoxyphenoxy)benzonitrile_POS was not included in 5 gestational bin outlier analysis - excluded from complication-specific chi-squared testing.
2026-09-08 11:47:46,046 - INFO - Analyte Satranidazole_POS was not included in 5 gestational bin outlier analysis - excluded from complication-specific chi-squared testing.
2026-09-08 11:47:46,055 - INFO - Analyte Oxepanone_POS was not included in 5 gestational bin outlier analysis - excluded from complication-specific chi-squared testing.
2026-09-08 11:47:46,060 - INFO - Analyte Beta-Aminopropionitrile_POS was not included in 5 gestational bin outlier analysis - excluded from complication-specific chi-squared testing.
2026-09-08 11:47:46,065 - INFO - Analyte Mycosporine hydroxyglutamicol_POS was not included in 5 gestational bin outlier analysis - excluded from complication-specific chi-squared testing.
2026-09-08 11:47:46,070 - INFO - Analyte L-3-Aminodihydro-2(3H)-furanone_POS was not included in 5 gestational bin outlier analysis - excluded from complication-specific chi-squared testing.
2026-09-08 11:47:46,079 - INFO - Analyte 1,3,11-Tridecatriene-5,7,9-triyne_POS was not included in 5 gestational bin outlier analysis - excluded from complication-specific chi-squared testing.
2026-09-08 11:47:46,084 - INFO - Analyte L-Cystine_NEG was not included in 5 gestational bin outlier analysis - excluded from complication-specific chi-squared testing.
2026-09-08 11:47:46,088 - INFO - Analyte N,N-Dimethyloctadecylamine_POS was not included in 5 gestational bin outlier analysis - excluded from complication-specific chi-squared testing.
2026-09-08 11:47:46,093 - INFO - Analyte Glycyl-Threonine_POS was not included in 5 gestational bin outlier analysis - excluded from complication-specific chi-squared testing.
2026-09-08 11:47:46,102 - INFO - Analyte Linustatin_POS was not included in 5 gestational bin outlier analysis - excluded from complication-specific chi-squared testing.
2026-09-08 11:47:46,108 - INFO - Analyte unk_n66_NEG_231.9315_RT9.69 was not included in 5 gestational bin outlier analysis - excluded from complication-specific chi-squared testing.
2026-09-08 11:47:46,117 - INFO - Analyte unk_p274_POS_223.0700_RT11.92 was not included in 5 gestational bin outlier analysis - excluded from complication-specific chi-squared testing.
2026-09-08 11:47:46,122 - INFO - Analyte 3-Hydroxybutyric acid_POS was not included in 5 gestational bin outlier analysis - excluded from complication-specific chi-squared testing.
2026-09-08 11:47:46,126 - INFO - Analyte L-Valine_NEG was not included in 5 gestational bin outlier analysis - excluded from complication-specific chi-squared testing.
2026-09-08 11:47:46,131 - INFO - Analyte Cladinose_POS was not included in 5 gestational bin outlier analysis - excluded from complication-specific chi-squared testing.
2026-09-08 11:47:46,136 - INFO - Analyte Creatinine_POS was not included in 5 gestational bin outlier analysis - excluded from complication-specific chi-squared testing.
2026-09-08 11:47:46,145 - INFO - Analyte 1-(4-Methoxyphenyl)piperazine_POS was not included in 5 gestational bin outlier analysis - excluded from complication-specific chi-squared testing.
2026-09-08 11:47:46,200 - INFO - Analyte Dacarbazine_POS was not included in 5 gestational bin outlier analysis - excluded from complication-specific chi-squared testing.
2026-09-08 11:47:46,210 - INFO - Analyte DL-Lysine_POS was not included in 5 gestational bin outlier analysis - excluded from complication-specific chi-squared testing.
2026-09-08 11:47:46,219 - INFO - Analyte Erythrohydrobupropion_POS was not included in 5 gestational bin outlier analysis - excluded from complication-specific chi-squared testing.
2026-09-08 11:47:46,229 - INFO - Analyte unk_n2474_NEG_100.9608_RT0.32 was not included in 5 gestational bin outlier analysis - excluded from complication-specific chi-squared testing.
2026-09-08 11:47:46,238 - INFO - Analyte 2-Methylbutyrylglycine_POS was not included in 5 gestational bin outlier analysis - excluded from complication-specific chi-squared testing.
2026-09-08 11:47:46,243 - INFO - Analyte 2,5-Diisothiocyanatobenzenesulfonate_POS was not included in 5 gestational bin outlier analysis - excluded from complication-specific chi-squared testing.
2026-09-08 11:47:46,253 - INFO - Analyte N'1-[4-amino-6-(tert-butyl)-1,3,5-triazin-2-yl]-2-(trifluoromethyl)benzene-1-sulfonohydrazide_POS was not included in 5 gestational bin outlier analysis - excluded from complication-specific chi-squared testing.
2026-09-08 11:47:46,258 - INFO - Analyte unk_n1043_NEG_462.0691_RT9.61 was not included in 5 gestational bin outlier analysis - excluded from complication-specific chi-squared testing.
2026-09-08 11:47:46,260 - INFO - Analyte D3-Alanine_POS was not included in 5 gestational bin outlier analysis - excluded from complication-specific chi-squared testing.
2026-09-08 11:47:46,265 - INFO - Analyte Cimaterol_POS was not included in 5 gestational bin outlier analysis - excluded from complication-specific chi-squared testing.
2026-09-08 11:47:46,269 - INFO - Analyte 6-(4-Chlorophenoxy)pyridine-3-carbothioamide_NEG was not included in 5 gestational bin outlier analysis - excluded from complication-specific chi-squared testing.
2026-09-08 11:47:46,278 - INFO - Analyte Dihydrothymine_POS was not included in 5 gestational bin outlier analysis - excluded from complication-specific chi-squared testing.
2026-09-08 11:47:46,288 - INFO - Analyte Adipamide_POS was not included in 5 gestational bin outlier analysis - excluded from complication-specific chi-squared testing.
2026-09-08 11:47:46,298 - INFO - Analyte (9E)-10-nitrooctadecenoic Acid_POS was not included in 5 gestational bin outlier analysis - excluded from complication-specific chi-squared testing.
2026-09-08 11:47:46,307 - INFO - Analyte 4-Hydroxybenzotriazole_POS was not included in 5 gestational bin outlier analysis - excluded from complication-specific chi-squared testing.
2026-09-08 11:47:46,316 - INFO - Analyte L-(+)-Citrulline_POS was not included in 5 gestational bin outlier analysis - excluded from complication-specific chi-squared testing.
2026-09-08 11:47:46,319 - INFO - Analyte DL-Lactic Acid_NEG was not included in 5 gestational bin outlier analysis - excluded from complication-specific chi-squared testing.
2026-09-08 11:47:46,323 - INFO - Analyte Pipecolic acid_POS was not included in 5 gestational bin outlier analysis - excluded from complication-specific chi-squared testing.
2026-09-08 11:47:46,333 - INFO - Analyte unk_n454_NEG_525.3312_RT11.94 was not included in 5 gestational bin outlier analysis - excluded from complication-specific chi-squared testing.
2026-09-08 11:47:46,342 - INFO - Analyte α-Lactose_NEG was not included in 5 gestational bin outlier analysis - excluded from complication-specific chi-squared testing.
2026-09-08 11:47:46,352 - INFO - Analyte N-Ethylacetamide_POS was not included in 5 gestational bin outlier analysis - excluded from complication-specific chi-squared testing.
2026-09-08 11:47:46,357 - INFO - Analyte L-Kynurenine_POS was not included in 5 gestational bin outlier analysis - excluded from complication-specific chi-squared testing.
2026-09-08 11:47:46,362 - INFO - Analyte Gluconolactone_POS was not included in 5 gestational bin outlier analysis - excluded from complication-specific chi-squared testing.
2026-09-08 11:47:46,366 - INFO - Analyte unk_p2069_POS_481.8174_RT6.05 was not included in 5 gestational bin outlier analysis - excluded from complication-specific chi-squared testing.
2026-09-08 11:47:46,371 - INFO - Analyte δ-Valerolactam_POS was not included in 5 gestational bin outlier analysis - excluded from complication-specific chi-squared testing.
2026-09-08 11:47:46,380 - INFO - Analyte unk_p5301_POS_446.2959_RT11.78 was not included in 5 gestational bin outlier analysis - excluded from complication-specific chi-squared testing.
2026-09-08 11:47:46,390 - INFO - Analyte 3-hydroxyoctanoyl carnitine_POS was not included in 5 gestational bin outlier analysis - excluded from complication-specific chi-squared testing.
2026-09-08 11:47:46,395 - INFO - Analyte N-gamma-Glutamylglutamine_POS was not included in 5 gestational bin outlier analysis - excluded from complication-specific chi-squared testing.
2026-09-08 11:47:46,399 - INFO - Analyte 6,7-dihydroxy-4,5,6,7-tetrahydroindole-4-one_NEG was not included in 5 gestational bin outlier analysis - excluded from complication-specific chi-squared testing.
2026-09-08 11:47:46,408 - INFO - Analyte L-Histidine_POS was not included in 5 gestational bin outlier analysis - excluded from complication-specific chi-squared testing.
2026-09-08 11:47:46,418 - INFO - Analyte Isobutyric acid_POS was not included in 5 gestational bin outlier analysis - excluded from complication-specific chi-squared testing.
2026-09-08 11:47:46,422 - INFO - Analyte L-2,4-Diaminobutyric acid_POS was not included in 5 gestational bin outlier analysis - excluded from complication-specific chi-squared testing.
2026-09-08 11:47:46,427 - INFO - Analyte unk_p1853_POS_166.9430_RT3.23 was not included in 5 gestational bin outlier analysis - excluded from complication-specific chi-squared testing.
2026-09-08 11:47:46,432 - INFO - Analyte apo-[3-methylcrotonoyl-CoA:carbon-dioxide ligase (ADP-forming)]_POS was not included in 5 gestational bin outlier analysis - excluded from complication-specific chi-squared testing.
2026-09-08 11:47:46,437 - INFO - Analyte Ethyl N2-acetyl-L-argininate_POS was not included in 5 gestational bin outlier analysis - excluded from complication-specific chi-squared testing.
2026-09-08 11:47:46,446 - INFO - Analyte Megazol_POS was not included in 5 gestational bin outlier analysis - excluded from complication-specific chi-squared testing.
2026-09-08 11:47:46,451 - INFO - Analyte D-Raffinose_POS was not included in 5 gestational bin outlier analysis - excluded from complication-specific chi-squared testing.
2026-09-08 11:47:46,460 - INFO - Analyte 2-[Bis-(2-hydroxy-ethyl)-amino]-2-hydroxymethyl-propane-1,3-diol_POS was not included in 5 gestational bin outlier analysis - excluded from complication-specific chi-squared testing.
2026-09-08 11:47:46,465 - INFO - Analyte Barbital_POS was not included in 5 gestational bin outlier analysis - excluded from complication-specific chi-squared testing.
2026-09-08 11:47:46,474 - INFO - Analyte 4-Acetamidobutanoic acid_POS was not included in 5 gestational bin outlier analysis - excluded from complication-specific chi-squared testing.
2026-09-08 11:47:46,479 - INFO - Analyte 4-(3,4-dimethylphenyl)-1-thia-4-azaspiro[4.5]decan-3-one_POS was not included in 5 gestational bin outlier analysis - excluded from complication-specific chi-squared testing.
2026-09-08 11:47:46,484 - INFO - Analyte N'-Formylkynurenine_POS was not included in 5 gestational bin outlier analysis - excluded from complication-specific chi-squared testing.
2026-09-08 11:47:46,493 - INFO - Analyte 4-Hydroxy-2-butenoic acid gamma-lactone_POS was not included in 5 gestational bin outlier analysis - excluded from complication-specific chi-squared testing.
2026-09-08 11:47:46,496 - INFO - Analyte gamma-Butyrolactone_NEG was not included in 5 gestational bin outlier analysis - excluded from complication-specific chi-squared testing.
2026-09-08 11:47:46,500 - INFO - Analyte Hypoxanthine_POS was not included in 5 gestational bin outlier analysis - excluded from complication-specific chi-squared testing.
2026-09-08 11:47:46,505 - INFO - Analyte unk_n386_NEG_255.8221_RT3.67 was not included in 5 gestational bin outlier analysis - excluded from complication-specific chi-squared testing.
2026-09-08 11:47:46,510 - INFO - Analyte unk_p2168_POS_231.8783_RT3.23 was not included in 5 gestational bin outlier analysis - excluded from complication-specific chi-squared testing.
2026-09-08 11:47:46,515 - INFO - Analyte Isobutyrylglycine_POS was not included in 5 gestational bin outlier analysis - excluded from complication-specific chi-squared testing.
2026-09-08 11:47:46,524 - INFO - Analyte Norepinephrine sulfate_POS was not included in 5 gestational bin outlier analysis - excluded from complication-specific chi-squared testing.
2026-09-08 11:47:46,533 - INFO - Analyte unk_p3339_POS_300.4097_RT0.75 was not included in 5 gestational bin outlier analysis - excluded from complication-specific chi-squared testing.
2026-09-08 11:47:46,538 - INFO - Analyte Didecyldimethylammonium_POS was not included in 5 gestational bin outlier analysis - excluded from complication-specific chi-squared testing.
2026-09-08 11:47:46,543 - INFO - Analyte Pantothenic acid_POS was not included in 5 gestational bin outlier analysis - excluded from complication-specific chi-squared testing.
2026-09-08 11:47:46,547 - INFO - Analyte NP-022451_POS was not included in 5 gestational bin outlier analysis - excluded from complication-specific chi-squared testing.
2026-09-08 11:47:46,557 - INFO - Analyte unk_p302_POS_81.5205_RT1.95 was not included in 5 gestational bin outlier analysis - excluded from complication-specific chi-squared testing.
2026-09-08 11:47:46,562 - INFO - Analyte 3-Oxalomalic acid_POS was not included in 5 gestational bin outlier analysis - excluded from complication-specific chi-squared testing.
2026-09-08 11:47:46,566 - INFO - Analyte cis-Acetylacrylate_NEG was not included in 5 gestational bin outlier analysis - excluded from complication-specific chi-squared testing.
2026-09-08 11:47:46,575 - INFO - Analyte (2R)-2,3-Dihydroxypropanoic acid_NEG was not included in 5 gestational bin outlier analysis - excluded from complication-specific chi-squared testing.
2026-09-08 11:47:46,580 - INFO - Analyte 2-Aminoisobutyric acid_POS was not included in 5 gestational bin outlier analysis - excluded from complication-specific chi-squared testing.
2026-09-08 11:47:46,585 - INFO - Analyte Leucylproline_POS was not included in 5 gestational bin outlier analysis - excluded from complication-specific chi-squared testing.
2026-09-08 11:47:46,594 - INFO - Analyte (+-)-trans-3-Methyl norfentanyl_POS was not included in 5 gestational bin outlier analysis - excluded from complication-specific chi-squared testing.
2026-09-08 11:47:46,603 - INFO - Analyte Ethephon_POS was not included in 5 gestational bin outlier analysis - excluded from complication-specific chi-squared testing.
2026-09-08 11:47:46,608 - INFO - Analyte unk_p93_POS_90.5258_RT0.76 was not included in 5 gestational bin outlier analysis - excluded from complication-specific chi-squared testing.
2026-09-08 11:47:46,613 - INFO - Analyte unk_p3799_POS_338.1166_RT7.62 was not included in 5 gestational bin outlier analysis - excluded from complication-specific chi-squared testing.
2026-09-08 11:47:46,617 - INFO - Analyte Xylariamide_POS was not included in 5 gestational bin outlier analysis - excluded from complication-specific chi-squared testing.
2026-09-08 11:47:46,627 - INFO - Analyte 4-Nitrophenyl beta-D-xyloside_POS was not included in 5 gestational bin outlier analysis - excluded from complication-specific chi-squared testing.
2026-09-08 11:47:46,636 - INFO - Analyte unk_p1541_POS_276.0038_RT4.14 was not included in 5 gestational bin outlier analysis - excluded from complication-specific chi-squared testing.
2026-09-08 11:47:46,645 - INFO - Analyte L-Isoleucine_POS was not included in 5 gestational bin outlier analysis - excluded from complication-specific chi-squared testing.
2026-09-08 11:47:46,655 - INFO - Analyte 3-Methylcrotonylglycine_POS was not included in 5 gestational bin outlier analysis - excluded from complication-specific chi-squared testing.
2026-09-08 11:47:46,664 - INFO - Analyte 3-Hydroxymepivacaine_POS was not included in 5 gestational bin outlier analysis - excluded from complication-specific chi-squared testing.
2026-09-08 11:47:46,673 - INFO - Analyte L-Erythrulose_NEG was not included in 5 gestational bin outlier analysis - excluded from complication-specific chi-squared testing.
2026-09-08 11:47:46,683 - INFO - Analyte methyl 2-(acetylamino)-4-amino-4-oxobutanoate_POS was not included in 5 gestational bin outlier analysis - excluded from complication-specific chi-squared testing.
2026-09-08 11:47:46,692 - INFO - Analyte Methoxyphenamine_POS was not included in 5 gestational bin outlier analysis - excluded from complication-specific chi-squared testing.
2026-09-08 11:47:46,755 - INFO - Analyte L-Threonine_POS was not included in 5 gestational bin outlier analysis - excluded from complication-specific chi-squared testing.
2026-09-08 11:47:46,760 - INFO - Analyte Doxylamine_POS was not included in 5 gestational bin outlier analysis - excluded from complication-specific chi-squared testing.
2026-09-08 11:47:46,765 - INFO - Analyte Taurine_NEG was not included in 5 gestational bin outlier analysis - excluded from complication-specific chi-squared testing.
2026-09-08 11:47:46,775 - INFO - Analyte unk_n441_NEG_525.3312_RT11.15 was not included in 5 gestational bin outlier analysis - excluded from complication-specific chi-squared testing.
2026-09-08 11:47:46,779 - INFO - Analyte unk_n529_NEG_197.8077_RT8.34 was not included in 5 gestational bin outlier analysis - excluded from complication-specific chi-squared testing.
2026-09-08 11:47:46,789 - INFO - Analyte beta-Alanine_POS was not included in 5 gestational bin outlier analysis - excluded from complication-specific chi-squared testing.
2026-09-08 11:47:46,794 - INFO - Analyte unk_p2702_POS_497.9977_RT1.05 was not included in 5 gestational bin outlier analysis - excluded from complication-specific chi-squared testing.
2026-09-08 11:47:46,808 - INFO - Analyte Ropivacaine_POS was not included in 5 gestational bin outlier analysis - excluded from complication-specific chi-squared testing.
2026-09-08 11:47:46,813 - INFO - Analyte TRIETHYLENE GLYCOL_POS was not included in 5 gestational bin outlier analysis - excluded from complication-specific chi-squared testing.
2026-09-08 11:47:46,822 - INFO - Analyte (±)-2-Propylthiazolidine_POS was not included in 5 gestational bin outlier analysis - excluded from complication-specific chi-squared testing.
2026-09-08 11:47:46,827 - INFO - Analyte [Similar to: Threonine; ΔMass: 83.9612 Da]_NEG was not included in 5 gestational bin outlier analysis - excluded from complication-specific chi-squared testing.
2026-09-08 11:47:46,837 - INFO - Analyte NP-015114_POS was not included in 5 gestational bin outlier analysis - excluded from complication-specific chi-squared testing.
2026-09-08 11:47:46,839 - INFO - Analyte unk_n915_NEG_102.9566_RT5.57 was not included in 5 gestational bin outlier analysis - excluded from complication-specific chi-squared testing.
2026-09-08 11:47:46,844 - INFO - Analyte Caprylic acid_POS was not included in 5 gestational bin outlier analysis - excluded from complication-specific chi-squared testing.
2026-09-08 11:47:46,849 - INFO - Analyte O-Desmethyl-lacosamide_POS was not included in 5 gestational bin outlier analysis - excluded from complication-specific chi-squared testing.
2026-09-08 11:47:46,853 - INFO - Analyte [3-amino-5-(methylsulfanyl)-4-(2-pyridinyl)-1H-pyrazol-1-yl](2-thienyl)methanone_POS was not included in 5 gestational bin outlier analysis - excluded from complication-specific chi-squared testing.
2026-09-08 11:47:46,863 - INFO - Analyte V-Pyrro/NO_POS was not included in 5 gestational bin outlier analysis - excluded from complication-specific chi-squared testing.
2026-09-08 11:47:46,868 - INFO - Analyte D-1,5-Anhydrofructose_NEG was not included in 5 gestational bin outlier analysis - excluded from complication-specific chi-squared testing.
2026-09-08 11:47:46,870 - INFO - Analyte unk_n3447_NEG_458.9835_RT1.44 was not included in 5 gestational bin outlier analysis - excluded from complication-specific chi-squared testing.
2026-09-08 11:47:46,880 - INFO - Analyte Cysteine-S-sulfate_NEG was not included in 5 gestational bin outlier analysis - excluded from complication-specific chi-squared testing.
2026-09-08 11:47:46,889 - INFO - Analyte unk_p4571_POS_347.8494_RT2.42 was not included in 5 gestational bin outlier analysis - excluded from complication-specific chi-squared testing.
2026-09-08 11:47:46,898 - INFO - Analyte Cysteineglutathione disulfide_POS was not included in 5 gestational bin outlier analysis - excluded from complication-specific chi-squared testing.
2026-09-08 11:47:46,901 - INFO - Analyte unk_p3493_POS_276.1361_RT4.66 was not included in 5 gestational bin outlier analysis - excluded from complication-specific chi-squared testing.
2026-09-08 11:47:46,905 - INFO - Analyte 3-Methylheptanoylcarnitine_POS was not included in 5 gestational bin outlier analysis - excluded from complication-specific chi-squared testing.
2026-09-08 11:47:46,911 - INFO - Analyte PEG n5_POS was not included in 5 gestational bin outlier analysis - excluded from complication-specific chi-squared testing.
2026-09-08 11:47:46,920 - INFO - Analyte D-Glycero-D-galacto-heptitol_NEG was not included in 5 gestational bin outlier analysis - excluded from complication-specific chi-squared testing.
2026-09-08 11:47:46,929 - INFO - Analyte 2-Hydroxy-4-oxopentanoic acid_NEG was not included in 5 gestational bin outlier analysis - excluded from complication-specific chi-squared testing.
2026-09-08 11:47:46,939 - INFO - Analyte 3-Hydroxymethylglutaric acid_POS was not included in 5 gestational bin outlier analysis - excluded from complication-specific chi-squared testing.
2026-09-08 11:47:46,944 - INFO - Analyte Furodazole_NEG was not included in 5 gestational bin outlier analysis - excluded from complication-specific chi-squared testing.
2026-09-08 11:47:46,948 - INFO - Analyte Creatine_NEG was not included in 5 gestational bin outlier analysis - excluded from complication-specific chi-squared testing.
2026-09-08 11:47:46,957 - INFO - Analyte unk_p1992_POS_481.8173_RT5.48 was not included in 5 gestational bin outlier analysis - excluded from complication-specific chi-squared testing.
2026-09-08 11:47:46,962 - INFO - Analyte N-cyclooctylurea_POS was not included in 5 gestational bin outlier analysis - excluded from complication-specific chi-squared testing.
2026-09-08 11:47:46,972 - INFO - Analyte unk_p21_POS_226.9514_RT0.64 was not included in 5 gestational bin outlier analysis - excluded from complication-specific chi-squared testing.
2026-09-08 11:47:46,981 - INFO - Analyte (R)-Salsolinol_POS was not included in 5 gestational bin outlier analysis - excluded from complication-specific chi-squared testing.
2026-09-08 11:47:46,990 - INFO - Analyte Desmethylcitalopram_POS was not included in 5 gestational bin outlier analysis - excluded from complication-specific chi-squared testing.
2026-09-08 11:47:46,995 - INFO - Analyte unk_n694_NEG_267.8479_RT4.64 was not included in 5 gestational bin outlier analysis - excluded from complication-specific chi-squared testing.
2026-09-08 11:47:47,000 - INFO - Analyte (2S)-4-(2-Aminophenyl)-2-formamido-4-oxobutanoic acid_POS was not included in 5 gestational bin outlier analysis - excluded from complication-specific chi-squared testing.
2026-09-08 11:47:47,005 - INFO - Analyte Squamolone_POS was not included in 5 gestational bin outlier analysis - excluded from complication-specific chi-squared testing.
2026-09-08 11:47:47,009 - INFO - Analyte 2-Imidazolidone_POS was not included in 5 gestational bin outlier analysis - excluded from complication-specific chi-squared testing.
2026-09-08 11:47:47,019 - INFO - Analyte Azetidomonamide A_POS was not included in 5 gestational bin outlier analysis - excluded from complication-specific chi-squared testing.
2026-09-08 11:47:47,024 - INFO - Analyte D-threo-isocitrate_NEG was not included in 5 gestational bin outlier analysis - excluded from complication-specific chi-squared testing.
2026-09-08 11:47:47,033 - INFO - Analyte unk_p2059_POS_179.0847_RT6.26 was not included in 5 gestational bin outlier analysis - excluded from complication-specific chi-squared testing.
2026-09-08 11:47:47,038 - INFO - Analyte (2S,3R)-3-Hydroxy-2-methylbutanoic acid_POS was not included in 5 gestational bin outlier analysis - excluded from complication-specific chi-squared testing.
2026-09-08 11:47:47,040 - INFO - Analyte Acetyl-L-carnitine_POS was not included in 5 gestational bin outlier analysis - excluded from complication-specific chi-squared testing.
2026-09-08 11:47:47,050 - INFO - Analyte D-(-)-Glutamine_NEG was not included in 5 gestational bin outlier analysis - excluded from complication-specific chi-squared testing.
2026-09-08 11:47:47,059 - INFO - Analyte unk_p1337_POS_490.8173_RT11.18 was not included in 5 gestational bin outlier analysis - excluded from complication-specific chi-squared testing.
2026-09-08 11:47:47,068 - INFO - Analyte N,N-dimethyl-N-(3-perfluoroalkylsulfonamidopropan-1-yl)-N-(3-sulfopropan-1-yl)ammonium;N-sulfo propyl dimethyl ammonio propyl perfluoroethane sulfonamide;N-sulfo propyl dimethyl ammonio propyl perfluoroethane sulfonamide;perfluoroethane sulfonamido betaine propyl sulfonate_POS was not included in 5 gestational bin outlier analysis - excluded from complication-specific chi-squared testing.
2026-09-08 11:47:47,078 - INFO - Analyte (x)-2-Heptanol glucoside_POS was not included in 5 gestational bin outlier analysis - excluded from complication-specific chi-squared testing.
2026-09-08 11:47:47,082 - INFO - Analyte Succinic acid semialdehyde_NEG was not included in 5 gestational bin outlier analysis - excluded from complication-specific chi-squared testing.
2026-09-08 11:47:47,085 - INFO - Analyte D-(+)-Glucose_POS was not included in 5 gestational bin outlier analysis - excluded from complication-specific chi-squared testing.
2026-09-08 11:47:47,094 - INFO - Analyte Diethylaminoethyl-Sephacel_POS was not included in 5 gestational bin outlier analysis - excluded from complication-specific chi-squared testing.
2026-09-08 11:47:47,103 - INFO - Analyte L-Glutamic acid_POS was not included in 5 gestational bin outlier analysis - excluded from complication-specific chi-squared testing.
2026-09-08 11:47:47,113 - INFO - Analyte Penicillamine disulfide_POS was not included in 5 gestational bin outlier analysis - excluded from complication-specific chi-squared testing.
2026-09-08 11:47:47,122 - INFO - Analyte [Similar to: Asparagine; ΔMass: 67.9873 Da]_NEG was not included in 5 gestational bin outlier analysis - excluded from complication-specific chi-squared testing.
2026-09-08 11:47:47,127 - INFO - Analyte 6-Chloro-2,3,4,5-tetrahydro-1H-3-benzazepine_NEG was not included in 5 gestational bin outlier analysis - excluded from complication-specific chi-squared testing.
2026-09-08 11:47:47,136 - INFO - Analyte Validoxylamine G_POS was not included in 5 gestational bin outlier analysis - excluded from complication-specific chi-squared testing.
2026-09-08 11:47:47,141 - INFO - Analyte Threonine_NEG was not included in 5 gestational bin outlier analysis - excluded from complication-specific chi-squared testing.
2026-09-08 11:47:47,146 - INFO - Analyte O-Desmethyl-cis-tramadol_POS was not included in 5 gestational bin outlier analysis - excluded from complication-specific chi-squared testing.
2026-09-08 11:47:47,155 - INFO - Analyte N,N-Didesmethylvenlafaxine_POS was not included in 5 gestational bin outlier analysis - excluded from complication-specific chi-squared testing.
2026-09-08 11:47:47,158 - INFO - Analyte 3-[(4-Chlorophenyl)thio]-6-(3,5-dimethyl-1H-pyrazol-1-yl)pyridazine_POS was not included in 5 gestational bin outlier analysis - excluded from complication-specific chi-squared testing.
2026-09-08 11:47:47,162 - INFO - Analyte Aladapcin_POS was not included in 5 gestational bin outlier analysis - excluded from complication-specific chi-squared testing.
2026-09-08 11:47:47,167 - INFO - Analyte Acetylcholine_POS was not included in 5 gestational bin outlier analysis - excluded from complication-specific chi-squared testing.
2026-09-08 11:47:47,171 - INFO - Analyte Cocaine_POS was not included in 5 gestational bin outlier analysis - excluded from complication-specific chi-squared testing.
2026-09-08 11:47:47,174 - INFO - Analyte (2R*,3R*)-1,2,3-Butanetriol_POS was not included in 5 gestational bin outlier analysis - excluded from complication-specific chi-squared testing.
2026-09-08 11:47:47,179 - INFO - Analyte Tranexamic Acid_POS was not included in 5 gestational bin outlier analysis - excluded from complication-specific chi-squared testing.
2026-09-08 11:47:47,188 - INFO - Analyte Citalopram hydrobromide_POS was not included in 5 gestational bin outlier analysis - excluded from complication-specific chi-squared testing.
2026-09-08 11:47:47,193 - INFO - Analyte Crotonic acid_POS was not included in 5 gestational bin outlier analysis - excluded from complication-specific chi-squared testing.
2026-09-08 11:47:47,195 - INFO - Analyte unk_n104_NEG_197.8080_RT4.23 was not included in 5 gestational bin outlier analysis - excluded from complication-specific chi-squared testing.
2026-09-08 11:47:47,204 - INFO - Analyte [Similar to: N1-(2-methyl-4-nitrophenyl)acetamide; ΔMass: -46.1009 Da]_NEG was not included in 5 gestational bin outlier analysis - excluded from complication-specific chi-squared testing.
2026-09-08 11:47:47,209 - INFO - Analyte 2-(2-Thienylmethylene)-1,6-dioxaspiro[4.4]non-3-ene_POS was not included in 5 gestational bin outlier analysis - excluded from complication-specific chi-squared testing.
2026-09-08 11:47:47,285 - INFO - Analyte unk_p755_POS_173.0783_RT3.49 was not included in 5 gestational bin outlier analysis - excluded from complication-specific chi-squared testing.
2026-09-08 11:47:47,296 - INFO - Analyte Vaccenyl carnitine_POS was not included in 5 gestational bin outlier analysis - excluded from complication-specific chi-squared testing.
2026-09-08 11:47:47,300 - INFO - Analyte Glycylproline_POS was not included in 5 gestational bin outlier analysis - excluded from complication-specific chi-squared testing.
2026-09-08 11:47:47,310 - INFO - Analyte 2-Oxopropyl 2-oxopropanoate_NEG was not included in 5 gestational bin outlier analysis - excluded from complication-specific chi-squared testing.
2026-09-08 11:47:47,319 - INFO - Analyte methadone-d9_NEG was not included in 5 gestational bin outlier analysis - excluded from complication-specific chi-squared testing.
2026-09-08 11:47:47,329 - INFO - Analyte 2-(methylthio)-4-(3-pyridyl)pyrimidine_POS was not included in 5 gestational bin outlier analysis - excluded from complication-specific chi-squared testing.
2026-09-08 11:47:47,331 - INFO - Analyte unk_p4117_POS_730.1590_RT4.67 was not included in 5 gestational bin outlier analysis - excluded from complication-specific chi-squared testing.
2026-09-08 11:47:47,336 - INFO - Analyte Butyrylcarnitine_POS was not included in 5 gestational bin outlier analysis - excluded from complication-specific chi-squared testing.
2026-09-08 11:47:47,346 - INFO - Analyte Triisobutyl phosphate_POS was not included in 5 gestational bin outlier analysis - excluded from complication-specific chi-squared testing.
2026-09-08 11:47:47,355 - INFO - Analyte 1-Methoxy-1H-indole-3-acetonitrile_POS was not included in 5 gestational bin outlier analysis - excluded from complication-specific chi-squared testing.
2026-09-08 11:47:47,364 - INFO - Analyte (5R)-5-Hydroxyhexanoic acid_POS was not included in 5 gestational bin outlier analysis - excluded from complication-specific chi-squared testing.
2026-09-08 11:47:47,369 - INFO - Analyte [Similar to: L-Threonic acid; ΔMass: 112.0010 Da]_NEG was not included in 5 gestational bin outlier analysis - excluded from complication-specific chi-squared testing.
2026-09-08 11:47:47,378 - INFO - Analyte unk_p2205_POS_101.0790_RT2.80 was not included in 5 gestational bin outlier analysis - excluded from complication-specific chi-squared testing.
2026-09-08 11:47:47,383 - INFO - Analyte Diaminopimelic acid_POS was not included in 5 gestational bin outlier analysis - excluded from complication-specific chi-squared testing.
2026-09-08 11:47:47,393 - INFO - Analyte N-Methyl-4-nitroaniline_POS was not included in 5 gestational bin outlier analysis - excluded from complication-specific chi-squared testing.
2026-09-08 11:47:47,402 - INFO - Analyte unk_n219_NEG_116.9285_RT11.96 was not included in 5 gestational bin outlier analysis - excluded from complication-specific chi-squared testing.
2026-09-08 11:47:47,411 - INFO - Analyte 1,2,2-trifluoro-2-(trifluoromethoxy)ethan-1-ol;Hydrogen-substituted perfluoroether butanol_NEG was not included in 5 gestational bin outlier analysis - excluded from complication-specific chi-squared testing.
2026-09-08 11:47:47,421 - INFO - Analyte Octylphosphonic acid_POS was not included in 5 gestational bin outlier analysis - excluded from complication-specific chi-squared testing.
2026-09-08 11:47:47,426 - INFO - Analyte Morpholine_POS was not included in 5 gestational bin outlier analysis - excluded from complication-specific chi-squared testing.
2026-09-08 11:47:47,435 - INFO - Analyte Valine_POS was not included in 5 gestational bin outlier analysis - excluded from complication-specific chi-squared testing.
2026-09-08 11:47:47,440 - INFO - Analyte 4-Oxoproline_NEG was not included in 5 gestational bin outlier analysis - excluded from complication-specific chi-squared testing.
2026-09-08 11:47:47,445 - INFO - Analyte unk_p3907_POS_370.0736_RT5.90 was not included in 5 gestational bin outlier analysis - excluded from complication-specific chi-squared testing.
2026-09-08 11:47:47,454 - INFO - Analyte N-acetyl zonisamide_POS was not included in 5 gestational bin outlier analysis - excluded from complication-specific chi-squared testing.
2026-09-08 11:47:47,464 - INFO - Analyte 4-Hydroxyproline_NEG was not included in 5 gestational bin outlier analysis - excluded from complication-specific chi-squared testing.
2026-09-08 11:47:47,468 - INFO - Analyte unk_p1789_POS_481.8174_RT8.05 was not included in 5 gestational bin outlier analysis - excluded from complication-specific chi-squared testing.
2026-09-08 11:47:47,478 - INFO - Analyte N-(1,3-benzodioxol-5-yl)-2-methyl-5-(piperidinosulfonyl)-3-furamide_POS was not included in 5 gestational bin outlier analysis - excluded from complication-specific chi-squared testing.
2026-09-08 11:47:47,487 - INFO - Analyte NP-022068_POS was not included in 5 gestational bin outlier analysis - excluded from complication-specific chi-squared testing.
2026-09-08 11:47:47,496 - INFO - Analyte unk_n683_NEG_226.9274_RT2.46 was not included in 5 gestational bin outlier analysis - excluded from complication-specific chi-squared testing.
2026-09-08 11:47:47,506 - INFO - Analyte [Similar to: 2-{[(2R,3R,4S,5S,6R)-4,5-dihydroxy-6-(hydroxymethyl)-3-{[(2S,3R,4R,5R,6S)-3,4,5-trihydroxy-6-methyloxan-2-yl]oxy}oxan-2-yl]oxy}-2-(4-hydroxyphenyl)acetonitrile; ΔMass: -157.9643 Da]_POS was not included in 5 gestational bin outlier analysis - excluded from complication-specific chi-squared testing.
2026-09-08 11:47:47,511 - INFO - Analyte 3-Hydroxymonoethylglycinexylidide_POS was not included in 5 gestational bin outlier analysis - excluded from complication-specific chi-squared testing.
2026-09-08 11:47:47,521 - INFO - Analyte 2-Aminothiazole_POS was not included in 5 gestational bin outlier analysis - excluded from complication-specific chi-squared testing.
2026-09-08 11:47:47,531 - INFO - Analyte Pyrrolidine_POS was not included in 5 gestational bin outlier analysis - excluded from complication-specific chi-squared testing.
2026-09-08 11:47:47,536 - INFO - Analyte unk_p1714_POS_174.9566_RT3.15 was not included in 5 gestational bin outlier analysis - excluded from complication-specific chi-squared testing.
2026-09-08 11:47:47,546 - INFO - Analyte Bicine_NEG was not included in 5 gestational bin outlier analysis - excluded from complication-specific chi-squared testing.
2026-09-08 11:47:47,550 - INFO - Analyte bk-MDDMA_POS was not included in 5 gestational bin outlier analysis - excluded from complication-specific chi-squared testing.
2026-09-08 11:47:47,560 - INFO - Analyte unk_n43_NEG_231.9316_RT9.38 was not included in 5 gestational bin outlier analysis - excluded from complication-specific chi-squared testing.
2026-09-08 11:47:47,565 - INFO - Analyte (S)-(+)-2-Amino-1-propanol_POS was not included in 5 gestational bin outlier analysis - excluded from complication-specific chi-squared testing.
2026-09-08 11:47:47,574 - INFO - Analyte Ritodrine_POS was not included in 5 gestational bin outlier analysis - excluded from complication-specific chi-squared testing.
2026-09-08 11:47:47,583 - INFO - Analyte Allyl 2-(1H-benzimidazol-2-yl)-2-cyano-N-phenylethanimidothioate_POS was not included in 5 gestational bin outlier analysis - excluded from complication-specific chi-squared testing.
2026-09-08 11:47:47,588 - INFO - Analyte Pseudoecgonine_POS was not included in 5 gestational bin outlier analysis - excluded from complication-specific chi-squared testing.
2026-09-08 11:47:47,591 - INFO - Analyte Proline_POS was not included in 5 gestational bin outlier analysis - excluded from complication-specific chi-squared testing.
2026-09-08 11:47:47,600 - INFO - Analyte unk_p4135_POS_461.8025_RT1.59 was not included in 5 gestational bin outlier analysis - excluded from complication-specific chi-squared testing.
2026-09-08 11:47:47,609 - INFO - Analyte unk_p2327_POS_272.1338_RT2.37 was not included in 5 gestational bin outlier analysis - excluded from complication-specific chi-squared testing.
2026-09-08 11:47:47,619 - INFO - Analyte NP-020535_POS was not included in 5 gestational bin outlier analysis - excluded from complication-specific chi-squared testing.
2026-09-08 11:47:47,628 - INFO - Analyte 5-nitrothiazol-2-amine_POS was not included in 5 gestational bin outlier analysis - excluded from complication-specific chi-squared testing.
2026-09-08 11:47:47,638 - INFO - Analyte unk_p4977_POS_430.3673_RT0.76 was not included in 5 gestational bin outlier analysis - excluded from complication-specific chi-squared testing.
2026-09-08 11:47:47,647 - INFO - Analyte unk_p1632_POS_663.4347_RT12.76 was not included in 5 gestational bin outlier analysis - excluded from complication-specific chi-squared testing.
2026-09-08 11:47:47,657 - INFO - Analyte 3-Hydroxybupivicaine_POS was not included in 5 gestational bin outlier analysis - excluded from complication-specific chi-squared testing.
2026-09-08 11:47:47,661 - INFO - Analyte unk_n9_NEG_273.9896_RT11.04 was not included in 5 gestational bin outlier analysis - excluded from complication-specific chi-squared testing.
2026-09-08 11:47:47,664 - INFO - Analyte 3-hydroxy-3-methylpentanedioic acid_POS was not included in 5 gestational bin outlier analysis - excluded from complication-specific chi-squared testing.
2026-09-08 11:47:47,669 - INFO - Analyte 2-Methyl-3-ketovaleric acid_POS was not included in 5 gestational bin outlier analysis - excluded from complication-specific chi-squared testing.
2026-09-08 11:47:47,678 - INFO - Analyte (4E)-3-Hydroxy-2,4-dimethyl-4-heptenamide_POS was not included in 5 gestational bin outlier analysis - excluded from complication-specific chi-squared testing.
2026-09-08 11:47:47,688 - INFO - Analyte Lamotrigine_POS was not included in 5 gestational bin outlier analysis - excluded from complication-specific chi-squared testing.
2026-09-08 11:47:47,697 - INFO - Analyte Xestoaminol C_POS was not included in 5 gestational bin outlier analysis - excluded from complication-specific chi-squared testing.
2026-09-08 11:47:47,706 - INFO - Analyte Acycloguanosine_NEG was not included in 5 gestational bin outlier analysis - excluded from complication-specific chi-squared testing.
2026-09-08 11:47:47,711 - INFO - Analyte unk_n75_NEG_197.8079_RT5.38 was not included in 5 gestational bin outlier analysis - excluded from complication-specific chi-squared testing.
2026-09-08 11:47:47,716 - INFO - Analyte Mevalonic acid_POS was not included in 5 gestational bin outlier analysis - excluded from complication-specific chi-squared testing.
2026-09-08 11:47:47,721 - INFO - Analyte Lorbamate_POS was not included in 5 gestational bin outlier analysis - excluded from complication-specific chi-squared testing.
2026-09-08 11:47:47,731 - INFO - Analyte 2-Furanmethanol_POS was not included in 5 gestational bin outlier analysis - excluded from complication-specific chi-squared testing.
2026-09-08 11:47:47,741 - INFO - Analyte Guanidoacetic acid_POS was not included in 5 gestational bin outlier analysis - excluded from complication-specific chi-squared testing.
2026-09-08 11:47:47,746 - INFO - Analyte Acetazolamide_NEG was not included in 5 gestational bin outlier analysis - excluded from complication-specific chi-squared testing.
2026-09-08 11:47:47,751 - INFO - Analyte unk_n834_NEG_333.1415_RT9.64 was not included in 5 gestational bin outlier analysis - excluded from complication-specific chi-squared testing.
2026-09-08 11:47:47,761 - INFO - Analyte D-(+)-Maltose_NEG was not included in 5 gestational bin outlier analysis - excluded from complication-specific chi-squared testing.
2026-09-08 11:47:47,766 - INFO - Analyte 4-Thialysine_POS was not included in 5 gestational bin outlier analysis - excluded from complication-specific chi-squared testing.
2026-09-08 11:47:47,775 - INFO - Analyte unk_p2623_POS_506.2075_RT7.31 was not included in 5 gestational bin outlier analysis - excluded from complication-specific chi-squared testing.
2026-09-08 11:47:47,784 - INFO - Analyte unk_n11_NEG_273.9895_RT10.40 was not included in 5 gestational bin outlier analysis - excluded from complication-specific chi-squared testing.
2026-09-08 11:47:47,789 - INFO - Analyte L-beta-aspartyl-L-glycine_POS was not included in 5 gestational bin outlier analysis - excluded from complication-specific chi-squared testing.
2026-09-08 11:47:47,798 - INFO - Analyte unk_p4598_POS_370.0734_RT6.62 was not included in 5 gestational bin outlier analysis - excluded from complication-specific chi-squared testing.
2026-09-08 11:47:47,808 - INFO - Analyte unk_p4657_POS_382.3426_RT11.09 was not included in 5 gestational bin outlier analysis - excluded from complication-specific chi-squared testing.
2026-09-08 11:47:47,817 - INFO - Analyte 5-Nitro-o-toluidine_POS was not included in 5 gestational bin outlier analysis - excluded from complication-specific chi-squared testing.
2026-09-08 11:47:47,827 - INFO - Analyte Xylactam_POS was not included in 5 gestational bin outlier analysis - excluded from complication-specific chi-squared testing.
2026-09-08 11:47:47,832 - INFO - Analyte unk_p1333_POS_99.5122_RT7.62 was not included in 5 gestational bin outlier analysis - excluded from complication-specific chi-squared testing.
2026-09-08 11:47:47,836 - INFO - Analyte 7-(2-thienyl)[1,2,4]triazolo[4,3-a]pyrimidine_POS was not included in 5 gestational bin outlier analysis - excluded from complication-specific chi-squared testing.
2026-09-08 11:47:47,841 - INFO - Analyte cis-Acetylacrylate_POS was not included in 5 gestational bin outlier analysis - excluded from complication-specific chi-squared testing.
2026-09-08 11:47:47,846 - INFO - Analyte Ecgonine_POS was not included in 5 gestational bin outlier analysis - excluded from complication-specific chi-squared testing.
2026-09-08 11:47:47,852 - INFO - Analyte PEG n12_POS was not included in 5 gestational bin outlier analysis - excluded from complication-specific chi-squared testing.
2026-09-08 11:47:47,857 - INFO - Analyte 2-Furancarboxaldehyde_NEG was not included in 5 gestational bin outlier analysis - excluded from complication-specific chi-squared testing.
2026-09-08 11:47:47,865 - INFO - Analyte L-Aspartic acid_POS was not included in 5 gestational bin outlier analysis - excluded from complication-specific chi-squared testing.
2026-09-08 11:47:47,870 - INFO - Analyte Homocitrulline_POS was not included in 5 gestational bin outlier analysis - excluded from complication-specific chi-squared testing.
2026-09-08 11:47:47,875 - INFO - Analyte unk_p8_POS_178.0903_RT10.06 was not included in 5 gestational bin outlier analysis - excluded from complication-specific chi-squared testing.
2026-09-08 11:47:47,880 - INFO - Analyte Methadone_POS was not included in 5 gestational bin outlier analysis - excluded from complication-specific chi-squared testing.
2026-09-08 11:47:47,889 - INFO - Analyte unk_p2870_POS_426.3213_RT12.12 was not included in 5 gestational bin outlier analysis - excluded from complication-specific chi-squared testing.
2026-09-08 11:47:47,899 - INFO - Analyte Methamphetamine_POS was not included in 5 gestational bin outlier analysis - excluded from complication-specific chi-squared testing.
2026-09-08 11:47:47,908 - INFO - Analyte Propylenediamine tetra-acetic acid_POS was not included in 5 gestational bin outlier analysis - excluded from complication-specific chi-squared testing.
2026-09-08 11:47:47,913 - INFO - Analyte 3-(2-methylpropyl)-octahydropyrrolo[1,2-a]pyrazine-1,4-dione_POS was not included in 5 gestational bin outlier analysis - excluded from complication-specific chi-squared testing.
2026-09-08 11:47:47,922 - INFO - Analyte Venlafaxine N-Oxide_POS was not included in 5 gestational bin outlier analysis - excluded from complication-specific chi-squared testing.
2026-09-08 11:47:47,932 - INFO - Analyte 1,1-Dichloroacetone_POS was not included in 5 gestational bin outlier analysis - excluded from complication-specific chi-squared testing.
2026-09-08 11:47:47,937 - INFO - Analyte unk_p1255_POS_297.9856_RT8.42 was not included in 5 gestational bin outlier analysis - excluded from complication-specific chi-squared testing.
2026-09-08 11:47:47,941 - INFO - Analyte (2S,3R,4S,5R,6R)-6-Ethyloxane-2,3,4,5-tetrol_POS was not included in 5 gestational bin outlier analysis - excluded from complication-specific chi-squared testing.
2026-09-08 11:47:47,944 - INFO - Analyte Phenyl sulfoxide_NEG was not included in 5 gestational bin outlier analysis - excluded from complication-specific chi-squared testing.
2026-09-08 11:47:47,948 - INFO - Analyte [Similar to: L-Threonic acid; ΔMass: 67.9873 Da]_NEG was not included in 5 gestational bin outlier analysis - excluded from complication-specific chi-squared testing.
2026-09-08 11:47:47,953 - INFO - Analyte Alanylserine_POS was not included in 5 gestational bin outlier analysis - excluded from complication-specific chi-squared testing.
2026-09-08 11:47:47,963 - INFO - Analyte D3-Creatinine_POS was not included in 5 gestational bin outlier analysis - excluded from complication-specific chi-squared testing.
2026-09-08 11:47:48,008 - INFO - Analyte 2-(4-chlorophenoxy)pyridin-3-amine_POS was not included in 5 gestational bin outlier analysis - excluded from complication-specific chi-squared testing.
2026-09-08 11:47:48,018 - INFO - Analyte L-Lysine_POS was not included in 5 gestational bin outlier analysis - excluded from complication-specific chi-squared testing.
2026-09-08 11:47:48,028 - INFO - Analyte Epinephrine_POS was not included in 5 gestational bin outlier analysis - excluded from complication-specific chi-squared testing.
2026-09-08 11:47:48,034 - INFO - Analyte unk_p4438_POS_454.2431_RT9.53 was not included in 5 gestational bin outlier analysis - excluded from complication-specific chi-squared testing.
2026-09-08 11:47:48,043 - INFO - Analyte unk_n449_NEG_525.3312_RT11.55 was not included in 5 gestational bin outlier analysis - excluded from complication-specific chi-squared testing.
2026-09-08 11:47:48,048 - INFO - Analyte unk_n2989_NEG_778.2049_RT9.66 was not included in 5 gestational bin outlier analysis - excluded from complication-specific chi-squared testing.
2026-09-08 11:47:48,058 - INFO - Analyte Hydroxymethyl hydrogen carbonate_NEG was not included in 5 gestational bin outlier analysis - excluded from complication-specific chi-squared testing.
2026-09-08 11:47:48,067 - INFO - Analyte 5S,6S-epoxy-15R-hydroxy-ETE_POS was not included in 5 gestational bin outlier analysis - excluded from complication-specific chi-squared testing.
2026-09-08 11:47:48,072 - INFO - Analyte Cefalexin_POS was not included in 5 gestational bin outlier analysis - excluded from complication-specific chi-squared testing.
2026-09-08 11:47:48,081 - INFO - Analyte unk_p256_POS_223.0700_RT11.18 was not included in 5 gestational bin outlier analysis - excluded from complication-specific chi-squared testing.
2026-09-08 11:47:48,091 - INFO - Analyte Citrulline_NEG was not included in 5 gestational bin outlier analysis - excluded from complication-specific chi-squared testing.
2026-09-08 11:47:48,096 - INFO - Analyte Nadolol_POS was not included in 5 gestational bin outlier analysis - excluded from complication-specific chi-squared testing.
2026-09-08 11:47:48,100 - INFO - Analyte Bupropion hydrochloride_POS was not included in 5 gestational bin outlier analysis - excluded from complication-specific chi-squared testing.
2026-09-08 11:47:48,103 - INFO - Analyte unk_p480_POS_242.9825_RT7.37 was not included in 5 gestational bin outlier analysis - excluded from complication-specific chi-squared testing.
2026-09-08 11:47:48,108 - INFO - Analyte N6-Me-Adenosine_POS was not included in 5 gestational bin outlier analysis - excluded from complication-specific chi-squared testing.
2026-09-08 11:47:48,112 - INFO - Analyte Anthranilic acid_POS was not included in 5 gestational bin outlier analysis - excluded from complication-specific chi-squared testing.
2026-09-08 11:47:48,117 - INFO - Analyte 2-Pyridylacetic acid_POS was not included in 5 gestational bin outlier analysis - excluded from complication-specific chi-squared testing.
2026-09-08 11:47:48,122 - INFO - Analyte 2-Aminobicyclo[3.1.0]hexane-2,6-dicarboxylic acid_POS was not included in 5 gestational bin outlier analysis - excluded from complication-specific chi-squared testing.
2026-09-08 11:47:48,132 - INFO - Analyte Clopidol_POS was not included in 5 gestational bin outlier analysis - excluded from complication-specific chi-squared testing.
2026-09-08 11:47:48,141 - INFO - Analyte Asparagine_NEG was not included in 5 gestational bin outlier analysis - excluded from complication-specific chi-squared testing.
2026-09-08 11:47:48,150 - INFO - Analyte Pyrogallol_POS was not included in 5 gestational bin outlier analysis - excluded from complication-specific chi-squared testing.
2026-09-08 11:47:48,160 - INFO - Analyte N-{[(2R,4S,5R)-5-(1-Methyl-3-phenyl-1H-pyrazol-5-yl)-1-azabicyclo[2.2.2]oct-2-yl]methyl}methanesulfonamide_POS was not included in 5 gestational bin outlier analysis - excluded from complication-specific chi-squared testing.
2026-09-08 11:47:48,169 - INFO - Analyte unk_p1961_POS_481.8174_RT7.74 was not included in 5 gestational bin outlier analysis - excluded from complication-specific chi-squared testing.
2026-09-08 11:47:48,172 - INFO - Analyte Dihydrothymine_NEG was not included in 5 gestational bin outlier analysis - excluded from complication-specific chi-squared testing.
2026-09-08 11:47:48,181 - INFO - Analyte Metronidazole-OH_POS was not included in 5 gestational bin outlier analysis - excluded from complication-specific chi-squared testing.
2026-09-08 11:47:48,186 - INFO - Analyte L-Aspartic acid_NEG was not included in 5 gestational bin outlier analysis - excluded from complication-specific chi-squared testing.
2026-09-08 11:47:48,191 - INFO - Analyte 6-(1,2,3,4-Tetrahydroxybutyl)oxane-2,3,4,5-tetrol_NEG was not included in 5 gestational bin outlier analysis - excluded from complication-specific chi-squared testing.
2026-09-08 11:47:48,200 - INFO - Analyte N-Acetyl-DL-tryptophan_POS was not included in 5 gestational bin outlier analysis - excluded from complication-specific chi-squared testing.
2026-09-08 11:47:48,209 - INFO - Analyte unk_n3153_NEG_237.9734_RT2.13 was not included in 5 gestational bin outlier analysis - excluded from complication-specific chi-squared testing.
2026-09-08 11:47:48,219 - INFO - Analyte Acycloguanosine_POS was not included in 5 gestational bin outlier analysis - excluded from complication-specific chi-squared testing.
2026-09-08 11:47:48,224 - INFO - Analyte 2-(2,6-dimethoxyphenyl)-5,6-dimethoxy-4H-chromen-4-one_POS was not included in 5 gestational bin outlier analysis - excluded from complication-specific chi-squared testing.
2026-09-08 11:47:48,229 - INFO - Analyte Allopurinol_NEG was not included in 5 gestational bin outlier analysis - excluded from complication-specific chi-squared testing.
2026-09-08 11:47:48,233 - INFO - Analyte 5-Aminolevulinic acid_POS was not included in 5 gestational bin outlier analysis - excluded from complication-specific chi-squared testing.
2026-09-08 11:47:48,243 - INFO - Analyte [Similar to: DL-Arginine; ΔMass: 180.0636 Da]_NEG was not included in 5 gestational bin outlier analysis - excluded from complication-specific chi-squared testing.
2026-09-08 11:47:48,247 - INFO - Analyte Aspartame_POS was not included in 5 gestational bin outlier analysis - excluded from complication-specific chi-squared testing.
2026-09-08 11:47:48,252 - INFO - Analyte 2-Furancarboxaldehyde_POS was not included in 5 gestational bin outlier analysis - excluded from complication-specific chi-squared testing.
2026-09-08 11:47:48,261 - INFO - Analyte Methoxsalen_POS was not included in 5 gestational bin outlier analysis - excluded from complication-specific chi-squared testing.
2026-09-08 11:47:48,266 - INFO - Analyte Phosphate_NEG was not included in 5 gestational bin outlier analysis - excluded from complication-specific chi-squared testing.
2026-09-08 11:47:48,271 - INFO - Analyte D-(+)-Glucose_NEG was not included in 5 gestational bin outlier analysis - excluded from complication-specific chi-squared testing.
2026-09-08 11:47:48,280 - INFO - Analyte unk_n146_NEG_228.9939_RT11.62 was not included in 5 gestational bin outlier analysis - excluded from complication-specific chi-squared testing.
2026-09-08 11:47:48,285 - INFO - Analyte L-Pyroglutamic acid_POS was not included in 5 gestational bin outlier analysis - excluded from complication-specific chi-squared testing.
2026-09-08 11:47:48,290 - INFO - Analyte tetrahomomethionine_POS was not included in 5 gestational bin outlier analysis - excluded from complication-specific chi-squared testing.
2026-09-08 11:47:48,294 - INFO - Analyte Cyclopentylamine_POS was not included in 5 gestational bin outlier analysis - excluded from complication-specific chi-squared testing.
2026-09-08 11:47:48,300 - INFO - Analyte N-(2-Hydroxypropyl)valine_POS was not included in 5 gestational bin outlier analysis - excluded from complication-specific chi-squared testing.
2026-09-08 11:47:48,309 - INFO - Analyte tert-Butyl N-[1-(aminocarbonyl)-3-methylbutyl]carbamate_POS was not included in 5 gestational bin outlier analysis - excluded from complication-specific chi-squared testing.
2026-09-08 11:47:48,314 - INFO - Analyte α-Lactose_POS was not included in 5 gestational bin outlier analysis - excluded from complication-specific chi-squared testing.
2026-09-08 11:47:48,324 - INFO - Analyte 1-(2-Furylmethyl)-5-oxopyrrolidine-3-carboxylic acid_NEG was not included in 5 gestational bin outlier analysis - excluded from complication-specific chi-squared testing.
2026-09-08 11:47:48,329 - INFO - Analyte 2-(Methylsulfonyl)pyridine_POS was not included in 5 gestational bin outlier analysis - excluded from complication-specific chi-squared testing.
2026-09-08 11:47:48,334 - INFO - Analyte 6-Hydroxy-1H-indole-3-acetamide_POS was not included in 5 gestational bin outlier analysis - excluded from complication-specific chi-squared testing.
2026-09-08 11:47:48,343 - INFO - Analyte unk_p2701_POS_497.9975_RT1.19 was not included in 5 gestational bin outlier analysis - excluded from complication-specific chi-squared testing.
2026-09-08 11:47:48,348 - INFO - Analyte O-Desmethylvenlafaxine_POS was not included in 5 gestational bin outlier analysis - excluded from complication-specific chi-squared testing.
2026-09-08 11:47:48,353 - INFO - Analyte 4-Pyridoxic acid_POS was not included in 5 gestational bin outlier analysis - excluded from complication-specific chi-squared testing.
2026-09-08 11:47:48,362 - INFO - Analyte N-Acetyl-L-carnosine_POS was not included in 5 gestational bin outlier analysis - excluded from complication-specific chi-squared testing.
2026-09-08 11:47:48,367 - INFO - Analyte unk_p557_POS_445.8151_RT12.73 was not included in 5 gestational bin outlier analysis - excluded from complication-specific chi-squared testing.
2026-09-08 11:47:48,372 - INFO - Analyte unk_p223_POS_111.0200_RT9.05 was not included in 5 gestational bin outlier analysis - excluded from complication-specific chi-squared testing.
2026-09-08 11:47:48,381 - INFO - Analyte Ethylenediaminetetraacetic acid (EDTA)_POS was not included in 5 gestational bin outlier analysis - excluded from complication-specific chi-squared testing.
2026-09-08 11:47:48,391 - INFO - Analyte unk_p5266_POS_459.2620_RT11.62 was not included in 5 gestational bin outlier analysis - excluded from complication-specific chi-squared testing.
2026-09-08 11:47:48,393 - INFO - Analyte 4'-Chloro-α-pyrrolidinopropiophenone_POS was not included in 5 gestational bin outlier analysis - excluded from complication-specific chi-squared testing.
2026-09-08 11:47:48,398 - INFO - Analyte Bis(cyano-kappaC)iron_POS was not included in 5 gestational bin outlier analysis - excluded from complication-specific chi-squared testing.
2026-09-08 11:47:48,403 - INFO - Analyte 1-Hydroxybenzotriazol_POS was not included in 5 gestational bin outlier analysis - excluded from complication-specific chi-squared testing.
2026-09-08 11:47:48,407 - INFO - Analyte Ornithine_NEG was not included in 5 gestational bin outlier analysis - excluded from complication-specific chi-squared testing.
2026-09-08 11:47:48,412 - INFO - Analyte DL-Arginine_POS was not included in 5 gestational bin outlier analysis - excluded from complication-specific chi-squared testing.
2026-09-08 11:47:48,422 - INFO - Analyte N-(5-Methyl-3-oxohexyl)alanine_POS was not included in 5 gestational bin outlier analysis - excluded from complication-specific chi-squared testing.
2026-09-08 11:47:48,426 - INFO - Analyte 4-Amino-2-pyrazin-2-ylpyrimidine-5-carbonitrile_POS was not included in 5 gestational bin outlier analysis - excluded from complication-specific chi-squared testing.
2026-09-08 11:47:48,436 - INFO - Analyte unk_p1254_POS_83.5357_RT0.57 was not included in 5 gestational bin outlier analysis - excluded from complication-specific chi-squared testing.
2026-09-08 11:47:48,445 - INFO - Analyte 3-(dimethylamino)-1-(2-pyridyl)prop-2-en-1-one_POS was not included in 5 gestational bin outlier analysis - excluded from complication-specific chi-squared testing.
2026-09-08 11:47:48,448 - INFO - Analyte Benzoylecgonine_POS was not included in 5 gestational bin outlier analysis - excluded from complication-specific chi-squared testing.
2026-09-08 11:47:48,457 - INFO - Analyte Suberic acid_POS was not included in 5 gestational bin outlier analysis - excluded from complication-specific chi-squared testing.
2026-09-08 11:47:48,462 - INFO - Analyte N,N'-Diphenylguanidine_POS was not included in 5 gestational bin outlier analysis - excluded from complication-specific chi-squared testing.
2026-09-08 11:47:48,471 - INFO - Analyte Leucylphenylalanine_POS was not included in 5 gestational bin outlier analysis - excluded from complication-specific chi-squared testing.
2026-09-08 11:47:48,523 - INFO - Analyte Atenolol acid_POS was not included in 5 gestational bin outlier analysis - excluded from complication-specific chi-squared testing.
2026-09-08 11:47:48,528 - INFO - Analyte Diisopropylphosphate_NEG was not included in 5 gestational bin outlier analysis - excluded from complication-specific chi-squared testing.
2026-09-08 11:47:48,538 - INFO - Analyte 4:2 fluorotelomer thia hydroxy propyl trimethyl ammonium;4:2 fluorotelomer thia hydroxy propyl trimethyl ammonium;fluorotelomer thiohydroxyl ammonium (Backe, D'Agostino, Meija-Avedano), X:2 fluorotelomer thioether 2-propanol trimethyl quaternary amine_POS was not included in 5 gestational bin outlier analysis - excluded from complication-specific chi-squared testing.
2026-09-08 11:47:48,543 - INFO - Analyte Caprolactam_POS was not included in 5 gestational bin outlier analysis - excluded from complication-specific chi-squared testing.
2026-09-08 11:47:48,552 - INFO - Analyte Bis(diaminomethylideneamino) butanedioate_POS was not included in 5 gestational bin outlier analysis - excluded from complication-specific chi-squared testing.
2026-09-08 11:47:48,557 - INFO - Analyte unk_p1141_POS_297.9856_RT8.76 was not included in 5 gestational bin outlier analysis - excluded from complication-specific chi-squared testing.
2026-09-08 11:47:48,567 - INFO - Analyte acutumidine_POS was not included in 5 gestational bin outlier analysis - excluded from complication-specific chi-squared testing.
2026-09-08 11:47:48,572 - INFO - Analyte unk_n189_NEG_228.9940_RT11.33 was not included in 5 gestational bin outlier analysis - excluded from complication-specific chi-squared testing.
2026-09-08 11:47:48,576 - INFO - Analyte 1-(Hydroxymethyl)-5,5-dimethyl-2,4-imidazolidinedione_POS was not included in 5 gestational bin outlier analysis - excluded from complication-specific chi-squared testing.
2026-09-08 11:47:48,581 - INFO - Analyte D-(-)-Ribose_NEG was not included in 5 gestational bin outlier analysis - excluded from complication-specific chi-squared testing.
2026-09-08 11:47:48,590 - INFO - Analyte Acetone hydrazone_POS was not included in 5 gestational bin outlier analysis - excluded from complication-specific chi-squared testing.
2026-09-08 11:47:48,599 - INFO - Analyte 1-[2-(2,5-Dimethyl-1H-pyrrol-1-yl)-4-nitrophenyl]-4-(methylsulfonyl)piperazine_POS was not included in 5 gestational bin outlier analysis - excluded from complication-specific chi-squared testing.
2026-09-08 11:47:48,609 - INFO - Analyte Soboliferamide_POS was not included in 5 gestational bin outlier analysis - excluded from complication-specific chi-squared testing.
2026-09-08 11:47:48,619 - INFO - Analyte 3-Hydroxysebacic acid_POS was not included in 5 gestational bin outlier analysis - excluded from complication-specific chi-squared testing.
2026-09-08 11:47:48,628 - INFO - Analyte D-Alanyl-D-alanine_POS was not included in 5 gestational bin outlier analysis - excluded from complication-specific chi-squared testing.
2026-09-08 11:47:48,638 - INFO - Analyte Medazepam_POS was not included in 5 gestational bin outlier analysis - excluded from complication-specific chi-squared testing.
2026-09-08 11:47:48,642 - INFO - Analyte Oxalic acid_NEG was not included in 5 gestational bin outlier analysis - excluded from complication-specific chi-squared testing.
2026-09-08 11:47:48,647 - INFO - Analyte 4-(3-Methyl-1-butenyl)-3,3',4',5-tetrahydroxystilbene_NEG was not included in 5 gestational bin outlier analysis - excluded from complication-specific chi-squared testing.
2026-09-08 11:47:48,657 - INFO - Analyte unk_n2029_NEG_102.9567_RT8.75 was not included in 5 gestational bin outlier analysis - excluded from complication-specific chi-squared testing.
2026-09-08 11:47:48,661 - INFO - Analyte [Similar to: Amphomycin; ΔMass: -1091.5889 Da]_POS was not included in 5 gestational bin outlier analysis - excluded from complication-specific chi-squared testing.
2026-09-08 11:47:48,671 - INFO - Analyte Glucosamine_POS was not included in 5 gestational bin outlier analysis - excluded from complication-specific chi-squared testing.
2026-09-08 11:47:48,673 - INFO - Analyte D-(-)-Lyxose_NEG was not included in 5 gestational bin outlier analysis - excluded from complication-specific chi-squared testing.
2026-09-08 11:47:48,678 - INFO - Analyte unk_p92_POS_90.5258_RT1.29 was not included in 5 gestational bin outlier analysis - excluded from complication-specific chi-squared testing.
2026-09-08 11:47:48,687 - INFO - Analyte 2-Hydroxyglutaric acid diethyl ester_POS was not included in 5 gestational bin outlier analysis - excluded from complication-specific chi-squared testing.
2026-09-08 11:47:48,696 - INFO - Analyte Tetraethylene glycol_POS was not included in 5 gestational bin outlier analysis - excluded from complication-specific chi-squared testing.
2026-09-08 11:47:48,706 - INFO - Analyte SK&F 91581_POS was not included in 5 gestational bin outlier analysis - excluded from complication-specific chi-squared testing.
2026-09-08 11:47:48,710 - INFO - Analyte unk_n158_NEG_215.8684_RT7.97 was not included in 5 gestational bin outlier analysis - excluded from complication-specific chi-squared testing.
2026-09-08 11:47:48,715 - INFO - Analyte Glutaminylglutamine_POS was not included in 5 gestational bin outlier analysis - excluded from complication-specific chi-squared testing.
2026-09-08 11:47:48,720 - INFO - Analyte unk_p2967_POS_272.1702_RT7.57 was not included in 5 gestational bin outlier analysis - excluded from complication-specific chi-squared testing.
2026-09-08 11:47:48,730 - INFO - Analyte 3-Hydroxyadipic acid 3,6-lactone_POS was not included in 5 gestational bin outlier analysis - excluded from complication-specific chi-squared testing.
2026-09-08 11:47:48,735 - INFO - Analyte dihomomethionine_POS was not included in 5 gestational bin outlier analysis - excluded from complication-specific chi-squared testing.
2026-09-08 11:47:48,744 - INFO - Analyte Pyruvic acid_NEG was not included in 5 gestational bin outlier analysis - excluded from complication-specific chi-squared testing.
2026-09-08 11:47:48,754 - INFO - Analyte unk_p800_POS_91.5045_RT9.41 was not included in 5 gestational bin outlier analysis - excluded from complication-specific chi-squared testing.
2026-09-08 11:47:48,759 - INFO - Analyte [Similar to: NP-004031; ΔMass: -416.3678 Da]_NEG was not included in 5 gestational bin outlier analysis - excluded from complication-specific chi-squared testing.
2026-09-08 11:47:48,768 - INFO - Analyte Norfentanyl_POS was not included in 5 gestational bin outlier analysis - excluded from complication-specific chi-squared testing.
2026-09-08 11:47:48,777 - INFO - Analyte 2-Methylbutyroylcarnitine_POS was not included in 5 gestational bin outlier analysis - excluded from complication-specific chi-squared testing.
2026-09-08 11:47:48,782 - INFO - Analyte 2-Hydroxy-3-methylpentanoic acid_POS was not included in 5 gestational bin outlier analysis - excluded from complication-specific chi-squared testing.
2026-09-08 11:47:48,787 - INFO - Analyte Glycyl-Glutamate_POS was not included in 5 gestational bin outlier analysis - excluded from complication-specific chi-squared testing.
2026-09-08 11:47:48,792 - INFO - Analyte 3-Deoxyglucosone_NEG was not included in 5 gestational bin outlier analysis - excluded from complication-specific chi-squared testing.
2026-09-08 11:47:48,801 - INFO - Analyte unk_p826_POS_235.9612_RT4.24 was not included in 5 gestational bin outlier analysis - excluded from complication-specific chi-squared testing.
2026-09-08 11:47:48,810 - INFO - Analyte unk_n2411_NEG_319.0083_RT2.93 was not included in 5 gestational bin outlier analysis - excluded from complication-specific chi-squared testing.
2026-09-08 11:47:48,820 - INFO - Analyte unk_n2019_NEG_382.1452_RT12.08 was not included in 5 gestational bin outlier analysis - excluded from complication-specific chi-squared testing.
2026-09-08 11:47:48,829 - INFO - Analyte 2-Amino-5-isopentyl-6-methylpyrimidin-4-ol_POS was not included in 5 gestational bin outlier analysis - excluded from complication-specific chi-squared testing.
2026-09-08 11:47:48,839 - INFO - Analyte Propyliodone_POS was not included in 5 gestational bin outlier analysis - excluded from complication-specific chi-squared testing.
2026-09-08 11:47:48,843 - INFO - Analyte 4-Azaspiro[bicyclo[2.2.2]octane-2,2'-[1,4]oxazolidine]-5'-one_POS was not included in 5 gestational bin outlier analysis - excluded from complication-specific chi-squared testing.
2026-09-08 11:47:48,853 - INFO - Analyte H2-D-erythro-Neopterin 2',3'-cyclic phosphate_POS was not included in 5 gestational bin outlier analysis - excluded from complication-specific chi-squared testing.
2026-09-08 11:47:48,862 - INFO - Analyte 2,2'-Anhydrocytidine_POS was not included in 5 gestational bin outlier analysis - excluded from complication-specific chi-squared testing.
2026-09-08 11:47:48,867 - INFO - Analyte (2S,8R)-2-Amino-8-hydroxydecanoic acid_POS was not included in 5 gestational bin outlier analysis - excluded from complication-specific chi-squared testing.
2026-09-08 11:47:48,871 - INFO - Analyte Trifluoroacetic acid_NEG was not included in 5 gestational bin outlier analysis - excluded from complication-specific chi-squared testing.
2026-09-08 11:47:48,876 - INFO - Analyte Repinotan_POS was not included in 5 gestational bin outlier analysis - excluded from complication-specific chi-squared testing.
2026-09-08 11:47:48,885 - INFO - Analyte unk_p4131_POS_564.2862_RT10.69 was not included in 5 gestational bin outlier analysis - excluded from complication-specific chi-squared testing.
2026-09-08 11:47:48,895 - INFO - Analyte Indoline_POS was not included in 5 gestational bin outlier analysis - excluded from complication-specific chi-squared testing.
2026-09-08 11:47:48,900 - INFO - Analyte 2-Isopropyl-3,5-dimethoxy-6-methylpyrazine_POS was not included in 5 gestational bin outlier analysis - excluded from complication-specific chi-squared testing.
2026-09-08 11:47:48,904 - INFO - Analyte 1-Phenyl-1H-pyrazole_POS was not included in 5 gestational bin outlier analysis - excluded from complication-specific chi-squared testing.
2026-09-08 11:47:48,909 - INFO - Analyte 4-Aminobenzoic acid_POS was not included in 5 gestational bin outlier analysis - excluded from complication-specific chi-squared testing.
2026-09-08 11:47:48,918 - INFO - Analyte 3-phospho-hydroxypyruvate_POS was not included in 5 gestational bin outlier analysis - excluded from complication-specific chi-squared testing.
2026-09-08 11:47:48,928 - INFO - Analyte unk_p4197_POS_287.9412_RT3.28 was not included in 5 gestational bin outlier analysis - excluded from complication-specific chi-squared testing.
2026-09-08 11:47:48,938 - INFO - Analyte D-(-)-Mannitol_NEG was not included in 5 gestational bin outlier analysis - excluded from complication-specific chi-squared testing.
2026-09-08 11:47:48,947 - INFO - Analyte L-Aspartate-semialdehyde_POS was not included in 5 gestational bin outlier analysis - excluded from complication-specific chi-squared testing.
2026-09-08 11:47:48,952 - INFO - Analyte 3-(propan-2-yl)-octahydropyrrolo[1,2-a]pyrazine-1,4-dione_POS was not included in 5 gestational bin outlier analysis - excluded from complication-specific chi-squared testing.
2026-09-08 11:47:48,962 - INFO - Analyte 2-Hydroxyquinoline_POS was not included in 5 gestational bin outlier analysis - excluded from complication-specific chi-squared testing.
2026-09-08 11:47:48,971 - INFO - Analyte unk_p3625_POS_427.0946_RT7.01 was not included in 5 gestational bin outlier analysis - excluded from complication-specific chi-squared testing.
2026-09-08 11:47:48,981 - INFO - Analyte trans-3-Hydroxycotinine_POS was not included in 5 gestational bin outlier analysis - excluded from complication-specific chi-squared testing.
2026-09-08 11:47:48,986 - INFO - Analyte unk_n1134_NEG_102.9567_RT5.95 was not included in 5 gestational bin outlier analysis - excluded from complication-specific chi-squared testing.
2026-09-08 11:47:48,991 - INFO - Analyte 3-Hydroxypyridine_POS was not included in 5 gestational bin outlier analysis - excluded from complication-specific chi-squared testing.
2026-09-08 11:47:49,000 - INFO - Analyte [Similar to: N1-(4,5-dihydro-1,3-thiazol-2-yl)-2-(2,4-dichlorophenoxy)propanamide; ΔMass: -136.0195 Da]_NEG was not included in 5 gestational bin outlier analysis - excluded from complication-specific chi-squared testing.
2026-09-08 11:47:49,005 - INFO - Analyte Lenticin_POS was not included in 5 gestational bin outlier analysis - excluded from complication-specific chi-squared testing.
2026-09-08 11:47:49,014 - INFO - Analyte unk_n656_NEG_157.0117_RT1.78 was not included in 5 gestational bin outlier analysis - excluded from complication-specific chi-squared testing.
2026-09-08 11:47:49,019 - INFO - Analyte Butyric acid_POS was not included in 5 gestational bin outlier analysis - excluded from complication-specific chi-squared testing.
2026-09-08 11:47:49,021 - INFO - Analyte Chloromethyl chloroformate_POS was not included in 5 gestational bin outlier analysis - excluded from complication-specific chi-squared testing.
2026-09-08 11:47:49,086 - INFO - Analyte 1H,1H-Perfluorononylamine_POS was not included in 5 gestational bin outlier analysis - excluded from complication-specific chi-squared testing.
2026-09-08 11:47:49,089 - INFO - Analyte unk_n512_NEG_209.8338_RT5.73 was not included in 5 gestational bin outlier analysis - excluded from complication-specific chi-squared testing.
2026-09-08 11:47:49,099 - INFO - Analyte L-Phenylalanine_POS was not included in 5 gestational bin outlier analysis - excluded from complication-specific chi-squared testing.
2026-09-08 11:47:49,108 - INFO - Analyte methyl isoquinoline-3-carboxylate_POS was not included in 5 gestational bin outlier analysis - excluded from complication-specific chi-squared testing.
2026-09-08 11:47:49,113 - INFO - Analyte Lappaol B_NEG was not included in 5 gestational bin outlier analysis - excluded from complication-specific chi-squared testing.
2026-09-08 11:47:49,118 - INFO - Analyte unk_p75_POS_199.0686_RT8.77 was not included in 5 gestational bin outlier analysis - excluded from complication-specific chi-squared testing.
2026-09-08 11:47:49,127 - INFO - Analyte 8-Cyano-fluoroquinolone_POS was not included in 5 gestational bin outlier analysis - excluded from complication-specific chi-squared testing.
2026-09-08 11:47:49,137 - INFO - Analyte NP-008998_POS was not included in 5 gestational bin outlier analysis - excluded from complication-specific chi-squared testing.
2026-09-08 11:47:49,140 - INFO - Analyte unk_p236_POS_90.5258_RT1.84 was not included in 5 gestational bin outlier analysis - excluded from complication-specific chi-squared testing.
2026-09-08 11:47:49,149 - INFO - Analyte unk_n85_NEG_248.9605_RT0.66 was not included in 5 gestational bin outlier analysis - excluded from complication-specific chi-squared testing.
2026-09-08 11:47:49,159 - INFO - Analyte Miglitol_NEG was not included in 5 gestational bin outlier analysis - excluded from complication-specific chi-squared testing.
2026-09-08 11:47:49,164 - INFO - Analyte Ametryn_POS was not included in 5 gestational bin outlier analysis - excluded from complication-specific chi-squared testing.
2026-09-08 11:47:49,173 - INFO - Analyte 2-Octenoylcarnitine_POS was not included in 5 gestational bin outlier analysis - excluded from complication-specific chi-squared testing.
2026-09-08 11:47:49,183 - INFO - Analyte Anordrin_POS was not included in 5 gestational bin outlier analysis - excluded from complication-specific chi-squared testing.
2026-09-08 11:47:49,192 - INFO - Analyte 5-(methoxymethyl)-2-(2-thienyl)-4,7-dihydropyrazolo[1,5-a]pyrimidin-7-one_NEG was not included in 5 gestational bin outlier analysis - excluded from complication-specific chi-squared testing.
2026-09-08 11:47:49,197 - INFO - Analyte D3-Lactate_NEG was not included in 5 gestational bin outlier analysis - excluded from complication-specific chi-squared testing.
2026-09-08 11:47:49,206 - INFO - Analyte unk_p3180_POS_497.9975_RT1.04 was not included in 5 gestational bin outlier analysis - excluded from complication-specific chi-squared testing.
2026-09-08 11:47:49,211 - INFO - Analyte unk_n223_NEG_225.8972_RT8.96 was not included in 5 gestational bin outlier analysis - excluded from complication-specific chi-squared testing.
2026-09-08 11:47:49,221 - INFO - Analyte Zonisamide_POS was not included in 5 gestational bin outlier analysis - excluded from complication-specific chi-squared testing.
2026-09-08 11:47:49,225 - INFO - Analyte unk_p2618_POS_146.0633_RT5.78 was not included in 5 gestational bin outlier analysis - excluded from complication-specific chi-squared testing.
2026-09-08 11:47:49,235 - INFO - Analyte Castanospermine_POS was not included in 5 gestational bin outlier analysis - excluded from complication-specific chi-squared testing.
2026-09-08 11:47:49,244 - INFO - Analyte Indene_POS was not included in 5 gestational bin outlier analysis - excluded from complication-specific chi-squared testing.
2026-09-08 11:47:49,249 - INFO - Analyte 2-(Dimethylamino)acetonitrile_POS was not included in 5 gestational bin outlier analysis - excluded from complication-specific chi-squared testing.
2026-09-08 11:47:49,254 - INFO - Analyte 2-Octenoic acid_POS was not included in 5 gestational bin outlier analysis - excluded from complication-specific chi-squared testing.
2026-09-08 11:47:49,259 - INFO - Analyte DL-Stachydrine_POS was not included in 5 gestational bin outlier analysis - excluded from complication-specific chi-squared testing.
2026-09-08 11:47:49,268 - INFO - Analyte Nicotinuric acid_POS was not included in 5 gestational bin outlier analysis - excluded from complication-specific chi-squared testing.
2026-09-08 11:47:49,278 - INFO - Analyte Garcinia acid_NEG was not included in 5 gestational bin outlier analysis - excluded from complication-specific chi-squared testing.
2026-09-08 11:47:49,287 - INFO - Analyte L-Cysteine-S-sulfate_POS was not included in 5 gestational bin outlier analysis - excluded from complication-specific chi-squared testing.
2026-09-08 11:47:49,292 - INFO - Analyte D-(+)-Maltose_POS was not included in 5 gestational bin outlier analysis - excluded from complication-specific chi-squared testing.
2026-09-08 11:47:49,301 - INFO - Analyte 3,4-Dihydroxybenzylamine_POS was not included in 5 gestational bin outlier analysis - excluded from complication-specific chi-squared testing.
2026-09-08 11:47:49,310 - INFO - Analyte N1-(alpha-D-ribosyl)-5,6-dimethyl-benzimidazole_POS was not included in 5 gestational bin outlier analysis - excluded from complication-specific chi-squared testing.
2026-09-08 11:47:49,320 - INFO - Analyte Armillariol B_POS was not included in 5 gestational bin outlier analysis - excluded from complication-specific chi-squared testing.
2026-09-08 11:47:49,325 - INFO - Analyte Triethylene Glycol Monomethyl Ether_POS was not included in 5 gestational bin outlier analysis - excluded from complication-specific chi-squared testing.
2026-09-08 11:47:49,329 - INFO - Analyte Kifunensine_NEG was not included in 5 gestational bin outlier analysis - excluded from complication-specific chi-squared testing.
2026-09-08 11:47:49,339 - INFO - Analyte D-(+)-Galactose_NEG was not included in 5 gestational bin outlier analysis - excluded from complication-specific chi-squared testing.
2026-09-08 11:47:49,348 - INFO - Analyte N-Phenylacetylglutamine_POS was not included in 5 gestational bin outlier analysis - excluded from complication-specific chi-squared testing.
2026-09-08 11:47:49,357 - INFO - Analyte 2-Heptanethiol_POS was not included in 5 gestational bin outlier analysis - excluded from complication-specific chi-squared testing.
2026-09-08 11:47:49,362 - INFO - Analyte 3-Hydroxybutyric acid_NEG was not included in 5 gestational bin outlier analysis - excluded from complication-specific chi-squared testing.
2026-09-08 11:47:49,371 - INFO - Analyte [Similar to: Creatine; ΔMass: 67.9874 Da]_NEG was not included in 5 gestational bin outlier analysis - excluded from complication-specific chi-squared testing.
2026-09-08 11:47:49,376 - INFO - Analyte Asparagine_POS was not included in 5 gestational bin outlier analysis - excluded from complication-specific chi-squared testing.
2026-09-08 11:47:49,379 - INFO - Analyte Quinolonic acid_POS was not included in 5 gestational bin outlier analysis - excluded from complication-specific chi-squared testing.
2026-09-08 11:47:49,383 - INFO - Analyte 2-({2-[(1,3-Dimethyl-1H-pyrazol-5-yl)amino]-2-oxoethyl}sulfanyl)acetic acid_POS was not included in 5 gestational bin outlier analysis - excluded from complication-specific chi-squared testing.
2026-09-08 11:47:49,388 - INFO - Analyte d-Glycero-d-galacto-heptose_NEG was not included in 5 gestational bin outlier analysis - excluded from complication-specific chi-squared testing.
2026-09-08 11:47:49,397 - INFO - Analyte unk_n177_NEG_207.8368_RT4.27 was not included in 5 gestational bin outlier analysis - excluded from complication-specific chi-squared testing.
2026-09-08 11:47:49,403 - INFO - Analyte 2-Amino-3-methyl-1-butanol_POS was not included in 5 gestational bin outlier analysis - excluded from complication-specific chi-squared testing.
2026-09-08 11:47:49,407 - INFO - Analyte L-Glutamine_POS was not included in 5 gestational bin outlier analysis - excluded from complication-specific chi-squared testing.
2026-09-08 11:47:49,416 - INFO - Analyte Geranylpyrrol A_POS was not included in 5 gestational bin outlier analysis - excluded from complication-specific chi-squared testing.
2026-09-08 11:47:49,426 - INFO - Analyte 2,4-diaziran-1-yl-6-(1-phenyl-1H-pyrrol-2-yl)-1,3,5-triazine_POS was not included in 5 gestational bin outlier analysis - excluded from complication-specific chi-squared testing.
2026-09-08 11:47:49,428 - INFO - Analyte unk_p488_POS_242.9822_RT7.04 was not included in 5 gestational bin outlier analysis - excluded from complication-specific chi-squared testing.
2026-09-08 11:47:49,438 - INFO - Analyte [6,7-dimethoxy-1-methyl-3,4-dihydro-2(1H)-isoquinolinyl](5-methyl-3-isoxazolyl)methanone_POS was not included in 5 gestational bin outlier analysis - excluded from complication-specific chi-squared testing.
2026-09-08 11:47:49,447 - INFO - Analyte 1,2,3-Trihydroxybenzene_NEG was not included in 5 gestational bin outlier analysis - excluded from complication-specific chi-squared testing.
2026-09-08 11:47:49,452 - INFO - Analyte unk_p4443_POS_437.9724_RT7.01 was not included in 5 gestational bin outlier analysis - excluded from complication-specific chi-squared testing.
2026-09-08 11:47:49,454 - INFO - Analyte (S)-3-[(Cyanophenylmethyl)amino]-3-oxopropanoic acid_POS was not included in 5 gestational bin outlier analysis - excluded from complication-specific chi-squared testing.
2026-09-08 11:47:49,459 - INFO - Analyte unk_p729_POS_504.9952_RT10.63 was not included in 5 gestational bin outlier analysis - excluded from complication-specific chi-squared testing.
2026-09-08 11:47:49,468 - INFO - Analyte N-(4-Aminobutyl)-2-Naphthalenesulfonamide_POS was not included in 5 gestational bin outlier analysis - excluded from complication-specific chi-squared testing.
2026-09-08 11:47:49,473 - INFO - Analyte 5-Hydroxytryptophol_POS was not included in 5 gestational bin outlier analysis - excluded from complication-specific chi-squared testing.
2026-09-08 11:47:49,482 - INFO - Analyte unk_p2622_POS_287.5918_RT1.01 was not included in 5 gestational bin outlier analysis - excluded from complication-specific chi-squared testing.
2026-09-08 11:47:49,487 - INFO - Analyte unk_p1942_POS_233.8754_RT2.91 was not included in 5 gestational bin outlier analysis - excluded from complication-specific chi-squared testing.
2026-09-08 11:47:49,492 - INFO - Analyte Acetyl-β-methylcholine_POS was not included in 5 gestational bin outlier analysis - excluded from complication-specific chi-squared testing.
2026-09-08 11:47:49,497 - INFO - Analyte Polypropylene glycol (m w 1,200-3,000)_POS was not included in 5 gestational bin outlier analysis - excluded from complication-specific chi-squared testing.
2026-09-08 11:47:49,506 - INFO - Analyte [Similar to: (4-benzoylpiperidino)[4-(tert-butyl)phenyl]methanone; ΔMass: 38.0426 Da]_POS was not included in 5 gestational bin outlier analysis - excluded from complication-specific chi-squared testing.
2026-09-08 11:47:49,515 - INFO - Analyte Terezine M_POS was not included in 5 gestational bin outlier analysis - excluded from complication-specific chi-squared testing.
2026-09-08 11:47:49,520 - INFO - Analyte N-(3-acetamidopropyl)pyrrolidin-2-one_POS was not included in 5 gestational bin outlier analysis - excluded from complication-specific chi-squared testing.
2026-09-08 11:47:49,529 - INFO - Analyte unk_p4365_POS_208.0392_RT2.59 was not included in 5 gestational bin outlier analysis - excluded from complication-specific chi-squared testing.
2026-09-08 11:47:49,539 - INFO - Analyte unk_p1267_POS_284.2065_RT8.69 was not included in 5 gestational bin outlier analysis - excluded from complication-specific chi-squared testing.
2026-09-08 11:47:49,548 - INFO - Analyte unk_p4505_POS_491.9183_RT1.35 was not included in 5 gestational bin outlier analysis - excluded from complication-specific chi-squared testing.
2026-09-08 11:47:49,551 - INFO - Analyte unk_p2005_POS_92.5221_RT1.52 was not included in 5 gestational bin outlier analysis - excluded from complication-specific chi-squared testing.
2026-09-08 11:47:49,560 - INFO - Analyte Glycerol 3-hydroxybutyrate_POS was not included in 5 gestational bin outlier analysis - excluded from complication-specific chi-squared testing.
2026-09-08 11:47:49,569 - INFO - Analyte 2-Amino-4-[(4-aminobutyl)amino]butanoic acid_POS was not included in 5 gestational bin outlier analysis - excluded from complication-specific chi-squared testing.
2026-09-08 11:47:49,572 - INFO - Analyte NP-020240_POS was not included in 5 gestational bin outlier analysis - excluded from complication-specific chi-squared testing.
2026-09-08 11:47:49,581 - INFO - Analyte ( Z)-6-benzylidene-3-hydroxymethyl-1,4-dimethyl-3-methylsulfanylpiperazine-2,5-dione_POS was not included in 5 gestational bin outlier analysis - excluded from complication-specific chi-squared testing.
2026-09-08 11:47:49,655 - INFO - Analyte 1,7-Diphenyl-4-hepten-3-one_POS was not included in 5 gestational bin outlier analysis - excluded from complication-specific chi-squared testing.
2026-09-08 11:47:49,665 - INFO - Analyte unk_n2397_NEG_699.3672_RT0.63 was not included in 5 gestational bin outlier analysis - excluded from complication-specific chi-squared testing.
2026-09-08 11:47:49,668 - INFO - Analyte Hydroxy bupropion_POS was not included in 5 gestational bin outlier analysis - excluded from complication-specific chi-squared testing.
2026-09-08 11:47:49,677 - INFO - Analyte [Similar to: Ethyl 3-hydroxy-5-methyl-6-oxo-1-phenyl-1,6-dihydropyrano[2,3-c]pyrazole-4-carboxylate; ΔMass: -46.0678 Da]_POS was not included in 5 gestational bin outlier analysis - excluded from complication-specific chi-squared testing.
2026-09-08 11:47:49,687 - INFO - Analyte Leukoaminochrome_POS was not included in 5 gestational bin outlier analysis - excluded from complication-specific chi-squared testing.
2026-09-08 11:47:49,696 - INFO - Analyte Acrylic acid_NEG was not included in 5 gestational bin outlier analysis - excluded from complication-specific chi-squared testing.
2026-09-08 11:47:49,701 - INFO - Analyte 1-Phenyl-1H-pyrazolo[3,4-d]pyrimidin-4-amine_POS was not included in 5 gestational bin outlier analysis - excluded from complication-specific chi-squared testing.
2026-09-08 11:47:49,706 - INFO - Analyte Bisoprolol_POS was not included in 5 gestational bin outlier analysis - excluded from complication-specific chi-squared testing.
2026-09-08 11:47:49,711 - INFO - Analyte N-methyl-4-nitrotryptophan_POS was not included in 5 gestational bin outlier analysis - excluded from complication-specific chi-squared testing.
2026-09-08 11:47:49,720 - INFO - Analyte Hydantoin-5-propionic acid_POS was not included in 5 gestational bin outlier analysis - excluded from complication-specific chi-squared testing.
2026-09-08 11:47:49,730 - INFO - Analyte Phosphate_POS was not included in 5 gestational bin outlier analysis - excluded from complication-specific chi-squared testing.
2026-09-08 11:47:49,734 - INFO - Analyte unk_n101_NEG_80.9748_RT3.00 was not included in 5 gestational bin outlier analysis - excluded from complication-specific chi-squared testing.
2026-09-08 11:47:49,739 - INFO - Analyte N-Desmethyltramadol_POS was not included in 5 gestational bin outlier analysis - excluded from complication-specific chi-squared testing.
2026-09-08 11:47:49,744 - INFO - Analyte (S)-3-[(Cyanophenylmethyl)amino]-3-oxopropanoic acid_NEG was not included in 5 gestational bin outlier analysis - excluded from complication-specific chi-squared testing.
2026-09-08 11:47:49,749 - INFO - Analyte alpha-Ketoisovaleric acid_NEG was not included in 5 gestational bin outlier analysis - excluded from complication-specific chi-squared testing.
2026-09-08 11:47:49,758 - INFO - Analyte D-Serine_POS was not included in 5 gestational bin outlier analysis - excluded from complication-specific chi-squared testing.
2026-09-08 11:47:50,106 - INFO - 22 super candidate metabolites (in >=3 lists) identified.
2026-09-08 11:47:50,761 - INFO - Analyte Metronidazole_POS was not included in 1 gestational bin outlier analysis - excluded from complication-specific chi-squared testing.
2026-09-08 11:47:50,766 - INFO - Analyte unk_n1621_NEG_289.0694_RT3.38 was not included in 1 gestational bin outlier analysis - excluded from complication-specific chi-squared testing.
2026-09-08 11:47:50,801 - INFO - Analyte L-Serine_NEG was not included in 1 gestational bin outlier analysis - excluded from complication-specific chi-squared testing.
2026-09-08 11:47:50,806 - INFO - Analyte Gaburedin B_POS was not included in 1 gestational bin outlier analysis - excluded from complication-specific chi-squared testing.
2026-09-08 11:47:50,841 - INFO - Analyte Creatine_POS was not included in 1 gestational bin outlier analysis - excluded from complication-specific chi-squared testing.
2026-09-08 11:47:50,876 - INFO - Analyte Hypocrellutin A_POS was not included in 1 gestational bin outlier analysis - excluded from complication-specific chi-squared testing.
2026-09-08 11:47:50,881 - INFO - Analyte NP-003117_POS was not included in 1 gestational bin outlier analysis - excluded from complication-specific chi-squared testing.
2026-09-08 11:47:50,915 - INFO - Analyte Acetylglycine_POS was not included in 1 gestational bin outlier analysis - excluded from complication-specific chi-squared testing.
2026-09-08 11:47:50,952 - INFO - Analyte HMBOA trihexose_POS was not included in 1 gestational bin outlier analysis - excluded from complication-specific chi-squared testing.
2026-09-08 11:47:50,986 - INFO - Analyte Gluconic acid_NEG was not included in 1 gestational bin outlier analysis - excluded from complication-specific chi-squared testing.
2026-09-08 11:47:51,003 - INFO - Analyte unk_n957_NEG_310.9309_RT1.68 was not included in 1 gestational bin outlier analysis - excluded from complication-specific chi-squared testing.
2026-09-08 11:47:51,037 - INFO - Analyte L(-)-Carnitine_POS was not included in 1 gestational bin outlier analysis - excluded from complication-specific chi-squared testing.
2026-09-08 11:47:51,043 - INFO - Analyte 3-hydroxy-1,5-diphenylpentan-1-one_POS was not included in 1 gestational bin outlier analysis - excluded from complication-specific chi-squared testing.
2026-09-08 11:47:51,086 - INFO - Analyte L-beta-aspartyl-L-alanine_POS was not included in 1 gestational bin outlier analysis - excluded from complication-specific chi-squared testing.
2026-09-08 11:47:51,122 - INFO - Analyte L-Cystine_POS was not included in 1 gestational bin outlier analysis - excluded from complication-specific chi-squared testing.
2026-09-08 11:47:51,158 - INFO - Analyte [Similar to: L-Threonic acid; ΔMass: 67.9747 Da]_NEG was not included in 1 gestational bin outlier analysis - excluded from complication-specific chi-squared testing.
2026-09-08 11:47:51,163 - INFO - Analyte Ornithine_POS was not included in 1 gestational bin outlier analysis - excluded from complication-specific chi-squared testing.
2026-09-08 11:47:51,199 - INFO - Analyte NP-022470_POS was not included in 1 gestational bin outlier analysis - excluded from complication-specific chi-squared testing.
2026-09-08 11:47:51,204 - INFO - Analyte Erythronic acid_NEG was not included in 1 gestational bin outlier analysis - excluded from complication-specific chi-squared testing.
2026-09-08 11:47:51,239 - INFO - Analyte 4-((4-(2-(6-((2R)-2-(2,4-Difluorophenyl)-1,1-difluoro-2-hydroxy-3-(1H-tetrazol-1-yl)propyl)-3-pyridinyl)ethynyl)phenoxy)methyl)benzonitrile_POS was not included in 1 gestational bin outlier analysis - excluded from complication-specific chi-squared testing.
2026-09-08 11:47:51,256 - INFO - Analyte Methylenediphosphonic acid_NEG was not included in 1 gestational bin outlier analysis - excluded from complication-specific chi-squared testing.
2026-09-08 11:47:51,293 - INFO - Analyte L-Histidine_NEG was not included in 1 gestational bin outlier analysis - excluded from complication-specific chi-squared testing.
2026-09-08 11:47:51,327 - INFO - Analyte [Similar to: N'2-(2,5-Dichlorophenyl)tetrahydrothiophene-2-carbohydrazide; ΔMass: 30.0109 Da]_NEG was not included in 1 gestational bin outlier analysis - excluded from complication-specific chi-squared testing.
2026-09-08 11:47:51,361 - INFO - Analyte Aspartyl-Histidine_NEG was not included in 1 gestational bin outlier analysis - excluded from complication-specific chi-squared testing.
2026-09-08 11:47:51,396 - INFO - Analyte Acetylhomoserine_POS was not included in 1 gestational bin outlier analysis - excluded from complication-specific chi-squared testing.
2026-09-08 11:47:51,401 - INFO - Analyte 2-Aminoacrylic acid_POS was not included in 1 gestational bin outlier analysis - excluded from complication-specific chi-squared testing.
2026-09-08 11:47:51,406 - INFO - Analyte 7-methyl-3-nitroimidazo[1,2-a]pyridine_POS was not included in 1 gestational bin outlier analysis - excluded from complication-specific chi-squared testing.
2026-09-08 11:47:51,440 - INFO - Analyte L-cis-3-Amino-2-pyrrolidinecarboxylic acid_POS was not included in 1 gestational bin outlier analysis - excluded from complication-specific chi-squared testing.
2026-09-08 11:47:51,475 - INFO - Analyte Tanomastat_NEG was not included in 1 gestational bin outlier analysis - excluded from complication-specific chi-squared testing.
2026-09-08 11:47:51,509 - INFO - Analyte 1-(2-Morpholinophenyl)dihydro-1H-pyrrole-2,5-dione_POS was not included in 1 gestational bin outlier analysis - excluded from complication-specific chi-squared testing.
2026-09-08 11:47:51,544 - INFO - Analyte NP-019722_POS was not included in 1 gestational bin outlier analysis - excluded from complication-specific chi-squared testing.
2026-09-08 11:47:51,578 - INFO - Analyte D-Glucose_NEG was not included in 1 gestational bin outlier analysis - excluded from complication-specific chi-squared testing.
2026-09-08 11:47:51,612 - INFO - Analyte 5,7-dimethyl-4-oxo-4H-chromene-3-carbonitrile_POS was not included in 1 gestational bin outlier analysis - excluded from complication-specific chi-squared testing.
2026-09-08 11:47:51,688 - INFO - Analyte (2R,3R,4R)-2-Amino-4-hydroxy-3-methylpentanoic acid_POS was not included in 1 gestational bin outlier analysis - excluded from complication-specific chi-squared testing.
2026-09-08 11:47:51,694 - INFO - Analyte Acetohydroxamic acid_POS was not included in 1 gestational bin outlier analysis - excluded from complication-specific chi-squared testing.
2026-09-08 11:47:51,728 - INFO - Analyte unk_n2682_NEG_388.8737_RT2.81 was not included in 1 gestational bin outlier analysis - excluded from complication-specific chi-squared testing.
2026-09-08 11:47:51,763 - INFO - Analyte (2-Ethylcrotonoyl)urea_POS was not included in 1 gestational bin outlier analysis - excluded from complication-specific chi-squared testing.
2026-09-08 11:47:51,798 - INFO - Analyte gamma-Glutamyl-beta-aminopropiononitrile_POS was not included in 1 gestational bin outlier analysis - excluded from complication-specific chi-squared testing.
2026-09-08 11:47:51,832 - INFO - Analyte (2S,4R)-4-Aminopyrrolidine-2-carboxylic acid_POS was not included in 1 gestational bin outlier analysis - excluded from complication-specific chi-squared testing.
2026-09-08 11:47:51,866 - INFO - Analyte Sedoheptulose_NEG was not included in 1 gestational bin outlier analysis - excluded from complication-specific chi-squared testing.
2026-09-08 11:47:51,900 - INFO - Analyte Pyrophosphate_NEG was not included in 1 gestational bin outlier analysis - excluded from complication-specific chi-squared testing.
2026-09-08 11:47:51,934 - INFO - Analyte thiol-maleimide_POS was not included in 1 gestational bin outlier analysis - excluded from complication-specific chi-squared testing.
2026-09-08 11:47:51,939 - INFO - Analyte L-Cysteinylglycine disulfide_POS was not included in 1 gestational bin outlier analysis - excluded from complication-specific chi-squared testing.
2026-09-08 11:47:51,978 - INFO - Analyte Succinic semialdehyde_NEG was not included in 1 gestational bin outlier analysis - excluded from complication-specific chi-squared testing.
2026-09-08 11:47:52,015 - INFO - Analyte unk_n682_NEG_345.0726_RT11.05 was not included in 1 gestational bin outlier analysis - excluded from complication-specific chi-squared testing.
2026-09-08 11:47:52,049 - INFO - Analyte 5-Methylquinoxaline_POS was not included in 1 gestational bin outlier analysis - excluded from complication-specific chi-squared testing.
2026-09-08 11:47:52,083 - INFO - Analyte Octadecanamine_POS was not included in 1 gestational bin outlier analysis - excluded from complication-specific chi-squared testing.
2026-09-08 11:47:52,118 - INFO - Analyte 6-Amino-5-chloropyrimidine-2,4(1H,3H)-dione_POS was not included in 1 gestational bin outlier analysis - excluded from complication-specific chi-squared testing.
2026-09-08 11:47:52,152 - INFO - Analyte 1,1,1,2,2,3,3,10,10,11,11,12,12,12-Tetradecafluoro-5,8-diiodododecane_NEG was not included in 1 gestational bin outlier analysis - excluded from complication-specific chi-squared testing.
2026-09-08 11:47:52,187 - INFO - Analyte Hydroxydehydro Nifedipine Carboxylate_POS was not included in 1 gestational bin outlier analysis - excluded from complication-specific chi-squared testing.
2026-09-08 11:47:52,192 - INFO - Analyte 3-Deoxy-D-glycero-D-galacto-2-nonulosonic acid_POS was not included in 1 gestational bin outlier analysis - excluded from complication-specific chi-squared testing.
2026-09-08 11:47:52,197 - INFO - Analyte unk_p985_POS_604.1398_RT9.66 was not included in 1 gestational bin outlier analysis - excluded from complication-specific chi-squared testing.
2026-09-08 11:47:52,233 - INFO - Analyte Choline_POS was not included in 1 gestational bin outlier analysis - excluded from complication-specific chi-squared testing.
2026-09-08 11:47:52,238 - INFO - Analyte Phenyl sulfoxide_POS was not included in 1 gestational bin outlier analysis - excluded from complication-specific chi-squared testing.
2026-09-08 11:47:52,272 - INFO - Analyte Pyroglutamylglycine_POS was not included in 1 gestational bin outlier analysis - excluded from complication-specific chi-squared testing.
2026-09-08 11:47:52,306 - INFO - Analyte Terephthalic acid_NEG was not included in 1 gestational bin outlier analysis - excluded from complication-specific chi-squared testing.
2026-09-08 11:47:52,311 - INFO - Analyte unk_p3495_POS_255.0950_RT7.91 was not included in 1 gestational bin outlier analysis - excluded from complication-specific chi-squared testing.
2026-09-08 11:47:52,346 - INFO - Analyte 1-Nitrohydroxyphenyl-N-benzoylalanine_POS was not included in 1 gestational bin outlier analysis - excluded from complication-specific chi-squared testing.
2026-09-08 11:47:52,380 - INFO - Analyte 2-Fluoro-6-(4-methoxyphenoxy)benzonitrile_POS was not included in 1 gestational bin outlier analysis - excluded from complication-specific chi-squared testing.
2026-09-08 11:47:52,415 - INFO - Analyte Satranidazole_POS was not included in 1 gestational bin outlier analysis - excluded from complication-specific chi-squared testing.
2026-09-08 11:47:52,449 - INFO - Analyte Oxepanone_POS was not included in 1 gestational bin outlier analysis - excluded from complication-specific chi-squared testing.
2026-09-08 11:47:52,484 - INFO - Analyte Beta-Aminopropionitrile_POS was not included in 1 gestational bin outlier analysis - excluded from complication-specific chi-squared testing.
2026-09-08 11:47:52,562 - INFO - Analyte Mycosporine hydroxyglutamicol_POS was not included in 1 gestational bin outlier analysis - excluded from complication-specific chi-squared testing.
2026-09-08 11:47:52,604 - INFO - Analyte L-3-Aminodihydro-2(3H)-furanone_POS was not included in 1 gestational bin outlier analysis - excluded from complication-specific chi-squared testing.
2026-09-08 11:47:52,643 - INFO - Analyte 1,3,11-Tridecatriene-5,7,9-triyne_POS was not included in 1 gestational bin outlier analysis - excluded from complication-specific chi-squared testing.
2026-09-08 11:47:52,649 - INFO - Analyte L-Cystine_NEG was not included in 1 gestational bin outlier analysis - excluded from complication-specific chi-squared testing.
2026-09-08 11:47:52,689 - INFO - Analyte N,N-Dimethyloctadecylamine_POS was not included in 1 gestational bin outlier analysis - excluded from complication-specific chi-squared testing.
2026-09-08 11:47:52,726 - INFO - Analyte Glycyl-Threonine_POS was not included in 1 gestational bin outlier analysis - excluded from complication-specific chi-squared testing.
2026-09-08 11:47:52,766 - INFO - Analyte Linustatin_POS was not included in 1 gestational bin outlier analysis - excluded from complication-specific chi-squared testing.
2026-09-08 11:47:52,807 - INFO - Analyte unk_n66_NEG_231.9315_RT9.69 was not included in 1 gestational bin outlier analysis - excluded from complication-specific chi-squared testing.
2026-09-08 11:47:52,846 - INFO - Analyte unk_p274_POS_223.0700_RT11.92 was not included in 1 gestational bin outlier analysis - excluded from complication-specific chi-squared testing.
2026-09-08 11:47:52,852 - INFO - Analyte 3-Hydroxybutyric acid_POS was not included in 1 gestational bin outlier analysis - excluded from complication-specific chi-squared testing.
2026-09-08 11:47:52,857 - INFO - Analyte L-Valine_NEG was not included in 1 gestational bin outlier analysis - excluded from complication-specific chi-squared testing.
2026-09-08 11:47:52,893 - INFO - Analyte Cladinose_POS was not included in 1 gestational bin outlier analysis - excluded from complication-specific chi-squared testing.
2026-09-08 11:47:52,930 - INFO - Analyte Creatinine_POS was not included in 1 gestational bin outlier analysis - excluded from complication-specific chi-squared testing.
2026-09-08 11:47:52,968 - INFO - Analyte 1-(4-Methoxyphenyl)piperazine_POS was not included in 1 gestational bin outlier analysis - excluded from complication-specific chi-squared testing.
2026-09-08 11:47:53,005 - INFO - Analyte Dacarbazine_POS was not included in 1 gestational bin outlier analysis - excluded from complication-specific chi-squared testing.
2026-09-08 11:47:53,010 - INFO - Analyte DL-Lysine_POS was not included in 1 gestational bin outlier analysis - excluded from complication-specific chi-squared testing.
2026-09-08 11:47:53,047 - INFO - Analyte Erythrohydrobupropion_POS was not included in 1 gestational bin outlier analysis - excluded from complication-specific chi-squared testing.
2026-09-08 11:47:53,084 - INFO - Analyte unk_n2474_NEG_100.9608_RT0.32 was not included in 1 gestational bin outlier analysis - excluded from complication-specific chi-squared testing.
2026-09-08 11:47:53,121 - INFO - Analyte 2-Methylbutyrylglycine_POS was not included in 1 gestational bin outlier analysis - excluded from complication-specific chi-squared testing.
2026-09-08 11:47:53,157 - INFO - Analyte 2,5-Diisothiocyanatobenzenesulfonate_POS was not included in 1 gestational bin outlier analysis - excluded from complication-specific chi-squared testing.
2026-09-08 11:47:53,194 - INFO - Analyte N'1-[4-amino-6-(tert-butyl)-1,3,5-triazin-2-yl]-2-(trifluoromethyl)benzene-1-sulfonohydrazide_POS was not included in 1 gestational bin outlier analysis - excluded from complication-specific chi-squared testing.
2026-09-08 11:47:53,228 - INFO - Analyte unk_n1043_NEG_462.0691_RT9.61 was not included in 1 gestational bin outlier analysis - excluded from complication-specific chi-squared testing.
2026-09-08 11:47:53,234 - INFO - Analyte D3-Alanine_POS was not included in 1 gestational bin outlier analysis - excluded from complication-specific chi-squared testing.
2026-09-08 11:47:53,268 - INFO - Analyte Cimaterol_POS was not included in 1 gestational bin outlier analysis - excluded from complication-specific chi-squared testing.
2026-09-08 11:47:53,285 - INFO - Analyte 6-(4-Chlorophenoxy)pyridine-3-carbothioamide_NEG was not included in 1 gestational bin outlier analysis - excluded from complication-specific chi-squared testing.
2026-09-08 11:47:53,320 - INFO - Analyte Dihydrothymine_POS was not included in 1 gestational bin outlier analysis - excluded from complication-specific chi-squared testing.
2026-09-08 11:47:53,325 - INFO - Analyte Adipamide_POS was not included in 1 gestational bin outlier analysis - excluded from complication-specific chi-squared testing.
2026-09-08 11:47:53,359 - INFO - Analyte (9E)-10-nitrooctadecenoic Acid_POS was not included in 1 gestational bin outlier analysis - excluded from complication-specific chi-squared testing.
2026-09-08 11:47:53,364 - INFO - Analyte 4-Hydroxybenzotriazole_POS was not included in 1 gestational bin outlier analysis - excluded from complication-specific chi-squared testing.
2026-09-08 11:47:53,445 - INFO - Analyte L-(+)-Citrulline_POS was not included in 1 gestational bin outlier analysis - excluded from complication-specific chi-squared testing.
2026-09-08 11:47:53,448 - INFO - Analyte DL-Lactic Acid_NEG was not included in 1 gestational bin outlier analysis - excluded from complication-specific chi-squared testing.
2026-09-08 11:47:53,483 - INFO - Analyte Pipecolic acid_POS was not included in 1 gestational bin outlier analysis - excluded from complication-specific chi-squared testing.
2026-09-08 11:47:53,517 - INFO - Analyte unk_n454_NEG_525.3312_RT11.94 was not included in 1 gestational bin outlier analysis - excluded from complication-specific chi-squared testing.
2026-09-08 11:47:53,552 - INFO - Analyte α-Lactose_NEG was not included in 1 gestational bin outlier analysis - excluded from complication-specific chi-squared testing.
2026-09-08 11:47:53,587 - INFO - Analyte N-Ethylacetamide_POS was not included in 1 gestational bin outlier analysis - excluded from complication-specific chi-squared testing.
2026-09-08 11:47:53,622 - INFO - Analyte L-Kynurenine_POS was not included in 1 gestational bin outlier analysis - excluded from complication-specific chi-squared testing.
2026-09-08 11:47:53,627 - INFO - Analyte Gluconolactone_POS was not included in 1 gestational bin outlier analysis - excluded from complication-specific chi-squared testing.
2026-09-08 11:47:53,663 - INFO - Analyte unk_p2069_POS_481.8174_RT6.05 was not included in 1 gestational bin outlier analysis - excluded from complication-specific chi-squared testing.
2026-09-08 11:47:53,668 - INFO - Analyte δ-Valerolactam_POS was not included in 1 gestational bin outlier analysis - excluded from complication-specific chi-squared testing.
2026-09-08 11:47:53,702 - INFO - Analyte unk_p5301_POS_446.2959_RT11.78 was not included in 1 gestational bin outlier analysis - excluded from complication-specific chi-squared testing.
2026-09-08 11:47:53,737 - INFO - Analyte 3-hydroxyoctanoyl carnitine_POS was not included in 1 gestational bin outlier analysis - excluded from complication-specific chi-squared testing.
2026-09-08 11:47:53,771 - INFO - Analyte N-gamma-Glutamylglutamine_POS was not included in 1 gestational bin outlier analysis - excluded from complication-specific chi-squared testing.
2026-09-08 11:47:53,807 - INFO - Analyte 6,7-dihydroxy-4,5,6,7-tetrahydroindole-4-one_NEG was not included in 1 gestational bin outlier analysis - excluded from complication-specific chi-squared testing.
2026-09-08 11:47:53,841 - INFO - Analyte L-Histidine_POS was not included in 1 gestational bin outlier analysis - excluded from complication-specific chi-squared testing.
2026-09-08 11:47:53,846 - INFO - Analyte Isobutyric acid_POS was not included in 1 gestational bin outlier analysis - excluded from complication-specific chi-squared testing.
2026-09-08 11:47:53,881 - INFO - Analyte L-2,4-Diaminobutyric acid_POS was not included in 1 gestational bin outlier analysis - excluded from complication-specific chi-squared testing.
2026-09-08 11:47:53,915 - INFO - Analyte unk_p1853_POS_166.9430_RT3.23 was not included in 1 gestational bin outlier analysis - excluded from complication-specific chi-squared testing.
2026-09-08 11:47:53,920 - INFO - Analyte apo-[3-methylcrotonoyl-CoA:carbon-dioxide ligase (ADP-forming)]_POS was not included in 1 gestational bin outlier analysis - excluded from complication-specific chi-squared testing.
2026-09-08 11:47:53,955 - INFO - Analyte Ethyl N2-acetyl-L-argininate_POS was not included in 1 gestational bin outlier analysis - excluded from complication-specific chi-squared testing.
2026-09-08 11:47:53,989 - INFO - Analyte Megazol_POS was not included in 1 gestational bin outlier analysis - excluded from complication-specific chi-squared testing.
2026-09-08 11:47:54,023 - INFO - Analyte D-Raffinose_POS was not included in 1 gestational bin outlier analysis - excluded from complication-specific chi-squared testing.
2026-09-08 11:47:54,028 - INFO - Analyte 2-[Bis-(2-hydroxy-ethyl)-amino]-2-hydroxymethyl-propane-1,3-diol_POS was not included in 1 gestational bin outlier analysis - excluded from complication-specific chi-squared testing.
2026-09-08 11:47:54,062 - INFO - Analyte Barbital_POS was not included in 1 gestational bin outlier analysis - excluded from complication-specific chi-squared testing.
2026-09-08 11:47:54,096 - INFO - Analyte 4-Acetamidobutanoic acid_POS was not included in 1 gestational bin outlier analysis - excluded from complication-specific chi-squared testing.
2026-09-08 11:47:54,129 - INFO - Analyte 4-(3,4-dimethylphenyl)-1-thia-4-azaspiro[4.5]decan-3-one_POS was not included in 1 gestational bin outlier analysis - excluded from complication-specific chi-squared testing.
2026-09-08 11:47:54,135 - INFO - Analyte N'-Formylkynurenine_POS was not included in 1 gestational bin outlier analysis - excluded from complication-specific chi-squared testing.
2026-09-08 11:47:54,140 - INFO - Analyte 4-Hydroxy-2-butenoic acid gamma-lactone_POS was not included in 1 gestational bin outlier analysis - excluded from complication-specific chi-squared testing.
2026-09-08 11:47:54,175 - INFO - Analyte gamma-Butyrolactone_NEG was not included in 1 gestational bin outlier analysis - excluded from complication-specific chi-squared testing.
2026-09-08 11:47:54,209 - INFO - Analyte Hypoxanthine_POS was not included in 1 gestational bin outlier analysis - excluded from complication-specific chi-squared testing.
2026-09-08 11:47:54,244 - INFO - Analyte unk_n386_NEG_255.8221_RT3.67 was not included in 1 gestational bin outlier analysis - excluded from complication-specific chi-squared testing.
2026-09-08 11:47:54,280 - INFO - Analyte unk_p2168_POS_231.8783_RT3.23 was not included in 1 gestational bin outlier analysis - excluded from complication-specific chi-squared testing.
2026-09-08 11:47:54,314 - INFO - Analyte Isobutyrylglycine_POS was not included in 1 gestational bin outlier analysis - excluded from complication-specific chi-squared testing.
2026-09-08 11:47:54,392 - INFO - Analyte Norepinephrine sulfate_POS was not included in 1 gestational bin outlier analysis - excluded from complication-specific chi-squared testing.
2026-09-08 11:47:54,426 - INFO - Analyte unk_p3339_POS_300.4097_RT0.75 was not included in 1 gestational bin outlier analysis - excluded from complication-specific chi-squared testing.
2026-09-08 11:47:54,461 - INFO - Analyte Didecyldimethylammonium_POS was not included in 1 gestational bin outlier analysis - excluded from complication-specific chi-squared testing.
2026-09-08 11:47:54,466 - INFO - Analyte Pantothenic acid_POS was not included in 1 gestational bin outlier analysis - excluded from complication-specific chi-squared testing.
2026-09-08 11:47:54,472 - INFO - Analyte NP-022451_POS was not included in 1 gestational bin outlier analysis - excluded from complication-specific chi-squared testing.
2026-09-08 11:47:54,489 - INFO - Analyte unk_p302_POS_81.5205_RT1.95 was not included in 1 gestational bin outlier analysis - excluded from complication-specific chi-squared testing.
2026-09-08 11:47:54,494 - INFO - Analyte 3-Oxalomalic acid_POS was not included in 1 gestational bin outlier analysis - excluded from complication-specific chi-squared testing.
2026-09-08 11:47:54,528 - INFO - Analyte cis-Acetylacrylate_NEG was not included in 1 gestational bin outlier analysis - excluded from complication-specific chi-squared testing.
2026-09-08 11:47:54,564 - INFO - Analyte (2R)-2,3-Dihydroxypropanoic acid_NEG was not included in 1 gestational bin outlier analysis - excluded from complication-specific chi-squared testing.
2026-09-08 11:47:54,570 - INFO - Analyte 2-Aminoisobutyric acid_POS was not included in 1 gestational bin outlier analysis - excluded from complication-specific chi-squared testing.
2026-09-08 11:47:54,606 - INFO - Analyte Leucylproline_POS was not included in 1 gestational bin outlier analysis - excluded from complication-specific chi-squared testing.
2026-09-08 11:47:54,639 - INFO - Analyte (+-)-trans-3-Methyl norfentanyl_POS was not included in 1 gestational bin outlier analysis - excluded from complication-specific chi-squared testing.
2026-09-08 11:47:54,673 - INFO - Analyte Ethephon_POS was not included in 1 gestational bin outlier analysis - excluded from complication-specific chi-squared testing.
2026-09-08 11:47:54,707 - INFO - Analyte unk_p93_POS_90.5258_RT0.76 was not included in 1 gestational bin outlier analysis - excluded from complication-specific chi-squared testing.
2026-09-08 11:47:54,712 - INFO - Analyte unk_p3799_POS_338.1166_RT7.62 was not included in 1 gestational bin outlier analysis - excluded from complication-specific chi-squared testing.
2026-09-08 11:47:54,717 - INFO - Analyte Xylariamide_POS was not included in 1 gestational bin outlier analysis - excluded from complication-specific chi-squared testing.
2026-09-08 11:47:54,751 - INFO - Analyte 4-Nitrophenyl beta-D-xyloside_POS was not included in 1 gestational bin outlier analysis - excluded from complication-specific chi-squared testing.
2026-09-08 11:47:54,756 - INFO - Analyte unk_p1541_POS_276.0038_RT4.14 was not included in 1 gestational bin outlier analysis - excluded from complication-specific chi-squared testing.
2026-09-08 11:47:54,791 - INFO - Analyte L-Isoleucine_POS was not included in 1 gestational bin outlier analysis - excluded from complication-specific chi-squared testing.
2026-09-08 11:47:54,808 - INFO - Analyte 3-Methylcrotonylglycine_POS was not included in 1 gestational bin outlier analysis - excluded from complication-specific chi-squared testing.
2026-09-08 11:47:54,841 - INFO - Analyte 3-Hydroxymepivacaine_POS was not included in 1 gestational bin outlier analysis - excluded from complication-specific chi-squared testing.
2026-09-08 11:47:54,875 - INFO - Analyte L-Erythrulose_NEG was not included in 1 gestational bin outlier analysis - excluded from complication-specific chi-squared testing.
2026-09-08 11:47:54,880 - INFO - Analyte methyl 2-(acetylamino)-4-amino-4-oxobutanoate_POS was not included in 1 gestational bin outlier analysis - excluded from complication-specific chi-squared testing.
2026-09-08 11:47:54,916 - INFO - Analyte Methoxyphenamine_POS was not included in 1 gestational bin outlier analysis - excluded from complication-specific chi-squared testing.
2026-09-08 11:47:54,924 - INFO - Analyte L-Threonine_POS was not included in 1 gestational bin outlier analysis - excluded from complication-specific chi-squared testing.
2026-09-08 11:47:54,965 - INFO - Analyte Doxylamine_POS was not included in 1 gestational bin outlier analysis - excluded from complication-specific chi-squared testing.
2026-09-08 11:47:54,969 - INFO - Analyte Taurine_NEG was not included in 1 gestational bin outlier analysis - excluded from complication-specific chi-squared testing.
2026-09-08 11:47:55,010 - INFO - Analyte unk_n441_NEG_525.3312_RT11.15 was not included in 1 gestational bin outlier analysis - excluded from complication-specific chi-squared testing.
2026-09-08 11:47:55,049 - INFO - Analyte unk_n529_NEG_197.8077_RT8.34 was not included in 1 gestational bin outlier analysis - excluded from complication-specific chi-squared testing.
2026-09-08 11:47:55,055 - INFO - Analyte beta-Alanine_POS was not included in 1 gestational bin outlier analysis - excluded from complication-specific chi-squared testing.
2026-09-08 11:47:55,092 - INFO - Analyte unk_p2702_POS_497.9977_RT1.05 was not included in 1 gestational bin outlier analysis - excluded from complication-specific chi-squared testing.
2026-09-08 11:47:55,173 - INFO - Analyte Ropivacaine_POS was not included in 1 gestational bin outlier analysis - excluded from complication-specific chi-squared testing.
2026-09-08 11:47:55,209 - INFO - Analyte TRIETHYLENE GLYCOL_POS was not included in 1 gestational bin outlier analysis - excluded from complication-specific chi-squared testing.
2026-09-08 11:47:55,244 - INFO - Analyte (±)-2-Propylthiazolidine_POS was not included in 1 gestational bin outlier analysis - excluded from complication-specific chi-squared testing.
2026-09-08 11:47:55,278 - INFO - Analyte [Similar to: Threonine; ΔMass: 83.9612 Da]_NEG was not included in 1 gestational bin outlier analysis - excluded from complication-specific chi-squared testing.
2026-09-08 11:47:55,283 - INFO - Analyte NP-015114_POS was not included in 1 gestational bin outlier analysis - excluded from complication-specific chi-squared testing.
2026-09-08 11:47:55,319 - INFO - Analyte unk_n915_NEG_102.9566_RT5.57 was not included in 1 gestational bin outlier analysis - excluded from complication-specific chi-squared testing.
2026-09-08 11:47:55,354 - INFO - Analyte Caprylic acid_POS was not included in 1 gestational bin outlier analysis - excluded from complication-specific chi-squared testing.
2026-09-08 11:47:55,390 - INFO - Analyte O-Desmethyl-lacosamide_POS was not included in 1 gestational bin outlier analysis - excluded from complication-specific chi-squared testing.
2026-09-08 11:47:55,424 - INFO - Analyte [3-amino-5-(methylsulfanyl)-4-(2-pyridinyl)-1H-pyrazol-1-yl](2-thienyl)methanone_POS was not included in 1 gestational bin outlier analysis - excluded from complication-specific chi-squared testing.
2026-09-08 11:47:55,459 - INFO - Analyte V-Pyrro/NO_POS was not included in 1 gestational bin outlier analysis - excluded from complication-specific chi-squared testing.
2026-09-08 11:47:55,494 - INFO - Analyte D-1,5-Anhydrofructose_NEG was not included in 1 gestational bin outlier analysis - excluded from complication-specific chi-squared testing.
2026-09-08 11:47:55,528 - INFO - Analyte unk_n3447_NEG_458.9835_RT1.44 was not included in 1 gestational bin outlier analysis - excluded from complication-specific chi-squared testing.
2026-09-08 11:47:55,564 - INFO - Analyte Cysteine-S-sulfate_NEG was not included in 1 gestational bin outlier analysis - excluded from complication-specific chi-squared testing.
2026-09-08 11:47:55,599 - INFO - Analyte unk_p4571_POS_347.8494_RT2.42 was not included in 1 gestational bin outlier analysis - excluded from complication-specific chi-squared testing.
2026-09-08 11:47:55,633 - INFO - Analyte Cysteineglutathione disulfide_POS was not included in 1 gestational bin outlier analysis - excluded from complication-specific chi-squared testing.
2026-09-08 11:47:55,670 - INFO - Analyte unk_p3493_POS_276.1361_RT4.66 was not included in 1 gestational bin outlier analysis - excluded from complication-specific chi-squared testing.
2026-09-08 11:47:55,675 - INFO - Analyte 3-Methylheptanoylcarnitine_POS was not included in 1 gestational bin outlier analysis - excluded from complication-specific chi-squared testing.
2026-09-08 11:47:55,680 - INFO - Analyte PEG n5_POS was not included in 1 gestational bin outlier analysis - excluded from complication-specific chi-squared testing.
2026-09-08 11:47:55,685 - INFO - Analyte D-Glycero-D-galacto-heptitol_NEG was not included in 1 gestational bin outlier analysis - excluded from complication-specific chi-squared testing.
2026-09-08 11:47:55,719 - INFO - Analyte 2-Hydroxy-4-oxopentanoic acid_NEG was not included in 1 gestational bin outlier analysis - excluded from complication-specific chi-squared testing.
2026-09-08 11:47:55,754 - INFO - Analyte 3-Hydroxymethylglutaric acid_POS was not included in 1 gestational bin outlier analysis - excluded from complication-specific chi-squared testing.
2026-09-08 11:47:55,759 - INFO - Analyte Furodazole_NEG was not included in 1 gestational bin outlier analysis - excluded from complication-specific chi-squared testing.
2026-09-08 11:47:55,793 - INFO - Analyte Creatine_NEG was not included in 1 gestational bin outlier analysis - excluded from complication-specific chi-squared testing.
2026-09-08 11:47:55,827 - INFO - Analyte unk_p1992_POS_481.8173_RT5.48 was not included in 1 gestational bin outlier analysis - excluded from complication-specific chi-squared testing.
2026-09-08 11:47:55,861 - INFO - Analyte N-cyclooctylurea_POS was not included in 1 gestational bin outlier analysis - excluded from complication-specific chi-squared testing.
2026-09-08 11:47:55,897 - INFO - Analyte unk_p21_POS_226.9514_RT0.64 was not included in 1 gestational bin outlier analysis - excluded from complication-specific chi-squared testing.
2026-09-08 11:47:55,932 - INFO - Analyte (R)-Salsolinol_POS was not included in 1 gestational bin outlier analysis - excluded from complication-specific chi-squared testing.
2026-09-08 11:47:55,966 - INFO - Analyte Desmethylcitalopram_POS was not included in 1 gestational bin outlier analysis - excluded from complication-specific chi-squared testing.
2026-09-08 11:47:56,000 - INFO - Analyte unk_n694_NEG_267.8479_RT4.64 was not included in 1 gestational bin outlier analysis - excluded from complication-specific chi-squared testing.
2026-09-08 11:47:56,005 - INFO - Analyte (2S)-4-(2-Aminophenyl)-2-formamido-4-oxobutanoic acid_POS was not included in 1 gestational bin outlier analysis - excluded from complication-specific chi-squared testing.
2026-09-08 11:47:56,010 - INFO - Analyte Squamolone_POS was not included in 1 gestational bin outlier analysis - excluded from complication-specific chi-squared testing.
2026-09-08 11:47:56,015 - INFO - Analyte 2-Imidazolidone_POS was not included in 1 gestational bin outlier analysis - excluded from complication-specific chi-squared testing.
2026-09-08 11:47:56,049 - INFO - Analyte Azetidomonamide A_POS was not included in 1 gestational bin outlier analysis - excluded from complication-specific chi-squared testing.
2026-09-08 11:47:56,084 - INFO - Analyte D-threo-isocitrate_NEG was not included in 1 gestational bin outlier analysis - excluded from complication-specific chi-squared testing.
2026-09-08 11:47:56,118 - INFO - Analyte unk_p2059_POS_179.0847_RT6.26 was not included in 1 gestational bin outlier analysis - excluded from complication-specific chi-squared testing.
2026-09-08 11:47:56,200 - INFO - Analyte (2S,3R)-3-Hydroxy-2-methylbutanoic acid_POS was not included in 1 gestational bin outlier analysis - excluded from complication-specific chi-squared testing.
2026-09-08 11:47:56,205 - INFO - Analyte Acetyl-L-carnitine_POS was not included in 1 gestational bin outlier analysis - excluded from complication-specific chi-squared testing.
2026-09-08 11:47:56,240 - INFO - Analyte D-(-)-Glutamine_NEG was not included in 1 gestational bin outlier analysis - excluded from complication-specific chi-squared testing.
2026-09-08 11:47:56,276 - INFO - Analyte unk_p1337_POS_490.8173_RT11.18 was not included in 1 gestational bin outlier analysis - excluded from complication-specific chi-squared testing.
2026-09-08 11:47:56,310 - INFO - Analyte N,N-dimethyl-N-(3-perfluoroalkylsulfonamidopropan-1-yl)-N-(3-sulfopropan-1-yl)ammonium;N-sulfo propyl dimethyl ammonio propyl perfluoroethane sulfonamide;N-sulfo propyl dimethyl ammonio propyl perfluoroethane sulfonamide;perfluoroethane sulfonamido betaine propyl sulfonate_POS was not included in 1 gestational bin outlier analysis - excluded from complication-specific chi-squared testing.
2026-09-08 11:47:56,345 - INFO - Analyte (x)-2-Heptanol glucoside_POS was not included in 1 gestational bin outlier analysis - excluded from complication-specific chi-squared testing.
2026-09-08 11:47:56,379 - INFO - Analyte Succinic acid semialdehyde_NEG was not included in 1 gestational bin outlier analysis - excluded from complication-specific chi-squared testing.
2026-09-08 11:47:56,384 - INFO - Analyte D-(+)-Glucose_POS was not included in 1 gestational bin outlier analysis - excluded from complication-specific chi-squared testing.
2026-09-08 11:47:56,418 - INFO - Analyte Diethylaminoethyl-Sephacel_POS was not included in 1 gestational bin outlier analysis - excluded from complication-specific chi-squared testing.
2026-09-08 11:47:56,423 - INFO - Analyte L-Glutamic acid_POS was not included in 1 gestational bin outlier analysis - excluded from complication-specific chi-squared testing.
2026-09-08 11:47:56,457 - INFO - Analyte Penicillamine disulfide_POS was not included in 1 gestational bin outlier analysis - excluded from complication-specific chi-squared testing.
2026-09-08 11:47:56,462 - INFO - Analyte [Similar to: Asparagine; ΔMass: 67.9873 Da]_NEG was not included in 1 gestational bin outlier analysis - excluded from complication-specific chi-squared testing.
2026-09-08 11:47:56,498 - INFO - Analyte 6-Chloro-2,3,4,5-tetrahydro-1H-3-benzazepine_NEG was not included in 1 gestational bin outlier analysis - excluded from complication-specific chi-squared testing.
2026-09-08 11:47:56,503 - INFO - Analyte Validoxylamine G_POS was not included in 1 gestational bin outlier analysis - excluded from complication-specific chi-squared testing.
2026-09-08 11:47:56,539 - INFO - Analyte Threonine_NEG was not included in 1 gestational bin outlier analysis - excluded from complication-specific chi-squared testing.
2026-09-08 11:47:56,573 - INFO - Analyte O-Desmethyl-cis-tramadol_POS was not included in 1 gestational bin outlier analysis - excluded from complication-specific chi-squared testing.
2026-09-08 11:47:56,607 - INFO - Analyte N,N-Didesmethylvenlafaxine_POS was not included in 1 gestational bin outlier analysis - excluded from complication-specific chi-squared testing.
2026-09-08 11:47:56,641 - INFO - Analyte 3-[(4-Chlorophenyl)thio]-6-(3,5-dimethyl-1H-pyrazol-1-yl)pyridazine_POS was not included in 1 gestational bin outlier analysis - excluded from complication-specific chi-squared testing.
2026-09-08 11:47:56,675 - INFO - Analyte Aladapcin_POS was not included in 1 gestational bin outlier analysis - excluded from complication-specific chi-squared testing.
2026-09-08 11:47:56,680 - INFO - Analyte Acetylcholine_POS was not included in 1 gestational bin outlier analysis - excluded from complication-specific chi-squared testing.
2026-09-08 11:47:56,714 - INFO - Analyte Cocaine_POS was not included in 1 gestational bin outlier analysis - excluded from complication-specific chi-squared testing.
2026-09-08 11:47:56,748 - INFO - Analyte (2R*,3R*)-1,2,3-Butanetriol_POS was not included in 1 gestational bin outlier analysis - excluded from complication-specific chi-squared testing.
2026-09-08 11:47:56,783 - INFO - Analyte Tranexamic Acid_POS was not included in 1 gestational bin outlier analysis - excluded from complication-specific chi-squared testing.
2026-09-08 11:47:56,817 - INFO - Analyte Citalopram hydrobromide_POS was not included in 1 gestational bin outlier analysis - excluded from complication-specific chi-squared testing.
2026-09-08 11:47:56,851 - INFO - Analyte Crotonic acid_POS was not included in 1 gestational bin outlier analysis - excluded from complication-specific chi-squared testing.
2026-09-08 11:47:56,885 - INFO - Analyte unk_n104_NEG_197.8080_RT4.23 was not included in 1 gestational bin outlier analysis - excluded from complication-specific chi-squared testing.
2026-09-08 11:47:56,902 - INFO - Analyte [Similar to: N1-(2-methyl-4-nitrophenyl)acetamide; ΔMass: -46.1009 Da]_NEG was not included in 1 gestational bin outlier analysis - excluded from complication-specific chi-squared testing.
2026-09-08 11:47:56,936 - INFO - Analyte 2-(2-Thienylmethylene)-1,6-dioxaspiro[4.4]non-3-ene_POS was not included in 1 gestational bin outlier analysis - excluded from complication-specific chi-squared testing.
2026-09-08 11:47:56,970 - INFO - Analyte unk_p755_POS_173.0783_RT3.49 was not included in 1 gestational bin outlier analysis - excluded from complication-specific chi-squared testing.
2026-09-08 11:47:57,062 - INFO - Analyte Vaccenyl carnitine_POS was not included in 1 gestational bin outlier analysis - excluded from complication-specific chi-squared testing.
2026-09-08 11:47:57,100 - INFO - Analyte Glycylproline_POS was not included in 1 gestational bin outlier analysis - excluded from complication-specific chi-squared testing.
2026-09-08 11:47:57,138 - INFO - Analyte 2-Oxopropyl 2-oxopropanoate_NEG was not included in 1 gestational bin outlier analysis - excluded from complication-specific chi-squared testing.
2026-09-08 11:47:57,176 - INFO - Analyte methadone-d9_NEG was not included in 1 gestational bin outlier analysis - excluded from complication-specific chi-squared testing.
2026-09-08 11:47:57,182 - INFO - Analyte 2-(methylthio)-4-(3-pyridyl)pyrimidine_POS was not included in 1 gestational bin outlier analysis - excluded from complication-specific chi-squared testing.
2026-09-08 11:47:57,187 - INFO - Analyte unk_p4117_POS_730.1590_RT4.67 was not included in 1 gestational bin outlier analysis - excluded from complication-specific chi-squared testing.
2026-09-08 11:47:57,193 - INFO - Analyte Butyrylcarnitine_POS was not included in 1 gestational bin outlier analysis - excluded from complication-specific chi-squared testing.
2026-09-08 11:47:57,227 - INFO - Analyte Triisobutyl phosphate_POS was not included in 1 gestational bin outlier analysis - excluded from complication-specific chi-squared testing.
2026-09-08 11:47:57,261 - INFO - Analyte 1-Methoxy-1H-indole-3-acetonitrile_POS was not included in 1 gestational bin outlier analysis - excluded from complication-specific chi-squared testing.
2026-09-08 11:47:57,295 - INFO - Analyte (5R)-5-Hydroxyhexanoic acid_POS was not included in 1 gestational bin outlier analysis - excluded from complication-specific chi-squared testing.
2026-09-08 11:47:57,330 - INFO - Analyte [Similar to: L-Threonic acid; ΔMass: 112.0010 Da]_NEG was not included in 1 gestational bin outlier analysis - excluded from complication-specific chi-squared testing.
2026-09-08 11:47:57,366 - INFO - Analyte unk_p2205_POS_101.0790_RT2.80 was not included in 1 gestational bin outlier analysis - excluded from complication-specific chi-squared testing.
2026-09-08 11:47:57,383 - INFO - Analyte Diaminopimelic acid_POS was not included in 1 gestational bin outlier analysis - excluded from complication-specific chi-squared testing.
2026-09-08 11:47:57,421 - INFO - Analyte N-Methyl-4-nitroaniline_POS was not included in 1 gestational bin outlier analysis - excluded from complication-specific chi-squared testing.
2026-09-08 11:47:57,461 - INFO - Analyte unk_n219_NEG_116.9285_RT11.96 was not included in 1 gestational bin outlier analysis - excluded from complication-specific chi-squared testing.
2026-09-08 11:47:57,502 - INFO - Analyte 1,2,2-trifluoro-2-(trifluoromethoxy)ethan-1-ol;Hydrogen-substituted perfluoroether butanol_NEG was not included in 1 gestational bin outlier analysis - excluded from complication-specific chi-squared testing.
2026-09-08 11:47:57,544 - INFO - Analyte Octylphosphonic acid_POS was not included in 1 gestational bin outlier analysis - excluded from complication-specific chi-squared testing.
2026-09-08 11:47:57,564 - INFO - Analyte Morpholine_POS was not included in 1 gestational bin outlier analysis - excluded from complication-specific chi-squared testing.
2026-09-08 11:47:57,606 - INFO - Analyte Valine_POS was not included in 1 gestational bin outlier analysis - excluded from complication-specific chi-squared testing.
2026-09-08 11:47:57,646 - INFO - Analyte 4-Oxoproline_NEG was not included in 1 gestational bin outlier analysis - excluded from complication-specific chi-squared testing.
2026-09-08 11:47:57,686 - INFO - Analyte unk_p3907_POS_370.0736_RT5.90 was not included in 1 gestational bin outlier analysis - excluded from complication-specific chi-squared testing.
2026-09-08 11:47:57,728 - INFO - Analyte N-acetyl zonisamide_POS was not included in 1 gestational bin outlier analysis - excluded from complication-specific chi-squared testing.
2026-09-08 11:47:57,735 - INFO - Analyte 4-Hydroxyproline_NEG was not included in 1 gestational bin outlier analysis - excluded from complication-specific chi-squared testing.
2026-09-08 11:47:57,778 - INFO - Analyte unk_p1789_POS_481.8174_RT8.05 was not included in 1 gestational bin outlier analysis - excluded from complication-specific chi-squared testing.
2026-09-08 11:47:57,821 - INFO - Analyte N-(1,3-benzodioxol-5-yl)-2-methyl-5-(piperidinosulfonyl)-3-furamide_POS was not included in 1 gestational bin outlier analysis - excluded from complication-specific chi-squared testing.
2026-09-08 11:47:57,863 - INFO - Analyte NP-022068_POS was not included in 1 gestational bin outlier analysis - excluded from complication-specific chi-squared testing.
2026-09-08 11:47:57,940 - INFO - Analyte unk_n683_NEG_226.9274_RT2.46 was not included in 1 gestational bin outlier analysis - excluded from complication-specific chi-squared testing.
2026-09-08 11:47:57,979 - INFO - Analyte [Similar to: 2-{[(2R,3R,4S,5S,6R)-4,5-dihydroxy-6-(hydroxymethyl)-3-{[(2S,3R,4R,5R,6S)-3,4,5-trihydroxy-6-methyloxan-2-yl]oxy}oxan-2-yl]oxy}-2-(4-hydroxyphenyl)acetonitrile; ΔMass: -157.9643 Da]_POS was not included in 1 gestational bin outlier analysis - excluded from complication-specific chi-squared testing.
2026-09-08 11:47:58,019 - INFO - Analyte 3-Hydroxymonoethylglycinexylidide_POS was not included in 1 gestational bin outlier analysis - excluded from complication-specific chi-squared testing.
2026-09-08 11:47:58,039 - INFO - Analyte 2-Aminothiazole_POS was not included in 1 gestational bin outlier analysis - excluded from complication-specific chi-squared testing.
2026-09-08 11:47:58,078 - INFO - Analyte Pyrrolidine_POS was not included in 1 gestational bin outlier analysis - excluded from complication-specific chi-squared testing.
2026-09-08 11:47:58,122 - INFO - Analyte unk_p1714_POS_174.9566_RT3.15 was not included in 1 gestational bin outlier analysis - excluded from complication-specific chi-squared testing.
2026-09-08 11:47:58,174 - INFO - Analyte Bicine_NEG was not included in 1 gestational bin outlier analysis - excluded from complication-specific chi-squared testing.
2026-09-08 11:47:58,219 - INFO - Analyte bk-MDDMA_POS was not included in 1 gestational bin outlier analysis - excluded from complication-specific chi-squared testing.
2026-09-08 11:47:58,259 - INFO - Analyte unk_n43_NEG_231.9316_RT9.38 was not included in 1 gestational bin outlier analysis - excluded from complication-specific chi-squared testing.
2026-09-08 11:47:58,297 - INFO - Analyte (S)-(+)-2-Amino-1-propanol_POS was not included in 1 gestational bin outlier analysis - excluded from complication-specific chi-squared testing.
2026-09-08 11:47:58,337 - INFO - Analyte Ritodrine_POS was not included in 1 gestational bin outlier analysis - excluded from complication-specific chi-squared testing.
2026-09-08 11:47:58,376 - INFO - Analyte Allyl 2-(1H-benzimidazol-2-yl)-2-cyano-N-phenylethanimidothioate_POS was not included in 1 gestational bin outlier analysis - excluded from complication-specific chi-squared testing.
2026-09-08 11:47:58,382 - INFO - Analyte Pseudoecgonine_POS was not included in 1 gestational bin outlier analysis - excluded from complication-specific chi-squared testing.
2026-09-08 11:47:58,388 - INFO - Analyte Proline_POS was not included in 1 gestational bin outlier analysis - excluded from complication-specific chi-squared testing.
2026-09-08 11:47:58,425 - INFO - Analyte unk_p4135_POS_461.8025_RT1.59 was not included in 1 gestational bin outlier analysis - excluded from complication-specific chi-squared testing.
2026-09-08 11:47:58,431 - INFO - Analyte unk_p2327_POS_272.1338_RT2.37 was not included in 1 gestational bin outlier analysis - excluded from complication-specific chi-squared testing.
2026-09-08 11:47:58,470 - INFO - Analyte NP-020535_POS was not included in 1 gestational bin outlier analysis - excluded from complication-specific chi-squared testing.
2026-09-08 11:47:58,508 - INFO - Analyte 5-nitrothiazol-2-amine_POS was not included in 1 gestational bin outlier analysis - excluded from complication-specific chi-squared testing.
2026-09-08 11:47:58,549 - INFO - Analyte unk_p4977_POS_430.3673_RT0.76 was not included in 1 gestational bin outlier analysis - excluded from complication-specific chi-squared testing.
2026-09-08 11:47:58,587 - INFO - Analyte unk_p1632_POS_663.4347_RT12.76 was not included in 1 gestational bin outlier analysis - excluded from complication-specific chi-squared testing.
2026-09-08 11:47:58,628 - INFO - Analyte 3-Hydroxybupivicaine_POS was not included in 1 gestational bin outlier analysis - excluded from complication-specific chi-squared testing.
2026-09-08 11:47:58,667 - INFO - Analyte unk_n9_NEG_273.9896_RT11.04 was not included in 1 gestational bin outlier analysis - excluded from complication-specific chi-squared testing.
2026-09-08 11:47:58,673 - INFO - Analyte 3-hydroxy-3-methylpentanedioic acid_POS was not included in 1 gestational bin outlier analysis - excluded from complication-specific chi-squared testing.
2026-09-08 11:47:58,710 - INFO - Analyte 2-Methyl-3-ketovaleric acid_POS was not included in 1 gestational bin outlier analysis - excluded from complication-specific chi-squared testing.
2026-09-08 11:47:58,750 - INFO - Analyte (4E)-3-Hydroxy-2,4-dimethyl-4-heptenamide_POS was not included in 1 gestational bin outlier analysis - excluded from complication-specific chi-squared testing.
2026-09-08 11:47:58,789 - INFO - Analyte Lamotrigine_POS was not included in 1 gestational bin outlier analysis - excluded from complication-specific chi-squared testing.
2026-09-08 11:47:58,828 - INFO - Analyte Xestoaminol C_POS was not included in 1 gestational bin outlier analysis - excluded from complication-specific chi-squared testing.
2026-09-08 11:47:58,865 - INFO - Analyte Acycloguanosine_NEG was not included in 1 gestational bin outlier analysis - excluded from complication-specific chi-squared testing.
2026-09-08 11:47:58,884 - INFO - Analyte unk_n75_NEG_197.8079_RT5.38 was not included in 1 gestational bin outlier analysis - excluded from complication-specific chi-squared testing.
2026-09-08 11:47:58,886 - INFO - Analyte Mevalonic acid_POS was not included in 1 gestational bin outlier analysis - excluded from complication-specific chi-squared testing.
2026-09-08 11:47:58,892 - INFO - Analyte Lorbamate_POS was not included in 1 gestational bin outlier analysis - excluded from complication-specific chi-squared testing.
2026-09-08 11:47:59,005 - INFO - Analyte 2-Furanmethanol_POS was not included in 1 gestational bin outlier analysis - excluded from complication-specific chi-squared testing.
2026-09-08 11:47:59,044 - INFO - Analyte Guanidoacetic acid_POS was not included in 1 gestational bin outlier analysis - excluded from complication-specific chi-squared testing.
2026-09-08 11:47:59,081 - INFO - Analyte Acetazolamide_NEG was not included in 1 gestational bin outlier analysis - excluded from complication-specific chi-squared testing.
2026-09-08 11:47:59,125 - INFO - Analyte unk_n834_NEG_333.1415_RT9.64 was not included in 1 gestational bin outlier analysis - excluded from complication-specific chi-squared testing.
2026-09-08 11:47:59,166 - INFO - Analyte D-(+)-Maltose_NEG was not included in 1 gestational bin outlier analysis - excluded from complication-specific chi-squared testing.
2026-09-08 11:47:59,205 - INFO - Analyte 4-Thialysine_POS was not included in 1 gestational bin outlier analysis - excluded from complication-specific chi-squared testing.
2026-09-08 11:47:59,211 - INFO - Analyte unk_p2623_POS_506.2075_RT7.31 was not included in 1 gestational bin outlier analysis - excluded from complication-specific chi-squared testing.
2026-09-08 11:47:59,249 - INFO - Analyte unk_n11_NEG_273.9895_RT10.40 was not included in 1 gestational bin outlier analysis - excluded from complication-specific chi-squared testing.
2026-09-08 11:47:59,288 - INFO - Analyte L-beta-aspartyl-L-glycine_POS was not included in 1 gestational bin outlier analysis - excluded from complication-specific chi-squared testing.
2026-09-08 11:47:59,326 - INFO - Analyte unk_p4598_POS_370.0734_RT6.62 was not included in 1 gestational bin outlier analysis - excluded from complication-specific chi-squared testing.
2026-09-08 11:47:59,365 - INFO - Analyte unk_p4657_POS_382.3426_RT11.09 was not included in 1 gestational bin outlier analysis - excluded from complication-specific chi-squared testing.
2026-09-08 11:47:59,404 - INFO - Analyte 5-Nitro-o-toluidine_POS was not included in 1 gestational bin outlier analysis - excluded from complication-specific chi-squared testing.
2026-09-08 11:47:59,443 - INFO - Analyte Xylactam_POS was not included in 1 gestational bin outlier analysis - excluded from complication-specific chi-squared testing.
2026-09-08 11:47:59,483 - INFO - Analyte unk_p1333_POS_99.5122_RT7.62 was not included in 1 gestational bin outlier analysis - excluded from complication-specific chi-squared testing.
2026-09-08 11:47:59,489 - INFO - Analyte 7-(2-thienyl)[1,2,4]triazolo[4,3-a]pyrimidine_POS was not included in 1 gestational bin outlier analysis - excluded from complication-specific chi-squared testing.
2026-09-08 11:47:59,494 - INFO - Analyte cis-Acetylacrylate_POS was not included in 1 gestational bin outlier analysis - excluded from complication-specific chi-squared testing.
2026-09-08 11:47:59,500 - INFO - Analyte Ecgonine_POS was not included in 1 gestational bin outlier analysis - excluded from complication-specific chi-squared testing.
2026-09-08 11:47:59,538 - INFO - Analyte PEG n12_POS was not included in 1 gestational bin outlier analysis - excluded from complication-specific chi-squared testing.
2026-09-08 11:47:59,574 - INFO - Analyte 2-Furancarboxaldehyde_NEG was not included in 1 gestational bin outlier analysis - excluded from complication-specific chi-squared testing.
2026-09-08 11:47:59,580 - INFO - Analyte L-Aspartic acid_POS was not included in 1 gestational bin outlier analysis - excluded from complication-specific chi-squared testing.
2026-09-08 11:47:59,620 - INFO - Analyte Homocitrulline_POS was not included in 1 gestational bin outlier analysis - excluded from complication-specific chi-squared testing.
2026-09-08 11:47:59,659 - INFO - Analyte unk_p8_POS_178.0903_RT10.06 was not included in 1 gestational bin outlier analysis - excluded from complication-specific chi-squared testing.
2026-09-08 11:47:59,697 - INFO - Analyte Methadone_POS was not included in 1 gestational bin outlier analysis - excluded from complication-specific chi-squared testing.
2026-09-08 11:47:59,735 - INFO - Analyte unk_p2870_POS_426.3213_RT12.12 was not included in 1 gestational bin outlier analysis - excluded from complication-specific chi-squared testing.
2026-09-08 11:47:59,778 - INFO - Analyte Methamphetamine_POS was not included in 1 gestational bin outlier analysis - excluded from complication-specific chi-squared testing.
2026-09-08 11:47:59,820 - INFO - Analyte Propylenediamine tetra-acetic acid_POS was not included in 1 gestational bin outlier analysis - excluded from complication-specific chi-squared testing.
2026-09-08 11:47:59,862 - INFO - Analyte 3-(2-methylpropyl)-octahydropyrrolo[1,2-a]pyrazine-1,4-dione_POS was not included in 1 gestational bin outlier analysis - excluded from complication-specific chi-squared testing.
2026-09-08 11:47:59,908 - INFO - Analyte Venlafaxine N-Oxide_POS was not included in 1 gestational bin outlier analysis - excluded from complication-specific chi-squared testing.
2026-09-08 11:47:59,949 - INFO - Analyte 1,1-Dichloroacetone_POS was not included in 1 gestational bin outlier analysis - excluded from complication-specific chi-squared testing.
2026-09-08 11:47:59,987 - INFO - Analyte unk_p1255_POS_297.9856_RT8.42 was not included in 1 gestational bin outlier analysis - excluded from complication-specific chi-squared testing.
2026-09-08 11:47:59,993 - INFO - Analyte (2S,3R,4S,5R,6R)-6-Ethyloxane-2,3,4,5-tetrol_POS was not included in 1 gestational bin outlier analysis - excluded from complication-specific chi-squared testing.
2026-09-08 11:47:59,996 - INFO - Analyte Phenyl sulfoxide_NEG was not included in 1 gestational bin outlier analysis - excluded from complication-specific chi-squared testing.
2026-09-08 11:48:00,034 - INFO - Analyte [Similar to: L-Threonic acid; ΔMass: 67.9873 Da]_NEG was not included in 1 gestational bin outlier analysis - excluded from complication-specific chi-squared testing.
2026-09-08 11:48:00,071 - INFO - Analyte Alanylserine_POS was not included in 1 gestational bin outlier analysis - excluded from complication-specific chi-squared testing.
2026-09-08 11:48:00,108 - INFO - Analyte D3-Creatinine_POS was not included in 1 gestational bin outlier analysis - excluded from complication-specific chi-squared testing.
2026-09-08 11:48:00,113 - INFO - Analyte 2-(4-chlorophenoxy)pyridin-3-amine_POS was not included in 1 gestational bin outlier analysis - excluded from complication-specific chi-squared testing.
2026-09-08 11:48:00,152 - INFO - Analyte L-Lysine_POS was not included in 1 gestational bin outlier analysis - excluded from complication-specific chi-squared testing.
2026-09-08 11:48:00,189 - INFO - Analyte Epinephrine_POS was not included in 1 gestational bin outlier analysis - excluded from complication-specific chi-squared testing.
2026-09-08 11:48:00,295 - INFO - Analyte unk_p4438_POS_454.2431_RT9.53 was not included in 1 gestational bin outlier analysis - excluded from complication-specific chi-squared testing.
2026-09-08 11:48:00,335 - INFO - Analyte unk_n449_NEG_525.3312_RT11.55 was not included in 1 gestational bin outlier analysis - excluded from complication-specific chi-squared testing.
2026-09-08 11:48:00,341 - INFO - Analyte unk_n2989_NEG_778.2049_RT9.66 was not included in 1 gestational bin outlier analysis - excluded from complication-specific chi-squared testing.
2026-09-08 11:48:00,346 - INFO - Analyte Hydroxymethyl hydrogen carbonate_NEG was not included in 1 gestational bin outlier analysis - excluded from complication-specific chi-squared testing.
2026-09-08 11:48:00,384 - INFO - Analyte 5S,6S-epoxy-15R-hydroxy-ETE_POS was not included in 1 gestational bin outlier analysis - excluded from complication-specific chi-squared testing.
2026-09-08 11:48:00,390 - INFO - Analyte Cefalexin_POS was not included in 1 gestational bin outlier analysis - excluded from complication-specific chi-squared testing.
2026-09-08 11:48:00,395 - INFO - Analyte unk_p256_POS_223.0700_RT11.18 was not included in 1 gestational bin outlier analysis - excluded from complication-specific chi-squared testing.
2026-09-08 11:48:00,431 - INFO - Analyte Citrulline_NEG was not included in 1 gestational bin outlier analysis - excluded from complication-specific chi-squared testing.
2026-09-08 11:48:00,468 - INFO - Analyte Nadolol_POS was not included in 1 gestational bin outlier analysis - excluded from complication-specific chi-squared testing.
2026-09-08 11:48:00,502 - INFO - Analyte Bupropion hydrochloride_POS was not included in 1 gestational bin outlier analysis - excluded from complication-specific chi-squared testing.
2026-09-08 11:48:00,536 - INFO - Analyte unk_p480_POS_242.9825_RT7.37 was not included in 1 gestational bin outlier analysis - excluded from complication-specific chi-squared testing.
2026-09-08 11:48:00,570 - INFO - Analyte N6-Me-Adenosine_POS was not included in 1 gestational bin outlier analysis - excluded from complication-specific chi-squared testing.
2026-09-08 11:48:00,575 - INFO - Analyte Anthranilic acid_POS was not included in 1 gestational bin outlier analysis - excluded from complication-specific chi-squared testing.
2026-09-08 11:48:00,611 - INFO - Analyte 2-Pyridylacetic acid_POS was not included in 1 gestational bin outlier analysis - excluded from complication-specific chi-squared testing.
2026-09-08 11:48:00,617 - INFO - Analyte 2-Aminobicyclo[3.1.0]hexane-2,6-dicarboxylic acid_POS was not included in 1 gestational bin outlier analysis - excluded from complication-specific chi-squared testing.
2026-09-08 11:48:00,622 - INFO - Analyte Clopidol_POS was not included in 1 gestational bin outlier analysis - excluded from complication-specific chi-squared testing.
2026-09-08 11:48:00,627 - INFO - Analyte Asparagine_NEG was not included in 1 gestational bin outlier analysis - excluded from complication-specific chi-squared testing.
2026-09-08 11:48:00,632 - INFO - Analyte Pyrogallol_POS was not included in 1 gestational bin outlier analysis - excluded from complication-specific chi-squared testing.
2026-09-08 11:48:00,637 - INFO - Analyte N-{[(2R,4S,5R)-5-(1-Methyl-3-phenyl-1H-pyrazol-5-yl)-1-azabicyclo[2.2.2]oct-2-yl]methyl}methanesulfonamide_POS was not included in 1 gestational bin outlier analysis - excluded from complication-specific chi-squared testing.
2026-09-08 11:48:00,673 - INFO - Analyte unk_p1961_POS_481.8174_RT7.74 was not included in 1 gestational bin outlier analysis - excluded from complication-specific chi-squared testing.
2026-09-08 11:48:00,678 - INFO - Analyte Dihydrothymine_NEG was not included in 1 gestational bin outlier analysis - excluded from complication-specific chi-squared testing.
2026-09-08 11:48:00,713 - INFO - Analyte Metronidazole-OH_POS was not included in 1 gestational bin outlier analysis - excluded from complication-specific chi-squared testing.
2026-09-08 11:48:00,718 - INFO - Analyte L-Aspartic acid_NEG was not included in 1 gestational bin outlier analysis - excluded from complication-specific chi-squared testing.
2026-09-08 11:48:00,752 - INFO - Analyte 6-(1,2,3,4-Tetrahydroxybutyl)oxane-2,3,4,5-tetrol_NEG was not included in 1 gestational bin outlier analysis - excluded from complication-specific chi-squared testing.
2026-09-08 11:48:00,785 - INFO - Analyte N-Acetyl-DL-tryptophan_POS was not included in 1 gestational bin outlier analysis - excluded from complication-specific chi-squared testing.
2026-09-08 11:48:00,819 - INFO - Analyte unk_n3153_NEG_237.9734_RT2.13 was not included in 1 gestational bin outlier analysis - excluded from complication-specific chi-squared testing.
2026-09-08 11:48:00,855 - INFO - Analyte Acycloguanosine_POS was not included in 1 gestational bin outlier analysis - excluded from complication-specific chi-squared testing.
2026-09-08 11:48:00,891 - INFO - Analyte 2-(2,6-dimethoxyphenyl)-5,6-dimethoxy-4H-chromen-4-one_POS was not included in 1 gestational bin outlier analysis - excluded from complication-specific chi-squared testing.
2026-09-08 11:48:00,929 - INFO - Analyte Allopurinol_NEG was not included in 1 gestational bin outlier analysis - excluded from complication-specific chi-squared testing.
2026-09-08 11:48:00,934 - INFO - Analyte 5-Aminolevulinic acid_POS was not included in 1 gestational bin outlier analysis - excluded from complication-specific chi-squared testing.
2026-09-08 11:48:00,969 - INFO - Analyte [Similar to: DL-Arginine; ΔMass: 180.0636 Da]_NEG was not included in 1 gestational bin outlier analysis - excluded from complication-specific chi-squared testing.
2026-09-08 11:48:01,003 - INFO - Analyte Aspartame_POS was not included in 1 gestational bin outlier analysis - excluded from complication-specific chi-squared testing.
2026-09-08 11:48:01,008 - INFO - Analyte 2-Furancarboxaldehyde_POS was not included in 1 gestational bin outlier analysis - excluded from complication-specific chi-squared testing.
2026-09-08 11:48:01,041 - INFO - Analyte Methoxsalen_POS was not included in 1 gestational bin outlier analysis - excluded from complication-specific chi-squared testing.
2026-09-08 11:48:01,074 - INFO - Analyte Phosphate_NEG was not included in 1 gestational bin outlier analysis - excluded from complication-specific chi-squared testing.
2026-09-08 11:48:01,109 - INFO - Analyte D-(+)-Glucose_NEG was not included in 1 gestational bin outlier analysis - excluded from complication-specific chi-squared testing.
2026-09-08 11:48:01,143 - INFO - Analyte unk_n146_NEG_228.9939_RT11.62 was not included in 1 gestational bin outlier analysis - excluded from complication-specific chi-squared testing.
2026-09-08 11:48:01,176 - INFO - Analyte L-Pyroglutamic acid_POS was not included in 1 gestational bin outlier analysis - excluded from complication-specific chi-squared testing.
2026-09-08 11:48:01,209 - INFO - Analyte tetrahomomethionine_POS was not included in 1 gestational bin outlier analysis - excluded from complication-specific chi-squared testing.
2026-09-08 11:48:01,214 - INFO - Analyte Cyclopentylamine_POS was not included in 1 gestational bin outlier analysis - excluded from complication-specific chi-squared testing.
2026-09-08 11:48:01,247 - INFO - Analyte N-(2-Hydroxypropyl)valine_POS was not included in 1 gestational bin outlier analysis - excluded from complication-specific chi-squared testing.
2026-09-08 11:48:01,280 - INFO - Analyte tert-Butyl N-[1-(aminocarbonyl)-3-methylbutyl]carbamate_POS was not included in 1 gestational bin outlier analysis - excluded from complication-specific chi-squared testing.
2026-09-08 11:48:01,313 - INFO - Analyte α-Lactose_POS was not included in 1 gestational bin outlier analysis - excluded from complication-specific chi-squared testing.
2026-09-08 11:48:01,317 - INFO - Analyte 1-(2-Furylmethyl)-5-oxopyrrolidine-3-carboxylic acid_NEG was not included in 1 gestational bin outlier analysis - excluded from complication-specific chi-squared testing.
2026-09-08 11:48:01,350 - INFO - Analyte 2-(Methylsulfonyl)pyridine_POS was not included in 1 gestational bin outlier analysis - excluded from complication-specific chi-squared testing.
2026-09-08 11:48:01,453 - INFO - Analyte 6-Hydroxy-1H-indole-3-acetamide_POS was not included in 1 gestational bin outlier analysis - excluded from complication-specific chi-squared testing.
2026-09-08 11:48:01,493 - INFO - Analyte unk_p2701_POS_497.9975_RT1.19 was not included in 1 gestational bin outlier analysis - excluded from complication-specific chi-squared testing.
2026-09-08 11:48:01,530 - INFO - Analyte O-Desmethylvenlafaxine_POS was not included in 1 gestational bin outlier analysis - excluded from complication-specific chi-squared testing.
2026-09-08 11:48:01,566 - INFO - Analyte 4-Pyridoxic acid_POS was not included in 1 gestational bin outlier analysis - excluded from complication-specific chi-squared testing.
2026-09-08 11:48:01,600 - INFO - Analyte N-Acetyl-L-carnosine_POS was not included in 1 gestational bin outlier analysis - excluded from complication-specific chi-squared testing.
2026-09-08 11:48:01,605 - INFO - Analyte unk_p557_POS_445.8151_RT12.73 was not included in 1 gestational bin outlier analysis - excluded from complication-specific chi-squared testing.
2026-09-08 11:48:01,640 - INFO - Analyte unk_p223_POS_111.0200_RT9.05 was not included in 1 gestational bin outlier analysis - excluded from complication-specific chi-squared testing.
2026-09-08 11:48:01,673 - INFO - Analyte Ethylenediaminetetraacetic acid (EDTA)_POS was not included in 1 gestational bin outlier analysis - excluded from complication-specific chi-squared testing.
2026-09-08 11:48:01,707 - INFO - Analyte unk_p5266_POS_459.2620_RT11.62 was not included in 1 gestational bin outlier analysis - excluded from complication-specific chi-squared testing.
2026-09-08 11:48:01,740 - INFO - Analyte 4'-Chloro-α-pyrrolidinopropiophenone_POS was not included in 1 gestational bin outlier analysis - excluded from complication-specific chi-squared testing.
2026-09-08 11:48:01,774 - INFO - Analyte Bis(cyano-kappaC)iron_POS was not included in 1 gestational bin outlier analysis - excluded from complication-specific chi-squared testing.
2026-09-08 11:48:01,809 - INFO - Analyte 1-Hydroxybenzotriazol_POS was not included in 1 gestational bin outlier analysis - excluded from complication-specific chi-squared testing.
2026-09-08 11:48:01,843 - INFO - Analyte Ornithine_NEG was not included in 1 gestational bin outlier analysis - excluded from complication-specific chi-squared testing.
2026-09-08 11:48:01,877 - INFO - Analyte DL-Arginine_POS was not included in 1 gestational bin outlier analysis - excluded from complication-specific chi-squared testing.
2026-09-08 11:48:01,910 - INFO - Analyte N-(5-Methyl-3-oxohexyl)alanine_POS was not included in 1 gestational bin outlier analysis - excluded from complication-specific chi-squared testing.
2026-09-08 11:48:01,943 - INFO - Analyte 4-Amino-2-pyrazin-2-ylpyrimidine-5-carbonitrile_POS was not included in 1 gestational bin outlier analysis - excluded from complication-specific chi-squared testing.
2026-09-08 11:48:01,979 - INFO - Analyte unk_p1254_POS_83.5357_RT0.57 was not included in 1 gestational bin outlier analysis - excluded from complication-specific chi-squared testing.
2026-09-08 11:48:02,014 - INFO - Analyte 3-(dimethylamino)-1-(2-pyridyl)prop-2-en-1-one_POS was not included in 1 gestational bin outlier analysis - excluded from complication-specific chi-squared testing.
2026-09-08 11:48:02,031 - INFO - Analyte Benzoylecgonine_POS was not included in 1 gestational bin outlier analysis - excluded from complication-specific chi-squared testing.
2026-09-08 11:48:02,036 - INFO - Analyte Suberic acid_POS was not included in 1 gestational bin outlier analysis - excluded from complication-specific chi-squared testing.
2026-09-08 11:48:02,041 - INFO - Analyte N,N'-Diphenylguanidine_POS was not included in 1 gestational bin outlier analysis - excluded from complication-specific chi-squared testing.
2026-09-08 11:48:02,076 - INFO - Analyte Leucylphenylalanine_POS was not included in 1 gestational bin outlier analysis - excluded from complication-specific chi-squared testing.
2026-09-08 11:48:02,081 - INFO - Analyte Atenolol acid_POS was not included in 1 gestational bin outlier analysis - excluded from complication-specific chi-squared testing.
2026-09-08 11:48:02,086 - INFO - Analyte Diisopropylphosphate_NEG was not included in 1 gestational bin outlier analysis - excluded from complication-specific chi-squared testing.
2026-09-08 11:48:02,120 - INFO - Analyte 4:2 fluorotelomer thia hydroxy propyl trimethyl ammonium;4:2 fluorotelomer thia hydroxy propyl trimethyl ammonium;fluorotelomer thiohydroxyl ammonium (Backe, D'Agostino, Meija-Avedano), X:2 fluorotelomer thioether 2-propanol trimethyl quaternary amine_POS was not included in 1 gestational bin outlier analysis - excluded from complication-specific chi-squared testing.
2026-09-08 11:48:02,125 - INFO - Analyte Caprolactam_POS was not included in 1 gestational bin outlier analysis - excluded from complication-specific chi-squared testing.
2026-09-08 11:48:02,129 - INFO - Analyte Bis(diaminomethylideneamino) butanedioate_POS was not included in 1 gestational bin outlier analysis - excluded from complication-specific chi-squared testing.
2026-09-08 11:48:02,163 - INFO - Analyte unk_p1141_POS_297.9856_RT8.76 was not included in 1 gestational bin outlier analysis - excluded from complication-specific chi-squared testing.
2026-09-08 11:48:02,197 - INFO - Analyte acutumidine_POS was not included in 1 gestational bin outlier analysis - excluded from complication-specific chi-squared testing.
2026-09-08 11:48:02,230 - INFO - Analyte unk_n189_NEG_228.9940_RT11.33 was not included in 1 gestational bin outlier analysis - excluded from complication-specific chi-squared testing.
2026-09-08 11:48:02,265 - INFO - Analyte 1-(Hydroxymethyl)-5,5-dimethyl-2,4-imidazolidinedione_POS was not included in 1 gestational bin outlier analysis - excluded from complication-specific chi-squared testing.
2026-09-08 11:48:02,301 - INFO - Analyte D-(-)-Ribose_NEG was not included in 1 gestational bin outlier analysis - excluded from complication-specific chi-squared testing.
2026-09-08 11:48:02,336 - INFO - Analyte Acetone hydrazone_POS was not included in 1 gestational bin outlier analysis - excluded from complication-specific chi-squared testing.
2026-09-08 11:48:02,369 - INFO - Analyte 1-[2-(2,5-Dimethyl-1H-pyrrol-1-yl)-4-nitrophenyl]-4-(methylsulfonyl)piperazine_POS was not included in 1 gestational bin outlier analysis - excluded from complication-specific chi-squared testing.
2026-09-08 11:48:02,374 - INFO - Analyte Soboliferamide_POS was not included in 1 gestational bin outlier analysis - excluded from complication-specific chi-squared testing.
2026-09-08 11:48:02,408 - INFO - Analyte 3-Hydroxysebacic acid_POS was not included in 1 gestational bin outlier analysis - excluded from complication-specific chi-squared testing.
2026-09-08 11:48:02,414 - INFO - Analyte D-Alanyl-D-alanine_POS was not included in 1 gestational bin outlier analysis - excluded from complication-specific chi-squared testing.
2026-09-08 11:48:02,515 - INFO - Analyte Medazepam_POS was not included in 1 gestational bin outlier analysis - excluded from complication-specific chi-squared testing.
2026-09-08 11:48:02,549 - INFO - Analyte Oxalic acid_NEG was not included in 1 gestational bin outlier analysis - excluded from complication-specific chi-squared testing.
2026-09-08 11:48:02,554 - INFO - Analyte 4-(3-Methyl-1-butenyl)-3,3',4',5-tetrahydroxystilbene_NEG was not included in 1 gestational bin outlier analysis - excluded from complication-specific chi-squared testing.
2026-09-08 11:48:02,558 - INFO - Analyte unk_n2029_NEG_102.9567_RT8.75 was not included in 1 gestational bin outlier analysis - excluded from complication-specific chi-squared testing.
2026-09-08 11:48:02,592 - INFO - Analyte [Similar to: Amphomycin; ΔMass: -1091.5889 Da]_POS was not included in 1 gestational bin outlier analysis - excluded from complication-specific chi-squared testing.
2026-09-08 11:48:02,625 - INFO - Analyte Glucosamine_POS was not included in 1 gestational bin outlier analysis - excluded from complication-specific chi-squared testing.
2026-09-08 11:48:02,660 - INFO - Analyte D-(-)-Lyxose_NEG was not included in 1 gestational bin outlier analysis - excluded from complication-specific chi-squared testing.
2026-09-08 11:48:02,665 - INFO - Analyte unk_p92_POS_90.5258_RT1.29 was not included in 1 gestational bin outlier analysis - excluded from complication-specific chi-squared testing.
2026-09-08 11:48:02,699 - INFO - Analyte 2-Hydroxyglutaric acid diethyl ester_POS was not included in 1 gestational bin outlier analysis - excluded from complication-specific chi-squared testing.
2026-09-08 11:48:02,732 - INFO - Analyte Tetraethylene glycol_POS was not included in 1 gestational bin outlier analysis - excluded from complication-specific chi-squared testing.
2026-09-08 11:48:02,765 - INFO - Analyte SK&F 91581_POS was not included in 1 gestational bin outlier analysis - excluded from complication-specific chi-squared testing.
2026-09-08 11:48:02,798 - INFO - Analyte unk_n158_NEG_215.8684_RT7.97 was not included in 1 gestational bin outlier analysis - excluded from complication-specific chi-squared testing.
2026-09-08 11:48:02,831 - INFO - Analyte Glutaminylglutamine_POS was not included in 1 gestational bin outlier analysis - excluded from complication-specific chi-squared testing.
2026-09-08 11:48:02,865 - INFO - Analyte unk_p2967_POS_272.1702_RT7.57 was not included in 1 gestational bin outlier analysis - excluded from complication-specific chi-squared testing.
2026-09-08 11:48:02,869 - INFO - Analyte 3-Hydroxyadipic acid 3,6-lactone_POS was not included in 1 gestational bin outlier analysis - excluded from complication-specific chi-squared testing.
2026-09-08 11:48:02,903 - INFO - Analyte dihomomethionine_POS was not included in 1 gestational bin outlier analysis - excluded from complication-specific chi-squared testing.
2026-09-08 11:48:02,936 - INFO - Analyte Pyruvic acid_NEG was not included in 1 gestational bin outlier analysis - excluded from complication-specific chi-squared testing.
2026-09-08 11:48:02,969 - INFO - Analyte unk_p800_POS_91.5045_RT9.41 was not included in 1 gestational bin outlier analysis - excluded from complication-specific chi-squared testing.
2026-09-08 11:48:03,002 - INFO - Analyte [Similar to: NP-004031; ΔMass: -416.3678 Da]_NEG was not included in 1 gestational bin outlier analysis - excluded from complication-specific chi-squared testing.
2026-09-08 11:48:03,007 - INFO - Analyte Norfentanyl_POS was not included in 1 gestational bin outlier analysis - excluded from complication-specific chi-squared testing.
2026-09-08 11:48:03,040 - INFO - Analyte 2-Methylbutyroylcarnitine_POS was not included in 1 gestational bin outlier analysis - excluded from complication-specific chi-squared testing.
2026-09-08 11:48:03,073 - INFO - Analyte 2-Hydroxy-3-methylpentanoic acid_POS was not included in 1 gestational bin outlier analysis - excluded from complication-specific chi-squared testing.
2026-09-08 11:48:03,078 - INFO - Analyte Glycyl-Glutamate_POS was not included in 1 gestational bin outlier analysis - excluded from complication-specific chi-squared testing.
2026-09-08 11:48:03,111 - INFO - Analyte 3-Deoxyglucosone_NEG was not included in 1 gestational bin outlier analysis - excluded from complication-specific chi-squared testing.
2026-09-08 11:48:03,144 - INFO - Analyte unk_p826_POS_235.9612_RT4.24 was not included in 1 gestational bin outlier analysis - excluded from complication-specific chi-squared testing.
2026-09-08 11:48:03,177 - INFO - Analyte unk_n2411_NEG_319.0083_RT2.93 was not included in 1 gestational bin outlier analysis - excluded from complication-specific chi-squared testing.
2026-09-08 11:48:03,210 - INFO - Analyte unk_n2019_NEG_382.1452_RT12.08 was not included in 1 gestational bin outlier analysis - excluded from complication-specific chi-squared testing.
2026-09-08 11:48:03,243 - INFO - Analyte 2-Amino-5-isopentyl-6-methylpyrimidin-4-ol_POS was not included in 1 gestational bin outlier analysis - excluded from complication-specific chi-squared testing.
2026-09-08 11:48:03,277 - INFO - Analyte Propyliodone_POS was not included in 1 gestational bin outlier analysis - excluded from complication-specific chi-squared testing.
2026-09-08 11:48:03,311 - INFO - Analyte 4-Azaspiro[bicyclo[2.2.2]octane-2,2'-[1,4]oxazolidine]-5'-one_POS was not included in 1 gestational bin outlier analysis - excluded from complication-specific chi-squared testing.
2026-09-08 11:48:03,345 - INFO - Analyte H2-D-erythro-Neopterin 2',3'-cyclic phosphate_POS was not included in 1 gestational bin outlier analysis - excluded from complication-specific chi-squared testing.
2026-09-08 11:48:03,378 - INFO - Analyte 2,2'-Anhydrocytidine_POS was not included in 1 gestational bin outlier analysis - excluded from complication-specific chi-squared testing.
2026-09-08 11:48:03,383 - INFO - Analyte (2S,8R)-2-Amino-8-hydroxydecanoic acid_POS was not included in 1 gestational bin outlier analysis - excluded from complication-specific chi-squared testing.
2026-09-08 11:48:03,416 - INFO - Analyte Trifluoroacetic acid_NEG was not included in 1 gestational bin outlier analysis - excluded from complication-specific chi-squared testing.
2026-09-08 11:48:03,421 - INFO - Analyte Repinotan_POS was not included in 1 gestational bin outlier analysis - excluded from complication-specific chi-squared testing.
2026-09-08 11:48:03,438 - INFO - Analyte unk_p4131_POS_564.2862_RT10.69 was not included in 1 gestational bin outlier analysis - excluded from complication-specific chi-squared testing.
2026-09-08 11:48:03,547 - INFO - Analyte Indoline_POS was not included in 1 gestational bin outlier analysis - excluded from complication-specific chi-squared testing.
2026-09-08 11:48:03,580 - INFO - Analyte 2-Isopropyl-3,5-dimethoxy-6-methylpyrazine_POS was not included in 1 gestational bin outlier analysis - excluded from complication-specific chi-squared testing.
2026-09-08 11:48:03,613 - INFO - Analyte 1-Phenyl-1H-pyrazole_POS was not included in 1 gestational bin outlier analysis - excluded from complication-specific chi-squared testing.
2026-09-08 11:48:03,646 - INFO - Analyte 4-Aminobenzoic acid_POS was not included in 1 gestational bin outlier analysis - excluded from complication-specific chi-squared testing.
2026-09-08 11:48:03,651 - INFO - Analyte 3-phospho-hydroxypyruvate_POS was not included in 1 gestational bin outlier analysis - excluded from complication-specific chi-squared testing.
2026-09-08 11:48:03,684 - INFO - Analyte unk_p4197_POS_287.9412_RT3.28 was not included in 1 gestational bin outlier analysis - excluded from complication-specific chi-squared testing.
2026-09-08 11:48:03,689 - INFO - Analyte D-(-)-Mannitol_NEG was not included in 1 gestational bin outlier analysis - excluded from complication-specific chi-squared testing.
2026-09-08 11:48:03,694 - INFO - Analyte L-Aspartate-semialdehyde_POS was not included in 1 gestational bin outlier analysis - excluded from complication-specific chi-squared testing.
2026-09-08 11:48:03,730 - INFO - Analyte 3-(propan-2-yl)-octahydropyrrolo[1,2-a]pyrazine-1,4-dione_POS was not included in 1 gestational bin outlier analysis - excluded from complication-specific chi-squared testing.
2026-09-08 11:48:03,764 - INFO - Analyte 2-Hydroxyquinoline_POS was not included in 1 gestational bin outlier analysis - excluded from complication-specific chi-squared testing.
2026-09-08 11:48:03,800 - INFO - Analyte unk_p3625_POS_427.0946_RT7.01 was not included in 1 gestational bin outlier analysis - excluded from complication-specific chi-squared testing.
2026-09-08 11:48:03,836 - INFO - Analyte trans-3-Hydroxycotinine_POS was not included in 1 gestational bin outlier analysis - excluded from complication-specific chi-squared testing.
2026-09-08 11:48:03,869 - INFO - Analyte unk_n1134_NEG_102.9567_RT5.95 was not included in 1 gestational bin outlier analysis - excluded from complication-specific chi-squared testing.
2026-09-08 11:48:03,902 - INFO - Analyte 3-Hydroxypyridine_POS was not included in 1 gestational bin outlier analysis - excluded from complication-specific chi-squared testing.
2026-09-08 11:48:03,935 - INFO - Analyte [Similar to: N1-(4,5-dihydro-1,3-thiazol-2-yl)-2-(2,4-dichlorophenoxy)propanamide; ΔMass: -136.0195 Da]_NEG was not included in 1 gestational bin outlier analysis - excluded from complication-specific chi-squared testing.
2026-09-08 11:48:03,969 - INFO - Analyte Lenticin_POS was not included in 1 gestational bin outlier analysis - excluded from complication-specific chi-squared testing.
2026-09-08 11:48:04,002 - INFO - Analyte unk_n656_NEG_157.0117_RT1.78 was not included in 1 gestational bin outlier analysis - excluded from complication-specific chi-squared testing.
2026-09-08 11:48:04,035 - INFO - Analyte Butyric acid_POS was not included in 1 gestational bin outlier analysis - excluded from complication-specific chi-squared testing.
2026-09-08 11:48:04,040 - INFO - Analyte Chloromethyl chloroformate_POS was not included in 1 gestational bin outlier analysis - excluded from complication-specific chi-squared testing.
2026-09-08 11:48:04,076 - INFO - Analyte 1H,1H-Perfluorononylamine_POS was not included in 1 gestational bin outlier analysis - excluded from complication-specific chi-squared testing.
2026-09-08 11:48:04,112 - INFO - Analyte unk_n512_NEG_209.8338_RT5.73 was not included in 1 gestational bin outlier analysis - excluded from complication-specific chi-squared testing.
2026-09-08 11:48:04,145 - INFO - Analyte L-Phenylalanine_POS was not included in 1 gestational bin outlier analysis - excluded from complication-specific chi-squared testing.
2026-09-08 11:48:04,178 - INFO - Analyte methyl isoquinoline-3-carboxylate_POS was not included in 1 gestational bin outlier analysis - excluded from complication-specific chi-squared testing.
2026-09-08 11:48:04,211 - INFO - Analyte Lappaol B_NEG was not included in 1 gestational bin outlier analysis - excluded from complication-specific chi-squared testing.
2026-09-08 11:48:04,216 - INFO - Analyte unk_p75_POS_199.0686_RT8.77 was not included in 1 gestational bin outlier analysis - excluded from complication-specific chi-squared testing.
2026-09-08 11:48:04,249 - INFO - Analyte 8-Cyano-fluoroquinolone_POS was not included in 1 gestational bin outlier analysis - excluded from complication-specific chi-squared testing.
2026-09-08 11:48:04,283 - INFO - Analyte NP-008998_POS was not included in 1 gestational bin outlier analysis - excluded from complication-specific chi-squared testing.
2026-09-08 11:48:04,316 - INFO - Analyte unk_p236_POS_90.5258_RT1.84 was not included in 1 gestational bin outlier analysis - excluded from complication-specific chi-squared testing.
2026-09-08 11:48:04,351 - INFO - Analyte unk_n85_NEG_248.9605_RT0.66 was not included in 1 gestational bin outlier analysis - excluded from complication-specific chi-squared testing.
2026-09-08 11:48:04,356 - INFO - Analyte Miglitol_NEG was not included in 1 gestational bin outlier analysis - excluded from complication-specific chi-squared testing.
2026-09-08 11:48:04,390 - INFO - Analyte Ametryn_POS was not included in 1 gestational bin outlier analysis - excluded from complication-specific chi-squared testing.
2026-09-08 11:48:04,423 - INFO - Analyte 2-Octenoylcarnitine_POS was not included in 1 gestational bin outlier analysis - excluded from complication-specific chi-squared testing.
2026-09-08 11:48:04,457 - INFO - Analyte Anordrin_POS was not included in 1 gestational bin outlier analysis - excluded from complication-specific chi-squared testing.
2026-09-08 11:48:04,461 - INFO - Analyte 5-(methoxymethyl)-2-(2-thienyl)-4,7-dihydropyrazolo[1,5-a]pyrimidin-7-one_NEG was not included in 1 gestational bin outlier analysis - excluded from complication-specific chi-squared testing.
2026-09-08 11:48:04,478 - INFO - Analyte D3-Lactate_NEG was not included in 1 gestational bin outlier analysis - excluded from complication-specific chi-squared testing.
2026-09-08 11:48:04,593 - INFO - Analyte unk_p3180_POS_497.9975_RT1.04 was not included in 1 gestational bin outlier analysis - excluded from complication-specific chi-squared testing.
2026-09-08 11:48:04,599 - INFO - Analyte unk_n223_NEG_225.8972_RT8.96 was not included in 1 gestational bin outlier analysis - excluded from complication-specific chi-squared testing.
2026-09-08 11:48:04,635 - INFO - Analyte Zonisamide_POS was not included in 1 gestational bin outlier analysis - excluded from complication-specific chi-squared testing.
2026-09-08 11:48:04,669 - INFO - Analyte unk_p2618_POS_146.0633_RT5.78 was not included in 1 gestational bin outlier analysis - excluded from complication-specific chi-squared testing.
2026-09-08 11:48:04,702 - INFO - Analyte Castanospermine_POS was not included in 1 gestational bin outlier analysis - excluded from complication-specific chi-squared testing.
2026-09-08 11:48:04,735 - INFO - Analyte Indene_POS was not included in 1 gestational bin outlier analysis - excluded from complication-specific chi-squared testing.
2026-09-08 11:48:04,752 - INFO - Analyte 2-(Dimethylamino)acetonitrile_POS was not included in 1 gestational bin outlier analysis - excluded from complication-specific chi-squared testing.
2026-09-08 11:48:04,785 - INFO - Analyte 2-Octenoic acid_POS was not included in 1 gestational bin outlier analysis - excluded from complication-specific chi-squared testing.
2026-09-08 11:48:04,790 - INFO - Analyte DL-Stachydrine_POS was not included in 1 gestational bin outlier analysis - excluded from complication-specific chi-squared testing.
2026-09-08 11:48:04,794 - INFO - Analyte Nicotinuric acid_POS was not included in 1 gestational bin outlier analysis - excluded from complication-specific chi-squared testing.
2026-09-08 11:48:04,828 - INFO - Analyte Garcinia acid_NEG was not included in 1 gestational bin outlier analysis - excluded from complication-specific chi-squared testing.
2026-09-08 11:48:04,862 - INFO - Analyte L-Cysteine-S-sulfate_POS was not included in 1 gestational bin outlier analysis - excluded from complication-specific chi-squared testing.
2026-09-08 11:48:04,868 - INFO - Analyte D-(+)-Maltose_POS was not included in 1 gestational bin outlier analysis - excluded from complication-specific chi-squared testing.
2026-09-08 11:48:04,903 - INFO - Analyte 3,4-Dihydroxybenzylamine_POS was not included in 1 gestational bin outlier analysis - excluded from complication-specific chi-squared testing.
2026-09-08 11:48:04,937 - INFO - Analyte N1-(alpha-D-ribosyl)-5,6-dimethyl-benzimidazole_POS was not included in 1 gestational bin outlier analysis - excluded from complication-specific chi-squared testing.
2026-09-08 11:48:04,971 - INFO - Analyte Armillariol B_POS was not included in 1 gestational bin outlier analysis - excluded from complication-specific chi-squared testing.
2026-09-08 11:48:05,005 - INFO - Analyte Triethylene Glycol Monomethyl Ether_POS was not included in 1 gestational bin outlier analysis - excluded from complication-specific chi-squared testing.
2026-09-08 11:48:05,040 - INFO - Analyte Kifunensine_NEG was not included in 1 gestational bin outlier analysis - excluded from complication-specific chi-squared testing.
2026-09-08 11:48:05,045 - INFO - Analyte D-(+)-Galactose_NEG was not included in 1 gestational bin outlier analysis - excluded from complication-specific chi-squared testing.
2026-09-08 11:48:05,078 - INFO - Analyte N-Phenylacetylglutamine_POS was not included in 1 gestational bin outlier analysis - excluded from complication-specific chi-squared testing.
2026-09-08 11:48:05,083 - INFO - Analyte 2-Heptanethiol_POS was not included in 1 gestational bin outlier analysis - excluded from complication-specific chi-squared testing.
2026-09-08 11:48:05,088 - INFO - Analyte 3-Hydroxybutyric acid_NEG was not included in 1 gestational bin outlier analysis - excluded from complication-specific chi-squared testing.
2026-09-08 11:48:05,092 - INFO - Analyte [Similar to: Creatine; ΔMass: 67.9874 Da]_NEG was not included in 1 gestational bin outlier analysis - excluded from complication-specific chi-squared testing.
2026-09-08 11:48:05,097 - INFO - Analyte Asparagine_POS was not included in 1 gestational bin outlier analysis - excluded from complication-specific chi-squared testing.
2026-09-08 11:48:05,102 - INFO - Analyte Quinolonic acid_POS was not included in 1 gestational bin outlier analysis - excluded from complication-specific chi-squared testing.
2026-09-08 11:48:05,108 - INFO - Analyte 2-({2-[(1,3-Dimethyl-1H-pyrazol-5-yl)amino]-2-oxoethyl}sulfanyl)acetic acid_POS was not included in 1 gestational bin outlier analysis - excluded from complication-specific chi-squared testing.
2026-09-08 11:48:05,111 - INFO - Analyte d-Glycero-d-galacto-heptose_NEG was not included in 1 gestational bin outlier analysis - excluded from complication-specific chi-squared testing.
2026-09-08 11:48:05,145 - INFO - Analyte unk_n177_NEG_207.8368_RT4.27 was not included in 1 gestational bin outlier analysis - excluded from complication-specific chi-squared testing.
2026-09-08 11:48:05,150 - INFO - Analyte 2-Amino-3-methyl-1-butanol_POS was not included in 1 gestational bin outlier analysis - excluded from complication-specific chi-squared testing.
2026-09-08 11:48:05,153 - INFO - Analyte L-Glutamine_POS was not included in 1 gestational bin outlier analysis - excluded from complication-specific chi-squared testing.
2026-09-08 11:48:05,185 - INFO - Analyte Geranylpyrrol A_POS was not included in 1 gestational bin outlier analysis - excluded from complication-specific chi-squared testing.
2026-09-08 11:48:05,219 - INFO - Analyte 2,4-diaziran-1-yl-6-(1-phenyl-1H-pyrrol-2-yl)-1,3,5-triazine_POS was not included in 1 gestational bin outlier analysis - excluded from complication-specific chi-squared testing.
2026-09-08 11:48:05,252 - INFO - Analyte unk_p488_POS_242.9822_RT7.04 was not included in 1 gestational bin outlier analysis - excluded from complication-specific chi-squared testing.
2026-09-08 11:48:05,286 - INFO - Analyte [6,7-dimethoxy-1-methyl-3,4-dihydro-2(1H)-isoquinolinyl](5-methyl-3-isoxazolyl)methanone_POS was not included in 1 gestational bin outlier analysis - excluded from complication-specific chi-squared testing.
2026-09-08 11:48:05,320 - INFO - Analyte 1,2,3-Trihydroxybenzene_NEG was not included in 1 gestational bin outlier analysis - excluded from complication-specific chi-squared testing.
2026-09-08 11:48:05,337 - INFO - Analyte unk_p4443_POS_437.9724_RT7.01 was not included in 1 gestational bin outlier analysis - excluded from complication-specific chi-squared testing.
2026-09-08 11:48:05,342 - INFO - Analyte (S)-3-[(Cyanophenylmethyl)amino]-3-oxopropanoic acid_POS was not included in 1 gestational bin outlier analysis - excluded from complication-specific chi-squared testing.
2026-09-08 11:48:05,376 - INFO - Analyte unk_p729_POS_504.9952_RT10.63 was not included in 1 gestational bin outlier analysis - excluded from complication-specific chi-squared testing.
2026-09-08 11:48:05,409 - INFO - Analyte N-(4-Aminobutyl)-2-Naphthalenesulfonamide_POS was not included in 1 gestational bin outlier analysis - excluded from complication-specific chi-squared testing.
2026-09-08 11:48:05,442 - INFO - Analyte 5-Hydroxytryptophol_POS was not included in 1 gestational bin outlier analysis - excluded from complication-specific chi-squared testing.
2026-09-08 11:48:05,475 - INFO - Analyte unk_p2622_POS_287.5918_RT1.01 was not included in 1 gestational bin outlier analysis - excluded from complication-specific chi-squared testing.
2026-09-08 11:48:05,596 - INFO - Analyte unk_p1942_POS_233.8754_RT2.91 was not included in 1 gestational bin outlier analysis - excluded from complication-specific chi-squared testing.
2026-09-08 11:48:05,601 - INFO - Analyte Acetyl-β-methylcholine_POS was not included in 1 gestational bin outlier analysis - excluded from complication-specific chi-squared testing.
2026-09-08 11:48:05,606 - INFO - Analyte Polypropylene glycol (m w 1,200-3,000)_POS was not included in 1 gestational bin outlier analysis - excluded from complication-specific chi-squared testing.
2026-09-08 11:48:05,642 - INFO - Analyte [Similar to: (4-benzoylpiperidino)[4-(tert-butyl)phenyl]methanone; ΔMass: 38.0426 Da]_POS was not included in 1 gestational bin outlier analysis - excluded from complication-specific chi-squared testing.
2026-09-08 11:48:05,676 - INFO - Analyte Terezine M_POS was not included in 1 gestational bin outlier analysis - excluded from complication-specific chi-squared testing.
2026-09-08 11:48:05,681 - INFO - Analyte N-(3-acetamidopropyl)pyrrolidin-2-one_POS was not included in 1 gestational bin outlier analysis - excluded from complication-specific chi-squared testing.
2026-09-08 11:48:05,686 - INFO - Analyte unk_p4365_POS_208.0392_RT2.59 was not included in 1 gestational bin outlier analysis - excluded from complication-specific chi-squared testing.
2026-09-08 11:48:05,691 - INFO - Analyte unk_p1267_POS_284.2065_RT8.69 was not included in 1 gestational bin outlier analysis - excluded from complication-specific chi-squared testing.
2026-09-08 11:48:05,725 - INFO - Analyte unk_p4505_POS_491.9183_RT1.35 was not included in 1 gestational bin outlier analysis - excluded from complication-specific chi-squared testing.
2026-09-08 11:48:05,761 - INFO - Analyte unk_p2005_POS_92.5221_RT1.52 was not included in 1 gestational bin outlier analysis - excluded from complication-specific chi-squared testing.
2026-09-08 11:48:05,766 - INFO - Analyte Glycerol 3-hydroxybutyrate_POS was not included in 1 gestational bin outlier analysis - excluded from complication-specific chi-squared testing.
2026-09-08 11:48:05,799 - INFO - Analyte 2-Amino-4-[(4-aminobutyl)amino]butanoic acid_POS was not included in 1 gestational bin outlier analysis - excluded from complication-specific chi-squared testing.
2026-09-08 11:48:05,804 - INFO - Analyte NP-020240_POS was not included in 1 gestational bin outlier analysis - excluded from complication-specific chi-squared testing.
2026-09-08 11:48:05,840 - INFO - Analyte ( Z)-6-benzylidene-3-hydroxymethyl-1,4-dimethyl-3-methylsulfanylpiperazine-2,5-dione_POS was not included in 1 gestational bin outlier analysis - excluded from complication-specific chi-squared testing.
2026-09-08 11:48:05,874 - INFO - Analyte 1,7-Diphenyl-4-hepten-3-one_POS was not included in 1 gestational bin outlier analysis - excluded from complication-specific chi-squared testing.
2026-09-08 11:48:05,910 - INFO - Analyte unk_n2397_NEG_699.3672_RT0.63 was not included in 1 gestational bin outlier analysis - excluded from complication-specific chi-squared testing.
2026-09-08 11:48:05,945 - INFO - Analyte Hydroxy bupropion_POS was not included in 1 gestational bin outlier analysis - excluded from complication-specific chi-squared testing.
2026-09-08 11:48:05,981 - INFO - Analyte [Similar to: Ethyl 3-hydroxy-5-methyl-6-oxo-1-phenyl-1,6-dihydropyrano[2,3-c]pyrazole-4-carboxylate; ΔMass: -46.0678 Da]_POS was not included in 1 gestational bin outlier analysis - excluded from complication-specific chi-squared testing.
2026-09-08 11:48:06,015 - INFO - Analyte Leukoaminochrome_POS was not included in 1 gestational bin outlier analysis - excluded from complication-specific chi-squared testing.
2026-09-08 11:48:06,049 - INFO - Analyte Acrylic acid_NEG was not included in 1 gestational bin outlier analysis - excluded from complication-specific chi-squared testing.
2026-09-08 11:48:06,056 - INFO - Analyte 1-Phenyl-1H-pyrazolo[3,4-d]pyrimidin-4-amine_POS was not included in 1 gestational bin outlier analysis - excluded from complication-specific chi-squared testing.
2026-09-08 11:48:06,091 - INFO - Analyte Bisoprolol_POS was not included in 1 gestational bin outlier analysis - excluded from complication-specific chi-squared testing.
2026-09-08 11:48:06,126 - INFO - Analyte N-methyl-4-nitrotryptophan_POS was not included in 1 gestational bin outlier analysis - excluded from complication-specific chi-squared testing.
2026-09-08 11:48:06,162 - INFO - Analyte Hydantoin-5-propionic acid_POS was not included in 1 gestational bin outlier analysis - excluded from complication-specific chi-squared testing.
2026-09-08 11:48:06,195 - INFO - Analyte Phosphate_POS was not included in 1 gestational bin outlier analysis - excluded from complication-specific chi-squared testing.
2026-09-08 11:48:06,212 - INFO - Analyte unk_n101_NEG_80.9748_RT3.00 was not included in 1 gestational bin outlier analysis - excluded from complication-specific chi-squared testing.
2026-09-08 11:48:06,247 - INFO - Analyte N-Desmethyltramadol_POS was not included in 1 gestational bin outlier analysis - excluded from complication-specific chi-squared testing.
2026-09-08 11:48:06,252 - INFO - Analyte (S)-3-[(Cyanophenylmethyl)amino]-3-oxopropanoic acid_NEG was not included in 1 gestational bin outlier analysis - excluded from complication-specific chi-squared testing.
2026-09-08 11:48:06,286 - INFO - Analyte alpha-Ketoisovaleric acid_NEG was not included in 1 gestational bin outlier analysis - excluded from complication-specific chi-squared testing.
2026-09-08 11:48:06,290 - INFO - Analyte D-Serine_POS was not included in 1 gestational bin outlier analysis - excluded from complication-specific chi-squared testing.
2026-09-08 11:48:06,464 - INFO - Analyte Metronidazole_POS was not included in 2 gestational bin outlier analysis - excluded from complication-specific chi-squared testing.
2026-09-08 11:48:06,503 - INFO - Analyte unk_n1621_NEG_289.0694_RT3.38 was not included in 2 gestational bin outlier analysis - excluded from complication-specific chi-squared testing.
2026-09-08 11:48:06,537 - INFO - Analyte L-Serine_NEG was not included in 2 gestational bin outlier analysis - excluded from complication-specific chi-squared testing.
2026-09-08 11:48:06,542 - INFO - Analyte Gaburedin B_POS was not included in 2 gestational bin outlier analysis - excluded from complication-specific chi-squared testing.
2026-09-08 11:48:06,578 - INFO - Analyte Creatine_POS was not included in 2 gestational bin outlier analysis - excluded from complication-specific chi-squared testing.
2026-09-08 11:48:06,612 - INFO - Analyte Hypocrellutin A_POS was not included in 2 gestational bin outlier analysis - excluded from complication-specific chi-squared testing.
2026-09-08 11:48:06,649 - INFO - Analyte NP-003117_POS was not included in 2 gestational bin outlier analysis - excluded from complication-specific chi-squared testing.
2026-09-08 11:48:06,683 - INFO - Analyte Acetylglycine_POS was not included in 2 gestational bin outlier analysis - excluded from complication-specific chi-squared testing.
2026-09-08 11:48:06,716 - INFO - Analyte HMBOA trihexose_POS was not included in 2 gestational bin outlier analysis - excluded from complication-specific chi-squared testing.
2026-09-08 11:48:06,788 - INFO - Analyte Gluconic acid_NEG was not included in 2 gestational bin outlier analysis - excluded from complication-specific chi-squared testing.
2026-09-08 11:48:06,823 - INFO - Analyte unk_n957_NEG_310.9309_RT1.68 was not included in 2 gestational bin outlier analysis - excluded from complication-specific chi-squared testing.
2026-09-08 11:48:06,858 - INFO - Analyte L(-)-Carnitine_POS was not included in 2 gestational bin outlier analysis - excluded from complication-specific chi-squared testing.
2026-09-08 11:48:06,863 - INFO - Analyte 3-hydroxy-1,5-diphenylpentan-1-one_POS was not included in 2 gestational bin outlier analysis - excluded from complication-specific chi-squared testing.
2026-09-08 11:48:06,896 - INFO - Analyte L-beta-aspartyl-L-alanine_POS was not included in 2 gestational bin outlier analysis - excluded from complication-specific chi-squared testing.
2026-09-08 11:48:06,901 - INFO - Analyte L-Cystine_POS was not included in 2 gestational bin outlier analysis - excluded from complication-specific chi-squared testing.
2026-09-08 11:48:06,934 - INFO - Analyte [Similar to: L-Threonic acid; ΔMass: 67.9747 Da]_NEG was not included in 2 gestational bin outlier analysis - excluded from complication-specific chi-squared testing.
2026-09-08 11:48:06,971 - INFO - Analyte Ornithine_POS was not included in 2 gestational bin outlier analysis - excluded from complication-specific chi-squared testing.
2026-09-08 11:48:07,004 - INFO - Analyte NP-022470_POS was not included in 2 gestational bin outlier analysis - excluded from complication-specific chi-squared testing.
2026-09-08 11:48:07,037 - INFO - Analyte Erythronic acid_NEG was not included in 2 gestational bin outlier analysis - excluded from complication-specific chi-squared testing.
2026-09-08 11:48:07,075 - INFO - Analyte 4-((4-(2-(6-((2R)-2-(2,4-Difluorophenyl)-1,1-difluoro-2-hydroxy-3-(1H-tetrazol-1-yl)propyl)-3-pyridinyl)ethynyl)phenoxy)methyl)benzonitrile_POS was not included in 2 gestational bin outlier analysis - excluded from complication-specific chi-squared testing.
2026-09-08 11:48:07,093 - INFO - Analyte Methylenediphosphonic acid_NEG was not included in 2 gestational bin outlier analysis - excluded from complication-specific chi-squared testing.
2026-09-08 11:48:07,128 - INFO - Analyte L-Histidine_NEG was not included in 2 gestational bin outlier analysis - excluded from complication-specific chi-squared testing.
2026-09-08 11:48:07,132 - INFO - Analyte [Similar to: N'2-(2,5-Dichlorophenyl)tetrahydrothiophene-2-carbohydrazide; ΔMass: 30.0109 Da]_NEG was not included in 2 gestational bin outlier analysis - excluded from complication-specific chi-squared testing.
2026-09-08 11:48:07,165 - INFO - Analyte Aspartyl-Histidine_NEG was not included in 2 gestational bin outlier analysis - excluded from complication-specific chi-squared testing.
2026-09-08 11:48:07,170 - INFO - Analyte Acetylhomoserine_POS was not included in 2 gestational bin outlier analysis - excluded from complication-specific chi-squared testing.
2026-09-08 11:48:07,175 - INFO - Analyte 2-Aminoacrylic acid_POS was not included in 2 gestational bin outlier analysis - excluded from complication-specific chi-squared testing.
2026-09-08 11:48:07,213 - INFO - Analyte 7-methyl-3-nitroimidazo[1,2-a]pyridine_POS was not included in 2 gestational bin outlier analysis - excluded from complication-specific chi-squared testing.
2026-09-08 11:48:07,248 - INFO - Analyte L-cis-3-Amino-2-pyrrolidinecarboxylic acid_POS was not included in 2 gestational bin outlier analysis - excluded from complication-specific chi-squared testing.
2026-09-08 11:48:07,253 - INFO - Analyte Tanomastat_NEG was not included in 2 gestational bin outlier analysis - excluded from complication-specific chi-squared testing.
2026-09-08 11:48:07,258 - INFO - Analyte 1-(2-Morpholinophenyl)dihydro-1H-pyrrole-2,5-dione_POS was not included in 2 gestational bin outlier analysis - excluded from complication-specific chi-squared testing.
2026-09-08 11:48:07,291 - INFO - Analyte NP-019722_POS was not included in 2 gestational bin outlier analysis - excluded from complication-specific chi-squared testing.
2026-09-08 11:48:07,325 - INFO - Analyte D-Glucose_NEG was not included in 2 gestational bin outlier analysis - excluded from complication-specific chi-squared testing.
2026-09-08 11:48:07,330 - INFO - Analyte 5,7-dimethyl-4-oxo-4H-chromene-3-carbonitrile_POS was not included in 2 gestational bin outlier analysis - excluded from complication-specific chi-squared testing.
2026-09-08 11:48:07,334 - INFO - Analyte (2R,3R,4R)-2-Amino-4-hydroxy-3-methylpentanoic acid_POS was not included in 2 gestational bin outlier analysis - excluded from complication-specific chi-squared testing.
2026-09-08 11:48:07,339 - INFO - Analyte Acetohydroxamic acid_POS was not included in 2 gestational bin outlier analysis - excluded from complication-specific chi-squared testing.
2026-09-08 11:48:07,373 - INFO - Analyte unk_n2682_NEG_388.8737_RT2.81 was not included in 2 gestational bin outlier analysis - excluded from complication-specific chi-squared testing.
2026-09-08 11:48:07,407 - INFO - Analyte (2-Ethylcrotonoyl)urea_POS was not included in 2 gestational bin outlier analysis - excluded from complication-specific chi-squared testing.
2026-09-08 11:48:07,412 - INFO - Analyte gamma-Glutamyl-beta-aminopropiononitrile_POS was not included in 2 gestational bin outlier analysis - excluded from complication-specific chi-squared testing.
2026-09-08 11:48:07,417 - INFO - Analyte (2S,4R)-4-Aminopyrrolidine-2-carboxylic acid_POS was not included in 2 gestational bin outlier analysis - excluded from complication-specific chi-squared testing.
2026-09-08 11:48:07,452 - INFO - Analyte Sedoheptulose_NEG was not included in 2 gestational bin outlier analysis - excluded from complication-specific chi-squared testing.
2026-09-08 11:48:07,457 - INFO - Analyte Pyrophosphate_NEG was not included in 2 gestational bin outlier analysis - excluded from complication-specific chi-squared testing.
2026-09-08 11:48:07,490 - INFO - Analyte thiol-maleimide_POS was not included in 2 gestational bin outlier analysis - excluded from complication-specific chi-squared testing.
2026-09-08 11:48:07,524 - INFO - Analyte L-Cysteinylglycine disulfide_POS was not included in 2 gestational bin outlier analysis - excluded from complication-specific chi-squared testing.
2026-09-08 11:48:07,528 - INFO - Analyte Succinic semialdehyde_NEG was not included in 2 gestational bin outlier analysis - excluded from complication-specific chi-squared testing.
2026-09-08 11:48:07,607 - INFO - Analyte unk_n682_NEG_345.0726_RT11.05 was not included in 2 gestational bin outlier analysis - excluded from complication-specific chi-squared testing.
2026-09-08 11:48:07,644 - INFO - Analyte 5-Methylquinoxaline_POS was not included in 2 gestational bin outlier analysis - excluded from complication-specific chi-squared testing.
2026-09-08 11:48:07,678 - INFO - Analyte Octadecanamine_POS was not included in 2 gestational bin outlier analysis - excluded from complication-specific chi-squared testing.
2026-09-08 11:48:07,715 - INFO - Analyte 6-Amino-5-chloropyrimidine-2,4(1H,3H)-dione_POS was not included in 2 gestational bin outlier analysis - excluded from complication-specific chi-squared testing.
2026-09-08 11:48:07,748 - INFO - Analyte 1,1,1,2,2,3,3,10,10,11,11,12,12,12-Tetradecafluoro-5,8-diiodododecane_NEG was not included in 2 gestational bin outlier analysis - excluded from complication-specific chi-squared testing.
2026-09-08 11:48:07,782 - INFO - Analyte Hydroxydehydro Nifedipine Carboxylate_POS was not included in 2 gestational bin outlier analysis - excluded from complication-specific chi-squared testing.
2026-09-08 11:48:07,818 - INFO - Analyte 3-Deoxy-D-glycero-D-galacto-2-nonulosonic acid_POS was not included in 2 gestational bin outlier analysis - excluded from complication-specific chi-squared testing.
2026-09-08 11:48:07,852 - INFO - Analyte unk_p985_POS_604.1398_RT9.66 was not included in 2 gestational bin outlier analysis - excluded from complication-specific chi-squared testing.
2026-09-08 11:48:07,888 - INFO - Analyte Choline_POS was not included in 2 gestational bin outlier analysis - excluded from complication-specific chi-squared testing.
2026-09-08 11:48:07,893 - INFO - Analyte Phenyl sulfoxide_POS was not included in 2 gestational bin outlier analysis - excluded from complication-specific chi-squared testing.
2026-09-08 11:48:07,927 - INFO - Analyte Pyroglutamylglycine_POS was not included in 2 gestational bin outlier analysis - excluded from complication-specific chi-squared testing.
2026-09-08 11:48:07,967 - INFO - Analyte Terephthalic acid_NEG was not included in 2 gestational bin outlier analysis - excluded from complication-specific chi-squared testing.
2026-09-08 11:48:07,973 - INFO - Analyte unk_p3495_POS_255.0950_RT7.91 was not included in 2 gestational bin outlier analysis - excluded from complication-specific chi-squared testing.
2026-09-08 11:48:08,016 - INFO - Analyte 1-Nitrohydroxyphenyl-N-benzoylalanine_POS was not included in 2 gestational bin outlier analysis - excluded from complication-specific chi-squared testing.
2026-09-08 11:48:08,052 - INFO - Analyte 2-Fluoro-6-(4-methoxyphenoxy)benzonitrile_POS was not included in 2 gestational bin outlier analysis - excluded from complication-specific chi-squared testing.
2026-09-08 11:48:08,088 - INFO - Analyte Satranidazole_POS was not included in 2 gestational bin outlier analysis - excluded from complication-specific chi-squared testing.
2026-09-08 11:48:08,126 - INFO - Analyte Oxepanone_POS was not included in 2 gestational bin outlier analysis - excluded from complication-specific chi-squared testing.
2026-09-08 11:48:08,128 - INFO - Analyte Beta-Aminopropionitrile_POS was not included in 2 gestational bin outlier analysis - excluded from complication-specific chi-squared testing.
2026-09-08 11:48:08,133 - INFO - Analyte Mycosporine hydroxyglutamicol_POS was not included in 2 gestational bin outlier analysis - excluded from complication-specific chi-squared testing.
2026-09-08 11:48:08,138 - INFO - Analyte L-3-Aminodihydro-2(3H)-furanone_POS was not included in 2 gestational bin outlier analysis - excluded from complication-specific chi-squared testing.
2026-09-08 11:48:08,173 - INFO - Analyte 1,3,11-Tridecatriene-5,7,9-triyne_POS was not included in 2 gestational bin outlier analysis - excluded from complication-specific chi-squared testing.
2026-09-08 11:48:08,212 - INFO - Analyte L-Cystine_NEG was not included in 2 gestational bin outlier analysis - excluded from complication-specific chi-squared testing.
2026-09-08 11:48:08,246 - INFO - Analyte N,N-Dimethyloctadecylamine_POS was not included in 2 gestational bin outlier analysis - excluded from complication-specific chi-squared testing.
2026-09-08 11:48:08,279 - INFO - Analyte Glycyl-Threonine_POS was not included in 2 gestational bin outlier analysis - excluded from complication-specific chi-squared testing.
2026-09-08 11:48:08,312 - INFO - Analyte Linustatin_POS was not included in 2 gestational bin outlier analysis - excluded from complication-specific chi-squared testing.
2026-09-08 11:48:08,317 - INFO - Analyte unk_n66_NEG_231.9315_RT9.69 was not included in 2 gestational bin outlier analysis - excluded from complication-specific chi-squared testing.
2026-09-08 11:48:08,352 - INFO - Analyte unk_p274_POS_223.0700_RT11.92 was not included in 2 gestational bin outlier analysis - excluded from complication-specific chi-squared testing.
2026-09-08 11:48:08,357 - INFO - Analyte 3-Hydroxybutyric acid_POS was not included in 2 gestational bin outlier analysis - excluded from complication-specific chi-squared testing.
2026-09-08 11:48:08,362 - INFO - Analyte L-Valine_NEG was not included in 2 gestational bin outlier analysis - excluded from complication-specific chi-squared testing.
2026-09-08 11:48:08,395 - INFO - Analyte Cladinose_POS was not included in 2 gestational bin outlier analysis - excluded from complication-specific chi-squared testing.
2026-09-08 11:48:08,400 - INFO - Analyte Creatinine_POS was not included in 2 gestational bin outlier analysis - excluded from complication-specific chi-squared testing.
2026-09-08 11:48:08,433 - INFO - Analyte 1-(4-Methoxyphenyl)piperazine_POS was not included in 2 gestational bin outlier analysis - excluded from complication-specific chi-squared testing.
2026-09-08 11:48:08,438 - INFO - Analyte Dacarbazine_POS was not included in 2 gestational bin outlier analysis - excluded from complication-specific chi-squared testing.
2026-09-08 11:48:08,482 - INFO - Analyte DL-Lysine_POS was not included in 2 gestational bin outlier analysis - excluded from complication-specific chi-squared testing.
2026-09-08 11:48:08,520 - INFO - Analyte Erythrohydrobupropion_POS was not included in 2 gestational bin outlier analysis - excluded from complication-specific chi-squared testing.
2026-09-08 11:48:08,555 - INFO - Analyte unk_n2474_NEG_100.9608_RT0.32 was not included in 2 gestational bin outlier analysis - excluded from complication-specific chi-squared testing.
2026-09-08 11:48:08,588 - INFO - Analyte 2-Methylbutyrylglycine_POS was not included in 2 gestational bin outlier analysis - excluded from complication-specific chi-squared testing.
2026-09-08 11:48:08,623 - INFO - Analyte 2,5-Diisothiocyanatobenzenesulfonate_POS was not included in 2 gestational bin outlier analysis - excluded from complication-specific chi-squared testing.
2026-09-08 11:48:08,657 - INFO - Analyte N'1-[4-amino-6-(tert-butyl)-1,3,5-triazin-2-yl]-2-(trifluoromethyl)benzene-1-sulfonohydrazide_POS was not included in 2 gestational bin outlier analysis - excluded from complication-specific chi-squared testing.
2026-09-08 11:48:08,661 - INFO - Analyte unk_n1043_NEG_462.0691_RT9.61 was not included in 2 gestational bin outlier analysis - excluded from complication-specific chi-squared testing.
2026-09-08 11:48:08,697 - INFO - Analyte D3-Alanine_POS was not included in 2 gestational bin outlier analysis - excluded from complication-specific chi-squared testing.
2026-09-08 11:48:08,732 - INFO - Analyte Cimaterol_POS was not included in 2 gestational bin outlier analysis - excluded from complication-specific chi-squared testing.
2026-09-08 11:48:08,767 - INFO - Analyte 6-(4-Chlorophenoxy)pyridine-3-carbothioamide_NEG was not included in 2 gestational bin outlier analysis - excluded from complication-specific chi-squared testing.
2026-09-08 11:48:08,772 - INFO - Analyte Dihydrothymine_POS was not included in 2 gestational bin outlier analysis - excluded from complication-specific chi-squared testing.
2026-09-08 11:48:08,777 - INFO - Analyte Adipamide_POS was not included in 2 gestational bin outlier analysis - excluded from complication-specific chi-squared testing.
2026-09-08 11:48:08,811 - INFO - Analyte (9E)-10-nitrooctadecenoic Acid_POS was not included in 2 gestational bin outlier analysis - excluded from complication-specific chi-squared testing.
2026-09-08 11:48:08,813 - INFO - Analyte 4-Hydroxybenzotriazole_POS was not included in 2 gestational bin outlier analysis - excluded from complication-specific chi-squared testing.
2026-09-08 11:48:08,830 - INFO - Analyte L-(+)-Citrulline_POS was not included in 2 gestational bin outlier analysis - excluded from complication-specific chi-squared testing.
2026-09-08 11:48:08,835 - INFO - Analyte DL-Lactic Acid_NEG was not included in 2 gestational bin outlier analysis - excluded from complication-specific chi-squared testing.
2026-09-08 11:48:08,869 - INFO - Analyte Pipecolic acid_POS was not included in 2 gestational bin outlier analysis - excluded from complication-specific chi-squared testing.
2026-09-08 11:48:08,904 - INFO - Analyte unk_n454_NEG_525.3312_RT11.94 was not included in 2 gestational bin outlier analysis - excluded from complication-specific chi-squared testing.
2026-09-08 11:48:08,937 - INFO - Analyte α-Lactose_NEG was not included in 2 gestational bin outlier analysis - excluded from complication-specific chi-squared testing.
2026-09-08 11:48:08,970 - INFO - Analyte N-Ethylacetamide_POS was not included in 2 gestational bin outlier analysis - excluded from complication-specific chi-squared testing.
2026-09-08 11:48:09,006 - INFO - Analyte L-Kynurenine_POS was not included in 2 gestational bin outlier analysis - excluded from complication-specific chi-squared testing.
2026-09-08 11:48:09,039 - INFO - Analyte Gluconolactone_POS was not included in 2 gestational bin outlier analysis - excluded from complication-specific chi-squared testing.
2026-09-08 11:48:09,074 - INFO - Analyte unk_p2069_POS_481.8174_RT6.05 was not included in 2 gestational bin outlier analysis - excluded from complication-specific chi-squared testing.
2026-09-08 11:48:09,109 - INFO - Analyte δ-Valerolactam_POS was not included in 2 gestational bin outlier analysis - excluded from complication-specific chi-squared testing.
2026-09-08 11:48:09,142 - INFO - Analyte unk_p5301_POS_446.2959_RT11.78 was not included in 2 gestational bin outlier analysis - excluded from complication-specific chi-squared testing.
2026-09-08 11:48:09,175 - INFO - Analyte 3-hydroxyoctanoyl carnitine_POS was not included in 2 gestational bin outlier analysis - excluded from complication-specific chi-squared testing.
2026-09-08 11:48:09,180 - INFO - Analyte N-gamma-Glutamylglutamine_POS was not included in 2 gestational bin outlier analysis - excluded from complication-specific chi-squared testing.
2026-09-08 11:48:09,214 - INFO - Analyte 6,7-dihydroxy-4,5,6,7-tetrahydroindole-4-one_NEG was not included in 2 gestational bin outlier analysis - excluded from complication-specific chi-squared testing.
2026-09-08 11:48:09,219 - INFO - Analyte L-Histidine_POS was not included in 2 gestational bin outlier analysis - excluded from complication-specific chi-squared testing.
2026-09-08 11:48:09,294 - INFO - Analyte Isobutyric acid_POS was not included in 2 gestational bin outlier analysis - excluded from complication-specific chi-squared testing.
2026-09-08 11:48:09,328 - INFO - Analyte L-2,4-Diaminobutyric acid_POS was not included in 2 gestational bin outlier analysis - excluded from complication-specific chi-squared testing.
2026-09-08 11:48:09,361 - INFO - Analyte unk_p1853_POS_166.9430_RT3.23 was not included in 2 gestational bin outlier analysis - excluded from complication-specific chi-squared testing.
2026-09-08 11:48:09,366 - INFO - Analyte apo-[3-methylcrotonoyl-CoA:carbon-dioxide ligase (ADP-forming)]_POS was not included in 2 gestational bin outlier analysis - excluded from complication-specific chi-squared testing.
2026-09-08 11:48:09,400 - INFO - Analyte Ethyl N2-acetyl-L-argininate_POS was not included in 2 gestational bin outlier analysis - excluded from complication-specific chi-squared testing.
2026-09-08 11:48:09,434 - INFO - Analyte Megazol_POS was not included in 2 gestational bin outlier analysis - excluded from complication-specific chi-squared testing.
2026-09-08 11:48:09,440 - INFO - Analyte D-Raffinose_POS was not included in 2 gestational bin outlier analysis - excluded from complication-specific chi-squared testing.
2026-09-08 11:48:09,476 - INFO - Analyte 2-[Bis-(2-hydroxy-ethyl)-amino]-2-hydroxymethyl-propane-1,3-diol_POS was not included in 2 gestational bin outlier analysis - excluded from complication-specific chi-squared testing.
2026-09-08 11:48:09,481 - INFO - Analyte Barbital_POS was not included in 2 gestational bin outlier analysis - excluded from complication-specific chi-squared testing.
2026-09-08 11:48:09,514 - INFO - Analyte 4-Acetamidobutanoic acid_POS was not included in 2 gestational bin outlier analysis - excluded from complication-specific chi-squared testing.
2026-09-08 11:48:09,547 - INFO - Analyte 4-(3,4-dimethylphenyl)-1-thia-4-azaspiro[4.5]decan-3-one_POS was not included in 2 gestational bin outlier analysis - excluded from complication-specific chi-squared testing.
2026-09-08 11:48:09,552 - INFO - Analyte N'-Formylkynurenine_POS was not included in 2 gestational bin outlier analysis - excluded from complication-specific chi-squared testing.
2026-09-08 11:48:09,558 - INFO - Analyte 4-Hydroxy-2-butenoic acid gamma-lactone_POS was not included in 2 gestational bin outlier analysis - excluded from complication-specific chi-squared testing.
2026-09-08 11:48:09,564 - INFO - Analyte gamma-Butyrolactone_NEG was not included in 2 gestational bin outlier analysis - excluded from complication-specific chi-squared testing.
2026-09-08 11:48:09,598 - INFO - Analyte Hypoxanthine_POS was not included in 2 gestational bin outlier analysis - excluded from complication-specific chi-squared testing.
2026-09-08 11:48:09,601 - INFO - Analyte unk_n386_NEG_255.8221_RT3.67 was not included in 2 gestational bin outlier analysis - excluded from complication-specific chi-squared testing.
2026-09-08 11:48:09,636 - INFO - Analyte unk_p2168_POS_231.8783_RT3.23 was not included in 2 gestational bin outlier analysis - excluded from complication-specific chi-squared testing.
2026-09-08 11:48:09,669 - INFO - Analyte Isobutyrylglycine_POS was not included in 2 gestational bin outlier analysis - excluded from complication-specific chi-squared testing.
2026-09-08 11:48:09,703 - INFO - Analyte Norepinephrine sulfate_POS was not included in 2 gestational bin outlier analysis - excluded from complication-specific chi-squared testing.
2026-09-08 11:48:09,737 - INFO - Analyte unk_p3339_POS_300.4097_RT0.75 was not included in 2 gestational bin outlier analysis - excluded from complication-specific chi-squared testing.
2026-09-08 11:48:09,770 - INFO - Analyte Didecyldimethylammonium_POS was not included in 2 gestational bin outlier analysis - excluded from complication-specific chi-squared testing.
2026-09-08 11:48:09,775 - INFO - Analyte Pantothenic acid_POS was not included in 2 gestational bin outlier analysis - excluded from complication-specific chi-squared testing.
2026-09-08 11:48:09,780 - INFO - Analyte NP-022451_POS was not included in 2 gestational bin outlier analysis - excluded from complication-specific chi-squared testing.
2026-09-08 11:48:09,782 - INFO - Analyte unk_p302_POS_81.5205_RT1.95 was not included in 2 gestational bin outlier analysis - excluded from complication-specific chi-squared testing.
2026-09-08 11:48:09,816 - INFO - Analyte 3-Oxalomalic acid_POS was not included in 2 gestational bin outlier analysis - excluded from complication-specific chi-squared testing.
2026-09-08 11:48:09,849 - INFO - Analyte cis-Acetylacrylate_NEG was not included in 2 gestational bin outlier analysis - excluded from complication-specific chi-squared testing.
2026-09-08 11:48:09,884 - INFO - Analyte (2R)-2,3-Dihydroxypropanoic acid_NEG was not included in 2 gestational bin outlier analysis - excluded from complication-specific chi-squared testing.
2026-09-08 11:48:09,889 - INFO - Analyte 2-Aminoisobutyric acid_POS was not included in 2 gestational bin outlier analysis - excluded from complication-specific chi-squared testing.
2026-09-08 11:48:09,923 - INFO - Analyte Leucylproline_POS was not included in 2 gestational bin outlier analysis - excluded from complication-specific chi-squared testing.
2026-09-08 11:48:09,959 - INFO - Analyte (+-)-trans-3-Methyl norfentanyl_POS was not included in 2 gestational bin outlier analysis - excluded from complication-specific chi-squared testing.
2026-09-08 11:48:09,993 - INFO - Analyte Ethephon_POS was not included in 2 gestational bin outlier analysis - excluded from complication-specific chi-squared testing.
2026-09-08 11:48:10,011 - INFO - Analyte unk_p93_POS_90.5258_RT0.76 was not included in 2 gestational bin outlier analysis - excluded from complication-specific chi-squared testing.
2026-09-08 11:48:10,088 - INFO - Analyte unk_p3799_POS_338.1166_RT7.62 was not included in 2 gestational bin outlier analysis - excluded from complication-specific chi-squared testing.
2026-09-08 11:48:10,121 - INFO - Analyte Xylariamide_POS was not included in 2 gestational bin outlier analysis - excluded from complication-specific chi-squared testing.
2026-09-08 11:48:10,156 - INFO - Analyte 4-Nitrophenyl beta-D-xyloside_POS was not included in 2 gestational bin outlier analysis - excluded from complication-specific chi-squared testing.
2026-09-08 11:48:10,161 - INFO - Analyte unk_p1541_POS_276.0038_RT4.14 was not included in 2 gestational bin outlier analysis - excluded from complication-specific chi-squared testing.
2026-09-08 11:48:10,166 - INFO - Analyte L-Isoleucine_POS was not included in 2 gestational bin outlier analysis - excluded from complication-specific chi-squared testing.
2026-09-08 11:48:10,199 - INFO - Analyte 3-Methylcrotonylglycine_POS was not included in 2 gestational bin outlier analysis - excluded from complication-specific chi-squared testing.
2026-09-08 11:48:10,234 - INFO - Analyte 3-Hydroxymepivacaine_POS was not included in 2 gestational bin outlier analysis - excluded from complication-specific chi-squared testing.
2026-09-08 11:48:10,270 - INFO - Analyte L-Erythrulose_NEG was not included in 2 gestational bin outlier analysis - excluded from complication-specific chi-squared testing.
2026-09-08 11:48:10,304 - INFO - Analyte methyl 2-(acetylamino)-4-amino-4-oxobutanoate_POS was not included in 2 gestational bin outlier analysis - excluded from complication-specific chi-squared testing.
2026-09-08 11:48:10,337 - INFO - Analyte Methoxyphenamine_POS was not included in 2 gestational bin outlier analysis - excluded from complication-specific chi-squared testing.
2026-09-08 11:48:10,341 - INFO - Analyte L-Threonine_POS was not included in 2 gestational bin outlier analysis - excluded from complication-specific chi-squared testing.
2026-09-08 11:48:10,374 - INFO - Analyte Doxylamine_POS was not included in 2 gestational bin outlier analysis - excluded from complication-specific chi-squared testing.
2026-09-08 11:48:10,379 - INFO - Analyte Taurine_NEG was not included in 2 gestational bin outlier analysis - excluded from complication-specific chi-squared testing.
2026-09-08 11:48:10,413 - INFO - Analyte unk_n441_NEG_525.3312_RT11.15 was not included in 2 gestational bin outlier analysis - excluded from complication-specific chi-squared testing.
2026-09-08 11:48:10,447 - INFO - Analyte unk_n529_NEG_197.8077_RT8.34 was not included in 2 gestational bin outlier analysis - excluded from complication-specific chi-squared testing.
2026-09-08 11:48:10,481 - INFO - Analyte beta-Alanine_POS was not included in 2 gestational bin outlier analysis - excluded from complication-specific chi-squared testing.
2026-09-08 11:48:10,514 - INFO - Analyte unk_p2702_POS_497.9977_RT1.05 was not included in 2 gestational bin outlier analysis - excluded from complication-specific chi-squared testing.
2026-09-08 11:48:10,547 - INFO - Analyte Ropivacaine_POS was not included in 2 gestational bin outlier analysis - excluded from complication-specific chi-squared testing.
2026-09-08 11:48:10,580 - INFO - Analyte TRIETHYLENE GLYCOL_POS was not included in 2 gestational bin outlier analysis - excluded from complication-specific chi-squared testing.
2026-09-08 11:48:10,613 - INFO - Analyte (±)-2-Propylthiazolidine_POS was not included in 2 gestational bin outlier analysis - excluded from complication-specific chi-squared testing.
2026-09-08 11:48:10,646 - INFO - Analyte [Similar to: Threonine; ΔMass: 83.9612 Da]_NEG was not included in 2 gestational bin outlier analysis - excluded from complication-specific chi-squared testing.
2026-09-08 11:48:10,651 - INFO - Analyte NP-015114_POS was not included in 2 gestational bin outlier analysis - excluded from complication-specific chi-squared testing.
2026-09-08 11:48:10,684 - INFO - Analyte unk_n915_NEG_102.9566_RT5.57 was not included in 2 gestational bin outlier analysis - excluded from complication-specific chi-squared testing.
2026-09-08 11:48:10,689 - INFO - Analyte Caprylic acid_POS was not included in 2 gestational bin outlier analysis - excluded from complication-specific chi-squared testing.
2026-09-08 11:48:10,722 - INFO - Analyte O-Desmethyl-lacosamide_POS was not included in 2 gestational bin outlier analysis - excluded from complication-specific chi-squared testing.
2026-09-08 11:48:10,727 - INFO - Analyte [3-amino-5-(methylsulfanyl)-4-(2-pyridinyl)-1H-pyrazol-1-yl](2-thienyl)methanone_POS was not included in 2 gestational bin outlier analysis - excluded from complication-specific chi-squared testing.
2026-09-08 11:48:10,763 - INFO - Analyte V-Pyrro/NO_POS was not included in 2 gestational bin outlier analysis - excluded from complication-specific chi-squared testing.
2026-09-08 11:48:10,768 - INFO - Analyte D-1,5-Anhydrofructose_NEG was not included in 2 gestational bin outlier analysis - excluded from complication-specific chi-squared testing.
2026-09-08 11:48:10,802 - INFO - Analyte unk_n3447_NEG_458.9835_RT1.44 was not included in 2 gestational bin outlier analysis - excluded from complication-specific chi-squared testing.
2026-09-08 11:48:10,836 - INFO - Analyte Cysteine-S-sulfate_NEG was not included in 2 gestational bin outlier analysis - excluded from complication-specific chi-squared testing.
2026-09-08 11:48:10,869 - INFO - Analyte unk_p4571_POS_347.8494_RT2.42 was not included in 2 gestational bin outlier analysis - excluded from complication-specific chi-squared testing.
2026-09-08 11:48:10,903 - INFO - Analyte Cysteineglutathione disulfide_POS was not included in 2 gestational bin outlier analysis - excluded from complication-specific chi-squared testing.
2026-09-08 11:48:10,979 - INFO - Analyte unk_p3493_POS_276.1361_RT4.66 was not included in 2 gestational bin outlier analysis - excluded from complication-specific chi-squared testing.
2026-09-08 11:48:10,984 - INFO - Analyte 3-Methylheptanoylcarnitine_POS was not included in 2 gestational bin outlier analysis - excluded from complication-specific chi-squared testing.
2026-09-08 11:48:11,018 - INFO - Analyte PEG n5_POS was not included in 2 gestational bin outlier analysis - excluded from complication-specific chi-squared testing.
2026-09-08 11:48:11,023 - INFO - Analyte D-Glycero-D-galacto-heptitol_NEG was not included in 2 gestational bin outlier analysis - excluded from complication-specific chi-squared testing.
2026-09-08 11:48:11,056 - INFO - Analyte 2-Hydroxy-4-oxopentanoic acid_NEG was not included in 2 gestational bin outlier analysis - excluded from complication-specific chi-squared testing.
2026-09-08 11:48:11,061 - INFO - Analyte 3-Hydroxymethylglutaric acid_POS was not included in 2 gestational bin outlier analysis - excluded from complication-specific chi-squared testing.
2026-09-08 11:48:11,066 - INFO - Analyte Furodazole_NEG was not included in 2 gestational bin outlier analysis - excluded from complication-specific chi-squared testing.
2026-09-08 11:48:11,071 - INFO - Analyte Creatine_NEG was not included in 2 gestational bin outlier analysis - excluded from complication-specific chi-squared testing.
2026-09-08 11:48:11,104 - INFO - Analyte unk_p1992_POS_481.8173_RT5.48 was not included in 2 gestational bin outlier analysis - excluded from complication-specific chi-squared testing.
2026-09-08 11:48:11,137 - INFO - Analyte N-cyclooctylurea_POS was not included in 2 gestational bin outlier analysis - excluded from complication-specific chi-squared testing.
2026-09-08 11:48:11,154 - INFO - Analyte unk_p21_POS_226.9514_RT0.64 was not included in 2 gestational bin outlier analysis - excluded from complication-specific chi-squared testing.
2026-09-08 11:48:11,191 - INFO - Analyte (R)-Salsolinol_POS was not included in 2 gestational bin outlier analysis - excluded from complication-specific chi-squared testing.
2026-09-08 11:48:11,224 - INFO - Analyte Desmethylcitalopram_POS was not included in 2 gestational bin outlier analysis - excluded from complication-specific chi-squared testing.
2026-09-08 11:48:11,258 - INFO - Analyte unk_n694_NEG_267.8479_RT4.64 was not included in 2 gestational bin outlier analysis - excluded from complication-specific chi-squared testing.
2026-09-08 11:48:11,262 - INFO - Analyte (2S)-4-(2-Aminophenyl)-2-formamido-4-oxobutanoic acid_POS was not included in 2 gestational bin outlier analysis - excluded from complication-specific chi-squared testing.
2026-09-08 11:48:11,267 - INFO - Analyte Squamolone_POS was not included in 2 gestational bin outlier analysis - excluded from complication-specific chi-squared testing.
2026-09-08 11:48:11,272 - INFO - Analyte 2-Imidazolidone_POS was not included in 2 gestational bin outlier analysis - excluded from complication-specific chi-squared testing.
2026-09-08 11:48:11,305 - INFO - Analyte Azetidomonamide A_POS was not included in 2 gestational bin outlier analysis - excluded from complication-specific chi-squared testing.
2026-09-08 11:48:11,310 - INFO - Analyte D-threo-isocitrate_NEG was not included in 2 gestational bin outlier analysis - excluded from complication-specific chi-squared testing.
2026-09-08 11:48:11,342 - INFO - Analyte unk_p2059_POS_179.0847_RT6.26 was not included in 2 gestational bin outlier analysis - excluded from complication-specific chi-squared testing.
2026-09-08 11:48:11,375 - INFO - Analyte (2S,3R)-3-Hydroxy-2-methylbutanoic acid_POS was not included in 2 gestational bin outlier analysis - excluded from complication-specific chi-squared testing.
2026-09-08 11:48:11,410 - INFO - Analyte Acetyl-L-carnitine_POS was not included in 2 gestational bin outlier analysis - excluded from complication-specific chi-squared testing.
2026-09-08 11:48:11,415 - INFO - Analyte D-(-)-Glutamine_NEG was not included in 2 gestational bin outlier analysis - excluded from complication-specific chi-squared testing.
2026-09-08 11:48:11,448 - INFO - Analyte unk_p1337_POS_490.8173_RT11.18 was not included in 2 gestational bin outlier analysis - excluded from complication-specific chi-squared testing.
2026-09-08 11:48:11,481 - INFO - Analyte N,N-dimethyl-N-(3-perfluoroalkylsulfonamidopropan-1-yl)-N-(3-sulfopropan-1-yl)ammonium;N-sulfo propyl dimethyl ammonio propyl perfluoroethane sulfonamide;N-sulfo propyl dimethyl ammonio propyl perfluoroethane sulfonamide;perfluoroethane sulfonamido betaine propyl sulfonate_POS was not included in 2 gestational bin outlier analysis - excluded from complication-specific chi-squared testing.
2026-09-08 11:48:11,514 - INFO - Analyte (x)-2-Heptanol glucoside_POS was not included in 2 gestational bin outlier analysis - excluded from complication-specific chi-squared testing.
2026-09-08 11:48:11,547 - INFO - Analyte Succinic acid semialdehyde_NEG was not included in 2 gestational bin outlier analysis - excluded from complication-specific chi-squared testing.
2026-09-08 11:48:11,552 - INFO - Analyte D-(+)-Glucose_POS was not included in 2 gestational bin outlier analysis - excluded from complication-specific chi-squared testing.
2026-09-08 11:48:11,585 - INFO - Analyte Diethylaminoethyl-Sephacel_POS was not included in 2 gestational bin outlier analysis - excluded from complication-specific chi-squared testing.
2026-09-08 11:48:11,591 - INFO - Analyte L-Glutamic acid_POS was not included in 2 gestational bin outlier analysis - excluded from complication-specific chi-squared testing.
2026-09-08 11:48:11,624 - INFO - Analyte Penicillamine disulfide_POS was not included in 2 gestational bin outlier analysis - excluded from complication-specific chi-squared testing.
2026-09-08 11:48:11,629 - INFO - Analyte [Similar to: Asparagine; ΔMass: 67.9873 Da]_NEG was not included in 2 gestational bin outlier analysis - excluded from complication-specific chi-squared testing.
2026-09-08 11:48:11,634 - INFO - Analyte 6-Chloro-2,3,4,5-tetrahydro-1H-3-benzazepine_NEG was not included in 2 gestational bin outlier analysis - excluded from complication-specific chi-squared testing.
2026-09-08 11:48:11,667 - INFO - Analyte Validoxylamine G_POS was not included in 2 gestational bin outlier analysis - excluded from complication-specific chi-squared testing.
2026-09-08 11:48:11,672 - INFO - Analyte Threonine_NEG was not included in 2 gestational bin outlier analysis - excluded from complication-specific chi-squared testing.
2026-09-08 11:48:11,704 - INFO - Analyte O-Desmethyl-cis-tramadol_POS was not included in 2 gestational bin outlier analysis - excluded from complication-specific chi-squared testing.
2026-09-08 11:48:11,737 - INFO - Analyte N,N-Didesmethylvenlafaxine_POS was not included in 2 gestational bin outlier analysis - excluded from complication-specific chi-squared testing.
2026-09-08 11:48:11,815 - INFO - Analyte 3-[(4-Chlorophenyl)thio]-6-(3,5-dimethyl-1H-pyrazol-1-yl)pyridazine_POS was not included in 2 gestational bin outlier analysis - excluded from complication-specific chi-squared testing.
2026-09-08 11:48:11,849 - INFO - Analyte Aladapcin_POS was not included in 2 gestational bin outlier analysis - excluded from complication-specific chi-squared testing.
2026-09-08 11:48:11,854 - INFO - Analyte Acetylcholine_POS was not included in 2 gestational bin outlier analysis - excluded from complication-specific chi-squared testing.
2026-09-08 11:48:11,887 - INFO - Analyte Cocaine_POS was not included in 2 gestational bin outlier analysis - excluded from complication-specific chi-squared testing.
2026-09-08 11:48:11,923 - INFO - Analyte (2R*,3R*)-1,2,3-Butanetriol_POS was not included in 2 gestational bin outlier analysis - excluded from complication-specific chi-squared testing.
2026-09-08 11:48:11,956 - INFO - Analyte Tranexamic Acid_POS was not included in 2 gestational bin outlier analysis - excluded from complication-specific chi-squared testing.
2026-09-08 11:48:11,989 - INFO - Analyte Citalopram hydrobromide_POS was not included in 2 gestational bin outlier analysis - excluded from complication-specific chi-squared testing.
2026-09-08 11:48:12,023 - INFO - Analyte Crotonic acid_POS was not included in 2 gestational bin outlier analysis - excluded from complication-specific chi-squared testing.
2026-09-08 11:48:12,039 - INFO - Analyte unk_n104_NEG_197.8080_RT4.23 was not included in 2 gestational bin outlier analysis - excluded from complication-specific chi-squared testing.
2026-09-08 11:48:12,075 - INFO - Analyte [Similar to: N1-(2-methyl-4-nitrophenyl)acetamide; ΔMass: -46.1009 Da]_NEG was not included in 2 gestational bin outlier analysis - excluded from complication-specific chi-squared testing.
2026-09-08 11:48:12,080 - INFO - Analyte 2-(2-Thienylmethylene)-1,6-dioxaspiro[4.4]non-3-ene_POS was not included in 2 gestational bin outlier analysis - excluded from complication-specific chi-squared testing.
2026-09-08 11:48:12,113 - INFO - Analyte unk_p755_POS_173.0783_RT3.49 was not included in 2 gestational bin outlier analysis - excluded from complication-specific chi-squared testing.
2026-09-08 11:48:12,146 - INFO - Analyte Vaccenyl carnitine_POS was not included in 2 gestational bin outlier analysis - excluded from complication-specific chi-squared testing.
2026-09-08 11:48:12,179 - INFO - Analyte Glycylproline_POS was not included in 2 gestational bin outlier analysis - excluded from complication-specific chi-squared testing.
2026-09-08 11:48:12,212 - INFO - Analyte 2-Oxopropyl 2-oxopropanoate_NEG was not included in 2 gestational bin outlier analysis - excluded from complication-specific chi-squared testing.
2026-09-08 11:48:12,229 - INFO - Analyte methadone-d9_NEG was not included in 2 gestational bin outlier analysis - excluded from complication-specific chi-squared testing.
2026-09-08 11:48:12,262 - INFO - Analyte 2-(methylthio)-4-(3-pyridyl)pyrimidine_POS was not included in 2 gestational bin outlier analysis - excluded from complication-specific chi-squared testing.
2026-09-08 11:48:12,266 - INFO - Analyte unk_p4117_POS_730.1590_RT4.67 was not included in 2 gestational bin outlier analysis - excluded from complication-specific chi-squared testing.
2026-09-08 11:48:12,271 - INFO - Analyte Butyrylcarnitine_POS was not included in 2 gestational bin outlier analysis - excluded from complication-specific chi-squared testing.
2026-09-08 11:48:12,304 - INFO - Analyte Triisobutyl phosphate_POS was not included in 2 gestational bin outlier analysis - excluded from complication-specific chi-squared testing.
2026-09-08 11:48:12,340 - INFO - Analyte 1-Methoxy-1H-indole-3-acetonitrile_POS was not included in 2 gestational bin outlier analysis - excluded from complication-specific chi-squared testing.
2026-09-08 11:48:12,373 - INFO - Analyte (5R)-5-Hydroxyhexanoic acid_POS was not included in 2 gestational bin outlier analysis - excluded from complication-specific chi-squared testing.
2026-09-08 11:48:12,378 - INFO - Analyte [Similar to: L-Threonic acid; ΔMass: 112.0010 Da]_NEG was not included in 2 gestational bin outlier analysis - excluded from complication-specific chi-squared testing.
2026-09-08 11:48:12,414 - INFO - Analyte unk_p2205_POS_101.0790_RT2.80 was not included in 2 gestational bin outlier analysis - excluded from complication-specific chi-squared testing.
2026-09-08 11:48:12,448 - INFO - Analyte Diaminopimelic acid_POS was not included in 2 gestational bin outlier analysis - excluded from complication-specific chi-squared testing.
2026-09-08 11:48:12,481 - INFO - Analyte N-Methyl-4-nitroaniline_POS was not included in 2 gestational bin outlier analysis - excluded from complication-specific chi-squared testing.
2026-09-08 11:48:12,514 - INFO - Analyte unk_n219_NEG_116.9285_RT11.96 was not included in 2 gestational bin outlier analysis - excluded from complication-specific chi-squared testing.
2026-09-08 11:48:12,594 - INFO - Analyte 1,2,2-trifluoro-2-(trifluoromethoxy)ethan-1-ol;Hydrogen-substituted perfluoroether butanol_NEG was not included in 2 gestational bin outlier analysis - excluded from complication-specific chi-squared testing.
2026-09-08 11:48:12,628 - INFO - Analyte Octylphosphonic acid_POS was not included in 2 gestational bin outlier analysis - excluded from complication-specific chi-squared testing.
2026-09-08 11:48:12,661 - INFO - Analyte Morpholine_POS was not included in 2 gestational bin outlier analysis - excluded from complication-specific chi-squared testing.
2026-09-08 11:48:12,666 - INFO - Analyte Valine_POS was not included in 2 gestational bin outlier analysis - excluded from complication-specific chi-squared testing.
2026-09-08 11:48:12,699 - INFO - Analyte 4-Oxoproline_NEG was not included in 2 gestational bin outlier analysis - excluded from complication-specific chi-squared testing.
2026-09-08 11:48:12,734 - INFO - Analyte unk_p3907_POS_370.0736_RT5.90 was not included in 2 gestational bin outlier analysis - excluded from complication-specific chi-squared testing.
2026-09-08 11:48:12,770 - INFO - Analyte N-acetyl zonisamide_POS was not included in 2 gestational bin outlier analysis - excluded from complication-specific chi-squared testing.
2026-09-08 11:48:12,775 - INFO - Analyte 4-Hydroxyproline_NEG was not included in 2 gestational bin outlier analysis - excluded from complication-specific chi-squared testing.
2026-09-08 11:48:12,810 - INFO - Analyte unk_p1789_POS_481.8174_RT8.05 was not included in 2 gestational bin outlier analysis - excluded from complication-specific chi-squared testing.
2026-09-08 11:48:12,844 - INFO - Analyte N-(1,3-benzodioxol-5-yl)-2-methyl-5-(piperidinosulfonyl)-3-furamide_POS was not included in 2 gestational bin outlier analysis - excluded from complication-specific chi-squared testing.
2026-09-08 11:48:12,878 - INFO - Analyte NP-022068_POS was not included in 2 gestational bin outlier analysis - excluded from complication-specific chi-squared testing.
2026-09-08 11:48:12,912 - INFO - Analyte unk_n683_NEG_226.9274_RT2.46 was not included in 2 gestational bin outlier analysis - excluded from complication-specific chi-squared testing.
2026-09-08 11:48:12,946 - INFO - Analyte [Similar to: 2-{[(2R,3R,4S,5S,6R)-4,5-dihydroxy-6-(hydroxymethyl)-3-{[(2S,3R,4R,5R,6S)-3,4,5-trihydroxy-6-methyloxan-2-yl]oxy}oxan-2-yl]oxy}-2-(4-hydroxyphenyl)acetonitrile; ΔMass: -157.9643 Da]_POS was not included in 2 gestational bin outlier analysis - excluded from complication-specific chi-squared testing.
2026-09-08 11:48:12,983 - INFO - Analyte 3-Hydroxymonoethylglycinexylidide_POS was not included in 2 gestational bin outlier analysis - excluded from complication-specific chi-squared testing.
2026-09-08 11:48:13,003 - INFO - Analyte 2-Aminothiazole_POS was not included in 2 gestational bin outlier analysis - excluded from complication-specific chi-squared testing.
2026-09-08 11:48:13,008 - INFO - Analyte Pyrrolidine_POS was not included in 2 gestational bin outlier analysis - excluded from complication-specific chi-squared testing.
2026-09-08 11:48:13,041 - INFO - Analyte unk_p1714_POS_174.9566_RT3.15 was not included in 2 gestational bin outlier analysis - excluded from complication-specific chi-squared testing.
2026-09-08 11:48:13,074 - INFO - Analyte Bicine_NEG was not included in 2 gestational bin outlier analysis - excluded from complication-specific chi-squared testing.
2026-09-08 11:48:13,110 - INFO - Analyte bk-MDDMA_POS was not included in 2 gestational bin outlier analysis - excluded from complication-specific chi-squared testing.
2026-09-08 11:48:13,143 - INFO - Analyte unk_n43_NEG_231.9316_RT9.38 was not included in 2 gestational bin outlier analysis - excluded from complication-specific chi-squared testing.
2026-09-08 11:48:13,148 - INFO - Analyte (S)-(+)-2-Amino-1-propanol_POS was not included in 2 gestational bin outlier analysis - excluded from complication-specific chi-squared testing.
2026-09-08 11:48:13,181 - INFO - Analyte Ritodrine_POS was not included in 2 gestational bin outlier analysis - excluded from complication-specific chi-squared testing.
2026-09-08 11:48:13,218 - INFO - Analyte Allyl 2-(1H-benzimidazol-2-yl)-2-cyano-N-phenylethanimidothioate_POS was not included in 2 gestational bin outlier analysis - excluded from complication-specific chi-squared testing.
2026-09-08 11:48:13,251 - INFO - Analyte Pseudoecgonine_POS was not included in 2 gestational bin outlier analysis - excluded from complication-specific chi-squared testing.
2026-09-08 11:48:13,254 - INFO - Analyte Proline_POS was not included in 2 gestational bin outlier analysis - excluded from complication-specific chi-squared testing.
2026-09-08 11:48:13,287 - INFO - Analyte unk_p4135_POS_461.8025_RT1.59 was not included in 2 gestational bin outlier analysis - excluded from complication-specific chi-squared testing.
2026-09-08 11:48:13,291 - INFO - Analyte unk_p2327_POS_272.1338_RT2.37 was not included in 2 gestational bin outlier analysis - excluded from complication-specific chi-squared testing.
2026-09-08 11:48:13,324 - INFO - Analyte NP-020535_POS was not included in 2 gestational bin outlier analysis - excluded from complication-specific chi-squared testing.
2026-09-08 11:48:13,358 - INFO - Analyte 5-nitrothiazol-2-amine_POS was not included in 2 gestational bin outlier analysis - excluded from complication-specific chi-squared testing.
2026-09-08 11:48:13,390 - INFO - Analyte unk_p4977_POS_430.3673_RT0.76 was not included in 2 gestational bin outlier analysis - excluded from complication-specific chi-squared testing.
2026-09-08 11:48:13,425 - INFO - Analyte unk_p1632_POS_663.4347_RT12.76 was not included in 2 gestational bin outlier analysis - excluded from complication-specific chi-squared testing.
2026-09-08 11:48:13,507 - INFO - Analyte 3-Hydroxybupivicaine_POS was not included in 2 gestational bin outlier analysis - excluded from complication-specific chi-squared testing.
2026-09-08 11:48:13,514 - INFO - Analyte unk_n9_NEG_273.9896_RT11.04 was not included in 2 gestational bin outlier analysis - excluded from complication-specific chi-squared testing.
2026-09-08 11:48:13,519 - INFO - Analyte 3-hydroxy-3-methylpentanedioic acid_POS was not included in 2 gestational bin outlier analysis - excluded from complication-specific chi-squared testing.
2026-09-08 11:48:13,553 - INFO - Analyte 2-Methyl-3-ketovaleric acid_POS was not included in 2 gestational bin outlier analysis - excluded from complication-specific chi-squared testing.
2026-09-08 11:48:13,589 - INFO - Analyte (4E)-3-Hydroxy-2,4-dimethyl-4-heptenamide_POS was not included in 2 gestational bin outlier analysis - excluded from complication-specific chi-squared testing.
2026-09-08 11:48:13,625 - INFO - Analyte Lamotrigine_POS was not included in 2 gestational bin outlier analysis - excluded from complication-specific chi-squared testing.
2026-09-08 11:48:13,658 - INFO - Analyte Xestoaminol C_POS was not included in 2 gestational bin outlier analysis - excluded from complication-specific chi-squared testing.
2026-09-08 11:48:13,693 - INFO - Analyte Acycloguanosine_NEG was not included in 2 gestational bin outlier analysis - excluded from complication-specific chi-squared testing.
2026-09-08 11:48:13,711 - INFO - Analyte unk_n75_NEG_197.8079_RT5.38 was not included in 2 gestational bin outlier analysis - excluded from complication-specific chi-squared testing.
2026-09-08 11:48:13,745 - INFO - Analyte Mevalonic acid_POS was not included in 2 gestational bin outlier analysis - excluded from complication-specific chi-squared testing.
2026-09-08 11:48:13,782 - INFO - Analyte Lorbamate_POS was not included in 2 gestational bin outlier analysis - excluded from complication-specific chi-squared testing.
2026-09-08 11:48:13,815 - INFO - Analyte 2-Furanmethanol_POS was not included in 2 gestational bin outlier analysis - excluded from complication-specific chi-squared testing.
2026-09-08 11:48:13,848 - INFO - Analyte Guanidoacetic acid_POS was not included in 2 gestational bin outlier analysis - excluded from complication-specific chi-squared testing.
2026-09-08 11:48:13,884 - INFO - Analyte Acetazolamide_NEG was not included in 2 gestational bin outlier analysis - excluded from complication-specific chi-squared testing.
2026-09-08 11:48:13,920 - INFO - Analyte unk_n834_NEG_333.1415_RT9.64 was not included in 2 gestational bin outlier analysis - excluded from complication-specific chi-squared testing.
2026-09-08 11:48:13,955 - INFO - Analyte D-(+)-Maltose_NEG was not included in 2 gestational bin outlier analysis - excluded from complication-specific chi-squared testing.
2026-09-08 11:48:13,988 - INFO - Analyte 4-Thialysine_POS was not included in 2 gestational bin outlier analysis - excluded from complication-specific chi-squared testing.
2026-09-08 11:48:13,993 - INFO - Analyte unk_p2623_POS_506.2075_RT7.31 was not included in 2 gestational bin outlier analysis - excluded from complication-specific chi-squared testing.
2026-09-08 11:48:14,026 - INFO - Analyte unk_n11_NEG_273.9895_RT10.40 was not included in 2 gestational bin outlier analysis - excluded from complication-specific chi-squared testing.
2026-09-08 11:48:14,062 - INFO - Analyte L-beta-aspartyl-L-glycine_POS was not included in 2 gestational bin outlier analysis - excluded from complication-specific chi-squared testing.
2026-09-08 11:48:14,099 - INFO - Analyte unk_p4598_POS_370.0734_RT6.62 was not included in 2 gestational bin outlier analysis - excluded from complication-specific chi-squared testing.
2026-09-08 11:48:14,134 - INFO - Analyte unk_p4657_POS_382.3426_RT11.09 was not included in 2 gestational bin outlier analysis - excluded from complication-specific chi-squared testing.
2026-09-08 11:48:14,167 - INFO - Analyte 5-Nitro-o-toluidine_POS was not included in 2 gestational bin outlier analysis - excluded from complication-specific chi-squared testing.
2026-09-08 11:48:14,200 - INFO - Analyte Xylactam_POS was not included in 2 gestational bin outlier analysis - excluded from complication-specific chi-squared testing.
2026-09-08 11:48:14,236 - INFO - Analyte unk_p1333_POS_99.5122_RT7.62 was not included in 2 gestational bin outlier analysis - excluded from complication-specific chi-squared testing.
2026-09-08 11:48:14,241 - INFO - Analyte 7-(2-thienyl)[1,2,4]triazolo[4,3-a]pyrimidine_POS was not included in 2 gestational bin outlier analysis - excluded from complication-specific chi-squared testing.
2026-09-08 11:48:14,246 - INFO - Analyte cis-Acetylacrylate_POS was not included in 2 gestational bin outlier analysis - excluded from complication-specific chi-squared testing.
2026-09-08 11:48:14,251 - INFO - Analyte Ecgonine_POS was not included in 2 gestational bin outlier analysis - excluded from complication-specific chi-squared testing.
2026-09-08 11:48:14,284 - INFO - Analyte PEG n12_POS was not included in 2 gestational bin outlier analysis - excluded from complication-specific chi-squared testing.
2026-09-08 11:48:14,289 - INFO - Analyte 2-Furancarboxaldehyde_NEG was not included in 2 gestational bin outlier analysis - excluded from complication-specific chi-squared testing.
2026-09-08 11:48:14,325 - INFO - Analyte L-Aspartic acid_POS was not included in 2 gestational bin outlier analysis - excluded from complication-specific chi-squared testing.
2026-09-08 11:48:14,359 - INFO - Analyte Homocitrulline_POS was not included in 2 gestational bin outlier analysis - excluded from complication-specific chi-squared testing.
2026-09-08 11:48:14,442 - INFO - Analyte unk_p8_POS_178.0903_RT10.06 was not included in 2 gestational bin outlier analysis - excluded from complication-specific chi-squared testing.
2026-09-08 11:48:14,480 - INFO - Analyte Methadone_POS was not included in 2 gestational bin outlier analysis - excluded from complication-specific chi-squared testing.
2026-09-08 11:48:14,517 - INFO - Analyte unk_p2870_POS_426.3213_RT12.12 was not included in 2 gestational bin outlier analysis - excluded from complication-specific chi-squared testing.
2026-09-08 11:48:14,551 - INFO - Analyte Methamphetamine_POS was not included in 2 gestational bin outlier analysis - excluded from complication-specific chi-squared testing.
2026-09-08 11:48:14,584 - INFO - Analyte Propylenediamine tetra-acetic acid_POS was not included in 2 gestational bin outlier analysis - excluded from complication-specific chi-squared testing.
2026-09-08 11:48:14,620 - INFO - Analyte 3-(2-methylpropyl)-octahydropyrrolo[1,2-a]pyrazine-1,4-dione_POS was not included in 2 gestational bin outlier analysis - excluded from complication-specific chi-squared testing.
2026-09-08 11:48:14,654 - INFO - Analyte Venlafaxine N-Oxide_POS was not included in 2 gestational bin outlier analysis - excluded from complication-specific chi-squared testing.
2026-09-08 11:48:14,688 - INFO - Analyte 1,1-Dichloroacetone_POS was not included in 2 gestational bin outlier analysis - excluded from complication-specific chi-squared testing.
2026-09-08 11:48:14,723 - INFO - Analyte unk_p1255_POS_297.9856_RT8.42 was not included in 2 gestational bin outlier analysis - excluded from complication-specific chi-squared testing.
2026-09-08 11:48:14,728 - INFO - Analyte (2S,3R,4S,5R,6R)-6-Ethyloxane-2,3,4,5-tetrol_POS was not included in 2 gestational bin outlier analysis - excluded from complication-specific chi-squared testing.
2026-09-08 11:48:14,733 - INFO - Analyte Phenyl sulfoxide_NEG was not included in 2 gestational bin outlier analysis - excluded from complication-specific chi-squared testing.
2026-09-08 11:48:14,751 - INFO - Analyte [Similar to: L-Threonic acid; ΔMass: 67.9873 Da]_NEG was not included in 2 gestational bin outlier analysis - excluded from complication-specific chi-squared testing.
2026-09-08 11:48:14,784 - INFO - Analyte Alanylserine_POS was not included in 2 gestational bin outlier analysis - excluded from complication-specific chi-squared testing.
2026-09-08 11:48:14,817 - INFO - Analyte D3-Creatinine_POS was not included in 2 gestational bin outlier analysis - excluded from complication-specific chi-squared testing.
2026-09-08 11:48:14,849 - INFO - Analyte 2-(4-chlorophenoxy)pyridin-3-amine_POS was not included in 2 gestational bin outlier analysis - excluded from complication-specific chi-squared testing.
2026-09-08 11:48:14,854 - INFO - Analyte L-Lysine_POS was not included in 2 gestational bin outlier analysis - excluded from complication-specific chi-squared testing.
2026-09-08 11:48:14,887 - INFO - Analyte Epinephrine_POS was not included in 2 gestational bin outlier analysis - excluded from complication-specific chi-squared testing.
2026-09-08 11:48:14,922 - INFO - Analyte unk_p4438_POS_454.2431_RT9.53 was not included in 2 gestational bin outlier analysis - excluded from complication-specific chi-squared testing.
2026-09-08 11:48:14,956 - INFO - Analyte unk_n449_NEG_525.3312_RT11.55 was not included in 2 gestational bin outlier analysis - excluded from complication-specific chi-squared testing.
2026-09-08 11:48:14,961 - INFO - Analyte unk_n2989_NEG_778.2049_RT9.66 was not included in 2 gestational bin outlier analysis - excluded from complication-specific chi-squared testing.
2026-09-08 11:48:14,994 - INFO - Analyte Hydroxymethyl hydrogen carbonate_NEG was not included in 2 gestational bin outlier analysis - excluded from complication-specific chi-squared testing.
2026-09-08 11:48:15,028 - INFO - Analyte 5S,6S-epoxy-15R-hydroxy-ETE_POS was not included in 2 gestational bin outlier analysis - excluded from complication-specific chi-squared testing.
2026-09-08 11:48:15,061 - INFO - Analyte Cefalexin_POS was not included in 2 gestational bin outlier analysis - excluded from complication-specific chi-squared testing.
2026-09-08 11:48:15,066 - INFO - Analyte unk_p256_POS_223.0700_RT11.18 was not included in 2 gestational bin outlier analysis - excluded from complication-specific chi-squared testing.
2026-09-08 11:48:15,084 - INFO - Analyte Citrulline_NEG was not included in 2 gestational bin outlier analysis - excluded from complication-specific chi-squared testing.
2026-09-08 11:48:15,118 - INFO - Analyte Nadolol_POS was not included in 2 gestational bin outlier analysis - excluded from complication-specific chi-squared testing.
2026-09-08 11:48:15,152 - INFO - Analyte Bupropion hydrochloride_POS was not included in 2 gestational bin outlier analysis - excluded from complication-specific chi-squared testing.
2026-09-08 11:48:15,186 - INFO - Analyte unk_p480_POS_242.9825_RT7.37 was not included in 2 gestational bin outlier analysis - excluded from complication-specific chi-squared testing.
2026-09-08 11:48:15,270 - INFO - Analyte N6-Me-Adenosine_POS was not included in 2 gestational bin outlier analysis - excluded from complication-specific chi-squared testing.
2026-09-08 11:48:15,275 - INFO - Analyte Anthranilic acid_POS was not included in 2 gestational bin outlier analysis - excluded from complication-specific chi-squared testing.
2026-09-08 11:48:15,311 - INFO - Analyte 2-Pyridylacetic acid_POS was not included in 2 gestational bin outlier analysis - excluded from complication-specific chi-squared testing.
2026-09-08 11:48:15,345 - INFO - Analyte 2-Aminobicyclo[3.1.0]hexane-2,6-dicarboxylic acid_POS was not included in 2 gestational bin outlier analysis - excluded from complication-specific chi-squared testing.
2026-09-08 11:48:15,350 - INFO - Analyte Clopidol_POS was not included in 2 gestational bin outlier analysis - excluded from complication-specific chi-squared testing.
2026-09-08 11:48:15,355 - INFO - Analyte Asparagine_NEG was not included in 2 gestational bin outlier analysis - excluded from complication-specific chi-squared testing.
2026-09-08 11:48:15,360 - INFO - Analyte Pyrogallol_POS was not included in 2 gestational bin outlier analysis - excluded from complication-specific chi-squared testing.
2026-09-08 11:48:15,365 - INFO - Analyte N-{[(2R,4S,5R)-5-(1-Methyl-3-phenyl-1H-pyrazol-5-yl)-1-azabicyclo[2.2.2]oct-2-yl]methyl}methanesulfonamide_POS was not included in 2 gestational bin outlier analysis - excluded from complication-specific chi-squared testing.
2026-09-08 11:48:15,399 - INFO - Analyte unk_p1961_POS_481.8174_RT7.74 was not included in 2 gestational bin outlier analysis - excluded from complication-specific chi-squared testing.
2026-09-08 11:48:15,434 - INFO - Analyte Dihydrothymine_NEG was not included in 2 gestational bin outlier analysis - excluded from complication-specific chi-squared testing.
2026-09-08 11:48:15,469 - INFO - Analyte Metronidazole-OH_POS was not included in 2 gestational bin outlier analysis - excluded from complication-specific chi-squared testing.
2026-09-08 11:48:15,502 - INFO - Analyte L-Aspartic acid_NEG was not included in 2 gestational bin outlier analysis - excluded from complication-specific chi-squared testing.
2026-09-08 11:48:15,507 - INFO - Analyte 6-(1,2,3,4-Tetrahydroxybutyl)oxane-2,3,4,5-tetrol_NEG was not included in 2 gestational bin outlier analysis - excluded from complication-specific chi-squared testing.
2026-09-08 11:48:15,523 - INFO - Analyte N-Acetyl-DL-tryptophan_POS was not included in 2 gestational bin outlier analysis - excluded from complication-specific chi-squared testing.
2026-09-08 11:48:15,556 - INFO - Analyte unk_n3153_NEG_237.9734_RT2.13 was not included in 2 gestational bin outlier analysis - excluded from complication-specific chi-squared testing.
2026-09-08 11:48:15,592 - INFO - Analyte Acycloguanosine_POS was not included in 2 gestational bin outlier analysis - excluded from complication-specific chi-squared testing.
2026-09-08 11:48:15,625 - INFO - Analyte 2-(2,6-dimethoxyphenyl)-5,6-dimethoxy-4H-chromen-4-one_POS was not included in 2 gestational bin outlier analysis - excluded from complication-specific chi-squared testing.
2026-09-08 11:48:15,642 - INFO - Analyte Allopurinol_NEG was not included in 2 gestational bin outlier analysis - excluded from complication-specific chi-squared testing.
2026-09-08 11:48:15,647 - INFO - Analyte 5-Aminolevulinic acid_POS was not included in 2 gestational bin outlier analysis - excluded from complication-specific chi-squared testing.
2026-09-08 11:48:15,683 - INFO - Analyte [Similar to: DL-Arginine; ΔMass: 180.0636 Da]_NEG was not included in 2 gestational bin outlier analysis - excluded from complication-specific chi-squared testing.
2026-09-08 11:48:15,688 - INFO - Analyte Aspartame_POS was not included in 2 gestational bin outlier analysis - excluded from complication-specific chi-squared testing.
2026-09-08 11:48:15,693 - INFO - Analyte 2-Furancarboxaldehyde_POS was not included in 2 gestational bin outlier analysis - excluded from complication-specific chi-squared testing.
2026-09-08 11:48:15,726 - INFO - Analyte Methoxsalen_POS was not included in 2 gestational bin outlier analysis - excluded from complication-specific chi-squared testing.
2026-09-08 11:48:15,731 - INFO - Analyte Phosphate_NEG was not included in 2 gestational bin outlier analysis - excluded from complication-specific chi-squared testing.
2026-09-08 11:48:15,764 - INFO - Analyte D-(+)-Glucose_NEG was not included in 2 gestational bin outlier analysis - excluded from complication-specific chi-squared testing.
2026-09-08 11:48:15,797 - INFO - Analyte unk_n146_NEG_228.9939_RT11.62 was not included in 2 gestational bin outlier analysis - excluded from complication-specific chi-squared testing.
2026-09-08 11:48:15,802 - INFO - Analyte L-Pyroglutamic acid_POS was not included in 2 gestational bin outlier analysis - excluded from complication-specific chi-squared testing.
2026-09-08 11:48:15,836 - INFO - Analyte tetrahomomethionine_POS was not included in 2 gestational bin outlier analysis - excluded from complication-specific chi-squared testing.
2026-09-08 11:48:15,841 - INFO - Analyte Cyclopentylamine_POS was not included in 2 gestational bin outlier analysis - excluded from complication-specific chi-squared testing.
2026-09-08 11:48:15,875 - INFO - Analyte N-(2-Hydroxypropyl)valine_POS was not included in 2 gestational bin outlier analysis - excluded from complication-specific chi-squared testing.
2026-09-08 11:48:15,908 - INFO - Analyte tert-Butyl N-[1-(aminocarbonyl)-3-methylbutyl]carbamate_POS was not included in 2 gestational bin outlier analysis - excluded from complication-specific chi-squared testing.
2026-09-08 11:48:15,942 - INFO - Analyte α-Lactose_POS was not included in 2 gestational bin outlier analysis - excluded from complication-specific chi-squared testing.
2026-09-08 11:48:15,975 - INFO - Analyte 1-(2-Furylmethyl)-5-oxopyrrolidine-3-carboxylic acid_NEG was not included in 2 gestational bin outlier analysis - excluded from complication-specific chi-squared testing.
2026-09-08 11:48:16,009 - INFO - Analyte 2-(Methylsulfonyl)pyridine_POS was not included in 2 gestational bin outlier analysis - excluded from complication-specific chi-squared testing.
2026-09-08 11:48:16,042 - INFO - Analyte 6-Hydroxy-1H-indole-3-acetamide_POS was not included in 2 gestational bin outlier analysis - excluded from complication-specific chi-squared testing.
2026-09-08 11:48:16,078 - INFO - Analyte unk_p2701_POS_497.9975_RT1.19 was not included in 2 gestational bin outlier analysis - excluded from complication-specific chi-squared testing.
2026-09-08 11:48:16,111 - INFO - Analyte O-Desmethylvenlafaxine_POS was not included in 2 gestational bin outlier analysis - excluded from complication-specific chi-squared testing.
2026-09-08 11:48:16,210 - INFO - Analyte 4-Pyridoxic acid_POS was not included in 2 gestational bin outlier analysis - excluded from complication-specific chi-squared testing.
2026-09-08 11:48:16,246 - INFO - Analyte N-Acetyl-L-carnosine_POS was not included in 2 gestational bin outlier analysis - excluded from complication-specific chi-squared testing.
2026-09-08 11:48:16,282 - INFO - Analyte unk_p557_POS_445.8151_RT12.73 was not included in 2 gestational bin outlier analysis - excluded from complication-specific chi-squared testing.
2026-09-08 11:48:16,318 - INFO - Analyte unk_p223_POS_111.0200_RT9.05 was not included in 2 gestational bin outlier analysis - excluded from complication-specific chi-squared testing.
2026-09-08 11:48:16,354 - INFO - Analyte Ethylenediaminetetraacetic acid (EDTA)_POS was not included in 2 gestational bin outlier analysis - excluded from complication-specific chi-squared testing.
2026-09-08 11:48:16,388 - INFO - Analyte unk_p5266_POS_459.2620_RT11.62 was not included in 2 gestational bin outlier analysis - excluded from complication-specific chi-squared testing.
2026-09-08 11:48:16,423 - INFO - Analyte 4'-Chloro-α-pyrrolidinopropiophenone_POS was not included in 2 gestational bin outlier analysis - excluded from complication-specific chi-squared testing.
2026-09-08 11:48:16,458 - INFO - Analyte Bis(cyano-kappaC)iron_POS was not included in 2 gestational bin outlier analysis - excluded from complication-specific chi-squared testing.
2026-09-08 11:48:16,492 - INFO - Analyte 1-Hydroxybenzotriazol_POS was not included in 2 gestational bin outlier analysis - excluded from complication-specific chi-squared testing.
2026-09-08 11:48:16,528 - INFO - Analyte Ornithine_NEG was not included in 2 gestational bin outlier analysis - excluded from complication-specific chi-squared testing.
2026-09-08 11:48:16,533 - INFO - Analyte DL-Arginine_POS was not included in 2 gestational bin outlier analysis - excluded from complication-specific chi-squared testing.
2026-09-08 11:48:16,567 - INFO - Analyte N-(5-Methyl-3-oxohexyl)alanine_POS was not included in 2 gestational bin outlier analysis - excluded from complication-specific chi-squared testing.
2026-09-08 11:48:16,600 - INFO - Analyte 4-Amino-2-pyrazin-2-ylpyrimidine-5-carbonitrile_POS was not included in 2 gestational bin outlier analysis - excluded from complication-specific chi-squared testing.
2026-09-08 11:48:16,635 - INFO - Analyte unk_p1254_POS_83.5357_RT0.57 was not included in 2 gestational bin outlier analysis - excluded from complication-specific chi-squared testing.
2026-09-08 11:48:16,669 - INFO - Analyte 3-(dimethylamino)-1-(2-pyridyl)prop-2-en-1-one_POS was not included in 2 gestational bin outlier analysis - excluded from complication-specific chi-squared testing.
2026-09-08 11:48:16,706 - INFO - Analyte Benzoylecgonine_POS was not included in 2 gestational bin outlier analysis - excluded from complication-specific chi-squared testing.
2026-09-08 11:48:16,711 - INFO - Analyte Suberic acid_POS was not included in 2 gestational bin outlier analysis - excluded from complication-specific chi-squared testing.
2026-09-08 11:48:16,716 - INFO - Analyte N,N'-Diphenylguanidine_POS was not included in 2 gestational bin outlier analysis - excluded from complication-specific chi-squared testing.
2026-09-08 11:48:16,750 - INFO - Analyte Leucylphenylalanine_POS was not included in 2 gestational bin outlier analysis - excluded from complication-specific chi-squared testing.
2026-09-08 11:48:16,754 - INFO - Analyte Atenolol acid_POS was not included in 2 gestational bin outlier analysis - excluded from complication-specific chi-squared testing.
2026-09-08 11:48:16,759 - INFO - Analyte Diisopropylphosphate_NEG was not included in 2 gestational bin outlier analysis - excluded from complication-specific chi-squared testing.
2026-09-08 11:48:16,794 - INFO - Analyte 4:2 fluorotelomer thia hydroxy propyl trimethyl ammonium;4:2 fluorotelomer thia hydroxy propyl trimethyl ammonium;fluorotelomer thiohydroxyl ammonium (Backe, D'Agostino, Meija-Avedano), X:2 fluorotelomer thioether 2-propanol trimethyl quaternary amine_POS was not included in 2 gestational bin outlier analysis - excluded from complication-specific chi-squared testing.
2026-09-08 11:48:16,801 - INFO - Analyte Caprolactam_POS was not included in 2 gestational bin outlier analysis - excluded from complication-specific chi-squared testing.
2026-09-08 11:48:16,842 - INFO - Analyte Bis(diaminomethylideneamino) butanedioate_POS was not included in 2 gestational bin outlier analysis - excluded from complication-specific chi-squared testing.
2026-09-08 11:48:16,878 - INFO - Analyte unk_p1141_POS_297.9856_RT8.76 was not included in 2 gestational bin outlier analysis - excluded from complication-specific chi-squared testing.
2026-09-08 11:48:16,883 - INFO - Analyte acutumidine_POS was not included in 2 gestational bin outlier analysis - excluded from complication-specific chi-squared testing.
2026-09-08 11:48:16,919 - INFO - Analyte unk_n189_NEG_228.9940_RT11.33 was not included in 2 gestational bin outlier analysis - excluded from complication-specific chi-squared testing.
2026-09-08 11:48:16,924 - INFO - Analyte 1-(Hydroxymethyl)-5,5-dimethyl-2,4-imidazolidinedione_POS was not included in 2 gestational bin outlier analysis - excluded from complication-specific chi-squared testing.
2026-09-08 11:48:16,928 - INFO - Analyte D-(-)-Ribose_NEG was not included in 2 gestational bin outlier analysis - excluded from complication-specific chi-squared testing.
2026-09-08 11:48:16,933 - INFO - Analyte Acetone hydrazone_POS was not included in 2 gestational bin outlier analysis - excluded from complication-specific chi-squared testing.
2026-09-08 11:48:16,970 - INFO - Analyte 1-[2-(2,5-Dimethyl-1H-pyrrol-1-yl)-4-nitrophenyl]-4-(methylsulfonyl)piperazine_POS was not included in 2 gestational bin outlier analysis - excluded from complication-specific chi-squared testing.
2026-09-08 11:48:17,006 - INFO - Analyte Soboliferamide_POS was not included in 2 gestational bin outlier analysis - excluded from complication-specific chi-squared testing.
2026-09-08 11:48:17,040 - INFO - Analyte 3-Hydroxysebacic acid_POS was not included in 2 gestational bin outlier analysis - excluded from complication-specific chi-squared testing.
2026-09-08 11:48:17,076 - INFO - Analyte D-Alanyl-D-alanine_POS was not included in 2 gestational bin outlier analysis - excluded from complication-specific chi-squared testing.
2026-09-08 11:48:17,110 - INFO - Analyte Medazepam_POS was not included in 2 gestational bin outlier analysis - excluded from complication-specific chi-squared testing.
2026-09-08 11:48:17,143 - INFO - Analyte Oxalic acid_NEG was not included in 2 gestational bin outlier analysis - excluded from complication-specific chi-squared testing.
2026-09-08 11:48:17,148 - INFO - Analyte 4-(3-Methyl-1-butenyl)-3,3',4',5-tetrahydroxystilbene_NEG was not included in 2 gestational bin outlier analysis - excluded from complication-specific chi-squared testing.
2026-09-08 11:48:17,181 - INFO - Analyte unk_n2029_NEG_102.9567_RT8.75 was not included in 2 gestational bin outlier analysis - excluded from complication-specific chi-squared testing.
2026-09-08 11:48:17,215 - INFO - Analyte [Similar to: Amphomycin; ΔMass: -1091.5889 Da]_POS was not included in 2 gestational bin outlier analysis - excluded from complication-specific chi-squared testing.
2026-09-08 11:48:17,250 - INFO - Analyte Glucosamine_POS was not included in 2 gestational bin outlier analysis - excluded from complication-specific chi-squared testing.
2026-09-08 11:48:17,255 - INFO - Analyte D-(-)-Lyxose_NEG was not included in 2 gestational bin outlier analysis - excluded from complication-specific chi-squared testing.
2026-09-08 11:48:17,288 - INFO - Analyte unk_p92_POS_90.5258_RT1.29 was not included in 2 gestational bin outlier analysis - excluded from complication-specific chi-squared testing.
2026-09-08 11:48:17,322 - INFO - Analyte 2-Hydroxyglutaric acid diethyl ester_POS was not included in 2 gestational bin outlier analysis - excluded from complication-specific chi-squared testing.
2026-09-08 11:48:17,395 - INFO - Analyte Tetraethylene glycol_POS was not included in 2 gestational bin outlier analysis - excluded from complication-specific chi-squared testing.
2026-09-08 11:48:17,428 - INFO - Analyte SK&F 91581_POS was not included in 2 gestational bin outlier analysis - excluded from complication-specific chi-squared testing.
2026-09-08 11:48:17,465 - INFO - Analyte unk_n158_NEG_215.8684_RT7.97 was not included in 2 gestational bin outlier analysis - excluded from complication-specific chi-squared testing.
2026-09-08 11:48:17,498 - INFO - Analyte Glutaminylglutamine_POS was not included in 2 gestational bin outlier analysis - excluded from complication-specific chi-squared testing.
2026-09-08 11:48:17,531 - INFO - Analyte unk_p2967_POS_272.1702_RT7.57 was not included in 2 gestational bin outlier analysis - excluded from complication-specific chi-squared testing.
2026-09-08 11:48:17,536 - INFO - Analyte 3-Hydroxyadipic acid 3,6-lactone_POS was not included in 2 gestational bin outlier analysis - excluded from complication-specific chi-squared testing.
2026-09-08 11:48:17,569 - INFO - Analyte dihomomethionine_POS was not included in 2 gestational bin outlier analysis - excluded from complication-specific chi-squared testing.
2026-09-08 11:48:17,602 - INFO - Analyte Pyruvic acid_NEG was not included in 2 gestational bin outlier analysis - excluded from complication-specific chi-squared testing.
2026-09-08 11:48:17,635 - INFO - Analyte unk_p800_POS_91.5045_RT9.41 was not included in 2 gestational bin outlier analysis - excluded from complication-specific chi-squared testing.
2026-09-08 11:48:17,670 - INFO - Analyte [Similar to: NP-004031; ΔMass: -416.3678 Da]_NEG was not included in 2 gestational bin outlier analysis - excluded from complication-specific chi-squared testing.
2026-09-08 11:48:17,703 - INFO - Analyte Norfentanyl_POS was not included in 2 gestational bin outlier analysis - excluded from complication-specific chi-squared testing.
2026-09-08 11:48:17,736 - INFO - Analyte 2-Methylbutyroylcarnitine_POS was not included in 2 gestational bin outlier analysis - excluded from complication-specific chi-squared testing.
2026-09-08 11:48:17,741 - INFO - Analyte 2-Hydroxy-3-methylpentanoic acid_POS was not included in 2 gestational bin outlier analysis - excluded from complication-specific chi-squared testing.
2026-09-08 11:48:17,746 - INFO - Analyte Glycyl-Glutamate_POS was not included in 2 gestational bin outlier analysis - excluded from complication-specific chi-squared testing.
2026-09-08 11:48:17,751 - INFO - Analyte 3-Deoxyglucosone_NEG was not included in 2 gestational bin outlier analysis - excluded from complication-specific chi-squared testing.
2026-09-08 11:48:17,784 - INFO - Analyte unk_p826_POS_235.9612_RT4.24 was not included in 2 gestational bin outlier analysis - excluded from complication-specific chi-squared testing.
2026-09-08 11:48:17,816 - INFO - Analyte unk_n2411_NEG_319.0083_RT2.93 was not included in 2 gestational bin outlier analysis - excluded from complication-specific chi-squared testing.
2026-09-08 11:48:17,851 - INFO - Analyte unk_n2019_NEG_382.1452_RT12.08 was not included in 2 gestational bin outlier analysis - excluded from complication-specific chi-squared testing.
2026-09-08 11:48:17,884 - INFO - Analyte 2-Amino-5-isopentyl-6-methylpyrimidin-4-ol_POS was not included in 2 gestational bin outlier analysis - excluded from complication-specific chi-squared testing.
2026-09-08 11:48:17,921 - INFO - Analyte Propyliodone_POS was not included in 2 gestational bin outlier analysis - excluded from complication-specific chi-squared testing.
2026-09-08 11:48:17,961 - INFO - Analyte 4-Azaspiro[bicyclo[2.2.2]octane-2,2'-[1,4]oxazolidine]-5'-one_POS was not included in 2 gestational bin outlier analysis - excluded from complication-specific chi-squared testing.
2026-09-08 11:48:17,995 - INFO - Analyte H2-D-erythro-Neopterin 2',3'-cyclic phosphate_POS was not included in 2 gestational bin outlier analysis - excluded from complication-specific chi-squared testing.
2026-09-08 11:48:18,028 - INFO - Analyte 2,2'-Anhydrocytidine_POS was not included in 2 gestational bin outlier analysis - excluded from complication-specific chi-squared testing.
2026-09-08 11:48:18,033 - INFO - Analyte (2S,8R)-2-Amino-8-hydroxydecanoic acid_POS was not included in 2 gestational bin outlier analysis - excluded from complication-specific chi-squared testing.
2026-09-08 11:48:18,037 - INFO - Analyte Trifluoroacetic acid_NEG was not included in 2 gestational bin outlier analysis - excluded from complication-specific chi-squared testing.
2026-09-08 11:48:18,042 - INFO - Analyte Repinotan_POS was not included in 2 gestational bin outlier analysis - excluded from complication-specific chi-squared testing.
2026-09-08 11:48:18,049 - INFO - Analyte unk_p4131_POS_564.2862_RT10.69 was not included in 2 gestational bin outlier analysis - excluded from complication-specific chi-squared testing.
2026-09-08 11:48:18,054 - INFO - Analyte Indoline_POS was not included in 2 gestational bin outlier analysis - excluded from complication-specific chi-squared testing.
2026-09-08 11:48:18,091 - INFO - Analyte 2-Isopropyl-3,5-dimethoxy-6-methylpyrazine_POS was not included in 2 gestational bin outlier analysis - excluded from complication-specific chi-squared testing.
2026-09-08 11:48:18,128 - INFO - Analyte 1-Phenyl-1H-pyrazole_POS was not included in 2 gestational bin outlier analysis - excluded from complication-specific chi-squared testing.
2026-09-08 11:48:18,134 - INFO - Analyte 4-Aminobenzoic acid_POS was not included in 2 gestational bin outlier analysis - excluded from complication-specific chi-squared testing.
2026-09-08 11:48:18,170 - INFO - Analyte 3-phospho-hydroxypyruvate_POS was not included in 2 gestational bin outlier analysis - excluded from complication-specific chi-squared testing.
2026-09-08 11:48:18,176 - INFO - Analyte unk_p4197_POS_287.9412_RT3.28 was not included in 2 gestational bin outlier analysis - excluded from complication-specific chi-squared testing.
2026-09-08 11:48:18,181 - INFO - Analyte D-(-)-Mannitol_NEG was not included in 2 gestational bin outlier analysis - excluded from complication-specific chi-squared testing.
2026-09-08 11:48:18,217 - INFO - Analyte L-Aspartate-semialdehyde_POS was not included in 2 gestational bin outlier analysis - excluded from complication-specific chi-squared testing.
2026-09-08 11:48:18,223 - INFO - Analyte 3-(propan-2-yl)-octahydropyrrolo[1,2-a]pyrazine-1,4-dione_POS was not included in 2 gestational bin outlier analysis - excluded from complication-specific chi-squared testing.
2026-09-08 11:48:18,259 - INFO - Analyte 2-Hydroxyquinoline_POS was not included in 2 gestational bin outlier analysis - excluded from complication-specific chi-squared testing.
2026-09-08 11:48:18,296 - INFO - Analyte unk_p3625_POS_427.0946_RT7.01 was not included in 2 gestational bin outlier analysis - excluded from complication-specific chi-squared testing.
2026-09-08 11:48:18,333 - INFO - Analyte trans-3-Hydroxycotinine_POS was not included in 2 gestational bin outlier analysis - excluded from complication-specific chi-squared testing.
2026-09-08 11:48:18,368 - INFO - Analyte unk_n1134_NEG_102.9567_RT5.95 was not included in 2 gestational bin outlier analysis - excluded from complication-specific chi-squared testing.
2026-09-08 11:48:18,482 - INFO - Analyte 3-Hydroxypyridine_POS was not included in 2 gestational bin outlier analysis - excluded from complication-specific chi-squared testing.
2026-09-08 11:48:18,485 - INFO - Analyte [Similar to: N1-(4,5-dihydro-1,3-thiazol-2-yl)-2-(2,4-dichlorophenoxy)propanamide; ΔMass: -136.0195 Da]_NEG was not included in 2 gestational bin outlier analysis - excluded from complication-specific chi-squared testing.
2026-09-08 11:48:18,530 - INFO - Analyte Lenticin_POS was not included in 2 gestational bin outlier analysis - excluded from complication-specific chi-squared testing.
2026-09-08 11:48:18,568 - INFO - Analyte unk_n656_NEG_157.0117_RT1.78 was not included in 2 gestational bin outlier analysis - excluded from complication-specific chi-squared testing.
2026-09-08 11:48:18,608 - INFO - Analyte Butyric acid_POS was not included in 2 gestational bin outlier analysis - excluded from complication-specific chi-squared testing.
2026-09-08 11:48:18,611 - INFO - Analyte Chloromethyl chloroformate_POS was not included in 2 gestational bin outlier analysis - excluded from complication-specific chi-squared testing.
2026-09-08 11:48:18,648 - INFO - Analyte 1H,1H-Perfluorononylamine_POS was not included in 2 gestational bin outlier analysis - excluded from complication-specific chi-squared testing.
2026-09-08 11:48:18,686 - INFO - Analyte unk_n512_NEG_209.8338_RT5.73 was not included in 2 gestational bin outlier analysis - excluded from complication-specific chi-squared testing.
2026-09-08 11:48:18,691 - INFO - Analyte L-Phenylalanine_POS was not included in 2 gestational bin outlier analysis - excluded from complication-specific chi-squared testing.
2026-09-08 11:48:18,696 - INFO - Analyte methyl isoquinoline-3-carboxylate_POS was not included in 2 gestational bin outlier analysis - excluded from complication-specific chi-squared testing.
2026-09-08 11:48:18,736 - INFO - Analyte Lappaol B_NEG was not included in 2 gestational bin outlier analysis - excluded from complication-specific chi-squared testing.
2026-09-08 11:48:18,742 - INFO - Analyte unk_p75_POS_199.0686_RT8.77 was not included in 2 gestational bin outlier analysis - excluded from complication-specific chi-squared testing.
2026-09-08 11:48:18,781 - INFO - Analyte 8-Cyano-fluoroquinolone_POS was not included in 2 gestational bin outlier analysis - excluded from complication-specific chi-squared testing.
2026-09-08 11:48:18,819 - INFO - Analyte NP-008998_POS was not included in 2 gestational bin outlier analysis - excluded from complication-specific chi-squared testing.
2026-09-08 11:48:18,822 - INFO - Analyte unk_p236_POS_90.5258_RT1.84 was not included in 2 gestational bin outlier analysis - excluded from complication-specific chi-squared testing.
2026-09-08 11:48:18,842 - INFO - Analyte unk_n85_NEG_248.9605_RT0.66 was not included in 2 gestational bin outlier analysis - excluded from complication-specific chi-squared testing.
2026-09-08 11:48:18,847 - INFO - Analyte Miglitol_NEG was not included in 2 gestational bin outlier analysis - excluded from complication-specific chi-squared testing.
2026-09-08 11:48:18,852 - INFO - Analyte Ametryn_POS was not included in 2 gestational bin outlier analysis - excluded from complication-specific chi-squared testing.
2026-09-08 11:48:18,886 - INFO - Analyte 2-Octenoylcarnitine_POS was not included in 2 gestational bin outlier analysis - excluded from complication-specific chi-squared testing.
2026-09-08 11:48:18,919 - INFO - Analyte Anordrin_POS was not included in 2 gestational bin outlier analysis - excluded from complication-specific chi-squared testing.
2026-09-08 11:48:18,924 - INFO - Analyte 5-(methoxymethyl)-2-(2-thienyl)-4,7-dihydropyrazolo[1,5-a]pyrimidin-7-one_NEG was not included in 2 gestational bin outlier analysis - excluded from complication-specific chi-squared testing.
2026-09-08 11:48:18,957 - INFO - Analyte D3-Lactate_NEG was not included in 2 gestational bin outlier analysis - excluded from complication-specific chi-squared testing.
2026-09-08 11:48:18,990 - INFO - Analyte unk_p3180_POS_497.9975_RT1.04 was not included in 2 gestational bin outlier analysis - excluded from complication-specific chi-squared testing.
2026-09-08 11:48:19,024 - INFO - Analyte unk_n223_NEG_225.8972_RT8.96 was not included in 2 gestational bin outlier analysis - excluded from complication-specific chi-squared testing.
2026-09-08 11:48:19,060 - INFO - Analyte Zonisamide_POS was not included in 2 gestational bin outlier analysis - excluded from complication-specific chi-squared testing.
2026-09-08 11:48:19,094 - INFO - Analyte unk_p2618_POS_146.0633_RT5.78 was not included in 2 gestational bin outlier analysis - excluded from complication-specific chi-squared testing.
2026-09-08 11:48:19,128 - INFO - Analyte Castanospermine_POS was not included in 2 gestational bin outlier analysis - excluded from complication-specific chi-squared testing.
2026-09-08 11:48:19,161 - INFO - Analyte Indene_POS was not included in 2 gestational bin outlier analysis - excluded from complication-specific chi-squared testing.
2026-09-08 11:48:19,166 - INFO - Analyte 2-(Dimethylamino)acetonitrile_POS was not included in 2 gestational bin outlier analysis - excluded from complication-specific chi-squared testing.
2026-09-08 11:48:19,170 - INFO - Analyte 2-Octenoic acid_POS was not included in 2 gestational bin outlier analysis - excluded from complication-specific chi-squared testing.
2026-09-08 11:48:19,175 - INFO - Analyte DL-Stachydrine_POS was not included in 2 gestational bin outlier analysis - excluded from complication-specific chi-squared testing.
2026-09-08 11:48:19,180 - INFO - Analyte Nicotinuric acid_POS was not included in 2 gestational bin outlier analysis - excluded from complication-specific chi-squared testing.
2026-09-08 11:48:19,213 - INFO - Analyte Garcinia acid_NEG was not included in 2 gestational bin outlier analysis - excluded from complication-specific chi-squared testing.
2026-09-08 11:48:19,246 - INFO - Analyte L-Cysteine-S-sulfate_POS was not included in 2 gestational bin outlier analysis - excluded from complication-specific chi-squared testing.
2026-09-08 11:48:19,251 - INFO - Analyte D-(+)-Maltose_POS was not included in 2 gestational bin outlier analysis - excluded from complication-specific chi-squared testing.
2026-09-08 11:48:19,287 - INFO - Analyte 3,4-Dihydroxybenzylamine_POS was not included in 2 gestational bin outlier analysis - excluded from complication-specific chi-squared testing.
2026-09-08 11:48:19,320 - INFO - Analyte N1-(alpha-D-ribosyl)-5,6-dimethyl-benzimidazole_POS was not included in 2 gestational bin outlier analysis - excluded from complication-specific chi-squared testing.
2026-09-08 11:48:19,353 - INFO - Analyte Armillariol B_POS was not included in 2 gestational bin outlier analysis - excluded from complication-specific chi-squared testing.
2026-09-08 11:48:19,387 - INFO - Analyte Triethylene Glycol Monomethyl Ether_POS was not included in 2 gestational bin outlier analysis - excluded from complication-specific chi-squared testing.
2026-09-08 11:48:19,428 - INFO - Analyte Kifunensine_NEG was not included in 2 gestational bin outlier analysis - excluded from complication-specific chi-squared testing.
2026-09-08 11:48:19,468 - INFO - Analyte D-(+)-Galactose_NEG was not included in 2 gestational bin outlier analysis - excluded from complication-specific chi-squared testing.
2026-09-08 11:48:19,577 - INFO - Analyte N-Phenylacetylglutamine_POS was not included in 2 gestational bin outlier analysis - excluded from complication-specific chi-squared testing.
2026-09-08 11:48:19,611 - INFO - Analyte 2-Heptanethiol_POS was not included in 2 gestational bin outlier analysis - excluded from complication-specific chi-squared testing.
2026-09-08 11:48:19,616 - INFO - Analyte 3-Hydroxybutyric acid_NEG was not included in 2 gestational bin outlier analysis - excluded from complication-specific chi-squared testing.
2026-09-08 11:48:19,621 - INFO - Analyte [Similar to: Creatine; ΔMass: 67.9874 Da]_NEG was not included in 2 gestational bin outlier analysis - excluded from complication-specific chi-squared testing.
2026-09-08 11:48:19,626 - INFO - Analyte Asparagine_POS was not included in 2 gestational bin outlier analysis - excluded from complication-specific chi-squared testing.
2026-09-08 11:48:19,631 - INFO - Analyte Quinolonic acid_POS was not included in 2 gestational bin outlier analysis - excluded from complication-specific chi-squared testing.
2026-09-08 11:48:19,636 - INFO - Analyte 2-({2-[(1,3-Dimethyl-1H-pyrazol-5-yl)amino]-2-oxoethyl}sulfanyl)acetic acid_POS was not included in 2 gestational bin outlier analysis - excluded from complication-specific chi-squared testing.
2026-09-08 11:48:19,671 - INFO - Analyte d-Glycero-d-galacto-heptose_NEG was not included in 2 gestational bin outlier analysis - excluded from complication-specific chi-squared testing.
2026-09-08 11:48:19,708 - INFO - Analyte unk_n177_NEG_207.8368_RT4.27 was not included in 2 gestational bin outlier analysis - excluded from complication-specific chi-squared testing.
2026-09-08 11:48:19,713 - INFO - Analyte 2-Amino-3-methyl-1-butanol_POS was not included in 2 gestational bin outlier analysis - excluded from complication-specific chi-squared testing.
2026-09-08 11:48:19,718 - INFO - Analyte L-Glutamine_POS was not included in 2 gestational bin outlier analysis - excluded from complication-specific chi-squared testing.
2026-09-08 11:48:19,755 - INFO - Analyte Geranylpyrrol A_POS was not included in 2 gestational bin outlier analysis - excluded from complication-specific chi-squared testing.
2026-09-08 11:48:19,794 - INFO - Analyte 2,4-diaziran-1-yl-6-(1-phenyl-1H-pyrrol-2-yl)-1,3,5-triazine_POS was not included in 2 gestational bin outlier analysis - excluded from complication-specific chi-squared testing.
2026-09-08 11:48:19,830 - INFO - Analyte unk_p488_POS_242.9822_RT7.04 was not included in 2 gestational bin outlier analysis - excluded from complication-specific chi-squared testing.
2026-09-08 11:48:19,867 - INFO - Analyte [6,7-dimethoxy-1-methyl-3,4-dihydro-2(1H)-isoquinolinyl](5-methyl-3-isoxazolyl)methanone_POS was not included in 2 gestational bin outlier analysis - excluded from complication-specific chi-squared testing.
2026-09-08 11:48:19,901 - INFO - Analyte 1,2,3-Trihydroxybenzene_NEG was not included in 2 gestational bin outlier analysis - excluded from complication-specific chi-squared testing.
2026-09-08 11:48:19,937 - INFO - Analyte unk_p4443_POS_437.9724_RT7.01 was not included in 2 gestational bin outlier analysis - excluded from complication-specific chi-squared testing.
2026-09-08 11:48:19,974 - INFO - Analyte (S)-3-[(Cyanophenylmethyl)amino]-3-oxopropanoic acid_POS was not included in 2 gestational bin outlier analysis - excluded from complication-specific chi-squared testing.
2026-09-08 11:48:20,011 - INFO - Analyte unk_p729_POS_504.9952_RT10.63 was not included in 2 gestational bin outlier analysis - excluded from complication-specific chi-squared testing.
2026-09-08 11:48:20,046 - INFO - Analyte N-(4-Aminobutyl)-2-Naphthalenesulfonamide_POS was not included in 2 gestational bin outlier analysis - excluded from complication-specific chi-squared testing.
2026-09-08 11:48:20,080 - INFO - Analyte 5-Hydroxytryptophol_POS was not included in 2 gestational bin outlier analysis - excluded from complication-specific chi-squared testing.
2026-09-08 11:48:20,114 - INFO - Analyte unk_p2622_POS_287.5918_RT1.01 was not included in 2 gestational bin outlier analysis - excluded from complication-specific chi-squared testing.
2026-09-08 11:48:20,150 - INFO - Analyte unk_p1942_POS_233.8754_RT2.91 was not included in 2 gestational bin outlier analysis - excluded from complication-specific chi-squared testing.
2026-09-08 11:48:20,184 - INFO - Analyte Acetyl-β-methylcholine_POS was not included in 2 gestational bin outlier analysis - excluded from complication-specific chi-squared testing.
2026-09-08 11:48:20,189 - INFO - Analyte Polypropylene glycol (m w 1,200-3,000)_POS was not included in 2 gestational bin outlier analysis - excluded from complication-specific chi-squared testing.
2026-09-08 11:48:20,231 - INFO - Analyte [Similar to: (4-benzoylpiperidino)[4-(tert-butyl)phenyl]methanone; ΔMass: 38.0426 Da]_POS was not included in 2 gestational bin outlier analysis - excluded from complication-specific chi-squared testing.
2026-09-08 11:48:20,267 - INFO - Analyte Terezine M_POS was not included in 2 gestational bin outlier analysis - excluded from complication-specific chi-squared testing.
2026-09-08 11:48:20,273 - INFO - Analyte N-(3-acetamidopropyl)pyrrolidin-2-one_POS was not included in 2 gestational bin outlier analysis - excluded from complication-specific chi-squared testing.
2026-09-08 11:48:20,314 - INFO - Analyte unk_p4365_POS_208.0392_RT2.59 was not included in 2 gestational bin outlier analysis - excluded from complication-specific chi-squared testing.
2026-09-08 11:48:20,319 - INFO - Analyte unk_p1267_POS_284.2065_RT8.69 was not included in 2 gestational bin outlier analysis - excluded from complication-specific chi-squared testing.
2026-09-08 11:48:20,355 - INFO - Analyte unk_p4505_POS_491.9183_RT1.35 was not included in 2 gestational bin outlier analysis - excluded from complication-specific chi-squared testing.
2026-09-08 11:48:20,389 - INFO - Analyte unk_p2005_POS_92.5221_RT1.52 was not included in 2 gestational bin outlier analysis - excluded from complication-specific chi-squared testing.
2026-09-08 11:48:20,394 - INFO - Analyte Glycerol 3-hydroxybutyrate_POS was not included in 2 gestational bin outlier analysis - excluded from complication-specific chi-squared testing.
2026-09-08 11:48:20,428 - INFO - Analyte 2-Amino-4-[(4-aminobutyl)amino]butanoic acid_POS was not included in 2 gestational bin outlier analysis - excluded from complication-specific chi-squared testing.
2026-09-08 11:48:20,465 - INFO - Analyte NP-020240_POS was not included in 2 gestational bin outlier analysis - excluded from complication-specific chi-squared testing.
2026-09-08 11:48:20,503 - INFO - Analyte ( Z)-6-benzylidene-3-hydroxymethyl-1,4-dimethyl-3-methylsulfanylpiperazine-2,5-dione_POS was not included in 2 gestational bin outlier analysis - excluded from complication-specific chi-squared testing.
2026-09-08 11:48:20,540 - INFO - Analyte 1,7-Diphenyl-4-hepten-3-one_POS was not included in 2 gestational bin outlier analysis - excluded from complication-specific chi-squared testing.
2026-09-08 11:48:20,558 - INFO - Analyte unk_n2397_NEG_699.3672_RT0.63 was not included in 2 gestational bin outlier analysis - excluded from complication-specific chi-squared testing.
2026-09-08 11:48:20,597 - INFO - Analyte Hydroxy bupropion_POS was not included in 2 gestational bin outlier analysis - excluded from complication-specific chi-squared testing.
2026-09-08 11:48:20,636 - INFO - Analyte [Similar to: Ethyl 3-hydroxy-5-methyl-6-oxo-1-phenyl-1,6-dihydropyrano[2,3-c]pyrazole-4-carboxylate; ΔMass: -46.0678 Da]_POS was not included in 2 gestational bin outlier analysis - excluded from complication-specific chi-squared testing.
2026-09-08 11:48:20,673 - INFO - Analyte Leukoaminochrome_POS was not included in 2 gestational bin outlier analysis - excluded from complication-specific chi-squared testing.
2026-09-08 11:48:20,678 - INFO - Analyte Acrylic acid_NEG was not included in 2 gestational bin outlier analysis - excluded from complication-specific chi-squared testing.
2026-09-08 11:48:20,718 - INFO - Analyte 1-Phenyl-1H-pyrazolo[3,4-d]pyrimidin-4-amine_POS was not included in 2 gestational bin outlier analysis - excluded from complication-specific chi-squared testing.
2026-09-08 11:48:20,832 - INFO - Analyte Bisoprolol_POS was not included in 2 gestational bin outlier analysis - excluded from complication-specific chi-squared testing.
2026-09-08 11:48:20,872 - INFO - Analyte N-methyl-4-nitrotryptophan_POS was not included in 2 gestational bin outlier analysis - excluded from complication-specific chi-squared testing.
2026-09-08 11:48:20,909 - INFO - Analyte Hydantoin-5-propionic acid_POS was not included in 2 gestational bin outlier analysis - excluded from complication-specific chi-squared testing.
2026-09-08 11:48:20,946 - INFO - Analyte Phosphate_POS was not included in 2 gestational bin outlier analysis - excluded from complication-specific chi-squared testing.
2026-09-08 11:48:20,981 - INFO - Analyte unk_n101_NEG_80.9748_RT3.00 was not included in 2 gestational bin outlier analysis - excluded from complication-specific chi-squared testing.
2026-09-08 11:48:21,015 - INFO - Analyte N-Desmethyltramadol_POS was not included in 2 gestational bin outlier analysis - excluded from complication-specific chi-squared testing.
2026-09-08 11:48:21,049 - INFO - Analyte (S)-3-[(Cyanophenylmethyl)amino]-3-oxopropanoic acid_NEG was not included in 2 gestational bin outlier analysis - excluded from complication-specific chi-squared testing.
2026-09-08 11:48:21,053 - INFO - Analyte alpha-Ketoisovaleric acid_NEG was not included in 2 gestational bin outlier analysis - excluded from complication-specific chi-squared testing.
2026-09-08 11:48:21,087 - INFO - Analyte D-Serine_POS was not included in 2 gestational bin outlier analysis - excluded from complication-specific chi-squared testing.
2026-09-08 11:48:21,261 - INFO - Analyte Metronidazole_POS was not included in 3 gestational bin outlier analysis - excluded from complication-specific chi-squared testing.
2026-09-08 11:48:21,296 - INFO - Analyte unk_n1621_NEG_289.0694_RT3.38 was not included in 3 gestational bin outlier analysis - excluded from complication-specific chi-squared testing.
2026-09-08 11:48:21,301 - INFO - Analyte L-Serine_NEG was not included in 3 gestational bin outlier analysis - excluded from complication-specific chi-squared testing.
2026-09-08 11:48:21,335 - INFO - Analyte Gaburedin B_POS was not included in 3 gestational bin outlier analysis - excluded from complication-specific chi-squared testing.
2026-09-08 11:48:21,369 - INFO - Analyte Creatine_POS was not included in 3 gestational bin outlier analysis - excluded from complication-specific chi-squared testing.
2026-09-08 11:48:21,403 - INFO - Analyte Hypocrellutin A_POS was not included in 3 gestational bin outlier analysis - excluded from complication-specific chi-squared testing.
2026-09-08 11:48:21,439 - INFO - Analyte NP-003117_POS was not included in 3 gestational bin outlier analysis - excluded from complication-specific chi-squared testing.
2026-09-08 11:48:21,474 - INFO - Analyte Acetylglycine_POS was not included in 3 gestational bin outlier analysis - excluded from complication-specific chi-squared testing.
2026-09-08 11:48:21,507 - INFO - Analyte HMBOA trihexose_POS was not included in 3 gestational bin outlier analysis - excluded from complication-specific chi-squared testing.
2026-09-08 11:48:21,542 - INFO - Analyte Gluconic acid_NEG was not included in 3 gestational bin outlier analysis - excluded from complication-specific chi-squared testing.
2026-09-08 11:48:21,559 - INFO - Analyte unk_n957_NEG_310.9309_RT1.68 was not included in 3 gestational bin outlier analysis - excluded from complication-specific chi-squared testing.
2026-09-08 11:48:21,598 - INFO - Analyte L(-)-Carnitine_POS was not included in 3 gestational bin outlier analysis - excluded from complication-specific chi-squared testing.
2026-09-08 11:48:21,604 - INFO - Analyte 3-hydroxy-1,5-diphenylpentan-1-one_POS was not included in 3 gestational bin outlier analysis - excluded from complication-specific chi-squared testing.
2026-09-08 11:48:21,654 - INFO - Analyte L-beta-aspartyl-L-alanine_POS was not included in 3 gestational bin outlier analysis - excluded from complication-specific chi-squared testing.
2026-09-08 11:48:21,659 - INFO - Analyte L-Cystine_POS was not included in 3 gestational bin outlier analysis - excluded from complication-specific chi-squared testing.
2026-09-08 11:48:21,698 - INFO - Analyte [Similar to: L-Threonic acid; ΔMass: 67.9747 Da]_NEG was not included in 3 gestational bin outlier analysis - excluded from complication-specific chi-squared testing.
2026-09-08 11:48:21,736 - INFO - Analyte Ornithine_POS was not included in 3 gestational bin outlier analysis - excluded from complication-specific chi-squared testing.
2026-09-08 11:48:21,776 - INFO - Analyte NP-022470_POS was not included in 3 gestational bin outlier analysis - excluded from complication-specific chi-squared testing.
2026-09-08 11:48:21,815 - INFO - Analyte Erythronic acid_NEG was not included in 3 gestational bin outlier analysis - excluded from complication-specific chi-squared testing.
2026-09-08 11:48:21,852 - INFO - Analyte 4-((4-(2-(6-((2R)-2-(2,4-Difluorophenyl)-1,1-difluoro-2-hydroxy-3-(1H-tetrazol-1-yl)propyl)-3-pyridinyl)ethynyl)phenoxy)methyl)benzonitrile_POS was not included in 3 gestational bin outlier analysis - excluded from complication-specific chi-squared testing.
2026-09-08 11:48:21,871 - INFO - Analyte Methylenediphosphonic acid_NEG was not included in 3 gestational bin outlier analysis - excluded from complication-specific chi-squared testing.
2026-09-08 11:48:21,910 - INFO - Analyte L-Histidine_NEG was not included in 3 gestational bin outlier analysis - excluded from complication-specific chi-squared testing.
2026-09-08 11:48:21,947 - INFO - Analyte [Similar to: N'2-(2,5-Dichlorophenyl)tetrahydrothiophene-2-carbohydrazide; ΔMass: 30.0109 Da]_NEG was not included in 3 gestational bin outlier analysis - excluded from complication-specific chi-squared testing.
2026-09-08 11:48:21,953 - INFO - Analyte Aspartyl-Histidine_NEG was not included in 3 gestational bin outlier analysis - excluded from complication-specific chi-squared testing.
2026-09-08 11:48:22,037 - INFO - Analyte Acetylhomoserine_POS was not included in 3 gestational bin outlier analysis - excluded from complication-specific chi-squared testing.
2026-09-08 11:48:22,077 - INFO - Analyte 2-Aminoacrylic acid_POS was not included in 3 gestational bin outlier analysis - excluded from complication-specific chi-squared testing.
2026-09-08 11:48:22,083 - INFO - Analyte 7-methyl-3-nitroimidazo[1,2-a]pyridine_POS was not included in 3 gestational bin outlier analysis - excluded from complication-specific chi-squared testing.
2026-09-08 11:48:22,122 - INFO - Analyte L-cis-3-Amino-2-pyrrolidinecarboxylic acid_POS was not included in 3 gestational bin outlier analysis - excluded from complication-specific chi-squared testing.
2026-09-08 11:48:22,128 - INFO - Analyte Tanomastat_NEG was not included in 3 gestational bin outlier analysis - excluded from complication-specific chi-squared testing.
2026-09-08 11:48:22,134 - INFO - Analyte 1-(2-Morpholinophenyl)dihydro-1H-pyrrole-2,5-dione_POS was not included in 3 gestational bin outlier analysis - excluded from complication-specific chi-squared testing.
2026-09-08 11:48:22,169 - INFO - Analyte NP-019722_POS was not included in 3 gestational bin outlier analysis - excluded from complication-specific chi-squared testing.
2026-09-08 11:48:22,174 - INFO - Analyte D-Glucose_NEG was not included in 3 gestational bin outlier analysis - excluded from complication-specific chi-squared testing.
2026-09-08 11:48:22,208 - INFO - Analyte 5,7-dimethyl-4-oxo-4H-chromene-3-carbonitrile_POS was not included in 3 gestational bin outlier analysis - excluded from complication-specific chi-squared testing.
2026-09-08 11:48:22,213 - INFO - Analyte (2R,3R,4R)-2-Amino-4-hydroxy-3-methylpentanoic acid_POS was not included in 3 gestational bin outlier analysis - excluded from complication-specific chi-squared testing.
2026-09-08 11:48:22,247 - INFO - Analyte Acetohydroxamic acid_POS was not included in 3 gestational bin outlier analysis - excluded from complication-specific chi-squared testing.
2026-09-08 11:48:22,286 - INFO - Analyte unk_n2682_NEG_388.8737_RT2.81 was not included in 3 gestational bin outlier analysis - excluded from complication-specific chi-squared testing.
2026-09-08 11:48:22,328 - INFO - Analyte (2-Ethylcrotonoyl)urea_POS was not included in 3 gestational bin outlier analysis - excluded from complication-specific chi-squared testing.
2026-09-08 11:48:22,333 - INFO - Analyte gamma-Glutamyl-beta-aminopropiononitrile_POS was not included in 3 gestational bin outlier analysis - excluded from complication-specific chi-squared testing.
2026-09-08 11:48:22,339 - INFO - Analyte (2S,4R)-4-Aminopyrrolidine-2-carboxylic acid_POS was not included in 3 gestational bin outlier analysis - excluded from complication-specific chi-squared testing.
2026-09-08 11:48:22,378 - INFO - Analyte Sedoheptulose_NEG was not included in 3 gestational bin outlier analysis - excluded from complication-specific chi-squared testing.
2026-09-08 11:48:22,416 - INFO - Analyte Pyrophosphate_NEG was not included in 3 gestational bin outlier analysis - excluded from complication-specific chi-squared testing.
2026-09-08 11:48:22,452 - INFO - Analyte thiol-maleimide_POS was not included in 3 gestational bin outlier analysis - excluded from complication-specific chi-squared testing.
2026-09-08 11:48:22,490 - INFO - Analyte L-Cysteinylglycine disulfide_POS was not included in 3 gestational bin outlier analysis - excluded from complication-specific chi-squared testing.
2026-09-08 11:48:22,495 - INFO - Analyte Succinic semialdehyde_NEG was not included in 3 gestational bin outlier analysis - excluded from complication-specific chi-squared testing.
2026-09-08 11:48:22,531 - INFO - Analyte unk_n682_NEG_345.0726_RT11.05 was not included in 3 gestational bin outlier analysis - excluded from complication-specific chi-squared testing.
2026-09-08 11:48:22,568 - INFO - Analyte 5-Methylquinoxaline_POS was not included in 3 gestational bin outlier analysis - excluded from complication-specific chi-squared testing.
2026-09-08 11:48:22,603 - INFO - Analyte Octadecanamine_POS was not included in 3 gestational bin outlier analysis - excluded from complication-specific chi-squared testing.
2026-09-08 11:48:22,639 - INFO - Analyte 6-Amino-5-chloropyrimidine-2,4(1H,3H)-dione_POS was not included in 3 gestational bin outlier analysis - excluded from complication-specific chi-squared testing.
2026-09-08 11:48:22,676 - INFO - Analyte 1,1,1,2,2,3,3,10,10,11,11,12,12,12-Tetradecafluoro-5,8-diiodododecane_NEG was not included in 3 gestational bin outlier analysis - excluded from complication-specific chi-squared testing.
2026-09-08 11:48:22,712 - INFO - Analyte Hydroxydehydro Nifedipine Carboxylate_POS was not included in 3 gestational bin outlier analysis - excluded from complication-specific chi-squared testing.
2026-09-08 11:48:22,750 - INFO - Analyte 3-Deoxy-D-glycero-D-galacto-2-nonulosonic acid_POS was not included in 3 gestational bin outlier analysis - excluded from complication-specific chi-squared testing.
2026-09-08 11:48:22,787 - INFO - Analyte unk_p985_POS_604.1398_RT9.66 was not included in 3 gestational bin outlier analysis - excluded from complication-specific chi-squared testing.
2026-09-08 11:48:22,823 - INFO - Analyte Choline_POS was not included in 3 gestational bin outlier analysis - excluded from complication-specific chi-squared testing.
2026-09-08 11:48:22,859 - INFO - Analyte Phenyl sulfoxide_POS was not included in 3 gestational bin outlier analysis - excluded from complication-specific chi-squared testing.
2026-09-08 11:48:22,896 - INFO - Analyte Pyroglutamylglycine_POS was not included in 3 gestational bin outlier analysis - excluded from complication-specific chi-squared testing.
2026-09-08 11:48:22,980 - INFO - Analyte Terephthalic acid_NEG was not included in 3 gestational bin outlier analysis - excluded from complication-specific chi-squared testing.
2026-09-08 11:48:23,019 - INFO - Analyte unk_p3495_POS_255.0950_RT7.91 was not included in 3 gestational bin outlier analysis - excluded from complication-specific chi-squared testing.
2026-09-08 11:48:23,057 - INFO - Analyte 1-Nitrohydroxyphenyl-N-benzoylalanine_POS was not included in 3 gestational bin outlier analysis - excluded from complication-specific chi-squared testing.
2026-09-08 11:48:23,062 - INFO - Analyte 2-Fluoro-6-(4-methoxyphenoxy)benzonitrile_POS was not included in 3 gestational bin outlier analysis - excluded from complication-specific chi-squared testing.
2026-09-08 11:48:23,099 - INFO - Analyte Satranidazole_POS was not included in 3 gestational bin outlier analysis - excluded from complication-specific chi-squared testing.
2026-09-08 11:48:23,136 - INFO - Analyte Oxepanone_POS was not included in 3 gestational bin outlier analysis - excluded from complication-specific chi-squared testing.
2026-09-08 11:48:23,172 - INFO - Analyte Beta-Aminopropionitrile_POS was not included in 3 gestational bin outlier analysis - excluded from complication-specific chi-squared testing.
2026-09-08 11:48:23,207 - INFO - Analyte Mycosporine hydroxyglutamicol_POS was not included in 3 gestational bin outlier analysis - excluded from complication-specific chi-squared testing.
2026-09-08 11:48:23,213 - INFO - Analyte L-3-Aminodihydro-2(3H)-furanone_POS was not included in 3 gestational bin outlier analysis - excluded from complication-specific chi-squared testing.
2026-09-08 11:48:23,247 - INFO - Analyte 1,3,11-Tridecatriene-5,7,9-triyne_POS was not included in 3 gestational bin outlier analysis - excluded from complication-specific chi-squared testing.
2026-09-08 11:48:23,252 - INFO - Analyte L-Cystine_NEG was not included in 3 gestational bin outlier analysis - excluded from complication-specific chi-squared testing.
2026-09-08 11:48:23,287 - INFO - Analyte N,N-Dimethyloctadecylamine_POS was not included in 3 gestational bin outlier analysis - excluded from complication-specific chi-squared testing.
2026-09-08 11:48:23,292 - INFO - Analyte Glycyl-Threonine_POS was not included in 3 gestational bin outlier analysis - excluded from complication-specific chi-squared testing.
2026-09-08 11:48:23,327 - INFO - Analyte Linustatin_POS was not included in 3 gestational bin outlier analysis - excluded from complication-specific chi-squared testing.
2026-09-08 11:48:23,361 - INFO - Analyte unk_n66_NEG_231.9315_RT9.69 was not included in 3 gestational bin outlier analysis - excluded from complication-specific chi-squared testing.
2026-09-08 11:48:23,395 - INFO - Analyte unk_p274_POS_223.0700_RT11.92 was not included in 3 gestational bin outlier analysis - excluded from complication-specific chi-squared testing.
2026-09-08 11:48:23,430 - INFO - Analyte 3-Hydroxybutyric acid_POS was not included in 3 gestational bin outlier analysis - excluded from complication-specific chi-squared testing.
2026-09-08 11:48:23,435 - INFO - Analyte L-Valine_NEG was not included in 3 gestational bin outlier analysis - excluded from complication-specific chi-squared testing.
2026-09-08 11:48:23,471 - INFO - Analyte Cladinose_POS was not included in 3 gestational bin outlier analysis - excluded from complication-specific chi-squared testing.
2026-09-08 11:48:23,507 - INFO - Analyte Creatinine_POS was not included in 3 gestational bin outlier analysis - excluded from complication-specific chi-squared testing.
2026-09-08 11:48:23,546 - INFO - Analyte 1-(4-Methoxyphenyl)piperazine_POS was not included in 3 gestational bin outlier analysis - excluded from complication-specific chi-squared testing.
2026-09-08 11:48:23,584 - INFO - Analyte Dacarbazine_POS was not included in 3 gestational bin outlier analysis - excluded from complication-specific chi-squared testing.
2026-09-08 11:48:23,624 - INFO - Analyte DL-Lysine_POS was not included in 3 gestational bin outlier analysis - excluded from complication-specific chi-squared testing.
2026-09-08 11:48:23,664 - INFO - Analyte Erythrohydrobupropion_POS was not included in 3 gestational bin outlier analysis - excluded from complication-specific chi-squared testing.
2026-09-08 11:48:23,704 - INFO - Analyte unk_n2474_NEG_100.9608_RT0.32 was not included in 3 gestational bin outlier analysis - excluded from complication-specific chi-squared testing.
2026-09-08 11:48:23,745 - INFO - Analyte 2-Methylbutyrylglycine_POS was not included in 3 gestational bin outlier analysis - excluded from complication-specific chi-squared testing.
2026-09-08 11:48:23,786 - INFO - Analyte 2,5-Diisothiocyanatobenzenesulfonate_POS was not included in 3 gestational bin outlier analysis - excluded from complication-specific chi-squared testing.
2026-09-08 11:48:23,826 - INFO - Analyte N'1-[4-amino-6-(tert-butyl)-1,3,5-triazin-2-yl]-2-(trifluoromethyl)benzene-1-sulfonohydrazide_POS was not included in 3 gestational bin outlier analysis - excluded from complication-specific chi-squared testing.
2026-09-08 11:48:23,832 - INFO - Analyte unk_n1043_NEG_462.0691_RT9.61 was not included in 3 gestational bin outlier analysis - excluded from complication-specific chi-squared testing.
2026-09-08 11:48:23,899 - INFO - Analyte D3-Alanine_POS was not included in 3 gestational bin outlier analysis - excluded from complication-specific chi-squared testing.
2026-09-08 11:48:23,939 - INFO - Analyte Cimaterol_POS was not included in 3 gestational bin outlier analysis - excluded from complication-specific chi-squared testing.
2026-09-08 11:48:23,977 - INFO - Analyte 6-(4-Chlorophenoxy)pyridine-3-carbothioamide_NEG was not included in 3 gestational bin outlier analysis - excluded from complication-specific chi-squared testing.
2026-09-08 11:48:23,982 - INFO - Analyte Dihydrothymine_POS was not included in 3 gestational bin outlier analysis - excluded from complication-specific chi-squared testing.
2026-09-08 11:48:24,019 - INFO - Analyte Adipamide_POS was not included in 3 gestational bin outlier analysis - excluded from complication-specific chi-squared testing.
2026-09-08 11:48:24,060 - INFO - Analyte (9E)-10-nitrooctadecenoic Acid_POS was not included in 3 gestational bin outlier analysis - excluded from complication-specific chi-squared testing.
2026-09-08 11:48:24,065 - INFO - Analyte 4-Hydroxybenzotriazole_POS was not included in 3 gestational bin outlier analysis - excluded from complication-specific chi-squared testing.
2026-09-08 11:48:24,103 - INFO - Analyte L-(+)-Citrulline_POS was not included in 3 gestational bin outlier analysis - excluded from complication-specific chi-squared testing.
2026-09-08 11:48:24,108 - INFO - Analyte DL-Lactic Acid_NEG was not included in 3 gestational bin outlier analysis - excluded from complication-specific chi-squared testing.
2026-09-08 11:48:24,113 - INFO - Analyte Pipecolic acid_POS was not included in 3 gestational bin outlier analysis - excluded from complication-specific chi-squared testing.
2026-09-08 11:48:24,149 - INFO - Analyte unk_n454_NEG_525.3312_RT11.94 was not included in 3 gestational bin outlier analysis - excluded from complication-specific chi-squared testing.
2026-09-08 11:48:24,183 - INFO - Analyte α-Lactose_NEG was not included in 3 gestational bin outlier analysis - excluded from complication-specific chi-squared testing.
2026-09-08 11:48:24,201 - INFO - Analyte N-Ethylacetamide_POS was not included in 3 gestational bin outlier analysis - excluded from complication-specific chi-squared testing.
2026-09-08 11:48:24,236 - INFO - Analyte L-Kynurenine_POS was not included in 3 gestational bin outlier analysis - excluded from complication-specific chi-squared testing.
2026-09-08 11:48:24,271 - INFO - Analyte Gluconolactone_POS was not included in 3 gestational bin outlier analysis - excluded from complication-specific chi-squared testing.
2026-09-08 11:48:24,305 - INFO - Analyte unk_p2069_POS_481.8174_RT6.05 was not included in 3 gestational bin outlier analysis - excluded from complication-specific chi-squared testing.
2026-09-08 11:48:24,311 - INFO - Analyte δ-Valerolactam_POS was not included in 3 gestational bin outlier analysis - excluded from complication-specific chi-squared testing.
2026-09-08 11:48:24,347 - INFO - Analyte unk_p5301_POS_446.2959_RT11.78 was not included in 3 gestational bin outlier analysis - excluded from complication-specific chi-squared testing.
2026-09-08 11:48:24,381 - INFO - Analyte 3-hydroxyoctanoyl carnitine_POS was not included in 3 gestational bin outlier analysis - excluded from complication-specific chi-squared testing.
2026-09-08 11:48:24,416 - INFO - Analyte N-gamma-Glutamylglutamine_POS was not included in 3 gestational bin outlier analysis - excluded from complication-specific chi-squared testing.
2026-09-08 11:48:24,453 - INFO - Analyte 6,7-dihydroxy-4,5,6,7-tetrahydroindole-4-one_NEG was not included in 3 gestational bin outlier analysis - excluded from complication-specific chi-squared testing.
2026-09-08 11:48:24,461 - INFO - Analyte L-Histidine_POS was not included in 3 gestational bin outlier analysis - excluded from complication-specific chi-squared testing.
2026-09-08 11:48:24,467 - INFO - Analyte Isobutyric acid_POS was not included in 3 gestational bin outlier analysis - excluded from complication-specific chi-squared testing.
2026-09-08 11:48:24,502 - INFO - Analyte L-2,4-Diaminobutyric acid_POS was not included in 3 gestational bin outlier analysis - excluded from complication-specific chi-squared testing.
2026-09-08 11:48:24,537 - INFO - Analyte unk_p1853_POS_166.9430_RT3.23 was not included in 3 gestational bin outlier analysis - excluded from complication-specific chi-squared testing.
2026-09-08 11:48:24,572 - INFO - Analyte apo-[3-methylcrotonoyl-CoA:carbon-dioxide ligase (ADP-forming)]_POS was not included in 3 gestational bin outlier analysis - excluded from complication-specific chi-squared testing.
2026-09-08 11:48:24,608 - INFO - Analyte Ethyl N2-acetyl-L-argininate_POS was not included in 3 gestational bin outlier analysis - excluded from complication-specific chi-squared testing.
2026-09-08 11:48:24,645 - INFO - Analyte Megazol_POS was not included in 3 gestational bin outlier analysis - excluded from complication-specific chi-squared testing.
2026-09-08 11:48:24,681 - INFO - Analyte D-Raffinose_POS was not included in 3 gestational bin outlier analysis - excluded from complication-specific chi-squared testing.
2026-09-08 11:48:24,717 - INFO - Analyte 2-[Bis-(2-hydroxy-ethyl)-amino]-2-hydroxymethyl-propane-1,3-diol_POS was not included in 3 gestational bin outlier analysis - excluded from complication-specific chi-squared testing.
2026-09-08 11:48:24,753 - INFO - Analyte Barbital_POS was not included in 3 gestational bin outlier analysis - excluded from complication-specific chi-squared testing.
2026-09-08 11:48:24,837 - INFO - Analyte 4-Acetamidobutanoic acid_POS was not included in 3 gestational bin outlier analysis - excluded from complication-specific chi-squared testing.
2026-09-08 11:48:24,842 - INFO - Analyte 4-(3,4-dimethylphenyl)-1-thia-4-azaspiro[4.5]decan-3-one_POS was not included in 3 gestational bin outlier analysis - excluded from complication-specific chi-squared testing.
2026-09-08 11:48:24,878 - INFO - Analyte N'-Formylkynurenine_POS was not included in 3 gestational bin outlier analysis - excluded from complication-specific chi-squared testing.
2026-09-08 11:48:24,915 - INFO - Analyte 4-Hydroxy-2-butenoic acid gamma-lactone_POS was not included in 3 gestational bin outlier analysis - excluded from complication-specific chi-squared testing.
2026-09-08 11:48:24,951 - INFO - Analyte gamma-Butyrolactone_NEG was not included in 3 gestational bin outlier analysis - excluded from complication-specific chi-squared testing.
2026-09-08 11:48:24,989 - INFO - Analyte Hypoxanthine_POS was not included in 3 gestational bin outlier analysis - excluded from complication-specific chi-squared testing.
2026-09-08 11:48:25,027 - INFO - Analyte unk_n386_NEG_255.8221_RT3.67 was not included in 3 gestational bin outlier analysis - excluded from complication-specific chi-squared testing.
2026-09-08 11:48:25,067 - INFO - Analyte unk_p2168_POS_231.8783_RT3.23 was not included in 3 gestational bin outlier analysis - excluded from complication-specific chi-squared testing.
2026-09-08 11:48:25,104 - INFO - Analyte Isobutyrylglycine_POS was not included in 3 gestational bin outlier analysis - excluded from complication-specific chi-squared testing.
2026-09-08 11:48:25,140 - INFO - Analyte Norepinephrine sulfate_POS was not included in 3 gestational bin outlier analysis - excluded from complication-specific chi-squared testing.
2026-09-08 11:48:25,175 - INFO - Analyte unk_p3339_POS_300.4097_RT0.75 was not included in 3 gestational bin outlier analysis - excluded from complication-specific chi-squared testing.
2026-09-08 11:48:25,211 - INFO - Analyte Didecyldimethylammonium_POS was not included in 3 gestational bin outlier analysis - excluded from complication-specific chi-squared testing.
2026-09-08 11:48:25,216 - INFO - Analyte Pantothenic acid_POS was not included in 3 gestational bin outlier analysis - excluded from complication-specific chi-squared testing.
2026-09-08 11:48:25,254 - INFO - Analyte NP-022451_POS was not included in 3 gestational bin outlier analysis - excluded from complication-specific chi-squared testing.
2026-09-08 11:48:25,273 - INFO - Analyte unk_p302_POS_81.5205_RT1.95 was not included in 3 gestational bin outlier analysis - excluded from complication-specific chi-squared testing.
2026-09-08 11:48:25,279 - INFO - Analyte 3-Oxalomalic acid_POS was not included in 3 gestational bin outlier analysis - excluded from complication-specific chi-squared testing.
2026-09-08 11:48:25,284 - INFO - Analyte cis-Acetylacrylate_NEG was not included in 3 gestational bin outlier analysis - excluded from complication-specific chi-squared testing.
2026-09-08 11:48:25,290 - INFO - Analyte (2R)-2,3-Dihydroxypropanoic acid_NEG was not included in 3 gestational bin outlier analysis - excluded from complication-specific chi-squared testing.
2026-09-08 11:48:25,296 - INFO - Analyte 2-Aminoisobutyric acid_POS was not included in 3 gestational bin outlier analysis - excluded from complication-specific chi-squared testing.
2026-09-08 11:48:25,335 - INFO - Analyte Leucylproline_POS was not included in 3 gestational bin outlier analysis - excluded from complication-specific chi-squared testing.
2026-09-08 11:48:25,376 - INFO - Analyte (+-)-trans-3-Methyl norfentanyl_POS was not included in 3 gestational bin outlier analysis - excluded from complication-specific chi-squared testing.
2026-09-08 11:48:25,416 - INFO - Analyte Ethephon_POS was not included in 3 gestational bin outlier analysis - excluded from complication-specific chi-squared testing.
2026-09-08 11:48:25,458 - INFO - Analyte unk_p93_POS_90.5258_RT0.76 was not included in 3 gestational bin outlier analysis - excluded from complication-specific chi-squared testing.
2026-09-08 11:48:25,497 - INFO - Analyte unk_p3799_POS_338.1166_RT7.62 was not included in 3 gestational bin outlier analysis - excluded from complication-specific chi-squared testing.
2026-09-08 11:48:25,539 - INFO - Analyte Xylariamide_POS was not included in 3 gestational bin outlier analysis - excluded from complication-specific chi-squared testing.
2026-09-08 11:48:25,578 - INFO - Analyte 4-Nitrophenyl beta-D-xyloside_POS was not included in 3 gestational bin outlier analysis - excluded from complication-specific chi-squared testing.
2026-09-08 11:48:25,617 - INFO - Analyte unk_p1541_POS_276.0038_RT4.14 was not included in 3 gestational bin outlier analysis - excluded from complication-specific chi-squared testing.
2026-09-08 11:48:25,656 - INFO - Analyte L-Isoleucine_POS was not included in 3 gestational bin outlier analysis - excluded from complication-specific chi-squared testing.
2026-09-08 11:48:25,697 - INFO - Analyte 3-Methylcrotonylglycine_POS was not included in 3 gestational bin outlier analysis - excluded from complication-specific chi-squared testing.
2026-09-08 11:48:25,788 - INFO - Analyte 3-Hydroxymepivacaine_POS was not included in 3 gestational bin outlier analysis - excluded from complication-specific chi-squared testing.
2026-09-08 11:48:25,827 - INFO - Analyte L-Erythrulose_NEG was not included in 3 gestational bin outlier analysis - excluded from complication-specific chi-squared testing.
2026-09-08 11:48:25,866 - INFO - Analyte methyl 2-(acetylamino)-4-amino-4-oxobutanoate_POS was not included in 3 gestational bin outlier analysis - excluded from complication-specific chi-squared testing.
2026-09-08 11:48:25,906 - INFO - Analyte Methoxyphenamine_POS was not included in 3 gestational bin outlier analysis - excluded from complication-specific chi-squared testing.
2026-09-08 11:48:25,944 - INFO - Analyte L-Threonine_POS was not included in 3 gestational bin outlier analysis - excluded from complication-specific chi-squared testing.
2026-09-08 11:48:25,950 - INFO - Analyte Doxylamine_POS was not included in 3 gestational bin outlier analysis - excluded from complication-specific chi-squared testing.
2026-09-08 11:48:25,955 - INFO - Analyte Taurine_NEG was not included in 3 gestational bin outlier analysis - excluded from complication-specific chi-squared testing.
2026-09-08 11:48:25,993 - INFO - Analyte unk_n441_NEG_525.3312_RT11.15 was not included in 3 gestational bin outlier analysis - excluded from complication-specific chi-squared testing.
2026-09-08 11:48:26,032 - INFO - Analyte unk_n529_NEG_197.8077_RT8.34 was not included in 3 gestational bin outlier analysis - excluded from complication-specific chi-squared testing.
2026-09-08 11:48:26,072 - INFO - Analyte beta-Alanine_POS was not included in 3 gestational bin outlier analysis - excluded from complication-specific chi-squared testing.
2026-09-08 11:48:26,112 - INFO - Analyte unk_p2702_POS_497.9977_RT1.05 was not included in 3 gestational bin outlier analysis - excluded from complication-specific chi-squared testing.
2026-09-08 11:48:26,150 - INFO - Analyte Ropivacaine_POS was not included in 3 gestational bin outlier analysis - excluded from complication-specific chi-squared testing.
2026-09-08 11:48:26,189 - INFO - Analyte TRIETHYLENE GLYCOL_POS was not included in 3 gestational bin outlier analysis - excluded from complication-specific chi-squared testing.
2026-09-08 11:48:26,227 - INFO - Analyte (±)-2-Propylthiazolidine_POS was not included in 3 gestational bin outlier analysis - excluded from complication-specific chi-squared testing.
2026-09-08 11:48:26,233 - INFO - Analyte [Similar to: Threonine; ΔMass: 83.9612 Da]_NEG was not included in 3 gestational bin outlier analysis - excluded from complication-specific chi-squared testing.
2026-09-08 11:48:26,268 - INFO - Analyte NP-015114_POS was not included in 3 gestational bin outlier analysis - excluded from complication-specific chi-squared testing.
2026-09-08 11:48:26,304 - INFO - Analyte unk_n915_NEG_102.9566_RT5.57 was not included in 3 gestational bin outlier analysis - excluded from complication-specific chi-squared testing.
2026-09-08 11:48:26,339 - INFO - Analyte Caprylic acid_POS was not included in 3 gestational bin outlier analysis - excluded from complication-specific chi-squared testing.
2026-09-08 11:48:26,378 - INFO - Analyte O-Desmethyl-lacosamide_POS was not included in 3 gestational bin outlier analysis - excluded from complication-specific chi-squared testing.
2026-09-08 11:48:26,414 - INFO - Analyte [3-amino-5-(methylsulfanyl)-4-(2-pyridinyl)-1H-pyrazol-1-yl](2-thienyl)methanone_POS was not included in 3 gestational bin outlier analysis - excluded from complication-specific chi-squared testing.
2026-09-08 11:48:26,452 - INFO - Analyte V-Pyrro/NO_POS was not included in 3 gestational bin outlier analysis - excluded from complication-specific chi-squared testing.
2026-09-08 11:48:26,457 - INFO - Analyte D-1,5-Anhydrofructose_NEG was not included in 3 gestational bin outlier analysis - excluded from complication-specific chi-squared testing.
2026-09-08 11:48:26,494 - INFO - Analyte unk_n3447_NEG_458.9835_RT1.44 was not included in 3 gestational bin outlier analysis - excluded from complication-specific chi-squared testing.
2026-09-08 11:48:26,532 - INFO - Analyte Cysteine-S-sulfate_NEG was not included in 3 gestational bin outlier analysis - excluded from complication-specific chi-squared testing.
2026-09-08 11:48:26,571 - INFO - Analyte unk_p4571_POS_347.8494_RT2.42 was not included in 3 gestational bin outlier analysis - excluded from complication-specific chi-squared testing.
2026-09-08 11:48:26,608 - INFO - Analyte Cysteineglutathione disulfide_POS was not included in 3 gestational bin outlier analysis - excluded from complication-specific chi-squared testing.
2026-09-08 11:48:26,646 - INFO - Analyte unk_p3493_POS_276.1361_RT4.66 was not included in 3 gestational bin outlier analysis - excluded from complication-specific chi-squared testing.
2026-09-08 11:48:26,653 - INFO - Analyte 3-Methylheptanoylcarnitine_POS was not included in 3 gestational bin outlier analysis - excluded from complication-specific chi-squared testing.
2026-09-08 11:48:26,690 - INFO - Analyte PEG n5_POS was not included in 3 gestational bin outlier analysis - excluded from complication-specific chi-squared testing.
2026-09-08 11:48:26,726 - INFO - Analyte D-Glycero-D-galacto-heptitol_NEG was not included in 3 gestational bin outlier analysis - excluded from complication-specific chi-squared testing.
2026-09-08 11:48:26,762 - INFO - Analyte 2-Hydroxy-4-oxopentanoic acid_NEG was not included in 3 gestational bin outlier analysis - excluded from complication-specific chi-squared testing.
2026-09-08 11:48:26,797 - INFO - Analyte 3-Hydroxymethylglutaric acid_POS was not included in 3 gestational bin outlier analysis - excluded from complication-specific chi-squared testing.
2026-09-08 11:48:26,803 - INFO - Analyte Furodazole_NEG was not included in 3 gestational bin outlier analysis - excluded from complication-specific chi-squared testing.
2026-09-08 11:48:26,887 - INFO - Analyte Creatine_NEG was not included in 3 gestational bin outlier analysis - excluded from complication-specific chi-squared testing.
2026-09-08 11:48:26,923 - INFO - Analyte unk_p1992_POS_481.8173_RT5.48 was not included in 3 gestational bin outlier analysis - excluded from complication-specific chi-squared testing.
2026-09-08 11:48:26,958 - INFO - Analyte N-cyclooctylurea_POS was not included in 3 gestational bin outlier analysis - excluded from complication-specific chi-squared testing.
2026-09-08 11:48:26,976 - INFO - Analyte unk_p21_POS_226.9514_RT0.64 was not included in 3 gestational bin outlier analysis - excluded from complication-specific chi-squared testing.
2026-09-08 11:48:27,012 - INFO - Analyte (R)-Salsolinol_POS was not included in 3 gestational bin outlier analysis - excluded from complication-specific chi-squared testing.
2026-09-08 11:48:27,046 - INFO - Analyte Desmethylcitalopram_POS was not included in 3 gestational bin outlier analysis - excluded from complication-specific chi-squared testing.
2026-09-08 11:48:27,082 - INFO - Analyte unk_n694_NEG_267.8479_RT4.64 was not included in 3 gestational bin outlier analysis - excluded from complication-specific chi-squared testing.
2026-09-08 11:48:27,117 - INFO - Analyte (2S)-4-(2-Aminophenyl)-2-formamido-4-oxobutanoic acid_POS was not included in 3 gestational bin outlier analysis - excluded from complication-specific chi-squared testing.
2026-09-08 11:48:27,122 - INFO - Analyte Squamolone_POS was not included in 3 gestational bin outlier analysis - excluded from complication-specific chi-squared testing.
2026-09-08 11:48:27,127 - INFO - Analyte 2-Imidazolidone_POS was not included in 3 gestational bin outlier analysis - excluded from complication-specific chi-squared testing.
2026-09-08 11:48:27,164 - INFO - Analyte Azetidomonamide A_POS was not included in 3 gestational bin outlier analysis - excluded from complication-specific chi-squared testing.
2026-09-08 11:48:27,200 - INFO - Analyte D-threo-isocitrate_NEG was not included in 3 gestational bin outlier analysis - excluded from complication-specific chi-squared testing.
2026-09-08 11:48:27,236 - INFO - Analyte unk_p2059_POS_179.0847_RT6.26 was not included in 3 gestational bin outlier analysis - excluded from complication-specific chi-squared testing.
2026-09-08 11:48:27,274 - INFO - Analyte (2S,3R)-3-Hydroxy-2-methylbutanoic acid_POS was not included in 3 gestational bin outlier analysis - excluded from complication-specific chi-squared testing.
2026-09-08 11:48:27,279 - INFO - Analyte Acetyl-L-carnitine_POS was not included in 3 gestational bin outlier analysis - excluded from complication-specific chi-squared testing.
2026-09-08 11:48:27,315 - INFO - Analyte D-(-)-Glutamine_NEG was not included in 3 gestational bin outlier analysis - excluded from complication-specific chi-squared testing.
2026-09-08 11:48:27,349 - INFO - Analyte unk_p1337_POS_490.8173_RT11.18 was not included in 3 gestational bin outlier analysis - excluded from complication-specific chi-squared testing.
2026-09-08 11:48:27,384 - INFO - Analyte N,N-dimethyl-N-(3-perfluoroalkylsulfonamidopropan-1-yl)-N-(3-sulfopropan-1-yl)ammonium;N-sulfo propyl dimethyl ammonio propyl perfluoroethane sulfonamide;N-sulfo propyl dimethyl ammonio propyl perfluoroethane sulfonamide;perfluoroethane sulfonamido betaine propyl sulfonate_POS was not included in 3 gestational bin outlier analysis - excluded from complication-specific chi-squared testing.
2026-09-08 11:48:27,419 - INFO - Analyte (x)-2-Heptanol glucoside_POS was not included in 3 gestational bin outlier analysis - excluded from complication-specific chi-squared testing.
2026-09-08 11:48:27,454 - INFO - Analyte Succinic acid semialdehyde_NEG was not included in 3 gestational bin outlier analysis - excluded from complication-specific chi-squared testing.
2026-09-08 11:48:27,489 - INFO - Analyte D-(+)-Glucose_POS was not included in 3 gestational bin outlier analysis - excluded from complication-specific chi-squared testing.
2026-09-08 11:48:27,528 - INFO - Analyte Diethylaminoethyl-Sephacel_POS was not included in 3 gestational bin outlier analysis - excluded from complication-specific chi-squared testing.
2026-09-08 11:48:27,569 - INFO - Analyte L-Glutamic acid_POS was not included in 3 gestational bin outlier analysis - excluded from complication-specific chi-squared testing.
2026-09-08 11:48:27,609 - INFO - Analyte Penicillamine disulfide_POS was not included in 3 gestational bin outlier analysis - excluded from complication-specific chi-squared testing.
2026-09-08 11:48:27,647 - INFO - Analyte [Similar to: Asparagine; ΔMass: 67.9873 Da]_NEG was not included in 3 gestational bin outlier analysis - excluded from complication-specific chi-squared testing.
2026-09-08 11:48:27,687 - INFO - Analyte 6-Chloro-2,3,4,5-tetrahydro-1H-3-benzazepine_NEG was not included in 3 gestational bin outlier analysis - excluded from complication-specific chi-squared testing.
2026-09-08 11:48:27,727 - INFO - Analyte Validoxylamine G_POS was not included in 3 gestational bin outlier analysis - excluded from complication-specific chi-squared testing.
2026-09-08 11:48:27,733 - INFO - Analyte Threonine_NEG was not included in 3 gestational bin outlier analysis - excluded from complication-specific chi-squared testing.
2026-09-08 11:48:27,774 - INFO - Analyte O-Desmethyl-cis-tramadol_POS was not included in 3 gestational bin outlier analysis - excluded from complication-specific chi-squared testing.
2026-09-08 11:48:27,859 - INFO - Analyte N,N-Didesmethylvenlafaxine_POS was not included in 3 gestational bin outlier analysis - excluded from complication-specific chi-squared testing.
2026-09-08 11:48:27,877 - INFO - Analyte 3-[(4-Chlorophenyl)thio]-6-(3,5-dimethyl-1H-pyrazol-1-yl)pyridazine_POS was not included in 3 gestational bin outlier analysis - excluded from complication-specific chi-squared testing.
2026-09-08 11:48:27,911 - INFO - Analyte Aladapcin_POS was not included in 3 gestational bin outlier analysis - excluded from complication-specific chi-squared testing.
2026-09-08 11:48:27,917 - INFO - Analyte Acetylcholine_POS was not included in 3 gestational bin outlier analysis - excluded from complication-specific chi-squared testing.
2026-09-08 11:48:27,952 - INFO - Analyte Cocaine_POS was not included in 3 gestational bin outlier analysis - excluded from complication-specific chi-squared testing.
2026-09-08 11:48:27,986 - INFO - Analyte (2R*,3R*)-1,2,3-Butanetriol_POS was not included in 3 gestational bin outlier analysis - excluded from complication-specific chi-squared testing.
2026-09-08 11:48:28,021 - INFO - Analyte Tranexamic Acid_POS was not included in 3 gestational bin outlier analysis - excluded from complication-specific chi-squared testing.
2026-09-08 11:48:28,055 - INFO - Analyte Citalopram hydrobromide_POS was not included in 3 gestational bin outlier analysis - excluded from complication-specific chi-squared testing.
2026-09-08 11:48:28,090 - INFO - Analyte Crotonic acid_POS was not included in 3 gestational bin outlier analysis - excluded from complication-specific chi-squared testing.
2026-09-08 11:48:28,126 - INFO - Analyte unk_n104_NEG_197.8080_RT4.23 was not included in 3 gestational bin outlier analysis - excluded from complication-specific chi-squared testing.
2026-09-08 11:48:28,144 - INFO - Analyte [Similar to: N1-(2-methyl-4-nitrophenyl)acetamide; ΔMass: -46.1009 Da]_NEG was not included in 3 gestational bin outlier analysis - excluded from complication-specific chi-squared testing.
2026-09-08 11:48:28,183 - INFO - Analyte 2-(2-Thienylmethylene)-1,6-dioxaspiro[4.4]non-3-ene_POS was not included in 3 gestational bin outlier analysis - excluded from complication-specific chi-squared testing.
2026-09-08 11:48:28,220 - INFO - Analyte unk_p755_POS_173.0783_RT3.49 was not included in 3 gestational bin outlier analysis - excluded from complication-specific chi-squared testing.
2026-09-08 11:48:28,260 - INFO - Analyte Vaccenyl carnitine_POS was not included in 3 gestational bin outlier analysis - excluded from complication-specific chi-squared testing.
2026-09-08 11:48:28,266 - INFO - Analyte Glycylproline_POS was not included in 3 gestational bin outlier analysis - excluded from complication-specific chi-squared testing.
2026-09-08 11:48:28,271 - INFO - Analyte 2-Oxopropyl 2-oxopropanoate_NEG was not included in 3 gestational bin outlier analysis - excluded from complication-specific chi-squared testing.
2026-09-08 11:48:28,311 - INFO - Analyte methadone-d9_NEG was not included in 3 gestational bin outlier analysis - excluded from complication-specific chi-squared testing.
2026-09-08 11:48:28,352 - INFO - Analyte 2-(methylthio)-4-(3-pyridyl)pyrimidine_POS was not included in 3 gestational bin outlier analysis - excluded from complication-specific chi-squared testing.
2026-09-08 11:48:28,358 - INFO - Analyte unk_p4117_POS_730.1590_RT4.67 was not included in 3 gestational bin outlier analysis - excluded from complication-specific chi-squared testing.
2026-09-08 11:48:28,363 - INFO - Analyte Butyrylcarnitine_POS was not included in 3 gestational bin outlier analysis - excluded from complication-specific chi-squared testing.
2026-09-08 11:48:28,402 - INFO - Analyte Triisobutyl phosphate_POS was not included in 3 gestational bin outlier analysis - excluded from complication-specific chi-squared testing.
2026-09-08 11:48:28,441 - INFO - Analyte 1-Methoxy-1H-indole-3-acetonitrile_POS was not included in 3 gestational bin outlier analysis - excluded from complication-specific chi-squared testing.
2026-09-08 11:48:28,477 - INFO - Analyte (5R)-5-Hydroxyhexanoic acid_POS was not included in 3 gestational bin outlier analysis - excluded from complication-specific chi-squared testing.
2026-09-08 11:48:28,512 - INFO - Analyte [Similar to: L-Threonic acid; ΔMass: 112.0010 Da]_NEG was not included in 3 gestational bin outlier analysis - excluded from complication-specific chi-squared testing.
2026-09-08 11:48:28,546 - INFO - Analyte unk_p2205_POS_101.0790_RT2.80 was not included in 3 gestational bin outlier analysis - excluded from complication-specific chi-squared testing.
2026-09-08 11:48:28,581 - INFO - Analyte Diaminopimelic acid_POS was not included in 3 gestational bin outlier analysis - excluded from complication-specific chi-squared testing.
2026-09-08 11:48:28,615 - INFO - Analyte N-Methyl-4-nitroaniline_POS was not included in 3 gestational bin outlier analysis - excluded from complication-specific chi-squared testing.
2026-09-08 11:48:28,708 - INFO - Analyte unk_n219_NEG_116.9285_RT11.96 was not included in 3 gestational bin outlier analysis - excluded from complication-specific chi-squared testing.
2026-09-08 11:48:28,749 - INFO - Analyte 1,2,2-trifluoro-2-(trifluoromethoxy)ethan-1-ol;Hydrogen-substituted perfluoroether butanol_NEG was not included in 3 gestational bin outlier analysis - excluded from complication-specific chi-squared testing.
2026-09-08 11:48:28,789 - INFO - Analyte Octylphosphonic acid_POS was not included in 3 gestational bin outlier analysis - excluded from complication-specific chi-squared testing.
2026-09-08 11:48:28,809 - INFO - Analyte Morpholine_POS was not included in 3 gestational bin outlier analysis - excluded from complication-specific chi-squared testing.
2026-09-08 11:48:28,848 - INFO - Analyte Valine_POS was not included in 3 gestational bin outlier analysis - excluded from complication-specific chi-squared testing.
2026-09-08 11:48:28,885 - INFO - Analyte 4-Oxoproline_NEG was not included in 3 gestational bin outlier analysis - excluded from complication-specific chi-squared testing.
2026-09-08 11:48:28,923 - INFO - Analyte unk_p3907_POS_370.0736_RT5.90 was not included in 3 gestational bin outlier analysis - excluded from complication-specific chi-squared testing.
2026-09-08 11:48:28,964 - INFO - Analyte N-acetyl zonisamide_POS was not included in 3 gestational bin outlier analysis - excluded from complication-specific chi-squared testing.
2026-09-08 11:48:28,970 - INFO - Analyte 4-Hydroxyproline_NEG was not included in 3 gestational bin outlier analysis - excluded from complication-specific chi-squared testing.
2026-09-08 11:48:29,028 - INFO - Analyte unk_p1789_POS_481.8174_RT8.05 was not included in 3 gestational bin outlier analysis - excluded from complication-specific chi-squared testing.
2026-09-08 11:48:29,069 - INFO - Analyte N-(1,3-benzodioxol-5-yl)-2-methyl-5-(piperidinosulfonyl)-3-furamide_POS was not included in 3 gestational bin outlier analysis - excluded from complication-specific chi-squared testing.
2026-09-08 11:48:29,107 - INFO - Analyte NP-022068_POS was not included in 3 gestational bin outlier analysis - excluded from complication-specific chi-squared testing.
2026-09-08 11:48:29,146 - INFO - Analyte unk_n683_NEG_226.9274_RT2.46 was not included in 3 gestational bin outlier analysis - excluded from complication-specific chi-squared testing.
2026-09-08 11:48:29,186 - INFO - Analyte [Similar to: 2-{[(2R,3R,4S,5S,6R)-4,5-dihydroxy-6-(hydroxymethyl)-3-{[(2S,3R,4R,5R,6S)-3,4,5-trihydroxy-6-methyloxan-2-yl]oxy}oxan-2-yl]oxy}-2-(4-hydroxyphenyl)acetonitrile; ΔMass: -157.9643 Da]_POS was not included in 3 gestational bin outlier analysis - excluded from complication-specific chi-squared testing.
2026-09-08 11:48:29,225 - INFO - Analyte 3-Hydroxymonoethylglycinexylidide_POS was not included in 3 gestational bin outlier analysis - excluded from complication-specific chi-squared testing.
2026-09-08 11:48:29,263 - INFO - Analyte 2-Aminothiazole_POS was not included in 3 gestational bin outlier analysis - excluded from complication-specific chi-squared testing.
2026-09-08 11:48:29,269 - INFO - Analyte Pyrrolidine_POS was not included in 3 gestational bin outlier analysis - excluded from complication-specific chi-squared testing.
2026-09-08 11:48:29,288 - INFO - Analyte unk_p1714_POS_174.9566_RT3.15 was not included in 3 gestational bin outlier analysis - excluded from complication-specific chi-squared testing.
2026-09-08 11:48:29,328 - INFO - Analyte Bicine_NEG was not included in 3 gestational bin outlier analysis - excluded from complication-specific chi-squared testing.
2026-09-08 11:48:29,369 - INFO - Analyte bk-MDDMA_POS was not included in 3 gestational bin outlier analysis - excluded from complication-specific chi-squared testing.
2026-09-08 11:48:29,408 - INFO - Analyte unk_n43_NEG_231.9316_RT9.38 was not included in 3 gestational bin outlier analysis - excluded from complication-specific chi-squared testing.
2026-09-08 11:48:29,414 - INFO - Analyte (S)-(+)-2-Amino-1-propanol_POS was not included in 3 gestational bin outlier analysis - excluded from complication-specific chi-squared testing.
2026-09-08 11:48:29,454 - INFO - Analyte Ritodrine_POS was not included in 3 gestational bin outlier analysis - excluded from complication-specific chi-squared testing.
2026-09-08 11:48:29,493 - INFO - Analyte Allyl 2-(1H-benzimidazol-2-yl)-2-cyano-N-phenylethanimidothioate_POS was not included in 3 gestational bin outlier analysis - excluded from complication-specific chi-squared testing.
2026-09-08 11:48:29,531 - INFO - Analyte Pseudoecgonine_POS was not included in 3 gestational bin outlier analysis - excluded from complication-specific chi-squared testing.
2026-09-08 11:48:29,573 - INFO - Analyte Proline_POS was not included in 3 gestational bin outlier analysis - excluded from complication-specific chi-squared testing.
2026-09-08 11:48:29,612 - INFO - Analyte unk_p4135_POS_461.8025_RT1.59 was not included in 3 gestational bin outlier analysis - excluded from complication-specific chi-squared testing.
2026-09-08 11:48:29,650 - INFO - Analyte unk_p2327_POS_272.1338_RT2.37 was not included in 3 gestational bin outlier analysis - excluded from complication-specific chi-squared testing.
2026-09-08 11:48:29,744 - INFO - Analyte NP-020535_POS was not included in 3 gestational bin outlier analysis - excluded from complication-specific chi-squared testing.
2026-09-08 11:48:29,784 - INFO - Analyte 5-nitrothiazol-2-amine_POS was not included in 3 gestational bin outlier analysis - excluded from complication-specific chi-squared testing.
2026-09-08 11:48:29,821 - INFO - Analyte unk_p4977_POS_430.3673_RT0.76 was not included in 3 gestational bin outlier analysis - excluded from complication-specific chi-squared testing.
2026-09-08 11:48:29,856 - INFO - Analyte unk_p1632_POS_663.4347_RT12.76 was not included in 3 gestational bin outlier analysis - excluded from complication-specific chi-squared testing.
2026-09-08 11:48:29,891 - INFO - Analyte 3-Hydroxybupivicaine_POS was not included in 3 gestational bin outlier analysis - excluded from complication-specific chi-squared testing.
2026-09-08 11:48:29,897 - INFO - Analyte unk_n9_NEG_273.9896_RT11.04 was not included in 3 gestational bin outlier analysis - excluded from complication-specific chi-squared testing.
2026-09-08 11:48:29,932 - INFO - Analyte 3-hydroxy-3-methylpentanedioic acid_POS was not included in 3 gestational bin outlier analysis - excluded from complication-specific chi-squared testing.
2026-09-08 11:48:29,969 - INFO - Analyte 2-Methyl-3-ketovaleric acid_POS was not included in 3 gestational bin outlier analysis - excluded from complication-specific chi-squared testing.
2026-09-08 11:48:30,007 - INFO - Analyte (4E)-3-Hydroxy-2,4-dimethyl-4-heptenamide_POS was not included in 3 gestational bin outlier analysis - excluded from complication-specific chi-squared testing.
2026-09-08 11:48:30,043 - INFO - Analyte Lamotrigine_POS was not included in 3 gestational bin outlier analysis - excluded from complication-specific chi-squared testing.
2026-09-08 11:48:30,080 - INFO - Analyte Xestoaminol C_POS was not included in 3 gestational bin outlier analysis - excluded from complication-specific chi-squared testing.
2026-09-08 11:48:30,119 - INFO - Analyte Acycloguanosine_NEG was not included in 3 gestational bin outlier analysis - excluded from complication-specific chi-squared testing.
2026-09-08 11:48:30,139 - INFO - Analyte unk_n75_NEG_197.8079_RT5.38 was not included in 3 gestational bin outlier analysis - excluded from complication-specific chi-squared testing.
2026-09-08 11:48:30,179 - INFO - Analyte Mevalonic acid_POS was not included in 3 gestational bin outlier analysis - excluded from complication-specific chi-squared testing.
2026-09-08 11:48:30,219 - INFO - Analyte Lorbamate_POS was not included in 3 gestational bin outlier analysis - excluded from complication-specific chi-squared testing.
2026-09-08 11:48:30,254 - INFO - Analyte 2-Furanmethanol_POS was not included in 3 gestational bin outlier analysis - excluded from complication-specific chi-squared testing.
2026-09-08 11:48:30,259 - INFO - Analyte Guanidoacetic acid_POS was not included in 3 gestational bin outlier analysis - excluded from complication-specific chi-squared testing.
2026-09-08 11:48:30,295 - INFO - Analyte Acetazolamide_NEG was not included in 3 gestational bin outlier analysis - excluded from complication-specific chi-squared testing.
2026-09-08 11:48:30,330 - INFO - Analyte unk_n834_NEG_333.1415_RT9.64 was not included in 3 gestational bin outlier analysis - excluded from complication-specific chi-squared testing.
2026-09-08 11:48:30,365 - INFO - Analyte D-(+)-Maltose_NEG was not included in 3 gestational bin outlier analysis - excluded from complication-specific chi-squared testing.
2026-09-08 11:48:30,400 - INFO - Analyte 4-Thialysine_POS was not included in 3 gestational bin outlier analysis - excluded from complication-specific chi-squared testing.
2026-09-08 11:48:30,441 - INFO - Analyte unk_p2623_POS_506.2075_RT7.31 was not included in 3 gestational bin outlier analysis - excluded from complication-specific chi-squared testing.
2026-09-08 11:48:30,485 - INFO - Analyte unk_n11_NEG_273.9895_RT10.40 was not included in 3 gestational bin outlier analysis - excluded from complication-specific chi-squared testing.
2026-09-08 11:48:30,523 - INFO - Analyte L-beta-aspartyl-L-glycine_POS was not included in 3 gestational bin outlier analysis - excluded from complication-specific chi-squared testing.
2026-09-08 11:48:30,562 - INFO - Analyte unk_p4598_POS_370.0734_RT6.62 was not included in 3 gestational bin outlier analysis - excluded from complication-specific chi-squared testing.
2026-09-08 11:48:30,599 - INFO - Analyte unk_p4657_POS_382.3426_RT11.09 was not included in 3 gestational bin outlier analysis - excluded from complication-specific chi-squared testing.
2026-09-08 11:48:30,636 - INFO - Analyte 5-Nitro-o-toluidine_POS was not included in 3 gestational bin outlier analysis - excluded from complication-specific chi-squared testing.
2026-09-08 11:48:30,671 - INFO - Analyte Xylactam_POS was not included in 3 gestational bin outlier analysis - excluded from complication-specific chi-squared testing.
2026-09-08 11:48:30,705 - INFO - Analyte unk_p1333_POS_99.5122_RT7.62 was not included in 3 gestational bin outlier analysis - excluded from complication-specific chi-squared testing.
2026-09-08 11:48:30,711 - INFO - Analyte 7-(2-thienyl)[1,2,4]triazolo[4,3-a]pyrimidine_POS was not included in 3 gestational bin outlier analysis - excluded from complication-specific chi-squared testing.
2026-09-08 11:48:30,796 - INFO - Analyte cis-Acetylacrylate_POS was not included in 3 gestational bin outlier analysis - excluded from complication-specific chi-squared testing.
2026-09-08 11:48:30,832 - INFO - Analyte Ecgonine_POS was not included in 3 gestational bin outlier analysis - excluded from complication-specific chi-squared testing.
2026-09-08 11:48:30,867 - INFO - Analyte PEG n12_POS was not included in 3 gestational bin outlier analysis - excluded from complication-specific chi-squared testing.
2026-09-08 11:48:30,872 - INFO - Analyte 2-Furancarboxaldehyde_NEG was not included in 3 gestational bin outlier analysis - excluded from complication-specific chi-squared testing.
2026-09-08 11:48:30,907 - INFO - Analyte L-Aspartic acid_POS was not included in 3 gestational bin outlier analysis - excluded from complication-specific chi-squared testing.
2026-09-08 11:48:30,946 - INFO - Analyte Homocitrulline_POS was not included in 3 gestational bin outlier analysis - excluded from complication-specific chi-squared testing.
2026-09-08 11:48:30,986 - INFO - Analyte unk_p8_POS_178.0903_RT10.06 was not included in 3 gestational bin outlier analysis - excluded from complication-specific chi-squared testing.
2026-09-08 11:48:31,024 - INFO - Analyte Methadone_POS was not included in 3 gestational bin outlier analysis - excluded from complication-specific chi-squared testing.
2026-09-08 11:48:31,063 - INFO - Analyte unk_p2870_POS_426.3213_RT12.12 was not included in 3 gestational bin outlier analysis - excluded from complication-specific chi-squared testing.
2026-09-08 11:48:31,106 - INFO - Analyte Methamphetamine_POS was not included in 3 gestational bin outlier analysis - excluded from complication-specific chi-squared testing.
2026-09-08 11:48:31,141 - INFO - Analyte Propylenediamine tetra-acetic acid_POS was not included in 3 gestational bin outlier analysis - excluded from complication-specific chi-squared testing.
2026-09-08 11:48:31,177 - INFO - Analyte 3-(2-methylpropyl)-octahydropyrrolo[1,2-a]pyrazine-1,4-dione_POS was not included in 3 gestational bin outlier analysis - excluded from complication-specific chi-squared testing.
2026-09-08 11:48:31,211 - INFO - Analyte Venlafaxine N-Oxide_POS was not included in 3 gestational bin outlier analysis - excluded from complication-specific chi-squared testing.
2026-09-08 11:48:31,246 - INFO - Analyte 1,1-Dichloroacetone_POS was not included in 3 gestational bin outlier analysis - excluded from complication-specific chi-squared testing.
2026-09-08 11:48:31,282 - INFO - Analyte unk_p1255_POS_297.9856_RT8.42 was not included in 3 gestational bin outlier analysis - excluded from complication-specific chi-squared testing.
2026-09-08 11:48:31,317 - INFO - Analyte (2S,3R,4S,5R,6R)-6-Ethyloxane-2,3,4,5-tetrol_POS was not included in 3 gestational bin outlier analysis - excluded from complication-specific chi-squared testing.
2026-09-08 11:48:31,353 - INFO - Analyte Phenyl sulfoxide_NEG was not included in 3 gestational bin outlier analysis - excluded from complication-specific chi-squared testing.
2026-09-08 11:48:31,387 - INFO - Analyte [Similar to: L-Threonic acid; ΔMass: 67.9873 Da]_NEG was not included in 3 gestational bin outlier analysis - excluded from complication-specific chi-squared testing.
2026-09-08 11:48:31,392 - INFO - Analyte Alanylserine_POS was not included in 3 gestational bin outlier analysis - excluded from complication-specific chi-squared testing.
2026-09-08 11:48:31,425 - INFO - Analyte D3-Creatinine_POS was not included in 3 gestational bin outlier analysis - excluded from complication-specific chi-squared testing.
2026-09-08 11:48:31,459 - INFO - Analyte 2-(4-chlorophenoxy)pyridin-3-amine_POS was not included in 3 gestational bin outlier analysis - excluded from complication-specific chi-squared testing.
2026-09-08 11:48:31,493 - INFO - Analyte L-Lysine_POS was not included in 3 gestational bin outlier analysis - excluded from complication-specific chi-squared testing.
2026-09-08 11:48:31,528 - INFO - Analyte Epinephrine_POS was not included in 3 gestational bin outlier analysis - excluded from complication-specific chi-squared testing.
2026-09-08 11:48:31,563 - INFO - Analyte unk_p4438_POS_454.2431_RT9.53 was not included in 3 gestational bin outlier analysis - excluded from complication-specific chi-squared testing.
2026-09-08 11:48:31,598 - INFO - Analyte unk_n449_NEG_525.3312_RT11.55 was not included in 3 gestational bin outlier analysis - excluded from complication-specific chi-squared testing.
2026-09-08 11:48:31,603 - INFO - Analyte unk_n2989_NEG_778.2049_RT9.66 was not included in 3 gestational bin outlier analysis - excluded from complication-specific chi-squared testing.
2026-09-08 11:48:31,638 - INFO - Analyte Hydroxymethyl hydrogen carbonate_NEG was not included in 3 gestational bin outlier analysis - excluded from complication-specific chi-squared testing.
2026-09-08 11:48:31,674 - INFO - Analyte 5S,6S-epoxy-15R-hydroxy-ETE_POS was not included in 3 gestational bin outlier analysis - excluded from complication-specific chi-squared testing.
2026-09-08 11:48:31,707 - INFO - Analyte Cefalexin_POS was not included in 3 gestational bin outlier analysis - excluded from complication-specific chi-squared testing.
2026-09-08 11:48:31,742 - INFO - Analyte unk_p256_POS_223.0700_RT11.18 was not included in 3 gestational bin outlier analysis - excluded from complication-specific chi-squared testing.
2026-09-08 11:48:31,778 - INFO - Analyte Citrulline_NEG was not included in 3 gestational bin outlier analysis - excluded from complication-specific chi-squared testing.
2026-09-08 11:48:31,814 - INFO - Analyte Nadolol_POS was not included in 3 gestational bin outlier analysis - excluded from complication-specific chi-squared testing.
2026-09-08 11:48:31,851 - INFO - Analyte Bupropion hydrochloride_POS was not included in 3 gestational bin outlier analysis - excluded from complication-specific chi-squared testing.
2026-09-08 11:48:31,887 - INFO - Analyte unk_p480_POS_242.9825_RT7.37 was not included in 3 gestational bin outlier analysis - excluded from complication-specific chi-squared testing.
2026-09-08 11:48:31,976 - INFO - Analyte N6-Me-Adenosine_POS was not included in 3 gestational bin outlier analysis - excluded from complication-specific chi-squared testing.
2026-09-08 11:48:32,013 - INFO - Analyte Anthranilic acid_POS was not included in 3 gestational bin outlier analysis - excluded from complication-specific chi-squared testing.
2026-09-08 11:48:32,048 - INFO - Analyte 2-Pyridylacetic acid_POS was not included in 3 gestational bin outlier analysis - excluded from complication-specific chi-squared testing.
2026-09-08 11:48:32,054 - INFO - Analyte 2-Aminobicyclo[3.1.0]hexane-2,6-dicarboxylic acid_POS was not included in 3 gestational bin outlier analysis - excluded from complication-specific chi-squared testing.
2026-09-08 11:48:32,059 - INFO - Analyte Clopidol_POS was not included in 3 gestational bin outlier analysis - excluded from complication-specific chi-squared testing.
2026-09-08 11:48:32,065 - INFO - Analyte Asparagine_NEG was not included in 3 gestational bin outlier analysis - excluded from complication-specific chi-squared testing.
2026-09-08 11:48:32,100 - INFO - Analyte Pyrogallol_POS was not included in 3 gestational bin outlier analysis - excluded from complication-specific chi-squared testing.
2026-09-08 11:48:32,106 - INFO - Analyte N-{[(2R,4S,5R)-5-(1-Methyl-3-phenyl-1H-pyrazol-5-yl)-1-azabicyclo[2.2.2]oct-2-yl]methyl}methanesulfonamide_POS was not included in 3 gestational bin outlier analysis - excluded from complication-specific chi-squared testing.
2026-09-08 11:48:32,143 - INFO - Analyte unk_p1961_POS_481.8174_RT7.74 was not included in 3 gestational bin outlier analysis - excluded from complication-specific chi-squared testing.
2026-09-08 11:48:32,179 - INFO - Analyte Dihydrothymine_NEG was not included in 3 gestational bin outlier analysis - excluded from complication-specific chi-squared testing.
2026-09-08 11:48:32,216 - INFO - Analyte Metronidazole-OH_POS was not included in 3 gestational bin outlier analysis - excluded from complication-specific chi-squared testing.
2026-09-08 11:48:32,253 - INFO - Analyte L-Aspartic acid_NEG was not included in 3 gestational bin outlier analysis - excluded from complication-specific chi-squared testing.
2026-09-08 11:48:32,259 - INFO - Analyte 6-(1,2,3,4-Tetrahydroxybutyl)oxane-2,3,4,5-tetrol_NEG was not included in 3 gestational bin outlier analysis - excluded from complication-specific chi-squared testing.
2026-09-08 11:48:32,295 - INFO - Analyte N-Acetyl-DL-tryptophan_POS was not included in 3 gestational bin outlier analysis - excluded from complication-specific chi-squared testing.
2026-09-08 11:48:32,301 - INFO - Analyte unk_n3153_NEG_237.9734_RT2.13 was not included in 3 gestational bin outlier analysis - excluded from complication-specific chi-squared testing.
2026-09-08 11:48:32,337 - INFO - Analyte Acycloguanosine_POS was not included in 3 gestational bin outlier analysis - excluded from complication-specific chi-squared testing.
2026-09-08 11:48:32,374 - INFO - Analyte 2-(2,6-dimethoxyphenyl)-5,6-dimethoxy-4H-chromen-4-one_POS was not included in 3 gestational bin outlier analysis - excluded from complication-specific chi-squared testing.
2026-09-08 11:48:32,412 - INFO - Analyte Allopurinol_NEG was not included in 3 gestational bin outlier analysis - excluded from complication-specific chi-squared testing.
2026-09-08 11:48:32,419 - INFO - Analyte 5-Aminolevulinic acid_POS was not included in 3 gestational bin outlier analysis - excluded from complication-specific chi-squared testing.
2026-09-08 11:48:32,456 - INFO - Analyte [Similar to: DL-Arginine; ΔMass: 180.0636 Da]_NEG was not included in 3 gestational bin outlier analysis - excluded from complication-specific chi-squared testing.
2026-09-08 11:48:32,492 - INFO - Analyte Aspartame_POS was not included in 3 gestational bin outlier analysis - excluded from complication-specific chi-squared testing.
2026-09-08 11:48:32,535 - INFO - Analyte 2-Furancarboxaldehyde_POS was not included in 3 gestational bin outlier analysis - excluded from complication-specific chi-squared testing.
2026-09-08 11:48:32,573 - INFO - Analyte Methoxsalen_POS was not included in 3 gestational bin outlier analysis - excluded from complication-specific chi-squared testing.
2026-09-08 11:48:32,607 - INFO - Analyte Phosphate_NEG was not included in 3 gestational bin outlier analysis - excluded from complication-specific chi-squared testing.
2026-09-08 11:48:32,641 - INFO - Analyte D-(+)-Glucose_NEG was not included in 3 gestational bin outlier analysis - excluded from complication-specific chi-squared testing.
2026-09-08 11:48:32,676 - INFO - Analyte unk_n146_NEG_228.9939_RT11.62 was not included in 3 gestational bin outlier analysis - excluded from complication-specific chi-squared testing.
2026-09-08 11:48:32,681 - INFO - Analyte L-Pyroglutamic acid_POS was not included in 3 gestational bin outlier analysis - excluded from complication-specific chi-squared testing.
2026-09-08 11:48:32,716 - INFO - Analyte tetrahomomethionine_POS was not included in 3 gestational bin outlier analysis - excluded from complication-specific chi-squared testing.
2026-09-08 11:48:32,749 - INFO - Analyte Cyclopentylamine_POS was not included in 3 gestational bin outlier analysis - excluded from complication-specific chi-squared testing.
2026-09-08 11:48:32,784 - INFO - Analyte N-(2-Hydroxypropyl)valine_POS was not included in 3 gestational bin outlier analysis - excluded from complication-specific chi-squared testing.
2026-09-08 11:48:32,817 - INFO - Analyte tert-Butyl N-[1-(aminocarbonyl)-3-methylbutyl]carbamate_POS was not included in 3 gestational bin outlier analysis - excluded from complication-specific chi-squared testing.
2026-09-08 11:48:32,851 - INFO - Analyte α-Lactose_POS was not included in 3 gestational bin outlier analysis - excluded from complication-specific chi-squared testing.
2026-09-08 11:48:32,888 - INFO - Analyte 1-(2-Furylmethyl)-5-oxopyrrolidine-3-carboxylic acid_NEG was not included in 3 gestational bin outlier analysis - excluded from complication-specific chi-squared testing.
2026-09-08 11:48:32,927 - INFO - Analyte 2-(Methylsulfonyl)pyridine_POS was not included in 3 gestational bin outlier analysis - excluded from complication-specific chi-squared testing.
2026-09-08 11:48:32,967 - INFO - Analyte 6-Hydroxy-1H-indole-3-acetamide_POS was not included in 3 gestational bin outlier analysis - excluded from complication-specific chi-squared testing.
2026-09-08 11:48:33,004 - INFO - Analyte unk_p2701_POS_497.9975_RT1.19 was not included in 3 gestational bin outlier analysis - excluded from complication-specific chi-squared testing.
2026-09-08 11:48:33,040 - INFO - Analyte O-Desmethylvenlafaxine_POS was not included in 3 gestational bin outlier analysis - excluded from complication-specific chi-squared testing.
2026-09-08 11:48:33,075 - INFO - Analyte 4-Pyridoxic acid_POS was not included in 3 gestational bin outlier analysis - excluded from complication-specific chi-squared testing.
2026-09-08 11:48:33,163 - INFO - Analyte N-Acetyl-L-carnosine_POS was not included in 3 gestational bin outlier analysis - excluded from complication-specific chi-squared testing.
2026-09-08 11:48:33,198 - INFO - Analyte unk_p557_POS_445.8151_RT12.73 was not included in 3 gestational bin outlier analysis - excluded from complication-specific chi-squared testing.
2026-09-08 11:48:33,232 - INFO - Analyte unk_p223_POS_111.0200_RT9.05 was not included in 3 gestational bin outlier analysis - excluded from complication-specific chi-squared testing.
2026-09-08 11:48:33,267 - INFO - Analyte Ethylenediaminetetraacetic acid (EDTA)_POS was not included in 3 gestational bin outlier analysis - excluded from complication-specific chi-squared testing.
2026-09-08 11:48:33,302 - INFO - Analyte unk_p5266_POS_459.2620_RT11.62 was not included in 3 gestational bin outlier analysis - excluded from complication-specific chi-squared testing.
2026-09-08 11:48:33,339 - INFO - Analyte 4'-Chloro-α-pyrrolidinopropiophenone_POS was not included in 3 gestational bin outlier analysis - excluded from complication-specific chi-squared testing.
2026-09-08 11:48:33,374 - INFO - Analyte Bis(cyano-kappaC)iron_POS was not included in 3 gestational bin outlier analysis - excluded from complication-specific chi-squared testing.
2026-09-08 11:48:33,379 - INFO - Analyte 1-Hydroxybenzotriazol_POS was not included in 3 gestational bin outlier analysis - excluded from complication-specific chi-squared testing.
2026-09-08 11:48:33,413 - INFO - Analyte Ornithine_NEG was not included in 3 gestational bin outlier analysis - excluded from complication-specific chi-squared testing.
2026-09-08 11:48:33,448 - INFO - Analyte DL-Arginine_POS was not included in 3 gestational bin outlier analysis - excluded from complication-specific chi-squared testing.
2026-09-08 11:48:33,483 - INFO - Analyte N-(5-Methyl-3-oxohexyl)alanine_POS was not included in 3 gestational bin outlier analysis - excluded from complication-specific chi-squared testing.
2026-09-08 11:48:33,488 - INFO - Analyte 4-Amino-2-pyrazin-2-ylpyrimidine-5-carbonitrile_POS was not included in 3 gestational bin outlier analysis - excluded from complication-specific chi-squared testing.
2026-09-08 11:48:33,522 - INFO - Analyte unk_p1254_POS_83.5357_RT0.57 was not included in 3 gestational bin outlier analysis - excluded from complication-specific chi-squared testing.
2026-09-08 11:48:33,526 - INFO - Analyte 3-(dimethylamino)-1-(2-pyridyl)prop-2-en-1-one_POS was not included in 3 gestational bin outlier analysis - excluded from complication-specific chi-squared testing.
2026-09-08 11:48:33,565 - INFO - Analyte Benzoylecgonine_POS was not included in 3 gestational bin outlier analysis - excluded from complication-specific chi-squared testing.
2026-09-08 11:48:33,599 - INFO - Analyte Suberic acid_POS was not included in 3 gestational bin outlier analysis - excluded from complication-specific chi-squared testing.
2026-09-08 11:48:33,604 - INFO - Analyte N,N'-Diphenylguanidine_POS was not included in 3 gestational bin outlier analysis - excluded from complication-specific chi-squared testing.
2026-09-08 11:48:33,638 - INFO - Analyte Leucylphenylalanine_POS was not included in 3 gestational bin outlier analysis - excluded from complication-specific chi-squared testing.
2026-09-08 11:48:33,643 - INFO - Analyte Atenolol acid_POS was not included in 3 gestational bin outlier analysis - excluded from complication-specific chi-squared testing.
2026-09-08 11:48:33,677 - INFO - Analyte Diisopropylphosphate_NEG was not included in 3 gestational bin outlier analysis - excluded from complication-specific chi-squared testing.
2026-09-08 11:48:33,711 - INFO - Analyte 4:2 fluorotelomer thia hydroxy propyl trimethyl ammonium;4:2 fluorotelomer thia hydroxy propyl trimethyl ammonium;fluorotelomer thiohydroxyl ammonium (Backe, D'Agostino, Meija-Avedano), X:2 fluorotelomer thioether 2-propanol trimethyl quaternary amine_POS was not included in 3 gestational bin outlier analysis - excluded from complication-specific chi-squared testing.
2026-09-08 11:48:33,716 - INFO - Analyte Caprolactam_POS was not included in 3 gestational bin outlier analysis - excluded from complication-specific chi-squared testing.
2026-09-08 11:48:33,749 - INFO - Analyte Bis(diaminomethylideneamino) butanedioate_POS was not included in 3 gestational bin outlier analysis - excluded from complication-specific chi-squared testing.
2026-09-08 11:48:33,785 - INFO - Analyte unk_p1141_POS_297.9856_RT8.76 was not included in 3 gestational bin outlier analysis - excluded from complication-specific chi-squared testing.
2026-09-08 11:48:33,819 - INFO - Analyte acutumidine_POS was not included in 3 gestational bin outlier analysis - excluded from complication-specific chi-squared testing.
2026-09-08 11:48:33,853 - INFO - Analyte unk_n189_NEG_228.9940_RT11.33 was not included in 3 gestational bin outlier analysis - excluded from complication-specific chi-squared testing.
2026-09-08 11:48:33,886 - INFO - Analyte 1-(Hydroxymethyl)-5,5-dimethyl-2,4-imidazolidinedione_POS was not included in 3 gestational bin outlier analysis - excluded from complication-specific chi-squared testing.
2026-09-08 11:48:33,920 - INFO - Analyte D-(-)-Ribose_NEG was not included in 3 gestational bin outlier analysis - excluded from complication-specific chi-squared testing.
2026-09-08 11:48:33,925 - INFO - Analyte Acetone hydrazone_POS was not included in 3 gestational bin outlier analysis - excluded from complication-specific chi-squared testing.
2026-09-08 11:48:33,958 - INFO - Analyte 1-[2-(2,5-Dimethyl-1H-pyrrol-1-yl)-4-nitrophenyl]-4-(methylsulfonyl)piperazine_POS was not included in 3 gestational bin outlier analysis - excluded from complication-specific chi-squared testing.
2026-09-08 11:48:33,992 - INFO - Analyte Soboliferamide_POS was not included in 3 gestational bin outlier analysis - excluded from complication-specific chi-squared testing.
2026-09-08 11:48:34,026 - INFO - Analyte 3-Hydroxysebacic acid_POS was not included in 3 gestational bin outlier analysis - excluded from complication-specific chi-squared testing.
2026-09-08 11:48:34,059 - INFO - Analyte D-Alanyl-D-alanine_POS was not included in 3 gestational bin outlier analysis - excluded from complication-specific chi-squared testing.
2026-09-08 11:48:34,093 - INFO - Analyte Medazepam_POS was not included in 3 gestational bin outlier analysis - excluded from complication-specific chi-squared testing.
2026-09-08 11:48:34,127 - INFO - Analyte Oxalic acid_NEG was not included in 3 gestational bin outlier analysis - excluded from complication-specific chi-squared testing.
2026-09-08 11:48:34,132 - INFO - Analyte 4-(3-Methyl-1-butenyl)-3,3',4',5-tetrahydroxystilbene_NEG was not included in 3 gestational bin outlier analysis - excluded from complication-specific chi-squared testing.
2026-09-08 11:48:34,165 - INFO - Analyte unk_n2029_NEG_102.9567_RT8.75 was not included in 3 gestational bin outlier analysis - excluded from complication-specific chi-squared testing.
2026-09-08 11:48:34,170 - INFO - Analyte [Similar to: Amphomycin; ΔMass: -1091.5889 Da]_POS was not included in 3 gestational bin outlier analysis - excluded from complication-specific chi-squared testing.
2026-09-08 11:48:34,259 - INFO - Analyte Glucosamine_POS was not included in 3 gestational bin outlier analysis - excluded from complication-specific chi-squared testing.
2026-09-08 11:48:34,264 - INFO - Analyte D-(-)-Lyxose_NEG was not included in 3 gestational bin outlier analysis - excluded from complication-specific chi-squared testing.
2026-09-08 11:48:34,300 - INFO - Analyte unk_p92_POS_90.5258_RT1.29 was not included in 3 gestational bin outlier analysis - excluded from complication-specific chi-squared testing.
2026-09-08 11:48:34,334 - INFO - Analyte 2-Hydroxyglutaric acid diethyl ester_POS was not included in 3 gestational bin outlier analysis - excluded from complication-specific chi-squared testing.
2026-09-08 11:48:34,368 - INFO - Analyte Tetraethylene glycol_POS was not included in 3 gestational bin outlier analysis - excluded from complication-specific chi-squared testing.
2026-09-08 11:48:34,403 - INFO - Analyte SK&F 91581_POS was not included in 3 gestational bin outlier analysis - excluded from complication-specific chi-squared testing.
2026-09-08 11:48:34,437 - INFO - Analyte unk_n158_NEG_215.8684_RT7.97 was not included in 3 gestational bin outlier analysis - excluded from complication-specific chi-squared testing.
2026-09-08 11:48:34,470 - INFO - Analyte Glutaminylglutamine_POS was not included in 3 gestational bin outlier analysis - excluded from complication-specific chi-squared testing.
2026-09-08 11:48:34,504 - INFO - Analyte unk_p2967_POS_272.1702_RT7.57 was not included in 3 gestational bin outlier analysis - excluded from complication-specific chi-squared testing.
2026-09-08 11:48:34,538 - INFO - Analyte 3-Hydroxyadipic acid 3,6-lactone_POS was not included in 3 gestational bin outlier analysis - excluded from complication-specific chi-squared testing.
2026-09-08 11:48:34,574 - INFO - Analyte dihomomethionine_POS was not included in 3 gestational bin outlier analysis - excluded from complication-specific chi-squared testing.
2026-09-08 11:48:34,616 - INFO - Analyte Pyruvic acid_NEG was not included in 3 gestational bin outlier analysis - excluded from complication-specific chi-squared testing.
2026-09-08 11:48:34,654 - INFO - Analyte unk_p800_POS_91.5045_RT9.41 was not included in 3 gestational bin outlier analysis - excluded from complication-specific chi-squared testing.
2026-09-08 11:48:34,660 - INFO - Analyte [Similar to: NP-004031; ΔMass: -416.3678 Da]_NEG was not included in 3 gestational bin outlier analysis - excluded from complication-specific chi-squared testing.
2026-09-08 11:48:34,695 - INFO - Analyte Norfentanyl_POS was not included in 3 gestational bin outlier analysis - excluded from complication-specific chi-squared testing.
2026-09-08 11:48:34,729 - INFO - Analyte 2-Methylbutyroylcarnitine_POS was not included in 3 gestational bin outlier analysis - excluded from complication-specific chi-squared testing.
2026-09-08 11:48:34,763 - INFO - Analyte 2-Hydroxy-3-methylpentanoic acid_POS was not included in 3 gestational bin outlier analysis - excluded from complication-specific chi-squared testing.
2026-09-08 11:48:34,799 - INFO - Analyte Glycyl-Glutamate_POS was not included in 3 gestational bin outlier analysis - excluded from complication-specific chi-squared testing.
2026-09-08 11:48:34,835 - INFO - Analyte 3-Deoxyglucosone_NEG was not included in 3 gestational bin outlier analysis - excluded from complication-specific chi-squared testing.
2026-09-08 11:48:34,873 - INFO - Analyte unk_p826_POS_235.9612_RT4.24 was not included in 3 gestational bin outlier analysis - excluded from complication-specific chi-squared testing.
2026-09-08 11:48:34,914 - INFO - Analyte unk_n2411_NEG_319.0083_RT2.93 was not included in 3 gestational bin outlier analysis - excluded from complication-specific chi-squared testing.
2026-09-08 11:48:34,954 - INFO - Analyte unk_n2019_NEG_382.1452_RT12.08 was not included in 3 gestational bin outlier analysis - excluded from complication-specific chi-squared testing.
2026-09-08 11:48:34,993 - INFO - Analyte 2-Amino-5-isopentyl-6-methylpyrimidin-4-ol_POS was not included in 3 gestational bin outlier analysis - excluded from complication-specific chi-squared testing.
2026-09-08 11:48:35,034 - INFO - Analyte Propyliodone_POS was not included in 3 gestational bin outlier analysis - excluded from complication-specific chi-squared testing.
2026-09-08 11:48:35,072 - INFO - Analyte 4-Azaspiro[bicyclo[2.2.2]octane-2,2'-[1,4]oxazolidine]-5'-one_POS was not included in 3 gestational bin outlier analysis - excluded from complication-specific chi-squared testing.
2026-09-08 11:48:35,108 - INFO - Analyte H2-D-erythro-Neopterin 2',3'-cyclic phosphate_POS was not included in 3 gestational bin outlier analysis - excluded from complication-specific chi-squared testing.
2026-09-08 11:48:35,142 - INFO - Analyte 2,2'-Anhydrocytidine_POS was not included in 3 gestational bin outlier analysis - excluded from complication-specific chi-squared testing.
2026-09-08 11:48:35,176 - INFO - Analyte (2S,8R)-2-Amino-8-hydroxydecanoic acid_POS was not included in 3 gestational bin outlier analysis - excluded from complication-specific chi-squared testing.
2026-09-08 11:48:35,210 - INFO - Analyte Trifluoroacetic acid_NEG was not included in 3 gestational bin outlier analysis - excluded from complication-specific chi-squared testing.
2026-09-08 11:48:35,215 - INFO - Analyte Repinotan_POS was not included in 3 gestational bin outlier analysis - excluded from complication-specific chi-squared testing.
2026-09-08 11:48:35,221 - INFO - Analyte unk_p4131_POS_564.2862_RT10.69 was not included in 3 gestational bin outlier analysis - excluded from complication-specific chi-squared testing.
2026-09-08 11:48:35,257 - INFO - Analyte Indoline_POS was not included in 3 gestational bin outlier analysis - excluded from complication-specific chi-squared testing.
2026-09-08 11:48:35,293 - INFO - Analyte 2-Isopropyl-3,5-dimethoxy-6-methylpyrazine_POS was not included in 3 gestational bin outlier analysis - excluded from complication-specific chi-squared testing.
2026-09-08 11:48:35,327 - INFO - Analyte 1-Phenyl-1H-pyrazole_POS was not included in 3 gestational bin outlier analysis - excluded from complication-specific chi-squared testing.
2026-09-08 11:48:35,332 - INFO - Analyte 4-Aminobenzoic acid_POS was not included in 3 gestational bin outlier analysis - excluded from complication-specific chi-squared testing.
2026-09-08 11:48:35,366 - INFO - Analyte 3-phospho-hydroxypyruvate_POS was not included in 3 gestational bin outlier analysis - excluded from complication-specific chi-squared testing.
2026-09-08 11:48:35,454 - INFO - Analyte unk_p4197_POS_287.9412_RT3.28 was not included in 3 gestational bin outlier analysis - excluded from complication-specific chi-squared testing.
2026-09-08 11:48:35,460 - INFO - Analyte D-(-)-Mannitol_NEG was not included in 3 gestational bin outlier analysis - excluded from complication-specific chi-squared testing.
2026-09-08 11:48:35,496 - INFO - Analyte L-Aspartate-semialdehyde_POS was not included in 3 gestational bin outlier analysis - excluded from complication-specific chi-squared testing.
2026-09-08 11:48:35,533 - INFO - Analyte 3-(propan-2-yl)-octahydropyrrolo[1,2-a]pyrazine-1,4-dione_POS was not included in 3 gestational bin outlier analysis - excluded from complication-specific chi-squared testing.
2026-09-08 11:48:35,568 - INFO - Analyte 2-Hydroxyquinoline_POS was not included in 3 gestational bin outlier analysis - excluded from complication-specific chi-squared testing.
2026-09-08 11:48:35,602 - INFO - Analyte unk_p3625_POS_427.0946_RT7.01 was not included in 3 gestational bin outlier analysis - excluded from complication-specific chi-squared testing.
2026-09-08 11:48:35,636 - INFO - Analyte trans-3-Hydroxycotinine_POS was not included in 3 gestational bin outlier analysis - excluded from complication-specific chi-squared testing.
2026-09-08 11:48:35,670 - INFO - Analyte unk_n1134_NEG_102.9567_RT5.95 was not included in 3 gestational bin outlier analysis - excluded from complication-specific chi-squared testing.
2026-09-08 11:48:35,706 - INFO - Analyte 3-Hydroxypyridine_POS was not included in 3 gestational bin outlier analysis - excluded from complication-specific chi-squared testing.
2026-09-08 11:48:35,748 - INFO - Analyte [Similar to: N1-(4,5-dihydro-1,3-thiazol-2-yl)-2-(2,4-dichlorophenoxy)propanamide; ΔMass: -136.0195 Da]_NEG was not included in 3 gestational bin outlier analysis - excluded from complication-specific chi-squared testing.
2026-09-08 11:48:35,788 - INFO - Analyte Lenticin_POS was not included in 3 gestational bin outlier analysis - excluded from complication-specific chi-squared testing.
2026-09-08 11:48:35,824 - INFO - Analyte unk_n656_NEG_157.0117_RT1.78 was not included in 3 gestational bin outlier analysis - excluded from complication-specific chi-squared testing.
2026-09-08 11:48:35,868 - INFO - Analyte Butyric acid_POS was not included in 3 gestational bin outlier analysis - excluded from complication-specific chi-squared testing.
2026-09-08 11:48:35,887 - INFO - Analyte Chloromethyl chloroformate_POS was not included in 3 gestational bin outlier analysis - excluded from complication-specific chi-squared testing.
2026-09-08 11:48:35,921 - INFO - Analyte 1H,1H-Perfluorononylamine_POS was not included in 3 gestational bin outlier analysis - excluded from complication-specific chi-squared testing.
2026-09-08 11:48:35,938 - INFO - Analyte unk_n512_NEG_209.8338_RT5.73 was not included in 3 gestational bin outlier analysis - excluded from complication-specific chi-squared testing.
2026-09-08 11:48:35,974 - INFO - Analyte L-Phenylalanine_POS was not included in 3 gestational bin outlier analysis - excluded from complication-specific chi-squared testing.
2026-09-08 11:48:36,014 - INFO - Analyte methyl isoquinoline-3-carboxylate_POS was not included in 3 gestational bin outlier analysis - excluded from complication-specific chi-squared testing.
2026-09-08 11:48:36,019 - INFO - Analyte Lappaol B_NEG was not included in 3 gestational bin outlier analysis - excluded from complication-specific chi-squared testing.
2026-09-08 11:48:36,057 - INFO - Analyte unk_p75_POS_199.0686_RT8.77 was not included in 3 gestational bin outlier analysis - excluded from complication-specific chi-squared testing.
2026-09-08 11:48:36,092 - INFO - Analyte 8-Cyano-fluoroquinolone_POS was not included in 3 gestational bin outlier analysis - excluded from complication-specific chi-squared testing.
2026-09-08 11:48:36,127 - INFO - Analyte NP-008998_POS was not included in 3 gestational bin outlier analysis - excluded from complication-specific chi-squared testing.
2026-09-08 11:48:36,144 - INFO - Analyte unk_p236_POS_90.5258_RT1.84 was not included in 3 gestational bin outlier analysis - excluded from complication-specific chi-squared testing.
2026-09-08 11:48:36,178 - INFO - Analyte unk_n85_NEG_248.9605_RT0.66 was not included in 3 gestational bin outlier analysis - excluded from complication-specific chi-squared testing.
2026-09-08 11:48:36,212 - INFO - Analyte Miglitol_NEG was not included in 3 gestational bin outlier analysis - excluded from complication-specific chi-squared testing.
2026-09-08 11:48:36,302 - INFO - Analyte Ametryn_POS was not included in 3 gestational bin outlier analysis - excluded from complication-specific chi-squared testing.
2026-09-08 11:48:36,344 - INFO - Analyte 2-Octenoylcarnitine_POS was not included in 3 gestational bin outlier analysis - excluded from complication-specific chi-squared testing.
2026-09-08 11:48:36,383 - INFO - Analyte Anordrin_POS was not included in 3 gestational bin outlier analysis - excluded from complication-specific chi-squared testing.
2026-09-08 11:48:36,418 - INFO - Analyte 5-(methoxymethyl)-2-(2-thienyl)-4,7-dihydropyrazolo[1,5-a]pyrimidin-7-one_NEG was not included in 3 gestational bin outlier analysis - excluded from complication-specific chi-squared testing.
2026-09-08 11:48:36,436 - INFO - Analyte D3-Lactate_NEG was not included in 3 gestational bin outlier analysis - excluded from complication-specific chi-squared testing.
2026-09-08 11:48:36,471 - INFO - Analyte unk_p3180_POS_497.9975_RT1.04 was not included in 3 gestational bin outlier analysis - excluded from complication-specific chi-squared testing.
2026-09-08 11:48:36,505 - INFO - Analyte unk_n223_NEG_225.8972_RT8.96 was not included in 3 gestational bin outlier analysis - excluded from complication-specific chi-squared testing.
2026-09-08 11:48:36,541 - INFO - Analyte Zonisamide_POS was not included in 3 gestational bin outlier analysis - excluded from complication-specific chi-squared testing.
2026-09-08 11:48:36,577 - INFO - Analyte unk_p2618_POS_146.0633_RT5.78 was not included in 3 gestational bin outlier analysis - excluded from complication-specific chi-squared testing.
2026-09-08 11:48:36,611 - INFO - Analyte Castanospermine_POS was not included in 3 gestational bin outlier analysis - excluded from complication-specific chi-squared testing.
2026-09-08 11:48:36,645 - INFO - Analyte Indene_POS was not included in 3 gestational bin outlier analysis - excluded from complication-specific chi-squared testing.
2026-09-08 11:48:36,679 - INFO - Analyte 2-(Dimethylamino)acetonitrile_POS was not included in 3 gestational bin outlier analysis - excluded from complication-specific chi-squared testing.
2026-09-08 11:48:36,718 - INFO - Analyte 2-Octenoic acid_POS was not included in 3 gestational bin outlier analysis - excluded from complication-specific chi-squared testing.
2026-09-08 11:48:36,723 - INFO - Analyte DL-Stachydrine_POS was not included in 3 gestational bin outlier analysis - excluded from complication-specific chi-squared testing.
2026-09-08 11:48:36,729 - INFO - Analyte Nicotinuric acid_POS was not included in 3 gestational bin outlier analysis - excluded from complication-specific chi-squared testing.
2026-09-08 11:48:36,767 - INFO - Analyte Garcinia acid_NEG was not included in 3 gestational bin outlier analysis - excluded from complication-specific chi-squared testing.
2026-09-08 11:48:36,803 - INFO - Analyte L-Cysteine-S-sulfate_POS was not included in 3 gestational bin outlier analysis - excluded from complication-specific chi-squared testing.
2026-09-08 11:48:36,808 - INFO - Analyte D-(+)-Maltose_POS was not included in 3 gestational bin outlier analysis - excluded from complication-specific chi-squared testing.
2026-09-08 11:48:36,846 - INFO - Analyte 3,4-Dihydroxybenzylamine_POS was not included in 3 gestational bin outlier analysis - excluded from complication-specific chi-squared testing.
2026-09-08 11:48:36,890 - INFO - Analyte N1-(alpha-D-ribosyl)-5,6-dimethyl-benzimidazole_POS was not included in 3 gestational bin outlier analysis - excluded from complication-specific chi-squared testing.
2026-09-08 11:48:36,932 - INFO - Analyte Armillariol B_POS was not included in 3 gestational bin outlier analysis - excluded from complication-specific chi-squared testing.
2026-09-08 11:48:36,974 - INFO - Analyte Triethylene Glycol Monomethyl Ether_POS was not included in 3 gestational bin outlier analysis - excluded from complication-specific chi-squared testing.
2026-09-08 11:48:36,980 - INFO - Analyte Kifunensine_NEG was not included in 3 gestational bin outlier analysis - excluded from complication-specific chi-squared testing.
2026-09-08 11:48:37,020 - INFO - Analyte D-(+)-Galactose_NEG was not included in 3 gestational bin outlier analysis - excluded from complication-specific chi-squared testing.
2026-09-08 11:48:37,058 - INFO - Analyte N-Phenylacetylglutamine_POS was not included in 3 gestational bin outlier analysis - excluded from complication-specific chi-squared testing.
2026-09-08 11:48:37,097 - INFO - Analyte 2-Heptanethiol_POS was not included in 3 gestational bin outlier analysis - excluded from complication-specific chi-squared testing.
2026-09-08 11:48:37,136 - INFO - Analyte 3-Hydroxybutyric acid_NEG was not included in 3 gestational bin outlier analysis - excluded from complication-specific chi-squared testing.
2026-09-08 11:48:37,141 - INFO - Analyte [Similar to: Creatine; ΔMass: 67.9874 Da]_NEG was not included in 3 gestational bin outlier analysis - excluded from complication-specific chi-squared testing.
2026-09-08 11:48:37,181 - INFO - Analyte Asparagine_POS was not included in 3 gestational bin outlier analysis - excluded from complication-specific chi-squared testing.
2026-09-08 11:48:37,217 - INFO - Analyte Quinolonic acid_POS was not included in 3 gestational bin outlier analysis - excluded from complication-specific chi-squared testing.
2026-09-08 11:48:37,251 - INFO - Analyte 2-({2-[(1,3-Dimethyl-1H-pyrazol-5-yl)amino]-2-oxoethyl}sulfanyl)acetic acid_POS was not included in 3 gestational bin outlier analysis - excluded from complication-specific chi-squared testing.
2026-09-08 11:48:37,286 - INFO - Analyte d-Glycero-d-galacto-heptose_NEG was not included in 3 gestational bin outlier analysis - excluded from complication-specific chi-squared testing.
2026-09-08 11:48:37,321 - INFO - Analyte unk_n177_NEG_207.8368_RT4.27 was not included in 3 gestational bin outlier analysis - excluded from complication-specific chi-squared testing.
2026-09-08 11:48:37,358 - INFO - Analyte 2-Amino-3-methyl-1-butanol_POS was not included in 3 gestational bin outlier analysis - excluded from complication-specific chi-squared testing.
2026-09-08 11:48:37,396 - INFO - Analyte L-Glutamine_POS was not included in 3 gestational bin outlier analysis - excluded from complication-specific chi-squared testing.
2026-09-08 11:48:37,436 - INFO - Analyte Geranylpyrrol A_POS was not included in 3 gestational bin outlier analysis - excluded from complication-specific chi-squared testing.
2026-09-08 11:48:37,532 - INFO - Analyte 2,4-diaziran-1-yl-6-(1-phenyl-1H-pyrrol-2-yl)-1,3,5-triazine_POS was not included in 3 gestational bin outlier analysis - excluded from complication-specific chi-squared testing.
2026-09-08 11:48:37,569 - INFO - Analyte unk_p488_POS_242.9822_RT7.04 was not included in 3 gestational bin outlier analysis - excluded from complication-specific chi-squared testing.
2026-09-08 11:48:37,605 - INFO - Analyte [6,7-dimethoxy-1-methyl-3,4-dihydro-2(1H)-isoquinolinyl](5-methyl-3-isoxazolyl)methanone_POS was not included in 3 gestational bin outlier analysis - excluded from complication-specific chi-squared testing.
2026-09-08 11:48:37,645 - INFO - Analyte 1,2,3-Trihydroxybenzene_NEG was not included in 3 gestational bin outlier analysis - excluded from complication-specific chi-squared testing.
2026-09-08 11:48:37,687 - INFO - Analyte unk_p4443_POS_437.9724_RT7.01 was not included in 3 gestational bin outlier analysis - excluded from complication-specific chi-squared testing.
2026-09-08 11:48:37,725 - INFO - Analyte (S)-3-[(Cyanophenylmethyl)amino]-3-oxopropanoic acid_POS was not included in 3 gestational bin outlier analysis - excluded from complication-specific chi-squared testing.
2026-09-08 11:48:37,763 - INFO - Analyte unk_p729_POS_504.9952_RT10.63 was not included in 3 gestational bin outlier analysis - excluded from complication-specific chi-squared testing.
2026-09-08 11:48:37,800 - INFO - Analyte N-(4-Aminobutyl)-2-Naphthalenesulfonamide_POS was not included in 3 gestational bin outlier analysis - excluded from complication-specific chi-squared testing.
2026-09-08 11:48:37,835 - INFO - Analyte 5-Hydroxytryptophol_POS was not included in 3 gestational bin outlier analysis - excluded from complication-specific chi-squared testing.
2026-09-08 11:48:37,869 - INFO - Analyte unk_p2622_POS_287.5918_RT1.01 was not included in 3 gestational bin outlier analysis - excluded from complication-specific chi-squared testing.
2026-09-08 11:48:37,903 - INFO - Analyte unk_p1942_POS_233.8754_RT2.91 was not included in 3 gestational bin outlier analysis - excluded from complication-specific chi-squared testing.
2026-09-08 11:48:37,942 - INFO - Analyte Acetyl-β-methylcholine_POS was not included in 3 gestational bin outlier analysis - excluded from complication-specific chi-squared testing.
2026-09-08 11:48:37,947 - INFO - Analyte Polypropylene glycol (m w 1,200-3,000)_POS was not included in 3 gestational bin outlier analysis - excluded from complication-specific chi-squared testing.
2026-09-08 11:48:37,982 - INFO - Analyte [Similar to: (4-benzoylpiperidino)[4-(tert-butyl)phenyl]methanone; ΔMass: 38.0426 Da]_POS was not included in 3 gestational bin outlier analysis - excluded from complication-specific chi-squared testing.
2026-09-08 11:48:38,016 - INFO - Analyte Terezine M_POS was not included in 3 gestational bin outlier analysis - excluded from complication-specific chi-squared testing.
2026-09-08 11:48:38,049 - INFO - Analyte N-(3-acetamidopropyl)pyrrolidin-2-one_POS was not included in 3 gestational bin outlier analysis - excluded from complication-specific chi-squared testing.
2026-09-08 11:48:38,083 - INFO - Analyte unk_p4365_POS_208.0392_RT2.59 was not included in 3 gestational bin outlier analysis - excluded from complication-specific chi-squared testing.
2026-09-08 11:48:38,117 - INFO - Analyte unk_p1267_POS_284.2065_RT8.69 was not included in 3 gestational bin outlier analysis - excluded from complication-specific chi-squared testing.
2026-09-08 11:48:38,150 - INFO - Analyte unk_p4505_POS_491.9183_RT1.35 was not included in 3 gestational bin outlier analysis - excluded from complication-specific chi-squared testing.
2026-09-08 11:48:38,186 - INFO - Analyte unk_p2005_POS_92.5221_RT1.52 was not included in 3 gestational bin outlier analysis - excluded from complication-specific chi-squared testing.
2026-09-08 11:48:38,220 - INFO - Analyte Glycerol 3-hydroxybutyrate_POS was not included in 3 gestational bin outlier analysis - excluded from complication-specific chi-squared testing.
2026-09-08 11:48:38,253 - INFO - Analyte 2-Amino-4-[(4-aminobutyl)amino]butanoic acid_POS was not included in 3 gestational bin outlier analysis - excluded from complication-specific chi-squared testing.
2026-09-08 11:48:38,287 - INFO - Analyte NP-020240_POS was not included in 3 gestational bin outlier analysis - excluded from complication-specific chi-squared testing.
2026-09-08 11:48:38,320 - INFO - Analyte ( Z)-6-benzylidene-3-hydroxymethyl-1,4-dimethyl-3-methylsulfanylpiperazine-2,5-dione_POS was not included in 3 gestational bin outlier analysis - excluded from complication-specific chi-squared testing.
2026-09-08 11:48:38,354 - INFO - Analyte 1,7-Diphenyl-4-hepten-3-one_POS was not included in 3 gestational bin outlier analysis - excluded from complication-specific chi-squared testing.
2026-09-08 11:48:38,388 - INFO - Analyte unk_n2397_NEG_699.3672_RT0.63 was not included in 3 gestational bin outlier analysis - excluded from complication-specific chi-squared testing.
2026-09-08 11:48:38,425 - INFO - Analyte Hydroxy bupropion_POS was not included in 3 gestational bin outlier analysis - excluded from complication-specific chi-squared testing.
2026-09-08 11:48:38,460 - INFO - Analyte [Similar to: Ethyl 3-hydroxy-5-methyl-6-oxo-1-phenyl-1,6-dihydropyrano[2,3-c]pyrazole-4-carboxylate; ΔMass: -46.0678 Da]_POS was not included in 3 gestational bin outlier analysis - excluded from complication-specific chi-squared testing.
2026-09-08 11:48:38,494 - INFO - Analyte Leukoaminochrome_POS was not included in 3 gestational bin outlier analysis - excluded from complication-specific chi-squared testing.
2026-09-08 11:48:38,528 - INFO - Analyte Acrylic acid_NEG was not included in 3 gestational bin outlier analysis - excluded from complication-specific chi-squared testing.
2026-09-08 11:48:38,564 - INFO - Analyte 1-Phenyl-1H-pyrazolo[3,4-d]pyrimidin-4-amine_POS was not included in 3 gestational bin outlier analysis - excluded from complication-specific chi-squared testing.
2026-09-08 11:48:38,569 - INFO - Analyte Bisoprolol_POS was not included in 3 gestational bin outlier analysis - excluded from complication-specific chi-squared testing.
2026-09-08 11:48:38,603 - INFO - Analyte N-methyl-4-nitrotryptophan_POS was not included in 3 gestational bin outlier analysis - excluded from complication-specific chi-squared testing.
2026-09-08 11:48:38,640 - INFO - Analyte Hydantoin-5-propionic acid_POS was not included in 3 gestational bin outlier analysis - excluded from complication-specific chi-squared testing.
2026-09-08 11:48:38,674 - INFO - Analyte Phosphate_POS was not included in 3 gestational bin outlier analysis - excluded from complication-specific chi-squared testing.
2026-09-08 11:48:38,708 - INFO - Analyte unk_n101_NEG_80.9748_RT3.00 was not included in 3 gestational bin outlier analysis - excluded from complication-specific chi-squared testing.
2026-09-08 11:48:38,800 - INFO - Analyte N-Desmethyltramadol_POS was not included in 3 gestational bin outlier analysis - excluded from complication-specific chi-squared testing.
2026-09-08 11:48:38,835 - INFO - Analyte (S)-3-[(Cyanophenylmethyl)amino]-3-oxopropanoic acid_NEG was not included in 3 gestational bin outlier analysis - excluded from complication-specific chi-squared testing.
2026-09-08 11:48:38,869 - INFO - Analyte alpha-Ketoisovaleric acid_NEG was not included in 3 gestational bin outlier analysis - excluded from complication-specific chi-squared testing.
2026-09-08 11:48:38,874 - INFO - Analyte D-Serine_POS was not included in 3 gestational bin outlier analysis - excluded from complication-specific chi-squared testing.
2026-09-08 11:48:39,026 - INFO - Analyte Metronidazole_POS was not included in 4 gestational bin outlier analysis - excluded from complication-specific chi-squared testing.
2026-09-08 11:48:39,060 - INFO - Analyte unk_n1621_NEG_289.0694_RT3.38 was not included in 4 gestational bin outlier analysis - excluded from complication-specific chi-squared testing.
2026-09-08 11:48:39,092 - INFO - Analyte L-Serine_NEG was not included in 4 gestational bin outlier analysis - excluded from complication-specific chi-squared testing.
2026-09-08 11:48:39,125 - INFO - Analyte Gaburedin B_POS was not included in 4 gestational bin outlier analysis - excluded from complication-specific chi-squared testing.
2026-09-08 11:48:39,157 - INFO - Analyte Creatine_POS was not included in 4 gestational bin outlier analysis - excluded from complication-specific chi-squared testing.
2026-09-08 11:48:39,190 - INFO - Analyte Hypocrellutin A_POS was not included in 4 gestational bin outlier analysis - excluded from complication-specific chi-squared testing.
2026-09-08 11:48:39,227 - INFO - Analyte NP-003117_POS was not included in 4 gestational bin outlier analysis - excluded from complication-specific chi-squared testing.
2026-09-08 11:48:39,268 - INFO - Analyte Acetylglycine_POS was not included in 4 gestational bin outlier analysis - excluded from complication-specific chi-squared testing.
2026-09-08 11:48:39,273 - INFO - Analyte HMBOA trihexose_POS was not included in 4 gestational bin outlier analysis - excluded from complication-specific chi-squared testing.
2026-09-08 11:48:39,278 - INFO - Analyte Gluconic acid_NEG was not included in 4 gestational bin outlier analysis - excluded from complication-specific chi-squared testing.
2026-09-08 11:48:39,312 - INFO - Analyte unk_n957_NEG_310.9309_RT1.68 was not included in 4 gestational bin outlier analysis - excluded from complication-specific chi-squared testing.
2026-09-08 11:48:39,345 - INFO - Analyte L(-)-Carnitine_POS was not included in 4 gestational bin outlier analysis - excluded from complication-specific chi-squared testing.
2026-09-08 11:48:39,350 - INFO - Analyte 3-hydroxy-1,5-diphenylpentan-1-one_POS was not included in 4 gestational bin outlier analysis - excluded from complication-specific chi-squared testing.
2026-09-08 11:48:39,385 - INFO - Analyte L-beta-aspartyl-L-alanine_POS was not included in 4 gestational bin outlier analysis - excluded from complication-specific chi-squared testing.
2026-09-08 11:48:39,389 - INFO - Analyte L-Cystine_POS was not included in 4 gestational bin outlier analysis - excluded from complication-specific chi-squared testing.
2026-09-08 11:48:39,423 - INFO - Analyte [Similar to: L-Threonic acid; ΔMass: 67.9747 Da]_NEG was not included in 4 gestational bin outlier analysis - excluded from complication-specific chi-squared testing.
2026-09-08 11:48:39,428 - INFO - Analyte Ornithine_POS was not included in 4 gestational bin outlier analysis - excluded from complication-specific chi-squared testing.
2026-09-08 11:48:39,464 - INFO - Analyte NP-022470_POS was not included in 4 gestational bin outlier analysis - excluded from complication-specific chi-squared testing.
2026-09-08 11:48:39,498 - INFO - Analyte Erythronic acid_NEG was not included in 4 gestational bin outlier analysis - excluded from complication-specific chi-squared testing.
2026-09-08 11:48:39,502 - INFO - Analyte 4-((4-(2-(6-((2R)-2-(2,4-Difluorophenyl)-1,1-difluoro-2-hydroxy-3-(1H-tetrazol-1-yl)propyl)-3-pyridinyl)ethynyl)phenoxy)methyl)benzonitrile_POS was not included in 4 gestational bin outlier analysis - excluded from complication-specific chi-squared testing.
2026-09-08 11:48:39,505 - INFO - Analyte Methylenediphosphonic acid_NEG was not included in 4 gestational bin outlier analysis - excluded from complication-specific chi-squared testing.
2026-09-08 11:48:39,510 - INFO - Analyte L-Histidine_NEG was not included in 4 gestational bin outlier analysis - excluded from complication-specific chi-squared testing.
2026-09-08 11:48:39,515 - INFO - Analyte [Similar to: N'2-(2,5-Dichlorophenyl)tetrahydrothiophene-2-carbohydrazide; ΔMass: 30.0109 Da]_NEG was not included in 4 gestational bin outlier analysis - excluded from complication-specific chi-squared testing.
2026-09-08 11:48:39,533 - INFO - Analyte Aspartyl-Histidine_NEG was not included in 4 gestational bin outlier analysis - excluded from complication-specific chi-squared testing.
2026-09-08 11:48:39,538 - INFO - Analyte Acetylhomoserine_POS was not included in 4 gestational bin outlier analysis - excluded from complication-specific chi-squared testing.
2026-09-08 11:48:39,543 - INFO - Analyte 2-Aminoacrylic acid_POS was not included in 4 gestational bin outlier analysis - excluded from complication-specific chi-squared testing.
2026-09-08 11:48:39,577 - INFO - Analyte 7-methyl-3-nitroimidazo[1,2-a]pyridine_POS was not included in 4 gestational bin outlier analysis - excluded from complication-specific chi-squared testing.
2026-09-08 11:48:39,582 - INFO - Analyte L-cis-3-Amino-2-pyrrolidinecarboxylic acid_POS was not included in 4 gestational bin outlier analysis - excluded from complication-specific chi-squared testing.
2026-09-08 11:48:39,616 - INFO - Analyte Tanomastat_NEG was not included in 4 gestational bin outlier analysis - excluded from complication-specific chi-squared testing.
2026-09-08 11:48:39,621 - INFO - Analyte 1-(2-Morpholinophenyl)dihydro-1H-pyrrole-2,5-dione_POS was not included in 4 gestational bin outlier analysis - excluded from complication-specific chi-squared testing.
2026-09-08 11:48:39,638 - INFO - Analyte NP-019722_POS was not included in 4 gestational bin outlier analysis - excluded from complication-specific chi-squared testing.
2026-09-08 11:48:39,675 - INFO - Analyte D-Glucose_NEG was not included in 4 gestational bin outlier analysis - excluded from complication-specific chi-squared testing.
2026-09-08 11:48:39,680 - INFO - Analyte 5,7-dimethyl-4-oxo-4H-chromene-3-carbonitrile_POS was not included in 4 gestational bin outlier analysis - excluded from complication-specific chi-squared testing.
2026-09-08 11:48:39,685 - INFO - Analyte (2R,3R,4R)-2-Amino-4-hydroxy-3-methylpentanoic acid_POS was not included in 4 gestational bin outlier analysis - excluded from complication-specific chi-squared testing.
2026-09-08 11:48:39,690 - INFO - Analyte Acetohydroxamic acid_POS was not included in 4 gestational bin outlier analysis - excluded from complication-specific chi-squared testing.
2026-09-08 11:48:39,695 - INFO - Analyte unk_n2682_NEG_388.8737_RT2.81 was not included in 4 gestational bin outlier analysis - excluded from complication-specific chi-squared testing.
2026-09-08 11:48:39,700 - INFO - Analyte (2-Ethylcrotonoyl)urea_POS was not included in 4 gestational bin outlier analysis - excluded from complication-specific chi-squared testing.
2026-09-08 11:48:39,705 - INFO - Analyte gamma-Glutamyl-beta-aminopropiononitrile_POS was not included in 4 gestational bin outlier analysis - excluded from complication-specific chi-squared testing.
2026-09-08 11:48:39,711 - INFO - Analyte (2S,4R)-4-Aminopyrrolidine-2-carboxylic acid_POS was not included in 4 gestational bin outlier analysis - excluded from complication-specific chi-squared testing.
2026-09-08 11:48:39,744 - INFO - Analyte Sedoheptulose_NEG was not included in 4 gestational bin outlier analysis - excluded from complication-specific chi-squared testing.
2026-09-08 11:48:39,778 - INFO - Analyte Pyrophosphate_NEG was not included in 4 gestational bin outlier analysis - excluded from complication-specific chi-squared testing.
2026-09-08 11:48:39,855 - INFO - Analyte thiol-maleimide_POS was not included in 4 gestational bin outlier analysis - excluded from complication-specific chi-squared testing.
2026-09-08 11:48:39,889 - INFO - Analyte L-Cysteinylglycine disulfide_POS was not included in 4 gestational bin outlier analysis - excluded from complication-specific chi-squared testing.
2026-09-08 11:48:39,894 - INFO - Analyte Succinic semialdehyde_NEG was not included in 4 gestational bin outlier analysis - excluded from complication-specific chi-squared testing.
2026-09-08 11:48:39,927 - INFO - Analyte unk_n682_NEG_345.0726_RT11.05 was not included in 4 gestational bin outlier analysis - excluded from complication-specific chi-squared testing.
2026-09-08 11:48:39,944 - INFO - Analyte 5-Methylquinoxaline_POS was not included in 4 gestational bin outlier analysis - excluded from complication-specific chi-squared testing.
2026-09-08 11:48:39,978 - INFO - Analyte Octadecanamine_POS was not included in 4 gestational bin outlier analysis - excluded from complication-specific chi-squared testing.
2026-09-08 11:48:39,983 - INFO - Analyte 6-Amino-5-chloropyrimidine-2,4(1H,3H)-dione_POS was not included in 4 gestational bin outlier analysis - excluded from complication-specific chi-squared testing.
2026-09-08 11:48:40,001 - INFO - Analyte 1,1,1,2,2,3,3,10,10,11,11,12,12,12-Tetradecafluoro-5,8-diiodododecane_NEG was not included in 4 gestational bin outlier analysis - excluded from complication-specific chi-squared testing.
2026-09-08 11:48:40,035 - INFO - Analyte Hydroxydehydro Nifedipine Carboxylate_POS was not included in 4 gestational bin outlier analysis - excluded from complication-specific chi-squared testing.
2026-09-08 11:48:40,040 - INFO - Analyte 3-Deoxy-D-glycero-D-galacto-2-nonulosonic acid_POS was not included in 4 gestational bin outlier analysis - excluded from complication-specific chi-squared testing.
2026-09-08 11:48:40,045 - INFO - Analyte unk_p985_POS_604.1398_RT9.66 was not included in 4 gestational bin outlier analysis - excluded from complication-specific chi-squared testing.
2026-09-08 11:48:40,079 - INFO - Analyte Choline_POS was not included in 4 gestational bin outlier analysis - excluded from complication-specific chi-squared testing.
2026-09-08 11:48:40,113 - INFO - Analyte Phenyl sulfoxide_POS was not included in 4 gestational bin outlier analysis - excluded from complication-specific chi-squared testing.
2026-09-08 11:48:40,118 - INFO - Analyte Pyroglutamylglycine_POS was not included in 4 gestational bin outlier analysis - excluded from complication-specific chi-squared testing.
2026-09-08 11:48:40,152 - INFO - Analyte Terephthalic acid_NEG was not included in 4 gestational bin outlier analysis - excluded from complication-specific chi-squared testing.
2026-09-08 11:48:40,186 - INFO - Analyte unk_p3495_POS_255.0950_RT7.91 was not included in 4 gestational bin outlier analysis - excluded from complication-specific chi-squared testing.
2026-09-08 11:48:40,221 - INFO - Analyte 1-Nitrohydroxyphenyl-N-benzoylalanine_POS was not included in 4 gestational bin outlier analysis - excluded from complication-specific chi-squared testing.
2026-09-08 11:48:40,226 - INFO - Analyte 2-Fluoro-6-(4-methoxyphenoxy)benzonitrile_POS was not included in 4 gestational bin outlier analysis - excluded from complication-specific chi-squared testing.
2026-09-08 11:48:40,245 - INFO - Analyte Satranidazole_POS was not included in 4 gestational bin outlier analysis - excluded from complication-specific chi-squared testing.
2026-09-08 11:48:40,251 - INFO - Analyte Oxepanone_POS was not included in 4 gestational bin outlier analysis - excluded from complication-specific chi-squared testing.
2026-09-08 11:48:40,255 - INFO - Analyte Beta-Aminopropionitrile_POS was not included in 4 gestational bin outlier analysis - excluded from complication-specific chi-squared testing.
2026-09-08 11:48:40,261 - INFO - Analyte Mycosporine hydroxyglutamicol_POS was not included in 4 gestational bin outlier analysis - excluded from complication-specific chi-squared testing.
2026-09-08 11:48:40,267 - INFO - Analyte L-3-Aminodihydro-2(3H)-furanone_POS was not included in 4 gestational bin outlier analysis - excluded from complication-specific chi-squared testing.
2026-09-08 11:48:40,302 - INFO - Analyte 1,3,11-Tridecatriene-5,7,9-triyne_POS was not included in 4 gestational bin outlier analysis - excluded from complication-specific chi-squared testing.
2026-09-08 11:48:40,308 - INFO - Analyte L-Cystine_NEG was not included in 4 gestational bin outlier analysis - excluded from complication-specific chi-squared testing.
2026-09-08 11:48:40,341 - INFO - Analyte N,N-Dimethyloctadecylamine_POS was not included in 4 gestational bin outlier analysis - excluded from complication-specific chi-squared testing.
2026-09-08 11:48:40,346 - INFO - Analyte Glycyl-Threonine_POS was not included in 4 gestational bin outlier analysis - excluded from complication-specific chi-squared testing.
2026-09-08 11:48:40,379 - INFO - Analyte Linustatin_POS was not included in 4 gestational bin outlier analysis - excluded from complication-specific chi-squared testing.
2026-09-08 11:48:40,412 - INFO - Analyte unk_n66_NEG_231.9315_RT9.69 was not included in 4 gestational bin outlier analysis - excluded from complication-specific chi-squared testing.
2026-09-08 11:48:40,494 - INFO - Analyte unk_p274_POS_223.0700_RT11.92 was not included in 4 gestational bin outlier analysis - excluded from complication-specific chi-squared testing.
2026-09-08 11:48:40,531 - INFO - Analyte 3-Hydroxybutyric acid_POS was not included in 4 gestational bin outlier analysis - excluded from complication-specific chi-squared testing.
2026-09-08 11:48:40,536 - INFO - Analyte L-Valine_NEG was not included in 4 gestational bin outlier analysis - excluded from complication-specific chi-squared testing.
2026-09-08 11:48:40,570 - INFO - Analyte Cladinose_POS was not included in 4 gestational bin outlier analysis - excluded from complication-specific chi-squared testing.
2026-09-08 11:48:40,575 - INFO - Analyte Creatinine_POS was not included in 4 gestational bin outlier analysis - excluded from complication-specific chi-squared testing.
2026-09-08 11:48:40,609 - INFO - Analyte 1-(4-Methoxyphenyl)piperazine_POS was not included in 4 gestational bin outlier analysis - excluded from complication-specific chi-squared testing.
2026-09-08 11:48:40,614 - INFO - Analyte Dacarbazine_POS was not included in 4 gestational bin outlier analysis - excluded from complication-specific chi-squared testing.
2026-09-08 11:48:40,647 - INFO - Analyte DL-Lysine_POS was not included in 4 gestational bin outlier analysis - excluded from complication-specific chi-squared testing.
2026-09-08 11:48:40,683 - INFO - Analyte Erythrohydrobupropion_POS was not included in 4 gestational bin outlier analysis - excluded from complication-specific chi-squared testing.
2026-09-08 11:48:40,716 - INFO - Analyte unk_n2474_NEG_100.9608_RT0.32 was not included in 4 gestational bin outlier analysis - excluded from complication-specific chi-squared testing.
2026-09-08 11:48:40,721 - INFO - Analyte 2-Methylbutyrylglycine_POS was not included in 4 gestational bin outlier analysis - excluded from complication-specific chi-squared testing.
2026-09-08 11:48:40,755 - INFO - Analyte 2,5-Diisothiocyanatobenzenesulfonate_POS was not included in 4 gestational bin outlier analysis - excluded from complication-specific chi-squared testing.
2026-09-08 11:48:40,760 - INFO - Analyte N'1-[4-amino-6-(tert-butyl)-1,3,5-triazin-2-yl]-2-(trifluoromethyl)benzene-1-sulfonohydrazide_POS was not included in 4 gestational bin outlier analysis - excluded from complication-specific chi-squared testing.
2026-09-08 11:48:40,794 - INFO - Analyte unk_n1043_NEG_462.0691_RT9.61 was not included in 4 gestational bin outlier analysis - excluded from complication-specific chi-squared testing.
2026-09-08 11:48:40,799 - INFO - Analyte D3-Alanine_POS was not included in 4 gestational bin outlier analysis - excluded from complication-specific chi-squared testing.
2026-09-08 11:48:40,803 - INFO - Analyte Cimaterol_POS was not included in 4 gestational bin outlier analysis - excluded from complication-specific chi-squared testing.
2026-09-08 11:48:40,837 - INFO - Analyte 6-(4-Chlorophenoxy)pyridine-3-carbothioamide_NEG was not included in 4 gestational bin outlier analysis - excluded from complication-specific chi-squared testing.
2026-09-08 11:48:40,842 - INFO - Analyte Dihydrothymine_POS was not included in 4 gestational bin outlier analysis - excluded from complication-specific chi-squared testing.
2026-09-08 11:48:40,878 - INFO - Analyte Adipamide_POS was not included in 4 gestational bin outlier analysis - excluded from complication-specific chi-squared testing.
2026-09-08 11:48:40,915 - INFO - Analyte (9E)-10-nitrooctadecenoic Acid_POS was not included in 4 gestational bin outlier analysis - excluded from complication-specific chi-squared testing.
2026-09-08 11:48:40,918 - INFO - Analyte 4-Hydroxybenzotriazole_POS was not included in 4 gestational bin outlier analysis - excluded from complication-specific chi-squared testing.
2026-09-08 11:48:40,923 - INFO - Analyte L-(+)-Citrulline_POS was not included in 4 gestational bin outlier analysis - excluded from complication-specific chi-squared testing.
2026-09-08 11:48:40,956 - INFO - Analyte DL-Lactic Acid_NEG was not included in 4 gestational bin outlier analysis - excluded from complication-specific chi-squared testing.
2026-09-08 11:48:40,991 - INFO - Analyte Pipecolic acid_POS was not included in 4 gestational bin outlier analysis - excluded from complication-specific chi-squared testing.
2026-09-08 11:48:41,024 - INFO - Analyte unk_n454_NEG_525.3312_RT11.94 was not included in 4 gestational bin outlier analysis - excluded from complication-specific chi-squared testing.
2026-09-08 11:48:41,057 - INFO - Analyte α-Lactose_NEG was not included in 4 gestational bin outlier analysis - excluded from complication-specific chi-squared testing.
2026-09-08 11:48:41,092 - INFO - Analyte N-Ethylacetamide_POS was not included in 4 gestational bin outlier analysis - excluded from complication-specific chi-squared testing.
2026-09-08 11:48:41,097 - INFO - Analyte L-Kynurenine_POS was not included in 4 gestational bin outlier analysis - excluded from complication-specific chi-squared testing.
2026-09-08 11:48:41,102 - INFO - Analyte Gluconolactone_POS was not included in 4 gestational bin outlier analysis - excluded from complication-specific chi-squared testing.
2026-09-08 11:48:41,119 - INFO - Analyte unk_p2069_POS_481.8174_RT6.05 was not included in 4 gestational bin outlier analysis - excluded from complication-specific chi-squared testing.
2026-09-08 11:48:41,152 - INFO - Analyte δ-Valerolactam_POS was not included in 4 gestational bin outlier analysis - excluded from complication-specific chi-squared testing.
2026-09-08 11:48:41,186 - INFO - Analyte unk_p5301_POS_446.2959_RT11.78 was not included in 4 gestational bin outlier analysis - excluded from complication-specific chi-squared testing.
2026-09-08 11:48:41,219 - INFO - Analyte 3-hydroxyoctanoyl carnitine_POS was not included in 4 gestational bin outlier analysis - excluded from complication-specific chi-squared testing.
2026-09-08 11:48:41,252 - INFO - Analyte N-gamma-Glutamylglutamine_POS was not included in 4 gestational bin outlier analysis - excluded from complication-specific chi-squared testing.
2026-09-08 11:48:41,288 - INFO - Analyte 6,7-dihydroxy-4,5,6,7-tetrahydroindole-4-one_NEG was not included in 4 gestational bin outlier analysis - excluded from complication-specific chi-squared testing.
2026-09-08 11:48:41,294 - INFO - Analyte L-Histidine_POS was not included in 4 gestational bin outlier analysis - excluded from complication-specific chi-squared testing.
2026-09-08 11:48:41,297 - INFO - Analyte Isobutyric acid_POS was not included in 4 gestational bin outlier analysis - excluded from complication-specific chi-squared testing.
2026-09-08 11:48:41,302 - INFO - Analyte L-2,4-Diaminobutyric acid_POS was not included in 4 gestational bin outlier analysis - excluded from complication-specific chi-squared testing.
2026-09-08 11:48:41,307 - INFO - Analyte unk_p1853_POS_166.9430_RT3.23 was not included in 4 gestational bin outlier analysis - excluded from complication-specific chi-squared testing.
2026-09-08 11:48:41,312 - INFO - Analyte apo-[3-methylcrotonoyl-CoA:carbon-dioxide ligase (ADP-forming)]_POS was not included in 4 gestational bin outlier analysis - excluded from complication-specific chi-squared testing.
2026-09-08 11:48:41,317 - INFO - Analyte Ethyl N2-acetyl-L-argininate_POS was not included in 4 gestational bin outlier analysis - excluded from complication-specific chi-squared testing.
2026-09-08 11:48:41,350 - INFO - Analyte Megazol_POS was not included in 4 gestational bin outlier analysis - excluded from complication-specific chi-squared testing.
2026-09-08 11:48:41,402 - INFO - Analyte D-Raffinose_POS was not included in 4 gestational bin outlier analysis - excluded from complication-specific chi-squared testing.
2026-09-08 11:48:41,437 - INFO - Analyte 2-[Bis-(2-hydroxy-ethyl)-amino]-2-hydroxymethyl-propane-1,3-diol_POS was not included in 4 gestational bin outlier analysis - excluded from complication-specific chi-squared testing.
2026-09-08 11:48:41,471 - INFO - Analyte Barbital_POS was not included in 4 gestational bin outlier analysis - excluded from complication-specific chi-squared testing.
2026-09-08 11:48:41,507 - INFO - Analyte 4-Acetamidobutanoic acid_POS was not included in 4 gestational bin outlier analysis - excluded from complication-specific chi-squared testing.
2026-09-08 11:48:41,512 - INFO - Analyte 4-(3,4-dimethylphenyl)-1-thia-4-azaspiro[4.5]decan-3-one_POS was not included in 4 gestational bin outlier analysis - excluded from complication-specific chi-squared testing.
2026-09-08 11:48:41,547 - INFO - Analyte N'-Formylkynurenine_POS was not included in 4 gestational bin outlier analysis - excluded from complication-specific chi-squared testing.
2026-09-08 11:48:41,552 - INFO - Analyte 4-Hydroxy-2-butenoic acid gamma-lactone_POS was not included in 4 gestational bin outlier analysis - excluded from complication-specific chi-squared testing.
2026-09-08 11:48:41,586 - INFO - Analyte gamma-Butyrolactone_NEG was not included in 4 gestational bin outlier analysis - excluded from complication-specific chi-squared testing.
2026-09-08 11:48:41,620 - INFO - Analyte Hypoxanthine_POS was not included in 4 gestational bin outlier analysis - excluded from complication-specific chi-squared testing.
2026-09-08 11:48:41,623 - INFO - Analyte unk_n386_NEG_255.8221_RT3.67 was not included in 4 gestational bin outlier analysis - excluded from complication-specific chi-squared testing.
2026-09-08 11:48:41,657 - INFO - Analyte unk_p2168_POS_231.8783_RT3.23 was not included in 4 gestational bin outlier analysis - excluded from complication-specific chi-squared testing.
2026-09-08 11:48:41,690 - INFO - Analyte Isobutyrylglycine_POS was not included in 4 gestational bin outlier analysis - excluded from complication-specific chi-squared testing.
2026-09-08 11:48:41,724 - INFO - Analyte Norepinephrine sulfate_POS was not included in 4 gestational bin outlier analysis - excluded from complication-specific chi-squared testing.
2026-09-08 11:48:41,757 - INFO - Analyte unk_p3339_POS_300.4097_RT0.75 was not included in 4 gestational bin outlier analysis - excluded from complication-specific chi-squared testing.
2026-09-08 11:48:41,791 - INFO - Analyte Didecyldimethylammonium_POS was not included in 4 gestational bin outlier analysis - excluded from complication-specific chi-squared testing.
2026-09-08 11:48:41,796 - INFO - Analyte Pantothenic acid_POS was not included in 4 gestational bin outlier analysis - excluded from complication-specific chi-squared testing.
2026-09-08 11:48:41,829 - INFO - Analyte NP-022451_POS was not included in 4 gestational bin outlier analysis - excluded from complication-specific chi-squared testing.
2026-09-08 11:48:41,846 - INFO - Analyte unk_p302_POS_81.5205_RT1.95 was not included in 4 gestational bin outlier analysis - excluded from complication-specific chi-squared testing.
2026-09-08 11:48:41,851 - INFO - Analyte 3-Oxalomalic acid_POS was not included in 4 gestational bin outlier analysis - excluded from complication-specific chi-squared testing.
2026-09-08 11:48:41,856 - INFO - Analyte cis-Acetylacrylate_NEG was not included in 4 gestational bin outlier analysis - excluded from complication-specific chi-squared testing.
2026-09-08 11:48:41,861 - INFO - Analyte (2R)-2,3-Dihydroxypropanoic acid_NEG was not included in 4 gestational bin outlier analysis - excluded from complication-specific chi-squared testing.
2026-09-08 11:48:41,894 - INFO - Analyte 2-Aminoisobutyric acid_POS was not included in 4 gestational bin outlier analysis - excluded from complication-specific chi-squared testing.
2026-09-08 11:48:41,899 - INFO - Analyte Leucylproline_POS was not included in 4 gestational bin outlier analysis - excluded from complication-specific chi-squared testing.
2026-09-08 11:48:41,932 - INFO - Analyte (+-)-trans-3-Methyl norfentanyl_POS was not included in 4 gestational bin outlier analysis - excluded from complication-specific chi-squared testing.
2026-09-08 11:48:41,965 - INFO - Analyte Ethephon_POS was not included in 4 gestational bin outlier analysis - excluded from complication-specific chi-squared testing.
2026-09-08 11:48:41,999 - INFO - Analyte unk_p93_POS_90.5258_RT0.76 was not included in 4 gestational bin outlier analysis - excluded from complication-specific chi-squared testing.
2026-09-08 11:48:42,004 - INFO - Analyte unk_p3799_POS_338.1166_RT7.62 was not included in 4 gestational bin outlier analysis - excluded from complication-specific chi-squared testing.
2026-09-08 11:48:42,009 - INFO - Analyte Xylariamide_POS was not included in 4 gestational bin outlier analysis - excluded from complication-specific chi-squared testing.
2026-09-08 11:48:42,043 - INFO - Analyte 4-Nitrophenyl beta-D-xyloside_POS was not included in 4 gestational bin outlier analysis - excluded from complication-specific chi-squared testing.
2026-09-08 11:48:42,047 - INFO - Analyte unk_p1541_POS_276.0038_RT4.14 was not included in 4 gestational bin outlier analysis - excluded from complication-specific chi-squared testing.
2026-09-08 11:48:42,052 - INFO - Analyte L-Isoleucine_POS was not included in 4 gestational bin outlier analysis - excluded from complication-specific chi-squared testing.
2026-09-08 11:48:42,087 - INFO - Analyte 3-Methylcrotonylglycine_POS was not included in 4 gestational bin outlier analysis - excluded from complication-specific chi-squared testing.
2026-09-08 11:48:42,120 - INFO - Analyte 3-Hydroxymepivacaine_POS was not included in 4 gestational bin outlier analysis - excluded from complication-specific chi-squared testing.
2026-09-08 11:48:42,125 - INFO - Analyte L-Erythrulose_NEG was not included in 4 gestational bin outlier analysis - excluded from complication-specific chi-squared testing.
2026-09-08 11:48:42,130 - INFO - Analyte methyl 2-(acetylamino)-4-amino-4-oxobutanoate_POS was not included in 4 gestational bin outlier analysis - excluded from complication-specific chi-squared testing.
2026-09-08 11:48:42,163 - INFO - Analyte Methoxyphenamine_POS was not included in 4 gestational bin outlier analysis - excluded from complication-specific chi-squared testing.
2026-09-08 11:48:42,168 - INFO - Analyte L-Threonine_POS was not included in 4 gestational bin outlier analysis - excluded from complication-specific chi-squared testing.
2026-09-08 11:48:42,172 - INFO - Analyte Doxylamine_POS was not included in 4 gestational bin outlier analysis - excluded from complication-specific chi-squared testing.
2026-09-08 11:48:42,206 - INFO - Analyte Taurine_NEG was not included in 4 gestational bin outlier analysis - excluded from complication-specific chi-squared testing.
2026-09-08 11:48:42,239 - INFO - Analyte unk_n441_NEG_525.3312_RT11.15 was not included in 4 gestational bin outlier analysis - excluded from complication-specific chi-squared testing.
2026-09-08 11:48:42,322 - INFO - Analyte unk_n529_NEG_197.8077_RT8.34 was not included in 4 gestational bin outlier analysis - excluded from complication-specific chi-squared testing.
2026-09-08 11:48:42,355 - INFO - Analyte beta-Alanine_POS was not included in 4 gestational bin outlier analysis - excluded from complication-specific chi-squared testing.
2026-09-08 11:48:42,360 - INFO - Analyte unk_p2702_POS_497.9977_RT1.05 was not included in 4 gestational bin outlier analysis - excluded from complication-specific chi-squared testing.
2026-09-08 11:48:42,379 - INFO - Analyte Ropivacaine_POS was not included in 4 gestational bin outlier analysis - excluded from complication-specific chi-squared testing.
2026-09-08 11:48:42,384 - INFO - Analyte TRIETHYLENE GLYCOL_POS was not included in 4 gestational bin outlier analysis - excluded from complication-specific chi-squared testing.
2026-09-08 11:48:42,418 - INFO - Analyte (±)-2-Propylthiazolidine_POS was not included in 4 gestational bin outlier analysis - excluded from complication-specific chi-squared testing.
2026-09-08 11:48:42,423 - INFO - Analyte [Similar to: Threonine; ΔMass: 83.9612 Da]_NEG was not included in 4 gestational bin outlier analysis - excluded from complication-specific chi-squared testing.
2026-09-08 11:48:42,427 - INFO - Analyte NP-015114_POS was not included in 4 gestational bin outlier analysis - excluded from complication-specific chi-squared testing.
2026-09-08 11:48:42,432 - INFO - Analyte unk_n915_NEG_102.9566_RT5.57 was not included in 4 gestational bin outlier analysis - excluded from complication-specific chi-squared testing.
2026-09-08 11:48:42,465 - INFO - Analyte Caprylic acid_POS was not included in 4 gestational bin outlier analysis - excluded from complication-specific chi-squared testing.
2026-09-08 11:48:42,499 - INFO - Analyte O-Desmethyl-lacosamide_POS was not included in 4 gestational bin outlier analysis - excluded from complication-specific chi-squared testing.
2026-09-08 11:48:42,507 - INFO - Analyte [3-amino-5-(methylsulfanyl)-4-(2-pyridinyl)-1H-pyrazol-1-yl](2-thienyl)methanone_POS was not included in 4 gestational bin outlier analysis - excluded from complication-specific chi-squared testing.
2026-09-08 11:48:42,541 - INFO - Analyte V-Pyrro/NO_POS was not included in 4 gestational bin outlier analysis - excluded from complication-specific chi-squared testing.
2026-09-08 11:48:42,546 - INFO - Analyte D-1,5-Anhydrofructose_NEG was not included in 4 gestational bin outlier analysis - excluded from complication-specific chi-squared testing.
2026-09-08 11:48:42,551 - INFO - Analyte unk_n3447_NEG_458.9835_RT1.44 was not included in 4 gestational bin outlier analysis - excluded from complication-specific chi-squared testing.
2026-09-08 11:48:42,585 - INFO - Analyte Cysteine-S-sulfate_NEG was not included in 4 gestational bin outlier analysis - excluded from complication-specific chi-squared testing.
2026-09-08 11:48:42,618 - INFO - Analyte unk_p4571_POS_347.8494_RT2.42 was not included in 4 gestational bin outlier analysis - excluded from complication-specific chi-squared testing.
2026-09-08 11:48:42,623 - INFO - Analyte Cysteineglutathione disulfide_POS was not included in 4 gestational bin outlier analysis - excluded from complication-specific chi-squared testing.
2026-09-08 11:48:42,641 - INFO - Analyte unk_p3493_POS_276.1361_RT4.66 was not included in 4 gestational bin outlier analysis - excluded from complication-specific chi-squared testing.
2026-09-08 11:48:42,646 - INFO - Analyte 3-Methylheptanoylcarnitine_POS was not included in 4 gestational bin outlier analysis - excluded from complication-specific chi-squared testing.
2026-09-08 11:48:42,680 - INFO - Analyte PEG n5_POS was not included in 4 gestational bin outlier analysis - excluded from complication-specific chi-squared testing.
2026-09-08 11:48:42,686 - INFO - Analyte D-Glycero-D-galacto-heptitol_NEG was not included in 4 gestational bin outlier analysis - excluded from complication-specific chi-squared testing.
2026-09-08 11:48:42,720 - INFO - Analyte 2-Hydroxy-4-oxopentanoic acid_NEG was not included in 4 gestational bin outlier analysis - excluded from complication-specific chi-squared testing.
2026-09-08 11:48:42,725 - INFO - Analyte 3-Hydroxymethylglutaric acid_POS was not included in 4 gestational bin outlier analysis - excluded from complication-specific chi-squared testing.
2026-09-08 11:48:42,730 - INFO - Analyte Furodazole_NEG was not included in 4 gestational bin outlier analysis - excluded from complication-specific chi-squared testing.
2026-09-08 11:48:42,734 - INFO - Analyte Creatine_NEG was not included in 4 gestational bin outlier analysis - excluded from complication-specific chi-squared testing.
2026-09-08 11:48:42,767 - INFO - Analyte unk_p1992_POS_481.8173_RT5.48 was not included in 4 gestational bin outlier analysis - excluded from complication-specific chi-squared testing.
2026-09-08 11:48:42,801 - INFO - Analyte N-cyclooctylurea_POS was not included in 4 gestational bin outlier analysis - excluded from complication-specific chi-squared testing.
2026-09-08 11:48:42,818 - INFO - Analyte unk_p21_POS_226.9514_RT0.64 was not included in 4 gestational bin outlier analysis - excluded from complication-specific chi-squared testing.
2026-09-08 11:48:42,823 - INFO - Analyte (R)-Salsolinol_POS was not included in 4 gestational bin outlier analysis - excluded from complication-specific chi-squared testing.
2026-09-08 11:48:42,828 - INFO - Analyte Desmethylcitalopram_POS was not included in 4 gestational bin outlier analysis - excluded from complication-specific chi-squared testing.
2026-09-08 11:48:42,845 - INFO - Analyte unk_n694_NEG_267.8479_RT4.64 was not included in 4 gestational bin outlier analysis - excluded from complication-specific chi-squared testing.
2026-09-08 11:48:42,882 - INFO - Analyte (2S)-4-(2-Aminophenyl)-2-formamido-4-oxobutanoic acid_POS was not included in 4 gestational bin outlier analysis - excluded from complication-specific chi-squared testing.
2026-09-08 11:48:42,888 - INFO - Analyte Squamolone_POS was not included in 4 gestational bin outlier analysis - excluded from complication-specific chi-squared testing.
2026-09-08 11:48:42,893 - INFO - Analyte 2-Imidazolidone_POS was not included in 4 gestational bin outlier analysis - excluded from complication-specific chi-squared testing.
2026-09-08 11:48:42,928 - INFO - Analyte Azetidomonamide A_POS was not included in 4 gestational bin outlier analysis - excluded from complication-specific chi-squared testing.
2026-09-08 11:48:42,933 - INFO - Analyte D-threo-isocitrate_NEG was not included in 4 gestational bin outlier analysis - excluded from complication-specific chi-squared testing.
2026-09-08 11:48:42,938 - INFO - Analyte unk_p2059_POS_179.0847_RT6.26 was not included in 4 gestational bin outlier analysis - excluded from complication-specific chi-squared testing.
2026-09-08 11:48:43,024 - INFO - Analyte (2S,3R)-3-Hydroxy-2-methylbutanoic acid_POS was not included in 4 gestational bin outlier analysis - excluded from complication-specific chi-squared testing.
2026-09-08 11:48:43,029 - INFO - Analyte Acetyl-L-carnitine_POS was not included in 4 gestational bin outlier analysis - excluded from complication-specific chi-squared testing.
2026-09-08 11:48:43,032 - INFO - Analyte D-(-)-Glutamine_NEG was not included in 4 gestational bin outlier analysis - excluded from complication-specific chi-squared testing.
2026-09-08 11:48:43,066 - INFO - Analyte unk_p1337_POS_490.8173_RT11.18 was not included in 4 gestational bin outlier analysis - excluded from complication-specific chi-squared testing.
2026-09-08 11:48:43,071 - INFO - Analyte N,N-dimethyl-N-(3-perfluoroalkylsulfonamidopropan-1-yl)-N-(3-sulfopropan-1-yl)ammonium;N-sulfo propyl dimethyl ammonio propyl perfluoroethane sulfonamide;N-sulfo propyl dimethyl ammonio propyl perfluoroethane sulfonamide;perfluoroethane sulfonamido betaine propyl sulfonate_POS was not included in 4 gestational bin outlier analysis - excluded from complication-specific chi-squared testing.
2026-09-08 11:48:43,076 - INFO - Analyte (x)-2-Heptanol glucoside_POS was not included in 4 gestational bin outlier analysis - excluded from complication-specific chi-squared testing.
2026-09-08 11:48:43,078 - INFO - Analyte Succinic acid semialdehyde_NEG was not included in 4 gestational bin outlier analysis - excluded from complication-specific chi-squared testing.
2026-09-08 11:48:43,083 - INFO - Analyte D-(+)-Glucose_POS was not included in 4 gestational bin outlier analysis - excluded from complication-specific chi-squared testing.
2026-09-08 11:48:43,119 - INFO - Analyte Diethylaminoethyl-Sephacel_POS was not included in 4 gestational bin outlier analysis - excluded from complication-specific chi-squared testing.
2026-09-08 11:48:43,154 - INFO - Analyte L-Glutamic acid_POS was not included in 4 gestational bin outlier analysis - excluded from complication-specific chi-squared testing.
2026-09-08 11:48:43,190 - INFO - Analyte Penicillamine disulfide_POS was not included in 4 gestational bin outlier analysis - excluded from complication-specific chi-squared testing.
2026-09-08 11:48:43,207 - INFO - Analyte [Similar to: Asparagine; ΔMass: 67.9873 Da]_NEG was not included in 4 gestational bin outlier analysis - excluded from complication-specific chi-squared testing.
2026-09-08 11:48:43,211 - INFO - Analyte 6-Chloro-2,3,4,5-tetrahydro-1H-3-benzazepine_NEG was not included in 4 gestational bin outlier analysis - excluded from complication-specific chi-squared testing.
2026-09-08 11:48:43,245 - INFO - Analyte Validoxylamine G_POS was not included in 4 gestational bin outlier analysis - excluded from complication-specific chi-squared testing.
2026-09-08 11:48:43,279 - INFO - Analyte Threonine_NEG was not included in 4 gestational bin outlier analysis - excluded from complication-specific chi-squared testing.
2026-09-08 11:48:43,312 - INFO - Analyte O-Desmethyl-cis-tramadol_POS was not included in 4 gestational bin outlier analysis - excluded from complication-specific chi-squared testing.
2026-09-08 11:48:43,346 - INFO - Analyte N,N-Didesmethylvenlafaxine_POS was not included in 4 gestational bin outlier analysis - excluded from complication-specific chi-squared testing.
2026-09-08 11:48:43,380 - INFO - Analyte 3-[(4-Chlorophenyl)thio]-6-(3,5-dimethyl-1H-pyrazol-1-yl)pyridazine_POS was not included in 4 gestational bin outlier analysis - excluded from complication-specific chi-squared testing.
2026-09-08 11:48:43,415 - INFO - Analyte Aladapcin_POS was not included in 4 gestational bin outlier analysis - excluded from complication-specific chi-squared testing.
2026-09-08 11:48:43,449 - INFO - Analyte Acetylcholine_POS was not included in 4 gestational bin outlier analysis - excluded from complication-specific chi-squared testing.
2026-09-08 11:48:43,454 - INFO - Analyte Cocaine_POS was not included in 4 gestational bin outlier analysis - excluded from complication-specific chi-squared testing.
2026-09-08 11:48:43,456 - INFO - Analyte (2R*,3R*)-1,2,3-Butanetriol_POS was not included in 4 gestational bin outlier analysis - excluded from complication-specific chi-squared testing.
2026-09-08 11:48:43,461 - INFO - Analyte Tranexamic Acid_POS was not included in 4 gestational bin outlier analysis - excluded from complication-specific chi-squared testing.
2026-09-08 11:48:43,466 - INFO - Analyte Citalopram hydrobromide_POS was not included in 4 gestational bin outlier analysis - excluded from complication-specific chi-squared testing.
2026-09-08 11:48:43,499 - INFO - Analyte Crotonic acid_POS was not included in 4 gestational bin outlier analysis - excluded from complication-specific chi-squared testing.
2026-09-08 11:48:43,516 - INFO - Analyte unk_n104_NEG_197.8080_RT4.23 was not included in 4 gestational bin outlier analysis - excluded from complication-specific chi-squared testing.
2026-09-08 11:48:43,534 - INFO - Analyte [Similar to: N1-(2-methyl-4-nitrophenyl)acetamide; ΔMass: -46.1009 Da]_NEG was not included in 4 gestational bin outlier analysis - excluded from complication-specific chi-squared testing.
2026-09-08 11:48:43,539 - INFO - Analyte 2-(2-Thienylmethylene)-1,6-dioxaspiro[4.4]non-3-ene_POS was not included in 4 gestational bin outlier analysis - excluded from complication-specific chi-squared testing.
2026-09-08 11:48:43,571 - INFO - Analyte unk_p755_POS_173.0783_RT3.49 was not included in 4 gestational bin outlier analysis - excluded from complication-specific chi-squared testing.
2026-09-08 11:48:43,605 - INFO - Analyte Vaccenyl carnitine_POS was not included in 4 gestational bin outlier analysis - excluded from complication-specific chi-squared testing.
2026-09-08 11:48:43,610 - INFO - Analyte Glycylproline_POS was not included in 4 gestational bin outlier analysis - excluded from complication-specific chi-squared testing.
2026-09-08 11:48:43,643 - INFO - Analyte 2-Oxopropyl 2-oxopropanoate_NEG was not included in 4 gestational bin outlier analysis - excluded from complication-specific chi-squared testing.
2026-09-08 11:48:43,661 - INFO - Analyte methadone-d9_NEG was not included in 4 gestational bin outlier analysis - excluded from complication-specific chi-squared testing.
2026-09-08 11:48:43,666 - INFO - Analyte 2-(methylthio)-4-(3-pyridyl)pyrimidine_POS was not included in 4 gestational bin outlier analysis - excluded from complication-specific chi-squared testing.
2026-09-08 11:48:43,668 - INFO - Analyte unk_p4117_POS_730.1590_RT4.67 was not included in 4 gestational bin outlier analysis - excluded from complication-specific chi-squared testing.
2026-09-08 11:48:43,671 - INFO - Analyte Butyrylcarnitine_POS was not included in 4 gestational bin outlier analysis - excluded from complication-specific chi-squared testing.
2026-09-08 11:48:43,759 - INFO - Analyte Triisobutyl phosphate_POS was not included in 4 gestational bin outlier analysis - excluded from complication-specific chi-squared testing.
2026-09-08 11:48:43,764 - INFO - Analyte 1-Methoxy-1H-indole-3-acetonitrile_POS was not included in 4 gestational bin outlier analysis - excluded from complication-specific chi-squared testing.
2026-09-08 11:48:43,797 - INFO - Analyte (5R)-5-Hydroxyhexanoic acid_POS was not included in 4 gestational bin outlier analysis - excluded from complication-specific chi-squared testing.
2026-09-08 11:48:43,803 - INFO - Analyte [Similar to: L-Threonic acid; ΔMass: 112.0010 Da]_NEG was not included in 4 gestational bin outlier analysis - excluded from complication-specific chi-squared testing.
2026-09-08 11:48:43,808 - INFO - Analyte unk_p2205_POS_101.0790_RT2.80 was not included in 4 gestational bin outlier analysis - excluded from complication-specific chi-squared testing.
2026-09-08 11:48:43,812 - INFO - Analyte Diaminopimelic acid_POS was not included in 4 gestational bin outlier analysis - excluded from complication-specific chi-squared testing.
2026-09-08 11:48:43,830 - INFO - Analyte N-Methyl-4-nitroaniline_POS was not included in 4 gestational bin outlier analysis - excluded from complication-specific chi-squared testing.
2026-09-08 11:48:43,863 - INFO - Analyte unk_n219_NEG_116.9285_RT11.96 was not included in 4 gestational bin outlier analysis - excluded from complication-specific chi-squared testing.
2026-09-08 11:48:43,897 - INFO - Analyte 1,2,2-trifluoro-2-(trifluoromethoxy)ethan-1-ol;Hydrogen-substituted perfluoroether butanol_NEG was not included in 4 gestational bin outlier analysis - excluded from complication-specific chi-squared testing.
2026-09-08 11:48:43,930 - INFO - Analyte Octylphosphonic acid_POS was not included in 4 gestational bin outlier analysis - excluded from complication-specific chi-squared testing.
2026-09-08 11:48:43,965 - INFO - Analyte Morpholine_POS was not included in 4 gestational bin outlier analysis - excluded from complication-specific chi-squared testing.
2026-09-08 11:48:43,970 - INFO - Analyte Valine_POS was not included in 4 gestational bin outlier analysis - excluded from complication-specific chi-squared testing.
2026-09-08 11:48:44,003 - INFO - Analyte 4-Oxoproline_NEG was not included in 4 gestational bin outlier analysis - excluded from complication-specific chi-squared testing.
2026-09-08 11:48:44,036 - INFO - Analyte unk_p3907_POS_370.0736_RT5.90 was not included in 4 gestational bin outlier analysis - excluded from complication-specific chi-squared testing.
2026-09-08 11:48:44,070 - INFO - Analyte N-acetyl zonisamide_POS was not included in 4 gestational bin outlier analysis - excluded from complication-specific chi-squared testing.
2026-09-08 11:48:44,075 - INFO - Analyte 4-Hydroxyproline_NEG was not included in 4 gestational bin outlier analysis - excluded from complication-specific chi-squared testing.
2026-09-08 11:48:44,092 - INFO - Analyte unk_p1789_POS_481.8174_RT8.05 was not included in 4 gestational bin outlier analysis - excluded from complication-specific chi-squared testing.
2026-09-08 11:48:44,127 - INFO - Analyte N-(1,3-benzodioxol-5-yl)-2-methyl-5-(piperidinosulfonyl)-3-furamide_POS was not included in 4 gestational bin outlier analysis - excluded from complication-specific chi-squared testing.
2026-09-08 11:48:44,166 - INFO - Analyte NP-022068_POS was not included in 4 gestational bin outlier analysis - excluded from complication-specific chi-squared testing.
2026-09-08 11:48:44,200 - INFO - Analyte unk_n683_NEG_226.9274_RT2.46 was not included in 4 gestational bin outlier analysis - excluded from complication-specific chi-squared testing.
2026-09-08 11:48:44,233 - INFO - Analyte [Similar to: 2-{[(2R,3R,4S,5S,6R)-4,5-dihydroxy-6-(hydroxymethyl)-3-{[(2S,3R,4R,5R,6S)-3,4,5-trihydroxy-6-methyloxan-2-yl]oxy}oxan-2-yl]oxy}-2-(4-hydroxyphenyl)acetonitrile; ΔMass: -157.9643 Da]_POS was not included in 4 gestational bin outlier analysis - excluded from complication-specific chi-squared testing.
2026-09-08 11:48:44,239 - INFO - Analyte 3-Hydroxymonoethylglycinexylidide_POS was not included in 4 gestational bin outlier analysis - excluded from complication-specific chi-squared testing.
2026-09-08 11:48:44,272 - INFO - Analyte 2-Aminothiazole_POS was not included in 4 gestational bin outlier analysis - excluded from complication-specific chi-squared testing.
2026-09-08 11:48:44,277 - INFO - Analyte Pyrrolidine_POS was not included in 4 gestational bin outlier analysis - excluded from complication-specific chi-squared testing.
2026-09-08 11:48:44,282 - INFO - Analyte unk_p1714_POS_174.9566_RT3.15 was not included in 4 gestational bin outlier analysis - excluded from complication-specific chi-squared testing.
2026-09-08 11:48:44,316 - INFO - Analyte Bicine_NEG was not included in 4 gestational bin outlier analysis - excluded from complication-specific chi-squared testing.
2026-09-08 11:48:44,350 - INFO - Analyte bk-MDDMA_POS was not included in 4 gestational bin outlier analysis - excluded from complication-specific chi-squared testing.
2026-09-08 11:48:44,355 - INFO - Analyte unk_n43_NEG_231.9316_RT9.38 was not included in 4 gestational bin outlier analysis - excluded from complication-specific chi-squared testing.
2026-09-08 11:48:44,388 - INFO - Analyte (S)-(+)-2-Amino-1-propanol_POS was not included in 4 gestational bin outlier analysis - excluded from complication-specific chi-squared testing.
2026-09-08 11:48:44,393 - INFO - Analyte Ritodrine_POS was not included in 4 gestational bin outlier analysis - excluded from complication-specific chi-squared testing.
2026-09-08 11:48:44,428 - INFO - Analyte Allyl 2-(1H-benzimidazol-2-yl)-2-cyano-N-phenylethanimidothioate_POS was not included in 4 gestational bin outlier analysis - excluded from complication-specific chi-squared testing.
2026-09-08 11:48:44,433 - INFO - Analyte Pseudoecgonine_POS was not included in 4 gestational bin outlier analysis - excluded from complication-specific chi-squared testing.
2026-09-08 11:48:44,438 - INFO - Analyte Proline_POS was not included in 4 gestational bin outlier analysis - excluded from complication-specific chi-squared testing.
2026-09-08 11:48:44,471 - INFO - Analyte unk_p4135_POS_461.8025_RT1.59 was not included in 4 gestational bin outlier analysis - excluded from complication-specific chi-squared testing.
2026-09-08 11:48:44,476 - INFO - Analyte unk_p2327_POS_272.1338_RT2.37 was not included in 4 gestational bin outlier analysis - excluded from complication-specific chi-squared testing.
2026-09-08 11:48:44,509 - INFO - Analyte NP-020535_POS was not included in 4 gestational bin outlier analysis - excluded from complication-specific chi-squared testing.
2026-09-08 11:48:44,514 - INFO - Analyte 5-nitrothiazol-2-amine_POS was not included in 4 gestational bin outlier analysis - excluded from complication-specific chi-squared testing.
2026-09-08 11:48:44,548 - INFO - Analyte unk_p4977_POS_430.3673_RT0.76 was not included in 4 gestational bin outlier analysis - excluded from complication-specific chi-squared testing.
2026-09-08 11:48:44,582 - INFO - Analyte unk_p1632_POS_663.4347_RT12.76 was not included in 4 gestational bin outlier analysis - excluded from complication-specific chi-squared testing.
2026-09-08 11:48:44,616 - INFO - Analyte 3-Hydroxybupivicaine_POS was not included in 4 gestational bin outlier analysis - excluded from complication-specific chi-squared testing.
2026-09-08 11:48:44,635 - INFO - Analyte unk_n9_NEG_273.9896_RT11.04 was not included in 4 gestational bin outlier analysis - excluded from complication-specific chi-squared testing.
2026-09-08 11:48:44,640 - INFO - Analyte 3-hydroxy-3-methylpentanedioic acid_POS was not included in 4 gestational bin outlier analysis - excluded from complication-specific chi-squared testing.
2026-09-08 11:48:44,673 - INFO - Analyte 2-Methyl-3-ketovaleric acid_POS was not included in 4 gestational bin outlier analysis - excluded from complication-specific chi-squared testing.
2026-09-08 11:48:44,768 - INFO - Analyte (4E)-3-Hydroxy-2,4-dimethyl-4-heptenamide_POS was not included in 4 gestational bin outlier analysis - excluded from complication-specific chi-squared testing.
2026-09-08 11:48:44,801 - INFO - Analyte Lamotrigine_POS was not included in 4 gestational bin outlier analysis - excluded from complication-specific chi-squared testing.
2026-09-08 11:48:44,835 - INFO - Analyte Xestoaminol C_POS was not included in 4 gestational bin outlier analysis - excluded from complication-specific chi-squared testing.
2026-09-08 11:48:44,868 - INFO - Analyte Acycloguanosine_NEG was not included in 4 gestational bin outlier analysis - excluded from complication-specific chi-squared testing.
2026-09-08 11:48:44,873 - INFO - Analyte unk_n75_NEG_197.8079_RT5.38 was not included in 4 gestational bin outlier analysis - excluded from complication-specific chi-squared testing.
2026-09-08 11:48:44,906 - INFO - Analyte Mevalonic acid_POS was not included in 4 gestational bin outlier analysis - excluded from complication-specific chi-squared testing.
2026-09-08 11:48:44,940 - INFO - Analyte Lorbamate_POS was not included in 4 gestational bin outlier analysis - excluded from complication-specific chi-squared testing.
2026-09-08 11:48:44,945 - INFO - Analyte 2-Furanmethanol_POS was not included in 4 gestational bin outlier analysis - excluded from complication-specific chi-squared testing.
2026-09-08 11:48:44,978 - INFO - Analyte Guanidoacetic acid_POS was not included in 4 gestational bin outlier analysis - excluded from complication-specific chi-squared testing.
2026-09-08 11:48:44,983 - INFO - Analyte Acetazolamide_NEG was not included in 4 gestational bin outlier analysis - excluded from complication-specific chi-squared testing.
2026-09-08 11:48:45,017 - INFO - Analyte unk_n834_NEG_333.1415_RT9.64 was not included in 4 gestational bin outlier analysis - excluded from complication-specific chi-squared testing.
2026-09-08 11:48:45,050 - INFO - Analyte D-(+)-Maltose_NEG was not included in 4 gestational bin outlier analysis - excluded from complication-specific chi-squared testing.
2026-09-08 11:48:45,055 - INFO - Analyte 4-Thialysine_POS was not included in 4 gestational bin outlier analysis - excluded from complication-specific chi-squared testing.
2026-09-08 11:48:45,088 - INFO - Analyte unk_p2623_POS_506.2075_RT7.31 was not included in 4 gestational bin outlier analysis - excluded from complication-specific chi-squared testing.
2026-09-08 11:48:45,122 - INFO - Analyte unk_n11_NEG_273.9895_RT10.40 was not included in 4 gestational bin outlier analysis - excluded from complication-specific chi-squared testing.
2026-09-08 11:48:45,156 - INFO - Analyte L-beta-aspartyl-L-glycine_POS was not included in 4 gestational bin outlier analysis - excluded from complication-specific chi-squared testing.
2026-09-08 11:48:45,190 - INFO - Analyte unk_p4598_POS_370.0734_RT6.62 was not included in 4 gestational bin outlier analysis - excluded from complication-specific chi-squared testing.
2026-09-08 11:48:45,223 - INFO - Analyte unk_p4657_POS_382.3426_RT11.09 was not included in 4 gestational bin outlier analysis - excluded from complication-specific chi-squared testing.
2026-09-08 11:48:45,257 - INFO - Analyte 5-Nitro-o-toluidine_POS was not included in 4 gestational bin outlier analysis - excluded from complication-specific chi-squared testing.
2026-09-08 11:48:45,290 - INFO - Analyte Xylactam_POS was not included in 4 gestational bin outlier analysis - excluded from complication-specific chi-squared testing.
2026-09-08 11:48:45,325 - INFO - Analyte unk_p1333_POS_99.5122_RT7.62 was not included in 4 gestational bin outlier analysis - excluded from complication-specific chi-squared testing.
2026-09-08 11:48:45,330 - INFO - Analyte 7-(2-thienyl)[1,2,4]triazolo[4,3-a]pyrimidine_POS was not included in 4 gestational bin outlier analysis - excluded from complication-specific chi-squared testing.
2026-09-08 11:48:45,335 - INFO - Analyte cis-Acetylacrylate_POS was not included in 4 gestational bin outlier analysis - excluded from complication-specific chi-squared testing.
2026-09-08 11:48:45,368 - INFO - Analyte Ecgonine_POS was not included in 4 gestational bin outlier analysis - excluded from complication-specific chi-squared testing.
2026-09-08 11:48:45,401 - INFO - Analyte PEG n12_POS was not included in 4 gestational bin outlier analysis - excluded from complication-specific chi-squared testing.
2026-09-08 11:48:45,404 - INFO - Analyte 2-Furancarboxaldehyde_NEG was not included in 4 gestational bin outlier analysis - excluded from complication-specific chi-squared testing.
2026-09-08 11:48:45,409 - INFO - Analyte L-Aspartic acid_POS was not included in 4 gestational bin outlier analysis - excluded from complication-specific chi-squared testing.
2026-09-08 11:48:45,413 - INFO - Analyte Homocitrulline_POS was not included in 4 gestational bin outlier analysis - excluded from complication-specific chi-squared testing.
2026-09-08 11:48:45,418 - INFO - Analyte unk_p8_POS_178.0903_RT10.06 was not included in 4 gestational bin outlier analysis - excluded from complication-specific chi-squared testing.
2026-09-08 11:48:45,453 - INFO - Analyte Methadone_POS was not included in 4 gestational bin outlier analysis - excluded from complication-specific chi-squared testing.
2026-09-08 11:48:45,487 - INFO - Analyte unk_p2870_POS_426.3213_RT12.12 was not included in 4 gestational bin outlier analysis - excluded from complication-specific chi-squared testing.
2026-09-08 11:48:45,521 - INFO - Analyte Methamphetamine_POS was not included in 4 gestational bin outlier analysis - excluded from complication-specific chi-squared testing.
2026-09-08 11:48:45,556 - INFO - Analyte Propylenediamine tetra-acetic acid_POS was not included in 4 gestational bin outlier analysis - excluded from complication-specific chi-squared testing.
2026-09-08 11:48:45,589 - INFO - Analyte 3-(2-methylpropyl)-octahydropyrrolo[1,2-a]pyrazine-1,4-dione_POS was not included in 4 gestational bin outlier analysis - excluded from complication-specific chi-squared testing.
2026-09-08 11:48:45,623 - INFO - Analyte Venlafaxine N-Oxide_POS was not included in 4 gestational bin outlier analysis - excluded from complication-specific chi-squared testing.
2026-09-08 11:48:45,656 - INFO - Analyte 1,1-Dichloroacetone_POS was not included in 4 gestational bin outlier analysis - excluded from complication-specific chi-squared testing.
2026-09-08 11:48:45,661 - INFO - Analyte unk_p1255_POS_297.9856_RT8.42 was not included in 4 gestational bin outlier analysis - excluded from complication-specific chi-squared testing.
2026-09-08 11:48:45,666 - INFO - Analyte (2S,3R,4S,5R,6R)-6-Ethyloxane-2,3,4,5-tetrol_POS was not included in 4 gestational bin outlier analysis - excluded from complication-specific chi-squared testing.
2026-09-08 11:48:45,700 - INFO - Analyte Phenyl sulfoxide_NEG was not included in 4 gestational bin outlier analysis - excluded from complication-specific chi-squared testing.
2026-09-08 11:48:45,718 - INFO - Analyte [Similar to: L-Threonic acid; ΔMass: 67.9873 Da]_NEG was not included in 4 gestational bin outlier analysis - excluded from complication-specific chi-squared testing.
2026-09-08 11:48:45,723 - INFO - Analyte Alanylserine_POS was not included in 4 gestational bin outlier analysis - excluded from complication-specific chi-squared testing.
2026-09-08 11:48:45,757 - INFO - Analyte D3-Creatinine_POS was not included in 4 gestational bin outlier analysis - excluded from complication-specific chi-squared testing.
2026-09-08 11:48:45,792 - INFO - Analyte 2-(4-chlorophenoxy)pyridin-3-amine_POS was not included in 4 gestational bin outlier analysis - excluded from complication-specific chi-squared testing.
2026-09-08 11:48:45,796 - INFO - Analyte L-Lysine_POS was not included in 4 gestational bin outlier analysis - excluded from complication-specific chi-squared testing.
2026-09-08 11:48:45,830 - INFO - Analyte Epinephrine_POS was not included in 4 gestational bin outlier analysis - excluded from complication-specific chi-squared testing.
2026-09-08 11:48:45,864 - INFO - Analyte unk_p4438_POS_454.2431_RT9.53 was not included in 4 gestational bin outlier analysis - excluded from complication-specific chi-squared testing.
2026-09-08 11:48:45,965 - INFO - Analyte unk_n449_NEG_525.3312_RT11.55 was not included in 4 gestational bin outlier analysis - excluded from complication-specific chi-squared testing.
2026-09-08 11:48:45,971 - INFO - Analyte unk_n2989_NEG_778.2049_RT9.66 was not included in 4 gestational bin outlier analysis - excluded from complication-specific chi-squared testing.
2026-09-08 11:48:46,012 - INFO - Analyte Hydroxymethyl hydrogen carbonate_NEG was not included in 4 gestational bin outlier analysis - excluded from complication-specific chi-squared testing.
2026-09-08 11:48:46,047 - INFO - Analyte 5S,6S-epoxy-15R-hydroxy-ETE_POS was not included in 4 gestational bin outlier analysis - excluded from complication-specific chi-squared testing.
2026-09-08 11:48:46,052 - INFO - Analyte Cefalexin_POS was not included in 4 gestational bin outlier analysis - excluded from complication-specific chi-squared testing.
2026-09-08 11:48:46,086 - INFO - Analyte unk_p256_POS_223.0700_RT11.18 was not included in 4 gestational bin outlier analysis - excluded from complication-specific chi-squared testing.
2026-09-08 11:48:46,120 - INFO - Analyte Citrulline_NEG was not included in 4 gestational bin outlier analysis - excluded from complication-specific chi-squared testing.
2026-09-08 11:48:46,125 - INFO - Analyte Nadolol_POS was not included in 4 gestational bin outlier analysis - excluded from complication-specific chi-squared testing.
2026-09-08 11:48:46,130 - INFO - Analyte Bupropion hydrochloride_POS was not included in 4 gestational bin outlier analysis - excluded from complication-specific chi-squared testing.
2026-09-08 11:48:46,135 - INFO - Analyte unk_p480_POS_242.9825_RT7.37 was not included in 4 gestational bin outlier analysis - excluded from complication-specific chi-squared testing.
2026-09-08 11:48:46,140 - INFO - Analyte N6-Me-Adenosine_POS was not included in 4 gestational bin outlier analysis - excluded from complication-specific chi-squared testing.
2026-09-08 11:48:46,145 - INFO - Analyte Anthranilic acid_POS was not included in 4 gestational bin outlier analysis - excluded from complication-specific chi-squared testing.
2026-09-08 11:48:46,179 - INFO - Analyte 2-Pyridylacetic acid_POS was not included in 4 gestational bin outlier analysis - excluded from complication-specific chi-squared testing.
2026-09-08 11:48:46,184 - INFO - Analyte 2-Aminobicyclo[3.1.0]hexane-2,6-dicarboxylic acid_POS was not included in 4 gestational bin outlier analysis - excluded from complication-specific chi-squared testing.
2026-09-08 11:48:46,189 - INFO - Analyte Clopidol_POS was not included in 4 gestational bin outlier analysis - excluded from complication-specific chi-squared testing.
2026-09-08 11:48:46,224 - INFO - Analyte Asparagine_NEG was not included in 4 gestational bin outlier analysis - excluded from complication-specific chi-squared testing.
2026-09-08 11:48:46,229 - INFO - Analyte Pyrogallol_POS was not included in 4 gestational bin outlier analysis - excluded from complication-specific chi-squared testing.
2026-09-08 11:48:46,233 - INFO - Analyte N-{[(2R,4S,5R)-5-(1-Methyl-3-phenyl-1H-pyrazol-5-yl)-1-azabicyclo[2.2.2]oct-2-yl]methyl}methanesulfonamide_POS was not included in 4 gestational bin outlier analysis - excluded from complication-specific chi-squared testing.
2026-09-08 11:48:46,267 - INFO - Analyte unk_p1961_POS_481.8174_RT7.74 was not included in 4 gestational bin outlier analysis - excluded from complication-specific chi-squared testing.
2026-09-08 11:48:46,300 - INFO - Analyte Dihydrothymine_NEG was not included in 4 gestational bin outlier analysis - excluded from complication-specific chi-squared testing.
2026-09-08 11:48:46,318 - INFO - Analyte Metronidazole-OH_POS was not included in 4 gestational bin outlier analysis - excluded from complication-specific chi-squared testing.
2026-09-08 11:48:46,323 - INFO - Analyte L-Aspartic acid_NEG was not included in 4 gestational bin outlier analysis - excluded from complication-specific chi-squared testing.
2026-09-08 11:48:46,328 - INFO - Analyte 6-(1,2,3,4-Tetrahydroxybutyl)oxane-2,3,4,5-tetrol_NEG was not included in 4 gestational bin outlier analysis - excluded from complication-specific chi-squared testing.
2026-09-08 11:48:46,361 - INFO - Analyte N-Acetyl-DL-tryptophan_POS was not included in 4 gestational bin outlier analysis - excluded from complication-specific chi-squared testing.
2026-09-08 11:48:46,366 - INFO - Analyte unk_n3153_NEG_237.9734_RT2.13 was not included in 4 gestational bin outlier analysis - excluded from complication-specific chi-squared testing.
2026-09-08 11:48:46,399 - INFO - Analyte Acycloguanosine_POS was not included in 4 gestational bin outlier analysis - excluded from complication-specific chi-squared testing.
2026-09-08 11:48:46,404 - INFO - Analyte 2-(2,6-dimethoxyphenyl)-5,6-dimethoxy-4H-chromen-4-one_POS was not included in 4 gestational bin outlier analysis - excluded from complication-specific chi-squared testing.
2026-09-08 11:48:46,421 - INFO - Analyte Allopurinol_NEG was not included in 4 gestational bin outlier analysis - excluded from complication-specific chi-squared testing.
2026-09-08 11:48:46,426 - INFO - Analyte 5-Aminolevulinic acid_POS was not included in 4 gestational bin outlier analysis - excluded from complication-specific chi-squared testing.
2026-09-08 11:48:46,459 - INFO - Analyte [Similar to: DL-Arginine; ΔMass: 180.0636 Da]_NEG was not included in 4 gestational bin outlier analysis - excluded from complication-specific chi-squared testing.
2026-09-08 11:48:46,492 - INFO - Analyte Aspartame_POS was not included in 4 gestational bin outlier analysis - excluded from complication-specific chi-squared testing.
2026-09-08 11:48:46,497 - INFO - Analyte 2-Furancarboxaldehyde_POS was not included in 4 gestational bin outlier analysis - excluded from complication-specific chi-squared testing.
2026-09-08 11:48:46,501 - INFO - Analyte Methoxsalen_POS was not included in 4 gestational bin outlier analysis - excluded from complication-specific chi-squared testing.
2026-09-08 11:48:46,536 - INFO - Analyte Phosphate_NEG was not included in 4 gestational bin outlier analysis - excluded from complication-specific chi-squared testing.
2026-09-08 11:48:46,541 - INFO - Analyte D-(+)-Glucose_NEG was not included in 4 gestational bin outlier analysis - excluded from complication-specific chi-squared testing.
2026-09-08 11:48:46,574 - INFO - Analyte unk_n146_NEG_228.9939_RT11.62 was not included in 4 gestational bin outlier analysis - excluded from complication-specific chi-squared testing.
2026-09-08 11:48:46,613 - INFO - Analyte L-Pyroglutamic acid_POS was not included in 4 gestational bin outlier analysis - excluded from complication-specific chi-squared testing.
2026-09-08 11:48:46,650 - INFO - Analyte tetrahomomethionine_POS was not included in 4 gestational bin outlier analysis - excluded from complication-specific chi-squared testing.
2026-09-08 11:48:46,655 - INFO - Analyte Cyclopentylamine_POS was not included in 4 gestational bin outlier analysis - excluded from complication-specific chi-squared testing.
2026-09-08 11:48:46,660 - INFO - Analyte N-(2-Hydroxypropyl)valine_POS was not included in 4 gestational bin outlier analysis - excluded from complication-specific chi-squared testing.
2026-09-08 11:48:46,695 - INFO - Analyte tert-Butyl N-[1-(aminocarbonyl)-3-methylbutyl]carbamate_POS was not included in 4 gestational bin outlier analysis - excluded from complication-specific chi-squared testing.
2026-09-08 11:48:46,700 - INFO - Analyte α-Lactose_POS was not included in 4 gestational bin outlier analysis - excluded from complication-specific chi-squared testing.
2026-09-08 11:48:46,734 - INFO - Analyte 1-(2-Furylmethyl)-5-oxopyrrolidine-3-carboxylic acid_NEG was not included in 4 gestational bin outlier analysis - excluded from complication-specific chi-squared testing.
2026-09-08 11:48:46,739 - INFO - Analyte 2-(Methylsulfonyl)pyridine_POS was not included in 4 gestational bin outlier analysis - excluded from complication-specific chi-squared testing.
2026-09-08 11:48:46,775 - INFO - Analyte 6-Hydroxy-1H-indole-3-acetamide_POS was not included in 4 gestational bin outlier analysis - excluded from complication-specific chi-squared testing.
2026-09-08 11:48:46,809 - INFO - Analyte unk_p2701_POS_497.9975_RT1.19 was not included in 4 gestational bin outlier analysis - excluded from complication-specific chi-squared testing.
2026-09-08 11:48:46,844 - INFO - Analyte O-Desmethylvenlafaxine_POS was not included in 4 gestational bin outlier analysis - excluded from complication-specific chi-squared testing.
2026-09-08 11:48:46,878 - INFO - Analyte 4-Pyridoxic acid_POS was not included in 4 gestational bin outlier analysis - excluded from complication-specific chi-squared testing.
2026-09-08 11:48:46,912 - INFO - Analyte N-Acetyl-L-carnosine_POS was not included in 4 gestational bin outlier analysis - excluded from complication-specific chi-squared testing.
2026-09-08 11:48:46,917 - INFO - Analyte unk_p557_POS_445.8151_RT12.73 was not included in 4 gestational bin outlier analysis - excluded from complication-specific chi-squared testing.
2026-09-08 11:48:46,935 - INFO - Analyte unk_p223_POS_111.0200_RT9.05 was not included in 4 gestational bin outlier analysis - excluded from complication-specific chi-squared testing.
2026-09-08 11:48:46,968 - INFO - Analyte Ethylenediaminetetraacetic acid (EDTA)_POS was not included in 4 gestational bin outlier analysis - excluded from complication-specific chi-squared testing.
2026-09-08 11:48:47,001 - INFO - Analyte unk_p5266_POS_459.2620_RT11.62 was not included in 4 gestational bin outlier analysis - excluded from complication-specific chi-squared testing.
2026-09-08 11:48:47,019 - INFO - Analyte 4'-Chloro-α-pyrrolidinopropiophenone_POS was not included in 4 gestational bin outlier analysis - excluded from complication-specific chi-squared testing.
2026-09-08 11:48:47,024 - INFO - Analyte Bis(cyano-kappaC)iron_POS was not included in 4 gestational bin outlier analysis - excluded from complication-specific chi-squared testing.
2026-09-08 11:48:47,093 - INFO - Analyte 1-Hydroxybenzotriazol_POS was not included in 4 gestational bin outlier analysis - excluded from complication-specific chi-squared testing.
2026-09-08 11:48:47,129 - INFO - Analyte Ornithine_NEG was not included in 4 gestational bin outlier analysis - excluded from complication-specific chi-squared testing.
2026-09-08 11:48:47,164 - INFO - Analyte DL-Arginine_POS was not included in 4 gestational bin outlier analysis - excluded from complication-specific chi-squared testing.
2026-09-08 11:48:47,197 - INFO - Analyte N-(5-Methyl-3-oxohexyl)alanine_POS was not included in 4 gestational bin outlier analysis - excluded from complication-specific chi-squared testing.
2026-09-08 11:48:47,202 - INFO - Analyte 4-Amino-2-pyrazin-2-ylpyrimidine-5-carbonitrile_POS was not included in 4 gestational bin outlier analysis - excluded from complication-specific chi-squared testing.
2026-09-08 11:48:47,207 - INFO - Analyte unk_p1254_POS_83.5357_RT0.57 was not included in 4 gestational bin outlier analysis - excluded from complication-specific chi-squared testing.
2026-09-08 11:48:47,241 - INFO - Analyte 3-(dimethylamino)-1-(2-pyridyl)prop-2-en-1-one_POS was not included in 4 gestational bin outlier analysis - excluded from complication-specific chi-squared testing.
2026-09-08 11:48:47,244 - INFO - Analyte Benzoylecgonine_POS was not included in 4 gestational bin outlier analysis - excluded from complication-specific chi-squared testing.
2026-09-08 11:48:47,277 - INFO - Analyte Suberic acid_POS was not included in 4 gestational bin outlier analysis - excluded from complication-specific chi-squared testing.
2026-09-08 11:48:47,282 - INFO - Analyte N,N'-Diphenylguanidine_POS was not included in 4 gestational bin outlier analysis - excluded from complication-specific chi-squared testing.
2026-09-08 11:48:47,287 - INFO - Analyte Leucylphenylalanine_POS was not included in 4 gestational bin outlier analysis - excluded from complication-specific chi-squared testing.
2026-09-08 11:48:47,292 - INFO - Analyte Atenolol acid_POS was not included in 4 gestational bin outlier analysis - excluded from complication-specific chi-squared testing.
2026-09-08 11:48:47,326 - INFO - Analyte Diisopropylphosphate_NEG was not included in 4 gestational bin outlier analysis - excluded from complication-specific chi-squared testing.
2026-09-08 11:48:47,360 - INFO - Analyte 4:2 fluorotelomer thia hydroxy propyl trimethyl ammonium;4:2 fluorotelomer thia hydroxy propyl trimethyl ammonium;fluorotelomer thiohydroxyl ammonium (Backe, D'Agostino, Meija-Avedano), X:2 fluorotelomer thioether 2-propanol trimethyl quaternary amine_POS was not included in 4 gestational bin outlier analysis - excluded from complication-specific chi-squared testing.
2026-09-08 11:48:47,366 - INFO - Analyte Caprolactam_POS was not included in 4 gestational bin outlier analysis - excluded from complication-specific chi-squared testing.
2026-09-08 11:48:47,400 - INFO - Analyte Bis(diaminomethylideneamino) butanedioate_POS was not included in 4 gestational bin outlier analysis - excluded from complication-specific chi-squared testing.
2026-09-08 11:48:47,434 - INFO - Analyte unk_p1141_POS_297.9856_RT8.76 was not included in 4 gestational bin outlier analysis - excluded from complication-specific chi-squared testing.
2026-09-08 11:48:47,439 - INFO - Analyte acutumidine_POS was not included in 4 gestational bin outlier analysis - excluded from complication-specific chi-squared testing.
2026-09-08 11:48:47,472 - INFO - Analyte unk_n189_NEG_228.9940_RT11.33 was not included in 4 gestational bin outlier analysis - excluded from complication-specific chi-squared testing.
2026-09-08 11:48:47,506 - INFO - Analyte 1-(Hydroxymethyl)-5,5-dimethyl-2,4-imidazolidinedione_POS was not included in 4 gestational bin outlier analysis - excluded from complication-specific chi-squared testing.
2026-09-08 11:48:47,511 - INFO - Analyte D-(-)-Ribose_NEG was not included in 4 gestational bin outlier analysis - excluded from complication-specific chi-squared testing.
2026-09-08 11:48:47,516 - INFO - Analyte Acetone hydrazone_POS was not included in 4 gestational bin outlier analysis - excluded from complication-specific chi-squared testing.
2026-09-08 11:48:47,549 - INFO - Analyte 1-[2-(2,5-Dimethyl-1H-pyrrol-1-yl)-4-nitrophenyl]-4-(methylsulfonyl)piperazine_POS was not included in 4 gestational bin outlier analysis - excluded from complication-specific chi-squared testing.
2026-09-08 11:48:47,583 - INFO - Analyte Soboliferamide_POS was not included in 4 gestational bin outlier analysis - excluded from complication-specific chi-squared testing.
2026-09-08 11:48:47,617 - INFO - Analyte 3-Hydroxysebacic acid_POS was not included in 4 gestational bin outlier analysis - excluded from complication-specific chi-squared testing.
2026-09-08 11:48:47,650 - INFO - Analyte D-Alanyl-D-alanine_POS was not included in 4 gestational bin outlier analysis - excluded from complication-specific chi-squared testing.
2026-09-08 11:48:47,684 - INFO - Analyte Medazepam_POS was not included in 4 gestational bin outlier analysis - excluded from complication-specific chi-squared testing.
2026-09-08 11:48:47,700 - INFO - Analyte Oxalic acid_NEG was not included in 4 gestational bin outlier analysis - excluded from complication-specific chi-squared testing.
2026-09-08 11:48:47,705 - INFO - Analyte 4-(3-Methyl-1-butenyl)-3,3',4',5-tetrahydroxystilbene_NEG was not included in 4 gestational bin outlier analysis - excluded from complication-specific chi-squared testing.
2026-09-08 11:48:47,723 - INFO - Analyte unk_n2029_NEG_102.9567_RT8.75 was not included in 4 gestational bin outlier analysis - excluded from complication-specific chi-squared testing.
2026-09-08 11:48:47,728 - INFO - Analyte [Similar to: Amphomycin; ΔMass: -1091.5889 Da]_POS was not included in 4 gestational bin outlier analysis - excluded from complication-specific chi-squared testing.
2026-09-08 11:48:47,761 - INFO - Analyte Glucosamine_POS was not included in 4 gestational bin outlier analysis - excluded from complication-specific chi-squared testing.
2026-09-08 11:48:47,765 - INFO - Analyte D-(-)-Lyxose_NEG was not included in 4 gestational bin outlier analysis - excluded from complication-specific chi-squared testing.
2026-09-08 11:48:47,798 - INFO - Analyte unk_p92_POS_90.5258_RT1.29 was not included in 4 gestational bin outlier analysis - excluded from complication-specific chi-squared testing.
2026-09-08 11:48:47,832 - INFO - Analyte 2-Hydroxyglutaric acid diethyl ester_POS was not included in 4 gestational bin outlier analysis - excluded from complication-specific chi-squared testing.
2026-09-08 11:48:47,865 - INFO - Analyte Tetraethylene glycol_POS was not included in 4 gestational bin outlier analysis - excluded from complication-specific chi-squared testing.
2026-09-08 11:48:47,898 - INFO - Analyte SK&F 91581_POS was not included in 4 gestational bin outlier analysis - excluded from complication-specific chi-squared testing.
2026-09-08 11:48:47,932 - INFO - Analyte unk_n158_NEG_215.8684_RT7.97 was not included in 4 gestational bin outlier analysis - excluded from complication-specific chi-squared testing.
2026-09-08 11:48:47,965 - INFO - Analyte Glutaminylglutamine_POS was not included in 4 gestational bin outlier analysis - excluded from complication-specific chi-squared testing.
2026-09-08 11:48:47,998 - INFO - Analyte unk_p2967_POS_272.1702_RT7.57 was not included in 4 gestational bin outlier analysis - excluded from complication-specific chi-squared testing.
2026-09-08 11:48:48,003 - INFO - Analyte 3-Hydroxyadipic acid 3,6-lactone_POS was not included in 4 gestational bin outlier analysis - excluded from complication-specific chi-squared testing.
2026-09-08 11:48:48,008 - INFO - Analyte dihomomethionine_POS was not included in 4 gestational bin outlier analysis - excluded from complication-specific chi-squared testing.
2026-09-08 11:48:48,041 - INFO - Analyte Pyruvic acid_NEG was not included in 4 gestational bin outlier analysis - excluded from complication-specific chi-squared testing.
2026-09-08 11:48:48,075 - INFO - Analyte unk_p800_POS_91.5045_RT9.41 was not included in 4 gestational bin outlier analysis - excluded from complication-specific chi-squared testing.
2026-09-08 11:48:48,079 - INFO - Analyte [Similar to: NP-004031; ΔMass: -416.3678 Da]_NEG was not included in 4 gestational bin outlier analysis - excluded from complication-specific chi-squared testing.
2026-09-08 11:48:48,113 - INFO - Analyte Norfentanyl_POS was not included in 4 gestational bin outlier analysis - excluded from complication-specific chi-squared testing.
2026-09-08 11:48:48,147 - INFO - Analyte 2-Methylbutyroylcarnitine_POS was not included in 4 gestational bin outlier analysis - excluded from complication-specific chi-squared testing.
2026-09-08 11:48:48,180 - INFO - Analyte 2-Hydroxy-3-methylpentanoic acid_POS was not included in 4 gestational bin outlier analysis - excluded from complication-specific chi-squared testing.
2026-09-08 11:48:48,184 - INFO - Analyte Glycyl-Glutamate_POS was not included in 4 gestational bin outlier analysis - excluded from complication-specific chi-squared testing.
2026-09-08 11:48:48,189 - INFO - Analyte 3-Deoxyglucosone_NEG was not included in 4 gestational bin outlier analysis - excluded from complication-specific chi-squared testing.
2026-09-08 11:48:48,223 - INFO - Analyte unk_p826_POS_235.9612_RT4.24 was not included in 4 gestational bin outlier analysis - excluded from complication-specific chi-squared testing.
2026-09-08 11:48:48,256 - INFO - Analyte unk_n2411_NEG_319.0083_RT2.93 was not included in 4 gestational bin outlier analysis - excluded from complication-specific chi-squared testing.
2026-09-08 11:48:48,261 - INFO - Analyte unk_n2019_NEG_382.1452_RT12.08 was not included in 4 gestational bin outlier analysis - excluded from complication-specific chi-squared testing.
2026-09-08 11:48:48,363 - INFO - Analyte 2-Amino-5-isopentyl-6-methylpyrimidin-4-ol_POS was not included in 4 gestational bin outlier analysis - excluded from complication-specific chi-squared testing.
2026-09-08 11:48:48,381 - INFO - Analyte Propyliodone_POS was not included in 4 gestational bin outlier analysis - excluded from complication-specific chi-squared testing.
2026-09-08 11:48:48,386 - INFO - Analyte 4-Azaspiro[bicyclo[2.2.2]octane-2,2'-[1,4]oxazolidine]-5'-one_POS was not included in 4 gestational bin outlier analysis - excluded from complication-specific chi-squared testing.
2026-09-08 11:48:48,391 - INFO - Analyte H2-D-erythro-Neopterin 2',3'-cyclic phosphate_POS was not included in 4 gestational bin outlier analysis - excluded from complication-specific chi-squared testing.
2026-09-08 11:48:48,425 - INFO - Analyte 2,2'-Anhydrocytidine_POS was not included in 4 gestational bin outlier analysis - excluded from complication-specific chi-squared testing.
2026-09-08 11:48:48,459 - INFO - Analyte (2S,8R)-2-Amino-8-hydroxydecanoic acid_POS was not included in 4 gestational bin outlier analysis - excluded from complication-specific chi-squared testing.
2026-09-08 11:48:48,476 - INFO - Analyte Trifluoroacetic acid_NEG was not included in 4 gestational bin outlier analysis - excluded from complication-specific chi-squared testing.
2026-09-08 11:48:48,481 - INFO - Analyte Repinotan_POS was not included in 4 gestational bin outlier analysis - excluded from complication-specific chi-squared testing.
2026-09-08 11:48:48,514 - INFO - Analyte unk_p4131_POS_564.2862_RT10.69 was not included in 4 gestational bin outlier analysis - excluded from complication-specific chi-squared testing.
2026-09-08 11:48:48,548 - INFO - Analyte Indoline_POS was not included in 4 gestational bin outlier analysis - excluded from complication-specific chi-squared testing.
2026-09-08 11:48:48,581 - INFO - Analyte 2-Isopropyl-3,5-dimethoxy-6-methylpyrazine_POS was not included in 4 gestational bin outlier analysis - excluded from complication-specific chi-squared testing.
2026-09-08 11:48:48,598 - INFO - Analyte 1-Phenyl-1H-pyrazole_POS was not included in 4 gestational bin outlier analysis - excluded from complication-specific chi-squared testing.
2026-09-08 11:48:48,632 - INFO - Analyte 4-Aminobenzoic acid_POS was not included in 4 gestational bin outlier analysis - excluded from complication-specific chi-squared testing.
2026-09-08 11:48:48,665 - INFO - Analyte 3-phospho-hydroxypyruvate_POS was not included in 4 gestational bin outlier analysis - excluded from complication-specific chi-squared testing.
2026-09-08 11:48:48,699 - INFO - Analyte unk_p4197_POS_287.9412_RT3.28 was not included in 4 gestational bin outlier analysis - excluded from complication-specific chi-squared testing.
2026-09-08 11:48:48,703 - INFO - Analyte D-(-)-Mannitol_NEG was not included in 4 gestational bin outlier analysis - excluded from complication-specific chi-squared testing.
2026-09-08 11:48:48,737 - INFO - Analyte L-Aspartate-semialdehyde_POS was not included in 4 gestational bin outlier analysis - excluded from complication-specific chi-squared testing.
2026-09-08 11:48:48,741 - INFO - Analyte 3-(propan-2-yl)-octahydropyrrolo[1,2-a]pyrazine-1,4-dione_POS was not included in 4 gestational bin outlier analysis - excluded from complication-specific chi-squared testing.
2026-09-08 11:48:48,775 - INFO - Analyte 2-Hydroxyquinoline_POS was not included in 4 gestational bin outlier analysis - excluded from complication-specific chi-squared testing.
2026-09-08 11:48:48,808 - INFO - Analyte unk_p3625_POS_427.0946_RT7.01 was not included in 4 gestational bin outlier analysis - excluded from complication-specific chi-squared testing.
2026-09-08 11:48:48,842 - INFO - Analyte trans-3-Hydroxycotinine_POS was not included in 4 gestational bin outlier analysis - excluded from complication-specific chi-squared testing.
2026-09-08 11:48:48,847 - INFO - Analyte unk_n1134_NEG_102.9567_RT5.95 was not included in 4 gestational bin outlier analysis - excluded from complication-specific chi-squared testing.
2026-09-08 11:48:48,880 - INFO - Analyte 3-Hydroxypyridine_POS was not included in 4 gestational bin outlier analysis - excluded from complication-specific chi-squared testing.
2026-09-08 11:48:48,897 - INFO - Analyte [Similar to: N1-(4,5-dihydro-1,3-thiazol-2-yl)-2-(2,4-dichlorophenoxy)propanamide; ΔMass: -136.0195 Da]_NEG was not included in 4 gestational bin outlier analysis - excluded from complication-specific chi-squared testing.
2026-09-08 11:48:48,900 - INFO - Analyte Lenticin_POS was not included in 4 gestational bin outlier analysis - excluded from complication-specific chi-squared testing.
2026-09-08 11:48:48,933 - INFO - Analyte unk_n656_NEG_157.0117_RT1.78 was not included in 4 gestational bin outlier analysis - excluded from complication-specific chi-squared testing.
2026-09-08 11:48:48,966 - INFO - Analyte Butyric acid_POS was not included in 4 gestational bin outlier analysis - excluded from complication-specific chi-squared testing.
2026-09-08 11:48:48,969 - INFO - Analyte Chloromethyl chloroformate_POS was not included in 4 gestational bin outlier analysis - excluded from complication-specific chi-squared testing.
2026-09-08 11:48:49,002 - INFO - Analyte 1H,1H-Perfluorononylamine_POS was not included in 4 gestational bin outlier analysis - excluded from complication-specific chi-squared testing.
2026-09-08 11:48:49,004 - INFO - Analyte unk_n512_NEG_209.8338_RT5.73 was not included in 4 gestational bin outlier analysis - excluded from complication-specific chi-squared testing.
2026-09-08 11:48:49,038 - INFO - Analyte L-Phenylalanine_POS was not included in 4 gestational bin outlier analysis - excluded from complication-specific chi-squared testing.
2026-09-08 11:48:49,071 - INFO - Analyte methyl isoquinoline-3-carboxylate_POS was not included in 4 gestational bin outlier analysis - excluded from complication-specific chi-squared testing.
2026-09-08 11:48:49,076 - INFO - Analyte Lappaol B_NEG was not included in 4 gestational bin outlier analysis - excluded from complication-specific chi-squared testing.
2026-09-08 11:48:49,081 - INFO - Analyte unk_p75_POS_199.0686_RT8.77 was not included in 4 gestational bin outlier analysis - excluded from complication-specific chi-squared testing.
2026-09-08 11:48:49,114 - INFO - Analyte 8-Cyano-fluoroquinolone_POS was not included in 4 gestational bin outlier analysis - excluded from complication-specific chi-squared testing.
2026-09-08 11:48:49,147 - INFO - Analyte NP-008998_POS was not included in 4 gestational bin outlier analysis - excluded from complication-specific chi-squared testing.
2026-09-08 11:48:49,180 - INFO - Analyte unk_p236_POS_90.5258_RT1.84 was not included in 4 gestational bin outlier analysis - excluded from complication-specific chi-squared testing.
2026-09-08 11:48:49,198 - INFO - Analyte unk_n85_NEG_248.9605_RT0.66 was not included in 4 gestational bin outlier analysis - excluded from complication-specific chi-squared testing.
2026-09-08 11:48:49,231 - INFO - Analyte Miglitol_NEG was not included in 4 gestational bin outlier analysis - excluded from complication-specific chi-squared testing.
2026-09-08 11:48:49,236 - INFO - Analyte Ametryn_POS was not included in 4 gestational bin outlier analysis - excluded from complication-specific chi-squared testing.
2026-09-08 11:48:49,269 - INFO - Analyte 2-Octenoylcarnitine_POS was not included in 4 gestational bin outlier analysis - excluded from complication-specific chi-squared testing.
2026-09-08 11:48:49,377 - INFO - Analyte Anordrin_POS was not included in 4 gestational bin outlier analysis - excluded from complication-specific chi-squared testing.
2026-09-08 11:48:49,382 - INFO - Analyte 5-(methoxymethyl)-2-(2-thienyl)-4,7-dihydropyrazolo[1,5-a]pyrimidin-7-one_NEG was not included in 4 gestational bin outlier analysis - excluded from complication-specific chi-squared testing.
2026-09-08 11:48:49,399 - INFO - Analyte D3-Lactate_NEG was not included in 4 gestational bin outlier analysis - excluded from complication-specific chi-squared testing.
2026-09-08 11:48:49,404 - INFO - Analyte unk_p3180_POS_497.9975_RT1.04 was not included in 4 gestational bin outlier analysis - excluded from complication-specific chi-squared testing.
2026-09-08 11:48:49,437 - INFO - Analyte unk_n223_NEG_225.8972_RT8.96 was not included in 4 gestational bin outlier analysis - excluded from complication-specific chi-squared testing.
2026-09-08 11:48:49,470 - INFO - Analyte Zonisamide_POS was not included in 4 gestational bin outlier analysis - excluded from complication-specific chi-squared testing.
2026-09-08 11:48:49,476 - INFO - Analyte unk_p2618_POS_146.0633_RT5.78 was not included in 4 gestational bin outlier analysis - excluded from complication-specific chi-squared testing.
2026-09-08 11:48:49,511 - INFO - Analyte Castanospermine_POS was not included in 4 gestational bin outlier analysis - excluded from complication-specific chi-squared testing.
2026-09-08 11:48:49,546 - INFO - Analyte Indene_POS was not included in 4 gestational bin outlier analysis - excluded from complication-specific chi-squared testing.
2026-09-08 11:48:49,579 - INFO - Analyte 2-(Dimethylamino)acetonitrile_POS was not included in 4 gestational bin outlier analysis - excluded from complication-specific chi-squared testing.
2026-09-08 11:48:49,583 - INFO - Analyte 2-Octenoic acid_POS was not included in 4 gestational bin outlier analysis - excluded from complication-specific chi-squared testing.
2026-09-08 11:48:49,588 - INFO - Analyte DL-Stachydrine_POS was not included in 4 gestational bin outlier analysis - excluded from complication-specific chi-squared testing.
2026-09-08 11:48:49,593 - INFO - Analyte Nicotinuric acid_POS was not included in 4 gestational bin outlier analysis - excluded from complication-specific chi-squared testing.
2026-09-08 11:48:49,625 - INFO - Analyte Garcinia acid_NEG was not included in 4 gestational bin outlier analysis - excluded from complication-specific chi-squared testing.
2026-09-08 11:48:49,658 - INFO - Analyte L-Cysteine-S-sulfate_POS was not included in 4 gestational bin outlier analysis - excluded from complication-specific chi-squared testing.
2026-09-08 11:48:49,663 - INFO - Analyte D-(+)-Maltose_POS was not included in 4 gestational bin outlier analysis - excluded from complication-specific chi-squared testing.
2026-09-08 11:48:49,695 - INFO - Analyte 3,4-Dihydroxybenzylamine_POS was not included in 4 gestational bin outlier analysis - excluded from complication-specific chi-squared testing.
2026-09-08 11:48:49,728 - INFO - Analyte N1-(alpha-D-ribosyl)-5,6-dimethyl-benzimidazole_POS was not included in 4 gestational bin outlier analysis - excluded from complication-specific chi-squared testing.
2026-09-08 11:48:49,761 - INFO - Analyte Armillariol B_POS was not included in 4 gestational bin outlier analysis - excluded from complication-specific chi-squared testing.
2026-09-08 11:48:49,794 - INFO - Analyte Triethylene Glycol Monomethyl Ether_POS was not included in 4 gestational bin outlier analysis - excluded from complication-specific chi-squared testing.
2026-09-08 11:48:49,799 - INFO - Analyte Kifunensine_NEG was not included in 4 gestational bin outlier analysis - excluded from complication-specific chi-squared testing.
2026-09-08 11:48:49,804 - INFO - Analyte D-(+)-Galactose_NEG was not included in 4 gestational bin outlier analysis - excluded from complication-specific chi-squared testing.
2026-09-08 11:48:49,837 - INFO - Analyte N-Phenylacetylglutamine_POS was not included in 4 gestational bin outlier analysis - excluded from complication-specific chi-squared testing.
2026-09-08 11:48:49,871 - INFO - Analyte 2-Heptanethiol_POS was not included in 4 gestational bin outlier analysis - excluded from complication-specific chi-squared testing.
2026-09-08 11:48:49,876 - INFO - Analyte 3-Hydroxybutyric acid_NEG was not included in 4 gestational bin outlier analysis - excluded from complication-specific chi-squared testing.
2026-09-08 11:48:49,908 - INFO - Analyte [Similar to: Creatine; ΔMass: 67.9874 Da]_NEG was not included in 4 gestational bin outlier analysis - excluded from complication-specific chi-squared testing.
2026-09-08 11:48:49,942 - INFO - Analyte Asparagine_POS was not included in 4 gestational bin outlier analysis - excluded from complication-specific chi-squared testing.
2026-09-08 11:48:49,974 - INFO - Analyte Quinolonic acid_POS was not included in 4 gestational bin outlier analysis - excluded from complication-specific chi-squared testing.
2026-09-08 11:48:50,007 - INFO - Analyte 2-({2-[(1,3-Dimethyl-1H-pyrazol-5-yl)amino]-2-oxoethyl}sulfanyl)acetic acid_POS was not included in 4 gestational bin outlier analysis - excluded from complication-specific chi-squared testing.
2026-09-08 11:48:50,025 - INFO - Analyte d-Glycero-d-galacto-heptose_NEG was not included in 4 gestational bin outlier analysis - excluded from complication-specific chi-squared testing.
2026-09-08 11:48:50,049 - INFO - Analyte unk_n177_NEG_207.8368_RT4.27 was not included in 4 gestational bin outlier analysis - excluded from complication-specific chi-squared testing.
2026-09-08 11:48:50,053 - INFO - Analyte 2-Amino-3-methyl-1-butanol_POS was not included in 4 gestational bin outlier analysis - excluded from complication-specific chi-squared testing.
2026-09-08 11:48:50,070 - INFO - Analyte L-Glutamine_POS was not included in 4 gestational bin outlier analysis - excluded from complication-specific chi-squared testing.
2026-09-08 11:48:50,104 - INFO - Analyte Geranylpyrrol A_POS was not included in 4 gestational bin outlier analysis - excluded from complication-specific chi-squared testing.
2026-09-08 11:48:50,138 - INFO - Analyte 2,4-diaziran-1-yl-6-(1-phenyl-1H-pyrrol-2-yl)-1,3,5-triazine_POS was not included in 4 gestational bin outlier analysis - excluded from complication-specific chi-squared testing.
2026-09-08 11:48:50,171 - INFO - Analyte unk_p488_POS_242.9822_RT7.04 was not included in 4 gestational bin outlier analysis - excluded from complication-specific chi-squared testing.
2026-09-08 11:48:50,203 - INFO - Analyte [6,7-dimethoxy-1-methyl-3,4-dihydro-2(1H)-isoquinolinyl](5-methyl-3-isoxazolyl)methanone_POS was not included in 4 gestational bin outlier analysis - excluded from complication-specific chi-squared testing.
2026-09-08 11:48:50,208 - INFO - Analyte 1,2,3-Trihydroxybenzene_NEG was not included in 4 gestational bin outlier analysis - excluded from complication-specific chi-squared testing.
2026-09-08 11:48:50,213 - INFO - Analyte unk_p4443_POS_437.9724_RT7.01 was not included in 4 gestational bin outlier analysis - excluded from complication-specific chi-squared testing.
2026-09-08 11:48:50,246 - INFO - Analyte (S)-3-[(Cyanophenylmethyl)amino]-3-oxopropanoic acid_POS was not included in 4 gestational bin outlier analysis - excluded from complication-specific chi-squared testing.
2026-09-08 11:48:50,251 - INFO - Analyte unk_p729_POS_504.9952_RT10.63 was not included in 4 gestational bin outlier analysis - excluded from complication-specific chi-squared testing.
2026-09-08 11:48:50,283 - INFO - Analyte N-(4-Aminobutyl)-2-Naphthalenesulfonamide_POS was not included in 4 gestational bin outlier analysis - excluded from complication-specific chi-squared testing.
2026-09-08 11:48:50,316 - INFO - Analyte 5-Hydroxytryptophol_POS was not included in 4 gestational bin outlier analysis - excluded from complication-specific chi-squared testing.
2026-09-08 11:48:50,321 - INFO - Analyte unk_p2622_POS_287.5918_RT1.01 was not included in 4 gestational bin outlier analysis - excluded from complication-specific chi-squared testing.
2026-09-08 11:48:50,355 - INFO - Analyte unk_p1942_POS_233.8754_RT2.91 was not included in 4 gestational bin outlier analysis - excluded from complication-specific chi-squared testing.
2026-09-08 11:48:50,357 - INFO - Analyte Acetyl-β-methylcholine_POS was not included in 4 gestational bin outlier analysis - excluded from complication-specific chi-squared testing.
2026-09-08 11:48:50,374 - INFO - Analyte Polypropylene glycol (m w 1,200-3,000)_POS was not included in 4 gestational bin outlier analysis - excluded from complication-specific chi-squared testing.
2026-09-08 11:48:50,379 - INFO - Analyte [Similar to: (4-benzoylpiperidino)[4-(tert-butyl)phenyl]methanone; ΔMass: 38.0426 Da]_POS was not included in 4 gestational bin outlier analysis - excluded from complication-specific chi-squared testing.
2026-09-08 11:48:50,413 - INFO - Analyte Terezine M_POS was not included in 4 gestational bin outlier analysis - excluded from complication-specific chi-squared testing.
2026-09-08 11:48:50,446 - INFO - Analyte N-(3-acetamidopropyl)pyrrolidin-2-one_POS was not included in 4 gestational bin outlier analysis - excluded from complication-specific chi-squared testing.
2026-09-08 11:48:50,451 - INFO - Analyte unk_p4365_POS_208.0392_RT2.59 was not included in 4 gestational bin outlier analysis - excluded from complication-specific chi-squared testing.
2026-09-08 11:48:50,524 - INFO - Analyte unk_p1267_POS_284.2065_RT8.69 was not included in 4 gestational bin outlier analysis - excluded from complication-specific chi-squared testing.
2026-09-08 11:48:50,559 - INFO - Analyte unk_p4505_POS_491.9183_RT1.35 was not included in 4 gestational bin outlier analysis - excluded from complication-specific chi-squared testing.
2026-09-08 11:48:50,592 - INFO - Analyte unk_p2005_POS_92.5221_RT1.52 was not included in 4 gestational bin outlier analysis - excluded from complication-specific chi-squared testing.
2026-09-08 11:48:50,597 - INFO - Analyte Glycerol 3-hydroxybutyrate_POS was not included in 4 gestational bin outlier analysis - excluded from complication-specific chi-squared testing.
2026-09-08 11:48:50,631 - INFO - Analyte 2-Amino-4-[(4-aminobutyl)amino]butanoic acid_POS was not included in 4 gestational bin outlier analysis - excluded from complication-specific chi-squared testing.
2026-09-08 11:48:50,636 - INFO - Analyte NP-020240_POS was not included in 4 gestational bin outlier analysis - excluded from complication-specific chi-squared testing.
2026-09-08 11:48:50,669 - INFO - Analyte ( Z)-6-benzylidene-3-hydroxymethyl-1,4-dimethyl-3-methylsulfanylpiperazine-2,5-dione_POS was not included in 4 gestational bin outlier analysis - excluded from complication-specific chi-squared testing.
2026-09-08 11:48:50,673 - INFO - Analyte 1,7-Diphenyl-4-hepten-3-one_POS was not included in 4 gestational bin outlier analysis - excluded from complication-specific chi-squared testing.
2026-09-08 11:48:50,690 - INFO - Analyte unk_n2397_NEG_699.3672_RT0.63 was not included in 4 gestational bin outlier analysis - excluded from complication-specific chi-squared testing.
2026-09-08 11:48:50,708 - INFO - Analyte Hydroxy bupropion_POS was not included in 4 gestational bin outlier analysis - excluded from complication-specific chi-squared testing.
2026-09-08 11:48:50,713 - INFO - Analyte [Similar to: Ethyl 3-hydroxy-5-methyl-6-oxo-1-phenyl-1,6-dihydropyrano[2,3-c]pyrazole-4-carboxylate; ΔMass: -46.0678 Da]_POS was not included in 4 gestational bin outlier analysis - excluded from complication-specific chi-squared testing.
2026-09-08 11:48:50,718 - INFO - Analyte Leukoaminochrome_POS was not included in 4 gestational bin outlier analysis - excluded from complication-specific chi-squared testing.
2026-09-08 11:48:50,723 - INFO - Analyte Acrylic acid_NEG was not included in 4 gestational bin outlier analysis - excluded from complication-specific chi-squared testing.
2026-09-08 11:48:50,728 - INFO - Analyte 1-Phenyl-1H-pyrazolo[3,4-d]pyrimidin-4-amine_POS was not included in 4 gestational bin outlier analysis - excluded from complication-specific chi-squared testing.
2026-09-08 11:48:50,733 - INFO - Analyte Bisoprolol_POS was not included in 4 gestational bin outlier analysis - excluded from complication-specific chi-squared testing.
2026-09-08 11:48:50,767 - INFO - Analyte N-methyl-4-nitrotryptophan_POS was not included in 4 gestational bin outlier analysis - excluded from complication-specific chi-squared testing.
2026-09-08 11:48:50,799 - INFO - Analyte Hydantoin-5-propionic acid_POS was not included in 4 gestational bin outlier analysis - excluded from complication-specific chi-squared testing.
2026-09-08 11:48:50,832 - INFO - Analyte Phosphate_POS was not included in 4 gestational bin outlier analysis - excluded from complication-specific chi-squared testing.
2026-09-08 11:48:50,849 - INFO - Analyte unk_n101_NEG_80.9748_RT3.00 was not included in 4 gestational bin outlier analysis - excluded from complication-specific chi-squared testing.
2026-09-08 11:48:50,882 - INFO - Analyte N-Desmethyltramadol_POS was not included in 4 gestational bin outlier analysis - excluded from complication-specific chi-squared testing.
2026-09-08 11:48:50,917 - INFO - Analyte (S)-3-[(Cyanophenylmethyl)amino]-3-oxopropanoic acid_NEG was not included in 4 gestational bin outlier analysis - excluded from complication-specific chi-squared testing.
2026-09-08 11:48:50,922 - INFO - Analyte alpha-Ketoisovaleric acid_NEG was not included in 4 gestational bin outlier analysis - excluded from complication-specific chi-squared testing.
2026-09-08 11:48:50,927 - INFO - Analyte D-Serine_POS was not included in 4 gestational bin outlier analysis - excluded from complication-specific chi-squared testing.
2026-09-08 11:48:51,049 - INFO - Analyte Metronidazole_POS was not included in 5 gestational bin outlier analysis - excluded from complication-specific chi-squared testing.
2026-09-08 11:48:51,058 - INFO - Analyte unk_n1621_NEG_289.0694_RT3.38 was not included in 5 gestational bin outlier analysis - excluded from complication-specific chi-squared testing.
2026-09-08 11:48:51,064 - INFO - Analyte L-Serine_NEG was not included in 5 gestational bin outlier analysis - excluded from complication-specific chi-squared testing.
2026-09-08 11:48:51,068 - INFO - Analyte Gaburedin B_POS was not included in 5 gestational bin outlier analysis - excluded from complication-specific chi-squared testing.
2026-09-08 11:48:51,073 - INFO - Analyte Creatine_POS was not included in 5 gestational bin outlier analysis - excluded from complication-specific chi-squared testing.
2026-09-08 11:48:51,078 - INFO - Analyte Hypocrellutin A_POS was not included in 5 gestational bin outlier analysis - excluded from complication-specific chi-squared testing.
2026-09-08 11:48:51,087 - INFO - Analyte NP-003117_POS was not included in 5 gestational bin outlier analysis - excluded from complication-specific chi-squared testing.
2026-09-08 11:48:51,096 - INFO - Analyte Acetylglycine_POS was not included in 5 gestational bin outlier analysis - excluded from complication-specific chi-squared testing.
2026-09-08 11:48:51,101 - INFO - Analyte HMBOA trihexose_POS was not included in 5 gestational bin outlier analysis - excluded from complication-specific chi-squared testing.
2026-09-08 11:48:51,110 - INFO - Analyte Gluconic acid_NEG was not included in 5 gestational bin outlier analysis - excluded from complication-specific chi-squared testing.
2026-09-08 11:48:51,120 - INFO - Analyte unk_n957_NEG_310.9309_RT1.68 was not included in 5 gestational bin outlier analysis - excluded from complication-specific chi-squared testing.
2026-09-08 11:48:51,129 - INFO - Analyte L(-)-Carnitine_POS was not included in 5 gestational bin outlier analysis - excluded from complication-specific chi-squared testing.
2026-09-08 11:48:51,134 - INFO - Analyte 3-hydroxy-1,5-diphenylpentan-1-one_POS was not included in 5 gestational bin outlier analysis - excluded from complication-specific chi-squared testing.
2026-09-08 11:48:51,139 - INFO - Analyte L-beta-aspartyl-L-alanine_POS was not included in 5 gestational bin outlier analysis - excluded from complication-specific chi-squared testing.
2026-09-08 11:48:51,149 - INFO - Analyte L-Cystine_POS was not included in 5 gestational bin outlier analysis - excluded from complication-specific chi-squared testing.
2026-09-08 11:48:51,158 - INFO - Analyte [Similar to: L-Threonic acid; ΔMass: 67.9747 Da]_NEG was not included in 5 gestational bin outlier analysis - excluded from complication-specific chi-squared testing.
2026-09-08 11:48:51,163 - INFO - Analyte Ornithine_POS was not included in 5 gestational bin outlier analysis - excluded from complication-specific chi-squared testing.
2026-09-08 11:48:51,173 - INFO - Analyte NP-022470_POS was not included in 5 gestational bin outlier analysis - excluded from complication-specific chi-squared testing.
2026-09-08 11:48:51,220 - INFO - Analyte Erythronic acid_NEG was not included in 5 gestational bin outlier analysis - excluded from complication-specific chi-squared testing.
2026-09-08 11:48:51,230 - INFO - Analyte 4-((4-(2-(6-((2R)-2-(2,4-Difluorophenyl)-1,1-difluoro-2-hydroxy-3-(1H-tetrazol-1-yl)propyl)-3-pyridinyl)ethynyl)phenoxy)methyl)benzonitrile_POS was not included in 5 gestational bin outlier analysis - excluded from complication-specific chi-squared testing.
2026-09-08 11:48:51,235 - INFO - Analyte Methylenediphosphonic acid_NEG was not included in 5 gestational bin outlier analysis - excluded from complication-specific chi-squared testing.
2026-09-08 11:48:51,246 - INFO - Analyte L-Histidine_NEG was not included in 5 gestational bin outlier analysis - excluded from complication-specific chi-squared testing.
2026-09-08 11:48:51,251 - INFO - Analyte [Similar to: N'2-(2,5-Dichlorophenyl)tetrahydrothiophene-2-carbohydrazide; ΔMass: 30.0109 Da]_NEG was not included in 5 gestational bin outlier analysis - excluded from complication-specific chi-squared testing.
2026-09-08 11:48:51,264 - INFO - Analyte Aspartyl-Histidine_NEG was not included in 5 gestational bin outlier analysis - excluded from complication-specific chi-squared testing.
2026-09-08 11:48:51,275 - INFO - Analyte Acetylhomoserine_POS was not included in 5 gestational bin outlier analysis - excluded from complication-specific chi-squared testing.
2026-09-08 11:48:51,280 - INFO - Analyte 2-Aminoacrylic acid_POS was not included in 5 gestational bin outlier analysis - excluded from complication-specific chi-squared testing.
2026-09-08 11:48:51,285 - INFO - Analyte 7-methyl-3-nitroimidazo[1,2-a]pyridine_POS was not included in 5 gestational bin outlier analysis - excluded from complication-specific chi-squared testing.
2026-09-08 11:48:51,290 - INFO - Analyte L-cis-3-Amino-2-pyrrolidinecarboxylic acid_POS was not included in 5 gestational bin outlier analysis - excluded from complication-specific chi-squared testing.
2026-09-08 11:48:51,295 - INFO - Analyte Tanomastat_NEG was not included in 5 gestational bin outlier analysis - excluded from complication-specific chi-squared testing.
2026-09-08 11:48:51,300 - INFO - Analyte 1-(2-Morpholinophenyl)dihydro-1H-pyrrole-2,5-dione_POS was not included in 5 gestational bin outlier analysis - excluded from complication-specific chi-squared testing.
2026-09-08 11:48:51,310 - INFO - Analyte NP-019722_POS was not included in 5 gestational bin outlier analysis - excluded from complication-specific chi-squared testing.
2026-09-08 11:48:51,320 - INFO - Analyte D-Glucose_NEG was not included in 5 gestational bin outlier analysis - excluded from complication-specific chi-squared testing.
2026-09-08 11:48:51,331 - INFO - Analyte 5,7-dimethyl-4-oxo-4H-chromene-3-carbonitrile_POS was not included in 5 gestational bin outlier analysis - excluded from complication-specific chi-squared testing.
2026-09-08 11:48:51,341 - INFO - Analyte (2R,3R,4R)-2-Amino-4-hydroxy-3-methylpentanoic acid_POS was not included in 5 gestational bin outlier analysis - excluded from complication-specific chi-squared testing.
2026-09-08 11:48:51,345 - INFO - Analyte Acetohydroxamic acid_POS was not included in 5 gestational bin outlier analysis - excluded from complication-specific chi-squared testing.
2026-09-08 11:48:51,356 - INFO - Analyte unk_n2682_NEG_388.8737_RT2.81 was not included in 5 gestational bin outlier analysis - excluded from complication-specific chi-squared testing.
2026-09-08 11:48:51,366 - INFO - Analyte (2-Ethylcrotonoyl)urea_POS was not included in 5 gestational bin outlier analysis - excluded from complication-specific chi-squared testing.
2026-09-08 11:48:51,371 - INFO - Analyte gamma-Glutamyl-beta-aminopropiononitrile_POS was not included in 5 gestational bin outlier analysis - excluded from complication-specific chi-squared testing.
2026-09-08 11:48:51,376 - INFO - Analyte (2S,4R)-4-Aminopyrrolidine-2-carboxylic acid_POS was not included in 5 gestational bin outlier analysis - excluded from complication-specific chi-squared testing.
2026-09-08 11:48:51,381 - INFO - Analyte Sedoheptulose_NEG was not included in 5 gestational bin outlier analysis - excluded from complication-specific chi-squared testing.
2026-09-08 11:48:51,386 - INFO - Analyte Pyrophosphate_NEG was not included in 5 gestational bin outlier analysis - excluded from complication-specific chi-squared testing.
2026-09-08 11:48:51,396 - INFO - Analyte thiol-maleimide_POS was not included in 5 gestational bin outlier analysis - excluded from complication-specific chi-squared testing.
2026-09-08 11:48:51,405 - INFO - Analyte L-Cysteinylglycine disulfide_POS was not included in 5 gestational bin outlier analysis - excluded from complication-specific chi-squared testing.
2026-09-08 11:48:51,415 - INFO - Analyte Succinic semialdehyde_NEG was not included in 5 gestational bin outlier analysis - excluded from complication-specific chi-squared testing.
2026-09-08 11:48:51,425 - INFO - Analyte unk_n682_NEG_345.0726_RT11.05 was not included in 5 gestational bin outlier analysis - excluded from complication-specific chi-squared testing.
2026-09-08 11:48:51,430 - INFO - Analyte 5-Methylquinoxaline_POS was not included in 5 gestational bin outlier analysis - excluded from complication-specific chi-squared testing.
2026-09-08 11:48:51,434 - INFO - Analyte Octadecanamine_POS was not included in 5 gestational bin outlier analysis - excluded from complication-specific chi-squared testing.
2026-09-08 11:48:51,439 - INFO - Analyte 6-Amino-5-chloropyrimidine-2,4(1H,3H)-dione_POS was not included in 5 gestational bin outlier analysis - excluded from complication-specific chi-squared testing.
2026-09-08 11:48:51,444 - INFO - Analyte 1,1,1,2,2,3,3,10,10,11,11,12,12,12-Tetradecafluoro-5,8-diiodododecane_NEG was not included in 5 gestational bin outlier analysis - excluded from complication-specific chi-squared testing.
2026-09-08 11:48:51,454 - INFO - Analyte Hydroxydehydro Nifedipine Carboxylate_POS was not included in 5 gestational bin outlier analysis - excluded from complication-specific chi-squared testing.
2026-09-08 11:48:51,464 - INFO - Analyte 3-Deoxy-D-glycero-D-galacto-2-nonulosonic acid_POS was not included in 5 gestational bin outlier analysis - excluded from complication-specific chi-squared testing.
2026-09-08 11:48:51,469 - INFO - Analyte unk_p985_POS_604.1398_RT9.66 was not included in 5 gestational bin outlier analysis - excluded from complication-specific chi-squared testing.
2026-09-08 11:48:51,474 - INFO - Analyte Choline_POS was not included in 5 gestational bin outlier analysis - excluded from complication-specific chi-squared testing.
2026-09-08 11:48:51,479 - INFO - Analyte Phenyl sulfoxide_POS was not included in 5 gestational bin outlier analysis - excluded from complication-specific chi-squared testing.
2026-09-08 11:48:51,488 - INFO - Analyte Pyroglutamylglycine_POS was not included in 5 gestational bin outlier analysis - excluded from complication-specific chi-squared testing.
2026-09-08 11:48:51,498 - INFO - Analyte Terephthalic acid_NEG was not included in 5 gestational bin outlier analysis - excluded from complication-specific chi-squared testing.
2026-09-08 11:48:51,503 - INFO - Analyte unk_p3495_POS_255.0950_RT7.91 was not included in 5 gestational bin outlier analysis - excluded from complication-specific chi-squared testing.
2026-09-08 11:48:51,512 - INFO - Analyte 1-Nitrohydroxyphenyl-N-benzoylalanine_POS was not included in 5 gestational bin outlier analysis - excluded from complication-specific chi-squared testing.
2026-09-08 11:48:51,522 - INFO - Analyte 2-Fluoro-6-(4-methoxyphenoxy)benzonitrile_POS was not included in 5 gestational bin outlier analysis - excluded from complication-specific chi-squared testing.
2026-09-08 11:48:51,528 - INFO - Analyte Satranidazole_POS was not included in 5 gestational bin outlier analysis - excluded from complication-specific chi-squared testing.
2026-09-08 11:48:51,539 - INFO - Analyte Oxepanone_POS was not included in 5 gestational bin outlier analysis - excluded from complication-specific chi-squared testing.
2026-09-08 11:48:51,545 - INFO - Analyte Beta-Aminopropionitrile_POS was not included in 5 gestational bin outlier analysis - excluded from complication-specific chi-squared testing.
2026-09-08 11:48:51,550 - INFO - Analyte Mycosporine hydroxyglutamicol_POS was not included in 5 gestational bin outlier analysis - excluded from complication-specific chi-squared testing.
2026-09-08 11:48:51,556 - INFO - Analyte L-3-Aminodihydro-2(3H)-furanone_POS was not included in 5 gestational bin outlier analysis - excluded from complication-specific chi-squared testing.
2026-09-08 11:48:51,567 - INFO - Analyte 1,3,11-Tridecatriene-5,7,9-triyne_POS was not included in 5 gestational bin outlier analysis - excluded from complication-specific chi-squared testing.
2026-09-08 11:48:51,572 - INFO - Analyte L-Cystine_NEG was not included in 5 gestational bin outlier analysis - excluded from complication-specific chi-squared testing.
2026-09-08 11:48:51,577 - INFO - Analyte N,N-Dimethyloctadecylamine_POS was not included in 5 gestational bin outlier analysis - excluded from complication-specific chi-squared testing.
2026-09-08 11:48:51,582 - INFO - Analyte Glycyl-Threonine_POS was not included in 5 gestational bin outlier analysis - excluded from complication-specific chi-squared testing.
2026-09-08 11:48:51,592 - INFO - Analyte Linustatin_POS was not included in 5 gestational bin outlier analysis - excluded from complication-specific chi-squared testing.
2026-09-08 11:48:51,598 - INFO - Analyte unk_n66_NEG_231.9315_RT9.69 was not included in 5 gestational bin outlier analysis - excluded from complication-specific chi-squared testing.
2026-09-08 11:48:51,608 - INFO - Analyte unk_p274_POS_223.0700_RT11.92 was not included in 5 gestational bin outlier analysis - excluded from complication-specific chi-squared testing.
2026-09-08 11:48:51,614 - INFO - Analyte 3-Hydroxybutyric acid_POS was not included in 5 gestational bin outlier analysis - excluded from complication-specific chi-squared testing.
2026-09-08 11:48:51,619 - INFO - Analyte L-Valine_NEG was not included in 5 gestational bin outlier analysis - excluded from complication-specific chi-squared testing.
2026-09-08 11:48:51,625 - INFO - Analyte Cladinose_POS was not included in 5 gestational bin outlier analysis - excluded from complication-specific chi-squared testing.
2026-09-08 11:48:51,630 - INFO - Analyte Creatinine_POS was not included in 5 gestational bin outlier analysis - excluded from complication-specific chi-squared testing.
2026-09-08 11:48:51,640 - INFO - Analyte 1-(4-Methoxyphenyl)piperazine_POS was not included in 5 gestational bin outlier analysis - excluded from complication-specific chi-squared testing.
2026-09-08 11:48:51,649 - INFO - Analyte Dacarbazine_POS was not included in 5 gestational bin outlier analysis - excluded from complication-specific chi-squared testing.
2026-09-08 11:48:51,661 - INFO - Analyte DL-Lysine_POS was not included in 5 gestational bin outlier analysis - excluded from complication-specific chi-squared testing.
2026-09-08 11:48:51,671 - INFO - Analyte Erythrohydrobupropion_POS was not included in 5 gestational bin outlier analysis - excluded from complication-specific chi-squared testing.
2026-09-08 11:48:51,680 - INFO - Analyte unk_n2474_NEG_100.9608_RT0.32 was not included in 5 gestational bin outlier analysis - excluded from complication-specific chi-squared testing.
2026-09-08 11:48:51,690 - INFO - Analyte 2-Methylbutyrylglycine_POS was not included in 5 gestational bin outlier analysis - excluded from complication-specific chi-squared testing.
2026-09-08 11:48:51,695 - INFO - Analyte 2,5-Diisothiocyanatobenzenesulfonate_POS was not included in 5 gestational bin outlier analysis - excluded from complication-specific chi-squared testing.
2026-09-08 11:48:51,705 - INFO - Analyte N'1-[4-amino-6-(tert-butyl)-1,3,5-triazin-2-yl]-2-(trifluoromethyl)benzene-1-sulfonohydrazide_POS was not included in 5 gestational bin outlier analysis - excluded from complication-specific chi-squared testing.
2026-09-08 11:48:51,710 - INFO - Analyte unk_n1043_NEG_462.0691_RT9.61 was not included in 5 gestational bin outlier analysis - excluded from complication-specific chi-squared testing.
2026-09-08 11:48:51,713 - INFO - Analyte D3-Alanine_POS was not included in 5 gestational bin outlier analysis - excluded from complication-specific chi-squared testing.
2026-09-08 11:48:51,717 - INFO - Analyte Cimaterol_POS was not included in 5 gestational bin outlier analysis - excluded from complication-specific chi-squared testing.
2026-09-08 11:48:51,722 - INFO - Analyte 6-(4-Chlorophenoxy)pyridine-3-carbothioamide_NEG was not included in 5 gestational bin outlier analysis - excluded from complication-specific chi-squared testing.
2026-09-08 11:48:51,732 - INFO - Analyte Dihydrothymine_POS was not included in 5 gestational bin outlier analysis - excluded from complication-specific chi-squared testing.
2026-09-08 11:48:51,742 - INFO - Analyte Adipamide_POS was not included in 5 gestational bin outlier analysis - excluded from complication-specific chi-squared testing.
2026-09-08 11:48:51,752 - INFO - Analyte (9E)-10-nitrooctadecenoic Acid_POS was not included in 5 gestational bin outlier analysis - excluded from complication-specific chi-squared testing.
2026-09-08 11:48:51,763 - INFO - Analyte 4-Hydroxybenzotriazole_POS was not included in 5 gestational bin outlier analysis - excluded from complication-specific chi-squared testing.
2026-09-08 11:48:51,775 - INFO - Analyte L-(+)-Citrulline_POS was not included in 5 gestational bin outlier analysis - excluded from complication-specific chi-squared testing.
2026-09-08 11:48:51,779 - INFO - Analyte DL-Lactic Acid_NEG was not included in 5 gestational bin outlier analysis - excluded from complication-specific chi-squared testing.
2026-09-08 11:48:51,785 - INFO - Analyte Pipecolic acid_POS was not included in 5 gestational bin outlier analysis - excluded from complication-specific chi-squared testing.
2026-09-08 11:48:51,796 - INFO - Analyte unk_n454_NEG_525.3312_RT11.94 was not included in 5 gestational bin outlier analysis - excluded from complication-specific chi-squared testing.
2026-09-08 11:48:51,806 - INFO - Analyte α-Lactose_NEG was not included in 5 gestational bin outlier analysis - excluded from complication-specific chi-squared testing.
2026-09-08 11:48:51,817 - INFO - Analyte N-Ethylacetamide_POS was not included in 5 gestational bin outlier analysis - excluded from complication-specific chi-squared testing.
2026-09-08 11:48:51,823 - INFO - Analyte L-Kynurenine_POS was not included in 5 gestational bin outlier analysis - excluded from complication-specific chi-squared testing.
2026-09-08 11:48:51,828 - INFO - Analyte Gluconolactone_POS was not included in 5 gestational bin outlier analysis - excluded from complication-specific chi-squared testing.
2026-09-08 11:48:51,834 - INFO - Analyte unk_p2069_POS_481.8174_RT6.05 was not included in 5 gestational bin outlier analysis - excluded from complication-specific chi-squared testing.
2026-09-08 11:48:51,839 - INFO - Analyte δ-Valerolactam_POS was not included in 5 gestational bin outlier analysis - excluded from complication-specific chi-squared testing.
2026-09-08 11:48:51,850 - INFO - Analyte unk_p5301_POS_446.2959_RT11.78 was not included in 5 gestational bin outlier analysis - excluded from complication-specific chi-squared testing.
2026-09-08 11:48:51,860 - INFO - Analyte 3-hydroxyoctanoyl carnitine_POS was not included in 5 gestational bin outlier analysis - excluded from complication-specific chi-squared testing.
2026-09-08 11:48:51,913 - INFO - Analyte N-gamma-Glutamylglutamine_POS was not included in 5 gestational bin outlier analysis - excluded from complication-specific chi-squared testing.
2026-09-08 11:48:51,919 - INFO - Analyte 6,7-dihydroxy-4,5,6,7-tetrahydroindole-4-one_NEG was not included in 5 gestational bin outlier analysis - excluded from complication-specific chi-squared testing.
2026-09-08 11:48:51,932 - INFO - Analyte L-Histidine_POS was not included in 5 gestational bin outlier analysis - excluded from complication-specific chi-squared testing.
2026-09-08 11:48:51,943 - INFO - Analyte Isobutyric acid_POS was not included in 5 gestational bin outlier analysis - excluded from complication-specific chi-squared testing.
2026-09-08 11:48:51,950 - INFO - Analyte L-2,4-Diaminobutyric acid_POS was not included in 5 gestational bin outlier analysis - excluded from complication-specific chi-squared testing.
2026-09-08 11:48:51,957 - INFO - Analyte unk_p1853_POS_166.9430_RT3.23 was not included in 5 gestational bin outlier analysis - excluded from complication-specific chi-squared testing.
2026-09-08 11:48:51,963 - INFO - Analyte apo-[3-methylcrotonoyl-CoA:carbon-dioxide ligase (ADP-forming)]_POS was not included in 5 gestational bin outlier analysis - excluded from complication-specific chi-squared testing.
2026-09-08 11:48:51,969 - INFO - Analyte Ethyl N2-acetyl-L-argininate_POS was not included in 5 gestational bin outlier analysis - excluded from complication-specific chi-squared testing.
2026-09-08 11:48:51,981 - INFO - Analyte Megazol_POS was not included in 5 gestational bin outlier analysis - excluded from complication-specific chi-squared testing.
2026-09-08 11:48:51,987 - INFO - Analyte D-Raffinose_POS was not included in 5 gestational bin outlier analysis - excluded from complication-specific chi-squared testing.
2026-09-08 11:48:51,998 - INFO - Analyte 2-[Bis-(2-hydroxy-ethyl)-amino]-2-hydroxymethyl-propane-1,3-diol_POS was not included in 5 gestational bin outlier analysis - excluded from complication-specific chi-squared testing.
2026-09-08 11:48:52,005 - INFO - Analyte Barbital_POS was not included in 5 gestational bin outlier analysis - excluded from complication-specific chi-squared testing.
2026-09-08 11:48:52,017 - INFO - Analyte 4-Acetamidobutanoic acid_POS was not included in 5 gestational bin outlier analysis - excluded from complication-specific chi-squared testing.
2026-09-08 11:48:52,022 - INFO - Analyte 4-(3,4-dimethylphenyl)-1-thia-4-azaspiro[4.5]decan-3-one_POS was not included in 5 gestational bin outlier analysis - excluded from complication-specific chi-squared testing.
2026-09-08 11:48:52,028 - INFO - Analyte N'-Formylkynurenine_POS was not included in 5 gestational bin outlier analysis - excluded from complication-specific chi-squared testing.
2026-09-08 11:48:52,038 - INFO - Analyte 4-Hydroxy-2-butenoic acid gamma-lactone_POS was not included in 5 gestational bin outlier analysis - excluded from complication-specific chi-squared testing.
2026-09-08 11:48:52,041 - INFO - Analyte gamma-Butyrolactone_NEG was not included in 5 gestational bin outlier analysis - excluded from complication-specific chi-squared testing.
2026-09-08 11:48:52,046 - INFO - Analyte Hypoxanthine_POS was not included in 5 gestational bin outlier analysis - excluded from complication-specific chi-squared testing.
2026-09-08 11:48:52,052 - INFO - Analyte unk_n386_NEG_255.8221_RT3.67 was not included in 5 gestational bin outlier analysis - excluded from complication-specific chi-squared testing.
2026-09-08 11:48:52,057 - INFO - Analyte unk_p2168_POS_231.8783_RT3.23 was not included in 5 gestational bin outlier analysis - excluded from complication-specific chi-squared testing.
2026-09-08 11:48:52,063 - INFO - Analyte Isobutyrylglycine_POS was not included in 5 gestational bin outlier analysis - excluded from complication-specific chi-squared testing.
2026-09-08 11:48:52,074 - INFO - Analyte Norepinephrine sulfate_POS was not included in 5 gestational bin outlier analysis - excluded from complication-specific chi-squared testing.
2026-09-08 11:48:52,085 - INFO - Analyte unk_p3339_POS_300.4097_RT0.75 was not included in 5 gestational bin outlier analysis - excluded from complication-specific chi-squared testing.
2026-09-08 11:48:52,090 - INFO - Analyte Didecyldimethylammonium_POS was not included in 5 gestational bin outlier analysis - excluded from complication-specific chi-squared testing.
2026-09-08 11:48:52,096 - INFO - Analyte Pantothenic acid_POS was not included in 5 gestational bin outlier analysis - excluded from complication-specific chi-squared testing.
2026-09-08 11:48:52,101 - INFO - Analyte NP-022451_POS was not included in 5 gestational bin outlier analysis - excluded from complication-specific chi-squared testing.
2026-09-08 11:48:52,111 - INFO - Analyte unk_p302_POS_81.5205_RT1.95 was not included in 5 gestational bin outlier analysis - excluded from complication-specific chi-squared testing.
2026-09-08 11:48:52,117 - INFO - Analyte 3-Oxalomalic acid_POS was not included in 5 gestational bin outlier analysis - excluded from complication-specific chi-squared testing.
2026-09-08 11:48:52,122 - INFO - Analyte cis-Acetylacrylate_NEG was not included in 5 gestational bin outlier analysis - excluded from complication-specific chi-squared testing.
2026-09-08 11:48:52,133 - INFO - Analyte (2R)-2,3-Dihydroxypropanoic acid_NEG was not included in 5 gestational bin outlier analysis - excluded from complication-specific chi-squared testing.
2026-09-08 11:48:52,138 - INFO - Analyte 2-Aminoisobutyric acid_POS was not included in 5 gestational bin outlier analysis - excluded from complication-specific chi-squared testing.
2026-09-08 11:48:52,143 - INFO - Analyte Leucylproline_POS was not included in 5 gestational bin outlier analysis - excluded from complication-specific chi-squared testing.
2026-09-08 11:48:52,154 - INFO - Analyte (+-)-trans-3-Methyl norfentanyl_POS was not included in 5 gestational bin outlier analysis - excluded from complication-specific chi-squared testing.
2026-09-08 11:48:52,165 - INFO - Analyte Ethephon_POS was not included in 5 gestational bin outlier analysis - excluded from complication-specific chi-squared testing.
2026-09-08 11:48:52,171 - INFO - Analyte unk_p93_POS_90.5258_RT0.76 was not included in 5 gestational bin outlier analysis - excluded from complication-specific chi-squared testing.
2026-09-08 11:48:52,176 - INFO - Analyte unk_p3799_POS_338.1166_RT7.62 was not included in 5 gestational bin outlier analysis - excluded from complication-specific chi-squared testing.
2026-09-08 11:48:52,182 - INFO - Analyte Xylariamide_POS was not included in 5 gestational bin outlier analysis - excluded from complication-specific chi-squared testing.
2026-09-08 11:48:52,194 - INFO - Analyte 4-Nitrophenyl beta-D-xyloside_POS was not included in 5 gestational bin outlier analysis - excluded from complication-specific chi-squared testing.
2026-09-08 11:48:52,204 - INFO - Analyte unk_p1541_POS_276.0038_RT4.14 was not included in 5 gestational bin outlier analysis - excluded from complication-specific chi-squared testing.
2026-09-08 11:48:52,216 - INFO - Analyte L-Isoleucine_POS was not included in 5 gestational bin outlier analysis - excluded from complication-specific chi-squared testing.
2026-09-08 11:48:52,228 - INFO - Analyte 3-Methylcrotonylglycine_POS was not included in 5 gestational bin outlier analysis - excluded from complication-specific chi-squared testing.
2026-09-08 11:48:52,238 - INFO - Analyte 3-Hydroxymepivacaine_POS was not included in 5 gestational bin outlier analysis - excluded from complication-specific chi-squared testing.
2026-09-08 11:48:52,249 - INFO - Analyte L-Erythrulose_NEG was not included in 5 gestational bin outlier analysis - excluded from complication-specific chi-squared testing.
2026-09-08 11:48:52,262 - INFO - Analyte methyl 2-(acetylamino)-4-amino-4-oxobutanoate_POS was not included in 5 gestational bin outlier analysis - excluded from complication-specific chi-squared testing.
2026-09-08 11:48:52,274 - INFO - Analyte Methoxyphenamine_POS was not included in 5 gestational bin outlier analysis - excluded from complication-specific chi-squared testing.
2026-09-08 11:48:52,286 - INFO - Analyte L-Threonine_POS was not included in 5 gestational bin outlier analysis - excluded from complication-specific chi-squared testing.
2026-09-08 11:48:52,291 - INFO - Analyte Doxylamine_POS was not included in 5 gestational bin outlier analysis - excluded from complication-specific chi-squared testing.
2026-09-08 11:48:52,297 - INFO - Analyte Taurine_NEG was not included in 5 gestational bin outlier analysis - excluded from complication-specific chi-squared testing.
2026-09-08 11:48:52,308 - INFO - Analyte unk_n441_NEG_525.3312_RT11.15 was not included in 5 gestational bin outlier analysis - excluded from complication-specific chi-squared testing.
2026-09-08 11:48:52,313 - INFO - Analyte unk_n529_NEG_197.8077_RT8.34 was not included in 5 gestational bin outlier analysis - excluded from complication-specific chi-squared testing.
2026-09-08 11:48:52,324 - INFO - Analyte beta-Alanine_POS was not included in 5 gestational bin outlier analysis - excluded from complication-specific chi-squared testing.
2026-09-08 11:48:52,330 - INFO - Analyte unk_p2702_POS_497.9977_RT1.05 was not included in 5 gestational bin outlier analysis - excluded from complication-specific chi-squared testing.
2026-09-08 11:48:52,341 - INFO - Analyte Ropivacaine_POS was not included in 5 gestational bin outlier analysis - excluded from complication-specific chi-squared testing.
2026-09-08 11:48:52,346 - INFO - Analyte TRIETHYLENE GLYCOL_POS was not included in 5 gestational bin outlier analysis - excluded from complication-specific chi-squared testing.
2026-09-08 11:48:52,356 - INFO - Analyte (±)-2-Propylthiazolidine_POS was not included in 5 gestational bin outlier analysis - excluded from complication-specific chi-squared testing.
2026-09-08 11:48:52,361 - INFO - Analyte [Similar to: Threonine; ΔMass: 83.9612 Da]_NEG was not included in 5 gestational bin outlier analysis - excluded from complication-specific chi-squared testing.
2026-09-08 11:48:52,372 - INFO - Analyte NP-015114_POS was not included in 5 gestational bin outlier analysis - excluded from complication-specific chi-squared testing.
2026-09-08 11:48:52,374 - INFO - Analyte unk_n915_NEG_102.9566_RT5.57 was not included in 5 gestational bin outlier analysis - excluded from complication-specific chi-squared testing.
2026-09-08 11:48:52,379 - INFO - Analyte Caprylic acid_POS was not included in 5 gestational bin outlier analysis - excluded from complication-specific chi-squared testing.
2026-09-08 11:48:52,384 - INFO - Analyte O-Desmethyl-lacosamide_POS was not included in 5 gestational bin outlier analysis - excluded from complication-specific chi-squared testing.
2026-09-08 11:48:52,389 - INFO - Analyte [3-amino-5-(methylsulfanyl)-4-(2-pyridinyl)-1H-pyrazol-1-yl](2-thienyl)methanone_POS was not included in 5 gestational bin outlier analysis - excluded from complication-specific chi-squared testing.
2026-09-08 11:48:52,398 - INFO - Analyte V-Pyrro/NO_POS was not included in 5 gestational bin outlier analysis - excluded from complication-specific chi-squared testing.
2026-09-08 11:48:52,403 - INFO - Analyte D-1,5-Anhydrofructose_NEG was not included in 5 gestational bin outlier analysis - excluded from complication-specific chi-squared testing.
2026-09-08 11:48:52,406 - INFO - Analyte unk_n3447_NEG_458.9835_RT1.44 was not included in 5 gestational bin outlier analysis - excluded from complication-specific chi-squared testing.
2026-09-08 11:48:52,416 - INFO - Analyte Cysteine-S-sulfate_NEG was not included in 5 gestational bin outlier analysis - excluded from complication-specific chi-squared testing.
2026-09-08 11:48:52,426 - INFO - Analyte unk_p4571_POS_347.8494_RT2.42 was not included in 5 gestational bin outlier analysis - excluded from complication-specific chi-squared testing.
2026-09-08 11:48:52,436 - INFO - Analyte Cysteineglutathione disulfide_POS was not included in 5 gestational bin outlier analysis - excluded from complication-specific chi-squared testing.
2026-09-08 11:48:52,439 - INFO - Analyte unk_p3493_POS_276.1361_RT4.66 was not included in 5 gestational bin outlier analysis - excluded from complication-specific chi-squared testing.
2026-09-08 11:48:52,444 - INFO - Analyte 3-Methylheptanoylcarnitine_POS was not included in 5 gestational bin outlier analysis - excluded from complication-specific chi-squared testing.
2026-09-08 11:48:52,449 - INFO - Analyte PEG n5_POS was not included in 5 gestational bin outlier analysis - excluded from complication-specific chi-squared testing.
2026-09-08 11:48:52,459 - INFO - Analyte D-Glycero-D-galacto-heptitol_NEG was not included in 5 gestational bin outlier analysis - excluded from complication-specific chi-squared testing.
2026-09-08 11:48:52,468 - INFO - Analyte 2-Hydroxy-4-oxopentanoic acid_NEG was not included in 5 gestational bin outlier analysis - excluded from complication-specific chi-squared testing.
2026-09-08 11:48:52,478 - INFO - Analyte 3-Hydroxymethylglutaric acid_POS was not included in 5 gestational bin outlier analysis - excluded from complication-specific chi-squared testing.
2026-09-08 11:48:52,483 - INFO - Analyte Furodazole_NEG was not included in 5 gestational bin outlier analysis - excluded from complication-specific chi-squared testing.
2026-09-08 11:48:52,488 - INFO - Analyte Creatine_NEG was not included in 5 gestational bin outlier analysis - excluded from complication-specific chi-squared testing.
2026-09-08 11:48:52,497 - INFO - Analyte unk_p1992_POS_481.8173_RT5.48 was not included in 5 gestational bin outlier analysis - excluded from complication-specific chi-squared testing.
2026-09-08 11:48:52,502 - INFO - Analyte N-cyclooctylurea_POS was not included in 5 gestational bin outlier analysis - excluded from complication-specific chi-squared testing.
2026-09-08 11:48:52,511 - INFO - Analyte unk_p21_POS_226.9514_RT0.64 was not included in 5 gestational bin outlier analysis - excluded from complication-specific chi-squared testing.
2026-09-08 11:48:52,521 - INFO - Analyte (R)-Salsolinol_POS was not included in 5 gestational bin outlier analysis - excluded from complication-specific chi-squared testing.
2026-09-08 11:48:52,530 - INFO - Analyte Desmethylcitalopram_POS was not included in 5 gestational bin outlier analysis - excluded from complication-specific chi-squared testing.
2026-09-08 11:48:52,535 - INFO - Analyte unk_n694_NEG_267.8479_RT4.64 was not included in 5 gestational bin outlier analysis - excluded from complication-specific chi-squared testing.
2026-09-08 11:48:52,540 - INFO - Analyte (2S)-4-(2-Aminophenyl)-2-formamido-4-oxobutanoic acid_POS was not included in 5 gestational bin outlier analysis - excluded from complication-specific chi-squared testing.
2026-09-08 11:48:52,544 - INFO - Analyte Squamolone_POS was not included in 5 gestational bin outlier analysis - excluded from complication-specific chi-squared testing.
2026-09-08 11:48:52,549 - INFO - Analyte 2-Imidazolidone_POS was not included in 5 gestational bin outlier analysis - excluded from complication-specific chi-squared testing.
2026-09-08 11:48:52,559 - INFO - Analyte Azetidomonamide A_POS was not included in 5 gestational bin outlier analysis - excluded from complication-specific chi-squared testing.
2026-09-08 11:48:52,563 - INFO - Analyte D-threo-isocitrate_NEG was not included in 5 gestational bin outlier analysis - excluded from complication-specific chi-squared testing.
2026-09-08 11:48:52,573 - INFO - Analyte unk_p2059_POS_179.0847_RT6.26 was not included in 5 gestational bin outlier analysis - excluded from complication-specific chi-squared testing.
2026-09-08 11:48:52,577 - INFO - Analyte (2S,3R)-3-Hydroxy-2-methylbutanoic acid_POS was not included in 5 gestational bin outlier analysis - excluded from complication-specific chi-squared testing.
2026-09-08 11:48:52,580 - INFO - Analyte Acetyl-L-carnitine_POS was not included in 5 gestational bin outlier analysis - excluded from complication-specific chi-squared testing.
2026-09-08 11:48:52,590 - INFO - Analyte D-(-)-Glutamine_NEG was not included in 5 gestational bin outlier analysis - excluded from complication-specific chi-squared testing.
2026-09-08 11:48:52,599 - INFO - Analyte unk_p1337_POS_490.8173_RT11.18 was not included in 5 gestational bin outlier analysis - excluded from complication-specific chi-squared testing.
2026-09-08 11:48:52,608 - INFO - Analyte N,N-dimethyl-N-(3-perfluoroalkylsulfonamidopropan-1-yl)-N-(3-sulfopropan-1-yl)ammonium;N-sulfo propyl dimethyl ammonio propyl perfluoroethane sulfonamide;N-sulfo propyl dimethyl ammonio propyl perfluoroethane sulfonamide;perfluoroethane sulfonamido betaine propyl sulfonate_POS was not included in 5 gestational bin outlier analysis - excluded from complication-specific chi-squared testing.
2026-09-08 11:48:52,618 - INFO - Analyte (x)-2-Heptanol glucoside_POS was not included in 5 gestational bin outlier analysis - excluded from complication-specific chi-squared testing.
2026-09-08 11:48:52,623 - INFO - Analyte Succinic acid semialdehyde_NEG was not included in 5 gestational bin outlier analysis - excluded from complication-specific chi-squared testing.
2026-09-08 11:48:52,625 - INFO - Analyte D-(+)-Glucose_POS was not included in 5 gestational bin outlier analysis - excluded from complication-specific chi-squared testing.
2026-09-08 11:48:52,636 - INFO - Analyte Diethylaminoethyl-Sephacel_POS was not included in 5 gestational bin outlier analysis - excluded from complication-specific chi-squared testing.
2026-09-08 11:48:52,647 - INFO - Analyte L-Glutamic acid_POS was not included in 5 gestational bin outlier analysis - excluded from complication-specific chi-squared testing.
2026-09-08 11:48:52,706 - INFO - Analyte Penicillamine disulfide_POS was not included in 5 gestational bin outlier analysis - excluded from complication-specific chi-squared testing.
2026-09-08 11:48:52,716 - INFO - Analyte [Similar to: Asparagine; ΔMass: 67.9873 Da]_NEG was not included in 5 gestational bin outlier analysis - excluded from complication-specific chi-squared testing.
2026-09-08 11:48:52,722 - INFO - Analyte 6-Chloro-2,3,4,5-tetrahydro-1H-3-benzazepine_NEG was not included in 5 gestational bin outlier analysis - excluded from complication-specific chi-squared testing.
2026-09-08 11:48:52,732 - INFO - Analyte Validoxylamine G_POS was not included in 5 gestational bin outlier analysis - excluded from complication-specific chi-squared testing.
2026-09-08 11:48:52,737 - INFO - Analyte Threonine_NEG was not included in 5 gestational bin outlier analysis - excluded from complication-specific chi-squared testing.
2026-09-08 11:48:52,742 - INFO - Analyte O-Desmethyl-cis-tramadol_POS was not included in 5 gestational bin outlier analysis - excluded from complication-specific chi-squared testing.
2026-09-08 11:48:52,753 - INFO - Analyte N,N-Didesmethylvenlafaxine_POS was not included in 5 gestational bin outlier analysis - excluded from complication-specific chi-squared testing.
2026-09-08 11:48:52,756 - INFO - Analyte 3-[(4-Chlorophenyl)thio]-6-(3,5-dimethyl-1H-pyrazol-1-yl)pyridazine_POS was not included in 5 gestational bin outlier analysis - excluded from complication-specific chi-squared testing.
2026-09-08 11:48:52,761 - INFO - Analyte Aladapcin_POS was not included in 5 gestational bin outlier analysis - excluded from complication-specific chi-squared testing.
2026-09-08 11:48:52,766 - INFO - Analyte Acetylcholine_POS was not included in 5 gestational bin outlier analysis - excluded from complication-specific chi-squared testing.
2026-09-08 11:48:52,771 - INFO - Analyte Cocaine_POS was not included in 5 gestational bin outlier analysis - excluded from complication-specific chi-squared testing.
2026-09-08 11:48:52,773 - INFO - Analyte (2R*,3R*)-1,2,3-Butanetriol_POS was not included in 5 gestational bin outlier analysis - excluded from complication-specific chi-squared testing.
2026-09-08 11:48:52,778 - INFO - Analyte Tranexamic Acid_POS was not included in 5 gestational bin outlier analysis - excluded from complication-specific chi-squared testing.
2026-09-08 11:48:52,787 - INFO - Analyte Citalopram hydrobromide_POS was not included in 5 gestational bin outlier analysis - excluded from complication-specific chi-squared testing.
2026-09-08 11:48:52,793 - INFO - Analyte Crotonic acid_POS was not included in 5 gestational bin outlier analysis - excluded from complication-specific chi-squared testing.
2026-09-08 11:48:52,796 - INFO - Analyte unk_n104_NEG_197.8080_RT4.23 was not included in 5 gestational bin outlier analysis - excluded from complication-specific chi-squared testing.
2026-09-08 11:48:52,805 - INFO - Analyte [Similar to: N1-(2-methyl-4-nitrophenyl)acetamide; ΔMass: -46.1009 Da]_NEG was not included in 5 gestational bin outlier analysis - excluded from complication-specific chi-squared testing.
2026-09-08 11:48:52,810 - INFO - Analyte 2-(2-Thienylmethylene)-1,6-dioxaspiro[4.4]non-3-ene_POS was not included in 5 gestational bin outlier analysis - excluded from complication-specific chi-squared testing.
2026-09-08 11:48:52,821 - INFO - Analyte unk_p755_POS_173.0783_RT3.49 was not included in 5 gestational bin outlier analysis - excluded from complication-specific chi-squared testing.
2026-09-08 11:48:52,830 - INFO - Analyte Vaccenyl carnitine_POS was not included in 5 gestational bin outlier analysis - excluded from complication-specific chi-squared testing.
2026-09-08 11:48:52,835 - INFO - Analyte Glycylproline_POS was not included in 5 gestational bin outlier analysis - excluded from complication-specific chi-squared testing.
2026-09-08 11:48:52,845 - INFO - Analyte 2-Oxopropyl 2-oxopropanoate_NEG was not included in 5 gestational bin outlier analysis - excluded from complication-specific chi-squared testing.
2026-09-08 11:48:52,855 - INFO - Analyte methadone-d9_NEG was not included in 5 gestational bin outlier analysis - excluded from complication-specific chi-squared testing.
2026-09-08 11:48:52,864 - INFO - Analyte 2-(methylthio)-4-(3-pyridyl)pyrimidine_POS was not included in 5 gestational bin outlier analysis - excluded from complication-specific chi-squared testing.
2026-09-08 11:48:52,867 - INFO - Analyte unk_p4117_POS_730.1590_RT4.67 was not included in 5 gestational bin outlier analysis - excluded from complication-specific chi-squared testing.
2026-09-08 11:48:52,872 - INFO - Analyte Butyrylcarnitine_POS was not included in 5 gestational bin outlier analysis - excluded from complication-specific chi-squared testing.
2026-09-08 11:48:52,881 - INFO - Analyte Triisobutyl phosphate_POS was not included in 5 gestational bin outlier analysis - excluded from complication-specific chi-squared testing.
2026-09-08 11:48:52,890 - INFO - Analyte 1-Methoxy-1H-indole-3-acetonitrile_POS was not included in 5 gestational bin outlier analysis - excluded from complication-specific chi-squared testing.
2026-09-08 11:48:52,900 - INFO - Analyte (5R)-5-Hydroxyhexanoic acid_POS was not included in 5 gestational bin outlier analysis - excluded from complication-specific chi-squared testing.
2026-09-08 11:48:52,905 - INFO - Analyte [Similar to: L-Threonic acid; ΔMass: 112.0010 Da]_NEG was not included in 5 gestational bin outlier analysis - excluded from complication-specific chi-squared testing.
2026-09-08 11:48:52,914 - INFO - Analyte unk_p2205_POS_101.0790_RT2.80 was not included in 5 gestational bin outlier analysis - excluded from complication-specific chi-squared testing.
2026-09-08 11:48:52,919 - INFO - Analyte Diaminopimelic acid_POS was not included in 5 gestational bin outlier analysis - excluded from complication-specific chi-squared testing.
2026-09-08 11:48:52,928 - INFO - Analyte N-Methyl-4-nitroaniline_POS was not included in 5 gestational bin outlier analysis - excluded from complication-specific chi-squared testing.
2026-09-08 11:48:52,938 - INFO - Analyte unk_n219_NEG_116.9285_RT11.96 was not included in 5 gestational bin outlier analysis - excluded from complication-specific chi-squared testing.
2026-09-08 11:48:52,947 - INFO - Analyte 1,2,2-trifluoro-2-(trifluoromethoxy)ethan-1-ol;Hydrogen-substituted perfluoroether butanol_NEG was not included in 5 gestational bin outlier analysis - excluded from complication-specific chi-squared testing.
2026-09-08 11:48:52,956 - INFO - Analyte Octylphosphonic acid_POS was not included in 5 gestational bin outlier analysis - excluded from complication-specific chi-squared testing.
2026-09-08 11:48:52,961 - INFO - Analyte Morpholine_POS was not included in 5 gestational bin outlier analysis - excluded from complication-specific chi-squared testing.
2026-09-08 11:48:52,971 - INFO - Analyte Valine_POS was not included in 5 gestational bin outlier analysis - excluded from complication-specific chi-squared testing.
2026-09-08 11:48:52,977 - INFO - Analyte 4-Oxoproline_NEG was not included in 5 gestational bin outlier analysis - excluded from complication-specific chi-squared testing.
2026-09-08 11:48:52,981 - INFO - Analyte unk_p3907_POS_370.0736_RT5.90 was not included in 5 gestational bin outlier analysis - excluded from complication-specific chi-squared testing.
2026-09-08 11:48:52,991 - INFO - Analyte N-acetyl zonisamide_POS was not included in 5 gestational bin outlier analysis - excluded from complication-specific chi-squared testing.
2026-09-08 11:48:53,000 - INFO - Analyte 4-Hydroxyproline_NEG was not included in 5 gestational bin outlier analysis - excluded from complication-specific chi-squared testing.
2026-09-08 11:48:53,005 - INFO - Analyte unk_p1789_POS_481.8174_RT8.05 was not included in 5 gestational bin outlier analysis - excluded from complication-specific chi-squared testing.
2026-09-08 11:48:53,015 - INFO - Analyte N-(1,3-benzodioxol-5-yl)-2-methyl-5-(piperidinosulfonyl)-3-furamide_POS was not included in 5 gestational bin outlier analysis - excluded from complication-specific chi-squared testing.
2026-09-08 11:48:53,024 - INFO - Analyte NP-022068_POS was not included in 5 gestational bin outlier analysis - excluded from complication-specific chi-squared testing.
2026-09-08 11:48:53,034 - INFO - Analyte unk_n683_NEG_226.9274_RT2.46 was not included in 5 gestational bin outlier analysis - excluded from complication-specific chi-squared testing.
2026-09-08 11:48:53,045 - INFO - Analyte [Similar to: 2-{[(2R,3R,4S,5S,6R)-4,5-dihydroxy-6-(hydroxymethyl)-3-{[(2S,3R,4R,5R,6S)-3,4,5-trihydroxy-6-methyloxan-2-yl]oxy}oxan-2-yl]oxy}-2-(4-hydroxyphenyl)acetonitrile; ΔMass: -157.9643 Da]_POS was not included in 5 gestational bin outlier analysis - excluded from complication-specific chi-squared testing.
2026-09-08 11:48:53,050 - INFO - Analyte 3-Hydroxymonoethylglycinexylidide_POS was not included in 5 gestational bin outlier analysis - excluded from complication-specific chi-squared testing.
2026-09-08 11:48:53,061 - INFO - Analyte 2-Aminothiazole_POS was not included in 5 gestational bin outlier analysis - excluded from complication-specific chi-squared testing.
2026-09-08 11:48:53,071 - INFO - Analyte Pyrrolidine_POS was not included in 5 gestational bin outlier analysis - excluded from complication-specific chi-squared testing.
2026-09-08 11:48:53,077 - INFO - Analyte unk_p1714_POS_174.9566_RT3.15 was not included in 5 gestational bin outlier analysis - excluded from complication-specific chi-squared testing.
2026-09-08 11:48:53,090 - INFO - Analyte Bicine_NEG was not included in 5 gestational bin outlier analysis - excluded from complication-specific chi-squared testing.
2026-09-08 11:48:53,095 - INFO - Analyte bk-MDDMA_POS was not included in 5 gestational bin outlier analysis - excluded from complication-specific chi-squared testing.
2026-09-08 11:48:53,112 - INFO - Analyte unk_n43_NEG_231.9316_RT9.38 was not included in 5 gestational bin outlier analysis - excluded from complication-specific chi-squared testing.
2026-09-08 11:48:53,117 - INFO - Analyte (S)-(+)-2-Amino-1-propanol_POS was not included in 5 gestational bin outlier analysis - excluded from complication-specific chi-squared testing.
2026-09-08 11:48:53,130 - INFO - Analyte Ritodrine_POS was not included in 5 gestational bin outlier analysis - excluded from complication-specific chi-squared testing.
2026-09-08 11:48:53,141 - INFO - Analyte Allyl 2-(1H-benzimidazol-2-yl)-2-cyano-N-phenylethanimidothioate_POS was not included in 5 gestational bin outlier analysis - excluded from complication-specific chi-squared testing.
2026-09-08 11:48:53,146 - INFO - Analyte Pseudoecgonine_POS was not included in 5 gestational bin outlier analysis - excluded from complication-specific chi-squared testing.
2026-09-08 11:48:53,149 - INFO - Analyte Proline_POS was not included in 5 gestational bin outlier analysis - excluded from complication-specific chi-squared testing.
2026-09-08 11:48:53,160 - INFO - Analyte unk_p4135_POS_461.8025_RT1.59 was not included in 5 gestational bin outlier analysis - excluded from complication-specific chi-squared testing.
2026-09-08 11:48:53,170 - INFO - Analyte unk_p2327_POS_272.1338_RT2.37 was not included in 5 gestational bin outlier analysis - excluded from complication-specific chi-squared testing.
2026-09-08 11:48:53,180 - INFO - Analyte NP-020535_POS was not included in 5 gestational bin outlier analysis - excluded from complication-specific chi-squared testing.
2026-09-08 11:48:53,191 - INFO - Analyte 5-nitrothiazol-2-amine_POS was not included in 5 gestational bin outlier analysis - excluded from complication-specific chi-squared testing.
2026-09-08 11:48:53,202 - INFO - Analyte unk_p4977_POS_430.3673_RT0.76 was not included in 5 gestational bin outlier analysis - excluded from complication-specific chi-squared testing.
2026-09-08 11:48:53,212 - INFO - Analyte unk_p1632_POS_663.4347_RT12.76 was not included in 5 gestational bin outlier analysis - excluded from complication-specific chi-squared testing.
2026-09-08 11:48:53,222 - INFO - Analyte 3-Hydroxybupivicaine_POS was not included in 5 gestational bin outlier analysis - excluded from complication-specific chi-squared testing.
2026-09-08 11:48:53,227 - INFO - Analyte unk_n9_NEG_273.9896_RT11.04 was not included in 5 gestational bin outlier analysis - excluded from complication-specific chi-squared testing.
2026-09-08 11:48:53,229 - INFO - Analyte 3-hydroxy-3-methylpentanedioic acid_POS was not included in 5 gestational bin outlier analysis - excluded from complication-specific chi-squared testing.
2026-09-08 11:48:53,234 - INFO - Analyte 2-Methyl-3-ketovaleric acid_POS was not included in 5 gestational bin outlier analysis - excluded from complication-specific chi-squared testing.
2026-09-08 11:48:53,244 - INFO - Analyte (4E)-3-Hydroxy-2,4-dimethyl-4-heptenamide_POS was not included in 5 gestational bin outlier analysis - excluded from complication-specific chi-squared testing.
2026-09-08 11:48:53,254 - INFO - Analyte Lamotrigine_POS was not included in 5 gestational bin outlier analysis - excluded from complication-specific chi-squared testing.
2026-09-08 11:48:53,264 - INFO - Analyte Xestoaminol C_POS was not included in 5 gestational bin outlier analysis - excluded from complication-specific chi-squared testing.
2026-09-08 11:48:53,273 - INFO - Analyte Acycloguanosine_NEG was not included in 5 gestational bin outlier analysis - excluded from complication-specific chi-squared testing.
2026-09-08 11:48:53,278 - INFO - Analyte unk_n75_NEG_197.8079_RT5.38 was not included in 5 gestational bin outlier analysis - excluded from complication-specific chi-squared testing.
2026-09-08 11:48:53,283 - INFO - Analyte Mevalonic acid_POS was not included in 5 gestational bin outlier analysis - excluded from complication-specific chi-squared testing.
2026-09-08 11:48:53,288 - INFO - Analyte Lorbamate_POS was not included in 5 gestational bin outlier analysis - excluded from complication-specific chi-squared testing.
2026-09-08 11:48:53,298 - INFO - Analyte 2-Furanmethanol_POS was not included in 5 gestational bin outlier analysis - excluded from complication-specific chi-squared testing.
2026-09-08 11:48:53,308 - INFO - Analyte Guanidoacetic acid_POS was not included in 5 gestational bin outlier analysis - excluded from complication-specific chi-squared testing.
2026-09-08 11:48:53,313 - INFO - Analyte Acetazolamide_NEG was not included in 5 gestational bin outlier analysis - excluded from complication-specific chi-squared testing.
2026-09-08 11:48:53,317 - INFO - Analyte unk_n834_NEG_333.1415_RT9.64 was not included in 5 gestational bin outlier analysis - excluded from complication-specific chi-squared testing.
2026-09-08 11:48:53,327 - INFO - Analyte D-(+)-Maltose_NEG was not included in 5 gestational bin outlier analysis - excluded from complication-specific chi-squared testing.
2026-09-08 11:48:53,332 - INFO - Analyte 4-Thialysine_POS was not included in 5 gestational bin outlier analysis - excluded from complication-specific chi-squared testing.
2026-09-08 11:48:53,342 - INFO - Analyte unk_p2623_POS_506.2075_RT7.31 was not included in 5 gestational bin outlier analysis - excluded from complication-specific chi-squared testing.
2026-09-08 11:48:53,351 - INFO - Analyte unk_n11_NEG_273.9895_RT10.40 was not included in 5 gestational bin outlier analysis - excluded from complication-specific chi-squared testing.
2026-09-08 11:48:53,356 - INFO - Analyte L-beta-aspartyl-L-glycine_POS was not included in 5 gestational bin outlier analysis - excluded from complication-specific chi-squared testing.
2026-09-08 11:48:53,365 - INFO - Analyte unk_p4598_POS_370.0734_RT6.62 was not included in 5 gestational bin outlier analysis - excluded from complication-specific chi-squared testing.
2026-09-08 11:48:53,375 - INFO - Analyte unk_p4657_POS_382.3426_RT11.09 was not included in 5 gestational bin outlier analysis - excluded from complication-specific chi-squared testing.
2026-09-08 11:48:53,385 - INFO - Analyte 5-Nitro-o-toluidine_POS was not included in 5 gestational bin outlier analysis - excluded from complication-specific chi-squared testing.
2026-09-08 11:48:53,395 - INFO - Analyte Xylactam_POS was not included in 5 gestational bin outlier analysis - excluded from complication-specific chi-squared testing.
2026-09-08 11:48:53,400 - INFO - Analyte unk_p1333_POS_99.5122_RT7.62 was not included in 5 gestational bin outlier analysis - excluded from complication-specific chi-squared testing.
2026-09-08 11:48:53,404 - INFO - Analyte 7-(2-thienyl)[1,2,4]triazolo[4,3-a]pyrimidine_POS was not included in 5 gestational bin outlier analysis - excluded from complication-specific chi-squared testing.
2026-09-08 11:48:53,409 - INFO - Analyte cis-Acetylacrylate_POS was not included in 5 gestational bin outlier analysis - excluded from complication-specific chi-squared testing.
2026-09-08 11:48:53,414 - INFO - Analyte Ecgonine_POS was not included in 5 gestational bin outlier analysis - excluded from complication-specific chi-squared testing.
2026-09-08 11:48:53,419 - INFO - Analyte PEG n12_POS was not included in 5 gestational bin outlier analysis - excluded from complication-specific chi-squared testing.
2026-09-08 11:48:53,421 - INFO - Analyte 2-Furancarboxaldehyde_NEG was not included in 5 gestational bin outlier analysis - excluded from complication-specific chi-squared testing.
2026-09-08 11:48:53,426 - INFO - Analyte L-Aspartic acid_POS was not included in 5 gestational bin outlier analysis - excluded from complication-specific chi-squared testing.
2026-09-08 11:48:53,430 - INFO - Analyte Homocitrulline_POS was not included in 5 gestational bin outlier analysis - excluded from complication-specific chi-squared testing.
2026-09-08 11:48:53,435 - INFO - Analyte unk_p8_POS_178.0903_RT10.06 was not included in 5 gestational bin outlier analysis - excluded from complication-specific chi-squared testing.
2026-09-08 11:48:53,441 - INFO - Analyte Methadone_POS was not included in 5 gestational bin outlier analysis - excluded from complication-specific chi-squared testing.
2026-09-08 11:48:53,450 - INFO - Analyte unk_p2870_POS_426.3213_RT12.12 was not included in 5 gestational bin outlier analysis - excluded from complication-specific chi-squared testing.
2026-09-08 11:48:53,459 - INFO - Analyte Methamphetamine_POS was not included in 5 gestational bin outlier analysis - excluded from complication-specific chi-squared testing.
2026-09-08 11:48:53,469 - INFO - Analyte Propylenediamine tetra-acetic acid_POS was not included in 5 gestational bin outlier analysis - excluded from complication-specific chi-squared testing.
2026-09-08 11:48:53,473 - INFO - Analyte 3-(2-methylpropyl)-octahydropyrrolo[1,2-a]pyrazine-1,4-dione_POS was not included in 5 gestational bin outlier analysis - excluded from complication-specific chi-squared testing.
2026-09-08 11:48:53,483 - INFO - Analyte Venlafaxine N-Oxide_POS was not included in 5 gestational bin outlier analysis - excluded from complication-specific chi-squared testing.
2026-09-08 11:48:53,492 - INFO - Analyte 1,1-Dichloroacetone_POS was not included in 5 gestational bin outlier analysis - excluded from complication-specific chi-squared testing.
2026-09-08 11:48:53,497 - INFO - Analyte unk_p1255_POS_297.9856_RT8.42 was not included in 5 gestational bin outlier analysis - excluded from complication-specific chi-squared testing.
2026-09-08 11:48:53,545 - INFO - Analyte (2S,3R,4S,5R,6R)-6-Ethyloxane-2,3,4,5-tetrol_POS was not included in 5 gestational bin outlier analysis - excluded from complication-specific chi-squared testing.
2026-09-08 11:48:53,548 - INFO - Analyte Phenyl sulfoxide_NEG was not included in 5 gestational bin outlier analysis - excluded from complication-specific chi-squared testing.
2026-09-08 11:48:53,553 - INFO - Analyte [Similar to: L-Threonic acid; ΔMass: 67.9873 Da]_NEG was not included in 5 gestational bin outlier analysis - excluded from complication-specific chi-squared testing.
2026-09-08 11:48:53,558 - INFO - Analyte Alanylserine_POS was not included in 5 gestational bin outlier analysis - excluded from complication-specific chi-squared testing.
2026-09-08 11:48:53,567 - INFO - Analyte D3-Creatinine_POS was not included in 5 gestational bin outlier analysis - excluded from complication-specific chi-squared testing.
2026-09-08 11:48:53,572 - INFO - Analyte 2-(4-chlorophenoxy)pyridin-3-amine_POS was not included in 5 gestational bin outlier analysis - excluded from complication-specific chi-squared testing.
2026-09-08 11:48:53,581 - INFO - Analyte L-Lysine_POS was not included in 5 gestational bin outlier analysis - excluded from complication-specific chi-squared testing.
2026-09-08 11:48:53,591 - INFO - Analyte Epinephrine_POS was not included in 5 gestational bin outlier analysis - excluded from complication-specific chi-squared testing.
2026-09-08 11:48:53,595 - INFO - Analyte unk_p4438_POS_454.2431_RT9.53 was not included in 5 gestational bin outlier analysis - excluded from complication-specific chi-squared testing.
2026-09-08 11:48:53,605 - INFO - Analyte unk_n449_NEG_525.3312_RT11.55 was not included in 5 gestational bin outlier analysis - excluded from complication-specific chi-squared testing.
2026-09-08 11:48:53,610 - INFO - Analyte unk_n2989_NEG_778.2049_RT9.66 was not included in 5 gestational bin outlier analysis - excluded from complication-specific chi-squared testing.
2026-09-08 11:48:53,619 - INFO - Analyte Hydroxymethyl hydrogen carbonate_NEG was not included in 5 gestational bin outlier analysis - excluded from complication-specific chi-squared testing.
2026-09-08 11:48:53,629 - INFO - Analyte 5S,6S-epoxy-15R-hydroxy-ETE_POS was not included in 5 gestational bin outlier analysis - excluded from complication-specific chi-squared testing.
2026-09-08 11:48:53,634 - INFO - Analyte Cefalexin_POS was not included in 5 gestational bin outlier analysis - excluded from complication-specific chi-squared testing.
2026-09-08 11:48:53,644 - INFO - Analyte unk_p256_POS_223.0700_RT11.18 was not included in 5 gestational bin outlier analysis - excluded from complication-specific chi-squared testing.
2026-09-08 11:48:53,654 - INFO - Analyte Citrulline_NEG was not included in 5 gestational bin outlier analysis - excluded from complication-specific chi-squared testing.
2026-09-08 11:48:53,659 - INFO - Analyte Nadolol_POS was not included in 5 gestational bin outlier analysis - excluded from complication-specific chi-squared testing.
2026-09-08 11:48:53,664 - INFO - Analyte Bupropion hydrochloride_POS was not included in 5 gestational bin outlier analysis - excluded from complication-specific chi-squared testing.
2026-09-08 11:48:53,666 - INFO - Analyte unk_p480_POS_242.9825_RT7.37 was not included in 5 gestational bin outlier analysis - excluded from complication-specific chi-squared testing.
2026-09-08 11:48:53,671 - INFO - Analyte N6-Me-Adenosine_POS was not included in 5 gestational bin outlier analysis - excluded from complication-specific chi-squared testing.
2026-09-08 11:48:53,676 - INFO - Analyte Anthranilic acid_POS was not included in 5 gestational bin outlier analysis - excluded from complication-specific chi-squared testing.
2026-09-08 11:48:53,680 - INFO - Analyte 2-Pyridylacetic acid_POS was not included in 5 gestational bin outlier analysis - excluded from complication-specific chi-squared testing.
2026-09-08 11:48:53,685 - INFO - Analyte 2-Aminobicyclo[3.1.0]hexane-2,6-dicarboxylic acid_POS was not included in 5 gestational bin outlier analysis - excluded from complication-specific chi-squared testing.
2026-09-08 11:48:53,694 - INFO - Analyte Clopidol_POS was not included in 5 gestational bin outlier analysis - excluded from complication-specific chi-squared testing.
2026-09-08 11:48:53,704 - INFO - Analyte Asparagine_NEG was not included in 5 gestational bin outlier analysis - excluded from complication-specific chi-squared testing.
2026-09-08 11:48:53,713 - INFO - Analyte Pyrogallol_POS was not included in 5 gestational bin outlier analysis - excluded from complication-specific chi-squared testing.
2026-09-08 11:48:53,723 - INFO - Analyte N-{[(2R,4S,5R)-5-(1-Methyl-3-phenyl-1H-pyrazol-5-yl)-1-azabicyclo[2.2.2]oct-2-yl]methyl}methanesulfonamide_POS was not included in 5 gestational bin outlier analysis - excluded from complication-specific chi-squared testing.
2026-09-08 11:48:53,732 - INFO - Analyte unk_p1961_POS_481.8174_RT7.74 was not included in 5 gestational bin outlier analysis - excluded from complication-specific chi-squared testing.
2026-09-08 11:48:53,735 - INFO - Analyte Dihydrothymine_NEG was not included in 5 gestational bin outlier analysis - excluded from complication-specific chi-squared testing.
2026-09-08 11:48:53,744 - INFO - Analyte Metronidazole-OH_POS was not included in 5 gestational bin outlier analysis - excluded from complication-specific chi-squared testing.
2026-09-08 11:48:53,749 - INFO - Analyte L-Aspartic acid_NEG was not included in 5 gestational bin outlier analysis - excluded from complication-specific chi-squared testing.
2026-09-08 11:48:53,754 - INFO - Analyte 6-(1,2,3,4-Tetrahydroxybutyl)oxane-2,3,4,5-tetrol_NEG was not included in 5 gestational bin outlier analysis - excluded from complication-specific chi-squared testing.
2026-09-08 11:48:53,763 - INFO - Analyte N-Acetyl-DL-tryptophan_POS was not included in 5 gestational bin outlier analysis - excluded from complication-specific chi-squared testing.
2026-09-08 11:48:53,774 - INFO - Analyte unk_n3153_NEG_237.9734_RT2.13 was not included in 5 gestational bin outlier analysis - excluded from complication-specific chi-squared testing.
2026-09-08 11:48:53,785 - INFO - Analyte Acycloguanosine_POS was not included in 5 gestational bin outlier analysis - excluded from complication-specific chi-squared testing.
2026-09-08 11:48:53,790 - INFO - Analyte 2-(2,6-dimethoxyphenyl)-5,6-dimethoxy-4H-chromen-4-one_POS was not included in 5 gestational bin outlier analysis - excluded from complication-specific chi-squared testing.
2026-09-08 11:48:53,795 - INFO - Analyte Allopurinol_NEG was not included in 5 gestational bin outlier analysis - excluded from complication-specific chi-squared testing.
2026-09-08 11:48:53,800 - INFO - Analyte 5-Aminolevulinic acid_POS was not included in 5 gestational bin outlier analysis - excluded from complication-specific chi-squared testing.
2026-09-08 11:48:53,811 - INFO - Analyte [Similar to: DL-Arginine; ΔMass: 180.0636 Da]_NEG was not included in 5 gestational bin outlier analysis - excluded from complication-specific chi-squared testing.
2026-09-08 11:48:53,816 - INFO - Analyte Aspartame_POS was not included in 5 gestational bin outlier analysis - excluded from complication-specific chi-squared testing.
2026-09-08 11:48:53,821 - INFO - Analyte 2-Furancarboxaldehyde_POS was not included in 5 gestational bin outlier analysis - excluded from complication-specific chi-squared testing.
2026-09-08 11:48:53,831 - INFO - Analyte Methoxsalen_POS was not included in 5 gestational bin outlier analysis - excluded from complication-specific chi-squared testing.
2026-09-08 11:48:53,836 - INFO - Analyte Phosphate_NEG was not included in 5 gestational bin outlier analysis - excluded from complication-specific chi-squared testing.
2026-09-08 11:48:53,840 - INFO - Analyte D-(+)-Glucose_NEG was not included in 5 gestational bin outlier analysis - excluded from complication-specific chi-squared testing.
2026-09-08 11:48:53,850 - INFO - Analyte unk_n146_NEG_228.9939_RT11.62 was not included in 5 gestational bin outlier analysis - excluded from complication-specific chi-squared testing.
2026-09-08 11:48:53,855 - INFO - Analyte L-Pyroglutamic acid_POS was not included in 5 gestational bin outlier analysis - excluded from complication-specific chi-squared testing.
2026-09-08 11:48:53,861 - INFO - Analyte tetrahomomethionine_POS was not included in 5 gestational bin outlier analysis - excluded from complication-specific chi-squared testing.
2026-09-08 11:48:53,866 - INFO - Analyte Cyclopentylamine_POS was not included in 5 gestational bin outlier analysis - excluded from complication-specific chi-squared testing.
2026-09-08 11:48:53,872 - INFO - Analyte N-(2-Hydroxypropyl)valine_POS was not included in 5 gestational bin outlier analysis - excluded from complication-specific chi-squared testing.
2026-09-08 11:48:53,881 - INFO - Analyte tert-Butyl N-[1-(aminocarbonyl)-3-methylbutyl]carbamate_POS was not included in 5 gestational bin outlier analysis - excluded from complication-specific chi-squared testing.
2026-09-08 11:48:53,887 - INFO - Analyte α-Lactose_POS was not included in 5 gestational bin outlier analysis - excluded from complication-specific chi-squared testing.
2026-09-08 11:48:53,898 - INFO - Analyte 1-(2-Furylmethyl)-5-oxopyrrolidine-3-carboxylic acid_NEG was not included in 5 gestational bin outlier analysis - excluded from complication-specific chi-squared testing.
2026-09-08 11:48:53,903 - INFO - Analyte 2-(Methylsulfonyl)pyridine_POS was not included in 5 gestational bin outlier analysis - excluded from complication-specific chi-squared testing.
2026-09-08 11:48:53,908 - INFO - Analyte 6-Hydroxy-1H-indole-3-acetamide_POS was not included in 5 gestational bin outlier analysis - excluded from complication-specific chi-squared testing.
2026-09-08 11:48:53,918 - INFO - Analyte unk_p2701_POS_497.9975_RT1.19 was not included in 5 gestational bin outlier analysis - excluded from complication-specific chi-squared testing.
2026-09-08 11:48:53,923 - INFO - Analyte O-Desmethylvenlafaxine_POS was not included in 5 gestational bin outlier analysis - excluded from complication-specific chi-squared testing.
2026-09-08 11:48:53,928 - INFO - Analyte 4-Pyridoxic acid_POS was not included in 5 gestational bin outlier analysis - excluded from complication-specific chi-squared testing.
2026-09-08 11:48:53,940 - INFO - Analyte N-Acetyl-L-carnosine_POS was not included in 5 gestational bin outlier analysis - excluded from complication-specific chi-squared testing.
2026-09-08 11:48:53,945 - INFO - Analyte unk_p557_POS_445.8151_RT12.73 was not included in 5 gestational bin outlier analysis - excluded from complication-specific chi-squared testing.
2026-09-08 11:48:53,950 - INFO - Analyte unk_p223_POS_111.0200_RT9.05 was not included in 5 gestational bin outlier analysis - excluded from complication-specific chi-squared testing.
2026-09-08 11:48:53,960 - INFO - Analyte Ethylenediaminetetraacetic acid (EDTA)_POS was not included in 5 gestational bin outlier analysis - excluded from complication-specific chi-squared testing.
2026-09-08 11:48:53,969 - INFO - Analyte unk_p5266_POS_459.2620_RT11.62 was not included in 5 gestational bin outlier analysis - excluded from complication-specific chi-squared testing.
2026-09-08 11:48:53,972 - INFO - Analyte 4'-Chloro-α-pyrrolidinopropiophenone_POS was not included in 5 gestational bin outlier analysis - excluded from complication-specific chi-squared testing.
2026-09-08 11:48:53,977 - INFO - Analyte Bis(cyano-kappaC)iron_POS was not included in 5 gestational bin outlier analysis - excluded from complication-specific chi-squared testing.
2026-09-08 11:48:53,982 - INFO - Analyte 1-Hydroxybenzotriazol_POS was not included in 5 gestational bin outlier analysis - excluded from complication-specific chi-squared testing.
2026-09-08 11:48:53,986 - INFO - Analyte Ornithine_NEG was not included in 5 gestational bin outlier analysis - excluded from complication-specific chi-squared testing.
2026-09-08 11:48:53,991 - INFO - Analyte DL-Arginine_POS was not included in 5 gestational bin outlier analysis - excluded from complication-specific chi-squared testing.
2026-09-08 11:48:54,001 - INFO - Analyte N-(5-Methyl-3-oxohexyl)alanine_POS was not included in 5 gestational bin outlier analysis - excluded from complication-specific chi-squared testing.
2026-09-08 11:48:54,005 - INFO - Analyte 4-Amino-2-pyrazin-2-ylpyrimidine-5-carbonitrile_POS was not included in 5 gestational bin outlier analysis - excluded from complication-specific chi-squared testing.
2026-09-08 11:48:54,015 - INFO - Analyte unk_p1254_POS_83.5357_RT0.57 was not included in 5 gestational bin outlier analysis - excluded from complication-specific chi-squared testing.
2026-09-08 11:48:54,024 - INFO - Analyte 3-(dimethylamino)-1-(2-pyridyl)prop-2-en-1-one_POS was not included in 5 gestational bin outlier analysis - excluded from complication-specific chi-squared testing.
2026-09-08 11:48:54,026 - INFO - Analyte Benzoylecgonine_POS was not included in 5 gestational bin outlier analysis - excluded from complication-specific chi-squared testing.
2026-09-08 11:48:54,036 - INFO - Analyte Suberic acid_POS was not included in 5 gestational bin outlier analysis - excluded from complication-specific chi-squared testing.
2026-09-08 11:48:54,040 - INFO - Analyte N,N'-Diphenylguanidine_POS was not included in 5 gestational bin outlier analysis - excluded from complication-specific chi-squared testing.
2026-09-08 11:48:54,050 - INFO - Analyte Leucylphenylalanine_POS was not included in 5 gestational bin outlier analysis - excluded from complication-specific chi-squared testing.
2026-09-08 11:48:54,055 - INFO - Analyte Atenolol acid_POS was not included in 5 gestational bin outlier analysis - excluded from complication-specific chi-squared testing.
2026-09-08 11:48:54,059 - INFO - Analyte Diisopropylphosphate_NEG was not included in 5 gestational bin outlier analysis - excluded from complication-specific chi-squared testing.
2026-09-08 11:48:54,069 - INFO - Analyte 4:2 fluorotelomer thia hydroxy propyl trimethyl ammonium;4:2 fluorotelomer thia hydroxy propyl trimethyl ammonium;fluorotelomer thiohydroxyl ammonium (Backe, D'Agostino, Meija-Avedano), X:2 fluorotelomer thioether 2-propanol trimethyl quaternary amine_POS was not included in 5 gestational bin outlier analysis - excluded from complication-specific chi-squared testing.
2026-09-08 11:48:54,074 - INFO - Analyte Caprolactam_POS was not included in 5 gestational bin outlier analysis - excluded from complication-specific chi-squared testing.
2026-09-08 11:48:54,083 - INFO - Analyte Bis(diaminomethylideneamino) butanedioate_POS was not included in 5 gestational bin outlier analysis - excluded from complication-specific chi-squared testing.
2026-09-08 11:48:54,088 - INFO - Analyte unk_p1141_POS_297.9856_RT8.76 was not included in 5 gestational bin outlier analysis - excluded from complication-specific chi-squared testing.
2026-09-08 11:48:54,097 - INFO - Analyte acutumidine_POS was not included in 5 gestational bin outlier analysis - excluded from complication-specific chi-squared testing.
2026-09-08 11:48:54,102 - INFO - Analyte unk_n189_NEG_228.9940_RT11.33 was not included in 5 gestational bin outlier analysis - excluded from complication-specific chi-squared testing.
2026-09-08 11:48:54,106 - INFO - Analyte 1-(Hydroxymethyl)-5,5-dimethyl-2,4-imidazolidinedione_POS was not included in 5 gestational bin outlier analysis - excluded from complication-specific chi-squared testing.
2026-09-08 11:48:54,111 - INFO - Analyte D-(-)-Ribose_NEG was not included in 5 gestational bin outlier analysis - excluded from complication-specific chi-squared testing.
2026-09-08 11:48:54,121 - INFO - Analyte Acetone hydrazone_POS was not included in 5 gestational bin outlier analysis - excluded from complication-specific chi-squared testing.
2026-09-08 11:48:54,131 - INFO - Analyte 1-[2-(2,5-Dimethyl-1H-pyrrol-1-yl)-4-nitrophenyl]-4-(methylsulfonyl)piperazine_POS was not included in 5 gestational bin outlier analysis - excluded from complication-specific chi-squared testing.
2026-09-08 11:48:54,141 - INFO - Analyte Soboliferamide_POS was not included in 5 gestational bin outlier analysis - excluded from complication-specific chi-squared testing.
2026-09-08 11:48:54,150 - INFO - Analyte 3-Hydroxysebacic acid_POS was not included in 5 gestational bin outlier analysis - excluded from complication-specific chi-squared testing.
2026-09-08 11:48:54,159 - INFO - Analyte D-Alanyl-D-alanine_POS was not included in 5 gestational bin outlier analysis - excluded from complication-specific chi-squared testing.
2026-09-08 11:48:54,169 - INFO - Analyte Medazepam_POS was not included in 5 gestational bin outlier analysis - excluded from complication-specific chi-squared testing.
2026-09-08 11:48:54,174 - INFO - Analyte Oxalic acid_NEG was not included in 5 gestational bin outlier analysis - excluded from complication-specific chi-squared testing.
2026-09-08 11:48:54,179 - INFO - Analyte 4-(3-Methyl-1-butenyl)-3,3',4',5-tetrahydroxystilbene_NEG was not included in 5 gestational bin outlier analysis - excluded from complication-specific chi-squared testing.
2026-09-08 11:48:54,188 - INFO - Analyte unk_n2029_NEG_102.9567_RT8.75 was not included in 5 gestational bin outlier analysis - excluded from complication-specific chi-squared testing.
2026-09-08 11:48:54,193 - INFO - Analyte [Similar to: Amphomycin; ΔMass: -1091.5889 Da]_POS was not included in 5 gestational bin outlier analysis - excluded from complication-specific chi-squared testing.
2026-09-08 11:48:54,202 - INFO - Analyte Glucosamine_POS was not included in 5 gestational bin outlier analysis - excluded from complication-specific chi-squared testing.
2026-09-08 11:48:54,204 - INFO - Analyte D-(-)-Lyxose_NEG was not included in 5 gestational bin outlier analysis - excluded from complication-specific chi-squared testing.
2026-09-08 11:48:54,209 - INFO - Analyte unk_p92_POS_90.5258_RT1.29 was not included in 5 gestational bin outlier analysis - excluded from complication-specific chi-squared testing.
2026-09-08 11:48:54,219 - INFO - Analyte 2-Hydroxyglutaric acid diethyl ester_POS was not included in 5 gestational bin outlier analysis - excluded from complication-specific chi-squared testing.
2026-09-08 11:48:54,228 - INFO - Analyte Tetraethylene glycol_POS was not included in 5 gestational bin outlier analysis - excluded from complication-specific chi-squared testing.
2026-09-08 11:48:54,237 - INFO - Analyte SK&F 91581_POS was not included in 5 gestational bin outlier analysis - excluded from complication-specific chi-squared testing.
2026-09-08 11:48:54,242 - INFO - Analyte unk_n158_NEG_215.8684_RT7.97 was not included in 5 gestational bin outlier analysis - excluded from complication-specific chi-squared testing.
2026-09-08 11:48:54,247 - INFO - Analyte Glutaminylglutamine_POS was not included in 5 gestational bin outlier analysis - excluded from complication-specific chi-squared testing.
2026-09-08 11:48:54,252 - INFO - Analyte unk_p2967_POS_272.1702_RT7.57 was not included in 5 gestational bin outlier analysis - excluded from complication-specific chi-squared testing.
2026-09-08 11:48:54,261 - INFO - Analyte 3-Hydroxyadipic acid 3,6-lactone_POS was not included in 5 gestational bin outlier analysis - excluded from complication-specific chi-squared testing.
2026-09-08 11:48:54,266 - INFO - Analyte dihomomethionine_POS was not included in 5 gestational bin outlier analysis - excluded from complication-specific chi-squared testing.
2026-09-08 11:48:54,275 - INFO - Analyte Pyruvic acid_NEG was not included in 5 gestational bin outlier analysis - excluded from complication-specific chi-squared testing.
2026-09-08 11:48:54,285 - INFO - Analyte unk_p800_POS_91.5045_RT9.41 was not included in 5 gestational bin outlier analysis - excluded from complication-specific chi-squared testing.
2026-09-08 11:48:54,290 - INFO - Analyte [Similar to: NP-004031; ΔMass: -416.3678 Da]_NEG was not included in 5 gestational bin outlier analysis - excluded from complication-specific chi-squared testing.
2026-09-08 11:48:54,301 - INFO - Analyte Norfentanyl_POS was not included in 5 gestational bin outlier analysis - excluded from complication-specific chi-squared testing.
2026-09-08 11:48:54,310 - INFO - Analyte 2-Methylbutyroylcarnitine_POS was not included in 5 gestational bin outlier analysis - excluded from complication-specific chi-squared testing.
2026-09-08 11:48:54,315 - INFO - Analyte 2-Hydroxy-3-methylpentanoic acid_POS was not included in 5 gestational bin outlier analysis - excluded from complication-specific chi-squared testing.
2026-09-08 11:48:54,320 - INFO - Analyte Glycyl-Glutamate_POS was not included in 5 gestational bin outlier analysis - excluded from complication-specific chi-squared testing.
2026-09-08 11:48:54,325 - INFO - Analyte 3-Deoxyglucosone_NEG was not included in 5 gestational bin outlier analysis - excluded from complication-specific chi-squared testing.
2026-09-08 11:48:54,385 - INFO - Analyte unk_p826_POS_235.9612_RT4.24 was not included in 5 gestational bin outlier analysis - excluded from complication-specific chi-squared testing.
2026-09-08 11:48:54,396 - INFO - Analyte unk_n2411_NEG_319.0083_RT2.93 was not included in 5 gestational bin outlier analysis - excluded from complication-specific chi-squared testing.
2026-09-08 11:48:54,406 - INFO - Analyte unk_n2019_NEG_382.1452_RT12.08 was not included in 5 gestational bin outlier analysis - excluded from complication-specific chi-squared testing.
2026-09-08 11:48:54,416 - INFO - Analyte 2-Amino-5-isopentyl-6-methylpyrimidin-4-ol_POS was not included in 5 gestational bin outlier analysis - excluded from complication-specific chi-squared testing.
2026-09-08 11:48:54,426 - INFO - Analyte Propyliodone_POS was not included in 5 gestational bin outlier analysis - excluded from complication-specific chi-squared testing.
2026-09-08 11:48:54,431 - INFO - Analyte 4-Azaspiro[bicyclo[2.2.2]octane-2,2'-[1,4]oxazolidine]-5'-one_POS was not included in 5 gestational bin outlier analysis - excluded from complication-specific chi-squared testing.
2026-09-08 11:48:54,442 - INFO - Analyte H2-D-erythro-Neopterin 2',3'-cyclic phosphate_POS was not included in 5 gestational bin outlier analysis - excluded from complication-specific chi-squared testing.
2026-09-08 11:48:54,452 - INFO - Analyte 2,2'-Anhydrocytidine_POS was not included in 5 gestational bin outlier analysis - excluded from complication-specific chi-squared testing.
2026-09-08 11:48:54,458 - INFO - Analyte (2S,8R)-2-Amino-8-hydroxydecanoic acid_POS was not included in 5 gestational bin outlier analysis - excluded from complication-specific chi-squared testing.
2026-09-08 11:48:54,464 - INFO - Analyte Trifluoroacetic acid_NEG was not included in 5 gestational bin outlier analysis - excluded from complication-specific chi-squared testing.
2026-09-08 11:48:54,469 - INFO - Analyte Repinotan_POS was not included in 5 gestational bin outlier analysis - excluded from complication-specific chi-squared testing.
2026-09-08 11:48:54,479 - INFO - Analyte unk_p4131_POS_564.2862_RT10.69 was not included in 5 gestational bin outlier analysis - excluded from complication-specific chi-squared testing.
2026-09-08 11:48:54,488 - INFO - Analyte Indoline_POS was not included in 5 gestational bin outlier analysis - excluded from complication-specific chi-squared testing.
2026-09-08 11:48:54,493 - INFO - Analyte 2-Isopropyl-3,5-dimethoxy-6-methylpyrazine_POS was not included in 5 gestational bin outlier analysis - excluded from complication-specific chi-squared testing.
2026-09-08 11:48:54,498 - INFO - Analyte 1-Phenyl-1H-pyrazole_POS was not included in 5 gestational bin outlier analysis - excluded from complication-specific chi-squared testing.
2026-09-08 11:48:54,503 - INFO - Analyte 4-Aminobenzoic acid_POS was not included in 5 gestational bin outlier analysis - excluded from complication-specific chi-squared testing.
2026-09-08 11:48:54,515 - INFO - Analyte 3-phospho-hydroxypyruvate_POS was not included in 5 gestational bin outlier analysis - excluded from complication-specific chi-squared testing.
2026-09-08 11:48:54,525 - INFO - Analyte unk_p4197_POS_287.9412_RT3.28 was not included in 5 gestational bin outlier analysis - excluded from complication-specific chi-squared testing.
2026-09-08 11:48:54,536 - INFO - Analyte D-(-)-Mannitol_NEG was not included in 5 gestational bin outlier analysis - excluded from complication-specific chi-squared testing.
2026-09-08 11:48:54,548 - INFO - Analyte L-Aspartate-semialdehyde_POS was not included in 5 gestational bin outlier analysis - excluded from complication-specific chi-squared testing.
2026-09-08 11:48:54,554 - INFO - Analyte 3-(propan-2-yl)-octahydropyrrolo[1,2-a]pyrazine-1,4-dione_POS was not included in 5 gestational bin outlier analysis - excluded from complication-specific chi-squared testing.
2026-09-08 11:48:54,566 - INFO - Analyte 2-Hydroxyquinoline_POS was not included in 5 gestational bin outlier analysis - excluded from complication-specific chi-squared testing.
2026-09-08 11:48:54,577 - INFO - Analyte unk_p3625_POS_427.0946_RT7.01 was not included in 5 gestational bin outlier analysis - excluded from complication-specific chi-squared testing.
2026-09-08 11:48:54,587 - INFO - Analyte trans-3-Hydroxycotinine_POS was not included in 5 gestational bin outlier analysis - excluded from complication-specific chi-squared testing.
2026-09-08 11:48:54,593 - INFO - Analyte unk_n1134_NEG_102.9567_RT5.95 was not included in 5 gestational bin outlier analysis - excluded from complication-specific chi-squared testing.
2026-09-08 11:48:54,599 - INFO - Analyte 3-Hydroxypyridine_POS was not included in 5 gestational bin outlier analysis - excluded from complication-specific chi-squared testing.
2026-09-08 11:48:54,611 - INFO - Analyte [Similar to: N1-(4,5-dihydro-1,3-thiazol-2-yl)-2-(2,4-dichlorophenoxy)propanamide; ΔMass: -136.0195 Da]_NEG was not included in 5 gestational bin outlier analysis - excluded from complication-specific chi-squared testing.
2026-09-08 11:48:54,618 - INFO - Analyte Lenticin_POS was not included in 5 gestational bin outlier analysis - excluded from complication-specific chi-squared testing.
2026-09-08 11:48:54,628 - INFO - Analyte unk_n656_NEG_157.0117_RT1.78 was not included in 5 gestational bin outlier analysis - excluded from complication-specific chi-squared testing.
2026-09-08 11:48:54,634 - INFO - Analyte Butyric acid_POS was not included in 5 gestational bin outlier analysis - excluded from complication-specific chi-squared testing.
2026-09-08 11:48:54,637 - INFO - Analyte Chloromethyl chloroformate_POS was not included in 5 gestational bin outlier analysis - excluded from complication-specific chi-squared testing.
2026-09-08 11:48:54,647 - INFO - Analyte 1H,1H-Perfluorononylamine_POS was not included in 5 gestational bin outlier analysis - excluded from complication-specific chi-squared testing.
2026-09-08 11:48:54,649 - INFO - Analyte unk_n512_NEG_209.8338_RT5.73 was not included in 5 gestational bin outlier analysis - excluded from complication-specific chi-squared testing.
2026-09-08 11:48:54,659 - INFO - Analyte L-Phenylalanine_POS was not included in 5 gestational bin outlier analysis - excluded from complication-specific chi-squared testing.
2026-09-08 11:48:54,669 - INFO - Analyte methyl isoquinoline-3-carboxylate_POS was not included in 5 gestational bin outlier analysis - excluded from complication-specific chi-squared testing.
2026-09-08 11:48:54,673 - INFO - Analyte Lappaol B_NEG was not included in 5 gestational bin outlier analysis - excluded from complication-specific chi-squared testing.
2026-09-08 11:48:54,678 - INFO - Analyte unk_p75_POS_199.0686_RT8.77 was not included in 5 gestational bin outlier analysis - excluded from complication-specific chi-squared testing.
2026-09-08 11:48:54,688 - INFO - Analyte 8-Cyano-fluoroquinolone_POS was not included in 5 gestational bin outlier analysis - excluded from complication-specific chi-squared testing.
2026-09-08 11:48:54,697 - INFO - Analyte NP-008998_POS was not included in 5 gestational bin outlier analysis - excluded from complication-specific chi-squared testing.
2026-09-08 11:48:54,700 - INFO - Analyte unk_p236_POS_90.5258_RT1.84 was not included in 5 gestational bin outlier analysis - excluded from complication-specific chi-squared testing.
2026-09-08 11:48:54,709 - INFO - Analyte unk_n85_NEG_248.9605_RT0.66 was not included in 5 gestational bin outlier analysis - excluded from complication-specific chi-squared testing.
2026-09-08 11:48:54,718 - INFO - Analyte Miglitol_NEG was not included in 5 gestational bin outlier analysis - excluded from complication-specific chi-squared testing.
2026-09-08 11:48:54,723 - INFO - Analyte Ametryn_POS was not included in 5 gestational bin outlier analysis - excluded from complication-specific chi-squared testing.
2026-09-08 11:48:54,733 - INFO - Analyte 2-Octenoylcarnitine_POS was not included in 5 gestational bin outlier analysis - excluded from complication-specific chi-squared testing.
2026-09-08 11:48:54,742 - INFO - Analyte Anordrin_POS was not included in 5 gestational bin outlier analysis - excluded from complication-specific chi-squared testing.
2026-09-08 11:48:54,751 - INFO - Analyte 5-(methoxymethyl)-2-(2-thienyl)-4,7-dihydropyrazolo[1,5-a]pyrimidin-7-one_NEG was not included in 5 gestational bin outlier analysis - excluded from complication-specific chi-squared testing.
2026-09-08 11:48:54,756 - INFO - Analyte D3-Lactate_NEG was not included in 5 gestational bin outlier analysis - excluded from complication-specific chi-squared testing.
2026-09-08 11:48:54,766 - INFO - Analyte unk_p3180_POS_497.9975_RT1.04 was not included in 5 gestational bin outlier analysis - excluded from complication-specific chi-squared testing.
2026-09-08 11:48:54,771 - INFO - Analyte unk_n223_NEG_225.8972_RT8.96 was not included in 5 gestational bin outlier analysis - excluded from complication-specific chi-squared testing.
2026-09-08 11:48:54,780 - INFO - Analyte Zonisamide_POS was not included in 5 gestational bin outlier analysis - excluded from complication-specific chi-squared testing.
2026-09-08 11:48:54,785 - INFO - Analyte unk_p2618_POS_146.0633_RT5.78 was not included in 5 gestational bin outlier analysis - excluded from complication-specific chi-squared testing.
2026-09-08 11:48:54,795 - INFO - Analyte Castanospermine_POS was not included in 5 gestational bin outlier analysis - excluded from complication-specific chi-squared testing.
2026-09-08 11:48:54,806 - INFO - Analyte Indene_POS was not included in 5 gestational bin outlier analysis - excluded from complication-specific chi-squared testing.
2026-09-08 11:48:54,812 - INFO - Analyte 2-(Dimethylamino)acetonitrile_POS was not included in 5 gestational bin outlier analysis - excluded from complication-specific chi-squared testing.
2026-09-08 11:48:54,817 - INFO - Analyte 2-Octenoic acid_POS was not included in 5 gestational bin outlier analysis - excluded from complication-specific chi-squared testing.
2026-09-08 11:48:54,823 - INFO - Analyte DL-Stachydrine_POS was not included in 5 gestational bin outlier analysis - excluded from complication-specific chi-squared testing.
2026-09-08 11:48:54,833 - INFO - Analyte Nicotinuric acid_POS was not included in 5 gestational bin outlier analysis - excluded from complication-specific chi-squared testing.
2026-09-08 11:48:54,844 - INFO - Analyte Garcinia acid_NEG was not included in 5 gestational bin outlier analysis - excluded from complication-specific chi-squared testing.
2026-09-08 11:48:54,855 - INFO - Analyte L-Cysteine-S-sulfate_POS was not included in 5 gestational bin outlier analysis - excluded from complication-specific chi-squared testing.
2026-09-08 11:48:54,860 - INFO - Analyte D-(+)-Maltose_POS was not included in 5 gestational bin outlier analysis - excluded from complication-specific chi-squared testing.
2026-09-08 11:48:54,870 - INFO - Analyte 3,4-Dihydroxybenzylamine_POS was not included in 5 gestational bin outlier analysis - excluded from complication-specific chi-squared testing.
2026-09-08 11:48:54,879 - INFO - Analyte N1-(alpha-D-ribosyl)-5,6-dimethyl-benzimidazole_POS was not included in 5 gestational bin outlier analysis - excluded from complication-specific chi-squared testing.
2026-09-08 11:48:54,888 - INFO - Analyte Armillariol B_POS was not included in 5 gestational bin outlier analysis - excluded from complication-specific chi-squared testing.
2026-09-08 11:48:54,893 - INFO - Analyte Triethylene Glycol Monomethyl Ether_POS was not included in 5 gestational bin outlier analysis - excluded from complication-specific chi-squared testing.
2026-09-08 11:48:54,898 - INFO - Analyte Kifunensine_NEG was not included in 5 gestational bin outlier analysis - excluded from complication-specific chi-squared testing.
2026-09-08 11:48:54,907 - INFO - Analyte D-(+)-Galactose_NEG was not included in 5 gestational bin outlier analysis - excluded from complication-specific chi-squared testing.
2026-09-08 11:48:54,917 - INFO - Analyte N-Phenylacetylglutamine_POS was not included in 5 gestational bin outlier analysis - excluded from complication-specific chi-squared testing.
2026-09-08 11:48:54,926 - INFO - Analyte 2-Heptanethiol_POS was not included in 5 gestational bin outlier analysis - excluded from complication-specific chi-squared testing.
2026-09-08 11:48:54,931 - INFO - Analyte 3-Hydroxybutyric acid_NEG was not included in 5 gestational bin outlier analysis - excluded from complication-specific chi-squared testing.
2026-09-08 11:48:54,940 - INFO - Analyte [Similar to: Creatine; ΔMass: 67.9874 Da]_NEG was not included in 5 gestational bin outlier analysis - excluded from complication-specific chi-squared testing.
2026-09-08 11:48:54,945 - INFO - Analyte Asparagine_POS was not included in 5 gestational bin outlier analysis - excluded from complication-specific chi-squared testing.
2026-09-08 11:48:54,947 - INFO - Analyte Quinolonic acid_POS was not included in 5 gestational bin outlier analysis - excluded from complication-specific chi-squared testing.
2026-09-08 11:48:54,952 - INFO - Analyte 2-({2-[(1,3-Dimethyl-1H-pyrazol-5-yl)amino]-2-oxoethyl}sulfanyl)acetic acid_POS was not included in 5 gestational bin outlier analysis - excluded from complication-specific chi-squared testing.
2026-09-08 11:48:54,957 - INFO - Analyte d-Glycero-d-galacto-heptose_NEG was not included in 5 gestational bin outlier analysis - excluded from complication-specific chi-squared testing.
2026-09-08 11:48:54,966 - INFO - Analyte unk_n177_NEG_207.8368_RT4.27 was not included in 5 gestational bin outlier analysis - excluded from complication-specific chi-squared testing.
2026-09-08 11:48:54,971 - INFO - Analyte 2-Amino-3-methyl-1-butanol_POS was not included in 5 gestational bin outlier analysis - excluded from complication-specific chi-squared testing.
2026-09-08 11:48:54,975 - INFO - Analyte L-Glutamine_POS was not included in 5 gestational bin outlier analysis - excluded from complication-specific chi-squared testing.
2026-09-08 11:48:54,985 - INFO - Analyte Geranylpyrrol A_POS was not included in 5 gestational bin outlier analysis - excluded from complication-specific chi-squared testing.
2026-09-08 11:48:54,994 - INFO - Analyte 2,4-diaziran-1-yl-6-(1-phenyl-1H-pyrrol-2-yl)-1,3,5-triazine_POS was not included in 5 gestational bin outlier analysis - excluded from complication-specific chi-squared testing.
2026-09-08 11:48:54,997 - INFO - Analyte unk_p488_POS_242.9822_RT7.04 was not included in 5 gestational bin outlier analysis - excluded from complication-specific chi-squared testing.
2026-09-08 11:48:55,006 - INFO - Analyte [6,7-dimethoxy-1-methyl-3,4-dihydro-2(1H)-isoquinolinyl](5-methyl-3-isoxazolyl)methanone_POS was not included in 5 gestational bin outlier analysis - excluded from complication-specific chi-squared testing.
2026-09-08 11:48:55,015 - INFO - Analyte 1,2,3-Trihydroxybenzene_NEG was not included in 5 gestational bin outlier analysis - excluded from complication-specific chi-squared testing.
2026-09-08 11:48:55,020 - INFO - Analyte unk_p4443_POS_437.9724_RT7.01 was not included in 5 gestational bin outlier analysis - excluded from complication-specific chi-squared testing.
2026-09-08 11:48:55,022 - INFO - Analyte (S)-3-[(Cyanophenylmethyl)amino]-3-oxopropanoic acid_POS was not included in 5 gestational bin outlier analysis - excluded from complication-specific chi-squared testing.
2026-09-08 11:48:55,027 - INFO - Analyte unk_p729_POS_504.9952_RT10.63 was not included in 5 gestational bin outlier analysis - excluded from complication-specific chi-squared testing.
2026-09-08 11:48:55,036 - INFO - Analyte N-(4-Aminobutyl)-2-Naphthalenesulfonamide_POS was not included in 5 gestational bin outlier analysis - excluded from complication-specific chi-squared testing.
2026-09-08 11:48:55,041 - INFO - Analyte 5-Hydroxytryptophol_POS was not included in 5 gestational bin outlier analysis - excluded from complication-specific chi-squared testing.
2026-09-08 11:48:55,050 - INFO - Analyte unk_p2622_POS_287.5918_RT1.01 was not included in 5 gestational bin outlier analysis - excluded from complication-specific chi-squared testing.
2026-09-08 11:48:55,055 - INFO - Analyte unk_p1942_POS_233.8754_RT2.91 was not included in 5 gestational bin outlier analysis - excluded from complication-specific chi-squared testing.
2026-09-08 11:48:55,059 - INFO - Analyte Acetyl-β-methylcholine_POS was not included in 5 gestational bin outlier analysis - excluded from complication-specific chi-squared testing.
2026-09-08 11:48:55,064 - INFO - Analyte Polypropylene glycol (m w 1,200-3,000)_POS was not included in 5 gestational bin outlier analysis - excluded from complication-specific chi-squared testing.
2026-09-08 11:48:55,074 - INFO - Analyte [Similar to: (4-benzoylpiperidino)[4-(tert-butyl)phenyl]methanone; ΔMass: 38.0426 Da]_POS was not included in 5 gestational bin outlier analysis - excluded from complication-specific chi-squared testing.
2026-09-08 11:48:55,084 - INFO - Analyte Terezine M_POS was not included in 5 gestational bin outlier analysis - excluded from complication-specific chi-squared testing.
2026-09-08 11:48:55,089 - INFO - Analyte N-(3-acetamidopropyl)pyrrolidin-2-one_POS was not included in 5 gestational bin outlier analysis - excluded from complication-specific chi-squared testing.
2026-09-08 11:48:55,100 - INFO - Analyte unk_p4365_POS_208.0392_RT2.59 was not included in 5 gestational bin outlier analysis - excluded from complication-specific chi-squared testing.
2026-09-08 11:48:55,111 - INFO - Analyte unk_p1267_POS_284.2065_RT8.69 was not included in 5 gestational bin outlier analysis - excluded from complication-specific chi-squared testing.
2026-09-08 11:48:55,122 - INFO - Analyte unk_p4505_POS_491.9183_RT1.35 was not included in 5 gestational bin outlier analysis - excluded from complication-specific chi-squared testing.
2026-09-08 11:48:55,124 - INFO - Analyte unk_p2005_POS_92.5221_RT1.52 was not included in 5 gestational bin outlier analysis - excluded from complication-specific chi-squared testing.
2026-09-08 11:48:55,135 - INFO - Analyte Glycerol 3-hydroxybutyrate_POS was not included in 5 gestational bin outlier analysis - excluded from complication-specific chi-squared testing.
2026-09-08 11:48:55,148 - INFO - Analyte 2-Amino-4-[(4-aminobutyl)amino]butanoic acid_POS was not included in 5 gestational bin outlier analysis - excluded from complication-specific chi-squared testing.
2026-09-08 11:48:55,151 - INFO - Analyte NP-020240_POS was not included in 5 gestational bin outlier analysis - excluded from complication-specific chi-squared testing.
2026-09-08 11:48:55,162 - INFO - Analyte ( Z)-6-benzylidene-3-hydroxymethyl-1,4-dimethyl-3-methylsulfanylpiperazine-2,5-dione_POS was not included in 5 gestational bin outlier analysis - excluded from complication-specific chi-squared testing.
2026-09-08 11:48:55,172 - INFO - Analyte 1,7-Diphenyl-4-hepten-3-one_POS was not included in 5 gestational bin outlier analysis - excluded from complication-specific chi-squared testing.
2026-09-08 11:48:55,183 - INFO - Analyte unk_n2397_NEG_699.3672_RT0.63 was not included in 5 gestational bin outlier analysis - excluded from complication-specific chi-squared testing.
2026-09-08 11:48:55,186 - INFO - Analyte Hydroxy bupropion_POS was not included in 5 gestational bin outlier analysis - excluded from complication-specific chi-squared testing.
2026-09-08 11:48:55,244 - INFO - Analyte [Similar to: Ethyl 3-hydroxy-5-methyl-6-oxo-1-phenyl-1,6-dihydropyrano[2,3-c]pyrazole-4-carboxylate; ΔMass: -46.0678 Da]_POS was not included in 5 gestational bin outlier analysis - excluded from complication-specific chi-squared testing.
2026-09-08 11:48:55,253 - INFO - Analyte Leukoaminochrome_POS was not included in 5 gestational bin outlier analysis - excluded from complication-specific chi-squared testing.
2026-09-08 11:48:55,263 - INFO - Analyte Acrylic acid_NEG was not included in 5 gestational bin outlier analysis - excluded from complication-specific chi-squared testing.
2026-09-08 11:48:55,268 - INFO - Analyte 1-Phenyl-1H-pyrazolo[3,4-d]pyrimidin-4-amine_POS was not included in 5 gestational bin outlier analysis - excluded from complication-specific chi-squared testing.
2026-09-08 11:48:55,273 - INFO - Analyte Bisoprolol_POS was not included in 5 gestational bin outlier analysis - excluded from complication-specific chi-squared testing.
2026-09-08 11:48:55,277 - INFO - Analyte N-methyl-4-nitrotryptophan_POS was not included in 5 gestational bin outlier analysis - excluded from complication-specific chi-squared testing.
2026-09-08 11:48:55,288 - INFO - Analyte Hydantoin-5-propionic acid_POS was not included in 5 gestational bin outlier analysis - excluded from complication-specific chi-squared testing.
2026-09-08 11:48:55,298 - INFO - Analyte Phosphate_POS was not included in 5 gestational bin outlier analysis - excluded from complication-specific chi-squared testing.
2026-09-08 11:48:55,303 - INFO - Analyte unk_n101_NEG_80.9748_RT3.00 was not included in 5 gestational bin outlier analysis - excluded from complication-specific chi-squared testing.
2026-09-08 11:48:55,308 - INFO - Analyte N-Desmethyltramadol_POS was not included in 5 gestational bin outlier analysis - excluded from complication-specific chi-squared testing.
2026-09-08 11:48:55,312 - INFO - Analyte (S)-3-[(Cyanophenylmethyl)amino]-3-oxopropanoic acid_NEG was not included in 5 gestational bin outlier analysis - excluded from complication-specific chi-squared testing.
2026-09-08 11:48:55,317 - INFO - Analyte alpha-Ketoisovaleric acid_NEG was not included in 5 gestational bin outlier analysis - excluded from complication-specific chi-squared testing.
2026-09-08 11:48:55,327 - INFO - Analyte D-Serine_POS was not included in 5 gestational bin outlier analysis - excluded from complication-specific chi-squared testing.
2026-09-08 11:48:55,668 - INFO - 18 super candidate metabolites (in >=3 lists) identified.
