{
  "tissue": "plasma",
  "timepoint": "B",
  "data_path": "/Users/kaysonyao/miniconda3/envs/PiekosLab/kaysonyao/data/cleaned/proteomics/normalized_sliced_by_suffix/proteomics_plasma_formatted_suffix_B.csv",
  "outcome": "Complication",
  "complications_pooled": [
    "HDP",
    "FGR",
    "sPTB"
  ],
  "n_train": 93,
  "n_val": 20,
  "n_test": 20,
  "class_dist_train": {
    "control": 39,
    "complication": 54
  },
  "class_dist_val": {
    "control": 8,
    "complication": 12
  },
  "class_dist_test": {
    "control": 9,
    "complication": 11
  },
  "n_features_pretlasso": 3,
  "n_features_postlasso": 3,
  "best_model_val": "SVM",
  "best_val_pr_auc": 0.9414724164724165,
  "test_metrics": {
    "LogisticRegression": {
      "pr_auc": 0.8906385281385283,
      "roc_auc": 0.8282828282828283,
      "accuracy": 0.75,
      "precision": 0.875,
      "recall": 0.6363636363636364,
      "f1": 0.7368421052631579
    },
    "RandomForest": {
      "pr_auc": 0.8082374696011061,
      "roc_auc": 0.7171717171717171,
      "accuracy": 0.65,
      "precision": 0.7,
      "recall": 0.6363636363636364,
      "f1": 0.6666666666666666
    },
    "XGBoost": {
      "pr_auc": 0.8178199251728664,
      "roc_auc": 0.7373737373737373,
      "accuracy": 0.75,
      "precision": 0.8,
      "recall": 0.7272727272727273,
      "f1": 0.7619047619047619
    },
    "SVM": {
      "pr_auc": 0.8229921593557958,
      "roc_auc": 0.7171717171717171,
      "accuracy": 0.6,
      "precision": 0.7142857142857143,
      "recall": 0.45454545454545453,
      "f1": 0.5555555555555556
    }
  }
}