{
  "tissue": "puqe24",
  "timepoint": "C",
  "outcomes": [
    "HDP",
    "FGR",
    "sPTB"
  ],
  "n_train": 220,
  "n_val": 47,
  "n_test": 48,
  "n_features_pretlasso": 4,
  "n_features_postlasso": 4,
  "best_model_val": "SVM",
  "best_val_macro_pr_auc": 0.08373363721365124,
  "test_metrics": {
    "LogisticRegression": {
      "HDP": {
        "pr_auc": 0.1648580936756971,
        "roc_auc": 0.4045584045584045,
        "accuracy": 0.4166666666666667,
        "precision": 0.12,
        "recall": 0.3333333333333333,
        "f1": 0.17647058823529413
      },
      "FGR": {
        "pr_auc": 0.09743788819875776,
        "roc_auc": 0.5999999999999999,
        "accuracy": 0.7916666666666666,
        "precision": 0.1111111111111111,
        "recall": 0.3333333333333333,
        "f1": 0.16666666666666666
      },
      "sPTB": {
        "pr_auc": 0.15715579710144928,
        "roc_auc": 0.6022727272727273,
        "accuracy": 0.7708333333333334,
        "precision": 0.1111111111111111,
        "recall": 0.25,
        "f1": 0.15384615384615385
      }
    },
    "RandomForest": {
      "HDP": {
        "pr_auc": 0.17171990555110042,
        "roc_auc": 0.41310541310541304,
        "accuracy": 0.375,
        "precision": 0.13793103448275862,
        "recall": 0.4444444444444444,
        "f1": 0.21052631578947367
      },
      "FGR": {
        "pr_auc": 0.21238244514106583,
        "roc_auc": 0.6222222222222222,
        "accuracy": 0.8958333333333334,
        "precision": 0.25,
        "recall": 0.3333333333333333,
        "f1": 0.2857142857142857
      },
      "sPTB": {
        "pr_auc": 0.07014105385414757,
        "roc_auc": 0.36647727272727265,
        "accuracy": 0.6666666666666666,
        "precision": 0.07142857142857142,
        "recall": 0.25,
        "f1": 0.1111111111111111
      }
    },
    "XGBoost": {
      "HDP": {
        "pr_auc": 0.17500000000000002,
        "roc_auc": 0.4145299145299145,
        "accuracy": 0.8125,
        "precision": 0.0,
        "recall": 0.0,
        "f1": 0.0
      },
      "FGR": {
        "pr_auc": 0.08928571428571429,
        "roc_auc": 0.5555555555555556,
        "accuracy": 0.9375,
        "precision": 0.0,
        "recall": 0.0,
        "f1": 0.0
      },
      "sPTB": {
        "pr_auc": 0.08514492753623187,
        "roc_auc": 0.5113636363636364,
        "accuracy": 0.9166666666666666,
        "precision": 0.0,
        "recall": 0.0,
        "f1": 0.0
      }
    },
    "SVM": {
      "HDP": {
        "pr_auc": 0.23618421052631577,
        "roc_auc": 0.5982905982905983,
        "accuracy": 0.1875,
        "precision": 0.1875,
        "recall": 1.0,
        "f1": 0.3157894736842105
      },
      "FGR": {
        "pr_auc": 0.0552422723475355,
        "roc_auc": 0.4074074074074074,
        "accuracy": 0.9375,
        "precision": 0.0,
        "recall": 0.0,
        "f1": 0.0
      },
      "sPTB": {
        "pr_auc": 0.07138656633221852,
        "roc_auc": 0.3977272727272727,
        "accuracy": 0.08333333333333333,
        "precision": 0.08333333333333333,
        "recall": 1.0,
        "f1": 0.15384615384615385
      }
    }
  }
}