{
  "tissue": "plasma",
  "timepoint": "A",
  "data_path": "/Users/kaysonyao/miniconda3/envs/PiekosLab/kaysonyao/data/cleaned/metabolomics_combat/normalized_sliced_by_suffix/metabolomics_plasma_formatted_suffix_A.csv",
  "outcome": "Complication",
  "complications_pooled": [
    "HDP",
    "FGR",
    "sPTB"
  ],
  "n_train": 75,
  "n_val": 16,
  "n_test": 17,
  "class_dist_train": {
    "control": 37,
    "complication": 38
  },
  "class_dist_val": {
    "control": 8,
    "complication": 8
  },
  "class_dist_test": {
    "control": 9,
    "complication": 8
  },
  "n_features_pretlasso": 2105,
  "n_features_postlasso": 1049,
  "best_model_val": "XGBoost",
  "best_val_pr_auc": 0.8895833333333334,
  "test_metrics": {
    "LogisticRegression": {
      "pr_auc": 0.5776479341736694,
      "roc_auc": 0.5694444444444445,
      "accuracy": 0.5882352941176471,
      "precision": 0.6,
      "recall": 0.375,
      "f1": 0.46153846153846156
    },
    "RandomForest": {
      "pr_auc": 0.5049145299145299,
      "roc_auc": 0.4722222222222222,
      "accuracy": 0.47058823529411764,
      "precision": 0.45454545454545453,
      "recall": 0.625,
      "f1": 0.5263157894736842
    },
    "XGBoost": {
      "pr_auc": 0.5468968531468532,
      "roc_auc": 0.4305555555555556,
      "accuracy": 0.35294117647058826,
      "precision": 0.3333333333333333,
      "recall": 0.375,
      "f1": 0.35294117647058826
    },
    "SVM": {
      "pr_auc": 0.38081501831501835,
      "roc_auc": 0.29166666666666674,
      "accuracy": 0.6470588235294118,
      "precision": 0.625,
      "recall": 0.625,
      "f1": 0.625
    }
  }
}