{
  "tissue": "pss",
  "timepoint": "C",
  "data_path": "/Users/kaysonyao/miniconda3/envs/PiekosLab/kaysonyao/data/cleaned/survey/model_ready/pss/normalized_sliced_by_suffix/pss_plasma_formatted_suffix_C.csv",
  "outcome": "Complication",
  "complications_pooled": [
    "HDP",
    "FGR",
    "sPTB"
  ],
  "n_train": 221,
  "n_val": 47,
  "n_test": 48,
  "class_dist_train": {
    "control": 159,
    "complication": 62
  },
  "class_dist_val": {
    "control": 34,
    "complication": 13
  },
  "class_dist_test": {
    "control": 35,
    "complication": 13
  },
  "n_features_pretlasso": 11,
  "n_features_postlasso": 11,
  "best_model_val": "SVM",
  "best_val_pr_auc": 0.4360169439934719,
  "test_metrics": {
    "LogisticRegression": {
      "pr_auc": 0.3819552745218945,
      "roc_auc": 0.543956043956044,
      "accuracy": 0.5,
      "precision": 0.2608695652173913,
      "recall": 0.46153846153846156,
      "f1": 0.3333333333333333
    },
    "RandomForest": {
      "pr_auc": 0.3747886795493065,
      "roc_auc": 0.5725274725274725,
      "accuracy": 0.7083333333333334,
      "precision": 0.4444444444444444,
      "recall": 0.3076923076923077,
      "f1": 0.36363636363636365
    },
    "XGBoost": {
      "pr_auc": 0.4604544968779551,
      "roc_auc": 0.6098901098901098,
      "accuracy": 0.5416666666666666,
      "precision": 0.32,
      "recall": 0.6153846153846154,
      "f1": 0.42105263157894735
    },
    "SVM": {
      "pr_auc": 0.4680811712094578,
      "roc_auc": 0.6076923076923078,
      "accuracy": 0.6041666666666666,
      "precision": 0.3333333333333333,
      "recall": 0.46153846153846156,
      "f1": 0.3870967741935484
    }
  }
}