{
  "model_params": {
    "LogisticRegression": {
      "C": 0.07459343285726547
    },
    "RandomForest": {
      "n_estimators": 388,
      "max_depth": 30,
      "min_samples_split": 17,
      "min_samples_leaf": 4,
      "max_features": "sqrt"
    },
    "XGBoost": {
      "n_estimators": 52,
      "max_depth": 7,
      "learning_rate": 0.0808698743602125,
      "subsample": 0.8645035840204937,
      "colsample_bytree": 0.8856351733429728,
      "min_child_weight": 1,
      "gamma": 1.7923286427213632,
      "reg_alpha": 3.79616689580081e-05,
      "reg_lambda": 0.20678409397839484
    },
    "SVM": {
      "C": 4.575630514302168,
      "gamma": "auto"
    }
  },
  "val_macro_pr_auc": {
    "LogisticRegression": 0.3415598290598291,
    "RandomForest": 0.5913156288156288,
    "XGBoost": 0.5180555555555555,
    "SVM": 0.4396825396825397
  }
}