{
  "model_params": {
    "LogisticRegression": {
      "C": 0.0015256336770761937
    },
    "RandomForest": {
      "n_estimators": 128,
      "max_depth": 30,
      "min_samples_split": 13,
      "min_samples_leaf": 5,
      "max_features": "log2"
    },
    "XGBoost": {
      "n_estimators": 369,
      "max_depth": 6,
      "learning_rate": 0.25564340236603567,
      "subsample": 0.7469532781468013,
      "colsample_bytree": 0.6843552120740708,
      "min_child_weight": 2,
      "gamma": 2.2762882014390113,
      "reg_alpha": 0.0004135905831420282,
      "reg_lambda": 0.0017140744847535313
    },
    "SVM": {
      "C": 0.5342937261279777,
      "gamma": "auto"
    }
  },
  "val_pr_auc": {
    "LogisticRegression": 0.9104552013642924,
    "RandomForest": 0.9111026533275337,
    "XGBoost": 0.8766233766233766,
    "SVM": 0.9172946037919301
  }
}