{
  "tissue": "plasma",
  "timepoint": "C",
  "data_path": "/Users/kaysonyao/miniconda3/envs/PiekosLab/kaysonyao/data/cleaned/sop_omics_pipeline_v2/MTBL_plasma/MTBL_plasma_suffix_C.csv",
  "outcome": "Complication",
  "complications_pooled": [
    "HDP",
    "FGR",
    "sPTB"
  ],
  "n_train": 89,
  "n_val": 19,
  "n_test": 20,
  "class_dist_train": {
    "control": 39,
    "complication": 50
  },
  "class_dist_val": {
    "control": 8,
    "complication": 11
  },
  "class_dist_test": {
    "control": 9,
    "complication": 11
  },
  "n_features_pretlasso": 68,
  "n_features_postlasso": 68,
  "best_model_val": "LogisticRegression",
  "best_val_pr_auc": 0.9924242424242424,
  "test_metrics": {
    "LogisticRegression": {
      "pr_auc": 1.0,
      "pr_auc_ci_low": 0.9999999999999998,
      "pr_auc_ci_high": 1.0000000000000002,
      "roc_auc": 1.0,
      "roc_auc_ci_low": 1.0,
      "roc_auc_ci_high": 1.0,
      "accuracy": 0.95,
      "precision": 1.0,
      "recall": 0.9090909090909091,
      "f1": 0.9523809523809523,
      "n_test": 20
    },
    "RandomForest": {
      "pr_auc": 0.9365259740259742,
      "pr_auc_ci_low": 0.8,
      "pr_auc_ci_high": 1.0,
      "roc_auc": 0.898989898989899,
      "roc_auc_ci_low": 0.714136904761905,
      "roc_auc_ci_high": 1.0,
      "accuracy": 0.75,
      "precision": 0.75,
      "recall": 0.8181818181818182,
      "f1": 0.782608695652174,
      "n_test": 20
    },
    "XGBoost": {
      "pr_auc": 0.9340829624920535,
      "pr_auc_ci_low": 0.7988859372950283,
      "pr_auc_ci_high": 1.0,
      "roc_auc": 0.898989898989899,
      "roc_auc_ci_low": 0.7360863095238097,
      "roc_auc_ci_high": 1.0,
      "accuracy": 0.8,
      "precision": 0.8888888888888888,
      "recall": 0.7272727272727273,
      "f1": 0.8,
      "n_test": 20
    },
    "SVM": {
      "pr_auc": 0.9805194805194806,
      "pr_auc_ci_low": 0.9147727272727273,
      "pr_auc_ci_high": 1.0,
      "roc_auc": 0.9696969696969697,
      "roc_auc_ci_low": 0.875,
      "roc_auc_ci_high": 1.0,
      "accuracy": 0.8,
      "precision": 0.7692307692307693,
      "recall": 0.9090909090909091,
      "f1": 0.8333333333333334,
      "n_test": 20
    }
  }
}