{
  "tissue": "plasma",
  "timepoint": "C",
  "data_path": "/Users/kaysonyao/miniconda3/envs/PiekosLab/kaysonyao/data/cleaned/sop_omics_pipeline_v2/MTBL_plasma/MTBL_plasma_suffix_C.csv",
  "outcome": "Complication",
  "complications_pooled": [
    "HDP",
    "FGR",
    "sPTB"
  ],
  "n_train": 89,
  "n_val": 19,
  "n_test": 20,
  "class_dist_train": {
    "control": 39,
    "complication": 50
  },
  "class_dist_val": {
    "control": 8,
    "complication": 11
  },
  "class_dist_test": {
    "control": 9,
    "complication": 11
  },
  "n_features_pretlasso": 118,
  "n_features_postlasso": 118,
  "best_model_val": "SVM",
  "best_val_pr_auc": 1.0,
  "test_metrics": {
    "LogisticRegression": {
      "pr_auc": 0.9590909090909092,
      "pr_auc_ci_low": 0.8499999999999999,
      "pr_auc_ci_high": 1.0,
      "roc_auc": 0.9090909090909091,
      "roc_auc_ci_low": 0.7,
      "roc_auc_ci_high": 1.0,
      "accuracy": 0.95,
      "precision": 1.0,
      "recall": 0.9090909090909091,
      "f1": 0.9523809523809523,
      "n_test": 20
    },
    "RandomForest": {
      "pr_auc": 0.9456168831168832,
      "pr_auc_ci_low": 0.8248800505050505,
      "pr_auc_ci_high": 1.0,
      "roc_auc": 0.9090909090909092,
      "roc_auc_ci_low": 0.7395003434065934,
      "roc_auc_ci_high": 1.0,
      "accuracy": 0.75,
      "precision": 0.75,
      "recall": 0.8181818181818182,
      "f1": 0.782608695652174,
      "n_test": 20
    },
    "XGBoost": {
      "pr_auc": 0.92814861905771,
      "pr_auc_ci_low": 0.7908381477591039,
      "pr_auc_ci_high": 1.0,
      "roc_auc": 0.898989898989899,
      "roc_auc_ci_low": 0.7342447916666668,
      "roc_auc_ci_high": 1.0,
      "accuracy": 0.8,
      "precision": 0.8181818181818182,
      "recall": 0.8181818181818182,
      "f1": 0.8181818181818182,
      "n_test": 20
    },
    "SVM": {
      "pr_auc": 1.0,
      "pr_auc_ci_low": 0.9999999999999998,
      "pr_auc_ci_high": 1.0000000000000002,
      "roc_auc": 1.0,
      "roc_auc_ci_low": 0.9999999999999999,
      "roc_auc_ci_high": 1.0,
      "accuracy": 1.0,
      "precision": 1.0,
      "recall": 1.0,
      "f1": 1.0,
      "n_test": 20
    }
  }
}