{
  "model_params": {
    "LogisticRegression": {
      "C": 0.0745934328572655
    },
    "RandomForest": {
      "n_estimators": 250,
      "max_depth": 15,
      "min_samples_split": 15,
      "min_samples_leaf": 6,
      "max_features": "sqrt"
    },
    "XGBoost": {
      "n_estimators": 218,
      "max_depth": 8,
      "learning_rate": 0.09454306819536169,
      "subsample": 0.7993292420985183,
      "colsample_bytree": 0.5780093202212182,
      "min_child_weight": 2,
      "gamma": 0.2904180608409973,
      "reg_alpha": 0.21423021757741043,
      "reg_lambda": 0.010129197956845729
    },
    "SVM": {
      "C": 74.43070276210456,
      "gamma": "auto"
    }
  },
  "val_pr_auc": {
    "LogisticRegression": 0.9924242424242424,
    "RandomForest": 0.9708624708624709,
    "XGBoost": 0.9777495232040687,
    "SVM": 0.9777495232040687
  }
}