{
  "model_params": {
    "LogisticRegression": {
      "C": 0.07459343285726547
    },
    "RandomForest": {
      "n_estimators": 179,
      "max_depth": 8,
      "min_samples_split": 16,
      "min_samples_leaf": 4,
      "max_features": "log2"
    },
    "XGBoost": {
      "n_estimators": 369,
      "max_depth": 2,
      "learning_rate": 0.4147225000481636,
      "subsample": 0.9162213204002109,
      "colsample_bytree": 0.6061695553391381,
      "min_child_weight": 2,
      "gamma": 0.9170225492671691,
      "reg_alpha": 0.00033205591037519585,
      "reg_lambda": 0.00420515645091387
    },
    "SVM": {
      "C": 21.368329072358762,
      "gamma": "scale"
    }
  },
  "val_pr_auc": {
    "LogisticRegression": 0.9617224880382775,
    "RandomForest": 0.986013986013986,
    "XGBoost": 0.986013986013986,
    "SVM": 1.0
  }
}