{
  "tissue": "pss",
  "timepoint": "PP",
  "outcomes": [
    "HDP",
    "FGR",
    "sPTB"
  ],
  "n_train": 207,
  "n_val": 45,
  "n_test": 45,
  "n_features_pretlasso": 11,
  "n_features_postlasso": 1,
  "best_model_val": "SVM",
  "best_val_macro_pr_auc": 0.09621693121693121,
  "test_metrics": {
    "LogisticRegression": {
      "HDP": {
        "pr_auc": 0.17298850574712643,
        "roc_auc": 0.48479729729729726,
        "accuracy": 0.4,
        "precision": 0.1724137931034483,
        "recall": 0.625,
        "f1": 0.2702702702702703
      },
      "FGR": {
        "pr_auc": 0.08333333333333333,
        "roc_auc": 0.875,
        "accuracy": 0.37777777777777777,
        "precision": 0.034482758620689655,
        "recall": 1.0,
        "f1": 0.06666666666666667
      },
      "sPTB": {
        "pr_auc": 0.06325757575757575,
        "roc_auc": 0.4682539682539682,
        "accuracy": 0.6222222222222222,
        "precision": 0.0625,
        "recall": 0.3333333333333333,
        "f1": 0.10526315789473684
      }
    },
    "RandomForest": {
      "HDP": {
        "pr_auc": 0.17298850574712643,
        "roc_auc": 0.48479729729729726,
        "accuracy": 0.4,
        "precision": 0.1724137931034483,
        "recall": 0.625,
        "f1": 0.2702702702702703
      },
      "FGR": {
        "pr_auc": 0.022222222222222223,
        "roc_auc": 0.125,
        "accuracy": 0.9777777777777777,
        "precision": 0.0,
        "recall": 0.0,
        "f1": 0.0
      },
      "sPTB": {
        "pr_auc": 0.06325757575757575,
        "roc_auc": 0.4682539682539682,
        "accuracy": 0.9333333333333333,
        "precision": 0.0,
        "recall": 0.0,
        "f1": 0.0
      }
    },
    "XGBoost": {
      "HDP": {
        "pr_auc": 0.17442528735632185,
        "roc_auc": 0.48817567567567566,
        "accuracy": 0.8222222222222222,
        "precision": 0.0,
        "recall": 0.0,
        "f1": 0.0
      },
      "FGR": {
        "pr_auc": 0.022222222222222223,
        "roc_auc": 0.5,
        "accuracy": 0.9777777777777777,
        "precision": 0.0,
        "recall": 0.0,
        "f1": 0.0
      },
      "sPTB": {
        "pr_auc": 0.06666666666666667,
        "roc_auc": 0.5,
        "accuracy": 0.9333333333333333,
        "precision": 0.0,
        "recall": 0.0,
        "f1": 0.0
      }
    },
    "SVM": {
      "HDP": {
        "pr_auc": 0.17594658553076403,
        "roc_auc": 0.491554054054054,
        "accuracy": 0.4,
        "precision": 0.1724137931034483,
        "recall": 0.625,
        "f1": 0.2702702702702703
      },
      "FGR": {
        "pr_auc": 0.08333333333333333,
        "roc_auc": 0.875,
        "accuracy": 0.6222222222222222,
        "precision": 0.0,
        "recall": 0.0,
        "f1": 0.0
      },
      "sPTB": {
        "pr_auc": 0.07298850574712644,
        "roc_auc": 0.5317460317460316,
        "accuracy": 0.28888888888888886,
        "precision": 0.06060606060606061,
        "recall": 0.6666666666666666,
        "f1": 0.1111111111111111
      }
    }
  }
}