{
  "tissue": "plasma",
  "timepoint": "B",
  "data_path": "/sessions/zealous-sleepy-curie/mnt/kaysonyao/data/cleaned/sop_omics_pipeline/LIPD_plasma_model_input/LIPD_plasma_formatted_suffix_B.csv",
  "outcome": "Complication",
  "complications_pooled": [
    "HDP",
    "FGR",
    "sPTB"
  ],
  "n_train": 93,
  "n_val": 20,
  "n_test": 20,
  "class_dist_train": {
    "control": 39,
    "complication": 54
  },
  "class_dist_val": {
    "control": 8,
    "complication": 12
  },
  "class_dist_test": {
    "control": 9,
    "complication": 11
  },
  "n_features_pretlasso": 1005,
  "n_features_postlasso": 1005,
  "best_model_val": "XGBoost",
  "best_val_pr_auc": 0.9676989676989676,
  "test_metrics": {
    "LogisticRegression": {
      "pr_auc": 0.6784372193463102,
      "roc_auc": 0.7474747474747475,
      "accuracy": 0.75,
      "precision": 0.8,
      "recall": 0.7272727272727273,
      "f1": 0.7619047619047619
    },
    "RandomForest": {
      "pr_auc": 0.9653679653679654,
      "roc_auc": 0.9494949494949496,
      "accuracy": 0.8,
      "precision": 0.8181818181818182,
      "recall": 0.8181818181818182,
      "f1": 0.8181818181818182
    },
    "XGBoost": {
      "pr_auc": 0.9383116883116883,
      "roc_auc": 0.9090909090909091,
      "accuracy": 0.85,
      "precision": 1.0,
      "recall": 0.7272727272727273,
      "f1": 0.8421052631578947
    },
    "SVM": {
      "pr_auc": 0.7802931916568281,
      "roc_auc": 0.7474747474747475,
      "accuracy": 0.7,
      "precision": 0.7272727272727273,
      "recall": 0.7272727272727273,
      "f1": 0.7272727272727273
    }
  }
}