{
  "model_params": {
    "LogisticRegression": {
      "C": 0.0019517224641449498
    },
    "RandomForest": {
      "n_estimators": 250,
      "max_depth": 15,
      "min_samples_split": 15,
      "min_samples_leaf": 6,
      "max_features": "sqrt"
    },
    "XGBoost": {
      "n_estimators": 218,
      "max_depth": 8,
      "learning_rate": 0.09454306819536165,
      "subsample": 0.7993292420985183,
      "colsample_bytree": 0.5780093202212182,
      "min_child_weight": 2,
      "gamma": 0.2904180608409973,
      "reg_alpha": 0.21423021757741062,
      "reg_lambda": 0.010129197956845729
    },
    "SVM": {
      "C": 1.1400863701127326,
      "gamma": "scale"
    }
  },
  "val_pr_auc": {
    "LogisticRegression": 0.937937062937063,
    "RandomForest": 1.0,
    "XGBoost": 1.0,
    "SVM": 0.973575036075036
  }
}