{
  "tissue": "plasma",
  "timepoint": "A",
  "data_path": "/Users/kaysonyao/miniconda3/envs/PiekosLab/kaysonyao/data/cleaned/sop_omics_pipeline_v2/MTBL_plasma/MTBL_plasma_suffix_A.csv",
  "outcome": "Complication",
  "complications_pooled": [
    "HDP",
    "FGR",
    "sPTB"
  ],
  "n_train": 93,
  "n_val": 20,
  "n_test": 20,
  "class_dist_train": {
    "control": 39,
    "complication": 54
  },
  "class_dist_val": {
    "control": 8,
    "complication": 12
  },
  "class_dist_test": {
    "control": 9,
    "complication": 11
  },
  "n_features_pretlasso": 40,
  "n_features_postlasso": 31,
  "best_model_val": "LogisticRegression",
  "best_val_pr_auc": 0.9763888888888891,
  "test_metrics": {
    "LogisticRegression": {
      "pr_auc": 0.9536042240587697,
      "pr_auc_ci_low": 0.8306168831168833,
      "pr_auc_ci_high": 1.0,
      "roc_auc": 0.9494949494949494,
      "roc_auc_ci_low": 0.8240714285714287,
      "roc_auc_ci_high": 1.0,
      "accuracy": 0.9,
      "precision": 0.9090909090909091,
      "recall": 0.9090909090909091,
      "f1": 0.9090909090909091,
      "n_test": 20
    },
    "RandomForest": {
      "pr_auc": 0.9841597796143251,
      "pr_auc_ci_low": 0.9266643356643355,
      "pr_auc_ci_high": 1.0,
      "roc_auc": 0.9797979797979798,
      "roc_auc_ci_low": 0.91,
      "roc_auc_ci_high": 1.0,
      "accuracy": 0.95,
      "precision": 0.9166666666666666,
      "recall": 1.0,
      "f1": 0.9565217391304348,
      "n_test": 20
    },
    "XGBoost": {
      "pr_auc": 0.975068870523416,
      "pr_auc_ci_low": 0.9036730769230771,
      "pr_auc_ci_high": 1.0,
      "roc_auc": 0.9696969696969697,
      "roc_auc_ci_low": 0.8787878787878789,
      "roc_auc_ci_high": 1.0,
      "accuracy": 0.85,
      "precision": 0.9,
      "recall": 0.8181818181818182,
      "f1": 0.8571428571428571,
      "n_test": 20
    },
    "SVM": {
      "pr_auc": 0.9777495232040687,
      "pr_auc_ci_low": 0.9082983143399811,
      "pr_auc_ci_high": 1.0,
      "roc_auc": 0.9696969696969697,
      "roc_auc_ci_low": 0.888888888888889,
      "roc_auc_ci_high": 1.0,
      "accuracy": 0.85,
      "precision": 0.9,
      "recall": 0.8181818181818182,
      "f1": 0.8571428571428571,
      "n_test": 20
    }
  }
}