{
  "tissue": "plasma",
  "timepoint": "A",
  "data_path": "/sessions/zealous-sleepy-curie/mnt/kaysonyao/data/cleaned/sop_omics_pipeline_v2/MTBL_plasma/MTBL_plasma_suffix_A.csv",
  "outcome": "Complication",
  "complications_pooled": [
    "HDP",
    "FGR",
    "sPTB"
  ],
  "n_train": 93,
  "n_val": 20,
  "n_test": 20,
  "class_dist_train": {
    "control": 39,
    "complication": 54
  },
  "class_dist_val": {
    "control": 8,
    "complication": 12
  },
  "class_dist_test": {
    "control": 9,
    "complication": 11
  },
  "n_features_pretlasso": 40,
  "n_features_postlasso": 40,
  "best_model_val": "LogisticRegression",
  "best_val_pr_auc": 0.9833333333333335,
  "test_metrics": {
    "LogisticRegression": {
      "pr_auc": 0.9649678604224059,
      "pr_auc_ci_low": 0.8491780045351474,
      "pr_auc_ci_high": 1.0,
      "roc_auc": 0.9595959595959596,
      "roc_auc_ci_low": 0.8484848484848485,
      "roc_auc_ci_high": 1.0,
      "accuracy": 0.9,
      "precision": 0.9090909090909091,
      "recall": 0.9090909090909091,
      "f1": 0.9090909090909091,
      "n_test": 20
    },
    "RandomForest": {
      "pr_auc": 0.9841597796143251,
      "pr_auc_ci_low": 0.9266643356643355,
      "pr_auc_ci_high": 1.0,
      "roc_auc": 0.9797979797979798,
      "roc_auc_ci_low": 0.91,
      "roc_auc_ci_high": 1.0,
      "accuracy": 0.9,
      "precision": 0.9090909090909091,
      "recall": 0.9090909090909091,
      "f1": 0.9090909090909091,
      "n_test": 20
    },
    "XGBoost": {
      "pr_auc": 0.9173271173271172,
      "pr_auc_ci_low": 0.7555324074074075,
      "pr_auc_ci_high": 1.0,
      "roc_auc": 0.9040404040404041,
      "roc_auc_ci_low": 0.743936011904762,
      "roc_auc_ci_high": 1.0,
      "accuracy": 0.75,
      "precision": 0.8,
      "recall": 0.7272727272727273,
      "f1": 0.7619047619047619,
      "n_test": 20
    },
    "SVM": {
      "pr_auc": 0.9595404595404595,
      "pr_auc_ci_low": 0.8626373626373625,
      "pr_auc_ci_high": 1.0,
      "roc_auc": 0.9393939393939394,
      "roc_auc_ci_low": 0.8180397727272728,
      "roc_auc_ci_high": 1.0,
      "accuracy": 0.75,
      "precision": 0.75,
      "recall": 0.8181818181818182,
      "f1": 0.782608695652174,
      "n_test": 20
    }
  }
}