{
  "tissue": "plasma",
  "timepoint": "A",
  "data_path": "/Users/kaysonyao/miniconda3/envs/PiekosLab/kaysonyao/data/cleaned/sop_omics_pipeline_v2/MTBL_plasma/MTBL_plasma_suffix_A.csv",
  "outcome": "Complication",
  "complications_pooled": [
    "HDP",
    "FGR",
    "sPTB"
  ],
  "n_train": 93,
  "n_val": 20,
  "n_test": 20,
  "class_dist_train": {
    "control": 39,
    "complication": 54
  },
  "class_dist_val": {
    "control": 8,
    "complication": 12
  },
  "class_dist_test": {
    "control": 9,
    "complication": 11
  },
  "n_features_pretlasso": 99,
  "n_features_postlasso": 99,
  "best_model_val": "LogisticRegression",
  "best_val_pr_auc": 0.9833333333333335,
  "test_metrics": {
    "LogisticRegression": {
      "pr_auc": 0.9617715617715619,
      "pr_auc_ci_low": 0.8648809523809525,
      "pr_auc_ci_high": 1.0,
      "roc_auc": 0.9494949494949495,
      "roc_auc_ci_low": 0.84375,
      "roc_auc_ci_high": 1.0,
      "accuracy": 0.85,
      "precision": 0.9,
      "recall": 0.8181818181818182,
      "f1": 0.8571428571428571,
      "n_test": 20
    },
    "RandomForest": {
      "pr_auc": 0.9750688705234161,
      "pr_auc_ci_low": 0.8968073593073592,
      "pr_auc_ci_high": 1.0,
      "roc_auc": 0.9696969696969696,
      "roc_auc_ci_low": 0.8823179271708683,
      "roc_auc_ci_high": 1.0,
      "accuracy": 0.85,
      "precision": 0.9,
      "recall": 0.8181818181818182,
      "f1": 0.8571428571428571,
      "n_test": 20
    },
    "XGBoost": {
      "pr_auc": 0.9387380296471206,
      "pr_auc_ci_low": 0.8128942486085343,
      "pr_auc_ci_high": 1.0,
      "roc_auc": 0.9191919191919192,
      "roc_auc_ci_low": 0.78125,
      "roc_auc_ci_high": 1.0,
      "accuracy": 0.8,
      "precision": 0.8888888888888888,
      "recall": 0.7272727272727273,
      "f1": 0.8,
      "n_test": 20
    },
    "SVM": {
      "pr_auc": 0.7863038476674838,
      "pr_auc_ci_low": 0.537419934640523,
      "pr_auc_ci_high": 0.9821437376725838,
      "roc_auc": 0.7878787878787878,
      "roc_auc_ci_low": 0.5453598484848485,
      "roc_auc_ci_high": 0.96875,
      "accuracy": 0.75,
      "precision": 0.875,
      "recall": 0.6363636363636364,
      "f1": 0.7368421052631579,
      "n_test": 20
    }
  }
}