{
  "model_params": {
    "LogisticRegression": {
      "C": 0.9846738873614566
    },
    "RandomForest": {
      "n_estimators": 305,
      "max_depth": 14,
      "min_samples_split": 4,
      "min_samples_leaf": 1,
      "max_features": "log2"
    },
    "XGBoost": {
      "n_estimators": 222,
      "max_depth": 6,
      "learning_rate": 0.17190335744201954,
      "subsample": 0.9906760444927416,
      "colsample_bytree": 0.9172343732962478,
      "min_child_weight": 6,
      "gamma": 4.332263451909305,
      "reg_alpha": 0.637361145454068,
      "reg_lambda": 3.786484568370806e-05
    },
    "SVM": {
      "C": 6.79657809075816,
      "gamma": "auto"
    }
  },
  "val_pr_auc": {
    "LogisticRegression": 0.9833333333333335,
    "RandomForest": 0.9791666666666669,
    "XGBoost": 0.9791666666666666,
    "SVM": 0.9754901960784315
  }
}