{
  "model_params": {
    "LogisticRegression": {
      "C": 0.07459343285726547
    },
    "RandomForest": {
      "n_estimators": 339,
      "max_depth": 14,
      "min_samples_split": 3,
      "min_samples_leaf": 2,
      "max_features": "log2"
    },
    "XGBoost": {
      "n_estimators": 52,
      "max_depth": 7,
      "learning_rate": 0.0808698743602125,
      "subsample": 0.8645035840204937,
      "colsample_bytree": 0.8856351733429728,
      "min_child_weight": 1,
      "gamma": 1.7923286427213632,
      "reg_alpha": 3.79616689580081e-05,
      "reg_lambda": 0.20678409397839484
    },
    "SVM": {
      "C": 68.92858777448599,
      "gamma": "scale"
    }
  },
  "val_pr_auc": {
    "LogisticRegression": 0.9763888888888891,
    "RandomForest": 0.9654761904761905,
    "XGBoost": 0.9763888888888891,
    "SVM": 0.9705128205128205
  }
}