{
  "tissue": "epds",
  "timepoint": "PP",
  "outcomes": [
    "HDP",
    "FGR",
    "sPTB"
  ],
  "n_train": 208,
  "n_val": 45,
  "n_test": 45,
  "n_features_pretlasso": 11,
  "n_features_postlasso": 3,
  "best_model_val": "SVM",
  "best_val_macro_pr_auc": 0.10883939027960766,
  "test_metrics": {
    "LogisticRegression": {
      "HDP": {
        "pr_auc": 0.30694444444444446,
        "roc_auc": 0.6182432432432432,
        "accuracy": 0.5555555555555556,
        "precision": 0.2,
        "recall": 0.5,
        "f1": 0.2857142857142857
      },
      "FGR": {
        "pr_auc": 0.1065934065934066,
        "roc_auc": 0.6150793650793651,
        "accuracy": 0.7333333333333333,
        "precision": 0.0,
        "recall": 0.0,
        "f1": 0.0
      },
      "sPTB": {
        "pr_auc": 0.3508701930384557,
        "roc_auc": 0.5762195121951219,
        "accuracy": 0.6888888888888889,
        "precision": 0.14285714285714285,
        "recall": 0.5,
        "f1": 0.2222222222222222
      }
    },
    "RandomForest": {
      "HDP": {
        "pr_auc": 0.31324786324786325,
        "roc_auc": 0.6216216216216217,
        "accuracy": 0.5111111111111111,
        "precision": 0.23076923076923078,
        "recall": 0.75,
        "f1": 0.35294117647058826
      },
      "FGR": {
        "pr_auc": 0.2239766081871345,
        "roc_auc": 0.5436507936507937,
        "accuracy": 0.9333333333333333,
        "precision": 0.5,
        "recall": 0.3333333333333333,
        "f1": 0.4
      },
      "sPTB": {
        "pr_auc": 0.07949197860962567,
        "roc_auc": 0.375,
        "accuracy": 0.6666666666666666,
        "precision": 0.0,
        "recall": 0.0,
        "f1": 0.0
      }
    },
    "XGBoost": {
      "HDP": {
        "pr_auc": 0.2898989898989899,
        "roc_auc": 0.6165540540540542,
        "accuracy": 0.8222222222222222,
        "precision": 0.0,
        "recall": 0.0,
        "f1": 0.0
      },
      "FGR": {
        "pr_auc": 0.06666666666666667,
        "roc_auc": 0.5,
        "accuracy": 0.9333333333333333,
        "precision": 0.0,
        "recall": 0.0,
        "f1": 0.0
      },
      "sPTB": {
        "pr_auc": 0.08888888888888889,
        "roc_auc": 0.5,
        "accuracy": 0.9111111111111111,
        "precision": 0.0,
        "recall": 0.0,
        "f1": 0.0
      }
    },
    "SVM": {
      "HDP": {
        "pr_auc": 0.14899393369788105,
        "roc_auc": 0.3547297297297297,
        "accuracy": 0.5111111111111111,
        "precision": 0.23076923076923078,
        "recall": 0.75,
        "f1": 0.35294117647058826
      },
      "FGR": {
        "pr_auc": 0.06246246246246246,
        "roc_auc": 0.2976190476190476,
        "accuracy": 0.5333333333333333,
        "precision": 0.09090909090909091,
        "recall": 0.6666666666666666,
        "f1": 0.16
      },
      "sPTB": {
        "pr_auc": 0.14193376068376068,
        "roc_auc": 0.5762195121951219,
        "accuracy": 0.6,
        "precision": 0.0625,
        "recall": 0.25,
        "f1": 0.1
      }
    }
  }
}