{
  "tissue": "epds",
  "timepoint": "A",
  "outcomes": [
    "HDP",
    "FGR",
    "sPTB"
  ],
  "n_train": 251,
  "n_val": 54,
  "n_test": 54,
  "n_features_pretlasso": 11,
  "n_features_postlasso": 11,
  "best_model_val": "RandomForest",
  "best_val_macro_pr_auc": 0.3661692359975904,
  "test_metrics": {
    "LogisticRegression": {
      "HDP": {
        "pr_auc": 0.327532303434203,
        "roc_auc": 0.5988636363636363,
        "accuracy": 0.5925925925925926,
        "precision": 0.25,
        "recall": 0.6,
        "f1": 0.35294117647058826
      },
      "FGR": {
        "pr_auc": 0.1111111111111111,
        "roc_auc": 0.8490566037735849,
        "accuracy": 0.5740740740740741,
        "precision": 0.041666666666666664,
        "recall": 1.0,
        "f1": 0.08
      },
      "sPTB": {
        "pr_auc": 0.09706959706959706,
        "roc_auc": 0.5913461538461539,
        "accuracy": 0.5925925925925926,
        "precision": 0.045454545454545456,
        "recall": 0.5,
        "f1": 0.08333333333333333
      }
    },
    "RandomForest": {
      "HDP": {
        "pr_auc": 0.21887028453973634,
        "roc_auc": 0.4625,
        "accuracy": 0.6851851851851852,
        "precision": 0.1111111111111111,
        "recall": 0.1,
        "f1": 0.10526315789473684
      },
      "FGR": {
        "pr_auc": 0.02,
        "roc_auc": 0.07547169811320753,
        "accuracy": 0.8703703703703703,
        "precision": 0.0,
        "recall": 0.0,
        "f1": 0.0
      },
      "sPTB": {
        "pr_auc": 0.05423280423280423,
        "roc_auc": 0.40384615384615385,
        "accuracy": 0.9259259259259259,
        "precision": 0.0,
        "recall": 0.0,
        "f1": 0.0
      }
    },
    "XGBoost": {
      "HDP": {
        "pr_auc": 0.24085710754652243,
        "roc_auc": 0.3386363636363636,
        "accuracy": 0.8148148148148148,
        "precision": 0.0,
        "recall": 0.0,
        "f1": 0.0
      },
      "FGR": {
        "pr_auc": 0.02,
        "roc_auc": 0.08490566037735847,
        "accuracy": 0.9814814814814815,
        "precision": 0.0,
        "recall": 0.0,
        "f1": 0.0
      },
      "sPTB": {
        "pr_auc": 0.07472826086956522,
        "roc_auc": 0.6586538461538461,
        "accuracy": 0.9629629629629629,
        "precision": 0.0,
        "recall": 0.0,
        "f1": 0.0
      }
    },
    "SVM": {
      "HDP": {
        "pr_auc": 0.32231024562160604,
        "roc_auc": 0.5170454545454546,
        "accuracy": 0.5925925925925926,
        "precision": 0.16666666666666666,
        "recall": 0.3,
        "f1": 0.21428571428571427
      },
      "FGR": {
        "pr_auc": 0.09090909090909091,
        "roc_auc": 0.8113207547169812,
        "accuracy": 0.7222222222222222,
        "precision": 0.0,
        "recall": 0.0,
        "f1": 0.0
      },
      "sPTB": {
        "pr_auc": 0.09808612440191387,
        "roc_auc": 0.7451923076923077,
        "accuracy": 0.7962962962962963,
        "precision": 0.0,
        "recall": 0.0,
        "f1": 0.0
      }
    }
  }
}