{
  "model_params": {
    "LogisticRegression": {
      "C": 0.0019517224641449498
    },
    "RandomForest": {
      "n_estimators": 343,
      "max_depth": 20,
      "min_samples_split": 7,
      "min_samples_leaf": 1,
      "max_features": "sqrt"
    },
    "XGBoost": {
      "n_estimators": 52,
      "max_depth": 7,
      "learning_rate": 0.0808698743602125,
      "subsample": 0.8645035840204937,
      "colsample_bytree": 0.8856351733429728,
      "min_child_weight": 1,
      "gamma": 1.7923286427213632,
      "reg_alpha": 3.79616689580081e-05,
      "reg_lambda": 0.20678409397839484
    },
    "SVM": {
      "C": 1.1400863701127326,
      "gamma": "scale"
    }
  },
  "val_macro_pr_auc": {
    "LogisticRegression": 0.16080342359403635,
    "RandomForest": 0.3661692359975904,
    "XGBoost": 0.20768815306575839,
    "SVM": 0.30585588023088023
  }
}