{
  "tissue": "plasma",
  "timepoint": "D",
  "outcomes": [
    "HDP",
    "FGR",
    "sPTB"
  ],
  "n_train": 74,
  "n_val": 16,
  "n_test": 17,
  "n_features_pretlasso": 1,
  "n_features_postlasso": 1,
  "best_model_val": "LogisticRegression",
  "best_val_macro_pr_auc": 0.4679480241980241,
  "test_metrics": {
    "LogisticRegression": {
      "HDP": {
        "pr_auc": 0.5825757575757575,
        "roc_auc": 0.7211538461538461,
        "accuracy": 0.5882352941176471,
        "precision": 0.2857142857142857,
        "recall": 0.5,
        "f1": 0.36363636363636365
      },
      "FGR": {
        "pr_auc": 0.22619047619047616,
        "roc_auc": 0.6666666666666667,
        "accuracy": 0.5294117647058824,
        "precision": 0.2,
        "recall": 1.0,
        "f1": 0.3333333333333333
      },
      "sPTB": {
        "pr_auc": 0.0,
        "roc_auc": NaN,
        "accuracy": 0.7647058823529411,
        "precision": 0.0,
        "recall": 0.0,
        "f1": 0.0
      }
    },
    "RandomForest": {
      "HDP": {
        "pr_auc": 0.46785714285714286,
        "roc_auc": 0.5961538461538461,
        "accuracy": 0.5294117647058824,
        "precision": 0.25,
        "recall": 0.5,
        "f1": 0.3333333333333333
      },
      "FGR": {
        "pr_auc": 0.325,
        "roc_auc": 0.8,
        "accuracy": 0.8235294117647058,
        "precision": 0.4,
        "recall": 1.0,
        "f1": 0.5714285714285714
      },
      "sPTB": {
        "pr_auc": 0.0,
        "roc_auc": NaN,
        "accuracy": 0.5882352941176471,
        "precision": 0.0,
        "recall": 0.0,
        "f1": 0.0
      }
    },
    "XGBoost": {
      "HDP": {
        "pr_auc": 0.39166666666666666,
        "roc_auc": 0.6634615384615384,
        "accuracy": 0.7647058823529411,
        "precision": 0.0,
        "recall": 0.0,
        "f1": 0.0
      },
      "FGR": {
        "pr_auc": 0.26666666666666666,
        "roc_auc": 0.7333333333333334,
        "accuracy": 0.8823529411764706,
        "precision": 0.0,
        "recall": 0.0,
        "f1": 0.0
      },
      "sPTB": {
        "pr_auc": 0.0,
        "roc_auc": NaN,
        "accuracy": 1.0,
        "precision": 0.0,
        "recall": 0.0,
        "f1": 0.0
      }
    },
    "SVM": {
      "HDP": {
        "pr_auc": 0.43677156177156173,
        "roc_auc": 0.6442307692307692,
        "accuracy": 0.5882352941176471,
        "precision": 0.2857142857142857,
        "recall": 0.5,
        "f1": 0.36363636363636365
      },
      "FGR": {
        "pr_auc": 0.13333333333333333,
        "roc_auc": 0.3666666666666667,
        "accuracy": 0.29411764705882354,
        "precision": 0.14285714285714285,
        "recall": 1.0,
        "f1": 0.25
      },
      "sPTB": {
        "pr_auc": 0.0,
        "roc_auc": NaN,
        "accuracy": 0.5882352941176471,
        "precision": 0.0,
        "recall": 0.0,
        "f1": 0.0
      }
    }
  }
}