,maternal age,infant_sex_encoded,prepregnancy BMI self or record,delivery bmi,smoking_encoded,race_WHITE,race_BLACK,race_ASIAN
maternal age,1.0,-0.05147495699058582,-0.02826441085921372,-0.07943542145308052,0.0753562130487184,0.1088424062364528,-0.08005727691189031,0.005439300231285452
infant_sex_encoded,-0.05147495699058582,1.0,-0.026386772723666765,-0.02320377924440822,-0.04245263500708881,-0.03485941241225919,-0.005997671961923586,0.013021313269135516
prepregnancy BMI self or record,-0.02826441085921372,-0.026386772723666765,1.0,0.9385439508795075,0.17864322315866224,-0.047102898907400124,0.11163040615145574,-0.12806979366283897
delivery bmi,-0.07943542145308052,-0.02320377924440822,0.9385439508795075,1.0,0.14950789840451825,-0.05616613521809626,0.094252534991046,-0.12153099472360254
smoking_encoded,0.0753562130487184,-0.04245263500708881,0.17864322315866224,0.14950789840451825,1.0,-0.0924016580387682,0.14271809635896382,-0.06577418263713747
race_WHITE,0.1088424062364528,-0.03485941241225919,-0.047102898907400124,-0.05616613521809626,-0.0924016580387682,1.0,-0.8569833725770978,-0.29095877406236614
race_BLACK,-0.08005727691189031,-0.005997671961923586,0.11163040615145574,0.094252534991046,0.14271809635896382,-0.8569833725770978,1.0,-0.043699960155739105
race_ASIAN,0.005439300231285452,0.013021313269135516,-0.12806979366283897,-0.12153099472360254,-0.06577418263713747,-0.29095877406236614,-0.043699960155739105,1.0
