{
  "tissue": "plasma",
  "timepoint": "A",
  "outcome": "Complication",
  "complications_pooled": [
    "HDP",
    "FGR",
    "sPTB"
  ],
  "n_train": 93,
  "n_val": 20,
  "n_test": 20,
  "class_dist_train": {
    "control": 39,
    "complication": 54
  },
  "class_dist_val": {
    "control": 8,
    "complication": 12
  },
  "class_dist_test": {
    "control": 9,
    "complication": 11
  },
  "n_features_pretlasso": 2815,
  "n_features_postlasso": 2,
  "best_model_val": "RandomForest",
  "best_val_pr_auc": 0.7750890982798878,
  "test_metrics": {
    "LogisticRegression": {
      "pr_auc": 0.8826645576645578,
      "roc_auc": 0.8787878787878789,
      "accuracy": 0.75,
      "precision": 0.6875,
      "recall": 1.0,
      "f1": 0.8148148148148148
    },
    "RandomForest": {
      "pr_auc": 0.8801559551559552,
      "roc_auc": 0.8282828282828282,
      "accuracy": 0.75,
      "precision": 0.7142857142857143,
      "recall": 0.9090909090909091,
      "f1": 0.8
    },
    "XGBoost": {
      "pr_auc": 0.7799357208448118,
      "roc_auc": 0.7676767676767676,
      "accuracy": 0.8,
      "precision": 0.7692307692307693,
      "recall": 0.9090909090909091,
      "f1": 0.8333333333333334
    },
    "SVM": {
      "pr_auc": 0.8126386240022605,
      "roc_auc": 0.7373737373737373,
      "accuracy": 0.65,
      "precision": 0.625,
      "recall": 0.9090909090909091,
      "f1": 0.7407407407407407
    }
  }
}