{
  "model_params": {
    "LogisticRegression": {
      "C": 0.9846738873614566
    },
    "RandomForest": {
      "n_estimators": 250,
      "max_depth": 15,
      "min_samples_split": 15,
      "min_samples_leaf": 6,
      "max_features": "sqrt"
    },
    "XGBoost": {
      "n_estimators": 184,
      "max_depth": 3,
      "learning_rate": 0.02267021738009867,
      "subsample": 0.6128382729802251,
      "colsample_bytree": 0.9211730621734222,
      "min_child_weight": 1,
      "gamma": 3.808924585501085,
      "reg_alpha": 0.029322406481691467,
      "reg_lambda": 1.3088210534596508e-05
    },
    "SVM": {
      "C": 21.368329072358772,
      "gamma": "scale"
    }
  },
  "val_pr_auc": {
    "LogisticRegression": 1.0,
    "RandomForest": 1.0,
    "XGBoost": 1.0,
    "SVM": 1.0
  }
}