log_fc,ave_expr,t,p_value,adj_p_value,b,uniprot_id
0.3886285276114861,0.1173670980142809,7.050932504633202,5.5559297488497666e-12,1.5639942243012093e-08,16.742354508265876,PPM1F
0.42858723084143596,0.24679849072339174,6.83070094685027,2.3201447666981102e-11,2.6818738627334017e-08,15.377446599489398,TXNDC9
0.4785760209492362,0.184382288430913,6.798095695511652,2.858124898117302e-11,2.6818738627334017e-08,15.178435032697143,PDIA4
0.869100124606121,0.17481187500512016,6.7337541252393365,4.303091031015065e-11,3.028300313076852e-08,14.788052329315724,ARF6
0.8038109350111957,0.40153432412476153,6.60027730689919,9.955900423542273e-11,4.6854038129630415e-08,13.98815217649384,EIF2AK2
0.5278831210186596,0.17301670363929472,6.599782577194156,9.986651111111279e-11,4.6854038129630415e-08,13.98521246247851,AP1G2
0.5611298721084251,0.19015802183256478,6.513954300808282,1.7003783443051772e-10,6.837950056027249e-08,13.478037300783962,LAT2
0.43614339054488177,0.05482322232804447,6.467392998567473,2.2641456320709863e-10,7.966962442849783e-08,13.205253374518351,NECAP2
0.6838678043237555,0.3322646664812858,6.328939966803407,5.252987885023168e-10,1.6430178773711354e-07,12.403966523401317,VPS4B
0.679981720043441,0.16442197950541323,6.284471333769787,6.861688875282939e-10,1.9315654183921472e-07,12.149754139538397,CACNB3
0.42787417164694996,0.15957321126745258,6.266958409620077,7.619759052674422e-10,1.9499656121162274e-07,12.050060510118888,WASHC3
0.5750546131878116,0.3115521404737073,6.251393342659102,8.361852802991358e-10,1.9615513033683892e-07,11.961655705161954,RGCC
0.7438270319677428,0.2629499527624232,6.194807549177167,1.1704187758667904e-09,2.534406810819242e-07,11.641859085382725,SARG
1.0238591778840878,0.04457325684376777,6.160301263268459,1.4350347286346122e-09,2.7374328355628345e-07,11.448075380757695,SERPINH1
0.887573942585723,0.29391652845406446,6.157529135946731,1.4586675855574606e-09,2.7374328355628345e-07,11.432547924233502,PLCB2
0.8134933967931335,0.2704241410028266,6.142462004474351,1.5939238712114295e-09,2.804309810912609e-07,11.348258253494928,NAA80
1.000971596266403,0.3081004500637717,6.128367733324053,1.7314985219722582e-09,2.8671578466775924e-07,11.269572513014692,AKT2
0.4935547578681654,0.1756429297537633,6.036143056314462,2.964910512642249e-09,4.6367906072710723e-07,10.758562323334287,SEC31A
0.5528154530457068,0.11436805415930286,6.026140379111827,3.1417488649420747e-09,4.654748976216811e-07,10.703542199776786,PRKAR2A
0.45161298601032096,0.12511354132833022,5.940389203806269,5.145770256686656e-09,6.842280283912216e-07,10.23512244140998,LETM1
0.5023672112852626,0.14088426447285635,5.935460940589486,5.2928348618798e-09,6.842280283912216e-07,10.208379303043534,NFKB1
0.5408693889150268,0.28248872172323936,5.933665334013523,5.3474304172670956e-09,6.842280283912216e-07,10.198640285477536,DCTN2
0.5829986970373218,0.14016941986391274,5.888010518007306,6.935672786576577e-09,8.247351146106107e-07,9.951881905288358,INPPL1
0.44447187012809397,0.08698283594377763,5.877142352992348,7.376809773541173e-09,8.247351146106107e-07,9.893386309121462,HMGCL
0.5083806412565626,0.21353278556479996,5.868535014361687,7.74548617191763e-09,8.247351146106107e-07,9.847126204139473,ATG16L1
0.5886908993138942,0.2878484649752455,5.861898358658149,8.041961348952351e-09,8.247351146106107e-07,9.81149802909488,DAB2
0.3050053577847716,0.11342116533784606,5.861206114397918,8.07351543351739e-09,8.247351146106107e-07,9.80778382180335,SUGP1
0.37204167674458843,0.14049656759211496,5.858384074328445,8.203404337157051e-09,8.247351146106107e-07,9.792646257956045,HTRA2
0.41978797213378244,0.23908937169503625,5.831250846460215,9.560864700834242e-09,9.280632459602894e-07,9.647428078076688,DLG4
0.5450266290116336,0.2990759380375165,5.800459636230517,1.1367266150833591e-08,9.809359076706234e-07,9.483348143124257,VASP
0.30787857032274035,0.05586085486566279,5.799335608535764,1.1439141976222276e-08,9.809359076706234e-07,9.477372852590653,IGF2BP3
0.837329034538864,0.33970292889895753,5.797269380816146,1.1572423778211848e-08,9.809359076706234e-07,9.466391512241673,MGMT
0.5529181879606724,0.30297344042292523,5.7952122149608485,1.1706623938911978e-08,9.809359076706234e-07,9.455461745108257,PPP1R12A
0.28621403003048873,0.0836108785249301,5.792556646142845,1.1882105314472222e-08,9.809359076706234e-07,9.441357685185755,CHMP6
0.3096522819580298,0.12101343572082782,5.787895102566231,1.2196361196615211e-08,9.809359076706234e-07,9.416613367195792,OPLAH
0.752214574559772,0.22578528234987646,5.767697144907649,1.365413753593583e-08,1.0676776989905376e-06,9.30960112980599,PDLIM5
0.4579079366463041,0.1767483262936509,5.757805473046861,1.442866390678822e-08,1.0977483485840226e-06,9.257313298177477,CASP7
0.40017968087808636,0.1630406619585264,5.7517656009179605,1.4922461846132195e-08,1.1054402657068982e-06,9.225425063388874,COMMD1
0.9313117129688074,0.43067799745427965,5.745226936633614,1.547559608138623e-08,1.1170205889513395e-06,9.19093658103061,UFD1
0.6074324990942052,-0.061149609265691796,5.73983277030563,1.594690068851492e-08,1.1222631359542373e-06,9.16251078727899,MAPKAPK2
0.5222616802734067,0.29915568364115286,5.695827138653967,2.035102440120368e-08,1.397271553399716e-06,8.931491600264719,ARHGAP45
0.40927513880932787,0.19844115372720822,5.6878424975731035,2.1268192862220067e-08,1.4254753073130831e-06,8.889742098156171,TJAP1
0.6989717335776485,0.3646732488900891,5.679329062254473,2.2290415664741494e-08,1.4592446534011e-06,8.84528458601844,GCC1
0.223299697894536,0.00509007699743556,5.663796073063575,2.4280095705234877e-08,1.5533743047780953e-06,8.76432211922197,RP2
0.5201140391786923,0.16925992840413287,5.652307653757226,2.5861843807296663e-08,1.6178020070564469e-06,8.704567096345626,NUMB
0.6454343848611088,0.27672162437058045,5.642261312745326,2.732688325915795e-08,1.672286442924557e-06,8.652400652407852,ACADSB
0.41390959641252245,0.24151843289595532,5.634330270813563,2.8540198965146884e-08,1.7093757465295421e-06,8.611276009883195,VASH1
0.3728773296373285,0.15455084985816256,5.613540945263702,3.197474908026099e-08,1.8458811692028544e-06,8.503720447151414,ABL1
0.5562102784976202,0.36324509844486896,5.612503672418823,3.215625515835375e-08,1.8458811692028544e-06,8.498363230571726,TNIP1
0.4941214646840109,0.17006381603293672,5.608945525851468,3.2786521655468105e-08,1.8458811692028544e-06,8.479993082517753,HCLS1
0.2888220374934666,0.13799643781952164,5.5950022435454905,3.537419111554436e-08,1.9525166272599487e-06,8.408105523723233,AP3S2
0.45738301626345323,0.21303653948237894,5.5777330521471855,3.8855476403340505e-08,2.103426270680837e-06,8.319290259732472,MARS1
0.6122516297603444,0.22874056065040801,5.573748770494035,3.970476534677126e-08,2.108847442474738e-06,8.298833687716579,TIA1
0.535620001321056,0.23790949674523423,5.560866257147509,4.2576173138763196e-08,2.181576794104026e-06,8.232779464810452,CALCOCO2
0.42248976623640355,0.16231833981459012,5.560658663827287,4.2624058144128404e-08,2.181576794104026e-06,8.231716153773196,GIGYF2
0.29953076842516974,0.08956477202048439,5.547930518062731,4.5662218421595164e-08,2.2953418724426854e-06,8.16658876296055,GPI
0.5256133899708353,0.3228648774183105,5.541844686101411,4.7188290015820754e-08,2.3183256046387772e-06,8.135495576422297,NCK2
0.8256680241575348,0.39739930005322693,5.537636966590482,4.8272280399927215e-08,2.3183256046387772e-06,8.114015587584976,GRAP2
0.7438543874788469,0.4020216826727025,5.535007304799094,4.896198246493031e-08,2.3183256046387772e-06,8.100598781722288,SRC
0.5970818276980879,0.3014081416237324,5.53330450123623,4.941368961929898e-08,2.3183256046387772e-06,8.091913920789638,CORO1A
0.5259054764018679,0.23404696433650768,5.527645559648135,5.0944140576888016e-08,2.3509468151465535e-06,8.063068497971186,FKBP14
0.5171259657061361,0.2154227365726169,5.517168141650413,5.390025872720654e-08,2.4472456180175227e-06,8.00973098836747,NMT1
0.5055780071214769,0.14790377885634604,5.509840829098144,5.606596909910356e-08,2.5051698891107382e-06,7.972483194501152,RTN4IP1
0.2536232012462191,0.09432919683916721,5.494414776126533,6.090534817556143e-08,2.600827135703692e-06,7.894209989087644,DHRS4L2
0.462440097886119,0.1459720684565434,5.489448085299983,6.254811299180433e-08,2.600827135703692e-06,7.869050085716461,ANXA3
0.4749860120717107,0.17745110145618553,5.488076029698447,6.300946658411797e-08,2.600827135703692e-06,7.862103194283975,SERPINB1
0.6112440636114361,0.25431496752414623,5.487139683900863,6.332620903954885e-08,2.600827135703692e-06,7.857363243859643,CIRBP
0.4005920118377696,0.13773495767454588,5.486014347604815,6.370892945975147e-08,2.600827135703692e-06,7.851667541829823,SLC9A3R1
0.6684709921587768,0.07460340990684314,5.485893119909623,6.375029213625392e-08,2.600827135703692e-06,7.851054030087997,FGD3
0.550331896044304,0.09250090461522316,5.478614504877863,6.628213215303408e-08,2.665488600154156e-06,7.814240368052637,ARHGEF1
0.4726358015380542,0.22150390099637624,5.472225069559222,6.85849756407867e-08,2.719249386321332e-06,7.781959845562691,PMM2
0.5979739341499418,0.1591173105334171,5.462754061948317,7.214205260078704e-08,2.7802015893090796e-06,7.7341724038478254,GTPBP2
0.48246374510109447,0.14266326793555278,5.462527692869869,7.22292267859587e-08,2.7802015893090796e-06,7.733031125606798,PIBF1
0.6888913042195929,0.42936016838909274,5.46031886633909,7.308522828023868e-08,2.7802015893090796e-06,7.721897161773651,TMED8
0.3680153869473178,0.23114227697194667,5.4505545496007795,7.698878343037202e-08,2.8896456714199636e-06,7.672726541251075,VPS53
0.6496552138398299,0.24203220955703553,5.437857043478547,8.236886554048295e-08,3.0289034247329267e-06,7.608902453957063,ERP29
0.4600286708382254,0.12853601193355216,5.436758785153403,8.28509995397639e-08,3.0289034247329267e-06,7.603388288250761,ENO1
0.6817420450841585,0.29985408938384633,5.429686508436836,8.602200980320792e-08,3.103839898256131e-06,7.567903399625299,RHOC
0.3781057998002066,0.1689382739741666,5.427326875043425,8.710598648747223e-08,3.103839898256131e-06,7.556073191911715,HDGFL2
0.5411207080062471,0.2576306418887558,5.423094713857363,8.9083489108221e-08,3.134625272995526e-06,7.534866411710507,EBAG9
0.4825228787184914,0.22189543918356514,5.402988146295758,9.908953793558301e-08,3.4436672751687185e-06,7.434316871605752,HSBP1
0.5532176068457378,0.21464430358124043,5.38778509936768,1.07371344872988e-07,3.6723272894873647e-06,7.358510462573857,ELAC1
0.6747872593901985,0.2902551829341553,5.386190050713817,1.0827821137742497e-07,3.6723272894873647e-06,7.350568190327264,MTSS1
0.5315737921369005,0.23355001824314447,5.380527720560574,1.115579597044418e-07,3.733068740622182e-06,7.322390558122764,CEP170
0.31033916371037074,0.15181211170640938,5.377699461490946,1.1323205318025716e-07,3.733068740622182e-06,7.308326123911225,SRPK2
0.30549095399306997,0.028630330856882127,5.3763363704472935,1.1404757076145921e-07,3.733068740622182e-06,7.301550072978404,DPY30
0.3381323513045879,0.08833374075311351,5.370808936591715,1.1741336346245954e-07,3.774173127679076e-06,7.274088431984447,CRYBB1
0.7452495678660982,0.36664234903511045,5.369885783588996,1.1798480825426595e-07,3.774173127679076e-06,7.26950444396566,ITGB1BP2
0.6521324489394743,0.35794627801429363,5.360572976934595,1.2390258657617394e-07,3.8958166446422575e-06,7.2233003947109164,DOK2
0.5547877050524946,0.23843276327018734,5.359282375832366,1.247450802778508e-07,3.8958166446422575e-06,7.216902936916611,EEF1D
0.4100461848973215,0.14693705348845962,5.355531434578457,1.272253365423498e-07,3.8958166446422575e-06,7.198317495373111,DDHD2
0.4603139015881403,0.18452831014194088,5.3553847208471455,1.2732331485154092e-07,3.8958166446422575e-06,7.197590783912295,NFATC1
0.5492032395395909,0.29696510534253395,5.352319745916621,1.2938698436849826e-07,3.916390978465834e-06,7.182413235406974,GGCT
0.42240742168454404,0.28155988540124693,5.3468569275129,1.3314587894999965e-07,3.987294140896266e-06,7.155381009523168,CMC1
0.5591496538953069,0.35242829818077276,5.338736921073267,1.389296016452514e-07,4.116703459277713e-06,7.115245611210108,MAP2K6
0.6221645601148236,0.26355198001429664,5.33276498615592,1.4333807001966527e-07,4.203090282347476e-06,7.085762512927696,PHACTR2
0.4179148233737545,0.1736329638556618,5.315661409517041,1.5672786587160065e-07,4.548339612665523e-06,7.001486716792737,XIAP
0.8772480967048775,0.4558759274019025,5.3123801767205485,1.594317875196008e-07,4.579596753751798e-06,6.985346577582035,DOK1
0.5122487878836237,0.306770174931609,5.307145760325776,1.6383913523838236e-07,4.642497448856551e-06,6.959617367768461,TWF2
0.49859037824266456,0.09991197931498345,5.30588294220011,1.6491998042119185e-07,4.642497448856551e-06,6.9534135261508805,EVI5
0.5073168215492626,0.25278182560277274,5.301699085936903,1.6855056506672592e-07,4.69772119468152e-06,6.932868970613418,PLA2G4A
0.4647401947533186,0.21440047900110726,5.296692087849744,1.7299737261240826e-07,4.765037840889188e-06,6.90830153526087,PCBP2
0.510337076572348,0.05352211068042679,5.295192366809094,1.743512957767625e-07,4.765037840889188e-06,6.900947026560752,NIT2
0.548141591957652,0.15847053766247757,5.287789846981118,1.8118608522008882e-07,4.904219518216826e-06,6.864673049796179,TXLNA
0.23788387404647068,0.13934777799147577,5.281139685153685,1.8754716966996718e-07,5.028050310675787e-06,6.832124621737417,BLOC1S3
0.38318798084425076,0.21106213482434807,5.275908101868645,1.9270296648518498e-07,5.057689919719124e-06,6.806545095275062,PPP1CC
0.3352016517286558,0.16865976589432471,5.275270479555131,1.93340666992392e-07,5.057689919719124e-06,6.803429033450167,OTUD7B
0.44903976934104123,0.08506471241529409,5.274570775888836,1.9404281041906408e-07,5.057689919719124e-06,6.800009968991558,HS1BP3
0.4966754942395316,0.3376826333298809,5.267889141872669,2.0087343433447374e-07,5.187694657353611e-06,6.767381033571484,HPCAL1
0.6615766276819767,0.38610905869704926,5.251583607492439,2.1853527581943927e-07,5.592516376652013e-06,6.6879109223491024,VAV3
0.7956935579192453,0.2111937848721768,5.247757900702145,2.2289219094954544e-07,5.652626283990725e-06,6.669297208391287,CLIP2
0.447323626708951,0.06434794317066873,5.245939013727016,2.2499304260664566e-07,5.654959061943817e-06,6.6604518146135625,FGR
0.4892701094306467,0.1402541214057866,5.239535744573724,2.3254270778801086e-07,5.7342989849505455e-06,6.6293341341017396,STAT2
0.39196199924248487,-0.11004952216571572,5.2388789005392855,2.3333088644873823e-07,5.7342989849505455e-06,6.626144030774515,SELE
0.5507318823745316,0.29886171235682474,5.2381066296522425,2.3426088215606138e-07,5.7342989849505455e-06,6.622393792214927,CACYBP
0.5159813810299507,0.24859745190854574,5.214161582003453,2.6494631160425177e-07,6.429516096258352e-06,6.5063605839003245,MYDGF
0.41669782057993016,0.1444933779043969,5.21095179821849,2.6934454661010796e-07,6.468797819238007e-06,6.490842935094342,OGA
0.4841468522518231,0.2472959701841619,5.2096409780185144,2.7116097430553636e-07,6.468797819238007e-06,6.484508269064984,PLEKHO1
0.555371179469758,0.21074258048095573,5.1996714379349624,2.8536956668780805e-07,6.705173860994872e-06,6.436376452915441,IKBKG
0.60822754619192,0.1261119585414631,5.199354190147186,2.858333439855718e-07,6.705173860994872e-06,6.434846179248774,LONP1
0.797048252549814,0.15504950318901864,5.194893162283735,2.9243262421594133e-07,6.803287910478304e-06,6.41333690881865,ATP5IF1
0.36654838318732075,0.06514039477937134,5.192080336392186,2.9666928006337183e-07,6.845278880150752e-06,6.3997831495172015,GBP1
0.36242835758244785,0.07021107809286767,5.164791124575629,3.4098016956798287e-07,7.803733149055869e-06,6.26863200279873,FGFBP2
0.39758017037788373,0.2010433740253447,5.162093063947299,3.45694013077592e-07,7.847811667850173e-06,6.255699052223054,LYN
0.6677443347790757,0.3461074405661653,5.1583490288953975,3.52339931993427e-07,7.934695268491975e-06,6.237762399515352,DTD1
0.45351163688124585,0.22719522887129054,5.1536561799593805,3.6084486987571494e-07,8.06173260873125e-06,6.215296816959908,SAMD9L
0.28914532174500784,0.07014027144899954,5.151653835643041,3.645339304457886e-07,8.08002373389681e-06,6.205716819250835,SCPEP1
0.5806135879436105,0.371248411191901,5.147216249707847,3.72840159486037e-07,8.19957069494683e-06,6.1844976456939325,GMFG
0.3868997642893581,0.12701908345551555,5.140833992793372,3.8510832894403205e-07,8.367773175821554e-06,6.1540085882329905,SMAD1
0.46645723800098227,0.1507624803972925,5.140156375724636,3.8643357472710546e-07,8.367773175821554e-06,6.150773508622388,RGS10
0.28622177144182037,0.09282983330700595,5.1349334272574865,3.9679748380154673e-07,8.526602419094305e-06,6.125851026157047,CDC26
0.25594053491493324,0.13720957695995842,5.125949759628543,4.1525619933784275e-07,8.840284422009579e-06,6.083036939380131,MORC3
0.5067022196688431,0.17743395565230405,5.124619143186947,4.180598989922396e-07,8.840284422009579e-06,6.076701285437354,ARFIP1
0.4254427820464225,0.14693072025636064,5.123319326497593,4.2081638101217883e-07,8.840284422009579e-06,6.070513717277992,MSRA
0.6136880050517391,0.28031716317293826,5.120185275014752,4.275351776986126e-07,8.914900186826627e-06,6.055600400509963,CAMSAP1
0.670517284122227,0.32411808815657384,5.116804177988968,4.348999554259775e-07,9.001789518559754e-06,6.039520767614796,RAB11FIP3
0.5108012717798097,-0.13370691317266956,5.112646920448935,4.4412372658633013e-07,9.125607958689922e-06,6.019763068734402,LECT2
0.8489214270124761,0.40594812025356075,5.111048313145052,4.4772072162731753e-07,9.132853850586223e-06,6.012169422793972,MANF
0.5703800722423139,0.11708167669323366,5.091487093286169,4.940823792309273e-07,9.963455119247606e-06,5.919424294342942,NFE2
0.4839146599388038,0.2217743584773201,5.089701644411485,4.985380827766945e-07,9.963455119247606e-06,5.9109750062911655,CNP
0.3386954798612251,0.1549535622179016,5.089494469733964,4.990576098806084e-07,9.963455119247606e-06,5.909994766151582,ARL2BP
0.3635932891626658,0.10797388249553792,5.084589313187427,5.115122328226329e-07,1.0140189685885293e-05,5.886796724055637,SH2D1A
0.32865270720732864,0.19510153833049554,5.067941096730029,5.560647897278407e-07,1.0946310371215885e-05,5.808212963040106,TNFAIP8L2
0.588509266292439,0.21967147237214363,5.06400161884454,5.671437960239392e-07,1.1063364339705172e-05,5.789651771739395,AK2
0.379155782162011,0.23987301042326378,5.063043172603741,5.698713425425399e-07,1.1063364339705172e-05,5.785137945735601,TAX1BP1
0.2242005493714281,0.10333074463609625,5.054027422927475,5.961568231248515e-07,1.1494393541756554e-05,5.742715923465413,DNAJC21
0.5708539432301964,0.10761946629926965,5.05047959177697,6.068186718610343e-07,1.1568040677403462e-05,5.726041005548767,DECR1
0.548143979486975,0.16188570663078924,5.050025875526863,6.081953890784059e-07,1.1568040677403462e-05,5.723909289919293,MECR
0.6939955089836446,-0.027616787433228804,5.043864420096865,6.271927002005528e-07,1.1849311752111115e-05,5.6949778221067255,TAB2
0.6158030590117769,0.26816940016825713,5.037995645231417,6.458201176885538e-07,1.2053456428407754e-05,5.667450414819987,OPHN1
0.553906571275752,0.13229449668015136,5.037765321147349,6.465619611685864e-07,1.2053456428407754e-05,5.666370675202831,PLXNA4
0.43152177570414835,0.10022266189729531,5.026025348369519,6.854853114170153e-07,1.2612472623273187e-05,5.611393960697432,GRHPR
0.6312602123222997,0.43291566823237837,5.026018351964492,6.855091692223082e-07,1.2612472623273187e-05,5.611361232146429,CDC42BPB
0.4466816126978647,0.14945967125283866,5.024220689876171,6.916658757909904e-07,1.2622177313859764e-05,5.6029533002288385,FDX1
0.6127792757787283,0.3707812844246116,5.023252337917178,6.950044346885483e-07,1.2622177313859764e-05,5.598425305015672,BCL2L1
0.24295011815608583,0.08854951567383779,5.013543646214975,7.293490510187823e-07,1.3036891434939444e-05,5.55307140546673,TXNRD1
0.4241743336820932,0.0978807524381571,5.012736499447585,7.322770369420119e-07,1.3036891434939444e-05,5.549304424098844,MYO6
0.5067182406858857,0.31248786055053196,5.012255979839182,7.340255475591216e-07,1.3036891434939444e-05,5.54706208406985,DCTD
0.33612898193859436,0.11901232912039593,5.011614955245201,7.363643830036844e-07,1.3036891434939444e-05,5.544071052722725,BNIP2
0.37146901863701554,0.1348777664296789,5.007029881687987,7.533046140659173e-07,1.3231150865293805e-05,5.522687144421637,ANXA2
0.5994669231686975,0.3509014440613647,5.006112953196768,7.567372253329672e-07,1.3231150865293805e-05,5.51841289592271,MESD
0.38833753086028716,0.1866430534946689,4.996995762642753,7.917007313562038e-07,1.3757021967701937e-05,5.475951902373337,NUDC
0.4408936457458756,0.15875819182135467,4.993500358753987,8.055148197099799e-07,1.3911191518304253e-05,5.459691581331251,ATOX1
0.41615754342943984,0.15260684364513827,4.9862963964680365,8.347235310000321e-07,1.4327724022957868e-05,5.426211951149032,LBR
0.5446291555189126,0.23889320226513583,4.983264493094491,8.473199970390418e-07,1.4416899916982618e-05,5.4121346350893695,AXIN1
0.5165117468409425,0.11959330062901635,4.982586513114855,8.501617713034155e-07,1.4416899916982618e-05,5.4089877957865795,PPP1R9B
0.6121652679554554,0.295841747574608,4.976848879981117,8.745826179967819e-07,1.474221598599366e-05,5.382372185563295,PTPN6
0.3866945283009295,0.29537917830474153,4.967226347167281,9.170668852619237e-07,1.5366329059597114e-05,5.337797936703026,NDUFB7
0.49996241030271,0.21655789982605309,4.964799248795903,9.280934301267916e-07,1.5394073861049366e-05,5.326567322925069,PTPN1
0.5463645820206233,0.33868835075265835,4.964456712196272,9.296598779319333e-07,1.5394073861049366e-05,5.324982747172031,IST1
0.2906341366859233,0.11266965527364951,4.955790496158732,9.701512750705538e-07,1.5970618943412918e-05,5.284925861723883,NMI
0.27633155479019333,0.17578677462349193,4.954412358293708,9.767453138495654e-07,1.5985686386549574e-05,5.278561712515799,GORASP2
0.48249542865302564,0.21405931240613804,4.94940782969053,1.0010564758153946e-06,1.623424414101068e-05,5.255464666835072,BCR
0.7632548900153967,0.45488467531351545,4.948377721894693,1.006132555588625e-06,1.623424414101068e-05,5.250713117930406,SULT1A1
0.44969971401191744,0.10237946798338064,4.947750870984744,1.009233649974021e-06,1.623424414101068e-05,5.247822100828518,ITPA
0.5744859396526555,0.18730823753078094,4.9440973583243935,1.0274923657378636e-06,1.6297443936714605e-05,5.230978841980267,SNAP29
0.5738216704515902,0.28030360097061385,4.942794389881759,1.0340808610676567e-06,1.6297443936714605e-05,5.224974693675573,PDE5A
0.3440685391934697,0.09151488398147883,4.942745757517363,1.0343275596536567e-06,1.6297443936714605e-05,5.2247506210072725,UBE2L6
0.4065217846008494,0.0777608148975578,4.942353275830914,1.036320591357696e-06,1.6297443936714605e-05,5.222942342715294,LRCH4
0.7326472920146454,0.24039054853717345,4.930463958678192,1.0984826207793607e-06,1.7114832854512833e-05,5.168226697528429,TBCB
0.3246421724591762,0.15685007813513918,4.929319690787729,1.104651650154937e-06,1.7114832854512833e-05,5.162967006259533,FAM172A
0.43010715785069825,0.0949177709750273,4.928971351306608,1.1065362627074016e-06,1.7114832854512833e-05,5.161366064992716,TBL1X
0.2764392795631557,0.012902941959040326,4.927432414038085,1.1148995366347113e-06,1.7149957353151433e-05,5.154294460979472,IFT20
0.46979934646257165,0.30676919158671084,4.925008040701585,1.1281985375794154e-06,1.7260211322206815e-05,5.1431582480675235,PNMA1
0.6416123970937064,0.29681796784628517,4.92145531021955,1.147964075708498e-06,1.7467669584429305e-05,5.12684800735175,SLA2
0.44796738591203333,0.20654062099766138,4.914610160426747,1.1869931570564836e-06,1.7964439446849467e-05,5.095452805355082,NFU1
0.584603155788463,0.2428053978249679,4.911057775178607,1.2077493341631944e-06,1.812876183435131e-05,5.0791755153178535,TPD52L2
0.4792203625195807,0.23675430243188075,4.910552345538865,1.2107308081200875e-06,1.812876183435131e-05,5.076860470695669,FARSA
0.6894737449615269,0.44506098638552316,4.901809418851154,1.263442135267472e-06,1.8817934448560495e-05,5.036849157954158,PDLIM7
0.6060913024929232,0.16176168956881826,4.896244030973154,1.2981418162601636e-06,1.9232995856696634e-05,5.011413439771539,MITD1
0.5895640869781058,0.2725184444079536,4.893888423440361,1.3131040892372938e-06,1.9352816812581057e-05,5.000655442560506,ARHGEF12
0.5871269022617005,0.2689391745588553,4.884736190106799,1.372831208964565e-06,2.0034049806366196e-05,4.958902220527378,BRAP
0.6802669810916847,0.27213669582806044,4.8840139037888095,1.3776547793240315e-06,2.0034049806366196e-05,4.955610125912001,EIF4G1
0.593878782818415,0.31875851139002587,4.883562600058483,1.3806769671172441e-06,2.0034049806366196e-05,4.953553362818864,TACC3
0.5308864688730773,0.39354669722015057,4.877732877406807,1.420295480398663e-06,2.0491152699621e-05,4.927000673687342,CMIP
0.32654498523887515,0.1807715598260179,4.876799814908955,1.426737452620148e-06,2.0491152699621e-05,4.922753530731358,EHBP1
0.4349200503424218,0.05344305329221008,4.863967204214356,1.5182449209471734e-06,2.169471803282382e-05,4.864416847454182,DENR
0.3746041138366887,0.07448699367387712,4.855621207669415,1.5807684371459767e-06,2.247405631598952e-05,4.826551455075004,CEP85
0.42333570843757307,0.1751207090629404,4.83613196787762,1.7365859024065363e-06,2.4445192068797645e-05,4.738360883332076,THTPA
0.5584644815686638,0.31685384155231144,4.836108643442892,1.7367809640353567e-06,2.4445192068797645e-05,4.73825553221285,MAVS
0.30872629081766795,0.0007529146993510896,4.830959081276731,1.7803675292499344e-06,2.4913837335896533e-05,4.71500750490444,DBI
0.2173894211538749,0.04130897271149899,4.830095666115994,1.7877780255243692e-06,2.4913837335896533e-05,4.711111776935006,NARS1
0.5320921922120512,0.21875331574179385,4.826263675156927,1.821027366535369e-06,2.5213453636861206e-05,4.693829516816326,LAT
0.24693042158390374,0.1032353219707514,4.825560654343004,1.8271916667565492e-06,2.5213453636861206e-05,4.6906602570117375,KCTD5
0.555350706593079,0.21961887291927834,4.822144499263198,1.857432908059838e-06,2.5505725054577776e-05,4.675266031911308,KAZN
0.5021920515451701,0.18935714881290716,4.8123715026143445,1.946634604009885e-06,2.6496708946013296e-05,4.631280990408822,PPIB
0.5578559592602248,0.21141997798424178,4.81217970531484,1.9484258443427184e-06,2.6496708946013296e-05,4.63041859002613,HPSE
0.34804790224908755,0.08519977074157599,4.8085043457322865,1.9830592351060775e-06,2.683803724434427e-05,4.613898716527547,LPP
0.592843358826353,-0.0032981047065101152,4.806027408179324,2.0067334406902933e-06,2.7028491079153947e-05,4.602771976852312,MTSS2
0.2826643280220351,0.13921758244166438,4.799090330851442,2.0744949826960777e-06,2.7808111315664093e-05,4.571637588132079,LRRFIP1
0.4808639483609554,0.18042945353791773,4.797822946844847,2.0871106457436368e-06,2.7844627809328615e-05,4.565953869041612,WASF1
0.4231706876376462,0.17104371628244577,4.793229579576315,2.133455614173342e-06,2.832866770706584e-05,4.545365930119205,L3HYPDH
0.31142998736471833,0.15209798224338447,4.791392497569143,2.1522670485707194e-06,2.8368157278052663e-05,4.537136992384198,MAP2K1
0.12095731211757649,0.03126448143474801,4.790973037408198,2.1565846030206998e-06,2.8368157278052663e-05,4.535258487217639,AMOTL2
0.3798784966435582,0.17387535200197202,4.783663696707431,2.233173242377082e-06,2.9238989196704583e-05,4.5025485862364185,IRAK1
0.7364088145781724,0.188939740906234,4.779689016422989,2.275913265622514e-06,2.9660628901515633e-05,4.48478074972804,EDF1
0.6766932832710247,0.26850684933419816,4.777394662900828,2.300942039629884e-06,2.9848625997963704e-05,4.474530557240559,IRAK4
0.7010525700840546,-0.06775669533524824,4.77029355073791,2.380097847792076e-06,3.073383230061786e-05,4.4428343711225615,CENPJ
0.3141092491729309,0.17449761972292885,4.763975555451042,2.4527229332991444e-06,3.152700939377667e-05,4.414669961970146,GADD45GIP1
0.4792862629198366,0.23536647842259795,4.761214940904364,2.4851215685801943e-06,3.1798260070696576e-05,4.402374404744789,HEXIM1
0.29605207523572996,0.2244726244624728,4.753558965031888,2.5771423049252454e-06,3.282649587495279e-05,4.368309458084342,HARS1
1.4304220640562186,-1.475958895618125,4.746580573037445,2.663869266508718e-06,3.3778342275774964e-05,4.337303150661764,KIAA1549
0.7188754901488444,0.4106189060757485,4.741212884038508,2.7324828710702465e-06,3.449300126485536e-05,4.313481904877779,STAT5B
0.13829826627091102,-0.015379871050837013,4.739049477349791,2.760615238640302e-06,3.46925531105913e-05,4.303887916363932,LAMP1
0.3746041357555718,0.13781469791854564,4.73719834821509,2.784907925598904e-06,3.4842292491381846e-05,4.2956819615845205,MYBPC2
0.5120166205492764,0.31604792862672065,4.736164222771161,2.798568354966663e-06,3.4858273978898925e-05,4.291099019322715,MTIF3
0.6031604590307869,0.18722229949913538,4.734366193109599,2.822473347139615e-06,3.5001156265189494e-05,4.283132860494673,RBPMS2
0.327250513678063,0.1436050113649438,4.7231319058462855,2.9763437371155577e-06,3.674740184201883e-05,4.233422233064523,IMPA1
0.38724580938596165,0.20691318035344883,4.718950088310484,3.035655818256428e-06,3.7272496992985684e-05,4.214945762920101,PPP1R2
0.24777887813533084,0.03763537707962426,4.718273732661955,3.045354994098298e-06,3.7272496992985684e-05,4.211958840028384,TNFAIP2
0.5578050899214179,0.27572616357087404,4.714826336395416,3.095256901835606e-06,3.771925618470662e-05,4.196740546541486,RILPL2
0.27583038918039293,-0.0067316288508559065,4.706724500265361,3.2156485982483963e-06,3.90174603623674e-05,4.161015729640788,HSDL2
0.25167865856578514,-0.019413712242456166,4.6996069252630335,3.325120038149905e-06,4.017258758537332e-05,4.129677517133853,NPL
0.42651375260941515,-0.1022972911766811,4.695714373930176,3.3864962250855807e-06,4.066836453673896e-05,4.112557287220394,NRGN
0.26380042956691474,0.04940406537136604,4.695177279789626,3.3950499702073375e-06,4.066836453673896e-05,4.110196060862828,IDO1
0.5188343073245713,0.1893952098327464,4.678639246691671,3.668841088758487e-06,4.37618121392167e-05,4.037611342124039,NUB1
0.5693420951045367,0.33420682231690463,4.672930235961964,3.768191887076446e-06,4.4757215873924875e-05,4.012609370159588,CRKL
0.49516845126620007,0.23085987851870987,4.670523252642419,3.810849896974279e-06,4.507370781505292e-05,4.002076663296304,STK4
0.5582370435959599,0.19648164469613336,4.666863677206655,3.876597748454283e-06,4.56595090456017e-05,3.9860723003380087,SKAP2
0.4370564168898682,0.18919522412721934,4.660933208595218,3.985465611638802e-06,4.665422500380504e-05,3.9601611612092817,METAP2
0.6596272906373261,0.3967227700701251,4.660464272283344,3.994198304055778e-06,4.665422500380504e-05,3.9581135977417965,MINK1
0.4918428686555825,-0.03923604654827134,4.655940570174141,4.079390065003005e-06,4.7452409227204375e-05,3.9383710321589582,MORF4L1
0.5753196199083098,0.19872568021112733,4.649436294803082,4.20494724562887e-06,4.871163167261427e-05,3.910015648498989,RAB27B
0.6659289555763575,0.15350122163206487,4.645412864926385,4.2844649296772574e-06,4.9283669449066225e-05,3.892493759856711,BRD3
0.12675751564465104,0.012123734334808064,4.64440336008083,4.304642044340417e-06,4.9283669449066225e-05,3.888099593150848,CDAN1
0.40315146620624775,0.1119884846852682,4.644293168552991,4.30684997672124e-06,4.9283669449066225e-05,3.887620005299876,TARS1
0.8465347415813156,0.36303139411158564,4.628646058970086,4.63167093080212e-06,5.278604724780554e-05,3.819625209657497,DAPP1
0.32577562353691286,0.1386893699545496,4.620886877248394,4.801349534314265e-06,5.443008426198081e-05,3.7859858787948504,RAB2B
0.36825555767268914,0.20716489293280532,4.620292214589137,4.814597151414999e-06,5.443008426198081e-05,3.783409908495205,DNAJB14
0.608346629837453,-0.4395543077601234,4.618948290065754,4.8446659260709575e-06,5.455093832755898e-05,3.777589396687734,GRSF1
0.3279245330550303,0.2106008402863422,4.616380672773597,4.902615653388925e-06,5.4983518184421606e-05,3.766473429310299,DXO
0.5139360640444209,0.14710863802842816,4.61508705048981,4.932063631856542e-06,5.509428223681018e-05,3.760875115576006,EIF2AK3
0.4492771739173516,0.14674469000679616,4.610596797563581,5.035603491894155e-06,5.6028552686490296e-05,3.7414541911737,MVK
0.5600593633831512,0.24302942074419212,4.60934734738029,5.064783539947775e-06,5.613136088564167e-05,3.7360532539838918,FYB1
0.4866756879358709,0.2524257503434791,4.605463129190592,5.156537459868479e-06,5.6924129213842235e-05,3.7192717449660258,DTYMK
0.5689249351927066,0.2227435697854619,4.601991839125874,5.239885972402364e-06,5.761827739184631e-05,3.7042852925418632,DBNL
0.298578050889147,0.14804360707874487,4.5970393078825715,5.361042905418526e-06,5.8721150890090084e-05,3.6829219633552785,CASP2
0.6206021877936055,0.14659172953645142,4.5958458061746255,5.3906399879131735e-06,5.8816478937889857e-05,3.6777768219573854,ECHS1
0.6458939941494973,0.1066498712369716,4.584870175329786,5.6702751944899325e-06,6.162866668914734e-05,3.6305190125485467,DIABLO
0.4969387700737161,0.17305200647228888,4.580806035919331,5.777311569210919e-06,6.255050795126437e-05,3.613046459457607,IPCEF1
0.2637794403564283,0.1336178550814944,4.574381565113273,5.9504776300418066e-06,6.39852789871652e-05,3.5854555092814735,SERPINB6
0.28012463549260774,0.05832568314846843,4.57420557767184,5.955290619764577e-06,6.39852789871652e-05,3.584700204637521,PAG1
0.5922500625720155,0.20381281805043758,4.56698719715822,6.155953739628281e-06,6.570917712470296e-05,3.553743381651678,BANK1
0.5113923494959485,0.2636850840657678,4.5667582317242825,6.162423716135553e-06,6.570917712470296e-05,3.552762175954019,GOLGA3
0.3312766399226039,0.196792268626333,4.564776391860931,6.218698774827841e-06,6.605900774015235e-05,3.5442711197029997,LZTFL1
0.5500332060979499,0.2121251048427704,4.559902611372946,6.359196825212249e-06,6.729751527433265e-05,3.5234042060976876,VAMP8
0.38724637549897994,-0.0037769678798207974,4.5496175187780485,6.665751163807812e-06,7.027748886186888e-05,3.4794364634914245,SUSD1
0.4967580542317111,0.2725391484577771,4.546916969251257,6.748563385566714e-06,7.088509675511306e-05,3.4679070730068933,CASP3
0.5410263095867607,0.14333498195417585,4.537772966744447,7.036354888550337e-06,7.363323052516431e-05,3.4289157329399877,CXCL1
0.32361254689672975,0.28092373495601314,4.515308643389467,7.794221284836658e-06,8.126197376598219e-05,3.3334324735429046,FXN
0.3452742544213781,0.18504646180526121,4.509545453547396,8.00091811411e-06,8.310916786427914e-05,3.3090069555479324,AZI2
0.43704955186084987,0.13925318045338628,4.50816299077651,8.051276008495398e-06,8.332478663203877e-05,3.3031520975721556,GLRX5
0.5835941438901951,0.2704298673788851,4.501362052190838,8.303464685117298e-06,8.56019463725044e-05,3.2743736549093487,CDKN2D
0.2931015101931728,0.08910246915864574,4.500601705026627,8.332125508371654e-06,8.56019463725044e-05,3.271158711992726,NAGK
0.3324334887723763,0.007940886090036143,4.499701223566083,8.366191262512824e-06,8.563937601444945e-05,3.267351894801118,LGALS8
0.2785447379467215,-0.005220781921076963,4.48733279737569,8.847819653379325e-06,9.024134900095217e-05,3.215135225701413,ENPEP
0.3100140540131454,0.09867879402043778,4.482351351920894,9.049209122600493e-06,9.196217935061513e-05,3.194142256034377,BACH1
0.5487503804857987,0.23572207140862175,4.476686503776546,9.283564596203896e-06,9.377018257114068e-05,3.1702954848113674,FKBP5
0.2567330416701472,0.13757164577097178,4.476443634769691,9.293741007938987e-06,9.377018257114068e-05,3.169273726123036,HSPA1A
0.41860486790351853,-0.1269145012686564,4.475612726048525,9.32863766084567e-06,9.378612505457344e-05,3.165778451064103,PLA2G2A
0.9004322944410522,0.6773856903241731,4.47167878925675,9.495567038406421e-06,9.512463065165151e-05,3.149238224959504,YARS1
0.41623476046226354,0.11094862207917829,4.470005074312054,9.567452466537694e-06,9.538865445712006e-05,3.1422051771278863,ICA1
0.34713519477203125,0.2279750117153743,4.469489657571841,9.589694213628766e-06,9.538865445712006e-05,3.140039856688718,RABEP1
0.3501840523679239,0.13819272411929256,4.465298751513523,9.77239204755797e-06,9.686367469674537e-05,3.122441995392869,RNF41
0.49399470085464375,0.2711689152812078,4.46147310721018,9.94207382098311e-06,9.819978177567528e-05,3.1063912326038867,TREML1
0.40103204514535273,0.2066680703605637,4.460583233159518,9.981945731691368e-06,9.824887145003916e-05,3.102659528649351,CIAPIN1
0.550742769574451,0.23805720588319326,4.454124191363528,1.0275975807890812e-05,0.00010079049442234367,3.075594071067073,USO1
0.4998394263596074,0.1848956400030986,4.451808900060172,1.038337866703999e-05,0.000101490315790686,3.0659011005915104,PRDX5
0.5843810937561792,0.1232669668595215,4.446904242452273,1.061446010138832e-05,0.00010338998334051253,3.0453831620518113,SNAP23
0.3044369524634564,0.17249632521642427,4.441861122392557,1.085719631206451e-05,0.00010538968144297102,3.024307832720895,CNPY4
0.5267128349612958,0.19706834704704493,4.439326650125689,1.0981183859240048e-05,0.0001062269160266692,3.0137245727863924,EIF4G3
0.43334945877324765,0.15080015775860003,4.433487351120244,1.1272025585144776e-05,0.00010866695898007721,2.98936256742096,PDAP1
0.5411888286727407,0.11996835589264718,4.429663436455991,1.1466466139018401e-05,0.00011016417126736109,2.9734250028859996,CNST
0.6119253650982488,0.243875851870608,4.42345584711716,1.1788967048268227e-05,0.00011250031516432528,2.9475797443497456,EGF
0.3570835531630064,0.1630152670512745,4.423444708567234,1.1789553454165527e-05,0.00011250031516432528,2.947533399265991,NUDT16
0.39073059405474564,0.001032372880075369,4.418196800646141,1.206896503281266e-05,0.00011477748840326904,2.9257100300457264,RNF5
0.41593141856867727,0.1850226006121986,4.417362170002368,1.2113982879524298e-05,0.00011481771651805016,2.9222414412656974,CHMP1A
0.4283167233045982,0.3627594065676499,4.412792364395103,1.2363329339091551e-05,0.00011678782580383461,2.9032608468134615,TBC1D23
0.489263688362167,0.2775731212518251,4.4103510042672704,1.2498544774304048e-05,0.00011767024595205984,2.893128174006657,CRACR2A
0.5101375717425407,0.33570414072427635,4.409591508820092,1.2540897454334225e-05,0.00011767542111316948,2.8899770086208267,SMTN
0.34032826913693814,0.035542372440650914,4.408829157967798,1.258354745214596e-05,0.00011768334245113248,2.886814502286075,FIS1
0.2719337802708394,0.07512225195795089,4.400190205991182,1.3076657366280593e-05,0.00012189003472211878,2.8510124551706753,MZT1
0.40083918076754615,0.22615705820032894,4.3979314870030475,1.320860205198798e-05,0.00012271358011995434,2.841662484208575,DAAM1
0.39169829191336053,0.24089748703905822,4.39575847288171,1.3336741672461269e-05,0.00012349647305256076,2.832671492909716,CDC37
0.3682497516682854,-0.10481235640268684,4.39007163464612,1.3677739565578979e-05,0.00012623880943313058,2.809161336094803,GLO1
0.20582584501515935,0.06547067376594293,4.388734940220646,1.3759093428584664e-05,0.00012657466667145696,2.803639360880412,TALDO1
0.3470415301989816,0.10152090189056566,4.37806286246087,1.4425422652468959e-05,0.00013227219793713392,2.7596082692875488,DNMBP
0.5411558412432136,0.21492774306432721,4.371950575846148,1.4820837999320342e-05,0.00013545668496132065,2.7344348928395767,PDP1
0.5603714445256099,0.2609528872868642,4.365911419189163,1.5221688247404513e-05,0.00013867007254512526,2.709594780363478,SDCCAG8
0.5357434707502586,0.20750627877996394,4.36497800117944,1.5284561537549622e-05,0.00013874191800201805,2.7057583137389223,LDLRAP1
0.29745737598600275,0.08851912248248946,4.3642451649230045,1.533409793281328e-05,0.00013874191800201805,2.7027467975786728,DMD
0.331809607167116,0.17686523911605273,4.363416459192216,1.5390299592687213e-05,0.00013874191800201805,2.6993418814542274,ANXA4
0.19239609320987883,0.021349421299050764,4.362880957481663,1.5426721255641794e-05,0.00013874191800201805,2.6971419767283287,BCAT1
0.32907807589718296,0.022589029548421898,4.3604230269166315,1.559495494866214e-05,0.00013980827446013986,2.6870477234725083,CD40
0.5376589755656397,0.24649514174107262,4.358344140424048,1.5738612598944283e-05,0.0001406482364000894,2.67851425736149,TRIM25
0.24361800522930618,-0.016625054334367326,4.347637230888057,1.6498755115623876e-05,0.00014697466978000383,2.634624155161644,SERPINB9
0.48528872037129456,0.23048101918141434,4.345422159183246,1.666033710075506e-05,0.0001472920715265701,2.6255565889249475,CRYZL1
0.34129512905817994,0.09607122202157763,4.345061268168326,1.6686805741962767e-05,0.0001472920715265701,2.6240796607336403,PKD2
0.5561755539307252,0.18488887160352807,4.344999264256043,1.6691357306208123e-05,0.0001472920715265701,2.6238259243421282,PPP2R5A
0.43493309679315484,0.09204147157558247,4.340537881069534,1.7021989607359707e-05,0.00014974031482724241,2.605577599847736,STK11
0.41544608927246235,0.24097148484038725,4.33975973856937,1.70802949343859e-05,0.00014978514093550252,2.602396560943008,USP25
0.7663933974136947,0.2725430197870376,4.337941381787376,1.7217287311212973e-05,0.00015051758938218793,2.594965203516608,EIF4E
0.4755669682675627,0.06657831956694013,4.3342358181808365,1.7499716133330367e-05,0.0001525130059297987,2.5798300720630394,RAB33A
0.3367884815381374,0.15564916738060663,4.333059382744348,1.759030313632465e-05,0.00015282933126158608,2.5750275139808796,SPART
0.2644724662125753,-0.03753934468631977,4.328365626910612,1.7956208103406332e-05,0.00015552838711104254,2.555878280450191,ADGRE1
0.479993783849253,0.13261548238212892,4.32662394306917,1.8093823137124564e-05,0.0001558403594509082,2.54877759926927,TRIM5
0.2820982345733949,0.12667858654664965,4.326499386550391,1.810370318655131e-05,0.0001558403594509082,2.548269895901031,SYAP1
0.42692338163685917,0.18663161809490023,4.325812155846624,1.8158308312574738e-05,0.0001558403594509082,2.54546892730359,TBCC
0.2535739366576146,-0.013946000860613225,4.314473557207129,1.9082271868511056e-05,0.00016327232616978305,2.499315585638831,MFGE8
0.22233586474974965,-0.009253536363201113,4.312552138388759,1.9243229326891822e-05,0.00016415057744000145,2.4915056899108396,GNAS
0.266221598932421,-0.0020900296848489395,4.31119092415209,1.9358042239906766e-05,0.00016463108430615571,2.4859747890257076,ARHGAP1
0.3902201385876435,0.17083584564653528,4.310189899446561,1.9442891787995857e-05,0.00016485463970845884,2.481908451082438,HGS
0.3816208536907126,0.11668060802840145,4.3050175037367415,1.9887007499248243e-05,0.00016811389222337478,2.460911274908666,TARBP2
0.3609164725702929,0.08063643829084616,4.3027092239941105,2.008831387968929e-05,0.0001693071963213334,2.4515484597447514,SESTD1
0.4433616202864167,0.020754334003739223,4.298426607995726,2.0466968513857408e-05,0.0001719836309448018,2.4341897486446076,PKN3
0.6293720199566863,0.2618760893072907,4.295913873308255,2.0692298418247816e-05,0.00017309116078181963,2.424012382000228,EHD3
0.28613464359534924,0.15401941346109269,4.294611027543259,2.0810061826695055e-05,0.00017309116078181963,2.418737627707486,STX4
0.4092221712566368,0.15071240669954042,4.2941872738100395,2.0848502375647e-05,0.00017309116078181963,2.4170223221917517,COX6B1
0.16271848547662704,-0.007883443059802308,4.293831341480827,2.0880842927866108e-05,0.00017309116078181963,2.415581671565013,PTPRC
0.5650017774530638,0.42300323067056833,4.293024263670875,2.0954352773424438e-05,0.00017309116078181963,2.4123154031137357,EIF2S2
0.24556146893368502,0.2159665406323982,4.292877971909011,2.0967703668419358e-05,0.00017309116078181963,2.4117234171100144,YWHAQ
0.41442636735798244,0.0824502685882123,4.292155830890806,2.1033726860271387e-05,0.00017312848278264314,2.408801467804288,ASRGL1
0.41038586324100024,0.22169662560574568,4.281824332240202,2.2000311134353178e-05,0.00018018710062254301,2.3670479668808078,MYO9B
0.42434953973466427,0.17946756767969563,4.281625614846984,2.2019311763465294e-05,0.00018018710062254301,2.366245793281383,FADD
0.5263311949976907,0.29181284794523726,4.277492089356963,2.2418114130270943e-05,0.00018291881529481943,2.349567623871449,GOPC
0.31028197143208996,0.1574015805783053,4.273441492224269,2.281559704232467e-05,0.00018562400483856633,2.333238617821456,DNAJB8
0.40777535850137936,0.20812410685811583,4.2663029337651786,2.3532524609407965e-05,0.00019058655986069214,2.3044963292775194,FKBP1B
0.545341292717713,0.2045576051062234,4.265996752655509,2.3563750275292348e-05,0.00019058655986069214,2.30326454051227,BIN2
0.16230686889116352,0.016910593534190742,4.265361412439333,2.362867118699167e-05,0.00019058655986069214,2.300708783708439,CD36
-0.22988732087939392,-0.0334893194747885,-4.26335740489965,2.383456655582071e-05,0.00019169801387038658,2.2926496699491636,MXRA8
0.5084898455211385,-0.1413745833831258,4.253589555736535,2.4862880402515563e-05,0.0001993988841398328,2.2534188198004994,DNAJA2
0.5024162787735822,0.3379492039263931,4.252049102141238,2.502886688263825e-05,0.00020015983032564398,2.2472395172710584,SIRT2
0.42138483399867716,0.25917017338089304,4.241349794087817,2.6211245520925243e-05,0.0002090216887858486,2.2043784163476214,FOXO1
-0.2128786199499989,-0.019634041063344567,-4.237615542993474,2.6636317215318483e-05,0.00021181139254554106,2.1894428319307835,MANSC1
0.2896013170773775,0.077068106961186,4.23307408115022,2.7162135836679492e-05,0.00021538426022606414,2.1712952506155982,CDC27
0.2711100768006946,0.18422688746394436,4.228557008780572,2.76949396354721e-05,0.00021899228953329767,2.1532631392492565,TOMM20
0.4028375155413436,0.23995409147007896,4.225345433244361,2.807980107077959e-05,0.00022141355746286984,2.140453486477547,JPT2
0.4537502660432993,0.19775293866303084,4.220597070773083,2.8658179700490957e-05,0.00022534294932089957,2.12153086618196,CDKN1A
0.42527349628075906,0.04293877534299949,4.21450262546537,2.9417174818018016e-05,0.0002306667050493613,2.0972730974746643,COMT
0.30622494738645606,0.02909172084957328,4.212934904536447,2.9615493385961193e-05,0.00023157670522633544,2.0910383770504524,DGKA
0.38469358225666855,-0.01710298529608778,4.21082132849058,2.9884881210949375e-05,0.00023303584656183513,2.0826362557039335,RAD51
0.36539583789111424,0.12796313909843746,4.208709682569555,3.0156354325862156e-05,0.0002345031420643701,2.0742457385590427,CSDE1
0.4829682804107841,0.2563004560671465,4.202890362825683,3.0916702210217566e-05,0.00023975348959163212,2.0511433084767337,GIT1
0.40636653671013584,0.201647713340962,4.2013619551525005,3.111941174252733e-05,0.00024066248366817153,2.04508055069169,USP8
0.4456074461647608,0.25183453605278877,4.200148832373888,3.128120661966931e-05,0.00024125094968320307,2.040269904364818,METAP1D
0.303589358603637,0.07815492923686095,4.198890216485074,3.144991600281978e-05,0.00024188938127851827,2.035280226299207,VPS37A
0.18711937264755502,0.13753689501142058,4.1979909111429805,3.1570992803766495e-05,0.0002421589775002798,2.031715860611298,AAMDC
0.6110906886735847,0.23737053361589525,4.1917725973524975,3.242042165046969e-05,0.0002479986058317179,2.0070893042695097,HNRNPK
0.6244068256510693,0.03263965849040023,4.191128607554226,3.250962518732124e-05,0.00024800703225558076,2.004540842911723,MINDY1
0.2916108733410526,0.09287991960325791,4.18626535804587,3.3190858431579346e-05,0.00025251963914836714,1.9853073150349658,AP3B1
0.2537168626141463,0.06365628329389249,4.185339885895792,3.332202736918295e-05,0.00025283425079312673,1.9816495546402564,BAG4
0.6848254800816173,0.301140582387038,4.184355742320197,3.3462053605121914e-05,0.0002532141959634897,1.9777607352120103,PMVK
0.24815780938015097,0.06950464890662636,4.174892523077583,3.483741695915955e-05,0.00026291509045585555,1.9404106788656676,NACC1
0.3007306193752973,0.11052027890869895,4.173596034461335,3.502998718949578e-05,0.0002636615345947343,1.935299768828994,SMNDC1
0.49135985145226146,0.13382102960227907,4.1717410363437875,3.530727768344184e-05,0.0002650399644770367,1.9279897294568507,GYS1
0.3597333446272944,0.04444217680468549,4.1647321975828415,3.6373966086365514e-05,0.0002719878894849603,1.9003972440486763,TMSB10
0.451263621074112,0.2914703677387195,4.164394767022532,3.6426086797808185e-05,0.0002719878894849603,1.8990699376981848,ZFYVE19
0.44387138031277296,-0.2493674287191864,4.162966782129233,3.6647446648936576e-05,0.00027291683152581077,1.893453974085988,HSPB1
0.4247572903898947,0.23845814822462116,4.16035751817444,3.705523542462914e-05,0.0002752255612673642,1.883196941376946,ESYT2
0.3551327695608667,0.04859610836338302,4.1580428111439005,3.74206021924687e-05,0.0002762227506379094,1.8741028480209465,FAM13A
0.3606829350791057,0.024339544963574367,4.157797634746933,3.7459502510130134e-05,0.0002762227506379094,1.8731398685687122,C2orf69
0.1630390817035504,-0.0061105406854278,4.157644185003693,3.748386882546408e-05,0.0002762227506379094,1.8725371909600952,HEPH
0.3112782280515841,0.14086709814437556,4.1561483455490515,3.772218525362241e-05,0.0002772531370468592,1.86666333489244,CASP8
0.5272967192539751,0.3347050691340647,4.151571848465466,3.846030036990682e-05,0.0002819420456804367,1.8487046433383263,GIPC3
0.3270764385092359,0.09354695300849648,4.15068010897561,3.860571496374712e-05,0.0002822729548648004,1.8452075114530864,CEP20
0.23587411298891814,0.03786238730399972,4.149581633723188,3.8785561087057196e-05,0.00028285324989654406,1.840900590687319,FNDC1
0.50427128864219,0.25799881879613923,4.144446414637646,3.963694681188981e-05,0.0002874024974732006,1.820780482490587,AIFM1
0.492806936042854,0.2982418592625059,4.1439982546017955,3.971208679974094e-05,0.0002874024974732006,1.8190256695575755,DNAJC6
0.14195140582761578,0.03661847475988505,4.1434178387962515,3.9809602721050665e-05,0.0002874024974732006,1.816753260573332,FAP
0.49952443793954693,0.2505709464978931,4.143369390975657,3.981775275827646e-05,0.0002874024974732006,1.8165635940537523,ACOT13
0.5339780868527977,0.153606235681298,4.140326879735776,4.033276628767001e-05,0.00029037528670023294,1.8046567406208975,PSTPIP2
0.3061310660347996,0.0833990665336057,4.136139528274336,4.105194437400745e-05,0.00029479903931844633,1.7882829453922398,ZBTB16
0.6019756204145726,0.09922212620412904,4.133554875959002,4.150193171461262e-05,0.00029727210630186906,1.7781839225736213,CD69
0.321818567557619,0.04166755366980445,4.127218089491758,4.262510716029138e-05,0.00030454232653863005,1.7534491743924132,NIT1
0.8227997766990761,0.08442437096745652,4.1227775999304965,4.342933852880918e-05,0.00030950275432556416,1.736137523424171,SLK
0.3114829091734233,-0.024658190983009684,4.120645241970413,4.382064720277345e-05,0.00031150283301971534,1.7278305342490956,BRDT
0.37114012715615724,0.25138677534304704,4.113230088969123,4.5207673415267664e-05,0.0003197731173322538,1.6989747863719895,MIF
0.42712430682091446,0.16066651379421285,4.1132111896960835,4.5211261349284904e-05,0.0003197731173322538,1.6989013028566706,PVALB
0.37317203439750257,0.23563333139227452,4.109335561999211,4.595278019674968e-05,0.00032420319863120384,1.683838900364755,IMPACT
0.3406077307491304,0.027539165331126728,4.106801840835234,4.644379040058136e-05,0.00032684817494409136,1.6739989301153138,RAB10
0.29962458370826356,-0.0024655652350313952,4.10509758941325,4.677685962726597e-05,0.0003276986152782126,1.6673834903669533,HAVCR1
0.15514433459485294,-6.885051666994998e-05,4.104992572412783,4.679745767028116e-05,0.0003276986152782126,1.6669759271231221,CLSTN3
0.20175483796385732,-0.006030562169968176,4.099494785435093,4.788792022458587e-05,0.0003345024700551097,1.6456530634829338,BAG6
0.4469058638435016,0.22074768968437586,4.097991660605085,4.8190238300368016e-05,0.0003357809921176633,1.639827937988155,IRAG2
0.5739299890807723,0.03590546267856489,4.094354519914051,4.89292884318405e-05,0.00033964794541067726,1.6257410500781617,RRAS
0.17621128942135691,-0.02193322601755489,4.0940750241818185,4.8986524275927164e-05,0.00033964794541067726,1.6246590295223662,BRK1
0.3053919911603308,0.20633728994063275,4.0803455564206,5.187776240785968e-05,0.0003588105680052212,1.5715929524861014,SNX9
0.35239266396607455,0.04938354131103067,4.0766277120138845,5.268816421182875e-05,0.00036352250553014197,1.557251783588879,GP1BB
0.3904442571879545,0.22627084861791974,4.074099728831497,5.324605999822374e-05,0.00036647349363080645,1.5475073729907391,PTRHD1
0.18531269055465338,0.03438269205164677,4.068433375814843,5.451701750561367e-05,0.0003743058640934207,1.5256863380933572,TIMM8A
0.34407026334232693,0.23468840805435265,4.066505952339914,5.495586801276525e-05,0.0003764008964864579,1.5182703538046551,OTUD6B
0.49232595417039005,0.19064142108675616,4.050535629637123,5.872345432680124e-05,0.0004012294270144308,1.456949535646201,CALCOCO1
0.2871529351770939,0.125984671044634,4.04757499502156,5.9448330362533666e-05,0.00040519866820952125,1.4456065465158128,PGD
0.45240995622365315,0.12253127334929392,4.042589756964659,6.0688142378971066e-05,0.000412650050233825,1.42652434653309,PRKAR1A
0.2626274388176841,0.1181153970808051,4.040414601141655,6.123675466904878e-05,0.0004153770226346321,1.4182053309451215,DBN1
0.11291550615625047,0.010665491036372968,4.034124853251158,6.284975596623222e-05,0.00042529342078111463,1.3941734599633593,RFC4
0.3725828324106875,0.1510907607937522,4.03180842668264,6.345390126118689e-05,0.0004283518754202424,1.3853317140336037,RAB37
0.34160059631860024,0.009901741765401583,4.026773521066164,6.47861187105552e-05,0.000436298861651227,1.366130046031996,CABP2
0.3138767531742828,0.18615918811778417,4.024053891849388,6.551672228677209e-05,0.0004400848815036506,1.3557675435628234,DFFA
0.4079600665940373,0.1267379078713603,4.023520316684612,6.566097699166367e-05,0.0004400848815036506,1.353735253500048,VTA1
0.19758853098964946,0.011374020191522928,4.0215874276294725,6.618607113557683e-05,0.000442550570657123,1.3463753525652535,MYL1
0.3422174815560054,0.0826973087452704,4.020883403932405,6.637831644846615e-05,0.0004427842673043418,1.3436954525761555,ENSA
0.35519596175398355,0.11817614053078969,4.014175036645488,6.823692204809391e-05,0.00045410623065102683,1.3181818407513939,TDRKH
0.2378032377794493,0.03449250034331106,4.00899041659126,6.970707985413565e-05,0.0004627958249749808,1.2984908464079794,LGALS3BP
0.4298720883075886,0.31931346121911836,4.003874107082856,7.11872923421275e-05,0.00047151112457197386,1.2790827378836855,YES1
0.6596279301866547,0.19763731390080871,4.000637118342557,7.213914181863275e-05,0.0004756299558838148,1.266815639126257,SNCA
0.35268611458060634,0.10479781172626504,4.000450018615187,7.219452668290567e-05,0.0004756299558838148,1.2661068791684746,PCYT2
0.36641818883006627,0.14140622414670606,4.0000400397362466,7.231602881643791e-05,0.0004756299558838148,1.264553930724115,ATP6V1G1
0.20398621348298407,0.07574683568717785,3.995478947030973,7.36809107486779e-05,0.00048337464909214533,1.2472871762159938,PLSCR3
0.5247678228549869,0.2767018814553704,3.9949625175645345,7.38369801455142e-05,0.00048337464909214533,1.245333316039603,CA13
0.5300236595454518,0.10057127259692664,3.984823899698146,7.696519882730756e-05,0.0005026845352642013,1.207022945271376,ANKMY2
0.36705277758794425,0.08669980275518514,3.9837313653983837,7.730969658008412e-05,0.0005037657311873537,1.2029000955002616,TOP2B
0.11380976287218648,0.06085563737452038,3.9805876651647227,7.830914224503097e-05,0.0005090998508539542,1.1910427802946764,C7orf50
0.38878042743451546,0.2029834090520778,3.969889257070895,8.180294693431652e-05,0.0005305882387559931,1.1507568134492372,RILP
0.3657157349999719,0.24614857302127885,3.9658181305883202,8.317087266693733e-05,0.0005382207047297209,1.1354533575471981,DCTN1
0.31109808151552504,0.16280390167774203,3.959881519311661,8.520452423399846e-05,0.0005501163663273065,1.1131639851332267,DYNLT1
0.14941321795957857,0.015417371222749538,3.9396062454967242,9.251110277803415e-05,0.000595923922929442,1.037276224287421,FN1
0.5062525004934669,0.04085942894583827,3.938923183557475,9.276730211049567e-05,0.0005962099439293272,1.034725997452207,TOM1L2
0.3898338495908372,0.1420035590644037,3.935926517989672,9.389923761387897e-05,0.00060211014551952,1.0235428016363892,UROD
0.31446872941168375,0.1775775205488068,3.924060391942894,9.851118799066097e-05,0.000630247714076615,0.9793385738954461,LACTB2
0.24694162915984136,0.055400196772561375,3.9214650247022447,9.954810949456348e-05,0.000635437478973234,0.9696869539353532,GATD3
0.30836636092380515,0.20380224992214785,3.9157871832757682,0.00010185270620037965,0.0006477817037049077,0.9485932477321786,PARK7
0.2773689063420389,0.07817424612647918,3.9155691570038615,0.00010194220061856983,0.0006477817037049077,0.9477838341860707,GFER
0.44427119714106506,-0.040444594869047355,3.913833863460554,0.00010265715431906801,0.0006498628970201903,0.9413431427801147,PPP1R14A
0.3571461707050702,0.06946383434358008,3.9136542305316286,0.00010273143487530539,0.0006498628970201903,0.9406765733804665,ATP6V1F
0.3592072654943825,0.033547489491275194,3.9063991745048567,0.00010577437235932006,0.0006676117896670089,0.9137791172285903,SLC27A4
0.5205354845462051,0.1079213170057317,3.9006998018089307,0.00010822443586195461,0.0006815476218152175,0.8926822120657016,RBPMS
0.46880881070774516,0.08810298619307935,3.894688312796866,0.00011086681025363291,0.0006966296224642336,0.8704614436237232,YTHDF3
0.1502785672342717,0.01702420442996854,3.890663443891734,0.00011266994415308856,0.0007063828347237066,0.855602047783715,FGFBP3
0.3737124541831687,0.12676767347678386,3.889451066776158,0.00011321850055065706,0.0007082446201113325,0.8511289177444112,CLPP
-0.4888225187588377,-0.2318652075257735,-3.888744072319528,0.00011353955487327605,0.000708678152922998,0.8485210309254319,IGFBP1
0.4112231478578598,-0.2783724979275527,3.867436401296738,0.00012362963692592662,0.0007688982778114122,0.7701334139891491,STAU1
0.435804577894104,0.20819759669853471,3.8672249374901884,0.00012373389692666773,0.0007688982778114122,0.7693575081409971,RBM17
0.2463323937632094,-0.04780933866186089,3.8609682493223123,0.00012685656979396736,0.0007865666166740487,0.746418504099144,TIGIT
0.4402624168936006,0.20793318411903738,3.857929303159465,0.00012840002583587947,0.0007943869730285731,0.7352894137413619,YOD1
0.3068146700855831,0.07528205641628984,3.8571647915885374,0.00012879109986246645,0.0007950590923527259,0.7324909566215076,BNIP3L
0.3685851950344903,0.30182623417240473,3.855774821768355,0.00012950500286269535,0.0007977168119441739,0.7274043816297464,GMPR2
0.32857470515409865,-0.2087287065131612,3.8456898866810927,0.00013479784967860696,0.0008285064341599969,0.690550548437499,CETN3
0.20502018534556343,0.08925970033288444,3.8403215036928646,0.00013769802861051653,0.0008444879096701612,0.6709697997891988,PRKD2
0.17693323307953407,0.040397341534844755,3.8336246543768215,0.00014139854890825963,0.0008652976416885888,0.6465797954269119,SPTLC1
0.49517470106687395,0.19578972469814898,3.8191554059751573,0.0001497170763211451,0.0009142159866464717,0.5940199592924209,APPL2
0.32559601278879063,0.210053483892283,3.8081435670094086,0.00015635526693410172,0.0009526841480941479,0.5541451208888093,RWDD1
0.41474589710400683,0.13879530373341115,3.8057535310417037,0.00015783226953741827,0.0009596065631702644,0.5455049667858418,NFAT5
0.4725453747256758,0.30802063951618935,3.800103937809552,0.00016137614628157813,0.0009783414450321186,0.5251016677272871,TBCA
0.14527444904497602,0.03722974692638678,3.799737152433392,0.00016160879997866257,0.0009783414450321186,0.5237780266202225,TCOF1
0.3617845248618409,0.17631238724900136,3.7925785946904518,0.00016621336901978697,0.001004057154057297,0.4979686891293147,LAMA1
0.5064007225066087,-0.32470485088232864,3.787440038250582,0.00016959463145213948,0.001022288838410648,0.47947061218871045,TK1
0.3611625408355072,0.05021815133940757,3.7857013865773923,0.00017075331217925168,0.0010270738756081059,0.47321708389496653,AKR1B1
0.3520239741335633,0.16367281335693734,3.7823999575749454,0.00017297404617023173,0.0010382130916187682,0.4613500834702817,GMPR
0.29091773259479453,-0.26104749638344227,3.781652606686761,0.00017348052531466075,0.001039037614384617,0.45866508731750955,SSH3
-0.1818603255749185,-0.03157281539659233,-3.769221790021651,0.0001821127329833568,0.0010878949099557423,0.41407871432347676,RGMA
0.48906066323036995,0.2588443387973693,3.7688025582558895,0.00018241079840110492,0.0010878949099557423,0.41257745194581563,MAP4K5
0.3663097587203397,0.19533007644983527,3.76785908523427,0.00018308327199940987,0.0010895970627449022,0.40919946797561035,TRAF2
0.5249001886299898,0.02764155014917893,3.759854996367651,0.00018888306393183152,0.0011217422467681556,0.3805740638679147,TRDMT1
0.26649498829064233,0.18085273430761875,3.756898983457419,0.00019106845794805626,0.001128662830816509,0.3700169069448398,S100A4
0.30619030770983513,-0.01619080571581638,3.7568522471086765,0.0001911032009538935,0.001128662830816509,0.3698500550542896,STC1
0.1416156819466396,0.030500727448491274,3.7566532280216913,0.00019125121502645641,0.001128662830816509,0.369139565609121,CTHRC1
0.5531673664599186,0.2995994221202104,3.748064746748106,0.00019774254371073983,0.001163281014607735,0.33851302115162696,NT5C3A
0.0917256800087731,0.01791696358584072,3.7478028271799344,0.0001979437321481723,0.001163281014607735,0.3375800585209312,USP28
0.19205686785040654,0.06529634001490203,3.7458775742050796,0.0001994285079968168,0.0011695651041896652,0.33072416495024637,ATP2B4
0.5656934164728987,-0.23333946940219802,3.744656375767099,0.00020037574163759444,0.0011726771574008905,0.32637716384535764,OLFM4
0.2871187200434115,-0.02069413416749662,3.736260706625498,0.00020700357065979585,0.0012089523888118782,0.2965281281666652,GAPDH
0.2765761171760211,0.14713974035438054,3.7340797308382956,0.00020875879403888908,0.0012166790998332769,0.2887845136821108,ENO2
0.28524574279879733,0.11222044662777318,3.726862526317414,0.00021466758014923164,0.0012485314837191882,0.26319017848468285,PRDX1
0.36216784295128707,0.08671546068130592,3.72426485092079,0.00021683259768663635,0.001257283168870246,0.2539895401178951,CRYGD
0.1365787371416894,0.05206861683810119,3.723986761156552,0.00021706558439464995,0.001257283168870246,0.25300494155729414,MTHFD2
0.5044764287884621,0.03958925533199515,3.7234045015341275,0.000217554171677779,0.0012575256535378807,0.2509436315165301,MPIG6B
0.36594609954201357,0.22232185051878972,3.7228305837046944,0.00021803677236617412,0.0012577326110876643,0.24891215197070604,BECN1
0.2900069222012454,0.07610825626907333,3.7203532946524347,0.00022013148429613622,0.0012672190762650787,0.24014677269676454,SMS
0.23027785109743307,-0.023725055172234378,3.714932493991293,0.00022478140225613206,0.0012913462190836974,0.22098567408078917,MSR1
0.248890606280212,0.12088492235783775,3.713985274609802,0.00022560334938568653,0.0012917996431038026,0.21764022218733015,STX8
0.5449084687453598,0.21301158780277088,3.7137842794323586,0.00022577812589949232,0.0012917996431038026,0.2169304381807864,PRTFDC1
0.1682403086328393,0.10279440665304139,3.7056115197576567,0.00023299371731700177,0.00132874760788401,0.1881004258727783,DRG2
0.37046180326383155,0.18711820433669799,3.705259433348718,0.0002333093925137461,0.00132874760788401,0.18685976828057616,ERBIN
0.44759824416451516,-0.38972608143165943,3.704877939322731,0.00023365188842010124,0.00132874760788401,0.18551561235855818,ESPL1
0.3200761515806709,0.12966109019036678,3.7038604085770332,0.00023456771779452784,0.0013312663822411207,0.1819310867577162,GGACT
0.20876310045455693,0.001708484474167101,3.700125045605155,0.00023795877775183573,0.0013477946868640193,0.1687802723161438,TUBB3
0.28750510483605046,0.1203714887406319,3.6901476272985683,0.0002472440888537556,0.0013975745183199238,0.13371522737118013,PDZD2
0.20889227631434953,0.04825192417596251,3.68935501663729,0.0002479961475190023,0.0013990163432184197,0.13093349519615316,ITGB5
0.25719571757038756,0.13414354175641505,3.6788801812972585,0.0002581393481229708,0.0014533245299323254,0.0942244605008371,REEP4
0.22380257550737462,0.10016067140307545,3.6764829820398104,0.0002605148800206871,0.0014637712320523639,0.08583740872337131,STAM
0.5590942069478332,0.1841852815024292,3.675412898301703,0.00026158191384041386,0.001464900904059367,0.08209519476590721,MTDH
0.19837444600694268,0.04205130513982049,3.6752379881417525,0.00026175671571646947,0.001464900904059367,0.08148361081409128,CYB5R2
0.3131918729060695,0.1757339504339073,3.670211647841723,0.00026682712194391056,0.0014903141830795797,0.06392051163653445,GCLM
0.4719616262136803,0.05758141580935936,3.663851304371584,0.00027337561020999453,0.0015234497538540923,0.041728826735167424,MAP3K5
0.5061149929696687,0.1760267035000488,3.6634036770041076,0.000273842122717645,0.0015234497538540923,0.04016839978996156,SH2B3
0.3944808634365827,0.16663791614393852,3.6621693806082307,0.0002751323724893265,0.0015276087348273255,0.035866585951137786,PSIP1
0.3035793008923696,0.01409860157526686,3.6606197581404385,0.0002767603326683897,0.0015336227095699153,0.03046773516260437,ABRAXAS2
0.33765746781080147,0.18563748821987328,3.653913647656483,0.0002839103739408632,0.0015701526574529074,0.007128805144828831,ATXN3
0.2675643294172152,0.11449838645905248,3.6486872187173307,0.0002896027416481644,0.0015984935641952605,-0.011032285241421746,ELOA
0.3684930116934052,0.11650613680169414,3.634018905819673,0.00030615680592849476,0.0016865585297235082,-0.061870653722293945,NAA10
0.4264147183951071,0.18679973691010818,3.6330951186027214,0.0003072285468719401,0.0016891569520400614,-0.06506586111969614,CC2D1A
0.2772771777048898,0.11498080009739788,3.630978679097117,0.0003096972510390474,0.001698000270432683,-0.07238331981156776,FXYD5
0.2327874431937867,0.1251454390639925,3.630683199731665,0.00031004338863317905,0.001698000270432683,-0.07340459910251518,MRPL58
0.36890380921412236,-0.05857634618726973,3.6282902657303935,0.0003128599896475897,0.0017100987783649805,-0.08167250003149373,STEAP4
-0.19905840114518578,-0.04266871400363882,-3.6231480470219144,0.0003189941134729883,0.0017402488942373296,-0.09942201187809907,TNFRSF21
0.09927569889902442,0.0630831743321611,3.622137429232799,0.0003202128723495581,0.0017435188310715784,-0.10290757071328915,TIMM10
0.29420091490799816,-0.08113168252905699,3.6214706413350757,0.00032101937989138064,0.001744535819293893,-0.10520677523849997,GAS2
0.32527239751120335,0.24489342976875192,3.6205990090724325,0.00032207653069430396,0.0017469083504902997,-0.10821171319356537,SYTL4
0.4569408257797689,0.24157075487682755,3.608261449764146,0.00033739484553912583,0.0018264740196012293,-0.15067149072357022,DNM1
0.3797292664343076,-0.10172453089653476,3.602535262505176,0.0003447343893693113,0.0018618914399496582,-0.1703313700603637,COL9A2
0.27474618905552567,-0.05070707962904659,3.6021294727203648,0.00034526015334057603,0.0018618914399496582,-0.17172345278102874,RRM2B
0.47010302495536055,-0.05927538265831,3.5999469125898504,0.00034810092732620444,0.001873621626048309,-0.1792082791909051,DAPK2
0.33340587127462057,0.12857116128766247,3.597496557720026,0.0003513163766956551,0.0018873198480882998,-0.18760633391685833,PFKFB2
0.3268062011999538,0.14990427563741307,3.5955751132576608,0.0003538572347072682,0.0018973487918113525,-0.1941878592970836,APEX1
0.3787317055406873,0.19321382731539122,3.5941679753292655,0.0003557289114358201,0.001903758337817174,-0.19900560843714477,DUT
0.42373980589695476,0.13746448396028327,3.5917091884504577,0.0003590217225091694,0.0019177346278241214,-0.20741967993120802,FHIT
0.4267653175709475,0.08408387485528222,3.5896391047788034,0.00036181612198004845,0.0019290007260868113,-0.21449934542561522,MICALL2
0.38028127076517687,0.18665746625016807,3.58780328595688,0.00036431133900890464,0.001934917066842562,-0.22077457860426897,IGBP1
0.23134456744480744,0.044185856011518546,3.5875896666527844,0.0003646027328186691,0.001934917066842562,-0.22150457807549095,PPCDC
0.284124968962261,0.23082196682576378,3.587307541842649,0.00036498790852341047,0.001934917066842562,-0.22246861746772773,FKBPL
0.32922267069928696,0.18828517667545958,3.576085407482567,0.0003806222123561092,0.0020140066311700143,-0.26075689387235723,GET3
0.28898744589921277,-0.07092368229867042,3.5748558032460256,0.0003823729008335865,0.0020157744197210484,-0.2649451831494716,CHM
-0.2395681467142822,-0.08626153093499037,-3.5748448925859617,0.0003823884689630692,0.0020157744197210484,-0.2649823410041172,KITLG
0.11845270304935747,0.06661325777148852,3.5696981624873714,0.0003897988045641396,0.0020509974483141177,-0.2824982505777953,SNX5
0.35691636706676844,-0.18987436133345867,3.565814457871013,0.000395479476766969,0.002077005087871302,-0.29569979168794447,SEPTIN7
0.3411337741946486,0.0205213951220844,3.560577692342747,0.0004032621440784264,0.0021139347031299263,-0.3134790137696264,KHK
0.072482299134576,-0.002372375138651133,3.5568065706104055,0.0004089552457843394,0.0021397937116782815,-0.32626685290199386,NGRN
0.25562918111437627,0.07144186866511411,3.554575631550097,0.00041235855234003567,0.0021535980052638224,-0.3338258717233087,RPE
0.27401224995811446,0.2464026803484054,3.554037627614194,0.0004131832402548666,0.0021539089283656473,-0.33564809717211386,MYH9
0.3335202668909037,-0.03126018166369445,3.5523587532402443,0.0004157666722902648,0.002160501598967147,-0.34133277494043135,PARD3
0.2630131142544257,-0.029138163276598177,3.552068524238453,0.00041621480404118545,0.002160501598967147,-0.34231523259213237,HHEX
0.4563454436759394,0.02340683937781829,3.5517220351832735,0.00041675039724304116,0.002160501598967147,-0.34348803670788186,CGB3_CGB5_CGB8
0.32641571796865443,0.1514148044884258,3.549181949397838,0.0004206965471951779,0.002176949963886812,-0.35208245005041494,BOLA2_BOLA2B
0.21387195796843764,-0.04400032332414331,3.547692513365032,0.00042302670705956304,0.002184991156647101,-0.3571192524770588,THBS4
0.34107246509634204,0.18348053251304294,3.544373693615852,0.00042826239875571703,0.0022079828800317643,-0.36833521015645054,PLPBP
0.241476176382941,0.11603859909543823,3.536490268045995,0.00044094333998686414,0.0022692056710475732,-0.3949371718220247,HNRNPUL1
0.17323876587211484,-0.019200410026107836,3.5330341190357655,0.00044661284634761584,0.002294188252679815,-0.40658186342986813,SLC12A2
0.33181506539604344,-0.06687720435984146,3.532195922173976,0.00044799807712097,0.0022971121805018774,-0.4094043385085575,TADA3
-0.2132164243501898,-0.011096942731869125,-3.5264013337462936,0.0004576849492271802,0.0023425147855900223,-0.428899101987704,SEMA3G
-0.5424121688794701,0.3210676113446034,-3.52509317692834,0.00045989876026543707,0.0023495735211383037,-0.43329592012273555,FAM171A2
-0.22923643743198302,-0.05686774990822764,-3.512257438021941,0.0004821587350568877,0.0024588348535962657,-0.47635536229194564,GUCA2A
0.2628599050449951,0.044510386040064485,3.501404229307234,0.0005017627514905938,0.002554181094839099,-0.5126472492470597,IGDCC3
0.16188308575098356,-0.035014952156039676,3.5003207707517485,0.0005037601735982305,0.002559720015666099,-0.5162643304547583,KIF1C
0.27701150468010505,0.04992466249303767,3.4823102731664375,0.0005380718764401033,0.002729139337259263,-0.5762352075234958,SKAP1
0.45516038997729313,-0.047505919973521264,3.4737131832648407,0.0005552090736576839,0.0028109955797596766,-0.604757485521974,RGL2
0.15373159203344844,0.1086734549548381,3.4698025381373236,0.0005631719661476752,0.0028461922526134753,-0.6177094368159723,TXN
0.11945180185894808,-0.002156437936251759,3.465182798014947,0.0005727161215033995,0.002889239931957114,-0.6329919488689324,STX3
0.31571444727159415,0.21469177572663345,3.4642869463734804,0.0005745843039123963,0.002893479097519491,-0.6359532559236722,RABGAP1L
0.19378708226330219,0.004096042212908757,3.456993605879226,0.0005900067283727389,0.0029658373935165356,-0.6600347564747837,LCP1
-0.2439800725496206,-0.09844165531734271,-3.456031125461283,0.0005920706025895105,0.002970906856130966,-0.6632091009630487,GPIHBP1
0.3549555921586354,0.2323232386258703,3.4541380961826635,0.0005961495566052463,0.002986051604704214,-0.6694500143307378,SNX2
0.3100748485111086,0.16226716973347627,3.4519658105452438,0.0006008625454210415,0.0030043127271052075,-0.6766075529860176,STAMBP
0.4668324524155564,0.030548215749764625,3.447914157494794,0.0006097460625750508,0.0030433247626751206,-0.6899459940647281,LATS1
0.17764001409017433,0.01843310398917454,3.446847881900147,0.0006121042321518604,0.0030448313507983596,-0.693453791684151,SNAP25
0.5043287559681356,-0.07670749451437152,3.446799603349242,0.0006122112058798833,0.0030448313507983596,-0.6936125923170504,TJP3
0.19501178282384904,0.07971799000995163,3.4423793654623114,0.0006220796516484021,0.003088455413386688,-0.7081428954305968,MOCS2
0.23636643215758762,0.004547952930678702,3.4364142565638387,0.0006356325335802943,0.0031483603734123906,-0.7277232952874613,TYMP
0.1679320535042642,0.04298467691362475,3.4360875959968533,0.0006363826118904619,0.0031483603734123906,-0.7287946178166784,KYNU
0.33852732899354665,0.15395909912659184,3.434839394739353,0.0006392563446969693,0.003157029140915734,-0.732887347408349,SCAMP3
0.29562730441007634,0.18281422145278864,3.4337447215807315,0.0006417865683247646,0.0031639740627569394,-0.7364755040844333,GLYR1
0.1936223778473292,0.030919378048027208,3.4331086181676214,0.0006432611435149126,0.0031656995087316064,-0.7385600433684871,JAM3
0.2642625893729835,0.10014632659794659,3.432078333974777,0.0006456561898483317,0.0031719409675795003,-0.7419355478350136,CASC3
0.38562058520222514,0.20406403250255467,3.43118831337187,0.0006477318661717188,0.003176594430789875,-0.7448507295029412,SLMAP
0.3799780097732607,0.27244841510773743,3.4292844407302976,0.0006521929275762627,0.0031929097236994422,-0.7510842658618353,TRIM58
0.17114185239112636,-0.019837292814860675,3.4277583492466253,0.0006557894621103154,0.003204943291389823,-0.7560785085709725,CDA
0.4241760451849317,-0.35975701233277446,3.417256869439991,0.0006810442676192545,0.003322598983272446,-0.7903877358136668,PCNA
0.2896878107595902,0.10504075174142154,3.4143696874903515,0.0006881448412831507,0.003351432055730224,-0.7998027698001176,LRFN2
0.21573618356207785,0.03955478732819877,3.4092678038564284,0.000700861094558321,0.0034074680158578128,-0.8164212959323764,DDAH1
0.31775530872553265,0.09632032936687358,3.405120845273357,0.0007113582143295845,0.003452540298858242,-0.8299118100213283,CEP43
0.217903527657512,-0.07131029062603633,3.4036783612925627,0.0007150437587899112,0.0034644547005053357,-0.8346006894206779,CR1
0.192819942451412,0.028872109377415422,3.4028703694445683,0.000717115942854553,0.0034685247064185,-0.8372262845887013,F2R
0.23180787472469092,0.0387886152334923,3.397543391253515,0.0007309182240542263,0.0035292192122000805,-0.8545215493679237,IQGAP2
1.191696733471094,-2.0794436688143016,3.3847190507896023,0.0007651677237326658,0.0036882656546360516,-0.8960524336778422,ITGAX
0.25040234465944733,0.11322160202428602,3.3812926406732378,0.0007745682506312926,0.0037271959410719465,-0.9071232303113224,CHCHD6
0.3388871616064034,0.14704579570944887,3.3684990422349617,0.0008106265886969811,0.0038940509337576823,-0.9483647687241534,PSPN
0.25420110265670326,0.19243328649382857,3.364677684709872,0.0008216962064032487,0.00394050225046873,-0.9606543049519152,SERPINI1
0.33439740437931076,0.19751515052548604,3.357693638745187,0.0008422916420301484,0.004032399612780388,-0.9830805854530054,SUOX
0.2187335880662362,-0.1962217822249655,3.3563303171511363,0.0008463675753710724,0.004045033488403343,-0.9874531065085668,TRIAP1
0.2272506102736954,0.01755951246383055,3.3547167023903284,0.0008512155160578299,0.004061307928309815,-0.9926261848783371,RNASEH2A
0.20662821820399305,-0.0077048676844846935,3.3517150255624446,0.0008603025200923271,0.004097718433265484,-1.0022429072250985,NFKBIE
0.23894984007890274,-0.001673231730476563,3.346327716217151,0.000876838185600572,0.004164287258805164,-1.0194820060937824,HMCN2
0.28806949743820226,0.17402603539978642,3.346198931251074,0.0008772370673078019,0.004164287258805164,-1.019893786035822,INPP5D
0.15521827377841993,-0.025037572895963058,3.3447400998309336,0.0008817672553546107,0.0041787454946519,-1.0245572267143581,CD6
0.2628487371104968,0.07272868042186026,3.3432208828337138,0.0008865080733833216,0.004188084741820849,-1.0294116316657886,PRKAB1
-0.23030270275358644,-0.06156036231445933,-3.3431552233793527,0.0008867135012878244,0.004188084741820849,-1.0296213879045215,ESM1
-0.1933527369995507,-0.027131544877002565,-3.342058191285234,0.0008901523247187708,0.004197284412199899,-1.033125392107797,DCBLD2
0.2312192702731561,0.11228600819713702,3.339777256219608,0.0008973420029946333,0.00422410993048477,-1.0404073469717696,FKBP7
0.25835392186939143,0.09256150636880342,3.3355004658150196,0.0009109684590148235,0.004281095512732434,-1.0540482959218087,ARHGAP25
0.3919855453628001,0.11003023516617913,3.3343890239693126,0.0009145410174702687,0.004290721606964677,-1.0575905314663947,DNAJB1
0.24406455294759194,-0.061497411011178116,3.328675111086102,0.0009331139235152631,0.004370575199160508,-1.075783281552444,IFIT3
0.2433402671804511,0.13001983572192535,3.310779100470061,0.0009935764643707683,0.004641084280613321,-1.1325696154629403,OXCT1
0.15986515931030926,0.035024274082167586,3.310609993302119,0.0009941647677477203,0.004641084280613321,-1.1331048148937013,SCGB2A2
0.22552849631526742,-0.01658534343201398,3.308732745061272,0.0010007172452166225,0.004663938816696677,-1.1390442707633026,HADH
0.13657851190363568,0.03619386048931386,3.288929843712014,0.0010723234856981467,0.004989405970645095,-1.2015022353537939,ADA
0.2222092035115723,0.049895708946740565,3.2849301878171393,0.0010873511112850039,0.005050979172058228,-1.2140734286682218,ATP1B3
0.37657487221937325,0.08764579046707706,3.28127120477638,0.0011012696015816204,0.00510720581293618,-1.2255610128559171,SHMT1
0.23836287072279952,0.20183701443912547,3.279786600590841,0.0011069638961267354,0.005125170012494671,-1.2302185093864857,STIP1
0.150774147500187,0.011120890167926289,3.2763757843662935,0.001120149876345934,0.00517770427243646,-1.2409112545695278,INPP1
0.357364847701996,0.10900076097839125,3.272879180163351,0.0011338185597602648,0.005232293845451058,-1.2518618612471721,IL10
0.6981598242522388,-0.5490698634566072,3.270883605934296,0.0011416886630312177,0.005259989503163466,-1.2581065389419885,GSTT2B
0.46870504121655726,-0.35432968150916144,3.266025529661735,0.0011610600161012774,0.005340496642688065,-1.2732934622706003,CEACAM20
0.508871394511972,-0.013651491041039387,3.2640665126052015,0.0011689573407125341,0.005368050430841409,-1.2794114536932177,MAX
0.4398407142392579,0.4363120172013202,3.2625010168069157,0.0011753040282538472,0.005388405276114951,-1.2842979497089546,ECHDC3
0.1873017295928969,0.0726053595583522,3.252676983878591,0.0012158662029751691,0.005564439467188835,-1.3149110580273167,SNRPB2
0.3338644656496199,0.10897054604147365,3.252251116447772,0.0012176535388235604,0.005564439467188835,-1.3162361185819815,SPRY2
0.2085384931265432,0.10027852145458607,3.2517514229587037,0.0012197538204280845,0.005565003248792638,-1.3177906720593269,DTNB
-0.1569379817322006,-0.04784840239588202,-3.248209115620148,0.001234739110623167,0.0056242566284857845,-1.3288042654825158,DSG4
0.28628884008949074,0.11394502507283688,3.2472582765969467,0.0012387904430679086,0.005633594664355675,-1.3317586124343146,ACYP1
-0.2881901256400238,0.0753770263687991,-3.2429560751091766,0.0012572755723834574,0.005708436671386182,-1.3451155810382014,FGFBP1
0.25224508003967155,0.003596461464381431,3.240593161233457,0.0012675365620236486,0.005745757523504945,-1.352444444189647,PHLDB1
-0.13087661061886674,-0.05676905422286314,-3.2395529640645755,0.0012720781655629362,0.005755695056546547,-1.3556691154588716,PODXL2
0.19862175198435728,0.06977850184652405,3.2391553590754882,0.0012738181244150973,0.005755695056546547,-1.356901451265558,NUDT5
0.393498567007576,0.1786619259127204,3.2207709640084996,0.001356718065888995,0.006120450890188335,-1.4137233370915565,PACS2
0.23355700973432417,-0.019733661517081055,3.217875506299164,0.0013702204263020513,0.006171472800064439,-1.4226442042654242,RNASE10
0.2892831198710513,0.16690535885099103,3.2173441769659816,0.0013727116255368445,0.0061728166547703155,-1.4242803859062017,PDCD5
0.4605716321510367,-0.23482201361249305,3.2110939882615304,0.0014023325189112543,0.006295958597663765,-1.4435078002833954,SV2A
0.29683681565188724,0.1587172174996653,3.204522967275008,0.001434110371925029,0.006428376906001523,-1.4636834462562032,SH3GLB2
0.3035412906561451,0.19215380126147,3.202283689215486,0.0014450908484869693,0.006467298471368551,-1.4705498456968673,NAPRT
0.1364066172071095,0.00463381877920161,3.197543102866426,0.0014685935485330129,0.006562048950984812,-1.4850708981311804,FGA
0.14133746601201247,-0.0010893149575276922,3.1871126881110756,0.0015215539229105376,0.00678791488588457,-1.5169478491496138,CLTA
0.27109579995150107,-0.034140721134652274,3.183228291293017,0.001541723744483394,0.006867013197342966,-1.528793572170751,VPS28
0.3496986878376053,-0.031203582697158123,3.1774011551388894,0.0015724447412045971,0.0069927834857676785,-1.546537755248953,FDX2
0.3761435774405362,0.16550899446346856,3.1722730486700317,0.0015999469781792807,0.007103865526143021,-1.5621274598974981,CRADD
0.6540157178036237,-0.1962320761681458,3.1563500946197656,0.0016881974493296705,0.007483898928918146,-1.6103796670347608,OFD1
0.1495107167543125,0.07927374328247848,3.1509375698044795,0.0017192037762548725,0.007609368915341928,-1.626728335788564,TST
0.2817912821200402,-0.033508951098828905,3.1439187187451005,0.0017601943439204623,0.007770742416912912,-1.6478887397346105,ASPSCR1
0.31252346045921875,0.1637010454710127,3.1433181161299832,0.0017637434283651462,0.007770742416912912,-1.64969732461903,NFX1
0.3103372335419652,0.20206533397380244,3.1432840843960026,0.0017639447262548314,0.007770742416912912,-1.6497997938693763,APRT
0.7328099735965544,-0.4992495005053954,3.136353243238149,0.0018053849384198671,0.007940872815081134,-1.670646239723597,CD82
0.2894113931515865,0.1930245968724702,3.1352693637363775,0.001811946110434705,0.007957298441300616,-1.6739023054181077,CRYM
0.229196832318801,0.031998817365855144,3.13249398331459,0.0018288469458831132,0.008015456479522466,-1.682234843628601,DYNLT3
0.32160632543181034,0.11867779081361797,3.132161061616166,0.0018308840200117035,0.008015456479522466,-1.683233898842479,MYBPC1
0.33739608280811656,0.12181525139082944,3.130642775533887,0.0018402006134419205,0.008043734047886655,-1.6877887839046934,HDGF
0.4353304202038968,0.23888917128437986,3.1292725312474348,0.0018486462656709286,0.00806812284940103,-1.6918977154826225,PRKG1
0.2203860631230108,0.04031804374411096,3.1284421186589935,0.0018537819706279258,0.008078012766745529,-1.694387018727757,ERI1
0.36811664863166704,-0.0663793811297398,3.1249361073829873,0.001875610207667082,0.008160498816975018,-1.7048898721005816,CEP290
0.2889571607534714,0.05856211321412654,3.122083255657509,0.001893546354293341,0.00822582251132061,-1.713427706386037,ADD1
0.22313815067400927,-0.003927588923189725,3.1213053250082328,0.001898464617264835,0.008234480581818969,-1.7157545449819862,STXBP3
0.14735187666174696,0.006890856493547073,3.119717832846133,0.0019085376438080126,0.008265436103568547,-1.720501099535272,PKD1
0.12729253063672774,0.038963685986917386,3.1186806793865616,0.0019151451958191316,0.00827928405395882,-1.7236009016779992,SATB1
0.23112943263074517,0.039271871359222256,3.1182934648192284,0.0019176174789275844,0.00827928405395882,-1.7247579383682483,DCTN6
0.22409743884634592,0.07187051993995745,3.116262579530076,0.0019306324518231415,0.00832271110548567,-1.7308241650884195,EGLN1
0.27859992629158753,0.2944474600252301,3.1156241776135776,0.0019347404369407014,0.008327667171235589,-1.7327302765843644,SF3B4
0.10485736241513545,0.009971004477971059,3.1141289196451094,0.0019443936363449036,0.00835643982642886,-1.7371932777698715,EZR
0.38746426546386115,0.08533845800190934,3.1125630826751127,0.001954550004027559,0.00838728393496582,-1.7418647290427156,CXCL5
0.13479500044274428,0.08290551295499397,3.1042528411238437,0.0020092742871263094,0.008608991047580762,-1.7666192686425308,NEXN
0.28209282862759844,0.054520904015060975,3.101114162877748,0.0020303073010129627,0.008679032094577531,-1.7759521721748195,ECSCR
0.25244688925238595,0.017885014896155998,3.100894389014735,0.0020317876200094467,0.008679032094577531,-1.7766053320486401,IL7
0.19928135571486819,0.065382749048048,3.1001591396830808,0.00203674722145795,0.008687035497582013,-1.778790141936832,FOXJ3
0.7243626798302168,-0.8339919798405387,3.0958225184402695,0.002066227081606507,0.008799439084300026,-1.791666353395457,MORN4
0.1790849340394125,-0.03888448938489538,3.0932337365058378,0.002084011918229098,0.008861772733859382,-1.7993446353680165,ELN
0.346304785803184,-0.4215881826536723,3.0918078253473604,0.0020938679093511882,0.008890253642267866,-1.8035712191620208,PDXDC1
0.139896790178823,0.0654359466743947,3.078561358029717,0.0021874989174309437,0.009273809416518232,-1.8427456713671218,ITGA6
0.45434602631760385,0.4607396003931308,3.0765364734438054,0.0022021460265695615,0.009321866262847091,-1.8487196788923894,AFAP1
0.33228859226001767,0.17429078464823033,3.0640776665926075,0.0022942688354158757,0.009691047055649023,-1.885393440802451,SUGT1
-0.2105120911337076,-0.07357472806712775,-3.063815538157717,0.002296244542137797,0.009691047055649023,-1.8861635010727476,LEPR
0.36576197919522013,-0.34797838431208306,3.063186149024067,0.0023009947382293776,0.009696557167837872,-1.888012211485126,PAFAH2
0.23403837219042936,0.08250925794335581,3.0614651905813846,0.0023140294683344307,0.009736910244187477,-1.8930653282608922,SMAD2
0.11173931707099401,-0.015554164753455701,3.046533979028648,0.0024299996309020996,0.010203132476673846,-1.9367917097949352,CD244
0.22181616509613655,0.047533807040504514,3.046272300484571,0.0024320788248128424,0.010203132476673846,-1.9375562023505868,PDGFC
0.3055535799663514,0.12031041062021033,3.045455109230329,0.002438582418093685,0.010215192718651374,-1.9399432146523372,DARS1
0.31947823455479263,0.2060179900534543,3.043518772097512,0.00245405646778487,0.010264738420229434,-1.945596780881127,NSFL1C
1.331272600563331,-2.262328232646482,3.0410939173363887,0.002473561521412229,0.010330972823108938,-1.9526717901503954,RASGRF1
0.2958217240398065,0.10167788529679508,3.03225500613211,0.002545870390894196,0.010617222444988387,-1.9784150513936414,PRKRA
0.17233016751471372,-0.05974235121267227,3.029584286136348,0.0025680972498209995,0.01069407360687295,-1.986179277006217,EFCAB2
0.2265748681491526,0.05145239995431712,3.027546861154836,0.0025851730684418456,0.010749279450020377,-1.9920979689800236,MPRIP
0.2999008874345171,0.07270837175188657,3.019936426491193,0.0026498815430814325,0.011002089297602113,-2.014172187707146,CETN2
0.24895366936075938,0.06084136526431805,3.019372100766896,0.0026547384130002007,0.011006021550214382,-2.015806889926454,IL1RN
-0.1637445679073104,-0.030776293650934036,-3.0172500200024266,0.0026730752232594266,0.01106574522569895,-2.0219513563565883,NCAM2
-0.2751974819656809,-0.001753969839937507,-3.016337707190795,0.002680994100263573,0.011082229650869248,-2.024591668266652,SCGB3A2
0.3560941154032467,0.12627558741135417,3.0137702402307576,0.0027033952476621347,0.011158442261244735,-2.0320180015316964,LSM8
0.5165276929681719,-0.6734848270880598,3.001303053589994,0.0028146296663221515,0.011600560044944154,-2.06799220480572,UNC79
0.1829310153323758,-0.10489837937808186,2.9989238463441046,0.0028363277735900857,0.011672898658853934,-2.07484106917994,C1GALT1C1
0.2229451901822961,-0.06261608410623791,2.994289598182262,0.002879031905325994,0.011831350092690034,-2.0881663078178496,CFHR4
0.3421278384733861,-0.06948596313930351,2.9930963819276375,0.0028901221502298613,0.011859612030462185,-2.091594039233968,FRMD4B
0.26483435896503726,-0.003998870322237383,2.9895216379106238,0.002923581782493591,0.011979450826374758,-2.1018552441396903,LAP3
0.4967509065070097,0.07901238656530048,2.988127054485109,0.002936730950389588,0.01201583957172484,-2.1058551455417964,WAS
0.7195018764481265,-0.9111162466237014,2.9831033990887548,0.0029845475925319837,0.012193761208965943,-2.1202488932682675,PDCL2
0.1649281899966175,0.04392922900054025,2.981233929058996,0.0030025228742301064,0.01224942303037355,-2.125599313506523,TSPYL1
0.3200225128951872,0.16189985010198318,2.9800100870298554,0.0030143439131235595,0.012279852554910015,-2.1291001921965718,EIF4B
0.3881372743833659,0.283183003508173,2.978026381003527,0.003033594905690634,0.012340418583120138,-2.1347717603476877,SUMF1
-0.28248599428212445,-0.25253791216743404,-2.9760673361553995,0.00305271687829424,0.012400285732176457,-2.140369238647332,DKKL1
0.15670111263842623,-0.042056740197892406,2.9726273652283624,0.0030865609103000375,0.012519695911375512,-2.150189478213729,FZD8
0.32510351747038674,0.20574496002730175,2.971334406750621,0.003099370103714923,0.012539902820978466,-2.1538777068015404,CLEC1B
0.2741536115451052,0.1268798511950548,2.971225424754339,0.003100451994103379,0.012539902820978466,-2.1541885125225706,SSNA1
0.19765840453139,0.09375258235429558,2.9697172295816365,0.003115459706928993,0.012582523780495142,-2.1584886026012082,CHAC2
0.2455725517914521,0.1295978423854046,2.968382142325172,0.0031288002514780586,0.012618299008468102,-2.162293375386538,PEBP1
0.20842144980624866,0.2060152876854562,2.9587526434461653,0.0032265781334691094,0.012994016374414224,-2.1896868377791945,TMEM106A
0.3066818495244657,0.12991331243819923,2.952385868243184,0.003292751271379191,0.013241564041332032,-2.2077514304560433,CCL26
0.16325999707717398,0.041751726089050645,2.94753619172375,0.0033439856703446702,0.013428416065649425,-2.221486280029792,KIRREL1
0.13565662672249837,-0.055272238033558595,2.9409783570609087,0.003414423884957641,0.01369174250164638,-2.240024106966362,L1CAM
0.10042308057762178,-0.009415901772538983,2.940174157939777,0.00342315446093808,0.013707225899773395,-2.242294685535694,ATXN2L
0.35777282032894303,0.29560743836925535,2.9340121579272713,0.003490729867939629,0.013956722439816943,-2.2596725659051797,C1QBP
0.6420041200647726,-0.6214040299165333,2.933592313262038,0.003495378088835149,0.013956722439816943,-2.2608553155294686,CCND2
0.4518387749977851,-0.26557119048874017,2.932169210859097,0.003511175716627252,0.013999942836127073,-2.2648631369843253,CHP1
0.24746906716890563,-0.05774277749264734,2.925291133211109,0.003588450459537324,0.014287819014989486,-2.284207049496671,CCDC134
0.4187455127346337,-0.26976897232267555,2.922667055658111,0.0036183383513225353,0.01438647239967929,-2.291575425491102,VCPKMT
-0.14158264015588437,-0.02654249386599544,-2.919852462555547,0.003650648408733238,0.014494464415492335,-2.2994716551034875,INHBB
0.24601897111132212,0.050641111127504794,2.9182084360204237,0.003669642478294477,0.014549357149857679,-2.3040805008467906,HMGCS1
0.25019116491963483,0.02335328372559191,2.917252504261351,0.0036807281125498634,0.014572784299335955,-2.3067591945154353,PRDX3
0.2561026501714813,-0.002554012059063645,2.9157326630013727,0.0036984161035428093,0.014607442859139046,-2.3110163161566764,CXCL11
0.32232501556197735,-0.050888056515605025,2.9156088627604957,0.0036998603049968526,0.014607442859139046,-2.31136298984633,BGLAP
0.15934683282380135,0.06781905520319365,2.914376308837396,0.003714266826506076,0.014626436071190796,-2.314813692665256,PSME1
0.42284238620570275,0.021809370540781803,2.914308335962108,0.003715062803162138,0.014626436071190796,-2.3150039509208185,ACAA1
0.2819630511819901,0.009186951866943132,2.909230786535332,0.00377496351191213,0.014841511572671294,-2.329204032502046,TRIM21
0.2570153977858778,0.12339826255457848,2.905185378326862,0.003823316457703839,0.015010649690985086,-2.3405004326326413,ST13
0.2628638323430305,0.14165457175542348,2.9036715521350125,0.003841555170472471,0.015061250424623963,-2.3447237297975683,COX5B
0.22488424263478637,0.0007329147660788061,2.9011298003906343,0.003872356789964391,0.015160896194366846,-2.351809958446511,MKI67
-0.31614279433357395,-0.1478161923623001,-2.8980446005248504,0.003910046262870384,0.015279759855284571,-2.3604032119269958,GHRL
0.17908345417300184,0.10946034949797327,2.897757328042427,0.003913572595261164,0.015279759855284571,-2.36120290583382,PAGR1
0.2144516440692408,0.026271038227306334,2.8971062389605153,0.003921575580547555,0.015289799528035134,-2.363015089027569,BAP18
0.41968381367943436,0.3452676840270562,2.89657610206154,0.003928102865206876,0.015294065789152636,-2.3644903335461596,DNAJC9
0.158547358855311,0.04939303881550671,2.890786211416764,0.004000037530383664,0.015552632110538693,-2.3805852021353644,HIP1
0.4852474365186122,-0.6641162056524716,2.8836262749608284,0.004090651778429993,0.015883013456938523,-2.4004454326782483,H2AP
0.17832566460186766,-0.07976905699807886,2.8814802314485712,0.004118173167334705,0.015967847749376304,-2.4063888381032585,PRUNE2
0.16214467011655212,-0.14894674872009941,2.880334543055839,0.004132934645733952,0.01600304130363284,-2.409560034506076,PDCD6
0.10958657883171967,-0.049922168781342174,2.877824520666613,0.004165443142178332,0.016106761600593412,-2.4165033561317504,TCN1
0.2426603274267717,0.01659261660528426,2.8729188265005696,0.004229651671655564,0.016332605563388766,-2.4300567514794675,USP47
0.13250770364215084,-0.018019149741891297,2.8710754774521425,0.0042540102535660205,0.016404162827107327,-2.435143745846171,SIAE
0.7855600488434807,-1.2081785634693019,2.8690295819206355,0.004281194675991476,0.01648640631041861,-2.44078599417075,PITHD1
0.27961314820948624,0.001807268861305185,2.867764428349954,0.004298084100067641,0.016528834346571597,-2.4442731331109093,PRR4
0.779067036250877,-1.2356444997608982,2.8670522351741647,0.004307618298266094,0.01654289974027156,-2.4462354935568147,CEP152
0.14115998865128176,0.009955869354152243,2.861066230546398,0.004388516779412699,0.016830619528674044,-2.4627105277814927,ARID4B
0.12061636865735827,-0.016221743214895647,2.859453525797034,0.004410546736784877,0.0168920939646931,-2.4671434041152738,CLEC12A
-0.14195112587553133,-0.04355368967340559,-2.8521790578868176,0.004511172360817556,0.01725400841807258,-2.4871087910516496,ROR1
0.14445225844242363,-0.033644608495724704,2.8483203507164196,0.004565391218666005,0.0174282019976563,-2.4976793320698882,BRSK2
0.21210837239943953,0.015612586002678288,2.8480580098283914,0.004569098783044528,0.0174282019976563,-2.4983974851147015,CAMKK1
-0.27913412042995456,-0.07792940310435398,-2.846679838483347,0.004588620915685077,0.017478982243103507,-2.5021691491984854,DDC
0.35468308802616255,0.19511736388081596,2.8457244258352152,0.004602198998622295,0.017507013758272648,-2.504782804225132,ARHGEF10
0.1736081439646794,0.004900826185810014,2.8446387137015696,0.00461767315118935,0.017542172632385996,-2.507751878190031,FURIN
-0.20659829698013135,-0.13842915932280853,-2.8439283422837343,0.004627823301466306,0.017557038535886322,-2.5096939215667264,TGFBR3
-0.19963846338786578,-0.1058731693719756,-2.8325879701884253,0.004792627298882406,0.0181512098097034,-2.54063304662192,GP1BA
0.28696236142364967,0.05293328012342676,2.8322692073071853,0.004797335736561041,0.0181512098097034,-2.541500972997801,MPHOSPH8
0.41058862893774073,0.2095201687558375,2.8269789737114173,0.004876093006271929,0.018424431963295948,-2.555891373622534,GSTA1
0.16287199136053884,-0.00017488753880372604,2.824316806410019,0.004916167503466278,0.018550953783187094,-2.5631230880385774,TLR4
0.2548634148998396,-0.10064216558835688,2.823728856396267,0.004925058289100907,0.01855962394085549,-2.5647193496808427,TRIM24
0.25960229529892165,0.11291564639705512,2.822559442659014,0.004942785140916702,0.01860152429369053,-2.5678933050482144,GSTA3
0.18800258395036615,0.03586151735796422,2.8201308091651005,0.004979785207847601,0.01869967264196232,-2.5744808889225,CCN3
0.10541566177040815,0.033603673244601666,2.8198790142506747,0.004983635621153485,0.01869967264196232,-2.5751635592580326,SH3BP1
0.5750929620471589,-0.5753633271495144,2.8195419844209093,0.004988793660431156,0.01869967264196232,-2.576077227327178,WASF3
0.20452224268535907,0.027209258118026963,2.818994551976828,0.004997182103975411,0.01870620694506753,-2.577561058812233,WFDC12
0.15636666879719366,0.0805243197438974,2.8170990449450426,0.005026326336945944,0.018790316917002434,-2.582696726778822,RAD23B
0.1887975786203378,0.03164415178918558,2.816614843427001,0.005033795812970344,0.018793282776540472,-2.584008080393518,SERPINB8
0.4011621809072727,0.23773199336781642,2.8147552787972514,0.005062575797305807,0.018875696515782577,-2.5890422713863526,TIMP3
-0.3910127871410835,0.4426512724311494,-2.809183338945805,0.005149706567641451,0.019175164005172864,-2.604107253128288,KLK1
0.19078272777528965,0.06057956177809809,2.8064693586875253,0.005192636479925854,0.01929582120243638,-2.611434617590428,DDX58
0.10811586493052106,-0.002207024763097808,2.806268929393235,0.00519581970566493,0.01929582120243638,-2.611975476044764,FAM20A
0.16693353792392784,-0.01763709675839138,2.800823533418081,0.005282983131823324,0.019593672616709693,-2.626655538461826,P4HB
0.32545569010915004,0.009281889609087692,2.8003172566471024,0.005291153931836616,0.01959815568173694,-2.628018987787825,ARAF
-0.0777772498537853,-0.011689185334979242,-2.797568465769171,0.005335716786444975,0.019737244091777403,-2.6354175575419347,TGOLN2
0.13902402384647428,0.03190818326735518,2.791651852816695,0.00543279097329417,0.020069956154623474,-2.651318631698269,ADAMTSL2
0.2393797111533441,0.01783080157018994,2.7892459641767497,0.005472719715265571,0.02017771257791034,-2.6577751871741078,TP53I3
0.12604868189508966,0.026335040919290457,2.789031270483641,0.005476295704981705,0.02017771257791034,-2.6583510867005087,GGH
-0.6189858760221826,0.17710916451641337,-2.787557355641468,0.005500902741875547,0.020241883945594334,-2.6623035899350516,IL18RAP
0.3721659868574877,-0.12670102928819482,2.775010904191974,0.0057144521182298765,0.021000238528481856,-2.695866510729151,SCIN
0.5629069567919261,-0.611393924109119,2.773665891695006,0.005737784549220316,0.021058492185208853,-2.699455822404396,TMED1
-0.13491833662454905,-0.05434325146246896,-2.771016765670906,0.005783992041333673,0.021200439578586316,-2.706520362535021,MENT
0.21032395996725886,-0.06802469327741424,2.77006885954526,0.005800607497862174,0.021233693246400547,-2.7090465932934467,INHBC
0.16321067373006024,0.13502914484476342,2.767711618144429,0.005842113870628948,0.021357857851714922,-2.7153251553755022,FGF2
0.1557133125338498,0.07117281189399954,2.7650891996783713,0.005888604838627502,0.021499899637790428,-2.7223039243875213,CHI3L1
0.32926427717104656,-0.39594067697404706,2.7626059400373038,0.005932936751865946,0.02163370072085834,-2.728906443737512,NMRK2
0.2523441954059226,0.06673290208405482,2.758775662173055,0.006001907668682979,0.021856882389835165,-2.739079136661994,NAP1L4
-0.21218014166284815,-0.028867177388596177,-2.7542671893260713,0.006084018350412821,0.022113145654227246,-2.7510354624646673,CEACAM16
0.4800466723345554,-0.7998287889165919,2.754050590328856,0.006087988590417803,0.022113145654227246,-2.7516093979998932,PAIP2B
0.1987883262334894,0.03441878134504938,2.7529488993007982,0.006108218733483687,0.022158035740665695,-2.7545279372439966,TRAF3IP2
0.25225897473788866,0.09791431033311017,2.752218117213115,0.00612167142111931,0.02217825617818643,-2.7564632593361194,RANBP1
0.30081915899048556,-0.2002662719916057,2.751698527410059,0.006131252621327099,0.022184416618297925,-2.7578389797292076,MYOM1
0.20507418100793925,0.11063041952766738,2.748421777286586,0.006191988318648393,0.02237541350063572,-2.7665090348212744,ABHD14B
-0.30754644170647477,0.2998908035270745,-2.746405592751762,0.006229628439250723,0.022462130365412943,-2.7718387341686137,ENOPH1
0.23186877408929635,-0.1170370053051962,2.74628189209809,0.006231944517011548,0.022462130365412943,-2.772165607979361,YY1
0.1518486526012434,0.01288932576826298,2.7441078480787953,0.006272776774226155,0.022580392096479062,-2.7779080942672048,FCAR
-0.19354410340795075,-0.10235540671729779,-2.742646076454634,0.006300366961460891,0.022650744567704224,-2.781766711708914,ITIH3
0.21441492647637272,-0.018371827189648002,2.741680827716066,0.006318645531518454,0.022687483636765874,-2.784313570087765,TOR1AIP1
0.1709543605357521,-0.021374035964170764,2.737506856500205,0.00639823875167372,0.022933951345027334,-2.795316782447913,PXN
-0.5974465813927002,-0.4436364557824511,-2.737228286058208,0.006403582862234985,0.022933951345027334,-2.79605055608572,NPPB
0.15534831844171998,0.03861679311721102,2.733537011749804,0.0064747777372060715,0.02312099438654094,-2.805766776197471,IFI30
0.10030271613831059,-0.003613762139029438,2.7335104646536723,0.00647529233614687,0.02312099438654094,-2.8058366076735393,GSR
0.588886435248297,-0.8179181228615171,2.7332445364135918,0.0064804492259256845,0.02312099438654094,-2.8065360889368023,CLASP1
-0.23750295550376666,0.045034831813591414,-2.7322362497662347,0.006500035627162845,0.023161519355016973,-2.8091876234473756,CCER2
0.19812654764507406,0.12737764743724123,2.7312232513496095,0.006519767314598216,0.02320245890087734,-2.8118505915198106,NFIC
-0.09691350144921287,0.0007587294505434079,-2.7302130862262035,0.006539497598445963,0.02324329007528458,-2.814505156017526,CD207
0.259462408220076,0.16802331277535817,2.7285577258447336,0.006571946124126648,0.023295511213157434,-2.8188531353738053,PIK3AP1
-0.2143337661047879,-0.02742590577985246,-2.728200642106266,0.006578964723053943,0.023295511213157434,-2.8197907176646275,IL19
0.1196980162715336,0.06607993494839495,2.7281980097354177,0.0065790164882629345,0.023295511213157434,-2.819797628946036,EPGN
0.16853509855396998,-0.04278268522208298,2.725468484290638,0.006632890303313588,0.023456766587723304,-2.826960502729365,SPTBN2
0.5031603378890542,-0.8998651504115702,2.7192441935180947,0.00675723241731254,0.02386651098461079,-2.843268348343886,TRIM26
0.3775032771672603,-0.17679882919657686,2.7071249393354964,0.007005382032004991,0.024711967944980012,-2.8749172181456832,CASP10
0.2874948812325876,-0.12881183889635536,2.70371090740956,0.007076752894719943,0.024932489860621573,-2.8838079961153134,TMPRSS15
0.5098647344386797,-0.3012789318994893,2.6999961806907615,0.007155152997825246,0.025177194611097586,-2.8934694491205626,EPN1
-0.18473303068410749,-0.0547816929493296,-2.698690610770939,0.007182892469186801,0.025232953145634247,-2.8968619757556557,ISM2
0.19972588721317536,0.0391937346671071,2.6984072122359115,0.007188926615559029,0.025232953145634247,-2.8975981768152965,PNPT1
0.1253617109026769,0.006734468364339815,2.69690894824602,0.007220903673104989,0.025313628692142646,-2.901489056179228,CD109
0.12550879536572618,0.07235252111990197,2.6963054297933247,0.007233820538011091,0.0253273691722652,-2.9030557547733564,ALDH2
0.2403386591084156,0.0911892837962513,2.693881316670398,0.007285912629171206,0.02547806714424465,-2.9093451757486912,SCRN1
0.14925086591701286,0.05624517116152713,2.6933257439711333,0.007297898849207629,0.02548831918178595,-2.9107858479626474,ARHGAP30
0.23135520803552756,-0.3713388786117426,2.6924138017084362,0.0073176120446318245,0.025525499263492672,-2.913150006390198,CREBZF
0.18765351450855214,0.04285757977224626,2.690891770073204,0.0073506201013736555,0.025608905427434207,-2.9170940528354468,MPO
-0.1507918224675212,-0.020879310454545635,-2.6867488455661515,0.0074411466445218075,0.02589224697692075,-2.9278186432160247,PCDHB15
0.12919620019274036,-0.049582276202741866,2.68491792056329,0.007481472507909261,0.026000426061437737,-2.932553150909181,APCS
0.21762739354345054,0.08070573729850784,2.6773320733205566,0.007650651798310196,0.026555591630386195,-2.952135611542222,CCN1
0.16710943566424444,0.0494605855367808,2.673841364671184,0.007729650498591908,0.026796756346719484,-2.961128584876394,NEDD4L
0.234131912714697,0.12937793613027299,2.6728258557803564,0.00775276986552551,0.026843846459353397,-2.9637426568351004,TSC22D1
-0.1530035215703125,0.10270656999317675,-2.6640424389843305,0.007955343226932742,0.027511414230731782,-2.986312174591852,TP53INP1
-0.1510467209037702,-0.0011733324125584354,-2.6608674087032957,0.008029731145818297,0.02773459285334786,-2.994452819910843,IL1R1
-0.11525160950101554,-0.0023503749128780875,-2.65631977090788,0.008137365953329888,0.02807191808654857,-3.006096319319461,OPTC
-0.21214405034037373,-0.00012432059339259418,-2.6523600518119004,0.008232138576276048,0.028364100480069855,-3.0162187621076675,CHGA
0.3838597308902643,-0.22275514308481795,2.6494735179151387,0.008301848351038574,0.028569319203146194,-3.023588502830523,BRD1
0.12561884958812064,0.03692757267848731,2.643876579813256,0.00843852519229763,0.02900421052053459,-3.0378560454747237,GNPDA2
0.23978092857549882,0.043488785461116265,2.6415588252821207,0.008495713044876214,0.029165161245520172,-3.0437557953690026,KIR2DL2
0.2614158482082705,-0.03004605215653797,2.6410010443881013,0.008509527406386245,0.02917700322652531,-3.0451748520610575,TMEM132A
0.17532218364210517,-0.05185219555729193,2.640269100786585,0.008527685750431774,0.029203692685481078,-3.0470365555214194,MILR1
0.18140810710124367,0.08661771697509223,2.6368789868908857,0.008612242944219644,0.02945742878247667,-3.055652781529589,GZMB
0.36234173634842126,-0.5269090026114248,2.633970317781611,0.00868539005094847,0.029671569166771775,-3.063036789962339,STOML2
0.16959672425590522,-0.01808979719307674,2.631683227381708,0.008743296237141015,0.02983318655460843,-3.0688372736711704,HEG1
0.15776998365511333,0.03073413729147755,2.629173554086557,0.008807235829065065,0.030014974405348862,-3.075196623561724,GP5
0.15178115456386218,0.0208192620063265,2.6269363107166286,0.008864587509906409,0.03017389823505023,-3.0808606732119186,GALNT5
0.17585709025946014,0.04440709489730798,2.625679221554234,0.008896959562858133,0.03024751348966865,-3.0840411972794417,F11R
-0.19270979439241792,-0.07455621043401853,-2.624951682531086,0.008915743194168178,0.030274809519400994,-3.085881245012304,WFIKKN2
0.26283710963034723,0.14760572524378324,2.6234188381677566,0.008955434531711461,0.0303658798633342,-3.089756397241504,CYP24A1
0.13847659217448602,-0.03721039682296987,2.622870590319677,0.008969669190869162,0.0303658798633342,-3.0911418761637024,PECAM1
0.12925887382081938,0.05785110345194552,2.6226683847894146,0.00897492435037089,0.0303658798633342,-3.091652799240543,UBE2B
-0.45829949161981715,-0.5074347292208233,-2.621077941528182,0.009016354924435121,0.03046943470862529,-3.0956701163848064,KIR3DL1
0.18184887285578416,0.09105753151626365,2.61517910727095,0.009171517406343916,0.030956620502227965,-3.1105493190512723,SART1
0.2644327142734423,0.14391649410065613,2.6135380349998827,0.00921510690324438,0.031042225702951096,-3.114682950065389,MYCBP2
0.3166656447131346,0.09732976587375584,2.6133942634241776,0.009218934524926153,0.031042225702951096,-3.115044970114683,ACADM
0.1890130878145577,0.010671244374271936,2.607019199011995,0.00939009438058615,0.03158078337078855,-3.1310780252885584,CDK5RAP3
0.22008029776488372,0.0630394068670517,2.601627607905652,0.009537062483974063,0.03203679104103459,-3.144607909475099,CCL7
0.20991338813380628,0.09414844842483715,2.5994317757780214,0.009597505273577675,0.03220140327189649,-3.1501104028626115,SMARCA2
0.2288746696554445,-0.12050960838957044,2.5986483003871514,0.009619154092818782,0.0322072813417744,-3.1520726030994437,IGHMBP2
-0.17490044213101721,-0.07815486919577376,-2.598540369822757,0.009622139825375584,0.0322072813417744,-3.1523428681253702,PLA2G1B
0.10649037139963931,-0.013541740756585024,2.596478732972764,0.009679331123683018,0.032360234101149285,-3.157503238851414,ERN1
0.3743317978786659,-0.6329187813045621,2.592997024966265,0.009776606428071833,0.03264667508306312,-3.166209051943105,SPRING1
0.13911594217366344,-0.040776110325309575,2.591333830684002,0.009823381971970059,0.03276400503684327,-3.170363757521699,ISLR2
0.21324494976083905,0.11345474749278583,2.5857958738176694,0.009980575924752785,0.033248900861750405,-3.184179003487651,LHPP
0.1662587505700628,0.07575916092917549,2.5844033984809123,0.010020452941274788,0.03334228726913537,-3.1876482060519233,WWP2
0.1296821563321135,-0.007315570340407876,2.5832831405353596,0.010052637561739542,0.03340988752809541,-3.190437886381198,FCRL2
0.2988312423312936,0.1477233922393869,2.581832837511644,0.010094441375594749,0.03350925999091889,-3.1940476983113637,SPINK1
0.20061225090691343,0.060912131199340885,2.581308393171422,0.010109596235368752,0.033520039343419364,-3.195352556688637,C1QTNF6
0.1270494678358413,0.01671948755761214,2.5728572657171465,0.010356625622368457,0.03429870720819671,-3.216343993241309,ZBP1
0.16951898732182843,0.011804548676615413,2.567493529153997,0.010516190355242209,0.0347862230904898,-3.229631968163977,TDP1
0.24571126131029875,-0.3731690232880032,2.562720314460682,0.010660028134874497,0.03522063286346445,-3.241434267003925,LYZL2
0.21220998572323602,0.0890646024053563,2.5595313302121445,0.010757101206384262,0.035499695071479126,-3.249307450390957,RTKN2
0.1184604924372626,-0.0014768871452407323,2.555801928605511,0.010871623814038271,0.035835621822620296,-3.258502727907895,KLRD1
0.39966530824426516,-0.22466315593147096,2.5524201430366884,0.010976409997563276,0.03613870660016447,-3.266829614543802,CEACAM18
0.345430219385024,0.14932320119651066,2.5515992665610367,0.011001980585401725,0.036180578677460114,-3.268849216753936,AMIGO1
-0.2445007991116109,-0.21164362396745157,-2.5470963751723263,0.011143193619332293,0.036602205412392536,-3.2799164106598435,APLP1
-0.21038100540511437,0.012320617986870931,-2.5454963679587155,0.011193758091569283,0.036718868287509684,-3.2838443134966213,FAM3D
0.21684844217485783,-0.13160873892795943,2.5451478727613375,0.011204798528941675,0.036718868287509684,-3.2846995249432993,OSCAR
0.26088584100111023,0.10088123339619266,2.539493677891489,0.011385285307216986,0.037266951325367226,-3.2985590300543133,ATG4A
0.2682010793249223,0.1845882597174596,2.5365116549457776,0.011481512693104089,0.0375382790140395,-3.3058564248947016,CTNNA1
0.2512762344926238,0.022984226726424015,2.53337972380576,0.011583356225876753,0.03782731760538638,-3.313511659544451,MYOM3
0.17816766601824638,-0.009816157401469487,2.532794899587692,0.011602462245701236,0.037832862026789746,-3.31494009611299,KIR2DL3
-0.29277449742492817,0.29923691090153415,-2.532323809073264,0.011617873007994724,0.037832862026789746,-3.3160905034960817,HBZ
-0.1535253773034982,-0.08368323070717629,-2.5320947363122284,0.011625373233809282,0.037832862026789746,-3.316649825858142,TNFRSF17
0.1346831432335713,0.07237021775347063,2.531144130721118,0.011656543706768933,0.0378904971530653,-3.3189703730151536,GID8
0.1449593797326013,0.034282210606610984,2.529470549187441,0.01171160137485847,0.038025556943744626,-3.323053729237369,SCRG1
0.5084932973959994,-0.9248867940363963,2.513631278207627,0.012244248257641775,0.03967017110276336,-3.3615693289750586,PDIA5
0.2832587484083001,0.19889922427811504,2.513571001869225,0.012246315697442757,0.03967017110276336,-3.3617154491536563,PPME1
0.1551075437398042,0.09994793146081091,2.512894342839477,0.012269545962314818,0.039675273683794345,-3.363355551995906,PALM2
0.20686299691963597,-0.4083743544839287,2.512704241105925,0.01227607935296088,0.039675273683794345,-3.3638162477255946,COMP
-0.23257367595199832,-0.1571546292741505,-2.509261851411229,0.01239492286201484,0.040013426441022674,-3.372152707971599,LPL
0.2435423713255681,0.12333558667942453,2.506397653187205,0.012494582846524991,0.04028894697934462,-3.379080456460216,NCF2
0.19157697302087826,0.04400439272854921,2.502677848042873,0.012625075583223577,0.040663143897911175,-3.388066167368548,VSTM1
0.2694849731315331,0.05995190918331861,2.4984474911041707,0.012774947934491637,0.04109883249782167,-3.398269356089857,SERPINA9
0.2666222496847495,0.1691456335115091,2.4965466625358013,0.012842802767020713,0.0412699655127435,-3.4028484738137057,CEACAM21
0.21332526383751732,-0.14537514598081896,2.4938195471537647,0.012940712521662335,0.04153717873258777,-3.409412183769956,PTTG1
0.2761297551899959,0.0743376969699441,2.492409061796899,0.012991611570588061,0.041653059876088146,-3.412804237927819,SIGLEC6
0.13227058061073899,-0.02221587897764795,2.491594171008095,0.013021098746210205,0.04167892747339071,-3.4147631021456384,ITGA5
0.9794554445059482,-1.8363166887264821,2.4910309557873545,0.013041513611789676,0.04167892747339071,-3.4161166139664183,PSMC3
0.1757067405703367,-0.013743940137307153,2.490959719704203,0.01304409772790665,0.04167892747339071,-3.416287786354381,TNFSF14
0.11180681270381962,0.07089331042270283,2.48391658747985,0.013301843014224653,0.04245429488100045,-3.433188053491784,CWC15
-0.32551867849497074,0.39995598701298457,-2.4817759005315905,0.01338107164067933,0.04265879577407963,-3.4383154553593354,PDE4D
0.1795356320701182,-0.09423318139789384,2.479989979789483,0.013447489804425164,0.0428064174290025,-3.4425898134760913,FCRL3
0.18102439052320585,0.07345443294826605,2.47971371239841,0.013457790204144658,0.0428064174290025,-3.443250753506069,SERPINI2
0.26043043451351056,0.17791295534143545,2.473795878654599,0.01368011704726542,0.04346448023482184,-3.4573912672701668,SULT2A1
0.13611465037817086,0.13222011848837364,2.470915225635637,0.013789512776171508,0.04376265892325005,-3.4642625742953013,SOD1
-0.2083543089648928,-0.0962990029311714,-2.4699416941077805,0.013826658384527292,0.04383112990140127,-3.4665830000685682,FST
0.17874835105030543,-0.0793420688250835,2.468896925989046,0.013866620603170534,0.04390836557696856,-3.469072225696157,CD3E
0.1567561399584713,0.1090510943450646,2.4655945508085964,0.013993609258881075,0.04426068546488789,-3.4769335774317396,SAFB2
0.7409560809145747,0.4597639039677129,2.465056892301093,0.014014381393966326,0.044276637063990126,-3.478212508373244,IL5
0.05813219953763328,0.008597830668091593,2.4591841487801593,0.014243054911779473,0.04494865423392289,-3.492164290934863,NUDT10
0.2312907207249347,0.20866142954610567,2.4586554256699555,0.014263803480489246,0.04496372541721974,-3.4934187748086183,DCXR
0.9495654587611898,-1.9722106978361165,2.4570093954455228,0.014328569606600158,0.04511736402973092,-3.4973225691801932,DCLRE1C
0.1579418672594161,0.0036485459766542653,2.4561708125370703,0.014361665129013457,0.0451710473052211,-3.4993104055399127,NPTX2
0.17373262367213227,0.05867708541624144,2.4549810975628725,0.014408734440695136,0.045268512779639294,-3.5021294528025395,GLOD4
-0.12329216603018225,-0.023804877676177616,-2.4527341894677384,0.014498002327829893,0.045498190136946656,-3.507449894966711,DSC2
0.4774538586905675,0.09247594703509687,2.4490724384677596,0.01464452898881586,0.04585880052908648,-3.5161103369849056,TET2
0.09820223787999649,0.027203735287341345,2.449048464844422,0.014645492602361898,0.04585880052908648,-3.5161669955727746,LMNB2
-0.14465001218099915,-0.031263718141486166,-2.4465949203590522,0.014744409086042678,0.04611723508578904,-3.521962767800604,CCL11
0.20322335412913753,0.04888807154971941,2.440161963612318,0.015006567592189622,0.046885114064388216,-3.5371317689002657,CENPF
0.18117730133444396,0.07920211635988134,2.438725362369357,0.015065671957936849,0.04701759042305125,-3.5405139634860077,CPPED1
0.27235696877360727,0.125144486590725,2.4371414330950936,0.015131075903776861,0.047169411593722996,-3.5442407566664684,EIF5
-0.2214221340920118,0.010118001220973671,-2.4328919074976523,0.015307788676369033,0.047627698695521366,-3.5542276829789277,ATP5PO
0.9282533836960597,-1.8225377334977866,2.432792971714054,0.015311924447405626,0.047627698695521366,-3.5544599917579083,SLC34A3
0.5691969665555682,-1.1034972858287622,2.429464317077281,0.015451646944489833,0.047991094504967184,-3.5622705456234574,MANEAL
0.33209170679887895,-0.42240675212800904,2.4291985752713736,0.015462849987923707,0.047991094504967184,-3.5628936474969124,GIMAP8
0.24058507405269192,-0.026601676261763404,2.4287277028842165,0.015482718455860264,0.047999837503575594,-3.5639975685985803,MTUS1
0.3038656997040419,-0.1367082562243347,2.4273022865490597,0.015543001325100706,0.04813371697487182,-3.567338063425955,CXCL3
0.5259727478864161,-0.7559904292572253,2.425090447909352,0.015636953187065105,0.04837145408965744,-3.572517761195961,FGF7
0.13604754362245666,0.08633040530074203,2.4207426893064303,0.015823093633252898,0.04882163790906185,-3.5826859149790633,TG
0.12862936592538776,0.021061060907942707,2.420550946405043,0.015831347521909782,0.04882163790906185,-3.583133935669939,TTN
0.33111168398468943,-0.15201622567530568,2.420477422939746,0.015834513467486135,0.04882163790906185,-3.583305719183212,MAPRE3
-0.17542792690841122,-0.07231735555887986,-2.4177775252437814,0.01595115938754338,0.049127476669512705,-3.5896103478069357,NCAN
0.3521221334437806,-0.6839616499688533,2.4141680288297382,0.016108286698467283,0.04955718803954689,-3.5980282670079378,EVI2B
0.23777708347851043,0.13354360153414016,2.411971463127527,0.01620457318275922,0.04979898854745328,-3.603144988847379,FABP5
0.17522633075719332,0.12965634342603322,2.411392715858255,0.01623002685655105,0.04982281963052477,-3.6044923756966987,PSRC1
-0.11722894488007823,-0.09794706333688048,-2.409771545223051,0.016301514656483534,0.04998737826357121,-3.608264954788853,DSG2
0.42288420865847115,-0.76808626763808,2.409372634933226,0.016319147646260017,0.04998737826357121,-3.6091928670115863,ANKRA2
