log_fc,ave_expr,t,p_value,adj_p_value,b,uniprot_id
0.49867287723015463,0.184382288430913,6.773190106132856,3.3498811849012176e-11,9.429915535496928e-08,15.013402210646747,PDIA4
0.5827995750007411,0.19015802183256478,6.467563800551923,2.2617883181514195e-10,3.183467057798123e-07,13.198783795950282,LAT2
0.6248263992179177,0.30297344042292523,6.297359054835409,6.351498022328353e-10,5.952866741481828e-07,12.219072322159834,PPP1R12A
0.5916471370586953,0.28248872172323936,6.2277105545666895,9.62849245917678e-10,5.952866741481828e-07,11.824621271167251,DCTN2
0.2975786227242733,0.09432919683916721,6.211949416445017,1.0573475562134686e-09,5.952866741481828e-07,11.735881840118003,DHRS4L2
0.4074482960661013,0.14049656759211496,6.155958222449962,1.4722352639645822e-09,6.907237113433832e-07,11.42220266367657,HTRA2
0.42295387319250055,0.15455084985816256,6.122447095411695,1.7926994665654701e-09,7.209212854831141e-07,11.235635670396915,ABL1
0.6265753718632239,0.14016941986391274,6.0638373487955715,2.524495288970351e-09,8.883067798064422e-07,10.911454265993177,INPPL1
0.5025658131260139,0.17301670363929472,5.968048359383402,4.391501102102543e-09,1.2845801878711647e-06,10.387453340313813,AP1G2
0.39488527188107203,0.24679849072339174,5.961360246702611,4.563339921389573e-09,1.2845801878711647e-06,10.351137890482791,TXNDC9
0.6233223891157381,0.2878484649752455,5.94144608639238,5.114776114781843e-09,1.3089177057373537e-06,10.2432170254341,DAB2
0.24336091574526403,0.00509007699743556,5.9193955305590675,5.801306152477682e-09,1.3608897349353897e-06,10.124085676841007,RP2
0.6629681002256067,0.3014081416237324,5.8981782352782455,6.5463508843898095e-09,1.4175367491967164e-06,10.009821048859854,CORO1A
0.8144171265937173,0.2704241410028266,5.864426421620906,7.927775880200808e-09,1.5714940839706484e-06,9.82879118723911,NAA80
0.6125626789460399,0.09250090461522316,5.8547467734917635,8.373858351530987e-09,1.5714940839706484e-06,9.777041459824327,ARHGEF1
0.43798497955123555,0.19844115372720822,5.8303027579966535,9.612093203394781e-09,1.6815782759561357e-06,9.6466909977638,TJAP1
0.44620692977692655,0.24151843289595532,5.820531666725032,1.0155490257191706e-08,1.6815782759561357e-06,9.594719203715618,VASH1
0.6924446466883399,0.27672162437058045,5.798884274038673,1.1468170325955126e-08,1.6815782759561357e-06,9.479850371702875,ACADSB
0.46112576083389545,0.12511354132833022,5.792555462436547,1.1882228849469583e-08,1.6815782759561357e-06,9.4463383554876,LETM1
0.5135694090686979,0.06434794317066873,5.79158089559645,1.1947270166651053e-08,1.6815782759561357e-06,9.44118072958573,FGR
0.4065814145435392,0.23114227697194667,5.778450723952581,1.2858118919192802e-08,1.72360022654894e-06,9.371767193265342,VPS53
0.5664409214366337,0.2990759380375165,5.763737958058419,1.395920907669014e-08,1.7861442523128522e-06,9.294151555236786,VASP
0.6393912962802789,0.17305200647228888,5.695514401063269,2.038628369571902e-08,2.495103852323871e-06,8.936520836728542,IPCEF1
0.6482769408889262,0.22874056065040801,5.649008241202822,2.6334444263563955e-08,2.872952042053142e-06,8.69488541966495,TIA1
0.4475174500897201,0.08698283594377763,5.646475506137257,2.67028487482701e-08,2.872952042053142e-06,8.681776122562944,HMGCL
0.7705835477840522,0.17481187500512016,5.6432739098698725,2.717572636696951e-08,2.872952042053142e-06,8.6652122680729,ARF6
0.7389415303703762,0.29985408938384633,5.640739392528178,2.7555845518804562e-08,2.872952042053142e-06,8.65210551478605,RHOC
0.33823350961073345,0.15181211170640938,5.619168231856814,3.10074053445604e-08,3.1173516444620543e-06,8.54076518097476,SRPK2
0.4920728289921075,0.1459720684565434,5.592584738177272,3.584272719640577e-08,3.259210089821939e-06,8.404072636356393,ANXA3
0.46558330210977894,0.1767483262936509,5.589982161958386,3.63537487783444e-08,3.259210089821939e-06,8.390721005295932,CASP7
0.4009614004009908,0.15957321126745258,5.57669675881646,3.907478476370427e-08,3.259210089821939e-06,8.32265053883352,WASHC3
0.45721449202516895,0.1736329638556618,5.5764473253928,3.912772045472274e-08,3.259210089821939e-06,8.321373888237995,XIAP
0.5351060776760506,0.29915568364115286,5.57508928414626,3.941715475799631e-08,3.259210089821939e-06,8.314424046743623,ARHGAP45
0.7827669663718896,0.4020216826727025,5.5730676368155825,3.985188116614516e-08,3.259210089821939e-06,8.304080947569158,SRC
0.9738289509391259,0.04457325684376777,5.569988222357951,4.0523038416969045e-08,3.259210089821939e-06,8.288332516479976,SERPINH1
0.5122102998335093,0.17006381603293672,5.5583498520606325,4.31603073225505e-08,3.374896253138324e-06,8.228882425174987,HCLS1
0.5503451778607052,0.3228648774183105,5.550450365492724,4.5044634388327e-08,3.4270444811659594e-06,8.188593790867854,NCK2
0.5322640108171602,0.16925992840413287,5.525549698611134,5.1522736297720487e-08,3.816750070475873e-06,8.061929205621498,NUMB
0.49364167661228975,0.18452831014194088,5.500830284552912,5.8845505741628565e-08,4.247438427248319e-06,7.936686968773397,NFATC1
0.44968942691260794,0.10152090189056566,5.479273270783488,6.604922240477319e-08,4.648214026735913e-06,7.827874753508247,DNMBP
0.4936078048111808,0.17745110145618553,5.453073556437717,7.596301368671509e-08,5.13787150396175e-06,7.696139769453044,SERPINB1
0.6896165938192804,0.2629499527624232,5.451365116057239,7.66574078743849e-08,5.13787150396175e-06,7.687569076171139,SARG
0.5438596530241016,0.25278182560277274,5.443545766082905,7.991504352069067e-08,5.231647616528936e-06,7.648372461766147,PLA2G4A
0.8243370518835053,0.29391652845406446,5.429132049714909,8.627579070031499e-08,5.5196897913951525e-06,7.576251216054436,PLCB2
0.38331340101929157,0.17249632521642427,5.394516935012231,1.0362479628302378e-07,6.482306700815821e-06,7.4037459847049,CNPY4
0.4789906785709584,0.14088426447285635,5.382914124476767,1.1016442879754171e-07,6.741584066632172e-06,7.346143563362938,NFKB1
0.6113710687136983,0.3322646664812858,5.357637124307484,1.258275029399303e-07,7.536264271827742e-06,7.221039109605025,VPS4B
0.3177324478827779,0.028630330856882127,5.346816111418201,1.331747307194127e-07,7.810143061982223e-06,7.167643221797849,DPY30
0.7745534852860998,0.36664234903511045,5.336341530499976,1.4068223493076958e-07,8.082050843471762e-06,7.116048804392268,ITGB1BP2
0.403249843889396,0.23908937169503625,5.3311217252090914,1.4457513374385792e-07,8.139580029779201e-06,7.090371533555732,DLG4
0.291286691570723,0.11342116533784606,5.325432499943594,1.4893711554094586e-07,8.220744710740443e-06,7.062410718436881,SUGP1
0.9156594806960203,0.3081004500637717,5.3180777325367234,1.5476558944479022e-07,8.378175659367008e-06,7.026303896904464,AKT2
0.5541983770758593,0.2576306418887558,5.3064124436323485,1.6446638786888487e-07,8.57480541918393e-06,6.969127090668334,EBAG9
0.550877949008829,0.36324509844486896,5.300581679722082,1.695337023771182e-07,8.57480541918393e-06,6.9405900864836685,TNIP1
0.5385068912092286,0.21405931240613804,5.3005578226735945,1.695547434445495e-07,8.57480541918393e-06,6.940473382765097,BCR
0.6077207748491854,0.13229449668015136,5.299396253286925,1.705822747688455e-07,8.57480541918393e-06,6.9347917965847845,PLXNA4
0.5681271930647059,0.16066651379421285,5.2851984969057435,1.8364001085584088e-07,9.069239132617405e-06,6.86543652877525,PVALB
-0.2942673076058409,-0.0334893194747885,-5.2648600263740155,2.0404687005898394e-07,9.87781993752406e-06,6.766375088338078,MXRA8
0.5766232655202223,0.35242829818077276,5.262052798626659,2.0703068430334618e-07,9.87781993752406e-06,6.752729010335607,MAP2K6
0.6769978219774344,0.3646732488900891,5.238791973747213,2.3343599186382844e-07,1.0896151635111198e-05,6.6399084794924015,GCC1
0.4213721673507807,0.2010433740253447,5.2364380903870655,2.3628308421654256e-07,1.0896151635111198e-05,6.628516610992033,LYN
0.46387804840884983,0.12853601193355216,5.233417184795039,2.39986288233355e-07,1.0896151635111198e-05,6.613903360601915,ENO1
0.5668867656215352,0.15847053766247757,5.2275704893822,2.4731389037005026e-07,1.1050612720503039e-05,6.585642244114416,TXLNA
0.5128775824788083,0.09991197931498345,5.215881978346081,2.626183098332118e-07,1.1551102221570177e-05,6.529228771922279,EVI5
0.6833182316077565,0.43291566823237837,5.212558474985782,2.67134894562531e-07,1.1568995818361919e-05,6.513208945199056,CDC42BPB
0.3059690293584048,0.1173670980142809,5.205132552098374,2.7750010838486447e-07,1.1835800077324143e-05,6.477447989742412,PPM1F
0.24510187404792735,0.13934777799147577,5.200551790528933,2.840871283228048e-07,1.193589949595068e-05,6.455411336646163,BLOC1S3
0.5118804420117541,0.3376826333298809,5.18895292372018,3.0145029853743575e-07,1.247915574092473e-05,6.3996908246004,HPCAL1
0.5446040704831755,0.21655789982605309,5.182944836448889,3.108438412160013e-07,1.2681527724971647e-05,6.370872254823652,PTPN1
0.6608946668768454,0.07460340990684314,5.1721062270277685,3.2851150304184694e-07,1.2905426100592348e-05,6.318959539635811,FGD3
0.6326322570825355,0.1261119585414631,5.171173806350054,3.3007603049646883e-07,1.2905426100592348e-05,6.314498182690505,LONP1
0.575223396453266,-0.061149609265691796,5.17011307493823,3.3186462411009967e-07,1.2905426100592348e-05,6.309423778307272,MAPKAPK2
0.6672658946601323,0.16176168956881826,5.168460422620021,3.346700196601213e-07,1.2905426100592348e-05,6.301519569175669,MITD1
0.4748431396704051,0.22719522887129054,5.161512281640531,3.4671777927780723e-07,1.3189331738743613e-05,6.268313326998221,SAMD9L
0.36806082433948833,0.05482322232804447,5.1500206544455605,3.6757075163839187e-07,1.3796155544827642e-05,6.213481464630728,NECAP2
0.8039844128812679,0.39739930005322693,5.13781943598607,3.910389133081445e-07,1.4366372006779969e-05,6.155384490281108,GRAP2
0.4251255088961233,0.28155988540124693,5.136847223779694,3.929700335779956e-07,1.4366372006779969e-05,6.150760581306539,CMC1
0.44673719701913944,0.15260684364513827,5.1261623355949,4.148109656474118e-07,1.4970421388429029e-05,6.099994553437385,LBR
0.5723630742399936,0.21074258048095573,5.121761263778425,4.2414470289172526e-07,1.5010250874110506e-05,6.079111937661921,IKBKG
0.4009935167717986,-0.11004952216571572,5.120628813263023,4.265790656940819e-07,1.5010250874110506e-05,6.073741200965488,SELE
0.7758424348620031,0.33970292889895753,5.103173654478191,4.6585572958800994e-07,1.615944616656348e-05,5.991094438265909,MGMT
0.7814941210235717,-0.06775669533524824,5.10111211258202,4.7071921337769286e-07,1.615944616656348e-05,5.981350277486515,CENPJ
0.49553308850783534,0.2472959701841619,5.094599155870041,4.864090658248543e-07,1.640406587189721e-05,5.950589274924461,PLEKHO1
0.4140887096266438,0.29537917830474153,5.093340221621311,4.894996565681582e-07,1.640406587189721e-05,5.944647366226848,NDUFB7
0.5949866789574424,0.25431496752414623,5.089480749662469,4.990931930955347e-07,1.6425995093160317e-05,5.926439732844356,CIRBP
0.5006100337110104,0.2154227365726169,5.087674850748122,5.036443447412713e-07,1.6425995093160317e-05,5.917924421886772,NMT1
0.2009481827291289,0.016910593534190742,5.086094679628382,5.076595286340844e-07,1.6425995093160317e-05,5.910475721422312,CD36
0.46311671070497784,0.0949177709750273,5.083248519155829,5.149697928176289e-07,1.647318144070029e-05,5.89706460726017,TBL1X
0.5055201141901559,0.30676919158671084,5.075622229617211,5.35063001304631e-07,1.6923621895197035e-05,5.861162988483034,PNMA1
0.31033872085260455,0.11266965527364951,5.066447582045493,5.602414337015706e-07,1.7523107065221348e-05,5.818036928968182,NMI
0.5814386949568878,0.1591173105334171,5.061274520857685,5.74939209701886e-07,1.7785207420997902e-05,5.793751733602395,GTPBP2
0.6320241491677496,0.3509014440613647,5.050221057980013,6.076041457722807e-07,1.8484112812160686e-05,5.741935969042007,MESD
0.49382608792125704,0.1402541214057866,5.049214854369107,6.106651834923424e-07,1.8484112812160686e-05,5.737224241894738,STAT2
0.3972478341743821,0.12701908345551555,5.044066003808495,6.265635980521095e-07,1.876358009060307e-05,5.713127143344364,SMAD1
0.5099390628916706,0.306770174931609,5.040732517682815,6.370691628314932e-07,1.8782064625017534e-05,5.697537995440063,TWF2
0.7821931463245245,0.24039054853717345,5.039647525811739,6.405251168744878e-07,1.8782064625017534e-05,5.692466012382912,TBCB
0.2947167130534856,0.04940406537136604,5.031893838096172,6.657552387392847e-07,1.916041393568443e-05,5.656248849239432,IDO1
0.594698491090001,0.10761946629926965,5.031506328948306,6.670410535335965e-07,1.916041393568443e-05,5.6544401355019644,DECR1
0.46591718799307913,0.14266326793555278,5.024835732727801,6.895549899961143e-07,1.9437783664964844e-05,5.623324666176341,PIBF1
0.6502120346828524,0.40153432412476153,5.024558204085913,6.905074126097635e-07,1.9437783664964844e-05,5.622030924908151,EIF2AK2
0.3625118132609792,0.1436050113649438,5.017196029522959,7.162421292050681e-07,1.9962590036755118e-05,5.587734702316807,IMPA1
0.48196247808470033,0.14790377885634604,4.999761629519299,7.809339743248061e-07,2.1479966423700095e-05,5.506699564995957,RTN4IP1
0.3739965183960693,0.10797388249553792,4.998469877139408,7.859454854852966e-07,2.1479966423700095e-05,5.500705680042744,SH2D1A
0.8048525607905211,0.45488467531351545,4.9928734102645445,8.080188136895446e-07,2.1870893851308344e-05,5.474753643487615,SULT1A1
0.4327352639869526,0.14693072025636064,4.977679709283935,8.710067741236788e-07,2.3351276849125294e-05,5.404430240901238,MSRA
0.625851963249015,0.2725184444079536,4.972395243334637,8.940059446345565e-07,2.3741761642889405e-05,5.380016934763326,ARHGEF12
0.6803385795298528,0.32411808815657384,4.9586132219440575,9.567811619499098e-07,2.5171392251299028e-05,5.316457263758998,RAB11FIP3
0.33053934049763717,0.0007529146993510896,4.9524033041408915,9.864377642482223e-07,2.549659352668508e-05,5.2878708769546865,DBI
0.42787200448118107,0.1756429297537633,4.9522343136545,9.872570850474863e-07,2.549659352668508e-05,5.287093410778473,SEC31A
0.3423985630176662,0.15401941346109269,4.942008271923211,1.0380777508604942e-06,2.638755597735563e-05,5.240091861720526,STX4
0.2905294098642358,0.07014027144899954,4.941532241414961,1.0405039834765452e-06,2.638755597735563e-05,5.237906053721019,SCPEP1
0.42444319459087393,0.0777608148975578,4.935264295461433,1.072965421723225e-06,2.6967836269204274e-05,5.209143142312868,LRCH4
0.6021294655066044,0.26355198001429664,4.917533584648264,1.1701728753494576e-06,2.91507667620241e-05,5.127958762425996,PHACTR2
0.47623407536544166,0.11436805415930286,4.91170803586401,1.20392638384513e-06,2.9720324171454237e-05,5.101343116041113,PRKAR2A
0.3768648835430888,0.13773495767454588,4.909974303255584,1.2141517867556794e-06,2.9720324171454237e-05,5.093427620939156,SLC9A3R1
0.44859464596647536,0.21353278556479996,4.907380365568292,1.2296072202716346e-06,2.9839175216074583e-05,5.081589542354498,ATG16L1
0.3888705418057231,0.11222044662777318,4.904677835221982,1.2459115080188285e-06,2.9976417906606858e-05,5.069261933906279,PRDX1
0.39501478384213534,0.07448699367387712,4.89914151210891,1.2799657194874311e-06,3.0534775426755246e-05,5.044027276613763,CEP85
0.35837015622162005,0.1689382739741666,4.895956599295945,1.2999612805483179e-06,3.075118491381105e-05,5.029522152371722,HDGFL2
0.3905354868161765,0.16231833981459012,4.885357159472732,1.3687000060619458e-06,3.193044424448696e-05,4.981310772973247,GIGYF2
0.61327433206879,0.24203220955703553,4.884786485386683,1.372498669123596e-06,3.193044424448696e-05,4.9787177726328125,ERP29
0.7851890483343694,0.15504950318901864,4.88090173999509,1.398628787851916e-06,3.227163965412413e-05,4.961073798115043,ATP5IF1
0.1953288520593914,0.01702420442996854,4.874881542745633,1.440072899395254e-06,3.295776594957431e-05,4.933756180131663,FGFBP3
0.5573674677502187,0.23889320226513583,4.873018594041777,1.453135950328661e-06,3.298852984012242e-05,4.925308977388191,AXIN1
0.5917684832201008,0.18730823753078094,4.867824921799229,1.4901602636878756e-06,3.3558409138250954e-05,4.901774759798283,SNAP29
0.6403048242697854,0.2902551829341553,4.865068512003266,1.5101777531132234e-06,3.357032082858978e-05,4.889293868066694,MTSS1
0.6428279841739944,0.38610905869704926,4.863420283362,1.522271051350925e-06,3.357032082858978e-05,4.8818338482773544,VAV3
0.37065541248767664,0.21106213482434807,4.862851525003814,1.5264657428275283e-06,3.357032082858978e-05,4.879260135804817,PPP1CC
0.8286448824747148,0.43067799745427965,4.847961268545294,1.6403345899464903e-06,3.579489822247574e-05,4.811977326679676,UFD1
0.5281166967000892,0.18935714881290716,4.841704999097301,1.6905823030197185e-06,3.6607609100003904e-05,4.783764061001955,PPIB
0.282194617357736,-0.016625054334367326,4.836442473908865,1.7339944882663412e-06,3.713039679905581e-05,4.760057939833944,SERPINB9
0.6226411559365305,0.295841747574608,4.8355925674808695,1.7411056403109651e-06,3.713039679905581e-05,4.7562315703356735,PTPN6
0.48858394821086865,0.3627594065676499,4.831441761348944,1.776241101487274e-06,3.7594877448772006e-05,4.737553021209612,TBC1D23
0.3538965793412233,0.1630406619585264,4.822541770089456,1.8538949946877448e-06,3.8945629925716434e-05,4.6975526151467,COMMD1
0.657521182457216,0.29681796784628517,4.819593721595773,1.8803309228596573e-06,3.9140875271240903e-05,4.684317667080132,SLA2
0.8386977247983373,0.40594812025356075,4.81698794042301,1.9039997442933699e-06,3.9140875271240903e-05,4.672625448315719,MANF
0.7665889956524868,0.2111937848721768,4.816889196302595,1.904902277854353e-06,3.9140875271240903e-05,4.672182494092041,CLIP2
0.4816899660445566,0.23404696433650768,4.810418168801773,1.964955382145969e-06,4.008224203435437e-05,4.643172335830892,FKBP14
0.41499625416921965,0.21303653948237894,4.805876371380436,2.0081895663410906e-06,4.042545576610539e-05,4.622832366833379,MARS1
0.6612583470927476,0.22578528234987646,4.805636084514086,2.0105022405878347e-06,4.042545576610539e-05,4.621756756190685,PDLIM5
0.2710843420537848,0.12101343572082782,4.8013584237446025,2.0521051120899944e-06,4.0969332556974004e-05,4.602616633333122,OPLAH
1.5112708937135235,-1.475958895618125,4.798683255906495,2.0785428927892965e-06,4.120491720564697e-05,4.590654684609213,KIAA1549
0.54447241528919,0.39354669722015057,4.780722106552182,2.264733388231378e-06,4.4581989425673634e-05,4.510499750370004,CMIP
0.4558943824037762,0.20654062099766138,4.778121685701166,2.2929867124891763e-06,4.482470552539605e-05,4.498917683496952,NFU1
0.6058957437922506,0.24302942074419212,4.776242189058689,2.3136182426799113e-06,4.48788471003429e-05,4.490550145784784,FYB1
0.6076795136111782,0.31875851139002587,4.774973857459544,2.3276418034280863e-06,4.48788471003429e-05,4.484905223493039,TACC3
0.4853568213300505,0.14674469000679616,4.770466782273155,2.378140353117838e-06,4.5540578870930026e-05,4.4648568322317175,MVK
0.3879712272850706,0.1866430534946689,4.765210322347883,2.4383680795629167e-06,4.6254570373475116e-05,4.441496917926061,NUDC
0.3069129421955364,0.07512225195795089,4.764356548346206,2.4482880943686653e-06,4.6254570373475116e-05,4.437704938597234,MZT1
0.3935184666814794,0.13781469791854564,4.760689648597279,2.4913373991339125e-06,4.6754098523746426e-05,4.421425726226365,MYBPC2
0.26655847316076675,0.05586085486566279,4.755336280548876,2.5554966228045307e-06,4.764054962380632e-05,4.397680043826764,IGF2BP3
0.6086599967497358,0.26816940016825713,4.750714121816047,2.612169246647838e-06,4.8376687034958315e-05,4.377197437422771,OPHN1
0.36608013779258575,0.007940886090036143,4.749310975987676,2.629611347690843e-06,4.8381411397057015e-05,4.37098315565504,LGALS8
0.35156548542315635,0.06514039477937134,4.74400874303248,2.696539527284328e-06,4.929064135912587e-05,4.3475157000732505,GBP1
0.7626141889509248,0.188939740906234,4.732353289797287,2.8494732591487984e-06,5.17501111258314e-05,4.296013610678251,EDF1
0.8208266748369142,0.4558759274019025,4.729352045292374,2.8901845924189216e-06,5.207497446061083e-05,4.282770777027455,DOK1
0.24672177020719824,0.0836108785249301,4.728316635278856,2.9043591439843342e-06,5.207497446061083e-05,4.278203871664157,CHMP6
0.3408604296377406,0.09867879402043778,4.723252953339394,2.974648822337867e-06,5.299769895494365e-05,4.255882586103267,BACH1
0.5928582937541382,0.2121251048427704,4.70674224150789,3.2153856884829463e-06,5.6926482472198075e-05,4.18325386957439,VAMP8
0.6920790475997636,0.44506098638552316,4.69780793035243,3.35335749827191e-06,5.899813348522141e-05,4.144050167476799,PDLIM7
0.4452548676039721,0.06946383434358008,4.695385321815535,3.3917400671882474e-06,5.9302784404564695e-05,4.133431558227228,ATP6V1F
0.6055695677343813,0.23805720588319326,4.69361456830378,3.420061871560079e-06,5.9422966739521966e-05,4.125673295118938,USO1
0.6002891706018723,0.23572207140862175,4.6923248724301985,3.4408325323417693e-06,5.9422966739521966e-05,4.120024397152877,FKBP5
0.47600242159001366,0.23790949674523423,4.6890297964273815,3.49445234364735e-06,5.998099602053226e-05,4.105598359756579,CALCOCO2
0.5172027444932527,0.29886171235682474,4.6817367074591285,3.616002669791091e-06,6.169119706340558e-05,4.073701875426558,CACYBP
0.3180747777734636,0.19510153833049554,4.675136479689894,3.729501311683579e-06,6.324425417101973e-05,4.04487494117806,TNFAIP8L2
0.49524372535174055,0.31248786055053196,4.6715628274263015,3.7923756776917825e-06,6.392537444731957e-05,4.029282366543647,DCTD
0.5623914349726621,0.21961887291927834,4.664367403458244,3.922076402662772e-06,6.571812543747442e-05,3.9979204980822107,KAZN
0.26460385650481905,0.08956477202048439,4.649259041194426,4.2084273339479495e-06,6.992047835877156e-05,3.932214013747446,GPI
0.4876792985092761,0.18042945353791773,4.648035312361507,4.232480487725952e-06,6.992047835877156e-05,3.926900579381849,WASF1
0.4539295050935677,0.3115521404737073,4.646878033919059,4.255349017355365e-06,6.992047835877156e-05,3.9218768561011963,RGCC
0.3615102811924273,0.1348777664296789,4.646027679613633,4.272228162596344e-06,6.992047835877156e-05,3.918186217710243,ANXA2
0.5281670991872117,0.16188570663078924,4.637389084832178,4.4473870608446655e-06,7.236644263744355e-05,3.8807289027694,MECR
0.4113770826821642,0.0978807524381571,4.634576271876273,4.505894864353525e-06,7.289709220204123e-05,3.868546264608396,MYO6
0.5176814660124948,0.19775293866303084,4.62042105446167,4.811731730376795e-06,7.740014183434673e-05,3.8073415184887605,CDKN1A
0.37216937381242055,0.14693705348845962,4.618583193231719,4.8528734988512545e-06,7.761840283674024e-05,3.799407558038718,DDHD2
0.5580676190219791,0.31685384155231144,4.613496771286104,4.968505520619771e-06,7.901888723471557e-05,3.777464862917789,MAVS
0.4791422390266003,0.23355001824314447,4.606556356230458,5.130561053352193e-06,8.113780542239564e-05,3.7475600008478267,CEP170
0.4779881625001247,0.24859745190854574,4.594728371703807,5.418501458564417e-06,8.5212746401446e-05,3.6966911274810634,MYDGF
0.587638254982687,0.35794627801429363,4.588314966837715,5.581052202120075e-06,8.696347608918408e-05,3.669159232644869,DOK2
0.4280736391856781,0.14945967125283866,4.587904540192038,5.59161249454434e-06,8.696347608918408e-05,3.667398531989269,FDX1
0.2741839026395154,0.13757164577097178,4.5763328912460555,5.897370595312729e-06,9.12148254165128e-05,3.6178167379794353,HSPA1A
0.5517937370005843,0.33570414072427635,4.567891196856787,6.130482151869609e-06,9.430222545089043e-05,3.5817188865553167,SMTN
0.7240309618934706,0.4106189060757485,4.5603725999754285,6.345526514507362e-06,9.707965836053381e-05,3.549620077548541,STAT5B
0.29166012881687814,0.05832568314846843,4.554481335989593,6.519065315356594e-06,9.919550736610168e-05,3.52450285050908,PAG1
0.13911810959173412,-0.015379871050837013,4.552458889834852,6.579683506361838e-06,9.957961865811061e-05,3.515887118821029,LAMP1
0.49440883926309903,0.11959330062901635,4.544573100397154,6.821247609101656e-06,0.00010244185196391197,3.4823269497381997,PPP1R9B
0.516145899996258,0.22074768968437586,4.542690205343256,6.880171783292951e-06,0.00010244185196391197,3.4743217076507165,IRAG2
0.35775437807986993,-0.024658190983009684,4.541764021843244,6.909335040523036e-06,0.00010244185196391197,3.4703851060256614,BRDT
0.29625396192863795,0.2244726244624728,4.541604494749245,6.914370114793347e-06,0.00010244185196391197,3.469707135253465,HARS1
0.5656133159687152,0.2428053978249679,4.529913770615833,7.293093686788507e-06,0.00010748721847282538,3.420082818187657,TPD52L2
0.341311698837665,0.07815492923686095,4.526857577943842,7.395333119487817e-06,0.00010842636839249065,3.4071294865279373,VPS37A
0.5205172168452078,0.16442197950541323,4.523871466622804,7.496554731758987e-06,0.00010934094077669196,3.3944809848227706,CACNB3
0.6604591325944998,0.27213669582806044,4.521402269099507,7.581256444346418e-06,0.00010989360134648297,3.384027837239527,EIF4G1
0.5660311332224618,0.19648164469613336,4.52049747576154,7.612523006239495e-06,0.00010989360134648297,3.380198787687716,SKAP2
0.4348959219219864,0.12857116128766247,4.519032452188224,7.663411547105969e-06,0.00011006379339338419,3.3740003669814183,PFKFB2
0.3558633616824846,0.022589029548421898,4.515693871380086,7.780600741020704e-06,0.00011117965018260548,3.359881980027959,CD40
0.4651090838699053,0.18663161809490023,4.51437929387608,7.827214225850942e-06,0.00011128084871601215,3.3543254624499124,TBCC
0.22954919213058247,0.08854951567383779,4.511243498181814,7.939489657337654e-06,0.00011230986625831909,3.341076970289473,TXNRD1
0.2451825999794725,0.13799643781952164,4.4979070410106505,8.434477020885932e-06,0.00011850087253586833,3.284826517120882,AP3S2
0.5294522759521407,0.11708167669323366,4.4972048825321504,8.461341165083315e-06,0.00011850087253586833,3.281869221748293,NFE2
0.40010779266650864,-0.0037769678798207974,4.4940181753979145,8.58429666625078e-06,0.0001196276985915641,3.268453065935237,SUSD1
0.6079712044009377,0.20381281805043758,4.480942797631401,9.106959095500509e-06,0.00012577110202166767,3.213497308462859,BANK1
0.4275050274571887,0.1507624803972925,4.480090278371698,9.142075301492721e-06,0.00012577110202166767,3.209919316504994,RGS10
0.5178704704109355,0.21875331574179385,4.479676297466308,9.159174392341696e-06,0.00012577110202166767,3.2081820810293653,LAT
0.407996989610275,0.22150390099637624,4.4781687971739,9.221699601580218e-06,0.00012601497271091415,3.2018572399236938,PMM2
0.31850611627435665,0.08851912248248946,4.473540171775563,9.416242621760525e-06,0.0001280518018369849,3.1824497691425755,DMD
0.3570497283895225,0.18504646180526121,4.458462075692955,1.007761968859029e-05,0.00013638701645856568,3.1193572696585896,AZI2
0.38231640911493797,0.20691318035344883,4.445963997975591,1.0659333328552293e-05,0.00014284767016153993,3.067210025518758,PPP1R2
0.5944455413024178,0.18488887160352807,4.445350752313823,1.0688688549131177e-05,0.00014284767016153993,3.064654795189414,PPP2R5A
0.515405513343684,0.2775731212518251,4.444964198274776,1.070723211512786e-05,0.00014284767016153993,3.0630442958367254,CRACR2A
0.4230205385042994,0.22615705820032894,4.440759270093416,1.0910949074249053e-05,0.00014487887567929758,3.0455336917688314,DAAM1
0.6038287308928428,0.3461074405661653,4.4336266537518005,1.1265017813683078e-05,0.00014887805232637494,3.0158664079867865,DTD1
0.1581897493505941,0.03661847475988505,4.426122159861173,1.1649411356017037e-05,0.0001532387521831213,2.9847000458420005,FAP
0.27175028688034447,-0.0067316288508559065,4.42489173774128,1.1713621865378043e-05,0.00015336672349320553,2.979594738864863,HSDL2
0.5391889112104461,0.28030360097061385,4.4227538014489,1.1825998201067002e-05,0.00015412122655557227,2.9707270737389475,PDE5A
0.2666867824512863,0.1336178550814944,4.4178075540662185,1.2089956598932927e-05,0.00015683515127187184,2.9502264101365228,SERPINB6
0.5565836324601976,0.28031716317293826,4.414687923605692,1.2259326570562385e-05,0.0001583027720006106,2.93730744394278,CAMSAP1
0.3349711625412749,0.08519977074157599,4.411727765835108,1.242213634333838e-05,0.00015967266578309378,2.9250567068596993,LPP
0.3614626067891431,0.13819272411929256,4.406356570724018,1.2722851686641539e-05,0.0001627946704449815,2.9028472466343302,RNF41
0.5965117710391471,0.2704298673788851,4.39697627706317,1.326480154997419e-05,0.00016896116001437713,2.8641206657123846,CDKN2D
0.39379010114244895,0.08506471241529409,4.390252703591279,1.3666773089112047e-05,0.00017329714525157844,2.8364094720398825,HS1BP3
0.4860301871051534,0.25183453605278877,4.388151472824393,1.379476775931582e-05,0.00017413574548194634,2.827757323825674,METAP1D
0.4787345253954877,0.23843276327018734,4.385622525056042,1.3950337151259302e-05,0.00017531338875354882,2.8173490805196373,EEF1D
0.4067935039604795,0.15875819182135467,4.383994939726626,1.4051344814076926e-05,0.00017579793622945133,2.810653467253829,ATOX1
0.4966888303208723,0.31604792862672065,4.381503248043365,1.4207335046927278e-05,0.0001761585753910025,2.8004075339786443,MTIF3
0.25673356271228287,0.17578677462349193,4.381392185845242,1.421432641583479e-05,0.0001761585753910025,2.7999509677557057,GORASP2
0.5593526492873466,0.33420682231690463,4.380542772592742,1.426790592864958e-05,0.0001761585753910025,2.796459465223064,CRKL
0.5108310074018665,0.14710863802842816,4.379053032629812,1.4362342910936372e-05,0.00017655019779164142,2.7903374252038162,EIF2AK3
0.43743804043578244,0.2217743584773201,4.3737193592587476,1.470537829809759e-05,0.0001799810430832379,2.768434710305117,CNP
0.43753844581767654,0.22169662560574568,4.369381995060887,1.4990098489409943e-05,0.00018215435776193368,2.7506416078950977,MYO9B
0.30804376912363995,0.11901232912039593,4.369046102142813,1.5012366252493289e-05,0.00018215435776193368,2.7492643634132037,BNIP2
0.5003123150527216,0.06657831956694013,4.362206940996607,1.5472701235309755e-05,0.00018693413724204706,2.721243484940519,RAB33A
0.22892006157930564,0.13720957695995842,4.356383630174509,1.587526913844309e-05,0.00019097813087486025,2.6974168072915727,MORC3
0.5814448030555249,0.02340683937781829,4.3534980045522955,1.6078444860897652e-05,0.00019259924375926337,2.685620927945145,CGB3_CGB5_CGB8
0.580962071046267,0.18722229949913538,4.3477357788802475,1.649162256876089e-05,0.00019633778845241231,2.662087793409164,RBPMS2
0.36306682124753703,0.20716489293280532,4.347207069400316,1.653003760682832e-05,0.00019633778845241231,2.6599299756928545,DNAJB14
0.23336808503291342,0.1032353219707514,4.344589346876466,1.6721499782051933e-05,0.00019739926487730044,2.649249878674432,KCTD5
0.3808484225958802,0.08063643829084616,4.344071125155273,1.675965339455588e-05,0.00019739926487730044,2.6471362847078304,SESTD1
0.6284705528856723,-0.027616787433228804,4.342876528108572,1.684792174173719e-05,0.00019761208209579244,2.642264951786311,TAB2
0.5042377450718953,0.1893952098327464,4.336919867685674,1.72947287707021e-05,0.00020201104352500585,2.6179934422514872,NUB1
0.3219159806993794,0.2106008402863422,4.3242366425033945,1.8284111110603777e-05,0.00021146903275757862,2.566416489663803,DXO
0.29428653249023307,0.14804360707874487,4.324139382034728,1.8291903034923722e-05,0.00021146903275757862,2.5660215179291637,CASP2
0.4661724742023483,0.020754334003739223,4.3236666554905385,1.8329820246127595e-05,0.00021146903275757862,2.5641019078176726,PKN3
0.5759341551111012,0.42936016838909274,4.322719001873789,1.840605742804369e-05,0.0002114818435099714,2.560254339670463,TMED8
0.2533502712677572,0.09282983330700595,4.317078560514591,1.8866126640010956e-05,0.00021520521766608635,2.5373698149331663,CDC26
0.4493490092395043,0.17743395565230405,4.316874012219263,1.88830155465447e-05,0.00021520521766608635,2.53654043924446,ARFIP1
0.5002618182052153,0.13261548238212892,4.312518316873877,1.9246098234759196e-05,0.00021772887224182669,2.518888212721576,TRIM5
0.40583318934921675,0.2066680703605637,4.312363284093875,1.925914358373529e-05,0.00021772887224182669,2.518260220465617,CIAPIN1
0.5542635902535412,0.29181284794523726,4.309462434256733,1.9504800785000344e-05,0.0002186735693963821,2.50651360329228,GOPC
0.28624611133508177,0.08833374075311351,4.308608897788261,1.9577650091644947e-05,0.0002186735693963821,2.503058717805386,CRYBB1
0.339471281152543,0.23987301042326378,4.308127541776997,1.9618848329521675e-05,0.0002186735693963821,2.5011105992681344,TAX1BP1
0.6403031834186959,0.26850684933419816,4.3069661821761684,1.971858776400485e-05,0.0002186735693963821,2.496411240012021,IRAK4
0.3589865947329776,0.17387535200197202,4.306820721238689,1.9731114254593628e-05,0.0002186735693963821,2.495822725724395,IRAK1
0.546881395407865,0.25799881879613923,4.304251414256764,1.995362885267302e-05,0.00022027241262852765,2.4854307233319997,AIFM1
0.5573726959038466,0.2227435697854619,4.30181193796388,2.0167115722974218e-05,0.00022175949515692355,2.4755691844194647,DBNL
0.5051781714477906,0.1848956400030986,4.298218225403337,2.04855911339763e-05,0.00022438497681767818,2.4610511448648626,PRDX5
0.5563481868342369,0.21492774306432721,4.296445546368668,2.06444493594449e-05,0.0002252485463055713,2.453893956741119,PDP1
0.3518749249493985,0.09607122202157763,4.282620521720833,2.192436601276424e-05,0.00023757972915008785,2.398169760932351,PKD2
0.8211599835165414,0.36303139411158564,4.282420579433394,2.194342080959959e-05,0.00023757972915008785,2.3973650851301045,DAPP1
0.42150102896346686,0.1850226006121986,4.276868755379315,2.2478875588211348e-05,0.00024244457770427182,2.375035519867353,CHMP1A
0.5180410671308869,0.21141997798424178,4.2546393788071,2.4750391914179727e-05,0.0002659250123603661,2.285898835223591,HPSE
0.7854158764540283,0.2725430197870376,4.249113970589721,2.5348092641277623e-05,0.00027131133378401713,2.263809903014037,EIF4E
0.3184552437758607,0.28092373495601314,4.240624097910827,2.629337303763601e-05,0.00028036304962479304,2.2299220826181116,FXN
0.5501139890947255,0.19872568021112733,4.238099113129479,2.6580935146059482e-05,0.0002823597450421035,2.2198556532412415,RAB27B
0.5657194771451785,0.2045576051062234,4.231612751908559,2.733345760312638e-05,0.00028926196673985247,2.194021925375969,BIN2
0.4024987170900644,-0.1022972911766811,4.222186450789445,2.8463363776256878e-05,0.0002999176222336207,2.156544877761327,NRGN
0.4426651582812587,0.09204147157558247,4.221450447129046,2.855343614870705e-05,0.0002999176222336207,2.1536219597148083,STK11
0.32187917258725973,0.11449838645905248,4.21540956390264,2.9303058378870562e-05,0.0003066472466041659,2.1296495502535517,ELOA
0.38207443369857197,0.024339544963574367,4.214457609101468,2.9422885563677436e-05,0.00030676082541389625,2.125874771610336,C2orf69
0.39539626678048295,0.05344305329221008,4.2066442853665205,3.042418898605081e-05,0.0003160298597628525,2.094922734374016,DENR
0.30048181447006506,0.077068106961186,4.199821972515647,3.132497253748235e-05,0.00032419043269490006,2.067940384681183,CDC27
0.513111996827312,0.21967147237214363,4.1922878090511775,3.2349260486321374e-05,0.0003335647189340464,2.0381901785647614,AK2
0.38160974769169825,0.1119884846852682,4.189427743588426,3.27463863056728e-05,0.00033642728996521507,2.026909682386121,TARS1
0.475029553558561,0.10900076097839125,4.187195845238365,3.305951174996363e-05,0.00033840918391326403,2.0181117603826326,IL10
0.47917546945908446,0.2725391484577771,4.182932842824645,3.366553608573551e-05,0.00034336407275849804,2.001319600261425,CASP3
0.5791248575493605,0.10057127259692664,4.170166576920117,3.554431052219689e-05,0.00036121745169669404,1.951128306979049,ANKMY2
0.4408702728630551,0.23536647842259795,4.168864940918618,3.57413809335094e-05,0.00036191362348139916,1.946018907025815,HEXIM1
0.2922066077140054,0.1549535622179016,4.167452671134467,3.595637824549079e-05,0.00036278568014715617,1.9404769152765091,ARL2BP
0.5130193248470207,0.13382102960227907,4.165815372124249,3.620717440438311e-05,0.00036298405750992933,1.934054066972088,GYS1
0.2741544540865341,0.03955478732819877,4.165641322038591,3.6233932561381934e-05,0.00036298405750992933,1.933371436534289,DDAH1
0.40967954133252965,0.18919522412721934,4.1620983376693,3.6782735084550434e-05,0.00036664047124000784,1.9194815256266473,METAP2
0.4172274961256332,0.12676767347678386,4.161607316202691,3.685941504828498e-05,0.00036664047124000784,1.9175573975821933,CLPP
0.39780543891655273,0.10237946798338064,4.1590965864585385,3.725388569589497e-05,0.0003692594656124801,1.907722111583782,ITPA
0.5164029630793661,0.27572616357087404,4.156104926637145,3.772916540296109e-05,0.00037194759417005893,1.8960101240471285,RILPL2
0.21325942523872635,0.011374020191522928,4.155728673889405,3.778934704534169e-05,0.00037194759417005893,1.89453769780091,MYL1
0.35034902821236835,0.1444933779043969,4.153152280508537,3.82039032775714e-05,0.0003747177272695592,1.8844585980646453,OGA
0.28755987296079794,0.17449761972292885,4.150797567550156,3.858657320074355e-05,0.00037715695680587874,1.8752518465706327,GADD45GIP1
0.4933239229260204,0.371248411191901,4.147996952256873,3.904645846134138e-05,0.00038033142065285806,1.8643080088646151,GMFG
0.6010496215899828,0.243875851870608,4.146718678700558,3.925809166657664e-05,0.0003810742346255629,1.8593152535672157,EGF
0.48415498039707,0.12253127334929392,4.14094146032554,4.022826974773424e-05,0.0003891497571816904,1.8367682135186136,PRKAR1A
0.25467014564373464,-0.013946000860613225,4.138876556635281,4.0580534987513967e-05,0.0003912130342118213,1.8287165446823508,MFGE8
0.1638418862889645,0.015417371222749538,4.138024404831467,4.072676304779283e-05,0.00039128272347964784,1.825394848665285,FN1
0.46017822087698435,0.23085987851870987,4.133738385546984,4.14698729383744e-05,0.0003970669806854556,1.8086976088602196,STK4
0.5289090364760541,0.11996835589264718,4.131054126758644,4.194182067893865e-05,0.0004002244922413976,1.7982486664770025,CNST
0.22751634656556782,0.03763537707962426,4.124093186428329,4.318962171938486e-05,0.0004107391389867175,1.7711815983627943,TNFAIP2
0.38187550886098365,0.21440047900110726,4.1213847686720015,4.3684604645245457e-05,0.00041404768375880794,1.760661676654344,PCBP2
0.3823148033448486,0.17104371628244577,4.119417324026736,4.4047548060532084e-05,0.0004160867375516705,1.7530238684558608,L3HYPDH
0.6074489602230124,0.1066498712369716,4.108751338660914,4.6065605254669694e-05,0.000433694577899315,1.7116769335031243,DIABLO
0.30919261339032866,0.11052027890869895,4.101998206122571,4.738846422525297e-05,0.0004446617559802904,1.685550167904287,SMNDC1
0.5546157971766824,0.283183003508173,4.099900088868987,4.780676178519305e-05,0.0004470964598847789,1.6774410923530745,SUMF1
0.43675886018151555,0.23845814822462116,4.089480117318875,4.993670557208475e-05,0.0004654696231305251,1.6372262271546063,ESYT2
0.27392541147526367,0.16865976589432471,4.081852423742984,5.1552739217447864e-05,0.00047894706566704864,1.607848687274708,OTUD7B
0.38106187106568146,0.24089748703905822,4.080265506189728,5.189513887661624e-05,0.00048054215768971944,1.6017432432849157,CDC37
0.45752624175706685,0.31931346121911836,4.078152501573747,5.2354404969710056e-05,0.00048320540980240594,1.5936172072788217,YES1
0.3965009991814911,0.11094862207917829,4.059747403691865,5.652142922658791e-05,0.0005198349613215539,1.523003178908037,ICA1
0.4222085717945747,0.25917017338089304,4.059019754121039,5.669248068409132e-05,0.0005198349613215539,1.5202175938497566,FOXO1
0.41297117433778663,0.05352211068042679,4.055687213508957,5.7482176376383336e-05,0.0005234127787704094,1.5074659608759733,NIT2
0.3359611456996959,0.04992466249303767,4.055525267094372,5.752081698689997e-05,0.0005234127787704094,1.5068465394785209,SKAP1
0.5213174255120242,0.3707812844246116,4.055024387695738,5.7640483630133896e-05,0.0005234127787704094,1.5049308957612624,BCL2L1
0.5258959342347935,-0.0032981047065101152,4.053078867759475,5.810754051583272e-05,0.0005246375315679335,1.4974922421212868,MTSS2
0.5127646742243508,0.2689391745588553,4.052910606964248,5.814810296596634e-05,0.0005246375315679335,1.4968490579458376,BRAP
0.19394016747830473,0.011120890167926289,4.05199488564528,5.8369326770087026e-05,0.0005249509739865655,1.4933491127390282,INPP1
0.5001567527938612,0.3379492039263931,4.042217725015794,6.0781703137555334e-05,0.0005449060329051537,1.456026446170747,SIRT2
0.3071093105485394,0.02909172084957328,4.035771138794239,6.242377449012279e-05,0.000557850556157764,1.4314639822618993,DGKA
0.3650053604136138,0.10022266189729531,4.033208676557274,6.308810916253999e-05,0.0005620032509257914,1.4217108369368079,GRHPR
0.36403806385287657,0.04938354131103067,4.026504044994237,6.485822730851502e-05,0.0005759492425030593,1.3962194430179569,GP1BB
0.18824958061347952,0.10333074463609625,4.024641229670368,6.535834367653071e-05,0.0005785652121051382,1.3891439816484255,DNAJC21
0.1914543716076723,0.03438269205164677,4.018801927914681,6.694986667259006e-05,0.0005907958454023229,1.3669847078196051,TIMM8A
0.2807158666600086,0.12088492235783775,4.015061406618728,6.798861061706487e-05,0.0005970562959441133,1.3528058698777699,STX8
0.23710257223906517,0.04825192417596251,4.0144749883110995,6.815283940322573e-05,0.0005970562959441133,1.350584114412575,ITGB5
0.5102262638649181,0.19064142108675616,4.013966298892901,6.829560472255932e-05,0.0005970562959441133,1.3486570962995872,CALCOCO1
0.4564814441494823,0.13879530373341115,4.01228246779406,6.877020431499825e-05,0.0005985108137634705,1.3422800409106177,NFAT5
0.3627166848357606,0.04444217680468549,4.011869028508423,6.888721266762501e-05,0.0005985108137634705,1.3407146356684452,TMSB10
0.32308729863782815,0.09256150636880342,4.007761738068379,7.005993096303451e-05,0.0006068267866490528,1.3251714325817083,ARHGAP25
0.5512508839796779,0.1232669668595215,3.998350362765442,7.281890361753631e-05,0.0006287889990287262,1.2896124167196552,SNAP23
0.23586206029771736,0.028872109377415422,3.9973571177308687,7.311601456844179e-05,0.0006294237951381151,1.2858642206341049,F2R
0.8866191842414364,-0.5490698634566072,3.992130209912487,7.469858817560422e-05,0.0006410869686412374,1.2661539283599064,GSTT2B
0.5132246768485835,0.20750627877996394,3.9879943872153145,7.597377445503713e-05,0.00065004916441012,1.250575220057848,LDLRAP1
0.5358630544093002,0.2609528872868642,3.981538610208692,7.800560520014629e-05,0.0006638217961603976,1.226288114136211,SDCCAG8
0.369900530788943,0.11668060802840145,3.9813834494607514,7.805506732827411e-05,0.0006638217961603976,1.2257048433393258,TARBP2
0.2671922774506223,0.18422688746394436,3.978558243080548,7.896090306708069e-05,0.0006695028377525064,1.2150882382238528,TOMM20
0.47809338928054324,0.2563004560671465,3.972499439325184,8.093723158326053e-05,0.0006841991198404757,1.1923442684587124,GIT1
0.43147078038629016,0.21464430358124043,3.971304746921422,8.133242439846215e-05,0.0006854813613223681,1.1878633949896233,ELAC1
0.4858031498943538,0.18679973691010818,3.9681366307708426,8.23892820032453e-05,0.0006915280340726895,1.1759870378231865,CC2D1A
0.5629142324708443,0.14659172953645142,3.9676844615462015,8.254117920015051e-05,0.0006915280340726895,1.1742927124101534,ECHS1
0.3530495063910757,0.0826973087452704,3.9659663970677523,8.312075225244686e-05,0.0006943172628802312,1.167856601230305,ENSA
0.3204390366196604,0.035542372440650914,3.9567839039201553,8.628434470653376e-05,0.0007186107406771968,1.1335021601167306,FIS1
0.32595951268057843,0.09354695300849648,3.9505630157393528,8.84920594919646e-05,0.0007342623157346913,1.1102705481158353,CEP20
0.45906861730512327,0.2711689152812078,3.9500254561237313,8.868532410294673e-05,0.0007342623157346913,1.108264672121713,TREML1
0.6025917600962392,0.23737053361589525,3.9463123207953337,9.003123959731273e-05,0.0007432197638311887,1.0944163159325226,HNRNPK
0.2843902530041275,0.11228600819713702,3.944884826284973,9.055380041624946e-05,0.0007453478016717609,1.0890956540096104,FKBP7
0.3145745976946953,0.17686523911605273,3.944123212642647,9.083377725591472e-05,0.000745472545117784,1.0862576532964319,ANXA4
0.46291294279363454,0.2636850840657678,3.9345653263154636,9.441779582638435e-05,0.0007726339978234649,1.05068596892725,GOLGA3
0.41487688331573436,-0.13370691317266956,3.9335521006579004,9.480548977737236e-05,0.0007735578368791397,1.046919800811641,LECT2
0.38617735001343784,-0.1269145012686564,3.932760502001425,9.510943030085613e-05,0.0007737949314939596,1.0439780576880073,PLA2G2A
0.5306649966667126,0.153606235681298,3.929385180629365,9.641579714112422e-05,0.0007821627347327513,1.0314409281505528,PSTPIP2
0.566178121197894,0.1760267035000488,3.926927982141109,9.737748547229324e-05,0.0007858652400560586,1.0223204066527778,SH2B3
0.2516165926698599,-0.03753934468631977,3.926793094025432,9.743053953092876e-05,0.0007858652400560586,1.0218198904570777,ADGRE1
0.45505109766989954,0.33868835075265835,3.9216300677537053,9.948195126888543e-05,0.0008001191223483214,1.002674125349122,IST1
0.5905965538342558,0.15350122163206487,3.918278428161617,0.00010083546552374612,0.0008086946878898727,0.9902581280832559,BRD3
0.5054499913403168,0.24649514174107262,3.9055205362207217,0.00010614872285243542,0.0008488882239477436,0.9430886051154275,TRIM25
0.37372698573025814,-0.01710298529608778,3.9037918556016327,0.00010688872088363515,0.000852384558887912,0.9367083389402309,RAD51
0.3622288798638886,0.001032372880075369,3.9022905928785505,0.0001075353258237186,0.0008551184807733556,0.9311695936862021,RNF5
0.5181004930027754,0.3347050691340647,3.894199064095726,0.00011108462142525443,0.0008808541107382851,0.9013513642225384,GIPC3
0.5971560241496926,0.2618760893072907,3.8866641059534497,0.00011448918981314805,0.0009024937303964893,0.8736366383659036,EHD3
0.48398082736769776,0.19706834704704493,3.885201322410092,0.00011516146723153191,0.0009024937303964893,0.8682621646153708,EIF4G3
0.48671426346324015,0.14333498195417585,3.8850081211202245,0.00011525053880304874,0.0009024937303964893,0.8675524583786283,CXCL1
0.2880202536798374,0.07021107809286767,3.8847694736855147,0.00011536065235795947,0.0009024937303964893,0.8666758560782801,FGFBP2
0.2697016012601534,0.15685007813513918,3.8842101574348136,0.00011561911469759363,0.0009024937303964893,0.8646215686627832,FAM172A
0.268934576123754,0.03586151735796422,3.883954998249598,0.00011573720663343967,0.0009024937303964893,0.8636844986686691,CCN3
0.488682902729318,0.08810298619307935,3.88271249124359,0.00011631389170957006,0.0009039554142200742,0.859122231717623,YTHDF3
0.2875184991975508,0.07817424612647918,3.8811876103244165,0.00011702534937590708,0.0009039554142200742,0.8535250191825394,GFER
0.2269637719082691,-0.14894674872009941,3.8803385757112694,0.00011742326172554352,0.0009039554142200742,0.8504094600811216,PDCD6
0.3163825900654773,0.15564916738060663,3.88011232461244,0.00011752951328535432,0.0009039554142200742,0.8495793330813628,SPART
0.24082424763466467,0.03449250034331106,3.879539629135112,0.00011779886779981875,0.0009039554142200742,0.8474782877644591,LGALS3BP
0.3679393634714071,0.14990427563741307,3.8794281213946222,0.00011785138082371837,0.0009039554142200742,0.8470692338440884,APEX1
0.4542758098629269,0.20406403250255467,3.877693289374764,0.00011867123266588848,0.0009077704346589023,0.8407066213071959,SLMAP
0.28666214112917543,0.18085273430761875,3.8682720191660307,0.00012321855934513027,0.0009400006627548556,0.8062003650779408,S100A4
0.40194777910664303,0.17946756767969563,3.8670853345286242,0.00012380287566364007,0.00094190566214364,0.8018596411591954,FADD
0.5659067677878431,0.03590546267856489,3.8546332881189933,0.0001300942090848117,0.0009871029611152155,0.7563876173776327,RRAS
0.3715827162920186,0.08669980275518514,3.8537220098191174,0.00013056629962106994,0.0009880218640680425,0.753065273581992,TOP2B
0.25289379912449295,0.055400196772561375,3.8388908343395625,0.00013848092641205117,0.001045104042493094,0.6990979529261807,GATD3
0.17302060312310083,-0.02193322601755489,3.8377904407319163,0.0001390858608579965,0.001046809007636201,0.6951016983128824,BRK1
0.3644846673715555,0.17083584564653528,3.8371291914257464,0.00013945057828190956,0.001046809007636201,0.6927007866279009,HGS
0.18176921077731714,0.04130897271149899,3.8326181208138905,0.00014196290408000463,0.0010628339760245028,0.6763320919716493,NARS1
-0.2723510351889508,-0.0547816929493296,-3.8315001872483987,0.00014259208563645757,0.0010647127879751406,0.6722784140465912,ISM2
0.3228877784138279,0.1630152670512745,3.8080622788436176,0.0001564054100836834,0.0011647651571046794,0.5875487994945896,NUDT16
0.18785004750616932,0.07927374328247848,3.8023977447218305,0.0001599284525527873,0.0011878590869026286,0.567144861192177,TST
0.39688516840637456,0.18711820433669799,3.7991717008898633,0.00016196821545899723,0.0011998434908344138,0.5555373226324285,ERBIN
0.1954164137921981,-0.006030562169968176,3.7893442809400617,0.0001683342386437058,0.00124372934850927,0.5202349759704346,BAG6
0.5777425113852309,0.09922212620412904,3.784869707379425,0.00017131033245715055,0.0012624046750441854,0.5041899333506725,CD69
0.3085929379527448,0.18615918811778417,3.7774101171575687,0.00017638240066187815,0.0012948469726601654,0.4774810105644711,DFFA
0.5124114476503546,0.2588443387973693,3.7770471607969953,0.00017663276643037424,0.0012948469726601654,0.47618272394441874,MAP4K5
0.35729334690606623,0.22189543918356514,3.7752096289648227,0.00017790543956875134,0.0013007891230806105,0.4696117260030599,HSBP1
0.2842885721318709,0.027209258118026963,3.769549069685056,0.00018188050115592553,0.0013264083180153637,0.4493886320022904,WFDC12
0.35625740488430196,0.25138677534304704,3.7669812861572525,0.000183711173146361,0.001336297034643427,0.4402243551455802,MIF
0.5197881010349747,0.42300323067056833,3.7628233672120555,0.00018671239797051685,0.0013546273203273323,0.42539750721188696,EIF2S2
0.37611988466400836,0.15071240669954042,3.7601944501865416,0.00018863375982923532,0.001365048930383798,0.4160309710303638,COX6B1
0.28622694802371035,0.196792268626333,3.749066297082971,0.0001969751446388743,0.001421756492713926,0.3764512537899076,LZTFL1
0.5148894554301093,0.2767018814553704,3.742404239461602,0.00020213390804182124,0.0014552607445977668,0.352809342040735,CA13
0.190142769392213,0.04298467691362475,3.728332188909585,0.00021345188700692987,0.0015313339215331239,0.30300221353075685,KYNU
0.3499059056687002,0.24489342976875192,3.7279246895940528,0.00021378835920515726,0.0015313339215331239,0.30156254402850635,SYTL4
0.23663198628471346,0.06365628329389249,3.7210497000369407,0.00021954087998416285,0.0015685471501406558,0.2772961171888655,BAG4
0.2410924350172819,-0.023725055172234378,3.720199630890104,0.00022026219874857151,0.0015697166822208324,0.27429860459491007,MSR1
0.2641452316242374,-0.01658534343201398,3.716338681349557,0.0002235665452328793,0.0015892419818953416,0.2606922989498299,HADH
0.29132788443074653,0.20633728994063275,3.7132355811494646,0.00022625606144737286,0.0016043093525802384,0.2497664237028312,SNX9
0.46577172504799946,-0.1413745833831258,3.7119500544142183,0.00022737914924329317,0.0016082218721604781,0.24524267667401212,DNAJA2
0.26218338711466843,0.1807715598260179,3.71118487979115,0.00022805012550596336,0.0016089250709255308,0.24255074495094497,EHBP1
0.6367503524725021,0.301140582387038,3.7084664141764967,0.00023044903117734765,0.0016217850569105843,0.2329912693321683,PMVK
0.39355821147643777,0.1267379078713603,3.7041133489967137,0.00023433991058514656,0.0016450544845316398,0.21769756143305852,VTA1
0.1757162502934108,0.10279440665304139,3.7016776952336987,0.0002365438461089954,0.001656395340290602,0.20914776283828207,DRG2
0.3429116981894763,0.11817614053078969,3.6983687235895744,0.0002395692764394337,0.0016734181468412055,0.19754092776358068,TDRKH
0.2869161845412992,0.0833990665336057,3.6960827214102836,0.00024168061799573735,0.0016839874744009917,0.18952809817665006,ZBTB16
0.271586094607536,0.09151488398147883,3.6952695111578424,0.00024243590764809565,0.001685079209949109,0.1866787898298119,UBE2L6
0.4129314078709512,-0.2493674287191864,3.691656776610558,0.00024581825175573076,0.0017043802430846849,0.17402775827338068,HSPB1
0.7809779379433223,0.6773856903241731,3.688012380809835,0.00024927517716853795,0.00172410226960549,0.1612777479666514,YARS1
0.32375905924827164,-0.10481235640268684,3.6721792874775936,0.0002648315150302282,0.0018272076343384617,0.10602398528310086,GLO1
0.485794630233918,0.24157075487682755,3.670624574548765,0.0002664073026466751,0.0018335857138151357,0.10061056672271285,DNM1
0.32827590315672933,0.04859610836338302,3.6632605035160135,0.0002739916818994912,0.001881186791578214,0.07499886763423991,FAM13A
0.19592210298357707,0.07574683568717785,3.6618758020679243,0.0002754402877228377,0.0018865314110457132,0.07018843089037485,PLSCR3
0.5586760442373058,-0.07670749451437152,3.657015736407054,0.000280581816277821,0.0019170820699564712,0.05331828402847538,TJP3
0.3718914385892382,0.13925318045338628,3.64557556502074,0.00029304273827956187,0.0019973736277408395,0.01369140784527989,GLRX5
0.17492231653516208,-0.055272238033558595,3.642627881400399,0.0002963366447962911,0.002014946026815361,0.00350022054106347,L1CAM
0.14409849000969716,-6.885051666994998e-05,3.6346038904934725,0.00030548014966725874,0.0020721123405140563,-0.02420189001280182,CLSTN3
0.35198364714340646,0.1510907607937522,3.6328831781849416,0.0003074751319768941,0.002080631001237877,-0.030134938075231155,RAB37
0.24840198850904913,0.15209798224338447,3.6227353647823213,0.00031949147222207647,0.0021567589791490296,-0.06507049074952231,MAP2K1
0.3241749609420821,0.210053483892283,3.6218493376459455,0.00032056130769244305,0.002158804021900065,-0.06811637989008723,RWDD1
0.28814620554930087,-0.05070707962904659,3.6136147717604534,0.0003306662712043832,0.0022215407003349373,-0.09639041433667561,RRM2B
0.4017004255298123,-0.03923604654827134,3.6084807099245935,0.0003371169626775696,0.0022594863093746633,-0.11398766015259376,MORF4L1
0.49276213578583655,-0.047505919973521264,3.5999089650212035,0.00034815073577872184,0.0023278962499218574,-0.14331471718489652,RGL2
0.2584132570213433,0.004547952930678702,3.597115071722896,0.0003518197013928416,0.0023468541692437186,-0.15285930988496954,TYMP
0.20300220466615418,-0.019413712242456166,3.5955009241044253,0.0003539559108937605,0.002355522196609777,-0.15837040346062903,NPL
0.4407434091789877,0.11003023516617913,3.591806946193792,0.0003588904897205507,0.0023827281334041278,-0.17097369203354695,DNAJB1
0.29324102373565325,0.2279750117153743,3.587857817889236,0.00036423721887993214,0.002412535932110609,-0.184433885567457,RABEP1
0.3269723469534454,0.12796313909843746,3.5862154624021567,0.0003664827202068328,0.0024217109328221464,-0.19002753646164905,CSDE1
0.379695729178696,0.04293877534299949,3.5828172152943196,0.000371170230111562,0.0024469419151382835,-0.20159379112762732,COMT
0.2440825229540954,0.1181153970808051,3.580098787954769,0.00037496040757772393,0.0024661531479703105,-0.21083870421575934,DBN1
0.364284611315027,0.19533007644983527,3.5793401160755653,0.0003760246465373127,0.0024673878321737415,-0.21341762766987316,TRAF2
0.33559670508275175,0.16226716973347627,3.576308609115138,0.0003803054667711581,0.0024896741603739766,-0.22371731890303703,STAMBP
0.40673539913507023,0.2914703677387195,3.575103085295316,0.0003820204588583638,0.0024950988206178517,-0.22781083644386957,ZFYVE19
0.3047927616705664,-0.01619080571581638,3.5724540843045687,0.00038581445466579655,0.002514045578435688,-0.23680126017141045,STC1
0.4956229630102501,-0.4395543077601234,3.5711851637550955,0.00038764433175750534,0.0025201357826729275,-0.24110559307882262,GRSF1
0.4518619103497604,0.2505709464978931,3.5703708575684523,0.00038882290249905535,0.0025219734344120756,-0.2438670521109243,ACOT13
0.5323434095813931,0.3967227700701251,3.5680514397093233,0.0003921982984818958,0.002538018874083992,-0.2517293310959552,MINK1
0.3661980407315285,0.2029834090520778,3.5665468586428126,0.000394402542893208,0.0025452208024319537,-0.25682690523551077,RILP
0.2937078826305541,0.16280390167774203,3.566059149676193,0.00039511953487131926,0.0025452208024319537,-0.2584788413548287,DYNLT1
0.13674023319365433,0.05206861683810119,3.5622127741697596,0.0004008171262159493,0.0025760278773924593,-0.2714994987130348,MTHFD2
0.2934652395866465,0.20380224992214785,3.555534099218898,0.00041089342040143807,0.0026338296368299784,-0.29407620713732996,PARK7
0.5041269938631624,0.03958925533199515,3.5548235252103972,0.0004119793359786362,0.0026338296368299784,-0.29647586958503247,MPIG6B
0.36109478555540975,0.201647713340962,3.554406616737779,0.0004126177157520499,0.0026338296368299784,-0.2978835886181619,USP8
0.5558214666094379,0.03263965849040023,3.552222288171041,0.0004159775806673327,0.0026492689809469267,-0.3052565488291208,MINDY1
0.27188334090789074,-0.0024655652350313952,3.5489808078911693,0.00042101077737316045,0.0026752716440303537,-0.31618985340359096,HAVCR1
0.2956528547967258,0.07528205641628984,3.5475517189795136,0.00042324785531856713,0.002683429533157132,-0.32100705927340467,BNIP3L
0.36425865173655536,0.15395909912659184,3.5373365348482366,0.0004395656832493952,0.002775850329422104,-0.3553868227487449,SCAMP3
0.07537309947762955,-0.002372375138651133,3.537194144549604,0.0004397972457983156,0.002775850329422104,-0.3558653777754506,NGRN
0.32683754454611486,0.1751207090629404,3.535970656687299,0.00044179165703269905,0.0027822002562573776,-0.35997660292583333,THTPA
0.29020685816625713,0.07272868042186026,3.534776516269222,0.0004437463901691861,0.0027882725185853995,-0.3639879067273366,PRKAB1
0.28709030467756713,0.003596461464381431,3.5341450749720753,0.00044478328935740005,0.002788563384278577,-0.366108494736352,PHLDB1
0.2461046331182287,0.04440709489730798,3.532748087726275,0.00044708536717611005,0.0027949110799290566,-0.3707987557917569,F11R
0.20815380026723468,0.030919378048027208,3.5323269793113674,0.0004477814909584386,0.0027949110799290566,-0.37221224348527215,JAM3
0.21936731509882684,0.13921758244166438,3.5281010544056977,0.0004548236549800147,0.0028325853733821714,-0.3863880451403876,LRRFIP1
0.15283387552167849,0.03619386048931386,3.525372073304419,0.00045942621444523346,0.002853000782193519,-0.3955337787726032,ADA
0.2034267604177338,0.041751726089050645,3.5249577893362183,0.00046012872295412346,0.002853000782193519,-0.39692159411433536,KIRREL1
0.39227295392415285,0.2524257503434791,3.5220930806459023,0.00046501403394105833,0.0028769549572397347,-0.4065138663087744,DTYMK
0.28381436855749304,0.2464026803484054,3.520131197562387,0.0004683876698561806,0.0028914721286077815,-0.41307880355262583,MYH9
0.14002632714057878,-0.007883443059802308,3.5145422816985357,0.0004781242726680917,0.002945119972780477,-0.4317615607173044,PTPRC
0.16872214018031578,-0.018019149741891297,3.509768515631642,0.00048659036690932005,0.0029874741372719147,-0.44769700819867086,SIAE
-0.22187575591204364,-0.011096942731869125,-3.5094709063616176,0.0004871227811750653,0.0029874741372719147,-0.44868978260243164,SEMA3G
0.5364207933298142,0.21301158780277088,3.491628944600606,0.0005200555150185212,0.003182513640819863,-0.5080608932124662,PRTFDC1
0.49135111037016105,0.4363120172013202,3.49086083805908,0.0005215189723544316,0.003184546436394197,-0.5106103734807386,ECHDC3
0.35984313067998597,0.23675430243188075,3.488631065806089,0.0005257891450366781,0.0032036719551477248,-0.5180083475599577,FARSA
0.2737884258281244,0.14086709814437556,3.4799374805021372,0.000542751993021584,0.003299885227550235,-0.5468089990367044,CASP8
0.2386697678127427,0.08910246915864574,3.479242187098914,0.0005441304934829252,0.0033011365067983503,-0.5491094495080366,NAGK
0.17810429872103337,-0.019200410026107836,3.4727767854344016,0.0005571064553262043,0.003372590691921,-0.5704798997670801,SLC12A2
0.5364895466906187,0.2995994221202104,3.470405305891439,0.0005619380059524766,0.0033945396711506904,-0.578308974147947,NT5C3A
0.35687125736690467,0.15080015775860003,3.4678315042964813,0.0005672260285088724,0.0034191461889774644,-0.5868002077434129,PDAP1
0.20530652184543427,0.07971799000995163,3.4668622745023483,0.0005692293840793092,0.0034238904191949905,-0.5899962371162513,MOCS2
0.195782833954339,0.04205130513982049,3.46451180900624,0.0005741151678295187,0.0034459151331345307,-0.597743341469533,CYB5R2
0.1367459880052058,0.030500727448491274,3.4627922949306043,0.000577714198859892,0.0034601392974268,-0.6034076614849422,CTHRC1
0.3334408578622998,0.24614857302127885,3.4462082578087787,0.0006135232378848489,0.0036668108591207,-0.6578999863729305,DCTN1
0.37981098866359203,0.19321382731539122,3.444138068615589,0.0006181359321740902,0.0036834168240044143,-0.6646847381510002,DUT
0.3249198646062951,0.14165457175542348,3.443788189049164,0.0006189187061293386,0.0036834168240044143,-0.6658310342297513,COX5B
0.3057933692020702,0.23468840805435265,3.4419397307407875,0.0006230695745083867,0.0037002971566268113,-0.6718852164287297,OTUD6B
0.42587657926979566,0.16550899446346856,3.440967748162791,0.0006252626488379602,0.003705503908376543,-0.6750674670068522,CRADD
0.5471108489738004,0.1841852815024292,3.4346384759846122,0.0006397203946390187,0.0037832204010689865,-0.6957683750737136,MTDH
0.26643388241751276,0.14713974035438054,3.433739305611765,0.0006417994561106898,0.003787558635118641,-0.6987063037446744,ENO2
0.23042972503235526,0.1251454390639925,3.433032574972834,0.0006434379801774143,0.0037892387316834863,-0.7010149434674204,MRPL58
0.33104879126298603,0.033547489491275194,3.4324565628679515,0.0006447763241479183,0.0037892387316834863,-0.7028962360553255,SLC27A4
0.4660264546522913,0.19578972469814898,3.4289353917715437,0.0006530142542044409,0.0038296565116364605,-0.714390050481585,APPL2
0.3445714629121261,0.20812410685811583,3.4277799994055607,0.0006557386615951254,0.0038376389446783325,-0.7181590288763369,FKBP1B
-0.17373060882520566,-0.05434325146246896,-3.4256384949265595,0.0006608163656495934,0.003859332093990883,-0.7251415711541176,MENT
0.20075623281890786,0.004096042212908757,3.424697730305833,0.0006630585759009878,0.0038644097125492354,-0.7282076893642415,LCP1
0.28730620725939976,0.1775775205488068,3.4173418440004015,0.0006808366851119979,0.003952940128586813,-0.7521540762242136,LACTB2
0.34395029893618145,0.22627084861791974,3.417251741044382,0.000681057180236094,0.003952940128586813,-0.7524470927490627,PTRHD1
-0.7888543084781022,0.17710916451641337,-3.4100193721047356,0.000698974552111238,0.004047648385301056,-0.775942808845322,IL18RAP
0.2793024513870929,0.04166755366980445,3.4090610019407612,0.0007013814983124413,0.004047648385301056,-0.7790526849038013,NIT1
0.09091709270215878,0.03126448143474801,3.4089390850060917,0.0007016882458354938,0.004047648385301056,-0.7794482409773975,AMOTL2
0.55172066078281,-0.013651491041039387,3.3874031590773104,0.0007578784452322692,0.0043628380845170504,-0.8491087154906536,MAX
0.20197405776396946,0.03786238730399972,3.3805126134626606,0.0007767236612068682,0.004462198176117009,-0.8713078316817269,FNDC1
0.4388779332479846,0.08533845800190934,3.3774389110919567,0.0007852699622933325,0.004502107828626743,-0.8811963626257278,CXCL5
0.19961421066314433,0.001708484474167101,3.376825879523577,0.0007869849066072465,0.004502769333535364,-0.8831675416842213,TUBB3
0.25582458645490663,-0.019733661517081055,3.374429164904244,0.0007937231833548413,0.004532111077370949,-0.890870798303979,RNASE10
0.3615778386443806,0.10897054604147365,3.3713181978426108,0.0008025496507495627,0.004573233333724735,-0.9008619216834948,SPRY2
1.0540595921204885,0.4597639039677129,3.3704894357310873,0.0008049163838642827,0.004577453778945365,-0.903522071086301,IL5
0.1311948018472048,0.033603673244601666,3.3672108599042474,0.0008143429747280068,0.004621724745684151,-0.9140394642183631,SH3BP1
0.2884874503493959,0.06084136526431805,3.353098535359754,0.0008561034816622929,0.004848956339797494,-0.9591987625823375,IL1RN
0.25341981155653703,0.12965634342603322,3.3524305686611635,0.0008581286214209435,0.004850666805823204,-0.961331749281757,PSRC1
0.1622431665153354,0.006734468364339815,3.3506167621545346,0.0008636502102285214,0.0048650913720244306,-0.96712164019391,CD109
0.30690850007470716,-0.002554012059063645,3.3504573688782844,0.0008641370110167727,0.0048650913720244306,-0.9676302995176655,CXCL11
0.20807989996849857,-0.01763709675839138,3.3496249374812614,0.0008666834765540237,0.004869688595807538,-0.9702863964373618,P4HB
0.23849174437637957,0.0387886152334923,3.342174114245643,0.0008897887953702651,0.004989552707106167,-0.9940321154406657,IQGAP2
-0.23445657818847293,-0.08626153093499037,-3.3412808834694854,0.0008925968562731749,0.004991781635239496,-0.9968754363994936,KITLG
0.3743220176146693,0.16189985010198318,3.340920274423446,0.0008937328398439454,0.004991781635239496,-0.9980231163522921,EIF4B
0.2827920824822818,0.08070573729850784,3.339844556849012,0.0008971295330012081,0.004997244562351938,-1.0014460070923477,CCN1
0.27264537155114915,0.1203714887406319,3.339486950815773,0.0008982613671581104,0.004997244562351938,-1.0025836615434454,PDZD2
0.4676956934331159,-0.32470485088232864,3.3357884940881473,0.000910045196436299,0.005052815045302134,-1.0143427437389665,TK1
0.23628022587520423,0.06057956177809809,3.334410085742805,0.000914473639794452,0.0050674080630342165,-1.0187221407237281,DDX58
0.12739880349130853,-0.015554164753455701,3.3277684201342765,0.0009360935625696153,0.0051770203902425675,-1.0397993426132546,CD244
0.24368193661748164,0.13414354175641505,3.326262463416796,0.0009410613453148934,0.005194289582473382,-1.044572869296764,REEP4
0.2979118893403066,-0.2087287065131612,3.3235495055958615,0.0009500725840270058,0.005231106895520243,-1.0531670805725177,CETN3
0.2243881016486444,0.044185856011518546,3.3226107691891658,0.0009532092690016475,0.005231106895520243,-1.056139281042312,PPCDC
0.20112873295722278,0.06644995239893961,3.3225817118668117,0.0009533065141747371,0.005231106895520243,-1.0562312686733408,LSP1
0.09974082250433024,0.06085563737452038,3.321939834169444,0.0009554570164608385,0.005232707201045254,-1.0582630834570095,C7orf50
0.2657011659138086,0.11498080009739788,3.3213202824906136,0.0009575369920957021,0.00523391579174641,-1.0602238702196418,FXYD5
0.4541162476045987,-0.05927538265831,3.320200324905291,0.0009613076205711926,0.005244342930054084,-1.0637674762606366,DAPK2
0.38942456771044986,0.23048101918141434,3.3111143980525966,0.0009924114289250503,0.005403555459234074,-1.092473504892455,CRYZL1
0.3317719701823994,0.23995409147007896,3.307409232190005,0.001005361472721338,0.005463499122993372,-1.1041579465300346,JPT2
0.44605946347374004,0.04085942894583827,3.305528323914601,0.0010119953629635938,0.005488953654609858,-1.1100846945473473,TOM1L2
0.4460491767147895,0.05758141580935936,3.304309781034516,0.0010163147809652464,0.005501780977725324,-1.1139226021230284,MAP3K5
0.3391559111623674,0.20206533397380244,3.2884537557595337,0.0010741025961383684,0.005803452606774486,-1.163738862782008,APRT
0.23883301971246879,0.04285757977224626,3.286497556154665,0.0010814395212118176,0.0058319008663051085,-1.169868904253284,MPO
0.3162071191902117,0.14140622414670606,3.285884356572396,0.0010837489408408432,0.005833180245634749,-1.171789735945823,ATP6V1G1
0.4643443448923401,0.030548215749764625,3.2767473798113533,0.001118706785987035,0.006009846569758594,-1.2003703540011985,LATS1
0.2067539511569528,-0.04400032332414331,3.274682033676613,0.0011267522878381745,0.006041538457646593,-1.206820213938741,THBS4
0.2854303471407069,0.027539165331126728,3.2731510401727513,0.0011327508178684653,0.00605277636730292,-1.2115988288490884,RAB10
0.24668855215985405,-0.09423318139789384,3.2730497956957576,0.001133148541942678,0.00605277636730292,-1.211914762700041,FCRL3
0.15826061572981964,0.040397341534844755,3.267658861891106,0.001154513964395659,0.006155221230632159,-1.2287236558113097,SPTLC1
0.34091142449978706,0.14760572524378324,3.2659732483092134,0.0011612706540999438,0.0061795404372237085,-1.2339739313584879,CYP24A1
0.24826155884600437,0.047533807040504514,3.2651842018555577,0.001164446079933344,0.006184746632098798,-1.2364307256380052,PDGFC
0.3201909875271606,-0.03126018166369445,3.255848968267756,0.0012026304044687151,0.006375526532164657,-1.2654538994118756,PARD3
0.23303170538686813,0.08661771697509223,3.250649307128839,0.0012243985753431128,0.006478725544343727,-1.2815850272473286,GZMB
0.24187353643714787,0.1386893699545496,3.249216441815649,0.0012304610282092183,0.006498588732474577,-1.2860259163452676,RAB2B
0.3274046881999999,0.24097148484038725,3.246417727237792,0.0012423826471538205,0.006549264329097387,-1.2946945706046664,USP25
0.4010865268452838,0.13746448396028327,3.2445832203395506,0.0012502549923936325,0.006578444492687991,-1.3003728263527954,FHIT
0.2935216762756802,0.12966109019036678,3.2390659898830005,0.001274210071330129,0.006691980132078943,-1.3174314596956131,GGACT
0.3698938834516104,0.20574496002730175,3.238480374339068,0.0012767775264056528,0.006692977163560358,-1.3192404783709764,CLEC1B
-0.3776613119720336,0.2998908035270745,-3.2344318774901715,0.0012946583554783238,0.006774095298645877,-1.3317380555645082,ENOPH1
-0.2040665422323206,-0.08368323070717629,-3.2311811835883733,0.0013091830252113476,0.006837384445213253,-1.341761975185273,TNFRSF17
0.2482942699050166,0.13001983572192535,3.2295215139246896,0.0013166567347421502,0.006863682793146579,-1.3468760408311526,OXCT1
0.2984323838134735,-0.003998870322237383,3.2265097931359112,0.0013303198239534445,0.0069117838543645465,-1.3561498396240017,LAP3
0.2522209499435691,-0.05339717478332065,3.2264056509295793,0.0013307946177852875,0.0069117838543645465,-1.356470369403203,CALCA
0.17552316795749276,-0.008380703502830275,3.21999642932669,0.0013603184165488717,0.007052111128149308,-1.3761776019711407,HMOX2
0.07020469112818112,0.0006410953707138057,3.214673442081305,0.001385297834422522,0.007160891361593971,-1.3925162398282627,OSBPL2
-0.25824498362765125,-0.028867177388596177,-3.2144428926174706,0.0013863892689409286,0.007160891361593971,-1.3932233129031815,CEACAM16
0.36014986500258056,0.05995190918331861,3.2056116718732017,0.001428800334086018,0.0073664339568720524,-1.420271139393332,SERPINA9
0.3070999349622361,0.11291564639705512,3.2003466794250706,0.0014546523658001563,0.00748600806165894,-1.436362475247961,GSTA3
0.09222028008111635,0.012123734334808064,3.198529103714907,0.0014636768982385672,0.007516652443893503,-1.441911608441619,CDAN1
0.23447926317731066,0.09287991960325791,3.198073428162908,0.001465947492610136,0.007516652443893503,-1.4433023295858565,AP3B1
0.2347664708748714,-0.013743940137307153,3.195175521782713,0.0014804638713698034,0.007577283268919993,-1.4521422790466856,TNFSF14
0.3070336552494462,0.13622053968877165,3.192706869143778,0.0014929346558880245,0.007618872749571555,-1.459666730944872,CES1
0.2969797756727953,0.0911892837962513,3.192496320296354,0.0014940027558662517,0.007618872749571555,-1.4603082249893404,SCRN1
0.32447240508958625,0.0824502685882123,3.1900027220919527,0.001506706419548068,0.007669762334589171,-1.4679025538359731,ASRGL1
-0.2353427091101606,-0.09844165531734271,-3.183221702366472,0.0015417587972003538,0.007834027101297826,-1.4885255042053034,GPIHBP1
0.35265690642984193,-0.12881183889635536,3.1803786848409232,0.0015566777394045615,0.007895581687250164,-1.4971593507645338,TMPRSS15
0.1497820664917005,0.026335040919290457,3.1766775540794434,0.0015762994506104112,0.007970247693686486,-1.508388052782541,GGH
0.28438713408151717,0.02335328372559191,3.1762471583543443,0.0015785959747851434,0.007970247693686486,-1.509692995884011,PRDX3
0.333175033199427,-0.18987436133345867,3.1760043745950113,0.0015798927932778185,0.007970247693686486,-1.510429031792662,SEPTIN7
0.24485443119328112,0.026271038227306334,3.1686415396607335,0.0016196913829058814,0.008156406516780065,-1.5327248833626932,BAP18
0.24626361142679892,0.11063041952766738,3.16394476655286,0.0016455602776424307,0.008271878895649004,-1.5469214681687422,ABHD14B
0.10993411079994475,0.06661325777148852,3.16071976535054,0.0016635431430270578,0.008347368890590316,-1.556657708033332,SNX5
0.19026430826421903,0.2159665406323982,3.156777063330894,0.0016857742594677846,0.008443869288971199,-1.5685477007113713,YWHAQ
0.39432840278506087,0.2982418592625059,3.1505029542615675,0.0017217168461345085,0.008575660425495213,-1.5874390686536932,DNAJC6
0.37575214462009454,-0.040444594869047355,3.150433449252446,0.001722118949251476,0.008575660425495213,-1.5876481459889167,PPP1R14A
0.22037352821676945,0.03164415178918558,3.150354310004842,0.0017225768941901535,0.008575660425495213,-1.5878861985783157,SERPINB8
0.24173972613512615,-0.061497411011178116,3.1500616561508488,0.0017242713324441528,0.008575660425495213,-1.5887664577946863,IFIT3
0.14408483234756592,0.06607993494839495,3.1482453938943276,0.0017348217381926412,0.008612915684325019,-1.594227744584801,EPGN
0.3075038713299347,0.16367281335693734,3.1474232397222788,0.0017396170581974492,0.00862151763877785,-1.5966988688498018,GMPR
0.23642506521800122,0.07187051993995745,3.1450773725537178,0.0017533669033881775,0.00867438986474116,-1.6037463573802064,EGLN1
0.16974526338257737,0.01843310398917454,3.1444807272846176,0.0017568799717613776,0.00867652126404961,-1.6055380012008822,SNAP25
0.32600957048362367,0.07270837175188657,3.1421067660394986,0.0017709223165430711,0.00873055397735332,-1.6126634405061484,CETN2
0.17291621698466156,-0.03721039682296987,3.1412844476154294,0.001775810534542101,0.008739347298489535,-1.6151304196401632,PECAM1
0.3162365185892914,0.18348053251304294,3.1352993761218535,0.0018117648390980224,0.008900729532392553,-1.6330670840658295,PLPBP
0.31906469220142736,0.10167788529679508,3.1298544295544257,0.001845056027603184,0.009048489055231642,-1.6493564424183376,PRKRA
0.19971217601229313,0.10016067140307545,3.127123919298284,0.0018619621188856353,0.009115518895066198,-1.6575149032637517,STAM
0.25188358438537867,-0.02069413416749662,3.1229238941868402,0.0018882455526314493,0.009228144497669321,-1.6700507276544938,GAPDH
0.2715269891226394,0.01409860157526686,3.121041898469287,0.0019001334511488416,0.009270148466176758,-1.6756626611972827,ABRAXAS2
0.2974251347731871,0.23563333139227452,3.111972580670216,0.0019583935356773316,0.009537850870124029,-1.7026608320756225,IMPACT
0.24162000478345563,0.015612586002678288,3.1075166642980903,0.0019876162247983733,0.00966345366633406,-1.71589778875666,CAMKK1
0.20860721683988004,0.065382749048048,3.104020229262514,0.0020108269172714,0.009759444434687917,-1.7262716719600988,FOXJ3
0.1947457762975611,0.02139040245342703,3.099440367246336,0.0020416072023530436,0.009891780162863713,-1.7398430503414044,EREG
0.21293914555295518,0.12667858654664965,3.0976117585259293,0.002054017544276592,0.009934809943537126,-1.7452563229397562,SYAP1
0.2419479102990837,0.05145239995431712,3.0933644404469,0.0020831113906422524,0.01004711460488463,-1.7578178787747394,MPRIP
0.2074616490923651,0.07575916092917549,3.0927438066918995,0.0020873942918439295,0.01004711460488463,-1.759652028876145,WWP2
0.1617655728787262,-0.019837292814860675,3.0926642497589483,0.002087943887693609,0.01004711460488463,-1.7598871167047916,CDA
-0.49869999903436146,0.3210676113446034,-3.091719879321072,0.002094477970354889,0.010061357485578518,-1.7626772516897686,FAM171A2
0.17099357951157013,-0.02221587897764795,3.0903567558036755,0.0021039425685439117,0.010089605332966118,-1.7667031413315195,ITGA5
0.1660148832652403,0.06529634001490203,3.0841210029865946,0.0021477429796067427,0.010282136883661532,-1.785098183589609,ATP2B4
-0.26494982263003514,0.2183164186711232,-3.0831575968217964,0.0021545843076697896,0.010297376614754598,-1.7879369720186924,MMP15
0.20620074816609688,0.10027852145458607,3.0720885209785362,0.002234638336435046,0.010661876130618057,-1.8204919528124117,DTNB
0.2708503643968936,0.01659261660528426,3.0703943841340267,0.0022471291308687473,0.010703330801007655,-1.8254645761948485,USP47
0.19380231081524033,0.08574445306544978,3.069744209431198,0.0022519398505952536,0.010708126147678444,-1.8273722640626984,LAG3
0.10793643303956911,0.009971004477971059,3.065158383973679,0.002286140578803214,0.010852421128720148,-1.84081654408768,EZR
0.09025251815706709,0.010665491036372968,3.0646212744946246,0.002290177362454262,0.010853281608263885,-1.8423899219300477,RFC4
0.23752051655292064,-0.029138163276598177,3.058915353386695,0.0023334677607454554,0.011039851674787323,-1.8590881057888726,HHEX
0.22820637071136696,0.125984671044634,3.0568073205762305,0.0023496504445428704,0.011097761747295603,-1.8652496005276982,PGD
0.32473346605656567,0.11650613680169414,3.0520769791487976,0.002386339493401742,0.011237812832606123,-1.8790608382069385,NAA10
0.13782061035927318,-0.04246097576478982,3.0510769700255773,0.0023941627082951153,0.011237812832606123,-1.881977935873702,NPHS1
0.4516066974126505,-0.2224261058150065,3.0510753736148066,0.002394175216046699,0.011237812832606123,-1.8819825919801447,CD177
0.6500069636922466,-0.9607055358849452,3.0509355518465524,0.0023952709412304344,0.011237812832606123,-1.8823903883338957,ADAM8
0.285335242187596,-0.033508951098828905,3.0431046107827764,0.0024573787272110094,0.011497545726464267,-1.9052008944219008,ASPSCR1
-0.08833196199264683,-0.011689185334979242,-3.042927519364262,0.0024588001873291254,0.011497545726464267,-1.9057160846182288,TGOLN2
0.30073057627304944,0.09837591500475894,3.028191770469095,0.0025797576849890414,0.012043147401731595,-1.9484836230821685,NMNAT1
0.2577556737924251,-0.08113168252905699,3.023615503979221,0.002618417566045557,0.01220107655198467,-1.9617245419687395,GAS2
0.34922696091964756,0.0743376969699441,3.023164497434001,0.002622256239414112,0.01220107655198467,-1.9630284330795797,SIGLEC6
0.17295982779123653,0.04939303881550671,3.0183791742465704,0.0026633047476248865,0.012352087276578771,-1.9768515694146274,HIP1
0.47880787174739087,-0.23333946940219802,3.017822162548641,0.002668120867993926,0.012352087276578771,-1.9784592093292268,OLFM4
0.18980137900322108,-0.016218805907534134,3.017658869571549,0.00266953426913867,0.012352087276578771,-1.9789304491064108,SETMAR
-0.15292692364171587,-0.03157281539659233,-3.0173438049758246,0.0026722632864783205,0.012352087276578771,-1.9798396101327915,RGMA
0.25687361372462253,0.017885014896155998,3.0164570440721055,0.0026799579374382943,0.012367346875227538,-1.982397985403881,IL7
0.44862577784328994,0.23773199336781642,3.0139793459638233,0.0027015653118280776,0.012446655241892044,-1.989542492359634,TIMP3
0.4568008760419913,0.021809370540781803,3.0129165646237093,0.0027108823862241494,0.012469173067354544,-1.992605313070201,ACAA1
0.4886917984918981,-0.1709564135242147,3.0081055503073353,0.002753428483487776,0.012629352704215042,-2.0064570893197518,LPA
-0.17814418438494187,-0.045556529907064824,-3.007928376629431,0.0027550069302594133,0.012629352704215042,-2.006966796201805,ACHE
0.08114787931105585,-0.010146791201171911,3.0073199989710475,0.002760433301189787,0.012629352704215042,-2.008716803244015,AMIGO2
0.15489610531965725,0.01671948755761214,3.0069596167260793,0.0027636523146701477,0.012629352704215042,-2.0097532867305254,ZBP1
0.3036983671462496,0.12333558667942453,2.996912327577618,0.0028547929120253156,0.01302470348030999,-2.0386016753332044,NCF2
0.2293567724980238,0.1574015805783053,2.9957027692401663,0.002865948649466702,0.013054442472894442,-2.0420683444919154,DNAJB8
0.3687073916066195,-0.0663793811297398,2.991421495361225,0.0029057561645374364,0.013205774836908529,-2.054327881838227,CEP290
0.1480587334445169,0.06547067376594293,2.991122579245718,0.00290855431576671,0.013205774836908529,-2.055183203320162,TALDO1
0.1993553735671339,-0.05049242780308744,2.9904404975706242,0.0029149485135356876,0.013213494469569985,-2.0571346093371607,CAPG
0.13893602161266483,0.021349421299050764,2.98558000962748,0.002960887119741043,0.013400156337734786,-2.071027807398994,BCAT1
0.3114161626629437,0.19751515052548604,2.9842647446528794,0.002973431650230645,0.013435329206098339,-2.0747836020404335,SUOX
0.12765280086152803,-0.013541740756585024,2.9829225477392134,0.002986283164123709,0.013471774209949106,-2.0786146537487378,ERN1
0.28811662415197453,0.18563748821987328,2.969637141352937,0.0031162594927449773,0.014023266093735548,-2.1164455605317585,ATXN3
0.3168942487786056,-0.05857634618726973,2.9691326205068416,0.0031212958544807614,0.014023266093735548,-2.117878994590648,STEAP4
0.17778579210237985,-0.054117125532572946,2.9689143507022515,0.003123477030469694,0.014023266093735548,-2.1184990652474838,BLMH
0.3088396903222619,0.1637010454710127,2.968087899444774,0.0031317484133277914,0.014038012394136518,-2.120846485877851,NFX1
0.22920088936359095,0.035307216197685114,2.963805400442008,0.003174930618553766,0.014188529610738174,-2.1330002164392523,IL12A_IL12B
-0.15021716847477312,-0.02654249386599544,-2.9637583507417973,0.0031754080478739073,0.014188529610738174,-2.133133649278287,INHBB
0.1525404059656993,-0.009028036443825977,2.9607551569545234,0.003206018595750146,0.014302602768679335,-2.1416464636351966,NPTX1
0.25981511748447295,0.15249780049889314,2.9531915226335075,0.0032843107514954678,0.01462869424914516,-2.1630492796829976,RBP5
0.27605903425763617,0.01720558991565705,2.950826102792551,0.003309151678701923,0.014716053673848203,-2.169731844295626,TNFAIP8
0.2884028764030408,0.09632032936687358,2.9481033667629526,0.003337957417355155,0.014820741529739372,-2.1774174563181967,CEP43
0.22504632455679377,-0.07391707247768368,2.9457528813512854,0.0033630088370882067,0.014892561403476648,-2.1840467795915135,PILRA
0.09322559674181179,0.03079242348538261,2.945593502262002,0.0033647136954213673,0.014892561403476648,-2.184496108251502,LPCAT2
0.22843047280312115,0.039271871359222256,2.9448377477364964,0.003372808656756495,0.014897000497090248,-2.186626445206687,DCTN6
0.3104830544520475,0.14704579570944887,2.9445122430428783,0.0033763006455216973,0.014897000497090248,-2.187543821914482,PSPN
0.16005596835188496,-0.009253536363201113,2.942407516870712,0.0033989597810873185,0.014973508268796247,-2.1934732489650086,GNAS
0.35257977726395207,0.20793318411903738,2.9381092971681064,0.003445665552055673,0.015155544576619873,-2.205569442092732,YOD1
0.28166028301398366,-0.08679263864618333,2.937328465230473,0.0034542129248944587,0.015169437415878161,-2.20776504990483,CD63
0.3221740159479946,0.2060179900534543,2.933794540591367,0.0034931395314586264,0.01531649187080379,-2.217694973823482,NSFL1C
0.1890690203242043,-0.0077048676844846935,2.926131479951825,0.0035789278160455514,0.015668245415502685,-2.2391875777246453,NFKBIE
0.37376359443781726,0.1786619259127204,2.921073479684862,0.0036366006859892817,0.01589601076251526,-2.2533439717605006,PACS2
0.19936615355520368,-0.1962217822249655,2.918545050549775,0.0036657472168234433,0.01599080321369799,-2.2604116879398317,TRIAP1
0.38101973876695056,-0.1367082562243347,2.918208061403704,0.003669647913338864,0.01599080321369799,-2.2613532262635623,CXCL3
0.19111329601823832,-0.005220781921076963,2.9135031622698726,0.0037245045012603353,0.016204760697137315,-2.2744875969473846,ENPEP
0.5063296142723412,0.07901238656530048,2.9119306116633528,0.0037430056159678316,0.0162601247051689,-2.278873014964076,WAS
0.29269849276457566,0.0205213951220844,2.9107082890422364,0.003757444106404392,0.016297696701892704,-2.2822801593969135,KHK
-0.2980341853359611,-0.07792940310435398,-2.908051721118272,0.0037889996032115926,0.01640928289698559,-2.2896803951623106,DDC
0.2567440489208436,0.0630394068670517,2.9074455644118595,0.0037962334671697512,0.016415356697515898,-2.2913680118816275,CCL7
-0.16747796042531193,-0.04266871400363882,-2.9030092736963167,0.0038495603870895892,0.016620417928922077,-2.303708840202469,TNFRSF21
0.1889633339323582,-0.0020900296848489395,2.8996235294091,0.0038907173181166777,0.01677238782618445,-2.3131149975058056,ARHGAP1
-0.5498455179371706,-0.23547917618794537,-2.898723955157172,0.0039017196866713835,0.016794099262966277,-2.315612377024725,TARM1
0.19416848405618287,-0.04780933866186089,2.893391489478219,0.003967523088609245,0.017051263350282477,-2.3304008564681773,TIGIT
0.29076654112622674,0.30182623417240473,2.8919071784700714,0.003986018650687188,0.01710463795988481,-2.334512593067818,GMPR2
0.2032376863991705,-0.06744120286313658,2.888947223840125,0.004023136342858716,0.01723039647761656,-2.3427059584504484,SIGLEC8
0.17064097544032558,-0.03981859704289414,2.888595569504735,0.004027566920878045,0.01723039647761656,-2.343678822853712,TNFSF13B
0.274894028370134,0.054520904015060975,2.8869795099902915,0.004047985212599625,0.01729146945898019,-2.348148235546441,ECSCR
0.13985597188851245,-0.035014952156039676,2.881859355960121,0.004113300135799389,0.017543848306477698,-2.362292664207758,KIF1C
0.17547817947768707,0.013221935730845664,2.878910628283737,0.004151349178424643,0.017679346349871967,-2.3704274935806815,SCARF1
-0.1273413796179445,-0.05075791761115327,-2.878423360314687,0.004157667405997286,0.017679507172027733,-2.371770972120381,SERPINA4
0.16442066569463606,0.06781905520319365,2.875654451010035,0.004193737266281736,0.017783080240180126,-2.3794011325492517,PSME1
0.4992520644486998,0.19763731390080871,2.87558397298136,0.004194659069086893,0.017783080240180126,-2.3795952529129467,SNCA
0.1306141139078175,0.08290551295499397,2.8733394677716153,0.004224112190902235,0.01788101626675157,-2.385774970562038,NEXN
0.23802727259155382,0.18195703692743567,2.8700347783616333,0.00426781985403639,0.018038908241910567,-2.3948651501538767,GRPEL1
0.22275787589560847,0.11322160202428602,2.868529615819275,0.004287863053995638,0.018096453518737215,-2.3990020289901963,CHCHD6
0.24784327450678834,0.1295978423854046,2.8637813868318083,0.004351654116642004,0.018338183141238387,-2.412038570588868,PEBP1
0.4305519451651791,-0.35432968150916144,2.863000446643294,0.004362228054965908,0.018355264536216786,-2.4141806843753413,CEACAM20
0.08212622436448212,0.0630831743321611,2.8528332162540604,0.0045020402041544925,0.018915288320440145,-2.442017676285059,TIMM10
0.2523197746507899,-0.05774277749264734,2.851651407348818,0.004518552953464893,0.018952835229478347,-2.4452471414282955,CCDC134
0.5332351149882893,-0.5251931312877053,2.8512308539029174,0.004524442370944742,0.018952835229478347,-2.4463960522443005,CASP1
0.21704778754574544,0.20183701443912547,2.8495169282205346,0.00454851632344776,0.01901926792727171,-2.4510766311679184,STIP1
0.31142245397038004,0.29696510534253395,2.849140866495864,0.004553814061449781,0.01901926792727171,-2.452103257519706,GGCT
0.07310892753418839,0.01791696358584072,2.84140810044731,0.004663998730562579,0.0194506021133832,-2.4731841432682593,USP28
0.17315856113012315,-0.029779035864455763,2.839771747486008,0.004687623307833775,0.019503710263772307,-2.477638012184465,ROBO1
0.1824545911116469,0.06977850184652405,2.839566764902459,0.004690590354733163,0.019503710263772307,-2.4781957639569914,NUDT5
0.2263854868952233,0.04400439272854921,2.833283750209907,0.004782365801266945,0.019855987803195356,-2.495272737680472,VSTM1
0.1847297031361567,-0.021374035964170764,2.830668864266326,0.0048210391521837604,0.019987076897492323,-2.5023690834253762,PXN
0.22374470521767306,-0.08025504823841484,2.827791310689638,0.004863925070226774,0.020135219224541718,-2.510170922244525,CDON
0.2798750599711997,0.19215380126147,2.818023329230811,0.005012097193918723,0.020718140383085473,-2.5365972210086465,NAPRT
0.3036514813470361,0.2323232386258703,2.815808095611628,0.005046264693268453,0.020828790486144715,-2.5425779801397907,SNX2
0.3056559593670038,0.12991331243819923,2.8122959026335796,0.005100869333150218,0.021023348715692336,-2.552050963657494,CCL26
-0.08637583913328717,-0.05627649461990323,-2.811176462850908,0.0051183856720533934,0.021064701267295764,-2.5550678739949966,FCER1A
0.3167838613820335,0.07272319624220974,2.8105480226400656,0.005128243013939965,0.021074458517140147,-2.556761021123051,GRK5
0.2501182308460586,0.10504075174142154,2.809851834638801,0.005139183093281808,0.021088630331761355,-2.5586362660955553,LRFN2
0.24920656840314165,-0.13160873892795943,2.8011507976047905,0.005277708861520093,0.02162554649953284,-2.582035283088888,OSCAR
0.2265991398570976,-0.26104749638344227,2.8006048675405837,0.0052865121404209155,0.021630133248960577,-2.583501063131835,SSH3
0.20635032831282482,0.2060152876854562,2.799434935344358,0.005305422442144396,0.02167600025346368,-2.586641307327619,TMEM106A
0.4249255941605883,0.2095201687558375,2.7978909096778706,0.005330473219694278,0.021746785671651295,-2.5907837167359684,GSTA1
0.2142834134802908,0.031998817365855144,2.7959935668625073,0.005361403005716531,0.02184131615208688,-2.5958709915401244,DYNLT3
0.22469444205484423,-0.12528638861357472,2.7916156388142803,0.00543339141532001,0.022075999321248027,-2.6075965917900676,PILRB
0.16813308552130204,-0.018160195311671443,2.791536823661566,0.005434695392406708,0.022075999321248027,-2.6078075225775916,CD83
0.3168619091176247,0.17429078464823033,2.790474745149369,0.0054522948710057475,0.022115576458042047,-2.6106493700203375,SUGT1
0.16606140447420542,0.012902941959040326,2.7887433322115216,0.005481096386998431,0.02220041198474904,-2.615279933739119,IFT20
0.4590906318525671,-0.5245243708250281,2.7870021302655372,0.0055101995569277465,0.02228622378268909,-2.61993386520279,KLK12
0.3642438322502286,0.30802063951618935,2.784416026008983,0.005553682945729908,0.022429867277230547,-2.6268408688275837,TBCA
0.20979994904236876,0.03441878134504938,2.779327343077353,0.005640153108627787,0.022746462751844155,-2.640413626493974,TRAF3IP2
0.23537186190670362,-0.07092368229867042,2.771775009101416,0.005770733531957634,0.023239792406953848,-2.660513122193573,CHM
0.29102661649571976,0.12031041062021033,2.7702674646866496,0.005797124098795398,0.023312720483012923,-2.6645188880018003,DARS1
0.30391092126796154,0.032908767833660674,2.765502858148389,0.005881250691848556,0.023617290581388995,-2.6771652351188733,IL13
0.28820740520826543,0.1420035590644037,2.763103319938461,0.005924034747571603,0.023708310864303608,-2.6835261525457343,UROD
0.3310298085358399,-0.11501035203573694,2.7630678742020973,0.005924668852177475,0.023708310864303608,-2.68362007519936,BAX
0.10853139294886176,-0.03611789009631286,2.762467057058654,0.005935426474586021,0.023708310864303608,-2.685211917786533,PTH1R
0.12770975280498256,-0.021090713023225034,2.762345483968656,0.005937605385198594,0.023708310864303608,-2.6855339802659492,ENG
0.3333247249301379,0.1477233922393869,2.756860223140047,0.006036671010813218,0.024069729313653268,-2.700050811544919,SPINK1
0.12963051829748212,0.13753689501142058,2.756094732413038,0.0060506141273109215,0.024091200521047018,-2.7020744673622055,AAMDC
0.2632448583639832,0.21469177572663345,2.7514964002381515,0.006134984975686935,0.024392630941467125,-2.714219160873532,RABGAP1L
0.4008881497579513,-0.17679882919657686,2.7502605361884283,0.006157841216836571,0.02444897464794774,-2.717479854167314,CASP10
0.27859242216059854,0.009186951866943132,2.7469693337239134,0.006219084713501766,0.024641588160034613,-2.7261563961739985,TRIM21
-0.1611255610256804,-0.020879310454545635,-2.7467138807906837,0.006223861165820466,0.024641588160034613,-2.726829420512826,PCDHB15
0.15906559202365247,0.0805243197438974,2.739867542066484,0.006353114050801175,0.02511800007444566,-2.744844352973232,RAD23B
0.5946459784890642,-0.1962320761681458,2.7386287623943697,0.006376758283841069,0.02517612141516495,-2.7480993175604556,OFD1
0.4015371348610604,0.02764155014917893,2.7341310398619263,0.006463274046902673,0.0254819558011639,-2.7599053208299686,TRDMT1
0.19203052592072023,-0.0005633202346738466,2.7287820730552803,0.006567541504449464,0.02585682424479055,-2.773921201201753,TEF
0.2445300375363832,0.1757339504339073,2.7255786330968705,0.0066307101227035935,0.026069062842752257,-2.782302397294331,GCLM
0.26250846941650485,0.1514148044884258,2.7169148412474784,0.006804304865870721,0.026714251321375285,-2.80492165236893,BOLA2_BOLA2B
0.16440200911146094,0.04740911175260213,2.7151723384102393,0.006839709841113454,0.026815854042805534,-2.809462491208842,ARSB
0.14842347165817224,-0.018685674225233505,2.7126842148850296,0.006890552441968506,0.026977614915356534,-2.8159414571033095,FAM3B
0.1924054305969497,0.049895708946740565,2.711866748213714,0.006907330809919328,0.02700574476378182,-2.8180688450164815,ATP1B3
0.18870932845140945,0.09375258235429558,2.708090981624,0.006985306376205919,0.02727272877811326,-2.8278868717252803,CHAC2
-0.14353962426544675,-0.019634041063344567,-2.706347768580017,0.00702157327967109,0.027376355654119274,-2.8324152165615395,MANSC1
0.1093523642568988,-0.003985325003500619,2.7051410998910237,0.007046776798053511,0.02743662058993172,-2.8355481200666617,BCAM
0.11811649598287084,0.021687604097774534,2.7006344406272365,0.0071416286218561045,0.027767520125034438,-2.8472368616552948,SBSN
0.24362067933483733,0.17402603539978642,2.6968702593531737,0.007221732721479714,0.028040244980641924,-2.8569853466093664,INPP5D
0.11156027138085935,-0.0061105406854278,2.6960683126976,0.007238902778843773,0.028068197413836395,-2.8590605217077245,HEPH
0.32239364167353374,-0.06948596313930351,2.6933987972957185,0.007296323383422884,0.028251926168274304,-2.865964029445,FRMD4B
0.30341597703588463,0.12181525139082944,2.6863347957431363,0.007450250545021028,0.02878912582420936,-2.8841998310340786,HDGF
0.2532445601859061,0.16690535885099103,2.6860955621025764,0.007455514289821891,0.02878912582420936,-2.8848166001976647,PDCD5
-0.34091790949153633,0.11108530519861065,-2.6855708719926734,0.007467070512537069,0.028794251359988837,-2.886169118735247,IKZF2
0.4150511858064522,-0.37454655785849245,2.6827406957045943,0.007529682980488773,0.0289959748154253,-2.8934601672732865,FGF16
0.15974492868278703,-0.05974235121267227,2.6811179782785857,0.007565795192781532,0.029095236977704934,-2.897637210150939,EFCAB2
-0.10424908932735888,-0.004362422674137472,-2.6791440402477193,0.00760993339845139,0.029225051182320137,-2.902715017795922,CD5
0.2640813796986792,-0.06687720435984146,2.6755935585187642,0.007689906877650311,0.029491945314149354,-2.9118392109545472,TADA3
0.37146717995918377,-0.037132454272112786,2.6711381290663723,0.007791332314225784,0.029840272740878342,-2.923272330307717,CXCL6
0.17088851133527527,-0.06629104416817193,2.66915734725495,0.007836808465082017,0.02997366281142103,-2.928349281419262,SLAMF6
0.37346624848558113,-0.2911758950153079,2.661440459013579,0.008016260836268092,0.030618418255216665,-2.9480935318022543,MBL2
0.12110031505814901,-0.027329491323870077,2.659352546353784,0.008065444244226136,0.030764533262190478,-2.953426056843459,XRCC4
0.19623956467719897,0.05867708541624144,2.6548131212801316,0.008173312078087722,0.031133793639806413,-2.9650056894598524,GLOD4
0.3873798636168623,-0.14907553292945633,2.6521595246448424,0.008236966024703153,0.031328545313585206,-2.971765841420884,TBC1D5
0.185669086595069,-0.02771075552671345,2.6517554835905583,0.008246697007945518,0.031328545313585206,-2.972794576359836,NPY
0.281022629409323,0.05293328012342676,2.650435114598875,0.008278568944733163,0.031407239325369075,-2.976155323877354,MPHOSPH8
0.1631799089429452,0.13502914484476342,2.645084831983472,0.008408851879948737,0.03185857071609111,-2.9897567747306164,FGF2
0.1686984492397064,0.004900826185810014,2.6411090452082617,0.008506852798527314,0.03216007943069594,-2.999846667898513,FURIN
0.13289290026923298,-0.049582276202741866,2.640930324416855,0.008511282122866242,0.03216007943069594,-3.0002998849357114,APCS
0.3133265519936836,0.20819759669853471,2.639816954975558,0.008538921898610805,0.032221266949851765,-3.0031225999213027,RBM17
0.13231950632362557,-0.014965243352158467,2.6384346215008994,0.008573350772695226,0.03230787473244586,-3.006625604702794,LRIG3
0.09976372065433291,-0.011690806204369684,2.6370683957577077,0.008607500696624847,0.03239320115106811,-3.010086035604922,ROBO2
0.24481138283431583,0.10479781172626504,2.6338560425954984,0.008688276975280133,0.03262166099272863,-3.0182155375836888,PCYT2
0.11782705371387771,0.00463381877920161,2.63373301927836,0.008691383923462335,0.03262166099272863,-3.018526680907003,FGA
0.21249282688966348,0.10014632659794659,2.627699493641454,0.008844987664191114,0.03315398172396536,-3.0337689556127843,CASC3
0.24811565967710023,-0.10064216558835688,2.6266657811236733,0.008871546977164045,0.03320931481478297,-3.0363769706602803,TRIM24
0.10555677671596722,0.03722974692638678,2.6223372703583947,0.008983537537966732,0.033583875390938045,-3.0472867778438766,TCOF1
-0.2101963764696709,-0.19149269919712092,-2.6201833809407957,0.00903973498147996,0.03374914320008765,-3.0527090264488566,PRG2
0.2931419199898531,-0.2783724979275527,2.6172426381186313,0.009116970573241375,0.033992413461820484,-3.0601051116712448,STAU1
0.15160451099669925,0.04392922900054025,2.6161239886517453,0.009146505510127426,0.03405742461773638,-3.062916436113575,TSPYL1
0.34070948439246324,0.19511736388081596,2.6114961950123465,0.009269602106828574,0.03447018484903888,-3.074534299848442,ARHGEF10
0.10927893504130595,0.027203735287341345,2.6085967583249894,0.00934747877812571,0.0347139218475249,-3.0818029952253116,LMNB2
0.31407131379120207,0.08764579046707706,2.6079087268183234,0.009366044501083613,0.034737042517194165,-3.083526690035209,SHMT1
0.11498840079227914,-0.016221743214895647,2.6039738409853417,0.009472858004632385,0.03508696747768443,-3.0933760757828157,CLEC12A
0.2657421625718607,0.001807268861305185,2.6033426087499927,0.00949009400833965,0.03510461844083589,-3.094954760527845,PRR4
0.23983498152063934,-0.008117094054138222,2.6002616441352706,0.009574623950983711,0.03537082207614061,-3.102654770151541,AKT3
0.3124132594377745,0.010817442528622816,2.5964070958845222,0.009681325748753246,0.03571812841774625,-3.1122756280082187,TP53
0.1564610290129701,0.0726053595583522,2.5894948852391435,0.009875334966144072,0.03638621456766435,-3.129493511251452,SNRPB2
0.12764836191437098,0.014264902403980985,2.588536257318268,0.009902513874080445,0.03643866216409994,-3.131877862183056,ERBB2
-0.210646819523051,0.0030973386041799208,-2.58599751110233,0.009974815240122455,0.03665679490984949,-3.1381882126199274,REG3G
0.15854447701889265,-0.01761510945632157,2.582169035881805,0.010084738881202478,0.03701243800597781,-3.1476929250674264,ITGB2
0.21441991406231636,-0.04961832858047139,2.5780859199011203,0.010203164711965022,0.037360353521197244,-3.1578146956952433,BTC
-0.11807251206797724,-0.008729754604456482,-2.577985981257189,0.010206078812717827,0.037360353521197244,-3.1580622411752817,BMP10
0.19318390901423022,-0.003927588923189725,2.577230992791489,0.01022811746437149,0.03739240345741006,-3.1599320262139514,STXBP3
0.19657983667728327,0.10344546203803885,2.5743479588832408,0.010312666652378712,0.037652602628334725,-3.167067163164902,SCLY
0.12098889395753869,0.07089331042270283,2.571949806083005,0.010383470649559464,0.037814592809966935,-3.1729963517493895,CWC15
0.10371937765353488,-0.002207024763097808,2.571935287527375,0.010383900618864812,0.037814592809966935,-3.1730322309973813,FAM20A
0.18760613957971883,-0.023398477288222093,2.5684270355911343,0.010488264994699686,0.03814507676890065,-3.1816962758180836,COL6A3
0.1268188392465645,-0.08392159295059207,2.567624136364291,0.010512281035651334,0.03814507676890065,-3.183677509823622,AOC3
0.414427936443161,-0.26557119048874017,2.5675232033168243,0.010515303578212044,0.03814507676890065,-3.1839265294721444,CHP1
0.13461599260288468,-0.007315570340407876,2.564590128944052,0.010603476752806743,0.03841542736055467,-3.191158774049013,FCRL2
0.12202437498065799,0.0654359466743947,2.5614178563400425,0.010699582361512932,0.038713784508559,-3.1989717516971323,ITGA6
0.13282496528946905,-0.0037353075006375212,2.5576464067472893,0.010814850404761975,0.039080621167400464,-3.2082481731555266,CD84
0.5381498240441897,0.08442437096745652,2.5543373860068592,0.010916895424285724,0.03939879566585168,-3.216376208671156,SLK
0.24765137590361236,0.05856211321412654,2.5516240970959885,0.011001208368094187,0.03965224270958405,-3.223033276719561,ADD1
0.11254098304186183,-0.018438316148632387,2.5493582808178155,0.011072060568088507,0.03985658631607308,-3.228587182380642,OGFR
-0.32303763761403687,0.22872310483869251,-2.544742011541726,0.011217670624021592,0.04032917344396013,-3.239887565935199,SMPDL3B
0.09212605607833996,-0.002156437936251759,2.543070123358906,0.011270825850209488,0.04046859026573942,-3.2439753332111136,STX3
0.20147676243907922,0.14931255388280093,2.5376558315415236,0.011444507894548085,0.04103985951993995,-3.257195297020268,SRP14
0.5411515836530825,-0.5753633271495144,2.5340256637923284,0.0115622882084801,0.041409467311541326,-3.2660436122803285,WASF3
0.10236531347312025,0.058620226601430146,2.5265448403253257,0.011808409688892723,0.04223719602825034,-3.2842387017912626,CRTAP
0.15531963631230236,-0.03592526389809891,2.523678675870842,0.0119039351125321,0.04246958631984007,-3.291195970361608,CLEC4A
0.12298495641407493,-0.025037572895963058,2.5234909237274588,0.011910216553428865,0.04246958631984007,-3.291651447177697,CD6
-0.3676666535712629,0.4426512724311494,-2.522874543846579,0.01193085890081978,0.04246958631984007,-3.2931465198912044,KLK1
0.08388272353769823,0.023202743539267497,2.5227889640287526,0.011933727452573177,0.04246958631984007,-3.293354071581929,DTX3
0.14110905266358412,-0.013939817651618811,2.52055987226444,0.012008660751466662,0.042682297999215475,-3.2987577368895797,PPP3R1
-0.1528298998705242,-0.027131544877002565,-2.515316640771834,0.012186568968471765,0.04326001468631528,-3.311449771293514,DCBLD2
0.1945518738221089,0.0391937346671071,2.5117956638573586,0.012307350080186944,0.04363374115330761,-3.319958354224105,PNPT1
-0.1609768170737855,-0.02562360029260415,-2.509383352735074,0.012390713036715914,0.04387403421176767,-3.3257810874087137,EGFL7
0.23438615338261137,0.02754602472079011,2.5066381107733546,0.012486191005175062,0.04415656743664297,-3.332400792481718,CNPY2
-0.31170638492110103,0.13315765592797763,-2.505403022202787,0.012529359372911044,0.04425363442251517,-3.335376701530751,GPRC5C
-0.29731982852261596,-0.04022254532358166,-2.5011843349695,0.012677810489674807,0.04472185028625887,-3.3455307073233027,DDX25
0.22302798685416272,0.009577936122798626,2.5005868429256313,0.012698961336241248,0.04473539761365889,-3.346967467394882,ILKAP
0.12249459318749814,0.046838032624277895,2.50015940588881,0.012714111553593784,0.04473539761365889,-3.3479950988837137,SLC16A1
0.24879933033613916,0.16802331277535817,2.499730603470267,0.012729326283673454,0.04473539761365889,-3.3490258406922693,PIK3AP1
0.2789018399771481,0.1691456335115091,2.497844834972966,0.01279642892886692,0.044915146427382015,-3.3535567436442824,CEACAM21
0.9235449647322821,-2.0794436688143016,2.496795601258671,0.012833900320801991,0.04499057210841546,-3.356076273961165,ITGAX
0.40395515072394916,-0.1952207201084429,2.496237489692132,0.012853871860607451,0.04500453891493778,-3.3574160491402303,ALMS1
0.3640816002650083,0.23888917128437986,2.49490674882316,0.012901602578770814,0.0451155419369439,-3.360609380575128,PRKG1
-0.17620633554458368,0.08621244475240737,-2.4937184913490675,0.012944355563908366,0.04517699754407399,-3.363459394890565,NPR1
0.18342324121060502,-0.009816157401469487,2.493526523830949,0.012951274251533822,0.04517699754407399,-3.3639197011969535,KIR2DL3
0.20460966187677412,0.07610825626907333,2.4929301136858664,0.012972790360746536,0.04519604562562067,-3.365349573235846,SMS
0.23368502480639186,0.2944474600252301,2.491457500538446,0.013026052257149602,0.04532550939910523,-3.3688786806330184,SF3B4
0.2418948937447093,0.1587172174996653,2.4882785644846925,0.013141690696864116,0.04567143124897838,-3.3764900385494765,SH3GLB2
0.18934158717481325,0.01581236525020906,2.481339137394018,0.013397290144326505,0.046502307960886696,-3.3930722156472997,FKBP4
0.15573081690032498,0.06950464890662636,2.4799843868601297,0.013447700519994067,0.04661979921648189,-3.396304197886442,NACC1
0.2921612495486874,0.19889922427811504,2.479302125862929,0.013473151092376259,0.04665057850558323,-3.397931192192411,PPME1
0.11461496329689305,0.014566495014017342,2.4751501409279473,0.013628955998762186,0.047132077563286925,-3.4078230455200944,POLR2F
-0.3262378532918301,-0.2318652075257735,-2.461659898808348,0.014146256740670849,0.04886099720857477,-3.4398509602945797,IGFBP1
0.21421449682515906,0.1810931408929918,2.459142462800876,0.014244692137102761,0.04914069652689249,-3.4458088123724275,DNM3
0.15853703257068189,-0.0735738364407093,2.455533054289567,0.014386882482885048,0.04957047024396745,-3.4543405751706064,PRAP1
0.2336217671967454,0.022246082005749384,2.4527278075120975,0.014498258914232268,0.04989315262049369,-3.4609630405857925,AMN
