,analyte_ID,tissue,datatype,timepoint,control_median,control_MAD
D3-Creatinine-ISTD_POS,D3-Creatinine-ISTD_POS,plasma,MTBL,B,24.50094642183047,0.09235114244766152
p3823_POS,p3823_POS,plasma,MTBL,B,14.459581179490497,0.35409173082610224
p1690_POS,p1690_POS,plasma,MTBL,B,21.619919589561952,0.17955632574489755
p5795_POS,p5795_POS,plasma,MTBL,B,14.011141777095862,0.05558538878668262
p2942_POS,p2942_POS,plasma,MTBL,B,14.777951844878386,0.06827791245272241
"N-(1,3-benzodioxol-5-yl)-2-methyl-5-(piperidinosulfonyl)-3-furamide_POS","N-(1,3-benzodioxol-5-yl)-2-methyl-5-(piperidinosulfonyl)-3-furamide_POS",plasma,MTBL,B,13.630676262928162,0.15329509913538608
"N1-(alpha-D-ribosyl)-5,6-dimethyl-benzimidazole_POS","N1-(alpha-D-ribosyl)-5,6-dimethyl-benzimidazole_POS",plasma,MTBL,B,16.877737319384877,0.6671984260886248
p3174_POS,p3174_POS,plasma,MTBL,B,15.477706101784225,0.13320015237110905
Methoxsalen_POS,Methoxsalen_POS,plasma,MTBL,B,14.943471826505549,0.1991884055981119
n3688_NEG,n3688_NEG,plasma,MTBL,B,11.973370155502927,0.156536634374846
p555_POS,p555_POS,plasma,MTBL,B,23.020559982912953,0.17376322298150093
"[6,7-dimethoxy-1-methyl-3,4-dihydro-2(1H)-isoquinolinyl](5-methyl-3-isoxazolyl)methanone_POS","[6,7-dimethoxy-1-methyl-3,4-dihydro-2(1H)-isoquinolinyl](5-methyl-3-isoxazolyl)methanone_POS",plasma,MTBL,B,13.56346661853213,0.07954924478203207
p5019_POS,p5019_POS,plasma,MTBL,B,15.6853169711025,0.12535068682207484
p3144_POS,p3144_POS,plasma,MTBL,B,18.649833541487034,0.2383522961251252
n2600_NEG,n2600_NEG,plasma,MTBL,B,16.34621064815699,0.3682220472120239
Caprolactam_POS,Caprolactam_POS,plasma,MTBL,B,19.048892712447163,0.6050686896816586
p5568_POS,p5568_POS,plasma,MTBL,B,11.334186112993402,0.04269485640517434
p1608_POS,p1608_POS,plasma,MTBL,B,20.400680487239157,0.1809681733081323
p5015_POS,p5015_POS,plasma,MTBL,B,11.932910483109161,0.13550436631543672
p281_POS,p281_POS,plasma,MTBL,B,24.207249775852144,0.09542721734254656
Glucuronic acid sulfate_NEG,Glucuronic acid sulfate_NEG,plasma,MTBL,B,9.850393606978628,0.026490496585943824
p98_POS,p98_POS,plasma,MTBL,B,26.281298549500267,0.1952127988971739
p851_POS,p851_POS,plasma,MTBL,B,18.530196239770675,0.4855042999449175
Indoline_POS,Indoline_POS,plasma,MTBL,B,21.323632252728693,0.2333969874455324
p3519_POS,p3519_POS,plasma,MTBL,B,15.680211968854968,0.1764159045025231
Vaccenyl carnitine_POS,Vaccenyl carnitine_POS,plasma,MTBL,B,13.94477099583511,0.24627197992107508
Imidazoleacetic acid_POS,Imidazoleacetic acid_POS,plasma,MTBL,B,20.477790484611305,0.2575718191812104
p4974_POS,p4974_POS,plasma,MTBL,B,15.48686446398573,0.09802522350909637
p3473_POS,p3473_POS,plasma,MTBL,B,18.758272225614007,0.3530168982979873
p5162_POS,p5162_POS,plasma,MTBL,B,18.187189864227285,0.15383329592646078
Gluconolactone_POS,Gluconolactone_POS,plasma,MTBL,B,17.839592082114258,0.27397601052428655
p1485_POS,p1485_POS,plasma,MTBL,B,20.164531435077542,0.19521278544545062
p4351_POS,p4351_POS,plasma,MTBL,B,11.114546401367488,0.12030944785116215
p1605_POS,p1605_POS,plasma,MTBL,B,20.330172981874227,0.1562764638438896
n2589_NEG,n2589_NEG,plasma,MTBL,B,18.487178216239926,0.2318115040541393
p4096_POS,p4096_POS,plasma,MTBL,B,18.70142397728528,0.2521195703732815
p2057_POS,p2057_POS,plasma,MTBL,B,19.498956909540517,0.2449109103334024
Venlafaxine N-Oxide_POS,Venlafaxine N-Oxide_POS,plasma,MTBL,B,12.881067155440935,0.1718408596938179
p2825_POS,p2825_POS,plasma,MTBL,B,20.463803286067392,0.1769451126094097
p5080_POS,p5080_POS,plasma,MTBL,B,12.895987730683235,0.134450634967485
p4193_POS,p4193_POS,plasma,MTBL,B,12.631452239007157,0.8981079727125305
Memnobotrin B_POS,Memnobotrin B_POS,plasma,MTBL,B,12.563420578661646,0.17079735544623098
p5561_POS,p5561_POS,plasma,MTBL,B,12.871403316618512,0.24702359457338297
n568_NEG,n568_NEG,plasma,MTBL,B,20.16159430867325,0.146672851092557
p1828_POS,p1828_POS,plasma,MTBL,B,21.37868675889483,0.20993825754390727
N-Docosahexaenoyl GABA_POS,N-Docosahexaenoyl GABA_POS,plasma,MTBL,B,12.99344920818618,0.18823254449484406
p3967_POS,p3967_POS,plasma,MTBL,B,13.869601747968293,0.1509436682003491
p4275_POS,p4275_POS,plasma,MTBL,B,16.8179322678164,0.22410812791334322
p1167_POS,p1167_POS,plasma,MTBL,B,20.470096587477514,0.2662225337031625
p3082_POS,p3082_POS,plasma,MTBL,B,12.919278690803388,0.12895036695647555
p790_POS,p790_POS,plasma,MTBL,B,20.432551195369392,0.13901561296591325
p231_POS,p231_POS,plasma,MTBL,B,24.008740563477957,0.15631432717662186
n3923_NEG,n3923_NEG,plasma,MTBL,B,9.682648739877582,0.06806284269635743
p2723_POS,p2723_POS,plasma,MTBL,B,15.576560798979466,0.2980172551585225
p3243_POS,p3243_POS,plasma,MTBL,B,15.603781308781826,0.14958424404882908
n1345_NEG,n1345_NEG,plasma,MTBL,B,18.928996917862,0.30231520384782584
p2887_POS,p2887_POS,plasma,MTBL,B,18.26581400714774,0.1703331122774312
p5424_POS,p5424_POS,plasma,MTBL,B,10.757968053082223,0.13176106647435581
p4222_POS,p4222_POS,plasma,MTBL,B,17.711493398488066,0.065941144356227
D3-Creatinine_POS,D3-Creatinine_POS,plasma,MTBL,B,24.497409617868286,0.14432276479671735
p207_POS,p207_POS,plasma,MTBL,B,25.54416564648158,0.12634834119300997
p959_POS,p959_POS,plasma,MTBL,B,20.617704083857227,0.23225911781586106
p5522_POS,p5522_POS,plasma,MTBL,B,12.763249221084749,0.23545415098626776
p4371_POS,p4371_POS,plasma,MTBL,B,16.20604665361848,0.1181401962775297
p3896_POS,p3896_POS,plasma,MTBL,B,18.816314662975827,0.2238448548740326
p5016_POS,p5016_POS,plasma,MTBL,B,15.182603347458382,0.08702135083755547
p3023_POS,p3023_POS,plasma,MTBL,B,11.476684925188373,0.1650945745370267
p3469_POS,p3469_POS,plasma,MTBL,B,14.942606014709572,0.43141571727136885
p131_POS,p131_POS,plasma,MTBL,B,23.908782156334652,0.23114099977856917
n537_NEG,n537_NEG,plasma,MTBL,B,22.720588349073118,0.09408078268077347
Galactitol_POS,Galactitol_POS,plasma,MTBL,B,18.207392072580063,0.5704916847851784
"1,2,3-Trihydroxybenzene_NEG","1,2,3-Trihydroxybenzene_NEG",plasma,MTBL,B,18.056093941165017,0.1568300814637471
p2234_POS,p2234_POS,plasma,MTBL,B,13.806031809218315,0.37890353179030356
p2448_POS,p2448_POS,plasma,MTBL,B,16.926136072527484,0.28440949312250474
p4097_POS,p4097_POS,plasma,MTBL,B,18.6962548665605,0.2563025756147823
Repinotan_POS,Repinotan_POS,plasma,MTBL,B,14.269208751621054,0.273516023426871
p1519_POS,p1519_POS,plasma,MTBL,B,19.42932710573615,0.28101029218769646
p3498_POS,p3498_POS,plasma,MTBL,B,15.462103457373582,0.36496269063982645
n4_NEG,n4_NEG,plasma,MTBL,B,28.96351191763511,0.051016316903787384
n3757_NEG,n3757_NEG,plasma,MTBL,B,8.61845208850847,0.0461725768567991
p2690_POS,p2690_POS,plasma,MTBL,B,18.456184479716242,0.20228645222288755
p1192_POS,p1192_POS,plasma,MTBL,B,22.188281684516426,0.2065690433339995
n3849_NEG,n3849_NEG,plasma,MTBL,B,11.792275245741935,0.10882515895397482
n178_NEG,n178_NEG,plasma,MTBL,B,24.31279100073529,0.07049998573190663
p1815_POS,p1815_POS,plasma,MTBL,B,20.429595169826804,0.1057891149090171
p3707_POS,p3707_POS,plasma,MTBL,B,19.73265484079753,0.16254669233983243
p4375_POS,p4375_POS,plasma,MTBL,B,12.69448673215619,0.15707505743637462
p300_POS,p300_POS,plasma,MTBL,B,24.72283770930518,0.21632389757147408
n3235_NEG,n3235_NEG,plasma,MTBL,B,12.803068107003293,0.07467889173555875
p1970_POS,p1970_POS,plasma,MTBL,B,17.848151012650874,0.4096099975765579
p5236_POS,p5236_POS,plasma,MTBL,B,14.655878148122657,0.14711183058335298
p132_POS,p132_POS,plasma,MTBL,B,25.210173537135994,0.09628082242876346
p2281_POS,p2281_POS,plasma,MTBL,B,18.82432607043539,0.3019894392349194
p1029_POS,p1029_POS,plasma,MTBL,B,20.38530463863289,0.24153746277601584
p1780_POS,p1780_POS,plasma,MTBL,B,18.369874164641345,0.29920668730771816
p145_POS,p145_POS,plasma,MTBL,B,26.130532501337587,0.12370044765358479
p903_POS,p903_POS,plasma,MTBL,B,20.010020661396783,0.17512519380284175
n2843_NEG,n2843_NEG,plasma,MTBL,B,15.257173198791147,0.2515954090261703
p1994_POS,p1994_POS,plasma,MTBL,B,20.1691726428308,0.11088069041709403
n2905_NEG,n2905_NEG,plasma,MTBL,B,17.7364799260109,0.21972204210147162
p3681_POS,p3681_POS,plasma,MTBL,B,17.6907026402001,0.3081482212401845
D-Glucose_POS,D-Glucose_POS,plasma,MTBL,B,27.27692910956646,0.16124331099210742
p4965_POS,p4965_POS,plasma,MTBL,B,13.726910258039702,0.40231401025989477
n1333_NEG,n1333_NEG,plasma,MTBL,B,20.534220176544654,0.12432396086471442
Dacarbazine_POS,Dacarbazine_POS,plasma,MTBL,B,15.31397534412988,0.5534377941337381
(R)-Salsolinol_POS,(R)-Salsolinol_POS,plasma,MTBL,B,13.035684559583892,0.2023559047000214
n2511_NEG,n2511_NEG,plasma,MTBL,B,18.012574654557255,0.26651576665952526
p4116_POS,p4116_POS,plasma,MTBL,B,14.78131565592317,0.1233332204978046
p4306_POS,p4306_POS,plasma,MTBL,B,12.684132547520584,0.11602788153990495
n33_NEG,n33_NEG,plasma,MTBL,B,27.559817932338888,0.09619336817442559
p800_POS,p800_POS,plasma,MTBL,B,21.014148942325654,0.10291772090318929
"1,1,1,2,2,3,3,10,10,11,11,12,12,12-Tetradecafluoro-5,8-diiodododecane_NEG","1,1,1,2,2,3,3,10,10,11,11,12,12,12-Tetradecafluoro-5,8-diiodododecane_NEG",plasma,MTBL,B,22.825589255436334,0.1215253458820218
D-threo-isocitrate_NEG,D-threo-isocitrate_NEG,plasma,MTBL,B,16.69954559835114,0.28130439929648965
Kijanimicin_POS,Kijanimicin_POS,plasma,MTBL,B,18.58559882866118,0.1970768372769598
p3732_POS,p3732_POS,plasma,MTBL,B,13.889112542849979,0.058384722686444235
n2637_NEG,n2637_NEG,plasma,MTBL,B,13.947331885816757,0.13222529780554204
p2499_POS,p2499_POS,plasma,MTBL,B,18.9182851823766,0.3855042857386053
p4517_POS,p4517_POS,plasma,MTBL,B,14.086555322748236,0.1104391935362612
1-(2-Hydroxyethyl-2-hydroxymethyl)-5-nitro-imidazole_POS,1-(2-Hydroxyethyl-2-hydroxymethyl)-5-nitro-imidazole_POS,plasma,MTBL,B,12.988076835136159,0.14684663497810213
δ-Valerolactam_POS,δ-Valerolactam_POS,plasma,MTBL,B,21.780636909999565,0.5895693046068828
p3186_POS,p3186_POS,plasma,MTBL,B,20.3813521235983,0.1293899190726595
n2627_NEG,n2627_NEG,plasma,MTBL,B,18.717334394345272,0.14189704216102506
p364_POS,p364_POS,plasma,MTBL,B,23.626121169026185,0.1055471348518413
p4248_POS,p4248_POS,plasma,MTBL,B,14.259770060423905,0.14828313575687257
n1822_NEG,n1822_NEG,plasma,MTBL,B,14.441294944884884,0.0874363335285846
3-hydroxynonanoyl carnitine_POS,3-hydroxynonanoyl carnitine_POS,plasma,MTBL,B,15.777333071584897,0.15844313149751077
p5029_POS,p5029_POS,plasma,MTBL,B,16.832603818670847,0.17826080050924276
p5119_POS,p5119_POS,plasma,MTBL,B,12.13355069616123,0.1459774902624611
p2569_POS,p2569_POS,plasma,MTBL,B,15.799636687755392,0.14793780680669943
Leucylproline_POS,Leucylproline_POS,plasma,MTBL,B,21.79049318514064,0.23296772709180402
p3932_POS,p3932_POS,plasma,MTBL,B,14.545950237319627,0.11675938806045849
2-Heptanethiol_POS,2-Heptanethiol_POS,plasma,MTBL,B,22.01031864890407,0.318272282546042
Uracil analogue_POS,Uracil analogue_POS,plasma,MTBL,B,13.702138857235514,0.029877061705290586
p4131_POS,p4131_POS,plasma,MTBL,B,13.814365424180941,0.21652078598547675
p4467_POS,p4467_POS,plasma,MTBL,B,13.112201598246452,0.035210257610536644
p5640_POS,p5640_POS,plasma,MTBL,B,11.541032769349366,0.2132161839851996
Succinic acid semialdehyde_NEG,Succinic acid semialdehyde_NEG,plasma,MTBL,B,23.26978066983412,0.1434268184268106
p1275_POS,p1275_POS,plasma,MTBL,B,21.289716078552864,0.15224383651092843
p1655_POS,p1655_POS,plasma,MTBL,B,15.174233094264226,0.3921452231953415
L-Iditol_POS,L-Iditol_POS,plasma,MTBL,B,19.435712684128994,0.34787607189766057
p3615_POS,p3615_POS,plasma,MTBL,B,13.507209011388195,0.13824619189264364
n319_NEG,n319_NEG,plasma,MTBL,B,23.404683311550365,0.08717857479003932
p4162_POS,p4162_POS,plasma,MTBL,B,14.338301419069897,0.13855542180642733
p5144_POS,p5144_POS,plasma,MTBL,B,12.260636010416942,0.2074553149282945
n3719_NEG,n3719_NEG,plasma,MTBL,B,15.674803213571892,0.2697815235226928
p4508_POS,p4508_POS,plasma,MTBL,B,17.038990211504625,0.4210271724917831
p2289_POS,p2289_POS,plasma,MTBL,B,15.03897095744665,0.09951890841430178
p1866_POS,p1866_POS,plasma,MTBL,B,19.808407971117376,0.18593606039701704
p3585_POS,p3585_POS,plasma,MTBL,B,18.53803815109756,0.24337243514796292
p2540_POS,p2540_POS,plasma,MTBL,B,20.07321617331284,0.10119482748944186
p2827_POS,p2827_POS,plasma,MTBL,B,14.744736603464684,0.1471684150998458
p658_POS,p658_POS,plasma,MTBL,B,19.210831378990363,0.21463618822333075
p1452_POS,p1452_POS,plasma,MTBL,B,18.753242161352794,0.3505273369738937
L-Serine_NEG,L-Serine_NEG,plasma,MTBL,B,21.114783233864202,0.275026197320555
p951_POS,p951_POS,plasma,MTBL,B,21.482387163441906,0.15873271317243365
p2896_POS,p2896_POS,plasma,MTBL,B,18.496728257111663,0.23415649586017118
N-Trifluoroacetyladriamycin_POS,N-Trifluoroacetyladriamycin_POS,plasma,MTBL,B,16.042514366386158,0.17472206882450791
"1H,1H-Perfluorononylamine_POS","1H,1H-Perfluorononylamine_POS",plasma,MTBL,B,12.10404767906125,0.04694545348556023
n3303_NEG,n3303_NEG,plasma,MTBL,B,11.595407240446296,0.07007023652037958
p1382_POS,p1382_POS,plasma,MTBL,B,19.852674649443436,0.24946901264660504
p2909_POS,p2909_POS,plasma,MTBL,B,17.12753338589809,0.31673091037029444
p2168_POS,p2168_POS,plasma,MTBL,B,18.938060934744147,0.1537241316717104
p5622_POS,p5622_POS,plasma,MTBL,B,13.001786145598693,0.12985392611435564
"5-({[3-chloro-5-(trifluoromethyl)-2-pyridyl]methyl}thio)-4-pentyl-4H-1,2,4-triazol-3-ol_POS","5-({[3-chloro-5-(trifluoromethyl)-2-pyridyl]methyl}thio)-4-pentyl-4H-1,2,4-triazol-3-ol_POS",plasma,MTBL,B,9.69241133544702,0.0333815274567586
n2663_NEG,n2663_NEG,plasma,MTBL,B,18.644971221664967,0.13050118167153357
p426_POS,p426_POS,plasma,MTBL,B,22.077673940486754,0.20564818666304419
p824_POS,p824_POS,plasma,MTBL,B,21.77470964020653,0.20390708293670023
p1008_POS,p1008_POS,plasma,MTBL,B,18.508780773956953,0.26540853477536785
p1692_POS,p1692_POS,plasma,MTBL,B,20.882368509186495,0.16908393897649177
n416_NEG,n416_NEG,plasma,MTBL,B,23.238677442171074,0.09768844117578013
p2855_POS,p2855_POS,plasma,MTBL,B,19.44032655325968,0.15448957026182342
p1435_POS,p1435_POS,plasma,MTBL,B,22.020800837719058,0.19045579767360188
"6-Chloro-N2,N3-diethylquinoxaline-2,3-diamine_POS","6-Chloro-N2,N3-diethylquinoxaline-2,3-diamine_POS",plasma,MTBL,B,10.786294089238515,0.12232041433497454
p5751_POS,p5751_POS,plasma,MTBL,B,15.207054552822783,0.529777572576343
n3892_NEG,n3892_NEG,plasma,MTBL,B,10.11691336850654,0.030657478640044644
p3176_POS,p3176_POS,plasma,MTBL,B,18.53455115036764,0.2710007857787122
Triethylene Glycol Monomethyl Ether_POS,Triethylene Glycol Monomethyl Ether_POS,plasma,MTBL,B,16.630351287013738,0.14517726750635873
p5062_POS,p5062_POS,plasma,MTBL,B,14.71128091948373,0.13259351492439464
D-(-)-Mannitol_NEG,D-(-)-Mannitol_NEG,plasma,MTBL,B,19.31670990125064,0.34891919687457396
p1125_POS,p1125_POS,plasma,MTBL,B,21.41028066833721,0.1685141429932724
Penicillactam_POS,Penicillactam_POS,plasma,MTBL,B,17.242777238474748,0.3857995057899135
Norepinephrine sulfate_POS,Norepinephrine sulfate_POS,plasma,MTBL,B,14.899954895764175,0.05056261349162394
3-Oxalomalic acid_POS,3-Oxalomalic acid_POS,plasma,MTBL,B,18.499303646733217,0.25333134319680717
n2862_NEG,n2862_NEG,plasma,MTBL,B,16.063604018620016,0.14237931799820291
p5406_POS,p5406_POS,plasma,MTBL,B,13.094701163232408,0.12665998333935669
p2850_POS,p2850_POS,plasma,MTBL,B,12.963495957279951,0.036284456164389134
p4818_POS,p4818_POS,plasma,MTBL,B,13.69605702232883,0.2744761435240015
"5,5-dimethyl-2-{[(2-phenylacetyl)amino]methyl}-1,3-thiazolane-4-carboxylic acid_POS","5,5-dimethyl-2-{[(2-phenylacetyl)amino]methyl}-1,3-thiazolane-4-carboxylic acid_POS",plasma,MTBL,B,13.850100735225967,0.19039345622230552
2-Amino-3-methyl-1-butanol_POS,2-Amino-3-methyl-1-butanol_POS,plasma,MTBL,B,23.173490725896123,0.3370291358181028
p759_POS,p759_POS,plasma,MTBL,B,18.774522060681115,0.20111009498305066
p4520_POS,p4520_POS,plasma,MTBL,B,17.28646345337797,0.09237539026938535
NP-022470_POS,NP-022470_POS,plasma,MTBL,B,13.782659279505605,0.15206279716975413
3-Deoxyglucosone_NEG,3-Deoxyglucosone_NEG,plasma,MTBL,B,23.83249595656376,0.16488273818511878
Bupropion hydrochloride_POS,Bupropion hydrochloride_POS,plasma,MTBL,B,14.944564902092534,0.10543704956464328
p3051_POS,p3051_POS,plasma,MTBL,B,15.87120499624963,0.3201615664164503
p4961_POS,p4961_POS,plasma,MTBL,B,14.217033301310057,0.20245058338421895
p2574_POS,p2574_POS,plasma,MTBL,B,15.030232639003724,0.271302493164427
p1316_POS,p1316_POS,plasma,MTBL,B,19.248412771760872,0.17069901633223594
n2173_NEG,n2173_NEG,plasma,MTBL,B,19.28460112535389,0.12412140535954208
N-(2-Hydroxypropyl)valine_POS,N-(2-Hydroxypropyl)valine_POS,plasma,MTBL,B,16.915447149067035,0.30846907511636523
Aptaa-lhrh_POS,Aptaa-lhrh_POS,plasma,MTBL,B,20.835612726248257,0.1874814261415203
p3135_POS,p3135_POS,plasma,MTBL,B,18.091428537132707,0.18563492696392814
p3183_POS,p3183_POS,plasma,MTBL,B,14.121933685753909,0.12057144042356782
"(2S,3R)-3-Hydroxy-2-methylbutanoic acid_POS","(2S,3R)-3-Hydroxy-2-methylbutanoic acid_POS",plasma,MTBL,B,16.357186011862716,0.080801708284163
p4972_POS,p4972_POS,plasma,MTBL,B,14.367755044606163,0.11411807907276916
p5580_POS,p5580_POS,plasma,MTBL,B,12.80117096428389,0.11477558042566383
p1952_POS,p1952_POS,plasma,MTBL,B,16.841330012455856,0.22162087447377488
p2323_POS,p2323_POS,plasma,MTBL,B,18.56569619344547,0.6151881170194606
p3421_POS,p3421_POS,plasma,MTBL,B,18.496068601911734,0.3016883811678106
p1292_POS,p1292_POS,plasma,MTBL,B,21.030721262889074,0.12948459494014486
"6-Chloro-2,3,4,5-tetrahydro-1H-3-benzazepine_NEG","6-Chloro-2,3,4,5-tetrahydro-1H-3-benzazepine_NEG",plasma,MTBL,B,21.78182029721325,0.17509351166674136
"5S,6S-epoxy-15R-hydroxy-ETE_POS","5S,6S-epoxy-15R-hydroxy-ETE_POS",plasma,MTBL,B,18.248050870008274,0.07757800161327566
p3546_POS,p3546_POS,plasma,MTBL,B,15.632914142594254,0.1800981361595131
p388_POS,p388_POS,plasma,MTBL,B,23.284763234058918,0.1453121209041761
n1179_NEG,n1179_NEG,plasma,MTBL,B,21.409625322607134,0.08812585831298492
n530_NEG,n530_NEG,plasma,MTBL,B,21.731543632404797,0.105909341916961
p841_POS,p841_POS,plasma,MTBL,B,19.00676048511918,0.26448880833570065
n519_NEG,n519_NEG,plasma,MTBL,B,22.825369010862325,0.12074801873756158
p3536_POS,p3536_POS,plasma,MTBL,B,18.847026348331113,0.2526989160728004
n2003_NEG,n2003_NEG,plasma,MTBL,B,16.872194304702283,0.17693447492583125
"1-(4-methylphenyl)-3,5-diphenylpent-2-ene-1,5-dione_POS","1-(4-methylphenyl)-3,5-diphenylpent-2-ene-1,5-dione_POS",plasma,MTBL,B,12.779869720591591,0.13127173398909342
"(4E)-3-Hydroxy-2,4-dimethyl-4-heptenamide_POS","(4E)-3-Hydroxy-2,4-dimethyl-4-heptenamide_POS",plasma,MTBL,B,14.284059023533011,0.04757784114756802
n1782_NEG,n1782_NEG,plasma,MTBL,B,19.191420984242995,0.19427686763243912
p4486_POS,p4486_POS,plasma,MTBL,B,16.550313833798942,0.27040846240604743
3-Hydroxymepivacaine_POS,3-Hydroxymepivacaine_POS,plasma,MTBL,B,15.220527389590796,0.17544724841250137
p5350_POS,p5350_POS,plasma,MTBL,B,12.759441481206306,0.1283028211299424
n3547_NEG,n3547_NEG,plasma,MTBL,B,12.166090640968882,0.049529497980222104
Nematophin_POS,Nematophin_POS,plasma,MTBL,B,12.996644143640957,0.23949957607550676
p5600_POS,p5600_POS,plasma,MTBL,B,10.782247349313135,0.03225968071614105
NP-020240_POS,NP-020240_POS,plasma,MTBL,B,12.663542369408882,0.027136025146575093
p4633_POS,p4633_POS,plasma,MTBL,B,15.215946721923554,0.1377494443021634
n2882_NEG,n2882_NEG,plasma,MTBL,B,12.970684955213752,0.030903703276115913
Normethadone_POS,Normethadone_POS,plasma,MTBL,B,11.823598014607482,0.16413496822976104
p295_POS,p295_POS,plasma,MTBL,B,24.379892638062813,0.12032336315271941
p1289_POS,p1289_POS,plasma,MTBL,B,22.10528368219781,0.1400980002296528
p1658_POS,p1658_POS,plasma,MTBL,B,21.693752916817292,0.13061884680492142
p3295_POS,p3295_POS,plasma,MTBL,B,20.117671541561734,0.15845215309949978
n1637_NEG,n1637_NEG,plasma,MTBL,B,19.88225600017782,0.18107834687648072
n17_NEG,n17_NEG,plasma,MTBL,B,27.878760079445605,0.051817687471269025
p2792_POS,p2792_POS,plasma,MTBL,B,15.35020988470084,0.1707457950456872
"1-Phenyl-1H-pyrazolo[3,4-d]pyrimidin-4-amine_POS","1-Phenyl-1H-pyrazolo[3,4-d]pyrimidin-4-amine_POS",plasma,MTBL,B,11.874270142369815,0.029503580844055577
p3224_POS,p3224_POS,plasma,MTBL,B,19.102713624222652,0.2032407275447916
n1518_NEG,n1518_NEG,plasma,MTBL,B,20.196656048713756,0.1346885070806394
p4747_POS,p4747_POS,plasma,MTBL,B,15.682718080738127,0.1550597549989794
n3205_NEG,n3205_NEG,plasma,MTBL,B,16.844390865241763,0.24911116796857158
NP-022229_POS,NP-022229_POS,plasma,MTBL,B,14.663016811871383,0.1698819558988216
p491_POS,p491_POS,plasma,MTBL,B,23.133079591165995,0.13410870067831482
Indene_POS,Indene_POS,plasma,MTBL,B,16.65015492079629,0.04782925334730592
D-(-)-Glutamine_NEG,D-(-)-Glutamine_NEG,plasma,MTBL,B,24.303967735783985,0.13480844255875546
p489_POS,p489_POS,plasma,MTBL,B,23.133079591165995,0.13410870067831482
n793_NEG,n793_NEG,plasma,MTBL,B,14.828238177161658,0.26470280406873226
p1893_POS,p1893_POS,plasma,MTBL,B,19.41765490261754,0.2605732976988868
p911_POS,p911_POS,plasma,MTBL,B,22.686296006872702,0.10241142777601375
Diethylaminoethyl-Sephacel_POS,Diethylaminoethyl-Sephacel_POS,plasma,MTBL,B,15.802501526665878,0.08362154099833052
p5434_POS,p5434_POS,plasma,MTBL,B,13.637420950811237,0.21506243435565242
p1241_POS,p1241_POS,plasma,MTBL,B,21.428887946547682,0.14725660358279313
p3985_POS,p3985_POS,plasma,MTBL,B,17.368774993063653,0.20792595434223493
n2287_NEG,n2287_NEG,plasma,MTBL,B,19.29255834596303,0.24628574913615786
p275_POS,p275_POS,plasma,MTBL,B,25.01472806708501,0.13517252619802989
Norlidocaine_POS,Norlidocaine_POS,plasma,MTBL,B,16.887276597053827,0.07866552222983358
p3140_POS,p3140_POS,plasma,MTBL,B,12.662921809323493,0.08060457088584538
p5067_POS,p5067_POS,plasma,MTBL,B,18.017432984804536,0.12117562501893886
p803_POS,p803_POS,plasma,MTBL,B,22.60703972047523,0.1963262685949143
n2915_NEG,n2915_NEG,plasma,MTBL,B,9.87991852175899,0.05679868022906387
Ethyl N2-acetyl-L-argininate_POS,Ethyl N2-acetyl-L-argininate_POS,plasma,MTBL,B,13.484071957295619,0.029358188639787564
p2674_POS,p2674_POS,plasma,MTBL,B,16.595115042001403,0.1545505030919223
p1103_POS,p1103_POS,plasma,MTBL,B,15.147859987728856,0.1187159482439224
p5313_POS,p5313_POS,plasma,MTBL,B,12.944245573703787,0.1246017537061741
Sunitinib_POS,Sunitinib_POS,plasma,MTBL,B,12.447093745238956,0.2618842532519201
p4929_POS,p4929_POS,plasma,MTBL,B,12.90928170806762,0.15307650259965744
p2153_POS,p2153_POS,plasma,MTBL,B,20.86592204963756,0.15074712243328925
p3302_POS,p3302_POS,plasma,MTBL,B,12.596471056150053,0.12614718454388374
(E)-3-(2-(1H-Tetrazol-5-YL)vinyl)-6-fluoro-1H-indole_POS,(E)-3-(2-(1H-Tetrazol-5-YL)vinyl)-6-fluoro-1H-indole_POS,plasma,MTBL,B,13.090413694163642,0.20645957201537257
Norfentanyl_POS,Norfentanyl_POS,plasma,MTBL,B,13.691023507480459,0.21170727165373915
p2386_POS,p2386_POS,plasma,MTBL,B,20.243281954840768,0.09165708920102489
p5174_POS,p5174_POS,plasma,MTBL,B,17.957146289383925,0.08720857914289226
p5231_POS,p5231_POS,plasma,MTBL,B,13.546593371740652,0.09267225570990245
p5766_POS,p5766_POS,plasma,MTBL,B,10.495691337214936,0.026726748073731876
p2783_POS,p2783_POS,plasma,MTBL,B,19.346152420275466,0.21172956073286642
p5535_POS,p5535_POS,plasma,MTBL,B,15.688618864647207,0.23814866009340907
p3206_POS,p3206_POS,plasma,MTBL,B,18.717648805760973,0.28441927871286765
p2422_POS,p2422_POS,plasma,MTBL,B,15.697046929834563,0.27359931879644783
p2660_POS,p2660_POS,plasma,MTBL,B,20.123870703333296,0.22711745414366113
"1-(Benzylamino)-3-(3,4-dimethylphenoxy)propan-2-ol_POS","1-(Benzylamino)-3-(3,4-dimethylphenoxy)propan-2-ol_POS",plasma,MTBL,B,14.953435573422354,0.22074967010605562
p2703_POS,p2703_POS,plasma,MTBL,B,19.96896767862706,0.18423298606183636
n1054_NEG,n1054_NEG,plasma,MTBL,B,21.332195175256572,0.27700900571547926
n2697_NEG,n2697_NEG,plasma,MTBL,B,18.683946284885103,0.18223379155688058
p2292_POS,p2292_POS,plasma,MTBL,B,15.511683689125544,0.08253052600176325
p2420_POS,p2420_POS,plasma,MTBL,B,15.576555943904658,0.2976429056243344
Dinorcapsaicin_POS,Dinorcapsaicin_POS,plasma,MTBL,B,13.20741240830185,0.047119119508210794
Clopidol_POS,Clopidol_POS,plasma,MTBL,B,15.926133713191776,0.13529903800716436
p5038_POS,p5038_POS,plasma,MTBL,B,11.320010856962966,0.08697377564615039
p1743_POS,p1743_POS,plasma,MTBL,B,17.58246585886732,0.32343588590642725
p3392_POS,p3392_POS,plasma,MTBL,B,12.92021136969021,0.11689270076076053
p1816_POS,p1816_POS,plasma,MTBL,B,20.429595169826804,0.1057891149090171
p1860_POS,p1860_POS,plasma,MTBL,B,19.911214046857985,0.23838468241060795
p4778_POS,p4778_POS,plasma,MTBL,B,13.806681601085137,0.4405690475434767
p2790_POS,p2790_POS,plasma,MTBL,B,15.679054460096157,0.1616113608187968
p239_POS,p239_POS,plasma,MTBL,B,23.402884831228917,0.26783121683106614
p4687_POS,p4687_POS,plasma,MTBL,B,12.446292621965965,0.029510213533952445
"4:2 fluorotelomer thia hydroxy propyl trimethyl ammonium;4:2 fluorotelomer thia hydroxy propyl trimethyl ammonium;fluorotelomer thiohydroxyl ammonium (Backe, D'Agostino, Meija-Avedano), X:2 fluorotelomer thioether 2-propanol trimethyl quaternary amine_POS","4:2 fluorotelomer thia hydroxy propyl trimethyl ammonium;4:2 fluorotelomer thia hydroxy propyl trimethyl ammonium;fluorotelomer thiohydroxyl ammonium (Backe, D'Agostino, Meija-Avedano), X:2 fluorotelomer thioether 2-propanol trimethyl quaternary amine_POS",plasma,MTBL,B,14.448956097902045,0.1726684052820744
p4764_POS,p4764_POS,plasma,MTBL,B,18.449246035492106,0.22399943699917202
p2860_POS,p2860_POS,plasma,MTBL,B,15.269323820305594,0.18590499373239222
p3101_POS,p3101_POS,plasma,MTBL,B,15.771327519887661,0.24677502206040813
n1642_NEG,n1642_NEG,plasma,MTBL,B,19.606799053118394,0.17271955586176446
p3116_POS,p3116_POS,plasma,MTBL,B,17.843274577919143,0.16698431812520376
p2565_POS,p2565_POS,plasma,MTBL,B,16.266124837457316,0.1377632490574836
p150_POS,p150_POS,plasma,MTBL,B,22.84824075532665,0.30914678672048446
n818_NEG,n818_NEG,plasma,MTBL,B,21.389041785168416,0.16890889839585554
p4850_POS,p4850_POS,plasma,MTBL,B,15.291723249522391,0.16452271272242402
p5409_POS,p5409_POS,plasma,MTBL,B,13.289726827331748,0.2582354532640405
p4656_POS,p4656_POS,plasma,MTBL,B,13.868347852365842,0.11599075659816815
"3'-Glucosyl-2',4',6'-trihydroxyacetophenone_NEG","3'-Glucosyl-2',4',6'-trihydroxyacetophenone_NEG",plasma,MTBL,B,13.0259079999167,0.15040343063236783
n2392_NEG,n2392_NEG,plasma,MTBL,B,15.214167429593953,0.2427908971292272
p4777_POS,p4777_POS,plasma,MTBL,B,16.57390917989384,0.23696392952895273
p1072_POS,p1072_POS,plasma,MTBL,B,14.65494923745842,0.13371662113321925
p4707_POS,p4707_POS,plasma,MTBL,B,14.557827094991001,0.1565025044591799
n1124_NEG,n1124_NEG,plasma,MTBL,B,21.782321660669137,0.1275961706108486
n3625_NEG,n3625_NEG,plasma,MTBL,B,13.00307667023309,0.08758000927216614
n2560_NEG,n2560_NEG,plasma,MTBL,B,18.238693744723662,0.3044558546624767
p4279_POS,p4279_POS,plasma,MTBL,B,17.250573175720078,0.2668707595047355
p2388_POS,p2388_POS,plasma,MTBL,B,20.243281954840768,0.09165708920102489
p2946_POS,p2946_POS,plasma,MTBL,B,15.776928514034456,0.2933455502957898
p4627_POS,p4627_POS,plasma,MTBL,B,14.60686540632259,0.7404274068291947
Choline_POS,Choline_POS,plasma,MTBL,B,23.994568598118974,0.30907477445855847
p3487_POS,p3487_POS,plasma,MTBL,B,18.773110255147586,0.18855693212956304
p5757_POS,p5757_POS,plasma,MTBL,B,11.1601698727867,0.12030944785116393
p2821_POS,p2821_POS,plasma,MTBL,B,19.035994405222368,0.19582391641897345
p81_POS,p81_POS,plasma,MTBL,B,25.725808955459463,0.13799390518325083
p4173_POS,p4173_POS,plasma,MTBL,B,18.85266046336234,0.28171519752759977
"4-methoxyphenyl 3,5-dimethyl-1-phenyl-1H-pyrazole-4-carboxylate_POS","4-methoxyphenyl 3,5-dimethyl-1-phenyl-1H-pyrazole-4-carboxylate_POS",plasma,MTBL,B,12.283973836692287,0.17017543163780502
n370_NEG,n370_NEG,plasma,MTBL,B,23.574351715010316,0.11524598891601912
p2083_POS,p2083_POS,plasma,MTBL,B,20.1991670361227,0.1595277715834591
n1771_NEG,n1771_NEG,plasma,MTBL,B,19.398984386027337,0.14104940169618807
p4768_POS,p4768_POS,plasma,MTBL,B,13.210182740232154,0.6564943356566966
p5247_POS,p5247_POS,plasma,MTBL,B,11.841234757125065,0.1094681164456226
Acrylic acid_NEG,Acrylic acid_NEG,plasma,MTBL,B,21.188980625906787,0.13975569077752859
p1714_POS,p1714_POS,plasma,MTBL,B,19.444367968073145,0.14271322102058726
p4608_POS,p4608_POS,plasma,MTBL,B,13.99619323896519,0.21101884990739883
4-Aminobenzoic acid_POS,4-Aminobenzoic acid_POS,plasma,MTBL,B,19.37042619866663,1.1820963991162472
p1100_POS,p1100_POS,plasma,MTBL,B,20.891687446606905,0.18099654016311995
n2798_NEG,n2798_NEG,plasma,MTBL,B,18.262596812609516,0.15006620750626887
p5275_POS,p5275_POS,plasma,MTBL,B,13.55354618363176,0.14547302426610198
p2154_POS,p2154_POS,plasma,MTBL,B,20.90647870992143,0.11553555486459466
n1123_NEG,n1123_NEG,plasma,MTBL,B,21.415260400855804,0.10367305857769438
n1421_NEG,n1421_NEG,plasma,MTBL,B,20.699915755659458,0.15262116980792229
n3101_NEG,n3101_NEG,plasma,MTBL,B,18.047418103374184,0.16546051992398603
p1344_POS,p1344_POS,plasma,MTBL,B,20.135856861254652,0.2224722412591511
n606_NEG,n606_NEG,plasma,MTBL,B,21.519215681116066,0.09977220343829707
p5410_POS,p5410_POS,plasma,MTBL,B,13.604628552873887,0.11415481304885677
p5031_POS,p5031_POS,plasma,MTBL,B,14.640143021531786,0.1008456266634905
n644_NEG,n644_NEG,plasma,MTBL,B,22.213891424777387,0.22236108257672704
p2191_POS,p2191_POS,plasma,MTBL,B,18.70897814325133,0.2990670202996579
"2-Methyl-N-(3-morpholinopropyl)-1,5-diphenyl-1H-pyrrole-3-carboxamide_POS","2-Methyl-N-(3-morpholinopropyl)-1,5-diphenyl-1H-pyrrole-3-carboxamide_POS",plasma,MTBL,B,11.749552182181496,0.03917220568193791
p3491_POS,p3491_POS,plasma,MTBL,B,13.979922629117558,0.16134394778961614
p4584_POS,p4584_POS,plasma,MTBL,B,18.49170342657476,0.2147561873392494
Acetyl-β-methylcholine_POS,Acetyl-β-methylcholine_POS,plasma,MTBL,B,19.09509155345665,0.3802362729091229
p2986_POS,p2986_POS,plasma,MTBL,B,16.93504292721165,0.3172690495528574
Valine_POS,Valine_POS,plasma,MTBL,B,26.625798686442288,0.24387934063968686
p4920_POS,p4920_POS,plasma,MTBL,B,13.118679431899878,0.03711954070482815
p3155_POS,p3155_POS,plasma,MTBL,B,15.115900380296221,0.1335039616874667
Proline_POS,Proline_POS,plasma,MTBL,B,25.64024401094978,0.30329982796111565
p4187_POS,p4187_POS,plasma,MTBL,B,13.614569009121873,0.04727464366377898
p3156_POS,p3156_POS,plasma,MTBL,B,13.251362339737458,0.04782925334730326
"1-{4-[(3S)-3-(5-Phenyl-1,3,4-oxadiazol-2-yl)-1-pyrrolidinyl]-1-piperidinyl}ethanone_POS","1-{4-[(3S)-3-(5-Phenyl-1,3,4-oxadiazol-2-yl)-1-pyrrolidinyl]-1-piperidinyl}ethanone_POS",plasma,MTBL,B,12.736076172704951,0.1272342535020048
p5686_POS,p5686_POS,plasma,MTBL,B,11.292638835275877,0.16437706079258962
p1242_POS,p1242_POS,plasma,MTBL,B,22.16313622983273,0.1441596435765451
p2789_POS,p2789_POS,plasma,MTBL,B,15.47003507875577,0.15685436068255143
p2612_POS,p2612_POS,plasma,MTBL,B,18.96907369484675,0.2220309641526228
Tanomastat_NEG,Tanomastat_NEG,plasma,MTBL,B,16.757664728537975,0.3669145780868224
n2883_NEG,n2883_NEG,plasma,MTBL,B,14.59199723569109,0.33238822550849534
n622_NEG,n622_NEG,plasma,MTBL,B,22.52123879190605,0.13004513173421017
p4264_POS,p4264_POS,plasma,MTBL,B,13.651942093845493,0.1229747344442309
p1853_POS,p1853_POS,plasma,MTBL,B,20.645658848673648,0.06830943704417791
p4772_POS,p4772_POS,plasma,MTBL,B,14.198985139236045,0.2599754904655889
p4461_POS,p4461_POS,plasma,MTBL,B,12.114487798099793,0.0476430656871365
Cocaine_POS,Cocaine_POS,plasma,MTBL,B,15.183623948613356,0.196404546137936
p5776_POS,p5776_POS,plasma,MTBL,B,10.71143852973429,0.14558560260754838
2-Furanmethanol_POS,2-Furanmethanol_POS,plasma,MTBL,B,17.391573688928894,0.19506003597303945
p1063_POS,p1063_POS,plasma,MTBL,B,21.564211755190737,0.14088511522522573
p5212_POS,p5212_POS,plasma,MTBL,B,12.486071392814544,0.03777330662949829
p5731_POS,p5731_POS,plasma,MTBL,B,15.267117221198937,0.04170832844158756
(S)-(+)-2-Amino-1-propanol_POS,(S)-(+)-2-Amino-1-propanol_POS,plasma,MTBL,B,19.17026091148969,0.5842592598419181
p4287_POS,p4287_POS,plasma,MTBL,B,12.557470786923327,0.14299450523383683
p4378_POS,p4378_POS,plasma,MTBL,B,17.9977569257758,0.2219055195798152
p3794_POS,p3794_POS,plasma,MTBL,B,13.321551418151984,0.04324938953619739
D3-Alanine-ISTD_POS,D3-Alanine-ISTD_POS,plasma,MTBL,B,22.099882234162678,0.12845850842823836
p2868_POS,p2868_POS,plasma,MTBL,B,19.022334083015437,0.3710462755764059
Acetylhomoserine_POS,Acetylhomoserine_POS,plasma,MTBL,B,19.510189443393017,0.2413643732772357
p2170_POS,p2170_POS,plasma,MTBL,B,20.088034111835235,0.22568074243597813
n3603_NEG,n3603_NEG,plasma,MTBL,B,12.191419759238844,0.035181302575731266
p4111_POS,p4111_POS,plasma,MTBL,B,17.012471497608487,0.2026628810467237
p3610_POS,p3610_POS,plasma,MTBL,B,18.345482846710382,0.22784597846310461
Ethephon_POS,Ethephon_POS,plasma,MTBL,B,19.21962930915079,0.16405535211472078
p448_POS,p448_POS,plasma,MTBL,B,23.19324270779092,0.11520086963164466
p2522_POS,p2522_POS,plasma,MTBL,B,14.891246582321418,0.1954462857701884
p3802_POS,p3802_POS,plasma,MTBL,B,19.11457633633272,0.28092118921140496
p897_POS,p897_POS,plasma,MTBL,B,20.969663107684546,0.3839864205474637
p1098_POS,p1098_POS,plasma,MTBL,B,19.69322304576842,0.316457147816795
Triisobutyl phosphate_POS,Triisobutyl phosphate_POS,plasma,MTBL,B,12.198429916207209,0.16285916231666242
p5512_POS,p5512_POS,plasma,MTBL,B,13.14919841570963,0.12628305416144237
p5415_POS,p5415_POS,plasma,MTBL,B,12.659832651793879,0.1334392251628067
2-Hydroxy-4-oxopentanoic acid_NEG,2-Hydroxy-4-oxopentanoic acid_NEG,plasma,MTBL,B,21.913742757655616,0.15809460905655648
p3425_POS,p3425_POS,plasma,MTBL,B,18.695571801929326,0.20477169227290482
p3943_POS,p3943_POS,plasma,MTBL,B,18.523717619770093,0.18979672636545075
p5106_POS,p5106_POS,plasma,MTBL,B,12.044945283307582,0.030284088090944294
p4524_POS,p4524_POS,plasma,MTBL,B,14.194654746802517,0.11198564402945177
p554_POS,p554_POS,plasma,MTBL,B,23.020559982912953,0.17376322298150093
"Bis(dethio)-10a-methylthio-3a-deoxy-3,3a-didehydrogliotoxin_POS","Bis(dethio)-10a-methylthio-3a-deoxy-3,3a-didehydrogliotoxin_POS",plasma,MTBL,B,15.051250788156441,0.12871347463640426
p3947_POS,p3947_POS,plasma,MTBL,B,14.47694147529213,0.14488038301088046
p3690_POS,p3690_POS,plasma,MTBL,B,14.081261190835434,0.07509055318775193
p3366_POS,p3366_POS,plasma,MTBL,B,18.564908019948383,0.3269701296019516
Methylone_POS,Methylone_POS,plasma,MTBL,B,13.743078171359883,0.20354984118575548
p100_POS,p100_POS,plasma,MTBL,B,26.278137332145377,0.1953183759608521
4-Acetamidobutanoic acid_POS,4-Acetamidobutanoic acid_POS,plasma,MTBL,B,17.153558718077768,0.25465577022896824
2-Methylbutyroylcarnitine_NEG,2-Methylbutyroylcarnitine_NEG,plasma,MTBL,B,12.465641456578812,0.054030761321914866
WS75624 B_POS,WS75624 B_POS,plasma,MTBL,B,12.385575568860885,0.12453980032682388
"2-(2-Thienylmethylene)-1,6-dioxaspiro[4.4]non-3-ene_POS","2-(2-Thienylmethylene)-1,6-dioxaspiro[4.4]non-3-ene_POS",plasma,MTBL,B,27.27692910956646,0.16124331099210742
p5153_POS,p5153_POS,plasma,MTBL,B,11.064856824756648,0.15939127592073277
p4135_POS,p4135_POS,plasma,MTBL,B,12.661345627529329,0.09179764823925929
p2932_POS,p2932_POS,plasma,MTBL,B,17.311507261439274,0.20646899758798654
p1944_POS,p1944_POS,plasma,MTBL,B,14.454119739839784,0.28358297224557116
p2826_POS,p2826_POS,plasma,MTBL,B,20.4628750949783,0.1760698350104395
alpha-Ketoisovaleric acid_NEG,alpha-Ketoisovaleric acid_NEG,plasma,MTBL,B,18.79936056921762,0.21923611477135196
D-Serine_POS,D-Serine_POS,plasma,MTBL,B,22.644611552421132,0.23185005959084393
p2327_POS,p2327_POS,plasma,MTBL,B,13.647446851504402,0.05556504164203613
n3850_NEG,n3850_NEG,plasma,MTBL,B,9.713330717458852,0.02934091258955185
p730_POS,p730_POS,plasma,MTBL,B,20.288462414738902,0.2484630492582074
p1215_POS,p1215_POS,plasma,MTBL,B,22.480566890133478,0.07082003171225715
n413_NEG,n413_NEG,plasma,MTBL,B,23.294546871208524,0.1202551359115418
Ritodrine_POS,Ritodrine_POS,plasma,MTBL,B,15.095690746570373,0.2501139456609822
Benzoylecgonine_POS,Benzoylecgonine_POS,plasma,MTBL,B,13.595495547668943,0.08049934845269302
p4740_POS,p4740_POS,plasma,MTBL,B,12.624117602069802,0.24295818952411175
p2673_POS,p2673_POS,plasma,MTBL,B,12.514465729237697,0.1404313824246355
p2181_POS,p2181_POS,plasma,MTBL,B,20.797567488313263,0.2003601237778163
p3588_POS,p3588_POS,plasma,MTBL,B,14.616535987494842,0.24542796385761356
L-Cystine_POS,L-Cystine_POS,plasma,MTBL,B,23.525978138628616,0.22700836722764173
p838_POS,p838_POS,plasma,MTBL,B,21.929372301960264,0.24649379762506207
O-Desmethylvenlafaxine_POS,O-Desmethylvenlafaxine_POS,plasma,MTBL,B,13.00077854090081,0.027325228065269158
p2545_POS,p2545_POS,plasma,MTBL,B,17.74872699291659,0.35319291240733364
p1513_POS,p1513_POS,plasma,MTBL,B,20.664953657505997,0.14858210804538707
N-Acetyl-L-carnosine_POS,N-Acetyl-L-carnosine_POS,plasma,MTBL,B,15.961548563999333,0.313282568379341
p1753_POS,p1753_POS,plasma,MTBL,B,13.558288161258737,0.15684184648866673
p793_POS,p793_POS,plasma,MTBL,B,13.129587101371362,0.18161536870083417
p3763_POS,p3763_POS,plasma,MTBL,B,15.101123090871436,0.14772895420312526
p2809_POS,p2809_POS,plasma,MTBL,B,20.641150672470495,0.12990826564678493
n1776_NEG,n1776_NEG,plasma,MTBL,B,19.165962897595577,0.19574317309772482
p4804_POS,p4804_POS,plasma,MTBL,B,15.16421687620559,0.18582128898148031
p4616_POS,p4616_POS,plasma,MTBL,B,13.633689867037612,0.058882869168271235
p4165_POS,p4165_POS,plasma,MTBL,B,15.906378388794092,0.18333186405066115
p1339_POS,p1339_POS,plasma,MTBL,B,15.600029961980468,1.1840506509545339
Bis(cyano-kappaC)iron_POS,Bis(cyano-kappaC)iron_POS,plasma,MTBL,B,19.51905211425119,0.1742318101201814
p5485_POS,p5485_POS,plasma,MTBL,B,13.104797034095439,0.14389829706582447
1-Methyl-4-nitroimidazole_POS,1-Methyl-4-nitroimidazole_POS,plasma,MTBL,B,13.943348950888064,0.19899830108326455
p4859_POS,p4859_POS,plasma,MTBL,B,12.39560191278937,0.2481840280229548
n914_NEG,n914_NEG,plasma,MTBL,B,21.904288296216464,0.09746202810213944
n3497_NEG,n3497_NEG,plasma,MTBL,B,15.618926652270277,0.21516420743611953
n3769_NEG,n3769_NEG,plasma,MTBL,B,10.333832565896373,0.05679868022906742
p3809_POS,p3809_POS,plasma,MTBL,B,14.16533106157517,0.07727619963260413
Verapamil  metabolite D-617_POS,Verapamil  metabolite D-617_POS,plasma,MTBL,B,14.877327758923759,0.1866084018849934
p2023_POS,p2023_POS,plasma,MTBL,B,16.79291083958981,0.3203331647994325
Penicillamine disulfide_POS,Penicillamine disulfide_POS,plasma,MTBL,B,12.443938552951732,0.029047256299839397
n1471_NEG,n1471_NEG,plasma,MTBL,B,17.979308079404245,0.2327975451981672
p4888_POS,p4888_POS,plasma,MTBL,B,15.631522921457016,0.12350975272136022
p2704_POS,p2704_POS,plasma,MTBL,B,19.97229402357727,0.18046331007157868
p5723_POS,p5723_POS,plasma,MTBL,B,11.140656399363783,0.04343735724623432
n1579_NEG,n1579_NEG,plasma,MTBL,B,17.311526070041907,0.1967563037892539
n3284_NEG,n3284_NEG,plasma,MTBL,B,10.174265787657234,0.026741422176057128
n3404_NEG,n3404_NEG,plasma,MTBL,B,12.328769272570415,0.16196853270119682
p1217_POS,p1217_POS,plasma,MTBL,B,19.408992512153624,0.29496557616920605
p1647_POS,p1647_POS,plasma,MTBL,B,15.336364103158157,0.16891351518358988
p3510_POS,p3510_POS,plasma,MTBL,B,18.674095567987294,0.13930185517928173
n1513_NEG,n1513_NEG,plasma,MTBL,B,17.903104717737413,0.272028394293681
p3468_POS,p3468_POS,plasma,MTBL,B,14.847904822749221,0.43141571727136974
p4076_POS,p4076_POS,plasma,MTBL,B,15.798793377774075,0.22257665638818303
n2312_NEG,n2312_NEG,plasma,MTBL,B,17.547610683940167,0.39099191852184134
p4752_POS,p4752_POS,plasma,MTBL,B,14.989994251429135,0.16801158820138262
p1276_POS,p1276_POS,plasma,MTBL,B,21.28489068207194,0.16369533756944854
n1685_NEG,n1685_NEG,plasma,MTBL,B,18.653123058851723,0.2000721860730259
p4476_POS,p4476_POS,plasma,MTBL,B,17.89440964408319,0.26907018835841257
n3169_NEG,n3169_NEG,plasma,MTBL,B,12.723505423520269,0.03171404083092799
p4537_POS,p4537_POS,plasma,MTBL,B,14.34713058543575,0.1436531372946206
p5551_POS,p5551_POS,plasma,MTBL,B,12.909153780313305,0.12561326940851192
n309_NEG,n309_NEG,plasma,MTBL,B,23.832700632171516,0.12808380168612388
p4746_POS,p4746_POS,plasma,MTBL,B,14.25083734501564,0.23836079645211328
p4718_POS,p4718_POS,plasma,MTBL,B,13.663407488803173,0.22406552855060813
p4800_POS,p4800_POS,plasma,MTBL,B,15.733307261579839,0.10788857819398334
p5503_POS,p5503_POS,plasma,MTBL,B,12.587349138579242,0.1064686749534518
p214_POS,p214_POS,plasma,MTBL,B,25.396985596955886,0.13691122371537467
p2967_POS,p2967_POS,plasma,MTBL,B,18.965673044647424,0.0839497730255534
p3647_POS,p3647_POS,plasma,MTBL,B,14.985899805998713,0.3109821471898462
p5146_POS,p5146_POS,plasma,MTBL,B,13.712382250602175,0.1788721333689729
p5749_POS,p5749_POS,plasma,MTBL,B,12.710630664578016,0.11442938635716349
p4817_POS,p4817_POS,plasma,MTBL,B,13.980802274450014,0.11633165839616577
Suberic acid_POS,Suberic acid_POS,plasma,MTBL,B,19.236865627629445,0.07037325031888564
Guanine_POS,Guanine_POS,plasma,MTBL,B,14.105583791976091,0.19915734196835633
p3950_POS,p3950_POS,plasma,MTBL,B,14.694918798859032,0.047243296748157526
p3497_POS,p3497_POS,plasma,MTBL,B,15.462103457373582,0.36496269063982645
p411_POS,p411_POS,plasma,MTBL,B,24.500003079790318,0.13700657926229098
O-Desmethyl-lacosamide_POS,O-Desmethyl-lacosamide_POS,plasma,MTBL,B,14.359289189506086,0.11196452957892866
n3671_NEG,n3671_NEG,plasma,MTBL,B,9.406527611388682,0.08485518296405115
p2410_POS,p2410_POS,plasma,MTBL,B,13.805641442244465,0.15513328465802
3-Hydroxypyridine_POS,3-Hydroxypyridine_POS,plasma,MTBL,B,17.043878371708512,0.7173066871057436
Acetyl-L-carnitine_POS,Acetyl-L-carnitine_POS,plasma,MTBL,B,23.959459475515615,0.3450348089878261
n2154_NEG,n2154_NEG,plasma,MTBL,B,16.05240858079385,0.28152814197279064
p4025_POS,p4025_POS,plasma,MTBL,B,11.732964685855514,0.1839712279829664
p4641_POS,p4641_POS,plasma,MTBL,B,14.061485723602352,0.20460435386399745
n1802_NEG,n1802_NEG,plasma,MTBL,B,17.801455494919793,0.2865914657363966
p2439_POS,p2439_POS,plasma,MTBL,B,15.924551646832036,0.19185425538809486
D4-Taurine-ISTD_NEG,D4-Taurine-ISTD_NEG,plasma,MTBL,B,21.745202741203403,0.08505301602120419
D-(-)-Lyxose_NEG,D-(-)-Lyxose_NEG,plasma,MTBL,B,17.798400032168047,0.4393350666126796
Miglitol_NEG,Miglitol_NEG,plasma,MTBL,B,19.44564826801481,0.2503357364136729
p461_POS,p461_POS,plasma,MTBL,B,21.428132911510218,0.17382798563047963
n1647_NEG,n1647_NEG,plasma,MTBL,B,19.920175343600672,0.18196554006846277
D3-Lactate_NEG,D3-Lactate_NEG,plasma,MTBL,B,21.384102335266533,0.1289166676649547
p5791_POS,p5791_POS,plasma,MTBL,B,11.581958737741148,0.2451411048156089
p3127_POS,p3127_POS,plasma,MTBL,B,19.108594403304362,0.19616678969976675
n101_NEG,n101_NEG,plasma,MTBL,B,25.44320894440993,0.07789177601602049
p4213_POS,p4213_POS,plasma,MTBL,B,14.261747827799637,0.20773457027879783
p3858_POS,p3858_POS,plasma,MTBL,B,15.483675939664042,0.3257425791983639
Megazol_POS,Megazol_POS,plasma,MTBL,B,26.09177935868869,0.18752575594076148
Pyrrolidine_POS,Pyrrolidine_POS,plasma,MTBL,B,23.278288555602654,0.25337344660865213
p4492_POS,p4492_POS,plasma,MTBL,B,12.938733778387842,0.11165760503496092
p1587_POS,p1587_POS,plasma,MTBL,B,22.12213026419078,0.13274686317828
p2387_POS,p2387_POS,plasma,MTBL,B,20.226028223251316,0.09557972800232584
p1635_POS,p1635_POS,plasma,MTBL,B,20.72857522722247,0.1784380380159334
n663_NEG,n663_NEG,plasma,MTBL,B,21.52262605438606,0.17754676694724125
2-Oxopropyl 2-oxopropanoate_NEG,2-Oxopropyl 2-oxopropanoate_NEG,plasma,MTBL,B,23.127851318446922,0.15203401101289948
p2927_POS,p2927_POS,plasma,MTBL,B,15.657500358635104,0.14205157398621093
p1425_POS,p1425_POS,plasma,MTBL,B,22.014594164508708,0.19972030422298737
LysoPC(6:0/0:0)_POS,LysoPC(6:0/0:0)_POS,plasma,MTBL,B,11.576271946012657,0.1217534163087457
p337_POS,p337_POS,plasma,MTBL,B,24.443787979277687,0.1289552131663534
3-Hydroxyhexanoylcarnitine_POS,3-Hydroxyhexanoylcarnitine_POS,plasma,MTBL,B,12.76185932894035,0.030580141838595587
Etifoxine_POS,Etifoxine_POS,plasma,MTBL,B,13.622615891609236,0.1175580627441164
p1418_POS,p1418_POS,plasma,MTBL,B,18.773723805382218,0.30601496970528075
p4117_POS,p4117_POS,plasma,MTBL,B,12.936221980025284,0.026698390175631914
Benzatropine_POS,Benzatropine_POS,plasma,MTBL,B,12.31527465740492,0.15938158870799235
n489_NEG,n489_NEG,plasma,MTBL,B,21.83718024550277,0.1824680435558399
n607_NEG,n607_NEG,plasma,MTBL,B,22.083105607797574,0.1291548079828022
n1837_NEG,n1837_NEG,plasma,MTBL,B,19.207877341193957,0.3404083845892405
Dimethyl sulfone_POS,Dimethyl sulfone_POS,plasma,MTBL,B,16.04141337767053,0.24259072102278267
L-Isoleucine_POS,L-Isoleucine_POS,plasma,MTBL,B,26.000808519579742,0.2898504712288581
p5620_POS,p5620_POS,plasma,MTBL,B,12.817476960313666,0.13120453951163746
p4628_POS,p4628_POS,plasma,MTBL,B,14.57673706763588,0.7538685523514115
p3074_POS,p3074_POS,plasma,MTBL,B,18.252784265163932,0.24030650812555798
p1020_POS,p1020_POS,plasma,MTBL,B,18.514844527851103,0.2742494426898201
p2504_POS,p2504_POS,plasma,MTBL,B,16.066324575160635,0.14482180234531405
NP-022371_POS,NP-022371_POS,plasma,MTBL,B,11.767492448909112,0.11554982767681299
p4703_POS,p4703_POS,plasma,MTBL,B,16.496449860698718,0.2046859528293492
p5108_POS,p5108_POS,plasma,MTBL,B,12.310803004781008,0.03288645951702218
L-Citronellol glucoside_POS,L-Citronellol glucoside_POS,plasma,MTBL,B,11.663444905282319,0.1426123170477407
p2788_POS,p2788_POS,plasma,MTBL,B,15.352489942441974,0.17074579504568632
Neoenactin NL1_POS,Neoenactin NL1_POS,plasma,MTBL,B,13.231958495807591,0.17224135806193264
p3611_POS,p3611_POS,plasma,MTBL,B,13.729036375844265,0.04913884297618232
Fortimicin B_POS,Fortimicin B_POS,plasma,MTBL,B,13.528786237573648,0.222665401161386
p4385_POS,p4385_POS,plasma,MTBL,B,13.80174993299179,0.1736360763978002
p5760_POS,p5760_POS,plasma,MTBL,B,9.686062163561907,0.026843749801583883
Quinolonic acid_POS,Quinolonic acid_POS,plasma,MTBL,B,20.80388700234013,0.2190173870505152
n3756_NEG,n3756_NEG,plasma,MTBL,B,14.89075672447789,0.2946339258853312
p3988_POS,p3988_POS,plasma,MTBL,B,13.499154905379115,0.13427749527205268
N-(4-Aminobutyl)-2-Naphthalenesulfonamide_POS,N-(4-Aminobutyl)-2-Naphthalenesulfonamide_POS,plasma,MTBL,B,15.943935995255725,0.15180562246922857
n1366_NEG,n1366_NEG,plasma,MTBL,B,20.442829618516132,0.1437473644477727
p2931_POS,p2931_POS,plasma,MTBL,B,17.295795191887265,0.18554407246583082
p5304_POS,p5304_POS,plasma,MTBL,B,12.693134290587038,0.16096390824148088
p5650_POS,p5650_POS,plasma,MTBL,B,13.41011616002304,0.2684606876385969
p2190_POS,p2190_POS,plasma,MTBL,B,18.66729434830891,0.2887276428017138
p4893_POS,p4893_POS,plasma,MTBL,B,13.618207519660533,0.07370038374626109
p671_POS,p671_POS,plasma,MTBL,B,21.20968027767662,0.3139296148294406
p3938_POS,p3938_POS,plasma,MTBL,B,13.938381255885407,0.22380434828213147
n455_NEG,n455_NEG,plasma,MTBL,B,23.076615821446623,0.12872863763742615
p503_POS,p503_POS,plasma,MTBL,B,23.126714332497805,0.15308533169256222
n1536_NEG,n1536_NEG,plasma,MTBL,B,20.061528767643466,0.17699393612665304
n662_NEG,n662_NEG,plasma,MTBL,B,21.52262605438606,0.17828808366097704
p1214_POS,p1214_POS,plasma,MTBL,B,22.435388831786828,0.0740860315257379
n1654_NEG,n1654_NEG,plasma,MTBL,B,18.278404733304104,0.2044006185134144
n2197_NEG,n2197_NEG,plasma,MTBL,B,19.12160333294097,0.2322724619097336
p5598_POS,p5598_POS,plasma,MTBL,B,12.959760711119301,0.12952385749949524
p2303_POS,p2303_POS,plasma,MTBL,B,20.21954538080569,0.2440281020241386
p2020_POS,p2020_POS,plasma,MTBL,B,11.885660283676701,0.04520436056242527
p4013_POS,p4013_POS,plasma,MTBL,B,18.17046539022989,0.18714127340859754
p5688_POS,p5688_POS,plasma,MTBL,B,12.474862448687677,0.12697872230779783
L-Kynurenine_POS,L-Kynurenine_POS,plasma,MTBL,B,19.741060389117408,0.21596752992353352
p4955_POS,p4955_POS,plasma,MTBL,B,12.721450608245707,0.21199935036226858
p2074_POS,p2074_POS,plasma,MTBL,B,12.314859625980489,0.15427016478886912
n656_NEG,n656_NEG,plasma,MTBL,B,15.172094415903967,0.2481314791184701
p3351_POS,p3351_POS,plasma,MTBL,B,18.816147462561297,0.1550886165522165
p1536_POS,p1536_POS,plasma,MTBL,B,16.20634320371487,0.10835704109174671
p1911_POS,p1911_POS,plasma,MTBL,B,19.993501377027737,0.13158702647306164
p223_POS,p223_POS,plasma,MTBL,B,21.664202885284105,0.10505454431651984
p5450_POS,p5450_POS,plasma,MTBL,B,12.949507567199962,0.20682602998976218
n3080_NEG,n3080_NEG,plasma,MTBL,B,12.880543274701832,0.034498265416168294
2-Pyrrolidinone_POS,2-Pyrrolidinone_POS,plasma,MTBL,B,26.593517750826074,0.23580461093217586
p5137_POS,p5137_POS,plasma,MTBL,B,14.033484207315862,0.20409735374753968
Cyclo(D-Tyr- L-Leu)_POS,Cyclo(D-Tyr- L-Leu)_POS,plasma,MTBL,B,13.559709477605864,0.14305118931931915
p2503_POS,p2503_POS,plasma,MTBL,B,12.58952371072259,0.4207097420549504
p3711_POS,p3711_POS,plasma,MTBL,B,17.25287964720237,0.1812056567101923
p2719_POS,p2719_POS,plasma,MTBL,B,13.287204805859597,0.04400457746893771
p1749_POS,p1749_POS,plasma,MTBL,B,20.00544663718729,0.23254157074087622
n898_NEG,n898_NEG,plasma,MTBL,B,19.48148622584344,0.23488827220026565
n2632_NEG,n2632_NEG,plasma,MTBL,B,13.656862662642856,0.10710675126295577
NAPQI_POS,NAPQI_POS,plasma,MTBL,B,12.609664460085076,0.2089640470121754
Imazamethabenz-methyl_POS,Imazamethabenz-methyl_POS,plasma,MTBL,B,13.33156625848083,0.0841410907907365
p4043_POS,p4043_POS,plasma,MTBL,B,16.451288661447123,0.28751451174374587
n1927_NEG,n1927_NEG,plasma,MTBL,B,19.747193985482937,0.11066044947217257
3-Methylcrotonylglycine_POS,3-Methylcrotonylglycine_POS,plasma,MTBL,B,14.343049923829929,0.04728646587354124
p5615_POS,p5615_POS,plasma,MTBL,B,12.258037937939356,0.08060457088584716
L-Valine_NEG,L-Valine_NEG,plasma,MTBL,B,16.604432145022468,0.46177403565249087
n2285_NEG,n2285_NEG,plasma,MTBL,B,16.68824449091674,0.06920377277952916
Doxylamine_POS,Doxylamine_POS,plasma,MTBL,B,17.10154229156249,0.18926795671804264
p2624_POS,p2624_POS,plasma,MTBL,B,16.564022237224343,0.2961175274923491
1-Methylinosine_POS,1-Methylinosine_POS,plasma,MTBL,B,16.258426377622268,0.43143155981892
p3047_POS,p3047_POS,plasma,MTBL,B,13.114901009047676,0.04735862864779339
p1022_POS,p1022_POS,plasma,MTBL,B,20.35737622497731,0.07949639441862111
n1876_NEG,n1876_NEG,plasma,MTBL,B,19.52842900767024,0.20824360797874597
n2564_NEG,n2564_NEG,plasma,MTBL,B,13.15889556174044,0.03578535790441251
p4595_POS,p4595_POS,plasma,MTBL,B,12.369565463760486,0.07181051810009542
p4189_POS,p4189_POS,plasma,MTBL,B,13.19714798673197,0.12508597393777787
Tripelennamine_POS,Tripelennamine_POS,plasma,MTBL,B,12.552502575072673,0.13159574940804575
p3225_POS,p3225_POS,plasma,MTBL,B,19.102713624222652,0.20801761444892897
p12_POS,p12_POS,plasma,MTBL,B,28.535219337830377,0.1411129725775826
n2170_NEG,n2170_NEG,plasma,MTBL,B,17.910711812343727,0.4488330591863061
n1677_NEG,n1677_NEG,plasma,MTBL,B,20.085036557565658,0.13579388350919963
3-Methyluridine_POS,3-Methyluridine_POS,plasma,MTBL,B,15.720916657431605,0.37666806347224124
p2469_POS,p2469_POS,plasma,MTBL,B,19.775181046267768,0.1370064415703638
p3472_POS,p3472_POS,plasma,MTBL,B,18.75000258777594,0.3811503793399318
Malondialdehyde_POS,Malondialdehyde_POS,plasma,MTBL,B,21.64656517666053,0.21999519852444926
p2784_POS,p2784_POS,plasma,MTBL,B,13.24103336175564,0.13552487809908076
p4159_POS,p4159_POS,plasma,MTBL,B,13.866856141029885,0.1742265841979984
But-2-enedial_NEG,But-2-enedial_NEG,plasma,MTBL,B,23.127851318446922,0.15203401101289948
p2702_POS,p2702_POS,plasma,MTBL,B,16.537852829396215,0.28025190152305157
n3129_NEG,n3129_NEG,plasma,MTBL,B,18.122651541226816,0.09348435116471698
p1824_POS,p1824_POS,plasma,MTBL,B,13.65604121177773,0.14257789536896315
p487_POS,p487_POS,plasma,MTBL,B,23.015205501204104,0.2289429758613366
p1244_POS,p1244_POS,plasma,MTBL,B,20.440922783434416,0.2339140912641806
p2772_POS,p2772_POS,plasma,MTBL,B,13.399175416374167,0.05012782136489857
p2418_POS,p2418_POS,plasma,MTBL,B,19.874125812250618,0.1348477286052745
Satranidazole_POS,Satranidazole_POS,plasma,MTBL,B,15.28467155388136,0.18725914739414495
p1953_POS,p1953_POS,plasma,MTBL,B,14.157586648552478,0.21842348231114617
p2625_POS,p2625_POS,plasma,MTBL,B,16.578835501711133,0.28596334257337297
p5527_POS,p5527_POS,plasma,MTBL,B,16.008283484971606,0.13483672919430134
p5765_POS,p5765_POS,plasma,MTBL,B,12.732210466531697,0.22763885960315555
p4127_POS,p4127_POS,plasma,MTBL,B,16.46041597361606,0.36350024623104815
p2722_POS,p2722_POS,plasma,MTBL,B,15.564141380702104,0.29481813853382377
p5309_POS,p5309_POS,plasma,MTBL,B,17.50952463175076,0.17580912418931405
p2280_POS,p2280_POS,plasma,MTBL,B,18.785655292321223,0.2833522156213526
p1624_POS,p1624_POS,plasma,MTBL,B,15.075670013209514,0.6930448124341195
"3-(2-methylpropyl)-octahydropyrrolo[1,2-a]pyrazine-1,4-dione_POS","3-(2-methylpropyl)-octahydropyrrolo[1,2-a]pyrazine-1,4-dione_POS",plasma,MTBL,B,13.31401779053889,0.4927601764386127
n357_NEG,n357_NEG,plasma,MTBL,B,22.050235496642966,0.1161804951995915
p4973_POS,p4973_POS,plasma,MTBL,B,17.238185951609534,0.14006317293663884
p3260_POS,p3260_POS,plasma,MTBL,B,14.270698909422247,0.18890120963207213
5-Methyl-1H-pyrazole-3-carboxylic acid_POS,5-Methyl-1H-pyrazole-3-carboxylic acid_POS,plasma,MTBL,B,24.650937841493672,0.21849849416598666
p427_POS,p427_POS,plasma,MTBL,B,22.077673940486754,0.20564818666304419
p4164_POS,p4164_POS,plasma,MTBL,B,15.887085717398202,0.18141489352992846
3-(1H-benzo[d]imidazol-2-yl)-6-ethyl-7-hydroxy-4H-chromen-4-one_POS,3-(1H-benzo[d]imidazol-2-yl)-6-ethyl-7-hydroxy-4H-chromen-4-one_POS,plasma,MTBL,B,13.34302834941413,0.12403112765853574
p1756_POS,p1756_POS,plasma,MTBL,B,20.56757898251039,0.11256902223041898
n2326_NEG,n2326_NEG,plasma,MTBL,B,13.765689807219026,0.12794977961492027
p2633_POS,p2633_POS,plasma,MTBL,B,19.21730222144955,0.16681940423944042
Isobutyrylglycine_POS,Isobutyrylglycine_POS,plasma,MTBL,B,21.559680407177908,0.1866468276396116
n990_NEG,n990_NEG,plasma,MTBL,B,19.332255108737186,0.2663874721393249
n3393_NEG,n3393_NEG,plasma,MTBL,B,16.21227889435835,0.2785262534292663
p2872_POS,p2872_POS,plasma,MTBL,B,19.165608747946045,0.2772649831144509
Tomatidine_POS,Tomatidine_POS,plasma,MTBL,B,13.314551664850399,0.21535729081249233
p4243_POS,p4243_POS,plasma,MTBL,B,18.83471847995626,0.37487830850844794
n1259_NEG,n1259_NEG,plasma,MTBL,B,20.47133627813261,0.26607733812254786
p3218_POS,p3218_POS,plasma,MTBL,B,17.26979006608577,0.4004927517494803
"5-[({(2R,4S,5R)-5-[1-Methyl-3-(2-thienyl)-1H-pyrazol-5-yl]-1-azabicyclo[2.2.2]oct-2-yl}methyl)amino]-5-oxopentanoic acid_NEG","5-[({(2R,4S,5R)-5-[1-Methyl-3-(2-thienyl)-1H-pyrazol-5-yl]-1-azabicyclo[2.2.2]oct-2-yl}methyl)amino]-5-oxopentanoic acid_NEG",plasma,MTBL,B,13.167744166201997,0.0757083951150932
n3514_NEG,n3514_NEG,plasma,MTBL,B,12.074241089773952,0.14105610241495103
p3216_POS,p3216_POS,plasma,MTBL,B,16.705480923992134,0.6060837346402685
p4350_POS,p4350_POS,plasma,MTBL,B,13.681070031335711,0.049132343816561175
p1407_POS,p1407_POS,plasma,MTBL,B,21.087388674503018,0.09315760927612615
p142_POS,p142_POS,plasma,MTBL,B,26.130947649006856,0.12628431716187904
Creatinine_POS,Creatinine_POS,plasma,MTBL,B,24.93732493593565,0.1704188059637417
p3438_POS,p3438_POS,plasma,MTBL,B,17.7114139684522,0.13641122548655815
p3822_POS,p3822_POS,plasma,MTBL,B,19.07696906003951,0.19746331248462567
Mycosporine hydroxyglutamicol_POS,Mycosporine hydroxyglutamicol_POS,plasma,MTBL,B,18.78302899702446,0.182699690505018
p3776_POS,p3776_POS,plasma,MTBL,B,17.252522794252833,0.21596994441578765
n2672_NEG,n2672_NEG,plasma,MTBL,B,17.66880916048168,0.16527197162330332
p1754_POS,p1754_POS,plasma,MTBL,B,13.887911039371135,0.14159577801952583
p984_POS,p984_POS,plasma,MTBL,B,19.48410682262439,0.2481854286383136
p995_POS,p995_POS,plasma,MTBL,B,19.554739244496403,0.2949895251582344
p2501_POS,p2501_POS,plasma,MTBL,B,20.262254209196037,0.28812993936066533
n418_NEG,n418_NEG,plasma,MTBL,B,20.759268919289298,0.19772755954559074
p3891_POS,p3891_POS,plasma,MTBL,B,13.810847860023278,0.1321542701113314
p823_POS,p823_POS,plasma,MTBL,B,21.687314710580438,0.169070222104855
p792_POS,p792_POS,plasma,MTBL,B,17.443613878963145,0.69530120558181
2-(Methylsulfonyl)pyridine_POS,2-(Methylsulfonyl)pyridine_POS,plasma,MTBL,B,12.991493058913331,0.03764647276232935
p3523_POS,p3523_POS,plasma,MTBL,B,18.535065942964188,0.18375882674883748
p4987_POS,p4987_POS,plasma,MTBL,B,14.348980100261224,0.2944183681934849
p340_POS,p340_POS,plasma,MTBL,B,23.756074607450472,0.09319950028179136
4-Hydroxy-2-butenoic acid gamma-lactone_POS,4-Hydroxy-2-butenoic acid gamma-lactone_POS,plasma,MTBL,B,20.466779789522107,0.28232497250507826
p1528_POS,p1528_POS,plasma,MTBL,B,20.718324166007374,0.11417486558838341
p3306_POS,p3306_POS,plasma,MTBL,B,15.367352240982797,0.1341155592278005
Lorbamate_POS,Lorbamate_POS,plasma,MTBL,B,12.872777785685956,0.13331871653135607
p964_POS,p964_POS,plasma,MTBL,B,22.24690986844554,0.309687091541921
p5058_POS,p5058_POS,plasma,MTBL,B,17.446685179612437,0.3474568329770893
n1436_NEG,n1436_NEG,plasma,MTBL,B,19.834039585498353,0.23907625964844215
Amoxicillin_POS,Amoxicillin_POS,plasma,MTBL,B,13.236999365830822,0.0842177717724013
p1737_POS,p1737_POS,plasma,MTBL,B,16.886919956944954,0.41339692860250565
p5335_POS,p5335_POS,plasma,MTBL,B,13.598587990231287,0.14095282489498828
p1745_POS,p1745_POS,plasma,MTBL,B,15.703151959730508,0.15329239482360268
p2500_POS,p2500_POS,plasma,MTBL,B,18.98591040544296,0.403353323401042
Gaburedin B_POS,Gaburedin B_POS,plasma,MTBL,B,17.251046350341777,0.33038595491418654
Colletotricole A_POS,Colletotricole A_POS,plasma,MTBL,B,13.003729261113943,0.05113189921283112
p4662_POS,p4662_POS,plasma,MTBL,B,16.92408902714616,0.39917112366191887
p5221_POS,p5221_POS,plasma,MTBL,B,15.086040968794691,0.1960690943562522
p4532_POS,p4532_POS,plasma,MTBL,B,12.469784309248592,0.15073040655586745
n3817_NEG,n3817_NEG,plasma,MTBL,B,11.821786716088553,0.09691313554994174
p2748_POS,p2748_POS,plasma,MTBL,B,14.46065496310345,0.38246394106962533
n3808_NEG,n3808_NEG,plasma,MTBL,B,9.57627291248486,0.03065747864004642
n2783_NEG,n2783_NEG,plasma,MTBL,B,12.899542428411209,0.03362953725617679
p902_POS,p902_POS,plasma,MTBL,B,20.010020661396783,0.17512519380284175
p2317_POS,p2317_POS,plasma,MTBL,B,15.593062458628388,0.025244551093122958
p3906_POS,p3906_POS,plasma,MTBL,B,13.282685559160564,0.04340557563709435
Nadolol_POS,Nadolol_POS,plasma,MTBL,B,18.618706392658154,0.2784880434283181
p5782_POS,p5782_POS,plasma,MTBL,B,13.002975483205963,0.13835354366884367
n3201_NEG,n3201_NEG,plasma,MTBL,B,12.2504815525953,0.06045649588614399
3-hydroxy-3-methylpentanedioic acid_POS,3-hydroxy-3-methylpentanedioic acid_POS,plasma,MTBL,B,24.410065941234414,0.22787253387842732
p2587_POS,p2587_POS,plasma,MTBL,B,19.093876764990895,0.18565788939487682
n777_NEG,n777_NEG,plasma,MTBL,B,19.9113065548838,0.1779107302473104
4-Thialysine_POS,4-Thialysine_POS,plasma,MTBL,B,13.525054148518223,0.042580217933567255
p3064_POS,p3064_POS,plasma,MTBL,B,18.519146157064682,0.1754121637903161
p927_POS,p927_POS,plasma,MTBL,B,23.31548319782343,0.16831301330689996
p5070_POS,p5070_POS,plasma,MTBL,B,12.618968975611594,0.22549521111521198
3-Deoxy-D-glycero-D-galacto-2-nonulosonic acid_POS,3-Deoxy-D-glycero-D-galacto-2-nonulosonic acid_POS,plasma,MTBL,B,14.312091255657972,0.18402712870219862
p3998_POS,p3998_POS,plasma,MTBL,B,17.458137590636692,0.3089644102744842
p1469_POS,p1469_POS,plasma,MTBL,B,21.01815239773849,0.17933543943494357
Cimaterol_POS,Cimaterol_POS,plasma,MTBL,B,14.507999087876152,0.16949143048239357
p2480_POS,p2480_POS,plasma,MTBL,B,15.448323938711962,0.7372253955402561
p5181_POS,p5181_POS,plasma,MTBL,B,16.905286553523766,0.23599657213945413
n2245_NEG,n2245_NEG,plasma,MTBL,B,19.396832592579717,0.10890897326053839
p1269_POS,p1269_POS,plasma,MTBL,B,22.11677899471486,0.14876820275772573
n1678_NEG,n1678_NEG,plasma,MTBL,B,20.103260211528255,0.1108675609161125
"( Z)-6-benzylidene-3-hydroxymethyl-1,4-dimethyl-3-methylsulfanylpiperazine-2,5-dione_POS","( Z)-6-benzylidene-3-hydroxymethyl-1,4-dimethyl-3-methylsulfanylpiperazine-2,5-dione_POS",plasma,MTBL,B,16.01764329310459,0.13221174817519277
p4155_POS,p4155_POS,plasma,MTBL,B,18.120821831577455,0.26220689655194285
n2614_NEG,n2614_NEG,plasma,MTBL,B,18.191542115281926,0.2471300875424518
p2114_POS,p2114_POS,plasma,MTBL,B,21.17558485806708,0.21602498870906928
p1246_POS,p1246_POS,plasma,MTBL,B,20.181692387429663,0.20768120673155366
"4,4'-Dihydroxydiphenylsulfone_NEG","4,4'-Dihydroxydiphenylsulfone_NEG",plasma,MTBL,B,14.64251123859757,0.09956245186477553
p5690_POS,p5690_POS,plasma,MTBL,B,12.43477430553491,0.25120950934700836
Leucylleucine methyl ester_POS,Leucylleucine methyl ester_POS,plasma,MTBL,B,11.226994325593278,0.040726779328241314
n1134_NEG,n1134_NEG,plasma,MTBL,B,15.787827735227566,0.13806291891674238
Threonine_NEG,Threonine_NEG,plasma,MTBL,B,22.47806659156764,0.2803136506900792
p2161_POS,p2161_POS,plasma,MTBL,B,19.49254304400781,0.15152215342426878
2'-Apo-beta-carotenal_POS,2'-Apo-beta-carotenal_POS,plasma,MTBL,B,16.640051544936064,0.11578621700487268
p5477_POS,p5477_POS,plasma,MTBL,B,12.516455323854654,0.1329369602186521
p338_POS,p338_POS,plasma,MTBL,B,23.756074607450472,0.09319950028179136
p3128_POS,p3128_POS,plasma,MTBL,B,19.021615879116744,0.3942770044888704
"[Similar to: Ethyl 3-hydroxy-5-methyl-6-oxo-1-phenyl-1,6-dihydropyrano[2,3-c]pyrazole-4-carboxylate; ΔMass: -46.0678 Da]_POS","[Similar to: Ethyl 3-hydroxy-5-methyl-6-oxo-1-phenyl-1,6-dihydropyrano[2,3-c]pyrazole-4-carboxylate; ΔMass: -46.0678 Da]_POS",plasma,MTBL,B,22.216940435053303,0.19403688267152752
p1363_POS,p1363_POS,plasma,MTBL,B,19.200450433756927,0.20809182278132
n2800_NEG,n2800_NEG,plasma,MTBL,B,18.292565807440855,0.20433111757038525
"2-Ethylidene-1,5-dimethyl-3,3-diphenylpyrrolidine (EDDP)_POS","2-Ethylidene-1,5-dimethyl-3,3-diphenylpyrrolidine (EDDP)_POS",plasma,MTBL,B,13.193681454077542,0.17522631853722093
p2640_POS,p2640_POS,plasma,MTBL,B,14.950505832289927,0.2311146621506417
Leucylphenylalanine_POS,Leucylphenylalanine_POS,plasma,MTBL,B,15.416208928646746,0.10241733937281339
p1638_POS,p1638_POS,plasma,MTBL,B,19.4315550933863,0.22604941068451012
"H2-D-erythro-Neopterin 2',3'-cyclic phosphate_POS","H2-D-erythro-Neopterin 2',3'-cyclic phosphate_POS",plasma,MTBL,B,20.82116937128111,0.14708706793862802
p4530_POS,p4530_POS,plasma,MTBL,B,12.400484273914572,0.11929578591431245
n2770_NEG,n2770_NEG,plasma,MTBL,B,18.779214194997756,0.13630100848345705
p3284_POS,p3284_POS,plasma,MTBL,B,18.582274375645426,0.17682526451602776
Ureidosuccinic acid_POS,Ureidosuccinic acid_POS,plasma,MTBL,B,12.71151638006165,0.11918690407449084
Acycloguanosine_POS,Acycloguanosine_POS,plasma,MTBL,B,14.155330214045453,0.20475899915596774
p4044_POS,p4044_POS,plasma,MTBL,B,16.451288661447123,0.28751451174374587
n200_NEG,n200_NEG,plasma,MTBL,B,24.63509985176454,0.09356518134100789
p1738_POS,p1738_POS,plasma,MTBL,B,17.015998286658892,0.3822291648824283
p4441_POS,p4441_POS,plasma,MTBL,B,15.51578120733293,0.2449393259510817
p3180_POS,p3180_POS,plasma,MTBL,B,16.5765845280175,0.18083131041138678
n2681_NEG,n2681_NEG,plasma,MTBL,B,18.486041251031132,0.18926100220128816
p687_POS,p687_POS,plasma,MTBL,B,23.806120109466203,0.13938042927105165
p5384_POS,p5384_POS,plasma,MTBL,B,13.512890792622592,0.1271500537906025
p5142_POS,p5142_POS,plasma,MTBL,B,12.80911727353953,0.02587803434512015
Succinic semialdehyde_NEG,Succinic semialdehyde_NEG,plasma,MTBL,B,22.025641892786744,0.15537866122270927
n221_NEG,n221_NEG,plasma,MTBL,B,23.23284389466161,0.145685071174098
DL-Lactic Acid_NEG,DL-Lactic Acid_NEG,plasma,MTBL,B,27.011084280640432,0.22908300876629717
p3166_POS,p3166_POS,plasma,MTBL,B,17.57973140251842,0.27721001933488765
FOSAMINE_POS,FOSAMINE_POS,plasma,MTBL,B,18.673895173158627,0.24730399365643585
p5630_POS,p5630_POS,plasma,MTBL,B,12.526568802045063,0.19553155388454257
p177_POS,p177_POS,plasma,MTBL,B,24.590985325483096,0.10438340644621391
p810_POS,p810_POS,plasma,MTBL,B,20.11799690226662,0.2611558332777548
p3782_POS,p3782_POS,plasma,MTBL,B,12.533211829328781,0.1478296228454532
n2687_NEG,n2687_NEG,plasma,MTBL,B,15.513254512248702,0.3003963704766379
p1110_POS,p1110_POS,plasma,MTBL,B,21.16037383614278,0.1880861489558221
p1585_POS,p1585_POS,plasma,MTBL,B,22.12850795143401,0.16117776202492706
n1684_NEG,n1684_NEG,plasma,MTBL,B,18.67374684895784,0.20276119532990577
n2413_NEG,n2413_NEG,plasma,MTBL,B,18.707671709125727,0.27614408699126436
p4383_POS,p4383_POS,plasma,MTBL,B,15.469974969178597,0.1953443992701338
n2980_NEG,n2980_NEG,plasma,MTBL,B,16.027164066662742,0.4138412478588931
p5556_POS,p5556_POS,plasma,MTBL,B,13.375508688220307,0.108712944884517
p3572_POS,p3572_POS,plasma,MTBL,B,14.254015003152182,0.2385223424687899
p362_POS,p362_POS,plasma,MTBL,B,24.450255301130902,0.18926226518667377
p5059_POS,p5059_POS,plasma,MTBL,B,17.446685179612437,0.34916626923718574
p4223_POS,p4223_POS,plasma,MTBL,B,13.316739614821588,0.04337976396412735
p929_POS,p929_POS,plasma,MTBL,B,21.29458002068952,0.2103687273777446
p5672_POS,p5672_POS,plasma,MTBL,B,12.404204145091658,0.18773293151303871
L-threonyl-AMP_POS,L-threonyl-AMP_POS,plasma,MTBL,B,15.483845036245084,0.13016874208827378
n1577_NEG,n1577_NEG,plasma,MTBL,B,16.734334374077875,0.13779820598966808
p167_POS,p167_POS,plasma,MTBL,B,23.647755753794872,0.2105534317812232
p2375_POS,p2375_POS,plasma,MTBL,B,17.861867563047156,0.17786849711391284
p4114_POS,p4114_POS,plasma,MTBL,B,16.511978317494624,0.1402535915685572
p2019_POS,p2019_POS,plasma,MTBL,B,18.878895232730702,0.2351967858759263
D-(+)-Maltose_POS,D-(+)-Maltose_POS,plasma,MTBL,B,17.300350783160233,0.6143692684352597
p2830_POS,p2830_POS,plasma,MTBL,B,12.320754012678778,0.20404990343871177
p4071_POS,p4071_POS,plasma,MTBL,B,16.19592790418929,0.2628268294941556
p2641_POS,p2641_POS,plasma,MTBL,B,15.097612860143258,0.2374294049975143
n2857_NEG,n2857_NEG,plasma,MTBL,B,17.44360159873666,0.22727232174186973
Aspartyl-Histidine_NEG,Aspartyl-Histidine_NEG,plasma,MTBL,B,19.621582680953424,0.1925644708147498
p5724_POS,p5724_POS,plasma,MTBL,B,12.399586758549816,0.2502788177389794
n3831_NEG,n3831_NEG,plasma,MTBL,B,12.084131725589561,0.16254759609519098
p3056_POS,p3056_POS,plasma,MTBL,B,18.718020406062557,0.2024305034403877
p3385_POS,p3385_POS,plasma,MTBL,B,18.914800214599616,0.10398149994007966
"[Similar to: N1-(4,5-dihydro-1,3-thiazol-2-yl)-2-(2,4-dichlorophenoxy)propanamide; ΔMass: -136.0195 Da]_NEG","[Similar to: N1-(4,5-dihydro-1,3-thiazol-2-yl)-2-(2,4-dichlorophenoxy)propanamide; ΔMass: -136.0195 Da]_NEG",plasma,MTBL,B,20.451916227244972,0.37991912832834096
n2093_NEG,n2093_NEG,plasma,MTBL,B,15.59598841821876,0.11293573841206594
L-Aspartate-semialdehyde_POS,L-Aspartate-semialdehyde_POS,plasma,MTBL,B,18.638729233680948,0.2644046505127662
p4637_POS,p4637_POS,plasma,MTBL,B,16.949605113166125,0.3006902244027376
N-acetyl zonisamide_POS,N-acetyl zonisamide_POS,plasma,MTBL,B,13.621480070800487,0.12103593876797891
Cyclopentylamine_POS,Cyclopentylamine_POS,plasma,MTBL,B,23.173490725896123,0.33360049739953546
Norfuraneol_POS,Norfuraneol_POS,plasma,MTBL,B,16.125642146386845,0.23411967884690643
p1567_POS,p1567_POS,plasma,MTBL,B,15.780644474770773,0.1439664210417959
p4582_POS,p4582_POS,plasma,MTBL,B,16.260087640004656,0.3377555030671813
Lidocaine N-oxide_POS,Lidocaine N-oxide_POS,plasma,MTBL,B,15.270095546416625,0.1953459226954708
p908_POS,p908_POS,plasma,MTBL,B,18.873554783590034,0.21940976034155923
p1417_POS,p1417_POS,plasma,MTBL,B,21.205293350495026,0.17783663516665627
p5134_POS,p5134_POS,plasma,MTBL,B,11.69763506919239,0.03087445714831283
p1389_POS,p1389_POS,plasma,MTBL,B,21.395647458827582,0.09075267093450634
n3067_NEG,n3067_NEG,plasma,MTBL,B,12.300804554879786,0.11074776387176932
n2854_NEG,n2854_NEG,plasma,MTBL,B,18.275452477627802,0.19690970852655276
p2104_POS,p2104_POS,plasma,MTBL,B,19.264126130995397,0.23423432016205048
p78_POS,p78_POS,plasma,MTBL,B,24.463534799541677,0.19105858742903514
n3356_NEG,n3356_NEG,plasma,MTBL,B,11.707839474075223,0.03615458465071608
p729_POS,p729_POS,plasma,MTBL,B,23.13459515773672,0.25644494784544314
p3918_POS,p3918_POS,plasma,MTBL,B,17.781285273682542,0.29603208075223897
p3830_POS,p3830_POS,plasma,MTBL,B,17.692989161683542,0.29244549676424647
1-(2-Furylmethyl)-5-oxopyrrolidine-3-carboxylic acid_NEG,1-(2-Furylmethyl)-5-oxopyrrolidine-3-carboxylic acid_NEG,plasma,MTBL,B,14.636474471095557,0.13905072814780084
[Similar to: Creatine; ΔMass: 67.9874 Da]_NEG,[Similar to: Creatine; ΔMass: 67.9874 Da]_NEG,plasma,MTBL,B,19.582182235053843,0.3921030112174897
p2682_POS,p2682_POS,plasma,MTBL,B,20.05585270506267,0.25556946315376905
p1352_POS,p1352_POS,plasma,MTBL,B,19.473073761437156,0.3742017997587048
n3611_NEG,n3611_NEG,plasma,MTBL,B,14.499967235166556,0.04535969983198562
p2313_POS,p2313_POS,plasma,MTBL,B,18.216838085247108,0.3481812675912046
p1484_POS,p1484_POS,plasma,MTBL,B,20.06072004116411,0.17917123305466376
p1181_POS,p1181_POS,plasma,MTBL,B,16.06000169107194,0.15392929415856305
n1350_NEG,n1350_NEG,plasma,MTBL,B,20.815217706197053,0.1385518799081673
N-gamma-Glutamylglutamine_POS,N-gamma-Glutamylglutamine_POS,plasma,MTBL,B,20.70027770809752,0.2466970952241727
Squamolone_POS,Squamolone_POS,plasma,MTBL,B,20.02668974435138,0.3857899908861473
n2265_NEG,n2265_NEG,plasma,MTBL,B,18.02940684009691,0.23086159930950068
p1424_POS,p1424_POS,plasma,MTBL,B,20.578008540260434,0.1917935786003504
p3197_POS,p3197_POS,plasma,MTBL,B,16.29034987756381,0.2788514839520744
p3343_POS,p3343_POS,plasma,MTBL,B,13.451754270545731,0.02750710679440349
n1859_NEG,n1859_NEG,plasma,MTBL,B,19.54420147265681,0.19206831059839224
p1793_POS,p1793_POS,plasma,MTBL,B,20.557894803988404,0.10215374030416946
Chloric acid_NEG,Chloric acid_NEG,plasma,MTBL,B,14.056503573839091,0.0822996282559707
p4527_POS,p4527_POS,plasma,MTBL,B,12.744164352270735,0.17643206653950738
3-hydroxyoctanoyl carnitine_POS,3-hydroxyoctanoyl carnitine_POS,plasma,MTBL,B,13.64943317935403,0.17180891386444586
p5701_POS,p5701_POS,plasma,MTBL,B,11.563513970492533,0.2935933142603062
n1676_NEG,n1676_NEG,plasma,MTBL,B,20.050164867679058,0.15915108167796
p695_POS,p695_POS,plasma,MTBL,B,22.571180887401276,0.17888505569563584
p5459_POS,p5459_POS,plasma,MTBL,B,15.550868098738952,0.1270369493358956
n2417_NEG,n2417_NEG,plasma,MTBL,B,18.755639775523573,0.1444544873864242
p4716_POS,p4716_POS,plasma,MTBL,B,12.35258884460704,0.11826739905812378
p4841_POS,p4841_POS,plasma,MTBL,B,12.378707397922895,0.0403496779756356
p846_POS,p846_POS,plasma,MTBL,B,18.027091388606756,0.2974979312989081
p3322_POS,p3322_POS,plasma,MTBL,B,18.942848606935783,0.19557679076406487
p1255_POS,p1255_POS,plasma,MTBL,B,20.056284363443922,0.23909048344490103
p3221_POS,p3221_POS,plasma,MTBL,B,18.595496683544606,0.4888903940490916
p4207_POS,p4207_POS,plasma,MTBL,B,14.733737707268503,0.2158420916625703
p4603_POS,p4603_POS,plasma,MTBL,B,12.743209390530314,0.13727725521183398
p4372_POS,p4372_POS,plasma,MTBL,B,13.845187176050732,0.14051270192098464
Diphenhydramine_POS,Diphenhydramine_POS,plasma,MTBL,B,14.97729316408958,0.16606980615123934
4-Nitrophenyl beta-D-xyloside_POS,4-Nitrophenyl beta-D-xyloside_POS,plasma,MTBL,B,11.89197173355092,0.05616046639708561
p1891_POS,p1891_POS,plasma,MTBL,B,19.427276106709233,0.24750505404678336
p2026_POS,p2026_POS,plasma,MTBL,B,15.46336461938376,0.19635843274327947
5-amino-N'-{[4-(benzyloxy)phenyl]methylene}-1-phenyl-1H-pyrazole-4-carbohydrazide_POS,5-amino-N'-{[4-(benzyloxy)phenyl]methylene}-1-phenyl-1H-pyrazole-4-carbohydrazide_POS,plasma,MTBL,B,13.089215340888334,0.09663177903010212
p2551_POS,p2551_POS,plasma,MTBL,B,13.35918439403316,0.05328825717578667
n1672_NEG,n1672_NEG,plasma,MTBL,B,20.014919953446558,0.13206418496118566
"4-[2-(2-oxo-1-imidazolidinyl)ethyl]-1lambda~6~,4-thiazinane-1,1-dione_POS","4-[2-(2-oxo-1-imidazolidinyl)ethyl]-1lambda~6~,4-thiazinane-1,1-dione_POS",plasma,MTBL,B,12.86712234305026,0.1762352295467151
p3733_POS,p3733_POS,plasma,MTBL,B,17.428845750377267,0.38925805033576744
p5655_POS,p5655_POS,plasma,MTBL,B,11.512538497782817,0.051135120331714745
p4862_POS,p4862_POS,plasma,MTBL,B,14.570935138722323,0.10693516028377381
n3008_NEG,n3008_NEG,plasma,MTBL,B,12.791393854392084,0.04225483318173229
n3646_NEG,n3646_NEG,plasma,MTBL,B,11.976138850578788,0.03310930667040779
n1734_NEG,n1734_NEG,plasma,MTBL,B,19.429397681780756,0.26038561569242447
p19_POS,p19_POS,plasma,MTBL,B,26.524563093816163,0.21433905112589535
p1342_POS,p1342_POS,plasma,MTBL,B,16.71460934985791,0.307815995735357
n8_NEG,n8_NEG,plasma,MTBL,B,28.58336161964379,0.052143573014765465
p3066_POS,p3066_POS,plasma,MTBL,B,14.312332787001587,0.13833601281311125
n1860_NEG,n1860_NEG,plasma,MTBL,B,17.662580647434524,0.2981855581809114
p2853_POS,p2853_POS,plasma,MTBL,B,11.977131212113516,0.04800448926380785
p4073_POS,p4073_POS,plasma,MTBL,B,14.235479595876242,0.23460881246415433
1-Phenyl-1-pentanone_POS,1-Phenyl-1-pentanone_POS,plasma,MTBL,B,12.242466637997154,0.4134820954849019
p5149_POS,p5149_POS,plasma,MTBL,B,17.939836264297593,0.14273948330952102
p2164_POS,p2164_POS,plasma,MTBL,B,19.577953495759935,0.3516106430085699
n1119_NEG,n1119_NEG,plasma,MTBL,B,20.657531299925605,0.11670455996530293
p3553_POS,p3553_POS,plasma,MTBL,B,12.66976603625351,0.13505606542683424
p3869_POS,p3869_POS,plasma,MTBL,B,15.170928615874146,0.21500094101993206
"3,3-dimethyl-5-oxo-5-(2-piperidinoanilino)pentanoic acid_NEG","3,3-dimethyl-5-oxo-5-(2-piperidinoanilino)pentanoic acid_NEG",plasma,MTBL,B,12.499252150010454,0.07324522130973854
Phosphate_NEG,Phosphate_NEG,plasma,MTBL,B,26.095494302018643,0.1291490065944494
p2824_POS,p2824_POS,plasma,MTBL,B,20.465956052964717,0.17909787950673461
p3713_POS,p3713_POS,plasma,MTBL,B,17.475771865295748,0.5719715058741652
p5081_POS,p5081_POS,plasma,MTBL,B,13.323853908672689,0.23596836002547672
n3447_NEG,n3447_NEG,plasma,MTBL,B,14.294510593779037,0.2989811810569387
n2032_NEG,n2032_NEG,plasma,MTBL,B,18.94499145230244,0.2037695485551705
p2197_POS,p2197_POS,plasma,MTBL,B,15.21253616059338,0.1731550950799594
n276_NEG,n276_NEG,plasma,MTBL,B,24.448927384347716,0.08545501834255376
p54_POS,p54_POS,plasma,MTBL,B,26.861596550873024,0.09261744710205022
2-Furancarboxaldehyde_NEG,2-Furancarboxaldehyde_NEG,plasma,MTBL,B,18.308876426857672,0.19153932224787162
"(2S,4R)-4-Aminopyrrolidine-2-carboxylic acid_POS","(2S,4R)-4-Aminopyrrolidine-2-carboxylic acid_POS",plasma,MTBL,B,20.273294409475568,0.27751486582521423
p4977_POS,p4977_POS,plasma,MTBL,B,18.360017660142955,0.09638939390755041
Endothion_POS,Endothion_POS,plasma,MTBL,B,13.229051021111813,0.04314730265872768
2-Amino-5-isopentyl-6-methylpyrimidin-4-ol_POS,2-Amino-5-isopentyl-6-methylpyrimidin-4-ol_POS,plasma,MTBL,B,20.204072415694785,0.05272724683743668
L-Glutamic acid_POS,L-Glutamic acid_POS,plasma,MTBL,B,21.87477153215423,0.6688872907478185
n2755_NEG,n2755_NEG,plasma,MTBL,B,17.98505321433546,0.20695097243682348
2-Ethylpyrazine_POS,2-Ethylpyrazine_POS,plasma,MTBL,B,14.462409626582838,0.17913821848251033
[Similar to: NP-004031; ΔMass: -416.3678 Da]_NEG,[Similar to: NP-004031; ΔMass: -416.3678 Da]_NEG,plasma,MTBL,B,17.49752891856138,0.26160834606673333
p3752_POS,p3752_POS,plasma,MTBL,B,14.759830464331202,0.20228429626173217
n3153_NEG,n3153_NEG,plasma,MTBL,B,14.420786686529478,0.7733008840604096
p2635_POS,p2635_POS,plasma,MTBL,B,20.3086788038988,0.2304866642752561
p272_POS,p272_POS,plasma,MTBL,B,25.060419695727425,0.13538380664179606
Hydroxy bupropion_POS,Hydroxy bupropion_POS,plasma,MTBL,B,16.286302710952473,0.04963586797998154
Cotinine N-oxide_POS,Cotinine N-oxide_POS,plasma,MTBL,B,13.304282447157554,0.09986783599249449
[Similar to: Threonine; ΔMass: 83.9612 Da]_NEG,[Similar to: Threonine; ΔMass: 83.9612 Da]_NEG,plasma,MTBL,B,17.97351396391546,0.22001491169622334
n1095_NEG,n1095_NEG,plasma,MTBL,B,17.687400258116327,0.14216230907826244
n2148_NEG,n2148_NEG,plasma,MTBL,B,19.573124696387733,0.08361964455057169
Mevalonic acid_POS,Mevalonic acid_POS,plasma,MTBL,B,18.867972478847527,0.17719022873509793
Furodazole_NEG,Furodazole_NEG,plasma,MTBL,B,14.883116058353217,0.6346824135372495
p1665_POS,p1665_POS,plasma,MTBL,B,21.598979763577304,0.162830663927231
p4129_POS,p4129_POS,plasma,MTBL,B,13.951774972659747,0.20331375989256895
"[6-(5-Chloropyridin-2-yl)-7-hydroxypyrrolo[3,4-b]pyrazin-5-yl] 4-methylpiperazine-1-carboxylate_POS","[6-(5-Chloropyridin-2-yl)-7-hydroxypyrrolo[3,4-b]pyrazin-5-yl] 4-methylpiperazine-1-carboxylate_POS",plasma,MTBL,B,12.61878698513993,0.13664723553261915
p5730_POS,p5730_POS,plasma,MTBL,B,12.56714682468245,0.1765095613797154
n2808_NEG,n2808_NEG,plasma,MTBL,B,18.058696662363594,0.1969381163218049
p3903_POS,p3903_POS,plasma,MTBL,B,17.19750731583334,0.24058804799318878
n1669_NEG,n1669_NEG,plasma,MTBL,B,20.416279476533873,0.10981849436711677
Tolmetin_POS,Tolmetin_POS,plasma,MTBL,B,12.833175624831535,0.22535775154439008
"(2,6-dimethylpiperidino)(3,4,5-trimethoxyphenyl)methanone_POS","(2,6-dimethylpiperidino)(3,4,5-trimethoxyphenyl)methanone_POS",plasma,MTBL,B,12.533101072944131,0.1937212797092389
p2638_POS,p2638_POS,plasma,MTBL,B,14.722731453787723,0.19439116353192443
p2936_POS,p2936_POS,plasma,MTBL,B,18.11151525899698,0.3154929313031474
p3955_POS,p3955_POS,plasma,MTBL,B,15.556724822251294,0.13774944430216696
p469_POS,p469_POS,plasma,MTBL,B,20.06736425437966,0.15171776007048088
p1386_POS,p1386_POS,plasma,MTBL,B,18.593610466810816,0.31305841459050754
p5720_POS,p5720_POS,plasma,MTBL,B,13.001469560875643,0.07216998739033542
p21_POS,p21_POS,plasma,MTBL,B,27.754366864003906,0.08614556383919769
p2948_POS,p2948_POS,plasma,MTBL,B,18.788674041387537,0.21109433557111146
p5727_POS,p5727_POS,plasma,MTBL,B,12.678974883281283,0.11755744408744562
p940_POS,p940_POS,plasma,MTBL,B,21.477729522184504,0.16040259126851986
p5781_POS,p5781_POS,plasma,MTBL,B,12.434357133309966,0.13390532629720298
p2105_POS,p2105_POS,plasma,MTBL,B,19.319433471344702,0.18820927618166117
p4403_POS,p4403_POS,plasma,MTBL,B,12.374816427077263,0.2650600641641043
n2040_NEG,n2040_NEG,plasma,MTBL,B,18.819963081032956,0.1767689705335478
p657_POS,p657_POS,plasma,MTBL,B,22.836150100357166,0.08727788996670327
p2219_POS,p2219_POS,plasma,MTBL,B,13.941326457050398,0.0856362661579535
L-Histidine_POS,L-Histidine_POS,plasma,MTBL,B,23.808656581987407,0.22056424004135344
2-Hydroxyquinoline_POS,2-Hydroxyquinoline_POS,plasma,MTBL,B,21.943480283382186,0.16639597931002825
p5003_POS,p5003_POS,plasma,MTBL,B,13.188930975124526,0.23251122017387438
p5734_POS,p5734_POS,plasma,MTBL,B,12.257936665749092,0.1377725983890281
p5004_POS,p5004_POS,plasma,MTBL,B,12.091183713047188,0.0913637578419797
n2606_NEG,n2606_NEG,plasma,MTBL,B,15.783066040137282,0.09023330101875437
"7-(2-thienyl)[1,2,4]triazolo[4,3-a]pyrimidine_POS","7-(2-thienyl)[1,2,4]triazolo[4,3-a]pyrimidine_POS",plasma,MTBL,B,18.795408357878564,0.37436528395938495
p302_POS,p302_POS,plasma,MTBL,B,22.628135794857776,0.18357501363127326
p4812_POS,p4812_POS,plasma,MTBL,B,15.030097038965552,0.17176060929526482
p139_POS,p139_POS,plasma,MTBL,B,22.659271526474736,0.08993658868078036
n3820_NEG,n3820_NEG,plasma,MTBL,B,15.664716641848093,0.19424432032632755
"N-methyl-4,6,7-trihydroxy-1,2,3,4-tetrahydroisoquinoline_POS","N-methyl-4,6,7-trihydroxy-1,2,3,4-tetrahydroisoquinoline_POS",plasma,MTBL,B,11.699187715896205,0.0445183299164702
n3802_NEG,n3802_NEG,plasma,MTBL,B,12.041138449761196,0.08254290583173507
p341_POS,p341_POS,plasma,MTBL,B,24.613767150076683,0.16573627217469777
Loratadine_POS,Loratadine_POS,plasma,MTBL,B,12.741525384594048,0.16932657417860852
n105_NEG,n105_NEG,plasma,MTBL,B,25.595774171950815,0.052862068310480126
n3291_NEG,n3291_NEG,plasma,MTBL,B,13.361420983114723,0.09612836819441739
p306_POS,p306_POS,plasma,MTBL,B,23.721349088229474,0.25541092718434655
p782_POS,p782_POS,plasma,MTBL,B,21.665840876755908,0.20443165168225796
p365_POS,p365_POS,plasma,MTBL,B,23.626121169026185,0.1055471348518413
p385_POS,p385_POS,plasma,MTBL,B,22.259476166328987,0.19750727297111936
p781_POS,p781_POS,plasma,MTBL,B,21.655539667354624,0.2131568377212627
p3007_POS,p3007_POS,plasma,MTBL,B,14.24944884186481,0.1060680748480145
p2955_POS,p2955_POS,plasma,MTBL,B,19.718380660358534,0.1724146650977456
p1126_POS,p1126_POS,plasma,MTBL,B,21.41028066833721,0.1685141429932724
"5-(methoxymethyl)-2-(2-thienyl)-4,7-dihydropyrazolo[1,5-a]pyrimidin-7-one_NEG","5-(methoxymethyl)-2-(2-thienyl)-4,7-dihydropyrazolo[1,5-a]pyrimidin-7-one_NEG",plasma,MTBL,B,17.447380081520485,0.336440839814534
p3532_POS,p3532_POS,plasma,MTBL,B,13.516200717545765,0.404587791400397
TRIETHYLENE GLYCOL_POS,TRIETHYLENE GLYCOL_POS,plasma,MTBL,B,22.742833762116916,0.09976505956893078
p1862_POS,p1862_POS,plasma,MTBL,B,19.897493501135337,0.2382413924144977
p2595_POS,p2595_POS,plasma,MTBL,B,15.582548411740863,0.22907488296856204
DL-α-Aminocaprylic acid_POS,DL-α-Aminocaprylic acid_POS,plasma,MTBL,B,15.023379219516448,0.6631477152707754
p482_POS,p482_POS,plasma,MTBL,B,22.44928270248637,0.19294020246944577
p3912_POS,p3912_POS,plasma,MTBL,B,18.446789854463386,0.2994649191209078
p3617_POS,p3617_POS,plasma,MTBL,B,15.669152752472193,0.21825341247080665
p3070_POS,p3070_POS,plasma,MTBL,B,14.229929783112453,0.19634906163838295
n2807_NEG,n2807_NEG,plasma,MTBL,B,18.051995613494213,0.20293484106876214
n2239_NEG,n2239_NEG,plasma,MTBL,B,14.674099298148763,0.18968696388923867
p4636_POS,p4636_POS,plasma,MTBL,B,16.679318422364574,0.17889009769956132
p3162_POS,p3162_POS,plasma,MTBL,B,15.054426659932666,0.17828342662726193
"3-[(4-Chlorophenyl)thio]-6-(3,5-dimethyl-1H-pyrazol-1-yl)pyridazine_POS","3-[(4-Chlorophenyl)thio]-6-(3,5-dimethyl-1H-pyrazol-1-yl)pyridazine_POS",plasma,MTBL,B,24.27029113064176,0.12594677247348507
p2737_POS,p2737_POS,plasma,MTBL,B,15.852294091877667,0.1385010129115125
p2861_POS,p2861_POS,plasma,MTBL,B,15.285216830886684,0.15930486147945988
PEG n8_POS,PEG n8_POS,plasma,MTBL,B,25.4762164711074,0.18412861179501405
p3850_POS,p3850_POS,plasma,MTBL,B,17.771020154502985,0.30029861515942713
morpholino(quinolin-6-yl)methanone_POS,morpholino(quinolin-6-yl)methanone_POS,plasma,MTBL,B,17.71684840633617,0.3713760740305023
p2851_POS,p2851_POS,plasma,MTBL,B,17.878225064783848,0.20238215680554994
p3819_POS,p3819_POS,plasma,MTBL,B,14.430960685082372,0.1967814911362522
p3063_POS,p3063_POS,plasma,MTBL,B,14.288549919306076,0.18589718945808986
p2899_POS,p2899_POS,plasma,MTBL,B,13.463581055584147,0.04645282651402827
n1309_NEG,n1309_NEG,plasma,MTBL,B,12.888770174561671,0.03394427474101658
p4272_POS,p4272_POS,plasma,MTBL,B,13.801880234092053,0.04500324244416021
p180_POS,p180_POS,plasma,MTBL,B,23.866460728092,0.1675937622920447
p1475_POS,p1475_POS,plasma,MTBL,B,21.883551688910128,0.3057581115122545
p4376_POS,p4376_POS,plasma,MTBL,B,15.690753956775083,0.13283793277274025
p2203_POS,p2203_POS,plasma,MTBL,B,18.41067529603658,0.1756267874520745
Hypocrellutin A_POS,Hypocrellutin A_POS,plasma,MTBL,B,14.882891264938827,0.047829253347304146
N-carboxyethyl dimethyl ammonio propyl perfluorodecane sulfonamido propanoic acid;N-carboxyethyl dimethyl ammonio propyl perfluorodecane sulfonamido propanoic acid;sulfonamido (propyl carboxylate) propyl dimethyl amino propyl carboxylate_POS,N-carboxyethyl dimethyl ammonio propyl perfluorodecane sulfonamido propanoic acid;N-carboxyethyl dimethyl ammonio propyl perfluorodecane sulfonamido propanoic acid;sulfonamido (propyl carboxylate) propyl dimethyl amino propyl carboxylate_POS,plasma,MTBL,B,16.272852422303863,0.34594139662081336
3-Hydroxymonoethylglycinexylidide_POS,3-Hydroxymonoethylglycinexylidide_POS,plasma,MTBL,B,14.51319569988776,0.09684559762949974
p5433_POS,p5433_POS,plasma,MTBL,B,13.053094888797705,0.22192270096837596
p4060_POS,p4060_POS,plasma,MTBL,B,18.318835889628257,0.2653062737243346
p4851_POS,p4851_POS,plasma,MTBL,B,13.433497453624998,0.2830394332295425
p1650_POS,p1650_POS,plasma,MTBL,B,12.92807794221261,0.03773645537537185
n3171_NEG,n3171_NEG,plasma,MTBL,B,14.312981115929603,0.30419988230818085
p2695_POS,p2695_POS,plasma,MTBL,B,14.680456161055044,0.14978800100687906
tetrahomomethionine_POS,tetrahomomethionine_POS,plasma,MTBL,B,11.640020598431445,0.17623146954163094
p694_POS,p694_POS,plasma,MTBL,B,22.571180887401276,0.17888505569563584
n1125_NEG,n1125_NEG,plasma,MTBL,B,21.79544045142807,0.11597343225798618
p1546_POS,p1546_POS,plasma,MTBL,B,19.90308320810805,0.3480701538299158
p5280_POS,p5280_POS,plasma,MTBL,B,13.53736893401864,0.18141639082694194
n2029_NEG,n2029_NEG,plasma,MTBL,B,14.528432810357145,0.18619875939699604
p2109_POS,p2109_POS,plasma,MTBL,B,18.926373353712997,0.42582666689171766
p2156_POS,p2156_POS,plasma,MTBL,B,20.219743505402207,0.1905198294056909
p1779_POS,p1779_POS,plasma,MTBL,B,20.44685363995954,0.09877023706950361
Tetramethylene sulfoxide_POS,Tetramethylene sulfoxide_POS,plasma,MTBL,B,12.895426547614049,0.23228340198718733
p3065_POS,p3065_POS,plasma,MTBL,B,18.533495900228175,0.16758402189802624
n850_NEG,n850_NEG,plasma,MTBL,B,21.296939765414514,0.07801135266072023
p3684_POS,p3684_POS,plasma,MTBL,B,13.518337926094222,0.08192944856095608
p5377_POS,p5377_POS,plasma,MTBL,B,11.398387951516481,0.13203966784293275
p3667_POS,p3667_POS,plasma,MTBL,B,15.247266642714006,0.23830832049837714
p3257_POS,p3257_POS,plasma,MTBL,B,14.013699133231253,0.1549887403788981
n3694_NEG,n3694_NEG,plasma,MTBL,B,12.25073611398116,0.09988417015420836
[Similar to: DL-Arginine; ΔMass: 180.0636 Da]_NEG,[Similar to: DL-Arginine; ΔMass: 180.0636 Da]_NEG,plasma,MTBL,B,15.0052365776185,0.19756829757843253
p5179_POS,p5179_POS,plasma,MTBL,B,13.094926957937979,0.11875682948094646
p1104_POS,p1104_POS,plasma,MTBL,B,21.164970134408136,0.1481505215064285
n3088_NEG,n3088_NEG,plasma,MTBL,B,14.660638807764013,0.040250408866961074
n3940_NEG,n3940_NEG,plasma,MTBL,B,8.713880769217168,0.07843048556600163
p4606_POS,p4606_POS,plasma,MTBL,B,12.700871009503034,0.1089277932096655
p508_POS,p508_POS,plasma,MTBL,B,23.285773987686625,0.2514906333408824
n2397_NEG,n2397_NEG,plasma,MTBL,B,18.79853406072469,0.17375337708981675
L-Phenylalanine_POS,L-Phenylalanine_POS,plasma,MTBL,B,20.3280723550269,0.24131922623727142
p5769_POS,p5769_POS,plasma,MTBL,B,11.677385338992412,0.152193881189425
p5463_POS,p5463_POS,plasma,MTBL,B,16.43306505048553,0.19236565867439204
NP-020535_POS,NP-020535_POS,plasma,MTBL,B,13.479197248307191,0.13341462647967095
p630_POS,p630_POS,plasma,MTBL,B,21.350755162919025,0.23192225020971335
p4914_POS,p4914_POS,plasma,MTBL,B,12.033293344886847,0.04970664731154617
p5785_POS,p5785_POS,plasma,MTBL,B,12.041802482275383,0.13090160338916057
Penerpene I_POS,Penerpene I_POS,plasma,MTBL,B,13.135470023837431,0.14777234683669338
p639_POS,p639_POS,plasma,MTBL,B,19.858324839339907,0.27678121055713056
n1819_NEG,n1819_NEG,plasma,MTBL,B,19.818896766817687,0.14992943569470718
n1351_NEG,n1351_NEG,plasma,MTBL,B,20.306490494271447,0.16177322157600216
n2394_NEG,n2394_NEG,plasma,MTBL,B,16.760032488824002,0.1880153983387327
p5156_POS,p5156_POS,plasma,MTBL,B,13.725970018198034,0.23503263152672194
gamma-Butyrolactone_NEG,gamma-Butyrolactone_NEG,plasma,MTBL,B,18.639737081336058,0.19355655682427653
n2599_NEG,n2599_NEG,plasma,MTBL,B,18.05296069005246,0.26445436811330225
p1590_POS,p1590_POS,plasma,MTBL,B,20.842083430878063,0.15521687821295416
p1993_POS,p1993_POS,plasma,MTBL,B,20.1691726428308,0.12513380959691744
n318_NEG,n318_NEG,plasma,MTBL,B,24.057450260469594,0.0891047867260859
p1700_POS,p1700_POS,plasma,MTBL,B,20.949294640970578,0.21046449078140128
p2435_POS,p2435_POS,plasma,MTBL,B,15.095649286591106,0.2896796951479894
p1002_POS,p1002_POS,plasma,MTBL,B,17.758939579045258,0.11796461395883817
"2,2,4-Trimethyl-1,3-dioxolane_POS","2,2,4-Trimethyl-1,3-dioxolane_POS",plasma,MTBL,B,14.313316067333638,0.4631544320476362
p2082_POS,p2082_POS,plasma,MTBL,B,19.135743314409183,0.15794470212201794
p3747_POS,p3747_POS,plasma,MTBL,B,13.96468231031509,0.14668520337860258
p5176_POS,p5176_POS,plasma,MTBL,B,12.457017876666198,0.024665473766430246
n304_NEG,n304_NEG,plasma,MTBL,B,22.045895061523943,0.14253574321512197
N-cyclooctylurea_POS,N-cyclooctylurea_POS,plasma,MTBL,B,20.49849032636791,0.12352612440126975
p1300_POS,p1300_POS,plasma,MTBL,B,22.020626526461754,0.2817809390036672
[Similar to: L-Threonic acid; ΔMass: 67.9873 Da]_NEG,[Similar to: L-Threonic acid; ΔMass: 67.9873 Da]_NEG,plasma,MTBL,B,20.39019949192815,0.3240568807982971
p5288_POS,p5288_POS,plasma,MTBL,B,13.08342671572468,0.19347307934254676
p3475_POS,p3475_POS,plasma,MTBL,B,11.916457370094736,0.1452103090419925
p2683_POS,p2683_POS,plasma,MTBL,B,20.05585270506267,0.25556946315376905
[Similar to: N2-[3-(Trifluoromethyl)phenyl]-5-[2-(methylthio)pyrimidin-4-yl]thiophene-2-sulfonamide; ΔMass: 35.9766 Da]_NEG,[Similar to: N2-[3-(Trifluoromethyl)phenyl]-5-[2-(methylthio)pyrimidin-4-yl]thiophene-2-sulfonamide; ΔMass: 35.9766 Da]_NEG,plasma,MTBL,B,11.50004476497628,0.038308779247751445
Trichosorbicillin G_POS,Trichosorbicillin G_POS,plasma,MTBL,B,12.942426829476421,0.14746763570478638
p1755_POS,p1755_POS,plasma,MTBL,B,20.568963931232126,0.10977599460525411
p456_POS,p456_POS,plasma,MTBL,B,24.696627940299532,0.08676488028023321
p2093_POS,p2093_POS,plasma,MTBL,B,12.439635431526058,0.3213678891422447
Pyruvic acid_NEG,Pyruvic acid_NEG,plasma,MTBL,B,19.80823200405053,0.13510622442715992
n523_NEG,n523_NEG,plasma,MTBL,B,22.35636472845598,0.06308009956389249
Tolyporphin C_POS,Tolyporphin C_POS,plasma,MTBL,B,17.724426998062192,0.3759098509684762
2-Aminoisobutyric acid_POS,2-Aminoisobutyric acid_POS,plasma,MTBL,B,21.153270209697673,0.3704170043945041
p2174_POS,p2174_POS,plasma,MTBL,B,15.070183917003732,0.38495260784975827
p3308_POS,p3308_POS,plasma,MTBL,B,19.406961892324432,0.15814624895008933
n2178_NEG,n2178_NEG,plasma,MTBL,B,18.57422900953348,0.16661640187695959
p1481_POS,p1481_POS,plasma,MTBL,B,17.966603170071103,0.6485943500554487
p3212_POS,p3212_POS,plasma,MTBL,B,19.099496476626374,0.19449734367948324
p3134_POS,p3134_POS,plasma,MTBL,B,19.187667592282452,0.18192748910888845
Azetidomonamide A_POS,Azetidomonamide A_POS,plasma,MTBL,B,14.911717466705674,0.04782925334730592
p3907_POS,p3907_POS,plasma,MTBL,B,18.485991159337452,0.2647937555381539
p5107_POS,p5107_POS,plasma,MTBL,B,12.22265991391009,0.19590776914362973
[Similar to: Asparagine; ΔMass: 67.9873 Da]_NEG,[Similar to: Asparagine; ΔMass: 67.9873 Da]_NEG,plasma,MTBL,B,19.656441898722413,0.22590584848706818
"1-Phenylhexahydropyridazine-3,6-dione_POS","1-Phenylhexahydropyridazine-3,6-dione_POS",plasma,MTBL,B,18.410365802710185,0.3044463296732758
"1-(2,2-Dichloroethyl)-1-nitrosourea_POS","1-(2,2-Dichloroethyl)-1-nitrosourea_POS",plasma,MTBL,B,20.968633025399072,0.18976418020635855
p3919_POS,p3919_POS,plasma,MTBL,B,13.201073727341512,0.12014873931276071
n1874_NEG,n1874_NEG,plasma,MTBL,B,19.120107896395012,0.08288550422425978
p5333_POS,p5333_POS,plasma,MTBL,B,15.433227818484369,0.0913592581410052
p3422_POS,p3422_POS,plasma,MTBL,B,18.496068601911734,0.30347698110280774
p2865_POS,p2865_POS,plasma,MTBL,B,15.795076390614213,0.13969653907403679
p3424_POS,p3424_POS,plasma,MTBL,B,14.506328847421933,0.2940554325491025
p3252_POS,p3252_POS,plasma,MTBL,B,16.52294223006488,0.05027967898736918
p1468_POS,p1468_POS,plasma,MTBL,B,13.500768235693654,0.15693065995419708
n1793_NEG,n1793_NEG,plasma,MTBL,B,19.980632418095666,0.13320645606890302
p4704_POS,p4704_POS,plasma,MTBL,B,17.241144783247734,0.272449794485885
n1506_NEG,n1506_NEG,plasma,MTBL,B,16.946628288161687,0.239982469959088
Caprolactin A_POS,Caprolactin A_POS,plasma,MTBL,B,12.877554532772807,0.15175216226706567
Isobutyric acid_POS,Isobutyric acid_POS,plasma,MTBL,B,25.404362781849223,0.07207224359559383
p5187_POS,p5187_POS,plasma,MTBL,B,13.699756397794651,0.10576104949511311
p3379_POS,p3379_POS,plasma,MTBL,B,12.848008438528543,0.13979359957487603
"N'-{6-[(5-chloro-3-pyridyl)oxy]-3-pyridyl}-N,N-dimethyliminoformamide_POS","N'-{6-[(5-chloro-3-pyridyl)oxy]-3-pyridyl}-N,N-dimethyliminoformamide_POS",plasma,MTBL,B,13.549083468501035,0.04235667515177255
p3294_POS,p3294_POS,plasma,MTBL,B,12.362157554373482,0.1303351514606721
4-Hydroxyproline_NEG,4-Hydroxyproline_NEG,plasma,MTBL,B,17.35053110419275,0.3007729968138868
n2281_NEG,n2281_NEG,plasma,MTBL,B,17.994359272845188,0.2272766162319364
Taurine_NEG,Taurine_NEG,plasma,MTBL,B,21.395368150667753,0.29495867680114607
p2857_POS,p2857_POS,plasma,MTBL,B,20.22578706650272,0.2069264067012906
n2473_NEG,n2473_NEG,plasma,MTBL,B,19.47421089076734,0.20436454764328182
p5543_POS,p5543_POS,plasma,MTBL,B,11.004660028470163,0.04652455565416247
p5128_POS,p5128_POS,plasma,MTBL,B,12.30104551763208,0.2358448456206954
p2781_POS,p2781_POS,plasma,MTBL,B,13.32537443391098,0.12403112765853486
p4506_POS,p4506_POS,plasma,MTBL,B,14.653966714799404,0.19711680714323876
"4-(3,4-dimethylphenyl)-1-thia-4-azaspiro[4.5]decan-3-one_POS","4-(3,4-dimethylphenyl)-1-thia-4-azaspiro[4.5]decan-3-one_POS",plasma,MTBL,B,16.70815476363675,0.35065330538594
"5?[(1E)?2?[4?(dimethylamino)phenyl]diazen?1?yl]pyrimidine?2,4,6?triamine_POS","5?[(1E)?2?[4?(dimethylamino)phenyl]diazen?1?yl]pyrimidine?2,4,6?triamine_POS",plasma,MTBL,B,13.20544874992596,0.09644632808145381
p3219_POS,p3219_POS,plasma,MTBL,B,19.916278540763496,0.36035880402369
p937_POS,p937_POS,plasma,MTBL,B,16.394330164985988,0.2330458472855259
p3905_POS,p3905_POS,plasma,MTBL,B,14.333429357387885,0.12281224043703531
(+-)-trans-3-Methyl norfentanyl_POS,(+-)-trans-3-Methyl norfentanyl_POS,plasma,MTBL,B,16.789236451581328,0.09955993017011622
p4133_POS,p4133_POS,plasma,MTBL,B,12.834954924906999,0.14449599550377457
p3222_POS,p3222_POS,plasma,MTBL,B,19.158199202894295,0.13395709306461256
p5215_POS,p5215_POS,plasma,MTBL,B,15.45196602881345,0.14975767088049885
p187_POS,p187_POS,plasma,MTBL,B,25.005864874206715,0.09426694928885127
n3638_NEG,n3638_NEG,plasma,MTBL,B,16.19442397292574,0.1527929872359408
p2126_POS,p2126_POS,plasma,MTBL,B,18.213853864820173,0.25778552825717327
p2409_POS,p2409_POS,plasma,MTBL,B,19.474772430173417,0.18225330874853363
p2957_POS,p2957_POS,plasma,MTBL,B,12.399016959537507,0.12369664399233127
p3922_POS,p3922_POS,plasma,MTBL,B,13.49319895675562,0.20873942865918682
3-Hydroxybupivicaine_POS,3-Hydroxybupivicaine_POS,plasma,MTBL,B,13.275319045525453,0.12258021841480193
p4009_POS,p4009_POS,plasma,MTBL,B,14.585603941228385,0.37231451750115774
p1123_POS,p1123_POS,plasma,MTBL,B,12.86976054364349,0.14853965853400375
n2917_NEG,n2917_NEG,plasma,MTBL,B,12.669241063906112,0.04453079223013745
Asparagine_POS,Asparagine_POS,plasma,MTBL,B,21.95178088885868,0.22763866722787363
p1892_POS,p1892_POS,plasma,MTBL,B,19.367397699776184,0.2664645976936626
p3793_POS,p3793_POS,plasma,MTBL,B,16.2946031856425,0.5953583220698295
n651_NEG,n651_NEG,plasma,MTBL,B,21.971858925761058,0.056613411939331115
p1507_POS,p1507_POS,plasma,MTBL,B,20.813082629448523,0.07409840503473397
Rigidiusculamide A_POS,Rigidiusculamide A_POS,plasma,MTBL,B,12.717160797900338,0.21478133152002954
"2-(2,6-dimethoxyphenyl)-5,6-dimethoxy-4H-chromen-4-one_POS","2-(2,6-dimethoxyphenyl)-5,6-dimethoxy-4H-chromen-4-one_POS",plasma,MTBL,B,14.566474321197738,1.2094080587551002
p2634_POS,p2634_POS,plasma,MTBL,B,20.3086788038988,0.2265372813534654
n3543_NEG,n3543_NEG,plasma,MTBL,B,12.036703321113098,0.033326280645356476
p3344_POS,p3344_POS,plasma,MTBL,B,17.840263097826863,0.270804150801748
p3870_POS,p3870_POS,plasma,MTBL,B,15.297117867815896,0.2574190729754289
Validoxylamine G_POS,Validoxylamine G_POS,plasma,MTBL,B,13.74753155552548,0.08706971359156768
2-Aminothiazole_POS,2-Aminothiazole_POS,plasma,MTBL,B,11.951540976139285,0.026410134266281915
p3474_POS,p3474_POS,plasma,MTBL,B,12.110672947412844,0.17124690312355373
n2275_NEG,n2275_NEG,plasma,MTBL,B,13.530876876501939,0.09771156597630704
n1974_NEG,n1974_NEG,plasma,MTBL,B,17.000552185628646,0.17337151037804865
n1114_NEG,n1114_NEG,plasma,MTBL,B,19.960285375294713,0.5125813982865228
p1817_POS,p1817_POS,plasma,MTBL,B,20.421813840542264,0.1191521349028104
p1436_POS,p1436_POS,plasma,MTBL,B,22.017397330483234,0.1992403409316328
n2282_NEG,n2282_NEG,plasma,MTBL,B,17.537546315011873,0.2790882255151601
p1887_POS,p1887_POS,plasma,MTBL,B,19.867490536909813,0.2592009568690319
(5R)-5-Hydroxyhexanoic acid_POS,(5R)-5-Hydroxyhexanoic acid_POS,plasma,MTBL,B,12.400804461242117,0.11472436337495306
n2187_NEG,n2187_NEG,plasma,MTBL,B,17.269331473529512,0.10228014495943505
n2444_NEG,n2444_NEG,plasma,MTBL,B,18.77798210901689,0.20658694313325476
p2597_POS,p2597_POS,plasma,MTBL,B,19.227895679595868,0.16816444209606551
p2958_POS,p2958_POS,plasma,MTBL,B,12.208627468466984,0.14462368999885644
p3129_POS,p3129_POS,plasma,MTBL,B,17.821825945385932,0.4713530887340074
n2439_NEG,n2439_NEG,plasma,MTBL,B,18.882924461030065,0.1261025489371974
p3258_POS,p3258_POS,plasma,MTBL,B,18.883920374580292,0.2101386859584995
p5042_POS,p5042_POS,plasma,MTBL,B,13.241123022567963,0.18428026309570278
p294_POS,p294_POS,plasma,MTBL,B,24.043466471952723,0.09974473738832224
p2049_POS,p2049_POS,plasma,MTBL,B,15.19003854615943,0.4482203553223485
p5532_POS,p5532_POS,plasma,MTBL,B,12.659253710218048,0.20338749600501593
D3-Alanine_POS,D3-Alanine_POS,plasma,MTBL,B,22.222353515291907,0.15160923095544376
n2059_NEG,n2059_NEG,plasma,MTBL,B,19.092242354353452,0.15732170037159143
p2665_POS,p2665_POS,plasma,MTBL,B,17.661841261513477,0.231491919716575
p1044_POS,p1044_POS,plasma,MTBL,B,21.05703151333498,0.2573176718087016
N'-Hydroxy-4-pentylbenzenecarboximidamide_POS,N'-Hydroxy-4-pentylbenzenecarboximidamide_POS,plasma,MTBL,B,14.35880926641865,0.256505960809398
Acetylcholine_POS,Acetylcholine_POS,plasma,MTBL,B,20.046197947638454,0.27550554001426164
n2815_NEG,n2815_NEG,plasma,MTBL,B,16.91543233438911,0.4970577390612885
p3534_POS,p3534_POS,plasma,MTBL,B,16.58849971972478,0.1293674092098307
p5011_POS,p5011_POS,plasma,MTBL,B,13.555814876811901,0.11578752410204451
p28_POS,p28_POS,plasma,MTBL,B,27.27692910956646,0.16124331099210742
p502_POS,p502_POS,plasma,MTBL,B,23.126714332497805,0.15308533169256222
p983_POS,p983_POS,plasma,MTBL,B,19.418311335759448,0.24521593596792002
p3963_POS,p3963_POS,plasma,MTBL,B,15.8059774988677,0.18106966102202815
p917_POS,p917_POS,plasma,MTBL,B,23.14100167664522,0.1754207725440189
4-Hydroxybenzotriazole_POS,4-Hydroxybenzotriazole_POS,plasma,MTBL,B,22.895057274423394,0.17818668094839474
n406_NEG,n406_NEG,plasma,MTBL,B,21.764325900747448,0.1817491732697576
n3935_NEG,n3935_NEG,plasma,MTBL,B,8.48143379819093,0.0461725768567991
n991_NEG,n991_NEG,plasma,MTBL,B,18.456988596802987,0.1836620242845708
Cysteineglutathione disulfide_POS,Cysteineglutathione disulfide_POS,plasma,MTBL,B,18.93676346883167,0.40437200755377845
n2674_NEG,n2674_NEG,plasma,MTBL,B,18.51623598848078,0.14079133843723035
p149_POS,p149_POS,plasma,MTBL,B,25.090593483452775,0.09754609528501312
n3100_NEG,n3100_NEG,plasma,MTBL,B,18.065861331899338,0.15908094165272857
p2332_POS,p2332_POS,plasma,MTBL,B,14.8068755176869,0.3901008524940961
p5291_POS,p5291_POS,plasma,MTBL,B,9.412570463285437,0.0333815274567586
"2,3,5-Hexanetrione_POS","2,3,5-Hexanetrione_POS",plasma,MTBL,B,12.642629972502021,0.1466549694685204
n2382_NEG,n2382_NEG,plasma,MTBL,B,19.014032366060796,0.20531307367636664
n2856_NEG,n2856_NEG,plasma,MTBL,B,17.379461873130317,0.20683456324927896
p901_POS,p901_POS,plasma,MTBL,B,20.012144816484643,0.177249348890701
p4590_POS,p4590_POS,plasma,MTBL,B,15.015822055396594,0.21763105758768297
p767_POS,p767_POS,plasma,MTBL,B,21.74501806831838,0.21211452004460796
p1256_POS,p1256_POS,plasma,MTBL,B,15.03314969349038,0.22536780255100997
p874_POS,p874_POS,plasma,MTBL,B,22.773812601532217,0.15274418612072793
p5538_POS,p5538_POS,plasma,MTBL,B,16.162819056353136,0.13922932946696776
p3356_POS,p3356_POS,plasma,MTBL,B,18.868186085131953,0.19581550293994887
p3359_POS,p3359_POS,plasma,MTBL,B,15.161118696690504,0.13247075262148922
p5548_POS,p5548_POS,plasma,MTBL,B,12.741362087700642,0.23641795955224065
Bicine_NEG,Bicine_NEG,plasma,MTBL,B,16.276566064603823,0.40546929896390793
p2988_POS,p2988_POS,plasma,MTBL,B,15.911576131004875,0.1966838415308505
p754_POS,p754_POS,plasma,MTBL,B,21.0895407048965,0.23652804845839448
p2098_POS,p2098_POS,plasma,MTBL,B,13.833313478926613,0.1581695844390385
p443_POS,p443_POS,plasma,MTBL,B,20.66754443429992,0.2603825300852183
p5301_POS,p5301_POS,plasma,MTBL,B,13.03661455464077,0.1599578067799312
p3247_POS,p3247_POS,plasma,MTBL,B,14.925220585993891,0.2357458774820369
n2578_NEG,n2578_NEG,plasma,MTBL,B,16.094940752058132,0.3114757654486473
Linustatin_POS,Linustatin_POS,plasma,MTBL,B,13.444200039914598,0.17780956883589116
(E)-3-Tosylacrylonitrile_NEG,(E)-3-Tosylacrylonitrile_NEG,plasma,MTBL,B,12.379291007341333,0.057092571431147654
p3286_POS,p3286_POS,plasma,MTBL,B,20.19760840021226,0.12939473863228912
p3538_POS,p3538_POS,plasma,MTBL,B,13.717035277638018,0.23021516266294562
Medicoside L_POS,Medicoside L_POS,plasma,MTBL,B,15.420202637879008,0.20299532240891693
n1929_NEG,n1929_NEG,plasma,MTBL,B,19.677627757462744,0.12227910187212743
p3416_POS,p3416_POS,plasma,MTBL,B,13.033147519868525,0.12840627965993878
p5315_POS,p5315_POS,plasma,MTBL,B,11.897659448221294,0.14349354458724672
n195_NEG,n195_NEG,plasma,MTBL,B,25.035914523444866,0.09107365916339205
p4438_POS,p4438_POS,plasma,MTBL,B,12.712851791735854,0.20514947945933582
p4163_POS,p4163_POS,plasma,MTBL,B,14.573180765207926,0.1986719904439127
p1607_POS,p1607_POS,plasma,MTBL,B,20.410126676700926,0.17542592716401728
p2852_POS,p2852_POS,plasma,MTBL,B,12.068676798324454,0.04800448926380696
N-Desmethyltramadol_POS,N-Desmethyltramadol_POS,plasma,MTBL,B,14.921870821581397,0.047440287032412876
p1517_POS,p1517_POS,plasma,MTBL,B,19.43776305665616,0.26800092130410746
"(2R)-2,3-Dihydroxypropanoic acid_NEG","(2R)-2,3-Dihydroxypropanoic acid_NEG",plasma,MTBL,B,19.309997197730958,0.18338050453662724
n3023_NEG,n3023_NEG,plasma,MTBL,B,17.169091473768155,0.20348944765236077
p3050_POS,p3050_POS,plasma,MTBL,B,15.561395475705806,0.38075875111922386
p2421_POS,p2421_POS,plasma,MTBL,B,15.551169755651966,0.309568815106247
n1223_NEG,n1223_NEG,plasma,MTBL,B,18.441587386904683,0.45981267442679297
p268_POS,p268_POS,plasma,MTBL,B,22.689202139370906,0.0959334349958656
p1408_POS,p1408_POS,plasma,MTBL,B,20.889713110837945,0.1602750531173438
p238_POS,p238_POS,plasma,MTBL,B,23.402884831228917,0.26783121683106614
5-Oxozaleplon_POS,5-Oxozaleplon_POS,plasma,MTBL,B,12.437548407498854,0.12612585184525837
p4161_POS,p4161_POS,plasma,MTBL,B,18.315187885848854,0.2585060081565267
Nα-{[(2R)-1-(4-morpholinylcarbonyl)-2-piperazinyl]carbonyl}-D-tryptophanamide_POS,Nα-{[(2R)-1-(4-morpholinylcarbonyl)-2-piperazinyl]carbonyl}-D-tryptophanamide_POS,plasma,MTBL,B,13.028146322940277,0.1010080009552432
(2-Ethylcrotonoyl)urea_POS,(2-Ethylcrotonoyl)urea_POS,plasma,MTBL,B,17.391573688928894,0.19506003597303945
p2160_POS,p2160_POS,plasma,MTBL,B,20.233662749409028,0.13586040510275232
p2339_POS,p2339_POS,plasma,MTBL,B,20.833167143151403,0.13528261409119757
p3398_POS,p3398_POS,plasma,MTBL,B,13.857479969591427,0.044068178738206676
p15_POS,p15_POS,plasma,MTBL,B,28.435964136396663,0.15648369890311642
n1537_NEG,n1537_NEG,plasma,MTBL,B,20.071380573478343,0.17998536810200072
Methyl dioxindole-3-acetate_POS,Methyl dioxindole-3-acetate_POS,plasma,MTBL,B,13.600485843427812,0.08221843387483574
7-Hydroxygliclazide_POS,7-Hydroxygliclazide_POS,plasma,MTBL,B,13.063902356192564,0.10017609550023554
n317_NEG,n317_NEG,plasma,MTBL,B,23.419525995130307,0.05051498591170045
n843_NEG,n843_NEG,plasma,MTBL,B,21.744493071025488,0.08697944807394009
p5478_POS,p5478_POS,plasma,MTBL,B,13.36119908185584,0.16832727004801296
n3546_NEG,n3546_NEG,plasma,MTBL,B,16.957182397231772,0.38793728274687567
n417_NEG,n417_NEG,plasma,MTBL,B,23.23895713432365,0.09768844117578013
p3293_POS,p3293_POS,plasma,MTBL,B,15.38947621672999,0.17143197085848794
(x)-2-Heptanol glucoside_POS,(x)-2-Heptanol glucoside_POS,plasma,MTBL,B,19.207666517313427,0.17625690285393603
p3163_POS,p3163_POS,plasma,MTBL,B,15.087152531521824,0.37154513700972736
N-Acetyldopamine_POS,N-Acetyldopamine_POS,plasma,MTBL,B,14.012283263777555,0.1306868412383535
p1416_POS,p1416_POS,plasma,MTBL,B,21.20332675127132,0.14527359601002843
"1-(Hydroxymethyl)-5,5-dimethyl-2,4-imidazolidinedione_POS","1-(Hydroxymethyl)-5,5-dimethyl-2,4-imidazolidinedione_POS",plasma,MTBL,B,24.637519985633375,0.22195011264198428
p4147_POS,p4147_POS,plasma,MTBL,B,18.067154215249808,0.19783553733985393
n3634_NEG,n3634_NEG,plasma,MTBL,B,9.285781182448144,0.04111667069509384
p3920_POS,p3920_POS,plasma,MTBL,B,15.769501229734686,0.1921008142226892
p2544_POS,p2544_POS,plasma,MTBL,B,17.263735590139987,0.5334224400499537
p5353_POS,p5353_POS,plasma,MTBL,B,12.786447601917263,0.16765113657579356
p2797_POS,p2797_POS,plasma,MTBL,B,19.246727803660235,0.17973832270522117
Tetraethylene glycol_POS,Tetraethylene glycol_POS,plasma,MTBL,B,25.851539698374978,0.058038455913235865
PC(24:0/6 keto-PGF1alpha)_POS,PC(24:0/6 keto-PGF1alpha)_POS,plasma,MTBL,B,20.346585121511218,0.12005263241711539
n3897_NEG,n3897_NEG,plasma,MTBL,B,10.269538770671165,0.03368820313305765
Morpholine_POS,Morpholine_POS,plasma,MTBL,B,24.862566111291173,0.12419501694734336
p1548_POS,p1548_POS,plasma,MTBL,B,19.79670214487173,0.15389728153033566
p2108_POS,p2108_POS,plasma,MTBL,B,18.843467988391264,0.3556125082257804
n1534_NEG,n1534_NEG,plasma,MTBL,B,16.474420720778348,0.10299246934060946
n2741_NEG,n2741_NEG,plasma,MTBL,B,14.934077154560221,0.41717272057539656
Dextromethorphan hydrobromide_POS,Dextromethorphan hydrobromide_POS,plasma,MTBL,B,14.056318326069974,0.16784559383711262
p2793_POS,p2793_POS,plasma,MTBL,B,15.613383465162315,0.16181463981577782
n587_NEG,n587_NEG,plasma,MTBL,B,21.75641564402924,0.16478978886347662
n2676_NEG,n2676_NEG,plasma,MTBL,B,17.87169535162399,0.2622164238644338
p449_POS,p449_POS,plasma,MTBL,B,23.19324270779092,0.11520086963164466
p685_POS,p685_POS,plasma,MTBL,B,23.340542593589795,0.13866207629975236
n1757_NEG,n1757_NEG,plasma,MTBL,B,19.270939587115627,0.2070289100500844
"L-2,4-Diaminobutyric acid_POS","L-2,4-Diaminobutyric acid_POS",plasma,MTBL,B,25.638934727735755,0.1980242499442877
p1396_POS,p1396_POS,plasma,MTBL,B,20.4072824186832,0.3115516647787189
n2033_NEG,n2033_NEG,plasma,MTBL,B,18.95187752241,0.2130256962991801
p4629_POS,p4629_POS,plasma,MTBL,B,12.513892573560687,0.3113757648643132
p4917_POS,p4917_POS,plasma,MTBL,B,16.628637001506842,0.16760578655232905
p5214_POS,p5214_POS,plasma,MTBL,B,13.201898170663252,0.12842143117569016
p5772_POS,p5772_POS,plasma,MTBL,B,12.11111427838773,0.12502131299323072
p1550_POS,p1550_POS,plasma,MTBL,B,11.80990659277937,0.03838570559044285
p3377_POS,p3377_POS,plasma,MTBL,B,18.572375521144025,0.20460106672398304
n3338_NEG,n3338_NEG,plasma,MTBL,B,14.42885168267285,0.5141963926279587
n2618_NEG,n2618_NEG,plasma,MTBL,B,18.395895984317605,0.16543936469123288
p2053_POS,p2053_POS,plasma,MTBL,B,15.179058095523963,0.4777546579909977
p454_POS,p454_POS,plasma,MTBL,B,22.227078329963103,0.18583361381761243
Propyliodone_POS,Propyliodone_POS,plasma,MTBL,B,14.992828735597996,0.12423291966950867
n3062_NEG,n3062_NEG,plasma,MTBL,B,12.617952698572438,0.12861134838963295
(Z)-4-Heptenal_POS,(Z)-4-Heptenal_POS,plasma,MTBL,B,16.176303088728545,0.47743327693850013
n2746_NEG,n2746_NEG,plasma,MTBL,B,12.797538483762462,0.18109387350048944
Dihydrothymine_NEG,Dihydrothymine_NEG,plasma,MTBL,B,17.884729215084995,0.19964514741021588
n250_NEG,n250_NEG,plasma,MTBL,B,23.941525300885218,0.08702169464413245
2-Hydroxy-3-methylpentanoic acid_POS,2-Hydroxy-3-methylpentanoic acid_POS,plasma,MTBL,B,19.30621462064873,0.06824700760066094
gamma-Glutamyl-beta-aminopropiononitrile_POS,gamma-Glutamyl-beta-aminopropiononitrile_POS,plasma,MTBL,B,18.253756281973956,0.240280930037569
n2664_NEG,n2664_NEG,plasma,MTBL,B,18.634470182443117,0.12960984116981145
p4413_POS,p4413_POS,plasma,MTBL,B,14.074311527669714,0.24712164315840468
p4868_POS,p4868_POS,plasma,MTBL,B,15.30707328423556,0.2054006459294193
n2370_NEG,n2370_NEG,plasma,MTBL,B,18.467888755249056,0.2633697660086636
p962_POS,p962_POS,plasma,MTBL,B,19.339376283383007,0.27083573045838527
p2808_POS,p2808_POS,plasma,MTBL,B,20.641150672470488,0.1299082656467867
p722_POS,p722_POS,plasma,MTBL,B,22.50219891109022,0.3317269362429318
L-Threonine_POS,L-Threonine_POS,plasma,MTBL,B,24.385219626887345,0.26952829525306043
"(2R,3R,4R)-2-Amino-4-hydroxy-3-methylpentanoic acid_POS","(2R,3R,4R)-2-Amino-4-hydroxy-3-methylpentanoic acid_POS",plasma,MTBL,B,22.067636051309933,0.2577790940435527
Acetohydroxamic acid_POS,Acetohydroxamic acid_POS,plasma,MTBL,B,21.97941939720794,0.23175669945874056
p2750_POS,p2750_POS,plasma,MTBL,B,12.359065919263651,0.15664806291212674
p1308_POS,p1308_POS,plasma,MTBL,B,19.83888535808225,0.22469540507532137
p4739_POS,p4739_POS,plasma,MTBL,B,13.368329631074946,0.14699243170010856
p5542_POS,p5542_POS,plasma,MTBL,B,12.149450519724846,0.052456087040142485
D3-Lactate-ISTD_NEG,D3-Lactate-ISTD_NEG,plasma,MTBL,B,21.241661693895168,0.05817264849721404
"4-(3-Methyl-1-butenyl)-3,3',4',5-tetrahydroxystilbene_NEG","4-(3-Methyl-1-butenyl)-3,3',4',5-tetrahydroxystilbene_NEG",plasma,MTBL,B,16.399983992670613,0.5086856694551418
p3014_POS,p3014_POS,plasma,MTBL,B,19.242513644788005,0.18075388256212044
p1506_POS,p1506_POS,plasma,MTBL,B,19.662334187398876,0.22764984243840125
Barbital_POS,Barbital_POS,plasma,MTBL,B,14.209747868089375,0.9722189798053407
p3019_POS,p3019_POS,plasma,MTBL,B,12.228901409751526,0.14263887016058963
p2993_POS,p2993_POS,plasma,MTBL,B,15.81123549912059,0.1584910167848026
n3332_NEG,n3332_NEG,plasma,MTBL,B,16.942738225749828,0.22978328064637132
p1734_POS,p1734_POS,plasma,MTBL,B,15.776628992518713,0.16511753157795717
Cefalexin_POS,Cefalexin_POS,plasma,MTBL,B,13.035371724060479,0.038292317179798196
p316_POS,p316_POS,plasma,MTBL,B,21.046205920144523,0.11165840912400427
p3493_POS,p3493_POS,plasma,MTBL,B,14.01916862664298,0.02988079106960484
p4154_POS,p4154_POS,plasma,MTBL,B,18.244894112479475,0.24051767901138987
"4-cyclopropyl-5-sulfanyl-4H-1,2,4-triazol-3-ol_POS","4-cyclopropyl-5-sulfanyl-4H-1,2,4-triazol-3-ol_POS",plasma,MTBL,B,15.583178169451838,0.4561183267825495
n2640_NEG,n2640_NEG,plasma,MTBL,B,15.714468593351953,0.32422070662424307
p4657_POS,p4657_POS,plasma,MTBL,B,13.98666141519103,0.1288974840669157
p1099_POS,p1099_POS,plasma,MTBL,B,19.64758935689482,0.2910267965744513
p3509_POS,p3509_POS,plasma,MTBL,B,14.176088706625194,0.20902256598899882
p2333_POS,p2333_POS,plasma,MTBL,B,14.150863553351765,0.31423185963063816
p1438_POS,p1438_POS,plasma,MTBL,B,21.971348124265674,0.19266015874182507
"1-Phenylheptane-1,5-dione_POS","1-Phenylheptane-1,5-dione_POS",plasma,MTBL,B,13.39122301600943,0.09508533398585417
p5285_POS,p5285_POS,plasma,MTBL,B,15.455100993348728,0.14958424404882908
p2022_POS,p2022_POS,plasma,MTBL,B,19.505751183830625,0.47344066910865656
p2904_POS,p2904_POS,plasma,MTBL,B,19.185619779422517,0.19431108509579786
p3937_POS,p3937_POS,plasma,MTBL,B,17.917228528612554,0.21454063646559973
p1075_POS,p1075_POS,plasma,MTBL,B,21.600101011066712,0.33572671786515684
n2369_NEG,n2369_NEG,plasma,MTBL,B,18.448006678613556,0.26357868117621663
p2934_POS,p2934_POS,plasma,MTBL,B,17.263925819488705,0.35926280422511603
p4505_POS,p4505_POS,plasma,MTBL,B,13.767103455705703,0.12573140122404247
Methoxyphenamine_POS,Methoxyphenamine_POS,plasma,MTBL,B,16.058600539134062,0.12828649866971276
p3785_POS,p3785_POS,plasma,MTBL,B,17.104977485774572,0.4689808085090412
p766_POS,p766_POS,plasma,MTBL,B,21.646758420626316,0.1904236254873073
p3593_POS,p3593_POS,plasma,MTBL,B,18.719679404184433,0.2127859185120613
5-Methylquinoxaline_POS,5-Methylquinoxaline_POS,plasma,MTBL,B,20.499054152538548,0.29025863489307646
n2643_NEG,n2643_NEG,plasma,MTBL,B,18.67568833301208,0.13846061298001544
p3078_POS,p3078_POS,plasma,MTBL,B,19.06556371031482,0.29641969430108617
Taxifolin_POS,Taxifolin_POS,plasma,MTBL,B,13.564806113327911,0.21668810827154683
4'-Fluoro-pyrrolidinohexanophenone_POS,4'-Fluoro-pyrrolidinohexanophenone_POS,plasma,MTBL,B,13.301595762104295,0.2264830114604246
p236_POS,p236_POS,plasma,MTBL,B,23.709309922069266,0.11026300633847086
p3750_POS,p3750_POS,plasma,MTBL,B,18.707069525726748,0.22793718725448286
p3133_POS,p3133_POS,plasma,MTBL,B,19.175789536443002,0.2399817049550368
p435_POS,p435_POS,plasma,MTBL,B,22.89302976207107,0.15775563802608694
n899_NEG,n899_NEG,plasma,MTBL,B,19.484891372108123,0.23678568131625966
Diisopropylphosphate_NEG,Diisopropylphosphate_NEG,plasma,MTBL,B,17.972109764078184,0.218977571265091
p4598_POS,p4598_POS,plasma,MTBL,B,13.127243395070717,0.0285865877917022
p297_POS,p297_POS,plasma,MTBL,B,24.100175659728237,0.1293162227569713
n2089_NEG,n2089_NEG,plasma,MTBL,B,18.253853370402265,0.18720553238869897
Laxaphycin E_POS,Laxaphycin E_POS,plasma,MTBL,B,20.608505296032646,0.1679101026198655
p293_POS,p293_POS,plasma,MTBL,B,24.043943414853633,0.09974473738832224
p1065_POS,p1065_POS,plasma,MTBL,B,22.526957437818815,0.15738942420957613
n802_NEG,n802_NEG,plasma,MTBL,B,19.463779495551112,0.24201596964110017
L-Glutamine_POS,L-Glutamine_POS,plasma,MTBL,B,25.84844650804006,0.16359413259533184
p2492_POS,p2492_POS,plasma,MTBL,B,20.40867214213877,0.21913307458964582
Trinitrosotrimethylenetriamine_POS,Trinitrosotrimethylenetriamine_POS,plasma,MTBL,B,17.40711809676126,0.26613930409832953
(9E)-10-nitrooctadecenoic Acid_POS,(9E)-10-nitrooctadecenoic Acid_POS,plasma,MTBL,B,17.592367998518178,0.3478722573400983
Ethyl 3-hydroxydodecanoate_POS,Ethyl 3-hydroxydodecanoate_POS,plasma,MTBL,B,14.350894737666552,0.17650534027844955
p4134_POS,p4134_POS,plasma,MTBL,B,13.749804027745364,0.14965157194272471
n1528_NEG,n1528_NEG,plasma,MTBL,B,21.085964152311877,0.3448769253281281
2-Naphthylaminomethyl-gamma-aminobutyric acid_POS,2-Naphthylaminomethyl-gamma-aminobutyric acid_POS,plasma,MTBL,B,13.38525274593361,0.12928450187193974
methyl isoquinoline-3-carboxylate_POS,methyl isoquinoline-3-carboxylate_POS,plasma,MTBL,B,18.49170342657476,0.2147561873392494
n2682_NEG,n2682_NEG,plasma,MTBL,B,16.18491753291098,0.16595373470980235
n234_NEG,n234_NEG,plasma,MTBL,B,20.912632561636237,0.18213540299349518
p3458_POS,p3458_POS,plasma,MTBL,B,15.20543270016595,0.30914166781938235
n2734_NEG,n2734_NEG,plasma,MTBL,B,18.58851698774221,0.1551592954305594
"N,N-Didesmethylvenlafaxine_POS","N,N-Didesmethylvenlafaxine_POS",plasma,MTBL,B,14.915762718613536,0.04943196858745935
L-beta-aspartyl-L-alanine_POS,L-beta-aspartyl-L-alanine_POS,plasma,MTBL,B,15.464581067610798,0.3255716075595645
p3798_POS,p3798_POS,plasma,MTBL,B,13.22545859976406,0.0481583454871215
p464_POS,p464_POS,plasma,MTBL,B,23.313156115771392,0.14045247553660012
1-Hydroxybenzotriazol_POS,1-Hydroxybenzotriazol_POS,plasma,MTBL,B,20.430723514249472,0.24956294192505446
p3951_POS,p3951_POS,plasma,MTBL,B,15.913253871849253,0.09274756464149281
p1465_POS,p1465_POS,plasma,MTBL,B,20.865665831740664,0.16666608402833738
n893_NEG,n893_NEG,plasma,MTBL,B,21.88365562245584,0.1027069837466339
n1280_NEG,n1280_NEG,plasma,MTBL,B,20.175721151291096,0.13922834989248578
p1362_POS,p1362_POS,plasma,MTBL,B,22.03184353547669,0.1902299294181855
p3838_POS,p3838_POS,plasma,MTBL,B,14.456949059696942,0.27898466233345687
n3204_NEG,n3204_NEG,plasma,MTBL,B,15.676733648439756,0.04480877307199993
Meperidine_POS,Meperidine_POS,plasma,MTBL,B,13.043176702361908,0.18428282167276677
Glutaminylglutamine_POS,Glutaminylglutamine_POS,plasma,MTBL,B,13.53538239275981,0.11551045809200655
p4360_POS,p4360_POS,plasma,MTBL,B,18.567801437278895,0.3416555816843445
N-Lactoylleucine_POS,N-Lactoylleucine_POS,plasma,MTBL,B,21.402629422056776,0.37116271065155537
p1659_POS,p1659_POS,plasma,MTBL,B,21.688340220037176,0.13062185086867473
p5049_POS,p5049_POS,plasma,MTBL,B,16.726418720742657,0.4882775558670964
p2858_POS,p2858_POS,plasma,MTBL,B,20.204889257415108,0.2050034346015881
n3417_NEG,n3417_NEG,plasma,MTBL,B,13.054585907749145,0.10414521727494641
n233_NEG,n233_NEG,plasma,MTBL,B,21.000289117142326,0.24188276691086585
n2116_NEG,n2116_NEG,plasma,MTBL,B,17.961113349180508,0.26452155965287716
p250_POS,p250_POS,plasma,MTBL,B,25.161233262417287,0.18655403685175997
[Similar to: L-Threonic acid; ΔMass: 67.9747 Da]_NEG,[Similar to: L-Threonic acid; ΔMass: 67.9747 Da]_NEG,plasma,MTBL,B,17.819314346675768,0.10356819366777614
[Similar to: L-Threonic acid; ΔMass: 112.0010 Da]_NEG,[Similar to: L-Threonic acid; ΔMass: 112.0010 Da]_NEG,plasma,MTBL,B,17.242512821910225,0.2388552298162505
n3606_NEG,n3606_NEG,plasma,MTBL,B,12.508867556114282,0.09079792356210259
p5693_POS,p5693_POS,plasma,MTBL,B,11.863688427875392,0.1929277650440353
p1805_POS,p1805_POS,plasma,MTBL,B,16.88845290460165,0.18185013943763373
p700_POS,p700_POS,plasma,MTBL,B,21.111393297830418,0.22108446705493634
n1365_NEG,n1365_NEG,plasma,MTBL,B,20.449536808979445,0.14518873926447284
p5408_POS,p5408_POS,plasma,MTBL,B,16.232784625005927,0.12703694933589915
n682_NEG,n682_NEG,plasma,MTBL,B,14.537963978443958,0.06425129664263984
n3565_NEG,n3565_NEG,plasma,MTBL,B,12.129560579348537,0.03784339105038903
p2130_POS,p2130_POS,plasma,MTBL,B,18.474883312214512,0.23130234279213902
p1813_POS,p1813_POS,plasma,MTBL,B,19.364804046878305,0.14851808431007996
1-Methoxy-1H-indole-3-acetonitrile_POS,1-Methoxy-1H-indole-3-acetonitrile_POS,plasma,MTBL,B,15.334681928646294,0.11940596531717773
p944_POS,p944_POS,plasma,MTBL,B,16.54150972398547,0.13125687226057714
p4647_POS,p4647_POS,plasma,MTBL,B,14.40972274288831,0.22373736045329995
p4462_POS,p4462_POS,plasma,MTBL,B,14.174286843480935,0.1855090709199647
p480_POS,p480_POS,plasma,MTBL,B,23.198678822814788,0.22842453195296564
2-(methylthio)-4-(3-pyridyl)pyrimidine_POS,2-(methylthio)-4-(3-pyridyl)pyrimidine_POS,plasma,MTBL,B,23.295567673804815,0.16290644138969945
p2452_POS,p2452_POS,plasma,MTBL,B,17.92806300709834,0.3023367583427081
p839_POS,p839_POS,plasma,MTBL,B,17.880118645139238,0.16959639422739414
p5539_POS,p5539_POS,plasma,MTBL,B,13.29500893150233,0.24263273442257027
p1187_POS,p1187_POS,plasma,MTBL,B,19.399017883941582,0.18758779788131008
p741_POS,p741_POS,plasma,MTBL,B,23.11809494224083,0.23987242288987254
p2300_POS,p2300_POS,plasma,MTBL,B,18.781933169078364,0.24286673267106984
p1920_POS,p1920_POS,plasma,MTBL,B,18.319441871515835,0.190332686480426
p1351_POS,p1351_POS,plasma,MTBL,B,19.473073761437156,0.3742017997587048
p2423_POS,p2423_POS,plasma,MTBL,B,15.740827596562877,0.27482859528077164
p1606_POS,p1606_POS,plasma,MTBL,B,17.87679320089036,0.19718081130852738
Nalidixic Acid_NEG,Nalidixic Acid_NEG,plasma,MTBL,B,12.731707360364936,0.15445685864846936
p4902_POS,p4902_POS,plasma,MTBL,B,14.437659948333696,0.5858367509197571
p5773_POS,p5773_POS,plasma,MTBL,B,12.988056216691916,0.10074220602570794
p1859_POS,p1859_POS,plasma,MTBL,B,19.844689679896128,0.24022255139881565
Citrulline_NEG,Citrulline_NEG,plasma,MTBL,B,20.66343398123753,0.22180392412306915
p3205_POS,p3205_POS,plasma,MTBL,B,19.086147010247362,0.19274395742019124
n1356_NEG,n1356_NEG,plasma,MTBL,B,19.61915872169837,0.1938840718686805
Ethyl 4-(2-methoxyphenyl)piperazine-1-carboxylate_POS,Ethyl 4-(2-methoxyphenyl)piperazine-1-carboxylate_POS,plasma,MTBL,B,13.279665808051888,0.14080764582156302
p5097_POS,p5097_POS,plasma,MTBL,B,13.169406653129744,0.23004098248105542
p1491_POS,p1491_POS,plasma,MTBL,B,21.87208575888141,0.2990552511593272
p1222_POS,p1222_POS,plasma,MTBL,B,19.81322651861772,0.24273074851432952
p3965_POS,p3965_POS,plasma,MTBL,B,18.395514435403705,0.2516706639150481
p1262_POS,p1262_POS,plasma,MTBL,B,14.6478348658419,0.1495618851744025
acutumidine_POS,acutumidine_POS,plasma,MTBL,B,21.38391442042021,0.27937282221516746
p1046_POS,p1046_POS,plasma,MTBL,B,21.049926641107774,0.2505504993893979
n2058_NEG,n2058_NEG,plasma,MTBL,B,19.09181903366332,0.15741829392169748
n3217_NEG,n3217_NEG,plasma,MTBL,B,16.294252070636844,0.27045275337747476
p2965_POS,p2965_POS,plasma,MTBL,B,12.897206010903155,0.23421557202872556
n3391_NEG,n3391_NEG,plasma,MTBL,B,14.234280570953352,0.04712050733644091
n2492_NEG,n2492_NEG,plasma,MTBL,B,18.04414179859257,0.1741248756477738
n3887_NEG,n3887_NEG,plasma,MTBL,B,10.371290015524346,0.06729906257848306
n3575_NEG,n3575_NEG,plasma,MTBL,B,15.871129219131866,0.2848547313400154
p1208_POS,p1208_POS,plasma,MTBL,B,20.892578841272226,0.1336679779466241
p5170_POS,p5170_POS,plasma,MTBL,B,13.085338363836467,0.17268861172341854
p2652_POS,p2652_POS,plasma,MTBL,B,15.13499964192546,0.19254312934173523
p1657_POS,p1657_POS,plasma,MTBL,B,21.693752916817292,0.13061884680492142
p965_POS,p965_POS,plasma,MTBL,B,22.767553115869163,0.19410685262837646
p5372_POS,p5372_POS,plasma,MTBL,B,15.690094117888854,0.14105319834931596
(S)-3-[(Cyanophenylmethyl)amino]-3-oxopropanoic acid_POS,(S)-3-[(Cyanophenylmethyl)amino]-3-oxopropanoic acid_POS,plasma,MTBL,B,23.446654599468637,0.21733028055866832
p1277_POS,p1277_POS,plasma,MTBL,B,21.289716078552864,0.1464657059487653
p2870_POS,p2870_POS,plasma,MTBL,B,16.41668328546489,0.12403964273519819
p2198_POS,p2198_POS,plasma,MTBL,B,16.21776351979019,0.15554114852954903
n3140_NEG,n3140_NEG,plasma,MTBL,B,13.33984303015211,0.09944161939663587
p206_POS,p206_POS,plasma,MTBL,B,25.391057861403176,0.13055472500894005
p2791_POS,p2791_POS,plasma,MTBL,B,15.338604198458182,0.15829309177992013
p3799_POS,p3799_POS,plasma,MTBL,B,13.05531123513192,0.028046030934961053
p2311_POS,p2311_POS,plasma,MTBL,B,14.215834932612664,0.23625161432949326
p4541_POS,p4541_POS,plasma,MTBL,B,12.361090686051819,0.16257608066887919
p4254_POS,p4254_POS,plasma,MTBL,B,12.38260026422205,0.13159574940804397
p1422_POS,p1422_POS,plasma,MTBL,B,21.060866601694748,0.3060148486379468
n3175_NEG,n3175_NEG,plasma,MTBL,B,12.073781752701509,0.03720004915125852
p3817_POS,p3817_POS,plasma,MTBL,B,14.668626799480634,0.1588468270710539
p5660_POS,p5660_POS,plasma,MTBL,B,10.82002842775817,0.1290032810729409
N-Cyclohexyltaurine_POS,N-Cyclohexyltaurine_POS,plasma,MTBL,B,13.237554251802262,0.048737182278472346
p3972_POS,p3972_POS,plasma,MTBL,B,16.282441875757016,0.17601162565003392
p1224_POS,p1224_POS,plasma,MTBL,B,21.505262097980165,0.177440453535052
n1512_NEG,n1512_NEG,plasma,MTBL,B,20.138875427101567,0.1355011237569954
p1865_POS,p1865_POS,plasma,MTBL,B,19.825977174163867,0.1997421874275318
p5644_POS,p5644_POS,plasma,MTBL,B,13.27952482025336,0.2488544459116655
n1785_NEG,n1785_NEG,plasma,MTBL,B,18.513324118437076,0.3373754510824387
p1272_POS,p1272_POS,plasma,MTBL,B,22.27491493235282,0.1754578099431381
p3352_POS,p3352_POS,plasma,MTBL,B,18.944813684585604,0.1214288981311995
p2699_POS,p2699_POS,plasma,MTBL,B,15.90426391910405,0.4096651318697937
2-(Dimethylamino)acetonitrile_POS,2-(Dimethylamino)acetonitrile_POS,plasma,MTBL,B,22.950966617441395,0.20586664542463318
p2618_POS,p2618_POS,plasma,MTBL,B,12.357522654292737,0.2511807883836825
p5608_POS,p5608_POS,plasma,MTBL,B,12.951056749244994,0.10789207844982496
p1649_POS,p1649_POS,plasma,MTBL,B,19.62518215838073,0.26302947411621247
p3551_POS,p3551_POS,plasma,MTBL,B,17.823229160277968,0.2149042587350216
n3608_NEG,n3608_NEG,plasma,MTBL,B,9.851615014033342,0.09643477895693042
p504_POS,p504_POS,plasma,MTBL,B,22.382928771627206,0.22935354123564267
p2502_POS,p2502_POS,plasma,MTBL,B,20.24967730203639,0.28191757371991955
p4630_POS,p4630_POS,plasma,MTBL,B,18.72036414560532,0.30280693686370874
p2205_POS,p2205_POS,plasma,MTBL,B,17.338214641814126,0.6134429074625327
NP-003117_POS,NP-003117_POS,plasma,MTBL,B,14.687508437511811,0.1665081796920873
p532_POS,p532_POS,plasma,MTBL,B,17.416464532310513,0.16500860344274138
p4990_POS,p4990_POS,plasma,MTBL,B,14.602423501573917,0.2532297403176571
p1460_POS,p1460_POS,plasma,MTBL,B,21.019091713289978,0.18784919068068362
p4605_POS,p4605_POS,plasma,MTBL,B,13.404766770695167,0.12205739995453868
2-Octenoic acid_POS,2-Octenoic acid_POS,plasma,MTBL,B,15.676363986548076,0.4261279958104627
n2407_NEG,n2407_NEG,plasma,MTBL,B,18.39101172358479,0.18619921932333128
n1763_NEG,n1763_NEG,plasma,MTBL,B,15.042722549124683,0.2506678612933886
p3541_POS,p3541_POS,plasma,MTBL,B,16.13069689868055,0.2096907720107728
p4237_POS,p4237_POS,plasma,MTBL,B,15.365111873819647,0.35140494842038006
n3795_NEG,n3795_NEG,plasma,MTBL,B,13.325830145058351,0.4138485222863535
p1211_POS,p1211_POS,plasma,MTBL,B,20.867806939178077,0.14802052945481314
Cladospolide E_POS,Cladospolide E_POS,plasma,MTBL,B,14.469098431430293,0.8212082819811988
n1340_NEG,n1340_NEG,plasma,MTBL,B,20.99276464723551,0.10005244098189792
Dibenzylamine_POS,Dibenzylamine_POS,plasma,MTBL,B,19.09978973317525,0.22563720284884603
p1706_POS,p1706_POS,plasma,MTBL,B,21.550384756842114,0.15711064342705505
p325_POS,p325_POS,plasma,MTBL,B,23.820885351600232,0.29233622330252196
p3307_POS,p3307_POS,plasma,MTBL,B,15.750584968448912,0.13411555922779783
p789_POS,p789_POS,plasma,MTBL,B,20.44435025280077,0.11479677891944107
p3126_POS,p3126_POS,plasma,MTBL,B,18.630608960713715,0.2318078005104418
p832_POS,p832_POS,plasma,MTBL,B,23.06433035504834,0.28945984211886255
n3679_NEG,n3679_NEG,plasma,MTBL,B,14.058748086705616,0.2710929057575564
p1695_POS,p1695_POS,plasma,MTBL,B,13.31334680765281,0.04895705999460276
n2026_NEG,n2026_NEG,plasma,MTBL,B,18.769096086412237,0.13130665217129156
p2322_POS,p2322_POS,plasma,MTBL,B,18.56569619344547,0.6151881170194606
p1333_POS,p1333_POS,plasma,MTBL,B,15.262183280958837,0.11710531623141307
p3580_POS,p3580_POS,plasma,MTBL,B,18.775367787824518,0.23063812762990388
p4443_POS,p4443_POS,plasma,MTBL,B,13.115235278011568,0.19624013094990733
p3584_POS,p3584_POS,plasma,MTBL,B,15.985999084967396,0.10431446459883009
p5645_POS,p5645_POS,plasma,MTBL,B,13.172262947455856,0.23030374141241872
Geranylpyrrol A_POS,Geranylpyrrol A_POS,plasma,MTBL,B,13.215187857782531,0.12842143117568483
p1023_POS,p1023_POS,plasma,MTBL,B,22.54813544291714,0.20421370833915198
p3036_POS,p3036_POS,plasma,MTBL,B,18.8963360537291,0.18470956922760706
p5794_POS,p5794_POS,plasma,MTBL,B,10.938078082756629,0.12047228112775876
p3203_POS,p3203_POS,plasma,MTBL,B,18.58647606440848,0.4847906618528022
p3318_POS,p3318_POS,plasma,MTBL,B,12.186613550676748,0.10281338367131276
cis-Acetylacrylate_NEG,cis-Acetylacrylate_NEG,plasma,MTBL,B,23.307849425077126,0.14793476853554388
p2698_POS,p2698_POS,plasma,MTBL,B,15.89953611191989,0.36299149902786443
n1452_NEG,n1452_NEG,plasma,MTBL,B,17.115566535370572,0.06115548145630534
p1748_POS,p1748_POS,plasma,MTBL,B,19.995765293558936,0.22621107038416888
"3-Hydroxyadipic acid 3,6-lactone_POS","3-Hydroxyadipic acid 3,6-lactone_POS",plasma,MTBL,B,21.64656517666053,0.21999519852444926
p4693_POS,p4693_POS,plasma,MTBL,B,14.745295701236179,0.16663594682758198
p649_POS,p649_POS,plasma,MTBL,B,22.862668983623287,0.2781642029101494
p4870_POS,p4870_POS,plasma,MTBL,B,14.389671185152725,0.24779369864641865
n1683_NEG,n1683_NEG,plasma,MTBL,B,14.264452266640696,0.095827911391976
p198_POS,p198_POS,plasma,MTBL,B,25.654416689322566,0.12563029160348727
2-Imidazolidone_POS,2-Imidazolidone_POS,plasma,MTBL,B,17.992037424672514,0.31255220583464016
n3500_NEG,n3500_NEG,plasma,MTBL,B,12.379901805030586,0.02919961929824577
p1464_POS,p1464_POS,plasma,MTBL,B,20.845257128343807,0.18346333566215733
Poly THF n4_POS,Poly THF n4_POS,plasma,MTBL,B,12.762149857446415,0.131298362001238
n1686_NEG,n1686_NEG,plasma,MTBL,B,18.6446033438326,0.18856271807165648
p241_POS,p241_POS,plasma,MTBL,B,24.361533918231423,0.13797857178430206
p359_POS,p359_POS,plasma,MTBL,B,23.444680047739922,0.2980309581136229
p4402_POS,p4402_POS,plasma,MTBL,B,14.242194590190907,0.15829820240096648
n3728_NEG,n3728_NEG,plasma,MTBL,B,11.408188733114372,0.031250386242870576
p4570_POS,p4570_POS,plasma,MTBL,B,15.536187109578037,0.305286805820959
p1966_POS,p1966_POS,plasma,MTBL,B,17.52844477523181,0.2862397895444655
p1852_POS,p1852_POS,plasma,MTBL,B,16.84474891943476,0.1808729787454304
p3367_POS,p3367_POS,plasma,MTBL,B,18.578208934465568,0.34352626708720635
p2623_POS,p2623_POS,plasma,MTBL,B,13.59647016334172,1.3211062704052114
p5177_POS,p5177_POS,plasma,MTBL,B,12.4371559506362,0.2952150014016075
"1,3,11-Tridecatriene-5,7,9-triyne_POS","1,3,11-Tridecatriene-5,7,9-triyne_POS",plasma,MTBL,B,13.035020414194788,0.1447252582485241
n3668_NEG,n3668_NEG,plasma,MTBL,B,11.981522258387107,0.11473949470025069
p4005_POS,p4005_POS,plasma,MTBL,B,13.53734975426899,0.047829253347305034
n1194_NEG,n1194_NEG,plasma,MTBL,B,20.181543923855287,0.12420913062986472
p961_POS,p961_POS,plasma,MTBL,B,20.617639533331797,0.23383504583601322
2-Methoxy-N-[2-(4-sulfamoylphenyl)ethyl]benzamide_NEG,2-Methoxy-N-[2-(4-sulfamoylphenyl)ethyl]benzamide_NEG,plasma,MTBL,B,15.469371238448023,0.09742126533298379
n3714_NEG,n3714_NEG,plasma,MTBL,B,11.806800755671803,0.15223145411806183
p2708_POS,p2708_POS,plasma,MTBL,B,20.4172200501654,0.21490399182818543
p4677_POS,p4677_POS,plasma,MTBL,B,15.757330704855047,0.30384253621524593
p5101_POS,p5101_POS,plasma,MTBL,B,10.981635817233277,0.16437706079259584
n2297_NEG,n2297_NEG,plasma,MTBL,B,14.864092445448687,0.09016699146531959
Trifluoroacetic acid_NEG,Trifluoroacetic acid_NEG,plasma,MTBL,B,27.547087820313337,0.08901829111875692
p3916_POS,p3916_POS,plasma,MTBL,B,12.392961249394071,0.21395467743425467
n588_NEG,n588_NEG,plasma,MTBL,B,19.476349617193463,0.22332547261177993
n2521_NEG,n2521_NEG,plasma,MTBL,B,16.881362153147744,0.1893473529520886
n2943_NEG,n2943_NEG,plasma,MTBL,B,16.637157703562718,0.17651209773649512
p5039_POS,p5039_POS,plasma,MTBL,B,13.60826248543561,0.29563097574901676
p2169_POS,p2169_POS,plasma,MTBL,B,20.081516879011392,0.1554588576883198
p3194_POS,p3194_POS,plasma,MTBL,B,18.892222465354983,0.18351663509090343
p290_POS,p290_POS,plasma,MTBL,B,20.680717183904136,0.290293867619523
4-(Glutamylamino) butanoate_POS,4-(Glutamylamino) butanoate_POS,plasma,MTBL,B,13.24115979098123,0.045803154859427764
n694_NEG,n694_NEG,plasma,MTBL,B,20.783390784888425,0.09965917179577666
p1667_POS,p1667_POS,plasma,MTBL,B,16.892418614340308,0.2616991947536569
n3741_NEG,n3741_NEG,plasma,MTBL,B,13.033354778439303,0.09789398299842222
methadone-d9_NEG,methadone-d9_NEG,plasma,MTBL,B,26.09330662260176,0.09714466381395859
p2672_POS,p2672_POS,plasma,MTBL,B,17.63397619897141,0.0783722002098397
n1195_NEG,n1195_NEG,plasma,MTBL,B,20.86572619463538,0.16570028459016406
"2-Isopropyl-3,5-dimethoxy-6-methylpyrazine_POS","2-Isopropyl-3,5-dimethoxy-6-methylpyrazine_POS",plasma,MTBL,B,17.231954726796964,0.06384736157764692
beta-Alanine_POS,beta-Alanine_POS,plasma,MTBL,B,25.253686898242677,0.231147347187731
p4265_POS,p4265_POS,plasma,MTBL,B,13.209462292913713,0.12262658901204126
n247_NEG,n247_NEG,plasma,MTBL,B,20.58074745547154,0.16225204227245094
n2504_NEG,n2504_NEG,plasma,MTBL,B,16.517257909147258,0.05488787283356622
p4522_POS,p4522_POS,plasma,MTBL,B,17.981207324943863,0.23699894003830302
Cyclo(phenylalanyl-prolyl)_POS,Cyclo(phenylalanyl-prolyl)_POS,plasma,MTBL,B,13.846302002143869,0.2435142223083746
"1-[2-(2,5-Dimethyl-1H-pyrrol-1-yl)-4-nitrophenyl]-4-(methylsulfonyl)piperazine_POS","1-[2-(2,5-Dimethyl-1H-pyrrol-1-yl)-4-nitrophenyl]-4-(methylsulfonyl)piperazine_POS",plasma,MTBL,B,12.949327753762926,0.16831344497983025
p2632_POS,p2632_POS,plasma,MTBL,B,14.767615790575924,0.14381582006656224
Acetazolamide_NEG,Acetazolamide_NEG,plasma,MTBL,B,12.39006606876491,0.07273395552908557
n1650_NEG,n1650_NEG,plasma,MTBL,B,19.696395924182962,0.185969066407635
n3479_NEG,n3479_NEG,plasma,MTBL,B,12.175661896763987,0.03913704474871427
p5123_POS,p5123_POS,plasma,MTBL,B,13.40011604323989,0.1312983620012389
p2072_POS,p2072_POS,plasma,MTBL,B,18.644020838107153,0.2131052485534326
p5658_POS,p5658_POS,plasma,MTBL,B,12.583766602684529,0.13920648876880293
n3750_NEG,n3750_NEG,plasma,MTBL,B,12.520462584734144,0.10613778953288033
Pyrogallol_NEG,Pyrogallol_NEG,plasma,MTBL,B,21.891414042309655,0.274107000400722
p4130_POS,p4130_POS,plasma,MTBL,B,13.267720727518345,0.09543217848793706
n2020_NEG,n2020_NEG,plasma,MTBL,B,19.087156999121714,0.23587074341963898
n3016_NEG,n3016_NEG,plasma,MTBL,B,16.062452305728527,0.2141908054352104
3-(dimethylamino)-1-(2-pyridyl)prop-2-en-1-one_POS,3-(dimethylamino)-1-(2-pyridyl)prop-2-en-1-one_POS,plasma,MTBL,B,14.860508569926669,0.07922030394911861
p2119_POS,p2119_POS,plasma,MTBL,B,19.007950467595037,0.1304939482697165
3-[2-Carboxyprop-1-enyl(ethoxycarbonyl)amino]-2-methylprop-2-enoic acid_POS,3-[2-Carboxyprop-1-enyl(ethoxycarbonyl)amino]-2-methylprop-2-enoic acid_POS,plasma,MTBL,B,11.549417664405482,0.04054816441040554
p5637_POS,p5637_POS,plasma,MTBL,B,12.640724422198314,0.08844777874413534
n3876_NEG,n3876_NEG,plasma,MTBL,B,9.969988315920812,0.03065747864004731
n3466_NEG,n3466_NEG,plasma,MTBL,B,14.896349210172577,0.23658105693132114
p5321_POS,p5321_POS,plasma,MTBL,B,13.268353146777978,0.13258222258367525
p2314_POS,p2314_POS,plasma,MTBL,B,18.215652584327994,0.28169848856562396
p3024_POS,p3024_POS,plasma,MTBL,B,13.539176473448741,0.11711047479729508
p2059_POS,p2059_POS,plasma,MTBL,B,13.934216743654108,0.47958787326116337
Allopurinol_NEG,Allopurinol_NEG,plasma,MTBL,B,22.559824407183942,0.2990650934054866
n3918_NEG,n3918_NEG,plasma,MTBL,B,8.51895065935051,0.04617257685680087
Xylactam_POS,Xylactam_POS,plasma,MTBL,B,12.685081412130181,0.12669726981411422
n525_NEG,n525_NEG,plasma,MTBL,B,19.837254524414508,0.21452991089328854
p3233_POS,p3233_POS,plasma,MTBL,B,18.566021347331386,0.2284866861196182
p3368_POS,p3368_POS,plasma,MTBL,B,15.915202642924935,0.18358270508605568
p3202_POS,p3202_POS,plasma,MTBL,B,18.5821511333967,0.2016246851325274
p4359_POS,p4359_POS,plasma,MTBL,B,18.3678948885173,0.2562099578885739
"4-Azaspiro[bicyclo[2.2.2]octane-2,2'-[1,4]oxazolidine]-5'-one_POS","4-Azaspiro[bicyclo[2.2.2]octane-2,2'-[1,4]oxazolidine]-5'-one_POS",plasma,MTBL,B,15.922165248232666,0.5346533689142934
Butyric acid_POS,Butyric acid_POS,plasma,MTBL,B,22.564660745828466,0.13814796543140773
p3548_POS,p3548_POS,plasma,MTBL,B,13.07340524179184,0.047521433498896926
3-Hydroxymethylglutaric acid_POS,3-Hydroxymethylglutaric acid_POS,plasma,MTBL,B,21.47471507541608,0.241957354298318
p5087_POS,p5087_POS,plasma,MTBL,B,16.601088665540424,0.4031025116371474
p2681_POS,p2681_POS,plasma,MTBL,B,20.05585270506267,0.25556946315376905
p2701_POS,p2701_POS,plasma,MTBL,B,16.616495821225875,0.23995265527135068
p3672_POS,p3672_POS,plasma,MTBL,B,13.11339259607446,0.14777234683669338
n524_NEG,n524_NEG,plasma,MTBL,B,19.75544549584779,0.2655490342528566
p519_POS,p519_POS,plasma,MTBL,B,20.959997477992736,0.24952609470295428
p4331_POS,p4331_POS,plasma,MTBL,B,18.79813874660676,0.25619364943831613
p5360_POS,p5360_POS,plasma,MTBL,B,16.482526415069678,0.2455807657450091
n536_NEG,n536_NEG,plasma,MTBL,B,22.720588349073118,0.09408078268077347
n867_NEG,n867_NEG,plasma,MTBL,B,15.303649550910727,0.0463760067969341
p3828_POS,p3828_POS,plasma,MTBL,B,15.472250098138723,0.28466595349596346
n3168_NEG,n3168_NEG,plasma,MTBL,B,10.317383863415662,0.03199588802748199
n3689_NEG,n3689_NEG,plasma,MTBL,B,9.092378754927793,0.06380007687293876
p242_POS,p242_POS,plasma,MTBL,B,25.701049671260364,0.2192123880203809
p4763_POS,p4763_POS,plasma,MTBL,B,15.294070322887023,0.14108243091536465
p1674_POS,p1674_POS,plasma,MTBL,B,19.75787419444297,0.20523194597783423
p1045_POS,p1045_POS,plasma,MTBL,B,21.05703151333498,0.2573176718087016
n1262_NEG,n1262_NEG,plasma,MTBL,B,20.966462993100542,0.12781783829930404
p1696_POS,p1696_POS,plasma,MTBL,B,18.924927959070835,0.1690799020611582
L-(+)-Citrulline_POS,L-(+)-Citrulline_POS,plasma,MTBL,B,22.619522218298933,0.23361900495612886
p607_POS,p607_POS,plasma,MTBL,B,19.860589835798756,0.227344703287633
p1906_POS,p1906_POS,plasma,MTBL,B,18.328978771372313,0.18994769024727987
p4067_POS,p4067_POS,plasma,MTBL,B,14.94453845606224,0.2312389261869905
p3783_POS,p3783_POS,plasma,MTBL,B,14.998788781235794,0.12460689409970094
p3077_POS,p3077_POS,plasma,MTBL,B,19.06510205087452,0.283872075789251
p2928_POS,p2928_POS,plasma,MTBL,B,18.64038215471961,0.09174027645534366
n2474_NEG,n2474_NEG,plasma,MTBL,B,13.299219372551487,0.05446075219255064
n2712_NEG,n2712_NEG,plasma,MTBL,B,12.714804040466305,0.1270404333210049
n1985_NEG,n1985_NEG,plasma,MTBL,B,19.925305862720485,0.10670860696825812
p3435_POS,p3435_POS,plasma,MTBL,B,16.589823140672877,0.13409321577745814
n1370_NEG,n1370_NEG,plasma,MTBL,B,19.3176778074914,0.5434026367643057
p821_POS,p821_POS,plasma,MTBL,B,18.755966882539507,0.1589814772079059
n2037_NEG,n2037_NEG,plasma,MTBL,B,17.17286519827782,0.27471447475782007
"5,6-Dihydroxyindole_POS","5,6-Dihydroxyindole_POS",plasma,MTBL,B,12.49343989976824,0.12551079614769378
p5558_POS,p5558_POS,plasma,MTBL,B,11.603373619362126,0.13090160338915968
n623_NEG,n623_NEG,plasma,MTBL,B,22.520849071505342,0.13011294400402562
p4217_POS,p4217_POS,plasma,MTBL,B,14.618561906985203,0.258631148465172
p61_POS,p61_POS,plasma,MTBL,B,26.34374362151601,0.13327592873373284
p4379_POS,p4379_POS,plasma,MTBL,B,18.003720854554317,0.2212746555691325
p515_POS,p515_POS,plasma,MTBL,B,24.52357893364641,0.08879624350659654
n1546_NEG,n1546_NEG,plasma,MTBL,B,19.065625124000668,0.1285236249170989
Buflomedil_POS,Buflomedil_POS,plasma,MTBL,B,13.184825405344068,0.15527639176733388
Ethyl beta-D-glucopyranoside_POS,Ethyl beta-D-glucopyranoside_POS,plasma,MTBL,B,17.8614391983201,0.22070383801348115
p1664_POS,p1664_POS,plasma,MTBL,B,22.016524472618446,0.15198631597782963
n3911_NEG,n3911_NEG,plasma,MTBL,B,9.094940282336294,0.0479337716887942
n2806_NEG,n2806_NEG,plasma,MTBL,B,18.048027822272395,0.19972949209153157
Tetrahydrofuran_POS,Tetrahydrofuran_POS,plasma,MTBL,B,16.365777433179844,0.512173375101673
p3621_POS,p3621_POS,plasma,MTBL,B,14.915047741221986,0.9517147838886411
p1183_POS,p1183_POS,plasma,MTBL,B,13.324363349697908,0.0444664863983153
p1574_POS,p1574_POS,plasma,MTBL,B,20.84203697029821,0.17915524381201386
p237_POS,p237_POS,plasma,MTBL,B,25.711689545344825,0.17806160063543963
Medazepam_POS,Medazepam_POS,plasma,MTBL,B,13.729913181539741,0.11867695146401136
p5086_POS,p5086_POS,plasma,MTBL,B,14.281249281349595,0.25352716746266335
p2399_POS,p2399_POS,plasma,MTBL,B,19.895561363922454,0.14038814137424716
n85_NEG,n85_NEG,plasma,MTBL,B,26.412629356348937,0.09496261454100541
n2041_NEG,n2041_NEG,plasma,MTBL,B,18.793446057521734,0.1714157081169123
IL-1R Antagonist_POS,IL-1R Antagonist_POS,plasma,MTBL,B,13.228169186169854,0.20561261546532794
n3337_NEG,n3337_NEG,plasma,MTBL,B,14.657676775680091,0.3206761821304065
Citalopram hydrobromide_POS,Citalopram hydrobromide_POS,plasma,MTBL,B,15.995631604607192,0.15716025269286504
Methamphetamine_POS,Methamphetamine_POS,plasma,MTBL,B,16.30802458354157,0.19280719728283557
Methadone_POS,Methadone_POS,plasma,MTBL,B,12.003290422604078,0.17023717579860698
Alanylserine_POS,Alanylserine_POS,plasma,MTBL,B,18.512405518324393,0.1654976336163969
p544_POS,p544_POS,plasma,MTBL,B,23.033970686797304,0.29663167988834793
p1505_POS,p1505_POS,plasma,MTBL,B,20.256875787370692,0.337385151893308
n3675_NEG,n3675_NEG,plasma,MTBL,B,11.453678684816978,0.09239670412401146
"3,4-Dihydroxybenzylamine_POS","3,4-Dihydroxybenzylamine_POS",plasma,MTBL,B,17.378242416958628,0.20557249432626357
Erythrohydrobupropion_POS,Erythrohydrobupropion_POS,plasma,MTBL,B,13.605953933043768,0.1287479115091159
1-Phenyl-1H-pyrazole_POS,1-Phenyl-1H-pyrazole_POS,plasma,MTBL,B,20.52200354426141,0.17938377739586997
p5502_POS,p5502_POS,plasma,MTBL,B,12.811041734018247,0.17033949005052929
p4093_POS,p4093_POS,plasma,MTBL,B,17.458923808559174,0.2503837233079498
2-Aminoacrylic acid_POS,2-Aminoacrylic acid_POS,plasma,MTBL,B,19.870164976155195,0.32939832135450153
p3589_POS,p3589_POS,plasma,MTBL,B,13.77379766972133,0.17246720127281812
Acetaminophen glucuronide_POS,Acetaminophen glucuronide_POS,plasma,MTBL,B,15.899189460722608,0.1789003777011997
"1,1-Dichloroacetone_POS","1,1-Dichloroacetone_POS",plasma,MTBL,B,19.225367862260196,0.1637148369494419
n2527_NEG,n2527_NEG,plasma,MTBL,B,15.160940760532991,0.377520899391242
p4238_POS,p4238_POS,plasma,MTBL,B,13.771083770022368,0.28218665425734546
p3175_POS,p3175_POS,plasma,MTBL,B,18.443567803480075,0.28997885605227225
n1609_NEG,n1609_NEG,plasma,MTBL,B,19.439006861943806,0.24418843761955955
Allyl 2-(1H-benzimidazol-2-yl)-2-cyano-N-phenylethanimidothioate_POS,Allyl 2-(1H-benzimidazol-2-yl)-2-cyano-N-phenylethanimidothioate_POS,plasma,MTBL,B,13.745690128296715,0.20932947366324672
D-(-)-Ribose_NEG,D-(-)-Ribose_NEG,plasma,MTBL,B,20.434324895394603,0.17710566991060794
p1623_POS,p1623_POS,plasma,MTBL,B,15.984482665301794,0.45642044717730634
p994_POS,p994_POS,plasma,MTBL,B,19.49204316537631,0.250343935566784
L-beta-aspartyl-L-glycine_POS,L-beta-aspartyl-L-glycine_POS,plasma,MTBL,B,17.78381983354091,0.24934355862043134
p1768_POS,p1768_POS,plasma,MTBL,B,21.566750117509073,0.16684659421386527
Terretrione A_POS,Terretrione A_POS,plasma,MTBL,B,12.993598958705102,0.13567645487100677
p4459_POS,p4459_POS,plasma,MTBL,B,17.634012159724882,0.20801023738315294
p3844_POS,p3844_POS,plasma,MTBL,B,17.875964700693544,0.27960133174461355
p1559_POS,p1559_POS,plasma,MTBL,B,21.138500669680333,0.20937457702663842
n819_NEG,n819_NEG,plasma,MTBL,B,21.389041785168416,0.16827399132981746
n2559_NEG,n2559_NEG,plasma,MTBL,B,17.717785292419705,0.3501949800711621
p954_POS,p954_POS,plasma,MTBL,B,20.80736011924347,0.23036633000319817
Cotinine_POS,Cotinine_POS,plasma,MTBL,B,14.78608067758498,0.2711885331861703
N'-Formylkynurenine_POS,N'-Formylkynurenine_POS,plasma,MTBL,B,21.1530052689806,0.24344425712313544
p1486_POS,p1486_POS,plasma,MTBL,B,15.96461052491382,0.12697110875083784
p5718_POS,p5718_POS,plasma,MTBL,B,11.646308204940057,0.1624882573660189
p1633_POS,p1633_POS,plasma,MTBL,B,20.73657498173254,0.1824975165802858
n296_NEG,n296_NEG,plasma,MTBL,B,23.58937336642786,0.13141769856905583
p2312_POS,p2312_POS,plasma,MTBL,B,18.156569688939612,0.34034826858150247
Paecilaminol_POS,Paecilaminol_POS,plasma,MTBL,B,15.527705634193731,0.21310368808069402
p1457_POS,p1457_POS,plasma,MTBL,B,21.39279035950321,0.19569335249298625
p3161_POS,p3161_POS,plasma,MTBL,B,18.323203840533935,0.15604270597333958
p3017_POS,p3017_POS,plasma,MTBL,B,12.405514347256585,0.13672023339996286
p747_POS,p747_POS,plasma,MTBL,B,21.68336974492978,0.18092461415654348
p2247_POS,p2247_POS,plasma,MTBL,B,14.11698246810464,0.18844373803471992
n3180_NEG,n3180_NEG,plasma,MTBL,B,13.420664523813837,0.07290746345646237
n1758_NEG,n1758_NEG,plasma,MTBL,B,19.272360620191698,0.2070289100500844
n526_NEG,n526_NEG,plasma,MTBL,B,20.179257610281695,0.2550869932316946
p1629_POS,p1629_POS,plasma,MTBL,B,14.177448076546135,0.2040354604622916
p4475_POS,p4475_POS,plasma,MTBL,B,12.858798451426267,0.03270085945896195
p5390_POS,p5390_POS,plasma,MTBL,B,12.50403734846524,0.13129836200123712
p4981_POS,p4981_POS,plasma,MTBL,B,12.895331034722505,0.04788288098911675
Cytidine monophosphate_POS,Cytidine monophosphate_POS,plasma,MTBL,B,15.093800140069948,0.23106549345151706
p1296_POS,p1296_POS,plasma,MTBL,B,21.854133268713333,0.2610215846759054
n3700_NEG,n3700_NEG,plasma,MTBL,B,10.967055085245686,0.05637845985825862
p1282_POS,p1282_POS,plasma,MTBL,B,22.27503991201251,0.17504008625230227
p3839_POS,p3839_POS,plasma,MTBL,B,13.636140417160037,0.1332530294690475
p1520_POS,p1520_POS,plasma,MTBL,B,19.43776305665616,0.2737527136911382
p2426_POS,p2426_POS,plasma,MTBL,B,15.59570288066825,0.19453242480543587
p3843_POS,p3843_POS,plasma,MTBL,B,13.10249230151472,0.12105620184414345
NP-022451_POS,NP-022451_POS,plasma,MTBL,B,18.713527965805376,0.34077081196595316
p4556_POS,p4556_POS,plasma,MTBL,B,12.25728741408832,0.12814626345858304
p2180_POS,p2180_POS,plasma,MTBL,B,20.79012477673746,0.20277645011549517
n3298_NEG,n3298_NEG,plasma,MTBL,B,12.784133467826663,0.03230368034614717
p4753_POS,p4753_POS,plasma,MTBL,B,13.593830443046073,0.06107702579740071
L-Pyroglutamic acid_POS,L-Pyroglutamic acid_POS,plasma,MTBL,B,25.84844650804006,0.16359413259533184
n844_NEG,n844_NEG,plasma,MTBL,B,21.746594765727146,0.08487775337228243
p526_POS,p526_POS,plasma,MTBL,B,18.21935472858717,0.5484102820933927
p1290_POS,p1290_POS,plasma,MTBL,B,21.04572388060034,0.13162388728169283
p4948_POS,p4948_POS,plasma,MTBL,B,15.68152173662579,0.1466172359786686
p3583_POS,p3583_POS,plasma,MTBL,B,15.959767732022025,0.17441221737102808
p5758_POS,p5758_POS,plasma,MTBL,B,12.128246733548533,0.12502131299322983
p948_POS,p948_POS,plasma,MTBL,B,15.686634803060247,0.38428271796700564
L-Erythrulose_NEG,L-Erythrulose_NEG,plasma,MTBL,B,23.920099782317845,0.16663747316052913
p1648_POS,p1648_POS,plasma,MTBL,B,21.993990732902127,0.1539192951837478
n2164_NEG,n2164_NEG,plasma,MTBL,B,14.84185482700186,0.2818134391127707
2-Pyridylacetic acid_POS,2-Pyridylacetic acid_POS,plasma,MTBL,B,13.049172542726254,0.16870962871005357
p952_POS,p952_POS,plasma,MTBL,B,15.436145447374116,0.11909770274426901
n915_NEG,n915_NEG,plasma,MTBL,B,19.611770132998895,0.11540681712842904
p2926_POS,p2926_POS,plasma,MTBL,B,18.432143609511108,0.15353016116518425
p3614_POS,p3614_POS,plasma,MTBL,B,13.605556800953236,0.11452291327277297
p1006_POS,p1006_POS,plasma,MTBL,B,20.491422692124814,0.1749585279217971
α-Lactose_POS,α-Lactose_POS,plasma,MTBL,B,16.0261766740195,0.9649936654830569
thiol-maleimide_POS,thiol-maleimide_POS,plasma,MTBL,B,13.775645587088865,0.1838813879642771
p1325_POS,p1325_POS,plasma,MTBL,B,20.640646785722726,0.22518702106648547
p1541_POS,p1541_POS,plasma,MTBL,B,19.511894034518786,0.21205715223823063
p5784_POS,p5784_POS,plasma,MTBL,B,12.612234339293959,0.06969131804727091
p5183_POS,p5183_POS,plasma,MTBL,B,12.763840968920313,0.23957655025083913
p389_POS,p389_POS,plasma,MTBL,B,22.61782618622809,0.21413775893620723
Guanidoacetic acid_POS,Guanidoacetic acid_POS,plasma,MTBL,B,18.378746347504762,0.3311336181632445
p3244_POS,p3244_POS,plasma,MTBL,B,15.749736569511494,0.1495842440488273
p3820_POS,p3820_POS,plasma,MTBL,B,12.932036226103643,0.14470094419586932
p2817_POS,p2817_POS,plasma,MTBL,B,18.675772026384003,0.24870638732849315
p304_POS,p304_POS,plasma,MTBL,B,21.99073356894752,0.2182121268440831
n2563_NEG,n2563_NEG,plasma,MTBL,B,17.14976882778184,0.3826868233934668
"(2R*,3R*)-1,2,3-Butanetriol_POS","(2R*,3R*)-1,2,3-Butanetriol_POS",plasma,MTBL,B,19.94196631989307,0.15390934921399868
p4918_POS,p4918_POS,plasma,MTBL,B,15.576091729787326,0.09178162287768554
Cyclic AMP_NEG,Cyclic AMP_NEG,plasma,MTBL,B,14.34605818238884,0.24892486940553393
n3121_NEG,n3121_NEG,plasma,MTBL,B,14.310390777398705,0.16216131000595624
p2553_POS,p2553_POS,plasma,MTBL,B,17.68792892819556,0.3115266641193486
n3766_NEG,n3766_NEG,plasma,MTBL,B,11.194246004562045,0.031333454078619205
p191_POS,p191_POS,plasma,MTBL,B,22.4214813990701,0.15083939943468216
D-Raffinose_POS,D-Raffinose_POS,plasma,MTBL,B,14.53283095511063,0.6452248076342979
Aspartame_POS,Aspartame_POS,plasma,MTBL,B,16.039873123543796,0.206431352874767
p924_POS,p924_POS,plasma,MTBL,B,20.769089499524704,0.15436856313765546
NP-008998_POS,NP-008998_POS,plasma,MTBL,B,14.792208003343035,0.11778700394680186
p3321_POS,p3321_POS,plasma,MTBL,B,14.400549437592815,0.20001467921811678
n83_NEG,n83_NEG,plasma,MTBL,B,24.16733160012054,0.07523031446529771
p260_POS,p260_POS,plasma,MTBL,B,25.156517251274927,0.17978597258471218
p3769_POS,p3769_POS,plasma,MTBL,B,13.959126770331261,0.22058384900004846
p4022_POS,p4022_POS,plasma,MTBL,B,17.7404925813575,0.40120602015104545
n3109_NEG,n3109_NEG,plasma,MTBL,B,17.550114722468194,0.37636648409816864
Capsianoside I_POS,Capsianoside I_POS,plasma,MTBL,B,13.749905072358537,0.1501747077150295
p380_POS,p380_POS,plasma,MTBL,B,24.48689526725287,0.13528003186165094
Creatine_POS,Creatine_POS,plasma,MTBL,B,23.720989121531865,0.41085708569427304
"2,4-diaziran-1-yl-6-(1-phenyl-1H-pyrrol-2-yl)-1,3,5-triazine_POS","2,4-diaziran-1-yl-6-(1-phenyl-1H-pyrrol-2-yl)-1,3,5-triazine_POS",plasma,MTBL,B,13.4125563990717,0.09099970284978554
p1028_POS,p1028_POS,plasma,MTBL,B,21.554750724247633,0.15230376278961089
apo-[3-methylcrotonoyl-CoA:carbon-dioxide ligase (ADP-forming)]_POS,apo-[3-methylcrotonoyl-CoA:carbon-dioxide ligase (ADP-forming)]_POS,plasma,MTBL,B,18.15130455842121,0.5201426674230234
p4247_POS,p4247_POS,plasma,MTBL,B,14.821091207844887,0.15983579723145258
p559_POS,p559_POS,plasma,MTBL,B,20.545224420125383,0.22004295378126493
QQH_POS,QQH_POS,plasma,MTBL,B,11.205849836288003,0.03952970511731291
Zonisamide_POS,Zonisamide_POS,plasma,MTBL,B,14.384637695854172,0.10450173968057541
Pantothenic acid_POS,Pantothenic acid_POS,plasma,MTBL,B,17.469009576517323,0.6142416724919002
n316_NEG,n316_NEG,plasma,MTBL,B,23.41920515298557,0.05435185192448522
p1057_POS,p1057_POS,plasma,MTBL,B,15.225251869759791,0.13378343258955017
p1084_POS,p1084_POS,plasma,MTBL,B,21.831577368465645,0.17651909877283956
p2518_POS,p2518_POS,plasma,MTBL,B,15.924097308853,0.14174606068692164
p3495_POS,p3495_POS,plasma,MTBL,B,13.400934968198817,0.04782925334730148
p1459_POS,p1459_POS,plasma,MTBL,B,21.019091713289978,0.18688585944422798
p999_POS,p999_POS,plasma,MTBL,B,22.46994741030665,0.16519505444640892
p5774_POS,p5774_POS,plasma,MTBL,B,12.1332297794698,0.15917211070563297
Phenyl sulfoxide_POS,Phenyl sulfoxide_POS,plasma,MTBL,B,26.093603191510987,0.14755481324433894
p3107_POS,p3107_POS,plasma,MTBL,B,13.209495191018846,0.04471154638203334
p5160_POS,p5160_POS,plasma,MTBL,B,11.267899569058539,0.044409906452739456
p5412_POS,p5412_POS,plasma,MTBL,B,11.41710494852258,0.119718824986486
n1621_NEG,n1621_NEG,plasma,MTBL,B,16.894212635773407,0.05316830968574493
p4082_POS,p4082_POS,plasma,MTBL,B,19.052401118123306,0.06643704813634699
Chenodeoxycholic Acid_NEG,Chenodeoxycholic Acid_NEG,plasma,MTBL,B,14.369871304519929,0.11758997693637685
n3259_NEG,n3259_NEG,plasma,MTBL,B,16.864417872076228,0.2925618834546988
p3083_POS,p3083_POS,plasma,MTBL,B,18.300812040697227,0.24766461367137715
n3896_NEG,n3896_NEG,plasma,MTBL,B,9.4163762726029,0.07108007680422546
p3198_POS,p3198_POS,plasma,MTBL,B,16.30778187616221,0.2806315584934911
p4876_POS,p4876_POS,plasma,MTBL,B,14.113916523207905,0.22257665638818747
n3520_NEG,n3520_NEG,plasma,MTBL,B,13.836990432872216,0.2876378363715908
p4433_POS,p4433_POS,plasma,MTBL,B,12.732876251528294,0.4686597875416405
p699_POS,p699_POS,plasma,MTBL,B,21.150251056564052,0.23302165226810168
p5800_POS,p5800_POS,plasma,MTBL,B,10.727199602867426,0.12047228112776143
"4-Cyano-N-({(1S,4S,6S)-6-isopropyl-3-methyl-4-[2-(4-methyl-1-piperazinyl)-2-oxoethyl]-2-cyclohexen-1-yl}methyl)benzamide_NEG","4-Cyano-N-({(1S,4S,6S)-6-isopropyl-3-methyl-4-[2-(4-methyl-1-piperazinyl)-2-oxoethyl]-2-cyclohexen-1-yl}methyl)benzamide_NEG",plasma,MTBL,B,12.552297024455072,0.09060142775181745
n3730_NEG,n3730_NEG,plasma,MTBL,B,12.386775499962196,0.09382642192097901
D-Glucamine_POS,D-Glucamine_POS,plasma,MTBL,B,18.436054047660186,0.5057113665126547
p1279_POS,p1279_POS,plasma,MTBL,B,22.161545227298266,0.14148880847689504
[3-amino-5-(methylsulfanyl)-4-(2-pyridinyl)-1H-pyrazol-1-yl](2-thienyl)methanone_POS,[3-amino-5-(methylsulfanyl)-4-(2-pyridinyl)-1H-pyrazol-1-yl](2-thienyl)methanone_POS,plasma,MTBL,B,23.228795236994127,0.16289800097278118
Cladinose_POS,Cladinose_POS,plasma,MTBL,B,18.840770657826102,0.07386230912577219
n446_NEG,n446_NEG,plasma,MTBL,B,21.132201185301,0.19799212857169124
Lamotrigine_POS,Lamotrigine_POS,plasma,MTBL,B,16.28182594277559,0.190311969656749
n1279_NEG,n1279_NEG,plasma,MTBL,B,20.43041570744548,0.1258387684236677
n474_NEG,n474_NEG,plasma,MTBL,B,21.42452768776113,0.23895554138567832
n222_NEG,n222_NEG,plasma,MTBL,B,23.737023546692676,0.13923900424524405
11-Aminoundecanoic acid_POS,11-Aminoundecanoic acid_POS,plasma,MTBL,B,14.685969781460148,0.17775917473643155
4'-Chloro-α-pyrrolidinopropiophenone_POS,4'-Chloro-α-pyrrolidinopropiophenone_POS,plasma,MTBL,B,16.1279704650384,0.0410507262318589
n3916_NEG,n3916_NEG,plasma,MTBL,B,9.382910091227554,0.07139452686306402
p2202_POS,p2202_POS,plasma,MTBL,B,16.13014402021866,0.13283793277274114
p3856_POS,p3856_POS,plasma,MTBL,B,18.68101708118592,0.11847765574272628
Desmethylcitalopram_POS,Desmethylcitalopram_POS,plasma,MTBL,B,16.285816666381606,0.1777493930728351
p266_POS,p266_POS,plasma,MTBL,B,25.141820852268538,0.19384908506433973
p4531_POS,p4531_POS,plasma,MTBL,B,12.452677397443008,0.11729050022279353
p813_POS,p813_POS,plasma,MTBL,B,23.398558375949655,0.09022283060538605
O-Desmethyl-cis-tramadol_POS,O-Desmethyl-cis-tramadol_POS,plasma,MTBL,B,13.160410479500758,0.030444718493911616
p5296_POS,p5296_POS,plasma,MTBL,B,13.514759062017937,0.17719432302047444
n1560_NEG,n1560_NEG,plasma,MTBL,B,18.796761719764344,0.21597613011353012
p4412_POS,p4412_POS,plasma,MTBL,B,14.09138409904353,0.24039319116627667
Phenazopyridine_POS,Phenazopyridine_POS,plasma,MTBL,B,12.082895717232962,0.061475996302380764
n2820_NEG,n2820_NEG,plasma,MTBL,B,18.42629059716991,0.17668005814863896
D-(+)-Glucose_POS,D-(+)-Glucose_POS,plasma,MTBL,B,26.524563093816163,0.21433905112589535
p490_POS,p490_POS,plasma,MTBL,B,23.133079591165995,0.13410870067831482
p2756_POS,p2756_POS,plasma,MTBL,B,19.543190055947647,0.11490969803822892
p3975_POS,p3975_POS,plasma,MTBL,B,15.498575091044186,0.20667369243063582
n3726_NEG,n3726_NEG,plasma,MTBL,B,12.223802234568709,0.07835478434566223
p5224_POS,p5224_POS,plasma,MTBL,B,12.328457254588464,0.1333611594194446
n3555_NEG,n3555_NEG,plasma,MTBL,B,15.704959152281546,0.4392562936689792
n1399_NEG,n1399_NEG,plasma,MTBL,B,18.982529759657375,0.18872756249110978
p4649_POS,p4649_POS,plasma,MTBL,B,17.59066768662538,0.42564922896192314
p1570_POS,p1570_POS,plasma,MTBL,B,21.028954255901834,0.24765610656473847
p3818_POS,p3818_POS,plasma,MTBL,B,13.173244308692839,0.15914939181055487
"N-(3-Cyano-4,5-dimethyl-2-thienyl)-2-(4-phenylpiperazino)acetamide_NEG","N-(3-Cyano-4,5-dimethyl-2-thienyl)-2-(4-phenylpiperazino)acetamide_NEG",plasma,MTBL,B,14.029432325174051,0.19163485661721325
p2038_POS,p2038_POS,plasma,MTBL,B,20.129159212006165,0.22253846876602168
Tromethamine_POS,Tromethamine_POS,plasma,MTBL,B,15.87652071106267,0.04015753271255118
n3884_NEG,n3884_NEG,plasma,MTBL,B,10.406515330539506,0.03215677431718156
n157_NEG,n157_NEG,plasma,MTBL,B,25.316996256892654,0.10070861649017537
n3894_NEG,n3894_NEG,plasma,MTBL,B,9.61034319169499,0.03956868538588143
p4840_POS,p4840_POS,plasma,MTBL,B,13.047952608806925,0.14466968636158395
p5531_POS,p5531_POS,plasma,MTBL,B,11.922173795138967,0.17979402095933583
p4694_POS,p4694_POS,plasma,MTBL,B,17.0085334611686,0.3399226184620172
p1622_POS,p1622_POS,plasma,MTBL,B,17.198256953248176,0.5327769312039248
p4550_POS,p4550_POS,plasma,MTBL,B,14.346205259295967,0.15706015820757369
p339_POS,p339_POS,plasma,MTBL,B,23.756074607450472,0.09319950028179136
p2647_POS,p2647_POS,plasma,MTBL,B,18.02405875722269,0.5573361972237798
p2581_POS,p2581_POS,plasma,MTBL,B,16.00475090173897,0.2793591681720784
Capsaicin_POS,Capsaicin_POS,plasma,MTBL,B,13.365871635444512,0.18816431542579615
n840_NEG,n840_NEG,plasma,MTBL,B,21.2181292644026,0.11949724958965113
N-Ethylacetamide_POS,N-Ethylacetamide_POS,plasma,MTBL,B,24.26249508726991,0.10941070056282598
D-Glycero-D-galacto-heptitol_NEG,D-Glycero-D-galacto-heptitol_NEG,plasma,MTBL,B,15.846307968032352,0.22630533708754008
n1923_NEG,n1923_NEG,plasma,MTBL,B,15.838469625838961,0.26521246332631243
n2403_NEG,n2403_NEG,plasma,MTBL,B,15.05809774923551,0.1853644841642259
n3021_NEG,n3021_NEG,plasma,MTBL,B,16.96632604761089,0.326508477783646
p2143_POS,p2143_POS,plasma,MTBL,B,18.551818158050104,0.10456592364004891
2-Pentenedial_NEG,2-Pentenedial_NEG,plasma,MTBL,B,23.127851318446922,0.15203401101289948
p2785_POS,p2785_POS,plasma,MTBL,B,13.808394110546399,0.16088847034637865
n3442_NEG,n3442_NEG,plasma,MTBL,B,12.591434269455068,0.09444398963797163
