{
  "model_params": {
    "LogisticRegression": {
      "C": 0.006026889128682512
    },
    "RandomForest": {
      "n_estimators": 488,
      "max_depth": 5,
      "min_samples_split": 3,
      "min_samples_leaf": 2,
      "max_features": "log2"
    },
    "XGBoost": {
      "n_estimators": 218,
      "max_depth": 8,
      "learning_rate": 0.09454306819536165,
      "subsample": 0.7993292420985183,
      "colsample_bytree": 0.5780093202212182,
      "min_child_weight": 2,
      "gamma": 0.2904180608409973,
      "reg_alpha": 0.21423021757741062,
      "reg_lambda": 0.010129197956845729
    },
    "SVM": {
      "C": 0.5342937261279777,
      "gamma": "auto"
    }
  },
  "val_pr_auc": {
    "LogisticRegression": 0.4916257976629494,
    "RandomForest": 0.6216209462913317,
    "XGBoost": 0.5573970472155956,
    "SVM": 0.4976802738025648
  }
}