{
  "tissue": "plasma",
  "timepoint": "D",
  "data_path": "/sessions/zealous-sleepy-curie/mnt/kaysonyao/data/cleaned/sop_omics_pipeline_v2/MTBL_plasma/MTBL_plasma_suffix_D.csv",
  "outcome": "Complication",
  "complications_pooled": [
    "HDP",
    "FGR",
    "sPTB"
  ],
  "n_train": 76,
  "n_val": 16,
  "n_test": 17,
  "class_dist_train": {
    "control": 39,
    "complication": 37
  },
  "class_dist_val": {
    "control": 8,
    "complication": 8
  },
  "class_dist_test": {
    "control": 9,
    "complication": 8
  },
  "n_features_pretlasso": 502,
  "n_features_postlasso": 502,
  "best_model_val": "XGBoost",
  "best_val_pr_auc": 0.9543650793650793,
  "test_metrics": {
    "LogisticRegression": {
      "pr_auc": 0.849678507766743,
      "pr_auc_ci_low": 0.614264705882353,
      "pr_auc_ci_high": 1.0,
      "roc_auc": 0.7916666666666667,
      "roc_auc_ci_low": 0.4857142857142857,
      "roc_auc_ci_high": 1.0,
      "accuracy": 0.7647058823529411,
      "precision": 0.75,
      "recall": 0.75,
      "f1": 0.75,
      "n_test": 17
    },
    "RandomForest": {
      "pr_auc": 0.9659090909090909,
      "pr_auc_ci_low": 0.8484848484848484,
      "pr_auc_ci_high": 1.0,
      "roc_auc": 0.9583333333333334,
      "roc_auc_ci_low": 0.8332142857142858,
      "roc_auc_ci_high": 1.0,
      "accuracy": 0.7647058823529411,
      "precision": 0.7,
      "recall": 0.875,
      "f1": 0.7777777777777778,
      "n_test": 17
    },
    "XGBoost": {
      "pr_auc": 0.975,
      "pr_auc_ci_low": 0.8808035714285716,
      "pr_auc_ci_high": 1.0,
      "roc_auc": 0.9722222222222222,
      "roc_auc_ci_low": 0.8666666666666667,
      "roc_auc_ci_high": 1.0,
      "accuracy": 0.8235294117647058,
      "precision": 0.7272727272727273,
      "recall": 1.0,
      "f1": 0.8421052631578947,
      "n_test": 17
    },
    "SVM": {
      "pr_auc": 0.932426948051948,
      "pr_auc_ci_low": 0.7678273809523809,
      "pr_auc_ci_high": 1.0,
      "roc_auc": 0.9305555555555556,
      "roc_auc_ci_low": 0.7857142857142857,
      "roc_auc_ci_high": 1.0,
      "accuracy": 0.8235294117647058,
      "precision": 0.7272727272727273,
      "recall": 1.0,
      "f1": 0.8421052631578947,
      "n_test": 17
    }
  }
}