{
  "model_params": {
    "LogisticRegression": {
      "C": 0.03603517820107176
    },
    "RandomForest": {
      "n_estimators": 358,
      "max_depth": 5,
      "min_samples_split": 11,
      "min_samples_leaf": 3,
      "max_features": "sqrt"
    },
    "XGBoost": {
      "n_estimators": 158,
      "max_depth": 8,
      "learning_rate": 0.49630441661952457,
      "subsample": 0.8025406098041885,
      "colsample_bytree": 0.6376818455626165,
      "min_child_weight": 2,
      "gamma": 1.203538805551276,
      "reg_alpha": 0.0001496590838450728,
      "reg_lambda": 0.018263223716896662
    },
    "SVM": {
      "C": 12.500256173231266,
      "gamma": "scale"
    }
  },
  "val_pr_auc": {
    "LogisticRegression": 0.6546942640692641,
    "RandomForest": 0.897159090909091,
    "XGBoost": 0.9543650793650793,
    "SVM": 0.697849025974026
  }
}