{
  "tissue": "epds",
  "timepoint": "C",
  "outcomes": [
    "HDP",
    "FGR",
    "sPTB"
  ],
  "n_train": 221,
  "n_val": 48,
  "n_test": 48,
  "n_features_pretlasso": 11,
  "n_features_postlasso": 1,
  "best_model_val": "RandomForest",
  "best_val_macro_pr_auc": 0.15549754837579896,
  "test_metrics": {
    "LogisticRegression": {
      "HDP": {
        "pr_auc": 0.2021604938271605,
        "roc_auc": 0.5327635327635327,
        "accuracy": 0.5208333333333334,
        "precision": 0.20833333333333334,
        "recall": 0.5555555555555556,
        "f1": 0.30303030303030304
      },
      "FGR": {
        "pr_auc": 0.05502136752136752,
        "roc_auc": 0.21851851851851853,
        "accuracy": 0.4375,
        "precision": 0.0,
        "recall": 0.0,
        "f1": 0.0
      },
      "sPTB": {
        "pr_auc": 0.09027777777777778,
        "roc_auc": 0.5113636363636364,
        "accuracy": 0.5,
        "precision": 0.08333333333333333,
        "recall": 0.5,
        "f1": 0.14285714285714285
      }
    },
    "RandomForest": {
      "HDP": {
        "pr_auc": 0.18845315904139437,
        "roc_auc": 0.5071225071225071,
        "accuracy": 0.5208333333333334,
        "precision": 0.20833333333333334,
        "recall": 0.5555555555555556,
        "f1": 0.30303030303030304
      },
      "FGR": {
        "pr_auc": 0.049818840579710144,
        "roc_auc": 0.11481481481481483,
        "accuracy": 0.2916666666666667,
        "precision": 0.0,
        "recall": 0.0,
        "f1": 0.0
      },
      "sPTB": {
        "pr_auc": 0.10584051292326187,
        "roc_auc": 0.5909090909090908,
        "accuracy": 0.8125,
        "precision": 0.14285714285714285,
        "recall": 0.25,
        "f1": 0.18181818181818182
      }
    },
    "XGBoost": {
      "HDP": {
        "pr_auc": 0.19907407407407407,
        "roc_auc": 0.5341880341880342,
        "accuracy": 0.8125,
        "precision": 0.0,
        "recall": 0.0,
        "f1": 0.0
      },
      "FGR": {
        "pr_auc": 0.0625,
        "roc_auc": 0.5,
        "accuracy": 0.9375,
        "precision": 0.0,
        "recall": 0.0,
        "f1": 0.0
      },
      "sPTB": {
        "pr_auc": 0.08333333333333333,
        "roc_auc": 0.5,
        "accuracy": 0.9166666666666666,
        "precision": 0.0,
        "recall": 0.0,
        "f1": 0.0
      }
    },
    "SVM": {
      "HDP": {
        "pr_auc": 0.18845315904139437,
        "roc_auc": 0.5071225071225071,
        "accuracy": 0.5208333333333334,
        "precision": 0.20833333333333334,
        "recall": 0.5555555555555556,
        "f1": 0.30303030303030304
      },
      "FGR": {
        "pr_auc": 0.1477124183006536,
        "roc_auc": 0.8037037037037037,
        "accuracy": 0.2916666666666667,
        "precision": 0.0,
        "recall": 0.0,
        "f1": 0.0
      },
      "sPTB": {
        "pr_auc": 0.10584051292326187,
        "roc_auc": 0.5909090909090908,
        "accuracy": 0.8125,
        "precision": 0.14285714285714285,
        "recall": 0.25,
        "f1": 0.18181818181818182
      }
    }
  }
}