{
  "tissue": "plasma",
  "timepoint": "C",
  "data_path": "/Users/kaysonyao/miniconda3/envs/PiekosLab/kaysonyao/data/cleaned/sop_omics_pipeline_v2/LIPD_plasma/LIPD_plasma_suffix_C.csv",
  "outcome": "Complication",
  "complications_pooled": [
    "HDP",
    "FGR",
    "sPTB"
  ],
  "n_train": 88,
  "n_val": 19,
  "n_test": 20,
  "class_dist_train": {
    "control": 39,
    "complication": 49
  },
  "class_dist_val": {
    "control": 8,
    "complication": 11
  },
  "class_dist_test": {
    "control": 9,
    "complication": 11
  },
  "n_features_pretlasso": 564,
  "n_features_postlasso": 541,
  "best_model_val": "RandomForest",
  "best_val_pr_auc": 1.0,
  "test_metrics": {
    "LogisticRegression": {
      "pr_auc": 0.8845566050111504,
      "pr_auc_ci_low": 0.6663034361471861,
      "pr_auc_ci_high": 1.0,
      "roc_auc": 0.9090909090909091,
      "roc_auc_ci_low": 0.7031385281385282,
      "roc_auc_ci_high": 1.0,
      "accuracy": 0.9,
      "precision": 0.9090909090909091,
      "recall": 0.9090909090909091,
      "f1": 0.9090909090909091,
      "n_test": 20
    },
    "RandomForest": {
      "pr_auc": 1.0,
      "pr_auc_ci_low": 0.9999999999999998,
      "pr_auc_ci_high": 1.0000000000000002,
      "roc_auc": 1.0,
      "roc_auc_ci_low": 0.9999999999999999,
      "roc_auc_ci_high": 1.0,
      "accuracy": 0.8,
      "precision": 1.0,
      "recall": 0.6363636363636364,
      "f1": 0.7777777777777778,
      "n_test": 20
    },
    "XGBoost": {
      "pr_auc": 1.0,
      "pr_auc_ci_low": 0.9999999999999998,
      "pr_auc_ci_high": 1.0000000000000002,
      "roc_auc": 1.0,
      "roc_auc_ci_low": 0.9999999999999999,
      "roc_auc_ci_high": 1.0,
      "accuracy": 1.0,
      "precision": 1.0,
      "recall": 1.0,
      "f1": 1.0,
      "n_test": 20
    },
    "SVM": {
      "pr_auc": 0.9406172110717566,
      "pr_auc_ci_low": 0.7964739229024942,
      "pr_auc_ci_high": 1.0,
      "roc_auc": 0.9393939393939393,
      "roc_auc_ci_low": 0.7812242445054945,
      "roc_auc_ci_high": 1.0,
      "accuracy": 0.85,
      "precision": 0.9,
      "recall": 0.8181818181818182,
      "f1": 0.8571428571428571,
      "n_test": 20
    }
  }
}