,analyte_ID,tissue,datatype,timepoint,control_median,control_MAD
A1BG,A1BG,plasma,protein,D,0.1022272897268648,0.1678157901619664
AAMDC,AAMDC,plasma,protein,D,0.2086302419383507,0.3659004597285806
AARSD1,AARSD1,plasma,protein,D,0.404735064079289,0.7703777930342188
ABCA2,ABCA2,plasma,protein,D,0.2195226083071051,0.42638872389832627
ABHD14B,ABHD14B,plasma,protein,D,0.2470455251875591,0.5737615598486219
ABL1,ABL1,plasma,protein,D,0.3310957468985149,0.47457897852082187
ABO,ABO,plasma,protein,D,-0.0021894167249414,1.296567974143372
ABRAXAS2,ABRAXAS2,plasma,protein,D,0.1651731130762701,0.733092337845026
ACAA1,ACAA1,plasma,protein,D,0.1289879669672065,0.8812937821690661
ACADM,ACADM,plasma,protein,D,-0.0690601738614705,0.5647130259405587
ACADSB,ACADSB,plasma,protein,D,0.2098586230705339,0.8208247536832829
ACAN,ACAN,plasma,protein,D,-0.0362692383389858,0.26422612432344605
ACE,ACE,plasma,protein,D,-0.0204711491577359,0.2345885073774961
ACE2,ACE2,plasma,protein,D,0.2085363564475452,0.3287151108480313
ACHE,ACHE,plasma,protein,D,0.0915154312203885,0.27236540439550616
ACOT13,ACOT13,plasma,protein,D,0.2304102685599865,1.0893679635387117
ACOX1,ACOX1,plasma,protein,D,-0.1145835141710134,0.5399052210856197
ACP1,ACP1,plasma,protein,D,0.102749377457794,0.6132575404342402
ACP5,ACP5,plasma,protein,D,-0.1637686769037835,0.4837704959402815
ACP6,ACP6,plasma,protein,D,0.1273983817326389,0.4076317639252053
ACRBP,ACRBP,plasma,protein,D,0.1333679342863611,0.2591115843756373
ACRV1,ACRV1,plasma,protein,D,0.0844879902110369,0.34758653114306304
ACTA2,ACTA2,plasma,protein,D,0.9155037723661904,0.5015038515814182
ACTN2,ACTN2,plasma,protein,D,0.6776537248811544,0.7666522078244186
ACTN4,ACTN4,plasma,protein,D,0.2185362029754775,0.28277956992190323
ACVRL1,ACVRL1,plasma,protein,D,0.3325143670413014,0.27477427740958443
ACY1,ACY1,plasma,protein,D,0.1552223915691802,0.36840344794613966
ACY3,ACY3,plasma,protein,D,0.1350741249261941,0.39645540207081453
ACYP1,ACYP1,plasma,protein,D,0.3020102498132327,0.72967653857939
ADA,ADA,plasma,protein,D,0.1042057584565413,0.36915826916006916
ADA2,ADA2,plasma,protein,D,0.0238155649055962,0.2606816452641107
ADAM12,ADAM12,plasma,protein,D,-0.0560262671107933,0.11430044638881798
ADAM15,ADAM15,plasma,protein,D,0.0930890147685773,0.3308115678031989
ADAM22,ADAM22,plasma,protein,D,-0.0703531210644184,0.3436310613620994
ADAM23,ADAM23,plasma,protein,D,-0.1308365751044791,0.3789670433507417
ADAM8,ADAM8,plasma,protein,D,-0.1897080594778979,0.3107384744506282
ADAM9,ADAM9,plasma,protein,D,0.1451745229383708,0.2214184124689933
ADAMTS1,ADAMTS1,plasma,protein,D,0.2190673064571729,0.3889081639722063
ADAMTS13,ADAMTS13,plasma,protein,D,-0.1743746968745917,0.2936772509656873
ADAMTS15,ADAMTS15,plasma,protein,D,0.1644580666207812,0.393647651479147
ADAMTS4,ADAMTS4,plasma,protein,D,0.2311575318341276,0.3490084925450242
ADAMTS8,ADAMTS8,plasma,protein,D,0.0654247247139136,0.3257970150534295
ADAMTSL2,ADAMTSL2,plasma,protein,D,0.3924029979560962,0.35457525745812557
ADAMTSL4,ADAMTSL4,plasma,protein,D,0.4871020636333192,0.3493967984131007
ADAMTSL5,ADAMTSL5,plasma,protein,D,0.3991439997891228,0.3682783445113217
ADCYAP1R1,ADCYAP1R1,plasma,protein,D,-0.1206881235941879,0.3211903249679079
ADD1,ADD1,plasma,protein,D,0.2512912618225803,0.748810624031616
ADGRB3,ADGRB3,plasma,protein,D,-0.1210765599874136,0.23728309566340103
ADGRD1,ADGRD1,plasma,protein,D,0.3495127879101803,0.3708851195241856
ADGRE1,ADGRE1,plasma,protein,D,0.0665272626143196,0.4149155299606827
ADGRE2,ADGRE2,plasma,protein,D,0.2816706519019177,0.3275964352913373
ADGRE5,ADGRE5,plasma,protein,D,0.23604038085309,0.305723291380444
ADGRF5,ADGRF5,plasma,protein,D,0.4301344127887722,0.2509770960913619
ADGRG1,ADGRG1,plasma,protein,D,0.2216934451526096,0.2771006792563709
ADGRG2,ADGRG2,plasma,protein,D,0.2889438544453402,0.2753236141442712
ADGRV1,ADGRV1,plasma,protein,D,0.0998256204039656,0.7872507726230137
ADH1B,ADH1B,plasma,protein,D,0.0363966026429835,0.622194397954712
ADH4,ADH4,plasma,protein,D,-0.063203981267993,0.7960317390495968
ADM,ADM,plasma,protein,D,0.1915248733165986,0.12376688433597663
ADRA2A,ADRA2A,plasma,protein,D,0.034718495624643,0.73884201826809
AFAP1,AFAP1,plasma,protein,D,-0.0250427990357903,0.7434347911244022
AFM,AFM,plasma,protein,D,0.2935375093252136,0.2183646078035832
AFP,AFP,plasma,protein,D,0.1542207537185513,0.12950927380732158
AGER,AGER,plasma,protein,D,-0.1052565184739169,0.3114995196987973
AGR2,AGR2,plasma,protein,D,-0.0521082867121075,0.8113165555197626
AGR3,AGR3,plasma,protein,D,0.5428884002168959,0.6204390429427462
AGRN,AGRN,plasma,protein,D,0.2055949522921237,0.30915699108736144
AGRP,AGRP,plasma,protein,D,0.2853223956270246,0.4234516761819371
AGT,AGT,plasma,protein,D,-0.0420430698543732,0.16156134670693129
AGXT,AGXT,plasma,protein,D,0.2195734092784511,1.0030842885320557
AHCY,AHCY,plasma,protein,D,0.5088611969567245,0.5699750780941999
AHNAK,AHNAK,plasma,protein,D,0.1234505294241549,0.3144051261763415
AHNAK2,AHNAK2,plasma,protein,D,0.1328982931453735,0.3110761323760432
AHSA1,AHSA1,plasma,protein,D,0.2629378618666396,0.6212403937060624
AHSG,AHSG,plasma,protein,D,0.0016633218011653,0.1627740562829977
AHSP,AHSP,plasma,protein,D,0.1227816717913899,0.8974877091833353
AIDA,AIDA,plasma,protein,D,0.0665185082331289,0.8812225137071711
AIF1,AIF1,plasma,protein,D,-0.0570411610932577,0.6490728096202467
AIF1L,AIF1L,plasma,protein,D,0.123320232403268,0.3372160146068576
AIFM1,AIFM1,plasma,protein,D,0.0907350964340103,0.7208266741425287
AK1,AK1,plasma,protein,D,0.3323210190983993,0.6583521325376599
AK2,AK2,plasma,protein,D,0.1407856417998681,0.8281592572871637
AKAP12,AKAP12,plasma,protein,D,-0.0385864900838475,0.2207853163276413
AKR1B1,AKR1B1,plasma,protein,D,0.4261506680551478,0.7807574562105194
AKR1B10,AKR1B10,plasma,protein,D,0.1413583279425689,0.7195020036382699
AKR1C4,AKR1C4,plasma,protein,D,0.0273548301493943,0.5169861366835545
AKR7L,AKR7L,plasma,protein,D,0.2103455157693083,0.6546368434653393
AKT1S1,AKT1S1,plasma,protein,D,0.6359751724413163,0.7807038523418626
AKT2,AKT2,plasma,protein,D,0.2497235540938441,1.017156346846504
AKT3,AKT3,plasma,protein,D,0.1278152844190712,0.5605644049411856
ALCAM,ALCAM,plasma,protein,D,-0.0011912204862296,0.2256245333800116
ALDH1A1,ALDH1A1,plasma,protein,D,0.1435631220990964,0.43114991351670084
ALDH2,ALDH2,plasma,protein,D,0.1340755265295689,0.44489344840154466
ALDH3A1,ALDH3A1,plasma,protein,D,-0.1153678008342524,0.4573668569427245
ALDH5A1,ALDH5A1,plasma,protein,D,0.0797352399836574,0.4555519427763826
ALMS1,ALMS1,plasma,protein,D,0.0253556472104067,0.6580702963283518
ALPI,ALPI,plasma,protein,D,0.4826242154967219,0.32835349989978724
ALPP,ALPP,plasma,protein,D,0.3261800191643423,0.21382128711893517
AMBN,AMBN,plasma,protein,D,0.5153022513171844,0.3393624501847642
AMBP,AMBP,plasma,protein,D,-0.0219401118640531,0.1259608482534579
AMDHD2,AMDHD2,plasma,protein,D,0.1481143850137616,0.321981979755896
AMFR,AMFR,plasma,protein,D,0.0197491060503592,0.1753864138893009
AMIGO1,AMIGO1,plasma,protein,D,0.0315370729901327,0.4521974172374783
AMIGO2,AMIGO2,plasma,protein,D,0.0183914916530427,0.1674477490760104
AMN,AMN,plasma,protein,D,0.0909342299552765,0.5696555147884973
AMOT,AMOT,plasma,protein,D,0.2532597380956458,0.3826469014193505
AMOTL2,AMOTL2,plasma,protein,D,0.1706754859962514,0.1824395460668799
AMPD3,AMPD3,plasma,protein,D,0.383179106519078,0.6962773711217671
AMY1A_AMY1B_AMY1C,AMY1A_AMY1B_AMY1C,plasma,protein,D,0.0085347573040483,0.3673678245995597
AMY2A,AMY2A,plasma,protein,D,0.0800062676941572,0.4029473208670374
AMY2B,AMY2B,plasma,protein,D,0.0340912699831047,0.4448319626109723
ANG,ANG,plasma,protein,D,0.1840688172324603,0.2713885485829509
ANGPT1,ANGPT1,plasma,protein,D,0.0063345310008256,0.7398874395828383
ANGPT2,ANGPT2,plasma,protein,D,-0.7529127668666735,0.5394926529670926
ANGPTL1,ANGPTL1,plasma,protein,D,0.3973242044768335,0.2569555765699313
ANGPTL2,ANGPTL2,plasma,protein,D,0.2676517030544519,0.33826942433572554
ANGPTL3,ANGPTL3,plasma,protein,D,0.1304308617212281,0.2555015514592168
ANGPTL4,ANGPTL4,plasma,protein,D,0.4523221584634802,0.12302512122260673
ANK2,ANK2,plasma,protein,D,-0.1382177027656416,0.4916505886173992
ANKMY2,ANKMY2,plasma,protein,D,0.0990175287316907,0.9448472372317516
ANKRA2,ANKRA2,plasma,protein,D,-0.2127010879260542,0.8876942895230093
ANKRD54,ANKRD54,plasma,protein,D,0.1388287062412226,0.505855296907328
ANP32C,ANP32C,plasma,protein,D,0.0285579426157878,0.2939333349269824
ANPEP,ANPEP,plasma,protein,D,-0.058253274403711,0.2134189973820789
ANXA1,ANXA1,plasma,protein,D,0.2633182139150485,0.24992851222863455
ANXA10,ANXA10,plasma,protein,D,0.0156854163052852,0.6740674010454838
ANXA11,ANXA11,plasma,protein,D,0.1031548865023006,0.2129448484084448
ANXA2,ANXA2,plasma,protein,D,0.4213479221464528,0.4689133111815621
ANXA3,ANXA3,plasma,protein,D,0.2248710224159965,0.6300547081395371
ANXA4,ANXA4,plasma,protein,D,0.1817219495410376,0.5266991968031927
ANXA5,ANXA5,plasma,protein,D,0.0599778977431687,0.4013862070330264
AOC1,AOC1,plasma,protein,D,0.3619088420331275,0.5551057987837402
AOC3,AOC3,plasma,protein,D,-0.1277969211813508,0.1911477799341752
AP1G2,AP1G2,plasma,protein,D,0.2605794700455825,0.744218286119456
AP2B1,AP2B1,plasma,protein,D,0.1484115924868668,0.6845323483574242
AP3B1,AP3B1,plasma,protein,D,0.2123616078503756,0.5331477491710395
AP3S2,AP3S2,plasma,protein,D,0.1264519233210008,0.49250651297746956
APBB1IP,APBB1IP,plasma,protein,D,0.2159196360324022,0.3608842190740399
APCS,APCS,plasma,protein,D,0.2883463165432606,0.23087268417206752
APEX1,APEX1,plasma,protein,D,0.3020189120526185,0.6140964189865712
APLP1,APLP1,plasma,protein,D,-0.2218536219680542,0.5981450972477693
APOA1,APOA1,plasma,protein,D,0.0231437634698849,0.166922521362279
APOA2,APOA2,plasma,protein,D,0.4473526689233348,0.3756550212510759
APOA4,APOA4,plasma,protein,D,-0.0038337609467216,0.2755172476217481
APOB,APOB,plasma,protein,D,0.0724820816723392,0.36338042480054683
APOBR,APOBR,plasma,protein,D,0.1558432253952389,0.2192779202160543
APOC1,APOC1,plasma,protein,D,0.1027058845350563,0.2390513675644571
APOD,APOD,plasma,protein,D,-0.1047277985620303,0.3865922055655729
APOE,APOE,plasma,protein,D,0.1571854086056323,0.26727961256238403
APOF,APOF,plasma,protein,D,-0.0974520937448388,0.2637578626226247
APOH,APOH,plasma,protein,D,-0.0827025519714559,0.3962731128613035
APOL1,APOL1,plasma,protein,D,0.2660223253930708,0.5191038138861992
APOM,APOM,plasma,protein,D,0.0349903966872269,0.3130086716489102
APP,APP,plasma,protein,D,0.0669648690915798,0.2670589190637703
APPL2,APPL2,plasma,protein,D,-0.0071161081420023,1.1413365915219567
APRT,APRT,plasma,protein,D,0.4410030134892855,0.743630980245819
ARAF,ARAF,plasma,protein,D,0.1125130692487457,0.6533784800971867
AREG,AREG,plasma,protein,D,0.3174293812269803,0.4638863701833672
ARF6,ARF6,plasma,protein,D,0.480259776282556,0.9293907842093587
ARFIP1,ARFIP1,plasma,protein,D,0.3248555440406419,0.777508787233221
ARG1,ARG1,plasma,protein,D,0.1509764532218249,0.7068470973231606
ARG2,ARG2,plasma,protein,D,-0.016115583802214,0.6296760202249913
ARHGAP1,ARHGAP1,plasma,protein,D,0.1985084705627947,0.3306308192737502
ARHGAP25,ARHGAP25,plasma,protein,D,0.1302507744111487,0.362576806140013
ARHGAP30,ARHGAP30,plasma,protein,D,0.0641596388424839,0.23943851194263133
ARHGAP45,ARHGAP45,plasma,protein,D,0.0517355412245008,0.6857102082815034
ARHGAP5,ARHGAP5,plasma,protein,D,-0.0930743117097557,0.948656172137124
ARHGEF1,ARHGEF1,plasma,protein,D,0.1801981759545773,0.6191681572977084
ARHGEF10,ARHGEF10,plasma,protein,D,0.1773593345266269,0.9901215521990696
ARHGEF12,ARHGEF12,plasma,protein,D,0.1774355383162491,0.9505092433615883
ARHGEF5,ARHGEF5,plasma,protein,D,0.3478521143819684,0.5438016754740694
ARID3A,ARID3A,plasma,protein,D,-0.0259761042597915,0.12008179104335509
ARID4B,ARID4B,plasma,protein,D,0.0436660785645899,0.29307940913247377
ARL2BP,ARL2BP,plasma,protein,D,0.2779274411155472,0.5585614358149693
ARMCX2,ARMCX2,plasma,protein,D,0.1227840217128116,0.7731131996957913
ARNT,ARNT,plasma,protein,D,0.0353241900398814,0.782536654631408
ARSB,ARSB,plasma,protein,D,0.2829189155077816,0.37860959963760843
ART3,ART3,plasma,protein,D,-0.0877323425521501,0.2725150926037797
ART5,ART5,plasma,protein,D,0.0005851679982157,0.45047059135622786
ARTN,ARTN,plasma,protein,D,1.1272482595237467,0.43953812785248747
ASAH1,ASAH1,plasma,protein,D,0.621809690093384,0.35208963895901835
ASAH2,ASAH2,plasma,protein,D,0.0253833673672593,0.1997284453286324
ASGR1,ASGR1,plasma,protein,D,0.3176682511805085,0.2137998899835884
ASGR2,ASGR2,plasma,protein,D,0.2025255023162719,0.2182317036018158
ASPN,ASPN,plasma,protein,D,0.2279145847075976,0.3387141987520058
ASPSCR1,ASPSCR1,plasma,protein,D,0.3805226584838078,0.47579372835080036
ASRGL1,ASRGL1,plasma,protein,D,0.3941741323709896,0.6416161195076724
ASS1,ASS1,plasma,protein,D,-0.0795904769140761,0.6530714223418168
ATF2,ATF2,plasma,protein,D,0.0092241669790689,0.4631032029241608
ATF4,ATF4,plasma,protein,D,-0.2248619951353853,0.7414132808898227
ATG16L1,ATG16L1,plasma,protein,D,0.3571097434246774,0.7121774017966981
ATG4A,ATG4A,plasma,protein,D,0.2917271239514738,0.8333301372626736
ATOX1,ATOX1,plasma,protein,D,0.6489581869065468,0.7484144178429452
ATP1B1,ATP1B1,plasma,protein,D,0.0002721127895821,0.5037418952376016
ATP1B2,ATP1B2,plasma,protein,D,-0.0523520817145536,0.49481143194661537
ATP1B3,ATP1B3,plasma,protein,D,0.0163955910783533,0.5104820796986457
ATP1B4,ATP1B4,plasma,protein,D,-0.2433610352911235,0.6835854379992685
ATP2B4,ATP2B4,plasma,protein,D,0.0557223951204508,0.4178334974258943
ATP5F1D,ATP5F1D,plasma,protein,D,0.0635234475316831,0.4881817298059289
ATP5IF1,ATP5IF1,plasma,protein,D,0.1553628368550489,0.7970215938814907
ATP5PO,ATP5PO,plasma,protein,D,-0.0215147087005163,0.395267856144865
ATP6AP2,ATP6AP2,plasma,protein,D,0.0957331342611042,0.3298521736961048
ATP6V1D,ATP6V1D,plasma,protein,D,-0.0072954127871222,0.1702313672443842
ATP6V1F,ATP6V1F,plasma,protein,D,0.1223689552330486,0.5407637686695207
ATP6V1G1,ATP6V1G1,plasma,protein,D,0.2012875671724062,0.5672766299617293
ATRAID,ATRAID,plasma,protein,D,0.1902959751878209,0.1868704546243977
ATRN,ATRN,plasma,protein,D,0.1548891434049706,0.1913319617012267
ATXN10,ATXN10,plasma,protein,D,0.112409996267241,0.509246204161967
ATXN2,ATXN2,plasma,protein,D,0.1058776165119303,0.7276643459653788
ATXN2L,ATXN2L,plasma,protein,D,0.060356457863472,0.2629131160972446
ATXN3,ATXN3,plasma,protein,D,0.4145807432182243,0.7487868676861285
AXIN1,AXIN1,plasma,protein,D,0.1827539437432808,0.8165601097086598
AXL,AXL,plasma,protein,D,-0.040063602089513,0.20211007980559248
AZI2,AZI2,plasma,protein,D,0.1212323744768604,0.669619317418557
AZU1,AZU1,plasma,protein,D,0.0994180311500807,0.5756240496733119
B2M,B2M,plasma,protein,D,0.2412368735394716,0.2147575009256133
B3GNT7,B3GNT7,plasma,protein,D,0.0910395287645139,0.3799987429567818
B4GALT1,B4GALT1,plasma,protein,D,0.4270519164037592,0.2513592233995074
B4GAT1,B4GAT1,plasma,protein,D,0.0713747649198933,0.22848324035967427
BABAM1,BABAM1,plasma,protein,D,0.0620499444770101,0.5125354538820273
BACH1,BACH1,plasma,protein,D,0.1942291931363551,0.4331902259340822
BAG3,BAG3,plasma,protein,D,0.1980552988767792,0.3208899833879544
BAG4,BAG4,plasma,protein,D,0.213526359652779,0.375416641761876
BAG6,BAG6,plasma,protein,D,0.2524783024460496,0.3306599678583354
BAIAP2,BAIAP2,plasma,protein,D,0.3132615362704059,0.5037111444332001
BAMBI,BAMBI,plasma,protein,D,0.1994774898990735,0.2794032517997438
BANK1,BANK1,plasma,protein,D,0.0120165684034387,0.9558006425903091
BAP18,BAP18,plasma,protein,D,0.2309170095335779,0.46095312598351135
BATF,BATF,plasma,protein,D,-0.0330092266063105,0.7275289246189377
BAX,BAX,plasma,protein,D,0.0834879795675406,0.535301281440478
BCAM,BCAM,plasma,protein,D,0.2083884254424499,0.17768702081049909
BCAN,BCAN,plasma,protein,D,0.0078674057930551,0.2943038458212218
BCAT1,BCAT1,plasma,protein,D,0.3292005822396361,0.320938830021886
BCAT2,BCAT2,plasma,protein,D,0.0500046480979124,0.6539081059485615
BCHE,BCHE,plasma,protein,D,-0.1240232727169224,0.2527533372535655
BCL2,BCL2,plasma,protein,D,0.519127774659498,0.3050948452598422
BCL2L1,BCL2L1,plasma,protein,D,0.3980545381744467,0.9824493870863784
BCL2L15,BCL2L15,plasma,protein,D,0.3385865412188563,0.47265152956996015
BCL7A,BCL7A,plasma,protein,D,-0.120033874932742,0.7559038373981936
BCL7B,BCL7B,plasma,protein,D,0.0392151254590656,0.40476253563262166
BCR,BCR,plasma,protein,D,0.2174444540877639,0.5494098969452309
BDNF,BDNF,plasma,protein,D,0.0384826759905293,1.0203350604246242
BECN1,BECN1,plasma,protein,D,0.3170199164554956,0.7071496248021707
BEX3,BEX3,plasma,protein,D,-0.3688790239606435,0.8956959839529528
BGLAP,BGLAP,plasma,protein,D,0.4519834103139015,0.8365112741654424
BGN,BGN,plasma,protein,D,0.9313638705051092,0.5311047272122184
BHLHE40,BHLHE40,plasma,protein,D,-0.1575463149128216,0.8809357397411803
BHMT2,BHMT2,plasma,protein,D,-0.0659900025884881,0.3646428997066021
BIN2,BIN2,plasma,protein,D,-0.0972956827281708,0.8868482138284344
BLMH,BLMH,plasma,protein,D,0.2913345378663804,0.22640618330513074
BLNK,BLNK,plasma,protein,D,0.0677571271783213,0.31345050447006473
BLOC1S2,BLOC1S2,plasma,protein,D,-0.0490059192151849,0.8925950500770242
BLOC1S3,BLOC1S3,plasma,protein,D,0.0937621341867379,0.2942947001393219
BLVRB,BLVRB,plasma,protein,D,0.2212881746044809,0.4693554953642284
BMP10,BMP10,plasma,protein,D,0.1187721850496506,0.26165796070832353
BMP4,BMP4,plasma,protein,D,0.1340817624031632,0.28045654200337056
BMPER,BMPER,plasma,protein,D,0.0142194507574014,0.17326733107575448
BNIP2,BNIP2,plasma,protein,D,0.0665963700376915,0.46510180555235137
BNIP3L,BNIP3L,plasma,protein,D,0.2200016812897633,0.5536329390617081
BOC,BOC,plasma,protein,D,0.0584114165563827,0.2061351318649151
BOLA1,BOLA1,plasma,protein,D,0.2130990184981948,0.665714297399472
BOLA2_BOLA2B,BOLA2_BOLA2B,plasma,protein,D,0.3554372804203204,0.7642306633797284
BPIFA2,BPIFA2,plasma,protein,D,-0.0524837743631443,0.8606356178875529
BPIFB1,BPIFB1,plasma,protein,D,-0.1354006084522339,0.4789937639235474
BPIFB2,BPIFB2,plasma,protein,D,0.0357115413354912,0.5833046524859902
BRAP,BRAP,plasma,protein,D,0.5261989648052947,0.9933170641637542
BRD1,BRD1,plasma,protein,D,-0.0557418172184969,0.785828393558254
BRD2,BRD2,plasma,protein,D,0.1792547896757461,0.4756324327574266
BRD3,BRD3,plasma,protein,D,0.1449019960916955,0.5342994500113468
BRDT,BRDT,plasma,protein,D,0.0498369614565718,0.4858361194158781
BRK1,BRK1,plasma,protein,D,-0.017430596453384,0.3579892435006845
BRME1,BRME1,plasma,protein,D,0.0474698908270855,0.4374660593614861
BRSK2,BRSK2,plasma,protein,D,-0.0081916884117839,0.3923209032329823
BSG,BSG,plasma,protein,D,0.0955438677708332,0.16319783075004868
BSND,BSND,plasma,protein,D,0.0096972440584755,0.711332245855987
BST1,BST1,plasma,protein,D,-0.1211098382148697,0.2934232441436453
BST2,BST2,plasma,protein,D,0.2421380019127592,0.46708597732543355
BTC,BTC,plasma,protein,D,0.026851002799831,0.5413999693996076
BTD,BTD,plasma,protein,D,0.0563315435357384,0.1899535758129505
BTLA,BTLA,plasma,protein,D,-0.2933642982690482,0.6636800668962792
BTN1A1,BTN1A1,plasma,protein,D,1.096147781456412,0.7726123691457625
BTN2A1,BTN2A1,plasma,protein,D,0.1617536099535231,0.1791281281228471
BTN3A2,BTN3A2,plasma,protein,D,0.1426944030347834,0.25574848151813
BTNL10,BTNL10,plasma,protein,D,-0.2370226696800126,0.6286591884311125
C19orf12,C19orf12,plasma,protein,D,0.1344092448134049,0.4844008569899523
C1GALT1C1,C1GALT1C1,plasma,protein,D,0.1508739723933118,0.3032568652864815
C1QA,C1QA,plasma,protein,D,0.2178505408074111,0.18913138011919478
C1QBP,C1QBP,plasma,protein,D,0.0248859709137909,0.42936712525182896
C1QL2,C1QL2,plasma,protein,D,-0.1269905535219975,0.3576608681191416
C1QTNF1,C1QTNF1,plasma,protein,D,0.2699363534140622,0.4204749359839204
C1QTNF5,C1QTNF5,plasma,protein,D,0.2808070744214915,0.2956184428374034
C1QTNF6,C1QTNF6,plasma,protein,D,0.5007275753383119,0.4122181654965778
C1QTNF9,C1QTNF9,plasma,protein,D,-0.0949045719699294,0.36769181490495517
C1R,C1R,plasma,protein,D,-0.0305413755684314,0.1395641613652887
C1RL,C1RL,plasma,protein,D,0.0783046749197271,0.168402356871654
C1S,C1S,plasma,protein,D,0.0189066287637818,0.1847062717182075
C2,C2,plasma,protein,D,0.0022834378518451,0.1778967223457189
C2CD2L,C2CD2L,plasma,protein,D,0.1533492699559346,0.34999483205974236
C2orf69,C2orf69,plasma,protein,D,0.2704699720632569,0.7251672121326871
C3,C3,plasma,protein,D,0.0053266118129125,0.17795399322443
C4BPB,C4BPB,plasma,protein,D,0.2042489160959804,0.3123588385211866
C5,C5,plasma,protein,D,0.0203926878180325,0.1736471932406411
C7,C7,plasma,protein,D,0.1469248038998292,0.20575036466288038
C7orf50,C7orf50,plasma,protein,D,0.0563201994433246,0.14750153033055402
C8B,C8B,plasma,protein,D,0.0160507325113648,0.1961206361953377
C9,C9,plasma,protein,D,0.0271462291975023,0.3495385463088624
C9orf40,C9orf40,plasma,protein,D,0.3045568300364951,0.8847418953414559
CA1,CA1,plasma,protein,D,0.4219341060287018,0.6400494100059585
CA11,CA11,plasma,protein,D,-0.142171977852567,0.2171237529253666
CA12,CA12,plasma,protein,D,0.0286941653984315,0.2342064270285466
CA13,CA13,plasma,protein,D,0.0717604200809239,0.9851253330172071
CA14,CA14,plasma,protein,D,-0.2026600832761834,0.36039014350374876
CA2,CA2,plasma,protein,D,0.4299556420548092,0.7917825437330043
CA3,CA3,plasma,protein,D,0.5643357163066864,0.6400613782937841
CA4,CA4,plasma,protein,D,-0.0663850698004189,0.22101048173866966
CA5A,CA5A,plasma,protein,D,0.3898009366005361,0.7150817073190137
CA6,CA6,plasma,protein,D,0.7594570628731191,0.6330259310557299
CA7,CA7,plasma,protein,D,-0.040173447284584,0.405905404565705
CA8,CA8,plasma,protein,D,-0.0508479396791925,0.2734057076798299
CA9,CA9,plasma,protein,D,0.1708328454487327,0.4782204367850078
CABP2,CABP2,plasma,protein,D,0.1558119420426836,0.7771242068569333
CACNA1C,CACNA1C,plasma,protein,D,0.140181799708847,0.41001268982600547
CACNA1H,CACNA1H,plasma,protein,D,-0.2324133485866777,0.6778751064841214
CACNB1,CACNB1,plasma,protein,D,0.0839925628608548,0.6241820280635643
CACNB3,CACNB3,plasma,protein,D,0.0724012739023986,0.8633141794592092
CACYBP,CACYBP,plasma,protein,D,0.1494396752212169,0.8608490212755427
CADPS,CADPS,plasma,protein,D,0.2142695164036654,0.6415618572090513
CALB1,CALB1,plasma,protein,D,0.0982606918148687,0.3281862711645933
CALB2,CALB2,plasma,protein,D,0.1385219587415602,0.4496648586920336
CALCA,CALCA,plasma,protein,D,0.2374577202106143,0.4472274118969467
CALCB,CALCB,plasma,protein,D,0.1133663363904096,0.2931606594683406
CALCOCO1,CALCOCO1,plasma,protein,D,0.4858141751428746,1.1280097786652148
CALCOCO2,CALCOCO2,plasma,protein,D,0.3282967745842997,0.6226728037904223
CAMKK1,CAMKK1,plasma,protein,D,0.1331725049316635,0.46030796386798867
CAMLG,CAMLG,plasma,protein,D,-0.010823383907405,0.7965058613856218
CAMSAP1,CAMSAP1,plasma,protein,D,0.1887171800405525,0.9717126767975043
CANT1,CANT1,plasma,protein,D,0.1972549772595438,0.1636816502960903
CAPG,CAPG,plasma,protein,D,0.1511014029212631,0.4926272297375909
CAPN3,CAPN3,plasma,protein,D,0.0593676595279657,0.36943442922351266
CAPS,CAPS,plasma,protein,D,1.090741248946375,0.530335152981391
CARHSP1,CARHSP1,plasma,protein,D,0.2925026158261233,0.7164299820643463
CASC3,CASC3,plasma,protein,D,0.2248596227747195,0.5543621884655388
CASP1,CASP1,plasma,protein,D,-0.0214776420965553,0.8842830573334125
CASP10,CASP10,plasma,protein,D,0.1846763125231705,0.8163459547554166
CASP2,CASP2,plasma,protein,D,-0.0392191424518345,0.45463529775005
CASP3,CASP3,plasma,protein,D,0.2253755428540441,0.9121989304015075
CASP4,CASP4,plasma,protein,D,0.0199010844027071,1.2778217767738258
CASP7,CASP7,plasma,protein,D,0.1908275918337469,0.5374558364011899
CASP8,CASP8,plasma,protein,D,0.3719370858840981,0.48404950343039577
CASQ2,CASQ2,plasma,protein,D,-0.0233512493254224,0.5037758206629865
CAT,CAT,plasma,protein,D,0.1351107878011345,0.4126027708129083
CBLIF,CBLIF,plasma,protein,D,0.0347768410585284,0.5289033593806436
CBLN1,CBLN1,plasma,protein,D,-0.0584660442470811,1.0495543709714001
CBLN4,CBLN4,plasma,protein,D,-0.2866349924745019,0.30341453631050724
CBS,CBS,plasma,protein,D,0.1463693984455353,0.709861175426476
CC2D1A,CC2D1A,plasma,protein,D,0.3047386357381335,0.605256510492867
CCAR2,CCAR2,plasma,protein,D,0.3226044899910401,0.4425266197603337
CCDC134,CCDC134,plasma,protein,D,0.1355856006673711,0.5821605583097449
CCDC28A,CCDC28A,plasma,protein,D,-0.0834309091538743,0.4705166953435192
CCDC50,CCDC50,plasma,protein,D,0.0935006220928437,0.3451619798299924
CCDC80,CCDC80,plasma,protein,D,-0.1647971029100015,0.30797159904352267
CCER2,CCER2,plasma,protein,D,0.0795187735409674,0.4792526263378515
CCL11,CCL11,plasma,protein,D,0.0977802218818297,0.3743788955181061
CCL13,CCL13,plasma,protein,D,0.0114908308421709,0.6276951498877528
CCL14,CCL14,plasma,protein,D,0.0420398138201686,0.3596481917598591
CCL15,CCL15,plasma,protein,D,0.5366710497735514,0.35959111803291277
CCL16,CCL16,plasma,protein,D,0.3960445521231895,0.30955714273645957
CCL17,CCL17,plasma,protein,D,-0.0727222019996687,0.6487565390257546
CCL18,CCL18,plasma,protein,D,-0.0600594251944076,0.4391820088386238
CCL19,CCL19,plasma,protein,D,-0.0331275969277604,0.417199701409119
CCL2,CCL2,plasma,protein,D,-0.0051236112867574,0.4615015552657497
CCL20,CCL20,plasma,protein,D,0.1953486915281393,0.5530746276065388
CCL21,CCL21,plasma,protein,D,-0.0828835622791209,0.3497003657112442
CCL22,CCL22,plasma,protein,D,-0.2315112021376124,0.3576238161563584
CCL23,CCL23,plasma,protein,D,-0.1077679720750618,0.3290428782140477
CCL24,CCL24,plasma,protein,D,0.0400472686153857,0.6883104535379969
CCL25,CCL25,plasma,protein,D,0.372644439516883,0.39586528064407406
CCL26,CCL26,plasma,protein,D,0.0837861251413759,0.5153490876753732
CCL27,CCL27,plasma,protein,D,-0.002959491841109,0.3607462729353787
CCL28,CCL28,plasma,protein,D,0.9811437844718406,0.820474322073107
CCL3,CCL3,plasma,protein,D,0.1611088498233414,0.3857356486316887
CCL4,CCL4,plasma,protein,D,0.0419484942822906,0.35538266699912346
CCL5,CCL5,plasma,protein,D,-0.0973386425951013,0.781583898197306
CCL7,CCL7,plasma,protein,D,0.2315176779919215,0.5938058571136579
CCL8,CCL8,plasma,protein,D,0.0211682478810146,0.37049806913795763
CCN1,CCN1,plasma,protein,D,0.619906065439569,0.5204405663623818
CCN2,CCN2,plasma,protein,D,0.325956952316407,0.3382820884032749
CCN3,CCN3,plasma,protein,D,0.443306155275285,0.5043820741611256
CCN4,CCN4,plasma,protein,D,0.4119407136238502,0.29509445521003874
CCN5,CCN5,plasma,protein,D,0.2528792226669492,0.579781168132919
CCND2,CCND2,plasma,protein,D,0.1535593880365103,0.6243603926084076
CCNE1,CCNE1,plasma,protein,D,-0.0440130684253373,0.2368712532309766
CCS,CCS,plasma,protein,D,0.2934109712948254,0.4333648561744565
CCT5,CCT5,plasma,protein,D,0.0124257809904624,0.2450897282436653
CD101,CD101,plasma,protein,D,0.0520830718641926,0.2887325143311835
CD109,CD109,plasma,protein,D,0.0426111871747925,0.3226100468036665
CD14,CD14,plasma,protein,D,0.0361796899348773,0.3581502809282912
CD160,CD160,plasma,protein,D,0.1266597346091139,0.3641741501008335
CD164,CD164,plasma,protein,D,0.1349105776135977,0.1789503990139366
CD164L2,CD164L2,plasma,protein,D,-0.0439946333170922,0.44276035634788313
CD177,CD177,plasma,protein,D,-0.0876871118011254,0.8129024352273337
CD1C,CD1C,plasma,protein,D,-0.1669982965311977,0.1771779607089743
CD2,CD2,plasma,protein,D,0.0965099533868102,0.4020378886893853
CD200,CD200,plasma,protein,D,0.7610678052994038,0.31559251061420734
CD200R1,CD200R1,plasma,protein,D,-0.314260616531551,0.3147013275628202
CD207,CD207,plasma,protein,D,-0.0152903891399452,0.2441886729732251
CD209,CD209,plasma,protein,D,-0.0339343031177949,0.29706614575075474
CD22,CD22,plasma,protein,D,-0.1951885212456569,0.2796515246162823
CD226,CD226,plasma,protein,D,0.1519239072671594,0.4130702339010839
CD244,CD244,plasma,protein,D,-0.0853582851134911,0.1983365036217482
CD248,CD248,plasma,protein,D,0.4820929781803507,0.4623304886464955
CD27,CD27,plasma,protein,D,0.1109937238528288,0.3127407673800241
CD274,CD274,plasma,protein,D,0.5845735175426179,0.3736349128294073
CD276,CD276,plasma,protein,D,0.0279075492041508,0.25301013994042443
CD28,CD28,plasma,protein,D,-0.0192684324893606,0.3668623530071266
CD2AP,CD2AP,plasma,protein,D,0.4282005455417127,0.6243247995909644
CD300A,CD300A,plasma,protein,D,-0.013006678276957,0.251115320788333
CD300C,CD300C,plasma,protein,D,0.0466793660156232,0.3170596158163841
CD300E,CD300E,plasma,protein,D,0.3667540831932919,0.3412979477016295
CD300LF,CD300LF,plasma,protein,D,0.179675799480997,0.3348128597946687
CD300LG,CD300LG,plasma,protein,D,0.0192750746727798,0.2764963760244474
CD302,CD302,plasma,protein,D,0.1588117728814127,0.2617913245177239
CD33,CD33,plasma,protein,D,-0.142046564982692,0.4423994885716419
CD34,CD34,plasma,protein,D,-0.3399546344087234,0.24362695802432888
CD36,CD36,plasma,protein,D,0.1553984622882517,0.2261038907234943
CD38,CD38,plasma,protein,D,0.055673609742899,0.3060003896059507
CD3D,CD3D,plasma,protein,D,0.0018200179261103,0.5167197233886462
CD3E,CD3E,plasma,protein,D,0.025861714121168,0.3904562306389883
CD3G,CD3G,plasma,protein,D,0.1095578417777272,0.5888904767260232
CD4,CD4,plasma,protein,D,0.0074496971707868,0.2325509609846774
CD40,CD40,plasma,protein,D,0.1614366713636563,0.2828731802669912
CD46,CD46,plasma,protein,D,0.4340869622088089,0.21719911311195278
CD48,CD48,plasma,protein,D,-0.1122872889713687,0.2536221401528007
CD5,CD5,plasma,protein,D,-0.1556478581617956,0.2855608407403943
CD55,CD55,plasma,protein,D,0.08422265620537,0.2309641889701668
CD58,CD58,plasma,protein,D,-0.0950726177701231,0.1604372592645703
CD59,CD59,plasma,protein,D,0.2015528729316806,0.2078830250801075
CD5L,CD5L,plasma,protein,D,0.0755771209971647,0.3183936352905648
CD6,CD6,plasma,protein,D,-0.1088610006777058,0.33620357056650463
CD63,CD63,plasma,protein,D,0.3018363290209283,0.2831088791999042
CD69,CD69,plasma,protein,D,0.0363759316257185,0.8657730977805604
CD7,CD7,plasma,protein,D,0.0853572875501283,0.3324524101055511
CD70,CD70,plasma,protein,D,-0.015571402857112,0.4334746353725862
CD72,CD72,plasma,protein,D,0.0326482943101659,0.2976889076245271
CD74,CD74,plasma,protein,D,0.2578378480029001,0.1970327670192617
CD79B,CD79B,plasma,protein,D,-0.1630684364356502,0.27515261503374355
CD80,CD80,plasma,protein,D,-0.0057413479516623,0.2113222940490565
CD82,CD82,plasma,protein,D,-0.225002932070331,0.7797624068754287
CD83,CD83,plasma,protein,D,-0.1514889591838883,0.26187805077131443
CD84,CD84,plasma,protein,D,-0.0297825694950275,0.22047552662299558
CD86,CD86,plasma,protein,D,-0.042854573324917,0.27005609050685003
CD8A,CD8A,plasma,protein,D,-0.5907299860479048,0.4091117219546808
CD93,CD93,plasma,protein,D,-0.1793604889629004,0.20199899707843452
CD99,CD99,plasma,protein,D,0.022319314937385,0.18950866894302268
CD99L2,CD99L2,plasma,protein,D,0.1485572902041993,0.2030177566314777
CDA,CDA,plasma,protein,D,0.1655457967304989,0.31300383490370953
CDAN1,CDAN1,plasma,protein,D,0.0017509055144861,0.19792772657627208
CDC123,CDC123,plasma,protein,D,-0.2440180073876768,0.9917236499748334
CDC26,CDC26,plasma,protein,D,0.1786915771447435,0.35051792034827045
CDC27,CDC27,plasma,protein,D,0.168543934611769,0.5086374171230883
CDC37,CDC37,plasma,protein,D,0.2465322027884816,0.5819524622772854
CDC42BPB,CDC42BPB,plasma,protein,D,0.2433870965279253,0.9417275258554285
CDCP1,CDCP1,plasma,protein,D,0.3919804716134783,0.43285872270674414
CDH1,CDH1,plasma,protein,D,0.0654779797382335,0.2363386140313551
CDH15,CDH15,plasma,protein,D,0.1132254390710059,0.24547129531869272
CDH17,CDH17,plasma,protein,D,-0.2110476989442695,0.5660352249712293
CDH2,CDH2,plasma,protein,D,0.0504340577723345,0.2738587060443986
CDH22,CDH22,plasma,protein,D,-0.0410548810198022,0.3804680382711444
CDH3,CDH3,plasma,protein,D,-0.0128944560716707,0.252121271708021
CDH4,CDH4,plasma,protein,D,-1.6196297570561513e-05,0.5700616257717943
CDH5,CDH5,plasma,protein,D,-0.0704435979091891,0.2902916739427616
CDH6,CDH6,plasma,protein,D,0.0147605275707861,0.3232471407295306
CDHR2,CDHR2,plasma,protein,D,-0.3385444166410256,0.48189277631368227
CDHR5,CDHR5,plasma,protein,D,0.1452461632449623,0.21499017873603302
CDK1,CDK1,plasma,protein,D,-0.1487271638217404,1.028370935931929
CDK5RAP3,CDK5RAP3,plasma,protein,D,0.0547822241976006,0.6667201388436379
CDKL5,CDKL5,plasma,protein,D,-0.0336580188724648,0.4459926733179863
CDKN1A,CDKN1A,plasma,protein,D,0.3355563974540234,0.7529955546664289
CDKN2D,CDKN2D,plasma,protein,D,0.2086666113541076,1.1488960598247704
CDNF,CDNF,plasma,protein,D,0.0358700468560465,0.2138190156422297
CDON,CDON,plasma,protein,D,0.2166122176584951,0.3262265678641283
CDSN,CDSN,plasma,protein,D,0.278131153203259,0.3558215012522513
CEACAM1,CEACAM1,plasma,protein,D,-0.0066521434226848,0.2164909247639859
CEACAM16,CEACAM16,plasma,protein,D,0.0897432204827424,0.43465039831862123
CEACAM18,CEACAM18,plasma,protein,D,-0.0918220070267247,0.6388693534219386
CEACAM20,CEACAM20,plasma,protein,D,-0.0680368250810608,0.5410458743546752
CEACAM21,CEACAM21,plasma,protein,D,0.0211590823646441,0.784921191228978
CEACAM3,CEACAM3,plasma,protein,D,-0.077427113977259,0.3470555244954126
CEACAM5,CEACAM5,plasma,protein,D,0.0250495456466856,0.5937486765203016
CEACAM6,CEACAM6,plasma,protein,D,-0.1689211176005428,0.4355501653187733
CEACAM8,CEACAM8,plasma,protein,D,0.1791663720005064,0.4272332571949124
CEBPA,CEBPA,plasma,protein,D,0.1468002019458087,0.2734705235533297
CEBPB,CEBPB,plasma,protein,D,0.2768991091807526,0.33808399684823137
CELA2A,CELA2A,plasma,protein,D,0.1915543164323008,0.4630377157136244
CELA3A,CELA3A,plasma,protein,D,0.0788725757937789,0.5296810469166193
CELSR2,CELSR2,plasma,protein,D,0.0902992612149293,0.2928419081395099
CEMIP2,CEMIP2,plasma,protein,D,0.2006834328853825,0.3005361715360816
CEND1,CEND1,plasma,protein,D,0.0853622234932126,0.5736153486660154
CENPF,CENPF,plasma,protein,D,0.0596046375823712,0.5039892643527973
CENPJ,CENPJ,plasma,protein,D,0.2019205283676018,0.8082440167007443
CEP112,CEP112,plasma,protein,D,0.2038896753703509,0.32767352845017383
CEP152,CEP152,plasma,protein,D,-0.1109293486840123,0.9292591738963888
CEP164,CEP164,plasma,protein,D,0.0179642000497048,0.29009603274778417
CEP170,CEP170,plasma,protein,D,0.2447062790465612,0.7932531718116512
CEP20,CEP20,plasma,protein,D,0.0741244531445366,0.5611552125509417
CEP290,CEP290,plasma,protein,D,0.0141137566032171,0.5949874155174842
CEP350,CEP350,plasma,protein,D,-0.5480040707992762,1.325036110787412
CEP43,CEP43,plasma,protein,D,0.4198042947225584,0.7368662686900671
CEP85,CEP85,plasma,protein,D,0.062344520052522,0.5410765297864637
CERT1,CERT1,plasma,protein,D,0.076982164749455,0.8537271087059657
CES1,CES1,plasma,protein,D,0.3743531167817899,0.478117807875382
CES2,CES2,plasma,protein,D,0.4805121173341929,0.34061666228501963
CES3,CES3,plasma,protein,D,0.4773150989814285,0.4935427576883719
CETN2,CETN2,plasma,protein,D,-0.062016525526203,0.739031247089746
CETN3,CETN3,plasma,protein,D,0.0267302386775538,0.3771409624434771
CFB,CFB,plasma,protein,D,-0.0669515390072239,0.2710175672788464
CFC1,CFC1,plasma,protein,D,0.216585554014923,0.3258683357310792
CFD,CFD,plasma,protein,D,0.0698214578992487,0.21678857687009878
CFH,CFH,plasma,protein,D,0.0933939978689479,0.2047376467753544
CFHR2,CFHR2,plasma,protein,D,0.1194268149282198,0.3908555744970398
CFHR4,CFHR4,plasma,protein,D,-0.0732594198737135,0.41642550435364656
CFHR5,CFHR5,plasma,protein,D,-0.0373891846815351,0.2237850747056217
CFI,CFI,plasma,protein,D,0.022364025932539,0.1518246724543517
CFP,CFP,plasma,protein,D,-0.0473032833299229,0.1703227673592271
CGB3_CGB5_CGB8,CGB3_CGB5_CGB8,plasma,protein,D,-0.3291157902610655,0.8384391072044936
CGN,CGN,plasma,protein,D,0.1011792404793391,0.4268480439705259
CGREF1,CGREF1,plasma,protein,D,0.1217479621078254,0.35522615356542186
CHAC2,CHAC2,plasma,protein,D,0.2680842078270541,0.5165448548409889
CHAD,CHAD,plasma,protein,D,0.126070870722416,0.39600816382035864
CHCHD10,CHCHD10,plasma,protein,D,0.4070837499486692,0.27229239340185435
CHCHD6,CHCHD6,plasma,protein,D,0.006066948849877,0.2168918572911904
CHEK2,CHEK2,plasma,protein,D,0.0673828907527631,0.4014234242190693
CHGA,CHGA,plasma,protein,D,0.1322831640784093,0.517514073740553
CHGB,CHGB,plasma,protein,D,0.0875541737135238,0.2781469202306379
CHI3L1,CHI3L1,plasma,protein,D,-0.0200940320864319,0.3305131098340225
CHIT1,CHIT1,plasma,protein,D,-0.0668575631753475,0.5228529938246647
CHL1,CHL1,plasma,protein,D,-0.1579853026600018,0.2345225965598051
CHM,CHM,plasma,protein,D,0.1867998425220769,0.6387169868421784
CHMP1A,CHMP1A,plasma,protein,D,0.24428949058048,0.6619476799528348
CHMP6,CHMP6,plasma,protein,D,0.0925210546869608,0.2955612666542317
CHP1,CHP1,plasma,protein,D,0.1697167412473624,0.7490462242940117
CHRDL1,CHRDL1,plasma,protein,D,0.0853590955694289,0.2581093384751217
CHRDL2,CHRDL2,plasma,protein,D,0.0396628851348768,0.3310289608094008
CHRM1,CHRM1,plasma,protein,D,0.0431921670589517,0.6772087340606681
CIAPIN1,CIAPIN1,plasma,protein,D,0.316932186568155,0.6676520526108307
CILP,CILP,plasma,protein,D,0.2849159205286911,0.5096553392043991
CINP,CINP,plasma,protein,D,0.00024979275916,0.36804936383828696
CIRBP,CIRBP,plasma,protein,D,0.4154912579790307,0.9567744074054103
CIT,CIT,plasma,protein,D,0.1884330308145264,0.3857539859931099
CKAP4,CKAP4,plasma,protein,D,0.5127205748191889,0.2551074599802446
CKB,CKB,plasma,protein,D,0.331886216685697,0.4818143973998595
CKMT1A_CKMT1B,CKMT1A_CKMT1B,plasma,protein,D,-0.0723546499591975,0.5380350022633382
CLASP1,CLASP1,plasma,protein,D,-0.1533318099574611,0.7232454183084709
CLC,CLC,plasma,protein,D,-0.0021561755302814,0.39538007822618954
CLEC10A,CLEC10A,plasma,protein,D,0.0134308957091883,0.30032134859955717
CLEC11A,CLEC11A,plasma,protein,D,0.4689759607106784,0.5008475632312054
CLEC12A,CLEC12A,plasma,protein,D,0.1286166026389966,0.21315806173739932
CLEC14A,CLEC14A,plasma,protein,D,-0.0851592165985145,0.2544504654251125
CLEC1A,CLEC1A,plasma,protein,D,0.7732717271301561,0.33649458023305256
CLEC1B,CLEC1B,plasma,protein,D,0.0509354064440073,0.5360494413744551
CLEC2L,CLEC2L,plasma,protein,D,0.0884053612299793,0.4866358650596643
CLEC4A,CLEC4A,plasma,protein,D,-0.0954435793158479,0.26998803348201594
CLEC4C,CLEC4C,plasma,protein,D,-0.0939225860695499,0.4145894806071607
CLEC4D,CLEC4D,plasma,protein,D,0.2805286534479757,0.5742582043017197
CLEC4G,CLEC4G,plasma,protein,D,-0.2495140731502834,0.3135630730636718
CLEC4M,CLEC4M,plasma,protein,D,0.0082223385210973,0.38061423339804457
CLEC5A,CLEC5A,plasma,protein,D,-0.0440632168210898,0.27411394342909917
CLEC6A,CLEC6A,plasma,protein,D,0.2719554386574548,0.4729720656939577
CLGN,CLGN,plasma,protein,D,0.2013082628423428,0.4729317732383329
CLIC5,CLIC5,plasma,protein,D,0.1060885267803674,0.4096084658171495
CLINT1,CLINT1,plasma,protein,D,-0.1327493230041749,0.8679041696560894
CLIP2,CLIP2,plasma,protein,D,0.0605681374265306,1.1768735247212894
CLMP,CLMP,plasma,protein,D,0.028576572872814,0.19096774305988928
CLNS1A,CLNS1A,plasma,protein,D,0.3555530818641274,0.6149507820459332
CLPP,CLPP,plasma,protein,D,0.0803415011687133,0.6340565207355273
CLPS,CLPS,plasma,protein,D,0.1299324727641315,0.5969826849881603
CLSPN,CLSPN,plasma,protein,D,0.0081749242350757,0.3813778002232319
CLSTN2,CLSTN2,plasma,protein,D,0.010375106606845,0.2570499707440344
CLSTN3,CLSTN3,plasma,protein,D,-0.01339286332562,0.3623595314233626
CLTA,CLTA,plasma,protein,D,0.1453085412979166,0.3453047639489123
CLU,CLU,plasma,protein,D,0.100903254417265,0.2136932300620284
CLUL1,CLUL1,plasma,protein,D,0.0887582633683234,0.3934664946072126
CMC1,CMC1,plasma,protein,D,0.10136881067126,0.4715044963783124
CMIP,CMIP,plasma,protein,D,-0.0147378934121021,0.6957671496180975
CNDP1,CNDP1,plasma,protein,D,0.1679575125797051,0.4493882357283844
CNGB3,CNGB3,plasma,protein,D,-0.017712368192728,0.264606281899458
CNP,CNP,plasma,protein,D,0.4312925770583145,0.8577846015520966
CNPY2,CNPY2,plasma,protein,D,0.0018792199326745,0.2805190660246395
CNPY4,CNPY4,plasma,protein,D,0.2444849782613724,0.4505594648968392
CNST,CNST,plasma,protein,D,0.0162086826828042,0.681695259366463
CNTF,CNTF,plasma,protein,D,-0.0050632430295377,0.9857720037055288
CNTN1,CNTN1,plasma,protein,D,-0.2617934527028974,0.32854565577005285
CNTN2,CNTN2,plasma,protein,D,0.2147197484938008,0.507456790356299
CNTN3,CNTN3,plasma,protein,D,-0.2196258967548038,0.2999798325866635
CNTN4,CNTN4,plasma,protein,D,-0.1413513959197575,0.1954347100543596
CNTN5,CNTN5,plasma,protein,D,0.0448340812509914,0.2680906432853295
CNTNAP2,CNTNAP2,plasma,protein,D,0.0556734031559839,0.3346666915181699
COCH,COCH,plasma,protein,D,0.1950921148271286,0.31846683510463547
COL15A1,COL15A1,plasma,protein,D,-0.0034649897925112,0.2497705573741294
COL18A1,COL18A1,plasma,protein,D,0.2269194350406173,0.21873548864844322
COL1A1,COL1A1,plasma,protein,D,0.49987741231007,0.408830579357313
COL28A1,COL28A1,plasma,protein,D,-0.2577428632639445,0.6679565157940743
COL2A1,COL2A1,plasma,protein,D,0.0139287317288854,0.4684550924958846
COL3A1,COL3A1,plasma,protein,D,0.2281753923576392,0.2569610572946388
COL4A1,COL4A1,plasma,protein,D,0.2020397163407851,0.35489280464102413
COL4A4,COL4A4,plasma,protein,D,-0.1294961201724357,0.5193454143439309
COL5A1,COL5A1,plasma,protein,D,0.57499782992162,0.4278061707039379
COL6A3,COL6A3,plasma,protein,D,0.3315488714222293,0.33656026839381586
COL9A1,COL9A1,plasma,protein,D,0.3421354450559295,0.4680438572995169
COL9A2,COL9A2,plasma,protein,D,0.0405655143333585,0.3923863076648838
COLEC12,COLEC12,plasma,protein,D,0.2471059838463399,0.1917384134994122
COMMD1,COMMD1,plasma,protein,D,0.3244307016087873,0.4690134076768482
COMMD9,COMMD9,plasma,protein,D,0.0253649038440022,0.3170958980782727
COMP,COMP,plasma,protein,D,-0.0965124316261269,0.4513536721236747
COMT,COMT,plasma,protein,D,0.4703766146820007,0.9047591503512791
COPB2,COPB2,plasma,protein,D,-0.0315961261577691,0.6408297789242333
COPE,COPE,plasma,protein,D,0.0987781806122831,0.4836905000061239
COQ7,COQ7,plasma,protein,D,0.1192105868319536,0.3058217160926402
CORO1A,CORO1A,plasma,protein,D,0.2212681416867779,0.7750978878163916
CORO6,CORO6,plasma,protein,D,0.1841116129535425,0.3275929557885478
COX5B,COX5B,plasma,protein,D,0.1949678082670971,0.5067634463169268
COX6B1,COX6B1,plasma,protein,D,0.1599765028355219,0.47692750891816027
CPA1,CPA1,plasma,protein,D,0.1428635926276452,0.4638360397406872
CPA2,CPA2,plasma,protein,D,-0.0623581565156961,0.5802562694427974
CPA4,CPA4,plasma,protein,D,0.039838745586489,0.31618807129123294
CPB1,CPB1,plasma,protein,D,0.1977940501419425,0.4582370142140346
CPB2,CPB2,plasma,protein,D,0.1902164342997859,0.1949786049021926
CPE,CPE,plasma,protein,D,-0.1675882523360789,0.20674002279208162
CPM,CPM,plasma,protein,D,0.2069967770656391,0.2330170084847922
CPOX,CPOX,plasma,protein,D,-0.0677736603336724,0.3652446333179088
CPPED1,CPPED1,plasma,protein,D,0.2447483193693545,0.49599215992170076
CPQ,CPQ,plasma,protein,D,0.1053232139231306,0.2732409643380586
CPTP,CPTP,plasma,protein,D,0.0394218690863911,0.3871102931043045
CPVL,CPVL,plasma,protein,D,0.3097882134615133,0.25816682981138594
CPXM1,CPXM1,plasma,protein,D,0.0973828967016899,0.4108218810948657
CPXM2,CPXM2,plasma,protein,D,0.5162070737438116,0.358813956344026
CR1,CR1,plasma,protein,D,-0.1019431358080815,0.24739909244984948
CR2,CR2,plasma,protein,D,-0.1717061779787417,0.3790232419013383
CRACR2A,CRACR2A,plasma,protein,D,0.1346678558387298,0.840205971699352
CRADD,CRADD,plasma,protein,D,0.454573990180674,0.8246909746229366
CREB3,CREB3,plasma,protein,D,-0.2042438263430838,0.8680003921421657
CREBZF,CREBZF,plasma,protein,D,-0.1185905710804659,0.4662532657196451
CREG1,CREG1,plasma,protein,D,0.5264079247774143,0.27263862856664617
CRELD1,CRELD1,plasma,protein,D,0.2139997017762453,0.3082517346345087
CRELD2,CRELD2,plasma,protein,D,0.1185422895482774,0.2871674311385581
CRH,CRH,plasma,protein,D,4.388117942154903,0.7553107745997583
CRHBP,CRHBP,plasma,protein,D,0.3129918407675355,0.2696886992380627
CRHR1,CRHR1,plasma,protein,D,0.0254670049944632,0.6747262266341728
CRIM1,CRIM1,plasma,protein,D,1.395691966599268,0.4810568191711744
CRIP2,CRIP2,plasma,protein,D,0.4548932442619197,0.423816906458597
CRISP2,CRISP2,plasma,protein,D,0.0205726272185111,0.4486209184871054
CRISP3,CRISP3,plasma,protein,D,-0.1434486970017688,0.2173023312523656
CRKL,CRKL,plasma,protein,D,0.3875794525309621,0.9561065218503324
CRLF1,CRLF1,plasma,protein,D,-0.2736821742721548,0.1806669499664064
CRNN,CRNN,plasma,protein,D,0.3902526638561899,0.5947884756015138
CRTAC1,CRTAC1,plasma,protein,D,-0.1575022516039257,0.24999623424526882
CRTAM,CRTAM,plasma,protein,D,-0.3979557739597948,0.3534126190156682
CRTAP,CRTAP,plasma,protein,D,0.0504627741360156,0.2743998897818588
CRX,CRX,plasma,protein,D,-0.0992959761931238,0.8268376541024218
CRYBB1,CRYBB1,plasma,protein,D,0.1850923166826759,0.3756591109634624
CRYBB2,CRYBB2,plasma,protein,D,-0.0191398003907587,0.2574202973911943
CRYGD,CRYGD,plasma,protein,D,0.5010139225802195,0.8634874125782734
CRYM,CRYM,plasma,protein,D,0.1176802125368361,0.6268497746478208
CRYZL1,CRYZL1,plasma,protein,D,0.4622166488367744,0.8436243772468699
CSDE1,CSDE1,plasma,protein,D,0.0563051037735015,0.5943686093262214
CSF1,CSF1,plasma,protein,D,0.1746141446124333,0.2293161490511505
CSF1R,CSF1R,plasma,protein,D,0.72130263975245,0.3155707590676311
CSF2,CSF2,plasma,protein,D,-0.0539241881192237,0.4906086824365661
CSF2RA,CSF2RA,plasma,protein,D,0.7556241233007883,0.36562762263937193
CSF2RB,CSF2RB,plasma,protein,D,0.987135888827955,0.5772245774284147
CSF3,CSF3,plasma,protein,D,0.2293189478293254,0.45892259907492017
CSF3R,CSF3R,plasma,protein,D,1.1677550598769555,0.41515366720535574
CSH1,CSH1,plasma,protein,D,0.8710611111257068,0.23673157350608764
CSNK1D,CSNK1D,plasma,protein,D,0.1295344949240298,0.6877236338964614
CSNK2A1,CSNK2A1,plasma,protein,D,0.0005425693179584,0.46834840345065193
CSPG4,CSPG4,plasma,protein,D,0.4604067410773097,0.3990263085539012
CSPG5,CSPG5,plasma,protein,D,-0.0361873217208637,0.3818371230143031
CSRP3,CSRP3,plasma,protein,D,0.7119112527517887,1.1238734712188507
CST1,CST1,plasma,protein,D,0.0260400047236694,0.7227501946108201
CST3,CST3,plasma,protein,D,0.5341367069348352,0.21041480717812777
CST5,CST5,plasma,protein,D,0.0231328186780451,0.46637980134119195
CST6,CST6,plasma,protein,D,0.0928397348165032,0.3967881824019044
CST7,CST7,plasma,protein,D,0.2144982157030239,0.5785343244677
CSTB,CSTB,plasma,protein,D,0.3759636193279824,0.385834731846159
CTBS,CTBS,plasma,protein,D,0.2497277555797715,0.2039146448491116
CTF1,CTF1,plasma,protein,D,-0.1652616321964658,0.5597847589739576
CTHRC1,CTHRC1,plasma,protein,D,0.307753706256117,0.28365107549356106
CTLA4,CTLA4,plasma,protein,D,-0.0004811369689332,0.6360806312470432
CTNNA1,CTNNA1,plasma,protein,D,-0.0131025700849777,0.3869697204871867
CTRB1,CTRB1,plasma,protein,D,0.0689860651481767,0.40249282092423355
CTRC,CTRC,plasma,protein,D,0.0305132449462801,0.6396197733748838
CTRL,CTRL,plasma,protein,D,-0.0192498669694327,0.6022272390407554
CTSB,CTSB,plasma,protein,D,0.2085689537187272,0.3793170282354311
CTSC,CTSC,plasma,protein,D,0.3191941134828437,0.3796180416115868
CTSD,CTSD,plasma,protein,D,0.2102461401719556,0.22765755379701388
CTSE,CTSE,plasma,protein,D,0.2228254788518746,0.42098562724422245
CTSF,CTSF,plasma,protein,D,0.1694965516692105,0.3109510535558949
CTSH,CTSH,plasma,protein,D,0.059718017331335,0.4712479963631111
CTSL,CTSL,plasma,protein,D,0.0120705415604023,0.2414899010837959
CTSO,CTSO,plasma,protein,D,0.144667944115868,0.24320127755795048
CTSS,CTSS,plasma,protein,D,0.0738341121168557,0.1669260474288062
CTSV,CTSV,plasma,protein,D,-0.0547242735386976,0.30819778605038417
CTSZ,CTSZ,plasma,protein,D,0.0806134192325329,0.2526924733814686
CUZD1,CUZD1,plasma,protein,D,0.0587290469221496,0.5436018238657904
CWC15,CWC15,plasma,protein,D,0.1743224813539839,0.2617901696481339
CXADR,CXADR,plasma,protein,D,0.1528208147891587,0.3508769702663941
CXCL1,CXCL1,plasma,protein,D,0.2444518808706731,0.5959160954372207
CXCL10,CXCL10,plasma,protein,D,0.3895145502931935,0.4348239619059276
CXCL11,CXCL11,plasma,protein,D,0.3536918456088255,0.5616011949955393
CXCL12,CXCL12,plasma,protein,D,0.0397169476421788,0.4042688776184583
CXCL13,CXCL13,plasma,protein,D,-0.1492740260705957,0.6800378492335588
CXCL14,CXCL14,plasma,protein,D,-0.0064372391865448,0.4222000824073607
CXCL16,CXCL16,plasma,protein,D,0.0470274444324738,0.2361991752826823
CXCL17,CXCL17,plasma,protein,D,0.0703332775962709,0.4501969389309254
CXCL3,CXCL3,plasma,protein,D,-0.1106869867439764,0.7981281544841127
CXCL5,CXCL5,plasma,protein,D,-0.293491411478798,0.9081387869932548
CXCL6,CXCL6,plasma,protein,D,0.2543031133195471,0.4802697726235406
CXCL8,CXCL8,plasma,protein,D,0.2864433335952401,0.5542692646219229
CXCL9,CXCL9,plasma,protein,D,0.1262160346907535,0.4686152347194208
CYB5A,CYB5A,plasma,protein,D,-0.0310735144696157,0.5684965935804104
CYB5R2,CYB5R2,plasma,protein,D,0.2973869065023334,0.3429439185147361
CYP24A1,CYP24A1,plasma,protein,D,0.0413260308169668,0.5294197244557234
CYTH3,CYTH3,plasma,protein,D,0.0535424255994645,0.38965277988396063
CYTL1,CYTL1,plasma,protein,D,0.0507627066788916,0.29355012582607554
DAAM1,DAAM1,plasma,protein,D,-0.0707057563746864,0.6787803025221184
DAB2,DAB2,plasma,protein,D,0.1958524582193025,0.5648711382919595
DAG1,DAG1,plasma,protein,D,0.7787740226956438,0.3176694257161964
DAND5,DAND5,plasma,protein,D,-0.1412422210499198,1.7015435199549378
DAPK2,DAPK2,plasma,protein,D,0.122682210352628,0.53330279343673
DAPP1,DAPP1,plasma,protein,D,0.0702662779406525,1.3481739548500555
DARS1,DARS1,plasma,protein,D,0.31133978919407,0.9104091437044205
DBH,DBH,plasma,protein,D,-0.2708249749475402,0.6424140550722313
DBI,DBI,plasma,protein,D,0.2735706020235771,0.44539919049240695
DBN1,DBN1,plasma,protein,D,0.1184126535684858,0.3892687501972962
DBNL,DBNL,plasma,protein,D,0.2423997036664129,0.991517817633953
DCBLD2,DCBLD2,plasma,protein,D,0.0107029392903884,0.2654868614909048
DCC,DCC,plasma,protein,D,0.0149997776598046,0.2168817519646471
DCDC2C,DCDC2C,plasma,protein,D,-0.2827985674676978,1.255887097246836
DCLRE1C,DCLRE1C,plasma,protein,D,-0.4030018701589867,0.9611105648824817
DCN,DCN,plasma,protein,D,-0.0084697104468319,0.2251274862241312
DCTD,DCTD,plasma,protein,D,0.1029379645375341,0.829743663886557
DCTN1,DCTN1,plasma,protein,D,0.2413780779120863,0.6713017182555723
DCTN2,DCTN2,plasma,protein,D,0.2384038035211931,0.46799991121075124
DCTN6,DCTN6,plasma,protein,D,0.0037358999941477,0.5355141545006363
DCTPP1,DCTPP1,plasma,protein,D,0.400492399200606,0.31105151506082557
DCUN1D1,DCUN1D1,plasma,protein,D,-0.0197477296488457,0.6768009370999482
DCUN1D2,DCUN1D2,plasma,protein,D,-0.3212087697062649,1.159285033163529
DCXR,DCXR,plasma,protein,D,0.0564458502087205,0.5639453516961302
DDA1,DDA1,plasma,protein,D,0.0324555002685694,0.4629471815956369
DDAH1,DDAH1,plasma,protein,D,0.2992682710161881,0.3687880040422156
DDC,DDC,plasma,protein,D,-0.258426324256334,0.46557269445201266
DDHD2,DDHD2,plasma,protein,D,0.4195911690029711,0.5047951275343133
DDI2,DDI2,plasma,protein,D,0.2357048435879718,0.6143804774195148
DDR1,DDR1,plasma,protein,D,0.8146489340961874,0.21650892960234824
DDT,DDT,plasma,protein,D,0.3037725251790349,0.4430835303030604
DDX1,DDX1,plasma,protein,D,0.1867062686786715,0.5347595924766049
DDX25,DDX25,plasma,protein,D,0.0452802568797509,0.47220896587009376
DDX39A,DDX39A,plasma,protein,D,0.0741510717302821,0.2156367932017114
DDX4,DDX4,plasma,protein,D,0.0957746090934959,0.5770055827952947
DDX53,DDX53,plasma,protein,D,0.0540284635737441,0.41033660709293096
DDX58,DDX58,plasma,protein,D,0.2633135835230431,0.460466129992968
DECR1,DECR1,plasma,protein,D,0.085764665840008,0.728868641948538
DEFA1_DEFA1B,DEFA1_DEFA1B,plasma,protein,D,0.1209280251733409,0.3948747645102992
DEFB103A_DEFB103B,DEFB103A_DEFB103B,plasma,protein,D,0.1036166575072528,0.7115875530434247
DEFB104A_DEFB104B,DEFB104A_DEFB104B,plasma,protein,D,0.0179368437267254,0.6071234705675765
DEFB116,DEFB116,plasma,protein,D,0.0218282155716798,0.6662256085598315
DEFB118,DEFB118,plasma,protein,D,-0.1092782199477337,0.8519676043350158
DEFB4A_DEFB4B,DEFB4A_DEFB4B,plasma,protein,D,0.1869739312730556,1.111862849825841
DENND2B,DENND2B,plasma,protein,D,0.0200976894073744,0.47746750231943713
DENR,DENR,plasma,protein,D,0.2104776060470412,0.621093320537307
DFFA,DFFA,plasma,protein,D,0.3246211243643305,0.460515948767049
DGCR6,DGCR6,plasma,protein,D,0.1950773936907515,0.5008115540380422
DGKA,DGKA,plasma,protein,D,0.1091926418079818,0.5351245908444846
DGKZ,DGKZ,plasma,protein,D,0.1601196773192743,0.4647377536589612
DHODH,DHODH,plasma,protein,D,-0.1288005330125639,0.8603660419518258
DHPS,DHPS,plasma,protein,D,1.2580002446947114,0.5283528649835927
DHRS4L2,DHRS4L2,plasma,protein,D,-0.0294511072245586,0.3121323014071286
DIABLO,DIABLO,plasma,protein,D,0.0224997035461658,0.9049186420961046
DIPK1C,DIPK1C,plasma,protein,D,-0.0300556762045162,0.5140033480231575
DIPK2B,DIPK2B,plasma,protein,D,-0.050788843252197,0.21332373953250328
DKK1,DKK1,plasma,protein,D,0.3061870429210706,0.2829890409110979
DKK3,DKK3,plasma,protein,D,-0.030037244217468,0.3091296789222606
DKK4,DKK4,plasma,protein,D,0.1507514335327927,0.3102994303470641
DKKL1,DKKL1,plasma,protein,D,0.0535151818349244,0.557214987378569
DLG4,DLG4,plasma,protein,D,0.0219448290981854,0.5363643844637572
DLGAP5,DLGAP5,plasma,protein,D,0.1111886048678085,0.3807610620368257
DLK1,DLK1,plasma,protein,D,1.1858567369062247,0.3700225416043683
DLL1,DLL1,plasma,protein,D,0.1172772265671653,0.220610147053571
DLL4,DLL4,plasma,protein,D,0.036428389864509,0.5756078179020268
DMD,DMD,plasma,protein,D,0.380828399928636,0.32482852826172487
DMP1,DMP1,plasma,protein,D,-0.0941590163700381,0.6712339026011069
DNAJA1,DNAJA1,plasma,protein,D,-0.1394093271024215,0.6302228221845025
DNAJA2,DNAJA2,plasma,protein,D,0.0971056486552217,0.8876113238430425
DNAJA4,DNAJA4,plasma,protein,D,0.3539571103078633,0.7518818805789664
DNAJB1,DNAJB1,plasma,protein,D,0.4643926620140877,1.005177738643562
DNAJB14,DNAJB14,plasma,protein,D,0.2543742891400618,0.5812770949284174
DNAJB2,DNAJB2,plasma,protein,D,0.1068629015950338,0.6567128597769962
DNAJB8,DNAJB8,plasma,protein,D,0.0057316959011324,0.2071978056712853
DNAJC21,DNAJC21,plasma,protein,D,0.1440189191581443,0.3309919234227456
DNAJC6,DNAJC6,plasma,protein,D,0.5498324111482967,0.8833767815832836
DNAJC9,DNAJC9,plasma,protein,D,0.6090849261499828,0.9280732775164336
DNER,DNER,plasma,protein,D,-0.1355026884401197,0.1952977395803147
DNLZ,DNLZ,plasma,protein,D,0.2129387330084333,0.888953610520224
DNM1,DNM1,plasma,protein,D,-0.1537243360553904,1.01017751049027
DNM3,DNM3,plasma,protein,D,-0.0017996415562364,0.30921654719400643
DNMBP,DNMBP,plasma,protein,D,0.1372594526008099,0.4270615916980154
DNPEP,DNPEP,plasma,protein,D,0.3766543961720523,0.4744556315975607
DNPH1,DNPH1,plasma,protein,D,0.4370522534401468,0.6359269478957814
DOC2B,DOC2B,plasma,protein,D,0.0621550912541717,0.6204975831162831
DOCK9,DOCK9,plasma,protein,D,0.0469421981558355,0.7067392026282564
DOK1,DOK1,plasma,protein,D,0.1167411168068815,1.284962750029353
DOK2,DOK2,plasma,protein,D,-0.0314752039647003,0.7468006580579529
DPEP1,DPEP1,plasma,protein,D,-0.1347845696840077,0.33912579463891857
DPEP2,DPEP2,plasma,protein,D,0.7633954337218949,0.22601466908672152
DPP10,DPP10,plasma,protein,D,0.0378401957110357,0.3026454824159751
DPP4,DPP4,plasma,protein,D,-0.1733096241576767,0.2935458416083168
DPP6,DPP6,plasma,protein,D,0.0530970874375946,0.3555316186646524
DPP7,DPP7,plasma,protein,D,0.3409036433983948,0.6284312442052593
DPT,DPT,plasma,protein,D,0.2618048457258506,0.2530321677822721
DPY30,DPY30,plasma,protein,D,0.2662778597981862,0.35172674363137957
DRAXIN,DRAXIN,plasma,protein,D,-0.1095945030589914,0.36685076916658954
DRG2,DRG2,plasma,protein,D,0.0630118497624269,0.3171710685941475
DSC2,DSC2,plasma,protein,D,0.1297935863211776,0.2304378124465437
DSCAM,DSCAM,plasma,protein,D,0.354803134343696,0.2886384364866718
DSG2,DSG2,plasma,protein,D,-0.158468571362149,0.3111843931876793
DSG3,DSG3,plasma,protein,D,-0.0905423032102047,0.3014691299711926
DSG4,DSG4,plasma,protein,D,-0.0903501797193805,0.34665306947963215
DTD1,DTD1,plasma,protein,D,0.1283007131755704,0.9874021375673285
DTNB,DTNB,plasma,protein,D,0.617954236063052,0.28786104259755096
DTX2,DTX2,plasma,protein,D,-0.0059301734067275,1.0527339897452237
DTX3,DTX3,plasma,protein,D,0.1643770577209458,0.20102420298612922
DTYMK,DTYMK,plasma,protein,D,0.4571452124034827,0.8637820567494248
DUOX2,DUOX2,plasma,protein,D,-0.0642957604294863,0.3428741446581002
DUSP13,DUSP13,plasma,protein,D,-0.1833196087329508,0.40277202965981107
DUSP29,DUSP29,plasma,protein,D,0.3457341924603133,0.754183630372596
DUSP3,DUSP3,plasma,protein,D,0.0157450719403242,0.9830184770499387
DUT,DUT,plasma,protein,D,0.4543482310413369,1.0082507868496162
DXO,DXO,plasma,protein,D,0.4725682204482008,0.6116089159210831
DYNC1H1,DYNC1H1,plasma,protein,D,0.0100949528690678,0.2902346191883295
DYNLT1,DYNLT1,plasma,protein,D,0.2046484179103684,0.37013974861065146
DYNLT3,DYNLT3,plasma,protein,D,0.140405757057412,0.4689751762461055
EBAG9,EBAG9,plasma,protein,D,0.3556987888903082,0.6847406796525747
ECHDC3,ECHDC3,plasma,protein,D,0.2108903382778003,0.8083283706562969
ECHS1,ECHS1,plasma,protein,D,0.3249457116682072,0.814647109965087
ECI2,ECI2,plasma,protein,D,0.0989582425291776,0.6310393224743189
ECM1,ECM1,plasma,protein,D,-0.1478587974640872,0.2229300794818107
ECSCR,ECSCR,plasma,protein,D,-0.0303905782148086,0.4788904297773845
EDA2R,EDA2R,plasma,protein,D,0.3300196466995067,0.3606956328898715
EDAR,EDAR,plasma,protein,D,0.0258480163905777,0.2913633111388637
EDDM3B,EDDM3B,plasma,protein,D,-0.0252315061042821,0.3470833007776491
EDF1,EDF1,plasma,protein,D,0.0842674173041012,0.7695867527002795
EDIL3,EDIL3,plasma,protein,D,0.0132767948657979,0.430480107179944
EDN1,EDN1,plasma,protein,D,0.2260517039369995,0.2331413712521492
EDNRB,EDNRB,plasma,protein,D,0.1978996050374218,0.28807642647638
EEF1D,EEF1D,plasma,protein,D,0.3156047763492718,0.8787744513997888
EFCAB14,EFCAB14,plasma,protein,D,0.169456373508542,0.2074274898666426
EFCAB2,EFCAB2,plasma,protein,D,0.1176553398607072,0.3308984290933202
EFEMP1,EFEMP1,plasma,protein,D,-0.0351118053648593,0.3534602779951494
EFHD1,EFHD1,plasma,protein,D,0.497291425173806,0.341062786342181
EFNA4,EFNA4,plasma,protein,D,0.3754215471861075,0.2613534336656874
EFNB2,EFNB2,plasma,protein,D,0.0491522154049226,0.4274852947515219
EGF,EGF,plasma,protein,D,-0.1049892044610789,1.1482525606255085
EGFL7,EGFL7,plasma,protein,D,0.2527288817654997,0.42381742683130985
EGFLAM,EGFLAM,plasma,protein,D,0.3174957542304387,0.3080265522796567
EGFR,EGFR,plasma,protein,D,0.2049226534598661,0.14918128308714101
EGLN1,EGLN1,plasma,protein,D,0.2352478925087293,0.4469864423381872
EHBP1,EHBP1,plasma,protein,D,0.0792996903006737,0.3841740586684416
EHD3,EHD3,plasma,protein,D,-0.0153586814442698,1.0188239345666394
EIF1AX,EIF1AX,plasma,protein,D,0.0409123563319507,0.36596077660936777
EIF2AK2,EIF2AK2,plasma,protein,D,0.4796063149024077,1.012525369131018
EIF2AK3,EIF2AK3,plasma,protein,D,0.0119708946662831,0.8313080699949577
EIF2S2,EIF2S2,plasma,protein,D,0.4010387814520751,0.8609134427445446
EIF4B,EIF4B,plasma,protein,D,0.3653155843391591,0.8941062549749146
EIF4E,EIF4E,plasma,protein,D,0.565689904681923,1.0544174295172337
EIF4EBP1,EIF4EBP1,plasma,protein,D,0.4309224755161389,0.9439874676885387
EIF4G1,EIF4G1,plasma,protein,D,0.6068599036759539,1.2126397779322315
EIF4G3,EIF4G3,plasma,protein,D,-0.0065656667755557,1.0920505394599955
EIF5,EIF5,plasma,protein,D,0.0617800853599969,0.5127674975713583
EIF5A,EIF5A,plasma,protein,D,-0.0310688390896338,0.29042616365495094
ELAC1,ELAC1,plasma,protein,D,0.3179725122058049,0.8619210618155756
ELAVL4,ELAVL4,plasma,protein,D,-0.0183688588321472,0.5841617537159458
ELN,ELN,plasma,protein,D,0.3505152672684304,0.4527725261203501
ELOA,ELOA,plasma,protein,D,0.2831821008002346,0.3022034960975474
ELOB,ELOB,plasma,protein,D,0.1254332971107826,0.530249891400425
ENAH,ENAH,plasma,protein,D,0.2352433152152216,0.38668591551600573
ENDOU,ENDOU,plasma,protein,D,1.2543770152500542,0.5497138890074569
ENG,ENG,plasma,protein,D,0.3198717326894106,0.18259957991505138
ENO1,ENO1,plasma,protein,D,0.2617636449465047,0.7024084957205745
ENO2,ENO2,plasma,protein,D,0.1247099751505424,0.5643421308237386
ENO3,ENO3,plasma,protein,D,-0.0166635975635373,0.4651257226795977
ENOPH1,ENOPH1,plasma,protein,D,0.0823968044552798,0.3896494914482855
ENPEP,ENPEP,plasma,protein,D,0.0877027002848946,0.5119149483654601
ENPP2,ENPP2,plasma,protein,D,0.5154074420734426,0.3678697001552946
ENPP5,ENPP5,plasma,protein,D,-0.2393073482808803,0.325874466935854
ENPP6,ENPP6,plasma,protein,D,-0.1912683828760585,0.26200920773219116
ENPP7,ENPP7,plasma,protein,D,0.3153157214273858,0.612044341035513
ENSA,ENSA,plasma,protein,D,0.2055711906661715,0.681102423197396
ENTPD2,ENTPD2,plasma,protein,D,0.0115234768471316,0.3118255874989116
ENTPD5,ENTPD5,plasma,protein,D,0.0778120114423956,0.1875016203321374
ENTPD6,ENTPD6,plasma,protein,D,0.2210792960005114,0.19935965481015772
ENTR1,ENTR1,plasma,protein,D,0.2817959776787497,0.38404867755373223
EPB41L5,EPB41L5,plasma,protein,D,0.05972583208469,0.603086523833636
EPCAM,EPCAM,plasma,protein,D,-0.2785902732853064,0.4423030448421544
EPGN,EPGN,plasma,protein,D,0.0224549646511819,0.23843279618522117
EPHA1,EPHA1,plasma,protein,D,0.2023260897413001,0.19884737242851638
EPHA10,EPHA10,plasma,protein,D,0.0306241674196008,0.5693942684249329
EPHA2,EPHA2,plasma,protein,D,0.1077088230075054,0.2464750571263392
EPHA4,EPHA4,plasma,protein,D,0.0009837393400249,0.33203300059650903
EPHB4,EPHB4,plasma,protein,D,0.1902254567311726,0.21250134664441592
EPHB6,EPHB6,plasma,protein,D,0.1253135527651552,0.229566844679086
EPN1,EPN1,plasma,protein,D,-0.0555477756371747,0.7378570965480341
EPO,EPO,plasma,protein,D,0.5590437295643221,0.856718497774064
EPPK1,EPPK1,plasma,protein,D,0.2797547682833544,0.33519308142230386
EPS8L2,EPS8L2,plasma,protein,D,0.5560181389471446,0.28415752268523875
ERBB2,ERBB2,plasma,protein,D,0.4080491792212274,0.23117471398797282
ERBB3,ERBB3,plasma,protein,D,0.3670229841672814,0.1913710461350395
ERBB4,ERBB4,plasma,protein,D,-0.185663497763738,0.25714550052348895
ERBIN,ERBIN,plasma,protein,D,0.1345341909582349,0.7371160668878683
ERC2,ERC2,plasma,protein,D,-0.0399239562259511,0.7315958969819093
ERCC1,ERCC1,plasma,protein,D,-0.337020767964558,1.1565248732684459
EREG,EREG,plasma,protein,D,0.0003881930936047,0.349416292669136
ERI1,ERI1,plasma,protein,D,0.1957534613996285,0.3922996451305809
ERMAP,ERMAP,plasma,protein,D,0.1923435863828816,0.3752842739354636
ERN1,ERN1,plasma,protein,D,0.0890630016844301,0.2855989732123243
ERP29,ERP29,plasma,protein,D,0.0131401201451299,0.9098006366365237
ERP44,ERP44,plasma,protein,D,0.1675250331221764,0.2018855644007712
ERVV-1,ERVV-1,plasma,protein,D,0.3888599346241951,0.17130912973488777
ESAM,ESAM,plasma,protein,D,0.3074633848320315,0.2482606808276202
ESM1,ESM1,plasma,protein,D,-0.0261343939571921,0.3757194150740053
ESPL1,ESPL1,plasma,protein,D,-0.2156178195058005,0.6709919158181568
ESR1,ESR1,plasma,protein,D,0.1633169565038311,0.8547471034306813
ESYT2,ESYT2,plasma,protein,D,0.2424693458640556,0.7548497301403305
EVI2B,EVI2B,plasma,protein,D,-0.115149286553477,0.5350710621555059
EVI5,EVI5,plasma,protein,D,0.1986022946048702,0.643867705605019
EVPL,EVPL,plasma,protein,D,0.1096133306267481,0.4920870113889105
EXOSC10,EXOSC10,plasma,protein,D,-0.0404629254670721,0.3071182134121462
EXTL1,EXTL1,plasma,protein,D,-0.0433629830669251,0.513480094020373
EZR,EZR,plasma,protein,D,0.2029261559232347,0.2544707426654442
F10,F10,plasma,protein,D,0.0687438282731684,0.17120999508857943
F11,F11,plasma,protein,D,-0.1355577628166119,0.1619550525794746
F11R,F11R,plasma,protein,D,0.3251585211067439,0.2960335075059754
F12,F12,plasma,protein,D,0.2009243734119946,0.2706323478288272
F13B,F13B,plasma,protein,D,0.0246347653953751,0.2144966746790029
F2,F2,plasma,protein,D,-0.0055259890152884,0.12783001274138922
F2R,F2R,plasma,protein,D,0.0807214607884706,0.3827758567236937
F3,F3,plasma,protein,D,-0.0185940737647499,0.1347301658164469
F7,F7,plasma,protein,D,0.1817291355361462,0.2230759791189746
F9,F9,plasma,protein,D,0.041549538405273,0.19077214874070259
FABP1,FABP1,plasma,protein,D,0.613683692700594,0.6989749046654934
FABP2,FABP2,plasma,protein,D,0.3456711925148716,0.7272405820342168
FABP3,FABP3,plasma,protein,D,0.8446207053517771,0.6552954337762111
FABP4,FABP4,plasma,protein,D,0.4158836538599782,0.4745894753417737
FABP5,FABP5,plasma,protein,D,0.4419651993207875,0.8459280510182808
FABP6,FABP6,plasma,protein,D,0.0136535636985504,0.4034230593387694
FABP9,FABP9,plasma,protein,D,0.1673822014111295,0.4490647368945122
FADD,FADD,plasma,protein,D,0.3033685980730244,0.6747708647493446
FAM13A,FAM13A,plasma,protein,D,0.7255043268881365,0.5608548989156825
FAM171A2,FAM171A2,plasma,protein,D,-0.0288324396932313,0.9472903604557954
FAM171B,FAM171B,plasma,protein,D,0.5469379935762487,0.27603163229903727
FAM172A,FAM172A,plasma,protein,D,0.1132108434149988,0.42607288824268924
FAM20A,FAM20A,plasma,protein,D,0.0886673027247443,0.244604070298487
FAM3B,FAM3B,plasma,protein,D,0.3463578342008919,0.2647005063952025
FAM3C,FAM3C,plasma,protein,D,0.3096615781554727,0.2595177750996288
FAM3D,FAM3D,plasma,protein,D,0.1065322204184065,0.5828345561955449
FAP,FAP,plasma,protein,D,0.2974213371533802,0.34820103646708384
FARSA,FARSA,plasma,protein,D,0.272364404140991,0.8854837460056051
FAS,FAS,plasma,protein,D,0.0980105107267944,0.23000335134772543
FASLG,FASLG,plasma,protein,D,-0.0154746971982692,0.2855435355433369
FBLN2,FBLN2,plasma,protein,D,0.5486364656393357,0.44789793400186473
FBN2,FBN2,plasma,protein,D,0.4153907813573744,0.19252655879509528
FBP1,FBP1,plasma,protein,D,-0.1544051701110322,0.9116876572525455
FCAMR,FCAMR,plasma,protein,D,-0.4220064741005197,0.547448935486619
FCAR,FCAR,plasma,protein,D,-0.0310107958716337,0.4015805311499111
FCER1A,FCER1A,plasma,protein,D,-0.0703918623180328,0.17958465874006
FCER2,FCER2,plasma,protein,D,0.0447019674109659,0.4157031710712201
FCGR2A,FCGR2A,plasma,protein,D,-0.0232666735021135,0.4137200356913417
FCGR2B,FCGR2B,plasma,protein,D,0.1957542008343474,0.4318478729884402
FCGR3B,FCGR3B,plasma,protein,D,-0.206079620837191,0.37239404005300925
FCN1,FCN1,plasma,protein,D,0.0006873598046974,0.4483553503430651
FCN2,FCN2,plasma,protein,D,-0.4459633580621702,0.4733138286847816
FCRL1,FCRL1,plasma,protein,D,-0.2593951054615315,0.3258668965247677
FCRL2,FCRL2,plasma,protein,D,-0.2201699189085591,0.39493680334442705
FCRL3,FCRL3,plasma,protein,D,-0.3095363670094171,0.5996808628124477
FCRL5,FCRL5,plasma,protein,D,0.0002604982553063,0.40934064598115993
FCRL6,FCRL6,plasma,protein,D,-0.1421964993383342,0.5348854223914181
FCRLB,FCRLB,plasma,protein,D,0.0392983699468676,0.39680896925591086
FDX1,FDX1,plasma,protein,D,0.2342039619668994,0.4504559933693591
FDX2,FDX2,plasma,protein,D,0.1143990036266641,0.47970420132047153
FEN1,FEN1,plasma,protein,D,0.1222802449237364,0.3401979418389756
FES,FES,plasma,protein,D,-0.0326528856394964,0.4300768847278986
FETUB,FETUB,plasma,protein,D,-0.0003313006661321,0.1752680996767459
FGA,FGA,plasma,protein,D,0.1564902176926649,0.2158102312682302
FGD3,FGD3,plasma,protein,D,0.195408830646284,0.6716996387233718
FGF12,FGF12,plasma,protein,D,-0.0203244592103466,0.4625542359453245
FGF16,FGF16,plasma,protein,D,0.046108332034281,0.49633102641179194
FGF19,FGF19,plasma,protein,D,-0.0609663519644414,0.6465066484272376
FGF2,FGF2,plasma,protein,D,0.0808381286439964,0.5020464582378033
FGF20,FGF20,plasma,protein,D,0.0999190930030636,0.2177218870501222
FGF21,FGF21,plasma,protein,D,1.609381209944033,1.5247828084911441
FGF23,FGF23,plasma,protein,D,0.8315520910633769,0.9959923579768823
FGF5,FGF5,plasma,protein,D,0.0063355464110777,0.3128102079321176
FGF6,FGF6,plasma,protein,D,-0.154332282839197,0.46632367887791126
FGF7,FGF7,plasma,protein,D,-0.3018505200861915,0.8257719213278044
FGF9,FGF9,plasma,protein,D,-0.3431731235941147,0.8990402662167873
FGFBP1,FGFBP1,plasma,protein,D,-0.0969644011481572,0.5109314593556082
FGFBP2,FGFBP2,plasma,protein,D,0.1900018945308806,0.3686679305627779
FGFBP3,FGFBP3,plasma,protein,D,0.0656708589572674,0.29544288575500144
FGFR2,FGFR2,plasma,protein,D,-0.0482623063068619,0.1644109985609503
FGFR4,FGFR4,plasma,protein,D,-0.2651280119619199,0.4474559581001109
FGL1,FGL1,plasma,protein,D,0.4793852543340012,0.3871874768272092
FGR,FGR,plasma,protein,D,0.1579442092845842,0.38393463097317937
FH,FH,plasma,protein,D,0.019156047763757,1.1179528506642735
FHIP2A,FHIP2A,plasma,protein,D,-0.114435912069211,0.5474623459397192
FHIT,FHIT,plasma,protein,D,0.4187982818369262,0.9619844087957685
FIS1,FIS1,plasma,protein,D,0.2700075949337747,0.38751278058562566
FKBP14,FKBP14,plasma,protein,D,0.26141433243294,0.6563545804737788
FKBP1B,FKBP1B,plasma,protein,D,-0.0319243877850619,0.4904657992233875
FKBP4,FKBP4,plasma,protein,D,0.2649509966626764,0.4505649329759637
FKBP5,FKBP5,plasma,protein,D,0.2120240872477994,0.9535444833931779
FKBP7,FKBP7,plasma,protein,D,-0.0715939594123195,0.3328646982432262
FKBPL,FKBPL,plasma,protein,D,0.378754459174679,0.4699327221561327
FLRT2,FLRT2,plasma,protein,D,0.2694851788681478,0.3204231102546602
FLT1,FLT1,plasma,protein,D,0.1397626667618967,0.14323155081917818
FLT3,FLT3,plasma,protein,D,-0.327007026737708,0.42307967148892456
FLT3LG,FLT3LG,plasma,protein,D,-0.0228716656844489,0.25749142433629923
FLT4,FLT4,plasma,protein,D,1.0670719914153148,0.37025558905104283
FMNL1,FMNL1,plasma,protein,D,0.1109759972511023,0.4671221408053125
FMR1,FMR1,plasma,protein,D,0.1823884534555362,0.6081712792070202
FN1,FN1,plasma,protein,D,0.0547881597393254,0.3014122082887155
FNDC1,FNDC1,plasma,protein,D,0.2481842347451426,0.568591721383147
FNTA,FNTA,plasma,protein,D,0.3003899824948667,0.32944619636923245
FOLH1,FOLH1,plasma,protein,D,0.1954550565911002,0.5504595992344457
FOLR1,FOLR1,plasma,protein,D,0.4396835343642721,0.2727608642983136
FOLR2,FOLR2,plasma,protein,D,-0.0368925788899928,0.2248392968040256
FOLR3,FOLR3,plasma,protein,D,-3.813974107504204,0.41270746943733316
FOS,FOS,plasma,protein,D,-0.0561215120271296,0.7783010847298745
FOSB,FOSB,plasma,protein,D,0.1729681643101659,0.3000846851387827
FOXJ3,FOXJ3,plasma,protein,D,0.2457294976762056,0.38564792962238814
FOXO1,FOXO1,plasma,protein,D,0.1036799976367526,0.7448614408241891
FOXO3,FOXO3,plasma,protein,D,0.3060341673049843,1.2516955301016106
FRMD4B,FRMD4B,plasma,protein,D,0.0247255694081981,0.7933378783250986
FRMD7,FRMD7,plasma,protein,D,0.0227286923112856,0.2684646126261445
FRZB,FRZB,plasma,protein,D,0.2387250961367489,0.2302825831249922
FSHB,FSHB,plasma,protein,D,-0.0501675224812522,0.2291411817763143
FST,FST,plasma,protein,D,0.3740574808113587,0.5432263431629073
FSTL1,FSTL1,plasma,protein,D,0.172280713457664,0.1516264827268407
FSTL3,FSTL3,plasma,protein,D,0.5158795227959142,0.46499130245541553
FTCD,FTCD,plasma,protein,D,0.4571332007943908,0.8163365377232178
FUCA1,FUCA1,plasma,protein,D,0.5157875209288336,0.6089385939044507
FURIN,FURIN,plasma,protein,D,0.7245983841754746,0.28100130715961646
FUS,FUS,plasma,protein,D,0.1808741275306754,0.3336967638950551
FUT1,FUT1,plasma,protein,D,0.196884797083996,0.5306524729001896
FUT3_FUT5,FUT3_FUT5,plasma,protein,D,0.3385615761577952,0.39867899229351417
FUT8,FUT8,plasma,protein,D,0.3198644387095757,0.3578094167898771
FXN,FXN,plasma,protein,D,0.2732430341170002,0.6646828295611367
FXYD5,FXYD5,plasma,protein,D,0.0665132137201174,0.5104596996818451
FYB1,FYB1,plasma,protein,D,0.2304178139158454,0.8080175578040509
FZD10,FZD10,plasma,protein,D,0.0521884744644517,0.9989621412215705
FZD8,FZD8,plasma,protein,D,0.0603553724182076,0.3767279302911658
GABARAP,GABARAP,plasma,protein,D,0.0578574959849823,0.4628189783004524
GABRA4,GABRA4,plasma,protein,D,0.1599575702024616,0.72061508977064
GAD1,GAD1,plasma,protein,D,-0.0424883058728932,0.6052404129597796
GAD2,GAD2,plasma,protein,D,-0.0205521399442289,0.49254608896133034
GADD45B,GADD45B,plasma,protein,D,-0.00154110852502,0.4363093591899471
GADD45GIP1,GADD45GIP1,plasma,protein,D,0.1038553803613928,0.2906380072664111
GAGE2A,GAGE2A,plasma,protein,D,-0.2094646700074803,0.8832049655649645
GAL,GAL,plasma,protein,D,-0.0009465695569943,0.5512391662884425
GALNT10,GALNT10,plasma,protein,D,0.1893909738248217,0.2283966751017152
GALNT2,GALNT2,plasma,protein,D,0.220465106830419,0.1429430247062611
GALNT3,GALNT3,plasma,protein,D,0.0665510192110742,0.4062514921047733
GALNT5,GALNT5,plasma,protein,D,-0.1736615130603981,0.3741915615921352
GALNT7,GALNT7,plasma,protein,D,-0.0515749231475169,0.15718351944162812
GAMT,GAMT,plasma,protein,D,-0.0479639236724911,0.2836814326283971
GAPDH,GAPDH,plasma,protein,D,0.3914305894150955,0.4700005956227182
GART,GART,plasma,protein,D,0.1114747232089279,0.2441790436322487
GAS2,GAS2,plasma,protein,D,0.0704823227226742,0.5015169747108145
GAS6,GAS6,plasma,protein,D,0.0202504452113889,0.2265952923296473
GASK1A,GASK1A,plasma,protein,D,0.2647953852334484,0.36823715081305985
GAST,GAST,plasma,protein,D,0.3682720638021087,0.8754891620244545
GATA3,GATA3,plasma,protein,D,-0.0070059936340311,0.5819716827555936
GATD3,GATD3,plasma,protein,D,0.074704670234953,0.32279873177576224
GBA,GBA,plasma,protein,D,0.481153369025823,0.4549260015235108
GBP1,GBP1,plasma,protein,D,0.3527188257629127,0.4289555774517725
GBP2,GBP2,plasma,protein,D,0.1814932610978647,0.5874187542100793
GBP4,GBP4,plasma,protein,D,0.0340219766107382,0.25065435289606913
GC,GC,plasma,protein,D,0.0339290538113721,0.2119578079111366
GCC1,GCC1,plasma,protein,D,0.2923175047477369,0.9978987338781478
GCG,GCG,plasma,protein,D,0.1904924176459841,0.9579111591878086
GCHFR,GCHFR,plasma,protein,D,0.1851559918194198,0.3948809072436822
GCLM,GCLM,plasma,protein,D,0.2019485080121479,0.6128383287620026
GCNT1,GCNT1,plasma,protein,D,0.1140130321078372,0.2589445721997027
GDF15,GDF15,plasma,protein,D,1.1910289039229809,0.40903678249450404
GDF2,GDF2,plasma,protein,D,-0.0556735333409568,0.3002260209695526
GDNF,GDNF,plasma,protein,D,0.1320725976118757,0.3369317865090006
GET3,GET3,plasma,protein,D,0.3164345530290505,0.5149613498490068
GFAP,GFAP,plasma,protein,D,0.0435884692335988,0.33386706470036864
GFER,GFER,plasma,protein,D,0.1769109843473071,0.37276995325144535
GFOD2,GFOD2,plasma,protein,D,-0.1233766949102592,0.5677345209558465
GFRA1,GFRA1,plasma,protein,D,0.0159742164049704,0.26722558384147393
GFRA2,GFRA2,plasma,protein,D,-0.0866690164896246,0.2462511206520882
GFRA3,GFRA3,plasma,protein,D,-0.0992727562785006,0.2783166521476877
GFRAL,GFRAL,plasma,protein,D,-0.185659112840184,0.5162368714910563
GGA1,GGA1,plasma,protein,D,-0.0561223310483746,0.5238830044182493
GGACT,GGACT,plasma,protein,D,0.2328425717781009,0.6787481416072415
GGCT,GGCT,plasma,protein,D,0.2914339674267762,0.5985311547150224
GGH,GGH,plasma,protein,D,-0.0388464232793817,0.25797610882200367
GGT1,GGT1,plasma,protein,D,-0.2286898212703652,0.3432468451840982
GGT5,GGT5,plasma,protein,D,-0.0115471025757524,0.20980118999631892
GH1,GH1,plasma,protein,D,-0.0873977673829145,0.1696996416120713
GH2,GH2,plasma,protein,D,0.1500681271367626,0.6054279189946574
GHR,GHR,plasma,protein,D,-0.328765920465876,0.2722565017620105
GHRHR,GHRHR,plasma,protein,D,-0.1915347780833356,0.4679293112183526
GHRL,GHRL,plasma,protein,D,-0.209496996206738,0.704605682519823
GID8,GID8,plasma,protein,D,0.0728785066437806,0.3393040329849144
GIGYF2,GIGYF2,plasma,protein,D,0.2132390806128508,0.6415469204668405
GIMAP7,GIMAP7,plasma,protein,D,0.0208305525417485,0.24336278890029991
GIMAP8,GIMAP8,plasma,protein,D,-0.0218013230155956,0.49807846989945265
GIPC2,GIPC2,plasma,protein,D,0.1986714602894002,0.2658612623081338
GIPC3,GIPC3,plasma,protein,D,0.0842274566115215,1.1795996210436561
GIT1,GIT1,plasma,protein,D,0.1848785426665098,0.9137982958534672
GJA8,GJA8,plasma,protein,D,-0.3382863584024219,1.063009354536807
GKN1,GKN1,plasma,protein,D,0.0112735875649798,0.289363302373834
GLB1,GLB1,plasma,protein,D,0.2475390246875329,0.3276648294843222
GLI2,GLI2,plasma,protein,D,-0.0099886409121343,0.2158970319655426
GLO1,GLO1,plasma,protein,D,0.2914822471313704,0.5804126367768843
GLOD4,GLOD4,plasma,protein,D,0.2502132960433568,0.4489875466946121
GLP1R,GLP1R,plasma,protein,D,-0.0764337409402976,0.6839562479010135
GLRX,GLRX,plasma,protein,D,0.3650494336702097,0.5952807809866483
GLRX5,GLRX5,plasma,protein,D,0.2525479623586528,0.5244749638358902
GLT8D2,GLT8D2,plasma,protein,D,0.0146004248877878,0.5743247202647667
GLYR1,GLYR1,plasma,protein,D,0.2956702005285569,0.3989778899739071
GM2A,GM2A,plasma,protein,D,0.4873721876260068,0.29469145525135554
GMFG,GMFG,plasma,protein,D,0.2687009966512392,0.832075685370574
GMPR,GMPR,plasma,protein,D,0.2674318359427097,0.7153292420239323
GMPR2,GMPR2,plasma,protein,D,0.3774996716912923,0.8108370596678426
GNAS,GNAS,plasma,protein,D,0.1858796285281219,0.5543661375349201
GNE,GNE,plasma,protein,D,0.1355200940044184,0.34812123732922096
GNGT1,GNGT1,plasma,protein,D,0.0948333303459567,0.5242115820067574
GNLY,GNLY,plasma,protein,D,-0.1432984051594676,0.3822860795843257
GNPDA1,GNPDA1,plasma,protein,D,0.0660431255826568,0.2725232810804755
GNPDA2,GNPDA2,plasma,protein,D,0.2526601753743236,0.31874217830768314
GOLGA3,GOLGA3,plasma,protein,D,0.2475017515329252,0.7003659109671784
GOLM2,GOLM2,plasma,protein,D,0.1897651668390116,0.22165206674204482
GOPC,GOPC,plasma,protein,D,0.1357766885247495,0.8573388264959831
GORASP2,GORASP2,plasma,protein,D,0.1915728103296277,0.4194459156583451
GOT1,GOT1,plasma,protein,D,0.092509803480751,0.4024710896229769
GP1BA,GP1BA,plasma,protein,D,0.0426199087516737,0.2208171203073276
GP1BB,GP1BB,plasma,protein,D,0.0784792748302884,0.8864957219890276
GP2,GP2,plasma,protein,D,0.1888377372580049,0.6420808466249373
GP5,GP5,plasma,protein,D,0.0721791947479495,0.36058715370645467
GP6,GP6,plasma,protein,D,0.1381426608490918,0.5048395519769714
GPA33,GPA33,plasma,protein,D,-0.4724923294534298,0.6634584233571613
GPC1,GPC1,plasma,protein,D,0.0039931618677292,0.2018398198567887
GPC5,GPC5,plasma,protein,D,-0.25170998930528,0.40683293485621386
GPD1,GPD1,plasma,protein,D,0.0061780362903322,0.49938783366552275
GPHA2,GPHA2,plasma,protein,D,0.0899622059317022,0.2825276285010486
GPI,GPI,plasma,protein,D,0.24429595643123,0.38258923437612014
GPIHBP1,GPIHBP1,plasma,protein,D,-0.0378166353083427,0.3275106680161258
GPKOW,GPKOW,plasma,protein,D,0.043035044975562,0.1483814330122345
GPNMB,GPNMB,plasma,protein,D,0.3256251803237454,0.3170963274729694
GPR101,GPR101,plasma,protein,D,0.0270391975957312,0.5876655455562154
GPR158,GPR158,plasma,protein,D,-0.0258362865538952,0.208196402173658
GPR15L,GPR15L,plasma,protein,D,0.263533707721606,0.5789596793917943
GPR37,GPR37,plasma,protein,D,0.8116544349147231,0.516926522924795
GPRC5C,GPRC5C,plasma,protein,D,0.2377587000455955,0.6620057566494796
GRAP2,GRAP2,plasma,protein,D,0.2908971448183496,1.1026996843226593
GRHPR,GRHPR,plasma,protein,D,0.1869888792360204,0.6816128224139435
GRIK2,GRIK2,plasma,protein,D,0.0047396111423275,0.31945705528965157
GRIN2B,GRIN2B,plasma,protein,D,-0.1688420779920902,0.42765192170234345
GRK5,GRK5,plasma,protein,D,0.111044717998464,0.6703569680938037
GRN,GRN,plasma,protein,D,0.9240015687449628,0.45703402724760456
GRP,GRP,plasma,protein,D,0.6481827039897615,0.4475081462914483
GRPEL1,GRPEL1,plasma,protein,D,0.2695742585807583,0.3698432689070738
GRSF1,GRSF1,plasma,protein,D,-0.0701576804049003,0.7000832385260477
GSAP,GSAP,plasma,protein,D,0.0159519317455534,0.593605350430401
GSN,GSN,plasma,protein,D,-0.1451810243101999,0.1596028965278839
GSR,GSR,plasma,protein,D,-0.0276511433466302,0.22185389064390443
GSTA1,GSTA1,plasma,protein,D,-0.0725583751548982,0.6770897767144415
GSTA3,GSTA3,plasma,protein,D,0.3205838528044153,0.550503714080629
GSTM4,GSTM4,plasma,protein,D,0.035889351520824,0.6034260808025133
GSTP1,GSTP1,plasma,protein,D,0.0147856619670014,0.5021858327391254
GSTT2B,GSTT2B,plasma,protein,D,0.2542579200279449,1.48576479836579
GTF2IRD1,GTF2IRD1,plasma,protein,D,0.0140074568294982,0.2956932069045106
GTPBP2,GTPBP2,plasma,protein,D,0.0567851815957687,0.8277652690187187
GUCA2A,GUCA2A,plasma,protein,D,0.1505136524539542,0.3203963874064965
GUCY2C,GUCY2C,plasma,protein,D,0.0362349364894775,0.9058226425644195
GUK1,GUK1,plasma,protein,D,-0.0083467895823819,0.4426005485667515
GUSB,GUSB,plasma,protein,D,0.5751378570480697,0.5128204078563577
GYS1,GYS1,plasma,protein,D,-0.0108851314736442,0.7311902435515996
GZMA,GZMA,plasma,protein,D,-0.0525867330328554,0.27963146716599707
GZMB,GZMB,plasma,protein,D,0.1045081788000316,0.4185952955941319
GZMH,GZMH,plasma,protein,D,0.2430034288304043,0.4593596657288094
H2AP,H2AP,plasma,protein,D,-0.1029116468102396,0.5607410997892474
HADH,HADH,plasma,protein,D,0.0783718533437408,0.5078339980476314
HAGH,HAGH,plasma,protein,D,0.2148980016876995,0.8795578925649294
HAO1,HAO1,plasma,protein,D,0.589637355265197,1.351212912797562
HARS1,HARS1,plasma,protein,D,0.1259241709815421,0.45185973600533025
HAVCR1,HAVCR1,plasma,protein,D,0.3073014746155718,0.438925049531643
HAVCR2,HAVCR2,plasma,protein,D,0.0681293024220059,0.2476108344122235
HBEGF,HBEGF,plasma,protein,D,0.0506920127858131,0.49599375273054797
HBQ1,HBQ1,plasma,protein,D,0.1102314499441844,0.4753056641401835
HBZ,HBZ,plasma,protein,D,0.245316517058818,0.848982934372344
HCG22,HCG22,plasma,protein,D,-0.1201646846100509,0.5899680181565217
HCLS1,HCLS1,plasma,protein,D,0.3636919949243588,0.7643636902735041
HDAC8,HDAC8,plasma,protein,D,-0.0190872112336164,0.6573397979397996
HDAC9,HDAC9,plasma,protein,D,0.0274318018206732,0.7653683539853094
HDDC2,HDDC2,plasma,protein,D,0.1242330414444263,0.2260844101949822
HDGF,HDGF,plasma,protein,D,0.4263500589193152,0.8746129494092478
HDGFL2,HDGFL2,plasma,protein,D,0.2195579996242864,0.4325681225772175
HEG1,HEG1,plasma,protein,D,0.1989573598274261,0.34472935998652465
HEPACAM2,HEPACAM2,plasma,protein,D,-0.2538062039040124,0.23396440236753926
HEPH,HEPH,plasma,protein,D,0.0148904979772499,0.2469946829233983
HEXIM1,HEXIM1,plasma,protein,D,0.3692475581492103,0.6906171903809764
HGFAC,HGFAC,plasma,protein,D,-0.416998568996598,0.3319641575813252
HGS,HGS,plasma,protein,D,0.2762120676529096,0.6544196624322633
HHEX,HHEX,plasma,protein,D,0.2753537861917147,0.4352545900688649
HIF1A,HIF1A,plasma,protein,D,0.0218142100218118,0.4787919279853233
HIP1,HIP1,plasma,protein,D,0.0583195594586996,0.25702673486979977
HIP1R,HIP1R,plasma,protein,D,0.4139315127651546,0.332386445216508
HJV,HJV,plasma,protein,D,0.1153329142499543,0.2349437340600706
HK2,HK2,plasma,protein,D,0.0865175654294016,0.5351234259648002
HLA-A,HLA-A,plasma,protein,D,0.1298115097537617,0.39268801479971543
HLA-DRA,HLA-DRA,plasma,protein,D,0.1548494295082069,0.33154333387475854
HLA-E,HLA-E,plasma,protein,D,-0.0100519987949,0.22751005888432851
HMBS,HMBS,plasma,protein,D,0.2360588388272187,0.5719263187436222
HMCN2,HMCN2,plasma,protein,D,0.3461387235545949,0.6219286576882759
HMGCL,HMGCL,plasma,protein,D,-0.013455403971002,0.555385031749643
HMGCS1,HMGCS1,plasma,protein,D,0.084111357156833,0.49248514438790675
HMMR,HMMR,plasma,protein,D,-0.0326097009580615,0.8325919576532532
HMOX1,HMOX1,plasma,protein,D,-0.2012556496778562,0.320334049792792
HMOX2,HMOX2,plasma,protein,D,0.1738704618354252,0.2805738814858131
HNF1A,HNF1A,plasma,protein,D,0.0867537795866883,0.6441300023898534
HNMT,HNMT,plasma,protein,D,0.1642613285042251,0.37169173702390385
HNRNPK,HNRNPK,plasma,protein,D,0.3248875333562974,0.8736170845297914
HNRNPUL1,HNRNPUL1,plasma,protein,D,0.2887617367017248,0.4583608632002821
HPCAL1,HPCAL1,plasma,protein,D,0.2646744149555511,0.7100361566413502
HPGDS,HPGDS,plasma,protein,D,-0.1316702785262493,0.3453696676543736
HPSE,HPSE,plasma,protein,D,0.1211689342842048,0.8970709214002677
HRAS,HRAS,plasma,protein,D,0.078434402705377,0.5156818676116717
HRC,HRC,plasma,protein,D,0.0659018106372512,0.3562325306443532
HRG,HRG,plasma,protein,D,-0.6266776969248977,0.5187405840309454
HS1BP3,HS1BP3,plasma,protein,D,0.3265196472353663,0.5473339935693616
HS3ST3B1,HS3ST3B1,plasma,protein,D,0.3107882090320151,0.30539216841819505
HS6ST1,HS6ST1,plasma,protein,D,0.3637354955315394,0.3617570697363564
HS6ST2,HS6ST2,plasma,protein,D,0.3049341018786956,0.33452154241334814
HSBP1,HSBP1,plasma,protein,D,0.3081126857715593,0.4575512629865885
HSD11B1,HSD11B1,plasma,protein,D,0.0804126458999298,0.26509858176749107
HSD17B14,HSD17B14,plasma,protein,D,0.4426382156483607,0.6155128787878333
HSD17B3,HSD17B3,plasma,protein,D,0.0275301802770167,0.7398828292257662
HSDL2,HSDL2,plasma,protein,D,0.1198128344336111,0.41915214745448115
HSP90B1,HSP90B1,plasma,protein,D,0.0503813848196843,0.5782334511619511
HSPA1A,HSPA1A,plasma,protein,D,0.1777698104354594,0.3292247806338946
HSPA2,HSPA2,plasma,protein,D,0.5153765928913884,0.4436519755596984
HSPB1,HSPB1,plasma,protein,D,0.176754993491012,0.6816385013296538
HSPB6,HSPB6,plasma,protein,D,0.8678359059486186,0.372911039731233
HSPG2,HSPG2,plasma,protein,D,0.2114718344500049,0.20157120013492058
HTR1A,HTR1A,plasma,protein,D,0.1205439227790017,0.7933460796978599
HTRA2,HTRA2,plasma,protein,D,0.0902933310728914,0.3483923019978202
HYAL1,HYAL1,plasma,protein,D,0.0858145006341605,0.32597838868514106
HYOU1,HYOU1,plasma,protein,D,0.09356485373617,0.1503668127281762
ICA1,ICA1,plasma,protein,D,0.1482817248868284,0.6869269129800972
ICAM1,ICAM1,plasma,protein,D,-0.043103339649713,0.23587170058552728
ICAM2,ICAM2,plasma,protein,D,-0.1899377182782535,0.3052086751869903
ICAM3,ICAM3,plasma,protein,D,-0.1388018380154907,0.21660308123131042
ICAM4,ICAM4,plasma,protein,D,-0.0539664271616907,0.3240498913851261
ICAM5,ICAM5,plasma,protein,D,-0.0981683739937584,0.3308603517490119
ICOSLG,ICOSLG,plasma,protein,D,-0.0926507748591998,0.159304684630797
ID4,ID4,plasma,protein,D,0.0725437022202637,0.3076304518686948
IDI2,IDI2,plasma,protein,D,0.1920865046153706,0.4127697473041359
IDO1,IDO1,plasma,protein,D,0.0965203761283736,0.3955370080413288
IDUA,IDUA,plasma,protein,D,0.054917542647467,0.300306700361167
IFI30,IFI30,plasma,protein,D,0.4101861884105881,0.29486254161916686
IFIT3,IFIT3,plasma,protein,D,0.2004012870539166,0.5329732647065849
IFNAR1,IFNAR1,plasma,protein,D,0.0256917434958672,0.1295168535517324
IFNG,IFNG,plasma,protein,D,-0.2343326165937324,0.5488754623105914
IFNGR1,IFNGR1,plasma,protein,D,0.1761574887451708,0.1752899572207295
IFNGR2,IFNGR2,plasma,protein,D,0.2671475391519858,0.3454137819671011
IFNL1,IFNL1,plasma,protein,D,0.2183690388503449,0.46140273109267393
IFNL2,IFNL2,plasma,protein,D,0.0727974128357313,0.5585333805861381
IFNLR1,IFNLR1,plasma,protein,D,-0.0085765247072837,0.2755052123266491
IFNW1,IFNW1,plasma,protein,D,0.0137029941930765,0.35705154839623177
IFT20,IFT20,plasma,protein,D,0.1850430837130471,0.47128774765422565
IGBP1,IGBP1,plasma,protein,D,0.28755198308637,0.7712240061976323
IGDCC3,IGDCC3,plasma,protein,D,0.0874055778627719,0.43810713651064903
IGDCC4,IGDCC4,plasma,protein,D,0.392410301131801,0.29226584762857455
IGF1R,IGF1R,plasma,protein,D,0.0835713802673675,0.1677288605035635
IGF2BP3,IGF2BP3,plasma,protein,D,0.0919032196485468,0.4548533067147278
IGF2R,IGF2R,plasma,protein,D,0.2296454785073101,0.1652465905113396
IGFBP1,IGFBP1,plasma,protein,D,0.5062036479939258,0.7016259514235528
IGFBP2,IGFBP2,plasma,protein,D,0.3453510932358426,0.4426956875867181
IGFBP3,IGFBP3,plasma,protein,D,0.067489299044729,0.229213326907588
IGFBP4,IGFBP4,plasma,protein,D,0.6793719661238014,0.28578645327746305
IGFBP6,IGFBP6,plasma,protein,D,0.1311953675333425,0.1972953070322292
IGFBP7,IGFBP7,plasma,protein,D,-0.0459707121998018,0.17700405276424247
IGFBPL1,IGFBPL1,plasma,protein,D,0.610309471020918,0.4386105146634134
IGFL4,IGFL4,plasma,protein,D,-0.0295566847048086,0.7644606100302418
IGHMBP2,IGHMBP2,plasma,protein,D,0.0366827738054137,0.58503016245929
IGLC2,IGLC2,plasma,protein,D,0.0626116566323533,0.1613916071521641
IGLON5,IGLON5,plasma,protein,D,-0.2736119908196413,0.7733081810057033
IGSF21,IGSF21,plasma,protein,D,-0.012480588871246,0.2580047438883765
IGSF3,IGSF3,plasma,protein,D,1.5968155376722022,0.39814913331274493
IGSF9,IGSF9,plasma,protein,D,0.7930357325628006,0.5349977423316956
IKBKG,IKBKG,plasma,protein,D,0.2707947555434069,0.7714818382175963
IKZF2,IKZF2,plasma,protein,D,-0.1531868705606563,0.7654309477800394
IL10,IL10,plasma,protein,D,0.1156403291046789,0.6326733219891484
IL10RA,IL10RA,plasma,protein,D,0.0231100540471021,0.3777893439804572
IL10RB,IL10RB,plasma,protein,D,0.2741873736478027,0.21009416564749123
IL11,IL11,plasma,protein,D,0.4065361100645207,0.5134206157948337
IL12A_IL12B,IL12A_IL12B,plasma,protein,D,-0.23262696150208,0.6245455291662192
IL12B,IL12B,plasma,protein,D,-0.2216611046277262,0.43231089282377283
IL12RB1,IL12RB1,plasma,protein,D,0.0925032967193719,0.3359516464594452
IL12RB2,IL12RB2,plasma,protein,D,0.0216528588870106,0.597204067106555
IL13,IL13,plasma,protein,D,-0.0792893069148166,0.7972883945191862
IL13RA1,IL13RA1,plasma,protein,D,-0.0244845119436735,0.1510958955278891
IL13RA2,IL13RA2,plasma,protein,D,-0.0762281570398671,0.7111993805543533
IL15,IL15,plasma,protein,D,0.2025936447415761,0.2845451174643417
IL15RA,IL15RA,plasma,protein,D,0.1118463739282326,0.2926811180117658
IL16,IL16,plasma,protein,D,0.0281325171803528,0.3168424250812645
IL17A,IL17A,plasma,protein,D,-0.0515820495422176,0.5310071018487571
IL17C,IL17C,plasma,protein,D,0.2810490707267183,0.40928232260510894
IL17D,IL17D,plasma,protein,D,0.0429316722156868,0.2612131772752605
IL17F,IL17F,plasma,protein,D,0.0066530869623438,0.5291584141151058
IL17RA,IL17RA,plasma,protein,D,-0.0250691645711437,0.30086171319335386
IL17RB,IL17RB,plasma,protein,D,-0.2780897557143676,0.5073275037784681
IL18,IL18,plasma,protein,D,0.1461190345297003,0.35689190821588557
IL18BP,IL18BP,plasma,protein,D,0.1176043821640849,0.20960294705591442
IL18R1,IL18R1,plasma,protein,D,0.1509087146307438,0.3129097887276885
IL18RAP,IL18RAP,plasma,protein,D,-0.0088277494565626,1.29082998148795
IL19,IL19,plasma,protein,D,0.3533975801659821,0.3891781907375369
IL1A,IL1A,plasma,protein,D,0.0438229693183581,0.2852447525021972
IL1B,IL1B,plasma,protein,D,0.3045177213365383,0.6707201435355233
IL1R1,IL1R1,plasma,protein,D,0.5099798911397591,0.2680196141755691
IL1R2,IL1R2,plasma,protein,D,-0.0386191419952729,0.1854682096719018
IL1RAP,IL1RAP,plasma,protein,D,0.1928241812454509,0.2775198709664883
IL1RL1,IL1RL1,plasma,protein,D,1.3477753278272988,0.4686077031721192
IL1RL2,IL1RL2,plasma,protein,D,-0.4933259386290558,0.3863484154283664
IL1RN,IL1RN,plasma,protein,D,0.3147382542396581,0.43539028617450654
IL2,IL2,plasma,protein,D,-0.1777888836403112,0.5091251848466998
IL20,IL20,plasma,protein,D,0.04716250988881,0.3897246471654947
IL20RA,IL20RA,plasma,protein,D,0.394003964503168,0.45155523405554654
IL20RB,IL20RB,plasma,protein,D,-0.0423659898101061,0.3068501954501583
IL21R,IL21R,plasma,protein,D,0.0642761240204654,0.27613560445500007
IL22,IL22,plasma,protein,D,-0.0710010530245537,0.5508729466745951
IL22RA1,IL22RA1,plasma,protein,D,0.1716379614054653,0.2799768374271223
IL24,IL24,plasma,protein,D,0.163026766512635,0.4183171467292188
IL25,IL25,plasma,protein,D,-0.2088503115766911,0.8760637640864296
IL2RA,IL2RA,plasma,protein,D,-0.0435950945270092,0.3141671526125829
IL2RB,IL2RB,plasma,protein,D,0.0171239533239459,0.4294417826731546
IL2RG,IL2RG,plasma,protein,D,-0.1658182507107617,0.2927074191992596
IL3,IL3,plasma,protein,D,-0.7573961489923684,2.285466132679475
IL31,IL31,plasma,protein,D,-0.0042240887092507,0.480607382242703
IL31RA,IL31RA,plasma,protein,D,0.1729755054146663,0.3641251333576371
IL32,IL32,plasma,protein,D,-0.0048066102501779,0.26837854024351987
IL33,IL33,plasma,protein,D,0.0769213511650157,0.3766469121274025
IL34,IL34,plasma,protein,D,0.004554430418146,0.4073906592755638
IL36A,IL36A,plasma,protein,D,0.0346729762204639,0.465993406647834
IL36G,IL36G,plasma,protein,D,0.0431057268586,0.5002775597895358
IL3RA,IL3RA,plasma,protein,D,-0.0470231673751112,0.2996226572737689
IL4,IL4,plasma,protein,D,0.3118291995709055,1.0089955799042423
IL4R,IL4R,plasma,protein,D,0.6158273291439722,0.3836828653536356
IL5,IL5,plasma,protein,D,-0.0559891185825487,0.9537968045615609
IL5RA,IL5RA,plasma,protein,D,0.0387524020439123,0.4064230530307021
IL6,IL6,plasma,protein,D,0.6107459405400879,0.6293268389906007
IL6R,IL6R,plasma,protein,D,-0.0295747860872014,0.3449500060540811
IL6ST,IL6ST,plasma,protein,D,0.0087094509832,0.1936235261759253
IL7,IL7,plasma,protein,D,0.0426806916934095,0.5855693034259687
IL7R,IL7R,plasma,protein,D,-0.085969635622256,0.3923171091038925
IL9,IL9,plasma,protein,D,-0.0201189234761598,0.5243770179342125
ILKAP,ILKAP,plasma,protein,D,0.2961639046964309,0.7367464600633424
IMMT,IMMT,plasma,protein,D,0.2432257569544472,0.31016414719783814
IMPA1,IMPA1,plasma,protein,D,0.0367074170761557,0.4945029819332078
IMPACT,IMPACT,plasma,protein,D,0.4837124724411654,0.6904449972821411
IMPG1,IMPG1,plasma,protein,D,-0.0836295492860003,0.3798854866400786
ING1,ING1,plasma,protein,D,0.1413148414137155,0.3533024772672402
INHBB,INHBB,plasma,protein,D,0.1216961315039441,0.3834143408415174
INHBC,INHBC,plasma,protein,D,0.5613461162540172,0.3155108616684939
INPP1,INPP1,plasma,protein,D,0.1332571504598061,0.29701148972781444
INPP5D,INPP5D,plasma,protein,D,0.2390497032228854,0.7112109211820007
INPP5J,INPP5J,plasma,protein,D,0.0985440141279617,0.6254278643218703
INPPL1,INPPL1,plasma,protein,D,0.4055057608794407,0.7314624868652246
INSL3,INSL3,plasma,protein,D,0.0766706380100494,0.3572043730678412
INSL4,INSL4,plasma,protein,D,0.8678853353092394,0.2833442688259421
INSL5,INSL5,plasma,protein,D,0.2433577877631004,0.5840845191508852
INSR,INSR,plasma,protein,D,0.0935100109291388,0.18817801072580032
IPCEF1,IPCEF1,plasma,protein,D,0.4329872319415173,0.652974941753917
IQGAP2,IQGAP2,plasma,protein,D,0.2312269392618228,0.44819113770116725
IRAG2,IRAG2,plasma,protein,D,-0.0572604123053144,0.8327837521150573
IRAK1,IRAK1,plasma,protein,D,0.3918863409397212,0.6879387876749496
IRAK4,IRAK4,plasma,protein,D,0.2694542782439327,1.138041621403797
ISLR2,ISLR2,plasma,protein,D,-0.1942635091453584,0.2906711128588131
ISM1,ISM1,plasma,protein,D,0.4030150060753358,0.36143572908910115
ISM2,ISM2,plasma,protein,D,-0.025014076376352,0.5076452338420168
IST1,IST1,plasma,protein,D,0.420232848569118,0.918122589702808
ITGA11,ITGA11,plasma,protein,D,-0.1236109858308878,0.3755984098622262
ITGA2,ITGA2,plasma,protein,D,0.1179061090601484,0.32090943482782897
ITGA5,ITGA5,plasma,protein,D,0.2168795298380011,0.2633512451612144
ITGA6,ITGA6,plasma,protein,D,0.0431311606467402,0.2760757606432037
ITGAL,ITGAL,plasma,protein,D,0.0998847517645749,0.5498571915737097
ITGAM,ITGAM,plasma,protein,D,0.1213900142345119,0.3279977657947743
ITGAV,ITGAV,plasma,protein,D,0.0204316841492148,0.20167064857447042
ITGAX,ITGAX,plasma,protein,D,-0.2155718803150403,1.3220094056710552
ITGB1,ITGB1,plasma,protein,D,0.0068667851935175,0.183457066526782
ITGB1BP1,ITGB1BP1,plasma,protein,D,0.0482386614900947,0.5608668114349071
ITGB1BP2,ITGB1BP2,plasma,protein,D,0.1474034199583536,0.9249018621231944
ITGB2,ITGB2,plasma,protein,D,0.0783176982482805,0.292375459385596
ITGB5,ITGB5,plasma,protein,D,-0.0277810062431092,0.2491678285881962
ITGB6,ITGB6,plasma,protein,D,0.3317095031014659,0.3232370183622179
ITGB7,ITGB7,plasma,protein,D,-0.0265236348048473,0.3688544236791503
ITGBL1,ITGBL1,plasma,protein,D,0.0397482056716016,0.226225816402488
ITIH1,ITIH1,plasma,protein,D,0.2686733419636973,0.19326815481548332
ITIH3,ITIH3,plasma,protein,D,0.1097296642132235,0.276271369251778
ITIH4,ITIH4,plasma,protein,D,0.0367948192887861,0.2592807830085434
ITIH5,ITIH5,plasma,protein,D,0.2786037125559368,0.4148958744060671
ITM2A,ITM2A,plasma,protein,D,0.0104929795490506,0.3410265899453277
ITPA,ITPA,plasma,protein,D,0.3547839367577116,0.8295119986412418
ITPR1,ITPR1,plasma,protein,D,0.0973939107235116,0.6339220562970251
ITPRIP,ITPRIP,plasma,protein,D,0.09461457217764,0.35436301892571087
IVD,IVD,plasma,protein,D,-0.0013989764907962,0.6574587101164503
IZUMO1,IZUMO1,plasma,protein,D,-0.2595636563526564,0.664620215111907
JAM2,JAM2,plasma,protein,D,0.055251385857504,0.2703466775919
JAM3,JAM3,plasma,protein,D,0.1063840756861504,0.3641175253771633
JCHAIN,JCHAIN,plasma,protein,D,0.1181647673003961,0.2612845970997856
JMJD1C,JMJD1C,plasma,protein,D,-0.3727635402612516,1.0744109372928623
JPT2,JPT2,plasma,protein,D,0.4417134215174574,0.8313595005593313
JUN,JUN,plasma,protein,D,0.1226044301930347,0.4300931331561242
KAZALD1,KAZALD1,plasma,protein,D,0.3457840629063702,0.37164951085635944
KAZN,KAZN,plasma,protein,D,0.1733444006750887,0.982354813051189
KCNC4,KCNC4,plasma,protein,D,0.0245703062984093,0.5142762130267803
KCNIP4,KCNIP4,plasma,protein,D,-0.2039229032094691,0.5528613093869602
KCTD5,KCTD5,plasma,protein,D,0.5100817043263157,0.4601644921219008
KDM3A,KDM3A,plasma,protein,D,0.0249363539180951,0.5435655991655672
KDR,KDR,plasma,protein,D,-0.1246261484921867,0.2610760071289603
KEL,KEL,plasma,protein,D,0.0695178634465264,0.3095005634024529
KHDC3L,KHDC3L,plasma,protein,D,-0.1926267538717189,0.8087740980833263
KHK,KHK,plasma,protein,D,0.0571685649098088,0.5492581145786019
KIAA0319,KIAA0319,plasma,protein,D,0.2576363561166146,0.40093547570420895
KIAA1549,KIAA1549,plasma,protein,D,-0.3597478597263099,1.0548202210768909
KIAA1549L,KIAA1549L,plasma,protein,D,-0.0602132803559382,0.4650291421089036
KIAA2013,KIAA2013,plasma,protein,D,0.0055586292172023,0.4571519168886715
KIF1C,KIF1C,plasma,protein,D,0.1610136674015583,0.3090670116965341
KIF20B,KIF20B,plasma,protein,D,0.0952408102299391,0.625868852647007
KIF22,KIF22,plasma,protein,D,0.0536461486790219,1.4221029314753753
KIR2DL2,KIR2DL2,plasma,protein,D,-0.019444936887751,0.5646564409595811
KIR2DL3,KIR2DL3,plasma,protein,D,-0.0238615328652865,0.49011317237968455
KIR2DS4,KIR2DS4,plasma,protein,D,0.2385023704134955,1.8576223555331453
KIR3DL1,KIR3DL1,plasma,protein,D,-0.2175244982599481,1.2845906219757026
KIR3DL2,KIR3DL2,plasma,protein,D,-0.1529712465345897,0.8613164135726649
KIRREL1,KIRREL1,plasma,protein,D,0.1418244387693418,0.383439714039866
KIRREL2,KIRREL2,plasma,protein,D,-0.2347267268010588,0.35875986133992765
KIT,KIT,plasma,protein,D,-0.3921683128520304,0.2802346486411939
KITLG,KITLG,plasma,protein,D,-0.0716580010624835,0.2579808021722215
KLB,KLB,plasma,protein,D,-0.1096887724198388,0.48506617895439236
KLF4,KLF4,plasma,protein,D,0.2782630972401155,0.39213666287036497
KLHL41,KLHL41,plasma,protein,D,0.1204087623212214,0.5953593973784007
KLK1,KLK1,plasma,protein,D,-0.3748747566813778,0.5860202346331862
KLK10,KLK10,plasma,protein,D,-0.0410794018441262,0.38606401865591844
KLK11,KLK11,plasma,protein,D,0.0770451865123929,0.259577133851727
KLK12,KLK12,plasma,protein,D,0.0429456400536651,0.9237347366877013
KLK13,KLK13,plasma,protein,D,-0.0252033095562851,0.3498637855392802
KLK14,KLK14,plasma,protein,D,-0.0703112839129924,0.3805244517404397
KLK15,KLK15,plasma,protein,D,-0.1159842968070332,0.3857602632880981
KLK3,KLK3,plasma,protein,D,0.0158967001301115,0.32698158267413713
KLK4,KLK4,plasma,protein,D,-0.0703729584459997,0.4762051606813372
KLK6,KLK6,plasma,protein,D,0.056176680960126,0.2458836930358097
KLK7,KLK7,plasma,protein,D,-0.1503082954667189,0.2979195201790787
KLK8,KLK8,plasma,protein,D,0.0409087057503885,0.3134376850203178
KLKB1,KLKB1,plasma,protein,D,-0.0187982760215223,0.2520906090477589
KLRB1,KLRB1,plasma,protein,D,0.0752965645428373,0.2961851969763406
KLRC1,KLRC1,plasma,protein,D,0.0448084278408963,0.6012815981144797
KLRD1,KLRD1,plasma,protein,D,0.0259417401313931,0.325894737832915
KLRF1,KLRF1,plasma,protein,D,0.054599717487874,0.33703533481548387
KLRK1,KLRK1,plasma,protein,D,-0.1000258545800583,0.2679865463476844
KRT14,KRT14,plasma,protein,D,-0.0098450396865813,0.3327217316821923
KRT18,KRT18,plasma,protein,D,1.1666883974546132,0.45599108708881064
KRT19,KRT19,plasma,protein,D,0.8828772176522204,0.569288974690692
KRT5,KRT5,plasma,protein,D,0.0404067305582206,0.3886818308582944
KRT6C,KRT6C,plasma,protein,D,-0.0153138402606471,0.4366952853643622
KRT8,KRT8,plasma,protein,D,0.7564979753596487,0.5389540781915114
KYAT1,KYAT1,plasma,protein,D,0.3444226516724989,0.5365842307255262
KYNU,KYNU,plasma,protein,D,0.0338989444995993,0.2722814916137516
L1CAM,L1CAM,plasma,protein,D,0.1252754290505676,0.2585505108899139
L3HYPDH,L3HYPDH,plasma,protein,D,0.1057480258883962,0.49572558269807143
LACRT,LACRT,plasma,protein,D,0.1096493181211021,0.564165146872965
LACTB2,LACTB2,plasma,protein,D,0.2717668757398748,0.6401299060742053
LAG3,LAG3,plasma,protein,D,0.3928154932038787,0.3819504030209721
LAIR1,LAIR1,plasma,protein,D,0.2652321071623291,0.3354806724230584
LAIR2,LAIR2,plasma,protein,D,-0.6304401178279149,0.6282279485163726
LAMA1,LAMA1,plasma,protein,D,-0.1052125952252663,0.4931094495842224
LAMA4,LAMA4,plasma,protein,D,0.10354058359079,0.21660743956720552
LAMB1,LAMB1,plasma,protein,D,-0.0303204416072968,0.23427629585265589
LAMP1,LAMP1,plasma,protein,D,-0.0072281621557583,0.21693697099882028
LAMP2,LAMP2,plasma,protein,D,-0.030260419234063,0.1341232891337119
LAMP3,LAMP3,plasma,protein,D,-0.0791613047924531,0.441970610702514
LAMTOR5,LAMTOR5,plasma,protein,D,0.1009978800818248,0.5164275810881656
LAP3,LAP3,plasma,protein,D,0.215062016928606,0.5942427978061002
LARP1,LARP1,plasma,protein,D,0.5334537912495969,0.8740283932796189
LAT,LAT,plasma,protein,D,0.0091555723812652,0.7678637887740155
LAT2,LAT2,plasma,protein,D,0.1122584129668721,0.4978348839934662
LATS1,LATS1,plasma,protein,D,0.1820805850082965,0.6848671920708043
LAYN,LAYN,plasma,protein,D,0.3756168695073221,0.32483239664046226
LBP,LBP,plasma,protein,D,0.0547334135472794,0.4095411689728125
LBR,LBR,plasma,protein,D,0.2518290394204406,0.4094936804531448
LCAT,LCAT,plasma,protein,D,0.0935489989696302,0.16670750467465378
LCN15,LCN15,plasma,protein,D,0.3509000400492228,0.40006470434993946
LCN2,LCN2,plasma,protein,D,-0.0268166032761586,0.33278689715038157
LCP1,LCP1,plasma,protein,D,-0.0434092694846691,0.3932495753342399
LDLR,LDLR,plasma,protein,D,0.3164795213857629,0.4397419810704338
LDLRAP1,LDLRAP1,plasma,protein,D,0.1659460372743839,1.0126493492248805
LECT2,LECT2,plasma,protein,D,0.0518034322553705,0.7533826148877669
LEFTY2,LEFTY2,plasma,protein,D,0.3773046079951704,0.5045756458501769
LEG1,LEG1,plasma,protein,D,-0.0389397791698311,0.4455564289507606
LEO1,LEO1,plasma,protein,D,0.0998800780864883,0.2536204863697637
LEP,LEP,plasma,protein,D,0.0720708631799851,0.7077744694461076
LEPR,LEPR,plasma,protein,D,0.022247241521538,0.4465270174061341
LETM1,LETM1,plasma,protein,D,0.3031371785965653,0.3966194987115428
LGALS1,LGALS1,plasma,protein,D,0.1825312877519933,0.2684583355715635
LGALS3,LGALS3,plasma,protein,D,0.1037630281774082,0.3647687576072036
LGALS3BP,LGALS3BP,plasma,protein,D,0.5475690831913701,0.3643608925020863
LGALS4,LGALS4,plasma,protein,D,0.2516448356232721,0.36174273051603373
LGALS7_LGALS7B,LGALS7_LGALS7B,plasma,protein,D,0.0376888745535742,0.31017598731286233
LGALS8,LGALS8,plasma,protein,D,0.0240532285169845,0.3226927629738298
LGALS9,LGALS9,plasma,protein,D,0.3209390351244634,0.2515551208910457
LGMN,LGMN,plasma,protein,D,0.6917133777968746,0.32024951960920167
LHB,LHB,plasma,protein,D,-0.4068795962584797,0.7899542057792455
LHPP,LHPP,plasma,protein,D,0.2743361689479195,0.5600392070387126
LIF,LIF,plasma,protein,D,0.297964775602582,0.8019580749740018
LIFR,LIFR,plasma,protein,D,0.4796933653952654,0.3219249764681755
LILRA2,LILRA2,plasma,protein,D,-0.0092042962123884,0.2574606145969452
LILRA3,LILRA3,plasma,protein,D,0.0957278780769401,0.31649551645425317
LILRA4,LILRA4,plasma,protein,D,-0.1514430377379137,0.45604860125225066
LILRA5,LILRA5,plasma,protein,D,0.0378342451210034,0.26164060817121376
LILRA6,LILRA6,plasma,protein,D,0.1779188402769106,0.7466557953671036
LILRB1,LILRB1,plasma,protein,D,0.014189362625331,0.2272519376450253
LILRB2,LILRB2,plasma,protein,D,-0.0185468945673079,0.2566882020445766
LILRB4,LILRB4,plasma,protein,D,0.1507597693668807,0.35307807320576323
LILRB5,LILRB5,plasma,protein,D,-0.0818500029983286,0.4772589193275279
LIPF,LIPF,plasma,protein,D,0.059545168123888,0.4354510082871046
LMNB1,LMNB1,plasma,protein,D,0.4031002254112762,0.5890361097651392
LMNB2,LMNB2,plasma,protein,D,0.3487182966544944,0.31656465679263546
LMOD1,LMOD1,plasma,protein,D,0.908297035228594,0.5282992047603512
LMOD2,LMOD2,plasma,protein,D,0.0691575688908118,0.6814832111741413
LONP1,LONP1,plasma,protein,D,0.3958074391595717,0.5439320805875467
LPA,LPA,plasma,protein,D,0.0779941840256389,1.370983851551156
LPCAT2,LPCAT2,plasma,protein,D,0.0549269020007377,0.16744580322167352
LPL,LPL,plasma,protein,D,-0.3411950676899387,0.4538859404012545
LPO,LPO,plasma,protein,D,0.1300259983596754,0.4871003846614613
LPP,LPP,plasma,protein,D,0.1093569559960563,0.44843649427456655
LRCH4,LRCH4,plasma,protein,D,0.2728628382389629,0.45472890626373125
LRFN2,LRFN2,plasma,protein,D,0.1604305082327878,0.40905870898873997
LRG1,LRG1,plasma,protein,D,-0.0226413245114203,0.2707481208177776
LRIG1,LRIG1,plasma,protein,D,0.2092824340927772,0.2351343385021596
LRIG3,LRIG3,plasma,protein,D,0.2210910614832711,0.2821265935234962
LRP1,LRP1,plasma,protein,D,0.08463168366365,0.3060950253018554
LRP11,LRP11,plasma,protein,D,0.2258199915388047,0.3137258817125633
LRP2,LRP2,plasma,protein,D,0.2214369239956572,0.5197453492207115
LRP2BP,LRP2BP,plasma,protein,D,-0.0976295080790062,0.7219876334484423
LRPAP1,LRPAP1,plasma,protein,D,0.2179438379674309,0.29019404973337015
LRRC25,LRRC25,plasma,protein,D,0.0097983046781937,0.2753956156704178
LRRC37A2,LRRC37A2,plasma,protein,D,0.0485550690704914,0.3840341798142637
LRRC38,LRRC38,plasma,protein,D,-0.030600499127689,0.562668319231204
LRRFIP1,LRRFIP1,plasma,protein,D,0.1316718929533439,0.5133120235830093
LRRN1,LRRN1,plasma,protein,D,-0.2151585151145703,0.3348751847137532
LRTM1,LRTM1,plasma,protein,D,0.1982745605161278,0.6070141335334418
LRTM2,LRTM2,plasma,protein,D,-0.0240956473856289,0.23179731782950547
LSM1,LSM1,plasma,protein,D,0.0700571028271123,0.4924646478958222
LSM8,LSM8,plasma,protein,D,-0.0009691623611017,0.8245561650030504
LSP1,LSP1,plasma,protein,D,0.0906743762205738,0.3285635563335384
LTA4H,LTA4H,plasma,protein,D,0.032536216316493,0.3282623727552651
LTB,LTB,plasma,protein,D,0.0184007763552981,0.4300767259143538
LTBP2,LTBP2,plasma,protein,D,0.1647565824619614,0.36864011756478693
LTBP3,LTBP3,plasma,protein,D,1.1491045549522712,0.46524838338958996
LTBR,LTBR,plasma,protein,D,0.2808097828770467,0.18794171506652613
LTO1,LTO1,plasma,protein,D,0.0339158055971444,0.3758962217277016
LUZP2,LUZP2,plasma,protein,D,0.0125094066589887,0.34228990195176917
LXN,LXN,plasma,protein,D,-0.0459834909346307,0.31140545414215837
LY6D,LY6D,plasma,protein,D,0.2641344305971916,0.32086384753519187
LY75,LY75,plasma,protein,D,-0.0933440192895817,0.4881639452624092
LY9,LY9,plasma,protein,D,-0.1961378973340899,0.23215186671980018
LY96,LY96,plasma,protein,D,-0.0055597919070335,0.29414298514867826
LYAR,LYAR,plasma,protein,D,0.0340161634390808,0.4332534472146634
LYN,LYN,plasma,protein,D,0.0233896260933486,0.5061067253495142
LYPD1,LYPD1,plasma,protein,D,-0.1947413444978671,0.4931285788622165
LYPD3,LYPD3,plasma,protein,D,0.2512842528150766,0.16457479118485302
LYPD8,LYPD8,plasma,protein,D,-0.127249217828454,0.4432543592275902
LYPLA2,LYPLA2,plasma,protein,D,-0.0617466612170795,0.5921630298183178
LYSMD3,LYSMD3,plasma,protein,D,0.1184610258390791,0.6833517449683326
LYVE1,LYVE1,plasma,protein,D,-0.101047415624291,0.2720675594015628
LYZL2,LYZL2,plasma,protein,D,-0.01542436151014,0.370630020888183
LZTFL1,LZTFL1,plasma,protein,D,0.2366749873524174,0.530952156617318
M6PR,M6PR,plasma,protein,D,0.0407409544265739,0.2560345076970385
MAD1L1,MAD1L1,plasma,protein,D,0.6048342338460326,0.3151785553340759
MAEA,MAEA,plasma,protein,D,0.0492539430174634,0.5376177705126346
MAG,MAG,plasma,protein,D,0.0372389344473121,0.27792815158474743
MAGED1,MAGED1,plasma,protein,D,0.0425677449242892,0.2912773869353271
MAMDC2,MAMDC2,plasma,protein,D,0.3748011917109813,0.3507965518396338
MAMDC4,MAMDC4,plasma,protein,D,0.4229048839161753,0.5409994174982455
MAN1A2,MAN1A2,plasma,protein,D,0.5716479590106255,0.3000515882038193
MAN2B2,MAN2B2,plasma,protein,D,0.3026980423185159,0.3175407209436056
MANEAL,MANEAL,plasma,protein,D,-0.0765765574940071,0.6833203154080538
MANF,MANF,plasma,protein,D,0.1208692522695384,1.0819557242070392
MANSC1,MANSC1,plasma,protein,D,-0.1041572380525038,0.2552529372166334
MANSC4,MANSC4,plasma,protein,D,0.0622272018764622,0.5173915371905208
MAP1LC3A,MAP1LC3A,plasma,protein,D,-0.0767669906435397,0.3216190371777633
MAP1LC3B2,MAP1LC3B2,plasma,protein,D,-0.0084410160287209,0.3943602539092883
MAP2,MAP2,plasma,protein,D,-0.0171591343493906,0.1019572880070608
MAP2K1,MAP2K1,plasma,protein,D,0.3361597399959287,0.4702606871203386
MAP2K6,MAP2K6,plasma,protein,D,0.0764362915111376,0.7295520976131029
MAP3K5,MAP3K5,plasma,protein,D,-0.0023046795291815,1.0120595283603389
MAP4K5,MAP4K5,plasma,protein,D,0.310180328820215,0.9577529648105414
MAPK13,MAPK13,plasma,protein,D,0.0155937559132477,1.0108589253772944
MAPK9,MAPK9,plasma,protein,D,0.3039907641692565,0.22972929373528306
MAPKAPK2,MAPKAPK2,plasma,protein,D,0.0342876479735538,0.9056121420224906
MAPRE3,MAPRE3,plasma,protein,D,-0.2477370575871947,0.7797145589445125
MAPT,MAPT,plasma,protein,D,-0.2043422100069508,1.0049425239465404
MARCO,MARCO,plasma,protein,D,0.0874309467886259,0.2063598685428548
MARS1,MARS1,plasma,protein,D,0.2653205007889784,0.6449178493490038
MASP1,MASP1,plasma,protein,D,0.0873003240828098,0.2449680445357425
MATN2,MATN2,plasma,protein,D,0.0660856369788598,0.1935983357391002
MATN3,MATN3,plasma,protein,D,0.0580666376079872,0.23257175875382868
MAVS,MAVS,plasma,protein,D,0.2473908054090228,0.9259435429874485
MAX,MAX,plasma,protein,D,-0.0429976836108495,0.6737391664564957
MB,MB,plasma,protein,D,0.2135116767666716,0.4835161358417256
MBL2,MBL2,plasma,protein,D,0.2226976626194684,0.9650864667827898
MCAM,MCAM,plasma,protein,D,-0.2257918307534528,0.2722356613655567
MCEE,MCEE,plasma,protein,D,-0.0122160107008459,0.49253891734525523
MCFD2,MCFD2,plasma,protein,D,0.2940846100666791,0.23076720473885498
MDGA1,MDGA1,plasma,protein,D,-0.3464608789910428,0.5966125647919924
MDH1,MDH1,plasma,protein,D,0.02404818010575,0.0688234989297075
MDK,MDK,plasma,protein,D,0.3281341714895577,0.3548961490797474
MDM1,MDM1,plasma,protein,D,0.0320228932033373,0.6703521677227723
MECR,MECR,plasma,protein,D,0.2464716131425601,0.5902417893321591
MED21,MED21,plasma,protein,D,0.0026500329810265,0.3274049599945782
MEGF10,MEGF10,plasma,protein,D,-0.0878780593849637,0.289658262261824
MEGF11,MEGF11,plasma,protein,D,0.0378934284994349,0.27403817060903213
MEGF9,MEGF9,plasma,protein,D,0.1178735446558923,0.17519640653981233
MELTF,MELTF,plasma,protein,D,-0.0106297954387027,0.2169599484198822
MENT,MENT,plasma,protein,D,-0.027528579787737,0.16139954159851952
MEP1A,MEP1A,plasma,protein,D,0.0807395563959336,0.4649319339327134
MEP1B,MEP1B,plasma,protein,D,-0.059106401919959,0.7895003269776617
MEPE,MEPE,plasma,protein,D,-0.0411686785433769,0.1984026982701797
MERTK,MERTK,plasma,protein,D,0.0588169633868328,0.281159761019285
MESD,MESD,plasma,protein,D,0.1201693097272475,0.6485426782955158
MET,MET,plasma,protein,D,0.0664009009924451,0.1733644250965034
METAP1,METAP1,plasma,protein,D,0.0194189459262446,0.3408821494476947
METAP1D,METAP1D,plasma,protein,D,0.1310270075221265,0.6050846299110904
METAP2,METAP2,plasma,protein,D,0.368211664465838,0.8040049562219886
MFAP3,MFAP3,plasma,protein,D,-0.0179273742534986,0.45073156985761587
MFAP3L,MFAP3L,plasma,protein,D,0.1852668429851724,0.49714425137117657
MFAP4,MFAP4,plasma,protein,D,0.1903998965929081,0.2796491796680935
MFAP5,MFAP5,plasma,protein,D,0.5362825543491919,0.3162161518327974
MFGE8,MFGE8,plasma,protein,D,0.3389537895504558,0.3892513823199083
MGMT,MGMT,plasma,protein,D,0.1645251424254859,1.0031964392203196
MIA,MIA,plasma,protein,D,0.2744474779971813,0.3477058940473193
MICALL2,MICALL2,plasma,protein,D,0.2281142981114787,0.7443923050095609
MICB_MICA,MICB_MICA,plasma,protein,D,0.0465248037142522,0.6318882717359224
MIF,MIF,plasma,protein,D,0.5557282737416572,0.789565284266991
MILR1,MILR1,plasma,protein,D,-0.1883935898730195,0.40531383271735
MINDY1,MINDY1,plasma,protein,D,0.2093887175696341,1.2247196253790968
MINK1,MINK1,plasma,protein,D,0.563963535418594,1.0862585682127768
MITD1,MITD1,plasma,protein,D,0.1671411193605118,0.8955380183591776
MKI67,MKI67,plasma,protein,D,0.0198672651509694,0.4644142681689104
MLN,MLN,plasma,protein,D,0.2457212860545245,0.6696325661713287
MME,MME,plasma,protein,D,-0.118332697361877,0.47455783337026225
MMP1,MMP1,plasma,protein,D,0.445891542922446,0.7485385852805089
MMP10,MMP10,plasma,protein,D,-0.0888107695991077,0.37717133976870487
MMP12,MMP12,plasma,protein,D,-0.5339459191470934,0.3896407611560099
MMP13,MMP13,plasma,protein,D,0.1725578634419488,0.5136477975734594
MMP15,MMP15,plasma,protein,D,0.061228320175368,0.324699876437645
MMP3,MMP3,plasma,protein,D,0.1839242582863736,0.4836154492749707
MMP7,MMP7,plasma,protein,D,0.1758911993887368,0.2265236659129514
MMP8,MMP8,plasma,protein,D,0.1028474269172904,0.7128677970906768
MMP9,MMP9,plasma,protein,D,0.3100417936902913,0.6936412085229762
MN1,MN1,plasma,protein,D,-0.1743530010438971,0.9243492856657626
MNAT1,MNAT1,plasma,protein,D,0.0049640186384522,0.2439865198186521
MNDA,MNDA,plasma,protein,D,0.235747438636259,0.5892702001816326
MOCS2,MOCS2,plasma,protein,D,0.2318767874127291,0.3578735766737845
MOG,MOG,plasma,protein,D,-0.0019395896415427,0.2692519895754303
MORC3,MORC3,plasma,protein,D,0.1615077467214381,0.3304894601463477
MORF4L1,MORF4L1,plasma,protein,D,0.1327495351468742,0.4013972354865737
MORF4L2,MORF4L2,plasma,protein,D,-0.011175361746992,0.4215397085472538
MORN4,MORN4,plasma,protein,D,-0.2444540024734191,0.848957718342098
MPHOSPH8,MPHOSPH8,plasma,protein,D,0.13808558460833,0.6207874027579214
MPIG6B,MPIG6B,plasma,protein,D,0.0660081430647265,0.8864213876055712
MPO,MPO,plasma,protein,D,-0.1126333738339013,0.4479628098197173
MPRIP,MPRIP,plasma,protein,D,-0.0031697590421885,0.422459936028745
MRC1,MRC1,plasma,protein,D,0.2487975619368608,0.2803665254248165
MRPL24,MRPL24,plasma,protein,D,0.0036768747350612,0.3654974788303665
MRPL28,MRPL28,plasma,protein,D,0.0265020020297744,0.221711728097936
MRPL46,MRPL46,plasma,protein,D,-0.0116207597179558,0.2118764191007208
MRPL52,MRPL52,plasma,protein,D,-0.1140758570711449,0.2406907470689684
MRPL58,MRPL58,plasma,protein,D,0.0983604886197604,0.4581320792453333
MRPS16,MRPS16,plasma,protein,D,-0.0364408516227788,0.2401013745812747
MSLN,MSLN,plasma,protein,D,0.0005777523176245,0.3007639190576975
MSLNL,MSLNL,plasma,protein,D,-0.0692755185504441,0.66372291237782
MSMB,MSMB,plasma,protein,D,0.090312437350991,0.49119538018603054
MSR1,MSR1,plasma,protein,D,0.2741172137034404,0.35567275914465407
MSRA,MSRA,plasma,protein,D,0.132631765300807,0.4943980052425765
MST1,MST1,plasma,protein,D,0.0112945885954188,0.27052172138733627
MSTN,MSTN,plasma,protein,D,-0.0772066412425317,0.5640415493106798
MTDH,MTDH,plasma,protein,D,0.3985385715721667,1.0214023054473045
MTHFD2,MTHFD2,plasma,protein,D,0.0706694082931425,0.2527496707584754
MTIF3,MTIF3,plasma,protein,D,0.0935630032007089,0.8487006974795117
MTPN,MTPN,plasma,protein,D,0.0501666078496724,0.30117577104149373
MTR,MTR,plasma,protein,D,0.0484126353694475,0.4892355455005808
MTSS1,MTSS1,plasma,protein,D,0.0432421119208843,0.8771263215409024
MTSS2,MTSS2,plasma,protein,D,0.3528318923713402,0.843205666479147
MTUS1,MTUS1,plasma,protein,D,0.3487518837632954,0.3782816599693063
MUC13,MUC13,plasma,protein,D,0.261527699653322,0.3413103779947897
MUC2,MUC2,plasma,protein,D,0.0297877775297599,0.8998077674043179
MUCL3,MUCL3,plasma,protein,D,-0.1276049878204702,0.6242698844700512
MVK,MVK,plasma,protein,D,0.429963655068583,0.5677393204063019
MXRA8,MXRA8,plasma,protein,D,-0.1288978219484306,0.29663933275334053
MYBPC1,MYBPC1,plasma,protein,D,1.1572767391548695,1.0041541551566024
MYBPC2,MYBPC2,plasma,protein,D,0.2326241869739866,0.6024439998763923
MYCBP2,MYCBP2,plasma,protein,D,0.1672740600335041,0.6707136411157011
MYDGF,MYDGF,plasma,protein,D,0.5833941727445178,0.6512466403269563
MYH4,MYH4,plasma,protein,D,0.0104245029084923,0.5513688681010317
MYH7B,MYH7B,plasma,protein,D,-0.1875701196309359,0.8317462434519458
MYH9,MYH9,plasma,protein,D,0.231512464364413,0.5293920617730694
MYL1,MYL1,plasma,protein,D,-0.0237965076281758,0.4255012835592114
MYL3,MYL3,plasma,protein,D,0.9380564844584696,0.8529301699678568
MYL4,MYL4,plasma,protein,D,0.4966129935131331,0.6591523478498043
MYL6B,MYL6B,plasma,protein,D,0.0308061107666858,0.7128305578214935
MYLPF,MYLPF,plasma,protein,D,0.181340361399648,0.5600463478688329
MYO6,MYO6,plasma,protein,D,0.0818472838449901,0.3698844010068407
MYO9B,MYO9B,plasma,protein,D,0.1204194342309929,0.7690465907720113
MYOC,MYOC,plasma,protein,D,-0.0867894668282185,0.5619403894585814
MYOM1,MYOM1,plasma,protein,D,0.0598326750036803,0.43268711644241553
MYOM2,MYOM2,plasma,protein,D,0.4735890172075,0.7510570489489374
MYOM3,MYOM3,plasma,protein,D,0.641881443121618,0.8275292870159241
MZB1,MZB1,plasma,protein,D,0.078046590258929,0.40387722943780247
MZT1,MZT1,plasma,protein,D,0.126071914610467,0.4400839973561401
NAA10,NAA10,plasma,protein,D,0.31090218213126,0.9808157790138622
NAA80,NAA80,plasma,protein,D,0.2418017176371247,1.0074328807815605
NAAA,NAAA,plasma,protein,D,0.1082116613033516,0.4177831675464606
NACC1,NACC1,plasma,protein,D,0.3217065441518927,0.4202309049101874
NADK,NADK,plasma,protein,D,0.2574195018187386,0.5596071707858704
NAGA,NAGA,plasma,protein,D,0.3239533990494691,0.36500847571463924
NAGK,NAGK,plasma,protein,D,0.5193153352604917,0.4472681103226436
NAGPA,NAGPA,plasma,protein,D,0.0685543106653054,0.1992850134001997
NAMPT,NAMPT,plasma,protein,D,0.1399711237359342,0.43691645344252805
NAP1L4,NAP1L4,plasma,protein,D,0.267996836430711,0.6879734524675267
NAPRT,NAPRT,plasma,protein,D,0.2103003126665315,0.3691056271664891
NARS1,NARS1,plasma,protein,D,0.0935890416005373,0.39162245674836926
NBL1,NBL1,plasma,protein,D,0.1491796030419406,0.2079678044398602
NBN,NBN,plasma,protein,D,0.2863672644948019,0.3349754964500813
NCAM1,NCAM1,plasma,protein,D,-0.1157740291704434,0.2684885485275621
NCAM2,NCAM2,plasma,protein,D,-0.1268182743291053,0.2560110419414727
NCAN,NCAN,plasma,protein,D,-0.0415417602636983,0.3544537457630405
NCF2,NCF2,plasma,protein,D,0.2821554676489898,0.4971201523054999
NCK2,NCK2,plasma,protein,D,0.0461990687078046,0.557037341007715
NCLN,NCLN,plasma,protein,D,-0.035860910436241,0.40395617475720447
NCR1,NCR1,plasma,protein,D,0.0575873497922679,0.33884125805195753
NCR3LG1,NCR3LG1,plasma,protein,D,0.0913351413482811,0.270858403385264
NCS1,NCS1,plasma,protein,D,0.321421238918874,0.2790246975063656
NDRG1,NDRG1,plasma,protein,D,0.1215181029141861,0.41317440966841434
NDST1,NDST1,plasma,protein,D,0.0251680244528415,0.49141779875016
NDUFA5,NDUFA5,plasma,protein,D,0.1070687747253547,0.2780313492629173
NDUFB7,NDUFB7,plasma,protein,D,0.0435086900138105,0.49454047624666486
NDUFS6,NDUFS6,plasma,protein,D,0.2950709960605562,0.4728567628484075
NEB,NEB,plasma,protein,D,0.1428914464189932,0.3340020341075964
NECAP2,NECAP2,plasma,protein,D,0.1863169506358479,0.6239091874774796
NECTIN1,NECTIN1,plasma,protein,D,0.1758333844688612,0.4151789943343617
NECTIN2,NECTIN2,plasma,protein,D,0.2204067655135925,0.2737331804016459
NECTIN4,NECTIN4,plasma,protein,D,1.3197930304048713,0.42941009754349824
NEDD4L,NEDD4L,plasma,protein,D,0.2093977395944237,0.3413072576437062
NEDD9,NEDD9,plasma,protein,D,0.1011037866657112,0.39300151165468816
NEFL,NEFL,plasma,protein,D,0.2075560739028383,0.4781937110384798
NEK7,NEK7,plasma,protein,D,0.0269397444176401,0.5749752841801586
NELL1,NELL1,plasma,protein,D,-0.5263076160420254,0.38597537416038863
NELL2,NELL2,plasma,protein,D,0.2690857428543737,0.40881478933092275
NENF,NENF,plasma,protein,D,0.0396229821213204,0.48938799938181765
NEO1,NEO1,plasma,protein,D,-0.0602625598001987,0.17975477371504278
NEXN,NEXN,plasma,protein,D,0.0521692412526545,0.2329175527711969
NFASC,NFASC,plasma,protein,D,0.0635071269567098,0.2571898518591868
NFAT5,NFAT5,plasma,protein,D,0.1785914305971004,0.7252310190645388
NFATC1,NFATC1,plasma,protein,D,0.098037257527776,0.5831948151373111
NFATC3,NFATC3,plasma,protein,D,0.0243841774931254,0.48653885053195156
NFE2,NFE2,plasma,protein,D,0.2444072971760263,0.9290495492072537
NFIC,NFIC,plasma,protein,D,0.0753748121734924,0.3463569317837359
NFKB1,NFKB1,plasma,protein,D,0.3560001884630887,0.5653790779737011
NFKBIE,NFKBIE,plasma,protein,D,0.2670925078443643,0.4127866239486187
NFU1,NFU1,plasma,protein,D,0.223460212964233,0.6447869059002557
NFX1,NFX1,plasma,protein,D,0.2941173072064962,0.8293648811138155
NFYA,NFYA,plasma,protein,D,0.098569327212394,0.3792303073677713
NGF,NGF,plasma,protein,D,-0.0097728418153667,0.0582320964921939
NGFR,NGFR,plasma,protein,D,0.0284265986535559,0.2149187245512137
NGRN,NGRN,plasma,protein,D,0.0925934905107269,0.14267471794077521
NHLRC3,NHLRC3,plasma,protein,D,0.2461986663672712,0.21899395441353128
NID1,NID1,plasma,protein,D,0.7491362643544738,0.4720874241506654
NID2,NID2,plasma,protein,D,0.4762077025200384,0.45044663852336964
NINJ1,NINJ1,plasma,protein,D,0.1175134179391389,0.40451900846038547
NIT1,NIT1,plasma,protein,D,0.3654036171524624,0.5880977281836036
NIT2,NIT2,plasma,protein,D,0.1558793885058229,0.6705927424569926
NLGN1,NLGN1,plasma,protein,D,0.117248022811971,0.5316516960786015
NLGN2,NLGN2,plasma,protein,D,0.0690381075630086,0.8471007285215282
NME1,NME1,plasma,protein,D,-0.027925358681002,0.2200269326815332
NME3,NME3,plasma,protein,D,0.0526147775138735,0.1936550281356826
NMI,NMI,plasma,protein,D,0.1173838712880007,0.5149431700532435
NMNAT1,NMNAT1,plasma,protein,D,0.4309348818215002,0.547040520713343
NMRK2,NMRK2,plasma,protein,D,-0.1167310293013584,0.7888633602451977
NMT1,NMT1,plasma,protein,D,0.1883085373760038,0.7244596654672625
NOMO1,NOMO1,plasma,protein,D,0.2586086166846715,0.1389232531397879
NOP56,NOP56,plasma,protein,D,0.0339480373868362,0.5211370789514088
NOS1,NOS1,plasma,protein,D,0.5301907112971733,0.49628970064226724
NOS2,NOS2,plasma,protein,D,-0.2568622719621337,0.4916766870983053
NOS3,NOS3,plasma,protein,D,0.0381410986283175,0.7097041785640692
NOTCH1,NOTCH1,plasma,protein,D,-0.0036946550925604,0.1821901521941387
NOTCH2,NOTCH2,plasma,protein,D,0.0866321511070284,0.2255805835027004
NOTCH3,NOTCH3,plasma,protein,D,0.303253199891309,0.3968831474457427
NPC2,NPC2,plasma,protein,D,0.2067190193616302,0.1845191605980546
NPDC1,NPDC1,plasma,protein,D,0.164297665276973,0.2283434181457932
NPHS1,NPHS1,plasma,protein,D,-0.0923641614882397,0.3148572027214189
NPHS2,NPHS2,plasma,protein,D,0.0620340111489406,0.8695402346936935
NPL,NPL,plasma,protein,D,0.311648351993455,0.39754372810889493
NPM1,NPM1,plasma,protein,D,0.3183631602573618,0.4699044428606149
NPPB,NPPB,plasma,protein,D,-0.4727432658928506,0.9220168132589202
NPPC,NPPC,plasma,protein,D,0.2162425268337149,0.5048831756467003
NPR1,NPR1,plasma,protein,D,-0.16717025015541,0.2885957229294911
NPTN,NPTN,plasma,protein,D,-0.0463626218233214,0.5695987894415377
NPTX1,NPTX1,plasma,protein,D,0.1066438643586236,0.3723412594494766
NPTX2,NPTX2,plasma,protein,D,0.296264807183368,0.3871715946173936
NPTXR,NPTXR,plasma,protein,D,0.0051214611139765,0.27309288115929037
NPY,NPY,plasma,protein,D,0.0428131660171009,0.6128940596893038
NRCAM,NRCAM,plasma,protein,D,0.7509775001350844,0.19525787570147046
NRGN,NRGN,plasma,protein,D,-0.0699859900779411,0.4557352804046652
NRN1,NRN1,plasma,protein,D,-0.0227162073818039,0.3560881792179821
NRP1,NRP1,plasma,protein,D,0.0528409093040104,0.24396430445974351
NRP2,NRP2,plasma,protein,D,0.3237849444642653,0.28187272827256143
NRTN,NRTN,plasma,protein,D,0.0751118835129514,0.46559505873413487
NRXN3,NRXN3,plasma,protein,D,-0.0216948533045256,0.3006625339364999
NSFL1C,NSFL1C,plasma,protein,D,0.4066716444831201,0.790429749092869
NT-proBNP,NT-proBNP,plasma,protein,D,-0.2345318958051818,0.9773792180246506
NT5C,NT5C,plasma,protein,D,0.2939577044037713,0.5682627375237832
NT5C1A,NT5C1A,plasma,protein,D,0.9991809454280682,0.6372984502759625
NT5C3A,NT5C3A,plasma,protein,D,0.20722670033708,1.0887108713323308
NT5E,NT5E,plasma,protein,D,0.1409719200133521,0.26445130831527974
NTF3,NTF3,plasma,protein,D,-0.0520338746270508,0.4487284844573979
NTF4,NTF4,plasma,protein,D,0.136376935127127,0.37505518994601317
NTRK2,NTRK2,plasma,protein,D,-0.1070008056932766,0.2052488408305368
NTRK3,NTRK3,plasma,protein,D,-0.1413526522438861,0.2442344512377902
NUB1,NUB1,plasma,protein,D,0.1822866166161865,0.5431808323861087
NUCB2,NUCB2,plasma,protein,D,0.3082076506003529,0.2399381731708506
NUDC,NUDC,plasma,protein,D,0.2156798998739978,0.676535380101654
NUDT10,NUDT10,plasma,protein,D,0.0100934129076277,0.24865901376952862
NUDT15,NUDT15,plasma,protein,D,-0.0468761865603142,0.43733990061556915
NUDT16,NUDT16,plasma,protein,D,0.3388983773493363,0.5943317169107303
NUDT2,NUDT2,plasma,protein,D,0.033791701194056,0.334539074895145
NUDT5,NUDT5,plasma,protein,D,0.2552866692835623,0.4239288350404466
NUMB,NUMB,plasma,protein,D,0.2928876604484669,0.5562891994882635
NUP50,NUP50,plasma,protein,D,0.0571671003715537,0.3334604971193552
NXPE4,NXPE4,plasma,protein,D,0.0148992382341115,0.42565574108858617
NXPH1,NXPH1,plasma,protein,D,0.0213423726345394,0.18086419176598612
NXPH3,NXPH3,plasma,protein,D,-0.2605947829833444,0.31349708488662165
OBP2B,OBP2B,plasma,protein,D,1.0046055077075675,0.9550411947120165
OCLN,OCLN,plasma,protein,D,0.4232085414090586,0.3562343307248643
ODAM,ODAM,plasma,protein,D,0.0355456657236691,0.42370984191062644
OFD1,OFD1,plasma,protein,D,-0.0273972510999385,0.6117176652544749
OGA,OGA,plasma,protein,D,0.4182656881309979,0.5642971606148461
OGFR,OGFR,plasma,protein,D,0.132372079503274,0.2911619315739902
OGN,OGN,plasma,protein,D,0.2096486142312504,0.4332873022057262
OLFM4,OLFM4,plasma,protein,D,0.7119277715801403,1.032415590738392
OLR1,OLR1,plasma,protein,D,0.9806126733006436,0.42983926906159275
OMD,OMD,plasma,protein,D,0.5691803264248512,0.40282469517079444
OMG,OMG,plasma,protein,D,0.0472245649496908,0.4688991020118597
OMP,OMP,plasma,protein,D,0.1147079314290559,0.4533109201734869
OPHN1,OPHN1,plasma,protein,D,0.1381453706598731,0.9022593213337163
OPLAH,OPLAH,plasma,protein,D,0.2371497770196068,0.4901181491307489
OPTC,OPTC,plasma,protein,D,0.0152168858534633,0.30362374036670486
ORM1,ORM1,plasma,protein,D,-0.0774296505789697,0.1880644166038162
OSBPL2,OSBPL2,plasma,protein,D,-0.0085743880181215,0.176393614329755
OSCAR,OSCAR,plasma,protein,D,0.0609103559590292,0.299835463739269
OSMR,OSMR,plasma,protein,D,0.4985109531355428,0.3097773686006221
OSTN,OSTN,plasma,protein,D,0.2505340373232788,0.5215921791658393
OTOA,OTOA,plasma,protein,D,0.0019882424664732,0.6557816877943102
OTUD6B,OTUD6B,plasma,protein,D,0.1452222298496138,0.6829712462897091
OTUD7B,OTUD7B,plasma,protein,D,0.3300537011561036,0.4531873145167136
OXCT1,OXCT1,plasma,protein,D,0.0502984856933229,0.28795268951261277
OXT,OXT,plasma,protein,D,1.047334034179906,0.7470110011917177
P4HB,P4HB,plasma,protein,D,0.4170073596806798,0.2577356366074478
PACS2,PACS2,plasma,protein,D,0.1600371268344091,0.8018231779938844
PADI2,PADI2,plasma,protein,D,0.0964231088987102,0.606797750584876
PADI4,PADI4,plasma,protein,D,0.1474847059908121,0.447916447835156
PAEP,PAEP,plasma,protein,D,-0.3646517524597876,0.323381060441002
PAFAH2,PAFAH2,plasma,protein,D,-0.0712725839659698,0.5537538099839641
PAG1,PAG1,plasma,protein,D,0.1955881118512403,0.33555620534634983
PAGR1,PAGR1,plasma,protein,D,0.1844267263926175,0.4261257576337642
PAIP2B,PAIP2B,plasma,protein,D,-0.2266181749385267,0.776065198745403
PALLD,PALLD,plasma,protein,D,0.2282424650398438,0.5266146736451205
PALM,PALM,plasma,protein,D,0.0614880306715995,0.2153553055246131
PALM2,PALM2,plasma,protein,D,0.3723482547591206,0.36133104799631477
PALM3,PALM3,plasma,protein,D,0.0912520894266069,0.4394604212501424
PAM,PAM,plasma,protein,D,0.2441152027484464,0.22275539598247118
PAMR1,PAMR1,plasma,protein,D,0.003700065198156,0.2482718424073945
PAPPA,PAPPA,plasma,protein,D,-0.4149350802711498,0.3920567245832269
PARD3,PARD3,plasma,protein,D,-0.1357311543007707,0.7603640011434609
PARK7,PARK7,plasma,protein,D,0.3612519217151169,0.7312782328040628
PARP1,PARP1,plasma,protein,D,0.0201303871790188,0.245944238903412
PAXX,PAXX,plasma,protein,D,0.1401712306185971,0.35263172268395027
PBK,PBK,plasma,protein,D,0.0134294357635689,0.622666440041394
PBLD,PBLD,plasma,protein,D,0.031582198532589,0.39740977475168904
PBXIP1,PBXIP1,plasma,protein,D,-0.0107273390909232,0.19566872397166668
PCARE,PCARE,plasma,protein,D,-0.074979303342369,0.7478713921214113
PCBD1,PCBD1,plasma,protein,D,0.1061818287488432,0.3446623713638921
PCBP2,PCBP2,plasma,protein,D,0.3409344441079381,0.7558729835697304
PCDH1,PCDH1,plasma,protein,D,0.0090183500932671,0.0869088029853951
PCDH12,PCDH12,plasma,protein,D,-0.1079086445271913,0.19276927608691663
PCDH17,PCDH17,plasma,protein,D,0.0849818197308567,0.3181097620998034
PCDH7,PCDH7,plasma,protein,D,0.9878893879838622,0.42361036391918994
PCDH9,PCDH9,plasma,protein,D,-0.0264054785059682,0.2794591358771258
PCDHB15,PCDHB15,plasma,protein,D,0.0664892746523434,0.271719092639025
PCNA,PCNA,plasma,protein,D,-0.0451969949985182,0.728758575280001
PCOLCE,PCOLCE,plasma,protein,D,-0.2076492554221565,0.4074817699321544
PCSK7,PCSK7,plasma,protein,D,-0.0704627579314742,0.45650007263650355
PCSK9,PCSK9,plasma,protein,D,0.4351570703953793,0.3435510130809466
PCYT2,PCYT2,plasma,protein,D,0.0722429778164653,0.5328786177198664
PDAP1,PDAP1,plasma,protein,D,0.2378952576572648,0.9574815125679241
PDCD1,PDCD1,plasma,protein,D,-0.3259123657207855,0.32111617111503793
PDCD1LG2,PDCD1LG2,plasma,protein,D,0.1764273486212093,0.37776619764923486
PDCD5,PDCD5,plasma,protein,D,0.4295861958685356,0.6609776549314432
PDCD6,PDCD6,plasma,protein,D,0.0735642840507825,0.25701320689817686
PDCL2,PDCL2,plasma,protein,D,-0.1500813838566079,0.7322484605674706
PDE1C,PDE1C,plasma,protein,D,-0.2787580772713754,0.7518589725633883
PDE4D,PDE4D,plasma,protein,D,0.0756018925045746,0.6473413566421519
PDE5A,PDE5A,plasma,protein,D,0.2596477301443034,0.8746267272644355
PDGFA,PDGFA,plasma,protein,D,-0.0243579735704703,0.9020513289452925
PDGFB,PDGFB,plasma,protein,D,0.077769729329656,1.0023306725371453
PDGFC,PDGFC,plasma,protein,D,-0.0372427427850254,0.36551497131881083
PDGFRA,PDGFRA,plasma,protein,D,0.4788165104241882,0.4412243164426139
PDGFRB,PDGFRB,plasma,protein,D,-0.0364345593906112,0.24624700669475458
PDIA2,PDIA2,plasma,protein,D,-0.3665561873842827,0.9964515967531309
PDIA3,PDIA3,plasma,protein,D,0.2379605708992634,0.2713768407171928
PDIA4,PDIA4,plasma,protein,D,0.1555137776498816,0.3247869517807518
PDIA5,PDIA5,plasma,protein,D,-0.0963737524285989,0.6473303902882476
PDLIM5,PDLIM5,plasma,protein,D,0.3232826559123184,0.9732318797393643
PDLIM7,PDLIM7,plasma,protein,D,0.2581917519253757,0.9244721816578784
PDP1,PDP1,plasma,protein,D,0.1250618069217707,0.36738209180910547
PDRG1,PDRG1,plasma,protein,D,-0.1050982689071796,0.6512185515956135
PDXDC1,PDXDC1,plasma,protein,D,-0.1887732792003326,0.5262179762965372
PDZD2,PDZD2,plasma,protein,D,0.2052187055608914,0.47677328565127197
PDZK1,PDZK1,plasma,protein,D,0.2562214601898082,0.451140572195589
PEAR1,PEAR1,plasma,protein,D,-0.1582574189192668,0.1962478996608059
PEBP1,PEBP1,plasma,protein,D,0.4806143142057035,0.708713332096603
PECAM1,PECAM1,plasma,protein,D,-0.0090754429345688,0.24387660321967553
PECR,PECR,plasma,protein,D,-0.0489508950461799,0.20238693021308263
PENK,PENK,plasma,protein,D,0.0897241920830709,0.2434716833590423
PEPD,PEPD,plasma,protein,D,-0.0932049504270305,0.2451481003584584
PF4,PF4,plasma,protein,D,-0.0344287148721718,0.7670625141179628
PFDN2,PFDN2,plasma,protein,D,0.0495791967753805,0.4928764951668636
PFDN4,PFDN4,plasma,protein,D,0.0017697877600959,0.7943015579545145
PFDN6,PFDN6,plasma,protein,D,-0.2513610379436883,0.8276843605567281
PFKFB2,PFKFB2,plasma,protein,D,0.3040269106383702,0.7378919874280718
PGA4,PGA4,plasma,protein,D,0.3110603696075701,0.3329842171496491
PGD,PGD,plasma,protein,D,0.439232719367266,0.5833070280069383
PGF,PGF,plasma,protein,D,0.2775921903564528,0.6166227212582278
PGLYRP2,PGLYRP2,plasma,protein,D,-0.107570175004308,0.357063790980791
PGLYRP4,PGLYRP4,plasma,protein,D,0.7837132912541529,0.9693566306892192
PGM2,PGM2,plasma,protein,D,0.0447386059413413,0.5482700431480789
PGR,PGR,plasma,protein,D,0.0987964288458441,0.3996717468940211
PHACTR2,PHACTR2,plasma,protein,D,0.1382561806049796,0.7902675893154852
PHLDB1,PHLDB1,plasma,protein,D,0.2741858251621501,0.4396113875485582
PHLDB2,PHLDB2,plasma,protein,D,-0.5241510407481227,1.2196150661796035
PHOSPHO1,PHOSPHO1,plasma,protein,D,0.1467115419208631,0.24947669800576583
PHYKPL,PHYKPL,plasma,protein,D,0.10673283866814,0.3447118608182965
PI16,PI16,plasma,protein,D,-0.100210676027512,0.3389574777936577
PI3,PI3,plasma,protein,D,0.011210638972022,0.4621096538387336
PIBF1,PIBF1,plasma,protein,D,0.115000467870005,0.6002318382896129
PIGR,PIGR,plasma,protein,D,0.2300143641655277,0.2841692879947919
PIK3AP1,PIK3AP1,plasma,protein,D,0.2972145665161331,0.563790252540822
PIK3IP1,PIK3IP1,plasma,protein,D,0.1403606422603583,0.23070724448824048
PIKFYVE,PIKFYVE,plasma,protein,D,0.1411508261614824,0.5562901578373708
PILRA,PILRA,plasma,protein,D,0.2016272708075704,0.31974516619149185
PILRB,PILRB,plasma,protein,D,0.2617216776333616,0.37726181971553363
PINLYP,PINLYP,plasma,protein,D,-0.1417649645517097,0.48031950084001585
PITHD1,PITHD1,plasma,protein,D,-0.0864251050501535,0.9682385332266568
PKD1,PKD1,plasma,protein,D,0.1862982678396816,0.25180862318719743
PKD2,PKD2,plasma,protein,D,0.2792999827461486,0.4664782801990728
PKLR,PKLR,plasma,protein,D,0.2833770571746163,0.5652825263750628
PKN3,PKN3,plasma,protein,D,-0.0028552715730904,0.8063482312562998
PLA2G10,PLA2G10,plasma,protein,D,-0.1975821835409459,0.39858377153054336
PLA2G15,PLA2G15,plasma,protein,D,0.1416686136489409,0.2279012920528583
PLA2G1B,PLA2G1B,plasma,protein,D,0.1354147601229357,0.36863995958601914
PLA2G2A,PLA2G2A,plasma,protein,D,0.0432087431150911,0.5899777829933397
PLA2G4A,PLA2G4A,plasma,protein,D,0.2584000422229722,0.5186035336544121
PLA2G7,PLA2G7,plasma,protein,D,-0.043055300584627,0.2874886995668554
PLAU,PLAU,plasma,protein,D,0.7175680042887952,0.3648403350459729
PLAUR,PLAUR,plasma,protein,D,0.0224621863522703,0.23404135793910733
PLB1,PLB1,plasma,protein,D,-0.1355134646906931,0.4598223743616258
PLCB1,PLCB1,plasma,protein,D,-0.0444659636529558,0.3870617805934593
PLCB2,PLCB2,plasma,protein,D,0.1365639494080687,0.976965222171144
PLEKHO1,PLEKHO1,plasma,protein,D,0.1038368211606627,0.7335969814099244
PLG,PLG,plasma,protein,D,-0.0192593267055648,0.1933084685228696
PLIN1,PLIN1,plasma,protein,D,0.028112243836978,0.2558280396339513
PLIN3,PLIN3,plasma,protein,D,0.1896916035031596,0.2791669023033574
PLPBP,PLPBP,plasma,protein,D,0.2857654168271156,0.7400439320060057
PLSCR3,PLSCR3,plasma,protein,D,0.0454377807395915,0.3126461914033483
PLTP,PLTP,plasma,protein,D,-0.012876631295794,0.31927002722494624
PLXDC1,PLXDC1,plasma,protein,D,-0.191550290310927,0.316646094235104
PLXDC2,PLXDC2,plasma,protein,D,-0.076640036563795,0.2659271121256418
PLXNA4,PLXNA4,plasma,protein,D,-0.0075489328820218,0.7244686505817131
PLXNB2,PLXNB2,plasma,protein,D,0.7967724919314478,0.27028056067130213
PLXNB3,PLXNB3,plasma,protein,D,0.2114239607957198,0.24480569026287508
PM20D1,PM20D1,plasma,protein,D,0.271569026236675,0.9029060452227653
PMCH,PMCH,plasma,protein,D,0.0340113269441861,0.275265317219543
PMM2,PMM2,plasma,protein,D,0.3140263359981339,0.873406764581897
PMS1,PMS1,plasma,protein,D,0.0983174062344056,0.6483651203978329
PMVK,PMVK,plasma,protein,D,0.1205649193967268,1.4006251567743604
PNLIP,PNLIP,plasma,protein,D,0.0664924373653727,0.5261510716428789
PNLIPRP1,PNLIPRP1,plasma,protein,D,-0.0136315001545162,0.565633470320152
PNLIPRP2,PNLIPRP2,plasma,protein,D,-0.8570140461919613,1.0550243547622107
PNMA1,PNMA1,plasma,protein,D,-0.0361113089385624,0.6874915628927304
PNMA2,PNMA2,plasma,protein,D,0.1303601691279539,0.6259659666907533
PNPT1,PNPT1,plasma,protein,D,-0.0111895015496399,0.6025955640205665
PODXL,PODXL,plasma,protein,D,0.0114004501816391,0.1732425908014793
PODXL2,PODXL2,plasma,protein,D,-0.0461312849099257,0.19952493004517752
POF1B,POF1B,plasma,protein,D,0.1085259923908096,0.48503915447218726
POLR2A,POLR2A,plasma,protein,D,-0.0029335519320142,0.4334520941326509
POLR2F,POLR2F,plasma,protein,D,0.2613968738087595,0.2722977117695409
POMC,POMC,plasma,protein,D,1.003080474669125,0.8141312516297106
PON1,PON1,plasma,protein,D,-0.0489454658044928,0.1590960093453184
PON2,PON2,plasma,protein,D,0.1960356188930195,0.3236793262199122
PON3,PON3,plasma,protein,D,-0.1341664480248491,0.24948316698953613
POSTN,POSTN,plasma,protein,D,-0.1875042291388281,0.44742217770857573
PPBP,PPBP,plasma,protein,D,0.0970311962139928,0.8618682792236416
PPCDC,PPCDC,plasma,protein,D,0.2239184597985325,0.39075504502141434
PPIB,PPIB,plasma,protein,D,0.2472595589717511,0.4669328395908042
PPIE,PPIE,plasma,protein,D,-0.0335608581681807,0.47456723075480595
PPL,PPL,plasma,protein,D,0.1957315964826294,0.3008251294680792
PPM1A,PPM1A,plasma,protein,D,0.019250451113383,0.27629323078141155
PPM1B,PPM1B,plasma,protein,D,0.1964620279526393,0.6816715026734894
PPM1F,PPM1F,plasma,protein,D,0.2358637286257437,0.43861433023955043
PPME1,PPME1,plasma,protein,D,0.4128380890736752,0.9501917075528785
PPP1CC,PPP1CC,plasma,protein,D,0.0355133019396672,0.5015122405515399
PPP1R12A,PPP1R12A,plasma,protein,D,0.0487126936553336,0.3960117597720799
PPP1R12B,PPP1R12B,plasma,protein,D,0.1557979510390695,0.45348965869816593
PPP1R14A,PPP1R14A,plasma,protein,D,0.113752128859729,1.0000816858676511
PPP1R14D,PPP1R14D,plasma,protein,D,0.234187826700332,0.525984342247875
PPP1R2,PPP1R2,plasma,protein,D,0.4177360980515254,0.46499032740684887
PPP1R9B,PPP1R9B,plasma,protein,D,0.1468479113707523,0.8835928383559438
PPP2R5A,PPP2R5A,plasma,protein,D,0.2271573408488237,0.9497434379103049
PPP3R1,PPP3R1,plasma,protein,D,0.110305324629678,0.3690046248305647
PPT1,PPT1,plasma,protein,D,0.1348422525227035,0.5442147069187906
PPY,PPY,plasma,protein,D,0.0512728707447002,0.7894399481456467
PQBP1,PQBP1,plasma,protein,D,0.1703714040310174,0.4632667786299218
PRAME,PRAME,plasma,protein,D,-0.0871899849428568,0.5934243768811795
PRAP1,PRAP1,plasma,protein,D,0.4189677202835786,0.32660088095846523
PRC1,PRC1,plasma,protein,D,0.0975838208331249,0.3880921164301836
PRCP,PRCP,plasma,protein,D,-0.0068924915503471,0.3126643385016462
PRDX1,PRDX1,plasma,protein,D,0.1251058184832215,0.48562743325053
PRDX2,PRDX2,plasma,protein,D,0.1383470933332641,0.3780859208339081
PRDX3,PRDX3,plasma,protein,D,0.167333669809888,0.5941994547273168
PRDX5,PRDX5,plasma,protein,D,0.3571142458814103,0.6953762896691986
PRDX6,PRDX6,plasma,protein,D,0.0616641144578073,0.4584275512558438
PREB,PREB,plasma,protein,D,0.0879657664714653,0.21264053546809697
PRELP,PRELP,plasma,protein,D,-0.0922380183602595,0.1685224474738746
PRG2,PRG2,plasma,protein,D,0.0890390064748833,0.2487905221880635
PRG3,PRG3,plasma,protein,D,-0.1898493128906576,0.37959500187116757
PRKAB1,PRKAB1,plasma,protein,D,0.2089895171680837,0.5402940068237257
PRKAG3,PRKAG3,plasma,protein,D,-0.0292463617403187,0.6012136595861813
PRKAR1A,PRKAR1A,plasma,protein,D,0.1412014707872122,0.7350520624872914
PRKAR2A,PRKAR2A,plasma,protein,D,0.4120127818883863,0.6548338953070636
PRKCQ,PRKCQ,plasma,protein,D,0.004482989113308,0.4088913222393698
PRKD2,PRKD2,plasma,protein,D,0.0667762490975006,0.40655866325853185
PRKG1,PRKG1,plasma,protein,D,-0.0656462611239578,0.5974562324422545
PRKRA,PRKRA,plasma,protein,D,0.224216591541724,0.5159407074640672
PRL,PRL,plasma,protein,D,0.2143911989585908,0.09431828807193451
PRND,PRND,plasma,protein,D,-0.3239653612650857,0.49965439360716535
PROC,PROC,plasma,protein,D,-0.1280264097154869,0.2562849891948455
PROCR,PROCR,plasma,protein,D,0.0989174788217785,0.28647576550026077
PROK1,PROK1,plasma,protein,D,-0.1730309730168008,0.4428770700859438
PROS1,PROS1,plasma,protein,D,-0.1392403101804727,0.2459249733575849
PRR4,PRR4,plasma,protein,D,0.1248012810032292,0.7176269830249387
PRR5,PRR5,plasma,protein,D,0.2332186562210159,0.6889961135276299
PRRT3,PRRT3,plasma,protein,D,-0.2504648399368367,0.29460042768547123
PRSS2,PRSS2,plasma,protein,D,0.2723746886306092,0.45200478028029334
PRSS22,PRSS22,plasma,protein,D,0.3203167003967559,0.7396409909996423
PRSS27,PRSS27,plasma,protein,D,0.06437621674469,0.2580791961052954
PRSS53,PRSS53,plasma,protein,D,0.0301003345071876,0.39247585938403495
PRSS8,PRSS8,plasma,protein,D,0.6199322551069323,0.23837628540848543
PRTFDC1,PRTFDC1,plasma,protein,D,-0.08310019724997,1.1898484294355762
PRTG,PRTG,plasma,protein,D,0.6630572701823557,0.4081492531569568
PRTN3,PRTN3,plasma,protein,D,0.0631288326036452,0.287714485054072
PRUNE2,PRUNE2,plasma,protein,D,0.0912632858071934,0.4351322388602801
PSAP,PSAP,plasma,protein,D,0.5441061280892142,0.23384099174502626
PSAPL1,PSAPL1,plasma,protein,D,0.3404427188113512,0.47804945584566355
PSCA,PSCA,plasma,protein,D,0.7087549744723107,0.7822403314187152
PSIP1,PSIP1,plasma,protein,D,-0.0179350027660017,0.4267923126155092
PSMA1,PSMA1,plasma,protein,D,-0.2110136406081613,0.7343530643984203
PSMC3,PSMC3,plasma,protein,D,-0.1608687298026025,0.7617590763898473
PSMD1,PSMD1,plasma,protein,D,0.2476776358536185,0.6833925107268604
PSMD5,PSMD5,plasma,protein,D,0.1387006876448444,0.30377151983964046
PSMD9,PSMD9,plasma,protein,D,0.2942505596805672,0.5100907451570191
PSME1,PSME1,plasma,protein,D,0.2116676762204775,0.3000197298538628
PSME2,PSME2,plasma,protein,D,0.2738662659539707,0.36920152772977677
PSMG3,PSMG3,plasma,protein,D,0.4249713986124863,0.6642800114342067
PSMG4,PSMG4,plasma,protein,D,0.5201185571545152,0.7662204362662463
PSPN,PSPN,plasma,protein,D,-0.1161019450371346,0.6619126362827399
PSRC1,PSRC1,plasma,protein,D,0.0582224098407999,0.3686029435454934
PSTPIP2,PSTPIP2,plasma,protein,D,-0.0657984134783214,1.132800781918821
PTEN,PTEN,plasma,protein,D,0.1714086884870053,0.4182325253985366
PTGDS,PTGDS,plasma,protein,D,0.1271167006200134,0.2313870624585989
PTGES2,PTGES2,plasma,protein,D,0.3053700821507925,0.4896422042313128
PTGR1,PTGR1,plasma,protein,D,0.0958886566940401,0.6569969734363857
PTH,PTH,plasma,protein,D,0.3667215657980442,0.7645772198296192
PTH1R,PTH1R,plasma,protein,D,-0.0736036053252577,0.2407890276989628
PTK7,PTK7,plasma,protein,D,0.1951457682827397,0.4351300478387513
PTN,PTN,plasma,protein,D,0.6560241419922794,0.6221750380630048
PTP4A3,PTP4A3,plasma,protein,D,0.2709515402538301,0.5984493059303109
PTPN1,PTPN1,plasma,protein,D,0.2759179500020607,0.6982815904786246
PTPN6,PTPN6,plasma,protein,D,0.03714010833345,0.8899229356535973
PTPN9,PTPN9,plasma,protein,D,0.1508743535476491,0.5197389833909605
PTPRB,PTPRB,plasma,protein,D,0.020469687656185,0.2624558140849983
PTPRC,PTPRC,plasma,protein,D,-0.0926754464129636,0.2044338849148335
PTPRF,PTPRF,plasma,protein,D,0.6910716715189209,0.3321263972930095
PTPRH,PTPRH,plasma,protein,D,-0.0229229362074875,0.4276410969913788
PTPRN2,PTPRN2,plasma,protein,D,0.0684420622516662,0.2769517394581318
PTPRR,PTPRR,plasma,protein,D,0.0562491566386891,0.3165480883910438
PTPRS,PTPRS,plasma,protein,D,-0.1053936884447337,0.1985387356166745
PTPRZ1,PTPRZ1,plasma,protein,D,0.1379409914778944,0.3405321906458243
PTRHD1,PTRHD1,plasma,protein,D,0.4607918120888318,0.8210729117660823
PTS,PTS,plasma,protein,D,0.6494626111931723,0.630325850017646
PTTG1,PTTG1,plasma,protein,D,0.0764405878318098,0.6047024544351702
PTX3,PTX3,plasma,protein,D,0.3671608920860193,0.24655532584327752
PVALB,PVALB,plasma,protein,D,0.1133651606470555,0.9315390692867624
PVR,PVR,plasma,protein,D,0.2863666173446858,0.25534364212850424
PXDNL,PXDNL,plasma,protein,D,-0.0170997636638163,0.4320630999561442
PXN,PXN,plasma,protein,D,0.2809490910053626,0.37410368854889275
PYDC1,PYDC1,plasma,protein,D,0.0472207185501314,0.32007097005283897
PYY,PYY,plasma,protein,D,-0.0479152388935863,0.8124437834794124
PZP,PZP,plasma,protein,D,0.3285022494293789,0.7963589584744809
QDPR,QDPR,plasma,protein,D,0.1000778265948534,0.3835992318103991
QPCT,QPCT,plasma,protein,D,0.1605416486784875,0.24170807275782988
QSOX1,QSOX1,plasma,protein,D,0.1134738401562478,0.2654529258388269
RAB10,RAB10,plasma,protein,D,0.1408828810272812,0.46376969259416656
RAB11FIP3,RAB11FIP3,plasma,protein,D,0.077145690702895,1.086994519641664
RAB27B,RAB27B,plasma,protein,D,-0.0835047937336774,1.1545100241607464
RAB2B,RAB2B,plasma,protein,D,0.1791624835607761,0.5284893018458113
RAB33A,RAB33A,plasma,protein,D,0.0539058363867551,0.9140739254315078
RAB37,RAB37,plasma,protein,D,0.2400244140135749,0.7171593720834649
RAB39B,RAB39B,plasma,protein,D,-0.0268902671528499,0.5377373159603794
RAB3GAP1,RAB3GAP1,plasma,protein,D,-0.0175514616852041,0.7102739991265427
RAB44,RAB44,plasma,protein,D,0.3156606163888886,0.4265200351374929
RABEP1,RABEP1,plasma,protein,D,0.2341520381922857,0.6141556307708548
RABEPK,RABEPK,plasma,protein,D,0.1129540682789428,0.3413144433034787
RABGAP1L,RABGAP1L,plasma,protein,D,0.3006157582577978,0.6529010935224315
RAC3,RAC3,plasma,protein,D,0.0036755936650362,0.29275645619352664
RAD23B,RAD23B,plasma,protein,D,0.0909096311957124,0.3180801252755116
RAD51,RAD51,plasma,protein,D,0.1999667015889812,0.5214593050367576
RALB,RALB,plasma,protein,D,0.0940594153378534,0.422956795235135
RALY,RALY,plasma,protein,D,0.2685842580254587,0.3839247791730477
RANBP1,RANBP1,plasma,protein,D,0.3441312395204871,0.6561340383559731
RANBP2,RANBP2,plasma,protein,D,-0.0632078183681677,0.3208272710828014
RANGAP1,RANGAP1,plasma,protein,D,-0.0765963625692698,0.2442853012318197
RAP1A,RAP1A,plasma,protein,D,0.1217606394034411,0.8508318580746161
RARRES1,RARRES1,plasma,protein,D,0.0164720757678537,0.2547246152219743
RARRES2,RARRES2,plasma,protein,D,0.2038115928606287,0.30145171793582504
RASA1,RASA1,plasma,protein,D,0.0440506371997761,0.2143671463867755
RASGRF1,RASGRF1,plasma,protein,D,-0.2215796875554168,0.9710455750734683
RASSF2,RASSF2,plasma,protein,D,0.1630948458887817,0.4358622067546621
RBFOX3,RBFOX3,plasma,protein,D,0.3406949012094191,0.2784577780966064
RBKS,RBKS,plasma,protein,D,0.2672139486451645,0.419478944233906
RBM17,RBM17,plasma,protein,D,0.1759971543781597,0.48859723761607954
RBM19,RBM19,plasma,protein,D,0.0896322947489223,0.4498895180442952
RBM25,RBM25,plasma,protein,D,-0.4179805838977676,1.0276216609434319
RBP1,RBP1,plasma,protein,D,0.6983052072036076,0.6424799288168492
RBP2,RBP2,plasma,protein,D,0.4614955967641231,0.779791799424298
RBP5,RBP5,plasma,protein,D,0.3054244759787202,0.43842151729768414
RBP7,RBP7,plasma,protein,D,0.3361789994958747,0.295868863793346
RBPMS,RBPMS,plasma,protein,D,0.1936500253855004,0.5253326836739081
RBPMS2,RBPMS2,plasma,protein,D,-0.0290213175509537,0.9444198240909473
RCC1,RCC1,plasma,protein,D,0.2560468524856675,0.2387865780197061
RCOR1,RCOR1,plasma,protein,D,0.0713842174795094,0.3228590969837191
RECK,RECK,plasma,protein,D,-0.0878346284971348,0.1551370935936936
REEP4,REEP4,plasma,protein,D,0.1957966410131511,0.619275824592734
REG1A,REG1A,plasma,protein,D,0.1055797158389577,0.3212686861881391
REG1B,REG1B,plasma,protein,D,0.1755965400023186,0.46180591313075015
REG3A,REG3A,plasma,protein,D,0.1817807457998291,0.4036094732309718
REG3G,REG3G,plasma,protein,D,0.0427409912099439,0.5485797781625149
REG4,REG4,plasma,protein,D,-0.0426981282641928,0.3632043846105818
RELB,RELB,plasma,protein,D,0.1643386710976925,0.7235508421353308
RELT,RELT,plasma,protein,D,0.227598610493342,0.2036891703321056
REN,REN,plasma,protein,D,-0.2403083901008669,0.41102832170098647
REPS1,REPS1,plasma,protein,D,0.2832609382309175,0.485153696940071
REST,REST,plasma,protein,D,-0.1414030833376145,0.6900937447963821
RET,RET,plasma,protein,D,0.2160222901704515,0.14501039591608628
RETN,RETN,plasma,protein,D,0.171433692056835,0.3082682960752564
REXO2,REXO2,plasma,protein,D,-0.0330206203876339,0.4698203082759399
RFC4,RFC4,plasma,protein,D,0.1873143694662449,0.36908230450198165
RGCC,RGCC,plasma,protein,D,0.167654361811829,0.7840269661011959
RGL2,RGL2,plasma,protein,D,0.036784011674539,0.5914071052477439
RGMA,RGMA,plasma,protein,D,-0.0790155985929618,0.2728508805546245
RGMB,RGMB,plasma,protein,D,-0.0064640979424319,0.2289182122696773
RGS10,RGS10,plasma,protein,D,0.1090008149151896,0.7747061513719328
RGS8,RGS8,plasma,protein,D,-0.0249852546907798,0.3154017639474763
RHOC,RHOC,plasma,protein,D,0.0262003085217098,0.7813657598107404
RICTOR,RICTOR,plasma,protein,D,-0.0161632460196951,0.3996819759686273
RIDA,RIDA,plasma,protein,D,0.1519758737307306,0.4765214001236069
RILP,RILP,plasma,protein,D,0.3797577508350244,0.8312590653961011
RILPL2,RILPL2,plasma,protein,D,0.1419214111715818,0.8164903936025696
RIPK4,RIPK4,plasma,protein,D,-0.2111875190292184,0.5412870513390987
RLN1,RLN1,plasma,protein,D,-0.1295565025702977,0.4220850685905969
RNASE1,RNASE1,plasma,protein,D,0.2789625530208333,0.2826789480332479
RNASE10,RNASE10,plasma,protein,D,0.1600345399573962,0.48599219114976194
RNASE3,RNASE3,plasma,protein,D,0.0677022388536861,0.7211790869275021
RNASE4,RNASE4,plasma,protein,D,0.2957095212441961,0.21338190654005929
RNASE6,RNASE6,plasma,protein,D,0.1836804374269112,0.21396666394415298
RNASEH2A,RNASEH2A,plasma,protein,D,0.1515377949844814,0.7123317918949037
RNASET2,RNASET2,plasma,protein,D,0.1271020158418681,0.19045167962792964
RNF149,RNF149,plasma,protein,D,0.1844003997880576,0.21639421442902618
RNF168,RNF168,plasma,protein,D,-0.1005423243787041,0.7960912361079241
RNF31,RNF31,plasma,protein,D,-0.0325744020631464,0.6642503004341015
RNF4,RNF4,plasma,protein,D,-0.1447190948851589,0.721837019184295
RNF41,RNF41,plasma,protein,D,0.391117918710689,0.45500535319220614
RNF43,RNF43,plasma,protein,D,0.0349070440900401,0.37232897342414767
RNF5,RNF5,plasma,protein,D,0.2934116702455172,0.5991649497400955
ROBO1,ROBO1,plasma,protein,D,0.0212178072470398,0.18514675542165449
ROBO2,ROBO2,plasma,protein,D,-0.1753248784475077,0.22510604282336602
ROBO4,ROBO4,plasma,protein,D,-0.0347512145170831,0.1638617131459861
ROR1,ROR1,plasma,protein,D,-0.0351867228473611,0.1896077002215449
RP2,RP2,plasma,protein,D,0.0254521507208636,0.266778085542777
RPA2,RPA2,plasma,protein,D,0.0339717161596143,0.4683660059775003
RPE,RPE,plasma,protein,D,0.1124622565461197,0.5362990428377166
RPGR,RPGR,plasma,protein,D,-0.0068645163943928,0.540290068199839
RPL14,RPL14,plasma,protein,D,0.2355744272162584,0.4673866529973971
RPS10,RPS10,plasma,protein,D,-0.1067486030194558,0.35078483069072164
RRAS,RRAS,plasma,protein,D,0.1382415713249404,0.651423346435206
RRM2,RRM2,plasma,protein,D,0.2465543266714924,0.4244014936839452
RRM2B,RRM2B,plasma,protein,D,0.2706222909810317,0.4987200229940051
RSPO1,RSPO1,plasma,protein,D,0.3013706885759782,0.30347640932418923
RSPO3,RSPO3,plasma,protein,D,0.0246782178779046,0.2497411582683458
RTBDN,RTBDN,plasma,protein,D,-0.0073503916649951,0.27656886032911676
RTKN2,RTKN2,plasma,protein,D,-0.048922535640161,0.6206313512151749
RTN4IP1,RTN4IP1,plasma,protein,D,0.1324591769938903,0.645280426511573
RTN4R,RTN4R,plasma,protein,D,0.0336631057691846,0.23678590117098838
RUVBL1,RUVBL1,plasma,protein,D,0.0172854724471762,0.7370265729824024
RWDD1,RWDD1,plasma,protein,D,0.3593126500054643,0.6325775326013591
RYR1,RYR1,plasma,protein,D,0.0011420512690268,0.4527846851375988
S100A11,S100A11,plasma,protein,D,0.2254772145254446,0.2580594163466068
S100A12,S100A12,plasma,protein,D,-0.0910981303072388,0.453661135206485
S100A13,S100A13,plasma,protein,D,-0.0046135175941201,0.2633794844453608
S100A14,S100A14,plasma,protein,D,-0.1075773147856751,0.3406330451209602
S100A16,S100A16,plasma,protein,D,-0.1766263784806082,0.620576290303001
S100A3,S100A3,plasma,protein,D,0.1317785459358637,0.3285425662933757
S100A4,S100A4,plasma,protein,D,0.1419683137265867,0.5831831662098145
S100G,S100G,plasma,protein,D,0.4879039620933965,0.560713491426528
S100P,S100P,plasma,protein,D,1.1436875900000243,0.5369643545631542
SAA4,SAA4,plasma,protein,D,-0.0455920812646527,0.134866731812632
SAFB2,SAFB2,plasma,protein,D,0.1905807076130079,0.23206520417602022
SAG,SAG,plasma,protein,D,-0.2792372926741173,0.9718313795155262
SAMD9L,SAMD9L,plasma,protein,D,0.3005714360608008,0.6898586375506723
SAP18,SAP18,plasma,protein,D,-0.2895982938052251,0.8204648173737963
SARG,SARG,plasma,protein,D,0.2359666509001507,0.8062170734128903
SART1,SART1,plasma,protein,D,0.2208977414616448,0.3174344666907789
SAT1,SAT1,plasma,protein,D,0.0618645019661518,0.4906967779446728
SAT2,SAT2,plasma,protein,D,0.1527909940841619,0.4409868167770947
SATB1,SATB1,plasma,protein,D,0.0377304249627722,0.18739574716626892
SBSN,SBSN,plasma,protein,D,-0.0629729969621947,0.2583506597007539
SCAMP3,SCAMP3,plasma,protein,D,0.1846976329892851,0.7343439477755338
SCARA5,SCARA5,plasma,protein,D,0.2390869447963247,0.3417200249365507
SCARB1,SCARB1,plasma,protein,D,0.6135810133434388,0.5548098798939671
SCARB2,SCARB2,plasma,protein,D,0.2994147390542687,0.22263367811322418
SCARF1,SCARF1,plasma,protein,D,0.008070781240724,0.3037271080887067
SCARF2,SCARF2,plasma,protein,D,0.0173511014591785,0.2217220928143849
SCG2,SCG2,plasma,protein,D,0.1524362836346203,0.3448143371318352
SCG3,SCG3,plasma,protein,D,-0.1060398674384179,0.310708216370231
SCGB1A1,SCGB1A1,plasma,protein,D,0.0052665984007598,0.4613943459597519
SCGB2A2,SCGB2A2,plasma,protein,D,-0.0068034899644551,0.3852527882713115
SCGB3A1,SCGB3A1,plasma,protein,D,0.142997441857571,0.28023875354658057
SCGB3A2,SCGB3A2,plasma,protein,D,0.2514192718838209,0.5644946803086968
SCGN,SCGN,plasma,protein,D,-0.0123805138240689,0.30668724342052067
SCIN,SCIN,plasma,protein,D,0.2736194431732317,0.5339320427807049
SCLY,SCLY,plasma,protein,D,0.1108187221618136,0.330896852167607
SCN2A,SCN2A,plasma,protein,D,0.0508795917283422,0.5162186429893364
SCN2B,SCN2B,plasma,protein,D,-0.0322088163534355,0.461884411061752
SCN3A,SCN3A,plasma,protein,D,-0.1546420319219976,1.122332711763766
SCN3B,SCN3B,plasma,protein,D,-0.0246503562312733,0.41126650821962163
SCN4B,SCN4B,plasma,protein,D,-0.0179183878298001,0.3650557057175085
SCP2,SCP2,plasma,protein,D,-0.0100216435204709,0.364053291978116
SCPEP1,SCPEP1,plasma,protein,D,0.0319458853060785,0.3003489723346579
SCRG1,SCRG1,plasma,protein,D,0.5735891310054395,0.30193424681859193
SCRIB,SCRIB,plasma,protein,D,0.0552908372835639,0.32488074959417024
SCRN1,SCRN1,plasma,protein,D,0.1934215355618653,0.5070479877394225
SCT,SCT,plasma,protein,D,0.0822788948772205,0.5319088778661046
SDC1,SDC1,plasma,protein,D,1.228077410969501,0.39605750791997985
SDC4,SDC4,plasma,protein,D,0.3209313993633461,0.5584446577016056
SDCCAG8,SDCCAG8,plasma,protein,D,0.0969592212774514,0.9995209782494614
SDHB,SDHB,plasma,protein,D,0.0292831478617253,0.265836191510982
SDK2,SDK2,plasma,protein,D,0.1427264571419569,0.36433207189524985
SEC31A,SEC31A,plasma,protein,D,0.3482189757626939,0.4991470400390859
SEL1L,SEL1L,plasma,protein,D,0.4833416968236229,0.3126811403291692
SELE,SELE,plasma,protein,D,-0.0436515291442933,0.4978730083425208
SELENOP,SELENOP,plasma,protein,D,-0.0864205636560532,0.21481731503490686
SELL,SELL,plasma,protein,D,-0.2549738676845985,0.22387731638550357
SELP,SELP,plasma,protein,D,0.2051419939626056,0.32722122714841007
SELPLG,SELPLG,plasma,protein,D,0.0654178256506089,0.1511744081415945
SEMA3F,SEMA3F,plasma,protein,D,0.2037535941555422,0.21511863377254012
SEMA3G,SEMA3G,plasma,protein,D,0.1360641613836702,0.24622473441687848
SEMA4C,SEMA4C,plasma,protein,D,0.2711708046997545,0.2790861126498707
SEMA4D,SEMA4D,plasma,protein,D,-0.0866249213663024,0.2706142988073122
SEMA6C,SEMA6C,plasma,protein,D,0.0321388636210642,0.3026970322445023
SEMA7A,SEMA7A,plasma,protein,D,1.2060994067674884,0.3544448546527039
SEPTIN3,SEPTIN3,plasma,protein,D,-0.0556952133360131,0.5657693810016443
SEPTIN7,SEPTIN7,plasma,protein,D,0.0294157659691818,0.5330623357080623
SEPTIN8,SEPTIN8,plasma,protein,D,0.3713489279939619,0.349891183017846
SEPTIN9,SEPTIN9,plasma,protein,D,0.0552287553024881,0.19511464805371498
SERPINA1,SERPINA1,plasma,protein,D,0.1717791593831471,0.11783102057497752
SERPINA11,SERPINA11,plasma,protein,D,0.0006103219207262,0.2442134505886489
SERPINA12,SERPINA12,plasma,protein,D,-0.1363751420040789,1.2058690610657081
SERPINA3,SERPINA3,plasma,protein,D,-0.0769337463311271,0.2054364456307478
SERPINA4,SERPINA4,plasma,protein,D,-0.009104092828852,0.1763952009130883
SERPINA5,SERPINA5,plasma,protein,D,0.1740144004018228,0.2693956075918519
SERPINA6,SERPINA6,plasma,protein,D,0.2318362408800471,0.2057504253284785
SERPINA7,SERPINA7,plasma,protein,D,0.0534591070980204,0.2009140741283084
SERPINA9,SERPINA9,plasma,protein,D,-0.2742613140171976,0.5141472526451447
SERPINB1,SERPINB1,plasma,protein,D,0.2188704068525165,0.5817273531865224
SERPINB5,SERPINB5,plasma,protein,D,-0.0447920483374181,0.9270207767517453
SERPINB6,SERPINB6,plasma,protein,D,0.1095584046705836,0.3917320727055908
SERPINB8,SERPINB8,plasma,protein,D,0.2618970066659788,0.3217455344551139
SERPINB9,SERPINB9,plasma,protein,D,0.2357104147512956,0.3051169367773172
SERPINC1,SERPINC1,plasma,protein,D,0.0068816287229654,0.16064777939186958
SERPIND1,SERPIND1,plasma,protein,D,0.0159075984508865,0.2498684867086763
SERPINE1,SERPINE1,plasma,protein,D,0.7246954587612272,0.4430475617808159
SERPINE2,SERPINE2,plasma,protein,D,0.0182324689595065,0.5634994987515367
SERPINF1,SERPINF1,plasma,protein,D,0.1138041502784214,0.1689253252486161
SERPINF2,SERPINF2,plasma,protein,D,-0.0199553297069753,0.20618773059182552
SERPING1,SERPING1,plasma,protein,D,-0.0659960587451508,0.16330990152653718
SERPINH1,SERPINH1,plasma,protein,D,0.033740737568659,1.0123570905960997
SERPINI1,SERPINI1,plasma,protein,D,0.2863825160797478,0.35825601720907546
SERPINI2,SERPINI2,plasma,protein,D,-0.0690568957474034,0.5219831164354861
SESTD1,SESTD1,plasma,protein,D,-0.0831498836799168,0.5365060742916329
SETMAR,SETMAR,plasma,protein,D,0.1761712020810868,0.2673809123290558
SEZ6,SEZ6,plasma,protein,D,0.0172823281688974,0.4283987248074994
SEZ6L,SEZ6L,plasma,protein,D,0.0011197089006851,0.3466187576069498
SEZ6L2,SEZ6L2,plasma,protein,D,-0.1440248172481956,0.2296622176762102
SF3B4,SF3B4,plasma,protein,D,0.1264793788566985,0.409992358439096
SFRP1,SFRP1,plasma,protein,D,0.3668024770328455,0.5985560551315029
SFRP4,SFRP4,plasma,protein,D,0.0381763322709932,0.2306719879985913
SFTPA1,SFTPA1,plasma,protein,D,0.0242708155056134,0.43282562888151344
SFTPA2,SFTPA2,plasma,protein,D,-1.2910703081694952e-06,0.5875011686085612
SFTPD,SFTPD,plasma,protein,D,-0.1819886439107473,0.39974493270766576
SGSH,SGSH,plasma,protein,D,1.1945277541837225,0.4060704416174413
SH2B3,SH2B3,plasma,protein,D,0.1211080055272068,0.7413740006266729
SH2D1A,SH2D1A,plasma,protein,D,0.1405017794660829,0.3282111024528622
SH3BGRL2,SH3BGRL2,plasma,protein,D,-0.0642849266962166,0.5564874266020963
SH3BP1,SH3BP1,plasma,protein,D,0.152464718835267,0.34426279550227157
SH3GLB2,SH3GLB2,plasma,protein,D,0.261981869875326,0.7062382327944909
SHBG,SHBG,plasma,protein,D,0.1314568780443936,0.15084362388807648
SHC1,SHC1,plasma,protein,D,-0.3241467178266909,1.2840886490494263
SHD,SHD,plasma,protein,D,0.0652094617084301,0.8648498458920223
SHH,SHH,plasma,protein,D,0.0373979085264835,0.3646997581538082
SHISA5,SHISA5,plasma,protein,D,0.3685197193262461,0.20815882468969002
SHMT1,SHMT1,plasma,protein,D,0.3458159058133512,0.9611044676148823
SHPK,SHPK,plasma,protein,D,-0.0439208851738158,0.69934487616484
SIAE,SIAE,plasma,protein,D,0.3402511341986378,0.2719813569282089
SIGLEC1,SIGLEC1,plasma,protein,D,0.2982176833282391,0.2786123261125546
SIGLEC10,SIGLEC10,plasma,protein,D,0.1690567177293706,0.2518076690741451
SIGLEC15,SIGLEC15,plasma,protein,D,-0.0441728746194715,0.3551231216932884
SIGLEC5,SIGLEC5,plasma,protein,D,0.1612319867119721,0.8192958767124792
SIGLEC6,SIGLEC6,plasma,protein,D,1.4857434197339852,0.17875323906990825
SIGLEC7,SIGLEC7,plasma,protein,D,-0.0150399157912692,0.2124645538437642
SIGLEC8,SIGLEC8,plasma,protein,D,0.2349837116454874,0.38272064754163526
SIGLEC9,SIGLEC9,plasma,protein,D,-0.1261751337392988,0.28430024818714694
SIL1,SIL1,plasma,protein,D,0.5510406994238455,0.23563762231557883
SIRPA,SIRPA,plasma,protein,D,0.0262757458589572,0.2296458965772003
SIRPB1,SIRPB1,plasma,protein,D,0.069421895779116,0.3130806816812421
SIRT1,SIRT1,plasma,protein,D,0.0475541060227645,0.2950908298161583
SIRT2,SIRT2,plasma,protein,D,0.5685676769971546,0.9663151085665522
SIRT5,SIRT5,plasma,protein,D,0.0301047705753888,0.5090779903757489
SIT1,SIT1,plasma,protein,D,0.0175595699301088,0.36155308766699035
SKAP1,SKAP1,plasma,protein,D,0.2201643340967122,0.378335560234832
SKAP2,SKAP2,plasma,protein,D,-0.0151592104523298,0.9553431975479518
SKIV2L,SKIV2L,plasma,protein,D,-0.1060661572053489,0.6306351073342651
SLA2,SLA2,plasma,protein,D,0.0272781120566152,0.60116770548465
SLAMF1,SLAMF1,plasma,protein,D,-0.0860862137365395,0.4949516777846316
SLAMF6,SLAMF6,plasma,protein,D,-0.0012440093880551,0.3948611943464213
SLAMF7,SLAMF7,plasma,protein,D,-0.1812625435066295,0.4153123593634671
SLAMF8,SLAMF8,plasma,protein,D,0.047264567709043,0.3437726307471505
SLC12A2,SLC12A2,plasma,protein,D,-0.0798843662234031,0.4087159784155895
SLC13A1,SLC13A1,plasma,protein,D,0.0458719470206091,0.5265768972316585
SLC16A1,SLC16A1,plasma,protein,D,0.3269357728909519,0.35047242304005155
SLC1A4,SLC1A4,plasma,protein,D,-0.0543058888558782,1.3964824034416563
SLC27A4,SLC27A4,plasma,protein,D,0.3682688598002405,0.4600553044649396
SLC28A1,SLC28A1,plasma,protein,D,-0.0842412417643669,0.9894078817510037
SLC34A3,SLC34A3,plasma,protein,D,-0.1744031974429696,1.0529092264195123
SLC39A14,SLC39A14,plasma,protein,D,-0.1224926025793995,0.3132434678127902
SLC39A5,SLC39A5,plasma,protein,D,0.4164248525401613,0.421267230417599
SLC44A4,SLC44A4,plasma,protein,D,-0.0669821071698085,0.721796945611002
SLC4A1,SLC4A1,plasma,protein,D,0.3764005536865452,0.7240243523998267
SLC51B,SLC51B,plasma,protein,D,-0.0779567512452947,0.5127990919714958
SLC9A3R1,SLC9A3R1,plasma,protein,D,0.1419157497674141,0.4416791436089836
SLIRP,SLIRP,plasma,protein,D,-0.0849649355213184,0.5783851215037945
SLIT2,SLIT2,plasma,protein,D,0.0982181624943422,0.3644194614068045
SLITRK1,SLITRK1,plasma,protein,D,-0.1444252493729428,0.296317621907791
SLITRK2,SLITRK2,plasma,protein,D,0.0257647534095328,0.3194909452585809
SLITRK6,SLITRK6,plasma,protein,D,-0.0855858642262543,0.3682929446014928
SLK,SLK,plasma,protein,D,0.0620988060849535,0.5821263322693435
SLMAP,SLMAP,plasma,protein,D,0.2958037101410937,0.6545398908803086
SLURP1,SLURP1,plasma,protein,D,0.1488067223722853,0.2292274486740667
SMAD1,SMAD1,plasma,protein,D,0.1761426708649959,0.50290479864791
SMAD2,SMAD2,plasma,protein,D,0.3309833567939466,0.718263585958592
SMAD3,SMAD3,plasma,protein,D,0.2447790733478598,0.5367308164185478
SMAD5,SMAD5,plasma,protein,D,-0.0112652747289757,0.24445517371135111
SMARCA2,SMARCA2,plasma,protein,D,-0.1104850765577317,0.5298169190712618
SMC3,SMC3,plasma,protein,D,-0.205069863308153,1.1077921439836733
SMNDC1,SMNDC1,plasma,protein,D,0.3275717586934005,0.4173341425812082
SMOC1,SMOC1,plasma,protein,D,0.254665366583103,0.3619804079250169
SMOC2,SMOC2,plasma,protein,D,0.2422789600401503,0.3652244204477758
SMPD1,SMPD1,plasma,protein,D,0.264442398003135,0.32759732563937694
SMPD3,SMPD3,plasma,protein,D,0.1876940889228038,0.4623627314021337
SMPDL3A,SMPDL3A,plasma,protein,D,0.3368611946021212,0.3916852606872055
SMPDL3B,SMPDL3B,plasma,protein,D,-0.0753034669039094,0.3364634251871548
SMS,SMS,plasma,protein,D,0.1454092090561685,0.6598511478062636
SMTN,SMTN,plasma,protein,D,0.2093215377467275,0.7093387852332134
SNAP23,SNAP23,plasma,protein,D,-0.0357099963831984,0.9166585970951117
SNAP25,SNAP25,plasma,protein,D,0.0222314759879214,0.2661130354877299
SNAP29,SNAP29,plasma,protein,D,0.2568325603107383,0.7286892328663364
SNCA,SNCA,plasma,protein,D,0.6415416002756964,1.467299118587055
SNCG,SNCG,plasma,protein,D,0.4773574839236367,0.5922049632273361
SNED1,SNED1,plasma,protein,D,-0.059123279053832,0.37272649327143864
SNRPB2,SNRPB2,plasma,protein,D,0.2607585608019538,0.2838914582950629
SNU13,SNU13,plasma,protein,D,0.0496308041711218,0.3035680415372625
SNX18,SNX18,plasma,protein,D,0.0805453539245227,0.38918189777968015
SNX2,SNX2,plasma,protein,D,0.2209265198566184,0.7739616622104597
SNX5,SNX5,plasma,protein,D,-0.0099468822899726,0.1989172864269865
SNX9,SNX9,plasma,protein,D,0.2688067262498561,0.5251426602335638
SOD1,SOD1,plasma,protein,D,0.1599815554880431,0.4758790950432741
SOD2,SOD2,plasma,protein,D,-0.2454425207639681,0.26318413352739156
SOD3,SOD3,plasma,protein,D,0.0341639467031434,0.3445316807120958
SORBS1,SORBS1,plasma,protein,D,0.3797358815032898,0.4365118088421214
SORCS2,SORCS2,plasma,protein,D,0.6388702064485083,0.42655316293595824
SORD,SORD,plasma,protein,D,0.0664554369635749,0.6688885752545984
SORT1,SORT1,plasma,protein,D,0.4032000173598338,0.3249410859562486
SOST,SOST,plasma,protein,D,-0.1232714314378058,0.3280577695840333
SOWAHA,SOWAHA,plasma,protein,D,0.0159455806776749,0.5451837318303051
SOX2,SOX2,plasma,protein,D,-0.0473997634955696,0.503392658588479
SOX9,SOX9,plasma,protein,D,0.0081881584304505,0.7647127647993412
SPACA5_SPACA5B,SPACA5_SPACA5B,plasma,protein,D,0.0018679550903905,0.2378010101423049
SPAG1,SPAG1,plasma,protein,D,-0.0135788844813791,0.4365420266950111
SPARC,SPARC,plasma,protein,D,0.1261661024622622,0.47262370060764913
SPARCL1,SPARCL1,plasma,protein,D,-0.2108449078374158,0.282479168935894
SPART,SPART,plasma,protein,D,0.2367588674066812,0.5858789855432807
SPESP1,SPESP1,plasma,protein,D,-0.0270098106724676,0.3987053871477797
SPINK1,SPINK1,plasma,protein,D,0.6426217074980123,0.8982631942598676
SPINK2,SPINK2,plasma,protein,D,-0.1391891414855428,0.2486169406840683
SPINK4,SPINK4,plasma,protein,D,0.0550114134478721,0.5238480630971485
SPINK5,SPINK5,plasma,protein,D,-0.1224119242989061,0.28263635168226586
SPINK6,SPINK6,plasma,protein,D,0.1068303553245109,0.3870597227087384
SPINK8,SPINK8,plasma,protein,D,0.1790462325408942,0.46157365653281984
SPINT1,SPINT1,plasma,protein,D,0.7690367118122154,0.42247475781379507
SPINT2,SPINT2,plasma,protein,D,0.4682132629247577,0.3375489614673149
SPINT3,SPINT3,plasma,protein,D,0.2832844443984924,0.48227866200921327
SPOCK1,SPOCK1,plasma,protein,D,0.3213980663751828,0.3327423061145918
SPON1,SPON1,plasma,protein,D,-0.000937907970036,0.2399104250823967
SPON2,SPON2,plasma,protein,D,0.2686703746809315,0.2892447255441843
SPP1,SPP1,plasma,protein,D,0.5009753527103146,0.3925658349642376
SPRED2,SPRED2,plasma,protein,D,-0.0216482230223115,0.3573787177458383
SPRING1,SPRING1,plasma,protein,D,-0.0958077966434702,0.6250602261964765
SPRR1B,SPRR1B,plasma,protein,D,-0.2180441373880326,0.8401126750890314
SPRR3,SPRR3,plasma,protein,D,1.073040845497441,0.7060069765276389
SPRY2,SPRY2,plasma,protein,D,0.0272230320548717,0.6838650897635781
SPTBN2,SPTBN2,plasma,protein,D,0.02055565289668,0.537030722714265
SPTLC1,SPTLC1,plasma,protein,D,0.1548879772569504,0.3031907782893163
SRC,SRC,plasma,protein,D,-0.0356273180384851,0.8532589638765061
SRP14,SRP14,plasma,protein,D,0.1413586143248691,0.36280377445373413
SRPK2,SRPK2,plasma,protein,D,0.0249143559553831,0.207060288976335
SRPX,SRPX,plasma,protein,D,0.3059649733177948,0.4639220716995051
SSB,SSB,plasma,protein,D,0.0701806734301371,0.5407308592749552
SSC4D,SSC4D,plasma,protein,D,0.0241669816786063,0.6672881439497723
SSC5D,SSC5D,plasma,protein,D,-0.0297100875927609,0.2653186184742745
SSH3,SSH3,plasma,protein,D,-0.0387294592024462,0.2821613953400057
SSNA1,SSNA1,plasma,protein,D,0.2482918592620947,0.6940895484686664
ST13,ST13,plasma,protein,D,0.3818047536233392,0.7065495614767467
ST3GAL1,ST3GAL1,plasma,protein,D,0.4876286841123525,0.3533296657557271
ST8SIA1,ST8SIA1,plasma,protein,D,-0.1656597515415553,0.49982541670637515
STAB2,STAB2,plasma,protein,D,-0.0392295117800802,0.3045526155641749
STAM,STAM,plasma,protein,D,0.2380283179995783,0.5391678682539276
STAMBP,STAMBP,plasma,protein,D,0.3531035153840328,0.6078076300494425
STAT2,STAT2,plasma,protein,D,0.3998306252790422,0.6376805251531026
STAT5B,STAT5B,plasma,protein,D,0.6931565311704022,1.1412682644568577
STAU1,STAU1,plasma,protein,D,0.0014293623264643,0.6730285502921101
STC1,STC1,plasma,protein,D,0.2963805943907461,0.6520314360855126
STC2,STC2,plasma,protein,D,-0.8617628943877917,0.41631172064852057
STEAP4,STEAP4,plasma,protein,D,0.0204573316169529,0.5362059357953939
STIP1,STIP1,plasma,protein,D,0.2439318523782148,0.4503670073313403
STK11,STK11,plasma,protein,D,0.3755726407930571,0.7070991165032126
STK4,STK4,plasma,protein,D,-0.0853878157998849,0.7695960774679949
STOML2,STOML2,plasma,protein,D,-0.1725208501383208,0.9396979696540471
STX16,STX16,plasma,protein,D,0.1920869282818017,0.9682031297598787
STX1B,STX1B,plasma,protein,D,0.0594989719659326,0.5459570912280726
STX3,STX3,plasma,protein,D,0.1236302915643646,0.2383477588263413
STX4,STX4,plasma,protein,D,0.1495148852578903,0.3964509786423298
STX5,STX5,plasma,protein,D,0.1918930998594133,0.7300211402543446
STX6,STX6,plasma,protein,D,0.2611739332868013,0.657762621803659
STX7,STX7,plasma,protein,D,0.1090211381353332,0.5057081966008584
STX8,STX8,plasma,protein,D,0.0711630455741782,0.46357347502616564
STXBP3,STXBP3,plasma,protein,D,0.0765367589919659,0.47425649928041635
SUGP1,SUGP1,plasma,protein,D,0.0460794682250028,0.41950719081458143
SUGT1,SUGT1,plasma,protein,D,0.1565380706696846,0.811561777108403
SULT1A1,SULT1A1,plasma,protein,D,-0.0310551391438659,1.1811149171981727
SULT2A1,SULT2A1,plasma,protein,D,0.2530239207027964,0.5798769225006801
SUMF1,SUMF1,plasma,protein,D,0.045199473592359,0.426550364451533
SUMF2,SUMF2,plasma,protein,D,0.3936611226612289,0.3688649194269208
SUOX,SUOX,plasma,protein,D,0.4729429080278818,0.5963186336650403
SUSD1,SUSD1,plasma,protein,D,-0.0464290415241581,0.5923240596587035
SUSD2,SUSD2,plasma,protein,D,-0.0724061815409374,0.24100235258125802
SUSD4,SUSD4,plasma,protein,D,0.6565120548857852,0.3130093547391479
SUSD5,SUSD5,plasma,protein,D,-0.0329609289206292,0.24189649994886303
SV2A,SV2A,plasma,protein,D,-0.0602198968392928,0.7498189402277922
SWAP70,SWAP70,plasma,protein,D,0.3068146427602423,0.34737553269769583
SYAP1,SYAP1,plasma,protein,D,0.2898981766034644,0.598042022676781
SYNGAP1,SYNGAP1,plasma,protein,D,-0.0511942774448719,0.6001281547060315
SYT1,SYT1,plasma,protein,D,0.0408954015901911,0.3208556487940529
SYTL4,SYTL4,plasma,protein,D,-0.0968622087379155,0.7340653340468409
TAB2,TAB2,plasma,protein,D,0.2547008655907845,0.778569549548181
TACC3,TACC3,plasma,protein,D,-0.0024744320996294,0.96326355938164
TACSTD2,TACSTD2,plasma,protein,D,0.3171178286177084,0.28240452757520945
TADA3,TADA3,plasma,protein,D,-0.0014640309378549,0.6921802991620628
TAFA5,TAFA5,plasma,protein,D,0.1035547508101772,0.3332805435185511
TALDO1,TALDO1,plasma,protein,D,0.101961980899948,0.32326345194715267
TANK,TANK,plasma,protein,D,0.2743298419771247,0.6325557884504617
TAP1,TAP1,plasma,protein,D,-0.2106153898731872,0.8772945662459498
TARBP2,TARBP2,plasma,protein,D,0.3266646134791164,0.6881925153682964
TARM1,TARM1,plasma,protein,D,0.1168152893383548,0.7776698858869734
TARS1,TARS1,plasma,protein,D,0.3294787202801443,0.6472836745398343
TAX1BP1,TAX1BP1,plasma,protein,D,0.2768610968740145,0.5344969334839548
TBC1D17,TBC1D17,plasma,protein,D,0.2669439628368008,0.46698499413771977
TBC1D23,TBC1D23,plasma,protein,D,0.00351363804537,0.732475686570992
TBC1D5,TBC1D5,plasma,protein,D,0.1499638054724888,0.8673285384814089
TBCA,TBCA,plasma,protein,D,0.5561986506028109,0.9998354517156192
TBCB,TBCB,plasma,protein,D,0.4538305004757544,1.1666550290936326
TBCC,TBCC,plasma,protein,D,0.3005108815205479,0.6531229971917203
TBL1X,TBL1X,plasma,protein,D,0.0264622103626464,0.572472102579943
TBR1,TBR1,plasma,protein,D,-0.0375446052782614,0.5807273258765154
TCL1A,TCL1A,plasma,protein,D,-0.1085992665154702,0.6147532811061704
TCL1B,TCL1B,plasma,protein,D,-0.0150598064876422,0.535340354068206
TCN1,TCN1,plasma,protein,D,-0.0497196751251166,0.2720282622527606
TCN2,TCN2,plasma,protein,D,0.0955314874719988,0.2796409431609851
TCOF1,TCOF1,plasma,protein,D,0.0557725570748584,0.25762306807015234
TCP11,TCP11,plasma,protein,D,-0.0067653601053463,0.775122383821933
TCTN3,TCTN3,plasma,protein,D,0.2622007025259941,0.2464743741732588
TDGF1,TDGF1,plasma,protein,D,-0.8602726385952342,1.8637568029201583
TDO2,TDO2,plasma,protein,D,0.1148712268205085,0.4200208733003466
TDP1,TDP1,plasma,protein,D,0.1122883293250341,0.3802608155777083
TDRKH,TDRKH,plasma,protein,D,0.1741047499300748,0.5671401728649306
TEF,TEF,plasma,protein,D,0.0391303829834182,0.2776171000685577
TEK,TEK,plasma,protein,D,-0.0863939533385594,0.2437221134018447
TERF1,TERF1,plasma,protein,D,0.0713555123392731,0.41139247488058756
TET2,TET2,plasma,protein,D,-0.0980660740495265,0.764392063850462
TEX101,TEX101,plasma,protein,D,-0.0601675430079122,0.5242932373710123
TEX33,TEX33,plasma,protein,D,-0.0397470432074267,0.47512183580196843
TF,TF,plasma,protein,D,0.2759535986431052,0.2378848706722803
TFAP2A,TFAP2A,plasma,protein,D,-0.0514160565723907,0.7552094402952094
TFF1,TFF1,plasma,protein,D,0.2045410261696736,0.32679967387103
TFF2,TFF2,plasma,protein,D,1.798193336051852,1.132300498038715
TFF3,TFF3,plasma,protein,D,0.751671443793515,0.37551916172913913
TFPI,TFPI,plasma,protein,D,0.1294034020728851,0.24455579621540818
TFPI2,TFPI2,plasma,protein,D,0.3662067494224186,0.1682001217744924
TFRC,TFRC,plasma,protein,D,0.239135629373529,0.40138634936479173
TG,TG,plasma,protein,D,-0.09202103709383,0.47419255162429363
TGFA,TGFA,plasma,protein,D,0.1648458975665659,0.280487438834383
TGFB1,TGFB1,plasma,protein,D,1.1071326647360489,0.3735649705445421
TGFB2,TGFB2,plasma,protein,D,0.2067003489788021,0.5116900855954765
TGFBI,TGFBI,plasma,protein,D,0.077279726675809,0.27916673552102667
TGFBR1,TGFBR1,plasma,protein,D,0.433968499244919,0.5049332542706942
TGFBR2,TGFBR2,plasma,protein,D,0.0270544297769398,0.2439495655516434
TGFBR3,TGFBR3,plasma,protein,D,0.2146397113555876,0.2219647139741069
TGM2,TGM2,plasma,protein,D,0.513949269705472,0.5897971936414439
TGOLN2,TGOLN2,plasma,protein,D,0.0191331103266142,0.1996555280318779
THAP12,THAP12,plasma,protein,D,0.0855969148721567,0.8429855900392857
THBD,THBD,plasma,protein,D,0.1379894428640214,0.2361149946601925
THBS2,THBS2,plasma,protein,D,0.0931087036057706,0.48807234277902756
THBS4,THBS4,plasma,protein,D,-0.0345064237738046,0.46883798078526934
THOP1,THOP1,plasma,protein,D,0.2001573203124544,0.33753542642458323
THPO,THPO,plasma,protein,D,0.1150040107841868,0.2996470901334079
THRAP3,THRAP3,plasma,protein,D,0.021572330333734,0.3932442306003514
THSD1,THSD1,plasma,protein,D,-0.0179141911585081,0.48059690187476606
THTPA,THTPA,plasma,protein,D,0.4328747186023886,0.7104992562131711
THY1,THY1,plasma,protein,D,0.1195579638899498,0.21193693880071648
TIA1,TIA1,plasma,protein,D,0.0311173575589567,0.47846965908918526
TIE1,TIE1,plasma,protein,D,-0.0780593888928203,0.29400370733691605
TIGAR,TIGAR,plasma,protein,D,-0.0944725885187229,0.534060109523648
TIGIT,TIGIT,plasma,protein,D,0.0619740677715398,0.5047025324768106
TIMD4,TIMD4,plasma,protein,D,-0.2231387507145542,0.3634402804430717
TIMM10,TIMM10,plasma,protein,D,0.0277394519850633,0.1372550444867123
TIMM8A,TIMM8A,plasma,protein,D,0.0327194085591521,0.2051603931416501
TIMP1,TIMP1,plasma,protein,D,0.1102790845228499,0.20410477278505612
TIMP2,TIMP2,plasma,protein,D,0.4842215102510401,0.3072143322066681
TIMP3,TIMP3,plasma,protein,D,0.6983410443779421,0.7256179870182462
TIMP4,TIMP4,plasma,protein,D,-0.0179101790898541,0.3863995863139885
TINAGL1,TINAGL1,plasma,protein,D,0.5426104224306125,0.3838896587142001
TJAP1,TJAP1,plasma,protein,D,0.1381403809214025,0.4237702564604945
TJP3,TJP3,plasma,protein,D,-0.0319561909158225,0.514836678803586
TK1,TK1,plasma,protein,D,0.2315373546590129,0.5797106047992437
TLR1,TLR1,plasma,protein,D,0.1169222483300434,0.3455452175054796
TLR2,TLR2,plasma,protein,D,-0.0782956763426659,0.6864992904001105
TLR3,TLR3,plasma,protein,D,0.4951411585726414,0.4847438004889696
TLR4,TLR4,plasma,protein,D,-0.1203615175492041,0.3479370484535395
TMCO5A,TMCO5A,plasma,protein,D,0.0280504035988263,0.7005030548191651
TMED1,TMED1,plasma,protein,D,0.0730343587524152,0.5894365514712431
TMED10,TMED10,plasma,protein,D,0.0716037658013656,0.5793624952141769
TMED4,TMED4,plasma,protein,D,-0.0320780087713351,0.4927456568008265
TMED8,TMED8,plasma,protein,D,0.3643120346430722,0.9729158531546573
TMEM106A,TMEM106A,plasma,protein,D,0.241859019421526,0.5578977595218667
TMEM132A,TMEM132A,plasma,protein,D,0.7314412042685678,0.7088812720168163
TMEM25,TMEM25,plasma,protein,D,-0.0741225913602591,0.2922071949142961
TMOD4,TMOD4,plasma,protein,D,-0.5508728140272512,1.1001100403106019
TMPRSS11B,TMPRSS11B,plasma,protein,D,0.0604522064587665,0.6954452278630354
TMPRSS11D,TMPRSS11D,plasma,protein,D,0.2469864281616604,0.29898384083635465
TMPRSS15,TMPRSS15,plasma,protein,D,0.4307221125859042,0.5065151209569992
TMPRSS5,TMPRSS5,plasma,protein,D,-0.1101058434752346,0.3532110393905999
TMSB10,TMSB10,plasma,protein,D,0.4213031007938917,0.5707532231444308
TNF,TNF,plasma,protein,D,0.1031038690291387,0.3204840693622451
TNFAIP2,TNFAIP2,plasma,protein,D,0.1511627100850395,0.27137688081054107
TNFAIP8,TNFAIP8,plasma,protein,D,-0.0011909220399984,0.5625576250988733
TNFAIP8L2,TNFAIP8L2,plasma,protein,D,0.0126911345454757,0.4074492351597167
TNFRSF10A,TNFRSF10A,plasma,protein,D,0.2674285352358936,0.2601372410850785
TNFRSF10B,TNFRSF10B,plasma,protein,D,0.3401083274200313,0.2853214366166925
TNFRSF10C,TNFRSF10C,plasma,protein,D,-0.0367052912731334,0.38303754005932883
TNFRSF11A,TNFRSF11A,plasma,protein,D,0.4776675972819692,0.3795322135426763
TNFRSF11B,TNFRSF11B,plasma,protein,D,0.580480687262068,0.4720733055793489
TNFRSF12A,TNFRSF12A,plasma,protein,D,0.5824323266810273,0.2702422124147228
TNFRSF13B,TNFRSF13B,plasma,protein,D,0.0163475993432839,0.2578974617952643
TNFRSF13C,TNFRSF13C,plasma,protein,D,-0.0114633723339941,0.3933629499457284
TNFRSF14,TNFRSF14,plasma,protein,D,0.1720302528344492,0.1864094284215164
TNFRSF17,TNFRSF17,plasma,protein,D,-0.1141450692442439,0.29191739076381573
TNFRSF19,TNFRSF19,plasma,protein,D,0.2281383223121974,0.3153962008462363
TNFRSF1A,TNFRSF1A,plasma,protein,D,0.2053874681534226,0.2117074374159958
TNFRSF1B,TNFRSF1B,plasma,protein,D,0.0744758349933259,0.21218806383645594
TNFRSF21,TNFRSF21,plasma,protein,D,0.0928043593631406,0.2888008034512394
TNFRSF4,TNFRSF4,plasma,protein,D,-0.054505808836622,0.2549016982598725
TNFRSF6B,TNFRSF6B,plasma,protein,D,0.2998267567657217,0.36902916327757085
TNFRSF8,TNFRSF8,plasma,protein,D,-0.3056273842354527,0.2925924435057085
TNFRSF9,TNFRSF9,plasma,protein,D,0.0877317781817361,0.2275247362747711
TNFSF10,TNFSF10,plasma,protein,D,0.0022890953396182,0.235155457106146
TNFSF11,TNFSF11,plasma,protein,D,-0.3416958439199696,0.3403004601563669
TNFSF12,TNFSF12,plasma,protein,D,-0.2513696176861832,0.2760813880682207
TNFSF13,TNFSF13,plasma,protein,D,0.2813279872549049,0.26091706573447787
TNFSF13B,TNFSF13B,plasma,protein,D,-0.062803098015458,0.2144213025775614
TNFSF14,TNFSF14,plasma,protein,D,0.0761898576743382,0.35649235972194404
TNFSF9,TNFSF9,plasma,protein,D,-0.0425206922757947,0.46141876937290077
TNIP1,TNIP1,plasma,protein,D,0.1897347904987003,0.8757326407942192
TNN,TNN,plasma,protein,D,0.0769825883481551,0.2648208035950202
TNR,TNR,plasma,protein,D,0.0421726500898076,0.3414408475645115
TNXB,TNXB,plasma,protein,D,-0.1187227134163927,0.2666084984895467
TOM1L2,TOM1L2,plasma,protein,D,0.130635549221613,1.1011348289712217
TOMM20,TOMM20,plasma,protein,D,0.1887675498958723,0.3441192907390168
TOP1,TOP1,plasma,protein,D,0.0981212511821224,0.9914588966320383
TOP1MT,TOP1MT,plasma,protein,D,-0.3600313295199311,1.0419264292895576
TOP2B,TOP2B,plasma,protein,D,0.3459569629148928,0.5908398847612768
TOR1AIP1,TOR1AIP1,plasma,protein,D,0.1305077078439341,0.47419009389248556
TP53,TP53,plasma,protein,D,0.1489647346171125,0.5066979172778413
TP53BP1,TP53BP1,plasma,protein,D,0.2526800190859649,0.5941715280644622
TP53I3,TP53I3,plasma,protein,D,0.3027344472312,0.423933111365283
TP53INP1,TP53INP1,plasma,protein,D,0.0154821510053658,0.1854498443182194
TP73,TP73,plasma,protein,D,-0.0568158808657106,0.7428988725160126
TPBGL,TPBGL,plasma,protein,D,-0.1059947046609639,0.3912053095003112
TPD52L2,TPD52L2,plasma,protein,D,0.347948736727722,0.9838052506132864
TPK1,TPK1,plasma,protein,D,0.0858615462895497,0.228645814087467
TPM3,TPM3,plasma,protein,D,0.1960800550445078,0.5262117214733579
TPMT,TPMT,plasma,protein,D,0.0909189917598867,0.4714203772376137
TPP1,TPP1,plasma,protein,D,0.980791544434185,0.36602485077258495
TPPP2,TPPP2,plasma,protein,D,-0.1178785658124644,1.0293989757480426
TPPP3,TPPP3,plasma,protein,D,0.2323431050482871,0.507412175699193
TPR,TPR,plasma,protein,D,0.4416588706179519,0.4409214177417649
TPRKB,TPRKB,plasma,protein,D,-0.1945191809811446,0.6811550540050089
TPSAB1,TPSAB1,plasma,protein,D,-0.1088622719545646,0.3569304710174489
TPSD1,TPSD1,plasma,protein,D,-0.0878394763940663,0.39480205031169563
TPSG1,TPSG1,plasma,protein,D,0.0220159937388444,0.5543299048886886
TPT1,TPT1,plasma,protein,D,-0.0171362531792984,0.7159645569993156
TRAF2,TRAF2,plasma,protein,D,0.2495876776666078,0.5680144310046319
TRAF3,TRAF3,plasma,protein,D,0.142971518454311,0.2551045252708744
TRAF3IP2,TRAF3IP2,plasma,protein,D,-0.0902919715974248,0.5019354674236105
TRDMT1,TRDMT1,plasma,protein,D,0.1272296716982697,0.8560849750694955
TREH,TREH,plasma,protein,D,0.6254995482749706,0.6566872790245208
TREM2,TREM2,plasma,protein,D,0.2837278497900858,0.381463529329941
TREML1,TREML1,plasma,protein,D,0.1374173754444955,0.6514712558941992
TREML2,TREML2,plasma,protein,D,0.3505950462386848,0.5004943022668893
TRIAP1,TRIAP1,plasma,protein,D,0.1200025035963247,0.2784712118721781
TRIM21,TRIM21,plasma,protein,D,0.3984453608225996,0.4829858564491448
TRIM24,TRIM24,plasma,protein,D,0.2243800921347711,0.5113288153006345
TRIM25,TRIM25,plasma,protein,D,0.4799159522822832,1.1159980499754316
TRIM26,TRIM26,plasma,protein,D,0.0090452728820446,0.5916855400482746
TRIM40,TRIM40,plasma,protein,D,0.0313174833444889,0.8574181614040721
TRIM5,TRIM5,plasma,protein,D,0.3045749149848128,0.7066410401410989
TRIM58,TRIM58,plasma,protein,D,0.3005712082620901,0.927180408441431
TRPV3,TRPV3,plasma,protein,D,0.0676159220190962,0.5830833469249322
TSC22D1,TSC22D1,plasma,protein,D,0.0987970566688383,0.3862343831633317
TSHB,TSHB,plasma,protein,D,0.1341556707846104,0.498985367895194
TSLP,TSLP,plasma,protein,D,-0.0819359371172055,0.4987314871246454
TSPAN1,TSPAN1,plasma,protein,D,0.049594760017958,0.2051442057097741
TSPAN15,TSPAN15,plasma,protein,D,-0.0042663405728856,0.46941565098451277
TSPAN7,TSPAN7,plasma,protein,D,0.0199863887025043,0.546810220810743
TSPAN8,TSPAN8,plasma,protein,D,-0.3750976089433351,0.5812703563598615
TSPYL1,TSPYL1,plasma,protein,D,0.1771076831327288,0.3205211107678555
TST,TST,plasma,protein,D,-0.0165317028769993,0.2563117287220875
TTF2,TTF2,plasma,protein,D,0.1403798617077593,0.7355853364826349
TTN,TTN,plasma,protein,D,0.2607958400324147,0.5155244985289419
TTR,TTR,plasma,protein,D,-0.0592395999645836,0.2818450938307678
TUBB3,TUBB3,plasma,protein,D,0.1092974340823197,0.283128915448949
TWF2,TWF2,plasma,protein,D,0.1627161374402196,0.5774995943842436
TXK,TXK,plasma,protein,D,0.004438990428053,0.5426831144894226
TXLNA,TXLNA,plasma,protein,D,0.4678047065007307,0.8311871771668677
TXN,TXN,plasma,protein,D,0.2456326831369209,0.39362548317831136
TXNDC15,TXNDC15,plasma,protein,D,0.2277645446784207,0.2449088421258603
TXNDC5,TXNDC5,plasma,protein,D,0.2086021082026323,0.30182623714834983
TXNDC9,TXNDC9,plasma,protein,D,0.0802244678207512,0.29499060238929947
TXNL1,TXNL1,plasma,protein,D,-0.0009219970390467,0.6827907525373058
TXNRD1,TXNRD1,plasma,protein,D,0.3271046720488346,0.3763350338567276
TYMP,TYMP,plasma,protein,D,0.1940267507592296,0.3447786220389082
TYRO3,TYRO3,plasma,protein,D,-0.0909725260376851,0.20966612569711
TYRP1,TYRP1,plasma,protein,D,0.2304648909021584,0.4048920816313103
UBAC1,UBAC1,plasma,protein,D,0.3084011875656761,0.38805379273565677
UBE2B,UBE2B,plasma,protein,D,0.2720441364275092,0.42026491648362635
UBE2L6,UBE2L6,plasma,protein,D,0.4508506039399762,0.6185662781752461
UBE2Z,UBE2Z,plasma,protein,D,0.0446117952790656,0.5612337857122114
UBQLN3,UBQLN3,plasma,protein,D,-0.0631797520473714,0.5890699469911189
UBXN1,UBXN1,plasma,protein,D,0.2153951555184776,0.6308023012154858
UFD1,UFD1,plasma,protein,D,0.6386915314847141,1.3602021699499665
UGDH,UGDH,plasma,protein,D,-0.0702769142389743,0.5513693025731952
UHRF2,UHRF2,plasma,protein,D,0.0406619071716157,0.4915374918430898
ULBP2,ULBP2,plasma,protein,D,0.184414558089657,0.20926264490720908
UMOD,UMOD,plasma,protein,D,-0.4375372283665991,0.39235717636709083
UNC5D,UNC5D,plasma,protein,D,-0.1056134279921659,0.2237526332470579
UNC79,UNC79,plasma,protein,D,-0.2496946128085256,0.7998315974286073
UNG,UNG,plasma,protein,D,0.1200183909746841,0.3688938636079083
UPB1,UPB1,plasma,protein,D,0.3233193007778059,0.8596359957656576
UPK3A,UPK3A,plasma,protein,D,0.0046417876702839,0.3995942491716511
UPK3BL1,UPK3BL1,plasma,protein,D,0.0147649402419104,0.829215090054881
UROD,UROD,plasma,protein,D,0.2336201017938015,0.6850490357138495
USO1,USO1,plasma,protein,D,0.4920230450777009,0.9398884389390566
USP25,USP25,plasma,protein,D,0.3264174391941708,0.76346777338478
USP28,USP28,plasma,protein,D,0.1805544735117018,0.22862149724268008
USP47,USP47,plasma,protein,D,0.2252175730190634,0.8374478404688191
USP8,USP8,plasma,protein,D,0.1634391699385166,0.7243991112441485
VAMP5,VAMP5,plasma,protein,D,0.041084505504918,0.45830700898046633
VAMP8,VAMP8,plasma,protein,D,0.1690630580117905,0.7144431787505907
VASH1,VASH1,plasma,protein,D,0.0409986372568383,0.38388120691631017
VASN,VASN,plasma,protein,D,-0.2581303138440721,0.1873939754712837
VASP,VASP,plasma,protein,D,0.2010709257752346,0.5659999833553166
VAT1,VAT1,plasma,protein,D,0.0323211241862295,0.1808774610165263
VAV3,VAV3,plasma,protein,D,0.254629026292655,0.9169010254131287
VCAM1,VCAM1,plasma,protein,D,0.0434991515178477,0.26280979987736536
VCAN,VCAN,plasma,protein,D,0.2292785485814144,0.37506481549921256
VCPKMT,VCPKMT,plasma,protein,D,-0.0953837510546959,0.8287356717026277
VEGFA,VEGFA,plasma,protein,D,0.1522109601250568,0.18367171814280547
VEGFB,VEGFB,plasma,protein,D,-0.0144391384484847,0.264947406184892
VEGFC,VEGFC,plasma,protein,D,-0.0307917369673068,0.3839483599351337
VEGFD,VEGFD,plasma,protein,D,-0.1995052354390862,0.524711648402757
VGF,VGF,plasma,protein,D,0.3416627672097685,0.39492430717126714
VIM,VIM,plasma,protein,D,0.2778266045143353,0.5111325252143761
VIPR1,VIPR1,plasma,protein,D,0.0004427226374396,0.2576340241276195
VIT,VIT,plasma,protein,D,0.0202347567949404,0.35708582024369917
VMO1,VMO1,plasma,protein,D,0.5659324874806394,0.42338996739011914
VNN1,VNN1,plasma,protein,D,0.1647129688480837,0.5366702045384483
VNN2,VNN2,plasma,protein,D,0.1303440750306213,0.2990433430534665
VPS28,VPS28,plasma,protein,D,0.0993167010075552,0.4053639368861118
VPS37A,VPS37A,plasma,protein,D,0.243032775152891,0.5801251308601266
VPS4B,VPS4B,plasma,protein,D,0.2561816950032879,0.8136317989562851
VPS53,VPS53,plasma,protein,D,0.0466646735972297,0.367001165281256
VSIG10,VSIG10,plasma,protein,D,0.0318413563825471,0.37410717375767477
VSIG10L,VSIG10L,plasma,protein,D,0.1411390234678128,0.4311551023991682
VSIG2,VSIG2,plasma,protein,D,0.1048810813164924,0.4836602706925228
VSIG4,VSIG4,plasma,protein,D,0.3076650330821802,0.317695879815102
VSIR,VSIR,plasma,protein,D,0.3791634873987772,0.2647681383120088
VSNL1,VSNL1,plasma,protein,D,-0.2515521515158232,0.33354564164790146
VSTM1,VSTM1,plasma,protein,D,-0.032555039134598,0.4890827609464665
VSTM2B,VSTM2B,plasma,protein,D,-0.0184457301030208,0.3627467381073994
VSTM2L,VSTM2L,plasma,protein,D,-0.0335960839025822,0.3599165454182288
VTA1,VTA1,plasma,protein,D,0.2496710328238077,0.7662417357595688
VTCN1,VTCN1,plasma,protein,D,0.564720717002243,0.4298828248793266
VTI1A,VTI1A,plasma,protein,D,-0.0033850590761661,0.2026606324129582
VWA1,VWA1,plasma,protein,D,0.6210336289346232,0.2775811772823208
VWA5A,VWA5A,plasma,protein,D,-0.1629083152398245,1.2714475634056226
VWC2,VWC2,plasma,protein,D,-0.0810925925405745,0.3179833934437849
VWC2L,VWC2L,plasma,protein,D,0.0184624631649509,0.24799053547960068
VWF,VWF,plasma,protein,D,0.6640784350981437,0.6774550457333368
WARS1,WARS1,plasma,protein,D,0.0238057276457883,0.3724359339887993
WAS,WAS,plasma,protein,D,0.0278448081596775,0.8060256405857179
WASF1,WASF1,plasma,protein,D,-0.0036356849550705,0.6045477575423834
WASF3,WASF3,plasma,protein,D,-0.0270464309500924,0.8233264144249245
WASHC3,WASHC3,plasma,protein,D,0.2277458883322264,0.3952367616261613
WDR46,WDR46,plasma,protein,D,0.0937803572306238,0.44127828690593596
WFDC1,WFDC1,plasma,protein,D,0.1767169116948851,0.3264160726871796
WFDC12,WFDC12,plasma,protein,D,0.2811288614007904,0.4184648295475153
WFDC2,WFDC2,plasma,protein,D,0.3952584681198207,0.3714849810071845
WFIKKN1,WFIKKN1,plasma,protein,D,0.0258348673754855,0.277489832024981
WFIKKN2,WFIKKN2,plasma,protein,D,-0.0371338285521564,0.3506124913102358
WIF1,WIF1,plasma,protein,D,0.0900391585055386,0.2688912227590659
WNT9A,WNT9A,plasma,protein,D,0.0285178680071814,0.2747852378189922
WWP2,WWP2,plasma,protein,D,0.2579103129079469,0.4043192062855875
XCL1,XCL1,plasma,protein,D,0.0805326845491883,0.34167736145172356
XG,XG,plasma,protein,D,0.0140321164551518,0.284878424959124
XIAP,XIAP,plasma,protein,D,0.2132099325884755,0.3800063712216111
XPNPEP2,XPNPEP2,plasma,protein,D,0.2477422748471106,0.664892406913167
XRCC4,XRCC4,plasma,protein,D,0.0691413670210178,0.3195853133201846
YARS1,YARS1,plasma,protein,D,0.8577645323305034,2.0316236259752607
YES1,YES1,plasma,protein,D,0.2230847860774575,0.7121871780261597
YJU2,YJU2,plasma,protein,D,0.1303987968152123,0.3516916680322971
YOD1,YOD1,plasma,protein,D,0.4723185628786494,0.8498578916375535
YTHDF3,YTHDF3,plasma,protein,D,0.1450696018306507,0.6786125010912252
YWHAQ,YWHAQ,plasma,protein,D,0.1293996599472583,0.30460456369026834
YY1,YY1,plasma,protein,D,0.0086092444705975,0.6350411884678432
ZBP1,ZBP1,plasma,protein,D,0.1981348533793023,0.3345952333291306
ZBTB16,ZBTB16,plasma,protein,D,0.1730106409555998,0.5252519823796298
ZBTB17,ZBTB17,plasma,protein,D,0.1203914834120003,0.3577485356589838
ZCCHC8,ZCCHC8,plasma,protein,D,0.020563678142011,0.6405915548222473
ZFYVE19,ZFYVE19,plasma,protein,D,0.3455020893246081,0.8000374710335583
ZHX2,ZHX2,plasma,protein,D,0.0762164213438984,0.1780852520095122
ZNF75D,ZNF75D,plasma,protein,D,-0.0285764522892521,0.8736438706866269
ZNF830,ZNF830,plasma,protein,D,-0.0221353443484101,0.4322574333104519
ZNRD2,ZNRD2,plasma,protein,D,0.1253114943872822,0.8537128683491447
ZNRF4,ZNRF4,plasma,protein,D,0.0801679700601344,0.4642379814096632
ZP3,ZP3,plasma,protein,D,0.4446544702508394,0.8991624430234784
ZP4,ZP4,plasma,protein,D,0.0793501251102715,0.964781519153975
ZPR1,ZPR1,plasma,protein,D,0.0149793854454874,0.546777270782876
