,analyte_ID,tissue,datatype,timepoint,control_median,control_MAD
A1BG,A1BG,plasma,protein,A,-0.1955180372719276,0.1796518193279164
AAMDC,AAMDC,plasma,protein,A,-0.1004054561140152,0.2545330015935966
AARSD1,AARSD1,plasma,protein,A,-0.2220523379988392,0.5085984346751737
ABCA2,ABCA2,plasma,protein,A,-0.0907078724461562,0.4971166389184995
ABHD14B,ABHD14B,plasma,protein,A,-0.0882706017466516,0.4128181342765239
ABL1,ABL1,plasma,protein,A,-0.2933627347646319,0.3577834543842666
ABO,ABO,plasma,protein,A,0.2488967386084579,1.251739722904252
ABRAXAS2,ABRAXAS2,plasma,protein,A,-0.1361393569534861,0.7537462836676845
ACAA1,ACAA1,plasma,protein,A,-0.0587161435743939,0.8650639639295583
ACADM,ACADM,plasma,protein,A,0.0162971225026141,0.6357221750316222
ACADSB,ACADSB,plasma,protein,A,-0.0672004148863515,0.6866508166090924
ACAN,ACAN,plasma,protein,A,0.0605804183542842,0.22665130234566092
ACE,ACE,plasma,protein,A,-8.875619728381315e-05,0.20900374994888551
ACE2,ACE2,plasma,protein,A,-0.2755878442406737,0.28704494721354296
ACHE,ACHE,plasma,protein,A,0.0564433309646366,0.2352745939628341
ACOT13,ACOT13,plasma,protein,A,-0.1886915651299585,0.9914380227995501
ACOX1,ACOX1,plasma,protein,A,-0.0188404086940609,0.4172844180838143
ACP1,ACP1,plasma,protein,A,-0.0116523597674961,0.6142317711871564
ACP5,ACP5,plasma,protein,A,0.0477718883487511,0.34743765756097456
ACP6,ACP6,plasma,protein,A,-0.2235375599512657,0.4302335049525976
ACRBP,ACRBP,plasma,protein,A,-0.0969914834307353,0.26662586655165066
ACRV1,ACRV1,plasma,protein,A,-0.163090768398381,0.39491944537242385
ACTA2,ACTA2,plasma,protein,A,-0.3536666931102332,0.19025562441640226
ACTN2,ACTN2,plasma,protein,A,-0.2150972755092157,0.4434332273843805
ACTN4,ACTN4,plasma,protein,A,-0.0564972953777581,0.3537640969861654
ACVRL1,ACVRL1,plasma,protein,A,-0.4107249088756415,0.1777272698263612
ACY1,ACY1,plasma,protein,A,-0.2719911407182827,0.4520333768948902
ACY3,ACY3,plasma,protein,A,-0.1223137054850441,0.3590369778125474
ACYP1,ACYP1,plasma,protein,A,-0.0234445003589151,0.4885278021038641
ADA,ADA,plasma,protein,A,0.0004234148984784,0.2983456268054223
ADA2,ADA2,plasma,protein,A,-0.0406070835268406,0.3012167115677827
ADAM12,ADAM12,plasma,protein,A,-0.2357664814231748,0.2053024110725432
ADAM15,ADAM15,plasma,protein,A,-0.2033114519002,0.2569017881916358
ADAM22,ADAM22,plasma,protein,A,0.0244268158095985,0.2838092627651791
ADAM23,ADAM23,plasma,protein,A,0.0901348793495121,0.2929654535035676
ADAM8,ADAM8,plasma,protein,A,0.0977536619777497,0.276269323724903
ADAM9,ADAM9,plasma,protein,A,-0.0860743140518443,0.21818914324624072
ADAMTS1,ADAMTS1,plasma,protein,A,-0.1192877355426289,0.3052274956460405
ADAMTS13,ADAMTS13,plasma,protein,A,0.1070706711314814,0.2984051927794263
ADAMTS15,ADAMTS15,plasma,protein,A,0.1187833425397498,0.3084314747295198
ADAMTS4,ADAMTS4,plasma,protein,A,-0.1565283856749001,0.3708304641996407
ADAMTS8,ADAMTS8,plasma,protein,A,0.0087828907242323,0.3678525120946402
ADAMTSL2,ADAMTSL2,plasma,protein,A,-0.1777743076550127,0.29622224368523453
ADAMTSL4,ADAMTSL4,plasma,protein,A,-0.2757834951123921,0.2216570500920661
ADAMTSL5,ADAMTSL5,plasma,protein,A,-0.4401332424099837,0.30538699934460833
ADCYAP1R1,ADCYAP1R1,plasma,protein,A,0.0571112195479926,0.2816981558728282
ADD1,ADD1,plasma,protein,A,0.0179990542862015,0.5055840049705141
ADGRB3,ADGRB3,plasma,protein,A,0.155940366855706,0.2855997123267342
ADGRD1,ADGRD1,plasma,protein,A,-0.2056189398136014,0.2831760457482731
ADGRE1,ADGRE1,plasma,protein,A,-0.2412375703049374,0.4940314293124587
ADGRE2,ADGRE2,plasma,protein,A,-0.211935917264845,0.23192387201549752
ADGRE5,ADGRE5,plasma,protein,A,-0.2340130159461046,0.2500953754170302
ADGRF5,ADGRF5,plasma,protein,A,-0.300927231163591,0.2533801842056902
ADGRG1,ADGRG1,plasma,protein,A,-0.2161999280139553,0.25290557010163806
ADGRG2,ADGRG2,plasma,protein,A,-0.1289176527926955,0.22326610554706158
ADGRV1,ADGRV1,plasma,protein,A,0.0755368248073408,0.849686135370046
ADH1B,ADH1B,plasma,protein,A,0.0066822528621254,0.6463150164757059
ADH4,ADH4,plasma,protein,A,-0.3665308773718232,0.8044064750567761
ADM,ADM,plasma,protein,A,-0.5987736343834306,0.2251040490977264
ADRA2A,ADRA2A,plasma,protein,A,0.1571239754489817,0.6475181175389371
AFAP1,AFAP1,plasma,protein,A,-0.0794508292665082,0.8321246506018425
AFM,AFM,plasma,protein,A,-0.2995394852673879,0.239955335760135
AFP,AFP,plasma,protein,A,-1.738150475911644,0.6186380051930382
AGER,AGER,plasma,protein,A,0.1021765050227068,0.3024754487618211
AGR2,AGR2,plasma,protein,A,0.1272659263572781,0.8429741472876975
AGR3,AGR3,plasma,protein,A,-0.8658309000720619,0.8681295537700958
AGRN,AGRN,plasma,protein,A,-0.0624666336446165,0.2755326857404663
AGRP,AGRP,plasma,protein,A,-0.2959586036644965,0.4158289596478517
AGT,AGT,plasma,protein,A,0.1280041460794312,0.18167857656126118
AGXT,AGXT,plasma,protein,A,-0.255109999266835,0.7174552228946158
AHCY,AHCY,plasma,protein,A,-0.4631850206724158,0.538864597561051
AHNAK,AHNAK,plasma,protein,A,-0.1044942002900927,0.3181584249850653
AHNAK2,AHNAK2,plasma,protein,A,-0.1606359509039344,0.21656116132411
AHSA1,AHSA1,plasma,protein,A,-0.0239242326974478,0.5022313178486205
AHSG,AHSG,plasma,protein,A,-0.1585913524673842,0.2113511311601327
AHSP,AHSP,plasma,protein,A,0.1888152168638563,0.63090913370442
AIDA,AIDA,plasma,protein,A,0.1014373946500739,0.9244354717182701
AIF1,AIF1,plasma,protein,A,-0.0804378530866571,0.5229675682046625
AIF1L,AIF1L,plasma,protein,A,0.1009946662188219,0.3842306225488123
AIFM1,AIFM1,plasma,protein,A,-0.2417073335991459,0.7655440560260459
AK1,AK1,plasma,protein,A,-0.1704766939039234,0.6131840645422717
AK2,AK2,plasma,protein,A,-0.316719957640473,0.9102840242625706
AKAP12,AKAP12,plasma,protein,A,0.071769522348418,0.24506417100470262
AKR1B1,AKR1B1,plasma,protein,A,-0.3441488755655064,0.6627414306251782
AKR1B10,AKR1B10,plasma,protein,A,-0.0432527520547083,0.9227767862979892
AKR1C4,AKR1C4,plasma,protein,A,-0.057878188537357,0.5100181106024156
AKR7L,AKR7L,plasma,protein,A,-0.3258819343291505,0.6268613246485153
AKT1S1,AKT1S1,plasma,protein,A,-0.229775738757257,0.5183246282094571
AKT2,AKT2,plasma,protein,A,-0.1649960209060266,0.8338132831009821
AKT3,AKT3,plasma,protein,A,-0.1714071175174019,0.6120742975081491
ALCAM,ALCAM,plasma,protein,A,-0.079448806896101,0.1688202986439165
ALDH1A1,ALDH1A1,plasma,protein,A,0.007267471740827,0.4554233267402859
ALDH2,ALDH2,plasma,protein,A,-0.0635644554482518,0.4347513129663369
ALDH3A1,ALDH3A1,plasma,protein,A,-0.0009026340891395,0.44378658011340544
ALDH5A1,ALDH5A1,plasma,protein,A,-0.0063359453256102,0.4833842070440933
ALMS1,ALMS1,plasma,protein,A,-0.0056237697594688,0.7496856064538397
ALPI,ALPI,plasma,protein,A,-1.03356648739374,1.0102982272248253
ALPP,ALPP,plasma,protein,A,-3.646616353384773,0.9753373762735364
AMBN,AMBN,plasma,protein,A,-0.2565988091025176,0.20019491433032122
AMBP,AMBP,plasma,protein,A,0.0434478998576641,0.0919504262154274
AMDHD2,AMDHD2,plasma,protein,A,-0.0079605819772706,0.3515771502318158
AMFR,AMFR,plasma,protein,A,-0.0586893786475188,0.2281419829798507
AMIGO1,AMIGO1,plasma,protein,A,0.0191684614105843,0.4734350238998062
AMIGO2,AMIGO2,plasma,protein,A,0.0614051238244762,0.14164764511531008
AMN,AMN,plasma,protein,A,0.0393170905506633,0.4766110871772521
AMOT,AMOT,plasma,protein,A,-0.392626259491513,0.36648322551199547
AMOTL2,AMOTL2,plasma,protein,A,-0.1179366507438366,0.186993230499975
AMPD3,AMPD3,plasma,protein,A,-0.032716152030726,0.4809046571569707
AMY1A_AMY1B_AMY1C,AMY1A_AMY1B_AMY1C,plasma,protein,A,-0.0385047726283326,0.28927524312752007
AMY2A,AMY2A,plasma,protein,A,-0.0262227638112778,0.3179057007430095
AMY2B,AMY2B,plasma,protein,A,-0.0858515141733883,0.3242052357053501
ANG,ANG,plasma,protein,A,-0.1653282504735872,0.270658365251437
ANGPT1,ANGPT1,plasma,protein,A,0.0070445587549473,0.7148123352689202
ANGPT2,ANGPT2,plasma,protein,A,0.3611021199086427,0.13254715507399328
ANGPTL1,ANGPTL1,plasma,protein,A,-0.3512419443166815,0.2699877471071926
ANGPTL2,ANGPTL2,plasma,protein,A,-0.2009621960681624,0.23833613351242428
ANGPTL3,ANGPTL3,plasma,protein,A,-0.1021840642790937,0.3226816891208874
ANGPTL4,ANGPTL4,plasma,protein,A,-0.6517165082783906,0.23350087728893087
ANK2,ANK2,plasma,protein,A,0.101159594244027,0.642812182210667
ANKMY2,ANKMY2,plasma,protein,A,-0.3677458323335972,0.8985758847971184
ANKRA2,ANKRA2,plasma,protein,A,-0.1624761452051335,0.6805940648156308
ANKRD54,ANKRD54,plasma,protein,A,-0.0420934958183582,0.5234591520983104
ANP32C,ANP32C,plasma,protein,A,-0.0125503982419548,0.27129584615228003
ANPEP,ANPEP,plasma,protein,A,0.0767465641446359,0.19893304155249641
ANXA1,ANXA1,plasma,protein,A,-0.170842840141891,0.1548960010567727
ANXA10,ANXA10,plasma,protein,A,-0.0030353780490481,0.7019475571351886
ANXA11,ANXA11,plasma,protein,A,-0.1146549394112149,0.23352584216516498
ANXA2,ANXA2,plasma,protein,A,-0.1020734390627677,0.41455460453056425
ANXA3,ANXA3,plasma,protein,A,-0.2834143014471135,0.4582632887794907
ANXA4,ANXA4,plasma,protein,A,-0.2596214764282368,0.35913887729070665
ANXA5,ANXA5,plasma,protein,A,-0.0666254727375902,0.39287904503574167
AOC1,AOC1,plasma,protein,A,-0.2506917857789548,0.37276905536383
AOC3,AOC3,plasma,protein,A,0.1625159407571111,0.22446158344640751
AP1G2,AP1G2,plasma,protein,A,-0.436228593415442,0.580696879455807
AP2B1,AP2B1,plasma,protein,A,-0.0288734546678629,0.7689016978860208
AP3B1,AP3B1,plasma,protein,A,-0.1522193151308948,0.4237513518805457
AP3S2,AP3S2,plasma,protein,A,-0.108115151134529,0.2794402382910657
APBB1IP,APBB1IP,plasma,protein,A,-0.2020510564023094,0.28154231328082435
APCS,APCS,plasma,protein,A,-0.2097783791627755,0.286902894734996
APEX1,APEX1,plasma,protein,A,-0.3562779484756553,0.429163151059484
APLP1,APLP1,plasma,protein,A,0.1519169076947228,0.4681394370588202
APOA1,APOA1,plasma,protein,A,-0.076313624792418,0.1540649188838327
APOA2,APOA2,plasma,protein,A,-0.7406839034171997,0.4893500524468138
APOA4,APOA4,plasma,protein,A,-0.0735179196931193,0.2410386474670477
APOB,APOB,plasma,protein,A,-0.1159738262391068,0.3076306711093056
APOBR,APOBR,plasma,protein,A,-0.1278382506339035,0.2656806511432017
APOC1,APOC1,plasma,protein,A,-0.1575221523933529,0.2902895703026467
APOD,APOD,plasma,protein,A,0.244276119497295,0.3399710527610171
APOE,APOE,plasma,protein,A,-0.0785798438288805,0.2571161589405654
APOF,APOF,plasma,protein,A,-0.0091819900522335,0.1358968545982582
APOH,APOH,plasma,protein,A,0.0886789795210736,0.40639710248094
APOL1,APOL1,plasma,protein,A,-0.7031704159184491,0.45747790252087217
APOM,APOM,plasma,protein,A,-0.1391811257917313,0.2796600501754693
APP,APP,plasma,protein,A,-0.0493855863774869,0.2328444992339807
APPL2,APPL2,plasma,protein,A,-0.3512929194979201,0.9471976898315357
APRT,APRT,plasma,protein,A,-0.2535547637173722,0.563305332822332
ARAF,ARAF,plasma,protein,A,-0.1121937173947425,0.5283221709290536
AREG,AREG,plasma,protein,A,-0.2248124644406661,0.44702708672409525
ARF6,ARF6,plasma,protein,A,-0.2954527288251194,0.702665646399431
ARFIP1,ARFIP1,plasma,protein,A,-0.1514232843549151,0.6827497389779134
ARG1,ARG1,plasma,protein,A,0.1082780989677339,0.4984474635658397
ARG2,ARG2,plasma,protein,A,-0.0468157166659667,0.5730463825812451
ARHGAP1,ARHGAP1,plasma,protein,A,-0.0987362568113811,0.3096302077171361
ARHGAP25,ARHGAP25,plasma,protein,A,0.022673987348495,0.347936044987544
ARHGAP30,ARHGAP30,plasma,protein,A,-0.0252464318823968,0.2739680796385211
ARHGAP45,ARHGAP45,plasma,protein,A,-0.1456968472545392,0.5472270935171478
ARHGAP5,ARHGAP5,plasma,protein,A,-0.0767151038142449,0.7969318272177108
ARHGEF1,ARHGEF1,plasma,protein,A,-0.0538609583476382,0.669103585009218
ARHGEF10,ARHGEF10,plasma,protein,A,-0.1244736316455613,0.8994452464856659
ARHGEF12,ARHGEF12,plasma,protein,A,-0.1919671370535134,0.7132442016445046
ARHGEF5,ARHGEF5,plasma,protein,A,-0.1396054728845263,0.4256312086823987
ARID3A,ARID3A,plasma,protein,A,0.02742145567928,0.1128380465055324
ARID4B,ARID4B,plasma,protein,A,-0.0391868530119534,0.2671301582401129
ARL2BP,ARL2BP,plasma,protein,A,-0.1927423431709715,0.4575581221379501
ARMCX2,ARMCX2,plasma,protein,A,0.045079060658311,0.6680776967538815
ARNT,ARNT,plasma,protein,A,0.0150757483552524,0.6832909663634545
ARSB,ARSB,plasma,protein,A,-0.2185455340228184,0.4356811778174451
ART3,ART3,plasma,protein,A,0.0785264148453991,0.28492012796621113
ART5,ART5,plasma,protein,A,0.12526803270192,0.5141544711485058
ARTN,ARTN,plasma,protein,A,-0.882652351833312,0.37578102605792085
ASAH1,ASAH1,plasma,protein,A,-0.6074685299066963,0.3221991632147253
ASAH2,ASAH2,plasma,protein,A,-0.2008337908787145,0.2695930996085804
ASGR1,ASGR1,plasma,protein,A,-0.4350048530874212,0.317129263932641
ASGR2,ASGR2,plasma,protein,A,-0.4184454348759543,0.31964470203938883
ASPN,ASPN,plasma,protein,A,-0.1292411254247584,0.2294561315912056
ASPSCR1,ASPSCR1,plasma,protein,A,-0.2330674195830615,0.4748480708673555
ASRGL1,ASRGL1,plasma,protein,A,-0.253384596637188,0.6415245593652394
ASS1,ASS1,plasma,protein,A,0.2570692214902196,0.6225339851369888
ATF2,ATF2,plasma,protein,A,0.1263930614812822,0.5805733843245295
ATF4,ATF4,plasma,protein,A,0.0113254628526623,0.521216527168293
ATG16L1,ATG16L1,plasma,protein,A,-0.3652752727307387,0.5150913280035605
ATG4A,ATG4A,plasma,protein,A,-0.0425725432087178,0.56790788364024
ATOX1,ATOX1,plasma,protein,A,-0.4085266679746801,0.6043045980055579
ATP1B1,ATP1B1,plasma,protein,A,-0.0231785185559944,0.4295455064363138
ATP1B2,ATP1B2,plasma,protein,A,0.1545256846998346,0.5036562219951428
ATP1B3,ATP1B3,plasma,protein,A,0.0765609200371246,0.4363265595989915
ATP1B4,ATP1B4,plasma,protein,A,-0.0056742775915608,0.5319435070404894
ATP2B4,ATP2B4,plasma,protein,A,0.0138584231493872,0.46256924761015705
ATP5F1D,ATP5F1D,plasma,protein,A,0.0067598456622089,0.614457152001284
ATP5IF1,ATP5IF1,plasma,protein,A,-0.3488441423169301,0.8180580271562194
ATP5PO,ATP5PO,plasma,protein,A,0.0276756343241343,0.3588552347268189
ATP6AP2,ATP6AP2,plasma,protein,A,-0.1187529451875265,0.3488987295179742
ATP6V1D,ATP6V1D,plasma,protein,A,-0.0031872500104388,0.17571199076271582
ATP6V1F,ATP6V1F,plasma,protein,A,0.0152409162948983,0.48559182062917383
ATP6V1G1,ATP6V1G1,plasma,protein,A,-0.168326925728278,0.501842734421182
ATRAID,ATRAID,plasma,protein,A,-0.1806944313007435,0.2148320569619541
ATRN,ATRN,plasma,protein,A,-0.1184726682461139,0.1765239758011875
ATXN10,ATXN10,plasma,protein,A,-0.107758970057262,0.6740484922941405
ATXN2,ATXN2,plasma,protein,A,-0.0155796356005792,0.8529332114042717
ATXN2L,ATXN2L,plasma,protein,A,-0.013613254535859,0.3095208047529385
ATXN3,ATXN3,plasma,protein,A,-0.1487269980554661,0.5338145690007001
AXIN1,AXIN1,plasma,protein,A,-0.3573501031953534,0.6872620583941196
AXL,AXL,plasma,protein,A,-0.0008172816734494,0.2303366183192786
AZI2,AZI2,plasma,protein,A,-0.1454704618262051,0.5050269518145658
AZU1,AZU1,plasma,protein,A,0.0590768900936285,0.49093931248387146
B2M,B2M,plasma,protein,A,-0.2193430146289037,0.2570133090146155
B3GNT7,B3GNT7,plasma,protein,A,-0.0546424963072857,0.3192010273054376
B4GALT1,B4GALT1,plasma,protein,A,-0.6624806479830949,0.18383712776144945
B4GAT1,B4GAT1,plasma,protein,A,-0.1082585501720532,0.2069363868947672
BABAM1,BABAM1,plasma,protein,A,-0.0625187712403987,0.40647937336989315
BACH1,BACH1,plasma,protein,A,-0.3066900812224722,0.43789147057007183
BAG3,BAG3,plasma,protein,A,-0.3226771496729381,0.30504095310185037
BAG4,BAG4,plasma,protein,A,-0.287775237234212,0.3141085724587866
BAG6,BAG6,plasma,protein,A,-0.217164265294843,0.2353644305916813
BAIAP2,BAIAP2,plasma,protein,A,-0.2893662763612374,0.4888783442783631
BAMBI,BAMBI,plasma,protein,A,-0.1207659739823604,0.2788978030524998
BANK1,BANK1,plasma,protein,A,-0.3393463976477949,0.8107829805704332
BAP18,BAP18,plasma,protein,A,-0.0481659666026437,0.3579382614844096
BATF,BATF,plasma,protein,A,0.2051633691523036,0.6624996380675222
BAX,BAX,plasma,protein,A,-0.1061948658124547,0.49520509231963467
BCAM,BCAM,plasma,protein,A,-0.1705946322934808,0.1842404568801355
BCAN,BCAN,plasma,protein,A,-0.0050992548238954,0.2904591833111654
BCAT1,BCAT1,plasma,protein,A,-0.1110083247928264,0.27683618180968067
BCAT2,BCAT2,plasma,protein,A,0.1081174102534796,0.49436414026282577
BCHE,BCHE,plasma,protein,A,0.2861105900310794,0.18971207150168481
BCL2,BCL2,plasma,protein,A,-0.2145626749205899,0.2663345733645084
BCL2L1,BCL2L1,plasma,protein,A,-0.2394679081483088,0.8015845576736799
BCL2L15,BCL2L15,plasma,protein,A,-0.2476389524401894,0.4926883078053098
BCL7A,BCL7A,plasma,protein,A,-0.3428894575475912,1.1692311788402485
BCL7B,BCL7B,plasma,protein,A,-0.0135712395295039,0.3946585753075645
BCR,BCR,plasma,protein,A,-0.288456274000003,0.5295037412588095
BDNF,BDNF,plasma,protein,A,-0.0330314712852426,0.88926732460148
BECN1,BECN1,plasma,protein,A,-0.1805142343729081,0.4631603231477113
BEX3,BEX3,plasma,protein,A,-0.0495765225956344,0.6549488261457053
BGLAP,BGLAP,plasma,protein,A,-0.0457884050493845,0.6720157840593226
BGN,BGN,plasma,protein,A,-0.9013144298750648,0.4494783691130746
BHLHE40,BHLHE40,plasma,protein,A,-0.0993238971630193,0.8691128784309867
BHMT2,BHMT2,plasma,protein,A,0.050396018824715,0.309530205732682
BIN2,BIN2,plasma,protein,A,-0.2516713715460388,0.89220612942394
BLMH,BLMH,plasma,protein,A,-0.1026630059674714,0.23298177280277438
BLNK,BLNK,plasma,protein,A,-0.0069559146963452,0.2901405130416802
BLOC1S2,BLOC1S2,plasma,protein,A,-0.0386572469928755,0.858038319332652
BLOC1S3,BLOC1S3,plasma,protein,A,-0.1065346909703665,0.2599418629945947
BLVRB,BLVRB,plasma,protein,A,0.0196766406073717,0.38456724833020933
BMP10,BMP10,plasma,protein,A,-0.0422631142947405,0.2584517100842763
BMP4,BMP4,plasma,protein,A,-0.0118602771273094,0.26163826349651087
BMPER,BMPER,plasma,protein,A,0.0523713948971189,0.1719567842369947
BNIP2,BNIP2,plasma,protein,A,-0.0673648344805935,0.4362368769172389
BNIP3L,BNIP3L,plasma,protein,A,-0.1159586810186061,0.42422517231438484
BOC,BOC,plasma,protein,A,-0.0079403658392755,0.2097551920052927
BOLA1,BOLA1,plasma,protein,A,-0.1024394548958021,0.6253861369284163
BOLA2_BOLA2B,BOLA2_BOLA2B,plasma,protein,A,-0.0069171058277532,0.6346821066995034
BPIFA2,BPIFA2,plasma,protein,A,0.1662485987755198,0.8897341271630448
BPIFB1,BPIFB1,plasma,protein,A,0.1960005120182107,0.4586289183830766
BPIFB2,BPIFB2,plasma,protein,A,-0.5266830139731905,0.7985884656667788
BRAP,BRAP,plasma,protein,A,-0.3657209188129185,0.8797209376217647
BRD1,BRD1,plasma,protein,A,-0.1119909192645529,0.5625432870888663
BRD2,BRD2,plasma,protein,A,-0.101169753081735,0.4201122101932645
BRD3,BRD3,plasma,protein,A,-0.079428742386544,0.6830350792289855
BRDT,BRDT,plasma,protein,A,-0.3195858671739655,0.5394325228109431
BRK1,BRK1,plasma,protein,A,0.143158021883572,0.3137437280083567
BRME1,BRME1,plasma,protein,A,-0.0500477733404644,0.4740108812102564
BRSK2,BRSK2,plasma,protein,A,0.0063560410977005,0.388269886189104
BSG,BSG,plasma,protein,A,-0.1220157962642223,0.1741460092032357
BSND,BSND,plasma,protein,A,-0.1711719441019763,0.774865885790848
BST1,BST1,plasma,protein,A,0.1421521679509824,0.2200069330152336
BST2,BST2,plasma,protein,A,-0.2986617239974785,0.39099390768854847
BTC,BTC,plasma,protein,A,-0.1641025730059944,0.6273542931758107
BTD,BTD,plasma,protein,A,-0.0991372706036936,0.18473087862378418
BTLA,BTLA,plasma,protein,A,-0.034068294999469,0.5530690348742542
BTN1A1,BTN1A1,plasma,protein,A,-2.1916013689879037,0.7904438828984897
BTN2A1,BTN2A1,plasma,protein,A,-0.1217926656236284,0.1988401680813389
BTN3A2,BTN3A2,plasma,protein,A,-0.0927690502071273,0.3158227914627094
BTNL10,BTNL10,plasma,protein,A,-0.0424059069936871,0.4801466141690869
C19orf12,C19orf12,plasma,protein,A,-0.0135952635941225,0.6861327938996381
C1GALT1C1,C1GALT1C1,plasma,protein,A,-0.2061647967549605,0.4246969744450766
C1QA,C1QA,plasma,protein,A,-0.2813695357169296,0.21898335655526627
C1QBP,C1QBP,plasma,protein,A,0.0417275403624173,0.5228333391534292
C1QL2,C1QL2,plasma,protein,A,0.1877421820429372,0.2683234222177688
C1QTNF1,C1QTNF1,plasma,protein,A,-0.2267123914252049,0.40560766731559894
C1QTNF5,C1QTNF5,plasma,protein,A,-0.2134819274511912,0.2273685831938454
C1QTNF6,C1QTNF6,plasma,protein,A,-0.509102307399835,0.3060354709905433
C1QTNF9,C1QTNF9,plasma,protein,A,0.1069985158151714,0.29058959665403183
C1R,C1R,plasma,protein,A,0.0365216707633494,0.1409503473782279
C1RL,C1RL,plasma,protein,A,-0.0640488420515246,0.20878014426312258
C1S,C1S,plasma,protein,A,0.0213380230207637,0.20307339444674652
C2,C2,plasma,protein,A,-0.0943051728058867,0.18667850900277771
C2CD2L,C2CD2L,plasma,protein,A,-0.1591854287068903,0.3168769132882382
C2orf69,C2orf69,plasma,protein,A,-0.0542800643977915,0.5490322898717787
C3,C3,plasma,protein,A,-0.0163495856871126,0.24649855798377748
C4BPB,C4BPB,plasma,protein,A,-0.0500337723439892,0.3435981002079548
C5,C5,plasma,protein,A,-0.0386714585783348,0.16150572053231838
C7,C7,plasma,protein,A,-0.0548794119314258,0.2364757010225213
C7orf50,C7orf50,plasma,protein,A,-0.0148205790881963,0.1016234252173407
C8B,C8B,plasma,protein,A,0.0296700484717239,0.2322287441889131
C9,C9,plasma,protein,A,-0.1050110551578028,0.3543752685712209
C9orf40,C9orf40,plasma,protein,A,0.1087450225493379,0.5642025915770287
CA1,CA1,plasma,protein,A,-0.0817646367337659,0.5279140316778103
CA11,CA11,plasma,protein,A,0.1395051819857462,0.1835407725320628
CA12,CA12,plasma,protein,A,-0.1675949483669827,0.2218757522656118
CA13,CA13,plasma,protein,A,-0.2311470005289712,0.8661732648232879
CA14,CA14,plasma,protein,A,0.3622394529510486,0.34185217944150953
CA2,CA2,plasma,protein,A,-0.1904336954934499,0.5927690727065671
CA3,CA3,plasma,protein,A,0.0312900356377648,0.40859695331078394
CA4,CA4,plasma,protein,A,0.1516763586173001,0.2445312547635475
CA5A,CA5A,plasma,protein,A,-0.7151487859980441,0.834345743838469
CA6,CA6,plasma,protein,A,-0.9224528370507072,0.526963558847265
CA7,CA7,plasma,protein,A,0.0338774833279281,0.3200001312288246
CA8,CA8,plasma,protein,A,-0.0038749577473691,0.31098334330819927
CA9,CA9,plasma,protein,A,-0.0691242804469323,0.33264644707497093
CABP2,CABP2,plasma,protein,A,-0.1631529781539138,0.7159428965773623
CACNA1C,CACNA1C,plasma,protein,A,-0.1462995597085723,0.5460969449774531
CACNA1H,CACNA1H,plasma,protein,A,0.2961106981147973,0.5542727910562981
CACNB1,CACNB1,plasma,protein,A,-0.1393895382403316,0.8261646413570685
CACNB3,CACNB3,plasma,protein,A,-0.124543586975319,0.8468126279098899
CACYBP,CACYBP,plasma,protein,A,-0.1302309036350881,0.7880944692001637
CADPS,CADPS,plasma,protein,A,-0.1027294942816431,0.6513306721426224
CALB1,CALB1,plasma,protein,A,-0.1863397035929846,0.347116200959776
CALB2,CALB2,plasma,protein,A,-0.0992824928213547,0.4355877700172668
CALCA,CALCA,plasma,protein,A,-0.2706986713852033,0.39373849379954323
CALCB,CALCB,plasma,protein,A,-0.0261914237036856,0.1836651138088446
CALCOCO1,CALCOCO1,plasma,protein,A,-0.6738721018347813,0.8594836685944006
CALCOCO2,CALCOCO2,plasma,protein,A,-0.296088176218396,0.590406612524792
CAMKK1,CAMKK1,plasma,protein,A,-0.1035237307392619,0.3966759035740464
CAMLG,CAMLG,plasma,protein,A,-0.014206450222445,0.728100246773813
CAMSAP1,CAMSAP1,plasma,protein,A,-0.1529400843514167,0.8314348446790113
CANT1,CANT1,plasma,protein,A,-0.2727275816665171,0.17291569779523858
CAPG,CAPG,plasma,protein,A,-0.2398041803410052,0.46732244485512847
CAPN3,CAPN3,plasma,protein,A,-0.0829209196944453,0.3486277530657578
CAPS,CAPS,plasma,protein,A,-0.6490467757583528,0.24635907181968086
CARHSP1,CARHSP1,plasma,protein,A,0.0516187831855538,0.5046791962146117
CASC3,CASC3,plasma,protein,A,-0.2174953114203113,0.4374546786566104
CASP1,CASP1,plasma,protein,A,-0.1405442386716711,0.8315933097436705
CASP10,CASP10,plasma,protein,A,-0.1458713095163001,0.7280546125216357
CASP2,CASP2,plasma,protein,A,-0.1344439592187589,0.3326399878108394
CASP3,CASP3,plasma,protein,A,-0.2595663244771353,0.7516645314054714
CASP4,CASP4,plasma,protein,A,-0.0715444464857709,1.3312853393455912
CASP7,CASP7,plasma,protein,A,-0.0493427166765768,0.4471954104797684
CASP8,CASP8,plasma,protein,A,-0.19613205413745,0.40958263813352513
CASQ2,CASQ2,plasma,protein,A,0.0567387189880228,0.5428834271151854
CAT,CAT,plasma,protein,A,-0.018875989622331,0.3680324257857977
CBLIF,CBLIF,plasma,protein,A,-0.0038561511820019,0.4762204192979856
CBLN1,CBLN1,plasma,protein,A,0.0750707200599384,0.940224827891594
CBLN4,CBLN4,plasma,protein,A,0.4161667679382486,0.23413795117442926
CBS,CBS,plasma,protein,A,-0.019486598751189,0.6072916809696314
CC2D1A,CC2D1A,plasma,protein,A,-0.2408700684601336,0.5194413700847351
CCAR2,CCAR2,plasma,protein,A,-0.1200253122590559,0.3318989273423979
CCDC134,CCDC134,plasma,protein,A,-0.2629943496935495,0.5700529602436506
CCDC28A,CCDC28A,plasma,protein,A,0.1306909463442506,0.4385195550174242
CCDC50,CCDC50,plasma,protein,A,-0.0142718567715397,0.2898890263825979
CCDC80,CCDC80,plasma,protein,A,0.2456615645590091,0.26234239626843003
CCER2,CCER2,plasma,protein,A,0.0042789614298402,0.4806672169319966
CCL11,CCL11,plasma,protein,A,0.2223610900774827,0.32197520391787937
CCL13,CCL13,plasma,protein,A,0.1658923224271687,0.45616013880962136
CCL14,CCL14,plasma,protein,A,0.0237294976341218,0.3534846892003069
CCL15,CCL15,plasma,protein,A,-0.6338171122272663,0.33874354760951464
CCL16,CCL16,plasma,protein,A,-0.5235188198306465,0.43088112285836866
CCL17,CCL17,plasma,protein,A,0.2863830811555849,0.5910271410076555
CCL18,CCL18,plasma,protein,A,0.1159295794547455,0.47708806461383524
CCL19,CCL19,plasma,protein,A,0.2050686001544103,0.4268358974864002
CCL2,CCL2,plasma,protein,A,-0.0618952470666807,0.3785186610106973
CCL20,CCL20,plasma,protein,A,-0.0468644050509158,0.5302759739172968
CCL21,CCL21,plasma,protein,A,0.1530530129758834,0.25104075276390725
CCL22,CCL22,plasma,protein,A,0.313105973260885,0.3145380716431127
CCL23,CCL23,plasma,protein,A,0.1934480195694854,0.3058415208513737
CCL24,CCL24,plasma,protein,A,0.1058697858036551,0.6339012443858588
CCL25,CCL25,plasma,protein,A,-0.2456277402728706,0.4191769401165012
CCL26,CCL26,plasma,protein,A,0.117635812533895,0.4760404162618481
CCL27,CCL27,plasma,protein,A,0.1915648664482307,0.3795301077647253
CCL28,CCL28,plasma,protein,A,-1.6640287196685395,0.7199887861720631
CCL3,CCL3,plasma,protein,A,-0.2045334743572401,0.4430028166614459
CCL4,CCL4,plasma,protein,A,-0.0823948166864345,0.4086348201797248
CCL5,CCL5,plasma,protein,A,-0.0296742308191744,0.7573268827298308
CCL7,CCL7,plasma,protein,A,-0.0016685187668379,0.4705374392461417
CCL8,CCL8,plasma,protein,A,0.1671568925260174,0.3213989863752342
CCN1,CCN1,plasma,protein,A,-0.4259221535555315,0.4733537987129355
CCN2,CCN2,plasma,protein,A,-0.3147837897752119,0.3193199385495539
CCN3,CCN3,plasma,protein,A,-0.345415730411375,0.35338068800247296
CCN4,CCN4,plasma,protein,A,-0.5130290100453402,0.22157624564568157
CCN5,CCN5,plasma,protein,A,-0.5899791499047862,0.41639065114769536
CCND2,CCND2,plasma,protein,A,0.002167297531943,0.6481249843183726
CCNE1,CCNE1,plasma,protein,A,0.1307923761104849,0.2617491888821501
CCS,CCS,plasma,protein,A,-0.0089537836167061,0.432487989149441
CCT5,CCT5,plasma,protein,A,0.0145113342083285,0.23354216438824818
CD101,CD101,plasma,protein,A,-0.0359215555680435,0.2152125975356048
CD109,CD109,plasma,protein,A,0.0014082579758949,0.2742575931916943
CD14,CD14,plasma,protein,A,-0.0200572035015144,0.3150012141771328
CD160,CD160,plasma,protein,A,-0.1144888975549912,0.3823183245014727
CD164,CD164,plasma,protein,A,-0.109960914197874,0.1545049688028141
CD164L2,CD164L2,plasma,protein,A,-0.0169562522565735,0.5684913457239498
CD177,CD177,plasma,protein,A,-0.1307065141536819,0.7418484847083664
CD1C,CD1C,plasma,protein,A,0.20635482675767,0.16064414766198928
CD2,CD2,plasma,protein,A,0.0175404164631825,0.5562270131450207
CD200,CD200,plasma,protein,A,-0.5744561861429227,0.23816729486195581
CD200R1,CD200R1,plasma,protein,A,0.1772981841204953,0.2789991059511855
CD207,CD207,plasma,protein,A,-0.0243446866239273,0.3153060531614747
CD209,CD209,plasma,protein,A,0.0555261855290871,0.3679789888504238
CD22,CD22,plasma,protein,A,0.2402193228559452,0.3347720167931528
CD226,CD226,plasma,protein,A,-0.1235337664916397,0.3284330557502275
CD244,CD244,plasma,protein,A,0.0183843824616255,0.2125624213850818
CD248,CD248,plasma,protein,A,-0.1997854213864354,0.28304943672458993
CD27,CD27,plasma,protein,A,-0.1065580199197886,0.3106409134885738
CD274,CD274,plasma,protein,A,-1.3359520880419964,0.2557746132280061
CD276,CD276,plasma,protein,A,0.0544542150164033,0.24670699736296958
CD28,CD28,plasma,protein,A,0.0712182621817982,0.3105840429067716
CD2AP,CD2AP,plasma,protein,A,-0.3421057742432508,0.4970914420018084
CD300A,CD300A,plasma,protein,A,-0.0275007702103228,0.2473788323966387
CD300C,CD300C,plasma,protein,A,-0.0471723706001899,0.3597397398224796
CD300E,CD300E,plasma,protein,A,-0.3295501763232045,0.38621864669418127
CD300LF,CD300LF,plasma,protein,A,-0.1348065968250927,0.3645501028754944
CD300LG,CD300LG,plasma,protein,A,-0.0809444272061163,0.27766394796609617
CD302,CD302,plasma,protein,A,-0.0742221712915612,0.2487448541785647
CD33,CD33,plasma,protein,A,0.1561774246470453,0.47664097415246376
CD34,CD34,plasma,protein,A,0.3411732224256463,0.2035056807830497
CD36,CD36,plasma,protein,A,-0.1476399974446579,0.2720226424702412
CD38,CD38,plasma,protein,A,-8.819378763917293e-05,0.22260171762900233
CD3D,CD3D,plasma,protein,A,-0.0758163341384063,0.4783847647103002
CD3E,CD3E,plasma,protein,A,-0.0167066522296614,0.353454201372584
CD3G,CD3G,plasma,protein,A,-0.0547198329648951,0.653276793020276
CD4,CD4,plasma,protein,A,0.0817670468301455,0.242161395611654
CD40,CD40,plasma,protein,A,-0.087488529313792,0.3093778878610942
CD46,CD46,plasma,protein,A,-0.4083120535161698,0.17872230214906848
CD48,CD48,plasma,protein,A,0.1198034590612137,0.24185288357958412
CD5,CD5,plasma,protein,A,0.0780867637523517,0.26637784920190377
CD55,CD55,plasma,protein,A,-0.1784882958179995,0.2149932644733553
CD58,CD58,plasma,protein,A,0.1234521982716002,0.13259362752171228
CD59,CD59,plasma,protein,A,-0.0462692623085527,0.20315234956905143
CD5L,CD5L,plasma,protein,A,-0.0348763949626827,0.3438100551627588
CD6,CD6,plasma,protein,A,0.1235829533493031,0.29215197453863534
CD63,CD63,plasma,protein,A,-0.3079825506224345,0.3701979290978997
CD69,CD69,plasma,protein,A,-0.197518620269205,0.8913680711912437
CD7,CD7,plasma,protein,A,-0.0599024573244552,0.30043426634374487
CD70,CD70,plasma,protein,A,0.0632169167907265,0.3906665073667257
CD72,CD72,plasma,protein,A,0.0770363247277058,0.2974629147412392
CD74,CD74,plasma,protein,A,-0.2294397379084851,0.2668303479871798
CD79B,CD79B,plasma,protein,A,0.2329869921414759,0.36561222018675676
CD80,CD80,plasma,protein,A,0.0678250186193418,0.2760003283960441
CD82,CD82,plasma,protein,A,0.0094202412516389,0.5873299573795301
CD83,CD83,plasma,protein,A,0.0869178489163017,0.3530182644088693
CD84,CD84,plasma,protein,A,-0.0027721641403516,0.3063889806986036
CD86,CD86,plasma,protein,A,0.0861424085869265,0.22111389737751147
CD8A,CD8A,plasma,protein,A,0.7139401649705969,0.3879252829573764
CD93,CD93,plasma,protein,A,0.132333504077426,0.22461474386170638
CD99,CD99,plasma,protein,A,0.0159277825251501,0.18876327757120942
CD99L2,CD99L2,plasma,protein,A,-0.0797541690635462,0.23205307770379818
CDA,CDA,plasma,protein,A,-0.0505734237161341,0.2960594227186199
CDAN1,CDAN1,plasma,protein,A,0.0213149966452665,0.1858139804685338
CDC123,CDC123,plasma,protein,A,-0.1080109573340961,0.9240891007872922
CDC26,CDC26,plasma,protein,A,-0.1089831455221895,0.3175530815385349
CDC27,CDC27,plasma,protein,A,-0.1057340860207898,0.4474844133384853
CDC37,CDC37,plasma,protein,A,-0.1968821892827252,0.45785172683639486
CDC42BPB,CDC42BPB,plasma,protein,A,-0.1780836845395352,0.8386876653612801
CDCP1,CDCP1,plasma,protein,A,-0.5511758698294087,0.3725416990398681
CDH1,CDH1,plasma,protein,A,-0.0606093308039328,0.2432741609914773
CDH15,CDH15,plasma,protein,A,0.0007325521546008,0.1981084037116671
CDH17,CDH17,plasma,protein,A,0.2523223462371814,0.55119320988283
CDH2,CDH2,plasma,protein,A,-0.1342033162037963,0.2858276055464375
CDH22,CDH22,plasma,protein,A,0.0470577599590522,0.3712391871109443
CDH3,CDH3,plasma,protein,A,-0.055587138157065,0.24601628830154032
CDH4,CDH4,plasma,protein,A,0.0011206388754992,0.6095124332612504
CDH5,CDH5,plasma,protein,A,0.0160176839531839,0.32927279467675963
CDH6,CDH6,plasma,protein,A,-0.0627986574794182,0.3227880437318086
CDHR2,CDHR2,plasma,protein,A,0.3666101317021254,0.7308171053868229
CDHR5,CDHR5,plasma,protein,A,-0.2980904263643815,0.3308723931706847
CDK1,CDK1,plasma,protein,A,-0.0656450380681829,0.6066557246659242
CDK5RAP3,CDK5RAP3,plasma,protein,A,-0.0384334593063766,0.6739033516415097
CDKL5,CDKL5,plasma,protein,A,0.0928628014629745,0.4541769134666336
CDKN1A,CDKN1A,plasma,protein,A,-0.2934036624230681,0.6823221607101799
CDKN2D,CDKN2D,plasma,protein,A,-0.5356268612327348,0.9203511674714522
CDNF,CDNF,plasma,protein,A,-0.0065182885000147,0.20071779646739699
CDON,CDON,plasma,protein,A,-0.0502464123377508,0.2709789060079301
CDSN,CDSN,plasma,protein,A,-0.063616566591525,0.33455273638915434
CEACAM1,CEACAM1,plasma,protein,A,-0.0837695271253284,0.1654135478159646
CEACAM16,CEACAM16,plasma,protein,A,-0.1978617483667658,0.4752322737689404
CEACAM18,CEACAM18,plasma,protein,A,-0.0757452380241612,0.626628629927369
CEACAM20,CEACAM20,plasma,protein,A,-0.1957876996528655,0.6534087746450074
CEACAM21,CEACAM21,plasma,protein,A,-0.1112879290883491,0.7502295227698903
CEACAM3,CEACAM3,plasma,protein,A,0.0189265734177052,0.3338491160278241
CEACAM5,CEACAM5,plasma,protein,A,-0.0561249709080601,0.6369118662268611
CEACAM6,CEACAM6,plasma,protein,A,0.134974902478666,0.3174677821240055
CEACAM8,CEACAM8,plasma,protein,A,-0.0909104966649034,0.4403613332343016
CEBPA,CEBPA,plasma,protein,A,-0.2257378579469702,0.2941783088945631
CEBPB,CEBPB,plasma,protein,A,-0.1831640569848805,0.31183267747597987
CELA2A,CELA2A,plasma,protein,A,-0.0162339013267544,0.4514244947492273
CELA3A,CELA3A,plasma,protein,A,-0.0664746202898649,0.4905624010004839
CELSR2,CELSR2,plasma,protein,A,0.0731376892724627,0.1996259142007505
CEMIP2,CEMIP2,plasma,protein,A,-0.490972899648022,0.3053905767281598
CEND1,CEND1,plasma,protein,A,0.0834048630617457,0.4128943087933385
CENPF,CENPF,plasma,protein,A,-0.0667027290716782,0.4350363965254116
CENPJ,CENPJ,plasma,protein,A,-0.254505669225239,0.6325748749030332
CEP112,CEP112,plasma,protein,A,-0.0608755752172708,0.2657613157038497
CEP152,CEP152,plasma,protein,A,-0.2054228983812502,0.6603476930012203
CEP164,CEP164,plasma,protein,A,0.0294173726166934,0.3017702241727428
CEP170,CEP170,plasma,protein,A,-0.2328695601305195,0.6367017719072423
CEP20,CEP20,plasma,protein,A,-0.1157436342728447,0.4173115207071032
CEP290,CEP290,plasma,protein,A,-0.1714373877695742,0.5633735932331749
CEP350,CEP350,plasma,protein,A,0.0359117891828905,0.8666926705668349
CEP43,CEP43,plasma,protein,A,-0.1094951543640972,0.5149433387702365
CEP85,CEP85,plasma,protein,A,-0.1217950864205599,0.3834413896860861
CERT1,CERT1,plasma,protein,A,-0.360288411759855,0.7957639473289534
CES1,CES1,plasma,protein,A,-0.3186937419509726,0.46014183282054927
CES2,CES2,plasma,protein,A,-0.7108836274485164,0.3714176908684154
CES3,CES3,plasma,protein,A,-0.3572246017934889,0.4223102584304072
CETN2,CETN2,plasma,protein,A,-0.025685919950685,0.7112032355029565
CETN3,CETN3,plasma,protein,A,-0.1901020434521621,0.3718218537422474
CFB,CFB,plasma,protein,A,-0.0089172657618002,0.2803045527547435
CFC1,CFC1,plasma,protein,A,-0.1426166291811012,0.3878714269842202
CFD,CFD,plasma,protein,A,0.0895866560859414,0.23316392573584338
CFH,CFH,plasma,protein,A,-0.0868674223993553,0.2513393158384477
CFHR2,CFHR2,plasma,protein,A,-0.1311114585418999,0.4412804654892589
CFHR4,CFHR4,plasma,protein,A,0.048286525877848,0.43182778189728177
CFHR5,CFHR5,plasma,protein,A,-0.0286756743561617,0.2349800667005933
CFI,CFI,plasma,protein,A,-0.0126870529575277,0.2177418173920829
CFP,CFP,plasma,protein,A,-0.0314655036620684,0.1820914249389653
CGB3_CGB5_CGB8,CGB3_CGB5_CGB8,plasma,protein,A,1.5535734510747714,0.470181538474848
CGN,CGN,plasma,protein,A,-0.0902690076535749,0.47383218317529807
CGREF1,CGREF1,plasma,protein,A,-0.1267777316015537,0.3281003054177627
CHAC2,CHAC2,plasma,protein,A,-0.0978691876298231,0.4450701984309768
CHAD,CHAD,plasma,protein,A,0.2772505659713746,0.3430275038101994
CHCHD10,CHCHD10,plasma,protein,A,-0.5612008525467155,0.22236683264013418
CHCHD6,CHCHD6,plasma,protein,A,0.0641813379587892,0.2118899979835402
CHEK2,CHEK2,plasma,protein,A,-0.0699837539376203,0.4185337799510503
CHGA,CHGA,plasma,protein,A,-0.003004122412765,0.35629817204155306
CHGB,CHGB,plasma,protein,A,0.0335445627490865,0.3522923736552483
CHI3L1,CHI3L1,plasma,protein,A,0.0136112659413187,0.40212357874506005
CHIT1,CHIT1,plasma,protein,A,0.0717324918179539,0.5808902737845015
CHL1,CHL1,plasma,protein,A,0.2377784503149524,0.29720374710319253
CHM,CHM,plasma,protein,A,-0.1338147025705059,0.5846304591245272
CHMP1A,CHMP1A,plasma,protein,A,-0.110090984450716,0.5339582776688394
CHMP6,CHMP6,plasma,protein,A,-0.1115037157849772,0.3058250018803737
CHP1,CHP1,plasma,protein,A,0.1511585247310033,0.8193025342572801
CHRDL1,CHRDL1,plasma,protein,A,0.0801849471572185,0.22776780576814198
CHRDL2,CHRDL2,plasma,protein,A,0.0749090012610201,0.310594587196511
CHRM1,CHRM1,plasma,protein,A,0.040088481524151,0.693675349934157
CIAPIN1,CIAPIN1,plasma,protein,A,-0.2962280981484266,0.4345487005607153
CILP,CILP,plasma,protein,A,-0.0036883397017833,0.3593983374245545
CINP,CINP,plasma,protein,A,-0.0052821292428864,0.4187782656017352
CIRBP,CIRBP,plasma,protein,A,-0.1886949280770899,0.7639005191616393
CIT,CIT,plasma,protein,A,-0.1907251127550373,0.3596513138262869
CKAP4,CKAP4,plasma,protein,A,-0.4501661993398015,0.25542552515063444
CKB,CKB,plasma,protein,A,0.0033598750266993,0.5578006067454212
CKMT1A_CKMT1B,CKMT1A_CKMT1B,plasma,protein,A,0.2051449256241921,0.48514495030469906
CLASP1,CLASP1,plasma,protein,A,-0.0323769432659429,0.9139772173544437
CLC,CLC,plasma,protein,A,-0.0174649390519282,0.4151103036996295
CLEC10A,CLEC10A,plasma,protein,A,0.0382228136498793,0.3042602032772906
CLEC11A,CLEC11A,plasma,protein,A,-0.1309790939068303,0.2785313953522981
CLEC12A,CLEC12A,plasma,protein,A,-0.0208857180996935,0.2078807268970476
CLEC14A,CLEC14A,plasma,protein,A,0.1071210704447817,0.21729030894513418
CLEC1A,CLEC1A,plasma,protein,A,-0.5230859744902714,0.2269546618505484
CLEC1B,CLEC1B,plasma,protein,A,-0.2371516252643997,0.5750815832055572
CLEC2L,CLEC2L,plasma,protein,A,-0.1062516166553166,0.4190673217276518
CLEC4A,CLEC4A,plasma,protein,A,0.0748671823129618,0.28085442805908434
CLEC4C,CLEC4C,plasma,protein,A,0.1585586854292434,0.39959178874680273
CLEC4D,CLEC4D,plasma,protein,A,-0.2062670876610501,0.6338519395746276
CLEC4G,CLEC4G,plasma,protein,A,0.2789846184364808,0.2615158669441313
CLEC4M,CLEC4M,plasma,protein,A,0.0736208171087682,0.3773142756989435
CLEC5A,CLEC5A,plasma,protein,A,0.0020267470987174,0.2496954005614588
CLEC6A,CLEC6A,plasma,protein,A,-0.1455447481257725,0.375694744948313
CLGN,CLGN,plasma,protein,A,-0.3186284460014237,0.5981040791728013
CLIC5,CLIC5,plasma,protein,A,-0.1052921988250711,0.37229888823993285
CLINT1,CLINT1,plasma,protein,A,-0.073268196797107,0.7852999233445206
CLIP2,CLIP2,plasma,protein,A,-0.2829057131399214,1.0334733223872203
CLMP,CLMP,plasma,protein,A,-0.0772324395269362,0.1971356311536689
CLNS1A,CLNS1A,plasma,protein,A,-0.1196415024241538,0.6443422527788696
CLPP,CLPP,plasma,protein,A,-0.0401273967056313,0.5301005896414076
CLPS,CLPS,plasma,protein,A,-0.1121709043995844,0.5045713341061883
CLSPN,CLSPN,plasma,protein,A,-0.0448032913061279,0.3295293909855221
CLSTN2,CLSTN2,plasma,protein,A,0.0810887986403051,0.2942553748522308
CLSTN3,CLSTN3,plasma,protein,A,0.0283914532469966,0.3785283924161401
CLTA,CLTA,plasma,protein,A,-0.1676691414648901,0.2685780853795295
CLU,CLU,plasma,protein,A,-0.0763689996120016,0.21263211304677937
CLUL1,CLUL1,plasma,protein,A,0.0728007260889199,0.3402723035008319
CMC1,CMC1,plasma,protein,A,-0.0641642459809772,0.3730122840791361
CMIP,CMIP,plasma,protein,A,-0.0627720271723474,0.5315919888238557
CNDP1,CNDP1,plasma,protein,A,-0.2049770299265534,0.3352408696894636
CNGB3,CNGB3,plasma,protein,A,0.0489495968211911,0.2450075178437779
CNP,CNP,plasma,protein,A,-0.0914352032118615,0.503348770982202
CNPY2,CNPY2,plasma,protein,A,0.0270248816600424,0.3368417607581861
CNPY4,CNPY4,plasma,protein,A,-0.0659682288375403,0.39773688334177437
CNST,CNST,plasma,protein,A,-0.1959803573109578,0.7595289270009788
CNTF,CNTF,plasma,protein,A,0.0546121654234789,0.8339197472277033
CNTN1,CNTN1,plasma,protein,A,0.1298819883531913,0.35395705039930536
CNTN2,CNTN2,plasma,protein,A,-0.1297089732403657,0.3685556596338549
CNTN3,CNTN3,plasma,protein,A,0.1678351464786859,0.27376175944350367
CNTN4,CNTN4,plasma,protein,A,0.25010133348972,0.21410965661199532
CNTN5,CNTN5,plasma,protein,A,0.051776246442643,0.2465769331050447
CNTNAP2,CNTNAP2,plasma,protein,A,0.0081809459006361,0.3257692943793464
COCH,COCH,plasma,protein,A,0.0265793922762837,0.314315351192666
COL15A1,COL15A1,plasma,protein,A,0.1480375843605867,0.2423438922769979
COL18A1,COL18A1,plasma,protein,A,-0.0511627854508846,0.2069015381038845
COL1A1,COL1A1,plasma,protein,A,0.0264444563820662,0.270561579251856
COL28A1,COL28A1,plasma,protein,A,0.2085457844040252,0.7411631370383921
COL2A1,COL2A1,plasma,protein,A,0.1284798046242921,0.3375578132943964
COL3A1,COL3A1,plasma,protein,A,-0.2120724235070426,0.25144372575980245
COL4A1,COL4A1,plasma,protein,A,-0.076662285695965,0.3500501791764698
COL4A4,COL4A4,plasma,protein,A,0.0922092303166358,0.47369960699593
COL5A1,COL5A1,plasma,protein,A,-0.1410068341282906,0.275803766778508
COL6A3,COL6A3,plasma,protein,A,-0.2145427758305146,0.32350349077033225
COL9A1,COL9A1,plasma,protein,A,-0.3429108020376585,0.3660117759317816
COL9A2,COL9A2,plasma,protein,A,-0.1296949206305115,0.4159112165426553
COLEC12,COLEC12,plasma,protein,A,-0.1459875029685172,0.2633661876356214
COMMD1,COMMD1,plasma,protein,A,-0.3180974766854629,0.4143093406829009
COMMD9,COMMD9,plasma,protein,A,0.0519321450614919,0.23348006736678892
COMP,COMP,plasma,protein,A,-0.0877919023985307,0.425972289664406
COMT,COMT,plasma,protein,A,-0.2987377055073627,0.6194561808146402
COPB2,COPB2,plasma,protein,A,0.0574452680157316,0.5023851306157282
COPE,COPE,plasma,protein,A,0.055057610940846,0.5392905086822176
COQ7,COQ7,plasma,protein,A,-0.0482428737308599,0.3071202844604945
CORO1A,CORO1A,plasma,protein,A,-0.2206146260266616,0.7015976723257586
CORO6,CORO6,plasma,protein,A,-0.12810919399014,0.2716027865923259
COX5B,COX5B,plasma,protein,A,-0.0812646787762695,0.5237726960227294
COX6B1,COX6B1,plasma,protein,A,-0.1422475353675401,0.5023336416904554
CPA1,CPA1,plasma,protein,A,-0.0709006238817532,0.45545842864298336
CPA2,CPA2,plasma,protein,A,0.2069646239031209,0.5264812898672658
CPA4,CPA4,plasma,protein,A,-0.0558868378085548,0.3125367367361647
CPB1,CPB1,plasma,protein,A,-0.1216620998942234,0.4540720358515772
CPB2,CPB2,plasma,protein,A,-0.1444087678769125,0.20315392312409528
CPE,CPE,plasma,protein,A,0.231800016630026,0.1979442520714891
CPM,CPM,plasma,protein,A,-0.3052164237839037,0.32749351173652874
CPOX,CPOX,plasma,protein,A,0.0849320116040682,0.2862439005917059
CPPED1,CPPED1,plasma,protein,A,-0.1231583661472189,0.4316429470156862
CPQ,CPQ,plasma,protein,A,-0.0637684337054301,0.26044093128089996
CPTP,CPTP,plasma,protein,A,0.0958982591029566,0.29244222848010293
CPVL,CPVL,plasma,protein,A,-0.2868672581029499,0.18701091919825458
CPXM1,CPXM1,plasma,protein,A,-0.1807344876882099,0.45089568022994897
CPXM2,CPXM2,plasma,protein,A,-0.3090198636125401,0.2661707232503754
CR1,CR1,plasma,protein,A,0.0260127560122118,0.2699140742935192
CR2,CR2,plasma,protein,A,0.3406443135565311,0.3631818209242086
CRACR2A,CRACR2A,plasma,protein,A,-0.3706755415928613,0.6607376370963212
CRADD,CRADD,plasma,protein,A,-0.3152856226853299,0.561394064488986
CREB3,CREB3,plasma,protein,A,-0.0534750526737165,0.6496346454132365
CREBZF,CREBZF,plasma,protein,A,0.0271027982279515,0.3671852229831922
CREG1,CREG1,plasma,protein,A,-0.6105649086507707,0.29376919696144455
CRELD1,CRELD1,plasma,protein,A,-0.2463498203218536,0.28298341812054384
CRELD2,CRELD2,plasma,protein,A,-0.1384133791801696,0.30553012826825154
CRH,CRH,plasma,protein,A,-2.463837138402787,0.6417217506766761
CRHBP,CRHBP,plasma,protein,A,-0.403523219259542,0.24303622431684718
CRHR1,CRHR1,plasma,protein,A,-0.0041662362866356,0.634350730788049
CRIM1,CRIM1,plasma,protein,A,-0.9647766944517432,0.16205412501167338
CRIP2,CRIP2,plasma,protein,A,-0.200783325559289,0.28693094724369894
CRISP2,CRISP2,plasma,protein,A,-0.0443353415198867,0.3738858211288659
CRISP3,CRISP3,plasma,protein,A,0.1622278779976441,0.1827216479059116
CRKL,CRKL,plasma,protein,A,-0.2957200521988367,0.6545167003832993
CRLF1,CRLF1,plasma,protein,A,1.3426156158661144,0.33932881060566666
CRNN,CRNN,plasma,protein,A,-0.3321347894067421,0.43263832958342313
CRTAC1,CRTAC1,plasma,protein,A,0.2722700119326053,0.2439397809182687
CRTAM,CRTAM,plasma,protein,A,0.3462048257442233,0.3329061629699078
CRTAP,CRTAP,plasma,protein,A,-0.0136754682700107,0.298416528039796
CRX,CRX,plasma,protein,A,0.0918344032656765,0.8337926800299469
CRYBB1,CRYBB1,plasma,protein,A,-0.1088942429332941,0.3329788294430234
CRYBB2,CRYBB2,plasma,protein,A,0.0733283165848531,0.29627265909801886
CRYGD,CRYGD,plasma,protein,A,-0.2465729583202136,0.7998770515849263
CRYM,CRYM,plasma,protein,A,0.0214189321127826,0.5725520647266346
CRYZL1,CRYZL1,plasma,protein,A,-0.391338106563196,0.6733519081376926
CSDE1,CSDE1,plasma,protein,A,-0.1105586704085899,0.5525969310258118
CSF1,CSF1,plasma,protein,A,-0.3568621205079283,0.3194494550503283
CSF1R,CSF1R,plasma,protein,A,-0.9776162017656144,0.33235012028266664
CSF2,CSF2,plasma,protein,A,0.0855405547344781,0.4156785695694222
CSF2RA,CSF2RA,plasma,protein,A,-1.0590664728831098,0.40222689997879424
CSF2RB,CSF2RB,plasma,protein,A,-0.9877222615496696,0.4907837305903532
CSF3,CSF3,plasma,protein,A,-0.2973653392228835,0.3663272818166732
CSF3R,CSF3R,plasma,protein,A,-1.9663783584120091,0.29082612490705806
CSH1,CSH1,plasma,protein,A,-3.216632392940432,0.8168573239268708
CSNK1D,CSNK1D,plasma,protein,A,-0.1623840064897446,0.9143587208661776
CSNK2A1,CSNK2A1,plasma,protein,A,-0.0457288914020301,0.3151042907495545
CSPG4,CSPG4,plasma,protein,A,-0.170263196141493,0.25590627032617813
CSPG5,CSPG5,plasma,protein,A,0.088498617182188,0.3100359767477687
CSRP3,CSRP3,plasma,protein,A,-0.4361040513262708,0.6636344258499393
CST1,CST1,plasma,protein,A,0.1291736249833144,0.788091103899263
CST3,CST3,plasma,protein,A,-0.3095750912065148,0.2852359742224126
CST5,CST5,plasma,protein,A,-0.0372898682362443,0.4359601037912394
CST6,CST6,plasma,protein,A,0.0834965106143419,0.3953530177885326
CST7,CST7,plasma,protein,A,-0.0694909034704271,0.6004193311575919
CSTB,CSTB,plasma,protein,A,-0.2111106898898848,0.3815522198056468
CTBS,CTBS,plasma,protein,A,-0.3730965513088025,0.23540747781733373
CTF1,CTF1,plasma,protein,A,0.0359788189463038,0.5913719385703792
CTHRC1,CTHRC1,plasma,protein,A,-0.1886566108901303,0.2157417727398263
CTLA4,CTLA4,plasma,protein,A,-0.0297831997126414,0.6722388160233598
CTNNA1,CTNNA1,plasma,protein,A,0.0085343102740725,0.5149578677225786
CTRB1,CTRB1,plasma,protein,A,-0.043613066464032,0.47680641495708825
CTRC,CTRC,plasma,protein,A,0.0135044601207841,0.48894702314422944
CTRL,CTRL,plasma,protein,A,0.1109287323622904,0.5925686208640492
CTSB,CTSB,plasma,protein,A,-0.0960483990158292,0.42341838016609556
CTSC,CTSC,plasma,protein,A,-0.3733410809364365,0.40453485617339086
CTSD,CTSD,plasma,protein,A,-0.2351603680830295,0.2167344043347511
CTSE,CTSE,plasma,protein,A,-0.2034840313611337,0.37062298480878964
CTSF,CTSF,plasma,protein,A,-0.2323399924406677,0.3221789122923905
CTSH,CTSH,plasma,protein,A,-0.0673525131195163,0.6427087527668334
CTSL,CTSL,plasma,protein,A,0.0401044757127947,0.21938270248139152
CTSO,CTSO,plasma,protein,A,-0.2610888651154319,0.25936885876826526
CTSS,CTSS,plasma,protein,A,-0.0286748997718233,0.1481951052098584
CTSV,CTSV,plasma,protein,A,-0.1248781494827078,0.304541466961831
CTSZ,CTSZ,plasma,protein,A,-0.4777783986665065,0.3177912543486387
CUZD1,CUZD1,plasma,protein,A,0.0078485937133585,0.3679153672718729
CWC15,CWC15,plasma,protein,A,-0.0191269473101568,0.284280048269636
CXADR,CXADR,plasma,protein,A,-0.2299823824809249,0.3214136330425335
CXCL1,CXCL1,plasma,protein,A,-0.1541923565303697,0.5481883348876302
CXCL10,CXCL10,plasma,protein,A,-0.1705911274617295,0.4387262147666144
CXCL11,CXCL11,plasma,protein,A,-0.2073242611162924,0.5801999614626155
CXCL12,CXCL12,plasma,protein,A,0.2362082845626911,0.2995738573694834
CXCL13,CXCL13,plasma,protein,A,0.2476503494818691,0.8741794371896725
CXCL14,CXCL14,plasma,protein,A,0.1319823275769202,0.5028450912979202
CXCL16,CXCL16,plasma,protein,A,-0.11170504785899,0.167131158608126
CXCL17,CXCL17,plasma,protein,A,0.1037729067246607,0.3139806818197652
CXCL3,CXCL3,plasma,protein,A,-0.0302177522597033,0.7419262522745116
CXCL5,CXCL5,plasma,protein,A,0.1092782108954848,0.8655324736025951
CXCL6,CXCL6,plasma,protein,A,-0.1097931024490459,0.5783260825780744
CXCL8,CXCL8,plasma,protein,A,-0.0269668049699264,0.44917806117219183
CXCL9,CXCL9,plasma,protein,A,0.0902321913653763,0.4467677472734951
CYB5A,CYB5A,plasma,protein,A,-0.085805791525697,0.5664011025908116
CYB5R2,CYB5R2,plasma,protein,A,-0.1642315586984323,0.2767246065626884
CYP24A1,CYP24A1,plasma,protein,A,0.0776527267107557,0.6559681253750075
CYTH3,CYTH3,plasma,protein,A,-0.3135532679704589,0.5372609057276607
CYTL1,CYTL1,plasma,protein,A,0.1305053308860624,0.2548105106266253
DAAM1,DAAM1,plasma,protein,A,-0.046707730922379,0.5562007968605192
DAB2,DAB2,plasma,protein,A,-0.233091819938375,0.48472568765425283
DAG1,DAG1,plasma,protein,A,-0.9233164845949176,0.23690257644773816
DAND5,DAND5,plasma,protein,A,0.2579386021858567,1.7864355437449524
DAPK2,DAPK2,plasma,protein,A,-0.2837514487491518,0.5463055761071104
DAPP1,DAPP1,plasma,protein,A,-0.1592183200336918,1.2357762465358177
DARS1,DARS1,plasma,protein,A,-0.246823957077423,0.6098693505263537
DBH,DBH,plasma,protein,A,0.5170294090743253,0.5766018906094252
DBI,DBI,plasma,protein,A,-0.2166834691499722,0.416117499310503
DBN1,DBN1,plasma,protein,A,-0.1428857545503555,0.3634207975195788
DBNL,DBNL,plasma,protein,A,-0.2035637423827485,0.8190510149131882
DCBLD2,DCBLD2,plasma,protein,A,-0.1616946596687156,0.2702677555256664
DCC,DCC,plasma,protein,A,0.0375667621281863,0.2158375102435248
DCDC2C,DCDC2C,plasma,protein,A,-0.2758963937388436,1.2652520683204795
DCLRE1C,DCLRE1C,plasma,protein,A,-0.1166310716340458,0.6796737462286073
DCN,DCN,plasma,protein,A,0.1109962073483164,0.1601508119264449
DCTD,DCTD,plasma,protein,A,-0.1588197199862616,0.6793033894654892
DCTN1,DCTN1,plasma,protein,A,-0.2090100309366764,0.4971441036613712
DCTN2,DCTN2,plasma,protein,A,-0.2086546771374649,0.4306966998434718
DCTN6,DCTN6,plasma,protein,A,0.0411860891902683,0.4686806625730976
DCTPP1,DCTPP1,plasma,protein,A,-0.2295936212250808,0.22780033046159442
DCUN1D1,DCUN1D1,plasma,protein,A,0.0472565696263987,0.6383483197743398
DCUN1D2,DCUN1D2,plasma,protein,A,-0.0690764795487838,0.9481856295875788
DCXR,DCXR,plasma,protein,A,-0.1806844531422867,0.601222056649672
DDA1,DDA1,plasma,protein,A,-0.165676518804287,0.49671397293815245
DDAH1,DDAH1,plasma,protein,A,-0.2628436060031278,0.3337996207643504
DDC,DDC,plasma,protein,A,0.2606584096050854,0.4410552572205046
DDHD2,DDHD2,plasma,protein,A,-0.3189518668544661,0.4667646152358876
DDI2,DDI2,plasma,protein,A,0.1340134734242252,0.4579899523326409
DDR1,DDR1,plasma,protein,A,-1.2918907937054127,0.19460591471823085
DDT,DDT,plasma,protein,A,-0.2153477643803594,0.41828487060790254
DDX1,DDX1,plasma,protein,A,0.0472230245372781,0.6497828565964013
DDX25,DDX25,plasma,protein,A,0.0191204204296561,0.5424195345427658
DDX39A,DDX39A,plasma,protein,A,-0.0316266135602117,0.21900450334792382
DDX4,DDX4,plasma,protein,A,-0.0997688220144819,0.6921482954270798
DDX53,DDX53,plasma,protein,A,0.0943570212093187,0.4530196470186339
DDX58,DDX58,plasma,protein,A,-0.0535515838816185,0.3900055352788201
DECR1,DECR1,plasma,protein,A,-0.1921058029940666,0.7104346337800618
DEFA1_DEFA1B,DEFA1_DEFA1B,plasma,protein,A,-0.2376672061738419,0.37008580464907775
DEFB103A_DEFB103B,DEFB103A_DEFB103B,plasma,protein,A,-0.1417100067340371,0.5474533273767237
DEFB104A_DEFB104B,DEFB104A_DEFB104B,plasma,protein,A,0.0023726979094563,0.5927910984613961
DEFB116,DEFB116,plasma,protein,A,-0.0433002222978839,0.6916909022326775
DEFB118,DEFB118,plasma,protein,A,0.0726713324943927,0.7429114502648753
DEFB4A_DEFB4B,DEFB4A_DEFB4B,plasma,protein,A,-0.1663294984236173,0.9905261978805643
DENND2B,DENND2B,plasma,protein,A,0.0484531276069321,0.4524597431442995
DENR,DENR,plasma,protein,A,-0.0386261422311462,0.5498813268798303
DFFA,DFFA,plasma,protein,A,-0.2058896888209102,0.33540415977225446
DGCR6,DGCR6,plasma,protein,A,-0.0955269866289209,0.4124199546857812
DGKA,DGKA,plasma,protein,A,-0.1916734441154925,0.48769076462648586
DGKZ,DGKZ,plasma,protein,A,0.0059137272896496,0.2913101835729533
DHODH,DHODH,plasma,protein,A,0.1120767442332214,0.9487798873674019
DHPS,DHPS,plasma,protein,A,-0.7244382707914632,0.41003895087273945
DHRS4L2,DHRS4L2,plasma,protein,A,0.0585001365716603,0.2724361482164535
DIABLO,DIABLO,plasma,protein,A,-0.2491368903518911,1.0763699248407614
DIPK1C,DIPK1C,plasma,protein,A,-0.0748748368346751,0.5214557143106077
DIPK2B,DIPK2B,plasma,protein,A,0.0813138651304724,0.1782171507347402
DKK1,DKK1,plasma,protein,A,-0.2952166280803768,0.357347472972922
DKK3,DKK3,plasma,protein,A,0.1386673520198174,0.2419780393447103
DKK4,DKK4,plasma,protein,A,-0.0682834584768996,0.3381444272479562
DKKL1,DKKL1,plasma,protein,A,-0.1446956370707138,0.512213577281823
DLG4,DLG4,plasma,protein,A,-0.1406848082778257,0.5847036297240656
DLGAP5,DLGAP5,plasma,protein,A,-0.0462252550292256,0.3294370373950941
DLK1,DLK1,plasma,protein,A,-1.5224680371155284,0.40122832376636786
DLL1,DLL1,plasma,protein,A,-0.1789890606068052,0.2163738637229036
DLL4,DLL4,plasma,protein,A,0.0570600057431197,0.5021749897098584
DMD,DMD,plasma,protein,A,-0.383501033385603,0.3813846494256402
DMP1,DMP1,plasma,protein,A,0.3388394894858139,0.3813581474756424
DNAJA1,DNAJA1,plasma,protein,A,-0.1288646647563537,0.553526481510896
DNAJA2,DNAJA2,plasma,protein,A,-0.4264072046651476,0.6123147110879749
DNAJA4,DNAJA4,plasma,protein,A,-0.0106653773784611,0.5227005988144503
DNAJB1,DNAJB1,plasma,protein,A,-0.1144116380371023,0.7055947098509062
DNAJB14,DNAJB14,plasma,protein,A,-0.1951354216736443,0.4480300713653743
DNAJB2,DNAJB2,plasma,protein,A,-0.226732225126281,0.4198654304654073
DNAJB8,DNAJB8,plasma,protein,A,-0.02317434737114,0.2177079563353479
DNAJC21,DNAJC21,plasma,protein,A,-0.0926142942598889,0.28344549637719674
DNAJC6,DNAJC6,plasma,protein,A,-0.2296129759146656,0.5896388334409411
DNAJC9,DNAJC9,plasma,protein,A,-0.1825194397236081,0.7116505424213024
DNER,DNER,plasma,protein,A,0.1774789610906952,0.21744347113989973
DNLZ,DNLZ,plasma,protein,A,0.0038851245573967,1.0287035732794267
DNM1,DNM1,plasma,protein,A,0.0830152919029277,0.9344103534843011
DNM3,DNM3,plasma,protein,A,-0.0806014740006106,0.38998170346703676
DNMBP,DNMBP,plasma,protein,A,-0.2190755534387563,0.3553504388861327
DNPEP,DNPEP,plasma,protein,A,-0.1492920070066313,0.4051897506640531
DNPH1,DNPH1,plasma,protein,A,-0.0758887366598413,0.500650123169839
DOC2B,DOC2B,plasma,protein,A,-0.0487927822026029,0.4860755558681714
DOCK9,DOCK9,plasma,protein,A,0.1185525511100448,0.6852827318373046
DOK1,DOK1,plasma,protein,A,-0.3586095424780735,1.158588610273936
DOK2,DOK2,plasma,protein,A,-0.2324806687222816,0.7474405117429477
DPEP1,DPEP1,plasma,protein,A,0.1929405531667413,0.42289255825728644
DPEP2,DPEP2,plasma,protein,A,-1.0179742934052751,0.19489808321711566
DPP10,DPP10,plasma,protein,A,0.0566662272024739,0.2939863673681003
DPP4,DPP4,plasma,protein,A,0.0272997072377943,0.3044476553447644
DPP6,DPP6,plasma,protein,A,0.0420583383494771,0.2774798479951347
DPP7,DPP7,plasma,protein,A,-0.5311711209682217,0.5547197224134326
DPT,DPT,plasma,protein,A,-0.1561537284439445,0.28461566027207297
DPY30,DPY30,plasma,protein,A,-0.3238661485132705,0.3736712810812108
DRAXIN,DRAXIN,plasma,protein,A,0.4638510358446057,0.3253274968312639
DRG2,DRG2,plasma,protein,A,-0.0925317158921074,0.2860653600008509
DSC2,DSC2,plasma,protein,A,-0.2414185348720648,0.2341762054101819
DSCAM,DSCAM,plasma,protein,A,-0.5441522212870173,0.42499301803364226
DSG2,DSG2,plasma,protein,A,0.0674594013172292,0.2558972154700815
DSG3,DSG3,plasma,protein,A,0.1961620858649635,0.2567048567987945
DSG4,DSG4,plasma,protein,A,0.0978041126119824,0.3278991875567483
DTD1,DTD1,plasma,protein,A,-0.1271894728515255,0.8851311393482708
DTNB,DTNB,plasma,protein,A,-0.58323504495684,0.3248195125039144
DTX2,DTX2,plasma,protein,A,0.0893347995820343,0.9357950062054314
DTX3,DTX3,plasma,protein,A,-0.0247901741947748,0.1788187516553983
DTYMK,DTYMK,plasma,protein,A,-0.1620416965441822,0.5710219771440973
DUOX2,DUOX2,plasma,protein,A,0.0617198879348783,0.3493887959666237
DUSP13,DUSP13,plasma,protein,A,0.2905947237100812,0.37393292937694683
DUSP29,DUSP29,plasma,protein,A,-0.4425645469530919,0.7429439346048653
DUSP3,DUSP3,plasma,protein,A,0.0153824014083006,0.759613429323408
DUT,DUT,plasma,protein,A,-0.3109303769303254,0.7200175203272721
DXO,DXO,plasma,protein,A,-0.3369642755063313,0.37069824802730267
DYNC1H1,DYNC1H1,plasma,protein,A,-0.0031975638119869,0.2669947224744322
DYNLT1,DYNLT1,plasma,protein,A,-0.2468164520554464,0.4285038171216695
DYNLT3,DYNLT3,plasma,protein,A,-0.0311795846050158,0.49035065947978784
EBAG9,EBAG9,plasma,protein,A,-0.1275443657776573,0.53704573362549
ECHDC3,ECHDC3,plasma,protein,A,-0.2885271245254018,0.7205310344466892
ECHS1,ECHS1,plasma,protein,A,-0.4927825709932873,0.8788846830089005
ECI2,ECI2,plasma,protein,A,-0.1809942360050992,0.6641950488319582
ECM1,ECM1,plasma,protein,A,0.116797131242699,0.2067031789368541
ECSCR,ECSCR,plasma,protein,A,0.026536678508024,0.399569986760736
EDA2R,EDA2R,plasma,protein,A,-0.1435824108337205,0.2268478914507248
EDAR,EDAR,plasma,protein,A,-0.1049448597884298,0.44262276901680264
EDDM3B,EDDM3B,plasma,protein,A,0.028741569729231,0.3045847494886706
EDF1,EDF1,plasma,protein,A,-0.1032483795022405,0.7483899838100189
EDIL3,EDIL3,plasma,protein,A,0.1377600548522029,0.36560900761873694
EDN1,EDN1,plasma,protein,A,-0.0794604346779,0.19581228523229804
EDNRB,EDNRB,plasma,protein,A,0.0001627261295526,0.2114471146445284
EEF1D,EEF1D,plasma,protein,A,-0.3087867614860383,0.7223725984409664
EFCAB14,EFCAB14,plasma,protein,A,-0.1264101887456798,0.23112674800023522
EFCAB2,EFCAB2,plasma,protein,A,-0.0834496380322942,0.332402585771015
EFEMP1,EFEMP1,plasma,protein,A,-0.3049664847524638,0.3035757110291127
EFHD1,EFHD1,plasma,protein,A,-0.119878438676764,0.2858259073988984
EFNA4,EFNA4,plasma,protein,A,-0.2753216385685609,0.22714876964129554
EFNB2,EFNB2,plasma,protein,A,-0.0849439876609051,0.4705616864996078
EGF,EGF,plasma,protein,A,-0.1640110010522689,0.8607660054936261
EGFL7,EGFL7,plasma,protein,A,-0.2603843821256526,0.3071460425756235
EGFLAM,EGFLAM,plasma,protein,A,-0.1256824543412597,0.2535482792679272
EGFR,EGFR,plasma,protein,A,-0.1053401609823702,0.1420530180085414
EGLN1,EGLN1,plasma,protein,A,-0.2468899028197851,0.3478032142520755
EHBP1,EHBP1,plasma,protein,A,-0.0801516243862436,0.33278712533136845
EHD3,EHD3,plasma,protein,A,-0.0616220139793853,1.1218192644827585
EIF1AX,EIF1AX,plasma,protein,A,0.0370129485394827,0.32870438112889455
EIF2AK2,EIF2AK2,plasma,protein,A,-0.2648876645821684,0.8108471179906253
EIF2AK3,EIF2AK3,plasma,protein,A,-0.0862502919380659,0.8324423267930741
EIF2S2,EIF2S2,plasma,protein,A,-0.234593257936308,0.7268385772714082
EIF4B,EIF4B,plasma,protein,A,-0.1672306427943182,0.6958325064118227
EIF4E,EIF4E,plasma,protein,A,-0.3110500553409405,0.7525461949338164
EIF4EBP1,EIF4EBP1,plasma,protein,A,-0.0892996749391257,0.5566848075078021
EIF4G1,EIF4G1,plasma,protein,A,-0.4808315249914586,0.9805204576355435
EIF4G3,EIF4G3,plasma,protein,A,-0.2394858615384912,0.8053140792339409
EIF5,EIF5,plasma,protein,A,-0.0262506836300349,0.4979188481911775
EIF5A,EIF5A,plasma,protein,A,0.0013808245702833,0.30762388727386925
ELAC1,ELAC1,plasma,protein,A,-0.1784308240801483,0.6001874760407014
ELAVL4,ELAVL4,plasma,protein,A,0.0922701586679539,0.6192689907361739
ELN,ELN,plasma,protein,A,-0.3508439674875876,0.4152253288935164
ELOA,ELOA,plasma,protein,A,-0.1572097332987624,0.2852137813173087
ELOB,ELOB,plasma,protein,A,0.0241756868567273,0.4872666570091721
ENAH,ENAH,plasma,protein,A,-0.0909735425828664,0.3165407280127787
ENDOU,ENDOU,plasma,protein,A,-2.806919348646154,0.44988486522696736
ENG,ENG,plasma,protein,A,-0.1589563973665541,0.154392320295866
ENO1,ENO1,plasma,protein,A,-0.1523023183422917,0.5081851404813336
ENO2,ENO2,plasma,protein,A,-0.0321959713661054,0.422172894947103
ENO3,ENO3,plasma,protein,A,0.2985079485469326,0.47745248350400626
ENOPH1,ENOPH1,plasma,protein,A,0.1314774693883823,0.6411958008137092
ENPEP,ENPEP,plasma,protein,A,-0.1091226206199906,0.3981938822493966
ENPP2,ENPP2,plasma,protein,A,-0.8246843289846357,0.3525494203045174
ENPP5,ENPP5,plasma,protein,A,0.3816739853453936,0.26715271785429845
ENPP6,ENPP6,plasma,protein,A,0.3011684892632247,0.285355983031964
ENPP7,ENPP7,plasma,protein,A,-0.6633082245887716,0.7986362306256265
ENSA,ENSA,plasma,protein,A,-0.0805710663429843,0.7269535378355635
ENTPD2,ENTPD2,plasma,protein,A,0.0397392239981353,0.328047642287426
ENTPD5,ENTPD5,plasma,protein,A,0.0262733798729649,0.1705336641572313
ENTPD6,ENTPD6,plasma,protein,A,-0.1073252281663662,0.1526669409292436
ENTR1,ENTR1,plasma,protein,A,-0.2584135801281293,0.37168597917995194
EPB41L5,EPB41L5,plasma,protein,A,0.0437457219225004,0.5608722135869073
EPCAM,EPCAM,plasma,protein,A,0.4981590345210184,0.7875615458360482
EPGN,EPGN,plasma,protein,A,0.0077341141827863,0.2207272235165617
EPHA1,EPHA1,plasma,protein,A,-0.4770984109922497,0.2906472583836588
EPHA10,EPHA10,plasma,protein,A,0.0584971471640633,0.49075918921254413
EPHA2,EPHA2,plasma,protein,A,-0.3260874959245952,0.2943432810959343
EPHA4,EPHA4,plasma,protein,A,-0.0273827125183633,0.2862009105444745
EPHB4,EPHB4,plasma,protein,A,-0.3118770841222357,0.17663039283050802
EPHB6,EPHB6,plasma,protein,A,-0.2349925506806815,0.2423074697754091
EPN1,EPN1,plasma,protein,A,-0.0138177383527256,0.6069923317580229
EPO,EPO,plasma,protein,A,-1.0271799097845815,0.644098929018807
EPPK1,EPPK1,plasma,protein,A,-0.3901334860210015,0.3586695553515863
EPS8L2,EPS8L2,plasma,protein,A,-0.2976050833052807,0.2362775463797523
ERBB2,ERBB2,plasma,protein,A,-0.2461512572875823,0.20107774500001818
ERBB3,ERBB3,plasma,protein,A,-0.272717811943907,0.1286821920893002
ERBB4,ERBB4,plasma,protein,A,0.105749064211996,0.19623176190903802
ERBIN,ERBIN,plasma,protein,A,-0.2100136693162669,0.6446825407233063
ERC2,ERC2,plasma,protein,A,-0.0137327201764275,0.6738356604798947
ERCC1,ERCC1,plasma,protein,A,-0.0899024255884626,0.8290357529245139
EREG,EREG,plasma,protein,A,-0.0692728765894722,0.4083800323622594
ERI1,ERI1,plasma,protein,A,-0.0938898385439442,0.25495686559246966
ERMAP,ERMAP,plasma,protein,A,-0.2373555162083394,0.31136450457071657
ERN1,ERN1,plasma,protein,A,0.0936814084126686,0.3207768881936829
ERP29,ERP29,plasma,protein,A,-0.0998708538900157,0.9143516901363364
ERP44,ERP44,plasma,protein,A,-0.1091264006749314,0.15989620173031688
ERVV-1,ERVV-1,plasma,protein,A,-1.8505639744919833,0.6482318743511959
ESAM,ESAM,plasma,protein,A,-0.3844043547595743,0.23805028693763536
ESM1,ESM1,plasma,protein,A,0.2930429380360224,0.3541574674116017
ESPL1,ESPL1,plasma,protein,A,-0.0192258968003794,0.5810880364453155
ESR1,ESR1,plasma,protein,A,-0.1516420307716491,0.8396898687336676
ESYT2,ESYT2,plasma,protein,A,-0.1072550157960878,0.6723912787880032
EVI2B,EVI2B,plasma,protein,A,0.048153113716165,0.5297023287584892
EVI5,EVI5,plasma,protein,A,-0.2837501302506704,0.6038876885799938
EVPL,EVPL,plasma,protein,A,-0.0696604826306259,0.5286114046737792
EXOSC10,EXOSC10,plasma,protein,A,0.0407947361201851,0.3090678401577427
EXTL1,EXTL1,plasma,protein,A,0.0532170373424312,0.509851903636663
EZR,EZR,plasma,protein,A,-0.0723458466763907,0.1641177399949038
F10,F10,plasma,protein,A,-0.2597682917089522,0.20766542089497422
F11,F11,plasma,protein,A,0.2581329761080616,0.18552108203325857
F11R,F11R,plasma,protein,A,-0.3684262665075254,0.2712123325815398
F12,F12,plasma,protein,A,-0.2477745029836795,0.3214109777102344
F13B,F13B,plasma,protein,A,-0.0459996679538613,0.1877786768239336
F2,F2,plasma,protein,A,-0.0115460492731714,0.14701558432934392
F2R,F2R,plasma,protein,A,-0.1277334883667312,0.344260975575053
F3,F3,plasma,protein,A,0.0617712883012008,0.22500483157605
F7,F7,plasma,protein,A,-0.4722295630680053,0.3183263751307659
F9,F9,plasma,protein,A,-0.0880117294698414,0.1682172119692221
FABP1,FABP1,plasma,protein,A,-0.7112645457810691,0.8777958737940277
FABP2,FABP2,plasma,protein,A,-0.0895490814831591,0.487199178317
FABP3,FABP3,plasma,protein,A,-0.7724032554754916,0.4423204849407573
FABP4,FABP4,plasma,protein,A,-0.2609987908832633,0.5906264658691864
FABP5,FABP5,plasma,protein,A,-0.2346266247735746,0.775582509606173
FABP6,FABP6,plasma,protein,A,-0.0324293151385907,0.33045536083545624
FABP9,FABP9,plasma,protein,A,0.0031469499396344,0.4414458505749312
FADD,FADD,plasma,protein,A,-0.3642788721532973,0.5365965271520818
FAM13A,FAM13A,plasma,protein,A,-0.6243360501181615,0.5121316754959949
FAM171A2,FAM171A2,plasma,protein,A,0.0268461804340264,1.0225408098439683
FAM171B,FAM171B,plasma,protein,A,-0.5747060984279766,0.2303772417199199
FAM172A,FAM172A,plasma,protein,A,-0.1482159510318649,0.3964313400378102
FAM20A,FAM20A,plasma,protein,A,0.0469642066299824,0.2809453203806618
FAM3B,FAM3B,plasma,protein,A,-0.2036258909519928,0.2610141371138706
FAM3C,FAM3C,plasma,protein,A,-0.160964850868515,0.256500034636437
FAM3D,FAM3D,plasma,protein,A,0.0523924966460509,0.5968268251050483
FAP,FAP,plasma,protein,A,-0.0875274176499234,0.2581363160805448
FARSA,FARSA,plasma,protein,A,-0.2273821674107773,0.6307427088771578
FAS,FAS,plasma,protein,A,-0.2186844525188401,0.2388882685705804
FASLG,FASLG,plasma,protein,A,0.0259652506688428,0.2242329869385893
FBLN2,FBLN2,plasma,protein,A,-0.2744356147250288,0.2540838965270186
FBN2,FBN2,plasma,protein,A,-2.080778334413268,0.5483366254843625
FBP1,FBP1,plasma,protein,A,0.0400576901528572,0.7525848191457681
FCAMR,FCAMR,plasma,protein,A,0.1403070354008976,0.6975630547923107
FCAR,FCAR,plasma,protein,A,-0.0044050893422652,0.41546562366857304
FCER1A,FCER1A,plasma,protein,A,0.1136334828971829,0.19285035468574352
FCER2,FCER2,plasma,protein,A,0.023220655042328,0.3690117094066616
FCGR2A,FCGR2A,plasma,protein,A,-0.0231536977772611,0.2907967548385857
FCGR2B,FCGR2B,plasma,protein,A,0.0524784767074603,0.5138731610368519
FCGR3B,FCGR3B,plasma,protein,A,0.1745419267480981,0.3598190990149386
FCN1,FCN1,plasma,protein,A,0.0988347828992251,0.4740154054148335
FCN2,FCN2,plasma,protein,A,0.0161372003650001,0.3341617411200627
FCRL1,FCRL1,plasma,protein,A,0.3833812089157592,0.3632000253966613
FCRL2,FCRL2,plasma,protein,A,0.0670071534413904,0.361731430083112
FCRL3,FCRL3,plasma,protein,A,0.1321619755248079,0.5048932432877281
FCRL5,FCRL5,plasma,protein,A,0.1052941289253561,0.44516429652635764
FCRL6,FCRL6,plasma,protein,A,0.0040744000900746,0.5227456473781488
FCRLB,FCRLB,plasma,protein,A,-0.034176403490749,0.3525549096177432
FDX1,FDX1,plasma,protein,A,0.0352782380527814,0.430806135444629
FDX2,FDX2,plasma,protein,A,-0.0936860061082652,0.49908446227278913
FEN1,FEN1,plasma,protein,A,-0.0685771587606699,0.2696179813399902
FES,FES,plasma,protein,A,-0.0337123125696179,0.46389977776506064
FETUB,FETUB,plasma,protein,A,-0.1634591083007094,0.2004916190653295
FGA,FGA,plasma,protein,A,-0.1789727030070897,0.2415793755504481
FGD3,FGD3,plasma,protein,A,-0.3003002882985481,0.8884046460102706
FGF12,FGF12,plasma,protein,A,0.0385347918428535,0.31140370860074684
FGF16,FGF16,plasma,protein,A,0.0061010835039059,0.6212703102244552
FGF19,FGF19,plasma,protein,A,0.035892665809579,0.6214957436171122
FGF2,FGF2,plasma,protein,A,-0.122606452449498,0.3787848539961254
FGF20,FGF20,plasma,protein,A,-0.0984150668957004,0.2466281073470955
FGF21,FGF21,plasma,protein,A,-0.5383763279417633,1.6873687018424073
FGF23,FGF23,plasma,protein,A,-0.6819357083983689,0.4033145085721538
FGF5,FGF5,plasma,protein,A,0.0865287584385603,0.3333456269912614
FGF6,FGF6,plasma,protein,A,0.0743570128575371,0.4583661057839102
FGF7,FGF7,plasma,protein,A,0.0273810203207025,0.7254738468071449
FGF9,FGF9,plasma,protein,A,-0.1471152656109078,0.832209007741534
FGFBP1,FGFBP1,plasma,protein,A,-0.2127109592391432,0.2771945534253305
FGFBP2,FGFBP2,plasma,protein,A,-0.1379023394846725,0.33954367005464825
FGFBP3,FGFBP3,plasma,protein,A,0.0994144018206251,0.2382186572091069
FGFR2,FGFR2,plasma,protein,A,0.0690132833001233,0.1797259973496863
FGFR4,FGFR4,plasma,protein,A,0.4759257379945583,0.5436872524719251
FGL1,FGL1,plasma,protein,A,-0.4230833182419127,0.4800283025759021
FGR,FGR,plasma,protein,A,-0.1463495000828725,0.3840923148715306
FH,FH,plasma,protein,A,-0.1365796485458648,0.8123464519169796
FHIP2A,FHIP2A,plasma,protein,A,0.0671770833565207,0.42706456594846465
FHIT,FHIT,plasma,protein,A,-0.133554240962472,0.6334909234661075
FIS1,FIS1,plasma,protein,A,-0.297774310351199,0.4296281231942293
FKBP14,FKBP14,plasma,protein,A,-0.3122659305728261,0.5018871494413875
FKBP1B,FKBP1B,plasma,protein,A,-0.1381280581261499,0.46748123975802935
FKBP4,FKBP4,plasma,protein,A,-0.1210469663900295,0.3798967612300364
FKBP5,FKBP5,plasma,protein,A,-0.256801970161691,0.8773024029587362
FKBP7,FKBP7,plasma,protein,A,0.069238280150538,0.3443993295420721
FKBPL,FKBPL,plasma,protein,A,-0.3618924962394112,0.46924573407709813
FLRT2,FLRT2,plasma,protein,A,-0.0643963246083237,0.32622443313482097
FLT1,FLT1,plasma,protein,A,-0.0778777299200521,0.2247647218221646
FLT3,FLT3,plasma,protein,A,0.3099475481837821,0.37292963718063143
FLT3LG,FLT3LG,plasma,protein,A,-0.0875255897365394,0.270506073045528
FLT4,FLT4,plasma,protein,A,-0.9280134722329252,0.2343028023930548
FMNL1,FMNL1,plasma,protein,A,0.0041003547984989,0.4142510732509559
FMR1,FMR1,plasma,protein,A,-0.0478375199751828,0.6510312984768258
FN1,FN1,plasma,protein,A,0.0108535429430737,0.2381749107531099
FNDC1,FNDC1,plasma,protein,A,0.0066039457768439,0.4266258175743606
FNTA,FNTA,plasma,protein,A,-0.1941310965719227,0.37042909212685704
FOLH1,FOLH1,plasma,protein,A,-0.2851201856462881,0.5469523794916643
FOLR1,FOLR1,plasma,protein,A,-0.3954146400979342,0.229347126580487
FOLR2,FOLR2,plasma,protein,A,0.0196241621213386,0.2203194031616775
FOLR3,FOLR3,plasma,protein,A,-3.7934321497814656,0.3453414986791161
FOS,FOS,plasma,protein,A,-0.144687994105454,0.7100777445885316
FOSB,FOSB,plasma,protein,A,-0.0237555410831957,0.289480133648712
FOXJ3,FOXJ3,plasma,protein,A,-0.1308395079743339,0.347317760942926
FOXO1,FOXO1,plasma,protein,A,-0.2000936376192385,0.6125466896959629
FOXO3,FOXO3,plasma,protein,A,-0.1653688790143597,0.8309242008135955
FRMD4B,FRMD4B,plasma,protein,A,-0.0409405971738576,0.905480788438914
FRMD7,FRMD7,plasma,protein,A,-0.0009614454027162,0.2880752226670686
FRZB,FRZB,plasma,protein,A,-0.1041161733270362,0.26268817202928707
FSHB,FSHB,plasma,protein,A,-0.0248799186840597,0.2320248558935381
FST,FST,plasma,protein,A,-0.702874113469492,0.4415745817476835
FSTL1,FSTL1,plasma,protein,A,-0.1119741392362012,0.130868766124682
FSTL3,FSTL3,plasma,protein,A,-0.1936950693906259,0.2804897435405508
FTCD,FTCD,plasma,protein,A,-0.4408688147752154,0.8747929077327048
FUCA1,FUCA1,plasma,protein,A,-0.4223772176800237,0.5630758835929774
FURIN,FURIN,plasma,protein,A,-0.4998295057216688,0.3013584580011077
FUS,FUS,plasma,protein,A,-0.1811847228612623,0.28844877678979447
FUT1,FUT1,plasma,protein,A,-0.1656087932922649,0.5762399819907167
FUT3_FUT5,FUT3_FUT5,plasma,protein,A,-0.1487330491615458,0.2946145801412776
FUT8,FUT8,plasma,protein,A,-0.2773205925838092,0.2678926163089317
FXN,FXN,plasma,protein,A,-0.1287537012996773,0.37030448186029064
FXYD5,FXYD5,plasma,protein,A,-0.1881424957543791,0.5207835047747106
FYB1,FYB1,plasma,protein,A,-0.3461518394208062,0.8647854792224731
FZD10,FZD10,plasma,protein,A,-0.0420030531736819,0.8577207073727622
FZD8,FZD8,plasma,protein,A,-0.0265311019869342,0.4171046338730588
GABARAP,GABARAP,plasma,protein,A,0.1244531529915117,0.5622355035262778
GABRA4,GABRA4,plasma,protein,A,-0.0529628797534167,0.7731150822018849
GAD1,GAD1,plasma,protein,A,-0.1473335135147498,0.5469621642770188
GAD2,GAD2,plasma,protein,A,-0.0051864508410239,0.3747841843107965
GADD45B,GADD45B,plasma,protein,A,-0.0695683117433521,0.537468895268647
GADD45GIP1,GADD45GIP1,plasma,protein,A,-0.0186142519366477,0.3451663507950685
GAGE2A,GAGE2A,plasma,protein,A,-0.129391127971093,0.7704454372697763
GAL,GAL,plasma,protein,A,0.2599664354444703,0.5385818879970083
GALNT10,GALNT10,plasma,protein,A,-0.2865710892533115,0.21452600980353848
GALNT2,GALNT2,plasma,protein,A,-0.162830566879941,0.16636448136933582
GALNT3,GALNT3,plasma,protein,A,-0.2223965765714446,0.3528738152550734
GALNT5,GALNT5,plasma,protein,A,0.2094689599994796,0.3925802847527263
GALNT7,GALNT7,plasma,protein,A,0.0924889445911182,0.1875437390876569
GAMT,GAMT,plasma,protein,A,0.0269990515149714,0.3130693745105857
GAPDH,GAPDH,plasma,protein,A,-0.1834579870833637,0.5091344741675017
GART,GART,plasma,protein,A,-0.0415277777971358,0.2017442613556593
GAS2,GAS2,plasma,protein,A,-0.0002751675457677,0.4322620150883984
GAS6,GAS6,plasma,protein,A,0.013667505761435,0.23094002150366089
GASK1A,GASK1A,plasma,protein,A,-0.1390796331367502,0.5128427899035868
GAST,GAST,plasma,protein,A,-0.2525953424830308,0.5977627034917146
GATA3,GATA3,plasma,protein,A,-0.1828531684958592,0.46063057195581836
GATD3,GATD3,plasma,protein,A,-0.0288715398779186,0.5072210637734509
GBA,GBA,plasma,protein,A,-0.4795860272613613,0.5046229207640034
GBP1,GBP1,plasma,protein,A,-0.1320759634651416,0.4314411844199958
GBP2,GBP2,plasma,protein,A,-0.1275419475743144,0.8190329650340809
GBP4,GBP4,plasma,protein,A,-0.0118694405962487,0.2269075628567689
GC,GC,plasma,protein,A,-0.1149334063563999,0.2936570403857822
GCC1,GCC1,plasma,protein,A,-0.3772428414238314,0.8258452265163658
GCG,GCG,plasma,protein,A,-0.4623011060627749,0.9065043559429498
GCHFR,GCHFR,plasma,protein,A,-0.1411325159389365,0.4405759560199951
GCLM,GCLM,plasma,protein,A,-0.0575337564455292,0.4014499855775952
GCNT1,GCNT1,plasma,protein,A,-0.1921980415050252,0.2636061234355124
GDF15,GDF15,plasma,protein,A,-0.9235482801702144,0.4119750337846877
GDF2,GDF2,plasma,protein,A,-0.0630471561593262,0.298013498528137
GDNF,GDNF,plasma,protein,A,0.0233452486843209,0.30272896474766703
GET3,GET3,plasma,protein,A,-0.1306303812004249,0.35169057168074525
GFAP,GFAP,plasma,protein,A,0.029402320718741,0.3224393339522887
GFER,GFER,plasma,protein,A,-0.1423065128897388,0.3254470284475336
GFOD2,GFOD2,plasma,protein,A,0.0001500976145398,0.6423979340791456
GFRA1,GFRA1,plasma,protein,A,0.016769908310232,0.2293375716676657
GFRA2,GFRA2,plasma,protein,A,0.0386580525392237,0.19652670145311432
GFRA3,GFRA3,plasma,protein,A,0.1307327699309731,0.1931473541961729
GFRAL,GFRAL,plasma,protein,A,0.4266045473496032,0.6136118552435694
GGA1,GGA1,plasma,protein,A,0.0710120052399702,0.4922155376168692
GGACT,GGACT,plasma,protein,A,-0.2140874802975475,0.7376391263903113
GGCT,GGCT,plasma,protein,A,-0.0775460754907915,0.4210507953912055
GGH,GGH,plasma,protein,A,0.0009196564321829,0.260126363912683
GGT1,GGT1,plasma,protein,A,0.4024269704524016,0.34580391037686303
GGT5,GGT5,plasma,protein,A,0.0244617169418708,0.1839739114416168
GH1,GH1,plasma,protein,A,0.1545736626747045,0.1917089062172915
GH2,GH2,plasma,protein,A,-0.3213246349874236,0.8802967064302373
GHR,GHR,plasma,protein,A,0.2754133939514923,0.3063247089456524
GHRHR,GHRHR,plasma,protein,A,0.0148770711445322,0.5625067192310998
GHRL,GHRL,plasma,protein,A,0.2413532675229451,0.6538904948238063
GID8,GID8,plasma,protein,A,-0.031338746146506,0.3226715093769043
GIGYF2,GIGYF2,plasma,protein,A,-0.2285799936207149,0.35911946886316226
GIMAP7,GIMAP7,plasma,protein,A,0.0769726487991876,0.21502142994364531
GIMAP8,GIMAP8,plasma,protein,A,-0.1286205873750281,0.3874222095286367
GIPC2,GIPC2,plasma,protein,A,-0.0399195186980808,0.227557084656241
GIPC3,GIPC3,plasma,protein,A,-0.0771335569384124,0.9539397278314625
GIT1,GIT1,plasma,protein,A,-0.3312631231243527,0.700101038232381
GJA8,GJA8,plasma,protein,A,-0.1466448209486237,0.7194248815712132
GKN1,GKN1,plasma,protein,A,-0.0323218490239211,0.2630853117139409
GLB1,GLB1,plasma,protein,A,-0.2925218314045995,0.2816811320015778
GLI2,GLI2,plasma,protein,A,0.0299128440904544,0.21550865512346432
GLO1,GLO1,plasma,protein,A,-0.0891613012443677,0.48121229197391124
GLOD4,GLOD4,plasma,protein,A,-0.1104765494391604,0.37501580743398016
GLP1R,GLP1R,plasma,protein,A,-0.0515093319101288,0.5193783208363192
GLRX,GLRX,plasma,protein,A,-0.0359027389507456,0.4305511405032517
GLRX5,GLRX5,plasma,protein,A,-0.1355249129974843,0.4133040345117266
GLT8D2,GLT8D2,plasma,protein,A,-0.0045640584215172,0.6273373116678027
GLYR1,GLYR1,plasma,protein,A,-0.1501636836234569,0.36549118036055184
GM2A,GM2A,plasma,protein,A,-0.3366008264638452,0.2573231782255637
GMFG,GMFG,plasma,protein,A,-0.0972796231161273,0.6757725093919267
GMPR,GMPR,plasma,protein,A,-0.1017280366115852,0.5408521628493093
GMPR2,GMPR2,plasma,protein,A,-0.0806728368364201,0.5414536410887069
GNAS,GNAS,plasma,protein,A,-0.027401813371327,0.3381626854480396
GNE,GNE,plasma,protein,A,-0.1143565226104777,0.3090906644045968
GNGT1,GNGT1,plasma,protein,A,0.0276287608110275,0.5072185913320649
GNLY,GNLY,plasma,protein,A,0.343502905266335,0.358257884336281
GNPDA1,GNPDA1,plasma,protein,A,0.0095787847571927,0.2670727643586246
GNPDA2,GNPDA2,plasma,protein,A,-0.2067349166244657,0.2351693380905861
GOLGA3,GOLGA3,plasma,protein,A,-0.1844398947878637,0.5908646239719118
GOLM2,GOLM2,plasma,protein,A,-0.1362157306672431,0.172157848241396
GOPC,GOPC,plasma,protein,A,-0.3210352423754465,0.8084988377119602
GORASP2,GORASP2,plasma,protein,A,-0.1644602061957829,0.36947141119282395
GOT1,GOT1,plasma,protein,A,-0.031198213125883,0.2850823968809631
GP1BA,GP1BA,plasma,protein,A,-0.074540123327552,0.19380621757981992
GP1BB,GP1BB,plasma,protein,A,-0.0609402923268925,0.4831087084076235
GP2,GP2,plasma,protein,A,-0.0630382879558975,0.6201078229450969
GP5,GP5,plasma,protein,A,-0.0812040696602845,0.35464919393158106
GP6,GP6,plasma,protein,A,-0.2533499214164332,0.49989783058446724
GPA33,GPA33,plasma,protein,A,0.628108409611523,1.1298934690933171
GPC1,GPC1,plasma,protein,A,0.0365974078101467,0.1974874790648645
GPC5,GPC5,plasma,protein,A,0.3020469282790242,0.3333780576490532
GPD1,GPD1,plasma,protein,A,0.0543775468296239,0.5063810274338539
GPHA2,GPHA2,plasma,protein,A,0.0908836919998726,0.2786573870147329
GPI,GPI,plasma,protein,A,-0.1314725911751514,0.339624113902702
GPIHBP1,GPIHBP1,plasma,protein,A,0.0502303613682555,0.2988067966693504
GPKOW,GPKOW,plasma,protein,A,-0.0302703529213422,0.1494495951669253
GPNMB,GPNMB,plasma,protein,A,-0.1665085982933395,0.19633887955993648
GPR101,GPR101,plasma,protein,A,-0.0225014804853265,0.6488499678009234
GPR158,GPR158,plasma,protein,A,0.1216076017782038,0.2837476499479721
GPR15L,GPR15L,plasma,protein,A,0.1393667115171525,0.6571910742376802
GPR37,GPR37,plasma,protein,A,-0.7618484891380763,0.4339696083690019
GPRC5C,GPRC5C,plasma,protein,A,-0.3905687354346629,0.6934762169201494
GRAP2,GRAP2,plasma,protein,A,-0.3777401872901937,0.88235860531731
GRHPR,GRHPR,plasma,protein,A,-0.1659138110386502,0.5710386885297069
GRIK2,GRIK2,plasma,protein,A,0.0001742251402439,0.3109594561033438
GRIN2B,GRIN2B,plasma,protein,A,0.0455183274165917,0.40188452271052444
GRK5,GRK5,plasma,protein,A,-0.0089135872341632,0.621896820057809
GRN,GRN,plasma,protein,A,-0.831680013547785,0.23833421993799064
GRP,GRP,plasma,protein,A,-0.3049808130414652,0.4518924229456673
GRPEL1,GRPEL1,plasma,protein,A,-0.0797753897629157,0.3497139333431536
GRSF1,GRSF1,plasma,protein,A,-0.1067572332257945,0.7515318633640791
GSAP,GSAP,plasma,protein,A,-0.0389594277557907,0.6136913207390775
GSN,GSN,plasma,protein,A,0.1383639262703543,0.1372693466633127
GSR,GSR,plasma,protein,A,0.037864755990914,0.17574050548061482
GSTA1,GSTA1,plasma,protein,A,-0.0591457003162472,0.9520836600212508
GSTA3,GSTA3,plasma,protein,A,-0.5960389063353393,0.4521745912630244
GSTM4,GSTM4,plasma,protein,A,0.0325922315024778,0.5816507608835487
GSTP1,GSTP1,plasma,protein,A,0.0238054198777178,0.5049861170779467
GSTT2B,GSTT2B,plasma,protein,A,-0.1879485878010109,1.533162075970803
GTF2IRD1,GTF2IRD1,plasma,protein,A,-0.005823201797403,0.30614312637624486
GTPBP2,GTPBP2,plasma,protein,A,-0.2159202449761733,0.6958066108440063
GUCA2A,GUCA2A,plasma,protein,A,0.0107686495011445,0.28832517839859517
GUCY2C,GUCY2C,plasma,protein,A,-0.0273040553178592,0.6837725037873741
GUK1,GUK1,plasma,protein,A,-0.0262741924300219,0.46328021054460455
GUSB,GUSB,plasma,protein,A,-0.8364672717465895,0.4783330282564875
GYS1,GYS1,plasma,protein,A,-0.0737744106638211,0.7165294362898926
GZMA,GZMA,plasma,protein,A,0.2463201494938925,0.2733376470037642
GZMB,GZMB,plasma,protein,A,0.114348937105013,0.3568221112315828
GZMH,GZMH,plasma,protein,A,0.1176582611648661,0.5306946462676166
H2AP,H2AP,plasma,protein,A,-0.0438755637552048,0.4952979183783001
HADH,HADH,plasma,protein,A,-0.0319542244341932,0.5520015447442643
HAGH,HAGH,plasma,protein,A,0.124487491311495,0.5705149992527987
HAO1,HAO1,plasma,protein,A,-0.444085984851877,0.9281351542610652
HARS1,HARS1,plasma,protein,A,-0.1265763874577292,0.3194702290383436
HAVCR1,HAVCR1,plasma,protein,A,-0.5063995089006803,0.4808903939227889
HAVCR2,HAVCR2,plasma,protein,A,-0.0582137261014226,0.2722434299331999
HBEGF,HBEGF,plasma,protein,A,-0.0974287380507093,0.4551753887371963
HBQ1,HBQ1,plasma,protein,A,0.0917762956291961,0.41643614912851
HBZ,HBZ,plasma,protein,A,0.008034423222079,0.8440572854327333
HCG22,HCG22,plasma,protein,A,0.1168900404616029,0.6457462765323653
HCLS1,HCLS1,plasma,protein,A,-0.3723698459087859,0.5561769217344198
HDAC8,HDAC8,plasma,protein,A,0.0012909706951996,0.657391052668363
HDAC9,HDAC9,plasma,protein,A,-0.0769731153021916,0.8717785291081259
HDDC2,HDDC2,plasma,protein,A,0.0256829311486542,0.1976974675185195
HDGF,HDGF,plasma,protein,A,-0.3200542598065138,0.6865548640933833
HDGFL2,HDGFL2,plasma,protein,A,-0.2082740565562642,0.429167768295759
HEG1,HEG1,plasma,protein,A,-0.160302437446252,0.24285227980122132
HEPACAM2,HEPACAM2,plasma,protein,A,0.1132986594202709,0.3926012241783356
HEPH,HEPH,plasma,protein,A,0.0298972603173448,0.1760352929577726
HEXIM1,HEXIM1,plasma,protein,A,-0.4868397569329624,0.5842813532330238
HGFAC,HGFAC,plasma,protein,A,0.4935666408283337,0.2331946076648142
HGS,HGS,plasma,protein,A,-0.1050951290190198,0.46228989373869117
HHEX,HHEX,plasma,protein,A,-0.4810657758162042,0.5594601388121154
HIF1A,HIF1A,plasma,protein,A,0.0287049016501985,0.434486055924897
HIP1,HIP1,plasma,protein,A,0.0110997747810155,0.2922957597160888
HIP1R,HIP1R,plasma,protein,A,-0.2325455398441335,0.2744219122675904
HJV,HJV,plasma,protein,A,-0.3865458627551614,0.3175974342967602
HK2,HK2,plasma,protein,A,0.0024022934665345,0.5116688970331009
HLA-A,HLA-A,plasma,protein,A,-0.1008710994193688,0.37177310544938647
HLA-DRA,HLA-DRA,plasma,protein,A,-0.0570572437607953,0.4359229289921206
HLA-E,HLA-E,plasma,protein,A,0.0124327404446435,0.2044336159805864
HMBS,HMBS,plasma,protein,A,-0.0414660633828011,0.4357219243971236
HMCN2,HMCN2,plasma,protein,A,-0.0851665641712726,0.3515085109058237
HMGCL,HMGCL,plasma,protein,A,-0.0774476721804043,0.49559557624663
HMGCS1,HMGCS1,plasma,protein,A,0.1451930068263137,0.5661885548407701
HMMR,HMMR,plasma,protein,A,-0.1481004441450576,0.6031502172005498
HMOX1,HMOX1,plasma,protein,A,0.2381116833563469,0.29193715593933534
HMOX2,HMOX2,plasma,protein,A,-0.0990511849767144,0.2873737594001592
HNF1A,HNF1A,plasma,protein,A,0.0595167077449214,0.6981490962630968
HNMT,HNMT,plasma,protein,A,-0.1042418037935233,0.4060524785976648
HNRNPK,HNRNPK,plasma,protein,A,-0.3673823944230508,0.5965405239689965
HNRNPUL1,HNRNPUL1,plasma,protein,A,-0.1735572990289716,0.4061265615655812
HPCAL1,HPCAL1,plasma,protein,A,-0.1189723954656472,0.6182667115885503
HPGDS,HPGDS,plasma,protein,A,0.103227759542684,0.3085696844671386
HPSE,HPSE,plasma,protein,A,-0.2664825549154631,0.8021110476397382
HRAS,HRAS,plasma,protein,A,-0.039952027284644,0.6536629946628819
HRC,HRC,plasma,protein,A,0.0907962820348555,0.2168475644932678
HRG,HRG,plasma,protein,A,0.504472163225446,0.33968521034260823
HS1BP3,HS1BP3,plasma,protein,A,-0.3174680646344361,0.5491961247354811
HS3ST3B1,HS3ST3B1,plasma,protein,A,-0.2227368620681752,0.34187540659709414
HS6ST1,HS6ST1,plasma,protein,A,-0.5000825714068416,0.32231209587798126
HS6ST2,HS6ST2,plasma,protein,A,-0.3638298187158525,0.29282354867531624
HSBP1,HSBP1,plasma,protein,A,-0.2281601713558269,0.3796436017146618
HSD11B1,HSD11B1,plasma,protein,A,-0.1185116452108884,0.2996680376689707
HSD17B14,HSD17B14,plasma,protein,A,-0.58475369948708,0.5487080672748114
HSD17B3,HSD17B3,plasma,protein,A,-0.0360818053123358,0.6306464994821276
HSDL2,HSDL2,plasma,protein,A,-0.0443901741592356,0.4548064137862743
HSP90B1,HSP90B1,plasma,protein,A,0.024347123716559,0.7329149632285192
HSPA1A,HSPA1A,plasma,protein,A,-0.1321173871564797,0.2731857480217188
HSPA2,HSPA2,plasma,protein,A,-0.174039145477733,0.3019625845195246
HSPB1,HSPB1,plasma,protein,A,-0.9165120361965752,1.0022274031722778
HSPB6,HSPB6,plasma,protein,A,-0.9929031593701626,0.23936976077079763
HSPG2,HSPG2,plasma,protein,A,-0.1486242521478366,0.19568719473288798
HTR1A,HTR1A,plasma,protein,A,-0.0669691147168972,0.7141499373492772
HTRA2,HTRA2,plasma,protein,A,-0.0125986521518469,0.3356181721364735
HYAL1,HYAL1,plasma,protein,A,-0.2950525238669499,0.20932266629969942
HYOU1,HYOU1,plasma,protein,A,-0.219102192711608,0.1646863793881851
ICA1,ICA1,plasma,protein,A,-0.2170043371405627,0.5407350021061181
ICAM1,ICAM1,plasma,protein,A,0.0075241330407026,0.22500269107456208
ICAM2,ICAM2,plasma,protein,A,0.1227085768036443,0.26176505053319465
ICAM3,ICAM3,plasma,protein,A,0.1610452068518247,0.1924115764566852
ICAM4,ICAM4,plasma,protein,A,0.085750398672655,0.3382725127201362
ICAM5,ICAM5,plasma,protein,A,0.1638674763365015,0.3507100088368808
ICOSLG,ICOSLG,plasma,protein,A,0.0247012224942766,0.15076521520663821
ID4,ID4,plasma,protein,A,-0.1197088518590816,0.3178939254994124
IDI2,IDI2,plasma,protein,A,-0.0959274266064644,0.3528924697913722
IDO1,IDO1,plasma,protein,A,0.0654733863864503,0.3686022466462085
IDUA,IDUA,plasma,protein,A,-0.1131439389977554,0.2841574325918871
IFI30,IFI30,plasma,protein,A,-0.4729777651704291,0.25958139589668294
IFIT3,IFIT3,plasma,protein,A,-0.211770595400061,0.541728899039164
IFNAR1,IFNAR1,plasma,protein,A,-0.011151429980141,0.13914042154925338
IFNG,IFNG,plasma,protein,A,0.0907874140966403,0.6301803868757067
IFNGR1,IFNGR1,plasma,protein,A,-0.2388436659031902,0.1688654625416863
IFNGR2,IFNGR2,plasma,protein,A,-0.4368975523239951,0.36180912360500417
IFNL1,IFNL1,plasma,protein,A,-0.0061795891147471,0.5676294824953638
IFNL2,IFNL2,plasma,protein,A,0.0533636393593237,0.6090437632606251
IFNLR1,IFNLR1,plasma,protein,A,0.0747642783753782,0.302705794632193
IFNW1,IFNW1,plasma,protein,A,0.0612599135199799,0.4516653451190333
IFT20,IFT20,plasma,protein,A,-0.1626393146208118,0.4687330321138593
IGBP1,IGBP1,plasma,protein,A,-0.1171280994211507,0.5499197128824594
IGDCC3,IGDCC3,plasma,protein,A,-0.0684012029178774,0.39981880418128923
IGDCC4,IGDCC4,plasma,protein,A,-0.2310215861585483,0.2710407334751291
IGF1R,IGF1R,plasma,protein,A,-0.0035435725191138,0.1370076459962145
IGF2BP3,IGF2BP3,plasma,protein,A,-0.0420673866354985,0.38110403892758227
IGF2R,IGF2R,plasma,protein,A,-0.3228226573105618,0.15966377368507279
IGFBP1,IGFBP1,plasma,protein,A,-0.6942830037650967,0.7026581578248243
IGFBP2,IGFBP2,plasma,protein,A,-0.0645982846496903,0.5892125200034919
IGFBP3,IGFBP3,plasma,protein,A,-0.0785112556810423,0.21465439408324283
IGFBP4,IGFBP4,plasma,protein,A,-0.8537859222405436,0.3826854212484801
IGFBP6,IGFBP6,plasma,protein,A,-0.0735248418040671,0.2297078073451646
IGFBP7,IGFBP7,plasma,protein,A,0.2033682433601353,0.2068729246381566
IGFBPL1,IGFBPL1,plasma,protein,A,-0.4921934082526967,0.27618620593404103
IGFL4,IGFL4,plasma,protein,A,0.1009578210464088,0.8115022661328659
IGHMBP2,IGHMBP2,plasma,protein,A,-0.1326917335609519,0.6336353871153791
IGLC2,IGLC2,plasma,protein,A,0.0013589284707319,0.1388015503962704
IGLON5,IGLON5,plasma,protein,A,-0.0173504735263835,0.4600803176746535
IGSF21,IGSF21,plasma,protein,A,0.0967148516859469,0.29922476517188
IGSF3,IGSF3,plasma,protein,A,-2.3898471051997943,0.3470825123126122
IGSF9,IGSF9,plasma,protein,A,-1.3406700504357645,0.9863801368080147
IKBKG,IKBKG,plasma,protein,A,-0.4239127851835501,0.6149703782801588
IKZF2,IKZF2,plasma,protein,A,-0.0680585462858076,0.754560276737811
IL10,IL10,plasma,protein,A,-0.1660404896488814,0.4927987932003568
IL10RA,IL10RA,plasma,protein,A,0.1076513022421008,0.4153155707228068
IL10RB,IL10RB,plasma,protein,A,-0.397911164096046,0.28378561356959664
IL11,IL11,plasma,protein,A,-0.1469854858554571,0.5218868125249446
IL12A_IL12B,IL12A_IL12B,plasma,protein,A,0.3710755855870743,0.6407648003041656
IL12B,IL12B,plasma,protein,A,0.2737903945930093,0.4554939855719301
IL12RB1,IL12RB1,plasma,protein,A,-0.0326685930615293,0.3788389542019015
IL12RB2,IL12RB2,plasma,protein,A,0.0151965987020749,0.5700497963287373
IL13,IL13,plasma,protein,A,0.0217042221009624,0.6088147922745659
IL13RA1,IL13RA1,plasma,protein,A,0.0335685512089745,0.1826939192664123
IL13RA2,IL13RA2,plasma,protein,A,0.0697675695809956,0.6484787881079765
IL15,IL15,plasma,protein,A,-0.1199234140317539,0.1963128248464323
IL15RA,IL15RA,plasma,protein,A,-0.2263158895311906,0.3019802928835179
IL16,IL16,plasma,protein,A,-0.0147029473483072,0.3059464488138724
IL17A,IL17A,plasma,protein,A,0.2693479843280851,0.5457925616294389
IL17C,IL17C,plasma,protein,A,-0.3914105339748722,0.3701923935817839
IL17D,IL17D,plasma,protein,A,0.107144990070603,0.239738381370446
IL17F,IL17F,plasma,protein,A,0.0790052801116703,0.5543552211169528
IL17RA,IL17RA,plasma,protein,A,0.0846638239261002,0.33736021257794024
IL17RB,IL17RB,plasma,protein,A,0.3672715634169646,0.49834743664954256
IL18,IL18,plasma,protein,A,-0.272105535016575,0.34272722588195836
IL18BP,IL18BP,plasma,protein,A,-0.2369809879245369,0.2560705464335331
IL18R1,IL18R1,plasma,protein,A,-0.1188179229349823,0.3302946581304549
IL18RAP,IL18RAP,plasma,protein,A,0.0939373483753854,1.3671858830101684
IL19,IL19,plasma,protein,A,-0.4956646965074177,0.45857846179033906
IL1A,IL1A,plasma,protein,A,0.0209555985371013,0.2981943376340386
IL1B,IL1B,plasma,protein,A,-0.0563592333222539,0.5490805995239592
IL1R1,IL1R1,plasma,protein,A,-0.3501493839918648,0.1847996579415481
IL1R2,IL1R2,plasma,protein,A,0.0748802792923987,0.12579108658742089
IL1RAP,IL1RAP,plasma,protein,A,-0.2838508560901703,0.3116034135475197
IL1RL1,IL1RL1,plasma,protein,A,-0.277225993355641,0.29650468298476595
IL1RL2,IL1RL2,plasma,protein,A,0.765555563282643,0.4487941467149803
IL1RN,IL1RN,plasma,protein,A,-0.3678780938998417,0.5229701609311733
IL2,IL2,plasma,protein,A,0.1667612573686155,0.5580373343373375
IL20,IL20,plasma,protein,A,-0.1353072536415256,0.32870197214879227
IL20RA,IL20RA,plasma,protein,A,-0.3207894960811152,0.38862573613386037
IL20RB,IL20RB,plasma,protein,A,0.075494766255839,0.277909621822716
IL21R,IL21R,plasma,protein,A,0.0031641250304581,0.3203588444847359
IL22,IL22,plasma,protein,A,0.2935751445448452,0.5430666276294169
IL22RA1,IL22RA1,plasma,protein,A,-0.1752187967552449,0.4109981856635875
IL24,IL24,plasma,protein,A,-0.2204594551683663,0.30244650781486504
IL25,IL25,plasma,protein,A,-0.1812683921480997,0.7913027621480413
IL2RA,IL2RA,plasma,protein,A,0.0313241617926692,0.32210642782935084
IL2RB,IL2RB,plasma,protein,A,-0.0626496040847271,0.5359528218398654
IL2RG,IL2RG,plasma,protein,A,0.1291598946810296,0.30642775333301375
IL3,IL3,plasma,protein,A,-0.1610194740345635,1.524333525731591
IL31,IL31,plasma,protein,A,0.0151258072888277,0.5026672549511513
IL31RA,IL31RA,plasma,protein,A,-0.0727716549878752,0.3349809219406687
IL32,IL32,plasma,protein,A,0.1077808183002661,0.2871000782546551
IL33,IL33,plasma,protein,A,-0.0755511499414643,0.28994353879114404
IL34,IL34,plasma,protein,A,0.0503699529351606,0.4068350969803447
IL36A,IL36A,plasma,protein,A,-0.039573966784604,0.683509220802522
IL36G,IL36G,plasma,protein,A,0.0570457278443139,0.4226570109927708
IL3RA,IL3RA,plasma,protein,A,0.1197695248194524,0.3070641714002207
IL4,IL4,plasma,protein,A,-0.3354053203989553,1.7360999734301132
IL4R,IL4R,plasma,protein,A,-0.7008359910278537,0.36289872581619004
IL5,IL5,plasma,protein,A,0.2150275316735309,0.9711167248031263
IL5RA,IL5RA,plasma,protein,A,-0.0498004410822695,0.418013224467637
IL6,IL6,plasma,protein,A,-0.3469974853820041,0.6171595291992615
IL6R,IL6R,plasma,protein,A,0.0860227721620544,0.3513105088707395
IL6ST,IL6ST,plasma,protein,A,0.0254945621260959,0.141706122375867
IL7,IL7,plasma,protein,A,-0.1506282100036344,0.5229533948361399
IL7R,IL7R,plasma,protein,A,0.0246765004504912,0.3888446574111987
IL9,IL9,plasma,protein,A,-0.1007057270276825,0.5053831779903889
ILKAP,ILKAP,plasma,protein,A,-0.0843453241651228,0.5354702239215454
IMMT,IMMT,plasma,protein,A,-0.0860790551952767,0.45016230364605414
IMPA1,IMPA1,plasma,protein,A,-0.0760095088256971,0.318358476637402
IMPACT,IMPACT,plasma,protein,A,-0.1821640571620243,0.4275267976774355
IMPG1,IMPG1,plasma,protein,A,0.0802080198651011,0.2837465944807587
ING1,ING1,plasma,protein,A,-0.0284586226011222,0.4099674128228995
INHBB,INHBB,plasma,protein,A,-0.2484845247034425,0.4226616721567342
INHBC,INHBC,plasma,protein,A,-0.5778836821663272,0.40781456753590195
INPP1,INPP1,plasma,protein,A,-0.1400987797379859,0.340360469986479
INPP5D,INPP5D,plasma,protein,A,-0.1250337882479088,0.4124443806711219
INPP5J,INPP5J,plasma,protein,A,0.0233630463927068,0.4744480995404559
INPPL1,INPPL1,plasma,protein,A,-0.3670475631508635,0.6604831189746886
INSL3,INSL3,plasma,protein,A,-0.0112553658939516,0.3271516953962107
INSL4,INSL4,plasma,protein,A,-1.76915477123414,0.5587376714381711
INSL5,INSL5,plasma,protein,A,-0.0810937819058865,0.70558566152811
INSR,INSR,plasma,protein,A,-0.1544301307375002,0.1570164518752409
IPCEF1,IPCEF1,plasma,protein,A,-0.202835794481574,0.6397381505901218
IQGAP2,IQGAP2,plasma,protein,A,-0.2253708999700737,0.6137183646732545
IRAG2,IRAG2,plasma,protein,A,-0.2355032533852332,0.4855162649629633
IRAK1,IRAK1,plasma,protein,A,-0.123439800276089,0.507987876979157
IRAK4,IRAK4,plasma,protein,A,-0.20333324537491,1.021723312987669
ISLR2,ISLR2,plasma,protein,A,0.3268481375074487,0.3742139945065476
ISM1,ISM1,plasma,protein,A,-0.372223909186353,0.27727588915359475
ISM2,ISM2,plasma,protein,A,0.1015061489014138,0.417783265241143
IST1,IST1,plasma,protein,A,-0.2169547021702211,0.6402744922498778
ITGA11,ITGA11,plasma,protein,A,0.2792989427540072,0.30138044152379934
ITGA2,ITGA2,plasma,protein,A,-0.092219460070979,0.2791996947977605
ITGA5,ITGA5,plasma,protein,A,-0.0449703166235229,0.1869116591670962
ITGA6,ITGA6,plasma,protein,A,-0.0112986616504994,0.3010616264851418
ITGAL,ITGAL,plasma,protein,A,0.0170711255330781,0.5643948886266842
ITGAM,ITGAM,plasma,protein,A,0.0142484103282857,0.2557235493404934
ITGAV,ITGAV,plasma,protein,A,0.0311601428551694,0.1788378665581365
ITGAX,ITGAX,plasma,protein,A,-0.1221247099123935,1.0678698863852094
ITGB1,ITGB1,plasma,protein,A,0.037312816269917,0.168203957658598
ITGB1BP1,ITGB1BP1,plasma,protein,A,0.081912647648648,0.674880622822786
ITGB1BP2,ITGB1BP2,plasma,protein,A,-0.2148890164691473,1.050938722230009
ITGB2,ITGB2,plasma,protein,A,0.0120518973461852,0.2373107005549559
ITGB5,ITGB5,plasma,protein,A,0.0687566481072686,0.2359102164485778
ITGB6,ITGB6,plasma,protein,A,-0.2630593417976563,0.2843122771193606
ITGB7,ITGB7,plasma,protein,A,0.0113872439504839,0.3191209103593523
ITGBL1,ITGBL1,plasma,protein,A,0.1390433952962542,0.271227339627903
ITIH1,ITIH1,plasma,protein,A,-0.1459803506368031,0.17650799076913198
ITIH3,ITIH3,plasma,protein,A,-0.0897009476296981,0.33598187327327267
ITIH4,ITIH4,plasma,protein,A,-0.0981034488025072,0.26989100275688027
ITIH5,ITIH5,plasma,protein,A,-0.3197353314355353,0.558032839593885
ITM2A,ITM2A,plasma,protein,A,-0.0550046781115946,0.392804366064761
ITPA,ITPA,plasma,protein,A,-0.1419426125069491,0.5201993961210896
ITPR1,ITPR1,plasma,protein,A,-0.0480410350113758,0.4832185583442431
ITPRIP,ITPRIP,plasma,protein,A,0.0313856081983129,0.3442556246028635
IVD,IVD,plasma,protein,A,0.04259464275935,0.5224754741784277
IZUMO1,IZUMO1,plasma,protein,A,-0.1097103757667293,0.6442309435198801
JAM2,JAM2,plasma,protein,A,-0.0510562979634427,0.19288496339332212
JAM3,JAM3,plasma,protein,A,-0.0164183006807777,0.2874034494826322
JCHAIN,JCHAIN,plasma,protein,A,-0.1217258011268919,0.34448844598780287
JMJD1C,JMJD1C,plasma,protein,A,-0.2094935204714871,0.7936300826681862
JPT2,JPT2,plasma,protein,A,-0.2174878777998324,0.6300745342598152
JUN,JUN,plasma,protein,A,-0.0175708542767199,0.37880204401973977
KAZALD1,KAZALD1,plasma,protein,A,-0.1115390964696554,0.3038713987782471
KAZN,KAZN,plasma,protein,A,-0.215730809588625,0.8381600514583423
KCNC4,KCNC4,plasma,protein,A,0.0608791414611415,0.5382273563199543
KCNIP4,KCNIP4,plasma,protein,A,0.0531986806173507,0.42631820452667535
KCTD5,KCTD5,plasma,protein,A,-0.2638087121987621,0.30980310547066814
KDM3A,KDM3A,plasma,protein,A,-0.0358780617427137,0.6252400385958056
KDR,KDR,plasma,protein,A,-0.0269519998255385,0.22421686959877898
KEL,KEL,plasma,protein,A,0.043025892524857,0.2689378717934905
KHDC3L,KHDC3L,plasma,protein,A,-0.0841148978188923,0.7729019083368422
KHK,KHK,plasma,protein,A,-0.0972423730027246,0.6774093474574107
KIAA0319,KIAA0319,plasma,protein,A,-1.0551455225573525,0.2492372612028182
KIAA1549,KIAA1549,plasma,protein,A,-0.2963494167302644,0.9246006008926265
KIAA1549L,KIAA1549L,plasma,protein,A,0.0123811425104868,0.36854477854307066
KIAA2013,KIAA2013,plasma,protein,A,0.0162482292784039,0.4113240789290114
KIF1C,KIF1C,plasma,protein,A,-0.1846558472619324,0.32031302022749797
KIF20B,KIF20B,plasma,protein,A,-0.0811416491626645,0.7288790342006103
KIF22,KIF22,plasma,protein,A,-0.0954019314282714,1.0977934786094254
KIR2DL2,KIR2DL2,plasma,protein,A,0.1732617802179043,0.7045186047510723
KIR2DL3,KIR2DL3,plasma,protein,A,0.222315623218625,0.531216977633867
KIR2DS4,KIR2DS4,plasma,protein,A,0.4412744511783791,2.0504126406829672
KIR3DL1,KIR3DL1,plasma,protein,A,0.1434418570788513,0.9003665788807788
KIR3DL2,KIR3DL2,plasma,protein,A,-0.0465696846540007,0.7003115392819624
KIRREL1,KIRREL1,plasma,protein,A,-0.0144003280575579,0.3704750245136243
KIRREL2,KIRREL2,plasma,protein,A,0.2488374742300606,0.3452182259556048
KIT,KIT,plasma,protein,A,0.4071263748610993,0.2406653431295323
KITLG,KITLG,plasma,protein,A,0.0851303621026313,0.2653244639241837
KLB,KLB,plasma,protein,A,0.0553901511327896,0.646989103287398
KLF4,KLF4,plasma,protein,A,-0.1579794265319854,0.2434352548083265
KLHL41,KLHL41,plasma,protein,A,-0.1355405487242909,0.3260261402671849
KLK1,KLK1,plasma,protein,A,0.2120820490551438,0.6672725233392461
KLK10,KLK10,plasma,protein,A,0.1483411963433381,0.3343533873422032
KLK11,KLK11,plasma,protein,A,-0.0438957420928137,0.16807836008185417
KLK12,KLK12,plasma,protein,A,-0.1351984635391602,0.8821460421896169
KLK13,KLK13,plasma,protein,A,0.0219278555226667,0.32442767250673066
KLK14,KLK14,plasma,protein,A,0.2979705234342023,0.36733869383148177
KLK15,KLK15,plasma,protein,A,0.2031353338454329,0.3800942104779984
KLK3,KLK3,plasma,protein,A,0.0080708682089403,0.2252060761836324
KLK4,KLK4,plasma,protein,A,0.0193750751394224,0.4652126439344035
KLK6,KLK6,plasma,protein,A,0.0930284656571529,0.2674911050842743
KLK7,KLK7,plasma,protein,A,0.2420704194296171,0.2937970731825776
KLK8,KLK8,plasma,protein,A,-0.0295614718132769,0.2727121243689204
KLKB1,KLKB1,plasma,protein,A,-0.039443447983401,0.2298705719044959
KLRB1,KLRB1,plasma,protein,A,-0.0991638831037082,0.35333564692940916
KLRC1,KLRC1,plasma,protein,A,0.0130801647652338,0.5095230198573394
KLRD1,KLRD1,plasma,protein,A,-0.1848520931336698,0.3029289662471319
KLRF1,KLRF1,plasma,protein,A,-0.0474635890181856,0.33552464172111673
KLRK1,KLRK1,plasma,protein,A,0.1265939104900055,0.2833136784381976
KRT14,KRT14,plasma,protein,A,0.01395901561821,0.3771235690339788
KRT18,KRT18,plasma,protein,A,-0.7773147763730243,0.38720705007984113
KRT19,KRT19,plasma,protein,A,-0.2527738149602664,0.5360237572144818
KRT5,KRT5,plasma,protein,A,-0.073377208439373,0.3903188190570735
KRT6C,KRT6C,plasma,protein,A,0.0804621568835459,0.3388085317700228
KRT8,KRT8,plasma,protein,A,-0.7188966382261728,0.7010482220922719
KYAT1,KYAT1,plasma,protein,A,-0.2681534838025465,0.3797789155905919
KYNU,KYNU,plasma,protein,A,0.0515942096447413,0.36254267316879174
L1CAM,L1CAM,plasma,protein,A,-0.0302341446856572,0.21232671909762402
L3HYPDH,L3HYPDH,plasma,protein,A,-0.2088470554392261,0.5182772014312345
LACRT,LACRT,plasma,protein,A,-0.0018694154512471,0.6052781685585806
LACTB2,LACTB2,plasma,protein,A,-0.1985531049802334,0.44750172985116976
LAG3,LAG3,plasma,protein,A,-0.2008727543335633,0.3733894620195334
LAIR1,LAIR1,plasma,protein,A,-0.1676663101579346,0.3279025178465067
LAIR2,LAIR2,plasma,protein,A,1.6409185010857932,0.675915770042517
LAMA1,LAMA1,plasma,protein,A,-0.0886727394228095,0.49228128964376283
LAMA4,LAMA4,plasma,protein,A,-0.059879604771799,0.23326274190772173
LAMB1,LAMB1,plasma,protein,A,0.0651848564127286,0.1879116369956198
LAMP1,LAMP1,plasma,protein,A,0.0289820572631829,0.2190636748043587
LAMP2,LAMP2,plasma,protein,A,0.1162856646669631,0.1236153021934979
LAMP3,LAMP3,plasma,protein,A,0.1180156835513265,0.30242997279768535
LAMTOR5,LAMTOR5,plasma,protein,A,-0.0295203053442422,0.5779474824695797
LAP3,LAP3,plasma,protein,A,-0.1369068709259066,0.5703010172177012
LARP1,LARP1,plasma,protein,A,-0.3047529792077527,0.6292489064887647
LAT,LAT,plasma,protein,A,-0.1253504546628639,0.8063695104352765
LAT2,LAT2,plasma,protein,A,-0.0699333573974057,0.4152672173694063
LATS1,LATS1,plasma,protein,A,-0.2899757471499576,0.6948836683016453
LAYN,LAYN,plasma,protein,A,-0.2908552073648683,0.2666735823281413
LBP,LBP,plasma,protein,A,-0.2443480734345595,0.43085556485875337
LBR,LBR,plasma,protein,A,-0.2746950486071437,0.38792793941978926
LCAT,LCAT,plasma,protein,A,-0.1824818812196022,0.1890929013051491
LCN15,LCN15,plasma,protein,A,-0.3005036732968844,0.3651221210719749
LCN2,LCN2,plasma,protein,A,-0.1453361209404359,0.3578882954478523
LCP1,LCP1,plasma,protein,A,0.131681347034414,0.36111849559041853
LDLR,LDLR,plasma,protein,A,-0.3244964339228122,0.49175300073040495
LDLRAP1,LDLRAP1,plasma,protein,A,-0.0823477987541832,0.9758498702386531
LECT2,LECT2,plasma,protein,A,-0.0495985219709129,0.7256090198310062
LEFTY2,LEFTY2,plasma,protein,A,-0.2025744995457578,0.3781863678106614
LEG1,LEG1,plasma,protein,A,0.05596146875131,0.4306416978502605
LEO1,LEO1,plasma,protein,A,-0.0610637074865196,0.33007563902365444
LEP,LEP,plasma,protein,A,-0.3522058754218321,0.8905285791412928
LEPR,LEPR,plasma,protein,A,-0.1556315733305519,0.3235514183285529
LETM1,LETM1,plasma,protein,A,-0.1462085653444793,0.48878184828073806
LGALS1,LGALS1,plasma,protein,A,-0.1104804279670034,0.2950301661143056
LGALS3,LGALS3,plasma,protein,A,-0.1263510999563245,0.3114597359629409
LGALS3BP,LGALS3BP,plasma,protein,A,-0.4369792573897151,0.35347265199015554
LGALS4,LGALS4,plasma,protein,A,-0.2860519056972236,0.32618691417928325
LGALS7_LGALS7B,LGALS7_LGALS7B,plasma,protein,A,0.0677227912539887,0.3146310306361775
LGALS8,LGALS8,plasma,protein,A,-0.1071938996751723,0.25968686617773973
LGALS9,LGALS9,plasma,protein,A,-0.3242040650293237,0.3068269205560999
LGMN,LGMN,plasma,protein,A,-0.5265622652445759,0.3001505173056579
LHB,LHB,plasma,protein,A,1.4400974799842288,0.5105602265047999
LHPP,LHPP,plasma,protein,A,-0.0700054228306035,0.49640813778717185
LIF,LIF,plasma,protein,A,-0.1304574270738478,0.7409663631937203
LIFR,LIFR,plasma,protein,A,-0.7956311236934411,0.3461001228149284
LILRA2,LILRA2,plasma,protein,A,0.0796919488511349,0.2894174222375406
LILRA3,LILRA3,plasma,protein,A,-0.0378915337073132,0.33997599692738467
LILRA4,LILRA4,plasma,protein,A,0.1577329464827407,0.5436036667911471
LILRA5,LILRA5,plasma,protein,A,-0.2025256628992982,0.32568396372630537
LILRA6,LILRA6,plasma,protein,A,-0.1857040538102818,0.6723839581600425
LILRB1,LILRB1,plasma,protein,A,-0.0198090237608183,0.2098690018418791
LILRB2,LILRB2,plasma,protein,A,0.0059027921317051,0.26358709804940067
LILRB4,LILRB4,plasma,protein,A,-0.0520273672719932,0.3406192867732132
LILRB5,LILRB5,plasma,protein,A,0.0383977718552702,0.4327283870581891
LIPF,LIPF,plasma,protein,A,0.0720897625733901,0.3557301211628951
LMNB1,LMNB1,plasma,protein,A,0.0161427098661822,0.500795200480936
LMNB2,LMNB2,plasma,protein,A,-0.0537100413004646,0.26249264230699443
LMOD1,LMOD1,plasma,protein,A,-0.4076612353429212,0.2719386514578934
LMOD2,LMOD2,plasma,protein,A,0.1671465327509515,0.7342638305373226
LONP1,LONP1,plasma,protein,A,-0.3585188135641173,0.5202134008526156
LPA,LPA,plasma,protein,A,-0.1439230061375486,1.4125648574049854
LPCAT2,LPCAT2,plasma,protein,A,-0.0702352008100125,0.1657063785606561
LPL,LPL,plasma,protein,A,0.4296865798386567,0.40438135972175854
LPO,LPO,plasma,protein,A,-0.0214634676306417,0.4828707705054845
LPP,LPP,plasma,protein,A,-0.1094204740640402,0.5100563006457975
LRCH4,LRCH4,plasma,protein,A,-0.0752492940146386,0.42129991110616627
LRFN2,LRFN2,plasma,protein,A,-0.0533876382671521,0.4061329402280925
LRG1,LRG1,plasma,protein,A,-0.0177304769111547,0.29980016654965097
LRIG1,LRIG1,plasma,protein,A,-0.3273410652188295,0.2616851775318886
LRIG3,LRIG3,plasma,protein,A,-0.2756220156617889,0.2610535793046066
LRP1,LRP1,plasma,protein,A,-0.0439988513200265,0.18494785620482912
LRP11,LRP11,plasma,protein,A,-0.2374632389006327,0.2811519201889644
LRP2,LRP2,plasma,protein,A,-0.1700506346232851,0.476183330446459
LRP2BP,LRP2BP,plasma,protein,A,0.1857092091827962,0.8798988707556487
LRPAP1,LRPAP1,plasma,protein,A,-0.1568170681896097,0.2140953143775879
LRRC25,LRRC25,plasma,protein,A,-0.0169985858655824,0.299777428182473
LRRC37A2,LRRC37A2,plasma,protein,A,0.0441169832531703,0.45222011373134313
LRRC38,LRRC38,plasma,protein,A,-0.0340860425593121,0.6195875974646956
LRRFIP1,LRRFIP1,plasma,protein,A,-0.0975424208095346,0.34856916988967546
LRRN1,LRRN1,plasma,protein,A,0.363198147500243,0.305503473730999
LRTM1,LRTM1,plasma,protein,A,-0.1629179814203638,0.8584881913981821
LRTM2,LRTM2,plasma,protein,A,0.1360104738932172,0.2346615719415544
LSM1,LSM1,plasma,protein,A,-0.0811165628599601,0.48452563129171317
LSM8,LSM8,plasma,protein,A,0.0660308093089899,0.8195466037290857
LSP1,LSP1,plasma,protein,A,-0.0517818513849211,0.2999169494858076
LTA4H,LTA4H,plasma,protein,A,0.0230774468377434,0.3204693121503652
LTB,LTB,plasma,protein,A,0.1413629796468754,0.43930512656706866
LTBP2,LTBP2,plasma,protein,A,-0.0305738472399501,0.2657404262043129
LTBP3,LTBP3,plasma,protein,A,-1.1637475791359717,0.3494045116724188
LTBR,LTBR,plasma,protein,A,-0.2717207880997836,0.17732481529714306
LTO1,LTO1,plasma,protein,A,0.0114562045554874,0.463626083849725
LUZP2,LUZP2,plasma,protein,A,0.1071835294136746,0.2674192734423844
LXN,LXN,plasma,protein,A,0.1928288301677996,0.2739645030973543
LY6D,LY6D,plasma,protein,A,-0.0757410540557245,0.2836619079719035
LY75,LY75,plasma,protein,A,0.1172413761737988,0.37945936209335296
LY9,LY9,plasma,protein,A,0.1727877289621922,0.24319342985822873
LY96,LY96,plasma,protein,A,0.0289460176783895,0.2916338005033934
LYAR,LYAR,plasma,protein,A,-0.0371817271225855,0.3836075136014271
LYN,LYN,plasma,protein,A,-0.0017205391186528,0.44392292078501433
LYPD1,LYPD1,plasma,protein,A,0.0106933474687443,0.4703787843790082
LYPD3,LYPD3,plasma,protein,A,-0.889592582211578,0.33348741031877815
LYPD8,LYPD8,plasma,protein,A,0.1289609843867716,0.3704800586496211
LYPLA2,LYPLA2,plasma,protein,A,0.2121436764431945,0.7488733717371483
LYSMD3,LYSMD3,plasma,protein,A,-0.1273455364693089,0.6920587510580224
LYVE1,LYVE1,plasma,protein,A,-0.0331475399687041,0.26434271817526656
LYZL2,LYZL2,plasma,protein,A,-0.0764798905834473,0.2455276920443924
LZTFL1,LZTFL1,plasma,protein,A,-0.0857756576698219,0.33600214418634267
M6PR,M6PR,plasma,protein,A,0.0046358532067894,0.23352544441888973
MAD1L1,MAD1L1,plasma,protein,A,-0.3584247864661642,0.28624982806128224
MAEA,MAEA,plasma,protein,A,0.0391836017367011,0.4934420169910583
MAG,MAG,plasma,protein,A,0.0397739260153392,0.2885600839247251
MAGED1,MAGED1,plasma,protein,A,-0.0274334641010343,0.3116559253062342
MAMDC2,MAMDC2,plasma,protein,A,-0.1793474442545367,0.2389205604771728
MAMDC4,MAMDC4,plasma,protein,A,-0.7266260875690482,0.7279074954162917
MAN1A2,MAN1A2,plasma,protein,A,-0.7769930123476622,0.22860036531326355
MAN2B2,MAN2B2,plasma,protein,A,-0.3952284912881041,0.49262513315332945
MANEAL,MANEAL,plasma,protein,A,-0.1135471603923132,0.5181815976549455
MANF,MANF,plasma,protein,A,-0.3521241537148727,1.2185533910600757
MANSC1,MANSC1,plasma,protein,A,-0.0287568570225862,0.2681347038348612
MANSC4,MANSC4,plasma,protein,A,-0.0796934947446281,0.4588390291743069
MAP1LC3A,MAP1LC3A,plasma,protein,A,0.0809428841791723,0.42595382190526687
MAP1LC3B2,MAP1LC3B2,plasma,protein,A,0.057667082413162,0.5484398712447286
MAP2,MAP2,plasma,protein,A,-0.0389159117168178,0.1071658174015662
MAP2K1,MAP2K1,plasma,protein,A,-0.1558448873949349,0.3475012028648122
MAP2K6,MAP2K6,plasma,protein,A,-0.1122590075825942,0.6170597678009321
MAP3K5,MAP3K5,plasma,protein,A,-0.208773982346434,0.7729944815226012
MAP4K5,MAP4K5,plasma,protein,A,-0.2767275489631998,0.8463055441120804
MAPK13,MAPK13,plasma,protein,A,-0.2743422592752536,0.8409553704932953
MAPK9,MAPK9,plasma,protein,A,-0.2318002695583679,0.202502262057763
MAPKAPK2,MAPKAPK2,plasma,protein,A,-0.0537799560254078,0.7266165236491121
MAPRE3,MAPRE3,plasma,protein,A,-0.0756299207894074,0.7255003476146319
MAPT,MAPT,plasma,protein,A,-0.2069568988064731,1.0873529076788113
MARCO,MARCO,plasma,protein,A,-0.0928427507490258,0.24968624743780948
MARS1,MARS1,plasma,protein,A,-0.2248908290843903,0.4871461086839108
MASP1,MASP1,plasma,protein,A,0.0124713611521075,0.20839344687072808
MATN2,MATN2,plasma,protein,A,0.0348144299359911,0.1545931296584985
MATN3,MATN3,plasma,protein,A,-0.030564913632946,0.2619987159927119
MAVS,MAVS,plasma,protein,A,-0.2814120261958279,0.6357392756597045
MAX,MAX,plasma,protein,A,0.0014088420346747,0.7999862884561003
MB,MB,plasma,protein,A,-0.0437448879265662,0.2719294115695702
MBL2,MBL2,plasma,protein,A,-0.16245411210476,1.1873850049788388
MCAM,MCAM,plasma,protein,A,0.1249047635820897,0.20575419485136143
MCEE,MCEE,plasma,protein,A,-0.0131314743791474,0.5376048031313023
MCFD2,MCFD2,plasma,protein,A,-0.2913824040598269,0.28431918983228094
MDGA1,MDGA1,plasma,protein,A,0.4099554191231991,0.5489603330737737
MDH1,MDH1,plasma,protein,A,-0.0037739058252191,0.051859936846241995
MDK,MDK,plasma,protein,A,-0.1533810137027438,0.3359002069486072
MDM1,MDM1,plasma,protein,A,-0.0615269650414567,0.6455301873616144
MECR,MECR,plasma,protein,A,-0.2196473501951042,0.692670866883223
MED21,MED21,plasma,protein,A,-0.0384329838867581,0.47473382599127567
MEGF10,MEGF10,plasma,protein,A,0.2289504313924473,0.2907430270135918
MEGF11,MEGF11,plasma,protein,A,-0.0577863123131838,0.2081569062929547
MEGF9,MEGF9,plasma,protein,A,-0.1761552700221058,0.241661191799599
MELTF,MELTF,plasma,protein,A,-0.0234260784091859,0.1984713699443042
MENT,MENT,plasma,protein,A,0.0046476643701586,0.1533881228349002
MEP1A,MEP1A,plasma,protein,A,-0.0744416675391705,0.47208428083588816
MEP1B,MEP1B,plasma,protein,A,0.0056356065039821,0.8453933477694707
MEPE,MEPE,plasma,protein,A,0.2030486261265877,0.19438157038795728
MERTK,MERTK,plasma,protein,A,-0.0579955679714244,0.2103648590742469
MESD,MESD,plasma,protein,A,-0.1221663895774249,0.6878228413876047
MET,MET,plasma,protein,A,-0.0498838731266896,0.1932284202532123
METAP1,METAP1,plasma,protein,A,-0.0049721165390935,0.31280105637179995
METAP1D,METAP1D,plasma,protein,A,-0.1376834824219565,0.5916192967306512
METAP2,METAP2,plasma,protein,A,-0.2909232041267847,0.6286851718425119
MFAP3,MFAP3,plasma,protein,A,0.0774048353810129,0.4099632963184595
MFAP3L,MFAP3L,plasma,protein,A,-0.0387195183357385,0.4175187883198535
MFAP4,MFAP4,plasma,protein,A,-0.0720287147024492,0.2347520153225317
MFAP5,MFAP5,plasma,protein,A,-0.5069292758937345,0.38727788657910456
MFGE8,MFGE8,plasma,protein,A,-0.4279201107730144,0.2861493207476513
MGMT,MGMT,plasma,protein,A,-0.2712487875967172,0.9177457198864037
MIA,MIA,plasma,protein,A,-0.0942619469044722,0.3155774193521575
MICALL2,MICALL2,plasma,protein,A,-0.2646996800681508,0.672074961255532
MICB_MICA,MICB_MICA,plasma,protein,A,-0.0358433357859439,0.5987628683687545
MIF,MIF,plasma,protein,A,-0.2146628390443589,0.514846561105447
MILR1,MILR1,plasma,protein,A,0.2043113928454319,0.41169494197666756
MINDY1,MINDY1,plasma,protein,A,-0.1923308826038871,1.1697889005447486
MINK1,MINK1,plasma,protein,A,-0.1979777482256191,0.9613458872766081
MITD1,MITD1,plasma,protein,A,-0.2175260496928967,0.8799605838507314
MKI67,MKI67,plasma,protein,A,-0.1422543770716141,0.3865101611318323
MLN,MLN,plasma,protein,A,-0.0464889488346619,0.7444670327563955
MME,MME,plasma,protein,A,0.0036136965763348,0.5163985042385081
MMP1,MMP1,plasma,protein,A,-0.6034187354249106,0.5634708438349176
MMP10,MMP10,plasma,protein,A,0.0597378290020835,0.3577745061990878
MMP12,MMP12,plasma,protein,A,0.9086941784414144,0.5315117448605986
MMP13,MMP13,plasma,protein,A,-0.1016702678622751,0.5085278124631946
MMP15,MMP15,plasma,protein,A,0.012341462881705,0.27629489290647696
MMP3,MMP3,plasma,protein,A,-0.1571888622129484,0.4571567569602941
MMP7,MMP7,plasma,protein,A,-0.0258591574666283,0.18239822907667502
MMP8,MMP8,plasma,protein,A,-0.0076575757357912,0.6584426311220066
MMP9,MMP9,plasma,protein,A,-0.0374109579461673,0.7694288511537333
MN1,MN1,plasma,protein,A,0.0934376716602712,0.9422596579387126
MNAT1,MNAT1,plasma,protein,A,-0.074892275281566,0.2816749444406455
MNDA,MNDA,plasma,protein,A,-0.090925934184215,0.5917168970855987
MOCS2,MOCS2,plasma,protein,A,-0.2492376852950681,0.3259986369766458
MOG,MOG,plasma,protein,A,0.0811065904010892,0.290365681665809
MORC3,MORC3,plasma,protein,A,-0.1482939889032721,0.3026030209489594
MORF4L1,MORF4L1,plasma,protein,A,-0.0566008428240217,0.3912387315864112
MORF4L2,MORF4L2,plasma,protein,A,-0.0180334484628592,0.4216847594000716
MORN4,MORN4,plasma,protein,A,-0.0344374944160154,0.6979626165592262
MPHOSPH8,MPHOSPH8,plasma,protein,A,-0.1993959770522654,0.5347052195563297
MPIG6B,MPIG6B,plasma,protein,A,-0.2480292036978693,0.9321878312693201
MPO,MPO,plasma,protein,A,0.3804469761917354,0.3473212401894476
MPRIP,MPRIP,plasma,protein,A,0.0756931342329746,0.3955887214151097
MRC1,MRC1,plasma,protein,A,-0.3772021597092965,0.19421492952347058
MRPL24,MRPL24,plasma,protein,A,-0.05166960179503,0.3569053486338688
MRPL28,MRPL28,plasma,protein,A,0.0325461282455326,0.2266476169539905
MRPL46,MRPL46,plasma,protein,A,-0.005670368810413,0.186481000763172
MRPL52,MRPL52,plasma,protein,A,-0.0166604450801936,0.2573114753552037
MRPL58,MRPL58,plasma,protein,A,-0.0076627928222704,0.4467740327604581
MRPS16,MRPS16,plasma,protein,A,-0.0064653474015972,0.25244988705944127
MSLN,MSLN,plasma,protein,A,-0.0436682258137328,0.2890519204984277
MSLNL,MSLNL,plasma,protein,A,0.0269060339997959,0.6705905251965959
MSMB,MSMB,plasma,protein,A,0.0234136366501107,0.4888203689007318
MSR1,MSR1,plasma,protein,A,-0.3031410171492362,0.4230231908184145
MSRA,MSRA,plasma,protein,A,-0.1650990289882005,0.48033737976156765
MST1,MST1,plasma,protein,A,-0.017162183072198,0.24240617448391819
MSTN,MSTN,plasma,protein,A,0.1435465570829176,0.3743895354328558
MTDH,MTDH,plasma,protein,A,-0.2073420456975123,0.7847559946333809
MTHFD2,MTHFD2,plasma,protein,A,-0.016425521826608,0.23292616716957532
MTIF3,MTIF3,plasma,protein,A,-0.0853643927402979,0.7229130107056057
MTPN,MTPN,plasma,protein,A,0.0417194196435943,0.27135288533598967
MTR,MTR,plasma,protein,A,-0.0679895798174493,0.5812381741611192
MTSS1,MTSS1,plasma,protein,A,-0.2953174277521496,0.8842801414331536
MTSS2,MTSS2,plasma,protein,A,-0.2778838775550687,0.9736295746614494
MTUS1,MTUS1,plasma,protein,A,-0.3029054783589385,0.3737295674040659
MUC13,MUC13,plasma,protein,A,-0.2165057951894322,0.4109924632158119
MUC2,MUC2,plasma,protein,A,-0.0841423362572226,0.9405093792579439
MUCL3,MUCL3,plasma,protein,A,-0.1234546610386846,0.5891439480485972
MVK,MVK,plasma,protein,A,-0.4547477345847833,0.5321137739403325
MXRA8,MXRA8,plasma,protein,A,0.2291702731449368,0.2730600093338102
MYBPC1,MYBPC1,plasma,protein,A,-0.6159742671724922,0.5634878950829416
MYBPC2,MYBPC2,plasma,protein,A,-0.148112128407629,0.5510330749017719
MYCBP2,MYCBP2,plasma,protein,A,-0.1529431754787222,0.6917739715697199
MYDGF,MYDGF,plasma,protein,A,-0.5290835437555549,0.5903243321177175
MYH4,MYH4,plasma,protein,A,0.0658138222279362,0.6778737064287372
MYH7B,MYH7B,plasma,protein,A,0.1059857522133496,0.5296610395660193
MYH9,MYH9,plasma,protein,A,-0.2533761226226661,0.44412856850905585
MYL1,MYL1,plasma,protein,A,-0.050986200293716,0.323636800554309
MYL3,MYL3,plasma,protein,A,-0.6556389848891898,0.5661400723533802
MYL4,MYL4,plasma,protein,A,-0.1328892966540016,0.4362699723830127
MYL6B,MYL6B,plasma,protein,A,-0.0306423905188598,0.9932620308466946
MYLPF,MYLPF,plasma,protein,A,-0.1008843367441049,0.5382820580987999
MYO6,MYO6,plasma,protein,A,-0.0389937920927261,0.43078124672914103
MYO9B,MYO9B,plasma,protein,A,-0.2731217890742292,0.6194791403181923
MYOC,MYOC,plasma,protein,A,0.0147942447566282,0.465495064367729
MYOM1,MYOM1,plasma,protein,A,0.063069113302719,0.44131790029028484
MYOM2,MYOM2,plasma,protein,A,-0.5221164254973352,0.7608040633303343
MYOM3,MYOM3,plasma,protein,A,-0.6305586570868691,0.7263586900117707
MZB1,MZB1,plasma,protein,A,-0.0087660824543344,0.34174488007720427
MZT1,MZT1,plasma,protein,A,-0.0767561820559004,0.2784435209909068
NAA10,NAA10,plasma,protein,A,-0.2614631277241196,0.739862566286314
NAA80,NAA80,plasma,protein,A,-0.3243696041419259,0.8546812051462558
NAAA,NAAA,plasma,protein,A,-0.3558517131450275,0.5448703431127987
NACC1,NACC1,plasma,protein,A,-0.2766935799478601,0.31872489062928105
NADK,NADK,plasma,protein,A,-0.1263787014272906,0.3554118394987376
NAGA,NAGA,plasma,protein,A,-0.3277403171369237,0.3891872258918218
NAGK,NAGK,plasma,protein,A,-0.2474730723016312,0.41063235152401434
NAGPA,NAGPA,plasma,protein,A,-0.0741323585634261,0.1951076881509332
NAMPT,NAMPT,plasma,protein,A,-0.0002524976898131,0.3638582132444141
NAP1L4,NAP1L4,plasma,protein,A,-0.1261547447843189,0.580334982413509
NAPRT,NAPRT,plasma,protein,A,-0.0562479656856099,0.24392875364191857
NARS1,NARS1,plasma,protein,A,-0.0826161995340924,0.2923540455893494
NBL1,NBL1,plasma,protein,A,-0.0620939312587048,0.17744041711036418
NBN,NBN,plasma,protein,A,-0.1223733367912123,0.29211168896779316
NCAM1,NCAM1,plasma,protein,A,0.178922357509572,0.2157963488461447
NCAM2,NCAM2,plasma,protein,A,0.1931084744133801,0.2366149723360779
NCAN,NCAN,plasma,protein,A,0.1806077479504048,0.4217590710454635
NCF2,NCF2,plasma,protein,A,-0.1851160053886454,0.44934228276716204
NCK2,NCK2,plasma,protein,A,-0.1374636762697109,0.5076756771603359
NCLN,NCLN,plasma,protein,A,-0.1004613271753631,0.5325490752614228
NCR1,NCR1,plasma,protein,A,-0.1266108610369003,0.25939002412186796
NCR3LG1,NCR3LG1,plasma,protein,A,-0.1308322640497545,0.2229574093877077
NCS1,NCS1,plasma,protein,A,-0.2645149282320008,0.26143447058082697
NDRG1,NDRG1,plasma,protein,A,-0.0037007281416736,0.4584306394491388
NDST1,NDST1,plasma,protein,A,-0.0862077465788385,0.4540292084094463
NDUFA5,NDUFA5,plasma,protein,A,-0.0842962762471225,0.2544690919660887
NDUFB7,NDUFB7,plasma,protein,A,-0.1242962163170262,0.43768726561373034
NDUFS6,NDUFS6,plasma,protein,A,-0.1084275633065616,0.5201795496056995
NEB,NEB,plasma,protein,A,-0.163747071392206,0.3182951750332808
NECAP2,NECAP2,plasma,protein,A,-0.1131853288522202,0.5266551393507847
NECTIN1,NECTIN1,plasma,protein,A,-0.1791417813475073,0.4896595563817963
NECTIN2,NECTIN2,plasma,protein,A,-0.3363359922390826,0.2769431410044274
NECTIN4,NECTIN4,plasma,protein,A,-1.2120107733953625,0.22362052991663828
NEDD4L,NEDD4L,plasma,protein,A,-0.186955841329657,0.3006993142401513
NEDD9,NEDD9,plasma,protein,A,-0.0257364705692366,0.3953078370431331
NEFL,NEFL,plasma,protein,A,-0.1964858152461518,0.3920965122681761
NEK7,NEK7,plasma,protein,A,-0.1076908872437458,0.5464419755668026
NELL1,NELL1,plasma,protein,A,0.4105242980249252,0.4346109402482193
NELL2,NELL2,plasma,protein,A,-0.0343620219860177,0.2440062795090627
NENF,NENF,plasma,protein,A,0.0746788493454786,0.5525140949665607
NEO1,NEO1,plasma,protein,A,0.1153440268291123,0.15422746857207809
NEXN,NEXN,plasma,protein,A,-0.1265484507755362,0.1753115161171913
NFASC,NFASC,plasma,protein,A,0.0614182102626506,0.2314156407157839
NFAT5,NFAT5,plasma,protein,A,-0.0651766624410523,0.7327488666250228
NFATC1,NFATC1,plasma,protein,A,-0.2414264396308626,0.45014244083068566
NFATC3,NFATC3,plasma,protein,A,-0.0121496867404549,0.4567676862856853
NFE2,NFE2,plasma,protein,A,-0.3732117819092604,0.6993317808718469
NFIC,NFIC,plasma,protein,A,-0.0595427178803099,0.2731529013386178
NFKB1,NFKB1,plasma,protein,A,-0.2477836435895399,0.4612460608350386
NFKBIE,NFKBIE,plasma,protein,A,-0.0833379998310635,0.464614727199259
NFU1,NFU1,plasma,protein,A,-0.2571191220492203,0.6322906116661999
NFX1,NFX1,plasma,protein,A,-0.2305434697884165,0.6276302806075538
NFYA,NFYA,plasma,protein,A,-0.0037735531559256,0.3509214983896794
NGF,NGF,plasma,protein,A,-0.0165241375052123,0.0520117925636754
NGFR,NGFR,plasma,protein,A,0.1450696195912235,0.2727843561454554
NGRN,NGRN,plasma,protein,A,-0.0301184831761024,0.14350295738148108
NHLRC3,NHLRC3,plasma,protein,A,-0.3953843062164114,0.23099737191046252
NID1,NID1,plasma,protein,A,-0.4357942083116431,0.2706239136079169
NID2,NID2,plasma,protein,A,-0.4010640225540633,0.401021154610312
NINJ1,NINJ1,plasma,protein,A,-0.0676314011408198,0.32761898981236587
NIT1,NIT1,plasma,protein,A,-0.170336837774906,0.5613406369084104
NIT2,NIT2,plasma,protein,A,-0.1968940156309379,0.6502908494279825
NLGN1,NLGN1,plasma,protein,A,0.0178061126560168,0.6357344753259138
NLGN2,NLGN2,plasma,protein,A,0.1088823672970168,0.6980660316670965
NME1,NME1,plasma,protein,A,0.0874701061978461,0.18561372497188228
NME3,NME3,plasma,protein,A,0.0117559015217271,0.1439794465546485
NMI,NMI,plasma,protein,A,0.0047953572176732,0.45421909177501363
NMNAT1,NMNAT1,plasma,protein,A,-0.0741418490927681,0.3384829766782677
NMRK2,NMRK2,plasma,protein,A,-0.1136957105802854,0.5850012962882238
NMT1,NMT1,plasma,protein,A,-0.1680605405168557,0.6607360146280012
NOMO1,NOMO1,plasma,protein,A,-0.4880084193865076,0.2026640706159823
NOP56,NOP56,plasma,protein,A,0.0313165744040699,0.5316650936816338
NOS1,NOS1,plasma,protein,A,-0.2252433790247943,0.3358166441871104
NOS2,NOS2,plasma,protein,A,0.3286873356910891,0.38119120177734767
NOS3,NOS3,plasma,protein,A,0.1846997412889423,1.0341678233833895
NOTCH1,NOTCH1,plasma,protein,A,0.0122306182797131,0.1558237488373174
NOTCH2,NOTCH2,plasma,protein,A,-0.0602563579741549,0.1936054941044419
NOTCH3,NOTCH3,plasma,protein,A,0.0197861136203732,0.2232633898030546
NPC2,NPC2,plasma,protein,A,-0.1217394095290299,0.250929779710989
NPDC1,NPDC1,plasma,protein,A,-0.0640629568599655,0.2559419198682736
NPHS1,NPHS1,plasma,protein,A,0.053120630807221,0.3228760470654706
NPHS2,NPHS2,plasma,protein,A,-0.0118060218919164,0.9073478168910947
NPL,NPL,plasma,protein,A,-0.1274906898449812,0.30191431065892027
NPM1,NPM1,plasma,protein,A,-0.0042400038339161,0.3232644449779995
NPPB,NPPB,plasma,protein,A,0.7668993342763418,0.9947971079856465
NPPC,NPPC,plasma,protein,A,0.0277908003349482,0.439093674737261
NPR1,NPR1,plasma,protein,A,0.1592881041299333,0.2454057474586618
NPTN,NPTN,plasma,protein,A,0.0759092278804123,0.5255574585835862
NPTX1,NPTX1,plasma,protein,A,0.0333395746974893,0.3488808898211341
NPTX2,NPTX2,plasma,protein,A,0.2197886132770765,0.34822239034900154
NPTXR,NPTXR,plasma,protein,A,0.1006876630719892,0.2845274695137765
NPY,NPY,plasma,protein,A,0.1248849158564278,0.4665717544566954
NRCAM,NRCAM,plasma,protein,A,-1.211497160116807,0.2820864460406529
NRGN,NRGN,plasma,protein,A,-0.235510602611417,0.36062206460359414
NRN1,NRN1,plasma,protein,A,0.0809939554336083,0.39788802849374516
NRP1,NRP1,plasma,protein,A,-0.0543780860115652,0.2823425048053052
NRP2,NRP2,plasma,protein,A,-0.15232178440715,0.2100634579844346
NRTN,NRTN,plasma,protein,A,-0.0957471844014738,0.3751243241662023
NRXN3,NRXN3,plasma,protein,A,0.0122344865950063,0.18681686994360788
NSFL1C,NSFL1C,plasma,protein,A,-0.1903746506965537,0.5973670870061855
NT-proBNP,NT-proBNP,plasma,protein,A,-0.1947238002825635,1.052290815962669
NT5C,NT5C,plasma,protein,A,-0.2032034908634226,0.3917075406988104
NT5C1A,NT5C1A,plasma,protein,A,-0.4739551460037109,0.3734365660152431
NT5C3A,NT5C3A,plasma,protein,A,-0.4291939486083964,0.8119231966328386
NT5E,NT5E,plasma,protein,A,-0.2697713789494122,0.3263615970389555
NTF3,NTF3,plasma,protein,A,0.0745941074799149,0.3485552587506113
NTF4,NTF4,plasma,protein,A,-0.0896786764449771,0.2703060795752469
NTRK2,NTRK2,plasma,protein,A,0.2283657066407056,0.2107373565972594
NTRK3,NTRK3,plasma,protein,A,0.2459635699315369,0.2213541653763115
NUB1,NUB1,plasma,protein,A,-0.2548375592841119,0.5841591888907416
NUCB2,NUCB2,plasma,protein,A,-0.2939505034730028,0.26581102471663476
NUDC,NUDC,plasma,protein,A,-0.1684842733450892,0.5202574870497546
NUDT10,NUDT10,plasma,protein,A,-0.0022975649092141,0.2034694586271905
NUDT15,NUDT15,plasma,protein,A,-0.0624433078549488,0.4823799324868401
NUDT16,NUDT16,plasma,protein,A,-0.2248263693824274,0.49712606536846127
NUDT2,NUDT2,plasma,protein,A,-0.0248160291092802,0.2825518683693128
NUDT5,NUDT5,plasma,protein,A,-0.1994288185846017,0.3945907428225056
NUMB,NUMB,plasma,protein,A,-0.2165537517296606,0.5906897823030144
NUP50,NUP50,plasma,protein,A,-0.0151405743170624,0.2451947998836972
NXPE4,NXPE4,plasma,protein,A,-0.0199587146935141,0.5324031903294281
NXPH1,NXPH1,plasma,protein,A,0.0533847651268048,0.1719872952683026
NXPH3,NXPH3,plasma,protein,A,0.2615258992485142,0.24440451170423083
OBP2B,OBP2B,plasma,protein,A,-1.214580151649756,0.7945518288466107
OCLN,OCLN,plasma,protein,A,-0.3413404418479269,0.35435691652941237
ODAM,ODAM,plasma,protein,A,-0.0649549283783234,0.3522077704266861
OFD1,OFD1,plasma,protein,A,0.007158457439844,0.606927341469647
OGA,OGA,plasma,protein,A,-0.3678327917368356,0.5045699298849309
OGFR,OGFR,plasma,protein,A,-0.1507135628012871,0.26673712074080125
OGN,OGN,plasma,protein,A,-0.0635442946129532,0.3515657815181084
OLFM4,OLFM4,plasma,protein,A,-0.7221968867721867,0.9102969628409208
OLR1,OLR1,plasma,protein,A,-0.8265332710295106,0.41957390890702295
OMD,OMD,plasma,protein,A,-0.0222122382628009,0.3343208121385834
OMG,OMG,plasma,protein,A,0.2183732192929052,0.4649990231923396
OMP,OMP,plasma,protein,A,0.1138468185831958,0.42026399825118754
OPHN1,OPHN1,plasma,protein,A,-0.3406774970673626,0.9110229535238582
OPLAH,OPLAH,plasma,protein,A,-0.3326316632032485,0.4564360916457918
OPTC,OPTC,plasma,protein,A,0.0538376145891413,0.31541656975679133
ORM1,ORM1,plasma,protein,A,0.2898236935797582,0.18878405085102473
OSBPL2,OSBPL2,plasma,protein,A,0.0339719800670583,0.21228506651166018
OSCAR,OSCAR,plasma,protein,A,-0.1127769578626665,0.294228879298488
OSMR,OSMR,plasma,protein,A,-0.6381710238708381,0.24732045509677503
OSTN,OSTN,plasma,protein,A,-0.1657250731106736,0.5274145284128053
OTOA,OTOA,plasma,protein,A,-0.0237817714824542,0.6406757016201053
OTUD6B,OTUD6B,plasma,protein,A,-0.2470597753327354,0.4757125324819701
OTUD7B,OTUD7B,plasma,protein,A,-0.2158164668348826,0.3838761057446108
OXCT1,OXCT1,plasma,protein,A,0.1396811800726019,0.361071597109084
OXT,OXT,plasma,protein,A,-0.7175462028824289,1.0350425985465388
P4HB,P4HB,plasma,protein,A,-0.4033078101242865,0.26879561950274233
PACS2,PACS2,plasma,protein,A,-0.2173483570812604,0.5555443241088442
PADI2,PADI2,plasma,protein,A,-0.0120758894726908,0.6266291705867352
PADI4,PADI4,plasma,protein,A,-0.0116060808949785,0.4363367195873444
PAEP,PAEP,plasma,protein,A,0.1595968597755247,0.0896411063467669
PAFAH2,PAFAH2,plasma,protein,A,-0.0511665818725587,0.6094081363211364
PAG1,PAG1,plasma,protein,A,-0.0681989354257135,0.29317068015675873
PAGR1,PAGR1,plasma,protein,A,0.0192983328483166,0.3797145063115932
PAIP2B,PAIP2B,plasma,protein,A,-0.0670056025168808,0.6484457533377602
PALLD,PALLD,plasma,protein,A,-0.2440095095719209,0.5396102392639011
PALM,PALM,plasma,protein,A,0.0333073396167324,0.309393386563202
PALM2,PALM2,plasma,protein,A,-0.2569102548817434,0.3904177078047362
PALM3,PALM3,plasma,protein,A,-0.0817798907677275,0.4683889504495843
PAM,PAM,plasma,protein,A,-0.2331246504979016,0.1968539967849911
PAMR1,PAMR1,plasma,protein,A,-0.0061607727042518,0.2242288852100896
PAPPA,PAPPA,plasma,protein,A,0.3087015575819048,0.26533935863869146
PARD3,PARD3,plasma,protein,A,0.15700182643596,0.8141348066028145
PARK7,PARK7,plasma,protein,A,-0.1115736224773173,0.41546627843945777
PARP1,PARP1,plasma,protein,A,0.0537835106968,0.2449958497537429
PAXX,PAXX,plasma,protein,A,-0.0787648979860677,0.3145938368833535
PBK,PBK,plasma,protein,A,-0.1289944820429962,0.5913930385388718
PBLD,PBLD,plasma,protein,A,-0.1186557473856629,0.40268954516128674
PBXIP1,PBXIP1,plasma,protein,A,0.0429714839101773,0.1820032107583969
PCARE,PCARE,plasma,protein,A,-0.0063384007913304,0.6318902251766918
PCBD1,PCBD1,plasma,protein,A,-0.0068554906540378,0.2879959681099625
PCBP2,PCBP2,plasma,protein,A,-0.2066764335907306,0.46654547118509015
PCDH1,PCDH1,plasma,protein,A,-0.0150934567610072,0.061410788099779
PCDH12,PCDH12,plasma,protein,A,0.1184140606355501,0.1666138781142966
PCDH17,PCDH17,plasma,protein,A,-0.1663019285667904,0.28734383164431365
PCDH7,PCDH7,plasma,protein,A,-1.0650530593171044,0.20293334470028812
PCDH9,PCDH9,plasma,protein,A,0.0672341033829521,0.2680068129122938
PCDHB15,PCDHB15,plasma,protein,A,0.0448620580060512,0.30258113974978
PCNA,PCNA,plasma,protein,A,-0.0280911672045796,0.7200513986733208
PCOLCE,PCOLCE,plasma,protein,A,0.2473183275101976,0.3633264020400976
PCSK7,PCSK7,plasma,protein,A,0.0852394934107455,0.2904485962683178
PCSK9,PCSK9,plasma,protein,A,-0.4481257648520907,0.3131682384097654
PCYT2,PCYT2,plasma,protein,A,-0.3016352747631243,0.6053229807221037
PDAP1,PDAP1,plasma,protein,A,-0.2253635743217197,0.6538498672165614
PDCD1,PDCD1,plasma,protein,A,0.1817862796265775,0.3008915033449026
PDCD1LG2,PDCD1LG2,plasma,protein,A,-0.2790650483366753,0.2218555914280141
PDCD5,PDCD5,plasma,protein,A,-0.158883775691553,0.49991412004988767
PDCD6,PDCD6,plasma,protein,A,-0.0097118795001908,0.2498439863642738
PDCL2,PDCL2,plasma,protein,A,-0.0332962011092549,0.864745803072707
PDE1C,PDE1C,plasma,protein,A,-0.0691336984567169,0.6273843450536968
PDE4D,PDE4D,plasma,protein,A,0.0792114261146115,0.6293886763185472
PDE5A,PDE5A,plasma,protein,A,-0.3560666607994922,0.7744361014256009
PDGFA,PDGFA,plasma,protein,A,-0.3873270520123542,0.8688080644783474
PDGFB,PDGFB,plasma,protein,A,-0.175337362163355,0.8459224234059564
PDGFC,PDGFC,plasma,protein,A,0.230644765382181,0.3025993012802308
PDGFRA,PDGFRA,plasma,protein,A,-0.2190473425237822,0.26061598316492096
PDGFRB,PDGFRB,plasma,protein,A,0.0803647531481918,0.2587398156260191
PDIA2,PDIA2,plasma,protein,A,-0.0178749728061442,0.7144749923142961
PDIA3,PDIA3,plasma,protein,A,-0.0924082480759,0.2578825255512093
PDIA4,PDIA4,plasma,protein,A,-0.1557756632932852,0.3514947091409495
PDIA5,PDIA5,plasma,protein,A,-0.2016394634261853,0.7796224302298724
PDLIM5,PDLIM5,plasma,protein,A,-0.4408922071321314,0.9083590544052313
PDLIM7,PDLIM7,plasma,protein,A,-0.3833678504334624,0.8115310781941445
PDP1,PDP1,plasma,protein,A,-0.0600988885422553,0.4765982771870189
PDRG1,PDRG1,plasma,protein,A,-0.0024220821582244,0.6755246944731317
PDXDC1,PDXDC1,plasma,protein,A,-0.1421293938944772,0.4382530294304261
PDZD2,PDZD2,plasma,protein,A,-0.263543955152802,0.4795052203820315
PDZK1,PDZK1,plasma,protein,A,-0.1407875856332381,0.46067304200176395
PEAR1,PEAR1,plasma,protein,A,0.1517046040191325,0.1564321573410391
PEBP1,PEBP1,plasma,protein,A,-0.1694711553407735,0.4621138506579011
PECAM1,PECAM1,plasma,protein,A,-0.023676904249556,0.21271083071225572
PECR,PECR,plasma,protein,A,0.0031273407048624,0.2089728375663789
PENK,PENK,plasma,protein,A,0.0704733564656332,0.2832508551373634
PEPD,PEPD,plasma,protein,A,0.2627933526290749,0.2306450903391964
PF4,PF4,plasma,protein,A,-0.0551830145721049,0.7428952807478433
PFDN2,PFDN2,plasma,protein,A,-0.1498200242518545,0.5951629429095908
PFDN4,PFDN4,plasma,protein,A,-0.0609152897957277,0.802110544220443
PFDN6,PFDN6,plasma,protein,A,0.0165364520883984,0.8021163836192886
PFKFB2,PFKFB2,plasma,protein,A,-0.1203923100540017,0.5122362863111896
PGA4,PGA4,plasma,protein,A,-0.1377819693719908,0.35529795541759635
PGD,PGD,plasma,protein,A,-0.4321263019417254,0.3873844081724601
PGF,PGF,plasma,protein,A,-2.1070323895511014,0.4600112803539922
PGLYRP2,PGLYRP2,plasma,protein,A,0.3304783826117649,0.3444937367890736
PGLYRP4,PGLYRP4,plasma,protein,A,-0.4038196814613567,0.5942917110250329
PGM2,PGM2,plasma,protein,A,0.0097138353775813,0.5399485376058972
PGR,PGR,plasma,protein,A,-0.0278710098208732,0.3678759847230053
PHACTR2,PHACTR2,plasma,protein,A,-0.0930529515602412,0.6829745563690592
PHLDB1,PHLDB1,plasma,protein,A,-0.3181150137868616,0.41047983270513366
PHLDB2,PHLDB2,plasma,protein,A,-0.0087248662628113,1.090060581769771
PHOSPHO1,PHOSPHO1,plasma,protein,A,-0.1236489852740836,0.24078535888487898
PHYKPL,PHYKPL,plasma,protein,A,0.0287619229460418,0.27130487980298323
PI16,PI16,plasma,protein,A,0.0377645106890693,0.2432465823039382
PI3,PI3,plasma,protein,A,0.0956715185196784,0.4254465495494977
PIBF1,PIBF1,plasma,protein,A,-0.2370719332008825,0.6254039111838656
PIGR,PIGR,plasma,protein,A,-0.5214856605794707,0.2704274130723325
PIK3AP1,PIK3AP1,plasma,protein,A,-0.1151561248388912,0.4271343424915071
PIK3IP1,PIK3IP1,plasma,protein,A,-0.0883867105878122,0.1955566623481934
PIKFYVE,PIKFYVE,plasma,protein,A,-0.1741281532636971,0.4842191790478074
PILRA,PILRA,plasma,protein,A,-0.2332011757513207,0.2550973011525779
PILRB,PILRB,plasma,protein,A,-0.2526137929820579,0.37105166005837986
PINLYP,PINLYP,plasma,protein,A,0.106095581958593,0.41296691852233736
PITHD1,PITHD1,plasma,protein,A,-0.2113454376832874,0.8281297455178223
PKD1,PKD1,plasma,protein,A,-0.1117024304000982,0.1926215428105451
PKD2,PKD2,plasma,protein,A,-0.2287271549210636,0.4700654283706254
PKLR,PKLR,plasma,protein,A,0.0096349894794449,0.3943374743519142
PKN3,PKN3,plasma,protein,A,-0.1660845177192748,0.7955773359224392
PLA2G10,PLA2G10,plasma,protein,A,0.4016139819471939,0.4668841081957512
PLA2G15,PLA2G15,plasma,protein,A,-0.2754715572355781,0.2086045844776032
PLA2G1B,PLA2G1B,plasma,protein,A,-0.0345422303116384,0.400647909286105
PLA2G2A,PLA2G2A,plasma,protein,A,0.1169340781058713,0.602502804183044
PLA2G4A,PLA2G4A,plasma,protein,A,-0.3463390148536361,0.6016882527847215
PLA2G7,PLA2G7,plasma,protein,A,-0.0199240492969674,0.23852085630112269
PLAU,PLAU,plasma,protein,A,-0.4731096536925281,0.23423084717263382
PLAUR,PLAUR,plasma,protein,A,0.1475100766633328,0.2179869352560893
PLB1,PLB1,plasma,protein,A,0.2136160282293548,0.6841478919587848
PLCB1,PLCB1,plasma,protein,A,-0.0162625291639465,0.4158958112232673
PLCB2,PLCB2,plasma,protein,A,-0.211530515084654,0.7943100106090453
PLEKHO1,PLEKHO1,plasma,protein,A,-0.1021852542424983,0.6397806217203148
PLG,PLG,plasma,protein,A,-0.1671066144339447,0.20464006803269952
PLIN1,PLIN1,plasma,protein,A,0.0125174031645141,0.2723432807808452
PLIN3,PLIN3,plasma,protein,A,-0.1528919213397113,0.3252625918377407
PLPBP,PLPBP,plasma,protein,A,-0.2102304068978085,0.4702511352366474
PLSCR3,PLSCR3,plasma,protein,A,-0.0429256338398935,0.3283625271418751
PLTP,PLTP,plasma,protein,A,0.1340351926026944,0.2529804955898173
PLXDC1,PLXDC1,plasma,protein,A,0.2594742963277316,0.3293408366050253
PLXDC2,PLXDC2,plasma,protein,A,0.2053927490212033,0.2056791719694852
PLXNA4,PLXNA4,plasma,protein,A,-0.1687650884696541,0.6599275213378148
PLXNB2,PLXNB2,plasma,protein,A,-0.4793573702857236,0.18847486427764304
PLXNB3,PLXNB3,plasma,protein,A,-0.1728868716600137,0.2867605700630978
PM20D1,PM20D1,plasma,protein,A,-0.1773282589149319,1.1043924459001464
PMCH,PMCH,plasma,protein,A,-0.0402377377282427,0.28231958766648113
PMM2,PMM2,plasma,protein,A,-0.1424717062684401,0.6933663185627973
PMS1,PMS1,plasma,protein,A,-0.056249588667991,0.6833697931281613
PMVK,PMVK,plasma,protein,A,-0.1534261506285678,1.3515311836334276
PNLIP,PNLIP,plasma,protein,A,-8.441813735026588e-05,0.48108934420136873
PNLIPRP1,PNLIPRP1,plasma,protein,A,-0.0829427112612697,0.5406818763566043
PNLIPRP2,PNLIPRP2,plasma,protein,A,-1.0426949897852735,0.7381587733420794
PNMA1,PNMA1,plasma,protein,A,-0.2202336619930564,0.6134040781074422
PNMA2,PNMA2,plasma,protein,A,-0.152209852766104,0.7630221543275004
PNPT1,PNPT1,plasma,protein,A,-0.0576821350076988,0.5005689459498556
PODXL,PODXL,plasma,protein,A,-0.0116649085993132,0.1350216452950229
PODXL2,PODXL2,plasma,protein,A,0.0133479477907456,0.2016575462069766
POF1B,POF1B,plasma,protein,A,0.0112292047914305,0.3321110307364342
POLR2A,POLR2A,plasma,protein,A,0.044719607455066,0.514500648177826
POLR2F,POLR2F,plasma,protein,A,-0.2280709118234425,0.2305923719372113
POMC,POMC,plasma,protein,A,-1.0185729926685236,0.5492445110131797
PON1,PON1,plasma,protein,A,0.0103189320711754,0.134372000865778
PON2,PON2,plasma,protein,A,-0.2219096088459171,0.2886936632519908
PON3,PON3,plasma,protein,A,0.1852583131236223,0.2232744387347505
POSTN,POSTN,plasma,protein,A,0.2481099896026398,0.4666080040740855
PPBP,PPBP,plasma,protein,A,-0.0596788950862456,0.8428364078149638
PPCDC,PPCDC,plasma,protein,A,-0.1584941816662368,0.252140589009503
PPIB,PPIB,plasma,protein,A,-0.3724454184739751,0.6005358498821811
PPIE,PPIE,plasma,protein,A,0.1012459531240108,0.4586228950900538
PPL,PPL,plasma,protein,A,-0.1638663617818893,0.2663525370827879
PPM1A,PPM1A,plasma,protein,A,0.0203416719203992,0.2918575309158687
PPM1B,PPM1B,plasma,protein,A,-0.0771389680933779,0.6684381052398071
PPM1F,PPM1F,plasma,protein,A,-0.1867212769717942,0.3587383386598647
PPME1,PPME1,plasma,protein,A,-0.280993935535477,0.6531355155204146
PPP1CC,PPP1CC,plasma,protein,A,0.0127723438945695,0.4448297575276373
PPP1R12A,PPP1R12A,plasma,protein,A,-0.1335907378649877,0.3265016747304013
PPP1R12B,PPP1R12B,plasma,protein,A,-0.0667711947827214,0.5163023382430421
PPP1R14A,PPP1R14A,plasma,protein,A,-0.0051160615123024,1.0147560662907016
PPP1R14D,PPP1R14D,plasma,protein,A,-0.0566519163603034,0.47319102217036724
PPP1R2,PPP1R2,plasma,protein,A,-0.2365312654076508,0.3987860209103893
PPP1R9B,PPP1R9B,plasma,protein,A,-0.3818060419010852,0.6783977733897955
PPP2R5A,PPP2R5A,plasma,protein,A,-0.2156919200648178,0.7502518146662025
PPP3R1,PPP3R1,plasma,protein,A,-0.0125690178681936,0.3082329954100137
PPT1,PPT1,plasma,protein,A,-0.0659051105030144,0.6356123207277511
PPY,PPY,plasma,protein,A,0.0978748098169537,0.9625295064068864
PQBP1,PQBP1,plasma,protein,A,0.0025146173544132,0.4815784280855513
PRAME,PRAME,plasma,protein,A,-0.0818273267196437,0.5792282452260978
PRAP1,PRAP1,plasma,protein,A,-0.4645336445604821,0.42101320526894026
PRC1,PRC1,plasma,protein,A,-0.0376287621359828,0.4284325427395515
PRCP,PRCP,plasma,protein,A,-0.0700310488996669,0.2706142709842484
PRDX1,PRDX1,plasma,protein,A,-0.0743128098926574,0.44626724796914563
PRDX2,PRDX2,plasma,protein,A,0.0264626747237135,0.3083877233751348
PRDX3,PRDX3,plasma,protein,A,-0.2128388767260245,0.5292156630877457
PRDX5,PRDX5,plasma,protein,A,-0.3335770388920526,0.6194045373241929
PRDX6,PRDX6,plasma,protein,A,0.0203956965756393,0.4351140023644365
PREB,PREB,plasma,protein,A,-0.0549526940807252,0.21700518513017977
PRELP,PRELP,plasma,protein,A,0.1887456043942442,0.1383245599244392
PRG2,PRG2,plasma,protein,A,-0.5980739522052237,0.46338159200915585
PRG3,PRG3,plasma,protein,A,0.2055419563442713,0.41328691511952387
PRKAB1,PRKAB1,plasma,protein,A,-0.0712617110284423,0.44925838714532845
PRKAG3,PRKAG3,plasma,protein,A,0.1605491610216202,0.6225987016896958
PRKAR1A,PRKAR1A,plasma,protein,A,-0.1288999826284123,0.7692375548527293
PRKAR2A,PRKAR2A,plasma,protein,A,-0.3358389404652429,0.5791707469723429
PRKCQ,PRKCQ,plasma,protein,A,-0.0231355944274647,0.3593957167397608
PRKD2,PRKD2,plasma,protein,A,-0.0461740083114411,0.393189246284322
PRKG1,PRKG1,plasma,protein,A,-0.1410325895214114,0.5415350499571291
PRKRA,PRKRA,plasma,protein,A,-0.102051779460841,0.4064153620295825
PRL,PRL,plasma,protein,A,-1.4655202121110131,0.651800267067004
PRND,PRND,plasma,protein,A,0.144201030016198,0.44283304636857224
PROC,PROC,plasma,protein,A,0.0305744737184279,0.2460881953679447
PROCR,PROCR,plasma,protein,A,0.0454572051673362,0.3158606631819378
PROK1,PROK1,plasma,protein,A,0.4362489751818688,0.5383996947024315
PROS1,PROS1,plasma,protein,A,0.3070295498247993,0.18411559548100048
PRR4,PRR4,plasma,protein,A,0.1784930796469055,0.6369807271143465
PRR5,PRR5,plasma,protein,A,-0.0290832623308534,0.5423964689071856
PRRT3,PRRT3,plasma,protein,A,0.2249745466845111,0.27673241120280984
PRSS2,PRSS2,plasma,protein,A,-0.1003872592738321,0.36049110334363654
PRSS22,PRSS22,plasma,protein,A,-0.6309694219381742,0.34690474008854144
PRSS27,PRSS27,plasma,protein,A,-0.1723217608691467,0.2662220312077028
PRSS53,PRSS53,plasma,protein,A,-0.0038574448918317,0.3490949209747488
PRSS8,PRSS8,plasma,protein,A,-1.036711564450199,0.3165514547943751
PRTFDC1,PRTFDC1,plasma,protein,A,-0.247657529918282,1.0622908432229885
PRTG,PRTG,plasma,protein,A,-0.7341928625471733,0.19529694100602712
PRTN3,PRTN3,plasma,protein,A,-0.0070578794402191,0.3291486185308873
PRUNE2,PRUNE2,plasma,protein,A,0.0697023360147905,0.4001037863888395
PSAP,PSAP,plasma,protein,A,-0.3522900919404442,0.1708187238304027
PSAPL1,PSAPL1,plasma,protein,A,-0.2482074462103192,0.3308224857434427
PSCA,PSCA,plasma,protein,A,-0.4193691519365792,0.6244708789521232
PSIP1,PSIP1,plasma,protein,A,0.0431861227453045,0.49736112766988977
PSMA1,PSMA1,plasma,protein,A,0.032252015925882,0.6489092102012665
PSMC3,PSMC3,plasma,protein,A,-0.0655540658149508,0.6577916071548373
PSMD1,PSMD1,plasma,protein,A,-0.0445281587664739,0.5996390261958233
PSMD5,PSMD5,plasma,protein,A,-0.0426796387580716,0.3244381318735938
PSMD9,PSMD9,plasma,protein,A,-0.1532609444881129,0.44265968280185153
PSME1,PSME1,plasma,protein,A,-0.095031955488097,0.2623008859572012
PSME2,PSME2,plasma,protein,A,-0.0998743441666411,0.3191669391921256
PSMG3,PSMG3,plasma,protein,A,-0.1165068067355657,0.4904249741834575
PSMG4,PSMG4,plasma,protein,A,-0.0924434758807507,0.5177587710130417
PSPN,PSPN,plasma,protein,A,0.2362477044174074,0.7181705444486907
PSRC1,PSRC1,plasma,protein,A,-0.0483851475762093,0.3278455900987895
PSTPIP2,PSTPIP2,plasma,protein,A,-0.2496219082714618,1.0021845393211337
PTEN,PTEN,plasma,protein,A,-0.0634083318938499,0.5926233717202782
PTGDS,PTGDS,plasma,protein,A,-0.0191763302387256,0.22231484733699253
PTGES2,PTGES2,plasma,protein,A,-0.1543583615281757,0.6419687400436954
PTGR1,PTGR1,plasma,protein,A,0.0084213807026568,0.643064221454027
PTH,PTH,plasma,protein,A,-0.2387862676567621,0.849899684538803
PTH1R,PTH1R,plasma,protein,A,0.1631369164680614,0.2082954362814528
PTK7,PTK7,plasma,protein,A,-0.0134630119653759,0.4088227938976802
PTN,PTN,plasma,protein,A,-0.370892104593668,0.5543760885266964
PTP4A3,PTP4A3,plasma,protein,A,-0.110853273567785,0.5565266957928945
PTPN1,PTPN1,plasma,protein,A,-0.2882335252066521,0.6215869887034033
PTPN6,PTPN6,plasma,protein,A,-0.1462003588992917,0.8230333857815919
PTPN9,PTPN9,plasma,protein,A,0.0159356793195644,0.4229193542078043
PTPRB,PTPRB,plasma,protein,A,-0.0248077744848093,0.2587162531878896
PTPRC,PTPRC,plasma,protein,A,0.1934277270098601,0.20024575775065412
PTPRF,PTPRF,plasma,protein,A,-0.4203676566049212,0.2368205615480592
PTPRH,PTPRH,plasma,protein,A,-0.017219749942453,0.4003503134804842
PTPRN2,PTPRN2,plasma,protein,A,0.0867809613813855,0.3088627891252518
PTPRR,PTPRR,plasma,protein,A,0.1549457205183223,0.3217838808947146
PTPRS,PTPRS,plasma,protein,A,0.162180975664437,0.22534316814552197
PTPRZ1,PTPRZ1,plasma,protein,A,0.0681127897504483,0.28428597457249094
PTRHD1,PTRHD1,plasma,protein,A,-0.162585951763859,0.5294768884047998
PTS,PTS,plasma,protein,A,-0.2153846203561408,0.3394492367854981
PTTG1,PTTG1,plasma,protein,A,-0.2976585645640609,0.555932476766123
PTX3,PTX3,plasma,protein,A,-0.1619187655211876,0.23230694919344952
PVALB,PVALB,plasma,protein,A,-0.0863225830172996,0.8139767790981857
PVR,PVR,plasma,protein,A,-0.3480507231374197,0.2687403582638648
PXDNL,PXDNL,plasma,protein,A,0.101172693533304,0.43585417069666993
PXN,PXN,plasma,protein,A,-0.2229480145278342,0.3875510046266395
PYDC1,PYDC1,plasma,protein,A,-0.0037407610165763,0.3458804935753331
PYY,PYY,plasma,protein,A,-0.3044102148908883,0.7804845190246466
PZP,PZP,plasma,protein,A,-1.436642055621968,1.0377350782943422
QDPR,QDPR,plasma,protein,A,-0.1285285930281492,0.4465134958261875
QPCT,QPCT,plasma,protein,A,-0.1604574500054587,0.24436577630399997
QSOX1,QSOX1,plasma,protein,A,-0.258404511092822,0.20665723999743058
RAB10,RAB10,plasma,protein,A,-0.0474297788864309,0.4569376580608077
RAB11FIP3,RAB11FIP3,plasma,protein,A,-0.1542797177934946,0.9265876224523409
RAB27B,RAB27B,plasma,protein,A,-0.2094127409081531,1.0453451535237233
RAB2B,RAB2B,plasma,protein,A,-0.04773249973728,0.4898498915912297
RAB33A,RAB33A,plasma,protein,A,-0.1295218542401426,0.6700670875039051
RAB37,RAB37,plasma,protein,A,-0.06787384798413,0.7886826344539143
RAB39B,RAB39B,plasma,protein,A,0.0917115697720262,0.5639647384108286
RAB3GAP1,RAB3GAP1,plasma,protein,A,-0.0111456642796816,0.7350652522837079
RAB44,RAB44,plasma,protein,A,-0.2607306566071964,0.3515183047898719
RABEP1,RABEP1,plasma,protein,A,-0.1350633481927643,0.3850564101391425
RABEPK,RABEPK,plasma,protein,A,-0.0775921693676086,0.3417655098010524
RABGAP1L,RABGAP1L,plasma,protein,A,-0.1720856318960683,0.5315141519818771
RAC3,RAC3,plasma,protein,A,0.041744507668529,0.2895430303836625
RAD23B,RAD23B,plasma,protein,A,-0.1264044737744167,0.35557988013284914
RAD51,RAD51,plasma,protein,A,-0.2657608569850389,0.5440019400695155
RALB,RALB,plasma,protein,A,-0.0457505490371844,0.4395833952969927
RALY,RALY,plasma,protein,A,-0.0844041428768754,0.3974672914155105
RANBP1,RANBP1,plasma,protein,A,-0.0338760887890378,0.5845722549542886
RANBP2,RANBP2,plasma,protein,A,0.0385235972567693,0.2956854737821053
RANGAP1,RANGAP1,plasma,protein,A,0.059033807519474,0.1921801050129403
RAP1A,RAP1A,plasma,protein,A,-0.0965934572307193,0.9610085619919428
RARRES1,RARRES1,plasma,protein,A,0.0192882497588496,0.2100615634801592
RARRES2,RARRES2,plasma,protein,A,-0.2055619541308405,0.3832182532178392
RASA1,RASA1,plasma,protein,A,-0.0404754998310277,0.2696345459759988
RASGRF1,RASGRF1,plasma,protein,A,-0.0316456090830754,0.8264699323058065
RASSF2,RASSF2,plasma,protein,A,-0.0870575797664432,0.43122119624391037
RBFOX3,RBFOX3,plasma,protein,A,-0.1081771367837379,0.2590632632017426
RBKS,RBKS,plasma,protein,A,-0.213285589683626,0.5282115550696587
RBM17,RBM17,plasma,protein,A,-0.079883229022366,0.5780587437539748
RBM19,RBM19,plasma,protein,A,-0.0304438386298898,0.4717350982720307
RBM25,RBM25,plasma,protein,A,0.024351137879955,0.7948620531690623
RBP1,RBP1,plasma,protein,A,-0.3363501056053429,0.4283737766593128
RBP2,RBP2,plasma,protein,A,-0.2953880065149974,0.6303496158768978
RBP5,RBP5,plasma,protein,A,-0.1881223306301927,0.4459856144908153
RBP7,RBP7,plasma,protein,A,-0.2556209157826153,0.3812211794037306
RBPMS,RBPMS,plasma,protein,A,-0.1000319970381867,0.439239778855902
RBPMS2,RBPMS2,plasma,protein,A,-0.2325768028134364,0.9668491796209434
RCC1,RCC1,plasma,protein,A,-0.1160064199495059,0.2114757342876536
RCOR1,RCOR1,plasma,protein,A,-0.0563645184309695,0.294564519765121
RECK,RECK,plasma,protein,A,0.1267309647586207,0.1470974988617625
REEP4,REEP4,plasma,protein,A,-0.0906189904991798,0.464115838945739
REG1A,REG1A,plasma,protein,A,-0.0487579407794689,0.3619811015811773
REG1B,REG1B,plasma,protein,A,-0.0483908687925584,0.4573469295684369
REG3A,REG3A,plasma,protein,A,-0.1471571188689323,0.4214533387472221
REG3G,REG3G,plasma,protein,A,-0.0511121022933964,0.4562493450600345
REG4,REG4,plasma,protein,A,0.1138272260290237,0.29761090585855765
RELB,RELB,plasma,protein,A,-0.3990694169702778,0.909585795917355
RELT,RELT,plasma,protein,A,-0.1156553175379301,0.2437765081624851
REN,REN,plasma,protein,A,0.4577265073262281,0.44665918874032584
REPS1,REPS1,plasma,protein,A,-0.0498896050934574,0.6101752609573172
REST,REST,plasma,protein,A,-0.096509378583621,0.7454085341359906
RET,RET,plasma,protein,A,-0.7488622691762423,0.44909966527440665
RETN,RETN,plasma,protein,A,-0.1630418060416895,0.3052002256120533
REXO2,REXO2,plasma,protein,A,-0.015363534746166,0.5373731644233786
RFC4,RFC4,plasma,protein,A,-0.1664874248463078,0.4117239556885326
RGCC,RGCC,plasma,protein,A,-0.2188085465152214,0.6110128055721584
RGL2,RGL2,plasma,protein,A,-0.0142050837539723,0.6413633185653529
RGMA,RGMA,plasma,protein,A,0.2179652407328452,0.2875164053875663
RGMB,RGMB,plasma,protein,A,0.0256935062755322,0.1738982990408316
RGS10,RGS10,plasma,protein,A,-0.1969456686932597,0.6342098907231432
RGS8,RGS8,plasma,protein,A,0.0254902192566583,0.30574978259508123
RHOC,RHOC,plasma,protein,A,-0.0731731243207209,0.9538587857637398
RICTOR,RICTOR,plasma,protein,A,0.0433216085690202,0.4705698436024128
RIDA,RIDA,plasma,protein,A,-0.0966047240974018,0.44042317121128255
RILP,RILP,plasma,protein,A,-0.2329027430735014,0.5201088291892662
RILPL2,RILPL2,plasma,protein,A,-0.2069626072104738,0.7901803199827415
RIPK4,RIPK4,plasma,protein,A,0.1073261836726052,0.6359513714074535
RLN1,RLN1,plasma,protein,A,0.2156764650309192,0.2865908522342018
RNASE1,RNASE1,plasma,protein,A,-0.1231504666404579,0.30265058198839845
RNASE10,RNASE10,plasma,protein,A,-0.0165499929864738,0.4269138996629318
RNASE3,RNASE3,plasma,protein,A,0.1517421762946743,0.7343193101363195
RNASE4,RNASE4,plasma,protein,A,-0.2371116304908263,0.2272226945655852
RNASE6,RNASE6,plasma,protein,A,-0.079845569521797,0.2585350425497348
RNASEH2A,RNASEH2A,plasma,protein,A,-0.3806970154636698,0.8712557286214146
RNASET2,RNASET2,plasma,protein,A,-0.0826672593790112,0.20828330632911402
RNF149,RNF149,plasma,protein,A,-0.1801943010772564,0.2689851869789149
RNF168,RNF168,plasma,protein,A,-0.087296866885434,0.7905091510314707
RNF31,RNF31,plasma,protein,A,0.0805440378890534,0.6029767337314532
RNF4,RNF4,plasma,protein,A,0.1802830206348778,0.5912561387102389
RNF41,RNF41,plasma,protein,A,-0.2624700049447617,0.3963587221841893
RNF43,RNF43,plasma,protein,A,-0.0206853516633509,0.39337695190332
RNF5,RNF5,plasma,protein,A,-0.1451660658722316,0.6954484818653268
ROBO1,ROBO1,plasma,protein,A,0.0155242704393566,0.19452550428248538
ROBO2,ROBO2,plasma,protein,A,0.2399517650766892,0.15740058718529842
ROBO4,ROBO4,plasma,protein,A,-0.0066070777249947,0.176306965618495
ROR1,ROR1,plasma,protein,A,0.0080076429291221,0.21664236717187
RP2,RP2,plasma,protein,A,-0.0032727943264665,0.2585475200633978
RPA2,RPA2,plasma,protein,A,-0.1140987485368768,0.47574072965387876
RPE,RPE,plasma,protein,A,0.002776779649973,0.4898282683716216
RPGR,RPGR,plasma,protein,A,0.0376975306640056,0.4864115042367141
RPL14,RPL14,plasma,protein,A,0.0058485310877932,0.33051401777149597
RPS10,RPS10,plasma,protein,A,0.0795662090152954,0.41342208681377657
RRAS,RRAS,plasma,protein,A,0.0235368798418369,0.8743053796178143
RRM2,RRM2,plasma,protein,A,-0.2685936939803024,0.42577804543491615
RRM2B,RRM2B,plasma,protein,A,-0.2528255220189772,0.5666452046231012
RSPO1,RSPO1,plasma,protein,A,-0.0264767381654177,0.263191562046668
RSPO3,RSPO3,plasma,protein,A,0.1156937806095627,0.18197259455480702
RTBDN,RTBDN,plasma,protein,A,0.1226485854398508,0.2712000618988269
RTKN2,RTKN2,plasma,protein,A,0.0036929787704419,0.5584234879996254
RTN4IP1,RTN4IP1,plasma,protein,A,-0.1162047236294437,0.5728016988093596
RTN4R,RTN4R,plasma,protein,A,-0.2062988606400437,0.26355027422727656
RUVBL1,RUVBL1,plasma,protein,A,0.0577675373490149,0.6658279120094436
RWDD1,RWDD1,plasma,protein,A,-0.2462459657933842,0.3947695027464688
RYR1,RYR1,plasma,protein,A,0.0202346387291955,0.4000597683259484
S100A11,S100A11,plasma,protein,A,-0.0926938277443766,0.1878798616977366
S100A12,S100A12,plasma,protein,A,0.4578782662696484,0.46008133415889557
S100A13,S100A13,plasma,protein,A,0.2164586119602234,0.2319578689743276
S100A14,S100A14,plasma,protein,A,0.1050031915012021,0.5102882044755029
S100A16,S100A16,plasma,protein,A,0.2464847024483445,0.5538758150930266
S100A3,S100A3,plasma,protein,A,-0.0020692375777121,0.3495432475631006
S100A4,S100A4,plasma,protein,A,-0.0254159965912315,0.3569896146852724
S100G,S100G,plasma,protein,A,-0.3242369869084827,0.5055112208527259
S100P,S100P,plasma,protein,A,-0.8664482822425499,0.4332093152800618
SAA4,SAA4,plasma,protein,A,0.089160215985519,0.16477679511472332
SAFB2,SAFB2,plasma,protein,A,-0.0637996805191669,0.28728690064817064
SAG,SAG,plasma,protein,A,-0.1657187274740831,1.054350453018872
SAMD9L,SAMD9L,plasma,protein,A,-0.195761970437302,0.4687083957089533
SAP18,SAP18,plasma,protein,A,-0.0523136687109836,0.6716476275275841
SARG,SARG,plasma,protein,A,-0.03684716444613,0.8629930082071076
SART1,SART1,plasma,protein,A,-0.0717186867259771,0.2442949790479768
SAT1,SAT1,plasma,protein,A,0.0340154647844263,0.4661049380941432
SAT2,SAT2,plasma,protein,A,-0.1620996031502625,0.46549368991830953
SATB1,SATB1,plasma,protein,A,-0.0337274992662643,0.19254534496180142
SBSN,SBSN,plasma,protein,A,0.1924179379356872,0.2959742501051911
SCAMP3,SCAMP3,plasma,protein,A,-0.3053722125285495,0.7432845991717875
SCARA5,SCARA5,plasma,protein,A,0.0014124430140138,0.31843908426894857
SCARB1,SCARB1,plasma,protein,A,-0.3806807755738315,0.4916918791280696
SCARB2,SCARB2,plasma,protein,A,-0.1815006228478668,0.2583767451373798
SCARF1,SCARF1,plasma,protein,A,-0.0823436587793241,0.289481395322317
SCARF2,SCARF2,plasma,protein,A,0.078520253762571,0.2353159191780992
SCG2,SCG2,plasma,protein,A,-0.1180381126959047,0.287442754456468
SCG3,SCG3,plasma,protein,A,0.1854710198489381,0.2604772802791916
SCGB1A1,SCGB1A1,plasma,protein,A,0.0725658324169032,0.41067279474930185
SCGB2A2,SCGB2A2,plasma,protein,A,0.090237810944845,0.3491280099710522
SCGB3A1,SCGB3A1,plasma,protein,A,-0.1359319320221577,0.24402698903109799
SCGB3A2,SCGB3A2,plasma,protein,A,-0.041966402050058,0.5540855650008313
SCGN,SCGN,plasma,protein,A,-0.0916409767774918,0.39006241740271563
SCIN,SCIN,plasma,protein,A,-0.1347639848227377,0.653216834153879
SCLY,SCLY,plasma,protein,A,-0.1304827730683979,0.4053868036681176
SCN2A,SCN2A,plasma,protein,A,0.0052952711507407,0.6475525717510858
SCN2B,SCN2B,plasma,protein,A,0.0465657252098622,0.47420611233948257
SCN3A,SCN3A,plasma,protein,A,0.151265504346771,0.6686588378594714
SCN3B,SCN3B,plasma,protein,A,0.0909566446196155,0.4311136299855235
SCN4B,SCN4B,plasma,protein,A,0.1400240527017823,0.35315017734634857
SCP2,SCP2,plasma,protein,A,0.0311289831695197,0.40363066970943756
SCPEP1,SCPEP1,plasma,protein,A,-0.0261137763375606,0.3277687453125782
SCRG1,SCRG1,plasma,protein,A,-0.3457733796929113,0.3006742089366637
SCRIB,SCRIB,plasma,protein,A,-0.2600754942292591,0.44105168509719
SCRN1,SCRN1,plasma,protein,A,-0.0874665886103581,0.4046375558060042
SCT,SCT,plasma,protein,A,0.0018495120457886,0.448888094871846
SDC1,SDC1,plasma,protein,A,-2.5359645752993205,0.43063407000531573
SDC4,SDC4,plasma,protein,A,-0.2630726519492994,0.6925203880315918
SDCCAG8,SDCCAG8,plasma,protein,A,-0.1539420011573181,0.8622479137773373
SDHB,SDHB,plasma,protein,A,0.006852109797767,0.2544589816468526
SDK2,SDK2,plasma,protein,A,-0.1143645506471888,0.2577727423012139
SEC31A,SEC31A,plasma,protein,A,-0.1964395945098818,0.43011209419237906
SEL1L,SEL1L,plasma,protein,A,-0.3782663215745731,0.2130133982686332
SELE,SELE,plasma,protein,A,-0.0087078258558427,0.3681564345740202
SELENOP,SELENOP,plasma,protein,A,0.0804633788036331,0.2040157900785639
SELL,SELL,plasma,protein,A,0.2791011298857967,0.2155442382447952
SELP,SELP,plasma,protein,A,-0.1852334423751071,0.3344777691632984
SELPLG,SELPLG,plasma,protein,A,-0.0456656905935724,0.15511640364270252
SEMA3F,SEMA3F,plasma,protein,A,-0.2965182276779741,0.25545965380178687
SEMA3G,SEMA3G,plasma,protein,A,-0.2733761410203913,0.2791689428285297
SEMA4C,SEMA4C,plasma,protein,A,-0.1056762737208041,0.2372551484221698
SEMA4D,SEMA4D,plasma,protein,A,0.0941289349764178,0.2453134273899864
SEMA6C,SEMA6C,plasma,protein,A,-0.0239493687869238,0.29041021429776476
SEMA7A,SEMA7A,plasma,protein,A,-1.4508441828227563,0.19240653474742087
SEPTIN3,SEPTIN3,plasma,protein,A,0.0839133816118557,0.4148979589307002
SEPTIN7,SEPTIN7,plasma,protein,A,-0.0050564064842288,0.717093838755481
SEPTIN8,SEPTIN8,plasma,protein,A,-0.0994364782575105,0.21494704792597508
SEPTIN9,SEPTIN9,plasma,protein,A,-0.0340819174121508,0.1732357772253801
SERPINA1,SERPINA1,plasma,protein,A,-0.1795452296601915,0.1494739677234163
SERPINA11,SERPINA11,plasma,protein,A,-0.1647835268428657,0.3022693270133623
SERPINA12,SERPINA12,plasma,protein,A,-0.613467940833117,0.9219572608116611
SERPINA3,SERPINA3,plasma,protein,A,0.0487501086168629,0.1534502124416616
SERPINA4,SERPINA4,plasma,protein,A,-0.0296984563872329,0.184354375235168
SERPINA5,SERPINA5,plasma,protein,A,-0.2222150150966232,0.2290761214152266
SERPINA6,SERPINA6,plasma,protein,A,-0.5497122315791216,0.21639962586519612
SERPINA7,SERPINA7,plasma,protein,A,-0.2797446738601692,0.27042707606836514
SERPINA9,SERPINA9,plasma,protein,A,0.3990037767881879,0.6837514345636307
SERPINB1,SERPINB1,plasma,protein,A,-0.1860217824052351,0.4443806124530429
SERPINB5,SERPINB5,plasma,protein,A,0.1228535960644342,0.7241610274840041
SERPINB6,SERPINB6,plasma,protein,A,-0.040310134205462,0.3265212172537893
SERPINB8,SERPINB8,plasma,protein,A,-0.1428226110595921,0.3647093133116362
SERPINB9,SERPINB9,plasma,protein,A,-0.1704262913957756,0.3680786900136691
SERPINC1,SERPINC1,plasma,protein,A,0.0039256072525149,0.1187911430388479
SERPIND1,SERPIND1,plasma,protein,A,-0.1070871789315899,0.2843607766141697
SERPINE1,SERPINE1,plasma,protein,A,-0.914968426419848,0.6226153981895336
SERPINE2,SERPINE2,plasma,protein,A,-0.1476716259922093,0.5987198212117387
SERPINF1,SERPINF1,plasma,protein,A,-0.119884078000063,0.1918734197334146
SERPINF2,SERPINF2,plasma,protein,A,-0.0165226303685293,0.1680141396353707
SERPING1,SERPING1,plasma,protein,A,0.1027497247563876,0.1775365847651723
SERPINH1,SERPINH1,plasma,protein,A,0.0438445741490513,0.9316672058035061
SERPINI1,SERPINI1,plasma,protein,A,-0.2711202040073927,0.23188545673558958
SERPINI2,SERPINI2,plasma,protein,A,0.1798614584944084,0.5550447993563108
SESTD1,SESTD1,plasma,protein,A,-0.1264481982577097,0.532613594288918
SETMAR,SETMAR,plasma,protein,A,-0.0707967265729623,0.23175202518955018
SEZ6,SEZ6,plasma,protein,A,0.2514192000979076,0.3723322777648504
SEZ6L,SEZ6L,plasma,protein,A,0.0986982986815178,0.2130573912424643
SEZ6L2,SEZ6L2,plasma,protein,A,0.0799222740797959,0.23440719745079608
SF3B4,SF3B4,plasma,protein,A,0.0017889246539765,0.3638530636861018
SFRP1,SFRP1,plasma,protein,A,-0.174842097626481,0.3076086002526311
SFRP4,SFRP4,plasma,protein,A,-0.0802069089531012,0.26647384767413607
SFTPA1,SFTPA1,plasma,protein,A,-0.0123808699394274,0.3748143036507639
SFTPA2,SFTPA2,plasma,protein,A,-0.2113321627282076,0.4287274761676247
SFTPD,SFTPD,plasma,protein,A,0.0773364497569923,0.36976336170763924
SGSH,SGSH,plasma,protein,A,-1.0222417628353515,0.3226026375296962
SH2B3,SH2B3,plasma,protein,A,-0.1233830661735051,0.9271875180129705
SH2D1A,SH2D1A,plasma,protein,A,-0.0694834356616651,0.362911815254899
SH3BGRL2,SH3BGRL2,plasma,protein,A,-0.0915516758920372,0.5644706597767098
SH3BP1,SH3BP1,plasma,protein,A,-0.0114209002348992,0.4126785523981468
SH3GLB2,SH3GLB2,plasma,protein,A,-0.0454543192411327,0.6119823609140765
SHBG,SHBG,plasma,protein,A,-0.3342649553121768,0.2587210325158028
SHC1,SHC1,plasma,protein,A,0.0268076741786596,0.9006678455005936
SHD,SHD,plasma,protein,A,0.1971722996507397,0.9076202228845386
SHH,SHH,plasma,protein,A,-0.0098865496845014,0.4100572943248502
SHISA5,SHISA5,plasma,protein,A,-0.2674420805191593,0.2051715564183321
SHMT1,SHMT1,plasma,protein,A,-0.2960461311572326,0.8893891487209236
SHPK,SHPK,plasma,protein,A,-0.025698878840216,0.6856344779439747
SIAE,SIAE,plasma,protein,A,-0.3452528502051616,0.3107893206418807
SIGLEC1,SIGLEC1,plasma,protein,A,-0.441639406693793,0.32019691962862007
SIGLEC10,SIGLEC10,plasma,protein,A,-0.1438481314785373,0.232413475732267
SIGLEC15,SIGLEC15,plasma,protein,A,0.075976647742425,0.4687344826605806
SIGLEC5,SIGLEC5,plasma,protein,A,-0.2833577012724914,0.7939016780834576
SIGLEC6,SIGLEC6,plasma,protein,A,-0.4947601238370271,0.529392721192369
SIGLEC7,SIGLEC7,plasma,protein,A,0.0447940490397376,0.2274175374442997
SIGLEC8,SIGLEC8,plasma,protein,A,-0.0632826515901457,0.42663291039088247
SIGLEC9,SIGLEC9,plasma,protein,A,0.1232966030642417,0.2503009018101846
SIL1,SIL1,plasma,protein,A,-0.6033852775960731,0.21765370753007363
SIRPA,SIRPA,plasma,protein,A,-0.0508976203963429,0.275417711152171
SIRPB1,SIRPB1,plasma,protein,A,-0.1118043657426458,0.288699040243218
SIRT1,SIRT1,plasma,protein,A,-0.0076332224325008,0.3836215712300802
SIRT2,SIRT2,plasma,protein,A,-0.397237717934749,0.6229720042673489
SIRT5,SIRT5,plasma,protein,A,-0.0729279142038744,0.578745712059487
SIT1,SIT1,plasma,protein,A,0.1137751031967969,0.3505995888889065
SKAP1,SKAP1,plasma,protein,A,-0.0195570212238015,0.354722273579279
SKAP2,SKAP2,plasma,protein,A,-0.1821585545659756,0.8756107801333974
SKIV2L,SKIV2L,plasma,protein,A,0.0812215185951356,0.5157892951764107
SLA2,SLA2,plasma,protein,A,0.0179085977740701,0.7881870247577857
SLAMF1,SLAMF1,plasma,protein,A,0.0737548319476552,0.3967410282351333
SLAMF6,SLAMF6,plasma,protein,A,0.1373900136657785,0.4539190458196387
SLAMF7,SLAMF7,plasma,protein,A,0.3306067303988338,0.45888021224498965
SLAMF8,SLAMF8,plasma,protein,A,0.0061375379328861,0.42547323324967257
SLC12A2,SLC12A2,plasma,protein,A,-0.0003548077024397,0.3567495754556758
SLC13A1,SLC13A1,plasma,protein,A,0.0027626954757267,0.5139410444843165
SLC16A1,SLC16A1,plasma,protein,A,-0.1724237939789479,0.28535994846807633
SLC1A4,SLC1A4,plasma,protein,A,0.0235922168290494,1.2189819563757067
SLC27A4,SLC27A4,plasma,protein,A,-0.2341153613270453,0.5425447535461111
SLC28A1,SLC28A1,plasma,protein,A,-0.0553003982356987,0.7302086138129712
SLC34A3,SLC34A3,plasma,protein,A,-0.0253933887471982,0.8978971128450974
SLC39A14,SLC39A14,plasma,protein,A,0.1115075524084661,0.2460995903932698
SLC39A5,SLC39A5,plasma,protein,A,-0.60339949546225,0.5316748383965381
SLC44A4,SLC44A4,plasma,protein,A,-0.0840124737847872,0.8763437141543109
SLC4A1,SLC4A1,plasma,protein,A,-0.0973271758384713,0.47444835663532486
SLC51B,SLC51B,plasma,protein,A,0.1153086847264404,0.5335160659344061
SLC9A3R1,SLC9A3R1,plasma,protein,A,-0.1725652729036515,0.4048692683751409
SLIRP,SLIRP,plasma,protein,A,0.0015648428065798,0.4170151170970252
SLIT2,SLIT2,plasma,protein,A,-0.0650579155054639,0.3209941324498104
SLITRK1,SLITRK1,plasma,protein,A,0.188811396501025,0.29789539972996537
SLITRK2,SLITRK2,plasma,protein,A,0.0677084261527118,0.30611283143147283
SLITRK6,SLITRK6,plasma,protein,A,0.0020574051068865,0.261781406295565
SLK,SLK,plasma,protein,A,-0.1260152806375534,0.7976301429872078
SLMAP,SLMAP,plasma,protein,A,-0.48693188973191,0.7076383238478212
SLURP1,SLURP1,plasma,protein,A,-0.0192378022117033,0.2629521437252582
SMAD1,SMAD1,plasma,protein,A,-0.0337951147316886,0.4213659969848565
SMAD2,SMAD2,plasma,protein,A,-0.1718782386334867,0.531936446246769
SMAD3,SMAD3,plasma,protein,A,-0.1830751913073321,0.48410806731247846
SMAD5,SMAD5,plasma,protein,A,0.0901572087739006,0.17758494639058842
SMARCA2,SMARCA2,plasma,protein,A,-0.0156183320221815,0.6003832531478904
SMC3,SMC3,plasma,protein,A,-0.168119125272813,0.9900451823707236
SMNDC1,SMNDC1,plasma,protein,A,-0.0889640997643373,0.30257084992415073
SMOC1,SMOC1,plasma,protein,A,-0.1096279060459813,0.2201410283758888
SMOC2,SMOC2,plasma,protein,A,-0.0658028707192613,0.27474007999630423
SMPD1,SMPD1,plasma,protein,A,-0.4331055494259448,0.42510857475772473
SMPD3,SMPD3,plasma,protein,A,-0.1323966451212704,0.6748884651702226
SMPDL3A,SMPDL3A,plasma,protein,A,-0.1496271793643706,0.4091195096059891
SMPDL3B,SMPDL3B,plasma,protein,A,-0.0483344739720628,0.3507411273275442
SMS,SMS,plasma,protein,A,-0.0765885959315211,0.49117060949629576
SMTN,SMTN,plasma,protein,A,-0.4362910701895688,0.7153274925477
SNAP23,SNAP23,plasma,protein,A,-0.2027615949118478,0.8833397025360654
SNAP25,SNAP25,plasma,protein,A,0.0434564309631507,0.3286593804515591
SNAP29,SNAP29,plasma,protein,A,-0.3186695658095757,0.8320199965067969
SNCA,SNCA,plasma,protein,A,-0.3388775819405197,0.8541146540710647
SNCG,SNCG,plasma,protein,A,-0.2668994163648752,0.5741783510198519
SNED1,SNED1,plasma,protein,A,0.2304847861454798,0.32975682125784794
SNRPB2,SNRPB2,plasma,protein,A,-0.1124909577785417,0.2522312781409968
SNU13,SNU13,plasma,protein,A,-0.0161218703346717,0.3245800865489909
SNX18,SNX18,plasma,protein,A,-0.0259445525416662,0.3265915651068163
SNX2,SNX2,plasma,protein,A,-0.0407607650692682,0.7713141626529865
SNX5,SNX5,plasma,protein,A,-0.0052456150709682,0.1719996728118239
SNX9,SNX9,plasma,protein,A,-0.0626610696070301,0.3915873671337766
SOD1,SOD1,plasma,protein,A,-0.0655440114840492,0.3308027348350469
SOD2,SOD2,plasma,protein,A,0.3958877719796303,0.30253690339828065
SOD3,SOD3,plasma,protein,A,0.1526056667150643,0.2459184125881035
SORBS1,SORBS1,plasma,protein,A,-0.17671988068951,0.3502504917011172
SORCS2,SORCS2,plasma,protein,A,-0.5053849328891201,0.3678154461115334
SORD,SORD,plasma,protein,A,-0.0601913756256876,0.565453330739897
SORT1,SORT1,plasma,protein,A,-0.2799292510760181,0.24606355471255575
SOST,SOST,plasma,protein,A,0.2989865726957595,0.3420994337707534
SOWAHA,SOWAHA,plasma,protein,A,0.2191918618667581,0.5110457981019785
SOX2,SOX2,plasma,protein,A,0.0576512032576064,0.5397807708531498
SOX9,SOX9,plasma,protein,A,-0.3489879412088619,1.0080408652647388
SPACA5_SPACA5B,SPACA5_SPACA5B,plasma,protein,A,0.026410466702466,0.282043562529855
SPAG1,SPAG1,plasma,protein,A,0.1193043328763991,0.399802239996195
SPARC,SPARC,plasma,protein,A,-0.0666141770217169,0.4713849065000623
SPARCL1,SPARCL1,plasma,protein,A,0.1190949978190361,0.2430196424504218
SPART,SPART,plasma,protein,A,-0.1648316773691128,0.5040373581995397
SPESP1,SPESP1,plasma,protein,A,0.1118996753131175,0.4026217772483998
SPINK1,SPINK1,plasma,protein,A,-0.4910242619805879,0.4902945584060988
SPINK2,SPINK2,plasma,protein,A,0.4159091200420087,0.2865702901407276
SPINK4,SPINK4,plasma,protein,A,-0.0048376094555983,0.4901726512665923
SPINK5,SPINK5,plasma,protein,A,0.0582275587151773,0.22855363817489618
SPINK6,SPINK6,plasma,protein,A,-0.0839534286120238,0.51246744495374
SPINK8,SPINK8,plasma,protein,A,-0.2934000026261062,0.4915157098457895
SPINT1,SPINT1,plasma,protein,A,-1.900134277440974,0.2696880116652618
SPINT2,SPINT2,plasma,protein,A,-0.2259821967265518,0.24209807993636517
SPINT3,SPINT3,plasma,protein,A,0.0417641504157731,0.46304470774751916
SPOCK1,SPOCK1,plasma,protein,A,-0.044376235713723,0.23772026436181448
SPON1,SPON1,plasma,protein,A,0.2140205538910091,0.2622976287428033
SPON2,SPON2,plasma,protein,A,-0.3329847236424155,0.2778800088281864
SPP1,SPP1,plasma,protein,A,-0.1070442459458941,0.360520761666728
SPRED2,SPRED2,plasma,protein,A,-0.0142181030504761,0.3259691875404936
SPRING1,SPRING1,plasma,protein,A,-0.1155664610337381,0.5513652472383135
SPRR1B,SPRR1B,plasma,protein,A,0.1245993579589176,0.8213983009792528
SPRR3,SPRR3,plasma,protein,A,-1.0086472477177295,0.47270605437417523
SPRY2,SPRY2,plasma,protein,A,-0.0305036676206208,0.609320785891479
SPTBN2,SPTBN2,plasma,protein,A,0.0947945829098187,0.38806184584616116
SPTLC1,SPTLC1,plasma,protein,A,-0.0606467765858956,0.2774304421412576
SRC,SRC,plasma,protein,A,-0.2281063203778204,0.7954387890041243
SRP14,SRP14,plasma,protein,A,-0.021833087011035,0.3115036753654357
SRPK2,SRPK2,plasma,protein,A,-0.0603336681851436,0.1861023641141415
SRPX,SRPX,plasma,protein,A,-0.0727497801088301,0.3483428118772367
SSB,SSB,plasma,protein,A,-0.0029318056266295,0.5217684409990161
SSC4D,SSC4D,plasma,protein,A,0.51427439811747,0.6622318597015255
SSC5D,SSC5D,plasma,protein,A,-0.0443100313519696,0.3011115917587139
SSH3,SSH3,plasma,protein,A,-0.0846965454197309,0.2358412909001463
SSNA1,SSNA1,plasma,protein,A,-0.1202329988809262,0.4720826684490854
ST13,ST13,plasma,protein,A,-0.1033473924794247,0.4855508149705664
ST3GAL1,ST3GAL1,plasma,protein,A,-0.4084256657395253,0.3215410482752281
ST8SIA1,ST8SIA1,plasma,protein,A,0.0559616644664031,0.4519449806811454
STAB2,STAB2,plasma,protein,A,-0.0938205472599065,0.2255919835213902
STAM,STAM,plasma,protein,A,-0.1162240529526945,0.5315168282359627
STAMBP,STAMBP,plasma,protein,A,-0.1156106593068602,0.42284396015210657
STAT2,STAT2,plasma,protein,A,-0.3772883475366536,0.58317627005847
STAT5B,STAT5B,plasma,protein,A,-0.5186836602825139,0.9066688124713426
STAU1,STAU1,plasma,protein,A,-0.0239432784516343,0.5495314235743701
STC1,STC1,plasma,protein,A,0.0953631685392132,0.4265609012686835
STC2,STC2,plasma,protein,A,1.7705395589805553,0.37017457547106436
STEAP4,STEAP4,plasma,protein,A,0.0647016465377751,0.6556558191246774
STIP1,STIP1,plasma,protein,A,-0.0933012471624806,0.3471600914576566
STK11,STK11,plasma,protein,A,-0.1413735937157906,0.500237310737528
STK4,STK4,plasma,protein,A,-0.1373596025511566,0.8051629116697003
STOML2,STOML2,plasma,protein,A,-0.1072830003362136,0.920986014849519
STX16,STX16,plasma,protein,A,-0.0402245607817671,0.8389568602269006
STX1B,STX1B,plasma,protein,A,0.0511922336899631,0.5211456438377597
STX3,STX3,plasma,protein,A,-0.0787867481663694,0.22971649612093992
STX4,STX4,plasma,protein,A,-0.2075225432040748,0.3856015976737607
STX5,STX5,plasma,protein,A,-0.1097956930716881,0.5821180534818882
STX6,STX6,plasma,protein,A,-0.3128797920769776,0.6394273440608952
STX7,STX7,plasma,protein,A,-0.0373001153850116,0.3948895977886097
STX8,STX8,plasma,protein,A,-0.1289684938591243,0.3935758175768706
STXBP3,STXBP3,plasma,protein,A,-0.0996013839007996,0.578025741007129
SUGP1,SUGP1,plasma,protein,A,-0.05435987863425,0.28125259070297476
SUGT1,SUGT1,plasma,protein,A,-0.2608204486988601,0.5617838816004275
SULT1A1,SULT1A1,plasma,protein,A,-0.1124263129800657,1.1060637763965808
SULT2A1,SULT2A1,plasma,protein,A,-0.3846827969962157,0.4411186938480157
SUMF1,SUMF1,plasma,protein,A,-0.0546999879973046,0.5642653241429182
SUMF2,SUMF2,plasma,protein,A,-0.4878269592860876,0.3981905048150343
SUOX,SUOX,plasma,protein,A,-0.3113450338103006,0.5269331136555431
SUSD1,SUSD1,plasma,protein,A,-0.1369353886538276,0.5678315809894858
SUSD2,SUSD2,plasma,protein,A,0.2250919318822712,0.1971894739848025
SUSD4,SUSD4,plasma,protein,A,-1.2027924845155422,0.5447678430321647
SUSD5,SUSD5,plasma,protein,A,0.0743994317976006,0.2642535797527844
SV2A,SV2A,plasma,protein,A,0.0440868453995518,0.6604515640947728
SWAP70,SWAP70,plasma,protein,A,-0.1049229594826344,0.29709298702833997
SYAP1,SYAP1,plasma,protein,A,-0.307222271095578,0.4640138604711753
SYNGAP1,SYNGAP1,plasma,protein,A,-0.0739183506190817,0.5402868196365693
SYT1,SYT1,plasma,protein,A,0.0929012027933817,0.27697166250549426
SYTL4,SYTL4,plasma,protein,A,-0.0734301387653502,0.5632870102960761
TAB2,TAB2,plasma,protein,A,-0.2044653672166414,0.7414114381591764
TACC3,TACC3,plasma,protein,A,-0.212480089446389,0.7311776407019882
TACSTD2,TACSTD2,plasma,protein,A,-0.2177567440767011,0.2582784236434218
TADA3,TADA3,plasma,protein,A,-0.0850359731365599,0.5949428280500938
TAFA5,TAFA5,plasma,protein,A,0.0784050151387879,0.3025323882732719
TALDO1,TALDO1,plasma,protein,A,-0.0486903409389396,0.2785359262687724
TANK,TANK,plasma,protein,A,-0.0617023918343079,0.516802961449316
TAP1,TAP1,plasma,protein,A,0.0875308012120532,0.8234326801140199
TARBP2,TARBP2,plasma,protein,A,-0.1803313856646279,0.5705493065736937
TARM1,TARM1,plasma,protein,A,-0.0258941826493371,0.7765306610569597
TARS1,TARS1,plasma,protein,A,-0.3758731004919436,0.6149097003546624
TAX1BP1,TAX1BP1,plasma,protein,A,-0.2536058515831931,0.3860707111730091
TBC1D17,TBC1D17,plasma,protein,A,-0.0140509993998446,0.3535416073308016
TBC1D23,TBC1D23,plasma,protein,A,-0.164117521350059,0.5649684979624106
TBC1D5,TBC1D5,plasma,protein,A,-0.4211976209148617,1.0502515794788931
TBCA,TBCA,plasma,protein,A,-0.2482845869399179,0.635058928772666
TBCB,TBCB,plasma,protein,A,-0.299104814909039,0.9494196825200818
TBCC,TBCC,plasma,protein,A,-0.1449880924832382,0.570927469343729
TBL1X,TBL1X,plasma,protein,A,-0.0822624880747484,0.6397295794494917
TBR1,TBR1,plasma,protein,A,0.0369811411481647,0.6046310254497167
TCL1A,TCL1A,plasma,protein,A,0.2720211133394598,0.7300564512111649
TCL1B,TCL1B,plasma,protein,A,-0.0394109004914944,0.5222616746517235
TCN1,TCN1,plasma,protein,A,0.0652295824735564,0.26529617961184826
TCN2,TCN2,plasma,protein,A,-0.1446521033505848,0.22144122759026882
TCOF1,TCOF1,plasma,protein,A,0.1237488265405028,0.22042747871209062
TCP11,TCP11,plasma,protein,A,0.0830841520371632,0.7356166947847087
TCTN3,TCTN3,plasma,protein,A,-0.2849233310111341,0.30011341023489035
TDGF1,TDGF1,plasma,protein,A,-0.9364233989167672,2.0049833145703464
TDO2,TDO2,plasma,protein,A,0.036901268856139,0.47437097605231615
TDP1,TDP1,plasma,protein,A,-0.1138723332659571,0.46385996599105506
TDRKH,TDRKH,plasma,protein,A,-0.1693809938035264,0.4704433957607615
TEF,TEF,plasma,protein,A,-0.0689285697756792,0.3595726380591925
TEK,TEK,plasma,protein,A,0.0692619855395099,0.1751495439248153
TERF1,TERF1,plasma,protein,A,-0.0320591805344494,0.3420915099905841
TET2,TET2,plasma,protein,A,-0.054644842216702,0.9225759497615215
TEX101,TEX101,plasma,protein,A,0.0331114965326513,0.49122299439570716
TEX33,TEX33,plasma,protein,A,0.0680347503233026,0.6696623327836939
TF,TF,plasma,protein,A,-0.4148624488996761,0.2757455013720189
TFAP2A,TFAP2A,plasma,protein,A,0.129189674108673,0.7359413145861465
TFF1,TFF1,plasma,protein,A,-0.0609941867263809,0.3605641335818165
TFF2,TFF2,plasma,protein,A,-0.9901721708579936,0.384198497885359
TFF3,TFF3,plasma,protein,A,-1.8713507039300692,0.7677957978124208
TFPI,TFPI,plasma,protein,A,-0.0728361505399435,0.22287431434334612
TFPI2,TFPI2,plasma,protein,A,-1.218189039629669,0.4469296826313648
TFRC,TFRC,plasma,protein,A,-0.1525941151294154,0.3049803299014247
TG,TG,plasma,protein,A,0.3724811954880556,0.6775267569168859
TGFA,TGFA,plasma,protein,A,-0.0992359475157154,0.2386083682925656
TGFB1,TGFB1,plasma,protein,A,-0.8459211313049071,0.2637335214069634
TGFB2,TGFB2,plasma,protein,A,-0.1852039103999797,0.40153766016798087
TGFBI,TGFBI,plasma,protein,A,-0.1597451265618004,0.2183743579879539
TGFBR1,TGFBR1,plasma,protein,A,-0.2727913232320647,0.47311964399290307
TGFBR2,TGFBR2,plasma,protein,A,-0.1105319369114144,0.2496160153998509
TGFBR3,TGFBR3,plasma,protein,A,-0.173177036899972,0.21947870917759688
TGM2,TGM2,plasma,protein,A,-0.2106171329712754,0.49345255620856077
TGOLN2,TGOLN2,plasma,protein,A,-0.0630611412225955,0.1985487760517159
THAP12,THAP12,plasma,protein,A,-0.2864997260745212,0.7320113799877852
THBD,THBD,plasma,protein,A,-0.156032289012324,0.1763258942973204
THBS2,THBS2,plasma,protein,A,-0.3612045805114498,0.3905758574500802
THBS4,THBS4,plasma,protein,A,0.0535263873141441,0.3680713194924722
THOP1,THOP1,plasma,protein,A,-0.1509640079482348,0.2201365290962324
THPO,THPO,plasma,protein,A,-0.0746478952781206,0.2553171317512327
THRAP3,THRAP3,plasma,protein,A,0.0354979304188756,0.4078797321316294
THSD1,THSD1,plasma,protein,A,0.0353594025280525,0.5295159238193909
THTPA,THTPA,plasma,protein,A,-0.2279004010111572,0.5134811360475888
THY1,THY1,plasma,protein,A,-0.0245549062705435,0.2028018947643098
TIA1,TIA1,plasma,protein,A,-0.1034418751506263,0.4031179512978309
TIE1,TIE1,plasma,protein,A,-0.1376010797801935,0.2082736244867448
TIGAR,TIGAR,plasma,protein,A,0.1200929240646695,0.377750375545445
TIGIT,TIGIT,plasma,protein,A,0.0405373604671493,0.4108606952533183
TIMD4,TIMD4,plasma,protein,A,0.1881591904362457,0.3411101688602264
TIMM10,TIMM10,plasma,protein,A,-0.0263818684005503,0.1031635897770886
TIMM8A,TIMM8A,plasma,protein,A,-0.0108760569850309,0.21943001064678452
TIMP1,TIMP1,plasma,protein,A,-0.089266200673136,0.22439464509233037
TIMP2,TIMP2,plasma,protein,A,-0.3025075471055323,0.22477606603295153
TIMP3,TIMP3,plasma,protein,A,-0.2554253860298467,0.657029092492811
TIMP4,TIMP4,plasma,protein,A,0.155818252067881,0.22375208280691203
TINAGL1,TINAGL1,plasma,protein,A,-0.8336607644142188,0.25874027354219253
TJAP1,TJAP1,plasma,protein,A,-0.2105854032945515,0.2959707007165365
TJP3,TJP3,plasma,protein,A,-0.0526332691863055,0.6936872187395191
TK1,TK1,plasma,protein,A,-0.1251479470246958,0.5318251394056541
TLR1,TLR1,plasma,protein,A,-0.177960122079868,0.3246066417452522
TLR2,TLR2,plasma,protein,A,-0.0383732844764299,0.5334342553705027
TLR3,TLR3,plasma,protein,A,-0.3561125903569477,0.331774216637482
TLR4,TLR4,plasma,protein,A,0.0620416618284269,0.2875582512554607
TMCO5A,TMCO5A,plasma,protein,A,-0.1051997139384571,0.743980786164171
TMED1,TMED1,plasma,protein,A,-0.1697409012303886,0.7804416509949157
TMED10,TMED10,plasma,protein,A,0.0517169877325139,0.4884325167107435
TMED4,TMED4,plasma,protein,A,0.0721186365122083,0.47461509796042123
TMED8,TMED8,plasma,protein,A,-0.2072490751428043,0.7192367435551766
TMEM106A,TMEM106A,plasma,protein,A,-0.1479555893751714,0.5307619532796679
TMEM132A,TMEM132A,plasma,protein,A,-0.7643407168218082,0.8087413471067526
TMEM25,TMEM25,plasma,protein,A,0.1192716105221764,0.24773316877857854
TMOD4,TMOD4,plasma,protein,A,-0.2555749617077508,0.8369263249318954
TMPRSS11B,TMPRSS11B,plasma,protein,A,0.1262746578255881,0.7045073196935215
TMPRSS11D,TMPRSS11D,plasma,protein,A,-0.215484792988852,0.2852139283555513
TMPRSS15,TMPRSS15,plasma,protein,A,-0.7763716266833967,0.8053882483077364
TMPRSS5,TMPRSS5,plasma,protein,A,0.1228784574119662,0.3078647643887779
TMSB10,TMSB10,plasma,protein,A,-0.3526153416138317,0.6023107130108631
TNF,TNF,plasma,protein,A,-0.1066677747653416,0.3442498123703303
TNFAIP2,TNFAIP2,plasma,protein,A,-0.0164690384897332,0.2155430007080584
TNFAIP8,TNFAIP8,plasma,protein,A,-0.048053505535533,0.4820556769713625
TNFAIP8L2,TNFAIP8L2,plasma,protein,A,-0.1486579638446271,0.38781005021555454
TNFRSF10A,TNFRSF10A,plasma,protein,A,-0.2606045031224814,0.1981687883003773
TNFRSF10B,TNFRSF10B,plasma,protein,A,-0.3373207807042313,0.3239499879551718
TNFRSF10C,TNFRSF10C,plasma,protein,A,-0.1204410093912307,0.3655857067572546
TNFRSF11A,TNFRSF11A,plasma,protein,A,-0.4693623324604827,0.3837482622004054
TNFRSF11B,TNFRSF11B,plasma,protein,A,-0.6562470854938413,0.3401449262989672
TNFRSF12A,TNFRSF12A,plasma,protein,A,-0.4918946642836772,0.30093990028566736
TNFRSF13B,TNFRSF13B,plasma,protein,A,0.018900197117569,0.19741788986908332
TNFRSF13C,TNFRSF13C,plasma,protein,A,0.1442010150679886,0.4039861482575268
TNFRSF14,TNFRSF14,plasma,protein,A,-0.1277318332915393,0.27257281882326917
TNFRSF17,TNFRSF17,plasma,protein,A,0.2953136088793544,0.2740110634235375
TNFRSF19,TNFRSF19,plasma,protein,A,-0.0402549889910792,0.2241295417828516
TNFRSF1A,TNFRSF1A,plasma,protein,A,-0.2898072932592654,0.27095771395321394
TNFRSF1B,TNFRSF1B,plasma,protein,A,-0.1935908071014503,0.26668718120551027
TNFRSF21,TNFRSF21,plasma,protein,A,-0.1495995130405729,0.1983582936622177
TNFRSF4,TNFRSF4,plasma,protein,A,0.0794206030666597,0.2640584429000172
TNFRSF6B,TNFRSF6B,plasma,protein,A,-0.1888677287658252,0.33173543338214756
TNFRSF8,TNFRSF8,plasma,protein,A,0.2622031205349363,0.2729346418805145
TNFRSF9,TNFRSF9,plasma,protein,A,0.023128866036996,0.2868750740755638
TNFSF10,TNFSF10,plasma,protein,A,0.0869730461122282,0.24960042507294888
TNFSF11,TNFSF11,plasma,protein,A,0.3934982253253745,0.4586674386343206
TNFSF12,TNFSF12,plasma,protein,A,0.4124061843369947,0.2660306313432932
TNFSF13,TNFSF13,plasma,protein,A,-0.1167129350468375,0.25945667776567
TNFSF13B,TNFSF13B,plasma,protein,A,0.1070229298996878,0.23870482324430448
TNFSF14,TNFSF14,plasma,protein,A,0.0699718504903068,0.3914641377562131
TNFSF9,TNFSF9,plasma,protein,A,-0.0049695598098715,0.4207298875103965
TNIP1,TNIP1,plasma,protein,A,-0.25923968403855,0.6911545015655858
TNN,TNN,plasma,protein,A,-0.0646525455882226,0.254627185805409
TNR,TNR,plasma,protein,A,-0.1630805173933411,0.3705692293475106
TNXB,TNXB,plasma,protein,A,0.2148751648953654,0.227335478519767
TOM1L2,TOM1L2,plasma,protein,A,-0.1366885514346502,1.192610403443196
TOMM20,TOMM20,plasma,protein,A,-0.0942455828570668,0.3347867094715785
TOP1,TOP1,plasma,protein,A,0.1385889373446708,1.011158279576077
TOP1MT,TOP1MT,plasma,protein,A,-0.1148043237194218,0.7385794522149842
TOP2B,TOP2B,plasma,protein,A,-0.0903357448014622,0.5463659448148785
TOR1AIP1,TOR1AIP1,plasma,protein,A,-0.0332958539133291,0.4283943339369965
TP53,TP53,plasma,protein,A,-0.1195328244962648,0.5858208828402693
TP53BP1,TP53BP1,plasma,protein,A,-0.183847720128905,0.4946797332953841
TP53I3,TP53I3,plasma,protein,A,-0.1024093052335428,0.32956142990080983
TP53INP1,TP53INP1,plasma,protein,A,-0.0648396753693512,0.1806115817410562
TP73,TP73,plasma,protein,A,-0.0169015803721175,0.7006180193126805
TPBGL,TPBGL,plasma,protein,A,0.1398010953211876,0.33702111865198703
TPD52L2,TPD52L2,plasma,protein,A,-0.1314371167833185,0.8588725362645183
TPK1,TPK1,plasma,protein,A,-0.0869705537663953,0.24324234629344021
TPM3,TPM3,plasma,protein,A,-0.1418441698141151,0.3676478512276832
TPMT,TPMT,plasma,protein,A,-0.0413464906188948,0.5491474979428673
TPP1,TPP1,plasma,protein,A,-0.6130355301963921,0.22238964007001671
TPPP2,TPPP2,plasma,protein,A,-0.0319237513375029,1.0165043121200925
TPPP3,TPPP3,plasma,protein,A,-0.0597537367234302,0.5649756663603838
TPR,TPR,plasma,protein,A,-0.3191404384433823,0.3831593108338655
TPRKB,TPRKB,plasma,protein,A,0.0016085221000048,0.6766792156356052
TPSAB1,TPSAB1,plasma,protein,A,0.04277650260613,0.35457948226457014
TPSD1,TPSD1,plasma,protein,A,0.0382132271695786,0.3761368328677967
TPSG1,TPSG1,plasma,protein,A,-0.0224901503945378,0.6630720542514921
TPT1,TPT1,plasma,protein,A,-0.0706000557231662,0.740678062500514
TRAF2,TRAF2,plasma,protein,A,-0.268987197668625,0.5182896829198328
TRAF3,TRAF3,plasma,protein,A,-0.0351432443319356,0.1947485472864207
TRAF3IP2,TRAF3IP2,plasma,protein,A,0.022889244092063,0.5622068576437793
TRDMT1,TRDMT1,plasma,protein,A,-0.1242591396019191,0.7246645174663146
TREH,TREH,plasma,protein,A,-0.6047590199710007,0.7504322376544079
TREM2,TREM2,plasma,protein,A,-0.2209321137783764,0.4827831365089339
TREML1,TREML1,plasma,protein,A,-0.159180862339287,0.6324992183081544
TREML2,TREML2,plasma,protein,A,-0.9142389872605468,0.32756138822586744
TRIAP1,TRIAP1,plasma,protein,A,-0.2104850289840528,0.2386384893646046
TRIM21,TRIM21,plasma,protein,A,-0.2267280957735491,0.4363314141915692
TRIM24,TRIM24,plasma,protein,A,-0.3181380377440665,0.5267022512757021
TRIM25,TRIM25,plasma,protein,A,-0.2897530701111682,0.7839944376599381
TRIM26,TRIM26,plasma,protein,A,-0.2639695445220646,0.6561108250562377
TRIM40,TRIM40,plasma,protein,A,0.0847665085646178,0.8554690474061251
TRIM5,TRIM5,plasma,protein,A,-0.2538007935259806,0.5578785791406807
TRIM58,TRIM58,plasma,protein,A,-0.2865308323386515,0.7243046133136328
TRPV3,TRPV3,plasma,protein,A,0.0732282746192674,0.5362770609974439
TSC22D1,TSC22D1,plasma,protein,A,-0.0243976355256981,0.4517455404713237
TSHB,TSHB,plasma,protein,A,-0.2243302394321071,0.5109332764198615
TSLP,TSLP,plasma,protein,A,0.0657810720272042,0.5268864841411403
TSPAN1,TSPAN1,plasma,protein,A,0.0246611219939873,0.1728037569779468
TSPAN15,TSPAN15,plasma,protein,A,0.032517358436276,0.4804296140778717
TSPAN7,TSPAN7,plasma,protein,A,-0.0170008984432811,0.6184143349603185
TSPAN8,TSPAN8,plasma,protein,A,0.5450575428094209,0.7891794568348995
TSPYL1,TSPYL1,plasma,protein,A,-0.1105739591662427,0.32615967111122424
TST,TST,plasma,protein,A,-0.0636810064498089,0.3031085926801837
TTF2,TTF2,plasma,protein,A,-0.3030795150460992,0.8252054613232628
TTN,TTN,plasma,protein,A,-0.0689691269364477,0.48087228843704416
TTR,TTR,plasma,protein,A,-0.0146413046841843,0.24818861816582838
TUBB3,TUBB3,plasma,protein,A,-0.1122124075287075,0.29405183268101853
TWF2,TWF2,plasma,protein,A,-0.1427391669950886,0.4872837629550886
TXK,TXK,plasma,protein,A,-0.0240873382218639,0.5846322198527011
TXLNA,TXLNA,plasma,protein,A,-0.4013916985986866,0.6967403108238653
TXN,TXN,plasma,protein,A,0.0036187443857952,0.3114947155813613
TXNDC15,TXNDC15,plasma,protein,A,-0.2390532912300358,0.2268690963085183
TXNDC5,TXNDC5,plasma,protein,A,-0.2957043097059868,0.3501215649979854
TXNDC9,TXNDC9,plasma,protein,A,-0.0329713719423123,0.2308716025508643
TXNL1,TXNL1,plasma,protein,A,-0.0973621796863755,0.7270363424436151
TXNRD1,TXNRD1,plasma,protein,A,-0.1548365086173746,0.2553380449428685
TYMP,TYMP,plasma,protein,A,-0.1752680853677242,0.42334158343905204
TYRO3,TYRO3,plasma,protein,A,-0.0107434050520535,0.1982524509885443
TYRP1,TYRP1,plasma,protein,A,-0.092701919594774,0.40550251849442587
UBAC1,UBAC1,plasma,protein,A,-0.1304979083532346,0.35920198407204984
UBE2B,UBE2B,plasma,protein,A,-0.0117747656647119,0.3343274541466994
UBE2L6,UBE2L6,plasma,protein,A,-0.2752873349922994,0.518980317950648
UBE2Z,UBE2Z,plasma,protein,A,0.0056458046847142,0.5367042662732163
UBQLN3,UBQLN3,plasma,protein,A,0.0421348236900401,0.5379132287815057
UBXN1,UBXN1,plasma,protein,A,-0.1621702193505318,0.3621299863186288
UFD1,UFD1,plasma,protein,A,-0.3222667575967228,0.9304548004867976
UGDH,UGDH,plasma,protein,A,0.0057618777281849,0.5628700616309872
UHRF2,UHRF2,plasma,protein,A,0.11229818206865,0.4104444838538053
ULBP2,ULBP2,plasma,protein,A,-0.2090445342522688,0.2906808155125886
UMOD,UMOD,plasma,protein,A,0.3699564920750467,0.3072453661171179
UNC5D,UNC5D,plasma,protein,A,0.0398548904297737,0.2701597992714575
UNC79,UNC79,plasma,protein,A,-0.2094583801904059,0.6655552554661048
UNG,UNG,plasma,protein,A,-0.0734689060418126,0.5738088084255414
UPB1,UPB1,plasma,protein,A,-0.7506026795333127,1.0739296990071159
UPK3A,UPK3A,plasma,protein,A,0.1226021909437054,0.431932585556574
UPK3BL1,UPK3BL1,plasma,protein,A,-0.0371071219844462,0.9322352292552706
UROD,UROD,plasma,protein,A,-0.0380835448121217,0.510508125767958
USO1,USO1,plasma,protein,A,-0.2526312144493824,0.8096363339921305
USP25,USP25,plasma,protein,A,-0.2699634941865171,0.46605099903364544
USP28,USP28,plasma,protein,A,-0.0637329249824808,0.1852629976507542
USP47,USP47,plasma,protein,A,-0.0313571727129847,0.7234341267046069
USP8,USP8,plasma,protein,A,-0.1503157710168414,0.586359965686388
VAMP5,VAMP5,plasma,protein,A,-0.0166324686971945,0.4269635239345565
VAMP8,VAMP8,plasma,protein,A,-0.3116262988389722,0.6711195925070642
VASH1,VASH1,plasma,protein,A,-0.0670631285715158,0.3605713287148496
VASN,VASN,plasma,protein,A,0.314796543997507,0.22308162688376487
VASP,VASP,plasma,protein,A,-0.2454659463391034,0.4199572963932465
VAT1,VAT1,plasma,protein,A,0.0181939003686859,0.1534690136715539
VAV3,VAV3,plasma,protein,A,-0.1893999030921762,0.7200028308490869
VCAM1,VCAM1,plasma,protein,A,-0.1847596303014358,0.3094263763605348
VCAN,VCAN,plasma,protein,A,-0.0212021532364984,0.2903597333447473
VCPKMT,VCPKMT,plasma,protein,A,-0.0919241758025034,0.7317113387973486
VEGFA,VEGFA,plasma,protein,A,-0.291876504004932,0.23908756706942308
VEGFB,VEGFB,plasma,protein,A,0.1037791082416069,0.2841940944009611
VEGFC,VEGFC,plasma,protein,A,0.0621291055064401,0.32976439898733845
VEGFD,VEGFD,plasma,protein,A,0.1357474211624502,0.38783340747712636
VGF,VGF,plasma,protein,A,-0.2738263240371396,0.2595766783418227
VIM,VIM,plasma,protein,A,-0.0658707619405817,0.45512263345150794
VIPR1,VIPR1,plasma,protein,A,0.0011907899765915,0.2908137923897501
VIT,VIT,plasma,protein,A,0.0498031666045042,0.3186017275208105
VMO1,VMO1,plasma,protein,A,-0.5697232504108697,0.4915920549769141
VNN1,VNN1,plasma,protein,A,-0.3604024973631389,0.5788997711945456
VNN2,VNN2,plasma,protein,A,-0.0359793164099023,0.35728107175448187
VPS28,VPS28,plasma,protein,A,-0.0137347570397657,0.5207500175937059
VPS37A,VPS37A,plasma,protein,A,-0.1352506726066407,0.4396942981708888
VPS4B,VPS4B,plasma,protein,A,-0.0806974539297596,0.7660800694815383
VPS53,VPS53,plasma,protein,A,-0.084303493994773,0.305512560054317
VSIG10,VSIG10,plasma,protein,A,-0.0325983646658073,0.4058034998990025
VSIG10L,VSIG10L,plasma,protein,A,0.0439158769210736,0.35243671181941205
VSIG2,VSIG2,plasma,protein,A,0.0766960053022959,0.3961094521321751
VSIG4,VSIG4,plasma,protein,A,-0.377558898956446,0.3435388312081056
VSIR,VSIR,plasma,protein,A,-0.5671738592596263,0.2849737344518238
VSNL1,VSNL1,plasma,protein,A,0.4504424281199002,0.3345600486507383
VSTM1,VSTM1,plasma,protein,A,-0.0181917217635539,0.5446655209057034
VSTM2B,VSTM2B,plasma,protein,A,0.111705491020937,0.41645900129988606
VSTM2L,VSTM2L,plasma,protein,A,0.0290966241252528,0.32817778549173326
VTA1,VTA1,plasma,protein,A,-0.142072637309201,0.5104339157212348
VTCN1,VTCN1,plasma,protein,A,-0.3805327223274372,0.37939430014761
VTI1A,VTI1A,plasma,protein,A,-0.1072558354814253,0.1492821155519639
VWA1,VWA1,plasma,protein,A,-1.0992965109471446,0.34417171626299903
VWA5A,VWA5A,plasma,protein,A,0.0131355911249972,1.0821943907074756
VWC2,VWC2,plasma,protein,A,0.105822703090712,0.3308082385454937
VWC2L,VWC2L,plasma,protein,A,0.0378755999271303,0.2153713624139744
VWF,VWF,plasma,protein,A,-0.2685044076888871,0.5140337830916524
WARS1,WARS1,plasma,protein,A,-0.2637986161552056,0.3450216196398883
WAS,WAS,plasma,protein,A,-0.3702467158004136,0.7126459062628202
WASF1,WASF1,plasma,protein,A,-0.1728459545384065,0.5143604159247404
WASF3,WASF3,plasma,protein,A,-0.0459859118166475,0.8517273615256591
WASHC3,WASHC3,plasma,protein,A,-0.2025715062797986,0.41660704038027785
WDR46,WDR46,plasma,protein,A,0.0784581944908344,0.3889043488135647
WFDC1,WFDC1,plasma,protein,A,-0.1190424787435077,0.3019817736403046
WFDC12,WFDC12,plasma,protein,A,-0.2807633435086516,0.484564833134529
WFDC2,WFDC2,plasma,protein,A,-0.1662072591039125,0.24201937354936953
WFIKKN1,WFIKKN1,plasma,protein,A,-0.0759287258296806,0.2929925411175127
WFIKKN2,WFIKKN2,plasma,protein,A,0.1345963399472108,0.28849170396725166
WIF1,WIF1,plasma,protein,A,0.1615485844805416,0.288756550343903
WNT9A,WNT9A,plasma,protein,A,0.0395300187115394,0.2215820644216943
WWP2,WWP2,plasma,protein,A,-0.1742952490086058,0.31679554690997436
XCL1,XCL1,plasma,protein,A,0.0246413485000994,0.3710764860591961
XG,XG,plasma,protein,A,0.1256399708075741,0.2718311925441349
XIAP,XIAP,plasma,protein,A,-0.2703832857474183,0.3900973396010461
XPNPEP2,XPNPEP2,plasma,protein,A,-0.4631894282946912,0.8463550774714952
XRCC4,XRCC4,plasma,protein,A,0.0070268434717441,0.35305463078212573
YARS1,YARS1,plasma,protein,A,-0.7205865694824112,1.2796424881348938
YES1,YES1,plasma,protein,A,-0.3088524506113756,0.6223191902021117
YJU2,YJU2,plasma,protein,A,0.0095835814081329,0.3775694032873923
YOD1,YOD1,plasma,protein,A,-0.1157740208806882,0.6894579750604509
YTHDF3,YTHDF3,plasma,protein,A,-0.1323730622669484,0.6295235255029935
YWHAQ,YWHAQ,plasma,protein,A,-0.1069995953476143,0.158271967412522
YY1,YY1,plasma,protein,A,-0.0219796876679396,0.6463167922219946
ZBP1,ZBP1,plasma,protein,A,-0.0784696457194522,0.28851629976420823
ZBTB16,ZBTB16,plasma,protein,A,-0.1008067987224173,0.43380186044746205
ZBTB17,ZBTB17,plasma,protein,A,-0.0370402228294868,0.31132754240848093
ZCCHC8,ZCCHC8,plasma,protein,A,-0.0846351060134009,0.6464335622870797
ZFYVE19,ZFYVE19,plasma,protein,A,-0.0826452636853481,0.6014603744682596
ZHX2,ZHX2,plasma,protein,A,0.0033357318162597,0.18121812430684311
ZNF75D,ZNF75D,plasma,protein,A,-0.0793778505159069,0.77063760926228
ZNF830,ZNF830,plasma,protein,A,0.1486029893523923,0.33921248234425294
ZNRD2,ZNRD2,plasma,protein,A,-0.1075076300461829,0.8375181331148629
ZNRF4,ZNRF4,plasma,protein,A,0.0669325324649393,0.4364781514341881
ZP3,ZP3,plasma,protein,A,-0.4894146532080687,1.0554262293562027
ZP4,ZP4,plasma,protein,A,-0.3604817657654082,0.6679869278430721
ZPR1,ZPR1,plasma,protein,A,0.0470206205997781,0.581156093227245
