,analyte_ID,tissue,datatype,timepoint,control_median,control_MAD
A1BG,A1BG,plasma,protein,E,0.1237523245713649,0.2563324739191002
AAMDC,AAMDC,plasma,protein,E,0.1593296464363106,0.27102945984559246
AARSD1,AARSD1,plasma,protein,E,0.5995360457691497,0.44337599366322344
ABCA2,ABCA2,plasma,protein,E,0.1865269423475615,0.40279010633939105
ABHD14B,ABHD14B,plasma,protein,E,0.3884745738882527,0.3638011755752687
ABL1,ABL1,plasma,protein,E,0.4857186492133366,0.5853636697926952
ABO,ABO,plasma,protein,E,-0.2921044967147905,1.4779787125847872
ABRAXAS2,ABRAXAS2,plasma,protein,E,0.5553451911954926,0.4710943307887002
ACAA1,ACAA1,plasma,protein,E,-0.3895941676354095,1.016269747281489
ACADM,ACADM,plasma,protein,E,0.2165226029004729,0.869347351003488
ACADSB,ACADSB,plasma,protein,E,-0.0387878543779947,0.8100711107905153
ACAN,ACAN,plasma,protein,E,-0.0053904798518491,0.23028415710652408
ACE,ACE,plasma,protein,E,0.2338170699775579,0.20278076817838436
ACE2,ACE2,plasma,protein,E,0.193820293914486,0.3562711268084162
ACHE,ACHE,plasma,protein,E,0.1054407538330842,0.2324340555908173
ACOT13,ACOT13,plasma,protein,E,0.3354946622256211,1.297437412552498
ACOX1,ACOX1,plasma,protein,E,0.3830898852449457,0.4752126338011142
ACP1,ACP1,plasma,protein,E,0.1583811449364263,0.3496718102887712
ACP5,ACP5,plasma,protein,E,0.1660078985132279,0.4023852443051546
ACP6,ACP6,plasma,protein,E,0.2198366771451191,0.4348405156809285
ACRBP,ACRBP,plasma,protein,E,0.1624205549592904,0.26942565838147403
ACRV1,ACRV1,plasma,protein,E,0.247407299179107,0.3828975736622734
ACTA2,ACTA2,plasma,protein,E,1.033013760542785,0.49191119948536943
ACTN2,ACTN2,plasma,protein,E,1.0246517640992534,0.6888922456811908
ACTN4,ACTN4,plasma,protein,E,0.1778126147638894,0.37248839086378227
ACVRL1,ACVRL1,plasma,protein,E,0.3705425867082081,0.3029428776356466
ACY1,ACY1,plasma,protein,E,0.3736178838429982,0.4205939364051764
ACY3,ACY3,plasma,protein,E,0.1957662788002774,0.7149916087942828
ACYP1,ACYP1,plasma,protein,E,0.5050544424363006,0.4129926623037803
ADA,ADA,plasma,protein,E,0.2102803037541258,0.27856960026748817
ADA2,ADA2,plasma,protein,E,0.1534506939355879,0.2074333708040086
ADAM12,ADAM12,plasma,protein,E,-0.0370624764301116,0.1281365311977978
ADAM15,ADAM15,plasma,protein,E,0.1369340123863663,0.1915954536982866
ADAM22,ADAM22,plasma,protein,E,0.2147974377011549,0.3034663918522438
ADAM23,ADAM23,plasma,protein,E,-0.0303546211425536,0.2342602046414197
ADAM8,ADAM8,plasma,protein,E,-0.0770482048265828,0.1714710440053755
ADAM9,ADAM9,plasma,protein,E,0.1413704673426427,0.2479349176509799
ADAMTS1,ADAMTS1,plasma,protein,E,0.0315650844208949,0.1663098533968809
ADAMTS13,ADAMTS13,plasma,protein,E,-0.0710019108033164,0.2789544754900765
ADAMTS15,ADAMTS15,plasma,protein,E,0.0922476645052855,0.41585884041214227
ADAMTS4,ADAMTS4,plasma,protein,E,0.3267445017587012,0.3539026633014773
ADAMTS8,ADAMTS8,plasma,protein,E,0.2724822902995293,0.43979420800736946
ADAMTSL2,ADAMTSL2,plasma,protein,E,0.4201353087755135,0.4280062755976717
ADAMTSL4,ADAMTSL4,plasma,protein,E,0.3829423037046693,0.3418006756195231
ADAMTSL5,ADAMTSL5,plasma,protein,E,0.3036787138340456,0.2796470530090563
ADCYAP1R1,ADCYAP1R1,plasma,protein,E,-0.1877319037613519,0.3041730594515933
ADD1,ADD1,plasma,protein,E,0.4021095370154078,0.4701981520717567
ADGRB3,ADGRB3,plasma,protein,E,-0.0487860950821813,0.2055114645163032
ADGRD1,ADGRD1,plasma,protein,E,0.4670433284356632,0.3750930162451741
ADGRE1,ADGRE1,plasma,protein,E,0.0095258222688309,0.5070056243483327
ADGRE2,ADGRE2,plasma,protein,E,0.3681948221667039,0.3697113295367575
ADGRE5,ADGRE5,plasma,protein,E,0.3158986874650145,0.29753829999913006
ADGRF5,ADGRF5,plasma,protein,E,0.5009914353413338,0.1947665155047581
ADGRG1,ADGRG1,plasma,protein,E,0.3010419724199032,0.3765482932624388
ADGRG2,ADGRG2,plasma,protein,E,0.4565702577812805,0.1961329294122321
ADGRV1,ADGRV1,plasma,protein,E,-0.0857477051846648,1.0234975351609448
ADH1B,ADH1B,plasma,protein,E,0.0248289609282742,0.7742439448252729
ADH4,ADH4,plasma,protein,E,-0.4315668585676853,0.8571435065010538
ADM,ADM,plasma,protein,E,0.2365460672766116,0.10030457183738162
ADRA2A,ADRA2A,plasma,protein,E,-0.2475733388194023,0.6033903283368607
AFAP1,AFAP1,plasma,protein,E,0.0783284145472368,0.8491622714157333
AFM,AFM,plasma,protein,E,0.3204882432329445,0.1337987222742072
AFP,AFP,plasma,protein,E,0.0584860616886066,0.1756986030817965
AGER,AGER,plasma,protein,E,0.0007398458680349,0.1672146727272017
AGR2,AGR2,plasma,protein,E,-0.1538775345101073,0.8259573563295198
AGR3,AGR3,plasma,protein,E,0.3004986403032724,0.638926397512429
AGRN,AGRN,plasma,protein,E,0.2073717281690916,0.2292770564012036
AGRP,AGRP,plasma,protein,E,0.3521677560028485,0.4024403421456765
AGT,AGT,plasma,protein,E,0.0475675535712443,0.22386273658337558
AGXT,AGXT,plasma,protein,E,-0.2079677994175529,1.0913553061911216
AHCY,AHCY,plasma,protein,E,0.8857987206615777,0.40984947942034744
AHNAK,AHNAK,plasma,protein,E,0.1580342086194157,0.1514490171486645
AHNAK2,AHNAK2,plasma,protein,E,0.167358262053978,0.2302792972687387
AHSA1,AHSA1,plasma,protein,E,0.2422197826981155,0.3874161374597294
AHSG,AHSG,plasma,protein,E,0.1497571912056063,0.3138106000950054
AHSP,AHSP,plasma,protein,E,0.7485362495534049,1.2010998014672913
AIDA,AIDA,plasma,protein,E,-0.375419813587306,0.789294013160033
AIF1,AIF1,plasma,protein,E,-0.2999841704083668,0.5637278429353014
AIF1L,AIF1L,plasma,protein,E,0.2031858000964602,0.3894496110044428
AIFM1,AIFM1,plasma,protein,E,0.322356097149668,1.0073969391126338
AK1,AK1,plasma,protein,E,0.7120632883181641,0.4259032578657338
AK2,AK2,plasma,protein,E,0.1623035872893332,1.2340799916718652
AKAP12,AKAP12,plasma,protein,E,0.1308719570180349,0.2928155525905003
AKR1B1,AKR1B1,plasma,protein,E,0.4200467514156857,0.5926963416341763
AKR1B10,AKR1B10,plasma,protein,E,0.0768627093663828,1.23099957575386
AKR1C4,AKR1C4,plasma,protein,E,0.0158209231751755,0.5174143963972021
AKR7L,AKR7L,plasma,protein,E,0.2656399001425251,0.6036984592734294
AKT1S1,AKT1S1,plasma,protein,E,0.672969637759602,0.5788427481051308
AKT2,AKT2,plasma,protein,E,0.459485587098462,1.2596966533703247
AKT3,AKT3,plasma,protein,E,0.2770444064355465,0.6662365264568755
ALCAM,ALCAM,plasma,protein,E,-0.136634868579424,0.27894525442133644
ALDH1A1,ALDH1A1,plasma,protein,E,0.086840978043803,0.47371767856571123
ALDH2,ALDH2,plasma,protein,E,-0.0787668013543608,0.28858204736273046
ALDH3A1,ALDH3A1,plasma,protein,E,0.0467994155552862,0.3295688191789835
ALDH5A1,ALDH5A1,plasma,protein,E,-0.0950660802954616,0.39204735551052
ALMS1,ALMS1,plasma,protein,E,0.246027845591614,0.6989010385905707
ALPI,ALPI,plasma,protein,E,0.4700919337064938,0.2114368707224703
ALPP,ALPP,plasma,protein,E,0.2048988163596704,0.259842007077507
AMBN,AMBN,plasma,protein,E,0.5433736106609842,0.3108761528086441
AMBP,AMBP,plasma,protein,E,-0.0088187168033121,0.1123458731799608
AMDHD2,AMDHD2,plasma,protein,E,0.075737136369547,0.3274981911330347
AMFR,AMFR,plasma,protein,E,0.1522235346919747,0.1148006203275709
AMIGO1,AMIGO1,plasma,protein,E,0.3148859780875674,0.5529111761982113
AMIGO2,AMIGO2,plasma,protein,E,0.0367057172038209,0.1923404315691584
AMN,AMN,plasma,protein,E,0.3311213364210202,0.5676147116162737
AMOT,AMOT,plasma,protein,E,0.1974927279303694,0.25992552304505323
AMOTL2,AMOTL2,plasma,protein,E,0.1524078071312972,0.13823334483090882
AMPD3,AMPD3,plasma,protein,E,0.5426427431957587,0.6325042231553746
AMY1A_AMY1B_AMY1C,AMY1A_AMY1B_AMY1C,plasma,protein,E,0.057292868110584,0.21671435567924524
AMY2A,AMY2A,plasma,protein,E,0.0532271976238056,0.3301315340673434
AMY2B,AMY2B,plasma,protein,E,0.0232790497690716,0.34570399675488134
ANG,ANG,plasma,protein,E,0.2883130937715834,0.15811267259077696
ANGPT1,ANGPT1,plasma,protein,E,0.2034025018580004,0.3260239349270435
ANGPT2,ANGPT2,plasma,protein,E,-0.7811088720087798,0.5786658677446752
ANGPTL1,ANGPTL1,plasma,protein,E,0.5222421899545304,0.26711349855743544
ANGPTL2,ANGPTL2,plasma,protein,E,0.2145570732387229,0.3118337898514487
ANGPTL3,ANGPTL3,plasma,protein,E,0.0371086734276299,0.2299513963132951
ANGPTL4,ANGPTL4,plasma,protein,E,0.43199282864491,0.16267969444116442
ANK2,ANK2,plasma,protein,E,-0.2228596738317542,0.6919833357965798
ANKMY2,ANKMY2,plasma,protein,E,0.2046166590895043,1.1863189122679214
ANKRA2,ANKRA2,plasma,protein,E,-0.448944162920493,1.1988872559581116
ANKRD54,ANKRD54,plasma,protein,E,0.5780860442498008,0.43823517867490824
ANP32C,ANP32C,plasma,protein,E,0.2032977700998572,0.34792783114744896
ANPEP,ANPEP,plasma,protein,E,0.0747913940691081,0.2188859451221818
ANXA1,ANXA1,plasma,protein,E,0.3342651049100302,0.21529036643231492
ANXA10,ANXA10,plasma,protein,E,0.0274971890884008,0.5359753050513647
ANXA11,ANXA11,plasma,protein,E,0.2108515438143158,0.21424258477821492
ANXA2,ANXA2,plasma,protein,E,0.4956059951016859,0.632751317692233
ANXA3,ANXA3,plasma,protein,E,0.5993161986657376,0.7231592480802691
ANXA4,ANXA4,plasma,protein,E,0.3301634865239188,0.4201979468524111
ANXA5,ANXA5,plasma,protein,E,0.1343350242045168,0.3306042142342903
AOC1,AOC1,plasma,protein,E,0.6196676462460482,0.6706762126891955
AOC3,AOC3,plasma,protein,E,-0.0175814711222395,0.1707952232332574
AP1G2,AP1G2,plasma,protein,E,0.3988111879358257,0.6203277769006551
AP2B1,AP2B1,plasma,protein,E,-0.0593923390555271,0.9903801857191299
AP3B1,AP3B1,plasma,protein,E,0.0851875567017271,0.6506331176248334
AP3S2,AP3S2,plasma,protein,E,0.2157058294646259,0.4793885354485835
APBB1IP,APBB1IP,plasma,protein,E,0.4636260767004196,0.33102916961441775
APCS,APCS,plasma,protein,E,0.2833076285429973,0.3085692531361284
APEX1,APEX1,plasma,protein,E,0.2816601012970816,0.5274831667948909
APLP1,APLP1,plasma,protein,E,0.2077337744006169,0.41198267052082893
APOA1,APOA1,plasma,protein,E,-0.0515966427935986,0.0678756500485713
APOA2,APOA2,plasma,protein,E,0.5904766400476926,0.3700874796742624
APOA4,APOA4,plasma,protein,E,0.0471310744773617,0.1973663611897524
APOB,APOB,plasma,protein,E,0.101676176076873,0.2646339584752054
APOBR,APOBR,plasma,protein,E,0.0697208927349095,0.3068716622131161
APOC1,APOC1,plasma,protein,E,0.0725636431601352,0.17461868412541498
APOD,APOD,plasma,protein,E,-0.0340347789739069,0.2403562665996195
APOE,APOE,plasma,protein,E,0.0825189436567201,0.2422162880875554
APOF,APOF,plasma,protein,E,-0.1588025433584638,0.29193572969509607
APOH,APOH,plasma,protein,E,0.057246223296659,0.2060421013145613
APOL1,APOL1,plasma,protein,E,0.2300728713002509,0.4129051584375316
APOM,APOM,plasma,protein,E,-0.0934178535943753,0.3226795598538461
APP,APP,plasma,protein,E,0.1291041907071876,0.18539009636897152
APPL2,APPL2,plasma,protein,E,0.2570319997649841,1.3588755822931244
APRT,APRT,plasma,protein,E,0.6733310582071816,0.41024802488331535
ARAF,ARAF,plasma,protein,E,0.6082209253646818,0.46456528606610215
AREG,AREG,plasma,protein,E,0.3040496596341436,0.4920969327903328
ARF6,ARF6,plasma,protein,E,0.4832496304356821,1.106039839818599
ARFIP1,ARFIP1,plasma,protein,E,0.4032380062356485,0.8076313745686576
ARG1,ARG1,plasma,protein,E,0.4194335013801334,0.4834748500972428
ARG2,ARG2,plasma,protein,E,0.0802909035628031,0.4275185374445539
ARHGAP1,ARHGAP1,plasma,protein,E,0.3074518901302709,0.4625011305371259
ARHGAP25,ARHGAP25,plasma,protein,E,-0.0338852585890425,0.4116256232120788
ARHGAP30,ARHGAP30,plasma,protein,E,-0.0181868387016362,0.15404121177011348
ARHGAP45,ARHGAP45,plasma,protein,E,0.1795081984777131,0.800442632118721
ARHGAP5,ARHGAP5,plasma,protein,E,-0.1645202519626885,1.5873588073420506
ARHGEF1,ARHGEF1,plasma,protein,E,0.0996306506948389,0.7564710870753651
ARHGEF10,ARHGEF10,plasma,protein,E,0.5140181360004337,1.1785516490183112
ARHGEF12,ARHGEF12,plasma,protein,E,0.1103159962891839,0.8912462456079006
ARHGEF5,ARHGEF5,plasma,protein,E,0.2923262325790114,0.431826689245336
ARID3A,ARID3A,plasma,protein,E,-0.0477245915916099,0.13015159989034758
ARID4B,ARID4B,plasma,protein,E,0.0703863982547387,0.2699948720929959
ARL2BP,ARL2BP,plasma,protein,E,0.4705559196699674,0.5778854356632607
ARMCX2,ARMCX2,plasma,protein,E,-0.1710723487136924,0.5513130423589052
ARNT,ARNT,plasma,protein,E,0.0065707756270308,1.0662801557022723
ARSB,ARSB,plasma,protein,E,0.2173475116713136,0.3103403274700333
ART3,ART3,plasma,protein,E,-0.0620029896648743,0.1473101726909555
ART5,ART5,plasma,protein,E,-0.0388619107485595,0.4570271902759918
ARTN,ARTN,plasma,protein,E,1.1704144373329326,0.6499674995170073
ASAH1,ASAH1,plasma,protein,E,0.625246816695358,0.20258828559869735
ASAH2,ASAH2,plasma,protein,E,0.0313790701471813,0.21666603617439312
ASGR1,ASGR1,plasma,protein,E,0.3084682250012658,0.1810590398205839
ASGR2,ASGR2,plasma,protein,E,0.2893147210105483,0.3182507328616551
ASPN,ASPN,plasma,protein,E,0.3257110218819692,0.32667771417669866
ASPSCR1,ASPSCR1,plasma,protein,E,0.423126958764337,0.5617750580984302
ASRGL1,ASRGL1,plasma,protein,E,0.5015774376215231,0.8605920704176987
ASS1,ASS1,plasma,protein,E,-0.3247781718869191,0.7544983722530652
ATF2,ATF2,plasma,protein,E,-0.3152822897635187,0.4353643408645981
ATF4,ATF4,plasma,protein,E,-0.3672032515685953,1.4010462911616928
ATG16L1,ATG16L1,plasma,protein,E,0.5221001255112607,0.7685155810457758
ATG4A,ATG4A,plasma,protein,E,0.4018459605448014,0.5671546651155565
ATOX1,ATOX1,plasma,protein,E,0.573589978071253,0.7763735920882957
ATP1B1,ATP1B1,plasma,protein,E,-0.11374262341915,0.6112797904080314
ATP1B2,ATP1B2,plasma,protein,E,-0.1456801648340012,0.5427186699273896
ATP1B3,ATP1B3,plasma,protein,E,-0.0739901329619578,0.32651223163373844
ATP1B4,ATP1B4,plasma,protein,E,-0.6332282057097366,1.0581649540600073
ATP2B4,ATP2B4,plasma,protein,E,-0.2658585567556059,0.6492157620329129
ATP5F1D,ATP5F1D,plasma,protein,E,-0.0132816830723885,0.7131435276882874
ATP5IF1,ATP5IF1,plasma,protein,E,0.4012462731059172,1.2046888660336659
ATP5PO,ATP5PO,plasma,protein,E,-0.033512353340675,0.272237463834874
ATP6AP2,ATP6AP2,plasma,protein,E,0.0727252224141792,0.27240774799387346
ATP6V1D,ATP6V1D,plasma,protein,E,0.0580830634018107,0.15681444198997208
ATP6V1F,ATP6V1F,plasma,protein,E,0.0885781851824195,0.6007956410888582
ATP6V1G1,ATP6V1G1,plasma,protein,E,0.2416588002329628,0.3578543221610907
ATRAID,ATRAID,plasma,protein,E,0.20488740726798,0.2163297478722949
ATRN,ATRN,plasma,protein,E,0.1937734229266564,0.22765946667902093
ATXN10,ATXN10,plasma,protein,E,0.3588899861463738,0.5569027507723279
ATXN2,ATXN2,plasma,protein,E,-0.4268672833841277,0.9535432135237859
ATXN2L,ATXN2L,plasma,protein,E,0.1009791687713013,0.3323584481986336
ATXN3,ATXN3,plasma,protein,E,0.70251663495121,0.3372934316064315
AXIN1,AXIN1,plasma,protein,E,0.2689829799612725,0.8741964634150375
AXL,AXL,plasma,protein,E,-0.0322374615355694,0.2500451906984968
AZI2,AZI2,plasma,protein,E,0.1944429265036675,0.8899421872021536
AZU1,AZU1,plasma,protein,E,0.4055343070978572,0.8250905173885044
B2M,B2M,plasma,protein,E,0.2724423661701218,0.17333499474665798
B3GNT7,B3GNT7,plasma,protein,E,0.2056744362177455,0.3597872213188137
B4GALT1,B4GALT1,plasma,protein,E,0.3856848722756461,0.15937198053567747
B4GAT1,B4GAT1,plasma,protein,E,0.0768667817997094,0.15034745168805
BABAM1,BABAM1,plasma,protein,E,0.274443402601891,0.5422347069071052
BACH1,BACH1,plasma,protein,E,0.3493777310311515,0.5385369474916109
BAG3,BAG3,plasma,protein,E,0.2492326381772696,0.26635891243116017
BAG4,BAG4,plasma,protein,E,0.358686241570973,0.2588032938053832
BAG6,BAG6,plasma,protein,E,0.4401598201413841,0.31854195049365563
BAIAP2,BAIAP2,plasma,protein,E,0.1819777070479856,0.3977673318669876
BAMBI,BAMBI,plasma,protein,E,0.2017427418754412,0.2378349740964699
BANK1,BANK1,plasma,protein,E,0.5245304128849974,1.3402911698249302
BAP18,BAP18,plasma,protein,E,0.1189062209226336,0.3991138031454013
BATF,BATF,plasma,protein,E,-0.2249982044829457,0.7607014051578219
BAX,BAX,plasma,protein,E,0.3607973173224665,0.6719194780515911
BCAM,BCAM,plasma,protein,E,0.2461487682699764,0.2280954719023176
BCAN,BCAN,plasma,protein,E,0.2667167875120335,0.21569169041181402
BCAT1,BCAT1,plasma,protein,E,0.4838735266910258,0.2620007661784638
BCAT2,BCAT2,plasma,protein,E,0.5064326387972514,0.7332855876192165
BCHE,BCHE,plasma,protein,E,-0.0615245444763073,0.2384851660930703
BCL2,BCL2,plasma,protein,E,0.559238688744717,0.2907896139003999
BCL2L1,BCL2L1,plasma,protein,E,0.4383014615722884,1.3298254272703516
BCL2L15,BCL2L15,plasma,protein,E,0.5000210842633698,0.5224377731598034
BCL7A,BCL7A,plasma,protein,E,-0.2655446050958496,1.1349748384846787
BCL7B,BCL7B,plasma,protein,E,0.0824147463237194,0.547604910478037
BCR,BCR,plasma,protein,E,0.32408457383645,0.7639224222708101
BDNF,BDNF,plasma,protein,E,0.2609625141907938,0.7890048582904672
BECN1,BECN1,plasma,protein,E,0.5374972775772555,0.6480103896151892
BEX3,BEX3,plasma,protein,E,-0.0565453183378228,0.7966499140910492
BGLAP,BGLAP,plasma,protein,E,0.3864067429442279,1.1812466646457966
BGN,BGN,plasma,protein,E,1.143794422576226,0.6240375152973303
BHLHE40,BHLHE40,plasma,protein,E,-0.0540733134196496,0.8178288835218344
BHMT2,BHMT2,plasma,protein,E,-0.1779636784116343,0.4150934926797074
BIN2,BIN2,plasma,protein,E,0.3840150586102299,1.526222630254054
BLMH,BLMH,plasma,protein,E,0.4240238246213876,0.2611048388139172
BLNK,BLNK,plasma,protein,E,-0.0203171244139234,0.2124606806565994
BLOC1S2,BLOC1S2,plasma,protein,E,-0.2295931517405547,0.6426430193793404
BLOC1S3,BLOC1S3,plasma,protein,E,0.0151799839470815,0.4336575712083835
BLVRB,BLVRB,plasma,protein,E,0.5399025684146113,0.4409515210996655
BMP10,BMP10,plasma,protein,E,0.1810658502159969,0.29282937800636166
BMP4,BMP4,plasma,protein,E,0.3090193028903765,0.2625385904556739
BMPER,BMPER,plasma,protein,E,0.0303857276372403,0.1833492377835389
BNIP2,BNIP2,plasma,protein,E,0.1000133125499505,0.6552100674752241
BNIP3L,BNIP3L,plasma,protein,E,0.7417682051160592,0.427890077448144
BOC,BOC,plasma,protein,E,0.0752677659254332,0.1091343036823174
BOLA1,BOLA1,plasma,protein,E,0.4747545677652709,0.4208980042720165
BOLA2_BOLA2B,BOLA2_BOLA2B,plasma,protein,E,0.719487182401143,0.34129309945198116
BPIFA2,BPIFA2,plasma,protein,E,0.2220099615606596,0.7921109975705518
BPIFB1,BPIFB1,plasma,protein,E,-0.2437331888530888,0.3460974007573822
BPIFB2,BPIFB2,plasma,protein,E,-0.228559866533414,0.6202769297425887
BRAP,BRAP,plasma,protein,E,0.4635280437701039,1.2713909136604165
BRD1,BRD1,plasma,protein,E,-0.1752477998047188,0.6790070175559616
BRD2,BRD2,plasma,protein,E,0.2260803372016385,0.537784318554946
BRD3,BRD3,plasma,protein,E,0.1449019960916955,0.36377668691171006
BRDT,BRDT,plasma,protein,E,0.1152615115426084,0.7140218883490473
BRK1,BRK1,plasma,protein,E,-0.0390182827644195,0.32069777992802667
BRME1,BRME1,plasma,protein,E,0.0711026669635623,0.3069663889375342
BRSK2,BRSK2,plasma,protein,E,0.062734264713109,0.4757308532041777
BSG,BSG,plasma,protein,E,0.1199500756151572,0.06769144699352549
BSND,BSND,plasma,protein,E,-0.6378112765560457,1.193159701819496
BST1,BST1,plasma,protein,E,-0.0336494967204152,0.2752403500653934
BST2,BST2,plasma,protein,E,0.4180356730750167,0.6913948304423703
BTC,BTC,plasma,protein,E,0.2295031503377063,0.7706244433098828
BTD,BTD,plasma,protein,E,0.0862340815962999,0.2027556349828162
BTLA,BTLA,plasma,protein,E,-0.677368204150921,0.8524535654356407
BTN1A1,BTN1A1,plasma,protein,E,0.7777571119418589,0.6368699038884991
BTN2A1,BTN2A1,plasma,protein,E,0.1228800053824806,0.182734784388369
BTN3A2,BTN3A2,plasma,protein,E,0.2707176747107734,0.2751213897901904
BTNL10,BTNL10,plasma,protein,E,-0.3702515605445828,0.5956137445727511
C19orf12,C19orf12,plasma,protein,E,0.0819169828594678,0.5712404154057664
C1GALT1C1,C1GALT1C1,plasma,protein,E,-0.0071926977485979,0.45887554574198086
C1QA,C1QA,plasma,protein,E,0.2264295050249153,0.21673902741282228
C1QBP,C1QBP,plasma,protein,E,0.2641318819280093,0.41014052264968426
C1QL2,C1QL2,plasma,protein,E,-0.2505766450894909,0.2853139252076445
C1QTNF1,C1QTNF1,plasma,protein,E,0.1029920497573618,0.33360713592481106
C1QTNF5,C1QTNF5,plasma,protein,E,0.3528880648665857,0.20808467015308138
C1QTNF6,C1QTNF6,plasma,protein,E,0.5300534764400979,0.4448202239188515
C1QTNF9,C1QTNF9,plasma,protein,E,0.0733645370637467,0.553720458441596
C1R,C1R,plasma,protein,E,-0.0539628917496313,0.15392485634191422
C1RL,C1RL,plasma,protein,E,0.0591253303790625,0.24743549554458658
C1S,C1S,plasma,protein,E,-0.0332700501033095,0.1504872476669172
C2,C2,plasma,protein,E,-0.1231399456449812,0.1990880953551078
C2CD2L,C2CD2L,plasma,protein,E,0.3159170736460225,0.3426674733358601
C2orf69,C2orf69,plasma,protein,E,0.2167891336798949,0.5610789756558855
C3,C3,plasma,protein,E,-0.0035047476780323,0.3156924770207873
C4BPB,C4BPB,plasma,protein,E,0.071305229644402,0.3291238609276908
C5,C5,plasma,protein,E,-0.0397043821355393,0.21578974101064802
C7,C7,plasma,protein,E,0.2018038039303387,0.2070351573057349
C7orf50,C7orf50,plasma,protein,E,0.0307935152360747,0.1466781395071977
C8B,C8B,plasma,protein,E,0.0048063364947566,0.1770597671087063
C9,C9,plasma,protein,E,0.2263851709426286,0.2708141072854615
C9orf40,C9orf40,plasma,protein,E,0.5163726837342534,0.8207741873188856
CA1,CA1,plasma,protein,E,0.796443211091202,0.8118330835079619
CA11,CA11,plasma,protein,E,-0.0995134527382397,0.1594842698314775
CA12,CA12,plasma,protein,E,0.0846355086476171,0.2538129946579432
CA13,CA13,plasma,protein,E,0.2947968127952166,1.4126697144012994
CA14,CA14,plasma,protein,E,-0.0540395634369054,0.33175212596096
CA2,CA2,plasma,protein,E,0.7952024133563619,0.6962025084992433
CA3,CA3,plasma,protein,E,0.8904578945719044,0.5273789111437837
CA4,CA4,plasma,protein,E,-0.0462472485516419,0.1470313727159659
CA5A,CA5A,plasma,protein,E,0.2858823125894633,0.4954888758403847
CA6,CA6,plasma,protein,E,0.8111678182261983,0.34566387291580725
CA7,CA7,plasma,protein,E,0.268339472791764,0.4934489149609043
CA8,CA8,plasma,protein,E,-0.0280920178649594,0.2573427040462536
CA9,CA9,plasma,protein,E,0.2152484389478519,0.3369750854244614
CABP2,CABP2,plasma,protein,E,0.1883461073701597,0.27422903159583534
CACNA1C,CACNA1C,plasma,protein,E,0.1916518895074662,0.7851774773772158
CACNA1H,CACNA1H,plasma,protein,E,-0.0861534741902328,0.4473625379742756
CACNB1,CACNB1,plasma,protein,E,-0.0987818919740923,0.9159852736525965
CACNB3,CACNB3,plasma,protein,E,0.1893072809116883,1.2636781307029126
CACYBP,CACYBP,plasma,protein,E,0.5575265975148885,1.1271061280413743
CADPS,CADPS,plasma,protein,E,-0.2731915362342569,0.630369703999645
CALB1,CALB1,plasma,protein,E,0.1679488533525934,0.3497008161726156
CALB2,CALB2,plasma,protein,E,0.2960309736556601,0.44721655542564154
CALCA,CALCA,plasma,protein,E,0.2102208374903471,0.322450329733177
CALCB,CALCB,plasma,protein,E,0.1865202710935528,0.23067942264636743
CALCOCO1,CALCOCO1,plasma,protein,E,0.7155108941173989,1.310226742911134
CALCOCO2,CALCOCO2,plasma,protein,E,0.5498403265048679,0.8556576432841159
CAMKK1,CAMKK1,plasma,protein,E,0.2285189661685238,0.4336721336644202
CAMLG,CAMLG,plasma,protein,E,-0.0558245506529945,0.6114337630955466
CAMSAP1,CAMSAP1,plasma,protein,E,0.3018364948112029,1.4859994774365688
CANT1,CANT1,plasma,protein,E,0.2389991991915965,0.15894351055289568
CAPG,CAPG,plasma,protein,E,0.5054910093686882,0.5431238686365025
CAPN3,CAPN3,plasma,protein,E,0.1899614205973677,0.454382088322936
CAPS,CAPS,plasma,protein,E,1.2695365776254186,0.34838389481024723
CARHSP1,CARHSP1,plasma,protein,E,0.422069806041548,0.6468902051631422
CASC3,CASC3,plasma,protein,E,0.1213622104855409,0.7378062312395182
CASP1,CASP1,plasma,protein,E,-0.1346116053044393,0.8811608504052326
CASP10,CASP10,plasma,protein,E,0.215201768385629,0.596161706729753
CASP2,CASP2,plasma,protein,E,0.127750001358073,0.41223643873090066
CASP3,CASP3,plasma,protein,E,0.7086480750136879,1.1585186090459156
CASP4,CASP4,plasma,protein,E,0.2999390184851103,1.3868017420097725
CASP7,CASP7,plasma,protein,E,0.1599409798935133,0.3760560041836219
CASP8,CASP8,plasma,protein,E,0.7509018921748838,0.44379458855387977
CASQ2,CASQ2,plasma,protein,E,0.1079972805513731,0.5215415724865788
CAT,CAT,plasma,protein,E,0.3558264138744741,0.5284441431948227
CBLIF,CBLIF,plasma,protein,E,0.083467570938321,0.36179656236934665
CBLN1,CBLN1,plasma,protein,E,-0.0791974470953044,0.753654966881042
CBLN4,CBLN4,plasma,protein,E,-0.0751994421252868,0.3132250437817044
CBS,CBS,plasma,protein,E,0.4310177229051504,0.6174675461298511
CC2D1A,CC2D1A,plasma,protein,E,0.3294828427241492,0.5117041949455572
CCAR2,CCAR2,plasma,protein,E,0.4312562816533806,0.41159794538948613
CCDC134,CCDC134,plasma,protein,E,0.0660574501419457,0.6749334195226853
CCDC28A,CCDC28A,plasma,protein,E,-0.0883599725461449,0.6214797046627204
CCDC50,CCDC50,plasma,protein,E,0.1339153016669875,0.406251726969258
CCDC80,CCDC80,plasma,protein,E,-0.1316215080511533,0.2036471130566217
CCER2,CCER2,plasma,protein,E,0.286192494577039,0.4447130320670258
CCL11,CCL11,plasma,protein,E,0.1818045517020576,0.2590447608442768
CCL13,CCL13,plasma,protein,E,0.149407315530186,0.3406271943656628
CCL14,CCL14,plasma,protein,E,0.0898118304066626,0.4938091256681082
CCL15,CCL15,plasma,protein,E,0.7031286764627424,0.44421424820321465
CCL16,CCL16,plasma,protein,E,0.2762907536004536,0.34317522416685836
CCL17,CCL17,plasma,protein,E,-0.0153078033356092,0.4997843661486009
CCL18,CCL18,plasma,protein,E,-0.1982712829311939,0.42161767538279327
CCL19,CCL19,plasma,protein,E,0.0478992177478009,0.28827378234070333
CCL2,CCL2,plasma,protein,E,0.1923401748644631,0.2846121407338431
CCL20,CCL20,plasma,protein,E,0.3755389619109375,0.558771379483853
CCL21,CCL21,plasma,protein,E,-0.0933541378945247,0.2984339041901437
CCL22,CCL22,plasma,protein,E,-0.2378266012790446,0.2619158139505238
CCL23,CCL23,plasma,protein,E,-0.352666892575301,0.24842916518278263
CCL24,CCL24,plasma,protein,E,0.4204287201457914,0.734266337055905
CCL25,CCL25,plasma,protein,E,0.5850863318728085,0.38051767027703465
CCL26,CCL26,plasma,protein,E,0.1527582886375504,0.3884277091869792
CCL27,CCL27,plasma,protein,E,0.0231138066850257,0.21898868857054968
CCL28,CCL28,plasma,protein,E,0.9307538781417952,0.6547712041035987
CCL3,CCL3,plasma,protein,E,0.0566079827312576,0.3217087194048216
CCL4,CCL4,plasma,protein,E,0.0278811735002276,0.4002792186168854
CCL5,CCL5,plasma,protein,E,0.0555748271414454,0.7301226763188703
CCL7,CCL7,plasma,protein,E,0.1633134365364814,0.3537460885623905
CCL8,CCL8,plasma,protein,E,-0.0169776003355954,0.2151677838941714
CCN1,CCN1,plasma,protein,E,0.5737897870636042,0.7414314047746378
CCN2,CCN2,plasma,protein,E,0.4821326527042785,0.2555602369983353
CCN3,CCN3,plasma,protein,E,0.5540462983165524,0.421460559323766
CCN4,CCN4,plasma,protein,E,0.4169714883714739,0.2281952165111426
CCN5,CCN5,plasma,protein,E,0.5113255669847186,0.3642624748941613
CCND2,CCND2,plasma,protein,E,0.3622870222917093,0.5826486707256877
CCNE1,CCNE1,plasma,protein,E,-0.1477790008332311,0.3292323190631185
CCS,CCS,plasma,protein,E,0.4084809589939509,0.2890011304535659
CCT5,CCT5,plasma,protein,E,-0.0663587257273917,0.21356565570473007
CD101,CD101,plasma,protein,E,0.0070806808136612,0.4067588588892407
CD109,CD109,plasma,protein,E,0.1846222885303834,0.2166094694210978
CD14,CD14,plasma,protein,E,0.1579327723642984,0.2909718745662866
CD160,CD160,plasma,protein,E,0.0980337579160783,0.2304561516507774
CD164,CD164,plasma,protein,E,0.1025191168359406,0.11309421006638519
CD164L2,CD164L2,plasma,protein,E,-0.1876662037866705,0.8623615142419577
CD177,CD177,plasma,protein,E,-0.1498645054229976,0.8963792495533576
CD1C,CD1C,plasma,protein,E,-0.14301902868315,0.1588492325907542
CD2,CD2,plasma,protein,E,-0.2880912687548564,0.4235176729261115
CD200,CD200,plasma,protein,E,0.7785830589370082,0.28092458980310764
CD200R1,CD200R1,plasma,protein,E,-0.224838832321688,0.2901590701892329
CD207,CD207,plasma,protein,E,0.0281957608598535,0.2233635667294326
CD209,CD209,plasma,protein,E,-0.066458406992815,0.45342618813525415
CD22,CD22,plasma,protein,E,-0.1808237710043844,0.2988958448989446
CD226,CD226,plasma,protein,E,0.0649609384579787,0.4009299120020725
CD244,CD244,plasma,protein,E,-0.0258320090008423,0.18717420432185378
CD248,CD248,plasma,protein,E,0.728813635026202,0.2329373799270884
CD27,CD27,plasma,protein,E,0.2897458446744122,0.2953383380597461
CD274,CD274,plasma,protein,E,0.5060796276341606,0.3212080276842046
CD276,CD276,plasma,protein,E,0.1167611189133068,0.2944512470516023
CD28,CD28,plasma,protein,E,0.0355051099612521,0.35288064335691827
CD2AP,CD2AP,plasma,protein,E,0.7231963282511633,0.5941217128842067
CD300A,CD300A,plasma,protein,E,0.0234414676507909,0.3106980979884928
CD300C,CD300C,plasma,protein,E,0.1720573378726559,0.26870091124516615
CD300E,CD300E,plasma,protein,E,0.5245010672904715,0.23596529697859264
CD300LF,CD300LF,plasma,protein,E,0.3166826096849121,0.2954325769055501
CD300LG,CD300LG,plasma,protein,E,0.1446971127832756,0.23523175780770608
CD302,CD302,plasma,protein,E,0.1864189027279235,0.1618609491470438
CD33,CD33,plasma,protein,E,-0.0852207554122036,0.3481807452961007
CD34,CD34,plasma,protein,E,-0.1345439069862605,0.2642761333367244
CD36,CD36,plasma,protein,E,0.1926935554384541,0.201031968944841
CD38,CD38,plasma,protein,E,0.0706718356530532,0.241251950920651
CD3D,CD3D,plasma,protein,E,-0.0281482552011021,0.3385233565430965
CD3E,CD3E,plasma,protein,E,-0.0166258773409502,0.2330355539319607
CD3G,CD3G,plasma,protein,E,0.0054568668559404,0.5057352335083636
CD4,CD4,plasma,protein,E,-0.0698363881607165,0.2413582101453737
CD40,CD40,plasma,protein,E,0.217704935036052,0.4201203454187617
CD46,CD46,plasma,protein,E,0.4528044932020691,0.1341959748587655
CD48,CD48,plasma,protein,E,-0.0434208397662271,0.1504899552428316
CD5,CD5,plasma,protein,E,-0.1704914975728134,0.2343748777692381
CD55,CD55,plasma,protein,E,0.1458996100389763,0.12292139045940341
CD58,CD58,plasma,protein,E,0.0004380222536592,0.0941589989273128
CD59,CD59,plasma,protein,E,0.2478882459917046,0.185514982844574
CD5L,CD5L,plasma,protein,E,0.1462696762264979,0.2770151434712829
CD6,CD6,plasma,protein,E,0.0930990415857719,0.29499590523298047
CD63,CD63,plasma,protein,E,0.3106758310464322,0.358095909299647
CD69,CD69,plasma,protein,E,0.0213897857876646,1.1848941358843663
CD7,CD7,plasma,protein,E,0.0346728697966988,0.4006082952895242
CD70,CD70,plasma,protein,E,0.0901726160046242,0.2492489866317872
CD72,CD72,plasma,protein,E,-0.053287774057441,0.1750276839212949
CD74,CD74,plasma,protein,E,0.2496426814001824,0.229228278791711
CD79B,CD79B,plasma,protein,E,-0.2260292791081636,0.2009970069159466
CD80,CD80,plasma,protein,E,-0.0303022709682476,0.2612071623185656
CD82,CD82,plasma,protein,E,-0.1319041521086164,0.8122886309704592
CD83,CD83,plasma,protein,E,-0.0705066151972207,0.2410637216347313
CD84,CD84,plasma,protein,E,0.0842115749107479,0.2579811811790228
CD86,CD86,plasma,protein,E,-0.1037657464935914,0.2590618532309486
CD8A,CD8A,plasma,protein,E,-0.4941251558404347,0.42874421123855133
CD93,CD93,plasma,protein,E,-0.127786707841113,0.1989688115442503
CD99,CD99,plasma,protein,E,0.2230134326815635,0.142744223873248
CD99L2,CD99L2,plasma,protein,E,0.2007673103628351,0.185837128425711
CDA,CDA,plasma,protein,E,0.4232630828225756,0.3307965607308372
CDAN1,CDAN1,plasma,protein,E,-0.0402633749127002,0.16283500775734389
CDC123,CDC123,plasma,protein,E,-0.2819149117765858,1.3739151313524012
CDC26,CDC26,plasma,protein,E,0.0837536207876267,0.37085139201998746
CDC27,CDC27,plasma,protein,E,0.0830003690047042,0.3709233338308688
CDC37,CDC37,plasma,protein,E,0.2962801318015702,0.6365886042156522
CDC42BPB,CDC42BPB,plasma,protein,E,0.6293513971340207,1.3926989092096755
CDCP1,CDCP1,plasma,protein,E,0.3025328935723628,0.42119070215173726
CDH1,CDH1,plasma,protein,E,0.1560397469678305,0.2417735972001873
CDH15,CDH15,plasma,protein,E,0.2113632116115702,0.2807745455664506
CDH17,CDH17,plasma,protein,E,-0.2671005269904128,0.5506944509796532
CDH2,CDH2,plasma,protein,E,0.0490592212293589,0.2482098713070279
CDH22,CDH22,plasma,protein,E,-0.0251931508567495,0.4008217470808246
CDH3,CDH3,plasma,protein,E,-0.0509967428256006,0.2761451207272404
CDH4,CDH4,plasma,protein,E,0.0557699296952131,0.45164837375817046
CDH5,CDH5,plasma,protein,E,-0.0470757667877774,0.24692556758928288
CDH6,CDH6,plasma,protein,E,0.0808221792972591,0.3087881751154078
CDHR2,CDHR2,plasma,protein,E,-0.5950533390911821,0.6198674005912376
CDHR5,CDHR5,plasma,protein,E,0.04045598197564,0.24957231942017372
CDK1,CDK1,plasma,protein,E,-0.0423323886259684,0.5903012338695839
CDK5RAP3,CDK5RAP3,plasma,protein,E,0.2943002665672654,0.5815116405358424
CDKL5,CDKL5,plasma,protein,E,0.0120343585611383,0.5559554694245404
CDKN1A,CDKN1A,plasma,protein,E,0.4372658206430262,0.9434878201195402
CDKN2D,CDKN2D,plasma,protein,E,0.8136341142847925,1.0084103724843296
CDNF,CDNF,plasma,protein,E,0.034684359153779,0.2426707497307377
CDON,CDON,plasma,protein,E,0.2717593900598201,0.43752524858799413
CDSN,CDSN,plasma,protein,E,0.2724522734641632,0.31407480666559756
CEACAM1,CEACAM1,plasma,protein,E,0.1288007335289883,0.20014916471103789
CEACAM16,CEACAM16,plasma,protein,E,0.2493192064002583,0.6934242397633233
CEACAM18,CEACAM18,plasma,protein,E,-0.25293778298784,0.8935626400841683
CEACAM20,CEACAM20,plasma,protein,E,-0.0018972467073713,0.8466485743243769
CEACAM21,CEACAM21,plasma,protein,E,-0.1027225847057374,0.5020459809717117
CEACAM3,CEACAM3,plasma,protein,E,-0.0139102409546521,0.3628986909862364
CEACAM5,CEACAM5,plasma,protein,E,-0.0027099254966498,0.5336318614402056
CEACAM6,CEACAM6,plasma,protein,E,-0.095039201694698,0.4216586887626452
CEACAM8,CEACAM8,plasma,protein,E,0.1343596776921555,0.32468205451040644
CEBPA,CEBPA,plasma,protein,E,0.1164275673677187,0.25722082129141277
CEBPB,CEBPB,plasma,protein,E,0.165842070771792,0.36678865918070513
CELA2A,CELA2A,plasma,protein,E,0.4292015117282234,0.6084884205291564
CELA3A,CELA3A,plasma,protein,E,0.3783388382478357,0.42797359380861993
CELSR2,CELSR2,plasma,protein,E,0.2019465285182943,0.2249455108330273
CEMIP2,CEMIP2,plasma,protein,E,0.166099982142367,0.3717944880034879
CEND1,CEND1,plasma,protein,E,0.1944873386620533,0.3531038652943617
CENPF,CENPF,plasma,protein,E,0.5269071801823131,0.4519761559942531
CENPJ,CENPJ,plasma,protein,E,0.2559204588150912,0.5198083105648672
CEP112,CEP112,plasma,protein,E,0.0468564653112065,0.2949067728135657
CEP152,CEP152,plasma,protein,E,-0.0224842991485542,1.1364332945472155
CEP164,CEP164,plasma,protein,E,0.0438156563341073,0.3285226719950399
CEP170,CEP170,plasma,protein,E,0.4029410273370392,1.0212973678773403
CEP20,CEP20,plasma,protein,E,0.2654731437128765,0.7003362074801238
CEP290,CEP290,plasma,protein,E,-0.0225294230112129,0.6929599167039674
CEP350,CEP350,plasma,protein,E,-0.6386572603879577,1.558035558028041
CEP43,CEP43,plasma,protein,E,0.5393123788523285,0.6044087175549485
CEP85,CEP85,plasma,protein,E,-0.0257308246611695,0.4682886189256526
CERT1,CERT1,plasma,protein,E,0.4283618748546468,0.8037558377612383
CES1,CES1,plasma,protein,E,0.673359518411053,0.5481450263474006
CES2,CES2,plasma,protein,E,0.5460711968352437,0.37424881883804434
CES3,CES3,plasma,protein,E,0.6103362659091915,0.5290502761103568
CETN2,CETN2,plasma,protein,E,0.1001736779359308,1.0421879073895404
CETN3,CETN3,plasma,protein,E,0.2045709260291167,0.42112837934488867
CFB,CFB,plasma,protein,E,-0.1011122480223933,0.3048967917279458
CFC1,CFC1,plasma,protein,E,0.4502642092895546,0.29727474500127177
CFD,CFD,plasma,protein,E,0.1894660560545424,0.15867828144553273
CFH,CFH,plasma,protein,E,0.0760066378595474,0.1882924241000941
CFHR2,CFHR2,plasma,protein,E,-0.12847458200857,0.4454211840100831
CFHR4,CFHR4,plasma,protein,E,-0.1208431471217049,0.3522452152384314
CFHR5,CFHR5,plasma,protein,E,-0.0851060269395323,0.2907315833133474
CFI,CFI,plasma,protein,E,-0.1241257049151358,0.2719501894194114
CFP,CFP,plasma,protein,E,-0.0858054718328107,0.20052085407059522
CGB3_CGB5_CGB8,CGB3_CGB5_CGB8,plasma,protein,E,0.0149122619893565,0.6722245813660559
CGN,CGN,plasma,protein,E,0.1325080626567902,0.548020079936609
CGREF1,CGREF1,plasma,protein,E,0.2839708532915732,0.24277912464026968
CHAC2,CHAC2,plasma,protein,E,0.3644223938045913,0.3156091710578015
CHAD,CHAD,plasma,protein,E,0.2776026752817837,0.5570994388734778
CHCHD10,CHCHD10,plasma,protein,E,0.4556695918258249,0.2147400636475568
CHCHD6,CHCHD6,plasma,protein,E,0.0597239596274519,0.18263824430385978
CHEK2,CHEK2,plasma,protein,E,0.174695359620054,0.4045735677860557
CHGA,CHGA,plasma,protein,E,0.0256207261696038,0.3044910727472123
CHGB,CHGB,plasma,protein,E,0.3854079654775098,0.3275193026310893
CHI3L1,CHI3L1,plasma,protein,E,0.1877126075965852,0.4219431511209944
CHIT1,CHIT1,plasma,protein,E,-0.0195102827509336,0.5618402396605532
CHL1,CHL1,plasma,protein,E,0.0177891147126694,0.1497626660201244
CHM,CHM,plasma,protein,E,0.1278465024508169,0.3295612195298734
CHMP1A,CHMP1A,plasma,protein,E,0.333315170828437,0.7290422134473513
CHMP6,CHMP6,plasma,protein,E,0.1345278416250142,0.38525143335980516
CHP1,CHP1,plasma,protein,E,-0.2809636080810866,0.5835966924617959
CHRDL1,CHRDL1,plasma,protein,E,0.1045303548171677,0.23919682734215686
CHRDL2,CHRDL2,plasma,protein,E,0.0472414070994167,0.2944111887237071
CHRM1,CHRM1,plasma,protein,E,-0.0203969497251527,0.40703178617844626
CIAPIN1,CIAPIN1,plasma,protein,E,0.583062870064439,0.6569505639717917
CILP,CILP,plasma,protein,E,0.8253513939442693,0.6219677545723915
CINP,CINP,plasma,protein,E,0.1337221236170486,0.3384228790100148
CIRBP,CIRBP,plasma,protein,E,0.507854115677882,1.233863498210862
CIT,CIT,plasma,protein,E,0.3175582439460994,0.2553342666795863
CKAP4,CKAP4,plasma,protein,E,0.4339358199538449,0.2774374947311606
CKB,CKB,plasma,protein,E,0.4170981446089964,0.3874099437370006
CKMT1A_CKMT1B,CKMT1A_CKMT1B,plasma,protein,E,-0.3168177461368888,0.3967135038688362
CLASP1,CLASP1,plasma,protein,E,-0.4657360928051109,1.517134754917008
CLC,CLC,plasma,protein,E,0.011974022111248,0.36473572662197906
CLEC10A,CLEC10A,plasma,protein,E,-0.0109597407858779,0.2143955566722815
CLEC11A,CLEC11A,plasma,protein,E,0.748731083850465,0.36738371427071903
CLEC12A,CLEC12A,plasma,protein,E,0.1240524960490589,0.2558126083823602
CLEC14A,CLEC14A,plasma,protein,E,0.0865221464130275,0.3175607176889166
CLEC1A,CLEC1A,plasma,protein,E,0.8378893690120007,0.3143380735858462
CLEC1B,CLEC1B,plasma,protein,E,0.2150282566842678,0.38762617269283084
CLEC2L,CLEC2L,plasma,protein,E,-0.059389066081121,0.332392338807237
CLEC4A,CLEC4A,plasma,protein,E,-0.1078396129684144,0.2112093426187294
CLEC4C,CLEC4C,plasma,protein,E,-0.2326617359934995,0.35612658588514556
CLEC4D,CLEC4D,plasma,protein,E,0.1743503385713244,0.42611566094062403
CLEC4G,CLEC4G,plasma,protein,E,-0.429933686030736,0.3386991866441989
CLEC4M,CLEC4M,plasma,protein,E,-0.1007085624547024,0.3746184605510549
CLEC5A,CLEC5A,plasma,protein,E,0.0215638389694243,0.1859604956073441
CLEC6A,CLEC6A,plasma,protein,E,0.2905697323078345,0.3216009830183131
CLGN,CLGN,plasma,protein,E,-0.192480125587128,0.5987482408089594
CLIC5,CLIC5,plasma,protein,E,0.0989466666142426,0.4045487896732537
CLINT1,CLINT1,plasma,protein,E,-0.9190107061275268,1.4786612448406655
CLIP2,CLIP2,plasma,protein,E,0.0388680082646646,1.3903377908818482
CLMP,CLMP,plasma,protein,E,0.1555094973273039,0.10969278098380547
CLNS1A,CLNS1A,plasma,protein,E,0.2687339134663272,0.5120498638979246
CLPP,CLPP,plasma,protein,E,0.0625479676859229,0.5138014402131205
CLPS,CLPS,plasma,protein,E,0.227843649218046,0.4109209686800226
CLSPN,CLSPN,plasma,protein,E,-0.1211064658381123,0.3246586872412235
CLSTN2,CLSTN2,plasma,protein,E,0.1134301791563929,0.2429155281525056
CLSTN3,CLSTN3,plasma,protein,E,0.1977839697108342,0.3455950058007641
CLTA,CLTA,plasma,protein,E,0.2488790770187149,0.2196950757713901
CLU,CLU,plasma,protein,E,0.0023603277361547,0.20259997757920742
CLUL1,CLUL1,plasma,protein,E,0.2144243444433445,0.3677272773371977
CMC1,CMC1,plasma,protein,E,0.2687112408490951,0.6371027668901366
CMIP,CMIP,plasma,protein,E,0.5105396865393422,1.009040214953894
CNDP1,CNDP1,plasma,protein,E,0.1799993592025694,0.4534868414970019
CNGB3,CNGB3,plasma,protein,E,0.0430911551555204,0.2036252300158862
CNP,CNP,plasma,protein,E,0.3679522056226253,0.6084476919029462
CNPY2,CNPY2,plasma,protein,E,0.0344226392623709,0.30629036117580327
CNPY4,CNPY4,plasma,protein,E,0.1519201114867643,0.5216856028905035
CNST,CNST,plasma,protein,E,0.3607446699119396,0.8354129841472204
CNTF,CNTF,plasma,protein,E,0.5352262563335124,0.6095980865621513
CNTN1,CNTN1,plasma,protein,E,0.033312832254658,0.21464650115679398
CNTN2,CNTN2,plasma,protein,E,0.4553757307644215,0.41966559355178346
CNTN3,CNTN3,plasma,protein,E,-0.1355932159921905,0.26039456100715164
CNTN4,CNTN4,plasma,protein,E,-0.0547687017252952,0.190382975577309
CNTN5,CNTN5,plasma,protein,E,0.1247399815193734,0.2520028020446034
CNTNAP2,CNTNAP2,plasma,protein,E,0.2975186497950899,0.4183153115883151
COCH,COCH,plasma,protein,E,0.3707501044361088,0.2477316230793678
COL15A1,COL15A1,plasma,protein,E,0.2492856057585263,0.219001806872957
COL18A1,COL18A1,plasma,protein,E,0.253967126055424,0.25094960599855304
COL1A1,COL1A1,plasma,protein,E,0.8027950406330382,0.5201677265162699
COL28A1,COL28A1,plasma,protein,E,-0.3409191206197601,0.9392688168080077
COL2A1,COL2A1,plasma,protein,E,0.0236859542062354,0.39289082508796236
COL3A1,COL3A1,plasma,protein,E,0.3904798064413903,0.20418590074339218
COL4A1,COL4A1,plasma,protein,E,0.3764316748933736,0.3776280800956628
COL4A4,COL4A4,plasma,protein,E,-0.4407589045792613,0.6806595928003334
COL5A1,COL5A1,plasma,protein,E,0.6770000098974092,0.32897511591482387
COL6A3,COL6A3,plasma,protein,E,0.4593427967893098,0.2224287908599178
COL9A1,COL9A1,plasma,protein,E,0.2465215670276664,0.3287075166000772
COL9A2,COL9A2,plasma,protein,E,0.3079296350370318,0.6115595429937584
COLEC12,COLEC12,plasma,protein,E,0.2508898697333724,0.1248099485825599
COMMD1,COMMD1,plasma,protein,E,0.5985233872174519,0.5372656611436332
COMMD9,COMMD9,plasma,protein,E,-0.0318403187265235,0.2541547688662899
COMP,COMP,plasma,protein,E,0.286095739357323,0.3496883130352648
COMT,COMT,plasma,protein,E,0.3598030937907072,0.6980271392420023
COPB2,COPB2,plasma,protein,E,0.03866712926767,0.5099452958403925
COPE,COPE,plasma,protein,E,-0.345347406155372,0.6434610825663004
COQ7,COQ7,plasma,protein,E,0.1485577952377502,0.2754176311105328
CORO1A,CORO1A,plasma,protein,E,0.5626878468938141,0.9817146040688299
CORO6,CORO6,plasma,protein,E,0.4749360505591019,0.39822174777846947
COX5B,COX5B,plasma,protein,E,0.3432422787316655,0.4398334051761476
COX6B1,COX6B1,plasma,protein,E,0.5163263264891549,0.5651733287008256
CPA1,CPA1,plasma,protein,E,0.2347333282343442,0.33815244702140024
CPA2,CPA2,plasma,protein,E,-0.0918272354259886,0.6743033439413212
CPA4,CPA4,plasma,protein,E,0.0737139596491,0.21336985480995269
CPB1,CPB1,plasma,protein,E,0.4369084703056407,0.22087526677379687
CPB2,CPB2,plasma,protein,E,0.1756981735056329,0.2114484840053798
CPE,CPE,plasma,protein,E,-0.1134234178025286,0.19291014145410598
CPM,CPM,plasma,protein,E,0.2011905079165848,0.3911112154922026
CPOX,CPOX,plasma,protein,E,-0.122224186959898,0.2635649026255592
CPPED1,CPPED1,plasma,protein,E,0.3682105327096712,0.46290542226335707
CPQ,CPQ,plasma,protein,E,0.0966207342302363,0.2354738922727797
CPTP,CPTP,plasma,protein,E,-0.109852377276113,0.39618545374411773
CPVL,CPVL,plasma,protein,E,0.4062722994639698,0.2807074943250966
CPXM1,CPXM1,plasma,protein,E,0.2581185249515944,0.29146858415206045
CPXM2,CPXM2,plasma,protein,E,0.660977236260164,0.3464145447438025
CR1,CR1,plasma,protein,E,0.091242939297824,0.2855764028861325
CR2,CR2,plasma,protein,E,0.0335625823045474,0.3151110343387657
CRACR2A,CRACR2A,plasma,protein,E,0.2957993363651235,1.3604331852594633
CRADD,CRADD,plasma,protein,E,0.7210730386903046,0.8051190599802369
CREB3,CREB3,plasma,protein,E,-0.2512919774448776,1.129520525755885
CREBZF,CREBZF,plasma,protein,E,-0.1409935012339445,0.36226862824105976
CREG1,CREG1,plasma,protein,E,0.7111171231712019,0.23935093947942732
CRELD1,CRELD1,plasma,protein,E,0.244213803519055,0.1674789160275597
CRELD2,CRELD2,plasma,protein,E,0.0983278020803176,0.2711852860392667
CRH,CRH,plasma,protein,E,4.0729856520154355,0.7476709614068886
CRHBP,CRHBP,plasma,protein,E,0.3720503032120544,0.3874946952103658
CRHR1,CRHR1,plasma,protein,E,0.1411907025967973,0.5643909073354242
CRIM1,CRIM1,plasma,protein,E,1.4459911465912227,0.20838231710952604
CRIP2,CRIP2,plasma,protein,E,0.4488280763813924,0.5027704953594954
CRISP2,CRISP2,plasma,protein,E,-0.0549814219920312,0.511203683932706
CRISP3,CRISP3,plasma,protein,E,-0.0925819811869708,0.25090436227748647
CRKL,CRKL,plasma,protein,E,0.6979545437343653,1.2054764374032243
CRLF1,CRLF1,plasma,protein,E,-0.2481954592603317,0.16713050887249387
CRNN,CRNN,plasma,protein,E,0.1464836534515272,0.5300270620568934
CRTAC1,CRTAC1,plasma,protein,E,-0.0826434302244104,0.182125403605211
CRTAM,CRTAM,plasma,protein,E,-0.212371957371812,0.32945297316618294
CRTAP,CRTAP,plasma,protein,E,-0.0310214686809274,0.31606413561372704
CRX,CRX,plasma,protein,E,-0.1512493478391829,0.6543586093710446
CRYBB1,CRYBB1,plasma,protein,E,0.3197215189167634,0.45954856882998735
CRYBB2,CRYBB2,plasma,protein,E,0.0171904106675798,0.347842446303242
CRYGD,CRYGD,plasma,protein,E,0.6254677057732837,0.717312484963942
CRYM,CRYM,plasma,protein,E,0.2084436041991951,0.6590136379768554
CRYZL1,CRYZL1,plasma,protein,E,0.5335921734993054,0.984876465385471
CSDE1,CSDE1,plasma,protein,E,0.389433759543819,0.9018991112769786
CSF1,CSF1,plasma,protein,E,-0.0065175966329032,0.1425844585277242
CSF1R,CSF1R,plasma,protein,E,0.6896059876712235,0.16890407752872716
CSF2,CSF2,plasma,protein,E,-0.0233674847535269,0.4130889207666872
CSF2RA,CSF2RA,plasma,protein,E,0.7380919825601522,0.3133258001636591
CSF2RB,CSF2RB,plasma,protein,E,1.0285815973579189,0.3367611018414547
CSF3,CSF3,plasma,protein,E,0.2458732152338506,0.35812745457959033
CSF3R,CSF3R,plasma,protein,E,1.029370504141837,0.6078856121019025
CSH1,CSH1,plasma,protein,E,0.8159831461452353,0.23212239261873013
CSNK1D,CSNK1D,plasma,protein,E,-0.1606248725675992,0.7272064174823885
CSNK2A1,CSNK2A1,plasma,protein,E,0.168105656700614,0.3262447390383151
CSPG4,CSPG4,plasma,protein,E,0.7748144097945809,0.4023677186508431
CSPG5,CSPG5,plasma,protein,E,0.0932753172714223,0.3816932710061543
CSRP3,CSRP3,plasma,protein,E,0.9929538602744156,0.9683134110025243
CST1,CST1,plasma,protein,E,-0.2594809623834841,0.6930258209810416
CST3,CST3,plasma,protein,E,0.603654879989117,0.15357199822871476
CST5,CST5,plasma,protein,E,0.1005571995654589,0.43693319298144545
CST6,CST6,plasma,protein,E,0.3603189448246001,0.3208482480144798
CST7,CST7,plasma,protein,E,0.085355718443856,0.3881530114250271
CSTB,CSTB,plasma,protein,E,0.3852636404958407,0.3895708540651373
CTBS,CTBS,plasma,protein,E,0.2157780567705821,0.17992850940123023
CTF1,CTF1,plasma,protein,E,0.2248338514877441,0.6660100644963092
CTHRC1,CTHRC1,plasma,protein,E,0.5094635129871175,0.25138075320271236
CTLA4,CTLA4,plasma,protein,E,0.179963188824671,0.804413078031935
CTNNA1,CTNNA1,plasma,protein,E,-0.1217739249664605,0.42097507278804003
CTRB1,CTRB1,plasma,protein,E,0.2246410220250262,0.29800467929006746
CTRC,CTRC,plasma,protein,E,0.3240301599816642,0.520890903424433
CTRL,CTRL,plasma,protein,E,-0.0366127563586276,0.3869182104695728
CTSB,CTSB,plasma,protein,E,0.2794066305100569,0.3093319240448973
CTSC,CTSC,plasma,protein,E,0.3781116995877459,0.3592220899291062
CTSD,CTSD,plasma,protein,E,0.2241590122826491,0.2274049667168086
CTSE,CTSE,plasma,protein,E,0.2189608473214103,0.2608835158269661
CTSF,CTSF,plasma,protein,E,0.2966292190684675,0.3010556342901613
CTSH,CTSH,plasma,protein,E,0.0820662977891196,0.41847377749636355
CTSL,CTSL,plasma,protein,E,0.0578087729546987,0.1563498164696756
CTSO,CTSO,plasma,protein,E,0.2456022578543671,0.2431246697649837
CTSS,CTSS,plasma,protein,E,0.0788909771337914,0.1953142120131467
CTSV,CTSV,plasma,protein,E,-0.0272195937598951,0.2296238885637685
CTSZ,CTSZ,plasma,protein,E,0.3130709100698463,0.12257811542635272
CUZD1,CUZD1,plasma,protein,E,0.0046534728203171,0.3438966881876889
CWC15,CWC15,plasma,protein,E,0.0546344376251532,0.2390456242170252
CXADR,CXADR,plasma,protein,E,0.2680281086216424,0.2658629857672701
CXCL1,CXCL1,plasma,protein,E,0.0749449110767371,0.36975459488572804
CXCL10,CXCL10,plasma,protein,E,0.2690766851156347,0.49843489122029583
CXCL11,CXCL11,plasma,protein,E,0.1780114837742932,0.341558406621959
CXCL12,CXCL12,plasma,protein,E,0.2573030860805915,0.3911140582594007
CXCL13,CXCL13,plasma,protein,E,0.0253371448616654,0.570547926739634
CXCL14,CXCL14,plasma,protein,E,-0.0602774206059814,0.235015186368925
CXCL16,CXCL16,plasma,protein,E,0.0992953649292457,0.2368939725725933
CXCL17,CXCL17,plasma,protein,E,0.0153838329744846,0.4176338546007808
CXCL3,CXCL3,plasma,protein,E,0.0506201488389223,1.0017661929199784
CXCL5,CXCL5,plasma,protein,E,0.0242628746174243,0.9888393546695053
CXCL6,CXCL6,plasma,protein,E,0.3080039349704737,0.485043178992512
CXCL8,CXCL8,plasma,protein,E,0.248511660039761,0.29182581119411777
CXCL9,CXCL9,plasma,protein,E,0.1053502386253451,0.488882307497694
CYB5A,CYB5A,plasma,protein,E,-0.4056571704854513,1.2192037311525021
CYB5R2,CYB5R2,plasma,protein,E,0.4292718212821761,0.3051678135491277
CYP24A1,CYP24A1,plasma,protein,E,0.1275520342571692,0.44500202469891503
CYTH3,CYTH3,plasma,protein,E,-0.0985090451099712,0.5270074873716439
CYTL1,CYTL1,plasma,protein,E,0.1577722556080568,0.2700162475315169
DAAM1,DAAM1,plasma,protein,E,0.1685541248346928,0.8437708718743527
DAB2,DAB2,plasma,protein,E,0.6722077648496168,0.8853731051521059
DAG1,DAG1,plasma,protein,E,0.7107354474671493,0.32148226795463664
DAND5,DAND5,plasma,protein,E,-0.3734490993612419,1.7332137134703423
DAPK2,DAPK2,plasma,protein,E,0.3966886149634674,0.6922520761689894
DAPP1,DAPP1,plasma,protein,E,0.7699703172604937,1.5843506375104623
DARS1,DARS1,plasma,protein,E,0.2970054781728045,0.9630141815860271
DBH,DBH,plasma,protein,E,-0.4302337696026743,0.8985825191155061
DBI,DBI,plasma,protein,E,0.4237012112332859,0.4771750953029712
DBN1,DBN1,plasma,protein,E,0.2289619800803032,0.5221866146550783
DBNL,DBNL,plasma,protein,E,0.4839204828863191,1.275974528729719
DCBLD2,DCBLD2,plasma,protein,E,0.0471410595589917,0.2347859572968932
DCC,DCC,plasma,protein,E,-0.1862902268884879,0.3064780000165542
DCDC2C,DCDC2C,plasma,protein,E,-0.035925681089671,1.0304258886727522
DCLRE1C,DCLRE1C,plasma,protein,E,-0.690856780968497,1.2628792879272142
DCN,DCN,plasma,protein,E,-0.0128167950207409,0.1535038646479083
DCTD,DCTD,plasma,protein,E,0.4490219741330622,1.2803429386057839
DCTN1,DCTN1,plasma,protein,E,0.6531156704018302,0.6096612603481291
DCTN2,DCTN2,plasma,protein,E,0.2932210776134372,0.671152318380323
DCTN6,DCTN6,plasma,protein,E,0.1777119535773845,0.3505399196651801
DCTPP1,DCTPP1,plasma,protein,E,0.6392218235308208,0.27075642114521603
DCUN1D1,DCUN1D1,plasma,protein,E,0.0431407852095705,0.3960737467279959
DCUN1D2,DCUN1D2,plasma,protein,E,-0.6831360582255556,2.1256940600357295
DCXR,DCXR,plasma,protein,E,0.1190342007025273,0.637601762203905
DDA1,DDA1,plasma,protein,E,-0.0963409571330692,0.5755644528565004
DDAH1,DDAH1,plasma,protein,E,0.2645890607692068,0.4237208321606325
DDC,DDC,plasma,protein,E,-0.0891724704257054,0.40814757550065983
DDHD2,DDHD2,plasma,protein,E,0.7297104295700013,0.7332845407631056
DDI2,DDI2,plasma,protein,E,0.4515819957828791,0.7733140567321102
DDR1,DDR1,plasma,protein,E,0.8060850677062997,0.1614801971464167
DDT,DDT,plasma,protein,E,0.4116757614240129,0.4109801682513592
DDX1,DDX1,plasma,protein,E,0.2560505287316511,0.506967351557404
DDX25,DDX25,plasma,protein,E,-0.2112253510132007,0.6029103041459472
DDX39A,DDX39A,plasma,protein,E,-0.08513621726937,0.36525581000543766
DDX4,DDX4,plasma,protein,E,0.0038599768110808,0.5923259801731627
DDX53,DDX53,plasma,protein,E,-0.0832109665716692,0.5633815207531297
DDX58,DDX58,plasma,protein,E,0.3272827453941723,0.4661265451039633
DECR1,DECR1,plasma,protein,E,0.0053342660501623,1.0178676069728885
DEFA1_DEFA1B,DEFA1_DEFA1B,plasma,protein,E,0.1097937986486327,0.20154663271419998
DEFB103A_DEFB103B,DEFB103A_DEFB103B,plasma,protein,E,0.0332708335275893,0.5526110686712453
DEFB104A_DEFB104B,DEFB104A_DEFB104B,plasma,protein,E,0.0553389674862668,0.8685344213496407
DEFB116,DEFB116,plasma,protein,E,0.1626205739073543,0.5889334771469816
DEFB118,DEFB118,plasma,protein,E,-0.0736323255914264,0.8894572518476836
DEFB4A_DEFB4B,DEFB4A_DEFB4B,plasma,protein,E,0.669243912760527,0.9998837876516963
DENND2B,DENND2B,plasma,protein,E,0.01287513351322,0.6071350948586087
DENR,DENR,plasma,protein,E,0.6075975470586678,0.4069266734901399
DFFA,DFFA,plasma,protein,E,0.4750914598335513,0.3041875371113222
DGCR6,DGCR6,plasma,protein,E,-0.009359421571394,0.4451583747264883
DGKA,DGKA,plasma,protein,E,0.5795332911269021,0.5828564193859964
DGKZ,DGKZ,plasma,protein,E,-0.1980593865125528,0.3786472533437043
DHODH,DHODH,plasma,protein,E,-0.0882997412218103,0.7854316976074549
DHPS,DHPS,plasma,protein,E,1.318794340270235,0.5221313842099282
DHRS4L2,DHRS4L2,plasma,protein,E,0.1517622719984909,0.3418145246539968
DIABLO,DIABLO,plasma,protein,E,0.529073732038575,1.4353046733664974
DIPK1C,DIPK1C,plasma,protein,E,0.1741059187592478,0.5913518237556215
DIPK2B,DIPK2B,plasma,protein,E,-0.1447471611117017,0.15103426482123558
DKK1,DKK1,plasma,protein,E,0.418698568558407,0.28282147669348745
DKK3,DKK3,plasma,protein,E,0.2054716155210316,0.24522986373621652
DKK4,DKK4,plasma,protein,E,0.218641074806205,0.25665823230387413
DKKL1,DKKL1,plasma,protein,E,0.2184283266679975,0.6058011460928402
DLG4,DLG4,plasma,protein,E,0.1156219212759575,0.7887560254534473
DLGAP5,DLGAP5,plasma,protein,E,0.1579652227230992,0.23558033158452601
DLK1,DLK1,plasma,protein,E,1.2492813696132825,0.3048756344620953
DLL1,DLL1,plasma,protein,E,0.0829096342375977,0.20538096488901308
DLL4,DLL4,plasma,protein,E,-0.1951112760283497,0.4112193397600306
DMD,DMD,plasma,protein,E,0.5931161275308439,0.522397640083513
DMP1,DMP1,plasma,protein,E,0.0564614922670491,0.8790101870105005
DNAJA1,DNAJA1,plasma,protein,E,-0.3266195009582995,0.8167378999553122
DNAJA2,DNAJA2,plasma,protein,E,0.5105179591370336,0.8231974211498522
DNAJA4,DNAJA4,plasma,protein,E,0.542553346422357,0.7143359223938451
DNAJB1,DNAJB1,plasma,protein,E,0.620205636368069,0.8033090157870342
DNAJB14,DNAJB14,plasma,protein,E,0.3479230347820372,0.5494472533641432
DNAJB2,DNAJB2,plasma,protein,E,0.2796464362777252,0.32310859555620197
DNAJB8,DNAJB8,plasma,protein,E,0.0500138516256605,0.2500795464092632
DNAJC21,DNAJC21,plasma,protein,E,0.0484943602044242,0.4061582607833628
DNAJC6,DNAJC6,plasma,protein,E,0.7247229954122133,0.6756582040559569
DNAJC9,DNAJC9,plasma,protein,E,0.7800357481114029,0.46862638259075884
DNER,DNER,plasma,protein,E,-0.1148386696424993,0.177878792190797
DNLZ,DNLZ,plasma,protein,E,-0.1108951790114516,0.6719667220665074
DNM1,DNM1,plasma,protein,E,0.2978006652776633,1.4393388104462537
DNM3,DNM3,plasma,protein,E,0.1119160931738015,0.2893076702925995
DNMBP,DNMBP,plasma,protein,E,0.3819639588309678,0.5896035168828541
DNPEP,DNPEP,plasma,protein,E,0.5174232727201584,0.49404510870067353
DNPH1,DNPH1,plasma,protein,E,0.5483817233047076,0.3021185549319111
DOC2B,DOC2B,plasma,protein,E,0.3145505964293276,0.597208503089407
DOCK9,DOCK9,plasma,protein,E,0.0673845279471625,1.0437354778864694
DOK1,DOK1,plasma,protein,E,0.2482889083292994,1.5407160593008646
DOK2,DOK2,plasma,protein,E,0.4674278549924976,1.2435099329523127
DPEP1,DPEP1,plasma,protein,E,-0.1529632771348922,0.35787938279647
DPEP2,DPEP2,plasma,protein,E,0.7126716830317973,0.22750947509919994
DPP10,DPP10,plasma,protein,E,0.2508319603974057,0.1697882340679982
DPP4,DPP4,plasma,protein,E,0.0797732630743615,0.19605791260329358
DPP6,DPP6,plasma,protein,E,0.3992038926984173,0.28677161391524186
DPP7,DPP7,plasma,protein,E,0.578523905817439,0.5253393789894368
DPT,DPT,plasma,protein,E,0.4043667157517662,0.28107080842351806
DPY30,DPY30,plasma,protein,E,0.4616447723776016,0.4252103391434334
DRAXIN,DRAXIN,plasma,protein,E,-0.1016909299322591,0.3298747666137734
DRG2,DRG2,plasma,protein,E,0.1322384223338228,0.2933402198857259
DSC2,DSC2,plasma,protein,E,0.1028214166302304,0.14597998779671792
DSCAM,DSCAM,plasma,protein,E,0.1707965458026828,0.3147922034279571
DSG2,DSG2,plasma,protein,E,-0.1504367209269596,0.2746974344987186
DSG3,DSG3,plasma,protein,E,-0.0717111446502593,0.23934402529690568
DSG4,DSG4,plasma,protein,E,-0.2370503986203395,0.4112444195866593
DTD1,DTD1,plasma,protein,E,0.68432902492149,1.379440964073715
DTNB,DTNB,plasma,protein,E,0.7471714147812155,0.32169172145637304
DTX2,DTX2,plasma,protein,E,-0.0550196536056424,1.0009546750148612
DTX3,DTX3,plasma,protein,E,0.2079453653802739,0.2759326151757447
DTYMK,DTYMK,plasma,protein,E,0.7827750980906117,0.6674001327957348
DUOX2,DUOX2,plasma,protein,E,0.1492332755023201,0.38769654156433053
DUSP13,DUSP13,plasma,protein,E,-0.2740678802684584,0.459137995459584
DUSP29,DUSP29,plasma,protein,E,0.7785418976300141,0.8024432184417596
DUSP3,DUSP3,plasma,protein,E,0.3876637025305151,0.8161900323190877
DUT,DUT,plasma,protein,E,0.3542670227421234,0.600591501053927
DXO,DXO,plasma,protein,E,0.4414032030766456,0.3542598377214296
DYNC1H1,DYNC1H1,plasma,protein,E,0.0763814764507518,0.1934017162137579
DYNLT1,DYNLT1,plasma,protein,E,0.2947053323349478,0.581131096214023
DYNLT3,DYNLT3,plasma,protein,E,0.4177735379803051,0.4000375921268512
EBAG9,EBAG9,plasma,protein,E,0.2181420839367726,0.7384717344878625
ECHDC3,ECHDC3,plasma,protein,E,0.0623363658726613,0.6177226236933342
ECHS1,ECHS1,plasma,protein,E,0.0156719784060379,0.7812669058777038
ECI2,ECI2,plasma,protein,E,0.0951052208858473,0.782698535490959
ECM1,ECM1,plasma,protein,E,-0.0714460994209201,0.22563212713277198
ECSCR,ECSCR,plasma,protein,E,0.1128290004208764,0.2126474493940213
EDA2R,EDA2R,plasma,protein,E,0.4673923371884058,0.2079054428635757
EDAR,EDAR,plasma,protein,E,0.1505799735256957,0.3626010697561743
EDDM3B,EDDM3B,plasma,protein,E,0.0903679466459912,0.2210380340620508
EDF1,EDF1,plasma,protein,E,0.4050987293787769,1.0362454995388344
EDIL3,EDIL3,plasma,protein,E,0.157780678537608,0.2221452926959038
EDN1,EDN1,plasma,protein,E,0.2891121736416772,0.1905251634151982
EDNRB,EDNRB,plasma,protein,E,0.1364564004874922,0.3025832424033525
EEF1D,EEF1D,plasma,protein,E,0.652362013387191,1.1372309903178928
EFCAB14,EFCAB14,plasma,protein,E,0.2522597512815696,0.2321550152202982
EFCAB2,EFCAB2,plasma,protein,E,0.1346156591090211,0.2337092345548926
EFEMP1,EFEMP1,plasma,protein,E,0.1987557976637566,0.2300050667746083
EFHD1,EFHD1,plasma,protein,E,0.5576129759508628,0.2947737413350134
EFNA4,EFNA4,plasma,protein,E,0.3304084138082271,0.15750068198014872
EFNB2,EFNB2,plasma,protein,E,0.1358552378869406,0.5213382372704899
EGF,EGF,plasma,protein,E,0.2464913404499174,1.3701783954157485
EGFL7,EGFL7,plasma,protein,E,0.3949116570857873,0.36855222799205595
EGFLAM,EGFLAM,plasma,protein,E,0.6187228089847205,0.30327621839206587
EGFR,EGFR,plasma,protein,E,0.1290369800841242,0.1177571961511853
EGLN1,EGLN1,plasma,protein,E,0.3684395953473338,0.3666308785269023
EHBP1,EHBP1,plasma,protein,E,0.1078400431022712,0.3484347318866845
EHD3,EHD3,plasma,protein,E,-0.0817326062040502,1.2537252581725458
EIF1AX,EIF1AX,plasma,protein,E,0.2333142944531808,0.4815731682934013
EIF2AK2,EIF2AK2,plasma,protein,E,0.5422972724592474,1.5692968536068992
EIF2AK3,EIF2AK3,plasma,protein,E,0.3986468218001476,1.0153500696288422
EIF2S2,EIF2S2,plasma,protein,E,0.3765732152221421,0.7502914800380183
EIF4B,EIF4B,plasma,protein,E,0.6399235084733477,0.5944860193102128
EIF4E,EIF4E,plasma,protein,E,0.381478819006641,1.1144941565623279
EIF4EBP1,EIF4EBP1,plasma,protein,E,0.8106141302604298,0.7334873314843212
EIF4G1,EIF4G1,plasma,protein,E,0.7116110891563368,1.4625896544393118
EIF4G3,EIF4G3,plasma,protein,E,0.5047994116211274,1.4340911398809293
EIF5,EIF5,plasma,protein,E,0.2997359180389219,0.6161183044693745
EIF5A,EIF5A,plasma,protein,E,0.1060547471820733,0.32601072127463787
ELAC1,ELAC1,plasma,protein,E,0.7685062212532434,1.0260470350290853
ELAVL4,ELAVL4,plasma,protein,E,-0.0732825976225843,0.7247583446033822
ELN,ELN,plasma,protein,E,0.3272783777624453,0.3979750851957884
ELOA,ELOA,plasma,protein,E,0.2161785292386994,0.28673478349745474
ELOB,ELOB,plasma,protein,E,0.2068084855950169,0.47551514740264816
ENAH,ENAH,plasma,protein,E,0.4559106857786917,0.4094352826390409
ENDOU,ENDOU,plasma,protein,E,1.546915930693766,0.28445211774688217
ENG,ENG,plasma,protein,E,0.3675977075757283,0.10366081745308192
ENO1,ENO1,plasma,protein,E,0.5448091967077424,0.656576842898341
ENO2,ENO2,plasma,protein,E,0.3808179178885478,0.44674323678613903
ENO3,ENO3,plasma,protein,E,-0.0010975356564878,0.5032740101768975
ENOPH1,ENOPH1,plasma,protein,E,-0.0468711031059626,0.4063455335111859
ENPEP,ENPEP,plasma,protein,E,0.3419450310588872,0.3011539041078335
ENPP2,ENPP2,plasma,protein,E,0.6613626491646282,0.21130611723062098
ENPP5,ENPP5,plasma,protein,E,-0.1313516307821177,0.2749258705764907
ENPP6,ENPP6,plasma,protein,E,-0.0205984899655427,0.1926152019222586
ENPP7,ENPP7,plasma,protein,E,0.3303457009115959,0.7790967238961181
ENSA,ENSA,plasma,protein,E,0.1826612020980945,0.5541762878654513
ENTPD2,ENTPD2,plasma,protein,E,0.3352528144868286,0.43916613617246336
ENTPD5,ENTPD5,plasma,protein,E,0.1115887417364858,0.1467540695536334
ENTPD6,ENTPD6,plasma,protein,E,0.2343205243939437,0.2503121815494448
ENTR1,ENTR1,plasma,protein,E,0.36659630321674,0.4577087304923547
EPB41L5,EPB41L5,plasma,protein,E,0.2837046539202335,0.5943306204734129
EPCAM,EPCAM,plasma,protein,E,0.0417921889503316,0.6614817910766222
EPGN,EPGN,plasma,protein,E,0.0813621294161972,0.2102201372106225
EPHA1,EPHA1,plasma,protein,E,0.1613646146579327,0.24360157668626942
EPHA10,EPHA10,plasma,protein,E,-0.3791938360721242,0.4759615596191683
EPHA2,EPHA2,plasma,protein,E,0.2154242729223374,0.17643650805854788
EPHA4,EPHA4,plasma,protein,E,0.060302156250279,0.32820742618436516
EPHB4,EPHB4,plasma,protein,E,0.1945334570289804,0.14043187219709863
EPHB6,EPHB6,plasma,protein,E,0.2205378799380401,0.1317713688457954
EPN1,EPN1,plasma,protein,E,-0.0676085567913018,0.89369194215334
EPO,EPO,plasma,protein,E,0.2465048890877589,0.8730307332710213
EPPK1,EPPK1,plasma,protein,E,0.541555396577516,0.41904960604364266
EPS8L2,EPS8L2,plasma,protein,E,0.6252604986846689,0.23313143104002915
ERBB2,ERBB2,plasma,protein,E,0.3974231228408247,0.1676688665625646
ERBB3,ERBB3,plasma,protein,E,0.308188702405261,0.2117159284224378
ERBB4,ERBB4,plasma,protein,E,-0.1218330543713827,0.3256365794651272
ERBIN,ERBIN,plasma,protein,E,0.4097189250883069,0.9541645713182947
ERC2,ERC2,plasma,protein,E,0.0999697549372197,0.5906320879423075
ERCC1,ERCC1,plasma,protein,E,-0.8567275086880607,1.8638754286097883
EREG,EREG,plasma,protein,E,0.1577441174688767,0.2961767746043702
ERI1,ERI1,plasma,protein,E,0.2425891048574653,0.348089836518782
ERMAP,ERMAP,plasma,protein,E,0.2742378025159335,0.3154715566944562
ERN1,ERN1,plasma,protein,E,-0.0108925153624475,0.16362355265759498
ERP29,ERP29,plasma,protein,E,0.3778142230745289,0.8937813607972476
ERP44,ERP44,plasma,protein,E,0.2169555486709392,0.14573228333927057
ERVV-1,ERVV-1,plasma,protein,E,0.3134079270729012,0.19053160556452775
ESAM,ESAM,plasma,protein,E,0.2205326079134949,0.16007133018935352
ESM1,ESM1,plasma,protein,E,0.2505960439151962,0.42000084709027985
ESPL1,ESPL1,plasma,protein,E,-0.2699489232782773,0.5833470149690267
ESR1,ESR1,plasma,protein,E,-0.0424685599053007,0.7694320119508322
ESYT2,ESYT2,plasma,protein,E,0.0557606894391427,0.8911907461638107
EVI2B,EVI2B,plasma,protein,E,-0.6338864009408247,0.8867551145903658
EVI5,EVI5,plasma,protein,E,0.1971067827460788,0.8296102784669188
EVPL,EVPL,plasma,protein,E,0.1868877264341935,0.5677209876274492
EXOSC10,EXOSC10,plasma,protein,E,0.0615334284055398,0.46324103948849094
EXTL1,EXTL1,plasma,protein,E,0.0644130353120757,0.4800773570893508
EZR,EZR,plasma,protein,E,0.1879346315967772,0.2732994336093021
F10,F10,plasma,protein,E,0.0782414767028055,0.10997744303103141
F11,F11,plasma,protein,E,-0.2008396451217951,0.2622272240221986
F11R,F11R,plasma,protein,E,0.4326737808420167,0.3813653327898048
F12,F12,plasma,protein,E,0.2200252305906153,0.29070037397599546
F13B,F13B,plasma,protein,E,0.0814283389419899,0.2519110506645401
F2,F2,plasma,protein,E,-0.0658322066863618,0.1713979492191465
F2R,F2R,plasma,protein,E,0.164687552392142,0.3853313464681532
F3,F3,plasma,protein,E,0.0428617913445065,0.1183661780654614
F7,F7,plasma,protein,E,0.2887126768897778,0.268063697962099
F9,F9,plasma,protein,E,0.078062728895528,0.213482230530615
FABP1,FABP1,plasma,protein,E,0.7107002686857795,0.6543369064282212
FABP2,FABP2,plasma,protein,E,0.2810540785046183,0.4925299668792613
FABP3,FABP3,plasma,protein,E,1.2509028336103,0.552727797558711
FABP4,FABP4,plasma,protein,E,0.2468219352668305,0.4500746181880949
FABP5,FABP5,plasma,protein,E,0.6936027055311091,0.7909529481223958
FABP6,FABP6,plasma,protein,E,-0.027727766224657,0.5000690021758875
FABP9,FABP9,plasma,protein,E,0.1423773074762146,0.4180139139780533
FADD,FADD,plasma,protein,E,0.4854542717711121,0.8558807309785248
FAM13A,FAM13A,plasma,protein,E,0.7357449703918792,0.7520282462104939
FAM171A2,FAM171A2,plasma,protein,E,0.1206217950183277,1.3026773224438395
FAM171B,FAM171B,plasma,protein,E,0.4757530499765963,0.243508780722703
FAM172A,FAM172A,plasma,protein,E,0.4542716956052491,0.5212362082368451
FAM20A,FAM20A,plasma,protein,E,0.146912293769654,0.3211767345390999
FAM3B,FAM3B,plasma,protein,E,0.3205196582176351,0.2987209529492855
FAM3C,FAM3C,plasma,protein,E,0.3605959115846677,0.2230110564906553
FAM3D,FAM3D,plasma,protein,E,-0.1601268500541279,0.6303877528641675
FAP,FAP,plasma,protein,E,0.4761563332574497,0.24296147703545418
FARSA,FARSA,plasma,protein,E,0.4713834888376069,0.655548151892606
FAS,FAS,plasma,protein,E,0.1176758479508838,0.18813848395829796
FASLG,FASLG,plasma,protein,E,-0.0169680071842033,0.27785213930910035
FBLN2,FBLN2,plasma,protein,E,0.6479140864894877,0.3918626886641077
FBN2,FBN2,plasma,protein,E,0.4378302340351697,0.21658471726754489
FBP1,FBP1,plasma,protein,E,-0.1634638824456107,0.7049754151212075
FCAMR,FCAMR,plasma,protein,E,-0.677357615609726,0.5566871284173164
FCAR,FCAR,plasma,protein,E,0.1713017956084262,0.39823934966757457
FCER1A,FCER1A,plasma,protein,E,-0.0662792365453597,0.1273200395456721
FCER2,FCER2,plasma,protein,E,0.2543317599739717,0.2862011539183551
FCGR2A,FCGR2A,plasma,protein,E,-0.0684161840844831,0.22381292639091768
FCGR2B,FCGR2B,plasma,protein,E,0.4639345806262425,0.4510391661678199
FCGR3B,FCGR3B,plasma,protein,E,-0.0658017735429567,0.3977163389321656
FCN1,FCN1,plasma,protein,E,0.0019507888963784,0.5120775295436484
FCN2,FCN2,plasma,protein,E,-0.7923180065202119,0.6244688091051335
FCRL1,FCRL1,plasma,protein,E,-0.3455722278600246,0.2575543579612216
FCRL2,FCRL2,plasma,protein,E,0.0474848398454236,0.35011162400520174
FCRL3,FCRL3,plasma,protein,E,-0.2115350783314671,0.33863312644344434
FCRL5,FCRL5,plasma,protein,E,0.0249367362801583,0.2721912098135052
FCRL6,FCRL6,plasma,protein,E,-0.1997000906779028,0.7361146814231845
FCRLB,FCRLB,plasma,protein,E,0.0033581877329111,0.25554884164387304
FDX1,FDX1,plasma,protein,E,0.2730912522617343,0.4140822947829586
FDX2,FDX2,plasma,protein,E,-0.0908554137575911,0.5583380396165134
FEN1,FEN1,plasma,protein,E,0.0888181522838372,0.2350712007952921
FES,FES,plasma,protein,E,-0.2945978510669198,0.45364550645437474
FETUB,FETUB,plasma,protein,E,-0.0572610196599911,0.2384447650612354
FGA,FGA,plasma,protein,E,0.1316419035627395,0.2389957406345655
FGD3,FGD3,plasma,protein,E,0.3469692051844046,0.9211708129955829
FGF12,FGF12,plasma,protein,E,0.1506832157421129,0.41840549500955293
FGF16,FGF16,plasma,protein,E,-0.0799822723817918,0.5479400440996014
FGF19,FGF19,plasma,protein,E,-0.666746557998146,0.5362908660607573
FGF2,FGF2,plasma,protein,E,0.3916443687629038,0.45393578036267007
FGF20,FGF20,plasma,protein,E,0.2049002229176621,0.2959384586130789
FGF21,FGF21,plasma,protein,E,2.205346119508262,1.8383043274647357
FGF23,FGF23,plasma,protein,E,0.7402474964849877,0.7402608838028248
FGF5,FGF5,plasma,protein,E,0.1739509258771741,0.3590381187528515
FGF6,FGF6,plasma,protein,E,0.0027921898280569,0.411475780019809
FGF7,FGF7,plasma,protein,E,-0.1320852397327465,1.3386764016234378
FGF9,FGF9,plasma,protein,E,-0.2123727230998372,1.2739814088883528
FGFBP1,FGFBP1,plasma,protein,E,0.1041149750835475,0.4781931023390783
FGFBP2,FGFBP2,plasma,protein,E,0.4398475086789919,0.425040420821825
FGFBP3,FGFBP3,plasma,protein,E,0.0986298553970508,0.35906074652250075
FGFR2,FGFR2,plasma,protein,E,-0.0408406284489095,0.22758885653692906
FGFR4,FGFR4,plasma,protein,E,-0.2783632192755251,0.2445103126180264
FGL1,FGL1,plasma,protein,E,0.3660093313515375,0.26783547951896713
FGR,FGR,plasma,protein,E,0.3197140176148939,0.46498759630122855
FH,FH,plasma,protein,E,0.5729790744990414,1.3202575244187331
FHIP2A,FHIP2A,plasma,protein,E,-0.1528025454773854,0.6758430038824568
FHIT,FHIT,plasma,protein,E,0.2946609054390601,0.6650273663814091
FIS1,FIS1,plasma,protein,E,0.6619371169324219,0.6733138711366142
FKBP14,FKBP14,plasma,protein,E,0.4898303158623238,0.9863158854196722
FKBP1B,FKBP1B,plasma,protein,E,0.2618056276910371,0.6488461914280537
FKBP4,FKBP4,plasma,protein,E,0.4031202695395648,0.2520024768430379
FKBP5,FKBP5,plasma,protein,E,0.6100217046926939,1.3062510784155572
FKBP7,FKBP7,plasma,protein,E,0.225783772451033,0.4846696117726328
FKBPL,FKBPL,plasma,protein,E,0.5817803540774922,0.2978772746969266
FLRT2,FLRT2,plasma,protein,E,0.3677438628198692,0.2692982788631495
FLT1,FLT1,plasma,protein,E,0.2234856017611287,0.1061259491989504
FLT3,FLT3,plasma,protein,E,-0.1559416975870349,0.2688787200856637
FLT3LG,FLT3LG,plasma,protein,E,0.0581918493890265,0.22102193466886433
FLT4,FLT4,plasma,protein,E,1.059321237924572,0.363133275032522
FMNL1,FMNL1,plasma,protein,E,0.1710577720832013,0.5932270397584956
FMR1,FMR1,plasma,protein,E,-0.2822858814270826,0.4337914192219238
FN1,FN1,plasma,protein,E,0.1185008301271759,0.3016342854481049
FNDC1,FNDC1,plasma,protein,E,0.1843105190681748,0.5555969978032356
FNTA,FNTA,plasma,protein,E,0.2163134839019714,0.3309412805492315
FOLH1,FOLH1,plasma,protein,E,0.2722071077355404,0.5790986882133562
FOLR1,FOLR1,plasma,protein,E,0.5474284470471031,0.31599273381600845
FOLR2,FOLR2,plasma,protein,E,-0.0434477383096266,0.2824648435860182
FOLR3,FOLR3,plasma,protein,E,-3.702881108701479,0.2578368875547352
FOS,FOS,plasma,protein,E,-0.708933772511254,1.475336182903678
FOSB,FOSB,plasma,protein,E,0.0939583721847452,0.38370464925774406
FOXJ3,FOXJ3,plasma,protein,E,0.163503333976622,0.429288666441615
FOXO1,FOXO1,plasma,protein,E,0.3747985115881074,0.8340276140703127
FOXO3,FOXO3,plasma,protein,E,0.3426741427615893,0.5573471609076088
FRMD4B,FRMD4B,plasma,protein,E,0.1371157137963443,1.1034053932349486
FRMD7,FRMD7,plasma,protein,E,0.0578166357439495,0.2546155539473531
FRZB,FRZB,plasma,protein,E,0.2770030425525334,0.2504207819731442
FSHB,FSHB,plasma,protein,E,0.0543102089966219,0.2337994245810603
FST,FST,plasma,protein,E,0.4449345504808059,0.4466834822482566
FSTL1,FSTL1,plasma,protein,E,0.2256441483930015,0.11514962416997221
FSTL3,FSTL3,plasma,protein,E,0.7858151361500255,0.21572174064534366
FTCD,FTCD,plasma,protein,E,0.1266838807099816,0.8959446458908292
FUCA1,FUCA1,plasma,protein,E,0.6871659823589094,0.695310861894259
FURIN,FURIN,plasma,protein,E,0.8119758301570908,0.32244678717264275
FUS,FUS,plasma,protein,E,0.1026634243283981,0.1940823742940233
FUT1,FUT1,plasma,protein,E,0.5936570703286593,0.6963580006653813
FUT3_FUT5,FUT3_FUT5,plasma,protein,E,0.4129103983453244,0.3551547776616254
FUT8,FUT8,plasma,protein,E,0.2370752892494656,0.3655440468402724
FXN,FXN,plasma,protein,E,0.4895440237026651,0.7586689896131225
FXYD5,FXYD5,plasma,protein,E,0.1953912867138774,0.6395767371543749
FYB1,FYB1,plasma,protein,E,0.2865287461488366,1.0621638016454007
FZD10,FZD10,plasma,protein,E,0.228854506862451,1.034621935995201
FZD8,FZD8,plasma,protein,E,0.0517816355895357,0.5772294144411942
GABARAP,GABARAP,plasma,protein,E,0.1438398884658948,0.4139699292404774
GABRA4,GABRA4,plasma,protein,E,-0.0210665103196315,0.8088690333931576
GAD1,GAD1,plasma,protein,E,-0.2081935441362326,0.6654449831032612
GAD2,GAD2,plasma,protein,E,-0.1071917450281105,0.39714197140506113
GADD45B,GADD45B,plasma,protein,E,0.1566491338795139,0.5746319044342173
GADD45GIP1,GADD45GIP1,plasma,protein,E,0.323185668907435,0.4476536414789714
GAGE2A,GAGE2A,plasma,protein,E,-0.5606728026407096,1.1119466195620118
GAL,GAL,plasma,protein,E,-0.0124191399064972,0.5504785094484683
GALNT10,GALNT10,plasma,protein,E,0.2015677505179542,0.1954946731233361
GALNT2,GALNT2,plasma,protein,E,0.2460448261435555,0.11596612318606381
GALNT3,GALNT3,plasma,protein,E,0.1919895932259041,0.17330016106477253
GALNT5,GALNT5,plasma,protein,E,0.2599020777866193,0.3431727977732486
GALNT7,GALNT7,plasma,protein,E,-0.0723477050105892,0.1232069855441333
GAMT,GAMT,plasma,protein,E,-0.0557204338610181,0.4281178501551365
GAPDH,GAPDH,plasma,protein,E,0.4614380165471813,0.3745224919480064
GART,GART,plasma,protein,E,0.0966334053007855,0.2797691039421993
GAS2,GAS2,plasma,protein,E,0.0484746634642016,0.5890520121204623
GAS6,GAS6,plasma,protein,E,0.0944006536040519,0.21360706331441698
GASK1A,GASK1A,plasma,protein,E,0.1717681249422687,0.353157156811861
GAST,GAST,plasma,protein,E,-0.0284674938903586,0.580948955795078
GATA3,GATA3,plasma,protein,E,-0.1738959335426431,0.6036604620066421
GATD3,GATD3,plasma,protein,E,0.1758739449995671,0.43406417957535703
GBA,GBA,plasma,protein,E,0.460624727267983,0.2794908657672905
GBP1,GBP1,plasma,protein,E,0.3744165987713306,0.3811984564928543
GBP2,GBP2,plasma,protein,E,0.6214350668671565,0.6539352384668549
GBP4,GBP4,plasma,protein,E,0.0440239521558507,0.3390865826960703
GC,GC,plasma,protein,E,-0.0809669059399066,0.1858893931884447
GCC1,GCC1,plasma,protein,E,0.4732487782031442,1.2537802682096633
GCG,GCG,plasma,protein,E,0.1559272799842985,1.1766109554456017
GCHFR,GCHFR,plasma,protein,E,0.1554265785544507,0.24668398153829
GCLM,GCLM,plasma,protein,E,0.2741108530472979,0.36894850008397495
GCNT1,GCNT1,plasma,protein,E,0.0552450199445942,0.32783566402350883
GDF15,GDF15,plasma,protein,E,1.3252867167002582,0.30518649541019927
GDF2,GDF2,plasma,protein,E,0.2232287675862843,0.4576628324968985
GDNF,GDNF,plasma,protein,E,0.1287592003373494,0.3750184833064676
GET3,GET3,plasma,protein,E,0.3223061562579032,0.45200471522853075
GFAP,GFAP,plasma,protein,E,0.1346162555372697,0.49759886214268567
GFER,GFER,plasma,protein,E,0.112654065210816,0.5985671706518794
GFOD2,GFOD2,plasma,protein,E,0.0956638956764042,0.49970071111457015
GFRA1,GFRA1,plasma,protein,E,0.0443973319247419,0.16426229536978348
GFRA2,GFRA2,plasma,protein,E,-0.0076601063993002,0.1799035758079347
GFRA3,GFRA3,plasma,protein,E,0.1079612734344363,0.1914491964242621
GFRAL,GFRAL,plasma,protein,E,-0.0343916278058126,0.37992136615584554
GGA1,GGA1,plasma,protein,E,-0.2779006683408406,0.3836923977808765
GGACT,GGACT,plasma,protein,E,0.4413184694560933,0.6257500062078986
GGCT,GGCT,plasma,protein,E,0.5515148711645635,0.46237761949540174
GGH,GGH,plasma,protein,E,0.0565472912551323,0.2603345829968825
GGT1,GGT1,plasma,protein,E,-0.1675472770569063,0.5530027619875659
GGT5,GGT5,plasma,protein,E,0.0066948471644211,0.1830503822340937
GH1,GH1,plasma,protein,E,-0.057977203238427,0.1581796027038083
GH2,GH2,plasma,protein,E,0.5245292426827908,0.43399291525030703
GHR,GHR,plasma,protein,E,-0.4464081484981133,0.3911836349582872
GHRHR,GHRHR,plasma,protein,E,-0.1880827265417251,0.49388051357522
GHRL,GHRL,plasma,protein,E,0.1195868392445057,0.6025284665531574
GID8,GID8,plasma,protein,E,0.1141848882655335,0.20677388053770399
GIGYF2,GIGYF2,plasma,protein,E,0.2610181252510862,0.6210255656083241
GIMAP7,GIMAP7,plasma,protein,E,-0.0143858984057042,0.2350765651479582
GIMAP8,GIMAP8,plasma,protein,E,0.0831136772539923,0.34592350530234794
GIPC2,GIPC2,plasma,protein,E,0.1523876911477386,0.16395117085494748
GIPC3,GIPC3,plasma,protein,E,0.0672099768597683,1.6878922129730705
GIT1,GIT1,plasma,protein,E,0.4681600240269637,1.1397418411423783
GJA8,GJA8,plasma,protein,E,-0.3264575495270317,0.8324318880942458
GKN1,GKN1,plasma,protein,E,-0.0127921014190666,0.2944913440310169
GLB1,GLB1,plasma,protein,E,0.4429867778028458,0.3766130604905058
GLI2,GLI2,plasma,protein,E,-0.0155774765406974,0.25322590529681077
GLO1,GLO1,plasma,protein,E,0.4175299695328781,0.579208364294429
GLOD4,GLOD4,plasma,protein,E,0.4311901976943834,0.2742503607264185
GLP1R,GLP1R,plasma,protein,E,-0.0006281418781274,0.5474521084022876
GLRX,GLRX,plasma,protein,E,0.2993005708930046,0.3439682273576087
GLRX5,GLRX5,plasma,protein,E,0.1587166808942554,0.592456850811678
GLT8D2,GLT8D2,plasma,protein,E,-0.163367936025441,0.4995986230941457
GLYR1,GLYR1,plasma,protein,E,0.549943395672771,0.42662441867793377
GM2A,GM2A,plasma,protein,E,0.5588323033951468,0.2792255110301337
GMFG,GMFG,plasma,protein,E,0.9899069694144512,1.161669327836159
GMPR,GMPR,plasma,protein,E,0.6456734340784589,0.5319665970099579
GMPR2,GMPR2,plasma,protein,E,0.6795412040241566,0.6428494387286251
GNAS,GNAS,plasma,protein,E,0.1424309529086557,0.42595860705447786
GNE,GNE,plasma,protein,E,0.1696301574003315,0.3724037382719053
GNGT1,GNGT1,plasma,protein,E,-0.2126111917031939,0.7448050864268433
GNLY,GNLY,plasma,protein,E,-0.0422770959592459,0.3381905563642401
GNPDA1,GNPDA1,plasma,protein,E,0.1652352029744415,0.23769420341602532
GNPDA2,GNPDA2,plasma,protein,E,0.3134820079379065,0.310951768421289
GOLGA3,GOLGA3,plasma,protein,E,0.5194356290188352,0.6706165961728804
GOLM2,GOLM2,plasma,protein,E,0.1909868705061996,0.20355393186425758
GOPC,GOPC,plasma,protein,E,0.2400003264285935,0.8423822962620133
GORASP2,GORASP2,plasma,protein,E,0.2812836955555675,0.5887643788727073
GOT1,GOT1,plasma,protein,E,0.4038353006308282,0.38099513155362286
GP1BA,GP1BA,plasma,protein,E,-0.0091674026413252,0.2107387912917803
GP1BB,GP1BB,plasma,protein,E,0.2941244434032817,0.6206278910096025
GP2,GP2,plasma,protein,E,0.5674165790353222,0.5996589314202143
GP5,GP5,plasma,protein,E,0.1512871013987275,0.271884476199518
GP6,GP6,plasma,protein,E,0.2332091311976461,0.6205662714184318
GPA33,GPA33,plasma,protein,E,-0.2109355761742598,0.5613338786118383
GPC1,GPC1,plasma,protein,E,0.0607479200668967,0.1695535710064572
GPC5,GPC5,plasma,protein,E,-0.2684627534266154,0.2756490324120845
GPD1,GPD1,plasma,protein,E,-0.0514852871825757,0.37186054008477487
GPHA2,GPHA2,plasma,protein,E,0.2047793700257356,0.3005887554371886
GPI,GPI,plasma,protein,E,0.4237159922906435,0.4112262952942929
GPIHBP1,GPIHBP1,plasma,protein,E,-0.2556152892510723,0.3065123238800909
GPKOW,GPKOW,plasma,protein,E,0.0493300142965008,0.1559369088914556
GPNMB,GPNMB,plasma,protein,E,0.4891896036665523,0.1784072321009459
GPR101,GPR101,plasma,protein,E,-0.4139311545650904,0.5980173776595092
GPR158,GPR158,plasma,protein,E,0.1365154544406467,0.12076072838292043
GPR15L,GPR15L,plasma,protein,E,0.0441774327494209,0.5054534486531326
GPR37,GPR37,plasma,protein,E,0.7713530106885118,0.46079172659530876
GPRC5C,GPRC5C,plasma,protein,E,0.0890665793126923,0.6937757294117195
GRAP2,GRAP2,plasma,protein,E,0.4971751676239058,1.4447980294949272
GRHPR,GRHPR,plasma,protein,E,0.3701871768492732,0.5966885577226944
GRIK2,GRIK2,plasma,protein,E,0.1268563844057075,0.31392778860315407
GRIN2B,GRIN2B,plasma,protein,E,-0.2054556187127286,0.40235073926900694
GRK5,GRK5,plasma,protein,E,0.2647743838119365,0.4837235823272447
GRN,GRN,plasma,protein,E,0.9211272122235746,0.4122553996130762
GRP,GRP,plasma,protein,E,0.3316480801207302,0.505378377267251
GRPEL1,GRPEL1,plasma,protein,E,0.3336836293559022,0.3439196999440786
GRSF1,GRSF1,plasma,protein,E,-0.0563232220173365,0.8267364057595971
GSAP,GSAP,plasma,protein,E,-0.0802582034806513,0.4281251571158844
GSN,GSN,plasma,protein,E,-0.0381068237676563,0.167661215066862
GSR,GSR,plasma,protein,E,-0.0445981818582748,0.2145526734646035
GSTA1,GSTA1,plasma,protein,E,-0.3478843873903494,0.9071034642703513
GSTA3,GSTA3,plasma,protein,E,0.2520889866542039,0.6192281304775149
GSTM4,GSTM4,plasma,protein,E,0.2119943501477871,0.4034481591361344
GSTP1,GSTP1,plasma,protein,E,0.1936345461832526,0.4312415818894927
GSTT2B,GSTT2B,plasma,protein,E,0.0905996251819105,1.2362633899521287
GTF2IRD1,GTF2IRD1,plasma,protein,E,0.0970850089469307,0.282741440711088
GTPBP2,GTPBP2,plasma,protein,E,0.2242460103121311,0.884164106429437
GUCA2A,GUCA2A,plasma,protein,E,0.2374058770349026,0.21307051013850029
GUCY2C,GUCY2C,plasma,protein,E,-0.1058614880790778,0.7416682556031766
GUK1,GUK1,plasma,protein,E,-0.1848188334984902,0.3218415768628409
GUSB,GUSB,plasma,protein,E,0.5971669005849469,0.4337505960680279
GYS1,GYS1,plasma,protein,E,0.2977507927436387,0.8390492464633237
GZMA,GZMA,plasma,protein,E,0.0724760005293957,0.29442968581848294
GZMB,GZMB,plasma,protein,E,0.1550366877890704,0.33808682138171453
GZMH,GZMH,plasma,protein,E,0.3273387902055215,0.6151869505525032
H2AP,H2AP,plasma,protein,E,-0.5882811335932701,1.1370135676588482
HADH,HADH,plasma,protein,E,0.0606958333123473,0.4312369860995109
HAGH,HAGH,plasma,protein,E,0.7374606499291582,0.8788507712547248
HAO1,HAO1,plasma,protein,E,0.2866524360365619,1.4533862525450856
HARS1,HARS1,plasma,protein,E,0.3863769197311127,0.5870506322753393
HAVCR1,HAVCR1,plasma,protein,E,0.1473105257214799,0.5383636769688784
HAVCR2,HAVCR2,plasma,protein,E,0.0970589303273693,0.2151175895843364
HBEGF,HBEGF,plasma,protein,E,0.1607832392768125,0.40596836310381235
HBQ1,HBQ1,plasma,protein,E,0.1734357117432492,0.43894545895243164
HBZ,HBZ,plasma,protein,E,-0.1124403371458973,1.0202083710882603
HCG22,HCG22,plasma,protein,E,-0.2013992338154111,0.5224714876974477
HCLS1,HCLS1,plasma,protein,E,0.5302743110320669,0.9224581951700648
HDAC8,HDAC8,plasma,protein,E,0.0945414009556298,0.913454271140263
HDAC9,HDAC9,plasma,protein,E,0.4745761302259297,0.8529905948469283
HDDC2,HDDC2,plasma,protein,E,0.170874470575798,0.1903510669610883
HDGF,HDGF,plasma,protein,E,0.8027153793020134,0.8483257209872181
HDGFL2,HDGFL2,plasma,protein,E,0.4025366204571898,0.4645350341042578
HEG1,HEG1,plasma,protein,E,0.2173836389959178,0.2880817131713902
HEPACAM2,HEPACAM2,plasma,protein,E,-0.1982970025579884,0.41964790697893706
HEPH,HEPH,plasma,protein,E,0.208281223049936,0.22786986467485612
HEXIM1,HEXIM1,plasma,protein,E,0.5375592755467234,0.7811416597775045
HGFAC,HGFAC,plasma,protein,E,-0.3858238234972944,0.472332404034693
HGS,HGS,plasma,protein,E,0.424900370522452,0.48658425817380657
HHEX,HHEX,plasma,protein,E,0.5588688454056341,0.4745802514863108
HIF1A,HIF1A,plasma,protein,E,0.0059211632015004,0.3911023200047245
HIP1,HIP1,plasma,protein,E,-0.1193245005661343,0.4026534119537812
HIP1R,HIP1R,plasma,protein,E,0.341555487528048,0.3168812533436649
HJV,HJV,plasma,protein,E,0.1598655837802488,0.1410869579223058
HK2,HK2,plasma,protein,E,0.0561471296746414,0.45018218157341683
HLA-A,HLA-A,plasma,protein,E,0.1242893768270981,0.2806163882232906
HLA-DRA,HLA-DRA,plasma,protein,E,0.2042227143237138,0.4062074796184884
HLA-E,HLA-E,plasma,protein,E,-0.0242528867356643,0.2808620059395611
HMBS,HMBS,plasma,protein,E,0.4415069611136059,0.5108661523367721
HMCN2,HMCN2,plasma,protein,E,0.6275684502034634,0.5375261756470938
HMGCL,HMGCL,plasma,protein,E,0.07089375662902,0.5699929869373563
HMGCS1,HMGCS1,plasma,protein,E,0.1098133551430565,0.5448466359221602
HMMR,HMMR,plasma,protein,E,-0.3931556958967406,0.7074146235890596
HMOX1,HMOX1,plasma,protein,E,-0.1447838909345628,0.3360696003787096
HMOX2,HMOX2,plasma,protein,E,0.2495506168239674,0.2761181344750522
HNF1A,HNF1A,plasma,protein,E,-0.1594163909130457,0.605990553648462
HNMT,HNMT,plasma,protein,E,0.144261887588228,0.3179698345633797
HNRNPK,HNRNPK,plasma,protein,E,0.3484427684756931,0.9517243273363706
HNRNPUL1,HNRNPUL1,plasma,protein,E,0.4293867429205245,0.3727676751128639
HPCAL1,HPCAL1,plasma,protein,E,0.4383330852156176,0.8768526504916829
HPGDS,HPGDS,plasma,protein,E,-0.1314966047951101,0.32597642928295967
HPSE,HPSE,plasma,protein,E,0.1570401711656294,0.8332982602304579
HRAS,HRAS,plasma,protein,E,0.0260476732972071,0.5780002478034739
HRC,HRC,plasma,protein,E,0.2343941250036749,0.3237707952509015
HRG,HRG,plasma,protein,E,-0.4296308075749958,0.6181708945492308
HS1BP3,HS1BP3,plasma,protein,E,0.3662248433367319,0.4435881585948258
HS3ST3B1,HS3ST3B1,plasma,protein,E,0.2668331125823742,0.3521243481224887
HS6ST1,HS6ST1,plasma,protein,E,0.5247569628217809,0.4235491659427959
HS6ST2,HS6ST2,plasma,protein,E,0.2169360066034603,0.2745913110802911
HSBP1,HSBP1,plasma,protein,E,0.4806891976548768,0.5613681521935134
HSD11B1,HSD11B1,plasma,protein,E,0.1974225796422532,0.31434811564901943
HSD17B14,HSD17B14,plasma,protein,E,0.2989176736423538,0.5281322537935258
HSD17B3,HSD17B3,plasma,protein,E,0.2086127232387483,0.6303656570205791
HSDL2,HSDL2,plasma,protein,E,0.1839213261536162,0.5359221902334554
HSP90B1,HSP90B1,plasma,protein,E,0.0229190840779909,0.5684696253530526
HSPA1A,HSPA1A,plasma,protein,E,0.2611762064118177,0.20932402261123761
HSPA2,HSPA2,plasma,protein,E,0.499573434886538,0.44869466469977287
HSPB1,HSPB1,plasma,protein,E,0.3793065636791382,0.7131190892953312
HSPB6,HSPB6,plasma,protein,E,1.0952453498823385,0.37028873650614513
HSPG2,HSPG2,plasma,protein,E,0.3054584456229245,0.10152874663741318
HTR1A,HTR1A,plasma,protein,E,0.1778954713204304,0.9227807811342691
HTRA2,HTRA2,plasma,protein,E,0.2266548183157422,0.33395362355589386
HYAL1,HYAL1,plasma,protein,E,0.3303133976886437,0.3061777674190355
HYOU1,HYOU1,plasma,protein,E,0.0394183204196823,0.1421458743615257
ICA1,ICA1,plasma,protein,E,0.430002250787497,0.6744605343078378
ICAM1,ICAM1,plasma,protein,E,-0.0920226844783817,0.2521630727042789
ICAM2,ICAM2,plasma,protein,E,-0.1856118077143086,0.2511661979082958
ICAM3,ICAM3,plasma,protein,E,-0.0719098902629897,0.2118569101056681
ICAM4,ICAM4,plasma,protein,E,0.0094650117671022,0.3054209812738799
ICAM5,ICAM5,plasma,protein,E,-0.1388123560674721,0.22378337940484938
ICOSLG,ICOSLG,plasma,protein,E,-0.0541422492339364,0.1703409713962701
ID4,ID4,plasma,protein,E,0.2013592411398473,0.47087554021672684
IDI2,IDI2,plasma,protein,E,0.2268030451392376,0.4984804449828322
IDO1,IDO1,plasma,protein,E,0.0947048308444995,0.325549963714668
IDUA,IDUA,plasma,protein,E,0.0639782097719836,0.2586871366673785
IFI30,IFI30,plasma,protein,E,0.4231080573166698,0.2085813484839961
IFIT3,IFIT3,plasma,protein,E,0.4737231145264497,0.34089998299106455
IFNAR1,IFNAR1,plasma,protein,E,-0.0046292277059041,0.1924536402412884
IFNG,IFNG,plasma,protein,E,0.1647355782437036,0.9039308434911086
IFNGR1,IFNGR1,plasma,protein,E,0.2413011746145207,0.100515400689527
IFNGR2,IFNGR2,plasma,protein,E,0.2270658371442631,0.28595602327897707
IFNL1,IFNL1,plasma,protein,E,0.3603552907252274,0.3709522298983042
IFNL2,IFNL2,plasma,protein,E,0.0404375056250159,0.44332181421181066
IFNLR1,IFNLR1,plasma,protein,E,-0.0042898957958804,0.1194897809053668
IFNW1,IFNW1,plasma,protein,E,0.0179816251544628,0.2348403295598607
IFT20,IFT20,plasma,protein,E,0.2568467371108871,0.4511350806753588
IGBP1,IGBP1,plasma,protein,E,0.6580051867856911,0.6318487551817804
IGDCC3,IGDCC3,plasma,protein,E,0.4816610178283886,0.3965094991338193
IGDCC4,IGDCC4,plasma,protein,E,0.4327033717723493,0.2506419354805765
IGF1R,IGF1R,plasma,protein,E,0.1422323709919631,0.10363552290648681
IGF2BP3,IGF2BP3,plasma,protein,E,0.1760737178035574,0.5038218731495857
IGF2R,IGF2R,plasma,protein,E,0.3168942884034509,0.1572504760175232
IGFBP1,IGFBP1,plasma,protein,E,0.2477457486333122,0.6564376684377126
IGFBP2,IGFBP2,plasma,protein,E,0.4905927336285709,0.3034884419954069
IGFBP3,IGFBP3,plasma,protein,E,0.1931645967678412,0.1948455360205204
IGFBP4,IGFBP4,plasma,protein,E,0.8512279868424738,0.216740769659314
IGFBP6,IGFBP6,plasma,protein,E,0.2988222694940027,0.2928297114497953
IGFBP7,IGFBP7,plasma,protein,E,0.0864378774073055,0.19930617320408078
IGFBPL1,IGFBPL1,plasma,protein,E,0.9386855894905304,0.5086270492203144
IGFL4,IGFL4,plasma,protein,E,0.161998038029262,0.6612840001853728
IGHMBP2,IGHMBP2,plasma,protein,E,0.1417435409875249,0.5320500324333794
IGLC2,IGLC2,plasma,protein,E,0.0741761841027175,0.1490401125037199
IGLON5,IGLON5,plasma,protein,E,-0.298823500142618,0.8796524798325869
IGSF21,IGSF21,plasma,protein,E,0.1034451146377308,0.3789120353726721
IGSF3,IGSF3,plasma,protein,E,1.7044022970026045,0.36301845705085256
IGSF9,IGSF9,plasma,protein,E,0.8914015803255865,0.44672338686901447
IKBKG,IKBKG,plasma,protein,E,0.414411254893358,0.9828908023162211
IKZF2,IKZF2,plasma,protein,E,-0.1253134638807963,0.5033919660637175
IL10,IL10,plasma,protein,E,0.1942440325599809,0.5503356557334678
IL10RA,IL10RA,plasma,protein,E,0.0652102902196911,0.322335728933743
IL10RB,IL10RB,plasma,protein,E,0.2515750677412384,0.17966332129963508
IL11,IL11,plasma,protein,E,0.1690737391661356,0.4683481607050289
IL12A_IL12B,IL12A_IL12B,plasma,protein,E,-0.2340361500942942,0.42585604966119217
IL12B,IL12B,plasma,protein,E,-0.2403042920318433,0.35923311578216277
IL12RB1,IL12RB1,plasma,protein,E,0.0084558114077572,0.1886500621396569
IL12RB2,IL12RB2,plasma,protein,E,0.0499464696974643,0.8009560429429095
IL13,IL13,plasma,protein,E,-0.2899152872443877,0.7877539337458976
IL13RA1,IL13RA1,plasma,protein,E,-0.0817920678186245,0.2420464756854948
IL13RA2,IL13RA2,plasma,protein,E,0.0678414392838607,0.5794909398837489
IL15,IL15,plasma,protein,E,0.1724922202446357,0.20096527729900462
IL15RA,IL15RA,plasma,protein,E,0.3125263799746309,0.3065354635518035
IL16,IL16,plasma,protein,E,0.1290632370965219,0.24282771427185817
IL17A,IL17A,plasma,protein,E,0.1940736532913897,0.4439474375497173
IL17C,IL17C,plasma,protein,E,0.3100239169496256,0.294089641279892
IL17D,IL17D,plasma,protein,E,0.3421118810716537,0.27164145528276107
IL17F,IL17F,plasma,protein,E,0.1656583992857939,0.6163863280288882
IL17RA,IL17RA,plasma,protein,E,-0.0342925972256646,0.3195445313112989
IL17RB,IL17RB,plasma,protein,E,-0.2891991171109764,0.4756259643670599
IL18,IL18,plasma,protein,E,0.0759982057996846,0.3881194556518637
IL18BP,IL18BP,plasma,protein,E,0.1460600893289499,0.2021235983283397
IL18R1,IL18R1,plasma,protein,E,0.1684091687927064,0.3119661218878341
IL18RAP,IL18RAP,plasma,protein,E,-0.0329691532433478,1.7952187751796214
IL19,IL19,plasma,protein,E,0.4554745126704506,0.3139750663001249
IL1A,IL1A,plasma,protein,E,-0.1444275506192625,0.2643807861294243
IL1B,IL1B,plasma,protein,E,0.3001937574298442,0.654236859974522
IL1R1,IL1R1,plasma,protein,E,0.5340770530501381,0.30370390011014714
IL1R2,IL1R2,plasma,protein,E,0.0899609246794167,0.1774453278560456
IL1RAP,IL1RAP,plasma,protein,E,0.1863028435776288,0.2446588515044611
IL1RL1,IL1RL1,plasma,protein,E,1.9471799398299057,0.35681630642951934
IL1RL2,IL1RL2,plasma,protein,E,-0.5076912489159142,0.33147709178927487
IL1RN,IL1RN,plasma,protein,E,0.1646963456841253,0.4308200995423721
IL2,IL2,plasma,protein,E,-0.2220084648969662,0.4848289677459937
IL20,IL20,plasma,protein,E,0.1660456204605651,0.2404156650167843
IL20RA,IL20RA,plasma,protein,E,0.5970025720054424,0.38010951963010076
IL20RB,IL20RB,plasma,protein,E,-0.0341747278439801,0.2781347602430649
IL21R,IL21R,plasma,protein,E,-0.1769321804116584,0.4235690272505158
IL22,IL22,plasma,protein,E,-0.220270532064108,0.5784060449285342
IL22RA1,IL22RA1,plasma,protein,E,0.215072798704207,0.25885728315935996
IL24,IL24,plasma,protein,E,0.0795606565756258,0.5099720121328613
IL25,IL25,plasma,protein,E,-0.1489741654907935,0.6737084372589821
IL2RA,IL2RA,plasma,protein,E,-0.0078201349014282,0.2704302817844786
IL2RB,IL2RB,plasma,protein,E,0.1342712377808708,0.3373873734359291
IL2RG,IL2RG,plasma,protein,E,0.0779063606210189,0.2804616675360615
IL3,IL3,plasma,protein,E,0.0343781863858581,2.089254795783413
IL31,IL31,plasma,protein,E,0.02040305165194,0.5171699475850075
IL31RA,IL31RA,plasma,protein,E,-0.0288952914085532,0.3892080769280564
IL32,IL32,plasma,protein,E,0.0248913307068846,0.2601301249717293
IL33,IL33,plasma,protein,E,0.1331980275044835,0.2832479703712375
IL34,IL34,plasma,protein,E,0.1852878098662038,0.3470387097726277
IL36A,IL36A,plasma,protein,E,0.103126181959637,0.5422229519852308
IL36G,IL36G,plasma,protein,E,0.0271347323517886,0.5386748725274246
IL3RA,IL3RA,plasma,protein,E,-0.0035398914187897,0.19425581385118781
IL4,IL4,plasma,protein,E,-0.7456159681113637,2.3457014159403142
IL4R,IL4R,plasma,protein,E,0.6790946667335866,0.5023317835553622
IL5,IL5,plasma,protein,E,-0.3722035210939172,1.5151363415431431
IL5RA,IL5RA,plasma,protein,E,-0.0110633112476174,0.2161000858900228
IL6,IL6,plasma,protein,E,0.5001041543933409,0.5539332868057929
IL6R,IL6R,plasma,protein,E,-0.0410332640468257,0.3223319669511704
IL6ST,IL6ST,plasma,protein,E,0.1091557853816323,0.2204499987347652
IL7,IL7,plasma,protein,E,-0.0085978545395166,0.4238876219636923
IL7R,IL7R,plasma,protein,E,0.1413893959423709,0.32442718227074474
IL9,IL9,plasma,protein,E,0.1153688654632616,0.626165345843766
ILKAP,ILKAP,plasma,protein,E,0.4048855821792254,0.6779395330933684
IMMT,IMMT,plasma,protein,E,0.1600877318625431,0.2875147572362421
IMPA1,IMPA1,plasma,protein,E,0.179799446845537,0.6326388425132693
IMPACT,IMPACT,plasma,protein,E,0.5532824249831407,0.47286460958190735
IMPG1,IMPG1,plasma,protein,E,-0.1097089227808786,0.28148075678118667
ING1,ING1,plasma,protein,E,0.077538631557492,0.2980528195314117
INHBB,INHBB,plasma,protein,E,0.1530812044435741,0.3576044776378467
INHBC,INHBC,plasma,protein,E,0.6908927587635258,0.22027148986958778
INPP1,INPP1,plasma,protein,E,0.1649188659393365,0.3517009244190238
INPP5D,INPP5D,plasma,protein,E,0.5212122578276441,0.6914156163940443
INPP5J,INPP5J,plasma,protein,E,0.0987869291243193,0.45400812819221137
INPPL1,INPPL1,plasma,protein,E,0.5117760923477312,1.0518865130870259
INSL3,INSL3,plasma,protein,E,-0.1422276455079804,0.4513481723521797
INSL4,INSL4,plasma,protein,E,1.0470565217013226,0.3787555592766654
INSL5,INSL5,plasma,protein,E,0.4765890977067428,0.8232171323097902
INSR,INSR,plasma,protein,E,0.0830644695431818,0.14156873893543181
IPCEF1,IPCEF1,plasma,protein,E,0.3372341378924283,0.7274177164687278
IQGAP2,IQGAP2,plasma,protein,E,0.6211502391906922,0.32814503972099096
IRAG2,IRAG2,plasma,protein,E,0.3968640596367495,0.958774793862369
IRAK1,IRAK1,plasma,protein,E,0.62164731403488,0.7310803446211488
IRAK4,IRAK4,plasma,protein,E,0.5077572769795285,1.1002661923683057
ISLR2,ISLR2,plasma,protein,E,-0.0971852276963232,0.300281138449023
ISM1,ISM1,plasma,protein,E,0.2907371638742695,0.1847906152892549
ISM2,ISM2,plasma,protein,E,0.0354638468960566,0.524186817722308
IST1,IST1,plasma,protein,E,0.3657304700144018,0.9310601441151332
ITGA11,ITGA11,plasma,protein,E,0.0143338595270996,0.27554287777981407
ITGA2,ITGA2,plasma,protein,E,0.2771802890068852,0.2679820050493582
ITGA5,ITGA5,plasma,protein,E,0.3533508605900151,0.23342805229002617
ITGA6,ITGA6,plasma,protein,E,-0.0275842675834095,0.1621115744864538
ITGAL,ITGAL,plasma,protein,E,0.1518487218121249,0.4884107452401109
ITGAM,ITGAM,plasma,protein,E,0.2753720730993102,0.24550806333781916
ITGAV,ITGAV,plasma,protein,E,0.158635256748112,0.14585682903386518
ITGAX,ITGAX,plasma,protein,E,-4.687554314313425,4.513620520573064
ITGB1,ITGB1,plasma,protein,E,0.1241254590995925,0.157172606827829
ITGB1BP1,ITGB1BP1,plasma,protein,E,0.0221661022826151,0.41713951673739336
ITGB1BP2,ITGB1BP2,plasma,protein,E,0.5664513380516722,1.433479844623883
ITGB2,ITGB2,plasma,protein,E,0.1691354677134448,0.1961179471575893
ITGB5,ITGB5,plasma,protein,E,0.1095572871817454,0.1395985631442292
ITGB6,ITGB6,plasma,protein,E,0.4620484927472469,0.38565213872925086
ITGB7,ITGB7,plasma,protein,E,0.1188558629908168,0.2736428582940533
ITGBL1,ITGBL1,plasma,protein,E,0.1457637353046413,0.3114884790387587
ITIH1,ITIH1,plasma,protein,E,0.3184706971914904,0.1915263907828166
ITIH3,ITIH3,plasma,protein,E,0.1746926739138393,0.30081332531959487
ITIH4,ITIH4,plasma,protein,E,0.0414574658599712,0.3477089075221354
ITIH5,ITIH5,plasma,protein,E,0.4544206218045727,0.363200720421524
ITM2A,ITM2A,plasma,protein,E,0.0841066056365732,0.2831284645322842
ITPA,ITPA,plasma,protein,E,0.7381362581147366,0.8657145932450505
ITPR1,ITPR1,plasma,protein,E,-0.2487896199079683,0.565614315702932
ITPRIP,ITPRIP,plasma,protein,E,-0.0374894468834173,0.4922813850543391
IVD,IVD,plasma,protein,E,-0.2203548814676889,0.8598877389008631
IZUMO1,IZUMO1,plasma,protein,E,-0.0730968760005578,0.8649857199624863
JAM2,JAM2,plasma,protein,E,0.1447035176251307,0.1728228454299139
JAM3,JAM3,plasma,protein,E,0.1159608653947005,0.34207095740227206
JCHAIN,JCHAIN,plasma,protein,E,0.0759212639185835,0.2306976816809868
JMJD1C,JMJD1C,plasma,protein,E,-0.3781394348724382,1.2328111392875534
JPT2,JPT2,plasma,protein,E,0.5218852971282537,0.7917466189350351
JUN,JUN,plasma,protein,E,0.5527354439334501,0.435255209419173
KAZALD1,KAZALD1,plasma,protein,E,0.4094376895192946,0.3605490281283287
KAZN,KAZN,plasma,protein,E,0.2006263663210359,1.482185687715117
KCNC4,KCNC4,plasma,protein,E,-0.0346262829715382,0.670207100959683
KCNIP4,KCNIP4,plasma,protein,E,0.0233770835697829,0.6378901920495571
KCTD5,KCTD5,plasma,protein,E,0.4785713655939189,0.41453917818013564
KDM3A,KDM3A,plasma,protein,E,0.3525343183578495,0.3933528161890622
KDR,KDR,plasma,protein,E,-0.2213988828026797,0.1990152318646224
KEL,KEL,plasma,protein,E,0.0090729175476971,0.3161735631631069
KHDC3L,KHDC3L,plasma,protein,E,-0.4330693825948972,1.0509453484644045
KHK,KHK,plasma,protein,E,-0.2027815742609463,0.3869045357466354
KIAA0319,KIAA0319,plasma,protein,E,0.1607453658369804,0.5294423613947224
KIAA1549,KIAA1549,plasma,protein,E,-0.2973109981603118,1.4119348860036296
KIAA1549L,KIAA1549L,plasma,protein,E,0.1298550179269333,0.4711672124139499
KIAA2013,KIAA2013,plasma,protein,E,0.1521975079924925,0.2878704837456582
KIF1C,KIF1C,plasma,protein,E,0.2586941059064811,0.3436091356167949
KIF20B,KIF20B,plasma,protein,E,-0.1606906437425952,0.6328541995742644
KIF22,KIF22,plasma,protein,E,0.1434425769561479,1.1324205368521782
KIR2DL2,KIR2DL2,plasma,protein,E,0.2379039045926632,0.8066169133429817
KIR2DL3,KIR2DL3,plasma,protein,E,-0.0871645219848587,0.5692289039715076
KIR2DS4,KIR2DS4,plasma,protein,E,0.7057728867224587,2.2255910624625788
KIR3DL1,KIR3DL1,plasma,protein,E,-0.2641462317442034,0.9968091628946811
KIR3DL2,KIR3DL2,plasma,protein,E,-0.672751639135523,1.0413432289181588
KIRREL1,KIRREL1,plasma,protein,E,-0.0541590671814414,0.37311347630903063
KIRREL2,KIRREL2,plasma,protein,E,-0.0352838777757558,0.24849707948913202
KIT,KIT,plasma,protein,E,-0.1789331383150851,0.2758998076389819
KITLG,KITLG,plasma,protein,E,-0.0229102838477055,0.1917644689327746
KLB,KLB,plasma,protein,E,-0.2480886280099562,0.40996403635208567
KLF4,KLF4,plasma,protein,E,0.1459297779398072,0.2769005593128644
KLHL41,KLHL41,plasma,protein,E,0.288183764716664,0.6001050715142004
KLK1,KLK1,plasma,protein,E,-0.3327232453154087,0.878251422627429
KLK10,KLK10,plasma,protein,E,0.1505676004501954,0.338827956892752
KLK11,KLK11,plasma,protein,E,0.1953481491266392,0.22080882598988702
KLK12,KLK12,plasma,protein,E,-0.0700091729065977,0.7071042443103459
KLK13,KLK13,plasma,protein,E,0.0612087667290766,0.337297213097584
KLK14,KLK14,plasma,protein,E,-0.0534273042065308,0.4237703031533266
KLK15,KLK15,plasma,protein,E,-0.0287331795616902,0.3227310988445721
KLK3,KLK3,plasma,protein,E,-0.1264413582898809,0.2390479277741046
KLK4,KLK4,plasma,protein,E,0.0728583041568091,0.43983588588290273
KLK6,KLK6,plasma,protein,E,0.2633834650862287,0.3119514620258337
KLK7,KLK7,plasma,protein,E,0.0896220237042666,0.1938496147984829
KLK8,KLK8,plasma,protein,E,0.1586696129365526,0.19855530587192308
KLKB1,KLKB1,plasma,protein,E,0.0054943646389123,0.20923874598355968
KLRB1,KLRB1,plasma,protein,E,0.0133630020618206,0.18568865320141248
KLRC1,KLRC1,plasma,protein,E,0.1013818280975934,0.6876211751637192
KLRD1,KLRD1,plasma,protein,E,0.1056054538586578,0.2675932783585196
KLRF1,KLRF1,plasma,protein,E,-0.0284704666942769,0.2171198701484583
KLRK1,KLRK1,plasma,protein,E,-0.0436994235830272,0.4187141653949818
KRT14,KRT14,plasma,protein,E,0.0624756779569835,0.5012479889944067
KRT18,KRT18,plasma,protein,E,1.2126597645845665,0.5868432589322126
KRT19,KRT19,plasma,protein,E,1.1688167978849549,0.6023677426046374
KRT5,KRT5,plasma,protein,E,-0.0351610198139245,0.5672919659020377
KRT6C,KRT6C,plasma,protein,E,0.1160200698356003,0.3492105480962954
KRT8,KRT8,plasma,protein,E,0.9961165829458396,0.44743829859615813
KYAT1,KYAT1,plasma,protein,E,0.6100875430305348,0.3782151677205581
KYNU,KYNU,plasma,protein,E,0.1671392201367166,0.2629462995811286
L1CAM,L1CAM,plasma,protein,E,0.1119514753644773,0.1785409793936093
L3HYPDH,L3HYPDH,plasma,protein,E,0.2104080382818476,0.6047934114802778
LACRT,LACRT,plasma,protein,E,0.2661282620997321,0.4789192866967517
LACTB2,LACTB2,plasma,protein,E,0.3518145610360648,0.5645304602598036
LAG3,LAG3,plasma,protein,E,0.4461610957786593,0.34258360959873524
LAIR1,LAIR1,plasma,protein,E,0.2668473150573938,0.2008220320654998
LAIR2,LAIR2,plasma,protein,E,-0.3927631885704047,0.6975410513757224
LAMA1,LAMA1,plasma,protein,E,-0.0189577527480059,0.4139753211803803
LAMA4,LAMA4,plasma,protein,E,0.1815380564067469,0.160576122499116
LAMB1,LAMB1,plasma,protein,E,-0.0156192985714632,0.1779776678167942
LAMP1,LAMP1,plasma,protein,E,0.1029444991243219,0.2150025011937352
LAMP2,LAMP2,plasma,protein,E,0.0632391146464579,0.17898482199985438
LAMP3,LAMP3,plasma,protein,E,-0.0494698515360238,0.3048199968988222
LAMTOR5,LAMTOR5,plasma,protein,E,-0.0489029384656466,0.5742861967688734
LAP3,LAP3,plasma,protein,E,0.1309860663134514,0.693633571699676
LARP1,LARP1,plasma,protein,E,0.5221701503570009,0.7066717962758281
LAT,LAT,plasma,protein,E,0.2214283489773286,0.6936529203368627
LAT2,LAT2,plasma,protein,E,0.2161169745215608,0.5306275556876934
LATS1,LATS1,plasma,protein,E,0.2321743730291253,1.0248574771195795
LAYN,LAYN,plasma,protein,E,0.3586297550306357,0.1927011876689229
LBP,LBP,plasma,protein,E,-0.0241305316233507,0.4484977139589178
LBR,LBR,plasma,protein,E,0.6906366947958922,0.552342935170693
LCAT,LCAT,plasma,protein,E,0.1520670980125847,0.1280013485757933
LCN15,LCN15,plasma,protein,E,0.477669578840289,0.38644783787794856
LCN2,LCN2,plasma,protein,E,0.1113580733184443,0.216668272218767
LCP1,LCP1,plasma,protein,E,-0.0023762970891805,0.34793061785370905
LDLR,LDLR,plasma,protein,E,0.1009254619011334,0.3624257870861267
LDLRAP1,LDLRAP1,plasma,protein,E,0.1352630048552453,1.1302007863012573
LECT2,LECT2,plasma,protein,E,0.164821702089097,0.7335853818658825
LEFTY2,LEFTY2,plasma,protein,E,0.8525850423801408,0.5987310201103899
LEG1,LEG1,plasma,protein,E,0.0584662730046251,0.48569352143137107
LEO1,LEO1,plasma,protein,E,-0.1229386037552166,0.3648013874499484
LEP,LEP,plasma,protein,E,0.6288005614661561,0.5839680085438402
LEPR,LEPR,plasma,protein,E,-0.1337889079698178,0.4806989899660725
LETM1,LETM1,plasma,protein,E,0.3326273592068123,0.5267032218300518
LGALS1,LGALS1,plasma,protein,E,0.2693246547502725,0.31588748686583
LGALS3,LGALS3,plasma,protein,E,-0.0313161735165255,0.22262084237642543
LGALS3BP,LGALS3BP,plasma,protein,E,0.5096752739140362,0.3626945989111523
LGALS4,LGALS4,plasma,protein,E,0.3804972724501284,0.3749385261474268
LGALS7_LGALS7B,LGALS7_LGALS7B,plasma,protein,E,0.1797049205321665,0.33966192392118255
LGALS8,LGALS8,plasma,protein,E,0.0887172764546615,0.5576956502653325
LGALS9,LGALS9,plasma,protein,E,0.2793953109152112,0.26218951475679697
LGMN,LGMN,plasma,protein,E,0.7647744976302743,0.26372274089792924
LHB,LHB,plasma,protein,E,-0.0508208876817832,0.4269224217380097
LHPP,LHPP,plasma,protein,E,0.552085610013647,0.5746543472758909
LIF,LIF,plasma,protein,E,0.62335360514427,0.8439373211149955
LIFR,LIFR,plasma,protein,E,0.5660268259682278,0.20545308057779954
LILRA2,LILRA2,plasma,protein,E,0.0900401227696806,0.25889848430105
LILRA3,LILRA3,plasma,protein,E,0.2055853978816985,0.49065376814715667
LILRA4,LILRA4,plasma,protein,E,-0.0557696875719131,0.7107802576075269
LILRA5,LILRA5,plasma,protein,E,-0.0671132077284945,0.24405602962546008
LILRA6,LILRA6,plasma,protein,E,0.0963900585870711,0.9732493895320237
LILRB1,LILRB1,plasma,protein,E,-0.0023689293033699,0.2630710877429718
LILRB2,LILRB2,plasma,protein,E,-0.0025628203781499,0.2729941568887492
LILRB4,LILRB4,plasma,protein,E,0.3246240246903442,0.196912294147583
LILRB5,LILRB5,plasma,protein,E,0.1087894804249612,0.2992056553334026
LIPF,LIPF,plasma,protein,E,0.0547912301686922,0.4878555136173458
LMNB1,LMNB1,plasma,protein,E,0.1710179144186294,0.7650754230110444
LMNB2,LMNB2,plasma,protein,E,0.2752726880725227,0.3082226477187139
LMOD1,LMOD1,plasma,protein,E,1.2099782836378676,0.4703737416379704
LMOD2,LMOD2,plasma,protein,E,0.0505344873372456,0.7124731457906255
LONP1,LONP1,plasma,protein,E,0.581042882180911,0.7145030848368477
LPA,LPA,plasma,protein,E,-0.3843577072971395,1.634159943632465
LPCAT2,LPCAT2,plasma,protein,E,0.186918988471067,0.1940705186438216
LPL,LPL,plasma,protein,E,-0.0692419498182449,0.3599339470356886
LPO,LPO,plasma,protein,E,0.2957188689651737,0.4831464025960466
LPP,LPP,plasma,protein,E,0.0749663299353342,0.6105441223016623
LRCH4,LRCH4,plasma,protein,E,0.3413739333039543,0.5490875477195607
LRFN2,LRFN2,plasma,protein,E,0.1949605285686942,0.40730908819489253
LRG1,LRG1,plasma,protein,E,-0.0183631375007556,0.1922128306934335
LRIG1,LRIG1,plasma,protein,E,0.2360587646626906,0.28061150641798227
LRIG3,LRIG3,plasma,protein,E,0.2986648955652478,0.2916535622461915
LRP1,LRP1,plasma,protein,E,0.299860072519894,0.2896982424182154
LRP11,LRP11,plasma,protein,E,0.2019078214167254,0.212608971157831
LRP2,LRP2,plasma,protein,E,0.1308440488329637,0.22602089013108934
LRP2BP,LRP2BP,plasma,protein,E,-0.2896748796908143,0.8484209342480374
LRPAP1,LRPAP1,plasma,protein,E,0.1920475800814819,0.2266891895080944
LRRC25,LRRC25,plasma,protein,E,-0.0673396038205784,0.20445304275696208
LRRC37A2,LRRC37A2,plasma,protein,E,0.1123944482204427,0.3037668291486561
LRRC38,LRRC38,plasma,protein,E,-0.0616952155308526,0.436426727570066
LRRFIP1,LRRFIP1,plasma,protein,E,0.4277140501307163,0.4288926305566781
LRRN1,LRRN1,plasma,protein,E,-0.0121033266833025,0.2991310630975188
LRTM1,LRTM1,plasma,protein,E,0.2198848426511314,0.9432126749762624
LRTM2,LRTM2,plasma,protein,E,-0.0447002670786409,0.3387567678508252
LSM1,LSM1,plasma,protein,E,0.3517002147702019,0.3797748026611823
LSM8,LSM8,plasma,protein,E,-0.0737544781142018,0.8900264714063987
LSP1,LSP1,plasma,protein,E,0.072901201389666,0.19579313678589222
LTA4H,LTA4H,plasma,protein,E,0.1286468780818855,0.3902694590651026
LTB,LTB,plasma,protein,E,-0.1738160012039491,0.404719408805543
LTBP2,LTBP2,plasma,protein,E,0.2986316364038847,0.1909999909302183
LTBP3,LTBP3,plasma,protein,E,1.175818472086308,0.4996588972750844
LTBR,LTBR,plasma,protein,E,0.232581950945913,0.1482977595446808
LTO1,LTO1,plasma,protein,E,0.0440463973600315,0.40312013261836954
LUZP2,LUZP2,plasma,protein,E,0.1161394102774475,0.199487756965533
LXN,LXN,plasma,protein,E,-0.0520351033767917,0.3002599479411389
LY6D,LY6D,plasma,protein,E,0.32878442736689,0.2653015111341891
LY75,LY75,plasma,protein,E,0.1024263232266263,0.27769405792051316
LY9,LY9,plasma,protein,E,-0.0700840597644401,0.1686409447934739
LY96,LY96,plasma,protein,E,0.2051175837908909,0.2276155006662306
LYAR,LYAR,plasma,protein,E,0.2114425304843989,0.4291436829479496
LYN,LYN,plasma,protein,E,0.1313736699062768,0.6366817229368222
LYPD1,LYPD1,plasma,protein,E,0.0036637237908308,0.4874680419408325
LYPD3,LYPD3,plasma,protein,E,0.2556840302559104,0.159568672997985
LYPD8,LYPD8,plasma,protein,E,-0.1188383915091712,0.6641140298509921
LYPLA2,LYPLA2,plasma,protein,E,0.0324804914089542,0.4371661918030301
LYSMD3,LYSMD3,plasma,protein,E,0.1761994680359723,0.5104169540351329
LYVE1,LYVE1,plasma,protein,E,-0.1316781791920543,0.3088470868750004
LYZL2,LYZL2,plasma,protein,E,-0.2329832524351259,0.5486970635033318
LZTFL1,LZTFL1,plasma,protein,E,0.3729274755465992,0.4382523268358567
M6PR,M6PR,plasma,protein,E,0.2124271486259951,0.346351328638676
MAD1L1,MAD1L1,plasma,protein,E,0.7408440862585696,0.36402475710721227
MAEA,MAEA,plasma,protein,E,-0.0282731929896307,0.5967992456550892
MAG,MAG,plasma,protein,E,-0.0652925614356036,0.3022867915383201
MAGED1,MAGED1,plasma,protein,E,0.0576728339911129,0.3462499699176577
MAMDC2,MAMDC2,plasma,protein,E,0.5071983000649805,0.23662264098379748
MAMDC4,MAMDC4,plasma,protein,E,0.2726612006370236,0.5397066386514093
MAN1A2,MAN1A2,plasma,protein,E,0.5392587005591097,0.21263261945162665
MAN2B2,MAN2B2,plasma,protein,E,0.4928642325273786,0.23875831951577298
MANEAL,MANEAL,plasma,protein,E,-0.1624754723564654,1.0122698470019034
MANF,MANF,plasma,protein,E,0.4678847149629331,1.8456920929420124
MANSC1,MANSC1,plasma,protein,E,-0.1182900084562988,0.15826545177379592
MANSC4,MANSC4,plasma,protein,E,0.0618583390885412,0.4367335408984625
MAP1LC3A,MAP1LC3A,plasma,protein,E,-0.1745928697673293,0.6475533998242526
MAP1LC3B2,MAP1LC3B2,plasma,protein,E,-0.017989690895973,0.7117092922797397
MAP2,MAP2,plasma,protein,E,0.0709549077572452,0.1134332660649843
MAP2K1,MAP2K1,plasma,protein,E,0.4819606006406083,0.4825864571003263
MAP2K6,MAP2K6,plasma,protein,E,0.5674252292103134,1.0196191321804606
MAP3K5,MAP3K5,plasma,protein,E,0.2462533804763855,1.2358604320161999
MAP4K5,MAP4K5,plasma,protein,E,0.5440986650492409,1.1526433605644555
MAPK13,MAPK13,plasma,protein,E,-0.3661456875736563,1.222226920584974
MAPK9,MAPK9,plasma,protein,E,0.3807445537420267,0.15665374618068667
MAPKAPK2,MAPKAPK2,plasma,protein,E,0.4192272058265276,1.164232956223804
MAPRE3,MAPRE3,plasma,protein,E,-0.6347682865711793,2.685229848898878
MAPT,MAPT,plasma,protein,E,-0.6479925884689338,1.3323761366015656
MARCO,MARCO,plasma,protein,E,-5.9838337406392314e-05,0.1889918889277762
MARS1,MARS1,plasma,protein,E,0.427147918429127,0.7791762301715006
MASP1,MASP1,plasma,protein,E,0.1699545787183415,0.2728549062336407
MATN2,MATN2,plasma,protein,E,0.1649373155656649,0.1217210851047554
MATN3,MATN3,plasma,protein,E,0.1395614493797688,0.1742280478823848
MAVS,MAVS,plasma,protein,E,0.5381531104300229,1.2892802700260626
MAX,MAX,plasma,protein,E,0.1427254867206255,0.7358459501043203
MB,MB,plasma,protein,E,0.3812899891641712,0.574704080351314
MBL2,MBL2,plasma,protein,E,0.2590936975860066,0.9796116589668264
MCAM,MCAM,plasma,protein,E,-0.1365402333423734,0.2972005036741885
MCEE,MCEE,plasma,protein,E,0.0235489410985766,0.7373849811217942
MCFD2,MCFD2,plasma,protein,E,0.3577249832272223,0.23028310353060172
MDGA1,MDGA1,plasma,protein,E,-0.2535550766347698,0.4582100250278284
MDH1,MDH1,plasma,protein,E,0.045815794418073,0.0742516202143583
MDK,MDK,plasma,protein,E,0.4279592592655146,0.2613144371141124
MDM1,MDM1,plasma,protein,E,-0.0532347037005485,0.7048422139772025
MECR,MECR,plasma,protein,E,0.2288588668815568,0.7467160045899752
MED21,MED21,plasma,protein,E,0.1302921190514306,0.4549232283656468
MEGF10,MEGF10,plasma,protein,E,0.0945778193637499,0.23782763356490158
MEGF11,MEGF11,plasma,protein,E,0.0812639927583208,0.2510602171433388
MEGF9,MEGF9,plasma,protein,E,0.050555165131282,0.1918752663506047
MELTF,MELTF,plasma,protein,E,0.171250427865055,0.242017430558279
MENT,MENT,plasma,protein,E,-0.0186029778124303,0.1772999207193638
MEP1A,MEP1A,plasma,protein,E,0.1508928629335572,0.4946704735184756
MEP1B,MEP1B,plasma,protein,E,-0.2832469102035377,0.8768062246053976
MEPE,MEPE,plasma,protein,E,-0.0302898464181558,0.267569535261737
MERTK,MERTK,plasma,protein,E,0.0490690130050766,0.1865851422109758
MESD,MESD,plasma,protein,E,0.3119215372437768,0.9381310995117448
MET,MET,plasma,protein,E,0.1084246276351949,0.1906045605568305
METAP1,METAP1,plasma,protein,E,-0.0806774346460548,0.3295605008793567
METAP1D,METAP1D,plasma,protein,E,-0.0453229897536314,0.8781404835105725
METAP2,METAP2,plasma,protein,E,0.6580595527713667,0.7298777536180489
MFAP3,MFAP3,plasma,protein,E,-0.0356918253543741,0.4192851812628983
MFAP3L,MFAP3L,plasma,protein,E,-0.0310836196543438,0.4706683103893008
MFAP4,MFAP4,plasma,protein,E,0.3521083903760509,0.20121571861159926
MFAP5,MFAP5,plasma,protein,E,0.5545628955367525,0.3659149193892051
MFGE8,MFGE8,plasma,protein,E,0.2300713289111586,0.3391023321512531
MGMT,MGMT,plasma,protein,E,0.9493064337750484,1.015867644886949
MIA,MIA,plasma,protein,E,0.3165246231383196,0.3721985257991473
MICALL2,MICALL2,plasma,protein,E,0.7620625576943194,1.182897419116759
MICB_MICA,MICB_MICA,plasma,protein,E,-0.0355193815817107,0.4301879209153454
MIF,MIF,plasma,protein,E,0.7740616046016786,0.6293334907860078
MILR1,MILR1,plasma,protein,E,0.0431448610389319,0.49682630992772425
MINDY1,MINDY1,plasma,protein,E,0.0682231588615005,1.516493899623622
MINK1,MINK1,plasma,protein,E,0.5959042003042312,1.4921246510405057
MITD1,MITD1,plasma,protein,E,0.4058770007058481,1.2883569335432612
MKI67,MKI67,plasma,protein,E,0.142038220785684,0.4304584715146022
MLN,MLN,plasma,protein,E,0.1090336066438904,0.4084411113255483
MME,MME,plasma,protein,E,0.0403456634584653,0.4735555659465438
MMP1,MMP1,plasma,protein,E,0.5492581085458809,0.7946655625829099
MMP10,MMP10,plasma,protein,E,0.0201292798183378,0.36873455371750347
MMP12,MMP12,plasma,protein,E,-0.5526453139936206,0.2795454476775795
MMP13,MMP13,plasma,protein,E,0.0985684904443792,0.47538172150938507
MMP15,MMP15,plasma,protein,E,0.1259266289786916,0.2410315728024189
MMP3,MMP3,plasma,protein,E,0.2021246737307696,0.5816816192279326
MMP7,MMP7,plasma,protein,E,0.1742696130094338,0.29264824448031146
MMP8,MMP8,plasma,protein,E,0.3391643633621503,0.7377285204425124
MMP9,MMP9,plasma,protein,E,0.0023997708540166,0.4484351130693062
MN1,MN1,plasma,protein,E,0.3494102013699579,0.5494110920872177
MNAT1,MNAT1,plasma,protein,E,0.0901200120794793,0.2802617591382197
MNDA,MNDA,plasma,protein,E,0.3729271735613327,0.8984692399202954
MOCS2,MOCS2,plasma,protein,E,0.2051360090088348,0.3572046077338219
MOG,MOG,plasma,protein,E,0.0684388997658453,0.2207226308658952
MORC3,MORC3,plasma,protein,E,0.4053035754138476,0.44555938086809493
MORF4L1,MORF4L1,plasma,protein,E,0.0013447855298574,0.611601303647514
MORF4L2,MORF4L2,plasma,protein,E,-0.1037161267990733,0.660980661450794
MORN4,MORN4,plasma,protein,E,-0.141195611792992,0.817119785142574
MPHOSPH8,MPHOSPH8,plasma,protein,E,0.2919659397941633,0.6775714122788703
MPIG6B,MPIG6B,plasma,protein,E,0.3166681154024555,1.2046614115486312
MPO,MPO,plasma,protein,E,-0.0030840621605629,0.4178837019231494
MPRIP,MPRIP,plasma,protein,E,0.1050799488452001,0.45653546762192887
MRC1,MRC1,plasma,protein,E,0.1742960203917024,0.2192503583355429
MRPL24,MRPL24,plasma,protein,E,-0.0258587092478458,0.6028064195225837
MRPL28,MRPL28,plasma,protein,E,0.0878656929196338,0.2710509114898162
MRPL46,MRPL46,plasma,protein,E,-0.0013138326102477,0.183293291348417
MRPL52,MRPL52,plasma,protein,E,-0.3184743039540457,0.47991668934995213
MRPL58,MRPL58,plasma,protein,E,0.0781917081470946,0.3187198072062049
MRPS16,MRPS16,plasma,protein,E,-0.0331763290600001,0.2152954558151322
MSLN,MSLN,plasma,protein,E,-0.1245153282660648,0.21350763445302529
MSLNL,MSLNL,plasma,protein,E,-0.0307477264676998,0.6364901594194665
MSMB,MSMB,plasma,protein,E,0.1842906373703693,0.5852731333833954
MSR1,MSR1,plasma,protein,E,0.3300867173501512,0.37551644668761314
MSRA,MSRA,plasma,protein,E,0.5217643559788081,0.890924094909648
MST1,MST1,plasma,protein,E,0.0077912388618489,0.2284263768685855
MSTN,MSTN,plasma,protein,E,0.2972244387882357,0.35960318255946366
MTDH,MTDH,plasma,protein,E,-0.1583776787974628,1.3362487390944258
MTHFD2,MTHFD2,plasma,protein,E,0.0965500935342064,0.326537156339381
MTIF3,MTIF3,plasma,protein,E,0.1716454254584709,1.161146810485394
MTPN,MTPN,plasma,protein,E,-0.0718242621972519,0.3029632780524348
MTR,MTR,plasma,protein,E,-0.2109826968551808,0.6683822863674962
MTSS1,MTSS1,plasma,protein,E,0.2096155181230838,1.319377746085356
MTSS2,MTSS2,plasma,protein,E,0.754175166039174,0.9219506834837112
MTUS1,MTUS1,plasma,protein,E,0.3988875527226518,0.36607345463960234
MUC13,MUC13,plasma,protein,E,0.3343836948663031,0.5038758112084638
MUC2,MUC2,plasma,protein,E,0.1589264407372281,0.6641582400198397
MUCL3,MUCL3,plasma,protein,E,-0.0090676058333727,0.8286481716023737
MVK,MVK,plasma,protein,E,0.2232514483812786,0.5970916707039506
MXRA8,MXRA8,plasma,protein,E,-0.1250056723402927,0.4027490264966328
MYBPC1,MYBPC1,plasma,protein,E,1.6674523689315617,0.7084893439492914
MYBPC2,MYBPC2,plasma,protein,E,0.5177854497386912,0.6861320349408219
MYCBP2,MYCBP2,plasma,protein,E,0.1740966444732254,0.5811062138006121
MYDGF,MYDGF,plasma,protein,E,0.6929690175579502,0.6284633617603615
MYH4,MYH4,plasma,protein,E,-0.3833330238047063,0.4602586511804277
MYH7B,MYH7B,plasma,protein,E,-1.2424910763018333,1.87138535856596
MYH9,MYH9,plasma,protein,E,0.256400105525452,0.5518632246651858
MYL1,MYL1,plasma,protein,E,-0.0209302809126045,0.3209332343999912
MYL3,MYL3,plasma,protein,E,1.19306066329864,1.024400459019013
MYL4,MYL4,plasma,protein,E,0.5518359471542217,0.5565513327827969
MYL6B,MYL6B,plasma,protein,E,-0.0183256213110005,0.5521013218314095
MYLPF,MYLPF,plasma,protein,E,0.012015703397014,0.4577083683268447
MYO6,MYO6,plasma,protein,E,0.1352048722404008,0.4988815975466094
MYO9B,MYO9B,plasma,protein,E,0.1920642766238642,1.0180573811312368
MYOC,MYOC,plasma,protein,E,0.3911344548916314,0.451045741222692
MYOM1,MYOM1,plasma,protein,E,-0.2909207917654065,0.603436794625519
MYOM2,MYOM2,plasma,protein,E,0.7111131504675064,0.7920111765707766
MYOM3,MYOM3,plasma,protein,E,0.9529747972279664,0.8180898501501505
MZB1,MZB1,plasma,protein,E,0.289072920941021,0.3706339672976229
MZT1,MZT1,plasma,protein,E,0.256271211329457,0.5206154221351196
NAA10,NAA10,plasma,protein,E,0.0710975240262061,0.7912536280365958
NAA80,NAA80,plasma,protein,E,0.2715284545948376,1.1010603207094676
NAAA,NAAA,plasma,protein,E,-0.0723490620603183,0.5247030585441844
NACC1,NACC1,plasma,protein,E,0.313108918122415,0.3601024471257394
NADK,NADK,plasma,protein,E,0.2927841983422228,0.3199724745692706
NAGA,NAGA,plasma,protein,E,0.315032549768088,0.2823075515111049
NAGK,NAGK,plasma,protein,E,0.6439473480245541,0.38304241987406623
NAGPA,NAGPA,plasma,protein,E,0.0874471217586424,0.2058861160713656
NAMPT,NAMPT,plasma,protein,E,0.4073343084755188,0.396867416609665
NAP1L4,NAP1L4,plasma,protein,E,0.5741492153868148,0.48665190452570317
NAPRT,NAPRT,plasma,protein,E,0.3237804143802824,0.4416418921805358
NARS1,NARS1,plasma,protein,E,0.1895782895575374,0.3916564115306874
NBL1,NBL1,plasma,protein,E,0.2500238380925443,0.20047009179669267
NBN,NBN,plasma,protein,E,0.4401748762573297,0.3637382068240207
NCAM1,NCAM1,plasma,protein,E,0.0535422160725672,0.2181409972439463
NCAM2,NCAM2,plasma,protein,E,-0.0613623182456958,0.3250610389965889
NCAN,NCAN,plasma,protein,E,0.0977865532882332,0.40215456041024067
NCF2,NCF2,plasma,protein,E,0.1591052125566466,0.4991105309773655
NCK2,NCK2,plasma,protein,E,0.2309118150858586,0.844482092979229
NCLN,NCLN,plasma,protein,E,0.1107034111746428,0.5531816607211442
NCR1,NCR1,plasma,protein,E,0.0911411531806865,0.2566083616647971
NCR3LG1,NCR3LG1,plasma,protein,E,-0.0042501054657703,0.2013171246489141
NCS1,NCS1,plasma,protein,E,0.5023221731521602,0.26866598410530973
NDRG1,NDRG1,plasma,protein,E,0.2863955271768143,0.6224163853230809
NDST1,NDST1,plasma,protein,E,0.1128557558774404,0.4318060880466737
NDUFA5,NDUFA5,plasma,protein,E,0.0629579162895541,0.49666582628623074
NDUFB7,NDUFB7,plasma,protein,E,0.0116262907843678,0.5390940875179753
NDUFS6,NDUFS6,plasma,protein,E,0.2826655593050809,0.4873664615461642
NEB,NEB,plasma,protein,E,0.2093400354665229,0.5155263746634746
NECAP2,NECAP2,plasma,protein,E,0.0247773792654625,0.6049199150054873
NECTIN1,NECTIN1,plasma,protein,E,0.3344384256707907,0.6203593445278476
NECTIN2,NECTIN2,plasma,protein,E,0.3351736452511965,0.2684078573720671
NECTIN4,NECTIN4,plasma,protein,E,1.5344031540000966,0.36159669478961454
NEDD4L,NEDD4L,plasma,protein,E,0.3498873225064919,0.28186883459722456
NEDD9,NEDD9,plasma,protein,E,0.1747791728872024,0.26319595423604
NEFL,NEFL,plasma,protein,E,0.32729744367254,0.6266051991200596
NEK7,NEK7,plasma,protein,E,0.2850652331488653,0.9130098856419238
NELL1,NELL1,plasma,protein,E,-0.4171519602904098,0.3431231069820415
NELL2,NELL2,plasma,protein,E,0.4147143977232599,0.2616780434846492
NENF,NENF,plasma,protein,E,0.1484331415869206,0.5680550520848205
NEO1,NEO1,plasma,protein,E,0.0540784944859971,0.13901744925772838
NEXN,NEXN,plasma,protein,E,0.1430794791807614,0.21272157645956147
NFASC,NFASC,plasma,protein,E,0.1351660518094389,0.20053600262969018
NFAT5,NFAT5,plasma,protein,E,0.4158674180646495,0.9602033561683252
NFATC1,NFATC1,plasma,protein,E,0.4808253939915079,0.6478284996419318
NFATC3,NFATC3,plasma,protein,E,0.1732981910716266,0.46120423838645275
NFE2,NFE2,plasma,protein,E,0.6116969854007643,0.8961550455449858
NFIC,NFIC,plasma,protein,E,0.1618311465479219,0.35144804330324225
NFKB1,NFKB1,plasma,protein,E,0.4467684914060235,0.7017819645059968
NFKBIE,NFKBIE,plasma,protein,E,0.4344623025550164,0.4830284526747812
NFU1,NFU1,plasma,protein,E,0.3096897044306374,0.7728267568514826
NFX1,NFX1,plasma,protein,E,0.3154070949180626,0.6224293300051106
NFYA,NFYA,plasma,protein,E,0.0052162983700305,0.414129293116496
NGF,NGF,plasma,protein,E,0.0242991295364488,0.04991322556473769
NGFR,NGFR,plasma,protein,E,-0.0173861353617813,0.1982403559465516
NGRN,NGRN,plasma,protein,E,0.1480139968940961,0.14053644803735188
NHLRC3,NHLRC3,plasma,protein,E,0.1755764607256702,0.20673822680256881
NID1,NID1,plasma,protein,E,0.8210343790732121,0.23452935559184207
NID2,NID2,plasma,protein,E,0.5465926519462337,0.22087013589247212
NINJ1,NINJ1,plasma,protein,E,0.2623424211551967,0.40127347563873983
NIT1,NIT1,plasma,protein,E,0.4887463229441763,0.5268717253777075
NIT2,NIT2,plasma,protein,E,0.2400067611524049,0.9088282773876561
NLGN1,NLGN1,plasma,protein,E,-0.2437102736291037,0.7054446099373431
NLGN2,NLGN2,plasma,protein,E,0.0731259604852932,0.70964590866278
NME1,NME1,plasma,protein,E,-0.1129211773629334,0.1578534617405099
NME3,NME3,plasma,protein,E,0.1062931742021772,0.1609200893246368
NMI,NMI,plasma,protein,E,0.3465725928079102,0.49614703505818714
NMNAT1,NMNAT1,plasma,protein,E,0.3644440596135301,0.7635497191507967
NMRK2,NMRK2,plasma,protein,E,-0.1861733741971015,1.1621818892217284
NMT1,NMT1,plasma,protein,E,0.0655300906354149,0.5688551128554065
NOMO1,NOMO1,plasma,protein,E,0.2720622251447173,0.2299931758550492
NOP56,NOP56,plasma,protein,E,-0.0341372878476524,0.5059103340506966
NOS1,NOS1,plasma,protein,E,0.7739885479124957,0.38066562505482326
NOS2,NOS2,plasma,protein,E,-0.3149160400305169,0.26447770098648865
NOS3,NOS3,plasma,protein,E,0.0295534663738877,0.7947212157365853
NOTCH1,NOTCH1,plasma,protein,E,-0.0008117161939246,0.16296457505881928
NOTCH2,NOTCH2,plasma,protein,E,0.0838665974625235,0.2016914730476242
NOTCH3,NOTCH3,plasma,protein,E,0.5359466990130102,0.2471129682849404
NPC2,NPC2,plasma,protein,E,0.2248224349907358,0.12692726311191033
NPDC1,NPDC1,plasma,protein,E,0.2208340418526982,0.2082863518331856
NPHS1,NPHS1,plasma,protein,E,0.1706867121201909,0.43350951225655165
NPHS2,NPHS2,plasma,protein,E,0.0244142755450171,1.095767161626176
NPL,NPL,plasma,protein,E,0.4733526218750454,0.2793980012577899
NPM1,NPM1,plasma,protein,E,0.2038192110319881,0.5170159528056907
NPPB,NPPB,plasma,protein,E,-0.3359753128343165,1.6171866273553155
NPPC,NPPC,plasma,protein,E,0.4561951012485948,0.392189439597436
NPR1,NPR1,plasma,protein,E,-0.2179384023639098,0.172422144400485
NPTN,NPTN,plasma,protein,E,0.1132129798503934,0.6903339461613749
NPTX1,NPTX1,plasma,protein,E,0.2733608523161162,0.47245620107032815
NPTX2,NPTX2,plasma,protein,E,0.518050605185149,0.5128410918366493
NPTXR,NPTXR,plasma,protein,E,0.2383066035686552,0.2614308659795681
NPY,NPY,plasma,protein,E,-0.2243430712176155,0.5056508195642038
NRCAM,NRCAM,plasma,protein,E,0.813970776655668,0.29240797952460007
NRGN,NRGN,plasma,protein,E,0.2345137184816957,0.4312936203880753
NRN1,NRN1,plasma,protein,E,0.0732683131118126,0.2360874431365016
NRP1,NRP1,plasma,protein,E,0.0721656091929809,0.261770485042666
NRP2,NRP2,plasma,protein,E,0.4104937503826963,0.28058269290289284
NRTN,NRTN,plasma,protein,E,0.4830400224705397,0.5043363426056774
NRXN3,NRXN3,plasma,protein,E,0.0277495196206584,0.2677518578214802
NSFL1C,NSFL1C,plasma,protein,E,0.6482166650377592,0.49200981571445923
NT-proBNP,NT-proBNP,plasma,protein,E,0.1718048732317896,0.7852374600568028
NT5C,NT5C,plasma,protein,E,0.1681113266220539,0.472489023020553
NT5C1A,NT5C1A,plasma,protein,E,0.8987004277694073,0.3746069784555899
NT5C3A,NT5C3A,plasma,protein,E,0.3206912774581931,0.9622421042447389
NT5E,NT5E,plasma,protein,E,0.1779616783177039,0.40512122367823555
NTF3,NTF3,plasma,protein,E,0.1161522995580876,0.26837020570144643
NTF4,NTF4,plasma,protein,E,0.1770167507981377,0.3419772584128786
NTRK2,NTRK2,plasma,protein,E,-0.0794866952562849,0.25103292834561697
NTRK3,NTRK3,plasma,protein,E,-0.0368192562642082,0.2273588381045466
NUB1,NUB1,plasma,protein,E,0.3196214377775144,0.6295230776116738
NUCB2,NUCB2,plasma,protein,E,0.362969912347544,0.2936234781722665
NUDC,NUDC,plasma,protein,E,0.3810385362852587,0.6886994336738993
NUDT10,NUDT10,plasma,protein,E,0.0169489698700599,0.1882717980880514
NUDT15,NUDT15,plasma,protein,E,0.2295905649228773,0.46043691790339736
NUDT16,NUDT16,plasma,protein,E,0.2495366960454777,0.7985148126909938
NUDT2,NUDT2,plasma,protein,E,0.1595014698891965,0.3034216241990237
NUDT5,NUDT5,plasma,protein,E,0.4328189325329604,0.48014945304155404
NUMB,NUMB,plasma,protein,E,0.2914367382293891,0.605838276102403
NUP50,NUP50,plasma,protein,E,0.0622516967390623,0.5756603678823445
NXPE4,NXPE4,plasma,protein,E,-0.0147033637028582,0.578979346428191
NXPH1,NXPH1,plasma,protein,E,0.0723658891251555,0.214994117367458
NXPH3,NXPH3,plasma,protein,E,-0.0938804319761621,0.25133850328135493
OBP2B,OBP2B,plasma,protein,E,0.6546203150345034,1.177088217864023
OCLN,OCLN,plasma,protein,E,0.2980451279111333,0.2783264917108495
ODAM,ODAM,plasma,protein,E,0.0007100877944521,0.4585596111643868
OFD1,OFD1,plasma,protein,E,-0.0987073360413908,0.8878319112075904
OGA,OGA,plasma,protein,E,0.847831309274294,0.7448488864241445
OGFR,OGFR,plasma,protein,E,0.1474075814336253,0.22672740328086022
OGN,OGN,plasma,protein,E,0.4997889739963103,0.3620943942461813
OLFM4,OLFM4,plasma,protein,E,1.1157111459047704,1.2314217989526848
OLR1,OLR1,plasma,protein,E,0.9918408841653892,0.3706136392295931
OMD,OMD,plasma,protein,E,0.4752607740229767,0.503212034401508
OMG,OMG,plasma,protein,E,0.5859330335781632,0.5320553660089333
OMP,OMP,plasma,protein,E,-0.1104296589339027,0.6969462770029983
OPHN1,OPHN1,plasma,protein,E,0.454699536082932,1.2805714142300053
OPLAH,OPLAH,plasma,protein,E,0.6052408061929214,0.5192181606093992
OPTC,OPTC,plasma,protein,E,0.1063545950697008,0.3138461482333753
ORM1,ORM1,plasma,protein,E,-0.0911027012759308,0.0959512329611307
OSBPL2,OSBPL2,plasma,protein,E,0.0334966016526988,0.1621832690323337
OSCAR,OSCAR,plasma,protein,E,0.0508652255026298,0.39526420307506294
OSMR,OSMR,plasma,protein,E,0.5947875748399276,0.17340537818137147
OSTN,OSTN,plasma,protein,E,0.44190808324773,0.516481867542276
OTOA,OTOA,plasma,protein,E,0.018126716831958,0.9515560223191563
OTUD6B,OTUD6B,plasma,protein,E,0.3031798508225549,0.4757725336460989
OTUD7B,OTUD7B,plasma,protein,E,0.2990176046482549,0.4578622105508518
OXCT1,OXCT1,plasma,protein,E,0.0606723271277292,0.3593121442280747
OXT,OXT,plasma,protein,E,0.6361607824193243,0.8813925379327752
P4HB,P4HB,plasma,protein,E,0.4084840647080484,0.2789819964212532
PACS2,PACS2,plasma,protein,E,0.2789348550242103,0.5566883610201061
PADI2,PADI2,plasma,protein,E,0.2934290416988445,0.5331317729882961
PADI4,PADI4,plasma,protein,E,0.1328807533039755,0.4925323265410839
PAEP,PAEP,plasma,protein,E,-0.1588652679890967,0.20032431204945259
PAFAH2,PAFAH2,plasma,protein,E,-0.4004152849025514,1.074926445253293
PAG1,PAG1,plasma,protein,E,0.2422699854016866,0.4485300798205018
PAGR1,PAGR1,plasma,protein,E,0.3778376879162719,0.34200351983265176
PAIP2B,PAIP2B,plasma,protein,E,-0.4880431855905782,1.1561133413817908
PALLD,PALLD,plasma,protein,E,0.5192938856144462,0.5896123774110982
PALM,PALM,plasma,protein,E,0.0410821904263858,0.1305527031787622
PALM2,PALM2,plasma,protein,E,0.2528450598408968,0.3712876057030563
PALM3,PALM3,plasma,protein,E,0.0236833259006347,0.6563696728417221
PAM,PAM,plasma,protein,E,0.2378990653006457,0.1890390685773768
PAMR1,PAMR1,plasma,protein,E,-0.0826964686561452,0.2808253372870546
PAPPA,PAPPA,plasma,protein,E,-0.6505198036906128,0.4727827242893412
PARD3,PARD3,plasma,protein,E,-0.0201670022292574,0.7432049191917508
PARK7,PARK7,plasma,protein,E,0.5118974601416164,0.520806745373994
PARP1,PARP1,plasma,protein,E,0.0967702297481721,0.2037136460547815
PAXX,PAXX,plasma,protein,E,0.1817912588709473,0.1998621573869522
PBK,PBK,plasma,protein,E,-0.1836892590495218,0.41021349795228035
PBLD,PBLD,plasma,protein,E,-0.0061722788257597,0.4095921787830167
PBXIP1,PBXIP1,plasma,protein,E,-0.0042888583357491,0.1473676483046228
PCARE,PCARE,plasma,protein,E,0.0265542619024702,0.5841219481747398
PCBD1,PCBD1,plasma,protein,E,0.0084093133093877,0.3042718775003204
PCBP2,PCBP2,plasma,protein,E,0.2968491522890779,0.6451245021351539
PCDH1,PCDH1,plasma,protein,E,0.0516245617138931,0.065011675291399
PCDH12,PCDH12,plasma,protein,E,-0.0512348564085479,0.1643558231326107
PCDH17,PCDH17,plasma,protein,E,0.0879929482465851,0.2940207863836411
PCDH7,PCDH7,plasma,protein,E,0.924849275654398,0.33950473940249193
PCDH9,PCDH9,plasma,protein,E,-0.2115457857234055,0.4096884561261832
PCDHB15,PCDHB15,plasma,protein,E,-0.1444947978373275,0.29138609338631727
PCNA,PCNA,plasma,protein,E,-0.1753354495876981,1.3116145017293492
PCOLCE,PCOLCE,plasma,protein,E,-0.0691283146563738,0.2751077460554473
PCSK7,PCSK7,plasma,protein,E,-0.1384670703554175,0.3438340594264039
PCSK9,PCSK9,plasma,protein,E,0.5471251799361734,0.2539021957216475
PCYT2,PCYT2,plasma,protein,E,0.5547189986006852,0.6072680655171944
PDAP1,PDAP1,plasma,protein,E,0.6339492445853324,0.817171967301645
PDCD1,PDCD1,plasma,protein,E,-0.1176181157940505,0.21186330894499417
PDCD1LG2,PDCD1LG2,plasma,protein,E,0.2859258828630178,0.2736238662666972
PDCD5,PDCD5,plasma,protein,E,0.7144884883336549,0.39277055007653283
PDCD6,PDCD6,plasma,protein,E,0.1375202293576135,0.2962520557755796
PDCL2,PDCL2,plasma,protein,E,-0.1570634602268934,0.9807273132034426
PDE1C,PDE1C,plasma,protein,E,-0.6010719459285374,1.5708875818439076
PDE4D,PDE4D,plasma,protein,E,-0.0716290836943007,0.5106540180936476
PDE5A,PDE5A,plasma,protein,E,0.4023904086997756,0.9915183695460819
PDGFA,PDGFA,plasma,protein,E,0.1720564286998755,0.432162438070283
PDGFB,PDGFB,plasma,protein,E,0.0872794704854268,0.5884394935570827
PDGFC,PDGFC,plasma,protein,E,-0.0918010285232425,0.2480346723201478
PDGFRA,PDGFRA,plasma,protein,E,0.4605173104734485,0.4540017177847404
PDGFRB,PDGFRB,plasma,protein,E,0.1327036061922396,0.3058344176039248
PDIA2,PDIA2,plasma,protein,E,-1.003098458093372,1.3312683797462397
PDIA3,PDIA3,plasma,protein,E,0.2441719686074906,0.2071632362405908
PDIA4,PDIA4,plasma,protein,E,0.2525567050789106,0.47226918733988865
PDIA5,PDIA5,plasma,protein,E,-0.359843560355795,1.122687744328064
PDLIM5,PDLIM5,plasma,protein,E,0.645521505550442,1.251232437620231
PDLIM7,PDLIM7,plasma,protein,E,0.8573202797594259,1.4604121297203654
PDP1,PDP1,plasma,protein,E,0.1728525600694193,0.3961058830557841
PDRG1,PDRG1,plasma,protein,E,-0.0020089596845416,1.147651702119423
PDXDC1,PDXDC1,plasma,protein,E,-0.1627802764486935,0.6136262244681417
PDZD2,PDZD2,plasma,protein,E,0.2061888005799151,0.5180078339902413
PDZK1,PDZK1,plasma,protein,E,0.0722632268698716,0.3950055009977358
PEAR1,PEAR1,plasma,protein,E,-0.0595298947050213,0.1261470462230927
PEBP1,PEBP1,plasma,protein,E,0.5599468158391425,0.3577777935160775
PECAM1,PECAM1,plasma,protein,E,0.2038406894216851,0.2176720381056845
PECR,PECR,plasma,protein,E,0.0822550684914649,0.31377936087471797
PENK,PENK,plasma,protein,E,0.1738446794536071,0.1384021533051521
PEPD,PEPD,plasma,protein,E,0.004215807941885,0.1786213087560811
PF4,PF4,plasma,protein,E,0.2070546497811702,0.5866814019953462
PFDN2,PFDN2,plasma,protein,E,0.0558290231060849,0.7409020309661216
PFDN4,PFDN4,plasma,protein,E,-0.4274555158587657,0.8675998781586667
PFDN6,PFDN6,plasma,protein,E,-0.1159865991027942,0.8859191424701887
PFKFB2,PFKFB2,plasma,protein,E,0.3820683655440742,0.5832400046367996
PGA4,PGA4,plasma,protein,E,0.4287785163143268,0.3824661644003356
PGD,PGD,plasma,protein,E,0.5762301350302893,0.46889633084706583
PGF,PGF,plasma,protein,E,-0.0736346711519245,0.47965017576996344
PGLYRP2,PGLYRP2,plasma,protein,E,-0.0850250718088586,0.3612516302685066
PGLYRP4,PGLYRP4,plasma,protein,E,0.9601887794595538,0.8471873883193796
PGM2,PGM2,plasma,protein,E,-0.2407268832578367,0.4311101567839426
PGR,PGR,plasma,protein,E,-0.0093507434420316,0.3458907323406111
PHACTR2,PHACTR2,plasma,protein,E,0.4415013390254358,1.0444182805469766
PHLDB1,PHLDB1,plasma,protein,E,0.1132117125936776,0.46509458582487007
PHLDB2,PHLDB2,plasma,protein,E,-0.5969760997979132,1.6604552756183988
PHOSPHO1,PHOSPHO1,plasma,protein,E,0.2095936341147238,0.14535395837582613
PHYKPL,PHYKPL,plasma,protein,E,0.1198371561854033,0.2651172809274912
PI16,PI16,plasma,protein,E,0.0867841735431445,0.3249680633094647
PI3,PI3,plasma,protein,E,0.1110066918617369,0.353241365752518
PIBF1,PIBF1,plasma,protein,E,0.2032493444887173,0.9755377909064342
PIGR,PIGR,plasma,protein,E,0.2725734200272975,0.3845380180076728
PIK3AP1,PIK3AP1,plasma,protein,E,0.5735769483484394,0.5666736529895442
PIK3IP1,PIK3IP1,plasma,protein,E,0.2386352087838686,0.16211103708579042
PIKFYVE,PIKFYVE,plasma,protein,E,0.3712734655914984,0.6403490956906281
PILRA,PILRA,plasma,protein,E,0.1965296669908207,0.2326652498149937
PILRB,PILRB,plasma,protein,E,0.212527126659261,0.36585455481099083
PINLYP,PINLYP,plasma,protein,E,-0.0059968397633332,0.46160894929580687
PITHD1,PITHD1,plasma,protein,E,-0.5629186266523889,1.5572731811460256
PKD1,PKD1,plasma,protein,E,0.2835850748774184,0.2779882362695839
PKD2,PKD2,plasma,protein,E,0.1626252549713135,0.4956044480335373
PKLR,PKLR,plasma,protein,E,0.4768905110629889,0.6334153600495442
PKN3,PKN3,plasma,protein,E,0.345813278853077,0.9369109874412781
PLA2G10,PLA2G10,plasma,protein,E,-0.1324576964037618,0.20369417820846789
PLA2G15,PLA2G15,plasma,protein,E,0.199765730586768,0.2054654135606079
PLA2G1B,PLA2G1B,plasma,protein,E,0.077694327573235,0.33287039531554663
PLA2G2A,PLA2G2A,plasma,protein,E,-0.1951576655866784,0.5594787793705762
PLA2G4A,PLA2G4A,plasma,protein,E,0.513465770747694,0.7690800274002028
PLA2G7,PLA2G7,plasma,protein,E,-0.0069902435723226,0.2227897829789003
PLAU,PLAU,plasma,protein,E,0.9106078709733532,0.29656945471261253
PLAUR,PLAUR,plasma,protein,E,-0.007037936258167,0.2133752405473692
PLB1,PLB1,plasma,protein,E,0.0809509796986874,0.3450746834430134
PLCB1,PLCB1,plasma,protein,E,-0.3025451474645593,0.7654908382117762
PLCB2,PLCB2,plasma,protein,E,0.2557541498849443,1.4237598105816542
PLEKHO1,PLEKHO1,plasma,protein,E,0.3511788229234108,0.7504550291665645
PLG,PLG,plasma,protein,E,0.0124654602338343,0.2228134452974128
PLIN1,PLIN1,plasma,protein,E,0.0496959827542324,0.3206726924849236
PLIN3,PLIN3,plasma,protein,E,0.2789700085253438,0.29004936160920425
PLPBP,PLPBP,plasma,protein,E,0.7808415355232273,0.721383542167767
PLSCR3,PLSCR3,plasma,protein,E,0.0117258549066207,0.2971053660946869
PLTP,PLTP,plasma,protein,E,0.0421472038602529,0.2259972371343249
PLXDC1,PLXDC1,plasma,protein,E,-0.18628661664535,0.438742681418979
PLXDC2,PLXDC2,plasma,protein,E,-0.0252777030663999,0.2221309897996118
PLXNA4,PLXNA4,plasma,protein,E,0.0796597097889373,0.7339167559750448
PLXNB2,PLXNB2,plasma,protein,E,0.7363201298765389,0.16068627849433814
PLXNB3,PLXNB3,plasma,protein,E,0.2426317777899741,0.31993179276228867
PM20D1,PM20D1,plasma,protein,E,0.3268924087585098,0.9094100568700089
PMCH,PMCH,plasma,protein,E,0.0917005816845233,0.4844452909806718
PMM2,PMM2,plasma,protein,E,0.3012459339893295,0.8808215749425654
PMS1,PMS1,plasma,protein,E,0.2821312077929208,0.6347710048754718
PMVK,PMVK,plasma,protein,E,0.6047009379367614,2.0930582806060127
PNLIP,PNLIP,plasma,protein,E,0.3322458217437872,0.3496900856987684
PNLIPRP1,PNLIPRP1,plasma,protein,E,0.1726663037049876,0.607502533351548
PNLIPRP2,PNLIPRP2,plasma,protein,E,-1.4450842145104856,2.239529415244717
PNMA1,PNMA1,plasma,protein,E,0.1925458945598261,0.9604237952884823
PNMA2,PNMA2,plasma,protein,E,-0.1257317219068697,1.0899480740073673
PNPT1,PNPT1,plasma,protein,E,0.1495625613781578,0.6519342300936759
PODXL,PODXL,plasma,protein,E,0.0220344806464955,0.1055029794151106
PODXL2,PODXL2,plasma,protein,E,-0.0527120198956906,0.12264891030584921
POF1B,POF1B,plasma,protein,E,0.0069343800983672,0.2082533079891747
POLR2A,POLR2A,plasma,protein,E,0.2711936964912694,0.3763606910867943
POLR2F,POLR2F,plasma,protein,E,0.4237589468116191,0.20112011887738268
POMC,POMC,plasma,protein,E,1.2893000942208126,0.6311292773887403
PON1,PON1,plasma,protein,E,0.025548834459916,0.1047753494178277
PON2,PON2,plasma,protein,E,0.137896023948216,0.3843310453060077
PON3,PON3,plasma,protein,E,-0.0689239450066396,0.2436747238374754
POSTN,POSTN,plasma,protein,E,0.3613888919669489,0.361717635875083
PPBP,PPBP,plasma,protein,E,0.5263273296767167,0.480312749466034
PPCDC,PPCDC,plasma,protein,E,0.444741870740662,0.3372685450718641
PPIB,PPIB,plasma,protein,E,0.4254937198024935,0.7697663295845913
PPIE,PPIE,plasma,protein,E,-0.0255504107042912,0.4710405746388834
PPL,PPL,plasma,protein,E,0.1857115225815993,0.30193141050757
PPM1A,PPM1A,plasma,protein,E,0.0787484259966769,0.3410475818855476
PPM1B,PPM1B,plasma,protein,E,0.3383457330167183,0.5326440499190361
PPM1F,PPM1F,plasma,protein,E,0.3134879420039516,0.46485041461836507
PPME1,PPME1,plasma,protein,E,0.7498538754346412,0.5342443335638672
PPP1CC,PPP1CC,plasma,protein,E,0.2411214510138795,0.6096588843297671
PPP1R12A,PPP1R12A,plasma,protein,E,0.1059037418479117,0.4989142750299715
PPP1R12B,PPP1R12B,plasma,protein,E,0.2172462553232285,0.5905470920137327
PPP1R14A,PPP1R14A,plasma,protein,E,0.4045385103978858,0.9472559457889067
PPP1R14D,PPP1R14D,plasma,protein,E,0.3611966272633424,0.5523590872685535
PPP1R2,PPP1R2,plasma,protein,E,0.5438051421429313,0.6550722805429543
PPP1R9B,PPP1R9B,plasma,protein,E,0.51844304213811,0.7983601781613786
PPP2R5A,PPP2R5A,plasma,protein,E,-0.0312414483968184,0.6880021746951747
PPP3R1,PPP3R1,plasma,protein,E,0.3652123457122191,0.3557441173715554
PPT1,PPT1,plasma,protein,E,0.1416150898340955,0.6772291348239177
PPY,PPY,plasma,protein,E,-0.4867939140741682,0.7108196692628261
PQBP1,PQBP1,plasma,protein,E,0.1654344397169996,0.4135380835396337
PRAME,PRAME,plasma,protein,E,-0.7645703468123327,1.0679850606504548
PRAP1,PRAP1,plasma,protein,E,0.4169818439567788,0.3571267594361616
PRC1,PRC1,plasma,protein,E,0.054828957674619,0.5553232503986102
PRCP,PRCP,plasma,protein,E,-0.0740689798929374,0.1498623025456966
PRDX1,PRDX1,plasma,protein,E,0.1012335563857002,0.4351862588331131
PRDX2,PRDX2,plasma,protein,E,0.222224468495541,0.2731955935706549
PRDX3,PRDX3,plasma,protein,E,0.4732325372715939,0.4127062860709861
PRDX5,PRDX5,plasma,protein,E,0.5454495615391108,0.8373947855920774
PRDX6,PRDX6,plasma,protein,E,0.1359502194649296,0.32421841031242005
PREB,PREB,plasma,protein,E,0.1594680704246408,0.23044417237921022
PRELP,PRELP,plasma,protein,E,-0.1734408519668236,0.1530337438055252
PRG2,PRG2,plasma,protein,E,0.3039437430479795,0.1835818592124865
PRG3,PRG3,plasma,protein,E,-0.2667584609798114,0.45466201467674877
PRKAB1,PRKAB1,plasma,protein,E,0.159787122050125,0.591529047058853
PRKAG3,PRKAG3,plasma,protein,E,0.0981549032204635,0.7967185867661549
PRKAR1A,PRKAR1A,plasma,protein,E,0.3302541552005922,0.8452242175644155
PRKAR2A,PRKAR2A,plasma,protein,E,0.5121205400352248,0.7521277275279598
PRKCQ,PRKCQ,plasma,protein,E,-0.0761955539343266,0.2610940758220258
PRKD2,PRKD2,plasma,protein,E,0.0646552200627393,0.3133886347881148
PRKG1,PRKG1,plasma,protein,E,0.1538827343955599,0.7962346478854222
PRKRA,PRKRA,plasma,protein,E,0.1941134718693765,0.38947717615693983
PRL,PRL,plasma,protein,E,0.294523896946765,0.09059361396536159
PRND,PRND,plasma,protein,E,-0.4244570035724214,0.5340622931433092
PROC,PROC,plasma,protein,E,-0.1118169895332463,0.2745067311559164
PROCR,PROCR,plasma,protein,E,-0.0124660319539553,0.2642696763854662
PROK1,PROK1,plasma,protein,E,0.1386333358032066,0.6242381192589417
PROS1,PROS1,plasma,protein,E,-0.1507019041621208,0.20354967036849428
PRR4,PRR4,plasma,protein,E,0.0548817372470985,0.4749119727046068
PRR5,PRR5,plasma,protein,E,0.3015385557630012,0.5502839271070514
PRRT3,PRRT3,plasma,protein,E,-0.2740838477746688,0.24474926011771964
PRSS2,PRSS2,plasma,protein,E,0.4376395089844092,0.256050539295383
PRSS22,PRSS22,plasma,protein,E,0.4961257845156585,0.7177640212713164
PRSS27,PRSS27,plasma,protein,E,0.0868554436965313,0.1519510735962089
PRSS53,PRSS53,plasma,protein,E,-0.0018814359051822,0.4154323655265541
PRSS8,PRSS8,plasma,protein,E,0.5741462657652968,0.3192815541076731
PRTFDC1,PRTFDC1,plasma,protein,E,0.1306444911394167,0.961716214692676
PRTG,PRTG,plasma,protein,E,0.5761194302199248,0.3635582398428927
PRTN3,PRTN3,plasma,protein,E,0.0451183432297895,0.2493021999595393
PRUNE2,PRUNE2,plasma,protein,E,-0.0091846016954009,0.43219664533549473
PSAP,PSAP,plasma,protein,E,0.4976542171583566,0.17597379609934433
PSAPL1,PSAPL1,plasma,protein,E,0.3417012809995671,0.43200939341294076
PSCA,PSCA,plasma,protein,E,0.9390118704811612,0.8754129918079412
PSIP1,PSIP1,plasma,protein,E,0.1173559153650719,0.5002931692522232
PSMA1,PSMA1,plasma,protein,E,0.1387547916701503,0.5423067457169766
PSMC3,PSMC3,plasma,protein,E,0.0847899662440052,0.4119923933722513
PSMD1,PSMD1,plasma,protein,E,0.2680082040061845,0.880564353526749
PSMD5,PSMD5,plasma,protein,E,0.1810287677885239,0.4057191511644175
PSMD9,PSMD9,plasma,protein,E,0.5394829385175396,0.4392017890000848
PSME1,PSME1,plasma,protein,E,0.4287240713284315,0.13189602781831927
PSME2,PSME2,plasma,protein,E,0.4730968266180412,0.2322261582503914
PSMG3,PSMG3,plasma,protein,E,0.5032001156454214,0.39953462556757935
PSMG4,PSMG4,plasma,protein,E,0.6079948220788961,0.5507047427620603
PSPN,PSPN,plasma,protein,E,0.2271234172302296,0.7938591665577734
PSRC1,PSRC1,plasma,protein,E,0.1687637432323937,0.29800677892867944
PSTPIP2,PSTPIP2,plasma,protein,E,0.4378925514211365,1.3299848685777504
PTEN,PTEN,plasma,protein,E,-0.0725842201146332,0.6249880739503829
PTGDS,PTGDS,plasma,protein,E,0.222969973584204,0.204180511731886
PTGES2,PTGES2,plasma,protein,E,0.1143417734431,0.7757418168199466
PTGR1,PTGR1,plasma,protein,E,-0.0994195996919879,0.6668858875096407
PTH,PTH,plasma,protein,E,0.8682998480073428,0.9831282149902721
PTH1R,PTH1R,plasma,protein,E,0.0834526388718473,0.2116581671108092
PTK7,PTK7,plasma,protein,E,-0.0141709335985171,0.289964700934647
PTN,PTN,plasma,protein,E,0.8825284747930413,0.429841588448713
PTP4A3,PTP4A3,plasma,protein,E,0.0597754206564952,0.630363539294784
PTPN1,PTPN1,plasma,protein,E,0.355279672339042,0.7885717098967325
PTPN6,PTPN6,plasma,protein,E,0.6204588177467443,1.3529395950060366
PTPN9,PTPN9,plasma,protein,E,0.042075998891,0.4281550215599541
PTPRB,PTPRB,plasma,protein,E,0.1063579778731258,0.3032640915393305
PTPRC,PTPRC,plasma,protein,E,-0.0480015969085573,0.21781336268518858
PTPRF,PTPRF,plasma,protein,E,0.6190929865919458,0.19541619555389828
PTPRH,PTPRH,plasma,protein,E,-0.1459899831661468,0.3315809047301145
PTPRN2,PTPRN2,plasma,protein,E,0.230209363499337,0.18236735439826848
PTPRR,PTPRR,plasma,protein,E,0.1668554734780992,0.2665358602201936
PTPRS,PTPRS,plasma,protein,E,-0.0352350039137444,0.1347869468082407
PTPRZ1,PTPRZ1,plasma,protein,E,0.4974662179894383,0.31998457775901384
PTRHD1,PTRHD1,plasma,protein,E,0.6539820034083258,0.6108740711361031
PTS,PTS,plasma,protein,E,0.6255619556538127,0.5493150664339018
PTTG1,PTTG1,plasma,protein,E,0.1174060733177683,0.6981513247388974
PTX3,PTX3,plasma,protein,E,0.420522641152625,0.21594399318981733
PVALB,PVALB,plasma,protein,E,0.305045685952702,0.9485921622812582
PVR,PVR,plasma,protein,E,0.3377327890811098,0.24012827277228072
PXDNL,PXDNL,plasma,protein,E,-0.2003484756440167,0.2888964001854666
PXN,PXN,plasma,protein,E,0.5901613264007625,0.37976522650512834
PYDC1,PYDC1,plasma,protein,E,0.1835015784236824,0.2723973278775318
PYY,PYY,plasma,protein,E,-0.108138943970833,0.6678053953592582
PZP,PZP,plasma,protein,E,0.4171606439419593,0.41697087635486746
QDPR,QDPR,plasma,protein,E,0.2476241756023474,0.2948799419241337
QPCT,QPCT,plasma,protein,E,0.1671960942266945,0.1505624596777142
QSOX1,QSOX1,plasma,protein,E,0.1563929461413621,0.1564104817709552
RAB10,RAB10,plasma,protein,E,0.141313556064248,0.455761857870065
RAB11FIP3,RAB11FIP3,plasma,protein,E,0.3252409354359275,0.9451914879377115
RAB27B,RAB27B,plasma,protein,E,0.3966228777922278,1.4339462024061314
RAB2B,RAB2B,plasma,protein,E,0.2642226345171034,0.678629680056206
RAB33A,RAB33A,plasma,protein,E,-0.0831898475302404,0.752171171431068
RAB37,RAB37,plasma,protein,E,0.5591633785743173,1.3035890229195515
RAB39B,RAB39B,plasma,protein,E,0.1354314625992355,0.5692993743901869
RAB3GAP1,RAB3GAP1,plasma,protein,E,-0.0381923644363321,0.4999191058559857
RAB44,RAB44,plasma,protein,E,0.1456949010276144,0.37385740154473257
RABEP1,RABEP1,plasma,protein,E,0.3216916814688765,0.46371055000218864
RABEPK,RABEPK,plasma,protein,E,0.2658027556590123,0.29187235117041715
RABGAP1L,RABGAP1L,plasma,protein,E,0.369119191558564,0.4376552189377368
RAC3,RAC3,plasma,protein,E,0.0660663138374271,0.1883923180172848
RAD23B,RAD23B,plasma,protein,E,0.2981323055031638,0.47751097967661094
RAD51,RAD51,plasma,protein,E,0.1717940019428966,0.44198585622149156
RALB,RALB,plasma,protein,E,-0.0234225463874568,0.4042934911529982
RALY,RALY,plasma,protein,E,0.2321534921081836,0.38718905155921757
RANBP1,RANBP1,plasma,protein,E,0.7408698631468187,0.4816002874645986
RANBP2,RANBP2,plasma,protein,E,0.0805712538617873,0.2767971328169199
RANGAP1,RANGAP1,plasma,protein,E,-0.1747423620387749,0.2637575248087507
RAP1A,RAP1A,plasma,protein,E,-0.0396851255815412,1.147043331160918
RARRES1,RARRES1,plasma,protein,E,0.0425029031433248,0.32725694963933566
RARRES2,RARRES2,plasma,protein,E,0.1372206250968115,0.3972182592248901
RASA1,RASA1,plasma,protein,E,0.0069200691189259,0.2017922606633941
RASGRF1,RASGRF1,plasma,protein,E,-1.1617221774270756,1.1061907103169364
RASSF2,RASSF2,plasma,protein,E,0.2044543953297471,0.4354667762598241
RBFOX3,RBFOX3,plasma,protein,E,0.3436145584071945,0.2720435943847411
RBKS,RBKS,plasma,protein,E,0.3695326393238561,0.5647832841017
RBM17,RBM17,plasma,protein,E,0.0623575148259598,0.8692941459759123
RBM19,RBM19,plasma,protein,E,-0.0892961746128526,0.580802251716758
RBM25,RBM25,plasma,protein,E,-0.4987931572106073,1.184068592918858
RBP1,RBP1,plasma,protein,E,0.3918637810660465,0.48510384772175474
RBP2,RBP2,plasma,protein,E,0.4337696661179259,0.543372039454697
RBP5,RBP5,plasma,protein,E,0.124146234743026,0.4863075770467382
RBP7,RBP7,plasma,protein,E,0.5387057165371542,0.348819621564052
RBPMS,RBPMS,plasma,protein,E,0.241803741186617,0.5786179888199561
RBPMS2,RBPMS2,plasma,protein,E,-0.0975812770084312,1.4298131263195355
RCC1,RCC1,plasma,protein,E,0.4590603081721186,0.2288919827362471
RCOR1,RCOR1,plasma,protein,E,0.1050604416360324,0.21637430473266678
RECK,RECK,plasma,protein,E,-0.012310226144655,0.21431720448600952
REEP4,REEP4,plasma,protein,E,0.0882715312313648,0.44716792090586976
REG1A,REG1A,plasma,protein,E,0.0803649217685396,0.2119293022282249
REG1B,REG1B,plasma,protein,E,0.1110646632938895,0.3820246578767439
REG3A,REG3A,plasma,protein,E,0.1932696293200177,0.44966491064668423
REG3G,REG3G,plasma,protein,E,-0.1056599312729838,0.3104173941146069
REG4,REG4,plasma,protein,E,0.0637259555430979,0.3793918908087939
RELB,RELB,plasma,protein,E,-0.1394458416216366,0.6144951152919316
RELT,RELT,plasma,protein,E,0.3070962276788904,0.15185922778908678
REN,REN,plasma,protein,E,-0.0127505850034223,0.4087374554072275
REPS1,REPS1,plasma,protein,E,0.1247698451316244,0.5794862773682404
REST,REST,plasma,protein,E,-0.4683507711330148,1.057078810254898
RET,RET,plasma,protein,E,0.2208386481787357,0.09508447699529018
RETN,RETN,plasma,protein,E,0.1463101014690064,0.2560549810987848
REXO2,REXO2,plasma,protein,E,-0.180890633634056,0.4687391809521125
RFC4,RFC4,plasma,protein,E,0.2994776357263943,0.3605770798506762
RGCC,RGCC,plasma,protein,E,0.7670622259029354,1.1739322686431086
RGL2,RGL2,plasma,protein,E,-0.0444242063287049,0.6713519263618812
RGMA,RGMA,plasma,protein,E,0.0001784877724815,0.2290322902579555
RGMB,RGMB,plasma,protein,E,0.1004840750895646,0.1491593752123189
RGS10,RGS10,plasma,protein,E,0.3100141948079569,0.9142996190327364
RGS8,RGS8,plasma,protein,E,-0.0564780532918192,0.3596757498460581
RHOC,RHOC,plasma,protein,E,0.7497842372536674,1.428693225650433
RICTOR,RICTOR,plasma,protein,E,0.0125535803334778,0.6096895948007672
RIDA,RIDA,plasma,protein,E,-0.0007148591299069,0.45322821671185104
RILP,RILP,plasma,protein,E,0.7778117763831818,0.49670288295023446
RILPL2,RILPL2,plasma,protein,E,0.2373370140808532,1.107382959285516
RIPK4,RIPK4,plasma,protein,E,-0.0445040638752652,0.40711103374999763
RLN1,RLN1,plasma,protein,E,-0.165785662849396,0.3121694806251971
RNASE1,RNASE1,plasma,protein,E,0.4251712771608236,0.33379886464938907
RNASE10,RNASE10,plasma,protein,E,0.1562052178114133,0.3657716638998823
RNASE3,RNASE3,plasma,protein,E,0.1640473390467798,0.7290077787091728
RNASE4,RNASE4,plasma,protein,E,0.3570239201540624,0.21289451068227022
RNASE6,RNASE6,plasma,protein,E,0.2412254579452784,0.17486313101225992
RNASEH2A,RNASEH2A,plasma,protein,E,0.4042259298167372,0.4915483344352317
RNASET2,RNASET2,plasma,protein,E,0.1887943592925023,0.12416495646634243
RNF149,RNF149,plasma,protein,E,0.1785825417514166,0.22132911058832
RNF168,RNF168,plasma,protein,E,-0.1314202698725695,0.8537836295025063
RNF31,RNF31,plasma,protein,E,-0.3929061443722926,1.0028733174627096
RNF4,RNF4,plasma,protein,E,0.0588765688162505,0.4356096287375668
RNF41,RNF41,plasma,protein,E,0.4851974702354847,0.6970896806553775
RNF43,RNF43,plasma,protein,E,0.0017793730298477,0.6080004773910396
RNF5,RNF5,plasma,protein,E,0.4293478717572317,0.8518351760464848
ROBO1,ROBO1,plasma,protein,E,0.0081803899265777,0.0996956929885469
ROBO2,ROBO2,plasma,protein,E,0.0154913549263862,0.2165968303712015
ROBO4,ROBO4,plasma,protein,E,-0.0317733739540175,0.1484896172663773
ROR1,ROR1,plasma,protein,E,0.0783444142273145,0.15011014953404
RP2,RP2,plasma,protein,E,0.146075322216607,0.176885187923033
RPA2,RPA2,plasma,protein,E,-0.0376387868319362,0.31555589567670855
RPE,RPE,plasma,protein,E,0.3742541201050807,0.4241961771337993
RPGR,RPGR,plasma,protein,E,-0.1748945850854005,0.5365845705018183
RPL14,RPL14,plasma,protein,E,0.3437702460275363,0.4222387385900851
RPS10,RPS10,plasma,protein,E,-0.0486957854214108,0.3092015455827497
RRAS,RRAS,plasma,protein,E,-0.1088930481581935,0.9630711840863759
RRM2,RRM2,plasma,protein,E,0.1329358629182805,0.5377762281666241
RRM2B,RRM2B,plasma,protein,E,0.2788756366625795,0.4292768412400293
RSPO1,RSPO1,plasma,protein,E,0.3710330613298893,0.1754217780485356
RSPO3,RSPO3,plasma,protein,E,0.0691274819125846,0.20999120053015558
RTBDN,RTBDN,plasma,protein,E,0.0595629613100019,0.21912474340437044
RTKN2,RTKN2,plasma,protein,E,0.15312902224138,0.7411644139710876
RTN4IP1,RTN4IP1,plasma,protein,E,0.2713084995384804,0.9438687557378964
RTN4R,RTN4R,plasma,protein,E,0.1515463724319861,0.1838392553545964
RUVBL1,RUVBL1,plasma,protein,E,-0.1494208424176595,0.6102447448120499
RWDD1,RWDD1,plasma,protein,E,0.6629389602176949,0.6249830199381952
RYR1,RYR1,plasma,protein,E,0.0437194176708115,0.5673994301543102
S100A11,S100A11,plasma,protein,E,0.252434833346719,0.28109778783377504
S100A12,S100A12,plasma,protein,E,-0.0436874303509765,0.5346544142984331
S100A13,S100A13,plasma,protein,E,0.0276791798855238,0.2800465076513394
S100A14,S100A14,plasma,protein,E,0.0614728586183837,0.3943473301889059
S100A16,S100A16,plasma,protein,E,-0.376799338313315,0.717654158598622
S100A3,S100A3,plasma,protein,E,0.0842896227448096,0.1453397649263575
S100A4,S100A4,plasma,protein,E,0.1514174280187216,0.502049094532662
S100G,S100G,plasma,protein,E,0.3785904642672661,0.5064606577593411
S100P,S100P,plasma,protein,E,1.5253748130162397,0.38668203125925826
SAA4,SAA4,plasma,protein,E,-0.0555069512632033,0.19596981189124218
SAFB2,SAFB2,plasma,protein,E,0.2304819280027467,0.2487313188556226
SAG,SAG,plasma,protein,E,0.0836329896727623,0.6291183001635251
SAMD9L,SAMD9L,plasma,protein,E,0.4912397159671362,0.619238240814658
SAP18,SAP18,plasma,protein,E,0.0488588647875232,0.4352290741938165
SARG,SARG,plasma,protein,E,0.7117964914849284,1.061208373643718
SART1,SART1,plasma,protein,E,0.2507739062522855,0.3955344425543526
SAT1,SAT1,plasma,protein,E,0.0212309652594821,0.469443565358619
SAT2,SAT2,plasma,protein,E,0.252623863734371,0.33174644886587623
SATB1,SATB1,plasma,protein,E,0.2851147168036939,0.16213787507128238
SBSN,SBSN,plasma,protein,E,0.0008603546049425,0.17843591641630338
SCAMP3,SCAMP3,plasma,protein,E,0.6032503513926356,0.8885369026890321
SCARA5,SCARA5,plasma,protein,E,0.3372531876755456,0.39436376929229633
SCARB1,SCARB1,plasma,protein,E,0.4143272258679247,0.6266152253948104
SCARB2,SCARB2,plasma,protein,E,0.3058789107501267,0.1770992921968133
SCARF1,SCARF1,plasma,protein,E,0.1224216562923348,0.25256199339077307
SCARF2,SCARF2,plasma,protein,E,0.1413531095685416,0.14452702553936012
SCG2,SCG2,plasma,protein,E,0.2819702494104276,0.28056613237376127
SCG3,SCG3,plasma,protein,E,0.1020236703095046,0.210726751031096
SCGB1A1,SCGB1A1,plasma,protein,E,-0.1820588611290044,0.3300611800543342
SCGB2A2,SCGB2A2,plasma,protein,E,-0.1158072682526956,0.5184487047577703
SCGB3A1,SCGB3A1,plasma,protein,E,0.1062561828891881,0.3100476995020609
SCGB3A2,SCGB3A2,plasma,protein,E,0.4620686260942901,0.44667626324789866
SCGN,SCGN,plasma,protein,E,-0.0862143073954136,0.2939445915292387
SCIN,SCIN,plasma,protein,E,-0.0770898078579535,0.698035915017079
SCLY,SCLY,plasma,protein,E,0.0608108783433261,0.4856222092437703
SCN2A,SCN2A,plasma,protein,E,-0.0808927972271442,0.3729598502236001
SCN2B,SCN2B,plasma,protein,E,0.0152845418186318,0.33027109906089747
SCN3A,SCN3A,plasma,protein,E,0.2191274131023531,0.798117489152716
SCN3B,SCN3B,plasma,protein,E,0.0601124880493126,0.3576364155720131
SCN4B,SCN4B,plasma,protein,E,-0.0396650715978392,0.1694386166571383
SCP2,SCP2,plasma,protein,E,0.0099975802746596,0.5213553704612907
SCPEP1,SCPEP1,plasma,protein,E,0.1075698143377094,0.4103208020361393
SCRG1,SCRG1,plasma,protein,E,0.5929348189002772,0.27670876003306677
SCRIB,SCRIB,plasma,protein,E,0.2785197071671184,0.44826777136342244
SCRN1,SCRN1,plasma,protein,E,0.3640973354833667,0.3871047389970405
SCT,SCT,plasma,protein,E,0.1324752758090091,0.6724203533615895
SDC1,SDC1,plasma,protein,E,1.343512386693726,0.3037116679734404
SDC4,SDC4,plasma,protein,E,0.4555677849068514,0.3815461946817076
SDCCAG8,SDCCAG8,plasma,protein,E,0.6512696538826551,1.4872471572297041
SDHB,SDHB,plasma,protein,E,0.1453594365218562,0.28405739887482684
SDK2,SDK2,plasma,protein,E,0.1821533560506783,0.2166352740248112
SEC31A,SEC31A,plasma,protein,E,0.4931986168913073,0.6399984429712835
SEL1L,SEL1L,plasma,protein,E,0.4253111345946327,0.21170595059276331
SELE,SELE,plasma,protein,E,0.0663322427148098,0.4936115090836359
SELENOP,SELENOP,plasma,protein,E,-0.0338802206268528,0.2965596028009928
SELL,SELL,plasma,protein,E,-0.2636363144287816,0.1825371766687022
SELP,SELP,plasma,protein,E,0.2409759489902215,0.41960405403304923
SELPLG,SELPLG,plasma,protein,E,0.1210700137558299,0.1074162710712496
SEMA3F,SEMA3F,plasma,protein,E,0.104150071442723,0.24160070902063707
SEMA3G,SEMA3G,plasma,protein,E,0.0290194783216053,0.2061227282861774
SEMA4C,SEMA4C,plasma,protein,E,0.5361556855077562,0.34529378730647464
SEMA4D,SEMA4D,plasma,protein,E,-0.1691503626011999,0.22886373440512361
SEMA6C,SEMA6C,plasma,protein,E,0.1638121971701746,0.2924413107924912
SEMA7A,SEMA7A,plasma,protein,E,1.1357730467173486,0.2998916924995242
SEPTIN3,SEPTIN3,plasma,protein,E,-0.042630922799607,0.4589579191711286
SEPTIN7,SEPTIN7,plasma,protein,E,0.1556167072588549,0.6321009861036315
SEPTIN8,SEPTIN8,plasma,protein,E,0.5092390902270367,0.24144534392607087
SEPTIN9,SEPTIN9,plasma,protein,E,0.0200319883201997,0.1629656788128072
SERPINA1,SERPINA1,plasma,protein,E,0.1544228422148239,0.12576241701683408
SERPINA11,SERPINA11,plasma,protein,E,0.0204201873158375,0.2394862299530522
SERPINA12,SERPINA12,plasma,protein,E,-0.0434919207363318,0.6615724363190579
SERPINA3,SERPINA3,plasma,protein,E,-0.0875731917258985,0.1911640188816642
SERPINA4,SERPINA4,plasma,protein,E,0.0813320254057769,0.25101246018258444
SERPINA5,SERPINA5,plasma,protein,E,0.1875871039234539,0.38056823105495696
SERPINA6,SERPINA6,plasma,protein,E,0.2900017538267471,0.28942544529292646
SERPINA7,SERPINA7,plasma,protein,E,0.1906618023211423,0.2448507218211373
SERPINA9,SERPINA9,plasma,protein,E,0.0358213520829645,0.3479058712535664
SERPINB1,SERPINB1,plasma,protein,E,0.3675098201623687,0.5912197182348684
SERPINB5,SERPINB5,plasma,protein,E,-0.2872932315496201,1.8884390533038233
SERPINB6,SERPINB6,plasma,protein,E,0.4509938167145783,0.5923219048906045
SERPINB8,SERPINB8,plasma,protein,E,0.2945015576186805,0.29526835228552833
SERPINB9,SERPINB9,plasma,protein,E,0.3912083526657473,0.4102519634831813
SERPINC1,SERPINC1,plasma,protein,E,-0.0442242311683008,0.1832497471668082
SERPIND1,SERPIND1,plasma,protein,E,0.0103093240201687,0.3252924633900151
SERPINE1,SERPINE1,plasma,protein,E,0.7716837165316023,0.3668043777907108
SERPINE2,SERPINE2,plasma,protein,E,0.1189858571139655,0.4511765444593342
SERPINF1,SERPINF1,plasma,protein,E,0.1379437656403646,0.1993654147119508
SERPINF2,SERPINF2,plasma,protein,E,-0.0391840740388972,0.1618246704390587
SERPING1,SERPING1,plasma,protein,E,-0.0480792418596827,0.2029275001215644
SERPINH1,SERPINH1,plasma,protein,E,-0.0083971206625751,1.410295081284977
SERPINI1,SERPINI1,plasma,protein,E,0.2262881973228291,0.48083690207108754
SERPINI2,SERPINI2,plasma,protein,E,0.1502664219995032,0.42523162221893274
SESTD1,SESTD1,plasma,protein,E,0.0913758237669381,0.5437135886547881
SETMAR,SETMAR,plasma,protein,E,0.2695003915582972,0.3010003580563444
SEZ6,SEZ6,plasma,protein,E,0.3895630866182899,0.492824730112506
SEZ6L,SEZ6L,plasma,protein,E,0.1240050098237222,0.2773786206743259
SEZ6L2,SEZ6L2,plasma,protein,E,-0.0520715032216719,0.1638749439466246
SF3B4,SF3B4,plasma,protein,E,0.0034729303821268,0.6464733525210669
SFRP1,SFRP1,plasma,protein,E,0.4666423576692904,0.6051889973045823
SFRP4,SFRP4,plasma,protein,E,0.1257528053205688,0.2667648282277045
SFTPA1,SFTPA1,plasma,protein,E,0.1001365711502138,0.2602447533945703
SFTPA2,SFTPA2,plasma,protein,E,0.0362050031096636,0.32665816116091295
SFTPD,SFTPD,plasma,protein,E,-0.2221143647727022,0.4017613005901759
SGSH,SGSH,plasma,protein,E,1.257550127026211,0.39829912540988033
SH2B3,SH2B3,plasma,protein,E,0.2942698067849952,0.997679808750566
SH2D1A,SH2D1A,plasma,protein,E,0.3267771371293091,0.31169097295294024
SH3BGRL2,SH3BGRL2,plasma,protein,E,-0.0706414808941637,0.33158098170745876
SH3BP1,SH3BP1,plasma,protein,E,0.006798679100502,0.3344000687406692
SH3GLB2,SH3GLB2,plasma,protein,E,0.6518635786405419,0.4397769292659818
SHBG,SHBG,plasma,protein,E,0.1287550757286612,0.1426857646676867
SHC1,SHC1,plasma,protein,E,-0.9704037724007872,3.262974756359358
SHD,SHD,plasma,protein,E,0.0014710095399873,0.7284540408744531
SHH,SHH,plasma,protein,E,-0.0024921952582776,0.2467523458528773
SHISA5,SHISA5,plasma,protein,E,0.424320107390035,0.10956797510521771
SHMT1,SHMT1,plasma,protein,E,0.4065057393925878,1.074140524264917
SHPK,SHPK,plasma,protein,E,0.2257983975152284,0.44572538994814664
SIAE,SIAE,plasma,protein,E,0.3461097558506208,0.24232445013248402
SIGLEC1,SIGLEC1,plasma,protein,E,0.3932522079515523,0.3189806320965748
SIGLEC10,SIGLEC10,plasma,protein,E,0.0245863537431617,0.1993824582238753
SIGLEC15,SIGLEC15,plasma,protein,E,-0.0042798491806494,0.4616355739368951
SIGLEC5,SIGLEC5,plasma,protein,E,0.1168247745710326,0.8349383989016724
SIGLEC6,SIGLEC6,plasma,protein,E,1.5216235163354044,0.1313658821369028
SIGLEC7,SIGLEC7,plasma,protein,E,0.0502668118246419,0.23945800125834102
SIGLEC8,SIGLEC8,plasma,protein,E,0.2405346974684172,0.39421911817484667
SIGLEC9,SIGLEC9,plasma,protein,E,-0.0019002858560286,0.2598671329368816
SIL1,SIL1,plasma,protein,E,0.6535253974830165,0.3830950845216937
SIRPA,SIRPA,plasma,protein,E,0.0074079404861329,0.2963682660705472
SIRPB1,SIRPB1,plasma,protein,E,0.0919173755174267,0.3835221038399578
SIRT1,SIRT1,plasma,protein,E,-0.00599124819909,0.31001736934818974
SIRT2,SIRT2,plasma,protein,E,0.7139380055988958,0.6935163713026959
SIRT5,SIRT5,plasma,protein,E,-0.1053485858910356,0.5321606692468667
SIT1,SIT1,plasma,protein,E,-0.1831085276843865,0.467940547930424
SKAP1,SKAP1,plasma,protein,E,0.2746056482666976,0.381525505759313
SKAP2,SKAP2,plasma,protein,E,0.399991400020578,1.5135328307306486
SKIV2L,SKIV2L,plasma,protein,E,-0.0673735864535794,0.8861887170418842
SLA2,SLA2,plasma,protein,E,-0.2027059451066454,0.6029521759969607
SLAMF1,SLAMF1,plasma,protein,E,-0.1631117246230101,0.4254305122167474
SLAMF6,SLAMF6,plasma,protein,E,-0.0476685866532809,0.5286735816522267
SLAMF7,SLAMF7,plasma,protein,E,-0.1115717452767294,0.43142673275899523
SLAMF8,SLAMF8,plasma,protein,E,0.0564663012839291,0.288355448768061
SLC12A2,SLC12A2,plasma,protein,E,0.0555855999518343,0.42482616345226276
SLC13A1,SLC13A1,plasma,protein,E,-0.0027208695037074,0.5168259993116668
SLC16A1,SLC16A1,plasma,protein,E,0.3632621730315646,0.3619875341277264
SLC1A4,SLC1A4,plasma,protein,E,-0.0579343304598338,0.9017811273831576
SLC27A4,SLC27A4,plasma,protein,E,0.5478715895995983,0.6569460892444134
SLC28A1,SLC28A1,plasma,protein,E,-0.5755437687590094,1.5406675347811345
SLC34A3,SLC34A3,plasma,protein,E,-1.9216138281379895,3.0194654653815953
SLC39A14,SLC39A14,plasma,protein,E,-0.3111096647613693,0.3661450428638567
SLC39A5,SLC39A5,plasma,protein,E,0.2203005991554019,0.293315181051364
SLC44A4,SLC44A4,plasma,protein,E,0.1062855445541925,1.140223506332534
SLC4A1,SLC4A1,plasma,protein,E,0.8327634079718333,1.1399291417778024
SLC51B,SLC51B,plasma,protein,E,0.3595535968541416,0.5400583403663981
SLC9A3R1,SLC9A3R1,plasma,protein,E,0.3643779924553453,0.5558067796494655
SLIRP,SLIRP,plasma,protein,E,-0.4766154943895756,0.892117817719348
SLIT2,SLIT2,plasma,protein,E,0.0526032436282641,0.33192664248850223
SLITRK1,SLITRK1,plasma,protein,E,-0.2427733129747352,0.3799252434542182
SLITRK2,SLITRK2,plasma,protein,E,0.1781329072002234,0.2506222386404212
SLITRK6,SLITRK6,plasma,protein,E,-0.1088421267811099,0.3030241090492104
SLK,SLK,plasma,protein,E,0.3698654482433816,0.8158504838668816
SLMAP,SLMAP,plasma,protein,E,0.3025896400548826,0.8668019779582576
SLURP1,SLURP1,plasma,protein,E,0.3034986685316775,0.2880323469551693
SMAD1,SMAD1,plasma,protein,E,0.2322412364176499,0.6505256940188711
SMAD2,SMAD2,plasma,protein,E,0.6487084052579276,0.6451832068611898
SMAD3,SMAD3,plasma,protein,E,0.4620026613867274,0.3566165724012155
SMAD5,SMAD5,plasma,protein,E,-0.0204031866291546,0.2121727121120112
SMARCA2,SMARCA2,plasma,protein,E,0.0847526390330942,0.6613854391494001
SMC3,SMC3,plasma,protein,E,-1.2841663549711768,2.0309237355600107
SMNDC1,SMNDC1,plasma,protein,E,0.2006469017286791,0.40739942024011416
SMOC1,SMOC1,plasma,protein,E,0.4981734169912336,0.44231895611493927
SMOC2,SMOC2,plasma,protein,E,0.3128125232393803,0.3288561245826972
SMPD1,SMPD1,plasma,protein,E,0.3620690403285289,0.2573268517127378
SMPD3,SMPD3,plasma,protein,E,0.0739319677141305,0.5326030894402018
SMPDL3A,SMPDL3A,plasma,protein,E,0.319263570551497,0.2568848568309502
SMPDL3B,SMPDL3B,plasma,protein,E,0.088673778890259,0.21155764072748107
SMS,SMS,plasma,protein,E,0.0582764428794259,0.7496540229965434
SMTN,SMTN,plasma,protein,E,0.1831088549162783,0.9839272373254673
SNAP23,SNAP23,plasma,protein,E,0.2289842496487802,1.1993595356951814
SNAP25,SNAP25,plasma,protein,E,-0.0971871206305008,0.1794254495703703
SNAP29,SNAP29,plasma,protein,E,0.5526239275971465,1.1720248135769635
SNCA,SNCA,plasma,protein,E,0.9139395849243138,0.9966199285189333
SNCG,SNCG,plasma,protein,E,0.4979823591785605,0.3516593838915971
SNED1,SNED1,plasma,protein,E,0.0944393197560459,0.4633729043188991
SNRPB2,SNRPB2,plasma,protein,E,0.3048960360068453,0.2667438718904313
SNU13,SNU13,plasma,protein,E,0.0559639971311276,0.2718397683327963
SNX18,SNX18,plasma,protein,E,0.1595148775233577,0.3777836967871977
SNX2,SNX2,plasma,protein,E,0.3699914488895559,0.7389003713787534
SNX5,SNX5,plasma,protein,E,0.0482581681154029,0.2259394255098889
SNX9,SNX9,plasma,protein,E,0.3770941954653396,0.3854002594840588
SOD1,SOD1,plasma,protein,E,0.3789462792350533,0.25039152574370493
SOD2,SOD2,plasma,protein,E,-0.2117829181079031,0.3562151162931806
SOD3,SOD3,plasma,protein,E,0.2697925996205864,0.3690313070384332
SORBS1,SORBS1,plasma,protein,E,0.4634985532959969,0.37333742552028937
SORCS2,SORCS2,plasma,protein,E,0.539720618896291,0.413221463689481
SORD,SORD,plasma,protein,E,0.0350859735724679,0.4171158335286259
SORT1,SORT1,plasma,protein,E,0.4320625794701242,0.25674856919694233
SOST,SOST,plasma,protein,E,-0.0646067456488482,0.29857396880886
SOWAHA,SOWAHA,plasma,protein,E,0.0256195455489173,0.7816377578177877
SOX2,SOX2,plasma,protein,E,-0.0402463311764934,0.4458436974597307
SOX9,SOX9,plasma,protein,E,-0.0730254827388484,0.9642434751924751
SPACA5_SPACA5B,SPACA5_SPACA5B,plasma,protein,E,0.1471644580079777,0.2873525802305375
SPAG1,SPAG1,plasma,protein,E,0.1395443724908816,0.3105657900359866
SPARC,SPARC,plasma,protein,E,0.3489051695691492,0.34053143556602405
SPARCL1,SPARCL1,plasma,protein,E,-0.0034723547618045,0.24596526805429111
SPART,SPART,plasma,protein,E,0.4622086700603998,0.5123198920865449
SPESP1,SPESP1,plasma,protein,E,0.0326668255643871,0.2879237709497849
SPINK1,SPINK1,plasma,protein,E,0.5313000511376502,0.982093087850253
SPINK2,SPINK2,plasma,protein,E,-0.0748562082352806,0.255518035048719
SPINK4,SPINK4,plasma,protein,E,0.0206565188619942,0.4526685877302495
SPINK5,SPINK5,plasma,protein,E,-0.0016164972750237,0.1737874244518435
SPINK6,SPINK6,plasma,protein,E,0.154307785895906,0.2722089982497437
SPINK8,SPINK8,plasma,protein,E,-0.0088008230398517,0.500598808777292
SPINT1,SPINT1,plasma,protein,E,0.8609491131054532,0.28761502261698024
SPINT2,SPINT2,plasma,protein,E,0.5130924742089552,0.4046768030264443
SPINT3,SPINT3,plasma,protein,E,0.1825628537228316,0.41502698987158354
SPOCK1,SPOCK1,plasma,protein,E,0.4134119142867784,0.22979254757821072
SPON1,SPON1,plasma,protein,E,-0.0374566938502495,0.1965058478316251
SPON2,SPON2,plasma,protein,E,0.2263046769474504,0.23621115226721281
SPP1,SPP1,plasma,protein,E,0.6684452254122214,0.3648880061322045
SPRED2,SPRED2,plasma,protein,E,0.0084106314139629,0.3810232683413665
SPRING1,SPRING1,plasma,protein,E,-0.0894151593499971,0.6165584252908862
SPRR1B,SPRR1B,plasma,protein,E,0.0675422402901928,0.3922648738066779
SPRR3,SPRR3,plasma,protein,E,1.1878632350769758,0.7263679522317847
SPRY2,SPRY2,plasma,protein,E,-0.0663357019699409,0.8542469550242368
SPTBN2,SPTBN2,plasma,protein,E,0.082888707729303,0.36575254410421076
SPTLC1,SPTLC1,plasma,protein,E,0.3907004235359,0.2441303729502719
SRC,SRC,plasma,protein,E,0.5205293353914473,1.4517853415209911
SRP14,SRP14,plasma,protein,E,0.4046075940923689,0.3469382345088953
SRPK2,SRPK2,plasma,protein,E,0.1393396208169726,0.24623945265602398
SRPX,SRPX,plasma,protein,E,0.516546052444032,0.39550621018425597
SSB,SSB,plasma,protein,E,0.1259206904923453,0.8441297326652101
SSC4D,SSC4D,plasma,protein,E,0.0424516316878861,0.6691166089507004
SSC5D,SSC5D,plasma,protein,E,-0.0349033561782512,0.2941545715781514
SSH3,SSH3,plasma,protein,E,0.0450340893920453,0.3753399603052303
SSNA1,SSNA1,plasma,protein,E,0.3791141074458461,0.4968782792748559
ST13,ST13,plasma,protein,E,0.3977279051116852,0.34310376784592667
ST3GAL1,ST3GAL1,plasma,protein,E,0.4415991462935975,0.2780792739298335
ST8SIA1,ST8SIA1,plasma,protein,E,0.0247140595974878,0.6073185942157644
STAB2,STAB2,plasma,protein,E,-0.1188119747389782,0.2862818787330169
STAM,STAM,plasma,protein,E,0.0828873499244611,0.5392600494589634
STAMBP,STAMBP,plasma,protein,E,0.4593851334109247,0.5547181648128212
STAT2,STAT2,plasma,protein,E,0.3321336441279351,0.656554790168205
STAT5B,STAT5B,plasma,protein,E,0.7626621241047068,0.9901396460683215
STAU1,STAU1,plasma,protein,E,0.0765141000428566,0.7415360772360327
STC1,STC1,plasma,protein,E,0.5378293814059191,0.46460971601235657
STC2,STC2,plasma,protein,E,-0.5641155908490721,0.39772641778111517
STEAP4,STEAP4,plasma,protein,E,-0.3613330150176908,0.5501726842141083
STIP1,STIP1,plasma,protein,E,0.436247289202017,0.4466310741758748
STK11,STK11,plasma,protein,E,0.3192007874843088,0.7264003488860993
STK4,STK4,plasma,protein,E,0.3158166097877092,1.2004150129627043
STOML2,STOML2,plasma,protein,E,-0.067997180765015,1.3622150799852806
STX16,STX16,plasma,protein,E,0.3157471169827743,1.2137622743208931
STX1B,STX1B,plasma,protein,E,0.1197993174861872,0.6402743702672089
STX3,STX3,plasma,protein,E,0.1103849997602276,0.1554046832286906
STX4,STX4,plasma,protein,E,0.2452563485382994,0.5501450977633311
STX5,STX5,plasma,protein,E,0.0068824049176927,0.6953633328959617
STX6,STX6,plasma,protein,E,0.0869545621067909,0.2824904877273474
STX7,STX7,plasma,protein,E,0.5070893965504547,0.6002028132169595
STX8,STX8,plasma,protein,E,0.3422040466762356,0.4536298251551192
STXBP3,STXBP3,plasma,protein,E,-0.0183057904260827,0.4248031619247916
SUGP1,SUGP1,plasma,protein,E,0.3788032197150993,0.45615841471479085
SUGT1,SUGT1,plasma,protein,E,0.3155951007235527,0.5242438687894179
SULT1A1,SULT1A1,plasma,protein,E,0.8681622714502151,1.8308708962457643
SULT2A1,SULT2A1,plasma,protein,E,0.0411458144044709,0.5021126245206707
SUMF1,SUMF1,plasma,protein,E,0.1070066904597289,0.4115877234966764
SUMF2,SUMF2,plasma,protein,E,0.5807803475468428,0.33879380440257756
SUOX,SUOX,plasma,protein,E,0.2975799333234898,0.6340972588481077
SUSD1,SUSD1,plasma,protein,E,0.0263894205327285,0.810688359923419
SUSD2,SUSD2,plasma,protein,E,0.0234835751028253,0.24765627143829597
SUSD4,SUSD4,plasma,protein,E,0.6884312674663057,0.39375666794743547
SUSD5,SUSD5,plasma,protein,E,-0.1281795420366302,0.18846311068735508
SV2A,SV2A,plasma,protein,E,-0.1009116317139809,0.9712180458334153
SWAP70,SWAP70,plasma,protein,E,0.4390913396723154,0.27127177313101747
SYAP1,SYAP1,plasma,protein,E,0.6619031241682177,0.40212368688828837
SYNGAP1,SYNGAP1,plasma,protein,E,0.1646857700631256,0.7963140570770347
SYT1,SYT1,plasma,protein,E,0.2851943898357353,0.3264648375816254
SYTL4,SYTL4,plasma,protein,E,0.3643431036669975,0.5980114483558263
TAB2,TAB2,plasma,protein,E,0.2141528388566581,1.1579344417710529
TACC3,TACC3,plasma,protein,E,0.5826038582851595,1.2635356595342322
TACSTD2,TACSTD2,plasma,protein,E,0.4266663463555262,0.2904921413973712
TADA3,TADA3,plasma,protein,E,0.0359216858085182,0.8007016414474839
TAFA5,TAFA5,plasma,protein,E,0.24756319808258,0.2707167973611515
TALDO1,TALDO1,plasma,protein,E,0.2694557683111927,0.2324794345601227
TANK,TANK,plasma,protein,E,0.1881542330157934,0.5315346376021571
TAP1,TAP1,plasma,protein,E,0.1294427968167594,0.8212744469733662
TARBP2,TARBP2,plasma,protein,E,0.2402239413155517,0.7913357314841026
TARM1,TARM1,plasma,protein,E,-0.0793332989678908,0.9937180423594087
TARS1,TARS1,plasma,protein,E,0.2489428146505049,0.5328365800927585
TAX1BP1,TAX1BP1,plasma,protein,E,0.2732853112486491,0.7485338942128754
TBC1D17,TBC1D17,plasma,protein,E,0.2960744997535876,0.3432137730856407
TBC1D23,TBC1D23,plasma,protein,E,0.3457367501444572,1.144526055872205
TBC1D5,TBC1D5,plasma,protein,E,0.2171990215975439,1.401517756682944
TBCA,TBCA,plasma,protein,E,0.6552542209702861,0.6919726384128131
TBCB,TBCB,plasma,protein,E,0.4588627200604436,1.4672156608574625
TBCC,TBCC,plasma,protein,E,0.6793889019249463,0.8236687395545421
TBL1X,TBL1X,plasma,protein,E,0.1817503077049985,0.634286711200577
TBR1,TBR1,plasma,protein,E,0.0897513401830168,0.6552787065939222
TCL1A,TCL1A,plasma,protein,E,-0.0795338088742759,0.8466807078390203
TCL1B,TCL1B,plasma,protein,E,0.1721268551435953,0.6659925221866557
TCN1,TCN1,plasma,protein,E,-0.0385414653100106,0.4183486189461305
TCN2,TCN2,plasma,protein,E,0.2093096567161567,0.32580378716008646
TCOF1,TCOF1,plasma,protein,E,0.1769981612855583,0.2824337638554195
TCP11,TCP11,plasma,protein,E,-0.0917090343755653,0.5655340880557351
TCTN3,TCTN3,plasma,protein,E,0.3066454669620617,0.22426160444959048
TDGF1,TDGF1,plasma,protein,E,-2.1632986904057527,1.11263652318743
TDO2,TDO2,plasma,protein,E,0.0010200381869983,0.4674057959812476
TDP1,TDP1,plasma,protein,E,0.2924536684895177,0.3803486954148812
TDRKH,TDRKH,plasma,protein,E,0.2256401692010762,0.46632743320622194
TEF,TEF,plasma,protein,E,-0.0850567716800221,0.5704775416450434
TEK,TEK,plasma,protein,E,-0.0398464838771982,0.2206001247750919
TERF1,TERF1,plasma,protein,E,0.092110018175522,0.3935006595045109
TET2,TET2,plasma,protein,E,0.2453159646098373,0.7766269097726108
TEX101,TEX101,plasma,protein,E,-0.175481496164622,0.8110853802004994
TEX33,TEX33,plasma,protein,E,-0.1331066999386506,0.6166233373629915
TF,TF,plasma,protein,E,0.2766541829137888,0.28102211356106477
TFAP2A,TFAP2A,plasma,protein,E,-0.1466042465884041,0.6998252804092105
TFF1,TFF1,plasma,protein,E,0.2504411177259736,0.3668277580016909
TFF2,TFF2,plasma,protein,E,1.2266930999462229,1.1329561326308002
TFF3,TFF3,plasma,protein,E,0.7932775348895031,0.30226251050863423
TFPI,TFPI,plasma,protein,E,0.2335458660990141,0.27594253976319716
TFPI2,TFPI2,plasma,protein,E,0.4120661551449189,0.21190855762297528
TFRC,TFRC,plasma,protein,E,0.234845725900909,0.3416165917939593
TG,TG,plasma,protein,E,-0.1968173202610819,0.6049147283107831
TGFA,TGFA,plasma,protein,E,0.1724338847729745,0.299635844436055
TGFB1,TGFB1,plasma,protein,E,1.0538717936354325,0.3472199096751717
TGFB2,TGFB2,plasma,protein,E,0.3614477962016642,0.2593136339710779
TGFBI,TGFBI,plasma,protein,E,0.1600063632645635,0.2481004919477929
TGFBR1,TGFBR1,plasma,protein,E,0.8501107510551063,0.6948398421576554
TGFBR2,TGFBR2,plasma,protein,E,0.1203205790251013,0.2704274128929025
TGFBR3,TGFBR3,plasma,protein,E,0.1860738083743692,0.302643224722289
TGM2,TGM2,plasma,protein,E,0.56659054928367,0.660916636663418
TGOLN2,TGOLN2,plasma,protein,E,0.0772971487983141,0.2358327183368057
THAP12,THAP12,plasma,protein,E,0.1120164185275312,1.098452494872956
THBD,THBD,plasma,protein,E,0.1721837115151693,0.1983065774253054
THBS2,THBS2,plasma,protein,E,0.383857313456009,0.2728064388045287
THBS4,THBS4,plasma,protein,E,0.3177965242015965,0.3457386322347262
THOP1,THOP1,plasma,protein,E,0.3411778067843655,0.22800761791988777
THPO,THPO,plasma,protein,E,-0.0217304579535498,0.2671307335093428
THRAP3,THRAP3,plasma,protein,E,0.0771155356313725,0.4080157373774217
THSD1,THSD1,plasma,protein,E,0.0886435258430121,0.4800321540246661
THTPA,THTPA,plasma,protein,E,0.568236051043109,0.5812670111889974
THY1,THY1,plasma,protein,E,0.1713680297517608,0.1826745710377013
TIA1,TIA1,plasma,protein,E,0.0596781266830223,0.5972169429025048
TIE1,TIE1,plasma,protein,E,-0.2785921463054315,0.30453295538851377
TIGAR,TIGAR,plasma,protein,E,-0.0664773261335775,0.4430107439477896
TIGIT,TIGIT,plasma,protein,E,0.0462869090840045,0.4478895793922234
TIMD4,TIMD4,plasma,protein,E,-0.2301837704712118,0.3614095135165323
TIMM10,TIMM10,plasma,protein,E,0.0837597660684179,0.07131776331515571
TIMM8A,TIMM8A,plasma,protein,E,0.0249510000268117,0.185175095436689
TIMP1,TIMP1,plasma,protein,E,0.23111792894872,0.23212623913082428
TIMP2,TIMP2,plasma,protein,E,0.4261835381716948,0.1589273135439408
TIMP3,TIMP3,plasma,protein,E,0.7223574340725368,0.7158997840438203
TIMP4,TIMP4,plasma,protein,E,0.0158047327664677,0.2824966022101368
TINAGL1,TINAGL1,plasma,protein,E,0.504158829067394,0.3732003383375535
TJAP1,TJAP1,plasma,protein,E,0.2436617522389077,0.4455022905071466
TJP3,TJP3,plasma,protein,E,-0.0194087461942076,0.7316783176195268
TK1,TK1,plasma,protein,E,0.1520232291623076,0.5360654871565941
TLR1,TLR1,plasma,protein,E,0.1735315691805064,0.42114450161363515
TLR2,TLR2,plasma,protein,E,0.2016349230042643,0.4956067873318746
TLR3,TLR3,plasma,protein,E,0.5987358236136647,0.29884144660627665
TLR4,TLR4,plasma,protein,E,0.0148074837925977,0.31489452023886155
TMCO5A,TMCO5A,plasma,protein,E,0.0855304743795621,0.8455815174081414
TMED1,TMED1,plasma,protein,E,0.1535814001689767,0.6129661611200224
TMED10,TMED10,plasma,protein,E,-0.1561858213656797,0.6422935325080834
TMED4,TMED4,plasma,protein,E,-0.1339812739447854,0.6096116789395388
TMED8,TMED8,plasma,protein,E,0.2734133821726764,1.1342450368279504
TMEM106A,TMEM106A,plasma,protein,E,0.3718053759091976,0.37583574177869006
TMEM132A,TMEM132A,plasma,protein,E,0.4801181671441429,0.6161973782578049
TMEM25,TMEM25,plasma,protein,E,0.010353268018729,0.1955491238184667
TMOD4,TMOD4,plasma,protein,E,-1.2032396604180648,1.878638963452555
TMPRSS11B,TMPRSS11B,plasma,protein,E,-0.172091248938961,0.5399692841140555
TMPRSS11D,TMPRSS11D,plasma,protein,E,0.2396973686876504,0.2845623045036017
TMPRSS15,TMPRSS15,plasma,protein,E,0.405656338867491,0.6504975655220355
TMPRSS5,TMPRSS5,plasma,protein,E,0.0807631029062844,0.27671947672002417
TMSB10,TMSB10,plasma,protein,E,0.6763717178762507,0.49421422273319293
TNF,TNF,plasma,protein,E,0.1271546504054551,0.18659173156737702
TNFAIP2,TNFAIP2,plasma,protein,E,0.2784714921781524,0.4657316098951304
TNFAIP8,TNFAIP8,plasma,protein,E,-0.0267195271393697,0.5870650859942698
TNFAIP8L2,TNFAIP8L2,plasma,protein,E,0.2426268792715301,0.6052274844336483
TNFRSF10A,TNFRSF10A,plasma,protein,E,0.3932004732285343,0.19867690115377562
TNFRSF10B,TNFRSF10B,plasma,protein,E,0.2773294183561104,0.1318740077557576
TNFRSF10C,TNFRSF10C,plasma,protein,E,-0.0621249621146409,0.3462982593538435
TNFRSF11A,TNFRSF11A,plasma,protein,E,0.3710366999802314,0.36635706148727193
TNFRSF11B,TNFRSF11B,plasma,protein,E,0.6496470604476683,0.2959296085333535
TNFRSF12A,TNFRSF12A,plasma,protein,E,0.6893014083895636,0.40688634466269485
TNFRSF13B,TNFRSF13B,plasma,protein,E,0.181345252597347,0.23046201123208862
TNFRSF13C,TNFRSF13C,plasma,protein,E,0.1453365651455146,0.42394881633625503
TNFRSF14,TNFRSF14,plasma,protein,E,0.0722187604048851,0.21512980315781327
TNFRSF17,TNFRSF17,plasma,protein,E,-0.1458372592716098,0.28898418571991824
TNFRSF19,TNFRSF19,plasma,protein,E,0.4129385029376226,0.21798441527169687
TNFRSF1A,TNFRSF1A,plasma,protein,E,0.2199809354202004,0.20047135097778832
TNFRSF1B,TNFRSF1B,plasma,protein,E,0.0457162027110932,0.2548296266652491
TNFRSF21,TNFRSF21,plasma,protein,E,0.0534593683997534,0.3052024493071919
TNFRSF4,TNFRSF4,plasma,protein,E,-0.0162785393234759,0.1583954713502166
TNFRSF6B,TNFRSF6B,plasma,protein,E,0.1233672390959598,0.2056118625148834
TNFRSF8,TNFRSF8,plasma,protein,E,-0.3320507493559438,0.3096861887372784
TNFRSF9,TNFRSF9,plasma,protein,E,0.1253998369983734,0.2343081012300639
TNFSF10,TNFSF10,plasma,protein,E,-0.0761071679918232,0.1682012257514311
TNFSF11,TNFSF11,plasma,protein,E,-0.2695854898902685,0.35847963353845697
TNFSF12,TNFSF12,plasma,protein,E,-0.1218615228040909,0.154465701280766
TNFSF13,TNFSF13,plasma,protein,E,0.1806643340845843,0.20746555118262608
TNFSF13B,TNFSF13B,plasma,protein,E,0.0478441023665522,0.2271927529953524
TNFSF14,TNFSF14,plasma,protein,E,0.1325530840844296,0.2914440141418604
TNFSF9,TNFSF9,plasma,protein,E,0.2265619673858167,0.4873545535133121
TNIP1,TNIP1,plasma,protein,E,0.5716915744723496,1.1966374619016644
TNN,TNN,plasma,protein,E,0.2187369437777453,0.2833894893659679
TNR,TNR,plasma,protein,E,0.1300541334992709,0.23461999835275188
TNXB,TNXB,plasma,protein,E,-0.0271508601696398,0.2491249670538948
TOM1L2,TOM1L2,plasma,protein,E,0.7392779386189383,1.1873938598078322
TOMM20,TOMM20,plasma,protein,E,0.3402940899030456,0.37630675112241224
TOP1,TOP1,plasma,protein,E,0.2724846588429179,1.021226043473387
TOP1MT,TOP1MT,plasma,protein,E,-0.370682008406469,1.7682688012126746
TOP2B,TOP2B,plasma,protein,E,0.1815133047312819,0.4338466221990871
TOR1AIP1,TOR1AIP1,plasma,protein,E,0.2699821742238033,0.46437607928794167
TP53,TP53,plasma,protein,E,0.1645925109943133,0.46697914835601884
TP53BP1,TP53BP1,plasma,protein,E,0.2423311975552642,0.5784152142024044
TP53I3,TP53I3,plasma,protein,E,0.5055767846130232,0.3713277561493388
TP53INP1,TP53INP1,plasma,protein,E,-0.0280585933734522,0.1425495665413199
TP73,TP73,plasma,protein,E,0.3274545432505021,0.8406053453422495
TPBGL,TPBGL,plasma,protein,E,-0.2192547035702668,0.42255236530296614
TPD52L2,TPD52L2,plasma,protein,E,0.4579884347785438,1.2018938864838336
TPK1,TPK1,plasma,protein,E,0.0855709593972116,0.274229975678008
TPM3,TPM3,plasma,protein,E,0.2724137791718595,0.5385120088553532
TPMT,TPMT,plasma,protein,E,0.1540983063016056,0.3838904850925282
TPP1,TPP1,plasma,protein,E,1.053800737744564,0.299664153939444
TPPP2,TPPP2,plasma,protein,E,0.0493987677465924,1.2763260550556044
TPPP3,TPPP3,plasma,protein,E,0.2123834795963688,0.28751688302890444
TPR,TPR,plasma,protein,E,0.7870878629098695,0.4808638344976994
TPRKB,TPRKB,plasma,protein,E,-0.500523321616649,1.1429360081827027
TPSAB1,TPSAB1,plasma,protein,E,0.0148165292236763,0.34761047988996446
TPSD1,TPSD1,plasma,protein,E,0.140388477514675,0.20159074764019977
TPSG1,TPSG1,plasma,protein,E,0.2223531299730067,0.3477958441881618
TPT1,TPT1,plasma,protein,E,0.4190195902925355,0.8836744396079852
TRAF2,TRAF2,plasma,protein,E,0.5515035873542831,0.5671113778993703
TRAF3,TRAF3,plasma,protein,E,0.1685492701982263,0.3143427704586292
TRAF3IP2,TRAF3IP2,plasma,protein,E,-0.0111391182928462,0.4468122052247622
TRDMT1,TRDMT1,plasma,protein,E,0.181714673972161,0.8223973904893717
TREH,TREH,plasma,protein,E,0.6684495856326846,0.7194576804576995
TREM2,TREM2,plasma,protein,E,0.2521247189073659,0.3532754601192579
TREML1,TREML1,plasma,protein,E,0.5180705837841284,0.7446965291971053
TREML2,TREML2,plasma,protein,E,0.3881531326001916,0.36151098115683755
TRIAP1,TRIAP1,plasma,protein,E,0.163874854900715,0.25999403397751486
TRIM21,TRIM21,plasma,protein,E,0.6214198463489511,0.36966259476657587
TRIM24,TRIM24,plasma,protein,E,0.240074681791422,0.6389941018014865
TRIM25,TRIM25,plasma,protein,E,0.3906744335193035,1.2842493946990354
TRIM26,TRIM26,plasma,protein,E,-0.0843375990168501,0.6287561895031317
TRIM40,TRIM40,plasma,protein,E,-0.1037061076381538,0.849482856936143
TRIM5,TRIM5,plasma,protein,E,0.2440245577050633,0.658000434281416
TRIM58,TRIM58,plasma,protein,E,0.6432534345092906,0.8739676624205297
TRPV3,TRPV3,plasma,protein,E,-0.0620695112777175,0.5725601857996113
TSC22D1,TSC22D1,plasma,protein,E,0.0268384912849235,0.47723129354110577
TSHB,TSHB,plasma,protein,E,0.4151942274875121,0.7340507953703418
TSLP,TSLP,plasma,protein,E,0.0333337530642038,0.8056221248678743
TSPAN1,TSPAN1,plasma,protein,E,0.0045584041975166,0.1081506048658505
TSPAN15,TSPAN15,plasma,protein,E,-0.0833313939650066,0.4971687951342157
TSPAN7,TSPAN7,plasma,protein,E,0.2706762022974815,0.4380677575554177
TSPAN8,TSPAN8,plasma,protein,E,-0.4645497539925509,0.6283167750671699
TSPYL1,TSPYL1,plasma,protein,E,0.1383881665768476,0.3566104831999084
TST,TST,plasma,protein,E,-0.0568049683243334,0.4122797106192671
TTF2,TTF2,plasma,protein,E,0.2142507545694927,1.0244830043772912
TTN,TTN,plasma,protein,E,0.4437954365090398,0.5319276238279546
TTR,TTR,plasma,protein,E,0.0846168952841508,0.27319720026037
TUBB3,TUBB3,plasma,protein,E,0.2508530834809636,0.3376400139445428
TWF2,TWF2,plasma,protein,E,0.3995926622481313,0.914037674174434
TXK,TXK,plasma,protein,E,-0.0016925009176418,0.6496354547911964
TXLNA,TXLNA,plasma,protein,E,0.6691474286200717,0.8434097143485079
TXN,TXN,plasma,protein,E,0.3881914453749383,0.24403997575182743
TXNDC15,TXNDC15,plasma,protein,E,0.2409506477616396,0.13955049711861672
TXNDC5,TXNDC5,plasma,protein,E,0.3725491973564976,0.3671238862758154
TXNDC9,TXNDC9,plasma,protein,E,0.4229063396045563,0.5040050211652016
TXNL1,TXNL1,plasma,protein,E,0.1804151402800358,0.4080610900042392
TXNRD1,TXNRD1,plasma,protein,E,0.3487107790738852,0.3248086575855506
TYMP,TYMP,plasma,protein,E,0.4406950862270675,0.3751024402984224
TYRO3,TYRO3,plasma,protein,E,0.0293545003981393,0.2172932739329509
TYRP1,TYRP1,plasma,protein,E,0.3604056082509299,0.349007414913737
UBAC1,UBAC1,plasma,protein,E,0.4815184172072993,0.2812215147711059
UBE2B,UBE2B,plasma,protein,E,0.2158426133596861,0.2244369247102353
UBE2L6,UBE2L6,plasma,protein,E,0.6105225323945508,0.5420304054766649
UBE2Z,UBE2Z,plasma,protein,E,-0.2608537138577196,0.8748757032909684
UBQLN3,UBQLN3,plasma,protein,E,-0.1102499286210878,0.4169072782243451
UBXN1,UBXN1,plasma,protein,E,0.4542636523698952,0.4624333209373288
UFD1,UFD1,plasma,protein,E,0.3013819866381889,1.3847599838463096
UGDH,UGDH,plasma,protein,E,-0.0062950131756986,0.4788193274295649
UHRF2,UHRF2,plasma,protein,E,0.050265609282738,0.3980001774339183
ULBP2,ULBP2,plasma,protein,E,0.222781308566785,0.29960074680062
UMOD,UMOD,plasma,protein,E,-0.4466105630713632,0.4386912547313767
UNC5D,UNC5D,plasma,protein,E,-0.0331979914621986,0.4487683474164944
UNC79,UNC79,plasma,protein,E,-0.0356813539099869,1.0785397327531026
UNG,UNG,plasma,protein,E,-0.0147652358304968,0.3442383221191558
UPB1,UPB1,plasma,protein,E,0.4042741983200348,1.118730964190581
UPK3A,UPK3A,plasma,protein,E,0.0430229764849939,0.6527934795252922
UPK3BL1,UPK3BL1,plasma,protein,E,-0.0418440276416311,0.9498339200932477
UROD,UROD,plasma,protein,E,0.5547519787532578,0.4026025388509642
USO1,USO1,plasma,protein,E,0.8274918046867699,1.1874346280754768
USP25,USP25,plasma,protein,E,0.5837432894817192,0.6115209382554145
USP28,USP28,plasma,protein,E,0.1761411564835457,0.1749612177876692
USP47,USP47,plasma,protein,E,0.0028415622729678,0.897843143387361
USP8,USP8,plasma,protein,E,0.4211216345188937,0.6339760710968152
VAMP5,VAMP5,plasma,protein,E,0.0031891507954902,0.4902561317943215
VAMP8,VAMP8,plasma,protein,E,0.4422263663443753,0.9717346128987137
VASH1,VASH1,plasma,protein,E,0.3559495576458765,0.5510858211367784
VASN,VASN,plasma,protein,E,-0.2936761586153922,0.1556407900886459
VASP,VASP,plasma,protein,E,0.4355511101365732,0.6789873434206115
VAT1,VAT1,plasma,protein,E,0.1291701845770197,0.13305955262036692
VAV3,VAV3,plasma,protein,E,0.3059543443834051,1.3275481577474926
VCAM1,VCAM1,plasma,protein,E,0.2170778231536141,0.1895848498352031
VCAN,VCAN,plasma,protein,E,0.2223123380109042,0.2438173699678596
VCPKMT,VCPKMT,plasma,protein,E,-0.2719336881181967,1.3673134190278207
VEGFA,VEGFA,plasma,protein,E,0.1100872608545314,0.1581187388059058
VEGFB,VEGFB,plasma,protein,E,0.0742227829676782,0.2839254496626781
VEGFC,VEGFC,plasma,protein,E,0.2397197212160825,0.21864228177374131
VEGFD,VEGFD,plasma,protein,E,-0.0442350724643385,0.3777187856862333
VGF,VGF,plasma,protein,E,0.4749424069308947,0.3630365890043389
VIM,VIM,plasma,protein,E,-0.0022433278422476,0.5292660139022038
VIPR1,VIPR1,plasma,protein,E,0.1382133754192667,0.3903269863608994
VIT,VIT,plasma,protein,E,0.2659217679417731,0.34667922625096426
VMO1,VMO1,plasma,protein,E,0.3929674816005569,0.505659334965107
VNN1,VNN1,plasma,protein,E,0.2233214385913612,0.28031476509438014
VNN2,VNN2,plasma,protein,E,0.2247434965236432,0.2959910226486324
VPS28,VPS28,plasma,protein,E,-0.0394072946011288,0.4227942480004024
VPS37A,VPS37A,plasma,protein,E,0.3394603743347751,0.4698576261354265
VPS4B,VPS4B,plasma,protein,E,0.4090527504609145,1.0124530175290434
VPS53,VPS53,plasma,protein,E,0.3566590075006888,0.5550861006541822
VSIG10,VSIG10,plasma,protein,E,0.4091874344964228,0.3950215501882677
VSIG10L,VSIG10L,plasma,protein,E,0.1903301602663254,0.30912840923767737
VSIG2,VSIG2,plasma,protein,E,0.0975738393868859,0.383772550173099
VSIG4,VSIG4,plasma,protein,E,0.335619344652608,0.22422300438595755
VSIR,VSIR,plasma,protein,E,0.3717609418392571,0.3298152364669119
VSNL1,VSNL1,plasma,protein,E,-0.1615761262296994,0.3389799138416286
VSTM1,VSTM1,plasma,protein,E,-0.2800106716562097,0.5334642714343937
VSTM2B,VSTM2B,plasma,protein,E,-0.2449315781518559,0.276692979808642
VSTM2L,VSTM2L,plasma,protein,E,-0.0100095663083236,0.3968735950241149
VTA1,VTA1,plasma,protein,E,0.679159512407389,0.7706469609317175
VTCN1,VTCN1,plasma,protein,E,0.6022534388055796,0.33330688818832477
VTI1A,VTI1A,plasma,protein,E,0.0939881535574347,0.2015147208626791
VWA1,VWA1,plasma,protein,E,0.592598148274297,0.195773692796547
VWA5A,VWA5A,plasma,protein,E,-0.1219735952301122,1.3171258669813741
VWC2,VWC2,plasma,protein,E,-0.1342110999121908,0.23630459272510101
VWC2L,VWC2L,plasma,protein,E,0.0955416264274441,0.30733370941644467
VWF,VWF,plasma,protein,E,0.6034973328251015,0.3986697932410276
WARS1,WARS1,plasma,protein,E,0.3311764813768055,0.256824254966534
WAS,WAS,plasma,protein,E,0.6438899702727691,1.3094840572830697
WASF1,WASF1,plasma,protein,E,0.2260943607222344,0.714525916542795
WASF3,WASF3,plasma,protein,E,0.0340824652950478,1.4365398083804333
WASHC3,WASHC3,plasma,protein,E,0.2718115621940861,0.41688320182258476
WDR46,WDR46,plasma,protein,E,0.1761485896560374,0.25546224058885303
WFDC1,WFDC1,plasma,protein,E,0.163950319301861,0.1649018184098953
WFDC12,WFDC12,plasma,protein,E,0.4733172046785953,0.40207824448909196
WFDC2,WFDC2,plasma,protein,E,0.4893882015993691,0.40960341493150315
WFIKKN1,WFIKKN1,plasma,protein,E,0.1333145432628143,0.1354538381045787
WFIKKN2,WFIKKN2,plasma,protein,E,0.0380587871230922,0.3411359036937984
WIF1,WIF1,plasma,protein,E,0.2638367607297247,0.25332087941164017
WNT9A,WNT9A,plasma,protein,E,0.1457683580293786,0.26963064763338973
WWP2,WWP2,plasma,protein,E,0.3879698105344764,0.320507405131416
XCL1,XCL1,plasma,protein,E,0.0605791557485539,0.3753623509323645
XG,XG,plasma,protein,E,0.0630631172503336,0.1991988286543233
XIAP,XIAP,plasma,protein,E,0.3206667835545519,0.5035626362323905
XPNPEP2,XPNPEP2,plasma,protein,E,0.2239329522443905,0.6607110590755945
XRCC4,XRCC4,plasma,protein,E,0.1296935613121728,0.3646096085341587
YARS1,YARS1,plasma,protein,E,0.8058139758303626,1.9813725597204261
YES1,YES1,plasma,protein,E,0.4686090465339777,1.0067646473527918
YJU2,YJU2,plasma,protein,E,0.2888922740460625,0.42267841280262614
YOD1,YOD1,plasma,protein,E,0.6412291502838067,0.48491086814492396
YTHDF3,YTHDF3,plasma,protein,E,0.1451596547088856,1.1581479159486145
YWHAQ,YWHAQ,plasma,protein,E,0.2914717083414445,0.3757141664670151
YY1,YY1,plasma,protein,E,0.1413464983625547,0.5016134711831037
ZBP1,ZBP1,plasma,protein,E,0.1660286620356891,0.2642849495720493
ZBTB16,ZBTB16,plasma,protein,E,0.1224386786176286,0.5821760261467229
ZBTB17,ZBTB17,plasma,protein,E,0.0084363644557968,0.1955699082829139
ZCCHC8,ZCCHC8,plasma,protein,E,0.0160939446897182,0.5667096965505626
ZFYVE19,ZFYVE19,plasma,protein,E,0.3916786852880012,0.5295291784948715
ZHX2,ZHX2,plasma,protein,E,0.1130830796655398,0.1705819497454589
ZNF75D,ZNF75D,plasma,protein,E,-0.0910440019960186,0.475495124970026
ZNF830,ZNF830,plasma,protein,E,0.0125548346644901,0.42596496672622997
ZNRD2,ZNRD2,plasma,protein,E,0.3042494247975848,0.614169795087069
ZNRF4,ZNRF4,plasma,protein,E,0.0538573077442632,0.43530955069967214
ZP3,ZP3,plasma,protein,E,0.701967569176133,0.684716340075958
ZP4,ZP4,plasma,protein,E,0.0216377071544862,1.1048233644995933
ZPR1,ZPR1,plasma,protein,E,0.0058245460462994,0.3760835469994104
